collected_at,source,region,childRealTimeBed,childTotalBed,emogCode,emogDesc,emogDstr,emogGrdc2,emogLoca,generalRealTimeBed,generalTotalBed,id,isoRealTimeBed,isoTotalBed,regionCode,updateDate,wholeRealTimeBed,wholeTotalBed
2026-07-25 03:10:22,mediboard,서울특별시,0,0,A1100011,가톨릭대학교여의도성모병원,1120,C,11,14,15,58289697,5,5,11,2026-07-25T03:10:10.005506,19,20
2026-07-25 03:10:22,mediboard,서울특별시,8,8,A1121013,가톨릭대학교은평성모병원,1122,C,11,14,24,58289916,4,4,11,2026-07-25T03:10:10.005506,26,36
2026-07-25 03:10:22,mediboard,서울특별시,3,3,A1100043,강동경희대학교병원,1102,A,11,7,15,58289590,2,5,11,2026-07-25T03:10:10.005506,12,23
2026-07-25 03:10:22,mediboard,서울특별시,2,2,A1100006,강북삼성병원,1123,C,11,4,15,58289910,1,3,11,2026-07-25T03:10:10.005506,7,20
2026-07-25 03:10:22,mediboard,서울특별시,3,4,A1100002,건국대학교병원,1106,C,11,12,20,58289810,3,3,11,2026-07-25T03:10:10.005506,18,27
2026-07-25 03:10:22,mediboard,서울특별시,0,0,A1100039,경찰병원,1118,D,11,2,3,58289815,2,2,11,2026-07-25T03:10:10.005506,4,5
2026-07-25 03:10:22,mediboard,서울특별시,3,3,A1100001,경희대학교병원,1111,C,11,11,15,58289752,4,5,11,2026-07-25T03:10:10.005506,18,23
2026-07-25 03:10:22,mediboard,서울특별시,1,3,A1100014,고려대학교의과대학부속구로병원,1107,A,11,5,29,58289698,5,5,11,2026-07-25T03:10:10.005506,11,37
2026-07-25 03:10:22,mediboard,서울특별시,0,0,A1100026,구로성심병원,1107,D,11,7,9,58289913,1,1,11,2026-07-25T03:10:10.005506,8,10
2026-07-25 03:10:22,mediboard,서울특별시,3,3,A1100052,국립중앙의료원,1124,C,11,246,246,58289861,1235,1236,11,2026-07-25T03:10:10.005506,1484,1485
2026-07-25 03:10:22,mediboard,서울특별시,0,0,A1122033,기쁨병원,1115,D,11,4,4,58289545,1,1,11,2026-07-25T03:10:10.005506,5,5
2026-07-25 03:10:22,mediboard,서울특별시,0,0,A1100048,노원을지대학교병원,1109,C,11,13,17,58289543,4,5,11,2026-07-25T03:10:10.005506,17,22
2026-07-25 03:10:22,mediboard,서울특별시,0,0,A1100044,녹색병원,1125,D,11,2,5,58289860,5,5,11,2026-07-25T03:10:10.005506,7,10
2026-07-25 03:10:22,mediboard,서울특별시,0,0,A1100037,대림성모병원,1120,D,11,6,8,58289701,2,2,11,2026-07-25T03:10:10.005506,8,10
2026-07-25 03:10:22,mediboard,서울특별시,0,0,A1100024,명지성모병원,1120,D,11,8,8,58289541,2,2,11,2026-07-25T03:10:10.005506,10,10
2026-07-25 03:10:22,mediboard,서울특별시,0,0,A1100036,부민병원,1104,D,11,10,10,58289914,1,1,11,2026-07-25T03:10:10.005506,11,11
2026-07-25 03:10:22,mediboard,서울특별시,1,4,A1100010,삼성서울병원,1101,C,11,-3,52,58289811,3,4,11,2026-07-25T03:10:10.005506,1,60
2026-07-25 03:10:22,mediboard,서울특별시,0,0,A1100021,삼육서울병원,1111,C,11,10,13,58289812,6,7,11,2026-07-25T03:10:10.005506,16,20
2026-07-25 03:10:22,mediboard,서울특별시,10,12,A1100017,서울대학교병원,1123,A,11,-2,24,58289540,6,8,11,2026-07-25T03:10:10.005506,12,42
2026-07-25 03:10:22,mediboard,서울특별시,0,0,A1100050,서울성심병원,1111,D,11,17,17,58289816,3,3,11,2026-07-25T03:10:10.005506,20,20
2026-07-25 03:10:22,mediboard,서울특별시,0,0,A1100029,서울적십자병원,1123,D,11,9,10,58289644,1,1,11,2026-07-25T03:10:10.005506,10,11
2026-07-25 03:10:22,mediboard,서울특별시,0,0,A1100022,서울특별시동부병원,1111,D,11,8,8,58289587,2,2,11,2026-07-25T03:10:10.005506,10,10
2026-07-25 03:10:22,mediboard,서울특별시,3,3,A1100040,서울특별시보라매병원,1112,C,11,24,31,58289645,2,3,11,2026-07-25T03:10:10.005506,29,37
2026-07-25 03:10:22,mediboard,서울특별시,0,0,A1100223,서울특별시서남병원,1119,D,11,17,17,58289591,3,3,11,2026-07-25T03:10:10.005506,20,20
2026-07-25 03:10:22,mediboard,서울특별시,0,3,A1100035,서울특별시서울의료원,1125,A,11,6,19,58289814,5,5,11,2026-07-25T03:10:10.005506,11,27
2026-07-25 03:10:22,mediboard,서울특별시,0,0,A1100028,성심의료재단강동성심병원,1102,C,11,7,15,58289813,8,9,11,2026-07-25T03:10:10.005506,15,24
2026-07-25 03:10:22,mediboard,서울특별시,0,0,A1100054,성애의료재단성애병원,1120,C,11,14,15,58289862,5,11,11,2026-07-25T03:10:10.005506,19,26
2026-07-25 03:10:22,mediboard,서울특별시,0,0,A1100032,세란병원,1123,D,11,10,10,58289700,1,1,11,2026-07-25T03:10:10.005506,11,11
2026-07-25 03:10:22,mediboard,서울특별시,4,4,A1100004,순천향대학교부속서울병원,1121,C,11,18,20,58289696,3,3,11,2026-07-25T03:10:10.005506,25,27
2026-07-25 03:10:22,mediboard,서울특별시,0,0,A1100045,씨엠병원,1120,D,11,9,9,58289756,1,1,11,2026-07-25T03:10:10.005506,10,10
2026-07-25 03:10:22,mediboard,서울특별시,2,2,A1100015,연세대학교의과대학강남세브란스병원,1101,C,11,3,21,58289912,3,3,11,2026-07-25T03:10:10.005506,8,26
2026-07-25 03:10:22,mediboard,서울특별시,4,10,A1100007,연세대학교의과대학세브란스병원,1114,C,11,2,39,58289857,5,6,11,2026-07-25T03:10:10.005506,10,53
2026-07-25 03:10:22,mediboard,서울특별시,0,0,A1100025,의료법인동신의료재단동신병원,1114,D,11,9,9,58289859,1,1,11,2026-07-25T03:10:10.005506,10,10
2026-07-25 03:10:22,mediboard,서울특별시,0,0,A1100041,의료법인서울효천의료재단에이치플러스양지병원,1105,C,11,17,18,58289589,3,3,11,2026-07-25T03:10:10.005506,20,21
2026-07-25 03:10:22,mediboard,서울특별시,0,0,A1100023,의료법인청구성심병원,1122,D,11,10,10,58289588,1,1,11,2026-07-25T03:10:10.005506,11,11
2026-07-25 03:10:22,mediboard,서울특별시,0,0,A1100075,의료법인풍산의료재단동부제일병원,1125,D,11,7,7,58289544,1,1,11,2026-07-25T03:10:10.005506,8,8
2026-07-25 03:10:22,mediboard,서울특별시,2,2,A1100020,의료법인한전의료재단한일병원,1110,C,11,17,21,58289755,4,4,11,2026-07-25T03:10:10.005506,23,27
2026-07-25 03:10:22,mediboard,서울특별시,8,8,A1100005,이화여자대학교의과대학부속목동병원,1119,A,11,11,19,58289856,5,6,11,2026-07-25T03:10:10.005506,24,33
2026-07-25 03:10:22,mediboard,서울특별시,8,9,A1120796,이화여자대학교의과대학부속서울병원,1104,C,11,4,14,58289817,7,8,11,2026-07-25T03:10:10.005506,19,31
2026-07-25 03:10:22,mediboard,서울특별시,0,0,A1100016,인제대학교상계백병원,1109,C,11,12,16,58289858,5,7,11,2026-07-25T03:10:10.005506,17,23
2026-07-25 03:10:22,mediboard,서울특별시,9,14,A1100009,재단법인아산사회복지재단서울아산병원,1118,C,11,15,36,58289754,14,26,11,2026-07-25T03:10:10.005506,36,73
2026-07-25 03:10:22,mediboard,서울특별시,2,4,A1100003,중앙대학교병원,1112,C,11,9,18,58289695,0,0,11,2026-07-25T03:10:10.005506,11,22
2026-07-25 03:10:22,mediboard,서울특별시,8,9,A1100012,학교법인가톨릭학원가톨릭대학교서울성모병원,1115,C,11,-6,28,58289643,4,8,11,2026-07-25T03:10:10.005506,4,43
2026-07-25 03:10:22,mediboard,서울특별시,4,4,A1100008,학교법인고려중앙학원고려대학교의과대학부속병원(안암병원),1117,A,11,7,30,58289753,7,9,11,2026-07-25T03:10:10.005506,18,43
2026-07-25 03:10:22,mediboard,서울특별시,0,0,A1100053,한국보훈복지의료공단중앙보훈병원,1102,C,11,18,22,58289702,3,3,11,2026-07-25T03:10:10.005506,21,25
2026-07-25 03:10:22,mediboard,서울특별시,0,0,A1100027,한국원자력의학원원자력병원,1109,D,11,9,9,58289542,3,3,11,2026-07-25T03:10:10.005506,12,12
2026-07-25 03:10:22,mediboard,서울특별시,3,3,A1100055,한림대학교강남성심병원,1120,C,11,14,20,58289758,5,5,11,2026-07-25T03:10:10.005506,22,28
2026-07-25 03:10:22,mediboard,서울특별시,2,3,A1100013,한양대학교병원,1116,A,11,18,20,58289911,10,12,11,2026-07-25T03:10:10.005506,30,35
2026-07-25 03:10:22,mediboard,서울특별시,0,0,A1100051,혜민병원,1106,D,11,9,9,58289757,1,1,11,2026-07-25T03:10:10.005506,10,10
2026-07-25 03:10:22,mediboard,서울특별시,0,0,A1100019,홍익병원,1119,D,11,6,9,58289699,1,1,11,2026-07-25T03:10:10.005506,7,10
2026-07-25 03:10:22,mediboard,서울특별시,0,0,A1100049,희명병원,1108,D,11,10,10,58289915,1,1,11,2026-07-25T03:10:10.005506,11,11
2026-07-25 03:10:22,mediboard,부산광역시,0,0,A1200028,(의)서일의료재단기장병원,1203,D,12,7,9,58289819,1,1,12,2026-07-25T03:10:10.005506,8,10
2026-07-25 03:10:22,mediboard,부산광역시,0,0,A1200004,고신대학교복음병원,1211,C,12,14,25,58289592,5,5,12,2026-07-25T03:10:10.005506,19,30
2026-07-25 03:10:22,mediboard,부산광역시,0,0,A1200045,구포성심병원,1208,D,12,8,9,58289650,1,1,12,2026-07-25T03:10:10.005506,9,10
2026-07-25 03:10:22,mediboard,부산광역시,3,3,A1200018,대동병원,1206,C,12,10,15,58289705,3,3,12,2026-07-25T03:10:10.005506,16,21
2026-07-25 03:10:22,mediboard,부산광역시,0,0,A1200015,동남권원자력의학원원자력병원,1203,D,12,7,9,58289762,1,1,12,2026-07-25T03:10:10.005506,8,10
2026-07-25 03:10:22,mediboard,부산광역시,0,0,A1200011,동래봉생병원,1206,D,12,3,8,58289865,2,2,12,2026-07-25T03:10:10.005506,5,10
2026-07-25 03:10:22,mediboard,부산광역시,3,3,A1200003,동아대학교병원,1211,A,12,24,26,58289917,8,8,12,2026-07-25T03:10:10.005506,35,37
2026-07-25 03:10:22,mediboard,부산광역시,0,0,A1200024,부산광역시의료원,1213,D,12,17,18,58289867,2,8,12,2026-07-25T03:10:10.005506,19,26
2026-07-25 03:10:22,mediboard,부산광역시,3,3,A1200002,부산대학교병원,1211,C,12,19,19,58289546,3,3,12,2026-07-25T03:10:10.005506,25,25
2026-07-25 03:10:22,mediboard,부산광역시,4,4,A1200013,부산성모병원(재단법인 천주교부산교구유지재단),1204,D,12,10,10,58289761,5,5,12,2026-07-25T03:10:10.005506,19,19
2026-07-25 03:10:22,mediboard,부산광역시,0,0,A1200007,비에이치에스한서병원,1212,C,12,15,17,58289760,3,3,12,2026-07-25T03:10:10.005506,18,20
2026-07-25 03:10:22,mediboard,부산광역시,0,0,A1200021,삼육부산병원,1211,D,12,7,9,58289648,1,1,12,2026-07-25T03:10:10.005506,8,10
2026-07-25 03:10:22,mediboard,부산광역시,0,0,A1200014,영도병원,1214,D,12,5,7,58289647,2,2,12,2026-07-25T03:10:10.005506,7,9
2026-07-25 03:10:22,mediboard,부산광역시,0,0,A1200009,의료법인 광혜의료재단 광혜병원,1206,D,12,8,9,58289864,3,3,12,2026-07-25T03:10:10.005506,11,12
2026-07-25 03:10:22,mediboard,부산광역시,0,0,A1200098,의료법인 센텀의료재단 센텀종합병원,1212,D,12,4,9,58289763,1,1,12,2026-07-25T03:10:10.005506,5,10
2026-07-25 03:10:22,mediboard,부산광역시,0,0,A1200020,의료법인 온그룹의료재단 온병원,1207,C,12,19,20,58289547,3,3,12,2026-07-25T03:10:10.005506,22,23
2026-07-25 03:10:22,mediboard,부산광역시,0,0,A1200008,의료법인 은성의료재단 좋은강안병원,1212,D,12,15,18,58289703,3,3,12,2026-07-25T03:10:10.005506,18,21
2026-07-25 03:10:22,mediboard,부산광역시,1,1,A1200005,의료법인 은성의료재단 좋은삼선병원,1209,C,12,12,13,58289646,6,6,12,2026-07-25T03:10:10.005506,19,20
2026-07-25 03:10:22,mediboard,부산광역시,0,0,A1200006,의료법인 인당의료재단 부민병원,1208,D,12,7,10,58289863,2,2,12,2026-07-25T03:10:10.005506,9,12
2026-07-25 03:10:22,mediboard,부산광역시,0,0,A1205143,의료법인 인당의료재단 해운대부민병원,1216,D,12,8,9,58289820,1,1,12,2026-07-25T03:10:10.005506,9,10
2026-07-25 03:10:22,mediboard,부산광역시,0,0,A1200012,의료법인 행도의료재단 해동병원,1214,D,12,6,6,58289593,1,1,12,2026-07-25T03:10:10.005506,7,7
2026-07-25 03:10:22,mediboard,부산광역시,0,0,A1200017,의료법인정화의료재단 봉생기념병원,1205,D,12,6,9,58289704,2,2,12,2026-07-25T03:10:10.005506,8,11
2026-07-25 03:10:22,mediboard,부산광역시,-3,3,A1200022,인제대학교 해운대백병원,1216,A,12,20,29,58289818,5,5,12,2026-07-25T03:10:10.005506,22,37
2026-07-25 03:10:22,mediboard,부산광역시,0,0,A1200001,인제대학교부산백병원,1207,C,12,12,18,58289759,3,3,12,2026-07-25T03:10:10.005506,15,21
2026-07-25 03:10:22,mediboard,부산광역시,0,0,A1200023,재단법인천주교부산교구유지재단 메리놀병원,1215,D,12,9,9,58289649,1,1,12,2026-07-25T03:10:10.005506,10,10
2026-07-25 03:10:22,mediboard,부산광역시,2,2,A1200026,좋은문화병원,1205,D,12,4,7,58289549,3,3,12,2026-07-25T03:10:10.005506,9,12
2026-07-25 03:10:22,mediboard,부산광역시,0,0,A1200025,학교법인 춘해병원,1207,D,12,8,9,58289548,1,1,12,2026-07-25T03:10:10.005506,9,10
2026-07-25 03:10:22,mediboard,부산광역시,0,0,A1200019,학교법인)동의병원,1207,D,12,13,14,58289594,1,1,12,2026-07-25T03:10:10.005506,14,15
2026-07-25 03:10:22,mediboard,부산광역시,0,0,A1200016,한국보훈복지의료공단 부산보훈병원,1209,D,12,11,11,58289866,2,2,12,2026-07-25T03:10:10.005506,13,13
2026-07-25 03:10:22,mediboard,인천광역시,0,0,A1300081,(재)미리내천주성삼성직수도회천주성삼병원,1307,D,13,6,9,58289765,1,2,13,2026-07-25T03:10:10.005506,7,11
2026-07-25 03:10:22,mediboard,인천광역시,0,0,A1300018,강남종합병원,1304,D,13,15,15,58289872,1,1,13,2026-07-25T03:10:10.005506,16,16
2026-07-25 03:10:22,mediboard,인천광역시,4,4,A1300002,경북대학교병원,1308,A,13,19,27,58289868,4,5,13,2026-07-25T03:10:10.005506,27,36
2026-07-25 03:10:22,mediboard,인천광역시,0,0,A1303386,계명대학교대구동산병원,1308,D,13,11,12,58289596,2,2,13,2026-07-25T03:10:10.005506,13,14
2026-07-25 03:10:22,mediboard,인천광역시,0,0,A1300003,계명대학교동산병원,1302,C,13,10,23,58289550,3,3,13,2026-07-25T03:10:10.005506,13,26
2026-07-25 03:10:22,mediboard,인천광역시,0,0,A1300008,곽병원,1308,D,13,6,10,58289871,2,2,13,2026-07-25T03:10:10.005506,8,12
2026-07-25 03:10:22,mediboard,인천광역시,0,0,A1300038,나사렛종합병원,1302,D,13,6,9,58289918,2,10,13,2026-07-25T03:10:10.005506,8,19
2026-07-25 03:10:22,mediboard,인천광역시,0,0,A1300004,대구가톨릭대학교병원,1301,C,13,15,24,58289652,4,4,13,2026-07-25T03:10:10.005506,19,28
2026-07-25 03:10:22,mediboard,인천광역시,0,0,A1300005,대구가톨릭대학교칠곡가톨릭병원,1305,D,13,6,9,58289869,1,1,13,2026-07-25T03:10:10.005506,7,10
2026-07-25 03:10:22,mediboard,인천광역시,0,0,A1300076,대구굿모닝병원,1306,D,13,15,17,58289873,2,2,13,2026-07-25T03:10:10.005506,17,19
2026-07-25 03:10:22,mediboard,인천광역시,0,0,A1300007,대구의료원,1306,D,13,17,18,58289870,2,2,13,2026-07-25T03:10:10.005506,19,20
2026-07-25 03:10:22,mediboard,인천광역시,5,5,A1300009,대구파티마병원,1304,C,13,12,25,58289653,7,7,13,2026-07-25T03:10:10.005506,24,37
2026-07-25 03:10:22,mediboard,인천광역시,0,0,A1300110,더블유병원,1302,D,13,10,10,58289706,1,1,13,2026-07-25T03:10:10.005506,11,11
2026-07-25 03:10:22,mediboard,인천광역시,0,0,A1300034,드림종합병원,1301,D,13,7,8,58289764,2,2,13,2026-07-25T03:10:10.005506,9,10
2026-07-25 03:10:22,mediboard,인천광역시,0,0,A1300045,삼일병원,1302,D,13,9,14,58289655,1,1,13,2026-07-25T03:10:10.005506,10,15
2026-07-25 03:10:22,mediboard,인천광역시,3,3,A1300001,영남대학교병원,1301,A,13,19,28,58289651,5,5,13,2026-07-25T03:10:10.005506,27,36
2026-07-25 03:10:22,mediboard,인천광역시,0,0,A1300006,의료법인구의료재단구병원,1302,D,13,8,10,58289595,1,1,13,2026-07-25T03:10:10.005506,9,11
2026-07-25 03:10:22,mediboard,인천광역시,5,9,A1300010,칠곡경북대학교병원,1305,C,13,10,23,58289821,5,6,13,2026-07-25T03:10:10.005506,18,36
2026-07-25 03:10:22,mediboard,인천광역시,0,0,A1300011,한국보훈복지의료공단대구보훈병원,1302,D,13,12,12,58289654,2,2,13,2026-07-25T03:10:10.005506,14,14
2026-07-25 03:10:22,mediboard,대구광역시,0,0,A1400008,(의)성세의료재단 뉴성민병원,1407,D,14,9,9,58289598,1,1,14,2026-07-25T03:10:10.005506,10,10
2026-07-25 03:10:22,mediboard,대구광역시,3,3,A1400015,가톨릭관동대학교국제성모병원,1407,C,14,15,23,58289709,5,5,14,2026-07-25T03:10:10.005506,23,31
2026-07-25 03:10:22,mediboard,대구광역시,4,4,A1400012,가톨릭대학교 인천성모병원,1406,C,14,9,19,58289823,7,8,14,2026-07-25T03:10:10.005506,20,31
2026-07-25 03:10:22,mediboard,대구광역시,0,0,A1400010,검단탑병원,1407,C,14,16,18,58289551,3,3,14,2026-07-25T03:10:10.005506,19,21
2026-07-25 03:10:22,mediboard,대구광역시,0,0,A1403617,비에스종합병원,1401,D,14,9,10,58289768,1,1,14,2026-07-25T03:10:10.005506,10,11
2026-07-25 03:10:22,mediboard,대구광역시,0,0,A1400013,안은의료재단 부평세림병원,1406,C,14,15,16,58289708,4,4,14,2026-07-25T03:10:10.005506,19,20
2026-07-25 03:10:22,mediboard,대구광역시,0,0,A1400005,온누리병원,1407,D,14,9,9,58289822,2,2,14,2026-07-25T03:10:10.005506,11,11
2026-07-25 03:10:22,mediboard,대구광역시,8,11,A1400001,의료법인 길의료재단 길병원,1404,A,14,8,25,58289874,5,7,14,2026-07-25T03:10:10.005506,19,41
2026-07-25 03:10:22,mediboard,대구광역시,0,0,A1400011,의료법인 나사렛의료재단 나사렛국제병원,1408,C,14,14,17,58289552,3,5,14,2026-07-25T03:10:10.005506,17,22
2026-07-25 03:10:22,mediboard,대구광역시,0,0,A1400003,의료법인 루가의료재단 나은병원,1407,C,14,11,11,58289597,10,10,14,2026-07-25T03:10:10.005506,21,21
2026-07-25 03:10:22,mediboard,대구광역시,0,0,A1400007,의료법인 성수의료재단 인천백병원,1405,D,14,5,5,58289707,1,1,14,2026-07-25T03:10:10.005506,6,6
2026-07-25 03:10:22,mediboard,대구광역시,0,0,A1400014,의료법인인성의료재단한림병원,1402,C,14,14,17,58289824,4,4,14,2026-07-25T03:10:10.005506,18,21
2026-07-25 03:10:22,mediboard,대구광역시,0,0,A1400017,인천광역시의료원,1405,D,14,13,15,58289600,2,2,14,2026-07-25T03:10:10.005506,15,17
2026-07-25 03:10:22,mediboard,대구광역시,0,0,A1400037,인천광역시의료원백령병원,1409,D,14,5,5,58289711,1,1,14,2026-07-25T03:10:10.005506,6,6
2026-07-25 03:10:22,mediboard,대구광역시,0,0,A1400009,인천기독병원,1410,D,14,8,8,58289599,1,1,14,2026-07-25T03:10:10.005506,9,9
2026-07-25 03:10:22,mediboard,대구광역시,0,0,A1400016,인천사랑병원,1403,C,14,10,14,58289766,7,7,14,2026-07-25T03:10:10.005506,17,21
2026-07-25 03:10:22,mediboard,대구광역시,0,0,A1403372,인천세종병원,1402,C,14,15,18,58289767,3,3,14,2026-07-25T03:10:10.005506,18,21
2026-07-25 03:10:22,mediboard,대구광역시,0,0,A1400018,인천적십자병원,1408,D,14,8,8,58289710,2,2,14,2026-07-25T03:10:10.005506,10,10
2026-07-25 03:10:22,mediboard,대구광역시,0,0,A1403871,인천힘찬종합병원,1404,D,14,15,17,58289825,3,6,14,2026-07-25T03:10:10.005506,18,23
2026-07-25 03:10:22,mediboard,대구광역시,8,9,A1400002,인하대학교의과대학부속병원,1410,A,14,7,20,58289656,9,9,14,2026-07-25T03:10:10.005506,22,36
2026-07-25 03:10:22,mediboard,대구광역시,0,0,A1400004,현대유비스병원,1403,D,14,18,18,58289875,1,1,14,2026-07-25T03:10:10.005506,19,19
2026-07-25 03:10:22,mediboard,광주광역시,5,7,A1500019,KS병원,1501,C,15,11,15,58289826,3,3,15,2026-07-25T03:10:10.005506,19,25
2026-07-25 03:10:22,mediboard,광주광역시,0,0,A1500021,광주기독병원,1502,C,15,12,20,58289827,3,6,15,2026-07-25T03:10:10.005506,15,26
2026-07-25 03:10:22,mediboard,광주광역시,0,0,A1500015,광주병원,1504,D,15,10,10,58289555,1,1,15,2026-07-25T03:10:10.005506,11,11
2026-07-25 03:10:22,mediboard,광주광역시,0,0,A1500004,광주보훈병원,1501,D,15,13,14,58289657,2,2,15,2026-07-25T03:10:10.005506,15,16
2026-07-25 03:10:22,mediboard,광주광역시,0,0,A1502007,광주센트럴병원,1501,D,15,8,10,58289879,1,1,15,2026-07-25T03:10:10.005506,9,11
2026-07-25 03:10:22,mediboard,광주광역시,0,0,A1500018,광주수완병원,1501,D,15,9,9,58289556,0,1,15,2026-07-25T03:10:10.005506,9,10
2026-07-25 03:10:22,mediboard,광주광역시,0,0,A1500009,광주씨티병원,1502,D,15,9,10,58289553,1,1,15,2026-07-25T03:10:10.005506,10,11
2026-07-25 03:10:22,mediboard,광주광역시,0,0,A1500005,광주일곡병원,1504,D,15,9,9,58289919,1,1,15,2026-07-25T03:10:10.005506,10,10
2026-07-25 03:10:22,mediboard,광주광역시,0,0,A1500016,광주한국병원,1505,D,15,12,15,58289771,1,1,15,2026-07-25T03:10:10.005506,13,16
2026-07-25 03:10:22,mediboard,광주광역시,0,0,A1500003,광주현대병원,1504,D,15,8,9,58289769,2,2,15,2026-07-25T03:10:10.005506,10,11
2026-07-25 03:10:22,mediboard,광주광역시,0,0,A1500007,광주희망병원,1504,D,15,8,9,58289601,1,1,15,2026-07-25T03:10:10.005506,9,10
2026-07-25 03:10:22,mediboard,광주광역시,0,0,A1500013,동아병원,1502,D,15,0,9,58289554,1,1,15,2026-07-25T03:10:10.005506,1,10
2026-07-25 03:10:22,mediboard,광주광역시,0,0,A1500014,미래로21병원,1505,D,15,9,9,58289770,1,1,15,2026-07-25T03:10:10.005506,10,10
2026-07-25 03:10:22,mediboard,광주광역시,0,0,A1500022,상무병원,1505,D,15,9,9,58289878,1,1,15,2026-07-25T03:10:10.005506,10,10
2026-07-25 03:10:22,mediboard,광주광역시,2,2,A1500020,서광병원,1505,C,15,17,18,58289922,3,3,15,2026-07-25T03:10:10.005506,22,23
2026-07-25 03:10:22,mediboard,광주광역시,0,0,A1500006,신가병원,1501,D,15,9,9,58289920,2,2,15,2026-07-25T03:10:10.005506,11,11
2026-07-25 03:10:22,mediboard,광주광역시,0,0,A1500010,운암한국병원,1504,D,15,8,9,58289877,1,1,15,2026-07-25T03:10:10.005506,9,10
2026-07-25 03:10:22,mediboard,광주광역시,2,4,A1500002,전남대학교병원,1503,A,15,13,28,58289876,5,7,15,2026-07-25T03:10:10.005506,20,39
2026-07-25 03:10:22,mediboard,광주광역시,4,4,A1500001,조선대학교병원,1503,A,15,19,23,58289712,4,5,15,2026-07-25T03:10:10.005506,27,32
2026-07-25 03:10:22,mediboard,광주광역시,0,0,A1500011,첨단종합병원,1501,C,15,19,22,58289921,3,3,15,2026-07-25T03:10:10.005506,22,25
2026-07-25 03:10:22,mediboard,광주광역시,0,0,A1500017,하남성심병원,1501,D,15,19,19,58289713,1,2,15,2026-07-25T03:10:10.005506,20,21
2026-07-25 03:10:22,mediboard,대전광역시,0,0,A1600004,대전보훈병원,1601,D,16,7,7,58289557,2,2,16,2026-07-25T03:10:10.005506,9,9
2026-07-25 03:10:22,mediboard,대전광역시,0,0,A1600003,대전한국병원,1602,D,16,8,9,58289714,1,1,16,2026-07-25T03:10:10.005506,9,10
2026-07-25 03:10:22,mediboard,대전광역시,0,0,A1602246,대청병원,1603,D,16,9,9,58289828,1,1,16,2026-07-25T03:10:10.005506,10,10
2026-07-25 03:10:22,mediboard,대전광역시,0,0,A1600008,의료법인영훈의료재단대전선병원,1605,C,16,15,17,58289715,4,9,16,2026-07-25T03:10:10.005506,19,26
2026-07-25 03:10:22,mediboard,대전광역시,0,0,A1600007,의료법인영훈의료재단유성선병원,1604,C,16,11,17,58289603,3,7,16,2026-07-25T03:10:10.005506,14,24
2026-07-25 03:10:22,mediboard,대전광역시,5,6,A1600001,충남대학교병원,1605,A,16,18,28,58289658,5,5,16,2026-07-25T03:10:10.005506,28,39
2026-07-25 03:10:22,mediboard,대전광역시,0,0,A1600005,학교법인가톨릭학원가톨릭대학교대전성모병원,1605,C,16,9,19,58289923,3,3,16,2026-07-25T03:10:10.005506,12,22
2026-07-25 03:10:22,mediboard,대전광역시,3,5,A1600006,학교법인건양교육재단건양대학교병원,1603,A,16,20,24,58289602,5,5,16,2026-07-25T03:10:10.005506,28,34
2026-07-25 03:10:22,mediboard,대전광역시,0,0,A1600002,학교법인을지학원대전을지대학교병원,1603,C,16,19,23,58289880,6,6,16,2026-07-25T03:10:10.005506,25,29
2026-07-25 03:10:22,mediboard,울산광역시,0,0,A1700001,서울산보람병원,1704,D,17,9,10,58289604,1,1,17,2026-07-25T03:10:10.005506,10,11
2026-07-25 03:10:22,mediboard,울산광역시,0,0,A1700003,울산병원,1701,C,17,17,19,58289772,3,3,17,2026-07-25T03:10:10.005506,20,22
2026-07-25 03:10:22,mediboard,울산광역시,0,0,A1700002,의료법인동강의료재단동강병원,1705,C,17,24,24,58289829,3,3,17,2026-07-25T03:10:10.005506,27,27
2026-07-25 03:10:22,mediboard,울산광역시,0,0,A1700025,의료법인송은의료재단울산시티병원,1703,C,17,13,17,58289773,3,3,17,2026-07-25T03:10:10.005506,16,20
2026-07-25 03:10:22,mediboard,울산광역시,0,0,A1700011,의료법인은성의료재단좋은삼정병원,1701,D,17,8,9,58289830,1,1,17,2026-07-25T03:10:10.005506,9,10
2026-07-25 03:10:22,mediboard,울산광역시,0,0,A1700028,의료법인정안의료재단중앙병원,1701,C,17,15,17,58289659,3,3,17,2026-07-25T03:10:10.005506,18,20
2026-07-25 03:10:22,mediboard,울산광역시,7,8,A1700004,학교법인울산공업학원울산대학교병원,1702,A,17,16,23,58289716,6,6,17,2026-07-25T03:10:10.005506,29,37
2026-07-25 03:10:22,mediboard,경기도,0,0,A2100019,(의)영문의료재단다보스병원,2136,C,21,12,13,58289560,7,7,21,2026-07-25T03:10:10.005506,19,20
2026-07-25 03:10:22,mediboard,경기도,0,0,A2100122,(의)효심의료재단용인서울병원,2136,D,21,9,10,58289932,0,0,21,2026-07-25T03:10:10.005506,9,10
2026-07-25 03:10:22,mediboard,경기도,0,0,A2100052,가톨릭대학교부천성모병원,2113,C,21,23,31,58289565,6,6,21,2026-07-25T03:10:10.005506,29,37
2026-07-25 03:10:22,mediboard,경기도,6,8,A2100012,가톨릭대학교성빈센트병원,2122,C,21,21,28,58289717,6,6,21,2026-07-25T03:10:10.005506,31,40
2026-07-25 03:10:22,mediboard,경기도,11,11,A2100040,가톨릭대학교의정부성모병원,2138,A,21,33,44,58289612,6,6,21,2026-07-25T03:10:10.005506,50,61
2026-07-25 03:10:22,mediboard,경기도,0,0,A2100029,강남병원,2134,C,21,12,17,58289833,3,3,21,2026-07-25T03:10:10.005506,15,20
2026-07-25 03:10:22,mediboard,경기도,0,0,A2100032,경기도의료원수원병원,2121,D,21,8,8,58289775,5,5,21,2026-07-25T03:10:10.005506,13,13
2026-07-25 03:10:22,mediboard,경기도,0,0,A2100045,경기도의료원안성병원,2126,D,21,13,14,58289776,1,5,21,2026-07-25T03:10:10.005506,14,19
2026-07-25 03:10:22,mediboard,경기도,0,0,A2100043,경기도의료원의정부병원,2138,D,21,9,10,58289928,1,1,21,2026-07-25T03:10:10.005506,10,11
2026-07-25 03:10:22,mediboard,경기도,0,0,A2100193,경기도의료원이천병원,2139,C,21,16,17,58289614,3,3,21,2026-07-25T03:10:10.005506,19,20
2026-07-25 03:10:22,mediboard,경기도,0,0,A2100035,경기도의료원파주병원,2140,C,21,14,17,58289563,3,3,21,2026-07-25T03:10:10.005506,17,20
2026-07-25 03:10:22,mediboard,경기도,0,0,A2100031,경기도의료원포천병원,2142,C,21,16,17,58289720,3,3,21,2026-07-25T03:10:10.005506,19,20
2026-07-25 03:10:22,mediboard,경기도,4,4,A2100003,고려대학교의과대학부속안산병원,2124,A,21,14,22,58289607,8,8,21,2026-07-25T03:10:10.005506,26,34
2026-07-25 03:10:22,mediboard,경기도,4,4,A2100007,광명성애병원,2106,C,21,4,11,58289882,4,5,21,2026-07-25T03:10:10.005506,12,20
2026-07-25 03:10:22,mediboard,경기도,0,0,A2100258,국군수도병원,2116,D,21,16,16,58289835,0,2,21,2026-07-25T03:10:10.005506,16,18
2026-07-25 03:10:22,mediboard,경기도,0,0,A2100049,국립암센터,2103,D,21,13,24,58289722,1,1,21,2026-07-25T03:10:10.005506,14,25
2026-07-25 03:10:22,mediboard,경기도,5,5,A2100033,국민건강보험공단일산병원,2103,A,21,16,23,58289926,5,5,21,2026-07-25T03:10:10.005506,26,33
2026-07-25 03:10:22,mediboard,경기도,0,0,A2100014,근로복지공단안산병원,2125,D,21,5,7,58289661,1,1,21,2026-07-25T03:10:10.005506,6,8
2026-07-25 03:10:22,mediboard,경기도,0,0,A2100041,남양주한양병원,2111,C,21,16,17,58289927,3,3,21,2026-07-25T03:10:10.005506,19,20
2026-07-25 03:10:22,mediboard,경기도,0,0,A2100017,대아의료재단한도병원,2124,C,21,17,17,58289662,3,3,21,2026-07-25T03:10:10.005506,20,20
2026-07-25 03:10:22,mediboard,경기도,3,3,A2100025,대진의료재단분당제생병원,2116,C,21,11,24,58289884,3,3,21,2026-07-25T03:10:10.005506,17,30
2026-07-25 03:10:22,mediboard,경기도,3,3,A2100047,동국대학교일산불교병원,2103,C,21,19,19,58289721,7,7,21,2026-07-25T03:10:10.005506,29,29
2026-07-25 03:10:22,mediboard,경기도,0,0,A2100131,메디인병원,2140,D,21,9,12,58289886,2,2,21,2026-07-25T03:10:10.005506,11,14
2026-07-25 03:10:22,mediboard,경기도,0,0,A2121142,메디필드한강병원,2136,D,21,17,17,58289891,3,3,21,2026-07-25T03:10:10.005506,20,20
2026-07-25 03:10:22,mediboard,경기도,0,0,A2100055,부천세종병원,2113,C,21,15,17,58289667,3,3,21,2026-07-25T03:10:10.005506,18,20
2026-07-25 03:10:22,mediboard,경기도,3,5,A2100001,분당서울대학교병원,2116,A,21,-13,30,58289606,5,5,21,2026-07-25T03:10:10.005506,-5,40
2026-07-25 03:10:22,mediboard,경기도,6,6,A2116806,성남시의료원,2117,C,21,15,17,58289890,6,6,21,2026-07-25T03:10:10.005506,27,29
2026-07-25 03:10:22,mediboard,경기도,0,0,A2100194,세종여주병원,2131,D,21,3,6,58289566,10,10,21,2026-07-25T03:10:10.005506,13,16
2026-07-25 03:10:22,mediboard,경기도,0,0,A2100016,순천의료재단성남정병원,2117,D,21,8,9,58289610,2,2,21,2026-07-25T03:10:10.005506,10,11
2026-07-25 03:10:22,mediboard,경기도,5,5,A2100005,순천향대학교부속부천병원,2113,A,21,13,17,58289559,3,5,21,2026-07-25T03:10:10.005506,21,27
2026-07-25 03:10:22,mediboard,경기도,11,14,A2100002,아주대학교병원,2120,A,21,23,32,58289660,7,13,21,2026-07-25T03:10:10.005506,38,54
2026-07-25 03:10:22,mediboard,경기도,0,0,A2100305,안성성모병원,2126,D,21,7,9,58289889,1,1,21,2026-07-25T03:10:10.005506,8,10
2026-07-25 03:10:22,mediboard,경기도,0,0,A2100089,양평병원,2130,D,21,8,9,58289778,1,1,21,2026-07-25T03:10:10.005506,9,10
2026-07-25 03:10:22,mediboard,경기도,0,0,A2118188,엘병원,2111,D,21,8,8,58289780,2,2,21,2026-07-25T03:10:10.005506,10,10
2026-07-25 03:10:22,mediboard,경기도,6,6,A2100020,연세대학교의과대학용인세브란스병원,2134,C,21,13,16,58289924,4,4,21,2026-07-25T03:10:10.005506,23,26
2026-07-25 03:10:22,mediboard,경기도,0,0,E2100187,연천군보건의료원,2132,D,21,10,10,58289584,0,0,21,2026-07-25T03:10:10.005506,10,10
2026-07-25 03:10:22,mediboard,경기도,0,0,A2100024,오산한국병원,2133,C,21,12,17,58289925,3,3,21,2026-07-25T03:10:10.005506,15,20
2026-07-25 03:10:22,mediboard,경기도,0,0,A2100048,원광대학교산본병원,2109,C,21,16,17,58289666,3,3,21,2026-07-25T03:10:10.005506,19,20
2026-07-25 03:10:22,mediboard,경기도,0,0,A2100013,의료법인 록향의료재단 신천연합병원,2123,D,21,8,10,58289883,1,1,21,2026-07-25T03:10:10.005506,9,11
2026-07-25 03:10:22,mediboard,경기도,0,0,A2100036,의료법인 일심의료재단 포천우리병원,2142,D,21,18,18,58289665,4,4,21,2026-07-25T03:10:10.005506,22,22
2026-07-25 03:10:22,mediboard,경기도,0,0,A2100309,의료법인갈렌의료재단박병원,2141,D,21,9,10,58289724,1,1,21,2026-07-25T03:10:10.005506,10,11
2026-07-25 03:10:22,mediboard,경기도,5,5,A2100008,의료법인남촌의료재단시화병원,2123,C,21,12,16,58289608,5,6,21,2026-07-25T03:10:10.005506,22,27
2026-07-25 03:10:22,mediboard,경기도,0,0,A2100009,의료법인녹산의료재단동수원병원,2122,C,21,16,17,58289774,3,3,21,2026-07-25T03:10:10.005506,19,20
2026-07-25 03:10:22,mediboard,경기도,0,0,A2100050,의료법인대인의료재단다니엘종합병원,2113,D,21,6,6,58289930,4,4,21,2026-07-25T03:10:10.005506,10,10
2026-07-25 03:10:22,mediboard,경기도,3,3,A2121061,의료법인덕산의료재단수원덕산병원,2119,D,21,19,24,58289933,3,3,21,2026-07-25T03:10:10.005506,25,30
2026-07-25 03:10:22,mediboard,경기도,0,0,A2117135,의료법인명인의료재단화홍병원,2119,C,21,10,15,58289669,5,5,21,2026-07-25T03:10:10.005506,15,20
2026-07-25 03:10:22,mediboard,경기도,3,3,A2100042,의료법인명지의료재단명지병원,2102,A,21,6,15,58289885,9,11,21,2026-07-25T03:10:10.005506,15,26
2026-07-25 03:10:22,mediboard,경기도,0,0,A2100022,의료법인박애의료재단박애병원,2141,D,21,10,10,58289663,1,1,21,2026-07-25T03:10:10.005506,11,11
2026-07-25 03:10:22,mediboard,경기도,0,0,A2100028,의료법인백송의료재단굿모닝병원,2141,C,21,9,19,58289664,9,9,21,2026-07-25T03:10:10.005506,18,28
2026-07-25 03:10:22,mediboard,경기도,0,0,A2100027,의료법인석경의료재단센트럴병원,2123,D,21,16,18,58289719,3,3,21,2026-07-25T03:10:10.005506,19,21
2026-07-25 03:10:22,mediboard,경기도,0,0,A2116972,의료법인성광의료재단일산차병원,2103,D,21,6,6,58289668,4,4,21,2026-07-25T03:10:10.005506,10,10
2026-07-25 03:10:22,mediboard,경기도,0,0,A2113246,의료법인양진의료재단평택성모병원,2141,C,21,12,17,58289725,3,3,21,2026-07-25T03:10:10.005506,15,20
2026-07-25 03:10:22,mediboard,경기도,0,0,A2100034,의료법인영동의료재단의정부백병원,2138,D,21,8,10,58289562,2,2,21,2026-07-25T03:10:10.005506,10,12
2026-07-25 03:10:22,mediboard,경기도,0,0,A2100053,의료법인우리의료재단김포우리병원,2110,C,21,20,22,58289777,7,7,21,2026-07-25T03:10:10.005506,27,29
2026-07-25 03:10:22,mediboard,경기도,0,0,A2115699,의료법인원광의료재단원광종합병원,2146,D,21,8,9,58289615,1,1,21,2026-07-25T03:10:10.005506,9,10
2026-07-25 03:10:22,mediboard,경기도,0,0,A2100018,의료법인은혜와감사의료재단화성중앙종합병원,2144,D,21,9,9,58289832,1,1,21,2026-07-25T03:10:10.005506,10,10
2026-07-25 03:10:22,mediboard,경기도,0,0,A2100006,의료법인인봉의료재단뉴고려병원,2110,C,21,11,14,58289881,6,6,21,2026-07-25T03:10:10.005506,17,20
2026-07-25 03:10:22,mediboard,경기도,0,0,A2100290,의료법인자인의료재단(더자인병원),2102,D,21,15,16,58289723,4,4,21,2026-07-25T03:10:10.005506,19,20
2026-07-25 03:10:22,mediboard,경기도,0,0,A2100124,의료법인칠석의료재단사랑의병원,2125,D,21,11,13,58289613,1,1,21,2026-07-25T03:10:10.005506,12,14
2026-07-25 03:10:22,mediboard,경기도,0,0,A2100175,의료법인토마스의료재단윌스기념병원,2122,D,21,15,18,58289888,3,3,21,2026-07-25T03:10:10.005506,18,21
2026-07-25 03:10:22,mediboard,경기도,0,0,A2100021,의료법인플러스의료재단단원병원,2124,D,21,15,17,58289718,3,3,21,2026-07-25T03:10:10.005506,18,20
2026-07-25 03:10:22,mediboard,경기도,0,4,A2100038,인제대학교일산백병원,2104,C,21,25,34,58289834,6,6,21,2026-07-25T03:10:10.005506,31,44
2026-07-25 03:10:22,mediboard,경기도,0,0,A2118788,중앙대학교광명병원,2106,C,21,20,21,58289567,3,3,21,2026-07-25T03:10:10.005506,23,24
2026-07-25 03:10:22,mediboard,경기도,6,13,A2100030,차의과학대학교분당차병원,2116,A,21,10,22,58289561,7,7,21,2026-07-25T03:10:10.005506,21,40
2026-07-25 03:10:22,mediboard,경기도,1,1,A2100155,참조은병원,2107,C,21,5,9,58289887,10,10,21,2026-07-25T03:10:10.005506,16,20
2026-07-25 03:10:22,mediboard,경기도,0,0,A2100150,추병원,2138,D,21,12,12,58289779,2,2,21,2026-07-25T03:10:10.005506,14,14
2026-07-25 03:10:22,mediboard,경기도,6,6,A2117994,학교법인을지학원의정부을지대학교병원,2138,C,21,25,30,58289670,10,11,21,2026-07-25T03:10:10.005506,41,47
2026-07-25 03:10:22,mediboard,경기도,9,9,A2100046,한림대학교동탄성심병원,2147,C,21,23,32,58289929,3,3,21,2026-07-25T03:10:10.005506,35,44
2026-07-25 03:10:22,mediboard,경기도,3,3,A2100004,한림대학교성심병원,2127,A,21,19,25,58289558,10,11,21,2026-07-25T03:10:10.005506,32,39
2026-07-25 03:10:22,mediboard,경기도,0,0,A2100039,한양대학교구리병원,2108,C,21,15,18,58289611,4,5,21,2026-07-25T03:10:10.005506,19,23
2026-07-25 03:10:22,mediboard,경기도,0,0,A2100037,현대병원,2111,C,21,13,17,58289564,3,3,21,2026-07-25T03:10:10.005506,16,20
2026-07-25 03:10:22,mediboard,경기도,0,0,A2100015,효산의료재단안양샘병원,2128,C,21,15,17,58289609,3,3,21,2026-07-25T03:10:10.005506,18,20
2026-07-25 03:10:22,mediboard,경기도,0,0,A2100054,효산의료재단지샘병원,2109,C,21,14,18,58289931,4,4,21,2026-07-25T03:10:10.005506,18,22
2026-07-25 03:10:22,mediboard,강원특별자치도,3,3,A2200008,강릉아산병원,2201,A,22,13,23,58289781,5,5,22,2026-07-25T03:10:10.005506,21,31
2026-07-25 03:10:22,mediboard,강원특별자치도,3,3,A2200009,강원대학교병원,2213,C,22,17,21,58289934,5,5,22,2026-07-25T03:10:10.005506,25,29
2026-07-25 03:10:22,mediboard,강원특별자치도,0,0,A2200011,강원특별자치도강릉의료원,2201,D,22,5,5,58289727,1,1,22,2026-07-25T03:10:10.005506,6,6
2026-07-25 03:10:22,mediboard,강원특별자치도,1,1,A2200007,강원특별자치도삼척의료원,2204,C,22,14,16,58289568,3,5,22,2026-07-25T03:10:10.005506,18,22
2026-07-25 03:10:22,mediboard,강원특별자치도,0,0,A2200012,강원특별자치도속초의료원,2205,C,22,16,17,58289935,3,3,22,2026-07-25T03:10:10.005506,19,20
2026-07-25 03:10:22,mediboard,강원특별자치도,0,0,A2200002,강원특별자치도영월의료원,2208,D,22,9,9,58289616,1,1,22,2026-07-25T03:10:10.005506,10,10
2026-07-25 03:10:22,mediboard,강원특별자치도,0,0,A2200015,강원특별자치도원주의료원,2209,D,22,13,17,58289729,3,3,22,2026-07-25T03:10:10.005506,16,20
2026-07-25 03:10:22,mediboard,강원특별자치도,0,0,A2200048,근로복지공단정선병원,2211,D,22,5,5,58289672,1,1,22,2026-07-25T03:10:10.005506,6,6
2026-07-25 03:10:22,mediboard,강원특별자치도,0,0,A2200004,근로복지공단태백병원,2214,D,22,8,9,58289671,1,1,22,2026-07-25T03:10:10.005506,9,10
2026-07-25 03:10:22,mediboard,강원특별자치도,3,3,A2200001,연세대학교원주세브란스기독병원,2209,A,22,25,31,58289726,28,45,22,2026-07-25T03:10:10.005506,56,79
2026-07-25 03:10:22,mediboard,강원특별자치도,0,0,A2200005,의료법인강릉동인병원,2201,C,22,13,17,58289837,3,3,22,2026-07-25T03:10:10.005506,16,20
2026-07-25 03:10:22,mediboard,강원특별자치도,0,0,A2200003,의료법인동해동인병원,2203,D,22,9,10,58289836,1,1,22,2026-07-25T03:10:10.005506,10,11
2026-07-25 03:10:22,mediboard,강원특별자치도,0,0,A2200037,의료법인성심의료재단양구성심병원,2206,D,22,5,5,58289936,1,1,22,2026-07-25T03:10:10.005506,6,6
2026-07-25 03:10:22,mediboard,강원특별자치도,0,0,A2200024,의료법인성지의료재단성지병원,2209,D,22,5,7,58289783,1,1,22,2026-07-25T03:10:10.005506,6,8
2026-07-25 03:10:22,mediboard,강원특별자치도,0,0,A2200046,의료법인온세움의료재단온재병원,2205,D,22,6,9,58289937,1,1,22,2026-07-25T03:10:10.005506,7,10
2026-07-25 03:10:22,mediboard,강원특별자치도,0,0,A2201730,철원병원,2212,D,22,5,5,58289617,1,1,22,2026-07-25T03:10:10.005506,6,6
2026-07-25 03:10:22,mediboard,강원특별자치도,0,0,E2200026,평창군보건의료원,2215,D,22,6,6,58289693,1,1,22,2026-07-25T03:10:10.005506,7,7
2026-07-25 03:10:22,mediboard,강원특별자치도,3,3,A2200013,한림대학교춘천성심병원,2213,A,22,17,22,58289569,5,5,22,2026-07-25T03:10:10.005506,25,30
2026-07-25 03:10:22,mediboard,강원특별자치도,0,0,A2200014,홍천아산병원,2216,D,22,10,10,58289728,0,0,22,2026-07-25T03:10:10.005506,10,10
2026-07-25 03:10:22,mediboard,강원특별자치도,0,0,E2200025,화천군보건의료원,2217,D,22,7,7,58289808,1,1,22,2026-07-25T03:10:10.005506,8,8
2026-07-25 03:10:22,mediboard,강원특별자치도,0,0,A2200016,횡성대성병원,2218,D,22,9,9,58289782,1,1,22,2026-07-25T03:10:10.005506,10,10
2026-07-25 03:10:22,mediboard,충청북도,0,0,A2300010,건국대학교충주병원,2314,C,23,18,20,58289938,3,3,23,2026-07-25T03:10:10.005506,21,23
2026-07-25 03:10:22,mediboard,충청북도,0,0,E2300011,단양군보건의료원,2302,D,23,6,6,58289641,1,2,23,2026-07-25T03:10:10.005506,7,8
2026-07-25 03:10:22,mediboard,충청북도,0,0,A2300013,의료법인 건명의료재단 중앙제일병원,2309,C,23,17,17,58289838,3,5,23,2026-07-25T03:10:10.005506,20,22
2026-07-25 03:10:22,mediboard,충청북도,0,0,A2300034,의료법인대광의료재단괴산성모병원,2301,D,23,8,9,58289732,0,1,23,2026-07-25T03:10:10.005506,8,10
2026-07-25 03:10:22,mediboard,충청북도,3,3,A2300009,의료법인명지의료재단명지병원,2307,C,23,15,18,58289731,6,6,23,2026-07-25T03:10:10.005506,24,27
2026-07-25 03:10:22,mediboard,충청북도,0,0,A2300007,의료법인인화재단한국병원,2310,C,23,13,14,58289730,5,6,23,2026-07-25T03:10:10.005506,18,20
2026-07-25 03:10:22,mediboard,충청북도,0,0,A2300005,의료법인자산의료재단제천서울병원,2307,C,23,13,15,58289620,5,5,23,2026-07-25T03:10:10.005506,18,20
2026-07-25 03:10:22,mediboard,충청북도,0,0,A2300003,의료법인정산의료재단효성병원,2310,C,23,17,18,58289619,4,5,23,2026-07-25T03:10:10.005506,21,23
2026-07-25 03:10:22,mediboard,충청북도,0,0,A2300030,의료법인조윤의료재단영동병원,2304,D,23,10,10,58289839,0,0,23,2026-07-25T03:10:10.005506,10,10
2026-07-25 03:10:22,mediboard,충청북도,0,0,A2300002,의료법인한마음의료재단하나병원,2313,C,23,9,11,58289570,12,12,23,2026-07-25T03:10:10.005506,21,23
2026-07-25 03:10:22,mediboard,충청북도,0,0,A2300011,의료법인힐링의료재단옥천성모병원,2305,D,23,7,7,58289892,3,3,23,2026-07-25T03:10:10.005506,10,10
2026-07-25 03:10:22,mediboard,충청북도,0,0,A2300008,청주성모병원,2312,C,23,12,15,58289571,7,10,23,2026-07-25T03:10:10.005506,19,25
2026-07-25 03:10:22,mediboard,충청북도,6,8,A2300001,충북대학교병원,2311,A,23,26,32,58289618,5,5,23,2026-07-25T03:10:10.005506,37,45
2026-07-25 03:10:22,mediboard,충청북도,0,0,A2300006,충청북도청주의료원,2311,D,23,11,12,58289674,4,4,23,2026-07-25T03:10:10.005506,15,16
2026-07-25 03:10:22,mediboard,충청북도,0,0,A2300004,충청북도충주의료원,2314,D,23,15,18,58289673,3,3,23,2026-07-25T03:10:10.005506,18,21
2026-07-25 03:10:22,mediboard,충청남도,4,4,A2400002,단국대학교의과대학부속병원,2412,A,24,22,27,58289622,4,5,24,2026-07-25T03:10:10.005506,30,36
2026-07-25 03:10:22,mediboard,충청남도,0,0,A2400008,당진종합병원,2405,C,24,14,17,58289623,3,3,24,2026-07-25T03:10:10.005506,17,20
2026-07-25 03:10:22,mediboard,충청남도,0,4,A2400003,서산중앙병원,2408,C,24,14,17,58289572,3,3,24,2026-07-25T03:10:10.005506,17,24
2026-07-25 03:10:22,mediboard,충청남도,0,0,A2402257,아산충무병원,2410,C,24,11,13,58289939,8,8,24,2026-07-25T03:10:10.005506,19,21
2026-07-25 03:10:22,mediboard,충청남도,0,0,A2400044,의료법인 서해병원,2409,D,24,5,5,58289624,2,2,24,2026-07-25T03:10:10.005506,7,7
2026-07-25 03:10:22,mediboard,충청남도,0,0,A2400004,의료법인 예당의료재단 예산종합병원,2411,D,24,6,6,58289784,1,1,24,2026-07-25T03:10:10.005506,7,7
2026-07-25 03:10:22,mediboard,충청남도,0,0,A2400009,의료법인백제병원,2404,C,24,16,20,58289574,3,3,24,2026-07-25T03:10:10.005506,19,23
2026-07-25 03:10:22,mediboard,충청남도,0,0,A2400012,의료법인영서의료재단천안충무병원,2413,C,24,10,16,58289733,5,5,24,2026-07-25T03:10:10.005506,15,21
2026-07-25 03:10:22,mediboard,충청남도,0,0,A2400011,재단법인아산사회복지재단보령아산병원,2406,C,24,14,17,58289675,3,3,24,2026-07-25T03:10:10.005506,17,20
2026-07-25 03:10:22,mediboard,충청남도,0,0,E2400032,청양군보건의료원,2414,D,24,6,6,58289750,1,1,24,2026-07-25T03:10:10.005506,7,7
2026-07-25 03:10:22,mediboard,충청남도,0,0,A2400010,충청남도공주의료원,2402,D,24,15,15,58289575,1,1,24,2026-07-25T03:10:10.005506,16,16
2026-07-25 03:10:22,mediboard,충청남도,0,0,A2400006,충청남도서산의료원,2408,C,24,13,17,58289573,3,3,24,2026-07-25T03:10:10.005506,16,20
2026-07-25 03:10:22,mediboard,충청남도,0,0,A2400005,충청남도천안의료원,2412,D,24,12,12,58289840,1,2,24,2026-07-25T03:10:10.005506,13,14
2026-07-25 03:10:22,mediboard,충청남도,1,1,A2400007,충청남도홍성의료원,2416,C,24,17,18,58289893,3,3,24,2026-07-25T03:10:10.005506,21,22
2026-07-25 03:10:22,mediboard,충청남도,0,0,E2400033,태안군보건의료원,2415,D,24,10,10,58289585,1,1,24,2026-07-25T03:10:10.005506,11,11
2026-07-25 03:10:22,mediboard,충청남도,0,0,A2400038,학교법인건양교육재단건양대학교부여병원,2407,D,24,9,9,58289734,1,1,24,2026-07-25T03:10:10.005506,10,10
2026-07-25 03:10:22,mediboard,충청남도,18,18,A2400001,학교법인동은학원순천향대학교부속천안병원,2412,A,24,13,22,58289621,10,11,24,2026-07-25T03:10:10.005506,37,47
2026-07-25 03:10:22,mediboard,충청남도,0,0,A2400039,현대병원,2410,D,24,10,10,58289841,1,1,24,2026-07-25T03:10:10.005506,11,11
2026-07-25 03:10:22,mediboard,전북특별자치도,0,0,A2500038,김제우석병원,2503,D,25,10,10,58289576,1,1,25,2026-07-25T03:10:10.005506,11,11
2026-07-25 03:10:22,mediboard,전북특별자치도,0,0,A2500056,대자인병원,2512,C,25,27,33,58289736,3,3,25,2026-07-25T03:10:10.005506,30,36
2026-07-25 03:10:22,mediboard,전북특별자치도,0,0,E2500019,무주군보건의료원,2505,D,25,4,4,58289908,1,1,25,2026-07-25T03:10:10.005506,5,5
2026-07-25 03:10:22,mediboard,전북특별자치도,0,0,A2500010,부안성모병원,2506,D,25,10,10,58289843,2,2,25,2026-07-25T03:10:10.005506,12,12
2026-07-25 03:10:22,mediboard,전북특별자치도,3,3,A2502742,새강병원,2513,D,25,14,14,58289942,3,3,25,2026-07-25T03:10:10.005506,20,20
2026-07-25 03:10:22,mediboard,전북특별자치도,0,0,E2500021,순창군보건의료원,2507,D,25,9,9,58289642,1,1,25,2026-07-25T03:10:10.005506,10,10
2026-07-25 03:10:22,mediboard,전북특별자치도,3,3,A2500001,원광대학교병원,2509,A,25,10,28,58289940,4,5,25,2026-07-25T03:10:10.005506,17,36
2026-07-25 03:10:22,mediboard,전북특별자치도,0,0,A2500011,의료법인대산의료재단익산병원,2509,C,25,17,17,58289735,3,3,25,2026-07-25T03:10:10.005506,20,20
2026-07-25 03:10:22,mediboard,전북특별자치도,0,0,A2500009,의료법인석천재단고창병원,2501,D,25,10,10,58289894,1,1,25,2026-07-25T03:10:10.005506,11,11
2026-07-25 03:10:22,mediboard,전북특별자치도,0,0,A2500005,의료법인영경의료재단전주병원,2513,C,25,12,17,58289786,3,3,25,2026-07-25T03:10:10.005506,15,20
2026-07-25 03:10:22,mediboard,전북특별자치도,0,0,A2501890,의료법인영경의료재단호성전주병원,2512,D,25,6,9,58289676,1,1,25,2026-07-25T03:10:10.005506,7,10
2026-07-25 03:10:22,mediboard,전북특별자치도,0,0,A2500012,의료법인오성의료재단동군산병원,2502,C,25,15,17,58289941,6,6,25,2026-07-25T03:10:10.005506,21,23
2026-07-25 03:10:22,mediboard,전북특별자치도,0,0,E2500022,임실군보건의료원,2510,D,25,4,4,58289909,1,1,25,2026-07-25T03:10:10.005506,5,5
2026-07-25 03:10:22,mediboard,전북특별자치도,0,0,E2500020,장수군보건의료원,2511,D,25,5,5,58289751,1,1,25,2026-07-25T03:10:10.005506,6,6
2026-07-25 03:10:22,mediboard,전북특별자치도,0,0,A2500008,재단법인 아산사회복지재단 정읍아산병원,2514,C,25,15,17,58289626,3,3,25,2026-07-25T03:10:10.005506,18,20
2026-07-25 03:10:22,mediboard,전북특별자치도,8,12,A2500006,재단법인예수병원유지재단예수병원,2513,C,25,28,38,58289625,5,5,25,2026-07-25T03:10:10.005506,39,53
2026-07-25 03:10:22,mediboard,전북특별자치도,5,5,A2500002,전북대학교병원,2512,A,25,16,36,58289842,7,7,25,2026-07-25T03:10:10.005506,28,48
2026-07-25 03:10:22,mediboard,전북특별자치도,0,0,A2500007,전북특별자치도군산의료원,2502,C,25,13,17,58289787,3,3,25,2026-07-25T03:10:10.005506,16,20
2026-07-25 03:10:22,mediboard,전북특별자치도,0,0,A2500004,전북특별자치도남원의료원,2504,C,25,17,17,58289785,3,3,25,2026-07-25T03:10:10.005506,20,20
2026-07-25 03:10:22,mediboard,전북특별자치도,0,0,A2502031,진안군의료원,2515,D,25,6,6,58289844,2,2,25,2026-07-25T03:10:10.005506,8,8
2026-07-25 03:10:22,mediboard,전라남도,0,0,A2600029,곡성사랑병원,2603,D,26,5,5,58289846,1,1,26,2026-07-25T03:10:10.005506,6,6
2026-07-25 03:10:22,mediboard,전라남도,0,0,A2600006,광양사랑병원,2604,D,26,7,9,58289578,1,1,26,2026-07-25T03:10:10.005506,8,10
2026-07-25 03:10:22,mediboard,전라남도,0,0,A2600061,구례병원,2605,D,26,10,10,58289897,0,0,26,2026-07-25T03:10:10.005506,10,10
2026-07-25 03:10:22,mediboard,전라남도,0,0,A2600016,나주종합병원,2606,D,26,9,10,58289789,0,0,26,2026-07-25T03:10:10.005506,9,10
2026-07-25 03:10:22,mediboard,전라남도,0,0,A2600054,담양사랑병원,2607,D,26,6,6,58289793,2,2,26,2026-07-25T03:10:10.005506,8,8
2026-07-25 03:10:22,mediboard,전라남도,0,0,A2600003,대송의료재단무안병원,2609,D,26,4,4,58289895,1,1,26,2026-07-25T03:10:10.005506,5,5
2026-07-25 03:10:22,mediboard,전라남도,0,0,A2600020,목포기독병원,2608,D,26,16,17,58289628,3,3,26,2026-07-25T03:10:10.005506,19,20
2026-07-25 03:10:22,mediboard,전라남도,0,0,A2600022,목포시의료원,2608,D,26,9,9,58289946,1,1,26,2026-07-25T03:10:10.005506,10,10
2026-07-25 03:10:22,mediboard,전라남도,3,3,A2600011,목포한국병원,2608,A,26,11,18,58289737,5,5,26,2026-07-25T03:10:10.005506,19,26
2026-07-25 03:10:22,mediboard,전라남도,0,0,A2600052,보성아산병원,2610,D,26,8,8,58289950,1,1,26,2026-07-25T03:10:10.005506,9,9
2026-07-25 03:10:22,mediboard,전라남도,0,0,A2602211,빛가람종합병원,2606,D,26,9,9,58289680,1,1,26,2026-07-25T03:10:10.005506,10,10
2026-07-25 03:10:22,mediboard,전라남도,4,4,A2600019,성가롤로병원,2611,A,26,11,18,58289790,5,5,26,2026-07-25T03:10:10.005506,20,27
2026-07-25 03:10:22,mediboard,전라남도,0,0,A2600008,순천제일병원,2611,D,26,9,9,58289845,1,1,26,2026-07-25T03:10:10.005506,10,10
2026-07-25 03:10:22,mediboard,전라남도,0,0,A2600004,순천중앙병원,2611,D,26,4,5,58289788,1,1,26,2026-07-25T03:10:10.005506,5,6
2026-07-25 03:10:22,mediboard,전라남도,0,0,A2600010,여수전남병원,2613,D,26,9,10,58289944,1,1,26,2026-07-25T03:10:10.005506,10,11
2026-07-25 03:10:22,mediboard,전라남도,0,0,A2600014,여천전남병원,2613,C,26,16,17,58289627,3,3,26,2026-07-25T03:10:10.005506,19,20
2026-07-25 03:10:22,mediboard,전라남도,0,0,A2600015,영광종합병원,2614,D,26,9,10,58289896,3,3,26,2026-07-25T03:10:10.005506,12,13
2026-07-25 03:10:22,mediboard,전라남도,0,0,A2600070,영암한국병원,2615,D,26,8,8,58289898,0,1,26,2026-07-25T03:10:10.005506,8,9
2026-07-25 03:10:22,mediboard,전라남도,0,0,A2600032,완도대성병원,2616,D,26,4,5,58289739,1,1,26,2026-07-25T03:10:10.005506,5,6
2026-07-25 03:10:22,mediboard,전라남도,0,0,A2600034,의료법인 거명의료재단 영광기독병원,2614,D,26,10,10,58289792,1,1,26,2026-07-25T03:10:10.005506,11,11
2026-07-25 03:10:22,mediboard,전라남도,0,0,A2600017,의료법인목포구암의료재단목포중앙병원,2608,C,26,9,16,58289678,4,4,26,2026-07-25T03:10:10.005506,13,20
2026-07-25 03:10:22,mediboard,전라남도,0,0,A2600066,의료법인삼호의료재단벌교삼호병원,2610,D,26,6,6,58289630,1,1,26,2026-07-25T03:10:10.005506,7,7
2026-07-25 03:10:22,mediboard,전라남도,0,0,A2600051,의료법인신안대우병원,2612,D,26,4,4,58289949,1,1,26,2026-07-25T03:10:10.005506,5,5
2026-07-25 03:10:22,mediboard,전라남도,0,0,A2600018,의료법인영성의료재단고흥종합병원,2602,D,26,10,10,58289738,0,0,26,2026-07-25T03:10:10.005506,10,10
2026-07-25 03:10:22,mediboard,전라남도,0,0,A2600021,의료법인우범의료재단장흥종합병원,2618,D,26,9,9,58289945,1,1,26,2026-07-25T03:10:10.005506,10,10
2026-07-25 03:10:22,mediboard,전라남도,0,0,A2600068,의료법인장호의료재단녹동현대병원,2602,D,26,3,3,58289794,2,2,26,2026-07-25T03:10:10.005506,5,5
2026-07-25 03:10:22,mediboard,전라남도,0,0,A2600005,의료법인한국의료재단한국병원,2611,D,26,11,11,58289577,1,1,26,2026-07-25T03:10:10.005506,12,12
2026-07-25 03:10:22,mediboard,전라남도,0,0,A2600027,의료법인한마음의료재단여수제일병원,2613,D,26,7,9,58289791,1,1,26,2026-07-25T03:10:10.005506,8,10
2026-07-25 03:10:22,mediboard,전라남도,0,0,A2600035,의료법인행복나눔의료재단장성병원,2617,D,26,4,4,58289679,1,1,26,2026-07-25T03:10:10.005506,5,5
2026-07-25 03:10:22,mediboard,전라남도,0,0,A2600009,의료법인행촌의료재단해남종합병원,2621,D,26,10,10,58289943,1,1,26,2026-07-25T03:10:10.005506,11,11
2026-07-25 03:10:22,mediboard,전라남도,0,0,A2600024,의료법인현경의료재단광양서울병원,2604,D,26,9,9,58289947,1,1,26,2026-07-25T03:10:10.005506,10,10
2026-07-25 03:10:22,mediboard,전라남도,0,0,A2600037,장흥우리병원,2618,D,26,4,4,58289629,1,1,26,2026-07-25T03:10:10.005506,5,5
2026-07-25 03:10:22,mediboard,전라남도,0,0,A2600050,전라남도강진의료원,2601,D,26,9,9,58289847,1,1,26,2026-07-25T03:10:10.005506,10,10
2026-07-25 03:10:22,mediboard,전라남도,0,0,A2600056,전라남도순천의료원,2611,D,26,5,6,58289951,2,2,26,2026-07-25T03:10:10.005506,7,8
2026-07-25 03:10:22,mediboard,전라남도,0,0,A2600040,진도한국병원,2619,D,26,4,4,58289948,1,1,26,2026-07-25T03:10:10.005506,5,5
2026-07-25 03:10:22,mediboard,전라남도,0,0,A2600077,해남우리종합병원,2621,D,26,14,15,58289631,4,4,26,2026-07-25T03:10:10.005506,18,19
2026-07-25 03:10:22,mediboard,전라남도,1,1,A2600001,화순전남대학교병원,2622,C,26,11,16,58289677,7,7,26,2026-07-25T03:10:10.005506,19,24
2026-07-25 03:10:22,mediboard,경상북도,0,0,A2700018,경상북도김천의료원,2706,D,27,11,17,58289800,1,1,27,2026-07-25T03:10:10.005506,12,18
2026-07-25 03:10:22,mediboard,경상북도,0,0,A2700001,경상북도안동의료원,2711,D,27,6,6,58289579,2,2,27,2026-07-25T03:10:10.005506,8,8
2026-07-25 03:10:22,mediboard,경상북도,0,0,A2700005,경상북도포항의료원,2724,D,27,8,8,58289795,2,2,27,2026-07-25T03:10:10.005506,10,10
2026-07-25 03:10:22,mediboard,경상북도,0,0,A2700097,계명대학교경주동산병원,2702,D,27,8,9,58289848,1,1,27,2026-07-25T03:10:10.005506,9,10
2026-07-25 03:10:22,mediboard,경상북도,0,0,A2700015,구미강동병원,2704,D,27,5,7,58289799,3,3,27,2026-07-25T03:10:10.005506,8,10
2026-07-25 03:10:22,mediboard,경상북도,2,3,A2700003,동국대학교의과대학경주병원,2702,C,27,16,16,58289899,7,7,27,2026-07-25T03:10:10.005506,25,26
2026-07-25 03:10:22,mediboard,경상북도,0,0,A2700011,상주적십자병원,2709,D,27,9,9,58289952,1,1,27,2026-07-25T03:10:10.005506,10,10
2026-07-25 03:10:22,mediboard,경상북도,4,4,A2700013,순천향대학교부속구미병원,2704,C,27,11,13,58289683,2,3,27,2026-07-25T03:10:10.005506,17,20
2026-07-25 03:10:22,mediboard,경상북도,0,0,A2700004,안동성소병원,2711,C,27,12,12,58289580,6,8,27,2026-07-25T03:10:10.005506,18,20
2026-07-25 03:10:22,mediboard,경상북도,0,0,A2700008,에스포항병원,2723,D,27,6,6,58289797,1,1,27,2026-07-25T03:10:10.005506,7,7
2026-07-25 03:10:22,mediboard,경상북도,0,0,A2700017,영남대학교의과대학부속영천병원,2715,D,27,7,10,58289741,3,3,27,2026-07-25T03:10:10.005506,10,13
2026-07-25 03:10:22,mediboard,경상북도,0,0,A2700031,영주기독병원,2714,D,27,4,4,58289633,1,1,27,2026-07-25T03:10:10.005506,5,5
2026-07-25 03:10:22,mediboard,경상북도,0,0,A2700020,영주자인병원,2714,D,27,4,4,58289742,1,1,27,2026-07-25T03:10:10.005506,5,5
2026-07-25 03:10:22,mediboard,경상북도,0,0,A2702752,영주적십자병원,2714,D,27,10,10,58289685,1,1,27,2026-07-25T03:10:10.005506,11,11
2026-07-25 03:10:22,mediboard,경상북도,0,0,E2700553,울릉군보건의료원,2717,D,27,5,5,58289586,0,0,27,2026-07-25T03:10:10.005506,5,5
2026-07-25 03:10:22,mediboard,경상북도,0,0,A2700052,울진군의료원,2718,D,27,7,8,58289635,2,2,27,2026-07-25T03:10:10.005506,9,10
2026-07-25 03:10:22,mediboard,경상북도,0,0,A2700019,의)근원의료재단경산중앙병원,2701,D,27,9,10,58289632,2,2,27,2026-07-25T03:10:10.005506,11,12
2026-07-25 03:10:22,mediboard,경상북도,0,0,A2700038,의료법인대남의료재단청도대남병원,2720,D,27,10,10,58289953,0,0,27,2026-07-25T03:10:10.005506,10,10
2026-07-25 03:10:22,mediboard,경상북도,0,0,A2700012,의료법인덕산의료재단김천제일병원,2706,C,27,16,16,58289798,4,4,27,2026-07-25T03:10:10.005506,20,20
2026-07-25 03:10:22,mediboard,경상북도,0,0,A2700006,의료법인동춘의료재단문경제일병원,2707,C,27,16,17,58289796,2,3,27,2026-07-25T03:10:10.005506,18,20
2026-07-25 03:10:22,mediboard,경상북도,0,0,A2700009,의료법인삼백의료재단상주성모병원,2709,D,27,8,9,58289900,1,1,27,2026-07-25T03:10:10.005506,9,10
2026-07-25 03:10:22,mediboard,경상북도,0,0,A2700036,의료법인서명의료재단세명종합병원,2701,D,27,13,13,58289634,2,2,27,2026-07-25T03:10:10.005506,15,15
2026-07-25 03:10:22,mediboard,경상북도,0,0,A2700023,의료법인서준의료재단예천권병원,2716,D,27,6,6,58289684,1,1,27,2026-07-25T03:10:10.005506,7,7
2026-07-25 03:10:22,mediboard,경상북도,1,3,A2700014,의료법인안동병원,2711,A,27,10,17,58289581,5,5,27,2026-07-25T03:10:10.005506,16,25
2026-07-25 03:10:22,mediboard,경상북도,0,0,A2700070,의료법인영암의료재단고령영생병원,2703,D,27,5,5,58289744,1,1,27,2026-07-25T03:10:10.005506,6,6
2026-07-25 03:10:22,mediboard,경상북도,0,0,A2700063,의료법인영제의료재단영남제일병원,2719,D,27,4,5,58289743,1,1,27,2026-07-25T03:10:10.005506,5,6
2026-07-25 03:10:22,mediboard,경상북도,0,0,A2702563,의료법인은성의료재단좋은선린병원,2724,D,27,9,10,58289745,2,2,27,2026-07-25T03:10:10.005506,11,12
2026-07-25 03:10:22,mediboard,경상북도,5,5,A2700007,차의과학대학교부속구미차병원,2704,A,27,16,20,58289682,6,12,27,2026-07-25T03:10:10.005506,27,37
2026-07-25 03:10:22,mediboard,경상북도,0,0,E2700554,청송군보건의료원,2721,D,27,5,5,58289809,1,1,27,2026-07-25T03:10:10.005506,6,6
2026-07-25 03:10:22,mediboard,경상북도,11,11,A2700016,포항성모병원,2723,A,27,14,20,58289740,5,15,27,2026-07-25T03:10:10.005506,30,46
2026-07-25 03:10:22,mediboard,경상북도,0,0,A2700002,포항세명기독병원,2723,C,27,12,15,58289681,10,10,27,2026-07-25T03:10:10.005506,22,25
2026-07-25 03:10:22,mediboard,경상남도,0,0,A2800032,강병원,2803,D,28,9,9,58289851,1,1,28,2026-07-25T03:10:10.005506,10,10
2026-07-25 03:10:22,mediboard,경상남도,0,0,A2803677,강일병원,2804,D,28,8,8,58289690,3,3,28,2026-07-25T03:10:10.005506,11,11
2026-07-25 03:10:22,mediboard,경상남도,0,0,A2800076,거창적십자병원,2802,D,28,9,9,58289854,1,1,28,2026-07-25T03:10:10.005506,10,10
2026-07-25 03:10:22,mediboard,경상남도,3,3,A2800001,경상국립대학교병원,2811,A,28,20,30,58289901,5,5,28,2026-07-25T03:10:10.005506,28,38
2026-07-25 03:10:22,mediboard,경상남도,0,0,A2800025,경상남도마산의료원,2813,D,28,12,13,58289688,2,2,28,2026-07-25T03:10:10.005506,14,15
2026-07-25 03:10:22,mediboard,경상남도,0,0,A2800113,밀양병원,2806,D,28,7,8,58289906,1,1,28,2026-07-25T03:10:10.005506,8,9
2026-07-25 03:10:22,mediboard,경상남도,0,0,A2800084,반도병원,2811,D,28,6,7,58289806,1,1,28,2026-07-25T03:10:10.005506,7,8
2026-07-25 03:10:22,mediboard,경상남도,0,0,A2800019,베데스다복음병원,2809,D,28,9,9,58289903,1,1,28,2026-07-25T03:10:10.005506,10,10
2026-07-25 03:10:22,mediboard,경상남도,0,0,E2800380,산청군보건의료원,2808,D,28,5,5,58289694,1,1,28,2026-07-25T03:10:10.005506,6,6
2026-07-25 03:10:22,mediboard,경상남도,0,0,A2800055,삼성합천병원,2822,D,28,2,4,58289852,1,1,28,2026-07-25T03:10:10.005506,3,5
2026-07-25 03:10:22,mediboard,경상남도,0,0,A2800101,삼천포제일병원,2807,D,28,8,8,58289689,2,2,28,2026-07-25T03:10:10.005506,10,10
2026-07-25 03:10:22,mediboard,경상남도,0,0,A2800092,새통영병원,2818,D,28,6,9,58289638,1,1,28,2026-07-25T03:10:10.005506,7,10
2026-07-25 03:10:22,mediboard,경상남도,10,10,A2800011,양산부산대학교병원,2809,A,28,14,23,58289746,8,8,28,2026-07-25T03:10:10.005506,30,39
2026-07-25 03:10:22,mediboard,경상남도,0,0,A2804593,양산성모병원,2809,D,28,12,13,58289691,1,1,28,2026-07-25T03:10:10.005506,13,14
2026-07-25 03:10:22,mediboard,경상남도,0,0,A2800021,연세에스병원,2817,D,28,8,9,58289637,1,1,28,2026-07-25T03:10:10.005506,9,10
2026-07-25 03:10:22,mediboard,경상남도,0,0,A2800090,의령병원,2810,D,28,4,4,58289748,1,1,28,2026-07-25T03:10:10.005506,5,5
2026-07-25 03:10:22,mediboard,경상남도,0,0,A2800008,의료법인 거붕 백병원,2801,D,28,4,9,58289802,1,1,28,2026-07-25T03:10:10.005506,5,10
2026-07-25 03:10:22,mediboard,경상남도,0,0,A2800005,의료법인 대우의료재단대우병원,2801,D,28,4,9,58289582,1,1,28,2026-07-25T03:10:10.005506,5,10
2026-07-25 03:10:22,mediboard,경상남도,0,0,A2800015,의료법인 문병욱의료재단 진주고려병원,2811,D,28,9,10,58289902,1,1,28,2026-07-25T03:10:10.005506,10,11
2026-07-25 03:10:22,mediboard,경상남도,0,0,A2800022,의료법인 성념의료재단맑은샘병원,2801,D,28,9,9,58289954,1,1,28,2026-07-25T03:10:10.005506,10,10
2026-07-25 03:10:22,mediboard,경상남도,0,0,A2800094,의료법인 이도의료재단 남해병원,2805,D,28,7,8,58289749,2,2,28,2026-07-25T03:10:10.005506,9,10
2026-07-25 03:10:22,mediboard,경상남도,0,0,A2800014,의료법인갑을의료재단 갑을장유병원,2804,D,28,9,9,58289804,1,1,28,2026-07-25T03:10:10.005506,10,10
2026-07-25 03:10:22,mediboard,경상남도,0,0,A2800006,의료법인숭인의료재단 김해복음병원,2804,C,28,14,16,58289849,4,4,28,2026-07-25T03:10:10.005506,18,20
2026-07-25 03:10:22,mediboard,경상남도,0,0,A2800068,의료법인승연의료재단 삼천포서울병원,2807,D,28,8,9,58289853,1,1,28,2026-07-25T03:10:10.005506,9,10
2026-07-25 03:10:22,mediboard,경상남도,0,0,A2800009,의료법인청아의료재단청아병원,2814,D,28,9,9,58289803,1,1,28,2026-07-25T03:10:10.005506,10,10
2026-07-25 03:10:22,mediboard,경상남도,0,0,A2800017,의료법인합포의료재단에스엠지연세병원,2813,C,28,15,17,58289747,3,3,28,2026-07-25T03:10:10.005506,18,20
2026-07-25 03:10:22,mediboard,경상남도,0,0,A2800010,의료법인환명의료재단 조은금강병원,2804,C,28,12,17,58289687,3,3,28,2026-07-25T03:10:10.005506,15,20
2026-07-25 03:10:22,mediboard,경상남도,0,0,A2800003,제일병원,2811,C,28,11,17,58289686,3,3,28,2026-07-25T03:10:10.005506,14,20
2026-07-25 03:10:22,mediboard,경상남도,0,0,A2800037,진주복음병원,2811,D,28,7,9,58289583,0,1,28,2026-07-25T03:10:10.005506,7,10
2026-07-25 03:10:22,mediboard,경상남도,0,0,A2803505,창원경상국립대학교병원,2815,C,28,13,18,58289639,3,10,28,2026-07-25T03:10:10.005506,16,28
2026-07-25 03:10:22,mediboard,경상남도,0,0,A2800004,창원파티마병원,2816,C,28,11,17,58289801,3,3,28,2026-07-25T03:10:10.005506,14,20
2026-07-25 03:10:22,mediboard,경상남도,0,0,A2800007,창원한마음병원,2816,C,28,16,21,58289850,4,4,28,2026-07-25T03:10:10.005506,20,25
2026-07-25 03:10:22,mediboard,경상남도,0,0,A2800062,태황의료재단한성병원,2812,D,28,7,9,58289905,1,1,28,2026-07-25T03:10:10.005506,8,10
2026-07-25 03:10:22,mediboard,경상남도,8,8,A2800020,학교법인성균관대학삼성창원병원,2814,A,28,17,27,58289636,5,5,28,2026-07-25T03:10:10.005506,30,40
2026-07-25 03:10:22,mediboard,경상남도,0,0,A2800043,한일병원,2811,C,28,17,17,58289904,3,3,28,2026-07-25T03:10:10.005506,20,20
2026-07-25 03:10:22,mediboard,경상남도,0,0,A2800080,함양성심병원,2821,D,28,4,4,58289805,1,1,28,2026-07-25T03:10:10.005506,5,5
2026-07-25 03:10:22,mediboard,제주특별자치도,0,0,A2900003,의료법인 혜인의료재단 한국병원,2902,D,29,5,9,58289855,1,1,29,2026-07-25T03:10:10.005506,6,10
2026-07-25 03:10:22,mediboard,제주특별자치도,1,1,A2900006,의료법인중앙의료재단중앙병원,2902,C,29,9,16,58289692,3,3,29,2026-07-25T03:10:10.005506,13,20
2026-07-25 03:10:22,mediboard,제주특별자치도,0,0,A2900007,제주대학교병원,2902,C,29,5,20,58289807,4,6,29,2026-07-25T03:10:10.005506,9,26
2026-07-25 03:10:22,mediboard,제주특별자치도,4,4,A2900002,제주특별자치도서귀포의료원,2901,C,29,13,16,58289640,5,5,29,2026-07-25T03:10:10.005506,22,25
2026-07-25 03:10:22,mediboard,제주특별자치도,2,3,A2900001,제주한라병원,2902,A,29,11,17,58289955,5,5,29,2026-07-25T03:10:10.005506,18,25
2026-07-25 03:10:22,mediboard,제주특별자치도,0,0,A2900005,한마음병원,2902,C,29,7,17,58289907,1,3,29,2026-07-25T03:10:10.005506,8,20
2026-07-25 05:09:38,mediboard,서울특별시,0,0,A1100011,가톨릭대학교여의도성모병원,1120,C,11,13,15,58299681,5,5,11,2026-07-25T05:10:10.006035,18,20
2026-07-25 05:09:38,mediboard,서울특별시,8,8,A1121013,가톨릭대학교은평성모병원,1122,C,11,13,24,58299900,4,4,11,2026-07-25T05:10:10.006035,25,36
2026-07-25 05:09:38,mediboard,서울특별시,3,3,A1100043,강동경희대학교병원,1102,A,11,10,15,58299574,3,5,11,2026-07-25T05:10:10.006035,16,23
2026-07-25 05:09:38,mediboard,서울특별시,2,2,A1100006,강북삼성병원,1123,C,11,5,15,58299894,1,3,11,2026-07-25T05:10:10.006035,8,20
2026-07-25 05:09:38,mediboard,서울특별시,3,4,A1100002,건국대학교병원,1106,C,11,12,20,58299794,3,3,11,2026-07-25T05:10:10.006035,18,27
2026-07-25 05:09:38,mediboard,서울특별시,0,0,A1100039,경찰병원,1118,D,11,3,3,58299799,2,2,11,2026-07-25T05:10:10.006035,5,5
2026-07-25 05:09:38,mediboard,서울특별시,3,3,A1100001,경희대학교병원,1111,C,11,12,15,58299736,5,5,11,2026-07-25T05:10:10.006035,20,23
2026-07-25 05:09:38,mediboard,서울특별시,3,3,A1100014,고려대학교의과대학부속구로병원,1107,A,11,12,29,58299682,5,5,11,2026-07-25T05:10:10.006035,20,37
2026-07-25 05:09:38,mediboard,서울특별시,0,0,A1100026,구로성심병원,1107,D,11,7,9,58299897,1,1,11,2026-07-25T05:10:10.006035,8,10
2026-07-25 05:09:38,mediboard,서울특별시,3,3,A1100052,국립중앙의료원,1124,C,11,13,17,58299845,8,10,11,2026-07-25T05:10:10.006035,24,30
2026-07-25 05:09:38,mediboard,서울특별시,0,0,A1122033,기쁨병원,1115,D,11,1,4,58299529,1,1,11,2026-07-25T05:10:10.006035,2,5
2026-07-25 05:09:38,mediboard,서울특별시,0,0,A1100048,노원을지대학교병원,1109,C,11,13,17,58299527,4,5,11,2026-07-25T05:10:10.006035,17,22
2026-07-25 05:09:38,mediboard,서울특별시,0,0,A1100044,녹색병원,1125,D,11,5,5,58299844,5,5,11,2026-07-25T05:10:10.006035,10,10
2026-07-25 05:09:38,mediboard,서울특별시,0,0,A1100037,대림성모병원,1120,D,11,6,8,58299685,2,2,11,2026-07-25T05:10:10.006035,8,10
2026-07-25 05:09:38,mediboard,서울특별시,0,0,A1100024,명지성모병원,1120,D,11,8,8,58299525,2,2,11,2026-07-25T05:10:10.006035,10,10
2026-07-25 05:09:38,mediboard,서울특별시,0,0,A1100036,부민병원,1104,D,11,8,10,58299898,1,1,11,2026-07-25T05:10:10.006035,9,11
2026-07-25 05:09:38,mediboard,서울특별시,1,4,A1100010,삼성서울병원,1101,C,11,2,52,58299795,3,4,11,2026-07-25T05:10:10.006035,6,60
2026-07-25 05:09:38,mediboard,서울특별시,0,0,A1100021,삼육서울병원,1111,C,11,12,13,58299796,6,7,11,2026-07-25T05:10:10.006035,18,20
2026-07-25 05:09:38,mediboard,서울특별시,10,12,A1100017,서울대학교병원,1123,A,11,-2,24,58299524,5,8,11,2026-07-25T05:10:10.006035,11,42
2026-07-25 05:09:38,mediboard,서울특별시,0,0,A1100050,서울성심병원,1111,D,11,17,17,58299800,3,3,11,2026-07-25T05:10:10.006035,20,20
2026-07-25 05:09:38,mediboard,서울특별시,0,0,A1100029,서울적십자병원,1123,D,11,9,10,58299628,1,1,11,2026-07-25T05:10:10.006035,10,11
2026-07-25 05:09:38,mediboard,서울특별시,0,0,A1100022,서울특별시동부병원,1111,D,11,7,8,58299571,2,2,11,2026-07-25T05:10:10.006035,9,10
2026-07-25 05:09:38,mediboard,서울특별시,3,3,A1100040,서울특별시보라매병원,1112,C,11,22,31,58299629,2,3,11,2026-07-25T05:10:10.006035,27,37
2026-07-25 05:09:38,mediboard,서울특별시,0,0,A1100223,서울특별시서남병원,1119,D,11,16,17,58299575,3,3,11,2026-07-25T05:10:10.006035,19,20
2026-07-25 05:09:38,mediboard,서울특별시,3,3,A1100035,서울특별시서울의료원,1125,A,11,7,19,58299798,5,5,11,2026-07-25T05:10:10.006035,15,27
2026-07-25 05:09:38,mediboard,서울특별시,0,0,A1100028,성심의료재단강동성심병원,1102,C,11,11,15,58299797,9,9,11,2026-07-25T05:10:10.006035,20,24
2026-07-25 05:09:38,mediboard,서울특별시,0,0,A1100054,성애의료재단성애병원,1120,C,11,14,15,58299846,5,11,11,2026-07-25T05:10:10.006035,19,26
2026-07-25 05:09:38,mediboard,서울특별시,0,0,A1100032,세란병원,1123,D,11,9,10,58299684,1,1,11,2026-07-25T05:10:10.006035,10,11
2026-07-25 05:09:38,mediboard,서울특별시,4,4,A1100004,순천향대학교부속서울병원,1121,C,11,15,20,58299680,3,3,11,2026-07-25T05:10:10.006035,22,27
2026-07-25 05:09:38,mediboard,서울특별시,0,0,A1100045,씨엠병원,1120,D,11,9,9,58299740,1,1,11,2026-07-25T05:10:10.006035,10,10
2026-07-25 05:09:38,mediboard,서울특별시,2,2,A1100015,연세대학교의과대학강남세브란스병원,1101,C,11,8,21,58299896,3,3,11,2026-07-25T05:10:10.006035,13,26
2026-07-25 05:09:38,mediboard,서울특별시,6,10,A1100007,연세대학교의과대학세브란스병원,1114,C,11,6,39,58299841,5,6,11,2026-07-25T05:10:10.006035,16,53
2026-07-25 05:09:38,mediboard,서울특별시,0,0,A1100025,의료법인동신의료재단동신병원,1114,D,11,8,9,58299843,1,1,11,2026-07-25T05:10:10.006035,9,10
2026-07-25 05:09:38,mediboard,서울특별시,0,0,A1100041,의료법인서울효천의료재단에이치플러스양지병원,1105,C,11,16,18,58299573,3,3,11,2026-07-25T05:10:10.006035,19,21
2026-07-25 05:09:38,mediboard,서울특별시,0,0,A1100023,의료법인청구성심병원,1122,D,11,10,10,58299572,1,1,11,2026-07-25T05:10:10.006035,11,11
2026-07-25 05:09:38,mediboard,서울특별시,0,0,A1100075,의료법인풍산의료재단동부제일병원,1125,D,11,6,7,58299528,1,1,11,2026-07-25T05:10:10.006035,7,8
2026-07-25 05:09:38,mediboard,서울특별시,2,2,A1100020,의료법인한전의료재단한일병원,1110,C,11,17,21,58299739,4,4,11,2026-07-25T05:10:10.006035,23,27
2026-07-25 05:09:38,mediboard,서울특별시,8,8,A1100005,이화여자대학교의과대학부속목동병원,1119,A,11,14,19,58299840,5,6,11,2026-07-25T05:10:10.006035,27,33
2026-07-25 05:09:38,mediboard,서울특별시,7,9,A1120796,이화여자대학교의과대학부속서울병원,1104,C,11,10,14,58299801,8,8,11,2026-07-25T05:10:10.006035,25,31
2026-07-25 05:09:38,mediboard,서울특별시,0,0,A1100016,인제대학교상계백병원,1109,C,11,10,16,58299842,6,7,11,2026-07-25T05:10:10.006035,16,23
2026-07-25 05:09:38,mediboard,서울특별시,7,14,A1100009,재단법인아산사회복지재단서울아산병원,1118,C,11,17,36,58299738,15,26,11,2026-07-25T05:10:10.006035,36,73
2026-07-25 05:09:38,mediboard,서울특별시,2,4,A1100003,중앙대학교병원,1112,C,11,14,18,58299679,0,0,11,2026-07-25T05:10:10.006035,16,22
2026-07-25 05:09:38,mediboard,서울특별시,8,9,A1100012,학교법인가톨릭학원가톨릭대학교서울성모병원,1115,C,11,-6,28,58299627,3,8,11,2026-07-25T05:10:10.006035,3,43
2026-07-25 05:09:38,mediboard,서울특별시,4,4,A1100008,학교법인고려중앙학원고려대학교의과대학부속병원(안암병원),1117,A,11,15,30,58299737,9,9,11,2026-07-25T05:10:10.006035,28,43
2026-07-25 05:09:38,mediboard,서울특별시,0,0,A1100053,한국보훈복지의료공단중앙보훈병원,1102,C,11,18,22,58299686,3,3,11,2026-07-25T05:10:10.006035,21,25
2026-07-25 05:09:38,mediboard,서울특별시,0,0,A1100027,한국원자력의학원원자력병원,1109,D,11,9,9,58299526,3,3,11,2026-07-25T05:10:10.006035,12,12
2026-07-25 05:09:38,mediboard,서울특별시,3,3,A1100055,한림대학교강남성심병원,1120,C,11,15,20,58299742,5,5,11,2026-07-25T05:10:10.006035,23,28
2026-07-25 05:09:38,mediboard,서울특별시,2,3,A1100013,한양대학교병원,1116,A,11,19,20,58299895,10,12,11,2026-07-25T05:10:10.006035,31,35
2026-07-25 05:09:38,mediboard,서울특별시,0,0,A1100051,혜민병원,1106,D,11,8,9,58299741,1,1,11,2026-07-25T05:10:10.006035,9,10
2026-07-25 05:09:38,mediboard,서울특별시,0,0,A1100019,홍익병원,1119,D,11,7,9,58299683,1,1,11,2026-07-25T05:10:10.006035,8,10
2026-07-25 05:09:38,mediboard,서울특별시,0,0,A1100049,희명병원,1108,D,11,10,10,58299899,1,1,11,2026-07-25T05:10:10.006035,11,11
2026-07-25 05:09:38,mediboard,부산광역시,0,0,A1200028,(의)서일의료재단기장병원,1203,D,12,7,9,58299803,1,1,12,2026-07-25T05:10:10.006035,8,10
2026-07-25 05:09:38,mediboard,부산광역시,0,0,A1200004,고신대학교복음병원,1211,C,12,15,25,58299576,5,5,12,2026-07-25T05:10:10.006035,20,30
2026-07-25 05:09:38,mediboard,부산광역시,0,0,A1200045,구포성심병원,1208,D,12,9,9,58299634,1,1,12,2026-07-25T05:10:10.006035,10,10
2026-07-25 05:09:38,mediboard,부산광역시,3,3,A1200018,대동병원,1206,C,12,11,15,58299689,3,3,12,2026-07-25T05:10:10.006035,17,21
2026-07-25 05:09:38,mediboard,부산광역시,0,0,A1200015,동남권원자력의학원원자력병원,1203,D,12,7,9,58299746,1,1,12,2026-07-25T05:10:10.006035,8,10
2026-07-25 05:09:38,mediboard,부산광역시,0,0,A1200011,동래봉생병원,1206,D,12,5,8,58299849,2,2,12,2026-07-25T05:10:10.006035,7,10
2026-07-25 05:09:38,mediboard,부산광역시,3,3,A1200003,동아대학교병원,1211,A,12,22,26,58299901,8,8,12,2026-07-25T05:10:10.006035,33,37
2026-07-25 05:09:38,mediboard,부산광역시,0,0,A1200024,부산광역시의료원,1213,D,12,17,18,58299851,2,8,12,2026-07-25T05:10:10.006035,19,26
2026-07-25 05:09:38,mediboard,부산광역시,3,3,A1200002,부산대학교병원,1211,C,12,18,19,58299530,3,3,12,2026-07-25T05:10:10.006035,24,25
2026-07-25 05:09:38,mediboard,부산광역시,4,4,A1200013,부산성모병원(재단법인 천주교부산교구유지재단),1204,D,12,8,10,58299745,5,5,12,2026-07-25T05:10:10.006035,17,19
2026-07-25 05:09:38,mediboard,부산광역시,0,0,A1200007,비에이치에스한서병원,1212,C,12,17,17,58299744,3,3,12,2026-07-25T05:10:10.006035,20,20
2026-07-25 05:09:38,mediboard,부산광역시,0,0,A1200021,삼육부산병원,1211,D,12,7,9,58299632,1,1,12,2026-07-25T05:10:10.006035,8,10
2026-07-25 05:09:38,mediboard,부산광역시,0,0,A1200014,영도병원,1214,D,12,5,7,58299631,2,2,12,2026-07-25T05:10:10.006035,7,9
2026-07-25 05:09:38,mediboard,부산광역시,0,0,A1200009,의료법인 광혜의료재단 광혜병원,1206,D,12,8,9,58299848,3,3,12,2026-07-25T05:10:10.006035,11,12
2026-07-25 05:09:38,mediboard,부산광역시,0,0,A1200098,의료법인 센텀의료재단 센텀종합병원,1212,D,12,6,9,58299747,1,1,12,2026-07-25T05:10:10.006035,7,10
2026-07-25 05:09:38,mediboard,부산광역시,0,0,A1200020,의료법인 온그룹의료재단 온병원,1207,C,12,20,20,58299531,3,3,12,2026-07-25T05:10:10.006035,23,23
2026-07-25 05:09:38,mediboard,부산광역시,0,0,A1200008,의료법인 은성의료재단 좋은강안병원,1212,D,12,14,18,58299687,3,3,12,2026-07-25T05:10:10.006035,17,21
2026-07-25 05:09:38,mediboard,부산광역시,1,1,A1200005,의료법인 은성의료재단 좋은삼선병원,1209,C,12,12,13,58299630,5,6,12,2026-07-25T05:10:10.006035,18,20
2026-07-25 05:09:38,mediboard,부산광역시,0,0,A1200006,의료법인 인당의료재단 부민병원,1208,D,12,8,10,58299847,2,2,12,2026-07-25T05:10:10.006035,10,12
2026-07-25 05:09:38,mediboard,부산광역시,0,0,A1205143,의료법인 인당의료재단 해운대부민병원,1216,D,12,7,9,58299804,1,1,12,2026-07-25T05:10:10.006035,8,10
2026-07-25 05:09:38,mediboard,부산광역시,0,0,A1200012,의료법인 행도의료재단 해동병원,1214,D,12,5,6,58299577,1,1,12,2026-07-25T05:10:10.006035,6,7
2026-07-25 05:09:38,mediboard,부산광역시,0,0,A1200017,의료법인정화의료재단 봉생기념병원,1205,D,12,6,9,58299688,2,2,12,2026-07-25T05:10:10.006035,8,11
2026-07-25 05:09:38,mediboard,부산광역시,2,3,A1200022,인제대학교 해운대백병원,1216,A,12,22,29,58299802,5,5,12,2026-07-25T05:10:10.006035,29,37
2026-07-25 05:09:38,mediboard,부산광역시,0,0,A1200001,인제대학교부산백병원,1207,C,12,15,18,58299743,3,3,12,2026-07-25T05:10:10.006035,18,21
2026-07-25 05:09:38,mediboard,부산광역시,0,0,A1200023,재단법인천주교부산교구유지재단 메리놀병원,1215,D,12,9,9,58299633,1,1,12,2026-07-25T05:10:10.006035,10,10
2026-07-25 05:09:38,mediboard,부산광역시,2,2,A1200026,좋은문화병원,1205,D,12,4,7,58299533,3,3,12,2026-07-25T05:10:10.006035,9,12
2026-07-25 05:09:38,mediboard,부산광역시,0,0,A1200025,학교법인 춘해병원,1207,D,12,9,9,58299532,1,1,12,2026-07-25T05:10:10.006035,10,10
2026-07-25 05:09:38,mediboard,부산광역시,0,0,A1200019,학교법인)동의병원,1207,D,12,11,14,58299578,1,1,12,2026-07-25T05:10:10.006035,12,15
2026-07-25 05:09:38,mediboard,부산광역시,0,0,A1200016,한국보훈복지의료공단 부산보훈병원,1209,D,12,11,11,58299850,2,2,12,2026-07-25T05:10:10.006035,13,13
2026-07-25 05:09:38,mediboard,인천광역시,0,0,A1300081,(재)미리내천주성삼성직수도회천주성삼병원,1307,D,13,9,9,58299749,1,2,13,2026-07-25T05:10:10.006035,10,11
2026-07-25 05:09:38,mediboard,인천광역시,0,0,A1300018,강남종합병원,1304,D,13,14,15,58299856,1,1,13,2026-07-25T05:10:10.006035,15,16
2026-07-25 05:09:38,mediboard,인천광역시,4,4,A1300002,경북대학교병원,1308,A,13,19,27,58299852,4,5,13,2026-07-25T05:10:10.006035,27,36
2026-07-25 05:09:38,mediboard,인천광역시,0,0,A1303386,계명대학교대구동산병원,1308,D,13,10,12,58299580,2,2,13,2026-07-25T05:10:10.006035,12,14
2026-07-25 05:09:38,mediboard,인천광역시,0,0,A1300003,계명대학교동산병원,1302,C,13,8,23,58299534,3,3,13,2026-07-25T05:10:10.006035,11,26
2026-07-25 05:09:38,mediboard,인천광역시,0,0,A1300008,곽병원,1308,D,13,8,10,58299855,2,2,13,2026-07-25T05:10:10.006035,10,12
2026-07-25 05:09:38,mediboard,인천광역시,0,0,A1300038,나사렛종합병원,1302,D,13,8,9,58299902,2,10,13,2026-07-25T05:10:10.006035,10,19
2026-07-25 05:09:38,mediboard,인천광역시,0,0,A1300004,대구가톨릭대학교병원,1301,C,13,18,24,58299636,4,4,13,2026-07-25T05:10:10.006035,22,28
2026-07-25 05:09:38,mediboard,인천광역시,0,0,A1300005,대구가톨릭대학교칠곡가톨릭병원,1305,D,13,8,9,58299853,1,1,13,2026-07-25T05:10:10.006035,9,10
2026-07-25 05:09:38,mediboard,인천광역시,0,0,A1300076,대구굿모닝병원,1306,D,13,17,17,58299857,2,2,13,2026-07-25T05:10:10.006035,19,19
2026-07-25 05:09:38,mediboard,인천광역시,0,0,A1300007,대구의료원,1306,D,13,18,18,58299854,2,2,13,2026-07-25T05:10:10.006035,20,20
2026-07-25 05:09:38,mediboard,인천광역시,5,5,A1300009,대구파티마병원,1304,C,13,7,25,58299637,7,7,13,2026-07-25T05:10:10.006035,19,37
2026-07-25 05:09:38,mediboard,인천광역시,0,0,A1300110,더블유병원,1302,D,13,9,10,58299690,1,1,13,2026-07-25T05:10:10.006035,10,11
2026-07-25 05:09:38,mediboard,인천광역시,0,0,A1300034,드림종합병원,1301,D,13,7,8,58299748,2,2,13,2026-07-25T05:10:10.006035,9,10
2026-07-25 05:09:38,mediboard,인천광역시,0,0,A1300045,삼일병원,1302,D,13,9,14,58299639,1,1,13,2026-07-25T05:10:10.006035,10,15
2026-07-25 05:09:38,mediboard,인천광역시,3,3,A1300001,영남대학교병원,1301,A,13,18,28,58299635,5,5,13,2026-07-25T05:10:10.006035,26,36
2026-07-25 05:09:38,mediboard,인천광역시,0,0,A1300006,의료법인구의료재단구병원,1302,D,13,8,10,58299579,1,1,13,2026-07-25T05:10:10.006035,9,11
2026-07-25 05:09:38,mediboard,인천광역시,6,9,A1300010,칠곡경북대학교병원,1305,C,13,11,23,58299805,4,6,13,2026-07-25T05:10:10.006035,19,36
2026-07-25 05:09:38,mediboard,인천광역시,0,0,A1300011,한국보훈복지의료공단대구보훈병원,1302,D,13,11,12,58299638,2,2,13,2026-07-25T05:10:10.006035,13,14
2026-07-25 05:09:38,mediboard,대구광역시,0,0,A1400008,(의)성세의료재단 뉴성민병원,1407,D,14,8,9,58299582,1,1,14,2026-07-25T05:10:10.006035,9,10
2026-07-25 05:09:38,mediboard,대구광역시,2,3,A1400015,가톨릭관동대학교국제성모병원,1407,C,14,10,23,58299693,5,5,14,2026-07-25T05:10:10.006035,17,31
2026-07-25 05:09:38,mediboard,대구광역시,4,4,A1400012,가톨릭대학교 인천성모병원,1406,C,14,11,19,58299807,7,8,14,2026-07-25T05:10:10.006035,22,31
2026-07-25 05:09:38,mediboard,대구광역시,0,0,A1400010,검단탑병원,1407,C,14,18,18,58299535,3,3,14,2026-07-25T05:10:10.006035,21,21
2026-07-25 05:09:38,mediboard,대구광역시,0,0,A1403617,비에스종합병원,1401,D,14,9,10,58299752,1,1,14,2026-07-25T05:10:10.006035,10,11
2026-07-25 05:09:38,mediboard,대구광역시,0,0,A1400013,안은의료재단 부평세림병원,1406,C,14,16,16,58299692,4,4,14,2026-07-25T05:10:10.006035,20,20
2026-07-25 05:09:38,mediboard,대구광역시,0,0,A1400005,온누리병원,1407,D,14,9,9,58299806,2,2,14,2026-07-25T05:10:10.006035,11,11
2026-07-25 05:09:38,mediboard,대구광역시,10,11,A1400001,의료법인 길의료재단 길병원,1404,A,14,13,25,58299858,5,7,14,2026-07-25T05:10:10.006035,26,41
2026-07-25 05:09:38,mediboard,대구광역시,0,0,A1400011,의료법인 나사렛의료재단 나사렛국제병원,1408,C,14,15,17,58299536,3,5,14,2026-07-25T05:10:10.006035,18,22
2026-07-25 05:09:38,mediboard,대구광역시,0,0,A1400003,의료법인 루가의료재단 나은병원,1407,C,14,10,11,58299581,10,10,14,2026-07-25T05:10:10.006035,20,21
2026-07-25 05:09:38,mediboard,대구광역시,0,0,A1400007,의료법인 성수의료재단 인천백병원,1405,D,14,5,5,58299691,1,1,14,2026-07-25T05:10:10.006035,6,6
2026-07-25 05:09:38,mediboard,대구광역시,0,0,A1400014,의료법인인성의료재단한림병원,1402,C,14,15,17,58299808,4,4,14,2026-07-25T05:10:10.006035,19,21
2026-07-25 05:09:38,mediboard,대구광역시,0,0,A1400017,인천광역시의료원,1405,D,14,13,15,58299584,2,2,14,2026-07-25T05:10:10.006035,15,17
2026-07-25 05:09:38,mediboard,대구광역시,0,0,A1400037,인천광역시의료원백령병원,1409,D,14,5,5,58299695,1,1,14,2026-07-25T05:10:10.006035,6,6
2026-07-25 05:09:38,mediboard,대구광역시,0,0,A1400009,인천기독병원,1410,D,14,8,8,58299583,1,1,14,2026-07-25T05:10:10.006035,9,9
2026-07-25 05:09:38,mediboard,대구광역시,0,0,A1400016,인천사랑병원,1403,C,14,9,14,58299750,7,7,14,2026-07-25T05:10:10.006035,16,21
2026-07-25 05:09:38,mediboard,대구광역시,0,0,A1403372,인천세종병원,1402,C,14,16,18,58299751,3,3,14,2026-07-25T05:10:10.006035,19,21
2026-07-25 05:09:38,mediboard,대구광역시,0,0,A1400018,인천적십자병원,1408,D,14,8,8,58299694,2,2,14,2026-07-25T05:10:10.006035,10,10
2026-07-25 05:09:38,mediboard,대구광역시,0,0,A1403871,인천힘찬종합병원,1404,D,14,14,17,58299809,3,6,14,2026-07-25T05:10:10.006035,17,23
2026-07-25 05:09:38,mediboard,대구광역시,7,9,A1400002,인하대학교의과대학부속병원,1410,A,14,12,20,58299640,9,9,14,2026-07-25T05:10:10.006035,26,36
2026-07-25 05:09:38,mediboard,대구광역시,0,0,A1400004,현대유비스병원,1403,D,14,18,18,58299859,1,1,14,2026-07-25T05:10:10.006035,19,19
2026-07-25 05:09:38,mediboard,광주광역시,4,7,A1500019,KS병원,1501,C,15,9,15,58299810,3,3,15,2026-07-25T05:10:10.006035,16,25
2026-07-25 05:09:38,mediboard,광주광역시,0,0,A1500021,광주기독병원,1502,C,15,12,20,58299811,3,6,15,2026-07-25T05:10:10.006035,15,26
2026-07-25 05:09:38,mediboard,광주광역시,0,0,A1500015,광주병원,1504,D,15,10,10,58299539,1,1,15,2026-07-25T05:10:10.006035,11,11
2026-07-25 05:09:38,mediboard,광주광역시,0,0,A1500004,광주보훈병원,1501,D,15,13,14,58299641,2,2,15,2026-07-25T05:10:10.006035,15,16
2026-07-25 05:09:38,mediboard,광주광역시,0,0,A1502007,광주센트럴병원,1501,D,15,9,10,58299863,1,1,15,2026-07-25T05:10:10.006035,10,11
2026-07-25 05:09:38,mediboard,광주광역시,0,0,A1500018,광주수완병원,1501,D,15,9,9,58299540,0,1,15,2026-07-25T05:10:10.006035,9,10
2026-07-25 05:09:38,mediboard,광주광역시,0,0,A1500009,광주씨티병원,1502,D,15,8,10,58299537,1,1,15,2026-07-25T05:10:10.006035,9,11
2026-07-25 05:09:38,mediboard,광주광역시,0,0,A1500005,광주일곡병원,1504,D,15,9,9,58299903,1,1,15,2026-07-25T05:10:10.006035,10,10
2026-07-25 05:09:38,mediboard,광주광역시,0,0,A1500016,광주한국병원,1505,D,15,14,15,58299755,1,1,15,2026-07-25T05:10:10.006035,15,16
2026-07-25 05:09:38,mediboard,광주광역시,0,0,A1500003,광주현대병원,1504,D,15,8,9,58299753,2,2,15,2026-07-25T05:10:10.006035,10,11
2026-07-25 05:09:38,mediboard,광주광역시,0,0,A1500007,광주희망병원,1504,D,15,9,9,58299585,1,1,15,2026-07-25T05:10:10.006035,10,10
2026-07-25 05:09:38,mediboard,광주광역시,0,0,A1500013,동아병원,1502,D,15,8,9,58299538,1,1,15,2026-07-25T05:10:10.006035,9,10
2026-07-25 05:09:38,mediboard,광주광역시,0,0,A1500014,미래로21병원,1505,D,15,9,9,58299754,1,1,15,2026-07-25T05:10:10.006035,10,10
2026-07-25 05:09:38,mediboard,광주광역시,0,0,A1500022,상무병원,1505,D,15,9,9,58299862,1,1,15,2026-07-25T05:10:10.006035,10,10
2026-07-25 05:09:38,mediboard,광주광역시,2,2,A1500020,서광병원,1505,C,15,18,18,58299906,3,3,15,2026-07-25T05:10:10.006035,23,23
2026-07-25 05:09:38,mediboard,광주광역시,0,0,A1500006,신가병원,1501,D,15,8,9,58299904,2,2,15,2026-07-25T05:10:10.006035,10,11
2026-07-25 05:09:38,mediboard,광주광역시,0,0,A1500010,운암한국병원,1504,D,15,9,9,58299861,1,1,15,2026-07-25T05:10:10.006035,10,10
2026-07-25 05:09:38,mediboard,광주광역시,2,4,A1500002,전남대학교병원,1503,A,15,11,28,58299860,5,7,15,2026-07-25T05:10:10.006035,18,39
2026-07-25 05:09:38,mediboard,광주광역시,4,4,A1500001,조선대학교병원,1503,A,15,19,23,58299696,4,5,15,2026-07-25T05:10:10.006035,27,32
2026-07-25 05:09:38,mediboard,광주광역시,0,0,A1500011,첨단종합병원,1501,C,15,22,22,58299905,3,3,15,2026-07-25T05:10:10.006035,25,25
2026-07-25 05:09:38,mediboard,광주광역시,0,0,A1500017,하남성심병원,1501,D,15,19,19,58299697,1,2,15,2026-07-25T05:10:10.006035,20,21
2026-07-25 05:09:38,mediboard,대전광역시,0,0,A1600004,대전보훈병원,1601,D,16,7,7,58299541,2,2,16,2026-07-25T05:10:10.006035,9,9
2026-07-25 05:09:38,mediboard,대전광역시,0,0,A1600003,대전한국병원,1602,D,16,7,9,58299698,1,1,16,2026-07-25T05:10:10.006035,8,10
2026-07-25 05:09:38,mediboard,대전광역시,0,0,A1602246,대청병원,1603,D,16,7,9,58299812,1,1,16,2026-07-25T05:10:10.006035,8,10
2026-07-25 05:09:38,mediboard,대전광역시,0,0,A1600008,의료법인영훈의료재단대전선병원,1605,C,16,14,17,58299699,4,9,16,2026-07-25T05:10:10.006035,18,26
2026-07-25 05:09:38,mediboard,대전광역시,0,0,A1600007,의료법인영훈의료재단유성선병원,1604,C,16,14,17,58299587,3,7,16,2026-07-25T05:10:10.006035,17,24
2026-07-25 05:09:38,mediboard,대전광역시,6,6,A1600001,충남대학교병원,1605,A,16,21,28,58299642,5,5,16,2026-07-25T05:10:10.006035,32,39
2026-07-25 05:09:38,mediboard,대전광역시,0,0,A1600005,학교법인가톨릭학원가톨릭대학교대전성모병원,1605,C,16,15,19,58299907,3,3,16,2026-07-25T05:10:10.006035,18,22
2026-07-25 05:09:38,mediboard,대전광역시,2,5,A1600006,학교법인건양교육재단건양대학교병원,1603,A,16,17,24,58299586,5,5,16,2026-07-25T05:10:10.006035,24,34
2026-07-25 05:09:38,mediboard,대전광역시,0,0,A1600002,학교법인을지학원대전을지대학교병원,1603,C,16,19,23,58299864,6,6,16,2026-07-25T05:10:10.006035,25,29
2026-07-25 05:09:38,mediboard,울산광역시,0,0,A1700001,서울산보람병원,1704,D,17,5,10,58299588,1,1,17,2026-07-25T05:10:10.006035,6,11
2026-07-25 05:09:38,mediboard,울산광역시,0,0,A1700003,울산병원,1701,C,17,19,19,58299756,3,3,17,2026-07-25T05:10:10.006035,22,22
2026-07-25 05:09:38,mediboard,울산광역시,0,0,A1700002,의료법인동강의료재단동강병원,1705,C,17,24,24,58299813,3,3,17,2026-07-25T05:10:10.006035,27,27
2026-07-25 05:09:38,mediboard,울산광역시,0,0,A1700025,의료법인송은의료재단울산시티병원,1703,C,17,14,17,58299757,3,3,17,2026-07-25T05:10:10.006035,17,20
2026-07-25 05:09:38,mediboard,울산광역시,0,0,A1700011,의료법인은성의료재단좋은삼정병원,1701,D,17,7,9,58299814,1,1,17,2026-07-25T05:10:10.006035,8,10
2026-07-25 05:09:38,mediboard,울산광역시,0,0,A1700028,의료법인정안의료재단중앙병원,1701,C,17,11,17,58299643,3,3,17,2026-07-25T05:10:10.006035,14,20
2026-07-25 05:09:38,mediboard,울산광역시,8,8,A1700004,학교법인울산공업학원울산대학교병원,1702,A,17,13,23,58299700,6,6,17,2026-07-25T05:10:10.006035,27,37
2026-07-25 05:09:38,mediboard,경기도,0,0,A2100019,(의)영문의료재단다보스병원,2136,C,21,10,13,58299544,7,7,21,2026-07-25T05:10:10.006035,17,20
2026-07-25 05:09:38,mediboard,경기도,0,0,A2100122,(의)효심의료재단용인서울병원,2136,D,21,9,10,58299916,0,0,21,2026-07-25T05:10:10.006035,9,10
2026-07-25 05:09:38,mediboard,경기도,0,0,A2100052,가톨릭대학교부천성모병원,2113,C,21,24,31,58299549,6,6,21,2026-07-25T05:10:10.006035,30,37
2026-07-25 05:09:38,mediboard,경기도,8,8,A2100012,가톨릭대학교성빈센트병원,2122,C,21,22,28,58299701,6,6,21,2026-07-25T05:10:10.006035,34,40
2026-07-25 05:09:38,mediboard,경기도,11,11,A2100040,가톨릭대학교의정부성모병원,2138,A,21,37,44,58299596,6,6,21,2026-07-25T05:10:10.006035,54,61
2026-07-25 05:09:38,mediboard,경기도,0,0,A2100029,강남병원,2134,C,21,16,17,58299817,3,3,21,2026-07-25T05:10:10.006035,19,20
2026-07-25 05:09:38,mediboard,경기도,0,0,A2100032,경기도의료원수원병원,2121,D,21,7,8,58299759,5,5,21,2026-07-25T05:10:10.006035,12,13
2026-07-25 05:09:38,mediboard,경기도,0,0,A2100045,경기도의료원안성병원,2126,D,21,13,14,58299760,1,5,21,2026-07-25T05:10:10.006035,14,19
2026-07-25 05:09:38,mediboard,경기도,0,0,A2100043,경기도의료원의정부병원,2138,D,21,10,10,58299912,1,1,21,2026-07-25T05:10:10.006035,11,11
2026-07-25 05:09:38,mediboard,경기도,0,0,A2100193,경기도의료원이천병원,2139,C,21,15,17,58299598,3,3,21,2026-07-25T05:10:10.006035,18,20
2026-07-25 05:09:38,mediboard,경기도,0,0,A2100035,경기도의료원파주병원,2140,C,21,14,17,58299547,3,3,21,2026-07-25T05:10:10.006035,17,20
2026-07-25 05:09:38,mediboard,경기도,0,0,A2100031,경기도의료원포천병원,2142,C,21,15,17,58299704,3,3,21,2026-07-25T05:10:10.006035,18,20
2026-07-25 05:09:38,mediboard,경기도,4,4,A2100003,고려대학교의과대학부속안산병원,2124,A,21,18,22,58299591,8,8,21,2026-07-25T05:10:10.006035,30,34
2026-07-25 05:09:38,mediboard,경기도,4,4,A2100007,광명성애병원,2106,C,21,8,11,58299866,4,5,21,2026-07-25T05:10:10.006035,16,20
2026-07-25 05:09:38,mediboard,경기도,0,0,A2100258,국군수도병원,2116,D,21,15,16,58299819,0,2,21,2026-07-25T05:10:10.006035,15,18
2026-07-25 05:09:38,mediboard,경기도,0,0,A2100049,국립암센터,2103,D,21,13,24,58299706,1,1,21,2026-07-25T05:10:10.006035,14,25
2026-07-25 05:09:38,mediboard,경기도,3,5,A2100033,국민건강보험공단일산병원,2103,A,21,16,23,58299910,5,5,21,2026-07-25T05:10:10.006035,24,33
2026-07-25 05:09:38,mediboard,경기도,0,0,A2100014,근로복지공단안산병원,2125,D,21,6,7,58299645,1,1,21,2026-07-25T05:10:10.006035,7,8
2026-07-25 05:09:38,mediboard,경기도,0,0,A2100041,남양주한양병원,2111,C,21,17,17,58299911,3,3,21,2026-07-25T05:10:10.006035,20,20
2026-07-25 05:09:38,mediboard,경기도,0,0,A2100017,대아의료재단한도병원,2124,C,21,14,17,58299646,3,3,21,2026-07-25T05:10:10.006035,17,20
2026-07-25 05:09:38,mediboard,경기도,3,3,A2100025,대진의료재단분당제생병원,2116,C,21,13,24,58299868,3,3,21,2026-07-25T05:10:10.006035,19,30
2026-07-25 05:09:38,mediboard,경기도,3,3,A2100047,동국대학교일산불교병원,2103,C,21,16,19,58299705,7,7,21,2026-07-25T05:10:10.006035,26,29
2026-07-25 05:09:38,mediboard,경기도,0,0,A2100131,메디인병원,2140,D,21,11,12,58299870,2,2,21,2026-07-25T05:10:10.006035,13,14
2026-07-25 05:09:38,mediboard,경기도,0,0,A2121142,메디필드한강병원,2136,D,21,17,17,58299875,3,3,21,2026-07-25T05:10:10.006035,20,20
2026-07-25 05:09:38,mediboard,경기도,0,0,A2100055,부천세종병원,2113,C,21,15,17,58299651,3,3,21,2026-07-25T05:10:10.006035,18,20
2026-07-25 05:09:38,mediboard,경기도,3,5,A2100001,분당서울대학교병원,2116,A,21,-13,30,58299590,5,5,21,2026-07-25T05:10:10.006035,-5,40
2026-07-25 05:09:38,mediboard,경기도,6,6,A2116806,성남시의료원,2117,C,21,14,17,58299874,6,6,21,2026-07-25T05:10:10.006035,26,29
2026-07-25 05:09:38,mediboard,경기도,0,0,A2100194,세종여주병원,2131,D,21,4,6,58299550,10,10,21,2026-07-25T05:10:10.006035,14,16
2026-07-25 05:09:38,mediboard,경기도,0,0,A2100016,순천의료재단성남정병원,2117,D,21,9,9,58299594,2,2,21,2026-07-25T05:10:10.006035,11,11
2026-07-25 05:09:38,mediboard,경기도,3,5,A2100005,순천향대학교부속부천병원,2113,A,21,10,17,58299543,4,5,21,2026-07-25T05:10:10.006035,17,27
2026-07-25 05:09:38,mediboard,경기도,14,14,A2100002,아주대학교병원,2120,A,21,24,32,58299644,11,13,21,2026-07-25T05:10:10.006035,44,54
2026-07-25 05:09:38,mediboard,경기도,0,0,A2100305,안성성모병원,2126,D,21,7,9,58299873,1,1,21,2026-07-25T05:10:10.006035,8,10
2026-07-25 05:09:38,mediboard,경기도,0,0,A2100089,양평병원,2130,D,21,8,9,58299762,1,1,21,2026-07-25T05:10:10.006035,9,10
2026-07-25 05:09:38,mediboard,경기도,0,0,A2118188,엘병원,2111,D,21,7,8,58299764,2,2,21,2026-07-25T05:10:10.006035,9,10
2026-07-25 05:09:38,mediboard,경기도,6,6,A2100020,연세대학교의과대학용인세브란스병원,2134,C,21,14,16,58299908,4,4,21,2026-07-25T05:10:10.006035,24,26
2026-07-25 05:09:38,mediboard,경기도,0,0,E2100187,연천군보건의료원,2132,D,21,10,10,58299568,0,0,21,2026-07-25T05:10:10.006035,10,10
2026-07-25 05:09:38,mediboard,경기도,0,0,A2100024,오산한국병원,2133,C,21,15,17,58299909,3,3,21,2026-07-25T05:10:10.006035,18,20
2026-07-25 05:09:38,mediboard,경기도,0,0,A2100048,원광대학교산본병원,2109,C,21,14,17,58299650,3,3,21,2026-07-25T05:10:10.006035,17,20
2026-07-25 05:09:38,mediboard,경기도,0,0,A2100013,의료법인 록향의료재단 신천연합병원,2123,D,21,9,10,58299867,1,1,21,2026-07-25T05:10:10.006035,10,11
2026-07-25 05:09:38,mediboard,경기도,0,0,A2100036,의료법인 일심의료재단 포천우리병원,2142,D,21,18,18,58299649,4,4,21,2026-07-25T05:10:10.006035,22,22
2026-07-25 05:09:38,mediboard,경기도,0,0,A2100309,의료법인갈렌의료재단박병원,2141,D,21,10,10,58299708,1,1,21,2026-07-25T05:10:10.006035,11,11
2026-07-25 05:09:38,mediboard,경기도,5,5,A2100008,의료법인남촌의료재단시화병원,2123,C,21,16,16,58299592,6,6,21,2026-07-25T05:10:10.006035,27,27
2026-07-25 05:09:38,mediboard,경기도,0,0,A2100009,의료법인녹산의료재단동수원병원,2122,C,21,12,17,58299758,3,3,21,2026-07-25T05:10:10.006035,15,20
2026-07-25 05:09:38,mediboard,경기도,0,0,A2100050,의료법인대인의료재단다니엘종합병원,2113,D,21,5,6,58299914,4,4,21,2026-07-25T05:10:10.006035,9,10
2026-07-25 05:09:38,mediboard,경기도,3,3,A2121061,의료법인덕산의료재단수원덕산병원,2119,D,21,22,24,58299917,3,3,21,2026-07-25T05:10:10.006035,28,30
2026-07-25 05:09:38,mediboard,경기도,0,0,A2117135,의료법인명인의료재단화홍병원,2119,C,21,11,15,58299653,5,5,21,2026-07-25T05:10:10.006035,16,20
2026-07-25 05:09:38,mediboard,경기도,3,3,A2100042,의료법인명지의료재단명지병원,2102,A,21,5,15,58299869,11,11,21,2026-07-25T05:10:10.006035,16,26
2026-07-25 05:09:38,mediboard,경기도,0,0,A2100022,의료법인박애의료재단박애병원,2141,D,21,9,10,58299647,1,1,21,2026-07-25T05:10:10.006035,10,11
2026-07-25 05:09:38,mediboard,경기도,0,0,A2100028,의료법인백송의료재단굿모닝병원,2141,C,21,16,19,58299648,9,9,21,2026-07-25T05:10:10.006035,25,28
2026-07-25 05:09:38,mediboard,경기도,0,0,A2100027,의료법인석경의료재단센트럴병원,2123,D,21,15,18,58299703,3,3,21,2026-07-25T05:10:10.006035,18,21
2026-07-25 05:09:38,mediboard,경기도,0,0,A2116972,의료법인성광의료재단일산차병원,2103,D,21,6,6,58299652,3,4,21,2026-07-25T05:10:10.006035,9,10
2026-07-25 05:09:38,mediboard,경기도,0,0,A2113246,의료법인양진의료재단평택성모병원,2141,C,21,13,17,58299709,3,3,21,2026-07-25T05:10:10.006035,16,20
2026-07-25 05:09:38,mediboard,경기도,0,0,A2100034,의료법인영동의료재단의정부백병원,2138,D,21,10,10,58299546,2,2,21,2026-07-25T05:10:10.006035,12,12
2026-07-25 05:09:38,mediboard,경기도,0,0,A2100053,의료법인우리의료재단김포우리병원,2110,C,21,19,22,58299761,7,7,21,2026-07-25T05:10:10.006035,26,29
2026-07-25 05:09:38,mediboard,경기도,0,0,A2115699,의료법인원광의료재단원광종합병원,2146,D,21,8,9,58299599,1,1,21,2026-07-25T05:10:10.006035,9,10
2026-07-25 05:09:38,mediboard,경기도,0,0,A2100018,의료법인은혜와감사의료재단화성중앙종합병원,2144,D,21,9,9,58299816,1,1,21,2026-07-25T05:10:10.006035,10,10
2026-07-25 05:09:38,mediboard,경기도,0,0,A2100006,의료법인인봉의료재단뉴고려병원,2110,C,21,13,14,58299865,6,6,21,2026-07-25T05:10:10.006035,19,20
2026-07-25 05:09:38,mediboard,경기도,0,0,A2100290,의료법인자인의료재단(더자인병원),2102,D,21,15,16,58299707,4,4,21,2026-07-25T05:10:10.006035,19,20
2026-07-25 05:09:38,mediboard,경기도,0,0,A2100124,의료법인칠석의료재단사랑의병원,2125,D,21,10,13,58299597,1,1,21,2026-07-25T05:10:10.006035,11,14
2026-07-25 05:09:38,mediboard,경기도,0,0,A2100175,의료법인토마스의료재단윌스기념병원,2122,D,21,16,18,58299872,3,3,21,2026-07-25T05:10:10.006035,19,21
2026-07-25 05:09:38,mediboard,경기도,0,0,A2100021,의료법인플러스의료재단단원병원,2124,D,21,17,17,58299702,3,3,21,2026-07-25T05:10:10.006035,20,20
2026-07-25 05:09:38,mediboard,경기도,0,4,A2100038,인제대학교일산백병원,2104,C,21,30,34,58299818,6,6,21,2026-07-25T05:10:10.006035,36,44
2026-07-25 05:09:38,mediboard,경기도,0,0,A2118788,중앙대학교광명병원,2106,C,21,16,21,58299551,3,3,21,2026-07-25T05:10:10.006035,19,24
2026-07-25 05:09:38,mediboard,경기도,7,13,A2100030,차의과학대학교분당차병원,2116,A,21,11,22,58299545,6,7,21,2026-07-25T05:10:10.006035,23,40
2026-07-25 05:09:38,mediboard,경기도,1,1,A2100155,참조은병원,2107,C,21,5,9,58299871,10,10,21,2026-07-25T05:10:10.006035,16,20
2026-07-25 05:09:38,mediboard,경기도,0,0,A2100150,추병원,2138,D,21,11,12,58299763,2,2,21,2026-07-25T05:10:10.006035,13,14
2026-07-25 05:09:38,mediboard,경기도,6,6,A2117994,학교법인을지학원의정부을지대학교병원,2138,C,21,26,30,58299654,11,11,21,2026-07-25T05:10:10.006035,43,47
2026-07-25 05:09:38,mediboard,경기도,9,9,A2100046,한림대학교동탄성심병원,2147,C,21,28,32,58299913,3,3,21,2026-07-25T05:10:10.006035,40,44
2026-07-25 05:09:38,mediboard,경기도,3,3,A2100004,한림대학교성심병원,2127,A,21,18,25,58299542,10,11,21,2026-07-25T05:10:10.006035,31,39
2026-07-25 05:09:38,mediboard,경기도,0,0,A2100039,한양대학교구리병원,2108,C,21,16,18,58299595,5,5,21,2026-07-25T05:10:10.006035,21,23
2026-07-25 05:09:38,mediboard,경기도,0,0,A2100037,현대병원,2111,C,21,13,17,58299548,3,3,21,2026-07-25T05:10:10.006035,16,20
2026-07-25 05:09:38,mediboard,경기도,0,0,A2100015,효산의료재단안양샘병원,2128,C,21,15,17,58299593,3,3,21,2026-07-25T05:10:10.006035,18,20
2026-07-25 05:09:38,mediboard,경기도,0,0,A2100054,효산의료재단지샘병원,2109,C,21,17,18,58299915,4,4,21,2026-07-25T05:10:10.006035,21,22
2026-07-25 05:09:38,mediboard,강원특별자치도,3,3,A2200008,강릉아산병원,2201,A,22,19,23,58299765,5,5,22,2026-07-25T05:10:10.006035,27,31
2026-07-25 05:09:38,mediboard,강원특별자치도,3,3,A2200009,강원대학교병원,2213,C,22,16,21,58299918,5,5,22,2026-07-25T05:10:10.006035,24,29
2026-07-25 05:09:38,mediboard,강원특별자치도,0,0,A2200011,강원특별자치도강릉의료원,2201,D,22,4,5,58299711,1,1,22,2026-07-25T05:10:10.006035,5,6
2026-07-25 05:09:38,mediboard,강원특별자치도,1,1,A2200007,강원특별자치도삼척의료원,2204,C,22,15,16,58299552,3,5,22,2026-07-25T05:10:10.006035,19,22
2026-07-25 05:09:38,mediboard,강원특별자치도,0,0,A2200012,강원특별자치도속초의료원,2205,C,22,16,17,58299919,3,3,22,2026-07-25T05:10:10.006035,19,20
2026-07-25 05:09:38,mediboard,강원특별자치도,0,0,A2200002,강원특별자치도영월의료원,2208,D,22,9,9,58299600,1,1,22,2026-07-25T05:10:10.006035,10,10
2026-07-25 05:09:38,mediboard,강원특별자치도,0,0,A2200015,강원특별자치도원주의료원,2209,D,22,14,17,58299713,3,3,22,2026-07-25T05:10:10.006035,17,20
2026-07-25 05:09:38,mediboard,강원특별자치도,0,0,A2200048,근로복지공단정선병원,2211,D,22,5,5,58299656,1,1,22,2026-07-25T05:10:10.006035,6,6
2026-07-25 05:09:38,mediboard,강원특별자치도,0,0,A2200004,근로복지공단태백병원,2214,D,22,9,9,58299655,1,1,22,2026-07-25T05:10:10.006035,10,10
2026-07-25 05:09:38,mediboard,강원특별자치도,3,3,A2200001,연세대학교원주세브란스기독병원,2209,A,22,25,31,58299710,28,45,22,2026-07-25T05:10:10.006035,56,79
2026-07-25 05:09:38,mediboard,강원특별자치도,0,0,A2200005,의료법인강릉동인병원,2201,C,22,13,17,58299821,3,3,22,2026-07-25T05:10:10.006035,16,20
2026-07-25 05:09:38,mediboard,강원특별자치도,0,0,A2200003,의료법인동해동인병원,2203,D,22,9,10,58299820,1,1,22,2026-07-25T05:10:10.006035,10,11
2026-07-25 05:09:38,mediboard,강원특별자치도,0,0,A2200037,의료법인성심의료재단양구성심병원,2206,D,22,5,5,58299920,1,1,22,2026-07-25T05:10:10.006035,6,6
2026-07-25 05:09:38,mediboard,강원특별자치도,0,0,A2200024,의료법인성지의료재단성지병원,2209,D,22,6,7,58299767,1,1,22,2026-07-25T05:10:10.006035,7,8
2026-07-25 05:09:38,mediboard,강원특별자치도,0,0,A2200046,의료법인온세움의료재단온재병원,2205,D,22,7,9,58299921,1,1,22,2026-07-25T05:10:10.006035,8,10
2026-07-25 05:09:38,mediboard,강원특별자치도,0,0,A2201730,철원병원,2212,D,22,4,5,58299601,1,1,22,2026-07-25T05:10:10.006035,5,6
2026-07-25 05:09:38,mediboard,강원특별자치도,0,0,E2200026,평창군보건의료원,2215,D,22,6,6,58299677,1,1,22,2026-07-25T05:10:10.006035,7,7
2026-07-25 05:09:38,mediboard,강원특별자치도,3,3,A2200013,한림대학교춘천성심병원,2213,A,22,17,22,58299553,5,5,22,2026-07-25T05:10:10.006035,25,30
2026-07-25 05:09:38,mediboard,강원특별자치도,0,0,A2200014,홍천아산병원,2216,D,22,9,10,58299712,0,0,22,2026-07-25T05:10:10.006035,9,10
2026-07-25 05:09:38,mediboard,강원특별자치도,0,0,E2200025,화천군보건의료원,2217,D,22,7,7,58299792,1,1,22,2026-07-25T05:10:10.006035,8,8
2026-07-25 05:09:38,mediboard,강원특별자치도,0,0,A2200016,횡성대성병원,2218,D,22,9,9,58299766,1,1,22,2026-07-25T05:10:10.006035,10,10
2026-07-25 05:09:38,mediboard,충청북도,0,0,A2300010,건국대학교충주병원,2314,C,23,19,20,58299922,3,3,23,2026-07-25T05:10:10.006035,22,23
2026-07-25 05:09:38,mediboard,충청북도,0,0,E2300011,단양군보건의료원,2302,D,23,6,6,58299625,1,2,23,2026-07-25T05:10:10.006035,7,8
2026-07-25 05:09:38,mediboard,충청북도,0,0,A2300013,의료법인 건명의료재단 중앙제일병원,2309,C,23,15,17,58299822,3,5,23,2026-07-25T05:10:10.006035,18,22
2026-07-25 05:09:38,mediboard,충청북도,0,0,A2300034,의료법인대광의료재단괴산성모병원,2301,D,23,9,9,58299716,0,1,23,2026-07-25T05:10:10.006035,9,10
2026-07-25 05:09:38,mediboard,충청북도,3,3,A2300009,의료법인명지의료재단명지병원,2307,C,23,14,18,58299715,6,6,23,2026-07-25T05:10:10.006035,23,27
2026-07-25 05:09:38,mediboard,충청북도,0,0,A2300007,의료법인인화재단한국병원,2310,C,23,14,14,58299714,5,6,23,2026-07-25T05:10:10.006035,19,20
2026-07-25 05:09:38,mediboard,충청북도,0,0,A2300005,의료법인자산의료재단제천서울병원,2307,C,23,14,15,58299604,5,5,23,2026-07-25T05:10:10.006035,19,20
2026-07-25 05:09:38,mediboard,충청북도,0,0,A2300003,의료법인정산의료재단효성병원,2310,C,23,17,18,58299603,5,5,23,2026-07-25T05:10:10.006035,22,23
2026-07-25 05:09:38,mediboard,충청북도,0,0,A2300030,의료법인조윤의료재단영동병원,2304,D,23,10,10,58299823,0,0,23,2026-07-25T05:10:10.006035,10,10
2026-07-25 05:09:38,mediboard,충청북도,0,0,A2300002,의료법인한마음의료재단하나병원,2313,C,23,10,11,58299554,12,12,23,2026-07-25T05:10:10.006035,22,23
2026-07-25 05:09:38,mediboard,충청북도,0,0,A2300011,의료법인힐링의료재단옥천성모병원,2305,D,23,7,7,58299876,3,3,23,2026-07-25T05:10:10.006035,10,10
2026-07-25 05:09:38,mediboard,충청북도,0,0,A2300008,청주성모병원,2312,C,23,10,15,58299555,7,10,23,2026-07-25T05:10:10.006035,17,25
2026-07-25 05:09:38,mediboard,충청북도,8,8,A2300001,충북대학교병원,2311,A,23,27,32,58299602,5,5,23,2026-07-25T05:10:10.006035,40,45
2026-07-25 05:09:38,mediboard,충청북도,0,0,A2300006,충청북도청주의료원,2311,D,23,11,12,58299658,4,4,23,2026-07-25T05:10:10.006035,15,16
2026-07-25 05:09:38,mediboard,충청북도,0,0,A2300004,충청북도충주의료원,2314,D,23,15,18,58299657,3,3,23,2026-07-25T05:10:10.006035,18,21
2026-07-25 05:09:38,mediboard,충청남도,4,4,A2400002,단국대학교의과대학부속병원,2412,A,24,26,27,58299606,4,5,24,2026-07-25T05:10:10.006035,34,36
2026-07-25 05:09:38,mediboard,충청남도,0,0,A2400008,당진종합병원,2405,C,24,15,17,58299607,3,3,24,2026-07-25T05:10:10.006035,18,20
2026-07-25 05:09:38,mediboard,충청남도,0,4,A2400003,서산중앙병원,2408,C,24,16,17,58299556,3,3,24,2026-07-25T05:10:10.006035,19,24
2026-07-25 05:09:38,mediboard,충청남도,0,0,A2402257,아산충무병원,2410,C,24,11,13,58299923,8,8,24,2026-07-25T05:10:10.006035,19,21
2026-07-25 05:09:38,mediboard,충청남도,0,0,A2400044,의료법인 서해병원,2409,D,24,5,5,58299608,2,2,24,2026-07-25T05:10:10.006035,7,7
2026-07-25 05:09:38,mediboard,충청남도,0,0,A2400004,의료법인 예당의료재단 예산종합병원,2411,D,24,6,6,58299768,1,1,24,2026-07-25T05:10:10.006035,7,7
2026-07-25 05:09:38,mediboard,충청남도,0,0,A2400009,의료법인백제병원,2404,C,24,16,20,58299558,3,3,24,2026-07-25T05:10:10.006035,19,23
2026-07-25 05:09:38,mediboard,충청남도,0,0,A2400012,의료법인영서의료재단천안충무병원,2413,C,24,12,16,58299717,5,5,24,2026-07-25T05:10:10.006035,17,21
2026-07-25 05:09:38,mediboard,충청남도,0,0,A2400011,재단법인아산사회복지재단보령아산병원,2406,C,24,14,17,58299659,3,3,24,2026-07-25T05:10:10.006035,17,20
2026-07-25 05:09:38,mediboard,충청남도,0,0,E2400032,청양군보건의료원,2414,D,24,5,6,58299734,1,1,24,2026-07-25T05:10:10.006035,6,7
2026-07-25 05:09:38,mediboard,충청남도,0,0,A2400010,충청남도공주의료원,2402,D,24,14,15,58299559,1,1,24,2026-07-25T05:10:10.006035,15,16
2026-07-25 05:09:38,mediboard,충청남도,0,0,A2400006,충청남도서산의료원,2408,C,24,13,17,58299557,3,3,24,2026-07-25T05:10:10.006035,16,20
2026-07-25 05:09:38,mediboard,충청남도,0,0,A2400005,충청남도천안의료원,2412,D,24,11,12,58299824,1,2,24,2026-07-25T05:10:10.006035,12,14
2026-07-25 05:09:38,mediboard,충청남도,1,1,A2400007,충청남도홍성의료원,2416,C,24,15,18,58299877,3,3,24,2026-07-25T05:10:10.006035,19,22
2026-07-25 05:09:38,mediboard,충청남도,0,0,E2400033,태안군보건의료원,2415,D,24,10,10,58299569,1,1,24,2026-07-25T05:10:10.006035,11,11
2026-07-25 05:09:38,mediboard,충청남도,0,0,A2400038,학교법인건양교육재단건양대학교부여병원,2407,D,24,9,9,58299718,1,1,24,2026-07-25T05:10:10.006035,10,10
2026-07-25 05:09:38,mediboard,충청남도,18,18,A2400001,학교법인동은학원순천향대학교부속천안병원,2412,A,24,16,22,58299605,11,11,24,2026-07-25T05:10:10.006035,41,47
2026-07-25 05:09:38,mediboard,충청남도,0,0,A2400039,현대병원,2410,D,24,10,10,58299825,1,1,24,2026-07-25T05:10:10.006035,11,11
2026-07-25 05:09:38,mediboard,전북특별자치도,0,0,A2500038,김제우석병원,2503,D,25,10,10,58299560,1,1,25,2026-07-25T05:10:10.006035,11,11
2026-07-25 05:09:38,mediboard,전북특별자치도,0,0,A2500056,대자인병원,2512,C,25,24,33,58299720,3,3,25,2026-07-25T05:10:10.006035,27,36
2026-07-25 05:09:38,mediboard,전북특별자치도,0,0,E2500019,무주군보건의료원,2505,D,25,4,4,58299892,1,1,25,2026-07-25T05:10:10.006035,5,5
2026-07-25 05:09:38,mediboard,전북특별자치도,0,0,A2500010,부안성모병원,2506,D,25,8,10,58299827,2,2,25,2026-07-25T05:10:10.006035,10,12
2026-07-25 05:09:38,mediboard,전북특별자치도,3,3,A2502742,새강병원,2513,D,25,13,14,58299926,3,3,25,2026-07-25T05:10:10.006035,19,20
2026-07-25 05:09:38,mediboard,전북특별자치도,0,0,E2500021,순창군보건의료원,2507,D,25,9,9,58299626,1,1,25,2026-07-25T05:10:10.006035,10,10
2026-07-25 05:09:38,mediboard,전북특별자치도,3,3,A2500001,원광대학교병원,2509,A,25,13,28,58299924,4,5,25,2026-07-25T05:10:10.006035,20,36
2026-07-25 05:09:38,mediboard,전북특별자치도,0,0,A2500011,의료법인대산의료재단익산병원,2509,C,25,16,17,58299719,3,3,25,2026-07-25T05:10:10.006035,19,20
2026-07-25 05:09:38,mediboard,전북특별자치도,0,0,A2500009,의료법인석천재단고창병원,2501,D,25,9,10,58299878,1,1,25,2026-07-25T05:10:10.006035,10,11
2026-07-25 05:09:38,mediboard,전북특별자치도,0,0,A2500005,의료법인영경의료재단전주병원,2513,C,25,12,17,58299770,3,3,25,2026-07-25T05:10:10.006035,15,20
2026-07-25 05:09:38,mediboard,전북특별자치도,0,0,A2501890,의료법인영경의료재단호성전주병원,2512,D,25,5,9,58299660,1,1,25,2026-07-25T05:10:10.006035,6,10
2026-07-25 05:09:38,mediboard,전북특별자치도,0,0,A2500012,의료법인오성의료재단동군산병원,2502,C,25,12,17,58299925,6,6,25,2026-07-25T05:10:10.006035,18,23
2026-07-25 05:09:38,mediboard,전북특별자치도,0,0,E2500022,임실군보건의료원,2510,D,25,4,4,58299893,1,1,25,2026-07-25T05:10:10.006035,5,5
2026-07-25 05:09:38,mediboard,전북특별자치도,0,0,E2500020,장수군보건의료원,2511,D,25,5,5,58299735,1,1,25,2026-07-25T05:10:10.006035,6,6
2026-07-25 05:09:38,mediboard,전북특별자치도,0,0,A2500008,재단법인 아산사회복지재단 정읍아산병원,2514,C,25,17,17,58299610,3,3,25,2026-07-25T05:10:10.006035,20,20
2026-07-25 05:09:38,mediboard,전북특별자치도,12,12,A2500006,재단법인예수병원유지재단예수병원,2513,C,25,22,38,58299609,5,5,25,2026-07-25T05:10:10.006035,37,53
2026-07-25 05:09:38,mediboard,전북특별자치도,5,5,A2500002,전북대학교병원,2512,A,25,16,36,58299826,7,7,25,2026-07-25T05:10:10.006035,28,48
2026-07-25 05:09:38,mediboard,전북특별자치도,0,0,A2500007,전북특별자치도군산의료원,2502,C,25,12,17,58299771,3,3,25,2026-07-25T05:10:10.006035,15,20
2026-07-25 05:09:38,mediboard,전북특별자치도,0,0,A2500004,전북특별자치도남원의료원,2504,C,25,15,17,58299769,3,3,25,2026-07-25T05:10:10.006035,18,20
2026-07-25 05:09:38,mediboard,전북특별자치도,0,0,A2502031,진안군의료원,2515,D,25,6,6,58299828,2,2,25,2026-07-25T05:10:10.006035,8,8
2026-07-25 05:09:38,mediboard,전라남도,0,0,A2600029,곡성사랑병원,2603,D,26,5,5,58299830,1,1,26,2026-07-25T05:10:10.006035,6,6
2026-07-25 05:09:38,mediboard,전라남도,0,0,A2600006,광양사랑병원,2604,D,26,7,9,58299562,1,1,26,2026-07-25T05:10:10.006035,8,10
2026-07-25 05:09:38,mediboard,전라남도,0,0,A2600061,구례병원,2605,D,26,10,10,58299881,0,0,26,2026-07-25T05:10:10.006035,10,10
2026-07-25 05:09:38,mediboard,전라남도,0,0,A2600016,나주종합병원,2606,D,26,9,10,58299773,0,0,26,2026-07-25T05:10:10.006035,9,10
2026-07-25 05:09:38,mediboard,전라남도,0,0,A2600054,담양사랑병원,2607,D,26,6,6,58299777,2,2,26,2026-07-25T05:10:10.006035,8,8
2026-07-25 05:09:38,mediboard,전라남도,0,0,A2600003,대송의료재단무안병원,2609,D,26,3,4,58299879,1,1,26,2026-07-25T05:10:10.006035,4,5
2026-07-25 05:09:38,mediboard,전라남도,0,0,A2600020,목포기독병원,2608,D,26,15,17,58299612,3,3,26,2026-07-25T05:10:10.006035,18,20
2026-07-25 05:09:38,mediboard,전라남도,0,0,A2600022,목포시의료원,2608,D,26,9,9,58299930,1,1,26,2026-07-25T05:10:10.006035,10,10
2026-07-25 05:09:38,mediboard,전라남도,3,3,A2600011,목포한국병원,2608,A,26,15,18,58299721,5,5,26,2026-07-25T05:10:10.006035,23,26
2026-07-25 05:09:38,mediboard,전라남도,0,0,A2600052,보성아산병원,2610,D,26,8,8,58299934,1,1,26,2026-07-25T05:10:10.006035,9,9
2026-07-25 05:09:38,mediboard,전라남도,0,0,A2602211,빛가람종합병원,2606,D,26,9,9,58299664,1,1,26,2026-07-25T05:10:10.006035,10,10
2026-07-25 05:09:38,mediboard,전라남도,3,4,A2600019,성가롤로병원,2611,A,26,8,18,58299774,5,5,26,2026-07-25T05:10:10.006035,16,27
2026-07-25 05:09:38,mediboard,전라남도,0,0,A2600008,순천제일병원,2611,D,26,8,9,58299829,1,1,26,2026-07-25T05:10:10.006035,9,10
2026-07-25 05:09:38,mediboard,전라남도,0,0,A2600004,순천중앙병원,2611,D,26,5,5,58299772,1,1,26,2026-07-25T05:10:10.006035,6,6
2026-07-25 05:09:38,mediboard,전라남도,0,0,A2600010,여수전남병원,2613,D,26,7,10,58299928,1,1,26,2026-07-25T05:10:10.006035,8,11
2026-07-25 05:09:38,mediboard,전라남도,0,0,A2600014,여천전남병원,2613,C,26,16,17,58299611,3,3,26,2026-07-25T05:10:10.006035,19,20
2026-07-25 05:09:38,mediboard,전라남도,0,0,A2600015,영광종합병원,2614,D,26,10,10,58299880,3,3,26,2026-07-25T05:10:10.006035,13,13
2026-07-25 05:09:38,mediboard,전라남도,0,0,A2600070,영암한국병원,2615,D,26,7,8,58299882,0,1,26,2026-07-25T05:10:10.006035,7,9
2026-07-25 05:09:38,mediboard,전라남도,0,0,A2600032,완도대성병원,2616,D,26,4,5,58299723,1,1,26,2026-07-25T05:10:10.006035,5,6
2026-07-25 05:09:38,mediboard,전라남도,0,0,A2600034,의료법인 거명의료재단 영광기독병원,2614,D,26,10,10,58299776,1,1,26,2026-07-25T05:10:10.006035,11,11
2026-07-25 05:09:38,mediboard,전라남도,0,0,A2600017,의료법인목포구암의료재단목포중앙병원,2608,C,26,11,16,58299662,4,4,26,2026-07-25T05:10:10.006035,15,20
2026-07-25 05:09:38,mediboard,전라남도,0,0,A2600066,의료법인삼호의료재단벌교삼호병원,2610,D,26,6,6,58299614,1,1,26,2026-07-25T05:10:10.006035,7,7
2026-07-25 05:09:38,mediboard,전라남도,0,0,A2600051,의료법인신안대우병원,2612,D,26,4,4,58299933,1,1,26,2026-07-25T05:10:10.006035,5,5
2026-07-25 05:09:38,mediboard,전라남도,0,0,A2600018,의료법인영성의료재단고흥종합병원,2602,D,26,10,10,58299722,0,0,26,2026-07-25T05:10:10.006035,10,10
2026-07-25 05:09:38,mediboard,전라남도,0,0,A2600021,의료법인우범의료재단장흥종합병원,2618,D,26,9,9,58299929,1,1,26,2026-07-25T05:10:10.006035,10,10
2026-07-25 05:09:38,mediboard,전라남도,0,0,A2600068,의료법인장호의료재단녹동현대병원,2602,D,26,3,3,58299778,2,2,26,2026-07-25T05:10:10.006035,5,5
2026-07-25 05:09:38,mediboard,전라남도,0,0,A2600005,의료법인한국의료재단한국병원,2611,D,26,10,11,58299561,1,1,26,2026-07-25T05:10:10.006035,11,12
2026-07-25 05:09:38,mediboard,전라남도,0,0,A2600027,의료법인한마음의료재단여수제일병원,2613,D,26,7,9,58299775,1,1,26,2026-07-25T05:10:10.006035,8,10
2026-07-25 05:09:38,mediboard,전라남도,0,0,A2600035,의료법인행복나눔의료재단장성병원,2617,D,26,4,4,58299663,1,1,26,2026-07-25T05:10:10.006035,5,5
2026-07-25 05:09:38,mediboard,전라남도,0,0,A2600009,의료법인행촌의료재단해남종합병원,2621,D,26,9,10,58299927,1,1,26,2026-07-25T05:10:10.006035,10,11
2026-07-25 05:09:38,mediboard,전라남도,0,0,A2600024,의료법인현경의료재단광양서울병원,2604,D,26,9,9,58299931,1,1,26,2026-07-25T05:10:10.006035,10,10
2026-07-25 05:09:38,mediboard,전라남도,0,0,A2600037,장흥우리병원,2618,D,26,4,4,58299613,1,1,26,2026-07-25T05:10:10.006035,5,5
2026-07-25 05:09:38,mediboard,전라남도,0,0,A2600050,전라남도강진의료원,2601,D,26,8,9,58299831,1,1,26,2026-07-25T05:10:10.006035,9,10
2026-07-25 05:09:38,mediboard,전라남도,0,0,A2600056,전라남도순천의료원,2611,D,26,5,6,58299935,2,2,26,2026-07-25T05:10:10.006035,7,8
2026-07-25 05:09:38,mediboard,전라남도,0,0,A2600040,진도한국병원,2619,D,26,3,4,58299932,1,1,26,2026-07-25T05:10:10.006035,4,5
2026-07-25 05:09:38,mediboard,전라남도,0,0,A2600077,해남우리종합병원,2621,D,26,14,15,58299615,4,4,26,2026-07-25T05:10:10.006035,18,19
2026-07-25 05:09:38,mediboard,전라남도,1,1,A2600001,화순전남대학교병원,2622,C,26,11,16,58299661,7,7,26,2026-07-25T05:10:10.006035,19,24
2026-07-25 05:09:38,mediboard,경상북도,0,0,A2700018,경상북도김천의료원,2706,D,27,14,17,58299784,1,1,27,2026-07-25T05:10:10.006035,15,18
2026-07-25 05:09:38,mediboard,경상북도,0,0,A2700001,경상북도안동의료원,2711,D,27,6,6,58299563,2,2,27,2026-07-25T05:10:10.006035,8,8
2026-07-25 05:09:38,mediboard,경상북도,0,0,A2700005,경상북도포항의료원,2724,D,27,8,8,58299779,2,2,27,2026-07-25T05:10:10.006035,10,10
2026-07-25 05:09:38,mediboard,경상북도,0,0,A2700097,계명대학교경주동산병원,2702,D,27,7,9,58299832,1,1,27,2026-07-25T05:10:10.006035,8,10
2026-07-25 05:09:38,mediboard,경상북도,0,0,A2700015,구미강동병원,2704,D,27,5,7,58299783,3,3,27,2026-07-25T05:10:10.006035,8,10
2026-07-25 05:09:38,mediboard,경상북도,2,3,A2700003,동국대학교의과대학경주병원,2702,C,27,14,16,58299883,7,7,27,2026-07-25T05:10:10.006035,23,26
2026-07-25 05:09:38,mediboard,경상북도,0,0,A2700011,상주적십자병원,2709,D,27,8,9,58299936,1,1,27,2026-07-25T05:10:10.006035,9,10
2026-07-25 05:09:38,mediboard,경상북도,3,4,A2700013,순천향대학교부속구미병원,2704,C,27,12,13,58299667,3,3,27,2026-07-25T05:10:10.006035,18,20
2026-07-25 05:09:38,mediboard,경상북도,0,0,A2700004,안동성소병원,2711,C,27,11,12,58299564,8,8,27,2026-07-25T05:10:10.006035,19,20
2026-07-25 05:09:38,mediboard,경상북도,0,0,A2700008,에스포항병원,2723,D,27,6,6,58299781,1,1,27,2026-07-25T05:10:10.006035,7,7
2026-07-25 05:09:38,mediboard,경상북도,0,0,A2700017,영남대학교의과대학부속영천병원,2715,D,27,6,10,58299725,2,3,27,2026-07-25T05:10:10.006035,8,13
2026-07-25 05:09:38,mediboard,경상북도,0,0,A2700031,영주기독병원,2714,D,27,4,4,58299617,1,1,27,2026-07-25T05:10:10.006035,5,5
2026-07-25 05:09:38,mediboard,경상북도,0,0,A2700020,영주자인병원,2714,D,27,4,4,58299726,1,1,27,2026-07-25T05:10:10.006035,5,5
2026-07-25 05:09:38,mediboard,경상북도,0,0,A2702752,영주적십자병원,2714,D,27,9,10,58299669,1,1,27,2026-07-25T05:10:10.006035,10,11
2026-07-25 05:09:38,mediboard,경상북도,0,0,E2700553,울릉군보건의료원,2717,D,27,5,5,58299570,0,0,27,2026-07-25T05:10:10.006035,5,5
2026-07-25 05:09:38,mediboard,경상북도,0,0,A2700052,울진군의료원,2718,D,27,7,8,58299619,2,2,27,2026-07-25T05:10:10.006035,9,10
2026-07-25 05:09:38,mediboard,경상북도,0,0,A2700019,의)근원의료재단경산중앙병원,2701,D,27,10,10,58299616,2,2,27,2026-07-25T05:10:10.006035,12,12
2026-07-25 05:09:38,mediboard,경상북도,0,0,A2700038,의료법인대남의료재단청도대남병원,2720,D,27,10,10,58299937,0,0,27,2026-07-25T05:10:10.006035,10,10
2026-07-25 05:09:38,mediboard,경상북도,0,0,A2700012,의료법인덕산의료재단김천제일병원,2706,C,27,16,16,58299782,4,4,27,2026-07-25T05:10:10.006035,20,20
2026-07-25 05:09:38,mediboard,경상북도,0,0,A2700006,의료법인동춘의료재단문경제일병원,2707,C,27,16,17,58299780,2,3,27,2026-07-25T05:10:10.006035,18,20
2026-07-25 05:09:38,mediboard,경상북도,0,0,A2700009,의료법인삼백의료재단상주성모병원,2709,D,27,9,9,58299884,1,1,27,2026-07-25T05:10:10.006035,10,10
2026-07-25 05:09:38,mediboard,경상북도,0,0,A2700036,의료법인서명의료재단세명종합병원,2701,D,27,12,13,58299618,2,2,27,2026-07-25T05:10:10.006035,14,15
2026-07-25 05:09:38,mediboard,경상북도,0,0,A2700023,의료법인서준의료재단예천권병원,2716,D,27,6,6,58299668,1,1,27,2026-07-25T05:10:10.006035,7,7
2026-07-25 05:09:38,mediboard,경상북도,1,3,A2700014,의료법인안동병원,2711,A,27,9,17,58299565,5,5,27,2026-07-25T05:10:10.006035,15,25
2026-07-25 05:09:38,mediboard,경상북도,0,0,A2700070,의료법인영암의료재단고령영생병원,2703,D,27,5,5,58299728,1,1,27,2026-07-25T05:10:10.006035,6,6
2026-07-25 05:09:38,mediboard,경상북도,0,0,A2700063,의료법인영제의료재단영남제일병원,2719,D,27,4,5,58299727,1,1,27,2026-07-25T05:10:10.006035,5,6
2026-07-25 05:09:38,mediboard,경상북도,0,0,A2702563,의료법인은성의료재단좋은선린병원,2724,D,27,10,10,58299729,2,2,27,2026-07-25T05:10:10.006035,12,12
2026-07-25 05:09:38,mediboard,경상북도,5,5,A2700007,차의과학대학교부속구미차병원,2704,A,27,18,20,58299666,6,12,27,2026-07-25T05:10:10.006035,29,37
2026-07-25 05:09:38,mediboard,경상북도,0,0,E2700554,청송군보건의료원,2721,D,27,5,5,58299793,1,1,27,2026-07-25T05:10:10.006035,6,6
2026-07-25 05:09:38,mediboard,경상북도,11,11,A2700016,포항성모병원,2723,A,27,13,20,58299724,5,15,27,2026-07-25T05:10:10.006035,29,46
2026-07-25 05:09:38,mediboard,경상북도,0,0,A2700002,포항세명기독병원,2723,C,27,10,15,58299665,10,10,27,2026-07-25T05:10:10.006035,20,25
2026-07-25 05:09:38,mediboard,경상남도,0,0,A2800032,강병원,2803,D,28,9,9,58299835,1,1,28,2026-07-25T05:10:10.006035,10,10
2026-07-25 05:09:38,mediboard,경상남도,0,0,A2803677,강일병원,2804,D,28,8,8,58299674,3,3,28,2026-07-25T05:10:10.006035,11,11
2026-07-25 05:09:38,mediboard,경상남도,0,0,A2800076,거창적십자병원,2802,D,28,9,9,58299838,1,1,28,2026-07-25T05:10:10.006035,10,10
2026-07-25 05:09:38,mediboard,경상남도,3,3,A2800001,경상국립대학교병원,2811,A,28,19,30,58299885,5,5,28,2026-07-25T05:10:10.006035,27,38
2026-07-25 05:09:38,mediboard,경상남도,0,0,A2800025,경상남도마산의료원,2813,D,28,12,13,58299672,2,2,28,2026-07-25T05:10:10.006035,14,15
2026-07-25 05:09:38,mediboard,경상남도,0,0,A2800113,밀양병원,2806,D,28,6,8,58299890,1,1,28,2026-07-25T05:10:10.006035,7,9
2026-07-25 05:09:38,mediboard,경상남도,0,0,A2800084,반도병원,2811,D,28,6,7,58299790,1,1,28,2026-07-25T05:10:10.006035,7,8
2026-07-25 05:09:38,mediboard,경상남도,0,0,A2800019,베데스다복음병원,2809,D,28,9,9,58299887,1,1,28,2026-07-25T05:10:10.006035,10,10
2026-07-25 05:09:38,mediboard,경상남도,0,0,E2800380,산청군보건의료원,2808,D,28,5,5,58299678,1,1,28,2026-07-25T05:10:10.006035,6,6
2026-07-25 05:09:38,mediboard,경상남도,0,0,A2800055,삼성합천병원,2822,D,28,4,4,58299836,1,1,28,2026-07-25T05:10:10.006035,5,5
2026-07-25 05:09:38,mediboard,경상남도,0,0,A2800101,삼천포제일병원,2807,D,28,8,8,58299673,2,2,28,2026-07-25T05:10:10.006035,10,10
2026-07-25 05:09:38,mediboard,경상남도,0,0,A2800092,새통영병원,2818,D,28,7,9,58299622,1,1,28,2026-07-25T05:10:10.006035,8,10
2026-07-25 05:09:38,mediboard,경상남도,9,10,A2800011,양산부산대학교병원,2809,A,28,18,23,58299730,8,8,28,2026-07-25T05:10:10.006035,33,39
2026-07-25 05:09:38,mediboard,경상남도,0,0,A2804593,양산성모병원,2809,D,28,13,13,58299675,1,1,28,2026-07-25T05:10:10.006035,14,14
2026-07-25 05:09:38,mediboard,경상남도,0,0,A2800021,연세에스병원,2817,D,28,9,9,58299621,1,1,28,2026-07-25T05:10:10.006035,10,10
2026-07-25 05:09:38,mediboard,경상남도,0,0,A2800090,의령병원,2810,D,28,4,4,58299732,1,1,28,2026-07-25T05:10:10.006035,5,5
2026-07-25 05:09:38,mediboard,경상남도,0,0,A2800008,의료법인 거붕 백병원,2801,D,28,5,9,58299786,1,1,28,2026-07-25T05:10:10.006035,6,10
2026-07-25 05:09:38,mediboard,경상남도,0,0,A2800005,의료법인 대우의료재단대우병원,2801,D,28,4,9,58299566,1,1,28,2026-07-25T05:10:10.006035,5,10
2026-07-25 05:09:38,mediboard,경상남도,0,0,A2800015,의료법인 문병욱의료재단 진주고려병원,2811,D,28,10,10,58299886,1,1,28,2026-07-25T05:10:10.006035,11,11
2026-07-25 05:09:38,mediboard,경상남도,0,0,A2800022,의료법인 성념의료재단맑은샘병원,2801,D,28,9,9,58299938,1,1,28,2026-07-25T05:10:10.006035,10,10
2026-07-25 05:09:38,mediboard,경상남도,0,0,A2800094,의료법인 이도의료재단 남해병원,2805,D,28,7,8,58299733,2,2,28,2026-07-25T05:10:10.006035,9,10
2026-07-25 05:09:38,mediboard,경상남도,0,0,A2800014,의료법인갑을의료재단 갑을장유병원,2804,D,28,8,9,58299788,1,1,28,2026-07-25T05:10:10.006035,9,10
2026-07-25 05:09:38,mediboard,경상남도,0,0,A2800006,의료법인숭인의료재단 김해복음병원,2804,C,28,16,16,58299833,4,4,28,2026-07-25T05:10:10.006035,20,20
2026-07-25 05:09:38,mediboard,경상남도,0,0,A2800068,의료법인승연의료재단 삼천포서울병원,2807,D,28,9,9,58299837,1,1,28,2026-07-25T05:10:10.006035,10,10
2026-07-25 05:09:38,mediboard,경상남도,0,0,A2800009,의료법인청아의료재단청아병원,2814,D,28,8,9,58299787,1,1,28,2026-07-25T05:10:10.006035,9,10
2026-07-25 05:09:38,mediboard,경상남도,0,0,A2800017,의료법인합포의료재단에스엠지연세병원,2813,C,28,17,17,58299731,3,3,28,2026-07-25T05:10:10.006035,20,20
2026-07-25 05:09:38,mediboard,경상남도,0,0,A2800010,의료법인환명의료재단 조은금강병원,2804,C,28,13,17,58299671,3,3,28,2026-07-25T05:10:10.006035,16,20
2026-07-25 05:09:38,mediboard,경상남도,0,0,A2800003,제일병원,2811,C,28,12,17,58299670,3,3,28,2026-07-25T05:10:10.006035,15,20
2026-07-25 05:09:38,mediboard,경상남도,0,0,A2800037,진주복음병원,2811,D,28,9,9,58299567,1,1,28,2026-07-25T05:10:10.006035,10,10
2026-07-25 05:09:38,mediboard,경상남도,0,0,A2803505,창원경상국립대학교병원,2815,C,28,15,18,58299623,3,10,28,2026-07-25T05:10:10.006035,18,28
2026-07-25 05:09:38,mediboard,경상남도,0,0,A2800004,창원파티마병원,2816,C,28,12,17,58299785,3,3,28,2026-07-25T05:10:10.006035,15,20
2026-07-25 05:09:38,mediboard,경상남도,0,0,A2800007,창원한마음병원,2816,C,28,15,21,58299834,4,4,28,2026-07-25T05:10:10.006035,19,25
2026-07-25 05:09:38,mediboard,경상남도,0,0,A2800062,태황의료재단한성병원,2812,D,28,9,9,58299889,1,1,28,2026-07-25T05:10:10.006035,10,10
2026-07-25 05:09:38,mediboard,경상남도,7,8,A2800020,학교법인성균관대학삼성창원병원,2814,A,28,21,27,58299620,5,5,28,2026-07-25T05:10:10.006035,33,40
2026-07-25 05:09:38,mediboard,경상남도,0,0,A2800043,한일병원,2811,C,28,17,17,58299888,3,3,28,2026-07-25T05:10:10.006035,20,20
2026-07-25 05:09:38,mediboard,경상남도,0,0,A2800080,함양성심병원,2821,D,28,3,4,58299789,1,1,28,2026-07-25T05:10:10.006035,4,5
2026-07-25 05:09:38,mediboard,제주특별자치도,0,0,A2900003,의료법인 혜인의료재단 한국병원,2902,D,29,8,9,58299839,0,1,29,2026-07-25T05:10:10.006035,8,10
2026-07-25 05:09:38,mediboard,제주특별자치도,1,1,A2900006,의료법인중앙의료재단중앙병원,2902,C,29,8,16,58299676,3,3,29,2026-07-25T05:10:10.006035,12,20
2026-07-25 05:09:38,mediboard,제주특별자치도,0,0,A2900007,제주대학교병원,2902,C,29,7,20,58299791,4,6,29,2026-07-25T05:10:10.006035,11,26
2026-07-25 05:09:38,mediboard,제주특별자치도,4,4,A2900002,제주특별자치도서귀포의료원,2901,C,29,8,16,58299624,5,5,29,2026-07-25T05:10:10.006035,17,25
2026-07-25 05:09:38,mediboard,제주특별자치도,3,3,A2900001,제주한라병원,2902,A,29,10,17,58299939,5,5,29,2026-07-25T05:10:10.006035,18,25
2026-07-25 05:09:38,mediboard,제주특별자치도,0,0,A2900005,한마음병원,2902,C,29,11,17,58299891,1,3,29,2026-07-25T05:10:10.006035,12,20
2026-07-25 06:54:49,mediboard,서울특별시,0,0,A1100011,가톨릭대학교여의도성모병원,1120,C,11,12,15,58308417,5,5,11,2026-07-25T06:55:10.006215,17,20
2026-07-25 06:54:49,mediboard,서울특별시,8,8,A1121013,가톨릭대학교은평성모병원,1122,C,11,17,24,58308636,4,4,11,2026-07-25T06:55:10.006215,29,36
2026-07-25 06:54:49,mediboard,서울특별시,3,3,A1100043,강동경희대학교병원,1102,A,11,8,15,58308310,5,5,11,2026-07-25T06:55:10.006215,16,23
2026-07-25 06:54:49,mediboard,서울특별시,2,2,A1100006,강북삼성병원,1123,C,11,4,15,58308630,2,3,11,2026-07-25T06:55:10.006215,8,20
2026-07-25 06:54:49,mediboard,서울특별시,3,4,A1100002,건국대학교병원,1106,C,11,8,20,58308530,3,3,11,2026-07-25T06:55:10.006215,14,27
2026-07-25 06:54:49,mediboard,서울특별시,0,0,A1100039,경찰병원,1118,D,11,3,3,58308535,2,2,11,2026-07-25T06:55:10.006215,5,5
2026-07-25 06:54:49,mediboard,서울특별시,3,3,A1100001,경희대학교병원,1111,C,11,12,15,58308472,5,5,11,2026-07-25T06:55:10.006215,20,23
2026-07-25 06:54:49,mediboard,서울특별시,3,3,A1100014,고려대학교의과대학부속구로병원,1107,A,11,17,29,58308418,5,5,11,2026-07-25T06:55:10.006215,25,37
2026-07-25 06:54:49,mediboard,서울특별시,0,0,A1100026,구로성심병원,1107,D,11,6,9,58308633,1,1,11,2026-07-25T06:55:10.006215,7,10
2026-07-25 06:54:49,mediboard,서울특별시,3,3,A1100052,국립중앙의료원,1124,C,11,246,246,58308581,1235,1236,11,2026-07-25T06:55:10.006215,1484,1485
2026-07-25 06:54:49,mediboard,서울특별시,0,0,A1122033,기쁨병원,1115,D,11,2,4,58308265,1,1,11,2026-07-25T06:55:10.006215,3,5
2026-07-25 06:54:49,mediboard,서울특별시,0,0,A1100048,노원을지대학교병원,1109,C,11,16,17,58308263,5,5,11,2026-07-25T06:55:10.006215,21,22
2026-07-25 06:54:49,mediboard,서울특별시,0,0,A1100044,녹색병원,1125,D,11,4,5,58308580,5,5,11,2026-07-25T06:55:10.006215,9,10
2026-07-25 06:54:49,mediboard,서울특별시,0,0,A1100037,대림성모병원,1120,D,11,8,8,58308421,2,2,11,2026-07-25T06:55:10.006215,10,10
2026-07-25 06:54:49,mediboard,서울특별시,0,0,A1100024,명지성모병원,1120,D,11,7,8,58308261,2,2,11,2026-07-25T06:55:10.006215,9,10
2026-07-25 06:54:49,mediboard,서울특별시,0,0,A1100036,부민병원,1104,D,11,9,10,58308634,1,1,11,2026-07-25T06:55:10.006215,10,11
2026-07-25 06:54:49,mediboard,서울특별시,1,4,A1100010,삼성서울병원,1101,C,11,1,52,58308531,4,4,11,2026-07-25T06:55:10.006215,6,60
2026-07-25 06:54:49,mediboard,서울특별시,0,0,A1100021,삼육서울병원,1111,C,11,12,13,58308532,6,7,11,2026-07-25T06:55:10.006215,18,20
2026-07-25 06:54:49,mediboard,서울특별시,10,12,A1100017,서울대학교병원,1123,A,11,-3,24,58308260,5,8,11,2026-07-25T06:55:10.006215,10,42
2026-07-25 06:54:49,mediboard,서울특별시,0,0,A1100050,서울성심병원,1111,D,11,17,17,58308536,3,3,11,2026-07-25T06:55:10.006215,20,20
2026-07-25 06:54:49,mediboard,서울특별시,0,0,A1100029,서울적십자병원,1123,D,11,10,10,58308364,1,1,11,2026-07-25T06:55:10.006215,11,11
2026-07-25 06:54:49,mediboard,서울특별시,0,0,A1100022,서울특별시동부병원,1111,D,11,7,8,58308307,2,2,11,2026-07-25T06:55:10.006215,9,10
2026-07-25 06:54:49,mediboard,서울특별시,3,3,A1100040,서울특별시보라매병원,1112,C,11,24,31,58308365,2,3,11,2026-07-25T06:55:10.006215,29,37
2026-07-25 06:54:49,mediboard,서울특별시,0,0,A1100223,서울특별시서남병원,1119,D,11,17,17,58308311,3,3,11,2026-07-25T06:55:10.006215,20,20
2026-07-25 06:54:49,mediboard,서울특별시,3,3,A1100035,서울특별시서울의료원,1125,A,11,7,19,58308534,5,5,11,2026-07-25T06:55:10.006215,15,27
2026-07-25 06:54:49,mediboard,서울특별시,0,0,A1100028,성심의료재단강동성심병원,1102,C,11,11,15,58308533,9,9,11,2026-07-25T06:55:10.006215,20,24
2026-07-25 06:54:49,mediboard,서울특별시,0,0,A1100054,성애의료재단성애병원,1120,C,11,15,15,58308582,5,11,11,2026-07-25T06:55:10.006215,20,26
2026-07-25 06:54:49,mediboard,서울특별시,0,0,A1100032,세란병원,1123,D,11,10,10,58308420,1,1,11,2026-07-25T06:55:10.006215,11,11
2026-07-25 06:54:49,mediboard,서울특별시,4,4,A1100004,순천향대학교부속서울병원,1121,C,11,17,20,58308416,3,3,11,2026-07-25T06:55:10.006215,24,27
2026-07-25 06:54:49,mediboard,서울특별시,0,0,A1100045,씨엠병원,1120,D,11,9,9,58308476,1,1,11,2026-07-25T06:55:10.006215,10,10
2026-07-25 06:54:49,mediboard,서울특별시,2,2,A1100015,연세대학교의과대학강남세브란스병원,1101,C,11,7,21,58308632,3,3,11,2026-07-25T06:55:10.006215,12,26
2026-07-25 06:54:49,mediboard,서울특별시,6,10,A1100007,연세대학교의과대학세브란스병원,1114,C,11,8,39,58308577,5,6,11,2026-07-25T06:55:10.006215,18,53
2026-07-25 06:54:49,mediboard,서울특별시,0,0,A1100025,의료법인동신의료재단동신병원,1114,D,11,8,9,58308579,1,1,11,2026-07-25T06:55:10.006215,9,10
2026-07-25 06:54:49,mediboard,서울특별시,0,0,A1100041,의료법인서울효천의료재단에이치플러스양지병원,1105,C,11,16,18,58308309,3,3,11,2026-07-25T06:55:10.006215,19,21
2026-07-25 06:54:49,mediboard,서울특별시,0,0,A1100023,의료법인청구성심병원,1122,D,11,10,10,58308308,1,1,11,2026-07-25T06:55:10.006215,11,11
2026-07-25 06:54:49,mediboard,서울특별시,0,0,A1100075,의료법인풍산의료재단동부제일병원,1125,D,11,6,7,58308264,1,1,11,2026-07-25T06:55:10.006215,7,8
2026-07-25 06:54:49,mediboard,서울특별시,2,2,A1100020,의료법인한전의료재단한일병원,1110,C,11,12,21,58308475,4,4,11,2026-07-25T06:55:10.006215,18,27
2026-07-25 06:54:49,mediboard,서울특별시,8,8,A1100005,이화여자대학교의과대학부속목동병원,1119,A,11,13,19,58308576,5,6,11,2026-07-25T06:55:10.006215,26,33
2026-07-25 06:54:49,mediboard,서울특별시,7,9,A1120796,이화여자대학교의과대학부속서울병원,1104,C,11,7,14,58308537,8,8,11,2026-07-25T06:55:10.006215,22,31
2026-07-25 06:54:49,mediboard,서울특별시,0,0,A1100016,인제대학교상계백병원,1109,C,11,8,16,58308578,6,7,11,2026-07-25T06:55:10.006215,14,23
2026-07-25 06:54:49,mediboard,서울특별시,9,14,A1100009,재단법인아산사회복지재단서울아산병원,1118,C,11,14,36,58308474,15,26,11,2026-07-25T06:55:10.006215,35,73
2026-07-25 06:54:49,mediboard,서울특별시,4,4,A1100003,중앙대학교병원,1112,C,11,16,18,58308415,0,0,11,2026-07-25T06:55:10.006215,20,22
2026-07-25 06:54:49,mediboard,서울특별시,8,9,A1100012,학교법인가톨릭학원가톨릭대학교서울성모병원,1115,C,11,-4,28,58308363,3,8,11,2026-07-25T06:55:10.006215,5,43
2026-07-25 06:54:49,mediboard,서울특별시,4,4,A1100008,학교법인고려중앙학원고려대학교의과대학부속병원(안암병원),1117,A,11,13,30,58308473,9,9,11,2026-07-25T06:55:10.006215,26,43
2026-07-25 06:54:49,mediboard,서울특별시,0,0,A1100053,한국보훈복지의료공단중앙보훈병원,1102,C,11,19,22,58308422,3,3,11,2026-07-25T06:55:10.006215,22,25
2026-07-25 06:54:49,mediboard,서울특별시,0,0,A1100027,한국원자력의학원원자력병원,1109,D,11,9,9,58308262,3,3,11,2026-07-25T06:55:10.006215,12,12
2026-07-25 06:54:49,mediboard,서울특별시,3,3,A1100055,한림대학교강남성심병원,1120,C,11,18,20,58308478,5,5,11,2026-07-25T06:55:10.006215,26,28
2026-07-25 06:54:49,mediboard,서울특별시,2,3,A1100013,한양대학교병원,1116,A,11,18,20,58308631,9,12,11,2026-07-25T06:55:10.006215,29,35
2026-07-25 06:54:49,mediboard,서울특별시,0,0,A1100051,혜민병원,1106,D,11,9,9,58308477,1,1,11,2026-07-25T06:55:10.006215,10,10
2026-07-25 06:54:49,mediboard,서울특별시,0,0,A1100019,홍익병원,1119,D,11,7,9,58308419,0,1,11,2026-07-25T06:55:10.006215,7,10
2026-07-25 06:54:49,mediboard,서울특별시,0,0,A1100049,희명병원,1108,D,11,8,10,58308635,1,1,11,2026-07-25T06:55:10.006215,9,11
2026-07-25 06:54:49,mediboard,부산광역시,0,0,A1200028,(의)서일의료재단기장병원,1203,D,12,8,9,58308539,1,1,12,2026-07-25T06:55:10.006215,9,10
2026-07-25 06:54:49,mediboard,부산광역시,0,0,A1200004,고신대학교복음병원,1211,C,12,14,25,58308312,5,5,12,2026-07-25T06:55:10.006215,19,30
2026-07-25 06:54:49,mediboard,부산광역시,0,0,A1200045,구포성심병원,1208,D,12,6,9,58308370,1,1,12,2026-07-25T06:55:10.006215,7,10
2026-07-25 06:54:49,mediboard,부산광역시,3,3,A1200018,대동병원,1206,C,12,11,15,58308425,3,3,12,2026-07-25T06:55:10.006215,17,21
2026-07-25 06:54:49,mediboard,부산광역시,0,0,A1200015,동남권원자력의학원원자력병원,1203,D,12,6,9,58308482,1,1,12,2026-07-25T06:55:10.006215,7,10
2026-07-25 06:54:49,mediboard,부산광역시,0,0,A1200011,동래봉생병원,1206,D,12,5,8,58308585,2,2,12,2026-07-25T06:55:10.006215,7,10
2026-07-25 06:54:49,mediboard,부산광역시,3,3,A1200003,동아대학교병원,1211,A,12,21,26,58308637,8,8,12,2026-07-25T06:55:10.006215,32,37
2026-07-25 06:54:49,mediboard,부산광역시,0,0,A1200024,부산광역시의료원,1213,D,12,16,18,58308587,2,8,12,2026-07-25T06:55:10.006215,18,26
2026-07-25 06:54:49,mediboard,부산광역시,3,3,A1200002,부산대학교병원,1211,C,12,15,19,58308266,2,3,12,2026-07-25T06:55:10.006215,20,25
2026-07-25 06:54:49,mediboard,부산광역시,4,4,A1200013,부산성모병원(재단법인 천주교부산교구유지재단),1204,D,12,9,10,58308481,5,5,12,2026-07-25T06:55:10.006215,18,19
2026-07-25 06:54:49,mediboard,부산광역시,0,0,A1200007,비에이치에스한서병원,1212,C,12,16,17,58308480,1,3,12,2026-07-25T06:55:10.006215,17,20
2026-07-25 06:54:49,mediboard,부산광역시,0,0,A1200021,삼육부산병원,1211,D,12,7,9,58308368,1,1,12,2026-07-25T06:55:10.006215,8,10
2026-07-25 06:54:49,mediboard,부산광역시,0,0,A1200014,영도병원,1214,D,12,6,7,58308367,2,2,12,2026-07-25T06:55:10.006215,8,9
2026-07-25 06:54:49,mediboard,부산광역시,0,0,A1200009,의료법인 광혜의료재단 광혜병원,1206,D,12,9,9,58308584,3,3,12,2026-07-25T06:55:10.006215,12,12
2026-07-25 06:54:49,mediboard,부산광역시,0,0,A1200098,의료법인 센텀의료재단 센텀종합병원,1212,D,12,5,9,58308483,1,1,12,2026-07-25T06:55:10.006215,6,10
2026-07-25 06:54:49,mediboard,부산광역시,0,0,A1200020,의료법인 온그룹의료재단 온병원,1207,C,12,20,20,58308267,3,3,12,2026-07-25T06:55:10.006215,23,23
2026-07-25 06:54:49,mediboard,부산광역시,0,0,A1200008,의료법인 은성의료재단 좋은강안병원,1212,D,12,16,18,58308423,3,3,12,2026-07-25T06:55:10.006215,19,21
2026-07-25 06:54:49,mediboard,부산광역시,1,1,A1200005,의료법인 은성의료재단 좋은삼선병원,1209,C,12,11,13,58308366,4,6,12,2026-07-25T06:55:10.006215,16,20
2026-07-25 06:54:49,mediboard,부산광역시,0,0,A1200006,의료법인 인당의료재단 부민병원,1208,D,12,6,10,58308583,2,2,12,2026-07-25T06:55:10.006215,8,12
2026-07-25 06:54:49,mediboard,부산광역시,0,0,A1205143,의료법인 인당의료재단 해운대부민병원,1216,D,12,8,9,58308540,1,1,12,2026-07-25T06:55:10.006215,9,10
2026-07-25 06:54:49,mediboard,부산광역시,0,0,A1200012,의료법인 행도의료재단 해동병원,1214,D,12,6,6,58308313,1,1,12,2026-07-25T06:55:10.006215,7,7
2026-07-25 06:54:49,mediboard,부산광역시,0,0,A1200017,의료법인정화의료재단 봉생기념병원,1205,D,12,5,9,58308424,2,2,12,2026-07-25T06:55:10.006215,7,11
2026-07-25 06:54:49,mediboard,부산광역시,2,3,A1200022,인제대학교 해운대백병원,1216,A,12,24,29,58308538,5,5,12,2026-07-25T06:55:10.006215,31,37
2026-07-25 06:54:49,mediboard,부산광역시,0,0,A1200001,인제대학교부산백병원,1207,C,12,15,18,58308479,3,3,12,2026-07-25T06:55:10.006215,18,21
2026-07-25 06:54:49,mediboard,부산광역시,0,0,A1200023,재단법인천주교부산교구유지재단 메리놀병원,1215,D,12,8,9,58308369,0,1,12,2026-07-25T06:55:10.006215,8,10
2026-07-25 06:54:49,mediboard,부산광역시,2,2,A1200026,좋은문화병원,1205,D,12,4,7,58308269,3,3,12,2026-07-25T06:55:10.006215,9,12
2026-07-25 06:54:49,mediboard,부산광역시,0,0,A1200025,학교법인 춘해병원,1207,D,12,9,9,58308268,1,1,12,2026-07-25T06:55:10.006215,10,10
2026-07-25 06:54:49,mediboard,부산광역시,0,0,A1200019,학교법인)동의병원,1207,D,12,13,14,58308314,1,1,12,2026-07-25T06:55:10.006215,14,15
2026-07-25 06:54:49,mediboard,부산광역시,0,0,A1200016,한국보훈복지의료공단 부산보훈병원,1209,D,12,11,11,58308586,2,2,12,2026-07-25T06:55:10.006215,13,13
2026-07-25 06:54:49,mediboard,인천광역시,0,0,A1300081,(재)미리내천주성삼성직수도회천주성삼병원,1307,D,13,8,9,58308485,1,2,13,2026-07-25T06:55:10.006215,9,11
2026-07-25 06:54:49,mediboard,인천광역시,0,0,A1300018,강남종합병원,1304,D,13,14,15,58308592,1,1,13,2026-07-25T06:55:10.006215,15,16
2026-07-25 06:54:49,mediboard,인천광역시,4,4,A1300002,경북대학교병원,1308,A,13,16,27,58308588,4,5,13,2026-07-25T06:55:10.006215,24,36
2026-07-25 06:54:49,mediboard,인천광역시,0,0,A1303386,계명대학교대구동산병원,1308,D,13,9,12,58308316,2,2,13,2026-07-25T06:55:10.006215,11,14
2026-07-25 06:54:49,mediboard,인천광역시,0,0,A1300003,계명대학교동산병원,1302,C,13,3,20,58308270,5,5,13,2026-07-25T06:55:10.006215,8,25
2026-07-25 06:54:49,mediboard,인천광역시,0,0,A1300008,곽병원,1308,D,13,10,10,58308591,2,2,13,2026-07-25T06:55:10.006215,12,12
2026-07-25 06:54:49,mediboard,인천광역시,0,0,A1300038,나사렛종합병원,1302,D,13,9,9,58308638,2,10,13,2026-07-25T06:55:10.006215,11,19
2026-07-25 06:54:49,mediboard,인천광역시,0,0,A1300004,대구가톨릭대학교병원,1301,C,13,18,24,58308372,4,4,13,2026-07-25T06:55:10.006215,22,28
2026-07-25 06:54:49,mediboard,인천광역시,0,0,A1300005,대구가톨릭대학교칠곡가톨릭병원,1305,D,13,9,9,58308589,1,1,13,2026-07-25T06:55:10.006215,10,10
2026-07-25 06:54:49,mediboard,인천광역시,0,0,A1300076,대구굿모닝병원,1306,D,13,17,17,58308593,2,2,13,2026-07-25T06:55:10.006215,19,19
2026-07-25 06:54:49,mediboard,인천광역시,0,0,A1300007,대구의료원,1306,D,13,17,18,58308590,2,2,13,2026-07-25T06:55:10.006215,19,20
2026-07-25 06:54:49,mediboard,인천광역시,5,5,A1300009,대구파티마병원,1304,C,13,12,25,58308373,7,7,13,2026-07-25T06:55:10.006215,24,37
2026-07-25 06:54:49,mediboard,인천광역시,0,0,A1300110,더블유병원,1302,D,13,8,10,58308426,1,1,13,2026-07-25T06:55:10.006215,9,11
2026-07-25 06:54:49,mediboard,인천광역시,0,0,A1300034,드림종합병원,1301,D,13,8,8,58308484,2,2,13,2026-07-25T06:55:10.006215,10,10
2026-07-25 06:54:49,mediboard,인천광역시,0,0,A1300045,삼일병원,1302,D,13,12,14,58308375,1,1,13,2026-07-25T06:55:10.006215,13,15
2026-07-25 06:54:49,mediboard,인천광역시,3,3,A1300001,영남대학교병원,1301,A,13,19,28,58308371,5,5,13,2026-07-25T06:55:10.006215,27,36
2026-07-25 06:54:49,mediboard,인천광역시,0,0,A1300006,의료법인구의료재단구병원,1302,D,13,8,10,58308315,1,1,13,2026-07-25T06:55:10.006215,9,11
2026-07-25 06:54:49,mediboard,인천광역시,9,9,A1300010,칠곡경북대학교병원,1305,C,13,10,23,58308541,4,6,13,2026-07-25T06:55:10.006215,21,36
2026-07-25 06:54:49,mediboard,인천광역시,0,0,A1300011,한국보훈복지의료공단대구보훈병원,1302,D,13,11,12,58308374,2,2,13,2026-07-25T06:55:10.006215,13,14
2026-07-25 06:54:49,mediboard,대구광역시,0,0,A1400008,(의)성세의료재단 뉴성민병원,1407,D,14,8,9,58308318,1,1,14,2026-07-25T06:55:10.006215,9,10
2026-07-25 06:54:49,mediboard,대구광역시,3,3,A1400015,가톨릭관동대학교국제성모병원,1407,C,14,14,23,58308429,4,5,14,2026-07-25T06:55:10.006215,21,31
2026-07-25 06:54:49,mediboard,대구광역시,3,4,A1400012,가톨릭대학교 인천성모병원,1406,C,14,11,19,58308543,7,8,14,2026-07-25T06:55:10.006215,21,31
2026-07-25 06:54:49,mediboard,대구광역시,0,0,A1400010,검단탑병원,1407,C,14,18,18,58308271,3,3,14,2026-07-25T06:55:10.006215,21,21
2026-07-25 06:54:49,mediboard,대구광역시,0,0,A1403617,비에스종합병원,1401,D,14,10,10,58308488,1,1,14,2026-07-25T06:55:10.006215,11,11
2026-07-25 06:54:49,mediboard,대구광역시,0,0,A1400013,안은의료재단 부평세림병원,1406,C,14,16,16,58308428,4,4,14,2026-07-25T06:55:10.006215,20,20
2026-07-25 06:54:49,mediboard,대구광역시,0,0,A1400005,온누리병원,1407,D,14,9,9,58308542,2,2,14,2026-07-25T06:55:10.006215,11,11
2026-07-25 06:54:49,mediboard,대구광역시,10,11,A1400001,의료법인 길의료재단 길병원,1404,A,14,16,25,58308594,6,7,14,2026-07-25T06:55:10.006215,30,41
2026-07-25 06:54:49,mediboard,대구광역시,0,0,A1400011,의료법인 나사렛의료재단 나사렛국제병원,1408,C,14,17,17,58308272,3,5,14,2026-07-25T06:55:10.006215,20,22
2026-07-25 06:54:49,mediboard,대구광역시,0,0,A1400003,의료법인 루가의료재단 나은병원,1407,C,14,11,11,58308317,10,10,14,2026-07-25T06:55:10.006215,21,21
2026-07-25 06:54:49,mediboard,대구광역시,0,0,A1400007,의료법인 성수의료재단 인천백병원,1405,D,14,5,5,58308427,1,1,14,2026-07-25T06:55:10.006215,6,6
2026-07-25 06:54:49,mediboard,대구광역시,0,0,A1400014,의료법인인성의료재단한림병원,1402,C,14,15,17,58308544,4,4,14,2026-07-25T06:55:10.006215,19,21
2026-07-25 06:54:49,mediboard,대구광역시,0,0,A1400017,인천광역시의료원,1405,D,14,14,15,58308320,2,2,14,2026-07-25T06:55:10.006215,16,17
2026-07-25 06:54:49,mediboard,대구광역시,0,0,A1400037,인천광역시의료원백령병원,1409,D,14,5,5,58308431,1,1,14,2026-07-25T06:55:10.006215,6,6
2026-07-25 06:54:49,mediboard,대구광역시,0,0,A1400009,인천기독병원,1410,D,14,7,8,58308319,1,1,14,2026-07-25T06:55:10.006215,8,9
2026-07-25 06:54:49,mediboard,대구광역시,0,0,A1400016,인천사랑병원,1403,C,14,12,14,58308486,7,7,14,2026-07-25T06:55:10.006215,19,21
2026-07-25 06:54:49,mediboard,대구광역시,0,0,A1403372,인천세종병원,1402,C,14,16,18,58308487,3,3,14,2026-07-25T06:55:10.006215,19,21
2026-07-25 06:54:49,mediboard,대구광역시,0,0,A1400018,인천적십자병원,1408,D,14,8,8,58308430,2,2,14,2026-07-25T06:55:10.006215,10,10
2026-07-25 06:54:49,mediboard,대구광역시,0,0,A1403871,인천힘찬종합병원,1404,D,14,14,17,58308545,3,6,14,2026-07-25T06:55:10.006215,17,23
2026-07-25 06:54:49,mediboard,대구광역시,7,9,A1400002,인하대학교의과대학부속병원,1410,A,14,10,20,58308376,9,9,14,2026-07-25T06:55:10.006215,24,36
2026-07-25 06:54:49,mediboard,대구광역시,0,0,A1400004,현대유비스병원,1403,D,14,17,18,58308595,1,1,14,2026-07-25T06:55:10.006215,18,19
2026-07-25 06:54:49,mediboard,광주광역시,7,7,A1500019,KS병원,1501,C,15,13,15,58308546,3,3,15,2026-07-25T06:55:10.006215,23,25
2026-07-25 06:54:49,mediboard,광주광역시,0,0,A1500021,광주기독병원,1502,C,15,9,20,58308547,3,6,15,2026-07-25T06:55:10.006215,12,26
2026-07-25 06:54:49,mediboard,광주광역시,0,0,A1500015,광주병원,1504,D,15,7,10,58308275,1,1,15,2026-07-25T06:55:10.006215,8,11
2026-07-25 06:54:49,mediboard,광주광역시,0,0,A1500004,광주보훈병원,1501,D,15,14,14,58308377,2,2,15,2026-07-25T06:55:10.006215,16,16
2026-07-25 06:54:49,mediboard,광주광역시,0,0,A1502007,광주센트럴병원,1501,D,15,10,10,58308599,1,1,15,2026-07-25T06:55:10.006215,11,11
2026-07-25 06:54:49,mediboard,광주광역시,0,0,A1500018,광주수완병원,1501,D,15,8,9,58308276,0,1,15,2026-07-25T06:55:10.006215,8,10
2026-07-25 06:54:49,mediboard,광주광역시,0,0,A1500009,광주씨티병원,1502,D,15,9,10,58308273,1,1,15,2026-07-25T06:55:10.006215,10,11
2026-07-25 06:54:49,mediboard,광주광역시,0,0,A1500005,광주일곡병원,1504,D,15,8,9,58308639,1,1,15,2026-07-25T06:55:10.006215,9,10
2026-07-25 06:54:49,mediboard,광주광역시,0,0,A1500016,광주한국병원,1505,D,15,11,15,58308491,1,1,15,2026-07-25T06:55:10.006215,12,16
2026-07-25 06:54:49,mediboard,광주광역시,0,0,A1500003,광주현대병원,1504,D,15,9,9,58308489,2,2,15,2026-07-25T06:55:10.006215,11,11
2026-07-25 06:54:49,mediboard,광주광역시,0,0,A1500007,광주희망병원,1504,D,15,9,9,58308321,1,1,15,2026-07-25T06:55:10.006215,10,10
2026-07-25 06:54:49,mediboard,광주광역시,0,0,A1500013,동아병원,1502,D,15,8,9,58308274,1,1,15,2026-07-25T06:55:10.006215,9,10
2026-07-25 06:54:49,mediboard,광주광역시,0,0,A1500014,미래로21병원,1505,D,15,6,9,58308490,1,1,15,2026-07-25T06:55:10.006215,7,10
2026-07-25 06:54:49,mediboard,광주광역시,0,0,A1500022,상무병원,1505,D,15,9,9,58308598,1,1,15,2026-07-25T06:55:10.006215,10,10
2026-07-25 06:54:49,mediboard,광주광역시,2,2,A1500020,서광병원,1505,C,15,17,18,58308642,3,3,15,2026-07-25T06:55:10.006215,22,23
2026-07-25 06:54:49,mediboard,광주광역시,0,0,A1500006,신가병원,1501,D,15,8,9,58308640,2,2,15,2026-07-25T06:55:10.006215,10,11
2026-07-25 06:54:49,mediboard,광주광역시,0,0,A1500010,운암한국병원,1504,D,15,6,9,58308597,1,1,15,2026-07-25T06:55:10.006215,7,10
2026-07-25 06:54:49,mediboard,광주광역시,4,4,A1500002,전남대학교병원,1503,A,15,12,28,58308596,5,7,15,2026-07-25T06:55:10.006215,21,39
2026-07-25 06:54:49,mediboard,광주광역시,4,4,A1500001,조선대학교병원,1503,A,15,17,23,58308432,4,5,15,2026-07-25T06:55:10.006215,25,32
2026-07-25 06:54:49,mediboard,광주광역시,0,0,A1500011,첨단종합병원,1501,C,15,20,22,58308641,3,3,15,2026-07-25T06:55:10.006215,23,25
2026-07-25 06:54:49,mediboard,광주광역시,0,0,A1500017,하남성심병원,1501,D,15,18,19,58308433,1,2,15,2026-07-25T06:55:10.006215,19,21
2026-07-25 06:54:49,mediboard,대전광역시,0,0,A1600004,대전보훈병원,1601,D,16,7,7,58308277,2,2,16,2026-07-25T06:55:10.006215,9,9
2026-07-25 06:54:49,mediboard,대전광역시,0,0,A1600003,대전한국병원,1602,D,16,9,9,58308434,1,1,16,2026-07-25T06:55:10.006215,10,10
2026-07-25 06:54:49,mediboard,대전광역시,0,0,A1602246,대청병원,1603,D,16,9,9,58308548,1,1,16,2026-07-25T06:55:10.006215,10,10
2026-07-25 06:54:49,mediboard,대전광역시,0,0,A1600008,의료법인영훈의료재단대전선병원,1605,C,16,12,17,58308435,4,9,16,2026-07-25T06:55:10.006215,16,26
2026-07-25 06:54:49,mediboard,대전광역시,0,0,A1600007,의료법인영훈의료재단유성선병원,1604,C,16,13,17,58308323,3,7,16,2026-07-25T06:55:10.006215,16,24
2026-07-25 06:54:49,mediboard,대전광역시,5,6,A1600001,충남대학교병원,1605,A,16,18,28,58308378,5,5,16,2026-07-25T06:55:10.006215,28,39
2026-07-25 06:54:49,mediboard,대전광역시,0,0,A1600005,학교법인가톨릭학원가톨릭대학교대전성모병원,1605,C,16,12,19,58308643,3,3,16,2026-07-25T06:55:10.006215,15,22
2026-07-25 06:54:49,mediboard,대전광역시,4,5,A1600006,학교법인건양교육재단건양대학교병원,1603,A,16,18,24,58308322,5,5,16,2026-07-25T06:55:10.006215,27,34
2026-07-25 06:54:49,mediboard,대전광역시,0,0,A1600002,학교법인을지학원대전을지대학교병원,1603,C,16,23,23,58308600,6,6,16,2026-07-25T06:55:10.006215,29,29
2026-07-25 06:54:49,mediboard,울산광역시,0,0,A1700001,서울산보람병원,1704,D,17,7,10,58308324,1,1,17,2026-07-25T06:55:10.006215,8,11
2026-07-25 06:54:49,mediboard,울산광역시,0,0,A1700003,울산병원,1701,C,17,15,19,58308492,3,3,17,2026-07-25T06:55:10.006215,18,22
2026-07-25 06:54:49,mediboard,울산광역시,0,0,A1700002,의료법인동강의료재단동강병원,1705,C,17,21,24,58308549,3,3,17,2026-07-25T06:55:10.006215,24,27
2026-07-25 06:54:49,mediboard,울산광역시,0,0,A1700025,의료법인송은의료재단울산시티병원,1703,C,17,12,17,58308493,3,3,17,2026-07-25T06:55:10.006215,15,20
2026-07-25 06:54:49,mediboard,울산광역시,0,0,A1700011,의료법인은성의료재단좋은삼정병원,1701,D,17,6,9,58308550,1,1,17,2026-07-25T06:55:10.006215,7,10
2026-07-25 06:54:49,mediboard,울산광역시,0,0,A1700028,의료법인정안의료재단중앙병원,1701,C,17,14,17,58308379,3,3,17,2026-07-25T06:55:10.006215,17,20
2026-07-25 06:54:49,mediboard,울산광역시,8,8,A1700004,학교법인울산공업학원울산대학교병원,1702,A,17,10,23,58308436,6,6,17,2026-07-25T06:55:10.006215,24,37
2026-07-25 06:54:49,mediboard,경기도,0,0,A2100019,(의)영문의료재단다보스병원,2136,C,21,12,13,58308280,7,7,21,2026-07-25T06:55:10.006215,19,20
2026-07-25 06:54:49,mediboard,경기도,0,0,A2100122,(의)효심의료재단용인서울병원,2136,D,21,10,10,58308652,0,0,21,2026-07-25T06:55:10.006215,10,10
2026-07-25 06:54:49,mediboard,경기도,0,0,A2100052,가톨릭대학교부천성모병원,2113,C,21,27,31,58308285,6,6,21,2026-07-25T06:55:10.006215,33,37
2026-07-25 06:54:49,mediboard,경기도,8,8,A2100012,가톨릭대학교성빈센트병원,2122,C,21,22,28,58308437,6,6,21,2026-07-25T06:55:10.006215,34,40
2026-07-25 06:54:49,mediboard,경기도,11,11,A2100040,가톨릭대학교의정부성모병원,2138,A,21,37,44,58308332,6,6,21,2026-07-25T06:55:10.006215,54,61
2026-07-25 06:54:49,mediboard,경기도,0,0,A2100029,강남병원,2134,C,21,16,17,58308553,3,3,21,2026-07-25T06:55:10.006215,19,20
2026-07-25 06:54:49,mediboard,경기도,0,0,A2100032,경기도의료원수원병원,2121,D,21,8,8,58308495,5,5,21,2026-07-25T06:55:10.006215,13,13
2026-07-25 06:54:49,mediboard,경기도,0,0,A2100045,경기도의료원안성병원,2126,D,21,13,14,58308496,1,5,21,2026-07-25T06:55:10.006215,14,19
2026-07-25 06:54:49,mediboard,경기도,0,0,A2100043,경기도의료원의정부병원,2138,D,21,10,10,58308648,1,1,21,2026-07-25T06:55:10.006215,11,11
2026-07-25 06:54:49,mediboard,경기도,0,0,A2100193,경기도의료원이천병원,2139,C,21,15,17,58308334,3,3,21,2026-07-25T06:55:10.006215,18,20
2026-07-25 06:54:49,mediboard,경기도,0,0,A2100035,경기도의료원파주병원,2140,C,21,15,17,58308283,3,3,21,2026-07-25T06:55:10.006215,18,20
2026-07-25 06:54:49,mediboard,경기도,0,0,A2100031,경기도의료원포천병원,2142,C,21,16,17,58308440,3,3,21,2026-07-25T06:55:10.006215,19,20
2026-07-25 06:54:49,mediboard,경기도,4,4,A2100003,고려대학교의과대학부속안산병원,2124,A,21,15,22,58308327,8,8,21,2026-07-25T06:55:10.006215,27,34
2026-07-25 06:54:49,mediboard,경기도,4,4,A2100007,광명성애병원,2106,C,21,8,11,58308602,4,5,21,2026-07-25T06:55:10.006215,16,20
2026-07-25 06:54:49,mediboard,경기도,0,0,A2100258,국군수도병원,2116,D,21,15,16,58308555,0,2,21,2026-07-25T06:55:10.006215,15,18
2026-07-25 06:54:49,mediboard,경기도,0,0,A2100049,국립암센터,2103,D,21,11,24,58308442,1,1,21,2026-07-25T06:55:10.006215,12,25
2026-07-25 06:54:49,mediboard,경기도,4,5,A2100033,국민건강보험공단일산병원,2103,A,21,20,23,58308646,5,5,21,2026-07-25T06:55:10.006215,29,33
2026-07-25 06:54:49,mediboard,경기도,0,0,A2100014,근로복지공단안산병원,2125,D,21,6,7,58308381,1,1,21,2026-07-25T06:55:10.006215,7,8
2026-07-25 06:54:49,mediboard,경기도,0,0,A2100041,남양주한양병원,2111,C,21,16,17,58308647,3,3,21,2026-07-25T06:55:10.006215,19,20
2026-07-25 06:54:49,mediboard,경기도,0,0,A2100017,대아의료재단한도병원,2124,C,21,17,17,58308382,3,3,21,2026-07-25T06:55:10.006215,20,20
2026-07-25 06:54:49,mediboard,경기도,3,3,A2100025,대진의료재단분당제생병원,2116,C,21,14,24,58308604,3,3,21,2026-07-25T06:55:10.006215,20,30
2026-07-25 06:54:49,mediboard,경기도,3,3,A2100047,동국대학교일산불교병원,2103,C,21,15,19,58308441,7,7,21,2026-07-25T06:55:10.006215,25,29
2026-07-25 06:54:49,mediboard,경기도,0,0,A2100131,메디인병원,2140,D,21,12,12,58308606,2,2,21,2026-07-25T06:55:10.006215,14,14
2026-07-25 06:54:49,mediboard,경기도,0,0,A2121142,메디필드한강병원,2136,D,21,17,17,58308611,3,3,21,2026-07-25T06:55:10.006215,20,20
2026-07-25 06:54:49,mediboard,경기도,0,0,A2100055,부천세종병원,2113,C,21,14,17,58308387,3,3,21,2026-07-25T06:55:10.006215,17,20
2026-07-25 06:54:49,mediboard,경기도,4,5,A2100001,분당서울대학교병원,2116,A,21,-13,30,58308326,5,5,21,2026-07-25T06:55:10.006215,-4,40
2026-07-25 06:54:49,mediboard,경기도,6,6,A2116806,성남시의료원,2117,C,21,16,17,58308610,6,6,21,2026-07-25T06:55:10.006215,28,29
2026-07-25 06:54:49,mediboard,경기도,0,0,A2100194,세종여주병원,2131,D,21,4,6,58308286,10,10,21,2026-07-25T06:55:10.006215,14,16
2026-07-25 06:54:49,mediboard,경기도,0,0,A2100016,순천의료재단성남정병원,2117,D,21,8,9,58308330,2,2,21,2026-07-25T06:55:10.006215,10,11
2026-07-25 06:54:49,mediboard,경기도,5,5,A2100005,순천향대학교부속부천병원,2113,A,21,8,17,58308279,4,5,21,2026-07-25T06:55:10.006215,17,27
2026-07-25 06:54:49,mediboard,경기도,13,14,A2100002,아주대학교병원,2120,A,21,28,32,58308380,12,13,21,2026-07-25T06:55:10.006215,49,54
2026-07-25 06:54:49,mediboard,경기도,0,0,A2100305,안성성모병원,2126,D,21,8,9,58308609,1,1,21,2026-07-25T06:55:10.006215,9,10
2026-07-25 06:54:49,mediboard,경기도,0,0,A2100089,양평병원,2130,D,21,6,9,58308498,1,1,21,2026-07-25T06:55:10.006215,7,10
2026-07-25 06:54:49,mediboard,경기도,0,0,A2118188,엘병원,2111,D,21,7,8,58308500,2,2,21,2026-07-25T06:55:10.006215,9,10
2026-07-25 06:54:49,mediboard,경기도,6,6,A2100020,연세대학교의과대학용인세브란스병원,2134,C,21,15,16,58308644,4,4,21,2026-07-25T06:55:10.006215,25,26
2026-07-25 06:54:49,mediboard,경기도,0,0,E2100187,연천군보건의료원,2132,D,21,10,10,58308304,0,0,21,2026-07-25T06:55:10.006215,10,10
2026-07-25 06:54:49,mediboard,경기도,0,0,A2100024,오산한국병원,2133,C,21,14,17,58308645,3,3,21,2026-07-25T06:55:10.006215,17,20
2026-07-25 06:54:49,mediboard,경기도,0,0,A2100048,원광대학교산본병원,2109,C,21,15,17,58308386,3,3,21,2026-07-25T06:55:10.006215,18,20
2026-07-25 06:54:49,mediboard,경기도,0,0,A2100013,의료법인 록향의료재단 신천연합병원,2123,D,21,7,10,58308603,1,1,21,2026-07-25T06:55:10.006215,8,11
2026-07-25 06:54:49,mediboard,경기도,0,0,A2100036,의료법인 일심의료재단 포천우리병원,2142,D,21,18,18,58308385,4,4,21,2026-07-25T06:55:10.006215,22,22
2026-07-25 06:54:49,mediboard,경기도,0,0,A2100309,의료법인갈렌의료재단박병원,2141,D,21,8,10,58308444,1,1,21,2026-07-25T06:55:10.006215,9,11
2026-07-25 06:54:49,mediboard,경기도,5,5,A2100008,의료법인남촌의료재단시화병원,2123,C,21,14,16,58308328,6,6,21,2026-07-25T06:55:10.006215,25,27
2026-07-25 06:54:49,mediboard,경기도,0,0,A2100009,의료법인녹산의료재단동수원병원,2122,C,21,10,17,58308494,3,3,21,2026-07-25T06:55:10.006215,13,20
2026-07-25 06:54:49,mediboard,경기도,0,0,A2100050,의료법인대인의료재단다니엘종합병원,2113,D,21,4,6,58308650,4,4,21,2026-07-25T06:55:10.006215,8,10
2026-07-25 06:54:49,mediboard,경기도,3,3,A2121061,의료법인덕산의료재단수원덕산병원,2119,D,21,23,24,58308653,3,3,21,2026-07-25T06:55:10.006215,29,30
2026-07-25 06:54:49,mediboard,경기도,0,0,A2117135,의료법인명인의료재단화홍병원,2119,C,21,13,15,58308389,5,5,21,2026-07-25T06:55:10.006215,18,20
2026-07-25 06:54:49,mediboard,경기도,3,3,A2100042,의료법인명지의료재단명지병원,2102,A,21,12,15,58308605,11,11,21,2026-07-25T06:55:10.006215,23,26
2026-07-25 06:54:49,mediboard,경기도,0,0,A2100022,의료법인박애의료재단박애병원,2141,D,21,10,10,58308383,1,1,21,2026-07-25T06:55:10.006215,11,11
2026-07-25 06:54:49,mediboard,경기도,0,0,A2100028,의료법인백송의료재단굿모닝병원,2141,C,21,15,19,58308384,8,9,21,2026-07-25T06:55:10.006215,23,28
2026-07-25 06:54:49,mediboard,경기도,0,0,A2100027,의료법인석경의료재단센트럴병원,2123,D,21,17,18,58308439,3,3,21,2026-07-25T06:55:10.006215,20,21
2026-07-25 06:54:49,mediboard,경기도,0,0,A2116972,의료법인성광의료재단일산차병원,2103,D,21,6,6,58308388,4,4,21,2026-07-25T06:55:10.006215,10,10
2026-07-25 06:54:49,mediboard,경기도,0,0,A2113246,의료법인양진의료재단평택성모병원,2141,C,21,11,17,58308445,3,3,21,2026-07-25T06:55:10.006215,14,20
2026-07-25 06:54:49,mediboard,경기도,0,0,A2100034,의료법인영동의료재단의정부백병원,2138,D,21,10,10,58308282,2,2,21,2026-07-25T06:55:10.006215,12,12
2026-07-25 06:54:49,mediboard,경기도,0,0,A2100053,의료법인우리의료재단김포우리병원,2110,C,21,21,22,58308497,7,7,21,2026-07-25T06:55:10.006215,28,29
2026-07-25 06:54:49,mediboard,경기도,0,0,A2115699,의료법인원광의료재단원광종합병원,2146,D,21,7,9,58308335,1,1,21,2026-07-25T06:55:10.006215,8,10
2026-07-25 06:54:49,mediboard,경기도,0,0,A2100018,의료법인은혜와감사의료재단화성중앙종합병원,2144,D,21,9,9,58308552,1,1,21,2026-07-25T06:55:10.006215,10,10
2026-07-25 06:54:49,mediboard,경기도,0,0,A2100006,의료법인인봉의료재단뉴고려병원,2110,C,21,12,14,58308601,6,6,21,2026-07-25T06:55:10.006215,18,20
2026-07-25 06:54:49,mediboard,경기도,0,0,A2100290,의료법인자인의료재단(더자인병원),2102,D,21,15,16,58308443,4,4,21,2026-07-25T06:55:10.006215,19,20
2026-07-25 06:54:49,mediboard,경기도,0,0,A2100124,의료법인칠석의료재단사랑의병원,2125,D,21,10,13,58308333,1,1,21,2026-07-25T06:55:10.006215,11,14
2026-07-25 06:54:49,mediboard,경기도,0,0,A2100175,의료법인토마스의료재단윌스기념병원,2122,D,21,14,18,58308608,3,3,21,2026-07-25T06:55:10.006215,17,21
2026-07-25 06:54:49,mediboard,경기도,0,0,A2100021,의료법인플러스의료재단단원병원,2124,D,21,17,17,58308438,3,3,21,2026-07-25T06:55:10.006215,20,20
2026-07-25 06:54:49,mediboard,경기도,0,4,A2100038,인제대학교일산백병원,2104,C,21,25,34,58308554,6,6,21,2026-07-25T06:55:10.006215,31,44
2026-07-25 06:54:49,mediboard,경기도,0,0,A2118788,중앙대학교광명병원,2106,C,21,15,21,58308287,2,3,21,2026-07-25T06:55:10.006215,17,24
2026-07-25 06:54:49,mediboard,경기도,11,13,A2100030,차의과학대학교분당차병원,2116,A,21,18,22,58308281,7,7,21,2026-07-25T06:55:10.006215,34,40
2026-07-25 06:54:49,mediboard,경기도,1,1,A2100155,참조은병원,2107,C,21,7,9,58308607,10,10,21,2026-07-25T06:55:10.006215,18,20
2026-07-25 06:54:49,mediboard,경기도,0,0,A2100150,추병원,2138,D,21,10,12,58308499,2,2,21,2026-07-25T06:55:10.006215,12,14
2026-07-25 06:54:49,mediboard,경기도,6,6,A2117994,학교법인을지학원의정부을지대학교병원,2138,C,21,25,30,58308390,10,11,21,2026-07-25T06:55:10.006215,41,47
2026-07-25 06:54:49,mediboard,경기도,9,9,A2100046,한림대학교동탄성심병원,2147,C,21,28,32,58308649,3,3,21,2026-07-25T06:55:10.006215,40,44
2026-07-25 06:54:49,mediboard,경기도,3,3,A2100004,한림대학교성심병원,2127,A,21,14,25,58308278,10,11,21,2026-07-25T06:55:10.006215,27,39
2026-07-25 06:54:49,mediboard,경기도,0,0,A2100039,한양대학교구리병원,2108,C,21,15,18,58308331,5,5,21,2026-07-25T06:55:10.006215,20,23
2026-07-25 06:54:49,mediboard,경기도,0,0,A2100037,현대병원,2111,C,21,16,17,58308284,3,3,21,2026-07-25T06:55:10.006215,19,20
2026-07-25 06:54:49,mediboard,경기도,0,0,A2100015,효산의료재단안양샘병원,2128,C,21,15,17,58308329,3,3,21,2026-07-25T06:55:10.006215,18,20
2026-07-25 06:54:49,mediboard,경기도,0,0,A2100054,효산의료재단지샘병원,2109,C,21,16,18,58308651,4,4,21,2026-07-25T06:55:10.006215,20,22
2026-07-25 06:54:49,mediboard,강원특별자치도,3,3,A2200008,강릉아산병원,2201,A,22,17,23,58308501,5,5,22,2026-07-25T06:55:10.006215,25,31
2026-07-25 06:54:49,mediboard,강원특별자치도,3,3,A2200009,강원대학교병원,2213,C,22,18,21,58308654,5,5,22,2026-07-25T06:55:10.006215,26,29
2026-07-25 06:54:49,mediboard,강원특별자치도,0,0,A2200011,강원특별자치도강릉의료원,2201,D,22,4,5,58308447,1,1,22,2026-07-25T06:55:10.006215,5,6
2026-07-25 06:54:49,mediboard,강원특별자치도,1,1,A2200007,강원특별자치도삼척의료원,2204,C,22,16,16,58308288,3,5,22,2026-07-25T06:55:10.006215,20,22
2026-07-25 06:54:49,mediboard,강원특별자치도,0,0,A2200012,강원특별자치도속초의료원,2205,C,22,14,17,58308655,3,3,22,2026-07-25T06:55:10.006215,17,20
2026-07-25 06:54:49,mediboard,강원특별자치도,0,0,A2200002,강원특별자치도영월의료원,2208,D,22,7,9,58308336,1,1,22,2026-07-25T06:55:10.006215,8,10
2026-07-25 06:54:49,mediboard,강원특별자치도,0,0,A2200015,강원특별자치도원주의료원,2209,D,22,12,17,58308449,3,3,22,2026-07-25T06:55:10.006215,15,20
2026-07-25 06:54:49,mediboard,강원특별자치도,0,0,A2200048,근로복지공단정선병원,2211,D,22,5,5,58308392,1,1,22,2026-07-25T06:55:10.006215,6,6
2026-07-25 06:54:49,mediboard,강원특별자치도,0,0,A2200004,근로복지공단태백병원,2214,D,22,7,9,58308391,1,1,22,2026-07-25T06:55:10.006215,8,10
2026-07-25 06:54:49,mediboard,강원특별자치도,2,3,A2200001,연세대학교원주세브란스기독병원,2209,A,22,25,31,58308446,28,45,22,2026-07-25T06:55:10.006215,55,79
2026-07-25 06:54:49,mediboard,강원특별자치도,0,0,A2200005,의료법인강릉동인병원,2201,C,22,15,17,58308557,3,3,22,2026-07-25T06:55:10.006215,18,20
2026-07-25 06:54:49,mediboard,강원특별자치도,0,0,A2200003,의료법인동해동인병원,2203,D,22,9,10,58308556,1,1,22,2026-07-25T06:55:10.006215,10,11
2026-07-25 06:54:49,mediboard,강원특별자치도,0,0,A2200037,의료법인성심의료재단양구성심병원,2206,D,22,5,5,58308656,1,1,22,2026-07-25T06:55:10.006215,6,6
2026-07-25 06:54:49,mediboard,강원특별자치도,0,0,A2200024,의료법인성지의료재단성지병원,2209,D,22,6,7,58308503,1,1,22,2026-07-25T06:55:10.006215,7,8
2026-07-25 06:54:49,mediboard,강원특별자치도,0,0,A2200046,의료법인온세움의료재단온재병원,2205,D,22,6,9,58308657,1,1,22,2026-07-25T06:55:10.006215,7,10
2026-07-25 06:54:49,mediboard,강원특별자치도,0,0,A2201730,철원병원,2212,D,22,5,5,58308337,1,1,22,2026-07-25T06:55:10.006215,6,6
2026-07-25 06:54:49,mediboard,강원특별자치도,0,0,E2200026,평창군보건의료원,2215,D,22,6,6,58308413,1,1,22,2026-07-25T06:55:10.006215,7,7
2026-07-25 06:54:49,mediboard,강원특별자치도,3,3,A2200013,한림대학교춘천성심병원,2213,A,22,20,22,58308289,5,5,22,2026-07-25T06:55:10.006215,28,30
2026-07-25 06:54:49,mediboard,강원특별자치도,0,0,A2200014,홍천아산병원,2216,D,22,8,10,58308448,0,0,22,2026-07-25T06:55:10.006215,8,10
2026-07-25 06:54:49,mediboard,강원특별자치도,0,0,E2200025,화천군보건의료원,2217,D,22,7,7,58308528,1,1,22,2026-07-25T06:55:10.006215,8,8
2026-07-25 06:54:49,mediboard,강원특별자치도,0,0,A2200016,횡성대성병원,2218,D,22,9,9,58308502,1,1,22,2026-07-25T06:55:10.006215,10,10
2026-07-25 06:54:49,mediboard,충청북도,0,0,A2300010,건국대학교충주병원,2314,C,23,18,20,58308658,3,3,23,2026-07-25T06:55:10.006215,21,23
2026-07-25 06:54:49,mediboard,충청북도,0,0,E2300011,단양군보건의료원,2302,D,23,5,6,58308361,1,2,23,2026-07-25T06:55:10.006215,6,8
2026-07-25 06:54:49,mediboard,충청북도,0,0,A2300013,의료법인 건명의료재단 중앙제일병원,2309,C,23,15,17,58308558,3,5,23,2026-07-25T06:55:10.006215,18,22
2026-07-25 06:54:49,mediboard,충청북도,0,0,A2300034,의료법인대광의료재단괴산성모병원,2301,D,23,9,9,58308452,0,1,23,2026-07-25T06:55:10.006215,9,10
2026-07-25 06:54:49,mediboard,충청북도,3,3,A2300009,의료법인명지의료재단명지병원,2307,C,23,14,18,58308451,6,6,23,2026-07-25T06:55:10.006215,23,27
2026-07-25 06:54:49,mediboard,충청북도,0,0,A2300007,의료법인인화재단한국병원,2310,C,23,14,14,58308450,6,6,23,2026-07-25T06:55:10.006215,20,20
2026-07-25 06:54:49,mediboard,충청북도,0,0,A2300005,의료법인자산의료재단제천서울병원,2307,C,23,14,15,58308340,5,5,23,2026-07-25T06:55:10.006215,19,20
2026-07-25 06:54:49,mediboard,충청북도,0,0,A2300003,의료법인정산의료재단효성병원,2310,C,23,18,18,58308339,5,5,23,2026-07-25T06:55:10.006215,23,23
2026-07-25 06:54:49,mediboard,충청북도,0,0,A2300030,의료법인조윤의료재단영동병원,2304,D,23,8,10,58308559,0,0,23,2026-07-25T06:55:10.006215,8,10
2026-07-25 06:54:49,mediboard,충청북도,0,0,A2300002,의료법인한마음의료재단하나병원,2313,C,23,8,11,58308290,12,12,23,2026-07-25T06:55:10.006215,20,23
2026-07-25 06:54:49,mediboard,충청북도,0,0,A2300011,의료법인힐링의료재단옥천성모병원,2305,D,23,6,7,58308612,3,3,23,2026-07-25T06:55:10.006215,9,10
2026-07-25 06:54:49,mediboard,충청북도,0,0,A2300008,청주성모병원,2312,C,23,11,15,58308291,7,10,23,2026-07-25T06:55:10.006215,18,25
2026-07-25 06:54:49,mediboard,충청북도,6,8,A2300001,충북대학교병원,2311,A,23,27,32,58308338,5,5,23,2026-07-25T06:55:10.006215,38,45
2026-07-25 06:54:49,mediboard,충청북도,0,0,A2300006,충청북도청주의료원,2311,D,23,12,12,58308394,4,4,23,2026-07-25T06:55:10.006215,16,16
2026-07-25 06:54:49,mediboard,충청북도,0,0,A2300004,충청북도충주의료원,2314,D,23,15,18,58308393,3,3,23,2026-07-25T06:55:10.006215,18,21
2026-07-25 06:54:49,mediboard,충청남도,4,4,A2400002,단국대학교의과대학부속병원,2412,A,24,22,27,58308342,4,5,24,2026-07-25T06:55:10.006215,30,36
2026-07-25 06:54:49,mediboard,충청남도,0,0,A2400008,당진종합병원,2405,C,24,17,17,58308343,3,3,24,2026-07-25T06:55:10.006215,20,20
2026-07-25 06:54:49,mediboard,충청남도,0,4,A2400003,서산중앙병원,2408,C,24,17,17,58308292,3,3,24,2026-07-25T06:55:10.006215,20,24
2026-07-25 06:54:49,mediboard,충청남도,0,0,A2402257,아산충무병원,2410,C,24,11,13,58308659,8,8,24,2026-07-25T06:55:10.006215,19,21
2026-07-25 06:54:49,mediboard,충청남도,0,0,A2400044,의료법인 서해병원,2409,D,24,5,5,58308344,2,2,24,2026-07-25T06:55:10.006215,7,7
2026-07-25 06:54:49,mediboard,충청남도,0,0,A2400004,의료법인 예당의료재단 예산종합병원,2411,D,24,5,6,58308504,1,1,24,2026-07-25T06:55:10.006215,6,7
2026-07-25 06:54:49,mediboard,충청남도,0,0,A2400009,의료법인백제병원,2404,C,24,12,20,58308294,3,3,24,2026-07-25T06:55:10.006215,15,23
2026-07-25 06:54:49,mediboard,충청남도,0,0,A2400012,의료법인영서의료재단천안충무병원,2413,C,24,12,16,58308453,5,5,24,2026-07-25T06:55:10.006215,17,21
2026-07-25 06:54:49,mediboard,충청남도,0,0,A2400011,재단법인아산사회복지재단보령아산병원,2406,C,24,16,17,58308395,3,3,24,2026-07-25T06:55:10.006215,19,20
2026-07-25 06:54:49,mediboard,충청남도,0,0,E2400032,청양군보건의료원,2414,D,24,5,6,58308470,1,1,24,2026-07-25T06:55:10.006215,6,7
2026-07-25 06:54:49,mediboard,충청남도,0,0,A2400010,충청남도공주의료원,2402,D,24,13,15,58308295,1,1,24,2026-07-25T06:55:10.006215,14,16
2026-07-25 06:54:49,mediboard,충청남도,0,0,A2400006,충청남도서산의료원,2408,C,24,9,17,58308293,3,3,24,2026-07-25T06:55:10.006215,12,20
2026-07-25 06:54:49,mediboard,충청남도,0,0,A2400005,충청남도천안의료원,2412,D,24,10,12,58308560,1,2,24,2026-07-25T06:55:10.006215,11,14
2026-07-25 06:54:49,mediboard,충청남도,1,1,A2400007,충청남도홍성의료원,2416,C,24,16,18,58308613,3,3,24,2026-07-25T06:55:10.006215,20,22
2026-07-25 06:54:49,mediboard,충청남도,0,0,E2400033,태안군보건의료원,2415,D,24,9,10,58308305,1,1,24,2026-07-25T06:55:10.006215,10,11
2026-07-25 06:54:49,mediboard,충청남도,0,0,A2400038,학교법인건양교육재단건양대학교부여병원,2407,D,24,9,9,58308454,1,1,24,2026-07-25T06:55:10.006215,10,10
2026-07-25 06:54:49,mediboard,충청남도,18,18,A2400001,학교법인동은학원순천향대학교부속천안병원,2412,A,24,17,22,58308341,11,11,24,2026-07-25T06:55:10.006215,42,47
2026-07-25 06:54:49,mediboard,충청남도,0,0,A2400039,현대병원,2410,D,24,10,10,58308561,1,1,24,2026-07-25T06:55:10.006215,11,11
2026-07-25 06:54:49,mediboard,전북특별자치도,0,0,A2500038,김제우석병원,2503,D,25,10,10,58308296,1,1,25,2026-07-25T06:55:10.006215,11,11
2026-07-25 06:54:49,mediboard,전북특별자치도,0,0,A2500056,대자인병원,2512,C,25,27,33,58308456,3,3,25,2026-07-25T06:55:10.006215,30,36
2026-07-25 06:54:49,mediboard,전북특별자치도,0,0,E2500019,무주군보건의료원,2505,D,25,3,4,58308628,1,1,25,2026-07-25T06:55:10.006215,4,5
2026-07-25 06:54:49,mediboard,전북특별자치도,0,0,A2500010,부안성모병원,2506,D,25,8,10,58308563,2,2,25,2026-07-25T06:55:10.006215,10,12
2026-07-25 06:54:49,mediboard,전북특별자치도,3,3,A2502742,새강병원,2513,D,25,14,14,58308662,3,3,25,2026-07-25T06:55:10.006215,20,20
2026-07-25 06:54:49,mediboard,전북특별자치도,0,0,E2500021,순창군보건의료원,2507,D,25,9,9,58308362,1,1,25,2026-07-25T06:55:10.006215,10,10
2026-07-25 06:54:49,mediboard,전북특별자치도,3,3,A2500001,원광대학교병원,2509,A,25,12,28,58308660,4,5,25,2026-07-25T06:55:10.006215,19,36
2026-07-25 06:54:49,mediboard,전북특별자치도,0,0,A2500011,의료법인대산의료재단익산병원,2509,C,25,14,17,58308455,3,3,25,2026-07-25T06:55:10.006215,17,20
2026-07-25 06:54:49,mediboard,전북특별자치도,0,0,A2500009,의료법인석천재단고창병원,2501,D,25,8,10,58308614,1,1,25,2026-07-25T06:55:10.006215,9,11
2026-07-25 06:54:49,mediboard,전북특별자치도,0,0,A2500005,의료법인영경의료재단전주병원,2513,C,25,13,17,58308506,3,3,25,2026-07-25T06:55:10.006215,16,20
2026-07-25 06:54:49,mediboard,전북특별자치도,0,0,A2501890,의료법인영경의료재단호성전주병원,2512,D,25,5,9,58308396,1,1,25,2026-07-25T06:55:10.006215,6,10
2026-07-25 06:54:49,mediboard,전북특별자치도,0,0,A2500012,의료법인오성의료재단동군산병원,2502,C,25,9,17,58308661,5,6,25,2026-07-25T06:55:10.006215,14,23
2026-07-25 06:54:49,mediboard,전북특별자치도,0,0,E2500022,임실군보건의료원,2510,D,25,4,4,58308629,1,1,25,2026-07-25T06:55:10.006215,5,5
2026-07-25 06:54:49,mediboard,전북특별자치도,0,0,E2500020,장수군보건의료원,2511,D,25,5,5,58308471,1,1,25,2026-07-25T06:55:10.006215,6,6
2026-07-25 06:54:49,mediboard,전북특별자치도,0,0,A2500008,재단법인 아산사회복지재단 정읍아산병원,2514,C,25,15,17,58308346,3,3,25,2026-07-25T06:55:10.006215,18,20
2026-07-25 06:54:49,mediboard,전북특별자치도,11,12,A2500006,재단법인예수병원유지재단예수병원,2513,C,25,22,38,58308345,5,5,25,2026-07-25T06:55:10.006215,36,53
2026-07-25 06:54:49,mediboard,전북특별자치도,5,5,A2500002,전북대학교병원,2512,A,25,12,36,58308562,7,7,25,2026-07-25T06:55:10.006215,24,48
2026-07-25 06:54:49,mediboard,전북특별자치도,0,0,A2500007,전북특별자치도군산의료원,2502,C,25,14,17,58308507,3,3,25,2026-07-25T06:55:10.006215,17,20
2026-07-25 06:54:49,mediboard,전북특별자치도,0,0,A2500004,전북특별자치도남원의료원,2504,C,25,13,17,58308505,3,3,25,2026-07-25T06:55:10.006215,16,20
2026-07-25 06:54:49,mediboard,전북특별자치도,0,0,A2502031,진안군의료원,2515,D,25,6,6,58308564,2,2,25,2026-07-25T06:55:10.006215,8,8
2026-07-25 06:54:49,mediboard,전라남도,0,0,A2600029,곡성사랑병원,2603,D,26,5,5,58308566,1,1,26,2026-07-25T06:55:10.006215,6,6
2026-07-25 06:54:49,mediboard,전라남도,0,0,A2600006,광양사랑병원,2604,D,26,7,9,58308298,1,1,26,2026-07-25T06:55:10.006215,8,10
2026-07-25 06:54:49,mediboard,전라남도,0,0,A2600061,구례병원,2605,D,26,10,10,58308617,0,0,26,2026-07-25T06:55:10.006215,10,10
2026-07-25 06:54:49,mediboard,전라남도,0,0,A2600016,나주종합병원,2606,D,26,9,10,58308509,0,0,26,2026-07-25T06:55:10.006215,9,10
2026-07-25 06:54:49,mediboard,전라남도,0,0,A2600054,담양사랑병원,2607,D,26,6,6,58308513,2,2,26,2026-07-25T06:55:10.006215,8,8
2026-07-25 06:54:49,mediboard,전라남도,0,0,A2600003,대송의료재단무안병원,2609,D,26,3,4,58308615,1,1,26,2026-07-25T06:55:10.006215,4,5
2026-07-25 06:54:49,mediboard,전라남도,0,0,A2600020,목포기독병원,2608,D,26,15,17,58308348,3,3,26,2026-07-25T06:55:10.006215,18,20
2026-07-25 06:54:49,mediboard,전라남도,0,0,A2600022,목포시의료원,2608,D,26,9,9,58308666,1,1,26,2026-07-25T06:55:10.006215,10,10
2026-07-25 06:54:49,mediboard,전라남도,3,3,A2600011,목포한국병원,2608,A,26,17,18,58308457,5,5,26,2026-07-25T06:55:10.006215,25,26
2026-07-25 06:54:49,mediboard,전라남도,0,0,A2600052,보성아산병원,2610,D,26,8,8,58308670,1,1,26,2026-07-25T06:55:10.006215,9,9
2026-07-25 06:54:49,mediboard,전라남도,0,0,A2602211,빛가람종합병원,2606,D,26,9,9,58308400,1,1,26,2026-07-25T06:55:10.006215,10,10
2026-07-25 06:54:49,mediboard,전라남도,4,4,A2600019,성가롤로병원,2611,A,26,11,18,58308510,5,5,26,2026-07-25T06:55:10.006215,20,27
2026-07-25 06:54:49,mediboard,전라남도,0,0,A2600008,순천제일병원,2611,D,26,7,9,58308565,1,1,26,2026-07-25T06:55:10.006215,8,10
2026-07-25 06:54:49,mediboard,전라남도,0,0,A2600004,순천중앙병원,2611,D,26,5,5,58308508,1,1,26,2026-07-25T06:55:10.006215,6,6
2026-07-25 06:54:49,mediboard,전라남도,0,0,A2600010,여수전남병원,2613,D,26,8,10,58308664,1,1,26,2026-07-25T06:55:10.006215,9,11
2026-07-25 06:54:49,mediboard,전라남도,0,0,A2600014,여천전남병원,2613,C,26,17,17,58308347,3,3,26,2026-07-25T06:55:10.006215,20,20
2026-07-25 06:54:49,mediboard,전라남도,0,0,A2600015,영광종합병원,2614,D,26,9,10,58308616,3,3,26,2026-07-25T06:55:10.006215,12,13
2026-07-25 06:54:49,mediboard,전라남도,0,0,A2600070,영암한국병원,2615,D,26,8,8,58308618,0,1,26,2026-07-25T06:55:10.006215,8,9
2026-07-25 06:54:49,mediboard,전라남도,0,0,A2600032,완도대성병원,2616,D,26,4,5,58308459,1,1,26,2026-07-25T06:55:10.006215,5,6
2026-07-25 06:54:49,mediboard,전라남도,0,0,A2600034,의료법인 거명의료재단 영광기독병원,2614,D,26,9,10,58308512,1,1,26,2026-07-25T06:55:10.006215,10,11
2026-07-25 06:54:49,mediboard,전라남도,0,0,A2600017,의료법인목포구암의료재단목포중앙병원,2608,C,26,12,16,58308398,4,4,26,2026-07-25T06:55:10.006215,16,20
2026-07-25 06:54:49,mediboard,전라남도,0,0,A2600066,의료법인삼호의료재단벌교삼호병원,2610,D,26,6,6,58308350,1,1,26,2026-07-25T06:55:10.006215,7,7
2026-07-25 06:54:49,mediboard,전라남도,0,0,A2600051,의료법인신안대우병원,2612,D,26,4,4,58308669,1,1,26,2026-07-25T06:55:10.006215,5,5
2026-07-25 06:54:49,mediboard,전라남도,0,0,A2600018,의료법인영성의료재단고흥종합병원,2602,D,26,9,10,58308458,0,0,26,2026-07-25T06:55:10.006215,9,10
2026-07-25 06:54:49,mediboard,전라남도,0,0,A2600021,의료법인우범의료재단장흥종합병원,2618,D,26,8,9,58308665,1,1,26,2026-07-25T06:55:10.006215,9,10
2026-07-25 06:54:49,mediboard,전라남도,0,0,A2600068,의료법인장호의료재단녹동현대병원,2602,D,26,3,3,58308514,2,2,26,2026-07-25T06:55:10.006215,5,5
2026-07-25 06:54:49,mediboard,전라남도,0,0,A2600005,의료법인한국의료재단한국병원,2611,D,26,11,11,58308297,1,1,26,2026-07-25T06:55:10.006215,12,12
2026-07-25 06:54:49,mediboard,전라남도,0,0,A2600027,의료법인한마음의료재단여수제일병원,2613,D,26,8,9,58308511,1,1,26,2026-07-25T06:55:10.006215,9,10
2026-07-25 06:54:49,mediboard,전라남도,0,0,A2600035,의료법인행복나눔의료재단장성병원,2617,D,26,4,4,58308399,1,1,26,2026-07-25T06:55:10.006215,5,5
2026-07-25 06:54:49,mediboard,전라남도,0,0,A2600009,의료법인행촌의료재단해남종합병원,2621,D,26,9,10,58308663,1,1,26,2026-07-25T06:55:10.006215,10,11
2026-07-25 06:54:49,mediboard,전라남도,0,0,A2600024,의료법인현경의료재단광양서울병원,2604,D,26,9,9,58308667,1,1,26,2026-07-25T06:55:10.006215,10,10
2026-07-25 06:54:49,mediboard,전라남도,0,0,A2600037,장흥우리병원,2618,D,26,4,4,58308349,1,1,26,2026-07-25T06:55:10.006215,5,5
2026-07-25 06:54:49,mediboard,전라남도,0,0,A2600050,전라남도강진의료원,2601,D,26,8,9,58308567,1,1,26,2026-07-25T06:55:10.006215,9,10
2026-07-25 06:54:49,mediboard,전라남도,0,0,A2600056,전라남도순천의료원,2611,D,26,5,6,58308671,2,2,26,2026-07-25T06:55:10.006215,7,8
2026-07-25 06:54:49,mediboard,전라남도,0,0,A2600040,진도한국병원,2619,D,26,3,4,58308668,1,1,26,2026-07-25T06:55:10.006215,4,5
2026-07-25 06:54:49,mediboard,전라남도,0,0,A2600077,해남우리종합병원,2621,D,26,15,15,58308351,4,4,26,2026-07-25T06:55:10.006215,19,19
2026-07-25 06:54:49,mediboard,전라남도,1,1,A2600001,화순전남대학교병원,2622,C,26,11,16,58308397,7,7,26,2026-07-25T06:55:10.006215,19,24
2026-07-25 06:54:49,mediboard,경상북도,0,0,A2700018,경상북도김천의료원,2706,D,27,11,17,58308520,1,1,27,2026-07-25T06:55:10.006215,12,18
2026-07-25 06:54:49,mediboard,경상북도,0,0,A2700001,경상북도안동의료원,2711,D,27,6,6,58308299,2,2,27,2026-07-25T06:55:10.006215,8,8
2026-07-25 06:54:49,mediboard,경상북도,0,0,A2700005,경상북도포항의료원,2724,D,27,8,8,58308515,2,2,27,2026-07-25T06:55:10.006215,10,10
2026-07-25 06:54:49,mediboard,경상북도,0,0,A2700097,계명대학교경주동산병원,2702,D,27,9,9,58308568,1,1,27,2026-07-25T06:55:10.006215,10,10
2026-07-25 06:54:49,mediboard,경상북도,0,0,A2700015,구미강동병원,2704,D,27,7,7,58308519,3,3,27,2026-07-25T06:55:10.006215,10,10
2026-07-25 06:54:49,mediboard,경상북도,3,3,A2700003,동국대학교의과대학경주병원,2702,C,27,11,16,58308619,7,7,27,2026-07-25T06:55:10.006215,21,26
2026-07-25 06:54:49,mediboard,경상북도,0,0,A2700011,상주적십자병원,2709,D,27,9,9,58308672,1,1,27,2026-07-25T06:55:10.006215,10,10
2026-07-25 06:54:49,mediboard,경상북도,4,4,A2700013,순천향대학교부속구미병원,2704,C,27,11,13,58308403,3,3,27,2026-07-25T06:55:10.006215,18,20
2026-07-25 06:54:49,mediboard,경상북도,0,0,A2700004,안동성소병원,2711,C,27,11,12,58308300,8,8,27,2026-07-25T06:55:10.006215,19,20
2026-07-25 06:54:49,mediboard,경상북도,0,0,A2700008,에스포항병원,2723,D,27,6,6,58308517,1,1,27,2026-07-25T06:55:10.006215,7,7
2026-07-25 06:54:49,mediboard,경상북도,0,0,A2700017,영남대학교의과대학부속영천병원,2715,D,27,7,10,58308461,3,3,27,2026-07-25T06:55:10.006215,10,13
2026-07-25 06:54:49,mediboard,경상북도,0,0,A2700031,영주기독병원,2714,D,27,4,4,58308353,1,1,27,2026-07-25T06:55:10.006215,5,5
2026-07-25 06:54:49,mediboard,경상북도,0,0,A2700020,영주자인병원,2714,D,27,4,4,58308462,1,1,27,2026-07-25T06:55:10.006215,5,5
2026-07-25 06:54:49,mediboard,경상북도,0,0,A2702752,영주적십자병원,2714,D,27,6,10,58308405,1,1,27,2026-07-25T06:55:10.006215,7,11
2026-07-25 06:54:49,mediboard,경상북도,0,0,E2700553,울릉군보건의료원,2717,D,27,5,5,58308306,0,0,27,2026-07-25T06:55:10.006215,5,5
2026-07-25 06:54:49,mediboard,경상북도,0,0,A2700052,울진군의료원,2718,D,27,6,8,58308355,2,2,27,2026-07-25T06:55:10.006215,8,10
2026-07-25 06:54:49,mediboard,경상북도,0,0,A2700019,의)근원의료재단경산중앙병원,2701,D,27,9,10,58308352,2,2,27,2026-07-25T06:55:10.006215,11,12
2026-07-25 06:54:49,mediboard,경상북도,0,0,A2700038,의료법인대남의료재단청도대남병원,2720,D,27,9,10,58308673,0,0,27,2026-07-25T06:55:10.006215,9,10
2026-07-25 06:54:49,mediboard,경상북도,0,0,A2700012,의료법인덕산의료재단김천제일병원,2706,C,27,16,16,58308518,4,4,27,2026-07-25T06:55:10.006215,20,20
2026-07-25 06:54:49,mediboard,경상북도,0,0,A2700006,의료법인동춘의료재단문경제일병원,2707,C,27,16,17,58308516,2,3,27,2026-07-25T06:55:10.006215,18,20
2026-07-25 06:54:49,mediboard,경상북도,0,0,A2700009,의료법인삼백의료재단상주성모병원,2709,D,27,6,9,58308620,1,1,27,2026-07-25T06:55:10.006215,7,10
2026-07-25 06:54:49,mediboard,경상북도,0,0,A2700036,의료법인서명의료재단세명종합병원,2701,D,27,9,13,58308354,2,2,27,2026-07-25T06:55:10.006215,11,15
2026-07-25 06:54:49,mediboard,경상북도,0,0,A2700023,의료법인서준의료재단예천권병원,2716,D,27,6,6,58308404,1,1,27,2026-07-25T06:55:10.006215,7,7
2026-07-25 06:54:49,mediboard,경상북도,1,3,A2700014,의료법인안동병원,2711,A,27,9,17,58308301,5,5,27,2026-07-25T06:55:10.006215,15,25
2026-07-25 06:54:49,mediboard,경상북도,0,0,A2700070,의료법인영암의료재단고령영생병원,2703,D,27,5,5,58308464,1,1,27,2026-07-25T06:55:10.006215,6,6
2026-07-25 06:54:49,mediboard,경상북도,0,0,A2700063,의료법인영제의료재단영남제일병원,2719,D,27,4,5,58308463,1,1,27,2026-07-25T06:55:10.006215,5,6
2026-07-25 06:54:49,mediboard,경상북도,0,0,A2702563,의료법인은성의료재단좋은선린병원,2724,D,27,7,10,58308465,2,2,27,2026-07-25T06:55:10.006215,9,12
2026-07-25 06:54:49,mediboard,경상북도,5,5,A2700007,차의과학대학교부속구미차병원,2704,A,27,17,20,58308402,6,12,27,2026-07-25T06:55:10.006215,28,37
2026-07-25 06:54:49,mediboard,경상북도,0,0,E2700554,청송군보건의료원,2721,D,27,5,5,58308529,1,1,27,2026-07-25T06:55:10.006215,6,6
2026-07-25 06:54:49,mediboard,경상북도,11,11,A2700016,포항성모병원,2723,A,27,12,20,58308460,5,15,27,2026-07-25T06:55:10.006215,28,46
2026-07-25 06:54:49,mediboard,경상북도,0,0,A2700002,포항세명기독병원,2723,C,27,8,15,58308401,10,10,27,2026-07-25T06:55:10.006215,18,25
2026-07-25 06:54:49,mediboard,경상남도,0,0,A2800032,강병원,2803,D,28,9,9,58308571,1,1,28,2026-07-25T06:55:10.006215,10,10
2026-07-25 06:54:49,mediboard,경상남도,0,0,A2803677,강일병원,2804,D,28,8,8,58308410,3,3,28,2026-07-25T06:55:10.006215,11,11
2026-07-25 06:54:49,mediboard,경상남도,0,0,A2800076,거창적십자병원,2802,D,28,9,9,58308574,1,1,28,2026-07-25T06:55:10.006215,10,10
2026-07-25 06:54:49,mediboard,경상남도,3,3,A2800001,경상국립대학교병원,2811,A,28,18,30,58308621,5,5,28,2026-07-25T06:55:10.006215,26,38
2026-07-25 06:54:49,mediboard,경상남도,0,0,A2800025,경상남도마산의료원,2813,D,28,13,13,58308408,2,2,28,2026-07-25T06:55:10.006215,15,15
2026-07-25 06:54:49,mediboard,경상남도,0,0,A2800113,밀양병원,2806,D,28,7,8,58308626,1,1,28,2026-07-25T06:55:10.006215,8,9
2026-07-25 06:54:49,mediboard,경상남도,0,0,A2800084,반도병원,2811,D,28,6,7,58308526,1,1,28,2026-07-25T06:55:10.006215,7,8
2026-07-25 06:54:49,mediboard,경상남도,0,0,A2800019,베데스다복음병원,2809,D,28,9,9,58308623,1,1,28,2026-07-25T06:55:10.006215,10,10
2026-07-25 06:54:49,mediboard,경상남도,0,0,E2800380,산청군보건의료원,2808,D,28,5,5,58308414,1,1,28,2026-07-25T06:55:10.006215,6,6
2026-07-25 06:54:49,mediboard,경상남도,0,0,A2800055,삼성합천병원,2822,D,28,4,4,58308572,1,1,28,2026-07-25T06:55:10.006215,5,5
2026-07-25 06:54:49,mediboard,경상남도,0,0,A2800101,삼천포제일병원,2807,D,28,8,8,58308409,2,2,28,2026-07-25T06:55:10.006215,10,10
2026-07-25 06:54:49,mediboard,경상남도,0,0,A2800092,새통영병원,2818,D,28,9,9,58308358,1,1,28,2026-07-25T06:55:10.006215,10,10
2026-07-25 06:54:49,mediboard,경상남도,9,10,A2800011,양산부산대학교병원,2809,A,28,18,23,58308466,8,8,28,2026-07-25T06:55:10.006215,33,39
2026-07-25 06:54:49,mediboard,경상남도,0,0,A2804593,양산성모병원,2809,D,28,12,13,58308411,1,1,28,2026-07-25T06:55:10.006215,13,14
2026-07-25 06:54:49,mediboard,경상남도,0,0,A2800021,연세에스병원,2817,D,28,9,9,58308357,1,1,28,2026-07-25T06:55:10.006215,10,10
2026-07-25 06:54:49,mediboard,경상남도,0,0,A2800090,의령병원,2810,D,28,4,4,58308468,1,1,28,2026-07-25T06:55:10.006215,5,5
2026-07-25 06:54:49,mediboard,경상남도,0,0,A2800008,의료법인 거붕 백병원,2801,D,28,5,9,58308522,1,1,28,2026-07-25T06:55:10.006215,6,10
2026-07-25 06:54:49,mediboard,경상남도,0,0,A2800005,의료법인 대우의료재단대우병원,2801,D,28,5,9,58308302,1,1,28,2026-07-25T06:55:10.006215,6,10
2026-07-25 06:54:49,mediboard,경상남도,0,0,A2800015,의료법인 문병욱의료재단 진주고려병원,2811,D,28,10,10,58308622,1,1,28,2026-07-25T06:55:10.006215,11,11
2026-07-25 06:54:49,mediboard,경상남도,0,0,A2800022,의료법인 성념의료재단맑은샘병원,2801,D,28,9,9,58308674,1,1,28,2026-07-25T06:55:10.006215,10,10
2026-07-25 06:54:49,mediboard,경상남도,0,0,A2800094,의료법인 이도의료재단 남해병원,2805,D,28,7,8,58308469,2,2,28,2026-07-25T06:55:10.006215,9,10
2026-07-25 06:54:49,mediboard,경상남도,0,0,A2800014,의료법인갑을의료재단 갑을장유병원,2804,D,28,7,9,58308524,1,1,28,2026-07-25T06:55:10.006215,8,10
2026-07-25 06:54:49,mediboard,경상남도,0,0,A2800006,의료법인숭인의료재단 김해복음병원,2804,C,28,16,16,58308569,4,4,28,2026-07-25T06:55:10.006215,20,20
2026-07-25 06:54:49,mediboard,경상남도,0,0,A2800068,의료법인승연의료재단 삼천포서울병원,2807,D,28,8,9,58308573,1,1,28,2026-07-25T06:55:10.006215,9,10
2026-07-25 06:54:49,mediboard,경상남도,0,0,A2800009,의료법인청아의료재단청아병원,2814,D,28,7,9,58308523,1,1,28,2026-07-25T06:55:10.006215,8,10
2026-07-25 06:54:49,mediboard,경상남도,0,0,A2800017,의료법인합포의료재단에스엠지연세병원,2813,C,28,16,17,58308467,3,3,28,2026-07-25T06:55:10.006215,19,20
2026-07-25 06:54:49,mediboard,경상남도,0,0,A2800010,의료법인환명의료재단 조은금강병원,2804,C,28,11,17,58308407,3,3,28,2026-07-25T06:55:10.006215,14,20
2026-07-25 06:54:49,mediboard,경상남도,0,0,A2800003,제일병원,2811,C,28,14,17,58308406,3,3,28,2026-07-25T06:55:10.006215,17,20
2026-07-25 06:54:49,mediboard,경상남도,0,0,A2800037,진주복음병원,2811,D,28,9,9,58308303,1,1,28,2026-07-25T06:55:10.006215,10,10
2026-07-25 06:54:49,mediboard,경상남도,0,0,A2803505,창원경상국립대학교병원,2815,C,28,15,18,58308359,3,10,28,2026-07-25T06:55:10.006215,18,28
2026-07-25 06:54:49,mediboard,경상남도,0,0,A2800004,창원파티마병원,2816,C,28,10,17,58308521,3,3,28,2026-07-25T06:55:10.006215,13,20
2026-07-25 06:54:49,mediboard,경상남도,0,0,A2800007,창원한마음병원,2816,C,28,17,21,58308570,4,4,28,2026-07-25T06:55:10.006215,21,25
2026-07-25 06:54:49,mediboard,경상남도,0,0,A2800062,태황의료재단한성병원,2812,D,28,9,9,58308625,1,1,28,2026-07-25T06:55:10.006215,10,10
2026-07-25 06:54:49,mediboard,경상남도,8,8,A2800020,학교법인성균관대학삼성창원병원,2814,A,28,21,27,58308356,5,5,28,2026-07-25T06:55:10.006215,34,40
2026-07-25 06:54:49,mediboard,경상남도,0,0,A2800043,한일병원,2811,C,28,15,17,58308624,3,3,28,2026-07-25T06:55:10.006215,18,20
2026-07-25 06:54:49,mediboard,경상남도,0,0,A2800080,함양성심병원,2821,D,28,2,4,58308525,1,1,28,2026-07-25T06:55:10.006215,3,5
2026-07-25 06:54:49,mediboard,제주특별자치도,0,0,A2900003,의료법인 혜인의료재단 한국병원,2902,D,29,9,9,58308575,1,1,29,2026-07-25T06:55:10.006215,10,10
2026-07-25 06:54:49,mediboard,제주특별자치도,1,1,A2900006,의료법인중앙의료재단중앙병원,2902,C,29,15,16,58308412,3,3,29,2026-07-25T06:55:10.006215,19,20
2026-07-25 06:54:49,mediboard,제주특별자치도,0,0,A2900007,제주대학교병원,2902,C,29,9,20,58308527,4,6,29,2026-07-25T06:55:10.006215,13,26
2026-07-25 06:54:49,mediboard,제주특별자치도,3,4,A2900002,제주특별자치도서귀포의료원,2901,C,29,12,16,58308360,5,5,29,2026-07-25T06:55:10.006215,20,25
2026-07-25 06:54:49,mediboard,제주특별자치도,3,3,A2900001,제주한라병원,2902,A,29,8,17,58308675,5,5,29,2026-07-25T06:55:10.006215,16,25
2026-07-25 06:54:49,mediboard,제주특별자치도,0,0,A2900005,한마음병원,2902,C,29,11,17,58308627,1,3,29,2026-07-25T06:55:10.006215,12,20
2026-07-25 07:52:18,mediboard,서울특별시,0,0,A1100011,가톨릭대학교여의도성모병원,1120,C,11,13,15,58312993,5,5,11,2026-07-25T07:50:10.00561,18,20
2026-07-25 07:52:18,mediboard,서울특별시,8,8,A1121013,가톨릭대학교은평성모병원,1122,C,11,17,24,58313212,4,4,11,2026-07-25T07:50:10.00561,29,36
2026-07-25 07:52:18,mediboard,서울특별시,3,3,A1100043,강동경희대학교병원,1102,A,11,5,15,58312886,5,5,11,2026-07-25T07:50:10.00561,13,23
2026-07-25 07:52:18,mediboard,서울특별시,2,2,A1100006,강북삼성병원,1123,C,11,7,15,58313206,2,3,11,2026-07-25T07:50:10.00561,11,20
2026-07-25 07:52:18,mediboard,서울특별시,4,4,A1100002,건국대학교병원,1106,C,11,11,20,58313106,3,3,11,2026-07-25T07:50:10.00561,18,27
2026-07-25 07:52:18,mediboard,서울특별시,0,0,A1100039,경찰병원,1118,D,11,3,3,58313111,2,2,11,2026-07-25T07:50:10.00561,5,5
2026-07-25 07:52:18,mediboard,서울특별시,3,3,A1100001,경희대학교병원,1111,C,11,12,15,58313048,5,5,11,2026-07-25T07:50:10.00561,20,23
2026-07-25 07:52:18,mediboard,서울특별시,3,3,A1100014,고려대학교의과대학부속구로병원,1107,A,11,17,29,58312994,5,5,11,2026-07-25T07:50:10.00561,25,37
2026-07-25 07:52:18,mediboard,서울특별시,0,0,A1100026,구로성심병원,1107,D,11,8,9,58313209,1,1,11,2026-07-25T07:50:10.00561,9,10
2026-07-25 07:52:18,mediboard,서울특별시,3,3,A1100052,국립중앙의료원,1124,C,11,16,17,58313157,9,10,11,2026-07-25T07:50:10.00561,28,30
2026-07-25 07:52:18,mediboard,서울특별시,0,0,A1122033,기쁨병원,1115,D,11,3,4,58312841,1,1,11,2026-07-25T07:50:10.00561,4,5
2026-07-25 07:52:18,mediboard,서울특별시,0,0,A1100048,노원을지대학교병원,1109,C,11,16,17,58312839,5,5,11,2026-07-25T07:50:10.00561,21,22
2026-07-25 07:52:18,mediboard,서울특별시,0,0,A1100044,녹색병원,1125,D,11,2,5,58313156,5,5,11,2026-07-25T07:50:10.00561,7,10
2026-07-25 07:52:18,mediboard,서울특별시,0,0,A1100037,대림성모병원,1120,D,11,8,8,58312997,1,2,11,2026-07-25T07:50:10.00561,9,10
2026-07-25 07:52:18,mediboard,서울특별시,0,0,A1100024,명지성모병원,1120,D,11,7,8,58312837,2,2,11,2026-07-25T07:50:10.00561,9,10
2026-07-25 07:52:18,mediboard,서울특별시,0,0,A1100036,부민병원,1104,D,11,8,10,58313210,1,1,11,2026-07-25T07:50:10.00561,9,11
2026-07-25 07:52:18,mediboard,서울특별시,1,4,A1100010,삼성서울병원,1101,C,11,6,52,58313107,4,4,11,2026-07-25T07:50:10.00561,11,60
2026-07-25 07:52:18,mediboard,서울특별시,0,0,A1100021,삼육서울병원,1111,C,11,12,13,58313108,7,7,11,2026-07-25T07:50:10.00561,19,20
2026-07-25 07:52:18,mediboard,서울특별시,11,12,A1100017,서울대학교병원,1123,A,11,-3,24,58312836,5,8,11,2026-07-25T07:50:10.00561,11,42
2026-07-25 07:52:18,mediboard,서울특별시,0,0,A1100050,서울성심병원,1111,D,11,17,17,58313112,3,3,11,2026-07-25T07:50:10.00561,20,20
2026-07-25 07:52:18,mediboard,서울특별시,0,0,A1100029,서울적십자병원,1123,D,11,10,10,58312940,1,1,11,2026-07-25T07:50:10.00561,11,11
2026-07-25 07:52:18,mediboard,서울특별시,0,0,A1100022,서울특별시동부병원,1111,D,11,7,8,58312883,2,2,11,2026-07-25T07:50:10.00561,9,10
2026-07-25 07:52:18,mediboard,서울특별시,3,3,A1100040,서울특별시보라매병원,1112,C,11,25,31,58312941,2,3,11,2026-07-25T07:50:10.00561,30,37
2026-07-25 07:52:18,mediboard,서울특별시,0,0,A1100223,서울특별시서남병원,1119,D,11,16,17,58312887,3,3,11,2026-07-25T07:50:10.00561,19,20
2026-07-25 07:52:18,mediboard,서울특별시,2,3,A1100035,서울특별시서울의료원,1125,A,11,9,19,58313110,5,5,11,2026-07-25T07:50:10.00561,16,27
2026-07-25 07:52:18,mediboard,서울특별시,0,0,A1100028,성심의료재단강동성심병원,1102,C,11,10,15,58313109,9,9,11,2026-07-25T07:50:10.00561,19,24
2026-07-25 07:52:18,mediboard,서울특별시,0,0,A1100054,성애의료재단성애병원,1120,C,11,15,15,58313158,5,11,11,2026-07-25T07:50:10.00561,20,26
2026-07-25 07:52:18,mediboard,서울특별시,0,0,A1100032,세란병원,1123,D,11,10,10,58312996,1,1,11,2026-07-25T07:50:10.00561,11,11
2026-07-25 07:52:18,mediboard,서울특별시,4,4,A1100004,순천향대학교부속서울병원,1121,C,11,16,20,58312992,3,3,11,2026-07-25T07:50:10.00561,23,27
2026-07-25 07:52:18,mediboard,서울특별시,0,0,A1100045,씨엠병원,1120,D,11,8,9,58313052,1,1,11,2026-07-25T07:50:10.00561,9,10
2026-07-25 07:52:18,mediboard,서울특별시,2,2,A1100015,연세대학교의과대학강남세브란스병원,1101,C,11,5,21,58313208,3,3,11,2026-07-25T07:50:10.00561,10,26
2026-07-25 07:52:18,mediboard,서울특별시,9,10,A1100007,연세대학교의과대학세브란스병원,1114,C,11,11,39,58313153,6,6,11,2026-07-25T07:50:10.00561,24,53
2026-07-25 07:52:18,mediboard,서울특별시,0,0,A1100025,의료법인동신의료재단동신병원,1114,D,11,7,9,58313155,1,1,11,2026-07-25T07:50:10.00561,8,10
2026-07-25 07:52:18,mediboard,서울특별시,0,0,A1100041,의료법인서울효천의료재단에이치플러스양지병원,1105,C,11,18,18,58312885,3,3,11,2026-07-25T07:50:10.00561,21,21
2026-07-25 07:52:18,mediboard,서울특별시,0,0,A1100023,의료법인청구성심병원,1122,D,11,9,10,58312884,1,1,11,2026-07-25T07:50:10.00561,10,11
2026-07-25 07:52:18,mediboard,서울특별시,0,0,A1100075,의료법인풍산의료재단동부제일병원,1125,D,11,6,7,58312840,1,1,11,2026-07-25T07:50:10.00561,7,8
2026-07-25 07:52:18,mediboard,서울특별시,2,2,A1100020,의료법인한전의료재단한일병원,1110,C,11,12,21,58313051,4,4,11,2026-07-25T07:50:10.00561,18,27
2026-07-25 07:52:18,mediboard,서울특별시,8,8,A1100005,이화여자대학교의과대학부속목동병원,1119,A,11,13,19,58313152,5,6,11,2026-07-25T07:50:10.00561,26,33
2026-07-25 07:52:18,mediboard,서울특별시,7,9,A1120796,이화여자대학교의과대학부속서울병원,1104,C,11,5,14,58313113,7,8,11,2026-07-25T07:50:10.00561,19,31
2026-07-25 07:52:18,mediboard,서울특별시,0,0,A1100016,인제대학교상계백병원,1109,C,11,8,16,58313154,6,7,11,2026-07-25T07:50:10.00561,14,23
2026-07-25 07:52:18,mediboard,서울특별시,8,14,A1100009,재단법인아산사회복지재단서울아산병원,1118,C,11,13,36,58313050,14,26,11,2026-07-25T07:50:10.00561,32,73
2026-07-25 07:52:18,mediboard,서울특별시,4,4,A1100003,중앙대학교병원,1112,C,11,14,18,58312991,0,0,11,2026-07-25T07:50:10.00561,18,22
2026-07-25 07:52:18,mediboard,서울특별시,7,9,A1100012,학교법인가톨릭학원가톨릭대학교서울성모병원,1115,C,11,-5,28,58312939,3,8,11,2026-07-25T07:50:10.00561,4,43
2026-07-25 07:52:18,mediboard,서울특별시,4,4,A1100008,학교법인고려중앙학원고려대학교의과대학부속병원(안암병원),1117,A,11,10,30,58313049,9,9,11,2026-07-25T07:50:10.00561,23,43
2026-07-25 07:52:18,mediboard,서울특별시,0,0,A1100053,한국보훈복지의료공단중앙보훈병원,1102,C,11,19,22,58312998,3,3,11,2026-07-25T07:50:10.00561,22,25
2026-07-25 07:52:18,mediboard,서울특별시,0,0,A1100027,한국원자력의학원원자력병원,1109,D,11,9,9,58312838,3,3,11,2026-07-25T07:50:10.00561,12,12
2026-07-25 07:52:18,mediboard,서울특별시,3,3,A1100055,한림대학교강남성심병원,1120,C,11,15,20,58313054,5,5,11,2026-07-25T07:50:10.00561,23,28
2026-07-25 07:52:18,mediboard,서울특별시,2,3,A1100013,한양대학교병원,1116,A,11,13,20,58313207,9,12,11,2026-07-25T07:50:10.00561,24,35
2026-07-25 07:52:18,mediboard,서울특별시,0,0,A1100051,혜민병원,1106,D,11,9,9,58313053,1,1,11,2026-07-25T07:50:10.00561,10,10
2026-07-25 07:52:18,mediboard,서울특별시,0,0,A1100019,홍익병원,1119,D,11,6,9,58312995,0,1,11,2026-07-25T07:50:10.00561,6,10
2026-07-25 07:52:18,mediboard,서울특별시,0,0,A1100049,희명병원,1108,D,11,8,10,58313211,1,1,11,2026-07-25T07:50:10.00561,9,11
2026-07-25 07:52:18,mediboard,부산광역시,0,0,A1200028,(의)서일의료재단기장병원,1203,D,12,8,9,58313115,1,1,12,2026-07-25T07:50:10.00561,9,10
2026-07-25 07:52:18,mediboard,부산광역시,0,0,A1200004,고신대학교복음병원,1211,C,12,13,25,58312888,5,5,12,2026-07-25T07:50:10.00561,18,30
2026-07-25 07:52:18,mediboard,부산광역시,0,0,A1200045,구포성심병원,1208,D,12,6,9,58312946,0,1,12,2026-07-25T07:50:10.00561,6,10
2026-07-25 07:52:18,mediboard,부산광역시,3,3,A1200018,대동병원,1206,C,12,12,15,58313001,3,3,12,2026-07-25T07:50:10.00561,18,21
2026-07-25 07:52:18,mediboard,부산광역시,0,0,A1200015,동남권원자력의학원원자력병원,1203,D,12,5,9,58313058,1,1,12,2026-07-25T07:50:10.00561,6,10
2026-07-25 07:52:18,mediboard,부산광역시,0,0,A1200011,동래봉생병원,1206,D,12,4,8,58313161,2,2,12,2026-07-25T07:50:10.00561,6,10
2026-07-25 07:52:18,mediboard,부산광역시,3,3,A1200003,동아대학교병원,1211,A,12,20,26,58313213,8,8,12,2026-07-25T07:50:10.00561,31,37
2026-07-25 07:52:18,mediboard,부산광역시,0,0,A1200024,부산광역시의료원,1213,D,12,15,18,58313163,2,8,12,2026-07-25T07:50:10.00561,17,26
2026-07-25 07:52:18,mediboard,부산광역시,3,3,A1200002,부산대학교병원,1211,C,12,14,19,58312842,2,3,12,2026-07-25T07:50:10.00561,19,25
2026-07-25 07:52:18,mediboard,부산광역시,4,4,A1200013,부산성모병원(재단법인 천주교부산교구유지재단),1204,D,12,8,10,58313057,5,5,12,2026-07-25T07:50:10.00561,17,19
2026-07-25 07:52:18,mediboard,부산광역시,0,0,A1200007,비에이치에스한서병원,1212,C,12,15,17,58313056,1,3,12,2026-07-25T07:50:10.00561,16,20
2026-07-25 07:52:18,mediboard,부산광역시,0,0,A1200021,삼육부산병원,1211,D,12,8,9,58312944,1,1,12,2026-07-25T07:50:10.00561,9,10
2026-07-25 07:52:18,mediboard,부산광역시,0,0,A1200014,영도병원,1214,D,12,7,7,58312943,2,2,12,2026-07-25T07:50:10.00561,9,9
2026-07-25 07:52:18,mediboard,부산광역시,0,0,A1200009,의료법인 광혜의료재단 광혜병원,1206,D,12,8,9,58313160,3,3,12,2026-07-25T07:50:10.00561,11,12
2026-07-25 07:52:18,mediboard,부산광역시,0,0,A1200098,의료법인 센텀의료재단 센텀종합병원,1212,D,12,4,9,58313059,1,1,12,2026-07-25T07:50:10.00561,5,10
2026-07-25 07:52:18,mediboard,부산광역시,0,0,A1200020,의료법인 온그룹의료재단 온병원,1207,C,12,18,20,58312843,3,3,12,2026-07-25T07:50:10.00561,21,23
2026-07-25 07:52:18,mediboard,부산광역시,0,0,A1200008,의료법인 은성의료재단 좋은강안병원,1212,D,12,15,18,58312999,3,3,12,2026-07-25T07:50:10.00561,18,21
2026-07-25 07:52:18,mediboard,부산광역시,1,1,A1200005,의료법인 은성의료재단 좋은삼선병원,1209,C,12,13,13,58312942,4,6,12,2026-07-25T07:50:10.00561,18,20
2026-07-25 07:52:18,mediboard,부산광역시,0,0,A1200006,의료법인 인당의료재단 부민병원,1208,D,12,5,10,58313159,2,2,12,2026-07-25T07:50:10.00561,7,12
2026-07-25 07:52:18,mediboard,부산광역시,0,0,A1205143,의료법인 인당의료재단 해운대부민병원,1216,D,12,9,9,58313116,1,1,12,2026-07-25T07:50:10.00561,10,10
2026-07-25 07:52:18,mediboard,부산광역시,0,0,A1200012,의료법인 행도의료재단 해동병원,1214,D,12,6,6,58312889,1,1,12,2026-07-25T07:50:10.00561,7,7
2026-07-25 07:52:18,mediboard,부산광역시,0,0,A1200017,의료법인정화의료재단 봉생기념병원,1205,D,12,5,9,58313000,2,2,12,2026-07-25T07:50:10.00561,7,11
2026-07-25 07:52:18,mediboard,부산광역시,1,3,A1200022,인제대학교 해운대백병원,1216,A,12,24,29,58313114,5,5,12,2026-07-25T07:50:10.00561,30,37
2026-07-25 07:52:18,mediboard,부산광역시,0,0,A1200001,인제대학교부산백병원,1207,C,12,14,18,58313055,3,3,12,2026-07-25T07:50:10.00561,17,21
2026-07-25 07:52:18,mediboard,부산광역시,0,0,A1200023,재단법인천주교부산교구유지재단 메리놀병원,1215,D,12,8,9,58312945,1,1,12,2026-07-25T07:50:10.00561,9,10
2026-07-25 07:52:18,mediboard,부산광역시,2,2,A1200026,좋은문화병원,1205,D,12,3,7,58312845,3,3,12,2026-07-25T07:50:10.00561,8,12
2026-07-25 07:52:18,mediboard,부산광역시,0,0,A1200025,학교법인 춘해병원,1207,D,12,9,9,58312844,1,1,12,2026-07-25T07:50:10.00561,10,10
2026-07-25 07:52:18,mediboard,부산광역시,0,0,A1200019,학교법인)동의병원,1207,D,12,13,14,58312890,1,1,12,2026-07-25T07:50:10.00561,14,15
2026-07-25 07:52:18,mediboard,부산광역시,0,0,A1200016,한국보훈복지의료공단 부산보훈병원,1209,D,12,11,11,58313162,2,2,12,2026-07-25T07:50:10.00561,13,13
2026-07-25 07:52:18,mediboard,인천광역시,0,0,A1300081,(재)미리내천주성삼성직수도회천주성삼병원,1307,D,13,8,9,58313061,1,2,13,2026-07-25T07:50:10.00561,9,11
2026-07-25 07:52:18,mediboard,인천광역시,0,0,A1300018,강남종합병원,1304,D,13,15,15,58313168,1,1,13,2026-07-25T07:50:10.00561,16,16
2026-07-25 07:52:18,mediboard,인천광역시,4,4,A1300002,경북대학교병원,1308,A,13,16,27,58313164,4,5,13,2026-07-25T07:50:10.00561,24,36
2026-07-25 07:52:18,mediboard,인천광역시,0,0,A1303386,계명대학교대구동산병원,1308,D,13,10,12,58312892,2,2,13,2026-07-25T07:50:10.00561,12,14
2026-07-25 07:52:18,mediboard,인천광역시,0,0,A1300003,계명대학교동산병원,1302,C,13,1,20,58312846,5,5,13,2026-07-25T07:50:10.00561,6,25
2026-07-25 07:52:18,mediboard,인천광역시,0,0,A1300008,곽병원,1308,D,13,10,10,58313167,2,2,13,2026-07-25T07:50:10.00561,12,12
2026-07-25 07:52:18,mediboard,인천광역시,0,0,A1300038,나사렛종합병원,1302,D,13,8,9,58313214,2,10,13,2026-07-25T07:50:10.00561,10,19
2026-07-25 07:52:18,mediboard,인천광역시,0,0,A1300004,대구가톨릭대학교병원,1301,C,13,17,24,58312948,4,4,13,2026-07-25T07:50:10.00561,21,28
2026-07-25 07:52:18,mediboard,인천광역시,0,0,A1300005,대구가톨릭대학교칠곡가톨릭병원,1305,D,13,8,9,58313165,1,1,13,2026-07-25T07:50:10.00561,9,10
2026-07-25 07:52:18,mediboard,인천광역시,0,0,A1300076,대구굿모닝병원,1306,D,13,17,17,58313169,2,2,13,2026-07-25T07:50:10.00561,19,19
2026-07-25 07:52:18,mediboard,인천광역시,0,0,A1300007,대구의료원,1306,D,13,16,18,58313166,2,2,13,2026-07-25T07:50:10.00561,18,20
2026-07-25 07:52:18,mediboard,인천광역시,5,5,A1300009,대구파티마병원,1304,C,13,15,25,58312949,7,7,13,2026-07-25T07:50:10.00561,27,37
2026-07-25 07:52:18,mediboard,인천광역시,0,0,A1300110,더블유병원,1302,D,13,9,10,58313002,1,1,13,2026-07-25T07:50:10.00561,10,11
2026-07-25 07:52:18,mediboard,인천광역시,0,0,A1300034,드림종합병원,1301,D,13,8,8,58313060,2,2,13,2026-07-25T07:50:10.00561,10,10
2026-07-25 07:52:18,mediboard,인천광역시,0,0,A1300045,삼일병원,1302,D,13,12,14,58312951,1,1,13,2026-07-25T07:50:10.00561,13,15
2026-07-25 07:52:18,mediboard,인천광역시,3,3,A1300001,영남대학교병원,1301,A,13,20,28,58312947,5,5,13,2026-07-25T07:50:10.00561,28,36
2026-07-25 07:52:18,mediboard,인천광역시,0,0,A1300006,의료법인구의료재단구병원,1302,D,13,8,10,58312891,1,1,13,2026-07-25T07:50:10.00561,9,11
2026-07-25 07:52:18,mediboard,인천광역시,9,9,A1300010,칠곡경북대학교병원,1305,C,13,10,23,58313117,4,6,13,2026-07-25T07:50:10.00561,21,36
2026-07-25 07:52:18,mediboard,인천광역시,0,0,A1300011,한국보훈복지의료공단대구보훈병원,1302,D,13,10,12,58312950,2,2,13,2026-07-25T07:50:10.00561,12,14
2026-07-25 07:52:18,mediboard,대구광역시,0,0,A1400008,(의)성세의료재단 뉴성민병원,1407,D,14,7,9,58312894,1,1,14,2026-07-25T07:50:10.00561,8,10
2026-07-25 07:52:18,mediboard,대구광역시,3,3,A1400015,가톨릭관동대학교국제성모병원,1407,C,14,13,23,58313005,4,5,14,2026-07-25T07:50:10.00561,20,31
2026-07-25 07:52:18,mediboard,대구광역시,3,4,A1400012,가톨릭대학교 인천성모병원,1406,C,14,8,19,58313119,7,8,14,2026-07-25T07:50:10.00561,18,31
2026-07-25 07:52:18,mediboard,대구광역시,0,0,A1400010,검단탑병원,1407,C,14,16,18,58312847,3,3,14,2026-07-25T07:50:10.00561,19,21
2026-07-25 07:52:18,mediboard,대구광역시,0,0,A1403617,비에스종합병원,1401,D,14,9,10,58313064,1,1,14,2026-07-25T07:50:10.00561,10,11
2026-07-25 07:52:18,mediboard,대구광역시,0,0,A1400013,안은의료재단 부평세림병원,1406,C,14,13,16,58313004,4,4,14,2026-07-25T07:50:10.00561,17,20
2026-07-25 07:52:18,mediboard,대구광역시,0,0,A1400005,온누리병원,1407,D,14,8,9,58313118,2,2,14,2026-07-25T07:50:10.00561,10,11
2026-07-25 07:52:18,mediboard,대구광역시,10,11,A1400001,의료법인 길의료재단 길병원,1404,A,14,15,25,58313170,7,7,14,2026-07-25T07:50:10.00561,30,41
2026-07-25 07:52:18,mediboard,대구광역시,0,0,A1400011,의료법인 나사렛의료재단 나사렛국제병원,1408,C,14,14,17,58312848,3,5,14,2026-07-25T07:50:10.00561,17,22
2026-07-25 07:52:18,mediboard,대구광역시,0,0,A1400003,의료법인 루가의료재단 나은병원,1407,C,14,10,11,58312893,10,10,14,2026-07-25T07:50:10.00561,20,21
2026-07-25 07:52:18,mediboard,대구광역시,0,0,A1400007,의료법인 성수의료재단 인천백병원,1405,D,14,4,5,58313003,1,1,14,2026-07-25T07:50:10.00561,5,6
2026-07-25 07:52:18,mediboard,대구광역시,0,0,A1400014,의료법인인성의료재단한림병원,1402,C,14,15,17,58313120,4,4,14,2026-07-25T07:50:10.00561,19,21
2026-07-25 07:52:18,mediboard,대구광역시,0,0,A1400017,인천광역시의료원,1405,D,14,14,15,58312896,2,2,14,2026-07-25T07:50:10.00561,16,17
2026-07-25 07:52:18,mediboard,대구광역시,0,0,A1400037,인천광역시의료원백령병원,1409,D,14,5,5,58313007,1,1,14,2026-07-25T07:50:10.00561,6,6
2026-07-25 07:52:18,mediboard,대구광역시,0,0,A1400009,인천기독병원,1410,D,14,7,8,58312895,1,1,14,2026-07-25T07:50:10.00561,8,9
2026-07-25 07:52:18,mediboard,대구광역시,0,0,A1400016,인천사랑병원,1403,C,14,13,14,58313062,7,7,14,2026-07-25T07:50:10.00561,20,21
2026-07-25 07:52:18,mediboard,대구광역시,0,0,A1403372,인천세종병원,1402,C,14,15,18,58313063,3,3,14,2026-07-25T07:50:10.00561,18,21
2026-07-25 07:52:18,mediboard,대구광역시,0,0,A1400018,인천적십자병원,1408,D,14,8,8,58313006,2,2,14,2026-07-25T07:50:10.00561,10,10
2026-07-25 07:52:18,mediboard,대구광역시,0,0,A1403871,인천힘찬종합병원,1404,D,14,13,17,58313121,3,6,14,2026-07-25T07:50:10.00561,16,23
2026-07-25 07:52:18,mediboard,대구광역시,8,9,A1400002,인하대학교의과대학부속병원,1410,A,14,10,20,58312952,9,9,14,2026-07-25T07:50:10.00561,25,36
2026-07-25 07:52:18,mediboard,대구광역시,0,0,A1400004,현대유비스병원,1403,D,14,16,18,58313171,1,1,14,2026-07-25T07:50:10.00561,17,19
2026-07-25 07:52:18,mediboard,광주광역시,7,7,A1500019,KS병원,1501,C,15,12,15,58313122,3,3,15,2026-07-25T07:50:10.00561,22,25
2026-07-25 07:52:18,mediboard,광주광역시,0,0,A1500021,광주기독병원,1502,C,15,8,20,58313123,3,6,15,2026-07-25T07:50:10.00561,11,26
2026-07-25 07:52:18,mediboard,광주광역시,0,0,A1500015,광주병원,1504,D,15,7,10,58312851,1,1,15,2026-07-25T07:50:10.00561,8,11
2026-07-25 07:52:18,mediboard,광주광역시,0,0,A1500004,광주보훈병원,1501,D,15,13,14,58312953,2,2,15,2026-07-25T07:50:10.00561,15,16
2026-07-25 07:52:18,mediboard,광주광역시,0,0,A1502007,광주센트럴병원,1501,D,15,10,10,58313175,1,1,15,2026-07-25T07:50:10.00561,11,11
2026-07-25 07:52:18,mediboard,광주광역시,0,0,A1500018,광주수완병원,1501,D,15,8,9,58312852,0,1,15,2026-07-25T07:50:10.00561,8,10
2026-07-25 07:52:18,mediboard,광주광역시,0,0,A1500009,광주씨티병원,1502,D,15,6,10,58312849,1,1,15,2026-07-25T07:50:10.00561,7,11
2026-07-25 07:52:18,mediboard,광주광역시,0,0,A1500005,광주일곡병원,1504,D,15,8,9,58313215,1,1,15,2026-07-25T07:50:10.00561,9,10
2026-07-25 07:52:18,mediboard,광주광역시,0,0,A1500016,광주한국병원,1505,D,15,13,15,58313067,1,1,15,2026-07-25T07:50:10.00561,14,16
2026-07-25 07:52:18,mediboard,광주광역시,0,0,A1500003,광주현대병원,1504,D,15,8,9,58313065,2,2,15,2026-07-25T07:50:10.00561,10,11
2026-07-25 07:52:18,mediboard,광주광역시,0,0,A1500007,광주희망병원,1504,D,15,9,9,58312897,1,1,15,2026-07-25T07:50:10.00561,10,10
2026-07-25 07:52:18,mediboard,광주광역시,0,0,A1500013,동아병원,1502,D,15,8,9,58312850,1,1,15,2026-07-25T07:50:10.00561,9,10
2026-07-25 07:52:18,mediboard,광주광역시,0,0,A1500014,미래로21병원,1505,D,15,4,9,58313066,1,1,15,2026-07-25T07:50:10.00561,5,10
2026-07-25 07:52:18,mediboard,광주광역시,0,0,A1500022,상무병원,1505,D,15,8,9,58313174,1,1,15,2026-07-25T07:50:10.00561,9,10
2026-07-25 07:52:18,mediboard,광주광역시,2,2,A1500020,서광병원,1505,C,15,18,18,58313218,3,3,15,2026-07-25T07:50:10.00561,23,23
2026-07-25 07:52:18,mediboard,광주광역시,0,0,A1500006,신가병원,1501,D,15,8,9,58313216,2,2,15,2026-07-25T07:50:10.00561,10,11
2026-07-25 07:52:18,mediboard,광주광역시,0,0,A1500010,운암한국병원,1504,D,15,6,9,58313173,1,1,15,2026-07-25T07:50:10.00561,7,10
2026-07-25 07:52:18,mediboard,광주광역시,4,4,A1500002,전남대학교병원,1503,A,15,10,28,58313172,4,7,15,2026-07-25T07:50:10.00561,18,39
2026-07-25 07:52:18,mediboard,광주광역시,4,4,A1500001,조선대학교병원,1503,A,15,18,23,58313008,4,5,15,2026-07-25T07:50:10.00561,26,32
2026-07-25 07:52:18,mediboard,광주광역시,0,0,A1500011,첨단종합병원,1501,C,15,20,22,58313217,3,3,15,2026-07-25T07:50:10.00561,23,25
2026-07-25 07:52:18,mediboard,광주광역시,0,0,A1500017,하남성심병원,1501,D,15,17,19,58313009,1,2,15,2026-07-25T07:50:10.00561,18,21
2026-07-25 07:52:18,mediboard,대전광역시,0,0,A1600004,대전보훈병원,1601,D,16,7,7,58312853,2,2,16,2026-07-25T07:50:10.00561,9,9
2026-07-25 07:52:18,mediboard,대전광역시,0,0,A1600003,대전한국병원,1602,D,16,9,9,58313010,1,1,16,2026-07-25T07:50:10.00561,10,10
2026-07-25 07:52:18,mediboard,대전광역시,0,0,A1602246,대청병원,1603,D,16,9,9,58313124,1,1,16,2026-07-25T07:50:10.00561,10,10
2026-07-25 07:52:18,mediboard,대전광역시,0,0,A1600008,의료법인영훈의료재단대전선병원,1605,C,16,12,17,58313011,4,9,16,2026-07-25T07:50:10.00561,16,26
2026-07-25 07:52:18,mediboard,대전광역시,0,0,A1600007,의료법인영훈의료재단유성선병원,1604,C,16,12,17,58312899,3,7,16,2026-07-25T07:50:10.00561,15,24
2026-07-25 07:52:18,mediboard,대전광역시,6,6,A1600001,충남대학교병원,1605,A,16,16,28,58312954,5,5,16,2026-07-25T07:50:10.00561,27,39
2026-07-25 07:52:18,mediboard,대전광역시,0,0,A1600005,학교법인가톨릭학원가톨릭대학교대전성모병원,1605,C,16,13,19,58313219,3,3,16,2026-07-25T07:50:10.00561,16,22
2026-07-25 07:52:18,mediboard,대전광역시,3,5,A1600006,학교법인건양교육재단건양대학교병원,1603,A,16,18,24,58312898,5,5,16,2026-07-25T07:50:10.00561,26,34
2026-07-25 07:52:18,mediboard,대전광역시,0,0,A1600002,학교법인을지학원대전을지대학교병원,1603,C,16,23,23,58313176,6,6,16,2026-07-25T07:50:10.00561,29,29
2026-07-25 07:52:18,mediboard,울산광역시,0,0,A1700001,서울산보람병원,1704,D,17,6,10,58312900,1,1,17,2026-07-25T07:50:10.00561,7,11
2026-07-25 07:52:18,mediboard,울산광역시,0,0,A1700003,울산병원,1701,C,17,13,19,58313068,3,3,17,2026-07-25T07:50:10.00561,16,22
2026-07-25 07:52:18,mediboard,울산광역시,0,0,A1700002,의료법인동강의료재단동강병원,1705,C,17,23,24,58313125,3,3,17,2026-07-25T07:50:10.00561,26,27
2026-07-25 07:52:18,mediboard,울산광역시,0,0,A1700025,의료법인송은의료재단울산시티병원,1703,C,17,14,17,58313069,3,3,17,2026-07-25T07:50:10.00561,17,20
2026-07-25 07:52:18,mediboard,울산광역시,0,0,A1700011,의료법인은성의료재단좋은삼정병원,1701,D,17,5,9,58313126,1,1,17,2026-07-25T07:50:10.00561,6,10
2026-07-25 07:52:18,mediboard,울산광역시,0,0,A1700028,의료법인정안의료재단중앙병원,1701,C,17,12,17,58312955,3,3,17,2026-07-25T07:50:10.00561,15,20
2026-07-25 07:52:18,mediboard,울산광역시,8,8,A1700004,학교법인울산공업학원울산대학교병원,1702,A,17,12,23,58313012,6,6,17,2026-07-25T07:50:10.00561,26,37
2026-07-25 07:52:18,mediboard,경기도,0,0,A2100019,(의)영문의료재단다보스병원,2136,C,21,12,13,58312856,7,7,21,2026-07-25T07:50:10.00561,19,20
2026-07-25 07:52:18,mediboard,경기도,0,0,A2100122,(의)효심의료재단용인서울병원,2136,D,21,9,10,58313228,0,0,21,2026-07-25T07:50:10.00561,9,10
2026-07-25 07:52:18,mediboard,경기도,0,0,A2100052,가톨릭대학교부천성모병원,2113,C,21,26,31,58312861,5,6,21,2026-07-25T07:50:10.00561,31,37
2026-07-25 07:52:18,mediboard,경기도,8,8,A2100012,가톨릭대학교성빈센트병원,2122,C,21,19,28,58313013,6,6,21,2026-07-25T07:50:10.00561,31,40
2026-07-25 07:52:18,mediboard,경기도,11,11,A2100040,가톨릭대학교의정부성모병원,2138,A,21,34,44,58312908,6,6,21,2026-07-25T07:50:10.00561,51,61
2026-07-25 07:52:18,mediboard,경기도,0,0,A2100029,강남병원,2134,C,21,17,17,58313129,3,3,21,2026-07-25T07:50:10.00561,20,20
2026-07-25 07:52:18,mediboard,경기도,0,0,A2100032,경기도의료원수원병원,2121,D,21,8,8,58313071,5,5,21,2026-07-25T07:50:10.00561,13,13
2026-07-25 07:52:18,mediboard,경기도,0,0,A2100045,경기도의료원안성병원,2126,D,21,14,14,58313072,1,5,21,2026-07-25T07:50:10.00561,15,19
2026-07-25 07:52:18,mediboard,경기도,0,0,A2100043,경기도의료원의정부병원,2138,D,21,10,10,58313224,1,1,21,2026-07-25T07:50:10.00561,11,11
2026-07-25 07:52:18,mediboard,경기도,0,0,A2100193,경기도의료원이천병원,2139,C,21,12,17,58312910,3,3,21,2026-07-25T07:50:10.00561,15,20
2026-07-25 07:52:18,mediboard,경기도,0,0,A2100035,경기도의료원파주병원,2140,C,21,13,17,58312859,3,3,21,2026-07-25T07:50:10.00561,16,20
2026-07-25 07:52:18,mediboard,경기도,0,0,A2100031,경기도의료원포천병원,2142,C,21,14,17,58313016,3,3,21,2026-07-25T07:50:10.00561,17,20
2026-07-25 07:52:18,mediboard,경기도,4,4,A2100003,고려대학교의과대학부속안산병원,2124,A,21,16,22,58312903,8,8,21,2026-07-25T07:50:10.00561,28,34
2026-07-25 07:52:18,mediboard,경기도,4,4,A2100007,광명성애병원,2106,C,21,6,11,58313178,4,5,21,2026-07-25T07:50:10.00561,14,20
2026-07-25 07:52:18,mediboard,경기도,0,0,A2100258,국군수도병원,2116,D,21,12,16,58313131,0,2,21,2026-07-25T07:50:10.00561,12,18
2026-07-25 07:52:18,mediboard,경기도,0,0,A2100049,국립암센터,2103,D,21,11,24,58313018,1,1,21,2026-07-25T07:50:10.00561,12,25
2026-07-25 07:52:18,mediboard,경기도,4,5,A2100033,국민건강보험공단일산병원,2103,A,21,18,23,58313222,5,5,21,2026-07-25T07:50:10.00561,27,33
2026-07-25 07:52:18,mediboard,경기도,0,0,A2100014,근로복지공단안산병원,2125,D,21,7,7,58312957,1,1,21,2026-07-25T07:50:10.00561,8,8
2026-07-25 07:52:18,mediboard,경기도,0,0,A2100041,남양주한양병원,2111,C,21,16,17,58313223,3,3,21,2026-07-25T07:50:10.00561,19,20
2026-07-25 07:52:18,mediboard,경기도,0,0,A2100017,대아의료재단한도병원,2124,C,21,15,17,58312958,3,3,21,2026-07-25T07:50:10.00561,18,20
2026-07-25 07:52:18,mediboard,경기도,3,3,A2100025,대진의료재단분당제생병원,2116,C,21,14,24,58313180,3,3,21,2026-07-25T07:50:10.00561,20,30
2026-07-25 07:52:18,mediboard,경기도,3,3,A2100047,동국대학교일산불교병원,2103,C,21,17,19,58313017,7,7,21,2026-07-25T07:50:10.00561,27,29
2026-07-25 07:52:18,mediboard,경기도,0,0,A2100131,메디인병원,2140,D,21,9,12,58313182,2,2,21,2026-07-25T07:50:10.00561,11,14
2026-07-25 07:52:18,mediboard,경기도,0,0,A2121142,메디필드한강병원,2136,D,21,17,17,58313187,3,3,21,2026-07-25T07:50:10.00561,20,20
2026-07-25 07:52:18,mediboard,경기도,0,0,A2100055,부천세종병원,2113,C,21,16,17,58312963,3,3,21,2026-07-25T07:50:10.00561,19,20
2026-07-25 07:52:18,mediboard,경기도,4,5,A2100001,분당서울대학교병원,2116,A,21,-13,30,58312902,5,5,21,2026-07-25T07:50:10.00561,-4,40
2026-07-25 07:52:18,mediboard,경기도,6,6,A2116806,성남시의료원,2117,C,21,16,17,58313186,6,6,21,2026-07-25T07:50:10.00561,28,29
2026-07-25 07:52:18,mediboard,경기도,0,0,A2100194,세종여주병원,2131,D,21,4,6,58312862,10,10,21,2026-07-25T07:50:10.00561,14,16
2026-07-25 07:52:18,mediboard,경기도,0,0,A2100016,순천의료재단성남정병원,2117,D,21,8,9,58312906,2,2,21,2026-07-25T07:50:10.00561,10,11
2026-07-25 07:52:18,mediboard,경기도,4,5,A2100005,순천향대학교부속부천병원,2113,A,21,9,17,58312855,4,5,21,2026-07-25T07:50:10.00561,17,27
2026-07-25 07:52:18,mediboard,경기도,14,14,A2100002,아주대학교병원,2120,A,21,28,32,58312956,13,13,21,2026-07-25T07:50:10.00561,50,54
2026-07-25 07:52:18,mediboard,경기도,0,0,A2100305,안성성모병원,2126,D,21,8,9,58313185,0,1,21,2026-07-25T07:50:10.00561,8,10
2026-07-25 07:52:18,mediboard,경기도,0,0,A2100089,양평병원,2130,D,21,7,9,58313074,1,1,21,2026-07-25T07:50:10.00561,8,10
2026-07-25 07:52:18,mediboard,경기도,0,0,A2118188,엘병원,2111,D,21,7,8,58313076,2,2,21,2026-07-25T07:50:10.00561,9,10
2026-07-25 07:52:18,mediboard,경기도,6,6,A2100020,연세대학교의과대학용인세브란스병원,2134,C,21,14,16,58313220,4,4,21,2026-07-25T07:50:10.00561,24,26
2026-07-25 07:52:18,mediboard,경기도,0,0,E2100187,연천군보건의료원,2132,D,21,9,10,58312880,0,0,21,2026-07-25T07:50:10.00561,9,10
2026-07-25 07:52:18,mediboard,경기도,0,0,A2100024,오산한국병원,2133,C,21,14,17,58313221,3,3,21,2026-07-25T07:50:10.00561,17,20
2026-07-25 07:52:18,mediboard,경기도,0,0,A2100048,원광대학교산본병원,2109,C,21,16,17,58312962,3,3,21,2026-07-25T07:50:10.00561,19,20
2026-07-25 07:52:18,mediboard,경기도,0,0,A2100013,의료법인 록향의료재단 신천연합병원,2123,D,21,6,10,58313179,1,1,21,2026-07-25T07:50:10.00561,7,11
2026-07-25 07:52:18,mediboard,경기도,0,0,A2100036,의료법인 일심의료재단 포천우리병원,2142,D,21,18,18,58312961,4,4,21,2026-07-25T07:50:10.00561,22,22
2026-07-25 07:52:18,mediboard,경기도,0,0,A2100309,의료법인갈렌의료재단박병원,2141,D,21,8,10,58313020,1,1,21,2026-07-25T07:50:10.00561,9,11
2026-07-25 07:52:18,mediboard,경기도,5,5,A2100008,의료법인남촌의료재단시화병원,2123,C,21,13,16,58312904,6,6,21,2026-07-25T07:50:10.00561,24,27
2026-07-25 07:52:18,mediboard,경기도,0,0,A2100009,의료법인녹산의료재단동수원병원,2122,C,21,12,17,58313070,3,3,21,2026-07-25T07:50:10.00561,15,20
2026-07-25 07:52:18,mediboard,경기도,0,0,A2100050,의료법인대인의료재단다니엘종합병원,2113,D,21,5,6,58313226,4,4,21,2026-07-25T07:50:10.00561,9,10
2026-07-25 07:52:18,mediboard,경기도,3,3,A2121061,의료법인덕산의료재단수원덕산병원,2119,D,21,23,24,58313229,3,3,21,2026-07-25T07:50:10.00561,29,30
2026-07-25 07:52:18,mediboard,경기도,0,0,A2117135,의료법인명인의료재단화홍병원,2119,C,21,9,15,58312965,5,5,21,2026-07-25T07:50:10.00561,14,20
2026-07-25 07:52:18,mediboard,경기도,3,3,A2100042,의료법인명지의료재단명지병원,2102,A,21,11,15,58313181,11,11,21,2026-07-25T07:50:10.00561,22,26
2026-07-25 07:52:18,mediboard,경기도,0,0,A2100022,의료법인박애의료재단박애병원,2141,D,21,10,10,58312959,1,1,21,2026-07-25T07:50:10.00561,11,11
2026-07-25 07:52:18,mediboard,경기도,0,0,A2100028,의료법인백송의료재단굿모닝병원,2141,C,21,17,19,58312960,6,9,21,2026-07-25T07:50:10.00561,23,28
2026-07-25 07:52:18,mediboard,경기도,0,0,A2100027,의료법인석경의료재단센트럴병원,2123,D,21,18,18,58313015,3,3,21,2026-07-25T07:50:10.00561,21,21
2026-07-25 07:52:18,mediboard,경기도,0,0,A2116972,의료법인성광의료재단일산차병원,2103,D,21,6,6,58312964,3,4,21,2026-07-25T07:50:10.00561,9,10
2026-07-25 07:52:18,mediboard,경기도,0,0,A2113246,의료법인양진의료재단평택성모병원,2141,C,21,13,17,58313021,3,3,21,2026-07-25T07:50:10.00561,16,20
2026-07-25 07:52:18,mediboard,경기도,0,0,A2100034,의료법인영동의료재단의정부백병원,2138,D,21,10,10,58312858,2,2,21,2026-07-25T07:50:10.00561,12,12
2026-07-25 07:52:18,mediboard,경기도,0,0,A2100053,의료법인우리의료재단김포우리병원,2110,C,21,21,22,58313073,6,7,21,2026-07-25T07:50:10.00561,27,29
2026-07-25 07:52:18,mediboard,경기도,0,0,A2115699,의료법인원광의료재단원광종합병원,2146,D,21,6,9,58312911,1,1,21,2026-07-25T07:50:10.00561,7,10
2026-07-25 07:52:18,mediboard,경기도,0,0,A2100018,의료법인은혜와감사의료재단화성중앙종합병원,2144,D,21,8,9,58313128,1,1,21,2026-07-25T07:50:10.00561,9,10
2026-07-25 07:52:18,mediboard,경기도,0,0,A2100006,의료법인인봉의료재단뉴고려병원,2110,C,21,11,14,58313177,5,6,21,2026-07-25T07:50:10.00561,16,20
2026-07-25 07:52:18,mediboard,경기도,0,0,A2100290,의료법인자인의료재단(더자인병원),2102,D,21,16,16,58313019,4,4,21,2026-07-25T07:50:10.00561,20,20
2026-07-25 07:52:18,mediboard,경기도,0,0,A2100124,의료법인칠석의료재단사랑의병원,2125,D,21,8,13,58312909,1,1,21,2026-07-25T07:50:10.00561,9,14
2026-07-25 07:52:18,mediboard,경기도,0,0,A2100175,의료법인토마스의료재단윌스기념병원,2122,D,21,15,18,58313184,3,3,21,2026-07-25T07:50:10.00561,18,21
2026-07-25 07:52:18,mediboard,경기도,0,0,A2100021,의료법인플러스의료재단단원병원,2124,D,21,15,17,58313014,3,3,21,2026-07-25T07:50:10.00561,18,20
2026-07-25 07:52:18,mediboard,경기도,0,4,A2100038,인제대학교일산백병원,2104,C,21,28,34,58313130,6,6,21,2026-07-25T07:50:10.00561,34,44
2026-07-25 07:52:18,mediboard,경기도,0,0,A2118788,중앙대학교광명병원,2106,C,21,15,21,58312863,2,3,21,2026-07-25T07:50:10.00561,17,24
2026-07-25 07:52:18,mediboard,경기도,11,13,A2100030,차의과학대학교분당차병원,2116,A,21,17,22,58312857,7,7,21,2026-07-25T07:50:10.00561,33,40
2026-07-25 07:52:18,mediboard,경기도,1,1,A2100155,참조은병원,2107,C,21,4,9,58313183,10,10,21,2026-07-25T07:50:10.00561,15,20
2026-07-25 07:52:18,mediboard,경기도,0,0,A2100150,추병원,2138,D,21,12,12,58313075,2,2,21,2026-07-25T07:50:10.00561,14,14
2026-07-25 07:52:18,mediboard,경기도,6,6,A2117994,학교법인을지학원의정부을지대학교병원,2138,C,21,26,30,58312966,9,11,21,2026-07-25T07:50:10.00561,41,47
2026-07-25 07:52:18,mediboard,경기도,9,9,A2100046,한림대학교동탄성심병원,2147,C,21,26,32,58313225,3,3,21,2026-07-25T07:50:10.00561,38,44
2026-07-25 07:52:18,mediboard,경기도,3,3,A2100004,한림대학교성심병원,2127,A,21,14,25,58312854,10,11,21,2026-07-25T07:50:10.00561,27,39
2026-07-25 07:52:18,mediboard,경기도,0,0,A2100039,한양대학교구리병원,2108,C,21,15,18,58312907,5,5,21,2026-07-25T07:50:10.00561,20,23
2026-07-25 07:52:18,mediboard,경기도,0,0,A2100037,현대병원,2111,C,21,14,17,58312860,3,3,21,2026-07-25T07:50:10.00561,17,20
2026-07-25 07:52:18,mediboard,경기도,0,0,A2100015,효산의료재단안양샘병원,2128,C,21,15,17,58312905,3,3,21,2026-07-25T07:50:10.00561,18,20
2026-07-25 07:52:18,mediboard,경기도,0,0,A2100054,효산의료재단지샘병원,2109,C,21,17,18,58313227,4,4,21,2026-07-25T07:50:10.00561,21,22
2026-07-25 07:52:18,mediboard,강원특별자치도,3,3,A2200008,강릉아산병원,2201,A,22,17,23,58313077,5,5,22,2026-07-25T07:50:10.00561,25,31
2026-07-25 07:52:18,mediboard,강원특별자치도,3,3,A2200009,강원대학교병원,2213,C,22,14,21,58313230,5,5,22,2026-07-25T07:50:10.00561,22,29
2026-07-25 07:52:18,mediboard,강원특별자치도,0,0,A2200011,강원특별자치도강릉의료원,2201,D,22,3,5,58313023,1,1,22,2026-07-25T07:50:10.00561,4,6
2026-07-25 07:52:18,mediboard,강원특별자치도,1,1,A2200007,강원특별자치도삼척의료원,2204,C,22,15,16,58312864,3,5,22,2026-07-25T07:50:10.00561,19,22
2026-07-25 07:52:18,mediboard,강원특별자치도,0,0,A2200012,강원특별자치도속초의료원,2205,C,22,15,17,58313231,3,3,22,2026-07-25T07:50:10.00561,18,20
2026-07-25 07:52:18,mediboard,강원특별자치도,0,0,A2200002,강원특별자치도영월의료원,2208,D,22,5,9,58312912,1,1,22,2026-07-25T07:50:10.00561,6,10
2026-07-25 07:52:18,mediboard,강원특별자치도,0,0,A2200015,강원특별자치도원주의료원,2209,D,22,11,17,58313025,2,3,22,2026-07-25T07:50:10.00561,13,20
2026-07-25 07:52:18,mediboard,강원특별자치도,0,0,A2200048,근로복지공단정선병원,2211,D,22,5,5,58312968,1,1,22,2026-07-25T07:50:10.00561,6,6
2026-07-25 07:52:18,mediboard,강원특별자치도,0,0,A2200004,근로복지공단태백병원,2214,D,22,6,9,58312967,1,1,22,2026-07-25T07:50:10.00561,7,10
2026-07-25 07:52:18,mediboard,강원특별자치도,2,3,A2200001,연세대학교원주세브란스기독병원,2209,A,22,24,31,58313022,28,45,22,2026-07-25T07:50:10.00561,54,79
2026-07-25 07:52:18,mediboard,강원특별자치도,0,0,A2200005,의료법인강릉동인병원,2201,C,22,16,17,58313133,3,3,22,2026-07-25T07:50:10.00561,19,20
2026-07-25 07:52:18,mediboard,강원특별자치도,0,0,A2200003,의료법인동해동인병원,2203,D,22,9,10,58313132,1,1,22,2026-07-25T07:50:10.00561,10,11
2026-07-25 07:52:18,mediboard,강원특별자치도,0,0,A2200037,의료법인성심의료재단양구성심병원,2206,D,22,5,5,58313232,1,1,22,2026-07-25T07:50:10.00561,6,6
2026-07-25 07:52:18,mediboard,강원특별자치도,0,0,A2200024,의료법인성지의료재단성지병원,2209,D,22,7,7,58313079,1,1,22,2026-07-25T07:50:10.00561,8,8
2026-07-25 07:52:18,mediboard,강원특별자치도,0,0,A2200046,의료법인온세움의료재단온재병원,2205,D,22,5,9,58313233,1,1,22,2026-07-25T07:50:10.00561,6,10
2026-07-25 07:52:18,mediboard,강원특별자치도,0,0,A2201730,철원병원,2212,D,22,3,5,58312913,1,1,22,2026-07-25T07:50:10.00561,4,6
2026-07-25 07:52:18,mediboard,강원특별자치도,0,0,E2200026,평창군보건의료원,2215,D,22,6,6,58312989,1,1,22,2026-07-25T07:50:10.00561,7,7
2026-07-25 07:52:18,mediboard,강원특별자치도,2,3,A2200013,한림대학교춘천성심병원,2213,A,22,18,22,58312865,5,5,22,2026-07-25T07:50:10.00561,25,30
2026-07-25 07:52:18,mediboard,강원특별자치도,0,0,A2200014,홍천아산병원,2216,D,22,8,10,58313024,0,0,22,2026-07-25T07:50:10.00561,8,10
2026-07-25 07:52:18,mediboard,강원특별자치도,0,0,E2200025,화천군보건의료원,2217,D,22,7,7,58313104,1,1,22,2026-07-25T07:50:10.00561,8,8
2026-07-25 07:52:18,mediboard,강원특별자치도,0,0,A2200016,횡성대성병원,2218,D,22,9,9,58313078,1,1,22,2026-07-25T07:50:10.00561,10,10
2026-07-25 07:52:18,mediboard,충청북도,0,0,A2300010,건국대학교충주병원,2314,C,23,17,20,58313234,3,3,23,2026-07-25T07:50:10.00561,20,23
2026-07-25 07:52:18,mediboard,충청북도,0,0,E2300011,단양군보건의료원,2302,D,23,6,6,58312937,1,2,23,2026-07-25T07:50:10.00561,7,8
2026-07-25 07:52:18,mediboard,충청북도,0,0,A2300013,의료법인 건명의료재단 중앙제일병원,2309,C,23,13,17,58313134,3,5,23,2026-07-25T07:50:10.00561,16,22
2026-07-25 07:52:18,mediboard,충청북도,0,0,A2300034,의료법인대광의료재단괴산성모병원,2301,D,23,6,9,58313028,0,1,23,2026-07-25T07:50:10.00561,6,10
2026-07-25 07:52:18,mediboard,충청북도,3,3,A2300009,의료법인명지의료재단명지병원,2307,C,23,10,18,58313027,6,6,23,2026-07-25T07:50:10.00561,19,27
2026-07-25 07:52:18,mediboard,충청북도,0,0,A2300007,의료법인인화재단한국병원,2310,C,23,13,14,58313026,6,6,23,2026-07-25T07:50:10.00561,19,20
2026-07-25 07:52:18,mediboard,충청북도,0,0,A2300005,의료법인자산의료재단제천서울병원,2307,C,23,12,15,58312916,5,5,23,2026-07-25T07:50:10.00561,17,20
2026-07-25 07:52:18,mediboard,충청북도,0,0,A2300003,의료법인정산의료재단효성병원,2310,C,23,18,18,58312915,5,5,23,2026-07-25T07:50:10.00561,23,23
2026-07-25 07:52:18,mediboard,충청북도,0,0,A2300030,의료법인조윤의료재단영동병원,2304,D,23,10,10,58313135,0,0,23,2026-07-25T07:50:10.00561,10,10
2026-07-25 07:52:18,mediboard,충청북도,0,0,A2300002,의료법인한마음의료재단하나병원,2313,C,23,8,11,58312866,12,12,23,2026-07-25T07:50:10.00561,20,23
2026-07-25 07:52:18,mediboard,충청북도,0,0,A2300011,의료법인힐링의료재단옥천성모병원,2305,D,23,7,7,58313188,3,3,23,2026-07-25T07:50:10.00561,10,10
2026-07-25 07:52:18,mediboard,충청북도,0,0,A2300008,청주성모병원,2312,C,23,12,15,58312867,7,10,23,2026-07-25T07:50:10.00561,19,25
2026-07-25 07:52:18,mediboard,충청북도,8,8,A2300001,충북대학교병원,2311,A,23,26,32,58312914,5,5,23,2026-07-25T07:50:10.00561,39,45
2026-07-25 07:52:18,mediboard,충청북도,0,0,A2300006,충청북도청주의료원,2311,D,23,12,12,58312970,4,4,23,2026-07-25T07:50:10.00561,16,16
2026-07-25 07:52:18,mediboard,충청북도,0,0,A2300004,충청북도충주의료원,2314,D,23,13,18,58312969,3,3,23,2026-07-25T07:50:10.00561,16,21
2026-07-25 07:52:18,mediboard,충청남도,4,4,A2400002,단국대학교의과대학부속병원,2412,A,24,21,27,58312918,4,5,24,2026-07-25T07:50:10.00561,29,36
2026-07-25 07:52:18,mediboard,충청남도,0,0,A2400008,당진종합병원,2405,C,24,16,17,58312919,3,3,24,2026-07-25T07:50:10.00561,19,20
2026-07-25 07:52:18,mediboard,충청남도,0,4,A2400003,서산중앙병원,2408,C,24,14,17,58312868,3,3,24,2026-07-25T07:50:10.00561,17,24
2026-07-25 07:52:18,mediboard,충청남도,0,0,A2402257,아산충무병원,2410,C,24,11,13,58313235,8,8,24,2026-07-25T07:50:10.00561,19,21
2026-07-25 07:52:18,mediboard,충청남도,0,0,A2400044,의료법인 서해병원,2409,D,24,5,5,58312920,2,2,24,2026-07-25T07:50:10.00561,7,7
2026-07-25 07:52:18,mediboard,충청남도,0,0,A2400004,의료법인 예당의료재단 예산종합병원,2411,D,24,6,6,58313080,1,1,24,2026-07-25T07:50:10.00561,7,7
2026-07-25 07:52:18,mediboard,충청남도,0,0,A2400009,의료법인백제병원,2404,C,24,13,20,58312870,3,3,24,2026-07-25T07:50:10.00561,16,23
2026-07-25 07:52:18,mediboard,충청남도,0,0,A2400012,의료법인영서의료재단천안충무병원,2413,C,24,8,16,58313029,5,5,24,2026-07-25T07:50:10.00561,13,21
2026-07-25 07:52:18,mediboard,충청남도,0,0,A2400011,재단법인아산사회복지재단보령아산병원,2406,C,24,15,17,58312971,3,3,24,2026-07-25T07:50:10.00561,18,20
2026-07-25 07:52:18,mediboard,충청남도,0,0,E2400032,청양군보건의료원,2414,D,24,6,6,58313046,1,1,24,2026-07-25T07:50:10.00561,7,7
2026-07-25 07:52:18,mediboard,충청남도,0,0,A2400010,충청남도공주의료원,2402,D,24,14,15,58312871,1,1,24,2026-07-25T07:50:10.00561,15,16
2026-07-25 07:52:18,mediboard,충청남도,0,0,A2400006,충청남도서산의료원,2408,C,24,10,17,58312869,3,3,24,2026-07-25T07:50:10.00561,13,20
2026-07-25 07:52:18,mediboard,충청남도,0,0,A2400005,충청남도천안의료원,2412,D,24,8,12,58313136,1,2,24,2026-07-25T07:50:10.00561,9,14
2026-07-25 07:52:18,mediboard,충청남도,1,1,A2400007,충청남도홍성의료원,2416,C,24,16,18,58313189,3,3,24,2026-07-25T07:50:10.00561,20,22
2026-07-25 07:52:18,mediboard,충청남도,0,0,E2400033,태안군보건의료원,2415,D,24,10,10,58312881,1,1,24,2026-07-25T07:50:10.00561,11,11
2026-07-25 07:52:18,mediboard,충청남도,0,0,A2400038,학교법인건양교육재단건양대학교부여병원,2407,D,24,8,9,58313030,1,1,24,2026-07-25T07:50:10.00561,9,10
2026-07-25 07:52:18,mediboard,충청남도,18,18,A2400001,학교법인동은학원순천향대학교부속천안병원,2412,A,24,17,22,58312917,11,11,24,2026-07-25T07:50:10.00561,42,47
2026-07-25 07:52:18,mediboard,충청남도,0,0,A2400039,현대병원,2410,D,24,10,10,58313137,1,1,24,2026-07-25T07:50:10.00561,11,11
2026-07-25 07:52:18,mediboard,전북특별자치도,0,0,A2500038,김제우석병원,2503,D,25,9,10,58312872,1,1,25,2026-07-25T07:50:10.00561,10,11
2026-07-25 07:52:18,mediboard,전북특별자치도,0,0,A2500056,대자인병원,2512,C,25,25,33,58313032,3,3,25,2026-07-25T07:50:10.00561,28,36
2026-07-25 07:52:18,mediboard,전북특별자치도,0,0,E2500019,무주군보건의료원,2505,D,25,4,4,58313204,1,1,25,2026-07-25T07:50:10.00561,5,5
2026-07-25 07:52:18,mediboard,전북특별자치도,0,0,A2500010,부안성모병원,2506,D,25,9,10,58313139,2,2,25,2026-07-25T07:50:10.00561,11,12
2026-07-25 07:52:18,mediboard,전북특별자치도,3,3,A2502742,새강병원,2513,D,25,14,14,58313238,3,3,25,2026-07-25T07:50:10.00561,20,20
2026-07-25 07:52:18,mediboard,전북특별자치도,0,0,E2500021,순창군보건의료원,2507,D,25,9,9,58312938,1,1,25,2026-07-25T07:50:10.00561,10,10
2026-07-25 07:52:18,mediboard,전북특별자치도,3,3,A2500001,원광대학교병원,2509,A,25,13,28,58313236,4,5,25,2026-07-25T07:50:10.00561,20,36
2026-07-25 07:52:18,mediboard,전북특별자치도,0,0,A2500011,의료법인대산의료재단익산병원,2509,C,25,14,17,58313031,3,3,25,2026-07-25T07:50:10.00561,17,20
2026-07-25 07:52:18,mediboard,전북특별자치도,0,0,A2500009,의료법인석천재단고창병원,2501,D,25,7,10,58313190,1,1,25,2026-07-25T07:50:10.00561,8,11
2026-07-25 07:52:18,mediboard,전북특별자치도,0,0,A2500005,의료법인영경의료재단전주병원,2513,C,25,13,17,58313082,3,3,25,2026-07-25T07:50:10.00561,16,20
2026-07-25 07:52:18,mediboard,전북특별자치도,0,0,A2501890,의료법인영경의료재단호성전주병원,2512,D,25,5,9,58312972,1,1,25,2026-07-25T07:50:10.00561,6,10
2026-07-25 07:52:18,mediboard,전북특별자치도,0,0,A2500012,의료법인오성의료재단동군산병원,2502,C,25,8,17,58313237,5,6,25,2026-07-25T07:50:10.00561,13,23
2026-07-25 07:52:18,mediboard,전북특별자치도,0,0,E2500022,임실군보건의료원,2510,D,25,4,4,58313205,1,1,25,2026-07-25T07:50:10.00561,5,5
2026-07-25 07:52:18,mediboard,전북특별자치도,0,0,E2500020,장수군보건의료원,2511,D,25,5,5,58313047,1,1,25,2026-07-25T07:50:10.00561,6,6
2026-07-25 07:52:18,mediboard,전북특별자치도,0,0,A2500008,재단법인 아산사회복지재단 정읍아산병원,2514,C,25,12,17,58312922,3,3,25,2026-07-25T07:50:10.00561,15,20
2026-07-25 07:52:18,mediboard,전북특별자치도,11,12,A2500006,재단법인예수병원유지재단예수병원,2513,C,25,22,38,58312921,5,5,25,2026-07-25T07:50:10.00561,36,53
2026-07-25 07:52:18,mediboard,전북특별자치도,5,5,A2500002,전북대학교병원,2512,A,25,11,36,58313138,7,7,25,2026-07-25T07:50:10.00561,23,48
2026-07-25 07:52:18,mediboard,전북특별자치도,0,0,A2500007,전북특별자치도군산의료원,2502,C,25,9,17,58313083,3,3,25,2026-07-25T07:50:10.00561,12,20
2026-07-25 07:52:18,mediboard,전북특별자치도,0,0,A2500004,전북특별자치도남원의료원,2504,C,25,14,17,58313081,3,3,25,2026-07-25T07:50:10.00561,17,20
2026-07-25 07:52:18,mediboard,전북특별자치도,0,0,A2502031,진안군의료원,2515,D,25,4,6,58313140,2,2,25,2026-07-25T07:50:10.00561,6,8
2026-07-25 07:52:18,mediboard,전라남도,0,0,A2600029,곡성사랑병원,2603,D,26,4,5,58313142,1,1,26,2026-07-25T07:50:10.00561,5,6
2026-07-25 07:52:18,mediboard,전라남도,0,0,A2600006,광양사랑병원,2604,D,26,7,9,58312874,1,1,26,2026-07-25T07:50:10.00561,8,10
2026-07-25 07:52:18,mediboard,전라남도,0,0,A2600061,구례병원,2605,D,26,10,10,58313193,0,0,26,2026-07-25T07:50:10.00561,10,10
2026-07-25 07:52:18,mediboard,전라남도,0,0,A2600016,나주종합병원,2606,D,26,7,10,58313085,0,0,26,2026-07-25T07:50:10.00561,7,10
2026-07-25 07:52:18,mediboard,전라남도,0,0,A2600054,담양사랑병원,2607,D,26,6,6,58313089,2,2,26,2026-07-25T07:50:10.00561,8,8
2026-07-25 07:52:18,mediboard,전라남도,0,0,A2600003,대송의료재단무안병원,2609,D,26,2,4,58313191,1,1,26,2026-07-25T07:50:10.00561,3,5
2026-07-25 07:52:18,mediboard,전라남도,0,0,A2600020,목포기독병원,2608,D,26,11,17,58312924,3,3,26,2026-07-25T07:50:10.00561,14,20
2026-07-25 07:52:18,mediboard,전라남도,0,0,A2600022,목포시의료원,2608,D,26,9,9,58313242,1,1,26,2026-07-25T07:50:10.00561,10,10
2026-07-25 07:52:18,mediboard,전라남도,3,3,A2600011,목포한국병원,2608,A,26,14,18,58313033,5,5,26,2026-07-25T07:50:10.00561,22,26
2026-07-25 07:52:18,mediboard,전라남도,0,0,A2600052,보성아산병원,2610,D,26,8,8,58313246,1,1,26,2026-07-25T07:50:10.00561,9,9
2026-07-25 07:52:18,mediboard,전라남도,0,0,A2602211,빛가람종합병원,2606,D,26,8,9,58312976,1,1,26,2026-07-25T07:50:10.00561,9,10
2026-07-25 07:52:18,mediboard,전라남도,4,4,A2600019,성가롤로병원,2611,A,26,9,18,58313086,5,5,26,2026-07-25T07:50:10.00561,18,27
2026-07-25 07:52:18,mediboard,전라남도,0,0,A2600008,순천제일병원,2611,D,26,8,9,58313141,1,1,26,2026-07-25T07:50:10.00561,9,10
2026-07-25 07:52:18,mediboard,전라남도,0,0,A2600004,순천중앙병원,2611,D,26,5,5,58313084,1,1,26,2026-07-25T07:50:10.00561,6,6
2026-07-25 07:52:18,mediboard,전라남도,0,0,A2600010,여수전남병원,2613,D,26,7,10,58313240,1,1,26,2026-07-25T07:50:10.00561,8,11
2026-07-25 07:52:18,mediboard,전라남도,0,0,A2600014,여천전남병원,2613,C,26,16,17,58312923,3,3,26,2026-07-25T07:50:10.00561,19,20
2026-07-25 07:52:18,mediboard,전라남도,0,0,A2600015,영광종합병원,2614,D,26,7,10,58313192,3,3,26,2026-07-25T07:50:10.00561,10,13
2026-07-25 07:52:18,mediboard,전라남도,0,0,A2600070,영암한국병원,2615,D,26,7,8,58313194,0,1,26,2026-07-25T07:50:10.00561,7,9
2026-07-25 07:52:18,mediboard,전라남도,0,0,A2600032,완도대성병원,2616,D,26,3,5,58313035,1,1,26,2026-07-25T07:50:10.00561,4,6
2026-07-25 07:52:18,mediboard,전라남도,0,0,A2600034,의료법인 거명의료재단 영광기독병원,2614,D,26,10,10,58313088,1,1,26,2026-07-25T07:50:10.00561,11,11
2026-07-25 07:52:18,mediboard,전라남도,0,0,A2600017,의료법인목포구암의료재단목포중앙병원,2608,C,26,12,16,58312974,4,4,26,2026-07-25T07:50:10.00561,16,20
2026-07-25 07:52:18,mediboard,전라남도,0,0,A2600066,의료법인삼호의료재단벌교삼호병원,2610,D,26,6,6,58312926,1,1,26,2026-07-25T07:50:10.00561,7,7
2026-07-25 07:52:18,mediboard,전라남도,0,0,A2600051,의료법인신안대우병원,2612,D,26,4,4,58313245,1,1,26,2026-07-25T07:50:10.00561,5,5
2026-07-25 07:52:18,mediboard,전라남도,0,0,A2600018,의료법인영성의료재단고흥종합병원,2602,D,26,8,10,58313034,0,0,26,2026-07-25T07:50:10.00561,8,10
2026-07-25 07:52:18,mediboard,전라남도,0,0,A2600021,의료법인우범의료재단장흥종합병원,2618,D,26,9,9,58313241,1,1,26,2026-07-25T07:50:10.00561,10,10
2026-07-25 07:52:18,mediboard,전라남도,0,0,A2600068,의료법인장호의료재단녹동현대병원,2602,D,26,2,3,58313090,2,2,26,2026-07-25T07:50:10.00561,4,5
2026-07-25 07:52:18,mediboard,전라남도,0,0,A2600005,의료법인한국의료재단한국병원,2611,D,26,11,11,58312873,1,1,26,2026-07-25T07:50:10.00561,12,12
2026-07-25 07:52:18,mediboard,전라남도,0,0,A2600027,의료법인한마음의료재단여수제일병원,2613,D,26,7,9,58313087,1,1,26,2026-07-25T07:50:10.00561,8,10
2026-07-25 07:52:18,mediboard,전라남도,0,0,A2600035,의료법인행복나눔의료재단장성병원,2617,D,26,3,4,58312975,1,1,26,2026-07-25T07:50:10.00561,4,5
2026-07-25 07:52:18,mediboard,전라남도,0,0,A2600009,의료법인행촌의료재단해남종합병원,2621,D,26,10,10,58313239,1,1,26,2026-07-25T07:50:10.00561,11,11
2026-07-25 07:52:18,mediboard,전라남도,0,0,A2600024,의료법인현경의료재단광양서울병원,2604,D,26,9,9,58313243,1,1,26,2026-07-25T07:50:10.00561,10,10
2026-07-25 07:52:18,mediboard,전라남도,0,0,A2600037,장흥우리병원,2618,D,26,4,4,58312925,1,1,26,2026-07-25T07:50:10.00561,5,5
2026-07-25 07:52:18,mediboard,전라남도,0,0,A2600050,전라남도강진의료원,2601,D,26,7,9,58313143,1,1,26,2026-07-25T07:50:10.00561,8,10
2026-07-25 07:52:18,mediboard,전라남도,0,0,A2600056,전라남도순천의료원,2611,D,26,5,6,58313247,2,2,26,2026-07-25T07:50:10.00561,7,8
2026-07-25 07:52:18,mediboard,전라남도,0,0,A2600040,진도한국병원,2619,D,26,3,4,58313244,1,1,26,2026-07-25T07:50:10.00561,4,5
2026-07-25 07:52:18,mediboard,전라남도,0,0,A2600077,해남우리종합병원,2621,D,26,15,15,58312927,4,4,26,2026-07-25T07:50:10.00561,19,19
2026-07-25 07:52:18,mediboard,전라남도,1,1,A2600001,화순전남대학교병원,2622,C,26,11,16,58312973,7,7,26,2026-07-25T07:50:10.00561,19,24
2026-07-25 07:52:18,mediboard,경상북도,0,0,A2700018,경상북도김천의료원,2706,D,27,11,17,58313096,1,1,27,2026-07-25T07:50:10.00561,12,18
2026-07-25 07:52:18,mediboard,경상북도,0,0,A2700001,경상북도안동의료원,2711,D,27,6,6,58312875,2,2,27,2026-07-25T07:50:10.00561,8,8
2026-07-25 07:52:18,mediboard,경상북도,0,0,A2700005,경상북도포항의료원,2724,D,27,8,8,58313091,2,2,27,2026-07-25T07:50:10.00561,10,10
2026-07-25 07:52:18,mediboard,경상북도,0,0,A2700097,계명대학교경주동산병원,2702,D,27,9,9,58313144,1,1,27,2026-07-25T07:50:10.00561,10,10
2026-07-25 07:52:18,mediboard,경상북도,0,0,A2700015,구미강동병원,2704,D,27,7,7,58313095,3,3,27,2026-07-25T07:50:10.00561,10,10
2026-07-25 07:52:18,mediboard,경상북도,3,3,A2700003,동국대학교의과대학경주병원,2702,C,27,11,16,58313195,7,7,27,2026-07-25T07:50:10.00561,21,26
2026-07-25 07:52:18,mediboard,경상북도,0,0,A2700011,상주적십자병원,2709,D,27,9,9,58313248,1,1,27,2026-07-25T07:50:10.00561,10,10
2026-07-25 07:52:18,mediboard,경상북도,4,4,A2700013,순천향대학교부속구미병원,2704,C,27,9,13,58312979,3,3,27,2026-07-25T07:50:10.00561,16,20
2026-07-25 07:52:18,mediboard,경상북도,0,0,A2700004,안동성소병원,2711,C,27,8,12,58312876,8,8,27,2026-07-25T07:50:10.00561,16,20
2026-07-25 07:52:18,mediboard,경상북도,0,0,A2700008,에스포항병원,2723,D,27,5,6,58313093,1,1,27,2026-07-25T07:50:10.00561,6,7
2026-07-25 07:52:18,mediboard,경상북도,0,0,A2700017,영남대학교의과대학부속영천병원,2715,D,27,5,10,58313037,3,3,27,2026-07-25T07:50:10.00561,8,13
2026-07-25 07:52:18,mediboard,경상북도,0,0,A2700031,영주기독병원,2714,D,27,4,4,58312929,1,1,27,2026-07-25T07:50:10.00561,5,5
2026-07-25 07:52:18,mediboard,경상북도,0,0,A2700020,영주자인병원,2714,D,27,4,4,58313038,1,1,27,2026-07-25T07:50:10.00561,5,5
2026-07-25 07:52:18,mediboard,경상북도,0,0,A2702752,영주적십자병원,2714,D,27,6,10,58312981,1,1,27,2026-07-25T07:50:10.00561,7,11
2026-07-25 07:52:18,mediboard,경상북도,0,0,E2700553,울릉군보건의료원,2717,D,27,5,5,58312882,0,0,27,2026-07-25T07:50:10.00561,5,5
2026-07-25 07:52:18,mediboard,경상북도,0,0,A2700052,울진군의료원,2718,D,27,7,8,58312931,2,2,27,2026-07-25T07:50:10.00561,9,10
2026-07-25 07:52:18,mediboard,경상북도,0,0,A2700019,의)근원의료재단경산중앙병원,2701,D,27,8,10,58312928,2,2,27,2026-07-25T07:50:10.00561,10,12
2026-07-25 07:52:18,mediboard,경상북도,0,0,A2700038,의료법인대남의료재단청도대남병원,2720,D,27,10,10,58313249,0,0,27,2026-07-25T07:50:10.00561,10,10
2026-07-25 07:52:18,mediboard,경상북도,0,0,A2700012,의료법인덕산의료재단김천제일병원,2706,C,27,14,16,58313094,4,4,27,2026-07-25T07:50:10.00561,18,20
2026-07-25 07:52:18,mediboard,경상북도,0,0,A2700006,의료법인동춘의료재단문경제일병원,2707,C,27,15,17,58313092,2,3,27,2026-07-25T07:50:10.00561,17,20
2026-07-25 07:52:18,mediboard,경상북도,0,0,A2700009,의료법인삼백의료재단상주성모병원,2709,D,27,7,9,58313196,1,1,27,2026-07-25T07:50:10.00561,8,10
2026-07-25 07:52:18,mediboard,경상북도,0,0,A2700036,의료법인서명의료재단세명종합병원,2701,D,27,8,13,58312930,2,2,27,2026-07-25T07:50:10.00561,10,15
2026-07-25 07:52:18,mediboard,경상북도,0,0,A2700023,의료법인서준의료재단예천권병원,2716,D,27,6,6,58312980,1,1,27,2026-07-25T07:50:10.00561,7,7
2026-07-25 07:52:18,mediboard,경상북도,0,3,A2700014,의료법인안동병원,2711,A,27,10,17,58312877,5,5,27,2026-07-25T07:50:10.00561,15,25
2026-07-25 07:52:18,mediboard,경상북도,0,0,A2700070,의료법인영암의료재단고령영생병원,2703,D,27,5,5,58313040,1,1,27,2026-07-25T07:50:10.00561,6,6
2026-07-25 07:52:18,mediboard,경상북도,0,0,A2700063,의료법인영제의료재단영남제일병원,2719,D,27,4,5,58313039,1,1,27,2026-07-25T07:50:10.00561,5,6
2026-07-25 07:52:18,mediboard,경상북도,0,0,A2702563,의료법인은성의료재단좋은선린병원,2724,D,27,7,10,58313041,2,2,27,2026-07-25T07:50:10.00561,9,12
2026-07-25 07:52:18,mediboard,경상북도,5,5,A2700007,차의과학대학교부속구미차병원,2704,A,27,15,20,58312978,6,12,27,2026-07-25T07:50:10.00561,26,37
2026-07-25 07:52:18,mediboard,경상북도,0,0,E2700554,청송군보건의료원,2721,D,27,3,5,58313105,1,1,27,2026-07-25T07:50:10.00561,4,6
2026-07-25 07:52:18,mediboard,경상북도,11,11,A2700016,포항성모병원,2723,A,27,11,20,58313036,5,15,27,2026-07-25T07:50:10.00561,27,46
2026-07-25 07:52:18,mediboard,경상북도,0,0,A2700002,포항세명기독병원,2723,C,27,8,15,58312977,10,10,27,2026-07-25T07:50:10.00561,18,25
2026-07-25 07:52:18,mediboard,경상남도,0,0,A2800032,강병원,2803,D,28,9,9,58313147,1,1,28,2026-07-25T07:50:10.00561,10,10
2026-07-25 07:52:18,mediboard,경상남도,0,0,A2803677,강일병원,2804,D,28,7,8,58312986,3,3,28,2026-07-25T07:50:10.00561,10,11
2026-07-25 07:52:18,mediboard,경상남도,0,0,A2800076,거창적십자병원,2802,D,28,9,9,58313150,1,1,28,2026-07-25T07:50:10.00561,10,10
2026-07-25 07:52:18,mediboard,경상남도,3,3,A2800001,경상국립대학교병원,2811,A,28,19,30,58313197,5,5,28,2026-07-25T07:50:10.00561,27,38
2026-07-25 07:52:18,mediboard,경상남도,0,0,A2800025,경상남도마산의료원,2813,D,28,11,13,58312984,2,2,28,2026-07-25T07:50:10.00561,13,15
2026-07-25 07:52:18,mediboard,경상남도,0,0,A2800113,밀양병원,2806,D,28,5,8,58313202,1,1,28,2026-07-25T07:50:10.00561,6,9
2026-07-25 07:52:18,mediboard,경상남도,0,0,A2800084,반도병원,2811,D,28,6,7,58313102,1,1,28,2026-07-25T07:50:10.00561,7,8
2026-07-25 07:52:18,mediboard,경상남도,0,0,A2800019,베데스다복음병원,2809,D,28,8,9,58313199,1,1,28,2026-07-25T07:50:10.00561,9,10
2026-07-25 07:52:18,mediboard,경상남도,0,0,E2800380,산청군보건의료원,2808,D,28,5,5,58312990,1,1,28,2026-07-25T07:50:10.00561,6,6
2026-07-25 07:52:18,mediboard,경상남도,0,0,A2800055,삼성합천병원,2822,D,28,4,4,58313148,1,1,28,2026-07-25T07:50:10.00561,5,5
2026-07-25 07:52:18,mediboard,경상남도,0,0,A2800101,삼천포제일병원,2807,D,28,8,8,58312985,2,2,28,2026-07-25T07:50:10.00561,10,10
2026-07-25 07:52:18,mediboard,경상남도,0,0,A2800092,새통영병원,2818,D,28,9,9,58312934,1,1,28,2026-07-25T07:50:10.00561,10,10
2026-07-25 07:52:18,mediboard,경상남도,8,10,A2800011,양산부산대학교병원,2809,A,28,16,23,58313042,8,8,28,2026-07-25T07:50:10.00561,30,39
2026-07-25 07:52:18,mediboard,경상남도,0,0,A2804593,양산성모병원,2809,D,28,12,13,58312987,1,1,28,2026-07-25T07:50:10.00561,13,14
2026-07-25 07:52:18,mediboard,경상남도,0,0,A2800021,연세에스병원,2817,D,28,9,9,58312933,1,1,28,2026-07-25T07:50:10.00561,10,10
2026-07-25 07:52:18,mediboard,경상남도,0,0,A2800090,의령병원,2810,D,28,3,4,58313044,1,1,28,2026-07-25T07:50:10.00561,4,5
2026-07-25 07:52:18,mediboard,경상남도,0,0,A2800008,의료법인 거붕 백병원,2801,D,28,5,9,58313098,1,1,28,2026-07-25T07:50:10.00561,6,10
2026-07-25 07:52:18,mediboard,경상남도,0,0,A2800005,의료법인 대우의료재단대우병원,2801,D,28,6,9,58312878,1,1,28,2026-07-25T07:50:10.00561,7,10
2026-07-25 07:52:18,mediboard,경상남도,0,0,A2800015,의료법인 문병욱의료재단 진주고려병원,2811,D,28,10,10,58313198,1,1,28,2026-07-25T07:50:10.00561,11,11
2026-07-25 07:52:18,mediboard,경상남도,0,0,A2800022,의료법인 성념의료재단맑은샘병원,2801,D,28,9,9,58313250,1,1,28,2026-07-25T07:50:10.00561,10,10
2026-07-25 07:52:18,mediboard,경상남도,0,0,A2800094,의료법인 이도의료재단 남해병원,2805,D,28,7,8,58313045,2,2,28,2026-07-25T07:50:10.00561,9,10
2026-07-25 07:52:18,mediboard,경상남도,0,0,A2800014,의료법인갑을의료재단 갑을장유병원,2804,D,28,8,9,58313100,1,1,28,2026-07-25T07:50:10.00561,9,10
2026-07-25 07:52:18,mediboard,경상남도,0,0,A2800006,의료법인숭인의료재단 김해복음병원,2804,C,28,15,16,58313145,4,4,28,2026-07-25T07:50:10.00561,19,20
2026-07-25 07:52:18,mediboard,경상남도,0,0,A2800068,의료법인승연의료재단 삼천포서울병원,2807,D,28,9,9,58313149,1,1,28,2026-07-25T07:50:10.00561,10,10
2026-07-25 07:52:18,mediboard,경상남도,0,0,A2800009,의료법인청아의료재단청아병원,2814,D,28,7,9,58313099,1,1,28,2026-07-25T07:50:10.00561,8,10
2026-07-25 07:52:18,mediboard,경상남도,0,0,A2800017,의료법인합포의료재단에스엠지연세병원,2813,C,28,15,17,58313043,3,3,28,2026-07-25T07:50:10.00561,18,20
2026-07-25 07:52:18,mediboard,경상남도,0,0,A2800010,의료법인환명의료재단 조은금강병원,2804,C,28,10,17,58312983,3,3,28,2026-07-25T07:50:10.00561,13,20
2026-07-25 07:52:18,mediboard,경상남도,0,0,A2800003,제일병원,2811,C,28,13,17,58312982,3,3,28,2026-07-25T07:50:10.00561,16,20
2026-07-25 07:52:18,mediboard,경상남도,0,0,A2800037,진주복음병원,2811,D,28,9,9,58312879,1,1,28,2026-07-25T07:50:10.00561,10,10
2026-07-25 07:52:18,mediboard,경상남도,0,0,A2803505,창원경상국립대학교병원,2815,C,28,16,18,58312935,3,10,28,2026-07-25T07:50:10.00561,19,28
2026-07-25 07:52:18,mediboard,경상남도,0,0,A2800004,창원파티마병원,2816,C,28,12,17,58313097,3,3,28,2026-07-25T07:50:10.00561,15,20
2026-07-25 07:52:18,mediboard,경상남도,0,0,A2800007,창원한마음병원,2816,C,28,16,21,58313146,4,4,28,2026-07-25T07:50:10.00561,20,25
2026-07-25 07:52:18,mediboard,경상남도,0,0,A2800062,태황의료재단한성병원,2812,D,28,8,9,58313201,1,1,28,2026-07-25T07:50:10.00561,9,10
2026-07-25 07:52:18,mediboard,경상남도,7,8,A2800020,학교법인성균관대학삼성창원병원,2814,A,28,20,27,58312932,5,5,28,2026-07-25T07:50:10.00561,32,40
2026-07-25 07:52:18,mediboard,경상남도,0,0,A2800043,한일병원,2811,C,28,14,17,58313200,3,3,28,2026-07-25T07:50:10.00561,17,20
2026-07-25 07:52:18,mediboard,경상남도,0,0,A2800080,함양성심병원,2821,D,28,4,4,58313101,1,1,28,2026-07-25T07:50:10.00561,5,5
2026-07-25 07:52:18,mediboard,제주특별자치도,0,0,A2900003,의료법인 혜인의료재단 한국병원,2902,D,29,7,9,58313151,1,1,29,2026-07-25T07:50:10.00561,8,10
2026-07-25 07:52:18,mediboard,제주특별자치도,1,1,A2900006,의료법인중앙의료재단중앙병원,2902,C,29,14,16,58312988,3,3,29,2026-07-25T07:50:10.00561,18,20
2026-07-25 07:52:18,mediboard,제주특별자치도,0,0,A2900007,제주대학교병원,2902,C,29,9,20,58313103,4,6,29,2026-07-25T07:50:10.00561,13,26
2026-07-25 07:52:18,mediboard,제주특별자치도,4,4,A2900002,제주특별자치도서귀포의료원,2901,C,29,12,16,58312936,5,5,29,2026-07-25T07:50:10.00561,21,25
2026-07-25 07:52:18,mediboard,제주특별자치도,3,3,A2900001,제주한라병원,2902,A,29,7,17,58313251,5,5,29,2026-07-25T07:50:10.00561,15,25
2026-07-25 07:52:18,mediboard,제주특별자치도,0,0,A2900005,한마음병원,2902,C,29,10,17,58313203,1,3,29,2026-07-25T07:50:10.00561,11,20
2026-07-25 08:54:54,mediboard,서울특별시,0,0,A1100011,가톨릭대학교여의도성모병원,1120,C,11,8,15,58318401,5,5,11,2026-07-25T08:55:10.009084,13,20
2026-07-25 08:54:54,mediboard,서울특별시,8,8,A1121013,가톨릭대학교은평성모병원,1122,C,11,16,24,58318620,4,4,11,2026-07-25T08:55:10.009084,28,36
2026-07-25 08:54:54,mediboard,서울특별시,3,3,A1100043,강동경희대학교병원,1102,A,11,7,15,58318294,5,5,11,2026-07-25T08:55:10.009084,15,23
2026-07-25 08:54:54,mediboard,서울특별시,2,2,A1100006,강북삼성병원,1123,C,11,7,15,58318614,2,3,11,2026-07-25T08:55:10.009084,11,20
2026-07-25 08:54:54,mediboard,서울특별시,4,4,A1100002,건국대학교병원,1106,C,11,12,20,58318514,2,3,11,2026-07-25T08:55:10.009084,18,27
2026-07-25 08:54:54,mediboard,서울특별시,0,0,A1100039,경찰병원,1118,D,11,2,3,58318519,2,2,11,2026-07-25T08:55:10.009084,4,5
2026-07-25 08:54:54,mediboard,서울특별시,3,3,A1100001,경희대학교병원,1111,C,11,10,15,58318456,5,5,11,2026-07-25T08:55:10.009084,18,23
2026-07-25 08:54:54,mediboard,서울특별시,3,3,A1100014,고려대학교의과대학부속구로병원,1107,A,11,17,29,58318402,5,5,11,2026-07-25T08:55:10.009084,25,37
2026-07-25 08:54:54,mediboard,서울특별시,0,0,A1100026,구로성심병원,1107,D,11,8,9,58318617,1,1,11,2026-07-25T08:55:10.009084,9,10
2026-07-25 08:54:54,mediboard,서울특별시,3,3,A1100052,국립중앙의료원,1124,C,11,15,17,58318565,9,10,11,2026-07-25T08:55:10.009084,27,30
2026-07-25 08:54:54,mediboard,서울특별시,0,0,A1122033,기쁨병원,1115,D,11,4,4,58318249,1,1,11,2026-07-25T08:55:10.009084,5,5
2026-07-25 08:54:54,mediboard,서울특별시,0,0,A1100048,노원을지대학교병원,1109,C,11,14,17,58318247,5,5,11,2026-07-25T08:55:10.009084,19,22
2026-07-25 08:54:54,mediboard,서울특별시,0,0,A1100044,녹색병원,1125,D,11,3,5,58318564,5,5,11,2026-07-25T08:55:10.009084,8,10
2026-07-25 08:54:54,mediboard,서울특별시,0,0,A1100037,대림성모병원,1120,D,11,7,8,58318405,1,2,11,2026-07-25T08:55:10.009084,8,10
2026-07-25 08:54:54,mediboard,서울특별시,0,0,A1100024,명지성모병원,1120,D,11,7,8,58318245,2,2,11,2026-07-25T08:55:10.009084,9,10
2026-07-25 08:54:54,mediboard,서울특별시,0,0,A1100036,부민병원,1104,D,11,8,10,58318618,1,1,11,2026-07-25T08:55:10.009084,9,11
2026-07-25 08:54:54,mediboard,서울특별시,1,4,A1100010,삼성서울병원,1101,C,11,4,52,58318515,4,4,11,2026-07-25T08:55:10.009084,9,60
2026-07-25 08:54:54,mediboard,서울특별시,0,0,A1100021,삼육서울병원,1111,C,11,12,13,58318516,7,7,11,2026-07-25T08:55:10.009084,19,20
2026-07-25 08:54:54,mediboard,서울특별시,9,12,A1100017,서울대학교병원,1123,A,11,-2,24,58318244,5,8,11,2026-07-25T08:55:10.009084,10,42
2026-07-25 08:54:54,mediboard,서울특별시,0,0,A1100050,서울성심병원,1111,D,11,15,17,58318520,3,3,11,2026-07-25T08:55:10.009084,18,20
2026-07-25 08:54:54,mediboard,서울특별시,0,0,A1100029,서울적십자병원,1123,D,11,10,10,58318348,1,1,11,2026-07-25T08:55:10.009084,11,11
2026-07-25 08:54:54,mediboard,서울특별시,0,0,A1100022,서울특별시동부병원,1111,D,11,7,8,58318291,2,2,11,2026-07-25T08:55:10.009084,9,10
2026-07-25 08:54:54,mediboard,서울특별시,3,3,A1100040,서울특별시보라매병원,1112,C,11,26,31,58318349,2,3,11,2026-07-25T08:55:10.009084,31,37
2026-07-25 08:54:54,mediboard,서울특별시,0,0,A1100223,서울특별시서남병원,1119,D,11,16,17,58318295,3,3,11,2026-07-25T08:55:10.009084,19,20
2026-07-25 08:54:54,mediboard,서울특별시,2,3,A1100035,서울특별시서울의료원,1125,A,11,9,19,58318518,5,5,11,2026-07-25T08:55:10.009084,16,27
2026-07-25 08:54:54,mediboard,서울특별시,0,0,A1100028,성심의료재단강동성심병원,1102,C,11,8,15,58318517,9,9,11,2026-07-25T08:55:10.009084,17,24
2026-07-25 08:54:54,mediboard,서울특별시,0,0,A1100054,성애의료재단성애병원,1120,C,11,13,15,58318566,5,11,11,2026-07-25T08:55:10.009084,18,26
2026-07-25 08:54:54,mediboard,서울특별시,0,0,A1100032,세란병원,1123,D,11,10,10,58318404,1,1,11,2026-07-25T08:55:10.009084,11,11
2026-07-25 08:54:54,mediboard,서울특별시,4,4,A1100004,순천향대학교부속서울병원,1121,C,11,15,20,58318400,3,3,11,2026-07-25T08:55:10.009084,22,27
2026-07-25 08:54:54,mediboard,서울특별시,0,0,A1100045,씨엠병원,1120,D,11,8,9,58318460,1,1,11,2026-07-25T08:55:10.009084,9,10
2026-07-25 08:54:54,mediboard,서울특별시,2,2,A1100015,연세대학교의과대학강남세브란스병원,1101,C,11,2,21,58318616,2,3,11,2026-07-25T08:55:10.009084,6,26
2026-07-25 08:54:54,mediboard,서울특별시,10,10,A1100007,연세대학교의과대학세브란스병원,1114,C,11,13,39,58318561,6,6,11,2026-07-25T08:55:10.009084,27,53
2026-07-25 08:54:54,mediboard,서울특별시,0,0,A1100025,의료법인동신의료재단동신병원,1114,D,11,6,9,58318563,1,1,11,2026-07-25T08:55:10.009084,7,10
2026-07-25 08:54:54,mediboard,서울특별시,0,0,A1100041,의료법인서울효천의료재단에이치플러스양지병원,1105,C,11,18,18,58318293,3,3,11,2026-07-25T08:55:10.009084,21,21
2026-07-25 08:54:54,mediboard,서울특별시,0,0,A1100023,의료법인청구성심병원,1122,D,11,10,10,58318292,1,1,11,2026-07-25T08:55:10.009084,11,11
2026-07-25 08:54:54,mediboard,서울특별시,0,0,A1100075,의료법인풍산의료재단동부제일병원,1125,D,11,6,7,58318248,1,1,11,2026-07-25T08:55:10.009084,7,8
2026-07-25 08:54:54,mediboard,서울특별시,2,2,A1100020,의료법인한전의료재단한일병원,1110,C,11,16,21,58318459,4,4,11,2026-07-25T08:55:10.009084,22,27
2026-07-25 08:54:54,mediboard,서울특별시,8,8,A1100005,이화여자대학교의과대학부속목동병원,1119,A,11,10,19,58318560,6,6,11,2026-07-25T08:55:10.009084,24,33
2026-07-25 08:54:54,mediboard,서울특별시,6,9,A1120796,이화여자대학교의과대학부속서울병원,1104,C,11,8,14,58318521,6,8,11,2026-07-25T08:55:10.009084,20,31
2026-07-25 08:54:54,mediboard,서울특별시,0,0,A1100016,인제대학교상계백병원,1109,C,11,8,16,58318562,5,7,11,2026-07-25T08:55:10.009084,13,23
2026-07-25 08:54:54,mediboard,서울특별시,10,14,A1100009,재단법인아산사회복지재단서울아산병원,1118,C,11,15,36,58318458,15,26,11,2026-07-25T08:55:10.009084,37,73
2026-07-25 08:54:54,mediboard,서울특별시,4,4,A1100003,중앙대학교병원,1112,C,11,12,18,58318399,0,0,11,2026-07-25T08:55:10.009084,16,22
2026-07-25 08:54:54,mediboard,서울특별시,7,9,A1100012,학교법인가톨릭학원가톨릭대학교서울성모병원,1115,C,11,-8,28,58318347,3,8,11,2026-07-25T08:55:10.009084,1,43
2026-07-25 08:54:54,mediboard,서울특별시,4,4,A1100008,학교법인고려중앙학원고려대학교의과대학부속병원(안암병원),1117,A,11,12,30,58318457,9,9,11,2026-07-25T08:55:10.009084,25,43
2026-07-25 08:54:54,mediboard,서울특별시,0,0,A1100053,한국보훈복지의료공단중앙보훈병원,1102,C,11,15,22,58318406,3,3,11,2026-07-25T08:55:10.009084,18,25
2026-07-25 08:54:54,mediboard,서울특별시,0,0,A1100027,한국원자력의학원원자력병원,1109,D,11,9,9,58318246,3,3,11,2026-07-25T08:55:10.009084,12,12
2026-07-25 08:54:54,mediboard,서울특별시,3,3,A1100055,한림대학교강남성심병원,1120,C,11,14,20,58318462,5,5,11,2026-07-25T08:55:10.009084,22,28
2026-07-25 08:54:54,mediboard,서울특별시,0,3,A1100013,한양대학교병원,1116,A,11,13,20,58318615,9,12,11,2026-07-25T08:55:10.009084,22,35
2026-07-25 08:54:54,mediboard,서울특별시,0,0,A1100051,혜민병원,1106,D,11,9,9,58318461,1,1,11,2026-07-25T08:55:10.009084,10,10
2026-07-25 08:54:54,mediboard,서울특별시,0,0,A1100019,홍익병원,1119,D,11,5,9,58318403,0,1,11,2026-07-25T08:55:10.009084,5,10
2026-07-25 08:54:54,mediboard,서울특별시,0,0,A1100049,희명병원,1108,D,11,7,10,58318619,1,1,11,2026-07-25T08:55:10.009084,8,11
2026-07-25 08:54:54,mediboard,부산광역시,0,0,A1200028,(의)서일의료재단기장병원,1203,D,12,8,9,58318523,1,1,12,2026-07-25T08:55:10.009084,9,10
2026-07-25 08:54:54,mediboard,부산광역시,0,0,A1200004,고신대학교복음병원,1211,C,12,15,25,58318296,5,5,12,2026-07-25T08:55:10.009084,20,30
2026-07-25 08:54:54,mediboard,부산광역시,0,0,A1200045,구포성심병원,1208,D,12,5,9,58318354,0,1,12,2026-07-25T08:55:10.009084,5,10
2026-07-25 08:54:54,mediboard,부산광역시,3,3,A1200018,대동병원,1206,C,12,14,15,58318409,2,3,12,2026-07-25T08:55:10.009084,19,21
2026-07-25 08:54:54,mediboard,부산광역시,0,0,A1200015,동남권원자력의학원원자력병원,1203,D,12,5,9,58318466,1,1,12,2026-07-25T08:55:10.009084,6,10
2026-07-25 08:54:54,mediboard,부산광역시,0,0,A1200011,동래봉생병원,1206,D,12,7,8,58318569,2,2,12,2026-07-25T08:55:10.009084,9,10
2026-07-25 08:54:54,mediboard,부산광역시,3,3,A1200003,동아대학교병원,1211,A,12,16,26,58318621,8,8,12,2026-07-25T08:55:10.009084,27,37
2026-07-25 08:54:54,mediboard,부산광역시,0,0,A1200024,부산광역시의료원,1213,D,12,15,18,58318571,2,8,12,2026-07-25T08:55:10.009084,17,26
2026-07-25 08:54:54,mediboard,부산광역시,3,3,A1200002,부산대학교병원,1211,C,12,14,19,58318250,3,3,12,2026-07-25T08:55:10.009084,20,25
2026-07-25 08:54:54,mediboard,부산광역시,4,4,A1200013,부산성모병원(재단법인 천주교부산교구유지재단),1204,D,12,8,10,58318465,5,5,12,2026-07-25T08:55:10.009084,17,19
2026-07-25 08:54:54,mediboard,부산광역시,0,0,A1200007,비에이치에스한서병원,1212,C,12,13,17,58318464,3,3,12,2026-07-25T08:55:10.009084,16,20
2026-07-25 08:54:54,mediboard,부산광역시,0,0,A1200021,삼육부산병원,1211,D,12,7,9,58318352,1,1,12,2026-07-25T08:55:10.009084,8,10
2026-07-25 08:54:54,mediboard,부산광역시,0,0,A1200014,영도병원,1214,D,12,6,7,58318351,2,2,12,2026-07-25T08:55:10.009084,8,9
2026-07-25 08:54:54,mediboard,부산광역시,0,0,A1200009,의료법인 광혜의료재단 광혜병원,1206,D,12,8,9,58318568,3,3,12,2026-07-25T08:55:10.009084,11,12
2026-07-25 08:54:54,mediboard,부산광역시,0,0,A1200098,의료법인 센텀의료재단 센텀종합병원,1212,D,12,6,9,58318467,1,1,12,2026-07-25T08:55:10.009084,7,10
2026-07-25 08:54:54,mediboard,부산광역시,0,0,A1200020,의료법인 온그룹의료재단 온병원,1207,C,12,18,20,58318251,2,3,12,2026-07-25T08:55:10.009084,20,23
2026-07-25 08:54:54,mediboard,부산광역시,0,0,A1200008,의료법인 은성의료재단 좋은강안병원,1212,D,12,12,18,58318407,3,3,12,2026-07-25T08:55:10.009084,15,21
2026-07-25 08:54:54,mediboard,부산광역시,1,1,A1200005,의료법인 은성의료재단 좋은삼선병원,1209,C,12,12,13,58318350,5,6,12,2026-07-25T08:55:10.009084,18,20
2026-07-25 08:54:54,mediboard,부산광역시,0,0,A1200006,의료법인 인당의료재단 부민병원,1208,D,12,5,10,58318567,2,2,12,2026-07-25T08:55:10.009084,7,12
2026-07-25 08:54:54,mediboard,부산광역시,0,0,A1205143,의료법인 인당의료재단 해운대부민병원,1216,D,12,8,9,58318524,1,1,12,2026-07-25T08:55:10.009084,9,10
2026-07-25 08:54:54,mediboard,부산광역시,0,0,A1200012,의료법인 행도의료재단 해동병원,1214,D,12,6,6,58318297,1,1,12,2026-07-25T08:55:10.009084,7,7
2026-07-25 08:54:54,mediboard,부산광역시,0,0,A1200017,의료법인정화의료재단 봉생기념병원,1205,D,12,6,9,58318408,2,2,12,2026-07-25T08:55:10.009084,8,11
2026-07-25 08:54:54,mediboard,부산광역시,3,3,A1200022,인제대학교 해운대백병원,1216,A,12,21,29,58318522,5,5,12,2026-07-25T08:55:10.009084,29,37
2026-07-25 08:54:54,mediboard,부산광역시,0,0,A1200001,인제대학교부산백병원,1207,C,12,13,18,58318463,3,3,12,2026-07-25T08:55:10.009084,16,21
2026-07-25 08:54:54,mediboard,부산광역시,0,0,A1200023,재단법인천주교부산교구유지재단 메리놀병원,1215,D,12,6,9,58318353,1,1,12,2026-07-25T08:55:10.009084,7,10
2026-07-25 08:54:54,mediboard,부산광역시,2,2,A1200026,좋은문화병원,1205,D,12,3,7,58318253,3,3,12,2026-07-25T08:55:10.009084,8,12
2026-07-25 08:54:54,mediboard,부산광역시,0,0,A1200025,학교법인 춘해병원,1207,D,12,7,9,58318252,1,1,12,2026-07-25T08:55:10.009084,8,10
2026-07-25 08:54:54,mediboard,부산광역시,0,0,A1200019,학교법인)동의병원,1207,D,12,13,14,58318298,1,1,12,2026-07-25T08:55:10.009084,14,15
2026-07-25 08:54:54,mediboard,부산광역시,0,0,A1200016,한국보훈복지의료공단 부산보훈병원,1209,D,12,11,11,58318570,2,2,12,2026-07-25T08:55:10.009084,13,13
2026-07-25 08:54:54,mediboard,인천광역시,0,0,A1300081,(재)미리내천주성삼성직수도회천주성삼병원,1307,D,13,7,9,58318469,1,2,13,2026-07-25T08:55:10.009084,8,11
2026-07-25 08:54:54,mediboard,인천광역시,0,0,A1300018,강남종합병원,1304,D,13,15,15,58318576,1,1,13,2026-07-25T08:55:10.009084,16,16
2026-07-25 08:54:54,mediboard,인천광역시,4,4,A1300002,경북대학교병원,1308,A,13,12,27,58318572,4,5,13,2026-07-25T08:55:10.009084,20,36
2026-07-25 08:54:54,mediboard,인천광역시,0,0,A1303386,계명대학교대구동산병원,1308,D,13,11,12,58318300,2,2,13,2026-07-25T08:55:10.009084,13,14
2026-07-25 08:54:54,mediboard,인천광역시,0,0,A1300003,계명대학교동산병원,1302,C,13,-1,20,58318254,5,5,13,2026-07-25T08:55:10.009084,4,25
2026-07-25 08:54:54,mediboard,인천광역시,0,0,A1300008,곽병원,1308,D,13,9,10,58318575,2,2,13,2026-07-25T08:55:10.009084,11,12
2026-07-25 08:54:54,mediboard,인천광역시,0,0,A1300038,나사렛종합병원,1302,D,13,7,9,58318622,2,10,13,2026-07-25T08:55:10.009084,9,19
2026-07-25 08:54:54,mediboard,인천광역시,0,0,A1300004,대구가톨릭대학교병원,1301,C,13,17,24,58318356,4,4,13,2026-07-25T08:55:10.009084,21,28
2026-07-25 08:54:54,mediboard,인천광역시,0,0,A1300005,대구가톨릭대학교칠곡가톨릭병원,1305,D,13,6,9,58318573,1,1,13,2026-07-25T08:55:10.009084,7,10
2026-07-25 08:54:54,mediboard,인천광역시,0,0,A1300076,대구굿모닝병원,1306,D,13,16,17,58318577,2,2,13,2026-07-25T08:55:10.009084,18,19
2026-07-25 08:54:54,mediboard,인천광역시,0,0,A1300007,대구의료원,1306,D,13,17,18,58318574,2,2,13,2026-07-25T08:55:10.009084,19,20
2026-07-25 08:54:54,mediboard,인천광역시,5,5,A1300009,대구파티마병원,1304,C,13,14,25,58318357,7,7,13,2026-07-25T08:55:10.009084,26,37
2026-07-25 08:54:54,mediboard,인천광역시,0,0,A1300110,더블유병원,1302,D,13,10,10,58318410,1,1,13,2026-07-25T08:55:10.009084,11,11
2026-07-25 08:54:54,mediboard,인천광역시,0,0,A1300034,드림종합병원,1301,D,13,7,8,58318468,2,2,13,2026-07-25T08:55:10.009084,9,10
2026-07-25 08:54:54,mediboard,인천광역시,0,0,A1300045,삼일병원,1302,D,13,12,14,58318359,1,1,13,2026-07-25T08:55:10.009084,13,15
2026-07-25 08:54:54,mediboard,인천광역시,3,3,A1300001,영남대학교병원,1301,A,13,20,28,58318355,5,5,13,2026-07-25T08:55:10.009084,28,36
2026-07-25 08:54:54,mediboard,인천광역시,0,0,A1300006,의료법인구의료재단구병원,1302,D,13,8,10,58318299,1,1,13,2026-07-25T08:55:10.009084,9,11
2026-07-25 08:54:54,mediboard,인천광역시,9,9,A1300010,칠곡경북대학교병원,1305,C,13,10,23,58318525,4,6,13,2026-07-25T08:55:10.009084,21,36
2026-07-25 08:54:54,mediboard,인천광역시,0,0,A1300011,한국보훈복지의료공단대구보훈병원,1302,D,13,10,12,58318358,2,2,13,2026-07-25T08:55:10.009084,12,14
2026-07-25 08:54:54,mediboard,대구광역시,0,0,A1400008,(의)성세의료재단 뉴성민병원,1407,D,14,8,9,58318302,1,1,14,2026-07-25T08:55:10.009084,9,10
2026-07-25 08:54:54,mediboard,대구광역시,2,3,A1400015,가톨릭관동대학교국제성모병원,1407,C,14,12,23,58318413,5,5,14,2026-07-25T08:55:10.009084,19,31
2026-07-25 08:54:54,mediboard,대구광역시,3,4,A1400012,가톨릭대학교 인천성모병원,1406,C,14,6,19,58318527,7,8,14,2026-07-25T08:55:10.009084,16,31
2026-07-25 08:54:54,mediboard,대구광역시,0,0,A1400010,검단탑병원,1407,C,14,15,18,58318255,3,3,14,2026-07-25T08:55:10.009084,18,21
2026-07-25 08:54:54,mediboard,대구광역시,0,0,A1403617,비에스종합병원,1401,D,14,9,10,58318472,1,1,14,2026-07-25T08:55:10.009084,10,11
2026-07-25 08:54:54,mediboard,대구광역시,0,0,A1400013,안은의료재단 부평세림병원,1406,C,14,13,16,58318412,4,4,14,2026-07-25T08:55:10.009084,17,20
2026-07-25 08:54:54,mediboard,대구광역시,0,0,A1400005,온누리병원,1407,D,14,8,9,58318526,2,2,14,2026-07-25T08:55:10.009084,10,11
2026-07-25 08:54:54,mediboard,대구광역시,10,11,A1400001,의료법인 길의료재단 길병원,1404,A,14,15,25,58318578,7,7,14,2026-07-25T08:55:10.009084,30,41
2026-07-25 08:54:54,mediboard,대구광역시,0,0,A1400011,의료법인 나사렛의료재단 나사렛국제병원,1408,C,14,12,17,58318256,3,5,14,2026-07-25T08:55:10.009084,15,22
2026-07-25 08:54:54,mediboard,대구광역시,0,0,A1400003,의료법인 루가의료재단 나은병원,1407,C,14,8,11,58318301,10,10,14,2026-07-25T08:55:10.009084,18,21
2026-07-25 08:54:54,mediboard,대구광역시,0,0,A1400007,의료법인 성수의료재단 인천백병원,1405,D,14,4,5,58318411,1,1,14,2026-07-25T08:55:10.009084,5,6
2026-07-25 08:54:54,mediboard,대구광역시,0,0,A1400014,의료법인인성의료재단한림병원,1402,C,14,16,17,58318528,4,4,14,2026-07-25T08:55:10.009084,20,21
2026-07-25 08:54:54,mediboard,대구광역시,0,0,A1400017,인천광역시의료원,1405,D,14,15,15,58318304,2,2,14,2026-07-25T08:55:10.009084,17,17
2026-07-25 08:54:54,mediboard,대구광역시,0,0,A1400037,인천광역시의료원백령병원,1409,D,14,5,5,58318415,1,1,14,2026-07-25T08:55:10.009084,6,6
2026-07-25 08:54:54,mediboard,대구광역시,0,0,A1400009,인천기독병원,1410,D,14,8,8,58318303,1,1,14,2026-07-25T08:55:10.009084,9,9
2026-07-25 08:54:54,mediboard,대구광역시,0,0,A1400016,인천사랑병원,1403,C,14,12,14,58318470,7,7,14,2026-07-25T08:55:10.009084,19,21
2026-07-25 08:54:54,mediboard,대구광역시,0,0,A1403372,인천세종병원,1402,C,14,14,18,58318471,3,3,14,2026-07-25T08:55:10.009084,17,21
2026-07-25 08:54:54,mediboard,대구광역시,0,0,A1400018,인천적십자병원,1408,D,14,8,8,58318414,2,2,14,2026-07-25T08:55:10.009084,10,10
2026-07-25 08:54:54,mediboard,대구광역시,0,0,A1403871,인천힘찬종합병원,1404,D,14,13,17,58318529,3,6,14,2026-07-25T08:55:10.009084,16,23
2026-07-25 08:54:54,mediboard,대구광역시,8,9,A1400002,인하대학교의과대학부속병원,1410,A,14,9,20,58318360,9,9,14,2026-07-25T08:55:10.009084,24,36
2026-07-25 08:54:54,mediboard,대구광역시,0,0,A1400004,현대유비스병원,1403,D,14,15,18,58318579,1,1,14,2026-07-25T08:55:10.009084,16,19
2026-07-25 08:54:54,mediboard,광주광역시,7,7,A1500019,KS병원,1501,C,15,11,15,58318530,3,3,15,2026-07-25T08:55:10.009084,21,25
2026-07-25 08:54:54,mediboard,광주광역시,0,0,A1500021,광주기독병원,1502,C,15,8,20,58318531,3,6,15,2026-07-25T08:55:10.009084,11,26
2026-07-25 08:54:54,mediboard,광주광역시,0,0,A1500015,광주병원,1504,D,15,4,10,58318259,1,1,15,2026-07-25T08:55:10.009084,5,11
2026-07-25 08:54:54,mediboard,광주광역시,0,0,A1500004,광주보훈병원,1501,D,15,11,14,58318361,2,2,15,2026-07-25T08:55:10.009084,13,16
2026-07-25 08:54:54,mediboard,광주광역시,0,0,A1502007,광주센트럴병원,1501,D,15,10,10,58318583,1,1,15,2026-07-25T08:55:10.009084,11,11
2026-07-25 08:54:54,mediboard,광주광역시,0,0,A1500018,광주수완병원,1501,D,15,8,9,58318260,0,1,15,2026-07-25T08:55:10.009084,8,10
2026-07-25 08:54:54,mediboard,광주광역시,0,0,A1500009,광주씨티병원,1502,D,15,5,10,58318257,1,1,15,2026-07-25T08:55:10.009084,6,11
2026-07-25 08:54:54,mediboard,광주광역시,0,0,A1500005,광주일곡병원,1504,D,15,9,9,58318623,1,1,15,2026-07-25T08:55:10.009084,10,10
2026-07-25 08:54:54,mediboard,광주광역시,0,0,A1500016,광주한국병원,1505,D,15,13,15,58318475,1,1,15,2026-07-25T08:55:10.009084,14,16
2026-07-25 08:54:54,mediboard,광주광역시,0,0,A1500003,광주현대병원,1504,D,15,6,9,58318473,2,2,15,2026-07-25T08:55:10.009084,8,11
2026-07-25 08:54:54,mediboard,광주광역시,0,0,A1500007,광주희망병원,1504,D,15,8,9,58318305,1,1,15,2026-07-25T08:55:10.009084,9,10
2026-07-25 08:54:54,mediboard,광주광역시,0,0,A1500013,동아병원,1502,D,15,7,9,58318258,1,1,15,2026-07-25T08:55:10.009084,8,10
2026-07-25 08:54:54,mediboard,광주광역시,0,0,A1500014,미래로21병원,1505,D,15,4,9,58318474,1,1,15,2026-07-25T08:55:10.009084,5,10
2026-07-25 08:54:54,mediboard,광주광역시,0,0,A1500022,상무병원,1505,D,15,8,9,58318582,1,1,15,2026-07-25T08:55:10.009084,9,10
2026-07-25 08:54:54,mediboard,광주광역시,2,2,A1500020,서광병원,1505,C,15,18,18,58318626,3,3,15,2026-07-25T08:55:10.009084,23,23
2026-07-25 08:54:54,mediboard,광주광역시,0,0,A1500006,신가병원,1501,D,15,8,9,58318624,2,2,15,2026-07-25T08:55:10.009084,10,11
2026-07-25 08:54:54,mediboard,광주광역시,0,0,A1500010,운암한국병원,1504,D,15,6,9,58318581,1,1,15,2026-07-25T08:55:10.009084,7,10
2026-07-25 08:54:54,mediboard,광주광역시,4,4,A1500002,전남대학교병원,1503,A,15,10,28,58318580,5,7,15,2026-07-25T08:55:10.009084,19,39
2026-07-25 08:54:54,mediboard,광주광역시,4,4,A1500001,조선대학교병원,1503,A,15,16,23,58318416,5,5,15,2026-07-25T08:55:10.009084,25,32
2026-07-25 08:54:54,mediboard,광주광역시,0,0,A1500011,첨단종합병원,1501,C,15,18,22,58318625,3,3,15,2026-07-25T08:55:10.009084,21,25
2026-07-25 08:54:54,mediboard,광주광역시,0,0,A1500017,하남성심병원,1501,D,15,17,19,58318417,1,2,15,2026-07-25T08:55:10.009084,18,21
2026-07-25 08:54:54,mediboard,대전광역시,0,0,A1600004,대전보훈병원,1601,D,16,7,7,58318261,2,2,16,2026-07-25T08:55:10.009084,9,9
2026-07-25 08:54:54,mediboard,대전광역시,0,0,A1600003,대전한국병원,1602,D,16,5,9,58318418,1,1,16,2026-07-25T08:55:10.009084,6,10
2026-07-25 08:54:54,mediboard,대전광역시,0,0,A1602246,대청병원,1603,D,16,8,9,58318532,1,1,16,2026-07-25T08:55:10.009084,9,10
2026-07-25 08:54:54,mediboard,대전광역시,0,0,A1600008,의료법인영훈의료재단대전선병원,1605,C,16,13,17,58318419,4,9,16,2026-07-25T08:55:10.009084,17,26
2026-07-25 08:54:54,mediboard,대전광역시,0,0,A1600007,의료법인영훈의료재단유성선병원,1604,C,16,13,17,58318307,3,7,16,2026-07-25T08:55:10.009084,16,24
2026-07-25 08:54:54,mediboard,대전광역시,6,6,A1600001,충남대학교병원,1605,A,16,14,28,58318362,5,5,16,2026-07-25T08:55:10.009084,25,39
2026-07-25 08:54:54,mediboard,대전광역시,0,0,A1600005,학교법인가톨릭학원가톨릭대학교대전성모병원,1605,C,16,13,19,58318627,3,3,16,2026-07-25T08:55:10.009084,16,22
2026-07-25 08:54:54,mediboard,대전광역시,5,5,A1600006,학교법인건양교육재단건양대학교병원,1603,A,16,17,24,58318306,5,5,16,2026-07-25T08:55:10.009084,27,34
2026-07-25 08:54:54,mediboard,대전광역시,0,0,A1600002,학교법인을지학원대전을지대학교병원,1603,C,16,22,23,58318584,6,6,16,2026-07-25T08:55:10.009084,28,29
2026-07-25 08:54:54,mediboard,울산광역시,0,0,A1700001,서울산보람병원,1704,D,17,9,10,58318308,1,1,17,2026-07-25T08:55:10.009084,10,11
2026-07-25 08:54:54,mediboard,울산광역시,0,0,A1700003,울산병원,1701,C,17,16,19,58318476,3,3,17,2026-07-25T08:55:10.009084,19,22
2026-07-25 08:54:54,mediboard,울산광역시,0,0,A1700002,의료법인동강의료재단동강병원,1705,C,17,21,24,58318533,3,3,17,2026-07-25T08:55:10.009084,24,27
2026-07-25 08:54:54,mediboard,울산광역시,0,0,A1700025,의료법인송은의료재단울산시티병원,1703,C,17,16,17,58318477,3,3,17,2026-07-25T08:55:10.009084,19,20
2026-07-25 08:54:54,mediboard,울산광역시,0,0,A1700011,의료법인은성의료재단좋은삼정병원,1701,D,17,8,9,58318534,1,1,17,2026-07-25T08:55:10.009084,9,10
2026-07-25 08:54:54,mediboard,울산광역시,0,0,A1700028,의료법인정안의료재단중앙병원,1701,C,17,13,17,58318363,3,3,17,2026-07-25T08:55:10.009084,16,20
2026-07-25 08:54:54,mediboard,울산광역시,8,8,A1700004,학교법인울산공업학원울산대학교병원,1702,A,17,12,23,58318420,6,6,17,2026-07-25T08:55:10.009084,26,37
2026-07-25 08:54:54,mediboard,경기도,0,0,A2100019,(의)영문의료재단다보스병원,2136,C,21,13,13,58318264,7,7,21,2026-07-25T08:55:10.009084,20,20
2026-07-25 08:54:54,mediboard,경기도,0,0,A2100122,(의)효심의료재단용인서울병원,2136,D,21,9,10,58318636,0,0,21,2026-07-25T08:55:10.009084,9,10
2026-07-25 08:54:54,mediboard,경기도,0,0,A2100052,가톨릭대학교부천성모병원,2113,C,21,20,31,58318269,5,6,21,2026-07-25T08:55:10.009084,25,37
2026-07-25 08:54:54,mediboard,경기도,7,8,A2100012,가톨릭대학교성빈센트병원,2122,C,21,20,28,58318421,6,6,21,2026-07-25T08:55:10.009084,31,40
2026-07-25 08:54:54,mediboard,경기도,11,11,A2100040,가톨릭대학교의정부성모병원,2138,A,21,26,44,58318316,6,6,21,2026-07-25T08:55:10.009084,43,61
2026-07-25 08:54:54,mediboard,경기도,0,0,A2100029,강남병원,2134,C,21,15,17,58318537,3,3,21,2026-07-25T08:55:10.009084,18,20
2026-07-25 08:54:54,mediboard,경기도,0,0,A2100032,경기도의료원수원병원,2121,D,21,7,8,58318479,5,5,21,2026-07-25T08:55:10.009084,12,13
2026-07-25 08:54:54,mediboard,경기도,0,0,A2100045,경기도의료원안성병원,2126,D,21,12,14,58318480,1,5,21,2026-07-25T08:55:10.009084,13,19
2026-07-25 08:54:54,mediboard,경기도,0,0,A2100043,경기도의료원의정부병원,2138,D,21,10,10,58318632,1,1,21,2026-07-25T08:55:10.009084,11,11
2026-07-25 08:54:54,mediboard,경기도,0,0,A2100193,경기도의료원이천병원,2139,C,21,11,17,58318318,3,3,21,2026-07-25T08:55:10.009084,14,20
2026-07-25 08:54:54,mediboard,경기도,0,0,A2100035,경기도의료원파주병원,2140,C,21,12,17,58318267,3,3,21,2026-07-25T08:55:10.009084,15,20
2026-07-25 08:54:54,mediboard,경기도,0,0,A2100031,경기도의료원포천병원,2142,C,21,14,17,58318424,3,3,21,2026-07-25T08:55:10.009084,17,20
2026-07-25 08:54:54,mediboard,경기도,4,4,A2100003,고려대학교의과대학부속안산병원,2124,A,21,15,22,58318311,8,8,21,2026-07-25T08:55:10.009084,27,34
2026-07-25 08:54:54,mediboard,경기도,4,4,A2100007,광명성애병원,2106,C,21,8,11,58318586,4,5,21,2026-07-25T08:55:10.009084,16,20
2026-07-25 08:54:54,mediboard,경기도,0,0,A2100258,국군수도병원,2116,D,21,12,16,58318539,0,2,21,2026-07-25T08:55:10.009084,12,18
2026-07-25 08:54:54,mediboard,경기도,0,0,A2100049,국립암센터,2103,D,21,12,24,58318426,1,1,21,2026-07-25T08:55:10.009084,13,25
2026-07-25 08:54:54,mediboard,경기도,4,5,A2100033,국민건강보험공단일산병원,2103,A,21,18,23,58318630,5,5,21,2026-07-25T08:55:10.009084,27,33
2026-07-25 08:54:54,mediboard,경기도,0,0,A2100014,근로복지공단안산병원,2125,D,21,7,7,58318365,1,1,21,2026-07-25T08:55:10.009084,8,8
2026-07-25 08:54:54,mediboard,경기도,0,0,A2100041,남양주한양병원,2111,C,21,15,17,58318631,3,3,21,2026-07-25T08:55:10.009084,18,20
2026-07-25 08:54:54,mediboard,경기도,0,0,A2100017,대아의료재단한도병원,2124,C,21,16,17,58318366,3,3,21,2026-07-25T08:55:10.009084,19,20
2026-07-25 08:54:54,mediboard,경기도,3,3,A2100025,대진의료재단분당제생병원,2116,C,21,17,24,58318588,3,3,21,2026-07-25T08:55:10.009084,23,30
2026-07-25 08:54:54,mediboard,경기도,3,3,A2100047,동국대학교일산불교병원,2103,C,21,17,19,58318425,7,7,21,2026-07-25T08:55:10.009084,27,29
2026-07-25 08:54:54,mediboard,경기도,0,0,A2100131,메디인병원,2140,D,21,11,12,58318590,2,2,21,2026-07-25T08:55:10.009084,13,14
2026-07-25 08:54:54,mediboard,경기도,0,0,A2121142,메디필드한강병원,2136,D,21,16,17,58318595,3,3,21,2026-07-25T08:55:10.009084,19,20
2026-07-25 08:54:54,mediboard,경기도,0,0,A2100055,부천세종병원,2113,C,21,16,17,58318371,3,3,21,2026-07-25T08:55:10.009084,19,20
2026-07-25 08:54:54,mediboard,경기도,4,5,A2100001,분당서울대학교병원,2116,A,21,-10,30,58318310,5,5,21,2026-07-25T08:55:10.009084,-1,40
2026-07-25 08:54:54,mediboard,경기도,6,6,A2116806,성남시의료원,2117,C,21,15,17,58318594,6,6,21,2026-07-25T08:55:10.009084,27,29
2026-07-25 08:54:54,mediboard,경기도,0,0,A2100194,세종여주병원,2131,D,21,5,6,58318270,10,10,21,2026-07-25T08:55:10.009084,15,16
2026-07-25 08:54:54,mediboard,경기도,0,0,A2100016,순천의료재단성남정병원,2117,D,21,8,9,58318314,2,2,21,2026-07-25T08:55:10.009084,10,11
2026-07-25 08:54:54,mediboard,경기도,4,5,A2100005,순천향대학교부속부천병원,2113,A,21,9,17,58318263,4,5,21,2026-07-25T08:55:10.009084,17,27
2026-07-25 08:54:54,mediboard,경기도,14,14,A2100002,아주대학교병원,2120,A,21,25,32,58318364,12,13,21,2026-07-25T08:55:10.009084,46,54
2026-07-25 08:54:54,mediboard,경기도,0,0,A2100305,안성성모병원,2126,D,21,7,9,58318593,0,1,21,2026-07-25T08:55:10.009084,7,10
2026-07-25 08:54:54,mediboard,경기도,0,0,A2100089,양평병원,2130,D,21,7,9,58318482,1,1,21,2026-07-25T08:55:10.009084,8,10
2026-07-25 08:54:54,mediboard,경기도,0,0,A2118188,엘병원,2111,D,21,8,8,58318484,2,2,21,2026-07-25T08:55:10.009084,10,10
2026-07-25 08:54:54,mediboard,경기도,6,6,A2100020,연세대학교의과대학용인세브란스병원,2134,C,21,13,16,58318628,4,4,21,2026-07-25T08:55:10.009084,23,26
2026-07-25 08:54:54,mediboard,경기도,0,0,E2100187,연천군보건의료원,2132,D,21,9,10,58318288,0,0,21,2026-07-25T08:55:10.009084,9,10
2026-07-25 08:54:54,mediboard,경기도,0,0,A2100024,오산한국병원,2133,C,21,12,17,58318629,3,3,21,2026-07-25T08:55:10.009084,15,20
2026-07-25 08:54:54,mediboard,경기도,0,0,A2100048,원광대학교산본병원,2109,C,21,16,17,58318370,3,3,21,2026-07-25T08:55:10.009084,19,20
2026-07-25 08:54:54,mediboard,경기도,0,0,A2100013,의료법인 록향의료재단 신천연합병원,2123,D,21,8,10,58318587,1,1,21,2026-07-25T08:55:10.009084,9,11
2026-07-25 08:54:54,mediboard,경기도,0,0,A2100036,의료법인 일심의료재단 포천우리병원,2142,D,21,18,18,58318369,4,4,21,2026-07-25T08:55:10.009084,22,22
2026-07-25 08:54:54,mediboard,경기도,0,0,A2100309,의료법인갈렌의료재단박병원,2141,D,21,9,10,58318428,1,1,21,2026-07-25T08:55:10.009084,10,11
2026-07-25 08:54:54,mediboard,경기도,5,5,A2100008,의료법인남촌의료재단시화병원,2123,C,21,15,16,58318312,6,6,21,2026-07-25T08:55:10.009084,26,27
2026-07-25 08:54:54,mediboard,경기도,0,0,A2100009,의료법인녹산의료재단동수원병원,2122,C,21,12,17,58318478,3,3,21,2026-07-25T08:55:10.009084,15,20
2026-07-25 08:54:54,mediboard,경기도,0,0,A2100050,의료법인대인의료재단다니엘종합병원,2113,D,21,6,6,58318634,4,4,21,2026-07-25T08:55:10.009084,10,10
2026-07-25 08:54:54,mediboard,경기도,3,3,A2121061,의료법인덕산의료재단수원덕산병원,2119,D,21,22,24,58318637,3,3,21,2026-07-25T08:55:10.009084,28,30
2026-07-25 08:54:54,mediboard,경기도,0,0,A2117135,의료법인명인의료재단화홍병원,2119,C,21,11,15,58318373,5,5,21,2026-07-25T08:55:10.009084,16,20
2026-07-25 08:54:54,mediboard,경기도,3,3,A2100042,의료법인명지의료재단명지병원,2102,A,21,11,15,58318589,10,11,21,2026-07-25T08:55:10.009084,21,26
2026-07-25 08:54:54,mediboard,경기도,0,0,A2100022,의료법인박애의료재단박애병원,2141,D,21,10,10,58318367,1,1,21,2026-07-25T08:55:10.009084,11,11
2026-07-25 08:54:54,mediboard,경기도,0,0,A2100028,의료법인백송의료재단굿모닝병원,2141,C,21,14,19,58318368,7,9,21,2026-07-25T08:55:10.009084,21,28
2026-07-25 08:54:54,mediboard,경기도,0,0,A2100027,의료법인석경의료재단센트럴병원,2123,D,21,18,18,58318423,3,3,21,2026-07-25T08:55:10.009084,21,21
2026-07-25 08:54:54,mediboard,경기도,0,0,A2116972,의료법인성광의료재단일산차병원,2103,D,21,4,6,58318372,3,4,21,2026-07-25T08:55:10.009084,7,10
2026-07-25 08:54:54,mediboard,경기도,0,0,A2113246,의료법인양진의료재단평택성모병원,2141,C,21,10,17,58318429,3,3,21,2026-07-25T08:55:10.009084,13,20
2026-07-25 08:54:54,mediboard,경기도,0,0,A2100034,의료법인영동의료재단의정부백병원,2138,D,21,10,10,58318266,2,2,21,2026-07-25T08:55:10.009084,12,12
2026-07-25 08:54:54,mediboard,경기도,0,0,A2100053,의료법인우리의료재단김포우리병원,2110,C,21,17,22,58318481,6,7,21,2026-07-25T08:55:10.009084,23,29
2026-07-25 08:54:54,mediboard,경기도,0,0,A2115699,의료법인원광의료재단원광종합병원,2146,D,21,8,9,58318319,1,1,21,2026-07-25T08:55:10.009084,9,10
2026-07-25 08:54:54,mediboard,경기도,0,0,A2100018,의료법인은혜와감사의료재단화성중앙종합병원,2144,D,21,8,9,58318536,1,1,21,2026-07-25T08:55:10.009084,9,10
2026-07-25 08:54:54,mediboard,경기도,0,0,A2100006,의료법인인봉의료재단뉴고려병원,2110,C,21,12,14,58318585,6,6,21,2026-07-25T08:55:10.009084,18,20
2026-07-25 08:54:54,mediboard,경기도,0,0,A2100290,의료법인자인의료재단(더자인병원),2102,D,21,15,16,58318427,4,4,21,2026-07-25T08:55:10.009084,19,20
2026-07-25 08:54:54,mediboard,경기도,0,0,A2100124,의료법인칠석의료재단사랑의병원,2125,D,21,10,13,58318317,1,1,21,2026-07-25T08:55:10.009084,11,14
2026-07-25 08:54:54,mediboard,경기도,0,0,A2100175,의료법인토마스의료재단윌스기념병원,2122,D,21,15,18,58318592,3,3,21,2026-07-25T08:55:10.009084,18,21
2026-07-25 08:54:54,mediboard,경기도,0,0,A2100021,의료법인플러스의료재단단원병원,2124,D,21,13,17,58318422,3,3,21,2026-07-25T08:55:10.009084,16,20
2026-07-25 08:54:54,mediboard,경기도,0,4,A2100038,인제대학교일산백병원,2104,C,21,21,34,58318538,5,6,21,2026-07-25T08:55:10.009084,26,44
2026-07-25 08:54:54,mediboard,경기도,0,0,A2118788,중앙대학교광명병원,2106,C,21,14,21,58318271,3,3,21,2026-07-25T08:55:10.009084,17,24
2026-07-25 08:54:54,mediboard,경기도,12,13,A2100030,차의과학대학교분당차병원,2116,A,21,15,22,58318265,7,7,21,2026-07-25T08:55:10.009084,32,40
2026-07-25 08:54:54,mediboard,경기도,1,1,A2100155,참조은병원,2107,C,21,3,9,58318591,10,10,21,2026-07-25T08:55:10.009084,14,20
2026-07-25 08:54:54,mediboard,경기도,0,0,A2100150,추병원,2138,D,21,11,12,58318483,2,2,21,2026-07-25T08:55:10.009084,13,14
2026-07-25 08:54:54,mediboard,경기도,6,6,A2117994,학교법인을지학원의정부을지대학교병원,2138,C,21,24,30,58318374,8,11,21,2026-07-25T08:55:10.009084,38,47
2026-07-25 08:54:54,mediboard,경기도,9,9,A2100046,한림대학교동탄성심병원,2147,C,21,27,32,58318633,3,3,21,2026-07-25T08:55:10.009084,39,44
2026-07-25 08:54:54,mediboard,경기도,3,3,A2100004,한림대학교성심병원,2127,A,21,10,25,58318262,11,11,21,2026-07-25T08:55:10.009084,24,39
2026-07-25 08:54:54,mediboard,경기도,0,0,A2100039,한양대학교구리병원,2108,C,21,14,18,58318315,5,5,21,2026-07-25T08:55:10.009084,19,23
2026-07-25 08:54:54,mediboard,경기도,0,0,A2100037,현대병원,2111,C,21,12,17,58318268,3,3,21,2026-07-25T08:55:10.009084,15,20
2026-07-25 08:54:54,mediboard,경기도,0,0,A2100015,효산의료재단안양샘병원,2128,C,21,15,17,58318313,3,3,21,2026-07-25T08:55:10.009084,18,20
2026-07-25 08:54:54,mediboard,경기도,0,0,A2100054,효산의료재단지샘병원,2109,C,21,14,18,58318635,4,4,21,2026-07-25T08:55:10.009084,18,22
2026-07-25 08:54:54,mediboard,강원특별자치도,3,3,A2200008,강릉아산병원,2201,A,22,14,23,58318485,5,5,22,2026-07-25T08:55:10.009084,22,31
2026-07-25 08:54:54,mediboard,강원특별자치도,3,3,A2200009,강원대학교병원,2213,C,22,8,21,58318638,5,5,22,2026-07-25T08:55:10.009084,16,29
2026-07-25 08:54:54,mediboard,강원특별자치도,0,0,A2200011,강원특별자치도강릉의료원,2201,D,22,4,5,58318431,1,1,22,2026-07-25T08:55:10.009084,5,6
2026-07-25 08:54:54,mediboard,강원특별자치도,1,1,A2200007,강원특별자치도삼척의료원,2204,C,22,14,16,58318272,3,5,22,2026-07-25T08:55:10.009084,18,22
2026-07-25 08:54:54,mediboard,강원특별자치도,0,0,A2200012,강원특별자치도속초의료원,2205,C,22,17,17,58318639,3,3,22,2026-07-25T08:55:10.009084,20,20
2026-07-25 08:54:54,mediboard,강원특별자치도,0,0,A2200002,강원특별자치도영월의료원,2208,D,22,1,9,58318320,1,1,22,2026-07-25T08:55:10.009084,2,10
2026-07-25 08:54:54,mediboard,강원특별자치도,0,0,A2200015,강원특별자치도원주의료원,2209,D,22,15,17,58318433,2,3,22,2026-07-25T08:55:10.009084,17,20
2026-07-25 08:54:54,mediboard,강원특별자치도,0,0,A2200048,근로복지공단정선병원,2211,D,22,5,5,58318376,1,1,22,2026-07-25T08:55:10.009084,6,6
2026-07-25 08:54:54,mediboard,강원특별자치도,0,0,A2200004,근로복지공단태백병원,2214,D,22,9,9,58318375,1,1,22,2026-07-25T08:55:10.009084,10,10
2026-07-25 08:54:54,mediboard,강원특별자치도,2,3,A2200001,연세대학교원주세브란스기독병원,2209,A,22,24,31,58318430,28,45,22,2026-07-25T08:55:10.009084,54,79
2026-07-25 08:54:54,mediboard,강원특별자치도,0,0,A2200005,의료법인강릉동인병원,2201,C,22,13,17,58318541,3,3,22,2026-07-25T08:55:10.009084,16,20
2026-07-25 08:54:54,mediboard,강원특별자치도,0,0,A2200003,의료법인동해동인병원,2203,D,22,8,10,58318540,1,1,22,2026-07-25T08:55:10.009084,9,11
2026-07-25 08:54:54,mediboard,강원특별자치도,0,0,A2200037,의료법인성심의료재단양구성심병원,2206,D,22,4,5,58318640,1,1,22,2026-07-25T08:55:10.009084,5,6
2026-07-25 08:54:54,mediboard,강원특별자치도,0,0,A2200024,의료법인성지의료재단성지병원,2209,D,22,6,7,58318487,1,1,22,2026-07-25T08:55:10.009084,7,8
2026-07-25 08:54:54,mediboard,강원특별자치도,0,0,A2200046,의료법인온세움의료재단온재병원,2205,D,22,2,9,58318641,1,1,22,2026-07-25T08:55:10.009084,3,10
2026-07-25 08:54:54,mediboard,강원특별자치도,0,0,A2201730,철원병원,2212,D,22,4,5,58318321,1,1,22,2026-07-25T08:55:10.009084,5,6
2026-07-25 08:54:54,mediboard,강원특별자치도,0,0,E2200026,평창군보건의료원,2215,D,22,6,6,58318397,1,1,22,2026-07-25T08:55:10.009084,7,7
2026-07-25 08:54:54,mediboard,강원특별자치도,2,3,A2200013,한림대학교춘천성심병원,2213,A,22,17,22,58318273,5,5,22,2026-07-25T08:55:10.009084,24,30
2026-07-25 08:54:54,mediboard,강원특별자치도,0,0,A2200014,홍천아산병원,2216,D,22,8,10,58318432,0,0,22,2026-07-25T08:55:10.009084,8,10
2026-07-25 08:54:54,mediboard,강원특별자치도,0,0,E2200025,화천군보건의료원,2217,D,22,7,7,58318512,1,1,22,2026-07-25T08:55:10.009084,8,8
2026-07-25 08:54:54,mediboard,강원특별자치도,0,0,A2200016,횡성대성병원,2218,D,22,6,9,58318486,1,1,22,2026-07-25T08:55:10.009084,7,10
2026-07-25 08:54:54,mediboard,충청북도,0,0,A2300010,건국대학교충주병원,2314,C,23,16,20,58318642,3,3,23,2026-07-25T08:55:10.009084,19,23
2026-07-25 08:54:54,mediboard,충청북도,0,0,E2300011,단양군보건의료원,2302,D,23,6,6,58318345,1,2,23,2026-07-25T08:55:10.009084,7,8
2026-07-25 08:54:54,mediboard,충청북도,0,0,A2300013,의료법인 건명의료재단 중앙제일병원,2309,C,23,14,17,58318542,3,5,23,2026-07-25T08:55:10.009084,17,22
2026-07-25 08:54:54,mediboard,충청북도,0,0,A2300034,의료법인대광의료재단괴산성모병원,2301,D,23,6,9,58318436,0,1,23,2026-07-25T08:55:10.009084,6,10
2026-07-25 08:54:54,mediboard,충청북도,3,3,A2300009,의료법인명지의료재단명지병원,2307,C,23,12,18,58318435,6,6,23,2026-07-25T08:55:10.009084,21,27
2026-07-25 08:54:54,mediboard,충청북도,0,0,A2300007,의료법인인화재단한국병원,2310,C,23,11,14,58318434,6,6,23,2026-07-25T08:55:10.009084,17,20
2026-07-25 08:54:54,mediboard,충청북도,0,0,A2300005,의료법인자산의료재단제천서울병원,2307,C,23,12,15,58318324,5,5,23,2026-07-25T08:55:10.009084,17,20
2026-07-25 08:54:54,mediboard,충청북도,0,0,A2300003,의료법인정산의료재단효성병원,2310,C,23,15,18,58318323,5,5,23,2026-07-25T08:55:10.009084,20,23
2026-07-25 08:54:54,mediboard,충청북도,0,0,A2300030,의료법인조윤의료재단영동병원,2304,D,23,10,10,58318543,0,0,23,2026-07-25T08:55:10.009084,10,10
2026-07-25 08:54:54,mediboard,충청북도,0,0,A2300002,의료법인한마음의료재단하나병원,2313,C,23,9,11,58318274,12,12,23,2026-07-25T08:55:10.009084,21,23
2026-07-25 08:54:54,mediboard,충청북도,0,0,A2300011,의료법인힐링의료재단옥천성모병원,2305,D,23,7,7,58318596,3,3,23,2026-07-25T08:55:10.009084,10,10
2026-07-25 08:54:54,mediboard,충청북도,0,0,A2300008,청주성모병원,2312,C,23,9,15,58318275,6,10,23,2026-07-25T08:55:10.009084,15,25
2026-07-25 08:54:54,mediboard,충청북도,7,8,A2300001,충북대학교병원,2311,A,23,25,32,58318322,5,5,23,2026-07-25T08:55:10.009084,37,45
2026-07-25 08:54:54,mediboard,충청북도,0,0,A2300006,충청북도청주의료원,2311,D,23,11,12,58318378,4,4,23,2026-07-25T08:55:10.009084,15,16
2026-07-25 08:54:54,mediboard,충청북도,0,0,A2300004,충청북도충주의료원,2314,D,23,13,18,58318377,3,3,23,2026-07-25T08:55:10.009084,16,21
2026-07-25 08:54:54,mediboard,충청남도,4,4,A2400002,단국대학교의과대학부속병원,2412,A,24,19,27,58318326,4,5,24,2026-07-25T08:55:10.009084,27,36
2026-07-25 08:54:54,mediboard,충청남도,0,0,A2400008,당진종합병원,2405,C,24,15,17,58318327,3,3,24,2026-07-25T08:55:10.009084,18,20
2026-07-25 08:54:54,mediboard,충청남도,0,4,A2400003,서산중앙병원,2408,C,24,14,17,58318276,3,3,24,2026-07-25T08:55:10.009084,17,24
2026-07-25 08:54:54,mediboard,충청남도,0,0,A2402257,아산충무병원,2410,C,24,10,13,58318643,8,8,24,2026-07-25T08:55:10.009084,18,21
2026-07-25 08:54:54,mediboard,충청남도,0,0,A2400044,의료법인 서해병원,2409,D,24,5,5,58318328,2,2,24,2026-07-25T08:55:10.009084,7,7
2026-07-25 08:54:54,mediboard,충청남도,0,0,A2400004,의료법인 예당의료재단 예산종합병원,2411,D,24,5,6,58318488,1,1,24,2026-07-25T08:55:10.009084,6,7
2026-07-25 08:54:54,mediboard,충청남도,0,0,A2400009,의료법인백제병원,2404,C,24,15,20,58318278,3,3,24,2026-07-25T08:55:10.009084,18,23
2026-07-25 08:54:54,mediboard,충청남도,0,0,A2400012,의료법인영서의료재단천안충무병원,2413,C,24,10,16,58318437,5,5,24,2026-07-25T08:55:10.009084,15,21
2026-07-25 08:54:54,mediboard,충청남도,0,0,A2400011,재단법인아산사회복지재단보령아산병원,2406,C,24,14,17,58318379,3,3,24,2026-07-25T08:55:10.009084,17,20
2026-07-25 08:54:54,mediboard,충청남도,0,0,E2400032,청양군보건의료원,2414,D,24,4,6,58318454,1,1,24,2026-07-25T08:55:10.009084,5,7
2026-07-25 08:54:54,mediboard,충청남도,0,0,A2400010,충청남도공주의료원,2402,D,24,12,15,58318279,1,1,24,2026-07-25T08:55:10.009084,13,16
2026-07-25 08:54:54,mediboard,충청남도,0,0,A2400006,충청남도서산의료원,2408,C,24,8,17,58318277,3,3,24,2026-07-25T08:55:10.009084,11,20
2026-07-25 08:54:54,mediboard,충청남도,0,0,A2400005,충청남도천안의료원,2412,D,24,9,12,58318544,1,2,24,2026-07-25T08:55:10.009084,10,14
2026-07-25 08:54:54,mediboard,충청남도,1,1,A2400007,충청남도홍성의료원,2416,C,24,17,18,58318597,3,3,24,2026-07-25T08:55:10.009084,21,22
2026-07-25 08:54:54,mediboard,충청남도,0,0,E2400033,태안군보건의료원,2415,D,24,10,10,58318289,1,1,24,2026-07-25T08:55:10.009084,11,11
2026-07-25 08:54:54,mediboard,충청남도,0,0,A2400038,학교법인건양교육재단건양대학교부여병원,2407,D,24,8,9,58318438,1,1,24,2026-07-25T08:55:10.009084,9,10
2026-07-25 08:54:54,mediboard,충청남도,17,18,A2400001,학교법인동은학원순천향대학교부속천안병원,2412,A,24,11,22,58318325,11,11,24,2026-07-25T08:55:10.009084,35,47
2026-07-25 08:54:54,mediboard,충청남도,0,0,A2400039,현대병원,2410,D,24,9,10,58318545,1,1,24,2026-07-25T08:55:10.009084,10,11
2026-07-25 08:54:54,mediboard,전북특별자치도,0,0,A2500038,김제우석병원,2503,D,25,10,10,58318280,1,1,25,2026-07-25T08:55:10.009084,11,11
2026-07-25 08:54:54,mediboard,전북특별자치도,0,0,A2500056,대자인병원,2512,C,25,24,33,58318440,3,3,25,2026-07-25T08:55:10.009084,27,36
2026-07-25 08:54:54,mediboard,전북특별자치도,0,0,E2500019,무주군보건의료원,2505,D,25,3,4,58318612,1,1,25,2026-07-25T08:55:10.009084,4,5
2026-07-25 08:54:54,mediboard,전북특별자치도,0,0,A2500010,부안성모병원,2506,D,25,9,10,58318547,2,2,25,2026-07-25T08:55:10.009084,11,12
2026-07-25 08:54:54,mediboard,전북특별자치도,3,3,A2502742,새강병원,2513,D,25,13,14,58318646,3,3,25,2026-07-25T08:55:10.009084,19,20
2026-07-25 08:54:54,mediboard,전북특별자치도,0,0,E2500021,순창군보건의료원,2507,D,25,8,9,58318346,1,1,25,2026-07-25T08:55:10.009084,9,10
2026-07-25 08:54:54,mediboard,전북특별자치도,3,3,A2500001,원광대학교병원,2509,A,25,10,28,58318644,4,5,25,2026-07-25T08:55:10.009084,17,36
2026-07-25 08:54:54,mediboard,전북특별자치도,0,0,A2500011,의료법인대산의료재단익산병원,2509,C,25,11,17,58318439,3,3,25,2026-07-25T08:55:10.009084,14,20
2026-07-25 08:54:54,mediboard,전북특별자치도,0,0,A2500009,의료법인석천재단고창병원,2501,D,25,9,10,58318598,1,1,25,2026-07-25T08:55:10.009084,10,11
2026-07-25 08:54:54,mediboard,전북특별자치도,0,0,A2500005,의료법인영경의료재단전주병원,2513,C,25,14,17,58318490,3,3,25,2026-07-25T08:55:10.009084,17,20
2026-07-25 08:54:54,mediboard,전북특별자치도,0,0,A2501890,의료법인영경의료재단호성전주병원,2512,D,25,6,9,58318380,1,1,25,2026-07-25T08:55:10.009084,7,10
2026-07-25 08:54:54,mediboard,전북특별자치도,0,0,A2500012,의료법인오성의료재단동군산병원,2502,C,25,12,17,58318645,5,6,25,2026-07-25T08:55:10.009084,17,23
2026-07-25 08:54:54,mediboard,전북특별자치도,0,0,E2500022,임실군보건의료원,2510,D,25,4,4,58318613,1,1,25,2026-07-25T08:55:10.009084,5,5
2026-07-25 08:54:54,mediboard,전북특별자치도,0,0,E2500020,장수군보건의료원,2511,D,25,4,5,58318455,1,1,25,2026-07-25T08:55:10.009084,5,6
2026-07-25 08:54:54,mediboard,전북특별자치도,0,0,A2500008,재단법인 아산사회복지재단 정읍아산병원,2514,C,25,14,17,58318330,3,3,25,2026-07-25T08:55:10.009084,17,20
2026-07-25 08:54:54,mediboard,전북특별자치도,10,12,A2500006,재단법인예수병원유지재단예수병원,2513,C,25,20,38,58318329,5,5,25,2026-07-25T08:55:10.009084,33,53
2026-07-25 08:54:54,mediboard,전북특별자치도,5,5,A2500002,전북대학교병원,2512,A,25,11,36,58318546,7,7,25,2026-07-25T08:55:10.009084,23,48
2026-07-25 08:54:54,mediboard,전북특별자치도,0,0,A2500007,전북특별자치도군산의료원,2502,C,25,12,17,58318491,3,3,25,2026-07-25T08:55:10.009084,15,20
2026-07-25 08:54:54,mediboard,전북특별자치도,0,0,A2500004,전북특별자치도남원의료원,2504,C,25,13,17,58318489,3,3,25,2026-07-25T08:55:10.009084,16,20
2026-07-25 08:54:54,mediboard,전북특별자치도,0,0,A2502031,진안군의료원,2515,D,25,2,6,58318548,2,2,25,2026-07-25T08:55:10.009084,4,8
2026-07-25 08:54:54,mediboard,전라남도,0,0,A2600029,곡성사랑병원,2603,D,26,4,5,58318550,1,1,26,2026-07-25T08:55:10.009084,5,6
2026-07-25 08:54:54,mediboard,전라남도,0,0,A2600006,광양사랑병원,2604,D,26,7,9,58318282,1,1,26,2026-07-25T08:55:10.009084,8,10
2026-07-25 08:54:54,mediboard,전라남도,0,0,A2600061,구례병원,2605,D,26,10,10,58318601,0,0,26,2026-07-25T08:55:10.009084,10,10
2026-07-25 08:54:54,mediboard,전라남도,0,0,A2600016,나주종합병원,2606,D,26,6,10,58318493,0,0,26,2026-07-25T08:55:10.009084,6,10
2026-07-25 08:54:54,mediboard,전라남도,0,0,A2600054,담양사랑병원,2607,D,26,5,6,58318497,2,2,26,2026-07-25T08:55:10.009084,7,8
2026-07-25 08:54:54,mediboard,전라남도,0,0,A2600003,대송의료재단무안병원,2609,D,26,2,4,58318599,1,1,26,2026-07-25T08:55:10.009084,3,5
2026-07-25 08:54:54,mediboard,전라남도,0,0,A2600020,목포기독병원,2608,D,26,11,17,58318332,3,3,26,2026-07-25T08:55:10.009084,14,20
2026-07-25 08:54:54,mediboard,전라남도,0,0,A2600022,목포시의료원,2608,D,26,8,9,58318650,1,1,26,2026-07-25T08:55:10.009084,9,10
2026-07-25 08:54:54,mediboard,전라남도,3,3,A2600011,목포한국병원,2608,A,26,13,18,58318441,5,5,26,2026-07-25T08:55:10.009084,21,26
2026-07-25 08:54:54,mediboard,전라남도,0,0,A2600052,보성아산병원,2610,D,26,7,8,58318654,1,1,26,2026-07-25T08:55:10.009084,8,9
2026-07-25 08:54:54,mediboard,전라남도,0,0,A2602211,빛가람종합병원,2606,D,26,6,9,58318384,1,1,26,2026-07-25T08:55:10.009084,7,10
2026-07-25 08:54:54,mediboard,전라남도,4,4,A2600019,성가롤로병원,2611,A,26,7,18,58318494,5,5,26,2026-07-25T08:55:10.009084,16,27
2026-07-25 08:54:54,mediboard,전라남도,0,0,A2600008,순천제일병원,2611,D,26,9,9,58318549,1,1,26,2026-07-25T08:55:10.009084,10,10
2026-07-25 08:54:54,mediboard,전라남도,0,0,A2600004,순천중앙병원,2611,D,26,5,5,58318492,1,1,26,2026-07-25T08:55:10.009084,6,6
2026-07-25 08:54:54,mediboard,전라남도,0,0,A2600010,여수전남병원,2613,D,26,6,10,58318648,1,1,26,2026-07-25T08:55:10.009084,7,11
2026-07-25 08:54:54,mediboard,전라남도,0,0,A2600014,여천전남병원,2613,C,26,16,17,58318331,3,3,26,2026-07-25T08:55:10.009084,19,20
2026-07-25 08:54:54,mediboard,전라남도,0,0,A2600015,영광종합병원,2614,D,26,8,10,58318600,3,3,26,2026-07-25T08:55:10.009084,11,13
2026-07-25 08:54:54,mediboard,전라남도,0,0,A2600070,영암한국병원,2615,D,26,7,8,58318602,0,1,26,2026-07-25T08:55:10.009084,7,9
2026-07-25 08:54:54,mediboard,전라남도,0,0,A2600032,완도대성병원,2616,D,26,3,5,58318443,1,1,26,2026-07-25T08:55:10.009084,4,6
2026-07-25 08:54:54,mediboard,전라남도,0,0,A2600034,의료법인 거명의료재단 영광기독병원,2614,D,26,10,10,58318496,1,1,26,2026-07-25T08:55:10.009084,11,11
2026-07-25 08:54:54,mediboard,전라남도,0,0,A2600017,의료법인목포구암의료재단목포중앙병원,2608,C,26,14,16,58318382,4,4,26,2026-07-25T08:55:10.009084,18,20
2026-07-25 08:54:54,mediboard,전라남도,0,0,A2600066,의료법인삼호의료재단벌교삼호병원,2610,D,26,6,6,58318334,1,1,26,2026-07-25T08:55:10.009084,7,7
2026-07-25 08:54:54,mediboard,전라남도,0,0,A2600051,의료법인신안대우병원,2612,D,26,4,4,58318653,1,1,26,2026-07-25T08:55:10.009084,5,5
2026-07-25 08:54:54,mediboard,전라남도,0,0,A2600018,의료법인영성의료재단고흥종합병원,2602,D,26,8,10,58318442,0,0,26,2026-07-25T08:55:10.009084,8,10
2026-07-25 08:54:54,mediboard,전라남도,0,0,A2600021,의료법인우범의료재단장흥종합병원,2618,D,26,9,9,58318649,1,1,26,2026-07-25T08:55:10.009084,10,10
2026-07-25 08:54:54,mediboard,전라남도,0,0,A2600068,의료법인장호의료재단녹동현대병원,2602,D,26,3,3,58318498,2,2,26,2026-07-25T08:55:10.009084,5,5
2026-07-25 08:54:54,mediboard,전라남도,0,0,A2600005,의료법인한국의료재단한국병원,2611,D,26,10,11,58318281,1,1,26,2026-07-25T08:55:10.009084,11,12
2026-07-25 08:54:54,mediboard,전라남도,0,0,A2600027,의료법인한마음의료재단여수제일병원,2613,D,26,7,9,58318495,1,1,26,2026-07-25T08:55:10.009084,8,10
2026-07-25 08:54:54,mediboard,전라남도,0,0,A2600035,의료법인행복나눔의료재단장성병원,2617,D,26,2,4,58318383,1,1,26,2026-07-25T08:55:10.009084,3,5
2026-07-25 08:54:54,mediboard,전라남도,0,0,A2600009,의료법인행촌의료재단해남종합병원,2621,D,26,7,10,58318647,1,1,26,2026-07-25T08:55:10.009084,8,11
2026-07-25 08:54:54,mediboard,전라남도,0,0,A2600024,의료법인현경의료재단광양서울병원,2604,D,26,9,9,58318651,1,1,26,2026-07-25T08:55:10.009084,10,10
2026-07-25 08:54:54,mediboard,전라남도,0,0,A2600037,장흥우리병원,2618,D,26,4,4,58318333,1,1,26,2026-07-25T08:55:10.009084,5,5
2026-07-25 08:54:54,mediboard,전라남도,0,0,A2600050,전라남도강진의료원,2601,D,26,8,9,58318551,1,1,26,2026-07-25T08:55:10.009084,9,10
2026-07-25 08:54:54,mediboard,전라남도,0,0,A2600056,전라남도순천의료원,2611,D,26,6,6,58318655,2,2,26,2026-07-25T08:55:10.009084,8,8
2026-07-25 08:54:54,mediboard,전라남도,0,0,A2600040,진도한국병원,2619,D,26,3,4,58318652,1,1,26,2026-07-25T08:55:10.009084,4,5
2026-07-25 08:54:54,mediboard,전라남도,0,0,A2600077,해남우리종합병원,2621,D,26,14,15,58318335,4,4,26,2026-07-25T08:55:10.009084,18,19
2026-07-25 08:54:54,mediboard,전라남도,0,1,A2600001,화순전남대학교병원,2622,C,26,0,16,58318381,0,7,26,2026-07-25T08:55:10.009084,0,24
2026-07-25 08:54:54,mediboard,경상북도,0,0,A2700018,경상북도김천의료원,2706,D,27,8,17,58318504,1,1,27,2026-07-25T08:55:10.009084,9,18
2026-07-25 08:54:54,mediboard,경상북도,0,0,A2700001,경상북도안동의료원,2711,D,27,6,6,58318283,2,2,27,2026-07-25T08:55:10.009084,8,8
2026-07-25 08:54:54,mediboard,경상북도,0,0,A2700005,경상북도포항의료원,2724,D,27,7,8,58318499,2,2,27,2026-07-25T08:55:10.009084,9,10
2026-07-25 08:54:54,mediboard,경상북도,0,0,A2700097,계명대학교경주동산병원,2702,D,27,7,9,58318552,1,1,27,2026-07-25T08:55:10.009084,8,10
2026-07-25 08:54:54,mediboard,경상북도,0,0,A2700015,구미강동병원,2704,D,27,6,7,58318503,3,3,27,2026-07-25T08:55:10.009084,9,10
2026-07-25 08:54:54,mediboard,경상북도,2,3,A2700003,동국대학교의과대학경주병원,2702,C,27,9,16,58318603,7,7,27,2026-07-25T08:55:10.009084,18,26
2026-07-25 08:54:54,mediboard,경상북도,0,0,A2700011,상주적십자병원,2709,D,27,9,9,58318656,1,1,27,2026-07-25T08:55:10.009084,10,10
2026-07-25 08:54:54,mediboard,경상북도,4,4,A2700013,순천향대학교부속구미병원,2704,C,27,10,13,58318387,3,3,27,2026-07-25T08:55:10.009084,17,20
2026-07-25 08:54:54,mediboard,경상북도,0,0,A2700004,안동성소병원,2711,C,27,9,12,58318284,8,8,27,2026-07-25T08:55:10.009084,17,20
2026-07-25 08:54:54,mediboard,경상북도,0,0,A2700008,에스포항병원,2723,D,27,3,6,58318501,1,1,27,2026-07-25T08:55:10.009084,4,7
2026-07-25 08:54:54,mediboard,경상북도,0,0,A2700017,영남대학교의과대학부속영천병원,2715,D,27,6,10,58318445,3,3,27,2026-07-25T08:55:10.009084,9,13
2026-07-25 08:54:54,mediboard,경상북도,0,0,A2700031,영주기독병원,2714,D,27,4,4,58318337,1,1,27,2026-07-25T08:55:10.009084,5,5
2026-07-25 08:54:54,mediboard,경상북도,0,0,A2700020,영주자인병원,2714,D,27,4,4,58318446,1,1,27,2026-07-25T08:55:10.009084,5,5
2026-07-25 08:54:54,mediboard,경상북도,0,0,A2702752,영주적십자병원,2714,D,27,6,10,58318389,1,1,27,2026-07-25T08:55:10.009084,7,11
2026-07-25 08:54:54,mediboard,경상북도,0,0,E2700553,울릉군보건의료원,2717,D,27,3,5,58318290,0,0,27,2026-07-25T08:55:10.009084,3,5
2026-07-25 08:54:54,mediboard,경상북도,0,0,A2700052,울진군의료원,2718,D,27,7,8,58318339,2,2,27,2026-07-25T08:55:10.009084,9,10
2026-07-25 08:54:54,mediboard,경상북도,0,0,A2700019,의)근원의료재단경산중앙병원,2701,D,27,8,10,58318336,2,2,27,2026-07-25T08:55:10.009084,10,12
2026-07-25 08:54:54,mediboard,경상북도,0,0,A2700038,의료법인대남의료재단청도대남병원,2720,D,27,10,10,58318657,0,0,27,2026-07-25T08:55:10.009084,10,10
2026-07-25 08:54:54,mediboard,경상북도,0,0,A2700012,의료법인덕산의료재단김천제일병원,2706,C,27,13,16,58318502,4,4,27,2026-07-25T08:55:10.009084,17,20
2026-07-25 08:54:54,mediboard,경상북도,0,0,A2700006,의료법인동춘의료재단문경제일병원,2707,C,27,16,17,58318500,2,3,27,2026-07-25T08:55:10.009084,18,20
2026-07-25 08:54:54,mediboard,경상북도,0,0,A2700009,의료법인삼백의료재단상주성모병원,2709,D,27,6,9,58318604,1,1,27,2026-07-25T08:55:10.009084,7,10
2026-07-25 08:54:54,mediboard,경상북도,0,0,A2700036,의료법인서명의료재단세명종합병원,2701,D,27,8,13,58318338,2,2,27,2026-07-25T08:55:10.009084,10,15
2026-07-25 08:54:54,mediboard,경상북도,0,0,A2700023,의료법인서준의료재단예천권병원,2716,D,27,6,6,58318388,1,1,27,2026-07-25T08:55:10.009084,7,7
2026-07-25 08:54:54,mediboard,경상북도,1,3,A2700014,의료법인안동병원,2711,A,27,8,17,58318285,5,5,27,2026-07-25T08:55:10.009084,14,25
2026-07-25 08:54:54,mediboard,경상북도,0,0,A2700070,의료법인영암의료재단고령영생병원,2703,D,27,5,5,58318448,1,1,27,2026-07-25T08:55:10.009084,6,6
2026-07-25 08:54:54,mediboard,경상북도,0,0,A2700063,의료법인영제의료재단영남제일병원,2719,D,27,4,5,58318447,1,1,27,2026-07-25T08:55:10.009084,5,6
2026-07-25 08:54:54,mediboard,경상북도,0,0,A2702563,의료법인은성의료재단좋은선린병원,2724,D,27,6,10,58318449,2,2,27,2026-07-25T08:55:10.009084,8,12
2026-07-25 08:54:54,mediboard,경상북도,5,5,A2700007,차의과학대학교부속구미차병원,2704,A,27,12,20,58318386,6,12,27,2026-07-25T08:55:10.009084,23,37
2026-07-25 08:54:54,mediboard,경상북도,0,0,E2700554,청송군보건의료원,2721,D,27,5,5,58318513,1,1,27,2026-07-25T08:55:10.009084,6,6
2026-07-25 08:54:54,mediboard,경상북도,11,11,A2700016,포항성모병원,2723,A,27,16,20,58318444,5,15,27,2026-07-25T08:55:10.009084,32,46
2026-07-25 08:54:54,mediboard,경상북도,0,0,A2700002,포항세명기독병원,2723,C,27,5,15,58318385,10,10,27,2026-07-25T08:55:10.009084,15,25
2026-07-25 08:54:54,mediboard,경상남도,0,0,A2800032,강병원,2803,D,28,9,9,58318555,1,1,28,2026-07-25T08:55:10.009084,10,10
2026-07-25 08:54:54,mediboard,경상남도,0,0,A2803677,강일병원,2804,D,28,7,8,58318394,3,3,28,2026-07-25T08:55:10.009084,10,11
2026-07-25 08:54:54,mediboard,경상남도,0,0,A2800076,거창적십자병원,2802,D,28,9,9,58318558,1,1,28,2026-07-25T08:55:10.009084,10,10
2026-07-25 08:54:54,mediboard,경상남도,3,3,A2800001,경상국립대학교병원,2811,A,28,21,30,58318605,5,5,28,2026-07-25T08:55:10.009084,29,38
2026-07-25 08:54:54,mediboard,경상남도,0,0,A2800025,경상남도마산의료원,2813,D,28,12,13,58318392,2,2,28,2026-07-25T08:55:10.009084,14,15
2026-07-25 08:54:54,mediboard,경상남도,0,0,A2800113,밀양병원,2806,D,28,3,8,58318610,1,1,28,2026-07-25T08:55:10.009084,4,9
2026-07-25 08:54:54,mediboard,경상남도,0,0,A2800084,반도병원,2811,D,28,6,7,58318510,1,1,28,2026-07-25T08:55:10.009084,7,8
2026-07-25 08:54:54,mediboard,경상남도,0,0,A2800019,베데스다복음병원,2809,D,28,9,9,58318607,1,1,28,2026-07-25T08:55:10.009084,10,10
2026-07-25 08:54:54,mediboard,경상남도,0,0,E2800380,산청군보건의료원,2808,D,28,3,5,58318398,1,1,28,2026-07-25T08:55:10.009084,4,6
2026-07-25 08:54:54,mediboard,경상남도,0,0,A2800055,삼성합천병원,2822,D,28,4,4,58318556,1,1,28,2026-07-25T08:55:10.009084,5,5
2026-07-25 08:54:54,mediboard,경상남도,0,0,A2800101,삼천포제일병원,2807,D,28,8,8,58318393,2,2,28,2026-07-25T08:55:10.009084,10,10
2026-07-25 08:54:54,mediboard,경상남도,0,0,A2800092,새통영병원,2818,D,28,8,9,58318342,1,1,28,2026-07-25T08:55:10.009084,9,10
2026-07-25 08:54:54,mediboard,경상남도,7,10,A2800011,양산부산대학교병원,2809,A,28,17,23,58318450,8,8,28,2026-07-25T08:55:10.009084,30,39
2026-07-25 08:54:54,mediboard,경상남도,0,0,A2804593,양산성모병원,2809,D,28,13,13,58318395,1,1,28,2026-07-25T08:55:10.009084,14,14
2026-07-25 08:54:54,mediboard,경상남도,0,0,A2800021,연세에스병원,2817,D,28,9,9,58318341,1,1,28,2026-07-25T08:55:10.009084,10,10
2026-07-25 08:54:54,mediboard,경상남도,0,0,A2800090,의령병원,2810,D,28,3,4,58318452,1,1,28,2026-07-25T08:55:10.009084,4,5
2026-07-25 08:54:54,mediboard,경상남도,0,0,A2800008,의료법인 거붕 백병원,2801,D,28,5,9,58318506,1,1,28,2026-07-25T08:55:10.009084,6,10
2026-07-25 08:54:54,mediboard,경상남도,0,0,A2800005,의료법인 대우의료재단대우병원,2801,D,28,3,9,58318286,1,1,28,2026-07-25T08:55:10.009084,4,10
2026-07-25 08:54:54,mediboard,경상남도,0,0,A2800015,의료법인 문병욱의료재단 진주고려병원,2811,D,28,9,10,58318606,1,1,28,2026-07-25T08:55:10.009084,10,11
2026-07-25 08:54:54,mediboard,경상남도,0,0,A2800022,의료법인 성념의료재단맑은샘병원,2801,D,28,9,9,58318658,1,1,28,2026-07-25T08:55:10.009084,10,10
2026-07-25 08:54:54,mediboard,경상남도,0,0,A2800094,의료법인 이도의료재단 남해병원,2805,D,28,7,8,58318453,2,2,28,2026-07-25T08:55:10.009084,9,10
2026-07-25 08:54:54,mediboard,경상남도,0,0,A2800014,의료법인갑을의료재단 갑을장유병원,2804,D,28,7,9,58318508,1,1,28,2026-07-25T08:55:10.009084,8,10
2026-07-25 08:54:54,mediboard,경상남도,0,0,A2800006,의료법인숭인의료재단 김해복음병원,2804,C,28,16,16,58318553,4,4,28,2026-07-25T08:55:10.009084,20,20
2026-07-25 08:54:54,mediboard,경상남도,0,0,A2800068,의료법인승연의료재단 삼천포서울병원,2807,D,28,9,9,58318557,1,1,28,2026-07-25T08:55:10.009084,10,10
2026-07-25 08:54:54,mediboard,경상남도,0,0,A2800009,의료법인청아의료재단청아병원,2814,D,28,7,9,58318507,1,1,28,2026-07-25T08:55:10.009084,8,10
2026-07-25 08:54:54,mediboard,경상남도,0,0,A2800017,의료법인합포의료재단에스엠지연세병원,2813,C,28,15,17,58318451,3,3,28,2026-07-25T08:55:10.009084,18,20
2026-07-25 08:54:54,mediboard,경상남도,0,0,A2800010,의료법인환명의료재단 조은금강병원,2804,C,28,10,17,58318391,3,3,28,2026-07-25T08:55:10.009084,13,20
2026-07-25 08:54:54,mediboard,경상남도,0,0,A2800003,제일병원,2811,C,28,14,17,58318390,3,3,28,2026-07-25T08:55:10.009084,17,20
2026-07-25 08:54:54,mediboard,경상남도,0,0,A2800037,진주복음병원,2811,D,28,8,9,58318287,1,1,28,2026-07-25T08:55:10.009084,9,10
2026-07-25 08:54:54,mediboard,경상남도,0,0,A2803505,창원경상국립대학교병원,2815,C,28,15,18,58318343,3,10,28,2026-07-25T08:55:10.009084,18,28
2026-07-25 08:54:54,mediboard,경상남도,0,0,A2800004,창원파티마병원,2816,C,28,8,17,58318505,3,3,28,2026-07-25T08:55:10.009084,11,20
2026-07-25 08:54:54,mediboard,경상남도,0,0,A2800007,창원한마음병원,2816,C,28,13,21,58318554,4,4,28,2026-07-25T08:55:10.009084,17,25
2026-07-25 08:54:54,mediboard,경상남도,0,0,A2800062,태황의료재단한성병원,2812,D,28,7,9,58318609,1,1,28,2026-07-25T08:55:10.009084,8,10
2026-07-25 08:54:54,mediboard,경상남도,8,8,A2800020,학교법인성균관대학삼성창원병원,2814,A,28,22,27,58318340,5,5,28,2026-07-25T08:55:10.009084,35,40
2026-07-25 08:54:54,mediboard,경상남도,0,0,A2800043,한일병원,2811,C,28,12,17,58318608,3,3,28,2026-07-25T08:55:10.009084,15,20
2026-07-25 08:54:54,mediboard,경상남도,0,0,A2800080,함양성심병원,2821,D,28,3,4,58318509,1,1,28,2026-07-25T08:55:10.009084,4,5
2026-07-25 08:54:54,mediboard,제주특별자치도,0,0,A2900003,의료법인 혜인의료재단 한국병원,2902,D,29,6,9,58318559,1,1,29,2026-07-25T08:55:10.009084,7,10
2026-07-25 08:54:54,mediboard,제주특별자치도,1,1,A2900006,의료법인중앙의료재단중앙병원,2902,C,29,13,16,58318396,3,3,29,2026-07-25T08:55:10.009084,17,20
2026-07-25 08:54:54,mediboard,제주특별자치도,0,0,A2900007,제주대학교병원,2902,C,29,6,20,58318511,4,6,29,2026-07-25T08:55:10.009084,10,26
2026-07-25 08:54:54,mediboard,제주특별자치도,3,4,A2900002,제주특별자치도서귀포의료원,2901,C,29,14,16,58318344,5,5,29,2026-07-25T08:55:10.009084,22,25
2026-07-25 08:54:54,mediboard,제주특별자치도,3,3,A2900001,제주한라병원,2902,A,29,8,17,58318659,5,5,29,2026-07-25T08:55:10.009084,16,25
2026-07-25 08:54:54,mediboard,제주특별자치도,0,0,A2900005,한마음병원,2902,C,29,9,17,58318611,2,3,29,2026-07-25T08:55:10.009084,11,20
2026-07-25 10:43:37,mediboard,서울특별시,0,0,A1100011,가톨릭대학교여의도성모병원,1120,C,11,12,15,58327137,5,5,11,2026-07-25T10:40:10.006839,17,20
2026-07-25 10:43:37,mediboard,서울특별시,8,8,A1121013,가톨릭대학교은평성모병원,1122,C,11,19,24,58327356,3,4,11,2026-07-25T10:40:10.006839,30,36
2026-07-25 10:43:37,mediboard,서울특별시,3,3,A1100043,강동경희대학교병원,1102,A,11,3,15,58327030,4,5,11,2026-07-25T10:40:10.006839,10,23
2026-07-25 10:43:37,mediboard,서울특별시,2,2,A1100006,강북삼성병원,1123,C,11,2,15,58327350,2,3,11,2026-07-25T10:40:10.006839,6,20
2026-07-25 10:43:37,mediboard,서울특별시,4,4,A1100002,건국대학교병원,1106,C,11,8,20,58327250,3,3,11,2026-07-25T10:40:10.006839,15,27
2026-07-25 10:43:37,mediboard,서울특별시,0,0,A1100039,경찰병원,1118,D,11,2,3,58327255,2,2,11,2026-07-25T10:40:10.006839,4,5
2026-07-25 10:43:37,mediboard,서울특별시,3,3,A1100001,경희대학교병원,1111,C,11,5,15,58327192,5,5,11,2026-07-25T10:40:10.006839,13,23
2026-07-25 10:43:37,mediboard,서울특별시,2,3,A1100014,고려대학교의과대학부속구로병원,1107,A,11,17,29,58327138,5,5,11,2026-07-25T10:40:10.006839,24,37
2026-07-25 10:43:37,mediboard,서울특별시,0,0,A1100026,구로성심병원,1107,D,11,7,9,58327353,1,1,11,2026-07-25T10:40:10.006839,8,10
2026-07-25 10:43:37,mediboard,서울특별시,3,3,A1100052,국립중앙의료원,1124,C,11,12,17,58327301,8,10,11,2026-07-25T10:40:10.006839,23,30
2026-07-25 10:43:37,mediboard,서울특별시,0,0,A1122033,기쁨병원,1115,D,11,3,4,58326985,1,1,11,2026-07-25T10:40:10.006839,4,5
2026-07-25 10:43:37,mediboard,서울특별시,0,0,A1100048,노원을지대학교병원,1109,C,11,11,17,58326983,5,5,11,2026-07-25T10:40:10.006839,16,22
2026-07-25 10:43:37,mediboard,서울특별시,0,0,A1100044,녹색병원,1125,D,11,1,5,58327300,5,5,11,2026-07-25T10:40:10.006839,6,10
2026-07-25 10:43:37,mediboard,서울특별시,0,0,A1100037,대림성모병원,1120,D,11,7,8,58327141,2,2,11,2026-07-25T10:40:10.006839,9,10
2026-07-25 10:43:37,mediboard,서울특별시,0,0,A1100024,명지성모병원,1120,D,11,7,8,58326981,2,2,11,2026-07-25T10:40:10.006839,9,10
2026-07-25 10:43:37,mediboard,서울특별시,0,0,A1100036,부민병원,1104,D,11,9,10,58327354,1,1,11,2026-07-25T10:40:10.006839,10,11
2026-07-25 10:43:37,mediboard,서울특별시,1,4,A1100010,삼성서울병원,1101,C,11,5,52,58327251,3,4,11,2026-07-25T10:40:10.006839,9,60
2026-07-25 10:43:37,mediboard,서울특별시,0,0,A1100021,삼육서울병원,1111,C,11,8,13,58327252,7,7,11,2026-07-25T10:40:10.006839,15,20
2026-07-25 10:43:37,mediboard,서울특별시,9,12,A1100017,서울대학교병원,1123,A,11,-3,24,58326980,5,8,11,2026-07-25T10:40:10.006839,9,42
2026-07-25 10:43:37,mediboard,서울특별시,0,0,A1100050,서울성심병원,1111,D,11,15,17,58327256,3,3,11,2026-07-25T10:40:10.006839,18,20
2026-07-25 10:43:37,mediboard,서울특별시,0,0,A1100029,서울적십자병원,1123,D,11,10,10,58327084,1,1,11,2026-07-25T10:40:10.006839,11,11
2026-07-25 10:43:37,mediboard,서울특별시,0,0,A1100022,서울특별시동부병원,1111,D,11,8,8,58327027,2,2,11,2026-07-25T10:40:10.006839,10,10
2026-07-25 10:43:37,mediboard,서울특별시,3,3,A1100040,서울특별시보라매병원,1112,C,11,16,31,58327085,3,3,11,2026-07-25T10:40:10.006839,22,37
2026-07-25 10:43:37,mediboard,서울특별시,0,0,A1100223,서울특별시서남병원,1119,D,11,14,17,58327031,3,3,11,2026-07-25T10:40:10.006839,17,20
2026-07-25 10:43:37,mediboard,서울특별시,2,3,A1100035,서울특별시서울의료원,1125,A,11,5,19,58327254,5,5,11,2026-07-25T10:40:10.006839,12,27
2026-07-25 10:43:37,mediboard,서울특별시,0,0,A1100028,성심의료재단강동성심병원,1102,C,11,5,15,58327253,8,9,11,2026-07-25T10:40:10.006839,13,24
2026-07-25 10:43:37,mediboard,서울특별시,0,0,A1100054,성애의료재단성애병원,1120,C,11,13,15,58327302,5,11,11,2026-07-25T10:40:10.006839,18,26
2026-07-25 10:43:37,mediboard,서울특별시,0,0,A1100032,세란병원,1123,D,11,9,10,58327140,1,1,11,2026-07-25T10:40:10.006839,10,11
2026-07-25 10:43:37,mediboard,서울특별시,4,4,A1100004,순천향대학교부속서울병원,1121,C,11,11,20,58327136,3,3,11,2026-07-25T10:40:10.006839,18,27
2026-07-25 10:43:37,mediboard,서울특별시,0,0,A1100045,씨엠병원,1120,D,11,8,9,58327196,1,1,11,2026-07-25T10:40:10.006839,9,10
2026-07-25 10:43:37,mediboard,서울특별시,2,2,A1100015,연세대학교의과대학강남세브란스병원,1101,C,11,1,21,58327352,3,3,11,2026-07-25T10:40:10.006839,6,26
2026-07-25 10:43:37,mediboard,서울특별시,7,10,A1100007,연세대학교의과대학세브란스병원,1114,C,11,11,39,58327297,6,6,11,2026-07-25T10:40:10.006839,22,53
2026-07-25 10:43:37,mediboard,서울특별시,0,0,A1100025,의료법인동신의료재단동신병원,1114,D,11,7,9,58327299,1,1,11,2026-07-25T10:40:10.006839,8,10
2026-07-25 10:43:37,mediboard,서울특별시,0,0,A1100041,의료법인서울효천의료재단에이치플러스양지병원,1105,C,11,17,18,58327029,3,3,11,2026-07-25T10:40:10.006839,20,21
2026-07-25 10:43:37,mediboard,서울특별시,0,0,A1100023,의료법인청구성심병원,1122,D,11,9,10,58327028,1,1,11,2026-07-25T10:40:10.006839,10,11
2026-07-25 10:43:37,mediboard,서울특별시,0,0,A1100075,의료법인풍산의료재단동부제일병원,1125,D,11,6,7,58326984,1,1,11,2026-07-25T10:40:10.006839,7,8
2026-07-25 10:43:37,mediboard,서울특별시,2,2,A1100020,의료법인한전의료재단한일병원,1110,C,11,12,21,58327195,4,4,11,2026-07-25T10:40:10.006839,18,27
2026-07-25 10:43:37,mediboard,서울특별시,8,8,A1100005,이화여자대학교의과대학부속목동병원,1119,A,11,7,19,58327296,6,6,11,2026-07-25T10:40:10.006839,21,33
2026-07-25 10:43:37,mediboard,서울특별시,7,9,A1120796,이화여자대학교의과대학부속서울병원,1104,C,11,4,14,58327257,8,8,11,2026-07-25T10:40:10.006839,19,31
2026-07-25 10:43:37,mediboard,서울특별시,0,0,A1100016,인제대학교상계백병원,1109,C,11,5,16,58327298,4,7,11,2026-07-25T10:40:10.006839,9,23
2026-07-25 10:43:37,mediboard,서울특별시,7,14,A1100009,재단법인아산사회복지재단서울아산병원,1118,C,11,2,36,58327194,15,26,11,2026-07-25T10:40:10.006839,21,73
2026-07-25 10:43:37,mediboard,서울특별시,3,4,A1100003,중앙대학교병원,1112,C,11,5,18,58327135,0,0,11,2026-07-25T10:40:10.006839,8,22
2026-07-25 10:43:37,mediboard,서울특별시,6,9,A1100012,학교법인가톨릭학원가톨릭대학교서울성모병원,1115,C,11,-12,28,58327083,4,8,11,2026-07-25T10:40:10.006839,-4,43
2026-07-25 10:43:37,mediboard,서울특별시,4,4,A1100008,학교법인고려중앙학원고려대학교의과대학부속병원(안암병원),1117,A,11,14,30,58327193,7,9,11,2026-07-25T10:40:10.006839,25,43
2026-07-25 10:43:37,mediboard,서울특별시,0,0,A1100053,한국보훈복지의료공단중앙보훈병원,1102,C,11,12,22,58327142,3,3,11,2026-07-25T10:40:10.006839,15,25
2026-07-25 10:43:37,mediboard,서울특별시,0,0,A1100027,한국원자력의학원원자력병원,1109,D,11,7,9,58326982,3,3,11,2026-07-25T10:40:10.006839,10,12
2026-07-25 10:43:37,mediboard,서울특별시,3,3,A1100055,한림대학교강남성심병원,1120,C,11,11,20,58327198,5,5,11,2026-07-25T10:40:10.006839,19,28
2026-07-25 10:43:37,mediboard,서울특별시,0,3,A1100013,한양대학교병원,1116,A,11,14,20,58327351,8,12,11,2026-07-25T10:40:10.006839,22,35
2026-07-25 10:43:37,mediboard,서울특별시,0,0,A1100051,혜민병원,1106,D,11,9,9,58327197,1,1,11,2026-07-25T10:40:10.006839,10,10
2026-07-25 10:43:37,mediboard,서울특별시,0,0,A1100019,홍익병원,1119,D,11,8,9,58327139,1,1,11,2026-07-25T10:40:10.006839,9,10
2026-07-25 10:43:37,mediboard,서울특별시,0,0,A1100049,희명병원,1108,D,11,8,10,58327355,1,1,11,2026-07-25T10:40:10.006839,9,11
2026-07-25 10:43:37,mediboard,부산광역시,0,0,A1200028,(의)서일의료재단기장병원,1203,D,12,9,9,58327259,1,1,12,2026-07-25T10:40:10.006839,10,10
2026-07-25 10:43:37,mediboard,부산광역시,0,0,A1200004,고신대학교복음병원,1211,C,12,20,25,58327032,5,5,12,2026-07-25T10:40:10.006839,25,30
2026-07-25 10:43:37,mediboard,부산광역시,0,0,A1200045,구포성심병원,1208,D,12,2,9,58327090,0,1,12,2026-07-25T10:40:10.006839,2,10
2026-07-25 10:43:37,mediboard,부산광역시,3,3,A1200018,대동병원,1206,C,12,12,15,58327145,3,3,12,2026-07-25T10:40:10.006839,18,21
2026-07-25 10:43:37,mediboard,부산광역시,0,0,A1200015,동남권원자력의학원원자력병원,1203,D,12,3,9,58327202,1,1,12,2026-07-25T10:40:10.006839,4,10
2026-07-25 10:43:37,mediboard,부산광역시,0,0,A1200011,동래봉생병원,1206,D,12,4,8,58327305,2,2,12,2026-07-25T10:40:10.006839,6,10
2026-07-25 10:43:37,mediboard,부산광역시,3,3,A1200003,동아대학교병원,1211,A,12,15,26,58327357,7,8,12,2026-07-25T10:40:10.006839,25,37
2026-07-25 10:43:37,mediboard,부산광역시,0,0,A1200024,부산광역시의료원,1213,D,12,17,18,58327307,2,8,12,2026-07-25T10:40:10.006839,19,26
2026-07-25 10:43:37,mediboard,부산광역시,3,3,A1200002,부산대학교병원,1211,C,12,11,19,58326986,2,3,12,2026-07-25T10:40:10.006839,16,25
2026-07-25 10:43:37,mediboard,부산광역시,4,4,A1200013,부산성모병원(재단법인 천주교부산교구유지재단),1204,D,12,7,10,58327201,5,5,12,2026-07-25T10:40:10.006839,16,19
2026-07-25 10:43:37,mediboard,부산광역시,0,0,A1200007,비에이치에스한서병원,1212,C,12,14,17,58327200,3,3,12,2026-07-25T10:40:10.006839,17,20
2026-07-25 10:43:37,mediboard,부산광역시,0,0,A1200021,삼육부산병원,1211,D,12,7,9,58327088,1,1,12,2026-07-25T10:40:10.006839,8,10
2026-07-25 10:43:37,mediboard,부산광역시,0,0,A1200014,영도병원,1214,D,12,6,7,58327087,2,2,12,2026-07-25T10:40:10.006839,8,9
2026-07-25 10:43:37,mediboard,부산광역시,0,0,A1200009,의료법인 광혜의료재단 광혜병원,1206,D,12,7,9,58327304,3,3,12,2026-07-25T10:40:10.006839,10,12
2026-07-25 10:43:37,mediboard,부산광역시,0,0,A1200098,의료법인 센텀의료재단 센텀종합병원,1212,D,12,4,9,58327203,1,1,12,2026-07-25T10:40:10.006839,5,10
2026-07-25 10:43:37,mediboard,부산광역시,0,0,A1200020,의료법인 온그룹의료재단 온병원,1207,C,12,20,20,58326987,2,3,12,2026-07-25T10:40:10.006839,22,23
2026-07-25 10:43:37,mediboard,부산광역시,0,0,A1200008,의료법인 은성의료재단 좋은강안병원,1212,D,12,10,18,58327143,3,3,12,2026-07-25T10:40:10.006839,13,21
2026-07-25 10:43:37,mediboard,부산광역시,1,1,A1200005,의료법인 은성의료재단 좋은삼선병원,1209,C,12,9,13,58327086,6,6,12,2026-07-25T10:40:10.006839,16,20
2026-07-25 10:43:37,mediboard,부산광역시,0,0,A1200006,의료법인 인당의료재단 부민병원,1208,D,12,6,10,58327303,2,2,12,2026-07-25T10:40:10.006839,8,12
2026-07-25 10:43:37,mediboard,부산광역시,0,0,A1205143,의료법인 인당의료재단 해운대부민병원,1216,D,12,7,9,58327260,1,1,12,2026-07-25T10:40:10.006839,8,10
2026-07-25 10:43:37,mediboard,부산광역시,0,0,A1200012,의료법인 행도의료재단 해동병원,1214,D,12,6,6,58327033,1,1,12,2026-07-25T10:40:10.006839,7,7
2026-07-25 10:43:37,mediboard,부산광역시,0,0,A1200017,의료법인정화의료재단 봉생기념병원,1205,D,12,4,9,58327144,2,2,12,2026-07-25T10:40:10.006839,6,11
2026-07-25 10:43:37,mediboard,부산광역시,2,3,A1200022,인제대학교 해운대백병원,1216,A,12,22,29,58327258,5,5,12,2026-07-25T10:40:10.006839,29,37
2026-07-25 10:43:37,mediboard,부산광역시,0,0,A1200001,인제대학교부산백병원,1207,C,12,16,18,58327199,3,3,12,2026-07-25T10:40:10.006839,19,21
2026-07-25 10:43:37,mediboard,부산광역시,0,0,A1200023,재단법인천주교부산교구유지재단 메리놀병원,1215,D,12,5,9,58327089,1,1,12,2026-07-25T10:40:10.006839,6,10
2026-07-25 10:43:37,mediboard,부산광역시,2,2,A1200026,좋은문화병원,1205,D,12,1,7,58326989,3,3,12,2026-07-25T10:40:10.006839,6,12
2026-07-25 10:43:37,mediboard,부산광역시,0,0,A1200025,학교법인 춘해병원,1207,D,12,5,9,58326988,1,1,12,2026-07-25T10:40:10.006839,6,10
2026-07-25 10:43:37,mediboard,부산광역시,0,0,A1200019,학교법인)동의병원,1207,D,12,11,14,58327034,1,1,12,2026-07-25T10:40:10.006839,12,15
2026-07-25 10:43:37,mediboard,부산광역시,0,0,A1200016,한국보훈복지의료공단 부산보훈병원,1209,D,12,11,11,58327306,2,2,12,2026-07-25T10:40:10.006839,13,13
2026-07-25 10:43:37,mediboard,인천광역시,0,0,A1300081,(재)미리내천주성삼성직수도회천주성삼병원,1307,D,13,7,9,58327205,1,2,13,2026-07-25T10:40:10.006839,8,11
2026-07-25 10:43:37,mediboard,인천광역시,0,0,A1300018,강남종합병원,1304,D,13,14,15,58327312,1,1,13,2026-07-25T10:40:10.006839,15,16
2026-07-25 10:43:37,mediboard,인천광역시,4,4,A1300002,경북대학교병원,1308,A,13,14,27,58327308,4,5,13,2026-07-25T10:40:10.006839,22,36
2026-07-25 10:43:37,mediboard,인천광역시,0,0,A1303386,계명대학교대구동산병원,1308,D,13,7,12,58327036,2,2,13,2026-07-25T10:40:10.006839,9,14
2026-07-25 10:43:37,mediboard,인천광역시,0,0,A1300003,계명대학교동산병원,1302,C,13,-2,20,58326990,5,5,13,2026-07-25T10:40:10.006839,3,25
2026-07-25 10:43:37,mediboard,인천광역시,0,0,A1300008,곽병원,1308,D,13,9,10,58327311,2,2,13,2026-07-25T10:40:10.006839,11,12
2026-07-25 10:43:37,mediboard,인천광역시,0,0,A1300038,나사렛종합병원,1302,D,13,6,9,58327358,2,10,13,2026-07-25T10:40:10.006839,8,19
2026-07-25 10:43:37,mediboard,인천광역시,0,0,A1300004,대구가톨릭대학교병원,1301,C,13,14,24,58327092,4,4,13,2026-07-25T10:40:10.006839,18,28
2026-07-25 10:43:37,mediboard,인천광역시,0,0,A1300005,대구가톨릭대학교칠곡가톨릭병원,1305,D,13,1,9,58327309,1,1,13,2026-07-25T10:40:10.006839,2,10
2026-07-25 10:43:37,mediboard,인천광역시,0,0,A1300076,대구굿모닝병원,1306,D,13,13,17,58327313,2,2,13,2026-07-25T10:40:10.006839,15,19
2026-07-25 10:43:37,mediboard,인천광역시,0,0,A1300007,대구의료원,1306,D,13,15,18,58327310,2,2,13,2026-07-25T10:40:10.006839,17,20
2026-07-25 10:43:37,mediboard,인천광역시,4,5,A1300009,대구파티마병원,1304,C,13,9,25,58327093,7,7,13,2026-07-25T10:40:10.006839,20,37
2026-07-25 10:43:37,mediboard,인천광역시,0,0,A1300110,더블유병원,1302,D,13,0,10,58327146,1,1,13,2026-07-25T10:40:10.006839,1,11
2026-07-25 10:43:37,mediboard,인천광역시,0,0,A1300034,드림종합병원,1301,D,13,5,8,58327204,2,2,13,2026-07-25T10:40:10.006839,7,10
2026-07-25 10:43:37,mediboard,인천광역시,0,0,A1300045,삼일병원,1302,D,13,12,14,58327095,1,1,13,2026-07-25T10:40:10.006839,13,15
2026-07-25 10:43:37,mediboard,인천광역시,3,3,A1300001,영남대학교병원,1301,A,13,22,28,58327091,5,5,13,2026-07-25T10:40:10.006839,30,36
2026-07-25 10:43:37,mediboard,인천광역시,0,0,A1300006,의료법인구의료재단구병원,1302,D,13,5,10,58327035,1,1,13,2026-07-25T10:40:10.006839,6,11
2026-07-25 10:43:37,mediboard,인천광역시,9,9,A1300010,칠곡경북대학교병원,1305,C,13,14,23,58327261,4,6,13,2026-07-25T10:40:10.006839,25,36
2026-07-25 10:43:37,mediboard,인천광역시,0,0,A1300011,한국보훈복지의료공단대구보훈병원,1302,D,13,8,12,58327094,2,2,13,2026-07-25T10:40:10.006839,10,14
2026-07-25 10:43:37,mediboard,대구광역시,0,0,A1400008,(의)성세의료재단 뉴성민병원,1407,D,14,8,9,58327038,1,1,14,2026-07-25T10:40:10.006839,9,10
2026-07-25 10:43:37,mediboard,대구광역시,2,3,A1400015,가톨릭관동대학교국제성모병원,1407,C,14,12,23,58327149,5,5,14,2026-07-25T10:40:10.006839,19,31
2026-07-25 10:43:37,mediboard,대구광역시,4,4,A1400012,가톨릭대학교 인천성모병원,1406,C,14,5,19,58327263,7,8,14,2026-07-25T10:40:10.006839,16,31
2026-07-25 10:43:37,mediboard,대구광역시,0,0,A1400010,검단탑병원,1407,C,14,14,18,58326991,3,3,14,2026-07-25T10:40:10.006839,17,21
2026-07-25 10:43:37,mediboard,대구광역시,0,0,A1403617,비에스종합병원,1401,D,14,9,10,58327208,1,1,14,2026-07-25T10:40:10.006839,10,11
2026-07-25 10:43:37,mediboard,대구광역시,0,0,A1400013,안은의료재단 부평세림병원,1406,C,14,14,16,58327148,4,4,14,2026-07-25T10:40:10.006839,18,20
2026-07-25 10:43:37,mediboard,대구광역시,0,0,A1400005,온누리병원,1407,D,14,7,9,58327262,2,2,14,2026-07-25T10:40:10.006839,9,11
2026-07-25 10:43:37,mediboard,대구광역시,11,11,A1400001,의료법인 길의료재단 길병원,1404,A,14,13,25,58327314,7,7,14,2026-07-25T10:40:10.006839,29,41
2026-07-25 10:43:37,mediboard,대구광역시,0,0,A1400011,의료법인 나사렛의료재단 나사렛국제병원,1408,C,14,11,17,58326992,3,5,14,2026-07-25T10:40:10.006839,14,22
2026-07-25 10:43:37,mediboard,대구광역시,0,0,A1400003,의료법인 루가의료재단 나은병원,1407,C,14,9,11,58327037,10,10,14,2026-07-25T10:40:10.006839,19,21
2026-07-25 10:43:37,mediboard,대구광역시,0,0,A1400007,의료법인 성수의료재단 인천백병원,1405,D,14,1,5,58327147,1,1,14,2026-07-25T10:40:10.006839,2,6
2026-07-25 10:43:37,mediboard,대구광역시,0,0,A1400014,의료법인인성의료재단한림병원,1402,C,14,13,17,58327264,4,4,14,2026-07-25T10:40:10.006839,17,21
2026-07-25 10:43:37,mediboard,대구광역시,0,0,A1400017,인천광역시의료원,1405,D,14,15,15,58327040,2,2,14,2026-07-25T10:40:10.006839,17,17
2026-07-25 10:43:37,mediboard,대구광역시,0,0,A1400037,인천광역시의료원백령병원,1409,D,14,4,5,58327151,1,1,14,2026-07-25T10:40:10.006839,5,6
2026-07-25 10:43:37,mediboard,대구광역시,0,0,A1400009,인천기독병원,1410,D,14,7,8,58327039,1,1,14,2026-07-25T10:40:10.006839,8,9
2026-07-25 10:43:37,mediboard,대구광역시,0,0,A1400016,인천사랑병원,1403,C,14,10,14,58327206,7,7,14,2026-07-25T10:40:10.006839,17,21
2026-07-25 10:43:37,mediboard,대구광역시,0,0,A1403372,인천세종병원,1402,C,14,16,18,58327207,3,3,14,2026-07-25T10:40:10.006839,19,21
2026-07-25 10:43:37,mediboard,대구광역시,0,0,A1400018,인천적십자병원,1408,D,14,7,8,58327150,2,2,14,2026-07-25T10:40:10.006839,9,10
2026-07-25 10:43:37,mediboard,대구광역시,0,0,A1403871,인천힘찬종합병원,1404,D,14,15,17,58327265,3,6,14,2026-07-25T10:40:10.006839,18,23
2026-07-25 10:43:37,mediboard,대구광역시,5,9,A1400002,인하대학교의과대학부속병원,1410,A,14,4,20,58327096,8,9,14,2026-07-25T10:40:10.006839,16,36
2026-07-25 10:43:37,mediboard,대구광역시,0,0,A1400004,현대유비스병원,1403,D,14,17,18,58327315,1,1,14,2026-07-25T10:40:10.006839,18,19
2026-07-25 10:43:37,mediboard,광주광역시,7,7,A1500019,KS병원,1501,C,15,12,15,58327266,3,3,15,2026-07-25T10:40:10.006839,22,25
2026-07-25 10:43:37,mediboard,광주광역시,0,0,A1500021,광주기독병원,1502,C,15,8,20,58327267,3,6,15,2026-07-25T10:40:10.006839,11,26
2026-07-25 10:43:37,mediboard,광주광역시,0,0,A1500015,광주병원,1504,D,15,3,10,58326995,1,1,15,2026-07-25T10:40:10.006839,4,11
2026-07-25 10:43:37,mediboard,광주광역시,0,0,A1500004,광주보훈병원,1501,D,15,11,14,58327097,2,2,15,2026-07-25T10:40:10.006839,13,16
2026-07-25 10:43:37,mediboard,광주광역시,0,0,A1502007,광주센트럴병원,1501,D,15,9,10,58327319,1,1,15,2026-07-25T10:40:10.006839,10,11
2026-07-25 10:43:37,mediboard,광주광역시,0,0,A1500018,광주수완병원,1501,D,15,9,9,58326996,0,1,15,2026-07-25T10:40:10.006839,9,10
2026-07-25 10:43:37,mediboard,광주광역시,0,0,A1500009,광주씨티병원,1502,D,15,5,10,58326993,1,1,15,2026-07-25T10:40:10.006839,6,11
2026-07-25 10:43:37,mediboard,광주광역시,0,0,A1500005,광주일곡병원,1504,D,15,9,9,58327359,1,1,15,2026-07-25T10:40:10.006839,10,10
2026-07-25 10:43:37,mediboard,광주광역시,0,0,A1500016,광주한국병원,1505,D,15,14,15,58327211,1,1,15,2026-07-25T10:40:10.006839,15,16
2026-07-25 10:43:37,mediboard,광주광역시,0,0,A1500003,광주현대병원,1504,D,15,9,9,58327209,2,2,15,2026-07-25T10:40:10.006839,11,11
2026-07-25 10:43:37,mediboard,광주광역시,0,0,A1500007,광주희망병원,1504,D,15,7,9,58327041,1,1,15,2026-07-25T10:40:10.006839,8,10
2026-07-25 10:43:37,mediboard,광주광역시,0,0,A1500013,동아병원,1502,D,15,9,9,58326994,1,1,15,2026-07-25T10:40:10.006839,10,10
2026-07-25 10:43:37,mediboard,광주광역시,0,0,A1500014,미래로21병원,1505,D,15,9,9,58327210,1,1,15,2026-07-25T10:40:10.006839,10,10
2026-07-25 10:43:37,mediboard,광주광역시,0,0,A1500022,상무병원,1505,D,15,8,9,58327318,1,1,15,2026-07-25T10:40:10.006839,9,10
2026-07-25 10:43:37,mediboard,광주광역시,2,2,A1500020,서광병원,1505,C,15,17,18,58327362,3,3,15,2026-07-25T10:40:10.006839,22,23
2026-07-25 10:43:37,mediboard,광주광역시,0,0,A1500006,신가병원,1501,D,15,8,9,58327360,2,2,15,2026-07-25T10:40:10.006839,10,11
2026-07-25 10:43:37,mediboard,광주광역시,0,0,A1500010,운암한국병원,1504,D,15,8,9,58327317,1,1,15,2026-07-25T10:40:10.006839,9,10
2026-07-25 10:43:37,mediboard,광주광역시,4,4,A1500002,전남대학교병원,1503,A,15,8,28,58327316,5,7,15,2026-07-25T10:40:10.006839,17,39
2026-07-25 10:43:37,mediboard,광주광역시,4,4,A1500001,조선대학교병원,1503,A,15,13,23,58327152,5,5,15,2026-07-25T10:40:10.006839,22,32
2026-07-25 10:43:37,mediboard,광주광역시,0,0,A1500011,첨단종합병원,1501,C,15,20,22,58327361,3,3,15,2026-07-25T10:40:10.006839,23,25
2026-07-25 10:43:37,mediboard,광주광역시,0,0,A1500017,하남성심병원,1501,D,15,19,19,58327153,1,2,15,2026-07-25T10:40:10.006839,20,21
2026-07-25 10:43:37,mediboard,대전광역시,0,0,A1600004,대전보훈병원,1601,D,16,5,7,58326997,2,2,16,2026-07-25T10:40:10.006839,7,9
2026-07-25 10:43:37,mediboard,대전광역시,0,0,A1600003,대전한국병원,1602,D,16,4,9,58327154,1,1,16,2026-07-25T10:40:10.006839,5,10
2026-07-25 10:43:37,mediboard,대전광역시,0,0,A1602246,대청병원,1603,D,16,8,9,58327268,1,1,16,2026-07-25T10:40:10.006839,9,10
2026-07-25 10:43:37,mediboard,대전광역시,0,0,A1600008,의료법인영훈의료재단대전선병원,1605,C,16,10,17,58327155,4,9,16,2026-07-25T10:40:10.006839,14,26
2026-07-25 10:43:37,mediboard,대전광역시,0,0,A1600007,의료법인영훈의료재단유성선병원,1604,C,16,14,17,58327043,3,7,16,2026-07-25T10:40:10.006839,17,24
2026-07-25 10:43:37,mediboard,대전광역시,4,6,A1600001,충남대학교병원,1605,A,16,13,28,58327098,5,5,16,2026-07-25T10:40:10.006839,22,39
2026-07-25 10:43:37,mediboard,대전광역시,0,0,A1600005,학교법인가톨릭학원가톨릭대학교대전성모병원,1605,C,16,11,19,58327363,3,3,16,2026-07-25T10:40:10.006839,14,22
2026-07-25 10:43:37,mediboard,대전광역시,5,5,A1600006,학교법인건양교육재단건양대학교병원,1603,A,16,14,24,58327042,5,5,16,2026-07-25T10:40:10.006839,24,34
2026-07-25 10:43:37,mediboard,대전광역시,0,0,A1600002,학교법인을지학원대전을지대학교병원,1603,C,16,17,23,58327320,6,6,16,2026-07-25T10:40:10.006839,23,29
2026-07-25 10:43:37,mediboard,울산광역시,0,0,A1700001,서울산보람병원,1704,D,17,5,10,58327044,1,1,17,2026-07-25T10:40:10.006839,6,11
2026-07-25 10:43:37,mediboard,울산광역시,0,0,A1700003,울산병원,1701,C,17,13,19,58327212,3,3,17,2026-07-25T10:40:10.006839,16,22
2026-07-25 10:43:37,mediboard,울산광역시,0,0,A1700002,의료법인동강의료재단동강병원,1705,C,17,22,24,58327269,3,3,17,2026-07-25T10:40:10.006839,25,27
2026-07-25 10:43:37,mediboard,울산광역시,0,0,A1700025,의료법인송은의료재단울산시티병원,1703,C,17,16,17,58327213,3,3,17,2026-07-25T10:40:10.006839,19,20
2026-07-25 10:43:37,mediboard,울산광역시,0,0,A1700011,의료법인은성의료재단좋은삼정병원,1701,D,17,4,9,58327270,1,1,17,2026-07-25T10:40:10.006839,5,10
2026-07-25 10:43:37,mediboard,울산광역시,0,0,A1700028,의료법인정안의료재단중앙병원,1701,C,17,13,17,58327099,3,3,17,2026-07-25T10:40:10.006839,16,20
2026-07-25 10:43:37,mediboard,울산광역시,8,8,A1700004,학교법인울산공업학원울산대학교병원,1702,A,17,11,23,58327156,6,6,17,2026-07-25T10:40:10.006839,25,37
2026-07-25 10:43:37,mediboard,경기도,0,0,A2100019,(의)영문의료재단다보스병원,2136,C,21,11,13,58327000,7,7,21,2026-07-25T10:40:10.006839,18,20
2026-07-25 10:43:37,mediboard,경기도,0,0,A2100122,(의)효심의료재단용인서울병원,2136,D,21,9,10,58327372,0,0,21,2026-07-25T10:40:10.006839,9,10
2026-07-25 10:43:37,mediboard,경기도,0,0,A2100052,가톨릭대학교부천성모병원,2113,C,21,15,31,58327005,5,6,21,2026-07-25T10:40:10.006839,20,37
2026-07-25 10:43:37,mediboard,경기도,7,8,A2100012,가톨릭대학교성빈센트병원,2122,C,21,17,28,58327157,5,6,21,2026-07-25T10:40:10.006839,27,40
2026-07-25 10:43:37,mediboard,경기도,11,11,A2100040,가톨릭대학교의정부성모병원,2138,A,21,22,44,58327052,6,6,21,2026-07-25T10:40:10.006839,39,61
2026-07-25 10:43:37,mediboard,경기도,0,0,A2100029,강남병원,2134,C,21,13,17,58327273,3,3,21,2026-07-25T10:40:10.006839,16,20
2026-07-25 10:43:37,mediboard,경기도,0,0,A2100032,경기도의료원수원병원,2121,D,21,6,8,58327215,5,5,21,2026-07-25T10:40:10.006839,11,13
2026-07-25 10:43:37,mediboard,경기도,0,0,A2100045,경기도의료원안성병원,2126,D,21,14,14,58327216,1,5,21,2026-07-25T10:40:10.006839,15,19
2026-07-25 10:43:37,mediboard,경기도,0,0,A2100043,경기도의료원의정부병원,2138,D,21,9,10,58327368,1,1,21,2026-07-25T10:40:10.006839,10,11
2026-07-25 10:43:37,mediboard,경기도,0,0,A2100193,경기도의료원이천병원,2139,C,21,12,17,58327054,3,3,21,2026-07-25T10:40:10.006839,15,20
2026-07-25 10:43:37,mediboard,경기도,0,0,A2100035,경기도의료원파주병원,2140,C,21,11,17,58327003,3,3,21,2026-07-25T10:40:10.006839,14,20
2026-07-25 10:43:37,mediboard,경기도,0,0,A2100031,경기도의료원포천병원,2142,C,21,15,17,58327160,3,3,21,2026-07-25T10:40:10.006839,18,20
2026-07-25 10:43:37,mediboard,경기도,4,4,A2100003,고려대학교의과대학부속안산병원,2124,A,21,13,22,58327047,8,8,21,2026-07-25T10:40:10.006839,25,34
2026-07-25 10:43:37,mediboard,경기도,4,4,A2100007,광명성애병원,2106,C,21,6,11,58327322,4,5,21,2026-07-25T10:40:10.006839,14,20
2026-07-25 10:43:37,mediboard,경기도,0,0,A2100258,국군수도병원,2116,D,21,14,16,58327275,0,2,21,2026-07-25T10:40:10.006839,14,18
2026-07-25 10:43:37,mediboard,경기도,0,0,A2100049,국립암센터,2103,D,21,14,24,58327162,1,1,21,2026-07-25T10:40:10.006839,15,25
2026-07-25 10:43:37,mediboard,경기도,4,5,A2100033,국민건강보험공단일산병원,2103,A,21,18,23,58327366,5,5,21,2026-07-25T10:40:10.006839,27,33
2026-07-25 10:43:37,mediboard,경기도,0,0,A2100014,근로복지공단안산병원,2125,D,21,6,7,58327101,1,1,21,2026-07-25T10:40:10.006839,7,8
2026-07-25 10:43:37,mediboard,경기도,0,0,A2100041,남양주한양병원,2111,C,21,8,17,58327367,3,3,21,2026-07-25T10:40:10.006839,11,20
2026-07-25 10:43:37,mediboard,경기도,0,0,A2100017,대아의료재단한도병원,2124,C,21,15,17,58327102,3,3,21,2026-07-25T10:40:10.006839,18,20
2026-07-25 10:43:37,mediboard,경기도,3,3,A2100025,대진의료재단분당제생병원,2116,C,21,11,24,58327324,3,3,21,2026-07-25T10:40:10.006839,17,30
2026-07-25 10:43:37,mediboard,경기도,3,3,A2100047,동국대학교일산불교병원,2103,C,21,9,19,58327161,7,7,21,2026-07-25T10:40:10.006839,19,29
2026-07-25 10:43:37,mediboard,경기도,0,0,A2100131,메디인병원,2140,D,21,11,12,58327326,2,2,21,2026-07-25T10:40:10.006839,13,14
2026-07-25 10:43:37,mediboard,경기도,0,0,A2121142,메디필드한강병원,2136,D,21,17,17,58327331,3,3,21,2026-07-25T10:40:10.006839,20,20
2026-07-25 10:43:37,mediboard,경기도,0,0,A2100055,부천세종병원,2113,C,21,10,17,58327107,3,3,21,2026-07-25T10:40:10.006839,13,20
2026-07-25 10:43:37,mediboard,경기도,4,5,A2100001,분당서울대학교병원,2116,A,21,-22,30,58327046,5,5,21,2026-07-25T10:40:10.006839,-13,40
2026-07-25 10:43:37,mediboard,경기도,6,6,A2116806,성남시의료원,2117,C,21,14,17,58327330,6,6,21,2026-07-25T10:40:10.006839,26,29
2026-07-25 10:43:37,mediboard,경기도,0,0,A2100194,세종여주병원,2131,D,21,6,6,58327006,9,10,21,2026-07-25T10:40:10.006839,15,16
2026-07-25 10:43:37,mediboard,경기도,0,0,A2100016,순천의료재단성남정병원,2117,D,21,9,9,58327050,2,2,21,2026-07-25T10:40:10.006839,11,11
2026-07-25 10:43:37,mediboard,경기도,5,5,A2100005,순천향대학교부속부천병원,2113,A,21,8,17,58326999,2,5,21,2026-07-25T10:40:10.006839,15,27
2026-07-25 10:43:37,mediboard,경기도,13,14,A2100002,아주대학교병원,2120,A,21,21,32,58327100,11,13,21,2026-07-25T10:40:10.006839,40,54
2026-07-25 10:43:37,mediboard,경기도,0,0,A2100305,안성성모병원,2126,D,21,5,9,58327329,1,1,21,2026-07-25T10:40:10.006839,6,10
2026-07-25 10:43:37,mediboard,경기도,0,0,A2100089,양평병원,2130,D,21,8,9,58327218,1,1,21,2026-07-25T10:40:10.006839,9,10
2026-07-25 10:43:37,mediboard,경기도,0,0,A2118188,엘병원,2111,D,21,7,8,58327220,1,2,21,2026-07-25T10:40:10.006839,8,10
2026-07-25 10:43:37,mediboard,경기도,5,6,A2100020,연세대학교의과대학용인세브란스병원,2134,C,21,12,16,58327364,4,4,21,2026-07-25T10:40:10.006839,21,26
2026-07-25 10:43:37,mediboard,경기도,0,0,E2100187,연천군보건의료원,2132,D,21,9,10,58327024,0,0,21,2026-07-25T10:40:10.006839,9,10
2026-07-25 10:43:37,mediboard,경기도,0,0,A2100024,오산한국병원,2133,C,21,15,17,58327365,3,3,21,2026-07-25T10:40:10.006839,18,20
2026-07-25 10:43:37,mediboard,경기도,0,0,A2100048,원광대학교산본병원,2109,C,21,14,17,58327106,2,3,21,2026-07-25T10:40:10.006839,16,20
2026-07-25 10:43:37,mediboard,경기도,0,0,A2100013,의료법인 록향의료재단 신천연합병원,2123,D,21,9,10,58327323,1,1,21,2026-07-25T10:40:10.006839,10,11
2026-07-25 10:43:37,mediboard,경기도,0,0,A2100036,의료법인 일심의료재단 포천우리병원,2142,D,21,18,18,58327105,4,4,21,2026-07-25T10:40:10.006839,22,22
2026-07-25 10:43:37,mediboard,경기도,0,0,A2100309,의료법인갈렌의료재단박병원,2141,D,21,8,10,58327164,1,1,21,2026-07-25T10:40:10.006839,9,11
2026-07-25 10:43:37,mediboard,경기도,5,5,A2100008,의료법인남촌의료재단시화병원,2123,C,21,11,16,58327048,6,6,21,2026-07-25T10:40:10.006839,22,27
2026-07-25 10:43:37,mediboard,경기도,0,0,A2100009,의료법인녹산의료재단동수원병원,2122,C,21,10,17,58327214,3,3,21,2026-07-25T10:40:10.006839,13,20
2026-07-25 10:43:37,mediboard,경기도,0,0,A2100050,의료법인대인의료재단다니엘종합병원,2113,D,21,5,6,58327370,4,4,21,2026-07-25T10:40:10.006839,9,10
2026-07-25 10:43:37,mediboard,경기도,3,3,A2121061,의료법인덕산의료재단수원덕산병원,2119,D,21,21,24,58327373,3,3,21,2026-07-25T10:40:10.006839,27,30
2026-07-25 10:43:37,mediboard,경기도,0,0,A2117135,의료법인명인의료재단화홍병원,2119,C,21,11,15,58327109,5,5,21,2026-07-25T10:40:10.006839,16,20
2026-07-25 10:43:37,mediboard,경기도,3,3,A2100042,의료법인명지의료재단명지병원,2102,A,21,6,15,58327325,9,11,21,2026-07-25T10:40:10.006839,15,26
2026-07-25 10:43:37,mediboard,경기도,0,0,A2100022,의료법인박애의료재단박애병원,2141,D,21,9,10,58327103,1,1,21,2026-07-25T10:40:10.006839,10,11
2026-07-25 10:43:37,mediboard,경기도,0,0,A2100028,의료법인백송의료재단굿모닝병원,2141,C,21,11,19,58327104,9,9,21,2026-07-25T10:40:10.006839,20,28
2026-07-25 10:43:37,mediboard,경기도,0,0,A2100027,의료법인석경의료재단센트럴병원,2123,D,21,17,18,58327159,3,3,21,2026-07-25T10:40:10.006839,20,21
2026-07-25 10:43:37,mediboard,경기도,0,0,A2116972,의료법인성광의료재단일산차병원,2103,D,21,5,6,58327108,3,4,21,2026-07-25T10:40:10.006839,8,10
2026-07-25 10:43:37,mediboard,경기도,0,0,A2113246,의료법인양진의료재단평택성모병원,2141,C,21,13,17,58327165,3,3,21,2026-07-25T10:40:10.006839,16,20
2026-07-25 10:43:37,mediboard,경기도,0,0,A2100034,의료법인영동의료재단의정부백병원,2138,D,21,8,10,58327002,2,2,21,2026-07-25T10:40:10.006839,10,12
2026-07-25 10:43:37,mediboard,경기도,0,0,A2100053,의료법인우리의료재단김포우리병원,2110,C,21,15,22,58327217,7,7,21,2026-07-25T10:40:10.006839,22,29
2026-07-25 10:43:37,mediboard,경기도,0,0,A2115699,의료법인원광의료재단원광종합병원,2146,D,21,9,9,58327055,1,1,21,2026-07-25T10:40:10.006839,10,10
2026-07-25 10:43:37,mediboard,경기도,0,0,A2100018,의료법인은혜와감사의료재단화성중앙종합병원,2144,D,21,7,9,58327272,1,1,21,2026-07-25T10:40:10.006839,8,10
2026-07-25 10:43:37,mediboard,경기도,0,0,A2100006,의료법인인봉의료재단뉴고려병원,2110,C,21,11,14,58327321,6,6,21,2026-07-25T10:40:10.006839,17,20
2026-07-25 10:43:37,mediboard,경기도,0,0,A2100290,의료법인자인의료재단(더자인병원),2102,D,21,13,16,58327163,4,4,21,2026-07-25T10:40:10.006839,17,20
2026-07-25 10:43:37,mediboard,경기도,0,0,A2100124,의료법인칠석의료재단사랑의병원,2125,D,21,11,13,58327053,1,1,21,2026-07-25T10:40:10.006839,12,14
2026-07-25 10:43:37,mediboard,경기도,0,0,A2100175,의료법인토마스의료재단윌스기념병원,2122,D,21,17,18,58327328,3,3,21,2026-07-25T10:40:10.006839,20,21
2026-07-25 10:43:37,mediboard,경기도,0,0,A2100021,의료법인플러스의료재단단원병원,2124,D,21,14,17,58327158,3,3,21,2026-07-25T10:40:10.006839,17,20
2026-07-25 10:43:37,mediboard,경기도,0,4,A2100038,인제대학교일산백병원,2104,C,21,21,34,58327274,3,6,21,2026-07-25T10:40:10.006839,24,44
2026-07-25 10:43:37,mediboard,경기도,0,0,A2118788,중앙대학교광명병원,2106,C,21,13,21,58327007,2,3,21,2026-07-25T10:40:10.006839,15,24
2026-07-25 10:43:37,mediboard,경기도,12,13,A2100030,차의과학대학교분당차병원,2116,A,21,9,22,58327001,7,7,21,2026-07-25T10:40:10.006839,26,40
2026-07-25 10:43:37,mediboard,경기도,1,1,A2100155,참조은병원,2107,C,21,-2,9,58327327,10,10,21,2026-07-25T10:40:10.006839,9,20
2026-07-25 10:43:37,mediboard,경기도,0,0,A2100150,추병원,2138,D,21,8,12,58327219,2,2,21,2026-07-25T10:40:10.006839,10,14
2026-07-25 10:43:37,mediboard,경기도,6,6,A2117994,학교법인을지학원의정부을지대학교병원,2138,C,21,21,30,58327110,9,11,21,2026-07-25T10:40:10.006839,36,47
2026-07-25 10:43:37,mediboard,경기도,9,9,A2100046,한림대학교동탄성심병원,2147,C,21,18,32,58327369,3,3,21,2026-07-25T10:40:10.006839,30,44
2026-07-25 10:43:37,mediboard,경기도,2,3,A2100004,한림대학교성심병원,2127,A,21,10,25,58326998,11,11,21,2026-07-25T10:40:10.006839,23,39
2026-07-25 10:43:37,mediboard,경기도,0,0,A2100039,한양대학교구리병원,2108,C,21,11,18,58327051,5,5,21,2026-07-25T10:40:10.006839,16,23
2026-07-25 10:43:37,mediboard,경기도,0,0,A2100037,현대병원,2111,C,21,10,17,58327004,3,3,21,2026-07-25T10:40:10.006839,13,20
2026-07-25 10:43:37,mediboard,경기도,0,0,A2100015,효산의료재단안양샘병원,2128,C,21,13,17,58327049,3,3,21,2026-07-25T10:40:10.006839,16,20
2026-07-25 10:43:37,mediboard,경기도,0,0,A2100054,효산의료재단지샘병원,2109,C,21,17,18,58327371,4,4,21,2026-07-25T10:40:10.006839,21,22
2026-07-25 10:43:37,mediboard,강원특별자치도,3,3,A2200008,강릉아산병원,2201,A,22,9,23,58327221,5,5,22,2026-07-25T10:40:10.006839,17,31
2026-07-25 10:43:37,mediboard,강원특별자치도,3,3,A2200009,강원대학교병원,2213,C,22,9,21,58327374,5,5,22,2026-07-25T10:40:10.006839,17,29
2026-07-25 10:43:37,mediboard,강원특별자치도,0,0,A2200011,강원특별자치도강릉의료원,2201,D,22,3,5,58327167,1,1,22,2026-07-25T10:40:10.006839,4,6
2026-07-25 10:43:37,mediboard,강원특별자치도,1,1,A2200007,강원특별자치도삼척의료원,2204,C,22,14,16,58327008,3,5,22,2026-07-25T10:40:10.006839,18,22
2026-07-25 10:43:37,mediboard,강원특별자치도,0,0,A2200012,강원특별자치도속초의료원,2205,C,22,17,17,58327375,3,3,22,2026-07-25T10:40:10.006839,20,20
2026-07-25 10:43:37,mediboard,강원특별자치도,0,0,A2200002,강원특별자치도영월의료원,2208,D,22,3,9,58327056,1,1,22,2026-07-25T10:40:10.006839,4,10
2026-07-25 10:43:37,mediboard,강원특별자치도,0,0,A2200015,강원특별자치도원주의료원,2209,D,22,15,17,58327169,3,3,22,2026-07-25T10:40:10.006839,18,20
2026-07-25 10:43:37,mediboard,강원특별자치도,0,0,A2200048,근로복지공단정선병원,2211,D,22,0,5,58327112,1,1,22,2026-07-25T10:40:10.006839,1,6
2026-07-25 10:43:37,mediboard,강원특별자치도,0,0,A2200004,근로복지공단태백병원,2214,D,22,7,9,58327111,1,1,22,2026-07-25T10:40:10.006839,8,10
2026-07-25 10:43:37,mediboard,강원특별자치도,3,3,A2200001,연세대학교원주세브란스기독병원,2209,A,22,25,31,58327166,28,45,22,2026-07-25T10:40:10.006839,56,79
2026-07-25 10:43:37,mediboard,강원특별자치도,0,0,A2200005,의료법인강릉동인병원,2201,C,22,15,17,58327277,3,3,22,2026-07-25T10:40:10.006839,18,20
2026-07-25 10:43:37,mediboard,강원특별자치도,0,0,A2200003,의료법인동해동인병원,2203,D,22,7,10,58327276,1,1,22,2026-07-25T10:40:10.006839,8,11
2026-07-25 10:43:37,mediboard,강원특별자치도,0,0,A2200037,의료법인성심의료재단양구성심병원,2206,D,22,4,5,58327376,1,1,22,2026-07-25T10:40:10.006839,5,6
2026-07-25 10:43:37,mediboard,강원특별자치도,0,0,A2200024,의료법인성지의료재단성지병원,2209,D,22,6,7,58327223,1,1,22,2026-07-25T10:40:10.006839,7,8
2026-07-25 10:43:37,mediboard,강원특별자치도,0,0,A2200046,의료법인온세움의료재단온재병원,2205,D,22,7,9,58327377,1,1,22,2026-07-25T10:40:10.006839,8,10
2026-07-25 10:43:37,mediboard,강원특별자치도,0,0,A2201730,철원병원,2212,D,22,2,5,58327057,1,1,22,2026-07-25T10:40:10.006839,3,6
2026-07-25 10:43:37,mediboard,강원특별자치도,0,0,E2200026,평창군보건의료원,2215,D,22,6,6,58327133,1,1,22,2026-07-25T10:40:10.006839,7,7
2026-07-25 10:43:37,mediboard,강원특별자치도,2,3,A2200013,한림대학교춘천성심병원,2213,A,22,16,22,58327009,5,5,22,2026-07-25T10:40:10.006839,23,30
2026-07-25 10:43:37,mediboard,강원특별자치도,0,0,A2200014,홍천아산병원,2216,D,22,8,10,58327168,0,0,22,2026-07-25T10:40:10.006839,8,10
2026-07-25 10:43:37,mediboard,강원특별자치도,0,0,E2200025,화천군보건의료원,2217,D,22,7,7,58327248,1,1,22,2026-07-25T10:40:10.006839,8,8
2026-07-25 10:43:37,mediboard,강원특별자치도,0,0,A2200016,횡성대성병원,2218,D,22,8,9,58327222,1,1,22,2026-07-25T10:40:10.006839,9,10
2026-07-25 10:43:37,mediboard,충청북도,0,0,A2300010,건국대학교충주병원,2314,C,23,18,20,58327378,3,3,23,2026-07-25T10:40:10.006839,21,23
2026-07-25 10:43:37,mediboard,충청북도,0,0,E2300011,단양군보건의료원,2302,D,23,6,6,58327081,1,2,23,2026-07-25T10:40:10.006839,7,8
2026-07-25 10:43:37,mediboard,충청북도,0,0,A2300013,의료법인 건명의료재단 중앙제일병원,2309,C,23,13,17,58327278,3,5,23,2026-07-25T10:40:10.006839,16,22
2026-07-25 10:43:37,mediboard,충청북도,0,0,A2300034,의료법인대광의료재단괴산성모병원,2301,D,23,9,9,58327172,0,1,23,2026-07-25T10:40:10.006839,9,10
2026-07-25 10:43:37,mediboard,충청북도,3,3,A2300009,의료법인명지의료재단명지병원,2307,C,23,14,18,58327171,6,6,23,2026-07-25T10:40:10.006839,23,27
2026-07-25 10:43:37,mediboard,충청북도,0,0,A2300007,의료법인인화재단한국병원,2310,C,23,5,14,58327170,5,6,23,2026-07-25T10:40:10.006839,10,20
2026-07-25 10:43:37,mediboard,충청북도,0,0,A2300005,의료법인자산의료재단제천서울병원,2307,C,23,13,15,58327060,5,5,23,2026-07-25T10:40:10.006839,18,20
2026-07-25 10:43:37,mediboard,충청북도,0,0,A2300003,의료법인정산의료재단효성병원,2310,C,23,16,18,58327059,5,5,23,2026-07-25T10:40:10.006839,21,23
2026-07-25 10:43:37,mediboard,충청북도,0,0,A2300030,의료법인조윤의료재단영동병원,2304,D,23,10,10,58327279,0,0,23,2026-07-25T10:40:10.006839,10,10
2026-07-25 10:43:37,mediboard,충청북도,0,0,A2300002,의료법인한마음의료재단하나병원,2313,C,23,7,11,58327010,11,12,23,2026-07-25T10:40:10.006839,18,23
2026-07-25 10:43:37,mediboard,충청북도,0,0,A2300011,의료법인힐링의료재단옥천성모병원,2305,D,23,6,7,58327332,3,3,23,2026-07-25T10:40:10.006839,9,10
2026-07-25 10:43:37,mediboard,충청북도,0,0,A2300008,청주성모병원,2312,C,23,8,15,58327011,5,10,23,2026-07-25T10:40:10.006839,13,25
2026-07-25 10:43:37,mediboard,충청북도,7,8,A2300001,충북대학교병원,2311,A,23,27,32,58327058,5,5,23,2026-07-25T10:40:10.006839,39,45
2026-07-25 10:43:37,mediboard,충청북도,0,0,A2300006,충청북도청주의료원,2311,D,23,11,12,58327114,4,4,23,2026-07-25T10:40:10.006839,15,16
2026-07-25 10:43:37,mediboard,충청북도,0,0,A2300004,충청북도충주의료원,2314,D,23,15,18,58327113,3,3,23,2026-07-25T10:40:10.006839,18,21
2026-07-25 10:43:37,mediboard,충청남도,4,4,A2400002,단국대학교의과대학부속병원,2412,A,24,20,27,58327062,4,5,24,2026-07-25T10:40:10.006839,28,36
2026-07-25 10:43:37,mediboard,충청남도,0,0,A2400008,당진종합병원,2405,C,24,10,17,58327063,3,3,24,2026-07-25T10:40:10.006839,13,20
2026-07-25 10:43:37,mediboard,충청남도,0,4,A2400003,서산중앙병원,2408,C,24,14,17,58327012,3,3,24,2026-07-25T10:40:10.006839,17,24
2026-07-25 10:43:37,mediboard,충청남도,0,0,A2402257,아산충무병원,2410,C,24,9,13,58327379,8,8,24,2026-07-25T10:40:10.006839,17,21
2026-07-25 10:43:37,mediboard,충청남도,0,0,A2400044,의료법인 서해병원,2409,D,24,5,5,58327064,2,2,24,2026-07-25T10:40:10.006839,7,7
2026-07-25 10:43:37,mediboard,충청남도,0,0,A2400004,의료법인 예당의료재단 예산종합병원,2411,D,24,5,6,58327224,1,1,24,2026-07-25T10:40:10.006839,6,7
2026-07-25 10:43:37,mediboard,충청남도,0,0,A2400009,의료법인백제병원,2404,C,24,14,20,58327014,3,3,24,2026-07-25T10:40:10.006839,17,23
2026-07-25 10:43:37,mediboard,충청남도,0,0,A2400012,의료법인영서의료재단천안충무병원,2413,C,24,13,16,58327173,5,5,24,2026-07-25T10:40:10.006839,18,21
2026-07-25 10:43:37,mediboard,충청남도,0,0,A2400011,재단법인아산사회복지재단보령아산병원,2406,C,24,16,17,58327115,3,3,24,2026-07-25T10:40:10.006839,19,20
2026-07-25 10:43:37,mediboard,충청남도,0,0,E2400032,청양군보건의료원,2414,D,24,3,6,58327190,1,1,24,2026-07-25T10:40:10.006839,4,7
2026-07-25 10:43:37,mediboard,충청남도,0,0,A2400010,충청남도공주의료원,2402,D,24,12,15,58327015,1,1,24,2026-07-25T10:40:10.006839,13,16
2026-07-25 10:43:37,mediboard,충청남도,0,0,A2400006,충청남도서산의료원,2408,C,24,10,17,58327013,3,3,24,2026-07-25T10:40:10.006839,13,20
2026-07-25 10:43:37,mediboard,충청남도,0,0,A2400005,충청남도천안의료원,2412,D,24,6,12,58327280,1,2,24,2026-07-25T10:40:10.006839,7,14
2026-07-25 10:43:37,mediboard,충청남도,1,1,A2400007,충청남도홍성의료원,2416,C,24,14,18,58327333,3,3,24,2026-07-25T10:40:10.006839,18,22
2026-07-25 10:43:37,mediboard,충청남도,0,0,E2400033,태안군보건의료원,2415,D,24,9,10,58327025,1,1,24,2026-07-25T10:40:10.006839,10,11
2026-07-25 10:43:37,mediboard,충청남도,0,0,A2400038,학교법인건양교육재단건양대학교부여병원,2407,D,24,9,9,58327174,1,1,24,2026-07-25T10:40:10.006839,10,10
2026-07-25 10:43:37,mediboard,충청남도,15,18,A2400001,학교법인동은학원순천향대학교부속천안병원,2412,A,24,8,22,58327061,9,11,24,2026-07-25T10:40:10.006839,28,47
2026-07-25 10:43:37,mediboard,충청남도,0,0,A2400039,현대병원,2410,D,24,10,10,58327281,1,1,24,2026-07-25T10:40:10.006839,11,11
2026-07-25 10:43:37,mediboard,전북특별자치도,0,0,A2500038,김제우석병원,2503,D,25,10,10,58327016,1,1,25,2026-07-25T10:40:10.006839,11,11
2026-07-25 10:43:37,mediboard,전북특별자치도,0,0,A2500056,대자인병원,2512,C,25,20,33,58327176,3,3,25,2026-07-25T10:40:10.006839,23,36
2026-07-25 10:43:37,mediboard,전북특별자치도,0,0,E2500019,무주군보건의료원,2505,D,25,4,4,58327348,1,1,25,2026-07-25T10:40:10.006839,5,5
2026-07-25 10:43:37,mediboard,전북특별자치도,0,0,A2500010,부안성모병원,2506,D,25,9,10,58327283,2,2,25,2026-07-25T10:40:10.006839,11,12
2026-07-25 10:43:37,mediboard,전북특별자치도,3,3,A2502742,새강병원,2513,D,25,12,14,58327382,3,3,25,2026-07-25T10:40:10.006839,18,20
2026-07-25 10:43:37,mediboard,전북특별자치도,0,0,E2500021,순창군보건의료원,2507,D,25,7,9,58327082,1,1,25,2026-07-25T10:40:10.006839,8,10
2026-07-25 10:43:37,mediboard,전북특별자치도,3,3,A2500001,원광대학교병원,2509,A,25,11,28,58327380,4,5,25,2026-07-25T10:40:10.006839,18,36
2026-07-25 10:43:37,mediboard,전북특별자치도,0,0,A2500011,의료법인대산의료재단익산병원,2509,C,25,9,17,58327175,3,3,25,2026-07-25T10:40:10.006839,12,20
2026-07-25 10:43:37,mediboard,전북특별자치도,0,0,A2500009,의료법인석천재단고창병원,2501,D,25,8,10,58327334,1,1,25,2026-07-25T10:40:10.006839,9,11
2026-07-25 10:43:37,mediboard,전북특별자치도,0,0,A2500005,의료법인영경의료재단전주병원,2513,C,25,13,17,58327226,3,3,25,2026-07-25T10:40:10.006839,16,20
2026-07-25 10:43:37,mediboard,전북특별자치도,0,0,A2501890,의료법인영경의료재단호성전주병원,2512,D,25,8,9,58327116,1,1,25,2026-07-25T10:40:10.006839,9,10
2026-07-25 10:43:37,mediboard,전북특별자치도,0,0,A2500012,의료법인오성의료재단동군산병원,2502,C,25,15,17,58327381,6,6,25,2026-07-25T10:40:10.006839,21,23
2026-07-25 10:43:37,mediboard,전북특별자치도,0,0,E2500022,임실군보건의료원,2510,D,25,4,4,58327349,1,1,25,2026-07-25T10:40:10.006839,5,5
2026-07-25 10:43:37,mediboard,전북특별자치도,0,0,E2500020,장수군보건의료원,2511,D,25,5,5,58327191,1,1,25,2026-07-25T10:40:10.006839,6,6
2026-07-25 10:43:37,mediboard,전북특별자치도,0,0,A2500008,재단법인 아산사회복지재단 정읍아산병원,2514,C,25,12,17,58327066,3,3,25,2026-07-25T10:40:10.006839,15,20
2026-07-25 10:43:37,mediboard,전북특별자치도,10,12,A2500006,재단법인예수병원유지재단예수병원,2513,C,25,23,38,58327065,4,5,25,2026-07-25T10:40:10.006839,36,53
2026-07-25 10:43:37,mediboard,전북특별자치도,4,5,A2500002,전북대학교병원,2512,A,25,16,36,58327282,7,7,25,2026-07-25T10:40:10.006839,27,48
2026-07-25 10:43:37,mediboard,전북특별자치도,0,0,A2500007,전북특별자치도군산의료원,2502,C,25,13,17,58327227,3,3,25,2026-07-25T10:40:10.006839,16,20
2026-07-25 10:43:37,mediboard,전북특별자치도,0,0,A2500004,전북특별자치도남원의료원,2504,C,25,12,17,58327225,3,3,25,2026-07-25T10:40:10.006839,15,20
2026-07-25 10:43:37,mediboard,전북특별자치도,0,0,A2502031,진안군의료원,2515,D,25,-1,6,58327284,2,2,25,2026-07-25T10:40:10.006839,1,8
2026-07-25 10:43:37,mediboard,전라남도,0,0,A2600029,곡성사랑병원,2603,D,26,5,5,58327286,1,1,26,2026-07-25T10:40:10.006839,6,6
2026-07-25 10:43:37,mediboard,전라남도,0,0,A2600006,광양사랑병원,2604,D,26,7,9,58327018,1,1,26,2026-07-25T10:40:10.006839,8,10
2026-07-25 10:43:37,mediboard,전라남도,0,0,A2600061,구례병원,2605,D,26,10,10,58327337,0,0,26,2026-07-25T10:40:10.006839,10,10
2026-07-25 10:43:37,mediboard,전라남도,0,0,A2600016,나주종합병원,2606,D,26,8,10,58327229,0,0,26,2026-07-25T10:40:10.006839,8,10
2026-07-25 10:43:37,mediboard,전라남도,0,0,A2600054,담양사랑병원,2607,D,26,5,6,58327233,2,2,26,2026-07-25T10:40:10.006839,7,8
2026-07-25 10:43:37,mediboard,전라남도,0,0,A2600003,대송의료재단무안병원,2609,D,26,4,4,58327335,1,1,26,2026-07-25T10:40:10.006839,5,5
2026-07-25 10:43:37,mediboard,전라남도,0,0,A2600020,목포기독병원,2608,D,26,11,17,58327068,3,3,26,2026-07-25T10:40:10.006839,14,20
2026-07-25 10:43:37,mediboard,전라남도,0,0,A2600022,목포시의료원,2608,D,26,7,9,58327386,1,1,26,2026-07-25T10:40:10.006839,8,10
2026-07-25 10:43:37,mediboard,전라남도,3,3,A2600011,목포한국병원,2608,A,26,11,18,58327177,5,5,26,2026-07-25T10:40:10.006839,19,26
2026-07-25 10:43:37,mediboard,전라남도,0,0,A2600052,보성아산병원,2610,D,26,7,8,58327390,1,1,26,2026-07-25T10:40:10.006839,8,9
2026-07-25 10:43:37,mediboard,전라남도,0,0,A2602211,빛가람종합병원,2606,D,26,7,9,58327120,1,1,26,2026-07-25T10:40:10.006839,8,10
2026-07-25 10:43:37,mediboard,전라남도,4,4,A2600019,성가롤로병원,2611,A,26,8,18,58327230,5,5,26,2026-07-25T10:40:10.006839,17,27
2026-07-25 10:43:37,mediboard,전라남도,0,0,A2600008,순천제일병원,2611,D,26,9,9,58327285,1,1,26,2026-07-25T10:40:10.006839,10,10
2026-07-25 10:43:37,mediboard,전라남도,0,0,A2600004,순천중앙병원,2611,D,26,5,5,58327228,1,1,26,2026-07-25T10:40:10.006839,6,6
2026-07-25 10:43:37,mediboard,전라남도,0,0,A2600010,여수전남병원,2613,D,26,6,10,58327384,1,1,26,2026-07-25T10:40:10.006839,7,11
2026-07-25 10:43:37,mediboard,전라남도,0,0,A2600014,여천전남병원,2613,C,26,14,17,58327067,3,3,26,2026-07-25T10:40:10.006839,17,20
2026-07-25 10:43:37,mediboard,전라남도,0,0,A2600015,영광종합병원,2614,D,26,8,10,58327336,3,3,26,2026-07-25T10:40:10.006839,11,13
2026-07-25 10:43:37,mediboard,전라남도,0,0,A2600070,영암한국병원,2615,D,26,8,8,58327338,0,1,26,2026-07-25T10:40:10.006839,8,9
2026-07-25 10:43:37,mediboard,전라남도,0,0,A2600032,완도대성병원,2616,D,26,3,5,58327179,1,1,26,2026-07-25T10:40:10.006839,4,6
2026-07-25 10:43:37,mediboard,전라남도,0,0,A2600034,의료법인 거명의료재단 영광기독병원,2614,D,26,10,10,58327232,1,1,26,2026-07-25T10:40:10.006839,11,11
2026-07-25 10:43:37,mediboard,전라남도,0,0,A2600017,의료법인목포구암의료재단목포중앙병원,2608,C,26,11,16,58327118,4,4,26,2026-07-25T10:40:10.006839,15,20
2026-07-25 10:43:37,mediboard,전라남도,0,0,A2600066,의료법인삼호의료재단벌교삼호병원,2610,D,26,6,6,58327070,1,1,26,2026-07-25T10:40:10.006839,7,7
2026-07-25 10:43:37,mediboard,전라남도,0,0,A2600051,의료법인신안대우병원,2612,D,26,4,4,58327389,1,1,26,2026-07-25T10:40:10.006839,5,5
2026-07-25 10:43:37,mediboard,전라남도,0,0,A2600018,의료법인영성의료재단고흥종합병원,2602,D,26,10,10,58327178,0,0,26,2026-07-25T10:40:10.006839,10,10
2026-07-25 10:43:37,mediboard,전라남도,0,0,A2600021,의료법인우범의료재단장흥종합병원,2618,D,26,9,9,58327385,1,1,26,2026-07-25T10:40:10.006839,10,10
2026-07-25 10:43:37,mediboard,전라남도,0,0,A2600068,의료법인장호의료재단녹동현대병원,2602,D,26,2,3,58327234,2,2,26,2026-07-25T10:40:10.006839,4,5
2026-07-25 10:43:37,mediboard,전라남도,0,0,A2600005,의료법인한국의료재단한국병원,2611,D,26,9,11,58327017,1,1,26,2026-07-25T10:40:10.006839,10,12
2026-07-25 10:43:37,mediboard,전라남도,0,0,A2600027,의료법인한마음의료재단여수제일병원,2613,D,26,6,9,58327231,1,1,26,2026-07-25T10:40:10.006839,7,10
2026-07-25 10:43:37,mediboard,전라남도,0,0,A2600035,의료법인행복나눔의료재단장성병원,2617,D,26,4,4,58327119,1,1,26,2026-07-25T10:40:10.006839,5,5
2026-07-25 10:43:37,mediboard,전라남도,0,0,A2600009,의료법인행촌의료재단해남종합병원,2621,D,26,8,10,58327383,1,1,26,2026-07-25T10:40:10.006839,9,11
2026-07-25 10:43:37,mediboard,전라남도,0,0,A2600024,의료법인현경의료재단광양서울병원,2604,D,26,9,9,58327387,1,1,26,2026-07-25T10:40:10.006839,10,10
2026-07-25 10:43:37,mediboard,전라남도,0,0,A2600037,장흥우리병원,2618,D,26,4,4,58327069,1,1,26,2026-07-25T10:40:10.006839,5,5
2026-07-25 10:43:37,mediboard,전라남도,0,0,A2600050,전라남도강진의료원,2601,D,26,7,9,58327287,1,1,26,2026-07-25T10:40:10.006839,8,10
2026-07-25 10:43:37,mediboard,전라남도,0,0,A2600056,전라남도순천의료원,2611,D,26,5,6,58327391,2,2,26,2026-07-25T10:40:10.006839,7,8
2026-07-25 10:43:37,mediboard,전라남도,0,0,A2600040,진도한국병원,2619,D,26,4,4,58327388,1,1,26,2026-07-25T10:40:10.006839,5,5
2026-07-25 10:43:37,mediboard,전라남도,0,0,A2600077,해남우리종합병원,2621,D,26,14,15,58327071,4,4,26,2026-07-25T10:40:10.006839,18,19
2026-07-25 10:43:37,mediboard,전라남도,1,1,A2600001,화순전남대학교병원,2622,C,26,14,16,58327117,7,7,26,2026-07-25T10:40:10.006839,22,24
2026-07-25 10:43:37,mediboard,경상북도,0,0,A2700018,경상북도김천의료원,2706,D,27,11,17,58327240,1,1,27,2026-07-25T10:40:10.006839,12,18
2026-07-25 10:43:37,mediboard,경상북도,0,0,A2700001,경상북도안동의료원,2711,D,27,5,6,58327019,2,2,27,2026-07-25T10:40:10.006839,7,8
2026-07-25 10:43:37,mediboard,경상북도,0,0,A2700005,경상북도포항의료원,2724,D,27,4,8,58327235,2,2,27,2026-07-25T10:40:10.006839,6,10
2026-07-25 10:43:37,mediboard,경상북도,0,0,A2700097,계명대학교경주동산병원,2702,D,27,7,9,58327288,1,1,27,2026-07-25T10:40:10.006839,8,10
2026-07-25 10:43:37,mediboard,경상북도,0,0,A2700015,구미강동병원,2704,D,27,6,7,58327239,3,3,27,2026-07-25T10:40:10.006839,9,10
2026-07-25 10:43:37,mediboard,경상북도,3,3,A2700003,동국대학교의과대학경주병원,2702,C,27,11,16,58327339,7,7,27,2026-07-25T10:40:10.006839,21,26
2026-07-25 10:43:37,mediboard,경상북도,0,0,A2700011,상주적십자병원,2709,D,27,9,9,58327392,1,1,27,2026-07-25T10:40:10.006839,10,10
2026-07-25 10:43:37,mediboard,경상북도,4,4,A2700013,순천향대학교부속구미병원,2704,C,27,8,13,58327123,3,3,27,2026-07-25T10:40:10.006839,15,20
2026-07-25 10:43:37,mediboard,경상북도,0,0,A2700004,안동성소병원,2711,C,27,5,12,58327020,7,8,27,2026-07-25T10:40:10.006839,12,20
2026-07-25 10:43:37,mediboard,경상북도,0,0,A2700008,에스포항병원,2723,D,27,3,6,58327237,1,1,27,2026-07-25T10:40:10.006839,4,7
2026-07-25 10:43:37,mediboard,경상북도,0,0,A2700017,영남대학교의과대학부속영천병원,2715,D,27,7,10,58327181,3,3,27,2026-07-25T10:40:10.006839,10,13
2026-07-25 10:43:37,mediboard,경상북도,0,0,A2700031,영주기독병원,2714,D,27,3,4,58327073,1,1,27,2026-07-25T10:40:10.006839,4,5
2026-07-25 10:43:37,mediboard,경상북도,0,0,A2700020,영주자인병원,2714,D,27,4,4,58327182,1,1,27,2026-07-25T10:40:10.006839,5,5
2026-07-25 10:43:37,mediboard,경상북도,0,0,A2702752,영주적십자병원,2714,D,27,4,10,58327125,1,1,27,2026-07-25T10:40:10.006839,5,11
2026-07-25 10:43:37,mediboard,경상북도,0,0,E2700553,울릉군보건의료원,2717,D,27,4,5,58327026,0,0,27,2026-07-25T10:40:10.006839,4,5
2026-07-25 10:43:37,mediboard,경상북도,0,0,A2700052,울진군의료원,2718,D,27,7,8,58327075,2,2,27,2026-07-25T10:40:10.006839,9,10
2026-07-25 10:43:37,mediboard,경상북도,0,0,A2700019,의)근원의료재단경산중앙병원,2701,D,27,10,10,58327072,2,2,27,2026-07-25T10:40:10.006839,12,12
2026-07-25 10:43:37,mediboard,경상북도,0,0,A2700038,의료법인대남의료재단청도대남병원,2720,D,27,10,10,58327393,0,0,27,2026-07-25T10:40:10.006839,10,10
2026-07-25 10:43:37,mediboard,경상북도,0,0,A2700012,의료법인덕산의료재단김천제일병원,2706,C,27,11,16,58327238,4,4,27,2026-07-25T10:40:10.006839,15,20
2026-07-25 10:43:37,mediboard,경상북도,0,0,A2700006,의료법인동춘의료재단문경제일병원,2707,C,27,16,17,58327236,2,3,27,2026-07-25T10:40:10.006839,18,20
2026-07-25 10:43:37,mediboard,경상북도,0,0,A2700009,의료법인삼백의료재단상주성모병원,2709,D,27,7,9,58327340,1,1,27,2026-07-25T10:40:10.006839,8,10
2026-07-25 10:43:37,mediboard,경상북도,0,0,A2700036,의료법인서명의료재단세명종합병원,2701,D,27,10,13,58327074,2,2,27,2026-07-25T10:40:10.006839,12,15
2026-07-25 10:43:37,mediboard,경상북도,0,0,A2700023,의료법인서준의료재단예천권병원,2716,D,27,6,6,58327124,1,1,27,2026-07-25T10:40:10.006839,7,7
2026-07-25 10:43:37,mediboard,경상북도,0,3,A2700014,의료법인안동병원,2711,A,27,8,17,58327021,4,5,27,2026-07-25T10:40:10.006839,12,25
2026-07-25 10:43:37,mediboard,경상북도,0,0,A2700070,의료법인영암의료재단고령영생병원,2703,D,27,5,5,58327184,1,1,27,2026-07-25T10:40:10.006839,6,6
2026-07-25 10:43:37,mediboard,경상북도,0,0,A2700063,의료법인영제의료재단영남제일병원,2719,D,27,4,5,58327183,1,1,27,2026-07-25T10:40:10.006839,5,6
2026-07-25 10:43:37,mediboard,경상북도,0,0,A2702563,의료법인은성의료재단좋은선린병원,2724,D,27,8,10,58327185,2,2,27,2026-07-25T10:40:10.006839,10,12
2026-07-25 10:43:37,mediboard,경상북도,5,5,A2700007,차의과학대학교부속구미차병원,2704,A,27,8,20,58327122,6,12,27,2026-07-25T10:40:10.006839,19,37
2026-07-25 10:43:37,mediboard,경상북도,0,0,E2700554,청송군보건의료원,2721,D,27,5,5,58327249,1,1,27,2026-07-25T10:40:10.006839,6,6
2026-07-25 10:43:37,mediboard,경상북도,11,11,A2700016,포항성모병원,2723,A,27,15,20,58327180,5,15,27,2026-07-25T10:40:10.006839,31,46
2026-07-25 10:43:37,mediboard,경상북도,0,0,A2700002,포항세명기독병원,2723,C,27,5,15,58327121,10,10,27,2026-07-25T10:40:10.006839,15,25
2026-07-25 10:43:37,mediboard,경상남도,0,0,A2800032,강병원,2803,D,28,9,9,58327291,1,1,28,2026-07-25T10:40:10.006839,10,10
2026-07-25 10:43:37,mediboard,경상남도,0,0,A2803677,강일병원,2804,D,28,8,8,58327130,3,3,28,2026-07-25T10:40:10.006839,11,11
2026-07-25 10:43:37,mediboard,경상남도,0,0,A2800076,거창적십자병원,2802,D,28,9,9,58327294,1,1,28,2026-07-25T10:40:10.006839,10,10
2026-07-25 10:43:37,mediboard,경상남도,3,3,A2800001,경상국립대학교병원,2811,A,28,21,30,58327341,5,5,28,2026-07-25T10:40:10.006839,29,38
2026-07-25 10:43:37,mediboard,경상남도,0,0,A2800025,경상남도마산의료원,2813,D,28,10,13,58327128,2,2,28,2026-07-25T10:40:10.006839,12,15
2026-07-25 10:43:37,mediboard,경상남도,0,0,A2800113,밀양병원,2806,D,28,7,8,58327346,1,1,28,2026-07-25T10:40:10.006839,8,9
2026-07-25 10:43:37,mediboard,경상남도,0,0,A2800084,반도병원,2811,D,28,4,7,58327246,1,1,28,2026-07-25T10:40:10.006839,5,8
2026-07-25 10:43:37,mediboard,경상남도,0,0,A2800019,베데스다복음병원,2809,D,28,8,9,58327343,1,1,28,2026-07-25T10:40:10.006839,9,10
2026-07-25 10:43:37,mediboard,경상남도,0,0,E2800380,산청군보건의료원,2808,D,28,5,5,58327134,1,1,28,2026-07-25T10:40:10.006839,6,6
2026-07-25 10:43:37,mediboard,경상남도,0,0,A2800055,삼성합천병원,2822,D,28,4,4,58327292,1,1,28,2026-07-25T10:40:10.006839,5,5
2026-07-25 10:43:37,mediboard,경상남도,0,0,A2800101,삼천포제일병원,2807,D,28,8,8,58327129,2,2,28,2026-07-25T10:40:10.006839,10,10
2026-07-25 10:43:37,mediboard,경상남도,0,0,A2800092,새통영병원,2818,D,28,7,9,58327078,1,1,28,2026-07-25T10:40:10.006839,8,10
2026-07-25 10:43:37,mediboard,경상남도,5,10,A2800011,양산부산대학교병원,2809,A,28,14,23,58327186,8,8,28,2026-07-25T10:40:10.006839,25,39
2026-07-25 10:43:37,mediboard,경상남도,0,0,A2804593,양산성모병원,2809,D,28,11,13,58327131,1,1,28,2026-07-25T10:40:10.006839,12,14
2026-07-25 10:43:37,mediboard,경상남도,0,0,A2800021,연세에스병원,2817,D,28,9,9,58327077,1,1,28,2026-07-25T10:40:10.006839,10,10
2026-07-25 10:43:37,mediboard,경상남도,0,0,A2800090,의령병원,2810,D,28,3,4,58327188,1,1,28,2026-07-25T10:40:10.006839,4,5
2026-07-25 10:43:37,mediboard,경상남도,0,0,A2800008,의료법인 거붕 백병원,2801,D,28,3,9,58327242,1,1,28,2026-07-25T10:40:10.006839,4,10
2026-07-25 10:43:37,mediboard,경상남도,0,0,A2800005,의료법인 대우의료재단대우병원,2801,D,28,7,9,58327022,1,1,28,2026-07-25T10:40:10.006839,8,10
2026-07-25 10:43:37,mediboard,경상남도,0,0,A2800015,의료법인 문병욱의료재단 진주고려병원,2811,D,28,10,10,58327342,1,1,28,2026-07-25T10:40:10.006839,11,11
2026-07-25 10:43:37,mediboard,경상남도,0,0,A2800022,의료법인 성념의료재단맑은샘병원,2801,D,28,9,9,58327394,1,1,28,2026-07-25T10:40:10.006839,10,10
2026-07-25 10:43:37,mediboard,경상남도,0,0,A2800094,의료법인 이도의료재단 남해병원,2805,D,28,8,8,58327189,2,2,28,2026-07-25T10:40:10.006839,10,10
2026-07-25 10:43:37,mediboard,경상남도,0,0,A2800014,의료법인갑을의료재단 갑을장유병원,2804,D,28,4,9,58327244,1,1,28,2026-07-25T10:40:10.006839,5,10
2026-07-25 10:43:37,mediboard,경상남도,0,0,A2800006,의료법인숭인의료재단 김해복음병원,2804,C,28,15,16,58327289,4,4,28,2026-07-25T10:40:10.006839,19,20
2026-07-25 10:43:37,mediboard,경상남도,0,0,A2800068,의료법인승연의료재단 삼천포서울병원,2807,D,28,8,9,58327293,1,1,28,2026-07-25T10:40:10.006839,9,10
2026-07-25 10:43:37,mediboard,경상남도,0,0,A2800009,의료법인청아의료재단청아병원,2814,D,28,8,9,58327243,1,1,28,2026-07-25T10:40:10.006839,9,10
2026-07-25 10:43:37,mediboard,경상남도,0,0,A2800017,의료법인합포의료재단에스엠지연세병원,2813,C,28,14,17,58327187,3,3,28,2026-07-25T10:40:10.006839,17,20
2026-07-25 10:43:37,mediboard,경상남도,0,0,A2800010,의료법인환명의료재단 조은금강병원,2804,C,28,11,17,58327127,3,3,28,2026-07-25T10:40:10.006839,14,20
2026-07-25 10:43:37,mediboard,경상남도,0,0,A2800003,제일병원,2811,C,28,12,17,58327126,3,3,28,2026-07-25T10:40:10.006839,15,20
2026-07-25 10:43:37,mediboard,경상남도,0,0,A2800037,진주복음병원,2811,D,28,8,9,58327023,1,1,28,2026-07-25T10:40:10.006839,9,10
2026-07-25 10:43:37,mediboard,경상남도,0,0,A2803505,창원경상국립대학교병원,2815,C,28,14,18,58327079,3,10,28,2026-07-25T10:40:10.006839,17,28
2026-07-25 10:43:37,mediboard,경상남도,0,0,A2800004,창원파티마병원,2816,C,28,6,17,58327241,3,3,28,2026-07-25T10:40:10.006839,9,20
2026-07-25 10:43:37,mediboard,경상남도,0,0,A2800007,창원한마음병원,2816,C,28,8,21,58327290,4,4,28,2026-07-25T10:40:10.006839,12,25
2026-07-25 10:43:37,mediboard,경상남도,0,0,A2800062,태황의료재단한성병원,2812,D,28,9,9,58327345,1,1,28,2026-07-25T10:40:10.006839,10,10
2026-07-25 10:43:37,mediboard,경상남도,8,8,A2800020,학교법인성균관대학삼성창원병원,2814,A,28,20,27,58327076,5,5,28,2026-07-25T10:40:10.006839,33,40
2026-07-25 10:43:37,mediboard,경상남도,0,0,A2800043,한일병원,2811,C,28,12,17,58327344,3,3,28,2026-07-25T10:40:10.006839,15,20
2026-07-25 10:43:37,mediboard,경상남도,0,0,A2800080,함양성심병원,2821,D,28,4,4,58327245,1,1,28,2026-07-25T10:40:10.006839,5,5
2026-07-25 10:43:37,mediboard,제주특별자치도,0,0,A2900003,의료법인 혜인의료재단 한국병원,2902,D,29,5,9,58327295,1,1,29,2026-07-25T10:40:10.006839,6,10
2026-07-25 10:43:37,mediboard,제주특별자치도,1,1,A2900006,의료법인중앙의료재단중앙병원,2902,C,29,8,16,58327132,3,3,29,2026-07-25T10:40:10.006839,12,20
2026-07-25 10:43:37,mediboard,제주특별자치도,0,0,A2900007,제주대학교병원,2902,C,29,1,20,58327247,4,6,29,2026-07-25T10:40:10.006839,5,26
2026-07-25 10:43:37,mediboard,제주특별자치도,4,4,A2900002,제주특별자치도서귀포의료원,2901,C,29,14,16,58327080,5,5,29,2026-07-25T10:40:10.006839,23,25
2026-07-25 10:43:37,mediboard,제주특별자치도,2,3,A2900001,제주한라병원,2902,A,29,10,17,58327395,5,5,29,2026-07-25T10:40:10.006839,17,25
2026-07-25 10:43:37,mediboard,제주특별자치도,0,0,A2900005,한마음병원,2902,C,29,8,17,58327347,2,3,29,2026-07-25T10:40:10.006839,10,20
2026-07-25 13:55:20,mediboard,서울특별시,0,0,A1100011,가톨릭대학교여의도성모병원,1120,C,11,9,15,58343361,5,5,11,2026-07-25T13:55:10.005225,14,20
2026-07-25 13:55:20,mediboard,서울특별시,8,8,A1121013,가톨릭대학교은평성모병원,1122,C,11,7,24,58343580,4,4,11,2026-07-25T13:55:10.005225,19,36
2026-07-25 13:55:20,mediboard,서울특별시,3,3,A1100043,강동경희대학교병원,1102,A,11,8,15,58343254,1,5,11,2026-07-25T13:55:10.005225,12,23
2026-07-25 13:55:20,mediboard,서울특별시,2,2,A1100006,강북삼성병원,1123,C,11,-3,15,58343574,2,3,11,2026-07-25T13:55:10.005225,1,20
2026-07-25 13:55:20,mediboard,서울특별시,3,4,A1100002,건국대학교병원,1106,C,11,5,20,58343474,3,3,11,2026-07-25T13:55:10.005225,11,27
2026-07-25 13:55:20,mediboard,서울특별시,0,0,A1100039,경찰병원,1118,D,11,2,3,58343479,2,2,11,2026-07-25T13:55:10.005225,4,5
2026-07-25 13:55:20,mediboard,서울특별시,2,3,A1100001,경희대학교병원,1111,C,11,6,15,58343416,4,5,11,2026-07-25T13:55:10.005225,12,23
2026-07-25 13:55:20,mediboard,서울특별시,2,3,A1100014,고려대학교의과대학부속구로병원,1107,A,11,3,29,58343362,4,5,11,2026-07-25T13:55:10.005225,9,37
2026-07-25 13:55:20,mediboard,서울특별시,0,0,A1100026,구로성심병원,1107,D,11,6,9,58343577,1,1,11,2026-07-25T13:55:10.005225,7,10
2026-07-25 13:55:20,mediboard,서울특별시,3,3,A1100052,국립중앙의료원,1124,C,11,14,17,58343525,10,10,11,2026-07-25T13:55:10.005225,27,30
2026-07-25 13:55:20,mediboard,서울특별시,0,0,A1122033,기쁨병원,1115,D,11,0,4,58343209,1,1,11,2026-07-25T13:55:10.005225,1,5
2026-07-25 13:55:20,mediboard,서울특별시,0,0,A1100048,노원을지대학교병원,1109,C,11,15,17,58343207,5,5,11,2026-07-25T13:55:10.005225,20,22
2026-07-25 13:55:20,mediboard,서울특별시,0,0,A1100044,녹색병원,1125,D,11,4,5,58343524,5,5,11,2026-07-25T13:55:10.005225,9,10
2026-07-25 13:55:20,mediboard,서울특별시,0,0,A1100037,대림성모병원,1120,D,11,8,8,58343365,2,2,11,2026-07-25T13:55:10.005225,10,10
2026-07-25 13:55:20,mediboard,서울특별시,0,0,A1100024,명지성모병원,1120,D,11,7,8,58343205,2,2,11,2026-07-25T13:55:10.005225,9,10
2026-07-25 13:55:20,mediboard,서울특별시,0,0,A1100036,부민병원,1104,D,11,9,10,58343578,1,1,11,2026-07-25T13:55:10.005225,10,11
2026-07-25 13:55:20,mediboard,서울특별시,4,4,A1100010,삼성서울병원,1101,C,11,-8,52,58343475,3,4,11,2026-07-25T13:55:10.005225,-1,60
2026-07-25 13:55:20,mediboard,서울특별시,0,0,A1100021,삼육서울병원,1111,C,11,12,13,58343476,5,7,11,2026-07-25T13:55:10.005225,17,20
2026-07-25 13:55:20,mediboard,서울특별시,10,12,A1100017,서울대학교병원,1123,A,11,-3,24,58343204,6,8,11,2026-07-25T13:55:10.005225,11,42
2026-07-25 13:55:20,mediboard,서울특별시,0,0,A1100050,서울성심병원,1111,D,11,16,17,58343480,3,3,11,2026-07-25T13:55:10.005225,19,20
2026-07-25 13:55:20,mediboard,서울특별시,0,0,A1100029,서울적십자병원,1123,D,11,8,10,58343308,1,1,11,2026-07-25T13:55:10.005225,9,11
2026-07-25 13:55:20,mediboard,서울특별시,0,0,A1100022,서울특별시동부병원,1111,D,11,7,8,58343251,2,2,11,2026-07-25T13:55:10.005225,9,10
2026-07-25 13:55:20,mediboard,서울특별시,3,3,A1100040,서울특별시보라매병원,1112,C,11,9,31,58343309,3,3,11,2026-07-25T13:55:10.005225,15,37
2026-07-25 13:55:20,mediboard,서울특별시,0,0,A1100223,서울특별시서남병원,1119,D,11,14,17,58343255,3,3,11,2026-07-25T13:55:10.005225,17,20
2026-07-25 13:55:20,mediboard,서울특별시,2,3,A1100035,서울특별시서울의료원,1125,A,11,9,19,58343478,5,5,11,2026-07-25T13:55:10.005225,16,27
2026-07-25 13:55:20,mediboard,서울특별시,0,0,A1100028,성심의료재단강동성심병원,1102,C,11,4,15,58343477,7,9,11,2026-07-25T13:55:10.005225,11,24
2026-07-25 13:55:20,mediboard,서울특별시,0,0,A1100054,성애의료재단성애병원,1120,C,11,11,15,58343526,4,11,11,2026-07-25T13:55:10.005225,15,26
2026-07-25 13:55:20,mediboard,서울특별시,0,0,A1100032,세란병원,1123,D,11,5,10,58343364,1,1,11,2026-07-25T13:55:10.005225,6,11
2026-07-25 13:55:20,mediboard,서울특별시,3,4,A1100004,순천향대학교부속서울병원,1121,C,11,15,20,58343360,3,3,11,2026-07-25T13:55:10.005225,21,27
2026-07-25 13:55:20,mediboard,서울특별시,0,0,A1100045,씨엠병원,1120,D,11,8,9,58343420,1,1,11,2026-07-25T13:55:10.005225,9,10
2026-07-25 13:55:20,mediboard,서울특별시,1,2,A1100015,연세대학교의과대학강남세브란스병원,1101,C,11,4,21,58343576,2,3,11,2026-07-25T13:55:10.005225,7,26
2026-07-25 13:55:20,mediboard,서울특별시,3,10,A1100007,연세대학교의과대학세브란스병원,1114,C,11,4,39,58343521,6,6,11,2026-07-25T13:55:10.005225,11,53
2026-07-25 13:55:20,mediboard,서울특별시,0,0,A1100025,의료법인동신의료재단동신병원,1114,D,11,9,9,58343523,1,1,11,2026-07-25T13:55:10.005225,10,10
2026-07-25 13:55:20,mediboard,서울특별시,0,0,A1100041,의료법인서울효천의료재단에이치플러스양지병원,1105,C,11,18,18,58343253,3,3,11,2026-07-25T13:55:10.005225,21,21
2026-07-25 13:55:20,mediboard,서울특별시,0,0,A1100023,의료법인청구성심병원,1122,D,11,6,10,58343252,1,1,11,2026-07-25T13:55:10.005225,7,11
2026-07-25 13:55:20,mediboard,서울특별시,0,0,A1100075,의료법인풍산의료재단동부제일병원,1125,D,11,7,7,58343208,1,1,11,2026-07-25T13:55:10.005225,8,8
2026-07-25 13:55:20,mediboard,서울특별시,2,2,A1100020,의료법인한전의료재단한일병원,1110,C,11,4,21,58343419,4,4,11,2026-07-25T13:55:10.005225,10,27
2026-07-25 13:55:20,mediboard,서울특별시,8,8,A1100005,이화여자대학교의과대학부속목동병원,1119,A,11,10,19,58343520,6,6,11,2026-07-25T13:55:10.005225,24,33
2026-07-25 13:55:20,mediboard,서울특별시,7,9,A1120796,이화여자대학교의과대학부속서울병원,1104,C,11,-8,14,58343481,7,8,11,2026-07-25T13:55:10.005225,6,31
2026-07-25 13:55:20,mediboard,서울특별시,0,0,A1100016,인제대학교상계백병원,1109,C,11,4,16,58343522,4,7,11,2026-07-25T13:55:10.005225,8,23
2026-07-25 13:55:20,mediboard,서울특별시,8,14,A1100009,재단법인아산사회복지재단서울아산병원,1118,C,11,4,36,58343418,11,26,11,2026-07-25T13:55:10.005225,20,73
2026-07-25 13:55:20,mediboard,서울특별시,4,4,A1100003,중앙대학교병원,1112,C,11,12,18,58343359,0,0,11,2026-07-25T13:55:10.005225,16,22
2026-07-25 13:55:20,mediboard,서울특별시,5,9,A1100012,학교법인가톨릭학원가톨릭대학교서울성모병원,1115,C,11,-7,28,58343307,6,8,11,2026-07-25T13:55:10.005225,2,43
2026-07-25 13:55:20,mediboard,서울특별시,3,4,A1100008,학교법인고려중앙학원고려대학교의과대학부속병원(안암병원),1117,A,11,16,30,58343417,6,9,11,2026-07-25T13:55:10.005225,25,43
2026-07-25 13:55:20,mediboard,서울특별시,0,0,A1100053,한국보훈복지의료공단중앙보훈병원,1102,C,11,10,22,58343366,3,3,11,2026-07-25T13:55:10.005225,13,25
2026-07-25 13:55:20,mediboard,서울특별시,0,0,A1100027,한국원자력의학원원자력병원,1109,D,11,7,9,58343206,3,3,11,2026-07-25T13:55:10.005225,10,12
2026-07-25 13:55:20,mediboard,서울특별시,3,3,A1100055,한림대학교강남성심병원,1120,C,11,18,20,58343422,5,5,11,2026-07-25T13:55:10.005225,26,28
2026-07-25 13:55:20,mediboard,서울특별시,1,3,A1100013,한양대학교병원,1116,A,11,8,20,58343575,6,12,11,2026-07-25T13:55:10.005225,15,35
2026-07-25 13:55:20,mediboard,서울특별시,0,0,A1100051,혜민병원,1106,D,11,9,9,58343421,1,1,11,2026-07-25T13:55:10.005225,10,10
2026-07-25 13:55:20,mediboard,서울특별시,0,0,A1100019,홍익병원,1119,D,11,2,9,58343363,1,1,11,2026-07-25T13:55:10.005225,3,10
2026-07-25 13:55:20,mediboard,서울특별시,0,0,A1100049,희명병원,1108,D,11,7,10,58343579,1,1,11,2026-07-25T13:55:10.005225,8,11
2026-07-25 13:55:20,mediboard,부산광역시,0,0,A1200028,(의)서일의료재단기장병원,1203,D,12,9,9,58343483,1,1,12,2026-07-25T13:55:10.005225,10,10
2026-07-25 13:55:20,mediboard,부산광역시,0,0,A1200004,고신대학교복음병원,1211,C,12,22,25,58343256,5,5,12,2026-07-25T13:55:10.005225,27,30
2026-07-25 13:55:20,mediboard,부산광역시,0,0,A1200045,구포성심병원,1208,D,12,3,9,58343314,1,1,12,2026-07-25T13:55:10.005225,4,10
2026-07-25 13:55:20,mediboard,부산광역시,3,3,A1200018,대동병원,1206,C,12,11,15,58343369,2,3,12,2026-07-25T13:55:10.005225,16,21
2026-07-25 13:55:20,mediboard,부산광역시,0,0,A1200015,동남권원자력의학원원자력병원,1203,D,12,5,9,58343426,1,1,12,2026-07-25T13:55:10.005225,6,10
2026-07-25 13:55:20,mediboard,부산광역시,0,0,A1200011,동래봉생병원,1206,D,12,4,8,58343529,2,2,12,2026-07-25T13:55:10.005225,6,10
2026-07-25 13:55:20,mediboard,부산광역시,3,3,A1200003,동아대학교병원,1211,A,12,15,26,58343581,5,8,12,2026-07-25T13:55:10.005225,23,37
2026-07-25 13:55:20,mediboard,부산광역시,0,0,A1200024,부산광역시의료원,1213,D,12,17,18,58343531,2,8,12,2026-07-25T13:55:10.005225,19,26
2026-07-25 13:55:20,mediboard,부산광역시,3,3,A1200002,부산대학교병원,1211,C,12,9,19,58343210,3,3,12,2026-07-25T13:55:10.005225,15,25
2026-07-25 13:55:20,mediboard,부산광역시,4,4,A1200013,부산성모병원(재단법인 천주교부산교구유지재단),1204,D,12,9,10,58343425,5,5,12,2026-07-25T13:55:10.005225,18,19
2026-07-25 13:55:20,mediboard,부산광역시,0,0,A1200007,비에이치에스한서병원,1212,C,12,13,17,58343424,3,3,12,2026-07-25T13:55:10.005225,16,20
2026-07-25 13:55:20,mediboard,부산광역시,0,0,A1200021,삼육부산병원,1211,D,12,6,9,58343312,1,1,12,2026-07-25T13:55:10.005225,7,10
2026-07-25 13:55:20,mediboard,부산광역시,0,0,A1200014,영도병원,1214,D,12,6,7,58343311,2,2,12,2026-07-25T13:55:10.005225,8,9
2026-07-25 13:55:20,mediboard,부산광역시,0,0,A1200009,의료법인 광혜의료재단 광혜병원,1206,D,12,8,9,58343528,3,3,12,2026-07-25T13:55:10.005225,11,12
2026-07-25 13:55:20,mediboard,부산광역시,0,0,A1200098,의료법인 센텀의료재단 센텀종합병원,1212,D,12,7,9,58343427,1,1,12,2026-07-25T13:55:10.005225,8,10
2026-07-25 13:55:20,mediboard,부산광역시,0,0,A1200020,의료법인 온그룹의료재단 온병원,1207,C,12,16,20,58343211,3,3,12,2026-07-25T13:55:10.005225,19,23
2026-07-25 13:55:20,mediboard,부산광역시,0,0,A1200008,의료법인 은성의료재단 좋은강안병원,1212,D,12,13,18,58343367,3,3,12,2026-07-25T13:55:10.005225,16,21
2026-07-25 13:55:20,mediboard,부산광역시,1,1,A1200005,의료법인 은성의료재단 좋은삼선병원,1209,C,12,11,13,58343310,4,6,12,2026-07-25T13:55:10.005225,16,20
2026-07-25 13:55:20,mediboard,부산광역시,0,0,A1200006,의료법인 인당의료재단 부민병원,1208,D,12,9,10,58343527,2,2,12,2026-07-25T13:55:10.005225,11,12
2026-07-25 13:55:20,mediboard,부산광역시,0,0,A1205143,의료법인 인당의료재단 해운대부민병원,1216,D,12,7,9,58343484,1,1,12,2026-07-25T13:55:10.005225,8,10
2026-07-25 13:55:20,mediboard,부산광역시,0,0,A1200012,의료법인 행도의료재단 해동병원,1214,D,12,4,6,58343257,1,1,12,2026-07-25T13:55:10.005225,5,7
2026-07-25 13:55:20,mediboard,부산광역시,0,0,A1200017,의료법인정화의료재단 봉생기념병원,1205,D,12,4,9,58343368,2,2,12,2026-07-25T13:55:10.005225,6,11
2026-07-25 13:55:20,mediboard,부산광역시,1,3,A1200022,인제대학교 해운대백병원,1216,A,12,19,29,58343482,5,5,12,2026-07-25T13:55:10.005225,25,37
2026-07-25 13:55:20,mediboard,부산광역시,0,0,A1200001,인제대학교부산백병원,1207,C,12,10,18,58343423,3,3,12,2026-07-25T13:55:10.005225,13,21
2026-07-25 13:55:20,mediboard,부산광역시,0,0,A1200023,재단법인천주교부산교구유지재단 메리놀병원,1215,D,12,4,9,58343313,1,1,12,2026-07-25T13:55:10.005225,5,10
2026-07-25 13:55:20,mediboard,부산광역시,2,2,A1200026,좋은문화병원,1205,D,12,4,7,58343213,3,3,12,2026-07-25T13:55:10.005225,9,12
2026-07-25 13:55:20,mediboard,부산광역시,0,0,A1200025,학교법인 춘해병원,1207,D,12,7,9,58343212,1,1,12,2026-07-25T13:55:10.005225,8,10
2026-07-25 13:55:20,mediboard,부산광역시,0,0,A1200019,학교법인)동의병원,1207,D,12,9,14,58343258,1,1,12,2026-07-25T13:55:10.005225,10,15
2026-07-25 13:55:20,mediboard,부산광역시,0,0,A1200016,한국보훈복지의료공단 부산보훈병원,1209,D,12,10,11,58343530,2,2,12,2026-07-25T13:55:10.005225,12,13
2026-07-25 13:55:20,mediboard,인천광역시,0,0,A1300081,(재)미리내천주성삼성직수도회천주성삼병원,1307,D,13,6,9,58343429,1,2,13,2026-07-25T13:55:10.005225,7,11
2026-07-25 13:55:20,mediboard,인천광역시,0,0,A1300018,강남종합병원,1304,D,13,13,15,58343536,1,1,13,2026-07-25T13:55:10.005225,14,16
2026-07-25 13:55:20,mediboard,인천광역시,4,4,A1300002,경북대학교병원,1308,A,13,7,27,58343532,5,5,13,2026-07-25T13:55:10.005225,16,36
2026-07-25 13:55:20,mediboard,인천광역시,0,0,A1303386,계명대학교대구동산병원,1308,D,13,6,12,58343260,2,2,13,2026-07-25T13:55:10.005225,8,14
2026-07-25 13:55:20,mediboard,인천광역시,0,0,A1300003,계명대학교동산병원,1302,C,13,-1,20,58343214,5,5,13,2026-07-25T13:55:10.005225,4,25
2026-07-25 13:55:20,mediboard,인천광역시,0,0,A1300008,곽병원,1308,D,13,6,10,58343535,2,2,13,2026-07-25T13:55:10.005225,8,12
2026-07-25 13:55:20,mediboard,인천광역시,0,0,A1300038,나사렛종합병원,1302,D,13,8,9,58343582,3,10,13,2026-07-25T13:55:10.005225,11,19
2026-07-25 13:55:20,mediboard,인천광역시,0,0,A1300004,대구가톨릭대학교병원,1301,C,13,11,24,58343316,4,4,13,2026-07-25T13:55:10.005225,15,28
2026-07-25 13:55:20,mediboard,인천광역시,0,0,A1300005,대구가톨릭대학교칠곡가톨릭병원,1305,D,13,8,9,58343533,1,1,13,2026-07-25T13:55:10.005225,9,10
2026-07-25 13:55:20,mediboard,인천광역시,0,0,A1300076,대구굿모닝병원,1306,D,13,14,17,58343537,2,2,13,2026-07-25T13:55:10.005225,16,19
2026-07-25 13:55:20,mediboard,인천광역시,0,0,A1300007,대구의료원,1306,D,13,16,18,58343534,2,2,13,2026-07-25T13:55:10.005225,18,20
2026-07-25 13:55:20,mediboard,인천광역시,4,5,A1300009,대구파티마병원,1304,C,13,12,25,58343317,7,7,13,2026-07-25T13:55:10.005225,23,37
2026-07-25 13:55:20,mediboard,인천광역시,0,0,A1300110,더블유병원,1302,D,13,0,10,58343370,1,1,13,2026-07-25T13:55:10.005225,1,11
2026-07-25 13:55:20,mediboard,인천광역시,0,0,A1300034,드림종합병원,1301,D,13,4,8,58343428,2,2,13,2026-07-25T13:55:10.005225,6,10
2026-07-25 13:55:20,mediboard,인천광역시,0,0,A1300045,삼일병원,1302,D,13,7,14,58343319,1,1,13,2026-07-25T13:55:10.005225,8,15
2026-07-25 13:55:20,mediboard,인천광역시,3,3,A1300001,영남대학교병원,1301,A,13,24,28,58343315,5,5,13,2026-07-25T13:55:10.005225,32,36
2026-07-25 13:55:20,mediboard,인천광역시,0,0,A1300006,의료법인구의료재단구병원,1302,D,13,3,10,58343259,1,1,13,2026-07-25T13:55:10.005225,4,11
2026-07-25 13:55:20,mediboard,인천광역시,4,9,A1300010,칠곡경북대학교병원,1305,C,13,11,23,58343485,6,6,13,2026-07-25T13:55:10.005225,19,36
2026-07-25 13:55:20,mediboard,인천광역시,0,0,A1300011,한국보훈복지의료공단대구보훈병원,1302,D,13,10,12,58343318,2,2,13,2026-07-25T13:55:10.005225,12,14
2026-07-25 13:55:20,mediboard,대구광역시,0,0,A1400008,(의)성세의료재단 뉴성민병원,1407,D,14,9,9,58343262,1,1,14,2026-07-25T13:55:10.005225,10,10
2026-07-25 13:55:20,mediboard,대구광역시,2,3,A1400015,가톨릭관동대학교국제성모병원,1407,C,14,10,23,58343373,4,5,14,2026-07-25T13:55:10.005225,16,31
2026-07-25 13:55:20,mediboard,대구광역시,4,4,A1400012,가톨릭대학교 인천성모병원,1406,C,14,3,19,58343487,4,8,14,2026-07-25T13:55:10.005225,11,31
2026-07-25 13:55:20,mediboard,대구광역시,0,0,A1400010,검단탑병원,1407,C,14,13,18,58343215,3,3,14,2026-07-25T13:55:10.005225,16,21
2026-07-25 13:55:20,mediboard,대구광역시,0,0,A1403617,비에스종합병원,1401,D,14,7,10,58343432,1,1,14,2026-07-25T13:55:10.005225,8,11
2026-07-25 13:55:20,mediboard,대구광역시,0,0,A1400013,안은의료재단 부평세림병원,1406,C,14,13,16,58343372,4,4,14,2026-07-25T13:55:10.005225,17,20
2026-07-25 13:55:20,mediboard,대구광역시,0,0,A1400005,온누리병원,1407,D,14,9,9,58343486,2,2,14,2026-07-25T13:55:10.005225,11,11
2026-07-25 13:55:20,mediboard,대구광역시,9,11,A1400001,의료법인 길의료재단 길병원,1404,A,14,8,25,58343538,6,7,14,2026-07-25T13:55:10.005225,21,41
2026-07-25 13:55:20,mediboard,대구광역시,0,0,A1400011,의료법인 나사렛의료재단 나사렛국제병원,1408,C,14,15,17,58343216,3,5,14,2026-07-25T13:55:10.005225,18,22
2026-07-25 13:55:20,mediboard,대구광역시,0,0,A1400003,의료법인 루가의료재단 나은병원,1407,C,14,5,11,58343261,10,10,14,2026-07-25T13:55:10.005225,15,21
2026-07-25 13:55:20,mediboard,대구광역시,0,0,A1400007,의료법인 성수의료재단 인천백병원,1405,D,14,4,5,58343371,1,1,14,2026-07-25T13:55:10.005225,5,6
2026-07-25 13:55:20,mediboard,대구광역시,0,0,A1400014,의료법인인성의료재단한림병원,1402,C,14,11,17,58343488,3,4,14,2026-07-25T13:55:10.005225,14,21
2026-07-25 13:55:20,mediboard,대구광역시,0,0,A1400017,인천광역시의료원,1405,D,14,14,15,58343264,2,2,14,2026-07-25T13:55:10.005225,16,17
2026-07-25 13:55:20,mediboard,대구광역시,0,0,A1400037,인천광역시의료원백령병원,1409,D,14,4,5,58343375,1,1,14,2026-07-25T13:55:10.005225,5,6
2026-07-25 13:55:20,mediboard,대구광역시,0,0,A1400009,인천기독병원,1410,D,14,8,8,58343263,1,1,14,2026-07-25T13:55:10.005225,9,9
2026-07-25 13:55:20,mediboard,대구광역시,0,0,A1400016,인천사랑병원,1403,C,14,7,14,58343430,6,7,14,2026-07-25T13:55:10.005225,13,21
2026-07-25 13:55:20,mediboard,대구광역시,0,0,A1403372,인천세종병원,1402,C,14,9,18,58343431,3,3,14,2026-07-25T13:55:10.005225,12,21
2026-07-25 13:55:20,mediboard,대구광역시,0,0,A1400018,인천적십자병원,1408,D,14,4,8,58343374,2,2,14,2026-07-25T13:55:10.005225,6,10
2026-07-25 13:55:20,mediboard,대구광역시,0,0,A1403871,인천힘찬종합병원,1404,D,14,13,17,58343489,3,6,14,2026-07-25T13:55:10.005225,16,23
2026-07-25 13:55:20,mediboard,대구광역시,7,9,A1400002,인하대학교의과대학부속병원,1410,A,14,4,20,58343320,7,9,14,2026-07-25T13:55:10.005225,17,36
2026-07-25 13:55:20,mediboard,대구광역시,0,0,A1400004,현대유비스병원,1403,D,14,16,18,58343539,1,1,14,2026-07-25T13:55:10.005225,17,19
2026-07-25 13:55:20,mediboard,광주광역시,7,7,A1500019,KS병원,1501,C,15,7,15,58343490,3,3,15,2026-07-25T13:55:10.005225,17,25
2026-07-25 13:55:20,mediboard,광주광역시,0,0,A1500021,광주기독병원,1502,C,15,7,20,58343491,3,6,15,2026-07-25T13:55:10.005225,10,26
2026-07-25 13:55:20,mediboard,광주광역시,0,0,A1500015,광주병원,1504,D,15,3,10,58343219,1,1,15,2026-07-25T13:55:10.005225,4,11
2026-07-25 13:55:20,mediboard,광주광역시,0,0,A1500004,광주보훈병원,1501,D,15,13,14,58343321,2,2,15,2026-07-25T13:55:10.005225,15,16
2026-07-25 13:55:20,mediboard,광주광역시,0,0,A1502007,광주센트럴병원,1501,D,15,10,10,58343543,1,1,15,2026-07-25T13:55:10.005225,11,11
2026-07-25 13:55:20,mediboard,광주광역시,0,0,A1500018,광주수완병원,1501,D,15,9,9,58343220,0,1,15,2026-07-25T13:55:10.005225,9,10
2026-07-25 13:55:20,mediboard,광주광역시,0,0,A1500009,광주씨티병원,1502,D,15,8,10,58343217,1,1,15,2026-07-25T13:55:10.005225,9,11
2026-07-25 13:55:20,mediboard,광주광역시,0,0,A1500005,광주일곡병원,1504,D,15,6,9,58343583,1,1,15,2026-07-25T13:55:10.005225,7,10
2026-07-25 13:55:20,mediboard,광주광역시,0,0,A1500016,광주한국병원,1505,D,15,9,15,58343435,1,1,15,2026-07-25T13:55:10.005225,10,16
2026-07-25 13:55:20,mediboard,광주광역시,0,0,A1500003,광주현대병원,1504,D,15,6,9,58343433,2,2,15,2026-07-25T13:55:10.005225,8,11
2026-07-25 13:55:20,mediboard,광주광역시,0,0,A1500007,광주희망병원,1504,D,15,8,9,58343265,1,1,15,2026-07-25T13:55:10.005225,9,10
2026-07-25 13:55:20,mediboard,광주광역시,0,0,A1500013,동아병원,1502,D,15,3,9,58343218,1,1,15,2026-07-25T13:55:10.005225,4,10
2026-07-25 13:55:20,mediboard,광주광역시,0,0,A1500014,미래로21병원,1505,D,15,8,9,58343434,1,1,15,2026-07-25T13:55:10.005225,9,10
2026-07-25 13:55:20,mediboard,광주광역시,0,0,A1500022,상무병원,1505,D,15,8,9,58343542,1,1,15,2026-07-25T13:55:10.005225,9,10
2026-07-25 13:55:20,mediboard,광주광역시,2,2,A1500020,서광병원,1505,C,15,16,18,58343586,3,3,15,2026-07-25T13:55:10.005225,21,23
2026-07-25 13:55:20,mediboard,광주광역시,0,0,A1500006,신가병원,1501,D,15,8,9,58343584,2,2,15,2026-07-25T13:55:10.005225,10,11
2026-07-25 13:55:20,mediboard,광주광역시,0,0,A1500010,운암한국병원,1504,D,15,4,9,58343541,1,1,15,2026-07-25T13:55:10.005225,5,10
2026-07-25 13:55:20,mediboard,광주광역시,4,4,A1500002,전남대학교병원,1503,A,15,8,28,58343540,4,7,15,2026-07-25T13:55:10.005225,16,39
2026-07-25 13:55:20,mediboard,광주광역시,4,4,A1500001,조선대학교병원,1503,A,15,6,23,58343376,5,5,15,2026-07-25T13:55:10.005225,15,32
2026-07-25 13:55:20,mediboard,광주광역시,0,0,A1500011,첨단종합병원,1501,C,15,15,22,58343585,3,3,15,2026-07-25T13:55:10.005225,18,25
2026-07-25 13:55:20,mediboard,광주광역시,0,0,A1500017,하남성심병원,1501,D,15,18,19,58343377,1,2,15,2026-07-25T13:55:10.005225,19,21
2026-07-25 13:55:20,mediboard,대전광역시,0,0,A1600004,대전보훈병원,1601,D,16,6,7,58343221,2,2,16,2026-07-25T13:55:10.005225,8,9
2026-07-25 13:55:20,mediboard,대전광역시,0,0,A1600003,대전한국병원,1602,D,16,7,9,58343378,1,1,16,2026-07-25T13:55:10.005225,8,10
2026-07-25 13:55:20,mediboard,대전광역시,0,0,A1602246,대청병원,1603,D,16,6,9,58343492,1,1,16,2026-07-25T13:55:10.005225,7,10
2026-07-25 13:55:20,mediboard,대전광역시,0,0,A1600008,의료법인영훈의료재단대전선병원,1605,C,16,12,17,58343379,4,9,16,2026-07-25T13:55:10.005225,16,26
2026-07-25 13:55:20,mediboard,대전광역시,0,0,A1600007,의료법인영훈의료재단유성선병원,1604,C,16,14,17,58343267,3,7,16,2026-07-25T13:55:10.005225,17,24
2026-07-25 13:55:20,mediboard,대전광역시,6,6,A1600001,충남대학교병원,1605,A,16,4,28,58343322,5,5,16,2026-07-25T13:55:10.005225,15,39
2026-07-25 13:55:20,mediboard,대전광역시,0,0,A1600005,학교법인가톨릭학원가톨릭대학교대전성모병원,1605,C,16,10,19,58343587,2,3,16,2026-07-25T13:55:10.005225,12,22
2026-07-25 13:55:20,mediboard,대전광역시,4,5,A1600006,학교법인건양교육재단건양대학교병원,1603,A,16,11,24,58343266,5,5,16,2026-07-25T13:55:10.005225,20,34
2026-07-25 13:55:20,mediboard,대전광역시,0,0,A1600002,학교법인을지학원대전을지대학교병원,1603,C,16,17,23,58343544,6,6,16,2026-07-25T13:55:10.005225,23,29
2026-07-25 13:55:20,mediboard,울산광역시,0,0,A1700001,서울산보람병원,1704,D,17,8,10,58343268,1,1,17,2026-07-25T13:55:10.005225,9,11
2026-07-25 13:55:20,mediboard,울산광역시,0,0,A1700003,울산병원,1701,C,17,11,19,58343436,3,3,17,2026-07-25T13:55:10.005225,14,22
2026-07-25 13:55:20,mediboard,울산광역시,0,0,A1700002,의료법인동강의료재단동강병원,1705,C,17,16,24,58343493,3,3,17,2026-07-25T13:55:10.005225,19,27
2026-07-25 13:55:20,mediboard,울산광역시,0,0,A1700025,의료법인송은의료재단울산시티병원,1703,C,17,11,17,58343437,3,3,17,2026-07-25T13:55:10.005225,14,20
2026-07-25 13:55:20,mediboard,울산광역시,0,0,A1700011,의료법인은성의료재단좋은삼정병원,1701,D,17,4,9,58343494,1,1,17,2026-07-25T13:55:10.005225,5,10
2026-07-25 13:55:20,mediboard,울산광역시,0,0,A1700028,의료법인정안의료재단중앙병원,1701,C,17,11,17,58343323,2,3,17,2026-07-25T13:55:10.005225,13,20
2026-07-25 13:55:20,mediboard,울산광역시,8,8,A1700004,학교법인울산공업학원울산대학교병원,1702,A,17,7,23,58343380,6,6,17,2026-07-25T13:55:10.005225,21,37
2026-07-25 13:55:20,mediboard,경기도,0,0,A2100019,(의)영문의료재단다보스병원,2136,C,21,9,13,58343224,7,7,21,2026-07-25T13:55:10.005225,16,20
2026-07-25 13:55:20,mediboard,경기도,0,0,A2100122,(의)효심의료재단용인서울병원,2136,D,21,9,10,58343596,0,0,21,2026-07-25T13:55:10.005225,9,10
2026-07-25 13:55:20,mediboard,경기도,0,0,A2100052,가톨릭대학교부천성모병원,2113,C,21,16,31,58343229,6,6,21,2026-07-25T13:55:10.005225,22,37
2026-07-25 13:55:20,mediboard,경기도,8,8,A2100012,가톨릭대학교성빈센트병원,2122,C,21,11,28,58343381,6,6,21,2026-07-25T13:55:10.005225,23,40
2026-07-25 13:55:20,mediboard,경기도,11,11,A2100040,가톨릭대학교의정부성모병원,2138,A,21,7,44,58343276,6,6,21,2026-07-25T13:55:10.005225,24,61
2026-07-25 13:55:20,mediboard,경기도,0,0,A2100029,강남병원,2134,C,21,9,17,58343497,3,3,21,2026-07-25T13:55:10.005225,12,20
2026-07-25 13:55:20,mediboard,경기도,0,0,A2100032,경기도의료원수원병원,2121,D,21,5,8,58343439,5,5,21,2026-07-25T13:55:10.005225,10,13
2026-07-25 13:55:20,mediboard,경기도,0,0,A2100045,경기도의료원안성병원,2126,D,21,14,14,58343440,1,5,21,2026-07-25T13:55:10.005225,15,19
2026-07-25 13:55:20,mediboard,경기도,0,0,A2100043,경기도의료원의정부병원,2138,D,21,10,10,58343592,1,1,21,2026-07-25T13:55:10.005225,11,11
2026-07-25 13:55:20,mediboard,경기도,0,0,A2100193,경기도의료원이천병원,2139,C,21,11,17,58343278,3,3,21,2026-07-25T13:55:10.005225,14,20
2026-07-25 13:55:20,mediboard,경기도,0,0,A2100035,경기도의료원파주병원,2140,C,21,13,17,58343227,3,3,21,2026-07-25T13:55:10.005225,16,20
2026-07-25 13:55:20,mediboard,경기도,0,0,A2100031,경기도의료원포천병원,2142,C,21,14,17,58343384,3,3,21,2026-07-25T13:55:10.005225,17,20
2026-07-25 13:55:20,mediboard,경기도,4,4,A2100003,고려대학교의과대학부속안산병원,2124,A,21,12,22,58343271,7,8,21,2026-07-25T13:55:10.005225,23,34
2026-07-25 13:55:20,mediboard,경기도,4,4,A2100007,광명성애병원,2106,C,21,6,11,58343546,5,5,21,2026-07-25T13:55:10.005225,15,20
2026-07-25 13:55:20,mediboard,경기도,0,0,A2100258,국군수도병원,2116,D,21,14,16,58343499,0,2,21,2026-07-25T13:55:10.005225,14,18
2026-07-25 13:55:20,mediboard,경기도,0,0,A2100049,국립암센터,2103,D,21,15,24,58343386,1,1,21,2026-07-25T13:55:10.005225,16,25
2026-07-25 13:55:20,mediboard,경기도,2,5,A2100033,국민건강보험공단일산병원,2103,A,21,5,23,58343590,5,5,21,2026-07-25T13:55:10.005225,12,33
2026-07-25 13:55:20,mediboard,경기도,0,0,A2100014,근로복지공단안산병원,2125,D,21,6,7,58343325,1,1,21,2026-07-25T13:55:10.005225,7,8
2026-07-25 13:55:20,mediboard,경기도,0,0,A2100041,남양주한양병원,2111,C,21,11,17,58343591,3,3,21,2026-07-25T13:55:10.005225,14,20
2026-07-25 13:55:20,mediboard,경기도,0,0,A2100017,대아의료재단한도병원,2124,C,21,17,17,58343326,3,3,21,2026-07-25T13:55:10.005225,20,20
2026-07-25 13:55:20,mediboard,경기도,3,3,A2100025,대진의료재단분당제생병원,2116,C,21,5,24,58343548,2,3,21,2026-07-25T13:55:10.005225,10,30
2026-07-25 13:55:20,mediboard,경기도,3,3,A2100047,동국대학교일산불교병원,2103,C,21,7,19,58343385,7,7,21,2026-07-25T13:55:10.005225,17,29
2026-07-25 13:55:20,mediboard,경기도,0,0,A2100131,메디인병원,2140,D,21,8,12,58343550,2,2,21,2026-07-25T13:55:10.005225,10,14
2026-07-25 13:55:20,mediboard,경기도,0,0,A2121142,메디필드한강병원,2136,D,21,13,17,58343555,3,3,21,2026-07-25T13:55:10.005225,16,20
2026-07-25 13:55:20,mediboard,경기도,0,0,A2100055,부천세종병원,2113,C,21,7,17,58343331,3,3,21,2026-07-25T13:55:10.005225,10,20
2026-07-25 13:55:20,mediboard,경기도,4,5,A2100001,분당서울대학교병원,2116,A,21,-26,30,58343270,5,5,21,2026-07-25T13:55:10.005225,-17,40
2026-07-25 13:55:20,mediboard,경기도,6,6,A2116806,성남시의료원,2117,C,21,14,17,58343554,6,6,21,2026-07-25T13:55:10.005225,26,29
2026-07-25 13:55:20,mediboard,경기도,0,0,A2100194,세종여주병원,2131,D,21,1,6,58343230,5,10,21,2026-07-25T13:55:10.005225,6,16
2026-07-25 13:55:20,mediboard,경기도,0,0,A2100016,순천의료재단성남정병원,2117,D,21,7,9,58343274,2,2,21,2026-07-25T13:55:10.005225,9,11
2026-07-25 13:55:20,mediboard,경기도,5,5,A2100005,순천향대학교부속부천병원,2113,A,21,4,17,58343223,5,5,21,2026-07-25T13:55:10.005225,14,27
2026-07-25 13:55:20,mediboard,경기도,10,14,A2100002,아주대학교병원,2120,A,21,15,32,58343324,12,13,21,2026-07-25T13:55:10.005225,32,54
2026-07-25 13:55:20,mediboard,경기도,0,0,A2100305,안성성모병원,2126,D,21,7,9,58343553,0,1,21,2026-07-25T13:55:10.005225,7,10
2026-07-25 13:55:20,mediboard,경기도,0,0,A2100089,양평병원,2130,D,21,7,9,58343442,1,1,21,2026-07-25T13:55:10.005225,8,10
2026-07-25 13:55:20,mediboard,경기도,0,0,A2118188,엘병원,2111,D,21,7,8,58343444,2,2,21,2026-07-25T13:55:10.005225,9,10
2026-07-25 13:55:20,mediboard,경기도,1,6,A2100020,연세대학교의과대학용인세브란스병원,2134,C,21,8,16,58343588,4,4,21,2026-07-25T13:55:10.005225,13,26
2026-07-25 13:55:20,mediboard,경기도,0,0,E2100187,연천군보건의료원,2132,D,21,10,10,58343248,0,0,21,2026-07-25T13:55:10.005225,10,10
2026-07-25 13:55:20,mediboard,경기도,0,0,A2100024,오산한국병원,2133,C,21,11,17,58343589,3,3,21,2026-07-25T13:55:10.005225,14,20
2026-07-25 13:55:20,mediboard,경기도,0,0,A2100048,원광대학교산본병원,2109,C,21,15,17,58343330,3,3,21,2026-07-25T13:55:10.005225,18,20
2026-07-25 13:55:20,mediboard,경기도,0,0,A2100013,의료법인 록향의료재단 신천연합병원,2123,D,21,10,10,58343547,1,1,21,2026-07-25T13:55:10.005225,11,11
2026-07-25 13:55:20,mediboard,경기도,0,0,A2100036,의료법인 일심의료재단 포천우리병원,2142,D,21,18,18,58343329,4,4,21,2026-07-25T13:55:10.005225,22,22
2026-07-25 13:55:20,mediboard,경기도,0,0,A2100309,의료법인갈렌의료재단박병원,2141,D,21,7,10,58343388,1,1,21,2026-07-25T13:55:10.005225,8,11
2026-07-25 13:55:20,mediboard,경기도,5,5,A2100008,의료법인남촌의료재단시화병원,2123,C,21,11,16,58343272,5,6,21,2026-07-25T13:55:10.005225,21,27
2026-07-25 13:55:20,mediboard,경기도,0,0,A2100009,의료법인녹산의료재단동수원병원,2122,C,21,13,17,58343438,2,3,21,2026-07-25T13:55:10.005225,15,20
2026-07-25 13:55:20,mediboard,경기도,0,0,A2100050,의료법인대인의료재단다니엘종합병원,2113,D,21,6,6,58343594,4,4,21,2026-07-25T13:55:10.005225,10,10
2026-07-25 13:55:20,mediboard,경기도,3,3,A2121061,의료법인덕산의료재단수원덕산병원,2119,D,21,19,24,58343597,3,3,21,2026-07-25T13:55:10.005225,25,30
2026-07-25 13:55:20,mediboard,경기도,0,0,A2117135,의료법인명인의료재단화홍병원,2119,C,21,11,15,58343333,5,5,21,2026-07-25T13:55:10.005225,16,20
2026-07-25 13:55:20,mediboard,경기도,2,3,A2100042,의료법인명지의료재단명지병원,2102,A,21,4,15,58343549,6,11,21,2026-07-25T13:55:10.005225,10,26
2026-07-25 13:55:20,mediboard,경기도,0,0,A2100022,의료법인박애의료재단박애병원,2141,D,21,10,10,58343327,1,1,21,2026-07-25T13:55:10.005225,11,11
2026-07-25 13:55:20,mediboard,경기도,0,0,A2100028,의료법인백송의료재단굿모닝병원,2141,C,21,7,19,58343328,8,9,21,2026-07-25T13:55:10.005225,15,28
2026-07-25 13:55:20,mediboard,경기도,0,0,A2100027,의료법인석경의료재단센트럴병원,2123,D,21,18,18,58343383,3,3,21,2026-07-25T13:55:10.005225,21,21
2026-07-25 13:55:20,mediboard,경기도,0,0,A2116972,의료법인성광의료재단일산차병원,2103,D,21,3,6,58343332,1,4,21,2026-07-25T13:55:10.005225,4,10
2026-07-25 13:55:20,mediboard,경기도,0,0,A2113246,의료법인양진의료재단평택성모병원,2141,C,21,11,17,58343389,3,3,21,2026-07-25T13:55:10.005225,14,20
2026-07-25 13:55:20,mediboard,경기도,0,0,A2100034,의료법인영동의료재단의정부백병원,2138,D,21,6,10,58343226,2,2,21,2026-07-25T13:55:10.005225,8,12
2026-07-25 13:55:20,mediboard,경기도,0,0,A2100053,의료법인우리의료재단김포우리병원,2110,C,21,9,22,58343441,7,7,21,2026-07-25T13:55:10.005225,16,29
2026-07-25 13:55:20,mediboard,경기도,0,0,A2115699,의료법인원광의료재단원광종합병원,2146,D,21,9,9,58343279,1,1,21,2026-07-25T13:55:10.005225,10,10
2026-07-25 13:55:20,mediboard,경기도,0,0,A2100018,의료법인은혜와감사의료재단화성중앙종합병원,2144,D,21,8,9,58343496,1,1,21,2026-07-25T13:55:10.005225,9,10
2026-07-25 13:55:20,mediboard,경기도,0,0,A2100006,의료법인인봉의료재단뉴고려병원,2110,C,21,8,14,58343545,6,6,21,2026-07-25T13:55:10.005225,14,20
2026-07-25 13:55:20,mediboard,경기도,0,0,A2100290,의료법인자인의료재단(더자인병원),2102,D,21,15,16,58343387,4,4,21,2026-07-25T13:55:10.005225,19,20
2026-07-25 13:55:20,mediboard,경기도,0,0,A2100124,의료법인칠석의료재단사랑의병원,2125,D,21,12,13,58343277,1,1,21,2026-07-25T13:55:10.005225,13,14
2026-07-25 13:55:20,mediboard,경기도,0,0,A2100175,의료법인토마스의료재단윌스기념병원,2122,D,21,17,18,58343552,3,3,21,2026-07-25T13:55:10.005225,20,21
2026-07-25 13:55:20,mediboard,경기도,0,0,A2100021,의료법인플러스의료재단단원병원,2124,D,21,11,17,58343382,3,3,21,2026-07-25T13:55:10.005225,14,20
2026-07-25 13:55:20,mediboard,경기도,0,4,A2100038,인제대학교일산백병원,2104,C,21,7,34,58343498,3,6,21,2026-07-25T13:55:10.005225,10,44
2026-07-25 13:55:20,mediboard,경기도,0,0,A2118788,중앙대학교광명병원,2106,C,21,6,21,58343231,3,3,21,2026-07-25T13:55:10.005225,9,24
2026-07-25 13:55:20,mediboard,경기도,10,13,A2100030,차의과학대학교분당차병원,2116,A,21,9,22,58343225,7,7,21,2026-07-25T13:55:10.005225,24,40
2026-07-25 13:55:20,mediboard,경기도,1,1,A2100155,참조은병원,2107,C,21,0,9,58343551,10,10,21,2026-07-25T13:55:10.005225,11,20
2026-07-25 13:55:20,mediboard,경기도,0,0,A2100150,추병원,2138,D,21,12,12,58343443,2,2,21,2026-07-25T13:55:10.005225,14,14
2026-07-25 13:55:20,mediboard,경기도,6,6,A2117994,학교법인을지학원의정부을지대학교병원,2138,C,21,21,30,58343334,8,11,21,2026-07-25T13:55:10.005225,35,47
2026-07-25 13:55:20,mediboard,경기도,9,9,A2100046,한림대학교동탄성심병원,2147,C,21,21,32,58343593,3,3,21,2026-07-25T13:55:10.005225,33,44
2026-07-25 13:55:20,mediboard,경기도,1,3,A2100004,한림대학교성심병원,2127,A,21,7,25,58343222,11,11,21,2026-07-25T13:55:10.005225,19,39
2026-07-25 13:55:20,mediboard,경기도,0,0,A2100039,한양대학교구리병원,2108,C,21,7,18,58343275,5,5,21,2026-07-25T13:55:10.005225,12,23
2026-07-25 13:55:20,mediboard,경기도,0,0,A2100037,현대병원,2111,C,21,4,17,58343228,3,3,21,2026-07-25T13:55:10.005225,7,20
2026-07-25 13:55:20,mediboard,경기도,0,0,A2100015,효산의료재단안양샘병원,2128,C,21,5,17,58343273,3,3,21,2026-07-25T13:55:10.005225,8,20
2026-07-25 13:55:20,mediboard,경기도,0,0,A2100054,효산의료재단지샘병원,2109,C,21,14,18,58343595,4,4,21,2026-07-25T13:55:10.005225,18,22
2026-07-25 13:55:20,mediboard,강원특별자치도,3,3,A2200008,강릉아산병원,2201,A,22,3,23,58343445,5,5,22,2026-07-25T13:55:10.005225,11,31
2026-07-25 13:55:20,mediboard,강원특별자치도,3,3,A2200009,강원대학교병원,2213,C,22,2,21,58343598,5,5,22,2026-07-25T13:55:10.005225,10,29
2026-07-25 13:55:20,mediboard,강원특별자치도,0,0,A2200011,강원특별자치도강릉의료원,2201,D,22,4,5,58343391,1,1,22,2026-07-25T13:55:10.005225,5,6
2026-07-25 13:55:20,mediboard,강원특별자치도,1,1,A2200007,강원특별자치도삼척의료원,2204,C,22,11,16,58343232,3,5,22,2026-07-25T13:55:10.005225,15,22
2026-07-25 13:55:20,mediboard,강원특별자치도,0,0,A2200012,강원특별자치도속초의료원,2205,C,22,17,17,58343599,3,3,22,2026-07-25T13:55:10.005225,20,20
2026-07-25 13:55:20,mediboard,강원특별자치도,0,0,A2200002,강원특별자치도영월의료원,2208,D,22,1,9,58343280,1,1,22,2026-07-25T13:55:10.005225,2,10
2026-07-25 13:55:20,mediboard,강원특별자치도,0,0,A2200015,강원특별자치도원주의료원,2209,D,22,15,17,58343393,2,3,22,2026-07-25T13:55:10.005225,17,20
2026-07-25 13:55:20,mediboard,강원특별자치도,0,0,A2200048,근로복지공단정선병원,2211,D,22,4,5,58343336,1,1,22,2026-07-25T13:55:10.005225,5,6
2026-07-25 13:55:20,mediboard,강원특별자치도,0,0,A2200004,근로복지공단태백병원,2214,D,22,9,9,58343335,1,1,22,2026-07-25T13:55:10.005225,10,10
2026-07-25 13:55:20,mediboard,강원특별자치도,2,3,A2200001,연세대학교원주세브란스기독병원,2209,A,22,22,31,58343390,28,45,22,2026-07-25T13:55:10.005225,52,79
2026-07-25 13:55:20,mediboard,강원특별자치도,0,0,A2200005,의료법인강릉동인병원,2201,C,22,13,17,58343501,3,3,22,2026-07-25T13:55:10.005225,16,20
2026-07-25 13:55:20,mediboard,강원특별자치도,0,0,A2200003,의료법인동해동인병원,2203,D,22,7,10,58343500,1,1,22,2026-07-25T13:55:10.005225,8,11
2026-07-25 13:55:20,mediboard,강원특별자치도,0,0,A2200037,의료법인성심의료재단양구성심병원,2206,D,22,4,5,58343600,1,1,22,2026-07-25T13:55:10.005225,5,6
2026-07-25 13:55:20,mediboard,강원특별자치도,0,0,A2200024,의료법인성지의료재단성지병원,2209,D,22,3,7,58343447,1,1,22,2026-07-25T13:55:10.005225,4,8
2026-07-25 13:55:20,mediboard,강원특별자치도,0,0,A2200046,의료법인온세움의료재단온재병원,2205,D,22,0,9,58343601,1,1,22,2026-07-25T13:55:10.005225,1,10
2026-07-25 13:55:20,mediboard,강원특별자치도,0,0,A2201730,철원병원,2212,D,22,4,5,58343281,1,1,22,2026-07-25T13:55:10.005225,5,6
2026-07-25 13:55:20,mediboard,강원특별자치도,0,0,E2200026,평창군보건의료원,2215,D,22,5,6,58343357,1,1,22,2026-07-25T13:55:10.005225,6,7
2026-07-25 13:55:20,mediboard,강원특별자치도,3,3,A2200013,한림대학교춘천성심병원,2213,A,22,10,22,58343233,5,5,22,2026-07-25T13:55:10.005225,18,30
2026-07-25 13:55:20,mediboard,강원특별자치도,0,0,A2200014,홍천아산병원,2216,D,22,6,10,58343392,0,0,22,2026-07-25T13:55:10.005225,6,10
2026-07-25 13:55:20,mediboard,강원특별자치도,0,0,E2200025,화천군보건의료원,2217,D,22,6,7,58343472,1,1,22,2026-07-25T13:55:10.005225,7,8
2026-07-25 13:55:20,mediboard,강원특별자치도,0,0,A2200016,횡성대성병원,2218,D,22,8,9,58343446,1,1,22,2026-07-25T13:55:10.005225,9,10
2026-07-25 13:55:20,mediboard,충청북도,0,0,A2300010,건국대학교충주병원,2314,C,23,15,20,58343602,3,3,23,2026-07-25T13:55:10.005225,18,23
2026-07-25 13:55:20,mediboard,충청북도,0,0,E2300011,단양군보건의료원,2302,D,23,5,6,58343305,1,2,23,2026-07-25T13:55:10.005225,6,8
2026-07-25 13:55:20,mediboard,충청북도,0,0,A2300013,의료법인 건명의료재단 중앙제일병원,2309,C,23,13,17,58343502,3,5,23,2026-07-25T13:55:10.005225,16,22
2026-07-25 13:55:20,mediboard,충청북도,0,0,A2300034,의료법인대광의료재단괴산성모병원,2301,D,23,5,9,58343396,0,1,23,2026-07-25T13:55:10.005225,5,10
2026-07-25 13:55:20,mediboard,충청북도,3,3,A2300009,의료법인명지의료재단명지병원,2307,C,23,14,18,58343395,6,6,23,2026-07-25T13:55:10.005225,23,27
2026-07-25 13:55:20,mediboard,충청북도,0,0,A2300007,의료법인인화재단한국병원,2310,C,23,5,14,58343394,6,6,23,2026-07-25T13:55:10.005225,11,20
2026-07-25 13:55:20,mediboard,충청북도,0,0,A2300005,의료법인자산의료재단제천서울병원,2307,C,23,14,15,58343284,5,5,23,2026-07-25T13:55:10.005225,19,20
2026-07-25 13:55:20,mediboard,충청북도,0,0,A2300003,의료법인정산의료재단효성병원,2310,C,23,14,18,58343283,5,5,23,2026-07-25T13:55:10.005225,19,23
2026-07-25 13:55:20,mediboard,충청북도,0,0,A2300030,의료법인조윤의료재단영동병원,2304,D,23,7,10,58343503,0,0,23,2026-07-25T13:55:10.005225,7,10
2026-07-25 13:55:20,mediboard,충청북도,0,0,A2300002,의료법인한마음의료재단하나병원,2313,C,23,7,11,58343234,11,12,23,2026-07-25T13:55:10.005225,18,23
2026-07-25 13:55:20,mediboard,충청북도,0,0,A2300011,의료법인힐링의료재단옥천성모병원,2305,D,23,5,7,58343556,3,3,23,2026-07-25T13:55:10.005225,8,10
2026-07-25 13:55:20,mediboard,충청북도,0,0,A2300008,청주성모병원,2312,C,23,4,15,58343235,6,10,23,2026-07-25T13:55:10.005225,10,25
2026-07-25 13:55:20,mediboard,충청북도,8,8,A2300001,충북대학교병원,2311,A,23,23,32,58343282,5,5,23,2026-07-25T13:55:10.005225,36,45
2026-07-25 13:55:20,mediboard,충청북도,0,0,A2300006,충청북도청주의료원,2311,D,23,10,12,58343338,4,4,23,2026-07-25T13:55:10.005225,14,16
2026-07-25 13:55:20,mediboard,충청북도,0,0,A2300004,충청북도충주의료원,2314,D,23,13,18,58343337,3,3,23,2026-07-25T13:55:10.005225,16,21
2026-07-25 13:55:20,mediboard,충청남도,4,4,A2400002,단국대학교의과대학부속병원,2412,A,24,14,27,58343286,5,5,24,2026-07-25T13:55:10.005225,23,36
2026-07-25 13:55:20,mediboard,충청남도,0,0,A2400008,당진종합병원,2405,C,24,7,17,58343287,3,3,24,2026-07-25T13:55:10.005225,10,20
2026-07-25 13:55:20,mediboard,충청남도,0,4,A2400003,서산중앙병원,2408,C,24,14,17,58343236,3,3,24,2026-07-25T13:55:10.005225,17,24
2026-07-25 13:55:20,mediboard,충청남도,0,0,A2402257,아산충무병원,2410,C,24,4,13,58343603,8,8,24,2026-07-25T13:55:10.005225,12,21
2026-07-25 13:55:20,mediboard,충청남도,0,0,A2400044,의료법인 서해병원,2409,D,24,5,5,58343288,2,2,24,2026-07-25T13:55:10.005225,7,7
2026-07-25 13:55:20,mediboard,충청남도,0,0,A2400004,의료법인 예당의료재단 예산종합병원,2411,D,24,4,6,58343448,1,1,24,2026-07-25T13:55:10.005225,5,7
2026-07-25 13:55:20,mediboard,충청남도,0,0,A2400009,의료법인백제병원,2404,C,24,15,20,58343238,3,3,24,2026-07-25T13:55:10.005225,18,23
2026-07-25 13:55:20,mediboard,충청남도,0,0,A2400012,의료법인영서의료재단천안충무병원,2413,C,24,8,16,58343397,5,5,24,2026-07-25T13:55:10.005225,13,21
2026-07-25 13:55:20,mediboard,충청남도,0,0,A2400011,재단법인아산사회복지재단보령아산병원,2406,C,24,15,17,58343339,3,3,24,2026-07-25T13:55:10.005225,18,20
2026-07-25 13:55:20,mediboard,충청남도,0,0,E2400032,청양군보건의료원,2414,D,24,5,6,58343414,1,1,24,2026-07-25T13:55:10.005225,6,7
2026-07-25 13:55:20,mediboard,충청남도,0,0,A2400010,충청남도공주의료원,2402,D,24,10,15,58343239,1,1,24,2026-07-25T13:55:10.005225,11,16
2026-07-25 13:55:20,mediboard,충청남도,0,0,A2400006,충청남도서산의료원,2408,C,24,11,17,58343237,3,3,24,2026-07-25T13:55:10.005225,14,20
2026-07-25 13:55:20,mediboard,충청남도,0,0,A2400005,충청남도천안의료원,2412,D,24,11,12,58343504,1,2,24,2026-07-25T13:55:10.005225,12,14
2026-07-25 13:55:20,mediboard,충청남도,1,1,A2400007,충청남도홍성의료원,2416,C,24,12,18,58343557,3,3,24,2026-07-25T13:55:10.005225,16,22
2026-07-25 13:55:20,mediboard,충청남도,0,0,E2400033,태안군보건의료원,2415,D,24,9,10,58343249,1,1,24,2026-07-25T13:55:10.005225,10,11
2026-07-25 13:55:20,mediboard,충청남도,0,0,A2400038,학교법인건양교육재단건양대학교부여병원,2407,D,24,5,9,58343398,1,1,24,2026-07-25T13:55:10.005225,6,10
2026-07-25 13:55:20,mediboard,충청남도,16,18,A2400001,학교법인동은학원순천향대학교부속천안병원,2412,A,24,13,22,58343285,9,11,24,2026-07-25T13:55:10.005225,34,47
2026-07-25 13:55:20,mediboard,충청남도,0,0,A2400039,현대병원,2410,D,24,7,10,58343505,1,1,24,2026-07-25T13:55:10.005225,8,11
2026-07-25 13:55:20,mediboard,전북특별자치도,0,0,A2500038,김제우석병원,2503,D,25,7,10,58343240,1,1,25,2026-07-25T13:55:10.005225,8,11
2026-07-25 13:55:20,mediboard,전북특별자치도,0,0,A2500056,대자인병원,2512,C,25,26,33,58343400,3,3,25,2026-07-25T13:55:10.005225,29,36
2026-07-25 13:55:20,mediboard,전북특별자치도,0,0,E2500019,무주군보건의료원,2505,D,25,3,4,58343572,1,1,25,2026-07-25T13:55:10.005225,4,5
2026-07-25 13:55:20,mediboard,전북특별자치도,0,0,A2500010,부안성모병원,2506,D,25,10,10,58343507,2,2,25,2026-07-25T13:55:10.005225,12,12
2026-07-25 13:55:20,mediboard,전북특별자치도,3,3,A2502742,새강병원,2513,D,25,13,14,58343606,3,3,25,2026-07-25T13:55:10.005225,19,20
2026-07-25 13:55:20,mediboard,전북특별자치도,0,0,E2500021,순창군보건의료원,2507,D,25,9,9,58343306,1,1,25,2026-07-25T13:55:10.005225,10,10
2026-07-25 13:55:20,mediboard,전북특별자치도,3,3,A2500001,원광대학교병원,2509,A,25,17,28,58343604,5,5,25,2026-07-25T13:55:10.005225,25,36
2026-07-25 13:55:20,mediboard,전북특별자치도,0,0,A2500011,의료법인대산의료재단익산병원,2509,C,25,7,17,58343399,3,3,25,2026-07-25T13:55:10.005225,10,20
2026-07-25 13:55:20,mediboard,전북특별자치도,0,0,A2500009,의료법인석천재단고창병원,2501,D,25,9,10,58343558,1,1,25,2026-07-25T13:55:10.005225,10,11
2026-07-25 13:55:20,mediboard,전북특별자치도,0,0,A2500005,의료법인영경의료재단전주병원,2513,C,25,8,17,58343450,3,3,25,2026-07-25T13:55:10.005225,11,20
2026-07-25 13:55:20,mediboard,전북특별자치도,0,0,A2501890,의료법인영경의료재단호성전주병원,2512,D,25,5,9,58343340,1,1,25,2026-07-25T13:55:10.005225,6,10
2026-07-25 13:55:20,mediboard,전북특별자치도,0,0,A2500012,의료법인오성의료재단동군산병원,2502,C,25,13,17,58343605,6,6,25,2026-07-25T13:55:10.005225,19,23
2026-07-25 13:55:20,mediboard,전북특별자치도,0,0,E2500022,임실군보건의료원,2510,D,25,4,4,58343573,1,1,25,2026-07-25T13:55:10.005225,5,5
2026-07-25 13:55:20,mediboard,전북특별자치도,0,0,E2500020,장수군보건의료원,2511,D,25,5,5,58343415,1,1,25,2026-07-25T13:55:10.005225,6,6
2026-07-25 13:55:20,mediboard,전북특별자치도,0,0,A2500008,재단법인 아산사회복지재단 정읍아산병원,2514,C,25,17,17,58343290,3,3,25,2026-07-25T13:55:10.005225,20,20
2026-07-25 13:55:20,mediboard,전북특별자치도,9,12,A2500006,재단법인예수병원유지재단예수병원,2513,C,25,28,38,58343289,4,5,25,2026-07-25T13:55:10.005225,40,53
2026-07-25 13:55:20,mediboard,전북특별자치도,3,5,A2500002,전북대학교병원,2512,A,25,15,36,58343506,7,7,25,2026-07-25T13:55:10.005225,25,48
2026-07-25 13:55:20,mediboard,전북특별자치도,0,0,A2500007,전북특별자치도군산의료원,2502,C,25,7,17,58343451,3,3,25,2026-07-25T13:55:10.005225,10,20
2026-07-25 13:55:20,mediboard,전북특별자치도,0,0,A2500004,전북특별자치도남원의료원,2504,C,25,14,17,58343449,3,3,25,2026-07-25T13:55:10.005225,17,20
2026-07-25 13:55:20,mediboard,전북특별자치도,0,0,A2502031,진안군의료원,2515,D,25,4,6,58343508,2,2,25,2026-07-25T13:55:10.005225,6,8
2026-07-25 13:55:20,mediboard,전라남도,0,0,A2600029,곡성사랑병원,2603,D,26,3,5,58343510,1,1,26,2026-07-25T13:55:10.005225,4,6
2026-07-25 13:55:20,mediboard,전라남도,0,0,A2600006,광양사랑병원,2604,D,26,7,9,58343242,1,1,26,2026-07-25T13:55:10.005225,8,10
2026-07-25 13:55:20,mediboard,전라남도,0,0,A2600061,구례병원,2605,D,26,10,10,58343561,0,0,26,2026-07-25T13:55:10.005225,10,10
2026-07-25 13:55:20,mediboard,전라남도,0,0,A2600016,나주종합병원,2606,D,26,5,10,58343453,0,0,26,2026-07-25T13:55:10.005225,5,10
2026-07-25 13:55:20,mediboard,전라남도,0,0,A2600054,담양사랑병원,2607,D,26,5,6,58343457,2,2,26,2026-07-25T13:55:10.005225,7,8
2026-07-25 13:55:20,mediboard,전라남도,0,0,A2600003,대송의료재단무안병원,2609,D,26,4,4,58343559,1,1,26,2026-07-25T13:55:10.005225,5,5
2026-07-25 13:55:20,mediboard,전라남도,0,0,A2600020,목포기독병원,2608,D,26,13,17,58343292,3,3,26,2026-07-25T13:55:10.005225,16,20
2026-07-25 13:55:20,mediboard,전라남도,0,0,A2600022,목포시의료원,2608,D,26,9,9,58343610,1,1,26,2026-07-25T13:55:10.005225,10,10
2026-07-25 13:55:20,mediboard,전라남도,3,3,A2600011,목포한국병원,2608,A,26,13,18,58343401,5,5,26,2026-07-25T13:55:10.005225,21,26
2026-07-25 13:55:20,mediboard,전라남도,0,0,A2600052,보성아산병원,2610,D,26,5,8,58343614,1,1,26,2026-07-25T13:55:10.005225,6,9
2026-07-25 13:55:20,mediboard,전라남도,0,0,A2602211,빛가람종합병원,2606,D,26,5,9,58343344,1,1,26,2026-07-25T13:55:10.005225,6,10
2026-07-25 13:55:20,mediboard,전라남도,3,4,A2600019,성가롤로병원,2611,A,26,8,18,58343454,5,5,26,2026-07-25T13:55:10.005225,16,27
2026-07-25 13:55:20,mediboard,전라남도,0,0,A2600008,순천제일병원,2611,D,26,8,9,58343509,1,1,26,2026-07-25T13:55:10.005225,9,10
2026-07-25 13:55:20,mediboard,전라남도,0,0,A2600004,순천중앙병원,2611,D,26,3,5,58343452,1,1,26,2026-07-25T13:55:10.005225,4,6
2026-07-25 13:55:20,mediboard,전라남도,0,0,A2600010,여수전남병원,2613,D,26,7,10,58343608,1,1,26,2026-07-25T13:55:10.005225,8,11
2026-07-25 13:55:20,mediboard,전라남도,0,0,A2600014,여천전남병원,2613,C,26,14,17,58343291,3,3,26,2026-07-25T13:55:10.005225,17,20
2026-07-25 13:55:20,mediboard,전라남도,0,0,A2600015,영광종합병원,2614,D,26,7,10,58343560,3,3,26,2026-07-25T13:55:10.005225,10,13
2026-07-25 13:55:20,mediboard,전라남도,0,0,A2600070,영암한국병원,2615,D,26,6,8,58343562,0,1,26,2026-07-25T13:55:10.005225,6,9
2026-07-25 13:55:20,mediboard,전라남도,0,0,A2600032,완도대성병원,2616,D,26,3,5,58343403,1,1,26,2026-07-25T13:55:10.005225,4,6
2026-07-25 13:55:20,mediboard,전라남도,0,0,A2600034,의료법인 거명의료재단 영광기독병원,2614,D,26,9,10,58343456,1,1,26,2026-07-25T13:55:10.005225,10,11
2026-07-25 13:55:20,mediboard,전라남도,0,0,A2600017,의료법인목포구암의료재단목포중앙병원,2608,C,26,12,16,58343342,4,4,26,2026-07-25T13:55:10.005225,16,20
2026-07-25 13:55:20,mediboard,전라남도,0,0,A2600066,의료법인삼호의료재단벌교삼호병원,2610,D,26,5,6,58343294,1,1,26,2026-07-25T13:55:10.005225,6,7
2026-07-25 13:55:20,mediboard,전라남도,0,0,A2600051,의료법인신안대우병원,2612,D,26,4,4,58343613,1,1,26,2026-07-25T13:55:10.005225,5,5
2026-07-25 13:55:20,mediboard,전라남도,0,0,A2600018,의료법인영성의료재단고흥종합병원,2602,D,26,7,10,58343402,0,0,26,2026-07-25T13:55:10.005225,7,10
2026-07-25 13:55:20,mediboard,전라남도,0,0,A2600021,의료법인우범의료재단장흥종합병원,2618,D,26,5,9,58343609,1,1,26,2026-07-25T13:55:10.005225,6,10
2026-07-25 13:55:20,mediboard,전라남도,0,0,A2600068,의료법인장호의료재단녹동현대병원,2602,D,26,1,3,58343458,2,2,26,2026-07-25T13:55:10.005225,3,5
2026-07-25 13:55:20,mediboard,전라남도,0,0,A2600005,의료법인한국의료재단한국병원,2611,D,26,6,11,58343241,1,1,26,2026-07-25T13:55:10.005225,7,12
2026-07-25 13:55:20,mediboard,전라남도,0,0,A2600027,의료법인한마음의료재단여수제일병원,2613,D,26,8,9,58343455,1,1,26,2026-07-25T13:55:10.005225,9,10
2026-07-25 13:55:20,mediboard,전라남도,0,0,A2600035,의료법인행복나눔의료재단장성병원,2617,D,26,4,4,58343343,1,1,26,2026-07-25T13:55:10.005225,5,5
2026-07-25 13:55:20,mediboard,전라남도,0,0,A2600009,의료법인행촌의료재단해남종합병원,2621,D,26,9,10,58343607,1,1,26,2026-07-25T13:55:10.005225,10,11
2026-07-25 13:55:20,mediboard,전라남도,0,0,A2600024,의료법인현경의료재단광양서울병원,2604,D,26,8,9,58343611,1,1,26,2026-07-25T13:55:10.005225,9,10
2026-07-25 13:55:20,mediboard,전라남도,0,0,A2600037,장흥우리병원,2618,D,26,4,4,58343293,1,1,26,2026-07-25T13:55:10.005225,5,5
2026-07-25 13:55:20,mediboard,전라남도,0,0,A2600050,전라남도강진의료원,2601,D,26,4,9,58343511,1,1,26,2026-07-25T13:55:10.005225,5,10
2026-07-25 13:55:20,mediboard,전라남도,0,0,A2600056,전라남도순천의료원,2611,D,26,4,6,58343615,2,2,26,2026-07-25T13:55:10.005225,6,8
2026-07-25 13:55:20,mediboard,전라남도,0,0,A2600040,진도한국병원,2619,D,26,3,4,58343612,1,1,26,2026-07-25T13:55:10.005225,4,5
2026-07-25 13:55:20,mediboard,전라남도,0,0,A2600077,해남우리종합병원,2621,D,26,14,15,58343295,4,4,26,2026-07-25T13:55:10.005225,18,19
2026-07-25 13:55:20,mediboard,전라남도,1,1,A2600001,화순전남대학교병원,2622,C,26,14,16,58343341,7,7,26,2026-07-25T13:55:10.005225,22,24
2026-07-25 13:55:20,mediboard,경상북도,0,0,A2700018,경상북도김천의료원,2706,D,27,16,17,58343464,1,1,27,2026-07-25T13:55:10.005225,17,18
2026-07-25 13:55:20,mediboard,경상북도,0,0,A2700001,경상북도안동의료원,2711,D,27,6,6,58343243,2,2,27,2026-07-25T13:55:10.005225,8,8
2026-07-25 13:55:20,mediboard,경상북도,0,0,A2700005,경상북도포항의료원,2724,D,27,7,8,58343459,2,2,27,2026-07-25T13:55:10.005225,9,10
2026-07-25 13:55:20,mediboard,경상북도,0,0,A2700097,계명대학교경주동산병원,2702,D,27,9,9,58343512,1,1,27,2026-07-25T13:55:10.005225,10,10
2026-07-25 13:55:20,mediboard,경상북도,0,0,A2700015,구미강동병원,2704,D,27,4,7,58343463,3,3,27,2026-07-25T13:55:10.005225,7,10
2026-07-25 13:55:20,mediboard,경상북도,0,3,A2700003,동국대학교의과대학경주병원,2702,C,27,9,16,58343563,7,7,27,2026-07-25T13:55:10.005225,16,26
2026-07-25 13:55:20,mediboard,경상북도,0,0,A2700011,상주적십자병원,2709,D,27,7,9,58343616,1,1,27,2026-07-25T13:55:10.005225,8,10
2026-07-25 13:55:20,mediboard,경상북도,4,4,A2700013,순천향대학교부속구미병원,2704,C,27,5,13,58343347,3,3,27,2026-07-25T13:55:10.005225,12,20
2026-07-25 13:55:20,mediboard,경상북도,0,0,A2700004,안동성소병원,2711,C,27,1,12,58343244,8,8,27,2026-07-25T13:55:10.005225,9,20
2026-07-25 13:55:20,mediboard,경상북도,0,0,A2700008,에스포항병원,2723,D,27,2,6,58343461,1,1,27,2026-07-25T13:55:10.005225,3,7
2026-07-25 13:55:20,mediboard,경상북도,0,0,A2700017,영남대학교의과대학부속영천병원,2715,D,27,9,10,58343405,2,3,27,2026-07-25T13:55:10.005225,11,13
2026-07-25 13:55:20,mediboard,경상북도,0,0,A2700031,영주기독병원,2714,D,27,3,4,58343297,1,1,27,2026-07-25T13:55:10.005225,4,5
2026-07-25 13:55:20,mediboard,경상북도,0,0,A2700020,영주자인병원,2714,D,27,4,4,58343406,1,1,27,2026-07-25T13:55:10.005225,5,5
2026-07-25 13:55:20,mediboard,경상북도,0,0,A2702752,영주적십자병원,2714,D,27,5,10,58343349,1,1,27,2026-07-25T13:55:10.005225,6,11
2026-07-25 13:55:20,mediboard,경상북도,0,0,E2700553,울릉군보건의료원,2717,D,27,5,5,58343250,0,0,27,2026-07-25T13:55:10.005225,5,5
2026-07-25 13:55:20,mediboard,경상북도,0,0,A2700052,울진군의료원,2718,D,27,4,8,58343299,2,2,27,2026-07-25T13:55:10.005225,6,10
2026-07-25 13:55:20,mediboard,경상북도,0,0,A2700019,의)근원의료재단경산중앙병원,2701,D,27,10,10,58343296,2,2,27,2026-07-25T13:55:10.005225,12,12
2026-07-25 13:55:20,mediboard,경상북도,0,0,A2700038,의료법인대남의료재단청도대남병원,2720,D,27,8,10,58343617,0,0,27,2026-07-25T13:55:10.005225,8,10
2026-07-25 13:55:20,mediboard,경상북도,0,0,A2700012,의료법인덕산의료재단김천제일병원,2706,C,27,12,16,58343462,4,4,27,2026-07-25T13:55:10.005225,16,20
2026-07-25 13:55:20,mediboard,경상북도,0,0,A2700006,의료법인동춘의료재단문경제일병원,2707,C,27,15,17,58343460,2,3,27,2026-07-25T13:55:10.005225,17,20
2026-07-25 13:55:20,mediboard,경상북도,0,0,A2700009,의료법인삼백의료재단상주성모병원,2709,D,27,9,9,58343564,1,1,27,2026-07-25T13:55:10.005225,10,10
2026-07-25 13:55:20,mediboard,경상북도,0,0,A2700036,의료법인서명의료재단세명종합병원,2701,D,27,9,13,58343298,2,2,27,2026-07-25T13:55:10.005225,11,15
2026-07-25 13:55:20,mediboard,경상북도,0,0,A2700023,의료법인서준의료재단예천권병원,2716,D,27,6,6,58343348,1,1,27,2026-07-25T13:55:10.005225,7,7
2026-07-25 13:55:20,mediboard,경상북도,0,3,A2700014,의료법인안동병원,2711,A,27,6,17,58343245,4,5,27,2026-07-25T13:55:10.005225,10,25
2026-07-25 13:55:20,mediboard,경상북도,0,0,A2700070,의료법인영암의료재단고령영생병원,2703,D,27,4,5,58343408,1,1,27,2026-07-25T13:55:10.005225,5,6
2026-07-25 13:55:20,mediboard,경상북도,0,0,A2700063,의료법인영제의료재단영남제일병원,2719,D,27,4,5,58343407,1,1,27,2026-07-25T13:55:10.005225,5,6
2026-07-25 13:55:20,mediboard,경상북도,0,0,A2702563,의료법인은성의료재단좋은선린병원,2724,D,27,7,10,58343409,2,2,27,2026-07-25T13:55:10.005225,9,12
2026-07-25 13:55:20,mediboard,경상북도,4,5,A2700007,차의과학대학교부속구미차병원,2704,A,27,10,20,58343346,6,12,27,2026-07-25T13:55:10.005225,20,37
2026-07-25 13:55:20,mediboard,경상북도,0,0,E2700554,청송군보건의료원,2721,D,27,5,5,58343473,1,1,27,2026-07-25T13:55:10.005225,6,6
2026-07-25 13:55:20,mediboard,경상북도,11,11,A2700016,포항성모병원,2723,A,27,11,20,58343404,5,15,27,2026-07-25T13:55:10.005225,27,46
2026-07-25 13:55:20,mediboard,경상북도,0,0,A2700002,포항세명기독병원,2723,C,27,5,15,58343345,10,10,27,2026-07-25T13:55:10.005225,15,25
2026-07-25 13:55:20,mediboard,경상남도,0,0,A2800032,강병원,2803,D,28,8,9,58343515,1,1,28,2026-07-25T13:55:10.005225,9,10
2026-07-25 13:55:20,mediboard,경상남도,0,0,A2803677,강일병원,2804,D,28,7,8,58343354,3,3,28,2026-07-25T13:55:10.005225,10,11
2026-07-25 13:55:20,mediboard,경상남도,0,0,A2800076,거창적십자병원,2802,D,28,7,9,58343518,1,1,28,2026-07-25T13:55:10.005225,8,10
2026-07-25 13:55:20,mediboard,경상남도,3,3,A2800001,경상국립대학교병원,2811,A,28,19,30,58343565,5,5,28,2026-07-25T13:55:10.005225,27,38
2026-07-25 13:55:20,mediboard,경상남도,0,0,A2800025,경상남도마산의료원,2813,D,28,11,13,58343352,2,2,28,2026-07-25T13:55:10.005225,13,15
2026-07-25 13:55:20,mediboard,경상남도,0,0,A2800113,밀양병원,2806,D,28,6,8,58343570,1,1,28,2026-07-25T13:55:10.005225,7,9
2026-07-25 13:55:20,mediboard,경상남도,0,0,A2800084,반도병원,2811,D,28,6,7,58343470,1,1,28,2026-07-25T13:55:10.005225,7,8
2026-07-25 13:55:20,mediboard,경상남도,0,0,A2800019,베데스다복음병원,2809,D,28,8,9,58343567,1,1,28,2026-07-25T13:55:10.005225,9,10
2026-07-25 13:55:20,mediboard,경상남도,0,0,E2800380,산청군보건의료원,2808,D,28,5,5,58343358,1,1,28,2026-07-25T13:55:10.005225,6,6
2026-07-25 13:55:20,mediboard,경상남도,0,0,A2800055,삼성합천병원,2822,D,28,2,4,58343516,1,1,28,2026-07-25T13:55:10.005225,3,5
2026-07-25 13:55:20,mediboard,경상남도,0,0,A2800101,삼천포제일병원,2807,D,28,8,8,58343353,2,2,28,2026-07-25T13:55:10.005225,10,10
2026-07-25 13:55:20,mediboard,경상남도,0,0,A2800092,새통영병원,2818,D,28,7,9,58343302,1,1,28,2026-07-25T13:55:10.005225,8,10
2026-07-25 13:55:20,mediboard,경상남도,4,10,A2800011,양산부산대학교병원,2809,A,28,9,23,58343410,4,8,28,2026-07-25T13:55:10.005225,16,39
2026-07-25 13:55:20,mediboard,경상남도,0,0,A2804593,양산성모병원,2809,D,28,10,13,58343355,1,1,28,2026-07-25T13:55:10.005225,11,14
2026-07-25 13:55:20,mediboard,경상남도,0,0,A2800021,연세에스병원,2817,D,28,9,9,58343301,1,1,28,2026-07-25T13:55:10.005225,10,10
2026-07-25 13:55:20,mediboard,경상남도,0,0,A2800090,의령병원,2810,D,28,4,4,58343412,1,1,28,2026-07-25T13:55:10.005225,5,5
2026-07-25 13:55:20,mediboard,경상남도,0,0,A2800008,의료법인 거붕 백병원,2801,D,28,8,9,58343466,1,1,28,2026-07-25T13:55:10.005225,9,10
2026-07-25 13:55:20,mediboard,경상남도,0,0,A2800005,의료법인 대우의료재단대우병원,2801,D,28,7,9,58343246,1,1,28,2026-07-25T13:55:10.005225,8,10
2026-07-25 13:55:20,mediboard,경상남도,0,0,A2800015,의료법인 문병욱의료재단 진주고려병원,2811,D,28,8,10,58343566,1,1,28,2026-07-25T13:55:10.005225,9,11
2026-07-25 13:55:20,mediboard,경상남도,0,0,A2800022,의료법인 성념의료재단맑은샘병원,2801,D,28,6,9,58343618,1,1,28,2026-07-25T13:55:10.005225,7,10
2026-07-25 13:55:20,mediboard,경상남도,0,0,A2800094,의료법인 이도의료재단 남해병원,2805,D,28,7,8,58343413,2,2,28,2026-07-25T13:55:10.005225,9,10
2026-07-25 13:55:20,mediboard,경상남도,0,0,A2800014,의료법인갑을의료재단 갑을장유병원,2804,D,28,7,9,58343468,1,1,28,2026-07-25T13:55:10.005225,8,10
2026-07-25 13:55:20,mediboard,경상남도,0,0,A2800006,의료법인숭인의료재단 김해복음병원,2804,C,28,13,16,58343513,4,4,28,2026-07-25T13:55:10.005225,17,20
2026-07-25 13:55:20,mediboard,경상남도,0,0,A2800068,의료법인승연의료재단 삼천포서울병원,2807,D,28,8,9,58343517,1,1,28,2026-07-25T13:55:10.005225,9,10
2026-07-25 13:55:20,mediboard,경상남도,0,0,A2800009,의료법인청아의료재단청아병원,2814,D,28,7,9,58343467,1,1,28,2026-07-25T13:55:10.005225,8,10
2026-07-25 13:55:20,mediboard,경상남도,0,0,A2800017,의료법인합포의료재단에스엠지연세병원,2813,C,28,9,17,58343411,3,3,28,2026-07-25T13:55:10.005225,12,20
2026-07-25 13:55:20,mediboard,경상남도,0,0,A2800010,의료법인환명의료재단 조은금강병원,2804,C,28,15,17,58343351,3,3,28,2026-07-25T13:55:10.005225,18,20
2026-07-25 13:55:20,mediboard,경상남도,0,0,A2800003,제일병원,2811,C,28,11,17,58343350,3,3,28,2026-07-25T13:55:10.005225,14,20
2026-07-25 13:55:20,mediboard,경상남도,0,0,A2800037,진주복음병원,2811,D,28,7,9,58343247,1,1,28,2026-07-25T13:55:10.005225,8,10
2026-07-25 13:55:20,mediboard,경상남도,0,0,A2803505,창원경상국립대학교병원,2815,C,28,12,18,58343303,3,10,28,2026-07-25T13:55:10.005225,15,28
2026-07-25 13:55:20,mediboard,경상남도,0,0,A2800004,창원파티마병원,2816,C,28,7,17,58343465,3,3,28,2026-07-25T13:55:10.005225,10,20
2026-07-25 13:55:20,mediboard,경상남도,0,0,A2800007,창원한마음병원,2816,C,28,9,21,58343514,4,4,28,2026-07-25T13:55:10.005225,13,25
2026-07-25 13:55:20,mediboard,경상남도,0,0,A2800062,태황의료재단한성병원,2812,D,28,7,9,58343569,1,1,28,2026-07-25T13:55:10.005225,8,10
2026-07-25 13:55:20,mediboard,경상남도,8,8,A2800020,학교법인성균관대학삼성창원병원,2814,A,28,18,27,58343300,5,5,28,2026-07-25T13:55:10.005225,31,40
2026-07-25 13:55:20,mediboard,경상남도,0,0,A2800043,한일병원,2811,C,28,14,17,58343568,3,3,28,2026-07-25T13:55:10.005225,17,20
2026-07-25 13:55:20,mediboard,경상남도,0,0,A2800080,함양성심병원,2821,D,28,4,4,58343469,1,1,28,2026-07-25T13:55:10.005225,5,5
2026-07-25 13:55:20,mediboard,제주특별자치도,0,0,A2900003,의료법인 혜인의료재단 한국병원,2902,D,29,4,9,58343519,0,1,29,2026-07-25T13:55:10.005225,4,10
2026-07-25 13:55:20,mediboard,제주특별자치도,1,1,A2900006,의료법인중앙의료재단중앙병원,2902,C,29,9,16,58343356,3,3,29,2026-07-25T13:55:10.005225,13,20
2026-07-25 13:55:20,mediboard,제주특별자치도,0,0,A2900007,제주대학교병원,2902,C,29,-2,20,58343471,5,6,29,2026-07-25T13:55:10.005225,3,26
2026-07-25 13:55:20,mediboard,제주특별자치도,4,4,A2900002,제주특별자치도서귀포의료원,2901,C,29,8,16,58343304,5,5,29,2026-07-25T13:55:10.005225,17,25
2026-07-25 13:55:20,mediboard,제주특별자치도,2,3,A2900001,제주한라병원,2902,A,29,4,17,58343619,5,5,29,2026-07-25T13:55:10.005225,11,25
2026-07-25 13:55:20,mediboard,제주특별자치도,0,0,A2900005,한마음병원,2902,C,29,4,17,58343571,2,3,29,2026-07-25T13:55:10.005225,6,20
2026-07-25 16:09:30,mediboard,서울특별시,0,0,A1100011,가톨릭대학교여의도성모병원,1120,C,11,11,15,58354177,5,5,11,2026-07-25T16:05:10.004069,16,20
2026-07-25 16:09:30,mediboard,서울특별시,8,8,A1121013,가톨릭대학교은평성모병원,1122,C,11,5,24,58354396,4,4,11,2026-07-25T16:05:10.004069,17,36
2026-07-25 16:09:30,mediboard,서울특별시,3,3,A1100043,강동경희대학교병원,1102,A,11,9,15,58354070,3,5,11,2026-07-25T16:05:10.004069,15,23
2026-07-25 16:09:30,mediboard,서울특별시,2,2,A1100006,강북삼성병원,1123,C,11,-3,15,58354390,1,3,11,2026-07-25T16:05:10.004069,0,20
2026-07-25 16:09:30,mediboard,서울특별시,4,4,A1100002,건국대학교병원,1106,C,11,5,20,58354290,3,3,11,2026-07-25T16:05:10.004069,12,27
2026-07-25 16:09:30,mediboard,서울특별시,0,0,A1100039,경찰병원,1118,D,11,2,3,58354295,2,2,11,2026-07-25T16:05:10.004069,4,5
2026-07-25 16:09:30,mediboard,서울특별시,3,3,A1100001,경희대학교병원,1111,C,11,9,15,58354232,4,5,11,2026-07-25T16:05:10.004069,16,23
2026-07-25 16:09:30,mediboard,서울특별시,3,3,A1100014,고려대학교의과대학부속구로병원,1107,A,11,13,29,58354178,4,5,11,2026-07-25T16:05:10.004069,20,37
2026-07-25 16:09:30,mediboard,서울특별시,0,0,A1100026,구로성심병원,1107,D,11,8,9,58354393,1,1,11,2026-07-25T16:05:10.004069,9,10
2026-07-25 16:09:30,mediboard,서울특별시,3,3,A1100052,국립중앙의료원,1124,C,11,246,246,58354341,1235,1236,11,2026-07-25T16:05:10.004069,1484,1485
2026-07-25 16:09:30,mediboard,서울특별시,0,0,A1122033,기쁨병원,1115,D,11,0,4,58354025,1,1,11,2026-07-25T16:05:10.004069,1,5
2026-07-25 16:09:30,mediboard,서울특별시,0,0,A1100048,노원을지대학교병원,1109,C,11,11,17,58354023,5,5,11,2026-07-25T16:05:10.004069,16,22
2026-07-25 16:09:30,mediboard,서울특별시,0,0,A1100044,녹색병원,1125,D,11,-2,5,58354340,5,5,11,2026-07-25T16:05:10.004069,3,10
2026-07-25 16:09:30,mediboard,서울특별시,0,0,A1100037,대림성모병원,1120,D,11,8,8,58354181,0,2,11,2026-07-25T16:05:10.004069,8,10
2026-07-25 16:09:30,mediboard,서울특별시,0,0,A1100024,명지성모병원,1120,D,11,8,8,58354021,2,2,11,2026-07-25T16:05:10.004069,10,10
2026-07-25 16:09:30,mediboard,서울특별시,0,0,A1100036,부민병원,1104,D,11,7,10,58354394,1,1,11,2026-07-25T16:05:10.004069,8,11
2026-07-25 16:09:30,mediboard,서울특별시,4,4,A1100010,삼성서울병원,1101,C,11,-12,52,58354291,4,4,11,2026-07-25T16:05:10.004069,-4,60
2026-07-25 16:09:30,mediboard,서울특별시,0,0,A1100021,삼육서울병원,1111,C,11,9,13,58354292,3,7,11,2026-07-25T16:05:10.004069,12,20
2026-07-25 16:09:30,mediboard,서울특별시,5,12,A1100017,서울대학교병원,1123,A,11,-2,24,58354020,6,8,11,2026-07-25T16:05:10.004069,7,42
2026-07-25 16:09:30,mediboard,서울특별시,0,0,A1100050,서울성심병원,1111,D,11,13,17,58354296,3,3,11,2026-07-25T16:05:10.004069,16,20
2026-07-25 16:09:30,mediboard,서울특별시,0,0,A1100029,서울적십자병원,1123,D,11,9,10,58354124,1,1,11,2026-07-25T16:05:10.004069,10,11
2026-07-25 16:09:30,mediboard,서울특별시,0,0,A1100022,서울특별시동부병원,1111,D,11,7,8,58354067,2,2,11,2026-07-25T16:05:10.004069,9,10
2026-07-25 16:09:30,mediboard,서울특별시,3,3,A1100040,서울특별시보라매병원,1112,C,11,9,31,58354125,3,3,11,2026-07-25T16:05:10.004069,15,37
2026-07-25 16:09:30,mediboard,서울특별시,0,0,A1100223,서울특별시서남병원,1119,D,11,16,17,58354071,3,3,11,2026-07-25T16:05:10.004069,19,20
2026-07-25 16:09:30,mediboard,서울특별시,3,3,A1100035,서울특별시서울의료원,1125,A,11,10,19,58354294,5,5,11,2026-07-25T16:05:10.004069,18,27
2026-07-25 16:09:30,mediboard,서울특별시,0,0,A1100028,성심의료재단강동성심병원,1102,C,11,8,15,58354293,6,9,11,2026-07-25T16:05:10.004069,14,24
2026-07-25 16:09:30,mediboard,서울특별시,0,0,A1100054,성애의료재단성애병원,1120,C,11,7,15,58354342,5,11,11,2026-07-25T16:05:10.004069,12,26
2026-07-25 16:09:30,mediboard,서울특별시,0,0,A1100032,세란병원,1123,D,11,7,10,58354180,1,1,11,2026-07-25T16:05:10.004069,8,11
2026-07-25 16:09:30,mediboard,서울특별시,4,4,A1100004,순천향대학교부속서울병원,1121,C,11,9,20,58354176,3,3,11,2026-07-25T16:05:10.004069,16,27
2026-07-25 16:09:30,mediboard,서울특별시,0,0,A1100045,씨엠병원,1120,D,11,7,9,58354236,1,1,11,2026-07-25T16:05:10.004069,8,10
2026-07-25 16:09:30,mediboard,서울특별시,0,2,A1100015,연세대학교의과대학강남세브란스병원,1101,C,11,4,21,58354392,2,3,11,2026-07-25T16:05:10.004069,6,26
2026-07-25 16:09:30,mediboard,서울특별시,0,10,A1100007,연세대학교의과대학세브란스병원,1114,C,11,2,39,58354337,6,6,11,2026-07-25T16:05:10.004069,6,53
2026-07-25 16:09:30,mediboard,서울특별시,0,0,A1100025,의료법인동신의료재단동신병원,1114,D,11,3,9,58354339,1,1,11,2026-07-25T16:05:10.004069,4,10
2026-07-25 16:09:30,mediboard,서울특별시,0,0,A1100041,의료법인서울효천의료재단에이치플러스양지병원,1105,C,11,17,18,58354069,3,3,11,2026-07-25T16:05:10.004069,20,21
2026-07-25 16:09:30,mediboard,서울특별시,0,0,A1100023,의료법인청구성심병원,1122,D,11,8,10,58354068,1,1,11,2026-07-25T16:05:10.004069,9,11
2026-07-25 16:09:30,mediboard,서울특별시,0,0,A1100075,의료법인풍산의료재단동부제일병원,1125,D,11,7,7,58354024,1,1,11,2026-07-25T16:05:10.004069,8,8
2026-07-25 16:09:30,mediboard,서울특별시,2,2,A1100020,의료법인한전의료재단한일병원,1110,C,11,4,21,58354235,4,4,11,2026-07-25T16:05:10.004069,10,27
2026-07-25 16:09:30,mediboard,서울특별시,8,8,A1100005,이화여자대학교의과대학부속목동병원,1119,A,11,9,19,58354336,6,6,11,2026-07-25T16:05:10.004069,23,33
2026-07-25 16:09:30,mediboard,서울특별시,7,9,A1120796,이화여자대학교의과대학부속서울병원,1104,C,11,3,14,58354297,6,8,11,2026-07-25T16:05:10.004069,16,31
2026-07-25 16:09:30,mediboard,서울특별시,0,0,A1100016,인제대학교상계백병원,1109,C,11,9,16,58354338,4,7,11,2026-07-25T16:05:10.004069,13,23
2026-07-25 16:09:30,mediboard,서울특별시,4,14,A1100009,재단법인아산사회복지재단서울아산병원,1118,C,11,8,36,58354234,13,26,11,2026-07-25T16:05:10.004069,22,73
2026-07-25 16:09:30,mediboard,서울특별시,3,4,A1100003,중앙대학교병원,1112,C,11,1,18,58354175,0,0,11,2026-07-25T16:05:10.004069,4,22
2026-07-25 16:09:30,mediboard,서울특별시,7,9,A1100012,학교법인가톨릭학원가톨릭대학교서울성모병원,1115,C,11,-8,28,58354123,6,8,11,2026-07-25T16:05:10.004069,3,43
2026-07-25 16:09:30,mediboard,서울특별시,4,4,A1100008,학교법인고려중앙학원고려대학교의과대학부속병원(안암병원),1117,A,11,14,30,58354233,5,9,11,2026-07-25T16:05:10.004069,23,43
2026-07-25 16:09:30,mediboard,서울특별시,0,0,A1100053,한국보훈복지의료공단중앙보훈병원,1102,C,11,12,22,58354182,3,3,11,2026-07-25T16:05:10.004069,15,25
2026-07-25 16:09:30,mediboard,서울특별시,0,0,A1100027,한국원자력의학원원자력병원,1109,D,11,7,9,58354022,3,3,11,2026-07-25T16:05:10.004069,10,12
2026-07-25 16:09:30,mediboard,서울특별시,3,3,A1100055,한림대학교강남성심병원,1120,C,11,11,20,58354238,4,5,11,2026-07-25T16:05:10.004069,18,28
2026-07-25 16:09:30,mediboard,서울특별시,2,3,A1100013,한양대학교병원,1116,A,11,7,20,58354391,8,12,11,2026-07-25T16:05:10.004069,17,35
2026-07-25 16:09:30,mediboard,서울특별시,0,0,A1100051,혜민병원,1106,D,11,6,9,58354237,1,1,11,2026-07-25T16:05:10.004069,7,10
2026-07-25 16:09:30,mediboard,서울특별시,0,0,A1100019,홍익병원,1119,D,11,2,9,58354179,1,1,11,2026-07-25T16:05:10.004069,3,10
2026-07-25 16:09:30,mediboard,서울특별시,0,0,A1100049,희명병원,1108,D,11,3,10,58354395,1,1,11,2026-07-25T16:05:10.004069,4,11
2026-07-25 16:09:30,mediboard,부산광역시,0,0,A1200028,(의)서일의료재단기장병원,1203,D,12,6,9,58354299,1,1,12,2026-07-25T16:05:10.004069,7,10
2026-07-25 16:09:30,mediboard,부산광역시,0,0,A1200004,고신대학교복음병원,1211,C,12,16,25,58354072,5,5,12,2026-07-25T16:05:10.004069,21,30
2026-07-25 16:09:30,mediboard,부산광역시,0,0,A1200045,구포성심병원,1208,D,12,5,9,58354130,0,1,12,2026-07-25T16:05:10.004069,5,10
2026-07-25 16:09:30,mediboard,부산광역시,3,3,A1200018,대동병원,1206,C,12,8,15,58354185,3,3,12,2026-07-25T16:05:10.004069,14,21
2026-07-25 16:09:30,mediboard,부산광역시,0,0,A1200015,동남권원자력의학원원자력병원,1203,D,12,5,9,58354242,1,1,12,2026-07-25T16:05:10.004069,6,10
2026-07-25 16:09:30,mediboard,부산광역시,0,0,A1200011,동래봉생병원,1206,D,12,3,8,58354345,2,2,12,2026-07-25T16:05:10.004069,5,10
2026-07-25 16:09:30,mediboard,부산광역시,3,3,A1200003,동아대학교병원,1211,A,12,13,26,58354397,7,8,12,2026-07-25T16:05:10.004069,23,37
2026-07-25 16:09:30,mediboard,부산광역시,0,0,A1200024,부산광역시의료원,1213,D,12,14,18,58354347,2,8,12,2026-07-25T16:05:10.004069,16,26
2026-07-25 16:09:30,mediboard,부산광역시,3,3,A1200002,부산대학교병원,1211,C,12,9,19,58354026,3,3,12,2026-07-25T16:05:10.004069,15,25
2026-07-25 16:09:30,mediboard,부산광역시,4,4,A1200013,부산성모병원(재단법인 천주교부산교구유지재단),1204,D,12,8,10,58354241,5,5,12,2026-07-25T16:05:10.004069,17,19
2026-07-25 16:09:30,mediboard,부산광역시,0,0,A1200007,비에이치에스한서병원,1212,C,12,11,17,58354240,3,3,12,2026-07-25T16:05:10.004069,14,20
2026-07-25 16:09:30,mediboard,부산광역시,0,0,A1200021,삼육부산병원,1211,D,12,6,9,58354128,1,1,12,2026-07-25T16:05:10.004069,7,10
2026-07-25 16:09:30,mediboard,부산광역시,0,0,A1200014,영도병원,1214,D,12,6,7,58354127,2,2,12,2026-07-25T16:05:10.004069,8,9
2026-07-25 16:09:30,mediboard,부산광역시,0,0,A1200009,의료법인 광혜의료재단 광혜병원,1206,D,12,8,9,58354344,3,3,12,2026-07-25T16:05:10.004069,11,12
2026-07-25 16:09:30,mediboard,부산광역시,0,0,A1200098,의료법인 센텀의료재단 센텀종합병원,1212,D,12,8,9,58354243,1,1,12,2026-07-25T16:05:10.004069,9,10
2026-07-25 16:09:30,mediboard,부산광역시,0,0,A1200020,의료법인 온그룹의료재단 온병원,1207,C,12,19,20,58354027,3,3,12,2026-07-25T16:05:10.004069,22,23
2026-07-25 16:09:30,mediboard,부산광역시,0,0,A1200008,의료법인 은성의료재단 좋은강안병원,1212,D,12,13,18,58354183,3,3,12,2026-07-25T16:05:10.004069,16,21
2026-07-25 16:09:30,mediboard,부산광역시,1,1,A1200005,의료법인 은성의료재단 좋은삼선병원,1209,C,12,6,13,58354126,5,6,12,2026-07-25T16:05:10.004069,12,20
2026-07-25 16:09:30,mediboard,부산광역시,0,0,A1200006,의료법인 인당의료재단 부민병원,1208,D,12,9,10,58354343,2,2,12,2026-07-25T16:05:10.004069,11,12
2026-07-25 16:09:30,mediboard,부산광역시,0,0,A1205143,의료법인 인당의료재단 해운대부민병원,1216,D,12,2,9,58354300,1,1,12,2026-07-25T16:05:10.004069,3,10
2026-07-25 16:09:30,mediboard,부산광역시,0,0,A1200012,의료법인 행도의료재단 해동병원,1214,D,12,5,6,58354073,1,1,12,2026-07-25T16:05:10.004069,6,7
2026-07-25 16:09:30,mediboard,부산광역시,0,0,A1200017,의료법인정화의료재단 봉생기념병원,1205,D,12,8,9,58354184,2,2,12,2026-07-25T16:05:10.004069,10,11
2026-07-25 16:09:30,mediboard,부산광역시,1,3,A1200022,인제대학교 해운대백병원,1216,A,12,18,29,58354298,5,5,12,2026-07-25T16:05:10.004069,24,37
2026-07-25 16:09:30,mediboard,부산광역시,0,0,A1200001,인제대학교부산백병원,1207,C,12,10,18,58354239,3,3,12,2026-07-25T16:05:10.004069,13,21
2026-07-25 16:09:30,mediboard,부산광역시,0,0,A1200023,재단법인천주교부산교구유지재단 메리놀병원,1215,D,12,6,9,58354129,1,1,12,2026-07-25T16:05:10.004069,7,10
2026-07-25 16:09:30,mediboard,부산광역시,2,2,A1200026,좋은문화병원,1205,D,12,3,7,58354029,2,3,12,2026-07-25T16:05:10.004069,7,12
2026-07-25 16:09:30,mediboard,부산광역시,0,0,A1200025,학교법인 춘해병원,1207,D,12,8,9,58354028,1,1,12,2026-07-25T16:05:10.004069,9,10
2026-07-25 16:09:30,mediboard,부산광역시,0,0,A1200019,학교법인)동의병원,1207,D,12,13,14,58354074,1,1,12,2026-07-25T16:05:10.004069,14,15
2026-07-25 16:09:30,mediboard,부산광역시,0,0,A1200016,한국보훈복지의료공단 부산보훈병원,1209,D,12,9,11,58354346,2,2,12,2026-07-25T16:05:10.004069,11,13
2026-07-25 16:09:30,mediboard,인천광역시,0,0,A1300081,(재)미리내천주성삼성직수도회천주성삼병원,1307,D,13,4,9,58354245,1,2,13,2026-07-25T16:05:10.004069,5,11
2026-07-25 16:09:30,mediboard,인천광역시,0,0,A1300018,강남종합병원,1304,D,13,12,15,58354352,1,1,13,2026-07-25T16:05:10.004069,13,16
2026-07-25 16:09:30,mediboard,인천광역시,4,4,A1300002,경북대학교병원,1308,A,13,8,27,58354348,5,5,13,2026-07-25T16:05:10.004069,17,36
2026-07-25 16:09:30,mediboard,인천광역시,0,0,A1303386,계명대학교대구동산병원,1308,D,13,9,12,58354076,2,2,13,2026-07-25T16:05:10.004069,11,14
2026-07-25 16:09:30,mediboard,인천광역시,0,0,A1300003,계명대학교동산병원,1302,C,13,5,20,58354030,5,5,13,2026-07-25T16:05:10.004069,10,25
2026-07-25 16:09:30,mediboard,인천광역시,0,0,A1300008,곽병원,1308,D,13,6,10,58354351,2,2,13,2026-07-25T16:05:10.004069,8,12
2026-07-25 16:09:30,mediboard,인천광역시,0,0,A1300038,나사렛종합병원,1302,D,13,2,9,58354398,3,10,13,2026-07-25T16:05:10.004069,5,19
2026-07-25 16:09:30,mediboard,인천광역시,0,0,A1300004,대구가톨릭대학교병원,1301,C,13,14,24,58354132,4,4,13,2026-07-25T16:05:10.004069,18,28
2026-07-25 16:09:30,mediboard,인천광역시,0,0,A1300005,대구가톨릭대학교칠곡가톨릭병원,1305,D,13,6,9,58354349,1,1,13,2026-07-25T16:05:10.004069,7,10
2026-07-25 16:09:30,mediboard,인천광역시,0,0,A1300076,대구굿모닝병원,1306,D,13,15,17,58354353,2,2,13,2026-07-25T16:05:10.004069,17,19
2026-07-25 16:09:30,mediboard,인천광역시,0,0,A1300007,대구의료원,1306,D,13,16,18,58354350,2,2,13,2026-07-25T16:05:10.004069,18,20
2026-07-25 16:09:30,mediboard,인천광역시,3,5,A1300009,대구파티마병원,1304,C,13,8,25,58354133,7,7,13,2026-07-25T16:05:10.004069,18,37
2026-07-25 16:09:30,mediboard,인천광역시,0,0,A1300110,더블유병원,1302,D,13,0,10,58354186,1,1,13,2026-07-25T16:05:10.004069,1,11
2026-07-25 16:09:30,mediboard,인천광역시,0,0,A1300034,드림종합병원,1301,D,13,5,8,58354244,2,2,13,2026-07-25T16:05:10.004069,7,10
2026-07-25 16:09:30,mediboard,인천광역시,0,0,A1300045,삼일병원,1302,D,13,7,14,58354135,1,1,13,2026-07-25T16:05:10.004069,8,15
2026-07-25 16:09:30,mediboard,인천광역시,3,3,A1300001,영남대학교병원,1301,A,13,19,28,58354131,4,5,13,2026-07-25T16:05:10.004069,26,36
2026-07-25 16:09:30,mediboard,인천광역시,0,0,A1300006,의료법인구의료재단구병원,1302,D,13,3,10,58354075,1,1,13,2026-07-25T16:05:10.004069,4,11
2026-07-25 16:09:30,mediboard,인천광역시,7,9,A1300010,칠곡경북대학교병원,1305,C,13,11,23,58354301,6,6,13,2026-07-25T16:05:10.004069,22,36
2026-07-25 16:09:30,mediboard,인천광역시,0,0,A1300011,한국보훈복지의료공단대구보훈병원,1302,D,13,11,12,58354134,2,2,13,2026-07-25T16:05:10.004069,13,14
2026-07-25 16:09:30,mediboard,대구광역시,0,0,A1400008,(의)성세의료재단 뉴성민병원,1407,D,14,5,9,58354078,1,1,14,2026-07-25T16:05:10.004069,6,10
2026-07-25 16:09:30,mediboard,대구광역시,3,3,A1400015,가톨릭관동대학교국제성모병원,1407,C,14,17,23,58354189,4,5,14,2026-07-25T16:05:10.004069,24,31
2026-07-25 16:09:30,mediboard,대구광역시,3,4,A1400012,가톨릭대학교 인천성모병원,1406,C,14,1,19,58354303,5,8,14,2026-07-25T16:05:10.004069,9,31
2026-07-25 16:09:30,mediboard,대구광역시,0,0,A1400010,검단탑병원,1407,C,14,17,18,58354031,3,3,14,2026-07-25T16:05:10.004069,20,21
2026-07-25 16:09:30,mediboard,대구광역시,0,0,A1403617,비에스종합병원,1401,D,14,6,10,58354248,1,1,14,2026-07-25T16:05:10.004069,7,11
2026-07-25 16:09:30,mediboard,대구광역시,0,0,A1400013,안은의료재단 부평세림병원,1406,C,14,13,16,58354188,4,4,14,2026-07-25T16:05:10.004069,17,20
2026-07-25 16:09:30,mediboard,대구광역시,0,0,A1400005,온누리병원,1407,D,14,7,9,58354302,2,2,14,2026-07-25T16:05:10.004069,9,11
2026-07-25 16:09:30,mediboard,대구광역시,11,11,A1400001,의료법인 길의료재단 길병원,1404,A,14,11,25,58354354,4,7,14,2026-07-25T16:05:10.004069,24,41
2026-07-25 16:09:30,mediboard,대구광역시,0,0,A1400011,의료법인 나사렛의료재단 나사렛국제병원,1408,C,14,14,17,58354032,3,5,14,2026-07-25T16:05:10.004069,17,22
2026-07-25 16:09:30,mediboard,대구광역시,0,0,A1400003,의료법인 루가의료재단 나은병원,1407,C,14,8,11,58354077,10,10,14,2026-07-25T16:05:10.004069,18,21
2026-07-25 16:09:30,mediboard,대구광역시,0,0,A1400007,의료법인 성수의료재단 인천백병원,1405,D,14,4,5,58354187,1,1,14,2026-07-25T16:05:10.004069,5,6
2026-07-25 16:09:30,mediboard,대구광역시,0,0,A1400014,의료법인인성의료재단한림병원,1402,C,14,11,17,58354304,3,4,14,2026-07-25T16:05:10.004069,14,21
2026-07-25 16:09:30,mediboard,대구광역시,0,0,A1400017,인천광역시의료원,1405,D,14,13,15,58354080,2,2,14,2026-07-25T16:05:10.004069,15,17
2026-07-25 16:09:30,mediboard,대구광역시,0,0,A1400037,인천광역시의료원백령병원,1409,D,14,5,5,58354191,1,1,14,2026-07-25T16:05:10.004069,6,6
2026-07-25 16:09:30,mediboard,대구광역시,0,0,A1400009,인천기독병원,1410,D,14,7,8,58354079,1,1,14,2026-07-25T16:05:10.004069,8,9
2026-07-25 16:09:30,mediboard,대구광역시,0,0,A1400016,인천사랑병원,1403,C,14,8,14,58354246,7,7,14,2026-07-25T16:05:10.004069,15,21
2026-07-25 16:09:30,mediboard,대구광역시,0,0,A1403372,인천세종병원,1402,C,14,11,18,58354247,3,3,14,2026-07-25T16:05:10.004069,14,21
2026-07-25 16:09:30,mediboard,대구광역시,0,0,A1400018,인천적십자병원,1408,D,14,8,8,58354190,2,2,14,2026-07-25T16:05:10.004069,10,10
2026-07-25 16:09:30,mediboard,대구광역시,0,0,A1403871,인천힘찬종합병원,1404,D,14,15,17,58354305,3,6,14,2026-07-25T16:05:10.004069,18,23
2026-07-25 16:09:30,mediboard,대구광역시,4,9,A1400002,인하대학교의과대학부속병원,1410,A,14,6,20,58354136,9,9,14,2026-07-25T16:05:10.004069,17,36
2026-07-25 16:09:30,mediboard,대구광역시,0,0,A1400004,현대유비스병원,1403,D,14,15,18,58354355,1,1,14,2026-07-25T16:05:10.004069,16,19
2026-07-25 16:09:30,mediboard,광주광역시,6,7,A1500019,KS병원,1501,C,15,7,15,58354306,3,3,15,2026-07-25T16:05:10.004069,16,25
2026-07-25 16:09:30,mediboard,광주광역시,0,0,A1500021,광주기독병원,1502,C,15,10,20,58354307,3,6,15,2026-07-25T16:05:10.004069,13,26
2026-07-25 16:09:30,mediboard,광주광역시,0,0,A1500015,광주병원,1504,D,15,5,10,58354035,1,1,15,2026-07-25T16:05:10.004069,6,11
2026-07-25 16:09:30,mediboard,광주광역시,0,0,A1500004,광주보훈병원,1501,D,15,12,14,58354137,2,2,15,2026-07-25T16:05:10.004069,14,16
2026-07-25 16:09:30,mediboard,광주광역시,0,0,A1502007,광주센트럴병원,1501,D,15,7,10,58354359,1,1,15,2026-07-25T16:05:10.004069,8,11
2026-07-25 16:09:30,mediboard,광주광역시,0,0,A1500018,광주수완병원,1501,D,15,8,9,58354036,0,1,15,2026-07-25T16:05:10.004069,8,10
2026-07-25 16:09:30,mediboard,광주광역시,0,0,A1500009,광주씨티병원,1502,D,15,7,10,58354033,1,1,15,2026-07-25T16:05:10.004069,8,11
2026-07-25 16:09:30,mediboard,광주광역시,0,0,A1500005,광주일곡병원,1504,D,15,5,9,58354399,1,1,15,2026-07-25T16:05:10.004069,6,10
2026-07-25 16:09:30,mediboard,광주광역시,0,0,A1500016,광주한국병원,1505,D,15,13,15,58354251,1,1,15,2026-07-25T16:05:10.004069,14,16
2026-07-25 16:09:30,mediboard,광주광역시,0,0,A1500003,광주현대병원,1504,D,15,6,9,58354249,2,2,15,2026-07-25T16:05:10.004069,8,11
2026-07-25 16:09:30,mediboard,광주광역시,0,0,A1500007,광주희망병원,1504,D,15,9,9,58354081,1,1,15,2026-07-25T16:05:10.004069,10,10
2026-07-25 16:09:30,mediboard,광주광역시,0,0,A1500013,동아병원,1502,D,15,2,9,58354034,1,1,15,2026-07-25T16:05:10.004069,3,10
2026-07-25 16:09:30,mediboard,광주광역시,0,0,A1500014,미래로21병원,1505,D,15,6,9,58354250,1,1,15,2026-07-25T16:05:10.004069,7,10
2026-07-25 16:09:30,mediboard,광주광역시,0,0,A1500022,상무병원,1505,D,15,8,9,58354358,1,1,15,2026-07-25T16:05:10.004069,9,10
2026-07-25 16:09:30,mediboard,광주광역시,2,2,A1500020,서광병원,1505,C,15,12,18,58354402,3,3,15,2026-07-25T16:05:10.004069,17,23
2026-07-25 16:09:30,mediboard,광주광역시,0,0,A1500006,신가병원,1501,D,15,6,9,58354400,2,2,15,2026-07-25T16:05:10.004069,8,11
2026-07-25 16:09:30,mediboard,광주광역시,0,0,A1500010,운암한국병원,1504,D,15,6,9,58354357,1,1,15,2026-07-25T16:05:10.004069,7,10
2026-07-25 16:09:30,mediboard,광주광역시,3,4,A1500002,전남대학교병원,1503,A,15,9,28,58354356,4,7,15,2026-07-25T16:05:10.004069,16,39
2026-07-25 16:09:30,mediboard,광주광역시,4,4,A1500001,조선대학교병원,1503,A,15,13,23,58354192,4,5,15,2026-07-25T16:05:10.004069,21,32
2026-07-25 16:09:30,mediboard,광주광역시,0,0,A1500011,첨단종합병원,1501,C,15,17,22,58354401,3,3,15,2026-07-25T16:05:10.004069,20,25
2026-07-25 16:09:30,mediboard,광주광역시,0,0,A1500017,하남성심병원,1501,D,15,18,19,58354193,1,2,15,2026-07-25T16:05:10.004069,19,21
2026-07-25 16:09:30,mediboard,대전광역시,0,0,A1600004,대전보훈병원,1601,D,16,7,7,58354037,2,2,16,2026-07-25T16:05:10.004069,9,9
2026-07-25 16:09:30,mediboard,대전광역시,0,0,A1600003,대전한국병원,1602,D,16,4,9,58354194,1,1,16,2026-07-25T16:05:10.004069,5,10
2026-07-25 16:09:30,mediboard,대전광역시,0,0,A1602246,대청병원,1603,D,16,6,9,58354308,1,1,16,2026-07-25T16:05:10.004069,7,10
2026-07-25 16:09:30,mediboard,대전광역시,0,0,A1600008,의료법인영훈의료재단대전선병원,1605,C,16,14,17,58354195,4,9,16,2026-07-25T16:05:10.004069,18,26
2026-07-25 16:09:30,mediboard,대전광역시,0,0,A1600007,의료법인영훈의료재단유성선병원,1604,C,16,9,17,58354083,3,7,16,2026-07-25T16:05:10.004069,12,24
2026-07-25 16:09:30,mediboard,대전광역시,5,6,A1600001,충남대학교병원,1605,A,16,10,28,58354138,5,5,16,2026-07-25T16:05:10.004069,20,39
2026-07-25 16:09:30,mediboard,대전광역시,0,0,A1600005,학교법인가톨릭학원가톨릭대학교대전성모병원,1605,C,16,16,19,58354403,3,3,16,2026-07-25T16:05:10.004069,19,22
2026-07-25 16:09:30,mediboard,대전광역시,2,5,A1600006,학교법인건양교육재단건양대학교병원,1603,A,16,10,24,58354082,5,5,16,2026-07-25T16:05:10.004069,17,34
2026-07-25 16:09:30,mediboard,대전광역시,0,0,A1600002,학교법인을지학원대전을지대학교병원,1603,C,16,18,23,58354360,6,6,16,2026-07-25T16:05:10.004069,24,29
2026-07-25 16:09:30,mediboard,울산광역시,0,0,A1700001,서울산보람병원,1704,D,17,7,10,58354084,1,1,17,2026-07-25T16:05:10.004069,8,11
2026-07-25 16:09:30,mediboard,울산광역시,0,0,A1700003,울산병원,1701,C,17,10,19,58354252,3,3,17,2026-07-25T16:05:10.004069,13,22
2026-07-25 16:09:30,mediboard,울산광역시,0,0,A1700002,의료법인동강의료재단동강병원,1705,C,17,20,24,58354309,3,3,17,2026-07-25T16:05:10.004069,23,27
2026-07-25 16:09:30,mediboard,울산광역시,0,0,A1700025,의료법인송은의료재단울산시티병원,1703,C,17,12,17,58354253,3,3,17,2026-07-25T16:05:10.004069,15,20
2026-07-25 16:09:30,mediboard,울산광역시,0,0,A1700011,의료법인은성의료재단좋은삼정병원,1701,D,17,4,9,58354310,1,1,17,2026-07-25T16:05:10.004069,5,10
2026-07-25 16:09:30,mediboard,울산광역시,0,0,A1700028,의료법인정안의료재단중앙병원,1701,C,17,7,17,58354139,2,3,17,2026-07-25T16:05:10.004069,9,20
2026-07-25 16:09:30,mediboard,울산광역시,8,8,A1700004,학교법인울산공업학원울산대학교병원,1702,A,17,11,23,58354196,5,6,17,2026-07-25T16:05:10.004069,24,37
2026-07-25 16:09:30,mediboard,경기도,0,0,A2100019,(의)영문의료재단다보스병원,2136,C,21,12,13,58354040,7,7,21,2026-07-25T16:05:10.004069,19,20
2026-07-25 16:09:30,mediboard,경기도,0,0,A2100122,(의)효심의료재단용인서울병원,2136,D,21,9,10,58354412,0,0,21,2026-07-25T16:05:10.004069,9,10
2026-07-25 16:09:30,mediboard,경기도,0,0,A2100052,가톨릭대학교부천성모병원,2113,C,21,20,31,58354045,6,6,21,2026-07-25T16:05:10.004069,26,37
2026-07-25 16:09:30,mediboard,경기도,8,8,A2100012,가톨릭대학교성빈센트병원,2122,C,21,18,28,58354197,6,6,21,2026-07-25T16:05:10.004069,30,40
2026-07-25 16:09:30,mediboard,경기도,10,11,A2100040,가톨릭대학교의정부성모병원,2138,A,21,21,44,58354092,6,6,21,2026-07-25T16:05:10.004069,37,61
2026-07-25 16:09:30,mediboard,경기도,0,0,A2100029,강남병원,2134,C,21,9,17,58354313,3,3,21,2026-07-25T16:05:10.004069,12,20
2026-07-25 16:09:30,mediboard,경기도,0,0,A2100032,경기도의료원수원병원,2121,D,21,6,8,58354255,5,5,21,2026-07-25T16:05:10.004069,11,13
2026-07-25 16:09:30,mediboard,경기도,0,0,A2100045,경기도의료원안성병원,2126,D,21,12,14,58354256,1,5,21,2026-07-25T16:05:10.004069,13,19
2026-07-25 16:09:30,mediboard,경기도,0,0,A2100043,경기도의료원의정부병원,2138,D,21,9,10,58354408,1,1,21,2026-07-25T16:05:10.004069,10,11
2026-07-25 16:09:30,mediboard,경기도,0,0,A2100193,경기도의료원이천병원,2139,C,21,14,17,58354094,3,3,21,2026-07-25T16:05:10.004069,17,20
2026-07-25 16:09:30,mediboard,경기도,0,0,A2100035,경기도의료원파주병원,2140,C,21,17,17,58354043,3,3,21,2026-07-25T16:05:10.004069,20,20
2026-07-25 16:09:30,mediboard,경기도,0,0,A2100031,경기도의료원포천병원,2142,C,21,14,17,58354200,3,3,21,2026-07-25T16:05:10.004069,17,20
2026-07-25 16:09:30,mediboard,경기도,4,4,A2100003,고려대학교의과대학부속안산병원,2124,A,21,6,22,58354087,6,8,21,2026-07-25T16:05:10.004069,16,34
2026-07-25 16:09:30,mediboard,경기도,4,4,A2100007,광명성애병원,2106,C,21,2,11,58354362,5,5,21,2026-07-25T16:05:10.004069,11,20
2026-07-25 16:09:30,mediboard,경기도,0,0,A2100258,국군수도병원,2116,D,21,13,16,58354315,0,2,21,2026-07-25T16:05:10.004069,13,18
2026-07-25 16:09:30,mediboard,경기도,0,0,A2100049,국립암센터,2103,D,21,13,24,58354202,1,1,21,2026-07-25T16:05:10.004069,14,25
2026-07-25 16:09:30,mediboard,경기도,5,5,A2100033,국민건강보험공단일산병원,2103,A,21,7,23,58354406,3,5,21,2026-07-25T16:05:10.004069,15,33
2026-07-25 16:09:30,mediboard,경기도,0,0,A2100014,근로복지공단안산병원,2125,D,21,6,7,58354141,1,1,21,2026-07-25T16:05:10.004069,7,8
2026-07-25 16:09:30,mediboard,경기도,0,0,A2100041,남양주한양병원,2111,C,21,8,17,58354407,3,3,21,2026-07-25T16:05:10.004069,11,20
2026-07-25 16:09:30,mediboard,경기도,0,0,A2100017,대아의료재단한도병원,2124,C,21,10,17,58354142,3,3,21,2026-07-25T16:05:10.004069,13,20
2026-07-25 16:09:30,mediboard,경기도,3,3,A2100025,대진의료재단분당제생병원,2116,C,21,1,24,58354364,2,3,21,2026-07-25T16:05:10.004069,6,30
2026-07-25 16:09:30,mediboard,경기도,3,3,A2100047,동국대학교일산불교병원,2103,C,21,5,19,58354201,7,7,21,2026-07-25T16:05:10.004069,15,29
2026-07-25 16:09:30,mediboard,경기도,0,0,A2100131,메디인병원,2140,D,21,12,12,58354366,2,2,21,2026-07-25T16:05:10.004069,14,14
2026-07-25 16:09:30,mediboard,경기도,0,0,A2121142,메디필드한강병원,2136,D,21,14,17,58354371,3,3,21,2026-07-25T16:05:10.004069,17,20
2026-07-25 16:09:30,mediboard,경기도,0,0,A2100055,부천세종병원,2113,C,21,13,17,58354147,3,3,21,2026-07-25T16:05:10.004069,16,20
2026-07-25 16:09:30,mediboard,경기도,3,5,A2100001,분당서울대학교병원,2116,A,21,-16,30,58354086,5,5,21,2026-07-25T16:05:10.004069,-8,40
2026-07-25 16:09:30,mediboard,경기도,6,6,A2116806,성남시의료원,2117,C,21,14,17,58354370,5,6,21,2026-07-25T16:05:10.004069,25,29
2026-07-25 16:09:30,mediboard,경기도,0,0,A2100194,세종여주병원,2131,D,21,2,6,58354046,8,10,21,2026-07-25T16:05:10.004069,10,16
2026-07-25 16:09:30,mediboard,경기도,0,0,A2100016,순천의료재단성남정병원,2117,D,21,8,9,58354090,2,2,21,2026-07-25T16:05:10.004069,10,11
2026-07-25 16:09:30,mediboard,경기도,5,5,A2100005,순천향대학교부속부천병원,2113,A,21,10,17,58354039,3,5,21,2026-07-25T16:05:10.004069,18,27
2026-07-25 16:09:30,mediboard,경기도,12,14,A2100002,아주대학교병원,2120,A,21,8,32,58354140,11,13,21,2026-07-25T16:05:10.004069,27,54
2026-07-25 16:09:30,mediboard,경기도,0,0,A2100305,안성성모병원,2126,D,21,5,9,58354369,1,1,21,2026-07-25T16:05:10.004069,6,10
2026-07-25 16:09:30,mediboard,경기도,0,0,A2100089,양평병원,2130,D,21,4,9,58354258,1,1,21,2026-07-25T16:05:10.004069,5,10
2026-07-25 16:09:30,mediboard,경기도,0,0,A2118188,엘병원,2111,D,21,8,8,58354260,2,2,21,2026-07-25T16:05:10.004069,10,10
2026-07-25 16:09:30,mediboard,경기도,2,6,A2100020,연세대학교의과대학용인세브란스병원,2134,C,21,6,16,58354404,4,4,21,2026-07-25T16:05:10.004069,12,26
2026-07-25 16:09:30,mediboard,경기도,0,0,E2100187,연천군보건의료원,2132,D,21,9,10,58354064,0,0,21,2026-07-25T16:05:10.004069,9,10
2026-07-25 16:09:30,mediboard,경기도,0,0,A2100024,오산한국병원,2133,C,21,14,17,58354405,3,3,21,2026-07-25T16:05:10.004069,17,20
2026-07-25 16:09:30,mediboard,경기도,0,0,A2100048,원광대학교산본병원,2109,C,21,14,17,58354146,2,3,21,2026-07-25T16:05:10.004069,16,20
2026-07-25 16:09:30,mediboard,경기도,0,0,A2100013,의료법인 록향의료재단 신천연합병원,2123,D,21,7,10,58354363,1,1,21,2026-07-25T16:05:10.004069,8,11
2026-07-25 16:09:30,mediboard,경기도,0,0,A2100036,의료법인 일심의료재단 포천우리병원,2142,D,21,17,18,58354145,4,4,21,2026-07-25T16:05:10.004069,21,22
2026-07-25 16:09:30,mediboard,경기도,0,0,A2100309,의료법인갈렌의료재단박병원,2141,D,21,8,10,58354204,1,1,21,2026-07-25T16:05:10.004069,9,11
2026-07-25 16:09:30,mediboard,경기도,5,5,A2100008,의료법인남촌의료재단시화병원,2123,C,21,9,16,58354088,5,6,21,2026-07-25T16:05:10.004069,19,27
2026-07-25 16:09:30,mediboard,경기도,0,0,A2100009,의료법인녹산의료재단동수원병원,2122,C,21,15,17,58354254,3,3,21,2026-07-25T16:05:10.004069,18,20
2026-07-25 16:09:30,mediboard,경기도,0,0,A2100050,의료법인대인의료재단다니엘종합병원,2113,D,21,5,6,58354410,4,4,21,2026-07-25T16:05:10.004069,9,10
2026-07-25 16:09:30,mediboard,경기도,3,3,A2121061,의료법인덕산의료재단수원덕산병원,2119,D,21,15,24,58354413,3,3,21,2026-07-25T16:05:10.004069,21,30
2026-07-25 16:09:30,mediboard,경기도,0,0,A2117135,의료법인명인의료재단화홍병원,2119,C,21,10,15,58354149,5,5,21,2026-07-25T16:05:10.004069,15,20
2026-07-25 16:09:30,mediboard,경기도,3,3,A2100042,의료법인명지의료재단명지병원,2102,A,21,3,15,58354365,8,11,21,2026-07-25T16:05:10.004069,11,26
2026-07-25 16:09:30,mediboard,경기도,0,0,A2100022,의료법인박애의료재단박애병원,2141,D,21,8,10,58354143,1,1,21,2026-07-25T16:05:10.004069,9,11
2026-07-25 16:09:30,mediboard,경기도,0,0,A2100028,의료법인백송의료재단굿모닝병원,2141,C,21,8,19,58354144,9,9,21,2026-07-25T16:05:10.004069,17,28
2026-07-25 16:09:30,mediboard,경기도,0,0,A2100027,의료법인석경의료재단센트럴병원,2123,D,21,17,18,58354199,3,3,21,2026-07-25T16:05:10.004069,20,21
2026-07-25 16:09:30,mediboard,경기도,0,0,A2116972,의료법인성광의료재단일산차병원,2103,D,21,3,6,58354148,2,4,21,2026-07-25T16:05:10.004069,5,10
2026-07-25 16:09:30,mediboard,경기도,0,0,A2113246,의료법인양진의료재단평택성모병원,2141,C,21,12,17,58354205,3,3,21,2026-07-25T16:05:10.004069,15,20
2026-07-25 16:09:30,mediboard,경기도,0,0,A2100034,의료법인영동의료재단의정부백병원,2138,D,21,9,10,58354042,2,2,21,2026-07-25T16:05:10.004069,11,12
2026-07-25 16:09:30,mediboard,경기도,0,0,A2100053,의료법인우리의료재단김포우리병원,2110,C,21,7,22,58354257,7,7,21,2026-07-25T16:05:10.004069,14,29
2026-07-25 16:09:30,mediboard,경기도,0,0,A2115699,의료법인원광의료재단원광종합병원,2146,D,21,9,9,58354095,1,1,21,2026-07-25T16:05:10.004069,10,10
2026-07-25 16:09:30,mediboard,경기도,0,0,A2100018,의료법인은혜와감사의료재단화성중앙종합병원,2144,D,21,5,9,58354312,1,1,21,2026-07-25T16:05:10.004069,6,10
2026-07-25 16:09:30,mediboard,경기도,0,0,A2100006,의료법인인봉의료재단뉴고려병원,2110,C,21,9,14,58354361,6,6,21,2026-07-25T16:05:10.004069,15,20
2026-07-25 16:09:30,mediboard,경기도,0,0,A2100290,의료법인자인의료재단(더자인병원),2102,D,21,14,16,58354203,4,4,21,2026-07-25T16:05:10.004069,18,20
2026-07-25 16:09:30,mediboard,경기도,0,0,A2100124,의료법인칠석의료재단사랑의병원,2125,D,21,6,13,58354093,1,1,21,2026-07-25T16:05:10.004069,7,14
2026-07-25 16:09:30,mediboard,경기도,0,0,A2100175,의료법인토마스의료재단윌스기념병원,2122,D,21,14,18,58354368,3,3,21,2026-07-25T16:05:10.004069,17,21
2026-07-25 16:09:30,mediboard,경기도,0,0,A2100021,의료법인플러스의료재단단원병원,2124,D,21,8,17,58354198,3,3,21,2026-07-25T16:05:10.004069,11,20
2026-07-25 16:09:30,mediboard,경기도,0,4,A2100038,인제대학교일산백병원,2104,C,21,18,34,58354314,5,6,21,2026-07-25T16:05:10.004069,23,44
2026-07-25 16:09:30,mediboard,경기도,0,0,A2118788,중앙대학교광명병원,2106,C,21,13,21,58354047,3,3,21,2026-07-25T16:05:10.004069,16,24
2026-07-25 16:09:30,mediboard,경기도,9,13,A2100030,차의과학대학교분당차병원,2116,A,21,10,22,58354041,7,7,21,2026-07-25T16:05:10.004069,24,40
2026-07-25 16:09:30,mediboard,경기도,1,1,A2100155,참조은병원,2107,C,21,0,9,58354367,10,10,21,2026-07-25T16:05:10.004069,11,20
2026-07-25 16:09:30,mediboard,경기도,0,0,A2100150,추병원,2138,D,21,12,12,58354259,2,2,21,2026-07-25T16:05:10.004069,14,14
2026-07-25 16:09:30,mediboard,경기도,6,6,A2117994,학교법인을지학원의정부을지대학교병원,2138,C,21,22,30,58354150,9,11,21,2026-07-25T16:05:10.004069,37,47
2026-07-25 16:09:30,mediboard,경기도,9,9,A2100046,한림대학교동탄성심병원,2147,C,21,24,32,58354409,3,3,21,2026-07-25T16:05:10.004069,36,44
2026-07-25 16:09:30,mediboard,경기도,1,3,A2100004,한림대학교성심병원,2127,A,21,6,25,58354038,9,11,21,2026-07-25T16:05:10.004069,16,39
2026-07-25 16:09:30,mediboard,경기도,0,0,A2100039,한양대학교구리병원,2108,C,21,16,18,58354091,5,5,21,2026-07-25T16:05:10.004069,21,23
2026-07-25 16:09:30,mediboard,경기도,0,0,A2100037,현대병원,2111,C,21,6,17,58354044,3,3,21,2026-07-25T16:05:10.004069,9,20
2026-07-25 16:09:30,mediboard,경기도,0,0,A2100015,효산의료재단안양샘병원,2128,C,21,7,17,58354089,3,3,21,2026-07-25T16:05:10.004069,10,20
2026-07-25 16:09:30,mediboard,경기도,0,0,A2100054,효산의료재단지샘병원,2109,C,21,15,18,58354411,4,4,21,2026-07-25T16:05:10.004069,19,22
2026-07-25 16:09:30,mediboard,강원특별자치도,3,3,A2200008,강릉아산병원,2201,A,22,4,23,58354261,4,5,22,2026-07-25T16:05:10.004069,11,31
2026-07-25 16:09:30,mediboard,강원특별자치도,3,3,A2200009,강원대학교병원,2213,C,22,6,21,58354414,4,5,22,2026-07-25T16:05:10.004069,13,29
2026-07-25 16:09:30,mediboard,강원특별자치도,0,0,A2200011,강원특별자치도강릉의료원,2201,D,22,1,5,58354207,1,1,22,2026-07-25T16:05:10.004069,2,6
2026-07-25 16:09:30,mediboard,강원특별자치도,1,1,A2200007,강원특별자치도삼척의료원,2204,C,22,13,16,58354048,3,5,22,2026-07-25T16:05:10.004069,17,22
2026-07-25 16:09:30,mediboard,강원특별자치도,0,0,A2200012,강원특별자치도속초의료원,2205,C,22,17,17,58354415,3,3,22,2026-07-25T16:05:10.004069,20,20
2026-07-25 16:09:30,mediboard,강원특별자치도,0,0,A2200002,강원특별자치도영월의료원,2208,D,22,7,9,58354096,1,1,22,2026-07-25T16:05:10.004069,8,10
2026-07-25 16:09:30,mediboard,강원특별자치도,0,0,A2200015,강원특별자치도원주의료원,2209,D,22,12,17,58354209,3,3,22,2026-07-25T16:05:10.004069,15,20
2026-07-25 16:09:30,mediboard,강원특별자치도,0,0,A2200048,근로복지공단정선병원,2211,D,22,4,5,58354152,1,1,22,2026-07-25T16:05:10.004069,5,6
2026-07-25 16:09:30,mediboard,강원특별자치도,0,0,A2200004,근로복지공단태백병원,2214,D,22,8,9,58354151,1,1,22,2026-07-25T16:05:10.004069,9,10
2026-07-25 16:09:30,mediboard,강원특별자치도,2,3,A2200001,연세대학교원주세브란스기독병원,2209,A,22,23,31,58354206,28,45,22,2026-07-25T16:05:10.004069,53,79
2026-07-25 16:09:30,mediboard,강원특별자치도,0,0,A2200005,의료법인강릉동인병원,2201,C,22,16,17,58354317,3,3,22,2026-07-25T16:05:10.004069,19,20
2026-07-25 16:09:30,mediboard,강원특별자치도,0,0,A2200003,의료법인동해동인병원,2203,D,22,7,10,58354316,1,1,22,2026-07-25T16:05:10.004069,8,11
2026-07-25 16:09:30,mediboard,강원특별자치도,0,0,A2200037,의료법인성심의료재단양구성심병원,2206,D,22,4,5,58354416,1,1,22,2026-07-25T16:05:10.004069,5,6
2026-07-25 16:09:30,mediboard,강원특별자치도,0,0,A2200024,의료법인성지의료재단성지병원,2209,D,22,0,7,58354263,1,1,22,2026-07-25T16:05:10.004069,1,8
2026-07-25 16:09:30,mediboard,강원특별자치도,0,0,A2200046,의료법인온세움의료재단온재병원,2205,D,22,0,9,58354417,1,1,22,2026-07-25T16:05:10.004069,1,10
2026-07-25 16:09:30,mediboard,강원특별자치도,0,0,A2201730,철원병원,2212,D,22,4,5,58354097,1,1,22,2026-07-25T16:05:10.004069,5,6
2026-07-25 16:09:30,mediboard,강원특별자치도,0,0,E2200026,평창군보건의료원,2215,D,22,6,6,58354173,1,1,22,2026-07-25T16:05:10.004069,7,7
2026-07-25 16:09:30,mediboard,강원특별자치도,3,3,A2200013,한림대학교춘천성심병원,2213,A,22,7,22,58354049,5,5,22,2026-07-25T16:05:10.004069,15,30
2026-07-25 16:09:30,mediboard,강원특별자치도,0,0,A2200014,홍천아산병원,2216,D,22,3,10,58354208,0,0,22,2026-07-25T16:05:10.004069,3,10
2026-07-25 16:09:30,mediboard,강원특별자치도,0,0,E2200025,화천군보건의료원,2217,D,22,7,7,58354288,1,1,22,2026-07-25T16:05:10.004069,8,8
2026-07-25 16:09:30,mediboard,강원특별자치도,0,0,A2200016,횡성대성병원,2218,D,22,9,9,58354262,1,1,22,2026-07-25T16:05:10.004069,10,10
2026-07-25 16:09:30,mediboard,충청북도,0,0,A2300010,건국대학교충주병원,2314,C,23,12,20,58354418,3,3,23,2026-07-25T16:05:10.004069,15,23
2026-07-25 16:09:30,mediboard,충청북도,0,0,E2300011,단양군보건의료원,2302,D,23,6,6,58354121,1,2,23,2026-07-25T16:05:10.004069,7,8
2026-07-25 16:09:30,mediboard,충청북도,0,0,A2300013,의료법인 건명의료재단 중앙제일병원,2309,C,23,16,17,58354318,3,5,23,2026-07-25T16:05:10.004069,19,22
2026-07-25 16:09:30,mediboard,충청북도,0,0,A2300034,의료법인대광의료재단괴산성모병원,2301,D,23,3,9,58354212,0,1,23,2026-07-25T16:05:10.004069,3,10
2026-07-25 16:09:30,mediboard,충청북도,3,3,A2300009,의료법인명지의료재단명지병원,2307,C,23,12,18,58354211,6,6,23,2026-07-25T16:05:10.004069,21,27
2026-07-25 16:09:30,mediboard,충청북도,0,0,A2300007,의료법인인화재단한국병원,2310,C,23,-1,14,58354210,6,6,23,2026-07-25T16:05:10.004069,5,20
2026-07-25 16:09:30,mediboard,충청북도,0,0,A2300005,의료법인자산의료재단제천서울병원,2307,C,23,14,15,58354100,5,5,23,2026-07-25T16:05:10.004069,19,20
2026-07-25 16:09:30,mediboard,충청북도,0,0,A2300003,의료법인정산의료재단효성병원,2310,C,23,12,18,58354099,4,5,23,2026-07-25T16:05:10.004069,16,23
2026-07-25 16:09:30,mediboard,충청북도,0,0,A2300030,의료법인조윤의료재단영동병원,2304,D,23,9,10,58354319,0,0,23,2026-07-25T16:05:10.004069,9,10
2026-07-25 16:09:30,mediboard,충청북도,0,0,A2300002,의료법인한마음의료재단하나병원,2313,C,23,5,11,58354050,12,12,23,2026-07-25T16:05:10.004069,17,23
2026-07-25 16:09:30,mediboard,충청북도,0,0,A2300011,의료법인힐링의료재단옥천성모병원,2305,D,23,5,7,58354372,3,3,23,2026-07-25T16:05:10.004069,8,10
2026-07-25 16:09:30,mediboard,충청북도,0,0,A2300008,청주성모병원,2312,C,23,7,15,58354051,6,10,23,2026-07-25T16:05:10.004069,13,25
2026-07-25 16:09:30,mediboard,충청북도,7,8,A2300001,충북대학교병원,2311,A,23,28,32,58354098,5,5,23,2026-07-25T16:05:10.004069,40,45
2026-07-25 16:09:30,mediboard,충청북도,0,0,A2300006,충청북도청주의료원,2311,D,23,9,12,58354154,4,4,23,2026-07-25T16:05:10.004069,13,16
2026-07-25 16:09:30,mediboard,충청북도,0,0,A2300004,충청북도충주의료원,2314,D,23,16,18,58354153,3,3,23,2026-07-25T16:05:10.004069,19,21
2026-07-25 16:09:30,mediboard,충청남도,4,4,A2400002,단국대학교의과대학부속병원,2412,A,24,15,27,58354102,5,5,24,2026-07-25T16:05:10.004069,24,36
2026-07-25 16:09:30,mediboard,충청남도,0,0,A2400008,당진종합병원,2405,C,24,10,17,58354103,3,3,24,2026-07-25T16:05:10.004069,13,20
2026-07-25 16:09:30,mediboard,충청남도,0,4,A2400003,서산중앙병원,2408,C,24,11,17,58354052,3,3,24,2026-07-25T16:05:10.004069,14,24
2026-07-25 16:09:30,mediboard,충청남도,0,0,A2402257,아산충무병원,2410,C,24,8,13,58354419,8,8,24,2026-07-25T16:05:10.004069,16,21
2026-07-25 16:09:30,mediboard,충청남도,0,0,A2400044,의료법인 서해병원,2409,D,24,5,5,58354104,2,2,24,2026-07-25T16:05:10.004069,7,7
2026-07-25 16:09:30,mediboard,충청남도,0,0,A2400004,의료법인 예당의료재단 예산종합병원,2411,D,24,5,6,58354264,1,1,24,2026-07-25T16:05:10.004069,6,7
2026-07-25 16:09:30,mediboard,충청남도,0,0,A2400009,의료법인백제병원,2404,C,24,2,20,58354054,3,3,24,2026-07-25T16:05:10.004069,5,23
2026-07-25 16:09:30,mediboard,충청남도,0,0,A2400012,의료법인영서의료재단천안충무병원,2413,C,24,14,16,58354213,5,5,24,2026-07-25T16:05:10.004069,19,21
2026-07-25 16:09:30,mediboard,충청남도,0,0,A2400011,재단법인아산사회복지재단보령아산병원,2406,C,24,15,17,58354155,3,3,24,2026-07-25T16:05:10.004069,18,20
2026-07-25 16:09:30,mediboard,충청남도,0,0,E2400032,청양군보건의료원,2414,D,24,6,6,58354230,1,1,24,2026-07-25T16:05:10.004069,7,7
2026-07-25 16:09:30,mediboard,충청남도,0,0,A2400010,충청남도공주의료원,2402,D,24,12,15,58354055,1,1,24,2026-07-25T16:05:10.004069,13,16
2026-07-25 16:09:30,mediboard,충청남도,0,0,A2400006,충청남도서산의료원,2408,C,24,11,17,58354053,3,3,24,2026-07-25T16:05:10.004069,14,20
2026-07-25 16:09:30,mediboard,충청남도,0,0,A2400005,충청남도천안의료원,2412,D,24,11,12,58354320,1,2,24,2026-07-25T16:05:10.004069,12,14
2026-07-25 16:09:30,mediboard,충청남도,1,1,A2400007,충청남도홍성의료원,2416,C,24,13,18,58354373,3,3,24,2026-07-25T16:05:10.004069,17,22
2026-07-25 16:09:30,mediboard,충청남도,0,0,E2400033,태안군보건의료원,2415,D,24,10,10,58354065,1,1,24,2026-07-25T16:05:10.004069,11,11
2026-07-25 16:09:30,mediboard,충청남도,0,0,A2400038,학교법인건양교육재단건양대학교부여병원,2407,D,24,7,9,58354214,1,1,24,2026-07-25T16:05:10.004069,8,10
2026-07-25 16:09:30,mediboard,충청남도,14,18,A2400001,학교법인동은학원순천향대학교부속천안병원,2412,A,24,13,22,58354101,10,11,24,2026-07-25T16:05:10.004069,33,47
2026-07-25 16:09:30,mediboard,충청남도,0,0,A2400039,현대병원,2410,D,24,1,10,58354321,1,1,24,2026-07-25T16:05:10.004069,2,11
2026-07-25 16:09:30,mediboard,전북특별자치도,0,0,A2500038,김제우석병원,2503,D,25,8,10,58354056,1,1,25,2026-07-25T16:05:10.004069,9,11
2026-07-25 16:09:30,mediboard,전북특별자치도,0,0,A2500056,대자인병원,2512,C,25,18,33,58354216,3,3,25,2026-07-25T16:05:10.004069,21,36
2026-07-25 16:09:30,mediboard,전북특별자치도,0,0,E2500019,무주군보건의료원,2505,D,25,4,4,58354388,1,1,25,2026-07-25T16:05:10.004069,5,5
2026-07-25 16:09:30,mediboard,전북특별자치도,0,0,A2500010,부안성모병원,2506,D,25,9,10,58354323,2,2,25,2026-07-25T16:05:10.004069,11,12
2026-07-25 16:09:30,mediboard,전북특별자치도,3,3,A2502742,새강병원,2513,D,25,13,14,58354422,3,3,25,2026-07-25T16:05:10.004069,19,20
2026-07-25 16:09:30,mediboard,전북특별자치도,0,0,E2500021,순창군보건의료원,2507,D,25,9,9,58354122,1,1,25,2026-07-25T16:05:10.004069,10,10
2026-07-25 16:09:30,mediboard,전북특별자치도,3,3,A2500001,원광대학교병원,2509,A,25,17,28,58354420,5,5,25,2026-07-25T16:05:10.004069,25,36
2026-07-25 16:09:30,mediboard,전북특별자치도,0,0,A2500011,의료법인대산의료재단익산병원,2509,C,25,5,17,58354215,3,3,25,2026-07-25T16:05:10.004069,8,20
2026-07-25 16:09:30,mediboard,전북특별자치도,0,0,A2500009,의료법인석천재단고창병원,2501,D,25,6,10,58354374,1,1,25,2026-07-25T16:05:10.004069,7,11
2026-07-25 16:09:30,mediboard,전북특별자치도,0,0,A2500005,의료법인영경의료재단전주병원,2513,C,25,12,17,58354266,3,3,25,2026-07-25T16:05:10.004069,15,20
2026-07-25 16:09:30,mediboard,전북특별자치도,0,0,A2501890,의료법인영경의료재단호성전주병원,2512,D,25,1,9,58354156,1,1,25,2026-07-25T16:05:10.004069,2,10
2026-07-25 16:09:30,mediboard,전북특별자치도,0,0,A2500012,의료법인오성의료재단동군산병원,2502,C,25,9,17,58354421,4,6,25,2026-07-25T16:05:10.004069,13,23
2026-07-25 16:09:30,mediboard,전북특별자치도,0,0,E2500022,임실군보건의료원,2510,D,25,3,4,58354389,1,1,25,2026-07-25T16:05:10.004069,4,5
2026-07-25 16:09:30,mediboard,전북특별자치도,0,0,E2500020,장수군보건의료원,2511,D,25,5,5,58354231,1,1,25,2026-07-25T16:05:10.004069,6,6
2026-07-25 16:09:30,mediboard,전북특별자치도,0,0,A2500008,재단법인 아산사회복지재단 정읍아산병원,2514,C,25,12,17,58354106,3,3,25,2026-07-25T16:05:10.004069,15,20
2026-07-25 16:09:30,mediboard,전북특별자치도,8,12,A2500006,재단법인예수병원유지재단예수병원,2513,C,25,32,38,58354105,5,5,25,2026-07-25T16:05:10.004069,43,53
2026-07-25 16:09:30,mediboard,전북특별자치도,5,5,A2500002,전북대학교병원,2512,A,25,19,36,58354322,7,7,25,2026-07-25T16:05:10.004069,31,48
2026-07-25 16:09:30,mediboard,전북특별자치도,0,0,A2500007,전북특별자치도군산의료원,2502,C,25,14,17,58354267,3,3,25,2026-07-25T16:05:10.004069,17,20
2026-07-25 16:09:30,mediboard,전북특별자치도,0,0,A2500004,전북특별자치도남원의료원,2504,C,25,13,17,58354265,3,3,25,2026-07-25T16:05:10.004069,16,20
2026-07-25 16:09:30,mediboard,전북특별자치도,0,0,A2502031,진안군의료원,2515,D,25,5,6,58354324,2,2,25,2026-07-25T16:05:10.004069,7,8
2026-07-25 16:09:30,mediboard,전라남도,0,0,A2600029,곡성사랑병원,2603,D,26,5,5,58354326,1,1,26,2026-07-25T16:05:10.004069,6,6
2026-07-25 16:09:30,mediboard,전라남도,0,0,A2600006,광양사랑병원,2604,D,26,3,9,58354058,1,1,26,2026-07-25T16:05:10.004069,4,10
2026-07-25 16:09:30,mediboard,전라남도,0,0,A2600061,구례병원,2605,D,26,10,10,58354377,0,0,26,2026-07-25T16:05:10.004069,10,10
2026-07-25 16:09:30,mediboard,전라남도,0,0,A2600016,나주종합병원,2606,D,26,4,10,58354269,0,0,26,2026-07-25T16:05:10.004069,4,10
2026-07-25 16:09:30,mediboard,전라남도,0,0,A2600054,담양사랑병원,2607,D,26,4,6,58354273,2,2,26,2026-07-25T16:05:10.004069,6,8
2026-07-25 16:09:30,mediboard,전라남도,0,0,A2600003,대송의료재단무안병원,2609,D,26,1,4,58354375,1,1,26,2026-07-25T16:05:10.004069,2,5
2026-07-25 16:09:30,mediboard,전라남도,0,0,A2600020,목포기독병원,2608,D,26,15,17,58354108,3,3,26,2026-07-25T16:05:10.004069,18,20
2026-07-25 16:09:30,mediboard,전라남도,0,0,A2600022,목포시의료원,2608,D,26,7,9,58354426,1,1,26,2026-07-25T16:05:10.004069,8,10
2026-07-25 16:09:30,mediboard,전라남도,3,3,A2600011,목포한국병원,2608,A,26,13,18,58354217,5,5,26,2026-07-25T16:05:10.004069,21,26
2026-07-25 16:09:30,mediboard,전라남도,0,0,A2600052,보성아산병원,2610,D,26,6,8,58354430,1,1,26,2026-07-25T16:05:10.004069,7,9
2026-07-25 16:09:30,mediboard,전라남도,0,0,A2602211,빛가람종합병원,2606,D,26,6,9,58354160,1,1,26,2026-07-25T16:05:10.004069,7,10
2026-07-25 16:09:30,mediboard,전라남도,0,4,A2600019,성가롤로병원,2611,A,26,0,18,58354270,5,5,26,2026-07-25T16:05:10.004069,5,27
2026-07-25 16:09:30,mediboard,전라남도,0,0,A2600008,순천제일병원,2611,D,26,9,9,58354325,1,1,26,2026-07-25T16:05:10.004069,10,10
2026-07-25 16:09:30,mediboard,전라남도,0,0,A2600004,순천중앙병원,2611,D,26,2,5,58354268,1,1,26,2026-07-25T16:05:10.004069,3,6
2026-07-25 16:09:30,mediboard,전라남도,0,0,A2600010,여수전남병원,2613,D,26,3,10,58354424,0,1,26,2026-07-25T16:05:10.004069,3,11
2026-07-25 16:09:30,mediboard,전라남도,0,0,A2600014,여천전남병원,2613,C,26,13,17,58354107,3,3,26,2026-07-25T16:05:10.004069,16,20
2026-07-25 16:09:30,mediboard,전라남도,0,0,A2600015,영광종합병원,2614,D,26,6,10,58354376,3,3,26,2026-07-25T16:05:10.004069,9,13
2026-07-25 16:09:30,mediboard,전라남도,0,0,A2600070,영암한국병원,2615,D,26,8,8,58354378,0,1,26,2026-07-25T16:05:10.004069,8,9
2026-07-25 16:09:30,mediboard,전라남도,0,0,A2600032,완도대성병원,2616,D,26,-2,5,58354219,1,1,26,2026-07-25T16:05:10.004069,-1,6
2026-07-25 16:09:30,mediboard,전라남도,0,0,A2600034,의료법인 거명의료재단 영광기독병원,2614,D,26,8,10,58354272,1,1,26,2026-07-25T16:05:10.004069,9,11
2026-07-25 16:09:30,mediboard,전라남도,0,0,A2600017,의료법인목포구암의료재단목포중앙병원,2608,C,26,12,16,58354158,4,4,26,2026-07-25T16:05:10.004069,16,20
2026-07-25 16:09:30,mediboard,전라남도,0,0,A2600066,의료법인삼호의료재단벌교삼호병원,2610,D,26,5,6,58354110,1,1,26,2026-07-25T16:05:10.004069,6,7
2026-07-25 16:09:30,mediboard,전라남도,0,0,A2600051,의료법인신안대우병원,2612,D,26,4,4,58354429,1,1,26,2026-07-25T16:05:10.004069,5,5
2026-07-25 16:09:30,mediboard,전라남도,0,0,A2600018,의료법인영성의료재단고흥종합병원,2602,D,26,7,10,58354218,0,0,26,2026-07-25T16:05:10.004069,7,10
2026-07-25 16:09:30,mediboard,전라남도,0,0,A2600021,의료법인우범의료재단장흥종합병원,2618,D,26,6,9,58354425,1,1,26,2026-07-25T16:05:10.004069,7,10
2026-07-25 16:09:30,mediboard,전라남도,0,0,A2600068,의료법인장호의료재단녹동현대병원,2602,D,26,0,3,58354274,2,2,26,2026-07-25T16:05:10.004069,2,5
2026-07-25 16:09:30,mediboard,전라남도,0,0,A2600005,의료법인한국의료재단한국병원,2611,D,26,5,11,58354057,1,1,26,2026-07-25T16:05:10.004069,6,12
2026-07-25 16:09:30,mediboard,전라남도,0,0,A2600027,의료법인한마음의료재단여수제일병원,2613,D,26,6,9,58354271,1,1,26,2026-07-25T16:05:10.004069,7,10
2026-07-25 16:09:30,mediboard,전라남도,0,0,A2600035,의료법인행복나눔의료재단장성병원,2617,D,26,3,4,58354159,1,1,26,2026-07-25T16:05:10.004069,4,5
2026-07-25 16:09:30,mediboard,전라남도,0,0,A2600009,의료법인행촌의료재단해남종합병원,2621,D,26,5,10,58354423,1,1,26,2026-07-25T16:05:10.004069,6,11
2026-07-25 16:09:30,mediboard,전라남도,0,0,A2600024,의료법인현경의료재단광양서울병원,2604,D,26,7,9,58354427,1,1,26,2026-07-25T16:05:10.004069,8,10
2026-07-25 16:09:30,mediboard,전라남도,0,0,A2600037,장흥우리병원,2618,D,26,4,4,58354109,1,1,26,2026-07-25T16:05:10.004069,5,5
2026-07-25 16:09:30,mediboard,전라남도,0,0,A2600050,전라남도강진의료원,2601,D,26,9,9,58354327,1,1,26,2026-07-25T16:05:10.004069,10,10
2026-07-25 16:09:30,mediboard,전라남도,0,0,A2600056,전라남도순천의료원,2611,D,26,5,6,58354431,2,2,26,2026-07-25T16:05:10.004069,7,8
2026-07-25 16:09:30,mediboard,전라남도,0,0,A2600040,진도한국병원,2619,D,26,3,4,58354428,1,1,26,2026-07-25T16:05:10.004069,4,5
2026-07-25 16:09:30,mediboard,전라남도,0,0,A2600077,해남우리종합병원,2621,D,26,11,15,58354111,4,4,26,2026-07-25T16:05:10.004069,15,19
2026-07-25 16:09:30,mediboard,전라남도,1,1,A2600001,화순전남대학교병원,2622,C,26,12,16,58354157,7,7,26,2026-07-25T16:05:10.004069,20,24
2026-07-25 16:09:30,mediboard,경상북도,0,0,A2700018,경상북도김천의료원,2706,D,27,13,17,58354280,1,1,27,2026-07-25T16:05:10.004069,14,18
2026-07-25 16:09:30,mediboard,경상북도,0,0,A2700001,경상북도안동의료원,2711,D,27,6,6,58354059,2,2,27,2026-07-25T16:05:10.004069,8,8
2026-07-25 16:09:30,mediboard,경상북도,0,0,A2700005,경상북도포항의료원,2724,D,27,5,8,58354275,2,2,27,2026-07-25T16:05:10.004069,7,10
2026-07-25 16:09:30,mediboard,경상북도,0,0,A2700097,계명대학교경주동산병원,2702,D,27,6,9,58354328,1,1,27,2026-07-25T16:05:10.004069,7,10
2026-07-25 16:09:30,mediboard,경상북도,0,0,A2700015,구미강동병원,2704,D,27,6,7,58354279,3,3,27,2026-07-25T16:05:10.004069,9,10
2026-07-25 16:09:30,mediboard,경상북도,1,3,A2700003,동국대학교의과대학경주병원,2702,C,27,5,16,58354379,7,7,27,2026-07-25T16:05:10.004069,13,26
2026-07-25 16:09:30,mediboard,경상북도,0,0,A2700011,상주적십자병원,2709,D,27,9,9,58354432,1,1,27,2026-07-25T16:05:10.004069,10,10
2026-07-25 16:09:30,mediboard,경상북도,3,4,A2700013,순천향대학교부속구미병원,2704,C,27,11,13,58354163,3,3,27,2026-07-25T16:05:10.004069,17,20
2026-07-25 16:09:30,mediboard,경상북도,0,0,A2700004,안동성소병원,2711,C,27,7,12,58354060,5,8,27,2026-07-25T16:05:10.004069,12,20
2026-07-25 16:09:30,mediboard,경상북도,0,0,A2700008,에스포항병원,2723,D,27,5,6,58354277,1,1,27,2026-07-25T16:05:10.004069,6,7
2026-07-25 16:09:30,mediboard,경상북도,0,0,A2700017,영남대학교의과대학부속영천병원,2715,D,27,7,10,58354221,2,3,27,2026-07-25T16:05:10.004069,9,13
2026-07-25 16:09:30,mediboard,경상북도,0,0,A2700031,영주기독병원,2714,D,27,3,4,58354113,1,1,27,2026-07-25T16:05:10.004069,4,5
2026-07-25 16:09:30,mediboard,경상북도,0,0,A2700020,영주자인병원,2714,D,27,4,4,58354222,1,1,27,2026-07-25T16:05:10.004069,5,5
2026-07-25 16:09:30,mediboard,경상북도,0,0,A2702752,영주적십자병원,2714,D,27,7,10,58354165,1,1,27,2026-07-25T16:05:10.004069,8,11
2026-07-25 16:09:30,mediboard,경상북도,0,0,E2700553,울릉군보건의료원,2717,D,27,2,5,58354066,0,0,27,2026-07-25T16:05:10.004069,2,5
2026-07-25 16:09:30,mediboard,경상북도,0,0,A2700052,울진군의료원,2718,D,27,6,8,58354115,2,2,27,2026-07-25T16:05:10.004069,8,10
2026-07-25 16:09:30,mediboard,경상북도,0,0,A2700019,의)근원의료재단경산중앙병원,2701,D,27,10,10,58354112,2,2,27,2026-07-25T16:05:10.004069,12,12
2026-07-25 16:09:30,mediboard,경상북도,0,0,A2700038,의료법인대남의료재단청도대남병원,2720,D,27,9,10,58354433,0,0,27,2026-07-25T16:05:10.004069,9,10
2026-07-25 16:09:30,mediboard,경상북도,0,0,A2700012,의료법인덕산의료재단김천제일병원,2706,C,27,10,16,58354278,4,4,27,2026-07-25T16:05:10.004069,14,20
2026-07-25 16:09:30,mediboard,경상북도,0,0,A2700006,의료법인동춘의료재단문경제일병원,2707,C,27,14,17,58354276,2,3,27,2026-07-25T16:05:10.004069,16,20
2026-07-25 16:09:30,mediboard,경상북도,0,0,A2700009,의료법인삼백의료재단상주성모병원,2709,D,27,6,9,58354380,1,1,27,2026-07-25T16:05:10.004069,7,10
2026-07-25 16:09:30,mediboard,경상북도,0,0,A2700036,의료법인서명의료재단세명종합병원,2701,D,27,9,13,58354114,2,2,27,2026-07-25T16:05:10.004069,11,15
2026-07-25 16:09:30,mediboard,경상북도,0,0,A2700023,의료법인서준의료재단예천권병원,2716,D,27,6,6,58354164,1,1,27,2026-07-25T16:05:10.004069,7,7
2026-07-25 16:09:30,mediboard,경상북도,3,3,A2700014,의료법인안동병원,2711,A,27,10,17,58354061,4,5,27,2026-07-25T16:05:10.004069,17,25
2026-07-25 16:09:30,mediboard,경상북도,0,0,A2700070,의료법인영암의료재단고령영생병원,2703,D,27,4,5,58354224,1,1,27,2026-07-25T16:05:10.004069,5,6
2026-07-25 16:09:30,mediboard,경상북도,0,0,A2700063,의료법인영제의료재단영남제일병원,2719,D,27,4,5,58354223,1,1,27,2026-07-25T16:05:10.004069,5,6
2026-07-25 16:09:30,mediboard,경상북도,0,0,A2702563,의료법인은성의료재단좋은선린병원,2724,D,27,9,10,58354225,2,2,27,2026-07-25T16:05:10.004069,11,12
2026-07-25 16:09:30,mediboard,경상북도,5,5,A2700007,차의과학대학교부속구미차병원,2704,A,27,7,20,58354162,5,12,27,2026-07-25T16:05:10.004069,17,37
2026-07-25 16:09:30,mediboard,경상북도,0,0,E2700554,청송군보건의료원,2721,D,27,4,5,58354289,1,1,27,2026-07-25T16:05:10.004069,5,6
2026-07-25 16:09:30,mediboard,경상북도,11,11,A2700016,포항성모병원,2723,A,27,13,20,58354220,5,15,27,2026-07-25T16:05:10.004069,29,46
2026-07-25 16:09:30,mediboard,경상북도,0,0,A2700002,포항세명기독병원,2723,C,27,8,15,58354161,10,10,27,2026-07-25T16:05:10.004069,18,25
2026-07-25 16:09:30,mediboard,경상남도,0,0,A2800032,강병원,2803,D,28,9,9,58354331,1,1,28,2026-07-25T16:05:10.004069,10,10
2026-07-25 16:09:30,mediboard,경상남도,0,0,A2803677,강일병원,2804,D,28,6,8,58354170,3,3,28,2026-07-25T16:05:10.004069,9,11
2026-07-25 16:09:30,mediboard,경상남도,0,0,A2800076,거창적십자병원,2802,D,28,7,9,58354334,1,1,28,2026-07-25T16:05:10.004069,8,10
2026-07-25 16:09:30,mediboard,경상남도,3,3,A2800001,경상국립대학교병원,2811,A,28,18,30,58354381,5,5,28,2026-07-25T16:05:10.004069,26,38
2026-07-25 16:09:30,mediboard,경상남도,0,0,A2800025,경상남도마산의료원,2813,D,28,12,13,58354168,2,2,28,2026-07-25T16:05:10.004069,14,15
2026-07-25 16:09:30,mediboard,경상남도,0,0,A2800113,밀양병원,2806,D,28,2,8,58354386,1,1,28,2026-07-25T16:05:10.004069,3,9
2026-07-25 16:09:30,mediboard,경상남도,0,0,A2800084,반도병원,2811,D,28,2,7,58354286,1,1,28,2026-07-25T16:05:10.004069,3,8
2026-07-25 16:09:30,mediboard,경상남도,0,0,A2800019,베데스다복음병원,2809,D,28,8,9,58354383,1,1,28,2026-07-25T16:05:10.004069,9,10
2026-07-25 16:09:30,mediboard,경상남도,0,0,E2800380,산청군보건의료원,2808,D,28,5,5,58354174,1,1,28,2026-07-25T16:05:10.004069,6,6
2026-07-25 16:09:30,mediboard,경상남도,0,0,A2800055,삼성합천병원,2822,D,28,1,4,58354332,1,1,28,2026-07-25T16:05:10.004069,2,5
2026-07-25 16:09:30,mediboard,경상남도,0,0,A2800101,삼천포제일병원,2807,D,28,8,8,58354169,2,2,28,2026-07-25T16:05:10.004069,10,10
2026-07-25 16:09:30,mediboard,경상남도,0,0,A2800092,새통영병원,2818,D,28,5,9,58354118,1,1,28,2026-07-25T16:05:10.004069,6,10
2026-07-25 16:09:30,mediboard,경상남도,5,10,A2800011,양산부산대학교병원,2809,A,28,1,23,58354226,7,8,28,2026-07-25T16:05:10.004069,11,39
2026-07-25 16:09:30,mediboard,경상남도,0,0,A2804593,양산성모병원,2809,D,28,11,13,58354171,1,1,28,2026-07-25T16:05:10.004069,12,14
2026-07-25 16:09:30,mediboard,경상남도,0,0,A2800021,연세에스병원,2817,D,28,9,9,58354117,1,1,28,2026-07-25T16:05:10.004069,10,10
2026-07-25 16:09:30,mediboard,경상남도,0,0,A2800090,의령병원,2810,D,28,4,4,58354228,1,1,28,2026-07-25T16:05:10.004069,5,5
2026-07-25 16:09:30,mediboard,경상남도,0,0,A2800008,의료법인 거붕 백병원,2801,D,28,7,9,58354282,1,1,28,2026-07-25T16:05:10.004069,8,10
2026-07-25 16:09:30,mediboard,경상남도,0,0,A2800005,의료법인 대우의료재단대우병원,2801,D,28,3,9,58354062,1,1,28,2026-07-25T16:05:10.004069,4,10
2026-07-25 16:09:30,mediboard,경상남도,0,0,A2800015,의료법인 문병욱의료재단 진주고려병원,2811,D,28,10,10,58354382,1,1,28,2026-07-25T16:05:10.004069,11,11
2026-07-25 16:09:30,mediboard,경상남도,0,0,A2800022,의료법인 성념의료재단맑은샘병원,2801,D,28,9,9,58354434,1,1,28,2026-07-25T16:05:10.004069,10,10
2026-07-25 16:09:30,mediboard,경상남도,0,0,A2800094,의료법인 이도의료재단 남해병원,2805,D,28,6,8,58354229,2,2,28,2026-07-25T16:05:10.004069,8,10
2026-07-25 16:09:30,mediboard,경상남도,0,0,A2800014,의료법인갑을의료재단 갑을장유병원,2804,D,28,5,9,58354284,1,1,28,2026-07-25T16:05:10.004069,6,10
2026-07-25 16:09:30,mediboard,경상남도,0,0,A2800006,의료법인숭인의료재단 김해복음병원,2804,C,28,12,16,58354329,4,4,28,2026-07-25T16:05:10.004069,16,20
2026-07-25 16:09:30,mediboard,경상남도,0,0,A2800068,의료법인승연의료재단 삼천포서울병원,2807,D,28,6,9,58354333,1,1,28,2026-07-25T16:05:10.004069,7,10
2026-07-25 16:09:30,mediboard,경상남도,0,0,A2800009,의료법인청아의료재단청아병원,2814,D,28,7,9,58354283,1,1,28,2026-07-25T16:05:10.004069,8,10
2026-07-25 16:09:30,mediboard,경상남도,0,0,A2800017,의료법인합포의료재단에스엠지연세병원,2813,C,28,12,17,58354227,3,3,28,2026-07-25T16:05:10.004069,15,20
2026-07-25 16:09:30,mediboard,경상남도,0,0,A2800010,의료법인환명의료재단 조은금강병원,2804,C,28,15,17,58354167,3,3,28,2026-07-25T16:05:10.004069,18,20
2026-07-25 16:09:30,mediboard,경상남도,0,0,A2800003,제일병원,2811,C,28,11,17,58354166,3,3,28,2026-07-25T16:05:10.004069,14,20
2026-07-25 16:09:30,mediboard,경상남도,0,0,A2800037,진주복음병원,2811,D,28,8,9,58354063,1,1,28,2026-07-25T16:05:10.004069,9,10
2026-07-25 16:09:30,mediboard,경상남도,0,0,A2803505,창원경상국립대학교병원,2815,C,28,12,18,58354119,3,10,28,2026-07-25T16:05:10.004069,15,28
2026-07-25 16:09:30,mediboard,경상남도,0,0,A2800004,창원파티마병원,2816,C,28,1,17,58354281,3,3,28,2026-07-25T16:05:10.004069,4,20
2026-07-25 16:09:30,mediboard,경상남도,0,0,A2800007,창원한마음병원,2816,C,28,8,21,58354330,4,4,28,2026-07-25T16:05:10.004069,12,25
2026-07-25 16:09:30,mediboard,경상남도,0,0,A2800062,태황의료재단한성병원,2812,D,28,8,9,58354385,1,1,28,2026-07-25T16:05:10.004069,9,10
2026-07-25 16:09:30,mediboard,경상남도,8,8,A2800020,학교법인성균관대학삼성창원병원,2814,A,28,17,27,58354116,5,5,28,2026-07-25T16:05:10.004069,30,40
2026-07-25 16:09:30,mediboard,경상남도,0,0,A2800043,한일병원,2811,C,28,13,17,58354384,3,3,28,2026-07-25T16:05:10.004069,16,20
2026-07-25 16:09:30,mediboard,경상남도,0,0,A2800080,함양성심병원,2821,D,28,4,4,58354285,1,1,28,2026-07-25T16:05:10.004069,5,5
2026-07-25 16:09:30,mediboard,제주특별자치도,0,0,A2900003,의료법인 혜인의료재단 한국병원,2902,D,29,2,9,58354335,1,1,29,2026-07-25T16:05:10.004069,3,10
2026-07-25 16:09:30,mediboard,제주특별자치도,1,1,A2900006,의료법인중앙의료재단중앙병원,2902,C,29,8,16,58354172,3,3,29,2026-07-25T16:05:10.004069,12,20
2026-07-25 16:09:30,mediboard,제주특별자치도,0,0,A2900007,제주대학교병원,2902,C,29,-1,20,58354287,4,6,29,2026-07-25T16:05:10.004069,3,26
2026-07-25 16:09:30,mediboard,제주특별자치도,4,4,A2900002,제주특별자치도서귀포의료원,2901,C,29,6,16,58354120,5,5,29,2026-07-25T16:05:10.004069,15,25
2026-07-25 16:09:30,mediboard,제주특별자치도,3,3,A2900001,제주한라병원,2902,A,29,4,17,58354435,5,5,29,2026-07-25T16:05:10.004069,12,25
2026-07-25 16:09:30,mediboard,제주특별자치도,0,0,A2900005,한마음병원,2902,C,29,6,17,58354387,3,3,29,2026-07-25T16:05:10.004069,9,20
2026-07-25 18:26:45,mediboard,서울특별시,0,0,A1100011,가톨릭대학교여의도성모병원,1120,C,11,13,15,58365825,5,5,11,2026-07-25T18:25:10.006001,18,20
2026-07-25 18:26:45,mediboard,서울특별시,8,8,A1121013,가톨릭대학교은평성모병원,1122,C,11,9,24,58366044,4,4,11,2026-07-25T18:25:10.006001,21,36
2026-07-25 18:26:45,mediboard,서울특별시,3,3,A1100043,강동경희대학교병원,1102,A,11,8,15,58365718,4,5,11,2026-07-25T18:25:10.006001,15,23
2026-07-25 18:26:45,mediboard,서울특별시,2,2,A1100006,강북삼성병원,1123,C,11,1,15,58366038,3,3,11,2026-07-25T18:25:10.006001,6,20
2026-07-25 18:26:45,mediboard,서울특별시,3,4,A1100002,건국대학교병원,1106,C,11,9,20,58365938,2,3,11,2026-07-25T18:25:10.006001,14,27
2026-07-25 18:26:45,mediboard,서울특별시,0,0,A1100039,경찰병원,1118,D,11,3,3,58365943,2,2,11,2026-07-25T18:25:10.006001,5,5
2026-07-25 18:26:45,mediboard,서울특별시,3,3,A1100001,경희대학교병원,1111,C,11,8,15,58365880,5,5,11,2026-07-25T18:25:10.006001,16,23
2026-07-25 18:26:45,mediboard,서울특별시,3,3,A1100014,고려대학교의과대학부속구로병원,1107,A,11,17,29,58365826,5,5,11,2026-07-25T18:25:10.006001,25,37
2026-07-25 18:26:45,mediboard,서울특별시,0,0,A1100026,구로성심병원,1107,D,11,4,9,58366041,1,1,11,2026-07-25T18:25:10.006001,5,10
2026-07-25 18:26:45,mediboard,서울특별시,3,3,A1100052,국립중앙의료원,1124,C,11,10,17,58365989,10,10,11,2026-07-25T18:25:10.006001,23,30
2026-07-25 18:26:45,mediboard,서울특별시,0,0,A1122033,기쁨병원,1115,D,11,1,4,58365673,1,1,11,2026-07-25T18:25:10.006001,2,5
2026-07-25 18:26:45,mediboard,서울특별시,0,0,A1100048,노원을지대학교병원,1109,C,11,11,17,58365671,5,5,11,2026-07-25T18:25:10.006001,16,22
2026-07-25 18:26:45,mediboard,서울특별시,0,0,A1100044,녹색병원,1125,D,11,-1,5,58365988,5,5,11,2026-07-25T18:25:10.006001,4,10
2026-07-25 18:26:45,mediboard,서울특별시,0,0,A1100037,대림성모병원,1120,D,11,7,8,58365829,0,2,11,2026-07-25T18:25:10.006001,7,10
2026-07-25 18:26:45,mediboard,서울특별시,0,0,A1100024,명지성모병원,1120,D,11,8,8,58365669,2,2,11,2026-07-25T18:25:10.006001,10,10
2026-07-25 18:26:45,mediboard,서울특별시,0,0,A1100036,부민병원,1104,D,11,6,10,58366042,1,1,11,2026-07-25T18:25:10.006001,7,11
2026-07-25 18:26:45,mediboard,서울특별시,4,4,A1100010,삼성서울병원,1101,C,11,1,52,58365939,4,4,11,2026-07-25T18:25:10.006001,9,60
2026-07-25 18:26:45,mediboard,서울특별시,0,0,A1100021,삼육서울병원,1111,C,11,5,13,58365940,2,7,11,2026-07-25T18:25:10.006001,7,20
2026-07-25 18:26:45,mediboard,서울특별시,6,12,A1100017,서울대학교병원,1123,A,11,-2,24,58365668,8,8,11,2026-07-25T18:25:10.006001,10,42
2026-07-25 18:26:45,mediboard,서울특별시,0,0,A1100050,서울성심병원,1111,D,11,12,17,58365944,3,3,11,2026-07-25T18:25:10.006001,15,20
2026-07-25 18:26:45,mediboard,서울특별시,0,0,A1100029,서울적십자병원,1123,D,11,9,10,58365772,1,1,11,2026-07-25T18:25:10.006001,10,11
2026-07-25 18:26:45,mediboard,서울특별시,0,0,A1100022,서울특별시동부병원,1111,D,11,5,8,58365715,2,2,11,2026-07-25T18:25:10.006001,7,10
2026-07-25 18:26:45,mediboard,서울특별시,3,3,A1100040,서울특별시보라매병원,1112,C,11,9,31,58365773,3,3,11,2026-07-25T18:25:10.006001,15,37
2026-07-25 18:26:45,mediboard,서울특별시,0,0,A1100223,서울특별시서남병원,1119,D,11,16,17,58365719,3,3,11,2026-07-25T18:25:10.006001,19,20
2026-07-25 18:26:45,mediboard,서울특별시,2,3,A1100035,서울특별시서울의료원,1125,A,11,4,19,58365942,5,5,11,2026-07-25T18:25:10.006001,11,27
2026-07-25 18:26:45,mediboard,서울특별시,0,0,A1100028,성심의료재단강동성심병원,1102,C,11,12,15,58365941,8,9,11,2026-07-25T18:25:10.006001,20,24
2026-07-25 18:26:45,mediboard,서울특별시,0,0,A1100054,성애의료재단성애병원,1120,C,11,7,15,58365990,5,11,11,2026-07-25T18:25:10.006001,12,26
2026-07-25 18:26:45,mediboard,서울특별시,0,0,A1100032,세란병원,1123,D,11,10,10,58365828,1,1,11,2026-07-25T18:25:10.006001,11,11
2026-07-25 18:26:45,mediboard,서울특별시,4,4,A1100004,순천향대학교부속서울병원,1121,C,11,8,20,58365824,3,3,11,2026-07-25T18:25:10.006001,15,27
2026-07-25 18:26:45,mediboard,서울특별시,0,0,A1100045,씨엠병원,1120,D,11,8,9,58365884,1,1,11,2026-07-25T18:25:10.006001,9,10
2026-07-25 18:26:45,mediboard,서울특별시,1,2,A1100015,연세대학교의과대학강남세브란스병원,1101,C,11,11,21,58366040,2,3,11,2026-07-25T18:25:10.006001,14,26
2026-07-25 18:26:45,mediboard,서울특별시,3,10,A1100007,연세대학교의과대학세브란스병원,1114,C,11,1,39,58365985,6,6,11,2026-07-25T18:25:10.006001,8,53
2026-07-25 18:26:45,mediboard,서울특별시,0,0,A1100025,의료법인동신의료재단동신병원,1114,D,11,8,9,58365987,1,1,11,2026-07-25T18:25:10.006001,9,10
2026-07-25 18:26:45,mediboard,서울특별시,0,0,A1100041,의료법인서울효천의료재단에이치플러스양지병원,1105,C,11,14,18,58365717,3,3,11,2026-07-25T18:25:10.006001,17,21
2026-07-25 18:26:45,mediboard,서울특별시,0,0,A1100023,의료법인청구성심병원,1122,D,11,9,10,58365716,1,1,11,2026-07-25T18:25:10.006001,10,11
2026-07-25 18:26:45,mediboard,서울특별시,0,0,A1100075,의료법인풍산의료재단동부제일병원,1125,D,11,7,7,58365672,1,1,11,2026-07-25T18:25:10.006001,8,8
2026-07-25 18:26:45,mediboard,서울특별시,2,2,A1100020,의료법인한전의료재단한일병원,1110,C,11,8,21,58365883,4,4,11,2026-07-25T18:25:10.006001,14,27
2026-07-25 18:26:45,mediboard,서울특별시,8,8,A1100005,이화여자대학교의과대학부속목동병원,1119,A,11,9,19,58365984,6,6,11,2026-07-25T18:25:10.006001,23,33
2026-07-25 18:26:45,mediboard,서울특별시,6,9,A1120796,이화여자대학교의과대학부속서울병원,1104,C,11,2,14,58365945,7,8,11,2026-07-25T18:25:10.006001,15,31
2026-07-25 18:26:45,mediboard,서울특별시,0,0,A1100016,인제대학교상계백병원,1109,C,11,7,16,58365986,5,7,11,2026-07-25T18:25:10.006001,12,23
2026-07-25 18:26:45,mediboard,서울특별시,6,14,A1100009,재단법인아산사회복지재단서울아산병원,1118,C,11,9,36,58365882,13,26,11,2026-07-25T18:25:10.006001,25,73
2026-07-25 18:26:45,mediboard,서울특별시,2,4,A1100003,중앙대학교병원,1112,C,11,-6,18,58365823,0,0,11,2026-07-25T18:25:10.006001,-4,22
2026-07-25 18:26:45,mediboard,서울특별시,7,9,A1100012,학교법인가톨릭학원가톨릭대학교서울성모병원,1115,C,11,-5,28,58365771,6,8,11,2026-07-25T18:25:10.006001,6,43
2026-07-25 18:26:45,mediboard,서울특별시,4,4,A1100008,학교법인고려중앙학원고려대학교의과대학부속병원(안암병원),1117,A,11,10,30,58365881,4,9,11,2026-07-25T18:25:10.006001,18,43
2026-07-25 18:26:45,mediboard,서울특별시,0,0,A1100053,한국보훈복지의료공단중앙보훈병원,1102,C,11,20,22,58365830,3,3,11,2026-07-25T18:25:10.006001,23,25
2026-07-25 18:26:45,mediboard,서울특별시,0,0,A1100027,한국원자력의학원원자력병원,1109,D,11,8,9,58365670,3,3,11,2026-07-25T18:25:10.006001,11,12
2026-07-25 18:26:45,mediboard,서울특별시,2,3,A1100055,한림대학교강남성심병원,1120,C,11,16,20,58365886,4,5,11,2026-07-25T18:25:10.006001,22,28
2026-07-25 18:26:45,mediboard,서울특별시,2,3,A1100013,한양대학교병원,1116,A,11,13,20,58366039,7,12,11,2026-07-25T18:25:10.006001,22,35
2026-07-25 18:26:45,mediboard,서울특별시,0,0,A1100051,혜민병원,1106,D,11,5,9,58365885,1,1,11,2026-07-25T18:25:10.006001,6,10
2026-07-25 18:26:45,mediboard,서울특별시,0,0,A1100019,홍익병원,1119,D,11,5,9,58365827,1,1,11,2026-07-25T18:25:10.006001,6,10
2026-07-25 18:26:45,mediboard,서울특별시,0,0,A1100049,희명병원,1108,D,11,9,10,58366043,1,1,11,2026-07-25T18:25:10.006001,10,11
2026-07-25 18:26:45,mediboard,부산광역시,0,0,A1200028,(의)서일의료재단기장병원,1203,D,12,7,9,58365947,1,1,12,2026-07-25T18:25:10.006001,8,10
2026-07-25 18:26:45,mediboard,부산광역시,0,0,A1200004,고신대학교복음병원,1211,C,12,22,25,58365720,5,5,12,2026-07-25T18:25:10.006001,27,30
2026-07-25 18:26:45,mediboard,부산광역시,0,0,A1200045,구포성심병원,1208,D,12,4,9,58365778,1,1,12,2026-07-25T18:25:10.006001,5,10
2026-07-25 18:26:45,mediboard,부산광역시,3,3,A1200018,대동병원,1206,C,12,10,15,58365833,3,3,12,2026-07-25T18:25:10.006001,16,21
2026-07-25 18:26:45,mediboard,부산광역시,0,0,A1200015,동남권원자력의학원원자력병원,1203,D,12,5,9,58365890,1,1,12,2026-07-25T18:25:10.006001,6,10
2026-07-25 18:26:45,mediboard,부산광역시,0,0,A1200011,동래봉생병원,1206,D,12,5,8,58365993,2,2,12,2026-07-25T18:25:10.006001,7,10
2026-07-25 18:26:45,mediboard,부산광역시,3,3,A1200003,동아대학교병원,1211,A,12,17,26,58366045,6,8,12,2026-07-25T18:25:10.006001,26,37
2026-07-25 18:26:45,mediboard,부산광역시,0,0,A1200024,부산광역시의료원,1213,D,12,16,18,58365995,2,8,12,2026-07-25T18:25:10.006001,18,26
2026-07-25 18:26:45,mediboard,부산광역시,3,3,A1200002,부산대학교병원,1211,C,12,9,19,58365674,2,3,12,2026-07-25T18:25:10.006001,14,25
2026-07-25 18:26:45,mediboard,부산광역시,4,4,A1200013,부산성모병원(재단법인 천주교부산교구유지재단),1204,D,12,3,10,58365889,5,5,12,2026-07-25T18:25:10.006001,12,19
2026-07-25 18:26:45,mediboard,부산광역시,0,0,A1200007,비에이치에스한서병원,1212,C,12,10,17,58365888,3,3,12,2026-07-25T18:25:10.006001,13,20
2026-07-25 18:26:45,mediboard,부산광역시,0,0,A1200021,삼육부산병원,1211,D,12,5,9,58365776,1,1,12,2026-07-25T18:25:10.006001,6,10
2026-07-25 18:26:45,mediboard,부산광역시,0,0,A1200014,영도병원,1214,D,12,3,7,58365775,2,2,12,2026-07-25T18:25:10.006001,5,9
2026-07-25 18:26:45,mediboard,부산광역시,0,0,A1200009,의료법인 광혜의료재단 광혜병원,1206,D,12,8,9,58365992,3,3,12,2026-07-25T18:25:10.006001,11,12
2026-07-25 18:26:45,mediboard,부산광역시,0,0,A1200098,의료법인 센텀의료재단 센텀종합병원,1212,D,12,5,9,58365891,1,1,12,2026-07-25T18:25:10.006001,6,10
2026-07-25 18:26:45,mediboard,부산광역시,0,0,A1200020,의료법인 온그룹의료재단 온병원,1207,C,12,17,20,58365675,3,3,12,2026-07-25T18:25:10.006001,20,23
2026-07-25 18:26:45,mediboard,부산광역시,0,0,A1200008,의료법인 은성의료재단 좋은강안병원,1212,D,12,7,18,58365831,3,3,12,2026-07-25T18:25:10.006001,10,21
2026-07-25 18:26:45,mediboard,부산광역시,1,1,A1200005,의료법인 은성의료재단 좋은삼선병원,1209,C,12,7,13,58365774,5,6,12,2026-07-25T18:25:10.006001,13,20
2026-07-25 18:26:45,mediboard,부산광역시,0,0,A1200006,의료법인 인당의료재단 부민병원,1208,D,12,6,10,58365991,2,2,12,2026-07-25T18:25:10.006001,8,12
2026-07-25 18:26:45,mediboard,부산광역시,0,0,A1205143,의료법인 인당의료재단 해운대부민병원,1216,D,12,8,9,58365948,0,1,12,2026-07-25T18:25:10.006001,8,10
2026-07-25 18:26:45,mediboard,부산광역시,0,0,A1200012,의료법인 행도의료재단 해동병원,1214,D,12,3,6,58365721,1,1,12,2026-07-25T18:25:10.006001,4,7
2026-07-25 18:26:45,mediboard,부산광역시,0,0,A1200017,의료법인정화의료재단 봉생기념병원,1205,D,12,8,9,58365832,1,2,12,2026-07-25T18:25:10.006001,9,11
2026-07-25 18:26:45,mediboard,부산광역시,-2,3,A1200022,인제대학교 해운대백병원,1216,A,12,17,29,58365946,5,5,12,2026-07-25T18:25:10.006001,20,37
2026-07-25 18:26:45,mediboard,부산광역시,0,0,A1200001,인제대학교부산백병원,1207,C,12,8,18,58365887,3,3,12,2026-07-25T18:25:10.006001,11,21
2026-07-25 18:26:45,mediboard,부산광역시,0,0,A1200023,재단법인천주교부산교구유지재단 메리놀병원,1215,D,12,6,9,58365777,1,1,12,2026-07-25T18:25:10.006001,7,10
2026-07-25 18:26:45,mediboard,부산광역시,2,2,A1200026,좋은문화병원,1205,D,12,2,7,58365677,2,3,12,2026-07-25T18:25:10.006001,6,12
2026-07-25 18:26:45,mediboard,부산광역시,0,0,A1200025,학교법인 춘해병원,1207,D,12,7,9,58365676,1,1,12,2026-07-25T18:25:10.006001,8,10
2026-07-25 18:26:45,mediboard,부산광역시,0,0,A1200019,학교법인)동의병원,1207,D,12,12,14,58365722,1,1,12,2026-07-25T18:25:10.006001,13,15
2026-07-25 18:26:45,mediboard,부산광역시,0,0,A1200016,한국보훈복지의료공단 부산보훈병원,1209,D,12,8,11,58365994,2,2,12,2026-07-25T18:25:10.006001,10,13
2026-07-25 18:26:45,mediboard,인천광역시,0,0,A1300081,(재)미리내천주성삼성직수도회천주성삼병원,1307,D,13,6,9,58365893,1,2,13,2026-07-25T18:25:10.006001,7,11
2026-07-25 18:26:45,mediboard,인천광역시,0,0,A1300018,강남종합병원,1304,D,13,15,15,58366000,1,1,13,2026-07-25T18:25:10.006001,16,16
2026-07-25 18:26:45,mediboard,인천광역시,4,4,A1300002,경북대학교병원,1308,A,13,13,27,58365996,5,5,13,2026-07-25T18:25:10.006001,22,36
2026-07-25 18:26:45,mediboard,인천광역시,0,0,A1303386,계명대학교대구동산병원,1308,D,13,10,12,58365724,2,2,13,2026-07-25T18:25:10.006001,12,14
2026-07-25 18:26:45,mediboard,인천광역시,0,0,A1300003,계명대학교동산병원,1302,C,13,4,20,58365678,5,5,13,2026-07-25T18:25:10.006001,9,25
2026-07-25 18:26:45,mediboard,인천광역시,0,0,A1300008,곽병원,1308,D,13,5,10,58365999,2,2,13,2026-07-25T18:25:10.006001,7,12
2026-07-25 18:26:45,mediboard,인천광역시,0,0,A1300038,나사렛종합병원,1302,D,13,0,9,58366046,3,10,13,2026-07-25T18:25:10.006001,3,19
2026-07-25 18:26:45,mediboard,인천광역시,0,0,A1300004,대구가톨릭대학교병원,1301,C,13,9,24,58365780,4,4,13,2026-07-25T18:25:10.006001,13,28
2026-07-25 18:26:45,mediboard,인천광역시,0,0,A1300005,대구가톨릭대학교칠곡가톨릭병원,1305,D,13,6,9,58365997,1,1,13,2026-07-25T18:25:10.006001,7,10
2026-07-25 18:26:45,mediboard,인천광역시,0,0,A1300076,대구굿모닝병원,1306,D,13,16,17,58366001,2,2,13,2026-07-25T18:25:10.006001,18,19
2026-07-25 18:26:45,mediboard,인천광역시,0,0,A1300007,대구의료원,1306,D,13,12,18,58365998,2,2,13,2026-07-25T18:25:10.006001,14,20
2026-07-25 18:26:45,mediboard,인천광역시,2,5,A1300009,대구파티마병원,1304,C,13,7,25,58365781,6,7,13,2026-07-25T18:25:10.006001,15,37
2026-07-25 18:26:45,mediboard,인천광역시,0,0,A1300110,더블유병원,1302,D,13,0,10,58365834,1,1,13,2026-07-25T18:25:10.006001,1,11
2026-07-25 18:26:45,mediboard,인천광역시,0,0,A1300034,드림종합병원,1301,D,13,6,8,58365892,2,2,13,2026-07-25T18:25:10.006001,8,10
2026-07-25 18:26:45,mediboard,인천광역시,0,0,A1300045,삼일병원,1302,D,13,11,14,58365783,1,1,13,2026-07-25T18:25:10.006001,12,15
2026-07-25 18:26:45,mediboard,인천광역시,3,3,A1300001,영남대학교병원,1301,A,13,22,28,58365779,4,5,13,2026-07-25T18:25:10.006001,29,36
2026-07-25 18:26:45,mediboard,인천광역시,0,0,A1300006,의료법인구의료재단구병원,1302,D,13,7,10,58365723,1,1,13,2026-07-25T18:25:10.006001,8,11
2026-07-25 18:26:45,mediboard,인천광역시,6,9,A1300010,칠곡경북대학교병원,1305,C,13,17,23,58365949,6,6,13,2026-07-25T18:25:10.006001,27,36
2026-07-25 18:26:45,mediboard,인천광역시,0,0,A1300011,한국보훈복지의료공단대구보훈병원,1302,D,13,8,12,58365782,2,2,13,2026-07-25T18:25:10.006001,10,14
2026-07-25 18:26:45,mediboard,대구광역시,0,0,A1400008,(의)성세의료재단 뉴성민병원,1407,D,14,8,9,58365726,1,1,14,2026-07-25T18:25:10.006001,9,10
2026-07-25 18:26:45,mediboard,대구광역시,1,3,A1400015,가톨릭관동대학교국제성모병원,1407,C,14,14,23,58365837,5,5,14,2026-07-25T18:25:10.006001,20,31
2026-07-25 18:26:45,mediboard,대구광역시,2,4,A1400012,가톨릭대학교 인천성모병원,1406,C,14,-2,19,58365951,5,8,14,2026-07-25T18:25:10.006001,5,31
2026-07-25 18:26:45,mediboard,대구광역시,0,0,A1400010,검단탑병원,1407,C,14,17,18,58365679,3,3,14,2026-07-25T18:25:10.006001,20,21
2026-07-25 18:26:45,mediboard,대구광역시,0,0,A1403617,비에스종합병원,1401,D,14,5,10,58365896,1,1,14,2026-07-25T18:25:10.006001,6,11
2026-07-25 18:26:45,mediboard,대구광역시,0,0,A1400013,안은의료재단 부평세림병원,1406,C,14,15,16,58365836,4,4,14,2026-07-25T18:25:10.006001,19,20
2026-07-25 18:26:45,mediboard,대구광역시,0,0,A1400005,온누리병원,1407,D,14,6,9,58365950,2,2,14,2026-07-25T18:25:10.006001,8,11
2026-07-25 18:26:45,mediboard,대구광역시,11,11,A1400001,의료법인 길의료재단 길병원,1404,A,14,10,25,58366002,6,7,14,2026-07-25T18:25:10.006001,25,41
2026-07-25 18:26:45,mediboard,대구광역시,0,0,A1400011,의료법인 나사렛의료재단 나사렛국제병원,1408,C,14,7,17,58365680,3,5,14,2026-07-25T18:25:10.006001,10,22
2026-07-25 18:26:45,mediboard,대구광역시,0,0,A1400003,의료법인 루가의료재단 나은병원,1407,C,14,11,11,58365725,10,10,14,2026-07-25T18:25:10.006001,21,21
2026-07-25 18:26:45,mediboard,대구광역시,0,0,A1400007,의료법인 성수의료재단 인천백병원,1405,D,14,3,5,58365835,1,1,14,2026-07-25T18:25:10.006001,4,6
2026-07-25 18:26:45,mediboard,대구광역시,0,0,A1400014,의료법인인성의료재단한림병원,1402,C,14,14,17,58365952,3,4,14,2026-07-25T18:25:10.006001,17,21
2026-07-25 18:26:45,mediboard,대구광역시,0,0,A1400017,인천광역시의료원,1405,D,14,14,15,58365728,2,2,14,2026-07-25T18:25:10.006001,16,17
2026-07-25 18:26:45,mediboard,대구광역시,0,0,A1400037,인천광역시의료원백령병원,1409,D,14,5,5,58365839,1,1,14,2026-07-25T18:25:10.006001,6,6
2026-07-25 18:26:45,mediboard,대구광역시,0,0,A1400009,인천기독병원,1410,D,14,8,8,58365727,1,1,14,2026-07-25T18:25:10.006001,9,9
2026-07-25 18:26:45,mediboard,대구광역시,0,0,A1400016,인천사랑병원,1403,C,14,6,14,58365894,7,7,14,2026-07-25T18:25:10.006001,13,21
2026-07-25 18:26:45,mediboard,대구광역시,0,0,A1403372,인천세종병원,1402,C,14,13,18,58365895,3,3,14,2026-07-25T18:25:10.006001,16,21
2026-07-25 18:26:45,mediboard,대구광역시,0,0,A1400018,인천적십자병원,1408,D,14,8,8,58365838,2,2,14,2026-07-25T18:25:10.006001,10,10
2026-07-25 18:26:45,mediboard,대구광역시,0,0,A1403871,인천힘찬종합병원,1404,D,14,16,17,58365953,3,6,14,2026-07-25T18:25:10.006001,19,23
2026-07-25 18:26:45,mediboard,대구광역시,3,9,A1400002,인하대학교의과대학부속병원,1410,A,14,5,20,58365784,8,9,14,2026-07-25T18:25:10.006001,15,36
2026-07-25 18:26:45,mediboard,대구광역시,0,0,A1400004,현대유비스병원,1403,D,14,15,18,58366003,1,1,14,2026-07-25T18:25:10.006001,16,19
2026-07-25 18:26:45,mediboard,광주광역시,7,7,A1500019,KS병원,1501,C,15,9,15,58365954,3,3,15,2026-07-25T18:25:10.006001,19,25
2026-07-25 18:26:45,mediboard,광주광역시,0,0,A1500021,광주기독병원,1502,C,15,11,20,58365955,3,6,15,2026-07-25T18:25:10.006001,14,26
2026-07-25 18:26:45,mediboard,광주광역시,0,0,A1500015,광주병원,1504,D,15,5,10,58365683,1,1,15,2026-07-25T18:25:10.006001,6,11
2026-07-25 18:26:45,mediboard,광주광역시,0,0,A1500004,광주보훈병원,1501,D,15,11,14,58365785,2,2,15,2026-07-25T18:25:10.006001,13,16
2026-07-25 18:26:45,mediboard,광주광역시,0,0,A1502007,광주센트럴병원,1501,D,15,3,10,58366007,1,1,15,2026-07-25T18:25:10.006001,4,11
2026-07-25 18:26:45,mediboard,광주광역시,0,0,A1500018,광주수완병원,1501,D,15,8,9,58365684,0,1,15,2026-07-25T18:25:10.006001,8,10
2026-07-25 18:26:45,mediboard,광주광역시,0,0,A1500009,광주씨티병원,1502,D,15,5,10,58365681,1,1,15,2026-07-25T18:25:10.006001,6,11
2026-07-25 18:26:45,mediboard,광주광역시,0,0,A1500005,광주일곡병원,1504,D,15,7,9,58366047,1,1,15,2026-07-25T18:25:10.006001,8,10
2026-07-25 18:26:45,mediboard,광주광역시,0,0,A1500016,광주한국병원,1505,D,15,8,15,58365899,1,1,15,2026-07-25T18:25:10.006001,9,16
2026-07-25 18:26:45,mediboard,광주광역시,0,0,A1500003,광주현대병원,1504,D,15,4,9,58365897,2,2,15,2026-07-25T18:25:10.006001,6,11
2026-07-25 18:26:45,mediboard,광주광역시,0,0,A1500007,광주희망병원,1504,D,15,4,9,58365729,1,1,15,2026-07-25T18:25:10.006001,5,10
2026-07-25 18:26:45,mediboard,광주광역시,0,0,A1500013,동아병원,1502,D,15,6,9,58365682,1,1,15,2026-07-25T18:25:10.006001,7,10
2026-07-25 18:26:45,mediboard,광주광역시,0,0,A1500014,미래로21병원,1505,D,15,7,9,58365898,1,1,15,2026-07-25T18:25:10.006001,8,10
2026-07-25 18:26:45,mediboard,광주광역시,0,0,A1500022,상무병원,1505,D,15,6,9,58366006,1,1,15,2026-07-25T18:25:10.006001,7,10
2026-07-25 18:26:45,mediboard,광주광역시,2,2,A1500020,서광병원,1505,C,15,14,18,58366050,3,3,15,2026-07-25T18:25:10.006001,19,23
2026-07-25 18:26:45,mediboard,광주광역시,0,0,A1500006,신가병원,1501,D,15,3,9,58366048,2,2,15,2026-07-25T18:25:10.006001,5,11
2026-07-25 18:26:45,mediboard,광주광역시,0,0,A1500010,운암한국병원,1504,D,15,6,9,58366005,1,1,15,2026-07-25T18:25:10.006001,7,10
2026-07-25 18:26:45,mediboard,광주광역시,3,4,A1500002,전남대학교병원,1503,A,15,10,28,58366004,5,7,15,2026-07-25T18:25:10.006001,18,39
2026-07-25 18:26:45,mediboard,광주광역시,4,4,A1500001,조선대학교병원,1503,A,15,12,23,58365840,5,5,15,2026-07-25T18:25:10.006001,21,32
2026-07-25 18:26:45,mediboard,광주광역시,0,0,A1500011,첨단종합병원,1501,C,15,18,22,58366049,3,3,15,2026-07-25T18:25:10.006001,21,25
2026-07-25 18:26:45,mediboard,광주광역시,0,0,A1500017,하남성심병원,1501,D,15,11,19,58365841,1,2,15,2026-07-25T18:25:10.006001,12,21
2026-07-25 18:26:45,mediboard,대전광역시,0,0,A1600004,대전보훈병원,1601,D,16,7,7,58365685,2,2,16,2026-07-25T18:25:10.006001,9,9
2026-07-25 18:26:45,mediboard,대전광역시,0,0,A1600003,대전한국병원,1602,D,16,5,9,58365842,1,1,16,2026-07-25T18:25:10.006001,6,10
2026-07-25 18:26:45,mediboard,대전광역시,0,0,A1602246,대청병원,1603,D,16,3,9,58365956,1,1,16,2026-07-25T18:25:10.006001,4,10
2026-07-25 18:26:45,mediboard,대전광역시,0,0,A1600008,의료법인영훈의료재단대전선병원,1605,C,16,12,17,58365843,4,9,16,2026-07-25T18:25:10.006001,16,26
2026-07-25 18:26:45,mediboard,대전광역시,0,0,A1600007,의료법인영훈의료재단유성선병원,1604,C,16,10,17,58365731,3,7,16,2026-07-25T18:25:10.006001,13,24
2026-07-25 18:26:45,mediboard,대전광역시,4,6,A1600001,충남대학교병원,1605,A,16,8,28,58365786,5,5,16,2026-07-25T18:25:10.006001,17,39
2026-07-25 18:26:45,mediboard,대전광역시,0,0,A1600005,학교법인가톨릭학원가톨릭대학교대전성모병원,1605,C,16,15,19,58366051,3,3,16,2026-07-25T18:25:10.006001,18,22
2026-07-25 18:26:45,mediboard,대전광역시,5,5,A1600006,학교법인건양교육재단건양대학교병원,1603,A,16,13,24,58365730,5,5,16,2026-07-25T18:25:10.006001,23,34
2026-07-25 18:26:45,mediboard,대전광역시,0,0,A1600002,학교법인을지학원대전을지대학교병원,1603,C,16,15,23,58366008,6,6,16,2026-07-25T18:25:10.006001,21,29
2026-07-25 18:26:45,mediboard,울산광역시,0,0,A1700001,서울산보람병원,1704,D,17,8,10,58365732,1,1,17,2026-07-25T18:25:10.006001,9,11
2026-07-25 18:26:45,mediboard,울산광역시,0,0,A1700003,울산병원,1701,C,17,9,19,58365900,3,3,17,2026-07-25T18:25:10.006001,12,22
2026-07-25 18:26:45,mediboard,울산광역시,0,0,A1700002,의료법인동강의료재단동강병원,1705,C,17,19,24,58365957,3,3,17,2026-07-25T18:25:10.006001,22,27
2026-07-25 18:26:45,mediboard,울산광역시,0,0,A1700025,의료법인송은의료재단울산시티병원,1703,C,17,10,17,58365901,3,3,17,2026-07-25T18:25:10.006001,13,20
2026-07-25 18:26:45,mediboard,울산광역시,0,0,A1700011,의료법인은성의료재단좋은삼정병원,1701,D,17,6,9,58365958,1,1,17,2026-07-25T18:25:10.006001,7,10
2026-07-25 18:26:45,mediboard,울산광역시,0,0,A1700028,의료법인정안의료재단중앙병원,1701,C,17,11,17,58365787,3,3,17,2026-07-25T18:25:10.006001,14,20
2026-07-25 18:26:45,mediboard,울산광역시,8,8,A1700004,학교법인울산공업학원울산대학교병원,1702,A,17,7,23,58365844,5,6,17,2026-07-25T18:25:10.006001,20,37
2026-07-25 18:26:45,mediboard,경기도,0,0,A2100019,(의)영문의료재단다보스병원,2136,C,21,7,13,58365688,7,7,21,2026-07-25T18:25:10.006001,14,20
2026-07-25 18:26:45,mediboard,경기도,0,0,A2100122,(의)효심의료재단용인서울병원,2136,D,21,10,10,58366060,0,0,21,2026-07-25T18:25:10.006001,10,10
2026-07-25 18:26:45,mediboard,경기도,0,0,A2100052,가톨릭대학교부천성모병원,2113,C,21,22,31,58365693,6,6,21,2026-07-25T18:25:10.006001,28,37
2026-07-25 18:26:45,mediboard,경기도,8,8,A2100012,가톨릭대학교성빈센트병원,2122,C,21,18,28,58365845,5,6,21,2026-07-25T18:25:10.006001,29,40
2026-07-25 18:26:45,mediboard,경기도,10,11,A2100040,가톨릭대학교의정부성모병원,2138,A,21,20,44,58365740,6,6,21,2026-07-25T18:25:10.006001,36,61
2026-07-25 18:26:45,mediboard,경기도,0,0,A2100029,강남병원,2134,C,21,10,17,58365961,3,3,21,2026-07-25T18:25:10.006001,13,20
2026-07-25 18:26:45,mediboard,경기도,0,0,A2100032,경기도의료원수원병원,2121,D,21,6,8,58365903,5,5,21,2026-07-25T18:25:10.006001,11,13
2026-07-25 18:26:45,mediboard,경기도,0,0,A2100045,경기도의료원안성병원,2126,D,21,13,14,58365904,1,5,21,2026-07-25T18:25:10.006001,14,19
2026-07-25 18:26:45,mediboard,경기도,0,0,A2100043,경기도의료원의정부병원,2138,D,21,8,10,58366056,1,1,21,2026-07-25T18:25:10.006001,9,11
2026-07-25 18:26:45,mediboard,경기도,0,0,A2100193,경기도의료원이천병원,2139,C,21,10,17,58365742,3,3,21,2026-07-25T18:25:10.006001,13,20
2026-07-25 18:26:45,mediboard,경기도,0,0,A2100035,경기도의료원파주병원,2140,C,21,16,17,58365691,3,3,21,2026-07-25T18:25:10.006001,19,20
2026-07-25 18:26:45,mediboard,경기도,0,0,A2100031,경기도의료원포천병원,2142,C,21,16,17,58365848,3,3,21,2026-07-25T18:25:10.006001,19,20
2026-07-25 18:26:45,mediboard,경기도,4,4,A2100003,고려대학교의과대학부속안산병원,2124,A,21,4,22,58365735,6,8,21,2026-07-25T18:25:10.006001,14,34
2026-07-25 18:26:45,mediboard,경기도,3,4,A2100007,광명성애병원,2106,C,21,0,11,58366010,5,5,21,2026-07-25T18:25:10.006001,8,20
2026-07-25 18:26:45,mediboard,경기도,0,0,A2100258,국군수도병원,2116,D,21,11,16,58365963,0,2,21,2026-07-25T18:25:10.006001,11,18
2026-07-25 18:26:45,mediboard,경기도,0,0,A2100049,국립암센터,2103,D,21,14,24,58365850,1,1,21,2026-07-25T18:25:10.006001,15,25
2026-07-25 18:26:45,mediboard,경기도,2,5,A2100033,국민건강보험공단일산병원,2103,A,21,9,23,58366054,4,5,21,2026-07-25T18:25:10.006001,15,33
2026-07-25 18:26:45,mediboard,경기도,0,0,A2100014,근로복지공단안산병원,2125,D,21,6,7,58365789,1,1,21,2026-07-25T18:25:10.006001,7,8
2026-07-25 18:26:45,mediboard,경기도,0,0,A2100041,남양주한양병원,2111,C,21,15,17,58366055,3,3,21,2026-07-25T18:25:10.006001,18,20
2026-07-25 18:26:45,mediboard,경기도,0,0,A2100017,대아의료재단한도병원,2124,C,21,14,17,58365790,3,3,21,2026-07-25T18:25:10.006001,17,20
2026-07-25 18:26:45,mediboard,경기도,3,3,A2100025,대진의료재단분당제생병원,2116,C,21,-1,24,58366012,3,3,21,2026-07-25T18:25:10.006001,5,30
2026-07-25 18:26:45,mediboard,경기도,3,3,A2100047,동국대학교일산불교병원,2103,C,21,6,19,58365849,7,7,21,2026-07-25T18:25:10.006001,16,29
2026-07-25 18:26:45,mediboard,경기도,0,0,A2100131,메디인병원,2140,D,21,9,12,58366014,2,2,21,2026-07-25T18:25:10.006001,11,14
2026-07-25 18:26:45,mediboard,경기도,0,0,A2121142,메디필드한강병원,2136,D,21,15,17,58366019,3,3,21,2026-07-25T18:25:10.006001,18,20
2026-07-25 18:26:45,mediboard,경기도,0,0,A2100055,부천세종병원,2113,C,21,11,17,58365795,3,3,21,2026-07-25T18:25:10.006001,14,20
2026-07-25 18:26:45,mediboard,경기도,1,5,A2100001,분당서울대학교병원,2116,A,21,-20,30,58365734,5,5,21,2026-07-25T18:25:10.006001,-14,40
2026-07-25 18:26:45,mediboard,경기도,6,6,A2116806,성남시의료원,2117,C,21,14,17,58366018,6,6,21,2026-07-25T18:25:10.006001,26,29
2026-07-25 18:26:45,mediboard,경기도,0,0,A2100194,세종여주병원,2131,D,21,-2,6,58365694,10,10,21,2026-07-25T18:25:10.006001,8,16
2026-07-25 18:26:45,mediboard,경기도,0,0,A2100016,순천의료재단성남정병원,2117,D,21,9,9,58365738,2,2,21,2026-07-25T18:25:10.006001,11,11
2026-07-25 18:26:45,mediboard,경기도,5,5,A2100005,순천향대학교부속부천병원,2113,A,21,8,17,58365687,4,5,21,2026-07-25T18:25:10.006001,17,27
2026-07-25 18:26:45,mediboard,경기도,9,14,A2100002,아주대학교병원,2120,A,21,9,32,58365788,8,13,21,2026-07-25T18:25:10.006001,24,54
2026-07-25 18:26:45,mediboard,경기도,0,0,A2100305,안성성모병원,2126,D,21,7,9,58366017,1,1,21,2026-07-25T18:25:10.006001,8,10
2026-07-25 18:26:45,mediboard,경기도,0,0,A2100089,양평병원,2130,D,21,7,9,58365906,1,1,21,2026-07-25T18:25:10.006001,8,10
2026-07-25 18:26:45,mediboard,경기도,0,0,A2118188,엘병원,2111,D,21,5,8,58365908,2,2,21,2026-07-25T18:25:10.006001,7,10
2026-07-25 18:26:45,mediboard,경기도,6,6,A2100020,연세대학교의과대학용인세브란스병원,2134,C,21,7,16,58366052,2,4,21,2026-07-25T18:25:10.006001,15,26
2026-07-25 18:26:45,mediboard,경기도,0,0,E2100187,연천군보건의료원,2132,D,21,10,10,58365712,0,0,21,2026-07-25T18:25:10.006001,10,10
2026-07-25 18:26:45,mediboard,경기도,0,0,A2100024,오산한국병원,2133,C,21,14,17,58366053,1,3,21,2026-07-25T18:25:10.006001,15,20
2026-07-25 18:26:45,mediboard,경기도,0,0,A2100048,원광대학교산본병원,2109,C,21,14,17,58365794,3,3,21,2026-07-25T18:25:10.006001,17,20
2026-07-25 18:26:45,mediboard,경기도,0,0,A2100013,의료법인 록향의료재단 신천연합병원,2123,D,21,7,10,58366011,1,1,21,2026-07-25T18:25:10.006001,8,11
2026-07-25 18:26:45,mediboard,경기도,0,0,A2100036,의료법인 일심의료재단 포천우리병원,2142,D,21,18,18,58365793,4,4,21,2026-07-25T18:25:10.006001,22,22
2026-07-25 18:26:45,mediboard,경기도,0,0,A2100309,의료법인갈렌의료재단박병원,2141,D,21,8,10,58365852,1,1,21,2026-07-25T18:25:10.006001,9,11
2026-07-25 18:26:45,mediboard,경기도,5,5,A2100008,의료법인남촌의료재단시화병원,2123,C,21,10,16,58365736,6,6,21,2026-07-25T18:25:10.006001,21,27
2026-07-25 18:26:45,mediboard,경기도,0,0,A2100009,의료법인녹산의료재단동수원병원,2122,C,21,12,17,58365902,3,3,21,2026-07-25T18:25:10.006001,15,20
2026-07-25 18:26:45,mediboard,경기도,0,0,A2100050,의료법인대인의료재단다니엘종합병원,2113,D,21,5,6,58366058,4,4,21,2026-07-25T18:25:10.006001,9,10
2026-07-25 18:26:45,mediboard,경기도,3,3,A2121061,의료법인덕산의료재단수원덕산병원,2119,D,21,20,24,58366061,3,3,21,2026-07-25T18:25:10.006001,26,30
2026-07-25 18:26:45,mediboard,경기도,0,0,A2117135,의료법인명인의료재단화홍병원,2119,C,21,8,15,58365797,5,5,21,2026-07-25T18:25:10.006001,13,20
2026-07-25 18:26:45,mediboard,경기도,3,3,A2100042,의료법인명지의료재단명지병원,2102,A,21,10,15,58366013,8,11,21,2026-07-25T18:25:10.006001,18,26
2026-07-25 18:26:45,mediboard,경기도,0,0,A2100022,의료법인박애의료재단박애병원,2141,D,21,8,10,58365791,1,1,21,2026-07-25T18:25:10.006001,9,11
2026-07-25 18:26:45,mediboard,경기도,0,0,A2100028,의료법인백송의료재단굿모닝병원,2141,C,21,5,19,58365792,9,9,21,2026-07-25T18:25:10.006001,14,28
2026-07-25 18:26:45,mediboard,경기도,0,0,A2100027,의료법인석경의료재단센트럴병원,2123,D,21,17,18,58365847,3,3,21,2026-07-25T18:25:10.006001,20,21
2026-07-25 18:26:45,mediboard,경기도,0,0,A2116972,의료법인성광의료재단일산차병원,2103,D,21,0,6,58365796,1,4,21,2026-07-25T18:25:10.006001,1,10
2026-07-25 18:26:45,mediboard,경기도,0,0,A2113246,의료법인양진의료재단평택성모병원,2141,C,21,10,17,58365853,3,3,21,2026-07-25T18:25:10.006001,13,20
2026-07-25 18:26:45,mediboard,경기도,0,0,A2100034,의료법인영동의료재단의정부백병원,2138,D,21,9,10,58365690,2,2,21,2026-07-25T18:25:10.006001,11,12
2026-07-25 18:26:45,mediboard,경기도,0,0,A2100053,의료법인우리의료재단김포우리병원,2110,C,21,9,22,58365905,7,7,21,2026-07-25T18:25:10.006001,16,29
2026-07-25 18:26:45,mediboard,경기도,0,0,A2115699,의료법인원광의료재단원광종합병원,2146,D,21,7,9,58365743,1,1,21,2026-07-25T18:25:10.006001,8,10
2026-07-25 18:26:45,mediboard,경기도,0,0,A2100018,의료법인은혜와감사의료재단화성중앙종합병원,2144,D,21,5,9,58365960,1,1,21,2026-07-25T18:25:10.006001,6,10
2026-07-25 18:26:45,mediboard,경기도,0,0,A2100006,의료법인인봉의료재단뉴고려병원,2110,C,21,6,14,58366009,4,6,21,2026-07-25T18:25:10.006001,10,20
2026-07-25 18:26:45,mediboard,경기도,0,0,A2100290,의료법인자인의료재단(더자인병원),2102,D,21,15,16,58365851,4,4,21,2026-07-25T18:25:10.006001,19,20
2026-07-25 18:26:45,mediboard,경기도,0,0,A2100124,의료법인칠석의료재단사랑의병원,2125,D,21,10,13,58365741,1,1,21,2026-07-25T18:25:10.006001,11,14
2026-07-25 18:26:45,mediboard,경기도,0,0,A2100175,의료법인토마스의료재단윌스기념병원,2122,D,21,17,18,58366016,3,3,21,2026-07-25T18:25:10.006001,20,21
2026-07-25 18:26:45,mediboard,경기도,0,0,A2100021,의료법인플러스의료재단단원병원,2124,D,21,14,17,58365846,3,3,21,2026-07-25T18:25:10.006001,17,20
2026-07-25 18:26:45,mediboard,경기도,0,4,A2100038,인제대학교일산백병원,2104,C,21,23,34,58365962,3,6,21,2026-07-25T18:25:10.006001,26,44
2026-07-25 18:26:45,mediboard,경기도,0,0,A2118788,중앙대학교광명병원,2106,C,21,16,21,58365695,2,3,21,2026-07-25T18:25:10.006001,18,24
2026-07-25 18:26:45,mediboard,경기도,8,13,A2100030,차의과학대학교분당차병원,2116,A,21,8,22,58365689,7,7,21,2026-07-25T18:25:10.006001,21,40
2026-07-25 18:26:45,mediboard,경기도,1,1,A2100155,참조은병원,2107,C,21,-1,9,58366015,10,10,21,2026-07-25T18:25:10.006001,10,20
2026-07-25 18:26:45,mediboard,경기도,0,0,A2100150,추병원,2138,D,21,11,12,58365907,2,2,21,2026-07-25T18:25:10.006001,13,14
2026-07-25 18:26:45,mediboard,경기도,6,6,A2117994,학교법인을지학원의정부을지대학교병원,2138,C,21,24,30,58365798,9,11,21,2026-07-25T18:25:10.006001,39,47
2026-07-25 18:26:45,mediboard,경기도,9,9,A2100046,한림대학교동탄성심병원,2147,C,21,16,32,58366057,3,3,21,2026-07-25T18:25:10.006001,28,44
2026-07-25 18:26:45,mediboard,경기도,1,3,A2100004,한림대학교성심병원,2127,A,21,4,25,58365686,11,11,21,2026-07-25T18:25:10.006001,16,39
2026-07-25 18:26:45,mediboard,경기도,0,0,A2100039,한양대학교구리병원,2108,C,21,12,18,58365739,5,5,21,2026-07-25T18:25:10.006001,17,23
2026-07-25 18:26:45,mediboard,경기도,0,0,A2100037,현대병원,2111,C,21,2,17,58365692,3,3,21,2026-07-25T18:25:10.006001,5,20
2026-07-25 18:26:45,mediboard,경기도,0,0,A2100015,효산의료재단안양샘병원,2128,C,21,7,17,58365737,3,3,21,2026-07-25T18:25:10.006001,10,20
2026-07-25 18:26:45,mediboard,경기도,0,0,A2100054,효산의료재단지샘병원,2109,C,21,12,18,58366059,4,4,21,2026-07-25T18:25:10.006001,16,22
2026-07-25 18:26:45,mediboard,강원특별자치도,3,3,A2200008,강릉아산병원,2201,A,22,2,23,58365909,4,5,22,2026-07-25T18:25:10.006001,9,31
2026-07-25 18:26:45,mediboard,강원특별자치도,3,3,A2200009,강원대학교병원,2213,C,22,7,21,58366062,4,5,22,2026-07-25T18:25:10.006001,14,29
2026-07-25 18:26:45,mediboard,강원특별자치도,0,0,A2200011,강원특별자치도강릉의료원,2201,D,22,4,5,58365855,1,1,22,2026-07-25T18:25:10.006001,5,6
2026-07-25 18:26:45,mediboard,강원특별자치도,1,1,A2200007,강원특별자치도삼척의료원,2204,C,22,14,16,58365696,3,5,22,2026-07-25T18:25:10.006001,18,22
2026-07-25 18:26:45,mediboard,강원특별자치도,0,0,A2200012,강원특별자치도속초의료원,2205,C,22,17,17,58366063,3,3,22,2026-07-25T18:25:10.006001,20,20
2026-07-25 18:26:45,mediboard,강원특별자치도,0,0,A2200002,강원특별자치도영월의료원,2208,D,22,8,9,58365744,1,1,22,2026-07-25T18:25:10.006001,9,10
2026-07-25 18:26:45,mediboard,강원특별자치도,0,0,A2200015,강원특별자치도원주의료원,2209,D,22,8,17,58365857,3,3,22,2026-07-25T18:25:10.006001,11,20
2026-07-25 18:26:45,mediboard,강원특별자치도,0,0,A2200048,근로복지공단정선병원,2211,D,22,1,5,58365800,1,1,22,2026-07-25T18:25:10.006001,2,6
2026-07-25 18:26:45,mediboard,강원특별자치도,0,0,A2200004,근로복지공단태백병원,2214,D,22,6,9,58365799,1,1,22,2026-07-25T18:25:10.006001,7,10
2026-07-25 18:26:45,mediboard,강원특별자치도,2,3,A2200001,연세대학교원주세브란스기독병원,2209,A,22,17,31,58365854,28,45,22,2026-07-25T18:25:10.006001,47,79
2026-07-25 18:26:45,mediboard,강원특별자치도,0,0,A2200005,의료법인강릉동인병원,2201,C,22,16,17,58365965,3,3,22,2026-07-25T18:25:10.006001,19,20
2026-07-25 18:26:45,mediboard,강원특별자치도,0,0,A2200003,의료법인동해동인병원,2203,D,22,8,10,58365964,1,1,22,2026-07-25T18:25:10.006001,9,11
2026-07-25 18:26:45,mediboard,강원특별자치도,0,0,A2200037,의료법인성심의료재단양구성심병원,2206,D,22,4,5,58366064,1,1,22,2026-07-25T18:25:10.006001,5,6
2026-07-25 18:26:45,mediboard,강원특별자치도,0,0,A2200024,의료법인성지의료재단성지병원,2209,D,22,-1,7,58365911,1,1,22,2026-07-25T18:25:10.006001,0,8
2026-07-25 18:26:45,mediboard,강원특별자치도,0,0,A2200046,의료법인온세움의료재단온재병원,2205,D,22,0,9,58366065,1,1,22,2026-07-25T18:25:10.006001,1,10
2026-07-25 18:26:45,mediboard,강원특별자치도,0,0,A2201730,철원병원,2212,D,22,3,5,58365745,1,1,22,2026-07-25T18:25:10.006001,4,6
2026-07-25 18:26:45,mediboard,강원특별자치도,0,0,E2200026,평창군보건의료원,2215,D,22,5,6,58365821,1,1,22,2026-07-25T18:25:10.006001,6,7
2026-07-25 18:26:45,mediboard,강원특별자치도,2,3,A2200013,한림대학교춘천성심병원,2213,A,22,12,22,58365697,5,5,22,2026-07-25T18:25:10.006001,19,30
2026-07-25 18:26:45,mediboard,강원특별자치도,0,0,A2200014,홍천아산병원,2216,D,22,7,10,58365856,0,0,22,2026-07-25T18:25:10.006001,7,10
2026-07-25 18:26:45,mediboard,강원특별자치도,0,0,E2200025,화천군보건의료원,2217,D,22,6,7,58365936,1,1,22,2026-07-25T18:25:10.006001,7,8
2026-07-25 18:26:45,mediboard,강원특별자치도,0,0,A2200016,횡성대성병원,2218,D,22,4,9,58365910,1,1,22,2026-07-25T18:25:10.006001,5,10
2026-07-25 18:26:45,mediboard,충청북도,0,0,A2300010,건국대학교충주병원,2314,C,23,13,20,58366066,3,3,23,2026-07-25T18:25:10.006001,16,23
2026-07-25 18:26:45,mediboard,충청북도,0,0,E2300011,단양군보건의료원,2302,D,23,4,6,58365769,1,2,23,2026-07-25T18:25:10.006001,5,8
2026-07-25 18:26:45,mediboard,충청북도,0,0,A2300013,의료법인 건명의료재단 중앙제일병원,2309,C,23,9,17,58365966,3,5,23,2026-07-25T18:25:10.006001,12,22
2026-07-25 18:26:45,mediboard,충청북도,0,0,A2300034,의료법인대광의료재단괴산성모병원,2301,D,23,7,9,58365860,0,1,23,2026-07-25T18:25:10.006001,7,10
2026-07-25 18:26:45,mediboard,충청북도,1,3,A2300009,의료법인명지의료재단명지병원,2307,C,23,13,18,58365859,6,6,23,2026-07-25T18:25:10.006001,20,27
2026-07-25 18:26:45,mediboard,충청북도,0,0,A2300007,의료법인인화재단한국병원,2310,C,23,4,14,58365858,6,6,23,2026-07-25T18:25:10.006001,10,20
2026-07-25 18:26:45,mediboard,충청북도,0,0,A2300005,의료법인자산의료재단제천서울병원,2307,C,23,10,15,58365748,5,5,23,2026-07-25T18:25:10.006001,15,20
2026-07-25 18:26:45,mediboard,충청북도,0,0,A2300003,의료법인정산의료재단효성병원,2310,C,23,11,18,58365747,5,5,23,2026-07-25T18:25:10.006001,16,23
2026-07-25 18:26:45,mediboard,충청북도,0,0,A2300030,의료법인조윤의료재단영동병원,2304,D,23,7,10,58365967,0,0,23,2026-07-25T18:25:10.006001,7,10
2026-07-25 18:26:45,mediboard,충청북도,0,0,A2300002,의료법인한마음의료재단하나병원,2313,C,23,2,11,58365698,12,12,23,2026-07-25T18:25:10.006001,14,23
2026-07-25 18:26:45,mediboard,충청북도,0,0,A2300011,의료법인힐링의료재단옥천성모병원,2305,D,23,6,7,58366020,3,3,23,2026-07-25T18:25:10.006001,9,10
2026-07-25 18:26:45,mediboard,충청북도,0,0,A2300008,청주성모병원,2312,C,23,7,15,58365699,7,10,23,2026-07-25T18:25:10.006001,14,25
2026-07-25 18:26:45,mediboard,충청북도,6,8,A2300001,충북대학교병원,2311,A,23,22,32,58365746,5,5,23,2026-07-25T18:25:10.006001,33,45
2026-07-25 18:26:45,mediboard,충청북도,0,0,A2300006,충청북도청주의료원,2311,D,23,10,12,58365802,4,4,23,2026-07-25T18:25:10.006001,14,16
2026-07-25 18:26:45,mediboard,충청북도,0,0,A2300004,충청북도충주의료원,2314,D,23,15,18,58365801,3,3,23,2026-07-25T18:25:10.006001,18,21
2026-07-25 18:26:45,mediboard,충청남도,3,4,A2400002,단국대학교의과대학부속병원,2412,A,24,11,27,58365750,4,5,24,2026-07-25T18:25:10.006001,18,36
2026-07-25 18:26:45,mediboard,충청남도,0,0,A2400008,당진종합병원,2405,C,24,8,17,58365751,3,3,24,2026-07-25T18:25:10.006001,11,20
2026-07-25 18:26:45,mediboard,충청남도,0,4,A2400003,서산중앙병원,2408,C,24,13,17,58365700,3,3,24,2026-07-25T18:25:10.006001,16,24
2026-07-25 18:26:45,mediboard,충청남도,0,0,A2402257,아산충무병원,2410,C,24,8,13,58366067,8,8,24,2026-07-25T18:25:10.006001,16,21
2026-07-25 18:26:45,mediboard,충청남도,0,0,A2400044,의료법인 서해병원,2409,D,24,5,5,58365752,2,2,24,2026-07-25T18:25:10.006001,7,7
2026-07-25 18:26:45,mediboard,충청남도,0,0,A2400004,의료법인 예당의료재단 예산종합병원,2411,D,24,3,6,58365912,1,1,24,2026-07-25T18:25:10.006001,4,7
2026-07-25 18:26:45,mediboard,충청남도,0,0,A2400009,의료법인백제병원,2404,C,24,10,20,58365702,3,3,24,2026-07-25T18:25:10.006001,13,23
2026-07-25 18:26:45,mediboard,충청남도,0,0,A2400012,의료법인영서의료재단천안충무병원,2413,C,24,9,16,58365861,5,5,24,2026-07-25T18:25:10.006001,14,21
2026-07-25 18:26:45,mediboard,충청남도,0,0,A2400011,재단법인아산사회복지재단보령아산병원,2406,C,24,14,17,58365803,3,3,24,2026-07-25T18:25:10.006001,17,20
2026-07-25 18:26:45,mediboard,충청남도,0,0,E2400032,청양군보건의료원,2414,D,24,5,6,58365878,1,1,24,2026-07-25T18:25:10.006001,6,7
2026-07-25 18:26:45,mediboard,충청남도,0,0,A2400010,충청남도공주의료원,2402,D,24,9,15,58365703,1,1,24,2026-07-25T18:25:10.006001,10,16
2026-07-25 18:26:45,mediboard,충청남도,0,0,A2400006,충청남도서산의료원,2408,C,24,6,17,58365701,2,3,24,2026-07-25T18:25:10.006001,8,20
2026-07-25 18:26:45,mediboard,충청남도,0,0,A2400005,충청남도천안의료원,2412,D,24,7,12,58365968,1,2,24,2026-07-25T18:25:10.006001,8,14
2026-07-25 18:26:45,mediboard,충청남도,1,1,A2400007,충청남도홍성의료원,2416,C,24,7,18,58366021,3,3,24,2026-07-25T18:25:10.006001,11,22
2026-07-25 18:26:45,mediboard,충청남도,0,0,E2400033,태안군보건의료원,2415,D,24,10,10,58365713,1,1,24,2026-07-25T18:25:10.006001,11,11
2026-07-25 18:26:45,mediboard,충청남도,0,0,A2400038,학교법인건양교육재단건양대학교부여병원,2407,D,24,5,9,58365862,1,1,24,2026-07-25T18:25:10.006001,6,10
2026-07-25 18:26:45,mediboard,충청남도,18,18,A2400001,학교법인동은학원순천향대학교부속천안병원,2412,A,24,8,22,58365749,9,11,24,2026-07-25T18:25:10.006001,31,47
2026-07-25 18:26:45,mediboard,충청남도,0,0,A2400039,현대병원,2410,D,24,4,10,58365969,1,1,24,2026-07-25T18:25:10.006001,5,11
2026-07-25 18:26:45,mediboard,전북특별자치도,0,0,A2500038,김제우석병원,2503,D,25,9,10,58365704,1,1,25,2026-07-25T18:25:10.006001,10,11
2026-07-25 18:26:45,mediboard,전북특별자치도,0,0,A2500056,대자인병원,2512,C,25,18,33,58365864,3,3,25,2026-07-25T18:25:10.006001,21,36
2026-07-25 18:26:45,mediboard,전북특별자치도,0,0,E2500019,무주군보건의료원,2505,D,25,3,4,58366036,1,1,25,2026-07-25T18:25:10.006001,4,5
2026-07-25 18:26:45,mediboard,전북특별자치도,0,0,A2500010,부안성모병원,2506,D,25,5,10,58365971,2,2,25,2026-07-25T18:25:10.006001,7,12
2026-07-25 18:26:45,mediboard,전북특별자치도,3,3,A2502742,새강병원,2513,D,25,13,14,58366070,3,3,25,2026-07-25T18:25:10.006001,19,20
2026-07-25 18:26:45,mediboard,전북특별자치도,0,0,E2500021,순창군보건의료원,2507,D,25,9,9,58365770,1,1,25,2026-07-25T18:25:10.006001,10,10
2026-07-25 18:26:45,mediboard,전북특별자치도,3,3,A2500001,원광대학교병원,2509,A,25,11,28,58366068,5,5,25,2026-07-25T18:25:10.006001,19,36
2026-07-25 18:26:45,mediboard,전북특별자치도,0,0,A2500011,의료법인대산의료재단익산병원,2509,C,25,13,17,58365863,3,3,25,2026-07-25T18:25:10.006001,16,20
2026-07-25 18:26:45,mediboard,전북특별자치도,0,0,A2500009,의료법인석천재단고창병원,2501,D,25,9,10,58366022,1,1,25,2026-07-25T18:25:10.006001,10,11
2026-07-25 18:26:45,mediboard,전북특별자치도,0,0,A2500005,의료법인영경의료재단전주병원,2513,C,25,12,17,58365914,3,3,25,2026-07-25T18:25:10.006001,15,20
2026-07-25 18:26:45,mediboard,전북특별자치도,0,0,A2501890,의료법인영경의료재단호성전주병원,2512,D,25,2,9,58365804,1,1,25,2026-07-25T18:25:10.006001,3,10
2026-07-25 18:26:45,mediboard,전북특별자치도,0,0,A2500012,의료법인오성의료재단동군산병원,2502,C,25,7,17,58366069,5,6,25,2026-07-25T18:25:10.006001,12,23
2026-07-25 18:26:45,mediboard,전북특별자치도,0,0,E2500022,임실군보건의료원,2510,D,25,4,4,58366037,1,1,25,2026-07-25T18:25:10.006001,5,5
2026-07-25 18:26:45,mediboard,전북특별자치도,0,0,E2500020,장수군보건의료원,2511,D,25,5,5,58365879,1,1,25,2026-07-25T18:25:10.006001,6,6
2026-07-25 18:26:45,mediboard,전북특별자치도,0,0,A2500008,재단법인 아산사회복지재단 정읍아산병원,2514,C,25,11,17,58365754,3,3,25,2026-07-25T18:25:10.006001,14,20
2026-07-25 18:26:45,mediboard,전북특별자치도,10,12,A2500006,재단법인예수병원유지재단예수병원,2513,C,25,28,38,58365753,5,5,25,2026-07-25T18:25:10.006001,41,53
2026-07-25 18:26:45,mediboard,전북특별자치도,4,5,A2500002,전북대학교병원,2512,A,25,19,36,58365970,7,7,25,2026-07-25T18:25:10.006001,30,48
2026-07-25 18:26:45,mediboard,전북특별자치도,0,0,A2500007,전북특별자치도군산의료원,2502,C,25,7,17,58365915,3,3,25,2026-07-25T18:25:10.006001,10,20
2026-07-25 18:26:45,mediboard,전북특별자치도,0,0,A2500004,전북특별자치도남원의료원,2504,C,25,16,17,58365913,3,3,25,2026-07-25T18:25:10.006001,19,20
2026-07-25 18:26:45,mediboard,전북특별자치도,0,0,A2502031,진안군의료원,2515,D,25,3,6,58365972,2,2,25,2026-07-25T18:25:10.006001,5,8
2026-07-25 18:26:45,mediboard,전라남도,0,0,A2600029,곡성사랑병원,2603,D,26,4,5,58365974,1,1,26,2026-07-25T18:25:10.006001,5,6
2026-07-25 18:26:45,mediboard,전라남도,0,0,A2600006,광양사랑병원,2604,D,26,8,9,58365706,1,1,26,2026-07-25T18:25:10.006001,9,10
2026-07-25 18:26:45,mediboard,전라남도,0,0,A2600061,구례병원,2605,D,26,10,10,58366025,0,0,26,2026-07-25T18:25:10.006001,10,10
2026-07-25 18:26:45,mediboard,전라남도,0,0,A2600016,나주종합병원,2606,D,26,6,10,58365917,0,0,26,2026-07-25T18:25:10.006001,6,10
2026-07-25 18:26:45,mediboard,전라남도,0,0,A2600054,담양사랑병원,2607,D,26,5,6,58365921,2,2,26,2026-07-25T18:25:10.006001,7,8
2026-07-25 18:26:45,mediboard,전라남도,0,0,A2600003,대송의료재단무안병원,2609,D,26,0,4,58366023,1,1,26,2026-07-25T18:25:10.006001,1,5
2026-07-25 18:26:45,mediboard,전라남도,0,0,A2600020,목포기독병원,2608,D,26,10,17,58365756,3,3,26,2026-07-25T18:25:10.006001,13,20
2026-07-25 18:26:45,mediboard,전라남도,0,0,A2600022,목포시의료원,2608,D,26,8,9,58366074,1,1,26,2026-07-25T18:25:10.006001,9,10
2026-07-25 18:26:45,mediboard,전라남도,3,3,A2600011,목포한국병원,2608,A,26,12,18,58365865,5,5,26,2026-07-25T18:25:10.006001,20,26
2026-07-25 18:26:45,mediboard,전라남도,0,0,A2600052,보성아산병원,2610,D,26,5,8,58366078,1,1,26,2026-07-25T18:25:10.006001,6,9
2026-07-25 18:26:45,mediboard,전라남도,0,0,A2602211,빛가람종합병원,2606,D,26,2,9,58365808,1,1,26,2026-07-25T18:25:10.006001,3,10
2026-07-25 18:26:45,mediboard,전라남도,3,4,A2600019,성가롤로병원,2611,A,26,1,18,58365918,5,5,26,2026-07-25T18:25:10.006001,9,27
2026-07-25 18:26:45,mediboard,전라남도,0,0,A2600008,순천제일병원,2611,D,26,6,9,58365973,1,1,26,2026-07-25T18:25:10.006001,7,10
2026-07-25 18:26:45,mediboard,전라남도,0,0,A2600004,순천중앙병원,2611,D,26,3,5,58365916,1,1,26,2026-07-25T18:25:10.006001,4,6
2026-07-25 18:26:45,mediboard,전라남도,0,0,A2600010,여수전남병원,2613,D,26,10,10,58366072,1,1,26,2026-07-25T18:25:10.006001,11,11
2026-07-25 18:26:45,mediboard,전라남도,0,0,A2600014,여천전남병원,2613,C,26,13,17,58365755,3,3,26,2026-07-25T18:25:10.006001,16,20
2026-07-25 18:26:45,mediboard,전라남도,0,0,A2600015,영광종합병원,2614,D,26,7,10,58366024,3,3,26,2026-07-25T18:25:10.006001,10,13
2026-07-25 18:26:45,mediboard,전라남도,0,0,A2600070,영암한국병원,2615,D,26,6,8,58366026,0,1,26,2026-07-25T18:25:10.006001,6,9
2026-07-25 18:26:45,mediboard,전라남도,0,0,A2600032,완도대성병원,2616,D,26,3,5,58365867,1,1,26,2026-07-25T18:25:10.006001,4,6
2026-07-25 18:26:45,mediboard,전라남도,0,0,A2600034,의료법인 거명의료재단 영광기독병원,2614,D,26,7,10,58365920,1,1,26,2026-07-25T18:25:10.006001,8,11
2026-07-25 18:26:45,mediboard,전라남도,0,0,A2600017,의료법인목포구암의료재단목포중앙병원,2608,C,26,14,16,58365806,4,4,26,2026-07-25T18:25:10.006001,18,20
2026-07-25 18:26:45,mediboard,전라남도,0,0,A2600066,의료법인삼호의료재단벌교삼호병원,2610,D,26,6,6,58365758,1,1,26,2026-07-25T18:25:10.006001,7,7
2026-07-25 18:26:45,mediboard,전라남도,0,0,A2600051,의료법인신안대우병원,2612,D,26,2,4,58366077,1,1,26,2026-07-25T18:25:10.006001,3,5
2026-07-25 18:26:45,mediboard,전라남도,0,0,A2600018,의료법인영성의료재단고흥종합병원,2602,D,26,6,10,58365866,0,0,26,2026-07-25T18:25:10.006001,6,10
2026-07-25 18:26:45,mediboard,전라남도,0,0,A2600021,의료법인우범의료재단장흥종합병원,2618,D,26,8,9,58366073,1,1,26,2026-07-25T18:25:10.006001,9,10
2026-07-25 18:26:45,mediboard,전라남도,0,0,A2600068,의료법인장호의료재단녹동현대병원,2602,D,26,2,3,58365922,2,2,26,2026-07-25T18:25:10.006001,4,5
2026-07-25 18:26:45,mediboard,전라남도,0,0,A2600005,의료법인한국의료재단한국병원,2611,D,26,3,11,58365705,1,1,26,2026-07-25T18:25:10.006001,4,12
2026-07-25 18:26:45,mediboard,전라남도,0,0,A2600027,의료법인한마음의료재단여수제일병원,2613,D,26,7,9,58365919,1,1,26,2026-07-25T18:25:10.006001,8,10
2026-07-25 18:26:45,mediboard,전라남도,0,0,A2600035,의료법인행복나눔의료재단장성병원,2617,D,26,2,4,58365807,1,1,26,2026-07-25T18:25:10.006001,3,5
2026-07-25 18:26:45,mediboard,전라남도,0,0,A2600009,의료법인행촌의료재단해남종합병원,2621,D,26,6,10,58366071,1,1,26,2026-07-25T18:25:10.006001,7,11
2026-07-25 18:26:45,mediboard,전라남도,0,0,A2600024,의료법인현경의료재단광양서울병원,2604,D,26,6,9,58366075,1,1,26,2026-07-25T18:25:10.006001,7,10
2026-07-25 18:26:45,mediboard,전라남도,0,0,A2600037,장흥우리병원,2618,D,26,4,4,58365757,1,1,26,2026-07-25T18:25:10.006001,5,5
2026-07-25 18:26:45,mediboard,전라남도,0,0,A2600050,전라남도강진의료원,2601,D,26,8,9,58365975,1,1,26,2026-07-25T18:25:10.006001,9,10
2026-07-25 18:26:45,mediboard,전라남도,0,0,A2600056,전라남도순천의료원,2611,D,26,5,6,58366079,2,2,26,2026-07-25T18:25:10.006001,7,8
2026-07-25 18:26:45,mediboard,전라남도,0,0,A2600040,진도한국병원,2619,D,26,2,4,58366076,1,1,26,2026-07-25T18:25:10.006001,3,5
2026-07-25 18:26:45,mediboard,전라남도,0,0,A2600077,해남우리종합병원,2621,D,26,10,15,58365759,4,4,26,2026-07-25T18:25:10.006001,14,19
2026-07-25 18:26:45,mediboard,전라남도,1,1,A2600001,화순전남대학교병원,2622,C,26,14,16,58365805,7,7,26,2026-07-25T18:25:10.006001,22,24
2026-07-25 18:26:45,mediboard,경상북도,0,0,A2700018,경상북도김천의료원,2706,D,27,7,17,58365928,1,1,27,2026-07-25T18:25:10.006001,8,18
2026-07-25 18:26:45,mediboard,경상북도,0,0,A2700001,경상북도안동의료원,2711,D,27,5,6,58365707,2,2,27,2026-07-25T18:25:10.006001,7,8
2026-07-25 18:26:45,mediboard,경상북도,0,0,A2700005,경상북도포항의료원,2724,D,27,4,8,58365923,2,2,27,2026-07-25T18:25:10.006001,6,10
2026-07-25 18:26:45,mediboard,경상북도,0,0,A2700097,계명대학교경주동산병원,2702,D,27,6,9,58365976,1,1,27,2026-07-25T18:25:10.006001,7,10
2026-07-25 18:26:45,mediboard,경상북도,0,0,A2700015,구미강동병원,2704,D,27,4,7,58365927,2,3,27,2026-07-25T18:25:10.006001,6,10
2026-07-25 18:26:45,mediboard,경상북도,2,3,A2700003,동국대학교의과대학경주병원,2702,C,27,6,16,58366027,7,7,27,2026-07-25T18:25:10.006001,15,26
2026-07-25 18:26:45,mediboard,경상북도,0,0,A2700011,상주적십자병원,2709,D,27,6,9,58366080,1,1,27,2026-07-25T18:25:10.006001,7,10
2026-07-25 18:26:45,mediboard,경상북도,4,4,A2700013,순천향대학교부속구미병원,2704,C,27,9,13,58365811,3,3,27,2026-07-25T18:25:10.006001,16,20
2026-07-25 18:26:45,mediboard,경상북도,0,0,A2700004,안동성소병원,2711,C,27,7,12,58365708,8,8,27,2026-07-25T18:25:10.006001,15,20
2026-07-25 18:26:45,mediboard,경상북도,0,0,A2700008,에스포항병원,2723,D,27,5,6,58365925,1,1,27,2026-07-25T18:25:10.006001,6,7
2026-07-25 18:26:45,mediboard,경상북도,0,0,A2700017,영남대학교의과대학부속영천병원,2715,D,27,6,10,58365869,3,3,27,2026-07-25T18:25:10.006001,9,13
2026-07-25 18:26:45,mediboard,경상북도,0,0,A2700031,영주기독병원,2714,D,27,1,4,58365761,1,1,27,2026-07-25T18:25:10.006001,2,5
2026-07-25 18:26:45,mediboard,경상북도,0,0,A2700020,영주자인병원,2714,D,27,4,4,58365870,1,1,27,2026-07-25T18:25:10.006001,5,5
2026-07-25 18:26:45,mediboard,경상북도,0,0,A2702752,영주적십자병원,2714,D,27,9,10,58365813,1,1,27,2026-07-25T18:25:10.006001,10,11
2026-07-25 18:26:45,mediboard,경상북도,0,0,E2700553,울릉군보건의료원,2717,D,27,4,5,58365714,0,0,27,2026-07-25T18:25:10.006001,4,5
2026-07-25 18:26:45,mediboard,경상북도,0,0,A2700052,울진군의료원,2718,D,27,5,8,58365763,2,2,27,2026-07-25T18:25:10.006001,7,10
2026-07-25 18:26:45,mediboard,경상북도,0,0,A2700019,의)근원의료재단경산중앙병원,2701,D,27,10,10,58365760,2,2,27,2026-07-25T18:25:10.006001,12,12
2026-07-25 18:26:45,mediboard,경상북도,0,0,A2700038,의료법인대남의료재단청도대남병원,2720,D,27,10,10,58366081,0,0,27,2026-07-25T18:25:10.006001,10,10
2026-07-25 18:26:45,mediboard,경상북도,0,0,A2700012,의료법인덕산의료재단김천제일병원,2706,C,27,13,16,58365926,4,4,27,2026-07-25T18:25:10.006001,17,20
2026-07-25 18:26:45,mediboard,경상북도,0,0,A2700006,의료법인동춘의료재단문경제일병원,2707,C,27,12,17,58365924,2,3,27,2026-07-25T18:25:10.006001,14,20
2026-07-25 18:26:45,mediboard,경상북도,0,0,A2700009,의료법인삼백의료재단상주성모병원,2709,D,27,8,9,58366028,1,1,27,2026-07-25T18:25:10.006001,9,10
2026-07-25 18:26:45,mediboard,경상북도,0,0,A2700036,의료법인서명의료재단세명종합병원,2701,D,27,5,13,58365762,2,2,27,2026-07-25T18:25:10.006001,7,15
2026-07-25 18:26:45,mediboard,경상북도,0,0,A2700023,의료법인서준의료재단예천권병원,2716,D,27,5,6,58365812,1,1,27,2026-07-25T18:25:10.006001,6,7
2026-07-25 18:26:45,mediboard,경상북도,0,3,A2700014,의료법인안동병원,2711,A,27,9,17,58365709,5,5,27,2026-07-25T18:25:10.006001,14,25
2026-07-25 18:26:45,mediboard,경상북도,0,0,A2700070,의료법인영암의료재단고령영생병원,2703,D,27,3,5,58365872,1,1,27,2026-07-25T18:25:10.006001,4,6
2026-07-25 18:26:45,mediboard,경상북도,0,0,A2700063,의료법인영제의료재단영남제일병원,2719,D,27,4,5,58365871,1,1,27,2026-07-25T18:25:10.006001,5,6
2026-07-25 18:26:45,mediboard,경상북도,0,0,A2702563,의료법인은성의료재단좋은선린병원,2724,D,27,9,10,58365873,2,2,27,2026-07-25T18:25:10.006001,11,12
2026-07-25 18:26:45,mediboard,경상북도,3,5,A2700007,차의과학대학교부속구미차병원,2704,A,27,10,20,58365810,6,12,27,2026-07-25T18:25:10.006001,19,37
2026-07-25 18:26:45,mediboard,경상북도,0,0,E2700554,청송군보건의료원,2721,D,27,5,5,58365937,1,1,27,2026-07-25T18:25:10.006001,6,6
2026-07-25 18:26:45,mediboard,경상북도,11,11,A2700016,포항성모병원,2723,A,27,14,20,58365868,5,15,27,2026-07-25T18:25:10.006001,30,46
2026-07-25 18:26:45,mediboard,경상북도,0,0,A2700002,포항세명기독병원,2723,C,27,11,15,58365809,10,10,27,2026-07-25T18:25:10.006001,21,25
2026-07-25 18:26:45,mediboard,경상남도,0,0,A2800032,강병원,2803,D,28,6,9,58365979,1,1,28,2026-07-25T18:25:10.006001,7,10
2026-07-25 18:26:45,mediboard,경상남도,0,0,A2803677,강일병원,2804,D,28,7,8,58365818,3,3,28,2026-07-25T18:25:10.006001,10,11
2026-07-25 18:26:45,mediboard,경상남도,0,0,A2800076,거창적십자병원,2802,D,28,6,9,58365982,1,1,28,2026-07-25T18:25:10.006001,7,10
2026-07-25 18:26:45,mediboard,경상남도,3,3,A2800001,경상국립대학교병원,2811,A,28,19,30,58366029,5,5,28,2026-07-25T18:25:10.006001,27,38
2026-07-25 18:26:45,mediboard,경상남도,0,0,A2800025,경상남도마산의료원,2813,D,28,13,13,58365816,2,2,28,2026-07-25T18:25:10.006001,15,15
2026-07-25 18:26:45,mediboard,경상남도,0,0,A2800113,밀양병원,2806,D,28,6,8,58366034,1,1,28,2026-07-25T18:25:10.006001,7,9
2026-07-25 18:26:45,mediboard,경상남도,0,0,A2800084,반도병원,2811,D,28,3,7,58365934,1,1,28,2026-07-25T18:25:10.006001,4,8
2026-07-25 18:26:45,mediboard,경상남도,0,0,A2800019,베데스다복음병원,2809,D,28,5,9,58366031,1,1,28,2026-07-25T18:25:10.006001,6,10
2026-07-25 18:26:45,mediboard,경상남도,0,0,E2800380,산청군보건의료원,2808,D,28,5,5,58365822,1,1,28,2026-07-25T18:25:10.006001,6,6
2026-07-25 18:26:45,mediboard,경상남도,0,0,A2800055,삼성합천병원,2822,D,28,3,4,58365980,1,1,28,2026-07-25T18:25:10.006001,4,5
2026-07-25 18:26:45,mediboard,경상남도,0,0,A2800101,삼천포제일병원,2807,D,28,8,8,58365817,2,2,28,2026-07-25T18:25:10.006001,10,10
2026-07-25 18:26:45,mediboard,경상남도,0,0,A2800092,새통영병원,2818,D,28,5,9,58365766,1,1,28,2026-07-25T18:25:10.006001,6,10
2026-07-25 18:26:45,mediboard,경상남도,7,10,A2800011,양산부산대학교병원,2809,A,28,7,23,58365874,6,8,28,2026-07-25T18:25:10.006001,18,39
2026-07-25 18:26:45,mediboard,경상남도,0,0,A2804593,양산성모병원,2809,D,28,12,13,58365819,1,1,28,2026-07-25T18:25:10.006001,13,14
2026-07-25 18:26:45,mediboard,경상남도,0,0,A2800021,연세에스병원,2817,D,28,9,9,58365765,1,1,28,2026-07-25T18:25:10.006001,10,10
2026-07-25 18:26:45,mediboard,경상남도,0,0,A2800090,의령병원,2810,D,28,1,4,58365876,1,1,28,2026-07-25T18:25:10.006001,2,5
2026-07-25 18:26:45,mediboard,경상남도,0,0,A2800008,의료법인 거붕 백병원,2801,D,28,4,9,58365930,1,1,28,2026-07-25T18:25:10.006001,5,10
2026-07-25 18:26:45,mediboard,경상남도,0,0,A2800005,의료법인 대우의료재단대우병원,2801,D,28,7,9,58365710,1,1,28,2026-07-25T18:25:10.006001,8,10
2026-07-25 18:26:45,mediboard,경상남도,0,0,A2800015,의료법인 문병욱의료재단 진주고려병원,2811,D,28,10,10,58366030,1,1,28,2026-07-25T18:25:10.006001,11,11
2026-07-25 18:26:45,mediboard,경상남도,0,0,A2800022,의료법인 성념의료재단맑은샘병원,2801,D,28,9,9,58366082,1,1,28,2026-07-25T18:25:10.006001,10,10
2026-07-25 18:26:45,mediboard,경상남도,0,0,A2800094,의료법인 이도의료재단 남해병원,2805,D,28,7,8,58365877,2,2,28,2026-07-25T18:25:10.006001,9,10
2026-07-25 18:26:45,mediboard,경상남도,0,0,A2800014,의료법인갑을의료재단 갑을장유병원,2804,D,28,7,9,58365932,1,1,28,2026-07-25T18:25:10.006001,8,10
2026-07-25 18:26:45,mediboard,경상남도,0,0,A2800006,의료법인숭인의료재단 김해복음병원,2804,C,28,6,16,58365977,4,4,28,2026-07-25T18:25:10.006001,10,20
2026-07-25 18:26:45,mediboard,경상남도,0,0,A2800068,의료법인승연의료재단 삼천포서울병원,2807,D,28,7,9,58365981,1,1,28,2026-07-25T18:25:10.006001,8,10
2026-07-25 18:26:45,mediboard,경상남도,0,0,A2800009,의료법인청아의료재단청아병원,2814,D,28,5,9,58365931,1,1,28,2026-07-25T18:25:10.006001,6,10
2026-07-25 18:26:45,mediboard,경상남도,0,0,A2800017,의료법인합포의료재단에스엠지연세병원,2813,C,28,12,17,58365875,3,3,28,2026-07-25T18:25:10.006001,15,20
2026-07-25 18:26:45,mediboard,경상남도,0,0,A2800010,의료법인환명의료재단 조은금강병원,2804,C,28,7,17,58365815,3,3,28,2026-07-25T18:25:10.006001,10,20
2026-07-25 18:26:45,mediboard,경상남도,0,0,A2800003,제일병원,2811,C,28,12,17,58365814,3,3,28,2026-07-25T18:25:10.006001,15,20
2026-07-25 18:26:45,mediboard,경상남도,0,0,A2800037,진주복음병원,2811,D,28,6,9,58365711,1,1,28,2026-07-25T18:25:10.006001,7,10
2026-07-25 18:26:45,mediboard,경상남도,0,0,A2803505,창원경상국립대학교병원,2815,C,28,14,18,58365767,3,10,28,2026-07-25T18:25:10.006001,17,28
2026-07-25 18:26:45,mediboard,경상남도,0,0,A2800004,창원파티마병원,2816,C,28,2,17,58365929,3,3,28,2026-07-25T18:25:10.006001,5,20
2026-07-25 18:26:45,mediboard,경상남도,0,0,A2800007,창원한마음병원,2816,C,28,11,21,58365978,4,4,28,2026-07-25T18:25:10.006001,15,25
2026-07-25 18:26:45,mediboard,경상남도,0,0,A2800062,태황의료재단한성병원,2812,D,28,8,9,58366033,1,1,28,2026-07-25T18:25:10.006001,9,10
2026-07-25 18:26:45,mediboard,경상남도,8,8,A2800020,학교법인성균관대학삼성창원병원,2814,A,28,16,27,58365764,5,5,28,2026-07-25T18:25:10.006001,29,40
2026-07-25 18:26:45,mediboard,경상남도,0,0,A2800043,한일병원,2811,C,28,9,17,58366032,3,3,28,2026-07-25T18:25:10.006001,12,20
2026-07-25 18:26:45,mediboard,경상남도,0,0,A2800080,함양성심병원,2821,D,28,2,4,58365933,1,1,28,2026-07-25T18:25:10.006001,3,5
2026-07-25 18:26:45,mediboard,제주특별자치도,0,0,A2900003,의료법인 혜인의료재단 한국병원,2902,D,29,1,9,58365983,1,1,29,2026-07-25T18:25:10.006001,2,10
2026-07-25 18:26:45,mediboard,제주특별자치도,1,1,A2900006,의료법인중앙의료재단중앙병원,2902,C,29,5,16,58365820,3,3,29,2026-07-25T18:25:10.006001,9,20
2026-07-25 18:26:45,mediboard,제주특별자치도,0,0,A2900007,제주대학교병원,2902,C,29,0,20,58365935,4,6,29,2026-07-25T18:25:10.006001,4,26
2026-07-25 18:26:45,mediboard,제주특별자치도,4,4,A2900002,제주특별자치도서귀포의료원,2901,C,29,6,16,58365768,5,5,29,2026-07-25T18:25:10.006001,15,25
2026-07-25 18:26:45,mediboard,제주특별자치도,3,3,A2900001,제주한라병원,2902,A,29,7,17,58366083,5,5,29,2026-07-25T18:25:10.006001,15,25
2026-07-25 18:26:45,mediboard,제주특별자치도,0,0,A2900005,한마음병원,2902,C,29,5,17,58366035,2,3,29,2026-07-25T18:25:10.006001,7,20
2026-07-25 20:02:23,mediboard,서울특별시,0,0,A1100011,가톨릭대학교여의도성모병원,1120,C,11,14,15,58373729,5,5,11,2026-07-25T20:00:10.005782,19,20
2026-07-25 20:02:23,mediboard,서울특별시,8,8,A1121013,가톨릭대학교은평성모병원,1122,C,11,8,24,58373948,4,4,11,2026-07-25T20:00:10.005782,20,36
2026-07-25 20:02:23,mediboard,서울특별시,3,3,A1100043,강동경희대학교병원,1102,A,11,9,15,58373622,4,5,11,2026-07-25T20:00:10.005782,16,23
2026-07-25 20:02:23,mediboard,서울특별시,2,2,A1100006,강북삼성병원,1123,C,11,2,15,58373942,3,3,11,2026-07-25T20:00:10.005782,7,20
2026-07-25 20:02:23,mediboard,서울특별시,3,4,A1100002,건국대학교병원,1106,C,11,9,20,58373842,2,3,11,2026-07-25T20:00:10.005782,14,27
2026-07-25 20:02:23,mediboard,서울특별시,0,0,A1100039,경찰병원,1118,D,11,2,3,58373847,2,2,11,2026-07-25T20:00:10.005782,4,5
2026-07-25 20:02:23,mediboard,서울특별시,2,3,A1100001,경희대학교병원,1111,C,11,9,15,58373784,4,5,11,2026-07-25T20:00:10.005782,15,23
2026-07-25 20:02:23,mediboard,서울특별시,3,3,A1100014,고려대학교의과대학부속구로병원,1107,A,11,10,29,58373730,5,5,11,2026-07-25T20:00:10.005782,18,37
2026-07-25 20:02:23,mediboard,서울특별시,0,0,A1100026,구로성심병원,1107,D,11,2,9,58373945,1,1,11,2026-07-25T20:00:10.005782,3,10
2026-07-25 20:02:23,mediboard,서울특별시,3,3,A1100052,국립중앙의료원,1124,C,11,246,246,58373893,1235,1236,11,2026-07-25T20:00:10.005782,1484,1485
2026-07-25 20:02:23,mediboard,서울특별시,0,0,A1122033,기쁨병원,1115,D,11,0,4,58373577,1,1,11,2026-07-25T20:00:10.005782,1,5
2026-07-25 20:02:23,mediboard,서울특별시,0,0,A1100048,노원을지대학교병원,1109,C,11,10,17,58373575,5,5,11,2026-07-25T20:00:10.005782,15,22
2026-07-25 20:02:23,mediboard,서울특별시,0,0,A1100044,녹색병원,1125,D,11,-5,5,58373892,5,5,11,2026-07-25T20:00:10.005782,0,10
2026-07-25 20:02:23,mediboard,서울특별시,0,0,A1100037,대림성모병원,1120,D,11,7,8,58373733,1,2,11,2026-07-25T20:00:10.005782,8,10
2026-07-25 20:02:23,mediboard,서울특별시,0,0,A1100024,명지성모병원,1120,D,11,6,8,58373573,2,2,11,2026-07-25T20:00:10.005782,8,10
2026-07-25 20:02:23,mediboard,서울특별시,0,0,A1100036,부민병원,1104,D,11,8,10,58373946,1,1,11,2026-07-25T20:00:10.005782,9,11
2026-07-25 20:02:23,mediboard,서울특별시,3,4,A1100010,삼성서울병원,1101,C,11,5,52,58373843,4,4,11,2026-07-25T20:00:10.005782,12,60
2026-07-25 20:02:23,mediboard,서울특별시,0,0,A1100021,삼육서울병원,1111,C,11,8,13,58373844,5,7,11,2026-07-25T20:00:10.005782,13,20
2026-07-25 20:02:23,mediboard,서울특별시,8,12,A1100017,서울대학교병원,1123,A,11,-1,24,58373572,8,8,11,2026-07-25T20:00:10.005782,13,42
2026-07-25 20:02:23,mediboard,서울특별시,0,0,A1100050,서울성심병원,1111,D,11,13,17,58373848,3,3,11,2026-07-25T20:00:10.005782,16,20
2026-07-25 20:02:23,mediboard,서울특별시,0,0,A1100029,서울적십자병원,1123,D,11,8,10,58373676,0,1,11,2026-07-25T20:00:10.005782,8,11
2026-07-25 20:02:23,mediboard,서울특별시,0,0,A1100022,서울특별시동부병원,1111,D,11,8,8,58373619,2,2,11,2026-07-25T20:00:10.005782,10,10
2026-07-25 20:02:23,mediboard,서울특별시,3,3,A1100040,서울특별시보라매병원,1112,C,11,13,31,58373677,3,3,11,2026-07-25T20:00:10.005782,19,37
2026-07-25 20:02:23,mediboard,서울특별시,0,0,A1100223,서울특별시서남병원,1119,D,11,16,17,58373623,3,3,11,2026-07-25T20:00:10.005782,19,20
2026-07-25 20:02:23,mediboard,서울특별시,1,3,A1100035,서울특별시서울의료원,1125,A,11,6,19,58373846,5,5,11,2026-07-25T20:00:10.005782,12,27
2026-07-25 20:02:23,mediboard,서울특별시,0,0,A1100028,성심의료재단강동성심병원,1102,C,11,9,15,58373845,8,9,11,2026-07-25T20:00:10.005782,17,24
2026-07-25 20:02:23,mediboard,서울특별시,0,0,A1100054,성애의료재단성애병원,1120,C,11,13,15,58373894,5,11,11,2026-07-25T20:00:10.005782,18,26
2026-07-25 20:02:23,mediboard,서울특별시,0,0,A1100032,세란병원,1123,D,11,8,10,58373732,1,1,11,2026-07-25T20:00:10.005782,9,11
2026-07-25 20:02:23,mediboard,서울특별시,2,4,A1100004,순천향대학교부속서울병원,1121,C,11,8,20,58373728,3,3,11,2026-07-25T20:00:10.005782,13,27
2026-07-25 20:02:23,mediboard,서울특별시,0,0,A1100045,씨엠병원,1120,D,11,9,9,58373788,1,1,11,2026-07-25T20:00:10.005782,10,10
2026-07-25 20:02:23,mediboard,서울특별시,2,2,A1100015,연세대학교의과대학강남세브란스병원,1101,C,11,7,21,58373944,3,3,11,2026-07-25T20:00:10.005782,12,26
2026-07-25 20:02:23,mediboard,서울특별시,0,10,A1100007,연세대학교의과대학세브란스병원,1114,C,11,3,39,58373889,6,6,11,2026-07-25T20:00:10.005782,7,53
2026-07-25 20:02:23,mediboard,서울특별시,0,0,A1100025,의료법인동신의료재단동신병원,1114,D,11,5,9,58373891,1,1,11,2026-07-25T20:00:10.005782,6,10
2026-07-25 20:02:23,mediboard,서울특별시,0,0,A1100041,의료법인서울효천의료재단에이치플러스양지병원,1105,C,11,16,18,58373621,3,3,11,2026-07-25T20:00:10.005782,19,21
2026-07-25 20:02:23,mediboard,서울특별시,0,0,A1100023,의료법인청구성심병원,1122,D,11,7,10,58373620,1,1,11,2026-07-25T20:00:10.005782,8,11
2026-07-25 20:02:23,mediboard,서울특별시,0,0,A1100075,의료법인풍산의료재단동부제일병원,1125,D,11,5,7,58373576,1,1,11,2026-07-25T20:00:10.005782,6,8
2026-07-25 20:02:23,mediboard,서울특별시,2,2,A1100020,의료법인한전의료재단한일병원,1110,C,11,0,21,58373787,4,4,11,2026-07-25T20:00:10.005782,6,27
2026-07-25 20:02:23,mediboard,서울특별시,8,8,A1100005,이화여자대학교의과대학부속목동병원,1119,A,11,5,19,58373888,6,6,11,2026-07-25T20:00:10.005782,19,33
2026-07-25 20:02:23,mediboard,서울특별시,8,9,A1120796,이화여자대학교의과대학부속서울병원,1104,C,11,-2,14,58373849,8,8,11,2026-07-25T20:00:10.005782,14,31
2026-07-25 20:02:23,mediboard,서울특별시,0,0,A1100016,인제대학교상계백병원,1109,C,11,7,16,58373890,5,7,11,2026-07-25T20:00:10.005782,12,23
2026-07-25 20:02:23,mediboard,서울특별시,5,14,A1100009,재단법인아산사회복지재단서울아산병원,1118,C,11,15,36,58373786,12,26,11,2026-07-25T20:00:10.005782,30,73
2026-07-25 20:02:23,mediboard,서울특별시,2,4,A1100003,중앙대학교병원,1112,C,11,-2,18,58373727,0,0,11,2026-07-25T20:00:10.005782,0,22
2026-07-25 20:02:23,mediboard,서울특별시,7,9,A1100012,학교법인가톨릭학원가톨릭대학교서울성모병원,1115,C,11,-7,28,58373675,6,8,11,2026-07-25T20:00:10.005782,4,43
2026-07-25 20:02:23,mediboard,서울특별시,4,4,A1100008,학교법인고려중앙학원고려대학교의과대학부속병원(안암병원),1117,A,11,14,30,58373785,4,9,11,2026-07-25T20:00:10.005782,22,43
2026-07-25 20:02:23,mediboard,서울특별시,0,0,A1100053,한국보훈복지의료공단중앙보훈병원,1102,C,11,18,22,58373734,3,3,11,2026-07-25T20:00:10.005782,21,25
2026-07-25 20:02:23,mediboard,서울특별시,0,0,A1100027,한국원자력의학원원자력병원,1109,D,11,7,9,58373574,3,3,11,2026-07-25T20:00:10.005782,10,12
2026-07-25 20:02:23,mediboard,서울특별시,3,3,A1100055,한림대학교강남성심병원,1120,C,11,15,20,58373790,4,5,11,2026-07-25T20:00:10.005782,22,28
2026-07-25 20:02:23,mediboard,서울특별시,0,3,A1100013,한양대학교병원,1116,A,11,10,20,58373943,9,12,11,2026-07-25T20:00:10.005782,19,35
2026-07-25 20:02:23,mediboard,서울특별시,0,0,A1100051,혜민병원,1106,D,11,8,9,58373789,1,1,11,2026-07-25T20:00:10.005782,9,10
2026-07-25 20:02:23,mediboard,서울특별시,0,0,A1100019,홍익병원,1119,D,11,2,9,58373731,1,1,11,2026-07-25T20:00:10.005782,3,10
2026-07-25 20:02:23,mediboard,서울특별시,0,0,A1100049,희명병원,1108,D,11,8,10,58373947,1,1,11,2026-07-25T20:00:10.005782,9,11
2026-07-25 20:02:23,mediboard,부산광역시,0,0,A1200028,(의)서일의료재단기장병원,1203,D,12,8,9,58373851,1,1,12,2026-07-25T20:00:10.005782,9,10
2026-07-25 20:02:23,mediboard,부산광역시,0,0,A1200004,고신대학교복음병원,1211,C,12,22,25,58373624,5,5,12,2026-07-25T20:00:10.005782,27,30
2026-07-25 20:02:23,mediboard,부산광역시,0,0,A1200045,구포성심병원,1208,D,12,5,9,58373682,1,1,12,2026-07-25T20:00:10.005782,6,10
2026-07-25 20:02:23,mediboard,부산광역시,3,3,A1200018,대동병원,1206,C,12,11,15,58373737,3,3,12,2026-07-25T20:00:10.005782,17,21
2026-07-25 20:02:23,mediboard,부산광역시,0,0,A1200015,동남권원자력의학원원자력병원,1203,D,12,6,9,58373794,1,1,12,2026-07-25T20:00:10.005782,7,10
2026-07-25 20:02:23,mediboard,부산광역시,0,0,A1200011,동래봉생병원,1206,D,12,2,8,58373897,2,2,12,2026-07-25T20:00:10.005782,4,10
2026-07-25 20:02:23,mediboard,부산광역시,3,3,A1200003,동아대학교병원,1211,A,12,18,26,58373949,5,8,12,2026-07-25T20:00:10.005782,26,37
2026-07-25 20:02:23,mediboard,부산광역시,0,0,A1200024,부산광역시의료원,1213,D,12,18,18,58373899,2,8,12,2026-07-25T20:00:10.005782,20,26
2026-07-25 20:02:23,mediboard,부산광역시,3,3,A1200002,부산대학교병원,1211,C,12,12,19,58373578,2,3,12,2026-07-25T20:00:10.005782,17,25
2026-07-25 20:02:23,mediboard,부산광역시,4,4,A1200013,부산성모병원(재단법인 천주교부산교구유지재단),1204,D,12,0,10,58373793,5,5,12,2026-07-25T20:00:10.005782,9,19
2026-07-25 20:02:23,mediboard,부산광역시,0,0,A1200007,비에이치에스한서병원,1212,C,12,10,17,58373792,2,3,12,2026-07-25T20:00:10.005782,12,20
2026-07-25 20:02:23,mediboard,부산광역시,0,0,A1200021,삼육부산병원,1211,D,12,7,9,58373680,1,1,12,2026-07-25T20:00:10.005782,8,10
2026-07-25 20:02:23,mediboard,부산광역시,0,0,A1200014,영도병원,1214,D,12,4,7,58373679,2,2,12,2026-07-25T20:00:10.005782,6,9
2026-07-25 20:02:23,mediboard,부산광역시,0,0,A1200009,의료법인 광혜의료재단 광혜병원,1206,D,12,9,9,58373896,3,3,12,2026-07-25T20:00:10.005782,12,12
2026-07-25 20:02:23,mediboard,부산광역시,0,0,A1200098,의료법인 센텀의료재단 센텀종합병원,1212,D,12,9,9,58373795,1,1,12,2026-07-25T20:00:10.005782,10,10
2026-07-25 20:02:23,mediboard,부산광역시,0,0,A1200020,의료법인 온그룹의료재단 온병원,1207,C,12,16,20,58373579,2,3,12,2026-07-25T20:00:10.005782,18,23
2026-07-25 20:02:23,mediboard,부산광역시,0,0,A1200008,의료법인 은성의료재단 좋은강안병원,1212,D,12,11,18,58373735,3,3,12,2026-07-25T20:00:10.005782,14,21
2026-07-25 20:02:23,mediboard,부산광역시,1,1,A1200005,의료법인 은성의료재단 좋은삼선병원,1209,C,12,2,13,58373678,5,6,12,2026-07-25T20:00:10.005782,8,20
2026-07-25 20:02:23,mediboard,부산광역시,0,0,A1200006,의료법인 인당의료재단 부민병원,1208,D,12,3,10,58373895,2,2,12,2026-07-25T20:00:10.005782,5,12
2026-07-25 20:02:23,mediboard,부산광역시,0,0,A1205143,의료법인 인당의료재단 해운대부민병원,1216,D,12,5,9,58373852,1,1,12,2026-07-25T20:00:10.005782,6,10
2026-07-25 20:02:23,mediboard,부산광역시,0,0,A1200012,의료법인 행도의료재단 해동병원,1214,D,12,4,6,58373625,1,1,12,2026-07-25T20:00:10.005782,5,7
2026-07-25 20:02:23,mediboard,부산광역시,0,0,A1200017,의료법인정화의료재단 봉생기념병원,1205,D,12,4,9,58373736,2,2,12,2026-07-25T20:00:10.005782,6,11
2026-07-25 20:02:23,mediboard,부산광역시,-1,3,A1200022,인제대학교 해운대백병원,1216,A,12,15,29,58373850,5,5,12,2026-07-25T20:00:10.005782,19,37
2026-07-25 20:02:23,mediboard,부산광역시,0,0,A1200001,인제대학교부산백병원,1207,C,12,12,18,58373791,3,3,12,2026-07-25T20:00:10.005782,15,21
2026-07-25 20:02:23,mediboard,부산광역시,0,0,A1200023,재단법인천주교부산교구유지재단 메리놀병원,1215,D,12,6,9,58373681,1,1,12,2026-07-25T20:00:10.005782,7,10
2026-07-25 20:02:23,mediboard,부산광역시,2,2,A1200026,좋은문화병원,1205,D,12,5,7,58373581,3,3,12,2026-07-25T20:00:10.005782,10,12
2026-07-25 20:02:23,mediboard,부산광역시,0,0,A1200025,학교법인 춘해병원,1207,D,12,8,9,58373580,1,1,12,2026-07-25T20:00:10.005782,9,10
2026-07-25 20:02:23,mediboard,부산광역시,0,0,A1200019,학교법인)동의병원,1207,D,12,12,14,58373626,1,1,12,2026-07-25T20:00:10.005782,13,15
2026-07-25 20:02:23,mediboard,부산광역시,0,0,A1200016,한국보훈복지의료공단 부산보훈병원,1209,D,12,11,11,58373898,2,2,12,2026-07-25T20:00:10.005782,13,13
2026-07-25 20:02:23,mediboard,인천광역시,0,0,A1300081,(재)미리내천주성삼성직수도회천주성삼병원,1307,D,13,6,9,58373797,1,2,13,2026-07-25T20:00:10.005782,7,11
2026-07-25 20:02:23,mediboard,인천광역시,0,0,A1300018,강남종합병원,1304,D,13,9,15,58373904,1,1,13,2026-07-25T20:00:10.005782,10,16
2026-07-25 20:02:23,mediboard,인천광역시,4,4,A1300002,경북대학교병원,1308,A,13,13,27,58373900,5,5,13,2026-07-25T20:00:10.005782,22,36
2026-07-25 20:02:23,mediboard,인천광역시,0,0,A1303386,계명대학교대구동산병원,1308,D,13,8,12,58373628,2,2,13,2026-07-25T20:00:10.005782,10,14
2026-07-25 20:02:23,mediboard,인천광역시,0,0,A1300003,계명대학교동산병원,1302,C,13,8,20,58373582,5,5,13,2026-07-25T20:00:10.005782,13,25
2026-07-25 20:02:23,mediboard,인천광역시,0,0,A1300008,곽병원,1308,D,13,4,10,58373903,2,2,13,2026-07-25T20:00:10.005782,6,12
2026-07-25 20:02:23,mediboard,인천광역시,0,0,A1300038,나사렛종합병원,1302,D,13,0,9,58373950,3,10,13,2026-07-25T20:00:10.005782,3,19
2026-07-25 20:02:23,mediboard,인천광역시,0,0,A1300004,대구가톨릭대학교병원,1301,C,13,8,24,58373684,4,4,13,2026-07-25T20:00:10.005782,12,28
2026-07-25 20:02:23,mediboard,인천광역시,0,0,A1300005,대구가톨릭대학교칠곡가톨릭병원,1305,D,13,3,9,58373901,1,1,13,2026-07-25T20:00:10.005782,4,10
2026-07-25 20:02:23,mediboard,인천광역시,0,0,A1300076,대구굿모닝병원,1306,D,13,15,17,58373905,2,2,13,2026-07-25T20:00:10.005782,17,19
2026-07-25 20:02:23,mediboard,인천광역시,0,0,A1300007,대구의료원,1306,D,13,17,18,58373902,2,2,13,2026-07-25T20:00:10.005782,19,20
2026-07-25 20:02:23,mediboard,인천광역시,1,5,A1300009,대구파티마병원,1304,C,13,3,25,58373685,5,7,13,2026-07-25T20:00:10.005782,9,37
2026-07-25 20:02:23,mediboard,인천광역시,0,0,A1300110,더블유병원,1302,D,13,0,10,58373738,1,1,13,2026-07-25T20:00:10.005782,1,11
2026-07-25 20:02:23,mediboard,인천광역시,0,0,A1300034,드림종합병원,1301,D,13,4,8,58373796,2,2,13,2026-07-25T20:00:10.005782,6,10
2026-07-25 20:02:23,mediboard,인천광역시,0,0,A1300045,삼일병원,1302,D,13,11,14,58373687,1,1,13,2026-07-25T20:00:10.005782,12,15
2026-07-25 20:02:23,mediboard,인천광역시,3,3,A1300001,영남대학교병원,1301,A,13,21,28,58373683,5,5,13,2026-07-25T20:00:10.005782,29,36
2026-07-25 20:02:23,mediboard,인천광역시,0,0,A1300006,의료법인구의료재단구병원,1302,D,13,7,10,58373627,1,1,13,2026-07-25T20:00:10.005782,8,11
2026-07-25 20:02:23,mediboard,인천광역시,2,9,A1300010,칠곡경북대학교병원,1305,C,13,15,23,58373853,6,6,13,2026-07-25T20:00:10.005782,21,36
2026-07-25 20:02:23,mediboard,인천광역시,0,0,A1300011,한국보훈복지의료공단대구보훈병원,1302,D,13,10,12,58373686,2,2,13,2026-07-25T20:00:10.005782,12,14
2026-07-25 20:02:23,mediboard,대구광역시,0,0,A1400008,(의)성세의료재단 뉴성민병원,1407,D,14,5,9,58373630,1,1,14,2026-07-25T20:00:10.005782,6,10
2026-07-25 20:02:23,mediboard,대구광역시,2,3,A1400015,가톨릭관동대학교국제성모병원,1407,C,14,9,23,58373741,5,5,14,2026-07-25T20:00:10.005782,16,31
2026-07-25 20:02:23,mediboard,대구광역시,1,4,A1400012,가톨릭대학교 인천성모병원,1406,C,14,3,19,58373855,4,8,14,2026-07-25T20:00:10.005782,8,31
2026-07-25 20:02:23,mediboard,대구광역시,0,0,A1400010,검단탑병원,1407,C,14,15,18,58373583,3,3,14,2026-07-25T20:00:10.005782,18,21
2026-07-25 20:02:23,mediboard,대구광역시,0,0,A1403617,비에스종합병원,1401,D,14,6,10,58373800,1,1,14,2026-07-25T20:00:10.005782,7,11
2026-07-25 20:02:23,mediboard,대구광역시,0,0,A1400013,안은의료재단 부평세림병원,1406,C,14,10,16,58373740,4,4,14,2026-07-25T20:00:10.005782,14,20
2026-07-25 20:02:23,mediboard,대구광역시,0,0,A1400005,온누리병원,1407,D,14,5,9,58373854,2,2,14,2026-07-25T20:00:10.005782,7,11
2026-07-25 20:02:23,mediboard,대구광역시,5,11,A1400001,의료법인 길의료재단 길병원,1404,A,14,11,25,58373906,6,7,14,2026-07-25T20:00:10.005782,20,41
2026-07-25 20:02:23,mediboard,대구광역시,0,0,A1400011,의료법인 나사렛의료재단 나사렛국제병원,1408,C,14,9,17,58373584,3,5,14,2026-07-25T20:00:10.005782,12,22
2026-07-25 20:02:23,mediboard,대구광역시,0,0,A1400003,의료법인 루가의료재단 나은병원,1407,C,14,8,11,58373629,10,10,14,2026-07-25T20:00:10.005782,18,21
2026-07-25 20:02:23,mediboard,대구광역시,0,0,A1400007,의료법인 성수의료재단 인천백병원,1405,D,14,5,5,58373739,1,1,14,2026-07-25T20:00:10.005782,6,6
2026-07-25 20:02:23,mediboard,대구광역시,0,0,A1400014,의료법인인성의료재단한림병원,1402,C,14,14,17,58373856,3,4,14,2026-07-25T20:00:10.005782,17,21
2026-07-25 20:02:23,mediboard,대구광역시,0,0,A1400017,인천광역시의료원,1405,D,14,14,15,58373632,2,2,14,2026-07-25T20:00:10.005782,16,17
2026-07-25 20:02:23,mediboard,대구광역시,0,0,A1400037,인천광역시의료원백령병원,1409,D,14,5,5,58373743,1,1,14,2026-07-25T20:00:10.005782,6,6
2026-07-25 20:02:23,mediboard,대구광역시,0,0,A1400009,인천기독병원,1410,D,14,7,8,58373631,1,1,14,2026-07-25T20:00:10.005782,8,9
2026-07-25 20:02:23,mediboard,대구광역시,0,0,A1400016,인천사랑병원,1403,C,14,5,14,58373798,7,7,14,2026-07-25T20:00:10.005782,12,21
2026-07-25 20:02:23,mediboard,대구광역시,0,0,A1403372,인천세종병원,1402,C,14,11,18,58373799,3,3,14,2026-07-25T20:00:10.005782,14,21
2026-07-25 20:02:23,mediboard,대구광역시,0,0,A1400018,인천적십자병원,1408,D,14,8,8,58373742,2,2,14,2026-07-25T20:00:10.005782,10,10
2026-07-25 20:02:23,mediboard,대구광역시,0,0,A1403871,인천힘찬종합병원,1404,D,14,11,17,58373857,3,6,14,2026-07-25T20:00:10.005782,14,23
2026-07-25 20:02:23,mediboard,대구광역시,4,9,A1400002,인하대학교의과대학부속병원,1410,A,14,10,20,58373688,8,9,14,2026-07-25T20:00:10.005782,21,36
2026-07-25 20:02:23,mediboard,대구광역시,0,0,A1400004,현대유비스병원,1403,D,14,12,18,58373907,1,1,14,2026-07-25T20:00:10.005782,13,19
2026-07-25 20:02:23,mediboard,광주광역시,7,7,A1500019,KS병원,1501,C,15,9,15,58373858,3,3,15,2026-07-25T20:00:10.005782,19,25
2026-07-25 20:02:23,mediboard,광주광역시,0,0,A1500021,광주기독병원,1502,C,15,11,20,58373859,3,6,15,2026-07-25T20:00:10.005782,14,26
2026-07-25 20:02:23,mediboard,광주광역시,0,0,A1500015,광주병원,1504,D,15,4,10,58373587,1,1,15,2026-07-25T20:00:10.005782,5,11
2026-07-25 20:02:23,mediboard,광주광역시,0,0,A1500004,광주보훈병원,1501,D,15,12,14,58373689,2,2,15,2026-07-25T20:00:10.005782,14,16
2026-07-25 20:02:23,mediboard,광주광역시,0,0,A1502007,광주센트럴병원,1501,D,15,8,10,58373911,1,1,15,2026-07-25T20:00:10.005782,9,11
2026-07-25 20:02:23,mediboard,광주광역시,0,0,A1500018,광주수완병원,1501,D,15,6,9,58373588,0,1,15,2026-07-25T20:00:10.005782,6,10
2026-07-25 20:02:23,mediboard,광주광역시,0,0,A1500009,광주씨티병원,1502,D,15,7,10,58373585,1,1,15,2026-07-25T20:00:10.005782,8,11
2026-07-25 20:02:23,mediboard,광주광역시,0,0,A1500005,광주일곡병원,1504,D,15,7,9,58373951,1,1,15,2026-07-25T20:00:10.005782,8,10
2026-07-25 20:02:23,mediboard,광주광역시,0,0,A1500016,광주한국병원,1505,D,15,8,15,58373803,1,1,15,2026-07-25T20:00:10.005782,9,16
2026-07-25 20:02:23,mediboard,광주광역시,0,0,A1500003,광주현대병원,1504,D,15,6,9,58373801,2,2,15,2026-07-25T20:00:10.005782,8,11
2026-07-25 20:02:23,mediboard,광주광역시,0,0,A1500007,광주희망병원,1504,D,15,7,9,58373633,1,1,15,2026-07-25T20:00:10.005782,8,10
2026-07-25 20:02:23,mediboard,광주광역시,0,0,A1500013,동아병원,1502,D,15,4,9,58373586,1,1,15,2026-07-25T20:00:10.005782,5,10
2026-07-25 20:02:23,mediboard,광주광역시,0,0,A1500014,미래로21병원,1505,D,15,7,9,58373802,1,1,15,2026-07-25T20:00:10.005782,8,10
2026-07-25 20:02:23,mediboard,광주광역시,0,0,A1500022,상무병원,1505,D,15,1,9,58373910,1,1,15,2026-07-25T20:00:10.005782,2,10
2026-07-25 20:02:23,mediboard,광주광역시,2,2,A1500020,서광병원,1505,C,15,17,18,58373954,3,3,15,2026-07-25T20:00:10.005782,22,23
2026-07-25 20:02:23,mediboard,광주광역시,0,0,A1500006,신가병원,1501,D,15,0,9,58373952,2,2,15,2026-07-25T20:00:10.005782,2,11
2026-07-25 20:02:23,mediboard,광주광역시,0,0,A1500010,운암한국병원,1504,D,15,6,9,58373909,1,1,15,2026-07-25T20:00:10.005782,7,10
2026-07-25 20:02:23,mediboard,광주광역시,0,4,A1500002,전남대학교병원,1503,A,15,13,28,58373908,4,7,15,2026-07-25T20:00:10.005782,17,39
2026-07-25 20:02:23,mediboard,광주광역시,4,4,A1500001,조선대학교병원,1503,A,15,11,23,58373744,5,5,15,2026-07-25T20:00:10.005782,20,32
2026-07-25 20:02:23,mediboard,광주광역시,0,0,A1500011,첨단종합병원,1501,C,15,13,22,58373953,3,3,15,2026-07-25T20:00:10.005782,16,25
2026-07-25 20:02:23,mediboard,광주광역시,0,0,A1500017,하남성심병원,1501,D,15,15,19,58373745,1,2,15,2026-07-25T20:00:10.005782,16,21
2026-07-25 20:02:23,mediboard,대전광역시,0,0,A1600004,대전보훈병원,1601,D,16,7,7,58373589,2,2,16,2026-07-25T20:00:10.005782,9,9
2026-07-25 20:02:23,mediboard,대전광역시,0,0,A1600003,대전한국병원,1602,D,16,8,9,58373746,1,1,16,2026-07-25T20:00:10.005782,9,10
2026-07-25 20:02:23,mediboard,대전광역시,0,0,A1602246,대청병원,1603,D,16,7,9,58373860,1,1,16,2026-07-25T20:00:10.005782,8,10
2026-07-25 20:02:23,mediboard,대전광역시,0,0,A1600008,의료법인영훈의료재단대전선병원,1605,C,16,13,17,58373747,4,9,16,2026-07-25T20:00:10.005782,17,26
2026-07-25 20:02:23,mediboard,대전광역시,0,0,A1600007,의료법인영훈의료재단유성선병원,1604,C,16,8,17,58373635,3,7,16,2026-07-25T20:00:10.005782,11,24
2026-07-25 20:02:23,mediboard,대전광역시,2,6,A1600001,충남대학교병원,1605,A,16,4,28,58373690,5,5,16,2026-07-25T20:00:10.005782,11,39
2026-07-25 20:02:23,mediboard,대전광역시,0,0,A1600005,학교법인가톨릭학원가톨릭대학교대전성모병원,1605,C,16,13,19,58373955,3,3,16,2026-07-25T20:00:10.005782,16,22
2026-07-25 20:02:23,mediboard,대전광역시,4,5,A1600006,학교법인건양교육재단건양대학교병원,1603,A,16,10,24,58373634,5,5,16,2026-07-25T20:00:10.005782,19,34
2026-07-25 20:02:23,mediboard,대전광역시,0,0,A1600002,학교법인을지학원대전을지대학교병원,1603,C,16,16,23,58373912,6,6,16,2026-07-25T20:00:10.005782,22,29
2026-07-25 20:02:23,mediboard,울산광역시,0,0,A1700001,서울산보람병원,1704,D,17,9,10,58373636,1,1,17,2026-07-25T20:00:10.005782,10,11
2026-07-25 20:02:23,mediboard,울산광역시,0,0,A1700003,울산병원,1701,C,17,13,19,58373804,3,3,17,2026-07-25T20:00:10.005782,16,22
2026-07-25 20:02:23,mediboard,울산광역시,0,0,A1700002,의료법인동강의료재단동강병원,1705,C,17,15,24,58373861,3,3,17,2026-07-25T20:00:10.005782,18,27
2026-07-25 20:02:23,mediboard,울산광역시,0,0,A1700025,의료법인송은의료재단울산시티병원,1703,C,17,10,17,58373805,3,3,17,2026-07-25T20:00:10.005782,13,20
2026-07-25 20:02:23,mediboard,울산광역시,0,0,A1700011,의료법인은성의료재단좋은삼정병원,1701,D,17,6,9,58373862,1,1,17,2026-07-25T20:00:10.005782,7,10
2026-07-25 20:02:23,mediboard,울산광역시,0,0,A1700028,의료법인정안의료재단중앙병원,1701,C,17,15,17,58373691,3,3,17,2026-07-25T20:00:10.005782,18,20
2026-07-25 20:02:23,mediboard,울산광역시,7,8,A1700004,학교법인울산공업학원울산대학교병원,1702,A,17,2,23,58373748,5,6,17,2026-07-25T20:00:10.005782,14,37
2026-07-25 20:02:23,mediboard,경기도,0,0,A2100019,(의)영문의료재단다보스병원,2136,C,21,4,13,58373592,7,7,21,2026-07-25T20:00:10.005782,11,20
2026-07-25 20:02:23,mediboard,경기도,0,0,A2100122,(의)효심의료재단용인서울병원,2136,D,21,9,10,58373964,0,0,21,2026-07-25T20:00:10.005782,9,10
2026-07-25 20:02:23,mediboard,경기도,0,0,A2100052,가톨릭대학교부천성모병원,2113,C,21,19,31,58373597,6,6,21,2026-07-25T20:00:10.005782,25,37
2026-07-25 20:02:23,mediboard,경기도,8,8,A2100012,가톨릭대학교성빈센트병원,2122,C,21,15,28,58373749,5,6,21,2026-07-25T20:00:10.005782,26,40
2026-07-25 20:02:23,mediboard,경기도,11,11,A2100040,가톨릭대학교의정부성모병원,2138,A,21,24,44,58373644,6,6,21,2026-07-25T20:00:10.005782,41,61
2026-07-25 20:02:23,mediboard,경기도,0,0,A2100029,강남병원,2134,C,21,6,17,58373865,3,3,21,2026-07-25T20:00:10.005782,9,20
2026-07-25 20:02:23,mediboard,경기도,0,0,A2100032,경기도의료원수원병원,2121,D,21,6,8,58373807,5,5,21,2026-07-25T20:00:10.005782,11,13
2026-07-25 20:02:23,mediboard,경기도,0,0,A2100045,경기도의료원안성병원,2126,D,21,13,14,58373808,1,5,21,2026-07-25T20:00:10.005782,14,19
2026-07-25 20:02:23,mediboard,경기도,0,0,A2100043,경기도의료원의정부병원,2138,D,21,8,10,58373960,1,1,21,2026-07-25T20:00:10.005782,9,11
2026-07-25 20:02:23,mediboard,경기도,0,0,A2100193,경기도의료원이천병원,2139,C,21,10,17,58373646,3,3,21,2026-07-25T20:00:10.005782,13,20
2026-07-25 20:02:23,mediboard,경기도,0,0,A2100035,경기도의료원파주병원,2140,C,21,16,17,58373595,3,3,21,2026-07-25T20:00:10.005782,19,20
2026-07-25 20:02:23,mediboard,경기도,0,0,A2100031,경기도의료원포천병원,2142,C,21,17,17,58373752,3,3,21,2026-07-25T20:00:10.005782,20,20
2026-07-25 20:02:23,mediboard,경기도,4,4,A2100003,고려대학교의과대학부속안산병원,2124,A,21,2,22,58373639,6,8,21,2026-07-25T20:00:10.005782,12,34
2026-07-25 20:02:23,mediboard,경기도,4,4,A2100007,광명성애병원,2106,C,21,2,11,58373914,4,5,21,2026-07-25T20:00:10.005782,10,20
2026-07-25 20:02:23,mediboard,경기도,0,0,A2100258,국군수도병원,2116,D,21,7,16,58373867,0,2,21,2026-07-25T20:00:10.005782,7,18
2026-07-25 20:02:23,mediboard,경기도,0,0,A2100049,국립암센터,2103,D,21,15,24,58373754,1,1,21,2026-07-25T20:00:10.005782,16,25
2026-07-25 20:02:23,mediboard,경기도,2,5,A2100033,국민건강보험공단일산병원,2103,A,21,10,23,58373958,4,5,21,2026-07-25T20:00:10.005782,16,33
2026-07-25 20:02:23,mediboard,경기도,0,0,A2100014,근로복지공단안산병원,2125,D,21,5,7,58373693,1,1,21,2026-07-25T20:00:10.005782,6,8
2026-07-25 20:02:23,mediboard,경기도,0,0,A2100041,남양주한양병원,2111,C,21,13,17,58373959,3,3,21,2026-07-25T20:00:10.005782,16,20
2026-07-25 20:02:23,mediboard,경기도,0,0,A2100017,대아의료재단한도병원,2124,C,21,16,17,58373694,3,3,21,2026-07-25T20:00:10.005782,19,20
2026-07-25 20:02:23,mediboard,경기도,2,3,A2100025,대진의료재단분당제생병원,2116,C,21,6,24,58373916,3,3,21,2026-07-25T20:00:10.005782,11,30
2026-07-25 20:02:23,mediboard,경기도,3,3,A2100047,동국대학교일산불교병원,2103,C,21,12,19,58373753,7,7,21,2026-07-25T20:00:10.005782,22,29
2026-07-25 20:02:23,mediboard,경기도,0,0,A2100131,메디인병원,2140,D,21,12,12,58373918,2,2,21,2026-07-25T20:00:10.005782,14,14
2026-07-25 20:02:23,mediboard,경기도,0,0,A2121142,메디필드한강병원,2136,D,21,12,17,58373923,3,3,21,2026-07-25T20:00:10.005782,15,20
2026-07-25 20:02:23,mediboard,경기도,0,0,A2100055,부천세종병원,2113,C,21,13,17,58373699,3,3,21,2026-07-25T20:00:10.005782,16,20
2026-07-25 20:02:23,mediboard,경기도,-1,5,A2100001,분당서울대학교병원,2116,A,21,-13,30,58373638,5,5,21,2026-07-25T20:00:10.005782,-9,40
2026-07-25 20:02:23,mediboard,경기도,6,6,A2116806,성남시의료원,2117,C,21,12,17,58373922,6,6,21,2026-07-25T20:00:10.005782,24,29
2026-07-25 20:02:23,mediboard,경기도,0,0,A2100194,세종여주병원,2131,D,21,-5,6,58373598,10,10,21,2026-07-25T20:00:10.005782,5,16
2026-07-25 20:02:23,mediboard,경기도,0,0,A2100016,순천의료재단성남정병원,2117,D,21,9,9,58373642,2,2,21,2026-07-25T20:00:10.005782,11,11
2026-07-25 20:02:23,mediboard,경기도,5,5,A2100005,순천향대학교부속부천병원,2113,A,21,9,17,58373591,5,5,21,2026-07-25T20:00:10.005782,19,27
2026-07-25 20:02:23,mediboard,경기도,10,14,A2100002,아주대학교병원,2120,A,21,7,32,58373692,10,13,21,2026-07-25T20:00:10.005782,24,54
2026-07-25 20:02:23,mediboard,경기도,0,0,A2100305,안성성모병원,2126,D,21,4,9,58373921,1,1,21,2026-07-25T20:00:10.005782,5,10
2026-07-25 20:02:23,mediboard,경기도,0,0,A2100089,양평병원,2130,D,21,6,9,58373810,1,1,21,2026-07-25T20:00:10.005782,7,10
2026-07-25 20:02:23,mediboard,경기도,0,0,A2118188,엘병원,2111,D,21,6,8,58373812,2,2,21,2026-07-25T20:00:10.005782,8,10
2026-07-25 20:02:23,mediboard,경기도,6,6,A2100020,연세대학교의과대학용인세브란스병원,2134,C,21,10,16,58373956,2,4,21,2026-07-25T20:00:10.005782,18,26
2026-07-25 20:02:23,mediboard,경기도,0,0,E2100187,연천군보건의료원,2132,D,21,9,10,58373616,0,0,21,2026-07-25T20:00:10.005782,9,10
2026-07-25 20:02:23,mediboard,경기도,0,0,A2100024,오산한국병원,2133,C,21,12,17,58373957,3,3,21,2026-07-25T20:00:10.005782,15,20
2026-07-25 20:02:23,mediboard,경기도,0,0,A2100048,원광대학교산본병원,2109,C,21,13,17,58373698,2,3,21,2026-07-25T20:00:10.005782,15,20
2026-07-25 20:02:23,mediboard,경기도,0,0,A2100013,의료법인 록향의료재단 신천연합병원,2123,D,21,6,10,58373915,1,1,21,2026-07-25T20:00:10.005782,7,11
2026-07-25 20:02:23,mediboard,경기도,0,0,A2100036,의료법인 일심의료재단 포천우리병원,2142,D,21,16,18,58373697,4,4,21,2026-07-25T20:00:10.005782,20,22
2026-07-25 20:02:23,mediboard,경기도,0,0,A2100309,의료법인갈렌의료재단박병원,2141,D,21,7,10,58373756,1,1,21,2026-07-25T20:00:10.005782,8,11
2026-07-25 20:02:23,mediboard,경기도,5,5,A2100008,의료법인남촌의료재단시화병원,2123,C,21,11,16,58373640,6,6,21,2026-07-25T20:00:10.005782,22,27
2026-07-25 20:02:23,mediboard,경기도,0,0,A2100009,의료법인녹산의료재단동수원병원,2122,C,21,12,17,58373806,3,3,21,2026-07-25T20:00:10.005782,15,20
2026-07-25 20:02:23,mediboard,경기도,0,0,A2100050,의료법인대인의료재단다니엘종합병원,2113,D,21,6,6,58373962,4,4,21,2026-07-25T20:00:10.005782,10,10
2026-07-25 20:02:23,mediboard,경기도,3,3,A2121061,의료법인덕산의료재단수원덕산병원,2119,D,21,19,24,58373965,3,3,21,2026-07-25T20:00:10.005782,25,30
2026-07-25 20:02:23,mediboard,경기도,0,0,A2117135,의료법인명인의료재단화홍병원,2119,C,21,9,15,58373701,5,5,21,2026-07-25T20:00:10.005782,14,20
2026-07-25 20:02:23,mediboard,경기도,3,3,A2100042,의료법인명지의료재단명지병원,2102,A,21,6,15,58373917,7,11,21,2026-07-25T20:00:10.005782,13,26
2026-07-25 20:02:23,mediboard,경기도,0,0,A2100022,의료법인박애의료재단박애병원,2141,D,21,10,10,58373695,1,1,21,2026-07-25T20:00:10.005782,11,11
2026-07-25 20:02:23,mediboard,경기도,0,0,A2100028,의료법인백송의료재단굿모닝병원,2141,C,21,7,19,58373696,8,9,21,2026-07-25T20:00:10.005782,15,28
2026-07-25 20:02:23,mediboard,경기도,0,0,A2100027,의료법인석경의료재단센트럴병원,2123,D,21,18,18,58373751,3,3,21,2026-07-25T20:00:10.005782,21,21
2026-07-25 20:02:23,mediboard,경기도,0,0,A2116972,의료법인성광의료재단일산차병원,2103,D,21,1,6,58373700,1,4,21,2026-07-25T20:00:10.005782,2,10
2026-07-25 20:02:23,mediboard,경기도,0,0,A2113246,의료법인양진의료재단평택성모병원,2141,C,21,10,17,58373757,3,3,21,2026-07-25T20:00:10.005782,13,20
2026-07-25 20:02:23,mediboard,경기도,0,0,A2100034,의료법인영동의료재단의정부백병원,2138,D,21,8,10,58373594,2,2,21,2026-07-25T20:00:10.005782,10,12
2026-07-25 20:02:23,mediboard,경기도,0,0,A2100053,의료법인우리의료재단김포우리병원,2110,C,21,6,22,58373809,7,7,21,2026-07-25T20:00:10.005782,13,29
2026-07-25 20:02:23,mediboard,경기도,0,0,A2115699,의료법인원광의료재단원광종합병원,2146,D,21,8,9,58373647,1,1,21,2026-07-25T20:00:10.005782,9,10
2026-07-25 20:02:23,mediboard,경기도,0,0,A2100018,의료법인은혜와감사의료재단화성중앙종합병원,2144,D,21,8,9,58373864,1,1,21,2026-07-25T20:00:10.005782,9,10
2026-07-25 20:02:23,mediboard,경기도,0,0,A2100006,의료법인인봉의료재단뉴고려병원,2110,C,21,11,14,58373913,6,6,21,2026-07-25T20:00:10.005782,17,20
2026-07-25 20:02:23,mediboard,경기도,0,0,A2100290,의료법인자인의료재단(더자인병원),2102,D,21,15,16,58373755,4,4,21,2026-07-25T20:00:10.005782,19,20
2026-07-25 20:02:23,mediboard,경기도,0,0,A2100124,의료법인칠석의료재단사랑의병원,2125,D,21,12,13,58373645,1,1,21,2026-07-25T20:00:10.005782,13,14
2026-07-25 20:02:23,mediboard,경기도,0,0,A2100175,의료법인토마스의료재단윌스기념병원,2122,D,21,16,18,58373920,3,3,21,2026-07-25T20:00:10.005782,19,21
2026-07-25 20:02:23,mediboard,경기도,0,0,A2100021,의료법인플러스의료재단단원병원,2124,D,21,12,17,58373750,3,3,21,2026-07-25T20:00:10.005782,15,20
2026-07-25 20:02:23,mediboard,경기도,0,4,A2100038,인제대학교일산백병원,2104,C,21,19,34,58373866,3,6,21,2026-07-25T20:00:10.005782,22,44
2026-07-25 20:02:23,mediboard,경기도,0,0,A2118788,중앙대학교광명병원,2106,C,21,9,21,58373599,3,3,21,2026-07-25T20:00:10.005782,12,24
2026-07-25 20:02:23,mediboard,경기도,9,13,A2100030,차의과학대학교분당차병원,2116,A,21,7,22,58373593,7,7,21,2026-07-25T20:00:10.005782,21,40
2026-07-25 20:02:23,mediboard,경기도,1,1,A2100155,참조은병원,2107,C,21,-1,9,58373919,10,10,21,2026-07-25T20:00:10.005782,10,20
2026-07-25 20:02:23,mediboard,경기도,0,0,A2100150,추병원,2138,D,21,10,12,58373811,2,2,21,2026-07-25T20:00:10.005782,12,14
2026-07-25 20:02:23,mediboard,경기도,6,6,A2117994,학교법인을지학원의정부을지대학교병원,2138,C,21,25,30,58373702,8,11,21,2026-07-25T20:00:10.005782,39,47
2026-07-25 20:02:23,mediboard,경기도,9,9,A2100046,한림대학교동탄성심병원,2147,C,21,21,32,58373961,3,3,21,2026-07-25T20:00:10.005782,33,44
2026-07-25 20:02:23,mediboard,경기도,1,3,A2100004,한림대학교성심병원,2127,A,21,5,25,58373590,10,11,21,2026-07-25T20:00:10.005782,16,39
2026-07-25 20:02:23,mediboard,경기도,0,0,A2100039,한양대학교구리병원,2108,C,21,11,18,58373643,5,5,21,2026-07-25T20:00:10.005782,16,23
2026-07-25 20:02:23,mediboard,경기도,0,0,A2100037,현대병원,2111,C,21,7,17,58373596,3,3,21,2026-07-25T20:00:10.005782,10,20
2026-07-25 20:02:23,mediboard,경기도,0,0,A2100015,효산의료재단안양샘병원,2128,C,21,7,17,58373641,3,3,21,2026-07-25T20:00:10.005782,10,20
2026-07-25 20:02:23,mediboard,경기도,0,0,A2100054,효산의료재단지샘병원,2109,C,21,14,18,58373963,4,4,21,2026-07-25T20:00:10.005782,18,22
2026-07-25 20:02:23,mediboard,강원특별자치도,3,3,A2200008,강릉아산병원,2201,A,22,11,23,58373813,5,5,22,2026-07-25T20:00:10.005782,19,31
2026-07-25 20:02:23,mediboard,강원특별자치도,3,3,A2200009,강원대학교병원,2213,C,22,9,21,58373966,4,5,22,2026-07-25T20:00:10.005782,16,29
2026-07-25 20:02:23,mediboard,강원특별자치도,0,0,A2200011,강원특별자치도강릉의료원,2201,D,22,2,5,58373759,1,1,22,2026-07-25T20:00:10.005782,3,6
2026-07-25 20:02:23,mediboard,강원특별자치도,0,1,A2200007,강원특별자치도삼척의료원,2204,C,22,16,16,58373600,3,5,22,2026-07-25T20:00:10.005782,19,22
2026-07-25 20:02:23,mediboard,강원특별자치도,0,0,A2200012,강원특별자치도속초의료원,2205,C,22,17,17,58373967,3,3,22,2026-07-25T20:00:10.005782,20,20
2026-07-25 20:02:23,mediboard,강원특별자치도,0,0,A2200002,강원특별자치도영월의료원,2208,D,22,6,9,58373648,1,1,22,2026-07-25T20:00:10.005782,7,10
2026-07-25 20:02:23,mediboard,강원특별자치도,0,0,A2200015,강원특별자치도원주의료원,2209,D,22,12,17,58373761,3,3,22,2026-07-25T20:00:10.005782,15,20
2026-07-25 20:02:23,mediboard,강원특별자치도,0,0,A2200048,근로복지공단정선병원,2211,D,22,3,5,58373704,1,1,22,2026-07-25T20:00:10.005782,4,6
2026-07-25 20:02:23,mediboard,강원특별자치도,0,0,A2200004,근로복지공단태백병원,2214,D,22,9,9,58373703,1,1,22,2026-07-25T20:00:10.005782,10,10
2026-07-25 20:02:23,mediboard,강원특별자치도,2,3,A2200001,연세대학교원주세브란스기독병원,2209,A,22,14,31,58373758,28,45,22,2026-07-25T20:00:10.005782,44,79
2026-07-25 20:02:23,mediboard,강원특별자치도,0,0,A2200005,의료법인강릉동인병원,2201,C,22,16,17,58373869,3,3,22,2026-07-25T20:00:10.005782,19,20
2026-07-25 20:02:23,mediboard,강원특별자치도,0,0,A2200003,의료법인동해동인병원,2203,D,22,8,10,58373868,1,1,22,2026-07-25T20:00:10.005782,9,11
2026-07-25 20:02:23,mediboard,강원특별자치도,0,0,A2200037,의료법인성심의료재단양구성심병원,2206,D,22,3,5,58373968,1,1,22,2026-07-25T20:00:10.005782,4,6
2026-07-25 20:02:23,mediboard,강원특별자치도,0,0,A2200024,의료법인성지의료재단성지병원,2209,D,22,-2,7,58373815,1,1,22,2026-07-25T20:00:10.005782,-1,8
2026-07-25 20:02:23,mediboard,강원특별자치도,0,0,A2200046,의료법인온세움의료재단온재병원,2205,D,22,0,9,58373969,1,1,22,2026-07-25T20:00:10.005782,1,10
2026-07-25 20:02:23,mediboard,강원특별자치도,0,0,A2201730,철원병원,2212,D,22,2,5,58373649,1,1,22,2026-07-25T20:00:10.005782,3,6
2026-07-25 20:02:23,mediboard,강원특별자치도,0,0,E2200026,평창군보건의료원,2215,D,22,5,6,58373725,1,1,22,2026-07-25T20:00:10.005782,6,7
2026-07-25 20:02:23,mediboard,강원특별자치도,0,3,A2200013,한림대학교춘천성심병원,2213,A,22,7,22,58373601,5,5,22,2026-07-25T20:00:10.005782,12,30
2026-07-25 20:02:23,mediboard,강원특별자치도,0,0,A2200014,홍천아산병원,2216,D,22,8,10,58373760,0,0,22,2026-07-25T20:00:10.005782,8,10
2026-07-25 20:02:23,mediboard,강원특별자치도,0,0,E2200025,화천군보건의료원,2217,D,22,7,7,58373840,1,1,22,2026-07-25T20:00:10.005782,8,8
2026-07-25 20:02:23,mediboard,강원특별자치도,0,0,A2200016,횡성대성병원,2218,D,22,2,9,58373814,1,1,22,2026-07-25T20:00:10.005782,3,10
2026-07-25 20:02:23,mediboard,충청북도,0,0,A2300010,건국대학교충주병원,2314,C,23,18,20,58373970,3,3,23,2026-07-25T20:00:10.005782,21,23
2026-07-25 20:02:23,mediboard,충청북도,0,0,E2300011,단양군보건의료원,2302,D,23,6,6,58373673,1,2,23,2026-07-25T20:00:10.005782,7,8
2026-07-25 20:02:23,mediboard,충청북도,0,0,A2300013,의료법인 건명의료재단 중앙제일병원,2309,C,23,10,17,58373870,3,5,23,2026-07-25T20:00:10.005782,13,22
2026-07-25 20:02:23,mediboard,충청북도,0,0,A2300034,의료법인대광의료재단괴산성모병원,2301,D,23,8,9,58373764,0,1,23,2026-07-25T20:00:10.005782,8,10
2026-07-25 20:02:23,mediboard,충청북도,2,3,A2300009,의료법인명지의료재단명지병원,2307,C,23,11,18,58373763,6,6,23,2026-07-25T20:00:10.005782,19,27
2026-07-25 20:02:23,mediboard,충청북도,0,0,A2300007,의료법인인화재단한국병원,2310,C,23,4,14,58373762,6,6,23,2026-07-25T20:00:10.005782,10,20
2026-07-25 20:02:23,mediboard,충청북도,0,0,A2300005,의료법인자산의료재단제천서울병원,2307,C,23,12,15,58373652,4,5,23,2026-07-25T20:00:10.005782,16,20
2026-07-25 20:02:23,mediboard,충청북도,0,0,A2300003,의료법인정산의료재단효성병원,2310,C,23,15,18,58373651,4,5,23,2026-07-25T20:00:10.005782,19,23
2026-07-25 20:02:23,mediboard,충청북도,0,0,A2300030,의료법인조윤의료재단영동병원,2304,D,23,10,10,58373871,0,0,23,2026-07-25T20:00:10.005782,10,10
2026-07-25 20:02:23,mediboard,충청북도,0,0,A2300002,의료법인한마음의료재단하나병원,2313,C,23,3,11,58373602,12,12,23,2026-07-25T20:00:10.005782,15,23
2026-07-25 20:02:23,mediboard,충청북도,0,0,A2300011,의료법인힐링의료재단옥천성모병원,2305,D,23,3,7,58373924,3,3,23,2026-07-25T20:00:10.005782,6,10
2026-07-25 20:02:23,mediboard,충청북도,0,0,A2300008,청주성모병원,2312,C,23,6,15,58373603,6,10,23,2026-07-25T20:00:10.005782,12,25
2026-07-25 20:02:23,mediboard,충청북도,5,8,A2300001,충북대학교병원,2311,A,23,24,32,58373650,5,5,23,2026-07-25T20:00:10.005782,34,45
2026-07-25 20:02:23,mediboard,충청북도,0,0,A2300006,충청북도청주의료원,2311,D,23,10,12,58373706,4,4,23,2026-07-25T20:00:10.005782,14,16
2026-07-25 20:02:23,mediboard,충청북도,0,0,A2300004,충청북도충주의료원,2314,D,23,15,18,58373705,3,3,23,2026-07-25T20:00:10.005782,18,21
2026-07-25 20:02:23,mediboard,충청남도,3,4,A2400002,단국대학교의과대학부속병원,2412,A,24,12,27,58373654,4,5,24,2026-07-25T20:00:10.005782,19,36
2026-07-25 20:02:23,mediboard,충청남도,0,0,A2400008,당진종합병원,2405,C,24,7,17,58373655,3,3,24,2026-07-25T20:00:10.005782,10,20
2026-07-25 20:02:23,mediboard,충청남도,0,4,A2400003,서산중앙병원,2408,C,24,4,17,58373604,3,3,24,2026-07-25T20:00:10.005782,7,24
2026-07-25 20:02:23,mediboard,충청남도,0,0,A2402257,아산충무병원,2410,C,24,7,13,58373971,8,8,24,2026-07-25T20:00:10.005782,15,21
2026-07-25 20:02:23,mediboard,충청남도,0,0,A2400044,의료법인 서해병원,2409,D,24,5,5,58373656,2,2,24,2026-07-25T20:00:10.005782,7,7
2026-07-25 20:02:23,mediboard,충청남도,0,0,A2400004,의료법인 예당의료재단 예산종합병원,2411,D,24,2,6,58373816,1,1,24,2026-07-25T20:00:10.005782,3,7
2026-07-25 20:02:23,mediboard,충청남도,0,0,A2400009,의료법인백제병원,2404,C,24,13,20,58373606,3,3,24,2026-07-25T20:00:10.005782,16,23
2026-07-25 20:02:23,mediboard,충청남도,0,0,A2400012,의료법인영서의료재단천안충무병원,2413,C,24,6,16,58373765,5,5,24,2026-07-25T20:00:10.005782,11,21
2026-07-25 20:02:23,mediboard,충청남도,0,0,A2400011,재단법인아산사회복지재단보령아산병원,2406,C,24,14,17,58373707,3,3,24,2026-07-25T20:00:10.005782,17,20
2026-07-25 20:02:23,mediboard,충청남도,0,0,E2400032,청양군보건의료원,2414,D,24,4,6,58373782,1,1,24,2026-07-25T20:00:10.005782,5,7
2026-07-25 20:02:23,mediboard,충청남도,0,0,A2400010,충청남도공주의료원,2402,D,24,10,15,58373607,1,1,24,2026-07-25T20:00:10.005782,11,16
2026-07-25 20:02:23,mediboard,충청남도,0,0,A2400006,충청남도서산의료원,2408,C,24,12,17,58373605,2,3,24,2026-07-25T20:00:10.005782,14,20
2026-07-25 20:02:23,mediboard,충청남도,0,0,A2400005,충청남도천안의료원,2412,D,24,10,12,58373872,1,2,24,2026-07-25T20:00:10.005782,11,14
2026-07-25 20:02:23,mediboard,충청남도,-4,1,A2400007,충청남도홍성의료원,2416,C,24,8,18,58373925,3,3,24,2026-07-25T20:00:10.005782,7,22
2026-07-25 20:02:23,mediboard,충청남도,0,0,E2400033,태안군보건의료원,2415,D,24,10,10,58373617,1,1,24,2026-07-25T20:00:10.005782,11,11
2026-07-25 20:02:23,mediboard,충청남도,0,0,A2400038,학교법인건양교육재단건양대학교부여병원,2407,D,24,7,9,58373766,1,1,24,2026-07-25T20:00:10.005782,8,10
2026-07-25 20:02:23,mediboard,충청남도,18,18,A2400001,학교법인동은학원순천향대학교부속천안병원,2412,A,24,11,22,58373653,10,11,24,2026-07-25T20:00:10.005782,35,47
2026-07-25 20:02:23,mediboard,충청남도,0,0,A2400039,현대병원,2410,D,24,7,10,58373873,1,1,24,2026-07-25T20:00:10.005782,8,11
2026-07-25 20:02:23,mediboard,전북특별자치도,0,0,A2500038,김제우석병원,2503,D,25,7,10,58373608,1,1,25,2026-07-25T20:00:10.005782,8,11
2026-07-25 20:02:23,mediboard,전북특별자치도,0,0,A2500056,대자인병원,2512,C,25,18,33,58373768,3,3,25,2026-07-25T20:00:10.005782,21,36
2026-07-25 20:02:23,mediboard,전북특별자치도,0,0,E2500019,무주군보건의료원,2505,D,25,2,4,58373940,1,1,25,2026-07-25T20:00:10.005782,3,5
2026-07-25 20:02:23,mediboard,전북특별자치도,0,0,A2500010,부안성모병원,2506,D,25,8,10,58373875,2,2,25,2026-07-25T20:00:10.005782,10,12
2026-07-25 20:02:23,mediboard,전북특별자치도,3,3,A2502742,새강병원,2513,D,25,12,14,58373974,3,3,25,2026-07-25T20:00:10.005782,18,20
2026-07-25 20:02:23,mediboard,전북특별자치도,0,0,E2500021,순창군보건의료원,2507,D,25,9,9,58373674,1,1,25,2026-07-25T20:00:10.005782,10,10
2026-07-25 20:02:23,mediboard,전북특별자치도,3,3,A2500001,원광대학교병원,2509,A,25,11,28,58373972,5,5,25,2026-07-25T20:00:10.005782,19,36
2026-07-25 20:02:23,mediboard,전북특별자치도,0,0,A2500011,의료법인대산의료재단익산병원,2509,C,25,8,17,58373767,3,3,25,2026-07-25T20:00:10.005782,11,20
2026-07-25 20:02:23,mediboard,전북특별자치도,0,0,A2500009,의료법인석천재단고창병원,2501,D,25,8,10,58373926,1,1,25,2026-07-25T20:00:10.005782,9,11
2026-07-25 20:02:23,mediboard,전북특별자치도,0,0,A2500005,의료법인영경의료재단전주병원,2513,C,25,7,17,58373818,3,3,25,2026-07-25T20:00:10.005782,10,20
2026-07-25 20:02:23,mediboard,전북특별자치도,0,0,A2501890,의료법인영경의료재단호성전주병원,2512,D,25,4,9,58373708,1,1,25,2026-07-25T20:00:10.005782,5,10
2026-07-25 20:02:23,mediboard,전북특별자치도,0,0,A2500012,의료법인오성의료재단동군산병원,2502,C,25,10,17,58373973,6,6,25,2026-07-25T20:00:10.005782,16,23
2026-07-25 20:02:23,mediboard,전북특별자치도,0,0,E2500022,임실군보건의료원,2510,D,25,3,4,58373941,1,1,25,2026-07-25T20:00:10.005782,4,5
2026-07-25 20:02:23,mediboard,전북특별자치도,0,0,E2500020,장수군보건의료원,2511,D,25,5,5,58373783,1,1,25,2026-07-25T20:00:10.005782,6,6
2026-07-25 20:02:23,mediboard,전북특별자치도,0,0,A2500008,재단법인 아산사회복지재단 정읍아산병원,2514,C,25,10,17,58373658,3,3,25,2026-07-25T20:00:10.005782,13,20
2026-07-25 20:02:23,mediboard,전북특별자치도,10,12,A2500006,재단법인예수병원유지재단예수병원,2513,C,25,29,38,58373657,5,5,25,2026-07-25T20:00:10.005782,42,53
2026-07-25 20:02:23,mediboard,전북특별자치도,3,5,A2500002,전북대학교병원,2512,A,25,19,36,58373874,7,7,25,2026-07-25T20:00:10.005782,29,48
2026-07-25 20:02:23,mediboard,전북특별자치도,0,0,A2500007,전북특별자치도군산의료원,2502,C,25,10,17,58373819,3,3,25,2026-07-25T20:00:10.005782,13,20
2026-07-25 20:02:23,mediboard,전북특별자치도,0,0,A2500004,전북특별자치도남원의료원,2504,C,25,10,17,58373817,3,3,25,2026-07-25T20:00:10.005782,13,20
2026-07-25 20:02:23,mediboard,전북특별자치도,0,0,A2502031,진안군의료원,2515,D,25,4,6,58373876,2,2,25,2026-07-25T20:00:10.005782,6,8
2026-07-25 20:02:23,mediboard,전라남도,0,0,A2600029,곡성사랑병원,2603,D,26,3,5,58373878,1,1,26,2026-07-25T20:00:10.005782,4,6
2026-07-25 20:02:23,mediboard,전라남도,0,0,A2600006,광양사랑병원,2604,D,26,8,9,58373610,1,1,26,2026-07-25T20:00:10.005782,9,10
2026-07-25 20:02:23,mediboard,전라남도,0,0,A2600061,구례병원,2605,D,26,10,10,58373929,0,0,26,2026-07-25T20:00:10.005782,10,10
2026-07-25 20:02:23,mediboard,전라남도,0,0,A2600016,나주종합병원,2606,D,26,5,10,58373821,0,0,26,2026-07-25T20:00:10.005782,5,10
2026-07-25 20:02:23,mediboard,전라남도,0,0,A2600054,담양사랑병원,2607,D,26,5,6,58373825,2,2,26,2026-07-25T20:00:10.005782,7,8
2026-07-25 20:02:23,mediboard,전라남도,0,0,A2600003,대송의료재단무안병원,2609,D,26,2,4,58373927,1,1,26,2026-07-25T20:00:10.005782,3,5
2026-07-25 20:02:23,mediboard,전라남도,0,0,A2600020,목포기독병원,2608,D,26,5,17,58373660,3,3,26,2026-07-25T20:00:10.005782,8,20
2026-07-25 20:02:23,mediboard,전라남도,0,0,A2600022,목포시의료원,2608,D,26,9,9,58373978,1,1,26,2026-07-25T20:00:10.005782,10,10
2026-07-25 20:02:23,mediboard,전라남도,3,3,A2600011,목포한국병원,2608,A,26,14,18,58373769,5,5,26,2026-07-25T20:00:10.005782,22,26
2026-07-25 20:02:23,mediboard,전라남도,0,0,A2600052,보성아산병원,2610,D,26,6,8,58373982,1,1,26,2026-07-25T20:00:10.005782,7,9
2026-07-25 20:02:23,mediboard,전라남도,0,0,A2602211,빛가람종합병원,2606,D,26,1,9,58373712,1,1,26,2026-07-25T20:00:10.005782,2,10
2026-07-25 20:02:23,mediboard,전라남도,1,4,A2600019,성가롤로병원,2611,A,26,5,18,58373822,5,5,26,2026-07-25T20:00:10.005782,11,27
2026-07-25 20:02:23,mediboard,전라남도,0,0,A2600008,순천제일병원,2611,D,26,9,9,58373877,1,1,26,2026-07-25T20:00:10.005782,10,10
2026-07-25 20:02:23,mediboard,전라남도,0,0,A2600004,순천중앙병원,2611,D,26,3,5,58373820,1,1,26,2026-07-25T20:00:10.005782,4,6
2026-07-25 20:02:23,mediboard,전라남도,0,0,A2600010,여수전남병원,2613,D,26,7,10,58373976,1,1,26,2026-07-25T20:00:10.005782,8,11
2026-07-25 20:02:23,mediboard,전라남도,0,0,A2600014,여천전남병원,2613,C,26,14,17,58373659,3,3,26,2026-07-25T20:00:10.005782,17,20
2026-07-25 20:02:23,mediboard,전라남도,0,0,A2600015,영광종합병원,2614,D,26,6,10,58373928,3,3,26,2026-07-25T20:00:10.005782,9,13
2026-07-25 20:02:23,mediboard,전라남도,0,0,A2600070,영암한국병원,2615,D,26,4,8,58373930,0,1,26,2026-07-25T20:00:10.005782,4,9
2026-07-25 20:02:23,mediboard,전라남도,0,0,A2600032,완도대성병원,2616,D,26,3,5,58373771,1,1,26,2026-07-25T20:00:10.005782,4,6
2026-07-25 20:02:23,mediboard,전라남도,0,0,A2600034,의료법인 거명의료재단 영광기독병원,2614,D,26,8,10,58373824,1,1,26,2026-07-25T20:00:10.005782,9,11
2026-07-25 20:02:23,mediboard,전라남도,0,0,A2600017,의료법인목포구암의료재단목포중앙병원,2608,C,26,14,16,58373710,4,4,26,2026-07-25T20:00:10.005782,18,20
2026-07-25 20:02:23,mediboard,전라남도,0,0,A2600066,의료법인삼호의료재단벌교삼호병원,2610,D,26,5,6,58373662,1,1,26,2026-07-25T20:00:10.005782,6,7
2026-07-25 20:02:23,mediboard,전라남도,0,0,A2600051,의료법인신안대우병원,2612,D,26,3,4,58373981,1,1,26,2026-07-25T20:00:10.005782,4,5
2026-07-25 20:02:23,mediboard,전라남도,0,0,A2600018,의료법인영성의료재단고흥종합병원,2602,D,26,7,10,58373770,0,0,26,2026-07-25T20:00:10.005782,7,10
2026-07-25 20:02:23,mediboard,전라남도,0,0,A2600021,의료법인우범의료재단장흥종합병원,2618,D,26,8,9,58373977,1,1,26,2026-07-25T20:00:10.005782,9,10
2026-07-25 20:02:23,mediboard,전라남도,0,0,A2600068,의료법인장호의료재단녹동현대병원,2602,D,26,3,3,58373826,2,2,26,2026-07-25T20:00:10.005782,5,5
2026-07-25 20:02:23,mediboard,전라남도,0,0,A2600005,의료법인한국의료재단한국병원,2611,D,26,8,11,58373609,1,1,26,2026-07-25T20:00:10.005782,9,12
2026-07-25 20:02:23,mediboard,전라남도,0,0,A2600027,의료법인한마음의료재단여수제일병원,2613,D,26,5,9,58373823,1,1,26,2026-07-25T20:00:10.005782,6,10
2026-07-25 20:02:23,mediboard,전라남도,0,0,A2600035,의료법인행복나눔의료재단장성병원,2617,D,26,2,4,58373711,1,1,26,2026-07-25T20:00:10.005782,3,5
2026-07-25 20:02:23,mediboard,전라남도,0,0,A2600009,의료법인행촌의료재단해남종합병원,2621,D,26,7,10,58373975,1,1,26,2026-07-25T20:00:10.005782,8,11
2026-07-25 20:02:23,mediboard,전라남도,0,0,A2600024,의료법인현경의료재단광양서울병원,2604,D,26,4,9,58373979,1,1,26,2026-07-25T20:00:10.005782,5,10
2026-07-25 20:02:23,mediboard,전라남도,0,0,A2600037,장흥우리병원,2618,D,26,4,4,58373661,1,1,26,2026-07-25T20:00:10.005782,5,5
2026-07-25 20:02:23,mediboard,전라남도,0,0,A2600050,전라남도강진의료원,2601,D,26,6,9,58373879,1,1,26,2026-07-25T20:00:10.005782,7,10
2026-07-25 20:02:23,mediboard,전라남도,0,0,A2600056,전라남도순천의료원,2611,D,26,6,6,58373983,2,2,26,2026-07-25T20:00:10.005782,8,8
2026-07-25 20:02:23,mediboard,전라남도,0,0,A2600040,진도한국병원,2619,D,26,4,4,58373980,1,1,26,2026-07-25T20:00:10.005782,5,5
2026-07-25 20:02:23,mediboard,전라남도,0,0,A2600077,해남우리종합병원,2621,D,26,13,15,58373663,4,4,26,2026-07-25T20:00:10.005782,17,19
2026-07-25 20:02:23,mediboard,전라남도,1,1,A2600001,화순전남대학교병원,2622,C,26,14,16,58373709,7,7,26,2026-07-25T20:00:10.005782,22,24
2026-07-25 20:02:23,mediboard,경상북도,0,0,A2700018,경상북도김천의료원,2706,D,27,11,17,58373832,1,1,27,2026-07-25T20:00:10.005782,12,18
2026-07-25 20:02:23,mediboard,경상북도,0,0,A2700001,경상북도안동의료원,2711,D,27,6,6,58373611,2,2,27,2026-07-25T20:00:10.005782,8,8
2026-07-25 20:02:23,mediboard,경상북도,0,0,A2700005,경상북도포항의료원,2724,D,27,8,8,58373827,2,2,27,2026-07-25T20:00:10.005782,10,10
2026-07-25 20:02:23,mediboard,경상북도,0,0,A2700097,계명대학교경주동산병원,2702,D,27,7,9,58373880,1,1,27,2026-07-25T20:00:10.005782,8,10
2026-07-25 20:02:23,mediboard,경상북도,0,0,A2700015,구미강동병원,2704,D,27,5,7,58373831,3,3,27,2026-07-25T20:00:10.005782,8,10
2026-07-25 20:02:23,mediboard,경상북도,2,3,A2700003,동국대학교의과대학경주병원,2702,C,27,6,16,58373931,7,7,27,2026-07-25T20:00:10.005782,15,26
2026-07-25 20:02:23,mediboard,경상북도,0,0,A2700011,상주적십자병원,2709,D,27,4,9,58373984,1,1,27,2026-07-25T20:00:10.005782,5,10
2026-07-25 20:02:23,mediboard,경상북도,3,4,A2700013,순천향대학교부속구미병원,2704,C,27,9,13,58373715,3,3,27,2026-07-25T20:00:10.005782,15,20
2026-07-25 20:02:23,mediboard,경상북도,0,0,A2700004,안동성소병원,2711,C,27,11,12,58373612,6,8,27,2026-07-25T20:00:10.005782,17,20
2026-07-25 20:02:23,mediboard,경상북도,0,0,A2700008,에스포항병원,2723,D,27,3,6,58373829,1,1,27,2026-07-25T20:00:10.005782,4,7
2026-07-25 20:02:23,mediboard,경상북도,0,0,A2700017,영남대학교의과대학부속영천병원,2715,D,27,9,10,58373773,3,3,27,2026-07-25T20:00:10.005782,12,13
2026-07-25 20:02:23,mediboard,경상북도,0,0,A2700031,영주기독병원,2714,D,27,0,4,58373665,1,1,27,2026-07-25T20:00:10.005782,1,5
2026-07-25 20:02:23,mediboard,경상북도,0,0,A2700020,영주자인병원,2714,D,27,3,4,58373774,1,1,27,2026-07-25T20:00:10.005782,4,5
2026-07-25 20:02:23,mediboard,경상북도,0,0,A2702752,영주적십자병원,2714,D,27,5,10,58373717,1,1,27,2026-07-25T20:00:10.005782,6,11
2026-07-25 20:02:23,mediboard,경상북도,0,0,E2700553,울릉군보건의료원,2717,D,27,3,5,58373618,0,0,27,2026-07-25T20:00:10.005782,3,5
2026-07-25 20:02:23,mediboard,경상북도,0,0,A2700052,울진군의료원,2718,D,27,5,8,58373667,2,2,27,2026-07-25T20:00:10.005782,7,10
2026-07-25 20:02:23,mediboard,경상북도,0,0,A2700019,의)근원의료재단경산중앙병원,2701,D,27,8,10,58373664,2,2,27,2026-07-25T20:00:10.005782,10,12
2026-07-25 20:02:23,mediboard,경상북도,0,0,A2700038,의료법인대남의료재단청도대남병원,2720,D,27,9,10,58373985,0,0,27,2026-07-25T20:00:10.005782,9,10
2026-07-25 20:02:23,mediboard,경상북도,0,0,A2700012,의료법인덕산의료재단김천제일병원,2706,C,27,10,16,58373830,4,4,27,2026-07-25T20:00:10.005782,14,20
2026-07-25 20:02:23,mediboard,경상북도,0,0,A2700006,의료법인동춘의료재단문경제일병원,2707,C,27,14,17,58373828,2,3,27,2026-07-25T20:00:10.005782,16,20
2026-07-25 20:02:23,mediboard,경상북도,0,0,A2700009,의료법인삼백의료재단상주성모병원,2709,D,27,3,9,58373932,1,1,27,2026-07-25T20:00:10.005782,4,10
2026-07-25 20:02:23,mediboard,경상북도,0,0,A2700036,의료법인서명의료재단세명종합병원,2701,D,27,4,13,58373666,2,2,27,2026-07-25T20:00:10.005782,6,15
2026-07-25 20:02:23,mediboard,경상북도,0,0,A2700023,의료법인서준의료재단예천권병원,2716,D,27,5,6,58373716,1,1,27,2026-07-25T20:00:10.005782,6,7
2026-07-25 20:02:23,mediboard,경상북도,2,3,A2700014,의료법인안동병원,2711,A,27,9,17,58373613,5,5,27,2026-07-25T20:00:10.005782,16,25
2026-07-25 20:02:23,mediboard,경상북도,0,0,A2700070,의료법인영암의료재단고령영생병원,2703,D,27,4,5,58373776,1,1,27,2026-07-25T20:00:10.005782,5,6
2026-07-25 20:02:23,mediboard,경상북도,0,0,A2700063,의료법인영제의료재단영남제일병원,2719,D,27,4,5,58373775,1,1,27,2026-07-25T20:00:10.005782,5,6
2026-07-25 20:02:23,mediboard,경상북도,0,0,A2702563,의료법인은성의료재단좋은선린병원,2724,D,27,7,10,58373777,2,2,27,2026-07-25T20:00:10.005782,9,12
2026-07-25 20:02:23,mediboard,경상북도,3,5,A2700007,차의과학대학교부속구미차병원,2704,A,27,5,20,58373714,6,12,27,2026-07-25T20:00:10.005782,14,37
2026-07-25 20:02:23,mediboard,경상북도,0,0,E2700554,청송군보건의료원,2721,D,27,3,5,58373841,1,1,27,2026-07-25T20:00:10.005782,4,6
2026-07-25 20:02:23,mediboard,경상북도,11,11,A2700016,포항성모병원,2723,A,27,9,20,58373772,5,15,27,2026-07-25T20:00:10.005782,25,46
2026-07-25 20:02:23,mediboard,경상북도,0,0,A2700002,포항세명기독병원,2723,C,27,11,15,58373713,10,10,27,2026-07-25T20:00:10.005782,21,25
2026-07-25 20:02:23,mediboard,경상남도,0,0,A2800032,강병원,2803,D,28,8,9,58373883,1,1,28,2026-07-25T20:00:10.005782,9,10
2026-07-25 20:02:23,mediboard,경상남도,0,0,A2803677,강일병원,2804,D,28,6,8,58373722,3,3,28,2026-07-25T20:00:10.005782,9,11
2026-07-25 20:02:23,mediboard,경상남도,0,0,A2800076,거창적십자병원,2802,D,28,5,9,58373886,1,1,28,2026-07-25T20:00:10.005782,6,10
2026-07-25 20:02:23,mediboard,경상남도,3,3,A2800001,경상국립대학교병원,2811,A,28,18,30,58373933,5,5,28,2026-07-25T20:00:10.005782,26,38
2026-07-25 20:02:23,mediboard,경상남도,0,0,A2800025,경상남도마산의료원,2813,D,28,11,13,58373720,2,2,28,2026-07-25T20:00:10.005782,13,15
2026-07-25 20:02:23,mediboard,경상남도,0,0,A2800113,밀양병원,2806,D,28,6,8,58373938,1,1,28,2026-07-25T20:00:10.005782,7,9
2026-07-25 20:02:23,mediboard,경상남도,0,0,A2800084,반도병원,2811,D,28,4,7,58373838,1,1,28,2026-07-25T20:00:10.005782,5,8
2026-07-25 20:02:23,mediboard,경상남도,0,0,A2800019,베데스다복음병원,2809,D,28,9,9,58373935,1,1,28,2026-07-25T20:00:10.005782,10,10
2026-07-25 20:02:23,mediboard,경상남도,0,0,E2800380,산청군보건의료원,2808,D,28,5,5,58373726,1,1,28,2026-07-25T20:00:10.005782,6,6
2026-07-25 20:02:23,mediboard,경상남도,0,0,A2800055,삼성합천병원,2822,D,28,4,4,58373884,1,1,28,2026-07-25T20:00:10.005782,5,5
2026-07-25 20:02:23,mediboard,경상남도,0,0,A2800101,삼천포제일병원,2807,D,28,8,8,58373721,2,2,28,2026-07-25T20:00:10.005782,10,10
2026-07-25 20:02:23,mediboard,경상남도,0,0,A2800092,새통영병원,2818,D,28,1,9,58373670,1,1,28,2026-07-25T20:00:10.005782,2,10
2026-07-25 20:02:23,mediboard,경상남도,8,10,A2800011,양산부산대학교병원,2809,A,28,10,23,58373778,6,8,28,2026-07-25T20:00:10.005782,22,39
2026-07-25 20:02:23,mediboard,경상남도,0,0,A2804593,양산성모병원,2809,D,28,13,13,58373723,1,1,28,2026-07-25T20:00:10.005782,14,14
2026-07-25 20:02:23,mediboard,경상남도,0,0,A2800021,연세에스병원,2817,D,28,9,9,58373669,1,1,28,2026-07-25T20:00:10.005782,10,10
2026-07-25 20:02:23,mediboard,경상남도,0,0,A2800090,의령병원,2810,D,28,2,4,58373780,1,1,28,2026-07-25T20:00:10.005782,3,5
2026-07-25 20:02:23,mediboard,경상남도,0,0,A2800008,의료법인 거붕 백병원,2801,D,28,1,9,58373834,1,1,28,2026-07-25T20:00:10.005782,2,10
2026-07-25 20:02:23,mediboard,경상남도,0,0,A2800005,의료법인 대우의료재단대우병원,2801,D,28,7,9,58373614,1,1,28,2026-07-25T20:00:10.005782,8,10
2026-07-25 20:02:23,mediboard,경상남도,0,0,A2800015,의료법인 문병욱의료재단 진주고려병원,2811,D,28,10,10,58373934,1,1,28,2026-07-25T20:00:10.005782,11,11
2026-07-25 20:02:23,mediboard,경상남도,0,0,A2800022,의료법인 성념의료재단맑은샘병원,2801,D,28,9,9,58373986,1,1,28,2026-07-25T20:00:10.005782,10,10
2026-07-25 20:02:23,mediboard,경상남도,0,0,A2800094,의료법인 이도의료재단 남해병원,2805,D,28,6,8,58373781,2,2,28,2026-07-25T20:00:10.005782,8,10
2026-07-25 20:02:23,mediboard,경상남도,0,0,A2800014,의료법인갑을의료재단 갑을장유병원,2804,D,28,7,9,58373836,1,1,28,2026-07-25T20:00:10.005782,8,10
2026-07-25 20:02:23,mediboard,경상남도,0,0,A2800006,의료법인숭인의료재단 김해복음병원,2804,C,28,9,16,58373881,4,4,28,2026-07-25T20:00:10.005782,13,20
2026-07-25 20:02:23,mediboard,경상남도,0,0,A2800068,의료법인승연의료재단 삼천포서울병원,2807,D,28,6,9,58373885,1,1,28,2026-07-25T20:00:10.005782,7,10
2026-07-25 20:02:23,mediboard,경상남도,0,0,A2800009,의료법인청아의료재단청아병원,2814,D,28,8,9,58373835,1,1,28,2026-07-25T20:00:10.005782,9,10
2026-07-25 20:02:23,mediboard,경상남도,0,0,A2800017,의료법인합포의료재단에스엠지연세병원,2813,C,28,12,17,58373779,3,3,28,2026-07-25T20:00:10.005782,15,20
2026-07-25 20:02:23,mediboard,경상남도,0,0,A2800010,의료법인환명의료재단 조은금강병원,2804,C,28,9,17,58373719,3,3,28,2026-07-25T20:00:10.005782,12,20
2026-07-25 20:02:23,mediboard,경상남도,0,0,A2800003,제일병원,2811,C,28,10,17,58373718,3,3,28,2026-07-25T20:00:10.005782,13,20
2026-07-25 20:02:23,mediboard,경상남도,0,0,A2800037,진주복음병원,2811,D,28,9,9,58373615,1,1,28,2026-07-25T20:00:10.005782,10,10
2026-07-25 20:02:23,mediboard,경상남도,0,0,A2803505,창원경상국립대학교병원,2815,C,28,13,18,58373671,3,10,28,2026-07-25T20:00:10.005782,16,28
2026-07-25 20:02:23,mediboard,경상남도,0,0,A2800004,창원파티마병원,2816,C,28,1,17,58373833,3,3,28,2026-07-25T20:00:10.005782,4,20
2026-07-25 20:02:23,mediboard,경상남도,0,0,A2800007,창원한마음병원,2816,C,28,5,21,58373882,4,4,28,2026-07-25T20:00:10.005782,9,25
2026-07-25 20:02:23,mediboard,경상남도,0,0,A2800062,태황의료재단한성병원,2812,D,28,9,9,58373937,1,1,28,2026-07-25T20:00:10.005782,10,10
2026-07-25 20:02:23,mediboard,경상남도,8,8,A2800020,학교법인성균관대학삼성창원병원,2814,A,28,18,27,58373668,5,5,28,2026-07-25T20:00:10.005782,31,40
2026-07-25 20:02:23,mediboard,경상남도,0,0,A2800043,한일병원,2811,C,28,11,17,58373936,3,3,28,2026-07-25T20:00:10.005782,14,20
2026-07-25 20:02:23,mediboard,경상남도,0,0,A2800080,함양성심병원,2821,D,28,3,4,58373837,1,1,28,2026-07-25T20:00:10.005782,4,5
2026-07-25 20:02:23,mediboard,제주특별자치도,0,0,A2900003,의료법인 혜인의료재단 한국병원,2902,D,29,-1,9,58373887,0,1,29,2026-07-25T20:00:10.005782,-1,10
2026-07-25 20:02:23,mediboard,제주특별자치도,1,1,A2900006,의료법인중앙의료재단중앙병원,2902,C,29,2,16,58373724,3,3,29,2026-07-25T20:00:10.005782,6,20
2026-07-25 20:02:23,mediboard,제주특별자치도,0,0,A2900007,제주대학교병원,2902,C,29,-4,20,58373839,4,6,29,2026-07-25T20:00:10.005782,0,26
2026-07-25 20:02:23,mediboard,제주특별자치도,4,4,A2900002,제주특별자치도서귀포의료원,2901,C,29,12,16,58373672,5,5,29,2026-07-25T20:00:10.005782,21,25
2026-07-25 20:02:23,mediboard,제주특별자치도,3,3,A2900001,제주한라병원,2902,A,29,6,17,58373987,5,5,29,2026-07-25T20:00:10.005782,14,25
2026-07-25 20:02:23,mediboard,제주특별자치도,0,0,A2900005,한마음병원,2902,C,29,6,17,58373939,2,3,29,2026-07-25T20:00:10.005782,8,20
2026-07-25 21:59:03,mediboard,서울특별시,0,0,A1100011,가톨릭대학교여의도성모병원,1120,C,11,9,15,58383297,5,5,11,2026-07-25T21:55:10.008571,14,20
2026-07-25 21:59:03,mediboard,서울특별시,8,8,A1121013,가톨릭대학교은평성모병원,1122,C,11,10,24,58383516,4,4,11,2026-07-25T21:55:10.008571,22,36
2026-07-25 21:59:03,mediboard,서울특별시,3,3,A1100043,강동경희대학교병원,1102,A,11,3,15,58383190,4,5,11,2026-07-25T21:55:10.008571,10,23
2026-07-25 21:59:03,mediboard,서울특별시,2,2,A1100006,강북삼성병원,1123,C,11,6,15,58383510,3,3,11,2026-07-25T21:55:10.008571,11,20
2026-07-25 21:59:03,mediboard,서울특별시,2,4,A1100002,건국대학교병원,1106,C,11,6,20,58383410,3,3,11,2026-07-25T21:55:10.008571,11,27
2026-07-25 21:59:03,mediboard,서울특별시,0,0,A1100039,경찰병원,1118,D,11,2,3,58383415,2,2,11,2026-07-25T21:55:10.008571,4,5
2026-07-25 21:59:03,mediboard,서울특별시,1,3,A1100001,경희대학교병원,1111,C,11,1,15,58383352,5,5,11,2026-07-25T21:55:10.008571,7,23
2026-07-25 21:59:03,mediboard,서울특별시,3,3,A1100014,고려대학교의과대학부속구로병원,1107,A,11,10,29,58383298,4,5,11,2026-07-25T21:55:10.008571,17,37
2026-07-25 21:59:03,mediboard,서울특별시,0,0,A1100026,구로성심병원,1107,D,11,3,9,58383513,1,1,11,2026-07-25T21:55:10.008571,4,10
2026-07-25 21:59:03,mediboard,서울특별시,3,3,A1100052,국립중앙의료원,1124,C,11,10,17,58383461,9,10,11,2026-07-25T21:55:10.008571,22,30
2026-07-25 21:59:03,mediboard,서울특별시,0,0,A1122033,기쁨병원,1115,D,11,0,4,58383145,1,1,11,2026-07-25T21:55:10.008571,1,5
2026-07-25 21:59:03,mediboard,서울특별시,0,0,A1100048,노원을지대학교병원,1109,C,11,15,17,58383143,5,5,11,2026-07-25T21:55:10.008571,20,22
2026-07-25 21:59:03,mediboard,서울특별시,0,0,A1100044,녹색병원,1125,D,11,-1,5,58383460,5,5,11,2026-07-25T21:55:10.008571,4,10
2026-07-25 21:59:03,mediboard,서울특별시,0,0,A1100037,대림성모병원,1120,D,11,6,8,58383301,1,2,11,2026-07-25T21:55:10.008571,7,10
2026-07-25 21:59:03,mediboard,서울특별시,0,0,A1100024,명지성모병원,1120,D,11,6,8,58383141,2,2,11,2026-07-25T21:55:10.008571,8,10
2026-07-25 21:59:03,mediboard,서울특별시,0,0,A1100036,부민병원,1104,D,11,9,10,58383514,1,1,11,2026-07-25T21:55:10.008571,10,11
2026-07-25 21:59:03,mediboard,서울특별시,3,4,A1100010,삼성서울병원,1101,C,11,14,52,58383411,3,4,11,2026-07-25T21:55:10.008571,20,60
2026-07-25 21:59:03,mediboard,서울특별시,0,0,A1100021,삼육서울병원,1111,C,11,11,13,58383412,3,7,11,2026-07-25T21:55:10.008571,14,20
2026-07-25 21:59:03,mediboard,서울특별시,7,12,A1100017,서울대학교병원,1123,A,11,2,24,58383140,8,8,11,2026-07-25T21:55:10.008571,15,42
2026-07-25 21:59:03,mediboard,서울특별시,0,0,A1100050,서울성심병원,1111,D,11,14,17,58383416,3,3,11,2026-07-25T21:55:10.008571,17,20
2026-07-25 21:59:03,mediboard,서울특별시,0,0,A1100029,서울적십자병원,1123,D,11,7,10,58383244,1,1,11,2026-07-25T21:55:10.008571,8,11
2026-07-25 21:59:03,mediboard,서울특별시,0,0,A1100022,서울특별시동부병원,1111,D,11,6,8,58383187,2,2,11,2026-07-25T21:55:10.008571,8,10
2026-07-25 21:59:03,mediboard,서울특별시,2,3,A1100040,서울특별시보라매병원,1112,C,11,10,31,58383245,3,3,11,2026-07-25T21:55:10.008571,15,37
2026-07-25 21:59:03,mediboard,서울특별시,0,0,A1100223,서울특별시서남병원,1119,D,11,16,17,58383191,2,3,11,2026-07-25T21:55:10.008571,18,20
2026-07-25 21:59:03,mediboard,서울특별시,1,3,A1100035,서울특별시서울의료원,1125,A,11,5,19,58383414,5,5,11,2026-07-25T21:55:10.008571,11,27
2026-07-25 21:59:03,mediboard,서울특별시,0,0,A1100028,성심의료재단강동성심병원,1102,C,11,8,15,58383413,9,9,11,2026-07-25T21:55:10.008571,17,24
2026-07-25 21:59:03,mediboard,서울특별시,0,0,A1100054,성애의료재단성애병원,1120,C,11,8,15,58383462,5,11,11,2026-07-25T21:55:10.008571,13,26
2026-07-25 21:59:03,mediboard,서울특별시,0,0,A1100032,세란병원,1123,D,11,9,10,58383300,1,1,11,2026-07-25T21:55:10.008571,10,11
2026-07-25 21:59:03,mediboard,서울특별시,4,4,A1100004,순천향대학교부속서울병원,1121,C,11,12,20,58383296,3,3,11,2026-07-25T21:55:10.008571,19,27
2026-07-25 21:59:03,mediboard,서울특별시,0,0,A1100045,씨엠병원,1120,D,11,9,9,58383356,1,1,11,2026-07-25T21:55:10.008571,10,10
2026-07-25 21:59:03,mediboard,서울특별시,2,2,A1100015,연세대학교의과대학강남세브란스병원,1101,C,11,9,21,58383512,2,3,11,2026-07-25T21:55:10.008571,13,26
2026-07-25 21:59:03,mediboard,서울특별시,3,10,A1100007,연세대학교의과대학세브란스병원,1114,C,11,-3,39,58383457,6,6,11,2026-07-25T21:55:10.008571,4,53
2026-07-25 21:59:03,mediboard,서울특별시,0,0,A1100025,의료법인동신의료재단동신병원,1114,D,11,7,9,58383459,1,1,11,2026-07-25T21:55:10.008571,8,10
2026-07-25 21:59:03,mediboard,서울특별시,0,0,A1100041,의료법인서울효천의료재단에이치플러스양지병원,1105,C,11,14,18,58383189,3,3,11,2026-07-25T21:55:10.008571,17,21
2026-07-25 21:59:03,mediboard,서울특별시,0,0,A1100023,의료법인청구성심병원,1122,D,11,7,10,58383188,1,1,11,2026-07-25T21:55:10.008571,8,11
2026-07-25 21:59:03,mediboard,서울특별시,0,0,A1100075,의료법인풍산의료재단동부제일병원,1125,D,11,5,7,58383144,1,1,11,2026-07-25T21:55:10.008571,6,8
2026-07-25 21:59:03,mediboard,서울특별시,2,2,A1100020,의료법인한전의료재단한일병원,1110,C,11,7,21,58383355,4,4,11,2026-07-25T21:55:10.008571,13,27
2026-07-25 21:59:03,mediboard,서울특별시,8,8,A1100005,이화여자대학교의과대학부속목동병원,1119,A,11,10,19,58383456,5,6,11,2026-07-25T21:55:10.008571,23,33
2026-07-25 21:59:03,mediboard,서울특별시,9,9,A1120796,이화여자대학교의과대학부속서울병원,1104,C,11,-6,14,58383417,8,8,11,2026-07-25T21:55:10.008571,11,31
2026-07-25 21:59:03,mediboard,서울특별시,0,0,A1100016,인제대학교상계백병원,1109,C,11,3,16,58383458,3,7,11,2026-07-25T21:55:10.008571,6,23
2026-07-25 21:59:03,mediboard,서울특별시,0,14,A1100009,재단법인아산사회복지재단서울아산병원,1118,C,11,12,36,58383354,12,26,11,2026-07-25T21:55:10.008571,21,73
2026-07-25 21:59:03,mediboard,서울특별시,2,4,A1100003,중앙대학교병원,1112,C,11,2,18,58383295,0,0,11,2026-07-25T21:55:10.008571,4,22
2026-07-25 21:59:03,mediboard,서울특별시,5,9,A1100012,학교법인가톨릭학원가톨릭대학교서울성모병원,1115,C,11,-10,28,58383243,6,8,11,2026-07-25T21:55:10.008571,-1,43
2026-07-25 21:59:03,mediboard,서울특별시,4,4,A1100008,학교법인고려중앙학원고려대학교의과대학부속병원(안암병원),1117,A,11,16,30,58383353,4,9,11,2026-07-25T21:55:10.008571,24,43
2026-07-25 21:59:03,mediboard,서울특별시,0,0,A1100053,한국보훈복지의료공단중앙보훈병원,1102,C,11,16,22,58383302,3,3,11,2026-07-25T21:55:10.008571,19,25
2026-07-25 21:59:03,mediboard,서울특별시,0,0,A1100027,한국원자력의학원원자력병원,1109,D,11,7,9,58383142,2,3,11,2026-07-25T21:55:10.008571,9,12
2026-07-25 21:59:03,mediboard,서울특별시,3,3,A1100055,한림대학교강남성심병원,1120,C,11,15,20,58383358,5,5,11,2026-07-25T21:55:10.008571,23,28
2026-07-25 21:59:03,mediboard,서울특별시,3,3,A1100013,한양대학교병원,1116,A,11,13,20,58383511,7,12,11,2026-07-25T21:55:10.008571,23,35
2026-07-25 21:59:03,mediboard,서울특별시,0,0,A1100051,혜민병원,1106,D,11,6,9,58383357,1,1,11,2026-07-25T21:55:10.008571,7,10
2026-07-25 21:59:03,mediboard,서울특별시,0,0,A1100019,홍익병원,1119,D,11,6,9,58383299,1,1,11,2026-07-25T21:55:10.008571,7,10
2026-07-25 21:59:03,mediboard,서울특별시,0,0,A1100049,희명병원,1108,D,11,8,10,58383515,1,1,11,2026-07-25T21:55:10.008571,9,11
2026-07-25 21:59:03,mediboard,부산광역시,0,0,A1200028,(의)서일의료재단기장병원,1203,D,12,8,9,58383419,1,1,12,2026-07-25T21:55:10.008571,9,10
2026-07-25 21:59:03,mediboard,부산광역시,0,0,A1200004,고신대학교복음병원,1211,C,12,21,25,58383192,5,5,12,2026-07-25T21:55:10.008571,26,30
2026-07-25 21:59:03,mediboard,부산광역시,0,0,A1200045,구포성심병원,1208,D,12,7,9,58383250,0,1,12,2026-07-25T21:55:10.008571,7,10
2026-07-25 21:59:03,mediboard,부산광역시,3,3,A1200018,대동병원,1206,C,12,11,15,58383305,3,3,12,2026-07-25T21:55:10.008571,17,21
2026-07-25 21:59:03,mediboard,부산광역시,0,0,A1200015,동남권원자력의학원원자력병원,1203,D,12,8,9,58383362,1,1,12,2026-07-25T21:55:10.008571,9,10
2026-07-25 21:59:03,mediboard,부산광역시,0,0,A1200011,동래봉생병원,1206,D,12,1,8,58383465,2,2,12,2026-07-25T21:55:10.008571,3,10
2026-07-25 21:59:03,mediboard,부산광역시,3,3,A1200003,동아대학교병원,1211,A,12,20,26,58383517,8,8,12,2026-07-25T21:55:10.008571,31,37
2026-07-25 21:59:03,mediboard,부산광역시,0,0,A1200024,부산광역시의료원,1213,D,12,12,18,58383467,2,8,12,2026-07-25T21:55:10.008571,14,26
2026-07-25 21:59:03,mediboard,부산광역시,3,3,A1200002,부산대학교병원,1211,C,12,12,19,58383146,3,3,12,2026-07-25T21:55:10.008571,18,25
2026-07-25 21:59:03,mediboard,부산광역시,4,4,A1200013,부산성모병원(재단법인 천주교부산교구유지재단),1204,D,12,3,10,58383361,5,5,12,2026-07-25T21:55:10.008571,12,19
2026-07-25 21:59:03,mediboard,부산광역시,0,0,A1200007,비에이치에스한서병원,1212,C,12,13,17,58383360,3,3,12,2026-07-25T21:55:10.008571,16,20
2026-07-25 21:59:03,mediboard,부산광역시,0,0,A1200021,삼육부산병원,1211,D,12,4,9,58383248,1,1,12,2026-07-25T21:55:10.008571,5,10
2026-07-25 21:59:03,mediboard,부산광역시,0,0,A1200014,영도병원,1214,D,12,3,7,58383247,2,2,12,2026-07-25T21:55:10.008571,5,9
2026-07-25 21:59:03,mediboard,부산광역시,0,0,A1200009,의료법인 광혜의료재단 광혜병원,1206,D,12,7,9,58383464,3,3,12,2026-07-25T21:55:10.008571,10,12
2026-07-25 21:59:03,mediboard,부산광역시,0,0,A1200098,의료법인 센텀의료재단 센텀종합병원,1212,D,12,6,9,58383363,1,1,12,2026-07-25T21:55:10.008571,7,10
2026-07-25 21:59:03,mediboard,부산광역시,0,0,A1200020,의료법인 온그룹의료재단 온병원,1207,C,12,15,20,58383147,3,3,12,2026-07-25T21:55:10.008571,18,23
2026-07-25 21:59:03,mediboard,부산광역시,0,0,A1200008,의료법인 은성의료재단 좋은강안병원,1212,D,12,10,18,58383303,3,3,12,2026-07-25T21:55:10.008571,13,21
2026-07-25 21:59:03,mediboard,부산광역시,1,1,A1200005,의료법인 은성의료재단 좋은삼선병원,1209,C,12,4,13,58383246,4,6,12,2026-07-25T21:55:10.008571,9,20
2026-07-25 21:59:03,mediboard,부산광역시,0,0,A1200006,의료법인 인당의료재단 부민병원,1208,D,12,8,10,58383463,2,2,12,2026-07-25T21:55:10.008571,10,12
2026-07-25 21:59:03,mediboard,부산광역시,0,0,A1205143,의료법인 인당의료재단 해운대부민병원,1216,D,12,5,9,58383420,1,1,12,2026-07-25T21:55:10.008571,6,10
2026-07-25 21:59:03,mediboard,부산광역시,0,0,A1200012,의료법인 행도의료재단 해동병원,1214,D,12,3,6,58383193,1,1,12,2026-07-25T21:55:10.008571,4,7
2026-07-25 21:59:03,mediboard,부산광역시,0,0,A1200017,의료법인정화의료재단 봉생기념병원,1205,D,12,8,9,58383304,2,2,12,2026-07-25T21:55:10.008571,10,11
2026-07-25 21:59:03,mediboard,부산광역시,0,3,A1200022,인제대학교 해운대백병원,1216,A,12,14,29,58383418,4,5,12,2026-07-25T21:55:10.008571,18,37
2026-07-25 21:59:03,mediboard,부산광역시,0,0,A1200001,인제대학교부산백병원,1207,C,12,11,18,58383359,3,3,12,2026-07-25T21:55:10.008571,14,21
2026-07-25 21:59:03,mediboard,부산광역시,0,0,A1200023,재단법인천주교부산교구유지재단 메리놀병원,1215,D,12,7,9,58383249,1,1,12,2026-07-25T21:55:10.008571,8,10
2026-07-25 21:59:03,mediboard,부산광역시,2,2,A1200026,좋은문화병원,1205,D,12,5,7,58383149,3,3,12,2026-07-25T21:55:10.008571,10,12
2026-07-25 21:59:03,mediboard,부산광역시,0,0,A1200025,학교법인 춘해병원,1207,D,12,8,9,58383148,1,1,12,2026-07-25T21:55:10.008571,9,10
2026-07-25 21:59:03,mediboard,부산광역시,0,0,A1200019,학교법인)동의병원,1207,D,12,14,14,58383194,1,1,12,2026-07-25T21:55:10.008571,15,15
2026-07-25 21:59:03,mediboard,부산광역시,0,0,A1200016,한국보훈복지의료공단 부산보훈병원,1209,D,12,11,11,58383466,2,2,12,2026-07-25T21:55:10.008571,13,13
2026-07-25 21:59:03,mediboard,인천광역시,0,0,A1300081,(재)미리내천주성삼성직수도회천주성삼병원,1307,D,13,5,9,58383365,1,2,13,2026-07-25T21:55:10.008571,6,11
2026-07-25 21:59:03,mediboard,인천광역시,0,0,A1300018,강남종합병원,1304,D,13,12,15,58383472,1,1,13,2026-07-25T21:55:10.008571,13,16
2026-07-25 21:59:03,mediboard,인천광역시,4,4,A1300002,경북대학교병원,1308,A,13,18,27,58383468,5,5,13,2026-07-25T21:55:10.008571,27,36
2026-07-25 21:59:03,mediboard,인천광역시,0,0,A1303386,계명대학교대구동산병원,1308,D,13,6,12,58383196,2,2,13,2026-07-25T21:55:10.008571,8,14
2026-07-25 21:59:03,mediboard,인천광역시,0,0,A1300003,계명대학교동산병원,1302,C,13,7,20,58383150,5,5,13,2026-07-25T21:55:10.008571,12,25
2026-07-25 21:59:03,mediboard,인천광역시,0,0,A1300008,곽병원,1308,D,13,3,10,58383471,2,2,13,2026-07-25T21:55:10.008571,5,12
2026-07-25 21:59:03,mediboard,인천광역시,0,0,A1300038,나사렛종합병원,1302,D,13,3,9,58383518,3,10,13,2026-07-25T21:55:10.008571,6,19
2026-07-25 21:59:03,mediboard,인천광역시,0,0,A1300004,대구가톨릭대학교병원,1301,C,13,13,24,58383252,4,4,13,2026-07-25T21:55:10.008571,17,28
2026-07-25 21:59:03,mediboard,인천광역시,0,0,A1300005,대구가톨릭대학교칠곡가톨릭병원,1305,D,13,6,9,58383469,1,1,13,2026-07-25T21:55:10.008571,7,10
2026-07-25 21:59:03,mediboard,인천광역시,0,0,A1300076,대구굿모닝병원,1306,D,13,10,17,58383473,2,2,13,2026-07-25T21:55:10.008571,12,19
2026-07-25 21:59:03,mediboard,인천광역시,0,0,A1300007,대구의료원,1306,D,13,11,18,58383470,2,2,13,2026-07-25T21:55:10.008571,13,20
2026-07-25 21:59:03,mediboard,인천광역시,0,5,A1300009,대구파티마병원,1304,C,13,-3,25,58383253,4,7,13,2026-07-25T21:55:10.008571,1,37
2026-07-25 21:59:03,mediboard,인천광역시,0,0,A1300110,더블유병원,1302,D,13,0,10,58383306,1,1,13,2026-07-25T21:55:10.008571,1,11
2026-07-25 21:59:03,mediboard,인천광역시,0,0,A1300034,드림종합병원,1301,D,13,4,8,58383364,2,2,13,2026-07-25T21:55:10.008571,6,10
2026-07-25 21:59:03,mediboard,인천광역시,0,0,A1300045,삼일병원,1302,D,13,8,14,58383255,1,1,13,2026-07-25T21:55:10.008571,9,15
2026-07-25 21:59:03,mediboard,인천광역시,3,3,A1300001,영남대학교병원,1301,A,13,20,28,58383251,5,5,13,2026-07-25T21:55:10.008571,28,36
2026-07-25 21:59:03,mediboard,인천광역시,0,0,A1300006,의료법인구의료재단구병원,1302,D,13,6,10,58383195,1,1,13,2026-07-25T21:55:10.008571,7,11
2026-07-25 21:59:03,mediboard,인천광역시,5,9,A1300010,칠곡경북대학교병원,1305,C,13,11,23,58383421,6,6,13,2026-07-25T21:55:10.008571,20,36
2026-07-25 21:59:03,mediboard,인천광역시,0,0,A1300011,한국보훈복지의료공단대구보훈병원,1302,D,13,11,12,58383254,2,2,13,2026-07-25T21:55:10.008571,13,14
2026-07-25 21:59:03,mediboard,대구광역시,0,0,A1400008,(의)성세의료재단 뉴성민병원,1407,D,14,8,9,58383198,1,1,14,2026-07-25T21:55:10.008571,9,10
2026-07-25 21:59:03,mediboard,대구광역시,2,3,A1400015,가톨릭관동대학교국제성모병원,1407,C,14,13,23,58383309,4,5,14,2026-07-25T21:55:10.008571,19,31
2026-07-25 21:59:03,mediboard,대구광역시,1,4,A1400012,가톨릭대학교 인천성모병원,1406,C,14,7,19,58383423,5,8,14,2026-07-25T21:55:10.008571,13,31
2026-07-25 21:59:03,mediboard,대구광역시,0,0,A1400010,검단탑병원,1407,C,14,16,18,58383151,2,3,14,2026-07-25T21:55:10.008571,18,21
2026-07-25 21:59:03,mediboard,대구광역시,0,0,A1403617,비에스종합병원,1401,D,14,6,10,58383368,1,1,14,2026-07-25T21:55:10.008571,7,11
2026-07-25 21:59:03,mediboard,대구광역시,0,0,A1400013,안은의료재단 부평세림병원,1406,C,14,13,16,58383308,4,4,14,2026-07-25T21:55:10.008571,17,20
2026-07-25 21:59:03,mediboard,대구광역시,0,0,A1400005,온누리병원,1407,D,14,6,9,58383422,2,2,14,2026-07-25T21:55:10.008571,8,11
2026-07-25 21:59:03,mediboard,대구광역시,3,11,A1400001,의료법인 길의료재단 길병원,1404,A,14,1,25,58383474,5,7,14,2026-07-25T21:55:10.008571,7,41
2026-07-25 21:59:03,mediboard,대구광역시,0,0,A1400011,의료법인 나사렛의료재단 나사렛국제병원,1408,C,14,12,17,58383152,3,5,14,2026-07-25T21:55:10.008571,15,22
2026-07-25 21:59:03,mediboard,대구광역시,0,0,A1400003,의료법인 루가의료재단 나은병원,1407,C,14,9,11,58383197,10,10,14,2026-07-25T21:55:10.008571,19,21
2026-07-25 21:59:03,mediboard,대구광역시,0,0,A1400007,의료법인 성수의료재단 인천백병원,1405,D,14,3,5,58383307,1,1,14,2026-07-25T21:55:10.008571,4,6
2026-07-25 21:59:03,mediboard,대구광역시,0,0,A1400014,의료법인인성의료재단한림병원,1402,C,14,14,17,58383424,4,4,14,2026-07-25T21:55:10.008571,18,21
2026-07-25 21:59:03,mediboard,대구광역시,0,0,A1400017,인천광역시의료원,1405,D,14,14,15,58383200,2,2,14,2026-07-25T21:55:10.008571,16,17
2026-07-25 21:59:03,mediboard,대구광역시,0,0,A1400037,인천광역시의료원백령병원,1409,D,14,5,5,58383311,1,1,14,2026-07-25T21:55:10.008571,6,6
2026-07-25 21:59:03,mediboard,대구광역시,0,0,A1400009,인천기독병원,1410,D,14,8,8,58383199,1,1,14,2026-07-25T21:55:10.008571,9,9
2026-07-25 21:59:03,mediboard,대구광역시,0,0,A1400016,인천사랑병원,1403,C,14,8,14,58383366,6,7,14,2026-07-25T21:55:10.008571,14,21
2026-07-25 21:59:03,mediboard,대구광역시,0,0,A1403372,인천세종병원,1402,C,14,12,18,58383367,3,3,14,2026-07-25T21:55:10.008571,15,21
2026-07-25 21:59:03,mediboard,대구광역시,0,0,A1400018,인천적십자병원,1408,D,14,8,8,58383310,2,2,14,2026-07-25T21:55:10.008571,10,10
2026-07-25 21:59:03,mediboard,대구광역시,0,0,A1403871,인천힘찬종합병원,1404,D,14,13,17,58383425,3,6,14,2026-07-25T21:55:10.008571,16,23
2026-07-25 21:59:03,mediboard,대구광역시,4,9,A1400002,인하대학교의과대학부속병원,1410,A,14,14,20,58383256,8,9,14,2026-07-25T21:55:10.008571,25,36
2026-07-25 21:59:03,mediboard,대구광역시,0,0,A1400004,현대유비스병원,1403,D,14,14,18,58383475,1,1,14,2026-07-25T21:55:10.008571,15,19
2026-07-25 21:59:03,mediboard,광주광역시,7,7,A1500019,KS병원,1501,C,15,7,15,58383426,3,3,15,2026-07-25T21:55:10.008571,17,25
2026-07-25 21:59:03,mediboard,광주광역시,0,0,A1500021,광주기독병원,1502,C,15,8,20,58383427,3,6,15,2026-07-25T21:55:10.008571,11,26
2026-07-25 21:59:03,mediboard,광주광역시,0,0,A1500015,광주병원,1504,D,15,1,10,58383155,1,1,15,2026-07-25T21:55:10.008571,2,11
2026-07-25 21:59:03,mediboard,광주광역시,0,0,A1500004,광주보훈병원,1501,D,15,10,14,58383257,2,2,15,2026-07-25T21:55:10.008571,12,16
2026-07-25 21:59:03,mediboard,광주광역시,0,0,A1502007,광주센트럴병원,1501,D,15,8,10,58383479,1,1,15,2026-07-25T21:55:10.008571,9,11
2026-07-25 21:59:03,mediboard,광주광역시,0,0,A1500018,광주수완병원,1501,D,15,5,9,58383156,0,1,15,2026-07-25T21:55:10.008571,5,10
2026-07-25 21:59:03,mediboard,광주광역시,0,0,A1500009,광주씨티병원,1502,D,15,5,10,58383153,1,1,15,2026-07-25T21:55:10.008571,6,11
2026-07-25 21:59:03,mediboard,광주광역시,0,0,A1500005,광주일곡병원,1504,D,15,3,9,58383519,1,1,15,2026-07-25T21:55:10.008571,4,10
2026-07-25 21:59:03,mediboard,광주광역시,0,0,A1500016,광주한국병원,1505,D,15,13,15,58383371,1,1,15,2026-07-25T21:55:10.008571,14,16
2026-07-25 21:59:03,mediboard,광주광역시,0,0,A1500003,광주현대병원,1504,D,15,1,9,58383369,2,2,15,2026-07-25T21:55:10.008571,3,11
2026-07-25 21:59:03,mediboard,광주광역시,0,0,A1500007,광주희망병원,1504,D,15,7,9,58383201,1,1,15,2026-07-25T21:55:10.008571,8,10
2026-07-25 21:59:03,mediboard,광주광역시,0,0,A1500013,동아병원,1502,D,15,8,9,58383154,1,1,15,2026-07-25T21:55:10.008571,9,10
2026-07-25 21:59:03,mediboard,광주광역시,0,0,A1500014,미래로21병원,1505,D,15,7,9,58383370,1,1,15,2026-07-25T21:55:10.008571,8,10
2026-07-25 21:59:03,mediboard,광주광역시,0,0,A1500022,상무병원,1505,D,15,6,9,58383478,1,1,15,2026-07-25T21:55:10.008571,7,10
2026-07-25 21:59:03,mediboard,광주광역시,2,2,A1500020,서광병원,1505,C,15,14,18,58383522,3,3,15,2026-07-25T21:55:10.008571,19,23
2026-07-25 21:59:03,mediboard,광주광역시,0,0,A1500006,신가병원,1501,D,15,8,9,58383520,2,2,15,2026-07-25T21:55:10.008571,10,11
2026-07-25 21:59:03,mediboard,광주광역시,0,0,A1500010,운암한국병원,1504,D,15,6,9,58383477,1,1,15,2026-07-25T21:55:10.008571,7,10
2026-07-25 21:59:03,mediboard,광주광역시,2,4,A1500002,전남대학교병원,1503,A,15,13,28,58383476,6,7,15,2026-07-25T21:55:10.008571,21,39
2026-07-25 21:59:03,mediboard,광주광역시,4,4,A1500001,조선대학교병원,1503,A,15,12,23,58383312,5,5,15,2026-07-25T21:55:10.008571,21,32
2026-07-25 21:59:03,mediboard,광주광역시,0,0,A1500011,첨단종합병원,1501,C,15,13,22,58383521,3,3,15,2026-07-25T21:55:10.008571,16,25
2026-07-25 21:59:03,mediboard,광주광역시,0,0,A1500017,하남성심병원,1501,D,15,10,19,58383313,1,2,15,2026-07-25T21:55:10.008571,11,21
2026-07-25 21:59:03,mediboard,대전광역시,0,0,A1600004,대전보훈병원,1601,D,16,7,7,58383157,2,2,16,2026-07-25T21:55:10.008571,9,9
2026-07-25 21:59:03,mediboard,대전광역시,0,0,A1600003,대전한국병원,1602,D,16,6,9,58383314,1,1,16,2026-07-25T21:55:10.008571,7,10
2026-07-25 21:59:03,mediboard,대전광역시,0,0,A1602246,대청병원,1603,D,16,7,9,58383428,1,1,16,2026-07-25T21:55:10.008571,8,10
2026-07-25 21:59:03,mediboard,대전광역시,0,0,A1600008,의료법인영훈의료재단대전선병원,1605,C,16,14,17,58383315,4,9,16,2026-07-25T21:55:10.008571,18,26
2026-07-25 21:59:03,mediboard,대전광역시,0,0,A1600007,의료법인영훈의료재단유성선병원,1604,C,16,8,17,58383203,3,7,16,2026-07-25T21:55:10.008571,11,24
2026-07-25 21:59:03,mediboard,대전광역시,1,6,A1600001,충남대학교병원,1605,A,16,6,28,58383258,5,5,16,2026-07-25T21:55:10.008571,12,39
2026-07-25 21:59:03,mediboard,대전광역시,0,0,A1600005,학교법인가톨릭학원가톨릭대학교대전성모병원,1605,C,16,16,19,58383523,3,3,16,2026-07-25T21:55:10.008571,19,22
2026-07-25 21:59:03,mediboard,대전광역시,0,5,A1600006,학교법인건양교육재단건양대학교병원,1603,A,16,13,24,58383202,5,5,16,2026-07-25T21:55:10.008571,18,34
2026-07-25 21:59:03,mediboard,대전광역시,0,0,A1600002,학교법인을지학원대전을지대학교병원,1603,C,16,18,23,58383480,6,6,16,2026-07-25T21:55:10.008571,24,29
2026-07-25 21:59:03,mediboard,울산광역시,0,0,A1700001,서울산보람병원,1704,D,17,7,10,58383204,1,1,17,2026-07-25T21:55:10.008571,8,11
2026-07-25 21:59:03,mediboard,울산광역시,0,0,A1700003,울산병원,1701,C,17,18,19,58383372,3,3,17,2026-07-25T21:55:10.008571,21,22
2026-07-25 21:59:03,mediboard,울산광역시,0,0,A1700002,의료법인동강의료재단동강병원,1705,C,17,17,24,58383429,3,3,17,2026-07-25T21:55:10.008571,20,27
2026-07-25 21:59:03,mediboard,울산광역시,0,0,A1700025,의료법인송은의료재단울산시티병원,1703,C,17,14,17,58383373,3,3,17,2026-07-25T21:55:10.008571,17,20
2026-07-25 21:59:03,mediboard,울산광역시,0,0,A1700011,의료법인은성의료재단좋은삼정병원,1701,D,17,6,9,58383430,1,1,17,2026-07-25T21:55:10.008571,7,10
2026-07-25 21:59:03,mediboard,울산광역시,0,0,A1700028,의료법인정안의료재단중앙병원,1701,C,17,9,17,58383259,3,3,17,2026-07-25T21:55:10.008571,12,20
2026-07-25 21:59:03,mediboard,울산광역시,5,8,A1700004,학교법인울산공업학원울산대학교병원,1702,A,17,5,23,58383316,5,6,17,2026-07-25T21:55:10.008571,15,37
2026-07-25 21:59:03,mediboard,경기도,0,0,A2100019,(의)영문의료재단다보스병원,2136,C,21,4,13,58383160,7,7,21,2026-07-25T21:55:10.008571,11,20
2026-07-25 21:59:03,mediboard,경기도,0,0,A2100122,(의)효심의료재단용인서울병원,2136,D,21,9,10,58383532,0,0,21,2026-07-25T21:55:10.008571,9,10
2026-07-25 21:59:03,mediboard,경기도,0,0,A2100052,가톨릭대학교부천성모병원,2113,C,21,13,31,58383165,6,6,21,2026-07-25T21:55:10.008571,19,37
2026-07-25 21:59:03,mediboard,경기도,8,8,A2100012,가톨릭대학교성빈센트병원,2122,C,21,16,28,58383317,5,6,21,2026-07-25T21:55:10.008571,27,40
2026-07-25 21:59:03,mediboard,경기도,11,11,A2100040,가톨릭대학교의정부성모병원,2138,A,21,31,44,58383212,6,6,21,2026-07-25T21:55:10.008571,48,61
2026-07-25 21:59:03,mediboard,경기도,0,0,A2100029,강남병원,2134,C,21,17,17,58383433,3,3,21,2026-07-25T21:55:10.008571,20,20
2026-07-25 21:59:03,mediboard,경기도,0,0,A2100032,경기도의료원수원병원,2121,D,21,7,8,58383375,5,5,21,2026-07-25T21:55:10.008571,12,13
2026-07-25 21:59:03,mediboard,경기도,0,0,A2100045,경기도의료원안성병원,2126,D,21,11,14,58383376,1,5,21,2026-07-25T21:55:10.008571,12,19
2026-07-25 21:59:03,mediboard,경기도,0,0,A2100043,경기도의료원의정부병원,2138,D,21,8,10,58383528,1,1,21,2026-07-25T21:55:10.008571,9,11
2026-07-25 21:59:03,mediboard,경기도,0,0,A2100193,경기도의료원이천병원,2139,C,21,10,17,58383214,3,3,21,2026-07-25T21:55:10.008571,13,20
2026-07-25 21:59:03,mediboard,경기도,0,0,A2100035,경기도의료원파주병원,2140,C,21,14,17,58383163,3,3,21,2026-07-25T21:55:10.008571,17,20
2026-07-25 21:59:03,mediboard,경기도,0,0,A2100031,경기도의료원포천병원,2142,C,21,15,17,58383320,3,3,21,2026-07-25T21:55:10.008571,18,20
2026-07-25 21:59:03,mediboard,경기도,4,4,A2100003,고려대학교의과대학부속안산병원,2124,A,21,7,22,58383207,6,8,21,2026-07-25T21:55:10.008571,17,34
2026-07-25 21:59:03,mediboard,경기도,4,4,A2100007,광명성애병원,2106,C,21,1,11,58383482,4,5,21,2026-07-25T21:55:10.008571,9,20
2026-07-25 21:59:03,mediboard,경기도,0,0,A2100258,국군수도병원,2116,D,21,11,16,58383435,0,2,21,2026-07-25T21:55:10.008571,11,18
2026-07-25 21:59:03,mediboard,경기도,0,0,A2100049,국립암센터,2103,D,21,15,24,58383322,1,1,21,2026-07-25T21:55:10.008571,16,25
2026-07-25 21:59:03,mediboard,경기도,1,5,A2100033,국민건강보험공단일산병원,2103,A,21,9,23,58383526,3,5,21,2026-07-25T21:55:10.008571,13,33
2026-07-25 21:59:03,mediboard,경기도,0,0,A2100014,근로복지공단안산병원,2125,D,21,3,7,58383261,1,1,21,2026-07-25T21:55:10.008571,4,8
2026-07-25 21:59:03,mediboard,경기도,0,0,A2100041,남양주한양병원,2111,C,21,12,17,58383527,3,3,21,2026-07-25T21:55:10.008571,15,20
2026-07-25 21:59:03,mediboard,경기도,0,0,A2100017,대아의료재단한도병원,2124,C,21,13,17,58383262,3,3,21,2026-07-25T21:55:10.008571,16,20
2026-07-25 21:59:03,mediboard,경기도,3,3,A2100025,대진의료재단분당제생병원,2116,C,21,7,24,58383484,3,3,21,2026-07-25T21:55:10.008571,13,30
2026-07-25 21:59:03,mediboard,경기도,3,3,A2100047,동국대학교일산불교병원,2103,C,21,14,19,58383321,7,7,21,2026-07-25T21:55:10.008571,24,29
2026-07-25 21:59:03,mediboard,경기도,0,0,A2100131,메디인병원,2140,D,21,5,12,58383486,2,2,21,2026-07-25T21:55:10.008571,7,14
2026-07-25 21:59:03,mediboard,경기도,0,0,A2121142,메디필드한강병원,2136,D,21,13,17,58383491,3,3,21,2026-07-25T21:55:10.008571,16,20
2026-07-25 21:59:03,mediboard,경기도,0,0,A2100055,부천세종병원,2113,C,21,11,17,58383267,2,3,21,2026-07-25T21:55:10.008571,13,20
2026-07-25 21:59:03,mediboard,경기도,1,5,A2100001,분당서울대학교병원,2116,A,21,-8,30,58383206,5,5,21,2026-07-25T21:55:10.008571,-2,40
2026-07-25 21:59:03,mediboard,경기도,6,6,A2116806,성남시의료원,2117,C,21,15,17,58383490,6,6,21,2026-07-25T21:55:10.008571,27,29
2026-07-25 21:59:03,mediboard,경기도,0,0,A2100194,세종여주병원,2131,D,21,0,6,58383166,10,10,21,2026-07-25T21:55:10.008571,10,16
2026-07-25 21:59:03,mediboard,경기도,0,0,A2100016,순천의료재단성남정병원,2117,D,21,9,9,58383210,2,2,21,2026-07-25T21:55:10.008571,11,11
2026-07-25 21:59:03,mediboard,경기도,5,5,A2100005,순천향대학교부속부천병원,2113,A,21,3,17,58383159,3,5,21,2026-07-25T21:55:10.008571,11,27
2026-07-25 21:59:03,mediboard,경기도,11,14,A2100002,아주대학교병원,2120,A,21,7,32,58383260,10,13,21,2026-07-25T21:55:10.008571,23,54
2026-07-25 21:59:03,mediboard,경기도,0,0,A2100305,안성성모병원,2126,D,21,8,9,58383489,0,1,21,2026-07-25T21:55:10.008571,8,10
2026-07-25 21:59:03,mediboard,경기도,0,0,A2100089,양평병원,2130,D,21,7,9,58383378,1,1,21,2026-07-25T21:55:10.008571,8,10
2026-07-25 21:59:03,mediboard,경기도,0,0,A2118188,엘병원,2111,D,21,5,8,58383380,2,2,21,2026-07-25T21:55:10.008571,7,10
2026-07-25 21:59:03,mediboard,경기도,6,6,A2100020,연세대학교의과대학용인세브란스병원,2134,C,21,9,16,58383524,3,4,21,2026-07-25T21:55:10.008571,18,26
2026-07-25 21:59:03,mediboard,경기도,0,0,E2100187,연천군보건의료원,2132,D,21,8,10,58383184,0,0,21,2026-07-25T21:55:10.008571,8,10
2026-07-25 21:59:03,mediboard,경기도,0,0,A2100024,오산한국병원,2133,C,21,10,17,58383525,2,3,21,2026-07-25T21:55:10.008571,12,20
2026-07-25 21:59:03,mediboard,경기도,0,0,A2100048,원광대학교산본병원,2109,C,21,15,17,58383266,2,3,21,2026-07-25T21:55:10.008571,17,20
2026-07-25 21:59:03,mediboard,경기도,0,0,A2100013,의료법인 록향의료재단 신천연합병원,2123,D,21,5,10,58383483,1,1,21,2026-07-25T21:55:10.008571,6,11
2026-07-25 21:59:03,mediboard,경기도,0,0,A2100036,의료법인 일심의료재단 포천우리병원,2142,D,21,15,18,58383265,4,4,21,2026-07-25T21:55:10.008571,19,22
2026-07-25 21:59:03,mediboard,경기도,0,0,A2100309,의료법인갈렌의료재단박병원,2141,D,21,7,10,58383324,1,1,21,2026-07-25T21:55:10.008571,8,11
2026-07-25 21:59:03,mediboard,경기도,5,5,A2100008,의료법인남촌의료재단시화병원,2123,C,21,15,16,58383208,6,6,21,2026-07-25T21:55:10.008571,26,27
2026-07-25 21:59:03,mediboard,경기도,0,0,A2100009,의료법인녹산의료재단동수원병원,2122,C,21,11,17,58383374,3,3,21,2026-07-25T21:55:10.008571,14,20
2026-07-25 21:59:03,mediboard,경기도,0,0,A2100050,의료법인대인의료재단다니엘종합병원,2113,D,21,6,6,58383530,4,4,21,2026-07-25T21:55:10.008571,10,10
2026-07-25 21:59:03,mediboard,경기도,3,3,A2121061,의료법인덕산의료재단수원덕산병원,2119,D,21,18,24,58383533,3,3,21,2026-07-25T21:55:10.008571,24,30
2026-07-25 21:59:03,mediboard,경기도,0,0,A2117135,의료법인명인의료재단화홍병원,2119,C,21,8,15,58383269,5,5,21,2026-07-25T21:55:10.008571,13,20
2026-07-25 21:59:03,mediboard,경기도,3,3,A2100042,의료법인명지의료재단명지병원,2102,A,21,4,15,58383485,11,11,21,2026-07-25T21:55:10.008571,15,26
2026-07-25 21:59:03,mediboard,경기도,0,0,A2100022,의료법인박애의료재단박애병원,2141,D,21,10,10,58383263,1,1,21,2026-07-25T21:55:10.008571,11,11
2026-07-25 21:59:03,mediboard,경기도,0,0,A2100028,의료법인백송의료재단굿모닝병원,2141,C,21,9,19,58383264,9,9,21,2026-07-25T21:55:10.008571,18,28
2026-07-25 21:59:03,mediboard,경기도,0,0,A2100027,의료법인석경의료재단센트럴병원,2123,D,21,16,18,58383319,3,3,21,2026-07-25T21:55:10.008571,19,21
2026-07-25 21:59:03,mediboard,경기도,0,0,A2116972,의료법인성광의료재단일산차병원,2103,D,21,4,6,58383268,0,4,21,2026-07-25T21:55:10.008571,4,10
2026-07-25 21:59:03,mediboard,경기도,0,0,A2113246,의료법인양진의료재단평택성모병원,2141,C,21,10,17,58383325,3,3,21,2026-07-25T21:55:10.008571,13,20
2026-07-25 21:59:03,mediboard,경기도,0,0,A2100034,의료법인영동의료재단의정부백병원,2138,D,21,8,10,58383162,2,2,21,2026-07-25T21:55:10.008571,10,12
2026-07-25 21:59:03,mediboard,경기도,0,0,A2100053,의료법인우리의료재단김포우리병원,2110,C,21,3,22,58383377,7,7,21,2026-07-25T21:55:10.008571,10,29
2026-07-25 21:59:03,mediboard,경기도,0,0,A2115699,의료법인원광의료재단원광종합병원,2146,D,21,7,9,58383215,1,1,21,2026-07-25T21:55:10.008571,8,10
2026-07-25 21:59:03,mediboard,경기도,0,0,A2100018,의료법인은혜와감사의료재단화성중앙종합병원,2144,D,21,8,9,58383432,1,1,21,2026-07-25T21:55:10.008571,9,10
2026-07-25 21:59:03,mediboard,경기도,0,0,A2100006,의료법인인봉의료재단뉴고려병원,2110,C,21,13,14,58383481,6,6,21,2026-07-25T21:55:10.008571,19,20
2026-07-25 21:59:03,mediboard,경기도,0,0,A2100290,의료법인자인의료재단(더자인병원),2102,D,21,14,16,58383323,4,4,21,2026-07-25T21:55:10.008571,18,20
2026-07-25 21:59:03,mediboard,경기도,0,0,A2100124,의료법인칠석의료재단사랑의병원,2125,D,21,7,13,58383213,1,1,21,2026-07-25T21:55:10.008571,8,14
2026-07-25 21:59:03,mediboard,경기도,0,0,A2100175,의료법인토마스의료재단윌스기념병원,2122,D,21,12,18,58383488,3,3,21,2026-07-25T21:55:10.008571,15,21
2026-07-25 21:59:03,mediboard,경기도,0,0,A2100021,의료법인플러스의료재단단원병원,2124,D,21,13,17,58383318,3,3,21,2026-07-25T21:55:10.008571,16,20
2026-07-25 21:59:03,mediboard,경기도,0,4,A2100038,인제대학교일산백병원,2104,C,21,15,34,58383434,3,6,21,2026-07-25T21:55:10.008571,18,44
2026-07-25 21:59:03,mediboard,경기도,0,0,A2118788,중앙대학교광명병원,2106,C,21,9,21,58383167,3,3,21,2026-07-25T21:55:10.008571,12,24
2026-07-25 21:59:03,mediboard,경기도,1,13,A2100030,차의과학대학교분당차병원,2116,A,21,1,22,58383161,7,7,21,2026-07-25T21:55:10.008571,7,40
2026-07-25 21:59:03,mediboard,경기도,1,1,A2100155,참조은병원,2107,C,21,-2,9,58383487,10,10,21,2026-07-25T21:55:10.008571,9,20
2026-07-25 21:59:03,mediboard,경기도,0,0,A2100150,추병원,2138,D,21,11,12,58383379,2,2,21,2026-07-25T21:55:10.008571,13,14
2026-07-25 21:59:03,mediboard,경기도,6,6,A2117994,학교법인을지학원의정부을지대학교병원,2138,C,21,28,30,58383270,10,11,21,2026-07-25T21:55:10.008571,44,47
2026-07-25 21:59:03,mediboard,경기도,9,9,A2100046,한림대학교동탄성심병원,2147,C,21,16,32,58383529,3,3,21,2026-07-25T21:55:10.008571,28,44
2026-07-25 21:59:03,mediboard,경기도,2,3,A2100004,한림대학교성심병원,2127,A,21,9,25,58383158,9,11,21,2026-07-25T21:55:10.008571,20,39
2026-07-25 21:59:03,mediboard,경기도,0,0,A2100039,한양대학교구리병원,2108,C,21,2,18,58383211,4,5,21,2026-07-25T21:55:10.008571,6,23
2026-07-25 21:59:03,mediboard,경기도,0,0,A2100037,현대병원,2111,C,21,7,17,58383164,3,3,21,2026-07-25T21:55:10.008571,10,20
2026-07-25 21:59:03,mediboard,경기도,0,0,A2100015,효산의료재단안양샘병원,2128,C,21,12,17,58383209,3,3,21,2026-07-25T21:55:10.008571,15,20
2026-07-25 21:59:03,mediboard,경기도,0,0,A2100054,효산의료재단지샘병원,2109,C,21,14,18,58383531,4,4,21,2026-07-25T21:55:10.008571,18,22
2026-07-25 21:59:03,mediboard,강원특별자치도,3,3,A2200008,강릉아산병원,2201,A,22,10,23,58383381,5,5,22,2026-07-25T21:55:10.008571,18,31
2026-07-25 21:59:03,mediboard,강원특별자치도,3,3,A2200009,강원대학교병원,2213,C,22,10,21,58383534,5,5,22,2026-07-25T21:55:10.008571,18,29
2026-07-25 21:59:03,mediboard,강원특별자치도,0,0,A2200011,강원특별자치도강릉의료원,2201,D,22,2,5,58383327,1,1,22,2026-07-25T21:55:10.008571,3,6
2026-07-25 21:59:03,mediboard,강원특별자치도,0,1,A2200007,강원특별자치도삼척의료원,2204,C,22,13,16,58383168,3,5,22,2026-07-25T21:55:10.008571,16,22
2026-07-25 21:59:03,mediboard,강원특별자치도,0,0,A2200012,강원특별자치도속초의료원,2205,C,22,17,17,58383535,3,3,22,2026-07-25T21:55:10.008571,20,20
2026-07-25 21:59:03,mediboard,강원특별자치도,0,0,A2200002,강원특별자치도영월의료원,2208,D,22,6,9,58383216,1,1,22,2026-07-25T21:55:10.008571,7,10
2026-07-25 21:59:03,mediboard,강원특별자치도,0,0,A2200015,강원특별자치도원주의료원,2209,D,22,8,17,58383329,3,3,22,2026-07-25T21:55:10.008571,11,20
2026-07-25 21:59:03,mediboard,강원특별자치도,0,0,A2200048,근로복지공단정선병원,2211,D,22,3,5,58383272,1,1,22,2026-07-25T21:55:10.008571,4,6
2026-07-25 21:59:03,mediboard,강원특별자치도,0,0,A2200004,근로복지공단태백병원,2214,D,22,9,9,58383271,1,1,22,2026-07-25T21:55:10.008571,10,10
2026-07-25 21:59:03,mediboard,강원특별자치도,2,3,A2200001,연세대학교원주세브란스기독병원,2209,A,22,22,31,58383326,28,45,22,2026-07-25T21:55:10.008571,52,79
2026-07-25 21:59:03,mediboard,강원특별자치도,0,0,A2200005,의료법인강릉동인병원,2201,C,22,15,17,58383437,3,3,22,2026-07-25T21:55:10.008571,18,20
2026-07-25 21:59:03,mediboard,강원특별자치도,0,0,A2200003,의료법인동해동인병원,2203,D,22,8,10,58383436,1,1,22,2026-07-25T21:55:10.008571,9,11
2026-07-25 21:59:03,mediboard,강원특별자치도,0,0,A2200037,의료법인성심의료재단양구성심병원,2206,D,22,3,5,58383536,1,1,22,2026-07-25T21:55:10.008571,4,6
2026-07-25 21:59:03,mediboard,강원특별자치도,0,0,A2200024,의료법인성지의료재단성지병원,2209,D,22,5,7,58383383,1,1,22,2026-07-25T21:55:10.008571,6,8
2026-07-25 21:59:03,mediboard,강원특별자치도,0,0,A2200046,의료법인온세움의료재단온재병원,2205,D,22,2,9,58383537,1,1,22,2026-07-25T21:55:10.008571,3,10
2026-07-25 21:59:03,mediboard,강원특별자치도,0,0,A2201730,철원병원,2212,D,22,4,5,58383217,1,1,22,2026-07-25T21:55:10.008571,5,6
2026-07-25 21:59:03,mediboard,강원특별자치도,0,0,E2200026,평창군보건의료원,2215,D,22,6,6,58383293,1,1,22,2026-07-25T21:55:10.008571,7,7
2026-07-25 21:59:03,mediboard,강원특별자치도,2,3,A2200013,한림대학교춘천성심병원,2213,A,22,12,22,58383169,5,5,22,2026-07-25T21:55:10.008571,19,30
2026-07-25 21:59:03,mediboard,강원특별자치도,0,0,A2200014,홍천아산병원,2216,D,22,9,10,58383328,0,0,22,2026-07-25T21:55:10.008571,9,10
2026-07-25 21:59:03,mediboard,강원특별자치도,0,0,E2200025,화천군보건의료원,2217,D,22,7,7,58383408,1,1,22,2026-07-25T21:55:10.008571,8,8
2026-07-25 21:59:03,mediboard,강원특별자치도,0,0,A2200016,횡성대성병원,2218,D,22,9,9,58383382,1,1,22,2026-07-25T21:55:10.008571,10,10
2026-07-25 21:59:03,mediboard,충청북도,0,0,A2300010,건국대학교충주병원,2314,C,23,17,20,58383538,3,3,23,2026-07-25T21:55:10.008571,20,23
2026-07-25 21:59:03,mediboard,충청북도,0,0,E2300011,단양군보건의료원,2302,D,23,6,6,58383241,1,2,23,2026-07-25T21:55:10.008571,7,8
2026-07-25 21:59:03,mediboard,충청북도,0,0,A2300013,의료법인 건명의료재단 중앙제일병원,2309,C,23,11,17,58383438,3,5,23,2026-07-25T21:55:10.008571,14,22
2026-07-25 21:59:03,mediboard,충청북도,0,0,A2300034,의료법인대광의료재단괴산성모병원,2301,D,23,9,9,58383332,0,1,23,2026-07-25T21:55:10.008571,9,10
2026-07-25 21:59:03,mediboard,충청북도,2,3,A2300009,의료법인명지의료재단명지병원,2307,C,23,8,18,58383331,6,6,23,2026-07-25T21:55:10.008571,16,27
2026-07-25 21:59:03,mediboard,충청북도,0,0,A2300007,의료법인인화재단한국병원,2310,C,23,7,14,58383330,6,6,23,2026-07-25T21:55:10.008571,13,20
2026-07-25 21:59:03,mediboard,충청북도,0,0,A2300005,의료법인자산의료재단제천서울병원,2307,C,23,14,15,58383220,5,5,23,2026-07-25T21:55:10.008571,19,20
2026-07-25 21:59:03,mediboard,충청북도,0,0,A2300003,의료법인정산의료재단효성병원,2310,C,23,15,18,58383219,5,5,23,2026-07-25T21:55:10.008571,20,23
2026-07-25 21:59:03,mediboard,충청북도,0,0,A2300030,의료법인조윤의료재단영동병원,2304,D,23,9,10,58383439,0,0,23,2026-07-25T21:55:10.008571,9,10
2026-07-25 21:59:03,mediboard,충청북도,0,0,A2300002,의료법인한마음의료재단하나병원,2313,C,23,6,11,58383170,11,12,23,2026-07-25T21:55:10.008571,17,23
2026-07-25 21:59:03,mediboard,충청북도,0,0,A2300011,의료법인힐링의료재단옥천성모병원,2305,D,23,7,7,58383492,3,3,23,2026-07-25T21:55:10.008571,10,10
2026-07-25 21:59:03,mediboard,충청북도,0,0,A2300008,청주성모병원,2312,C,23,7,15,58383171,6,10,23,2026-07-25T21:55:10.008571,13,25
2026-07-25 21:59:03,mediboard,충청북도,7,8,A2300001,충북대학교병원,2311,A,23,30,32,58383218,5,5,23,2026-07-25T21:55:10.008571,42,45
2026-07-25 21:59:03,mediboard,충청북도,0,0,A2300006,충청북도청주의료원,2311,D,23,10,12,58383274,4,4,23,2026-07-25T21:55:10.008571,14,16
2026-07-25 21:59:03,mediboard,충청북도,0,0,A2300004,충청북도충주의료원,2314,D,23,15,18,58383273,3,3,23,2026-07-25T21:55:10.008571,18,21
2026-07-25 21:59:03,mediboard,충청남도,1,4,A2400002,단국대학교의과대학부속병원,2412,A,24,13,27,58383222,4,5,24,2026-07-25T21:55:10.008571,18,36
2026-07-25 21:59:03,mediboard,충청남도,0,0,A2400008,당진종합병원,2405,C,24,11,17,58383223,3,3,24,2026-07-25T21:55:10.008571,14,20
2026-07-25 21:59:03,mediboard,충청남도,0,4,A2400003,서산중앙병원,2408,C,24,5,17,58383172,3,3,24,2026-07-25T21:55:10.008571,8,24
2026-07-25 21:59:03,mediboard,충청남도,0,0,A2402257,아산충무병원,2410,C,24,8,13,58383539,8,8,24,2026-07-25T21:55:10.008571,16,21
2026-07-25 21:59:03,mediboard,충청남도,0,0,A2400044,의료법인 서해병원,2409,D,24,5,5,58383224,2,2,24,2026-07-25T21:55:10.008571,7,7
2026-07-25 21:59:03,mediboard,충청남도,0,0,A2400004,의료법인 예당의료재단 예산종합병원,2411,D,24,3,6,58383384,1,1,24,2026-07-25T21:55:10.008571,4,7
2026-07-25 21:59:03,mediboard,충청남도,0,0,A2400009,의료법인백제병원,2404,C,24,14,20,58383174,3,3,24,2026-07-25T21:55:10.008571,17,23
2026-07-25 21:59:03,mediboard,충청남도,0,0,A2400012,의료법인영서의료재단천안충무병원,2413,C,24,11,16,58383333,5,5,24,2026-07-25T21:55:10.008571,16,21
2026-07-25 21:59:03,mediboard,충청남도,0,0,A2400011,재단법인아산사회복지재단보령아산병원,2406,C,24,15,17,58383275,3,3,24,2026-07-25T21:55:10.008571,18,20
2026-07-25 21:59:03,mediboard,충청남도,0,0,E2400032,청양군보건의료원,2414,D,24,5,6,58383350,1,1,24,2026-07-25T21:55:10.008571,6,7
2026-07-25 21:59:03,mediboard,충청남도,0,0,A2400010,충청남도공주의료원,2402,D,24,12,15,58383175,1,1,24,2026-07-25T21:55:10.008571,13,16
2026-07-25 21:59:03,mediboard,충청남도,0,0,A2400006,충청남도서산의료원,2408,C,24,12,17,58383173,3,3,24,2026-07-25T21:55:10.008571,15,20
2026-07-25 21:59:03,mediboard,충청남도,0,0,A2400005,충청남도천안의료원,2412,D,24,11,12,58383440,1,2,24,2026-07-25T21:55:10.008571,12,14
2026-07-25 21:59:03,mediboard,충청남도,-1,1,A2400007,충청남도홍성의료원,2416,C,24,9,18,58383493,3,3,24,2026-07-25T21:55:10.008571,11,22
2026-07-25 21:59:03,mediboard,충청남도,0,0,E2400033,태안군보건의료원,2415,D,24,10,10,58383185,1,1,24,2026-07-25T21:55:10.008571,11,11
2026-07-25 21:59:03,mediboard,충청남도,0,0,A2400038,학교법인건양교육재단건양대학교부여병원,2407,D,24,8,9,58383334,1,1,24,2026-07-25T21:55:10.008571,9,10
2026-07-25 21:59:03,mediboard,충청남도,13,18,A2400001,학교법인동은학원순천향대학교부속천안병원,2412,A,24,14,22,58383221,11,11,24,2026-07-25T21:55:10.008571,34,47
2026-07-25 21:59:03,mediboard,충청남도,0,0,A2400039,현대병원,2410,D,24,6,10,58383441,1,1,24,2026-07-25T21:55:10.008571,7,11
2026-07-25 21:59:03,mediboard,전북특별자치도,0,0,A2500038,김제우석병원,2503,D,25,9,10,58383176,1,1,25,2026-07-25T21:55:10.008571,10,11
2026-07-25 21:59:03,mediboard,전북특별자치도,0,0,A2500056,대자인병원,2512,C,25,24,33,58383336,3,3,25,2026-07-25T21:55:10.008571,27,36
2026-07-25 21:59:03,mediboard,전북특별자치도,0,0,E2500019,무주군보건의료원,2505,D,25,4,4,58383508,1,1,25,2026-07-25T21:55:10.008571,5,5
2026-07-25 21:59:03,mediboard,전북특별자치도,0,0,A2500010,부안성모병원,2506,D,25,3,10,58383443,2,2,25,2026-07-25T21:55:10.008571,5,12
2026-07-25 21:59:03,mediboard,전북특별자치도,2,3,A2502742,새강병원,2513,D,25,12,14,58383542,3,3,25,2026-07-25T21:55:10.008571,17,20
2026-07-25 21:59:03,mediboard,전북특별자치도,0,0,E2500021,순창군보건의료원,2507,D,25,9,9,58383242,1,1,25,2026-07-25T21:55:10.008571,10,10
2026-07-25 21:59:03,mediboard,전북특별자치도,3,3,A2500001,원광대학교병원,2509,A,25,9,28,58383540,5,5,25,2026-07-25T21:55:10.008571,17,36
2026-07-25 21:59:03,mediboard,전북특별자치도,0,0,A2500011,의료법인대산의료재단익산병원,2509,C,25,13,17,58383335,3,3,25,2026-07-25T21:55:10.008571,16,20
2026-07-25 21:59:03,mediboard,전북특별자치도,0,0,A2500009,의료법인석천재단고창병원,2501,D,25,7,10,58383494,1,1,25,2026-07-25T21:55:10.008571,8,11
2026-07-25 21:59:03,mediboard,전북특별자치도,0,0,A2500005,의료법인영경의료재단전주병원,2513,C,25,9,17,58383386,3,3,25,2026-07-25T21:55:10.008571,12,20
2026-07-25 21:59:03,mediboard,전북특별자치도,0,0,A2501890,의료법인영경의료재단호성전주병원,2512,D,25,7,9,58383276,1,1,25,2026-07-25T21:55:10.008571,8,10
2026-07-25 21:59:03,mediboard,전북특별자치도,0,0,A2500012,의료법인오성의료재단동군산병원,2502,C,25,15,17,58383541,6,6,25,2026-07-25T21:55:10.008571,21,23
2026-07-25 21:59:03,mediboard,전북특별자치도,0,0,E2500022,임실군보건의료원,2510,D,25,1,4,58383509,1,1,25,2026-07-25T21:55:10.008571,2,5
2026-07-25 21:59:03,mediboard,전북특별자치도,0,0,E2500020,장수군보건의료원,2511,D,25,5,5,58383351,1,1,25,2026-07-25T21:55:10.008571,6,6
2026-07-25 21:59:03,mediboard,전북특별자치도,0,0,A2500008,재단법인 아산사회복지재단 정읍아산병원,2514,C,25,13,17,58383226,3,3,25,2026-07-25T21:55:10.008571,16,20
2026-07-25 21:59:03,mediboard,전북특별자치도,7,12,A2500006,재단법인예수병원유지재단예수병원,2513,C,25,24,38,58383225,5,5,25,2026-07-25T21:55:10.008571,34,53
2026-07-25 21:59:03,mediboard,전북특별자치도,4,5,A2500002,전북대학교병원,2512,A,25,17,36,58383442,7,7,25,2026-07-25T21:55:10.008571,28,48
2026-07-25 21:59:03,mediboard,전북특별자치도,0,0,A2500007,전북특별자치도군산의료원,2502,C,25,8,17,58383387,3,3,25,2026-07-25T21:55:10.008571,11,20
2026-07-25 21:59:03,mediboard,전북특별자치도,0,0,A2500004,전북특별자치도남원의료원,2504,C,25,15,17,58383385,3,3,25,2026-07-25T21:55:10.008571,18,20
2026-07-25 21:59:03,mediboard,전북특별자치도,0,0,A2502031,진안군의료원,2515,D,25,6,6,58383444,2,2,25,2026-07-25T21:55:10.008571,8,8
2026-07-25 21:59:03,mediboard,전라남도,0,0,A2600029,곡성사랑병원,2603,D,26,4,5,58383446,1,1,26,2026-07-25T21:55:10.008571,5,6
2026-07-25 21:59:03,mediboard,전라남도,0,0,A2600006,광양사랑병원,2604,D,26,8,9,58383178,1,1,26,2026-07-25T21:55:10.008571,9,10
2026-07-25 21:59:03,mediboard,전라남도,0,0,A2600061,구례병원,2605,D,26,10,10,58383497,0,0,26,2026-07-25T21:55:10.008571,10,10
2026-07-25 21:59:03,mediboard,전라남도,0,0,A2600016,나주종합병원,2606,D,26,8,10,58383389,0,0,26,2026-07-25T21:55:10.008571,8,10
2026-07-25 21:59:03,mediboard,전라남도,0,0,A2600054,담양사랑병원,2607,D,26,6,6,58383393,2,2,26,2026-07-25T21:55:10.008571,8,8
2026-07-25 21:59:03,mediboard,전라남도,0,0,A2600003,대송의료재단무안병원,2609,D,26,1,4,58383495,1,1,26,2026-07-25T21:55:10.008571,2,5
2026-07-25 21:59:03,mediboard,전라남도,0,0,A2600020,목포기독병원,2608,D,26,13,17,58383228,3,3,26,2026-07-25T21:55:10.008571,16,20
2026-07-25 21:59:03,mediboard,전라남도,0,0,A2600022,목포시의료원,2608,D,26,7,9,58383546,1,1,26,2026-07-25T21:55:10.008571,8,10
2026-07-25 21:59:03,mediboard,전라남도,3,3,A2600011,목포한국병원,2608,A,26,12,18,58383337,5,5,26,2026-07-25T21:55:10.008571,20,26
2026-07-25 21:59:03,mediboard,전라남도,0,0,A2600052,보성아산병원,2610,D,26,8,8,58383550,1,1,26,2026-07-25T21:55:10.008571,9,9
2026-07-25 21:59:03,mediboard,전라남도,0,0,A2602211,빛가람종합병원,2606,D,26,4,9,58383280,1,1,26,2026-07-25T21:55:10.008571,5,10
2026-07-25 21:59:03,mediboard,전라남도,1,4,A2600019,성가롤로병원,2611,A,26,2,18,58383390,5,5,26,2026-07-25T21:55:10.008571,8,27
2026-07-25 21:59:03,mediboard,전라남도,0,0,A2600008,순천제일병원,2611,D,26,7,9,58383445,1,1,26,2026-07-25T21:55:10.008571,8,10
2026-07-25 21:59:03,mediboard,전라남도,0,0,A2600004,순천중앙병원,2611,D,26,3,5,58383388,1,1,26,2026-07-25T21:55:10.008571,4,6
2026-07-25 21:59:03,mediboard,전라남도,0,0,A2600010,여수전남병원,2613,D,26,7,10,58383544,1,1,26,2026-07-25T21:55:10.008571,8,11
2026-07-25 21:59:03,mediboard,전라남도,0,0,A2600014,여천전남병원,2613,C,26,11,17,58383227,3,3,26,2026-07-25T21:55:10.008571,14,20
2026-07-25 21:59:03,mediboard,전라남도,0,0,A2600015,영광종합병원,2614,D,26,6,10,58383496,3,3,26,2026-07-25T21:55:10.008571,9,13
2026-07-25 21:59:03,mediboard,전라남도,0,0,A2600070,영암한국병원,2615,D,26,8,8,58383498,0,1,26,2026-07-25T21:55:10.008571,8,9
2026-07-25 21:59:03,mediboard,전라남도,0,0,A2600032,완도대성병원,2616,D,26,0,5,58383339,1,1,26,2026-07-25T21:55:10.008571,1,6
2026-07-25 21:59:03,mediboard,전라남도,0,0,A2600034,의료법인 거명의료재단 영광기독병원,2614,D,26,8,10,58383392,1,1,26,2026-07-25T21:55:10.008571,9,11
2026-07-25 21:59:03,mediboard,전라남도,0,0,A2600017,의료법인목포구암의료재단목포중앙병원,2608,C,26,10,16,58383278,4,4,26,2026-07-25T21:55:10.008571,14,20
2026-07-25 21:59:03,mediboard,전라남도,0,0,A2600066,의료법인삼호의료재단벌교삼호병원,2610,D,26,6,6,58383230,1,1,26,2026-07-25T21:55:10.008571,7,7
2026-07-25 21:59:03,mediboard,전라남도,0,0,A2600051,의료법인신안대우병원,2612,D,26,4,4,58383549,1,1,26,2026-07-25T21:55:10.008571,5,5
2026-07-25 21:59:03,mediboard,전라남도,0,0,A2600018,의료법인영성의료재단고흥종합병원,2602,D,26,8,10,58383338,0,0,26,2026-07-25T21:55:10.008571,8,10
2026-07-25 21:59:03,mediboard,전라남도,0,0,A2600021,의료법인우범의료재단장흥종합병원,2618,D,26,9,9,58383545,1,1,26,2026-07-25T21:55:10.008571,10,10
2026-07-25 21:59:03,mediboard,전라남도,0,0,A2600068,의료법인장호의료재단녹동현대병원,2602,D,26,0,3,58383394,2,2,26,2026-07-25T21:55:10.008571,2,5
2026-07-25 21:59:03,mediboard,전라남도,0,0,A2600005,의료법인한국의료재단한국병원,2611,D,26,-1,11,58383177,1,1,26,2026-07-25T21:55:10.008571,0,12
2026-07-25 21:59:03,mediboard,전라남도,0,0,A2600027,의료법인한마음의료재단여수제일병원,2613,D,26,6,9,58383391,1,1,26,2026-07-25T21:55:10.008571,7,10
2026-07-25 21:59:03,mediboard,전라남도,0,0,A2600035,의료법인행복나눔의료재단장성병원,2617,D,26,4,4,58383279,1,1,26,2026-07-25T21:55:10.008571,5,5
2026-07-25 21:59:03,mediboard,전라남도,0,0,A2600009,의료법인행촌의료재단해남종합병원,2621,D,26,7,10,58383543,1,1,26,2026-07-25T21:55:10.008571,8,11
2026-07-25 21:59:03,mediboard,전라남도,0,0,A2600024,의료법인현경의료재단광양서울병원,2604,D,26,5,9,58383547,1,1,26,2026-07-25T21:55:10.008571,6,10
2026-07-25 21:59:03,mediboard,전라남도,0,0,A2600037,장흥우리병원,2618,D,26,4,4,58383229,1,1,26,2026-07-25T21:55:10.008571,5,5
2026-07-25 21:59:03,mediboard,전라남도,0,0,A2600050,전라남도강진의료원,2601,D,26,2,9,58383447,1,1,26,2026-07-25T21:55:10.008571,3,10
2026-07-25 21:59:03,mediboard,전라남도,0,0,A2600056,전라남도순천의료원,2611,D,26,5,6,58383551,2,2,26,2026-07-25T21:55:10.008571,7,8
2026-07-25 21:59:03,mediboard,전라남도,0,0,A2600040,진도한국병원,2619,D,26,4,4,58383548,1,1,26,2026-07-25T21:55:10.008571,5,5
2026-07-25 21:59:03,mediboard,전라남도,0,0,A2600077,해남우리종합병원,2621,D,26,13,15,58383231,4,4,26,2026-07-25T21:55:10.008571,17,19
2026-07-25 21:59:03,mediboard,전라남도,1,1,A2600001,화순전남대학교병원,2622,C,26,14,16,58383277,7,7,26,2026-07-25T21:55:10.008571,22,24
2026-07-25 21:59:03,mediboard,경상북도,0,0,A2700018,경상북도김천의료원,2706,D,27,11,17,58383400,1,1,27,2026-07-25T21:55:10.008571,12,18
2026-07-25 21:59:03,mediboard,경상북도,0,0,A2700001,경상북도안동의료원,2711,D,27,6,6,58383179,2,2,27,2026-07-25T21:55:10.008571,8,8
2026-07-25 21:59:03,mediboard,경상북도,0,0,A2700005,경상북도포항의료원,2724,D,27,7,8,58383395,2,2,27,2026-07-25T21:55:10.008571,9,10
2026-07-25 21:59:03,mediboard,경상북도,0,0,A2700097,계명대학교경주동산병원,2702,D,27,7,9,58383448,1,1,27,2026-07-25T21:55:10.008571,8,10
2026-07-25 21:59:03,mediboard,경상북도,0,0,A2700015,구미강동병원,2704,D,27,4,7,58383399,3,3,27,2026-07-25T21:55:10.008571,7,10
2026-07-25 21:59:03,mediboard,경상북도,2,3,A2700003,동국대학교의과대학경주병원,2702,C,27,8,16,58383499,7,7,27,2026-07-25T21:55:10.008571,17,26
2026-07-25 21:59:03,mediboard,경상북도,0,0,A2700011,상주적십자병원,2709,D,27,6,9,58383552,1,1,27,2026-07-25T21:55:10.008571,7,10
2026-07-25 21:59:03,mediboard,경상북도,3,4,A2700013,순천향대학교부속구미병원,2704,C,27,1,13,58383283,3,3,27,2026-07-25T21:55:10.008571,7,20
2026-07-25 21:59:03,mediboard,경상북도,0,0,A2700004,안동성소병원,2711,C,27,10,12,58383180,7,8,27,2026-07-25T21:55:10.008571,17,20
2026-07-25 21:59:03,mediboard,경상북도,0,0,A2700008,에스포항병원,2723,D,27,5,6,58383397,1,1,27,2026-07-25T21:55:10.008571,6,7
2026-07-25 21:59:03,mediboard,경상북도,0,0,A2700017,영남대학교의과대학부속영천병원,2715,D,27,8,10,58383341,3,3,27,2026-07-25T21:55:10.008571,11,13
2026-07-25 21:59:03,mediboard,경상북도,0,0,A2700031,영주기독병원,2714,D,27,-2,4,58383233,1,1,27,2026-07-25T21:55:10.008571,-1,5
2026-07-25 21:59:03,mediboard,경상북도,0,0,A2700020,영주자인병원,2714,D,27,2,4,58383342,1,1,27,2026-07-25T21:55:10.008571,3,5
2026-07-25 21:59:03,mediboard,경상북도,0,0,A2702752,영주적십자병원,2714,D,27,8,10,58383285,1,1,27,2026-07-25T21:55:10.008571,9,11
2026-07-25 21:59:03,mediboard,경상북도,0,0,E2700553,울릉군보건의료원,2717,D,27,4,5,58383186,0,0,27,2026-07-25T21:55:10.008571,4,5
2026-07-25 21:59:03,mediboard,경상북도,0,0,A2700052,울진군의료원,2718,D,27,7,8,58383235,2,2,27,2026-07-25T21:55:10.008571,9,10
2026-07-25 21:59:03,mediboard,경상북도,0,0,A2700019,의)근원의료재단경산중앙병원,2701,D,27,5,10,58383232,2,2,27,2026-07-25T21:55:10.008571,7,12
2026-07-25 21:59:03,mediboard,경상북도,0,0,A2700038,의료법인대남의료재단청도대남병원,2720,D,27,8,10,58383553,0,0,27,2026-07-25T21:55:10.008571,8,10
2026-07-25 21:59:03,mediboard,경상북도,0,0,A2700012,의료법인덕산의료재단김천제일병원,2706,C,27,9,16,58383398,4,4,27,2026-07-25T21:55:10.008571,13,20
2026-07-25 21:59:03,mediboard,경상북도,0,0,A2700006,의료법인동춘의료재단문경제일병원,2707,C,27,13,17,58383396,2,3,27,2026-07-25T21:55:10.008571,15,20
2026-07-25 21:59:03,mediboard,경상북도,0,0,A2700009,의료법인삼백의료재단상주성모병원,2709,D,27,9,9,58383500,1,1,27,2026-07-25T21:55:10.008571,10,10
2026-07-25 21:59:03,mediboard,경상북도,0,0,A2700036,의료법인서명의료재단세명종합병원,2701,D,27,8,13,58383234,2,2,27,2026-07-25T21:55:10.008571,10,15
2026-07-25 21:59:03,mediboard,경상북도,0,0,A2700023,의료법인서준의료재단예천권병원,2716,D,27,6,6,58383284,1,1,27,2026-07-25T21:55:10.008571,7,7
2026-07-25 21:59:03,mediboard,경상북도,0,3,A2700014,의료법인안동병원,2711,A,27,11,17,58383181,5,5,27,2026-07-25T21:55:10.008571,16,25
2026-07-25 21:59:03,mediboard,경상북도,0,0,A2700070,의료법인영암의료재단고령영생병원,2703,D,27,2,5,58383344,1,1,27,2026-07-25T21:55:10.008571,3,6
2026-07-25 21:59:03,mediboard,경상북도,0,0,A2700063,의료법인영제의료재단영남제일병원,2719,D,27,4,5,58383343,1,1,27,2026-07-25T21:55:10.008571,5,6
2026-07-25 21:59:03,mediboard,경상북도,0,0,A2702563,의료법인은성의료재단좋은선린병원,2724,D,27,9,10,58383345,2,2,27,2026-07-25T21:55:10.008571,11,12
2026-07-25 21:59:03,mediboard,경상북도,5,5,A2700007,차의과학대학교부속구미차병원,2704,A,27,13,20,58383282,6,12,27,2026-07-25T21:55:10.008571,24,37
2026-07-25 21:59:03,mediboard,경상북도,0,0,E2700554,청송군보건의료원,2721,D,27,5,5,58383409,1,1,27,2026-07-25T21:55:10.008571,6,6
2026-07-25 21:59:03,mediboard,경상북도,11,11,A2700016,포항성모병원,2723,A,27,9,20,58383340,5,15,27,2026-07-25T21:55:10.008571,25,46
2026-07-25 21:59:03,mediboard,경상북도,0,0,A2700002,포항세명기독병원,2723,C,27,6,15,58383281,10,10,27,2026-07-25T21:55:10.008571,16,25
2026-07-25 21:59:03,mediboard,경상남도,0,0,A2800032,강병원,2803,D,28,9,9,58383451,1,1,28,2026-07-25T21:55:10.008571,10,10
2026-07-25 21:59:03,mediboard,경상남도,0,0,A2803677,강일병원,2804,D,28,7,8,58383290,3,3,28,2026-07-25T21:55:10.008571,10,11
2026-07-25 21:59:03,mediboard,경상남도,0,0,A2800076,거창적십자병원,2802,D,28,1,9,58383454,1,1,28,2026-07-25T21:55:10.008571,2,10
2026-07-25 21:59:03,mediboard,경상남도,3,3,A2800001,경상국립대학교병원,2811,A,28,16,30,58383501,5,5,28,2026-07-25T21:55:10.008571,24,38
2026-07-25 21:59:03,mediboard,경상남도,0,0,A2800025,경상남도마산의료원,2813,D,28,10,13,58383288,2,2,28,2026-07-25T21:55:10.008571,12,15
2026-07-25 21:59:03,mediboard,경상남도,0,0,A2800113,밀양병원,2806,D,28,7,8,58383506,1,1,28,2026-07-25T21:55:10.008571,8,9
2026-07-25 21:59:03,mediboard,경상남도,0,0,A2800084,반도병원,2811,D,28,6,7,58383406,1,1,28,2026-07-25T21:55:10.008571,7,8
2026-07-25 21:59:03,mediboard,경상남도,0,0,A2800019,베데스다복음병원,2809,D,28,8,9,58383503,1,1,28,2026-07-25T21:55:10.008571,9,10
2026-07-25 21:59:03,mediboard,경상남도,0,0,E2800380,산청군보건의료원,2808,D,28,4,5,58383294,1,1,28,2026-07-25T21:55:10.008571,5,6
2026-07-25 21:59:03,mediboard,경상남도,0,0,A2800055,삼성합천병원,2822,D,28,2,4,58383452,1,1,28,2026-07-25T21:55:10.008571,3,5
2026-07-25 21:59:03,mediboard,경상남도,0,0,A2800101,삼천포제일병원,2807,D,28,8,8,58383289,2,2,28,2026-07-25T21:55:10.008571,10,10
2026-07-25 21:59:03,mediboard,경상남도,0,0,A2800092,새통영병원,2818,D,28,1,9,58383238,1,1,28,2026-07-25T21:55:10.008571,2,10
2026-07-25 21:59:03,mediboard,경상남도,7,10,A2800011,양산부산대학교병원,2809,A,28,9,23,58383346,6,8,28,2026-07-25T21:55:10.008571,20,39
2026-07-25 21:59:03,mediboard,경상남도,0,0,A2804593,양산성모병원,2809,D,28,12,13,58383291,1,1,28,2026-07-25T21:55:10.008571,13,14
2026-07-25 21:59:03,mediboard,경상남도,0,0,A2800021,연세에스병원,2817,D,28,9,9,58383237,1,1,28,2026-07-25T21:55:10.008571,10,10
2026-07-25 21:59:03,mediboard,경상남도,0,0,A2800090,의령병원,2810,D,28,2,4,58383348,1,1,28,2026-07-25T21:55:10.008571,3,5
2026-07-25 21:59:03,mediboard,경상남도,0,0,A2800008,의료법인 거붕 백병원,2801,D,28,8,9,58383402,1,1,28,2026-07-25T21:55:10.008571,9,10
2026-07-25 21:59:03,mediboard,경상남도,0,0,A2800005,의료법인 대우의료재단대우병원,2801,D,28,7,9,58383182,1,1,28,2026-07-25T21:55:10.008571,8,10
2026-07-25 21:59:03,mediboard,경상남도,0,0,A2800015,의료법인 문병욱의료재단 진주고려병원,2811,D,28,10,10,58383502,1,1,28,2026-07-25T21:55:10.008571,11,11
2026-07-25 21:59:03,mediboard,경상남도,0,0,A2800022,의료법인 성념의료재단맑은샘병원,2801,D,28,7,9,58383554,1,1,28,2026-07-25T21:55:10.008571,8,10
2026-07-25 21:59:03,mediboard,경상남도,0,0,A2800094,의료법인 이도의료재단 남해병원,2805,D,28,6,8,58383349,2,2,28,2026-07-25T21:55:10.008571,8,10
2026-07-25 21:59:03,mediboard,경상남도,0,0,A2800014,의료법인갑을의료재단 갑을장유병원,2804,D,28,4,9,58383404,1,1,28,2026-07-25T21:55:10.008571,5,10
2026-07-25 21:59:03,mediboard,경상남도,0,0,A2800006,의료법인숭인의료재단 김해복음병원,2804,C,28,10,16,58383449,4,4,28,2026-07-25T21:55:10.008571,14,20
2026-07-25 21:59:03,mediboard,경상남도,0,0,A2800068,의료법인승연의료재단 삼천포서울병원,2807,D,28,7,9,58383453,1,1,28,2026-07-25T21:55:10.008571,8,10
2026-07-25 21:59:03,mediboard,경상남도,0,0,A2800009,의료법인청아의료재단청아병원,2814,D,28,8,9,58383403,1,1,28,2026-07-25T21:55:10.008571,9,10
2026-07-25 21:59:03,mediboard,경상남도,0,0,A2800017,의료법인합포의료재단에스엠지연세병원,2813,C,28,15,17,58383347,3,3,28,2026-07-25T21:55:10.008571,18,20
2026-07-25 21:59:03,mediboard,경상남도,0,0,A2800010,의료법인환명의료재단 조은금강병원,2804,C,28,7,17,58383287,3,3,28,2026-07-25T21:55:10.008571,10,20
2026-07-25 21:59:03,mediboard,경상남도,0,0,A2800003,제일병원,2811,C,28,12,17,58383286,3,3,28,2026-07-25T21:55:10.008571,15,20
2026-07-25 21:59:03,mediboard,경상남도,0,0,A2800037,진주복음병원,2811,D,28,6,9,58383183,1,1,28,2026-07-25T21:55:10.008571,7,10
2026-07-25 21:59:03,mediboard,경상남도,0,0,A2803505,창원경상국립대학교병원,2815,C,28,12,18,58383239,3,10,28,2026-07-25T21:55:10.008571,15,28
2026-07-25 21:59:03,mediboard,경상남도,0,0,A2800004,창원파티마병원,2816,C,28,4,17,58383401,3,3,28,2026-07-25T21:55:10.008571,7,20
2026-07-25 21:59:03,mediboard,경상남도,0,0,A2800007,창원한마음병원,2816,C,28,0,21,58383450,3,4,28,2026-07-25T21:55:10.008571,3,25
2026-07-25 21:59:03,mediboard,경상남도,0,0,A2800062,태황의료재단한성병원,2812,D,28,4,9,58383505,1,1,28,2026-07-25T21:55:10.008571,5,10
2026-07-25 21:59:03,mediboard,경상남도,8,8,A2800020,학교법인성균관대학삼성창원병원,2814,A,28,15,27,58383236,5,5,28,2026-07-25T21:55:10.008571,28,40
2026-07-25 21:59:03,mediboard,경상남도,0,0,A2800043,한일병원,2811,C,28,13,17,58383504,3,3,28,2026-07-25T21:55:10.008571,16,20
2026-07-25 21:59:03,mediboard,경상남도,0,0,A2800080,함양성심병원,2821,D,28,3,4,58383405,1,1,28,2026-07-25T21:55:10.008571,4,5
2026-07-25 21:59:03,mediboard,제주특별자치도,0,0,A2900003,의료법인 혜인의료재단 한국병원,2902,D,29,2,9,58383455,0,1,29,2026-07-25T21:55:10.008571,2,10
2026-07-25 21:59:03,mediboard,제주특별자치도,1,1,A2900006,의료법인중앙의료재단중앙병원,2902,C,29,2,16,58383292,3,3,29,2026-07-25T21:55:10.008571,6,20
2026-07-25 21:59:03,mediboard,제주특별자치도,0,0,A2900007,제주대학교병원,2902,C,29,-6,20,58383407,3,6,29,2026-07-25T21:55:10.008571,-3,26
2026-07-25 21:59:03,mediboard,제주특별자치도,4,4,A2900002,제주특별자치도서귀포의료원,2901,C,29,11,16,58383240,5,5,29,2026-07-25T21:55:10.008571,20,25
2026-07-25 21:59:03,mediboard,제주특별자치도,3,3,A2900001,제주한라병원,2902,A,29,4,17,58383555,5,5,29,2026-07-25T21:55:10.008571,12,25
2026-07-25 21:59:03,mediboard,제주특별자치도,0,0,A2900005,한마음병원,2902,C,29,7,17,58383507,2,3,29,2026-07-25T21:55:10.008571,9,20
2026-07-25 23:36:56,mediboard,서울특별시,0,0,A1100011,가톨릭대학교여의도성모병원,1120,C,11,9,15,58391617,5,5,11,2026-07-25T23:35:10.004395,14,20
2026-07-25 23:36:56,mediboard,서울특별시,8,8,A1121013,가톨릭대학교은평성모병원,1122,C,11,11,24,58391836,3,4,11,2026-07-25T23:35:10.004395,22,36
2026-07-25 23:36:56,mediboard,서울특별시,3,3,A1100043,강동경희대학교병원,1102,A,11,3,15,58391510,3,5,11,2026-07-25T23:35:10.004395,9,23
2026-07-25 23:36:56,mediboard,서울특별시,2,2,A1100006,강북삼성병원,1123,C,11,7,15,58391830,3,3,11,2026-07-25T23:35:10.004395,12,20
2026-07-25 23:36:56,mediboard,서울특별시,3,4,A1100002,건국대학교병원,1106,C,11,2,20,58391730,3,3,11,2026-07-25T23:35:10.004395,8,27
2026-07-25 23:36:56,mediboard,서울특별시,0,0,A1100039,경찰병원,1118,D,11,3,3,58391735,2,2,11,2026-07-25T23:35:10.004395,5,5
2026-07-25 23:36:56,mediboard,서울특별시,2,3,A1100001,경희대학교병원,1111,C,11,7,15,58391672,5,5,11,2026-07-25T23:35:10.004395,14,23
2026-07-25 23:36:56,mediboard,서울특별시,2,3,A1100014,고려대학교의과대학부속구로병원,1107,A,11,11,29,58391618,4,5,11,2026-07-25T23:35:10.004395,17,37
2026-07-25 23:36:56,mediboard,서울특별시,0,0,A1100026,구로성심병원,1107,D,11,3,9,58391833,1,1,11,2026-07-25T23:35:10.004395,4,10
2026-07-25 23:36:56,mediboard,서울특별시,3,3,A1100052,국립중앙의료원,1124,C,11,246,246,58391781,1235,1236,11,2026-07-25T23:35:10.004395,1484,1485
2026-07-25 23:36:56,mediboard,서울특별시,0,0,A1122033,기쁨병원,1115,D,11,3,4,58391465,1,1,11,2026-07-25T23:35:10.004395,4,5
2026-07-25 23:36:56,mediboard,서울특별시,0,0,A1100048,노원을지대학교병원,1109,C,11,13,17,58391463,5,5,11,2026-07-25T23:35:10.004395,18,22
2026-07-25 23:36:56,mediboard,서울특별시,0,0,A1100044,녹색병원,1125,D,11,2,5,58391780,5,5,11,2026-07-25T23:35:10.004395,7,10
2026-07-25 23:36:56,mediboard,서울특별시,0,0,A1100037,대림성모병원,1120,D,11,8,8,58391621,2,2,11,2026-07-25T23:35:10.004395,10,10
2026-07-25 23:36:56,mediboard,서울특별시,0,0,A1100024,명지성모병원,1120,D,11,6,8,58391461,2,2,11,2026-07-25T23:35:10.004395,8,10
2026-07-25 23:36:56,mediboard,서울특별시,0,0,A1100036,부민병원,1104,D,11,9,10,58391834,1,1,11,2026-07-25T23:35:10.004395,10,11
2026-07-25 23:36:56,mediboard,서울특별시,3,4,A1100010,삼성서울병원,1101,C,11,12,52,58391731,3,4,11,2026-07-25T23:35:10.004395,18,60
2026-07-25 23:36:56,mediboard,서울특별시,0,0,A1100021,삼육서울병원,1111,C,11,9,13,58391732,2,7,11,2026-07-25T23:35:10.004395,11,20
2026-07-25 23:36:56,mediboard,서울특별시,8,12,A1100017,서울대학교병원,1123,A,11,-2,24,58391460,8,8,11,2026-07-25T23:35:10.004395,12,42
2026-07-25 23:36:56,mediboard,서울특별시,0,0,A1100050,서울성심병원,1111,D,11,11,17,58391736,3,3,11,2026-07-25T23:35:10.004395,14,20
2026-07-25 23:36:56,mediboard,서울특별시,0,0,A1100029,서울적십자병원,1123,D,11,9,10,58391564,1,1,11,2026-07-25T23:35:10.004395,10,11
2026-07-25 23:36:56,mediboard,서울특별시,0,0,A1100022,서울특별시동부병원,1111,D,11,7,8,58391507,2,2,11,2026-07-25T23:35:10.004395,9,10
2026-07-25 23:36:56,mediboard,서울특별시,3,3,A1100040,서울특별시보라매병원,1112,C,11,11,31,58391565,3,3,11,2026-07-25T23:35:10.004395,17,37
2026-07-25 23:36:56,mediboard,서울특별시,0,0,A1100223,서울특별시서남병원,1119,D,11,16,17,58391511,3,3,11,2026-07-25T23:35:10.004395,19,20
2026-07-25 23:36:56,mediboard,서울특별시,2,3,A1100035,서울특별시서울의료원,1125,A,11,0,19,58391734,5,5,11,2026-07-25T23:35:10.004395,7,27
2026-07-25 23:36:56,mediboard,서울특별시,0,0,A1100028,성심의료재단강동성심병원,1102,C,11,8,15,58391733,9,9,11,2026-07-25T23:35:10.004395,17,24
2026-07-25 23:36:56,mediboard,서울특별시,0,0,A1100054,성애의료재단성애병원,1120,C,11,11,15,58391782,5,11,11,2026-07-25T23:35:10.004395,16,26
2026-07-25 23:36:56,mediboard,서울특별시,0,0,A1100032,세란병원,1123,D,11,9,10,58391620,1,1,11,2026-07-25T23:35:10.004395,10,11
2026-07-25 23:36:56,mediboard,서울특별시,2,4,A1100004,순천향대학교부속서울병원,1121,C,11,15,20,58391616,3,3,11,2026-07-25T23:35:10.004395,20,27
2026-07-25 23:36:56,mediboard,서울특별시,0,0,A1100045,씨엠병원,1120,D,11,7,9,58391676,1,1,11,2026-07-25T23:35:10.004395,8,10
2026-07-25 23:36:56,mediboard,서울특별시,2,2,A1100015,연세대학교의과대학강남세브란스병원,1101,C,11,2,21,58391832,3,3,11,2026-07-25T23:35:10.004395,7,26
2026-07-25 23:36:56,mediboard,서울특별시,0,10,A1100007,연세대학교의과대학세브란스병원,1114,C,11,7,39,58391777,6,6,11,2026-07-25T23:35:10.004395,11,53
2026-07-25 23:36:56,mediboard,서울특별시,0,0,A1100025,의료법인동신의료재단동신병원,1114,D,11,8,9,58391779,1,1,11,2026-07-25T23:35:10.004395,9,10
2026-07-25 23:36:56,mediboard,서울특별시,0,0,A1100041,의료법인서울효천의료재단에이치플러스양지병원,1105,C,11,12,18,58391509,3,3,11,2026-07-25T23:35:10.004395,15,21
2026-07-25 23:36:56,mediboard,서울특별시,0,0,A1100023,의료법인청구성심병원,1122,D,11,5,10,58391508,1,1,11,2026-07-25T23:35:10.004395,6,11
2026-07-25 23:36:56,mediboard,서울특별시,0,0,A1100075,의료법인풍산의료재단동부제일병원,1125,D,11,6,7,58391464,1,1,11,2026-07-25T23:35:10.004395,7,8
2026-07-25 23:36:56,mediboard,서울특별시,2,2,A1100020,의료법인한전의료재단한일병원,1110,C,11,11,21,58391675,4,4,11,2026-07-25T23:35:10.004395,17,27
2026-07-25 23:36:56,mediboard,서울특별시,8,8,A1100005,이화여자대학교의과대학부속목동병원,1119,A,11,5,19,58391776,6,6,11,2026-07-25T23:35:10.004395,19,33
2026-07-25 23:36:56,mediboard,서울특별시,8,9,A1120796,이화여자대학교의과대학부속서울병원,1104,C,11,-4,14,58391737,7,8,11,2026-07-25T23:35:10.004395,11,31
2026-07-25 23:36:56,mediboard,서울특별시,0,0,A1100016,인제대학교상계백병원,1109,C,11,3,16,58391778,4,7,11,2026-07-25T23:35:10.004395,7,23
2026-07-25 23:36:56,mediboard,서울특별시,5,14,A1100009,재단법인아산사회복지재단서울아산병원,1118,C,11,12,36,58391674,12,26,11,2026-07-25T23:35:10.004395,26,73
2026-07-25 23:36:56,mediboard,서울특별시,2,4,A1100003,중앙대학교병원,1112,C,11,1,18,58391615,0,0,11,2026-07-25T23:35:10.004395,3,22
2026-07-25 23:36:56,mediboard,서울특별시,5,9,A1100012,학교법인가톨릭학원가톨릭대학교서울성모병원,1115,C,11,-8,28,58391563,6,8,11,2026-07-25T23:35:10.004395,1,43
2026-07-25 23:36:56,mediboard,서울특별시,4,4,A1100008,학교법인고려중앙학원고려대학교의과대학부속병원(안암병원),1117,A,11,15,30,58391673,6,9,11,2026-07-25T23:35:10.004395,25,43
2026-07-25 23:36:56,mediboard,서울특별시,0,0,A1100053,한국보훈복지의료공단중앙보훈병원,1102,C,11,21,22,58391622,3,3,11,2026-07-25T23:35:10.004395,24,25
2026-07-25 23:36:56,mediboard,서울특별시,0,0,A1100027,한국원자력의학원원자력병원,1109,D,11,7,9,58391462,3,3,11,2026-07-25T23:35:10.004395,10,12
2026-07-25 23:36:56,mediboard,서울특별시,2,3,A1100055,한림대학교강남성심병원,1120,C,11,12,20,58391678,5,5,11,2026-07-25T23:35:10.004395,19,28
2026-07-25 23:36:56,mediboard,서울특별시,1,3,A1100013,한양대학교병원,1116,A,11,16,20,58391831,7,12,11,2026-07-25T23:35:10.004395,24,35
2026-07-25 23:36:56,mediboard,서울특별시,0,0,A1100051,혜민병원,1106,D,11,7,9,58391677,1,1,11,2026-07-25T23:35:10.004395,8,10
2026-07-25 23:36:56,mediboard,서울특별시,0,0,A1100019,홍익병원,1119,D,11,4,9,58391619,1,1,11,2026-07-25T23:35:10.004395,5,10
2026-07-25 23:36:56,mediboard,서울특별시,0,0,A1100049,희명병원,1108,D,11,8,10,58391835,1,1,11,2026-07-25T23:35:10.004395,9,11
2026-07-25 23:36:56,mediboard,부산광역시,0,0,A1200028,(의)서일의료재단기장병원,1203,D,12,9,9,58391739,1,1,12,2026-07-25T23:35:10.004395,10,10
2026-07-25 23:36:56,mediboard,부산광역시,0,0,A1200004,고신대학교복음병원,1211,C,12,22,25,58391512,5,5,12,2026-07-25T23:35:10.004395,27,30
2026-07-25 23:36:56,mediboard,부산광역시,0,0,A1200045,구포성심병원,1208,D,12,7,9,58391570,0,1,12,2026-07-25T23:35:10.004395,7,10
2026-07-25 23:36:56,mediboard,부산광역시,3,3,A1200018,대동병원,1206,C,12,5,15,58391625,2,3,12,2026-07-25T23:35:10.004395,10,21
2026-07-25 23:36:56,mediboard,부산광역시,0,0,A1200015,동남권원자력의학원원자력병원,1203,D,12,7,9,58391682,1,1,12,2026-07-25T23:35:10.004395,8,10
2026-07-25 23:36:56,mediboard,부산광역시,0,0,A1200011,동래봉생병원,1206,D,12,7,8,58391785,2,2,12,2026-07-25T23:35:10.004395,9,10
2026-07-25 23:36:56,mediboard,부산광역시,3,3,A1200003,동아대학교병원,1211,A,12,19,26,58391837,8,8,12,2026-07-25T23:35:10.004395,30,37
2026-07-25 23:36:56,mediboard,부산광역시,0,0,A1200024,부산광역시의료원,1213,D,12,15,18,58391787,2,8,12,2026-07-25T23:35:10.004395,17,26
2026-07-25 23:36:56,mediboard,부산광역시,3,3,A1200002,부산대학교병원,1211,C,12,15,19,58391466,3,3,12,2026-07-25T23:35:10.004395,21,25
2026-07-25 23:36:56,mediboard,부산광역시,4,4,A1200013,부산성모병원(재단법인 천주교부산교구유지재단),1204,D,12,9,10,58391681,5,5,12,2026-07-25T23:35:10.004395,18,19
2026-07-25 23:36:56,mediboard,부산광역시,0,0,A1200007,비에이치에스한서병원,1212,C,12,10,17,58391680,2,3,12,2026-07-25T23:35:10.004395,12,20
2026-07-25 23:36:56,mediboard,부산광역시,0,0,A1200021,삼육부산병원,1211,D,12,7,9,58391568,1,1,12,2026-07-25T23:35:10.004395,8,10
2026-07-25 23:36:56,mediboard,부산광역시,0,0,A1200014,영도병원,1214,D,12,6,7,58391567,2,2,12,2026-07-25T23:35:10.004395,8,9
2026-07-25 23:36:56,mediboard,부산광역시,0,0,A1200009,의료법인 광혜의료재단 광혜병원,1206,D,12,9,9,58391784,3,3,12,2026-07-25T23:35:10.004395,12,12
2026-07-25 23:36:56,mediboard,부산광역시,0,0,A1200098,의료법인 센텀의료재단 센텀종합병원,1212,D,12,3,9,58391683,1,1,12,2026-07-25T23:35:10.004395,4,10
2026-07-25 23:36:56,mediboard,부산광역시,0,0,A1200020,의료법인 온그룹의료재단 온병원,1207,C,12,14,20,58391467,2,3,12,2026-07-25T23:35:10.004395,16,23
2026-07-25 23:36:56,mediboard,부산광역시,0,0,A1200008,의료법인 은성의료재단 좋은강안병원,1212,D,12,8,18,58391623,3,3,12,2026-07-25T23:35:10.004395,11,21
2026-07-25 23:36:56,mediboard,부산광역시,1,1,A1200005,의료법인 은성의료재단 좋은삼선병원,1209,C,12,3,13,58391566,5,6,12,2026-07-25T23:35:10.004395,9,20
2026-07-25 23:36:56,mediboard,부산광역시,0,0,A1200006,의료법인 인당의료재단 부민병원,1208,D,12,3,10,58391783,2,2,12,2026-07-25T23:35:10.004395,5,12
2026-07-25 23:36:56,mediboard,부산광역시,0,0,A1205143,의료법인 인당의료재단 해운대부민병원,1216,D,12,5,9,58391740,1,1,12,2026-07-25T23:35:10.004395,6,10
2026-07-25 23:36:56,mediboard,부산광역시,0,0,A1200012,의료법인 행도의료재단 해동병원,1214,D,12,5,6,58391513,1,1,12,2026-07-25T23:35:10.004395,6,7
2026-07-25 23:36:56,mediboard,부산광역시,0,0,A1200017,의료법인정화의료재단 봉생기념병원,1205,D,12,8,9,58391624,2,2,12,2026-07-25T23:35:10.004395,10,11
2026-07-25 23:36:56,mediboard,부산광역시,2,3,A1200022,인제대학교 해운대백병원,1216,A,12,13,29,58391738,4,5,12,2026-07-25T23:35:10.004395,19,37
2026-07-25 23:36:56,mediboard,부산광역시,0,0,A1200001,인제대학교부산백병원,1207,C,12,7,18,58391679,3,3,12,2026-07-25T23:35:10.004395,10,21
2026-07-25 23:36:56,mediboard,부산광역시,0,0,A1200023,재단법인천주교부산교구유지재단 메리놀병원,1215,D,12,2,9,58391569,1,1,12,2026-07-25T23:35:10.004395,3,10
2026-07-25 23:36:56,mediboard,부산광역시,2,2,A1200026,좋은문화병원,1205,D,12,2,7,58391469,3,3,12,2026-07-25T23:35:10.004395,7,12
2026-07-25 23:36:56,mediboard,부산광역시,0,0,A1200025,학교법인 춘해병원,1207,D,12,8,9,58391468,1,1,12,2026-07-25T23:35:10.004395,9,10
2026-07-25 23:36:56,mediboard,부산광역시,0,0,A1200019,학교법인)동의병원,1207,D,12,12,14,58391514,1,1,12,2026-07-25T23:35:10.004395,13,15
2026-07-25 23:36:56,mediboard,부산광역시,0,0,A1200016,한국보훈복지의료공단 부산보훈병원,1209,D,12,11,11,58391786,2,2,12,2026-07-25T23:35:10.004395,13,13
2026-07-25 23:36:56,mediboard,인천광역시,0,0,A1300081,(재)미리내천주성삼성직수도회천주성삼병원,1307,D,13,6,9,58391685,1,2,13,2026-07-25T23:35:10.004395,7,11
2026-07-25 23:36:56,mediboard,인천광역시,0,0,A1300018,강남종합병원,1304,D,13,10,15,58391792,1,1,13,2026-07-25T23:35:10.004395,11,16
2026-07-25 23:36:56,mediboard,인천광역시,4,4,A1300002,경북대학교병원,1308,A,13,17,27,58391788,5,5,13,2026-07-25T23:35:10.004395,26,36
2026-07-25 23:36:56,mediboard,인천광역시,0,0,A1303386,계명대학교대구동산병원,1308,D,13,7,12,58391516,2,2,13,2026-07-25T23:35:10.004395,9,14
2026-07-25 23:36:56,mediboard,인천광역시,0,0,A1300003,계명대학교동산병원,1302,C,13,3,20,58391470,5,5,13,2026-07-25T23:35:10.004395,8,25
2026-07-25 23:36:56,mediboard,인천광역시,0,0,A1300008,곽병원,1308,D,13,3,10,58391791,2,2,13,2026-07-25T23:35:10.004395,5,12
2026-07-25 23:36:56,mediboard,인천광역시,0,0,A1300038,나사렛종합병원,1302,D,13,3,9,58391838,3,10,13,2026-07-25T23:35:10.004395,6,19
2026-07-25 23:36:56,mediboard,인천광역시,0,0,A1300004,대구가톨릭대학교병원,1301,C,13,11,24,58391572,4,4,13,2026-07-25T23:35:10.004395,15,28
2026-07-25 23:36:56,mediboard,인천광역시,0,0,A1300005,대구가톨릭대학교칠곡가톨릭병원,1305,D,13,4,9,58391789,1,1,13,2026-07-25T23:35:10.004395,5,10
2026-07-25 23:36:56,mediboard,인천광역시,0,0,A1300076,대구굿모닝병원,1306,D,13,16,17,58391793,2,2,13,2026-07-25T23:35:10.004395,18,19
2026-07-25 23:36:56,mediboard,인천광역시,0,0,A1300007,대구의료원,1306,D,13,15,18,58391790,2,2,13,2026-07-25T23:35:10.004395,17,20
2026-07-25 23:36:56,mediboard,인천광역시,3,5,A1300009,대구파티마병원,1304,C,13,5,25,58391573,5,7,13,2026-07-25T23:35:10.004395,13,37
2026-07-25 23:36:56,mediboard,인천광역시,0,0,A1300110,더블유병원,1302,D,13,5,10,58391626,1,1,13,2026-07-25T23:35:10.004395,6,11
2026-07-25 23:36:56,mediboard,인천광역시,0,0,A1300034,드림종합병원,1301,D,13,8,8,58391684,2,2,13,2026-07-25T23:35:10.004395,10,10
2026-07-25 23:36:56,mediboard,인천광역시,0,0,A1300045,삼일병원,1302,D,13,12,14,58391575,1,1,13,2026-07-25T23:35:10.004395,13,15
2026-07-25 23:36:56,mediboard,인천광역시,3,3,A1300001,영남대학교병원,1301,A,13,21,28,58391571,5,5,13,2026-07-25T23:35:10.004395,29,36
2026-07-25 23:36:56,mediboard,인천광역시,0,0,A1300006,의료법인구의료재단구병원,1302,D,13,7,10,58391515,1,1,13,2026-07-25T23:35:10.004395,8,11
2026-07-25 23:36:56,mediboard,인천광역시,6,9,A1300010,칠곡경북대학교병원,1305,C,13,13,23,58391741,6,6,13,2026-07-25T23:35:10.004395,23,36
2026-07-25 23:36:56,mediboard,인천광역시,0,0,A1300011,한국보훈복지의료공단대구보훈병원,1302,D,13,11,12,58391574,2,2,13,2026-07-25T23:35:10.004395,13,14
2026-07-25 23:36:56,mediboard,대구광역시,0,0,A1400008,(의)성세의료재단 뉴성민병원,1407,D,14,9,9,58391518,1,1,14,2026-07-25T23:35:10.004395,10,10
2026-07-25 23:36:56,mediboard,대구광역시,0,3,A1400015,가톨릭관동대학교국제성모병원,1407,C,14,13,23,58391629,4,5,14,2026-07-25T23:35:10.004395,17,31
2026-07-25 23:36:56,mediboard,대구광역시,1,4,A1400012,가톨릭대학교 인천성모병원,1406,C,14,12,19,58391743,7,8,14,2026-07-25T23:35:10.004395,20,31
2026-07-25 23:36:56,mediboard,대구광역시,0,0,A1400010,검단탑병원,1407,C,14,15,18,58391471,3,3,14,2026-07-25T23:35:10.004395,18,21
2026-07-25 23:36:56,mediboard,대구광역시,0,0,A1403617,비에스종합병원,1401,D,14,9,10,58391688,1,1,14,2026-07-25T23:35:10.004395,10,11
2026-07-25 23:36:56,mediboard,대구광역시,0,0,A1400013,안은의료재단 부평세림병원,1406,C,14,15,16,58391628,4,4,14,2026-07-25T23:35:10.004395,19,20
2026-07-25 23:36:56,mediboard,대구광역시,0,0,A1400005,온누리병원,1407,D,14,7,9,58391742,2,2,14,2026-07-25T23:35:10.004395,9,11
2026-07-25 23:36:56,mediboard,대구광역시,7,11,A1400001,의료법인 길의료재단 길병원,1404,A,14,2,25,58391794,5,7,14,2026-07-25T23:35:10.004395,12,41
2026-07-25 23:36:56,mediboard,대구광역시,0,0,A1400011,의료법인 나사렛의료재단 나사렛국제병원,1408,C,14,11,17,58391472,3,5,14,2026-07-25T23:35:10.004395,14,22
2026-07-25 23:36:56,mediboard,대구광역시,0,0,A1400003,의료법인 루가의료재단 나은병원,1407,C,14,10,11,58391517,10,10,14,2026-07-25T23:35:10.004395,20,21
2026-07-25 23:36:56,mediboard,대구광역시,0,0,A1400007,의료법인 성수의료재단 인천백병원,1405,D,14,4,5,58391627,1,1,14,2026-07-25T23:35:10.004395,5,6
2026-07-25 23:36:56,mediboard,대구광역시,0,0,A1400014,의료법인인성의료재단한림병원,1402,C,14,11,17,58391744,4,4,14,2026-07-25T23:35:10.004395,15,21
2026-07-25 23:36:56,mediboard,대구광역시,0,0,A1400017,인천광역시의료원,1405,D,14,15,15,58391520,2,2,14,2026-07-25T23:35:10.004395,17,17
2026-07-25 23:36:56,mediboard,대구광역시,0,0,A1400037,인천광역시의료원백령병원,1409,D,14,5,5,58391631,1,1,14,2026-07-25T23:35:10.004395,6,6
2026-07-25 23:36:56,mediboard,대구광역시,0,0,A1400009,인천기독병원,1410,D,14,7,8,58391519,1,1,14,2026-07-25T23:35:10.004395,8,9
2026-07-25 23:36:56,mediboard,대구광역시,0,0,A1400016,인천사랑병원,1403,C,14,7,14,58391686,7,7,14,2026-07-25T23:35:10.004395,14,21
2026-07-25 23:36:56,mediboard,대구광역시,0,0,A1403372,인천세종병원,1402,C,14,14,18,58391687,3,3,14,2026-07-25T23:35:10.004395,17,21
2026-07-25 23:36:56,mediboard,대구광역시,0,0,A1400018,인천적십자병원,1408,D,14,7,8,58391630,2,2,14,2026-07-25T23:35:10.004395,9,10
2026-07-25 23:36:56,mediboard,대구광역시,0,0,A1403871,인천힘찬종합병원,1404,D,14,15,17,58391745,3,6,14,2026-07-25T23:35:10.004395,18,23
2026-07-25 23:36:56,mediboard,대구광역시,2,9,A1400002,인하대학교의과대학부속병원,1410,A,14,6,20,58391576,8,9,14,2026-07-25T23:35:10.004395,15,36
2026-07-25 23:36:56,mediboard,대구광역시,0,0,A1400004,현대유비스병원,1403,D,14,14,18,58391795,1,1,14,2026-07-25T23:35:10.004395,15,19
2026-07-25 23:36:56,mediboard,광주광역시,6,7,A1500019,KS병원,1501,C,15,7,15,58391746,3,3,15,2026-07-25T23:35:10.004395,16,25
2026-07-25 23:36:56,mediboard,광주광역시,0,0,A1500021,광주기독병원,1502,C,15,9,20,58391747,3,6,15,2026-07-25T23:35:10.004395,12,26
2026-07-25 23:36:56,mediboard,광주광역시,0,0,A1500015,광주병원,1504,D,15,6,10,58391475,1,1,15,2026-07-25T23:35:10.004395,7,11
2026-07-25 23:36:56,mediboard,광주광역시,0,0,A1500004,광주보훈병원,1501,D,15,12,14,58391577,2,2,15,2026-07-25T23:35:10.004395,14,16
2026-07-25 23:36:56,mediboard,광주광역시,0,0,A1502007,광주센트럴병원,1501,D,15,8,10,58391799,1,1,15,2026-07-25T23:35:10.004395,9,11
2026-07-25 23:36:56,mediboard,광주광역시,0,0,A1500018,광주수완병원,1501,D,15,9,9,58391476,0,1,15,2026-07-25T23:35:10.004395,9,10
2026-07-25 23:36:56,mediboard,광주광역시,0,0,A1500009,광주씨티병원,1502,D,15,9,10,58391473,1,1,15,2026-07-25T23:35:10.004395,10,11
2026-07-25 23:36:56,mediboard,광주광역시,0,0,A1500005,광주일곡병원,1504,D,15,8,9,58391839,1,1,15,2026-07-25T23:35:10.004395,9,10
2026-07-25 23:36:56,mediboard,광주광역시,0,0,A1500016,광주한국병원,1505,D,15,9,15,58391691,1,1,15,2026-07-25T23:35:10.004395,10,16
2026-07-25 23:36:56,mediboard,광주광역시,0,0,A1500003,광주현대병원,1504,D,15,5,9,58391689,2,2,15,2026-07-25T23:35:10.004395,7,11
2026-07-25 23:36:56,mediboard,광주광역시,0,0,A1500007,광주희망병원,1504,D,15,8,9,58391521,1,1,15,2026-07-25T23:35:10.004395,9,10
2026-07-25 23:36:56,mediboard,광주광역시,0,0,A1500013,동아병원,1502,D,15,3,9,58391474,1,1,15,2026-07-25T23:35:10.004395,4,10
2026-07-25 23:36:56,mediboard,광주광역시,0,0,A1500014,미래로21병원,1505,D,15,8,9,58391690,1,1,15,2026-07-25T23:35:10.004395,9,10
2026-07-25 23:36:56,mediboard,광주광역시,0,0,A1500022,상무병원,1505,D,15,9,9,58391798,1,1,15,2026-07-25T23:35:10.004395,10,10
2026-07-25 23:36:56,mediboard,광주광역시,2,2,A1500020,서광병원,1505,C,15,15,18,58391842,3,3,15,2026-07-25T23:35:10.004395,20,23
2026-07-25 23:36:56,mediboard,광주광역시,0,0,A1500006,신가병원,1501,D,15,9,9,58391840,2,2,15,2026-07-25T23:35:10.004395,11,11
2026-07-25 23:36:56,mediboard,광주광역시,0,0,A1500010,운암한국병원,1504,D,15,6,9,58391797,1,1,15,2026-07-25T23:35:10.004395,7,10
2026-07-25 23:36:56,mediboard,광주광역시,3,4,A1500002,전남대학교병원,1503,A,15,16,28,58391796,7,7,15,2026-07-25T23:35:10.004395,26,39
2026-07-25 23:36:56,mediboard,광주광역시,4,4,A1500001,조선대학교병원,1503,A,15,10,23,58391632,5,5,15,2026-07-25T23:35:10.004395,19,32
2026-07-25 23:36:56,mediboard,광주광역시,0,0,A1500011,첨단종합병원,1501,C,15,16,22,58391841,3,3,15,2026-07-25T23:35:10.004395,19,25
2026-07-25 23:36:56,mediboard,광주광역시,0,0,A1500017,하남성심병원,1501,D,15,15,19,58391633,1,2,15,2026-07-25T23:35:10.004395,16,21
2026-07-25 23:36:56,mediboard,대전광역시,0,0,A1600004,대전보훈병원,1601,D,16,6,7,58391477,2,2,16,2026-07-25T23:35:10.004395,8,9
2026-07-25 23:36:56,mediboard,대전광역시,0,0,A1600003,대전한국병원,1602,D,16,6,9,58391634,1,1,16,2026-07-25T23:35:10.004395,7,10
2026-07-25 23:36:56,mediboard,대전광역시,0,0,A1602246,대청병원,1603,D,16,6,9,58391748,1,1,16,2026-07-25T23:35:10.004395,7,10
2026-07-25 23:36:56,mediboard,대전광역시,0,0,A1600008,의료법인영훈의료재단대전선병원,1605,C,16,16,17,58391635,4,9,16,2026-07-25T23:35:10.004395,20,26
2026-07-25 23:36:56,mediboard,대전광역시,0,0,A1600007,의료법인영훈의료재단유성선병원,1604,C,16,10,17,58391523,3,7,16,2026-07-25T23:35:10.004395,13,24
2026-07-25 23:36:56,mediboard,대전광역시,1,6,A1600001,충남대학교병원,1605,A,16,4,28,58391578,5,5,16,2026-07-25T23:35:10.004395,10,39
2026-07-25 23:36:56,mediboard,대전광역시,0,0,A1600005,학교법인가톨릭학원가톨릭대학교대전성모병원,1605,C,16,6,19,58391843,3,3,16,2026-07-25T23:35:10.004395,9,22
2026-07-25 23:36:56,mediboard,대전광역시,3,5,A1600006,학교법인건양교육재단건양대학교병원,1603,A,16,18,24,58391522,5,5,16,2026-07-25T23:35:10.004395,26,34
2026-07-25 23:36:56,mediboard,대전광역시,0,0,A1600002,학교법인을지학원대전을지대학교병원,1603,C,16,19,23,58391800,6,6,16,2026-07-25T23:35:10.004395,25,29
2026-07-25 23:36:56,mediboard,울산광역시,0,0,A1700001,서울산보람병원,1704,D,17,9,10,58391524,1,1,17,2026-07-25T23:35:10.004395,10,11
2026-07-25 23:36:56,mediboard,울산광역시,0,0,A1700003,울산병원,1701,C,17,17,19,58391692,3,3,17,2026-07-25T23:35:10.004395,20,22
2026-07-25 23:36:56,mediboard,울산광역시,0,0,A1700002,의료법인동강의료재단동강병원,1705,C,17,18,24,58391749,3,3,17,2026-07-25T23:35:10.004395,21,27
2026-07-25 23:36:56,mediboard,울산광역시,0,0,A1700025,의료법인송은의료재단울산시티병원,1703,C,17,13,17,58391693,3,3,17,2026-07-25T23:35:10.004395,16,20
2026-07-25 23:36:56,mediboard,울산광역시,0,0,A1700011,의료법인은성의료재단좋은삼정병원,1701,D,17,7,9,58391750,1,1,17,2026-07-25T23:35:10.004395,8,10
2026-07-25 23:36:56,mediboard,울산광역시,0,0,A1700028,의료법인정안의료재단중앙병원,1701,C,17,6,17,58391579,3,3,17,2026-07-25T23:35:10.004395,9,20
2026-07-25 23:36:56,mediboard,울산광역시,6,8,A1700004,학교법인울산공업학원울산대학교병원,1702,A,17,11,23,58391636,5,6,17,2026-07-25T23:35:10.004395,22,37
2026-07-25 23:36:56,mediboard,경기도,0,0,A2100019,(의)영문의료재단다보스병원,2136,C,21,5,13,58391480,7,7,21,2026-07-25T23:35:10.004395,12,20
2026-07-25 23:36:56,mediboard,경기도,0,0,A2100122,(의)효심의료재단용인서울병원,2136,D,21,9,10,58391852,0,0,21,2026-07-25T23:35:10.004395,9,10
2026-07-25 23:36:56,mediboard,경기도,0,0,A2100052,가톨릭대학교부천성모병원,2113,C,21,16,31,58391485,6,6,21,2026-07-25T23:35:10.004395,22,37
2026-07-25 23:36:56,mediboard,경기도,8,8,A2100012,가톨릭대학교성빈센트병원,2122,C,21,20,28,58391637,5,6,21,2026-07-25T23:35:10.004395,31,40
2026-07-25 23:36:56,mediboard,경기도,11,11,A2100040,가톨릭대학교의정부성모병원,2138,A,21,28,44,58391532,6,6,21,2026-07-25T23:35:10.004395,45,61
2026-07-25 23:36:56,mediboard,경기도,0,0,A2100029,강남병원,2134,C,21,15,17,58391753,3,3,21,2026-07-25T23:35:10.004395,18,20
2026-07-25 23:36:56,mediboard,경기도,0,0,A2100032,경기도의료원수원병원,2121,D,21,6,8,58391695,5,5,21,2026-07-25T23:35:10.004395,11,13
2026-07-25 23:36:56,mediboard,경기도,0,0,A2100045,경기도의료원안성병원,2126,D,21,13,14,58391696,1,5,21,2026-07-25T23:35:10.004395,14,19
2026-07-25 23:36:56,mediboard,경기도,0,0,A2100043,경기도의료원의정부병원,2138,D,21,9,10,58391848,1,1,21,2026-07-25T23:35:10.004395,10,11
2026-07-25 23:36:56,mediboard,경기도,0,0,A2100193,경기도의료원이천병원,2139,C,21,12,17,58391534,3,3,21,2026-07-25T23:35:10.004395,15,20
2026-07-25 23:36:56,mediboard,경기도,0,0,A2100035,경기도의료원파주병원,2140,C,21,16,17,58391483,3,3,21,2026-07-25T23:35:10.004395,19,20
2026-07-25 23:36:56,mediboard,경기도,0,0,A2100031,경기도의료원포천병원,2142,C,21,16,17,58391640,3,3,21,2026-07-25T23:35:10.004395,19,20
2026-07-25 23:36:56,mediboard,경기도,4,4,A2100003,고려대학교의과대학부속안산병원,2124,A,21,8,22,58391527,6,8,21,2026-07-25T23:35:10.004395,18,34
2026-07-25 23:36:56,mediboard,경기도,4,4,A2100007,광명성애병원,2106,C,21,0,11,58391802,5,5,21,2026-07-25T23:35:10.004395,9,20
2026-07-25 23:36:56,mediboard,경기도,0,0,A2100258,국군수도병원,2116,D,21,12,16,58391755,0,2,21,2026-07-25T23:35:10.004395,12,18
2026-07-25 23:36:56,mediboard,경기도,0,0,A2100049,국립암센터,2103,D,21,16,24,58391642,1,1,21,2026-07-25T23:35:10.004395,17,25
2026-07-25 23:36:56,mediboard,경기도,0,5,A2100033,국민건강보험공단일산병원,2103,A,21,4,23,58391846,4,5,21,2026-07-25T23:35:10.004395,8,33
2026-07-25 23:36:56,mediboard,경기도,0,0,A2100014,근로복지공단안산병원,2125,D,21,6,7,58391581,1,1,21,2026-07-25T23:35:10.004395,7,8
2026-07-25 23:36:56,mediboard,경기도,0,0,A2100041,남양주한양병원,2111,C,21,16,17,58391847,3,3,21,2026-07-25T23:35:10.004395,19,20
2026-07-25 23:36:56,mediboard,경기도,0,0,A2100017,대아의료재단한도병원,2124,C,21,15,17,58391582,3,3,21,2026-07-25T23:35:10.004395,18,20
2026-07-25 23:36:56,mediboard,경기도,3,3,A2100025,대진의료재단분당제생병원,2116,C,21,4,24,58391804,3,3,21,2026-07-25T23:35:10.004395,10,30
2026-07-25 23:36:56,mediboard,경기도,3,3,A2100047,동국대학교일산불교병원,2103,C,21,15,19,58391641,7,7,21,2026-07-25T23:35:10.004395,25,29
2026-07-25 23:36:56,mediboard,경기도,0,0,A2100131,메디인병원,2140,D,21,8,12,58391806,2,2,21,2026-07-25T23:35:10.004395,10,14
2026-07-25 23:36:56,mediboard,경기도,0,0,A2121142,메디필드한강병원,2136,D,21,16,17,58391811,3,3,21,2026-07-25T23:35:10.004395,19,20
2026-07-25 23:36:56,mediboard,경기도,0,0,A2100055,부천세종병원,2113,C,21,12,17,58391587,2,3,21,2026-07-25T23:35:10.004395,14,20
2026-07-25 23:36:56,mediboard,경기도,2,5,A2100001,분당서울대학교병원,2116,A,21,-8,30,58391526,5,5,21,2026-07-25T23:35:10.004395,-1,40
2026-07-25 23:36:56,mediboard,경기도,6,6,A2116806,성남시의료원,2117,C,21,15,17,58391810,6,6,21,2026-07-25T23:35:10.004395,27,29
2026-07-25 23:36:56,mediboard,경기도,0,0,A2100194,세종여주병원,2131,D,21,1,6,58391486,10,10,21,2026-07-25T23:35:10.004395,11,16
2026-07-25 23:36:56,mediboard,경기도,0,0,A2100016,순천의료재단성남정병원,2117,D,21,8,9,58391530,2,2,21,2026-07-25T23:35:10.004395,10,11
2026-07-25 23:36:56,mediboard,경기도,5,5,A2100005,순천향대학교부속부천병원,2113,A,21,5,17,58391479,3,5,21,2026-07-25T23:35:10.004395,13,27
2026-07-25 23:36:56,mediboard,경기도,3,14,A2100002,아주대학교병원,2120,A,21,7,32,58391580,5,13,21,2026-07-25T23:35:10.004395,14,54
2026-07-25 23:36:56,mediboard,경기도,0,0,A2100305,안성성모병원,2126,D,21,8,9,58391809,1,1,21,2026-07-25T23:35:10.004395,9,10
2026-07-25 23:36:56,mediboard,경기도,0,0,A2100089,양평병원,2130,D,21,8,9,58391698,1,1,21,2026-07-25T23:35:10.004395,9,10
2026-07-25 23:36:56,mediboard,경기도,0,0,A2118188,엘병원,2111,D,21,4,8,58391700,2,2,21,2026-07-25T23:35:10.004395,6,10
2026-07-25 23:36:56,mediboard,경기도,6,6,A2100020,연세대학교의과대학용인세브란스병원,2134,C,21,8,16,58391844,2,4,21,2026-07-25T23:35:10.004395,16,26
2026-07-25 23:36:56,mediboard,경기도,0,0,E2100187,연천군보건의료원,2132,D,21,10,10,58391504,0,0,21,2026-07-25T23:35:10.004395,10,10
2026-07-25 23:36:56,mediboard,경기도,0,0,A2100024,오산한국병원,2133,C,21,12,17,58391845,2,3,21,2026-07-25T23:35:10.004395,14,20
2026-07-25 23:36:56,mediboard,경기도,0,0,A2100048,원광대학교산본병원,2109,C,21,14,17,58391586,3,3,21,2026-07-25T23:35:10.004395,17,20
2026-07-25 23:36:56,mediboard,경기도,0,0,A2100013,의료법인 록향의료재단 신천연합병원,2123,D,21,5,10,58391803,1,1,21,2026-07-25T23:35:10.004395,6,11
2026-07-25 23:36:56,mediboard,경기도,0,0,A2100036,의료법인 일심의료재단 포천우리병원,2142,D,21,18,18,58391585,4,4,21,2026-07-25T23:35:10.004395,22,22
2026-07-25 23:36:56,mediboard,경기도,0,0,A2100309,의료법인갈렌의료재단박병원,2141,D,21,8,10,58391644,1,1,21,2026-07-25T23:35:10.004395,9,11
2026-07-25 23:36:56,mediboard,경기도,5,5,A2100008,의료법인남촌의료재단시화병원,2123,C,21,12,16,58391528,6,6,21,2026-07-25T23:35:10.004395,23,27
2026-07-25 23:36:56,mediboard,경기도,0,0,A2100009,의료법인녹산의료재단동수원병원,2122,C,21,9,17,58391694,1,3,21,2026-07-25T23:35:10.004395,10,20
2026-07-25 23:36:56,mediboard,경기도,0,0,A2100050,의료법인대인의료재단다니엘종합병원,2113,D,21,6,6,58391850,4,4,21,2026-07-25T23:35:10.004395,10,10
2026-07-25 23:36:56,mediboard,경기도,3,3,A2121061,의료법인덕산의료재단수원덕산병원,2119,D,21,22,24,58391853,3,3,21,2026-07-25T23:35:10.004395,28,30
2026-07-25 23:36:56,mediboard,경기도,0,0,A2117135,의료법인명인의료재단화홍병원,2119,C,21,8,15,58391589,5,5,21,2026-07-25T23:35:10.004395,13,20
2026-07-25 23:36:56,mediboard,경기도,1,3,A2100042,의료법인명지의료재단명지병원,2102,A,21,4,15,58391805,7,11,21,2026-07-25T23:35:10.004395,11,26
2026-07-25 23:36:56,mediboard,경기도,0,0,A2100022,의료법인박애의료재단박애병원,2141,D,21,9,10,58391583,1,1,21,2026-07-25T23:35:10.004395,10,11
2026-07-25 23:36:56,mediboard,경기도,0,0,A2100028,의료법인백송의료재단굿모닝병원,2141,C,21,8,19,58391584,9,9,21,2026-07-25T23:35:10.004395,17,28
2026-07-25 23:36:56,mediboard,경기도,0,0,A2100027,의료법인석경의료재단센트럴병원,2123,D,21,17,18,58391639,2,3,21,2026-07-25T23:35:10.004395,19,21
2026-07-25 23:36:56,mediboard,경기도,0,0,A2116972,의료법인성광의료재단일산차병원,2103,D,21,5,6,58391588,3,4,21,2026-07-25T23:35:10.004395,8,10
2026-07-25 23:36:56,mediboard,경기도,0,0,A2113246,의료법인양진의료재단평택성모병원,2141,C,21,13,17,58391645,3,3,21,2026-07-25T23:35:10.004395,16,20
2026-07-25 23:36:56,mediboard,경기도,0,0,A2100034,의료법인영동의료재단의정부백병원,2138,D,21,7,10,58391482,2,2,21,2026-07-25T23:35:10.004395,9,12
2026-07-25 23:36:56,mediboard,경기도,0,0,A2100053,의료법인우리의료재단김포우리병원,2110,C,21,10,22,58391697,7,7,21,2026-07-25T23:35:10.004395,17,29
2026-07-25 23:36:56,mediboard,경기도,0,0,A2115699,의료법인원광의료재단원광종합병원,2146,D,21,9,9,58391535,1,1,21,2026-07-25T23:35:10.004395,10,10
2026-07-25 23:36:56,mediboard,경기도,0,0,A2100018,의료법인은혜와감사의료재단화성중앙종합병원,2144,D,21,7,9,58391752,1,1,21,2026-07-25T23:35:10.004395,8,10
2026-07-25 23:36:56,mediboard,경기도,0,0,A2100006,의료법인인봉의료재단뉴고려병원,2110,C,21,11,14,58391801,6,6,21,2026-07-25T23:35:10.004395,17,20
2026-07-25 23:36:56,mediboard,경기도,0,0,A2100290,의료법인자인의료재단(더자인병원),2102,D,21,14,16,58391643,4,4,21,2026-07-25T23:35:10.004395,18,20
2026-07-25 23:36:56,mediboard,경기도,0,0,A2100124,의료법인칠석의료재단사랑의병원,2125,D,21,8,13,58391533,1,1,21,2026-07-25T23:35:10.004395,9,14
2026-07-25 23:36:56,mediboard,경기도,0,0,A2100175,의료법인토마스의료재단윌스기념병원,2122,D,21,10,18,58391808,3,3,21,2026-07-25T23:35:10.004395,13,21
2026-07-25 23:36:56,mediboard,경기도,0,0,A2100021,의료법인플러스의료재단단원병원,2124,D,21,14,17,58391638,3,3,21,2026-07-25T23:35:10.004395,17,20
2026-07-25 23:36:56,mediboard,경기도,0,4,A2100038,인제대학교일산백병원,2104,C,21,19,34,58391754,3,6,21,2026-07-25T23:35:10.004395,22,44
2026-07-25 23:36:56,mediboard,경기도,0,0,A2118788,중앙대학교광명병원,2106,C,21,10,21,58391487,3,3,21,2026-07-25T23:35:10.004395,13,24
2026-07-25 23:36:56,mediboard,경기도,2,13,A2100030,차의과학대학교분당차병원,2116,A,21,4,22,58391481,7,7,21,2026-07-25T23:35:10.004395,11,40
2026-07-25 23:36:56,mediboard,경기도,1,1,A2100155,참조은병원,2107,C,21,4,9,58391807,10,10,21,2026-07-25T23:35:10.004395,15,20
2026-07-25 23:36:56,mediboard,경기도,0,0,A2100150,추병원,2138,D,21,11,12,58391699,2,2,21,2026-07-25T23:35:10.004395,13,14
2026-07-25 23:36:56,mediboard,경기도,6,6,A2117994,학교법인을지학원의정부을지대학교병원,2138,C,21,23,30,58391590,10,11,21,2026-07-25T23:35:10.004395,39,47
2026-07-25 23:36:56,mediboard,경기도,9,9,A2100046,한림대학교동탄성심병원,2147,C,21,17,32,58391849,3,3,21,2026-07-25T23:35:10.004395,29,44
2026-07-25 23:36:56,mediboard,경기도,0,3,A2100004,한림대학교성심병원,2127,A,21,8,25,58391478,9,11,21,2026-07-25T23:35:10.004395,17,39
2026-07-25 23:36:56,mediboard,경기도,0,0,A2100039,한양대학교구리병원,2108,C,21,8,18,58391531,5,5,21,2026-07-25T23:35:10.004395,13,23
2026-07-25 23:36:56,mediboard,경기도,0,0,A2100037,현대병원,2111,C,21,7,17,58391484,3,3,21,2026-07-25T23:35:10.004395,10,20
2026-07-25 23:36:56,mediboard,경기도,0,0,A2100015,효산의료재단안양샘병원,2128,C,21,8,17,58391529,3,3,21,2026-07-25T23:35:10.004395,11,20
2026-07-25 23:36:56,mediboard,경기도,0,0,A2100054,효산의료재단지샘병원,2109,C,21,15,18,58391851,4,4,21,2026-07-25T23:35:10.004395,19,22
2026-07-25 23:36:56,mediboard,강원특별자치도,3,3,A2200008,강릉아산병원,2201,A,22,12,23,58391701,5,5,22,2026-07-25T23:35:10.004395,20,31
2026-07-25 23:36:56,mediboard,강원특별자치도,3,3,A2200009,강원대학교병원,2213,C,22,10,21,58391854,5,5,22,2026-07-25T23:35:10.004395,18,29
2026-07-25 23:36:56,mediboard,강원특별자치도,0,0,A2200011,강원특별자치도강릉의료원,2201,D,22,2,5,58391647,1,1,22,2026-07-25T23:35:10.004395,3,6
2026-07-25 23:36:56,mediboard,강원특별자치도,1,1,A2200007,강원특별자치도삼척의료원,2204,C,22,16,16,58391488,3,5,22,2026-07-25T23:35:10.004395,20,22
2026-07-25 23:36:56,mediboard,강원특별자치도,0,0,A2200012,강원특별자치도속초의료원,2205,C,22,17,17,58391855,3,3,22,2026-07-25T23:35:10.004395,20,20
2026-07-25 23:36:56,mediboard,강원특별자치도,0,0,A2200002,강원특별자치도영월의료원,2208,D,22,4,9,58391536,1,1,22,2026-07-25T23:35:10.004395,5,10
2026-07-25 23:36:56,mediboard,강원특별자치도,0,0,A2200015,강원특별자치도원주의료원,2209,D,22,11,17,58391649,3,3,22,2026-07-25T23:35:10.004395,14,20
2026-07-25 23:36:56,mediboard,강원특별자치도,0,0,A2200048,근로복지공단정선병원,2211,D,22,5,5,58391592,1,1,22,2026-07-25T23:35:10.004395,6,6
2026-07-25 23:36:56,mediboard,강원특별자치도,0,0,A2200004,근로복지공단태백병원,2214,D,22,9,9,58391591,1,1,22,2026-07-25T23:35:10.004395,10,10
2026-07-25 23:36:56,mediboard,강원특별자치도,3,3,A2200001,연세대학교원주세브란스기독병원,2209,A,22,22,31,58391646,28,45,22,2026-07-25T23:35:10.004395,53,79
2026-07-25 23:36:56,mediboard,강원특별자치도,0,0,A2200005,의료법인강릉동인병원,2201,C,22,14,17,58391757,3,3,22,2026-07-25T23:35:10.004395,17,20
2026-07-25 23:36:56,mediboard,강원특별자치도,0,0,A2200003,의료법인동해동인병원,2203,D,22,9,10,58391756,1,1,22,2026-07-25T23:35:10.004395,10,11
2026-07-25 23:36:56,mediboard,강원특별자치도,0,0,A2200037,의료법인성심의료재단양구성심병원,2206,D,22,2,5,58391856,1,1,22,2026-07-25T23:35:10.004395,3,6
2026-07-25 23:36:56,mediboard,강원특별자치도,0,0,A2200024,의료법인성지의료재단성지병원,2209,D,22,0,7,58391703,1,1,22,2026-07-25T23:35:10.004395,1,8
2026-07-25 23:36:56,mediboard,강원특별자치도,0,0,A2200046,의료법인온세움의료재단온재병원,2205,D,22,7,9,58391857,1,1,22,2026-07-25T23:35:10.004395,8,10
2026-07-25 23:36:56,mediboard,강원특별자치도,0,0,A2201730,철원병원,2212,D,22,3,5,58391537,1,1,22,2026-07-25T23:35:10.004395,4,6
2026-07-25 23:36:56,mediboard,강원특별자치도,0,0,E2200026,평창군보건의료원,2215,D,22,6,6,58391613,1,1,22,2026-07-25T23:35:10.004395,7,7
2026-07-25 23:36:56,mediboard,강원특별자치도,3,3,A2200013,한림대학교춘천성심병원,2213,A,22,16,22,58391489,5,5,22,2026-07-25T23:35:10.004395,24,30
2026-07-25 23:36:56,mediboard,강원특별자치도,0,0,A2200014,홍천아산병원,2216,D,22,7,10,58391648,0,0,22,2026-07-25T23:35:10.004395,7,10
2026-07-25 23:36:56,mediboard,강원특별자치도,0,0,E2200025,화천군보건의료원,2217,D,22,7,7,58391728,1,1,22,2026-07-25T23:35:10.004395,8,8
2026-07-25 23:36:56,mediboard,강원특별자치도,0,0,A2200016,횡성대성병원,2218,D,22,5,9,58391702,1,1,22,2026-07-25T23:35:10.004395,6,10
2026-07-25 23:36:56,mediboard,충청북도,0,0,A2300010,건국대학교충주병원,2314,C,23,16,20,58391858,3,3,23,2026-07-25T23:35:10.004395,19,23
2026-07-25 23:36:56,mediboard,충청북도,0,0,E2300011,단양군보건의료원,2302,D,23,4,6,58391561,1,2,23,2026-07-25T23:35:10.004395,5,8
2026-07-25 23:36:56,mediboard,충청북도,0,0,A2300013,의료법인 건명의료재단 중앙제일병원,2309,C,23,12,17,58391758,3,5,23,2026-07-25T23:35:10.004395,15,22
2026-07-25 23:36:56,mediboard,충청북도,0,0,A2300034,의료법인대광의료재단괴산성모병원,2301,D,23,8,9,58391652,0,1,23,2026-07-25T23:35:10.004395,8,10
2026-07-25 23:36:56,mediboard,충청북도,3,3,A2300009,의료법인명지의료재단명지병원,2307,C,23,13,18,58391651,6,6,23,2026-07-25T23:35:10.004395,22,27
2026-07-25 23:36:56,mediboard,충청북도,0,0,A2300007,의료법인인화재단한국병원,2310,C,23,10,14,58391650,6,6,23,2026-07-25T23:35:10.004395,16,20
2026-07-25 23:36:56,mediboard,충청북도,0,0,A2300005,의료법인자산의료재단제천서울병원,2307,C,23,14,15,58391540,5,5,23,2026-07-25T23:35:10.004395,19,20
2026-07-25 23:36:56,mediboard,충청북도,0,0,A2300003,의료법인정산의료재단효성병원,2310,C,23,17,18,58391539,5,5,23,2026-07-25T23:35:10.004395,22,23
2026-07-25 23:36:56,mediboard,충청북도,0,0,A2300030,의료법인조윤의료재단영동병원,2304,D,23,9,10,58391759,0,0,23,2026-07-25T23:35:10.004395,9,10
2026-07-25 23:36:56,mediboard,충청북도,0,0,A2300002,의료법인한마음의료재단하나병원,2313,C,23,8,11,58391490,12,12,23,2026-07-25T23:35:10.004395,20,23
2026-07-25 23:36:56,mediboard,충청북도,0,0,A2300011,의료법인힐링의료재단옥천성모병원,2305,D,23,7,7,58391812,3,3,23,2026-07-25T23:35:10.004395,10,10
2026-07-25 23:36:56,mediboard,충청북도,0,0,A2300008,청주성모병원,2312,C,23,4,15,58391491,5,10,23,2026-07-25T23:35:10.004395,9,25
2026-07-25 23:36:56,mediboard,충청북도,4,8,A2300001,충북대학교병원,2311,A,23,25,32,58391538,5,5,23,2026-07-25T23:35:10.004395,34,45
2026-07-25 23:36:56,mediboard,충청북도,0,0,A2300006,충청북도청주의료원,2311,D,23,11,12,58391594,4,4,23,2026-07-25T23:35:10.004395,15,16
2026-07-25 23:36:56,mediboard,충청북도,0,0,A2300004,충청북도충주의료원,2314,D,23,17,18,58391593,3,3,23,2026-07-25T23:35:10.004395,20,21
2026-07-25 23:36:56,mediboard,충청남도,1,4,A2400002,단국대학교의과대학부속병원,2412,A,24,18,27,58391542,5,5,24,2026-07-25T23:35:10.004395,24,36
2026-07-25 23:36:56,mediboard,충청남도,0,0,A2400008,당진종합병원,2405,C,24,10,17,58391543,3,3,24,2026-07-25T23:35:10.004395,13,20
2026-07-25 23:36:56,mediboard,충청남도,0,4,A2400003,서산중앙병원,2408,C,24,9,17,58391492,3,3,24,2026-07-25T23:35:10.004395,12,24
2026-07-25 23:36:56,mediboard,충청남도,0,0,A2402257,아산충무병원,2410,C,24,10,13,58391859,8,8,24,2026-07-25T23:35:10.004395,18,21
2026-07-25 23:36:56,mediboard,충청남도,0,0,A2400044,의료법인 서해병원,2409,D,24,5,5,58391544,2,2,24,2026-07-25T23:35:10.004395,7,7
2026-07-25 23:36:56,mediboard,충청남도,0,0,A2400004,의료법인 예당의료재단 예산종합병원,2411,D,24,6,6,58391704,1,1,24,2026-07-25T23:35:10.004395,7,7
2026-07-25 23:36:56,mediboard,충청남도,0,0,A2400009,의료법인백제병원,2404,C,24,18,20,58391494,3,3,24,2026-07-25T23:35:10.004395,21,23
2026-07-25 23:36:56,mediboard,충청남도,0,0,A2400012,의료법인영서의료재단천안충무병원,2413,C,24,9,16,58391653,5,5,24,2026-07-25T23:35:10.004395,14,21
2026-07-25 23:36:56,mediboard,충청남도,0,0,A2400011,재단법인아산사회복지재단보령아산병원,2406,C,24,13,17,58391595,3,3,24,2026-07-25T23:35:10.004395,16,20
2026-07-25 23:36:56,mediboard,충청남도,0,0,E2400032,청양군보건의료원,2414,D,24,6,6,58391670,1,1,24,2026-07-25T23:35:10.004395,7,7
2026-07-25 23:36:56,mediboard,충청남도,0,0,A2400010,충청남도공주의료원,2402,D,24,10,15,58391495,1,1,24,2026-07-25T23:35:10.004395,11,16
2026-07-25 23:36:56,mediboard,충청남도,0,0,A2400006,충청남도서산의료원,2408,C,24,11,17,58391493,3,3,24,2026-07-25T23:35:10.004395,14,20
2026-07-25 23:36:56,mediboard,충청남도,0,0,A2400005,충청남도천안의료원,2412,D,24,11,12,58391760,1,2,24,2026-07-25T23:35:10.004395,12,14
2026-07-25 23:36:56,mediboard,충청남도,1,1,A2400007,충청남도홍성의료원,2416,C,24,15,18,58391813,3,3,24,2026-07-25T23:35:10.004395,19,22
2026-07-25 23:36:56,mediboard,충청남도,0,0,E2400033,태안군보건의료원,2415,D,24,10,10,58391505,1,1,24,2026-07-25T23:35:10.004395,11,11
2026-07-25 23:36:56,mediboard,충청남도,0,0,A2400038,학교법인건양교육재단건양대학교부여병원,2407,D,24,8,9,58391654,1,1,24,2026-07-25T23:35:10.004395,9,10
2026-07-25 23:36:56,mediboard,충청남도,14,18,A2400001,학교법인동은학원순천향대학교부속천안병원,2412,A,24,14,22,58391541,11,11,24,2026-07-25T23:35:10.004395,35,47
2026-07-25 23:36:56,mediboard,충청남도,0,0,A2400039,현대병원,2410,D,24,5,10,58391761,1,1,24,2026-07-25T23:35:10.004395,6,11
2026-07-25 23:36:56,mediboard,전북특별자치도,0,0,A2500038,김제우석병원,2503,D,25,9,10,58391496,1,1,25,2026-07-25T23:35:10.004395,10,11
2026-07-25 23:36:56,mediboard,전북특별자치도,0,0,A2500056,대자인병원,2512,C,25,19,33,58391656,3,3,25,2026-07-25T23:35:10.004395,22,36
2026-07-25 23:36:56,mediboard,전북특별자치도,0,0,E2500019,무주군보건의료원,2505,D,25,4,4,58391828,1,1,25,2026-07-25T23:35:10.004395,5,5
2026-07-25 23:36:56,mediboard,전북특별자치도,0,0,A2500010,부안성모병원,2506,D,25,9,10,58391763,2,2,25,2026-07-25T23:35:10.004395,11,12
2026-07-25 23:36:56,mediboard,전북특별자치도,3,3,A2502742,새강병원,2513,D,25,11,14,58391862,3,3,25,2026-07-25T23:35:10.004395,17,20
2026-07-25 23:36:56,mediboard,전북특별자치도,0,0,E2500021,순창군보건의료원,2507,D,25,9,9,58391562,1,1,25,2026-07-25T23:35:10.004395,10,10
2026-07-25 23:36:56,mediboard,전북특별자치도,3,3,A2500001,원광대학교병원,2509,A,25,13,28,58391860,5,5,25,2026-07-25T23:35:10.004395,21,36
2026-07-25 23:36:56,mediboard,전북특별자치도,0,0,A2500011,의료법인대산의료재단익산병원,2509,C,25,11,17,58391655,3,3,25,2026-07-25T23:35:10.004395,14,20
2026-07-25 23:36:56,mediboard,전북특별자치도,0,0,A2500009,의료법인석천재단고창병원,2501,D,25,2,10,58391814,1,1,25,2026-07-25T23:35:10.004395,3,11
2026-07-25 23:36:56,mediboard,전북특별자치도,0,0,A2500005,의료법인영경의료재단전주병원,2513,C,25,12,17,58391706,3,3,25,2026-07-25T23:35:10.004395,15,20
2026-07-25 23:36:56,mediboard,전북특별자치도,0,0,A2501890,의료법인영경의료재단호성전주병원,2512,D,25,8,9,58391596,1,1,25,2026-07-25T23:35:10.004395,9,10
2026-07-25 23:36:56,mediboard,전북특별자치도,0,0,A2500012,의료법인오성의료재단동군산병원,2502,C,25,16,17,58391861,6,6,25,2026-07-25T23:35:10.004395,22,23
2026-07-25 23:36:56,mediboard,전북특별자치도,0,0,E2500022,임실군보건의료원,2510,D,25,2,4,58391829,1,1,25,2026-07-25T23:35:10.004395,3,5
2026-07-25 23:36:56,mediboard,전북특별자치도,0,0,E2500020,장수군보건의료원,2511,D,25,5,5,58391671,1,1,25,2026-07-25T23:35:10.004395,6,6
2026-07-25 23:36:56,mediboard,전북특별자치도,0,0,A2500008,재단법인 아산사회복지재단 정읍아산병원,2514,C,25,13,17,58391546,3,3,25,2026-07-25T23:35:10.004395,16,20
2026-07-25 23:36:56,mediboard,전북특별자치도,6,12,A2500006,재단법인예수병원유지재단예수병원,2513,C,25,23,38,58391545,5,5,25,2026-07-25T23:35:10.004395,32,53
2026-07-25 23:36:56,mediboard,전북특별자치도,3,5,A2500002,전북대학교병원,2512,A,25,26,36,58391762,7,7,25,2026-07-25T23:35:10.004395,36,48
2026-07-25 23:36:56,mediboard,전북특별자치도,0,0,A2500007,전북특별자치도군산의료원,2502,C,25,10,17,58391707,3,3,25,2026-07-25T23:35:10.004395,13,20
2026-07-25 23:36:56,mediboard,전북특별자치도,0,0,A2500004,전북특별자치도남원의료원,2504,C,25,10,17,58391705,3,3,25,2026-07-25T23:35:10.004395,13,20
2026-07-25 23:36:56,mediboard,전북특별자치도,0,0,A2502031,진안군의료원,2515,D,25,4,6,58391764,2,2,25,2026-07-25T23:35:10.004395,6,8
2026-07-25 23:36:56,mediboard,전라남도,0,0,A2600029,곡성사랑병원,2603,D,26,5,5,58391766,1,1,26,2026-07-25T23:35:10.004395,6,6
2026-07-25 23:36:56,mediboard,전라남도,0,0,A2600006,광양사랑병원,2604,D,26,9,9,58391498,1,1,26,2026-07-25T23:35:10.004395,10,10
2026-07-25 23:36:56,mediboard,전라남도,0,0,A2600061,구례병원,2605,D,26,10,10,58391817,0,0,26,2026-07-25T23:35:10.004395,10,10
2026-07-25 23:36:56,mediboard,전라남도,0,0,A2600016,나주종합병원,2606,D,26,9,10,58391709,0,0,26,2026-07-25T23:35:10.004395,9,10
2026-07-25 23:36:56,mediboard,전라남도,0,0,A2600054,담양사랑병원,2607,D,26,3,6,58391713,2,2,26,2026-07-25T23:35:10.004395,5,8
2026-07-25 23:36:56,mediboard,전라남도,0,0,A2600003,대송의료재단무안병원,2609,D,26,2,4,58391815,1,1,26,2026-07-25T23:35:10.004395,3,5
2026-07-25 23:36:56,mediboard,전라남도,0,0,A2600020,목포기독병원,2608,D,26,13,17,58391548,3,3,26,2026-07-25T23:35:10.004395,16,20
2026-07-25 23:36:56,mediboard,전라남도,0,0,A2600022,목포시의료원,2608,D,26,8,9,58391866,1,1,26,2026-07-25T23:35:10.004395,9,10
2026-07-25 23:36:56,mediboard,전라남도,2,3,A2600011,목포한국병원,2608,A,26,10,18,58391657,5,5,26,2026-07-25T23:35:10.004395,17,26
2026-07-25 23:36:56,mediboard,전라남도,0,0,A2600052,보성아산병원,2610,D,26,6,8,58391870,1,1,26,2026-07-25T23:35:10.004395,7,9
2026-07-25 23:36:56,mediboard,전라남도,0,0,A2602211,빛가람종합병원,2606,D,26,4,9,58391600,1,1,26,2026-07-25T23:35:10.004395,5,10
2026-07-25 23:36:56,mediboard,전라남도,2,4,A2600019,성가롤로병원,2611,A,26,4,18,58391710,5,5,26,2026-07-25T23:35:10.004395,11,27
2026-07-25 23:36:56,mediboard,전라남도,0,0,A2600008,순천제일병원,2611,D,26,4,9,58391765,1,1,26,2026-07-25T23:35:10.004395,5,10
2026-07-25 23:36:56,mediboard,전라남도,0,0,A2600004,순천중앙병원,2611,D,26,5,5,58391708,1,1,26,2026-07-25T23:35:10.004395,6,6
2026-07-25 23:36:56,mediboard,전라남도,0,0,A2600010,여수전남병원,2613,D,26,5,10,58391864,1,1,26,2026-07-25T23:35:10.004395,6,11
2026-07-25 23:36:56,mediboard,전라남도,0,0,A2600014,여천전남병원,2613,C,26,12,17,58391547,3,3,26,2026-07-25T23:35:10.004395,15,20
2026-07-25 23:36:56,mediboard,전라남도,0,0,A2600015,영광종합병원,2614,D,26,7,10,58391816,3,3,26,2026-07-25T23:35:10.004395,10,13
2026-07-25 23:36:56,mediboard,전라남도,0,0,A2600070,영암한국병원,2615,D,26,7,8,58391818,0,1,26,2026-07-25T23:35:10.004395,7,9
2026-07-25 23:36:56,mediboard,전라남도,0,0,A2600032,완도대성병원,2616,D,26,3,5,58391659,1,1,26,2026-07-25T23:35:10.004395,4,6
2026-07-25 23:36:56,mediboard,전라남도,0,0,A2600034,의료법인 거명의료재단 영광기독병원,2614,D,26,7,10,58391712,1,1,26,2026-07-25T23:35:10.004395,8,11
2026-07-25 23:36:56,mediboard,전라남도,0,0,A2600017,의료법인목포구암의료재단목포중앙병원,2608,C,26,12,16,58391598,4,4,26,2026-07-25T23:35:10.004395,16,20
2026-07-25 23:36:56,mediboard,전라남도,0,0,A2600066,의료법인삼호의료재단벌교삼호병원,2610,D,26,6,6,58391550,1,1,26,2026-07-25T23:35:10.004395,7,7
2026-07-25 23:36:56,mediboard,전라남도,0,0,A2600051,의료법인신안대우병원,2612,D,26,4,4,58391869,1,1,26,2026-07-25T23:35:10.004395,5,5
2026-07-25 23:36:56,mediboard,전라남도,0,0,A2600018,의료법인영성의료재단고흥종합병원,2602,D,26,9,10,58391658,0,0,26,2026-07-25T23:35:10.004395,9,10
2026-07-25 23:36:56,mediboard,전라남도,0,0,A2600021,의료법인우범의료재단장흥종합병원,2618,D,26,8,9,58391865,1,1,26,2026-07-25T23:35:10.004395,9,10
2026-07-25 23:36:56,mediboard,전라남도,0,0,A2600068,의료법인장호의료재단녹동현대병원,2602,D,26,3,3,58391714,2,2,26,2026-07-25T23:35:10.004395,5,5
2026-07-25 23:36:56,mediboard,전라남도,0,0,A2600005,의료법인한국의료재단한국병원,2611,D,26,4,11,58391497,1,1,26,2026-07-25T23:35:10.004395,5,12
2026-07-25 23:36:56,mediboard,전라남도,0,0,A2600027,의료법인한마음의료재단여수제일병원,2613,D,26,8,9,58391711,1,1,26,2026-07-25T23:35:10.004395,9,10
2026-07-25 23:36:56,mediboard,전라남도,0,0,A2600035,의료법인행복나눔의료재단장성병원,2617,D,26,3,4,58391599,1,1,26,2026-07-25T23:35:10.004395,4,5
2026-07-25 23:36:56,mediboard,전라남도,0,0,A2600009,의료법인행촌의료재단해남종합병원,2621,D,26,8,10,58391863,1,1,26,2026-07-25T23:35:10.004395,9,11
2026-07-25 23:36:56,mediboard,전라남도,0,0,A2600024,의료법인현경의료재단광양서울병원,2604,D,26,7,9,58391867,1,1,26,2026-07-25T23:35:10.004395,8,10
2026-07-25 23:36:56,mediboard,전라남도,0,0,A2600037,장흥우리병원,2618,D,26,4,4,58391549,1,1,26,2026-07-25T23:35:10.004395,5,5
2026-07-25 23:36:56,mediboard,전라남도,0,0,A2600050,전라남도강진의료원,2601,D,26,6,9,58391767,1,1,26,2026-07-25T23:35:10.004395,7,10
2026-07-25 23:36:56,mediboard,전라남도,0,0,A2600056,전라남도순천의료원,2611,D,26,6,6,58391871,2,2,26,2026-07-25T23:35:10.004395,8,8
2026-07-25 23:36:56,mediboard,전라남도,0,0,A2600040,진도한국병원,2619,D,26,4,4,58391868,1,1,26,2026-07-25T23:35:10.004395,5,5
2026-07-25 23:36:56,mediboard,전라남도,0,0,A2600077,해남우리종합병원,2621,D,26,14,15,58391551,4,4,26,2026-07-25T23:35:10.004395,18,19
2026-07-25 23:36:56,mediboard,전라남도,1,1,A2600001,화순전남대학교병원,2622,C,26,15,16,58391597,7,7,26,2026-07-25T23:35:10.004395,23,24
2026-07-25 23:36:56,mediboard,경상북도,0,0,A2700018,경상북도김천의료원,2706,D,27,14,17,58391720,1,1,27,2026-07-25T23:35:10.004395,15,18
2026-07-25 23:36:56,mediboard,경상북도,0,0,A2700001,경상북도안동의료원,2711,D,27,6,6,58391499,2,2,27,2026-07-25T23:35:10.004395,8,8
2026-07-25 23:36:56,mediboard,경상북도,0,0,A2700005,경상북도포항의료원,2724,D,27,7,8,58391715,2,2,27,2026-07-25T23:35:10.004395,9,10
2026-07-25 23:36:56,mediboard,경상북도,0,0,A2700097,계명대학교경주동산병원,2702,D,27,5,9,58391768,1,1,27,2026-07-25T23:35:10.004395,6,10
2026-07-25 23:36:56,mediboard,경상북도,0,0,A2700015,구미강동병원,2704,D,27,5,7,58391719,3,3,27,2026-07-25T23:35:10.004395,8,10
2026-07-25 23:36:56,mediboard,경상북도,1,3,A2700003,동국대학교의과대학경주병원,2702,C,27,7,16,58391819,7,7,27,2026-07-25T23:35:10.004395,15,26
2026-07-25 23:36:56,mediboard,경상북도,0,0,A2700011,상주적십자병원,2709,D,27,6,9,58391872,1,1,27,2026-07-25T23:35:10.004395,7,10
2026-07-25 23:36:56,mediboard,경상북도,2,4,A2700013,순천향대학교부속구미병원,2704,C,27,7,13,58391603,3,3,27,2026-07-25T23:35:10.004395,12,20
2026-07-25 23:36:56,mediboard,경상북도,0,0,A2700004,안동성소병원,2711,C,27,7,12,58391500,7,8,27,2026-07-25T23:35:10.004395,14,20
2026-07-25 23:36:56,mediboard,경상북도,0,0,A2700008,에스포항병원,2723,D,27,3,6,58391717,1,1,27,2026-07-25T23:35:10.004395,4,7
2026-07-25 23:36:56,mediboard,경상북도,0,0,A2700017,영남대학교의과대학부속영천병원,2715,D,27,8,10,58391661,3,3,27,2026-07-25T23:35:10.004395,11,13
2026-07-25 23:36:56,mediboard,경상북도,0,0,A2700031,영주기독병원,2714,D,27,0,4,58391553,1,1,27,2026-07-25T23:35:10.004395,1,5
2026-07-25 23:36:56,mediboard,경상북도,0,0,A2700020,영주자인병원,2714,D,27,4,4,58391662,1,1,27,2026-07-25T23:35:10.004395,5,5
2026-07-25 23:36:56,mediboard,경상북도,0,0,A2702752,영주적십자병원,2714,D,27,9,10,58391605,1,1,27,2026-07-25T23:35:10.004395,10,11
2026-07-25 23:36:56,mediboard,경상북도,0,0,E2700553,울릉군보건의료원,2717,D,27,4,5,58391506,0,0,27,2026-07-25T23:35:10.004395,4,5
2026-07-25 23:36:56,mediboard,경상북도,0,0,A2700052,울진군의료원,2718,D,27,7,8,58391555,2,2,27,2026-07-25T23:35:10.004395,9,10
2026-07-25 23:36:56,mediboard,경상북도,0,0,A2700019,의)근원의료재단경산중앙병원,2701,D,27,5,10,58391552,2,2,27,2026-07-25T23:35:10.004395,7,12
2026-07-25 23:36:56,mediboard,경상북도,0,0,A2700038,의료법인대남의료재단청도대남병원,2720,D,27,10,10,58391873,0,0,27,2026-07-25T23:35:10.004395,10,10
2026-07-25 23:36:56,mediboard,경상북도,0,0,A2700012,의료법인덕산의료재단김천제일병원,2706,C,27,14,16,58391718,4,4,27,2026-07-25T23:35:10.004395,18,20
2026-07-25 23:36:56,mediboard,경상북도,0,0,A2700006,의료법인동춘의료재단문경제일병원,2707,C,27,14,17,58391716,2,3,27,2026-07-25T23:35:10.004395,16,20
2026-07-25 23:36:56,mediboard,경상북도,0,0,A2700009,의료법인삼백의료재단상주성모병원,2709,D,27,9,9,58391820,1,1,27,2026-07-25T23:35:10.004395,10,10
2026-07-25 23:36:56,mediboard,경상북도,0,0,A2700036,의료법인서명의료재단세명종합병원,2701,D,27,10,13,58391554,2,2,27,2026-07-25T23:35:10.004395,12,15
2026-07-25 23:36:56,mediboard,경상북도,0,0,A2700023,의료법인서준의료재단예천권병원,2716,D,27,6,6,58391604,1,1,27,2026-07-25T23:35:10.004395,7,7
2026-07-25 23:36:56,mediboard,경상북도,1,3,A2700014,의료법인안동병원,2711,A,27,10,17,58391501,5,5,27,2026-07-25T23:35:10.004395,16,25
2026-07-25 23:36:56,mediboard,경상북도,0,0,A2700070,의료법인영암의료재단고령영생병원,2703,D,27,4,5,58391664,1,1,27,2026-07-25T23:35:10.004395,5,6
2026-07-25 23:36:56,mediboard,경상북도,0,0,A2700063,의료법인영제의료재단영남제일병원,2719,D,27,4,5,58391663,1,1,27,2026-07-25T23:35:10.004395,5,6
2026-07-25 23:36:56,mediboard,경상북도,0,0,A2702563,의료법인은성의료재단좋은선린병원,2724,D,27,8,10,58391665,2,2,27,2026-07-25T23:35:10.004395,10,12
2026-07-25 23:36:56,mediboard,경상북도,4,5,A2700007,차의과학대학교부속구미차병원,2704,A,27,15,20,58391602,6,12,27,2026-07-25T23:35:10.004395,25,37
2026-07-25 23:36:56,mediboard,경상북도,0,0,E2700554,청송군보건의료원,2721,D,27,5,5,58391729,1,1,27,2026-07-25T23:35:10.004395,6,6
2026-07-25 23:36:56,mediboard,경상북도,11,11,A2700016,포항성모병원,2723,A,27,4,20,58391660,5,15,27,2026-07-25T23:35:10.004395,20,46
2026-07-25 23:36:56,mediboard,경상북도,0,0,A2700002,포항세명기독병원,2723,C,27,2,15,58391601,10,10,27,2026-07-25T23:35:10.004395,12,25
2026-07-25 23:36:56,mediboard,경상남도,0,0,A2800032,강병원,2803,D,28,9,9,58391771,1,1,28,2026-07-25T23:35:10.004395,10,10
2026-07-25 23:36:56,mediboard,경상남도,0,0,A2803677,강일병원,2804,D,28,8,8,58391610,3,3,28,2026-07-25T23:35:10.004395,11,11
2026-07-25 23:36:56,mediboard,경상남도,0,0,A2800076,거창적십자병원,2802,D,28,8,9,58391774,1,1,28,2026-07-25T23:35:10.004395,9,10
2026-07-25 23:36:56,mediboard,경상남도,3,3,A2800001,경상국립대학교병원,2811,A,28,15,30,58391821,4,5,28,2026-07-25T23:35:10.004395,22,38
2026-07-25 23:36:56,mediboard,경상남도,0,0,A2800025,경상남도마산의료원,2813,D,28,11,13,58391608,2,2,28,2026-07-25T23:35:10.004395,13,15
2026-07-25 23:36:56,mediboard,경상남도,0,0,A2800113,밀양병원,2806,D,28,7,8,58391826,1,1,28,2026-07-25T23:35:10.004395,8,9
2026-07-25 23:36:56,mediboard,경상남도,0,0,A2800084,반도병원,2811,D,28,7,7,58391726,1,1,28,2026-07-25T23:35:10.004395,8,8
2026-07-25 23:36:56,mediboard,경상남도,0,0,A2800019,베데스다복음병원,2809,D,28,7,9,58391823,1,1,28,2026-07-25T23:35:10.004395,8,10
2026-07-25 23:36:56,mediboard,경상남도,0,0,E2800380,산청군보건의료원,2808,D,28,4,5,58391614,1,1,28,2026-07-25T23:35:10.004395,5,6
2026-07-25 23:36:56,mediboard,경상남도,0,0,A2800055,삼성합천병원,2822,D,28,3,4,58391772,1,1,28,2026-07-25T23:35:10.004395,4,5
2026-07-25 23:36:56,mediboard,경상남도,0,0,A2800101,삼천포제일병원,2807,D,28,8,8,58391609,2,2,28,2026-07-25T23:35:10.004395,10,10
2026-07-25 23:36:56,mediboard,경상남도,0,0,A2800092,새통영병원,2818,D,28,0,9,58391558,1,1,28,2026-07-25T23:35:10.004395,1,10
2026-07-25 23:36:56,mediboard,경상남도,6,10,A2800011,양산부산대학교병원,2809,A,28,8,23,58391666,6,8,28,2026-07-25T23:35:10.004395,18,39
2026-07-25 23:36:56,mediboard,경상남도,0,0,A2804593,양산성모병원,2809,D,28,9,13,58391611,1,1,28,2026-07-25T23:35:10.004395,10,14
2026-07-25 23:36:56,mediboard,경상남도,0,0,A2800021,연세에스병원,2817,D,28,9,9,58391557,1,1,28,2026-07-25T23:35:10.004395,10,10
2026-07-25 23:36:56,mediboard,경상남도,0,0,A2800090,의령병원,2810,D,28,4,4,58391668,1,1,28,2026-07-25T23:35:10.004395,5,5
2026-07-25 23:36:56,mediboard,경상남도,0,0,A2800008,의료법인 거붕 백병원,2801,D,28,6,9,58391722,1,1,28,2026-07-25T23:35:10.004395,7,10
2026-07-25 23:36:56,mediboard,경상남도,0,0,A2800005,의료법인 대우의료재단대우병원,2801,D,28,5,9,58391502,0,1,28,2026-07-25T23:35:10.004395,5,10
2026-07-25 23:36:56,mediboard,경상남도,0,0,A2800015,의료법인 문병욱의료재단 진주고려병원,2811,D,28,10,10,58391822,1,1,28,2026-07-25T23:35:10.004395,11,11
2026-07-25 23:36:56,mediboard,경상남도,0,0,A2800022,의료법인 성념의료재단맑은샘병원,2801,D,28,7,9,58391874,1,1,28,2026-07-25T23:35:10.004395,8,10
2026-07-25 23:36:56,mediboard,경상남도,0,0,A2800094,의료법인 이도의료재단 남해병원,2805,D,28,8,8,58391669,2,2,28,2026-07-25T23:35:10.004395,10,10
2026-07-25 23:36:56,mediboard,경상남도,0,0,A2800014,의료법인갑을의료재단 갑을장유병원,2804,D,28,1,9,58391724,1,1,28,2026-07-25T23:35:10.004395,2,10
2026-07-25 23:36:56,mediboard,경상남도,0,0,A2800006,의료법인숭인의료재단 김해복음병원,2804,C,28,12,16,58391769,4,4,28,2026-07-25T23:35:10.004395,16,20
2026-07-25 23:36:56,mediboard,경상남도,0,0,A2800068,의료법인승연의료재단 삼천포서울병원,2807,D,28,9,9,58391773,1,1,28,2026-07-25T23:35:10.004395,10,10
2026-07-25 23:36:56,mediboard,경상남도,0,0,A2800009,의료법인청아의료재단청아병원,2814,D,28,6,9,58391723,1,1,28,2026-07-25T23:35:10.004395,7,10
2026-07-25 23:36:56,mediboard,경상남도,0,0,A2800017,의료법인합포의료재단에스엠지연세병원,2813,C,28,12,17,58391667,3,3,28,2026-07-25T23:35:10.004395,15,20
2026-07-25 23:36:56,mediboard,경상남도,0,0,A2800010,의료법인환명의료재단 조은금강병원,2804,C,28,12,17,58391607,3,3,28,2026-07-25T23:35:10.004395,15,20
2026-07-25 23:36:56,mediboard,경상남도,0,0,A2800003,제일병원,2811,C,28,12,17,58391606,3,3,28,2026-07-25T23:35:10.004395,15,20
2026-07-25 23:36:56,mediboard,경상남도,0,0,A2800037,진주복음병원,2811,D,28,6,9,58391503,1,1,28,2026-07-25T23:35:10.004395,7,10
2026-07-25 23:36:56,mediboard,경상남도,0,0,A2803505,창원경상국립대학교병원,2815,C,28,9,18,58391559,3,10,28,2026-07-25T23:35:10.004395,12,28
2026-07-25 23:36:56,mediboard,경상남도,0,0,A2800004,창원파티마병원,2816,C,28,10,17,58391721,3,3,28,2026-07-25T23:35:10.004395,13,20
2026-07-25 23:36:56,mediboard,경상남도,0,0,A2800007,창원한마음병원,2816,C,28,-1,21,58391770,3,4,28,2026-07-25T23:35:10.004395,2,25
2026-07-25 23:36:56,mediboard,경상남도,0,0,A2800062,태황의료재단한성병원,2812,D,28,8,9,58391825,1,1,28,2026-07-25T23:35:10.004395,9,10
2026-07-25 23:36:56,mediboard,경상남도,8,8,A2800020,학교법인성균관대학삼성창원병원,2814,A,28,19,27,58391556,5,5,28,2026-07-25T23:35:10.004395,32,40
2026-07-25 23:36:56,mediboard,경상남도,0,0,A2800043,한일병원,2811,C,28,14,17,58391824,3,3,28,2026-07-25T23:35:10.004395,17,20
2026-07-25 23:36:56,mediboard,경상남도,0,0,A2800080,함양성심병원,2821,D,28,4,4,58391725,1,1,28,2026-07-25T23:35:10.004395,5,5
2026-07-25 23:36:56,mediboard,제주특별자치도,0,0,A2900003,의료법인 혜인의료재단 한국병원,2902,D,29,2,9,58391775,0,1,29,2026-07-25T23:35:10.004395,2,10
2026-07-25 23:36:56,mediboard,제주특별자치도,1,1,A2900006,의료법인중앙의료재단중앙병원,2902,C,29,4,16,58391612,3,3,29,2026-07-25T23:35:10.004395,8,20
2026-07-25 23:36:56,mediboard,제주특별자치도,0,0,A2900007,제주대학교병원,2902,C,29,2,20,58391727,4,6,29,2026-07-25T23:35:10.004395,6,26
2026-07-25 23:36:56,mediboard,제주특별자치도,4,4,A2900002,제주특별자치도서귀포의료원,2901,C,29,5,16,58391560,5,5,29,2026-07-25T23:35:10.004395,14,25
2026-07-25 23:36:56,mediboard,제주특별자치도,3,3,A2900001,제주한라병원,2902,A,29,7,17,58391875,5,5,29,2026-07-25T23:35:10.004395,15,25
2026-07-25 23:36:56,mediboard,제주특별자치도,0,0,A2900005,한마음병원,2902,C,29,8,17,58391827,1,3,29,2026-07-25T23:35:10.004395,9,20
