collected_at,source,region,childRealTimeBed,childTotalBed,emogCode,emogDesc,emogDstr,emogGrdc2,emogLoca,generalRealTimeBed,generalTotalBed,id,isoRealTimeBed,isoTotalBed,regionCode,updateDate,wholeRealTimeBed,wholeTotalBed
2026-07-26 00:56:04,mediboard,서울특별시,0,0,A1100011,가톨릭대학교여의도성모병원,1120,C,11,14,15,58398273,5,5,11,2026-07-26T00:55:10.006166,19,20
2026-07-26 00:56:04,mediboard,서울특별시,8,8,A1121013,가톨릭대학교은평성모병원,1122,C,11,10,24,58398492,3,4,11,2026-07-26T00:55:10.006166,21,36
2026-07-26 00:56:04,mediboard,서울특별시,3,3,A1100043,강동경희대학교병원,1102,A,11,2,15,58398166,4,5,11,2026-07-26T00:55:10.006166,9,23
2026-07-26 00:56:04,mediboard,서울특별시,2,2,A1100006,강북삼성병원,1123,C,11,7,15,58398486,3,3,11,2026-07-26T00:55:10.006166,12,20
2026-07-26 00:56:04,mediboard,서울특별시,4,4,A1100002,건국대학교병원,1106,C,11,7,20,58398386,3,3,11,2026-07-26T00:55:10.006166,14,27
2026-07-26 00:56:04,mediboard,서울특별시,0,0,A1100039,경찰병원,1118,D,11,2,3,58398391,2,2,11,2026-07-26T00:55:10.006166,4,5
2026-07-26 00:56:04,mediboard,서울특별시,3,3,A1100001,경희대학교병원,1111,C,11,7,15,58398328,4,5,11,2026-07-26T00:55:10.006166,14,23
2026-07-26 00:56:04,mediboard,서울특별시,2,3,A1100014,고려대학교의과대학부속구로병원,1107,A,11,15,29,58398274,4,5,11,2026-07-26T00:55:10.006166,21,37
2026-07-26 00:56:04,mediboard,서울특별시,0,0,A1100026,구로성심병원,1107,D,11,6,9,58398489,1,1,11,2026-07-26T00:55:10.006166,7,10
2026-07-26 00:56:04,mediboard,서울특별시,3,3,A1100052,국립중앙의료원,1124,C,11,246,246,58398437,1235,1236,11,2026-07-26T00:55:10.006166,1484,1485
2026-07-26 00:56:04,mediboard,서울특별시,0,0,A1122033,기쁨병원,1115,D,11,2,4,58398121,1,1,11,2026-07-26T00:55:10.006166,3,5
2026-07-26 00:56:04,mediboard,서울특별시,0,0,A1100048,노원을지대학교병원,1109,C,11,13,17,58398119,5,5,11,2026-07-26T00:55:10.006166,18,22
2026-07-26 00:56:04,mediboard,서울특별시,0,0,A1100044,녹색병원,1125,D,11,0,5,58398436,5,5,11,2026-07-26T00:55:10.006166,5,10
2026-07-26 00:56:04,mediboard,서울특별시,0,0,A1100037,대림성모병원,1120,D,11,8,8,58398277,1,2,11,2026-07-26T00:55:10.006166,9,10
2026-07-26 00:56:04,mediboard,서울특별시,0,0,A1100024,명지성모병원,1120,D,11,6,8,58398117,2,2,11,2026-07-26T00:55:10.006166,8,10
2026-07-26 00:56:04,mediboard,서울특별시,0,0,A1100036,부민병원,1104,D,11,6,10,58398490,1,1,11,2026-07-26T00:55:10.006166,7,11
2026-07-26 00:56:04,mediboard,서울특별시,2,4,A1100010,삼성서울병원,1101,C,11,14,52,58398387,4,4,11,2026-07-26T00:55:10.006166,20,60
2026-07-26 00:56:04,mediboard,서울특별시,0,0,A1100021,삼육서울병원,1111,C,11,8,13,58398388,4,7,11,2026-07-26T00:55:10.006166,12,20
2026-07-26 00:56:04,mediboard,서울특별시,9,12,A1100017,서울대학교병원,1123,A,11,-3,24,58398116,8,8,11,2026-07-26T00:55:10.006166,12,42
2026-07-26 00:56:04,mediboard,서울특별시,0,0,A1100050,서울성심병원,1111,D,11,15,17,58398392,3,3,11,2026-07-26T00:55:10.006166,18,20
2026-07-26 00:56:04,mediboard,서울특별시,0,0,A1100029,서울적십자병원,1123,D,11,9,10,58398220,0,1,11,2026-07-26T00:55:10.006166,9,11
2026-07-26 00:56:04,mediboard,서울특별시,0,0,A1100022,서울특별시동부병원,1111,D,11,8,8,58398163,2,2,11,2026-07-26T00:55:10.006166,10,10
2026-07-26 00:56:04,mediboard,서울특별시,3,3,A1100040,서울특별시보라매병원,1112,C,11,13,31,58398221,3,3,11,2026-07-26T00:55:10.006166,19,37
2026-07-26 00:56:04,mediboard,서울특별시,0,0,A1100223,서울특별시서남병원,1119,D,11,16,17,58398167,3,3,11,2026-07-26T00:55:10.006166,19,20
2026-07-26 00:56:04,mediboard,서울특별시,1,3,A1100035,서울특별시서울의료원,1125,A,11,3,19,58398390,5,5,11,2026-07-26T00:55:10.006166,9,27
2026-07-26 00:56:04,mediboard,서울특별시,0,0,A1100028,성심의료재단강동성심병원,1102,C,11,9,15,58398389,9,9,11,2026-07-26T00:55:10.006166,18,24
2026-07-26 00:56:04,mediboard,서울특별시,0,0,A1100054,성애의료재단성애병원,1120,C,11,11,15,58398438,5,11,11,2026-07-26T00:55:10.006166,16,26
2026-07-26 00:56:04,mediboard,서울특별시,0,0,A1100032,세란병원,1123,D,11,9,10,58398276,1,1,11,2026-07-26T00:55:10.006166,10,11
2026-07-26 00:56:04,mediboard,서울특별시,3,4,A1100004,순천향대학교부속서울병원,1121,C,11,16,20,58398272,3,3,11,2026-07-26T00:55:10.006166,22,27
2026-07-26 00:56:04,mediboard,서울특별시,0,0,A1100045,씨엠병원,1120,D,11,8,9,58398332,1,1,11,2026-07-26T00:55:10.006166,9,10
2026-07-26 00:56:04,mediboard,서울특별시,2,2,A1100015,연세대학교의과대학강남세브란스병원,1101,C,11,8,21,58398488,2,3,11,2026-07-26T00:55:10.006166,12,26
2026-07-26 00:56:04,mediboard,서울특별시,5,10,A1100007,연세대학교의과대학세브란스병원,1114,C,11,11,39,58398433,6,6,11,2026-07-26T00:55:10.006166,20,53
2026-07-26 00:56:04,mediboard,서울특별시,0,0,A1100025,의료법인동신의료재단동신병원,1114,D,11,9,9,58398435,1,1,11,2026-07-26T00:55:10.006166,10,10
2026-07-26 00:56:04,mediboard,서울특별시,0,0,A1100041,의료법인서울효천의료재단에이치플러스양지병원,1105,C,11,16,18,58398165,3,3,11,2026-07-26T00:55:10.006166,19,21
2026-07-26 00:56:04,mediboard,서울특별시,0,0,A1100023,의료법인청구성심병원,1122,D,11,10,10,58398164,1,1,11,2026-07-26T00:55:10.006166,11,11
2026-07-26 00:56:04,mediboard,서울특별시,0,0,A1100075,의료법인풍산의료재단동부제일병원,1125,D,11,7,7,58398120,1,1,11,2026-07-26T00:55:10.006166,8,8
2026-07-26 00:56:04,mediboard,서울특별시,2,2,A1100020,의료법인한전의료재단한일병원,1110,C,11,8,21,58398331,4,4,11,2026-07-26T00:55:10.006166,14,27
2026-07-26 00:56:04,mediboard,서울특별시,8,8,A1100005,이화여자대학교의과대학부속목동병원,1119,A,11,12,19,58398432,5,6,11,2026-07-26T00:55:10.006166,25,33
2026-07-26 00:56:04,mediboard,서울특별시,6,9,A1120796,이화여자대학교의과대학부속서울병원,1104,C,11,3,14,58398393,8,8,11,2026-07-26T00:55:10.006166,17,31
2026-07-26 00:56:04,mediboard,서울특별시,0,0,A1100016,인제대학교상계백병원,1109,C,11,3,16,58398434,5,7,11,2026-07-26T00:55:10.006166,8,23
2026-07-26 00:56:04,mediboard,서울특별시,-2,14,A1100009,재단법인아산사회복지재단서울아산병원,1118,C,11,5,36,58398330,13,26,11,2026-07-26T00:55:10.006166,13,73
2026-07-26 00:56:04,mediboard,서울특별시,0,4,A1100003,중앙대학교병원,1112,C,11,7,18,58398271,0,0,11,2026-07-26T00:55:10.006166,7,22
2026-07-26 00:56:04,mediboard,서울특별시,7,9,A1100012,학교법인가톨릭학원가톨릭대학교서울성모병원,1115,C,11,-9,28,58398219,6,8,11,2026-07-26T00:55:10.006166,2,43
2026-07-26 00:56:04,mediboard,서울특별시,4,4,A1100008,학교법인고려중앙학원고려대학교의과대학부속병원(안암병원),1117,A,11,16,30,58398329,6,9,11,2026-07-26T00:55:10.006166,26,43
2026-07-26 00:56:04,mediboard,서울특별시,0,0,A1100053,한국보훈복지의료공단중앙보훈병원,1102,C,11,19,22,58398278,3,3,11,2026-07-26T00:55:10.006166,22,25
2026-07-26 00:56:04,mediboard,서울특별시,0,0,A1100027,한국원자력의학원원자력병원,1109,D,11,8,9,58398118,3,3,11,2026-07-26T00:55:10.006166,11,12
2026-07-26 00:56:04,mediboard,서울특별시,3,3,A1100055,한림대학교강남성심병원,1120,C,11,13,20,58398334,5,5,11,2026-07-26T00:55:10.006166,21,28
2026-07-26 00:56:04,mediboard,서울특별시,0,3,A1100013,한양대학교병원,1116,A,11,18,20,58398487,8,12,11,2026-07-26T00:55:10.006166,26,35
2026-07-26 00:56:04,mediboard,서울특별시,0,0,A1100051,혜민병원,1106,D,11,8,9,58398333,1,1,11,2026-07-26T00:55:10.006166,9,10
2026-07-26 00:56:04,mediboard,서울특별시,0,0,A1100019,홍익병원,1119,D,11,7,9,58398275,1,1,11,2026-07-26T00:55:10.006166,8,10
2026-07-26 00:56:04,mediboard,서울특별시,0,0,A1100049,희명병원,1108,D,11,6,10,58398491,1,1,11,2026-07-26T00:55:10.006166,7,11
2026-07-26 00:56:04,mediboard,부산광역시,0,0,A1200028,(의)서일의료재단기장병원,1203,D,12,9,9,58398395,1,1,12,2026-07-26T00:55:10.006166,10,10
2026-07-26 00:56:04,mediboard,부산광역시,0,0,A1200004,고신대학교복음병원,1211,C,12,21,25,58398168,5,5,12,2026-07-26T00:55:10.006166,26,30
2026-07-26 00:56:04,mediboard,부산광역시,0,0,A1200045,구포성심병원,1208,D,12,5,9,58398226,1,1,12,2026-07-26T00:55:10.006166,6,10
2026-07-26 00:56:04,mediboard,부산광역시,3,3,A1200018,대동병원,1206,C,12,10,15,58398281,2,3,12,2026-07-26T00:55:10.006166,15,21
2026-07-26 00:56:04,mediboard,부산광역시,0,0,A1200015,동남권원자력의학원원자력병원,1203,D,12,9,9,58398338,1,1,12,2026-07-26T00:55:10.006166,10,10
2026-07-26 00:56:04,mediboard,부산광역시,0,0,A1200011,동래봉생병원,1206,D,12,5,8,58398441,2,2,12,2026-07-26T00:55:10.006166,7,10
2026-07-26 00:56:04,mediboard,부산광역시,3,3,A1200003,동아대학교병원,1211,A,12,22,26,58398493,7,8,12,2026-07-26T00:55:10.006166,32,37
2026-07-26 00:56:04,mediboard,부산광역시,0,0,A1200024,부산광역시의료원,1213,D,12,15,18,58398443,2,8,12,2026-07-26T00:55:10.006166,17,26
2026-07-26 00:56:04,mediboard,부산광역시,3,3,A1200002,부산대학교병원,1211,C,12,19,19,58398122,3,3,12,2026-07-26T00:55:10.006166,25,25
2026-07-26 00:56:04,mediboard,부산광역시,4,4,A1200013,부산성모병원(재단법인 천주교부산교구유지재단),1204,D,12,4,10,58398337,5,5,12,2026-07-26T00:55:10.006166,13,19
2026-07-26 00:56:04,mediboard,부산광역시,0,0,A1200007,비에이치에스한서병원,1212,C,12,15,17,58398336,3,3,12,2026-07-26T00:55:10.006166,18,20
2026-07-26 00:56:04,mediboard,부산광역시,0,0,A1200021,삼육부산병원,1211,D,12,8,9,58398224,1,1,12,2026-07-26T00:55:10.006166,9,10
2026-07-26 00:56:04,mediboard,부산광역시,0,0,A1200014,영도병원,1214,D,12,7,7,58398223,2,2,12,2026-07-26T00:55:10.006166,9,9
2026-07-26 00:56:04,mediboard,부산광역시,0,0,A1200009,의료법인 광혜의료재단 광혜병원,1206,D,12,7,9,58398440,3,3,12,2026-07-26T00:55:10.006166,10,12
2026-07-26 00:56:04,mediboard,부산광역시,0,0,A1200098,의료법인 센텀의료재단 센텀종합병원,1212,D,12,5,9,58398339,1,1,12,2026-07-26T00:55:10.006166,6,10
2026-07-26 00:56:04,mediboard,부산광역시,0,0,A1200020,의료법인 온그룹의료재단 온병원,1207,C,12,14,20,58398123,2,3,12,2026-07-26T00:55:10.006166,16,23
2026-07-26 00:56:04,mediboard,부산광역시,0,0,A1200008,의료법인 은성의료재단 좋은강안병원,1212,D,12,11,18,58398279,3,3,12,2026-07-26T00:55:10.006166,14,21
2026-07-26 00:56:04,mediboard,부산광역시,1,1,A1200005,의료법인 은성의료재단 좋은삼선병원,1209,C,12,10,13,58398222,6,6,12,2026-07-26T00:55:10.006166,17,20
2026-07-26 00:56:04,mediboard,부산광역시,0,0,A1200006,의료법인 인당의료재단 부민병원,1208,D,12,7,10,58398439,2,2,12,2026-07-26T00:55:10.006166,9,12
2026-07-26 00:56:04,mediboard,부산광역시,0,0,A1205143,의료법인 인당의료재단 해운대부민병원,1216,D,12,7,9,58398396,1,1,12,2026-07-26T00:55:10.006166,8,10
2026-07-26 00:56:04,mediboard,부산광역시,0,0,A1200012,의료법인 행도의료재단 해동병원,1214,D,12,6,6,58398169,1,1,12,2026-07-26T00:55:10.006166,7,7
2026-07-26 00:56:04,mediboard,부산광역시,0,0,A1200017,의료법인정화의료재단 봉생기념병원,1205,D,12,8,9,58398280,1,2,12,2026-07-26T00:55:10.006166,9,11
2026-07-26 00:56:04,mediboard,부산광역시,2,3,A1200022,인제대학교 해운대백병원,1216,A,12,4,29,58398394,4,5,12,2026-07-26T00:55:10.006166,10,37
2026-07-26 00:56:04,mediboard,부산광역시,0,0,A1200001,인제대학교부산백병원,1207,C,12,12,18,58398335,3,3,12,2026-07-26T00:55:10.006166,15,21
2026-07-26 00:56:04,mediboard,부산광역시,0,0,A1200023,재단법인천주교부산교구유지재단 메리놀병원,1215,D,12,5,9,58398225,1,1,12,2026-07-26T00:55:10.006166,6,10
2026-07-26 00:56:04,mediboard,부산광역시,2,2,A1200026,좋은문화병원,1205,D,12,4,7,58398125,3,3,12,2026-07-26T00:55:10.006166,9,12
2026-07-26 00:56:04,mediboard,부산광역시,0,0,A1200025,학교법인 춘해병원,1207,D,12,6,9,58398124,1,1,12,2026-07-26T00:55:10.006166,7,10
2026-07-26 00:56:04,mediboard,부산광역시,0,0,A1200019,학교법인)동의병원,1207,D,12,12,14,58398170,1,1,12,2026-07-26T00:55:10.006166,13,15
2026-07-26 00:56:04,mediboard,부산광역시,0,0,A1200016,한국보훈복지의료공단 부산보훈병원,1209,D,12,10,11,58398442,2,2,12,2026-07-26T00:55:10.006166,12,13
2026-07-26 00:56:04,mediboard,인천광역시,0,0,A1300081,(재)미리내천주성삼성직수도회천주성삼병원,1307,D,13,8,9,58398341,1,2,13,2026-07-26T00:55:10.006166,9,11
2026-07-26 00:56:04,mediboard,인천광역시,0,0,A1300018,강남종합병원,1304,D,13,12,15,58398448,1,1,13,2026-07-26T00:55:10.006166,13,16
2026-07-26 00:56:04,mediboard,인천광역시,4,4,A1300002,경북대학교병원,1308,A,13,16,27,58398444,5,5,13,2026-07-26T00:55:10.006166,25,36
2026-07-26 00:56:04,mediboard,인천광역시,0,0,A1303386,계명대학교대구동산병원,1308,D,13,10,12,58398172,2,2,13,2026-07-26T00:55:10.006166,12,14
2026-07-26 00:56:04,mediboard,인천광역시,0,0,A1300003,계명대학교동산병원,1302,C,13,7,20,58398126,5,5,13,2026-07-26T00:55:10.006166,12,25
2026-07-26 00:56:04,mediboard,인천광역시,0,0,A1300008,곽병원,1308,D,13,6,10,58398447,2,2,13,2026-07-26T00:55:10.006166,8,12
2026-07-26 00:56:04,mediboard,인천광역시,0,0,A1300038,나사렛종합병원,1302,D,13,5,9,58398494,4,10,13,2026-07-26T00:55:10.006166,9,19
2026-07-26 00:56:04,mediboard,인천광역시,0,0,A1300004,대구가톨릭대학교병원,1301,C,13,11,24,58398228,4,4,13,2026-07-26T00:55:10.006166,15,28
2026-07-26 00:56:04,mediboard,인천광역시,0,0,A1300005,대구가톨릭대학교칠곡가톨릭병원,1305,D,13,0,9,58398445,1,1,13,2026-07-26T00:55:10.006166,1,10
2026-07-26 00:56:04,mediboard,인천광역시,0,0,A1300076,대구굿모닝병원,1306,D,13,16,17,58398449,2,2,13,2026-07-26T00:55:10.006166,18,19
2026-07-26 00:56:04,mediboard,인천광역시,0,0,A1300007,대구의료원,1306,D,13,18,18,58398446,2,2,13,2026-07-26T00:55:10.006166,20,20
2026-07-26 00:56:04,mediboard,인천광역시,5,5,A1300009,대구파티마병원,1304,C,13,7,25,58398229,6,7,13,2026-07-26T00:55:10.006166,18,37
2026-07-26 00:56:04,mediboard,인천광역시,0,0,A1300110,더블유병원,1302,D,13,7,10,58398282,1,1,13,2026-07-26T00:55:10.006166,8,11
2026-07-26 00:56:04,mediboard,인천광역시,0,0,A1300034,드림종합병원,1301,D,13,7,8,58398340,2,2,13,2026-07-26T00:55:10.006166,9,10
2026-07-26 00:56:04,mediboard,인천광역시,0,0,A1300045,삼일병원,1302,D,13,12,14,58398231,1,1,13,2026-07-26T00:55:10.006166,13,15
2026-07-26 00:56:04,mediboard,인천광역시,2,3,A1300001,영남대학교병원,1301,A,13,21,28,58398227,5,5,13,2026-07-26T00:55:10.006166,28,36
2026-07-26 00:56:04,mediboard,인천광역시,0,0,A1300006,의료법인구의료재단구병원,1302,D,13,8,10,58398171,1,1,13,2026-07-26T00:55:10.006166,9,11
2026-07-26 00:56:04,mediboard,인천광역시,8,9,A1300010,칠곡경북대학교병원,1305,C,13,14,23,58398397,6,6,13,2026-07-26T00:55:10.006166,26,36
2026-07-26 00:56:04,mediboard,인천광역시,0,0,A1300011,한국보훈복지의료공단대구보훈병원,1302,D,13,11,12,58398230,2,2,13,2026-07-26T00:55:10.006166,13,14
2026-07-26 00:56:04,mediboard,대구광역시,0,0,A1400008,(의)성세의료재단 뉴성민병원,1407,D,14,9,9,58398174,1,1,14,2026-07-26T00:55:10.006166,10,10
2026-07-26 00:56:04,mediboard,대구광역시,2,3,A1400015,가톨릭관동대학교국제성모병원,1407,C,14,16,23,58398285,4,5,14,2026-07-26T00:55:10.006166,22,31
2026-07-26 00:56:04,mediboard,대구광역시,2,4,A1400012,가톨릭대학교 인천성모병원,1406,C,14,9,19,58398399,6,8,14,2026-07-26T00:55:10.006166,17,31
2026-07-26 00:56:04,mediboard,대구광역시,0,0,A1400010,검단탑병원,1407,C,14,17,18,58398127,3,3,14,2026-07-26T00:55:10.006166,20,21
2026-07-26 00:56:04,mediboard,대구광역시,0,0,A1403617,비에스종합병원,1401,D,14,9,10,58398344,1,1,14,2026-07-26T00:55:10.006166,10,11
2026-07-26 00:56:04,mediboard,대구광역시,0,0,A1400013,안은의료재단 부평세림병원,1406,C,14,15,16,58398284,4,4,14,2026-07-26T00:55:10.006166,19,20
2026-07-26 00:56:04,mediboard,대구광역시,0,0,A1400005,온누리병원,1407,D,14,8,9,58398398,2,2,14,2026-07-26T00:55:10.006166,10,11
2026-07-26 00:56:04,mediboard,대구광역시,5,11,A1400001,의료법인 길의료재단 길병원,1404,A,14,5,25,58398450,5,7,14,2026-07-26T00:55:10.006166,13,41
2026-07-26 00:56:04,mediboard,대구광역시,0,0,A1400011,의료법인 나사렛의료재단 나사렛국제병원,1408,C,14,15,17,58398128,3,5,14,2026-07-26T00:55:10.006166,18,22
2026-07-26 00:56:04,mediboard,대구광역시,0,0,A1400003,의료법인 루가의료재단 나은병원,1407,C,14,10,11,58398173,10,10,14,2026-07-26T00:55:10.006166,20,21
2026-07-26 00:56:04,mediboard,대구광역시,0,0,A1400007,의료법인 성수의료재단 인천백병원,1405,D,14,5,5,58398283,1,1,14,2026-07-26T00:55:10.006166,6,6
2026-07-26 00:56:04,mediboard,대구광역시,0,0,A1400014,의료법인인성의료재단한림병원,1402,C,14,13,17,58398400,4,4,14,2026-07-26T00:55:10.006166,17,21
2026-07-26 00:56:04,mediboard,대구광역시,0,0,A1400017,인천광역시의료원,1405,D,14,14,15,58398176,2,2,14,2026-07-26T00:55:10.006166,16,17
2026-07-26 00:56:04,mediboard,대구광역시,0,0,A1400037,인천광역시의료원백령병원,1409,D,14,5,5,58398287,1,1,14,2026-07-26T00:55:10.006166,6,6
2026-07-26 00:56:04,mediboard,대구광역시,0,0,A1400009,인천기독병원,1410,D,14,7,8,58398175,1,1,14,2026-07-26T00:55:10.006166,8,9
2026-07-26 00:56:04,mediboard,대구광역시,0,0,A1400016,인천사랑병원,1403,C,14,8,14,58398342,7,7,14,2026-07-26T00:55:10.006166,15,21
2026-07-26 00:56:04,mediboard,대구광역시,0,0,A1403372,인천세종병원,1402,C,14,15,18,58398343,3,3,14,2026-07-26T00:55:10.006166,18,21
2026-07-26 00:56:04,mediboard,대구광역시,0,0,A1400018,인천적십자병원,1408,D,14,8,8,58398286,2,2,14,2026-07-26T00:55:10.006166,10,10
2026-07-26 00:56:04,mediboard,대구광역시,0,0,A1403871,인천힘찬종합병원,1404,D,14,16,17,58398401,3,6,14,2026-07-26T00:55:10.006166,19,23
2026-07-26 00:56:04,mediboard,대구광역시,6,9,A1400002,인하대학교의과대학부속병원,1410,A,14,5,20,58398232,9,9,14,2026-07-26T00:55:10.006166,18,36
2026-07-26 00:56:04,mediboard,대구광역시,0,0,A1400004,현대유비스병원,1403,D,14,12,18,58398451,1,1,14,2026-07-26T00:55:10.006166,13,19
2026-07-26 00:56:04,mediboard,광주광역시,5,7,A1500019,KS병원,1501,C,15,4,15,58398402,3,3,15,2026-07-26T00:55:10.006166,12,25
2026-07-26 00:56:04,mediboard,광주광역시,0,0,A1500021,광주기독병원,1502,C,15,11,20,58398403,3,6,15,2026-07-26T00:55:10.006166,14,26
2026-07-26 00:56:04,mediboard,광주광역시,0,0,A1500015,광주병원,1504,D,15,5,10,58398131,1,1,15,2026-07-26T00:55:10.006166,6,11
2026-07-26 00:56:04,mediboard,광주광역시,0,0,A1500004,광주보훈병원,1501,D,15,11,14,58398233,2,2,15,2026-07-26T00:55:10.006166,13,16
2026-07-26 00:56:04,mediboard,광주광역시,0,0,A1502007,광주센트럴병원,1501,D,15,9,10,58398455,1,1,15,2026-07-26T00:55:10.006166,10,11
2026-07-26 00:56:04,mediboard,광주광역시,0,0,A1500018,광주수완병원,1501,D,15,9,9,58398132,0,1,15,2026-07-26T00:55:10.006166,9,10
2026-07-26 00:56:04,mediboard,광주광역시,0,0,A1500009,광주씨티병원,1502,D,15,8,10,58398129,1,1,15,2026-07-26T00:55:10.006166,9,11
2026-07-26 00:56:04,mediboard,광주광역시,0,0,A1500005,광주일곡병원,1504,D,15,9,9,58398495,1,1,15,2026-07-26T00:55:10.006166,10,10
2026-07-26 00:56:04,mediboard,광주광역시,0,0,A1500016,광주한국병원,1505,D,15,13,15,58398347,1,1,15,2026-07-26T00:55:10.006166,14,16
2026-07-26 00:56:04,mediboard,광주광역시,0,0,A1500003,광주현대병원,1504,D,15,8,9,58398345,2,2,15,2026-07-26T00:55:10.006166,10,11
2026-07-26 00:56:04,mediboard,광주광역시,0,0,A1500007,광주희망병원,1504,D,15,4,9,58398177,1,1,15,2026-07-26T00:55:10.006166,5,10
2026-07-26 00:56:04,mediboard,광주광역시,0,0,A1500013,동아병원,1502,D,15,8,9,58398130,1,1,15,2026-07-26T00:55:10.006166,9,10
2026-07-26 00:56:04,mediboard,광주광역시,0,0,A1500014,미래로21병원,1505,D,15,9,9,58398346,1,1,15,2026-07-26T00:55:10.006166,10,10
2026-07-26 00:56:04,mediboard,광주광역시,0,0,A1500022,상무병원,1505,D,15,8,9,58398454,1,1,15,2026-07-26T00:55:10.006166,9,10
2026-07-26 00:56:04,mediboard,광주광역시,2,2,A1500020,서광병원,1505,C,15,15,18,58398498,3,3,15,2026-07-26T00:55:10.006166,20,23
2026-07-26 00:56:04,mediboard,광주광역시,0,0,A1500006,신가병원,1501,D,15,8,9,58398496,2,2,15,2026-07-26T00:55:10.006166,10,11
2026-07-26 00:56:04,mediboard,광주광역시,0,0,A1500010,운암한국병원,1504,D,15,9,9,58398453,1,1,15,2026-07-26T00:55:10.006166,10,10
2026-07-26 00:56:04,mediboard,광주광역시,3,4,A1500002,전남대학교병원,1503,A,15,15,28,58398452,7,7,15,2026-07-26T00:55:10.006166,25,39
2026-07-26 00:56:04,mediboard,광주광역시,3,4,A1500001,조선대학교병원,1503,A,15,11,23,58398288,5,5,15,2026-07-26T00:55:10.006166,19,32
2026-07-26 00:56:04,mediboard,광주광역시,0,0,A1500011,첨단종합병원,1501,C,15,19,22,58398497,3,3,15,2026-07-26T00:55:10.006166,22,25
2026-07-26 00:56:04,mediboard,광주광역시,0,0,A1500017,하남성심병원,1501,D,15,19,19,58398289,1,2,15,2026-07-26T00:55:10.006166,20,21
2026-07-26 00:56:04,mediboard,대전광역시,0,0,A1600004,대전보훈병원,1601,D,16,7,7,58398133,2,2,16,2026-07-26T00:55:10.006166,9,9
2026-07-26 00:56:04,mediboard,대전광역시,0,0,A1600003,대전한국병원,1602,D,16,6,9,58398290,1,1,16,2026-07-26T00:55:10.006166,7,10
2026-07-26 00:56:04,mediboard,대전광역시,0,0,A1602246,대청병원,1603,D,16,6,9,58398404,1,1,16,2026-07-26T00:55:10.006166,7,10
2026-07-26 00:56:04,mediboard,대전광역시,0,0,A1600008,의료법인영훈의료재단대전선병원,1605,C,16,17,17,58398291,4,9,16,2026-07-26T00:55:10.006166,21,26
2026-07-26 00:56:04,mediboard,대전광역시,0,0,A1600007,의료법인영훈의료재단유성선병원,1604,C,16,11,17,58398179,3,7,16,2026-07-26T00:55:10.006166,14,24
2026-07-26 00:56:04,mediboard,대전광역시,4,6,A1600001,충남대학교병원,1605,A,16,6,28,58398234,5,5,16,2026-07-26T00:55:10.006166,15,39
2026-07-26 00:56:04,mediboard,대전광역시,0,0,A1600005,학교법인가톨릭학원가톨릭대학교대전성모병원,1605,C,16,7,19,58398499,3,3,16,2026-07-26T00:55:10.006166,10,22
2026-07-26 00:56:04,mediboard,대전광역시,5,5,A1600006,학교법인건양교육재단건양대학교병원,1603,A,16,19,24,58398178,5,5,16,2026-07-26T00:55:10.006166,29,34
2026-07-26 00:56:04,mediboard,대전광역시,0,0,A1600002,학교법인을지학원대전을지대학교병원,1603,C,16,17,23,58398456,6,6,16,2026-07-26T00:55:10.006166,23,29
2026-07-26 00:56:04,mediboard,울산광역시,0,0,A1700001,서울산보람병원,1704,D,17,5,10,58398180,1,1,17,2026-07-26T00:55:10.006166,6,11
2026-07-26 00:56:04,mediboard,울산광역시,0,0,A1700003,울산병원,1701,C,17,15,19,58398348,3,3,17,2026-07-26T00:55:10.006166,18,22
2026-07-26 00:56:04,mediboard,울산광역시,0,0,A1700002,의료법인동강의료재단동강병원,1705,C,17,23,24,58398405,3,3,17,2026-07-26T00:55:10.006166,26,27
2026-07-26 00:56:04,mediboard,울산광역시,0,0,A1700025,의료법인송은의료재단울산시티병원,1703,C,17,13,17,58398349,3,3,17,2026-07-26T00:55:10.006166,16,20
2026-07-26 00:56:04,mediboard,울산광역시,0,0,A1700011,의료법인은성의료재단좋은삼정병원,1701,D,17,8,9,58398406,1,1,17,2026-07-26T00:55:10.006166,9,10
2026-07-26 00:56:04,mediboard,울산광역시,0,0,A1700028,의료법인정안의료재단중앙병원,1701,C,17,8,17,58398235,3,3,17,2026-07-26T00:55:10.006166,11,20
2026-07-26 00:56:04,mediboard,울산광역시,8,8,A1700004,학교법인울산공업학원울산대학교병원,1702,A,17,8,23,58398292,6,6,17,2026-07-26T00:55:10.006166,22,37
2026-07-26 00:56:04,mediboard,경기도,0,0,A2100019,(의)영문의료재단다보스병원,2136,C,21,8,13,58398136,7,7,21,2026-07-26T00:55:10.006166,15,20
2026-07-26 00:56:04,mediboard,경기도,0,0,A2100122,(의)효심의료재단용인서울병원,2136,D,21,9,10,58398508,0,0,21,2026-07-26T00:55:10.006166,9,10
2026-07-26 00:56:04,mediboard,경기도,0,0,A2100052,가톨릭대학교부천성모병원,2113,C,21,17,31,58398141,6,6,21,2026-07-26T00:55:10.006166,23,37
2026-07-26 00:56:04,mediboard,경기도,7,8,A2100012,가톨릭대학교성빈센트병원,2122,C,21,15,28,58398293,5,6,21,2026-07-26T00:55:10.006166,25,40
2026-07-26 00:56:04,mediboard,경기도,11,11,A2100040,가톨릭대학교의정부성모병원,2138,A,21,29,44,58398188,6,6,21,2026-07-26T00:55:10.006166,46,61
2026-07-26 00:56:04,mediboard,경기도,0,0,A2100029,강남병원,2134,C,21,13,17,58398409,3,3,21,2026-07-26T00:55:10.006166,16,20
2026-07-26 00:56:04,mediboard,경기도,0,0,A2100032,경기도의료원수원병원,2121,D,21,5,8,58398351,5,5,21,2026-07-26T00:55:10.006166,10,13
2026-07-26 00:56:04,mediboard,경기도,0,0,A2100045,경기도의료원안성병원,2126,D,21,13,14,58398352,1,5,21,2026-07-26T00:55:10.006166,14,19
2026-07-26 00:56:04,mediboard,경기도,0,0,A2100043,경기도의료원의정부병원,2138,D,21,10,10,58398504,1,1,21,2026-07-26T00:55:10.006166,11,11
2026-07-26 00:56:04,mediboard,경기도,0,0,A2100193,경기도의료원이천병원,2139,C,21,10,17,58398190,3,3,21,2026-07-26T00:55:10.006166,13,20
2026-07-26 00:56:04,mediboard,경기도,0,0,A2100035,경기도의료원파주병원,2140,C,21,15,17,58398139,3,3,21,2026-07-26T00:55:10.006166,18,20
2026-07-26 00:56:04,mediboard,경기도,0,0,A2100031,경기도의료원포천병원,2142,C,21,16,17,58398296,3,3,21,2026-07-26T00:55:10.006166,19,20
2026-07-26 00:56:04,mediboard,경기도,4,4,A2100003,고려대학교의과대학부속안산병원,2124,A,21,10,22,58398183,6,8,21,2026-07-26T00:55:10.006166,20,34
2026-07-26 00:56:04,mediboard,경기도,4,4,A2100007,광명성애병원,2106,C,21,6,11,58398458,5,5,21,2026-07-26T00:55:10.006166,15,20
2026-07-26 00:56:04,mediboard,경기도,0,0,A2100258,국군수도병원,2116,D,21,16,16,58398411,0,2,21,2026-07-26T00:55:10.006166,16,18
2026-07-26 00:56:04,mediboard,경기도,0,0,A2100049,국립암센터,2103,D,21,15,24,58398298,1,1,21,2026-07-26T00:55:10.006166,16,25
2026-07-26 00:56:04,mediboard,경기도,0,5,A2100033,국민건강보험공단일산병원,2103,A,21,6,23,58398502,5,5,21,2026-07-26T00:55:10.006166,11,33
2026-07-26 00:56:04,mediboard,경기도,0,0,A2100014,근로복지공단안산병원,2125,D,21,6,7,58398237,1,1,21,2026-07-26T00:55:10.006166,7,8
2026-07-26 00:56:04,mediboard,경기도,0,0,A2100041,남양주한양병원,2111,C,21,14,17,58398503,3,3,21,2026-07-26T00:55:10.006166,17,20
2026-07-26 00:56:04,mediboard,경기도,0,0,A2100017,대아의료재단한도병원,2124,C,21,13,17,58398238,3,3,21,2026-07-26T00:55:10.006166,16,20
2026-07-26 00:56:04,mediboard,경기도,3,3,A2100025,대진의료재단분당제생병원,2116,C,21,13,24,58398460,3,3,21,2026-07-26T00:55:10.006166,19,30
2026-07-26 00:56:04,mediboard,경기도,3,3,A2100047,동국대학교일산불교병원,2103,C,21,12,19,58398297,7,7,21,2026-07-26T00:55:10.006166,22,29
2026-07-26 00:56:04,mediboard,경기도,0,0,A2100131,메디인병원,2140,D,21,12,12,58398462,2,2,21,2026-07-26T00:55:10.006166,14,14
2026-07-26 00:56:04,mediboard,경기도,0,0,A2121142,메디필드한강병원,2136,D,21,17,17,58398467,3,3,21,2026-07-26T00:55:10.006166,20,20
2026-07-26 00:56:04,mediboard,경기도,0,0,A2100055,부천세종병원,2113,C,21,15,17,58398243,3,3,21,2026-07-26T00:55:10.006166,18,20
2026-07-26 00:56:04,mediboard,경기도,5,5,A2100001,분당서울대학교병원,2116,A,21,-9,30,58398182,5,5,21,2026-07-26T00:55:10.006166,1,40
2026-07-26 00:56:04,mediboard,경기도,6,6,A2116806,성남시의료원,2117,C,21,15,17,58398466,6,6,21,2026-07-26T00:55:10.006166,27,29
2026-07-26 00:56:04,mediboard,경기도,0,0,A2100194,세종여주병원,2131,D,21,5,6,58398142,10,10,21,2026-07-26T00:55:10.006166,15,16
2026-07-26 00:56:04,mediboard,경기도,0,0,A2100016,순천의료재단성남정병원,2117,D,21,9,9,58398186,2,2,21,2026-07-26T00:55:10.006166,11,11
2026-07-26 00:56:04,mediboard,경기도,5,5,A2100005,순천향대학교부속부천병원,2113,A,21,11,17,58398135,4,5,21,2026-07-26T00:55:10.006166,20,27
2026-07-26 00:56:04,mediboard,경기도,3,14,A2100002,아주대학교병원,2120,A,21,11,32,58398236,7,13,21,2026-07-26T00:55:10.006166,18,54
2026-07-26 00:56:04,mediboard,경기도,0,0,A2100305,안성성모병원,2126,D,21,9,9,58398465,1,1,21,2026-07-26T00:55:10.006166,10,10
2026-07-26 00:56:04,mediboard,경기도,0,0,A2100089,양평병원,2130,D,21,6,9,58398354,1,1,21,2026-07-26T00:55:10.006166,7,10
2026-07-26 00:56:04,mediboard,경기도,0,0,A2118188,엘병원,2111,D,21,7,8,58398356,2,2,21,2026-07-26T00:55:10.006166,9,10
2026-07-26 00:56:04,mediboard,경기도,6,6,A2100020,연세대학교의과대학용인세브란스병원,2134,C,21,9,16,58398500,2,4,21,2026-07-26T00:55:10.006166,17,26
2026-07-26 00:56:04,mediboard,경기도,0,0,E2100187,연천군보건의료원,2132,D,21,10,10,58398160,0,0,21,2026-07-26T00:55:10.006166,10,10
2026-07-26 00:56:04,mediboard,경기도,0,0,A2100024,오산한국병원,2133,C,21,13,17,58398501,3,3,21,2026-07-26T00:55:10.006166,16,20
2026-07-26 00:56:04,mediboard,경기도,0,0,A2100048,원광대학교산본병원,2109,C,21,13,17,58398242,2,3,21,2026-07-26T00:55:10.006166,15,20
2026-07-26 00:56:04,mediboard,경기도,0,0,A2100013,의료법인 록향의료재단 신천연합병원,2123,D,21,9,10,58398459,1,1,21,2026-07-26T00:55:10.006166,10,11
2026-07-26 00:56:04,mediboard,경기도,0,0,A2100036,의료법인 일심의료재단 포천우리병원,2142,D,21,18,18,58398241,4,4,21,2026-07-26T00:55:10.006166,22,22
2026-07-26 00:56:04,mediboard,경기도,0,0,A2100309,의료법인갈렌의료재단박병원,2141,D,21,7,10,58398300,1,1,21,2026-07-26T00:55:10.006166,8,11
2026-07-26 00:56:04,mediboard,경기도,5,5,A2100008,의료법인남촌의료재단시화병원,2123,C,21,13,16,58398184,6,6,21,2026-07-26T00:55:10.006166,24,27
2026-07-26 00:56:04,mediboard,경기도,0,0,A2100009,의료법인녹산의료재단동수원병원,2122,C,21,13,17,58398350,1,3,21,2026-07-26T00:55:10.006166,14,20
2026-07-26 00:56:04,mediboard,경기도,0,0,A2100050,의료법인대인의료재단다니엘종합병원,2113,D,21,5,6,58398506,4,4,21,2026-07-26T00:55:10.006166,9,10
2026-07-26 00:56:04,mediboard,경기도,3,3,A2121061,의료법인덕산의료재단수원덕산병원,2119,D,21,19,24,58398509,3,3,21,2026-07-26T00:55:10.006166,25,30
2026-07-26 00:56:04,mediboard,경기도,0,0,A2117135,의료법인명인의료재단화홍병원,2119,C,21,9,15,58398245,5,5,21,2026-07-26T00:55:10.006166,14,20
2026-07-26 00:56:04,mediboard,경기도,2,3,A2100042,의료법인명지의료재단명지병원,2102,A,21,7,15,58398461,10,11,21,2026-07-26T00:55:10.006166,17,26
2026-07-26 00:56:04,mediboard,경기도,0,0,A2100022,의료법인박애의료재단박애병원,2141,D,21,9,10,58398239,1,1,21,2026-07-26T00:55:10.006166,10,11
2026-07-26 00:56:04,mediboard,경기도,0,0,A2100028,의료법인백송의료재단굿모닝병원,2141,C,21,12,19,58398240,9,9,21,2026-07-26T00:55:10.006166,21,28
2026-07-26 00:56:04,mediboard,경기도,0,0,A2100027,의료법인석경의료재단센트럴병원,2123,D,21,18,18,58398295,2,3,21,2026-07-26T00:55:10.006166,20,21
2026-07-26 00:56:04,mediboard,경기도,0,0,A2116972,의료법인성광의료재단일산차병원,2103,D,21,6,6,58398244,4,4,21,2026-07-26T00:55:10.006166,10,10
2026-07-26 00:56:04,mediboard,경기도,0,0,A2113246,의료법인양진의료재단평택성모병원,2141,C,21,13,17,58398301,3,3,21,2026-07-26T00:55:10.006166,16,20
2026-07-26 00:56:04,mediboard,경기도,0,0,A2100034,의료법인영동의료재단의정부백병원,2138,D,21,9,10,58398138,2,2,21,2026-07-26T00:55:10.006166,11,12
2026-07-26 00:56:04,mediboard,경기도,0,0,A2100053,의료법인우리의료재단김포우리병원,2110,C,21,10,22,58398353,7,7,21,2026-07-26T00:55:10.006166,17,29
2026-07-26 00:56:04,mediboard,경기도,0,0,A2115699,의료법인원광의료재단원광종합병원,2146,D,21,7,9,58398191,1,1,21,2026-07-26T00:55:10.006166,8,10
2026-07-26 00:56:04,mediboard,경기도,0,0,A2100018,의료법인은혜와감사의료재단화성중앙종합병원,2144,D,21,8,9,58398408,1,1,21,2026-07-26T00:55:10.006166,9,10
2026-07-26 00:56:04,mediboard,경기도,0,0,A2100006,의료법인인봉의료재단뉴고려병원,2110,C,21,13,14,58398457,5,6,21,2026-07-26T00:55:10.006166,18,20
2026-07-26 00:56:04,mediboard,경기도,0,0,A2100290,의료법인자인의료재단(더자인병원),2102,D,21,14,16,58398299,4,4,21,2026-07-26T00:55:10.006166,18,20
2026-07-26 00:56:04,mediboard,경기도,0,0,A2100124,의료법인칠석의료재단사랑의병원,2125,D,21,11,13,58398189,1,1,21,2026-07-26T00:55:10.006166,12,14
2026-07-26 00:56:04,mediboard,경기도,0,0,A2100175,의료법인토마스의료재단윌스기념병원,2122,D,21,11,18,58398464,3,3,21,2026-07-26T00:55:10.006166,14,21
2026-07-26 00:56:04,mediboard,경기도,0,0,A2100021,의료법인플러스의료재단단원병원,2124,D,21,15,17,58398294,3,3,21,2026-07-26T00:55:10.006166,18,20
2026-07-26 00:56:04,mediboard,경기도,0,4,A2100038,인제대학교일산백병원,2104,C,21,25,34,58398410,3,6,21,2026-07-26T00:55:10.006166,28,44
2026-07-26 00:56:04,mediboard,경기도,0,0,A2118788,중앙대학교광명병원,2106,C,21,14,21,58398143,3,3,21,2026-07-26T00:55:10.006166,17,24
2026-07-26 00:56:04,mediboard,경기도,3,13,A2100030,차의과학대학교분당차병원,2116,A,21,3,22,58398137,7,7,21,2026-07-26T00:55:10.006166,11,40
2026-07-26 00:56:04,mediboard,경기도,1,1,A2100155,참조은병원,2107,C,21,3,9,58398463,10,10,21,2026-07-26T00:55:10.006166,14,20
2026-07-26 00:56:04,mediboard,경기도,0,0,A2100150,추병원,2138,D,21,12,12,58398355,2,2,21,2026-07-26T00:55:10.006166,14,14
2026-07-26 00:56:04,mediboard,경기도,6,6,A2117994,학교법인을지학원의정부을지대학교병원,2138,C,21,21,30,58398246,9,11,21,2026-07-26T00:55:10.006166,36,47
2026-07-26 00:56:04,mediboard,경기도,9,9,A2100046,한림대학교동탄성심병원,2147,C,21,25,32,58398505,3,3,21,2026-07-26T00:55:10.006166,37,44
2026-07-26 00:56:04,mediboard,경기도,3,3,A2100004,한림대학교성심병원,2127,A,21,18,25,58398134,10,11,21,2026-07-26T00:55:10.006166,31,39
2026-07-26 00:56:04,mediboard,경기도,0,0,A2100039,한양대학교구리병원,2108,C,21,18,18,58398187,5,5,21,2026-07-26T00:55:10.006166,23,23
2026-07-26 00:56:04,mediboard,경기도,0,0,A2100037,현대병원,2111,C,21,6,17,58398140,3,3,21,2026-07-26T00:55:10.006166,9,20
2026-07-26 00:56:04,mediboard,경기도,0,0,A2100015,효산의료재단안양샘병원,2128,C,21,12,17,58398185,3,3,21,2026-07-26T00:55:10.006166,15,20
2026-07-26 00:56:04,mediboard,경기도,0,0,A2100054,효산의료재단지샘병원,2109,C,21,14,18,58398507,4,4,21,2026-07-26T00:55:10.006166,18,22
2026-07-26 00:56:04,mediboard,강원특별자치도,3,3,A2200008,강릉아산병원,2201,A,22,17,23,58398357,5,5,22,2026-07-26T00:55:10.006166,25,31
2026-07-26 00:56:04,mediboard,강원특별자치도,3,3,A2200009,강원대학교병원,2213,C,22,16,21,58398510,5,5,22,2026-07-26T00:55:10.006166,24,29
2026-07-26 00:56:04,mediboard,강원특별자치도,0,0,A2200011,강원특별자치도강릉의료원,2201,D,22,4,5,58398303,1,1,22,2026-07-26T00:55:10.006166,5,6
2026-07-26 00:56:04,mediboard,강원특별자치도,1,1,A2200007,강원특별자치도삼척의료원,2204,C,22,15,16,58398144,3,5,22,2026-07-26T00:55:10.006166,19,22
2026-07-26 00:56:04,mediboard,강원특별자치도,0,0,A2200012,강원특별자치도속초의료원,2205,C,22,17,17,58398511,3,3,22,2026-07-26T00:55:10.006166,20,20
2026-07-26 00:56:04,mediboard,강원특별자치도,0,0,A2200002,강원특별자치도영월의료원,2208,D,22,9,9,58398192,1,1,22,2026-07-26T00:55:10.006166,10,10
2026-07-26 00:56:04,mediboard,강원특별자치도,0,0,A2200015,강원특별자치도원주의료원,2209,D,22,10,17,58398305,3,3,22,2026-07-26T00:55:10.006166,13,20
2026-07-26 00:56:04,mediboard,강원특별자치도,0,0,A2200048,근로복지공단정선병원,2211,D,22,5,5,58398248,1,1,22,2026-07-26T00:55:10.006166,6,6
2026-07-26 00:56:04,mediboard,강원특별자치도,0,0,A2200004,근로복지공단태백병원,2214,D,22,8,9,58398247,1,1,22,2026-07-26T00:55:10.006166,9,10
2026-07-26 00:56:04,mediboard,강원특별자치도,3,3,A2200001,연세대학교원주세브란스기독병원,2209,A,22,19,31,58398302,28,45,22,2026-07-26T00:55:10.006166,50,79
2026-07-26 00:56:04,mediboard,강원특별자치도,0,0,A2200005,의료법인강릉동인병원,2201,C,22,14,17,58398413,3,3,22,2026-07-26T00:55:10.006166,17,20
2026-07-26 00:56:04,mediboard,강원특별자치도,0,0,A2200003,의료법인동해동인병원,2203,D,22,9,10,58398412,1,1,22,2026-07-26T00:55:10.006166,10,11
2026-07-26 00:56:04,mediboard,강원특별자치도,0,0,A2200037,의료법인성심의료재단양구성심병원,2206,D,22,5,5,58398512,1,1,22,2026-07-26T00:55:10.006166,6,6
2026-07-26 00:56:04,mediboard,강원특별자치도,0,0,A2200024,의료법인성지의료재단성지병원,2209,D,22,6,7,58398359,1,1,22,2026-07-26T00:55:10.006166,7,8
2026-07-26 00:56:04,mediboard,강원특별자치도,0,0,A2200046,의료법인온세움의료재단온재병원,2205,D,22,3,9,58398513,1,1,22,2026-07-26T00:55:10.006166,4,10
2026-07-26 00:56:04,mediboard,강원특별자치도,0,0,A2201730,철원병원,2212,D,22,0,5,58398193,1,1,22,2026-07-26T00:55:10.006166,1,6
2026-07-26 00:56:04,mediboard,강원특별자치도,0,0,E2200026,평창군보건의료원,2215,D,22,5,6,58398269,1,1,22,2026-07-26T00:55:10.006166,6,7
2026-07-26 00:56:04,mediboard,강원특별자치도,2,3,A2200013,한림대학교춘천성심병원,2213,A,22,17,22,58398145,5,5,22,2026-07-26T00:55:10.006166,24,30
2026-07-26 00:56:04,mediboard,강원특별자치도,0,0,A2200014,홍천아산병원,2216,D,22,7,10,58398304,0,0,22,2026-07-26T00:55:10.006166,7,10
2026-07-26 00:56:04,mediboard,강원특별자치도,0,0,E2200025,화천군보건의료원,2217,D,22,7,7,58398384,1,1,22,2026-07-26T00:55:10.006166,8,8
2026-07-26 00:56:04,mediboard,강원특별자치도,0,0,A2200016,횡성대성병원,2218,D,22,9,9,58398358,1,1,22,2026-07-26T00:55:10.006166,10,10
2026-07-26 00:56:04,mediboard,충청북도,0,0,A2300010,건국대학교충주병원,2314,C,23,16,20,58398514,3,3,23,2026-07-26T00:55:10.006166,19,23
2026-07-26 00:56:04,mediboard,충청북도,0,0,E2300011,단양군보건의료원,2302,D,23,6,6,58398217,1,2,23,2026-07-26T00:55:10.006166,7,8
2026-07-26 00:56:04,mediboard,충청북도,0,0,A2300013,의료법인 건명의료재단 중앙제일병원,2309,C,23,16,17,58398414,3,5,23,2026-07-26T00:55:10.006166,19,22
2026-07-26 00:56:04,mediboard,충청북도,0,0,A2300034,의료법인대광의료재단괴산성모병원,2301,D,23,9,9,58398308,0,1,23,2026-07-26T00:55:10.006166,9,10
2026-07-26 00:56:04,mediboard,충청북도,3,3,A2300009,의료법인명지의료재단명지병원,2307,C,23,15,18,58398307,6,6,23,2026-07-26T00:55:10.006166,24,27
2026-07-26 00:56:04,mediboard,충청북도,0,0,A2300007,의료법인인화재단한국병원,2310,C,23,12,14,58398306,6,6,23,2026-07-26T00:55:10.006166,18,20
2026-07-26 00:56:04,mediboard,충청북도,0,0,A2300005,의료법인자산의료재단제천서울병원,2307,C,23,14,15,58398196,5,5,23,2026-07-26T00:55:10.006166,19,20
2026-07-26 00:56:04,mediboard,충청북도,0,0,A2300003,의료법인정산의료재단효성병원,2310,C,23,16,18,58398195,5,5,23,2026-07-26T00:55:10.006166,21,23
2026-07-26 00:56:04,mediboard,충청북도,0,0,A2300030,의료법인조윤의료재단영동병원,2304,D,23,10,10,58398415,0,0,23,2026-07-26T00:55:10.006166,10,10
2026-07-26 00:56:04,mediboard,충청북도,0,0,A2300002,의료법인한마음의료재단하나병원,2313,C,23,7,11,58398146,12,12,23,2026-07-26T00:55:10.006166,19,23
2026-07-26 00:56:04,mediboard,충청북도,0,0,A2300011,의료법인힐링의료재단옥천성모병원,2305,D,23,6,7,58398468,3,3,23,2026-07-26T00:55:10.006166,9,10
2026-07-26 00:56:04,mediboard,충청북도,0,0,A2300008,청주성모병원,2312,C,23,4,15,58398147,6,10,23,2026-07-26T00:55:10.006166,10,25
2026-07-26 00:56:04,mediboard,충청북도,8,8,A2300001,충북대학교병원,2311,A,23,24,32,58398194,5,5,23,2026-07-26T00:55:10.006166,37,45
2026-07-26 00:56:04,mediboard,충청북도,0,0,A2300006,충청북도청주의료원,2311,D,23,11,12,58398250,4,4,23,2026-07-26T00:55:10.006166,15,16
2026-07-26 00:56:04,mediboard,충청북도,0,0,A2300004,충청북도충주의료원,2314,D,23,18,18,58398249,3,3,23,2026-07-26T00:55:10.006166,21,21
2026-07-26 00:56:04,mediboard,충청남도,2,4,A2400002,단국대학교의과대학부속병원,2412,A,24,15,27,58398198,5,5,24,2026-07-26T00:55:10.006166,22,36
2026-07-26 00:56:04,mediboard,충청남도,0,0,A2400008,당진종합병원,2405,C,24,10,17,58398199,3,3,24,2026-07-26T00:55:10.006166,13,20
2026-07-26 00:56:04,mediboard,충청남도,0,4,A2400003,서산중앙병원,2408,C,24,11,17,58398148,3,3,24,2026-07-26T00:55:10.006166,14,24
2026-07-26 00:56:04,mediboard,충청남도,0,0,A2402257,아산충무병원,2410,C,24,10,13,58398515,8,8,24,2026-07-26T00:55:10.006166,18,21
2026-07-26 00:56:04,mediboard,충청남도,0,0,A2400044,의료법인 서해병원,2409,D,24,5,5,58398200,2,2,24,2026-07-26T00:55:10.006166,7,7
2026-07-26 00:56:04,mediboard,충청남도,0,0,A2400004,의료법인 예당의료재단 예산종합병원,2411,D,24,5,6,58398360,1,1,24,2026-07-26T00:55:10.006166,6,7
2026-07-26 00:56:04,mediboard,충청남도,0,0,A2400009,의료법인백제병원,2404,C,24,18,20,58398150,3,3,24,2026-07-26T00:55:10.006166,21,23
2026-07-26 00:56:04,mediboard,충청남도,0,0,A2400012,의료법인영서의료재단천안충무병원,2413,C,24,8,16,58398309,5,5,24,2026-07-26T00:55:10.006166,13,21
2026-07-26 00:56:04,mediboard,충청남도,0,0,A2400011,재단법인아산사회복지재단보령아산병원,2406,C,24,15,17,58398251,3,3,24,2026-07-26T00:55:10.006166,18,20
2026-07-26 00:56:04,mediboard,충청남도,0,0,E2400032,청양군보건의료원,2414,D,24,6,6,58398326,1,1,24,2026-07-26T00:55:10.006166,7,7
2026-07-26 00:56:04,mediboard,충청남도,0,0,A2400010,충청남도공주의료원,2402,D,24,13,15,58398151,1,1,24,2026-07-26T00:55:10.006166,14,16
2026-07-26 00:56:04,mediboard,충청남도,0,0,A2400006,충청남도서산의료원,2408,C,24,15,17,58398149,3,3,24,2026-07-26T00:55:10.006166,18,20
2026-07-26 00:56:04,mediboard,충청남도,0,0,A2400005,충청남도천안의료원,2412,D,24,10,12,58398416,1,2,24,2026-07-26T00:55:10.006166,11,14
2026-07-26 00:56:04,mediboard,충청남도,1,1,A2400007,충청남도홍성의료원,2416,C,24,10,18,58398469,3,3,24,2026-07-26T00:55:10.006166,14,22
2026-07-26 00:56:04,mediboard,충청남도,0,0,E2400033,태안군보건의료원,2415,D,24,10,10,58398161,1,1,24,2026-07-26T00:55:10.006166,11,11
2026-07-26 00:56:04,mediboard,충청남도,0,0,A2400038,학교법인건양교육재단건양대학교부여병원,2407,D,24,9,9,58398310,1,1,24,2026-07-26T00:55:10.006166,10,10
2026-07-26 00:56:04,mediboard,충청남도,17,18,A2400001,학교법인동은학원순천향대학교부속천안병원,2412,A,24,10,22,58398197,11,11,24,2026-07-26T00:55:10.006166,34,47
2026-07-26 00:56:04,mediboard,충청남도,0,0,A2400039,현대병원,2410,D,24,6,10,58398417,1,1,24,2026-07-26T00:55:10.006166,7,11
2026-07-26 00:56:04,mediboard,전북특별자치도,0,0,A2500038,김제우석병원,2503,D,25,9,10,58398152,1,1,25,2026-07-26T00:55:10.006166,10,11
2026-07-26 00:56:04,mediboard,전북특별자치도,0,0,A2500056,대자인병원,2512,C,25,21,33,58398312,3,3,25,2026-07-26T00:55:10.006166,24,36
2026-07-26 00:56:04,mediboard,전북특별자치도,0,0,E2500019,무주군보건의료원,2505,D,25,4,4,58398484,1,1,25,2026-07-26T00:55:10.006166,5,5
2026-07-26 00:56:04,mediboard,전북특별자치도,0,0,A2500010,부안성모병원,2506,D,25,10,10,58398419,2,2,25,2026-07-26T00:55:10.006166,12,12
2026-07-26 00:56:04,mediboard,전북특별자치도,3,3,A2502742,새강병원,2513,D,25,12,14,58398518,3,3,25,2026-07-26T00:55:10.006166,18,20
2026-07-26 00:56:04,mediboard,전북특별자치도,0,0,E2500021,순창군보건의료원,2507,D,25,9,9,58398218,1,1,25,2026-07-26T00:55:10.006166,10,10
2026-07-26 00:56:04,mediboard,전북특별자치도,3,3,A2500001,원광대학교병원,2509,A,25,12,28,58398516,5,5,25,2026-07-26T00:55:10.006166,20,36
2026-07-26 00:56:04,mediboard,전북특별자치도,0,0,A2500011,의료법인대산의료재단익산병원,2509,C,25,9,17,58398311,3,3,25,2026-07-26T00:55:10.006166,12,20
2026-07-26 00:56:04,mediboard,전북특별자치도,0,0,A2500009,의료법인석천재단고창병원,2501,D,25,4,10,58398470,1,1,25,2026-07-26T00:55:10.006166,5,11
2026-07-26 00:56:04,mediboard,전북특별자치도,0,0,A2500005,의료법인영경의료재단전주병원,2513,C,25,13,17,58398362,3,3,25,2026-07-26T00:55:10.006166,16,20
2026-07-26 00:56:04,mediboard,전북특별자치도,0,0,A2501890,의료법인영경의료재단호성전주병원,2512,D,25,5,9,58398252,1,1,25,2026-07-26T00:55:10.006166,6,10
2026-07-26 00:56:04,mediboard,전북특별자치도,0,0,A2500012,의료법인오성의료재단동군산병원,2502,C,25,14,17,58398517,6,6,25,2026-07-26T00:55:10.006166,20,23
2026-07-26 00:56:04,mediboard,전북특별자치도,0,0,E2500022,임실군보건의료원,2510,D,25,1,4,58398485,1,1,25,2026-07-26T00:55:10.006166,2,5
2026-07-26 00:56:04,mediboard,전북특별자치도,0,0,E2500020,장수군보건의료원,2511,D,25,5,5,58398327,1,1,25,2026-07-26T00:55:10.006166,6,6
2026-07-26 00:56:04,mediboard,전북특별자치도,0,0,A2500008,재단법인 아산사회복지재단 정읍아산병원,2514,C,25,16,17,58398202,3,3,25,2026-07-26T00:55:10.006166,19,20
2026-07-26 00:56:04,mediboard,전북특별자치도,6,12,A2500006,재단법인예수병원유지재단예수병원,2513,C,25,23,38,58398201,5,5,25,2026-07-26T00:55:10.006166,32,53
2026-07-26 00:56:04,mediboard,전북특별자치도,3,5,A2500002,전북대학교병원,2512,A,25,25,36,58398418,7,7,25,2026-07-26T00:55:10.006166,35,48
2026-07-26 00:56:04,mediboard,전북특별자치도,0,0,A2500007,전북특별자치도군산의료원,2502,C,25,6,17,58398363,3,3,25,2026-07-26T00:55:10.006166,9,20
2026-07-26 00:56:04,mediboard,전북특별자치도,0,0,A2500004,전북특별자치도남원의료원,2504,C,25,9,17,58398361,3,3,25,2026-07-26T00:55:10.006166,12,20
2026-07-26 00:56:04,mediboard,전북특별자치도,0,0,A2502031,진안군의료원,2515,D,25,5,6,58398420,2,2,25,2026-07-26T00:55:10.006166,7,8
2026-07-26 00:56:04,mediboard,전라남도,0,0,A2600029,곡성사랑병원,2603,D,26,5,5,58398422,1,1,26,2026-07-26T00:55:10.006166,6,6
2026-07-26 00:56:04,mediboard,전라남도,0,0,A2600006,광양사랑병원,2604,D,26,6,9,58398154,1,1,26,2026-07-26T00:55:10.006166,7,10
2026-07-26 00:56:04,mediboard,전라남도,0,0,A2600061,구례병원,2605,D,26,10,10,58398473,0,0,26,2026-07-26T00:55:10.006166,10,10
2026-07-26 00:56:04,mediboard,전라남도,0,0,A2600016,나주종합병원,2606,D,26,9,10,58398365,0,0,26,2026-07-26T00:55:10.006166,9,10
2026-07-26 00:56:04,mediboard,전라남도,0,0,A2600054,담양사랑병원,2607,D,26,5,6,58398369,2,2,26,2026-07-26T00:55:10.006166,7,8
2026-07-26 00:56:04,mediboard,전라남도,0,0,A2600003,대송의료재단무안병원,2609,D,26,4,4,58398471,1,1,26,2026-07-26T00:55:10.006166,5,5
2026-07-26 00:56:04,mediboard,전라남도,0,0,A2600020,목포기독병원,2608,D,26,13,17,58398204,3,3,26,2026-07-26T00:55:10.006166,16,20
2026-07-26 00:56:04,mediboard,전라남도,0,0,A2600022,목포시의료원,2608,D,26,7,9,58398522,1,1,26,2026-07-26T00:55:10.006166,8,10
2026-07-26 00:56:04,mediboard,전라남도,2,3,A2600011,목포한국병원,2608,A,26,13,18,58398313,5,5,26,2026-07-26T00:55:10.006166,20,26
2026-07-26 00:56:04,mediboard,전라남도,0,0,A2600052,보성아산병원,2610,D,26,8,8,58398526,1,1,26,2026-07-26T00:55:10.006166,9,9
2026-07-26 00:56:04,mediboard,전라남도,0,0,A2602211,빛가람종합병원,2606,D,26,7,9,58398256,1,1,26,2026-07-26T00:55:10.006166,8,10
2026-07-26 00:56:04,mediboard,전라남도,4,4,A2600019,성가롤로병원,2611,A,26,6,18,58398366,5,5,26,2026-07-26T00:55:10.006166,15,27
2026-07-26 00:56:04,mediboard,전라남도,0,0,A2600008,순천제일병원,2611,D,26,3,9,58398421,1,1,26,2026-07-26T00:55:10.006166,4,10
2026-07-26 00:56:04,mediboard,전라남도,0,0,A2600004,순천중앙병원,2611,D,26,5,5,58398364,1,1,26,2026-07-26T00:55:10.006166,6,6
2026-07-26 00:56:04,mediboard,전라남도,0,0,A2600010,여수전남병원,2613,D,26,4,10,58398520,1,1,26,2026-07-26T00:55:10.006166,5,11
2026-07-26 00:56:04,mediboard,전라남도,0,0,A2600014,여천전남병원,2613,C,26,14,17,58398203,3,3,26,2026-07-26T00:55:10.006166,17,20
2026-07-26 00:56:04,mediboard,전라남도,0,0,A2600015,영광종합병원,2614,D,26,6,10,58398472,3,3,26,2026-07-26T00:55:10.006166,9,13
2026-07-26 00:56:04,mediboard,전라남도,0,0,A2600070,영암한국병원,2615,D,26,7,8,58398474,0,1,26,2026-07-26T00:55:10.006166,7,9
2026-07-26 00:56:04,mediboard,전라남도,0,0,A2600032,완도대성병원,2616,D,26,4,5,58398315,1,1,26,2026-07-26T00:55:10.006166,5,6
2026-07-26 00:56:04,mediboard,전라남도,0,0,A2600034,의료법인 거명의료재단 영광기독병원,2614,D,26,9,10,58398368,1,1,26,2026-07-26T00:55:10.006166,10,11
2026-07-26 00:56:04,mediboard,전라남도,0,0,A2600017,의료법인목포구암의료재단목포중앙병원,2608,C,26,11,16,58398254,4,4,26,2026-07-26T00:55:10.006166,15,20
2026-07-26 00:56:04,mediboard,전라남도,0,0,A2600066,의료법인삼호의료재단벌교삼호병원,2610,D,26,6,6,58398206,1,1,26,2026-07-26T00:55:10.006166,7,7
2026-07-26 00:56:04,mediboard,전라남도,0,0,A2600051,의료법인신안대우병원,2612,D,26,4,4,58398525,1,1,26,2026-07-26T00:55:10.006166,5,5
2026-07-26 00:56:04,mediboard,전라남도,0,0,A2600018,의료법인영성의료재단고흥종합병원,2602,D,26,10,10,58398314,0,0,26,2026-07-26T00:55:10.006166,10,10
2026-07-26 00:56:04,mediboard,전라남도,0,0,A2600021,의료법인우범의료재단장흥종합병원,2618,D,26,8,9,58398521,1,1,26,2026-07-26T00:55:10.006166,9,10
2026-07-26 00:56:04,mediboard,전라남도,0,0,A2600068,의료법인장호의료재단녹동현대병원,2602,D,26,2,3,58398370,2,2,26,2026-07-26T00:55:10.006166,4,5
2026-07-26 00:56:04,mediboard,전라남도,0,0,A2600005,의료법인한국의료재단한국병원,2611,D,26,2,11,58398153,1,1,26,2026-07-26T00:55:10.006166,3,12
2026-07-26 00:56:04,mediboard,전라남도,0,0,A2600027,의료법인한마음의료재단여수제일병원,2613,D,26,8,9,58398367,1,1,26,2026-07-26T00:55:10.006166,9,10
2026-07-26 00:56:04,mediboard,전라남도,0,0,A2600035,의료법인행복나눔의료재단장성병원,2617,D,26,4,4,58398255,1,1,26,2026-07-26T00:55:10.006166,5,5
2026-07-26 00:56:04,mediboard,전라남도,0,0,A2600009,의료법인행촌의료재단해남종합병원,2621,D,26,9,10,58398519,1,1,26,2026-07-26T00:55:10.006166,10,11
2026-07-26 00:56:04,mediboard,전라남도,0,0,A2600024,의료법인현경의료재단광양서울병원,2604,D,26,9,9,58398523,1,1,26,2026-07-26T00:55:10.006166,10,10
2026-07-26 00:56:04,mediboard,전라남도,0,0,A2600037,장흥우리병원,2618,D,26,4,4,58398205,1,1,26,2026-07-26T00:55:10.006166,5,5
2026-07-26 00:56:04,mediboard,전라남도,0,0,A2600050,전라남도강진의료원,2601,D,26,8,9,58398423,1,1,26,2026-07-26T00:55:10.006166,9,10
2026-07-26 00:56:04,mediboard,전라남도,0,0,A2600056,전라남도순천의료원,2611,D,26,5,6,58398527,2,2,26,2026-07-26T00:55:10.006166,7,8
2026-07-26 00:56:04,mediboard,전라남도,0,0,A2600040,진도한국병원,2619,D,26,4,4,58398524,1,1,26,2026-07-26T00:55:10.006166,5,5
2026-07-26 00:56:04,mediboard,전라남도,0,0,A2600077,해남우리종합병원,2621,D,26,15,15,58398207,4,4,26,2026-07-26T00:55:10.006166,19,19
2026-07-26 00:56:04,mediboard,전라남도,1,1,A2600001,화순전남대학교병원,2622,C,26,15,16,58398253,7,7,26,2026-07-26T00:55:10.006166,23,24
2026-07-26 00:56:04,mediboard,경상북도,0,0,A2700018,경상북도김천의료원,2706,D,27,14,17,58398376,1,1,27,2026-07-26T00:55:10.006166,15,18
2026-07-26 00:56:04,mediboard,경상북도,0,0,A2700001,경상북도안동의료원,2711,D,27,5,6,58398155,2,2,27,2026-07-26T00:55:10.006166,7,8
2026-07-26 00:56:04,mediboard,경상북도,0,0,A2700005,경상북도포항의료원,2724,D,27,7,8,58398371,2,2,27,2026-07-26T00:55:10.006166,9,10
2026-07-26 00:56:04,mediboard,경상북도,0,0,A2700097,계명대학교경주동산병원,2702,D,27,5,9,58398424,1,1,27,2026-07-26T00:55:10.006166,6,10
2026-07-26 00:56:04,mediboard,경상북도,0,0,A2700015,구미강동병원,2704,D,27,6,7,58398375,3,3,27,2026-07-26T00:55:10.006166,9,10
2026-07-26 00:56:04,mediboard,경상북도,2,3,A2700003,동국대학교의과대학경주병원,2702,C,27,11,16,58398475,7,7,27,2026-07-26T00:55:10.006166,20,26
2026-07-26 00:56:04,mediboard,경상북도,0,0,A2700011,상주적십자병원,2709,D,27,7,9,58398528,1,1,27,2026-07-26T00:55:10.006166,8,10
2026-07-26 00:56:04,mediboard,경상북도,0,4,A2700013,순천향대학교부속구미병원,2704,C,27,9,13,58398259,3,3,27,2026-07-26T00:55:10.006166,12,20
2026-07-26 00:56:04,mediboard,경상북도,0,0,A2700004,안동성소병원,2711,C,27,12,12,58398156,7,8,27,2026-07-26T00:55:10.006166,19,20
2026-07-26 00:56:04,mediboard,경상북도,0,0,A2700008,에스포항병원,2723,D,27,2,6,58398373,1,1,27,2026-07-26T00:55:10.006166,3,7
2026-07-26 00:56:04,mediboard,경상북도,0,0,A2700017,영남대학교의과대학부속영천병원,2715,D,27,9,10,58398317,3,3,27,2026-07-26T00:55:10.006166,12,13
2026-07-26 00:56:04,mediboard,경상북도,0,0,A2700031,영주기독병원,2714,D,27,4,4,58398209,1,1,27,2026-07-26T00:55:10.006166,5,5
2026-07-26 00:56:04,mediboard,경상북도,0,0,A2700020,영주자인병원,2714,D,27,4,4,58398318,1,1,27,2026-07-26T00:55:10.006166,5,5
2026-07-26 00:56:04,mediboard,경상북도,0,0,A2702752,영주적십자병원,2714,D,27,10,10,58398261,1,1,27,2026-07-26T00:55:10.006166,11,11
2026-07-26 00:56:04,mediboard,경상북도,0,0,E2700553,울릉군보건의료원,2717,D,27,4,5,58398162,0,0,27,2026-07-26T00:55:10.006166,4,5
2026-07-26 00:56:04,mediboard,경상북도,0,0,A2700052,울진군의료원,2718,D,27,8,8,58398211,2,2,27,2026-07-26T00:55:10.006166,10,10
2026-07-26 00:56:04,mediboard,경상북도,0,0,A2700019,의)근원의료재단경산중앙병원,2701,D,27,7,10,58398208,2,2,27,2026-07-26T00:55:10.006166,9,12
2026-07-26 00:56:04,mediboard,경상북도,0,0,A2700038,의료법인대남의료재단청도대남병원,2720,D,27,10,10,58398529,0,0,27,2026-07-26T00:55:10.006166,10,10
2026-07-26 00:56:04,mediboard,경상북도,0,0,A2700012,의료법인덕산의료재단김천제일병원,2706,C,27,15,16,58398374,4,4,27,2026-07-26T00:55:10.006166,19,20
2026-07-26 00:56:04,mediboard,경상북도,0,0,A2700006,의료법인동춘의료재단문경제일병원,2707,C,27,16,17,58398372,2,3,27,2026-07-26T00:55:10.006166,18,20
2026-07-26 00:56:04,mediboard,경상북도,0,0,A2700009,의료법인삼백의료재단상주성모병원,2709,D,27,9,9,58398476,1,1,27,2026-07-26T00:55:10.006166,10,10
2026-07-26 00:56:04,mediboard,경상북도,0,0,A2700036,의료법인서명의료재단세명종합병원,2701,D,27,13,13,58398210,2,2,27,2026-07-26T00:55:10.006166,15,15
2026-07-26 00:56:04,mediboard,경상북도,0,0,A2700023,의료법인서준의료재단예천권병원,2716,D,27,6,6,58398260,1,1,27,2026-07-26T00:55:10.006166,7,7
2026-07-26 00:56:04,mediboard,경상북도,0,3,A2700014,의료법인안동병원,2711,A,27,10,17,58398157,5,5,27,2026-07-26T00:55:10.006166,15,25
2026-07-26 00:56:04,mediboard,경상북도,0,0,A2700070,의료법인영암의료재단고령영생병원,2703,D,27,5,5,58398320,1,1,27,2026-07-26T00:55:10.006166,6,6
2026-07-26 00:56:04,mediboard,경상북도,0,0,A2700063,의료법인영제의료재단영남제일병원,2719,D,27,4,5,58398319,1,1,27,2026-07-26T00:55:10.006166,5,6
2026-07-26 00:56:04,mediboard,경상북도,0,0,A2702563,의료법인은성의료재단좋은선린병원,2724,D,27,10,10,58398321,2,2,27,2026-07-26T00:55:10.006166,12,12
2026-07-26 00:56:04,mediboard,경상북도,4,5,A2700007,차의과학대학교부속구미차병원,2704,A,27,13,20,58398258,6,12,27,2026-07-26T00:55:10.006166,23,37
2026-07-26 00:56:04,mediboard,경상북도,0,0,E2700554,청송군보건의료원,2721,D,27,5,5,58398385,1,1,27,2026-07-26T00:55:10.006166,6,6
2026-07-26 00:56:04,mediboard,경상북도,11,11,A2700016,포항성모병원,2723,A,27,8,20,58398316,5,15,27,2026-07-26T00:55:10.006166,24,46
2026-07-26 00:56:04,mediboard,경상북도,0,0,A2700002,포항세명기독병원,2723,C,27,7,15,58398257,10,10,27,2026-07-26T00:55:10.006166,17,25
2026-07-26 00:56:04,mediboard,경상남도,0,0,A2800032,강병원,2803,D,28,9,9,58398427,1,1,28,2026-07-26T00:55:10.006166,10,10
2026-07-26 00:56:04,mediboard,경상남도,0,0,A2803677,강일병원,2804,D,28,8,8,58398266,3,3,28,2026-07-26T00:55:10.006166,11,11
2026-07-26 00:56:04,mediboard,경상남도,0,0,A2800076,거창적십자병원,2802,D,28,5,9,58398430,1,1,28,2026-07-26T00:55:10.006166,6,10
2026-07-26 00:56:04,mediboard,경상남도,3,3,A2800001,경상국립대학교병원,2811,A,28,15,30,58398477,4,5,28,2026-07-26T00:55:10.006166,22,38
2026-07-26 00:56:04,mediboard,경상남도,0,0,A2800025,경상남도마산의료원,2813,D,28,9,13,58398264,2,2,28,2026-07-26T00:55:10.006166,11,15
2026-07-26 00:56:04,mediboard,경상남도,0,0,A2800113,밀양병원,2806,D,28,7,8,58398482,1,1,28,2026-07-26T00:55:10.006166,8,9
2026-07-26 00:56:04,mediboard,경상남도,0,0,A2800084,반도병원,2811,D,28,6,7,58398382,1,1,28,2026-07-26T00:55:10.006166,7,8
2026-07-26 00:56:04,mediboard,경상남도,0,0,A2800019,베데스다복음병원,2809,D,28,7,9,58398479,1,1,28,2026-07-26T00:55:10.006166,8,10
2026-07-26 00:56:04,mediboard,경상남도,0,0,E2800380,산청군보건의료원,2808,D,28,5,5,58398270,1,1,28,2026-07-26T00:55:10.006166,6,6
2026-07-26 00:56:04,mediboard,경상남도,0,0,A2800055,삼성합천병원,2822,D,28,4,4,58398428,1,1,28,2026-07-26T00:55:10.006166,5,5
2026-07-26 00:56:04,mediboard,경상남도,0,0,A2800101,삼천포제일병원,2807,D,28,8,8,58398265,2,2,28,2026-07-26T00:55:10.006166,10,10
2026-07-26 00:56:04,mediboard,경상남도,0,0,A2800092,새통영병원,2818,D,28,5,9,58398214,1,1,28,2026-07-26T00:55:10.006166,6,10
2026-07-26 00:56:04,mediboard,경상남도,9,10,A2800011,양산부산대학교병원,2809,A,28,11,23,58398322,7,8,28,2026-07-26T00:55:10.006166,25,39
2026-07-26 00:56:04,mediboard,경상남도,0,0,A2804593,양산성모병원,2809,D,28,12,13,58398267,1,1,28,2026-07-26T00:55:10.006166,13,14
2026-07-26 00:56:04,mediboard,경상남도,0,0,A2800021,연세에스병원,2817,D,28,9,9,58398213,1,1,28,2026-07-26T00:55:10.006166,10,10
2026-07-26 00:56:04,mediboard,경상남도,0,0,A2800090,의령병원,2810,D,28,4,4,58398324,1,1,28,2026-07-26T00:55:10.006166,5,5
2026-07-26 00:56:04,mediboard,경상남도,0,0,A2800008,의료법인 거붕 백병원,2801,D,28,7,9,58398378,1,1,28,2026-07-26T00:55:10.006166,8,10
2026-07-26 00:56:04,mediboard,경상남도,0,0,A2800005,의료법인 대우의료재단대우병원,2801,D,28,5,9,58398158,1,1,28,2026-07-26T00:55:10.006166,6,10
2026-07-26 00:56:04,mediboard,경상남도,0,0,A2800015,의료법인 문병욱의료재단 진주고려병원,2811,D,28,10,10,58398478,1,1,28,2026-07-26T00:55:10.006166,11,11
2026-07-26 00:56:04,mediboard,경상남도,0,0,A2800022,의료법인 성념의료재단맑은샘병원,2801,D,28,8,9,58398530,1,1,28,2026-07-26T00:55:10.006166,9,10
2026-07-26 00:56:04,mediboard,경상남도,0,0,A2800094,의료법인 이도의료재단 남해병원,2805,D,28,8,8,58398325,2,2,28,2026-07-26T00:55:10.006166,10,10
2026-07-26 00:56:04,mediboard,경상남도,0,0,A2800014,의료법인갑을의료재단 갑을장유병원,2804,D,28,9,9,58398380,1,1,28,2026-07-26T00:55:10.006166,10,10
2026-07-26 00:56:04,mediboard,경상남도,0,0,A2800006,의료법인숭인의료재단 김해복음병원,2804,C,28,12,16,58398425,4,4,28,2026-07-26T00:55:10.006166,16,20
2026-07-26 00:56:04,mediboard,경상남도,0,0,A2800068,의료법인승연의료재단 삼천포서울병원,2807,D,28,8,9,58398429,1,1,28,2026-07-26T00:55:10.006166,9,10
2026-07-26 00:56:04,mediboard,경상남도,0,0,A2800009,의료법인청아의료재단청아병원,2814,D,28,5,9,58398379,1,1,28,2026-07-26T00:55:10.006166,6,10
2026-07-26 00:56:04,mediboard,경상남도,0,0,A2800017,의료법인합포의료재단에스엠지연세병원,2813,C,28,13,17,58398323,3,3,28,2026-07-26T00:55:10.006166,16,20
2026-07-26 00:56:04,mediboard,경상남도,0,0,A2800010,의료법인환명의료재단 조은금강병원,2804,C,28,12,17,58398263,3,3,28,2026-07-26T00:55:10.006166,15,20
2026-07-26 00:56:04,mediboard,경상남도,0,0,A2800003,제일병원,2811,C,28,13,17,58398262,3,3,28,2026-07-26T00:55:10.006166,16,20
2026-07-26 00:56:04,mediboard,경상남도,0,0,A2800037,진주복음병원,2811,D,28,9,9,58398159,1,1,28,2026-07-26T00:55:10.006166,10,10
2026-07-26 00:56:04,mediboard,경상남도,0,0,A2803505,창원경상국립대학교병원,2815,C,28,13,18,58398215,3,10,28,2026-07-26T00:55:10.006166,16,28
2026-07-26 00:56:04,mediboard,경상남도,0,0,A2800004,창원파티마병원,2816,C,28,12,17,58398377,3,3,28,2026-07-26T00:55:10.006166,15,20
2026-07-26 00:56:04,mediboard,경상남도,0,0,A2800007,창원한마음병원,2816,C,28,0,21,58398426,1,4,28,2026-07-26T00:55:10.006166,1,25
2026-07-26 00:56:04,mediboard,경상남도,0,0,A2800062,태황의료재단한성병원,2812,D,28,8,9,58398481,1,1,28,2026-07-26T00:55:10.006166,9,10
2026-07-26 00:56:04,mediboard,경상남도,8,8,A2800020,학교법인성균관대학삼성창원병원,2814,A,28,17,27,58398212,5,5,28,2026-07-26T00:55:10.006166,30,40
2026-07-26 00:56:04,mediboard,경상남도,0,0,A2800043,한일병원,2811,C,28,14,17,58398480,3,3,28,2026-07-26T00:55:10.006166,17,20
2026-07-26 00:56:04,mediboard,경상남도,0,0,A2800080,함양성심병원,2821,D,28,4,4,58398381,1,1,28,2026-07-26T00:55:10.006166,5,5
2026-07-26 00:56:04,mediboard,제주특별자치도,0,0,A2900003,의료법인 혜인의료재단 한국병원,2902,D,29,1,9,58398431,1,1,29,2026-07-26T00:55:10.006166,2,10
2026-07-26 00:56:04,mediboard,제주특별자치도,1,1,A2900006,의료법인중앙의료재단중앙병원,2902,C,29,5,16,58398268,3,3,29,2026-07-26T00:55:10.006166,9,20
2026-07-26 00:56:04,mediboard,제주특별자치도,0,0,A2900007,제주대학교병원,2902,C,29,3,20,58398383,3,6,29,2026-07-26T00:55:10.006166,6,26
2026-07-26 00:56:04,mediboard,제주특별자치도,3,4,A2900002,제주특별자치도서귀포의료원,2901,C,29,5,16,58398216,5,5,29,2026-07-26T00:55:10.006166,13,25
2026-07-26 00:56:04,mediboard,제주특별자치도,3,3,A2900001,제주한라병원,2902,A,29,6,17,58398531,5,5,29,2026-07-26T00:55:10.006166,14,25
2026-07-26 00:56:04,mediboard,제주특별자치도,0,0,A2900005,한마음병원,2902,C,29,7,17,58398483,2,3,29,2026-07-26T00:55:10.006166,9,20
2026-07-26 01:44:31,mediboard,서울특별시,0,0,A1100011,가톨릭대학교여의도성모병원,1120,C,11,14,15,58402017,5,5,11,2026-07-26T01:40:10.006377,19,20
2026-07-26 01:44:31,mediboard,서울특별시,8,8,A1121013,가톨릭대학교은평성모병원,1122,C,11,7,24,58402236,3,4,11,2026-07-26T01:40:10.006377,18,36
2026-07-26 01:44:31,mediboard,서울특별시,3,3,A1100043,강동경희대학교병원,1102,A,11,2,15,58401910,4,5,11,2026-07-26T01:40:10.006377,9,23
2026-07-26 01:44:31,mediboard,서울특별시,2,2,A1100006,강북삼성병원,1123,C,11,7,15,58402230,3,3,11,2026-07-26T01:40:10.006377,12,20
2026-07-26 01:44:31,mediboard,서울특별시,4,4,A1100002,건국대학교병원,1106,C,11,9,20,58402130,3,3,11,2026-07-26T01:40:10.006377,16,27
2026-07-26 01:44:31,mediboard,서울특별시,0,0,A1100039,경찰병원,1118,D,11,3,3,58402135,2,2,11,2026-07-26T01:40:10.006377,5,5
2026-07-26 01:44:31,mediboard,서울특별시,2,3,A1100001,경희대학교병원,1111,C,11,10,15,58402072,4,5,11,2026-07-26T01:40:10.006377,16,23
2026-07-26 01:44:31,mediboard,서울특별시,2,3,A1100014,고려대학교의과대학부속구로병원,1107,A,11,18,29,58402018,4,5,11,2026-07-26T01:40:10.006377,24,37
2026-07-26 01:44:31,mediboard,서울특별시,0,0,A1100026,구로성심병원,1107,D,11,7,9,58402233,1,1,11,2026-07-26T01:40:10.006377,8,10
2026-07-26 01:44:31,mediboard,서울특별시,3,3,A1100052,국립중앙의료원,1124,C,11,11,17,58402181,10,10,11,2026-07-26T01:40:10.006377,24,30
2026-07-26 01:44:31,mediboard,서울특별시,0,0,A1122033,기쁨병원,1115,D,11,2,4,58401865,1,1,11,2026-07-26T01:40:10.006377,3,5
2026-07-26 01:44:31,mediboard,서울특별시,0,0,A1100048,노원을지대학교병원,1109,C,11,16,17,58401863,5,5,11,2026-07-26T01:40:10.006377,21,22
2026-07-26 01:44:31,mediboard,서울특별시,0,0,A1100044,녹색병원,1125,D,11,0,5,58402180,5,5,11,2026-07-26T01:40:10.006377,5,10
2026-07-26 01:44:31,mediboard,서울특별시,0,0,A1100037,대림성모병원,1120,D,11,8,8,58402021,1,2,11,2026-07-26T01:40:10.006377,9,10
2026-07-26 01:44:31,mediboard,서울특별시,0,0,A1100024,명지성모병원,1120,D,11,6,8,58401861,2,2,11,2026-07-26T01:40:10.006377,8,10
2026-07-26 01:44:31,mediboard,서울특별시,0,0,A1100036,부민병원,1104,D,11,6,10,58402234,1,1,11,2026-07-26T01:40:10.006377,7,11
2026-07-26 01:44:31,mediboard,서울특별시,2,4,A1100010,삼성서울병원,1101,C,11,14,52,58402131,4,4,11,2026-07-26T01:40:10.006377,20,60
2026-07-26 01:44:31,mediboard,서울특별시,0,0,A1100021,삼육서울병원,1111,C,11,8,13,58402132,5,7,11,2026-07-26T01:40:10.006377,13,20
2026-07-26 01:44:31,mediboard,서울특별시,10,12,A1100017,서울대학교병원,1123,A,11,-2,24,58401860,8,8,11,2026-07-26T01:40:10.006377,14,42
2026-07-26 01:44:31,mediboard,서울특별시,0,0,A1100050,서울성심병원,1111,D,11,16,17,58402136,3,3,11,2026-07-26T01:40:10.006377,19,20
2026-07-26 01:44:31,mediboard,서울특별시,0,0,A1100029,서울적십자병원,1123,D,11,9,10,58401964,0,1,11,2026-07-26T01:40:10.006377,9,11
2026-07-26 01:44:31,mediboard,서울특별시,0,0,A1100022,서울특별시동부병원,1111,D,11,6,8,58401907,2,2,11,2026-07-26T01:40:10.006377,8,10
2026-07-26 01:44:31,mediboard,서울특별시,3,3,A1100040,서울특별시보라매병원,1112,C,11,18,31,58401965,3,3,11,2026-07-26T01:40:10.006377,24,37
2026-07-26 01:44:31,mediboard,서울특별시,0,0,A1100223,서울특별시서남병원,1119,D,11,17,17,58401911,3,3,11,2026-07-26T01:40:10.006377,20,20
2026-07-26 01:44:31,mediboard,서울특별시,1,3,A1100035,서울특별시서울의료원,1125,A,11,13,19,58402134,5,5,11,2026-07-26T01:40:10.006377,19,27
2026-07-26 01:44:31,mediboard,서울특별시,0,0,A1100028,성심의료재단강동성심병원,1102,C,11,9,15,58402133,9,9,11,2026-07-26T01:40:10.006377,18,24
2026-07-26 01:44:31,mediboard,서울특별시,0,0,A1100054,성애의료재단성애병원,1120,C,11,14,15,58402182,5,11,11,2026-07-26T01:40:10.006377,19,26
2026-07-26 01:44:31,mediboard,서울특별시,0,0,A1100032,세란병원,1123,D,11,9,10,58402020,1,1,11,2026-07-26T01:40:10.006377,10,11
2026-07-26 01:44:31,mediboard,서울특별시,3,4,A1100004,순천향대학교부속서울병원,1121,C,11,18,20,58402016,3,3,11,2026-07-26T01:40:10.006377,24,27
2026-07-26 01:44:31,mediboard,서울특별시,0,0,A1100045,씨엠병원,1120,D,11,8,9,58402076,1,1,11,2026-07-26T01:40:10.006377,9,10
2026-07-26 01:44:31,mediboard,서울특별시,2,2,A1100015,연세대학교의과대학강남세브란스병원,1101,C,11,11,21,58402232,2,3,11,2026-07-26T01:40:10.006377,15,26
2026-07-26 01:44:31,mediboard,서울특별시,8,10,A1100007,연세대학교의과대학세브란스병원,1114,C,11,8,39,58402177,6,6,11,2026-07-26T01:40:10.006377,20,53
2026-07-26 01:44:31,mediboard,서울특별시,0,0,A1100025,의료법인동신의료재단동신병원,1114,D,11,9,9,58402179,1,1,11,2026-07-26T01:40:10.006377,10,10
2026-07-26 01:44:31,mediboard,서울특별시,0,0,A1100041,의료법인서울효천의료재단에이치플러스양지병원,1105,C,11,17,18,58401909,3,3,11,2026-07-26T01:40:10.006377,20,21
2026-07-26 01:44:31,mediboard,서울특별시,0,0,A1100023,의료법인청구성심병원,1122,D,11,10,10,58401908,1,1,11,2026-07-26T01:40:10.006377,11,11
2026-07-26 01:44:31,mediboard,서울특별시,0,0,A1100075,의료법인풍산의료재단동부제일병원,1125,D,11,7,7,58401864,1,1,11,2026-07-26T01:40:10.006377,8,8
2026-07-26 01:44:31,mediboard,서울특별시,2,2,A1100020,의료법인한전의료재단한일병원,1110,C,11,7,21,58402075,4,4,11,2026-07-26T01:40:10.006377,13,27
2026-07-26 01:44:31,mediboard,서울특별시,8,8,A1100005,이화여자대학교의과대학부속목동병원,1119,A,11,13,19,58402176,5,6,11,2026-07-26T01:40:10.006377,26,33
2026-07-26 01:44:31,mediboard,서울특별시,6,9,A1120796,이화여자대학교의과대학부속서울병원,1104,C,11,6,14,58402137,8,8,11,2026-07-26T01:40:10.006377,20,31
2026-07-26 01:44:31,mediboard,서울특별시,0,0,A1100016,인제대학교상계백병원,1109,C,11,5,16,58402178,5,7,11,2026-07-26T01:40:10.006377,10,23
2026-07-26 01:44:31,mediboard,서울특별시,-3,14,A1100009,재단법인아산사회복지재단서울아산병원,1118,C,11,2,36,58402074,12,26,11,2026-07-26T01:40:10.006377,8,73
2026-07-26 01:44:31,mediboard,서울특별시,1,4,A1100003,중앙대학교병원,1112,C,11,10,18,58402015,0,0,11,2026-07-26T01:40:10.006377,11,22
2026-07-26 01:44:31,mediboard,서울특별시,6,9,A1100012,학교법인가톨릭학원가톨릭대학교서울성모병원,1115,C,11,-7,28,58401963,5,8,11,2026-07-26T01:40:10.006377,2,43
2026-07-26 01:44:31,mediboard,서울특별시,4,4,A1100008,학교법인고려중앙학원고려대학교의과대학부속병원(안암병원),1117,A,11,14,30,58402073,6,9,11,2026-07-26T01:40:10.006377,24,43
2026-07-26 01:44:31,mediboard,서울특별시,0,0,A1100053,한국보훈복지의료공단중앙보훈병원,1102,C,11,19,22,58402022,3,3,11,2026-07-26T01:40:10.006377,22,25
2026-07-26 01:44:31,mediboard,서울특별시,0,0,A1100027,한국원자력의학원원자력병원,1109,D,11,8,9,58401862,3,3,11,2026-07-26T01:40:10.006377,11,12
2026-07-26 01:44:31,mediboard,서울특별시,3,3,A1100055,한림대학교강남성심병원,1120,C,11,16,20,58402078,5,5,11,2026-07-26T01:40:10.006377,24,28
2026-07-26 01:44:31,mediboard,서울특별시,1,3,A1100013,한양대학교병원,1116,A,11,15,20,58402231,8,12,11,2026-07-26T01:40:10.006377,24,35
2026-07-26 01:44:31,mediboard,서울특별시,0,0,A1100051,혜민병원,1106,D,11,6,9,58402077,1,1,11,2026-07-26T01:40:10.006377,7,10
2026-07-26 01:44:31,mediboard,서울특별시,0,0,A1100019,홍익병원,1119,D,11,9,9,58402019,1,1,11,2026-07-26T01:40:10.006377,10,10
2026-07-26 01:44:31,mediboard,서울특별시,0,0,A1100049,희명병원,1108,D,11,7,10,58402235,1,1,11,2026-07-26T01:40:10.006377,8,11
2026-07-26 01:44:31,mediboard,부산광역시,0,0,A1200028,(의)서일의료재단기장병원,1203,D,12,8,9,58402139,1,1,12,2026-07-26T01:40:10.006377,9,10
2026-07-26 01:44:31,mediboard,부산광역시,0,0,A1200004,고신대학교복음병원,1211,C,12,22,25,58401912,5,5,12,2026-07-26T01:40:10.006377,27,30
2026-07-26 01:44:31,mediboard,부산광역시,0,0,A1200045,구포성심병원,1208,D,12,5,9,58401970,1,1,12,2026-07-26T01:40:10.006377,6,10
2026-07-26 01:44:31,mediboard,부산광역시,3,3,A1200018,대동병원,1206,C,12,11,15,58402025,2,3,12,2026-07-26T01:40:10.006377,16,21
2026-07-26 01:44:31,mediboard,부산광역시,0,0,A1200015,동남권원자력의학원원자력병원,1203,D,12,8,9,58402082,1,1,12,2026-07-26T01:40:10.006377,9,10
2026-07-26 01:44:31,mediboard,부산광역시,0,0,A1200011,동래봉생병원,1206,D,12,3,8,58402185,2,2,12,2026-07-26T01:40:10.006377,5,10
2026-07-26 01:44:31,mediboard,부산광역시,3,3,A1200003,동아대학교병원,1211,A,12,19,26,58402237,7,8,12,2026-07-26T01:40:10.006377,29,37
2026-07-26 01:44:31,mediboard,부산광역시,0,0,A1200024,부산광역시의료원,1213,D,12,16,18,58402187,2,8,12,2026-07-26T01:40:10.006377,18,26
2026-07-26 01:44:31,mediboard,부산광역시,3,3,A1200002,부산대학교병원,1211,C,12,19,19,58401866,3,3,12,2026-07-26T01:40:10.006377,25,25
2026-07-26 01:44:31,mediboard,부산광역시,4,4,A1200013,부산성모병원(재단법인 천주교부산교구유지재단),1204,D,12,5,10,58402081,5,5,12,2026-07-26T01:40:10.006377,14,19
2026-07-26 01:44:31,mediboard,부산광역시,0,0,A1200007,비에이치에스한서병원,1212,C,12,16,17,58402080,3,3,12,2026-07-26T01:40:10.006377,19,20
2026-07-26 01:44:31,mediboard,부산광역시,0,0,A1200021,삼육부산병원,1211,D,12,7,9,58401968,1,1,12,2026-07-26T01:40:10.006377,8,10
2026-07-26 01:44:31,mediboard,부산광역시,0,0,A1200014,영도병원,1214,D,12,6,7,58401967,2,2,12,2026-07-26T01:40:10.006377,8,9
2026-07-26 01:44:31,mediboard,부산광역시,0,0,A1200009,의료법인 광혜의료재단 광혜병원,1206,D,12,8,9,58402184,3,3,12,2026-07-26T01:40:10.006377,11,12
2026-07-26 01:44:31,mediboard,부산광역시,0,0,A1200098,의료법인 센텀의료재단 센텀종합병원,1212,D,12,7,9,58402083,1,1,12,2026-07-26T01:40:10.006377,8,10
2026-07-26 01:44:31,mediboard,부산광역시,0,0,A1200020,의료법인 온그룹의료재단 온병원,1207,C,12,12,20,58401867,3,3,12,2026-07-26T01:40:10.006377,15,23
2026-07-26 01:44:31,mediboard,부산광역시,0,0,A1200008,의료법인 은성의료재단 좋은강안병원,1212,D,12,11,18,58402023,3,3,12,2026-07-26T01:40:10.006377,14,21
2026-07-26 01:44:31,mediboard,부산광역시,1,1,A1200005,의료법인 은성의료재단 좋은삼선병원,1209,C,12,10,13,58401966,6,6,12,2026-07-26T01:40:10.006377,17,20
2026-07-26 01:44:31,mediboard,부산광역시,0,0,A1200006,의료법인 인당의료재단 부민병원,1208,D,12,6,10,58402183,2,2,12,2026-07-26T01:40:10.006377,8,12
2026-07-26 01:44:31,mediboard,부산광역시,0,0,A1205143,의료법인 인당의료재단 해운대부민병원,1216,D,12,8,9,58402140,1,1,12,2026-07-26T01:40:10.006377,9,10
2026-07-26 01:44:31,mediboard,부산광역시,0,0,A1200012,의료법인 행도의료재단 해동병원,1214,D,12,6,6,58401913,1,1,12,2026-07-26T01:40:10.006377,7,7
2026-07-26 01:44:31,mediboard,부산광역시,0,0,A1200017,의료법인정화의료재단 봉생기념병원,1205,D,12,5,9,58402024,1,2,12,2026-07-26T01:40:10.006377,6,11
2026-07-26 01:44:31,mediboard,부산광역시,0,3,A1200022,인제대학교 해운대백병원,1216,A,12,11,29,58402138,4,5,12,2026-07-26T01:40:10.006377,15,37
2026-07-26 01:44:31,mediboard,부산광역시,0,0,A1200001,인제대학교부산백병원,1207,C,12,14,18,58402079,3,3,12,2026-07-26T01:40:10.006377,17,21
2026-07-26 01:44:31,mediboard,부산광역시,0,0,A1200023,재단법인천주교부산교구유지재단 메리놀병원,1215,D,12,5,9,58401969,1,1,12,2026-07-26T01:40:10.006377,6,10
2026-07-26 01:44:31,mediboard,부산광역시,1,2,A1200026,좋은문화병원,1205,D,12,4,7,58401869,3,3,12,2026-07-26T01:40:10.006377,8,12
2026-07-26 01:44:31,mediboard,부산광역시,0,0,A1200025,학교법인 춘해병원,1207,D,12,5,9,58401868,1,1,12,2026-07-26T01:40:10.006377,6,10
2026-07-26 01:44:31,mediboard,부산광역시,0,0,A1200019,학교법인)동의병원,1207,D,12,14,14,58401914,1,1,12,2026-07-26T01:40:10.006377,15,15
2026-07-26 01:44:31,mediboard,부산광역시,0,0,A1200016,한국보훈복지의료공단 부산보훈병원,1209,D,12,11,11,58402186,2,2,12,2026-07-26T01:40:10.006377,13,13
2026-07-26 01:44:31,mediboard,인천광역시,0,0,A1300081,(재)미리내천주성삼성직수도회천주성삼병원,1307,D,13,7,9,58402085,1,2,13,2026-07-26T01:40:10.006377,8,11
2026-07-26 01:44:31,mediboard,인천광역시,0,0,A1300018,강남종합병원,1304,D,13,14,15,58402192,1,1,13,2026-07-26T01:40:10.006377,15,16
2026-07-26 01:44:31,mediboard,인천광역시,4,4,A1300002,경북대학교병원,1308,A,13,14,27,58402188,5,5,13,2026-07-26T01:40:10.006377,23,36
2026-07-26 01:44:31,mediboard,인천광역시,0,0,A1303386,계명대학교대구동산병원,1308,D,13,12,12,58401916,2,2,13,2026-07-26T01:40:10.006377,14,14
2026-07-26 01:44:31,mediboard,인천광역시,0,0,A1300003,계명대학교동산병원,1302,C,13,6,20,58401870,5,5,13,2026-07-26T01:40:10.006377,11,25
2026-07-26 01:44:31,mediboard,인천광역시,0,0,A1300008,곽병원,1308,D,13,8,10,58402191,2,2,13,2026-07-26T01:40:10.006377,10,12
2026-07-26 01:44:31,mediboard,인천광역시,0,0,A1300038,나사렛종합병원,1302,D,13,1,9,58402238,4,10,13,2026-07-26T01:40:10.006377,5,19
2026-07-26 01:44:31,mediboard,인천광역시,0,0,A1300004,대구가톨릭대학교병원,1301,C,13,10,24,58401972,4,4,13,2026-07-26T01:40:10.006377,14,28
2026-07-26 01:44:31,mediboard,인천광역시,0,0,A1300005,대구가톨릭대학교칠곡가톨릭병원,1305,D,13,2,9,58402189,1,1,13,2026-07-26T01:40:10.006377,3,10
2026-07-26 01:44:31,mediboard,인천광역시,0,0,A1300076,대구굿모닝병원,1306,D,13,17,17,58402193,2,2,13,2026-07-26T01:40:10.006377,19,19
2026-07-26 01:44:31,mediboard,인천광역시,0,0,A1300007,대구의료원,1306,D,13,18,18,58402190,2,2,13,2026-07-26T01:40:10.006377,20,20
2026-07-26 01:44:31,mediboard,인천광역시,5,5,A1300009,대구파티마병원,1304,C,13,5,25,58401973,6,7,13,2026-07-26T01:40:10.006377,16,37
2026-07-26 01:44:31,mediboard,인천광역시,0,0,A1300110,더블유병원,1302,D,13,9,10,58402026,1,1,13,2026-07-26T01:40:10.006377,10,11
2026-07-26 01:44:31,mediboard,인천광역시,0,0,A1300034,드림종합병원,1301,D,13,6,8,58402084,2,2,13,2026-07-26T01:40:10.006377,8,10
2026-07-26 01:44:31,mediboard,인천광역시,0,0,A1300045,삼일병원,1302,D,13,10,14,58401975,1,1,13,2026-07-26T01:40:10.006377,11,15
2026-07-26 01:44:31,mediboard,인천광역시,2,3,A1300001,영남대학교병원,1301,A,13,24,28,58401971,5,5,13,2026-07-26T01:40:10.006377,31,36
2026-07-26 01:44:31,mediboard,인천광역시,0,0,A1300006,의료법인구의료재단구병원,1302,D,13,9,10,58401915,1,1,13,2026-07-26T01:40:10.006377,10,11
2026-07-26 01:44:31,mediboard,인천광역시,9,9,A1300010,칠곡경북대학교병원,1305,C,13,14,23,58402141,6,6,13,2026-07-26T01:40:10.006377,27,36
2026-07-26 01:44:31,mediboard,인천광역시,0,0,A1300011,한국보훈복지의료공단대구보훈병원,1302,D,13,11,12,58401974,2,2,13,2026-07-26T01:40:10.006377,13,14
2026-07-26 01:44:31,mediboard,대구광역시,0,0,A1400008,(의)성세의료재단 뉴성민병원,1407,D,14,9,9,58401918,1,1,14,2026-07-26T01:40:10.006377,10,10
2026-07-26 01:44:31,mediboard,대구광역시,3,3,A1400015,가톨릭관동대학교국제성모병원,1407,C,14,14,23,58402029,5,5,14,2026-07-26T01:40:10.006377,22,31
2026-07-26 01:44:31,mediboard,대구광역시,3,4,A1400012,가톨릭대학교 인천성모병원,1406,C,14,9,19,58402143,7,8,14,2026-07-26T01:40:10.006377,19,31
2026-07-26 01:44:31,mediboard,대구광역시,0,0,A1400010,검단탑병원,1407,C,14,16,18,58401871,3,3,14,2026-07-26T01:40:10.006377,19,21
2026-07-26 01:44:31,mediboard,대구광역시,0,0,A1403617,비에스종합병원,1401,D,14,8,10,58402088,1,1,14,2026-07-26T01:40:10.006377,9,11
2026-07-26 01:44:31,mediboard,대구광역시,0,0,A1400013,안은의료재단 부평세림병원,1406,C,14,15,16,58402028,4,4,14,2026-07-26T01:40:10.006377,19,20
2026-07-26 01:44:31,mediboard,대구광역시,0,0,A1400005,온누리병원,1407,D,14,8,9,58402142,2,2,14,2026-07-26T01:40:10.006377,10,11
2026-07-26 01:44:31,mediboard,대구광역시,3,11,A1400001,의료법인 길의료재단 길병원,1404,A,14,11,25,58402194,6,7,14,2026-07-26T01:40:10.006377,18,41
2026-07-26 01:44:31,mediboard,대구광역시,0,0,A1400011,의료법인 나사렛의료재단 나사렛국제병원,1408,C,14,15,17,58401872,3,5,14,2026-07-26T01:40:10.006377,18,22
2026-07-26 01:44:31,mediboard,대구광역시,0,0,A1400003,의료법인 루가의료재단 나은병원,1407,C,14,10,11,58401917,10,10,14,2026-07-26T01:40:10.006377,20,21
2026-07-26 01:44:31,mediboard,대구광역시,0,0,A1400007,의료법인 성수의료재단 인천백병원,1405,D,14,5,5,58402027,1,1,14,2026-07-26T01:40:10.006377,6,6
2026-07-26 01:44:31,mediboard,대구광역시,0,0,A1400014,의료법인인성의료재단한림병원,1402,C,14,16,17,58402144,4,4,14,2026-07-26T01:40:10.006377,20,21
2026-07-26 01:44:31,mediboard,대구광역시,0,0,A1400017,인천광역시의료원,1405,D,14,14,15,58401920,2,2,14,2026-07-26T01:40:10.006377,16,17
2026-07-26 01:44:31,mediboard,대구광역시,0,0,A1400037,인천광역시의료원백령병원,1409,D,14,5,5,58402031,1,1,14,2026-07-26T01:40:10.006377,6,6
2026-07-26 01:44:31,mediboard,대구광역시,0,0,A1400009,인천기독병원,1410,D,14,8,8,58401919,1,1,14,2026-07-26T01:40:10.006377,9,9
2026-07-26 01:44:31,mediboard,대구광역시,0,0,A1400016,인천사랑병원,1403,C,14,8,14,58402086,7,7,14,2026-07-26T01:40:10.006377,15,21
2026-07-26 01:44:31,mediboard,대구광역시,0,0,A1403372,인천세종병원,1402,C,14,15,18,58402087,3,3,14,2026-07-26T01:40:10.006377,18,21
2026-07-26 01:44:31,mediboard,대구광역시,0,0,A1400018,인천적십자병원,1408,D,14,8,8,58402030,2,2,14,2026-07-26T01:40:10.006377,10,10
2026-07-26 01:44:31,mediboard,대구광역시,0,0,A1403871,인천힘찬종합병원,1404,D,14,17,17,58402145,3,6,14,2026-07-26T01:40:10.006377,20,23
2026-07-26 01:44:31,mediboard,대구광역시,7,9,A1400002,인하대학교의과대학부속병원,1410,A,14,7,20,58401976,9,9,14,2026-07-26T01:40:10.006377,21,36
2026-07-26 01:44:31,mediboard,대구광역시,0,0,A1400004,현대유비스병원,1403,D,14,14,18,58402195,1,1,14,2026-07-26T01:40:10.006377,15,19
2026-07-26 01:44:31,mediboard,광주광역시,5,7,A1500019,KS병원,1501,C,15,10,15,58402146,3,3,15,2026-07-26T01:40:10.006377,18,25
2026-07-26 01:44:31,mediboard,광주광역시,0,0,A1500021,광주기독병원,1502,C,15,10,20,58402147,3,6,15,2026-07-26T01:40:10.006377,13,26
2026-07-26 01:44:31,mediboard,광주광역시,0,0,A1500015,광주병원,1504,D,15,6,10,58401875,1,1,15,2026-07-26T01:40:10.006377,7,11
2026-07-26 01:44:31,mediboard,광주광역시,0,0,A1500004,광주보훈병원,1501,D,15,13,14,58401977,2,2,15,2026-07-26T01:40:10.006377,15,16
2026-07-26 01:44:31,mediboard,광주광역시,0,0,A1502007,광주센트럴병원,1501,D,15,7,10,58402199,1,1,15,2026-07-26T01:40:10.006377,8,11
2026-07-26 01:44:31,mediboard,광주광역시,0,0,A1500018,광주수완병원,1501,D,15,9,9,58401876,0,1,15,2026-07-26T01:40:10.006377,9,10
2026-07-26 01:44:31,mediboard,광주광역시,0,0,A1500009,광주씨티병원,1502,D,15,8,10,58401873,1,1,15,2026-07-26T01:40:10.006377,9,11
2026-07-26 01:44:31,mediboard,광주광역시,0,0,A1500005,광주일곡병원,1504,D,15,8,9,58402239,1,1,15,2026-07-26T01:40:10.006377,9,10
2026-07-26 01:44:31,mediboard,광주광역시,0,0,A1500016,광주한국병원,1505,D,15,13,15,58402091,1,1,15,2026-07-26T01:40:10.006377,14,16
2026-07-26 01:44:31,mediboard,광주광역시,0,0,A1500003,광주현대병원,1504,D,15,6,9,58402089,2,2,15,2026-07-26T01:40:10.006377,8,11
2026-07-26 01:44:31,mediboard,광주광역시,0,0,A1500007,광주희망병원,1504,D,15,5,9,58401921,1,1,15,2026-07-26T01:40:10.006377,6,10
2026-07-26 01:44:31,mediboard,광주광역시,0,0,A1500013,동아병원,1502,D,15,7,9,58401874,1,1,15,2026-07-26T01:40:10.006377,8,10
2026-07-26 01:44:31,mediboard,광주광역시,0,0,A1500014,미래로21병원,1505,D,15,7,9,58402090,1,1,15,2026-07-26T01:40:10.006377,8,10
2026-07-26 01:44:31,mediboard,광주광역시,0,0,A1500022,상무병원,1505,D,15,8,9,58402198,1,1,15,2026-07-26T01:40:10.006377,9,10
2026-07-26 01:44:31,mediboard,광주광역시,2,2,A1500020,서광병원,1505,C,15,17,18,58402242,3,3,15,2026-07-26T01:40:10.006377,22,23
2026-07-26 01:44:31,mediboard,광주광역시,0,0,A1500006,신가병원,1501,D,15,8,9,58402240,2,2,15,2026-07-26T01:40:10.006377,10,11
2026-07-26 01:44:31,mediboard,광주광역시,0,0,A1500010,운암한국병원,1504,D,15,9,9,58402197,1,1,15,2026-07-26T01:40:10.006377,10,10
2026-07-26 01:44:31,mediboard,광주광역시,2,4,A1500002,전남대학교병원,1503,A,15,14,28,58402196,7,7,15,2026-07-26T01:40:10.006377,23,39
2026-07-26 01:44:31,mediboard,광주광역시,4,4,A1500001,조선대학교병원,1503,A,15,13,23,58402032,5,5,15,2026-07-26T01:40:10.006377,22,32
2026-07-26 01:44:31,mediboard,광주광역시,0,0,A1500011,첨단종합병원,1501,C,15,17,22,58402241,3,3,15,2026-07-26T01:40:10.006377,20,25
2026-07-26 01:44:31,mediboard,광주광역시,0,0,A1500017,하남성심병원,1501,D,15,18,19,58402033,1,2,15,2026-07-26T01:40:10.006377,19,21
2026-07-26 01:44:31,mediboard,대전광역시,0,0,A1600004,대전보훈병원,1601,D,16,7,7,58402293,2,2,16,2026-07-26T01:45:10.006671,9,9
2026-07-26 01:44:31,mediboard,대전광역시,0,0,A1600003,대전한국병원,1602,D,16,5,9,58402450,1,1,16,2026-07-26T01:45:10.006671,6,10
2026-07-26 01:44:31,mediboard,대전광역시,0,0,A1602246,대청병원,1603,D,16,7,9,58402564,1,1,16,2026-07-26T01:45:10.006671,8,10
2026-07-26 01:44:31,mediboard,대전광역시,0,0,A1600008,의료법인영훈의료재단대전선병원,1605,C,16,14,17,58402451,4,9,16,2026-07-26T01:45:10.006671,18,26
2026-07-26 01:44:31,mediboard,대전광역시,0,0,A1600007,의료법인영훈의료재단유성선병원,1604,C,16,11,17,58402339,3,7,16,2026-07-26T01:45:10.006671,14,24
2026-07-26 01:44:31,mediboard,대전광역시,1,6,A1600001,충남대학교병원,1605,A,16,8,28,58402394,5,5,16,2026-07-26T01:45:10.006671,14,39
2026-07-26 01:44:31,mediboard,대전광역시,0,0,A1600005,학교법인가톨릭학원가톨릭대학교대전성모병원,1605,C,16,10,19,58402659,3,3,16,2026-07-26T01:45:10.006671,13,22
2026-07-26 01:44:31,mediboard,대전광역시,3,5,A1600006,학교법인건양교육재단건양대학교병원,1603,A,16,21,24,58402338,5,5,16,2026-07-26T01:45:10.006671,29,34
2026-07-26 01:44:31,mediboard,대전광역시,0,0,A1600002,학교법인을지학원대전을지대학교병원,1603,C,16,22,23,58402616,6,6,16,2026-07-26T01:45:10.006671,28,29
2026-07-26 01:44:31,mediboard,울산광역시,0,0,A1700001,서울산보람병원,1704,D,17,9,10,58402340,1,1,17,2026-07-26T01:45:10.006671,10,11
2026-07-26 01:44:31,mediboard,울산광역시,0,0,A1700003,울산병원,1701,C,17,15,19,58402508,3,3,17,2026-07-26T01:45:10.006671,18,22
2026-07-26 01:44:31,mediboard,울산광역시,0,0,A1700002,의료법인동강의료재단동강병원,1705,C,17,22,24,58402565,3,3,17,2026-07-26T01:45:10.006671,25,27
2026-07-26 01:44:31,mediboard,울산광역시,0,0,A1700025,의료법인송은의료재단울산시티병원,1703,C,17,14,17,58402509,3,3,17,2026-07-26T01:45:10.006671,17,20
2026-07-26 01:44:31,mediboard,울산광역시,0,0,A1700011,의료법인은성의료재단좋은삼정병원,1701,D,17,8,9,58402566,1,1,17,2026-07-26T01:45:10.006671,9,10
2026-07-26 01:44:31,mediboard,울산광역시,0,0,A1700028,의료법인정안의료재단중앙병원,1701,C,17,10,17,58402395,3,3,17,2026-07-26T01:45:10.006671,13,20
2026-07-26 01:44:31,mediboard,울산광역시,7,8,A1700004,학교법인울산공업학원울산대학교병원,1702,A,17,8,23,58402452,6,6,17,2026-07-26T01:45:10.006671,21,37
2026-07-26 01:44:31,mediboard,경기도,0,0,A2100019,(의)영문의료재단다보스병원,2136,C,21,9,13,58402296,7,7,21,2026-07-26T01:45:10.006671,16,20
2026-07-26 01:44:31,mediboard,경기도,0,0,A2100122,(의)효심의료재단용인서울병원,2136,D,21,9,10,58402668,0,0,21,2026-07-26T01:45:10.006671,9,10
2026-07-26 01:44:31,mediboard,경기도,0,0,A2100052,가톨릭대학교부천성모병원,2113,C,21,16,31,58402301,6,6,21,2026-07-26T01:45:10.006671,22,37
2026-07-26 01:44:31,mediboard,경기도,8,8,A2100012,가톨릭대학교성빈센트병원,2122,C,21,17,28,58402453,6,6,21,2026-07-26T01:45:10.006671,29,40
2026-07-26 01:44:31,mediboard,경기도,11,11,A2100040,가톨릭대학교의정부성모병원,2138,A,21,28,44,58402348,6,6,21,2026-07-26T01:45:10.006671,45,61
2026-07-26 01:44:31,mediboard,경기도,0,0,A2100029,강남병원,2134,C,21,15,17,58402569,3,3,21,2026-07-26T01:45:10.006671,18,20
2026-07-26 01:44:31,mediboard,경기도,0,0,A2100032,경기도의료원수원병원,2121,D,21,6,8,58402511,5,5,21,2026-07-26T01:45:10.006671,11,13
2026-07-26 01:44:31,mediboard,경기도,0,0,A2100045,경기도의료원안성병원,2126,D,21,11,14,58402512,1,5,21,2026-07-26T01:45:10.006671,12,19
2026-07-26 01:44:31,mediboard,경기도,0,0,A2100043,경기도의료원의정부병원,2138,D,21,10,10,58402664,1,1,21,2026-07-26T01:45:10.006671,11,11
2026-07-26 01:44:31,mediboard,경기도,0,0,A2100193,경기도의료원이천병원,2139,C,21,11,17,58402350,3,3,21,2026-07-26T01:45:10.006671,14,20
2026-07-26 01:44:31,mediboard,경기도,0,0,A2100035,경기도의료원파주병원,2140,C,21,17,17,58402299,3,3,21,2026-07-26T01:45:10.006671,20,20
2026-07-26 01:44:31,mediboard,경기도,0,0,A2100031,경기도의료원포천병원,2142,C,21,16,17,58402456,3,3,21,2026-07-26T01:45:10.006671,19,20
2026-07-26 01:44:31,mediboard,경기도,4,4,A2100003,고려대학교의과대학부속안산병원,2124,A,21,8,22,58402343,5,8,21,2026-07-26T01:45:10.006671,17,34
2026-07-26 01:44:31,mediboard,경기도,4,4,A2100007,광명성애병원,2106,C,21,7,11,58402618,4,5,21,2026-07-26T01:45:10.006671,15,20
2026-07-26 01:44:31,mediboard,경기도,0,0,A2100258,국군수도병원,2116,D,21,15,16,58402571,0,2,21,2026-07-26T01:45:10.006671,15,18
2026-07-26 01:44:31,mediboard,경기도,0,0,A2100049,국립암센터,2103,D,21,15,24,58402458,1,1,21,2026-07-26T01:45:10.006671,16,25
2026-07-26 01:44:31,mediboard,경기도,1,5,A2100033,국민건강보험공단일산병원,2103,A,21,6,23,58402662,4,5,21,2026-07-26T01:45:10.006671,11,33
2026-07-26 01:44:31,mediboard,경기도,0,0,A2100014,근로복지공단안산병원,2125,D,21,6,7,58402397,1,1,21,2026-07-26T01:45:10.006671,7,8
2026-07-26 01:44:31,mediboard,경기도,0,0,A2100041,남양주한양병원,2111,C,21,15,17,58402663,3,3,21,2026-07-26T01:45:10.006671,18,20
2026-07-26 01:44:31,mediboard,경기도,0,0,A2100017,대아의료재단한도병원,2124,C,21,13,17,58402398,3,3,21,2026-07-26T01:45:10.006671,16,20
2026-07-26 01:44:31,mediboard,경기도,3,3,A2100025,대진의료재단분당제생병원,2116,C,21,13,24,58402620,3,3,21,2026-07-26T01:45:10.006671,19,30
2026-07-26 01:44:31,mediboard,경기도,3,3,A2100047,동국대학교일산불교병원,2103,C,21,13,19,58402457,7,7,21,2026-07-26T01:45:10.006671,23,29
2026-07-26 01:44:31,mediboard,경기도,0,0,A2100131,메디인병원,2140,D,21,10,12,58402622,2,2,21,2026-07-26T01:45:10.006671,12,14
2026-07-26 01:44:31,mediboard,경기도,0,0,A2121142,메디필드한강병원,2136,D,21,15,17,58402627,3,3,21,2026-07-26T01:45:10.006671,18,20
2026-07-26 01:44:31,mediboard,경기도,0,0,A2100055,부천세종병원,2113,C,21,15,17,58402403,3,3,21,2026-07-26T01:45:10.006671,18,20
2026-07-26 01:44:31,mediboard,경기도,5,5,A2100001,분당서울대학교병원,2116,A,21,-9,30,58402342,5,5,21,2026-07-26T01:45:10.006671,1,40
2026-07-26 01:44:31,mediboard,경기도,6,6,A2116806,성남시의료원,2117,C,21,14,17,58402626,6,6,21,2026-07-26T01:45:10.006671,26,29
2026-07-26 01:44:31,mediboard,경기도,0,0,A2100194,세종여주병원,2131,D,21,3,6,58402302,10,10,21,2026-07-26T01:45:10.006671,13,16
2026-07-26 01:44:31,mediboard,경기도,0,0,A2100016,순천의료재단성남정병원,2117,D,21,9,9,58402346,2,2,21,2026-07-26T01:45:10.006671,11,11
2026-07-26 01:44:31,mediboard,경기도,5,5,A2100005,순천향대학교부속부천병원,2113,A,21,13,17,58402295,4,5,21,2026-07-26T01:45:10.006671,22,27
2026-07-26 01:44:31,mediboard,경기도,4,14,A2100002,아주대학교병원,2120,A,21,15,32,58402396,8,13,21,2026-07-26T01:45:10.006671,24,54
2026-07-26 01:44:31,mediboard,경기도,0,0,A2100305,안성성모병원,2126,D,21,7,9,58402625,1,1,21,2026-07-26T01:45:10.006671,8,10
2026-07-26 01:44:31,mediboard,경기도,0,0,A2100089,양평병원,2130,D,21,6,9,58402514,1,1,21,2026-07-26T01:45:10.006671,7,10
2026-07-26 01:44:31,mediboard,경기도,0,0,A2118188,엘병원,2111,D,21,7,8,58402516,2,2,21,2026-07-26T01:45:10.006671,9,10
2026-07-26 01:44:31,mediboard,경기도,6,6,A2100020,연세대학교의과대학용인세브란스병원,2134,C,21,10,16,58402660,3,4,21,2026-07-26T01:45:10.006671,19,26
2026-07-26 01:44:31,mediboard,경기도,0,0,E2100187,연천군보건의료원,2132,D,21,9,10,58402320,0,0,21,2026-07-26T01:45:10.006671,9,10
2026-07-26 01:44:31,mediboard,경기도,0,0,A2100024,오산한국병원,2133,C,21,13,17,58402661,3,3,21,2026-07-26T01:45:10.006671,16,20
2026-07-26 01:44:31,mediboard,경기도,0,0,A2100048,원광대학교산본병원,2109,C,21,11,17,58402402,3,3,21,2026-07-26T01:45:10.006671,14,20
2026-07-26 01:44:31,mediboard,경기도,0,0,A2100013,의료법인 록향의료재단 신천연합병원,2123,D,21,10,10,58402619,1,1,21,2026-07-26T01:45:10.006671,11,11
2026-07-26 01:44:31,mediboard,경기도,0,0,A2100036,의료법인 일심의료재단 포천우리병원,2142,D,21,18,18,58402401,4,4,21,2026-07-26T01:45:10.006671,22,22
2026-07-26 01:44:31,mediboard,경기도,0,0,A2100309,의료법인갈렌의료재단박병원,2141,D,21,8,10,58402460,1,1,21,2026-07-26T01:45:10.006671,9,11
2026-07-26 01:44:31,mediboard,경기도,4,5,A2100008,의료법인남촌의료재단시화병원,2123,C,21,11,16,58402344,6,6,21,2026-07-26T01:45:10.006671,21,27
2026-07-26 01:44:31,mediboard,경기도,0,0,A2100009,의료법인녹산의료재단동수원병원,2122,C,21,10,17,58402510,2,3,21,2026-07-26T01:45:10.006671,12,20
2026-07-26 01:44:31,mediboard,경기도,0,0,A2100050,의료법인대인의료재단다니엘종합병원,2113,D,21,5,6,58402666,4,4,21,2026-07-26T01:45:10.006671,9,10
2026-07-26 01:44:31,mediboard,경기도,3,3,A2121061,의료법인덕산의료재단수원덕산병원,2119,D,21,23,24,58402669,3,3,21,2026-07-26T01:45:10.006671,29,30
2026-07-26 01:44:31,mediboard,경기도,0,0,A2117135,의료법인명인의료재단화홍병원,2119,C,21,10,15,58402405,5,5,21,2026-07-26T01:45:10.006671,15,20
2026-07-26 01:44:31,mediboard,경기도,3,3,A2100042,의료법인명지의료재단명지병원,2102,A,21,10,15,58402621,11,11,21,2026-07-26T01:45:10.006671,21,26
2026-07-26 01:44:31,mediboard,경기도,0,0,A2100022,의료법인박애의료재단박애병원,2141,D,21,9,10,58402399,1,1,21,2026-07-26T01:45:10.006671,10,11
2026-07-26 01:44:31,mediboard,경기도,0,0,A2100028,의료법인백송의료재단굿모닝병원,2141,C,21,14,19,58402400,9,9,21,2026-07-26T01:45:10.006671,23,28
2026-07-26 01:44:31,mediboard,경기도,0,0,A2100027,의료법인석경의료재단센트럴병원,2123,D,21,18,18,58402455,3,3,21,2026-07-26T01:45:10.006671,21,21
2026-07-26 01:44:31,mediboard,경기도,0,0,A2116972,의료법인성광의료재단일산차병원,2103,D,21,6,6,58402404,4,4,21,2026-07-26T01:45:10.006671,10,10
2026-07-26 01:44:31,mediboard,경기도,0,0,A2113246,의료법인양진의료재단평택성모병원,2141,C,21,14,17,58402461,3,3,21,2026-07-26T01:45:10.006671,17,20
2026-07-26 01:44:31,mediboard,경기도,0,0,A2100034,의료법인영동의료재단의정부백병원,2138,D,21,10,10,58402298,2,2,21,2026-07-26T01:45:10.006671,12,12
2026-07-26 01:44:31,mediboard,경기도,0,0,A2100053,의료법인우리의료재단김포우리병원,2110,C,21,9,22,58402513,7,7,21,2026-07-26T01:45:10.006671,16,29
2026-07-26 01:44:31,mediboard,경기도,0,0,A2115699,의료법인원광의료재단원광종합병원,2146,D,21,9,9,58402351,1,1,21,2026-07-26T01:45:10.006671,10,10
2026-07-26 01:44:31,mediboard,경기도,0,0,A2100018,의료법인은혜와감사의료재단화성중앙종합병원,2144,D,21,9,9,58402568,1,1,21,2026-07-26T01:45:10.006671,10,10
2026-07-26 01:44:31,mediboard,경기도,0,0,A2100006,의료법인인봉의료재단뉴고려병원,2110,C,21,13,14,58402617,6,6,21,2026-07-26T01:45:10.006671,19,20
2026-07-26 01:44:31,mediboard,경기도,0,0,A2100290,의료법인자인의료재단(더자인병원),2102,D,21,15,16,58402459,4,4,21,2026-07-26T01:45:10.006671,19,20
2026-07-26 01:44:31,mediboard,경기도,0,0,A2100124,의료법인칠석의료재단사랑의병원,2125,D,21,10,13,58402349,1,1,21,2026-07-26T01:45:10.006671,11,14
2026-07-26 01:44:31,mediboard,경기도,0,0,A2100175,의료법인토마스의료재단윌스기념병원,2122,D,21,14,18,58402624,3,3,21,2026-07-26T01:45:10.006671,17,21
2026-07-26 01:44:31,mediboard,경기도,0,0,A2100021,의료법인플러스의료재단단원병원,2124,D,21,17,17,58402454,3,3,21,2026-07-26T01:45:10.006671,20,20
2026-07-26 01:44:31,mediboard,경기도,0,4,A2100038,인제대학교일산백병원,2104,C,21,25,34,58402570,3,6,21,2026-07-26T01:45:10.006671,28,44
2026-07-26 01:44:31,mediboard,경기도,0,0,A2118788,중앙대학교광명병원,2106,C,21,18,21,58402303,3,3,21,2026-07-26T01:45:10.006671,21,24
2026-07-26 01:44:31,mediboard,경기도,4,13,A2100030,차의과학대학교분당차병원,2116,A,21,6,22,58402297,7,7,21,2026-07-26T01:45:10.006671,15,40
2026-07-26 01:44:31,mediboard,경기도,1,1,A2100155,참조은병원,2107,C,21,1,9,58402623,10,10,21,2026-07-26T01:45:10.006671,12,20
2026-07-26 01:44:31,mediboard,경기도,0,0,A2100150,추병원,2138,D,21,10,12,58402515,2,2,21,2026-07-26T01:45:10.006671,12,14
2026-07-26 01:44:31,mediboard,경기도,6,6,A2117994,학교법인을지학원의정부을지대학교병원,2138,C,21,25,30,58402406,11,11,21,2026-07-26T01:45:10.006671,42,47
2026-07-26 01:44:31,mediboard,경기도,9,9,A2100046,한림대학교동탄성심병원,2147,C,21,26,32,58402665,3,3,21,2026-07-26T01:45:10.006671,38,44
2026-07-26 01:44:31,mediboard,경기도,3,3,A2100004,한림대학교성심병원,2127,A,21,17,25,58402294,11,11,21,2026-07-26T01:45:10.006671,31,39
2026-07-26 01:44:31,mediboard,경기도,0,0,A2100039,한양대학교구리병원,2108,C,21,16,18,58402347,5,5,21,2026-07-26T01:45:10.006671,21,23
2026-07-26 01:44:31,mediboard,경기도,0,0,A2100037,현대병원,2111,C,21,9,17,58402300,3,3,21,2026-07-26T01:45:10.006671,12,20
2026-07-26 01:44:31,mediboard,경기도,0,0,A2100015,효산의료재단안양샘병원,2128,C,21,9,17,58402345,3,3,21,2026-07-26T01:45:10.006671,12,20
2026-07-26 01:44:31,mediboard,경기도,0,0,A2100054,효산의료재단지샘병원,2109,C,21,14,18,58402667,4,4,21,2026-07-26T01:45:10.006671,18,22
2026-07-26 01:44:31,mediboard,강원특별자치도,3,3,A2200008,강릉아산병원,2201,A,22,16,23,58402517,5,5,22,2026-07-26T01:45:10.006671,24,31
2026-07-26 01:44:31,mediboard,강원특별자치도,3,3,A2200009,강원대학교병원,2213,C,22,20,21,58402670,5,5,22,2026-07-26T01:45:10.006671,28,29
2026-07-26 01:44:31,mediboard,강원특별자치도,0,0,A2200011,강원특별자치도강릉의료원,2201,D,22,3,5,58402463,1,1,22,2026-07-26T01:45:10.006671,4,6
2026-07-26 01:44:31,mediboard,강원특별자치도,1,1,A2200007,강원특별자치도삼척의료원,2204,C,22,15,16,58402304,3,5,22,2026-07-26T01:45:10.006671,19,22
2026-07-26 01:44:31,mediboard,강원특별자치도,0,0,A2200012,강원특별자치도속초의료원,2205,C,22,17,17,58402671,3,3,22,2026-07-26T01:45:10.006671,20,20
2026-07-26 01:44:31,mediboard,강원특별자치도,0,0,A2200002,강원특별자치도영월의료원,2208,D,22,8,9,58402352,1,1,22,2026-07-26T01:45:10.006671,9,10
2026-07-26 01:44:31,mediboard,강원특별자치도,0,0,A2200015,강원특별자치도원주의료원,2209,D,22,11,17,58402465,3,3,22,2026-07-26T01:45:10.006671,14,20
2026-07-26 01:44:31,mediboard,강원특별자치도,0,0,A2200048,근로복지공단정선병원,2211,D,22,4,5,58402408,1,1,22,2026-07-26T01:45:10.006671,5,6
2026-07-26 01:44:31,mediboard,강원특별자치도,0,0,A2200004,근로복지공단태백병원,2214,D,22,9,9,58402407,1,1,22,2026-07-26T01:45:10.006671,10,10
2026-07-26 01:44:31,mediboard,강원특별자치도,3,3,A2200001,연세대학교원주세브란스기독병원,2209,A,22,19,31,58402462,28,45,22,2026-07-26T01:45:10.006671,50,79
2026-07-26 01:44:31,mediboard,강원특별자치도,0,0,A2200005,의료법인강릉동인병원,2201,C,22,14,17,58402573,3,3,22,2026-07-26T01:45:10.006671,17,20
2026-07-26 01:44:31,mediboard,강원특별자치도,0,0,A2200003,의료법인동해동인병원,2203,D,22,8,10,58402572,1,1,22,2026-07-26T01:45:10.006671,9,11
2026-07-26 01:44:31,mediboard,강원특별자치도,0,0,A2200037,의료법인성심의료재단양구성심병원,2206,D,22,5,5,58402672,1,1,22,2026-07-26T01:45:10.006671,6,6
2026-07-26 01:44:31,mediboard,강원특별자치도,0,0,A2200024,의료법인성지의료재단성지병원,2209,D,22,5,7,58402519,1,1,22,2026-07-26T01:45:10.006671,6,8
2026-07-26 01:44:31,mediboard,강원특별자치도,0,0,A2200046,의료법인온세움의료재단온재병원,2205,D,22,5,9,58402673,1,1,22,2026-07-26T01:45:10.006671,6,10
2026-07-26 01:44:31,mediboard,강원특별자치도,0,0,A2201730,철원병원,2212,D,22,3,5,58402353,1,1,22,2026-07-26T01:45:10.006671,4,6
2026-07-26 01:44:31,mediboard,강원특별자치도,0,0,E2200026,평창군보건의료원,2215,D,22,6,6,58402429,1,1,22,2026-07-26T01:45:10.006671,7,7
2026-07-26 01:44:31,mediboard,강원특별자치도,1,3,A2200013,한림대학교춘천성심병원,2213,A,22,16,22,58402305,5,5,22,2026-07-26T01:45:10.006671,22,30
2026-07-26 01:44:31,mediboard,강원특별자치도,0,0,A2200014,홍천아산병원,2216,D,22,7,10,58402464,0,0,22,2026-07-26T01:45:10.006671,7,10
2026-07-26 01:44:31,mediboard,강원특별자치도,0,0,E2200025,화천군보건의료원,2217,D,22,7,7,58402544,1,1,22,2026-07-26T01:45:10.006671,8,8
2026-07-26 01:44:31,mediboard,강원특별자치도,0,0,A2200016,횡성대성병원,2218,D,22,8,9,58402518,1,1,22,2026-07-26T01:45:10.006671,9,10
2026-07-26 01:44:31,mediboard,충청북도,0,0,A2300010,건국대학교충주병원,2314,C,23,16,20,58402674,3,3,23,2026-07-26T01:45:10.006671,19,23
2026-07-26 01:44:31,mediboard,충청북도,0,0,E2300011,단양군보건의료원,2302,D,23,6,6,58402377,1,2,23,2026-07-26T01:45:10.006671,7,8
2026-07-26 01:44:31,mediboard,충청북도,0,0,A2300013,의료법인 건명의료재단 중앙제일병원,2309,C,23,16,17,58402574,3,5,23,2026-07-26T01:45:10.006671,19,22
2026-07-26 01:44:31,mediboard,충청북도,0,0,A2300034,의료법인대광의료재단괴산성모병원,2301,D,23,8,9,58402468,0,1,23,2026-07-26T01:45:10.006671,8,10
2026-07-26 01:44:31,mediboard,충청북도,3,3,A2300009,의료법인명지의료재단명지병원,2307,C,23,15,18,58402467,6,6,23,2026-07-26T01:45:10.006671,24,27
2026-07-26 01:44:31,mediboard,충청북도,0,0,A2300007,의료법인인화재단한국병원,2310,C,23,14,14,58402466,6,6,23,2026-07-26T01:45:10.006671,20,20
2026-07-26 01:44:31,mediboard,충청북도,0,0,A2300005,의료법인자산의료재단제천서울병원,2307,C,23,13,15,58402356,5,5,23,2026-07-26T01:45:10.006671,18,20
2026-07-26 01:44:31,mediboard,충청북도,0,0,A2300003,의료법인정산의료재단효성병원,2310,C,23,16,18,58402355,5,5,23,2026-07-26T01:45:10.006671,21,23
2026-07-26 01:44:31,mediboard,충청북도,0,0,A2300030,의료법인조윤의료재단영동병원,2304,D,23,9,10,58402575,0,0,23,2026-07-26T01:45:10.006671,9,10
2026-07-26 01:44:31,mediboard,충청북도,0,0,A2300002,의료법인한마음의료재단하나병원,2313,C,23,5,11,58402306,12,12,23,2026-07-26T01:45:10.006671,17,23
2026-07-26 01:44:31,mediboard,충청북도,0,0,A2300011,의료법인힐링의료재단옥천성모병원,2305,D,23,6,7,58402628,3,3,23,2026-07-26T01:45:10.006671,9,10
2026-07-26 01:44:31,mediboard,충청북도,0,0,A2300008,청주성모병원,2312,C,23,4,15,58402307,6,10,23,2026-07-26T01:45:10.006671,10,25
2026-07-26 01:44:31,mediboard,충청북도,6,8,A2300001,충북대학교병원,2311,A,23,25,32,58402354,5,5,23,2026-07-26T01:45:10.006671,36,45
2026-07-26 01:44:31,mediboard,충청북도,0,0,A2300006,충청북도청주의료원,2311,D,23,12,12,58402410,4,4,23,2026-07-26T01:45:10.006671,16,16
2026-07-26 01:44:31,mediboard,충청북도,0,0,A2300004,충청북도충주의료원,2314,D,23,17,18,58402409,3,3,23,2026-07-26T01:45:10.006671,20,21
2026-07-26 01:44:31,mediboard,충청남도,3,4,A2400002,단국대학교의과대학부속병원,2412,A,24,19,27,58402358,5,5,24,2026-07-26T01:45:10.006671,27,36
2026-07-26 01:44:31,mediboard,충청남도,0,0,A2400008,당진종합병원,2405,C,24,13,17,58402359,3,3,24,2026-07-26T01:45:10.006671,16,20
2026-07-26 01:44:31,mediboard,충청남도,0,4,A2400003,서산중앙병원,2408,C,24,12,17,58402308,3,3,24,2026-07-26T01:45:10.006671,15,24
2026-07-26 01:44:31,mediboard,충청남도,0,0,A2402257,아산충무병원,2410,C,24,8,13,58402675,8,8,24,2026-07-26T01:45:10.006671,16,21
2026-07-26 01:44:31,mediboard,충청남도,0,0,A2400044,의료법인 서해병원,2409,D,24,5,5,58402360,2,2,24,2026-07-26T01:45:10.006671,7,7
2026-07-26 01:44:31,mediboard,충청남도,0,0,A2400004,의료법인 예당의료재단 예산종합병원,2411,D,24,6,6,58402520,1,1,24,2026-07-26T01:45:10.006671,7,7
2026-07-26 01:44:31,mediboard,충청남도,0,0,A2400009,의료법인백제병원,2404,C,24,18,20,58402310,3,3,24,2026-07-26T01:45:10.006671,21,23
2026-07-26 01:44:31,mediboard,충청남도,0,0,A2400012,의료법인영서의료재단천안충무병원,2413,C,24,10,16,58402469,5,5,24,2026-07-26T01:45:10.006671,15,21
2026-07-26 01:44:31,mediboard,충청남도,0,0,A2400011,재단법인아산사회복지재단보령아산병원,2406,C,24,15,17,58402411,3,3,24,2026-07-26T01:45:10.006671,18,20
2026-07-26 01:44:31,mediboard,충청남도,0,0,E2400032,청양군보건의료원,2414,D,24,6,6,58402486,1,1,24,2026-07-26T01:45:10.006671,7,7
2026-07-26 01:44:31,mediboard,충청남도,0,0,A2400010,충청남도공주의료원,2402,D,24,15,15,58402311,1,1,24,2026-07-26T01:45:10.006671,16,16
2026-07-26 01:44:31,mediboard,충청남도,0,0,A2400006,충청남도서산의료원,2408,C,24,14,17,58402309,3,3,24,2026-07-26T01:45:10.006671,17,20
2026-07-26 01:44:31,mediboard,충청남도,0,0,A2400005,충청남도천안의료원,2412,D,24,12,12,58402576,1,2,24,2026-07-26T01:45:10.006671,13,14
2026-07-26 01:44:31,mediboard,충청남도,1,1,A2400007,충청남도홍성의료원,2416,C,24,13,18,58402629,3,3,24,2026-07-26T01:45:10.006671,17,22
2026-07-26 01:44:31,mediboard,충청남도,0,0,E2400033,태안군보건의료원,2415,D,24,10,10,58402321,1,1,24,2026-07-26T01:45:10.006671,11,11
2026-07-26 01:44:31,mediboard,충청남도,0,0,A2400038,학교법인건양교육재단건양대학교부여병원,2407,D,24,8,9,58402470,1,1,24,2026-07-26T01:45:10.006671,9,10
2026-07-26 01:44:31,mediboard,충청남도,18,18,A2400001,학교법인동은학원순천향대학교부속천안병원,2412,A,24,7,22,58402357,10,11,24,2026-07-26T01:45:10.006671,31,47
2026-07-26 01:44:31,mediboard,충청남도,0,0,A2400039,현대병원,2410,D,24,5,10,58402577,1,1,24,2026-07-26T01:45:10.006671,6,11
2026-07-26 01:44:31,mediboard,전북특별자치도,0,0,A2500038,김제우석병원,2503,D,25,10,10,58402312,1,1,25,2026-07-26T01:45:10.006671,11,11
2026-07-26 01:44:31,mediboard,전북특별자치도,0,0,A2500056,대자인병원,2512,C,25,19,33,58402472,3,3,25,2026-07-26T01:45:10.006671,22,36
2026-07-26 01:44:31,mediboard,전북특별자치도,0,0,E2500019,무주군보건의료원,2505,D,25,4,4,58402644,1,1,25,2026-07-26T01:45:10.006671,5,5
2026-07-26 01:44:31,mediboard,전북특별자치도,0,0,A2500010,부안성모병원,2506,D,25,10,10,58402579,2,2,25,2026-07-26T01:45:10.006671,12,12
2026-07-26 01:44:31,mediboard,전북특별자치도,3,3,A2502742,새강병원,2513,D,25,13,14,58402678,3,3,25,2026-07-26T01:45:10.006671,19,20
2026-07-26 01:44:31,mediboard,전북특별자치도,0,0,E2500021,순창군보건의료원,2507,D,25,9,9,58402378,1,1,25,2026-07-26T01:45:10.006671,10,10
2026-07-26 01:44:31,mediboard,전북특별자치도,3,3,A2500001,원광대학교병원,2509,A,25,13,28,58402676,5,5,25,2026-07-26T01:45:10.006671,21,36
2026-07-26 01:44:31,mediboard,전북특별자치도,0,0,A2500011,의료법인대산의료재단익산병원,2509,C,25,11,17,58402471,3,3,25,2026-07-26T01:45:10.006671,14,20
2026-07-26 01:44:31,mediboard,전북특별자치도,0,0,A2500009,의료법인석천재단고창병원,2501,D,25,9,10,58402630,1,1,25,2026-07-26T01:45:10.006671,10,11
2026-07-26 01:44:31,mediboard,전북특별자치도,0,0,A2500005,의료법인영경의료재단전주병원,2513,C,25,13,17,58402522,3,3,25,2026-07-26T01:45:10.006671,16,20
2026-07-26 01:44:31,mediboard,전북특별자치도,0,0,A2501890,의료법인영경의료재단호성전주병원,2512,D,25,2,9,58402412,1,1,25,2026-07-26T01:45:10.006671,3,10
2026-07-26 01:44:31,mediboard,전북특별자치도,0,0,A2500012,의료법인오성의료재단동군산병원,2502,C,25,13,17,58402677,6,6,25,2026-07-26T01:45:10.006671,19,23
2026-07-26 01:44:31,mediboard,전북특별자치도,0,0,E2500022,임실군보건의료원,2510,D,25,4,4,58402645,1,1,25,2026-07-26T01:45:10.006671,5,5
2026-07-26 01:44:31,mediboard,전북특별자치도,0,0,E2500020,장수군보건의료원,2511,D,25,5,5,58402487,1,1,25,2026-07-26T01:45:10.006671,6,6
2026-07-26 01:44:31,mediboard,전북특별자치도,0,0,A2500008,재단법인 아산사회복지재단 정읍아산병원,2514,C,25,16,17,58402362,3,3,25,2026-07-26T01:45:10.006671,19,20
2026-07-26 01:44:31,mediboard,전북특별자치도,6,12,A2500006,재단법인예수병원유지재단예수병원,2513,C,25,20,38,58402361,5,5,25,2026-07-26T01:45:10.006671,29,53
2026-07-26 01:44:31,mediboard,전북특별자치도,4,5,A2500002,전북대학교병원,2512,A,25,25,36,58402578,7,7,25,2026-07-26T01:45:10.006671,36,48
2026-07-26 01:44:31,mediboard,전북특별자치도,0,0,A2500007,전북특별자치도군산의료원,2502,C,25,8,17,58402523,3,3,25,2026-07-26T01:45:10.006671,11,20
2026-07-26 01:44:31,mediboard,전북특별자치도,0,0,A2500004,전북특별자치도남원의료원,2504,C,25,13,17,58402521,3,3,25,2026-07-26T01:45:10.006671,16,20
2026-07-26 01:44:31,mediboard,전북특별자치도,0,0,A2502031,진안군의료원,2515,D,25,6,6,58402580,2,2,25,2026-07-26T01:45:10.006671,8,8
2026-07-26 01:44:31,mediboard,전라남도,0,0,A2600029,곡성사랑병원,2603,D,26,5,5,58402582,1,1,26,2026-07-26T01:45:10.006671,6,6
2026-07-26 01:44:31,mediboard,전라남도,0,0,A2600006,광양사랑병원,2604,D,26,7,9,58402314,1,1,26,2026-07-26T01:45:10.006671,8,10
2026-07-26 01:44:31,mediboard,전라남도,0,0,A2600061,구례병원,2605,D,26,10,10,58402633,0,0,26,2026-07-26T01:45:10.006671,10,10
2026-07-26 01:44:31,mediboard,전라남도,0,0,A2600016,나주종합병원,2606,D,26,9,10,58402525,0,0,26,2026-07-26T01:45:10.006671,9,10
2026-07-26 01:44:31,mediboard,전라남도,0,0,A2600054,담양사랑병원,2607,D,26,5,6,58402529,2,2,26,2026-07-26T01:45:10.006671,7,8
2026-07-26 01:44:31,mediboard,전라남도,0,0,A2600003,대송의료재단무안병원,2609,D,26,3,4,58402631,1,1,26,2026-07-26T01:45:10.006671,4,5
2026-07-26 01:44:31,mediboard,전라남도,0,0,A2600020,목포기독병원,2608,D,26,16,17,58402364,3,3,26,2026-07-26T01:45:10.006671,19,20
2026-07-26 01:44:31,mediboard,전라남도,0,0,A2600022,목포시의료원,2608,D,26,9,9,58402682,1,1,26,2026-07-26T01:45:10.006671,10,10
2026-07-26 01:44:31,mediboard,전라남도,3,3,A2600011,목포한국병원,2608,A,26,14,18,58402473,5,5,26,2026-07-26T01:45:10.006671,22,26
2026-07-26 01:44:31,mediboard,전라남도,0,0,A2600052,보성아산병원,2610,D,26,7,8,58402686,1,1,26,2026-07-26T01:45:10.006671,8,9
2026-07-26 01:44:31,mediboard,전라남도,0,0,A2602211,빛가람종합병원,2606,D,26,8,9,58402416,1,1,26,2026-07-26T01:45:10.006671,9,10
2026-07-26 01:44:31,mediboard,전라남도,4,4,A2600019,성가롤로병원,2611,A,26,11,18,58402526,5,5,26,2026-07-26T01:45:10.006671,20,27
2026-07-26 01:44:31,mediboard,전라남도,0,0,A2600008,순천제일병원,2611,D,26,6,9,58402581,1,1,26,2026-07-26T01:45:10.006671,7,10
2026-07-26 01:44:31,mediboard,전라남도,0,0,A2600004,순천중앙병원,2611,D,26,5,5,58402524,1,1,26,2026-07-26T01:45:10.006671,6,6
2026-07-26 01:44:31,mediboard,전라남도,0,0,A2600010,여수전남병원,2613,D,26,6,10,58402680,1,1,26,2026-07-26T01:45:10.006671,7,11
2026-07-26 01:44:31,mediboard,전라남도,0,0,A2600014,여천전남병원,2613,C,26,17,17,58402363,3,3,26,2026-07-26T01:45:10.006671,20,20
2026-07-26 01:44:31,mediboard,전라남도,0,0,A2600015,영광종합병원,2614,D,26,7,10,58402632,3,3,26,2026-07-26T01:45:10.006671,10,13
2026-07-26 01:44:31,mediboard,전라남도,0,0,A2600070,영암한국병원,2615,D,26,8,8,58402634,0,1,26,2026-07-26T01:45:10.006671,8,9
2026-07-26 01:44:31,mediboard,전라남도,0,0,A2600032,완도대성병원,2616,D,26,4,5,58402475,1,1,26,2026-07-26T01:45:10.006671,5,6
2026-07-26 01:44:31,mediboard,전라남도,0,0,A2600034,의료법인 거명의료재단 영광기독병원,2614,D,26,10,10,58402528,1,1,26,2026-07-26T01:45:10.006671,11,11
2026-07-26 01:44:31,mediboard,전라남도,0,0,A2600017,의료법인목포구암의료재단목포중앙병원,2608,C,26,12,16,58402414,4,4,26,2026-07-26T01:45:10.006671,16,20
2026-07-26 01:44:31,mediboard,전라남도,0,0,A2600066,의료법인삼호의료재단벌교삼호병원,2610,D,26,6,6,58402366,1,1,26,2026-07-26T01:45:10.006671,7,7
2026-07-26 01:44:31,mediboard,전라남도,0,0,A2600051,의료법인신안대우병원,2612,D,26,4,4,58402685,1,1,26,2026-07-26T01:45:10.006671,5,5
2026-07-26 01:44:31,mediboard,전라남도,0,0,A2600018,의료법인영성의료재단고흥종합병원,2602,D,26,10,10,58402474,0,0,26,2026-07-26T01:45:10.006671,10,10
2026-07-26 01:44:31,mediboard,전라남도,0,0,A2600021,의료법인우범의료재단장흥종합병원,2618,D,26,9,9,58402681,1,1,26,2026-07-26T01:45:10.006671,10,10
2026-07-26 01:44:31,mediboard,전라남도,0,0,A2600068,의료법인장호의료재단녹동현대병원,2602,D,26,2,3,58402530,2,2,26,2026-07-26T01:45:10.006671,4,5
2026-07-26 01:44:31,mediboard,전라남도,0,0,A2600005,의료법인한국의료재단한국병원,2611,D,26,1,11,58402313,1,1,26,2026-07-26T01:45:10.006671,2,12
2026-07-26 01:44:31,mediboard,전라남도,0,0,A2600027,의료법인한마음의료재단여수제일병원,2613,D,26,9,9,58402527,1,1,26,2026-07-26T01:45:10.006671,10,10
2026-07-26 01:44:31,mediboard,전라남도,0,0,A2600035,의료법인행복나눔의료재단장성병원,2617,D,26,4,4,58402415,1,1,26,2026-07-26T01:45:10.006671,5,5
2026-07-26 01:44:31,mediboard,전라남도,0,0,A2600009,의료법인행촌의료재단해남종합병원,2621,D,26,9,10,58402679,1,1,26,2026-07-26T01:45:10.006671,10,11
2026-07-26 01:44:31,mediboard,전라남도,0,0,A2600024,의료법인현경의료재단광양서울병원,2604,D,26,8,9,58402683,1,1,26,2026-07-26T01:45:10.006671,9,10
2026-07-26 01:44:31,mediboard,전라남도,0,0,A2600037,장흥우리병원,2618,D,26,4,4,58402365,1,1,26,2026-07-26T01:45:10.006671,5,5
2026-07-26 01:44:31,mediboard,전라남도,0,0,A2600050,전라남도강진의료원,2601,D,26,8,9,58402583,1,1,26,2026-07-26T01:45:10.006671,9,10
2026-07-26 01:44:31,mediboard,전라남도,0,0,A2600056,전라남도순천의료원,2611,D,26,6,6,58402687,2,2,26,2026-07-26T01:45:10.006671,8,8
2026-07-26 01:44:31,mediboard,전라남도,0,0,A2600040,진도한국병원,2619,D,26,4,4,58402684,1,1,26,2026-07-26T01:45:10.006671,5,5
2026-07-26 01:44:31,mediboard,전라남도,0,0,A2600077,해남우리종합병원,2621,D,26,12,15,58402367,4,4,26,2026-07-26T01:45:10.006671,16,19
2026-07-26 01:44:31,mediboard,전라남도,1,1,A2600001,화순전남대학교병원,2622,C,26,15,16,58402413,7,7,26,2026-07-26T01:45:10.006671,23,24
2026-07-26 01:44:31,mediboard,경상북도,0,0,A2700018,경상북도김천의료원,2706,D,27,15,17,58402536,1,1,27,2026-07-26T01:45:10.006671,16,18
2026-07-26 01:44:31,mediboard,경상북도,0,0,A2700001,경상북도안동의료원,2711,D,27,6,6,58402315,2,2,27,2026-07-26T01:45:10.006671,8,8
2026-07-26 01:44:31,mediboard,경상북도,0,0,A2700005,경상북도포항의료원,2724,D,27,5,8,58402531,2,2,27,2026-07-26T01:45:10.006671,7,10
2026-07-26 01:44:31,mediboard,경상북도,0,0,A2700097,계명대학교경주동산병원,2702,D,27,8,9,58402584,1,1,27,2026-07-26T01:45:10.006671,9,10
2026-07-26 01:44:31,mediboard,경상북도,0,0,A2700015,구미강동병원,2704,D,27,6,7,58402535,3,3,27,2026-07-26T01:45:10.006671,9,10
2026-07-26 01:44:31,mediboard,경상북도,2,3,A2700003,동국대학교의과대학경주병원,2702,C,27,12,16,58402635,7,7,27,2026-07-26T01:45:10.006671,21,26
2026-07-26 01:44:31,mediboard,경상북도,0,0,A2700011,상주적십자병원,2709,D,27,8,9,58402688,1,1,27,2026-07-26T01:45:10.006671,9,10
2026-07-26 01:44:31,mediboard,경상북도,2,4,A2700013,순천향대학교부속구미병원,2704,C,27,8,13,58402419,3,3,27,2026-07-26T01:45:10.006671,13,20
2026-07-26 01:44:31,mediboard,경상북도,0,0,A2700004,안동성소병원,2711,C,27,11,12,58402316,7,8,27,2026-07-26T01:45:10.006671,18,20
2026-07-26 01:44:31,mediboard,경상북도,0,0,A2700008,에스포항병원,2723,D,27,4,6,58402533,1,1,27,2026-07-26T01:45:10.006671,5,7
2026-07-26 01:44:31,mediboard,경상북도,0,0,A2700017,영남대학교의과대학부속영천병원,2715,D,27,8,10,58402477,3,3,27,2026-07-26T01:45:10.006671,11,13
2026-07-26 01:44:31,mediboard,경상북도,0,0,A2700031,영주기독병원,2714,D,27,4,4,58402369,1,1,27,2026-07-26T01:45:10.006671,5,5
2026-07-26 01:44:31,mediboard,경상북도,0,0,A2700020,영주자인병원,2714,D,27,4,4,58402478,1,1,27,2026-07-26T01:45:10.006671,5,5
2026-07-26 01:44:31,mediboard,경상북도,0,0,A2702752,영주적십자병원,2714,D,27,8,10,58402421,1,1,27,2026-07-26T01:45:10.006671,9,11
2026-07-26 01:44:31,mediboard,경상북도,0,0,E2700553,울릉군보건의료원,2717,D,27,4,5,58402322,0,0,27,2026-07-26T01:45:10.006671,4,5
2026-07-26 01:44:31,mediboard,경상북도,0,0,A2700052,울진군의료원,2718,D,27,8,8,58402371,2,2,27,2026-07-26T01:45:10.006671,10,10
2026-07-26 01:44:31,mediboard,경상북도,0,0,A2700019,의)근원의료재단경산중앙병원,2701,D,27,9,10,58402368,2,2,27,2026-07-26T01:45:10.006671,11,12
2026-07-26 01:44:31,mediboard,경상북도,0,0,A2700038,의료법인대남의료재단청도대남병원,2720,D,27,10,10,58402689,0,0,27,2026-07-26T01:45:10.006671,10,10
2026-07-26 01:44:31,mediboard,경상북도,0,0,A2700012,의료법인덕산의료재단김천제일병원,2706,C,27,12,16,58402534,4,4,27,2026-07-26T01:45:10.006671,16,20
2026-07-26 01:44:31,mediboard,경상북도,0,0,A2700006,의료법인동춘의료재단문경제일병원,2707,C,27,17,17,58402532,2,3,27,2026-07-26T01:45:10.006671,19,20
2026-07-26 01:44:31,mediboard,경상북도,0,0,A2700009,의료법인삼백의료재단상주성모병원,2709,D,27,9,9,58402636,1,1,27,2026-07-26T01:45:10.006671,10,10
2026-07-26 01:44:31,mediboard,경상북도,0,0,A2700036,의료법인서명의료재단세명종합병원,2701,D,27,13,13,58402370,2,2,27,2026-07-26T01:45:10.006671,15,15
2026-07-26 01:44:31,mediboard,경상북도,0,0,A2700023,의료법인서준의료재단예천권병원,2716,D,27,6,6,58402420,1,1,27,2026-07-26T01:45:10.006671,7,7
2026-07-26 01:44:31,mediboard,경상북도,2,3,A2700014,의료법인안동병원,2711,A,27,11,17,58402317,5,5,27,2026-07-26T01:45:10.006671,18,25
2026-07-26 01:44:31,mediboard,경상북도,0,0,A2700070,의료법인영암의료재단고령영생병원,2703,D,27,5,5,58402480,1,1,27,2026-07-26T01:45:10.006671,6,6
2026-07-26 01:44:31,mediboard,경상북도,0,0,A2700063,의료법인영제의료재단영남제일병원,2719,D,27,4,5,58402479,1,1,27,2026-07-26T01:45:10.006671,5,6
2026-07-26 01:44:31,mediboard,경상북도,0,0,A2702563,의료법인은성의료재단좋은선린병원,2724,D,27,10,10,58402481,2,2,27,2026-07-26T01:45:10.006671,12,12
2026-07-26 01:44:31,mediboard,경상북도,4,5,A2700007,차의과학대학교부속구미차병원,2704,A,27,12,20,58402418,6,12,27,2026-07-26T01:45:10.006671,22,37
2026-07-26 01:44:31,mediboard,경상북도,0,0,E2700554,청송군보건의료원,2721,D,27,5,5,58402545,1,1,27,2026-07-26T01:45:10.006671,6,6
2026-07-26 01:44:31,mediboard,경상북도,11,11,A2700016,포항성모병원,2723,A,27,7,20,58402476,5,15,27,2026-07-26T01:45:10.006671,23,46
2026-07-26 01:44:31,mediboard,경상북도,0,0,A2700002,포항세명기독병원,2723,C,27,9,15,58402417,10,10,27,2026-07-26T01:45:10.006671,19,25
2026-07-26 01:44:31,mediboard,경상남도,0,0,A2800032,강병원,2803,D,28,9,9,58402587,1,1,28,2026-07-26T01:45:10.006671,10,10
2026-07-26 01:44:31,mediboard,경상남도,0,0,A2803677,강일병원,2804,D,28,7,8,58402426,3,3,28,2026-07-26T01:45:10.006671,10,11
2026-07-26 01:44:31,mediboard,경상남도,0,0,A2800076,거창적십자병원,2802,D,28,9,9,58402590,1,1,28,2026-07-26T01:45:10.006671,10,10
2026-07-26 01:44:31,mediboard,경상남도,3,3,A2800001,경상국립대학교병원,2811,A,28,16,30,58402637,5,5,28,2026-07-26T01:45:10.006671,24,38
2026-07-26 01:44:31,mediboard,경상남도,0,0,A2800025,경상남도마산의료원,2813,D,28,11,13,58402424,2,2,28,2026-07-26T01:45:10.006671,13,15
2026-07-26 01:44:31,mediboard,경상남도,0,0,A2800113,밀양병원,2806,D,28,7,8,58402642,1,1,28,2026-07-26T01:45:10.006671,8,9
2026-07-26 01:44:31,mediboard,경상남도,0,0,A2800084,반도병원,2811,D,28,7,7,58402542,1,1,28,2026-07-26T01:45:10.006671,8,8
2026-07-26 01:44:31,mediboard,경상남도,0,0,A2800019,베데스다복음병원,2809,D,28,8,9,58402639,1,1,28,2026-07-26T01:45:10.006671,9,10
2026-07-26 01:44:31,mediboard,경상남도,0,0,E2800380,산청군보건의료원,2808,D,28,5,5,58402430,1,1,28,2026-07-26T01:45:10.006671,6,6
2026-07-26 01:44:31,mediboard,경상남도,0,0,A2800055,삼성합천병원,2822,D,28,4,4,58402588,1,1,28,2026-07-26T01:45:10.006671,5,5
2026-07-26 01:44:31,mediboard,경상남도,0,0,A2800101,삼천포제일병원,2807,D,28,8,8,58402425,2,2,28,2026-07-26T01:45:10.006671,10,10
2026-07-26 01:44:31,mediboard,경상남도,0,0,A2800092,새통영병원,2818,D,28,7,9,58402374,1,1,28,2026-07-26T01:45:10.006671,8,10
2026-07-26 01:44:31,mediboard,경상남도,10,10,A2800011,양산부산대학교병원,2809,A,28,10,23,58402482,7,8,28,2026-07-26T01:45:10.006671,25,39
2026-07-26 01:44:31,mediboard,경상남도,0,0,A2804593,양산성모병원,2809,D,28,12,13,58402427,1,1,28,2026-07-26T01:45:10.006671,13,14
2026-07-26 01:44:31,mediboard,경상남도,0,0,A2800021,연세에스병원,2817,D,28,9,9,58402373,1,1,28,2026-07-26T01:45:10.006671,10,10
2026-07-26 01:44:31,mediboard,경상남도,0,0,A2800090,의령병원,2810,D,28,4,4,58402484,1,1,28,2026-07-26T01:45:10.006671,5,5
2026-07-26 01:44:31,mediboard,경상남도,0,0,A2800008,의료법인 거붕 백병원,2801,D,28,6,9,58402538,1,1,28,2026-07-26T01:45:10.006671,7,10
2026-07-26 01:44:31,mediboard,경상남도,0,0,A2800005,의료법인 대우의료재단대우병원,2801,D,28,5,9,58402318,1,1,28,2026-07-26T01:45:10.006671,6,10
2026-07-26 01:44:31,mediboard,경상남도,0,0,A2800015,의료법인 문병욱의료재단 진주고려병원,2811,D,28,9,10,58402638,1,1,28,2026-07-26T01:45:10.006671,10,11
2026-07-26 01:44:31,mediboard,경상남도,0,0,A2800022,의료법인 성념의료재단맑은샘병원,2801,D,28,8,9,58402690,1,1,28,2026-07-26T01:45:10.006671,9,10
2026-07-26 01:44:31,mediboard,경상남도,0,0,A2800094,의료법인 이도의료재단 남해병원,2805,D,28,7,8,58402485,2,2,28,2026-07-26T01:45:10.006671,9,10
2026-07-26 01:44:31,mediboard,경상남도,0,0,A2800014,의료법인갑을의료재단 갑을장유병원,2804,D,28,9,9,58402540,1,1,28,2026-07-26T01:45:10.006671,10,10
2026-07-26 01:44:31,mediboard,경상남도,0,0,A2800006,의료법인숭인의료재단 김해복음병원,2804,C,28,12,16,58402585,4,4,28,2026-07-26T01:45:10.006671,16,20
2026-07-26 01:44:31,mediboard,경상남도,0,0,A2800068,의료법인승연의료재단 삼천포서울병원,2807,D,28,8,9,58402589,1,1,28,2026-07-26T01:45:10.006671,9,10
2026-07-26 01:44:31,mediboard,경상남도,0,0,A2800009,의료법인청아의료재단청아병원,2814,D,28,6,9,58402539,1,1,28,2026-07-26T01:45:10.006671,7,10
2026-07-26 01:44:31,mediboard,경상남도,0,0,A2800017,의료법인합포의료재단에스엠지연세병원,2813,C,28,12,17,58402483,3,3,28,2026-07-26T01:45:10.006671,15,20
2026-07-26 01:44:31,mediboard,경상남도,0,0,A2800010,의료법인환명의료재단 조은금강병원,2804,C,28,16,17,58402423,3,3,28,2026-07-26T01:45:10.006671,19,20
2026-07-26 01:44:31,mediboard,경상남도,0,0,A2800003,제일병원,2811,C,28,12,17,58402422,3,3,28,2026-07-26T01:45:10.006671,15,20
2026-07-26 01:44:31,mediboard,경상남도,0,0,A2800037,진주복음병원,2811,D,28,7,9,58402319,1,1,28,2026-07-26T01:45:10.006671,8,10
2026-07-26 01:44:31,mediboard,경상남도,0,0,A2803505,창원경상국립대학교병원,2815,C,28,14,18,58402375,3,10,28,2026-07-26T01:45:10.006671,17,28
2026-07-26 01:44:31,mediboard,경상남도,0,0,A2800004,창원파티마병원,2816,C,28,12,17,58402537,3,3,28,2026-07-26T01:45:10.006671,15,20
2026-07-26 01:44:31,mediboard,경상남도,0,0,A2800007,창원한마음병원,2816,C,28,6,21,58402586,1,4,28,2026-07-26T01:45:10.006671,7,25
2026-07-26 01:44:31,mediboard,경상남도,0,0,A2800062,태황의료재단한성병원,2812,D,28,9,9,58402641,1,1,28,2026-07-26T01:45:10.006671,10,10
2026-07-26 01:44:31,mediboard,경상남도,8,8,A2800020,학교법인성균관대학삼성창원병원,2814,A,28,19,27,58402372,5,5,28,2026-07-26T01:45:10.006671,32,40
2026-07-26 01:44:31,mediboard,경상남도,0,0,A2800043,한일병원,2811,C,28,15,17,58402640,3,3,28,2026-07-26T01:45:10.006671,18,20
2026-07-26 01:44:31,mediboard,경상남도,0,0,A2800080,함양성심병원,2821,D,28,4,4,58402541,1,1,28,2026-07-26T01:45:10.006671,5,5
2026-07-26 01:44:31,mediboard,제주특별자치도,0,0,A2900003,의료법인 혜인의료재단 한국병원,2902,D,29,2,9,58402591,1,1,29,2026-07-26T01:45:10.006671,3,10
2026-07-26 01:44:31,mediboard,제주특별자치도,1,1,A2900006,의료법인중앙의료재단중앙병원,2902,C,29,6,16,58402428,3,3,29,2026-07-26T01:45:10.006671,10,20
2026-07-26 01:44:31,mediboard,제주특별자치도,0,0,A2900007,제주대학교병원,2902,C,29,4,20,58402543,4,6,29,2026-07-26T01:45:10.006671,8,26
2026-07-26 01:44:31,mediboard,제주특별자치도,4,4,A2900002,제주특별자치도서귀포의료원,2901,C,29,6,16,58402376,5,5,29,2026-07-26T01:45:10.006671,15,25
2026-07-26 01:44:31,mediboard,제주특별자치도,3,3,A2900001,제주한라병원,2902,A,29,8,17,58402691,5,5,29,2026-07-26T01:45:10.006671,16,25
2026-07-26 01:44:31,mediboard,제주특별자치도,0,0,A2900005,한마음병원,2902,C,29,6,17,58402643,2,3,29,2026-07-26T01:45:10.006671,8,20
2026-07-26 02:49:23,mediboard,서울특별시,0,0,A1100011,가톨릭대학교여의도성모병원,1120,C,11,14,15,58407425,5,5,11,2026-07-26T02:45:10.006256,19,20
2026-07-26 02:49:23,mediboard,서울특별시,8,8,A1121013,가톨릭대학교은평성모병원,1122,C,11,13,24,58407644,3,4,11,2026-07-26T02:45:10.006256,24,36
2026-07-26 02:49:23,mediboard,서울특별시,3,3,A1100043,강동경희대학교병원,1102,A,11,2,15,58407318,3,5,11,2026-07-26T02:45:10.006256,8,23
2026-07-26 02:49:23,mediboard,서울특별시,2,2,A1100006,강북삼성병원,1123,C,11,9,15,58407638,3,3,11,2026-07-26T02:45:10.006256,14,20
2026-07-26 02:49:23,mediboard,서울특별시,4,4,A1100002,건국대학교병원,1106,C,11,11,20,58407538,2,3,11,2026-07-26T02:45:10.006256,17,27
2026-07-26 02:49:23,mediboard,서울특별시,0,0,A1100039,경찰병원,1118,D,11,3,3,58407543,2,2,11,2026-07-26T02:45:10.006256,5,5
2026-07-26 02:49:23,mediboard,서울특별시,3,3,A1100001,경희대학교병원,1111,C,11,7,15,58407480,5,5,11,2026-07-26T02:45:10.006256,15,23
2026-07-26 02:49:23,mediboard,서울특별시,2,3,A1100014,고려대학교의과대학부속구로병원,1107,A,11,20,29,58407426,4,5,11,2026-07-26T02:45:10.006256,26,37
2026-07-26 02:49:23,mediboard,서울특별시,0,0,A1100026,구로성심병원,1107,D,11,7,9,58407641,1,1,11,2026-07-26T02:45:10.006256,8,10
2026-07-26 02:49:23,mediboard,서울특별시,3,3,A1100052,국립중앙의료원,1124,C,11,246,246,58407589,1235,1236,11,2026-07-26T02:45:10.006256,1484,1485
2026-07-26 02:49:23,mediboard,서울특별시,0,0,A1122033,기쁨병원,1115,D,11,3,4,58407273,1,1,11,2026-07-26T02:45:10.006256,4,5
2026-07-26 02:49:23,mediboard,서울특별시,0,0,A1100048,노원을지대학교병원,1109,C,11,14,17,58407271,5,5,11,2026-07-26T02:45:10.006256,19,22
2026-07-26 02:49:23,mediboard,서울특별시,0,0,A1100044,녹색병원,1125,D,11,3,5,58407588,5,5,11,2026-07-26T02:45:10.006256,8,10
2026-07-26 02:49:23,mediboard,서울특별시,0,0,A1100037,대림성모병원,1120,D,11,6,8,58407429,1,2,11,2026-07-26T02:45:10.006256,7,10
2026-07-26 02:49:23,mediboard,서울특별시,0,0,A1100024,명지성모병원,1120,D,11,6,8,58407269,2,2,11,2026-07-26T02:45:10.006256,8,10
2026-07-26 02:49:23,mediboard,서울특별시,0,0,A1100036,부민병원,1104,D,11,10,10,58407642,1,1,11,2026-07-26T02:45:10.006256,11,11
2026-07-26 02:49:23,mediboard,서울특별시,3,4,A1100010,삼성서울병원,1101,C,11,14,52,58407539,4,4,11,2026-07-26T02:45:10.006256,21,60
2026-07-26 02:49:23,mediboard,서울특별시,0,0,A1100021,삼육서울병원,1111,C,11,12,13,58407540,6,7,11,2026-07-26T02:45:10.006256,18,20
2026-07-26 02:49:23,mediboard,서울특별시,12,12,A1100017,서울대학교병원,1123,A,11,-2,24,58407268,8,8,11,2026-07-26T02:45:10.006256,16,42
2026-07-26 02:49:23,mediboard,서울특별시,0,0,A1100050,서울성심병원,1111,D,11,16,17,58407544,3,3,11,2026-07-26T02:45:10.006256,19,20
2026-07-26 02:49:23,mediboard,서울특별시,0,0,A1100029,서울적십자병원,1123,D,11,10,10,58407372,1,1,11,2026-07-26T02:45:10.006256,11,11
2026-07-26 02:49:23,mediboard,서울특별시,0,0,A1100022,서울특별시동부병원,1111,D,11,6,8,58407315,2,2,11,2026-07-26T02:45:10.006256,8,10
2026-07-26 02:49:23,mediboard,서울특별시,3,3,A1100040,서울특별시보라매병원,1112,C,11,19,31,58407373,3,3,11,2026-07-26T02:45:10.006256,25,37
2026-07-26 02:49:23,mediboard,서울특별시,0,0,A1100223,서울특별시서남병원,1119,D,11,17,17,58407319,3,3,11,2026-07-26T02:45:10.006256,20,20
2026-07-26 02:49:23,mediboard,서울특별시,3,3,A1100035,서울특별시서울의료원,1125,A,11,16,19,58407542,5,5,11,2026-07-26T02:45:10.006256,24,27
2026-07-26 02:49:23,mediboard,서울특별시,0,0,A1100028,성심의료재단강동성심병원,1102,C,11,10,15,58407541,9,9,11,2026-07-26T02:45:10.006256,19,24
2026-07-26 02:49:23,mediboard,서울특별시,0,0,A1100054,성애의료재단성애병원,1120,C,11,13,15,58407590,5,11,11,2026-07-26T02:45:10.006256,18,26
2026-07-26 02:49:23,mediboard,서울특별시,0,0,A1100032,세란병원,1123,D,11,10,10,58407428,1,1,11,2026-07-26T02:45:10.006256,11,11
2026-07-26 02:49:23,mediboard,서울특별시,4,4,A1100004,순천향대학교부속서울병원,1121,C,11,16,20,58407424,3,3,11,2026-07-26T02:45:10.006256,23,27
2026-07-26 02:49:23,mediboard,서울특별시,0,0,A1100045,씨엠병원,1120,D,11,9,9,58407484,1,1,11,2026-07-26T02:45:10.006256,10,10
2026-07-26 02:49:23,mediboard,서울특별시,2,2,A1100015,연세대학교의과대학강남세브란스병원,1101,C,11,7,21,58407640,2,3,11,2026-07-26T02:45:10.006256,11,26
2026-07-26 02:49:23,mediboard,서울특별시,6,10,A1100007,연세대학교의과대학세브란스병원,1114,C,11,14,39,58407585,6,6,11,2026-07-26T02:45:10.006256,24,53
2026-07-26 02:49:23,mediboard,서울특별시,0,0,A1100025,의료법인동신의료재단동신병원,1114,D,11,7,9,58407587,1,1,11,2026-07-26T02:45:10.006256,8,10
2026-07-26 02:49:23,mediboard,서울특별시,0,0,A1100041,의료법인서울효천의료재단에이치플러스양지병원,1105,C,11,17,18,58407317,3,3,11,2026-07-26T02:45:10.006256,20,21
2026-07-26 02:49:23,mediboard,서울특별시,0,0,A1100023,의료법인청구성심병원,1122,D,11,10,10,58407316,1,1,11,2026-07-26T02:45:10.006256,11,11
2026-07-26 02:49:23,mediboard,서울특별시,0,0,A1100075,의료법인풍산의료재단동부제일병원,1125,D,11,7,7,58407272,1,1,11,2026-07-26T02:45:10.006256,8,8
2026-07-26 02:49:23,mediboard,서울특별시,2,2,A1100020,의료법인한전의료재단한일병원,1110,C,11,10,21,58407483,4,4,11,2026-07-26T02:45:10.006256,16,27
2026-07-26 02:49:23,mediboard,서울특별시,8,8,A1100005,이화여자대학교의과대학부속목동병원,1119,A,11,10,19,58407584,6,6,11,2026-07-26T02:45:10.006256,24,33
2026-07-26 02:49:23,mediboard,서울특별시,8,9,A1120796,이화여자대학교의과대학부속서울병원,1104,C,11,7,14,58407545,8,8,11,2026-07-26T02:45:10.006256,23,31
2026-07-26 02:49:23,mediboard,서울특별시,0,0,A1100016,인제대학교상계백병원,1109,C,11,7,16,58407586,7,7,11,2026-07-26T02:45:10.006256,14,23
2026-07-26 02:49:23,mediboard,서울특별시,-3,14,A1100009,재단법인아산사회복지재단서울아산병원,1118,C,11,9,36,58407482,10,26,11,2026-07-26T02:45:10.006256,13,73
2026-07-26 02:49:23,mediboard,서울특별시,2,4,A1100003,중앙대학교병원,1112,C,11,10,18,58407423,0,0,11,2026-07-26T02:45:10.006256,12,22
2026-07-26 02:49:23,mediboard,서울특별시,6,9,A1100012,학교법인가톨릭학원가톨릭대학교서울성모병원,1115,C,11,-2,28,58407371,4,8,11,2026-07-26T02:45:10.006256,6,43
2026-07-26 02:49:23,mediboard,서울특별시,4,4,A1100008,학교법인고려중앙학원고려대학교의과대학부속병원(안암병원),1117,A,11,17,30,58407481,5,9,11,2026-07-26T02:45:10.006256,26,43
2026-07-26 02:49:23,mediboard,서울특별시,0,0,A1100053,한국보훈복지의료공단중앙보훈병원,1102,C,11,20,22,58407430,3,3,11,2026-07-26T02:45:10.006256,23,25
2026-07-26 02:49:23,mediboard,서울특별시,0,0,A1100027,한국원자력의학원원자력병원,1109,D,11,9,9,58407270,3,3,11,2026-07-26T02:45:10.006256,12,12
2026-07-26 02:49:23,mediboard,서울특별시,3,3,A1100055,한림대학교강남성심병원,1120,C,11,18,20,58407486,5,5,11,2026-07-26T02:45:10.006256,26,28
2026-07-26 02:49:23,mediboard,서울특별시,2,3,A1100013,한양대학교병원,1116,A,11,15,20,58407639,8,12,11,2026-07-26T02:45:10.006256,25,35
2026-07-26 02:49:23,mediboard,서울특별시,0,0,A1100051,혜민병원,1106,D,11,9,9,58407485,1,1,11,2026-07-26T02:45:10.006256,10,10
2026-07-26 02:49:23,mediboard,서울특별시,0,0,A1100019,홍익병원,1119,D,11,8,9,58407427,1,1,11,2026-07-26T02:45:10.006256,9,10
2026-07-26 02:49:23,mediboard,서울특별시,0,0,A1100049,희명병원,1108,D,11,7,10,58407643,1,1,11,2026-07-26T02:45:10.006256,8,11
2026-07-26 02:49:23,mediboard,부산광역시,0,0,A1200028,(의)서일의료재단기장병원,1203,D,12,7,9,58407547,1,1,12,2026-07-26T02:45:10.006256,8,10
2026-07-26 02:49:23,mediboard,부산광역시,0,0,A1200004,고신대학교복음병원,1211,C,12,21,25,58407320,5,5,12,2026-07-26T02:45:10.006256,26,30
2026-07-26 02:49:23,mediboard,부산광역시,0,0,A1200045,구포성심병원,1208,D,12,5,9,58407378,1,1,12,2026-07-26T02:45:10.006256,6,10
2026-07-26 02:49:23,mediboard,부산광역시,3,3,A1200018,대동병원,1206,C,12,11,15,58407433,3,3,12,2026-07-26T02:45:10.006256,17,21
2026-07-26 02:49:23,mediboard,부산광역시,0,0,A1200015,동남권원자력의학원원자력병원,1203,D,12,9,9,58407490,1,1,12,2026-07-26T02:45:10.006256,10,10
2026-07-26 02:49:23,mediboard,부산광역시,0,0,A1200011,동래봉생병원,1206,D,12,4,8,58407593,2,2,12,2026-07-26T02:45:10.006256,6,10
2026-07-26 02:49:23,mediboard,부산광역시,3,3,A1200003,동아대학교병원,1211,A,12,21,26,58407645,7,8,12,2026-07-26T02:45:10.006256,31,37
2026-07-26 02:49:23,mediboard,부산광역시,0,0,A1200024,부산광역시의료원,1213,D,12,16,18,58407595,2,8,12,2026-07-26T02:45:10.006256,18,26
2026-07-26 02:49:23,mediboard,부산광역시,3,3,A1200002,부산대학교병원,1211,C,12,19,19,58407274,3,3,12,2026-07-26T02:45:10.006256,25,25
2026-07-26 02:49:23,mediboard,부산광역시,4,4,A1200013,부산성모병원(재단법인 천주교부산교구유지재단),1204,D,12,8,10,58407489,5,5,12,2026-07-26T02:45:10.006256,17,19
2026-07-26 02:49:23,mediboard,부산광역시,0,0,A1200007,비에이치에스한서병원,1212,C,12,17,17,58407488,3,3,12,2026-07-26T02:45:10.006256,20,20
2026-07-26 02:49:23,mediboard,부산광역시,0,0,A1200021,삼육부산병원,1211,D,12,9,9,58407376,1,1,12,2026-07-26T02:45:10.006256,10,10
2026-07-26 02:49:23,mediboard,부산광역시,0,0,A1200014,영도병원,1214,D,12,6,7,58407375,2,2,12,2026-07-26T02:45:10.006256,8,9
2026-07-26 02:49:23,mediboard,부산광역시,0,0,A1200009,의료법인 광혜의료재단 광혜병원,1206,D,12,8,9,58407592,3,3,12,2026-07-26T02:45:10.006256,11,12
2026-07-26 02:49:23,mediboard,부산광역시,0,0,A1200098,의료법인 센텀의료재단 센텀종합병원,1212,D,12,7,9,58407491,1,1,12,2026-07-26T02:45:10.006256,8,10
2026-07-26 02:49:23,mediboard,부산광역시,0,0,A1200020,의료법인 온그룹의료재단 온병원,1207,C,12,16,20,58407275,3,3,12,2026-07-26T02:45:10.006256,19,23
2026-07-26 02:49:23,mediboard,부산광역시,0,0,A1200008,의료법인 은성의료재단 좋은강안병원,1212,D,12,13,18,58407431,3,3,12,2026-07-26T02:45:10.006256,16,21
2026-07-26 02:49:23,mediboard,부산광역시,1,1,A1200005,의료법인 은성의료재단 좋은삼선병원,1209,C,12,9,13,58407374,6,6,12,2026-07-26T02:45:10.006256,16,20
2026-07-26 02:49:23,mediboard,부산광역시,0,0,A1200006,의료법인 인당의료재단 부민병원,1208,D,12,5,10,58407591,2,2,12,2026-07-26T02:45:10.006256,7,12
2026-07-26 02:49:23,mediboard,부산광역시,0,0,A1205143,의료법인 인당의료재단 해운대부민병원,1216,D,12,9,9,58407548,1,1,12,2026-07-26T02:45:10.006256,10,10
2026-07-26 02:49:23,mediboard,부산광역시,0,0,A1200012,의료법인 행도의료재단 해동병원,1214,D,12,5,6,58407321,1,1,12,2026-07-26T02:45:10.006256,6,7
2026-07-26 02:49:23,mediboard,부산광역시,0,0,A1200017,의료법인정화의료재단 봉생기념병원,1205,D,12,7,9,58407432,2,2,12,2026-07-26T02:45:10.006256,9,11
2026-07-26 02:49:23,mediboard,부산광역시,0,3,A1200022,인제대학교 해운대백병원,1216,A,12,19,29,58407546,3,5,12,2026-07-26T02:45:10.006256,22,37
2026-07-26 02:49:23,mediboard,부산광역시,0,0,A1200001,인제대학교부산백병원,1207,C,12,16,18,58407487,3,3,12,2026-07-26T02:45:10.006256,19,21
2026-07-26 02:49:23,mediboard,부산광역시,0,0,A1200023,재단법인천주교부산교구유지재단 메리놀병원,1215,D,12,6,9,58407377,1,1,12,2026-07-26T02:45:10.006256,7,10
2026-07-26 02:49:23,mediboard,부산광역시,2,2,A1200026,좋은문화병원,1205,D,12,3,7,58407277,3,3,12,2026-07-26T02:45:10.006256,8,12
2026-07-26 02:49:23,mediboard,부산광역시,0,0,A1200025,학교법인 춘해병원,1207,D,12,7,9,58407276,1,1,12,2026-07-26T02:45:10.006256,8,10
2026-07-26 02:49:23,mediboard,부산광역시,0,0,A1200019,학교법인)동의병원,1207,D,12,13,14,58407322,1,1,12,2026-07-26T02:45:10.006256,14,15
2026-07-26 02:49:23,mediboard,부산광역시,0,0,A1200016,한국보훈복지의료공단 부산보훈병원,1209,D,12,11,11,58407594,2,2,12,2026-07-26T02:45:10.006256,13,13
2026-07-26 02:49:23,mediboard,인천광역시,0,0,A1300081,(재)미리내천주성삼성직수도회천주성삼병원,1307,D,13,8,9,58407493,1,2,13,2026-07-26T02:45:10.006256,9,11
2026-07-26 02:49:23,mediboard,인천광역시,0,0,A1300018,강남종합병원,1304,D,13,15,15,58407600,1,1,13,2026-07-26T02:45:10.006256,16,16
2026-07-26 02:49:23,mediboard,인천광역시,4,4,A1300002,경북대학교병원,1308,A,13,18,27,58407596,5,5,13,2026-07-26T02:45:10.006256,27,36
2026-07-26 02:49:23,mediboard,인천광역시,0,0,A1303386,계명대학교대구동산병원,1308,D,13,12,12,58407324,2,2,13,2026-07-26T02:45:10.006256,14,14
2026-07-26 02:49:23,mediboard,인천광역시,0,0,A1300003,계명대학교동산병원,1302,C,13,6,20,58407278,5,5,13,2026-07-26T02:45:10.006256,11,25
2026-07-26 02:49:23,mediboard,인천광역시,0,0,A1300008,곽병원,1308,D,13,8,10,58407599,2,2,13,2026-07-26T02:45:10.006256,10,12
2026-07-26 02:49:23,mediboard,인천광역시,0,0,A1300038,나사렛종합병원,1302,D,13,2,9,58407646,4,10,13,2026-07-26T02:45:10.006256,6,19
2026-07-26 02:49:23,mediboard,인천광역시,0,0,A1300004,대구가톨릭대학교병원,1301,C,13,12,24,58407380,4,4,13,2026-07-26T02:45:10.006256,16,28
2026-07-26 02:49:23,mediboard,인천광역시,0,0,A1300005,대구가톨릭대학교칠곡가톨릭병원,1305,D,13,5,9,58407597,1,1,13,2026-07-26T02:45:10.006256,6,10
2026-07-26 02:49:23,mediboard,인천광역시,0,0,A1300076,대구굿모닝병원,1306,D,13,16,17,58407601,2,2,13,2026-07-26T02:45:10.006256,18,19
2026-07-26 02:49:23,mediboard,인천광역시,0,0,A1300007,대구의료원,1306,D,13,18,18,58407598,2,2,13,2026-07-26T02:45:10.006256,20,20
2026-07-26 02:49:23,mediboard,인천광역시,4,5,A1300009,대구파티마병원,1304,C,13,4,25,58407381,6,7,13,2026-07-26T02:45:10.006256,14,37
2026-07-26 02:49:23,mediboard,인천광역시,0,0,A1300110,더블유병원,1302,D,13,10,10,58407434,1,1,13,2026-07-26T02:45:10.006256,11,11
2026-07-26 02:49:23,mediboard,인천광역시,0,0,A1300034,드림종합병원,1301,D,13,6,8,58407492,2,2,13,2026-07-26T02:45:10.006256,8,10
2026-07-26 02:49:23,mediboard,인천광역시,0,0,A1300045,삼일병원,1302,D,13,12,14,58407383,1,1,13,2026-07-26T02:45:10.006256,13,15
2026-07-26 02:49:23,mediboard,인천광역시,3,3,A1300001,영남대학교병원,1301,A,13,23,28,58407379,5,5,13,2026-07-26T02:45:10.006256,31,36
2026-07-26 02:49:23,mediboard,인천광역시,0,0,A1300006,의료법인구의료재단구병원,1302,D,13,9,10,58407323,1,1,13,2026-07-26T02:45:10.006256,10,11
2026-07-26 02:49:23,mediboard,인천광역시,8,9,A1300010,칠곡경북대학교병원,1305,C,13,16,23,58407549,6,6,13,2026-07-26T02:45:10.006256,28,36
2026-07-26 02:49:23,mediboard,인천광역시,0,0,A1300011,한국보훈복지의료공단대구보훈병원,1302,D,13,10,12,58407382,2,2,13,2026-07-26T02:45:10.006256,12,14
2026-07-26 02:49:23,mediboard,대구광역시,0,0,A1400008,(의)성세의료재단 뉴성민병원,1407,D,14,9,9,58407326,1,1,14,2026-07-26T02:45:10.006256,10,10
2026-07-26 02:49:23,mediboard,대구광역시,3,3,A1400015,가톨릭관동대학교국제성모병원,1407,C,14,13,23,58407437,5,5,14,2026-07-26T02:45:10.006256,21,31
2026-07-26 02:49:23,mediboard,대구광역시,4,4,A1400012,가톨릭대학교 인천성모병원,1406,C,14,12,19,58407551,7,8,14,2026-07-26T02:45:10.006256,23,31
2026-07-26 02:49:23,mediboard,대구광역시,0,0,A1400010,검단탑병원,1407,C,14,16,18,58407279,3,3,14,2026-07-26T02:45:10.006256,19,21
2026-07-26 02:49:23,mediboard,대구광역시,0,0,A1403617,비에스종합병원,1401,D,14,8,10,58407496,1,1,14,2026-07-26T02:45:10.006256,9,11
2026-07-26 02:49:23,mediboard,대구광역시,0,0,A1400013,안은의료재단 부평세림병원,1406,C,14,15,16,58407436,4,4,14,2026-07-26T02:45:10.006256,19,20
2026-07-26 02:49:23,mediboard,대구광역시,0,0,A1400005,온누리병원,1407,D,14,8,9,58407550,2,2,14,2026-07-26T02:45:10.006256,10,11
2026-07-26 02:49:23,mediboard,대구광역시,6,11,A1400001,의료법인 길의료재단 길병원,1404,A,14,12,25,58407602,7,7,14,2026-07-26T02:45:10.006256,23,41
2026-07-26 02:49:23,mediboard,대구광역시,0,0,A1400011,의료법인 나사렛의료재단 나사렛국제병원,1408,C,14,15,17,58407280,3,5,14,2026-07-26T02:45:10.006256,18,22
2026-07-26 02:49:23,mediboard,대구광역시,0,0,A1400003,의료법인 루가의료재단 나은병원,1407,C,14,8,11,58407325,10,10,14,2026-07-26T02:45:10.006256,18,21
2026-07-26 02:49:23,mediboard,대구광역시,0,0,A1400007,의료법인 성수의료재단 인천백병원,1405,D,14,5,5,58407435,1,1,14,2026-07-26T02:45:10.006256,6,6
2026-07-26 02:49:23,mediboard,대구광역시,0,0,A1400014,의료법인인성의료재단한림병원,1402,C,14,13,17,58407552,4,4,14,2026-07-26T02:45:10.006256,17,21
2026-07-26 02:49:23,mediboard,대구광역시,0,0,A1400017,인천광역시의료원,1405,D,14,15,15,58407328,2,2,14,2026-07-26T02:45:10.006256,17,17
2026-07-26 02:49:23,mediboard,대구광역시,0,0,A1400037,인천광역시의료원백령병원,1409,D,14,5,5,58407439,1,1,14,2026-07-26T02:45:10.006256,6,6
2026-07-26 02:49:23,mediboard,대구광역시,0,0,A1400009,인천기독병원,1410,D,14,8,8,58407327,1,1,14,2026-07-26T02:45:10.006256,9,9
2026-07-26 02:49:23,mediboard,대구광역시,0,0,A1400016,인천사랑병원,1403,C,14,9,14,58407494,7,7,14,2026-07-26T02:45:10.006256,16,21
2026-07-26 02:49:23,mediboard,대구광역시,0,0,A1403372,인천세종병원,1402,C,14,15,18,58407495,3,3,14,2026-07-26T02:45:10.006256,18,21
2026-07-26 02:49:23,mediboard,대구광역시,0,0,A1400018,인천적십자병원,1408,D,14,8,8,58407438,2,2,14,2026-07-26T02:45:10.006256,10,10
2026-07-26 02:49:23,mediboard,대구광역시,0,0,A1403871,인천힘찬종합병원,1404,D,14,16,17,58407553,3,6,14,2026-07-26T02:45:10.006256,19,23
2026-07-26 02:49:23,mediboard,대구광역시,6,9,A1400002,인하대학교의과대학부속병원,1410,A,14,13,20,58407384,9,9,14,2026-07-26T02:45:10.006256,26,36
2026-07-26 02:49:23,mediboard,대구광역시,0,0,A1400004,현대유비스병원,1403,D,14,17,18,58407603,1,1,14,2026-07-26T02:45:10.006256,18,19
2026-07-26 02:49:23,mediboard,광주광역시,6,7,A1500019,KS병원,1501,C,15,11,15,58407554,3,3,15,2026-07-26T02:45:10.006256,20,25
2026-07-26 02:49:23,mediboard,광주광역시,0,0,A1500021,광주기독병원,1502,C,15,12,20,58407555,3,6,15,2026-07-26T02:45:10.006256,15,26
2026-07-26 02:49:23,mediboard,광주광역시,0,0,A1500015,광주병원,1504,D,15,7,10,58407283,1,1,15,2026-07-26T02:45:10.006256,8,11
2026-07-26 02:49:23,mediboard,광주광역시,0,0,A1500004,광주보훈병원,1501,D,15,13,14,58407385,2,2,15,2026-07-26T02:45:10.006256,15,16
2026-07-26 02:49:23,mediboard,광주광역시,0,0,A1502007,광주센트럴병원,1501,D,15,8,10,58407607,1,1,15,2026-07-26T02:45:10.006256,9,11
2026-07-26 02:49:23,mediboard,광주광역시,0,0,A1500018,광주수완병원,1501,D,15,7,9,58407284,0,1,15,2026-07-26T02:45:10.006256,7,10
2026-07-26 02:49:23,mediboard,광주광역시,0,0,A1500009,광주씨티병원,1502,D,15,10,10,58407281,1,1,15,2026-07-26T02:45:10.006256,11,11
2026-07-26 02:49:23,mediboard,광주광역시,0,0,A1500005,광주일곡병원,1504,D,15,7,9,58407647,1,1,15,2026-07-26T02:45:10.006256,8,10
2026-07-26 02:49:23,mediboard,광주광역시,0,0,A1500016,광주한국병원,1505,D,15,12,15,58407499,1,1,15,2026-07-26T02:45:10.006256,13,16
2026-07-26 02:49:23,mediboard,광주광역시,0,0,A1500003,광주현대병원,1504,D,15,5,9,58407497,2,2,15,2026-07-26T02:45:10.006256,7,11
2026-07-26 02:49:23,mediboard,광주광역시,0,0,A1500007,광주희망병원,1504,D,15,4,9,58407329,1,1,15,2026-07-26T02:45:10.006256,5,10
2026-07-26 02:49:23,mediboard,광주광역시,0,0,A1500013,동아병원,1502,D,15,8,9,58407282,1,1,15,2026-07-26T02:45:10.006256,9,10
2026-07-26 02:49:23,mediboard,광주광역시,0,0,A1500014,미래로21병원,1505,D,15,7,9,58407498,1,1,15,2026-07-26T02:45:10.006256,8,10
2026-07-26 02:49:23,mediboard,광주광역시,0,0,A1500022,상무병원,1505,D,15,8,9,58407606,1,1,15,2026-07-26T02:45:10.006256,9,10
2026-07-26 02:49:23,mediboard,광주광역시,2,2,A1500020,서광병원,1505,C,15,15,18,58407650,3,3,15,2026-07-26T02:45:10.006256,20,23
2026-07-26 02:49:23,mediboard,광주광역시,0,0,A1500006,신가병원,1501,D,15,8,9,58407648,2,2,15,2026-07-26T02:45:10.006256,10,11
2026-07-26 02:49:23,mediboard,광주광역시,0,0,A1500010,운암한국병원,1504,D,15,9,9,58407605,1,1,15,2026-07-26T02:45:10.006256,10,10
2026-07-26 02:49:23,mediboard,광주광역시,1,4,A1500002,전남대학교병원,1503,A,15,14,28,58407604,7,7,15,2026-07-26T02:45:10.006256,22,39
2026-07-26 02:49:23,mediboard,광주광역시,4,4,A1500001,조선대학교병원,1503,A,15,14,23,58407440,5,5,15,2026-07-26T02:45:10.006256,23,32
2026-07-26 02:49:23,mediboard,광주광역시,0,0,A1500011,첨단종합병원,1501,C,15,19,22,58407649,3,3,15,2026-07-26T02:45:10.006256,22,25
2026-07-26 02:49:23,mediboard,광주광역시,0,0,A1500017,하남성심병원,1501,D,15,17,19,58407441,1,2,15,2026-07-26T02:45:10.006256,18,21
2026-07-26 02:49:23,mediboard,대전광역시,0,0,A1600004,대전보훈병원,1601,D,16,7,7,58407285,2,2,16,2026-07-26T02:45:10.006256,9,9
2026-07-26 02:49:23,mediboard,대전광역시,0,0,A1600003,대전한국병원,1602,D,16,7,9,58407442,1,1,16,2026-07-26T02:45:10.006256,8,10
2026-07-26 02:49:23,mediboard,대전광역시,0,0,A1602246,대청병원,1603,D,16,5,9,58407556,1,1,16,2026-07-26T02:45:10.006256,6,10
2026-07-26 02:49:23,mediboard,대전광역시,0,0,A1600008,의료법인영훈의료재단대전선병원,1605,C,16,15,17,58407443,4,9,16,2026-07-26T02:45:10.006256,19,26
2026-07-26 02:49:23,mediboard,대전광역시,0,0,A1600007,의료법인영훈의료재단유성선병원,1604,C,16,10,17,58407331,3,7,16,2026-07-26T02:45:10.006256,13,24
2026-07-26 02:49:23,mediboard,대전광역시,0,6,A1600001,충남대학교병원,1605,A,16,11,28,58407386,5,5,16,2026-07-26T02:45:10.006256,16,39
2026-07-26 02:49:23,mediboard,대전광역시,0,0,A1600005,학교법인가톨릭학원가톨릭대학교대전성모병원,1605,C,16,10,19,58407651,3,3,16,2026-07-26T02:45:10.006256,13,22
2026-07-26 02:49:23,mediboard,대전광역시,2,5,A1600006,학교법인건양교육재단건양대학교병원,1603,A,16,21,24,58407330,5,5,16,2026-07-26T02:45:10.006256,28,34
2026-07-26 02:49:23,mediboard,대전광역시,0,0,A1600002,학교법인을지학원대전을지대학교병원,1603,C,16,23,23,58407608,6,6,16,2026-07-26T02:45:10.006256,29,29
2026-07-26 02:49:23,mediboard,울산광역시,0,0,A1700001,서울산보람병원,1704,D,17,7,10,58407332,1,1,17,2026-07-26T02:45:10.006256,8,11
2026-07-26 02:49:23,mediboard,울산광역시,0,0,A1700003,울산병원,1701,C,17,16,19,58407500,3,3,17,2026-07-26T02:45:10.006256,19,22
2026-07-26 02:49:23,mediboard,울산광역시,0,0,A1700002,의료법인동강의료재단동강병원,1705,C,17,20,24,58407557,3,3,17,2026-07-26T02:45:10.006256,23,27
2026-07-26 02:49:23,mediboard,울산광역시,0,0,A1700025,의료법인송은의료재단울산시티병원,1703,C,17,14,17,58407501,3,3,17,2026-07-26T02:45:10.006256,17,20
2026-07-26 02:49:23,mediboard,울산광역시,0,0,A1700011,의료법인은성의료재단좋은삼정병원,1701,D,17,7,9,58407558,1,1,17,2026-07-26T02:45:10.006256,8,10
2026-07-26 02:49:23,mediboard,울산광역시,0,0,A1700028,의료법인정안의료재단중앙병원,1701,C,17,13,17,58407387,3,3,17,2026-07-26T02:45:10.006256,16,20
2026-07-26 02:49:23,mediboard,울산광역시,6,8,A1700004,학교법인울산공업학원울산대학교병원,1702,A,17,9,23,58407444,6,6,17,2026-07-26T02:45:10.006256,21,37
2026-07-26 02:49:23,mediboard,경기도,0,0,A2100019,(의)영문의료재단다보스병원,2136,C,21,9,13,58407288,7,7,21,2026-07-26T02:45:10.006256,16,20
2026-07-26 02:49:23,mediboard,경기도,0,0,A2100122,(의)효심의료재단용인서울병원,2136,D,21,9,10,58407660,0,0,21,2026-07-26T02:45:10.006256,9,10
2026-07-26 02:49:23,mediboard,경기도,0,0,A2100052,가톨릭대학교부천성모병원,2113,C,21,22,31,58407293,6,6,21,2026-07-26T02:45:10.006256,28,37
2026-07-26 02:49:23,mediboard,경기도,7,8,A2100012,가톨릭대학교성빈센트병원,2122,C,21,14,28,58407445,6,6,21,2026-07-26T02:45:10.006256,25,40
2026-07-26 02:49:23,mediboard,경기도,11,11,A2100040,가톨릭대학교의정부성모병원,2138,A,21,23,44,58407340,6,6,21,2026-07-26T02:45:10.006256,40,61
2026-07-26 02:49:23,mediboard,경기도,0,0,A2100029,강남병원,2134,C,21,13,17,58407561,3,3,21,2026-07-26T02:45:10.006256,16,20
2026-07-26 02:49:23,mediboard,경기도,0,0,A2100032,경기도의료원수원병원,2121,D,21,6,8,58407503,5,5,21,2026-07-26T02:45:10.006256,11,13
2026-07-26 02:49:23,mediboard,경기도,0,0,A2100045,경기도의료원안성병원,2126,D,21,12,14,58407504,1,5,21,2026-07-26T02:45:10.006256,13,19
2026-07-26 02:49:23,mediboard,경기도,0,0,A2100043,경기도의료원의정부병원,2138,D,21,8,10,58407656,1,1,21,2026-07-26T02:45:10.006256,9,11
2026-07-26 02:49:23,mediboard,경기도,0,0,A2100193,경기도의료원이천병원,2139,C,21,6,17,58407342,3,3,21,2026-07-26T02:45:10.006256,9,20
2026-07-26 02:49:23,mediboard,경기도,0,0,A2100035,경기도의료원파주병원,2140,C,21,17,17,58407291,3,3,21,2026-07-26T02:45:10.006256,20,20
2026-07-26 02:49:23,mediboard,경기도,0,0,A2100031,경기도의료원포천병원,2142,C,21,16,17,58407448,3,3,21,2026-07-26T02:45:10.006256,19,20
2026-07-26 02:49:23,mediboard,경기도,4,4,A2100003,고려대학교의과대학부속안산병원,2124,A,21,8,22,58407335,6,8,21,2026-07-26T02:45:10.006256,18,34
2026-07-26 02:49:23,mediboard,경기도,4,4,A2100007,광명성애병원,2106,C,21,6,11,58407610,4,5,21,2026-07-26T02:45:10.006256,14,20
2026-07-26 02:49:23,mediboard,경기도,0,0,A2100258,국군수도병원,2116,D,21,14,16,58407563,0,2,21,2026-07-26T02:45:10.006256,14,18
2026-07-26 02:49:23,mediboard,경기도,0,0,A2100049,국립암센터,2103,D,21,15,24,58407450,1,1,21,2026-07-26T02:45:10.006256,16,25
2026-07-26 02:49:23,mediboard,경기도,1,5,A2100033,국민건강보험공단일산병원,2103,A,21,10,23,58407654,4,5,21,2026-07-26T02:45:10.006256,15,33
2026-07-26 02:49:23,mediboard,경기도,0,0,A2100014,근로복지공단안산병원,2125,D,21,6,7,58407389,1,1,21,2026-07-26T02:45:10.006256,7,8
2026-07-26 02:49:23,mediboard,경기도,0,0,A2100041,남양주한양병원,2111,C,21,13,17,58407655,3,3,21,2026-07-26T02:45:10.006256,16,20
2026-07-26 02:49:23,mediboard,경기도,0,0,A2100017,대아의료재단한도병원,2124,C,21,13,17,58407390,3,3,21,2026-07-26T02:45:10.006256,16,20
2026-07-26 02:49:23,mediboard,경기도,3,3,A2100025,대진의료재단분당제생병원,2116,C,21,13,24,58407612,3,3,21,2026-07-26T02:45:10.006256,19,30
2026-07-26 02:49:23,mediboard,경기도,3,3,A2100047,동국대학교일산불교병원,2103,C,21,14,19,58407449,7,7,21,2026-07-26T02:45:10.006256,24,29
2026-07-26 02:49:23,mediboard,경기도,0,0,A2100131,메디인병원,2140,D,21,12,12,58407614,2,2,21,2026-07-26T02:45:10.006256,14,14
2026-07-26 02:49:23,mediboard,경기도,0,0,A2121142,메디필드한강병원,2136,D,21,12,17,58407619,3,3,21,2026-07-26T02:45:10.006256,15,20
2026-07-26 02:49:23,mediboard,경기도,0,0,A2100055,부천세종병원,2113,C,21,14,17,58407395,3,3,21,2026-07-26T02:45:10.006256,17,20
2026-07-26 02:49:23,mediboard,경기도,4,5,A2100001,분당서울대학교병원,2116,A,21,-7,30,58407334,5,5,21,2026-07-26T02:45:10.006256,2,40
2026-07-26 02:49:23,mediboard,경기도,6,6,A2116806,성남시의료원,2117,C,21,16,17,58407618,6,6,21,2026-07-26T02:45:10.006256,28,29
2026-07-26 02:49:23,mediboard,경기도,0,0,A2100194,세종여주병원,2131,D,21,6,6,58407294,10,10,21,2026-07-26T02:45:10.006256,16,16
2026-07-26 02:49:23,mediboard,경기도,0,0,A2100016,순천의료재단성남정병원,2117,D,21,9,9,58407338,2,2,21,2026-07-26T02:45:10.006256,11,11
2026-07-26 02:49:23,mediboard,경기도,4,5,A2100005,순천향대학교부속부천병원,2113,A,21,13,17,58407287,4,5,21,2026-07-26T02:45:10.006256,21,27
2026-07-26 02:49:23,mediboard,경기도,6,14,A2100002,아주대학교병원,2120,A,21,15,32,58407388,10,13,21,2026-07-26T02:45:10.006256,28,54
2026-07-26 02:49:23,mediboard,경기도,0,0,A2100305,안성성모병원,2126,D,21,9,9,58407617,1,1,21,2026-07-26T02:45:10.006256,10,10
2026-07-26 02:49:23,mediboard,경기도,0,0,A2100089,양평병원,2130,D,21,9,9,58407506,1,1,21,2026-07-26T02:45:10.006256,10,10
2026-07-26 02:49:23,mediboard,경기도,0,0,A2118188,엘병원,2111,D,21,8,8,58407508,2,2,21,2026-07-26T02:45:10.006256,10,10
2026-07-26 02:49:23,mediboard,경기도,6,6,A2100020,연세대학교의과대학용인세브란스병원,2134,C,21,11,16,58407652,4,4,21,2026-07-26T02:45:10.006256,21,26
2026-07-26 02:49:23,mediboard,경기도,0,0,E2100187,연천군보건의료원,2132,D,21,10,10,58407312,0,0,21,2026-07-26T02:45:10.006256,10,10
2026-07-26 02:49:23,mediboard,경기도,0,0,A2100024,오산한국병원,2133,C,21,15,17,58407653,3,3,21,2026-07-26T02:45:10.006256,18,20
2026-07-26 02:49:23,mediboard,경기도,0,0,A2100048,원광대학교산본병원,2109,C,21,14,17,58407394,3,3,21,2026-07-26T02:45:10.006256,17,20
2026-07-26 02:49:23,mediboard,경기도,0,0,A2100013,의료법인 록향의료재단 신천연합병원,2123,D,21,9,10,58407611,1,1,21,2026-07-26T02:45:10.006256,10,11
2026-07-26 02:49:23,mediboard,경기도,0,0,A2100036,의료법인 일심의료재단 포천우리병원,2142,D,21,16,18,58407393,4,4,21,2026-07-26T02:45:10.006256,20,22
2026-07-26 02:49:23,mediboard,경기도,0,0,A2100309,의료법인갈렌의료재단박병원,2141,D,21,6,10,58407452,1,1,21,2026-07-26T02:45:10.006256,7,11
2026-07-26 02:49:23,mediboard,경기도,5,5,A2100008,의료법인남촌의료재단시화병원,2123,C,21,10,16,58407336,4,6,21,2026-07-26T02:45:10.006256,19,27
2026-07-26 02:49:23,mediboard,경기도,0,0,A2100009,의료법인녹산의료재단동수원병원,2122,C,21,14,17,58407502,3,3,21,2026-07-26T02:45:10.006256,17,20
2026-07-26 02:49:23,mediboard,경기도,0,0,A2100050,의료법인대인의료재단다니엘종합병원,2113,D,21,6,6,58407658,4,4,21,2026-07-26T02:45:10.006256,10,10
2026-07-26 02:49:23,mediboard,경기도,3,3,A2121061,의료법인덕산의료재단수원덕산병원,2119,D,21,24,24,58407661,3,3,21,2026-07-26T02:45:10.006256,30,30
2026-07-26 02:49:23,mediboard,경기도,0,0,A2117135,의료법인명인의료재단화홍병원,2119,C,21,12,15,58407397,5,5,21,2026-07-26T02:45:10.006256,17,20
2026-07-26 02:49:23,mediboard,경기도,3,3,A2100042,의료법인명지의료재단명지병원,2102,A,21,9,15,58407613,11,11,21,2026-07-26T02:45:10.006256,20,26
2026-07-26 02:49:23,mediboard,경기도,0,0,A2100022,의료법인박애의료재단박애병원,2141,D,21,10,10,58407391,1,1,21,2026-07-26T02:45:10.006256,11,11
2026-07-26 02:49:23,mediboard,경기도,0,0,A2100028,의료법인백송의료재단굿모닝병원,2141,C,21,18,19,58407392,9,9,21,2026-07-26T02:45:10.006256,27,28
2026-07-26 02:49:23,mediboard,경기도,0,0,A2100027,의료법인석경의료재단센트럴병원,2123,D,21,17,18,58407447,3,3,21,2026-07-26T02:45:10.006256,20,21
2026-07-26 02:49:23,mediboard,경기도,0,0,A2116972,의료법인성광의료재단일산차병원,2103,D,21,6,6,58407396,3,4,21,2026-07-26T02:45:10.006256,9,10
2026-07-26 02:49:23,mediboard,경기도,0,0,A2113246,의료법인양진의료재단평택성모병원,2141,C,21,17,17,58407453,3,3,21,2026-07-26T02:45:10.006256,20,20
2026-07-26 02:49:23,mediboard,경기도,0,0,A2100034,의료법인영동의료재단의정부백병원,2138,D,21,9,10,58407290,2,2,21,2026-07-26T02:45:10.006256,11,12
2026-07-26 02:49:23,mediboard,경기도,0,0,A2100053,의료법인우리의료재단김포우리병원,2110,C,21,10,22,58407505,7,7,21,2026-07-26T02:45:10.006256,17,29
2026-07-26 02:49:23,mediboard,경기도,0,0,A2115699,의료법인원광의료재단원광종합병원,2146,D,21,8,9,58407343,1,1,21,2026-07-26T02:45:10.006256,9,10
2026-07-26 02:49:23,mediboard,경기도,0,0,A2100018,의료법인은혜와감사의료재단화성중앙종합병원,2144,D,21,9,9,58407560,1,1,21,2026-07-26T02:45:10.006256,10,10
2026-07-26 02:49:23,mediboard,경기도,0,0,A2100006,의료법인인봉의료재단뉴고려병원,2110,C,21,14,14,58407609,6,6,21,2026-07-26T02:45:10.006256,20,20
2026-07-26 02:49:23,mediboard,경기도,0,0,A2100290,의료법인자인의료재단(더자인병원),2102,D,21,16,16,58407451,4,4,21,2026-07-26T02:45:10.006256,20,20
2026-07-26 02:49:23,mediboard,경기도,0,0,A2100124,의료법인칠석의료재단사랑의병원,2125,D,21,11,13,58407341,1,1,21,2026-07-26T02:45:10.006256,12,14
2026-07-26 02:49:23,mediboard,경기도,0,0,A2100175,의료법인토마스의료재단윌스기념병원,2122,D,21,16,18,58407616,3,3,21,2026-07-26T02:45:10.006256,19,21
2026-07-26 02:49:23,mediboard,경기도,0,0,A2100021,의료법인플러스의료재단단원병원,2124,D,21,16,17,58407446,3,3,21,2026-07-26T02:45:10.006256,19,20
2026-07-26 02:49:23,mediboard,경기도,0,4,A2100038,인제대학교일산백병원,2104,C,21,23,34,58407562,5,6,21,2026-07-26T02:45:10.006256,28,44
2026-07-26 02:49:23,mediboard,경기도,0,0,A2118788,중앙대학교광명병원,2106,C,21,19,21,58407295,2,3,21,2026-07-26T02:45:10.006256,21,24
2026-07-26 02:49:23,mediboard,경기도,5,13,A2100030,차의과학대학교분당차병원,2116,A,21,12,22,58407289,7,7,21,2026-07-26T02:45:10.006256,22,40
2026-07-26 02:49:23,mediboard,경기도,1,1,A2100155,참조은병원,2107,C,21,5,9,58407615,10,10,21,2026-07-26T02:45:10.006256,16,20
2026-07-26 02:49:23,mediboard,경기도,0,0,A2100150,추병원,2138,D,21,12,12,58407507,2,2,21,2026-07-26T02:45:10.006256,14,14
2026-07-26 02:49:23,mediboard,경기도,6,6,A2117994,학교법인을지학원의정부을지대학교병원,2138,C,21,24,30,58407398,10,11,21,2026-07-26T02:45:10.006256,40,47
2026-07-26 02:49:23,mediboard,경기도,9,9,A2100046,한림대학교동탄성심병원,2147,C,21,26,32,58407657,3,3,21,2026-07-26T02:45:10.006256,38,44
2026-07-26 02:49:23,mediboard,경기도,3,3,A2100004,한림대학교성심병원,2127,A,21,17,25,58407286,11,11,21,2026-07-26T02:45:10.006256,31,39
2026-07-26 02:49:23,mediboard,경기도,0,0,A2100039,한양대학교구리병원,2108,C,21,12,18,58407339,5,5,21,2026-07-26T02:45:10.006256,17,23
2026-07-26 02:49:23,mediboard,경기도,0,0,A2100037,현대병원,2111,C,21,11,17,58407292,3,3,21,2026-07-26T02:45:10.006256,14,20
2026-07-26 02:49:23,mediboard,경기도,0,0,A2100015,효산의료재단안양샘병원,2128,C,21,11,17,58407337,3,3,21,2026-07-26T02:45:10.006256,14,20
2026-07-26 02:49:23,mediboard,경기도,0,0,A2100054,효산의료재단지샘병원,2109,C,21,17,18,58407659,4,4,21,2026-07-26T02:45:10.006256,21,22
2026-07-26 02:49:23,mediboard,강원특별자치도,3,3,A2200008,강릉아산병원,2201,A,22,19,23,58407509,5,5,22,2026-07-26T02:45:10.006256,27,31
2026-07-26 02:49:23,mediboard,강원특별자치도,3,3,A2200009,강원대학교병원,2213,C,22,20,21,58407662,5,5,22,2026-07-26T02:45:10.006256,28,29
2026-07-26 02:49:23,mediboard,강원특별자치도,0,0,A2200011,강원특별자치도강릉의료원,2201,D,22,5,5,58407455,1,1,22,2026-07-26T02:45:10.006256,6,6
2026-07-26 02:49:23,mediboard,강원특별자치도,1,1,A2200007,강원특별자치도삼척의료원,2204,C,22,16,16,58407296,3,5,22,2026-07-26T02:45:10.006256,20,22
2026-07-26 02:49:23,mediboard,강원특별자치도,0,0,A2200012,강원특별자치도속초의료원,2205,C,22,17,17,58407663,3,3,22,2026-07-26T02:45:10.006256,20,20
2026-07-26 02:49:23,mediboard,강원특별자치도,0,0,A2200002,강원특별자치도영월의료원,2208,D,22,8,9,58407344,1,1,22,2026-07-26T02:45:10.006256,9,10
2026-07-26 02:49:23,mediboard,강원특별자치도,0,0,A2200015,강원특별자치도원주의료원,2209,D,22,11,17,58407457,3,3,22,2026-07-26T02:45:10.006256,14,20
2026-07-26 02:49:23,mediboard,강원특별자치도,0,0,A2200048,근로복지공단정선병원,2211,D,22,4,5,58407400,1,1,22,2026-07-26T02:45:10.006256,5,6
2026-07-26 02:49:23,mediboard,강원특별자치도,0,0,A2200004,근로복지공단태백병원,2214,D,22,9,9,58407399,1,1,22,2026-07-26T02:45:10.006256,10,10
2026-07-26 02:49:23,mediboard,강원특별자치도,1,3,A2200001,연세대학교원주세브란스기독병원,2209,A,22,22,31,58407454,28,45,22,2026-07-26T02:45:10.006256,51,79
2026-07-26 02:49:23,mediboard,강원특별자치도,0,0,A2200005,의료법인강릉동인병원,2201,C,22,14,17,58407565,3,3,22,2026-07-26T02:45:10.006256,17,20
2026-07-26 02:49:23,mediboard,강원특별자치도,0,0,A2200003,의료법인동해동인병원,2203,D,22,8,10,58407564,1,1,22,2026-07-26T02:45:10.006256,9,11
2026-07-26 02:49:23,mediboard,강원특별자치도,0,0,A2200037,의료법인성심의료재단양구성심병원,2206,D,22,5,5,58407664,1,1,22,2026-07-26T02:45:10.006256,6,6
2026-07-26 02:49:23,mediboard,강원특별자치도,0,0,A2200024,의료법인성지의료재단성지병원,2209,D,22,7,7,58407511,1,1,22,2026-07-26T02:45:10.006256,8,8
2026-07-26 02:49:23,mediboard,강원특별자치도,0,0,A2200046,의료법인온세움의료재단온재병원,2205,D,22,5,9,58407665,1,1,22,2026-07-26T02:45:10.006256,6,10
2026-07-26 02:49:23,mediboard,강원특별자치도,0,0,A2201730,철원병원,2212,D,22,5,5,58407345,1,1,22,2026-07-26T02:45:10.006256,6,6
2026-07-26 02:49:23,mediboard,강원특별자치도,0,0,E2200026,평창군보건의료원,2215,D,22,6,6,58407421,1,1,22,2026-07-26T02:45:10.006256,7,7
2026-07-26 02:49:23,mediboard,강원특별자치도,0,3,A2200013,한림대학교춘천성심병원,2213,A,22,19,22,58407297,5,5,22,2026-07-26T02:45:10.006256,24,30
2026-07-26 02:49:23,mediboard,강원특별자치도,0,0,A2200014,홍천아산병원,2216,D,22,7,10,58407456,0,0,22,2026-07-26T02:45:10.006256,7,10
2026-07-26 02:49:23,mediboard,강원특별자치도,0,0,E2200025,화천군보건의료원,2217,D,22,7,7,58407536,1,1,22,2026-07-26T02:45:10.006256,8,8
2026-07-26 02:49:23,mediboard,강원특별자치도,0,0,A2200016,횡성대성병원,2218,D,22,8,9,58407510,1,1,22,2026-07-26T02:45:10.006256,9,10
2026-07-26 02:49:23,mediboard,충청북도,0,0,A2300010,건국대학교충주병원,2314,C,23,16,20,58407666,3,3,23,2026-07-26T02:45:10.006256,19,23
2026-07-26 02:49:23,mediboard,충청북도,0,0,E2300011,단양군보건의료원,2302,D,23,5,6,58407369,1,2,23,2026-07-26T02:45:10.006256,6,8
2026-07-26 02:49:23,mediboard,충청북도,0,0,A2300013,의료법인 건명의료재단 중앙제일병원,2309,C,23,14,17,58407566,3,5,23,2026-07-26T02:45:10.006256,17,22
2026-07-26 02:49:23,mediboard,충청북도,0,0,A2300034,의료법인대광의료재단괴산성모병원,2301,D,23,8,9,58407460,0,1,23,2026-07-26T02:45:10.006256,8,10
2026-07-26 02:49:23,mediboard,충청북도,3,3,A2300009,의료법인명지의료재단명지병원,2307,C,23,12,18,58407459,6,6,23,2026-07-26T02:45:10.006256,21,27
2026-07-26 02:49:23,mediboard,충청북도,0,0,A2300007,의료법인인화재단한국병원,2310,C,23,11,14,58407458,6,6,23,2026-07-26T02:45:10.006256,17,20
2026-07-26 02:49:23,mediboard,충청북도,0,0,A2300005,의료법인자산의료재단제천서울병원,2307,C,23,11,15,58407348,5,5,23,2026-07-26T02:45:10.006256,16,20
2026-07-26 02:49:23,mediboard,충청북도,0,0,A2300003,의료법인정산의료재단효성병원,2310,C,23,17,18,58407347,5,5,23,2026-07-26T02:45:10.006256,22,23
2026-07-26 02:49:23,mediboard,충청북도,0,0,A2300030,의료법인조윤의료재단영동병원,2304,D,23,10,10,58407567,0,0,23,2026-07-26T02:45:10.006256,10,10
2026-07-26 02:49:23,mediboard,충청북도,0,0,A2300002,의료법인한마음의료재단하나병원,2313,C,23,6,11,58407298,12,12,23,2026-07-26T02:45:10.006256,18,23
2026-07-26 02:49:23,mediboard,충청북도,0,0,A2300011,의료법인힐링의료재단옥천성모병원,2305,D,23,7,7,58407620,3,3,23,2026-07-26T02:45:10.006256,10,10
2026-07-26 02:49:23,mediboard,충청북도,0,0,A2300008,청주성모병원,2312,C,23,7,15,58407299,5,10,23,2026-07-26T02:45:10.006256,12,25
2026-07-26 02:49:23,mediboard,충청북도,7,8,A2300001,충북대학교병원,2311,A,23,25,32,58407346,5,5,23,2026-07-26T02:45:10.006256,37,45
2026-07-26 02:49:23,mediboard,충청북도,0,0,A2300006,충청북도청주의료원,2311,D,23,12,12,58407402,4,4,23,2026-07-26T02:45:10.006256,16,16
2026-07-26 02:49:23,mediboard,충청북도,0,0,A2300004,충청북도충주의료원,2314,D,23,18,18,58407401,3,3,23,2026-07-26T02:45:10.006256,21,21
2026-07-26 02:49:23,mediboard,충청남도,4,4,A2400002,단국대학교의과대학부속병원,2412,A,24,23,27,58407350,5,5,24,2026-07-26T02:45:10.006256,32,36
2026-07-26 02:49:23,mediboard,충청남도,0,0,A2400008,당진종합병원,2405,C,24,13,17,58407351,3,3,24,2026-07-26T02:45:10.006256,16,20
2026-07-26 02:49:23,mediboard,충청남도,0,4,A2400003,서산중앙병원,2408,C,24,15,17,58407300,3,3,24,2026-07-26T02:45:10.006256,18,24
2026-07-26 02:49:23,mediboard,충청남도,0,0,A2402257,아산충무병원,2410,C,24,9,13,58407667,8,8,24,2026-07-26T02:45:10.006256,17,21
2026-07-26 02:49:23,mediboard,충청남도,0,0,A2400044,의료법인 서해병원,2409,D,24,5,5,58407352,2,2,24,2026-07-26T02:45:10.006256,7,7
2026-07-26 02:49:23,mediboard,충청남도,0,0,A2400004,의료법인 예당의료재단 예산종합병원,2411,D,24,6,6,58407512,1,1,24,2026-07-26T02:45:10.006256,7,7
2026-07-26 02:49:23,mediboard,충청남도,0,0,A2400009,의료법인백제병원,2404,C,24,19,20,58407302,3,3,24,2026-07-26T02:45:10.006256,22,23
2026-07-26 02:49:23,mediboard,충청남도,0,0,A2400012,의료법인영서의료재단천안충무병원,2413,C,24,11,16,58407461,5,5,24,2026-07-26T02:45:10.006256,16,21
2026-07-26 02:49:23,mediboard,충청남도,0,0,A2400011,재단법인아산사회복지재단보령아산병원,2406,C,24,14,17,58407403,3,3,24,2026-07-26T02:45:10.006256,17,20
2026-07-26 02:49:23,mediboard,충청남도,0,0,E2400032,청양군보건의료원,2414,D,24,6,6,58407478,1,1,24,2026-07-26T02:45:10.006256,7,7
2026-07-26 02:49:23,mediboard,충청남도,0,0,A2400010,충청남도공주의료원,2402,D,24,13,15,58407303,1,1,24,2026-07-26T02:45:10.006256,14,16
2026-07-26 02:49:23,mediboard,충청남도,0,0,A2400006,충청남도서산의료원,2408,C,24,16,17,58407301,3,3,24,2026-07-26T02:45:10.006256,19,20
2026-07-26 02:49:23,mediboard,충청남도,0,0,A2400005,충청남도천안의료원,2412,D,24,11,12,58407568,1,2,24,2026-07-26T02:45:10.006256,12,14
2026-07-26 02:49:23,mediboard,충청남도,1,1,A2400007,충청남도홍성의료원,2416,C,24,15,18,58407621,3,3,24,2026-07-26T02:45:10.006256,19,22
2026-07-26 02:49:23,mediboard,충청남도,0,0,E2400033,태안군보건의료원,2415,D,24,10,10,58407313,1,1,24,2026-07-26T02:45:10.006256,11,11
2026-07-26 02:49:23,mediboard,충청남도,0,0,A2400038,학교법인건양교육재단건양대학교부여병원,2407,D,24,8,9,58407462,1,1,24,2026-07-26T02:45:10.006256,9,10
2026-07-26 02:49:23,mediboard,충청남도,18,18,A2400001,학교법인동은학원순천향대학교부속천안병원,2412,A,24,11,22,58407349,10,11,24,2026-07-26T02:45:10.006256,35,47
2026-07-26 02:49:23,mediboard,충청남도,0,0,A2400039,현대병원,2410,D,24,9,10,58407569,1,1,24,2026-07-26T02:45:10.006256,10,11
2026-07-26 02:49:23,mediboard,전북특별자치도,0,0,A2500038,김제우석병원,2503,D,25,10,10,58407304,1,1,25,2026-07-26T02:45:10.006256,11,11
2026-07-26 02:49:23,mediboard,전북특별자치도,0,0,A2500056,대자인병원,2512,C,25,22,33,58407464,3,3,25,2026-07-26T02:45:10.006256,25,36
2026-07-26 02:49:23,mediboard,전북특별자치도,0,0,E2500019,무주군보건의료원,2505,D,25,4,4,58407636,1,1,25,2026-07-26T02:45:10.006256,5,5
2026-07-26 02:49:23,mediboard,전북특별자치도,0,0,A2500010,부안성모병원,2506,D,25,10,10,58407571,2,2,25,2026-07-26T02:45:10.006256,12,12
2026-07-26 02:49:23,mediboard,전북특별자치도,3,3,A2502742,새강병원,2513,D,25,13,14,58407670,3,3,25,2026-07-26T02:45:10.006256,19,20
2026-07-26 02:49:23,mediboard,전북특별자치도,0,0,E2500021,순창군보건의료원,2507,D,25,9,9,58407370,1,1,25,2026-07-26T02:45:10.006256,10,10
2026-07-26 02:49:23,mediboard,전북특별자치도,3,3,A2500001,원광대학교병원,2509,A,25,14,28,58407668,5,5,25,2026-07-26T02:45:10.006256,22,36
2026-07-26 02:49:23,mediboard,전북특별자치도,0,0,A2500011,의료법인대산의료재단익산병원,2509,C,25,11,17,58407463,3,3,25,2026-07-26T02:45:10.006256,14,20
2026-07-26 02:49:23,mediboard,전북특별자치도,0,0,A2500009,의료법인석천재단고창병원,2501,D,25,8,10,58407622,1,1,25,2026-07-26T02:45:10.006256,9,11
2026-07-26 02:49:23,mediboard,전북특별자치도,0,0,A2500005,의료법인영경의료재단전주병원,2513,C,25,9,17,58407514,3,3,25,2026-07-26T02:45:10.006256,12,20
2026-07-26 02:49:23,mediboard,전북특별자치도,0,0,A2501890,의료법인영경의료재단호성전주병원,2512,D,25,5,9,58407404,1,1,25,2026-07-26T02:45:10.006256,6,10
2026-07-26 02:49:23,mediboard,전북특별자치도,0,0,A2500012,의료법인오성의료재단동군산병원,2502,C,25,14,17,58407669,6,6,25,2026-07-26T02:45:10.006256,20,23
2026-07-26 02:49:23,mediboard,전북특별자치도,0,0,E2500022,임실군보건의료원,2510,D,25,4,4,58407637,1,1,25,2026-07-26T02:45:10.006256,5,5
2026-07-26 02:49:23,mediboard,전북특별자치도,0,0,E2500020,장수군보건의료원,2511,D,25,5,5,58407479,1,1,25,2026-07-26T02:45:10.006256,6,6
2026-07-26 02:49:23,mediboard,전북특별자치도,0,0,A2500008,재단법인 아산사회복지재단 정읍아산병원,2514,C,25,17,17,58407354,3,3,25,2026-07-26T02:45:10.006256,20,20
2026-07-26 02:49:23,mediboard,전북특별자치도,7,12,A2500006,재단법인예수병원유지재단예수병원,2513,C,25,22,38,58407353,5,5,25,2026-07-26T02:45:10.006256,32,53
2026-07-26 02:49:23,mediboard,전북특별자치도,3,5,A2500002,전북대학교병원,2512,A,25,22,36,58407570,7,7,25,2026-07-26T02:45:10.006256,32,48
2026-07-26 02:49:23,mediboard,전북특별자치도,0,0,A2500007,전북특별자치도군산의료원,2502,C,25,5,17,58407515,3,3,25,2026-07-26T02:45:10.006256,8,20
2026-07-26 02:49:23,mediboard,전북특별자치도,0,0,A2500004,전북특별자치도남원의료원,2504,C,25,13,17,58407513,3,3,25,2026-07-26T02:45:10.006256,16,20
2026-07-26 02:49:23,mediboard,전북특별자치도,0,0,A2502031,진안군의료원,2515,D,25,5,6,58407572,2,2,25,2026-07-26T02:45:10.006256,7,8
2026-07-26 02:49:23,mediboard,전라남도,0,0,A2600029,곡성사랑병원,2603,D,26,5,5,58407574,1,1,26,2026-07-26T02:45:10.006256,6,6
2026-07-26 02:49:23,mediboard,전라남도,0,0,A2600006,광양사랑병원,2604,D,26,9,9,58407306,1,1,26,2026-07-26T02:45:10.006256,10,10
2026-07-26 02:49:23,mediboard,전라남도,0,0,A2600061,구례병원,2605,D,26,10,10,58407625,0,0,26,2026-07-26T02:45:10.006256,10,10
2026-07-26 02:49:23,mediboard,전라남도,0,0,A2600016,나주종합병원,2606,D,26,9,10,58407517,0,0,26,2026-07-26T02:45:10.006256,9,10
2026-07-26 02:49:23,mediboard,전라남도,0,0,A2600054,담양사랑병원,2607,D,26,6,6,58407521,2,2,26,2026-07-26T02:45:10.006256,8,8
2026-07-26 02:49:23,mediboard,전라남도,0,0,A2600003,대송의료재단무안병원,2609,D,26,4,4,58407623,1,1,26,2026-07-26T02:45:10.006256,5,5
2026-07-26 02:49:23,mediboard,전라남도,0,0,A2600020,목포기독병원,2608,D,26,16,17,58407356,3,3,26,2026-07-26T02:45:10.006256,19,20
2026-07-26 02:49:23,mediboard,전라남도,0,0,A2600022,목포시의료원,2608,D,26,9,9,58407674,1,1,26,2026-07-26T02:45:10.006256,10,10
2026-07-26 02:49:23,mediboard,전라남도,2,3,A2600011,목포한국병원,2608,A,26,11,18,58407465,5,5,26,2026-07-26T02:45:10.006256,18,26
2026-07-26 02:49:23,mediboard,전라남도,0,0,A2600052,보성아산병원,2610,D,26,8,8,58407678,1,1,26,2026-07-26T02:45:10.006256,9,9
2026-07-26 02:49:23,mediboard,전라남도,0,0,A2602211,빛가람종합병원,2606,D,26,8,9,58407408,1,1,26,2026-07-26T02:45:10.006256,9,10
2026-07-26 02:49:23,mediboard,전라남도,4,4,A2600019,성가롤로병원,2611,A,26,9,18,58407518,5,5,26,2026-07-26T02:45:10.006256,18,27
2026-07-26 02:49:23,mediboard,전라남도,0,0,A2600008,순천제일병원,2611,D,26,8,9,58407573,1,1,26,2026-07-26T02:45:10.006256,9,10
2026-07-26 02:49:23,mediboard,전라남도,0,0,A2600004,순천중앙병원,2611,D,26,5,5,58407516,1,1,26,2026-07-26T02:45:10.006256,6,6
2026-07-26 02:49:23,mediboard,전라남도,0,0,A2600010,여수전남병원,2613,D,26,9,10,58407672,1,1,26,2026-07-26T02:45:10.006256,10,11
2026-07-26 02:49:23,mediboard,전라남도,0,0,A2600014,여천전남병원,2613,C,26,16,17,58407355,3,3,26,2026-07-26T02:45:10.006256,19,20
2026-07-26 02:49:23,mediboard,전라남도,0,0,A2600015,영광종합병원,2614,D,26,7,10,58407624,3,3,26,2026-07-26T02:45:10.006256,10,13
2026-07-26 02:49:23,mediboard,전라남도,0,0,A2600070,영암한국병원,2615,D,26,7,8,58407626,0,1,26,2026-07-26T02:45:10.006256,7,9
2026-07-26 02:49:23,mediboard,전라남도,0,0,A2600032,완도대성병원,2616,D,26,3,5,58407467,1,1,26,2026-07-26T02:45:10.006256,4,6
2026-07-26 02:49:23,mediboard,전라남도,0,0,A2600034,의료법인 거명의료재단 영광기독병원,2614,D,26,8,10,58407520,1,1,26,2026-07-26T02:45:10.006256,9,11
2026-07-26 02:49:23,mediboard,전라남도,0,0,A2600017,의료법인목포구암의료재단목포중앙병원,2608,C,26,14,16,58407406,4,4,26,2026-07-26T02:45:10.006256,18,20
2026-07-26 02:49:23,mediboard,전라남도,0,0,A2600066,의료법인삼호의료재단벌교삼호병원,2610,D,26,6,6,58407358,1,1,26,2026-07-26T02:45:10.006256,7,7
2026-07-26 02:49:23,mediboard,전라남도,0,0,A2600051,의료법인신안대우병원,2612,D,26,4,4,58407677,1,1,26,2026-07-26T02:45:10.006256,5,5
2026-07-26 02:49:23,mediboard,전라남도,0,0,A2600018,의료법인영성의료재단고흥종합병원,2602,D,26,10,10,58407466,0,0,26,2026-07-26T02:45:10.006256,10,10
2026-07-26 02:49:23,mediboard,전라남도,0,0,A2600021,의료법인우범의료재단장흥종합병원,2618,D,26,9,9,58407673,1,1,26,2026-07-26T02:45:10.006256,10,10
2026-07-26 02:49:23,mediboard,전라남도,0,0,A2600068,의료법인장호의료재단녹동현대병원,2602,D,26,2,3,58407522,2,2,26,2026-07-26T02:45:10.006256,4,5
2026-07-26 02:49:23,mediboard,전라남도,0,0,A2600005,의료법인한국의료재단한국병원,2611,D,26,1,11,58407305,1,1,26,2026-07-26T02:45:10.006256,2,12
2026-07-26 02:49:23,mediboard,전라남도,0,0,A2600027,의료법인한마음의료재단여수제일병원,2613,D,26,9,9,58407519,1,1,26,2026-07-26T02:45:10.006256,10,10
2026-07-26 02:49:23,mediboard,전라남도,0,0,A2600035,의료법인행복나눔의료재단장성병원,2617,D,26,4,4,58407407,1,1,26,2026-07-26T02:45:10.006256,5,5
2026-07-26 02:49:23,mediboard,전라남도,0,0,A2600009,의료법인행촌의료재단해남종합병원,2621,D,26,8,10,58407671,1,1,26,2026-07-26T02:45:10.006256,9,11
2026-07-26 02:49:23,mediboard,전라남도,0,0,A2600024,의료법인현경의료재단광양서울병원,2604,D,26,9,9,58407675,1,1,26,2026-07-26T02:45:10.006256,10,10
2026-07-26 02:49:23,mediboard,전라남도,0,0,A2600037,장흥우리병원,2618,D,26,4,4,58407357,1,1,26,2026-07-26T02:45:10.006256,5,5
2026-07-26 02:49:23,mediboard,전라남도,0,0,A2600050,전라남도강진의료원,2601,D,26,8,9,58407575,1,1,26,2026-07-26T02:45:10.006256,9,10
2026-07-26 02:49:23,mediboard,전라남도,0,0,A2600056,전라남도순천의료원,2611,D,26,6,6,58407679,2,2,26,2026-07-26T02:45:10.006256,8,8
2026-07-26 02:49:23,mediboard,전라남도,0,0,A2600040,진도한국병원,2619,D,26,3,4,58407676,1,1,26,2026-07-26T02:45:10.006256,4,5
2026-07-26 02:49:23,mediboard,전라남도,0,0,A2600077,해남우리종합병원,2621,D,26,13,15,58407359,4,4,26,2026-07-26T02:45:10.006256,17,19
2026-07-26 02:49:23,mediboard,전라남도,1,1,A2600001,화순전남대학교병원,2622,C,26,16,16,58407405,7,7,26,2026-07-26T02:45:10.006256,24,24
2026-07-26 02:49:23,mediboard,경상북도,0,0,A2700018,경상북도김천의료원,2706,D,27,16,17,58407528,1,1,27,2026-07-26T02:45:10.006256,17,18
2026-07-26 02:49:23,mediboard,경상북도,0,0,A2700001,경상북도안동의료원,2711,D,27,5,6,58407307,2,2,27,2026-07-26T02:45:10.006256,7,8
2026-07-26 02:49:23,mediboard,경상북도,0,0,A2700005,경상북도포항의료원,2724,D,27,5,8,58407523,2,2,27,2026-07-26T02:45:10.006256,7,10
2026-07-26 02:49:23,mediboard,경상북도,0,0,A2700097,계명대학교경주동산병원,2702,D,27,8,9,58407576,1,1,27,2026-07-26T02:45:10.006256,9,10
2026-07-26 02:49:23,mediboard,경상북도,0,0,A2700015,구미강동병원,2704,D,27,6,7,58407527,3,3,27,2026-07-26T02:45:10.006256,9,10
2026-07-26 02:49:23,mediboard,경상북도,2,3,A2700003,동국대학교의과대학경주병원,2702,C,27,11,16,58407627,7,7,27,2026-07-26T02:45:10.006256,20,26
2026-07-26 02:49:23,mediboard,경상북도,0,0,A2700011,상주적십자병원,2709,D,27,7,9,58407680,1,1,27,2026-07-26T02:45:10.006256,8,10
2026-07-26 02:49:23,mediboard,경상북도,4,4,A2700013,순천향대학교부속구미병원,2704,C,27,8,13,58407411,3,3,27,2026-07-26T02:45:10.006256,15,20
2026-07-26 02:49:23,mediboard,경상북도,0,0,A2700004,안동성소병원,2711,C,27,9,12,58407308,7,8,27,2026-07-26T02:45:10.006256,16,20
2026-07-26 02:49:23,mediboard,경상북도,0,0,A2700008,에스포항병원,2723,D,27,6,6,58407525,1,1,27,2026-07-26T02:45:10.006256,7,7
2026-07-26 02:49:23,mediboard,경상북도,0,0,A2700017,영남대학교의과대학부속영천병원,2715,D,27,10,10,58407469,3,3,27,2026-07-26T02:45:10.006256,13,13
2026-07-26 02:49:23,mediboard,경상북도,0,0,A2700031,영주기독병원,2714,D,27,4,4,58407361,1,1,27,2026-07-26T02:45:10.006256,5,5
2026-07-26 02:49:23,mediboard,경상북도,0,0,A2700020,영주자인병원,2714,D,27,4,4,58407470,1,1,27,2026-07-26T02:45:10.006256,5,5
2026-07-26 02:49:23,mediboard,경상북도,0,0,A2702752,영주적십자병원,2714,D,27,8,10,58407413,1,1,27,2026-07-26T02:45:10.006256,9,11
2026-07-26 02:49:23,mediboard,경상북도,0,0,E2700553,울릉군보건의료원,2717,D,27,4,5,58407314,0,0,27,2026-07-26T02:45:10.006256,4,5
2026-07-26 02:49:23,mediboard,경상북도,0,0,A2700052,울진군의료원,2718,D,27,8,8,58407363,2,2,27,2026-07-26T02:45:10.006256,10,10
2026-07-26 02:49:23,mediboard,경상북도,0,0,A2700019,의)근원의료재단경산중앙병원,2701,D,27,8,10,58407360,2,2,27,2026-07-26T02:45:10.006256,10,12
2026-07-26 02:49:23,mediboard,경상북도,0,0,A2700038,의료법인대남의료재단청도대남병원,2720,D,27,10,10,58407681,0,0,27,2026-07-26T02:45:10.006256,10,10
2026-07-26 02:49:23,mediboard,경상북도,0,0,A2700012,의료법인덕산의료재단김천제일병원,2706,C,27,16,16,58407526,4,4,27,2026-07-26T02:45:10.006256,20,20
2026-07-26 02:49:23,mediboard,경상북도,0,0,A2700006,의료법인동춘의료재단문경제일병원,2707,C,27,17,17,58407524,2,3,27,2026-07-26T02:45:10.006256,19,20
2026-07-26 02:49:23,mediboard,경상북도,0,0,A2700009,의료법인삼백의료재단상주성모병원,2709,D,27,9,9,58407628,1,1,27,2026-07-26T02:45:10.006256,10,10
2026-07-26 02:49:23,mediboard,경상북도,0,0,A2700036,의료법인서명의료재단세명종합병원,2701,D,27,13,13,58407362,2,2,27,2026-07-26T02:45:10.006256,15,15
2026-07-26 02:49:23,mediboard,경상북도,0,0,A2700023,의료법인서준의료재단예천권병원,2716,D,27,6,6,58407412,1,1,27,2026-07-26T02:45:10.006256,7,7
2026-07-26 02:49:23,mediboard,경상북도,1,3,A2700014,의료법인안동병원,2711,A,27,11,17,58407309,5,5,27,2026-07-26T02:45:10.006256,17,25
2026-07-26 02:49:23,mediboard,경상북도,0,0,A2700070,의료법인영암의료재단고령영생병원,2703,D,27,5,5,58407472,1,1,27,2026-07-26T02:45:10.006256,6,6
2026-07-26 02:49:23,mediboard,경상북도,0,0,A2700063,의료법인영제의료재단영남제일병원,2719,D,27,4,5,58407471,1,1,27,2026-07-26T02:45:10.006256,5,6
2026-07-26 02:49:23,mediboard,경상북도,0,0,A2702563,의료법인은성의료재단좋은선린병원,2724,D,27,9,10,58407473,2,2,27,2026-07-26T02:45:10.006256,11,12
2026-07-26 02:49:23,mediboard,경상북도,4,5,A2700007,차의과학대학교부속구미차병원,2704,A,27,12,20,58407410,6,12,27,2026-07-26T02:45:10.006256,22,37
2026-07-26 02:49:23,mediboard,경상북도,0,0,E2700554,청송군보건의료원,2721,D,27,5,5,58407537,1,1,27,2026-07-26T02:45:10.006256,6,6
2026-07-26 02:49:23,mediboard,경상북도,11,11,A2700016,포항성모병원,2723,A,27,8,20,58407468,5,15,27,2026-07-26T02:45:10.006256,24,46
2026-07-26 02:49:23,mediboard,경상북도,0,0,A2700002,포항세명기독병원,2723,C,27,13,15,58407409,10,10,27,2026-07-26T02:45:10.006256,23,25
2026-07-26 02:49:23,mediboard,경상남도,0,0,A2800032,강병원,2803,D,28,9,9,58407579,1,1,28,2026-07-26T02:45:10.006256,10,10
2026-07-26 02:49:23,mediboard,경상남도,0,0,A2803677,강일병원,2804,D,28,8,8,58407418,3,3,28,2026-07-26T02:45:10.006256,11,11
2026-07-26 02:49:23,mediboard,경상남도,0,0,A2800076,거창적십자병원,2802,D,28,7,9,58407582,1,1,28,2026-07-26T02:45:10.006256,8,10
2026-07-26 02:49:23,mediboard,경상남도,3,3,A2800001,경상국립대학교병원,2811,A,28,17,30,58407629,5,5,28,2026-07-26T02:45:10.006256,25,38
2026-07-26 02:49:23,mediboard,경상남도,0,0,A2800025,경상남도마산의료원,2813,D,28,11,13,58407416,2,2,28,2026-07-26T02:45:10.006256,13,15
2026-07-26 02:49:23,mediboard,경상남도,0,0,A2800113,밀양병원,2806,D,28,7,8,58407634,1,1,28,2026-07-26T02:45:10.006256,8,9
2026-07-26 02:49:23,mediboard,경상남도,0,0,A2800084,반도병원,2811,D,28,7,7,58407534,1,1,28,2026-07-26T02:45:10.006256,8,8
2026-07-26 02:49:23,mediboard,경상남도,0,0,A2800019,베데스다복음병원,2809,D,28,9,9,58407631,1,1,28,2026-07-26T02:45:10.006256,10,10
2026-07-26 02:49:23,mediboard,경상남도,0,0,E2800380,산청군보건의료원,2808,D,28,5,5,58407422,1,1,28,2026-07-26T02:45:10.006256,6,6
2026-07-26 02:49:23,mediboard,경상남도,0,0,A2800055,삼성합천병원,2822,D,28,4,4,58407580,1,1,28,2026-07-26T02:45:10.006256,5,5
2026-07-26 02:49:23,mediboard,경상남도,0,0,A2800101,삼천포제일병원,2807,D,28,8,8,58407417,2,2,28,2026-07-26T02:45:10.006256,10,10
2026-07-26 02:49:23,mediboard,경상남도,0,0,A2800092,새통영병원,2818,D,28,8,9,58407366,1,1,28,2026-07-26T02:45:10.006256,9,10
2026-07-26 02:49:23,mediboard,경상남도,9,10,A2800011,양산부산대학교병원,2809,A,28,12,23,58407474,7,8,28,2026-07-26T02:45:10.006256,26,39
2026-07-26 02:49:23,mediboard,경상남도,0,0,A2804593,양산성모병원,2809,D,28,12,13,58407419,1,1,28,2026-07-26T02:45:10.006256,13,14
2026-07-26 02:49:23,mediboard,경상남도,0,0,A2800021,연세에스병원,2817,D,28,9,9,58407365,1,1,28,2026-07-26T02:45:10.006256,10,10
2026-07-26 02:49:23,mediboard,경상남도,0,0,A2800090,의령병원,2810,D,28,4,4,58407476,1,1,28,2026-07-26T02:45:10.006256,5,5
2026-07-26 02:49:23,mediboard,경상남도,0,0,A2800008,의료법인 거붕 백병원,2801,D,28,9,9,58407530,1,1,28,2026-07-26T02:45:10.006256,10,10
2026-07-26 02:49:23,mediboard,경상남도,0,0,A2800005,의료법인 대우의료재단대우병원,2801,D,28,8,9,58407310,1,1,28,2026-07-26T02:45:10.006256,9,10
2026-07-26 02:49:23,mediboard,경상남도,0,0,A2800015,의료법인 문병욱의료재단 진주고려병원,2811,D,28,9,10,58407630,1,1,28,2026-07-26T02:45:10.006256,10,11
2026-07-26 02:49:23,mediboard,경상남도,0,0,A2800022,의료법인 성념의료재단맑은샘병원,2801,D,28,8,9,58407682,1,1,28,2026-07-26T02:45:10.006256,9,10
2026-07-26 02:49:23,mediboard,경상남도,0,0,A2800094,의료법인 이도의료재단 남해병원,2805,D,28,7,8,58407477,2,2,28,2026-07-26T02:45:10.006256,9,10
2026-07-26 02:49:23,mediboard,경상남도,0,0,A2800014,의료법인갑을의료재단 갑을장유병원,2804,D,28,7,9,58407532,1,1,28,2026-07-26T02:45:10.006256,8,10
2026-07-26 02:49:23,mediboard,경상남도,0,0,A2800006,의료법인숭인의료재단 김해복음병원,2804,C,28,16,16,58407577,4,4,28,2026-07-26T02:45:10.006256,20,20
2026-07-26 02:49:23,mediboard,경상남도,0,0,A2800068,의료법인승연의료재단 삼천포서울병원,2807,D,28,8,9,58407581,1,1,28,2026-07-26T02:45:10.006256,9,10
2026-07-26 02:49:23,mediboard,경상남도,0,0,A2800009,의료법인청아의료재단청아병원,2814,D,28,8,9,58407531,1,1,28,2026-07-26T02:45:10.006256,9,10
2026-07-26 02:49:23,mediboard,경상남도,0,0,A2800017,의료법인합포의료재단에스엠지연세병원,2813,C,28,14,17,58407475,3,3,28,2026-07-26T02:45:10.006256,17,20
2026-07-26 02:49:23,mediboard,경상남도,0,0,A2800010,의료법인환명의료재단 조은금강병원,2804,C,28,15,17,58407415,3,3,28,2026-07-26T02:45:10.006256,18,20
2026-07-26 02:49:23,mediboard,경상남도,0,0,A2800003,제일병원,2811,C,28,12,17,58407414,3,3,28,2026-07-26T02:45:10.006256,15,20
2026-07-26 02:49:23,mediboard,경상남도,0,0,A2800037,진주복음병원,2811,D,28,7,9,58407311,1,1,28,2026-07-26T02:45:10.006256,8,10
2026-07-26 02:49:23,mediboard,경상남도,0,0,A2803505,창원경상국립대학교병원,2815,C,28,18,18,58407367,3,10,28,2026-07-26T02:45:10.006256,21,28
2026-07-26 02:49:23,mediboard,경상남도,0,0,A2800004,창원파티마병원,2816,C,28,7,17,58407529,3,3,28,2026-07-26T02:45:10.006256,10,20
2026-07-26 02:49:23,mediboard,경상남도,0,0,A2800007,창원한마음병원,2816,C,28,8,21,58407578,2,4,28,2026-07-26T02:45:10.006256,10,25
2026-07-26 02:49:23,mediboard,경상남도,0,0,A2800062,태황의료재단한성병원,2812,D,28,9,9,58407633,1,1,28,2026-07-26T02:45:10.006256,10,10
2026-07-26 02:49:23,mediboard,경상남도,8,8,A2800020,학교법인성균관대학삼성창원병원,2814,A,28,18,27,58407364,5,5,28,2026-07-26T02:45:10.006256,31,40
2026-07-26 02:49:23,mediboard,경상남도,0,0,A2800043,한일병원,2811,C,28,16,17,58407632,3,3,28,2026-07-26T02:45:10.006256,19,20
2026-07-26 02:49:23,mediboard,경상남도,0,0,A2800080,함양성심병원,2821,D,28,4,4,58407533,1,1,28,2026-07-26T02:45:10.006256,5,5
2026-07-26 02:49:23,mediboard,제주특별자치도,0,0,A2900003,의료법인 혜인의료재단 한국병원,2902,D,29,2,9,58407583,1,1,29,2026-07-26T02:45:10.006256,3,10
2026-07-26 02:49:23,mediboard,제주특별자치도,1,1,A2900006,의료법인중앙의료재단중앙병원,2902,C,29,5,16,58407420,3,3,29,2026-07-26T02:45:10.006256,9,20
2026-07-26 02:49:23,mediboard,제주특별자치도,0,0,A2900007,제주대학교병원,2902,C,29,5,20,58407535,3,6,29,2026-07-26T02:45:10.006256,8,26
2026-07-26 02:49:23,mediboard,제주특별자치도,4,4,A2900002,제주특별자치도서귀포의료원,2901,C,29,14,16,58407368,5,5,29,2026-07-26T02:45:10.006256,23,25
2026-07-26 02:49:23,mediboard,제주특별자치도,3,3,A2900001,제주한라병원,2902,A,29,11,17,58407683,5,5,29,2026-07-26T02:45:10.006256,19,25
2026-07-26 02:49:23,mediboard,제주특별자치도,0,0,A2900005,한마음병원,2902,C,29,6,17,58407635,2,3,29,2026-07-26T02:45:10.006256,8,20
2026-07-26 03:51:12,mediboard,서울특별시,0,0,A1100011,가톨릭대학교여의도성모병원,1120,C,11,15,15,58412833,5,5,11,2026-07-26T03:50:10.004899,20,20
2026-07-26 03:51:12,mediboard,서울특별시,8,8,A1121013,가톨릭대학교은평성모병원,1122,C,11,14,24,58413052,3,4,11,2026-07-26T03:50:10.004899,25,36
2026-07-26 03:51:12,mediboard,서울특별시,3,3,A1100043,강동경희대학교병원,1102,A,11,6,15,58412726,3,5,11,2026-07-26T03:50:10.004899,12,23
2026-07-26 03:51:12,mediboard,서울특별시,2,2,A1100006,강북삼성병원,1123,C,11,10,15,58413046,3,3,11,2026-07-26T03:50:10.004899,15,20
2026-07-26 03:51:12,mediboard,서울특별시,4,4,A1100002,건국대학교병원,1106,C,11,9,20,58412946,3,3,11,2026-07-26T03:50:10.004899,16,27
2026-07-26 03:51:12,mediboard,서울특별시,0,0,A1100039,경찰병원,1118,D,11,3,3,58412951,2,2,11,2026-07-26T03:50:10.004899,5,5
2026-07-26 03:51:12,mediboard,서울특별시,3,3,A1100001,경희대학교병원,1111,C,11,11,15,58412888,5,5,11,2026-07-26T03:50:10.004899,19,23
2026-07-26 03:51:12,mediboard,서울특별시,3,3,A1100014,고려대학교의과대학부속구로병원,1107,A,11,18,29,58412834,4,5,11,2026-07-26T03:50:10.004899,25,37
2026-07-26 03:51:12,mediboard,서울특별시,0,0,A1100026,구로성심병원,1107,D,11,8,9,58413049,1,1,11,2026-07-26T03:50:10.004899,9,10
2026-07-26 03:51:12,mediboard,서울특별시,3,3,A1100052,국립중앙의료원,1124,C,11,13,17,58412997,10,10,11,2026-07-26T03:50:10.004899,26,30
2026-07-26 03:51:12,mediboard,서울특별시,0,0,A1122033,기쁨병원,1115,D,11,2,4,58412681,1,1,11,2026-07-26T03:50:10.004899,3,5
2026-07-26 03:51:12,mediboard,서울특별시,0,0,A1100048,노원을지대학교병원,1109,C,11,14,17,58412679,5,5,11,2026-07-26T03:50:10.004899,19,22
2026-07-26 03:51:12,mediboard,서울특별시,0,0,A1100044,녹색병원,1125,D,11,4,5,58412996,5,5,11,2026-07-26T03:50:10.004899,9,10
2026-07-26 03:51:12,mediboard,서울특별시,0,0,A1100037,대림성모병원,1120,D,11,8,8,58412837,2,2,11,2026-07-26T03:50:10.004899,10,10
2026-07-26 03:51:12,mediboard,서울특별시,0,0,A1100024,명지성모병원,1120,D,11,6,8,58412677,2,2,11,2026-07-26T03:50:10.004899,8,10
2026-07-26 03:51:12,mediboard,서울특별시,0,0,A1100036,부민병원,1104,D,11,9,10,58413050,1,1,11,2026-07-26T03:50:10.004899,10,11
2026-07-26 03:51:12,mediboard,서울특별시,3,4,A1100010,삼성서울병원,1101,C,11,14,52,58412947,4,4,11,2026-07-26T03:50:10.004899,21,60
2026-07-26 03:51:12,mediboard,서울특별시,0,0,A1100021,삼육서울병원,1111,C,11,11,13,58412948,6,7,11,2026-07-26T03:50:10.004899,17,20
2026-07-26 03:51:12,mediboard,서울특별시,11,12,A1100017,서울대학교병원,1123,A,11,-3,24,58412676,8,8,11,2026-07-26T03:50:10.004899,14,42
2026-07-26 03:51:12,mediboard,서울특별시,0,0,A1100050,서울성심병원,1111,D,11,17,17,58412952,3,3,11,2026-07-26T03:50:10.004899,20,20
2026-07-26 03:51:12,mediboard,서울특별시,0,0,A1100029,서울적십자병원,1123,D,11,9,10,58412780,1,1,11,2026-07-26T03:50:10.004899,10,11
2026-07-26 03:51:12,mediboard,서울특별시,0,0,A1100022,서울특별시동부병원,1111,D,11,8,8,58412723,2,2,11,2026-07-26T03:50:10.004899,10,10
2026-07-26 03:51:12,mediboard,서울특별시,3,3,A1100040,서울특별시보라매병원,1112,C,11,16,31,58412781,3,3,11,2026-07-26T03:50:10.004899,22,37
2026-07-26 03:51:12,mediboard,서울특별시,0,0,A1100223,서울특별시서남병원,1119,D,11,17,17,58412727,3,3,11,2026-07-26T03:50:10.004899,20,20
2026-07-26 03:51:12,mediboard,서울특별시,3,3,A1100035,서울특별시서울의료원,1125,A,11,12,19,58412950,5,5,11,2026-07-26T03:50:10.004899,20,27
2026-07-26 03:51:12,mediboard,서울특별시,0,0,A1100028,성심의료재단강동성심병원,1102,C,11,11,15,58412949,9,9,11,2026-07-26T03:50:10.004899,20,24
2026-07-26 03:51:12,mediboard,서울특별시,0,0,A1100054,성애의료재단성애병원,1120,C,11,12,15,58412998,5,11,11,2026-07-26T03:50:10.004899,17,26
2026-07-26 03:51:12,mediboard,서울특별시,0,0,A1100032,세란병원,1123,D,11,8,10,58412836,1,1,11,2026-07-26T03:50:10.004899,9,11
2026-07-26 03:51:12,mediboard,서울특별시,4,4,A1100004,순천향대학교부속서울병원,1121,C,11,16,20,58412832,3,3,11,2026-07-26T03:50:10.004899,23,27
2026-07-26 03:51:12,mediboard,서울특별시,0,0,A1100045,씨엠병원,1120,D,11,9,9,58412892,1,1,11,2026-07-26T03:50:10.004899,10,10
2026-07-26 03:51:12,mediboard,서울특별시,2,2,A1100015,연세대학교의과대학강남세브란스병원,1101,C,11,10,21,58413048,2,3,11,2026-07-26T03:50:10.004899,14,26
2026-07-26 03:51:12,mediboard,서울특별시,6,10,A1100007,연세대학교의과대학세브란스병원,1114,C,11,16,39,58412993,6,6,11,2026-07-26T03:50:10.004899,26,53
2026-07-26 03:51:12,mediboard,서울특별시,0,0,A1100025,의료법인동신의료재단동신병원,1114,D,11,6,9,58412995,1,1,11,2026-07-26T03:50:10.004899,7,10
2026-07-26 03:51:12,mediboard,서울특별시,0,0,A1100041,의료법인서울효천의료재단에이치플러스양지병원,1105,C,11,18,18,58412725,3,3,11,2026-07-26T03:50:10.004899,21,21
2026-07-26 03:51:12,mediboard,서울특별시,0,0,A1100023,의료법인청구성심병원,1122,D,11,10,10,58412724,1,1,11,2026-07-26T03:50:10.004899,11,11
2026-07-26 03:51:12,mediboard,서울특별시,0,0,A1100075,의료법인풍산의료재단동부제일병원,1125,D,11,7,7,58412680,1,1,11,2026-07-26T03:50:10.004899,8,8
2026-07-26 03:51:12,mediboard,서울특별시,2,2,A1100020,의료법인한전의료재단한일병원,1110,C,11,13,21,58412891,4,4,11,2026-07-26T03:50:10.004899,19,27
2026-07-26 03:51:12,mediboard,서울특별시,8,8,A1100005,이화여자대학교의과대학부속목동병원,1119,A,11,9,19,58412992,6,6,11,2026-07-26T03:50:10.004899,23,33
2026-07-26 03:51:12,mediboard,서울특별시,7,9,A1120796,이화여자대학교의과대학부속서울병원,1104,C,11,8,14,58412953,8,8,11,2026-07-26T03:50:10.004899,23,31
2026-07-26 03:51:12,mediboard,서울특별시,0,0,A1100016,인제대학교상계백병원,1109,C,11,9,16,58412994,6,7,11,2026-07-26T03:50:10.004899,15,23
2026-07-26 03:51:12,mediboard,서울특별시,3,14,A1100009,재단법인아산사회복지재단서울아산병원,1118,C,11,12,36,58412890,10,26,11,2026-07-26T03:50:10.004899,23,73
2026-07-26 03:51:12,mediboard,서울특별시,3,4,A1100003,중앙대학교병원,1112,C,11,11,18,58412831,0,0,11,2026-07-26T03:50:10.004899,14,22
2026-07-26 03:51:12,mediboard,서울특별시,6,9,A1100012,학교법인가톨릭학원가톨릭대학교서울성모병원,1115,C,11,-4,28,58412779,4,8,11,2026-07-26T03:50:10.004899,4,43
2026-07-26 03:51:12,mediboard,서울특별시,4,4,A1100008,학교법인고려중앙학원고려대학교의과대학부속병원(안암병원),1117,A,11,16,30,58412889,6,9,11,2026-07-26T03:50:10.004899,26,43
2026-07-26 03:51:12,mediboard,서울특별시,0,0,A1100053,한국보훈복지의료공단중앙보훈병원,1102,C,11,20,22,58412838,3,3,11,2026-07-26T03:50:10.004899,23,25
2026-07-26 03:51:12,mediboard,서울특별시,0,0,A1100027,한국원자력의학원원자력병원,1109,D,11,9,9,58412678,2,3,11,2026-07-26T03:50:10.004899,11,12
2026-07-26 03:51:12,mediboard,서울특별시,3,3,A1100055,한림대학교강남성심병원,1120,C,11,17,20,58412894,5,5,11,2026-07-26T03:50:10.004899,25,28
2026-07-26 03:51:12,mediboard,서울특별시,3,3,A1100013,한양대학교병원,1116,A,11,15,20,58413047,6,12,11,2026-07-26T03:50:10.004899,24,35
2026-07-26 03:51:12,mediboard,서울특별시,0,0,A1100051,혜민병원,1106,D,11,9,9,58412893,1,1,11,2026-07-26T03:50:10.004899,10,10
2026-07-26 03:51:12,mediboard,서울특별시,0,0,A1100019,홍익병원,1119,D,11,6,9,58412835,1,1,11,2026-07-26T03:50:10.004899,7,10
2026-07-26 03:51:12,mediboard,서울특별시,0,0,A1100049,희명병원,1108,D,11,8,10,58413051,1,1,11,2026-07-26T03:50:10.004899,9,11
2026-07-26 03:51:12,mediboard,부산광역시,0,0,A1200028,(의)서일의료재단기장병원,1203,D,12,8,9,58412955,1,1,12,2026-07-26T03:50:10.004899,9,10
2026-07-26 03:51:12,mediboard,부산광역시,0,0,A1200004,고신대학교복음병원,1211,C,12,20,25,58412728,5,5,12,2026-07-26T03:50:10.004899,25,30
2026-07-26 03:51:12,mediboard,부산광역시,0,0,A1200045,구포성심병원,1208,D,12,6,9,58412786,1,1,12,2026-07-26T03:50:10.004899,7,10
2026-07-26 03:51:12,mediboard,부산광역시,3,3,A1200018,대동병원,1206,C,12,14,15,58412841,2,3,12,2026-07-26T03:50:10.004899,19,21
2026-07-26 03:51:12,mediboard,부산광역시,0,0,A1200015,동남권원자력의학원원자력병원,1203,D,12,9,9,58412898,1,1,12,2026-07-26T03:50:10.004899,10,10
2026-07-26 03:51:12,mediboard,부산광역시,0,0,A1200011,동래봉생병원,1206,D,12,5,8,58413001,2,2,12,2026-07-26T03:50:10.004899,7,10
2026-07-26 03:51:12,mediboard,부산광역시,3,3,A1200003,동아대학교병원,1211,A,12,20,26,58413053,8,8,12,2026-07-26T03:50:10.004899,31,37
2026-07-26 03:51:12,mediboard,부산광역시,0,0,A1200024,부산광역시의료원,1213,D,12,15,18,58413003,2,8,12,2026-07-26T03:50:10.004899,17,26
2026-07-26 03:51:12,mediboard,부산광역시,3,3,A1200002,부산대학교병원,1211,C,12,17,19,58412682,3,3,12,2026-07-26T03:50:10.004899,23,25
2026-07-26 03:51:12,mediboard,부산광역시,4,4,A1200013,부산성모병원(재단법인 천주교부산교구유지재단),1204,D,12,9,10,58412897,5,5,12,2026-07-26T03:50:10.004899,18,19
2026-07-26 03:51:12,mediboard,부산광역시,0,0,A1200007,비에이치에스한서병원,1212,C,12,16,17,58412896,3,3,12,2026-07-26T03:50:10.004899,19,20
2026-07-26 03:51:12,mediboard,부산광역시,0,0,A1200021,삼육부산병원,1211,D,12,7,9,58412784,1,1,12,2026-07-26T03:50:10.004899,8,10
2026-07-26 03:51:12,mediboard,부산광역시,0,0,A1200014,영도병원,1214,D,12,7,7,58412783,2,2,12,2026-07-26T03:50:10.004899,9,9
2026-07-26 03:51:12,mediboard,부산광역시,0,0,A1200009,의료법인 광혜의료재단 광혜병원,1206,D,12,8,9,58413000,3,3,12,2026-07-26T03:50:10.004899,11,12
2026-07-26 03:51:12,mediboard,부산광역시,0,0,A1200098,의료법인 센텀의료재단 센텀종합병원,1212,D,12,6,9,58412899,1,1,12,2026-07-26T03:50:10.004899,7,10
2026-07-26 03:51:12,mediboard,부산광역시,0,0,A1200020,의료법인 온그룹의료재단 온병원,1207,C,12,19,20,58412683,3,3,12,2026-07-26T03:50:10.004899,22,23
2026-07-26 03:51:12,mediboard,부산광역시,0,0,A1200008,의료법인 은성의료재단 좋은강안병원,1212,D,12,15,18,58412839,3,3,12,2026-07-26T03:50:10.004899,18,21
2026-07-26 03:51:12,mediboard,부산광역시,1,1,A1200005,의료법인 은성의료재단 좋은삼선병원,1209,C,12,9,13,58412782,6,6,12,2026-07-26T03:50:10.004899,16,20
2026-07-26 03:51:12,mediboard,부산광역시,0,0,A1200006,의료법인 인당의료재단 부민병원,1208,D,12,8,10,58412999,2,2,12,2026-07-26T03:50:10.004899,10,12
2026-07-26 03:51:12,mediboard,부산광역시,0,0,A1205143,의료법인 인당의료재단 해운대부민병원,1216,D,12,9,9,58412956,1,1,12,2026-07-26T03:50:10.004899,10,10
2026-07-26 03:51:12,mediboard,부산광역시,0,0,A1200012,의료법인 행도의료재단 해동병원,1214,D,12,6,6,58412729,1,1,12,2026-07-26T03:50:10.004899,7,7
2026-07-26 03:51:12,mediboard,부산광역시,0,0,A1200017,의료법인정화의료재단 봉생기념병원,1205,D,12,7,9,58412840,2,2,12,2026-07-26T03:50:10.004899,9,11
2026-07-26 03:51:12,mediboard,부산광역시,2,3,A1200022,인제대학교 해운대백병원,1216,A,12,18,29,58412954,3,5,12,2026-07-26T03:50:10.004899,23,37
2026-07-26 03:51:12,mediboard,부산광역시,0,0,A1200001,인제대학교부산백병원,1207,C,12,16,18,58412895,3,3,12,2026-07-26T03:50:10.004899,19,21
2026-07-26 03:51:12,mediboard,부산광역시,0,0,A1200023,재단법인천주교부산교구유지재단 메리놀병원,1215,D,12,8,9,58412785,1,1,12,2026-07-26T03:50:10.004899,9,10
2026-07-26 03:51:12,mediboard,부산광역시,2,2,A1200026,좋은문화병원,1205,D,12,3,7,58412685,2,3,12,2026-07-26T03:50:10.004899,7,12
2026-07-26 03:51:12,mediboard,부산광역시,0,0,A1200025,학교법인 춘해병원,1207,D,12,6,9,58412684,1,1,12,2026-07-26T03:50:10.004899,7,10
2026-07-26 03:51:12,mediboard,부산광역시,0,0,A1200019,학교법인)동의병원,1207,D,12,12,14,58412730,1,1,12,2026-07-26T03:50:10.004899,13,15
2026-07-26 03:51:12,mediboard,부산광역시,0,0,A1200016,한국보훈복지의료공단 부산보훈병원,1209,D,12,11,11,58413002,2,2,12,2026-07-26T03:50:10.004899,13,13
2026-07-26 03:51:12,mediboard,인천광역시,0,0,A1300081,(재)미리내천주성삼성직수도회천주성삼병원,1307,D,13,7,9,58412901,1,2,13,2026-07-26T03:50:10.004899,8,11
2026-07-26 03:51:12,mediboard,인천광역시,0,0,A1300018,강남종합병원,1304,D,13,14,15,58413008,1,1,13,2026-07-26T03:50:10.004899,15,16
2026-07-26 03:51:12,mediboard,인천광역시,4,4,A1300002,경북대학교병원,1308,A,13,16,27,58413004,5,5,13,2026-07-26T03:50:10.004899,25,36
2026-07-26 03:51:12,mediboard,인천광역시,0,0,A1303386,계명대학교대구동산병원,1308,D,13,11,12,58412732,2,2,13,2026-07-26T03:50:10.004899,13,14
2026-07-26 03:51:12,mediboard,인천광역시,0,0,A1300003,계명대학교동산병원,1302,C,13,8,20,58412686,5,5,13,2026-07-26T03:50:10.004899,13,25
2026-07-26 03:51:12,mediboard,인천광역시,0,0,A1300008,곽병원,1308,D,13,9,10,58413007,2,2,13,2026-07-26T03:50:10.004899,11,12
2026-07-26 03:51:12,mediboard,인천광역시,0,0,A1300038,나사렛종합병원,1302,D,13,8,9,58413054,4,10,13,2026-07-26T03:50:10.004899,12,19
2026-07-26 03:51:12,mediboard,인천광역시,0,0,A1300004,대구가톨릭대학교병원,1301,C,13,11,24,58412788,4,4,13,2026-07-26T03:50:10.004899,15,28
2026-07-26 03:51:12,mediboard,인천광역시,0,0,A1300005,대구가톨릭대학교칠곡가톨릭병원,1305,D,13,4,9,58413005,1,1,13,2026-07-26T03:50:10.004899,5,10
2026-07-26 03:51:12,mediboard,인천광역시,0,0,A1300076,대구굿모닝병원,1306,D,13,16,17,58413009,2,2,13,2026-07-26T03:50:10.004899,18,19
2026-07-26 03:51:12,mediboard,인천광역시,0,0,A1300007,대구의료원,1306,D,13,17,18,58413006,2,2,13,2026-07-26T03:50:10.004899,19,20
2026-07-26 03:51:12,mediboard,인천광역시,4,5,A1300009,대구파티마병원,1304,C,13,3,25,58412789,6,7,13,2026-07-26T03:50:10.004899,13,37
2026-07-26 03:51:12,mediboard,인천광역시,0,0,A1300110,더블유병원,1302,D,13,10,10,58412842,1,1,13,2026-07-26T03:50:10.004899,11,11
2026-07-26 03:51:12,mediboard,인천광역시,0,0,A1300034,드림종합병원,1301,D,13,8,8,58412900,2,2,13,2026-07-26T03:50:10.004899,10,10
2026-07-26 03:51:12,mediboard,인천광역시,0,0,A1300045,삼일병원,1302,D,13,11,14,58412791,1,1,13,2026-07-26T03:50:10.004899,12,15
2026-07-26 03:51:12,mediboard,인천광역시,3,3,A1300001,영남대학교병원,1301,A,13,20,28,58412787,5,5,13,2026-07-26T03:50:10.004899,28,36
2026-07-26 03:51:12,mediboard,인천광역시,0,0,A1300006,의료법인구의료재단구병원,1302,D,13,7,10,58412731,1,1,13,2026-07-26T03:50:10.004899,8,11
2026-07-26 03:51:12,mediboard,인천광역시,7,9,A1300010,칠곡경북대학교병원,1305,C,13,17,23,58412957,6,6,13,2026-07-26T03:50:10.004899,28,36
2026-07-26 03:51:12,mediboard,인천광역시,0,0,A1300011,한국보훈복지의료공단대구보훈병원,1302,D,13,10,12,58412790,2,2,13,2026-07-26T03:50:10.004899,12,14
2026-07-26 03:51:12,mediboard,대구광역시,0,0,A1400008,(의)성세의료재단 뉴성민병원,1407,D,14,9,9,58412734,1,1,14,2026-07-26T03:50:10.004899,10,10
2026-07-26 03:51:12,mediboard,대구광역시,3,3,A1400015,가톨릭관동대학교국제성모병원,1407,C,14,16,23,58412845,5,5,14,2026-07-26T03:50:10.004899,24,31
2026-07-26 03:51:12,mediboard,대구광역시,3,4,A1400012,가톨릭대학교 인천성모병원,1406,C,14,14,19,58412959,7,8,14,2026-07-26T03:50:10.004899,24,31
2026-07-26 03:51:12,mediboard,대구광역시,0,0,A1400010,검단탑병원,1407,C,14,18,18,58412687,3,3,14,2026-07-26T03:50:10.004899,21,21
2026-07-26 03:51:12,mediboard,대구광역시,0,0,A1403617,비에스종합병원,1401,D,14,10,10,58412904,1,1,14,2026-07-26T03:50:10.004899,11,11
2026-07-26 03:51:12,mediboard,대구광역시,0,0,A1400013,안은의료재단 부평세림병원,1406,C,14,15,16,58412844,4,4,14,2026-07-26T03:50:10.004899,19,20
2026-07-26 03:51:12,mediboard,대구광역시,0,0,A1400005,온누리병원,1407,D,14,8,9,58412958,2,2,14,2026-07-26T03:50:10.004899,10,11
2026-07-26 03:51:12,mediboard,대구광역시,5,11,A1400001,의료법인 길의료재단 길병원,1404,A,14,17,25,58413010,7,7,14,2026-07-26T03:50:10.004899,27,41
2026-07-26 03:51:12,mediboard,대구광역시,0,0,A1400011,의료법인 나사렛의료재단 나사렛국제병원,1408,C,14,16,17,58412688,3,5,14,2026-07-26T03:50:10.004899,19,22
2026-07-26 03:51:12,mediboard,대구광역시,0,0,A1400003,의료법인 루가의료재단 나은병원,1407,C,14,7,11,58412733,10,10,14,2026-07-26T03:50:10.004899,17,21
2026-07-26 03:51:12,mediboard,대구광역시,0,0,A1400007,의료법인 성수의료재단 인천백병원,1405,D,14,5,5,58412843,1,1,14,2026-07-26T03:50:10.004899,6,6
2026-07-26 03:51:12,mediboard,대구광역시,0,0,A1400014,의료법인인성의료재단한림병원,1402,C,14,11,17,58412960,4,4,14,2026-07-26T03:50:10.004899,15,21
2026-07-26 03:51:12,mediboard,대구광역시,0,0,A1400017,인천광역시의료원,1405,D,14,15,15,58412736,2,2,14,2026-07-26T03:50:10.004899,17,17
2026-07-26 03:51:12,mediboard,대구광역시,0,0,A1400037,인천광역시의료원백령병원,1409,D,14,5,5,58412847,1,1,14,2026-07-26T03:50:10.004899,6,6
2026-07-26 03:51:12,mediboard,대구광역시,0,0,A1400009,인천기독병원,1410,D,14,8,8,58412735,1,1,14,2026-07-26T03:50:10.004899,9,9
2026-07-26 03:51:12,mediboard,대구광역시,0,0,A1400016,인천사랑병원,1403,C,14,10,14,58412902,7,7,14,2026-07-26T03:50:10.004899,17,21
2026-07-26 03:51:12,mediboard,대구광역시,0,0,A1403372,인천세종병원,1402,C,14,16,18,58412903,3,3,14,2026-07-26T03:50:10.004899,19,21
2026-07-26 03:51:12,mediboard,대구광역시,0,0,A1400018,인천적십자병원,1408,D,14,8,8,58412846,2,2,14,2026-07-26T03:50:10.004899,10,10
2026-07-26 03:51:12,mediboard,대구광역시,0,0,A1403871,인천힘찬종합병원,1404,D,14,16,17,58412961,3,6,14,2026-07-26T03:50:10.004899,19,23
2026-07-26 03:51:12,mediboard,대구광역시,6,9,A1400002,인하대학교의과대학부속병원,1410,A,14,13,20,58412792,9,9,14,2026-07-26T03:50:10.004899,26,36
2026-07-26 03:51:12,mediboard,대구광역시,0,0,A1400004,현대유비스병원,1403,D,14,18,18,58413011,1,1,14,2026-07-26T03:50:10.004899,19,19
2026-07-26 03:51:12,mediboard,광주광역시,7,7,A1500019,KS병원,1501,C,15,15,15,58412962,3,3,15,2026-07-26T03:50:10.004899,25,25
2026-07-26 03:51:12,mediboard,광주광역시,0,0,A1500021,광주기독병원,1502,C,15,13,20,58412963,3,6,15,2026-07-26T03:50:10.004899,16,26
2026-07-26 03:51:12,mediboard,광주광역시,0,0,A1500015,광주병원,1504,D,15,7,10,58412691,1,1,15,2026-07-26T03:50:10.004899,8,11
2026-07-26 03:51:12,mediboard,광주광역시,0,0,A1500004,광주보훈병원,1501,D,15,12,14,58412793,2,2,15,2026-07-26T03:50:10.004899,14,16
2026-07-26 03:51:12,mediboard,광주광역시,0,0,A1502007,광주센트럴병원,1501,D,15,9,10,58413015,1,1,15,2026-07-26T03:50:10.004899,10,11
2026-07-26 03:51:12,mediboard,광주광역시,0,0,A1500018,광주수완병원,1501,D,15,6,9,58412692,0,1,15,2026-07-26T03:50:10.004899,6,10
2026-07-26 03:51:12,mediboard,광주광역시,0,0,A1500009,광주씨티병원,1502,D,15,10,10,58412689,1,1,15,2026-07-26T03:50:10.004899,11,11
2026-07-26 03:51:12,mediboard,광주광역시,0,0,A1500005,광주일곡병원,1504,D,15,8,9,58413055,1,1,15,2026-07-26T03:50:10.004899,9,10
2026-07-26 03:51:12,mediboard,광주광역시,0,0,A1500016,광주한국병원,1505,D,15,14,15,58412907,1,1,15,2026-07-26T03:50:10.004899,15,16
2026-07-26 03:51:12,mediboard,광주광역시,0,0,A1500003,광주현대병원,1504,D,15,6,9,58412905,2,2,15,2026-07-26T03:50:10.004899,8,11
2026-07-26 03:51:12,mediboard,광주광역시,0,0,A1500007,광주희망병원,1504,D,15,9,9,58412737,1,1,15,2026-07-26T03:50:10.004899,10,10
2026-07-26 03:51:12,mediboard,광주광역시,0,0,A1500013,동아병원,1502,D,15,9,9,58412690,1,1,15,2026-07-26T03:50:10.004899,10,10
2026-07-26 03:51:12,mediboard,광주광역시,0,0,A1500014,미래로21병원,1505,D,15,7,9,58412906,1,1,15,2026-07-26T03:50:10.004899,8,10
2026-07-26 03:51:12,mediboard,광주광역시,0,0,A1500022,상무병원,1505,D,15,8,9,58413014,1,1,15,2026-07-26T03:50:10.004899,9,10
2026-07-26 03:51:12,mediboard,광주광역시,2,2,A1500020,서광병원,1505,C,15,15,18,58413058,3,3,15,2026-07-26T03:50:10.004899,20,23
2026-07-26 03:51:12,mediboard,광주광역시,0,0,A1500006,신가병원,1501,D,15,8,9,58413056,2,2,15,2026-07-26T03:50:10.004899,10,11
2026-07-26 03:51:12,mediboard,광주광역시,0,0,A1500010,운암한국병원,1504,D,15,8,9,58413013,1,1,15,2026-07-26T03:50:10.004899,9,10
2026-07-26 03:51:12,mediboard,광주광역시,1,4,A1500002,전남대학교병원,1503,A,15,14,28,58413012,7,7,15,2026-07-26T03:50:10.004899,22,39
2026-07-26 03:51:12,mediboard,광주광역시,4,4,A1500001,조선대학교병원,1503,A,15,12,23,58412848,5,5,15,2026-07-26T03:50:10.004899,21,32
2026-07-26 03:51:12,mediboard,광주광역시,0,0,A1500011,첨단종합병원,1501,C,15,17,22,58413057,3,3,15,2026-07-26T03:50:10.004899,20,25
2026-07-26 03:51:12,mediboard,광주광역시,0,0,A1500017,하남성심병원,1501,D,15,18,19,58412849,1,2,15,2026-07-26T03:50:10.004899,19,21
2026-07-26 03:51:12,mediboard,대전광역시,0,0,A1600004,대전보훈병원,1601,D,16,7,7,58412693,2,2,16,2026-07-26T03:50:10.004899,9,9
2026-07-26 03:51:12,mediboard,대전광역시,0,0,A1600003,대전한국병원,1602,D,16,8,9,58412850,1,1,16,2026-07-26T03:50:10.004899,9,10
2026-07-26 03:51:12,mediboard,대전광역시,0,0,A1602246,대청병원,1603,D,16,8,9,58412964,1,1,16,2026-07-26T03:50:10.004899,9,10
2026-07-26 03:51:12,mediboard,대전광역시,0,0,A1600008,의료법인영훈의료재단대전선병원,1605,C,16,16,17,58412851,4,9,16,2026-07-26T03:50:10.004899,20,26
2026-07-26 03:51:12,mediboard,대전광역시,0,0,A1600007,의료법인영훈의료재단유성선병원,1604,C,16,12,17,58412739,3,7,16,2026-07-26T03:50:10.004899,15,24
2026-07-26 03:51:12,mediboard,대전광역시,1,6,A1600001,충남대학교병원,1605,A,16,14,28,58412794,5,5,16,2026-07-26T03:50:10.004899,20,39
2026-07-26 03:51:12,mediboard,대전광역시,0,0,A1600005,학교법인가톨릭학원가톨릭대학교대전성모병원,1605,C,16,12,19,58413059,3,3,16,2026-07-26T03:50:10.004899,15,22
2026-07-26 03:51:12,mediboard,대전광역시,3,5,A1600006,학교법인건양교육재단건양대학교병원,1603,A,16,22,24,58412738,5,5,16,2026-07-26T03:50:10.004899,30,34
2026-07-26 03:51:12,mediboard,대전광역시,0,0,A1600002,학교법인을지학원대전을지대학교병원,1603,C,16,21,23,58413016,6,6,16,2026-07-26T03:50:10.004899,27,29
2026-07-26 03:51:12,mediboard,울산광역시,0,0,A1700001,서울산보람병원,1704,D,17,9,10,58412740,1,1,17,2026-07-26T03:50:10.004899,10,11
2026-07-26 03:51:12,mediboard,울산광역시,0,0,A1700003,울산병원,1701,C,17,17,19,58412908,3,3,17,2026-07-26T03:50:10.004899,20,22
2026-07-26 03:51:12,mediboard,울산광역시,0,0,A1700002,의료법인동강의료재단동강병원,1705,C,17,22,24,58412965,3,3,17,2026-07-26T03:50:10.004899,25,27
2026-07-26 03:51:12,mediboard,울산광역시,0,0,A1700025,의료법인송은의료재단울산시티병원,1703,C,17,15,17,58412909,3,3,17,2026-07-26T03:50:10.004899,18,20
2026-07-26 03:51:12,mediboard,울산광역시,0,0,A1700011,의료법인은성의료재단좋은삼정병원,1701,D,17,4,9,58412966,1,1,17,2026-07-26T03:50:10.004899,5,10
2026-07-26 03:51:12,mediboard,울산광역시,0,0,A1700028,의료법인정안의료재단중앙병원,1701,C,17,13,17,58412795,3,3,17,2026-07-26T03:50:10.004899,16,20
2026-07-26 03:51:12,mediboard,울산광역시,7,8,A1700004,학교법인울산공업학원울산대학교병원,1702,A,17,9,23,58412852,6,6,17,2026-07-26T03:50:10.004899,22,37
2026-07-26 03:51:12,mediboard,경기도,0,0,A2100019,(의)영문의료재단다보스병원,2136,C,21,12,13,58412696,7,7,21,2026-07-26T03:50:10.004899,19,20
2026-07-26 03:51:12,mediboard,경기도,0,0,A2100122,(의)효심의료재단용인서울병원,2136,D,21,8,10,58413068,0,0,21,2026-07-26T03:50:10.004899,8,10
2026-07-26 03:51:12,mediboard,경기도,0,0,A2100052,가톨릭대학교부천성모병원,2113,C,21,24,31,58412701,6,6,21,2026-07-26T03:50:10.004899,30,37
2026-07-26 03:51:12,mediboard,경기도,7,8,A2100012,가톨릭대학교성빈센트병원,2122,C,21,18,28,58412853,6,6,21,2026-07-26T03:50:10.004899,29,40
2026-07-26 03:51:12,mediboard,경기도,11,11,A2100040,가톨릭대학교의정부성모병원,2138,A,21,27,44,58412748,6,6,21,2026-07-26T03:50:10.004899,44,61
2026-07-26 03:51:12,mediboard,경기도,0,0,A2100029,강남병원,2134,C,21,12,17,58412969,3,3,21,2026-07-26T03:50:10.004899,15,20
2026-07-26 03:51:12,mediboard,경기도,0,0,A2100032,경기도의료원수원병원,2121,D,21,7,8,58412911,5,5,21,2026-07-26T03:50:10.004899,12,13
2026-07-26 03:51:12,mediboard,경기도,0,0,A2100045,경기도의료원안성병원,2126,D,21,13,14,58412912,1,5,21,2026-07-26T03:50:10.004899,14,19
2026-07-26 03:51:12,mediboard,경기도,0,0,A2100043,경기도의료원의정부병원,2138,D,21,9,10,58413064,1,1,21,2026-07-26T03:50:10.004899,10,11
2026-07-26 03:51:12,mediboard,경기도,0,0,A2100193,경기도의료원이천병원,2139,C,21,10,17,58412750,3,3,21,2026-07-26T03:50:10.004899,13,20
2026-07-26 03:51:12,mediboard,경기도,0,0,A2100035,경기도의료원파주병원,2140,C,21,16,17,58412699,3,3,21,2026-07-26T03:50:10.004899,19,20
2026-07-26 03:51:12,mediboard,경기도,0,0,A2100031,경기도의료원포천병원,2142,C,21,17,17,58412856,3,3,21,2026-07-26T03:50:10.004899,20,20
2026-07-26 03:51:12,mediboard,경기도,4,4,A2100003,고려대학교의과대학부속안산병원,2124,A,21,13,22,58412743,6,8,21,2026-07-26T03:50:10.004899,23,34
2026-07-26 03:51:12,mediboard,경기도,4,4,A2100007,광명성애병원,2106,C,21,10,11,58413018,4,5,21,2026-07-26T03:50:10.004899,18,20
2026-07-26 03:51:12,mediboard,경기도,0,0,A2100258,국군수도병원,2116,D,21,16,16,58412971,0,2,21,2026-07-26T03:50:10.004899,16,18
2026-07-26 03:51:12,mediboard,경기도,0,0,A2100049,국립암센터,2103,D,21,15,24,58412858,1,1,21,2026-07-26T03:50:10.004899,16,25
2026-07-26 03:51:12,mediboard,경기도,4,5,A2100033,국민건강보험공단일산병원,2103,A,21,13,23,58413062,5,5,21,2026-07-26T03:50:10.004899,22,33
2026-07-26 03:51:12,mediboard,경기도,0,0,A2100014,근로복지공단안산병원,2125,D,21,6,7,58412797,1,1,21,2026-07-26T03:50:10.004899,7,8
2026-07-26 03:51:12,mediboard,경기도,0,0,A2100041,남양주한양병원,2111,C,21,16,17,58413063,3,3,21,2026-07-26T03:50:10.004899,19,20
2026-07-26 03:51:12,mediboard,경기도,0,0,A2100017,대아의료재단한도병원,2124,C,21,13,17,58412798,3,3,21,2026-07-26T03:50:10.004899,16,20
2026-07-26 03:51:12,mediboard,경기도,3,3,A2100025,대진의료재단분당제생병원,2116,C,21,17,24,58413020,3,3,21,2026-07-26T03:50:10.004899,23,30
2026-07-26 03:51:12,mediboard,경기도,3,3,A2100047,동국대학교일산불교병원,2103,C,21,13,19,58412857,7,7,21,2026-07-26T03:50:10.004899,23,29
2026-07-26 03:51:12,mediboard,경기도,0,0,A2100131,메디인병원,2140,D,21,10,12,58413022,2,2,21,2026-07-26T03:50:10.004899,12,14
2026-07-26 03:51:12,mediboard,경기도,0,0,A2121142,메디필드한강병원,2136,D,21,12,17,58413027,3,3,21,2026-07-26T03:50:10.004899,15,20
2026-07-26 03:51:12,mediboard,경기도,0,0,A2100055,부천세종병원,2113,C,21,14,17,58412803,3,3,21,2026-07-26T03:50:10.004899,17,20
2026-07-26 03:51:12,mediboard,경기도,4,5,A2100001,분당서울대학교병원,2116,A,21,-7,30,58412742,5,5,21,2026-07-26T03:50:10.004899,2,40
2026-07-26 03:51:12,mediboard,경기도,6,6,A2116806,성남시의료원,2117,C,21,16,17,58413026,6,6,21,2026-07-26T03:50:10.004899,28,29
2026-07-26 03:51:12,mediboard,경기도,0,0,A2100194,세종여주병원,2131,D,21,5,6,58412702,10,10,21,2026-07-26T03:50:10.004899,15,16
2026-07-26 03:51:12,mediboard,경기도,0,0,A2100016,순천의료재단성남정병원,2117,D,21,9,9,58412746,2,2,21,2026-07-26T03:50:10.004899,11,11
2026-07-26 03:51:12,mediboard,경기도,4,5,A2100005,순천향대학교부속부천병원,2113,A,21,11,17,58412695,4,5,21,2026-07-26T03:50:10.004899,19,27
2026-07-26 03:51:12,mediboard,경기도,9,14,A2100002,아주대학교병원,2120,A,21,17,32,58412796,12,13,21,2026-07-26T03:50:10.004899,34,54
2026-07-26 03:51:12,mediboard,경기도,0,0,A2100305,안성성모병원,2126,D,21,8,9,58413025,1,1,21,2026-07-26T03:50:10.004899,9,10
2026-07-26 03:51:12,mediboard,경기도,0,0,A2100089,양평병원,2130,D,21,8,9,58412914,1,1,21,2026-07-26T03:50:10.004899,9,10
2026-07-26 03:51:12,mediboard,경기도,0,0,A2118188,엘병원,2111,D,21,8,8,58412916,2,2,21,2026-07-26T03:50:10.004899,10,10
2026-07-26 03:51:12,mediboard,경기도,6,6,A2100020,연세대학교의과대학용인세브란스병원,2134,C,21,11,16,58413060,4,4,21,2026-07-26T03:50:10.004899,21,26
2026-07-26 03:51:12,mediboard,경기도,0,0,E2100187,연천군보건의료원,2132,D,21,9,10,58412720,0,0,21,2026-07-26T03:50:10.004899,9,10
2026-07-26 03:51:12,mediboard,경기도,0,0,A2100024,오산한국병원,2133,C,21,17,17,58413061,3,3,21,2026-07-26T03:50:10.004899,20,20
2026-07-26 03:51:12,mediboard,경기도,0,0,A2100048,원광대학교산본병원,2109,C,21,13,17,58412802,3,3,21,2026-07-26T03:50:10.004899,16,20
2026-07-26 03:51:12,mediboard,경기도,0,0,A2100013,의료법인 록향의료재단 신천연합병원,2123,D,21,7,10,58413019,1,1,21,2026-07-26T03:50:10.004899,8,11
2026-07-26 03:51:12,mediboard,경기도,0,0,A2100036,의료법인 일심의료재단 포천우리병원,2142,D,21,18,18,58412801,4,4,21,2026-07-26T03:50:10.004899,22,22
2026-07-26 03:51:12,mediboard,경기도,0,0,A2100309,의료법인갈렌의료재단박병원,2141,D,21,9,10,58412860,1,1,21,2026-07-26T03:50:10.004899,10,11
2026-07-26 03:51:12,mediboard,경기도,5,5,A2100008,의료법인남촌의료재단시화병원,2123,C,21,13,16,58412744,4,6,21,2026-07-26T03:50:10.004899,22,27
2026-07-26 03:51:12,mediboard,경기도,0,0,A2100009,의료법인녹산의료재단동수원병원,2122,C,21,15,17,58412910,3,3,21,2026-07-26T03:50:10.004899,18,20
2026-07-26 03:51:12,mediboard,경기도,0,0,A2100050,의료법인대인의료재단다니엘종합병원,2113,D,21,6,6,58413066,4,4,21,2026-07-26T03:50:10.004899,10,10
2026-07-26 03:51:12,mediboard,경기도,3,3,A2121061,의료법인덕산의료재단수원덕산병원,2119,D,21,23,24,58413069,3,3,21,2026-07-26T03:50:10.004899,29,30
2026-07-26 03:51:12,mediboard,경기도,0,0,A2117135,의료법인명인의료재단화홍병원,2119,C,21,14,15,58412805,5,5,21,2026-07-26T03:50:10.004899,19,20
2026-07-26 03:51:12,mediboard,경기도,3,3,A2100042,의료법인명지의료재단명지병원,2102,A,21,8,15,58413021,11,11,21,2026-07-26T03:50:10.004899,19,26
2026-07-26 03:51:12,mediboard,경기도,0,0,A2100022,의료법인박애의료재단박애병원,2141,D,21,10,10,58412799,1,1,21,2026-07-26T03:50:10.004899,11,11
2026-07-26 03:51:12,mediboard,경기도,0,0,A2100028,의료법인백송의료재단굿모닝병원,2141,C,21,16,19,58412800,9,9,21,2026-07-26T03:50:10.004899,25,28
2026-07-26 03:51:12,mediboard,경기도,0,0,A2100027,의료법인석경의료재단센트럴병원,2123,D,21,17,18,58412855,3,3,21,2026-07-26T03:50:10.004899,20,21
2026-07-26 03:51:12,mediboard,경기도,0,0,A2116972,의료법인성광의료재단일산차병원,2103,D,21,6,6,58412804,3,4,21,2026-07-26T03:50:10.004899,9,10
2026-07-26 03:51:12,mediboard,경기도,0,0,A2113246,의료법인양진의료재단평택성모병원,2141,C,21,16,17,58412861,3,3,21,2026-07-26T03:50:10.004899,19,20
2026-07-26 03:51:12,mediboard,경기도,0,0,A2100034,의료법인영동의료재단의정부백병원,2138,D,21,9,10,58412698,2,2,21,2026-07-26T03:50:10.004899,11,12
2026-07-26 03:51:12,mediboard,경기도,0,0,A2100053,의료법인우리의료재단김포우리병원,2110,C,21,16,22,58412913,7,7,21,2026-07-26T03:50:10.004899,23,29
2026-07-26 03:51:12,mediboard,경기도,0,0,A2115699,의료법인원광의료재단원광종합병원,2146,D,21,8,9,58412751,1,1,21,2026-07-26T03:50:10.004899,9,10
2026-07-26 03:51:12,mediboard,경기도,0,0,A2100018,의료법인은혜와감사의료재단화성중앙종합병원,2144,D,21,8,9,58412968,1,1,21,2026-07-26T03:50:10.004899,9,10
2026-07-26 03:51:12,mediboard,경기도,0,0,A2100006,의료법인인봉의료재단뉴고려병원,2110,C,21,13,14,58413017,6,6,21,2026-07-26T03:50:10.004899,19,20
2026-07-26 03:51:12,mediboard,경기도,0,0,A2100290,의료법인자인의료재단(더자인병원),2102,D,21,14,16,58412859,4,4,21,2026-07-26T03:50:10.004899,18,20
2026-07-26 03:51:12,mediboard,경기도,0,0,A2100124,의료법인칠석의료재단사랑의병원,2125,D,21,11,13,58412749,1,1,21,2026-07-26T03:50:10.004899,12,14
2026-07-26 03:51:12,mediboard,경기도,0,0,A2100175,의료법인토마스의료재단윌스기념병원,2122,D,21,18,18,58413024,3,3,21,2026-07-26T03:50:10.004899,21,21
2026-07-26 03:51:12,mediboard,경기도,0,0,A2100021,의료법인플러스의료재단단원병원,2124,D,21,14,17,58412854,3,3,21,2026-07-26T03:50:10.004899,17,20
2026-07-26 03:51:12,mediboard,경기도,0,4,A2100038,인제대학교일산백병원,2104,C,21,25,34,58412970,5,6,21,2026-07-26T03:50:10.004899,30,44
2026-07-26 03:51:12,mediboard,경기도,0,0,A2118788,중앙대학교광명병원,2106,C,21,19,21,58412703,2,3,21,2026-07-26T03:50:10.004899,21,24
2026-07-26 03:51:12,mediboard,경기도,8,13,A2100030,차의과학대학교분당차병원,2116,A,21,16,22,58412697,7,7,21,2026-07-26T03:50:10.004899,29,40
2026-07-26 03:51:12,mediboard,경기도,1,1,A2100155,참조은병원,2107,C,21,0,9,58413023,10,10,21,2026-07-26T03:50:10.004899,11,20
2026-07-26 03:51:12,mediboard,경기도,0,0,A2100150,추병원,2138,D,21,12,12,58412915,2,2,21,2026-07-26T03:50:10.004899,14,14
2026-07-26 03:51:12,mediboard,경기도,6,6,A2117994,학교법인을지학원의정부을지대학교병원,2138,C,21,23,30,58412806,10,11,21,2026-07-26T03:50:10.004899,39,47
2026-07-26 03:51:12,mediboard,경기도,9,9,A2100046,한림대학교동탄성심병원,2147,C,21,26,32,58413065,3,3,21,2026-07-26T03:50:10.004899,38,44
2026-07-26 03:51:12,mediboard,경기도,3,3,A2100004,한림대학교성심병원,2127,A,21,19,25,58412694,11,11,21,2026-07-26T03:50:10.004899,33,39
2026-07-26 03:51:12,mediboard,경기도,0,0,A2100039,한양대학교구리병원,2108,C,21,16,18,58412747,5,5,21,2026-07-26T03:50:10.004899,21,23
2026-07-26 03:51:12,mediboard,경기도,0,0,A2100037,현대병원,2111,C,21,13,17,58412700,3,3,21,2026-07-26T03:50:10.004899,16,20
2026-07-26 03:51:12,mediboard,경기도,0,0,A2100015,효산의료재단안양샘병원,2128,C,21,13,17,58412745,3,3,21,2026-07-26T03:50:10.004899,16,20
2026-07-26 03:51:12,mediboard,경기도,0,0,A2100054,효산의료재단지샘병원,2109,C,21,17,18,58413067,4,4,21,2026-07-26T03:50:10.004899,21,22
2026-07-26 03:51:12,mediboard,강원특별자치도,3,3,A2200008,강릉아산병원,2201,A,22,17,23,58412917,5,5,22,2026-07-26T03:50:10.004899,25,31
2026-07-26 03:51:12,mediboard,강원특별자치도,3,3,A2200009,강원대학교병원,2213,C,22,20,21,58413070,5,5,22,2026-07-26T03:50:10.004899,28,29
2026-07-26 03:51:12,mediboard,강원특별자치도,0,0,A2200011,강원특별자치도강릉의료원,2201,D,22,4,5,58412863,1,1,22,2026-07-26T03:50:10.004899,5,6
2026-07-26 03:51:12,mediboard,강원특별자치도,1,1,A2200007,강원특별자치도삼척의료원,2204,C,22,16,16,58412704,3,5,22,2026-07-26T03:50:10.004899,20,22
2026-07-26 03:51:12,mediboard,강원특별자치도,0,0,A2200012,강원특별자치도속초의료원,2205,C,22,17,17,58413071,3,3,22,2026-07-26T03:50:10.004899,20,20
2026-07-26 03:51:12,mediboard,강원특별자치도,0,0,A2200002,강원특별자치도영월의료원,2208,D,22,7,9,58412752,1,1,22,2026-07-26T03:50:10.004899,8,10
2026-07-26 03:51:12,mediboard,강원특별자치도,0,0,A2200015,강원특별자치도원주의료원,2209,D,22,16,17,58412865,3,3,22,2026-07-26T03:50:10.004899,19,20
2026-07-26 03:51:12,mediboard,강원특별자치도,0,0,A2200048,근로복지공단정선병원,2211,D,22,5,5,58412808,1,1,22,2026-07-26T03:50:10.004899,6,6
2026-07-26 03:51:12,mediboard,강원특별자치도,0,0,A2200004,근로복지공단태백병원,2214,D,22,9,9,58412807,1,1,22,2026-07-26T03:50:10.004899,10,10
2026-07-26 03:51:12,mediboard,강원특별자치도,1,3,A2200001,연세대학교원주세브란스기독병원,2209,A,22,20,31,58412862,28,45,22,2026-07-26T03:50:10.004899,49,79
2026-07-26 03:51:12,mediboard,강원특별자치도,0,0,A2200005,의료법인강릉동인병원,2201,C,22,14,17,58412973,3,3,22,2026-07-26T03:50:10.004899,17,20
2026-07-26 03:51:12,mediboard,강원특별자치도,0,0,A2200003,의료법인동해동인병원,2203,D,22,9,10,58412972,1,1,22,2026-07-26T03:50:10.004899,10,11
2026-07-26 03:51:12,mediboard,강원특별자치도,0,0,A2200037,의료법인성심의료재단양구성심병원,2206,D,22,5,5,58413072,1,1,22,2026-07-26T03:50:10.004899,6,6
2026-07-26 03:51:12,mediboard,강원특별자치도,0,0,A2200024,의료법인성지의료재단성지병원,2209,D,22,6,7,58412919,1,1,22,2026-07-26T03:50:10.004899,7,8
2026-07-26 03:51:12,mediboard,강원특별자치도,0,0,A2200046,의료법인온세움의료재단온재병원,2205,D,22,5,9,58413073,1,1,22,2026-07-26T03:50:10.004899,6,10
2026-07-26 03:51:12,mediboard,강원특별자치도,0,0,A2201730,철원병원,2212,D,22,5,5,58412753,1,1,22,2026-07-26T03:50:10.004899,6,6
2026-07-26 03:51:12,mediboard,강원특별자치도,0,0,E2200026,평창군보건의료원,2215,D,22,6,6,58412829,1,1,22,2026-07-26T03:50:10.004899,7,7
2026-07-26 03:51:12,mediboard,강원특별자치도,2,3,A2200013,한림대학교춘천성심병원,2213,A,22,16,22,58412705,5,5,22,2026-07-26T03:50:10.004899,23,30
2026-07-26 03:51:12,mediboard,강원특별자치도,0,0,A2200014,홍천아산병원,2216,D,22,8,10,58412864,0,0,22,2026-07-26T03:50:10.004899,8,10
2026-07-26 03:51:12,mediboard,강원특별자치도,0,0,E2200025,화천군보건의료원,2217,D,22,7,7,58412944,1,1,22,2026-07-26T03:50:10.004899,8,8
2026-07-26 03:51:12,mediboard,강원특별자치도,0,0,A2200016,횡성대성병원,2218,D,22,9,9,58412918,1,1,22,2026-07-26T03:50:10.004899,10,10
2026-07-26 03:51:12,mediboard,충청북도,0,0,A2300010,건국대학교충주병원,2314,C,23,14,20,58413074,3,3,23,2026-07-26T03:50:10.004899,17,23
2026-07-26 03:51:12,mediboard,충청북도,0,0,E2300011,단양군보건의료원,2302,D,23,6,6,58412777,1,2,23,2026-07-26T03:50:10.004899,7,8
2026-07-26 03:51:12,mediboard,충청북도,0,0,A2300013,의료법인 건명의료재단 중앙제일병원,2309,C,23,13,17,58412974,3,5,23,2026-07-26T03:50:10.004899,16,22
2026-07-26 03:51:12,mediboard,충청북도,0,0,A2300034,의료법인대광의료재단괴산성모병원,2301,D,23,9,9,58412868,0,1,23,2026-07-26T03:50:10.004899,9,10
2026-07-26 03:51:12,mediboard,충청북도,3,3,A2300009,의료법인명지의료재단명지병원,2307,C,23,12,18,58412867,6,6,23,2026-07-26T03:50:10.004899,21,27
2026-07-26 03:51:12,mediboard,충청북도,0,0,A2300007,의료법인인화재단한국병원,2310,C,23,8,14,58412866,5,6,23,2026-07-26T03:50:10.004899,13,20
2026-07-26 03:51:12,mediboard,충청북도,0,0,A2300005,의료법인자산의료재단제천서울병원,2307,C,23,11,15,58412756,5,5,23,2026-07-26T03:50:10.004899,16,20
2026-07-26 03:51:12,mediboard,충청북도,0,0,A2300003,의료법인정산의료재단효성병원,2310,C,23,17,18,58412755,5,5,23,2026-07-26T03:50:10.004899,22,23
2026-07-26 03:51:12,mediboard,충청북도,0,0,A2300030,의료법인조윤의료재단영동병원,2304,D,23,10,10,58412975,0,0,23,2026-07-26T03:50:10.004899,10,10
2026-07-26 03:51:12,mediboard,충청북도,0,0,A2300002,의료법인한마음의료재단하나병원,2313,C,23,8,11,58412706,11,12,23,2026-07-26T03:50:10.004899,19,23
2026-07-26 03:51:12,mediboard,충청북도,0,0,A2300011,의료법인힐링의료재단옥천성모병원,2305,D,23,7,7,58413028,3,3,23,2026-07-26T03:50:10.004899,10,10
2026-07-26 03:51:12,mediboard,충청북도,0,0,A2300008,청주성모병원,2312,C,23,4,15,58412707,6,10,23,2026-07-26T03:50:10.004899,10,25
2026-07-26 03:51:12,mediboard,충청북도,7,8,A2300001,충북대학교병원,2311,A,23,26,32,58412754,5,5,23,2026-07-26T03:50:10.004899,38,45
2026-07-26 03:51:12,mediboard,충청북도,0,0,A2300006,충청북도청주의료원,2311,D,23,11,12,58412810,4,4,23,2026-07-26T03:50:10.004899,15,16
2026-07-26 03:51:12,mediboard,충청북도,0,0,A2300004,충청북도충주의료원,2314,D,23,17,18,58412809,3,3,23,2026-07-26T03:50:10.004899,20,21
2026-07-26 03:51:12,mediboard,충청남도,4,4,A2400002,단국대학교의과대학부속병원,2412,A,24,23,27,58412758,5,5,24,2026-07-26T03:50:10.004899,32,36
2026-07-26 03:51:12,mediboard,충청남도,0,0,A2400008,당진종합병원,2405,C,24,14,17,58412759,3,3,24,2026-07-26T03:50:10.004899,17,20
2026-07-26 03:51:12,mediboard,충청남도,0,4,A2400003,서산중앙병원,2408,C,24,17,17,58412708,3,3,24,2026-07-26T03:50:10.004899,20,24
2026-07-26 03:51:12,mediboard,충청남도,0,0,A2402257,아산충무병원,2410,C,24,12,13,58413075,8,8,24,2026-07-26T03:50:10.004899,20,21
2026-07-26 03:51:12,mediboard,충청남도,0,0,A2400044,의료법인 서해병원,2409,D,24,5,5,58412760,2,2,24,2026-07-26T03:50:10.004899,7,7
2026-07-26 03:51:12,mediboard,충청남도,0,0,A2400004,의료법인 예당의료재단 예산종합병원,2411,D,24,6,6,58412920,1,1,24,2026-07-26T03:50:10.004899,7,7
2026-07-26 03:51:12,mediboard,충청남도,0,0,A2400009,의료법인백제병원,2404,C,24,19,20,58412710,3,3,24,2026-07-26T03:50:10.004899,22,23
2026-07-26 03:51:12,mediboard,충청남도,0,0,A2400012,의료법인영서의료재단천안충무병원,2413,C,24,10,16,58412869,5,5,24,2026-07-26T03:50:10.004899,15,21
2026-07-26 03:51:12,mediboard,충청남도,0,0,A2400011,재단법인아산사회복지재단보령아산병원,2406,C,24,15,17,58412811,3,3,24,2026-07-26T03:50:10.004899,18,20
2026-07-26 03:51:12,mediboard,충청남도,0,0,E2400032,청양군보건의료원,2414,D,24,6,6,58412886,1,1,24,2026-07-26T03:50:10.004899,7,7
2026-07-26 03:51:12,mediboard,충청남도,0,0,A2400010,충청남도공주의료원,2402,D,24,14,15,58412711,1,1,24,2026-07-26T03:50:10.004899,15,16
2026-07-26 03:51:12,mediboard,충청남도,0,0,A2400006,충청남도서산의료원,2408,C,24,15,17,58412709,3,3,24,2026-07-26T03:50:10.004899,18,20
2026-07-26 03:51:12,mediboard,충청남도,0,0,A2400005,충청남도천안의료원,2412,D,24,12,12,58412976,1,2,24,2026-07-26T03:50:10.004899,13,14
2026-07-26 03:51:12,mediboard,충청남도,1,1,A2400007,충청남도홍성의료원,2416,C,24,17,18,58413029,3,3,24,2026-07-26T03:50:10.004899,21,22
2026-07-26 03:51:12,mediboard,충청남도,0,0,E2400033,태안군보건의료원,2415,D,24,10,10,58412721,1,1,24,2026-07-26T03:50:10.004899,11,11
2026-07-26 03:51:12,mediboard,충청남도,0,0,A2400038,학교법인건양교육재단건양대학교부여병원,2407,D,24,9,9,58412870,1,1,24,2026-07-26T03:50:10.004899,10,10
2026-07-26 03:51:12,mediboard,충청남도,18,18,A2400001,학교법인동은학원순천향대학교부속천안병원,2412,A,24,14,22,58412757,11,11,24,2026-07-26T03:50:10.004899,39,47
2026-07-26 03:51:12,mediboard,충청남도,0,0,A2400039,현대병원,2410,D,24,9,10,58412977,1,1,24,2026-07-26T03:50:10.004899,10,11
2026-07-26 03:51:12,mediboard,전북특별자치도,0,0,A2500038,김제우석병원,2503,D,25,10,10,58412712,1,1,25,2026-07-26T03:50:10.004899,11,11
2026-07-26 03:51:12,mediboard,전북특별자치도,0,0,A2500056,대자인병원,2512,C,25,28,33,58412872,3,3,25,2026-07-26T03:50:10.004899,31,36
2026-07-26 03:51:12,mediboard,전북특별자치도,0,0,E2500019,무주군보건의료원,2505,D,25,3,4,58413044,1,1,25,2026-07-26T03:50:10.004899,4,5
2026-07-26 03:51:12,mediboard,전북특별자치도,0,0,A2500010,부안성모병원,2506,D,25,10,10,58412979,2,2,25,2026-07-26T03:50:10.004899,12,12
2026-07-26 03:51:12,mediboard,전북특별자치도,3,3,A2502742,새강병원,2513,D,25,13,14,58413078,3,3,25,2026-07-26T03:50:10.004899,19,20
2026-07-26 03:51:12,mediboard,전북특별자치도,0,0,E2500021,순창군보건의료원,2507,D,25,9,9,58412778,1,1,25,2026-07-26T03:50:10.004899,10,10
2026-07-26 03:51:12,mediboard,전북특별자치도,3,3,A2500001,원광대학교병원,2509,A,25,14,28,58413076,5,5,25,2026-07-26T03:50:10.004899,22,36
2026-07-26 03:51:12,mediboard,전북특별자치도,0,0,A2500011,의료법인대산의료재단익산병원,2509,C,25,13,17,58412871,3,3,25,2026-07-26T03:50:10.004899,16,20
2026-07-26 03:51:12,mediboard,전북특별자치도,0,0,A2500009,의료법인석천재단고창병원,2501,D,25,10,10,58413030,1,1,25,2026-07-26T03:50:10.004899,11,11
2026-07-26 03:51:12,mediboard,전북특별자치도,0,0,A2500005,의료법인영경의료재단전주병원,2513,C,25,11,17,58412922,3,3,25,2026-07-26T03:50:10.004899,14,20
2026-07-26 03:51:12,mediboard,전북특별자치도,0,0,A2501890,의료법인영경의료재단호성전주병원,2512,D,25,7,9,58412812,1,1,25,2026-07-26T03:50:10.004899,8,10
2026-07-26 03:51:12,mediboard,전북특별자치도,0,0,A2500012,의료법인오성의료재단동군산병원,2502,C,25,15,17,58413077,6,6,25,2026-07-26T03:50:10.004899,21,23
2026-07-26 03:51:12,mediboard,전북특별자치도,0,0,E2500022,임실군보건의료원,2510,D,25,4,4,58413045,1,1,25,2026-07-26T03:50:10.004899,5,5
2026-07-26 03:51:12,mediboard,전북특별자치도,0,0,E2500020,장수군보건의료원,2511,D,25,5,5,58412887,1,1,25,2026-07-26T03:50:10.004899,6,6
2026-07-26 03:51:12,mediboard,전북특별자치도,0,0,A2500008,재단법인 아산사회복지재단 정읍아산병원,2514,C,25,17,17,58412762,3,3,25,2026-07-26T03:50:10.004899,20,20
2026-07-26 03:51:12,mediboard,전북특별자치도,6,12,A2500006,재단법인예수병원유지재단예수병원,2513,C,25,20,38,58412761,5,5,25,2026-07-26T03:50:10.004899,29,53
2026-07-26 03:51:12,mediboard,전북특별자치도,3,5,A2500002,전북대학교병원,2512,A,25,21,36,58412978,7,7,25,2026-07-26T03:50:10.004899,31,48
2026-07-26 03:51:12,mediboard,전북특별자치도,0,0,A2500007,전북특별자치도군산의료원,2502,C,25,5,17,58412923,3,3,25,2026-07-26T03:50:10.004899,8,20
2026-07-26 03:51:12,mediboard,전북특별자치도,0,0,A2500004,전북특별자치도남원의료원,2504,C,25,15,17,58412921,3,3,25,2026-07-26T03:50:10.004899,18,20
2026-07-26 03:51:12,mediboard,전북특별자치도,0,0,A2502031,진안군의료원,2515,D,25,5,6,58412980,2,2,25,2026-07-26T03:50:10.004899,7,8
2026-07-26 03:51:12,mediboard,전라남도,0,0,A2600029,곡성사랑병원,2603,D,26,5,5,58412982,1,1,26,2026-07-26T03:50:10.004899,6,6
2026-07-26 03:51:12,mediboard,전라남도,0,0,A2600006,광양사랑병원,2604,D,26,9,9,58412714,1,1,26,2026-07-26T03:50:10.004899,10,10
2026-07-26 03:51:12,mediboard,전라남도,0,0,A2600061,구례병원,2605,D,26,10,10,58413033,0,0,26,2026-07-26T03:50:10.004899,10,10
2026-07-26 03:51:12,mediboard,전라남도,0,0,A2600016,나주종합병원,2606,D,26,9,10,58412925,0,0,26,2026-07-26T03:50:10.004899,9,10
2026-07-26 03:51:12,mediboard,전라남도,0,0,A2600054,담양사랑병원,2607,D,26,5,6,58412929,2,2,26,2026-07-26T03:50:10.004899,7,8
2026-07-26 03:51:12,mediboard,전라남도,0,0,A2600003,대송의료재단무안병원,2609,D,26,4,4,58413031,1,1,26,2026-07-26T03:50:10.004899,5,5
2026-07-26 03:51:12,mediboard,전라남도,0,0,A2600020,목포기독병원,2608,D,26,15,17,58412764,3,3,26,2026-07-26T03:50:10.004899,18,20
2026-07-26 03:51:12,mediboard,전라남도,0,0,A2600022,목포시의료원,2608,D,26,9,9,58413082,1,1,26,2026-07-26T03:50:10.004899,10,10
2026-07-26 03:51:12,mediboard,전라남도,3,3,A2600011,목포한국병원,2608,A,26,14,18,58412873,5,5,26,2026-07-26T03:50:10.004899,22,26
2026-07-26 03:51:12,mediboard,전라남도,0,0,A2600052,보성아산병원,2610,D,26,8,8,58413086,1,1,26,2026-07-26T03:50:10.004899,9,9
2026-07-26 03:51:12,mediboard,전라남도,0,0,A2602211,빛가람종합병원,2606,D,26,8,9,58412816,1,1,26,2026-07-26T03:50:10.004899,9,10
2026-07-26 03:51:12,mediboard,전라남도,3,4,A2600019,성가롤로병원,2611,A,26,9,18,58412926,5,5,26,2026-07-26T03:50:10.004899,17,27
2026-07-26 03:51:12,mediboard,전라남도,0,0,A2600008,순천제일병원,2611,D,26,9,9,58412981,1,1,26,2026-07-26T03:50:10.004899,10,10
2026-07-26 03:51:12,mediboard,전라남도,0,0,A2600004,순천중앙병원,2611,D,26,4,5,58412924,1,1,26,2026-07-26T03:50:10.004899,5,6
2026-07-26 03:51:12,mediboard,전라남도,0,0,A2600010,여수전남병원,2613,D,26,9,10,58413080,1,1,26,2026-07-26T03:50:10.004899,10,11
2026-07-26 03:51:12,mediboard,전라남도,0,0,A2600014,여천전남병원,2613,C,26,17,17,58412763,3,3,26,2026-07-26T03:50:10.004899,20,20
2026-07-26 03:51:12,mediboard,전라남도,0,0,A2600015,영광종합병원,2614,D,26,7,10,58413032,3,3,26,2026-07-26T03:50:10.004899,10,13
2026-07-26 03:51:12,mediboard,전라남도,0,0,A2600070,영암한국병원,2615,D,26,8,8,58413034,0,1,26,2026-07-26T03:50:10.004899,8,9
2026-07-26 03:51:12,mediboard,전라남도,0,0,A2600032,완도대성병원,2616,D,26,4,5,58412875,1,1,26,2026-07-26T03:50:10.004899,5,6
2026-07-26 03:51:12,mediboard,전라남도,0,0,A2600034,의료법인 거명의료재단 영광기독병원,2614,D,26,10,10,58412928,1,1,26,2026-07-26T03:50:10.004899,11,11
2026-07-26 03:51:12,mediboard,전라남도,0,0,A2600017,의료법인목포구암의료재단목포중앙병원,2608,C,26,15,16,58412814,4,4,26,2026-07-26T03:50:10.004899,19,20
2026-07-26 03:51:12,mediboard,전라남도,0,0,A2600066,의료법인삼호의료재단벌교삼호병원,2610,D,26,6,6,58412766,1,1,26,2026-07-26T03:50:10.004899,7,7
2026-07-26 03:51:12,mediboard,전라남도,0,0,A2600051,의료법인신안대우병원,2612,D,26,4,4,58413085,1,1,26,2026-07-26T03:50:10.004899,5,5
2026-07-26 03:51:12,mediboard,전라남도,0,0,A2600018,의료법인영성의료재단고흥종합병원,2602,D,26,10,10,58412874,0,0,26,2026-07-26T03:50:10.004899,10,10
2026-07-26 03:51:12,mediboard,전라남도,0,0,A2600021,의료법인우범의료재단장흥종합병원,2618,D,26,8,9,58413081,1,1,26,2026-07-26T03:50:10.004899,9,10
2026-07-26 03:51:12,mediboard,전라남도,0,0,A2600068,의료법인장호의료재단녹동현대병원,2602,D,26,1,3,58412930,2,2,26,2026-07-26T03:50:10.004899,3,5
2026-07-26 03:51:12,mediboard,전라남도,0,0,A2600005,의료법인한국의료재단한국병원,2611,D,26,9,11,58412713,1,1,26,2026-07-26T03:50:10.004899,10,12
2026-07-26 03:51:12,mediboard,전라남도,0,0,A2600027,의료법인한마음의료재단여수제일병원,2613,D,26,9,9,58412927,1,1,26,2026-07-26T03:50:10.004899,10,10
2026-07-26 03:51:12,mediboard,전라남도,0,0,A2600035,의료법인행복나눔의료재단장성병원,2617,D,26,4,4,58412815,1,1,26,2026-07-26T03:50:10.004899,5,5
2026-07-26 03:51:12,mediboard,전라남도,0,0,A2600009,의료법인행촌의료재단해남종합병원,2621,D,26,10,10,58413079,1,1,26,2026-07-26T03:50:10.004899,11,11
2026-07-26 03:51:12,mediboard,전라남도,0,0,A2600024,의료법인현경의료재단광양서울병원,2604,D,26,9,9,58413083,1,1,26,2026-07-26T03:50:10.004899,10,10
2026-07-26 03:51:12,mediboard,전라남도,0,0,A2600037,장흥우리병원,2618,D,26,4,4,58412765,1,1,26,2026-07-26T03:50:10.004899,5,5
2026-07-26 03:51:12,mediboard,전라남도,0,0,A2600050,전라남도강진의료원,2601,D,26,9,9,58412983,1,1,26,2026-07-26T03:50:10.004899,10,10
2026-07-26 03:51:12,mediboard,전라남도,0,0,A2600056,전라남도순천의료원,2611,D,26,6,6,58413087,2,2,26,2026-07-26T03:50:10.004899,8,8
2026-07-26 03:51:12,mediboard,전라남도,0,0,A2600040,진도한국병원,2619,D,26,3,4,58413084,1,1,26,2026-07-26T03:50:10.004899,4,5
2026-07-26 03:51:12,mediboard,전라남도,0,0,A2600077,해남우리종합병원,2621,D,26,15,15,58412767,4,4,26,2026-07-26T03:50:10.004899,19,19
2026-07-26 03:51:12,mediboard,전라남도,1,1,A2600001,화순전남대학교병원,2622,C,26,16,16,58412813,7,7,26,2026-07-26T03:50:10.004899,24,24
2026-07-26 03:51:12,mediboard,경상북도,0,0,A2700018,경상북도김천의료원,2706,D,27,16,17,58412936,1,1,27,2026-07-26T03:50:10.004899,17,18
2026-07-26 03:51:12,mediboard,경상북도,0,0,A2700001,경상북도안동의료원,2711,D,27,6,6,58412715,2,2,27,2026-07-26T03:50:10.004899,8,8
2026-07-26 03:51:12,mediboard,경상북도,0,0,A2700005,경상북도포항의료원,2724,D,27,7,8,58412931,2,2,27,2026-07-26T03:50:10.004899,9,10
2026-07-26 03:51:12,mediboard,경상북도,0,0,A2700097,계명대학교경주동산병원,2702,D,27,8,9,58412984,1,1,27,2026-07-26T03:50:10.004899,9,10
2026-07-26 03:51:12,mediboard,경상북도,0,0,A2700015,구미강동병원,2704,D,27,7,7,58412935,3,3,27,2026-07-26T03:50:10.004899,10,10
2026-07-26 03:51:12,mediboard,경상북도,1,3,A2700003,동국대학교의과대학경주병원,2702,C,27,14,16,58413035,7,7,27,2026-07-26T03:50:10.004899,22,26
2026-07-26 03:51:12,mediboard,경상북도,0,0,A2700011,상주적십자병원,2709,D,27,9,9,58413088,1,1,27,2026-07-26T03:50:10.004899,10,10
2026-07-26 03:51:12,mediboard,경상북도,4,4,A2700013,순천향대학교부속구미병원,2704,C,27,8,13,58412819,3,3,27,2026-07-26T03:50:10.004899,15,20
2026-07-26 03:51:12,mediboard,경상북도,0,0,A2700004,안동성소병원,2711,C,27,10,12,58412716,8,8,27,2026-07-26T03:50:10.004899,18,20
2026-07-26 03:51:12,mediboard,경상북도,0,0,A2700008,에스포항병원,2723,D,27,6,6,58412933,1,1,27,2026-07-26T03:50:10.004899,7,7
2026-07-26 03:51:12,mediboard,경상북도,0,0,A2700017,영남대학교의과대학부속영천병원,2715,D,27,9,10,58412877,3,3,27,2026-07-26T03:50:10.004899,12,13
2026-07-26 03:51:12,mediboard,경상북도,0,0,A2700031,영주기독병원,2714,D,27,4,4,58412769,1,1,27,2026-07-26T03:50:10.004899,5,5
2026-07-26 03:51:12,mediboard,경상북도,0,0,A2700020,영주자인병원,2714,D,27,4,4,58412878,1,1,27,2026-07-26T03:50:10.004899,5,5
2026-07-26 03:51:12,mediboard,경상북도,0,0,A2702752,영주적십자병원,2714,D,27,8,10,58412821,1,1,27,2026-07-26T03:50:10.004899,9,11
2026-07-26 03:51:12,mediboard,경상북도,0,0,E2700553,울릉군보건의료원,2717,D,27,4,5,58412722,0,0,27,2026-07-26T03:50:10.004899,4,5
2026-07-26 03:51:12,mediboard,경상북도,0,0,A2700052,울진군의료원,2718,D,27,6,8,58412771,2,2,27,2026-07-26T03:50:10.004899,8,10
2026-07-26 03:51:12,mediboard,경상북도,0,0,A2700019,의)근원의료재단경산중앙병원,2701,D,27,9,10,58412768,2,2,27,2026-07-26T03:50:10.004899,11,12
2026-07-26 03:51:12,mediboard,경상북도,0,0,A2700038,의료법인대남의료재단청도대남병원,2720,D,27,9,10,58413089,0,0,27,2026-07-26T03:50:10.004899,9,10
2026-07-26 03:51:12,mediboard,경상북도,0,0,A2700012,의료법인덕산의료재단김천제일병원,2706,C,27,16,16,58412934,4,4,27,2026-07-26T03:50:10.004899,20,20
2026-07-26 03:51:12,mediboard,경상북도,0,0,A2700006,의료법인동춘의료재단문경제일병원,2707,C,27,15,17,58412932,2,3,27,2026-07-26T03:50:10.004899,17,20
2026-07-26 03:51:12,mediboard,경상북도,0,0,A2700009,의료법인삼백의료재단상주성모병원,2709,D,27,9,9,58413036,1,1,27,2026-07-26T03:50:10.004899,10,10
2026-07-26 03:51:12,mediboard,경상북도,0,0,A2700036,의료법인서명의료재단세명종합병원,2701,D,27,12,13,58412770,2,2,27,2026-07-26T03:50:10.004899,14,15
2026-07-26 03:51:12,mediboard,경상북도,0,0,A2700023,의료법인서준의료재단예천권병원,2716,D,27,6,6,58412820,1,1,27,2026-07-26T03:50:10.004899,7,7
2026-07-26 03:51:12,mediboard,경상북도,2,3,A2700014,의료법인안동병원,2711,A,27,13,17,58412717,5,5,27,2026-07-26T03:50:10.004899,20,25
2026-07-26 03:51:12,mediboard,경상북도,0,0,A2700070,의료법인영암의료재단고령영생병원,2703,D,27,5,5,58412880,1,1,27,2026-07-26T03:50:10.004899,6,6
2026-07-26 03:51:12,mediboard,경상북도,0,0,A2700063,의료법인영제의료재단영남제일병원,2719,D,27,4,5,58412879,1,1,27,2026-07-26T03:50:10.004899,5,6
2026-07-26 03:51:12,mediboard,경상북도,0,0,A2702563,의료법인은성의료재단좋은선린병원,2724,D,27,10,10,58412881,2,2,27,2026-07-26T03:50:10.004899,12,12
2026-07-26 03:51:12,mediboard,경상북도,4,5,A2700007,차의과학대학교부속구미차병원,2704,A,27,15,20,58412818,6,12,27,2026-07-26T03:50:10.004899,25,37
2026-07-26 03:51:12,mediboard,경상북도,0,0,E2700554,청송군보건의료원,2721,D,27,5,5,58412945,1,1,27,2026-07-26T03:50:10.004899,6,6
2026-07-26 03:51:12,mediboard,경상북도,11,11,A2700016,포항성모병원,2723,A,27,9,20,58412876,5,15,27,2026-07-26T03:50:10.004899,25,46
2026-07-26 03:51:12,mediboard,경상북도,0,0,A2700002,포항세명기독병원,2723,C,27,13,15,58412817,10,10,27,2026-07-26T03:50:10.004899,23,25
2026-07-26 03:51:12,mediboard,경상남도,0,0,A2800032,강병원,2803,D,28,9,9,58412987,1,1,28,2026-07-26T03:50:10.004899,10,10
2026-07-26 03:51:12,mediboard,경상남도,0,0,A2803677,강일병원,2804,D,28,8,8,58412826,3,3,28,2026-07-26T03:50:10.004899,11,11
2026-07-26 03:51:12,mediboard,경상남도,0,0,A2800076,거창적십자병원,2802,D,28,9,9,58412990,1,1,28,2026-07-26T03:50:10.004899,10,10
2026-07-26 03:51:12,mediboard,경상남도,3,3,A2800001,경상국립대학교병원,2811,A,28,18,30,58413037,5,5,28,2026-07-26T03:50:10.004899,26,38
2026-07-26 03:51:12,mediboard,경상남도,0,0,A2800025,경상남도마산의료원,2813,D,28,10,13,58412824,2,2,28,2026-07-26T03:50:10.004899,12,15
2026-07-26 03:51:12,mediboard,경상남도,0,0,A2800113,밀양병원,2806,D,28,8,8,58413042,1,1,28,2026-07-26T03:50:10.004899,9,9
2026-07-26 03:51:12,mediboard,경상남도,0,0,A2800084,반도병원,2811,D,28,7,7,58412942,1,1,28,2026-07-26T03:50:10.004899,8,8
2026-07-26 03:51:12,mediboard,경상남도,0,0,A2800019,베데스다복음병원,2809,D,28,9,9,58413039,1,1,28,2026-07-26T03:50:10.004899,10,10
2026-07-26 03:51:12,mediboard,경상남도,0,0,E2800380,산청군보건의료원,2808,D,28,5,5,58412830,1,1,28,2026-07-26T03:50:10.004899,6,6
2026-07-26 03:51:12,mediboard,경상남도,0,0,A2800055,삼성합천병원,2822,D,28,4,4,58412988,1,1,28,2026-07-26T03:50:10.004899,5,5
2026-07-26 03:51:12,mediboard,경상남도,0,0,A2800101,삼천포제일병원,2807,D,28,8,8,58412825,2,2,28,2026-07-26T03:50:10.004899,10,10
2026-07-26 03:51:12,mediboard,경상남도,0,0,A2800092,새통영병원,2818,D,28,6,9,58412774,1,1,28,2026-07-26T03:50:10.004899,7,10
2026-07-26 03:51:12,mediboard,경상남도,9,10,A2800011,양산부산대학교병원,2809,A,28,12,23,58412882,7,8,28,2026-07-26T03:50:10.004899,26,39
2026-07-26 03:51:12,mediboard,경상남도,0,0,A2804593,양산성모병원,2809,D,28,9,13,58412827,1,1,28,2026-07-26T03:50:10.004899,10,14
2026-07-26 03:51:12,mediboard,경상남도,0,0,A2800021,연세에스병원,2817,D,28,9,9,58412773,1,1,28,2026-07-26T03:50:10.004899,10,10
2026-07-26 03:51:12,mediboard,경상남도,0,0,A2800090,의령병원,2810,D,28,4,4,58412884,1,1,28,2026-07-26T03:50:10.004899,5,5
2026-07-26 03:51:12,mediboard,경상남도,0,0,A2800008,의료법인 거붕 백병원,2801,D,28,9,9,58412938,1,1,28,2026-07-26T03:50:10.004899,10,10
2026-07-26 03:51:12,mediboard,경상남도,0,0,A2800005,의료법인 대우의료재단대우병원,2801,D,28,8,9,58412718,1,1,28,2026-07-26T03:50:10.004899,9,10
2026-07-26 03:51:12,mediboard,경상남도,0,0,A2800015,의료법인 문병욱의료재단 진주고려병원,2811,D,28,9,10,58413038,1,1,28,2026-07-26T03:50:10.004899,10,11
2026-07-26 03:51:12,mediboard,경상남도,0,0,A2800022,의료법인 성념의료재단맑은샘병원,2801,D,28,9,9,58413090,1,1,28,2026-07-26T03:50:10.004899,10,10
2026-07-26 03:51:12,mediboard,경상남도,0,0,A2800094,의료법인 이도의료재단 남해병원,2805,D,28,7,8,58412885,2,2,28,2026-07-26T03:50:10.004899,9,10
2026-07-26 03:51:12,mediboard,경상남도,0,0,A2800014,의료법인갑을의료재단 갑을장유병원,2804,D,28,8,9,58412940,1,1,28,2026-07-26T03:50:10.004899,9,10
2026-07-26 03:51:12,mediboard,경상남도,0,0,A2800006,의료법인숭인의료재단 김해복음병원,2804,C,28,16,16,58412985,3,4,28,2026-07-26T03:50:10.004899,19,20
2026-07-26 03:51:12,mediboard,경상남도,0,0,A2800068,의료법인승연의료재단 삼천포서울병원,2807,D,28,8,9,58412989,1,1,28,2026-07-26T03:50:10.004899,9,10
2026-07-26 03:51:12,mediboard,경상남도,0,0,A2800009,의료법인청아의료재단청아병원,2814,D,28,8,9,58412939,1,1,28,2026-07-26T03:50:10.004899,9,10
2026-07-26 03:51:12,mediboard,경상남도,0,0,A2800017,의료법인합포의료재단에스엠지연세병원,2813,C,28,13,17,58412883,3,3,28,2026-07-26T03:50:10.004899,16,20
2026-07-26 03:51:12,mediboard,경상남도,0,0,A2800010,의료법인환명의료재단 조은금강병원,2804,C,28,13,17,58412823,3,3,28,2026-07-26T03:50:10.004899,16,20
2026-07-26 03:51:12,mediboard,경상남도,0,0,A2800003,제일병원,2811,C,28,13,17,58412822,3,3,28,2026-07-26T03:50:10.004899,16,20
2026-07-26 03:51:12,mediboard,경상남도,0,0,A2800037,진주복음병원,2811,D,28,8,9,58412719,1,1,28,2026-07-26T03:50:10.004899,9,10
2026-07-26 03:51:12,mediboard,경상남도,0,0,A2803505,창원경상국립대학교병원,2815,C,28,17,18,58412775,3,10,28,2026-07-26T03:50:10.004899,20,28
2026-07-26 03:51:12,mediboard,경상남도,0,0,A2800004,창원파티마병원,2816,C,28,6,17,58412937,3,3,28,2026-07-26T03:50:10.004899,9,20
2026-07-26 03:51:12,mediboard,경상남도,0,0,A2800007,창원한마음병원,2816,C,28,8,21,58412986,4,4,28,2026-07-26T03:50:10.004899,12,25
2026-07-26 03:51:12,mediboard,경상남도,0,0,A2800062,태황의료재단한성병원,2812,D,28,9,9,58413041,1,1,28,2026-07-26T03:50:10.004899,10,10
2026-07-26 03:51:12,mediboard,경상남도,8,8,A2800020,학교법인성균관대학삼성창원병원,2814,A,28,20,27,58412772,5,5,28,2026-07-26T03:50:10.004899,33,40
2026-07-26 03:51:12,mediboard,경상남도,0,0,A2800043,한일병원,2811,C,28,15,17,58413040,3,3,28,2026-07-26T03:50:10.004899,18,20
2026-07-26 03:51:12,mediboard,경상남도,0,0,A2800080,함양성심병원,2821,D,28,4,4,58412941,1,1,28,2026-07-26T03:50:10.004899,5,5
2026-07-26 03:51:12,mediboard,제주특별자치도,0,0,A2900003,의료법인 혜인의료재단 한국병원,2902,D,29,2,9,58412991,1,1,29,2026-07-26T03:50:10.004899,3,10
2026-07-26 03:51:12,mediboard,제주특별자치도,1,1,A2900006,의료법인중앙의료재단중앙병원,2902,C,29,12,16,58412828,3,3,29,2026-07-26T03:50:10.004899,16,20
2026-07-26 03:51:12,mediboard,제주특별자치도,0,0,A2900007,제주대학교병원,2902,C,29,11,20,58412943,3,6,29,2026-07-26T03:50:10.004899,14,26
2026-07-26 03:51:12,mediboard,제주특별자치도,4,4,A2900002,제주특별자치도서귀포의료원,2901,C,29,10,16,58412776,5,5,29,2026-07-26T03:50:10.004899,19,25
2026-07-26 03:51:12,mediboard,제주특별자치도,3,3,A2900001,제주한라병원,2902,A,29,15,17,58413091,5,5,29,2026-07-26T03:50:10.004899,23,25
2026-07-26 03:51:12,mediboard,제주특별자치도,0,0,A2900005,한마음병원,2902,C,29,8,17,58413043,1,3,29,2026-07-26T03:50:10.004899,9,20
2026-07-26 05:04:46,mediboard,서울특별시,0,0,A1100011,가톨릭대학교여의도성모병원,1120,C,11,15,15,58419073,5,5,11,2026-07-26T05:05:10.004758,20,20
2026-07-26 05:04:46,mediboard,서울특별시,8,8,A1121013,가톨릭대학교은평성모병원,1122,C,11,14,24,58419292,3,4,11,2026-07-26T05:05:10.004758,25,36
2026-07-26 05:04:46,mediboard,서울특별시,3,3,A1100043,강동경희대학교병원,1102,A,11,6,15,58418966,4,5,11,2026-07-26T05:05:10.004758,13,23
2026-07-26 05:04:46,mediboard,서울특별시,2,2,A1100006,강북삼성병원,1123,C,11,9,15,58419286,3,3,11,2026-07-26T05:05:10.004758,14,20
2026-07-26 05:04:46,mediboard,서울특별시,4,4,A1100002,건국대학교병원,1106,C,11,10,20,58419186,3,3,11,2026-07-26T05:05:10.004758,17,27
2026-07-26 05:04:46,mediboard,서울특별시,0,0,A1100039,경찰병원,1118,D,11,2,3,58419191,2,2,11,2026-07-26T05:05:10.004758,4,5
2026-07-26 05:04:46,mediboard,서울특별시,3,3,A1100001,경희대학교병원,1111,C,11,12,15,58419128,5,5,11,2026-07-26T05:05:10.004758,20,23
2026-07-26 05:04:46,mediboard,서울특별시,3,3,A1100014,고려대학교의과대학부속구로병원,1107,A,11,21,29,58419074,4,5,11,2026-07-26T05:05:10.004758,28,37
2026-07-26 05:04:46,mediboard,서울특별시,0,0,A1100026,구로성심병원,1107,D,11,7,9,58419289,1,1,11,2026-07-26T05:05:10.004758,8,10
2026-07-26 05:04:46,mediboard,서울특별시,3,3,A1100052,국립중앙의료원,1124,C,11,246,246,58419237,1235,1236,11,2026-07-26T05:05:10.004758,1484,1485
2026-07-26 05:04:46,mediboard,서울특별시,0,0,A1122033,기쁨병원,1115,D,11,3,4,58418921,1,1,11,2026-07-26T05:05:10.004758,4,5
2026-07-26 05:04:46,mediboard,서울특별시,0,0,A1100048,노원을지대학교병원,1109,C,11,15,17,58418919,5,5,11,2026-07-26T05:05:10.004758,20,22
2026-07-26 05:04:46,mediboard,서울특별시,0,0,A1100044,녹색병원,1125,D,11,2,5,58419236,5,5,11,2026-07-26T05:05:10.004758,7,10
2026-07-26 05:04:46,mediboard,서울특별시,0,0,A1100037,대림성모병원,1120,D,11,8,8,58419077,1,2,11,2026-07-26T05:05:10.004758,9,10
2026-07-26 05:04:46,mediboard,서울특별시,0,0,A1100024,명지성모병원,1120,D,11,6,8,58418917,2,2,11,2026-07-26T05:05:10.004758,8,10
2026-07-26 05:04:46,mediboard,서울특별시,0,0,A1100036,부민병원,1104,D,11,7,10,58419290,1,1,11,2026-07-26T05:05:10.004758,8,11
2026-07-26 05:04:46,mediboard,서울특별시,3,4,A1100010,삼성서울병원,1101,C,11,13,52,58419187,4,4,11,2026-07-26T05:05:10.004758,20,60
2026-07-26 05:04:46,mediboard,서울특별시,0,0,A1100021,삼육서울병원,1111,C,11,12,13,58419188,5,7,11,2026-07-26T05:05:10.004758,17,20
2026-07-26 05:04:46,mediboard,서울특별시,12,12,A1100017,서울대학교병원,1123,A,11,-3,24,58418916,8,8,11,2026-07-26T05:05:10.004758,15,42
2026-07-26 05:04:46,mediboard,서울특별시,0,0,A1100050,서울성심병원,1111,D,11,17,17,58419192,3,3,11,2026-07-26T05:05:10.004758,20,20
2026-07-26 05:04:46,mediboard,서울특별시,0,0,A1100029,서울적십자병원,1123,D,11,10,10,58419020,0,1,11,2026-07-26T05:05:10.004758,10,11
2026-07-26 05:04:46,mediboard,서울특별시,0,0,A1100022,서울특별시동부병원,1111,D,11,8,8,58418963,2,2,11,2026-07-26T05:05:10.004758,10,10
2026-07-26 05:04:46,mediboard,서울특별시,3,3,A1100040,서울특별시보라매병원,1112,C,11,20,31,58419021,3,3,11,2026-07-26T05:05:10.004758,26,37
2026-07-26 05:04:46,mediboard,서울특별시,0,0,A1100223,서울특별시서남병원,1119,D,11,17,17,58418967,3,3,11,2026-07-26T05:05:10.004758,20,20
2026-07-26 05:04:46,mediboard,서울특별시,3,3,A1100035,서울특별시서울의료원,1125,A,11,14,19,58419190,5,5,11,2026-07-26T05:05:10.004758,22,27
2026-07-26 05:04:46,mediboard,서울특별시,0,0,A1100028,성심의료재단강동성심병원,1102,C,11,11,15,58419189,9,9,11,2026-07-26T05:05:10.004758,20,24
2026-07-26 05:04:46,mediboard,서울특별시,0,0,A1100054,성애의료재단성애병원,1120,C,11,12,15,58419238,5,11,11,2026-07-26T05:05:10.004758,17,26
2026-07-26 05:04:46,mediboard,서울특별시,0,0,A1100032,세란병원,1123,D,11,9,10,58419076,1,1,11,2026-07-26T05:05:10.004758,10,11
2026-07-26 05:04:46,mediboard,서울특별시,4,4,A1100004,순천향대학교부속서울병원,1121,C,11,19,20,58419072,3,3,11,2026-07-26T05:05:10.004758,26,27
2026-07-26 05:04:46,mediboard,서울특별시,0,0,A1100045,씨엠병원,1120,D,11,8,9,58419132,1,1,11,2026-07-26T05:05:10.004758,9,10
2026-07-26 05:04:46,mediboard,서울특별시,2,2,A1100015,연세대학교의과대학강남세브란스병원,1101,C,11,9,21,58419288,2,3,11,2026-07-26T05:05:10.004758,13,26
2026-07-26 05:04:46,mediboard,서울특별시,6,10,A1100007,연세대학교의과대학세브란스병원,1114,C,11,15,39,58419233,6,6,11,2026-07-26T05:05:10.004758,25,53
2026-07-26 05:04:46,mediboard,서울특별시,0,0,A1100025,의료법인동신의료재단동신병원,1114,D,11,8,9,58419235,1,1,11,2026-07-26T05:05:10.004758,9,10
2026-07-26 05:04:46,mediboard,서울특별시,0,0,A1100041,의료법인서울효천의료재단에이치플러스양지병원,1105,C,11,18,18,58418965,3,3,11,2026-07-26T05:05:10.004758,21,21
2026-07-26 05:04:46,mediboard,서울특별시,0,0,A1100023,의료법인청구성심병원,1122,D,11,9,10,58418964,1,1,11,2026-07-26T05:05:10.004758,10,11
2026-07-26 05:04:46,mediboard,서울특별시,0,0,A1100075,의료법인풍산의료재단동부제일병원,1125,D,11,6,7,58418920,1,1,11,2026-07-26T05:05:10.004758,7,8
2026-07-26 05:04:46,mediboard,서울특별시,2,2,A1100020,의료법인한전의료재단한일병원,1110,C,11,8,21,58419131,3,4,11,2026-07-26T05:05:10.004758,13,27
2026-07-26 05:04:46,mediboard,서울특별시,8,8,A1100005,이화여자대학교의과대학부속목동병원,1119,A,11,13,19,58419232,6,6,11,2026-07-26T05:05:10.004758,27,33
2026-07-26 05:04:46,mediboard,서울특별시,7,9,A1120796,이화여자대학교의과대학부속서울병원,1104,C,11,5,14,58419193,8,8,11,2026-07-26T05:05:10.004758,20,31
2026-07-26 05:04:46,mediboard,서울특별시,0,0,A1100016,인제대학교상계백병원,1109,C,11,8,16,58419234,6,7,11,2026-07-26T05:05:10.004758,14,23
2026-07-26 05:04:46,mediboard,서울특별시,9,14,A1100009,재단법인아산사회복지재단서울아산병원,1118,C,11,13,36,58419130,12,26,11,2026-07-26T05:05:10.004758,31,73
2026-07-26 05:04:46,mediboard,서울특별시,4,4,A1100003,중앙대학교병원,1112,C,11,13,18,58419071,0,0,11,2026-07-26T05:05:10.004758,17,22
2026-07-26 05:04:46,mediboard,서울특별시,5,9,A1100012,학교법인가톨릭학원가톨릭대학교서울성모병원,1115,C,11,-2,28,58419019,4,8,11,2026-07-26T05:05:10.004758,5,43
2026-07-26 05:04:46,mediboard,서울특별시,4,4,A1100008,학교법인고려중앙학원고려대학교의과대학부속병원(안암병원),1117,A,11,18,30,58419129,6,9,11,2026-07-26T05:05:10.004758,28,43
2026-07-26 05:04:46,mediboard,서울특별시,0,0,A1100053,한국보훈복지의료공단중앙보훈병원,1102,C,11,20,22,58419078,3,3,11,2026-07-26T05:05:10.004758,23,25
2026-07-26 05:04:46,mediboard,서울특별시,0,0,A1100027,한국원자력의학원원자력병원,1109,D,11,9,9,58418918,2,3,11,2026-07-26T05:05:10.004758,11,12
2026-07-26 05:04:46,mediboard,서울특별시,3,3,A1100055,한림대학교강남성심병원,1120,C,11,17,20,58419134,5,5,11,2026-07-26T05:05:10.004758,25,28
2026-07-26 05:04:46,mediboard,서울특별시,3,3,A1100013,한양대학교병원,1116,A,11,11,20,58419287,7,12,11,2026-07-26T05:05:10.004758,21,35
2026-07-26 05:04:46,mediboard,서울특별시,0,0,A1100051,혜민병원,1106,D,11,9,9,58419133,1,1,11,2026-07-26T05:05:10.004758,10,10
2026-07-26 05:04:46,mediboard,서울특별시,0,0,A1100019,홍익병원,1119,D,11,7,9,58419075,0,1,11,2026-07-26T05:05:10.004758,7,10
2026-07-26 05:04:46,mediboard,서울특별시,0,0,A1100049,희명병원,1108,D,11,8,10,58419291,1,1,11,2026-07-26T05:05:10.004758,9,11
2026-07-26 05:04:46,mediboard,부산광역시,0,0,A1200028,(의)서일의료재단기장병원,1203,D,12,9,9,58419195,1,1,12,2026-07-26T05:05:10.004758,10,10
2026-07-26 05:04:46,mediboard,부산광역시,0,0,A1200004,고신대학교복음병원,1211,C,12,20,25,58418968,5,5,12,2026-07-26T05:05:10.004758,25,30
2026-07-26 05:04:46,mediboard,부산광역시,0,0,A1200045,구포성심병원,1208,D,12,6,9,58419026,1,1,12,2026-07-26T05:05:10.004758,7,10
2026-07-26 05:04:46,mediboard,부산광역시,3,3,A1200018,대동병원,1206,C,12,13,15,58419081,3,3,12,2026-07-26T05:05:10.004758,19,21
2026-07-26 05:04:46,mediboard,부산광역시,0,0,A1200015,동남권원자력의학원원자력병원,1203,D,12,9,9,58419138,1,1,12,2026-07-26T05:05:10.004758,10,10
2026-07-26 05:04:46,mediboard,부산광역시,0,0,A1200011,동래봉생병원,1206,D,12,5,8,58419241,2,2,12,2026-07-26T05:05:10.004758,7,10
2026-07-26 05:04:46,mediboard,부산광역시,3,3,A1200003,동아대학교병원,1211,A,12,22,26,58419293,8,8,12,2026-07-26T05:05:10.004758,33,37
2026-07-26 05:04:46,mediboard,부산광역시,0,0,A1200024,부산광역시의료원,1213,D,12,16,18,58419243,2,8,12,2026-07-26T05:05:10.004758,18,26
2026-07-26 05:04:46,mediboard,부산광역시,3,3,A1200002,부산대학교병원,1211,C,12,16,19,58418922,3,3,12,2026-07-26T05:05:10.004758,22,25
2026-07-26 05:04:46,mediboard,부산광역시,4,4,A1200013,부산성모병원(재단법인 천주교부산교구유지재단),1204,D,12,9,10,58419137,5,5,12,2026-07-26T05:05:10.004758,18,19
2026-07-26 05:04:46,mediboard,부산광역시,0,0,A1200007,비에이치에스한서병원,1212,C,12,16,17,58419136,3,3,12,2026-07-26T05:05:10.004758,19,20
2026-07-26 05:04:46,mediboard,부산광역시,0,0,A1200021,삼육부산병원,1211,D,12,6,9,58419024,1,1,12,2026-07-26T05:05:10.004758,7,10
2026-07-26 05:04:46,mediboard,부산광역시,0,0,A1200014,영도병원,1214,D,12,7,7,58419023,2,2,12,2026-07-26T05:05:10.004758,9,9
2026-07-26 05:04:46,mediboard,부산광역시,0,0,A1200009,의료법인 광혜의료재단 광혜병원,1206,D,12,9,9,58419240,3,3,12,2026-07-26T05:05:10.004758,12,12
2026-07-26 05:04:46,mediboard,부산광역시,0,0,A1200098,의료법인 센텀의료재단 센텀종합병원,1212,D,12,8,9,58419139,1,1,12,2026-07-26T05:05:10.004758,9,10
2026-07-26 05:04:46,mediboard,부산광역시,0,0,A1200020,의료법인 온그룹의료재단 온병원,1207,C,12,18,20,58418923,3,3,12,2026-07-26T05:05:10.004758,21,23
2026-07-26 05:04:46,mediboard,부산광역시,0,0,A1200008,의료법인 은성의료재단 좋은강안병원,1212,D,12,15,18,58419079,3,3,12,2026-07-26T05:05:10.004758,18,21
2026-07-26 05:04:46,mediboard,부산광역시,1,1,A1200005,의료법인 은성의료재단 좋은삼선병원,1209,C,12,11,13,58419022,5,6,12,2026-07-26T05:05:10.004758,17,20
2026-07-26 05:04:46,mediboard,부산광역시,0,0,A1200006,의료법인 인당의료재단 부민병원,1208,D,12,9,10,58419239,2,2,12,2026-07-26T05:05:10.004758,11,12
2026-07-26 05:04:46,mediboard,부산광역시,0,0,A1205143,의료법인 인당의료재단 해운대부민병원,1216,D,12,7,9,58419196,1,1,12,2026-07-26T05:05:10.004758,8,10
2026-07-26 05:04:46,mediboard,부산광역시,0,0,A1200012,의료법인 행도의료재단 해동병원,1214,D,12,6,6,58418969,1,1,12,2026-07-26T05:05:10.004758,7,7
2026-07-26 05:04:46,mediboard,부산광역시,0,0,A1200017,의료법인정화의료재단 봉생기념병원,1205,D,12,8,9,58419080,2,2,12,2026-07-26T05:05:10.004758,10,11
2026-07-26 05:04:46,mediboard,부산광역시,2,3,A1200022,인제대학교 해운대백병원,1216,A,12,23,29,58419194,3,5,12,2026-07-26T05:05:10.004758,28,37
2026-07-26 05:04:46,mediboard,부산광역시,0,0,A1200001,인제대학교부산백병원,1207,C,12,17,18,58419135,3,3,12,2026-07-26T05:05:10.004758,20,21
2026-07-26 05:04:46,mediboard,부산광역시,0,0,A1200023,재단법인천주교부산교구유지재단 메리놀병원,1215,D,12,5,9,58419025,1,1,12,2026-07-26T05:05:10.004758,6,10
2026-07-26 05:04:46,mediboard,부산광역시,2,2,A1200026,좋은문화병원,1205,D,12,5,7,58418925,3,3,12,2026-07-26T05:05:10.004758,10,12
2026-07-26 05:04:46,mediboard,부산광역시,0,0,A1200025,학교법인 춘해병원,1207,D,12,6,9,58418924,1,1,12,2026-07-26T05:05:10.004758,7,10
2026-07-26 05:04:46,mediboard,부산광역시,0,0,A1200019,학교법인)동의병원,1207,D,12,14,14,58418970,1,1,12,2026-07-26T05:05:10.004758,15,15
2026-07-26 05:04:46,mediboard,부산광역시,0,0,A1200016,한국보훈복지의료공단 부산보훈병원,1209,D,12,10,11,58419242,2,2,12,2026-07-26T05:05:10.004758,12,13
2026-07-26 05:04:46,mediboard,인천광역시,0,0,A1300081,(재)미리내천주성삼성직수도회천주성삼병원,1307,D,13,7,9,58419141,1,2,13,2026-07-26T05:05:10.004758,8,11
2026-07-26 05:04:46,mediboard,인천광역시,0,0,A1300018,강남종합병원,1304,D,13,13,15,58419248,1,1,13,2026-07-26T05:05:10.004758,14,16
2026-07-26 05:04:46,mediboard,인천광역시,4,4,A1300002,경북대학교병원,1308,A,13,14,27,58419244,5,5,13,2026-07-26T05:05:10.004758,23,36
2026-07-26 05:04:46,mediboard,인천광역시,0,0,A1303386,계명대학교대구동산병원,1308,D,13,12,12,58418972,2,2,13,2026-07-26T05:05:10.004758,14,14
2026-07-26 05:04:46,mediboard,인천광역시,0,0,A1300003,계명대학교동산병원,1302,C,13,10,20,58418926,5,5,13,2026-07-26T05:05:10.004758,15,25
2026-07-26 05:04:46,mediboard,인천광역시,0,0,A1300008,곽병원,1308,D,13,7,10,58419247,2,2,13,2026-07-26T05:05:10.004758,9,12
2026-07-26 05:04:46,mediboard,인천광역시,0,0,A1300038,나사렛종합병원,1302,D,13,7,9,58419294,4,10,13,2026-07-26T05:05:10.004758,11,19
2026-07-26 05:04:46,mediboard,인천광역시,0,0,A1300004,대구가톨릭대학교병원,1301,C,13,12,24,58419028,4,4,13,2026-07-26T05:05:10.004758,16,28
2026-07-26 05:04:46,mediboard,인천광역시,0,0,A1300005,대구가톨릭대학교칠곡가톨릭병원,1305,D,13,5,9,58419245,1,1,13,2026-07-26T05:05:10.004758,6,10
2026-07-26 05:04:46,mediboard,인천광역시,0,0,A1300076,대구굿모닝병원,1306,D,13,16,17,58419249,2,2,13,2026-07-26T05:05:10.004758,18,19
2026-07-26 05:04:46,mediboard,인천광역시,0,0,A1300007,대구의료원,1306,D,13,18,18,58419246,2,2,13,2026-07-26T05:05:10.004758,20,20
2026-07-26 05:04:46,mediboard,인천광역시,3,5,A1300009,대구파티마병원,1304,C,13,1,25,58419029,6,7,13,2026-07-26T05:05:10.004758,10,37
2026-07-26 05:04:46,mediboard,인천광역시,0,0,A1300110,더블유병원,1302,D,13,10,10,58419082,1,1,13,2026-07-26T05:05:10.004758,11,11
2026-07-26 05:04:46,mediboard,인천광역시,0,0,A1300034,드림종합병원,1301,D,13,7,8,58419140,2,2,13,2026-07-26T05:05:10.004758,9,10
2026-07-26 05:04:46,mediboard,인천광역시,0,0,A1300045,삼일병원,1302,D,13,10,14,58419031,1,1,13,2026-07-26T05:05:10.004758,11,15
2026-07-26 05:04:46,mediboard,인천광역시,3,3,A1300001,영남대학교병원,1301,A,13,22,28,58419027,5,5,13,2026-07-26T05:05:10.004758,30,36
2026-07-26 05:04:46,mediboard,인천광역시,0,0,A1300006,의료법인구의료재단구병원,1302,D,13,7,10,58418971,1,1,13,2026-07-26T05:05:10.004758,8,11
2026-07-26 05:04:46,mediboard,인천광역시,6,9,A1300010,칠곡경북대학교병원,1305,C,13,16,23,58419197,6,6,13,2026-07-26T05:05:10.004758,26,36
2026-07-26 05:04:46,mediboard,인천광역시,0,0,A1300011,한국보훈복지의료공단대구보훈병원,1302,D,13,11,12,58419030,2,2,13,2026-07-26T05:05:10.004758,13,14
2026-07-26 05:04:46,mediboard,대구광역시,0,0,A1400008,(의)성세의료재단 뉴성민병원,1407,D,14,9,9,58418974,1,1,14,2026-07-26T05:05:10.004758,10,10
2026-07-26 05:04:46,mediboard,대구광역시,3,3,A1400015,가톨릭관동대학교국제성모병원,1407,C,14,13,23,58419085,5,5,14,2026-07-26T05:05:10.004758,21,31
2026-07-26 05:04:46,mediboard,대구광역시,4,4,A1400012,가톨릭대학교 인천성모병원,1406,C,14,14,19,58419199,8,8,14,2026-07-26T05:05:10.004758,26,31
2026-07-26 05:04:46,mediboard,대구광역시,0,0,A1400010,검단탑병원,1407,C,14,18,18,58418927,3,3,14,2026-07-26T05:05:10.004758,21,21
2026-07-26 05:04:46,mediboard,대구광역시,0,0,A1403617,비에스종합병원,1401,D,14,10,10,58419144,1,1,14,2026-07-26T05:05:10.004758,11,11
2026-07-26 05:04:46,mediboard,대구광역시,0,0,A1400013,안은의료재단 부평세림병원,1406,C,14,15,16,58419084,4,4,14,2026-07-26T05:05:10.004758,19,20
2026-07-26 05:04:46,mediboard,대구광역시,0,0,A1400005,온누리병원,1407,D,14,8,9,58419198,2,2,14,2026-07-26T05:05:10.004758,10,11
2026-07-26 05:04:46,mediboard,대구광역시,7,11,A1400001,의료법인 길의료재단 길병원,1404,A,14,16,25,58419250,7,7,14,2026-07-26T05:05:10.004758,28,41
2026-07-26 05:04:46,mediboard,대구광역시,0,0,A1400011,의료법인 나사렛의료재단 나사렛국제병원,1408,C,14,13,17,58418928,3,5,14,2026-07-26T05:05:10.004758,16,22
2026-07-26 05:04:46,mediboard,대구광역시,0,0,A1400003,의료법인 루가의료재단 나은병원,1407,C,14,10,11,58418973,10,10,14,2026-07-26T05:05:10.004758,20,21
2026-07-26 05:04:46,mediboard,대구광역시,0,0,A1400007,의료법인 성수의료재단 인천백병원,1405,D,14,4,5,58419083,1,1,14,2026-07-26T05:05:10.004758,5,6
2026-07-26 05:04:46,mediboard,대구광역시,0,0,A1400014,의료법인인성의료재단한림병원,1402,C,14,15,17,58419200,4,4,14,2026-07-26T05:05:10.004758,19,21
2026-07-26 05:04:46,mediboard,대구광역시,0,0,A1400017,인천광역시의료원,1405,D,14,14,15,58418976,2,2,14,2026-07-26T05:05:10.004758,16,17
2026-07-26 05:04:46,mediboard,대구광역시,0,0,A1400037,인천광역시의료원백령병원,1409,D,14,5,5,58419087,1,1,14,2026-07-26T05:05:10.004758,6,6
2026-07-26 05:04:46,mediboard,대구광역시,0,0,A1400009,인천기독병원,1410,D,14,8,8,58418975,1,1,14,2026-07-26T05:05:10.004758,9,9
2026-07-26 05:04:46,mediboard,대구광역시,0,0,A1400016,인천사랑병원,1403,C,14,8,14,58419142,7,7,14,2026-07-26T05:05:10.004758,15,21
2026-07-26 05:04:46,mediboard,대구광역시,0,0,A1403372,인천세종병원,1402,C,14,16,18,58419143,3,3,14,2026-07-26T05:05:10.004758,19,21
2026-07-26 05:04:46,mediboard,대구광역시,0,0,A1400018,인천적십자병원,1408,D,14,8,8,58419086,2,2,14,2026-07-26T05:05:10.004758,10,10
2026-07-26 05:04:46,mediboard,대구광역시,0,0,A1403871,인천힘찬종합병원,1404,D,14,16,17,58419201,3,6,14,2026-07-26T05:05:10.004758,19,23
2026-07-26 05:04:46,mediboard,대구광역시,7,9,A1400002,인하대학교의과대학부속병원,1410,A,14,16,20,58419032,9,9,14,2026-07-26T05:05:10.004758,30,36
2026-07-26 05:04:46,mediboard,대구광역시,0,0,A1400004,현대유비스병원,1403,D,14,18,18,58419251,1,1,14,2026-07-26T05:05:10.004758,19,19
2026-07-26 05:04:46,mediboard,광주광역시,7,7,A1500019,KS병원,1501,C,15,14,15,58419202,3,3,15,2026-07-26T05:05:10.004758,24,25
2026-07-26 05:04:46,mediboard,광주광역시,0,0,A1500021,광주기독병원,1502,C,15,12,20,58419203,3,6,15,2026-07-26T05:05:10.004758,15,26
2026-07-26 05:04:46,mediboard,광주광역시,0,0,A1500015,광주병원,1504,D,15,7,10,58418931,1,1,15,2026-07-26T05:05:10.004758,8,11
2026-07-26 05:04:46,mediboard,광주광역시,0,0,A1500004,광주보훈병원,1501,D,15,13,14,58419033,2,2,15,2026-07-26T05:05:10.004758,15,16
2026-07-26 05:04:46,mediboard,광주광역시,0,0,A1502007,광주센트럴병원,1501,D,15,8,10,58419255,1,1,15,2026-07-26T05:05:10.004758,9,11
2026-07-26 05:04:46,mediboard,광주광역시,0,0,A1500018,광주수완병원,1501,D,15,9,9,58418932,0,1,15,2026-07-26T05:05:10.004758,9,10
2026-07-26 05:04:46,mediboard,광주광역시,0,0,A1500009,광주씨티병원,1502,D,15,10,10,58418929,1,1,15,2026-07-26T05:05:10.004758,11,11
2026-07-26 05:04:46,mediboard,광주광역시,0,0,A1500005,광주일곡병원,1504,D,15,9,9,58419295,1,1,15,2026-07-26T05:05:10.004758,10,10
2026-07-26 05:04:46,mediboard,광주광역시,0,0,A1500016,광주한국병원,1505,D,15,12,15,58419147,1,1,15,2026-07-26T05:05:10.004758,13,16
2026-07-26 05:04:46,mediboard,광주광역시,0,0,A1500003,광주현대병원,1504,D,15,6,9,58419145,2,2,15,2026-07-26T05:05:10.004758,8,11
2026-07-26 05:04:46,mediboard,광주광역시,0,0,A1500007,광주희망병원,1504,D,15,8,9,58418977,1,1,15,2026-07-26T05:05:10.004758,9,10
2026-07-26 05:04:46,mediboard,광주광역시,0,0,A1500013,동아병원,1502,D,15,9,9,58418930,1,1,15,2026-07-26T05:05:10.004758,10,10
2026-07-26 05:04:46,mediboard,광주광역시,0,0,A1500014,미래로21병원,1505,D,15,9,9,58419146,1,1,15,2026-07-26T05:05:10.004758,10,10
2026-07-26 05:04:46,mediboard,광주광역시,0,0,A1500022,상무병원,1505,D,15,6,9,58419254,1,1,15,2026-07-26T05:05:10.004758,7,10
2026-07-26 05:04:46,mediboard,광주광역시,2,2,A1500020,서광병원,1505,C,15,16,18,58419298,3,3,15,2026-07-26T05:05:10.004758,21,23
2026-07-26 05:04:46,mediboard,광주광역시,0,0,A1500006,신가병원,1501,D,15,8,9,58419296,2,2,15,2026-07-26T05:05:10.004758,10,11
2026-07-26 05:04:46,mediboard,광주광역시,0,0,A1500010,운암한국병원,1504,D,15,8,9,58419253,1,1,15,2026-07-26T05:05:10.004758,9,10
2026-07-26 05:04:46,mediboard,광주광역시,3,4,A1500002,전남대학교병원,1503,A,15,17,28,58419252,7,7,15,2026-07-26T05:05:10.004758,27,39
2026-07-26 05:04:46,mediboard,광주광역시,4,4,A1500001,조선대학교병원,1503,A,15,15,23,58419088,5,5,15,2026-07-26T05:05:10.004758,24,32
2026-07-26 05:04:46,mediboard,광주광역시,0,0,A1500011,첨단종합병원,1501,C,15,21,22,58419297,3,3,15,2026-07-26T05:05:10.004758,24,25
2026-07-26 05:04:46,mediboard,광주광역시,0,0,A1500017,하남성심병원,1501,D,15,17,19,58419089,1,2,15,2026-07-26T05:05:10.004758,18,21
2026-07-26 05:04:46,mediboard,대전광역시,0,0,A1600004,대전보훈병원,1601,D,16,7,7,58418933,2,2,16,2026-07-26T05:05:10.004758,9,9
2026-07-26 05:04:46,mediboard,대전광역시,0,0,A1600003,대전한국병원,1602,D,16,7,9,58419090,1,1,16,2026-07-26T05:05:10.004758,8,10
2026-07-26 05:04:46,mediboard,대전광역시,0,0,A1602246,대청병원,1603,D,16,8,9,58419204,1,1,16,2026-07-26T05:05:10.004758,9,10
2026-07-26 05:04:46,mediboard,대전광역시,0,0,A1600008,의료법인영훈의료재단대전선병원,1605,C,16,16,17,58419091,4,9,16,2026-07-26T05:05:10.004758,20,26
2026-07-26 05:04:46,mediboard,대전광역시,0,0,A1600007,의료법인영훈의료재단유성선병원,1604,C,16,15,17,58418979,3,7,16,2026-07-26T05:05:10.004758,18,24
2026-07-26 05:04:46,mediboard,대전광역시,5,6,A1600001,충남대학교병원,1605,A,16,13,28,58419034,5,5,16,2026-07-26T05:05:10.004758,23,39
2026-07-26 05:04:46,mediboard,대전광역시,0,0,A1600005,학교법인가톨릭학원가톨릭대학교대전성모병원,1605,C,16,13,19,58419299,3,3,16,2026-07-26T05:05:10.004758,16,22
2026-07-26 05:04:46,mediboard,대전광역시,4,5,A1600006,학교법인건양교육재단건양대학교병원,1603,A,16,20,24,58418978,5,5,16,2026-07-26T05:05:10.004758,29,34
2026-07-26 05:04:46,mediboard,대전광역시,0,0,A1600002,학교법인을지학원대전을지대학교병원,1603,C,16,22,23,58419256,6,6,16,2026-07-26T05:05:10.004758,28,29
2026-07-26 05:04:46,mediboard,울산광역시,0,0,A1700001,서울산보람병원,1704,D,17,10,10,58418980,1,1,17,2026-07-26T05:05:10.004758,11,11
2026-07-26 05:04:46,mediboard,울산광역시,0,0,A1700003,울산병원,1701,C,17,17,19,58419148,3,3,17,2026-07-26T05:05:10.004758,20,22
2026-07-26 05:04:46,mediboard,울산광역시,0,0,A1700002,의료법인동강의료재단동강병원,1705,C,17,20,24,58419205,3,3,17,2026-07-26T05:05:10.004758,23,27
2026-07-26 05:04:46,mediboard,울산광역시,0,0,A1700025,의료법인송은의료재단울산시티병원,1703,C,17,16,17,58419149,3,3,17,2026-07-26T05:05:10.004758,19,20
2026-07-26 05:04:46,mediboard,울산광역시,0,0,A1700011,의료법인은성의료재단좋은삼정병원,1701,D,17,7,9,58419206,1,1,17,2026-07-26T05:05:10.004758,8,10
2026-07-26 05:04:46,mediboard,울산광역시,0,0,A1700028,의료법인정안의료재단중앙병원,1701,C,17,13,17,58419035,3,3,17,2026-07-26T05:05:10.004758,16,20
2026-07-26 05:04:46,mediboard,울산광역시,8,8,A1700004,학교법인울산공업학원울산대학교병원,1702,A,17,9,23,58419092,6,6,17,2026-07-26T05:05:10.004758,23,37
2026-07-26 05:04:46,mediboard,경기도,0,0,A2100019,(의)영문의료재단다보스병원,2136,C,21,6,13,58418936,7,7,21,2026-07-26T05:05:10.004758,13,20
2026-07-26 05:04:46,mediboard,경기도,0,0,A2100122,(의)효심의료재단용인서울병원,2136,D,21,9,10,58419308,0,0,21,2026-07-26T05:05:10.004758,9,10
2026-07-26 05:04:46,mediboard,경기도,0,0,A2100052,가톨릭대학교부천성모병원,2113,C,21,27,31,58418941,6,6,21,2026-07-26T05:05:10.004758,33,37
2026-07-26 05:04:46,mediboard,경기도,7,8,A2100012,가톨릭대학교성빈센트병원,2122,C,21,17,28,58419093,6,6,21,2026-07-26T05:05:10.004758,28,40
2026-07-26 05:04:46,mediboard,경기도,11,11,A2100040,가톨릭대학교의정부성모병원,2138,A,21,29,44,58418988,6,6,21,2026-07-26T05:05:10.004758,46,61
2026-07-26 05:04:46,mediboard,경기도,0,0,A2100029,강남병원,2134,C,21,13,17,58419209,3,3,21,2026-07-26T05:05:10.004758,16,20
2026-07-26 05:04:46,mediboard,경기도,0,0,A2100032,경기도의료원수원병원,2121,D,21,7,8,58419151,5,5,21,2026-07-26T05:05:10.004758,12,13
2026-07-26 05:04:46,mediboard,경기도,0,0,A2100045,경기도의료원안성병원,2126,D,21,12,14,58419152,1,5,21,2026-07-26T05:05:10.004758,13,19
2026-07-26 05:04:46,mediboard,경기도,0,0,A2100043,경기도의료원의정부병원,2138,D,21,9,10,58419304,1,1,21,2026-07-26T05:05:10.004758,10,11
2026-07-26 05:04:46,mediboard,경기도,0,0,A2100193,경기도의료원이천병원,2139,C,21,15,17,58418990,2,3,21,2026-07-26T05:05:10.004758,17,20
2026-07-26 05:04:46,mediboard,경기도,0,0,A2100035,경기도의료원파주병원,2140,C,21,16,17,58418939,3,3,21,2026-07-26T05:05:10.004758,19,20
2026-07-26 05:04:46,mediboard,경기도,0,0,A2100031,경기도의료원포천병원,2142,C,21,17,17,58419096,3,3,21,2026-07-26T05:05:10.004758,20,20
2026-07-26 05:04:46,mediboard,경기도,4,4,A2100003,고려대학교의과대학부속안산병원,2124,A,21,16,22,58418983,6,8,21,2026-07-26T05:05:10.004758,26,34
2026-07-26 05:04:46,mediboard,경기도,4,4,A2100007,광명성애병원,2106,C,21,6,11,58419258,3,5,21,2026-07-26T05:05:10.004758,13,20
2026-07-26 05:04:46,mediboard,경기도,0,0,A2100258,국군수도병원,2116,D,21,16,16,58419211,0,2,21,2026-07-26T05:05:10.004758,16,18
2026-07-26 05:04:46,mediboard,경기도,0,0,A2100049,국립암센터,2103,D,21,14,24,58419098,1,1,21,2026-07-26T05:05:10.004758,15,25
2026-07-26 05:04:46,mediboard,경기도,4,5,A2100033,국민건강보험공단일산병원,2103,A,21,17,23,58419302,5,5,21,2026-07-26T05:05:10.004758,26,33
2026-07-26 05:04:46,mediboard,경기도,0,0,A2100014,근로복지공단안산병원,2125,D,21,6,7,58419037,1,1,21,2026-07-26T05:05:10.004758,7,8
2026-07-26 05:04:46,mediboard,경기도,0,0,A2100041,남양주한양병원,2111,C,21,17,17,58419303,3,3,21,2026-07-26T05:05:10.004758,20,20
2026-07-26 05:04:46,mediboard,경기도,0,0,A2100017,대아의료재단한도병원,2124,C,21,17,17,58419038,3,3,21,2026-07-26T05:05:10.004758,20,20
2026-07-26 05:04:46,mediboard,경기도,3,3,A2100025,대진의료재단분당제생병원,2116,C,21,15,24,58419260,3,3,21,2026-07-26T05:05:10.004758,21,30
2026-07-26 05:04:46,mediboard,경기도,3,3,A2100047,동국대학교일산불교병원,2103,C,21,13,19,58419097,7,7,21,2026-07-26T05:05:10.004758,23,29
2026-07-26 05:04:46,mediboard,경기도,0,0,A2100131,메디인병원,2140,D,21,11,12,58419262,2,2,21,2026-07-26T05:05:10.004758,13,14
2026-07-26 05:04:46,mediboard,경기도,0,0,A2121142,메디필드한강병원,2136,D,21,12,17,58419267,3,3,21,2026-07-26T05:05:10.004758,15,20
2026-07-26 05:04:46,mediboard,경기도,0,0,A2100055,부천세종병원,2113,C,21,16,17,58419043,3,3,21,2026-07-26T05:05:10.004758,19,20
2026-07-26 05:04:46,mediboard,경기도,4,5,A2100001,분당서울대학교병원,2116,A,21,-4,30,58418982,5,5,21,2026-07-26T05:05:10.004758,5,40
2026-07-26 05:04:46,mediboard,경기도,6,6,A2116806,성남시의료원,2117,C,21,16,17,58419266,6,6,21,2026-07-26T05:05:10.004758,28,29
2026-07-26 05:04:46,mediboard,경기도,0,0,A2100194,세종여주병원,2131,D,21,5,6,58418942,10,10,21,2026-07-26T05:05:10.004758,15,16
2026-07-26 05:04:46,mediboard,경기도,0,0,A2100016,순천의료재단성남정병원,2117,D,21,9,9,58418986,2,2,21,2026-07-26T05:05:10.004758,11,11
2026-07-26 05:04:46,mediboard,경기도,4,5,A2100005,순천향대학교부속부천병원,2113,A,21,13,17,58418935,3,5,21,2026-07-26T05:05:10.004758,20,27
2026-07-26 05:04:46,mediboard,경기도,9,14,A2100002,아주대학교병원,2120,A,21,20,32,58419036,11,13,21,2026-07-26T05:05:10.004758,37,54
2026-07-26 05:04:46,mediboard,경기도,0,0,A2100305,안성성모병원,2126,D,21,9,9,58419265,1,1,21,2026-07-26T05:05:10.004758,10,10
2026-07-26 05:04:46,mediboard,경기도,0,0,A2100089,양평병원,2130,D,21,9,9,58419154,1,1,21,2026-07-26T05:05:10.004758,10,10
2026-07-26 05:04:46,mediboard,경기도,0,0,A2118188,엘병원,2111,D,21,8,8,58419156,2,2,21,2026-07-26T05:05:10.004758,10,10
2026-07-26 05:04:46,mediboard,경기도,6,6,A2100020,연세대학교의과대학용인세브란스병원,2134,C,21,14,16,58419300,4,4,21,2026-07-26T05:05:10.004758,24,26
2026-07-26 05:04:46,mediboard,경기도,0,0,E2100187,연천군보건의료원,2132,D,21,10,10,58418960,0,0,21,2026-07-26T05:05:10.004758,10,10
2026-07-26 05:04:46,mediboard,경기도,0,0,A2100024,오산한국병원,2133,C,21,14,17,58419301,2,3,21,2026-07-26T05:05:10.004758,16,20
2026-07-26 05:04:46,mediboard,경기도,0,0,A2100048,원광대학교산본병원,2109,C,21,13,17,58419042,3,3,21,2026-07-26T05:05:10.004758,16,20
2026-07-26 05:04:46,mediboard,경기도,0,0,A2100013,의료법인 록향의료재단 신천연합병원,2123,D,21,8,10,58419259,1,1,21,2026-07-26T05:05:10.004758,9,11
2026-07-26 05:04:46,mediboard,경기도,0,0,A2100036,의료법인 일심의료재단 포천우리병원,2142,D,21,18,18,58419041,4,4,21,2026-07-26T05:05:10.004758,22,22
2026-07-26 05:04:46,mediboard,경기도,0,0,A2100309,의료법인갈렌의료재단박병원,2141,D,21,10,10,58419100,1,1,21,2026-07-26T05:05:10.004758,11,11
2026-07-26 05:04:46,mediboard,경기도,5,5,A2100008,의료법인남촌의료재단시화병원,2123,C,21,16,16,58418984,5,6,21,2026-07-26T05:05:10.004758,26,27
2026-07-26 05:04:46,mediboard,경기도,0,0,A2100009,의료법인녹산의료재단동수원병원,2122,C,21,17,17,58419150,3,3,21,2026-07-26T05:05:10.004758,20,20
2026-07-26 05:04:46,mediboard,경기도,0,0,A2100050,의료법인대인의료재단다니엘종합병원,2113,D,21,6,6,58419306,4,4,21,2026-07-26T05:05:10.004758,10,10
2026-07-26 05:04:46,mediboard,경기도,3,3,A2121061,의료법인덕산의료재단수원덕산병원,2119,D,21,23,24,58419309,3,3,21,2026-07-26T05:05:10.004758,29,30
2026-07-26 05:04:46,mediboard,경기도,0,0,A2117135,의료법인명인의료재단화홍병원,2119,C,21,12,15,58419045,5,5,21,2026-07-26T05:05:10.004758,17,20
2026-07-26 05:04:46,mediboard,경기도,3,3,A2100042,의료법인명지의료재단명지병원,2102,A,21,9,15,58419261,10,11,21,2026-07-26T05:05:10.004758,19,26
2026-07-26 05:04:46,mediboard,경기도,0,0,A2100022,의료법인박애의료재단박애병원,2141,D,21,10,10,58419039,1,1,21,2026-07-26T05:05:10.004758,11,11
2026-07-26 05:04:46,mediboard,경기도,0,0,A2100028,의료법인백송의료재단굿모닝병원,2141,C,21,17,19,58419040,8,9,21,2026-07-26T05:05:10.004758,25,28
2026-07-26 05:04:46,mediboard,경기도,0,0,A2100027,의료법인석경의료재단센트럴병원,2123,D,21,18,18,58419095,3,3,21,2026-07-26T05:05:10.004758,21,21
2026-07-26 05:04:46,mediboard,경기도,0,0,A2116972,의료법인성광의료재단일산차병원,2103,D,21,6,6,58419044,3,4,21,2026-07-26T05:05:10.004758,9,10
2026-07-26 05:04:46,mediboard,경기도,0,0,A2113246,의료법인양진의료재단평택성모병원,2141,C,21,16,17,58419101,3,3,21,2026-07-26T05:05:10.004758,19,20
2026-07-26 05:04:46,mediboard,경기도,0,0,A2100034,의료법인영동의료재단의정부백병원,2138,D,21,8,10,58418938,2,2,21,2026-07-26T05:05:10.004758,10,12
2026-07-26 05:04:46,mediboard,경기도,0,0,A2100053,의료법인우리의료재단김포우리병원,2110,C,21,18,22,58419153,7,7,21,2026-07-26T05:05:10.004758,25,29
2026-07-26 05:04:46,mediboard,경기도,0,0,A2115699,의료법인원광의료재단원광종합병원,2146,D,21,8,9,58418991,1,1,21,2026-07-26T05:05:10.004758,9,10
2026-07-26 05:04:46,mediboard,경기도,0,0,A2100018,의료법인은혜와감사의료재단화성중앙종합병원,2144,D,21,9,9,58419208,1,1,21,2026-07-26T05:05:10.004758,10,10
2026-07-26 05:04:46,mediboard,경기도,0,0,A2100006,의료법인인봉의료재단뉴고려병원,2110,C,21,13,14,58419257,6,6,21,2026-07-26T05:05:10.004758,19,20
2026-07-26 05:04:46,mediboard,경기도,0,0,A2100290,의료법인자인의료재단(더자인병원),2102,D,21,16,16,58419099,4,4,21,2026-07-26T05:05:10.004758,20,20
2026-07-26 05:04:46,mediboard,경기도,0,0,A2100124,의료법인칠석의료재단사랑의병원,2125,D,21,12,13,58418989,1,1,21,2026-07-26T05:05:10.004758,13,14
2026-07-26 05:04:46,mediboard,경기도,0,0,A2100175,의료법인토마스의료재단윌스기념병원,2122,D,21,15,18,58419264,3,3,21,2026-07-26T05:05:10.004758,18,21
2026-07-26 05:04:46,mediboard,경기도,0,0,A2100021,의료법인플러스의료재단단원병원,2124,D,21,14,17,58419094,3,3,21,2026-07-26T05:05:10.004758,17,20
2026-07-26 05:04:46,mediboard,경기도,0,4,A2100038,인제대학교일산백병원,2104,C,21,22,34,58419210,5,6,21,2026-07-26T05:05:10.004758,27,44
2026-07-26 05:04:46,mediboard,경기도,0,0,A2118788,중앙대학교광명병원,2106,C,21,18,21,58418943,2,3,21,2026-07-26T05:05:10.004758,20,24
2026-07-26 05:04:46,mediboard,경기도,11,13,A2100030,차의과학대학교분당차병원,2116,A,21,18,22,58418937,7,7,21,2026-07-26T05:05:10.004758,34,40
2026-07-26 05:04:46,mediboard,경기도,1,1,A2100155,참조은병원,2107,C,21,3,9,58419263,10,10,21,2026-07-26T05:05:10.004758,14,20
2026-07-26 05:04:46,mediboard,경기도,0,0,A2100150,추병원,2138,D,21,12,12,58419155,2,2,21,2026-07-26T05:05:10.004758,14,14
2026-07-26 05:04:46,mediboard,경기도,6,6,A2117994,학교법인을지학원의정부을지대학교병원,2138,C,21,29,30,58419046,10,11,21,2026-07-26T05:05:10.004758,45,47
2026-07-26 05:04:46,mediboard,경기도,9,9,A2100046,한림대학교동탄성심병원,2147,C,21,24,32,58419305,3,3,21,2026-07-26T05:05:10.004758,36,44
2026-07-26 05:04:46,mediboard,경기도,3,3,A2100004,한림대학교성심병원,2127,A,21,17,25,58418934,11,11,21,2026-07-26T05:05:10.004758,31,39
2026-07-26 05:04:46,mediboard,경기도,0,0,A2100039,한양대학교구리병원,2108,C,21,15,18,58418987,5,5,21,2026-07-26T05:05:10.004758,20,23
2026-07-26 05:04:46,mediboard,경기도,0,0,A2100037,현대병원,2111,C,21,15,17,58418940,3,3,21,2026-07-26T05:05:10.004758,18,20
2026-07-26 05:04:46,mediboard,경기도,0,0,A2100015,효산의료재단안양샘병원,2128,C,21,9,17,58418985,3,3,21,2026-07-26T05:05:10.004758,12,20
2026-07-26 05:04:46,mediboard,경기도,0,0,A2100054,효산의료재단지샘병원,2109,C,21,16,18,58419307,4,4,21,2026-07-26T05:05:10.004758,20,22
2026-07-26 05:04:46,mediboard,강원특별자치도,3,3,A2200008,강릉아산병원,2201,A,22,17,23,58419157,5,5,22,2026-07-26T05:05:10.004758,25,31
2026-07-26 05:04:46,mediboard,강원특별자치도,3,3,A2200009,강원대학교병원,2213,C,22,20,21,58419310,5,5,22,2026-07-26T05:05:10.004758,28,29
2026-07-26 05:04:46,mediboard,강원특별자치도,0,0,A2200011,강원특별자치도강릉의료원,2201,D,22,4,5,58419103,1,1,22,2026-07-26T05:05:10.004758,5,6
2026-07-26 05:04:46,mediboard,강원특별자치도,1,1,A2200007,강원특별자치도삼척의료원,2204,C,22,16,16,58418944,3,5,22,2026-07-26T05:05:10.004758,20,22
2026-07-26 05:04:46,mediboard,강원특별자치도,0,0,A2200012,강원특별자치도속초의료원,2205,C,22,17,17,58419311,3,3,22,2026-07-26T05:05:10.004758,20,20
2026-07-26 05:04:46,mediboard,강원특별자치도,0,0,A2200002,강원특별자치도영월의료원,2208,D,22,9,9,58418992,1,1,22,2026-07-26T05:05:10.004758,10,10
2026-07-26 05:04:46,mediboard,강원특별자치도,0,0,A2200015,강원특별자치도원주의료원,2209,D,22,16,17,58419105,3,3,22,2026-07-26T05:05:10.004758,19,20
2026-07-26 05:04:46,mediboard,강원특별자치도,0,0,A2200048,근로복지공단정선병원,2211,D,22,5,5,58419048,1,1,22,2026-07-26T05:05:10.004758,6,6
2026-07-26 05:04:46,mediboard,강원특별자치도,0,0,A2200004,근로복지공단태백병원,2214,D,22,9,9,58419047,1,1,22,2026-07-26T05:05:10.004758,10,10
2026-07-26 05:04:46,mediboard,강원특별자치도,1,3,A2200001,연세대학교원주세브란스기독병원,2209,A,22,25,31,58419102,28,45,22,2026-07-26T05:05:10.004758,54,79
2026-07-26 05:04:46,mediboard,강원특별자치도,0,0,A2200005,의료법인강릉동인병원,2201,C,22,13,17,58419213,3,3,22,2026-07-26T05:05:10.004758,16,20
2026-07-26 05:04:46,mediboard,강원특별자치도,0,0,A2200003,의료법인동해동인병원,2203,D,22,9,10,58419212,1,1,22,2026-07-26T05:05:10.004758,10,11
2026-07-26 05:04:46,mediboard,강원특별자치도,0,0,A2200037,의료법인성심의료재단양구성심병원,2206,D,22,5,5,58419312,1,1,22,2026-07-26T05:05:10.004758,6,6
2026-07-26 05:04:46,mediboard,강원특별자치도,0,0,A2200024,의료법인성지의료재단성지병원,2209,D,22,6,7,58419159,1,1,22,2026-07-26T05:05:10.004758,7,8
2026-07-26 05:04:46,mediboard,강원특별자치도,0,0,A2200046,의료법인온세움의료재단온재병원,2205,D,22,4,9,58419313,1,1,22,2026-07-26T05:05:10.004758,5,10
2026-07-26 05:04:46,mediboard,강원특별자치도,0,0,A2201730,철원병원,2212,D,22,5,5,58418993,1,1,22,2026-07-26T05:05:10.004758,6,6
2026-07-26 05:04:46,mediboard,강원특별자치도,0,0,E2200026,평창군보건의료원,2215,D,22,6,6,58419069,1,1,22,2026-07-26T05:05:10.004758,7,7
2026-07-26 05:04:46,mediboard,강원특별자치도,3,3,A2200013,한림대학교춘천성심병원,2213,A,22,16,22,58418945,5,5,22,2026-07-26T05:05:10.004758,24,30
2026-07-26 05:04:46,mediboard,강원특별자치도,0,0,A2200014,홍천아산병원,2216,D,22,9,10,58419104,0,0,22,2026-07-26T05:05:10.004758,9,10
2026-07-26 05:04:46,mediboard,강원특별자치도,0,0,E2200025,화천군보건의료원,2217,D,22,7,7,58419184,1,1,22,2026-07-26T05:05:10.004758,8,8
2026-07-26 05:04:46,mediboard,강원특별자치도,0,0,A2200016,횡성대성병원,2218,D,22,8,9,58419158,1,1,22,2026-07-26T05:05:10.004758,9,10
2026-07-26 05:04:46,mediboard,충청북도,0,0,A2300010,건국대학교충주병원,2314,C,23,13,20,58419314,3,3,23,2026-07-26T05:05:10.004758,16,23
2026-07-26 05:04:46,mediboard,충청북도,0,0,E2300011,단양군보건의료원,2302,D,23,5,6,58419017,1,2,23,2026-07-26T05:05:10.004758,6,8
2026-07-26 05:04:46,mediboard,충청북도,0,0,A2300013,의료법인 건명의료재단 중앙제일병원,2309,C,23,14,17,58419214,3,5,23,2026-07-26T05:05:10.004758,17,22
2026-07-26 05:04:46,mediboard,충청북도,0,0,A2300034,의료법인대광의료재단괴산성모병원,2301,D,23,9,9,58419108,0,1,23,2026-07-26T05:05:10.004758,9,10
2026-07-26 05:04:46,mediboard,충청북도,3,3,A2300009,의료법인명지의료재단명지병원,2307,C,23,15,18,58419107,6,6,23,2026-07-26T05:05:10.004758,24,27
2026-07-26 05:04:46,mediboard,충청북도,0,0,A2300007,의료법인인화재단한국병원,2310,C,23,9,14,58419106,5,6,23,2026-07-26T05:05:10.004758,14,20
2026-07-26 05:04:46,mediboard,충청북도,0,0,A2300005,의료법인자산의료재단제천서울병원,2307,C,23,11,15,58418996,4,5,23,2026-07-26T05:05:10.004758,15,20
2026-07-26 05:04:46,mediboard,충청북도,0,0,A2300003,의료법인정산의료재단효성병원,2310,C,23,16,18,58418995,5,5,23,2026-07-26T05:05:10.004758,21,23
2026-07-26 05:04:46,mediboard,충청북도,0,0,A2300030,의료법인조윤의료재단영동병원,2304,D,23,10,10,58419215,0,0,23,2026-07-26T05:05:10.004758,10,10
2026-07-26 05:04:46,mediboard,충청북도,0,0,A2300002,의료법인한마음의료재단하나병원,2313,C,23,7,11,58418946,12,12,23,2026-07-26T05:05:10.004758,19,23
2026-07-26 05:04:46,mediboard,충청북도,0,0,A2300011,의료법인힐링의료재단옥천성모병원,2305,D,23,7,7,58419268,3,3,23,2026-07-26T05:05:10.004758,10,10
2026-07-26 05:04:46,mediboard,충청북도,0,0,A2300008,청주성모병원,2312,C,23,9,15,58418947,6,10,23,2026-07-26T05:05:10.004758,15,25
2026-07-26 05:04:46,mediboard,충청북도,6,8,A2300001,충북대학교병원,2311,A,23,30,32,58418994,5,5,23,2026-07-26T05:05:10.004758,41,45
2026-07-26 05:04:46,mediboard,충청북도,0,0,A2300006,충청북도청주의료원,2311,D,23,12,12,58419050,4,4,23,2026-07-26T05:05:10.004758,16,16
2026-07-26 05:04:46,mediboard,충청북도,0,0,A2300004,충청북도충주의료원,2314,D,23,16,18,58419049,3,3,23,2026-07-26T05:05:10.004758,19,21
2026-07-26 05:04:46,mediboard,충청남도,4,4,A2400002,단국대학교의과대학부속병원,2412,A,24,19,27,58418998,5,5,24,2026-07-26T05:05:10.004758,28,36
2026-07-26 05:04:46,mediboard,충청남도,0,0,A2400008,당진종합병원,2405,C,24,12,17,58418999,3,3,24,2026-07-26T05:05:10.004758,15,20
2026-07-26 05:04:46,mediboard,충청남도,0,4,A2400003,서산중앙병원,2408,C,24,17,17,58418948,3,3,24,2026-07-26T05:05:10.004758,20,24
2026-07-26 05:04:46,mediboard,충청남도,0,0,A2402257,아산충무병원,2410,C,24,12,13,58419315,8,8,24,2026-07-26T05:05:10.004758,20,21
2026-07-26 05:04:46,mediboard,충청남도,0,0,A2400044,의료법인 서해병원,2409,D,24,5,5,58419000,2,2,24,2026-07-26T05:05:10.004758,7,7
2026-07-26 05:04:46,mediboard,충청남도,0,0,A2400004,의료법인 예당의료재단 예산종합병원,2411,D,24,5,6,58419160,1,1,24,2026-07-26T05:05:10.004758,6,7
2026-07-26 05:04:46,mediboard,충청남도,0,0,A2400009,의료법인백제병원,2404,C,24,18,20,58418950,3,3,24,2026-07-26T05:05:10.004758,21,23
2026-07-26 05:04:46,mediboard,충청남도,0,0,A2400012,의료법인영서의료재단천안충무병원,2413,C,24,14,16,58419109,5,5,24,2026-07-26T05:05:10.004758,19,21
2026-07-26 05:04:46,mediboard,충청남도,0,0,A2400011,재단법인아산사회복지재단보령아산병원,2406,C,24,16,17,58419051,3,3,24,2026-07-26T05:05:10.004758,19,20
2026-07-26 05:04:46,mediboard,충청남도,0,0,E2400032,청양군보건의료원,2414,D,24,6,6,58419126,1,1,24,2026-07-26T05:05:10.004758,7,7
2026-07-26 05:04:46,mediboard,충청남도,0,0,A2400010,충청남도공주의료원,2402,D,24,14,15,58418951,1,1,24,2026-07-26T05:05:10.004758,15,16
2026-07-26 05:04:46,mediboard,충청남도,0,0,A2400006,충청남도서산의료원,2408,C,24,16,17,58418949,3,3,24,2026-07-26T05:05:10.004758,19,20
2026-07-26 05:04:46,mediboard,충청남도,0,0,A2400005,충청남도천안의료원,2412,D,24,10,12,58419216,1,2,24,2026-07-26T05:05:10.004758,11,14
2026-07-26 05:04:46,mediboard,충청남도,1,1,A2400007,충청남도홍성의료원,2416,C,24,15,18,58419269,3,3,24,2026-07-26T05:05:10.004758,19,22
2026-07-26 05:04:46,mediboard,충청남도,0,0,E2400033,태안군보건의료원,2415,D,24,9,10,58418961,1,1,24,2026-07-26T05:05:10.004758,10,11
2026-07-26 05:04:46,mediboard,충청남도,0,0,A2400038,학교법인건양교육재단건양대학교부여병원,2407,D,24,8,9,58419110,1,1,24,2026-07-26T05:05:10.004758,9,10
2026-07-26 05:04:46,mediboard,충청남도,18,18,A2400001,학교법인동은학원순천향대학교부속천안병원,2412,A,24,16,22,58418997,11,11,24,2026-07-26T05:05:10.004758,41,47
2026-07-26 05:04:46,mediboard,충청남도,0,0,A2400039,현대병원,2410,D,24,10,10,58419217,1,1,24,2026-07-26T05:05:10.004758,11,11
2026-07-26 05:04:46,mediboard,전북특별자치도,0,0,A2500038,김제우석병원,2503,D,25,10,10,58418952,1,1,25,2026-07-26T05:05:10.004758,11,11
2026-07-26 05:04:46,mediboard,전북특별자치도,0,0,A2500056,대자인병원,2512,C,25,28,33,58419112,3,3,25,2026-07-26T05:05:10.004758,31,36
2026-07-26 05:04:46,mediboard,전북특별자치도,0,0,E2500019,무주군보건의료원,2505,D,25,4,4,58419284,1,1,25,2026-07-26T05:05:10.004758,5,5
2026-07-26 05:04:46,mediboard,전북특별자치도,0,0,A2500010,부안성모병원,2506,D,25,10,10,58419219,2,2,25,2026-07-26T05:05:10.004758,12,12
2026-07-26 05:04:46,mediboard,전북특별자치도,3,3,A2502742,새강병원,2513,D,25,13,14,58419318,3,3,25,2026-07-26T05:05:10.004758,19,20
2026-07-26 05:04:46,mediboard,전북특별자치도,0,0,E2500021,순창군보건의료원,2507,D,25,9,9,58419018,1,1,25,2026-07-26T05:05:10.004758,10,10
2026-07-26 05:04:46,mediboard,전북특별자치도,3,3,A2500001,원광대학교병원,2509,A,25,13,28,58419316,5,5,25,2026-07-26T05:05:10.004758,21,36
2026-07-26 05:04:46,mediboard,전북특별자치도,0,0,A2500011,의료법인대산의료재단익산병원,2509,C,25,12,17,58419111,3,3,25,2026-07-26T05:05:10.004758,15,20
2026-07-26 05:04:46,mediboard,전북특별자치도,0,0,A2500009,의료법인석천재단고창병원,2501,D,25,8,10,58419270,1,1,25,2026-07-26T05:05:10.004758,9,11
2026-07-26 05:04:46,mediboard,전북특별자치도,0,0,A2500005,의료법인영경의료재단전주병원,2513,C,25,11,17,58419162,3,3,25,2026-07-26T05:05:10.004758,14,20
2026-07-26 05:04:46,mediboard,전북특별자치도,0,0,A2501890,의료법인영경의료재단호성전주병원,2512,D,25,8,9,58419052,1,1,25,2026-07-26T05:05:10.004758,9,10
2026-07-26 05:04:46,mediboard,전북특별자치도,0,0,A2500012,의료법인오성의료재단동군산병원,2502,C,25,13,17,58419317,6,6,25,2026-07-26T05:05:10.004758,19,23
2026-07-26 05:04:46,mediboard,전북특별자치도,0,0,E2500022,임실군보건의료원,2510,D,25,4,4,58419285,1,1,25,2026-07-26T05:05:10.004758,5,5
2026-07-26 05:04:46,mediboard,전북특별자치도,0,0,E2500020,장수군보건의료원,2511,D,25,5,5,58419127,1,1,25,2026-07-26T05:05:10.004758,6,6
2026-07-26 05:04:46,mediboard,전북특별자치도,0,0,A2500008,재단법인 아산사회복지재단 정읍아산병원,2514,C,25,15,17,58419002,3,3,25,2026-07-26T05:05:10.004758,18,20
2026-07-26 05:04:46,mediboard,전북특별자치도,6,12,A2500006,재단법인예수병원유지재단예수병원,2513,C,25,22,38,58419001,5,5,25,2026-07-26T05:05:10.004758,31,53
2026-07-26 05:04:46,mediboard,전북특별자치도,3,5,A2500002,전북대학교병원,2512,A,25,18,36,58419218,7,7,25,2026-07-26T05:05:10.004758,28,48
2026-07-26 05:04:46,mediboard,전북특별자치도,0,0,A2500007,전북특별자치도군산의료원,2502,C,25,10,17,58419163,3,3,25,2026-07-26T05:05:10.004758,13,20
2026-07-26 05:04:46,mediboard,전북특별자치도,0,0,A2500004,전북특별자치도남원의료원,2504,C,25,16,17,58419161,3,3,25,2026-07-26T05:05:10.004758,19,20
2026-07-26 05:04:46,mediboard,전북특별자치도,0,0,A2502031,진안군의료원,2515,D,25,6,6,58419220,2,2,25,2026-07-26T05:05:10.004758,8,8
2026-07-26 05:04:46,mediboard,전라남도,0,0,A2600029,곡성사랑병원,2603,D,26,5,5,58419222,1,1,26,2026-07-26T05:05:10.004758,6,6
2026-07-26 05:04:46,mediboard,전라남도,0,0,A2600006,광양사랑병원,2604,D,26,8,9,58418954,1,1,26,2026-07-26T05:05:10.004758,9,10
2026-07-26 05:04:46,mediboard,전라남도,0,0,A2600061,구례병원,2605,D,26,10,10,58419273,0,0,26,2026-07-26T05:05:10.004758,10,10
2026-07-26 05:04:46,mediboard,전라남도,0,0,A2600016,나주종합병원,2606,D,26,9,10,58419165,0,0,26,2026-07-26T05:05:10.004758,9,10
2026-07-26 05:04:46,mediboard,전라남도,0,0,A2600054,담양사랑병원,2607,D,26,5,6,58419169,2,2,26,2026-07-26T05:05:10.004758,7,8
2026-07-26 05:04:46,mediboard,전라남도,0,0,A2600003,대송의료재단무안병원,2609,D,26,4,4,58419271,1,1,26,2026-07-26T05:05:10.004758,5,5
2026-07-26 05:04:46,mediboard,전라남도,0,0,A2600020,목포기독병원,2608,D,26,13,17,58419004,3,3,26,2026-07-26T05:05:10.004758,16,20
2026-07-26 05:04:46,mediboard,전라남도,0,0,A2600022,목포시의료원,2608,D,26,9,9,58419322,1,1,26,2026-07-26T05:05:10.004758,10,10
2026-07-26 05:04:46,mediboard,전라남도,3,3,A2600011,목포한국병원,2608,A,26,14,18,58419113,5,5,26,2026-07-26T05:05:10.004758,22,26
2026-07-26 05:04:46,mediboard,전라남도,0,0,A2600052,보성아산병원,2610,D,26,8,8,58419326,1,1,26,2026-07-26T05:05:10.004758,9,9
2026-07-26 05:04:46,mediboard,전라남도,0,0,A2602211,빛가람종합병원,2606,D,26,8,9,58419056,1,1,26,2026-07-26T05:05:10.004758,9,10
2026-07-26 05:04:46,mediboard,전라남도,2,4,A2600019,성가롤로병원,2611,A,26,7,18,58419166,5,5,26,2026-07-26T05:05:10.004758,14,27
2026-07-26 05:04:46,mediboard,전라남도,0,0,A2600008,순천제일병원,2611,D,26,9,9,58419221,1,1,26,2026-07-26T05:05:10.004758,10,10
2026-07-26 05:04:46,mediboard,전라남도,0,0,A2600004,순천중앙병원,2611,D,26,4,5,58419164,1,1,26,2026-07-26T05:05:10.004758,5,6
2026-07-26 05:04:46,mediboard,전라남도,0,0,A2600010,여수전남병원,2613,D,26,9,10,58419320,1,1,26,2026-07-26T05:05:10.004758,10,11
2026-07-26 05:04:46,mediboard,전라남도,0,0,A2600014,여천전남병원,2613,C,26,15,17,58419003,3,3,26,2026-07-26T05:05:10.004758,18,20
2026-07-26 05:04:46,mediboard,전라남도,0,0,A2600015,영광종합병원,2614,D,26,9,10,58419272,3,3,26,2026-07-26T05:05:10.004758,12,13
2026-07-26 05:04:46,mediboard,전라남도,0,0,A2600070,영암한국병원,2615,D,26,8,8,58419274,0,1,26,2026-07-26T05:05:10.004758,8,9
2026-07-26 05:04:46,mediboard,전라남도,0,0,A2600032,완도대성병원,2616,D,26,4,5,58419115,1,1,26,2026-07-26T05:05:10.004758,5,6
2026-07-26 05:04:46,mediboard,전라남도,0,0,A2600034,의료법인 거명의료재단 영광기독병원,2614,D,26,10,10,58419168,1,1,26,2026-07-26T05:05:10.004758,11,11
2026-07-26 05:04:46,mediboard,전라남도,0,0,A2600017,의료법인목포구암의료재단목포중앙병원,2608,C,26,13,16,58419054,4,4,26,2026-07-26T05:05:10.004758,17,20
2026-07-26 05:04:46,mediboard,전라남도,0,0,A2600066,의료법인삼호의료재단벌교삼호병원,2610,D,26,6,6,58419006,1,1,26,2026-07-26T05:05:10.004758,7,7
2026-07-26 05:04:46,mediboard,전라남도,0,0,A2600051,의료법인신안대우병원,2612,D,26,4,4,58419325,1,1,26,2026-07-26T05:05:10.004758,5,5
2026-07-26 05:04:46,mediboard,전라남도,0,0,A2600018,의료법인영성의료재단고흥종합병원,2602,D,26,10,10,58419114,0,0,26,2026-07-26T05:05:10.004758,10,10
2026-07-26 05:04:46,mediboard,전라남도,0,0,A2600021,의료법인우범의료재단장흥종합병원,2618,D,26,9,9,58419321,1,1,26,2026-07-26T05:05:10.004758,10,10
2026-07-26 05:04:46,mediboard,전라남도,0,0,A2600068,의료법인장호의료재단녹동현대병원,2602,D,26,2,3,58419170,2,2,26,2026-07-26T05:05:10.004758,4,5
2026-07-26 05:04:46,mediboard,전라남도,0,0,A2600005,의료법인한국의료재단한국병원,2611,D,26,9,11,58418953,1,1,26,2026-07-26T05:05:10.004758,10,12
2026-07-26 05:04:46,mediboard,전라남도,0,0,A2600027,의료법인한마음의료재단여수제일병원,2613,D,26,7,9,58419167,1,1,26,2026-07-26T05:05:10.004758,8,10
2026-07-26 05:04:46,mediboard,전라남도,0,0,A2600035,의료법인행복나눔의료재단장성병원,2617,D,26,4,4,58419055,1,1,26,2026-07-26T05:05:10.004758,5,5
2026-07-26 05:04:46,mediboard,전라남도,0,0,A2600009,의료법인행촌의료재단해남종합병원,2621,D,26,10,10,58419319,1,1,26,2026-07-26T05:05:10.004758,11,11
2026-07-26 05:04:46,mediboard,전라남도,0,0,A2600024,의료법인현경의료재단광양서울병원,2604,D,26,7,9,58419323,1,1,26,2026-07-26T05:05:10.004758,8,10
2026-07-26 05:04:46,mediboard,전라남도,0,0,A2600037,장흥우리병원,2618,D,26,4,4,58419005,1,1,26,2026-07-26T05:05:10.004758,5,5
2026-07-26 05:04:46,mediboard,전라남도,0,0,A2600050,전라남도강진의료원,2601,D,26,9,9,58419223,1,1,26,2026-07-26T05:05:10.004758,10,10
2026-07-26 05:04:46,mediboard,전라남도,0,0,A2600056,전라남도순천의료원,2611,D,26,6,6,58419327,2,2,26,2026-07-26T05:05:10.004758,8,8
2026-07-26 05:04:46,mediboard,전라남도,0,0,A2600040,진도한국병원,2619,D,26,4,4,58419324,1,1,26,2026-07-26T05:05:10.004758,5,5
2026-07-26 05:04:46,mediboard,전라남도,0,0,A2600077,해남우리종합병원,2621,D,26,14,15,58419007,4,4,26,2026-07-26T05:05:10.004758,18,19
2026-07-26 05:04:46,mediboard,전라남도,1,1,A2600001,화순전남대학교병원,2622,C,26,16,16,58419053,7,7,26,2026-07-26T05:05:10.004758,24,24
2026-07-26 05:04:46,mediboard,경상북도,0,0,A2700018,경상북도김천의료원,2706,D,27,16,17,58419176,1,1,27,2026-07-26T05:05:10.004758,17,18
2026-07-26 05:04:46,mediboard,경상북도,0,0,A2700001,경상북도안동의료원,2711,D,27,6,6,58418955,2,2,27,2026-07-26T05:05:10.004758,8,8
2026-07-26 05:04:46,mediboard,경상북도,0,0,A2700005,경상북도포항의료원,2724,D,27,6,8,58419171,2,2,27,2026-07-26T05:05:10.004758,8,10
2026-07-26 05:04:46,mediboard,경상북도,0,0,A2700097,계명대학교경주동산병원,2702,D,27,8,9,58419224,1,1,27,2026-07-26T05:05:10.004758,9,10
2026-07-26 05:04:46,mediboard,경상북도,0,0,A2700015,구미강동병원,2704,D,27,7,7,58419175,3,3,27,2026-07-26T05:05:10.004758,10,10
2026-07-26 05:04:46,mediboard,경상북도,2,3,A2700003,동국대학교의과대학경주병원,2702,C,27,13,16,58419275,7,7,27,2026-07-26T05:05:10.004758,22,26
2026-07-26 05:04:46,mediboard,경상북도,0,0,A2700011,상주적십자병원,2709,D,27,6,9,58419328,1,1,27,2026-07-26T05:05:10.004758,7,10
2026-07-26 05:04:46,mediboard,경상북도,4,4,A2700013,순천향대학교부속구미병원,2704,C,27,10,13,58419059,3,3,27,2026-07-26T05:05:10.004758,17,20
2026-07-26 05:04:46,mediboard,경상북도,0,0,A2700004,안동성소병원,2711,C,27,10,12,58418956,8,8,27,2026-07-26T05:05:10.004758,18,20
2026-07-26 05:04:46,mediboard,경상북도,0,0,A2700008,에스포항병원,2723,D,27,5,6,58419173,1,1,27,2026-07-26T05:05:10.004758,6,7
2026-07-26 05:04:46,mediboard,경상북도,0,0,A2700017,영남대학교의과대학부속영천병원,2715,D,27,9,10,58419117,3,3,27,2026-07-26T05:05:10.004758,12,13
2026-07-26 05:04:46,mediboard,경상북도,0,0,A2700031,영주기독병원,2714,D,27,3,4,58419009,1,1,27,2026-07-26T05:05:10.004758,4,5
2026-07-26 05:04:46,mediboard,경상북도,0,0,A2700020,영주자인병원,2714,D,27,4,4,58419118,1,1,27,2026-07-26T05:05:10.004758,5,5
2026-07-26 05:04:46,mediboard,경상북도,0,0,A2702752,영주적십자병원,2714,D,27,9,10,58419061,1,1,27,2026-07-26T05:05:10.004758,10,11
2026-07-26 05:04:46,mediboard,경상북도,0,0,E2700553,울릉군보건의료원,2717,D,27,4,5,58418962,0,0,27,2026-07-26T05:05:10.004758,4,5
2026-07-26 05:04:46,mediboard,경상북도,0,0,A2700052,울진군의료원,2718,D,27,6,8,58419011,2,2,27,2026-07-26T05:05:10.004758,8,10
2026-07-26 05:04:46,mediboard,경상북도,0,0,A2700019,의)근원의료재단경산중앙병원,2701,D,27,10,10,58419008,2,2,27,2026-07-26T05:05:10.004758,12,12
2026-07-26 05:04:46,mediboard,경상북도,0,0,A2700038,의료법인대남의료재단청도대남병원,2720,D,27,10,10,58419329,0,0,27,2026-07-26T05:05:10.004758,10,10
2026-07-26 05:04:46,mediboard,경상북도,0,0,A2700012,의료법인덕산의료재단김천제일병원,2706,C,27,15,16,58419174,4,4,27,2026-07-26T05:05:10.004758,19,20
2026-07-26 05:04:46,mediboard,경상북도,0,0,A2700006,의료법인동춘의료재단문경제일병원,2707,C,27,15,17,58419172,2,3,27,2026-07-26T05:05:10.004758,17,20
2026-07-26 05:04:46,mediboard,경상북도,0,0,A2700009,의료법인삼백의료재단상주성모병원,2709,D,27,9,9,58419276,1,1,27,2026-07-26T05:05:10.004758,10,10
2026-07-26 05:04:46,mediboard,경상북도,0,0,A2700036,의료법인서명의료재단세명종합병원,2701,D,27,11,13,58419010,2,2,27,2026-07-26T05:05:10.004758,13,15
2026-07-26 05:04:46,mediboard,경상북도,0,0,A2700023,의료법인서준의료재단예천권병원,2716,D,27,6,6,58419060,1,1,27,2026-07-26T05:05:10.004758,7,7
2026-07-26 05:04:46,mediboard,경상북도,2,3,A2700014,의료법인안동병원,2711,A,27,12,17,58418957,5,5,27,2026-07-26T05:05:10.004758,19,25
2026-07-26 05:04:46,mediboard,경상북도,0,0,A2700070,의료법인영암의료재단고령영생병원,2703,D,27,5,5,58419120,1,1,27,2026-07-26T05:05:10.004758,6,6
2026-07-26 05:04:46,mediboard,경상북도,0,0,A2700063,의료법인영제의료재단영남제일병원,2719,D,27,4,5,58419119,1,1,27,2026-07-26T05:05:10.004758,5,6
2026-07-26 05:04:46,mediboard,경상북도,0,0,A2702563,의료법인은성의료재단좋은선린병원,2724,D,27,9,10,58419121,2,2,27,2026-07-26T05:05:10.004758,11,12
2026-07-26 05:04:46,mediboard,경상북도,4,5,A2700007,차의과학대학교부속구미차병원,2704,A,27,15,20,58419058,6,12,27,2026-07-26T05:05:10.004758,25,37
2026-07-26 05:04:46,mediboard,경상북도,0,0,E2700554,청송군보건의료원,2721,D,27,5,5,58419185,1,1,27,2026-07-26T05:05:10.004758,6,6
2026-07-26 05:04:46,mediboard,경상북도,11,11,A2700016,포항성모병원,2723,A,27,12,20,58419116,5,15,27,2026-07-26T05:05:10.004758,28,46
2026-07-26 05:04:46,mediboard,경상북도,0,0,A2700002,포항세명기독병원,2723,C,27,11,15,58419057,10,10,27,2026-07-26T05:05:10.004758,21,25
2026-07-26 05:04:46,mediboard,경상남도,0,0,A2800032,강병원,2803,D,28,9,9,58419227,1,1,28,2026-07-26T05:05:10.004758,10,10
2026-07-26 05:04:46,mediboard,경상남도,0,0,A2803677,강일병원,2804,D,28,8,8,58419066,3,3,28,2026-07-26T05:05:10.004758,11,11
2026-07-26 05:04:46,mediboard,경상남도,0,0,A2800076,거창적십자병원,2802,D,28,9,9,58419230,1,1,28,2026-07-26T05:05:10.004758,10,10
2026-07-26 05:04:46,mediboard,경상남도,3,3,A2800001,경상국립대학교병원,2811,A,28,19,30,58419277,5,5,28,2026-07-26T05:05:10.004758,27,38
2026-07-26 05:04:46,mediboard,경상남도,0,0,A2800025,경상남도마산의료원,2813,D,28,11,13,58419064,2,2,28,2026-07-26T05:05:10.004758,13,15
2026-07-26 05:04:46,mediboard,경상남도,0,0,A2800113,밀양병원,2806,D,28,7,8,58419282,1,1,28,2026-07-26T05:05:10.004758,8,9
2026-07-26 05:04:46,mediboard,경상남도,0,0,A2800084,반도병원,2811,D,28,7,7,58419182,1,1,28,2026-07-26T05:05:10.004758,8,8
2026-07-26 05:04:46,mediboard,경상남도,0,0,A2800019,베데스다복음병원,2809,D,28,9,9,58419279,1,1,28,2026-07-26T05:05:10.004758,10,10
2026-07-26 05:04:46,mediboard,경상남도,0,0,E2800380,산청군보건의료원,2808,D,28,5,5,58419070,1,1,28,2026-07-26T05:05:10.004758,6,6
2026-07-26 05:04:46,mediboard,경상남도,0,0,A2800055,삼성합천병원,2822,D,28,4,4,58419228,1,1,28,2026-07-26T05:05:10.004758,5,5
2026-07-26 05:04:46,mediboard,경상남도,0,0,A2800101,삼천포제일병원,2807,D,28,8,8,58419065,2,2,28,2026-07-26T05:05:10.004758,10,10
2026-07-26 05:04:46,mediboard,경상남도,0,0,A2800092,새통영병원,2818,D,28,7,9,58419014,1,1,28,2026-07-26T05:05:10.004758,8,10
2026-07-26 05:04:46,mediboard,경상남도,9,10,A2800011,양산부산대학교병원,2809,A,28,11,23,58419122,7,8,28,2026-07-26T05:05:10.004758,25,39
2026-07-26 05:04:46,mediboard,경상남도,0,0,A2804593,양산성모병원,2809,D,28,9,13,58419067,1,1,28,2026-07-26T05:05:10.004758,10,14
2026-07-26 05:04:46,mediboard,경상남도,0,0,A2800021,연세에스병원,2817,D,28,9,9,58419013,1,1,28,2026-07-26T05:05:10.004758,10,10
2026-07-26 05:04:46,mediboard,경상남도,0,0,A2800090,의령병원,2810,D,28,4,4,58419124,1,1,28,2026-07-26T05:05:10.004758,5,5
2026-07-26 05:04:46,mediboard,경상남도,0,0,A2800008,의료법인 거붕 백병원,2801,D,28,8,9,58419178,1,1,28,2026-07-26T05:05:10.004758,9,10
2026-07-26 05:04:46,mediboard,경상남도,0,0,A2800005,의료법인 대우의료재단대우병원,2801,D,28,8,9,58418958,1,1,28,2026-07-26T05:05:10.004758,9,10
2026-07-26 05:04:46,mediboard,경상남도,0,0,A2800015,의료법인 문병욱의료재단 진주고려병원,2811,D,28,10,10,58419278,1,1,28,2026-07-26T05:05:10.004758,11,11
2026-07-26 05:04:46,mediboard,경상남도,0,0,A2800022,의료법인 성념의료재단맑은샘병원,2801,D,28,9,9,58419330,1,1,28,2026-07-26T05:05:10.004758,10,10
2026-07-26 05:04:46,mediboard,경상남도,0,0,A2800094,의료법인 이도의료재단 남해병원,2805,D,28,8,8,58419125,2,2,28,2026-07-26T05:05:10.004758,10,10
2026-07-26 05:04:46,mediboard,경상남도,0,0,A2800014,의료법인갑을의료재단 갑을장유병원,2804,D,28,9,9,58419180,1,1,28,2026-07-26T05:05:10.004758,10,10
2026-07-26 05:04:46,mediboard,경상남도,0,0,A2800006,의료법인숭인의료재단 김해복음병원,2804,C,28,15,16,58419225,4,4,28,2026-07-26T05:05:10.004758,19,20
2026-07-26 05:04:46,mediboard,경상남도,0,0,A2800068,의료법인승연의료재단 삼천포서울병원,2807,D,28,8,9,58419229,1,1,28,2026-07-26T05:05:10.004758,9,10
2026-07-26 05:04:46,mediboard,경상남도,0,0,A2800009,의료법인청아의료재단청아병원,2814,D,28,9,9,58419179,1,1,28,2026-07-26T05:05:10.004758,10,10
2026-07-26 05:04:46,mediboard,경상남도,0,0,A2800017,의료법인합포의료재단에스엠지연세병원,2813,C,28,17,17,58419123,3,3,28,2026-07-26T05:05:10.004758,20,20
2026-07-26 05:04:46,mediboard,경상남도,0,0,A2800010,의료법인환명의료재단 조은금강병원,2804,C,28,13,17,58419063,3,3,28,2026-07-26T05:05:10.004758,16,20
2026-07-26 05:04:46,mediboard,경상남도,0,0,A2800003,제일병원,2811,C,28,14,17,58419062,3,3,28,2026-07-26T05:05:10.004758,17,20
2026-07-26 05:04:46,mediboard,경상남도,0,0,A2800037,진주복음병원,2811,D,28,7,9,58418959,1,1,28,2026-07-26T05:05:10.004758,8,10
2026-07-26 05:04:46,mediboard,경상남도,0,0,A2803505,창원경상국립대학교병원,2815,C,28,17,18,58419015,3,10,28,2026-07-26T05:05:10.004758,20,28
2026-07-26 05:04:46,mediboard,경상남도,0,0,A2800004,창원파티마병원,2816,C,28,7,17,58419177,3,3,28,2026-07-26T05:05:10.004758,10,20
2026-07-26 05:04:46,mediboard,경상남도,0,0,A2800007,창원한마음병원,2816,C,28,13,21,58419226,4,4,28,2026-07-26T05:05:10.004758,17,25
2026-07-26 05:04:46,mediboard,경상남도,0,0,A2800062,태황의료재단한성병원,2812,D,28,9,9,58419281,1,1,28,2026-07-26T05:05:10.004758,10,10
2026-07-26 05:04:46,mediboard,경상남도,8,8,A2800020,학교법인성균관대학삼성창원병원,2814,A,28,22,27,58419012,5,5,28,2026-07-26T05:05:10.004758,35,40
2026-07-26 05:04:46,mediboard,경상남도,0,0,A2800043,한일병원,2811,C,28,16,17,58419280,3,3,28,2026-07-26T05:05:10.004758,19,20
2026-07-26 05:04:46,mediboard,경상남도,0,0,A2800080,함양성심병원,2821,D,28,4,4,58419181,1,1,28,2026-07-26T05:05:10.004758,5,5
2026-07-26 05:04:46,mediboard,제주특별자치도,0,0,A2900003,의료법인 혜인의료재단 한국병원,2902,D,29,3,9,58419231,1,1,29,2026-07-26T05:05:10.004758,4,10
2026-07-26 05:04:46,mediboard,제주특별자치도,1,1,A2900006,의료법인중앙의료재단중앙병원,2902,C,29,12,16,58419068,3,3,29,2026-07-26T05:05:10.004758,16,20
2026-07-26 05:04:46,mediboard,제주특별자치도,0,0,A2900007,제주대학교병원,2902,C,29,13,20,58419183,3,6,29,2026-07-26T05:05:10.004758,16,26
2026-07-26 05:04:46,mediboard,제주특별자치도,4,4,A2900002,제주특별자치도서귀포의료원,2901,C,29,12,16,58419016,5,5,29,2026-07-26T05:05:10.004758,21,25
2026-07-26 05:04:46,mediboard,제주특별자치도,3,3,A2900001,제주한라병원,2902,A,29,14,17,58419331,5,5,29,2026-07-26T05:05:10.004758,22,25
2026-07-26 05:04:46,mediboard,제주특별자치도,0,0,A2900005,한마음병원,2902,C,29,12,17,58419283,1,3,29,2026-07-26T05:05:10.004758,13,20
2026-07-26 06:43:04,mediboard,서울특별시,0,0,A1100011,가톨릭대학교여의도성모병원,1120,C,11,10,15,58426977,5,5,11,2026-07-26T06:40:10.006149,15,20
2026-07-26 06:43:04,mediboard,서울특별시,8,8,A1121013,가톨릭대학교은평성모병원,1122,C,11,15,24,58427196,3,4,11,2026-07-26T06:40:10.006149,26,36
2026-07-26 06:43:04,mediboard,서울특별시,3,3,A1100043,강동경희대학교병원,1102,A,11,3,15,58426870,5,5,11,2026-07-26T06:40:10.006149,11,23
2026-07-26 06:43:04,mediboard,서울특별시,2,2,A1100006,강북삼성병원,1123,C,11,11,15,58427190,3,3,11,2026-07-26T06:40:10.006149,16,20
2026-07-26 06:43:04,mediboard,서울특별시,4,4,A1100002,건국대학교병원,1106,C,11,10,20,58427090,3,3,11,2026-07-26T06:40:10.006149,17,27
2026-07-26 06:43:04,mediboard,서울특별시,0,0,A1100039,경찰병원,1118,D,11,2,3,58427095,2,2,11,2026-07-26T06:40:10.006149,4,5
2026-07-26 06:43:04,mediboard,서울특별시,3,3,A1100001,경희대학교병원,1111,C,11,13,15,58427032,5,5,11,2026-07-26T06:40:10.006149,21,23
2026-07-26 06:43:04,mediboard,서울특별시,3,3,A1100014,고려대학교의과대학부속구로병원,1107,A,11,22,29,58426978,4,5,11,2026-07-26T06:40:10.006149,29,37
2026-07-26 06:43:04,mediboard,서울특별시,0,0,A1100026,구로성심병원,1107,D,11,7,9,58427193,1,1,11,2026-07-26T06:40:10.006149,8,10
2026-07-26 06:43:04,mediboard,서울특별시,3,3,A1100052,국립중앙의료원,1124,C,11,17,17,58427141,10,10,11,2026-07-26T06:40:10.006149,30,30
2026-07-26 06:43:04,mediboard,서울특별시,0,0,A1122033,기쁨병원,1115,D,11,1,4,58426825,1,1,11,2026-07-26T06:40:10.006149,2,5
2026-07-26 06:43:04,mediboard,서울특별시,0,0,A1100048,노원을지대학교병원,1109,C,11,16,17,58426823,5,5,11,2026-07-26T06:40:10.006149,21,22
2026-07-26 06:43:04,mediboard,서울특별시,0,0,A1100044,녹색병원,1125,D,11,2,5,58427140,5,5,11,2026-07-26T06:40:10.006149,7,10
2026-07-26 06:43:04,mediboard,서울특별시,0,0,A1100037,대림성모병원,1120,D,11,8,8,58426981,2,2,11,2026-07-26T06:40:10.006149,10,10
2026-07-26 06:43:04,mediboard,서울특별시,0,0,A1100024,명지성모병원,1120,D,11,6,8,58426821,2,2,11,2026-07-26T06:40:10.006149,8,10
2026-07-26 06:43:04,mediboard,서울특별시,0,0,A1100036,부민병원,1104,D,11,10,10,58427194,1,1,11,2026-07-26T06:40:10.006149,11,11
2026-07-26 06:43:04,mediboard,서울특별시,2,4,A1100010,삼성서울병원,1101,C,11,13,52,58427091,4,4,11,2026-07-26T06:40:10.006149,19,60
2026-07-26 06:43:04,mediboard,서울특별시,0,0,A1100021,삼육서울병원,1111,C,11,12,13,58427092,5,7,11,2026-07-26T06:40:10.006149,17,20
2026-07-26 06:43:04,mediboard,서울특별시,12,12,A1100017,서울대학교병원,1123,A,11,-3,24,58426820,8,8,11,2026-07-26T06:40:10.006149,15,42
2026-07-26 06:43:04,mediboard,서울특별시,0,0,A1100050,서울성심병원,1111,D,11,17,17,58427096,3,3,11,2026-07-26T06:40:10.006149,20,20
2026-07-26 06:43:04,mediboard,서울특별시,0,0,A1100029,서울적십자병원,1123,D,11,9,10,58426924,1,1,11,2026-07-26T06:40:10.006149,10,11
2026-07-26 06:43:04,mediboard,서울특별시,0,0,A1100022,서울특별시동부병원,1111,D,11,8,8,58426867,2,2,11,2026-07-26T06:40:10.006149,10,10
2026-07-26 06:43:04,mediboard,서울특별시,3,3,A1100040,서울특별시보라매병원,1112,C,11,23,31,58426925,3,3,11,2026-07-26T06:40:10.006149,29,37
2026-07-26 06:43:04,mediboard,서울특별시,0,0,A1100223,서울특별시서남병원,1119,D,11,17,17,58426871,3,3,11,2026-07-26T06:40:10.006149,20,20
2026-07-26 06:43:04,mediboard,서울특별시,3,3,A1100035,서울특별시서울의료원,1125,A,11,12,19,58427094,5,5,11,2026-07-26T06:40:10.006149,20,27
2026-07-26 06:43:04,mediboard,서울특별시,0,0,A1100028,성심의료재단강동성심병원,1102,C,11,9,15,58427093,9,9,11,2026-07-26T06:40:10.006149,18,24
2026-07-26 06:43:04,mediboard,서울특별시,0,0,A1100054,성애의료재단성애병원,1120,C,11,13,15,58427142,5,11,11,2026-07-26T06:40:10.006149,18,26
2026-07-26 06:43:04,mediboard,서울특별시,0,0,A1100032,세란병원,1123,D,11,8,10,58426980,1,1,11,2026-07-26T06:40:10.006149,9,11
2026-07-26 06:43:04,mediboard,서울특별시,4,4,A1100004,순천향대학교부속서울병원,1121,C,11,19,20,58426976,3,3,11,2026-07-26T06:40:10.006149,26,27
2026-07-26 06:43:04,mediboard,서울특별시,0,0,A1100045,씨엠병원,1120,D,11,9,9,58427036,1,1,11,2026-07-26T06:40:10.006149,10,10
2026-07-26 06:43:04,mediboard,서울특별시,2,2,A1100015,연세대학교의과대학강남세브란스병원,1101,C,11,11,21,58427192,2,3,11,2026-07-26T06:40:10.006149,15,26
2026-07-26 06:43:04,mediboard,서울특별시,7,10,A1100007,연세대학교의과대학세브란스병원,1114,C,11,9,39,58427137,6,6,11,2026-07-26T06:40:10.006149,20,53
2026-07-26 06:43:04,mediboard,서울특별시,0,0,A1100025,의료법인동신의료재단동신병원,1114,D,11,7,9,58427139,1,1,11,2026-07-26T06:40:10.006149,8,10
2026-07-26 06:43:04,mediboard,서울특별시,0,0,A1100041,의료법인서울효천의료재단에이치플러스양지병원,1105,C,11,18,18,58426869,3,3,11,2026-07-26T06:40:10.006149,21,21
2026-07-26 06:43:04,mediboard,서울특별시,0,0,A1100023,의료법인청구성심병원,1122,D,11,8,10,58426868,1,1,11,2026-07-26T06:40:10.006149,9,11
2026-07-26 06:43:04,mediboard,서울특별시,0,0,A1100075,의료법인풍산의료재단동부제일병원,1125,D,11,7,7,58426824,1,1,11,2026-07-26T06:40:10.006149,8,8
2026-07-26 06:43:04,mediboard,서울특별시,2,2,A1100020,의료법인한전의료재단한일병원,1110,C,11,9,21,58427035,3,4,11,2026-07-26T06:40:10.006149,14,27
2026-07-26 06:43:04,mediboard,서울특별시,8,8,A1100005,이화여자대학교의과대학부속목동병원,1119,A,11,13,19,58427136,6,6,11,2026-07-26T06:40:10.006149,27,33
2026-07-26 06:43:04,mediboard,서울특별시,7,9,A1120796,이화여자대학교의과대학부속서울병원,1104,C,11,5,14,58427097,8,8,11,2026-07-26T06:40:10.006149,20,31
2026-07-26 06:43:04,mediboard,서울특별시,0,0,A1100016,인제대학교상계백병원,1109,C,11,12,16,58427138,7,7,11,2026-07-26T06:40:10.006149,19,23
2026-07-26 06:43:04,mediboard,서울특별시,6,14,A1100009,재단법인아산사회복지재단서울아산병원,1118,C,11,15,36,58427034,11,26,11,2026-07-26T06:40:10.006149,29,73
2026-07-26 06:43:04,mediboard,서울특별시,4,4,A1100003,중앙대학교병원,1112,C,11,13,18,58426975,0,0,11,2026-07-26T06:40:10.006149,17,22
2026-07-26 06:43:04,mediboard,서울특별시,5,9,A1100012,학교법인가톨릭학원가톨릭대학교서울성모병원,1115,C,11,-4,28,58426923,4,8,11,2026-07-26T06:40:10.006149,3,43
2026-07-26 06:43:04,mediboard,서울특별시,4,4,A1100008,학교법인고려중앙학원고려대학교의과대학부속병원(안암병원),1117,A,11,15,30,58427033,6,9,11,2026-07-26T06:40:10.006149,25,43
2026-07-26 06:43:04,mediboard,서울특별시,0,0,A1100053,한국보훈복지의료공단중앙보훈병원,1102,C,11,19,22,58426982,3,3,11,2026-07-26T06:40:10.006149,22,25
2026-07-26 06:43:04,mediboard,서울특별시,0,0,A1100027,한국원자력의학원원자력병원,1109,D,11,9,9,58426822,2,3,11,2026-07-26T06:40:10.006149,11,12
2026-07-26 06:43:04,mediboard,서울특별시,3,3,A1100055,한림대학교강남성심병원,1120,C,11,18,20,58427038,5,5,11,2026-07-26T06:40:10.006149,26,28
2026-07-26 06:43:04,mediboard,서울특별시,3,3,A1100013,한양대학교병원,1116,A,11,13,20,58427191,6,12,11,2026-07-26T06:40:10.006149,22,35
2026-07-26 06:43:04,mediboard,서울특별시,0,0,A1100051,혜민병원,1106,D,11,8,9,58427037,1,1,11,2026-07-26T06:40:10.006149,9,10
2026-07-26 06:43:04,mediboard,서울특별시,0,0,A1100019,홍익병원,1119,D,11,8,9,58426979,1,1,11,2026-07-26T06:40:10.006149,9,10
2026-07-26 06:43:04,mediboard,서울특별시,0,0,A1100049,희명병원,1108,D,11,10,10,58427195,1,1,11,2026-07-26T06:40:10.006149,11,11
2026-07-26 06:43:04,mediboard,부산광역시,0,0,A1200028,(의)서일의료재단기장병원,1203,D,12,9,9,58427099,1,1,12,2026-07-26T06:40:10.006149,10,10
2026-07-26 06:43:04,mediboard,부산광역시,0,0,A1200004,고신대학교복음병원,1211,C,12,20,25,58426872,5,5,12,2026-07-26T06:40:10.006149,25,30
2026-07-26 06:43:04,mediboard,부산광역시,0,0,A1200045,구포성심병원,1208,D,12,6,9,58426930,1,1,12,2026-07-26T06:40:10.006149,7,10
2026-07-26 06:43:04,mediboard,부산광역시,3,3,A1200018,대동병원,1206,C,12,12,15,58426985,3,3,12,2026-07-26T06:40:10.006149,18,21
2026-07-26 06:43:04,mediboard,부산광역시,0,0,A1200015,동남권원자력의학원원자력병원,1203,D,12,7,9,58427042,1,1,12,2026-07-26T06:40:10.006149,8,10
2026-07-26 06:43:04,mediboard,부산광역시,0,0,A1200011,동래봉생병원,1206,D,12,6,8,58427145,2,2,12,2026-07-26T06:40:10.006149,8,10
2026-07-26 06:43:04,mediboard,부산광역시,3,3,A1200003,동아대학교병원,1211,A,12,25,26,58427197,8,8,12,2026-07-26T06:40:10.006149,36,37
2026-07-26 06:43:04,mediboard,부산광역시,0,0,A1200024,부산광역시의료원,1213,D,12,15,18,58427147,2,8,12,2026-07-26T06:40:10.006149,17,26
2026-07-26 06:43:04,mediboard,부산광역시,3,3,A1200002,부산대학교병원,1211,C,12,17,19,58426826,3,3,12,2026-07-26T06:40:10.006149,23,25
2026-07-26 06:43:04,mediboard,부산광역시,4,4,A1200013,부산성모병원(재단법인 천주교부산교구유지재단),1204,D,12,9,10,58427041,5,5,12,2026-07-26T06:40:10.006149,18,19
2026-07-26 06:43:04,mediboard,부산광역시,0,0,A1200007,비에이치에스한서병원,1212,C,12,17,17,58427040,3,3,12,2026-07-26T06:40:10.006149,20,20
2026-07-26 06:43:04,mediboard,부산광역시,0,0,A1200021,삼육부산병원,1211,D,12,6,9,58426928,1,1,12,2026-07-26T06:40:10.006149,7,10
2026-07-26 06:43:04,mediboard,부산광역시,0,0,A1200014,영도병원,1214,D,12,6,7,58426927,2,2,12,2026-07-26T06:40:10.006149,8,9
2026-07-26 06:43:04,mediboard,부산광역시,0,0,A1200009,의료법인 광혜의료재단 광혜병원,1206,D,12,9,9,58427144,3,3,12,2026-07-26T06:40:10.006149,12,12
2026-07-26 06:43:04,mediboard,부산광역시,0,0,A1200098,의료법인 센텀의료재단 센텀종합병원,1212,D,12,8,9,58427043,1,1,12,2026-07-26T06:40:10.006149,9,10
2026-07-26 06:43:04,mediboard,부산광역시,0,0,A1200020,의료법인 온그룹의료재단 온병원,1207,C,12,15,20,58426827,2,3,12,2026-07-26T06:40:10.006149,17,23
2026-07-26 06:43:04,mediboard,부산광역시,0,0,A1200008,의료법인 은성의료재단 좋은강안병원,1212,D,12,16,18,58426983,3,3,12,2026-07-26T06:40:10.006149,19,21
2026-07-26 06:43:04,mediboard,부산광역시,1,1,A1200005,의료법인 은성의료재단 좋은삼선병원,1209,C,12,10,13,58426926,4,6,12,2026-07-26T06:40:10.006149,15,20
2026-07-26 06:43:04,mediboard,부산광역시,0,0,A1200006,의료법인 인당의료재단 부민병원,1208,D,12,8,10,58427143,2,2,12,2026-07-26T06:40:10.006149,10,12
2026-07-26 06:43:04,mediboard,부산광역시,0,0,A1205143,의료법인 인당의료재단 해운대부민병원,1216,D,12,7,9,58427100,1,1,12,2026-07-26T06:40:10.006149,8,10
2026-07-26 06:43:04,mediboard,부산광역시,0,0,A1200012,의료법인 행도의료재단 해동병원,1214,D,12,4,6,58426873,1,1,12,2026-07-26T06:40:10.006149,5,7
2026-07-26 06:43:04,mediboard,부산광역시,0,0,A1200017,의료법인정화의료재단 봉생기념병원,1205,D,12,7,9,58426984,1,2,12,2026-07-26T06:40:10.006149,8,11
2026-07-26 06:43:04,mediboard,부산광역시,2,3,A1200022,인제대학교 해운대백병원,1216,A,12,23,29,58427098,3,5,12,2026-07-26T06:40:10.006149,28,37
2026-07-26 06:43:04,mediboard,부산광역시,0,0,A1200001,인제대학교부산백병원,1207,C,12,16,18,58427039,3,3,12,2026-07-26T06:40:10.006149,19,21
2026-07-26 06:43:04,mediboard,부산광역시,0,0,A1200023,재단법인천주교부산교구유지재단 메리놀병원,1215,D,12,7,9,58426929,1,1,12,2026-07-26T06:40:10.006149,8,10
2026-07-26 06:43:04,mediboard,부산광역시,2,2,A1200026,좋은문화병원,1205,D,12,5,7,58426829,3,3,12,2026-07-26T06:40:10.006149,10,12
2026-07-26 06:43:04,mediboard,부산광역시,0,0,A1200025,학교법인 춘해병원,1207,D,12,7,9,58426828,1,1,12,2026-07-26T06:40:10.006149,8,10
2026-07-26 06:43:04,mediboard,부산광역시,0,0,A1200019,학교법인)동의병원,1207,D,12,13,14,58426874,1,1,12,2026-07-26T06:40:10.006149,14,15
2026-07-26 06:43:04,mediboard,부산광역시,0,0,A1200016,한국보훈복지의료공단 부산보훈병원,1209,D,12,11,11,58427146,2,2,12,2026-07-26T06:40:10.006149,13,13
2026-07-26 06:43:04,mediboard,인천광역시,0,0,A1300081,(재)미리내천주성삼성직수도회천주성삼병원,1307,D,13,6,9,58427045,1,2,13,2026-07-26T06:40:10.006149,7,11
2026-07-26 06:43:04,mediboard,인천광역시,0,0,A1300018,강남종합병원,1304,D,13,14,15,58427152,1,1,13,2026-07-26T06:40:10.006149,15,16
2026-07-26 06:43:04,mediboard,인천광역시,4,4,A1300002,경북대학교병원,1308,A,13,16,27,58427148,5,5,13,2026-07-26T06:40:10.006149,25,36
2026-07-26 06:43:04,mediboard,인천광역시,0,0,A1303386,계명대학교대구동산병원,1308,D,13,12,12,58426876,2,2,13,2026-07-26T06:40:10.006149,14,14
2026-07-26 06:43:04,mediboard,인천광역시,0,0,A1300003,계명대학교동산병원,1302,C,13,8,20,58426830,5,5,13,2026-07-26T06:40:10.006149,13,25
2026-07-26 06:43:04,mediboard,인천광역시,0,0,A1300008,곽병원,1308,D,13,8,10,58427151,2,2,13,2026-07-26T06:40:10.006149,10,12
2026-07-26 06:43:04,mediboard,인천광역시,0,0,A1300038,나사렛종합병원,1302,D,13,9,9,58427198,4,10,13,2026-07-26T06:40:10.006149,13,19
2026-07-26 06:43:04,mediboard,인천광역시,0,0,A1300004,대구가톨릭대학교병원,1301,C,13,13,24,58426932,4,4,13,2026-07-26T06:40:10.006149,17,28
2026-07-26 06:43:04,mediboard,인천광역시,0,0,A1300005,대구가톨릭대학교칠곡가톨릭병원,1305,D,13,5,9,58427149,1,1,13,2026-07-26T06:40:10.006149,6,10
2026-07-26 06:43:04,mediboard,인천광역시,0,0,A1300076,대구굿모닝병원,1306,D,13,16,17,58427153,2,2,13,2026-07-26T06:40:10.006149,18,19
2026-07-26 06:43:04,mediboard,인천광역시,0,0,A1300007,대구의료원,1306,D,13,15,18,58427150,2,2,13,2026-07-26T06:40:10.006149,17,20
2026-07-26 06:43:04,mediboard,인천광역시,3,5,A1300009,대구파티마병원,1304,C,13,-1,25,58426933,6,7,13,2026-07-26T06:40:10.006149,8,37
2026-07-26 06:43:04,mediboard,인천광역시,0,0,A1300110,더블유병원,1302,D,13,9,10,58426986,1,1,13,2026-07-26T06:40:10.006149,10,11
2026-07-26 06:43:04,mediboard,인천광역시,0,0,A1300034,드림종합병원,1301,D,13,6,8,58427044,2,2,13,2026-07-26T06:40:10.006149,8,10
2026-07-26 06:43:04,mediboard,인천광역시,0,0,A1300045,삼일병원,1302,D,13,10,14,58426935,1,1,13,2026-07-26T06:40:10.006149,11,15
2026-07-26 06:43:04,mediboard,인천광역시,3,3,A1300001,영남대학교병원,1301,A,13,21,28,58426931,5,5,13,2026-07-26T06:40:10.006149,29,36
2026-07-26 06:43:04,mediboard,인천광역시,0,0,A1300006,의료법인구의료재단구병원,1302,D,13,7,10,58426875,1,1,13,2026-07-26T06:40:10.006149,8,11
2026-07-26 06:43:04,mediboard,인천광역시,9,9,A1300010,칠곡경북대학교병원,1305,C,13,15,23,58427101,6,6,13,2026-07-26T06:40:10.006149,28,36
2026-07-26 06:43:04,mediboard,인천광역시,0,0,A1300011,한국보훈복지의료공단대구보훈병원,1302,D,13,11,12,58426934,2,2,13,2026-07-26T06:40:10.006149,13,14
2026-07-26 06:43:04,mediboard,대구광역시,0,0,A1400008,(의)성세의료재단 뉴성민병원,1407,D,14,9,9,58426878,1,1,14,2026-07-26T06:40:10.006149,10,10
2026-07-26 06:43:04,mediboard,대구광역시,3,3,A1400015,가톨릭관동대학교국제성모병원,1407,C,14,18,23,58426989,5,5,14,2026-07-26T06:40:10.006149,26,31
2026-07-26 06:43:04,mediboard,대구광역시,4,4,A1400012,가톨릭대학교 인천성모병원,1406,C,14,8,19,58427103,8,8,14,2026-07-26T06:40:10.006149,20,31
2026-07-26 06:43:04,mediboard,대구광역시,0,0,A1400010,검단탑병원,1407,C,14,17,18,58426831,3,3,14,2026-07-26T06:40:10.006149,20,21
2026-07-26 06:43:04,mediboard,대구광역시,0,0,A1403617,비에스종합병원,1401,D,14,8,10,58427048,1,1,14,2026-07-26T06:40:10.006149,9,11
2026-07-26 06:43:04,mediboard,대구광역시,0,0,A1400013,안은의료재단 부평세림병원,1406,C,14,14,16,58426988,4,4,14,2026-07-26T06:40:10.006149,18,20
2026-07-26 06:43:04,mediboard,대구광역시,0,0,A1400005,온누리병원,1407,D,14,7,9,58427102,2,2,14,2026-07-26T06:40:10.006149,9,11
2026-07-26 06:43:04,mediboard,대구광역시,9,11,A1400001,의료법인 길의료재단 길병원,1404,A,14,16,25,58427154,7,7,14,2026-07-26T06:40:10.006149,30,41
2026-07-26 06:43:04,mediboard,대구광역시,0,0,A1400011,의료법인 나사렛의료재단 나사렛국제병원,1408,C,14,12,17,58426832,3,5,14,2026-07-26T06:40:10.006149,15,22
2026-07-26 06:43:04,mediboard,대구광역시,0,0,A1400003,의료법인 루가의료재단 나은병원,1407,C,14,8,11,58426877,10,10,14,2026-07-26T06:40:10.006149,18,21
2026-07-26 06:43:04,mediboard,대구광역시,0,0,A1400007,의료법인 성수의료재단 인천백병원,1405,D,14,5,5,58426987,1,1,14,2026-07-26T06:40:10.006149,6,6
2026-07-26 06:43:04,mediboard,대구광역시,0,0,A1400014,의료법인인성의료재단한림병원,1402,C,14,15,17,58427104,4,4,14,2026-07-26T06:40:10.006149,19,21
2026-07-26 06:43:04,mediboard,대구광역시,0,0,A1400017,인천광역시의료원,1405,D,14,14,15,58426880,2,2,14,2026-07-26T06:40:10.006149,16,17
2026-07-26 06:43:04,mediboard,대구광역시,0,0,A1400037,인천광역시의료원백령병원,1409,D,14,5,5,58426991,1,1,14,2026-07-26T06:40:10.006149,6,6
2026-07-26 06:43:04,mediboard,대구광역시,0,0,A1400009,인천기독병원,1410,D,14,8,8,58426879,1,1,14,2026-07-26T06:40:10.006149,9,9
2026-07-26 06:43:04,mediboard,대구광역시,0,0,A1400016,인천사랑병원,1403,C,14,9,14,58427046,7,7,14,2026-07-26T06:40:10.006149,16,21
2026-07-26 06:43:04,mediboard,대구광역시,0,0,A1403372,인천세종병원,1402,C,14,15,18,58427047,3,3,14,2026-07-26T06:40:10.006149,18,21
2026-07-26 06:43:04,mediboard,대구광역시,0,0,A1400018,인천적십자병원,1408,D,14,8,8,58426990,2,2,14,2026-07-26T06:40:10.006149,10,10
2026-07-26 06:43:04,mediboard,대구광역시,0,0,A1403871,인천힘찬종합병원,1404,D,14,15,17,58427105,3,6,14,2026-07-26T06:40:10.006149,18,23
2026-07-26 06:43:04,mediboard,대구광역시,6,9,A1400002,인하대학교의과대학부속병원,1410,A,14,15,20,58426936,9,9,14,2026-07-26T06:40:10.006149,28,36
2026-07-26 06:43:04,mediboard,대구광역시,0,0,A1400004,현대유비스병원,1403,D,14,17,18,58427155,1,1,14,2026-07-26T06:40:10.006149,18,19
2026-07-26 06:43:04,mediboard,광주광역시,7,7,A1500019,KS병원,1501,C,15,14,15,58427106,3,3,15,2026-07-26T06:40:10.006149,24,25
2026-07-26 06:43:04,mediboard,광주광역시,0,0,A1500021,광주기독병원,1502,C,15,9,20,58427107,3,6,15,2026-07-26T06:40:10.006149,12,26
2026-07-26 06:43:04,mediboard,광주광역시,0,0,A1500015,광주병원,1504,D,15,5,10,58426835,1,1,15,2026-07-26T06:40:10.006149,6,11
2026-07-26 06:43:04,mediboard,광주광역시,0,0,A1500004,광주보훈병원,1501,D,15,10,14,58426937,2,2,15,2026-07-26T06:40:10.006149,12,16
2026-07-26 06:43:04,mediboard,광주광역시,0,0,A1502007,광주센트럴병원,1501,D,15,9,10,58427159,1,1,15,2026-07-26T06:40:10.006149,10,11
2026-07-26 06:43:04,mediboard,광주광역시,0,0,A1500018,광주수완병원,1501,D,15,9,9,58426836,0,1,15,2026-07-26T06:40:10.006149,9,10
2026-07-26 06:43:04,mediboard,광주광역시,0,0,A1500009,광주씨티병원,1502,D,15,10,10,58426833,1,1,15,2026-07-26T06:40:10.006149,11,11
2026-07-26 06:43:04,mediboard,광주광역시,0,0,A1500005,광주일곡병원,1504,D,15,9,9,58427199,1,1,15,2026-07-26T06:40:10.006149,10,10
2026-07-26 06:43:04,mediboard,광주광역시,0,0,A1500016,광주한국병원,1505,D,15,14,15,58427051,1,1,15,2026-07-26T06:40:10.006149,15,16
2026-07-26 06:43:04,mediboard,광주광역시,0,0,A1500003,광주현대병원,1504,D,15,7,9,58427049,2,2,15,2026-07-26T06:40:10.006149,9,11
2026-07-26 06:43:04,mediboard,광주광역시,0,0,A1500007,광주희망병원,1504,D,15,9,9,58426881,1,1,15,2026-07-26T06:40:10.006149,10,10
2026-07-26 06:43:04,mediboard,광주광역시,0,0,A1500013,동아병원,1502,D,15,8,9,58426834,1,1,15,2026-07-26T06:40:10.006149,9,10
2026-07-26 06:43:04,mediboard,광주광역시,0,0,A1500014,미래로21병원,1505,D,15,9,9,58427050,1,1,15,2026-07-26T06:40:10.006149,10,10
2026-07-26 06:43:04,mediboard,광주광역시,0,0,A1500022,상무병원,1505,D,15,9,9,58427158,1,1,15,2026-07-26T06:40:10.006149,10,10
2026-07-26 06:43:04,mediboard,광주광역시,2,2,A1500020,서광병원,1505,C,15,16,18,58427202,3,3,15,2026-07-26T06:40:10.006149,21,23
2026-07-26 06:43:04,mediboard,광주광역시,0,0,A1500006,신가병원,1501,D,15,7,9,58427200,2,2,15,2026-07-26T06:40:10.006149,9,11
2026-07-26 06:43:04,mediboard,광주광역시,0,0,A1500010,운암한국병원,1504,D,15,9,9,58427157,1,1,15,2026-07-26T06:40:10.006149,10,10
2026-07-26 06:43:04,mediboard,광주광역시,2,4,A1500002,전남대학교병원,1503,A,15,16,28,58427156,7,7,15,2026-07-26T06:40:10.006149,25,39
2026-07-26 06:43:04,mediboard,광주광역시,4,4,A1500001,조선대학교병원,1503,A,15,17,23,58426992,5,5,15,2026-07-26T06:40:10.006149,26,32
2026-07-26 06:43:04,mediboard,광주광역시,0,0,A1500011,첨단종합병원,1501,C,15,21,22,58427201,3,3,15,2026-07-26T06:40:10.006149,24,25
2026-07-26 06:43:04,mediboard,광주광역시,0,0,A1500017,하남성심병원,1501,D,15,16,19,58426993,1,2,15,2026-07-26T06:40:10.006149,17,21
2026-07-26 06:43:04,mediboard,대전광역시,0,0,A1600004,대전보훈병원,1601,D,16,7,7,58426837,2,2,16,2026-07-26T06:40:10.006149,9,9
2026-07-26 06:43:04,mediboard,대전광역시,0,0,A1600003,대전한국병원,1602,D,16,9,9,58426994,1,1,16,2026-07-26T06:40:10.006149,10,10
2026-07-26 06:43:04,mediboard,대전광역시,0,0,A1602246,대청병원,1603,D,16,8,9,58427108,1,1,16,2026-07-26T06:40:10.006149,9,10
2026-07-26 06:43:04,mediboard,대전광역시,0,0,A1600008,의료법인영훈의료재단대전선병원,1605,C,16,17,17,58426995,4,9,16,2026-07-26T06:40:10.006149,21,26
2026-07-26 06:43:04,mediboard,대전광역시,0,0,A1600007,의료법인영훈의료재단유성선병원,1604,C,16,14,17,58426883,3,7,16,2026-07-26T06:40:10.006149,17,24
2026-07-26 06:43:04,mediboard,대전광역시,6,6,A1600001,충남대학교병원,1605,A,16,18,28,58426938,5,5,16,2026-07-26T06:40:10.006149,29,39
2026-07-26 06:43:04,mediboard,대전광역시,0,0,A1600005,학교법인가톨릭학원가톨릭대학교대전성모병원,1605,C,16,15,19,58427203,2,3,16,2026-07-26T06:40:10.006149,17,22
2026-07-26 06:43:04,mediboard,대전광역시,3,5,A1600006,학교법인건양교육재단건양대학교병원,1603,A,16,18,24,58426882,5,5,16,2026-07-26T06:40:10.006149,26,34
2026-07-26 06:43:04,mediboard,대전광역시,0,0,A1600002,학교법인을지학원대전을지대학교병원,1603,C,16,21,23,58427160,6,6,16,2026-07-26T06:40:10.006149,27,29
2026-07-26 06:43:04,mediboard,울산광역시,0,0,A1700001,서울산보람병원,1704,D,17,8,10,58426884,1,1,17,2026-07-26T06:40:10.006149,9,11
2026-07-26 06:43:04,mediboard,울산광역시,0,0,A1700003,울산병원,1701,C,17,17,19,58427052,3,3,17,2026-07-26T06:40:10.006149,20,22
2026-07-26 06:43:04,mediboard,울산광역시,0,0,A1700002,의료법인동강의료재단동강병원,1705,C,17,23,24,58427109,3,3,17,2026-07-26T06:40:10.006149,26,27
2026-07-26 06:43:04,mediboard,울산광역시,0,0,A1700025,의료법인송은의료재단울산시티병원,1703,C,17,15,17,58427053,3,3,17,2026-07-26T06:40:10.006149,18,20
2026-07-26 06:43:04,mediboard,울산광역시,0,0,A1700011,의료법인은성의료재단좋은삼정병원,1701,D,17,9,9,58427110,1,1,17,2026-07-26T06:40:10.006149,10,10
2026-07-26 06:43:04,mediboard,울산광역시,0,0,A1700028,의료법인정안의료재단중앙병원,1701,C,17,12,17,58426939,3,3,17,2026-07-26T06:40:10.006149,15,20
2026-07-26 06:43:04,mediboard,울산광역시,8,8,A1700004,학교법인울산공업학원울산대학교병원,1702,A,17,7,23,58426996,6,6,17,2026-07-26T06:40:10.006149,21,37
2026-07-26 06:43:04,mediboard,경기도,0,0,A2100019,(의)영문의료재단다보스병원,2136,C,21,6,13,58426840,7,7,21,2026-07-26T06:40:10.006149,13,20
2026-07-26 06:43:04,mediboard,경기도,0,0,A2100122,(의)효심의료재단용인서울병원,2136,D,21,9,10,58427212,0,0,21,2026-07-26T06:40:10.006149,9,10
2026-07-26 06:43:04,mediboard,경기도,0,0,A2100052,가톨릭대학교부천성모병원,2113,C,21,24,31,58426845,6,6,21,2026-07-26T06:40:10.006149,30,37
2026-07-26 06:43:04,mediboard,경기도,8,8,A2100012,가톨릭대학교성빈센트병원,2122,C,21,22,28,58426997,6,6,21,2026-07-26T06:40:10.006149,34,40
2026-07-26 06:43:04,mediboard,경기도,11,11,A2100040,가톨릭대학교의정부성모병원,2138,A,21,23,44,58426892,6,6,21,2026-07-26T06:40:10.006149,40,61
2026-07-26 06:43:04,mediboard,경기도,0,0,A2100029,강남병원,2134,C,21,15,17,58427113,3,3,21,2026-07-26T06:40:10.006149,18,20
2026-07-26 06:43:04,mediboard,경기도,0,0,A2100032,경기도의료원수원병원,2121,D,21,7,8,58427055,5,5,21,2026-07-26T06:40:10.006149,12,13
2026-07-26 06:43:04,mediboard,경기도,0,0,A2100045,경기도의료원안성병원,2126,D,21,14,14,58427056,1,5,21,2026-07-26T06:40:10.006149,15,19
2026-07-26 06:43:04,mediboard,경기도,0,0,A2100043,경기도의료원의정부병원,2138,D,21,10,10,58427208,1,1,21,2026-07-26T06:40:10.006149,11,11
2026-07-26 06:43:04,mediboard,경기도,0,0,A2100193,경기도의료원이천병원,2139,C,21,12,17,58426894,2,3,21,2026-07-26T06:40:10.006149,14,20
2026-07-26 06:43:04,mediboard,경기도,0,0,A2100035,경기도의료원파주병원,2140,C,21,16,17,58426843,3,3,21,2026-07-26T06:40:10.006149,19,20
2026-07-26 06:43:04,mediboard,경기도,0,0,A2100031,경기도의료원포천병원,2142,C,21,16,17,58427000,3,3,21,2026-07-26T06:40:10.006149,19,20
2026-07-26 06:43:04,mediboard,경기도,4,4,A2100003,고려대학교의과대학부속안산병원,2124,A,21,16,22,58426887,7,8,21,2026-07-26T06:40:10.006149,27,34
2026-07-26 06:43:04,mediboard,경기도,4,4,A2100007,광명성애병원,2106,C,21,9,11,58427162,4,5,21,2026-07-26T06:40:10.006149,17,20
2026-07-26 06:43:04,mediboard,경기도,0,0,A2100258,국군수도병원,2116,D,21,16,16,58427115,0,2,21,2026-07-26T06:40:10.006149,16,18
2026-07-26 06:43:04,mediboard,경기도,0,0,A2100049,국립암센터,2103,D,21,14,24,58427002,1,1,21,2026-07-26T06:40:10.006149,15,25
2026-07-26 06:43:04,mediboard,경기도,2,5,A2100033,국민건강보험공단일산병원,2103,A,21,19,23,58427206,5,5,21,2026-07-26T06:40:10.006149,26,33
2026-07-26 06:43:04,mediboard,경기도,0,0,A2100014,근로복지공단안산병원,2125,D,21,7,7,58426941,1,1,21,2026-07-26T06:40:10.006149,8,8
2026-07-26 06:43:04,mediboard,경기도,0,0,A2100041,남양주한양병원,2111,C,21,16,17,58427207,3,3,21,2026-07-26T06:40:10.006149,19,20
2026-07-26 06:43:04,mediboard,경기도,0,0,A2100017,대아의료재단한도병원,2124,C,21,17,17,58426942,3,3,21,2026-07-26T06:40:10.006149,20,20
2026-07-26 06:43:04,mediboard,경기도,3,3,A2100025,대진의료재단분당제생병원,2116,C,21,19,24,58427164,3,3,21,2026-07-26T06:40:10.006149,25,30
2026-07-26 06:43:04,mediboard,경기도,3,3,A2100047,동국대학교일산불교병원,2103,C,21,13,19,58427001,7,7,21,2026-07-26T06:40:10.006149,23,29
2026-07-26 06:43:04,mediboard,경기도,0,0,A2100131,메디인병원,2140,D,21,10,12,58427166,2,2,21,2026-07-26T06:40:10.006149,12,14
2026-07-26 06:43:04,mediboard,경기도,0,0,A2121142,메디필드한강병원,2136,D,21,15,17,58427171,3,3,21,2026-07-26T06:40:10.006149,18,20
2026-07-26 06:43:04,mediboard,경기도,0,0,A2100055,부천세종병원,2113,C,21,16,17,58426947,3,3,21,2026-07-26T06:40:10.006149,19,20
2026-07-26 06:43:04,mediboard,경기도,4,5,A2100001,분당서울대학교병원,2116,A,21,-8,30,58426886,5,5,21,2026-07-26T06:40:10.006149,1,40
2026-07-26 06:43:04,mediboard,경기도,6,6,A2116806,성남시의료원,2117,C,21,16,17,58427170,6,6,21,2026-07-26T06:40:10.006149,28,29
2026-07-26 06:43:04,mediboard,경기도,0,0,A2100194,세종여주병원,2131,D,21,4,6,58426846,10,10,21,2026-07-26T06:40:10.006149,14,16
2026-07-26 06:43:04,mediboard,경기도,0,0,A2100016,순천의료재단성남정병원,2117,D,21,9,9,58426890,2,2,21,2026-07-26T06:40:10.006149,11,11
2026-07-26 06:43:04,mediboard,경기도,5,5,A2100005,순천향대학교부속부천병원,2113,A,21,12,17,58426839,3,5,21,2026-07-26T06:40:10.006149,20,27
2026-07-26 06:43:04,mediboard,경기도,11,14,A2100002,아주대학교병원,2120,A,21,26,32,58426940,12,13,21,2026-07-26T06:40:10.006149,45,54
2026-07-26 06:43:04,mediboard,경기도,0,0,A2100305,안성성모병원,2126,D,21,8,9,58427169,1,1,21,2026-07-26T06:40:10.006149,9,10
2026-07-26 06:43:04,mediboard,경기도,0,0,A2100089,양평병원,2130,D,21,7,9,58427058,1,1,21,2026-07-26T06:40:10.006149,8,10
2026-07-26 06:43:04,mediboard,경기도,0,0,A2118188,엘병원,2111,D,21,8,8,58427060,2,2,21,2026-07-26T06:40:10.006149,10,10
2026-07-26 06:43:04,mediboard,경기도,6,6,A2100020,연세대학교의과대학용인세브란스병원,2134,C,21,14,16,58427204,4,4,21,2026-07-26T06:40:10.006149,24,26
2026-07-26 06:43:04,mediboard,경기도,0,0,E2100187,연천군보건의료원,2132,D,21,10,10,58426864,0,0,21,2026-07-26T06:40:10.006149,10,10
2026-07-26 06:43:04,mediboard,경기도,0,0,A2100024,오산한국병원,2133,C,21,16,17,58427205,3,3,21,2026-07-26T06:40:10.006149,19,20
2026-07-26 06:43:04,mediboard,경기도,0,0,A2100048,원광대학교산본병원,2109,C,21,15,17,58426946,2,3,21,2026-07-26T06:40:10.006149,17,20
2026-07-26 06:43:04,mediboard,경기도,0,0,A2100013,의료법인 록향의료재단 신천연합병원,2123,D,21,7,10,58427163,1,1,21,2026-07-26T06:40:10.006149,8,11
2026-07-26 06:43:04,mediboard,경기도,0,0,A2100036,의료법인 일심의료재단 포천우리병원,2142,D,21,17,18,58426945,4,4,21,2026-07-26T06:40:10.006149,21,22
2026-07-26 06:43:04,mediboard,경기도,0,0,A2100309,의료법인갈렌의료재단박병원,2141,D,21,10,10,58427004,1,1,21,2026-07-26T06:40:10.006149,11,11
2026-07-26 06:43:04,mediboard,경기도,5,5,A2100008,의료법인남촌의료재단시화병원,2123,C,21,15,16,58426888,6,6,21,2026-07-26T06:40:10.006149,26,27
2026-07-26 06:43:04,mediboard,경기도,0,0,A2100009,의료법인녹산의료재단동수원병원,2122,C,21,14,17,58427054,3,3,21,2026-07-26T06:40:10.006149,17,20
2026-07-26 06:43:04,mediboard,경기도,0,0,A2100050,의료법인대인의료재단다니엘종합병원,2113,D,21,5,6,58427210,4,4,21,2026-07-26T06:40:10.006149,9,10
2026-07-26 06:43:04,mediboard,경기도,3,3,A2121061,의료법인덕산의료재단수원덕산병원,2119,D,21,23,24,58427213,3,3,21,2026-07-26T06:40:10.006149,29,30
2026-07-26 06:43:04,mediboard,경기도,0,0,A2117135,의료법인명인의료재단화홍병원,2119,C,21,12,15,58426949,5,5,21,2026-07-26T06:40:10.006149,17,20
2026-07-26 06:43:04,mediboard,경기도,3,3,A2100042,의료법인명지의료재단명지병원,2102,A,21,12,15,58427165,10,11,21,2026-07-26T06:40:10.006149,22,26
2026-07-26 06:43:04,mediboard,경기도,0,0,A2100022,의료법인박애의료재단박애병원,2141,D,21,10,10,58426943,1,1,21,2026-07-26T06:40:10.006149,11,11
2026-07-26 06:43:04,mediboard,경기도,0,0,A2100028,의료법인백송의료재단굿모닝병원,2141,C,21,15,19,58426944,8,9,21,2026-07-26T06:40:10.006149,23,28
2026-07-26 06:43:04,mediboard,경기도,0,0,A2100027,의료법인석경의료재단센트럴병원,2123,D,21,18,18,58426999,3,3,21,2026-07-26T06:40:10.006149,21,21
2026-07-26 06:43:04,mediboard,경기도,0,0,A2116972,의료법인성광의료재단일산차병원,2103,D,21,6,6,58426948,4,4,21,2026-07-26T06:40:10.006149,10,10
2026-07-26 06:43:04,mediboard,경기도,0,0,A2113246,의료법인양진의료재단평택성모병원,2141,C,21,14,17,58427005,3,3,21,2026-07-26T06:40:10.006149,17,20
2026-07-26 06:43:04,mediboard,경기도,0,0,A2100034,의료법인영동의료재단의정부백병원,2138,D,21,9,10,58426842,2,2,21,2026-07-26T06:40:10.006149,11,12
2026-07-26 06:43:04,mediboard,경기도,0,0,A2100053,의료법인우리의료재단김포우리병원,2110,C,21,16,22,58427057,7,7,21,2026-07-26T06:40:10.006149,23,29
2026-07-26 06:43:04,mediboard,경기도,0,0,A2115699,의료법인원광의료재단원광종합병원,2146,D,21,8,9,58426895,1,1,21,2026-07-26T06:40:10.006149,9,10
2026-07-26 06:43:04,mediboard,경기도,0,0,A2100018,의료법인은혜와감사의료재단화성중앙종합병원,2144,D,21,7,9,58427112,1,1,21,2026-07-26T06:40:10.006149,8,10
2026-07-26 06:43:04,mediboard,경기도,0,0,A2100006,의료법인인봉의료재단뉴고려병원,2110,C,21,12,14,58427161,6,6,21,2026-07-26T06:40:10.006149,18,20
2026-07-26 06:43:04,mediboard,경기도,0,0,A2100290,의료법인자인의료재단(더자인병원),2102,D,21,15,16,58427003,4,4,21,2026-07-26T06:40:10.006149,19,20
2026-07-26 06:43:04,mediboard,경기도,0,0,A2100124,의료법인칠석의료재단사랑의병원,2125,D,21,13,13,58426893,1,1,21,2026-07-26T06:40:10.006149,14,14
2026-07-26 06:43:04,mediboard,경기도,0,0,A2100175,의료법인토마스의료재단윌스기념병원,2122,D,21,17,18,58427168,3,3,21,2026-07-26T06:40:10.006149,20,21
2026-07-26 06:43:04,mediboard,경기도,0,0,A2100021,의료법인플러스의료재단단원병원,2124,D,21,15,17,58426998,3,3,21,2026-07-26T06:40:10.006149,18,20
2026-07-26 06:43:04,mediboard,경기도,0,4,A2100038,인제대학교일산백병원,2104,C,21,31,34,58427114,5,6,21,2026-07-26T06:40:10.006149,36,44
2026-07-26 06:43:04,mediboard,경기도,0,0,A2118788,중앙대학교광명병원,2106,C,21,18,21,58426847,3,3,21,2026-07-26T06:40:10.006149,21,24
2026-07-26 06:43:04,mediboard,경기도,11,13,A2100030,차의과학대학교분당차병원,2116,A,21,21,22,58426841,7,7,21,2026-07-26T06:40:10.006149,37,40
2026-07-26 06:43:04,mediboard,경기도,1,1,A2100155,참조은병원,2107,C,21,4,9,58427167,10,10,21,2026-07-26T06:40:10.006149,15,20
2026-07-26 06:43:04,mediboard,경기도,0,0,A2100150,추병원,2138,D,21,11,12,58427059,2,2,21,2026-07-26T06:40:10.006149,13,14
2026-07-26 06:43:04,mediboard,경기도,6,6,A2117994,학교법인을지학원의정부을지대학교병원,2138,C,21,28,30,58426950,11,11,21,2026-07-26T06:40:10.006149,45,47
2026-07-26 06:43:04,mediboard,경기도,9,9,A2100046,한림대학교동탄성심병원,2147,C,21,24,32,58427209,3,3,21,2026-07-26T06:40:10.006149,36,44
2026-07-26 06:43:04,mediboard,경기도,3,3,A2100004,한림대학교성심병원,2127,A,21,14,25,58426838,11,11,21,2026-07-26T06:40:10.006149,28,39
2026-07-26 06:43:04,mediboard,경기도,0,0,A2100039,한양대학교구리병원,2108,C,21,11,18,58426891,4,5,21,2026-07-26T06:40:10.006149,15,23
2026-07-26 06:43:04,mediboard,경기도,0,0,A2100037,현대병원,2111,C,21,15,17,58426844,3,3,21,2026-07-26T06:40:10.006149,18,20
2026-07-26 06:43:04,mediboard,경기도,0,0,A2100015,효산의료재단안양샘병원,2128,C,21,10,17,58426889,3,3,21,2026-07-26T06:40:10.006149,13,20
2026-07-26 06:43:04,mediboard,경기도,0,0,A2100054,효산의료재단지샘병원,2109,C,21,14,18,58427211,4,4,21,2026-07-26T06:40:10.006149,18,22
2026-07-26 06:43:04,mediboard,강원특별자치도,3,3,A2200008,강릉아산병원,2201,A,22,17,23,58427061,5,5,22,2026-07-26T06:40:10.006149,25,31
2026-07-26 06:43:04,mediboard,강원특별자치도,3,3,A2200009,강원대학교병원,2213,C,22,18,21,58427214,5,5,22,2026-07-26T06:40:10.006149,26,29
2026-07-26 06:43:04,mediboard,강원특별자치도,0,0,A2200011,강원특별자치도강릉의료원,2201,D,22,4,5,58427007,1,1,22,2026-07-26T06:40:10.006149,5,6
2026-07-26 06:43:04,mediboard,강원특별자치도,1,1,A2200007,강원특별자치도삼척의료원,2204,C,22,15,16,58426848,3,5,22,2026-07-26T06:40:10.006149,19,22
2026-07-26 06:43:04,mediboard,강원특별자치도,0,0,A2200012,강원특별자치도속초의료원,2205,C,22,17,17,58427215,3,3,22,2026-07-26T06:40:10.006149,20,20
2026-07-26 06:43:04,mediboard,강원특별자치도,0,0,A2200002,강원특별자치도영월의료원,2208,D,22,9,9,58426896,1,1,22,2026-07-26T06:40:10.006149,10,10
2026-07-26 06:43:04,mediboard,강원특별자치도,0,0,A2200015,강원특별자치도원주의료원,2209,D,22,17,17,58427009,3,3,22,2026-07-26T06:40:10.006149,20,20
2026-07-26 06:43:04,mediboard,강원특별자치도,0,0,A2200048,근로복지공단정선병원,2211,D,22,5,5,58426952,1,1,22,2026-07-26T06:40:10.006149,6,6
2026-07-26 06:43:04,mediboard,강원특별자치도,0,0,A2200004,근로복지공단태백병원,2214,D,22,9,9,58426951,1,1,22,2026-07-26T06:40:10.006149,10,10
2026-07-26 06:43:04,mediboard,강원특별자치도,3,3,A2200001,연세대학교원주세브란스기독병원,2209,A,22,24,31,58427006,27,45,22,2026-07-26T06:40:10.006149,54,79
2026-07-26 06:43:04,mediboard,강원특별자치도,0,0,A2200005,의료법인강릉동인병원,2201,C,22,14,17,58427117,3,3,22,2026-07-26T06:40:10.006149,17,20
2026-07-26 06:43:04,mediboard,강원특별자치도,0,0,A2200003,의료법인동해동인병원,2203,D,22,9,10,58427116,1,1,22,2026-07-26T06:40:10.006149,10,11
2026-07-26 06:43:04,mediboard,강원특별자치도,0,0,A2200037,의료법인성심의료재단양구성심병원,2206,D,22,4,5,58427216,1,1,22,2026-07-26T06:40:10.006149,5,6
2026-07-26 06:43:04,mediboard,강원특별자치도,0,0,A2200024,의료법인성지의료재단성지병원,2209,D,22,6,7,58427063,1,1,22,2026-07-26T06:40:10.006149,7,8
2026-07-26 06:43:04,mediboard,강원특별자치도,0,0,A2200046,의료법인온세움의료재단온재병원,2205,D,22,2,9,58427217,1,1,22,2026-07-26T06:40:10.006149,3,10
2026-07-26 06:43:04,mediboard,강원특별자치도,0,0,A2201730,철원병원,2212,D,22,5,5,58426897,1,1,22,2026-07-26T06:40:10.006149,6,6
2026-07-26 06:43:04,mediboard,강원특별자치도,0,0,E2200026,평창군보건의료원,2215,D,22,6,6,58426973,1,1,22,2026-07-26T06:40:10.006149,7,7
2026-07-26 06:43:04,mediboard,강원특별자치도,3,3,A2200013,한림대학교춘천성심병원,2213,A,22,17,22,58426849,5,5,22,2026-07-26T06:40:10.006149,25,30
2026-07-26 06:43:04,mediboard,강원특별자치도,0,0,A2200014,홍천아산병원,2216,D,22,9,10,58427008,0,0,22,2026-07-26T06:40:10.006149,9,10
2026-07-26 06:43:04,mediboard,강원특별자치도,0,0,E2200025,화천군보건의료원,2217,D,22,7,7,58427088,1,1,22,2026-07-26T06:40:10.006149,8,8
2026-07-26 06:43:04,mediboard,강원특별자치도,0,0,A2200016,횡성대성병원,2218,D,22,9,9,58427062,1,1,22,2026-07-26T06:40:10.006149,10,10
2026-07-26 06:43:04,mediboard,충청북도,0,0,A2300010,건국대학교충주병원,2314,C,23,14,20,58427218,3,3,23,2026-07-26T06:40:10.006149,17,23
2026-07-26 06:43:04,mediboard,충청북도,0,0,E2300011,단양군보건의료원,2302,D,23,6,6,58426921,1,2,23,2026-07-26T06:40:10.006149,7,8
2026-07-26 06:43:04,mediboard,충청북도,0,0,A2300013,의료법인 건명의료재단 중앙제일병원,2309,C,23,16,17,58427118,3,5,23,2026-07-26T06:40:10.006149,19,22
2026-07-26 06:43:04,mediboard,충청북도,0,0,A2300034,의료법인대광의료재단괴산성모병원,2301,D,23,9,9,58427012,0,1,23,2026-07-26T06:40:10.006149,9,10
2026-07-26 06:43:04,mediboard,충청북도,3,3,A2300009,의료법인명지의료재단명지병원,2307,C,23,16,18,58427011,6,6,23,2026-07-26T06:40:10.006149,25,27
2026-07-26 06:43:04,mediboard,충청북도,0,0,A2300007,의료법인인화재단한국병원,2310,C,23,11,14,58427010,6,6,23,2026-07-26T06:40:10.006149,17,20
2026-07-26 06:43:04,mediboard,충청북도,0,0,A2300005,의료법인자산의료재단제천서울병원,2307,C,23,12,15,58426900,4,5,23,2026-07-26T06:40:10.006149,16,20
2026-07-26 06:43:04,mediboard,충청북도,0,0,A2300003,의료법인정산의료재단효성병원,2310,C,23,17,18,58426899,5,5,23,2026-07-26T06:40:10.006149,22,23
2026-07-26 06:43:04,mediboard,충청북도,0,0,A2300030,의료법인조윤의료재단영동병원,2304,D,23,10,10,58427119,0,0,23,2026-07-26T06:40:10.006149,10,10
2026-07-26 06:43:04,mediboard,충청북도,0,0,A2300002,의료법인한마음의료재단하나병원,2313,C,23,6,11,58426850,12,12,23,2026-07-26T06:40:10.006149,18,23
2026-07-26 06:43:04,mediboard,충청북도,0,0,A2300011,의료법인힐링의료재단옥천성모병원,2305,D,23,7,7,58427172,3,3,23,2026-07-26T06:40:10.006149,10,10
2026-07-26 06:43:04,mediboard,충청북도,0,0,A2300008,청주성모병원,2312,C,23,9,15,58426851,5,10,23,2026-07-26T06:40:10.006149,14,25
2026-07-26 06:43:04,mediboard,충청북도,6,8,A2300001,충북대학교병원,2311,A,23,30,32,58426898,5,5,23,2026-07-26T06:40:10.006149,41,45
2026-07-26 06:43:04,mediboard,충청북도,0,0,A2300006,충청북도청주의료원,2311,D,23,11,12,58426954,4,4,23,2026-07-26T06:40:10.006149,15,16
2026-07-26 06:43:04,mediboard,충청북도,0,0,A2300004,충청북도충주의료원,2314,D,23,18,18,58426953,3,3,23,2026-07-26T06:40:10.006149,21,21
2026-07-26 06:43:04,mediboard,충청남도,4,4,A2400002,단국대학교의과대학부속병원,2412,A,24,15,27,58426902,5,5,24,2026-07-26T06:40:10.006149,24,36
2026-07-26 06:43:04,mediboard,충청남도,0,0,A2400008,당진종합병원,2405,C,24,12,17,58426903,3,3,24,2026-07-26T06:40:10.006149,15,20
2026-07-26 06:43:04,mediboard,충청남도,0,4,A2400003,서산중앙병원,2408,C,24,17,17,58426852,3,3,24,2026-07-26T06:40:10.006149,20,24
2026-07-26 06:43:04,mediboard,충청남도,0,0,A2402257,아산충무병원,2410,C,24,10,13,58427219,8,8,24,2026-07-26T06:40:10.006149,18,21
2026-07-26 06:43:04,mediboard,충청남도,0,0,A2400044,의료법인 서해병원,2409,D,24,5,5,58426904,2,2,24,2026-07-26T06:40:10.006149,7,7
2026-07-26 06:43:04,mediboard,충청남도,0,0,A2400004,의료법인 예당의료재단 예산종합병원,2411,D,24,6,6,58427064,1,1,24,2026-07-26T06:40:10.006149,7,7
2026-07-26 06:43:04,mediboard,충청남도,0,0,A2400009,의료법인백제병원,2404,C,24,19,20,58426854,3,3,24,2026-07-26T06:40:10.006149,22,23
2026-07-26 06:43:04,mediboard,충청남도,0,0,A2400012,의료법인영서의료재단천안충무병원,2413,C,24,13,16,58427013,5,5,24,2026-07-26T06:40:10.006149,18,21
2026-07-26 06:43:04,mediboard,충청남도,0,0,A2400011,재단법인아산사회복지재단보령아산병원,2406,C,24,16,17,58426955,3,3,24,2026-07-26T06:40:10.006149,19,20
2026-07-26 06:43:04,mediboard,충청남도,0,0,E2400032,청양군보건의료원,2414,D,24,4,6,58427030,1,1,24,2026-07-26T06:40:10.006149,5,7
2026-07-26 06:43:04,mediboard,충청남도,0,0,A2400010,충청남도공주의료원,2402,D,24,12,15,58426855,1,1,24,2026-07-26T06:40:10.006149,13,16
2026-07-26 06:43:04,mediboard,충청남도,0,0,A2400006,충청남도서산의료원,2408,C,24,14,17,58426853,3,3,24,2026-07-26T06:40:10.006149,17,20
2026-07-26 06:43:04,mediboard,충청남도,0,0,A2400005,충청남도천안의료원,2412,D,24,11,12,58427120,1,2,24,2026-07-26T06:40:10.006149,12,14
2026-07-26 06:43:04,mediboard,충청남도,1,1,A2400007,충청남도홍성의료원,2416,C,24,14,18,58427173,3,3,24,2026-07-26T06:40:10.006149,18,22
2026-07-26 06:43:04,mediboard,충청남도,0,0,E2400033,태안군보건의료원,2415,D,24,10,10,58426865,1,1,24,2026-07-26T06:40:10.006149,11,11
2026-07-26 06:43:04,mediboard,충청남도,0,0,A2400038,학교법인건양교육재단건양대학교부여병원,2407,D,24,6,9,58427014,1,1,24,2026-07-26T06:40:10.006149,7,10
2026-07-26 06:43:04,mediboard,충청남도,18,18,A2400001,학교법인동은학원순천향대학교부속천안병원,2412,A,24,16,22,58426901,11,11,24,2026-07-26T06:40:10.006149,41,47
2026-07-26 06:43:04,mediboard,충청남도,0,0,A2400039,현대병원,2410,D,24,7,10,58427121,1,1,24,2026-07-26T06:40:10.006149,8,11
2026-07-26 06:43:04,mediboard,전북특별자치도,0,0,A2500038,김제우석병원,2503,D,25,10,10,58426856,1,1,25,2026-07-26T06:40:10.006149,11,11
2026-07-26 06:43:04,mediboard,전북특별자치도,0,0,A2500056,대자인병원,2512,C,25,28,33,58427016,3,3,25,2026-07-26T06:40:10.006149,31,36
2026-07-26 06:43:04,mediboard,전북특별자치도,0,0,E2500019,무주군보건의료원,2505,D,25,4,4,58427188,1,1,25,2026-07-26T06:40:10.006149,5,5
2026-07-26 06:43:04,mediboard,전북특별자치도,0,0,A2500010,부안성모병원,2506,D,25,8,10,58427123,2,2,25,2026-07-26T06:40:10.006149,10,12
2026-07-26 06:43:04,mediboard,전북특별자치도,3,3,A2502742,새강병원,2513,D,25,13,14,58427222,3,3,25,2026-07-26T06:40:10.006149,19,20
2026-07-26 06:43:04,mediboard,전북특별자치도,0,0,E2500021,순창군보건의료원,2507,D,25,9,9,58426922,1,1,25,2026-07-26T06:40:10.006149,10,10
2026-07-26 06:43:04,mediboard,전북특별자치도,3,3,A2500001,원광대학교병원,2509,A,25,11,28,58427220,5,5,25,2026-07-26T06:40:10.006149,19,36
2026-07-26 06:43:04,mediboard,전북특별자치도,0,0,A2500011,의료법인대산의료재단익산병원,2509,C,25,12,17,58427015,3,3,25,2026-07-26T06:40:10.006149,15,20
2026-07-26 06:43:04,mediboard,전북특별자치도,0,0,A2500009,의료법인석천재단고창병원,2501,D,25,9,10,58427174,1,1,25,2026-07-26T06:40:10.006149,10,11
2026-07-26 06:43:04,mediboard,전북특별자치도,0,0,A2500005,의료법인영경의료재단전주병원,2513,C,25,5,17,58427066,3,3,25,2026-07-26T06:40:10.006149,8,20
2026-07-26 06:43:04,mediboard,전북특별자치도,0,0,A2501890,의료법인영경의료재단호성전주병원,2512,D,25,8,9,58426956,1,1,25,2026-07-26T06:40:10.006149,9,10
2026-07-26 06:43:04,mediboard,전북특별자치도,0,0,A2500012,의료법인오성의료재단동군산병원,2502,C,25,13,17,58427221,6,6,25,2026-07-26T06:40:10.006149,19,23
2026-07-26 06:43:04,mediboard,전북특별자치도,0,0,E2500022,임실군보건의료원,2510,D,25,4,4,58427189,1,1,25,2026-07-26T06:40:10.006149,5,5
2026-07-26 06:43:04,mediboard,전북특별자치도,0,0,E2500020,장수군보건의료원,2511,D,25,5,5,58427031,1,1,25,2026-07-26T06:40:10.006149,6,6
2026-07-26 06:43:04,mediboard,전북특별자치도,0,0,A2500008,재단법인 아산사회복지재단 정읍아산병원,2514,C,25,16,17,58426906,3,3,25,2026-07-26T06:40:10.006149,19,20
2026-07-26 06:43:04,mediboard,전북특별자치도,6,12,A2500006,재단법인예수병원유지재단예수병원,2513,C,25,20,38,58426905,4,5,25,2026-07-26T06:40:10.006149,28,53
2026-07-26 06:43:04,mediboard,전북특별자치도,3,5,A2500002,전북대학교병원,2512,A,25,15,36,58427122,7,7,25,2026-07-26T06:40:10.006149,25,48
2026-07-26 06:43:04,mediboard,전북특별자치도,0,0,A2500007,전북특별자치도군산의료원,2502,C,25,10,17,58427067,3,3,25,2026-07-26T06:40:10.006149,13,20
2026-07-26 06:43:04,mediboard,전북특별자치도,0,0,A2500004,전북특별자치도남원의료원,2504,C,25,16,17,58427065,3,3,25,2026-07-26T06:40:10.006149,19,20
2026-07-26 06:43:04,mediboard,전북특별자치도,0,0,A2502031,진안군의료원,2515,D,25,6,6,58427124,2,2,25,2026-07-26T06:40:10.006149,8,8
2026-07-26 06:43:04,mediboard,전라남도,0,0,A2600029,곡성사랑병원,2603,D,26,4,5,58427126,1,1,26,2026-07-26T06:40:10.006149,5,6
2026-07-26 06:43:04,mediboard,전라남도,0,0,A2600006,광양사랑병원,2604,D,26,8,9,58426858,1,1,26,2026-07-26T06:40:10.006149,9,10
2026-07-26 06:43:04,mediboard,전라남도,0,0,A2600061,구례병원,2605,D,26,9,10,58427177,0,0,26,2026-07-26T06:40:10.006149,9,10
2026-07-26 06:43:04,mediboard,전라남도,0,0,A2600016,나주종합병원,2606,D,26,9,10,58427069,0,0,26,2026-07-26T06:40:10.006149,9,10
2026-07-26 06:43:04,mediboard,전라남도,0,0,A2600054,담양사랑병원,2607,D,26,6,6,58427073,2,2,26,2026-07-26T06:40:10.006149,8,8
2026-07-26 06:43:04,mediboard,전라남도,0,0,A2600003,대송의료재단무안병원,2609,D,26,2,4,58427175,1,1,26,2026-07-26T06:40:10.006149,3,5
2026-07-26 06:43:04,mediboard,전라남도,0,0,A2600020,목포기독병원,2608,D,26,14,17,58426908,3,3,26,2026-07-26T06:40:10.006149,17,20
2026-07-26 06:43:04,mediboard,전라남도,0,0,A2600022,목포시의료원,2608,D,26,9,9,58427226,1,1,26,2026-07-26T06:40:10.006149,10,10
2026-07-26 06:43:04,mediboard,전라남도,2,3,A2600011,목포한국병원,2608,A,26,13,18,58427017,5,5,26,2026-07-26T06:40:10.006149,20,26
2026-07-26 06:43:04,mediboard,전라남도,0,0,A2600052,보성아산병원,2610,D,26,7,8,58427230,1,1,26,2026-07-26T06:40:10.006149,8,9
2026-07-26 06:43:04,mediboard,전라남도,0,0,A2602211,빛가람종합병원,2606,D,26,6,9,58426960,1,1,26,2026-07-26T06:40:10.006149,7,10
2026-07-26 06:43:04,mediboard,전라남도,2,4,A2600019,성가롤로병원,2611,A,26,6,18,58427070,5,5,26,2026-07-26T06:40:10.006149,13,27
2026-07-26 06:43:04,mediboard,전라남도,0,0,A2600008,순천제일병원,2611,D,26,9,9,58427125,1,1,26,2026-07-26T06:40:10.006149,10,10
2026-07-26 06:43:04,mediboard,전라남도,0,0,A2600004,순천중앙병원,2611,D,26,5,5,58427068,1,1,26,2026-07-26T06:40:10.006149,6,6
2026-07-26 06:43:04,mediboard,전라남도,0,0,A2600010,여수전남병원,2613,D,26,10,10,58427224,1,1,26,2026-07-26T06:40:10.006149,11,11
2026-07-26 06:43:04,mediboard,전라남도,0,0,A2600014,여천전남병원,2613,C,26,16,17,58426907,3,3,26,2026-07-26T06:40:10.006149,19,20
2026-07-26 06:43:04,mediboard,전라남도,0,0,A2600015,영광종합병원,2614,D,26,8,10,58427176,3,3,26,2026-07-26T06:40:10.006149,11,13
2026-07-26 06:43:04,mediboard,전라남도,0,0,A2600070,영암한국병원,2615,D,26,7,8,58427178,0,1,26,2026-07-26T06:40:10.006149,7,9
2026-07-26 06:43:04,mediboard,전라남도,0,0,A2600032,완도대성병원,2616,D,26,4,5,58427019,1,1,26,2026-07-26T06:40:10.006149,5,6
2026-07-26 06:43:04,mediboard,전라남도,0,0,A2600034,의료법인 거명의료재단 영광기독병원,2614,D,26,7,10,58427072,1,1,26,2026-07-26T06:40:10.006149,8,11
2026-07-26 06:43:04,mediboard,전라남도,0,0,A2600017,의료법인목포구암의료재단목포중앙병원,2608,C,26,14,16,58426958,4,4,26,2026-07-26T06:40:10.006149,18,20
2026-07-26 06:43:04,mediboard,전라남도,0,0,A2600066,의료법인삼호의료재단벌교삼호병원,2610,D,26,6,6,58426910,1,1,26,2026-07-26T06:40:10.006149,7,7
2026-07-26 06:43:04,mediboard,전라남도,0,0,A2600051,의료법인신안대우병원,2612,D,26,4,4,58427229,1,1,26,2026-07-26T06:40:10.006149,5,5
2026-07-26 06:43:04,mediboard,전라남도,0,0,A2600018,의료법인영성의료재단고흥종합병원,2602,D,26,8,10,58427018,0,0,26,2026-07-26T06:40:10.006149,8,10
2026-07-26 06:43:04,mediboard,전라남도,0,0,A2600021,의료법인우범의료재단장흥종합병원,2618,D,26,9,9,58427225,1,1,26,2026-07-26T06:40:10.006149,10,10
2026-07-26 06:43:04,mediboard,전라남도,0,0,A2600068,의료법인장호의료재단녹동현대병원,2602,D,26,2,3,58427074,2,2,26,2026-07-26T06:40:10.006149,4,5
2026-07-26 06:43:04,mediboard,전라남도,0,0,A2600005,의료법인한국의료재단한국병원,2611,D,26,9,11,58426857,1,1,26,2026-07-26T06:40:10.006149,10,12
2026-07-26 06:43:04,mediboard,전라남도,0,0,A2600027,의료법인한마음의료재단여수제일병원,2613,D,26,8,9,58427071,1,1,26,2026-07-26T06:40:10.006149,9,10
2026-07-26 06:43:04,mediboard,전라남도,0,0,A2600035,의료법인행복나눔의료재단장성병원,2617,D,26,4,4,58426959,1,1,26,2026-07-26T06:40:10.006149,5,5
2026-07-26 06:43:04,mediboard,전라남도,0,0,A2600009,의료법인행촌의료재단해남종합병원,2621,D,26,7,10,58427223,1,1,26,2026-07-26T06:40:10.006149,8,11
2026-07-26 06:43:04,mediboard,전라남도,0,0,A2600024,의료법인현경의료재단광양서울병원,2604,D,26,8,9,58427227,1,1,26,2026-07-26T06:40:10.006149,9,10
2026-07-26 06:43:04,mediboard,전라남도,0,0,A2600037,장흥우리병원,2618,D,26,4,4,58426909,1,1,26,2026-07-26T06:40:10.006149,5,5
2026-07-26 06:43:04,mediboard,전라남도,0,0,A2600050,전라남도강진의료원,2601,D,26,8,9,58427127,1,1,26,2026-07-26T06:40:10.006149,9,10
2026-07-26 06:43:04,mediboard,전라남도,0,0,A2600056,전라남도순천의료원,2611,D,26,6,6,58427231,2,2,26,2026-07-26T06:40:10.006149,8,8
2026-07-26 06:43:04,mediboard,전라남도,0,0,A2600040,진도한국병원,2619,D,26,4,4,58427228,1,1,26,2026-07-26T06:40:10.006149,5,5
2026-07-26 06:43:04,mediboard,전라남도,0,0,A2600077,해남우리종합병원,2621,D,26,12,15,58426911,4,4,26,2026-07-26T06:40:10.006149,16,19
2026-07-26 06:43:04,mediboard,전라남도,1,1,A2600001,화순전남대학교병원,2622,C,26,16,16,58426957,7,7,26,2026-07-26T06:40:10.006149,24,24
2026-07-26 06:43:04,mediboard,경상북도,0,0,A2700018,경상북도김천의료원,2706,D,27,15,17,58427080,1,1,27,2026-07-26T06:40:10.006149,16,18
2026-07-26 06:43:04,mediboard,경상북도,0,0,A2700001,경상북도안동의료원,2711,D,27,5,6,58426859,2,2,27,2026-07-26T06:40:10.006149,7,8
2026-07-26 06:43:04,mediboard,경상북도,0,0,A2700005,경상북도포항의료원,2724,D,27,7,8,58427075,2,2,27,2026-07-26T06:40:10.006149,9,10
2026-07-26 06:43:04,mediboard,경상북도,0,0,A2700097,계명대학교경주동산병원,2702,D,27,6,9,58427128,1,1,27,2026-07-26T06:40:10.006149,7,10
2026-07-26 06:43:04,mediboard,경상북도,0,0,A2700015,구미강동병원,2704,D,27,6,7,58427079,3,3,27,2026-07-26T06:40:10.006149,9,10
2026-07-26 06:43:04,mediboard,경상북도,3,3,A2700003,동국대학교의과대학경주병원,2702,C,27,12,16,58427179,7,7,27,2026-07-26T06:40:10.006149,22,26
2026-07-26 06:43:04,mediboard,경상북도,0,0,A2700011,상주적십자병원,2709,D,27,9,9,58427232,1,1,27,2026-07-26T06:40:10.006149,10,10
2026-07-26 06:43:04,mediboard,경상북도,4,4,A2700013,순천향대학교부속구미병원,2704,C,27,10,13,58426963,3,3,27,2026-07-26T06:40:10.006149,17,20
2026-07-26 06:43:04,mediboard,경상북도,0,0,A2700004,안동성소병원,2711,C,27,12,12,58426860,8,8,27,2026-07-26T06:40:10.006149,20,20
2026-07-26 06:43:04,mediboard,경상북도,0,0,A2700008,에스포항병원,2723,D,27,4,6,58427077,1,1,27,2026-07-26T06:40:10.006149,5,7
2026-07-26 06:43:04,mediboard,경상북도,0,0,A2700017,영남대학교의과대학부속영천병원,2715,D,27,7,10,58427021,3,3,27,2026-07-26T06:40:10.006149,10,13
2026-07-26 06:43:04,mediboard,경상북도,0,0,A2700031,영주기독병원,2714,D,27,1,4,58426913,1,1,27,2026-07-26T06:40:10.006149,2,5
2026-07-26 06:43:04,mediboard,경상북도,0,0,A2700020,영주자인병원,2714,D,27,4,4,58427022,1,1,27,2026-07-26T06:40:10.006149,5,5
2026-07-26 06:43:04,mediboard,경상북도,0,0,A2702752,영주적십자병원,2714,D,27,6,10,58426965,1,1,27,2026-07-26T06:40:10.006149,7,11
2026-07-26 06:43:04,mediboard,경상북도,0,0,E2700553,울릉군보건의료원,2717,D,27,4,5,58426866,0,0,27,2026-07-26T06:40:10.006149,4,5
2026-07-26 06:43:04,mediboard,경상북도,0,0,A2700052,울진군의료원,2718,D,27,8,8,58426915,2,2,27,2026-07-26T06:40:10.006149,10,10
2026-07-26 06:43:04,mediboard,경상북도,0,0,A2700019,의)근원의료재단경산중앙병원,2701,D,27,10,10,58426912,2,2,27,2026-07-26T06:40:10.006149,12,12
2026-07-26 06:43:04,mediboard,경상북도,0,0,A2700038,의료법인대남의료재단청도대남병원,2720,D,27,9,10,58427233,0,0,27,2026-07-26T06:40:10.006149,9,10
2026-07-26 06:43:04,mediboard,경상북도,0,0,A2700012,의료법인덕산의료재단김천제일병원,2706,C,27,16,16,58427078,4,4,27,2026-07-26T06:40:10.006149,20,20
2026-07-26 06:43:04,mediboard,경상북도,0,0,A2700006,의료법인동춘의료재단문경제일병원,2707,C,27,15,17,58427076,2,3,27,2026-07-26T06:40:10.006149,17,20
2026-07-26 06:43:04,mediboard,경상북도,0,0,A2700009,의료법인삼백의료재단상주성모병원,2709,D,27,9,9,58427180,1,1,27,2026-07-26T06:40:10.006149,10,10
2026-07-26 06:43:04,mediboard,경상북도,0,0,A2700036,의료법인서명의료재단세명종합병원,2701,D,27,11,13,58426914,2,2,27,2026-07-26T06:40:10.006149,13,15
2026-07-26 06:43:04,mediboard,경상북도,0,0,A2700023,의료법인서준의료재단예천권병원,2716,D,27,6,6,58426964,1,1,27,2026-07-26T06:40:10.006149,7,7
2026-07-26 06:43:04,mediboard,경상북도,2,3,A2700014,의료법인안동병원,2711,A,27,14,17,58426861,5,5,27,2026-07-26T06:40:10.006149,21,25
2026-07-26 06:43:04,mediboard,경상북도,0,0,A2700070,의료법인영암의료재단고령영생병원,2703,D,27,4,5,58427024,1,1,27,2026-07-26T06:40:10.006149,5,6
2026-07-26 06:43:04,mediboard,경상북도,0,0,A2700063,의료법인영제의료재단영남제일병원,2719,D,27,4,5,58427023,1,1,27,2026-07-26T06:40:10.006149,5,6
2026-07-26 06:43:04,mediboard,경상북도,0,0,A2702563,의료법인은성의료재단좋은선린병원,2724,D,27,10,10,58427025,2,2,27,2026-07-26T06:40:10.006149,12,12
2026-07-26 06:43:04,mediboard,경상북도,4,5,A2700007,차의과학대학교부속구미차병원,2704,A,27,11,20,58426962,6,12,27,2026-07-26T06:40:10.006149,21,37
2026-07-26 06:43:04,mediboard,경상북도,0,0,E2700554,청송군보건의료원,2721,D,27,5,5,58427089,1,1,27,2026-07-26T06:40:10.006149,6,6
2026-07-26 06:43:04,mediboard,경상북도,11,11,A2700016,포항성모병원,2723,A,27,14,20,58427020,5,15,27,2026-07-26T06:40:10.006149,30,46
2026-07-26 06:43:04,mediboard,경상북도,0,0,A2700002,포항세명기독병원,2723,C,27,11,15,58426961,10,10,27,2026-07-26T06:40:10.006149,21,25
2026-07-26 06:43:04,mediboard,경상남도,0,0,A2800032,강병원,2803,D,28,9,9,58427131,1,1,28,2026-07-26T06:40:10.006149,10,10
2026-07-26 06:43:04,mediboard,경상남도,0,0,A2803677,강일병원,2804,D,28,7,8,58426970,3,3,28,2026-07-26T06:40:10.006149,10,11
2026-07-26 06:43:04,mediboard,경상남도,0,0,A2800076,거창적십자병원,2802,D,28,5,9,58427134,1,1,28,2026-07-26T06:40:10.006149,6,10
2026-07-26 06:43:04,mediboard,경상남도,3,3,A2800001,경상국립대학교병원,2811,A,28,19,30,58427181,5,5,28,2026-07-26T06:40:10.006149,27,38
2026-07-26 06:43:04,mediboard,경상남도,0,0,A2800025,경상남도마산의료원,2813,D,28,12,13,58426968,2,2,28,2026-07-26T06:40:10.006149,14,15
2026-07-26 06:43:04,mediboard,경상남도,0,0,A2800113,밀양병원,2806,D,28,6,8,58427186,1,1,28,2026-07-26T06:40:10.006149,7,9
2026-07-26 06:43:04,mediboard,경상남도,0,0,A2800084,반도병원,2811,D,28,7,7,58427086,1,1,28,2026-07-26T06:40:10.006149,8,8
2026-07-26 06:43:04,mediboard,경상남도,0,0,A2800019,베데스다복음병원,2809,D,28,7,9,58427183,1,1,28,2026-07-26T06:40:10.006149,8,10
2026-07-26 06:43:04,mediboard,경상남도,0,0,E2800380,산청군보건의료원,2808,D,28,5,5,58426974,1,1,28,2026-07-26T06:40:10.006149,6,6
2026-07-26 06:43:04,mediboard,경상남도,0,0,A2800055,삼성합천병원,2822,D,28,3,4,58427132,1,1,28,2026-07-26T06:40:10.006149,4,5
2026-07-26 06:43:04,mediboard,경상남도,0,0,A2800101,삼천포제일병원,2807,D,28,8,8,58426969,2,2,28,2026-07-26T06:40:10.006149,10,10
2026-07-26 06:43:04,mediboard,경상남도,0,0,A2800092,새통영병원,2818,D,28,8,9,58426918,1,1,28,2026-07-26T06:40:10.006149,9,10
2026-07-26 06:43:04,mediboard,경상남도,9,10,A2800011,양산부산대학교병원,2809,A,28,16,23,58427026,6,8,28,2026-07-26T06:40:10.006149,29,39
2026-07-26 06:43:04,mediboard,경상남도,0,0,A2804593,양산성모병원,2809,D,28,9,13,58426971,1,1,28,2026-07-26T06:40:10.006149,10,14
2026-07-26 06:43:04,mediboard,경상남도,0,0,A2800021,연세에스병원,2817,D,28,9,9,58426917,1,1,28,2026-07-26T06:40:10.006149,10,10
2026-07-26 06:43:04,mediboard,경상남도,0,0,A2800090,의령병원,2810,D,28,4,4,58427028,1,1,28,2026-07-26T06:40:10.006149,5,5
2026-07-26 06:43:04,mediboard,경상남도,0,0,A2800008,의료법인 거붕 백병원,2801,D,28,8,9,58427082,1,1,28,2026-07-26T06:40:10.006149,9,10
2026-07-26 06:43:04,mediboard,경상남도,0,0,A2800005,의료법인 대우의료재단대우병원,2801,D,28,8,9,58426862,1,1,28,2026-07-26T06:40:10.006149,9,10
2026-07-26 06:43:04,mediboard,경상남도,0,0,A2800015,의료법인 문병욱의료재단 진주고려병원,2811,D,28,9,10,58427182,1,1,28,2026-07-26T06:40:10.006149,10,11
2026-07-26 06:43:04,mediboard,경상남도,0,0,A2800022,의료법인 성념의료재단맑은샘병원,2801,D,28,7,9,58427234,1,1,28,2026-07-26T06:40:10.006149,8,10
2026-07-26 06:43:04,mediboard,경상남도,0,0,A2800094,의료법인 이도의료재단 남해병원,2805,D,28,6,8,58427029,2,2,28,2026-07-26T06:40:10.006149,8,10
2026-07-26 06:43:04,mediboard,경상남도,0,0,A2800014,의료법인갑을의료재단 갑을장유병원,2804,D,28,9,9,58427084,1,1,28,2026-07-26T06:40:10.006149,10,10
2026-07-26 06:43:04,mediboard,경상남도,0,0,A2800006,의료법인숭인의료재단 김해복음병원,2804,C,28,15,16,58427129,4,4,28,2026-07-26T06:40:10.006149,19,20
2026-07-26 06:43:04,mediboard,경상남도,0,0,A2800068,의료법인승연의료재단 삼천포서울병원,2807,D,28,7,9,58427133,1,1,28,2026-07-26T06:40:10.006149,8,10
2026-07-26 06:43:04,mediboard,경상남도,0,0,A2800009,의료법인청아의료재단청아병원,2814,D,28,8,9,58427083,1,1,28,2026-07-26T06:40:10.006149,9,10
2026-07-26 06:43:04,mediboard,경상남도,0,0,A2800017,의료법인합포의료재단에스엠지연세병원,2813,C,28,15,17,58427027,3,3,28,2026-07-26T06:40:10.006149,18,20
2026-07-26 06:43:04,mediboard,경상남도,0,0,A2800010,의료법인환명의료재단 조은금강병원,2804,C,28,14,17,58426967,3,3,28,2026-07-26T06:40:10.006149,17,20
2026-07-26 06:43:04,mediboard,경상남도,0,0,A2800003,제일병원,2811,C,28,13,17,58426966,3,3,28,2026-07-26T06:40:10.006149,16,20
2026-07-26 06:43:04,mediboard,경상남도,0,0,A2800037,진주복음병원,2811,D,28,8,9,58426863,1,1,28,2026-07-26T06:40:10.006149,9,10
2026-07-26 06:43:04,mediboard,경상남도,0,0,A2803505,창원경상국립대학교병원,2815,C,28,15,18,58426919,3,10,28,2026-07-26T06:40:10.006149,18,28
2026-07-26 06:43:04,mediboard,경상남도,0,0,A2800004,창원파티마병원,2816,C,28,7,17,58427081,3,3,28,2026-07-26T06:40:10.006149,10,20
2026-07-26 06:43:04,mediboard,경상남도,0,0,A2800007,창원한마음병원,2816,C,28,11,21,58427130,4,4,28,2026-07-26T06:40:10.006149,15,25
2026-07-26 06:43:04,mediboard,경상남도,0,0,A2800062,태황의료재단한성병원,2812,D,28,8,9,58427185,1,1,28,2026-07-26T06:40:10.006149,9,10
2026-07-26 06:43:04,mediboard,경상남도,8,8,A2800020,학교법인성균관대학삼성창원병원,2814,A,28,22,27,58426916,5,5,28,2026-07-26T06:40:10.006149,35,40
2026-07-26 06:43:04,mediboard,경상남도,0,0,A2800043,한일병원,2811,C,28,13,17,58427184,3,3,28,2026-07-26T06:40:10.006149,16,20
2026-07-26 06:43:04,mediboard,경상남도,0,0,A2800080,함양성심병원,2821,D,28,3,4,58427085,1,1,28,2026-07-26T06:40:10.006149,4,5
2026-07-26 06:43:04,mediboard,제주특별자치도,0,0,A2900003,의료법인 혜인의료재단 한국병원,2902,D,29,6,9,58427135,0,1,29,2026-07-26T06:40:10.006149,6,10
2026-07-26 06:43:04,mediboard,제주특별자치도,1,1,A2900006,의료법인중앙의료재단중앙병원,2902,C,29,10,16,58426972,3,3,29,2026-07-26T06:40:10.006149,14,20
2026-07-26 06:43:04,mediboard,제주특별자치도,0,0,A2900007,제주대학교병원,2902,C,29,14,20,58427087,3,6,29,2026-07-26T06:40:10.006149,17,26
2026-07-26 06:43:04,mediboard,제주특별자치도,4,4,A2900002,제주특별자치도서귀포의료원,2901,C,29,14,16,58426920,5,5,29,2026-07-26T06:40:10.006149,23,25
2026-07-26 06:43:04,mediboard,제주특별자치도,3,3,A2900001,제주한라병원,2902,A,29,11,17,58427235,5,5,29,2026-07-26T06:40:10.006149,19,25
2026-07-26 06:43:04,mediboard,제주특별자치도,0,0,A2900005,한마음병원,2902,C,29,14,17,58427187,2,3,29,2026-07-26T06:40:10.006149,16,20
2026-07-26 07:43:03,mediboard,서울특별시,0,0,A1100011,가톨릭대학교여의도성모병원,1120,C,11,10,15,58431969,5,5,11,2026-07-26T07:40:10.005843,15,20
2026-07-26 07:43:03,mediboard,서울특별시,8,8,A1121013,가톨릭대학교은평성모병원,1122,C,11,17,24,58432188,3,4,11,2026-07-26T07:40:10.005843,28,36
2026-07-26 07:43:03,mediboard,서울특별시,3,3,A1100043,강동경희대학교병원,1102,A,11,4,15,58431862,5,5,11,2026-07-26T07:40:10.005843,12,23
2026-07-26 07:43:03,mediboard,서울특별시,2,2,A1100006,강북삼성병원,1123,C,11,9,15,58432182,3,3,11,2026-07-26T07:40:10.005843,14,20
2026-07-26 07:43:03,mediboard,서울특별시,4,4,A1100002,건국대학교병원,1106,C,11,10,20,58432082,3,3,11,2026-07-26T07:40:10.005843,17,27
2026-07-26 07:43:03,mediboard,서울특별시,0,0,A1100039,경찰병원,1118,D,11,2,3,58432087,1,2,11,2026-07-26T07:40:10.005843,3,5
2026-07-26 07:43:03,mediboard,서울특별시,3,3,A1100001,경희대학교병원,1111,C,11,15,15,58432024,5,5,11,2026-07-26T07:40:10.005843,23,23
2026-07-26 07:43:03,mediboard,서울특별시,3,3,A1100014,고려대학교의과대학부속구로병원,1107,A,11,21,29,58431970,4,5,11,2026-07-26T07:40:10.005843,28,37
2026-07-26 07:43:03,mediboard,서울특별시,0,0,A1100026,구로성심병원,1107,D,11,5,9,58432185,1,1,11,2026-07-26T07:40:10.005843,6,10
2026-07-26 07:43:03,mediboard,서울특별시,3,3,A1100052,국립중앙의료원,1124,C,11,16,17,58432133,10,10,11,2026-07-26T07:40:10.005843,29,30
2026-07-26 07:43:03,mediboard,서울특별시,0,0,A1122033,기쁨병원,1115,D,11,2,4,58431817,1,1,11,2026-07-26T07:40:10.005843,3,5
2026-07-26 07:43:03,mediboard,서울특별시,0,0,A1100048,노원을지대학교병원,1109,C,11,14,17,58431815,5,5,11,2026-07-26T07:40:10.005843,19,22
2026-07-26 07:43:03,mediboard,서울특별시,0,0,A1100044,녹색병원,1125,D,11,4,5,58432132,5,5,11,2026-07-26T07:40:10.005843,9,10
2026-07-26 07:43:03,mediboard,서울특별시,0,0,A1100037,대림성모병원,1120,D,11,8,8,58431973,2,2,11,2026-07-26T07:40:10.005843,10,10
2026-07-26 07:43:03,mediboard,서울특별시,0,0,A1100024,명지성모병원,1120,D,11,6,8,58431813,2,2,11,2026-07-26T07:40:10.005843,8,10
2026-07-26 07:43:03,mediboard,서울특별시,0,0,A1100036,부민병원,1104,D,11,10,10,58432186,1,1,11,2026-07-26T07:40:10.005843,11,11
2026-07-26 07:43:03,mediboard,서울특별시,3,4,A1100010,삼성서울병원,1101,C,11,15,52,58432083,4,4,11,2026-07-26T07:40:10.005843,22,60
2026-07-26 07:43:03,mediboard,서울특별시,0,0,A1100021,삼육서울병원,1111,C,11,10,13,58432084,5,7,11,2026-07-26T07:40:10.005843,15,20
2026-07-26 07:43:03,mediboard,서울특별시,12,12,A1100017,서울대학교병원,1123,A,11,2,24,58431812,8,8,11,2026-07-26T07:40:10.005843,20,42
2026-07-26 07:43:03,mediboard,서울특별시,0,0,A1100050,서울성심병원,1111,D,11,16,17,58432088,3,3,11,2026-07-26T07:40:10.005843,19,20
2026-07-26 07:43:03,mediboard,서울특별시,0,0,A1100029,서울적십자병원,1123,D,11,9,10,58431916,1,1,11,2026-07-26T07:40:10.005843,10,11
2026-07-26 07:43:03,mediboard,서울특별시,0,0,A1100022,서울특별시동부병원,1111,D,11,7,8,58431859,2,2,11,2026-07-26T07:40:10.005843,9,10
2026-07-26 07:43:03,mediboard,서울특별시,3,3,A1100040,서울특별시보라매병원,1112,C,11,20,31,58431917,2,3,11,2026-07-26T07:40:10.005843,25,37
2026-07-26 07:43:03,mediboard,서울특별시,0,0,A1100223,서울특별시서남병원,1119,D,11,17,17,58431863,3,3,11,2026-07-26T07:40:10.005843,20,20
2026-07-26 07:43:03,mediboard,서울특별시,3,3,A1100035,서울특별시서울의료원,1125,A,11,11,19,58432086,5,5,11,2026-07-26T07:40:10.005843,19,27
2026-07-26 07:43:03,mediboard,서울특별시,0,0,A1100028,성심의료재단강동성심병원,1102,C,11,10,15,58432085,9,9,11,2026-07-26T07:40:10.005843,19,24
2026-07-26 07:43:03,mediboard,서울특별시,0,0,A1100054,성애의료재단성애병원,1120,C,11,14,15,58432134,5,11,11,2026-07-26T07:40:10.005843,19,26
2026-07-26 07:43:03,mediboard,서울특별시,0,0,A1100032,세란병원,1123,D,11,8,10,58431972,1,1,11,2026-07-26T07:40:10.005843,9,11
2026-07-26 07:43:03,mediboard,서울특별시,4,4,A1100004,순천향대학교부속서울병원,1121,C,11,17,20,58431968,3,3,11,2026-07-26T07:40:10.005843,24,27
2026-07-26 07:43:03,mediboard,서울특별시,0,0,A1100045,씨엠병원,1120,D,11,8,9,58432028,1,1,11,2026-07-26T07:40:10.005843,9,10
2026-07-26 07:43:03,mediboard,서울특별시,2,2,A1100015,연세대학교의과대학강남세브란스병원,1101,C,11,11,21,58432184,3,3,11,2026-07-26T07:40:10.005843,16,26
2026-07-26 07:43:03,mediboard,서울특별시,6,10,A1100007,연세대학교의과대학세브란스병원,1114,C,11,8,39,58432129,6,6,11,2026-07-26T07:40:10.005843,18,53
2026-07-26 07:43:03,mediboard,서울특별시,0,0,A1100025,의료법인동신의료재단동신병원,1114,D,11,8,9,58432131,1,1,11,2026-07-26T07:40:10.005843,9,10
2026-07-26 07:43:03,mediboard,서울특별시,0,0,A1100041,의료법인서울효천의료재단에이치플러스양지병원,1105,C,11,18,18,58431861,3,3,11,2026-07-26T07:40:10.005843,21,21
2026-07-26 07:43:03,mediboard,서울특별시,0,0,A1100023,의료법인청구성심병원,1122,D,11,8,10,58431860,1,1,11,2026-07-26T07:40:10.005843,9,11
2026-07-26 07:43:03,mediboard,서울특별시,0,0,A1100075,의료법인풍산의료재단동부제일병원,1125,D,11,7,7,58431816,1,1,11,2026-07-26T07:40:10.005843,8,8
2026-07-26 07:43:03,mediboard,서울특별시,2,2,A1100020,의료법인한전의료재단한일병원,1110,C,11,7,21,58432027,3,4,11,2026-07-26T07:40:10.005843,12,27
2026-07-26 07:43:03,mediboard,서울특별시,8,8,A1100005,이화여자대학교의과대학부속목동병원,1119,A,11,7,19,58432128,6,6,11,2026-07-26T07:40:10.005843,21,33
2026-07-26 07:43:03,mediboard,서울특별시,8,9,A1120796,이화여자대학교의과대학부속서울병원,1104,C,11,6,14,58432089,8,8,11,2026-07-26T07:40:10.005843,22,31
2026-07-26 07:43:03,mediboard,서울특별시,0,0,A1100016,인제대학교상계백병원,1109,C,11,13,16,58432130,7,7,11,2026-07-26T07:40:10.005843,20,23
2026-07-26 07:43:03,mediboard,서울특별시,5,14,A1100009,재단법인아산사회복지재단서울아산병원,1118,C,11,13,36,58432026,12,26,11,2026-07-26T07:40:10.005843,27,73
2026-07-26 07:43:03,mediboard,서울특별시,4,4,A1100003,중앙대학교병원,1112,C,11,11,18,58431967,0,0,11,2026-07-26T07:40:10.005843,15,22
2026-07-26 07:43:03,mediboard,서울특별시,4,9,A1100012,학교법인가톨릭학원가톨릭대학교서울성모병원,1115,C,11,-5,28,58431915,5,8,11,2026-07-26T07:40:10.005843,2,43
2026-07-26 07:43:03,mediboard,서울특별시,4,4,A1100008,학교법인고려중앙학원고려대학교의과대학부속병원(안암병원),1117,A,11,15,30,58432025,6,9,11,2026-07-26T07:40:10.005843,25,43
2026-07-26 07:43:03,mediboard,서울특별시,0,0,A1100053,한국보훈복지의료공단중앙보훈병원,1102,C,11,20,22,58431974,3,3,11,2026-07-26T07:40:10.005843,23,25
2026-07-26 07:43:03,mediboard,서울특별시,0,0,A1100027,한국원자력의학원원자력병원,1109,D,11,9,9,58431814,3,3,11,2026-07-26T07:40:10.005843,12,12
2026-07-26 07:43:03,mediboard,서울특별시,3,3,A1100055,한림대학교강남성심병원,1120,C,11,18,20,58432030,4,5,11,2026-07-26T07:40:10.005843,25,28
2026-07-26 07:43:03,mediboard,서울특별시,2,3,A1100013,한양대학교병원,1116,A,11,14,20,58432183,8,12,11,2026-07-26T07:40:10.005843,24,35
2026-07-26 07:43:03,mediboard,서울특별시,0,0,A1100051,혜민병원,1106,D,11,9,9,58432029,1,1,11,2026-07-26T07:40:10.005843,10,10
2026-07-26 07:43:03,mediboard,서울특별시,0,0,A1100019,홍익병원,1119,D,11,8,9,58431971,1,1,11,2026-07-26T07:40:10.005843,9,10
2026-07-26 07:43:03,mediboard,서울특별시,0,0,A1100049,희명병원,1108,D,11,9,10,58432187,1,1,11,2026-07-26T07:40:10.005843,10,11
2026-07-26 07:43:03,mediboard,부산광역시,0,0,A1200028,(의)서일의료재단기장병원,1203,D,12,7,9,58432091,1,1,12,2026-07-26T07:40:10.005843,8,10
2026-07-26 07:43:03,mediboard,부산광역시,0,0,A1200004,고신대학교복음병원,1211,C,12,19,25,58431864,5,5,12,2026-07-26T07:40:10.005843,24,30
2026-07-26 07:43:03,mediboard,부산광역시,0,0,A1200045,구포성심병원,1208,D,12,6,9,58431922,1,1,12,2026-07-26T07:40:10.005843,7,10
2026-07-26 07:43:03,mediboard,부산광역시,3,3,A1200018,대동병원,1206,C,12,10,15,58431977,3,3,12,2026-07-26T07:40:10.005843,16,21
2026-07-26 07:43:03,mediboard,부산광역시,0,0,A1200015,동남권원자력의학원원자력병원,1203,D,12,8,9,58432034,1,1,12,2026-07-26T07:40:10.005843,9,10
2026-07-26 07:43:03,mediboard,부산광역시,0,0,A1200011,동래봉생병원,1206,D,12,6,8,58432137,2,2,12,2026-07-26T07:40:10.005843,8,10
2026-07-26 07:43:03,mediboard,부산광역시,3,3,A1200003,동아대학교병원,1211,A,12,23,26,58432189,8,8,12,2026-07-26T07:40:10.005843,34,37
2026-07-26 07:43:03,mediboard,부산광역시,0,0,A1200024,부산광역시의료원,1213,D,12,14,18,58432139,2,8,12,2026-07-26T07:40:10.005843,16,26
2026-07-26 07:43:03,mediboard,부산광역시,3,3,A1200002,부산대학교병원,1211,C,12,17,19,58431818,3,3,12,2026-07-26T07:40:10.005843,23,25
2026-07-26 07:43:03,mediboard,부산광역시,4,4,A1200013,부산성모병원(재단법인 천주교부산교구유지재단),1204,D,12,5,10,58432033,5,5,12,2026-07-26T07:40:10.005843,14,19
2026-07-26 07:43:03,mediboard,부산광역시,0,0,A1200007,비에이치에스한서병원,1212,C,12,15,17,58432032,2,3,12,2026-07-26T07:40:10.005843,17,20
2026-07-26 07:43:03,mediboard,부산광역시,0,0,A1200021,삼육부산병원,1211,D,12,4,9,58431920,1,1,12,2026-07-26T07:40:10.005843,5,10
2026-07-26 07:43:03,mediboard,부산광역시,0,0,A1200014,영도병원,1214,D,12,5,7,58431919,2,2,12,2026-07-26T07:40:10.005843,7,9
2026-07-26 07:43:03,mediboard,부산광역시,0,0,A1200009,의료법인 광혜의료재단 광혜병원,1206,D,12,8,9,58432136,3,3,12,2026-07-26T07:40:10.005843,11,12
2026-07-26 07:43:03,mediboard,부산광역시,0,0,A1200098,의료법인 센텀의료재단 센텀종합병원,1212,D,12,9,9,58432035,1,1,12,2026-07-26T07:40:10.005843,10,10
2026-07-26 07:43:03,mediboard,부산광역시,0,0,A1200020,의료법인 온그룹의료재단 온병원,1207,C,12,15,20,58431819,3,3,12,2026-07-26T07:40:10.005843,18,23
2026-07-26 07:43:03,mediboard,부산광역시,0,0,A1200008,의료법인 은성의료재단 좋은강안병원,1212,D,12,17,18,58431975,3,3,12,2026-07-26T07:40:10.005843,20,21
2026-07-26 07:43:03,mediboard,부산광역시,1,1,A1200005,의료법인 은성의료재단 좋은삼선병원,1209,C,12,11,13,58431918,4,6,12,2026-07-26T07:40:10.005843,16,20
2026-07-26 07:43:03,mediboard,부산광역시,0,0,A1200006,의료법인 인당의료재단 부민병원,1208,D,12,6,10,58432135,2,2,12,2026-07-26T07:40:10.005843,8,12
2026-07-26 07:43:03,mediboard,부산광역시,0,0,A1205143,의료법인 인당의료재단 해운대부민병원,1216,D,12,8,9,58432092,1,1,12,2026-07-26T07:40:10.005843,9,10
2026-07-26 07:43:03,mediboard,부산광역시,0,0,A1200012,의료법인 행도의료재단 해동병원,1214,D,12,5,6,58431865,1,1,12,2026-07-26T07:40:10.005843,6,7
2026-07-26 07:43:03,mediboard,부산광역시,0,0,A1200017,의료법인정화의료재단 봉생기념병원,1205,D,12,6,9,58431976,1,2,12,2026-07-26T07:40:10.005843,7,11
2026-07-26 07:43:03,mediboard,부산광역시,3,3,A1200022,인제대학교 해운대백병원,1216,A,12,22,29,58432090,3,5,12,2026-07-26T07:40:10.005843,28,37
2026-07-26 07:43:03,mediboard,부산광역시,0,0,A1200001,인제대학교부산백병원,1207,C,12,15,18,58432031,3,3,12,2026-07-26T07:40:10.005843,18,21
2026-07-26 07:43:03,mediboard,부산광역시,0,0,A1200023,재단법인천주교부산교구유지재단 메리놀병원,1215,D,12,8,9,58431921,1,1,12,2026-07-26T07:40:10.005843,9,10
2026-07-26 07:43:03,mediboard,부산광역시,1,2,A1200026,좋은문화병원,1205,D,12,4,7,58431821,3,3,12,2026-07-26T07:40:10.005843,8,12
2026-07-26 07:43:03,mediboard,부산광역시,0,0,A1200025,학교법인 춘해병원,1207,D,12,7,9,58431820,1,1,12,2026-07-26T07:40:10.005843,8,10
2026-07-26 07:43:03,mediboard,부산광역시,0,0,A1200019,학교법인)동의병원,1207,D,12,12,14,58431866,1,1,12,2026-07-26T07:40:10.005843,13,15
2026-07-26 07:43:03,mediboard,부산광역시,0,0,A1200016,한국보훈복지의료공단 부산보훈병원,1209,D,12,10,11,58432138,2,2,12,2026-07-26T07:40:10.005843,12,13
2026-07-26 07:43:03,mediboard,인천광역시,0,0,A1300081,(재)미리내천주성삼성직수도회천주성삼병원,1307,D,13,4,9,58432037,1,2,13,2026-07-26T07:40:10.005843,5,11
2026-07-26 07:43:03,mediboard,인천광역시,0,0,A1300018,강남종합병원,1304,D,13,14,15,58432144,1,1,13,2026-07-26T07:40:10.005843,15,16
2026-07-26 07:43:03,mediboard,인천광역시,4,4,A1300002,경북대학교병원,1308,A,13,17,27,58432140,4,5,13,2026-07-26T07:40:10.005843,25,36
2026-07-26 07:43:03,mediboard,인천광역시,0,0,A1303386,계명대학교대구동산병원,1308,D,13,12,12,58431868,2,2,13,2026-07-26T07:40:10.005843,14,14
2026-07-26 07:43:03,mediboard,인천광역시,0,0,A1300003,계명대학교동산병원,1302,C,13,8,20,58431822,5,5,13,2026-07-26T07:40:10.005843,13,25
2026-07-26 07:43:03,mediboard,인천광역시,0,0,A1300008,곽병원,1308,D,13,5,10,58432143,2,2,13,2026-07-26T07:40:10.005843,7,12
2026-07-26 07:43:03,mediboard,인천광역시,0,0,A1300038,나사렛종합병원,1302,D,13,7,9,58432190,4,10,13,2026-07-26T07:40:10.005843,11,19
2026-07-26 07:43:03,mediboard,인천광역시,0,0,A1300004,대구가톨릭대학교병원,1301,C,13,14,24,58431924,4,4,13,2026-07-26T07:40:10.005843,18,28
2026-07-26 07:43:03,mediboard,인천광역시,0,0,A1300005,대구가톨릭대학교칠곡가톨릭병원,1305,D,13,3,9,58432141,1,1,13,2026-07-26T07:40:10.005843,4,10
2026-07-26 07:43:03,mediboard,인천광역시,0,0,A1300076,대구굿모닝병원,1306,D,13,15,17,58432145,2,2,13,2026-07-26T07:40:10.005843,17,19
2026-07-26 07:43:03,mediboard,인천광역시,0,0,A1300007,대구의료원,1306,D,13,17,18,58432142,2,2,13,2026-07-26T07:40:10.005843,19,20
2026-07-26 07:43:03,mediboard,인천광역시,5,5,A1300009,대구파티마병원,1304,C,13,-3,25,58431925,5,7,13,2026-07-26T07:40:10.005843,7,37
2026-07-26 07:43:03,mediboard,인천광역시,0,0,A1300110,더블유병원,1302,D,13,8,10,58431978,1,1,13,2026-07-26T07:40:10.005843,9,11
2026-07-26 07:43:03,mediboard,인천광역시,0,0,A1300034,드림종합병원,1301,D,13,7,8,58432036,2,2,13,2026-07-26T07:40:10.005843,9,10
2026-07-26 07:43:03,mediboard,인천광역시,0,0,A1300045,삼일병원,1302,D,13,10,14,58431927,1,1,13,2026-07-26T07:40:10.005843,11,15
2026-07-26 07:43:03,mediboard,인천광역시,3,3,A1300001,영남대학교병원,1301,A,13,20,28,58431923,5,5,13,2026-07-26T07:40:10.005843,28,36
2026-07-26 07:43:03,mediboard,인천광역시,0,0,A1300006,의료법인구의료재단구병원,1302,D,13,8,10,58431867,1,1,13,2026-07-26T07:40:10.005843,9,11
2026-07-26 07:43:03,mediboard,인천광역시,8,9,A1300010,칠곡경북대학교병원,1305,C,13,16,23,58432093,6,6,13,2026-07-26T07:40:10.005843,28,36
2026-07-26 07:43:03,mediboard,인천광역시,0,0,A1300011,한국보훈복지의료공단대구보훈병원,1302,D,13,11,12,58431926,2,2,13,2026-07-26T07:40:10.005843,13,14
2026-07-26 07:43:03,mediboard,대구광역시,0,0,A1400008,(의)성세의료재단 뉴성민병원,1407,D,14,8,9,58431870,1,1,14,2026-07-26T07:40:10.005843,9,10
2026-07-26 07:43:03,mediboard,대구광역시,3,3,A1400015,가톨릭관동대학교국제성모병원,1407,C,14,19,23,58431981,5,5,14,2026-07-26T07:40:10.005843,27,31
2026-07-26 07:43:03,mediboard,대구광역시,4,4,A1400012,가톨릭대학교 인천성모병원,1406,C,14,8,19,58432095,8,8,14,2026-07-26T07:40:10.005843,20,31
2026-07-26 07:43:03,mediboard,대구광역시,0,0,A1400010,검단탑병원,1407,C,14,16,18,58431823,3,3,14,2026-07-26T07:40:10.005843,19,21
2026-07-26 07:43:03,mediboard,대구광역시,0,0,A1403617,비에스종합병원,1401,D,14,7,10,58432040,1,1,14,2026-07-26T07:40:10.005843,8,11
2026-07-26 07:43:03,mediboard,대구광역시,0,0,A1400013,안은의료재단 부평세림병원,1406,C,14,13,16,58431980,4,4,14,2026-07-26T07:40:10.005843,17,20
2026-07-26 07:43:03,mediboard,대구광역시,0,0,A1400005,온누리병원,1407,D,14,7,9,58432094,2,2,14,2026-07-26T07:40:10.005843,9,11
2026-07-26 07:43:03,mediboard,대구광역시,11,11,A1400001,의료법인 길의료재단 길병원,1404,A,14,15,25,58432146,7,7,14,2026-07-26T07:40:10.005843,31,41
2026-07-26 07:43:03,mediboard,대구광역시,0,0,A1400011,의료법인 나사렛의료재단 나사렛국제병원,1408,C,14,14,17,58431824,3,5,14,2026-07-26T07:40:10.005843,17,22
2026-07-26 07:43:03,mediboard,대구광역시,0,0,A1400003,의료법인 루가의료재단 나은병원,1407,C,14,11,11,58431869,10,10,14,2026-07-26T07:40:10.005843,21,21
2026-07-26 07:43:03,mediboard,대구광역시,0,0,A1400007,의료법인 성수의료재단 인천백병원,1405,D,14,3,5,58431979,1,1,14,2026-07-26T07:40:10.005843,4,6
2026-07-26 07:43:03,mediboard,대구광역시,0,0,A1400014,의료법인인성의료재단한림병원,1402,C,14,16,17,58432096,4,4,14,2026-07-26T07:40:10.005843,20,21
2026-07-26 07:43:03,mediboard,대구광역시,0,0,A1400017,인천광역시의료원,1405,D,14,13,15,58431872,2,2,14,2026-07-26T07:40:10.005843,15,17
2026-07-26 07:43:03,mediboard,대구광역시,0,0,A1400037,인천광역시의료원백령병원,1409,D,14,4,5,58431983,1,1,14,2026-07-26T07:40:10.005843,5,6
2026-07-26 07:43:03,mediboard,대구광역시,0,0,A1400009,인천기독병원,1410,D,14,6,8,58431871,1,1,14,2026-07-26T07:40:10.005843,7,9
2026-07-26 07:43:03,mediboard,대구광역시,0,0,A1400016,인천사랑병원,1403,C,14,9,14,58432038,7,7,14,2026-07-26T07:40:10.005843,16,21
2026-07-26 07:43:03,mediboard,대구광역시,0,0,A1403372,인천세종병원,1402,C,14,15,18,58432039,3,3,14,2026-07-26T07:40:10.005843,18,21
2026-07-26 07:43:03,mediboard,대구광역시,0,0,A1400018,인천적십자병원,1408,D,14,8,8,58431982,2,2,14,2026-07-26T07:40:10.005843,10,10
2026-07-26 07:43:03,mediboard,대구광역시,0,0,A1403871,인천힘찬종합병원,1404,D,14,14,17,58432097,3,6,14,2026-07-26T07:40:10.005843,17,23
2026-07-26 07:43:03,mediboard,대구광역시,4,9,A1400002,인하대학교의과대학부속병원,1410,A,14,15,20,58431928,9,9,14,2026-07-26T07:40:10.005843,26,36
2026-07-26 07:43:03,mediboard,대구광역시,0,0,A1400004,현대유비스병원,1403,D,14,15,18,58432147,1,1,14,2026-07-26T07:40:10.005843,16,19
2026-07-26 07:43:03,mediboard,광주광역시,6,7,A1500019,KS병원,1501,C,15,14,15,58432098,3,3,15,2026-07-26T07:40:10.005843,23,25
2026-07-26 07:43:03,mediboard,광주광역시,0,0,A1500021,광주기독병원,1502,C,15,9,20,58432099,3,6,15,2026-07-26T07:40:10.005843,12,26
2026-07-26 07:43:03,mediboard,광주광역시,0,0,A1500015,광주병원,1504,D,15,7,10,58431827,1,1,15,2026-07-26T07:40:10.005843,8,11
2026-07-26 07:43:03,mediboard,광주광역시,0,0,A1500004,광주보훈병원,1501,D,15,12,14,58431929,2,2,15,2026-07-26T07:40:10.005843,14,16
2026-07-26 07:43:03,mediboard,광주광역시,0,0,A1502007,광주센트럴병원,1501,D,15,8,10,58432151,1,1,15,2026-07-26T07:40:10.005843,9,11
2026-07-26 07:43:03,mediboard,광주광역시,0,0,A1500018,광주수완병원,1501,D,15,9,9,58431828,0,1,15,2026-07-26T07:40:10.005843,9,10
2026-07-26 07:43:03,mediboard,광주광역시,0,0,A1500009,광주씨티병원,1502,D,15,5,10,58431825,1,1,15,2026-07-26T07:40:10.005843,6,11
2026-07-26 07:43:03,mediboard,광주광역시,0,0,A1500005,광주일곡병원,1504,D,15,9,9,58432191,1,1,15,2026-07-26T07:40:10.005843,10,10
2026-07-26 07:43:03,mediboard,광주광역시,0,0,A1500016,광주한국병원,1505,D,15,13,15,58432043,1,1,15,2026-07-26T07:40:10.005843,14,16
2026-07-26 07:43:03,mediboard,광주광역시,0,0,A1500003,광주현대병원,1504,D,15,8,9,58432041,2,2,15,2026-07-26T07:40:10.005843,10,11
2026-07-26 07:43:03,mediboard,광주광역시,0,0,A1500007,광주희망병원,1504,D,15,8,9,58431873,1,1,15,2026-07-26T07:40:10.005843,9,10
2026-07-26 07:43:03,mediboard,광주광역시,0,0,A1500013,동아병원,1502,D,15,8,9,58431826,1,1,15,2026-07-26T07:40:10.005843,9,10
2026-07-26 07:43:03,mediboard,광주광역시,0,0,A1500014,미래로21병원,1505,D,15,8,9,58432042,1,1,15,2026-07-26T07:40:10.005843,9,10
2026-07-26 07:43:03,mediboard,광주광역시,0,0,A1500022,상무병원,1505,D,15,7,9,58432150,1,1,15,2026-07-26T07:40:10.005843,8,10
2026-07-26 07:43:03,mediboard,광주광역시,2,2,A1500020,서광병원,1505,C,15,15,18,58432194,3,3,15,2026-07-26T07:40:10.005843,20,23
2026-07-26 07:43:03,mediboard,광주광역시,0,0,A1500006,신가병원,1501,D,15,8,9,58432192,2,2,15,2026-07-26T07:40:10.005843,10,11
2026-07-26 07:43:03,mediboard,광주광역시,0,0,A1500010,운암한국병원,1504,D,15,8,9,58432149,1,1,15,2026-07-26T07:40:10.005843,9,10
2026-07-26 07:43:03,mediboard,광주광역시,2,4,A1500002,전남대학교병원,1503,A,15,13,28,58432148,6,7,15,2026-07-26T07:40:10.005843,21,39
2026-07-26 07:43:03,mediboard,광주광역시,4,4,A1500001,조선대학교병원,1503,A,15,17,23,58431984,5,5,15,2026-07-26T07:40:10.005843,26,32
2026-07-26 07:43:03,mediboard,광주광역시,0,0,A1500011,첨단종합병원,1501,C,15,19,22,58432193,3,3,15,2026-07-26T07:40:10.005843,22,25
2026-07-26 07:43:03,mediboard,광주광역시,0,0,A1500017,하남성심병원,1501,D,15,19,19,58431985,1,2,15,2026-07-26T07:40:10.005843,20,21
2026-07-26 07:43:03,mediboard,대전광역시,0,0,A1600004,대전보훈병원,1601,D,16,7,7,58431829,2,2,16,2026-07-26T07:40:10.005843,9,9
2026-07-26 07:43:03,mediboard,대전광역시,0,0,A1600003,대전한국병원,1602,D,16,8,9,58431986,1,1,16,2026-07-26T07:40:10.005843,9,10
2026-07-26 07:43:03,mediboard,대전광역시,0,0,A1602246,대청병원,1603,D,16,9,9,58432100,1,1,16,2026-07-26T07:40:10.005843,10,10
2026-07-26 07:43:03,mediboard,대전광역시,0,0,A1600008,의료법인영훈의료재단대전선병원,1605,C,16,15,17,58431987,4,9,16,2026-07-26T07:40:10.005843,19,26
2026-07-26 07:43:03,mediboard,대전광역시,0,0,A1600007,의료법인영훈의료재단유성선병원,1604,C,16,12,17,58431875,3,7,16,2026-07-26T07:40:10.005843,15,24
2026-07-26 07:43:03,mediboard,대전광역시,6,6,A1600001,충남대학교병원,1605,A,16,20,28,58431930,5,5,16,2026-07-26T07:40:10.005843,31,39
2026-07-26 07:43:03,mediboard,대전광역시,0,0,A1600005,학교법인가톨릭학원가톨릭대학교대전성모병원,1605,C,16,15,19,58432195,2,3,16,2026-07-26T07:40:10.005843,17,22
2026-07-26 07:43:03,mediboard,대전광역시,3,5,A1600006,학교법인건양교육재단건양대학교병원,1603,A,16,18,24,58431874,5,5,16,2026-07-26T07:40:10.005843,26,34
2026-07-26 07:43:03,mediboard,대전광역시,0,0,A1600002,학교법인을지학원대전을지대학교병원,1603,C,16,21,23,58432152,6,6,16,2026-07-26T07:40:10.005843,27,29
2026-07-26 07:43:03,mediboard,울산광역시,0,0,A1700001,서울산보람병원,1704,D,17,9,10,58431876,1,1,17,2026-07-26T07:40:10.005843,10,11
2026-07-26 07:43:03,mediboard,울산광역시,0,0,A1700003,울산병원,1701,C,17,18,19,58432044,3,3,17,2026-07-26T07:40:10.005843,21,22
2026-07-26 07:43:03,mediboard,울산광역시,0,0,A1700002,의료법인동강의료재단동강병원,1705,C,17,22,24,58432101,3,3,17,2026-07-26T07:40:10.005843,25,27
2026-07-26 07:43:03,mediboard,울산광역시,0,0,A1700025,의료법인송은의료재단울산시티병원,1703,C,17,15,17,58432045,3,3,17,2026-07-26T07:40:10.005843,18,20
2026-07-26 07:43:03,mediboard,울산광역시,0,0,A1700011,의료법인은성의료재단좋은삼정병원,1701,D,17,6,9,58432102,1,1,17,2026-07-26T07:40:10.005843,7,10
2026-07-26 07:43:03,mediboard,울산광역시,0,0,A1700028,의료법인정안의료재단중앙병원,1701,C,17,11,17,58431931,3,3,17,2026-07-26T07:40:10.005843,14,20
2026-07-26 07:43:03,mediboard,울산광역시,8,8,A1700004,학교법인울산공업학원울산대학교병원,1702,A,17,9,23,58431988,6,6,17,2026-07-26T07:40:10.005843,23,37
2026-07-26 07:43:03,mediboard,경기도,0,0,A2100019,(의)영문의료재단다보스병원,2136,C,21,8,13,58431832,6,7,21,2026-07-26T07:40:10.005843,14,20
2026-07-26 07:43:03,mediboard,경기도,0,0,A2100122,(의)효심의료재단용인서울병원,2136,D,21,10,10,58432204,0,0,21,2026-07-26T07:40:10.005843,10,10
2026-07-26 07:43:03,mediboard,경기도,0,0,A2100052,가톨릭대학교부천성모병원,2113,C,21,24,31,58431837,6,6,21,2026-07-26T07:40:10.005843,30,37
2026-07-26 07:43:03,mediboard,경기도,8,8,A2100012,가톨릭대학교성빈센트병원,2122,C,21,19,28,58431989,6,6,21,2026-07-26T07:40:10.005843,31,40
2026-07-26 07:43:03,mediboard,경기도,11,11,A2100040,가톨릭대학교의정부성모병원,2138,A,21,24,44,58431884,6,6,21,2026-07-26T07:40:10.005843,41,61
2026-07-26 07:43:03,mediboard,경기도,0,0,A2100029,강남병원,2134,C,21,15,17,58432105,3,3,21,2026-07-26T07:40:10.005843,18,20
2026-07-26 07:43:03,mediboard,경기도,0,0,A2100032,경기도의료원수원병원,2121,D,21,6,8,58432047,5,5,21,2026-07-26T07:40:10.005843,11,13
2026-07-26 07:43:03,mediboard,경기도,0,0,A2100045,경기도의료원안성병원,2126,D,21,12,14,58432048,1,5,21,2026-07-26T07:40:10.005843,13,19
2026-07-26 07:43:03,mediboard,경기도,0,0,A2100043,경기도의료원의정부병원,2138,D,21,10,10,58432200,1,1,21,2026-07-26T07:40:10.005843,11,11
2026-07-26 07:43:03,mediboard,경기도,0,0,A2100193,경기도의료원이천병원,2139,C,21,8,17,58431886,1,3,21,2026-07-26T07:40:10.005843,9,20
2026-07-26 07:43:03,mediboard,경기도,0,0,A2100035,경기도의료원파주병원,2140,C,21,15,17,58431835,3,3,21,2026-07-26T07:40:10.005843,18,20
2026-07-26 07:43:03,mediboard,경기도,0,0,A2100031,경기도의료원포천병원,2142,C,21,14,17,58431992,3,3,21,2026-07-26T07:40:10.005843,17,20
2026-07-26 07:43:03,mediboard,경기도,4,4,A2100003,고려대학교의과대학부속안산병원,2124,A,21,13,22,58431879,7,8,21,2026-07-26T07:40:10.005843,24,34
2026-07-26 07:43:03,mediboard,경기도,4,4,A2100007,광명성애병원,2106,C,21,9,11,58432154,5,5,21,2026-07-26T07:40:10.005843,18,20
2026-07-26 07:43:03,mediboard,경기도,0,0,A2100258,국군수도병원,2116,D,21,15,16,58432107,0,2,21,2026-07-26T07:40:10.005843,15,18
2026-07-26 07:43:03,mediboard,경기도,0,0,A2100049,국립암센터,2103,D,21,15,24,58431994,1,1,21,2026-07-26T07:40:10.005843,16,25
2026-07-26 07:43:03,mediboard,경기도,0,5,A2100033,국민건강보험공단일산병원,2103,A,21,17,23,58432198,5,5,21,2026-07-26T07:40:10.005843,22,33
2026-07-26 07:43:03,mediboard,경기도,0,0,A2100014,근로복지공단안산병원,2125,D,21,6,7,58431933,1,1,21,2026-07-26T07:40:10.005843,7,8
2026-07-26 07:43:03,mediboard,경기도,0,0,A2100041,남양주한양병원,2111,C,21,15,17,58432199,3,3,21,2026-07-26T07:40:10.005843,18,20
2026-07-26 07:43:03,mediboard,경기도,0,0,A2100017,대아의료재단한도병원,2124,C,21,14,17,58431934,3,3,21,2026-07-26T07:40:10.005843,17,20
2026-07-26 07:43:03,mediboard,경기도,2,3,A2100025,대진의료재단분당제생병원,2116,C,21,16,24,58432156,3,3,21,2026-07-26T07:40:10.005843,21,30
2026-07-26 07:43:03,mediboard,경기도,3,3,A2100047,동국대학교일산불교병원,2103,C,21,13,19,58431993,7,7,21,2026-07-26T07:40:10.005843,23,29
2026-07-26 07:43:03,mediboard,경기도,0,0,A2100131,메디인병원,2140,D,21,9,12,58432158,2,2,21,2026-07-26T07:40:10.005843,11,14
2026-07-26 07:43:03,mediboard,경기도,0,0,A2121142,메디필드한강병원,2136,D,21,16,17,58432163,3,3,21,2026-07-26T07:40:10.005843,19,20
2026-07-26 07:43:03,mediboard,경기도,0,0,A2100055,부천세종병원,2113,C,21,16,17,58431939,3,3,21,2026-07-26T07:40:10.005843,19,20
2026-07-26 07:43:03,mediboard,경기도,3,5,A2100001,분당서울대학교병원,2116,A,21,-9,30,58431878,5,5,21,2026-07-26T07:40:10.005843,-1,40
2026-07-26 07:43:03,mediboard,경기도,6,6,A2116806,성남시의료원,2117,C,21,13,17,58432162,5,6,21,2026-07-26T07:40:10.005843,24,29
2026-07-26 07:43:03,mediboard,경기도,0,0,A2100194,세종여주병원,2131,D,21,6,6,58431838,10,10,21,2026-07-26T07:40:10.005843,16,16
2026-07-26 07:43:03,mediboard,경기도,0,0,A2100016,순천의료재단성남정병원,2117,D,21,9,9,58431882,2,2,21,2026-07-26T07:40:10.005843,11,11
2026-07-26 07:43:03,mediboard,경기도,5,5,A2100005,순천향대학교부속부천병원,2113,A,21,10,17,58431831,4,5,21,2026-07-26T07:40:10.005843,19,27
2026-07-26 07:43:03,mediboard,경기도,10,14,A2100002,아주대학교병원,2120,A,21,25,32,58431932,11,13,21,2026-07-26T07:40:10.005843,43,54
2026-07-26 07:43:03,mediboard,경기도,0,0,A2100305,안성성모병원,2126,D,21,9,9,58432161,1,1,21,2026-07-26T07:40:10.005843,10,10
2026-07-26 07:43:03,mediboard,경기도,0,0,A2100089,양평병원,2130,D,21,8,9,58432050,1,1,21,2026-07-26T07:40:10.005843,9,10
2026-07-26 07:43:03,mediboard,경기도,0,0,A2118188,엘병원,2111,D,21,6,8,58432052,2,2,21,2026-07-26T07:40:10.005843,8,10
2026-07-26 07:43:03,mediboard,경기도,6,6,A2100020,연세대학교의과대학용인세브란스병원,2134,C,21,14,16,58432196,3,4,21,2026-07-26T07:40:10.005843,23,26
2026-07-26 07:43:03,mediboard,경기도,0,0,E2100187,연천군보건의료원,2132,D,21,10,10,58431856,0,0,21,2026-07-26T07:40:10.005843,10,10
2026-07-26 07:43:03,mediboard,경기도,0,0,A2100024,오산한국병원,2133,C,21,16,17,58432197,2,3,21,2026-07-26T07:40:10.005843,18,20
2026-07-26 07:43:03,mediboard,경기도,0,0,A2100048,원광대학교산본병원,2109,C,21,16,17,58431938,2,3,21,2026-07-26T07:40:10.005843,18,20
2026-07-26 07:43:03,mediboard,경기도,0,0,A2100013,의료법인 록향의료재단 신천연합병원,2123,D,21,4,10,58432155,1,1,21,2026-07-26T07:40:10.005843,5,11
2026-07-26 07:43:03,mediboard,경기도,0,0,A2100036,의료법인 일심의료재단 포천우리병원,2142,D,21,18,18,58431937,4,4,21,2026-07-26T07:40:10.005843,22,22
2026-07-26 07:43:03,mediboard,경기도,0,0,A2100309,의료법인갈렌의료재단박병원,2141,D,21,10,10,58431996,1,1,21,2026-07-26T07:40:10.005843,11,11
2026-07-26 07:43:03,mediboard,경기도,5,5,A2100008,의료법인남촌의료재단시화병원,2123,C,21,14,16,58431880,5,6,21,2026-07-26T07:40:10.005843,24,27
2026-07-26 07:43:03,mediboard,경기도,0,0,A2100009,의료법인녹산의료재단동수원병원,2122,C,21,13,17,58432046,3,3,21,2026-07-26T07:40:10.005843,16,20
2026-07-26 07:43:03,mediboard,경기도,0,0,A2100050,의료법인대인의료재단다니엘종합병원,2113,D,21,4,6,58432202,4,4,21,2026-07-26T07:40:10.005843,8,10
2026-07-26 07:43:03,mediboard,경기도,3,3,A2121061,의료법인덕산의료재단수원덕산병원,2119,D,21,22,24,58432205,3,3,21,2026-07-26T07:40:10.005843,28,30
2026-07-26 07:43:03,mediboard,경기도,0,0,A2117135,의료법인명인의료재단화홍병원,2119,C,21,12,15,58431941,5,5,21,2026-07-26T07:40:10.005843,17,20
2026-07-26 07:43:03,mediboard,경기도,3,3,A2100042,의료법인명지의료재단명지병원,2102,A,21,13,15,58432157,8,11,21,2026-07-26T07:40:10.005843,21,26
2026-07-26 07:43:03,mediboard,경기도,0,0,A2100022,의료법인박애의료재단박애병원,2141,D,21,10,10,58431935,1,1,21,2026-07-26T07:40:10.005843,11,11
2026-07-26 07:43:03,mediboard,경기도,0,0,A2100028,의료법인백송의료재단굿모닝병원,2141,C,21,14,19,58431936,8,9,21,2026-07-26T07:40:10.005843,22,28
2026-07-26 07:43:03,mediboard,경기도,0,0,A2100027,의료법인석경의료재단센트럴병원,2123,D,21,18,18,58431991,3,3,21,2026-07-26T07:40:10.005843,21,21
2026-07-26 07:43:03,mediboard,경기도,0,0,A2116972,의료법인성광의료재단일산차병원,2103,D,21,6,6,58431940,3,4,21,2026-07-26T07:40:10.005843,9,10
2026-07-26 07:43:03,mediboard,경기도,0,0,A2113246,의료법인양진의료재단평택성모병원,2141,C,21,15,17,58431997,3,3,21,2026-07-26T07:40:10.005843,18,20
2026-07-26 07:43:03,mediboard,경기도,0,0,A2100034,의료법인영동의료재단의정부백병원,2138,D,21,9,10,58431834,2,2,21,2026-07-26T07:40:10.005843,11,12
2026-07-26 07:43:03,mediboard,경기도,0,0,A2100053,의료법인우리의료재단김포우리병원,2110,C,21,11,22,58432049,7,7,21,2026-07-26T07:40:10.005843,18,29
2026-07-26 07:43:03,mediboard,경기도,0,0,A2115699,의료법인원광의료재단원광종합병원,2146,D,21,8,9,58431887,1,1,21,2026-07-26T07:40:10.005843,9,10
2026-07-26 07:43:03,mediboard,경기도,0,0,A2100018,의료법인은혜와감사의료재단화성중앙종합병원,2144,D,21,8,9,58432104,1,1,21,2026-07-26T07:40:10.005843,9,10
2026-07-26 07:43:03,mediboard,경기도,0,0,A2100006,의료법인인봉의료재단뉴고려병원,2110,C,21,12,14,58432153,6,6,21,2026-07-26T07:40:10.005843,18,20
2026-07-26 07:43:03,mediboard,경기도,0,0,A2100290,의료법인자인의료재단(더자인병원),2102,D,21,13,16,58431995,4,4,21,2026-07-26T07:40:10.005843,17,20
2026-07-26 07:43:03,mediboard,경기도,0,0,A2100124,의료법인칠석의료재단사랑의병원,2125,D,21,12,13,58431885,1,1,21,2026-07-26T07:40:10.005843,13,14
2026-07-26 07:43:03,mediboard,경기도,0,0,A2100175,의료법인토마스의료재단윌스기념병원,2122,D,21,17,18,58432160,3,3,21,2026-07-26T07:40:10.005843,20,21
2026-07-26 07:43:03,mediboard,경기도,0,0,A2100021,의료법인플러스의료재단단원병원,2124,D,21,15,17,58431990,3,3,21,2026-07-26T07:40:10.005843,18,20
2026-07-26 07:43:03,mediboard,경기도,0,4,A2100038,인제대학교일산백병원,2104,C,21,29,34,58432106,5,6,21,2026-07-26T07:40:10.005843,34,44
2026-07-26 07:43:03,mediboard,경기도,0,0,A2118788,중앙대학교광명병원,2106,C,21,17,21,58431839,3,3,21,2026-07-26T07:40:10.005843,20,24
2026-07-26 07:43:03,mediboard,경기도,12,13,A2100030,차의과학대학교분당차병원,2116,A,21,21,22,58431833,6,7,21,2026-07-26T07:40:10.005843,37,40
2026-07-26 07:43:03,mediboard,경기도,1,1,A2100155,참조은병원,2107,C,21,4,9,58432159,10,10,21,2026-07-26T07:40:10.005843,15,20
2026-07-26 07:43:03,mediboard,경기도,0,0,A2100150,추병원,2138,D,21,12,12,58432051,2,2,21,2026-07-26T07:40:10.005843,14,14
2026-07-26 07:43:03,mediboard,경기도,6,6,A2117994,학교법인을지학원의정부을지대학교병원,2138,C,21,30,30,58431942,11,11,21,2026-07-26T07:40:10.005843,47,47
2026-07-26 07:43:03,mediboard,경기도,9,9,A2100046,한림대학교동탄성심병원,2147,C,21,25,32,58432201,2,3,21,2026-07-26T07:40:10.005843,36,44
2026-07-26 07:43:03,mediboard,경기도,3,3,A2100004,한림대학교성심병원,2127,A,21,16,25,58431830,11,11,21,2026-07-26T07:40:10.005843,30,39
2026-07-26 07:43:03,mediboard,경기도,0,0,A2100039,한양대학교구리병원,2108,C,21,13,18,58431883,4,5,21,2026-07-26T07:40:10.005843,17,23
2026-07-26 07:43:03,mediboard,경기도,0,0,A2100037,현대병원,2111,C,21,15,17,58431836,3,3,21,2026-07-26T07:40:10.005843,18,20
2026-07-26 07:43:03,mediboard,경기도,0,0,A2100015,효산의료재단안양샘병원,2128,C,21,14,17,58431881,3,3,21,2026-07-26T07:40:10.005843,17,20
2026-07-26 07:43:03,mediboard,경기도,0,0,A2100054,효산의료재단지샘병원,2109,C,21,15,18,58432203,4,4,21,2026-07-26T07:40:10.005843,19,22
2026-07-26 07:43:03,mediboard,강원특별자치도,3,3,A2200008,강릉아산병원,2201,A,22,19,23,58432053,5,5,22,2026-07-26T07:40:10.005843,27,31
2026-07-26 07:43:03,mediboard,강원특별자치도,3,3,A2200009,강원대학교병원,2213,C,22,13,21,58432206,5,5,22,2026-07-26T07:40:10.005843,21,29
2026-07-26 07:43:03,mediboard,강원특별자치도,0,0,A2200011,강원특별자치도강릉의료원,2201,D,22,0,5,58431999,1,1,22,2026-07-26T07:40:10.005843,1,6
2026-07-26 07:43:03,mediboard,강원특별자치도,1,1,A2200007,강원특별자치도삼척의료원,2204,C,22,15,16,58431840,3,5,22,2026-07-26T07:40:10.005843,19,22
2026-07-26 07:43:03,mediboard,강원특별자치도,0,0,A2200012,강원특별자치도속초의료원,2205,C,22,17,17,58432207,3,3,22,2026-07-26T07:40:10.005843,20,20
2026-07-26 07:43:03,mediboard,강원특별자치도,0,0,A2200002,강원특별자치도영월의료원,2208,D,22,7,9,58431888,1,1,22,2026-07-26T07:40:10.005843,8,10
2026-07-26 07:43:03,mediboard,강원특별자치도,0,0,A2200015,강원특별자치도원주의료원,2209,D,22,16,17,58432001,3,3,22,2026-07-26T07:40:10.005843,19,20
2026-07-26 07:43:03,mediboard,강원특별자치도,0,0,A2200048,근로복지공단정선병원,2211,D,22,5,5,58431944,1,1,22,2026-07-26T07:40:10.005843,6,6
2026-07-26 07:43:03,mediboard,강원특별자치도,0,0,A2200004,근로복지공단태백병원,2214,D,22,9,9,58431943,1,1,22,2026-07-26T07:40:10.005843,10,10
2026-07-26 07:43:03,mediboard,강원특별자치도,3,3,A2200001,연세대학교원주세브란스기독병원,2209,A,22,24,31,58431998,28,45,22,2026-07-26T07:40:10.005843,55,79
2026-07-26 07:43:03,mediboard,강원특별자치도,0,0,A2200005,의료법인강릉동인병원,2201,C,22,16,17,58432109,3,3,22,2026-07-26T07:40:10.005843,19,20
2026-07-26 07:43:03,mediboard,강원특별자치도,0,0,A2200003,의료법인동해동인병원,2203,D,22,8,10,58432108,1,1,22,2026-07-26T07:40:10.005843,9,11
2026-07-26 07:43:03,mediboard,강원특별자치도,0,0,A2200037,의료법인성심의료재단양구성심병원,2206,D,22,3,5,58432208,1,1,22,2026-07-26T07:40:10.005843,4,6
2026-07-26 07:43:03,mediboard,강원특별자치도,0,0,A2200024,의료법인성지의료재단성지병원,2209,D,22,5,7,58432055,1,1,22,2026-07-26T07:40:10.005843,6,8
2026-07-26 07:43:03,mediboard,강원특별자치도,0,0,A2200046,의료법인온세움의료재단온재병원,2205,D,22,0,9,58432209,1,1,22,2026-07-26T07:40:10.005843,1,10
2026-07-26 07:43:03,mediboard,강원특별자치도,0,0,A2201730,철원병원,2212,D,22,2,5,58431889,1,1,22,2026-07-26T07:40:10.005843,3,6
2026-07-26 07:43:03,mediboard,강원특별자치도,0,0,E2200026,평창군보건의료원,2215,D,22,6,6,58431965,1,1,22,2026-07-26T07:40:10.005843,7,7
2026-07-26 07:43:03,mediboard,강원특별자치도,3,3,A2200013,한림대학교춘천성심병원,2213,A,22,15,22,58431841,5,5,22,2026-07-26T07:40:10.005843,23,30
2026-07-26 07:43:03,mediboard,강원특별자치도,0,0,A2200014,홍천아산병원,2216,D,22,9,10,58432000,0,0,22,2026-07-26T07:40:10.005843,9,10
2026-07-26 07:43:03,mediboard,강원특별자치도,0,0,E2200025,화천군보건의료원,2217,D,22,7,7,58432080,1,1,22,2026-07-26T07:40:10.005843,8,8
2026-07-26 07:43:03,mediboard,강원특별자치도,0,0,A2200016,횡성대성병원,2218,D,22,7,9,58432054,1,1,22,2026-07-26T07:40:10.005843,8,10
2026-07-26 07:43:03,mediboard,충청북도,0,0,A2300010,건국대학교충주병원,2314,C,23,12,20,58432210,3,3,23,2026-07-26T07:40:10.005843,15,23
2026-07-26 07:43:03,mediboard,충청북도,0,0,E2300011,단양군보건의료원,2302,D,23,5,6,58431913,1,2,23,2026-07-26T07:40:10.005843,6,8
2026-07-26 07:43:03,mediboard,충청북도,0,0,A2300013,의료법인 건명의료재단 중앙제일병원,2309,C,23,15,17,58432110,3,5,23,2026-07-26T07:40:10.005843,18,22
2026-07-26 07:43:03,mediboard,충청북도,0,0,A2300034,의료법인대광의료재단괴산성모병원,2301,D,23,9,9,58432004,0,1,23,2026-07-26T07:40:10.005843,9,10
2026-07-26 07:43:03,mediboard,충청북도,3,3,A2300009,의료법인명지의료재단명지병원,2307,C,23,15,18,58432003,6,6,23,2026-07-26T07:40:10.005843,24,27
2026-07-26 07:43:03,mediboard,충청북도,0,0,A2300007,의료법인인화재단한국병원,2310,C,23,11,14,58432002,6,6,23,2026-07-26T07:40:10.005843,17,20
2026-07-26 07:43:03,mediboard,충청북도,0,0,A2300005,의료법인자산의료재단제천서울병원,2307,C,23,11,15,58431892,4,5,23,2026-07-26T07:40:10.005843,15,20
2026-07-26 07:43:03,mediboard,충청북도,0,0,A2300003,의료법인정산의료재단효성병원,2310,C,23,15,18,58431891,5,5,23,2026-07-26T07:40:10.005843,20,23
2026-07-26 07:43:03,mediboard,충청북도,0,0,A2300030,의료법인조윤의료재단영동병원,2304,D,23,8,10,58432111,0,0,23,2026-07-26T07:40:10.005843,8,10
2026-07-26 07:43:03,mediboard,충청북도,0,0,A2300002,의료법인한마음의료재단하나병원,2313,C,23,8,11,58431842,11,12,23,2026-07-26T07:40:10.005843,19,23
2026-07-26 07:43:03,mediboard,충청북도,0,0,A2300011,의료법인힐링의료재단옥천성모병원,2305,D,23,3,7,58432164,3,3,23,2026-07-26T07:40:10.005843,6,10
2026-07-26 07:43:03,mediboard,충청북도,0,0,A2300008,청주성모병원,2312,C,23,8,15,58431843,4,10,23,2026-07-26T07:40:10.005843,12,25
2026-07-26 07:43:03,mediboard,충청북도,8,8,A2300001,충북대학교병원,2311,A,23,27,32,58431890,5,5,23,2026-07-26T07:40:10.005843,40,45
2026-07-26 07:43:03,mediboard,충청북도,0,0,A2300006,충청북도청주의료원,2311,D,23,12,12,58431946,4,4,23,2026-07-26T07:40:10.005843,16,16
2026-07-26 07:43:03,mediboard,충청북도,0,0,A2300004,충청북도충주의료원,2314,D,23,18,18,58431945,3,3,23,2026-07-26T07:40:10.005843,21,21
2026-07-26 07:43:03,mediboard,충청남도,4,4,A2400002,단국대학교의과대학부속병원,2412,A,24,19,27,58431894,5,5,24,2026-07-26T07:40:10.005843,28,36
2026-07-26 07:43:03,mediboard,충청남도,0,0,A2400008,당진종합병원,2405,C,24,9,17,58431895,3,3,24,2026-07-26T07:40:10.005843,12,20
2026-07-26 07:43:03,mediboard,충청남도,0,4,A2400003,서산중앙병원,2408,C,24,15,17,58431844,3,3,24,2026-07-26T07:40:10.005843,18,24
2026-07-26 07:43:03,mediboard,충청남도,0,0,A2402257,아산충무병원,2410,C,24,9,13,58432211,8,8,24,2026-07-26T07:40:10.005843,17,21
2026-07-26 07:43:03,mediboard,충청남도,0,0,A2400044,의료법인 서해병원,2409,D,24,3,5,58431896,2,2,24,2026-07-26T07:40:10.005843,5,7
2026-07-26 07:43:03,mediboard,충청남도,0,0,A2400004,의료법인 예당의료재단 예산종합병원,2411,D,24,6,6,58432056,1,1,24,2026-07-26T07:40:10.005843,7,7
2026-07-26 07:43:03,mediboard,충청남도,0,0,A2400009,의료법인백제병원,2404,C,24,17,20,58431846,3,3,24,2026-07-26T07:40:10.005843,20,23
2026-07-26 07:43:03,mediboard,충청남도,0,0,A2400012,의료법인영서의료재단천안충무병원,2413,C,24,12,16,58432005,5,5,24,2026-07-26T07:40:10.005843,17,21
2026-07-26 07:43:03,mediboard,충청남도,0,0,A2400011,재단법인아산사회복지재단보령아산병원,2406,C,24,15,17,58431947,3,3,24,2026-07-26T07:40:10.005843,18,20
2026-07-26 07:43:03,mediboard,충청남도,0,0,E2400032,청양군보건의료원,2414,D,24,5,6,58432022,1,1,24,2026-07-26T07:40:10.005843,6,7
2026-07-26 07:43:03,mediboard,충청남도,0,0,A2400010,충청남도공주의료원,2402,D,24,12,15,58431847,1,1,24,2026-07-26T07:40:10.005843,13,16
2026-07-26 07:43:03,mediboard,충청남도,0,0,A2400006,충청남도서산의료원,2408,C,24,16,17,58431845,3,3,24,2026-07-26T07:40:10.005843,19,20
2026-07-26 07:43:03,mediboard,충청남도,0,0,A2400005,충청남도천안의료원,2412,D,24,10,12,58432112,1,2,24,2026-07-26T07:40:10.005843,11,14
2026-07-26 07:43:03,mediboard,충청남도,1,1,A2400007,충청남도홍성의료원,2416,C,24,15,18,58432165,3,3,24,2026-07-26T07:40:10.005843,19,22
2026-07-26 07:43:03,mediboard,충청남도,0,0,E2400033,태안군보건의료원,2415,D,24,10,10,58431857,1,1,24,2026-07-26T07:40:10.005843,11,11
2026-07-26 07:43:03,mediboard,충청남도,0,0,A2400038,학교법인건양교육재단건양대학교부여병원,2407,D,24,7,9,58432006,1,1,24,2026-07-26T07:40:10.005843,8,10
2026-07-26 07:43:03,mediboard,충청남도,18,18,A2400001,학교법인동은학원순천향대학교부속천안병원,2412,A,24,16,22,58431893,11,11,24,2026-07-26T07:40:10.005843,41,47
2026-07-26 07:43:03,mediboard,충청남도,0,0,A2400039,현대병원,2410,D,24,7,10,58432113,1,1,24,2026-07-26T07:40:10.005843,8,11
2026-07-26 07:43:03,mediboard,전북특별자치도,0,0,A2500038,김제우석병원,2503,D,25,9,10,58431848,1,1,25,2026-07-26T07:40:10.005843,10,11
2026-07-26 07:43:03,mediboard,전북특별자치도,0,0,A2500056,대자인병원,2512,C,25,25,33,58432008,3,3,25,2026-07-26T07:40:10.005843,28,36
2026-07-26 07:43:03,mediboard,전북특별자치도,0,0,E2500019,무주군보건의료원,2505,D,25,2,4,58432180,1,1,25,2026-07-26T07:40:10.005843,3,5
2026-07-26 07:43:03,mediboard,전북특별자치도,0,0,A2500010,부안성모병원,2506,D,25,8,10,58432115,2,2,25,2026-07-26T07:40:10.005843,10,12
2026-07-26 07:43:03,mediboard,전북특별자치도,3,3,A2502742,새강병원,2513,D,25,13,14,58432214,3,3,25,2026-07-26T07:40:10.005843,19,20
2026-07-26 07:43:03,mediboard,전북특별자치도,0,0,E2500021,순창군보건의료원,2507,D,25,9,9,58431914,1,1,25,2026-07-26T07:40:10.005843,10,10
2026-07-26 07:43:03,mediboard,전북특별자치도,3,3,A2500001,원광대학교병원,2509,A,25,7,28,58432212,5,5,25,2026-07-26T07:40:10.005843,15,36
2026-07-26 07:43:03,mediboard,전북특별자치도,0,0,A2500011,의료법인대산의료재단익산병원,2509,C,25,13,17,58432007,3,3,25,2026-07-26T07:40:10.005843,16,20
2026-07-26 07:43:03,mediboard,전북특별자치도,0,0,A2500009,의료법인석천재단고창병원,2501,D,25,7,10,58432166,1,1,25,2026-07-26T07:40:10.005843,8,11
2026-07-26 07:43:03,mediboard,전북특별자치도,0,0,A2500005,의료법인영경의료재단전주병원,2513,C,25,5,17,58432058,3,3,25,2026-07-26T07:40:10.005843,8,20
2026-07-26 07:43:03,mediboard,전북특별자치도,0,0,A2501890,의료법인영경의료재단호성전주병원,2512,D,25,7,9,58431948,1,1,25,2026-07-26T07:40:10.005843,8,10
2026-07-26 07:43:03,mediboard,전북특별자치도,0,0,A2500012,의료법인오성의료재단동군산병원,2502,C,25,10,17,58432213,6,6,25,2026-07-26T07:40:10.005843,16,23
2026-07-26 07:43:03,mediboard,전북특별자치도,0,0,E2500022,임실군보건의료원,2510,D,25,4,4,58432181,1,1,25,2026-07-26T07:40:10.005843,5,5
2026-07-26 07:43:03,mediboard,전북특별자치도,0,0,E2500020,장수군보건의료원,2511,D,25,5,5,58432023,1,1,25,2026-07-26T07:40:10.005843,6,6
2026-07-26 07:43:03,mediboard,전북특별자치도,0,0,A2500008,재단법인 아산사회복지재단 정읍아산병원,2514,C,25,15,17,58431898,3,3,25,2026-07-26T07:40:10.005843,18,20
2026-07-26 07:43:03,mediboard,전북특별자치도,6,12,A2500006,재단법인예수병원유지재단예수병원,2513,C,25,20,38,58431897,4,5,25,2026-07-26T07:40:10.005843,28,53
2026-07-26 07:43:03,mediboard,전북특별자치도,4,5,A2500002,전북대학교병원,2512,A,25,14,36,58432114,7,7,25,2026-07-26T07:40:10.005843,25,48
2026-07-26 07:43:03,mediboard,전북특별자치도,0,0,A2500007,전북특별자치도군산의료원,2502,C,25,11,17,58432059,3,3,25,2026-07-26T07:40:10.005843,14,20
2026-07-26 07:43:03,mediboard,전북특별자치도,0,0,A2500004,전북특별자치도남원의료원,2504,C,25,14,17,58432057,3,3,25,2026-07-26T07:40:10.005843,17,20
2026-07-26 07:43:03,mediboard,전북특별자치도,0,0,A2502031,진안군의료원,2515,D,25,4,6,58432116,2,2,25,2026-07-26T07:40:10.005843,6,8
2026-07-26 07:43:03,mediboard,전라남도,0,0,A2600029,곡성사랑병원,2603,D,26,4,5,58432118,1,1,26,2026-07-26T07:40:10.005843,5,6
2026-07-26 07:43:03,mediboard,전라남도,0,0,A2600006,광양사랑병원,2604,D,26,7,9,58431850,1,1,26,2026-07-26T07:40:10.005843,8,10
2026-07-26 07:43:03,mediboard,전라남도,0,0,A2600061,구례병원,2605,D,26,10,10,58432169,0,0,26,2026-07-26T07:40:10.005843,10,10
2026-07-26 07:43:03,mediboard,전라남도,0,0,A2600016,나주종합병원,2606,D,26,8,10,58432061,0,0,26,2026-07-26T07:40:10.005843,8,10
2026-07-26 07:43:03,mediboard,전라남도,0,0,A2600054,담양사랑병원,2607,D,26,6,6,58432065,2,2,26,2026-07-26T07:40:10.005843,8,8
2026-07-26 07:43:03,mediboard,전라남도,0,0,A2600003,대송의료재단무안병원,2609,D,26,-1,4,58432167,1,1,26,2026-07-26T07:40:10.005843,0,5
2026-07-26 07:43:03,mediboard,전라남도,0,0,A2600020,목포기독병원,2608,D,26,14,17,58431900,3,3,26,2026-07-26T07:40:10.005843,17,20
2026-07-26 07:43:03,mediboard,전라남도,0,0,A2600022,목포시의료원,2608,D,26,8,9,58432218,1,1,26,2026-07-26T07:40:10.005843,9,10
2026-07-26 07:43:03,mediboard,전라남도,2,3,A2600011,목포한국병원,2608,A,26,10,18,58432009,5,5,26,2026-07-26T07:40:10.005843,17,26
2026-07-26 07:43:03,mediboard,전라남도,0,0,A2600052,보성아산병원,2610,D,26,7,8,58432222,1,1,26,2026-07-26T07:40:10.005843,8,9
2026-07-26 07:43:03,mediboard,전라남도,0,0,A2602211,빛가람종합병원,2606,D,26,7,9,58431952,1,1,26,2026-07-26T07:40:10.005843,8,10
2026-07-26 07:43:03,mediboard,전라남도,0,4,A2600019,성가롤로병원,2611,A,26,4,18,58432062,5,5,26,2026-07-26T07:40:10.005843,9,27
2026-07-26 07:43:03,mediboard,전라남도,0,0,A2600008,순천제일병원,2611,D,26,9,9,58432117,1,1,26,2026-07-26T07:40:10.005843,10,10
2026-07-26 07:43:03,mediboard,전라남도,0,0,A2600004,순천중앙병원,2611,D,26,5,5,58432060,1,1,26,2026-07-26T07:40:10.005843,6,6
2026-07-26 07:43:03,mediboard,전라남도,0,0,A2600010,여수전남병원,2613,D,26,9,10,58432216,1,1,26,2026-07-26T07:40:10.005843,10,11
2026-07-26 07:43:03,mediboard,전라남도,0,0,A2600014,여천전남병원,2613,C,26,17,17,58431899,3,3,26,2026-07-26T07:40:10.005843,20,20
2026-07-26 07:43:03,mediboard,전라남도,0,0,A2600015,영광종합병원,2614,D,26,7,10,58432168,3,3,26,2026-07-26T07:40:10.005843,10,13
2026-07-26 07:43:03,mediboard,전라남도,0,0,A2600070,영암한국병원,2615,D,26,8,8,58432170,0,1,26,2026-07-26T07:40:10.005843,8,9
2026-07-26 07:43:03,mediboard,전라남도,0,0,A2600032,완도대성병원,2616,D,26,0,5,58432011,1,1,26,2026-07-26T07:40:10.005843,1,6
2026-07-26 07:43:03,mediboard,전라남도,0,0,A2600034,의료법인 거명의료재단 영광기독병원,2614,D,26,7,10,58432064,1,1,26,2026-07-26T07:40:10.005843,8,11
2026-07-26 07:43:03,mediboard,전라남도,0,0,A2600017,의료법인목포구암의료재단목포중앙병원,2608,C,26,12,16,58431950,4,4,26,2026-07-26T07:40:10.005843,16,20
2026-07-26 07:43:03,mediboard,전라남도,0,0,A2600066,의료법인삼호의료재단벌교삼호병원,2610,D,26,6,6,58431902,1,1,26,2026-07-26T07:40:10.005843,7,7
2026-07-26 07:43:03,mediboard,전라남도,0,0,A2600051,의료법인신안대우병원,2612,D,26,4,4,58432221,1,1,26,2026-07-26T07:40:10.005843,5,5
2026-07-26 07:43:03,mediboard,전라남도,0,0,A2600018,의료법인영성의료재단고흥종합병원,2602,D,26,8,10,58432010,0,0,26,2026-07-26T07:40:10.005843,8,10
2026-07-26 07:43:03,mediboard,전라남도,0,0,A2600021,의료법인우범의료재단장흥종합병원,2618,D,26,9,9,58432217,1,1,26,2026-07-26T07:40:10.005843,10,10
2026-07-26 07:43:03,mediboard,전라남도,0,0,A2600068,의료법인장호의료재단녹동현대병원,2602,D,26,0,3,58432066,2,2,26,2026-07-26T07:40:10.005843,2,5
2026-07-26 07:43:03,mediboard,전라남도,0,0,A2600005,의료법인한국의료재단한국병원,2611,D,26,6,11,58431849,1,1,26,2026-07-26T07:40:10.005843,7,12
2026-07-26 07:43:03,mediboard,전라남도,0,0,A2600027,의료법인한마음의료재단여수제일병원,2613,D,26,9,9,58432063,1,1,26,2026-07-26T07:40:10.005843,10,10
2026-07-26 07:43:03,mediboard,전라남도,0,0,A2600035,의료법인행복나눔의료재단장성병원,2617,D,26,4,4,58431951,1,1,26,2026-07-26T07:40:10.005843,5,5
2026-07-26 07:43:03,mediboard,전라남도,0,0,A2600009,의료법인행촌의료재단해남종합병원,2621,D,26,9,10,58432215,1,1,26,2026-07-26T07:40:10.005843,10,11
2026-07-26 07:43:03,mediboard,전라남도,0,0,A2600024,의료법인현경의료재단광양서울병원,2604,D,26,7,9,58432219,1,1,26,2026-07-26T07:40:10.005843,8,10
2026-07-26 07:43:03,mediboard,전라남도,0,0,A2600037,장흥우리병원,2618,D,26,4,4,58431901,1,1,26,2026-07-26T07:40:10.005843,5,5
2026-07-26 07:43:03,mediboard,전라남도,0,0,A2600050,전라남도강진의료원,2601,D,26,8,9,58432119,1,1,26,2026-07-26T07:40:10.005843,9,10
2026-07-26 07:43:03,mediboard,전라남도,0,0,A2600056,전라남도순천의료원,2611,D,26,6,6,58432223,2,2,26,2026-07-26T07:40:10.005843,8,8
2026-07-26 07:43:03,mediboard,전라남도,0,0,A2600040,진도한국병원,2619,D,26,2,4,58432220,1,1,26,2026-07-26T07:40:10.005843,3,5
2026-07-26 07:43:03,mediboard,전라남도,0,0,A2600077,해남우리종합병원,2621,D,26,15,15,58431903,4,4,26,2026-07-26T07:40:10.005843,19,19
2026-07-26 07:43:03,mediboard,전라남도,1,1,A2600001,화순전남대학교병원,2622,C,26,13,16,58431949,7,7,26,2026-07-26T07:40:10.005843,21,24
2026-07-26 07:43:03,mediboard,경상북도,0,0,A2700018,경상북도김천의료원,2706,D,27,13,17,58432072,1,1,27,2026-07-26T07:40:10.005843,14,18
2026-07-26 07:43:03,mediboard,경상북도,0,0,A2700001,경상북도안동의료원,2711,D,27,5,6,58431851,2,2,27,2026-07-26T07:40:10.005843,7,8
2026-07-26 07:43:03,mediboard,경상북도,0,0,A2700005,경상북도포항의료원,2724,D,27,6,8,58432067,2,2,27,2026-07-26T07:40:10.005843,8,10
2026-07-26 07:43:03,mediboard,경상북도,0,0,A2700097,계명대학교경주동산병원,2702,D,27,7,9,58432120,1,1,27,2026-07-26T07:40:10.005843,8,10
2026-07-26 07:43:03,mediboard,경상북도,0,0,A2700015,구미강동병원,2704,D,27,6,7,58432071,3,3,27,2026-07-26T07:40:10.005843,9,10
2026-07-26 07:43:03,mediboard,경상북도,3,3,A2700003,동국대학교의과대학경주병원,2702,C,27,15,16,58432171,7,7,27,2026-07-26T07:40:10.005843,25,26
2026-07-26 07:43:03,mediboard,경상북도,0,0,A2700011,상주적십자병원,2709,D,27,6,9,58432224,1,1,27,2026-07-26T07:40:10.005843,7,10
2026-07-26 07:43:03,mediboard,경상북도,4,4,A2700013,순천향대학교부속구미병원,2704,C,27,8,13,58431955,3,3,27,2026-07-26T07:40:10.005843,15,20
2026-07-26 07:43:03,mediboard,경상북도,0,0,A2700004,안동성소병원,2711,C,27,8,12,58431852,7,8,27,2026-07-26T07:40:10.005843,15,20
2026-07-26 07:43:03,mediboard,경상북도,0,0,A2700008,에스포항병원,2723,D,27,4,6,58432069,1,1,27,2026-07-26T07:40:10.005843,5,7
2026-07-26 07:43:03,mediboard,경상북도,0,0,A2700017,영남대학교의과대학부속영천병원,2715,D,27,9,10,58432013,3,3,27,2026-07-26T07:40:10.005843,12,13
2026-07-26 07:43:03,mediboard,경상북도,0,0,A2700031,영주기독병원,2714,D,27,1,4,58431905,1,1,27,2026-07-26T07:40:10.005843,2,5
2026-07-26 07:43:03,mediboard,경상북도,0,0,A2700020,영주자인병원,2714,D,27,3,4,58432014,1,1,27,2026-07-26T07:40:10.005843,4,5
2026-07-26 07:43:03,mediboard,경상북도,0,0,A2702752,영주적십자병원,2714,D,27,7,10,58431957,1,1,27,2026-07-26T07:40:10.005843,8,11
2026-07-26 07:43:03,mediboard,경상북도,0,0,E2700553,울릉군보건의료원,2717,D,27,4,5,58431858,0,0,27,2026-07-26T07:40:10.005843,4,5
2026-07-26 07:43:03,mediboard,경상북도,0,0,A2700052,울진군의료원,2718,D,27,7,8,58431907,2,2,27,2026-07-26T07:40:10.005843,9,10
2026-07-26 07:43:03,mediboard,경상북도,0,0,A2700019,의)근원의료재단경산중앙병원,2701,D,27,7,10,58431904,2,2,27,2026-07-26T07:40:10.005843,9,12
2026-07-26 07:43:03,mediboard,경상북도,0,0,A2700038,의료법인대남의료재단청도대남병원,2720,D,27,8,10,58432225,0,0,27,2026-07-26T07:40:10.005843,8,10
2026-07-26 07:43:03,mediboard,경상북도,0,0,A2700012,의료법인덕산의료재단김천제일병원,2706,C,27,16,16,58432070,4,4,27,2026-07-26T07:40:10.005843,20,20
2026-07-26 07:43:03,mediboard,경상북도,0,0,A2700006,의료법인동춘의료재단문경제일병원,2707,C,27,17,17,58432068,2,3,27,2026-07-26T07:40:10.005843,19,20
2026-07-26 07:43:03,mediboard,경상북도,0,0,A2700009,의료법인삼백의료재단상주성모병원,2709,D,27,8,9,58432172,1,1,27,2026-07-26T07:40:10.005843,9,10
2026-07-26 07:43:03,mediboard,경상북도,0,0,A2700036,의료법인서명의료재단세명종합병원,2701,D,27,11,13,58431906,2,2,27,2026-07-26T07:40:10.005843,13,15
2026-07-26 07:43:03,mediboard,경상북도,0,0,A2700023,의료법인서준의료재단예천권병원,2716,D,27,5,6,58431956,1,1,27,2026-07-26T07:40:10.005843,6,7
2026-07-26 07:43:03,mediboard,경상북도,2,3,A2700014,의료법인안동병원,2711,A,27,14,17,58431853,5,5,27,2026-07-26T07:40:10.005843,21,25
2026-07-26 07:43:03,mediboard,경상북도,0,0,A2700070,의료법인영암의료재단고령영생병원,2703,D,27,3,5,58432016,1,1,27,2026-07-26T07:40:10.005843,4,6
2026-07-26 07:43:03,mediboard,경상북도,0,0,A2700063,의료법인영제의료재단영남제일병원,2719,D,27,4,5,58432015,1,1,27,2026-07-26T07:40:10.005843,5,6
2026-07-26 07:43:03,mediboard,경상북도,0,0,A2702563,의료법인은성의료재단좋은선린병원,2724,D,27,10,10,58432017,2,2,27,2026-07-26T07:40:10.005843,12,12
2026-07-26 07:43:03,mediboard,경상북도,4,5,A2700007,차의과학대학교부속구미차병원,2704,A,27,6,20,58431954,6,12,27,2026-07-26T07:40:10.005843,16,37
2026-07-26 07:43:03,mediboard,경상북도,0,0,E2700554,청송군보건의료원,2721,D,27,4,5,58432081,1,1,27,2026-07-26T07:40:10.005843,5,6
2026-07-26 07:43:03,mediboard,경상북도,11,11,A2700016,포항성모병원,2723,A,27,15,20,58432012,5,15,27,2026-07-26T07:40:10.005843,31,46
2026-07-26 07:43:03,mediboard,경상북도,0,0,A2700002,포항세명기독병원,2723,C,27,7,15,58431953,10,10,27,2026-07-26T07:40:10.005843,17,25
2026-07-26 07:43:03,mediboard,경상남도,0,0,A2800032,강병원,2803,D,28,9,9,58432123,1,1,28,2026-07-26T07:40:10.005843,10,10
2026-07-26 07:43:03,mediboard,경상남도,0,0,A2803677,강일병원,2804,D,28,7,8,58431962,3,3,28,2026-07-26T07:40:10.005843,10,11
2026-07-26 07:43:03,mediboard,경상남도,0,0,A2800076,거창적십자병원,2802,D,28,3,9,58432126,1,1,28,2026-07-26T07:40:10.005843,4,10
2026-07-26 07:43:03,mediboard,경상남도,3,3,A2800001,경상국립대학교병원,2811,A,28,16,30,58432173,5,5,28,2026-07-26T07:40:10.005843,24,38
2026-07-26 07:43:03,mediboard,경상남도,0,0,A2800025,경상남도마산의료원,2813,D,28,9,13,58431960,2,2,28,2026-07-26T07:40:10.005843,11,15
2026-07-26 07:43:03,mediboard,경상남도,0,0,A2800113,밀양병원,2806,D,28,6,8,58432178,1,1,28,2026-07-26T07:40:10.005843,7,9
2026-07-26 07:43:03,mediboard,경상남도,0,0,A2800084,반도병원,2811,D,28,7,7,58432078,1,1,28,2026-07-26T07:40:10.005843,8,8
2026-07-26 07:43:03,mediboard,경상남도,0,0,A2800019,베데스다복음병원,2809,D,28,6,9,58432175,1,1,28,2026-07-26T07:40:10.005843,7,10
2026-07-26 07:43:03,mediboard,경상남도,0,0,E2800380,산청군보건의료원,2808,D,28,4,5,58431966,1,1,28,2026-07-26T07:40:10.005843,5,6
2026-07-26 07:43:03,mediboard,경상남도,0,0,A2800055,삼성합천병원,2822,D,28,2,4,58432124,1,1,28,2026-07-26T07:40:10.005843,3,5
2026-07-26 07:43:03,mediboard,경상남도,0,0,A2800101,삼천포제일병원,2807,D,28,8,8,58431961,2,2,28,2026-07-26T07:40:10.005843,10,10
2026-07-26 07:43:03,mediboard,경상남도,0,0,A2800092,새통영병원,2818,D,28,6,9,58431910,1,1,28,2026-07-26T07:40:10.005843,7,10
2026-07-26 07:43:03,mediboard,경상남도,8,10,A2800011,양산부산대학교병원,2809,A,28,10,23,58432018,6,8,28,2026-07-26T07:40:10.005843,22,39
2026-07-26 07:43:03,mediboard,경상남도,0,0,A2804593,양산성모병원,2809,D,28,11,13,58431963,1,1,28,2026-07-26T07:40:10.005843,12,14
2026-07-26 07:43:03,mediboard,경상남도,0,0,A2800021,연세에스병원,2817,D,28,9,9,58431909,1,1,28,2026-07-26T07:40:10.005843,10,10
2026-07-26 07:43:03,mediboard,경상남도,0,0,A2800090,의령병원,2810,D,28,4,4,58432020,1,1,28,2026-07-26T07:40:10.005843,5,5
2026-07-26 07:43:03,mediboard,경상남도,0,0,A2800008,의료법인 거붕 백병원,2801,D,28,7,9,58432074,1,1,28,2026-07-26T07:40:10.005843,8,10
2026-07-26 07:43:03,mediboard,경상남도,0,0,A2800005,의료법인 대우의료재단대우병원,2801,D,28,7,9,58431854,1,1,28,2026-07-26T07:40:10.005843,8,10
2026-07-26 07:43:03,mediboard,경상남도,0,0,A2800015,의료법인 문병욱의료재단 진주고려병원,2811,D,28,10,10,58432174,1,1,28,2026-07-26T07:40:10.005843,11,11
2026-07-26 07:43:03,mediboard,경상남도,0,0,A2800022,의료법인 성념의료재단맑은샘병원,2801,D,28,7,9,58432226,1,1,28,2026-07-26T07:40:10.005843,8,10
2026-07-26 07:43:03,mediboard,경상남도,0,0,A2800094,의료법인 이도의료재단 남해병원,2805,D,28,8,8,58432021,2,2,28,2026-07-26T07:40:10.005843,10,10
2026-07-26 07:43:03,mediboard,경상남도,0,0,A2800014,의료법인갑을의료재단 갑을장유병원,2804,D,28,7,9,58432076,1,1,28,2026-07-26T07:40:10.005843,8,10
2026-07-26 07:43:03,mediboard,경상남도,0,0,A2800006,의료법인숭인의료재단 김해복음병원,2804,C,28,15,16,58432121,4,4,28,2026-07-26T07:40:10.005843,19,20
2026-07-26 07:43:03,mediboard,경상남도,0,0,A2800068,의료법인승연의료재단 삼천포서울병원,2807,D,28,4,9,58432125,1,1,28,2026-07-26T07:40:10.005843,5,10
2026-07-26 07:43:03,mediboard,경상남도,0,0,A2800009,의료법인청아의료재단청아병원,2814,D,28,7,9,58432075,1,1,28,2026-07-26T07:40:10.005843,8,10
2026-07-26 07:43:03,mediboard,경상남도,0,0,A2800017,의료법인합포의료재단에스엠지연세병원,2813,C,28,13,17,58432019,3,3,28,2026-07-26T07:40:10.005843,16,20
2026-07-26 07:43:03,mediboard,경상남도,0,0,A2800010,의료법인환명의료재단 조은금강병원,2804,C,28,11,17,58431959,3,3,28,2026-07-26T07:40:10.005843,14,20
2026-07-26 07:43:03,mediboard,경상남도,0,0,A2800003,제일병원,2811,C,28,13,17,58431958,3,3,28,2026-07-26T07:40:10.005843,16,20
2026-07-26 07:43:03,mediboard,경상남도,0,0,A2800037,진주복음병원,2811,D,28,8,9,58431855,1,1,28,2026-07-26T07:40:10.005843,9,10
2026-07-26 07:43:03,mediboard,경상남도,0,0,A2803505,창원경상국립대학교병원,2815,C,28,14,18,58431911,3,10,28,2026-07-26T07:40:10.005843,17,28
2026-07-26 07:43:03,mediboard,경상남도,0,0,A2800004,창원파티마병원,2816,C,28,7,17,58432073,3,3,28,2026-07-26T07:40:10.005843,10,20
2026-07-26 07:43:03,mediboard,경상남도,0,0,A2800007,창원한마음병원,2816,C,28,8,21,58432122,4,4,28,2026-07-26T07:40:10.005843,12,25
2026-07-26 07:43:03,mediboard,경상남도,0,0,A2800062,태황의료재단한성병원,2812,D,28,8,9,58432177,1,1,28,2026-07-26T07:40:10.005843,9,10
2026-07-26 07:43:03,mediboard,경상남도,8,8,A2800020,학교법인성균관대학삼성창원병원,2814,A,28,18,27,58431908,5,5,28,2026-07-26T07:40:10.005843,31,40
2026-07-26 07:43:03,mediboard,경상남도,0,0,A2800043,한일병원,2811,C,28,16,17,58432176,3,3,28,2026-07-26T07:40:10.005843,19,20
2026-07-26 07:43:03,mediboard,경상남도,0,0,A2800080,함양성심병원,2821,D,28,3,4,58432077,1,1,28,2026-07-26T07:40:10.005843,4,5
2026-07-26 07:43:03,mediboard,제주특별자치도,0,0,A2900003,의료법인 혜인의료재단 한국병원,2902,D,29,7,9,58432127,1,1,29,2026-07-26T07:40:10.005843,8,10
2026-07-26 07:43:03,mediboard,제주특별자치도,1,1,A2900006,의료법인중앙의료재단중앙병원,2902,C,29,10,16,58431964,3,3,29,2026-07-26T07:40:10.005843,14,20
2026-07-26 07:43:03,mediboard,제주특별자치도,0,0,A2900007,제주대학교병원,2902,C,29,14,20,58432079,3,6,29,2026-07-26T07:40:10.005843,17,26
2026-07-26 07:43:03,mediboard,제주특별자치도,3,4,A2900002,제주특별자치도서귀포의료원,2901,C,29,14,16,58431912,5,5,29,2026-07-26T07:40:10.005843,22,25
2026-07-26 07:43:03,mediboard,제주특별자치도,3,3,A2900001,제주한라병원,2902,A,29,11,17,58432227,5,5,29,2026-07-26T07:40:10.005843,19,25
2026-07-26 07:43:03,mediboard,제주특별자치도,0,0,A2900005,한마음병원,2902,C,29,14,17,58432179,2,3,29,2026-07-26T07:40:10.005843,16,20
