collected_at,source,region,childRealTimeBed,childTotalBed,emogCode,emogDesc,emogDstr,emogGrdc2,emogLoca,generalRealTimeBed,generalTotalBed,id,isoRealTimeBed,isoTotalBed,regionCode,updateDate,wholeRealTimeBed,wholeTotalBed
2026-07-31 00:01:11,mediboard,서울특별시,0,0,A1100011,가톨릭대학교여의도성모병원,1120,C,11,12,15,58992666,5,5,11,2026-07-31T00:00:10.005275,17,20
2026-07-31 00:01:11,mediboard,서울특별시,7,8,A1121013,가톨릭대학교은평성모병원,1122,C,11,9,24,58992780,2,4,11,2026-07-31T00:00:10.005275,18,36
2026-07-31 00:01:11,mediboard,서울특별시,3,3,A1100043,강동경희대학교병원,1102,A,11,3,15,58992814,4,5,11,2026-07-31T00:00:10.005275,10,23
2026-07-31 00:01:11,mediboard,서울특별시,2,2,A1100006,강북삼성병원,1123,C,11,-4,15,58992970,3,3,11,2026-07-31T00:00:10.005275,1,20
2026-07-31 00:01:11,mediboard,서울특별시,4,4,A1100002,건국대학교병원,1106,C,11,10,20,58992722,3,3,11,2026-07-31T00:00:10.005275,17,27
2026-07-31 00:01:11,mediboard,서울특별시,0,0,A1100039,경찰병원,1118,D,11,2,3,58992724,2,2,11,2026-07-31T00:00:10.005275,4,5
2026-07-31 00:01:11,mediboard,서울특별시,3,3,A1100001,경희대학교병원,1111,C,11,11,15,58992690,5,5,11,2026-07-31T00:00:10.005275,19,23
2026-07-31 00:01:11,mediboard,서울특별시,3,3,A1100014,고려대학교의과대학부속구로병원,1107,A,11,12,29,58992667,2,5,11,2026-07-31T00:00:10.005275,17,37
2026-07-31 00:01:11,mediboard,서울특별시,0,0,A1100026,구로성심병원,1107,D,11,5,9,58992972,1,1,11,2026-07-31T00:00:10.005275,6,10
2026-07-31 00:01:11,mediboard,서울특별시,3,3,A1100052,국립중앙의료원,1124,C,11,14,17,58992950,9,10,11,2026-07-31T00:00:10.005275,26,30
2026-07-31 00:01:11,mediboard,서울특별시,0,0,A1122033,기쁨병원,1115,D,11,1,4,58992582,1,1,11,2026-07-31T00:00:10.005275,2,5
2026-07-31 00:01:11,mediboard,서울특별시,0,0,A1100048,노원을지대학교병원,1109,C,11,13,17,58992798,5,5,11,2026-07-31T00:00:10.005275,18,22
2026-07-31 00:01:11,mediboard,서울특별시,0,0,A1100044,녹색병원,1125,D,11,1,5,58992747,5,5,11,2026-07-31T00:00:10.005275,6,10
2026-07-31 00:01:11,mediboard,서울특별시,0,0,A1100037,대림성모병원,1120,D,11,8,8,58992868,2,2,11,2026-07-31T00:00:10.005275,10,10
2026-07-31 00:01:11,mediboard,서울특별시,0,0,A1100024,명지성모병원,1120,D,11,6,8,58992797,1,2,11,2026-07-31T00:00:10.005275,7,10
2026-07-31 00:01:11,mediboard,서울특별시,0,0,A1100036,부민병원,1104,D,11,6,10,58992778,1,1,11,2026-07-31T00:00:10.005275,7,11
2026-07-31 00:01:11,mediboard,서울특별시,2,4,A1100010,삼성서울병원,1101,C,11,-8,52,58992925,4,4,11,2026-07-31T00:00:10.005275,-2,60
2026-07-31 00:01:11,mediboard,서울특별시,0,0,A1100021,삼육서울병원,1111,C,11,13,13,58992723,6,7,11,2026-07-31T00:00:10.005275,19,20
2026-07-31 00:01:11,mediboard,서울특별시,7,12,A1100017,서울대학교병원,1123,A,11,-5,24,58992580,8,8,11,2026-07-31T00:00:10.005275,8,42
2026-07-31 00:01:11,mediboard,서울특별시,0,0,A1100050,서울성심병원,1111,D,11,17,17,58992725,3,3,11,2026-07-31T00:00:10.005275,20,20
2026-07-31 00:01:11,mediboard,서울특별시,0,0,A1100029,서울적십자병원,1123,D,11,9,10,58992634,0,1,11,2026-07-31T00:00:10.005275,9,11
2026-07-31 00:01:11,mediboard,서울특별시,0,0,A1100022,서울특별시동부병원,1111,D,11,8,8,58992813,2,2,11,2026-07-31T00:00:10.005275,10,10
2026-07-31 00:01:11,mediboard,서울특별시,2,3,A1100040,서울특별시보라매병원,1112,C,11,18,31,58992635,3,3,11,2026-07-31T00:00:10.005275,23,37
2026-07-31 00:01:11,mediboard,서울특별시,0,0,A1100223,서울특별시서남병원,1119,D,11,16,17,58992815,3,3,11,2026-07-31T00:00:10.005275,19,20
2026-07-31 00:01:11,mediboard,서울특별시,2,3,A1100035,서울특별시서울의료원,1125,A,11,9,19,58992927,5,5,11,2026-07-31T00:00:10.005275,16,27
2026-07-31 00:01:11,mediboard,서울특별시,0,0,A1100028,성심의료재단강동성심병원,1102,C,11,12,15,58992926,8,9,11,2026-07-31T00:00:10.005275,20,24
2026-07-31 00:01:11,mediboard,서울특별시,0,0,A1100054,성애의료재단성애병원,1120,C,11,14,15,58992951,5,11,11,2026-07-31T00:00:10.005275,19,26
2026-07-31 00:01:11,mediboard,서울특별시,0,0,A1100032,세란병원,1123,D,11,7,10,58992669,1,1,11,2026-07-31T00:00:10.005275,8,11
2026-07-31 00:01:11,mediboard,서울특별시,2,4,A1100004,순천향대학교부속서울병원,1121,C,11,9,20,58992665,3,3,11,2026-07-31T00:00:10.005275,14,27
2026-07-31 00:01:11,mediboard,서울특별시,0,0,A1100045,씨엠병원,1120,D,11,9,9,58992692,1,1,11,2026-07-31T00:00:10.005275,10,10
2026-07-31 00:01:11,mediboard,서울특별시,1,2,A1100015,연세대학교의과대학강남세브란스병원,1101,C,11,5,21,58992777,3,3,11,2026-07-31T00:00:10.005275,9,26
2026-07-31 00:01:11,mediboard,서울특별시,3,10,A1100007,연세대학교의과대학세브란스병원,1114,C,11,-3,39,58992948,6,6,11,2026-07-31T00:00:10.005275,4,53
2026-07-31 00:01:11,mediboard,서울특별시,0,0,A1100025,의료법인동신의료재단동신병원,1114,D,11,8,9,58992949,1,1,11,2026-07-31T00:00:10.005275,9,10
2026-07-31 00:01:11,mediboard,서울특별시,0,0,A1100041,의료법인서울효천의료재단에이치플러스양지병원,1105,C,11,17,18,58992612,3,3,11,2026-07-31T00:00:10.005275,20,21
2026-07-31 00:01:11,mediboard,서울특별시,0,0,A1100023,의료법인청구성심병원,1122,D,11,6,10,58992611,1,1,11,2026-07-31T00:00:10.005275,7,11
2026-07-31 00:01:11,mediboard,서울특별시,0,0,A1100075,의료법인풍산의료재단동부제일병원,1125,D,11,7,7,58992799,1,1,11,2026-07-31T00:00:10.005275,8,8
2026-07-31 00:01:11,mediboard,서울특별시,2,2,A1100020,의료법인한전의료재단한일병원,1110,C,11,6,21,58992691,3,4,11,2026-07-31T00:00:10.005275,11,27
2026-07-31 00:01:11,mediboard,서울특별시,8,8,A1100005,이화여자대학교의과대학부속목동병원,1119,A,11,8,19,58992947,6,6,11,2026-07-31T00:00:10.005275,22,33
2026-07-31 00:01:11,mediboard,서울특별시,4,9,A1120796,이화여자대학교의과대학부속서울병원,1104,C,11,4,14,58992726,8,8,11,2026-07-31T00:00:10.005275,16,31
2026-07-31 00:01:11,mediboard,서울특별시,0,0,A1100016,인제대학교상계백병원,1109,C,11,9,16,58992746,6,7,11,2026-07-31T00:00:10.005275,15,23
2026-07-31 00:01:11,mediboard,서울특별시,-1,14,A1100009,재단법인아산사회복지재단서울아산병원,1118,C,11,-2,36,58992900,8,26,11,2026-07-31T00:00:10.005275,3,73
2026-07-31 00:01:11,mediboard,서울특별시,4,4,A1100003,중앙대학교병원,1112,C,11,8,22,58992664,5,5,11,2026-07-31T00:00:10.005275,17,31
2026-07-31 00:01:11,mediboard,서울특별시,1,9,A1100012,학교법인가톨릭학원가톨릭대학교서울성모병원,1115,C,11,-5,28,58992846,6,8,11,2026-07-31T00:00:10.005275,1,43
2026-07-31 00:01:11,mediboard,서울특별시,4,4,A1100008,학교법인고려중앙학원고려대학교의과대학부속병원(안암병원),1117,A,11,5,30,58992899,5,9,11,2026-07-31T00:00:10.005275,14,43
2026-07-31 00:01:11,mediboard,서울특별시,0,0,A1100053,한국보훈복지의료공단중앙보훈병원,1102,C,11,19,22,58992869,3,3,11,2026-07-31T00:00:10.005275,22,25
2026-07-31 00:01:11,mediboard,서울특별시,0,0,A1100027,한국원자력의학원원자력병원,1109,D,11,9,9,58992581,3,3,11,2026-07-31T00:00:10.005275,12,12
2026-07-31 00:01:11,mediboard,서울특별시,3,3,A1100055,한림대학교강남성심병원,1120,C,11,14,20,58992694,5,5,11,2026-07-31T00:00:10.005275,22,28
2026-07-31 00:01:11,mediboard,서울특별시,3,3,A1100013,한양대학교병원,1116,A,11,15,20,58992971,9,12,11,2026-07-31T00:00:10.005275,27,35
2026-07-31 00:01:11,mediboard,서울특별시,0,0,A1100051,혜민병원,1106,D,11,8,9,58992693,1,1,11,2026-07-31T00:00:10.005275,9,10
2026-07-31 00:01:11,mediboard,서울특별시,0,0,A1100019,홍익병원,1119,D,11,3,9,58992668,1,1,11,2026-07-31T00:00:10.005275,4,10
2026-07-31 00:01:11,mediboard,서울특별시,0,0,A1100049,희명병원,1108,D,11,9,10,58992779,1,1,11,2026-07-31T00:00:10.005275,10,11
2026-07-31 00:01:11,mediboard,부산광역시,0,0,A1200028,(의)서일의료재단기장병원,1203,D,12,9,9,58992727,1,1,12,2026-07-31T00:00:10.005275,10,10
2026-07-31 00:01:11,mediboard,부산광역시,0,0,A1200004,고신대학교복음병원,1211,C,12,21,25,58992613,5,5,12,2026-07-31T00:00:10.005275,26,30
2026-07-31 00:01:11,mediboard,부산광역시,0,0,A1200045,구포성심병원,1208,D,12,4,9,58992848,1,1,12,2026-07-31T00:00:10.005275,5,10
2026-07-31 00:01:11,mediboard,부산광역시,3,3,A1200018,대동병원,1206,C,12,12,15,58992871,3,3,12,2026-07-31T00:00:10.005275,18,21
2026-07-31 00:01:11,mediboard,부산광역시,0,0,A1200015,동남권원자력의학원원자력병원,1203,D,12,9,9,58992696,1,1,12,2026-07-31T00:00:10.005275,10,10
2026-07-31 00:01:11,mediboard,부산광역시,0,0,A1200011,동래봉생병원,1206,D,12,6,8,58992749,2,2,12,2026-07-31T00:00:10.005275,8,10
2026-07-31 00:01:11,mediboard,부산광역시,3,3,A1200003,동아대학교병원,1211,A,12,20,26,58992973,8,8,12,2026-07-31T00:00:10.005275,31,37
2026-07-31 00:01:11,mediboard,부산광역시,0,0,A1200024,부산광역시의료원,1213,D,12,14,18,58992953,2,8,12,2026-07-31T00:00:10.005275,16,26
2026-07-31 00:01:11,mediboard,부산광역시,3,3,A1200002,부산대학교병원,1211,C,12,12,19,58992583,3,3,12,2026-07-31T00:00:10.005275,18,25
2026-07-31 00:01:11,mediboard,부산광역시,4,4,A1200013,부산성모병원(재단법인 천주교부산교구유지재단),1204,D,12,9,10,58992902,5,5,12,2026-07-31T00:00:10.005275,18,19
2026-07-31 00:01:11,mediboard,부산광역시,0,0,A1200007,비에이치에스한서병원,1212,C,12,17,17,58992901,3,3,12,2026-07-31T00:00:10.005275,20,20
2026-07-31 00:01:11,mediboard,부산광역시,0,0,A1200021,삼육부산병원,1211,D,12,7,9,58992637,1,1,12,2026-07-31T00:00:10.005275,8,10
2026-07-31 00:01:11,mediboard,부산광역시,0,0,A1200014,영도병원,1214,D,12,4,7,58992847,2,2,12,2026-07-31T00:00:10.005275,6,9
2026-07-31 00:01:11,mediboard,부산광역시,0,0,A1200009,의료법인 광혜의료재단 광혜병원,1206,D,12,9,9,58992952,3,3,12,2026-07-31T00:00:10.005275,12,12
2026-07-31 00:01:11,mediboard,부산광역시,0,0,A1200098,의료법인 센텀의료재단 센텀종합병원,1212,D,12,8,9,58992697,1,1,12,2026-07-31T00:00:10.005275,9,10
2026-07-31 00:01:11,mediboard,부산광역시,0,0,A1200020,의료법인 온그룹의료재단 온병원,1207,C,12,16,20,58992800,3,3,12,2026-07-31T00:00:10.005275,19,23
2026-07-31 00:01:11,mediboard,부산광역시,0,0,A1200008,의료법인 은성의료재단 좋은강안병원,1212,D,12,14,18,58992670,3,3,12,2026-07-31T00:00:10.005275,17,21
2026-07-31 00:01:11,mediboard,부산광역시,1,1,A1200005,의료법인 은성의료재단 좋은삼선병원,1209,C,12,10,13,58992636,6,6,12,2026-07-31T00:00:10.005275,17,20
2026-07-31 00:01:11,mediboard,부산광역시,0,0,A1200006,의료법인 인당의료재단 부민병원,1208,D,12,7,10,58992748,2,2,12,2026-07-31T00:00:10.005275,9,12
2026-07-31 00:01:11,mediboard,부산광역시,0,0,A1205143,의료법인 인당의료재단 해운대부민병원,1216,D,12,5,9,58992728,1,1,12,2026-07-31T00:00:10.005275,6,10
2026-07-31 00:01:11,mediboard,부산광역시,0,0,A1200012,의료법인 행도의료재단 해동병원,1214,D,12,6,6,58992816,1,1,12,2026-07-31T00:00:10.005275,7,7
2026-07-31 00:01:11,mediboard,부산광역시,0,0,A1200017,의료법인정화의료재단 봉생기념병원,1205,D,12,8,9,58992870,2,2,12,2026-07-31T00:00:10.005275,10,11
2026-07-31 00:01:11,mediboard,부산광역시,-3,3,A1200022,인제대학교 해운대백병원,1216,A,12,16,29,58992928,4,5,12,2026-07-31T00:00:10.005275,17,37
2026-07-31 00:01:11,mediboard,부산광역시,0,0,A1200001,인제대학교부산백병원,1207,C,12,10,18,58992695,3,3,12,2026-07-31T00:00:10.005275,13,21
2026-07-31 00:01:11,mediboard,부산광역시,0,0,A1200023,재단법인천주교부산교구유지재단 메리놀병원,1215,D,12,8,9,58992638,1,1,12,2026-07-31T00:00:10.005275,9,10
2026-07-31 00:01:11,mediboard,부산광역시,2,2,A1200026,좋은문화병원,1205,D,12,3,7,58992585,3,3,12,2026-07-31T00:00:10.005275,8,12
2026-07-31 00:01:11,mediboard,부산광역시,0,0,A1200025,학교법인 춘해병원,1207,D,12,9,9,58992584,1,1,12,2026-07-31T00:00:10.005275,10,10
2026-07-31 00:01:11,mediboard,부산광역시,0,0,A1200019,학교법인)동의병원,1207,D,12,13,14,58992614,1,1,12,2026-07-31T00:00:10.005275,14,15
2026-07-31 00:01:11,mediboard,부산광역시,0,0,A1200016,한국보훈복지의료공단 부산보훈병원,1209,D,12,9,11,58992750,2,2,12,2026-07-31T00:00:10.005275,11,13
2026-07-31 00:01:11,mediboard,인천광역시,0,0,A1300081,(재)미리내천주성삼성직수도회천주성삼병원,1307,D,13,8,9,58992904,1,2,13,2026-07-31T00:00:10.005275,9,11
2026-07-31 00:01:11,mediboard,인천광역시,0,0,A1300018,강남종합병원,1304,D,13,14,15,58992754,1,1,13,2026-07-31T00:00:10.005275,15,16
2026-07-31 00:01:11,mediboard,인천광역시,3,4,A1300002,경북대학교병원,1308,A,13,18,27,58992751,5,5,13,2026-07-31T00:00:10.005275,26,36
2026-07-31 00:01:11,mediboard,인천광역시,0,0,A1303386,계명대학교대구동산병원,1308,D,13,10,12,58992818,2,2,13,2026-07-31T00:00:10.005275,12,14
2026-07-31 00:01:11,mediboard,인천광역시,0,0,A1300003,계명대학교동산병원,1302,C,13,0,20,58992586,1,5,13,2026-07-31T00:00:10.005275,1,25
2026-07-31 00:01:11,mediboard,인천광역시,0,0,A1300008,곽병원,1308,D,13,7,10,58992753,2,2,13,2026-07-31T00:00:10.005275,9,12
2026-07-31 00:01:11,mediboard,인천광역시,0,0,A1300038,나사렛종합병원,1302,D,13,2,9,58992781,2,10,13,2026-07-31T00:00:10.005275,4,19
2026-07-31 00:01:11,mediboard,인천광역시,0,0,A1300004,대구가톨릭대학교병원,1301,C,13,18,24,58992640,4,4,13,2026-07-31T00:00:10.005275,22,28
2026-07-31 00:01:11,mediboard,인천광역시,0,0,A1300005,대구가톨릭대학교칠곡가톨릭병원,1305,D,13,8,9,58992954,1,1,13,2026-07-31T00:00:10.005275,9,10
2026-07-31 00:01:11,mediboard,인천광역시,0,0,A1300076,대구굿모닝병원,1306,D,13,17,17,58992955,2,2,13,2026-07-31T00:00:10.005275,19,19
2026-07-31 00:01:11,mediboard,인천광역시,0,0,A1300007,대구의료원,1306,D,13,17,18,58992752,2,2,13,2026-07-31T00:00:10.005275,19,20
2026-07-31 00:01:11,mediboard,인천광역시,5,5,A1300009,대구파티마병원,1304,C,13,3,25,58992641,6,7,13,2026-07-31T00:00:10.005275,14,37
2026-07-31 00:01:11,mediboard,인천광역시,0,0,A1300110,더블유병원,1302,D,13,8,10,58992872,1,1,13,2026-07-31T00:00:10.005275,9,11
2026-07-31 00:01:11,mediboard,인천광역시,0,0,A1300034,드림종합병원,1301,D,13,6,8,58992903,2,2,13,2026-07-31T00:00:10.005275,8,10
2026-07-31 00:01:11,mediboard,인천광역시,0,0,A1300045,삼일병원,1302,D,13,9,14,58992850,1,1,13,2026-07-31T00:00:10.005275,10,15
2026-07-31 00:01:11,mediboard,인천광역시,3,3,A1300001,영남대학교병원,1301,A,13,22,28,58992639,5,5,13,2026-07-31T00:00:10.005275,30,36
2026-07-31 00:01:11,mediboard,인천광역시,0,0,A1300006,의료법인구의료재단구병원,1302,D,13,10,10,58992817,1,1,13,2026-07-31T00:00:10.005275,11,11
2026-07-31 00:01:11,mediboard,인천광역시,4,9,A1300010,칠곡경북대학교병원,1305,C,13,12,23,58992929,6,6,13,2026-07-31T00:00:10.005275,20,36
2026-07-31 00:01:11,mediboard,인천광역시,0,0,A1300011,한국보훈복지의료공단대구보훈병원,1302,D,13,12,12,58992849,2,2,13,2026-07-31T00:00:10.005275,14,14
2026-07-31 00:01:11,mediboard,대구광역시,0,0,A1400008,(의)성세의료재단 뉴성민병원,1407,D,14,8,9,58992820,1,1,14,2026-07-31T00:00:10.005275,9,10
2026-07-31 00:01:11,mediboard,대구광역시,2,3,A1400015,가톨릭관동대학교국제성모병원,1407,C,14,10,23,58992672,5,5,14,2026-07-31T00:00:10.005275,17,31
2026-07-31 00:01:11,mediboard,대구광역시,3,4,A1400012,가톨릭대학교 인천성모병원,1406,C,14,11,19,58992729,5,8,14,2026-07-31T00:00:10.005275,19,31
2026-07-31 00:01:11,mediboard,대구광역시,0,0,A1400010,검단탑병원,1407,C,14,14,18,58992587,3,3,14,2026-07-31T00:00:10.005275,17,21
2026-07-31 00:01:11,mediboard,대구광역시,0,0,A1403617,비에스종합병원,1401,D,14,9,10,58992700,1,1,14,2026-07-31T00:00:10.005275,10,11
2026-07-31 00:01:11,mediboard,대구광역시,0,0,A1400013,안은의료재단 부평세림병원,1406,C,14,16,16,58992873,4,4,14,2026-07-31T00:00:10.005275,20,20
2026-07-31 00:01:11,mediboard,대구광역시,0,0,A1400005,온누리병원,1407,D,14,8,9,58992930,2,2,14,2026-07-31T00:00:10.005275,10,11
2026-07-31 00:01:11,mediboard,대구광역시,10,11,A1400001,의료법인 길의료재단 길병원,1404,A,14,11,25,58992755,7,7,14,2026-07-31T00:00:10.005275,26,41
2026-07-31 00:01:11,mediboard,대구광역시,0,0,A1400011,의료법인 나사렛의료재단 나사렛국제병원,1408,C,14,13,17,58992588,3,5,14,2026-07-31T00:00:10.005275,16,22
2026-07-31 00:01:11,mediboard,대구광역시,0,0,A1400003,의료법인 루가의료재단 나은병원,1407,C,14,11,11,58992819,10,10,14,2026-07-31T00:00:10.005275,21,21
2026-07-31 00:01:11,mediboard,대구광역시,0,0,A1400007,의료법인 성수의료재단 인천백병원,1405,D,14,5,5,58992671,1,1,14,2026-07-31T00:00:10.005275,6,6
2026-07-31 00:01:11,mediboard,대구광역시,0,0,A1400014,의료법인인성의료재단한림병원,1402,C,14,14,17,58992730,4,4,14,2026-07-31T00:00:10.005275,18,21
2026-07-31 00:01:11,mediboard,대구광역시,0,0,A1400017,인천광역시의료원,1405,D,14,15,15,58992822,2,2,14,2026-07-31T00:00:10.005275,17,17
2026-07-31 00:01:11,mediboard,대구광역시,0,0,A1400037,인천광역시의료원백령병원,1409,D,14,5,5,58992875,1,1,14,2026-07-31T00:00:10.005275,6,6
2026-07-31 00:01:11,mediboard,대구광역시,0,0,A1400009,인천기독병원,1410,D,14,8,8,58992821,1,1,14,2026-07-31T00:00:10.005275,9,9
2026-07-31 00:01:11,mediboard,대구광역시,0,0,A1400016,인천사랑병원,1403,C,14,7,14,58992698,7,7,14,2026-07-31T00:00:10.005275,14,21
2026-07-31 00:01:11,mediboard,대구광역시,0,0,A1403372,인천세종병원,1402,C,14,14,18,58992699,3,3,14,2026-07-31T00:00:10.005275,17,21
2026-07-31 00:01:11,mediboard,대구광역시,0,0,A1400018,인천적십자병원,1408,D,14,5,8,58992874,2,2,14,2026-07-31T00:00:10.005275,7,10
2026-07-31 00:01:11,mediboard,대구광역시,0,0,A1403871,인천힘찬종합병원,1404,D,14,17,17,58992731,3,6,14,2026-07-31T00:00:10.005275,20,23
2026-07-31 00:01:11,mediboard,대구광역시,4,9,A1400002,인하대학교의과대학부속병원,1410,A,14,6,20,58992851,7,9,14,2026-07-31T00:00:10.005275,15,36
2026-07-31 00:01:11,mediboard,대구광역시,0,0,A1400004,현대유비스병원,1403,D,14,19,19,58992756,1,1,14,2026-07-31T00:00:10.005275,20,20
2026-07-31 00:01:11,mediboard,광주광역시,6,7,A1500019,KS병원,1501,C,15,7,15,58992931,3,3,15,2026-07-31T00:00:10.005275,16,25
2026-07-31 00:01:11,mediboard,광주광역시,0,0,A1500021,광주기독병원,1502,C,15,6,20,58992932,3,6,15,2026-07-31T00:00:10.005275,9,26
2026-07-31 00:01:11,mediboard,광주광역시,0,0,A1500015,광주병원,1504,D,15,7,10,58992590,1,1,15,2026-07-31T00:00:10.005275,8,11
2026-07-31 00:01:11,mediboard,광주광역시,0,0,A1500004,광주보훈병원,1501,D,15,12,14,58992642,2,2,15,2026-07-31T00:00:10.005275,14,16
2026-07-31 00:01:11,mediboard,광주광역시,0,0,A1502007,광주센트럴병원,1501,D,15,10,10,58992957,1,1,15,2026-07-31T00:00:10.005275,11,11
2026-07-31 00:01:11,mediboard,광주광역시,0,0,A1500018,광주수완병원,1501,D,15,9,9,58992591,0,1,15,2026-07-31T00:00:10.005275,9,10
2026-07-31 00:01:11,mediboard,광주광역시,0,0,A1500009,광주씨티병원,1502,D,15,8,10,58992801,1,1,15,2026-07-31T00:00:10.005275,9,11
2026-07-31 00:01:11,mediboard,광주광역시,0,0,A1500005,광주일곡병원,1504,D,15,9,9,58992782,1,1,15,2026-07-31T00:00:10.005275,10,10
2026-07-31 00:01:11,mediboard,광주광역시,0,0,A1500016,광주한국병원,1505,D,15,12,15,58992907,1,1,15,2026-07-31T00:00:10.005275,13,16
2026-07-31 00:01:11,mediboard,광주광역시,0,0,A1500003,광주현대병원,1504,D,15,7,9,58992905,2,2,15,2026-07-31T00:00:10.005275,9,11
2026-07-31 00:01:11,mediboard,광주광역시,0,0,A1500007,광주희망병원,1504,D,15,9,9,58992823,1,1,15,2026-07-31T00:00:10.005275,10,10
2026-07-31 00:01:11,mediboard,광주광역시,0,0,A1500013,동아병원,1502,D,15,6,9,58992589,1,1,15,2026-07-31T00:00:10.005275,7,10
2026-07-31 00:01:11,mediboard,광주광역시,0,0,A1500014,미래로21병원,1505,D,15,9,9,58992906,1,1,15,2026-07-31T00:00:10.005275,10,10
2026-07-31 00:01:11,mediboard,광주광역시,0,0,A1500022,상무병원,1505,D,15,8,9,58992758,1,1,15,2026-07-31T00:00:10.005275,9,10
2026-07-31 00:01:11,mediboard,광주광역시,2,2,A1500020,서광병원,1505,C,15,15,18,58992974,3,3,15,2026-07-31T00:00:10.005275,20,23
2026-07-31 00:01:11,mediboard,광주광역시,0,0,A1500006,신가병원,1501,D,15,8,9,58992783,2,2,15,2026-07-31T00:00:10.005275,10,11
2026-07-31 00:01:11,mediboard,광주광역시,0,0,A1500010,운암한국병원,1504,D,15,8,9,58992757,1,1,15,2026-07-31T00:00:10.005275,9,10
2026-07-31 00:01:11,mediboard,광주광역시,1,4,A1500002,전남대학교병원,1503,A,15,15,28,58992956,3,7,15,2026-07-31T00:00:10.005275,19,39
2026-07-31 00:01:11,mediboard,광주광역시,4,4,A1500001,조선대학교병원,1503,A,15,20,23,58992876,5,5,15,2026-07-31T00:00:10.005275,29,32
2026-07-31 00:01:11,mediboard,광주광역시,0,0,A1500011,첨단종합병원,1501,C,15,19,22,58992784,3,3,15,2026-07-31T00:00:10.005275,22,25
2026-07-31 00:01:11,mediboard,광주광역시,0,0,A1500017,하남성심병원,1501,D,15,18,19,58992673,1,2,15,2026-07-31T00:00:10.005275,19,21
2026-07-31 00:01:11,mediboard,대전광역시,0,0,A1600004,대전보훈병원,1601,D,16,7,7,58992592,1,2,16,2026-07-31T00:00:10.005275,8,9
2026-07-31 00:01:11,mediboard,대전광역시,0,0,A1600003,대전한국병원,1602,D,16,3,9,58992877,1,1,16,2026-07-31T00:00:10.005275,4,10
2026-07-31 00:01:11,mediboard,대전광역시,0,0,A1602246,대청병원,1603,D,16,9,9,58992933,1,1,16,2026-07-31T00:00:10.005275,10,10
2026-07-31 00:01:11,mediboard,대전광역시,0,0,A1600008,의료법인영훈의료재단대전선병원,1605,C,16,13,17,58992878,4,9,16,2026-07-31T00:00:10.005275,17,26
2026-07-31 00:01:11,mediboard,대전광역시,0,0,A1600007,의료법인영훈의료재단유성선병원,1604,C,16,12,17,58992616,3,7,16,2026-07-31T00:00:10.005275,15,24
2026-07-31 00:01:11,mediboard,대전광역시,3,6,A1600001,충남대학교병원,1605,A,16,15,28,58992643,4,5,16,2026-07-31T00:00:10.005275,22,39
2026-07-31 00:01:11,mediboard,대전광역시,0,0,A1600005,학교법인가톨릭학원가톨릭대학교대전성모병원,1605,C,16,7,19,58992975,3,3,16,2026-07-31T00:00:10.005275,10,22
2026-07-31 00:01:11,mediboard,대전광역시,3,5,A1600006,학교법인건양교육재단건양대학교병원,1603,A,16,18,24,58992615,5,5,16,2026-07-31T00:00:10.005275,26,34
2026-07-31 00:01:11,mediboard,대전광역시,0,0,A1600002,학교법인을지학원대전을지대학교병원,1603,C,16,20,23,58992759,6,6,16,2026-07-31T00:00:10.005275,26,29
2026-07-31 00:01:11,mediboard,울산광역시,0,0,A1700001,서울산보람병원,1704,D,17,9,10,58992617,1,1,17,2026-07-31T00:00:10.005275,10,11
2026-07-31 00:01:11,mediboard,울산광역시,0,0,A1700003,울산병원,1701,C,17,15,19,58992908,3,3,17,2026-07-31T00:00:10.005275,18,22
2026-07-31 00:01:11,mediboard,울산광역시,0,0,A1700002,의료법인동강의료재단동강병원,1705,C,17,21,24,58992732,3,3,17,2026-07-31T00:00:10.005275,24,27
2026-07-31 00:01:11,mediboard,울산광역시,0,0,A1700025,의료법인송은의료재단울산시티병원,1703,C,17,14,17,58992701,3,3,17,2026-07-31T00:00:10.005275,17,20
2026-07-31 00:01:11,mediboard,울산광역시,0,0,A1700011,의료법인은성의료재단좋은삼정병원,1701,D,17,7,9,58992733,1,1,17,2026-07-31T00:00:10.005275,8,10
2026-07-31 00:01:11,mediboard,울산광역시,0,0,A1700028,의료법인정안의료재단중앙병원,1701,C,17,15,17,58992644,3,3,17,2026-07-31T00:00:10.005275,18,20
2026-07-31 00:01:11,mediboard,울산광역시,8,8,A1700004,학교법인울산공업학원울산대학교병원,1702,A,17,16,23,58992674,6,6,17,2026-07-31T00:00:10.005275,30,37
2026-07-31 00:01:11,mediboard,경기도,0,0,A2100019,(의)영문의료재단다보스병원,2136,C,21,10,13,58992595,7,7,21,2026-07-31T00:00:10.005275,17,20
2026-07-31 00:01:11,mediboard,경기도,0,0,A2100122,(의)효심의료재단용인서울병원,2136,D,21,9,10,58992788,0,0,21,2026-07-31T00:00:10.005275,9,10
2026-07-31 00:01:11,mediboard,경기도,0,0,A2100052,가톨릭대학교부천성모병원,2113,C,21,17,31,58992805,6,6,21,2026-07-31T00:00:10.005275,23,37
2026-07-31 00:01:11,mediboard,경기도,7,8,A2100012,가톨릭대학교성빈센트병원,2122,C,21,13,28,58992879,6,6,21,2026-07-31T00:00:10.005275,24,40
2026-07-31 00:01:11,mediboard,경기도,11,11,A2100040,가톨릭대학교의정부성모병원,2138,A,21,14,44,58992826,6,6,21,2026-07-31T00:00:10.005275,31,61
2026-07-31 00:01:11,mediboard,경기도,0,0,A2100029,강남병원,2134,C,21,10,17,58992735,3,3,21,2026-07-31T00:00:10.005275,13,20
2026-07-31 00:01:11,mediboard,경기도,0,0,A2100032,경기도의료원수원병원,2121,D,21,6,8,58992703,5,5,21,2026-07-31T00:00:10.005275,11,13
2026-07-31 00:01:11,mediboard,경기도,0,0,A2100045,경기도의료원안성병원,2126,D,21,11,14,58992704,1,5,21,2026-07-31T00:00:10.005275,12,19
2026-07-31 00:01:11,mediboard,경기도,0,0,A2100043,경기도의료원의정부병원,2138,D,21,9,10,58992979,1,1,21,2026-07-31T00:00:10.005275,10,11
2026-07-31 00:01:11,mediboard,경기도,0,0,A2100193,경기도의료원이천병원,2139,C,21,13,17,58992828,3,3,21,2026-07-31T00:00:10.005275,16,20
2026-07-31 00:01:11,mediboard,경기도,0,0,A2100035,경기도의료원파주병원,2140,C,21,12,17,58992804,3,3,21,2026-07-31T00:00:10.005275,15,20
2026-07-31 00:01:11,mediboard,경기도,0,0,A2100031,경기도의료원포천병원,2142,C,21,17,17,58992882,3,3,21,2026-07-31T00:00:10.005275,20,20
2026-07-31 00:01:11,mediboard,경기도,4,4,A2100003,고려대학교의과대학부속안산병원,2124,A,21,4,22,58992620,7,8,21,2026-07-31T00:00:10.005275,15,34
2026-07-31 00:01:11,mediboard,경기도,4,4,A2100007,광명성애병원,2106,C,21,9,11,58992958,5,5,21,2026-07-31T00:00:10.005275,18,20
2026-07-31 00:01:11,mediboard,경기도,0,0,A2100258,국군수도병원,2116,D,21,10,16,58992736,0,2,21,2026-07-31T00:00:10.005275,10,18
2026-07-31 00:01:11,mediboard,경기도,0,0,A2100049,국립암센터,2103,D,21,11,24,58992676,1,1,21,2026-07-31T00:00:10.005275,12,25
2026-07-31 00:01:11,mediboard,경기도,3,5,A2100033,국민건강보험공단일산병원,2103,A,21,17,23,58992977,5,5,21,2026-07-31T00:00:10.005275,25,33
2026-07-31 00:01:11,mediboard,경기도,0,0,A2100014,근로복지공단안산병원,2125,D,21,7,7,58992645,1,1,21,2026-07-31T00:00:10.005275,8,8
2026-07-31 00:01:11,mediboard,경기도,0,0,A2100041,남양주한양병원,2111,C,21,12,17,58992978,3,3,21,2026-07-31T00:00:10.005275,15,20
2026-07-31 00:01:11,mediboard,경기도,0,0,A2100017,대아의료재단한도병원,2124,C,21,15,17,58992853,3,3,21,2026-07-31T00:00:10.005275,18,20
2026-07-31 00:01:11,mediboard,경기도,3,3,A2100025,대진의료재단분당제생병원,2116,C,21,15,24,58992761,3,3,21,2026-07-31T00:00:10.005275,21,30
2026-07-31 00:01:11,mediboard,경기도,3,3,A2100047,동국대학교일산불교병원,2103,C,21,14,19,58992675,7,7,21,2026-07-31T00:00:10.005275,24,29
2026-07-31 00:01:11,mediboard,경기도,0,0,A2100131,메디인병원,2140,D,21,9,12,58992961,2,2,21,2026-07-31T00:00:10.005275,11,14
2026-07-31 00:01:11,mediboard,경기도,0,0,A2121142,메디필드한강병원,2136,D,21,16,17,58992764,3,3,21,2026-07-31T00:00:10.005275,19,20
2026-07-31 00:01:11,mediboard,경기도,0,0,A2100055,부천세종병원,2113,C,21,14,17,58992648,2,3,21,2026-07-31T00:00:10.005275,16,20
2026-07-31 00:01:11,mediboard,경기도,3,5,A2100001,분당서울대학교병원,2116,A,21,-9,30,58992619,4,5,21,2026-07-31T00:00:10.005275,-2,40
2026-07-31 00:01:11,mediboard,경기도,6,6,A2116806,성남시의료원,2117,C,21,12,17,58992763,6,6,21,2026-07-31T00:00:10.005275,24,29
2026-07-31 00:01:11,mediboard,경기도,0,0,A2100194,세종여주병원,2131,D,21,3,6,58992597,10,10,21,2026-07-31T00:00:10.005275,13,16
2026-07-31 00:01:11,mediboard,경기도,0,0,A2100016,순천의료재단성남정병원,2117,D,21,9,9,58992622,2,2,21,2026-07-31T00:00:10.005275,11,11
2026-07-31 00:01:11,mediboard,경기도,1,5,A2100005,순천향대학교부속부천병원,2113,A,21,8,17,58992594,5,5,21,2026-07-31T00:00:10.005275,14,27
2026-07-31 00:01:11,mediboard,경기도,7,14,A2100002,아주대학교병원,2120,A,21,3,32,58992852,8,13,21,2026-07-31T00:00:10.005275,14,54
2026-07-31 00:01:11,mediboard,경기도,0,0,A2100305,안성성모병원,2126,D,21,9,9,58992963,0,1,21,2026-07-31T00:00:10.005275,9,10
2026-07-31 00:01:11,mediboard,경기도,0,0,A2100089,양평병원,2130,D,21,0,9,58992910,1,1,21,2026-07-31T00:00:10.005275,1,10
2026-07-31 00:01:11,mediboard,경기도,0,0,A2118188,엘병원,2111,D,21,8,8,58992911,2,2,21,2026-07-31T00:00:10.005275,10,10
2026-07-31 00:01:11,mediboard,경기도,6,6,A2100020,연세대학교의과대학용인세브란스병원,2134,C,21,10,16,58992976,2,4,21,2026-07-31T00:00:10.005275,18,26
2026-07-31 00:01:11,mediboard,경기도,0,0,E2100187,연천군보건의료원,2132,D,21,10,10,58992811,0,0,21,2026-07-31T00:00:10.005275,10,10
2026-07-31 00:01:11,mediboard,경기도,0,0,A2100024,오산한국병원,2133,C,21,12,17,58992785,3,3,21,2026-07-31T00:00:10.005275,15,20
2026-07-31 00:01:11,mediboard,경기도,0,0,A2100048,원광대학교산본병원,2109,C,21,15,17,58992855,3,3,21,2026-07-31T00:00:10.005275,18,20
2026-07-31 00:01:11,mediboard,경기도,0,0,A2100013,의료법인 록향의료재단 신천연합병원,2123,D,21,9,10,58992959,1,1,21,2026-07-31T00:00:10.005275,10,11
2026-07-31 00:01:11,mediboard,경기도,0,0,A2100036,의료법인 일심의료재단 포천우리병원,2142,D,21,14,18,58992647,4,4,21,2026-07-31T00:00:10.005275,18,22
2026-07-31 00:01:11,mediboard,경기도,0,0,A2100309,의료법인갈렌의료재단박병원,2141,D,21,6,10,58992677,1,1,21,2026-07-31T00:00:10.005275,7,11
2026-07-31 00:01:11,mediboard,경기도,5,5,A2100008,의료법인남촌의료재단시화병원,2123,C,21,12,16,58992621,4,6,21,2026-07-31T00:00:10.005275,21,27
2026-07-31 00:01:11,mediboard,경기도,0,0,A2100009,의료법인녹산의료재단동수원병원,2122,C,21,11,17,58992702,3,3,21,2026-07-31T00:00:10.005275,14,20
2026-07-31 00:01:11,mediboard,경기도,0,0,A2100050,의료법인대인의료재단다니엘종합병원,2113,D,21,6,6,58992786,4,4,21,2026-07-31T00:00:10.005275,10,10
2026-07-31 00:01:11,mediboard,경기도,3,3,A2121061,의료법인덕산의료재단수원덕산병원,2119,D,21,20,24,58992981,3,3,21,2026-07-31T00:00:10.005275,26,30
2026-07-31 00:01:11,mediboard,경기도,0,0,A2117135,의료법인명인의료재단화홍병원,2119,C,21,10,15,58992857,5,5,21,2026-07-31T00:00:10.005275,15,20
2026-07-31 00:01:11,mediboard,경기도,2,3,A2100042,의료법인명지의료재단명지병원,2102,A,21,6,15,58992960,8,11,21,2026-07-31T00:00:10.005275,14,26
2026-07-31 00:01:11,mediboard,경기도,0,0,A2100022,의료법인박애의료재단박애병원,2141,D,21,10,10,58992854,1,1,21,2026-07-31T00:00:10.005275,11,11
2026-07-31 00:01:11,mediboard,경기도,0,0,A2100028,의료법인백송의료재단굿모닝병원,2141,C,21,10,19,58992646,8,9,21,2026-07-31T00:00:10.005275,18,28
2026-07-31 00:01:11,mediboard,경기도,0,0,A2100027,의료법인석경의료재단센트럴병원,2123,D,21,16,18,58992881,2,3,21,2026-07-31T00:00:10.005275,18,21
2026-07-31 00:01:11,mediboard,경기도,0,0,A2116972,의료법인성광의료재단일산차병원,2103,D,21,6,6,58992856,4,4,21,2026-07-31T00:00:10.005275,10,10
2026-07-31 00:01:11,mediboard,경기도,0,0,A2113246,의료법인양진의료재단평택성모병원,2141,C,21,6,17,58992678,3,3,21,2026-07-31T00:00:10.005275,9,20
2026-07-31 00:01:11,mediboard,경기도,0,0,A2100034,의료법인영동의료재단의정부백병원,2138,D,21,10,10,58992803,2,2,21,2026-07-31T00:00:10.005275,12,12
2026-07-31 00:01:11,mediboard,경기도,0,0,A2100053,의료법인우리의료재단김포우리병원,2110,C,21,19,22,58992909,7,7,21,2026-07-31T00:00:10.005275,26,29
2026-07-31 00:01:11,mediboard,경기도,0,0,A2115699,의료법인원광의료재단원광종합병원,2146,D,21,8,9,58992829,1,1,21,2026-07-31T00:00:10.005275,9,10
2026-07-31 00:01:11,mediboard,경기도,0,0,A2100018,의료법인은혜와감사의료재단화성중앙종합병원,2144,D,21,8,9,58992734,1,1,21,2026-07-31T00:00:10.005275,9,10
2026-07-31 00:01:11,mediboard,경기도,0,0,A2100006,의료법인인봉의료재단뉴고려병원,2110,C,21,10,14,58992760,6,6,21,2026-07-31T00:00:10.005275,16,20
2026-07-31 00:01:11,mediboard,경기도,0,0,A2100290,의료법인자인의료재단(더자인병원),2102,D,21,15,16,58992883,4,4,21,2026-07-31T00:00:10.005275,19,20
2026-07-31 00:01:11,mediboard,경기도,0,0,A2100124,의료법인칠석의료재단사랑의병원,2125,D,21,8,13,58992827,1,1,21,2026-07-31T00:00:10.005275,9,14
2026-07-31 00:01:11,mediboard,경기도,0,0,A2100175,의료법인토마스의료재단윌스기념병원,2122,D,21,16,18,58992762,3,3,21,2026-07-31T00:00:10.005275,19,21
2026-07-31 00:01:11,mediboard,경기도,0,0,A2100021,의료법인플러스의료재단단원병원,2124,D,21,17,17,58992880,3,3,21,2026-07-31T00:00:10.005275,20,20
2026-07-31 00:01:11,mediboard,경기도,0,4,A2100038,인제대학교일산백병원,2104,C,21,24,34,58992935,6,6,21,2026-07-31T00:00:10.005275,30,44
2026-07-31 00:01:11,mediboard,경기도,0,0,A2118788,중앙대학교광명병원,2106,C,21,10,21,58992598,3,3,21,2026-07-31T00:00:10.005275,13,24
2026-07-31 00:01:11,mediboard,경기도,11,13,A2100030,차의과학대학교분당차병원,2116,A,21,9,22,58992802,7,7,21,2026-07-31T00:00:10.005275,25,40
2026-07-31 00:01:11,mediboard,경기도,1,1,A2100155,참조은병원,2107,C,21,5,9,58992962,10,10,21,2026-07-31T00:00:10.005275,16,20
2026-07-31 00:01:11,mediboard,경기도,0,0,A2100150,추병원,2138,D,21,10,12,58992705,2,2,21,2026-07-31T00:00:10.005275,12,14
2026-07-31 00:01:11,mediboard,경기도,6,6,A2117994,학교법인을지학원의정부을지대학교병원,2138,C,21,23,30,58992858,9,11,21,2026-07-31T00:00:10.005275,38,47
2026-07-31 00:01:11,mediboard,경기도,9,9,A2100046,한림대학교동탄성심병원,2147,C,21,18,32,58992980,3,3,21,2026-07-31T00:00:10.005275,30,44
2026-07-31 00:01:11,mediboard,경기도,1,3,A2100004,한림대학교성심병원,2127,A,21,21,25,58992593,9,11,21,2026-07-31T00:00:10.005275,31,39
2026-07-31 00:01:11,mediboard,경기도,0,0,A2100039,한양대학교구리병원,2108,C,21,13,18,58992825,5,5,21,2026-07-31T00:00:10.005275,18,23
2026-07-31 00:01:11,mediboard,경기도,0,0,A2100037,현대병원,2111,C,21,15,17,58992596,3,3,21,2026-07-31T00:00:10.005275,18,20
2026-07-31 00:01:11,mediboard,경기도,0,0,A2100015,효산의료재단안양샘병원,2128,C,21,15,17,58992824,3,3,21,2026-07-31T00:00:10.005275,18,20
2026-07-31 00:01:11,mediboard,경기도,0,0,A2100054,효산의료재단지샘병원,2109,C,21,13,18,58992787,4,4,21,2026-07-31T00:00:10.005275,17,22
2026-07-31 00:01:11,mediboard,강원특별자치도,3,3,A2200008,강릉아산병원,2201,A,22,17,23,58992706,5,5,22,2026-07-31T00:00:10.005275,25,31
2026-07-31 00:01:11,mediboard,강원특별자치도,3,3,A2200009,강원대학교병원,2213,C,22,14,21,58992982,5,5,22,2026-07-31T00:00:10.005275,22,29
2026-07-31 00:01:11,mediboard,강원특별자치도,0,0,A2200011,강원특별자치도강릉의료원,2201,D,22,3,5,58992885,1,1,22,2026-07-31T00:00:10.005275,4,6
2026-07-31 00:01:11,mediboard,강원특별자치도,1,1,A2200007,강원특별자치도삼척의료원,2204,C,22,15,16,58992806,3,5,22,2026-07-31T00:00:10.005275,19,22
2026-07-31 00:01:11,mediboard,강원특별자치도,0,0,A2200012,강원특별자치도속초의료원,2205,C,22,16,17,58992789,3,3,22,2026-07-31T00:00:10.005275,19,20
2026-07-31 00:01:11,mediboard,강원특별자치도,0,0,A2200002,강원특별자치도영월의료원,2208,D,22,9,9,58992830,1,1,22,2026-07-31T00:00:10.005275,10,10
2026-07-31 00:01:11,mediboard,강원특별자치도,0,0,A2200015,강원특별자치도원주의료원,2209,D,22,9,17,58992886,3,3,22,2026-07-31T00:00:10.005275,12,20
2026-07-31 00:01:11,mediboard,강원특별자치도,0,0,A2200048,근로복지공단정선병원,2211,D,22,5,5,58992859,1,1,22,2026-07-31T00:00:10.005275,6,6
2026-07-31 00:01:11,mediboard,강원특별자치도,0,0,A2200004,근로복지공단태백병원,2214,D,22,8,9,58992649,1,1,22,2026-07-31T00:00:10.005275,9,10
2026-07-31 00:01:11,mediboard,강원특별자치도,3,3,A2200001,연세대학교원주세브란스기독병원,2209,A,22,23,31,58992884,28,45,22,2026-07-31T00:00:10.005275,54,79
2026-07-31 00:01:11,mediboard,강원특별자치도,0,0,A2200005,의료법인강릉동인병원,2201,C,22,11,17,58992937,3,3,22,2026-07-31T00:00:10.005275,14,20
2026-07-31 00:01:11,mediboard,강원특별자치도,0,0,A2200003,의료법인동해동인병원,2203,D,22,9,10,58992936,1,1,22,2026-07-31T00:00:10.005275,10,11
2026-07-31 00:01:11,mediboard,강원특별자치도,0,0,A2200037,의료법인성심의료재단양구성심병원,2206,D,22,5,5,58992983,1,1,22,2026-07-31T00:00:10.005275,6,6
2026-07-31 00:01:11,mediboard,강원특별자치도,0,0,A2200024,의료법인성지의료재단성지병원,2209,D,22,1,7,58992708,1,1,22,2026-07-31T00:00:10.005275,2,8
2026-07-31 00:01:11,mediboard,강원특별자치도,0,0,A2200046,의료법인온세움의료재단온재병원,2205,D,22,5,9,58992984,1,1,22,2026-07-31T00:00:10.005275,6,10
2026-07-31 00:01:11,mediboard,강원특별자치도,0,0,A2201730,철원병원,2212,D,22,5,5,58992623,1,1,22,2026-07-31T00:00:10.005275,6,6
2026-07-31 00:01:11,mediboard,강원특별자치도,0,0,E2200026,평창군보건의료원,2215,D,22,6,6,58992662,1,1,22,2026-07-31T00:00:10.005275,7,7
2026-07-31 00:01:11,mediboard,강원특별자치도,2,3,A2200013,한림대학교춘천성심병원,2213,A,22,18,22,58992807,5,5,22,2026-07-31T00:00:10.005275,25,30
2026-07-31 00:01:11,mediboard,강원특별자치도,0,0,A2200014,홍천아산병원,2216,D,22,9,10,58992679,0,0,22,2026-07-31T00:00:10.005275,9,10
2026-07-31 00:01:11,mediboard,강원특별자치도,0,0,E2200025,화천군보건의료원,2217,D,22,7,7,58992924,1,1,22,2026-07-31T00:00:10.005275,8,8
2026-07-31 00:01:11,mediboard,강원특별자치도,0,0,A2200016,횡성대성병원,2218,D,22,9,9,58992707,1,1,22,2026-07-31T00:00:10.005275,10,10
2026-07-31 00:01:11,mediboard,충청북도,0,0,A2300010,건국대학교충주병원,2314,C,23,16,20,58992985,3,3,23,2026-07-31T00:00:10.005275,19,23
2026-07-31 00:01:11,mediboard,충청북도,0,0,E2300011,단양군보건의료원,2302,D,23,6,6,58992633,1,2,23,2026-07-31T00:00:10.005275,7,8
2026-07-31 00:01:11,mediboard,충청북도,0,0,A2300013,의료법인 건명의료재단 중앙제일병원,2309,C,23,15,17,58992737,3,5,23,2026-07-31T00:00:10.005275,18,22
2026-07-31 00:01:11,mediboard,충청북도,0,0,A2300034,의료법인대광의료재단괴산성모병원,2301,D,23,8,9,58992680,0,1,23,2026-07-31T00:00:10.005275,8,10
2026-07-31 00:01:11,mediboard,충청북도,3,3,A2300009,의료법인명지의료재단명지병원,2307,C,23,13,18,58992888,6,6,23,2026-07-31T00:00:10.005275,22,27
2026-07-31 00:01:11,mediboard,충청북도,0,0,A2300007,의료법인인화재단한국병원,2310,C,23,8,14,58992887,6,6,23,2026-07-31T00:00:10.005275,14,20
2026-07-31 00:01:11,mediboard,충청북도,0,0,A2300005,의료법인자산의료재단제천서울병원,2307,C,23,14,15,58992625,5,5,23,2026-07-31T00:00:10.005275,19,20
2026-07-31 00:01:11,mediboard,충청북도,0,0,A2300003,의료법인정산의료재단효성병원,2310,C,23,18,18,58992831,4,5,23,2026-07-31T00:00:10.005275,22,23
2026-07-31 00:01:11,mediboard,충청북도,0,0,A2300030,의료법인조윤의료재단영동병원,2304,D,23,9,10,58992738,0,0,23,2026-07-31T00:00:10.005275,9,10
2026-07-31 00:01:11,mediboard,충청북도,0,0,A2300002,의료법인한마음의료재단하나병원,2313,C,23,5,11,58992599,12,12,23,2026-07-31T00:00:10.005275,17,23
2026-07-31 00:01:11,mediboard,충청북도,0,0,A2300011,의료법인힐링의료재단옥천성모병원,2305,D,23,7,7,58992765,3,3,23,2026-07-31T00:00:10.005275,10,10
2026-07-31 00:01:11,mediboard,충청북도,0,0,A2300008,청주성모병원,2312,C,23,7,15,58992600,7,10,23,2026-07-31T00:00:10.005275,14,25
2026-07-31 00:01:11,mediboard,충청북도,5,8,A2300001,충북대학교병원,2311,A,23,25,32,58992624,5,5,23,2026-07-31T00:00:10.005275,35,45
2026-07-31 00:01:11,mediboard,충청북도,0,0,A2300006,충청북도청주의료원,2311,D,23,12,12,58992860,4,4,23,2026-07-31T00:00:10.005275,16,16
2026-07-31 00:01:11,mediboard,충청북도,0,0,A2300004,충청북도충주의료원,2314,D,23,14,18,58992650,3,3,23,2026-07-31T00:00:10.005275,17,21
2026-07-31 00:01:11,mediboard,충청남도,2,4,A2400002,단국대학교의과대학부속병원,2412,A,24,10,27,58992833,5,5,24,2026-07-31T00:00:10.005275,17,36
2026-07-31 00:01:11,mediboard,충청남도,0,0,A2400008,당진종합병원,2405,C,24,12,17,58992626,3,3,24,2026-07-31T00:00:10.005275,15,20
2026-07-31 00:01:11,mediboard,충청남도,0,4,A2400003,서산중앙병원,2408,C,24,14,17,58992601,3,3,24,2026-07-31T00:00:10.005275,17,24
2026-07-31 00:01:11,mediboard,충청남도,0,0,A2402257,아산충무병원,2410,C,24,13,13,58992986,8,8,24,2026-07-31T00:00:10.005275,21,21
2026-07-31 00:01:11,mediboard,충청남도,0,0,A2400044,의료법인 서해병원,2409,D,24,5,5,58992627,2,2,24,2026-07-31T00:00:10.005275,7,7
2026-07-31 00:01:11,mediboard,충청남도,0,0,A2400004,의료법인 예당의료재단 예산종합병원,2411,D,24,5,6,58992912,1,1,24,2026-07-31T00:00:10.005275,6,7
2026-07-31 00:01:11,mediboard,충청남도,0,0,A2400009,의료법인백제병원,2404,C,24,18,20,58992603,3,3,24,2026-07-31T00:00:10.005275,21,23
2026-07-31 00:01:11,mediboard,충청남도,0,0,A2400012,의료법인영서의료재단천안충무병원,2413,C,24,12,16,58992889,5,5,24,2026-07-31T00:00:10.005275,17,21
2026-07-31 00:01:11,mediboard,충청남도,0,0,A2400011,재단법인아산사회복지재단보령아산병원,2406,C,24,12,17,58992651,3,3,24,2026-07-31T00:00:10.005275,15,20
2026-07-31 00:01:11,mediboard,충청남도,0,0,E2400032,청양군보건의료원,2414,D,24,6,6,58992689,1,1,24,2026-07-31T00:00:10.005275,7,7
2026-07-31 00:01:11,mediboard,충청남도,0,0,A2400010,충청남도공주의료원,2402,D,24,14,15,58992808,1,1,24,2026-07-31T00:00:10.005275,15,16
2026-07-31 00:01:11,mediboard,충청남도,0,0,A2400006,충청남도서산의료원,2408,C,24,10,17,58992602,2,3,24,2026-07-31T00:00:10.005275,12,20
2026-07-31 00:01:11,mediboard,충청남도,0,0,A2400005,충청남도천안의료원,2412,D,24,11,12,58992739,1,2,24,2026-07-31T00:00:10.005275,12,14
2026-07-31 00:01:11,mediboard,충청남도,1,1,A2400007,충청남도홍성의료원,2416,C,24,14,18,58992766,3,3,24,2026-07-31T00:00:10.005275,18,22
2026-07-31 00:01:11,mediboard,충청남도,0,0,E2400033,태안군보건의료원,2415,D,24,10,10,58992812,1,1,24,2026-07-31T00:00:10.005275,11,11
2026-07-31 00:01:11,mediboard,충청남도,0,0,A2400038,학교법인건양교육재단건양대학교부여병원,2407,D,24,6,9,58992681,1,1,24,2026-07-31T00:00:10.005275,7,10
2026-07-31 00:01:11,mediboard,충청남도,15,18,A2400001,학교법인동은학원순천향대학교부속천안병원,2412,A,24,12,22,58992832,11,11,24,2026-07-31T00:00:10.005275,34,47
2026-07-31 00:01:11,mediboard,충청남도,0,0,A2400039,현대병원,2410,D,24,10,10,58992938,1,1,24,2026-07-31T00:00:10.005275,11,11
2026-07-31 00:01:11,mediboard,전북특별자치도,0,0,A2500038,김제우석병원,2503,D,25,10,10,58992604,1,1,25,2026-07-31T00:00:10.005275,11,11
2026-07-31 00:01:11,mediboard,전북특별자치도,0,0,A2500056,대자인병원,2512,C,25,17,33,58992682,3,3,25,2026-07-31T00:00:10.005275,20,36
2026-07-31 00:01:11,mediboard,전북특별자치도,0,0,E2500019,무주군보건의료원,2505,D,25,4,4,58992969,1,1,25,2026-07-31T00:00:10.005275,5,5
2026-07-31 00:01:11,mediboard,전북특별자치도,0,0,A2500010,부안성모병원,2506,D,25,10,10,58992939,2,2,25,2026-07-31T00:00:10.005275,12,12
2026-07-31 00:01:11,mediboard,전북특별자치도,3,3,A2502742,새강병원,2513,D,25,13,14,58992989,3,3,25,2026-07-31T00:00:10.005275,19,20
2026-07-31 00:01:11,mediboard,전북특별자치도,0,0,E2500021,순창군보건의료원,2507,D,25,8,9,58992845,1,1,25,2026-07-31T00:00:10.005275,9,10
2026-07-31 00:01:11,mediboard,전북특별자치도,3,3,A2500001,원광대학교병원,2509,A,25,16,28,58992987,4,5,25,2026-07-31T00:00:10.005275,23,36
2026-07-31 00:01:11,mediboard,전북특별자치도,0,0,A2500011,의료법인대산의료재단익산병원,2509,C,25,11,17,58992890,3,3,25,2026-07-31T00:00:10.005275,14,20
2026-07-31 00:01:11,mediboard,전북특별자치도,0,0,A2500009,의료법인석천재단고창병원,2501,D,25,9,10,58992767,1,1,25,2026-07-31T00:00:10.005275,10,11
2026-07-31 00:01:11,mediboard,전북특별자치도,0,0,A2500005,의료법인영경의료재단전주병원,2513,C,25,-1,17,58992913,3,3,25,2026-07-31T00:00:10.005275,2,20
2026-07-31 00:01:11,mediboard,전북특별자치도,0,0,A2501890,의료법인영경의료재단호성전주병원,2512,D,25,6,9,58992861,1,1,25,2026-07-31T00:00:10.005275,7,10
2026-07-31 00:01:11,mediboard,전북특별자치도,0,0,A2500012,의료법인오성의료재단동군산병원,2502,C,25,15,17,58992988,6,6,25,2026-07-31T00:00:10.005275,21,23
2026-07-31 00:01:11,mediboard,전북특별자치도,0,0,E2500022,임실군보건의료원,2510,D,25,4,4,58992776,1,1,25,2026-07-31T00:00:10.005275,5,5
2026-07-31 00:01:11,mediboard,전북특별자치도,0,0,E2500020,장수군보건의료원,2511,D,25,5,5,58992898,1,1,25,2026-07-31T00:00:10.005275,6,6
2026-07-31 00:01:11,mediboard,전북특별자치도,0,0,A2500008,재단법인 아산사회복지재단 정읍아산병원,2514,C,25,15,17,58992835,3,3,25,2026-07-31T00:00:10.005275,18,20
2026-07-31 00:01:11,mediboard,전북특별자치도,6,12,A2500006,재단법인예수병원유지재단예수병원,2513,C,25,14,38,58992834,3,5,25,2026-07-31T00:00:10.005275,21,53
2026-07-31 00:01:11,mediboard,전북특별자치도,4,5,A2500002,전북대학교병원,2512,A,25,19,36,58992740,7,7,25,2026-07-31T00:00:10.005275,30,48
2026-07-31 00:01:11,mediboard,전북특별자치도,0,0,A2500007,전북특별자치도군산의료원,2502,C,25,8,17,58992710,3,3,25,2026-07-31T00:00:10.005275,11,20
2026-07-31 00:01:11,mediboard,전북특별자치도,0,0,A2500004,전북특별자치도남원의료원,2504,C,25,16,17,58992709,3,3,25,2026-07-31T00:00:10.005275,19,20
2026-07-31 00:01:11,mediboard,전북특별자치도,0,0,A2502031,진안군의료원,2515,D,25,6,6,58992940,2,2,25,2026-07-31T00:00:10.005275,8,8
2026-07-31 00:01:11,mediboard,전라남도,0,0,A2600029,곡성사랑병원,2603,D,26,4,5,58992942,1,1,26,2026-07-31T00:00:10.005275,5,6
2026-07-31 00:01:11,mediboard,전라남도,0,0,A2600006,광양사랑병원,2604,D,26,6,9,58992809,1,1,26,2026-07-31T00:00:10.005275,7,10
2026-07-31 00:01:11,mediboard,전라남도,0,0,A2600061,구례병원,2605,D,26,10,10,58992964,0,0,26,2026-07-31T00:00:10.005275,10,10
2026-07-31 00:01:11,mediboard,전라남도,0,0,A2600016,나주종합병원,2606,D,26,4,10,58992712,0,0,26,2026-07-31T00:00:10.005275,4,10
2026-07-31 00:01:11,mediboard,전라남도,0,0,A2600054,담양사랑병원,2607,D,26,6,6,58992714,2,2,26,2026-07-31T00:00:10.005275,8,8
2026-07-31 00:01:11,mediboard,전라남도,0,0,A2600003,대송의료재단무안병원,2609,D,26,4,4,58992768,1,1,26,2026-07-31T00:00:10.005275,5,5
2026-07-31 00:01:11,mediboard,전라남도,0,0,A2600020,목포기독병원,2608,D,26,14,17,58992836,3,3,26,2026-07-31T00:00:10.005275,17,20
2026-07-31 00:01:11,mediboard,전라남도,0,0,A2600022,목포시의료원,2608,D,26,8,9,58992990,1,1,26,2026-07-31T00:00:10.005275,9,10
2026-07-31 00:01:11,mediboard,전라남도,3,3,A2600011,목포한국병원,2608,A,26,11,18,58992891,5,5,26,2026-07-31T00:00:10.005275,19,26
2026-07-31 00:01:11,mediboard,전라남도,0,0,A2600052,보성아산병원,2610,D,26,8,8,58992991,1,1,26,2026-07-31T00:00:10.005275,9,9
2026-07-31 00:01:11,mediboard,전라남도,0,0,A2602211,빛가람종합병원,2606,D,26,7,9,58992653,1,1,26,2026-07-31T00:00:10.005275,8,10
2026-07-31 00:01:11,mediboard,전라남도,1,4,A2600019,성가롤로병원,2611,A,26,7,18,58992713,5,5,26,2026-07-31T00:00:10.005275,13,27
2026-07-31 00:01:11,mediboard,전라남도,0,0,A2600008,순천제일병원,2611,D,26,9,9,58992941,1,1,26,2026-07-31T00:00:10.005275,10,10
2026-07-31 00:01:11,mediboard,전라남도,0,0,A2600004,순천중앙병원,2611,D,26,4,5,58992711,1,1,26,2026-07-31T00:00:10.005275,5,6
2026-07-31 00:01:11,mediboard,전라남도,0,0,A2600010,여수전남병원,2613,D,26,6,10,58992791,1,1,26,2026-07-31T00:00:10.005275,7,11
2026-07-31 00:01:11,mediboard,전라남도,0,0,A2600014,여천전남병원,2613,C,26,16,17,58992628,3,3,26,2026-07-31T00:00:10.005275,19,20
2026-07-31 00:01:11,mediboard,전라남도,0,0,A2600015,영광종합병원,2614,D,26,9,10,58992769,3,3,26,2026-07-31T00:00:10.005275,12,13
2026-07-31 00:01:11,mediboard,전라남도,0,0,A2600070,영암한국병원,2615,D,26,8,8,58992965,0,1,26,2026-07-31T00:00:10.005275,8,9
2026-07-31 00:01:11,mediboard,전라남도,0,0,A2600032,완도대성병원,2616,D,26,5,5,58992683,1,1,26,2026-07-31T00:00:10.005275,6,6
2026-07-31 00:01:11,mediboard,전라남도,0,0,A2600034,의료법인 거명의료재단 영광기독병원,2614,D,26,10,10,58992915,1,1,26,2026-07-31T00:00:10.005275,11,11
2026-07-31 00:01:11,mediboard,전라남도,0,0,A2600017,의료법인목포구암의료재단목포중앙병원,2608,C,26,12,16,58992652,4,4,26,2026-07-31T00:00:10.005275,16,20
2026-07-31 00:01:11,mediboard,전라남도,0,0,A2600066,의료법인삼호의료재단벌교삼호병원,2610,D,26,5,6,58992629,1,1,26,2026-07-31T00:00:10.005275,6,7
2026-07-31 00:01:11,mediboard,전라남도,0,0,A2600051,의료법인신안대우병원,2612,D,26,4,4,58992795,1,1,26,2026-07-31T00:00:10.005275,5,5
2026-07-31 00:01:11,mediboard,전라남도,0,0,A2600018,의료법인영성의료재단고흥종합병원,2602,D,26,9,10,58992892,0,0,26,2026-07-31T00:00:10.005275,9,10
2026-07-31 00:01:11,mediboard,전라남도,0,0,A2600021,의료법인우범의료재단장흥종합병원,2618,D,26,9,9,58992792,1,1,26,2026-07-31T00:00:10.005275,10,10
2026-07-31 00:01:11,mediboard,전라남도,0,0,A2600068,의료법인장호의료재단녹동현대병원,2602,D,26,1,3,58992916,2,2,26,2026-07-31T00:00:10.005275,3,5
2026-07-31 00:01:11,mediboard,전라남도,0,0,A2600005,의료법인한국의료재단한국병원,2611,D,26,6,11,58992605,1,1,26,2026-07-31T00:00:10.005275,7,12
2026-07-31 00:01:11,mediboard,전라남도,0,0,A2600027,의료법인한마음의료재단여수제일병원,2613,D,26,3,9,58992914,1,1,26,2026-07-31T00:00:10.005275,4,10
2026-07-31 00:01:11,mediboard,전라남도,0,0,A2600035,의료법인행복나눔의료재단장성병원,2617,D,26,4,4,58992863,1,1,26,2026-07-31T00:00:10.005275,5,5
2026-07-31 00:01:11,mediboard,전라남도,0,0,A2600009,의료법인행촌의료재단해남종합병원,2621,D,26,9,10,58992790,1,1,26,2026-07-31T00:00:10.005275,10,11
2026-07-31 00:01:11,mediboard,전라남도,0,0,A2600024,의료법인현경의료재단광양서울병원,2604,D,26,8,9,58992793,1,1,26,2026-07-31T00:00:10.005275,9,10
2026-07-31 00:01:11,mediboard,전라남도,0,0,A2600037,장흥우리병원,2618,D,26,4,4,58992837,1,1,26,2026-07-31T00:00:10.005275,5,5
2026-07-31 00:01:11,mediboard,전라남도,0,0,A2600050,전라남도강진의료원,2601,D,26,9,9,58992741,1,1,26,2026-07-31T00:00:10.005275,10,10
2026-07-31 00:01:11,mediboard,전라남도,0,0,A2600056,전라남도순천의료원,2611,D,26,5,6,58992796,1,2,26,2026-07-31T00:00:10.005275,6,8
2026-07-31 00:01:11,mediboard,전라남도,0,0,A2600040,진도한국병원,2619,D,26,4,4,58992794,1,1,26,2026-07-31T00:00:10.005275,5,5
2026-07-31 00:01:11,mediboard,전라남도,0,0,A2600077,해남우리종합병원,2621,D,26,14,15,58992838,4,4,26,2026-07-31T00:00:10.005275,18,19
2026-07-31 00:01:11,mediboard,전라남도,1,1,A2600001,화순전남대학교병원,2622,C,26,11,16,58992862,7,7,26,2026-07-31T00:00:10.005275,19,24
2026-07-31 00:01:11,mediboard,경상북도,0,0,A2700018,경상북도김천의료원,2706,D,27,14,17,58992920,1,1,27,2026-07-31T00:00:10.005275,15,18
2026-07-31 00:01:11,mediboard,경상북도,0,0,A2700001,경상북도안동의료원,2711,D,27,6,6,58992606,2,2,27,2026-07-31T00:00:10.005275,8,8
2026-07-31 00:01:11,mediboard,경상북도,0,0,A2700005,경상북도포항의료원,2724,D,27,8,8,58992917,2,2,27,2026-07-31T00:00:10.005275,10,10
2026-07-31 00:01:11,mediboard,경상북도,0,0,A2700097,계명대학교경주동산병원,2702,D,27,7,9,58992943,1,1,27,2026-07-31T00:00:10.005275,8,10
2026-07-31 00:01:11,mediboard,경상북도,0,0,A2700015,구미강동병원,2704,D,27,6,7,58992919,3,3,27,2026-07-31T00:00:10.005275,9,10
2026-07-31 00:01:11,mediboard,경상북도,3,3,A2700003,동국대학교의과대학경주병원,2702,C,27,10,16,58992966,7,7,27,2026-07-31T00:00:10.005275,20,26
2026-07-31 00:01:11,mediboard,경상북도,0,0,A2700011,상주적십자병원,2709,D,27,8,9,58992992,1,1,27,2026-07-31T00:00:10.005275,9,10
2026-07-31 00:01:11,mediboard,경상북도,3,4,A2700013,순천향대학교부속구미병원,2704,C,27,8,13,58992865,3,3,27,2026-07-31T00:00:10.005275,14,20
2026-07-31 00:01:11,mediboard,경상북도,0,0,A2700004,안동성소병원,2711,C,27,11,12,58992810,6,8,27,2026-07-31T00:00:10.005275,17,20
2026-07-31 00:01:11,mediboard,경상북도,0,0,A2700008,에스포항병원,2723,D,27,6,6,58992918,1,1,27,2026-07-31T00:00:10.005275,7,7
2026-07-31 00:01:11,mediboard,경상북도,0,0,A2700017,영남대학교의과대학부속영천병원,2715,D,27,9,10,58992685,3,3,27,2026-07-31T00:00:10.005275,12,13
2026-07-31 00:01:11,mediboard,경상북도,0,0,A2700031,영주기독병원,2714,D,27,4,4,58992840,1,1,27,2026-07-31T00:00:10.005275,5,5
2026-07-31 00:01:11,mediboard,경상북도,0,0,A2700020,영주자인병원,2714,D,27,4,4,58992686,1,1,27,2026-07-31T00:00:10.005275,5,5
2026-07-31 00:01:11,mediboard,경상북도,0,0,A2702752,영주적십자병원,2714,D,27,8,10,58992656,1,1,27,2026-07-31T00:00:10.005275,9,11
2026-07-31 00:01:11,mediboard,경상북도,0,0,E2700553,울릉군보건의료원,2717,D,27,5,5,58992610,0,0,27,2026-07-31T00:00:10.005275,5,5
2026-07-31 00:01:11,mediboard,경상북도,0,0,A2700052,울진군의료원,2718,D,27,7,8,58992842,2,2,27,2026-07-31T00:00:10.005275,9,10
2026-07-31 00:01:11,mediboard,경상북도,0,0,A2700019,의)근원의료재단경산중앙병원,2701,D,27,9,10,58992839,2,2,27,2026-07-31T00:00:10.005275,11,12
2026-07-31 00:01:11,mediboard,경상북도,0,0,A2700038,의료법인대남의료재단청도대남병원,2720,D,27,10,10,58992993,0,0,27,2026-07-31T00:00:10.005275,10,10
2026-07-31 00:01:11,mediboard,경상북도,0,0,A2700012,의료법인덕산의료재단김천제일병원,2706,C,27,10,16,58992716,4,4,27,2026-07-31T00:00:10.005275,14,20
2026-07-31 00:01:11,mediboard,경상북도,0,0,A2700006,의료법인동춘의료재단문경제일병원,2707,C,27,17,17,58992715,2,3,27,2026-07-31T00:00:10.005275,19,20
2026-07-31 00:01:11,mediboard,경상북도,0,0,A2700009,의료법인삼백의료재단상주성모병원,2709,D,27,8,9,58992770,1,1,27,2026-07-31T00:00:10.005275,9,10
2026-07-31 00:01:11,mediboard,경상북도,0,0,A2700036,의료법인서명의료재단세명종합병원,2701,D,27,11,13,58992841,2,2,27,2026-07-31T00:00:10.005275,13,15
2026-07-31 00:01:11,mediboard,경상북도,0,0,A2700023,의료법인서준의료재단예천권병원,2716,D,27,5,6,58992655,1,1,27,2026-07-31T00:00:10.005275,6,7
2026-07-31 00:01:11,mediboard,경상북도,2,3,A2700014,의료법인안동병원,2711,A,27,3,17,58992607,3,5,27,2026-07-31T00:00:10.005275,8,25
2026-07-31 00:01:11,mediboard,경상북도,0,0,A2700070,의료법인영암의료재단고령영생병원,2703,D,27,5,5,58992687,1,1,27,2026-07-31T00:00:10.005275,6,6
2026-07-31 00:01:11,mediboard,경상북도,0,0,A2700063,의료법인영제의료재단영남제일병원,2719,D,27,4,5,58992893,1,1,27,2026-07-31T00:00:10.005275,5,6
2026-07-31 00:01:11,mediboard,경상북도,0,0,A2702563,의료법인은성의료재단좋은선린병원,2724,D,27,9,10,58992894,2,2,27,2026-07-31T00:00:10.005275,11,12
2026-07-31 00:01:11,mediboard,경상북도,5,5,A2700007,차의과학대학교부속구미차병원,2704,A,27,11,20,58992864,6,12,27,2026-07-31T00:00:10.005275,22,37
2026-07-31 00:01:11,mediboard,경상북도,0,0,E2700554,청송군보건의료원,2721,D,27,6,6,58992721,1,1,27,2026-07-31T00:00:10.005275,7,7
2026-07-31 00:01:11,mediboard,경상북도,11,11,A2700016,포항성모병원,2723,A,27,12,20,58992684,5,15,27,2026-07-31T00:00:10.005275,28,46
2026-07-31 00:01:11,mediboard,경상북도,0,0,A2700002,포항세명기독병원,2723,C,27,5,15,58992654,10,10,27,2026-07-31T00:00:10.005275,15,25
2026-07-31 00:01:11,mediboard,경상남도,0,0,A2800032,강병원,2803,D,28,9,9,58992743,1,1,28,2026-07-31T00:00:10.005275,10,10
2026-07-31 00:01:11,mediboard,경상남도,0,0,A2803677,강일병원,2804,D,28,6,8,58992660,3,3,28,2026-07-31T00:00:10.005275,9,11
2026-07-31 00:01:11,mediboard,경상남도,0,0,A2800076,거창적십자병원,2802,D,28,9,9,58992946,1,1,28,2026-07-31T00:00:10.005275,10,10
2026-07-31 00:01:11,mediboard,경상남도,3,3,A2800001,경상국립대학교병원,2811,A,28,19,30,58992771,5,5,28,2026-07-31T00:00:10.005275,27,38
2026-07-31 00:01:11,mediboard,경상남도,0,0,A2800025,경상남도마산의료원,2813,D,28,13,13,58992658,2,2,28,2026-07-31T00:00:10.005275,15,15
2026-07-31 00:01:11,mediboard,경상남도,0,0,A2800113,밀양병원,2806,D,28,5,8,58992968,1,1,28,2026-07-31T00:00:10.005275,6,9
2026-07-31 00:01:11,mediboard,경상남도,0,0,A2800084,반도병원,2811,D,28,6,7,58992923,1,1,28,2026-07-31T00:00:10.005275,7,8
2026-07-31 00:01:11,mediboard,경상남도,0,0,A2800019,베데스다복음병원,2809,D,28,8,9,58992772,1,1,28,2026-07-31T00:00:10.005275,9,10
2026-07-31 00:01:11,mediboard,경상남도,0,0,E2800380,산청군보건의료원,2808,D,28,5,5,58992663,1,1,28,2026-07-31T00:00:10.005275,6,6
2026-07-31 00:01:11,mediboard,경상남도,0,0,A2800055,삼성합천병원,2822,D,28,4,4,58992945,1,1,28,2026-07-31T00:00:10.005275,5,5
2026-07-31 00:01:11,mediboard,경상남도,0,0,A2800101,삼천포제일병원,2807,D,28,8,8,58992659,2,2,28,2026-07-31T00:00:10.005275,10,10
2026-07-31 00:01:11,mediboard,경상남도,0,0,A2800092,새통영병원,2818,D,28,8,9,58992843,1,1,28,2026-07-31T00:00:10.005275,9,10
2026-07-31 00:01:11,mediboard,경상남도,5,10,A2800011,양산부산대학교병원,2809,A,28,11,23,58992895,5,8,28,2026-07-31T00:00:10.005275,20,39
2026-07-31 00:01:11,mediboard,경상남도,0,0,A2804593,양산성모병원,2809,D,28,10,13,58992661,1,1,28,2026-07-31T00:00:10.005275,11,14
2026-07-31 00:01:11,mediboard,경상남도,0,0,A2800021,연세에스병원,2817,D,28,7,9,58992631,1,1,28,2026-07-31T00:00:10.005275,8,10
2026-07-31 00:01:11,mediboard,경상남도,0,0,A2800090,의령병원,2810,D,28,4,4,58992896,1,1,28,2026-07-31T00:00:10.005275,5,5
2026-07-31 00:01:11,mediboard,경상남도,0,0,A2800008,의료법인 거붕 백병원,2801,D,28,0,9,58992717,1,1,28,2026-07-31T00:00:10.005275,1,10
2026-07-31 00:01:11,mediboard,경상남도,0,0,A2800005,의료법인 대우의료재단대우병원,2801,D,28,8,9,58992608,1,1,28,2026-07-31T00:00:10.005275,9,10
2026-07-31 00:01:11,mediboard,경상남도,0,0,A2800015,의료법인 문병욱의료재단 진주고려병원,2811,D,28,8,10,58992967,1,1,28,2026-07-31T00:00:10.005275,9,11
2026-07-31 00:01:11,mediboard,경상남도,0,0,A2800022,의료법인 성념의료재단맑은샘병원,2801,D,28,8,9,58992994,1,1,28,2026-07-31T00:00:10.005275,9,10
2026-07-31 00:01:11,mediboard,경상남도,0,0,A2800094,의료법인 이도의료재단 남해병원,2805,D,28,8,8,58992897,2,2,28,2026-07-31T00:00:10.005275,10,10
2026-07-31 00:01:11,mediboard,경상남도,0,0,A2800014,의료법인갑을의료재단 갑을장유병원,2804,D,28,6,9,58992922,1,1,28,2026-07-31T00:00:10.005275,7,10
2026-07-31 00:01:11,mediboard,경상남도,0,0,A2800006,의료법인숭인의료재단 김해복음병원,2804,C,28,13,16,58992944,4,4,28,2026-07-31T00:00:10.005275,17,20
2026-07-31 00:01:11,mediboard,경상남도,0,0,A2800068,의료법인승연의료재단 삼천포서울병원,2807,D,28,8,9,58992744,1,1,28,2026-07-31T00:00:10.005275,9,10
2026-07-31 00:01:11,mediboard,경상남도,0,0,A2800009,의료법인청아의료재단청아병원,2814,D,28,9,9,58992718,1,1,28,2026-07-31T00:00:10.005275,10,10
2026-07-31 00:01:11,mediboard,경상남도,0,0,A2800017,의료법인합포의료재단에스엠지연세병원,2813,C,28,17,17,58992688,3,3,28,2026-07-31T00:00:10.005275,20,20
2026-07-31 00:01:11,mediboard,경상남도,0,0,A2800010,의료법인환명의료재단 조은금강병원,2804,C,28,16,17,58992657,3,3,28,2026-07-31T00:00:10.005275,19,20
2026-07-31 00:01:11,mediboard,경상남도,0,0,A2800003,제일병원,2811,C,28,6,17,58992866,3,3,28,2026-07-31T00:00:10.005275,9,20
2026-07-31 00:01:11,mediboard,경상남도,0,0,A2800037,진주복음병원,2811,D,28,8,9,58992609,1,1,28,2026-07-31T00:00:10.005275,9,10
2026-07-31 00:01:11,mediboard,경상남도,0,0,A2803505,창원경상국립대학교병원,2815,C,28,17,18,58992632,3,10,28,2026-07-31T00:00:10.005275,20,28
2026-07-31 00:01:11,mediboard,경상남도,0,0,A2800004,창원파티마병원,2816,C,28,8,17,58992921,3,3,28,2026-07-31T00:00:10.005275,11,20
2026-07-31 00:01:11,mediboard,경상남도,0,0,A2800007,창원한마음병원,2816,C,28,-2,21,58992742,3,4,28,2026-07-31T00:00:10.005275,1,25
2026-07-31 00:01:11,mediboard,경상남도,0,0,A2800062,태황의료재단한성병원,2812,D,28,7,9,58992774,1,1,28,2026-07-31T00:00:10.005275,8,10
2026-07-31 00:01:11,mediboard,경상남도,8,8,A2800020,학교법인성균관대학삼성창원병원,2814,A,28,19,27,58992630,5,5,28,2026-07-31T00:00:10.005275,32,40
2026-07-31 00:01:11,mediboard,경상남도,0,0,A2800043,한일병원,2811,C,28,13,17,58992773,2,3,28,2026-07-31T00:00:10.005275,15,20
2026-07-31 00:01:11,mediboard,경상남도,0,0,A2800080,함양성심병원,2821,D,28,4,4,58992719,1,1,28,2026-07-31T00:00:10.005275,5,5
2026-07-31 00:01:11,mediboard,제주특별자치도,0,0,A2900003,의료법인 혜인의료재단 한국병원,2902,D,29,7,9,58992745,1,1,29,2026-07-31T00:00:10.005275,8,10
2026-07-31 00:01:11,mediboard,제주특별자치도,1,1,A2900006,의료법인중앙의료재단중앙병원,2902,C,29,8,16,58992867,3,3,29,2026-07-31T00:00:10.005275,12,20
2026-07-31 00:01:11,mediboard,제주특별자치도,0,0,A2900007,제주대학교병원,2902,C,29,9,20,58992720,5,6,29,2026-07-31T00:00:10.005275,14,26
2026-07-31 00:01:11,mediboard,제주특별자치도,3,4,A2900002,제주특별자치도서귀포의료원,2901,C,29,13,16,58992844,5,5,29,2026-07-31T00:00:10.005275,21,25
2026-07-31 00:01:11,mediboard,제주특별자치도,1,3,A2900001,제주한라병원,2902,A,29,5,17,58992995,5,5,29,2026-07-31T00:00:10.005275,11,25
2026-07-31 00:01:11,mediboard,제주특별자치도,0,0,A2900005,한마음병원,2902,C,29,7,17,58992775,1,3,29,2026-07-31T00:00:10.005275,8,20
2026-07-31 02:13:34,mediboard,서울특별시,0,0,A1100011,가톨릭대학교여의도성모병원,1120,C,11,13,15,59003553,5,5,11,2026-07-31T02:10:10.011353,18,20
2026-07-31 02:13:34,mediboard,서울특별시,7,8,A1121013,가톨릭대학교은평성모병원,1122,C,11,14,24,59003772,3,4,11,2026-07-31T02:10:10.011353,24,36
2026-07-31 02:13:34,mediboard,서울특별시,3,3,A1100043,강동경희대학교병원,1102,A,11,7,15,59003446,5,5,11,2026-07-31T02:10:10.011353,15,23
2026-07-31 02:13:34,mediboard,서울특별시,2,2,A1100006,강북삼성병원,1123,C,11,1,15,59003766,3,3,11,2026-07-31T02:10:10.011353,6,20
2026-07-31 02:13:34,mediboard,서울특별시,4,4,A1100002,건국대학교병원,1106,C,11,10,20,59003666,3,3,11,2026-07-31T02:10:10.011353,17,27
2026-07-31 02:13:34,mediboard,서울특별시,0,0,A1100039,경찰병원,1118,D,11,3,3,59003671,2,2,11,2026-07-31T02:10:10.011353,5,5
2026-07-31 02:13:34,mediboard,서울특별시,3,3,A1100001,경희대학교병원,1111,C,11,13,15,59003608,5,5,11,2026-07-31T02:10:10.011353,21,23
2026-07-31 02:13:34,mediboard,서울특별시,3,3,A1100014,고려대학교의과대학부속구로병원,1107,A,11,14,29,59003554,2,5,11,2026-07-31T02:10:10.011353,19,37
2026-07-31 02:13:34,mediboard,서울특별시,0,0,A1100026,구로성심병원,1107,D,11,5,9,59003769,1,1,11,2026-07-31T02:10:10.011353,6,10
2026-07-31 02:13:34,mediboard,서울특별시,3,3,A1100052,국립중앙의료원,1124,C,11,16,17,59003717,8,10,11,2026-07-31T02:10:10.011353,27,30
2026-07-31 02:13:34,mediboard,서울특별시,0,0,A1122033,기쁨병원,1115,D,11,0,4,59003401,1,1,11,2026-07-31T02:10:10.011353,1,5
2026-07-31 02:13:34,mediboard,서울특별시,0,0,A1100048,노원을지대학교병원,1109,C,11,11,17,59003399,5,5,11,2026-07-31T02:10:10.011353,16,22
2026-07-31 02:13:34,mediboard,서울특별시,0,0,A1100044,녹색병원,1125,D,11,3,5,59003716,5,5,11,2026-07-31T02:10:10.011353,8,10
2026-07-31 02:13:34,mediboard,서울특별시,0,0,A1100037,대림성모병원,1120,D,11,7,8,59003557,2,2,11,2026-07-31T02:10:10.011353,9,10
2026-07-31 02:13:34,mediboard,서울특별시,0,0,A1100024,명지성모병원,1120,D,11,8,8,59003397,2,2,11,2026-07-31T02:10:10.011353,10,10
2026-07-31 02:13:34,mediboard,서울특별시,0,0,A1100036,부민병원,1104,D,11,10,10,59003770,1,1,11,2026-07-31T02:10:10.011353,11,11
2026-07-31 02:13:34,mediboard,서울특별시,3,4,A1100010,삼성서울병원,1101,C,11,-5,52,59003667,4,4,11,2026-07-31T02:10:10.011353,2,60
2026-07-31 02:13:34,mediboard,서울특별시,0,0,A1100021,삼육서울병원,1111,C,11,12,13,59003668,5,7,11,2026-07-31T02:10:10.011353,17,20
2026-07-31 02:13:34,mediboard,서울특별시,10,12,A1100017,서울대학교병원,1123,A,11,-5,24,59003396,8,8,11,2026-07-31T02:10:10.011353,11,42
2026-07-31 02:13:34,mediboard,서울특별시,0,0,A1100050,서울성심병원,1111,D,11,17,17,59003672,3,3,11,2026-07-31T02:10:10.011353,20,20
2026-07-31 02:13:34,mediboard,서울특별시,0,0,A1100029,서울적십자병원,1123,D,11,8,10,59003500,0,1,11,2026-07-31T02:10:10.011353,8,11
2026-07-31 02:13:34,mediboard,서울특별시,0,0,A1100022,서울특별시동부병원,1111,D,11,7,8,59003443,2,2,11,2026-07-31T02:10:10.011353,9,10
2026-07-31 02:13:34,mediboard,서울특별시,2,3,A1100040,서울특별시보라매병원,1112,C,11,21,31,59003501,2,3,11,2026-07-31T02:10:10.011353,25,37
2026-07-31 02:13:34,mediboard,서울특별시,0,0,A1100223,서울특별시서남병원,1119,D,11,16,17,59003447,3,3,11,2026-07-31T02:10:10.011353,19,20
2026-07-31 02:13:34,mediboard,서울특별시,1,3,A1100035,서울특별시서울의료원,1125,A,11,11,19,59003670,5,5,11,2026-07-31T02:10:10.011353,17,27
2026-07-31 02:13:34,mediboard,서울특별시,0,0,A1100028,성심의료재단강동성심병원,1102,C,11,10,15,59003669,8,9,11,2026-07-31T02:10:10.011353,18,24
2026-07-31 02:13:34,mediboard,서울특별시,0,0,A1100054,성애의료재단성애병원,1120,C,11,13,15,59003718,5,11,11,2026-07-31T02:10:10.011353,18,26
2026-07-31 02:13:34,mediboard,서울특별시,0,0,A1100032,세란병원,1123,D,11,9,10,59003556,1,1,11,2026-07-31T02:10:10.011353,10,11
2026-07-31 02:13:34,mediboard,서울특별시,3,4,A1100004,순천향대학교부속서울병원,1121,C,11,8,20,59003552,3,3,11,2026-07-31T02:10:10.011353,14,27
2026-07-31 02:13:34,mediboard,서울특별시,0,0,A1100045,씨엠병원,1120,D,11,7,9,59003612,1,1,11,2026-07-31T02:10:10.011353,8,10
2026-07-31 02:13:34,mediboard,서울특별시,1,2,A1100015,연세대학교의과대학강남세브란스병원,1101,C,11,10,21,59003768,3,3,11,2026-07-31T02:10:10.011353,14,26
2026-07-31 02:13:34,mediboard,서울특별시,3,10,A1100007,연세대학교의과대학세브란스병원,1114,C,11,2,39,59003713,6,6,11,2026-07-31T02:10:10.011353,9,53
2026-07-31 02:13:34,mediboard,서울특별시,0,0,A1100025,의료법인동신의료재단동신병원,1114,D,11,9,9,59003715,1,1,11,2026-07-31T02:10:10.011353,10,10
2026-07-31 02:13:34,mediboard,서울특별시,0,0,A1100041,의료법인서울효천의료재단에이치플러스양지병원,1105,C,11,18,18,59003445,3,3,11,2026-07-31T02:10:10.011353,21,21
2026-07-31 02:13:34,mediboard,서울특별시,0,0,A1100023,의료법인청구성심병원,1122,D,11,9,10,59003444,1,1,11,2026-07-31T02:10:10.011353,10,11
2026-07-31 02:13:34,mediboard,서울특별시,0,0,A1100075,의료법인풍산의료재단동부제일병원,1125,D,11,7,7,59003400,1,1,11,2026-07-31T02:10:10.011353,8,8
2026-07-31 02:13:34,mediboard,서울특별시,2,2,A1100020,의료법인한전의료재단한일병원,1110,C,11,12,21,59003611,3,4,11,2026-07-31T02:10:10.011353,17,27
2026-07-31 02:13:34,mediboard,서울특별시,8,8,A1100005,이화여자대학교의과대학부속목동병원,1119,A,11,12,19,59003712,5,6,11,2026-07-31T02:10:10.011353,25,33
2026-07-31 02:13:34,mediboard,서울특별시,3,9,A1120796,이화여자대학교의과대학부속서울병원,1104,C,11,4,14,59003673,7,8,11,2026-07-31T02:10:10.011353,14,31
2026-07-31 02:13:34,mediboard,서울특별시,0,0,A1100016,인제대학교상계백병원,1109,C,11,13,16,59003714,7,7,11,2026-07-31T02:10:10.011353,20,23
2026-07-31 02:13:34,mediboard,서울특별시,6,14,A1100009,재단법인아산사회복지재단서울아산병원,1118,C,11,-1,36,59003610,8,26,11,2026-07-31T02:10:10.011353,11,73
2026-07-31 02:13:34,mediboard,서울특별시,4,4,A1100003,중앙대학교병원,1112,C,11,8,22,59003551,5,5,11,2026-07-31T02:10:10.011353,17,31
2026-07-31 02:13:34,mediboard,서울특별시,5,9,A1100012,학교법인가톨릭학원가톨릭대학교서울성모병원,1115,C,11,4,28,59003499,7,8,11,2026-07-31T02:10:10.011353,14,43
2026-07-31 02:13:34,mediboard,서울특별시,4,4,A1100008,학교법인고려중앙학원고려대학교의과대학부속병원(안암병원),1117,A,11,3,30,59003609,6,9,11,2026-07-31T02:10:10.011353,13,43
2026-07-31 02:13:34,mediboard,서울특별시,0,0,A1100053,한국보훈복지의료공단중앙보훈병원,1102,C,11,21,22,59003558,3,3,11,2026-07-31T02:10:10.011353,24,25
2026-07-31 02:13:34,mediboard,서울특별시,0,0,A1100027,한국원자력의학원원자력병원,1109,D,11,9,9,59003398,3,3,11,2026-07-31T02:10:10.011353,12,12
2026-07-31 02:13:34,mediboard,서울특별시,3,3,A1100055,한림대학교강남성심병원,1120,C,11,13,20,59003614,5,5,11,2026-07-31T02:10:10.011353,21,28
2026-07-31 02:13:34,mediboard,서울특별시,3,3,A1100013,한양대학교병원,1116,A,11,16,20,59003767,9,12,11,2026-07-31T02:10:10.011353,28,35
2026-07-31 02:13:34,mediboard,서울특별시,0,0,A1100051,혜민병원,1106,D,11,8,9,59003613,1,1,11,2026-07-31T02:10:10.011353,9,10
2026-07-31 02:13:34,mediboard,서울특별시,0,0,A1100019,홍익병원,1119,D,11,8,9,59003555,1,1,11,2026-07-31T02:10:10.011353,9,10
2026-07-31 02:13:34,mediboard,서울특별시,0,0,A1100049,희명병원,1108,D,11,9,10,59003771,1,1,11,2026-07-31T02:10:10.011353,10,11
2026-07-31 02:13:34,mediboard,부산광역시,0,0,A1200028,(의)서일의료재단기장병원,1203,D,12,9,9,59003675,1,1,12,2026-07-31T02:10:10.011353,10,10
2026-07-31 02:13:34,mediboard,부산광역시,0,0,A1200004,고신대학교복음병원,1211,C,12,21,25,59003448,5,5,12,2026-07-31T02:10:10.011353,26,30
2026-07-31 02:13:34,mediboard,부산광역시,0,0,A1200045,구포성심병원,1208,D,12,8,9,59003506,1,1,12,2026-07-31T02:10:10.011353,9,10
2026-07-31 02:13:34,mediboard,부산광역시,3,3,A1200018,대동병원,1206,C,12,11,15,59003561,3,3,12,2026-07-31T02:10:10.011353,17,21
2026-07-31 02:13:34,mediboard,부산광역시,0,0,A1200015,동남권원자력의학원원자력병원,1203,D,12,8,9,59003618,1,1,12,2026-07-31T02:10:10.011353,9,10
2026-07-31 02:13:34,mediboard,부산광역시,0,0,A1200011,동래봉생병원,1206,D,12,6,8,59003721,2,2,12,2026-07-31T02:10:10.011353,8,10
2026-07-31 02:13:34,mediboard,부산광역시,3,3,A1200003,동아대학교병원,1211,A,12,24,26,59003773,8,8,12,2026-07-31T02:10:10.011353,35,37
2026-07-31 02:13:34,mediboard,부산광역시,0,0,A1200024,부산광역시의료원,1213,D,12,16,18,59003723,2,8,12,2026-07-31T02:10:10.011353,18,26
2026-07-31 02:13:34,mediboard,부산광역시,3,3,A1200002,부산대학교병원,1211,C,12,11,19,59003402,3,3,12,2026-07-31T02:10:10.011353,17,25
2026-07-31 02:13:34,mediboard,부산광역시,4,4,A1200013,부산성모병원(재단법인 천주교부산교구유지재단),1204,D,12,9,10,59003617,5,5,12,2026-07-31T02:10:10.011353,18,19
2026-07-31 02:13:34,mediboard,부산광역시,0,0,A1200007,비에이치에스한서병원,1212,C,12,14,17,59003616,3,3,12,2026-07-31T02:10:10.011353,17,20
2026-07-31 02:13:34,mediboard,부산광역시,0,0,A1200021,삼육부산병원,1211,D,12,7,9,59003504,1,1,12,2026-07-31T02:10:10.011353,8,10
2026-07-31 02:13:34,mediboard,부산광역시,0,0,A1200014,영도병원,1214,D,12,7,7,59003503,2,2,12,2026-07-31T02:10:10.011353,9,9
2026-07-31 02:13:34,mediboard,부산광역시,0,0,A1200009,의료법인 광혜의료재단 광혜병원,1206,D,12,9,9,59003720,3,3,12,2026-07-31T02:10:10.011353,12,12
2026-07-31 02:13:34,mediboard,부산광역시,0,0,A1200098,의료법인 센텀의료재단 센텀종합병원,1212,D,12,8,9,59003619,1,1,12,2026-07-31T02:10:10.011353,9,10
2026-07-31 02:13:34,mediboard,부산광역시,0,0,A1200020,의료법인 온그룹의료재단 온병원,1207,C,12,19,20,59003403,3,3,12,2026-07-31T02:10:10.011353,22,23
2026-07-31 02:13:34,mediboard,부산광역시,0,0,A1200008,의료법인 은성의료재단 좋은강안병원,1212,D,12,16,18,59003559,3,3,12,2026-07-31T02:10:10.011353,19,21
2026-07-31 02:13:34,mediboard,부산광역시,1,1,A1200005,의료법인 은성의료재단 좋은삼선병원,1209,C,12,13,13,59003502,4,6,12,2026-07-31T02:10:10.011353,18,20
2026-07-31 02:13:34,mediboard,부산광역시,0,0,A1200006,의료법인 인당의료재단 부민병원,1208,D,12,9,10,59003719,2,2,12,2026-07-31T02:10:10.011353,11,12
2026-07-31 02:13:34,mediboard,부산광역시,0,0,A1205143,의료법인 인당의료재단 해운대부민병원,1216,D,12,8,9,59003676,1,1,12,2026-07-31T02:10:10.011353,9,10
2026-07-31 02:13:34,mediboard,부산광역시,0,0,A1200012,의료법인 행도의료재단 해동병원,1214,D,12,6,6,59003449,1,1,12,2026-07-31T02:10:10.011353,7,7
2026-07-31 02:13:34,mediboard,부산광역시,0,0,A1200017,의료법인정화의료재단 봉생기념병원,1205,D,12,8,9,59003560,2,2,12,2026-07-31T02:10:10.011353,10,11
2026-07-31 02:13:34,mediboard,부산광역시,1,3,A1200022,인제대학교 해운대백병원,1216,A,12,21,29,59003674,4,5,12,2026-07-31T02:10:10.011353,26,37
2026-07-31 02:13:34,mediboard,부산광역시,0,0,A1200001,인제대학교부산백병원,1207,C,12,13,18,59003615,3,3,12,2026-07-31T02:10:10.011353,16,21
2026-07-31 02:13:34,mediboard,부산광역시,0,0,A1200023,재단법인천주교부산교구유지재단 메리놀병원,1215,D,12,8,9,59003505,1,1,12,2026-07-31T02:10:10.011353,9,10
2026-07-31 02:13:34,mediboard,부산광역시,2,2,A1200026,좋은문화병원,1205,D,12,3,7,59003405,3,3,12,2026-07-31T02:10:10.011353,8,12
2026-07-31 02:13:34,mediboard,부산광역시,0,0,A1200025,학교법인 춘해병원,1207,D,12,9,9,59003404,1,1,12,2026-07-31T02:10:10.011353,10,10
2026-07-31 02:13:34,mediboard,부산광역시,0,0,A1200019,학교법인)동의병원,1207,D,12,14,14,59003450,1,1,12,2026-07-31T02:10:10.011353,15,15
2026-07-31 02:13:34,mediboard,부산광역시,0,0,A1200016,한국보훈복지의료공단 부산보훈병원,1209,D,12,11,11,59003722,2,2,12,2026-07-31T02:10:10.011353,13,13
2026-07-31 02:13:34,mediboard,인천광역시,0,0,A1300081,(재)미리내천주성삼성직수도회천주성삼병원,1307,D,13,8,9,59003621,1,2,13,2026-07-31T02:10:10.011353,9,11
2026-07-31 02:13:34,mediboard,인천광역시,0,0,A1300018,강남종합병원,1304,D,13,14,15,59003728,1,1,13,2026-07-31T02:10:10.011353,15,16
2026-07-31 02:13:34,mediboard,인천광역시,2,4,A1300002,경북대학교병원,1308,A,13,16,27,59003724,4,5,13,2026-07-31T02:10:10.011353,22,36
2026-07-31 02:13:34,mediboard,인천광역시,0,0,A1303386,계명대학교대구동산병원,1308,D,13,10,12,59003452,2,2,13,2026-07-31T02:10:10.011353,12,14
2026-07-31 02:13:34,mediboard,인천광역시,0,0,A1300003,계명대학교동산병원,1302,C,13,9,20,59003406,2,5,13,2026-07-31T02:10:10.011353,11,25
2026-07-31 02:13:34,mediboard,인천광역시,0,0,A1300008,곽병원,1308,D,13,8,10,59003727,2,2,13,2026-07-31T02:10:10.011353,10,12
2026-07-31 02:13:34,mediboard,인천광역시,0,0,A1300038,나사렛종합병원,1302,D,13,6,9,59003774,2,10,13,2026-07-31T02:10:10.011353,8,19
2026-07-31 02:13:34,mediboard,인천광역시,0,0,A1300004,대구가톨릭대학교병원,1301,C,13,17,24,59003508,4,4,13,2026-07-31T02:10:10.011353,21,28
2026-07-31 02:13:34,mediboard,인천광역시,0,0,A1300005,대구가톨릭대학교칠곡가톨릭병원,1305,D,13,3,9,59003725,1,1,13,2026-07-31T02:10:10.011353,4,10
2026-07-31 02:13:34,mediboard,인천광역시,0,0,A1300076,대구굿모닝병원,1306,D,13,17,17,59003729,2,2,13,2026-07-31T02:10:10.011353,19,19
2026-07-31 02:13:34,mediboard,인천광역시,0,0,A1300007,대구의료원,1306,D,13,18,18,59003726,2,2,13,2026-07-31T02:10:10.011353,20,20
2026-07-31 02:13:34,mediboard,인천광역시,5,5,A1300009,대구파티마병원,1304,C,13,8,25,59003509,7,7,13,2026-07-31T02:10:10.011353,20,37
2026-07-31 02:13:34,mediboard,인천광역시,0,0,A1300110,더블유병원,1302,D,13,10,10,59003562,1,1,13,2026-07-31T02:10:10.011353,11,11
2026-07-31 02:13:34,mediboard,인천광역시,0,0,A1300034,드림종합병원,1301,D,13,6,8,59003620,2,2,13,2026-07-31T02:10:10.011353,8,10
2026-07-31 02:13:34,mediboard,인천광역시,0,0,A1300045,삼일병원,1302,D,13,7,14,59003511,1,1,13,2026-07-31T02:10:10.011353,8,15
2026-07-31 02:13:34,mediboard,인천광역시,3,3,A1300001,영남대학교병원,1301,A,13,17,28,59003507,5,5,13,2026-07-31T02:10:10.011353,25,36
2026-07-31 02:13:34,mediboard,인천광역시,0,0,A1300006,의료법인구의료재단구병원,1302,D,13,10,10,59003451,1,1,13,2026-07-31T02:10:10.011353,11,11
2026-07-31 02:13:34,mediboard,인천광역시,5,9,A1300010,칠곡경북대학교병원,1305,C,13,12,23,59003677,6,6,13,2026-07-31T02:10:10.011353,21,36
2026-07-31 02:13:34,mediboard,인천광역시,0,0,A1300011,한국보훈복지의료공단대구보훈병원,1302,D,13,12,12,59003510,2,2,13,2026-07-31T02:10:10.011353,14,14
2026-07-31 02:13:34,mediboard,대구광역시,0,0,A1400008,(의)성세의료재단 뉴성민병원,1407,D,14,7,9,59003454,1,1,14,2026-07-31T02:10:10.011353,8,10
2026-07-31 02:13:34,mediboard,대구광역시,1,3,A1400015,가톨릭관동대학교국제성모병원,1407,C,14,12,23,59003565,5,5,14,2026-07-31T02:10:10.011353,18,31
2026-07-31 02:13:34,mediboard,대구광역시,2,4,A1400012,가톨릭대학교 인천성모병원,1406,C,14,13,19,59003679,6,8,14,2026-07-31T02:10:10.011353,21,31
2026-07-31 02:13:34,mediboard,대구광역시,0,0,A1400010,검단탑병원,1407,C,14,17,18,59003407,3,3,14,2026-07-31T02:10:10.011353,20,21
2026-07-31 02:13:34,mediboard,대구광역시,0,0,A1403617,비에스종합병원,1401,D,14,9,10,59003624,1,1,14,2026-07-31T02:10:10.011353,10,11
2026-07-31 02:13:34,mediboard,대구광역시,0,0,A1400013,안은의료재단 부평세림병원,1406,C,14,15,16,59003564,4,4,14,2026-07-31T02:10:10.011353,19,20
2026-07-31 02:13:34,mediboard,대구광역시,0,0,A1400005,온누리병원,1407,D,14,9,9,59003678,2,2,14,2026-07-31T02:10:10.011353,11,11
2026-07-31 02:13:34,mediboard,대구광역시,5,11,A1400001,의료법인 길의료재단 길병원,1404,A,14,15,25,59003730,7,7,14,2026-07-31T02:10:10.011353,25,41
2026-07-31 02:13:34,mediboard,대구광역시,0,0,A1400011,의료법인 나사렛의료재단 나사렛국제병원,1408,C,14,16,17,59003408,3,5,14,2026-07-31T02:10:10.011353,19,22
2026-07-31 02:13:34,mediboard,대구광역시,0,0,A1400003,의료법인 루가의료재단 나은병원,1407,C,14,11,11,59003453,10,10,14,2026-07-31T02:10:10.011353,21,21
2026-07-31 02:13:34,mediboard,대구광역시,0,0,A1400007,의료법인 성수의료재단 인천백병원,1405,D,14,5,5,59003563,1,1,14,2026-07-31T02:10:10.011353,6,6
2026-07-31 02:13:34,mediboard,대구광역시,0,0,A1400014,의료법인인성의료재단한림병원,1402,C,14,15,17,59003680,4,4,14,2026-07-31T02:10:10.011353,19,21
2026-07-31 02:13:34,mediboard,대구광역시,0,0,A1400017,인천광역시의료원,1405,D,14,15,15,59003456,2,2,14,2026-07-31T02:10:10.011353,17,17
2026-07-31 02:13:34,mediboard,대구광역시,0,0,A1400037,인천광역시의료원백령병원,1409,D,14,2,5,59003567,1,1,14,2026-07-31T02:10:10.011353,3,6
2026-07-31 02:13:34,mediboard,대구광역시,0,0,A1400009,인천기독병원,1410,D,14,8,8,59003455,1,1,14,2026-07-31T02:10:10.011353,9,9
2026-07-31 02:13:34,mediboard,대구광역시,0,0,A1400016,인천사랑병원,1403,C,14,9,14,59003622,7,7,14,2026-07-31T02:10:10.011353,16,21
2026-07-31 02:13:34,mediboard,대구광역시,0,0,A1403372,인천세종병원,1402,C,14,14,18,59003623,3,3,14,2026-07-31T02:10:10.011353,17,21
2026-07-31 02:13:34,mediboard,대구광역시,0,0,A1400018,인천적십자병원,1408,D,14,8,8,59003566,2,2,14,2026-07-31T02:10:10.011353,10,10
2026-07-31 02:13:34,mediboard,대구광역시,0,0,A1403871,인천힘찬종합병원,1404,D,14,15,17,59003681,3,6,14,2026-07-31T02:10:10.011353,18,23
2026-07-31 02:13:34,mediboard,대구광역시,9,9,A1400002,인하대학교의과대학부속병원,1410,A,14,16,20,59003512,7,9,14,2026-07-31T02:10:10.011353,30,36
2026-07-31 02:13:34,mediboard,대구광역시,0,0,A1400004,현대유비스병원,1403,D,14,18,19,59003731,1,1,14,2026-07-31T02:10:10.011353,19,20
2026-07-31 02:13:34,mediboard,광주광역시,7,7,A1500019,KS병원,1501,C,15,13,15,59003682,3,3,15,2026-07-31T02:10:10.011353,23,25
2026-07-31 02:13:34,mediboard,광주광역시,0,0,A1500021,광주기독병원,1502,C,15,12,20,59003683,3,6,15,2026-07-31T02:10:10.011353,15,26
2026-07-31 02:13:34,mediboard,광주광역시,0,0,A1500015,광주병원,1504,D,15,8,10,59003411,1,1,15,2026-07-31T02:10:10.011353,9,11
2026-07-31 02:13:34,mediboard,광주광역시,0,0,A1500004,광주보훈병원,1501,D,15,13,14,59003513,2,2,15,2026-07-31T02:10:10.011353,15,16
2026-07-31 02:13:34,mediboard,광주광역시,0,0,A1502007,광주센트럴병원,1501,D,15,10,10,59003735,1,1,15,2026-07-31T02:10:10.011353,11,11
2026-07-31 02:13:34,mediboard,광주광역시,0,0,A1500018,광주수완병원,1501,D,15,9,9,59003412,0,1,15,2026-07-31T02:10:10.011353,9,10
2026-07-31 02:13:34,mediboard,광주광역시,0,0,A1500009,광주씨티병원,1502,D,15,10,10,59003409,1,1,15,2026-07-31T02:10:10.011353,11,11
2026-07-31 02:13:34,mediboard,광주광역시,0,0,A1500005,광주일곡병원,1504,D,15,9,9,59003775,1,1,15,2026-07-31T02:10:10.011353,10,10
2026-07-31 02:13:34,mediboard,광주광역시,0,0,A1500016,광주한국병원,1505,D,15,12,15,59003627,1,1,15,2026-07-31T02:10:10.011353,13,16
2026-07-31 02:13:34,mediboard,광주광역시,0,0,A1500003,광주현대병원,1504,D,15,7,9,59003625,2,2,15,2026-07-31T02:10:10.011353,9,11
2026-07-31 02:13:34,mediboard,광주광역시,0,0,A1500007,광주희망병원,1504,D,15,7,9,59003457,1,1,15,2026-07-31T02:10:10.011353,8,10
2026-07-31 02:13:34,mediboard,광주광역시,0,0,A1500013,동아병원,1502,D,15,7,9,59003410,1,1,15,2026-07-31T02:10:10.011353,8,10
2026-07-31 02:13:34,mediboard,광주광역시,0,0,A1500014,미래로21병원,1505,D,15,8,9,59003626,1,1,15,2026-07-31T02:10:10.011353,9,10
2026-07-31 02:13:34,mediboard,광주광역시,0,0,A1500022,상무병원,1505,D,15,8,9,59003734,1,1,15,2026-07-31T02:10:10.011353,9,10
2026-07-31 02:13:34,mediboard,광주광역시,2,2,A1500020,서광병원,1505,C,15,14,18,59003778,3,3,15,2026-07-31T02:10:10.011353,19,23
2026-07-31 02:13:34,mediboard,광주광역시,0,0,A1500006,신가병원,1501,D,15,8,9,59003776,2,2,15,2026-07-31T02:10:10.011353,10,11
2026-07-31 02:13:34,mediboard,광주광역시,0,0,A1500010,운암한국병원,1504,D,15,7,9,59003733,1,1,15,2026-07-31T02:10:10.011353,8,10
2026-07-31 02:13:34,mediboard,광주광역시,1,4,A1500002,전남대학교병원,1503,A,15,14,28,59003732,3,7,15,2026-07-31T02:10:10.011353,18,39
2026-07-31 02:13:34,mediboard,광주광역시,4,4,A1500001,조선대학교병원,1503,A,15,18,23,59003568,4,5,15,2026-07-31T02:10:10.011353,26,32
2026-07-31 02:13:34,mediboard,광주광역시,0,0,A1500011,첨단종합병원,1501,C,15,21,22,59003777,3,3,15,2026-07-31T02:10:10.011353,24,25
2026-07-31 02:13:34,mediboard,광주광역시,0,0,A1500017,하남성심병원,1501,D,15,16,19,59003569,1,2,15,2026-07-31T02:10:10.011353,17,21
2026-07-31 02:13:34,mediboard,대전광역시,0,0,A1600004,대전보훈병원,1601,D,16,7,7,59003413,2,2,16,2026-07-31T02:10:10.011353,9,9
2026-07-31 02:13:34,mediboard,대전광역시,0,0,A1600003,대전한국병원,1602,D,16,8,9,59003570,1,1,16,2026-07-31T02:10:10.011353,9,10
2026-07-31 02:13:34,mediboard,대전광역시,0,0,A1602246,대청병원,1603,D,16,8,9,59003684,1,1,16,2026-07-31T02:10:10.011353,9,10
2026-07-31 02:13:34,mediboard,대전광역시,0,0,A1600008,의료법인영훈의료재단대전선병원,1605,C,16,15,17,59003571,4,9,16,2026-07-31T02:10:10.011353,19,26
2026-07-31 02:13:34,mediboard,대전광역시,0,0,A1600007,의료법인영훈의료재단유성선병원,1604,C,16,12,17,59003459,3,7,16,2026-07-31T02:10:10.011353,15,24
2026-07-31 02:13:34,mediboard,대전광역시,0,6,A1600001,충남대학교병원,1605,A,16,13,28,59003514,4,5,16,2026-07-31T02:10:10.011353,17,39
2026-07-31 02:13:34,mediboard,대전광역시,0,0,A1600005,학교법인가톨릭학원가톨릭대학교대전성모병원,1605,C,16,14,19,59003779,3,3,16,2026-07-31T02:10:10.011353,17,22
2026-07-31 02:13:34,mediboard,대전광역시,5,5,A1600006,학교법인건양교육재단건양대학교병원,1603,A,16,21,24,59003458,5,5,16,2026-07-31T02:10:10.011353,31,34
2026-07-31 02:13:34,mediboard,대전광역시,0,0,A1600002,학교법인을지학원대전을지대학교병원,1603,C,16,21,23,59003736,6,6,16,2026-07-31T02:10:10.011353,27,29
2026-07-31 02:13:34,mediboard,울산광역시,0,0,A1700001,서울산보람병원,1704,D,17,10,10,59003460,1,1,17,2026-07-31T02:10:10.011353,11,11
2026-07-31 02:13:34,mediboard,울산광역시,0,0,A1700003,울산병원,1701,C,17,15,19,59003628,3,3,17,2026-07-31T02:10:10.011353,18,22
2026-07-31 02:13:34,mediboard,울산광역시,0,0,A1700002,의료법인동강의료재단동강병원,1705,C,17,20,24,59003685,3,3,17,2026-07-31T02:10:10.011353,23,27
2026-07-31 02:13:34,mediboard,울산광역시,0,0,A1700025,의료법인송은의료재단울산시티병원,1703,C,17,14,17,59003629,3,3,17,2026-07-31T02:10:10.011353,17,20
2026-07-31 02:13:34,mediboard,울산광역시,0,0,A1700011,의료법인은성의료재단좋은삼정병원,1701,D,17,8,9,59003686,1,1,17,2026-07-31T02:10:10.011353,9,10
2026-07-31 02:13:34,mediboard,울산광역시,0,0,A1700028,의료법인정안의료재단중앙병원,1701,C,17,13,17,59003515,3,3,17,2026-07-31T02:10:10.011353,16,20
2026-07-31 02:13:34,mediboard,울산광역시,8,8,A1700004,학교법인울산공업학원울산대학교병원,1702,A,17,16,23,59003572,6,6,17,2026-07-31T02:10:10.011353,30,37
2026-07-31 02:13:34,mediboard,경기도,0,0,A2100019,(의)영문의료재단다보스병원,2136,C,21,11,13,59003416,7,7,21,2026-07-31T02:10:10.011353,18,20
2026-07-31 02:13:34,mediboard,경기도,0,0,A2100122,(의)효심의료재단용인서울병원,2136,D,21,10,10,59003788,0,0,21,2026-07-31T02:10:10.011353,10,10
2026-07-31 02:13:34,mediboard,경기도,0,0,A2100052,가톨릭대학교부천성모병원,2113,C,21,23,31,59003421,6,6,21,2026-07-31T02:10:10.011353,29,37
2026-07-31 02:13:34,mediboard,경기도,7,8,A2100012,가톨릭대학교성빈센트병원,2122,C,21,21,28,59003573,6,6,21,2026-07-31T02:10:10.011353,32,40
2026-07-31 02:13:34,mediboard,경기도,11,11,A2100040,가톨릭대학교의정부성모병원,2138,A,21,22,44,59003468,6,6,21,2026-07-31T02:10:10.011353,39,61
2026-07-31 02:13:34,mediboard,경기도,0,0,A2100029,강남병원,2134,C,21,13,17,59003689,3,3,21,2026-07-31T02:10:10.011353,16,20
2026-07-31 02:13:34,mediboard,경기도,0,0,A2100032,경기도의료원수원병원,2121,D,21,8,8,59003631,5,5,21,2026-07-31T02:10:10.011353,13,13
2026-07-31 02:13:34,mediboard,경기도,0,0,A2100045,경기도의료원안성병원,2126,D,21,12,14,59003632,1,5,21,2026-07-31T02:10:10.011353,13,19
2026-07-31 02:13:34,mediboard,경기도,0,0,A2100043,경기도의료원의정부병원,2138,D,21,10,10,59003784,1,1,21,2026-07-31T02:10:10.011353,11,11
2026-07-31 02:13:34,mediboard,경기도,0,0,A2100193,경기도의료원이천병원,2139,C,21,12,17,59003470,3,3,21,2026-07-31T02:10:10.011353,15,20
2026-07-31 02:13:34,mediboard,경기도,0,0,A2100035,경기도의료원파주병원,2140,C,21,13,17,59003419,3,3,21,2026-07-31T02:10:10.011353,16,20
2026-07-31 02:13:34,mediboard,경기도,0,0,A2100031,경기도의료원포천병원,2142,C,21,17,17,59003576,3,3,21,2026-07-31T02:10:10.011353,20,20
2026-07-31 02:13:34,mediboard,경기도,4,4,A2100003,고려대학교의과대학부속안산병원,2124,A,21,14,22,59003463,8,8,21,2026-07-31T02:10:10.011353,26,34
2026-07-31 02:13:34,mediboard,경기도,4,4,A2100007,광명성애병원,2106,C,21,11,11,59003738,5,5,21,2026-07-31T02:10:10.011353,20,20
2026-07-31 02:13:34,mediboard,경기도,0,0,A2100258,국군수도병원,2116,D,21,16,16,59003691,0,2,21,2026-07-31T02:10:10.011353,16,18
2026-07-31 02:13:34,mediboard,경기도,0,0,A2100049,국립암센터,2103,D,21,9,24,59003578,1,1,21,2026-07-31T02:10:10.011353,10,25
2026-07-31 02:13:34,mediboard,경기도,3,5,A2100033,국민건강보험공단일산병원,2103,A,21,18,23,59003782,5,5,21,2026-07-31T02:10:10.011353,26,33
2026-07-31 02:13:34,mediboard,경기도,0,0,A2100014,근로복지공단안산병원,2125,D,21,7,7,59003517,1,1,21,2026-07-31T02:10:10.011353,8,8
2026-07-31 02:13:34,mediboard,경기도,0,0,A2100041,남양주한양병원,2111,C,21,12,17,59003783,3,3,21,2026-07-31T02:10:10.011353,15,20
2026-07-31 02:13:34,mediboard,경기도,0,0,A2100017,대아의료재단한도병원,2124,C,21,17,17,59003518,3,3,21,2026-07-31T02:10:10.011353,20,20
2026-07-31 02:13:34,mediboard,경기도,3,3,A2100025,대진의료재단분당제생병원,2116,C,21,17,24,59003740,3,3,21,2026-07-31T02:10:10.011353,23,30
2026-07-31 02:13:34,mediboard,경기도,3,3,A2100047,동국대학교일산불교병원,2103,C,21,14,19,59003577,7,7,21,2026-07-31T02:10:10.011353,24,29
2026-07-31 02:13:34,mediboard,경기도,0,0,A2100131,메디인병원,2140,D,21,11,12,59003742,2,2,21,2026-07-31T02:10:10.011353,13,14
2026-07-31 02:13:34,mediboard,경기도,0,0,A2121142,메디필드한강병원,2136,D,21,16,17,59003747,3,3,21,2026-07-31T02:10:10.011353,19,20
2026-07-31 02:13:34,mediboard,경기도,0,0,A2100055,부천세종병원,2113,C,21,17,17,59003523,3,3,21,2026-07-31T02:10:10.011353,20,20
2026-07-31 02:13:34,mediboard,경기도,2,5,A2100001,분당서울대학교병원,2116,A,21,-8,30,59003462,4,5,21,2026-07-31T02:10:10.011353,-2,40
2026-07-31 02:13:34,mediboard,경기도,6,6,A2116806,성남시의료원,2117,C,21,13,17,59003746,6,6,21,2026-07-31T02:10:10.011353,25,29
2026-07-31 02:13:34,mediboard,경기도,0,0,A2100194,세종여주병원,2131,D,21,5,6,59003422,9,10,21,2026-07-31T02:10:10.011353,14,16
2026-07-31 02:13:34,mediboard,경기도,0,0,A2100016,순천의료재단성남정병원,2117,D,21,9,9,59003466,2,2,21,2026-07-31T02:10:10.011353,11,11
2026-07-31 02:13:34,mediboard,경기도,2,5,A2100005,순천향대학교부속부천병원,2113,A,21,9,17,59003415,5,5,21,2026-07-31T02:10:10.011353,16,27
2026-07-31 02:13:34,mediboard,경기도,12,14,A2100002,아주대학교병원,2120,A,21,16,32,59003516,9,13,21,2026-07-31T02:10:10.011353,33,54
2026-07-31 02:13:34,mediboard,경기도,0,0,A2100305,안성성모병원,2126,D,21,9,9,59003745,0,1,21,2026-07-31T02:10:10.011353,9,10
2026-07-31 02:13:34,mediboard,경기도,0,0,A2100089,양평병원,2130,D,21,8,9,59003634,1,1,21,2026-07-31T02:10:10.011353,9,10
2026-07-31 02:13:34,mediboard,경기도,0,0,A2118188,엘병원,2111,D,21,8,8,59003636,2,2,21,2026-07-31T02:10:10.011353,10,10
2026-07-31 02:13:34,mediboard,경기도,6,6,A2100020,연세대학교의과대학용인세브란스병원,2134,C,21,12,16,59003780,4,4,21,2026-07-31T02:10:10.011353,22,26
2026-07-31 02:13:34,mediboard,경기도,0,0,E2100187,연천군보건의료원,2132,D,21,10,10,59003440,0,0,21,2026-07-31T02:10:10.011353,10,10
2026-07-31 02:13:34,mediboard,경기도,0,0,A2100024,오산한국병원,2133,C,21,13,17,59003781,3,3,21,2026-07-31T02:10:10.011353,16,20
2026-07-31 02:13:34,mediboard,경기도,0,0,A2100048,원광대학교산본병원,2109,C,21,15,17,59003522,3,3,21,2026-07-31T02:10:10.011353,18,20
2026-07-31 02:13:34,mediboard,경기도,0,0,A2100013,의료법인 록향의료재단 신천연합병원,2123,D,21,10,10,59003739,1,1,21,2026-07-31T02:10:10.011353,11,11
2026-07-31 02:13:34,mediboard,경기도,0,0,A2100036,의료법인 일심의료재단 포천우리병원,2142,D,21,15,18,59003521,4,4,21,2026-07-31T02:10:10.011353,19,22
2026-07-31 02:13:34,mediboard,경기도,0,0,A2100309,의료법인갈렌의료재단박병원,2141,D,21,8,10,59003580,1,1,21,2026-07-31T02:10:10.011353,9,11
2026-07-31 02:13:34,mediboard,경기도,5,5,A2100008,의료법인남촌의료재단시화병원,2123,C,21,15,16,59003464,5,6,21,2026-07-31T02:10:10.011353,25,27
2026-07-31 02:13:34,mediboard,경기도,0,0,A2100009,의료법인녹산의료재단동수원병원,2122,C,21,15,17,59003630,3,3,21,2026-07-31T02:10:10.011353,18,20
2026-07-31 02:13:34,mediboard,경기도,0,0,A2100050,의료법인대인의료재단다니엘종합병원,2113,D,21,6,6,59003786,4,4,21,2026-07-31T02:10:10.011353,10,10
2026-07-31 02:13:34,mediboard,경기도,3,3,A2121061,의료법인덕산의료재단수원덕산병원,2119,D,21,22,24,59003789,3,3,21,2026-07-31T02:10:10.011353,28,30
2026-07-31 02:13:34,mediboard,경기도,0,0,A2117135,의료법인명인의료재단화홍병원,2119,C,21,11,15,59003525,5,5,21,2026-07-31T02:10:10.011353,16,20
2026-07-31 02:13:34,mediboard,경기도,3,3,A2100042,의료법인명지의료재단명지병원,2102,A,21,13,15,59003741,9,11,21,2026-07-31T02:10:10.011353,22,26
2026-07-31 02:13:34,mediboard,경기도,0,0,A2100022,의료법인박애의료재단박애병원,2141,D,21,10,10,59003519,1,1,21,2026-07-31T02:10:10.011353,11,11
2026-07-31 02:13:34,mediboard,경기도,0,0,A2100028,의료법인백송의료재단굿모닝병원,2141,C,21,15,19,59003520,8,9,21,2026-07-31T02:10:10.011353,23,28
2026-07-31 02:13:34,mediboard,경기도,0,0,A2100027,의료법인석경의료재단센트럴병원,2123,D,21,18,18,59003575,2,3,21,2026-07-31T02:10:10.011353,20,21
2026-07-31 02:13:34,mediboard,경기도,0,0,A2116972,의료법인성광의료재단일산차병원,2103,D,21,6,6,59003524,4,4,21,2026-07-31T02:10:10.011353,10,10
2026-07-31 02:13:34,mediboard,경기도,0,0,A2113246,의료법인양진의료재단평택성모병원,2141,C,21,16,17,59003581,3,3,21,2026-07-31T02:10:10.011353,19,20
2026-07-31 02:13:34,mediboard,경기도,0,0,A2100034,의료법인영동의료재단의정부백병원,2138,D,21,9,10,59003418,2,2,21,2026-07-31T02:10:10.011353,11,12
2026-07-31 02:13:34,mediboard,경기도,0,0,A2100053,의료법인우리의료재단김포우리병원,2110,C,21,19,22,59003633,7,7,21,2026-07-31T02:10:10.011353,26,29
2026-07-31 02:13:34,mediboard,경기도,0,0,A2115699,의료법인원광의료재단원광종합병원,2146,D,21,5,9,59003471,1,1,21,2026-07-31T02:10:10.011353,6,10
2026-07-31 02:13:34,mediboard,경기도,0,0,A2100018,의료법인은혜와감사의료재단화성중앙종합병원,2144,D,21,9,9,59003688,1,1,21,2026-07-31T02:10:10.011353,10,10
2026-07-31 02:13:34,mediboard,경기도,0,0,A2100006,의료법인인봉의료재단뉴고려병원,2110,C,21,13,14,59003737,6,6,21,2026-07-31T02:10:10.011353,19,20
2026-07-31 02:13:34,mediboard,경기도,0,0,A2100290,의료법인자인의료재단(더자인병원),2102,D,21,13,16,59003579,4,4,21,2026-07-31T02:10:10.011353,17,20
2026-07-31 02:13:34,mediboard,경기도,0,0,A2100124,의료법인칠석의료재단사랑의병원,2125,D,21,12,13,59003469,1,1,21,2026-07-31T02:10:10.011353,13,14
2026-07-31 02:13:34,mediboard,경기도,0,0,A2100175,의료법인토마스의료재단윌스기념병원,2122,D,21,12,18,59003744,3,3,21,2026-07-31T02:10:10.011353,15,21
2026-07-31 02:13:34,mediboard,경기도,0,0,A2100021,의료법인플러스의료재단단원병원,2124,D,21,16,17,59003574,3,3,21,2026-07-31T02:10:10.011353,19,20
2026-07-31 02:13:34,mediboard,경기도,0,4,A2100038,인제대학교일산백병원,2104,C,21,29,34,59003690,6,6,21,2026-07-31T02:10:10.011353,35,44
2026-07-31 02:13:34,mediboard,경기도,0,0,A2118788,중앙대학교광명병원,2106,C,21,18,21,59003423,3,3,21,2026-07-31T02:10:10.011353,21,24
2026-07-31 02:13:34,mediboard,경기도,7,13,A2100030,차의과학대학교분당차병원,2116,A,21,13,22,59003417,6,7,21,2026-07-31T02:10:10.011353,24,40
2026-07-31 02:13:34,mediboard,경기도,1,1,A2100155,참조은병원,2107,C,21,5,9,59003743,10,10,21,2026-07-31T02:10:10.011353,16,20
2026-07-31 02:13:34,mediboard,경기도,0,0,A2100150,추병원,2138,D,21,12,12,59003635,2,2,21,2026-07-31T02:10:10.011353,14,14
2026-07-31 02:13:34,mediboard,경기도,6,6,A2117994,학교법인을지학원의정부을지대학교병원,2138,C,21,23,30,59003526,10,11,21,2026-07-31T02:10:10.011353,39,47
2026-07-31 02:13:34,mediboard,경기도,9,9,A2100046,한림대학교동탄성심병원,2147,C,21,26,32,59003785,3,3,21,2026-07-31T02:10:10.011353,38,44
2026-07-31 02:13:34,mediboard,경기도,3,3,A2100004,한림대학교성심병원,2127,A,21,17,25,59003414,8,11,21,2026-07-31T02:10:10.011353,28,39
2026-07-31 02:13:34,mediboard,경기도,0,0,A2100039,한양대학교구리병원,2108,C,21,16,18,59003467,5,5,21,2026-07-31T02:10:10.011353,21,23
2026-07-31 02:13:34,mediboard,경기도,0,0,A2100037,현대병원,2111,C,21,16,17,59003420,3,3,21,2026-07-31T02:10:10.011353,19,20
2026-07-31 02:13:34,mediboard,경기도,0,0,A2100015,효산의료재단안양샘병원,2128,C,21,10,17,59003465,3,3,21,2026-07-31T02:10:10.011353,13,20
2026-07-31 02:13:34,mediboard,경기도,0,0,A2100054,효산의료재단지샘병원,2109,C,21,17,18,59003787,4,4,21,2026-07-31T02:10:10.011353,21,22
2026-07-31 02:13:34,mediboard,강원특별자치도,3,3,A2200008,강릉아산병원,2201,A,22,17,23,59003637,5,5,22,2026-07-31T02:10:10.011353,25,31
2026-07-31 02:13:34,mediboard,강원특별자치도,3,3,A2200009,강원대학교병원,2213,C,22,21,21,59003790,5,5,22,2026-07-31T02:10:10.011353,29,29
2026-07-31 02:13:34,mediboard,강원특별자치도,0,0,A2200011,강원특별자치도강릉의료원,2201,D,22,4,5,59003583,1,1,22,2026-07-31T02:10:10.011353,5,6
2026-07-31 02:13:34,mediboard,강원특별자치도,1,1,A2200007,강원특별자치도삼척의료원,2204,C,22,15,16,59003424,3,5,22,2026-07-31T02:10:10.011353,19,22
2026-07-31 02:13:34,mediboard,강원특별자치도,0,0,A2200012,강원특별자치도속초의료원,2205,C,22,13,17,59003791,3,3,22,2026-07-31T02:10:10.011353,16,20
2026-07-31 02:13:34,mediboard,강원특별자치도,0,0,A2200002,강원특별자치도영월의료원,2208,D,22,8,9,59003472,1,1,22,2026-07-31T02:10:10.011353,9,10
2026-07-31 02:13:34,mediboard,강원특별자치도,0,0,A2200015,강원특별자치도원주의료원,2209,D,22,15,17,59003585,3,3,22,2026-07-31T02:10:10.011353,18,20
2026-07-31 02:13:34,mediboard,강원특별자치도,0,0,A2200048,근로복지공단정선병원,2211,D,22,5,5,59003528,1,1,22,2026-07-31T02:10:10.011353,6,6
2026-07-31 02:13:34,mediboard,강원특별자치도,0,0,A2200004,근로복지공단태백병원,2214,D,22,8,9,59003527,1,1,22,2026-07-31T02:10:10.011353,9,10
2026-07-31 02:13:34,mediboard,강원특별자치도,2,3,A2200001,연세대학교원주세브란스기독병원,2209,A,22,29,31,59003582,28,45,22,2026-07-31T02:10:10.011353,59,79
2026-07-31 02:13:34,mediboard,강원특별자치도,0,0,A2200005,의료법인강릉동인병원,2201,C,22,10,17,59003693,3,3,22,2026-07-31T02:10:10.011353,13,20
2026-07-31 02:13:34,mediboard,강원특별자치도,0,0,A2200003,의료법인동해동인병원,2203,D,22,7,10,59003692,1,1,22,2026-07-31T02:10:10.011353,8,11
2026-07-31 02:13:34,mediboard,강원특별자치도,0,0,A2200037,의료법인성심의료재단양구성심병원,2206,D,22,5,5,59003792,1,1,22,2026-07-31T02:10:10.011353,6,6
2026-07-31 02:13:34,mediboard,강원특별자치도,0,0,A2200024,의료법인성지의료재단성지병원,2209,D,22,4,7,59003639,1,1,22,2026-07-31T02:10:10.011353,5,8
2026-07-31 02:13:34,mediboard,강원특별자치도,0,0,A2200046,의료법인온세움의료재단온재병원,2205,D,22,4,9,59003793,1,1,22,2026-07-31T02:10:10.011353,5,10
2026-07-31 02:13:34,mediboard,강원특별자치도,0,0,A2201730,철원병원,2212,D,22,5,5,59003473,1,1,22,2026-07-31T02:10:10.011353,6,6
2026-07-31 02:13:34,mediboard,강원특별자치도,0,0,E2200026,평창군보건의료원,2215,D,22,5,6,59003549,1,1,22,2026-07-31T02:10:10.011353,6,7
2026-07-31 02:13:34,mediboard,강원특별자치도,2,3,A2200013,한림대학교춘천성심병원,2213,A,22,17,22,59003425,5,5,22,2026-07-31T02:10:10.011353,24,30
2026-07-31 02:13:34,mediboard,강원특별자치도,0,0,A2200014,홍천아산병원,2216,D,22,10,10,59003584,0,0,22,2026-07-31T02:10:10.011353,10,10
2026-07-31 02:13:34,mediboard,강원특별자치도,0,0,E2200025,화천군보건의료원,2217,D,22,7,7,59003664,1,1,22,2026-07-31T02:10:10.011353,8,8
2026-07-31 02:13:34,mediboard,강원특별자치도,0,0,A2200016,횡성대성병원,2218,D,22,9,9,59003638,1,1,22,2026-07-31T02:10:10.011353,10,10
2026-07-31 02:13:34,mediboard,충청북도,0,0,A2300010,건국대학교충주병원,2314,C,23,19,20,59003794,3,3,23,2026-07-31T02:10:10.011353,22,23
2026-07-31 02:13:34,mediboard,충청북도,0,0,E2300011,단양군보건의료원,2302,D,23,6,6,59003497,1,2,23,2026-07-31T02:10:10.011353,7,8
2026-07-31 02:13:34,mediboard,충청북도,0,0,A2300013,의료법인 건명의료재단 중앙제일병원,2309,C,23,17,17,59003694,3,5,23,2026-07-31T02:10:10.011353,20,22
2026-07-31 02:13:34,mediboard,충청북도,0,0,A2300034,의료법인대광의료재단괴산성모병원,2301,D,23,8,9,59003588,0,1,23,2026-07-31T02:10:10.011353,8,10
2026-07-31 02:13:34,mediboard,충청북도,3,3,A2300009,의료법인명지의료재단명지병원,2307,C,23,18,18,59003587,6,6,23,2026-07-31T02:10:10.011353,27,27
2026-07-31 02:13:34,mediboard,충청북도,0,0,A2300007,의료법인인화재단한국병원,2310,C,23,10,14,59003586,6,6,23,2026-07-31T02:10:10.011353,16,20
2026-07-31 02:13:34,mediboard,충청북도,0,0,A2300005,의료법인자산의료재단제천서울병원,2307,C,23,15,15,59003476,5,5,23,2026-07-31T02:10:10.011353,20,20
2026-07-31 02:13:34,mediboard,충청북도,0,0,A2300003,의료법인정산의료재단효성병원,2310,C,23,17,18,59003475,5,5,23,2026-07-31T02:10:10.011353,22,23
2026-07-31 02:13:34,mediboard,충청북도,0,0,A2300030,의료법인조윤의료재단영동병원,2304,D,23,9,10,59003695,0,0,23,2026-07-31T02:10:10.011353,9,10
2026-07-31 02:13:34,mediboard,충청북도,0,0,A2300002,의료법인한마음의료재단하나병원,2313,C,23,10,11,59003426,12,12,23,2026-07-31T02:10:10.011353,22,23
2026-07-31 02:13:34,mediboard,충청북도,0,0,A2300011,의료법인힐링의료재단옥천성모병원,2305,D,23,6,7,59003748,3,3,23,2026-07-31T02:10:10.011353,9,10
2026-07-31 02:13:34,mediboard,충청북도,0,0,A2300008,청주성모병원,2312,C,23,8,15,59003427,7,10,23,2026-07-31T02:10:10.011353,15,25
2026-07-31 02:13:34,mediboard,충청북도,7,8,A2300001,충북대학교병원,2311,A,23,28,32,59003474,5,5,23,2026-07-31T02:10:10.011353,40,45
2026-07-31 02:13:34,mediboard,충청북도,0,0,A2300006,충청북도청주의료원,2311,D,23,12,12,59003530,4,4,23,2026-07-31T02:10:10.011353,16,16
2026-07-31 02:13:34,mediboard,충청북도,0,0,A2300004,충청북도충주의료원,2314,D,23,17,18,59003529,3,3,23,2026-07-31T02:10:10.011353,20,21
2026-07-31 02:13:34,mediboard,충청남도,2,4,A2400002,단국대학교의과대학부속병원,2412,A,24,14,27,59003478,5,5,24,2026-07-31T02:10:10.011353,21,36
2026-07-31 02:13:34,mediboard,충청남도,0,0,A2400008,당진종합병원,2405,C,24,16,17,59003479,3,3,24,2026-07-31T02:10:10.011353,19,20
2026-07-31 02:13:34,mediboard,충청남도,0,4,A2400003,서산중앙병원,2408,C,24,13,17,59003428,3,3,24,2026-07-31T02:10:10.011353,16,24
2026-07-31 02:13:34,mediboard,충청남도,0,0,A2402257,아산충무병원,2410,C,24,10,13,59003795,8,8,24,2026-07-31T02:10:10.011353,18,21
2026-07-31 02:13:34,mediboard,충청남도,0,0,A2400044,의료법인 서해병원,2409,D,24,5,5,59003480,2,2,24,2026-07-31T02:10:10.011353,7,7
2026-07-31 02:13:34,mediboard,충청남도,0,0,A2400004,의료법인 예당의료재단 예산종합병원,2411,D,24,6,6,59003640,1,1,24,2026-07-31T02:10:10.011353,7,7
2026-07-31 02:13:34,mediboard,충청남도,0,0,A2400009,의료법인백제병원,2404,C,24,18,20,59003430,3,3,24,2026-07-31T02:10:10.011353,21,23
2026-07-31 02:13:34,mediboard,충청남도,0,0,A2400012,의료법인영서의료재단천안충무병원,2413,C,24,14,16,59003589,5,5,24,2026-07-31T02:10:10.011353,19,21
2026-07-31 02:13:34,mediboard,충청남도,0,0,A2400011,재단법인아산사회복지재단보령아산병원,2406,C,24,14,17,59003531,3,3,24,2026-07-31T02:10:10.011353,17,20
2026-07-31 02:13:34,mediboard,충청남도,0,0,E2400032,청양군보건의료원,2414,D,24,6,6,59003606,1,1,24,2026-07-31T02:10:10.011353,7,7
2026-07-31 02:13:34,mediboard,충청남도,0,0,A2400010,충청남도공주의료원,2402,D,24,15,15,59003431,1,1,24,2026-07-31T02:10:10.011353,16,16
2026-07-31 02:13:34,mediboard,충청남도,0,0,A2400006,충청남도서산의료원,2408,C,24,12,17,59003429,3,3,24,2026-07-31T02:10:10.011353,15,20
2026-07-31 02:13:34,mediboard,충청남도,0,0,A2400005,충청남도천안의료원,2412,D,24,11,12,59003696,1,2,24,2026-07-31T02:10:10.011353,12,14
2026-07-31 02:13:34,mediboard,충청남도,1,1,A2400007,충청남도홍성의료원,2416,C,24,15,18,59003749,3,3,24,2026-07-31T02:10:10.011353,19,22
2026-07-31 02:13:34,mediboard,충청남도,0,0,E2400033,태안군보건의료원,2415,D,24,9,10,59003441,1,1,24,2026-07-31T02:10:10.011353,10,11
2026-07-31 02:13:34,mediboard,충청남도,0,0,A2400038,학교법인건양교육재단건양대학교부여병원,2407,D,24,8,9,59003590,1,1,24,2026-07-31T02:10:10.011353,9,10
2026-07-31 02:13:34,mediboard,충청남도,18,18,A2400001,학교법인동은학원순천향대학교부속천안병원,2412,A,24,16,22,59003477,11,11,24,2026-07-31T02:10:10.011353,41,47
2026-07-31 02:13:34,mediboard,충청남도,0,0,A2400039,현대병원,2410,D,24,10,10,59003697,1,1,24,2026-07-31T02:10:10.011353,11,11
2026-07-31 02:13:34,mediboard,전북특별자치도,0,0,A2500038,김제우석병원,2503,D,25,10,10,59003432,1,1,25,2026-07-31T02:10:10.011353,11,11
2026-07-31 02:13:34,mediboard,전북특별자치도,0,0,A2500056,대자인병원,2512,C,25,23,33,59003592,3,3,25,2026-07-31T02:10:10.011353,26,36
2026-07-31 02:13:34,mediboard,전북특별자치도,0,0,E2500019,무주군보건의료원,2505,D,25,4,4,59003764,1,1,25,2026-07-31T02:10:10.011353,5,5
2026-07-31 02:13:34,mediboard,전북특별자치도,0,0,A2500010,부안성모병원,2506,D,25,9,10,59003699,2,2,25,2026-07-31T02:10:10.011353,11,12
2026-07-31 02:13:34,mediboard,전북특별자치도,3,3,A2502742,새강병원,2513,D,25,14,14,59003798,3,3,25,2026-07-31T02:10:10.011353,20,20
2026-07-31 02:13:34,mediboard,전북특별자치도,0,0,E2500021,순창군보건의료원,2507,D,25,9,9,59003498,1,1,25,2026-07-31T02:10:10.011353,10,10
2026-07-31 02:13:34,mediboard,전북특별자치도,3,3,A2500001,원광대학교병원,2509,A,25,17,28,59003796,4,5,25,2026-07-31T02:10:10.011353,24,36
2026-07-31 02:13:34,mediboard,전북특별자치도,0,0,A2500011,의료법인대산의료재단익산병원,2509,C,25,16,17,59003591,3,3,25,2026-07-31T02:10:10.011353,19,20
2026-07-31 02:13:34,mediboard,전북특별자치도,0,0,A2500009,의료법인석천재단고창병원,2501,D,25,10,10,59003750,1,1,25,2026-07-31T02:10:10.011353,11,11
2026-07-31 02:13:34,mediboard,전북특별자치도,0,0,A2500005,의료법인영경의료재단전주병원,2513,C,25,0,17,59003642,3,3,25,2026-07-31T02:10:10.011353,3,20
2026-07-31 02:13:34,mediboard,전북특별자치도,0,0,A2501890,의료법인영경의료재단호성전주병원,2512,D,25,7,9,59003532,1,1,25,2026-07-31T02:10:10.011353,8,10
2026-07-31 02:13:34,mediboard,전북특별자치도,0,0,A2500012,의료법인오성의료재단동군산병원,2502,C,25,16,17,59003797,6,6,25,2026-07-31T02:10:10.011353,22,23
2026-07-31 02:13:34,mediboard,전북특별자치도,0,0,E2500022,임실군보건의료원,2510,D,25,4,4,59003765,1,1,25,2026-07-31T02:10:10.011353,5,5
2026-07-31 02:13:34,mediboard,전북특별자치도,0,0,E2500020,장수군보건의료원,2511,D,25,5,5,59003607,1,1,25,2026-07-31T02:10:10.011353,6,6
2026-07-31 02:13:34,mediboard,전북특별자치도,0,0,A2500008,재단법인 아산사회복지재단 정읍아산병원,2514,C,25,16,17,59003482,3,3,25,2026-07-31T02:10:10.011353,19,20
2026-07-31 02:13:34,mediboard,전북특별자치도,8,12,A2500006,재단법인예수병원유지재단예수병원,2513,C,25,14,38,59003481,3,5,25,2026-07-31T02:10:10.011353,23,53
2026-07-31 02:13:34,mediboard,전북특별자치도,5,5,A2500002,전북대학교병원,2512,A,25,19,36,59003698,7,7,25,2026-07-31T02:10:10.011353,31,48
2026-07-31 02:13:34,mediboard,전북특별자치도,0,0,A2500007,전북특별자치도군산의료원,2502,C,25,14,17,59003643,3,3,25,2026-07-31T02:10:10.011353,17,20
2026-07-31 02:13:34,mediboard,전북특별자치도,0,0,A2500004,전북특별자치도남원의료원,2504,C,25,15,17,59003641,3,3,25,2026-07-31T02:10:10.011353,18,20
2026-07-31 02:13:34,mediboard,전북특별자치도,0,0,A2502031,진안군의료원,2515,D,25,6,6,59003700,2,2,25,2026-07-31T02:10:10.011353,8,8
2026-07-31 02:13:34,mediboard,전라남도,0,0,A2600029,곡성사랑병원,2603,D,26,5,5,59004118,1,1,26,2026-07-31T02:15:10.011493,6,6
2026-07-31 02:13:34,mediboard,전라남도,0,0,A2600006,광양사랑병원,2604,D,26,8,9,59003850,1,1,26,2026-07-31T02:15:10.011493,9,10
2026-07-31 02:13:34,mediboard,전라남도,0,0,A2600061,구례병원,2605,D,26,9,10,59004169,0,0,26,2026-07-31T02:15:10.011493,9,10
2026-07-31 02:13:34,mediboard,전라남도,0,0,A2600016,나주종합병원,2606,D,26,8,10,59004061,0,0,26,2026-07-31T02:15:10.011493,8,10
2026-07-31 02:13:34,mediboard,전라남도,0,0,A2600054,담양사랑병원,2607,D,26,6,6,59004065,2,2,26,2026-07-31T02:15:10.011493,8,8
2026-07-31 02:13:34,mediboard,전라남도,0,0,A2600003,대송의료재단무안병원,2609,D,26,4,4,59004167,1,1,26,2026-07-31T02:15:10.011493,5,5
2026-07-31 02:13:34,mediboard,전라남도,0,0,A2600020,목포기독병원,2608,D,26,13,17,59003900,3,3,26,2026-07-31T02:15:10.011493,16,20
2026-07-31 02:13:34,mediboard,전라남도,0,0,A2600022,목포시의료원,2608,D,26,9,9,59004218,1,1,26,2026-07-31T02:15:10.011493,10,10
2026-07-31 02:13:34,mediboard,전라남도,3,3,A2600011,목포한국병원,2608,A,26,14,18,59004009,5,5,26,2026-07-31T02:15:10.011493,22,26
2026-07-31 02:13:34,mediboard,전라남도,0,0,A2600052,보성아산병원,2610,D,26,8,8,59004222,1,1,26,2026-07-31T02:15:10.011493,9,9
2026-07-31 02:13:34,mediboard,전라남도,0,0,A2602211,빛가람종합병원,2606,D,26,8,9,59003952,1,1,26,2026-07-31T02:15:10.011493,9,10
2026-07-31 02:13:34,mediboard,전라남도,3,4,A2600019,성가롤로병원,2611,A,26,12,18,59004062,5,5,26,2026-07-31T02:15:10.011493,20,27
2026-07-31 02:13:34,mediboard,전라남도,0,0,A2600008,순천제일병원,2611,D,26,9,9,59004117,1,1,26,2026-07-31T02:15:10.011493,10,10
2026-07-31 02:13:34,mediboard,전라남도,0,0,A2600004,순천중앙병원,2611,D,26,4,5,59004060,1,1,26,2026-07-31T02:15:10.011493,5,6
2026-07-31 02:13:34,mediboard,전라남도,0,0,A2600010,여수전남병원,2613,D,26,6,10,59004216,1,1,26,2026-07-31T02:15:10.011493,7,11
2026-07-31 02:13:34,mediboard,전라남도,0,0,A2600014,여천전남병원,2613,C,26,15,17,59003899,3,3,26,2026-07-31T02:15:10.011493,18,20
2026-07-31 02:13:34,mediboard,전라남도,0,0,A2600015,영광종합병원,2614,D,26,8,10,59004168,3,3,26,2026-07-31T02:15:10.011493,11,13
2026-07-31 02:13:34,mediboard,전라남도,0,0,A2600070,영암한국병원,2615,D,26,7,8,59004170,0,1,26,2026-07-31T02:15:10.011493,7,9
2026-07-31 02:13:34,mediboard,전라남도,0,0,A2600032,완도대성병원,2616,D,26,4,5,59004011,1,1,26,2026-07-31T02:15:10.011493,5,6
2026-07-31 02:13:34,mediboard,전라남도,0,0,A2600034,의료법인 거명의료재단 영광기독병원,2614,D,26,10,10,59004064,1,1,26,2026-07-31T02:15:10.011493,11,11
2026-07-31 02:13:34,mediboard,전라남도,0,0,A2600017,의료법인목포구암의료재단목포중앙병원,2608,C,26,15,16,59003950,4,4,26,2026-07-31T02:15:10.011493,19,20
2026-07-31 02:13:34,mediboard,전라남도,0,0,A2600066,의료법인삼호의료재단벌교삼호병원,2610,D,26,6,6,59003902,1,1,26,2026-07-31T02:15:10.011493,7,7
2026-07-31 02:13:34,mediboard,전라남도,0,0,A2600051,의료법인신안대우병원,2612,D,26,4,4,59004221,1,1,26,2026-07-31T02:15:10.011493,5,5
2026-07-31 02:13:34,mediboard,전라남도,0,0,A2600018,의료법인영성의료재단고흥종합병원,2602,D,26,10,10,59004010,0,0,26,2026-07-31T02:15:10.011493,10,10
2026-07-31 02:13:34,mediboard,전라남도,0,0,A2600021,의료법인우범의료재단장흥종합병원,2618,D,26,8,9,59004217,1,1,26,2026-07-31T02:15:10.011493,9,10
2026-07-31 02:13:34,mediboard,전라남도,0,0,A2600068,의료법인장호의료재단녹동현대병원,2602,D,26,3,3,59004066,2,2,26,2026-07-31T02:15:10.011493,5,5
2026-07-31 02:13:34,mediboard,전라남도,0,0,A2600005,의료법인한국의료재단한국병원,2611,D,26,7,11,59003849,1,1,26,2026-07-31T02:15:10.011493,8,12
2026-07-31 02:13:34,mediboard,전라남도,0,0,A2600027,의료법인한마음의료재단여수제일병원,2613,D,26,7,9,59004063,1,1,26,2026-07-31T02:15:10.011493,8,10
2026-07-31 02:13:34,mediboard,전라남도,0,0,A2600035,의료법인행복나눔의료재단장성병원,2617,D,26,4,4,59003951,1,1,26,2026-07-31T02:15:10.011493,5,5
2026-07-31 02:13:34,mediboard,전라남도,0,0,A2600009,의료법인행촌의료재단해남종합병원,2621,D,26,9,10,59004215,1,1,26,2026-07-31T02:15:10.011493,10,11
2026-07-31 02:13:34,mediboard,전라남도,0,0,A2600024,의료법인현경의료재단광양서울병원,2604,D,26,9,9,59004219,1,1,26,2026-07-31T02:15:10.011493,10,10
2026-07-31 02:13:34,mediboard,전라남도,0,0,A2600037,장흥우리병원,2618,D,26,4,4,59003901,1,1,26,2026-07-31T02:15:10.011493,5,5
2026-07-31 02:13:34,mediboard,전라남도,0,0,A2600050,전라남도강진의료원,2601,D,26,9,9,59004119,1,1,26,2026-07-31T02:15:10.011493,10,10
2026-07-31 02:13:34,mediboard,전라남도,0,0,A2600056,전라남도순천의료원,2611,D,26,6,6,59004223,1,2,26,2026-07-31T02:15:10.011493,7,8
2026-07-31 02:13:34,mediboard,전라남도,0,0,A2600040,진도한국병원,2619,D,26,4,4,59004220,1,1,26,2026-07-31T02:15:10.011493,5,5
2026-07-31 02:13:34,mediboard,전라남도,0,0,A2600077,해남우리종합병원,2621,D,26,15,15,59003903,4,4,26,2026-07-31T02:15:10.011493,19,19
2026-07-31 02:13:34,mediboard,전라남도,1,1,A2600001,화순전남대학교병원,2622,C,26,11,16,59003949,7,7,26,2026-07-31T02:15:10.011493,19,24
2026-07-31 02:13:34,mediboard,경상북도,0,0,A2700018,경상북도김천의료원,2706,D,27,14,17,59004072,1,1,27,2026-07-31T02:15:10.011493,15,18
2026-07-31 02:13:34,mediboard,경상북도,0,0,A2700001,경상북도안동의료원,2711,D,27,6,6,59003851,2,2,27,2026-07-31T02:15:10.011493,8,8
2026-07-31 02:13:34,mediboard,경상북도,0,0,A2700005,경상북도포항의료원,2724,D,27,7,8,59004067,2,2,27,2026-07-31T02:15:10.011493,9,10
2026-07-31 02:13:34,mediboard,경상북도,0,0,A2700097,계명대학교경주동산병원,2702,D,27,9,9,59004120,1,1,27,2026-07-31T02:15:10.011493,10,10
2026-07-31 02:13:34,mediboard,경상북도,0,0,A2700015,구미강동병원,2704,D,27,7,7,59004071,3,3,27,2026-07-31T02:15:10.011493,10,10
2026-07-31 02:13:34,mediboard,경상북도,1,3,A2700003,동국대학교의과대학경주병원,2702,C,27,15,16,59004171,7,7,27,2026-07-31T02:15:10.011493,23,26
2026-07-31 02:13:34,mediboard,경상북도,0,0,A2700011,상주적십자병원,2709,D,27,9,9,59004224,1,1,27,2026-07-31T02:15:10.011493,10,10
2026-07-31 02:13:34,mediboard,경상북도,3,4,A2700013,순천향대학교부속구미병원,2704,C,27,11,13,59003955,3,3,27,2026-07-31T02:15:10.011493,17,20
2026-07-31 02:13:34,mediboard,경상북도,0,0,A2700004,안동성소병원,2711,C,27,12,12,59003852,8,8,27,2026-07-31T02:15:10.011493,20,20
2026-07-31 02:13:34,mediboard,경상북도,0,0,A2700008,에스포항병원,2723,D,27,6,6,59004069,1,1,27,2026-07-31T02:15:10.011493,7,7
2026-07-31 02:13:34,mediboard,경상북도,0,0,A2700017,영남대학교의과대학부속영천병원,2715,D,27,8,10,59004013,3,3,27,2026-07-31T02:15:10.011493,11,13
2026-07-31 02:13:34,mediboard,경상북도,0,0,A2700031,영주기독병원,2714,D,27,4,4,59003905,1,1,27,2026-07-31T02:15:10.011493,5,5
2026-07-31 02:13:34,mediboard,경상북도,0,0,A2700020,영주자인병원,2714,D,27,4,4,59004014,1,1,27,2026-07-31T02:15:10.011493,5,5
2026-07-31 02:13:34,mediboard,경상북도,0,0,A2702752,영주적십자병원,2714,D,27,9,10,59003957,1,1,27,2026-07-31T02:15:10.011493,10,11
2026-07-31 02:13:34,mediboard,경상북도,0,0,E2700553,울릉군보건의료원,2717,D,27,5,5,59003858,0,0,27,2026-07-31T02:15:10.011493,5,5
2026-07-31 02:13:34,mediboard,경상북도,0,0,A2700052,울진군의료원,2718,D,27,8,8,59003907,2,2,27,2026-07-31T02:15:10.011493,10,10
2026-07-31 02:13:34,mediboard,경상북도,0,0,A2700019,의)근원의료재단경산중앙병원,2701,D,27,9,10,59003904,2,2,27,2026-07-31T02:15:10.011493,11,12
2026-07-31 02:13:34,mediboard,경상북도,0,0,A2700038,의료법인대남의료재단청도대남병원,2720,D,27,10,10,59004225,0,0,27,2026-07-31T02:15:10.011493,10,10
2026-07-31 02:13:34,mediboard,경상북도,0,0,A2700012,의료법인덕산의료재단김천제일병원,2706,C,27,15,16,59004070,4,4,27,2026-07-31T02:15:10.011493,19,20
2026-07-31 02:13:34,mediboard,경상북도,0,0,A2700006,의료법인동춘의료재단문경제일병원,2707,C,27,17,17,59004068,2,3,27,2026-07-31T02:15:10.011493,19,20
2026-07-31 02:13:34,mediboard,경상북도,0,0,A2700009,의료법인삼백의료재단상주성모병원,2709,D,27,9,9,59004172,1,1,27,2026-07-31T02:15:10.011493,10,10
2026-07-31 02:13:34,mediboard,경상북도,0,0,A2700036,의료법인서명의료재단세명종합병원,2701,D,27,13,13,59003906,2,2,27,2026-07-31T02:15:10.011493,15,15
2026-07-31 02:13:34,mediboard,경상북도,0,0,A2700023,의료법인서준의료재단예천권병원,2716,D,27,6,6,59003956,1,1,27,2026-07-31T02:15:10.011493,7,7
2026-07-31 02:13:34,mediboard,경상북도,2,3,A2700014,의료법인안동병원,2711,A,27,11,17,59003853,5,5,27,2026-07-31T02:15:10.011493,18,25
2026-07-31 02:13:34,mediboard,경상북도,0,0,A2700070,의료법인영암의료재단고령영생병원,2703,D,27,5,5,59004016,1,1,27,2026-07-31T02:15:10.011493,6,6
2026-07-31 02:13:34,mediboard,경상북도,0,0,A2700063,의료법인영제의료재단영남제일병원,2719,D,27,4,5,59004015,1,1,27,2026-07-31T02:15:10.011493,5,6
2026-07-31 02:13:34,mediboard,경상북도,0,0,A2702563,의료법인은성의료재단좋은선린병원,2724,D,27,9,10,59004017,2,2,27,2026-07-31T02:15:10.011493,11,12
2026-07-31 02:13:34,mediboard,경상북도,5,5,A2700007,차의과학대학교부속구미차병원,2704,A,27,16,20,59003954,6,12,27,2026-07-31T02:15:10.011493,27,37
2026-07-31 02:13:34,mediboard,경상북도,0,0,E2700554,청송군보건의료원,2721,D,27,6,6,59004081,1,1,27,2026-07-31T02:15:10.011493,7,7
2026-07-31 02:13:34,mediboard,경상북도,11,11,A2700016,포항성모병원,2723,A,27,14,20,59004012,5,15,27,2026-07-31T02:15:10.011493,30,46
2026-07-31 02:13:34,mediboard,경상북도,0,0,A2700002,포항세명기독병원,2723,C,27,11,15,59003953,10,10,27,2026-07-31T02:15:10.011493,21,25
2026-07-31 02:13:34,mediboard,경상남도,0,0,A2800032,강병원,2803,D,28,9,9,59004123,1,1,28,2026-07-31T02:15:10.011493,10,10
2026-07-31 02:13:34,mediboard,경상남도,0,0,A2803677,강일병원,2804,D,28,8,8,59003962,3,3,28,2026-07-31T02:15:10.011493,11,11
2026-07-31 02:13:34,mediboard,경상남도,0,0,A2800076,거창적십자병원,2802,D,28,7,9,59004126,1,1,28,2026-07-31T02:15:10.011493,8,10
2026-07-31 02:13:34,mediboard,경상남도,3,3,A2800001,경상국립대학교병원,2811,A,28,19,30,59004173,5,5,28,2026-07-31T02:15:10.011493,27,38
2026-07-31 02:13:34,mediboard,경상남도,0,0,A2800025,경상남도마산의료원,2813,D,28,13,13,59003960,2,2,28,2026-07-31T02:15:10.011493,15,15
2026-07-31 02:13:34,mediboard,경상남도,0,0,A2800113,밀양병원,2806,D,28,5,8,59004178,1,1,28,2026-07-31T02:15:10.011493,6,9
2026-07-31 02:13:34,mediboard,경상남도,0,0,A2800084,반도병원,2811,D,28,6,7,59004078,1,1,28,2026-07-31T02:15:10.011493,7,8
2026-07-31 02:13:34,mediboard,경상남도,0,0,A2800019,베데스다복음병원,2809,D,28,8,9,59004175,1,1,28,2026-07-31T02:15:10.011493,9,10
2026-07-31 02:13:34,mediboard,경상남도,0,0,E2800380,산청군보건의료원,2808,D,28,5,5,59003966,1,1,28,2026-07-31T02:15:10.011493,6,6
2026-07-31 02:13:34,mediboard,경상남도,0,0,A2800055,삼성합천병원,2822,D,28,4,4,59004124,1,1,28,2026-07-31T02:15:10.011493,5,5
2026-07-31 02:13:34,mediboard,경상남도,0,0,A2800101,삼천포제일병원,2807,D,28,8,8,59003961,2,2,28,2026-07-31T02:15:10.011493,10,10
2026-07-31 02:13:34,mediboard,경상남도,0,0,A2800092,새통영병원,2818,D,28,6,9,59003910,1,1,28,2026-07-31T02:15:10.011493,7,10
2026-07-31 02:13:34,mediboard,경상남도,8,10,A2800011,양산부산대학교병원,2809,A,28,12,23,59004018,6,8,28,2026-07-31T02:15:10.011493,24,39
2026-07-31 02:13:34,mediboard,경상남도,0,0,A2804593,양산성모병원,2809,D,28,12,13,59003963,1,1,28,2026-07-31T02:15:10.011493,13,14
2026-07-31 02:13:34,mediboard,경상남도,0,0,A2800021,연세에스병원,2817,D,28,8,9,59003909,1,1,28,2026-07-31T02:15:10.011493,9,10
2026-07-31 02:13:34,mediboard,경상남도,0,0,A2800090,의령병원,2810,D,28,4,4,59004020,1,1,28,2026-07-31T02:15:10.011493,5,5
2026-07-31 02:13:34,mediboard,경상남도,0,0,A2800008,의료법인 거붕 백병원,2801,D,28,3,9,59004074,1,1,28,2026-07-31T02:15:10.011493,4,10
2026-07-31 02:13:34,mediboard,경상남도,0,0,A2800005,의료법인 대우의료재단대우병원,2801,D,28,8,9,59003854,0,1,28,2026-07-31T02:15:10.011493,8,10
2026-07-31 02:13:34,mediboard,경상남도,0,0,A2800015,의료법인 문병욱의료재단 진주고려병원,2811,D,28,9,10,59004174,1,1,28,2026-07-31T02:15:10.011493,10,11
2026-07-31 02:13:34,mediboard,경상남도,0,0,A2800022,의료법인 성념의료재단맑은샘병원,2801,D,28,8,9,59004226,1,1,28,2026-07-31T02:15:10.011493,9,10
2026-07-31 02:13:34,mediboard,경상남도,0,0,A2800094,의료법인 이도의료재단 남해병원,2805,D,28,8,8,59004021,2,2,28,2026-07-31T02:15:10.011493,10,10
2026-07-31 02:13:34,mediboard,경상남도,0,0,A2800014,의료법인갑을의료재단 갑을장유병원,2804,D,28,8,9,59004076,1,1,28,2026-07-31T02:15:10.011493,9,10
2026-07-31 02:13:34,mediboard,경상남도,0,0,A2800006,의료법인숭인의료재단 김해복음병원,2804,C,28,15,16,59004121,4,4,28,2026-07-31T02:15:10.011493,19,20
2026-07-31 02:13:34,mediboard,경상남도,0,0,A2800068,의료법인승연의료재단 삼천포서울병원,2807,D,28,8,9,59004125,1,1,28,2026-07-31T02:15:10.011493,9,10
2026-07-31 02:13:34,mediboard,경상남도,0,0,A2800009,의료법인청아의료재단청아병원,2814,D,28,8,9,59004075,1,1,28,2026-07-31T02:15:10.011493,9,10
2026-07-31 02:13:34,mediboard,경상남도,0,0,A2800017,의료법인합포의료재단에스엠지연세병원,2813,C,28,16,17,59004019,3,3,28,2026-07-31T02:15:10.011493,19,20
2026-07-31 02:13:34,mediboard,경상남도,0,0,A2800010,의료법인환명의료재단 조은금강병원,2804,C,28,13,17,59003959,3,3,28,2026-07-31T02:15:10.011493,16,20
2026-07-31 02:13:34,mediboard,경상남도,0,0,A2800003,제일병원,2811,C,28,9,17,59003958,3,3,28,2026-07-31T02:15:10.011493,12,20
2026-07-31 02:13:34,mediboard,경상남도,0,0,A2800037,진주복음병원,2811,D,28,6,9,59003855,1,1,28,2026-07-31T02:15:10.011493,7,10
2026-07-31 02:13:34,mediboard,경상남도,0,0,A2803505,창원경상국립대학교병원,2815,C,28,14,18,59003911,3,10,28,2026-07-31T02:15:10.011493,17,28
2026-07-31 02:13:34,mediboard,경상남도,0,0,A2800004,창원파티마병원,2816,C,28,9,17,59004073,3,3,28,2026-07-31T02:15:10.011493,12,20
2026-07-31 02:13:34,mediboard,경상남도,0,0,A2800007,창원한마음병원,2816,C,28,7,21,59004122,1,4,28,2026-07-31T02:15:10.011493,8,25
2026-07-31 02:13:34,mediboard,경상남도,0,0,A2800062,태황의료재단한성병원,2812,D,28,7,9,59004177,1,1,28,2026-07-31T02:15:10.011493,8,10
2026-07-31 02:13:34,mediboard,경상남도,8,8,A2800020,학교법인성균관대학삼성창원병원,2814,A,28,20,27,59003908,5,5,28,2026-07-31T02:15:10.011493,33,40
2026-07-31 02:13:34,mediboard,경상남도,0,0,A2800043,한일병원,2811,C,28,17,17,59004176,3,3,28,2026-07-31T02:15:10.011493,20,20
2026-07-31 02:13:34,mediboard,경상남도,0,0,A2800080,함양성심병원,2821,D,28,4,4,59004077,1,1,28,2026-07-31T02:15:10.011493,5,5
2026-07-31 02:13:34,mediboard,제주특별자치도,0,0,A2900003,의료법인 혜인의료재단 한국병원,2902,D,29,4,9,59004127,1,1,29,2026-07-31T02:15:10.011493,5,10
2026-07-31 02:13:34,mediboard,제주특별자치도,1,1,A2900006,의료법인중앙의료재단중앙병원,2902,C,29,8,16,59003964,3,3,29,2026-07-31T02:15:10.011493,12,20
2026-07-31 02:13:34,mediboard,제주특별자치도,0,0,A2900007,제주대학교병원,2902,C,29,6,20,59004079,5,6,29,2026-07-31T02:15:10.011493,11,26
2026-07-31 02:13:34,mediboard,제주특별자치도,2,4,A2900002,제주특별자치도서귀포의료원,2901,C,29,14,16,59003912,5,5,29,2026-07-31T02:15:10.011493,21,25
2026-07-31 02:13:34,mediboard,제주특별자치도,3,3,A2900001,제주한라병원,2902,A,29,4,17,59004227,5,5,29,2026-07-31T02:15:10.011493,12,25
2026-07-31 02:13:34,mediboard,제주특별자치도,0,0,A2900005,한마음병원,2902,C,29,7,17,59004179,1,3,29,2026-07-31T02:15:10.011493,8,20
2026-07-31 04:07:35,mediboard,서울특별시,0,0,A1100011,가톨릭대학교여의도성모병원,1120,C,11,14,15,59013121,5,5,11,2026-07-31T04:05:10.004709,19,20
2026-07-31 04:07:35,mediboard,서울특별시,7,8,A1121013,가톨릭대학교은평성모병원,1122,C,11,13,24,59013340,3,4,11,2026-07-31T04:05:10.004709,23,36
2026-07-31 04:07:35,mediboard,서울특별시,3,3,A1100043,강동경희대학교병원,1102,A,11,10,15,59013014,5,5,11,2026-07-31T04:05:10.004709,18,23
2026-07-31 04:07:35,mediboard,서울특별시,2,2,A1100006,강북삼성병원,1123,C,11,8,15,59013334,3,3,11,2026-07-31T04:05:10.004709,13,20
2026-07-31 04:07:35,mediboard,서울특별시,4,4,A1100002,건국대학교병원,1106,C,11,17,20,59013234,3,3,11,2026-07-31T04:05:10.004709,24,27
2026-07-31 04:07:35,mediboard,서울특별시,0,0,A1100039,경찰병원,1118,D,11,3,3,59013239,2,2,11,2026-07-31T04:05:10.004709,5,5
2026-07-31 04:07:35,mediboard,서울특별시,3,3,A1100001,경희대학교병원,1111,C,11,13,15,59013176,5,5,11,2026-07-31T04:05:10.004709,21,23
2026-07-31 04:07:35,mediboard,서울특별시,3,3,A1100014,고려대학교의과대학부속구로병원,1107,A,11,15,29,59013122,2,5,11,2026-07-31T04:05:10.004709,20,37
2026-07-31 04:07:35,mediboard,서울특별시,0,0,A1100026,구로성심병원,1107,D,11,5,9,59013337,1,1,11,2026-07-31T04:05:10.004709,6,10
2026-07-31 04:07:35,mediboard,서울특별시,3,3,A1100052,국립중앙의료원,1124,C,11,17,17,59013285,8,10,11,2026-07-31T04:05:10.004709,28,30
2026-07-31 04:07:35,mediboard,서울특별시,0,0,A1122033,기쁨병원,1115,D,11,1,4,59012969,1,1,11,2026-07-31T04:05:10.004709,2,5
2026-07-31 04:07:35,mediboard,서울특별시,0,0,A1100048,노원을지대학교병원,1109,C,11,11,17,59012967,5,5,11,2026-07-31T04:05:10.004709,16,22
2026-07-31 04:07:35,mediboard,서울특별시,0,0,A1100044,녹색병원,1125,D,11,4,5,59013284,5,5,11,2026-07-31T04:05:10.004709,9,10
2026-07-31 04:07:35,mediboard,서울특별시,0,0,A1100037,대림성모병원,1120,D,11,7,8,59013125,2,2,11,2026-07-31T04:05:10.004709,9,10
2026-07-31 04:07:35,mediboard,서울특별시,0,0,A1100024,명지성모병원,1120,D,11,8,8,59012965,2,2,11,2026-07-31T04:05:10.004709,10,10
2026-07-31 04:07:35,mediboard,서울특별시,0,0,A1100036,부민병원,1104,D,11,9,10,59013338,1,1,11,2026-07-31T04:05:10.004709,10,11
2026-07-31 04:07:35,mediboard,서울특별시,1,4,A1100010,삼성서울병원,1101,C,11,-5,52,59013235,4,4,11,2026-07-31T04:05:10.004709,0,60
2026-07-31 04:07:35,mediboard,서울특별시,0,0,A1100021,삼육서울병원,1111,C,11,12,13,59013236,6,7,11,2026-07-31T04:05:10.004709,18,20
2026-07-31 04:07:35,mediboard,서울특별시,10,12,A1100017,서울대학교병원,1123,A,11,-4,24,59012964,8,8,11,2026-07-31T04:05:10.004709,12,42
2026-07-31 04:07:35,mediboard,서울특별시,0,0,A1100050,서울성심병원,1111,D,11,17,17,59013240,3,3,11,2026-07-31T04:05:10.004709,20,20
2026-07-31 04:07:35,mediboard,서울특별시,0,0,A1100029,서울적십자병원,1123,D,11,6,10,59013068,0,1,11,2026-07-31T04:05:10.004709,6,11
2026-07-31 04:07:35,mediboard,서울특별시,0,0,A1100022,서울특별시동부병원,1111,D,11,8,8,59013011,2,2,11,2026-07-31T04:05:10.004709,10,10
2026-07-31 04:07:35,mediboard,서울특별시,3,3,A1100040,서울특별시보라매병원,1112,C,11,23,31,59013069,2,3,11,2026-07-31T04:05:10.004709,28,37
2026-07-31 04:07:35,mediboard,서울특별시,0,0,A1100223,서울특별시서남병원,1119,D,11,16,17,59013015,3,3,11,2026-07-31T04:05:10.004709,19,20
2026-07-31 04:07:35,mediboard,서울특별시,1,3,A1100035,서울특별시서울의료원,1125,A,11,12,19,59013238,5,5,11,2026-07-31T04:05:10.004709,18,27
2026-07-31 04:07:35,mediboard,서울특별시,0,0,A1100028,성심의료재단강동성심병원,1102,C,11,12,15,59013237,8,9,11,2026-07-31T04:05:10.004709,20,24
2026-07-31 04:07:35,mediboard,서울특별시,0,0,A1100054,성애의료재단성애병원,1120,C,11,14,15,59013286,5,11,11,2026-07-31T04:05:10.004709,19,26
2026-07-31 04:07:35,mediboard,서울특별시,0,0,A1100032,세란병원,1123,D,11,8,10,59013124,1,1,11,2026-07-31T04:05:10.004709,9,11
2026-07-31 04:07:35,mediboard,서울특별시,3,4,A1100004,순천향대학교부속서울병원,1121,C,11,11,20,59013120,3,3,11,2026-07-31T04:05:10.004709,17,27
2026-07-31 04:07:35,mediboard,서울특별시,0,0,A1100045,씨엠병원,1120,D,11,9,9,59013180,1,1,11,2026-07-31T04:05:10.004709,10,10
2026-07-31 04:07:35,mediboard,서울특별시,1,2,A1100015,연세대학교의과대학강남세브란스병원,1101,C,11,10,21,59013336,3,3,11,2026-07-31T04:05:10.004709,14,26
2026-07-31 04:07:35,mediboard,서울특별시,6,10,A1100007,연세대학교의과대학세브란스병원,1114,C,11,2,39,59013281,6,6,11,2026-07-31T04:05:10.004709,12,53
2026-07-31 04:07:35,mediboard,서울특별시,0,0,A1100025,의료법인동신의료재단동신병원,1114,D,11,9,9,59013283,1,1,11,2026-07-31T04:05:10.004709,10,10
2026-07-31 04:07:35,mediboard,서울특별시,0,0,A1100041,의료법인서울효천의료재단에이치플러스양지병원,1105,C,11,17,18,59013013,3,3,11,2026-07-31T04:05:10.004709,20,21
2026-07-31 04:07:35,mediboard,서울특별시,0,0,A1100023,의료법인청구성심병원,1122,D,11,9,10,59013012,1,1,11,2026-07-31T04:05:10.004709,10,11
2026-07-31 04:07:35,mediboard,서울특별시,0,0,A1100075,의료법인풍산의료재단동부제일병원,1125,D,11,7,7,59012968,1,1,11,2026-07-31T04:05:10.004709,8,8
2026-07-31 04:07:35,mediboard,서울특별시,2,2,A1100020,의료법인한전의료재단한일병원,1110,C,11,13,21,59013179,3,4,11,2026-07-31T04:05:10.004709,18,27
2026-07-31 04:07:35,mediboard,서울특별시,8,8,A1100005,이화여자대학교의과대학부속목동병원,1119,A,11,11,19,59013280,6,6,11,2026-07-31T04:05:10.004709,25,33
2026-07-31 04:07:35,mediboard,서울특별시,6,9,A1120796,이화여자대학교의과대학부속서울병원,1104,C,11,10,14,59013241,6,8,11,2026-07-31T04:05:10.004709,22,31
2026-07-31 04:07:35,mediboard,서울특별시,0,0,A1100016,인제대학교상계백병원,1109,C,11,11,16,59013282,6,7,11,2026-07-31T04:05:10.004709,17,23
2026-07-31 04:07:35,mediboard,서울특별시,7,14,A1100009,재단법인아산사회복지재단서울아산병원,1118,C,11,0,36,59013178,11,26,11,2026-07-31T04:05:10.004709,16,73
2026-07-31 04:07:35,mediboard,서울특별시,4,4,A1100003,중앙대학교병원,1112,C,11,15,22,59013119,5,5,11,2026-07-31T04:05:10.004709,24,31
2026-07-31 04:07:35,mediboard,서울특별시,6,9,A1100012,학교법인가톨릭학원가톨릭대학교서울성모병원,1115,C,11,4,28,59013067,6,8,11,2026-07-31T04:05:10.004709,14,43
2026-07-31 04:07:35,mediboard,서울특별시,4,4,A1100008,학교법인고려중앙학원고려대학교의과대학부속병원(안암병원),1117,A,11,9,30,59013177,7,9,11,2026-07-31T04:05:10.004709,20,43
2026-07-31 04:07:35,mediboard,서울특별시,0,0,A1100053,한국보훈복지의료공단중앙보훈병원,1102,C,11,20,22,59013126,3,3,11,2026-07-31T04:05:10.004709,23,25
2026-07-31 04:07:35,mediboard,서울특별시,0,0,A1100027,한국원자력의학원원자력병원,1109,D,11,7,9,59012966,3,3,11,2026-07-31T04:05:10.004709,10,12
2026-07-31 04:07:35,mediboard,서울특별시,3,3,A1100055,한림대학교강남성심병원,1120,C,11,16,20,59013182,5,5,11,2026-07-31T04:05:10.004709,24,28
2026-07-31 04:07:35,mediboard,서울특별시,3,3,A1100013,한양대학교병원,1116,A,11,17,20,59013335,10,12,11,2026-07-31T04:05:10.004709,30,35
2026-07-31 04:07:35,mediboard,서울특별시,0,0,A1100051,혜민병원,1106,D,11,9,9,59013181,1,1,11,2026-07-31T04:05:10.004709,10,10
2026-07-31 04:07:35,mediboard,서울특별시,0,0,A1100019,홍익병원,1119,D,11,8,9,59013123,1,1,11,2026-07-31T04:05:10.004709,9,10
2026-07-31 04:07:35,mediboard,서울특별시,0,0,A1100049,희명병원,1108,D,11,9,10,59013339,1,1,11,2026-07-31T04:05:10.004709,10,11
2026-07-31 04:07:35,mediboard,부산광역시,0,0,A1200028,(의)서일의료재단기장병원,1203,D,12,9,9,59013243,1,1,12,2026-07-31T04:05:10.004709,10,10
2026-07-31 04:07:35,mediboard,부산광역시,0,0,A1200004,고신대학교복음병원,1211,C,12,21,25,59013016,5,5,12,2026-07-31T04:05:10.004709,26,30
2026-07-31 04:07:35,mediboard,부산광역시,0,0,A1200045,구포성심병원,1208,D,12,8,9,59013074,1,1,12,2026-07-31T04:05:10.004709,9,10
2026-07-31 04:07:35,mediboard,부산광역시,3,3,A1200018,대동병원,1206,C,12,10,15,59013129,3,3,12,2026-07-31T04:05:10.004709,16,21
2026-07-31 04:07:35,mediboard,부산광역시,0,0,A1200015,동남권원자력의학원원자력병원,1203,D,12,9,9,59013186,1,1,12,2026-07-31T04:05:10.004709,10,10
2026-07-31 04:07:35,mediboard,부산광역시,0,0,A1200011,동래봉생병원,1206,D,12,7,8,59013289,2,2,12,2026-07-31T04:05:10.004709,9,10
2026-07-31 04:07:35,mediboard,부산광역시,3,3,A1200003,동아대학교병원,1211,A,12,24,26,59013341,8,8,12,2026-07-31T04:05:10.004709,35,37
2026-07-31 04:07:35,mediboard,부산광역시,0,0,A1200024,부산광역시의료원,1213,D,12,17,18,59013291,2,8,12,2026-07-31T04:05:10.004709,19,26
2026-07-31 04:07:35,mediboard,부산광역시,3,3,A1200002,부산대학교병원,1211,C,12,13,19,59012970,3,3,12,2026-07-31T04:05:10.004709,19,25
2026-07-31 04:07:35,mediboard,부산광역시,4,4,A1200013,부산성모병원(재단법인 천주교부산교구유지재단),1204,D,12,9,10,59013185,5,5,12,2026-07-31T04:05:10.004709,18,19
2026-07-31 04:07:35,mediboard,부산광역시,0,0,A1200007,비에이치에스한서병원,1212,C,12,13,17,59013184,2,3,12,2026-07-31T04:05:10.004709,15,20
2026-07-31 04:07:35,mediboard,부산광역시,0,0,A1200021,삼육부산병원,1211,D,12,7,9,59013072,1,1,12,2026-07-31T04:05:10.004709,8,10
2026-07-31 04:07:35,mediboard,부산광역시,0,0,A1200014,영도병원,1214,D,12,5,7,59013071,2,2,12,2026-07-31T04:05:10.004709,7,9
2026-07-31 04:07:35,mediboard,부산광역시,0,0,A1200009,의료법인 광혜의료재단 광혜병원,1206,D,12,9,9,59013288,3,3,12,2026-07-31T04:05:10.004709,12,12
2026-07-31 04:07:35,mediboard,부산광역시,0,0,A1200098,의료법인 센텀의료재단 센텀종합병원,1212,D,12,8,9,59013187,1,1,12,2026-07-31T04:05:10.004709,9,10
2026-07-31 04:07:35,mediboard,부산광역시,0,0,A1200020,의료법인 온그룹의료재단 온병원,1207,C,12,18,20,59012971,3,3,12,2026-07-31T04:05:10.004709,21,23
2026-07-31 04:07:35,mediboard,부산광역시,0,0,A1200008,의료법인 은성의료재단 좋은강안병원,1212,D,12,17,18,59013127,3,3,12,2026-07-31T04:05:10.004709,20,21
2026-07-31 04:07:35,mediboard,부산광역시,1,1,A1200005,의료법인 은성의료재단 좋은삼선병원,1209,C,12,13,13,59013070,5,6,12,2026-07-31T04:05:10.004709,19,20
2026-07-31 04:07:35,mediboard,부산광역시,0,0,A1200006,의료법인 인당의료재단 부민병원,1208,D,12,7,10,59013287,2,2,12,2026-07-31T04:05:10.004709,9,12
2026-07-31 04:07:35,mediboard,부산광역시,0,0,A1205143,의료법인 인당의료재단 해운대부민병원,1216,D,12,9,9,59013244,1,1,12,2026-07-31T04:05:10.004709,10,10
2026-07-31 04:07:35,mediboard,부산광역시,0,0,A1200012,의료법인 행도의료재단 해동병원,1214,D,12,4,6,59013017,1,1,12,2026-07-31T04:05:10.004709,5,7
2026-07-31 04:07:35,mediboard,부산광역시,0,0,A1200017,의료법인정화의료재단 봉생기념병원,1205,D,12,7,9,59013128,2,2,12,2026-07-31T04:05:10.004709,9,11
2026-07-31 04:07:35,mediboard,부산광역시,1,3,A1200022,인제대학교 해운대백병원,1216,A,12,22,29,59013242,5,5,12,2026-07-31T04:05:10.004709,28,37
2026-07-31 04:07:35,mediboard,부산광역시,0,0,A1200001,인제대학교부산백병원,1207,C,12,13,18,59013183,3,3,12,2026-07-31T04:05:10.004709,16,21
2026-07-31 04:07:35,mediboard,부산광역시,0,0,A1200023,재단법인천주교부산교구유지재단 메리놀병원,1215,D,12,9,9,59013073,1,1,12,2026-07-31T04:05:10.004709,10,10
2026-07-31 04:07:35,mediboard,부산광역시,2,2,A1200026,좋은문화병원,1205,D,12,5,7,59012973,2,3,12,2026-07-31T04:05:10.004709,9,12
2026-07-31 04:07:35,mediboard,부산광역시,0,0,A1200025,학교법인 춘해병원,1207,D,12,8,9,59012972,1,1,12,2026-07-31T04:05:10.004709,9,10
2026-07-31 04:07:35,mediboard,부산광역시,0,0,A1200019,학교법인)동의병원,1207,D,12,13,14,59013018,1,1,12,2026-07-31T04:05:10.004709,14,15
2026-07-31 04:07:35,mediboard,부산광역시,0,0,A1200016,한국보훈복지의료공단 부산보훈병원,1209,D,12,11,11,59013290,2,2,12,2026-07-31T04:05:10.004709,13,13
2026-07-31 04:07:35,mediboard,인천광역시,0,0,A1300081,(재)미리내천주성삼성직수도회천주성삼병원,1307,D,13,7,9,59013189,1,2,13,2026-07-31T04:05:10.004709,8,11
2026-07-31 04:07:35,mediboard,인천광역시,0,0,A1300018,강남종합병원,1304,D,13,15,15,59013296,1,1,13,2026-07-31T04:05:10.004709,16,16
2026-07-31 04:07:35,mediboard,인천광역시,3,4,A1300002,경북대학교병원,1308,A,13,18,27,59013292,4,5,13,2026-07-31T04:05:10.004709,25,36
2026-07-31 04:07:35,mediboard,인천광역시,0,0,A1303386,계명대학교대구동산병원,1308,D,13,10,12,59013020,2,2,13,2026-07-31T04:05:10.004709,12,14
2026-07-31 04:07:35,mediboard,인천광역시,0,0,A1300003,계명대학교동산병원,1302,C,13,11,20,59012974,2,5,13,2026-07-31T04:05:10.004709,13,25
2026-07-31 04:07:35,mediboard,인천광역시,0,0,A1300008,곽병원,1308,D,13,9,10,59013295,2,2,13,2026-07-31T04:05:10.004709,11,12
2026-07-31 04:07:35,mediboard,인천광역시,0,0,A1300038,나사렛종합병원,1302,D,13,9,9,59013342,2,10,13,2026-07-31T04:05:10.004709,11,19
2026-07-31 04:07:35,mediboard,인천광역시,0,0,A1300004,대구가톨릭대학교병원,1301,C,13,19,24,59013076,4,4,13,2026-07-31T04:05:10.004709,23,28
2026-07-31 04:07:35,mediboard,인천광역시,0,0,A1300005,대구가톨릭대학교칠곡가톨릭병원,1305,D,13,7,9,59013293,1,1,13,2026-07-31T04:05:10.004709,8,10
2026-07-31 04:07:35,mediboard,인천광역시,0,0,A1300076,대구굿모닝병원,1306,D,13,17,17,59013297,2,2,13,2026-07-31T04:05:10.004709,19,19
2026-07-31 04:07:35,mediboard,인천광역시,0,0,A1300007,대구의료원,1306,D,13,17,18,59013294,2,2,13,2026-07-31T04:05:10.004709,19,20
2026-07-31 04:07:35,mediboard,인천광역시,5,5,A1300009,대구파티마병원,1304,C,13,3,25,59013077,7,7,13,2026-07-31T04:05:10.004709,15,37
2026-07-31 04:07:35,mediboard,인천광역시,0,0,A1300110,더블유병원,1302,D,13,9,10,59013130,1,1,13,2026-07-31T04:05:10.004709,10,11
2026-07-31 04:07:35,mediboard,인천광역시,0,0,A1300034,드림종합병원,1301,D,13,7,8,59013188,2,2,13,2026-07-31T04:05:10.004709,9,10
2026-07-31 04:07:35,mediboard,인천광역시,0,0,A1300045,삼일병원,1302,D,13,8,14,59013079,1,1,13,2026-07-31T04:05:10.004709,9,15
2026-07-31 04:07:35,mediboard,인천광역시,3,3,A1300001,영남대학교병원,1301,A,13,16,28,59013075,5,5,13,2026-07-31T04:05:10.004709,24,36
2026-07-31 04:07:35,mediboard,인천광역시,0,0,A1300006,의료법인구의료재단구병원,1302,D,13,10,10,59013019,1,1,13,2026-07-31T04:05:10.004709,11,11
2026-07-31 04:07:35,mediboard,인천광역시,9,9,A1300010,칠곡경북대학교병원,1305,C,13,15,23,59013245,6,6,13,2026-07-31T04:05:10.004709,28,36
2026-07-31 04:07:35,mediboard,인천광역시,0,0,A1300011,한국보훈복지의료공단대구보훈병원,1302,D,13,12,12,59013078,2,2,13,2026-07-31T04:05:10.004709,14,14
2026-07-31 04:07:35,mediboard,대구광역시,0,0,A1400008,(의)성세의료재단 뉴성민병원,1407,D,14,8,9,59013022,1,1,14,2026-07-31T04:05:10.004709,9,10
2026-07-31 04:07:35,mediboard,대구광역시,3,3,A1400015,가톨릭관동대학교국제성모병원,1407,C,14,13,23,59013133,4,5,14,2026-07-31T04:05:10.004709,20,31
2026-07-31 04:07:35,mediboard,대구광역시,3,4,A1400012,가톨릭대학교 인천성모병원,1406,C,14,13,19,59013247,7,8,14,2026-07-31T04:05:10.004709,23,31
2026-07-31 04:07:35,mediboard,대구광역시,0,0,A1400010,검단탑병원,1407,C,14,17,18,59012975,3,3,14,2026-07-31T04:05:10.004709,20,21
2026-07-31 04:07:35,mediboard,대구광역시,0,0,A1403617,비에스종합병원,1401,D,14,10,10,59013192,1,1,14,2026-07-31T04:05:10.004709,11,11
2026-07-31 04:07:35,mediboard,대구광역시,0,0,A1400013,안은의료재단 부평세림병원,1406,C,14,16,16,59013132,4,4,14,2026-07-31T04:05:10.004709,20,20
2026-07-31 04:07:35,mediboard,대구광역시,0,0,A1400005,온누리병원,1407,D,14,9,9,59013246,2,2,14,2026-07-31T04:05:10.004709,11,11
2026-07-31 04:07:35,mediboard,대구광역시,9,11,A1400001,의료법인 길의료재단 길병원,1404,A,14,17,25,59013298,7,7,14,2026-07-31T04:05:10.004709,31,41
2026-07-31 04:07:35,mediboard,대구광역시,0,0,A1400011,의료법인 나사렛의료재단 나사렛국제병원,1408,C,14,14,17,59012976,3,5,14,2026-07-31T04:05:10.004709,17,22
2026-07-31 04:07:35,mediboard,대구광역시,0,0,A1400003,의료법인 루가의료재단 나은병원,1407,C,14,9,11,59013021,10,10,14,2026-07-31T04:05:10.004709,19,21
2026-07-31 04:07:35,mediboard,대구광역시,0,0,A1400007,의료법인 성수의료재단 인천백병원,1405,D,14,5,5,59013131,1,1,14,2026-07-31T04:05:10.004709,6,6
2026-07-31 04:07:35,mediboard,대구광역시,0,0,A1400014,의료법인인성의료재단한림병원,1402,C,14,16,17,59013248,4,4,14,2026-07-31T04:05:10.004709,20,21
2026-07-31 04:07:35,mediboard,대구광역시,0,0,A1400017,인천광역시의료원,1405,D,14,14,15,59013024,2,2,14,2026-07-31T04:05:10.004709,16,17
2026-07-31 04:07:35,mediboard,대구광역시,0,0,A1400037,인천광역시의료원백령병원,1409,D,14,1,5,59013135,1,1,14,2026-07-31T04:05:10.004709,2,6
2026-07-31 04:07:35,mediboard,대구광역시,0,0,A1400009,인천기독병원,1410,D,14,8,8,59013023,1,1,14,2026-07-31T04:05:10.004709,9,9
2026-07-31 04:07:35,mediboard,대구광역시,0,0,A1400016,인천사랑병원,1403,C,14,9,14,59013190,7,7,14,2026-07-31T04:05:10.004709,16,21
2026-07-31 04:07:35,mediboard,대구광역시,0,0,A1403372,인천세종병원,1402,C,14,12,18,59013191,3,3,14,2026-07-31T04:05:10.004709,15,21
2026-07-31 04:07:35,mediboard,대구광역시,0,0,A1400018,인천적십자병원,1408,D,14,8,8,59013134,2,2,14,2026-07-31T04:05:10.004709,10,10
2026-07-31 04:07:35,mediboard,대구광역시,0,0,A1403871,인천힘찬종합병원,1404,D,14,16,17,59013249,3,6,14,2026-07-31T04:05:10.004709,19,23
2026-07-31 04:07:35,mediboard,대구광역시,9,9,A1400002,인하대학교의과대학부속병원,1410,A,14,14,20,59013080,8,9,14,2026-07-31T04:05:10.004709,29,36
2026-07-31 04:07:35,mediboard,대구광역시,0,0,A1400004,현대유비스병원,1403,D,14,19,19,59013299,1,1,14,2026-07-31T04:05:10.004709,20,20
2026-07-31 04:07:35,mediboard,광주광역시,6,7,A1500019,KS병원,1501,C,15,13,15,59013250,3,3,15,2026-07-31T04:05:10.004709,22,25
2026-07-31 04:07:35,mediboard,광주광역시,0,0,A1500021,광주기독병원,1502,C,15,12,20,59013251,3,6,15,2026-07-31T04:05:10.004709,15,26
2026-07-31 04:07:35,mediboard,광주광역시,0,0,A1500015,광주병원,1504,D,15,6,10,59012979,1,1,15,2026-07-31T04:05:10.004709,7,11
2026-07-31 04:07:35,mediboard,광주광역시,0,0,A1500004,광주보훈병원,1501,D,15,13,14,59013081,2,2,15,2026-07-31T04:05:10.004709,15,16
2026-07-31 04:07:35,mediboard,광주광역시,0,0,A1502007,광주센트럴병원,1501,D,15,10,10,59013303,1,1,15,2026-07-31T04:05:10.004709,11,11
2026-07-31 04:07:35,mediboard,광주광역시,0,0,A1500018,광주수완병원,1501,D,15,8,9,59012980,0,1,15,2026-07-31T04:05:10.004709,8,10
2026-07-31 04:07:35,mediboard,광주광역시,0,0,A1500009,광주씨티병원,1502,D,15,10,10,59012977,1,1,15,2026-07-31T04:05:10.004709,11,11
2026-07-31 04:07:35,mediboard,광주광역시,0,0,A1500005,광주일곡병원,1504,D,15,9,9,59013343,1,1,15,2026-07-31T04:05:10.004709,10,10
2026-07-31 04:07:35,mediboard,광주광역시,0,0,A1500016,광주한국병원,1505,D,15,14,15,59013195,1,1,15,2026-07-31T04:05:10.004709,15,16
2026-07-31 04:07:35,mediboard,광주광역시,0,0,A1500003,광주현대병원,1504,D,15,9,9,59013193,2,2,15,2026-07-31T04:05:10.004709,11,11
2026-07-31 04:07:35,mediboard,광주광역시,0,0,A1500007,광주희망병원,1504,D,15,9,9,59013025,1,1,15,2026-07-31T04:05:10.004709,10,10
2026-07-31 04:07:35,mediboard,광주광역시,0,0,A1500013,동아병원,1502,D,15,8,9,59012978,1,1,15,2026-07-31T04:05:10.004709,9,10
2026-07-31 04:07:35,mediboard,광주광역시,0,0,A1500014,미래로21병원,1505,D,15,8,9,59013194,1,1,15,2026-07-31T04:05:10.004709,9,10
2026-07-31 04:07:35,mediboard,광주광역시,0,0,A1500022,상무병원,1505,D,15,8,9,59013302,1,1,15,2026-07-31T04:05:10.004709,9,10
2026-07-31 04:07:35,mediboard,광주광역시,2,2,A1500020,서광병원,1505,C,15,17,18,59013346,3,3,15,2026-07-31T04:05:10.004709,22,23
2026-07-31 04:07:35,mediboard,광주광역시,0,0,A1500006,신가병원,1501,D,15,8,9,59013344,2,2,15,2026-07-31T04:05:10.004709,10,11
2026-07-31 04:07:35,mediboard,광주광역시,0,0,A1500010,운암한국병원,1504,D,15,6,9,59013301,1,1,15,2026-07-31T04:05:10.004709,7,10
2026-07-31 04:07:35,mediboard,광주광역시,2,4,A1500002,전남대학교병원,1503,A,15,15,28,59013300,3,7,15,2026-07-31T04:05:10.004709,20,39
2026-07-31 04:07:35,mediboard,광주광역시,4,4,A1500001,조선대학교병원,1503,A,15,19,23,59013136,4,5,15,2026-07-31T04:05:10.004709,27,32
2026-07-31 04:07:35,mediboard,광주광역시,0,0,A1500011,첨단종합병원,1501,C,15,19,22,59013345,3,3,15,2026-07-31T04:05:10.004709,22,25
2026-07-31 04:07:35,mediboard,광주광역시,0,0,A1500017,하남성심병원,1501,D,15,17,19,59013137,1,2,15,2026-07-31T04:05:10.004709,18,21
2026-07-31 04:07:35,mediboard,대전광역시,0,0,A1600004,대전보훈병원,1601,D,16,7,7,59012981,2,2,16,2026-07-31T04:05:10.004709,9,9
2026-07-31 04:07:35,mediboard,대전광역시,0,0,A1600003,대전한국병원,1602,D,16,5,9,59013138,1,1,16,2026-07-31T04:05:10.004709,6,10
2026-07-31 04:07:35,mediboard,대전광역시,0,0,A1602246,대청병원,1603,D,16,9,9,59013252,1,1,16,2026-07-31T04:05:10.004709,10,10
2026-07-31 04:07:35,mediboard,대전광역시,0,0,A1600008,의료법인영훈의료재단대전선병원,1605,C,16,15,17,59013139,4,9,16,2026-07-31T04:05:10.004709,19,26
2026-07-31 04:07:35,mediboard,대전광역시,0,0,A1600007,의료법인영훈의료재단유성선병원,1604,C,16,16,17,59013027,3,7,16,2026-07-31T04:05:10.004709,19,24
2026-07-31 04:07:35,mediboard,대전광역시,0,6,A1600001,충남대학교병원,1605,A,16,19,28,59013082,4,5,16,2026-07-31T04:05:10.004709,23,39
2026-07-31 04:07:35,mediboard,대전광역시,0,0,A1600005,학교법인가톨릭학원가톨릭대학교대전성모병원,1605,C,16,15,19,59013347,3,3,16,2026-07-31T04:05:10.004709,18,22
2026-07-31 04:07:35,mediboard,대전광역시,5,5,A1600006,학교법인건양교육재단건양대학교병원,1603,A,16,17,24,59013026,5,5,16,2026-07-31T04:05:10.004709,27,34
2026-07-31 04:07:35,mediboard,대전광역시,0,0,A1600002,학교법인을지학원대전을지대학교병원,1603,C,16,21,23,59013304,6,6,16,2026-07-31T04:05:10.004709,27,29
2026-07-31 04:07:35,mediboard,울산광역시,0,0,A1700001,서울산보람병원,1704,D,17,10,10,59013028,1,1,17,2026-07-31T04:05:10.004709,11,11
2026-07-31 04:07:35,mediboard,울산광역시,0,0,A1700003,울산병원,1701,C,17,18,19,59013196,3,3,17,2026-07-31T04:05:10.004709,21,22
2026-07-31 04:07:35,mediboard,울산광역시,0,0,A1700002,의료법인동강의료재단동강병원,1705,C,17,21,24,59013253,3,3,17,2026-07-31T04:05:10.004709,24,27
2026-07-31 04:07:35,mediboard,울산광역시,0,0,A1700025,의료법인송은의료재단울산시티병원,1703,C,17,17,17,59013197,3,3,17,2026-07-31T04:05:10.004709,20,20
2026-07-31 04:07:35,mediboard,울산광역시,0,0,A1700011,의료법인은성의료재단좋은삼정병원,1701,D,17,6,9,59013254,1,1,17,2026-07-31T04:05:10.004709,7,10
2026-07-31 04:07:35,mediboard,울산광역시,0,0,A1700028,의료법인정안의료재단중앙병원,1701,C,17,17,17,59013083,3,3,17,2026-07-31T04:05:10.004709,20,20
2026-07-31 04:07:35,mediboard,울산광역시,8,8,A1700004,학교법인울산공업학원울산대학교병원,1702,A,17,15,23,59013140,6,6,17,2026-07-31T04:05:10.004709,29,37
2026-07-31 04:07:35,mediboard,경기도,0,0,A2100019,(의)영문의료재단다보스병원,2136,C,21,12,13,59012984,7,7,21,2026-07-31T04:05:10.004709,19,20
2026-07-31 04:07:35,mediboard,경기도,0,0,A2100122,(의)효심의료재단용인서울병원,2136,D,21,9,10,59013356,0,0,21,2026-07-31T04:05:10.004709,9,10
2026-07-31 04:07:35,mediboard,경기도,0,0,A2100052,가톨릭대학교부천성모병원,2113,C,21,24,31,59012989,6,6,21,2026-07-31T04:05:10.004709,30,37
2026-07-31 04:07:35,mediboard,경기도,8,8,A2100012,가톨릭대학교성빈센트병원,2122,C,21,19,28,59013141,6,6,21,2026-07-31T04:05:10.004709,31,40
2026-07-31 04:07:35,mediboard,경기도,11,11,A2100040,가톨릭대학교의정부성모병원,2138,A,21,29,44,59013036,6,6,21,2026-07-31T04:05:10.004709,46,61
2026-07-31 04:07:35,mediboard,경기도,0,0,A2100029,강남병원,2134,C,21,16,17,59013257,3,3,21,2026-07-31T04:05:10.004709,19,20
2026-07-31 04:07:35,mediboard,경기도,0,0,A2100032,경기도의료원수원병원,2121,D,21,8,8,59013199,5,5,21,2026-07-31T04:05:10.004709,13,13
2026-07-31 04:07:35,mediboard,경기도,0,0,A2100045,경기도의료원안성병원,2126,D,21,13,14,59013200,1,5,21,2026-07-31T04:05:10.004709,14,19
2026-07-31 04:07:35,mediboard,경기도,0,0,A2100043,경기도의료원의정부병원,2138,D,21,10,10,59013352,1,1,21,2026-07-31T04:05:10.004709,11,11
2026-07-31 04:07:35,mediboard,경기도,0,0,A2100193,경기도의료원이천병원,2139,C,21,16,17,59013038,3,3,21,2026-07-31T04:05:10.004709,19,20
2026-07-31 04:07:35,mediboard,경기도,0,0,A2100035,경기도의료원파주병원,2140,C,21,15,17,59012987,3,3,21,2026-07-31T04:05:10.004709,18,20
2026-07-31 04:07:35,mediboard,경기도,0,0,A2100031,경기도의료원포천병원,2142,C,21,17,17,59013144,3,3,21,2026-07-31T04:05:10.004709,20,20
2026-07-31 04:07:35,mediboard,경기도,4,4,A2100003,고려대학교의과대학부속안산병원,2124,A,21,16,22,59013031,8,8,21,2026-07-31T04:05:10.004709,28,34
2026-07-31 04:07:35,mediboard,경기도,4,4,A2100007,광명성애병원,2106,C,21,8,11,59013306,5,5,21,2026-07-31T04:05:10.004709,17,20
2026-07-31 04:07:35,mediboard,경기도,0,0,A2100258,국군수도병원,2116,D,21,16,16,59013259,0,2,21,2026-07-31T04:05:10.004709,16,18
2026-07-31 04:07:35,mediboard,경기도,0,0,A2100049,국립암센터,2103,D,21,9,24,59013146,1,1,21,2026-07-31T04:05:10.004709,10,25
2026-07-31 04:07:35,mediboard,경기도,5,5,A2100033,국민건강보험공단일산병원,2103,A,21,18,23,59013350,5,5,21,2026-07-31T04:05:10.004709,28,33
2026-07-31 04:07:35,mediboard,경기도,0,0,A2100014,근로복지공단안산병원,2125,D,21,7,7,59013085,1,1,21,2026-07-31T04:05:10.004709,8,8
2026-07-31 04:07:35,mediboard,경기도,0,0,A2100041,남양주한양병원,2111,C,21,12,17,59013351,3,3,21,2026-07-31T04:05:10.004709,15,20
2026-07-31 04:07:35,mediboard,경기도,0,0,A2100017,대아의료재단한도병원,2124,C,21,17,17,59013086,3,3,21,2026-07-31T04:05:10.004709,20,20
2026-07-31 04:07:35,mediboard,경기도,3,3,A2100025,대진의료재단분당제생병원,2116,C,21,14,24,59013308,3,3,21,2026-07-31T04:05:10.004709,20,30
2026-07-31 04:07:35,mediboard,경기도,3,3,A2100047,동국대학교일산불교병원,2103,C,21,16,19,59013145,7,7,21,2026-07-31T04:05:10.004709,26,29
2026-07-31 04:07:35,mediboard,경기도,0,0,A2100131,메디인병원,2140,D,21,12,12,59013310,2,2,21,2026-07-31T04:05:10.004709,14,14
2026-07-31 04:07:35,mediboard,경기도,0,0,A2121142,메디필드한강병원,2136,D,21,17,17,59013315,3,3,21,2026-07-31T04:05:10.004709,20,20
2026-07-31 04:07:35,mediboard,경기도,0,0,A2100055,부천세종병원,2113,C,21,17,17,59013091,3,3,21,2026-07-31T04:05:10.004709,20,20
2026-07-31 04:07:35,mediboard,경기도,3,5,A2100001,분당서울대학교병원,2116,A,21,-8,30,59013030,4,5,21,2026-07-31T04:05:10.004709,-1,40
2026-07-31 04:07:35,mediboard,경기도,6,6,A2116806,성남시의료원,2117,C,21,13,17,59013314,6,6,21,2026-07-31T04:05:10.004709,25,29
2026-07-31 04:07:35,mediboard,경기도,0,0,A2100194,세종여주병원,2131,D,21,4,6,59012990,9,10,21,2026-07-31T04:05:10.004709,13,16
2026-07-31 04:07:35,mediboard,경기도,0,0,A2100016,순천의료재단성남정병원,2117,D,21,9,9,59013034,2,2,21,2026-07-31T04:05:10.004709,11,11
2026-07-31 04:07:35,mediboard,경기도,3,5,A2100005,순천향대학교부속부천병원,2113,A,21,14,17,59012983,5,5,21,2026-07-31T04:05:10.004709,22,27
2026-07-31 04:07:35,mediboard,경기도,14,14,A2100002,아주대학교병원,2120,A,21,21,32,59013084,12,13,21,2026-07-31T04:05:10.004709,42,54
2026-07-31 04:07:35,mediboard,경기도,0,0,A2100305,안성성모병원,2126,D,21,8,9,59013313,1,1,21,2026-07-31T04:05:10.004709,9,10
2026-07-31 04:07:35,mediboard,경기도,0,0,A2100089,양평병원,2130,D,21,9,9,59013202,1,1,21,2026-07-31T04:05:10.004709,10,10
2026-07-31 04:07:35,mediboard,경기도,0,0,A2118188,엘병원,2111,D,21,8,8,59013204,2,2,21,2026-07-31T04:05:10.004709,10,10
2026-07-31 04:07:35,mediboard,경기도,6,6,A2100020,연세대학교의과대학용인세브란스병원,2134,C,21,12,16,59013348,4,4,21,2026-07-31T04:05:10.004709,22,26
2026-07-31 04:07:35,mediboard,경기도,0,0,E2100187,연천군보건의료원,2132,D,21,10,10,59013008,0,0,21,2026-07-31T04:05:10.004709,10,10
2026-07-31 04:07:35,mediboard,경기도,0,0,A2100024,오산한국병원,2133,C,21,16,17,59013349,3,3,21,2026-07-31T04:05:10.004709,19,20
2026-07-31 04:07:35,mediboard,경기도,0,0,A2100048,원광대학교산본병원,2109,C,21,16,17,59013090,3,3,21,2026-07-31T04:05:10.004709,19,20
2026-07-31 04:07:35,mediboard,경기도,0,0,A2100013,의료법인 록향의료재단 신천연합병원,2123,D,21,10,10,59013307,1,1,21,2026-07-31T04:05:10.004709,11,11
2026-07-31 04:07:35,mediboard,경기도,0,0,A2100036,의료법인 일심의료재단 포천우리병원,2142,D,21,16,18,59013089,4,4,21,2026-07-31T04:05:10.004709,20,22
2026-07-31 04:07:35,mediboard,경기도,0,0,A2100309,의료법인갈렌의료재단박병원,2141,D,21,10,10,59013148,1,1,21,2026-07-31T04:05:10.004709,11,11
2026-07-31 04:07:35,mediboard,경기도,5,5,A2100008,의료법인남촌의료재단시화병원,2123,C,21,14,16,59013032,5,6,21,2026-07-31T04:05:10.004709,24,27
2026-07-31 04:07:35,mediboard,경기도,0,0,A2100009,의료법인녹산의료재단동수원병원,2122,C,21,17,17,59013198,3,3,21,2026-07-31T04:05:10.004709,20,20
2026-07-31 04:07:35,mediboard,경기도,0,0,A2100050,의료법인대인의료재단다니엘종합병원,2113,D,21,6,6,59013354,4,4,21,2026-07-31T04:05:10.004709,10,10
2026-07-31 04:07:35,mediboard,경기도,3,3,A2121061,의료법인덕산의료재단수원덕산병원,2119,D,21,24,24,59013357,3,3,21,2026-07-31T04:05:10.004709,30,30
2026-07-31 04:07:35,mediboard,경기도,0,0,A2117135,의료법인명인의료재단화홍병원,2119,C,21,11,15,59013093,5,5,21,2026-07-31T04:05:10.004709,16,20
2026-07-31 04:07:35,mediboard,경기도,3,3,A2100042,의료법인명지의료재단명지병원,2102,A,21,13,15,59013309,9,11,21,2026-07-31T04:05:10.004709,22,26
2026-07-31 04:07:35,mediboard,경기도,0,0,A2100022,의료법인박애의료재단박애병원,2141,D,21,9,10,59013087,1,1,21,2026-07-31T04:05:10.004709,10,11
2026-07-31 04:07:35,mediboard,경기도,0,0,A2100028,의료법인백송의료재단굿모닝병원,2141,C,21,17,19,59013088,9,9,21,2026-07-31T04:05:10.004709,26,28
2026-07-31 04:07:35,mediboard,경기도,0,0,A2100027,의료법인석경의료재단센트럴병원,2123,D,21,18,18,59013143,3,3,21,2026-07-31T04:05:10.004709,21,21
2026-07-31 04:07:35,mediboard,경기도,0,0,A2116972,의료법인성광의료재단일산차병원,2103,D,21,6,6,59013092,4,4,21,2026-07-31T04:05:10.004709,10,10
2026-07-31 04:07:35,mediboard,경기도,0,0,A2113246,의료법인양진의료재단평택성모병원,2141,C,21,17,17,59013149,3,3,21,2026-07-31T04:05:10.004709,20,20
2026-07-31 04:07:35,mediboard,경기도,0,0,A2100034,의료법인영동의료재단의정부백병원,2138,D,21,10,10,59012986,2,2,21,2026-07-31T04:05:10.004709,12,12
2026-07-31 04:07:35,mediboard,경기도,0,0,A2100053,의료법인우리의료재단김포우리병원,2110,C,21,22,22,59013201,7,7,21,2026-07-31T04:05:10.004709,29,29
2026-07-31 04:07:35,mediboard,경기도,0,0,A2115699,의료법인원광의료재단원광종합병원,2146,D,21,9,9,59013039,1,1,21,2026-07-31T04:05:10.004709,10,10
2026-07-31 04:07:35,mediboard,경기도,0,0,A2100018,의료법인은혜와감사의료재단화성중앙종합병원,2144,D,21,9,9,59013256,1,1,21,2026-07-31T04:05:10.004709,10,10
2026-07-31 04:07:35,mediboard,경기도,0,0,A2100006,의료법인인봉의료재단뉴고려병원,2110,C,21,13,14,59013305,6,6,21,2026-07-31T04:05:10.004709,19,20
2026-07-31 04:07:35,mediboard,경기도,0,0,A2100290,의료법인자인의료재단(더자인병원),2102,D,21,15,16,59013147,4,4,21,2026-07-31T04:05:10.004709,19,20
2026-07-31 04:07:35,mediboard,경기도,0,0,A2100124,의료법인칠석의료재단사랑의병원,2125,D,21,12,13,59013037,1,1,21,2026-07-31T04:05:10.004709,13,14
2026-07-31 04:07:35,mediboard,경기도,0,0,A2100175,의료법인토마스의료재단윌스기념병원,2122,D,21,16,18,59013312,3,3,21,2026-07-31T04:05:10.004709,19,21
2026-07-31 04:07:35,mediboard,경기도,0,0,A2100021,의료법인플러스의료재단단원병원,2124,D,21,16,17,59013142,3,3,21,2026-07-31T04:05:10.004709,19,20
2026-07-31 04:07:35,mediboard,경기도,0,4,A2100038,인제대학교일산백병원,2104,C,21,30,34,59013258,6,6,21,2026-07-31T04:05:10.004709,36,44
2026-07-31 04:07:35,mediboard,경기도,0,0,A2118788,중앙대학교광명병원,2106,C,21,19,21,59012991,3,3,21,2026-07-31T04:05:10.004709,22,24
2026-07-31 04:07:35,mediboard,경기도,11,13,A2100030,차의과학대학교분당차병원,2116,A,21,19,22,59012985,6,7,21,2026-07-31T04:05:10.004709,34,40
2026-07-31 04:07:35,mediboard,경기도,1,1,A2100155,참조은병원,2107,C,21,5,9,59013311,10,10,21,2026-07-31T04:05:10.004709,16,20
2026-07-31 04:07:35,mediboard,경기도,0,0,A2100150,추병원,2138,D,21,12,12,59013203,2,2,21,2026-07-31T04:05:10.004709,14,14
2026-07-31 04:07:35,mediboard,경기도,6,6,A2117994,학교법인을지학원의정부을지대학교병원,2138,C,21,27,30,59013094,11,11,21,2026-07-31T04:05:10.004709,44,47
2026-07-31 04:07:35,mediboard,경기도,9,9,A2100046,한림대학교동탄성심병원,2147,C,21,27,32,59013353,3,3,21,2026-07-31T04:05:10.004709,39,44
2026-07-31 04:07:35,mediboard,경기도,3,3,A2100004,한림대학교성심병원,2127,A,21,19,25,59012982,9,11,21,2026-07-31T04:05:10.004709,31,39
2026-07-31 04:07:35,mediboard,경기도,0,0,A2100039,한양대학교구리병원,2108,C,21,17,18,59013035,5,5,21,2026-07-31T04:05:10.004709,22,23
2026-07-31 04:07:35,mediboard,경기도,0,0,A2100037,현대병원,2111,C,21,15,17,59012988,3,3,21,2026-07-31T04:05:10.004709,18,20
2026-07-31 04:07:35,mediboard,경기도,0,0,A2100015,효산의료재단안양샘병원,2128,C,21,13,17,59013033,3,3,21,2026-07-31T04:05:10.004709,16,20
2026-07-31 04:07:35,mediboard,경기도,0,0,A2100054,효산의료재단지샘병원,2109,C,21,17,18,59013355,4,4,21,2026-07-31T04:05:10.004709,21,22
2026-07-31 04:07:35,mediboard,강원특별자치도,3,3,A2200008,강릉아산병원,2201,A,22,19,23,59013205,5,5,22,2026-07-31T04:05:10.004709,27,31
2026-07-31 04:07:35,mediboard,강원특별자치도,3,3,A2200009,강원대학교병원,2213,C,22,20,21,59013358,5,5,22,2026-07-31T04:05:10.004709,28,29
2026-07-31 04:07:35,mediboard,강원특별자치도,0,0,A2200011,강원특별자치도강릉의료원,2201,D,22,3,5,59013151,1,1,22,2026-07-31T04:05:10.004709,4,6
2026-07-31 04:07:35,mediboard,강원특별자치도,1,1,A2200007,강원특별자치도삼척의료원,2204,C,22,15,16,59012992,3,5,22,2026-07-31T04:05:10.004709,19,22
2026-07-31 04:07:35,mediboard,강원특별자치도,0,0,A2200012,강원특별자치도속초의료원,2205,C,22,15,17,59013359,3,3,22,2026-07-31T04:05:10.004709,18,20
2026-07-31 04:07:35,mediboard,강원특별자치도,0,0,A2200002,강원특별자치도영월의료원,2208,D,22,7,9,59013040,1,1,22,2026-07-31T04:05:10.004709,8,10
2026-07-31 04:07:35,mediboard,강원특별자치도,0,0,A2200015,강원특별자치도원주의료원,2209,D,22,14,17,59013153,2,3,22,2026-07-31T04:05:10.004709,16,20
2026-07-31 04:07:35,mediboard,강원특별자치도,0,0,A2200048,근로복지공단정선병원,2211,D,22,5,5,59013096,1,1,22,2026-07-31T04:05:10.004709,6,6
2026-07-31 04:07:35,mediboard,강원특별자치도,0,0,A2200004,근로복지공단태백병원,2214,D,22,9,9,59013095,1,1,22,2026-07-31T04:05:10.004709,10,10
2026-07-31 04:07:35,mediboard,강원특별자치도,2,3,A2200001,연세대학교원주세브란스기독병원,2209,A,22,28,31,59013150,28,45,22,2026-07-31T04:05:10.004709,58,79
2026-07-31 04:07:35,mediboard,강원특별자치도,0,0,A2200005,의료법인강릉동인병원,2201,C,22,12,17,59013261,3,3,22,2026-07-31T04:05:10.004709,15,20
2026-07-31 04:07:35,mediboard,강원특별자치도,0,0,A2200003,의료법인동해동인병원,2203,D,22,8,10,59013260,1,1,22,2026-07-31T04:05:10.004709,9,11
2026-07-31 04:07:35,mediboard,강원특별자치도,0,0,A2200037,의료법인성심의료재단양구성심병원,2206,D,22,5,5,59013360,1,1,22,2026-07-31T04:05:10.004709,6,6
2026-07-31 04:07:35,mediboard,강원특별자치도,0,0,A2200024,의료법인성지의료재단성지병원,2209,D,22,6,7,59013207,1,1,22,2026-07-31T04:05:10.004709,7,8
2026-07-31 04:07:35,mediboard,강원특별자치도,0,0,A2200046,의료법인온세움의료재단온재병원,2205,D,22,6,9,59013361,1,1,22,2026-07-31T04:05:10.004709,7,10
2026-07-31 04:07:35,mediboard,강원특별자치도,0,0,A2201730,철원병원,2212,D,22,5,5,59013041,1,1,22,2026-07-31T04:05:10.004709,6,6
2026-07-31 04:07:35,mediboard,강원특별자치도,0,0,E2200026,평창군보건의료원,2215,D,22,5,6,59013117,1,1,22,2026-07-31T04:05:10.004709,6,7
2026-07-31 04:07:35,mediboard,강원특별자치도,3,3,A2200013,한림대학교춘천성심병원,2213,A,22,21,22,59012993,5,5,22,2026-07-31T04:05:10.004709,29,30
2026-07-31 04:07:35,mediboard,강원특별자치도,0,0,A2200014,홍천아산병원,2216,D,22,9,10,59013152,0,0,22,2026-07-31T04:05:10.004709,9,10
2026-07-31 04:07:35,mediboard,강원특별자치도,0,0,E2200025,화천군보건의료원,2217,D,22,7,7,59013232,1,1,22,2026-07-31T04:05:10.004709,8,8
2026-07-31 04:07:35,mediboard,강원특별자치도,0,0,A2200016,횡성대성병원,2218,D,22,8,9,59013206,1,1,22,2026-07-31T04:05:10.004709,9,10
2026-07-31 04:07:35,mediboard,충청북도,0,0,A2300010,건국대학교충주병원,2314,C,23,18,20,59013362,3,3,23,2026-07-31T04:05:10.004709,21,23
2026-07-31 04:07:35,mediboard,충청북도,0,0,E2300011,단양군보건의료원,2302,D,23,5,6,59013065,1,2,23,2026-07-31T04:05:10.004709,6,8
2026-07-31 04:07:35,mediboard,충청북도,0,0,A2300013,의료법인 건명의료재단 중앙제일병원,2309,C,23,16,17,59013262,3,5,23,2026-07-31T04:05:10.004709,19,22
2026-07-31 04:07:35,mediboard,충청북도,0,0,A2300034,의료법인대광의료재단괴산성모병원,2301,D,23,9,9,59013156,0,1,23,2026-07-31T04:05:10.004709,9,10
2026-07-31 04:07:35,mediboard,충청북도,3,3,A2300009,의료법인명지의료재단명지병원,2307,C,23,16,18,59013155,6,6,23,2026-07-31T04:05:10.004709,25,27
2026-07-31 04:07:35,mediboard,충청북도,0,0,A2300007,의료법인인화재단한국병원,2310,C,23,11,14,59013154,6,6,23,2026-07-31T04:05:10.004709,17,20
2026-07-31 04:07:35,mediboard,충청북도,0,0,A2300005,의료법인자산의료재단제천서울병원,2307,C,23,14,15,59013044,5,5,23,2026-07-31T04:05:10.004709,19,20
2026-07-31 04:07:35,mediboard,충청북도,0,0,A2300003,의료법인정산의료재단효성병원,2310,C,23,16,18,59013043,5,5,23,2026-07-31T04:05:10.004709,21,23
2026-07-31 04:07:35,mediboard,충청북도,0,0,A2300030,의료법인조윤의료재단영동병원,2304,D,23,9,10,59013263,0,0,23,2026-07-31T04:05:10.004709,9,10
2026-07-31 04:07:35,mediboard,충청북도,0,0,A2300002,의료법인한마음의료재단하나병원,2313,C,23,10,11,59012994,12,12,23,2026-07-31T04:05:10.004709,22,23
2026-07-31 04:07:35,mediboard,충청북도,0,0,A2300011,의료법인힐링의료재단옥천성모병원,2305,D,23,7,7,59013316,3,3,23,2026-07-31T04:05:10.004709,10,10
2026-07-31 04:07:35,mediboard,충청북도,0,0,A2300008,청주성모병원,2312,C,23,13,15,59012995,7,10,23,2026-07-31T04:05:10.004709,20,25
2026-07-31 04:07:35,mediboard,충청북도,7,8,A2300001,충북대학교병원,2311,A,23,29,32,59013042,5,5,23,2026-07-31T04:05:10.004709,41,45
2026-07-31 04:07:35,mediboard,충청북도,0,0,A2300006,충청북도청주의료원,2311,D,23,12,12,59013098,4,4,23,2026-07-31T04:05:10.004709,16,16
2026-07-31 04:07:35,mediboard,충청북도,0,0,A2300004,충청북도충주의료원,2314,D,23,17,18,59013097,3,3,23,2026-07-31T04:05:10.004709,20,21
2026-07-31 04:07:35,mediboard,충청남도,4,4,A2400002,단국대학교의과대학부속병원,2412,A,24,20,27,59013046,5,5,24,2026-07-31T04:05:10.004709,29,36
2026-07-31 04:07:35,mediboard,충청남도,0,0,A2400008,당진종합병원,2405,C,24,17,17,59013047,3,3,24,2026-07-31T04:05:10.004709,20,20
2026-07-31 04:07:35,mediboard,충청남도,0,4,A2400003,서산중앙병원,2408,C,24,16,17,59012996,3,3,24,2026-07-31T04:05:10.004709,19,24
2026-07-31 04:07:35,mediboard,충청남도,0,0,A2402257,아산충무병원,2410,C,24,11,13,59013363,8,8,24,2026-07-31T04:05:10.004709,19,21
2026-07-31 04:07:35,mediboard,충청남도,0,0,A2400044,의료법인 서해병원,2409,D,24,5,5,59013048,2,2,24,2026-07-31T04:05:10.004709,7,7
2026-07-31 04:07:35,mediboard,충청남도,0,0,A2400004,의료법인 예당의료재단 예산종합병원,2411,D,24,6,6,59013208,1,1,24,2026-07-31T04:05:10.004709,7,7
2026-07-31 04:07:35,mediboard,충청남도,0,0,A2400009,의료법인백제병원,2404,C,24,18,20,59012998,3,3,24,2026-07-31T04:05:10.004709,21,23
2026-07-31 04:07:35,mediboard,충청남도,0,0,A2400012,의료법인영서의료재단천안충무병원,2413,C,24,14,16,59013157,5,5,24,2026-07-31T04:05:10.004709,19,21
2026-07-31 04:07:35,mediboard,충청남도,0,0,A2400011,재단법인아산사회복지재단보령아산병원,2406,C,24,17,17,59013099,3,3,24,2026-07-31T04:05:10.004709,20,20
2026-07-31 04:07:35,mediboard,충청남도,0,0,E2400032,청양군보건의료원,2414,D,24,6,6,59013174,1,1,24,2026-07-31T04:05:10.004709,7,7
2026-07-31 04:07:35,mediboard,충청남도,0,0,A2400010,충청남도공주의료원,2402,D,24,14,15,59012999,1,1,24,2026-07-31T04:05:10.004709,15,16
2026-07-31 04:07:35,mediboard,충청남도,0,0,A2400006,충청남도서산의료원,2408,C,24,13,17,59012997,3,3,24,2026-07-31T04:05:10.004709,16,20
2026-07-31 04:07:35,mediboard,충청남도,0,0,A2400005,충청남도천안의료원,2412,D,24,11,12,59013264,1,2,24,2026-07-31T04:05:10.004709,12,14
2026-07-31 04:07:35,mediboard,충청남도,1,1,A2400007,충청남도홍성의료원,2416,C,24,15,18,59013317,3,3,24,2026-07-31T04:05:10.004709,19,22
2026-07-31 04:07:35,mediboard,충청남도,0,0,E2400033,태안군보건의료원,2415,D,24,10,10,59013009,1,1,24,2026-07-31T04:05:10.004709,11,11
2026-07-31 04:07:35,mediboard,충청남도,0,0,A2400038,학교법인건양교육재단건양대학교부여병원,2407,D,24,9,9,59013158,1,1,24,2026-07-31T04:05:10.004709,10,10
2026-07-31 04:07:35,mediboard,충청남도,17,18,A2400001,학교법인동은학원순천향대학교부속천안병원,2412,A,24,14,22,59013045,10,11,24,2026-07-31T04:05:10.004709,37,47
2026-07-31 04:07:35,mediboard,충청남도,0,0,A2400039,현대병원,2410,D,24,10,10,59013265,1,1,24,2026-07-31T04:05:10.004709,11,11
2026-07-31 04:07:35,mediboard,전북특별자치도,0,0,A2500038,김제우석병원,2503,D,25,10,10,59013000,1,1,25,2026-07-31T04:05:10.004709,11,11
2026-07-31 04:07:35,mediboard,전북특별자치도,0,0,A2500056,대자인병원,2512,C,25,24,33,59013160,3,3,25,2026-07-31T04:05:10.004709,27,36
2026-07-31 04:07:35,mediboard,전북특별자치도,0,0,E2500019,무주군보건의료원,2505,D,25,4,4,59013332,1,1,25,2026-07-31T04:05:10.004709,5,5
2026-07-31 04:07:35,mediboard,전북특별자치도,0,0,A2500010,부안성모병원,2506,D,25,10,10,59013267,2,2,25,2026-07-31T04:05:10.004709,12,12
2026-07-31 04:07:35,mediboard,전북특별자치도,3,3,A2502742,새강병원,2513,D,25,14,14,59013366,3,3,25,2026-07-31T04:05:10.004709,20,20
2026-07-31 04:07:35,mediboard,전북특별자치도,0,0,E2500021,순창군보건의료원,2507,D,25,9,9,59013066,1,1,25,2026-07-31T04:05:10.004709,10,10
2026-07-31 04:07:35,mediboard,전북특별자치도,3,3,A2500001,원광대학교병원,2509,A,25,16,28,59013364,4,5,25,2026-07-31T04:05:10.004709,23,36
2026-07-31 04:07:35,mediboard,전북특별자치도,0,0,A2500011,의료법인대산의료재단익산병원,2509,C,25,14,17,59013159,3,3,25,2026-07-31T04:05:10.004709,17,20
2026-07-31 04:07:35,mediboard,전북특별자치도,0,0,A2500009,의료법인석천재단고창병원,2501,D,25,9,10,59013318,1,1,25,2026-07-31T04:05:10.004709,10,11
2026-07-31 04:07:35,mediboard,전북특별자치도,0,0,A2500005,의료법인영경의료재단전주병원,2513,C,25,0,17,59013210,3,3,25,2026-07-31T04:05:10.004709,3,20
2026-07-31 04:07:35,mediboard,전북특별자치도,0,0,A2501890,의료법인영경의료재단호성전주병원,2512,D,25,7,9,59013100,1,1,25,2026-07-31T04:05:10.004709,8,10
2026-07-31 04:07:35,mediboard,전북특별자치도,0,0,A2500012,의료법인오성의료재단동군산병원,2502,C,25,16,17,59013365,6,6,25,2026-07-31T04:05:10.004709,22,23
2026-07-31 04:07:35,mediboard,전북특별자치도,0,0,E2500022,임실군보건의료원,2510,D,25,4,4,59013333,1,1,25,2026-07-31T04:05:10.004709,5,5
2026-07-31 04:07:35,mediboard,전북특별자치도,0,0,E2500020,장수군보건의료원,2511,D,25,5,5,59013175,1,1,25,2026-07-31T04:05:10.004709,6,6
2026-07-31 04:07:35,mediboard,전북특별자치도,0,0,A2500008,재단법인 아산사회복지재단 정읍아산병원,2514,C,25,17,17,59013050,3,3,25,2026-07-31T04:05:10.004709,20,20
2026-07-31 04:07:35,mediboard,전북특별자치도,9,12,A2500006,재단법인예수병원유지재단예수병원,2513,C,25,15,38,59013049,3,5,25,2026-07-31T04:05:10.004709,25,53
2026-07-31 04:07:35,mediboard,전북특별자치도,4,5,A2500002,전북대학교병원,2512,A,25,18,36,59013266,7,7,25,2026-07-31T04:05:10.004709,29,48
2026-07-31 04:07:35,mediboard,전북특별자치도,0,0,A2500007,전북특별자치도군산의료원,2502,C,25,11,17,59013211,3,3,25,2026-07-31T04:05:10.004709,14,20
2026-07-31 04:07:35,mediboard,전북특별자치도,0,0,A2500004,전북특별자치도남원의료원,2504,C,25,17,17,59013209,3,3,25,2026-07-31T04:05:10.004709,20,20
2026-07-31 04:07:35,mediboard,전북특별자치도,0,0,A2502031,진안군의료원,2515,D,25,6,6,59013268,2,2,25,2026-07-31T04:05:10.004709,8,8
2026-07-31 04:07:35,mediboard,전라남도,0,0,A2600029,곡성사랑병원,2603,D,26,5,5,59013270,1,1,26,2026-07-31T04:05:10.004709,6,6
2026-07-31 04:07:35,mediboard,전라남도,0,0,A2600006,광양사랑병원,2604,D,26,6,9,59013002,1,1,26,2026-07-31T04:05:10.004709,7,10
2026-07-31 04:07:35,mediboard,전라남도,0,0,A2600061,구례병원,2605,D,26,10,10,59013321,0,0,26,2026-07-31T04:05:10.004709,10,10
2026-07-31 04:07:35,mediboard,전라남도,0,0,A2600016,나주종합병원,2606,D,26,8,10,59013213,0,0,26,2026-07-31T04:05:10.004709,8,10
2026-07-31 04:07:35,mediboard,전라남도,0,0,A2600054,담양사랑병원,2607,D,26,6,6,59013217,2,2,26,2026-07-31T04:05:10.004709,8,8
2026-07-31 04:07:35,mediboard,전라남도,0,0,A2600003,대송의료재단무안병원,2609,D,26,4,4,59013319,1,1,26,2026-07-31T04:05:10.004709,5,5
2026-07-31 04:07:35,mediboard,전라남도,0,0,A2600020,목포기독병원,2608,D,26,12,17,59013052,3,3,26,2026-07-31T04:05:10.004709,15,20
2026-07-31 04:07:35,mediboard,전라남도,0,0,A2600022,목포시의료원,2608,D,26,9,9,59013370,1,1,26,2026-07-31T04:05:10.004709,10,10
2026-07-31 04:07:35,mediboard,전라남도,3,3,A2600011,목포한국병원,2608,A,26,16,18,59013161,5,5,26,2026-07-31T04:05:10.004709,24,26
2026-07-31 04:07:35,mediboard,전라남도,0,0,A2600052,보성아산병원,2610,D,26,7,8,59013374,1,1,26,2026-07-31T04:05:10.004709,8,9
2026-07-31 04:07:35,mediboard,전라남도,0,0,A2602211,빛가람종합병원,2606,D,26,8,9,59013104,1,1,26,2026-07-31T04:05:10.004709,9,10
2026-07-31 04:07:35,mediboard,전라남도,2,4,A2600019,성가롤로병원,2611,A,26,13,18,59013214,5,5,26,2026-07-31T04:05:10.004709,20,27
2026-07-31 04:07:35,mediboard,전라남도,0,0,A2600008,순천제일병원,2611,D,26,9,9,59013269,1,1,26,2026-07-31T04:05:10.004709,10,10
2026-07-31 04:07:35,mediboard,전라남도,0,0,A2600004,순천중앙병원,2611,D,26,5,5,59013212,1,1,26,2026-07-31T04:05:10.004709,6,6
2026-07-31 04:07:35,mediboard,전라남도,0,0,A2600010,여수전남병원,2613,D,26,10,10,59013368,1,1,26,2026-07-31T04:05:10.004709,11,11
2026-07-31 04:07:35,mediboard,전라남도,0,0,A2600014,여천전남병원,2613,C,26,16,17,59013051,3,3,26,2026-07-31T04:05:10.004709,19,20
2026-07-31 04:07:35,mediboard,전라남도,0,0,A2600015,영광종합병원,2614,D,26,9,10,59013320,3,3,26,2026-07-31T04:05:10.004709,12,13
2026-07-31 04:07:35,mediboard,전라남도,0,0,A2600070,영암한국병원,2615,D,26,8,8,59013322,0,1,26,2026-07-31T04:05:10.004709,8,9
2026-07-31 04:07:35,mediboard,전라남도,0,0,A2600032,완도대성병원,2616,D,26,4,5,59013163,1,1,26,2026-07-31T04:05:10.004709,5,6
2026-07-31 04:07:35,mediboard,전라남도,0,0,A2600034,의료법인 거명의료재단 영광기독병원,2614,D,26,8,10,59013216,1,1,26,2026-07-31T04:05:10.004709,9,11
2026-07-31 04:07:35,mediboard,전라남도,0,0,A2600017,의료법인목포구암의료재단목포중앙병원,2608,C,26,15,16,59013102,4,4,26,2026-07-31T04:05:10.004709,19,20
2026-07-31 04:07:35,mediboard,전라남도,0,0,A2600066,의료법인삼호의료재단벌교삼호병원,2610,D,26,6,6,59013054,1,1,26,2026-07-31T04:05:10.004709,7,7
2026-07-31 04:07:35,mediboard,전라남도,0,0,A2600051,의료법인신안대우병원,2612,D,26,4,4,59013373,1,1,26,2026-07-31T04:05:10.004709,5,5
2026-07-31 04:07:35,mediboard,전라남도,0,0,A2600018,의료법인영성의료재단고흥종합병원,2602,D,26,10,10,59013162,0,0,26,2026-07-31T04:05:10.004709,10,10
2026-07-31 04:07:35,mediboard,전라남도,0,0,A2600021,의료법인우범의료재단장흥종합병원,2618,D,26,8,9,59013369,1,1,26,2026-07-31T04:05:10.004709,9,10
2026-07-31 04:07:35,mediboard,전라남도,0,0,A2600068,의료법인장호의료재단녹동현대병원,2602,D,26,3,3,59013218,2,2,26,2026-07-31T04:05:10.004709,5,5
2026-07-31 04:07:35,mediboard,전라남도,0,0,A2600005,의료법인한국의료재단한국병원,2611,D,26,10,11,59013001,1,1,26,2026-07-31T04:05:10.004709,11,12
2026-07-31 04:07:35,mediboard,전라남도,0,0,A2600027,의료법인한마음의료재단여수제일병원,2613,D,26,9,9,59013215,1,1,26,2026-07-31T04:05:10.004709,10,10
2026-07-31 04:07:35,mediboard,전라남도,0,0,A2600035,의료법인행복나눔의료재단장성병원,2617,D,26,4,4,59013103,1,1,26,2026-07-31T04:05:10.004709,5,5
2026-07-31 04:07:35,mediboard,전라남도,0,0,A2600009,의료법인행촌의료재단해남종합병원,2621,D,26,10,10,59013367,1,1,26,2026-07-31T04:05:10.004709,11,11
2026-07-31 04:07:35,mediboard,전라남도,0,0,A2600024,의료법인현경의료재단광양서울병원,2604,D,26,9,9,59013371,1,1,26,2026-07-31T04:05:10.004709,10,10
2026-07-31 04:07:35,mediboard,전라남도,0,0,A2600037,장흥우리병원,2618,D,26,4,4,59013053,1,1,26,2026-07-31T04:05:10.004709,5,5
2026-07-31 04:07:35,mediboard,전라남도,0,0,A2600050,전라남도강진의료원,2601,D,26,9,9,59013271,1,1,26,2026-07-31T04:05:10.004709,10,10
2026-07-31 04:07:35,mediboard,전라남도,0,0,A2600056,전라남도순천의료원,2611,D,26,6,6,59013375,1,2,26,2026-07-31T04:05:10.004709,7,8
2026-07-31 04:07:35,mediboard,전라남도,0,0,A2600040,진도한국병원,2619,D,26,4,4,59013372,1,1,26,2026-07-31T04:05:10.004709,5,5
2026-07-31 04:07:35,mediboard,전라남도,0,0,A2600077,해남우리종합병원,2621,D,26,15,15,59013055,4,4,26,2026-07-31T04:05:10.004709,19,19
2026-07-31 04:07:35,mediboard,전라남도,0,1,A2600001,화순전남대학교병원,2622,C,26,0,16,59013101,0,7,26,2026-07-31T04:05:10.004709,0,24
2026-07-31 04:07:35,mediboard,경상북도,0,0,A2700018,경상북도김천의료원,2706,D,27,13,17,59013224,1,1,27,2026-07-31T04:05:10.004709,14,18
2026-07-31 04:07:35,mediboard,경상북도,0,0,A2700001,경상북도안동의료원,2711,D,27,6,6,59013003,2,2,27,2026-07-31T04:05:10.004709,8,8
2026-07-31 04:07:35,mediboard,경상북도,0,0,A2700005,경상북도포항의료원,2724,D,27,7,8,59013219,2,2,27,2026-07-31T04:05:10.004709,9,10
2026-07-31 04:07:35,mediboard,경상북도,0,0,A2700097,계명대학교경주동산병원,2702,D,27,9,9,59013272,1,1,27,2026-07-31T04:05:10.004709,10,10
2026-07-31 04:07:35,mediboard,경상북도,0,0,A2700015,구미강동병원,2704,D,27,7,7,59013223,3,3,27,2026-07-31T04:05:10.004709,10,10
2026-07-31 04:07:35,mediboard,경상북도,0,3,A2700003,동국대학교의과대학경주병원,2702,C,27,12,16,59013323,7,7,27,2026-07-31T04:05:10.004709,19,26
2026-07-31 04:07:35,mediboard,경상북도,0,0,A2700011,상주적십자병원,2709,D,27,9,9,59013376,1,1,27,2026-07-31T04:05:10.004709,10,10
2026-07-31 04:07:35,mediboard,경상북도,4,4,A2700013,순천향대학교부속구미병원,2704,C,27,10,13,59013107,3,3,27,2026-07-31T04:05:10.004709,17,20
2026-07-31 04:07:35,mediboard,경상북도,0,0,A2700004,안동성소병원,2711,C,27,11,12,59013004,8,8,27,2026-07-31T04:05:10.004709,19,20
2026-07-31 04:07:35,mediboard,경상북도,0,0,A2700008,에스포항병원,2723,D,27,6,6,59013221,1,1,27,2026-07-31T04:05:10.004709,7,7
2026-07-31 04:07:35,mediboard,경상북도,0,0,A2700017,영남대학교의과대학부속영천병원,2715,D,27,10,10,59013165,3,3,27,2026-07-31T04:05:10.004709,13,13
2026-07-31 04:07:35,mediboard,경상북도,0,0,A2700031,영주기독병원,2714,D,27,4,4,59013057,1,1,27,2026-07-31T04:05:10.004709,5,5
2026-07-31 04:07:35,mediboard,경상북도,0,0,A2700020,영주자인병원,2714,D,27,4,4,59013166,1,1,27,2026-07-31T04:05:10.004709,5,5
2026-07-31 04:07:35,mediboard,경상북도,0,0,A2702752,영주적십자병원,2714,D,27,10,10,59013109,1,1,27,2026-07-31T04:05:10.004709,11,11
2026-07-31 04:07:35,mediboard,경상북도,0,0,E2700553,울릉군보건의료원,2717,D,27,5,5,59013010,0,0,27,2026-07-31T04:05:10.004709,5,5
2026-07-31 04:07:35,mediboard,경상북도,0,0,A2700052,울진군의료원,2718,D,27,8,8,59013059,2,2,27,2026-07-31T04:05:10.004709,10,10
2026-07-31 04:07:35,mediboard,경상북도,0,0,A2700019,의)근원의료재단경산중앙병원,2701,D,27,8,10,59013056,2,2,27,2026-07-31T04:05:10.004709,10,12
2026-07-31 04:07:35,mediboard,경상북도,0,0,A2700038,의료법인대남의료재단청도대남병원,2720,D,27,10,10,59013377,0,0,27,2026-07-31T04:05:10.004709,10,10
2026-07-31 04:07:35,mediboard,경상북도,0,0,A2700012,의료법인덕산의료재단김천제일병원,2706,C,27,16,16,59013222,4,4,27,2026-07-31T04:05:10.004709,20,20
2026-07-31 04:07:35,mediboard,경상북도,0,0,A2700006,의료법인동춘의료재단문경제일병원,2707,C,27,16,17,59013220,2,3,27,2026-07-31T04:05:10.004709,18,20
2026-07-31 04:07:35,mediboard,경상북도,0,0,A2700009,의료법인삼백의료재단상주성모병원,2709,D,27,9,9,59013324,1,1,27,2026-07-31T04:05:10.004709,10,10
2026-07-31 04:07:35,mediboard,경상북도,0,0,A2700036,의료법인서명의료재단세명종합병원,2701,D,27,12,13,59013058,2,2,27,2026-07-31T04:05:10.004709,14,15
2026-07-31 04:07:35,mediboard,경상북도,0,0,A2700023,의료법인서준의료재단예천권병원,2716,D,27,6,6,59013108,1,1,27,2026-07-31T04:05:10.004709,7,7
2026-07-31 04:07:35,mediboard,경상북도,2,3,A2700014,의료법인안동병원,2711,A,27,10,17,59013005,5,5,27,2026-07-31T04:05:10.004709,17,25
2026-07-31 04:07:35,mediboard,경상북도,0,0,A2700070,의료법인영암의료재단고령영생병원,2703,D,27,5,5,59013168,1,1,27,2026-07-31T04:05:10.004709,6,6
2026-07-31 04:07:35,mediboard,경상북도,0,0,A2700063,의료법인영제의료재단영남제일병원,2719,D,27,4,5,59013167,1,1,27,2026-07-31T04:05:10.004709,5,6
2026-07-31 04:07:35,mediboard,경상북도,0,0,A2702563,의료법인은성의료재단좋은선린병원,2724,D,27,10,10,59013169,2,2,27,2026-07-31T04:05:10.004709,12,12
2026-07-31 04:07:35,mediboard,경상북도,5,5,A2700007,차의과학대학교부속구미차병원,2704,A,27,15,20,59013106,6,12,27,2026-07-31T04:05:10.004709,26,37
2026-07-31 04:07:35,mediboard,경상북도,0,0,E2700554,청송군보건의료원,2721,D,27,6,6,59013233,1,1,27,2026-07-31T04:05:10.004709,7,7
2026-07-31 04:07:35,mediboard,경상북도,11,11,A2700016,포항성모병원,2723,A,27,14,20,59013164,5,15,27,2026-07-31T04:05:10.004709,30,46
2026-07-31 04:07:35,mediboard,경상북도,0,0,A2700002,포항세명기독병원,2723,C,27,9,15,59013105,10,10,27,2026-07-31T04:05:10.004709,19,25
2026-07-31 04:07:35,mediboard,경상남도,0,0,A2800032,강병원,2803,D,28,9,9,59013275,1,1,28,2026-07-31T04:05:10.004709,10,10
2026-07-31 04:07:35,mediboard,경상남도,0,0,A2803677,강일병원,2804,D,28,8,8,59013114,3,3,28,2026-07-31T04:05:10.004709,11,11
2026-07-31 04:07:35,mediboard,경상남도,0,0,A2800076,거창적십자병원,2802,D,28,8,9,59013278,1,1,28,2026-07-31T04:05:10.004709,9,10
2026-07-31 04:07:35,mediboard,경상남도,3,3,A2800001,경상국립대학교병원,2811,A,28,19,30,59013325,4,5,28,2026-07-31T04:05:10.004709,26,38
2026-07-31 04:07:35,mediboard,경상남도,0,0,A2800025,경상남도마산의료원,2813,D,28,13,13,59013112,2,2,28,2026-07-31T04:05:10.004709,15,15
2026-07-31 04:07:35,mediboard,경상남도,0,0,A2800113,밀양병원,2806,D,28,7,8,59013330,1,1,28,2026-07-31T04:05:10.004709,8,9
2026-07-31 04:07:35,mediboard,경상남도,0,0,A2800084,반도병원,2811,D,28,6,7,59013230,1,1,28,2026-07-31T04:05:10.004709,7,8
2026-07-31 04:07:35,mediboard,경상남도,0,0,A2800019,베데스다복음병원,2809,D,28,9,9,59013327,1,1,28,2026-07-31T04:05:10.004709,10,10
2026-07-31 04:07:35,mediboard,경상남도,0,0,E2800380,산청군보건의료원,2808,D,28,5,5,59013118,1,1,28,2026-07-31T04:05:10.004709,6,6
2026-07-31 04:07:35,mediboard,경상남도,0,0,A2800055,삼성합천병원,2822,D,28,4,4,59013276,1,1,28,2026-07-31T04:05:10.004709,5,5
2026-07-31 04:07:35,mediboard,경상남도,0,0,A2800101,삼천포제일병원,2807,D,28,8,8,59013113,2,2,28,2026-07-31T04:05:10.004709,10,10
2026-07-31 04:07:35,mediboard,경상남도,0,0,A2800092,새통영병원,2818,D,28,6,9,59013062,1,1,28,2026-07-31T04:05:10.004709,7,10
2026-07-31 04:07:35,mediboard,경상남도,7,10,A2800011,양산부산대학교병원,2809,A,28,10,23,59013170,6,8,28,2026-07-31T04:05:10.004709,22,39
2026-07-31 04:07:35,mediboard,경상남도,0,0,A2804593,양산성모병원,2809,D,28,13,13,59013115,1,1,28,2026-07-31T04:05:10.004709,14,14
2026-07-31 04:07:35,mediboard,경상남도,0,0,A2800021,연세에스병원,2817,D,28,9,9,59013061,1,1,28,2026-07-31T04:05:10.004709,10,10
2026-07-31 04:07:35,mediboard,경상남도,0,0,A2800090,의령병원,2810,D,28,4,4,59013172,1,1,28,2026-07-31T04:05:10.004709,5,5
2026-07-31 04:07:35,mediboard,경상남도,0,0,A2800008,의료법인 거붕 백병원,2801,D,28,6,9,59013226,1,1,28,2026-07-31T04:05:10.004709,7,10
2026-07-31 04:07:35,mediboard,경상남도,0,0,A2800005,의료법인 대우의료재단대우병원,2801,D,28,6,9,59013006,1,1,28,2026-07-31T04:05:10.004709,7,10
2026-07-31 04:07:35,mediboard,경상남도,0,0,A2800015,의료법인 문병욱의료재단 진주고려병원,2811,D,28,9,10,59013326,1,1,28,2026-07-31T04:05:10.004709,10,11
2026-07-31 04:07:35,mediboard,경상남도,0,0,A2800022,의료법인 성념의료재단맑은샘병원,2801,D,28,8,9,59013378,1,1,28,2026-07-31T04:05:10.004709,9,10
2026-07-31 04:07:35,mediboard,경상남도,0,0,A2800094,의료법인 이도의료재단 남해병원,2805,D,28,8,8,59013173,2,2,28,2026-07-31T04:05:10.004709,10,10
2026-07-31 04:07:35,mediboard,경상남도,0,0,A2800014,의료법인갑을의료재단 갑을장유병원,2804,D,28,8,9,59013228,1,1,28,2026-07-31T04:05:10.004709,9,10
2026-07-31 04:07:35,mediboard,경상남도,0,0,A2800006,의료법인숭인의료재단 김해복음병원,2804,C,28,12,16,59013273,4,4,28,2026-07-31T04:05:10.004709,16,20
2026-07-31 04:07:35,mediboard,경상남도,0,0,A2800068,의료법인승연의료재단 삼천포서울병원,2807,D,28,9,9,59013277,1,1,28,2026-07-31T04:05:10.004709,10,10
2026-07-31 04:07:35,mediboard,경상남도,0,0,A2800009,의료법인청아의료재단청아병원,2814,D,28,9,9,59013227,1,1,28,2026-07-31T04:05:10.004709,10,10
2026-07-31 04:07:35,mediboard,경상남도,0,0,A2800017,의료법인합포의료재단에스엠지연세병원,2813,C,28,15,17,59013171,3,3,28,2026-07-31T04:05:10.004709,18,20
2026-07-31 04:07:35,mediboard,경상남도,0,0,A2800010,의료법인환명의료재단 조은금강병원,2804,C,28,13,17,59013111,3,3,28,2026-07-31T04:05:10.004709,16,20
2026-07-31 04:07:35,mediboard,경상남도,0,0,A2800003,제일병원,2811,C,28,16,17,59013110,3,3,28,2026-07-31T04:05:10.004709,19,20
2026-07-31 04:07:35,mediboard,경상남도,0,0,A2800037,진주복음병원,2811,D,28,8,9,59013007,1,1,28,2026-07-31T04:05:10.004709,9,10
2026-07-31 04:07:35,mediboard,경상남도,0,0,A2803505,창원경상국립대학교병원,2815,C,28,15,18,59013063,3,10,28,2026-07-31T04:05:10.004709,18,28
2026-07-31 04:07:35,mediboard,경상남도,0,0,A2800004,창원파티마병원,2816,C,28,9,17,59013225,3,3,28,2026-07-31T04:05:10.004709,12,20
2026-07-31 04:07:35,mediboard,경상남도,0,0,A2800007,창원한마음병원,2816,C,28,7,21,59013274,2,4,28,2026-07-31T04:05:10.004709,9,25
2026-07-31 04:07:35,mediboard,경상남도,0,0,A2800062,태황의료재단한성병원,2812,D,28,8,9,59013329,1,1,28,2026-07-31T04:05:10.004709,9,10
2026-07-31 04:07:35,mediboard,경상남도,8,8,A2800020,학교법인성균관대학삼성창원병원,2814,A,28,20,27,59013060,5,5,28,2026-07-31T04:05:10.004709,33,40
2026-07-31 04:07:35,mediboard,경상남도,0,0,A2800043,한일병원,2811,C,28,17,17,59013328,3,3,28,2026-07-31T04:05:10.004709,20,20
2026-07-31 04:07:35,mediboard,경상남도,0,0,A2800080,함양성심병원,2821,D,28,4,4,59013229,1,1,28,2026-07-31T04:05:10.004709,5,5
2026-07-31 04:07:35,mediboard,제주특별자치도,0,0,A2900003,의료법인 혜인의료재단 한국병원,2902,D,29,3,9,59013279,0,1,29,2026-07-31T04:05:10.004709,3,10
2026-07-31 04:07:35,mediboard,제주특별자치도,1,1,A2900006,의료법인중앙의료재단중앙병원,2902,C,29,8,16,59013116,3,3,29,2026-07-31T04:05:10.004709,12,20
2026-07-31 04:07:35,mediboard,제주특별자치도,0,0,A2900007,제주대학교병원,2902,C,29,9,20,59013231,4,6,29,2026-07-31T04:05:10.004709,13,26
2026-07-31 04:07:35,mediboard,제주특별자치도,4,4,A2900002,제주특별자치도서귀포의료원,2901,C,29,11,16,59013064,5,5,29,2026-07-31T04:05:10.004709,20,25
2026-07-31 04:07:35,mediboard,제주특별자치도,3,3,A2900001,제주한라병원,2902,A,29,8,17,59013379,5,5,29,2026-07-31T04:05:10.004709,16,25
2026-07-31 04:07:35,mediboard,제주특별자치도,0,0,A2900005,한마음병원,2902,C,29,7,17,59013331,1,3,29,2026-07-31T04:05:10.004709,8,20
2026-07-31 05:54:54,mediboard,서울특별시,0,0,A1100011,가톨릭대학교여의도성모병원,1120,C,11,14,15,59022273,5,5,11,2026-07-31T05:55:10.005217,19,20
2026-07-31 05:54:54,mediboard,서울특별시,8,8,A1121013,가톨릭대학교은평성모병원,1122,C,11,17,24,59022492,3,4,11,2026-07-31T05:55:10.005217,28,36
2026-07-31 05:54:54,mediboard,서울특별시,3,3,A1100043,강동경희대학교병원,1102,A,11,9,15,59022166,4,5,11,2026-07-31T05:55:10.005217,16,23
2026-07-31 05:54:54,mediboard,서울특별시,2,2,A1100006,강북삼성병원,1123,C,11,10,15,59022486,3,3,11,2026-07-31T05:55:10.005217,15,20
2026-07-31 05:54:54,mediboard,서울특별시,4,4,A1100002,건국대학교병원,1106,C,11,18,20,59022386,3,3,11,2026-07-31T05:55:10.005217,25,27
2026-07-31 05:54:54,mediboard,서울특별시,0,0,A1100039,경찰병원,1118,D,11,3,3,59022391,2,2,11,2026-07-31T05:55:10.005217,5,5
2026-07-31 05:54:54,mediboard,서울특별시,3,3,A1100001,경희대학교병원,1111,C,11,12,15,59022328,5,5,11,2026-07-31T05:55:10.005217,20,23
2026-07-31 05:54:54,mediboard,서울특별시,3,3,A1100014,고려대학교의과대학부속구로병원,1107,A,11,14,29,59022274,2,5,11,2026-07-31T05:55:10.005217,19,37
2026-07-31 05:54:54,mediboard,서울특별시,0,0,A1100026,구로성심병원,1107,D,11,5,9,59022489,1,1,11,2026-07-31T05:55:10.005217,6,10
2026-07-31 05:54:54,mediboard,서울특별시,3,3,A1100052,국립중앙의료원,1124,C,11,15,17,59022437,9,10,11,2026-07-31T05:55:10.005217,27,30
2026-07-31 05:54:54,mediboard,서울특별시,0,0,A1122033,기쁨병원,1115,D,11,4,4,59022121,1,1,11,2026-07-31T05:55:10.005217,5,5
2026-07-31 05:54:54,mediboard,서울특별시,0,0,A1100048,노원을지대학교병원,1109,C,11,16,17,59022119,5,5,11,2026-07-31T05:55:10.005217,21,22
2026-07-31 05:54:54,mediboard,서울특별시,0,0,A1100044,녹색병원,1125,D,11,3,5,59022436,5,5,11,2026-07-31T05:55:10.005217,8,10
2026-07-31 05:54:54,mediboard,서울특별시,0,0,A1100037,대림성모병원,1120,D,11,8,8,59022277,2,2,11,2026-07-31T05:55:10.005217,10,10
2026-07-31 05:54:54,mediboard,서울특별시,0,0,A1100024,명지성모병원,1120,D,11,8,8,59022117,2,2,11,2026-07-31T05:55:10.005217,10,10
2026-07-31 05:54:54,mediboard,서울특별시,0,0,A1100036,부민병원,1104,D,11,10,10,59022490,1,1,11,2026-07-31T05:55:10.005217,11,11
2026-07-31 05:54:54,mediboard,서울특별시,0,4,A1100010,삼성서울병원,1101,C,11,-5,52,59022387,4,4,11,2026-07-31T05:55:10.005217,-1,60
2026-07-31 05:54:54,mediboard,서울특별시,0,0,A1100021,삼육서울병원,1111,C,11,10,13,59022388,5,7,11,2026-07-31T05:55:10.005217,15,20
2026-07-31 05:54:54,mediboard,서울특별시,11,12,A1100017,서울대학교병원,1123,A,11,-6,24,59022116,8,8,11,2026-07-31T05:55:10.005217,11,42
2026-07-31 05:54:54,mediboard,서울특별시,0,0,A1100050,서울성심병원,1111,D,11,17,17,59022392,3,3,11,2026-07-31T05:55:10.005217,20,20
2026-07-31 05:54:54,mediboard,서울특별시,0,0,A1100029,서울적십자병원,1123,D,11,6,10,59022220,0,1,11,2026-07-31T05:55:10.005217,6,11
2026-07-31 05:54:54,mediboard,서울특별시,0,0,A1100022,서울특별시동부병원,1111,D,11,8,8,59022163,2,2,11,2026-07-31T05:55:10.005217,10,10
2026-07-31 05:54:54,mediboard,서울특별시,3,3,A1100040,서울특별시보라매병원,1112,C,11,21,31,59022221,2,3,11,2026-07-31T05:55:10.005217,26,37
2026-07-31 05:54:54,mediboard,서울특별시,0,0,A1100223,서울특별시서남병원,1119,D,11,16,17,59022167,3,3,11,2026-07-31T05:55:10.005217,19,20
2026-07-31 05:54:54,mediboard,서울특별시,1,3,A1100035,서울특별시서울의료원,1125,A,11,10,19,59022390,5,5,11,2026-07-31T05:55:10.005217,16,27
2026-07-31 05:54:54,mediboard,서울특별시,0,0,A1100028,성심의료재단강동성심병원,1102,C,11,12,15,59022389,7,9,11,2026-07-31T05:55:10.005217,19,24
2026-07-31 05:54:54,mediboard,서울특별시,0,0,A1100054,성애의료재단성애병원,1120,C,11,14,15,59022438,5,11,11,2026-07-31T05:55:10.005217,19,26
2026-07-31 05:54:54,mediboard,서울특별시,0,0,A1100032,세란병원,1123,D,11,9,10,59022276,1,1,11,2026-07-31T05:55:10.005217,10,11
2026-07-31 05:54:54,mediboard,서울특별시,4,4,A1100004,순천향대학교부속서울병원,1121,C,11,11,20,59022272,3,3,11,2026-07-31T05:55:10.005217,18,27
2026-07-31 05:54:54,mediboard,서울특별시,0,0,A1100045,씨엠병원,1120,D,11,9,9,59022332,1,1,11,2026-07-31T05:55:10.005217,10,10
2026-07-31 05:54:54,mediboard,서울특별시,1,2,A1100015,연세대학교의과대학강남세브란스병원,1101,C,11,9,21,59022488,3,3,11,2026-07-31T05:55:10.005217,13,26
2026-07-31 05:54:54,mediboard,서울특별시,6,10,A1100007,연세대학교의과대학세브란스병원,1114,C,11,-1,39,59022433,6,6,11,2026-07-31T05:55:10.005217,9,53
2026-07-31 05:54:54,mediboard,서울특별시,0,0,A1100025,의료법인동신의료재단동신병원,1114,D,11,7,9,59022435,1,1,11,2026-07-31T05:55:10.005217,8,10
2026-07-31 05:54:54,mediboard,서울특별시,0,0,A1100041,의료법인서울효천의료재단에이치플러스양지병원,1105,C,11,17,18,59022165,3,3,11,2026-07-31T05:55:10.005217,20,21
2026-07-31 05:54:54,mediboard,서울특별시,0,0,A1100023,의료법인청구성심병원,1122,D,11,10,10,59022164,1,1,11,2026-07-31T05:55:10.005217,11,11
2026-07-31 05:54:54,mediboard,서울특별시,0,0,A1100075,의료법인풍산의료재단동부제일병원,1125,D,11,7,7,59022120,1,1,11,2026-07-31T05:55:10.005217,8,8
2026-07-31 05:54:54,mediboard,서울특별시,2,2,A1100020,의료법인한전의료재단한일병원,1110,C,11,10,21,59022331,4,4,11,2026-07-31T05:55:10.005217,16,27
2026-07-31 05:54:54,mediboard,서울특별시,8,8,A1100005,이화여자대학교의과대학부속목동병원,1119,A,11,13,19,59022432,6,6,11,2026-07-31T05:55:10.005217,27,33
2026-07-31 05:54:54,mediboard,서울특별시,7,9,A1120796,이화여자대학교의과대학부속서울병원,1104,C,11,8,14,59022393,6,8,11,2026-07-31T05:55:10.005217,21,31
2026-07-31 05:54:54,mediboard,서울특별시,0,0,A1100016,인제대학교상계백병원,1109,C,11,12,16,59022434,7,7,11,2026-07-31T05:55:10.005217,19,23
2026-07-31 05:54:54,mediboard,서울특별시,9,14,A1100009,재단법인아산사회복지재단서울아산병원,1118,C,11,5,36,59022330,9,26,11,2026-07-31T05:55:10.005217,21,73
2026-07-31 05:54:54,mediboard,서울특별시,4,4,A1100003,중앙대학교병원,1112,C,11,17,22,59022271,5,5,11,2026-07-31T05:55:10.005217,26,31
2026-07-31 05:54:54,mediboard,서울특별시,6,9,A1100012,학교법인가톨릭학원가톨릭대학교서울성모병원,1115,C,11,3,28,59022219,6,8,11,2026-07-31T05:55:10.005217,13,43
2026-07-31 05:54:54,mediboard,서울특별시,4,4,A1100008,학교법인고려중앙학원고려대학교의과대학부속병원(안암병원),1117,A,11,15,30,59022329,6,9,11,2026-07-31T05:55:10.005217,25,43
2026-07-31 05:54:54,mediboard,서울특별시,0,0,A1100053,한국보훈복지의료공단중앙보훈병원,1102,C,11,21,22,59022278,3,3,11,2026-07-31T05:55:10.005217,24,25
2026-07-31 05:54:54,mediboard,서울특별시,0,0,A1100027,한국원자력의학원원자력병원,1109,D,11,7,9,59022118,3,3,11,2026-07-31T05:55:10.005217,10,12
2026-07-31 05:54:54,mediboard,서울특별시,3,3,A1100055,한림대학교강남성심병원,1120,C,11,19,20,59022334,5,5,11,2026-07-31T05:55:10.005217,27,28
2026-07-31 05:54:54,mediboard,서울특별시,3,3,A1100013,한양대학교병원,1116,A,11,18,20,59022487,10,12,11,2026-07-31T05:55:10.005217,31,35
2026-07-31 05:54:54,mediboard,서울특별시,0,0,A1100051,혜민병원,1106,D,11,9,9,59022333,1,1,11,2026-07-31T05:55:10.005217,10,10
2026-07-31 05:54:54,mediboard,서울특별시,0,0,A1100019,홍익병원,1119,D,11,8,9,59022275,1,1,11,2026-07-31T05:55:10.005217,9,10
2026-07-31 05:54:54,mediboard,서울특별시,0,0,A1100049,희명병원,1108,D,11,9,10,59022491,1,1,11,2026-07-31T05:55:10.005217,10,11
2026-07-31 05:54:54,mediboard,부산광역시,0,0,A1200028,(의)서일의료재단기장병원,1203,D,12,9,9,59022395,1,1,12,2026-07-31T05:55:10.005217,10,10
2026-07-31 05:54:54,mediboard,부산광역시,0,0,A1200004,고신대학교복음병원,1211,C,12,21,25,59022168,5,5,12,2026-07-31T05:55:10.005217,26,30
2026-07-31 05:54:54,mediboard,부산광역시,0,0,A1200045,구포성심병원,1208,D,12,9,9,59022226,1,1,12,2026-07-31T05:55:10.005217,10,10
2026-07-31 05:54:54,mediboard,부산광역시,3,3,A1200018,대동병원,1206,C,12,13,15,59022281,3,3,12,2026-07-31T05:55:10.005217,19,21
2026-07-31 05:54:54,mediboard,부산광역시,0,0,A1200015,동남권원자력의학원원자력병원,1203,D,12,7,9,59022338,1,1,12,2026-07-31T05:55:10.005217,8,10
2026-07-31 05:54:54,mediboard,부산광역시,0,0,A1200011,동래봉생병원,1206,D,12,8,8,59022441,2,2,12,2026-07-31T05:55:10.005217,10,10
2026-07-31 05:54:54,mediboard,부산광역시,3,3,A1200003,동아대학교병원,1211,A,12,21,26,59022493,7,8,12,2026-07-31T05:55:10.005217,31,37
2026-07-31 05:54:54,mediboard,부산광역시,0,0,A1200024,부산광역시의료원,1213,D,12,17,18,59022443,2,8,12,2026-07-31T05:55:10.005217,19,26
2026-07-31 05:54:54,mediboard,부산광역시,3,3,A1200002,부산대학교병원,1211,C,12,13,19,59022122,3,3,12,2026-07-31T05:55:10.005217,19,25
2026-07-31 05:54:54,mediboard,부산광역시,4,4,A1200013,부산성모병원(재단법인 천주교부산교구유지재단),1204,D,12,10,10,59022337,5,5,12,2026-07-31T05:55:10.005217,19,19
2026-07-31 05:54:54,mediboard,부산광역시,0,0,A1200007,비에이치에스한서병원,1212,C,12,12,17,59022336,3,3,12,2026-07-31T05:55:10.005217,15,20
2026-07-31 05:54:54,mediboard,부산광역시,0,0,A1200021,삼육부산병원,1211,D,12,7,9,59022224,1,1,12,2026-07-31T05:55:10.005217,8,10
2026-07-31 05:54:54,mediboard,부산광역시,0,0,A1200014,영도병원,1214,D,12,7,7,59022223,2,2,12,2026-07-31T05:55:10.005217,9,9
2026-07-31 05:54:54,mediboard,부산광역시,0,0,A1200009,의료법인 광혜의료재단 광혜병원,1206,D,12,9,9,59022440,3,3,12,2026-07-31T05:55:10.005217,12,12
2026-07-31 05:54:54,mediboard,부산광역시,0,0,A1200098,의료법인 센텀의료재단 센텀종합병원,1212,D,12,8,9,59022339,1,1,12,2026-07-31T05:55:10.005217,9,10
2026-07-31 05:54:54,mediboard,부산광역시,0,0,A1200020,의료법인 온그룹의료재단 온병원,1207,C,12,16,20,59022123,3,3,12,2026-07-31T05:55:10.005217,19,23
2026-07-31 05:54:54,mediboard,부산광역시,0,0,A1200008,의료법인 은성의료재단 좋은강안병원,1212,D,12,16,18,59022279,3,3,12,2026-07-31T05:55:10.005217,19,21
2026-07-31 05:54:54,mediboard,부산광역시,1,1,A1200005,의료법인 은성의료재단 좋은삼선병원,1209,C,12,13,13,59022222,5,6,12,2026-07-31T05:55:10.005217,19,20
2026-07-31 05:54:54,mediboard,부산광역시,0,0,A1200006,의료법인 인당의료재단 부민병원,1208,D,12,5,10,59022439,2,2,12,2026-07-31T05:55:10.005217,7,12
2026-07-31 05:54:54,mediboard,부산광역시,0,0,A1205143,의료법인 인당의료재단 해운대부민병원,1216,D,12,8,9,59022396,1,1,12,2026-07-31T05:55:10.005217,9,10
2026-07-31 05:54:54,mediboard,부산광역시,0,0,A1200012,의료법인 행도의료재단 해동병원,1214,D,12,6,6,59022169,1,1,12,2026-07-31T05:55:10.005217,7,7
2026-07-31 05:54:54,mediboard,부산광역시,0,0,A1200017,의료법인정화의료재단 봉생기념병원,1205,D,12,7,9,59022280,2,2,12,2026-07-31T05:55:10.005217,9,11
2026-07-31 05:54:54,mediboard,부산광역시,1,3,A1200022,인제대학교 해운대백병원,1216,A,12,21,29,59022394,5,5,12,2026-07-31T05:55:10.005217,27,37
2026-07-31 05:54:54,mediboard,부산광역시,0,0,A1200001,인제대학교부산백병원,1207,C,12,14,18,59022335,3,3,12,2026-07-31T05:55:10.005217,17,21
2026-07-31 05:54:54,mediboard,부산광역시,0,0,A1200023,재단법인천주교부산교구유지재단 메리놀병원,1215,D,12,9,9,59022225,1,1,12,2026-07-31T05:55:10.005217,10,10
2026-07-31 05:54:54,mediboard,부산광역시,1,2,A1200026,좋은문화병원,1205,D,12,5,7,59022125,3,3,12,2026-07-31T05:55:10.005217,9,12
2026-07-31 05:54:54,mediboard,부산광역시,0,0,A1200025,학교법인 춘해병원,1207,D,12,9,9,59022124,1,1,12,2026-07-31T05:55:10.005217,10,10
2026-07-31 05:54:54,mediboard,부산광역시,0,0,A1200019,학교법인)동의병원,1207,D,12,13,14,59022170,1,1,12,2026-07-31T05:55:10.005217,14,15
2026-07-31 05:54:54,mediboard,부산광역시,0,0,A1200016,한국보훈복지의료공단 부산보훈병원,1209,D,12,10,11,59022442,2,2,12,2026-07-31T05:55:10.005217,12,13
2026-07-31 05:54:54,mediboard,인천광역시,0,0,A1300081,(재)미리내천주성삼성직수도회천주성삼병원,1307,D,13,7,9,59022341,1,2,13,2026-07-31T05:55:10.005217,8,11
2026-07-31 05:54:54,mediboard,인천광역시,0,0,A1300018,강남종합병원,1304,D,13,14,15,59022448,1,1,13,2026-07-31T05:55:10.005217,15,16
2026-07-31 05:54:54,mediboard,인천광역시,3,4,A1300002,경북대학교병원,1308,A,13,18,27,59022444,5,5,13,2026-07-31T05:55:10.005217,26,36
2026-07-31 05:54:54,mediboard,인천광역시,0,0,A1303386,계명대학교대구동산병원,1308,D,13,11,12,59022172,2,2,13,2026-07-31T05:55:10.005217,13,14
2026-07-31 05:54:54,mediboard,인천광역시,0,0,A1300003,계명대학교동산병원,1302,C,13,10,20,59022126,2,5,13,2026-07-31T05:55:10.005217,12,25
2026-07-31 05:54:54,mediboard,인천광역시,0,0,A1300008,곽병원,1308,D,13,9,10,59022447,2,2,13,2026-07-31T05:55:10.005217,11,12
2026-07-31 05:54:54,mediboard,인천광역시,0,0,A1300038,나사렛종합병원,1302,D,13,7,9,59022494,2,10,13,2026-07-31T05:55:10.005217,9,19
2026-07-31 05:54:54,mediboard,인천광역시,0,0,A1300004,대구가톨릭대학교병원,1301,C,13,20,24,59022228,4,4,13,2026-07-31T05:55:10.005217,24,28
2026-07-31 05:54:54,mediboard,인천광역시,0,0,A1300005,대구가톨릭대학교칠곡가톨릭병원,1305,D,13,6,9,59022445,1,1,13,2026-07-31T05:55:10.005217,7,10
2026-07-31 05:54:54,mediboard,인천광역시,0,0,A1300076,대구굿모닝병원,1306,D,13,17,17,59022449,2,2,13,2026-07-31T05:55:10.005217,19,19
2026-07-31 05:54:54,mediboard,인천광역시,0,0,A1300007,대구의료원,1306,D,13,16,18,59022446,2,2,13,2026-07-31T05:55:10.005217,18,20
2026-07-31 05:54:54,mediboard,인천광역시,5,5,A1300009,대구파티마병원,1304,C,13,12,25,59022229,7,7,13,2026-07-31T05:55:10.005217,24,37
2026-07-31 05:54:54,mediboard,인천광역시,0,0,A1300110,더블유병원,1302,D,13,10,10,59022282,1,1,13,2026-07-31T05:55:10.005217,11,11
2026-07-31 05:54:54,mediboard,인천광역시,0,0,A1300034,드림종합병원,1301,D,13,7,8,59022340,2,2,13,2026-07-31T05:55:10.005217,9,10
2026-07-31 05:54:54,mediboard,인천광역시,0,0,A1300045,삼일병원,1302,D,13,9,14,59022231,1,1,13,2026-07-31T05:55:10.005217,10,15
2026-07-31 05:54:54,mediboard,인천광역시,3,3,A1300001,영남대학교병원,1301,A,13,17,28,59022227,5,5,13,2026-07-31T05:55:10.005217,25,36
2026-07-31 05:54:54,mediboard,인천광역시,0,0,A1300006,의료법인구의료재단구병원,1302,D,13,9,10,59022171,1,1,13,2026-07-31T05:55:10.005217,10,11
2026-07-31 05:54:54,mediboard,인천광역시,9,9,A1300010,칠곡경북대학교병원,1305,C,13,15,23,59022397,6,6,13,2026-07-31T05:55:10.005217,28,36
2026-07-31 05:54:54,mediboard,인천광역시,0,0,A1300011,한국보훈복지의료공단대구보훈병원,1302,D,13,10,12,59022230,2,2,13,2026-07-31T05:55:10.005217,12,14
2026-07-31 05:54:54,mediboard,대구광역시,0,0,A1400008,(의)성세의료재단 뉴성민병원,1407,D,14,8,9,59022174,1,1,14,2026-07-31T05:55:10.005217,9,10
2026-07-31 05:54:54,mediboard,대구광역시,3,3,A1400015,가톨릭관동대학교국제성모병원,1407,C,14,12,23,59022285,5,5,14,2026-07-31T05:55:10.005217,20,31
2026-07-31 05:54:54,mediboard,대구광역시,4,4,A1400012,가톨릭대학교 인천성모병원,1406,C,14,14,19,59022399,7,8,14,2026-07-31T05:55:10.005217,25,31
2026-07-31 05:54:54,mediboard,대구광역시,0,0,A1400010,검단탑병원,1407,C,14,17,18,59022127,3,3,14,2026-07-31T05:55:10.005217,20,21
2026-07-31 05:54:54,mediboard,대구광역시,0,0,A1403617,비에스종합병원,1401,D,14,7,10,59022344,1,1,14,2026-07-31T05:55:10.005217,8,11
2026-07-31 05:54:54,mediboard,대구광역시,0,0,A1400013,안은의료재단 부평세림병원,1406,C,14,14,16,59022284,4,4,14,2026-07-31T05:55:10.005217,18,20
2026-07-31 05:54:54,mediboard,대구광역시,0,0,A1400005,온누리병원,1407,D,14,9,9,59022398,2,2,14,2026-07-31T05:55:10.005217,11,11
2026-07-31 05:54:54,mediboard,대구광역시,9,11,A1400001,의료법인 길의료재단 길병원,1404,A,14,15,25,59022450,7,7,14,2026-07-31T05:55:10.005217,29,41
2026-07-31 05:54:54,mediboard,대구광역시,0,0,A1400011,의료법인 나사렛의료재단 나사렛국제병원,1408,C,14,15,17,59022128,3,5,14,2026-07-31T05:55:10.005217,18,22
2026-07-31 05:54:54,mediboard,대구광역시,0,0,A1400003,의료법인 루가의료재단 나은병원,1407,C,14,9,11,59022173,10,10,14,2026-07-31T05:55:10.005217,19,21
2026-07-31 05:54:54,mediboard,대구광역시,0,0,A1400007,의료법인 성수의료재단 인천백병원,1405,D,14,5,5,59022283,1,1,14,2026-07-31T05:55:10.005217,6,6
2026-07-31 05:54:54,mediboard,대구광역시,0,0,A1400014,의료법인인성의료재단한림병원,1402,C,14,12,17,59022400,4,4,14,2026-07-31T05:55:10.005217,16,21
2026-07-31 05:54:54,mediboard,대구광역시,0,0,A1400017,인천광역시의료원,1405,D,14,14,15,59022176,2,2,14,2026-07-31T05:55:10.005217,16,17
2026-07-31 05:54:54,mediboard,대구광역시,0,0,A1400037,인천광역시의료원백령병원,1409,D,14,5,5,59022287,1,1,14,2026-07-31T05:55:10.005217,6,6
2026-07-31 05:54:54,mediboard,대구광역시,0,0,A1400009,인천기독병원,1410,D,14,8,8,59022175,1,1,14,2026-07-31T05:55:10.005217,9,9
2026-07-31 05:54:54,mediboard,대구광역시,0,0,A1400016,인천사랑병원,1403,C,14,9,14,59022342,7,7,14,2026-07-31T05:55:10.005217,16,21
2026-07-31 05:54:54,mediboard,대구광역시,0,0,A1403372,인천세종병원,1402,C,14,10,18,59022343,3,3,14,2026-07-31T05:55:10.005217,13,21
2026-07-31 05:54:54,mediboard,대구광역시,0,0,A1400018,인천적십자병원,1408,D,14,8,8,59022286,2,2,14,2026-07-31T05:55:10.005217,10,10
2026-07-31 05:54:54,mediboard,대구광역시,0,0,A1403871,인천힘찬종합병원,1404,D,14,15,17,59022401,3,6,14,2026-07-31T05:55:10.005217,18,23
2026-07-31 05:54:54,mediboard,대구광역시,9,9,A1400002,인하대학교의과대학부속병원,1410,A,14,14,20,59022232,8,9,14,2026-07-31T05:55:10.005217,29,36
2026-07-31 05:54:54,mediboard,대구광역시,0,0,A1400004,현대유비스병원,1403,D,14,18,19,59022451,1,1,14,2026-07-31T05:55:10.005217,19,20
2026-07-31 05:54:54,mediboard,광주광역시,6,7,A1500019,KS병원,1501,C,15,9,15,59022402,3,3,15,2026-07-31T05:55:10.005217,18,25
2026-07-31 05:54:54,mediboard,광주광역시,0,0,A1500021,광주기독병원,1502,C,15,13,20,59022403,3,6,15,2026-07-31T05:55:10.005217,16,26
2026-07-31 05:54:54,mediboard,광주광역시,0,0,A1500015,광주병원,1504,D,15,9,10,59022131,1,1,15,2026-07-31T05:55:10.005217,10,11
2026-07-31 05:54:54,mediboard,광주광역시,0,0,A1500004,광주보훈병원,1501,D,15,12,14,59022233,2,2,15,2026-07-31T05:55:10.005217,14,16
2026-07-31 05:54:54,mediboard,광주광역시,0,0,A1502007,광주센트럴병원,1501,D,15,9,10,59022455,1,1,15,2026-07-31T05:55:10.005217,10,11
2026-07-31 05:54:54,mediboard,광주광역시,0,0,A1500018,광주수완병원,1501,D,15,8,9,59022132,0,1,15,2026-07-31T05:55:10.005217,8,10
2026-07-31 05:54:54,mediboard,광주광역시,0,0,A1500009,광주씨티병원,1502,D,15,10,10,59022129,1,1,15,2026-07-31T05:55:10.005217,11,11
2026-07-31 05:54:54,mediboard,광주광역시,0,0,A1500005,광주일곡병원,1504,D,15,8,9,59022495,1,1,15,2026-07-31T05:55:10.005217,9,10
2026-07-31 05:54:54,mediboard,광주광역시,0,0,A1500016,광주한국병원,1505,D,15,8,15,59022347,1,1,15,2026-07-31T05:55:10.005217,9,16
2026-07-31 05:54:54,mediboard,광주광역시,0,0,A1500003,광주현대병원,1504,D,15,7,9,59022345,2,2,15,2026-07-31T05:55:10.005217,9,11
2026-07-31 05:54:54,mediboard,광주광역시,0,0,A1500007,광주희망병원,1504,D,15,8,9,59022177,1,1,15,2026-07-31T05:55:10.005217,9,10
2026-07-31 05:54:54,mediboard,광주광역시,0,0,A1500013,동아병원,1502,D,15,8,9,59022130,1,1,15,2026-07-31T05:55:10.005217,9,10
2026-07-31 05:54:54,mediboard,광주광역시,0,0,A1500014,미래로21병원,1505,D,15,9,9,59022346,1,1,15,2026-07-31T05:55:10.005217,10,10
2026-07-31 05:54:54,mediboard,광주광역시,0,0,A1500022,상무병원,1505,D,15,7,9,59022454,1,1,15,2026-07-31T05:55:10.005217,8,10
2026-07-31 05:54:54,mediboard,광주광역시,2,2,A1500020,서광병원,1505,C,15,16,18,59022498,3,3,15,2026-07-31T05:55:10.005217,21,23
2026-07-31 05:54:54,mediboard,광주광역시,0,0,A1500006,신가병원,1501,D,15,9,9,59022496,2,2,15,2026-07-31T05:55:10.005217,11,11
2026-07-31 05:54:54,mediboard,광주광역시,0,0,A1500010,운암한국병원,1504,D,15,7,9,59022453,1,1,15,2026-07-31T05:55:10.005217,8,10
2026-07-31 05:54:54,mediboard,광주광역시,4,4,A1500002,전남대학교병원,1503,A,15,12,28,59022452,3,7,15,2026-07-31T05:55:10.005217,19,39
2026-07-31 05:54:54,mediboard,광주광역시,4,4,A1500001,조선대학교병원,1503,A,15,18,23,59022288,4,5,15,2026-07-31T05:55:10.005217,26,32
2026-07-31 05:54:54,mediboard,광주광역시,0,0,A1500011,첨단종합병원,1501,C,15,20,22,59022497,3,3,15,2026-07-31T05:55:10.005217,23,25
2026-07-31 05:54:54,mediboard,광주광역시,0,0,A1500017,하남성심병원,1501,D,15,19,19,59022289,1,2,15,2026-07-31T05:55:10.005217,20,21
2026-07-31 05:54:54,mediboard,대전광역시,0,0,A1600004,대전보훈병원,1601,D,16,7,7,59022133,2,2,16,2026-07-31T05:55:10.005217,9,9
2026-07-31 05:54:54,mediboard,대전광역시,0,0,A1600003,대전한국병원,1602,D,16,5,9,59022290,1,1,16,2026-07-31T05:55:10.005217,6,10
2026-07-31 05:54:54,mediboard,대전광역시,0,0,A1602246,대청병원,1603,D,16,8,9,59022404,1,1,16,2026-07-31T05:55:10.005217,9,10
2026-07-31 05:54:54,mediboard,대전광역시,0,0,A1600008,의료법인영훈의료재단대전선병원,1605,C,16,15,17,59022291,4,9,16,2026-07-31T05:55:10.005217,19,26
2026-07-31 05:54:54,mediboard,대전광역시,0,0,A1600007,의료법인영훈의료재단유성선병원,1604,C,16,15,17,59022179,3,7,16,2026-07-31T05:55:10.005217,18,24
2026-07-31 05:54:54,mediboard,대전광역시,0,6,A1600001,충남대학교병원,1605,A,16,21,28,59022234,5,5,16,2026-07-31T05:55:10.005217,26,39
2026-07-31 05:54:54,mediboard,대전광역시,0,0,A1600005,학교법인가톨릭학원가톨릭대학교대전성모병원,1605,C,16,14,19,59022499,3,3,16,2026-07-31T05:55:10.005217,17,22
2026-07-31 05:54:54,mediboard,대전광역시,5,5,A1600006,학교법인건양교육재단건양대학교병원,1603,A,16,18,24,59022178,5,5,16,2026-07-31T05:55:10.005217,28,34
2026-07-31 05:54:54,mediboard,대전광역시,0,0,A1600002,학교법인을지학원대전을지대학교병원,1603,C,16,22,23,59022456,6,6,16,2026-07-31T05:55:10.005217,28,29
2026-07-31 05:54:54,mediboard,울산광역시,0,0,A1700001,서울산보람병원,1704,D,17,8,10,59022180,1,1,17,2026-07-31T05:55:10.005217,9,11
2026-07-31 05:54:54,mediboard,울산광역시,0,0,A1700003,울산병원,1701,C,17,16,19,59022348,3,3,17,2026-07-31T05:55:10.005217,19,22
2026-07-31 05:54:54,mediboard,울산광역시,0,0,A1700002,의료법인동강의료재단동강병원,1705,C,17,19,24,59022405,3,3,17,2026-07-31T05:55:10.005217,22,27
2026-07-31 05:54:54,mediboard,울산광역시,0,0,A1700025,의료법인송은의료재단울산시티병원,1703,C,17,15,17,59022349,3,3,17,2026-07-31T05:55:10.005217,18,20
2026-07-31 05:54:54,mediboard,울산광역시,0,0,A1700011,의료법인은성의료재단좋은삼정병원,1701,D,17,8,9,59022406,1,1,17,2026-07-31T05:55:10.005217,9,10
2026-07-31 05:54:54,mediboard,울산광역시,0,0,A1700028,의료법인정안의료재단중앙병원,1701,C,17,16,17,59022235,3,3,17,2026-07-31T05:55:10.005217,19,20
2026-07-31 05:54:54,mediboard,울산광역시,8,8,A1700004,학교법인울산공업학원울산대학교병원,1702,A,17,17,23,59022292,6,6,17,2026-07-31T05:55:10.005217,31,37
2026-07-31 05:54:54,mediboard,경기도,0,0,A2100019,(의)영문의료재단다보스병원,2136,C,21,11,13,59022136,7,7,21,2026-07-31T05:55:10.005217,18,20
2026-07-31 05:54:54,mediboard,경기도,0,0,A2100122,(의)효심의료재단용인서울병원,2136,D,21,10,10,59022508,0,0,21,2026-07-31T05:55:10.005217,10,10
2026-07-31 05:54:54,mediboard,경기도,0,0,A2100052,가톨릭대학교부천성모병원,2113,C,21,23,31,59022141,6,6,21,2026-07-31T05:55:10.005217,29,37
2026-07-31 05:54:54,mediboard,경기도,8,8,A2100012,가톨릭대학교성빈센트병원,2122,C,21,22,28,59022293,6,6,21,2026-07-31T05:55:10.005217,34,40
2026-07-31 05:54:54,mediboard,경기도,11,11,A2100040,가톨릭대학교의정부성모병원,2138,A,21,30,44,59022188,6,6,21,2026-07-31T05:55:10.005217,47,61
2026-07-31 05:54:54,mediboard,경기도,0,0,A2100029,강남병원,2134,C,21,17,17,59022409,3,3,21,2026-07-31T05:55:10.005217,20,20
2026-07-31 05:54:54,mediboard,경기도,0,0,A2100032,경기도의료원수원병원,2121,D,21,7,8,59022351,5,5,21,2026-07-31T05:55:10.005217,12,13
2026-07-31 05:54:54,mediboard,경기도,0,0,A2100045,경기도의료원안성병원,2126,D,21,12,14,59022352,1,5,21,2026-07-31T05:55:10.005217,13,19
2026-07-31 05:54:54,mediboard,경기도,0,0,A2100043,경기도의료원의정부병원,2138,D,21,10,10,59022504,1,1,21,2026-07-31T05:55:10.005217,11,11
2026-07-31 05:54:54,mediboard,경기도,0,0,A2100193,경기도의료원이천병원,2139,C,21,15,17,59022190,3,3,21,2026-07-31T05:55:10.005217,18,20
2026-07-31 05:54:54,mediboard,경기도,0,0,A2100035,경기도의료원파주병원,2140,C,21,14,17,59022139,3,3,21,2026-07-31T05:55:10.005217,17,20
2026-07-31 05:54:54,mediboard,경기도,0,0,A2100031,경기도의료원포천병원,2142,C,21,17,17,59022296,3,3,21,2026-07-31T05:55:10.005217,20,20
2026-07-31 05:54:54,mediboard,경기도,4,4,A2100003,고려대학교의과대학부속안산병원,2124,A,21,16,22,59022183,8,8,21,2026-07-31T05:55:10.005217,28,34
2026-07-31 05:54:54,mediboard,경기도,4,4,A2100007,광명성애병원,2106,C,21,6,11,59022458,5,5,21,2026-07-31T05:55:10.005217,15,20
2026-07-31 05:54:54,mediboard,경기도,0,0,A2100258,국군수도병원,2116,D,21,16,16,59022411,0,2,21,2026-07-31T05:55:10.005217,16,18
2026-07-31 05:54:54,mediboard,경기도,0,0,A2100049,국립암센터,2103,D,21,9,24,59022298,1,1,21,2026-07-31T05:55:10.005217,10,25
2026-07-31 05:54:54,mediboard,경기도,2,5,A2100033,국민건강보험공단일산병원,2103,A,21,15,23,59022502,5,5,21,2026-07-31T05:55:10.005217,22,33
2026-07-31 05:54:54,mediboard,경기도,0,0,A2100014,근로복지공단안산병원,2125,D,21,6,7,59022237,1,1,21,2026-07-31T05:55:10.005217,7,8
2026-07-31 05:54:54,mediboard,경기도,0,0,A2100041,남양주한양병원,2111,C,21,12,17,59022503,3,3,21,2026-07-31T05:55:10.005217,15,20
2026-07-31 05:54:54,mediboard,경기도,0,0,A2100017,대아의료재단한도병원,2124,C,21,16,17,59022238,3,3,21,2026-07-31T05:55:10.005217,19,20
2026-07-31 05:54:54,mediboard,경기도,3,3,A2100025,대진의료재단분당제생병원,2116,C,21,16,24,59022460,3,3,21,2026-07-31T05:55:10.005217,22,30
2026-07-31 05:54:54,mediboard,경기도,3,3,A2100047,동국대학교일산불교병원,2103,C,21,16,19,59022297,7,7,21,2026-07-31T05:55:10.005217,26,29
2026-07-31 05:54:54,mediboard,경기도,0,0,A2100131,메디인병원,2140,D,21,11,12,59022462,2,2,21,2026-07-31T05:55:10.005217,13,14
2026-07-31 05:54:54,mediboard,경기도,0,0,A2121142,메디필드한강병원,2136,D,21,17,17,59022467,3,3,21,2026-07-31T05:55:10.005217,20,20
2026-07-31 05:54:54,mediboard,경기도,0,0,A2100055,부천세종병원,2113,C,21,16,17,59022243,3,3,21,2026-07-31T05:55:10.005217,19,20
2026-07-31 05:54:54,mediboard,경기도,3,5,A2100001,분당서울대학교병원,2116,A,21,-7,30,59022182,4,5,21,2026-07-31T05:55:10.005217,0,40
2026-07-31 05:54:54,mediboard,경기도,6,6,A2116806,성남시의료원,2117,C,21,14,17,59022466,6,6,21,2026-07-31T05:55:10.005217,26,29
2026-07-31 05:54:54,mediboard,경기도,0,0,A2100194,세종여주병원,2131,D,21,3,6,59022142,9,10,21,2026-07-31T05:55:10.005217,12,16
2026-07-31 05:54:54,mediboard,경기도,0,0,A2100016,순천의료재단성남정병원,2117,D,21,9,9,59022186,2,2,21,2026-07-31T05:55:10.005217,11,11
2026-07-31 05:54:54,mediboard,경기도,4,5,A2100005,순천향대학교부속부천병원,2113,A,21,12,17,59022135,5,5,21,2026-07-31T05:55:10.005217,21,27
2026-07-31 05:54:54,mediboard,경기도,11,14,A2100002,아주대학교병원,2120,A,21,23,32,59022236,10,13,21,2026-07-31T05:55:10.005217,40,54
2026-07-31 05:54:54,mediboard,경기도,0,0,A2100305,안성성모병원,2126,D,21,8,9,59022465,1,1,21,2026-07-31T05:55:10.005217,9,10
2026-07-31 05:54:54,mediboard,경기도,0,0,A2100089,양평병원,2130,D,21,9,9,59022354,1,1,21,2026-07-31T05:55:10.005217,10,10
2026-07-31 05:54:54,mediboard,경기도,0,0,A2118188,엘병원,2111,D,21,8,8,59022356,1,2,21,2026-07-31T05:55:10.005217,9,10
2026-07-31 05:54:54,mediboard,경기도,6,6,A2100020,연세대학교의과대학용인세브란스병원,2134,C,21,14,16,59022500,4,4,21,2026-07-31T05:55:10.005217,24,26
2026-07-31 05:54:54,mediboard,경기도,0,0,E2100187,연천군보건의료원,2132,D,21,10,10,59022160,0,0,21,2026-07-31T05:55:10.005217,10,10
2026-07-31 05:54:54,mediboard,경기도,0,0,A2100024,오산한국병원,2133,C,21,15,17,59022501,3,3,21,2026-07-31T05:55:10.005217,18,20
2026-07-31 05:54:54,mediboard,경기도,0,0,A2100048,원광대학교산본병원,2109,C,21,16,17,59022242,2,3,21,2026-07-31T05:55:10.005217,18,20
2026-07-31 05:54:54,mediboard,경기도,0,0,A2100013,의료법인 록향의료재단 신천연합병원,2123,D,21,8,10,59022459,1,1,21,2026-07-31T05:55:10.005217,9,11
2026-07-31 05:54:54,mediboard,경기도,0,0,A2100036,의료법인 일심의료재단 포천우리병원,2142,D,21,17,18,59022241,4,4,21,2026-07-31T05:55:10.005217,21,22
2026-07-31 05:54:54,mediboard,경기도,0,0,A2100309,의료법인갈렌의료재단박병원,2141,D,21,8,10,59022300,1,1,21,2026-07-31T05:55:10.005217,9,11
2026-07-31 05:54:54,mediboard,경기도,5,5,A2100008,의료법인남촌의료재단시화병원,2123,C,21,14,16,59022184,6,6,21,2026-07-31T05:55:10.005217,25,27
2026-07-31 05:54:54,mediboard,경기도,0,0,A2100009,의료법인녹산의료재단동수원병원,2122,C,21,17,17,59022350,2,3,21,2026-07-31T05:55:10.005217,19,20
2026-07-31 05:54:54,mediboard,경기도,0,0,A2100050,의료법인대인의료재단다니엘종합병원,2113,D,21,6,6,59022506,4,4,21,2026-07-31T05:55:10.005217,10,10
2026-07-31 05:54:54,mediboard,경기도,3,3,A2121061,의료법인덕산의료재단수원덕산병원,2119,D,21,22,24,59022509,3,3,21,2026-07-31T05:55:10.005217,28,30
2026-07-31 05:54:54,mediboard,경기도,0,0,A2117135,의료법인명인의료재단화홍병원,2119,C,21,13,15,59022245,5,5,21,2026-07-31T05:55:10.005217,18,20
2026-07-31 05:54:54,mediboard,경기도,3,3,A2100042,의료법인명지의료재단명지병원,2102,A,21,6,15,59022461,9,11,21,2026-07-31T05:55:10.005217,15,26
2026-07-31 05:54:54,mediboard,경기도,0,0,A2100022,의료법인박애의료재단박애병원,2141,D,21,10,10,59022239,1,1,21,2026-07-31T05:55:10.005217,11,11
2026-07-31 05:54:54,mediboard,경기도,0,0,A2100028,의료법인백송의료재단굿모닝병원,2141,C,21,15,19,59022240,9,9,21,2026-07-31T05:55:10.005217,24,28
2026-07-31 05:54:54,mediboard,경기도,0,0,A2100027,의료법인석경의료재단센트럴병원,2123,D,21,18,18,59022295,3,3,21,2026-07-31T05:55:10.005217,21,21
2026-07-31 05:54:54,mediboard,경기도,0,0,A2116972,의료법인성광의료재단일산차병원,2103,D,21,6,6,59022244,4,4,21,2026-07-31T05:55:10.005217,10,10
2026-07-31 05:54:54,mediboard,경기도,0,0,A2113246,의료법인양진의료재단평택성모병원,2141,C,21,16,17,59022301,3,3,21,2026-07-31T05:55:10.005217,19,20
2026-07-31 05:54:54,mediboard,경기도,0,0,A2100034,의료법인영동의료재단의정부백병원,2138,D,21,10,10,59022138,2,2,21,2026-07-31T05:55:10.005217,12,12
2026-07-31 05:54:54,mediboard,경기도,0,0,A2100053,의료법인우리의료재단김포우리병원,2110,C,21,21,22,59022353,7,7,21,2026-07-31T05:55:10.005217,28,29
2026-07-31 05:54:54,mediboard,경기도,0,0,A2115699,의료법인원광의료재단원광종합병원,2146,D,21,9,9,59022191,1,1,21,2026-07-31T05:55:10.005217,10,10
2026-07-31 05:54:54,mediboard,경기도,0,0,A2100018,의료법인은혜와감사의료재단화성중앙종합병원,2144,D,21,8,9,59022408,1,1,21,2026-07-31T05:55:10.005217,9,10
2026-07-31 05:54:54,mediboard,경기도,0,0,A2100006,의료법인인봉의료재단뉴고려병원,2110,C,21,12,14,59022457,6,6,21,2026-07-31T05:55:10.005217,18,20
2026-07-31 05:54:54,mediboard,경기도,0,0,A2100290,의료법인자인의료재단(더자인병원),2102,D,21,16,16,59022299,4,4,21,2026-07-31T05:55:10.005217,20,20
2026-07-31 05:54:54,mediboard,경기도,0,0,A2100124,의료법인칠석의료재단사랑의병원,2125,D,21,13,13,59022189,1,1,21,2026-07-31T05:55:10.005217,14,14
2026-07-31 05:54:54,mediboard,경기도,0,0,A2100175,의료법인토마스의료재단윌스기념병원,2122,D,21,18,18,59022464,3,3,21,2026-07-31T05:55:10.005217,21,21
2026-07-31 05:54:54,mediboard,경기도,0,0,A2100021,의료법인플러스의료재단단원병원,2124,D,21,15,17,59022294,3,3,21,2026-07-31T05:55:10.005217,18,20
2026-07-31 05:54:54,mediboard,경기도,0,4,A2100038,인제대학교일산백병원,2104,C,21,28,34,59022410,5,6,21,2026-07-31T05:55:10.005217,33,44
2026-07-31 05:54:54,mediboard,경기도,0,0,A2118788,중앙대학교광명병원,2106,C,21,19,21,59022143,3,3,21,2026-07-31T05:55:10.005217,22,24
2026-07-31 05:54:54,mediboard,경기도,10,13,A2100030,차의과학대학교분당차병원,2116,A,21,20,22,59022137,7,7,21,2026-07-31T05:55:10.005217,35,40
2026-07-31 05:54:54,mediboard,경기도,1,1,A2100155,참조은병원,2107,C,21,8,9,59022463,10,10,21,2026-07-31T05:55:10.005217,19,20
2026-07-31 05:54:54,mediboard,경기도,0,0,A2100150,추병원,2138,D,21,12,12,59022355,2,2,21,2026-07-31T05:55:10.005217,14,14
2026-07-31 05:54:54,mediboard,경기도,6,6,A2117994,학교법인을지학원의정부을지대학교병원,2138,C,21,30,30,59022246,11,11,21,2026-07-31T05:55:10.005217,47,47
2026-07-31 05:54:54,mediboard,경기도,9,9,A2100046,한림대학교동탄성심병원,2147,C,21,30,32,59022505,3,3,21,2026-07-31T05:55:10.005217,42,44
2026-07-31 05:54:54,mediboard,경기도,3,3,A2100004,한림대학교성심병원,2127,A,21,19,25,59022134,9,11,21,2026-07-31T05:55:10.005217,31,39
2026-07-31 05:54:54,mediboard,경기도,0,0,A2100039,한양대학교구리병원,2108,C,21,17,18,59022187,5,5,21,2026-07-31T05:55:10.005217,22,23
2026-07-31 05:54:54,mediboard,경기도,0,0,A2100037,현대병원,2111,C,21,15,17,59022140,3,3,21,2026-07-31T05:55:10.005217,18,20
2026-07-31 05:54:54,mediboard,경기도,0,0,A2100015,효산의료재단안양샘병원,2128,C,21,16,17,59022185,3,3,21,2026-07-31T05:55:10.005217,19,20
2026-07-31 05:54:54,mediboard,경기도,0,0,A2100054,효산의료재단지샘병원,2109,C,21,16,18,59022507,4,4,21,2026-07-31T05:55:10.005217,20,22
2026-07-31 05:54:54,mediboard,강원특별자치도,3,3,A2200008,강릉아산병원,2201,A,22,17,23,59022357,5,5,22,2026-07-31T05:55:10.005217,25,31
2026-07-31 05:54:54,mediboard,강원특별자치도,3,3,A2200009,강원대학교병원,2213,C,22,18,21,59022510,5,5,22,2026-07-31T05:55:10.005217,26,29
2026-07-31 05:54:54,mediboard,강원특별자치도,0,0,A2200011,강원특별자치도강릉의료원,2201,D,22,4,5,59022303,1,1,22,2026-07-31T05:55:10.005217,5,6
2026-07-31 05:54:54,mediboard,강원특별자치도,1,1,A2200007,강원특별자치도삼척의료원,2204,C,22,13,16,59022144,3,5,22,2026-07-31T05:55:10.005217,17,22
2026-07-31 05:54:54,mediboard,강원특별자치도,0,0,A2200012,강원특별자치도속초의료원,2205,C,22,15,17,59022511,3,3,22,2026-07-31T05:55:10.005217,18,20
2026-07-31 05:54:54,mediboard,강원특별자치도,0,0,A2200002,강원특별자치도영월의료원,2208,D,22,9,9,59022192,1,1,22,2026-07-31T05:55:10.005217,10,10
2026-07-31 05:54:54,mediboard,강원특별자치도,0,0,A2200015,강원특별자치도원주의료원,2209,D,22,12,17,59022305,3,3,22,2026-07-31T05:55:10.005217,15,20
2026-07-31 05:54:54,mediboard,강원특별자치도,0,0,A2200048,근로복지공단정선병원,2211,D,22,5,5,59022248,0,1,22,2026-07-31T05:55:10.005217,5,6
2026-07-31 05:54:54,mediboard,강원특별자치도,0,0,A2200004,근로복지공단태백병원,2214,D,22,9,9,59022247,1,1,22,2026-07-31T05:55:10.005217,10,10
2026-07-31 05:54:54,mediboard,강원특별자치도,3,3,A2200001,연세대학교원주세브란스기독병원,2209,A,22,26,31,59022302,28,45,22,2026-07-31T05:55:10.005217,57,79
2026-07-31 05:54:54,mediboard,강원특별자치도,0,0,A2200005,의료법인강릉동인병원,2201,C,22,12,17,59022413,3,3,22,2026-07-31T05:55:10.005217,15,20
2026-07-31 05:54:54,mediboard,강원특별자치도,0,0,A2200003,의료법인동해동인병원,2203,D,22,9,10,59022412,1,1,22,2026-07-31T05:55:10.005217,10,11
2026-07-31 05:54:54,mediboard,강원특별자치도,0,0,A2200037,의료법인성심의료재단양구성심병원,2206,D,22,5,5,59022512,1,1,22,2026-07-31T05:55:10.005217,6,6
2026-07-31 05:54:54,mediboard,강원특별자치도,0,0,A2200024,의료법인성지의료재단성지병원,2209,D,22,6,7,59022359,1,1,22,2026-07-31T05:55:10.005217,7,8
2026-07-31 05:54:54,mediboard,강원특별자치도,0,0,A2200046,의료법인온세움의료재단온재병원,2205,D,22,6,9,59022513,1,1,22,2026-07-31T05:55:10.005217,7,10
2026-07-31 05:54:54,mediboard,강원특별자치도,0,0,A2201730,철원병원,2212,D,22,4,5,59022193,1,1,22,2026-07-31T05:55:10.005217,5,6
2026-07-31 05:54:54,mediboard,강원특별자치도,0,0,E2200026,평창군보건의료원,2215,D,22,5,6,59022269,1,1,22,2026-07-31T05:55:10.005217,6,7
2026-07-31 05:54:54,mediboard,강원특별자치도,3,3,A2200013,한림대학교춘천성심병원,2213,A,22,20,22,59022145,5,5,22,2026-07-31T05:55:10.005217,28,30
2026-07-31 05:54:54,mediboard,강원특별자치도,0,0,A2200014,홍천아산병원,2216,D,22,9,10,59022304,0,0,22,2026-07-31T05:55:10.005217,9,10
2026-07-31 05:54:54,mediboard,강원특별자치도,0,0,E2200025,화천군보건의료원,2217,D,22,7,7,59022384,1,1,22,2026-07-31T05:55:10.005217,8,8
2026-07-31 05:54:54,mediboard,강원특별자치도,0,0,A2200016,횡성대성병원,2218,D,22,7,9,59022358,1,1,22,2026-07-31T05:55:10.005217,8,10
2026-07-31 05:54:54,mediboard,충청북도,0,0,A2300010,건국대학교충주병원,2314,C,23,19,20,59022514,3,3,23,2026-07-31T05:55:10.005217,22,23
2026-07-31 05:54:54,mediboard,충청북도,0,0,E2300011,단양군보건의료원,2302,D,23,6,6,59022217,1,2,23,2026-07-31T05:55:10.005217,7,8
2026-07-31 05:54:54,mediboard,충청북도,0,0,A2300013,의료법인 건명의료재단 중앙제일병원,2309,C,23,17,17,59022414,3,5,23,2026-07-31T05:55:10.005217,20,22
2026-07-31 05:54:54,mediboard,충청북도,0,0,A2300034,의료법인대광의료재단괴산성모병원,2301,D,23,7,9,59022308,0,1,23,2026-07-31T05:55:10.005217,7,10
2026-07-31 05:54:54,mediboard,충청북도,3,3,A2300009,의료법인명지의료재단명지병원,2307,C,23,16,18,59022307,6,6,23,2026-07-31T05:55:10.005217,25,27
2026-07-31 05:54:54,mediboard,충청북도,0,0,A2300007,의료법인인화재단한국병원,2310,C,23,11,14,59022306,6,6,23,2026-07-31T05:55:10.005217,17,20
2026-07-31 05:54:54,mediboard,충청북도,0,0,A2300005,의료법인자산의료재단제천서울병원,2307,C,23,15,15,59022196,5,5,23,2026-07-31T05:55:10.005217,20,20
2026-07-31 05:54:54,mediboard,충청북도,0,0,A2300003,의료법인정산의료재단효성병원,2310,C,23,18,18,59022195,5,5,23,2026-07-31T05:55:10.005217,23,23
2026-07-31 05:54:54,mediboard,충청북도,0,0,A2300030,의료법인조윤의료재단영동병원,2304,D,23,9,10,59022415,0,0,23,2026-07-31T05:55:10.005217,9,10
2026-07-31 05:54:54,mediboard,충청북도,0,0,A2300002,의료법인한마음의료재단하나병원,2313,C,23,10,11,59022146,12,12,23,2026-07-31T05:55:10.005217,22,23
2026-07-31 05:54:54,mediboard,충청북도,0,0,A2300011,의료법인힐링의료재단옥천성모병원,2305,D,23,7,7,59022468,3,3,23,2026-07-31T05:55:10.005217,10,10
2026-07-31 05:54:54,mediboard,충청북도,0,0,A2300008,청주성모병원,2312,C,23,12,15,59022147,7,10,23,2026-07-31T05:55:10.005217,19,25
2026-07-31 05:54:54,mediboard,충청북도,7,8,A2300001,충북대학교병원,2311,A,23,29,32,59022194,5,5,23,2026-07-31T05:55:10.005217,41,45
2026-07-31 05:54:54,mediboard,충청북도,0,0,A2300006,충청북도청주의료원,2311,D,23,12,12,59022250,4,4,23,2026-07-31T05:55:10.005217,16,16
2026-07-31 05:54:54,mediboard,충청북도,0,0,A2300004,충청북도충주의료원,2314,D,23,15,18,59022249,3,3,23,2026-07-31T05:55:10.005217,18,21
2026-07-31 05:54:54,mediboard,충청남도,4,4,A2400002,단국대학교의과대학부속병원,2412,A,24,17,27,59022198,5,5,24,2026-07-31T05:55:10.005217,26,36
2026-07-31 05:54:54,mediboard,충청남도,0,0,A2400008,당진종합병원,2405,C,24,16,17,59022199,3,3,24,2026-07-31T05:55:10.005217,19,20
2026-07-31 05:54:54,mediboard,충청남도,0,4,A2400003,서산중앙병원,2408,C,24,16,17,59022148,3,3,24,2026-07-31T05:55:10.005217,19,24
2026-07-31 05:54:54,mediboard,충청남도,0,0,A2402257,아산충무병원,2410,C,24,12,13,59022515,8,8,24,2026-07-31T05:55:10.005217,20,21
2026-07-31 05:54:54,mediboard,충청남도,0,0,A2400044,의료법인 서해병원,2409,D,24,5,5,59022200,2,2,24,2026-07-31T05:55:10.005217,7,7
2026-07-31 05:54:54,mediboard,충청남도,0,0,A2400004,의료법인 예당의료재단 예산종합병원,2411,D,24,6,6,59022360,1,1,24,2026-07-31T05:55:10.005217,7,7
2026-07-31 05:54:54,mediboard,충청남도,0,0,A2400009,의료법인백제병원,2404,C,24,17,20,59022150,3,3,24,2026-07-31T05:55:10.005217,20,23
2026-07-31 05:54:54,mediboard,충청남도,0,0,A2400012,의료법인영서의료재단천안충무병원,2413,C,24,16,16,59022309,5,5,24,2026-07-31T05:55:10.005217,21,21
2026-07-31 05:54:54,mediboard,충청남도,0,0,A2400011,재단법인아산사회복지재단보령아산병원,2406,C,24,17,17,59022251,3,3,24,2026-07-31T05:55:10.005217,20,20
2026-07-31 05:54:54,mediboard,충청남도,0,0,E2400032,청양군보건의료원,2414,D,24,6,6,59022326,1,1,24,2026-07-31T05:55:10.005217,7,7
2026-07-31 05:54:54,mediboard,충청남도,0,0,A2400010,충청남도공주의료원,2402,D,24,14,15,59022151,1,1,24,2026-07-31T05:55:10.005217,15,16
2026-07-31 05:54:54,mediboard,충청남도,0,0,A2400006,충청남도서산의료원,2408,C,24,15,17,59022149,3,3,24,2026-07-31T05:55:10.005217,18,20
2026-07-31 05:54:54,mediboard,충청남도,0,0,A2400005,충청남도천안의료원,2412,D,24,11,12,59022416,1,2,24,2026-07-31T05:55:10.005217,12,14
2026-07-31 05:54:54,mediboard,충청남도,1,1,A2400007,충청남도홍성의료원,2416,C,24,16,18,59022469,3,3,24,2026-07-31T05:55:10.005217,20,22
2026-07-31 05:54:54,mediboard,충청남도,0,0,E2400033,태안군보건의료원,2415,D,24,10,10,59022161,1,1,24,2026-07-31T05:55:10.005217,11,11
2026-07-31 05:54:54,mediboard,충청남도,0,0,A2400038,학교법인건양교육재단건양대학교부여병원,2407,D,24,8,9,59022310,1,1,24,2026-07-31T05:55:10.005217,9,10
2026-07-31 05:54:54,mediboard,충청남도,18,18,A2400001,학교법인동은학원순천향대학교부속천안병원,2412,A,24,18,22,59022197,11,11,24,2026-07-31T05:55:10.005217,43,47
2026-07-31 05:54:54,mediboard,충청남도,0,0,A2400039,현대병원,2410,D,24,10,10,59022417,1,1,24,2026-07-31T05:55:10.005217,11,11
2026-07-31 05:54:54,mediboard,전북특별자치도,0,0,A2500038,김제우석병원,2503,D,25,10,10,59022152,1,1,25,2026-07-31T05:55:10.005217,11,11
2026-07-31 05:54:54,mediboard,전북특별자치도,0,0,A2500056,대자인병원,2512,C,25,25,33,59022312,3,3,25,2026-07-31T05:55:10.005217,28,36
2026-07-31 05:54:54,mediboard,전북특별자치도,0,0,E2500019,무주군보건의료원,2505,D,25,4,4,59022484,1,1,25,2026-07-31T05:55:10.005217,5,5
2026-07-31 05:54:54,mediboard,전북특별자치도,0,0,A2500010,부안성모병원,2506,D,25,10,10,59022419,2,2,25,2026-07-31T05:55:10.005217,12,12
2026-07-31 05:54:54,mediboard,전북특별자치도,3,3,A2502742,새강병원,2513,D,25,13,14,59022518,3,3,25,2026-07-31T05:55:10.005217,19,20
2026-07-31 05:54:54,mediboard,전북특별자치도,0,0,E2500021,순창군보건의료원,2507,D,25,9,9,59022218,1,1,25,2026-07-31T05:55:10.005217,10,10
2026-07-31 05:54:54,mediboard,전북특별자치도,3,3,A2500001,원광대학교병원,2509,A,25,15,28,59022516,4,5,25,2026-07-31T05:55:10.005217,22,36
2026-07-31 05:54:54,mediboard,전북특별자치도,0,0,A2500011,의료법인대산의료재단익산병원,2509,C,25,14,17,59022311,3,3,25,2026-07-31T05:55:10.005217,17,20
2026-07-31 05:54:54,mediboard,전북특별자치도,0,0,A2500009,의료법인석천재단고창병원,2501,D,25,10,10,59022470,1,1,25,2026-07-31T05:55:10.005217,11,11
2026-07-31 05:54:54,mediboard,전북특별자치도,0,0,A2500005,의료법인영경의료재단전주병원,2513,C,25,1,17,59022362,3,3,25,2026-07-31T05:55:10.005217,4,20
2026-07-31 05:54:54,mediboard,전북특별자치도,0,0,A2501890,의료법인영경의료재단호성전주병원,2512,D,25,8,9,59022252,1,1,25,2026-07-31T05:55:10.005217,9,10
2026-07-31 05:54:54,mediboard,전북특별자치도,0,0,A2500012,의료법인오성의료재단동군산병원,2502,C,25,13,17,59022517,6,6,25,2026-07-31T05:55:10.005217,19,23
2026-07-31 05:54:54,mediboard,전북특별자치도,0,0,E2500022,임실군보건의료원,2510,D,25,4,4,59022485,1,1,25,2026-07-31T05:55:10.005217,5,5
2026-07-31 05:54:54,mediboard,전북특별자치도,0,0,E2500020,장수군보건의료원,2511,D,25,5,5,59022327,1,1,25,2026-07-31T05:55:10.005217,6,6
2026-07-31 05:54:54,mediboard,전북특별자치도,0,0,A2500008,재단법인 아산사회복지재단 정읍아산병원,2514,C,25,17,17,59022202,3,3,25,2026-07-31T05:55:10.005217,20,20
2026-07-31 05:54:54,mediboard,전북특별자치도,10,12,A2500006,재단법인예수병원유지재단예수병원,2513,C,25,17,38,59022201,3,5,25,2026-07-31T05:55:10.005217,28,53
2026-07-31 05:54:54,mediboard,전북특별자치도,3,5,A2500002,전북대학교병원,2512,A,25,16,36,59022418,7,7,25,2026-07-31T05:55:10.005217,26,48
2026-07-31 05:54:54,mediboard,전북특별자치도,0,0,A2500007,전북특별자치도군산의료원,2502,C,25,10,17,59022363,3,3,25,2026-07-31T05:55:10.005217,13,20
2026-07-31 05:54:54,mediboard,전북특별자치도,0,0,A2500004,전북특별자치도남원의료원,2504,C,25,16,17,59022361,3,3,25,2026-07-31T05:55:10.005217,19,20
2026-07-31 05:54:54,mediboard,전북특별자치도,0,0,A2502031,진안군의료원,2515,D,25,6,6,59022420,2,2,25,2026-07-31T05:55:10.005217,8,8
2026-07-31 05:54:54,mediboard,전라남도,0,0,A2600029,곡성사랑병원,2603,D,26,5,5,59022422,1,1,26,2026-07-31T05:55:10.005217,6,6
2026-07-31 05:54:54,mediboard,전라남도,0,0,A2600006,광양사랑병원,2604,D,26,9,9,59022154,1,1,26,2026-07-31T05:55:10.005217,10,10
2026-07-31 05:54:54,mediboard,전라남도,0,0,A2600061,구례병원,2605,D,26,10,10,59022473,0,0,26,2026-07-31T05:55:10.005217,10,10
2026-07-31 05:54:54,mediboard,전라남도,0,0,A2600016,나주종합병원,2606,D,26,7,10,59022365,0,0,26,2026-07-31T05:55:10.005217,7,10
2026-07-31 05:54:54,mediboard,전라남도,0,0,A2600054,담양사랑병원,2607,D,26,6,6,59022369,2,2,26,2026-07-31T05:55:10.005217,8,8
2026-07-31 05:54:54,mediboard,전라남도,0,0,A2600003,대송의료재단무안병원,2609,D,26,3,4,59022471,1,1,26,2026-07-31T05:55:10.005217,4,5
2026-07-31 05:54:54,mediboard,전라남도,0,0,A2600020,목포기독병원,2608,D,26,17,17,59022204,3,3,26,2026-07-31T05:55:10.005217,20,20
2026-07-31 05:54:54,mediboard,전라남도,0,0,A2600022,목포시의료원,2608,D,26,9,9,59022522,1,1,26,2026-07-31T05:55:10.005217,10,10
2026-07-31 05:54:54,mediboard,전라남도,3,3,A2600011,목포한국병원,2608,A,26,15,18,59022313,5,5,26,2026-07-31T05:55:10.005217,23,26
2026-07-31 05:54:54,mediboard,전라남도,0,0,A2600052,보성아산병원,2610,D,26,8,8,59022526,1,1,26,2026-07-31T05:55:10.005217,9,9
2026-07-31 05:54:54,mediboard,전라남도,0,0,A2602211,빛가람종합병원,2606,D,26,7,9,59022256,1,1,26,2026-07-31T05:55:10.005217,8,10
2026-07-31 05:54:54,mediboard,전라남도,1,4,A2600019,성가롤로병원,2611,A,26,11,18,59022366,5,5,26,2026-07-31T05:55:10.005217,17,27
2026-07-31 05:54:54,mediboard,전라남도,0,0,A2600008,순천제일병원,2611,D,26,9,9,59022421,1,1,26,2026-07-31T05:55:10.005217,10,10
2026-07-31 05:54:54,mediboard,전라남도,0,0,A2600004,순천중앙병원,2611,D,26,5,5,59022364,1,1,26,2026-07-31T05:55:10.005217,6,6
2026-07-31 05:54:54,mediboard,전라남도,0,0,A2600010,여수전남병원,2613,D,26,10,10,59022520,1,1,26,2026-07-31T05:55:10.005217,11,11
2026-07-31 05:54:54,mediboard,전라남도,0,0,A2600014,여천전남병원,2613,C,26,16,17,59022203,3,3,26,2026-07-31T05:55:10.005217,19,20
2026-07-31 05:54:54,mediboard,전라남도,0,0,A2600015,영광종합병원,2614,D,26,9,10,59022472,3,3,26,2026-07-31T05:55:10.005217,12,13
2026-07-31 05:54:54,mediboard,전라남도,0,0,A2600070,영암한국병원,2615,D,26,8,8,59022474,0,1,26,2026-07-31T05:55:10.005217,8,9
2026-07-31 05:54:54,mediboard,전라남도,0,0,A2600032,완도대성병원,2616,D,26,5,5,59022315,1,1,26,2026-07-31T05:55:10.005217,6,6
2026-07-31 05:54:54,mediboard,전라남도,0,0,A2600034,의료법인 거명의료재단 영광기독병원,2614,D,26,10,10,59022368,1,1,26,2026-07-31T05:55:10.005217,11,11
2026-07-31 05:54:54,mediboard,전라남도,0,0,A2600017,의료법인목포구암의료재단목포중앙병원,2608,C,26,15,16,59022254,4,4,26,2026-07-31T05:55:10.005217,19,20
2026-07-31 05:54:54,mediboard,전라남도,0,0,A2600066,의료법인삼호의료재단벌교삼호병원,2610,D,26,6,6,59022206,1,1,26,2026-07-31T05:55:10.005217,7,7
2026-07-31 05:54:54,mediboard,전라남도,0,0,A2600051,의료법인신안대우병원,2612,D,26,4,4,59022525,1,1,26,2026-07-31T05:55:10.005217,5,5
2026-07-31 05:54:54,mediboard,전라남도,0,0,A2600018,의료법인영성의료재단고흥종합병원,2602,D,26,10,10,59022314,0,0,26,2026-07-31T05:55:10.005217,10,10
2026-07-31 05:54:54,mediboard,전라남도,0,0,A2600021,의료법인우범의료재단장흥종합병원,2618,D,26,8,9,59022521,1,1,26,2026-07-31T05:55:10.005217,9,10
2026-07-31 05:54:54,mediboard,전라남도,0,0,A2600068,의료법인장호의료재단녹동현대병원,2602,D,26,3,3,59022370,2,2,26,2026-07-31T05:55:10.005217,5,5
2026-07-31 05:54:54,mediboard,전라남도,0,0,A2600005,의료법인한국의료재단한국병원,2611,D,26,10,11,59022153,1,1,26,2026-07-31T05:55:10.005217,11,12
2026-07-31 05:54:54,mediboard,전라남도,0,0,A2600027,의료법인한마음의료재단여수제일병원,2613,D,26,9,9,59022367,1,1,26,2026-07-31T05:55:10.005217,10,10
2026-07-31 05:54:54,mediboard,전라남도,0,0,A2600035,의료법인행복나눔의료재단장성병원,2617,D,26,4,4,59022255,1,1,26,2026-07-31T05:55:10.005217,5,5
2026-07-31 05:54:54,mediboard,전라남도,0,0,A2600009,의료법인행촌의료재단해남종합병원,2621,D,26,10,10,59022519,1,1,26,2026-07-31T05:55:10.005217,11,11
2026-07-31 05:54:54,mediboard,전라남도,0,0,A2600024,의료법인현경의료재단광양서울병원,2604,D,26,9,9,59022523,1,1,26,2026-07-31T05:55:10.005217,10,10
2026-07-31 05:54:54,mediboard,전라남도,0,0,A2600037,장흥우리병원,2618,D,26,4,4,59022205,1,1,26,2026-07-31T05:55:10.005217,5,5
2026-07-31 05:54:54,mediboard,전라남도,0,0,A2600050,전라남도강진의료원,2601,D,26,9,9,59022423,1,1,26,2026-07-31T05:55:10.005217,10,10
2026-07-31 05:54:54,mediboard,전라남도,0,0,A2600056,전라남도순천의료원,2611,D,26,6,6,59022527,1,2,26,2026-07-31T05:55:10.005217,7,8
2026-07-31 05:54:54,mediboard,전라남도,0,0,A2600040,진도한국병원,2619,D,26,4,4,59022524,1,1,26,2026-07-31T05:55:10.005217,5,5
2026-07-31 05:54:54,mediboard,전라남도,0,0,A2600077,해남우리종합병원,2621,D,26,14,15,59022207,4,4,26,2026-07-31T05:55:10.005217,18,19
2026-07-31 05:54:54,mediboard,전라남도,1,1,A2600001,화순전남대학교병원,2622,C,26,12,16,59022253,7,7,26,2026-07-31T05:55:10.005217,20,24
2026-07-31 05:54:54,mediboard,경상북도,0,0,A2700018,경상북도김천의료원,2706,D,27,15,17,59022376,1,1,27,2026-07-31T05:55:10.005217,16,18
2026-07-31 05:54:54,mediboard,경상북도,0,0,A2700001,경상북도안동의료원,2711,D,27,6,6,59022155,2,2,27,2026-07-31T05:55:10.005217,8,8
2026-07-31 05:54:54,mediboard,경상북도,0,0,A2700005,경상북도포항의료원,2724,D,27,7,8,59022371,2,2,27,2026-07-31T05:55:10.005217,9,10
2026-07-31 05:54:54,mediboard,경상북도,0,0,A2700097,계명대학교경주동산병원,2702,D,27,9,9,59022424,1,1,27,2026-07-31T05:55:10.005217,10,10
2026-07-31 05:54:54,mediboard,경상북도,0,0,A2700015,구미강동병원,2704,D,27,7,7,59022375,3,3,27,2026-07-31T05:55:10.005217,10,10
2026-07-31 05:54:54,mediboard,경상북도,2,3,A2700003,동국대학교의과대학경주병원,2702,C,27,13,16,59022475,7,7,27,2026-07-31T05:55:10.005217,22,26
2026-07-31 05:54:54,mediboard,경상북도,0,0,A2700011,상주적십자병원,2709,D,27,7,9,59022528,1,1,27,2026-07-31T05:55:10.005217,8,10
2026-07-31 05:54:54,mediboard,경상북도,4,4,A2700013,순천향대학교부속구미병원,2704,C,27,9,13,59022259,3,3,27,2026-07-31T05:55:10.005217,16,20
2026-07-31 05:54:54,mediboard,경상북도,0,0,A2700004,안동성소병원,2711,C,27,12,12,59022156,8,8,27,2026-07-31T05:55:10.005217,20,20
2026-07-31 05:54:54,mediboard,경상북도,0,0,A2700008,에스포항병원,2723,D,27,4,6,59022373,1,1,27,2026-07-31T05:55:10.005217,5,7
2026-07-31 05:54:54,mediboard,경상북도,0,0,A2700017,영남대학교의과대학부속영천병원,2715,D,27,9,10,59022317,3,3,27,2026-07-31T05:55:10.005217,12,13
2026-07-31 05:54:54,mediboard,경상북도,0,0,A2700031,영주기독병원,2714,D,27,4,4,59022209,1,1,27,2026-07-31T05:55:10.005217,5,5
2026-07-31 05:54:54,mediboard,경상북도,0,0,A2700020,영주자인병원,2714,D,27,4,4,59022318,1,1,27,2026-07-31T05:55:10.005217,5,5
2026-07-31 05:54:54,mediboard,경상북도,0,0,A2702752,영주적십자병원,2714,D,27,9,10,59022261,1,1,27,2026-07-31T05:55:10.005217,10,11
2026-07-31 05:54:54,mediboard,경상북도,0,0,E2700553,울릉군보건의료원,2717,D,27,5,5,59022162,0,0,27,2026-07-31T05:55:10.005217,5,5
2026-07-31 05:54:54,mediboard,경상북도,0,0,A2700052,울진군의료원,2718,D,27,7,8,59022211,2,2,27,2026-07-31T05:55:10.005217,9,10
2026-07-31 05:54:54,mediboard,경상북도,0,0,A2700019,의)근원의료재단경산중앙병원,2701,D,27,8,10,59022208,2,2,27,2026-07-31T05:55:10.005217,10,12
2026-07-31 05:54:54,mediboard,경상북도,0,0,A2700038,의료법인대남의료재단청도대남병원,2720,D,27,9,10,59022529,0,0,27,2026-07-31T05:55:10.005217,9,10
2026-07-31 05:54:54,mediboard,경상북도,0,0,A2700012,의료법인덕산의료재단김천제일병원,2706,C,27,15,16,59022374,4,4,27,2026-07-31T05:55:10.005217,19,20
2026-07-31 05:54:54,mediboard,경상북도,0,0,A2700006,의료법인동춘의료재단문경제일병원,2707,C,27,17,17,59022372,2,3,27,2026-07-31T05:55:10.005217,19,20
2026-07-31 05:54:54,mediboard,경상북도,0,0,A2700009,의료법인삼백의료재단상주성모병원,2709,D,27,8,9,59022476,1,1,27,2026-07-31T05:55:10.005217,9,10
2026-07-31 05:54:54,mediboard,경상북도,0,0,A2700036,의료법인서명의료재단세명종합병원,2701,D,27,11,13,59022210,2,2,27,2026-07-31T05:55:10.005217,13,15
2026-07-31 05:54:54,mediboard,경상북도,0,0,A2700023,의료법인서준의료재단예천권병원,2716,D,27,6,6,59022260,1,1,27,2026-07-31T05:55:10.005217,7,7
2026-07-31 05:54:54,mediboard,경상북도,2,3,A2700014,의료법인안동병원,2711,A,27,9,17,59022157,5,5,27,2026-07-31T05:55:10.005217,16,25
2026-07-31 05:54:54,mediboard,경상북도,0,0,A2700070,의료법인영암의료재단고령영생병원,2703,D,27,5,5,59022320,1,1,27,2026-07-31T05:55:10.005217,6,6
2026-07-31 05:54:54,mediboard,경상북도,0,0,A2700063,의료법인영제의료재단영남제일병원,2719,D,27,4,5,59022319,1,1,27,2026-07-31T05:55:10.005217,5,6
2026-07-31 05:54:54,mediboard,경상북도,0,0,A2702563,의료법인은성의료재단좋은선린병원,2724,D,27,10,10,59022321,2,2,27,2026-07-31T05:55:10.005217,12,12
2026-07-31 05:54:54,mediboard,경상북도,5,5,A2700007,차의과학대학교부속구미차병원,2704,A,27,17,20,59022258,6,12,27,2026-07-31T05:55:10.005217,28,37
2026-07-31 05:54:54,mediboard,경상북도,0,0,E2700554,청송군보건의료원,2721,D,27,6,6,59022385,1,1,27,2026-07-31T05:55:10.005217,7,7
2026-07-31 05:54:54,mediboard,경상북도,11,11,A2700016,포항성모병원,2723,A,27,14,20,59022316,5,15,27,2026-07-31T05:55:10.005217,30,46
2026-07-31 05:54:54,mediboard,경상북도,0,0,A2700002,포항세명기독병원,2723,C,27,8,15,59022257,10,10,27,2026-07-31T05:55:10.005217,18,25
2026-07-31 05:54:54,mediboard,경상남도,0,0,A2800032,강병원,2803,D,28,9,9,59022427,1,1,28,2026-07-31T05:55:10.005217,10,10
2026-07-31 05:54:54,mediboard,경상남도,0,0,A2803677,강일병원,2804,D,28,8,8,59022266,3,3,28,2026-07-31T05:55:10.005217,11,11
2026-07-31 05:54:54,mediboard,경상남도,0,0,A2800076,거창적십자병원,2802,D,28,8,9,59022430,1,1,28,2026-07-31T05:55:10.005217,9,10
2026-07-31 05:54:54,mediboard,경상남도,3,3,A2800001,경상국립대학교병원,2811,A,28,17,30,59022477,5,5,28,2026-07-31T05:55:10.005217,25,38
2026-07-31 05:54:54,mediboard,경상남도,0,0,A2800025,경상남도마산의료원,2813,D,28,13,13,59022264,2,2,28,2026-07-31T05:55:10.005217,15,15
2026-07-31 05:54:54,mediboard,경상남도,0,0,A2800113,밀양병원,2806,D,28,8,8,59022482,1,1,28,2026-07-31T05:55:10.005217,9,9
2026-07-31 05:54:54,mediboard,경상남도,0,0,A2800084,반도병원,2811,D,28,6,7,59022382,1,1,28,2026-07-31T05:55:10.005217,7,8
2026-07-31 05:54:54,mediboard,경상남도,0,0,A2800019,베데스다복음병원,2809,D,28,8,9,59022479,1,1,28,2026-07-31T05:55:10.005217,9,10
2026-07-31 05:54:54,mediboard,경상남도,0,0,E2800380,산청군보건의료원,2808,D,28,5,5,59022270,1,1,28,2026-07-31T05:55:10.005217,6,6
2026-07-31 05:54:54,mediboard,경상남도,0,0,A2800055,삼성합천병원,2822,D,28,4,4,59022428,1,1,28,2026-07-31T05:55:10.005217,5,5
2026-07-31 05:54:54,mediboard,경상남도,0,0,A2800101,삼천포제일병원,2807,D,28,8,8,59022265,2,2,28,2026-07-31T05:55:10.005217,10,10
2026-07-31 05:54:54,mediboard,경상남도,0,0,A2800092,새통영병원,2818,D,28,8,9,59022214,1,1,28,2026-07-31T05:55:10.005217,9,10
2026-07-31 05:54:54,mediboard,경상남도,10,10,A2800011,양산부산대학교병원,2809,A,28,10,23,59022322,7,8,28,2026-07-31T05:55:10.005217,25,39
2026-07-31 05:54:54,mediboard,경상남도,0,0,A2804593,양산성모병원,2809,D,28,12,13,59022267,1,1,28,2026-07-31T05:55:10.005217,13,14
2026-07-31 05:54:54,mediboard,경상남도,0,0,A2800021,연세에스병원,2817,D,28,7,9,59022213,1,1,28,2026-07-31T05:55:10.005217,8,10
2026-07-31 05:54:54,mediboard,경상남도,0,0,A2800090,의령병원,2810,D,28,4,4,59022324,1,1,28,2026-07-31T05:55:10.005217,5,5
2026-07-31 05:54:54,mediboard,경상남도,0,0,A2800008,의료법인 거붕 백병원,2801,D,28,8,9,59022378,1,1,28,2026-07-31T05:55:10.005217,9,10
2026-07-31 05:54:54,mediboard,경상남도,0,0,A2800005,의료법인 대우의료재단대우병원,2801,D,28,8,9,59022158,1,1,28,2026-07-31T05:55:10.005217,9,10
2026-07-31 05:54:54,mediboard,경상남도,0,0,A2800015,의료법인 문병욱의료재단 진주고려병원,2811,D,28,10,10,59022478,1,1,28,2026-07-31T05:55:10.005217,11,11
2026-07-31 05:54:54,mediboard,경상남도,0,0,A2800022,의료법인 성념의료재단맑은샘병원,2801,D,28,7,9,59022530,1,1,28,2026-07-31T05:55:10.005217,8,10
2026-07-31 05:54:54,mediboard,경상남도,0,0,A2800094,의료법인 이도의료재단 남해병원,2805,D,28,8,8,59022325,2,2,28,2026-07-31T05:55:10.005217,10,10
2026-07-31 05:54:54,mediboard,경상남도,0,0,A2800014,의료법인갑을의료재단 갑을장유병원,2804,D,28,7,9,59022380,1,1,28,2026-07-31T05:55:10.005217,8,10
2026-07-31 05:54:54,mediboard,경상남도,0,0,A2800006,의료법인숭인의료재단 김해복음병원,2804,C,28,15,16,59022425,4,4,28,2026-07-31T05:55:10.005217,19,20
2026-07-31 05:54:54,mediboard,경상남도,0,0,A2800068,의료법인승연의료재단 삼천포서울병원,2807,D,28,8,9,59022429,1,1,28,2026-07-31T05:55:10.005217,9,10
2026-07-31 05:54:54,mediboard,경상남도,0,0,A2800009,의료법인청아의료재단청아병원,2814,D,28,9,9,59022379,1,1,28,2026-07-31T05:55:10.005217,10,10
2026-07-31 05:54:54,mediboard,경상남도,0,0,A2800017,의료법인합포의료재단에스엠지연세병원,2813,C,28,14,17,59022323,3,3,28,2026-07-31T05:55:10.005217,17,20
2026-07-31 05:54:54,mediboard,경상남도,0,0,A2800010,의료법인환명의료재단 조은금강병원,2804,C,28,13,17,59022263,3,3,28,2026-07-31T05:55:10.005217,16,20
2026-07-31 05:54:54,mediboard,경상남도,0,0,A2800003,제일병원,2811,C,28,14,17,59022262,3,3,28,2026-07-31T05:55:10.005217,17,20
2026-07-31 05:54:54,mediboard,경상남도,0,0,A2800037,진주복음병원,2811,D,28,8,9,59022159,1,1,28,2026-07-31T05:55:10.005217,9,10
2026-07-31 05:54:54,mediboard,경상남도,0,0,A2803505,창원경상국립대학교병원,2815,C,28,16,18,59022215,3,10,28,2026-07-31T05:55:10.005217,19,28
2026-07-31 05:54:54,mediboard,경상남도,0,0,A2800004,창원파티마병원,2816,C,28,11,17,59022377,3,3,28,2026-07-31T05:55:10.005217,14,20
2026-07-31 05:54:54,mediboard,경상남도,0,0,A2800007,창원한마음병원,2816,C,28,5,21,59022426,1,4,28,2026-07-31T05:55:10.005217,6,25
2026-07-31 05:54:54,mediboard,경상남도,0,0,A2800062,태황의료재단한성병원,2812,D,28,8,9,59022481,1,1,28,2026-07-31T05:55:10.005217,9,10
2026-07-31 05:54:54,mediboard,경상남도,8,8,A2800020,학교법인성균관대학삼성창원병원,2814,A,28,13,27,59022212,5,5,28,2026-07-31T05:55:10.005217,26,40
2026-07-31 05:54:54,mediboard,경상남도,0,0,A2800043,한일병원,2811,C,28,15,17,59022480,3,3,28,2026-07-31T05:55:10.005217,18,20
2026-07-31 05:54:54,mediboard,경상남도,0,0,A2800080,함양성심병원,2821,D,28,4,4,59022381,1,1,28,2026-07-31T05:55:10.005217,5,5
2026-07-31 05:54:54,mediboard,제주특별자치도,0,0,A2900003,의료법인 혜인의료재단 한국병원,2902,D,29,7,9,59022431,0,1,29,2026-07-31T05:55:10.005217,7,10
2026-07-31 05:54:54,mediboard,제주특별자치도,1,1,A2900006,의료법인중앙의료재단중앙병원,2902,C,29,10,16,59022268,3,3,29,2026-07-31T05:55:10.005217,14,20
2026-07-31 05:54:54,mediboard,제주특별자치도,0,0,A2900007,제주대학교병원,2902,C,29,11,20,59022383,4,6,29,2026-07-31T05:55:10.005217,15,26
2026-07-31 05:54:54,mediboard,제주특별자치도,4,4,A2900002,제주특별자치도서귀포의료원,2901,C,29,14,16,59022216,5,5,29,2026-07-31T05:55:10.005217,23,25
2026-07-31 05:54:54,mediboard,제주특별자치도,3,3,A2900001,제주한라병원,2902,A,29,6,17,59022531,5,5,29,2026-07-31T05:55:10.005217,14,25
2026-07-31 05:54:54,mediboard,제주특별자치도,0,0,A2900005,한마음병원,2902,C,29,7,17,59022483,1,3,29,2026-07-31T05:55:10.005217,8,20
2026-07-31 06:58:39,mediboard,서울특별시,0,0,A1100011,가톨릭대학교여의도성모병원,1120,C,11,12,15,59027265,5,5,11,2026-07-31T06:55:10.004512,17,20
2026-07-31 06:58:39,mediboard,서울특별시,7,8,A1121013,가톨릭대학교은평성모병원,1122,C,11,19,24,59027484,3,4,11,2026-07-31T06:55:10.004512,29,36
2026-07-31 06:58:39,mediboard,서울특별시,3,3,A1100043,강동경희대학교병원,1102,A,11,10,15,59027158,4,5,11,2026-07-31T06:55:10.004512,17,23
2026-07-31 06:58:39,mediboard,서울특별시,2,2,A1100006,강북삼성병원,1123,C,11,7,15,59027478,3,3,11,2026-07-31T06:55:10.004512,12,20
2026-07-31 06:58:39,mediboard,서울특별시,4,4,A1100002,건국대학교병원,1106,C,11,15,20,59027378,3,3,11,2026-07-31T06:55:10.004512,22,27
2026-07-31 06:58:39,mediboard,서울특별시,0,0,A1100039,경찰병원,1118,D,11,3,3,59027383,2,2,11,2026-07-31T06:55:10.004512,5,5
2026-07-31 06:58:39,mediboard,서울특별시,3,3,A1100001,경희대학교병원,1111,C,11,13,15,59027320,5,5,11,2026-07-31T06:55:10.004512,21,23
2026-07-31 06:58:39,mediboard,서울특별시,2,3,A1100014,고려대학교의과대학부속구로병원,1107,A,11,13,29,59027266,2,5,11,2026-07-31T06:55:10.004512,17,37
2026-07-31 06:58:39,mediboard,서울특별시,0,0,A1100026,구로성심병원,1107,D,11,5,9,59027481,1,1,11,2026-07-31T06:55:10.004512,6,10
2026-07-31 06:58:39,mediboard,서울특별시,3,3,A1100052,국립중앙의료원,1124,C,11,15,17,59027429,9,10,11,2026-07-31T06:55:10.004512,27,30
2026-07-31 06:58:39,mediboard,서울특별시,0,0,A1122033,기쁨병원,1115,D,11,3,4,59027113,1,1,11,2026-07-31T06:55:10.004512,4,5
2026-07-31 06:58:39,mediboard,서울특별시,0,0,A1100048,노원을지대학교병원,1109,C,11,16,17,59027111,5,5,11,2026-07-31T06:55:10.004512,21,22
2026-07-31 06:58:39,mediboard,서울특별시,0,0,A1100044,녹색병원,1125,D,11,4,5,59027428,5,5,11,2026-07-31T06:55:10.004512,9,10
2026-07-31 06:58:39,mediboard,서울특별시,0,0,A1100037,대림성모병원,1120,D,11,7,8,59027269,2,2,11,2026-07-31T06:55:10.004512,9,10
2026-07-31 06:58:39,mediboard,서울특별시,0,0,A1100024,명지성모병원,1120,D,11,8,8,59027109,2,2,11,2026-07-31T06:55:10.004512,10,10
2026-07-31 06:58:39,mediboard,서울특별시,0,0,A1100036,부민병원,1104,D,11,10,10,59027482,1,1,11,2026-07-31T06:55:10.004512,11,11
2026-07-31 06:58:39,mediboard,서울특별시,0,4,A1100010,삼성서울병원,1101,C,11,-6,52,59027379,4,4,11,2026-07-31T06:55:10.004512,-2,60
2026-07-31 06:58:39,mediboard,서울특별시,0,0,A1100021,삼육서울병원,1111,C,11,10,13,59027380,6,7,11,2026-07-31T06:55:10.004512,16,20
2026-07-31 06:58:39,mediboard,서울특별시,9,12,A1100017,서울대학교병원,1123,A,11,-4,24,59027108,8,8,11,2026-07-31T06:55:10.004512,11,42
2026-07-31 06:58:39,mediboard,서울특별시,0,0,A1100050,서울성심병원,1111,D,11,17,17,59027384,3,3,11,2026-07-31T06:55:10.004512,20,20
2026-07-31 06:58:39,mediboard,서울특별시,0,0,A1100029,서울적십자병원,1123,D,11,8,10,59027212,1,1,11,2026-07-31T06:55:10.004512,9,11
2026-07-31 06:58:39,mediboard,서울특별시,0,0,A1100022,서울특별시동부병원,1111,D,11,8,8,59027155,2,2,11,2026-07-31T06:55:10.004512,10,10
2026-07-31 06:58:39,mediboard,서울특별시,3,3,A1100040,서울특별시보라매병원,1112,C,11,19,31,59027213,2,3,11,2026-07-31T06:55:10.004512,24,37
2026-07-31 06:58:39,mediboard,서울특별시,0,0,A1100223,서울특별시서남병원,1119,D,11,16,17,59027159,3,3,11,2026-07-31T06:55:10.004512,19,20
2026-07-31 06:58:39,mediboard,서울특별시,2,3,A1100035,서울특별시서울의료원,1125,A,11,13,19,59027382,5,5,11,2026-07-31T06:55:10.004512,20,27
2026-07-31 06:58:39,mediboard,서울특별시,0,0,A1100028,성심의료재단강동성심병원,1102,C,11,12,15,59027381,6,9,11,2026-07-31T06:55:10.004512,18,24
2026-07-31 06:58:39,mediboard,서울특별시,0,0,A1100054,성애의료재단성애병원,1120,C,11,14,15,59027430,5,11,11,2026-07-31T06:55:10.004512,19,26
2026-07-31 06:58:39,mediboard,서울특별시,0,0,A1100032,세란병원,1123,D,11,6,10,59027268,1,1,11,2026-07-31T06:55:10.004512,7,11
2026-07-31 06:58:39,mediboard,서울특별시,4,4,A1100004,순천향대학교부속서울병원,1121,C,11,11,20,59027264,3,3,11,2026-07-31T06:55:10.004512,18,27
2026-07-31 06:58:39,mediboard,서울특별시,0,0,A1100045,씨엠병원,1120,D,11,8,9,59027324,1,1,11,2026-07-31T06:55:10.004512,9,10
2026-07-31 06:58:39,mediboard,서울특별시,1,2,A1100015,연세대학교의과대학강남세브란스병원,1101,C,11,8,21,59027480,3,3,11,2026-07-31T06:55:10.004512,12,26
2026-07-31 06:58:39,mediboard,서울특별시,6,10,A1100007,연세대학교의과대학세브란스병원,1114,C,11,-2,39,59027425,6,6,11,2026-07-31T06:55:10.004512,8,53
2026-07-31 06:58:39,mediboard,서울특별시,0,0,A1100025,의료법인동신의료재단동신병원,1114,D,11,9,9,59027427,1,1,11,2026-07-31T06:55:10.004512,10,10
2026-07-31 06:58:39,mediboard,서울특별시,0,0,A1100041,의료법인서울효천의료재단에이치플러스양지병원,1105,C,11,18,18,59027157,3,3,11,2026-07-31T06:55:10.004512,21,21
2026-07-31 06:58:39,mediboard,서울특별시,0,0,A1100023,의료법인청구성심병원,1122,D,11,9,10,59027156,1,1,11,2026-07-31T06:55:10.004512,10,11
2026-07-31 06:58:39,mediboard,서울특별시,0,0,A1100075,의료법인풍산의료재단동부제일병원,1125,D,11,6,7,59027112,1,1,11,2026-07-31T06:55:10.004512,7,8
2026-07-31 06:58:39,mediboard,서울특별시,2,2,A1100020,의료법인한전의료재단한일병원,1110,C,11,10,21,59027323,4,4,11,2026-07-31T06:55:10.004512,16,27
2026-07-31 06:58:39,mediboard,서울특별시,8,8,A1100005,이화여자대학교의과대학부속목동병원,1119,A,11,11,19,59027424,6,6,11,2026-07-31T06:55:10.004512,25,33
2026-07-31 06:58:39,mediboard,서울특별시,6,9,A1120796,이화여자대학교의과대학부속서울병원,1104,C,11,9,14,59027385,7,8,11,2026-07-31T06:55:10.004512,22,31
2026-07-31 06:58:39,mediboard,서울특별시,0,0,A1100016,인제대학교상계백병원,1109,C,11,11,16,59027426,7,7,11,2026-07-31T06:55:10.004512,18,23
2026-07-31 06:58:39,mediboard,서울특별시,7,14,A1100009,재단법인아산사회복지재단서울아산병원,1118,C,11,5,36,59027322,11,26,11,2026-07-31T06:55:10.004512,21,73
2026-07-31 06:58:39,mediboard,서울특별시,3,4,A1100003,중앙대학교병원,1112,C,11,17,22,59027263,5,5,11,2026-07-31T06:55:10.004512,25,31
2026-07-31 06:58:39,mediboard,서울특별시,6,9,A1100012,학교법인가톨릭학원가톨릭대학교서울성모병원,1115,C,11,3,28,59027211,6,8,11,2026-07-31T06:55:10.004512,13,43
2026-07-31 06:58:39,mediboard,서울특별시,4,4,A1100008,학교법인고려중앙학원고려대학교의과대학부속병원(안암병원),1117,A,11,15,30,59027321,6,9,11,2026-07-31T06:55:10.004512,25,43
2026-07-31 06:58:39,mediboard,서울특별시,0,0,A1100053,한국보훈복지의료공단중앙보훈병원,1102,C,11,20,22,59027270,3,3,11,2026-07-31T06:55:10.004512,23,25
2026-07-31 06:58:39,mediboard,서울특별시,0,0,A1100027,한국원자력의학원원자력병원,1109,D,11,7,9,59027110,3,3,11,2026-07-31T06:55:10.004512,10,12
2026-07-31 06:58:39,mediboard,서울특별시,3,3,A1100055,한림대학교강남성심병원,1120,C,11,19,20,59027326,5,5,11,2026-07-31T06:55:10.004512,27,28
2026-07-31 06:58:39,mediboard,서울특별시,3,3,A1100013,한양대학교병원,1116,A,11,17,20,59027479,11,12,11,2026-07-31T06:55:10.004512,31,35
2026-07-31 06:58:39,mediboard,서울특별시,0,0,A1100051,혜민병원,1106,D,11,9,9,59027325,1,1,11,2026-07-31T06:55:10.004512,10,10
2026-07-31 06:58:39,mediboard,서울특별시,0,0,A1100019,홍익병원,1119,D,11,8,9,59027267,1,1,11,2026-07-31T06:55:10.004512,9,10
2026-07-31 06:58:39,mediboard,서울특별시,0,0,A1100049,희명병원,1108,D,11,9,10,59027483,1,1,11,2026-07-31T06:55:10.004512,10,11
2026-07-31 06:58:39,mediboard,부산광역시,0,0,A1200028,(의)서일의료재단기장병원,1203,D,12,8,9,59027387,1,1,12,2026-07-31T06:55:10.004512,9,10
2026-07-31 06:58:39,mediboard,부산광역시,0,0,A1200004,고신대학교복음병원,1211,C,12,21,25,59027160,5,5,12,2026-07-31T06:55:10.004512,26,30
2026-07-31 06:58:39,mediboard,부산광역시,0,0,A1200045,구포성심병원,1208,D,12,8,9,59027218,1,1,12,2026-07-31T06:55:10.004512,9,10
2026-07-31 06:58:39,mediboard,부산광역시,3,3,A1200018,대동병원,1206,C,12,12,15,59027273,3,3,12,2026-07-31T06:55:10.004512,18,21
2026-07-31 06:58:39,mediboard,부산광역시,0,0,A1200015,동남권원자력의학원원자력병원,1203,D,12,8,9,59027330,1,1,12,2026-07-31T06:55:10.004512,9,10
2026-07-31 06:58:39,mediboard,부산광역시,0,0,A1200011,동래봉생병원,1206,D,12,8,8,59027433,2,2,12,2026-07-31T06:55:10.004512,10,10
2026-07-31 06:58:39,mediboard,부산광역시,3,3,A1200003,동아대학교병원,1211,A,12,19,26,59027485,7,8,12,2026-07-31T06:55:10.004512,29,37
2026-07-31 06:58:39,mediboard,부산광역시,0,0,A1200024,부산광역시의료원,1213,D,12,17,18,59027435,2,8,12,2026-07-31T06:55:10.004512,19,26
2026-07-31 06:58:39,mediboard,부산광역시,3,3,A1200002,부산대학교병원,1211,C,12,12,19,59027114,3,3,12,2026-07-31T06:55:10.004512,18,25
2026-07-31 06:58:39,mediboard,부산광역시,4,4,A1200013,부산성모병원(재단법인 천주교부산교구유지재단),1204,D,12,8,10,59027329,5,5,12,2026-07-31T06:55:10.004512,17,19
2026-07-31 06:58:39,mediboard,부산광역시,0,0,A1200007,비에이치에스한서병원,1212,C,12,10,17,59027328,3,3,12,2026-07-31T06:55:10.004512,13,20
2026-07-31 06:58:39,mediboard,부산광역시,0,0,A1200021,삼육부산병원,1211,D,12,7,9,59027216,1,1,12,2026-07-31T06:55:10.004512,8,10
2026-07-31 06:58:39,mediboard,부산광역시,0,0,A1200014,영도병원,1214,D,12,6,7,59027215,2,2,12,2026-07-31T06:55:10.004512,8,9
2026-07-31 06:58:39,mediboard,부산광역시,0,0,A1200009,의료법인 광혜의료재단 광혜병원,1206,D,12,9,9,59027432,3,3,12,2026-07-31T06:55:10.004512,12,12
2026-07-31 06:58:39,mediboard,부산광역시,0,0,A1200098,의료법인 센텀의료재단 센텀종합병원,1212,D,12,8,9,59027331,1,1,12,2026-07-31T06:55:10.004512,9,10
2026-07-31 06:58:39,mediboard,부산광역시,0,0,A1200020,의료법인 온그룹의료재단 온병원,1207,C,12,19,20,59027115,3,3,12,2026-07-31T06:55:10.004512,22,23
2026-07-31 06:58:39,mediboard,부산광역시,0,0,A1200008,의료법인 은성의료재단 좋은강안병원,1212,D,12,13,18,59027271,3,3,12,2026-07-31T06:55:10.004512,16,21
2026-07-31 06:58:39,mediboard,부산광역시,1,1,A1200005,의료법인 은성의료재단 좋은삼선병원,1209,C,12,12,13,59027214,5,6,12,2026-07-31T06:55:10.004512,18,20
2026-07-31 06:58:39,mediboard,부산광역시,0,0,A1200006,의료법인 인당의료재단 부민병원,1208,D,12,6,10,59027431,2,2,12,2026-07-31T06:55:10.004512,8,12
2026-07-31 06:58:39,mediboard,부산광역시,0,0,A1205143,의료법인 인당의료재단 해운대부민병원,1216,D,12,6,9,59027388,1,1,12,2026-07-31T06:55:10.004512,7,10
2026-07-31 06:58:39,mediboard,부산광역시,0,0,A1200012,의료법인 행도의료재단 해동병원,1214,D,12,6,6,59027161,1,1,12,2026-07-31T06:55:10.004512,7,7
2026-07-31 06:58:39,mediboard,부산광역시,0,0,A1200017,의료법인정화의료재단 봉생기념병원,1205,D,12,7,9,59027272,2,2,12,2026-07-31T06:55:10.004512,9,11
2026-07-31 06:58:39,mediboard,부산광역시,2,3,A1200022,인제대학교 해운대백병원,1216,A,12,18,29,59027386,5,5,12,2026-07-31T06:55:10.004512,25,37
2026-07-31 06:58:39,mediboard,부산광역시,0,0,A1200001,인제대학교부산백병원,1207,C,12,14,18,59027327,3,3,12,2026-07-31T06:55:10.004512,17,21
2026-07-31 06:58:39,mediboard,부산광역시,0,0,A1200023,재단법인천주교부산교구유지재단 메리놀병원,1215,D,12,9,9,59027217,1,1,12,2026-07-31T06:55:10.004512,10,10
2026-07-31 06:58:39,mediboard,부산광역시,2,2,A1200026,좋은문화병원,1205,D,12,5,7,59027117,3,3,12,2026-07-31T06:55:10.004512,10,12
2026-07-31 06:58:39,mediboard,부산광역시,0,0,A1200025,학교법인 춘해병원,1207,D,12,9,9,59027116,1,1,12,2026-07-31T06:55:10.004512,10,10
2026-07-31 06:58:39,mediboard,부산광역시,0,0,A1200019,학교법인)동의병원,1207,D,12,13,14,59027162,1,1,12,2026-07-31T06:55:10.004512,14,15
2026-07-31 06:58:39,mediboard,부산광역시,0,0,A1200016,한국보훈복지의료공단 부산보훈병원,1209,D,12,11,11,59027434,2,2,12,2026-07-31T06:55:10.004512,13,13
2026-07-31 06:58:39,mediboard,인천광역시,0,0,A1300081,(재)미리내천주성삼성직수도회천주성삼병원,1307,D,13,7,9,59027333,1,2,13,2026-07-31T06:55:10.004512,8,11
2026-07-31 06:58:39,mediboard,인천광역시,0,0,A1300018,강남종합병원,1304,D,13,14,15,59027440,1,1,13,2026-07-31T06:55:10.004512,15,16
2026-07-31 06:58:39,mediboard,인천광역시,3,4,A1300002,경북대학교병원,1308,A,13,17,27,59027436,5,5,13,2026-07-31T06:55:10.004512,25,36
2026-07-31 06:58:39,mediboard,인천광역시,0,0,A1303386,계명대학교대구동산병원,1308,D,13,11,12,59027164,2,2,13,2026-07-31T06:55:10.004512,13,14
2026-07-31 06:58:39,mediboard,인천광역시,0,0,A1300003,계명대학교동산병원,1302,C,13,9,20,59027118,2,5,13,2026-07-31T06:55:10.004512,11,25
2026-07-31 06:58:39,mediboard,인천광역시,0,0,A1300008,곽병원,1308,D,13,8,10,59027439,2,2,13,2026-07-31T06:55:10.004512,10,12
2026-07-31 06:58:39,mediboard,인천광역시,0,0,A1300038,나사렛종합병원,1302,D,13,6,9,59027486,2,10,13,2026-07-31T06:55:10.004512,8,19
2026-07-31 06:58:39,mediboard,인천광역시,0,0,A1300004,대구가톨릭대학교병원,1301,C,13,20,24,59027220,4,4,13,2026-07-31T06:55:10.004512,24,28
2026-07-31 06:58:39,mediboard,인천광역시,0,0,A1300005,대구가톨릭대학교칠곡가톨릭병원,1305,D,13,6,9,59027437,1,1,13,2026-07-31T06:55:10.004512,7,10
2026-07-31 06:58:39,mediboard,인천광역시,0,0,A1300076,대구굿모닝병원,1306,D,13,17,17,59027441,2,2,13,2026-07-31T06:55:10.004512,19,19
2026-07-31 06:58:39,mediboard,인천광역시,0,0,A1300007,대구의료원,1306,D,13,16,18,59027438,2,2,13,2026-07-31T06:55:10.004512,18,20
2026-07-31 06:58:39,mediboard,인천광역시,5,5,A1300009,대구파티마병원,1304,C,13,12,25,59027221,7,7,13,2026-07-31T06:55:10.004512,24,37
2026-07-31 06:58:39,mediboard,인천광역시,0,0,A1300110,더블유병원,1302,D,13,8,10,59027274,1,1,13,2026-07-31T06:55:10.004512,9,11
2026-07-31 06:58:39,mediboard,인천광역시,0,0,A1300034,드림종합병원,1301,D,13,7,8,59027332,2,2,13,2026-07-31T06:55:10.004512,9,10
2026-07-31 06:58:39,mediboard,인천광역시,0,0,A1300045,삼일병원,1302,D,13,9,14,59027223,1,1,13,2026-07-31T06:55:10.004512,10,15
2026-07-31 06:58:39,mediboard,인천광역시,3,3,A1300001,영남대학교병원,1301,A,13,17,28,59027219,5,5,13,2026-07-31T06:55:10.004512,25,36
2026-07-31 06:58:39,mediboard,인천광역시,0,0,A1300006,의료법인구의료재단구병원,1302,D,13,9,10,59027163,1,1,13,2026-07-31T06:55:10.004512,10,11
2026-07-31 06:58:39,mediboard,인천광역시,8,9,A1300010,칠곡경북대학교병원,1305,C,13,12,23,59027389,6,6,13,2026-07-31T06:55:10.004512,24,36
2026-07-31 06:58:39,mediboard,인천광역시,0,0,A1300011,한국보훈복지의료공단대구보훈병원,1302,D,13,12,12,59027222,2,2,13,2026-07-31T06:55:10.004512,14,14
2026-07-31 06:58:39,mediboard,대구광역시,0,0,A1400008,(의)성세의료재단 뉴성민병원,1407,D,14,8,9,59027166,1,1,14,2026-07-31T06:55:10.004512,9,10
2026-07-31 06:58:39,mediboard,대구광역시,3,3,A1400015,가톨릭관동대학교국제성모병원,1407,C,14,14,23,59027277,5,5,14,2026-07-31T06:55:10.004512,22,31
2026-07-31 06:58:39,mediboard,대구광역시,4,4,A1400012,가톨릭대학교 인천성모병원,1406,C,14,13,19,59027391,7,8,14,2026-07-31T06:55:10.004512,24,31
2026-07-31 06:58:39,mediboard,대구광역시,0,0,A1400010,검단탑병원,1407,C,14,17,18,59027119,3,3,14,2026-07-31T06:55:10.004512,20,21
2026-07-31 06:58:39,mediboard,대구광역시,0,0,A1403617,비에스종합병원,1401,D,14,9,10,59027336,1,1,14,2026-07-31T06:55:10.004512,10,11
2026-07-31 06:58:39,mediboard,대구광역시,0,0,A1400013,안은의료재단 부평세림병원,1406,C,14,15,16,59027276,4,4,14,2026-07-31T06:55:10.004512,19,20
2026-07-31 06:58:39,mediboard,대구광역시,0,0,A1400005,온누리병원,1407,D,14,9,9,59027390,2,2,14,2026-07-31T06:55:10.004512,11,11
2026-07-31 06:58:39,mediboard,대구광역시,9,11,A1400001,의료법인 길의료재단 길병원,1404,A,14,18,25,59027442,7,7,14,2026-07-31T06:55:10.004512,32,41
2026-07-31 06:58:39,mediboard,대구광역시,0,0,A1400011,의료법인 나사렛의료재단 나사렛국제병원,1408,C,14,16,17,59027120,3,5,14,2026-07-31T06:55:10.004512,19,22
2026-07-31 06:58:39,mediboard,대구광역시,0,0,A1400003,의료법인 루가의료재단 나은병원,1407,C,14,11,11,59027165,10,10,14,2026-07-31T06:55:10.004512,21,21
2026-07-31 06:58:39,mediboard,대구광역시,0,0,A1400007,의료법인 성수의료재단 인천백병원,1405,D,14,3,5,59027275,1,1,14,2026-07-31T06:55:10.004512,4,6
2026-07-31 06:58:39,mediboard,대구광역시,0,0,A1400014,의료법인인성의료재단한림병원,1402,C,14,13,17,59027392,4,4,14,2026-07-31T06:55:10.004512,17,21
2026-07-31 06:58:39,mediboard,대구광역시,0,0,A1400017,인천광역시의료원,1405,D,14,15,15,59027168,2,2,14,2026-07-31T06:55:10.004512,17,17
2026-07-31 06:58:39,mediboard,대구광역시,0,0,A1400037,인천광역시의료원백령병원,1409,D,14,5,5,59027279,1,1,14,2026-07-31T06:55:10.004512,6,6
2026-07-31 06:58:39,mediboard,대구광역시,0,0,A1400009,인천기독병원,1410,D,14,8,8,59027167,1,1,14,2026-07-31T06:55:10.004512,9,9
2026-07-31 06:58:39,mediboard,대구광역시,0,0,A1400016,인천사랑병원,1403,C,14,10,14,59027334,7,7,14,2026-07-31T06:55:10.004512,17,21
2026-07-31 06:58:39,mediboard,대구광역시,0,0,A1403372,인천세종병원,1402,C,14,15,18,59027335,3,3,14,2026-07-31T06:55:10.004512,18,21
2026-07-31 06:58:39,mediboard,대구광역시,0,0,A1400018,인천적십자병원,1408,D,14,7,8,59027278,2,2,14,2026-07-31T06:55:10.004512,9,10
2026-07-31 06:58:39,mediboard,대구광역시,0,0,A1403871,인천힘찬종합병원,1404,D,14,15,17,59027393,3,6,14,2026-07-31T06:55:10.004512,18,23
2026-07-31 06:58:39,mediboard,대구광역시,9,9,A1400002,인하대학교의과대학부속병원,1410,A,14,13,20,59027224,8,9,14,2026-07-31T06:55:10.004512,28,36
2026-07-31 06:58:39,mediboard,대구광역시,0,0,A1400004,현대유비스병원,1403,D,14,18,19,59027443,1,1,14,2026-07-31T06:55:10.004512,19,20
2026-07-31 06:58:39,mediboard,광주광역시,6,7,A1500019,KS병원,1501,C,15,11,15,59027394,3,3,15,2026-07-31T06:55:10.004512,20,25
2026-07-31 06:58:39,mediboard,광주광역시,0,0,A1500021,광주기독병원,1502,C,15,13,20,59027395,3,6,15,2026-07-31T06:55:10.004512,16,26
2026-07-31 06:58:39,mediboard,광주광역시,0,0,A1500015,광주병원,1504,D,15,9,10,59027123,1,1,15,2026-07-31T06:55:10.004512,10,11
2026-07-31 06:58:39,mediboard,광주광역시,0,0,A1500004,광주보훈병원,1501,D,15,12,14,59027225,2,2,15,2026-07-31T06:55:10.004512,14,16
2026-07-31 06:58:39,mediboard,광주광역시,0,0,A1502007,광주센트럴병원,1501,D,15,10,10,59027447,1,1,15,2026-07-31T06:55:10.004512,11,11
2026-07-31 06:58:39,mediboard,광주광역시,0,0,A1500018,광주수완병원,1501,D,15,8,9,59027124,0,1,15,2026-07-31T06:55:10.004512,8,10
2026-07-31 06:58:39,mediboard,광주광역시,0,0,A1500009,광주씨티병원,1502,D,15,9,10,59027121,1,1,15,2026-07-31T06:55:10.004512,10,11
2026-07-31 06:58:39,mediboard,광주광역시,0,0,A1500005,광주일곡병원,1504,D,15,6,9,59027487,1,1,15,2026-07-31T06:55:10.004512,7,10
2026-07-31 06:58:39,mediboard,광주광역시,0,0,A1500016,광주한국병원,1505,D,15,11,15,59027339,1,1,15,2026-07-31T06:55:10.004512,12,16
2026-07-31 06:58:39,mediboard,광주광역시,0,0,A1500003,광주현대병원,1504,D,15,8,9,59027337,2,2,15,2026-07-31T06:55:10.004512,10,11
2026-07-31 06:58:39,mediboard,광주광역시,0,0,A1500007,광주희망병원,1504,D,15,9,9,59027169,1,1,15,2026-07-31T06:55:10.004512,10,10
2026-07-31 06:58:39,mediboard,광주광역시,0,0,A1500013,동아병원,1502,D,15,7,9,59027122,1,1,15,2026-07-31T06:55:10.004512,8,10
2026-07-31 06:58:39,mediboard,광주광역시,0,0,A1500014,미래로21병원,1505,D,15,9,9,59027338,1,1,15,2026-07-31T06:55:10.004512,10,10
2026-07-31 06:58:39,mediboard,광주광역시,0,0,A1500022,상무병원,1505,D,15,6,9,59027446,1,1,15,2026-07-31T06:55:10.004512,7,10
2026-07-31 06:58:39,mediboard,광주광역시,2,2,A1500020,서광병원,1505,C,15,16,18,59027490,3,3,15,2026-07-31T06:55:10.004512,21,23
2026-07-31 06:58:39,mediboard,광주광역시,0,0,A1500006,신가병원,1501,D,15,8,9,59027488,2,2,15,2026-07-31T06:55:10.004512,10,11
2026-07-31 06:58:39,mediboard,광주광역시,0,0,A1500010,운암한국병원,1504,D,15,7,9,59027445,1,1,15,2026-07-31T06:55:10.004512,8,10
2026-07-31 06:58:39,mediboard,광주광역시,4,4,A1500002,전남대학교병원,1503,A,15,8,28,59027444,2,7,15,2026-07-31T06:55:10.004512,14,39
2026-07-31 06:58:39,mediboard,광주광역시,4,4,A1500001,조선대학교병원,1503,A,15,19,23,59027280,4,5,15,2026-07-31T06:55:10.004512,27,32
2026-07-31 06:58:39,mediboard,광주광역시,0,0,A1500011,첨단종합병원,1501,C,15,20,22,59027489,3,3,15,2026-07-31T06:55:10.004512,23,25
2026-07-31 06:58:39,mediboard,광주광역시,0,0,A1500017,하남성심병원,1501,D,15,18,19,59027281,1,2,15,2026-07-31T06:55:10.004512,19,21
2026-07-31 06:58:39,mediboard,대전광역시,0,0,A1600004,대전보훈병원,1601,D,16,6,7,59027125,2,2,16,2026-07-31T06:55:10.004512,8,9
2026-07-31 06:58:39,mediboard,대전광역시,0,0,A1600003,대전한국병원,1602,D,16,4,9,59027282,1,1,16,2026-07-31T06:55:10.004512,5,10
2026-07-31 06:58:39,mediboard,대전광역시,0,0,A1602246,대청병원,1603,D,16,7,9,59027396,1,1,16,2026-07-31T06:55:10.004512,8,10
2026-07-31 06:58:39,mediboard,대전광역시,0,0,A1600008,의료법인영훈의료재단대전선병원,1605,C,16,15,17,59027283,4,9,16,2026-07-31T06:55:10.004512,19,26
2026-07-31 06:58:39,mediboard,대전광역시,0,0,A1600007,의료법인영훈의료재단유성선병원,1604,C,16,15,17,59027171,3,7,16,2026-07-31T06:55:10.004512,18,24
2026-07-31 06:58:39,mediboard,대전광역시,2,6,A1600001,충남대학교병원,1605,A,16,20,28,59027226,5,5,16,2026-07-31T06:55:10.004512,27,39
2026-07-31 06:58:39,mediboard,대전광역시,0,0,A1600005,학교법인가톨릭학원가톨릭대학교대전성모병원,1605,C,16,13,19,59027491,3,3,16,2026-07-31T06:55:10.004512,16,22
2026-07-31 06:58:39,mediboard,대전광역시,5,5,A1600006,학교법인건양교육재단건양대학교병원,1603,A,16,19,24,59027170,5,5,16,2026-07-31T06:55:10.004512,29,34
2026-07-31 06:58:39,mediboard,대전광역시,0,0,A1600002,학교법인을지학원대전을지대학교병원,1603,C,16,21,23,59027448,6,6,16,2026-07-31T06:55:10.004512,27,29
2026-07-31 06:58:39,mediboard,울산광역시,0,0,A1700001,서울산보람병원,1704,D,17,7,10,59027172,1,1,17,2026-07-31T06:55:10.004512,8,11
2026-07-31 06:58:39,mediboard,울산광역시,0,0,A1700003,울산병원,1701,C,17,15,19,59027340,3,3,17,2026-07-31T06:55:10.004512,18,22
2026-07-31 06:58:39,mediboard,울산광역시,0,0,A1700002,의료법인동강의료재단동강병원,1705,C,17,20,24,59027397,3,3,17,2026-07-31T06:55:10.004512,23,27
2026-07-31 06:58:39,mediboard,울산광역시,0,0,A1700025,의료법인송은의료재단울산시티병원,1703,C,17,15,17,59027341,3,3,17,2026-07-31T06:55:10.004512,18,20
2026-07-31 06:58:39,mediboard,울산광역시,0,0,A1700011,의료법인은성의료재단좋은삼정병원,1701,D,17,9,9,59027398,1,1,17,2026-07-31T06:55:10.004512,10,10
2026-07-31 06:58:39,mediboard,울산광역시,0,0,A1700028,의료법인정안의료재단중앙병원,1701,C,17,15,17,59027227,3,3,17,2026-07-31T06:55:10.004512,18,20
2026-07-31 06:58:39,mediboard,울산광역시,8,8,A1700004,학교법인울산공업학원울산대학교병원,1702,A,17,11,23,59027284,6,6,17,2026-07-31T06:55:10.004512,25,37
2026-07-31 06:58:39,mediboard,경기도,0,0,A2100019,(의)영문의료재단다보스병원,2136,C,21,12,13,59027128,7,7,21,2026-07-31T06:55:10.004512,19,20
2026-07-31 06:58:39,mediboard,경기도,0,0,A2100122,(의)효심의료재단용인서울병원,2136,D,21,10,10,59027500,0,0,21,2026-07-31T06:55:10.004512,10,10
2026-07-31 06:58:39,mediboard,경기도,0,0,A2100052,가톨릭대학교부천성모병원,2113,C,21,25,31,59027133,6,6,21,2026-07-31T06:55:10.004512,31,37
2026-07-31 06:58:39,mediboard,경기도,8,8,A2100012,가톨릭대학교성빈센트병원,2122,C,21,26,28,59027285,6,6,21,2026-07-31T06:55:10.004512,38,40
2026-07-31 06:58:39,mediboard,경기도,11,11,A2100040,가톨릭대학교의정부성모병원,2138,A,21,25,44,59027180,6,6,21,2026-07-31T06:55:10.004512,42,61
2026-07-31 06:58:39,mediboard,경기도,0,0,A2100029,강남병원,2134,C,21,16,17,59027401,3,3,21,2026-07-31T06:55:10.004512,19,20
2026-07-31 06:58:39,mediboard,경기도,0,0,A2100032,경기도의료원수원병원,2121,D,21,7,8,59027343,5,5,21,2026-07-31T06:55:10.004512,12,13
2026-07-31 06:58:39,mediboard,경기도,0,0,A2100045,경기도의료원안성병원,2126,D,21,13,14,59027344,1,5,21,2026-07-31T06:55:10.004512,14,19
2026-07-31 06:58:39,mediboard,경기도,0,0,A2100043,경기도의료원의정부병원,2138,D,21,9,10,59027496,1,1,21,2026-07-31T06:55:10.004512,10,11
2026-07-31 06:58:39,mediboard,경기도,0,0,A2100193,경기도의료원이천병원,2139,C,21,15,17,59027182,3,3,21,2026-07-31T06:55:10.004512,18,20
2026-07-31 06:58:39,mediboard,경기도,0,0,A2100035,경기도의료원파주병원,2140,C,21,14,17,59027131,3,3,21,2026-07-31T06:55:10.004512,17,20
2026-07-31 06:58:39,mediboard,경기도,0,0,A2100031,경기도의료원포천병원,2142,C,21,17,17,59027288,3,3,21,2026-07-31T06:55:10.004512,20,20
2026-07-31 06:58:39,mediboard,경기도,4,4,A2100003,고려대학교의과대학부속안산병원,2124,A,21,19,22,59027175,8,8,21,2026-07-31T06:55:10.004512,31,34
2026-07-31 06:58:39,mediboard,경기도,4,4,A2100007,광명성애병원,2106,C,21,4,11,59027450,5,5,21,2026-07-31T06:55:10.004512,13,20
2026-07-31 06:58:39,mediboard,경기도,0,0,A2100258,국군수도병원,2116,D,21,16,16,59027403,0,2,21,2026-07-31T06:55:10.004512,16,18
2026-07-31 06:58:39,mediboard,경기도,0,0,A2100049,국립암센터,2103,D,21,9,24,59027290,1,1,21,2026-07-31T06:55:10.004512,10,25
2026-07-31 06:58:39,mediboard,경기도,2,5,A2100033,국민건강보험공단일산병원,2103,A,21,15,23,59027494,5,5,21,2026-07-31T06:55:10.004512,22,33
2026-07-31 06:58:39,mediboard,경기도,0,0,A2100014,근로복지공단안산병원,2125,D,21,7,7,59027229,1,1,21,2026-07-31T06:55:10.004512,8,8
2026-07-31 06:58:39,mediboard,경기도,0,0,A2100041,남양주한양병원,2111,C,21,12,17,59027495,3,3,21,2026-07-31T06:55:10.004512,15,20
2026-07-31 06:58:39,mediboard,경기도,0,0,A2100017,대아의료재단한도병원,2124,C,21,15,17,59027230,3,3,21,2026-07-31T06:55:10.004512,18,20
2026-07-31 06:58:39,mediboard,경기도,3,3,A2100025,대진의료재단분당제생병원,2116,C,21,16,24,59027452,3,3,21,2026-07-31T06:55:10.004512,22,30
2026-07-31 06:58:39,mediboard,경기도,3,3,A2100047,동국대학교일산불교병원,2103,C,21,15,19,59027289,7,7,21,2026-07-31T06:55:10.004512,25,29
2026-07-31 06:58:39,mediboard,경기도,0,0,A2100131,메디인병원,2140,D,21,9,12,59027454,2,2,21,2026-07-31T06:55:10.004512,11,14
2026-07-31 06:58:39,mediboard,경기도,0,0,A2121142,메디필드한강병원,2136,D,21,17,17,59027459,3,3,21,2026-07-31T06:55:10.004512,20,20
2026-07-31 06:58:39,mediboard,경기도,0,0,A2100055,부천세종병원,2113,C,21,16,17,59027235,3,3,21,2026-07-31T06:55:10.004512,19,20
2026-07-31 06:58:39,mediboard,경기도,3,5,A2100001,분당서울대학교병원,2116,A,21,-9,30,59027174,4,5,21,2026-07-31T06:55:10.004512,-2,40
2026-07-31 06:58:39,mediboard,경기도,6,6,A2116806,성남시의료원,2117,C,21,16,17,59027458,6,6,21,2026-07-31T06:55:10.004512,28,29
2026-07-31 06:58:39,mediboard,경기도,0,0,A2100194,세종여주병원,2131,D,21,4,6,59027134,10,10,21,2026-07-31T06:55:10.004512,14,16
2026-07-31 06:58:39,mediboard,경기도,0,0,A2100016,순천의료재단성남정병원,2117,D,21,9,9,59027178,2,2,21,2026-07-31T06:55:10.004512,11,11
2026-07-31 06:58:39,mediboard,경기도,5,5,A2100005,순천향대학교부속부천병원,2113,A,21,12,17,59027127,5,5,21,2026-07-31T06:55:10.004512,22,27
2026-07-31 06:58:39,mediboard,경기도,12,14,A2100002,아주대학교병원,2120,A,21,21,32,59027228,9,13,21,2026-07-31T06:55:10.004512,38,54
2026-07-31 06:58:39,mediboard,경기도,0,0,A2100305,안성성모병원,2126,D,21,8,9,59027457,1,1,21,2026-07-31T06:55:10.004512,9,10
2026-07-31 06:58:39,mediboard,경기도,0,0,A2100089,양평병원,2130,D,21,9,9,59027346,1,1,21,2026-07-31T06:55:10.004512,10,10
2026-07-31 06:58:39,mediboard,경기도,0,0,A2118188,엘병원,2111,D,21,8,8,59027348,1,2,21,2026-07-31T06:55:10.004512,9,10
2026-07-31 06:58:39,mediboard,경기도,6,6,A2100020,연세대학교의과대학용인세브란스병원,2134,C,21,12,16,59027492,4,4,21,2026-07-31T06:55:10.004512,22,26
2026-07-31 06:58:39,mediboard,경기도,0,0,E2100187,연천군보건의료원,2132,D,21,10,10,59027152,0,0,21,2026-07-31T06:55:10.004512,10,10
2026-07-31 06:58:39,mediboard,경기도,0,0,A2100024,오산한국병원,2133,C,21,14,17,59027493,3,3,21,2026-07-31T06:55:10.004512,17,20
2026-07-31 06:58:39,mediboard,경기도,0,0,A2100048,원광대학교산본병원,2109,C,21,17,17,59027234,2,3,21,2026-07-31T06:55:10.004512,19,20
2026-07-31 06:58:39,mediboard,경기도,0,0,A2100013,의료법인 록향의료재단 신천연합병원,2123,D,21,8,10,59027451,1,1,21,2026-07-31T06:55:10.004512,9,11
2026-07-31 06:58:39,mediboard,경기도,0,0,A2100036,의료법인 일심의료재단 포천우리병원,2142,D,21,16,18,59027233,4,4,21,2026-07-31T06:55:10.004512,20,22
2026-07-31 06:58:39,mediboard,경기도,0,0,A2100309,의료법인갈렌의료재단박병원,2141,D,21,6,10,59027292,1,1,21,2026-07-31T06:55:10.004512,7,11
2026-07-31 06:58:39,mediboard,경기도,5,5,A2100008,의료법인남촌의료재단시화병원,2123,C,21,15,16,59027176,6,6,21,2026-07-31T06:55:10.004512,26,27
2026-07-31 06:58:39,mediboard,경기도,0,0,A2100009,의료법인녹산의료재단동수원병원,2122,C,21,12,17,59027342,2,3,21,2026-07-31T06:55:10.004512,14,20
2026-07-31 06:58:39,mediboard,경기도,0,0,A2100050,의료법인대인의료재단다니엘종합병원,2113,D,21,6,6,59027498,4,4,21,2026-07-31T06:55:10.004512,10,10
2026-07-31 06:58:39,mediboard,경기도,3,3,A2121061,의료법인덕산의료재단수원덕산병원,2119,D,21,20,24,59027501,3,3,21,2026-07-31T06:55:10.004512,26,30
2026-07-31 06:58:39,mediboard,경기도,0,0,A2117135,의료법인명인의료재단화홍병원,2119,C,21,13,15,59027237,5,5,21,2026-07-31T06:55:10.004512,18,20
2026-07-31 06:58:39,mediboard,경기도,3,3,A2100042,의료법인명지의료재단명지병원,2102,A,21,5,15,59027453,9,11,21,2026-07-31T06:55:10.004512,14,26
2026-07-31 06:58:39,mediboard,경기도,0,0,A2100022,의료법인박애의료재단박애병원,2141,D,21,10,10,59027231,1,1,21,2026-07-31T06:55:10.004512,11,11
2026-07-31 06:58:39,mediboard,경기도,0,0,A2100028,의료법인백송의료재단굿모닝병원,2141,C,21,14,19,59027232,9,9,21,2026-07-31T06:55:10.004512,23,28
2026-07-31 06:58:39,mediboard,경기도,0,0,A2100027,의료법인석경의료재단센트럴병원,2123,D,21,18,18,59027287,3,3,21,2026-07-31T06:55:10.004512,21,21
2026-07-31 06:58:39,mediboard,경기도,0,0,A2116972,의료법인성광의료재단일산차병원,2103,D,21,6,6,59027236,4,4,21,2026-07-31T06:55:10.004512,10,10
2026-07-31 06:58:39,mediboard,경기도,0,0,A2113246,의료법인양진의료재단평택성모병원,2141,C,21,16,17,59027293,3,3,21,2026-07-31T06:55:10.004512,19,20
2026-07-31 06:58:39,mediboard,경기도,0,0,A2100034,의료법인영동의료재단의정부백병원,2138,D,21,10,10,59027130,2,2,21,2026-07-31T06:55:10.004512,12,12
2026-07-31 06:58:39,mediboard,경기도,0,0,A2100053,의료법인우리의료재단김포우리병원,2110,C,21,20,22,59027345,7,7,21,2026-07-31T06:55:10.004512,27,29
2026-07-31 06:58:39,mediboard,경기도,0,0,A2115699,의료법인원광의료재단원광종합병원,2146,D,21,9,9,59027183,1,1,21,2026-07-31T06:55:10.004512,10,10
2026-07-31 06:58:39,mediboard,경기도,0,0,A2100018,의료법인은혜와감사의료재단화성중앙종합병원,2144,D,21,8,9,59027400,1,1,21,2026-07-31T06:55:10.004512,9,10
2026-07-31 06:58:39,mediboard,경기도,0,0,A2100006,의료법인인봉의료재단뉴고려병원,2110,C,21,11,14,59027449,6,6,21,2026-07-31T06:55:10.004512,17,20
2026-07-31 06:58:39,mediboard,경기도,0,0,A2100290,의료법인자인의료재단(더자인병원),2102,D,21,16,16,59027291,4,4,21,2026-07-31T06:55:10.004512,20,20
2026-07-31 06:58:39,mediboard,경기도,0,0,A2100124,의료법인칠석의료재단사랑의병원,2125,D,21,13,13,59027181,1,1,21,2026-07-31T06:55:10.004512,14,14
2026-07-31 06:58:39,mediboard,경기도,0,0,A2100175,의료법인토마스의료재단윌스기념병원,2122,D,21,17,18,59027456,3,3,21,2026-07-31T06:55:10.004512,20,21
2026-07-31 06:58:39,mediboard,경기도,0,0,A2100021,의료법인플러스의료재단단원병원,2124,D,21,16,17,59027286,3,3,21,2026-07-31T06:55:10.004512,19,20
2026-07-31 06:58:39,mediboard,경기도,0,4,A2100038,인제대학교일산백병원,2104,C,21,27,34,59027402,6,6,21,2026-07-31T06:55:10.004512,33,44
2026-07-31 06:58:39,mediboard,경기도,0,0,A2118788,중앙대학교광명병원,2106,C,21,17,21,59027135,3,3,21,2026-07-31T06:55:10.004512,20,24
2026-07-31 06:58:39,mediboard,경기도,11,13,A2100030,차의과학대학교분당차병원,2116,A,21,17,22,59027129,7,7,21,2026-07-31T06:55:10.004512,33,40
2026-07-31 06:58:39,mediboard,경기도,1,1,A2100155,참조은병원,2107,C,21,8,9,59027455,10,10,21,2026-07-31T06:55:10.004512,19,20
2026-07-31 06:58:39,mediboard,경기도,0,0,A2100150,추병원,2138,D,21,12,12,59027347,2,2,21,2026-07-31T06:55:10.004512,14,14
2026-07-31 06:58:39,mediboard,경기도,6,6,A2117994,학교법인을지학원의정부을지대학교병원,2138,C,21,29,30,59027238,11,11,21,2026-07-31T06:55:10.004512,46,47
2026-07-31 06:58:39,mediboard,경기도,9,9,A2100046,한림대학교동탄성심병원,2147,C,21,31,32,59027497,3,3,21,2026-07-31T06:55:10.004512,43,44
2026-07-31 06:58:39,mediboard,경기도,3,3,A2100004,한림대학교성심병원,2127,A,21,18,25,59027126,9,11,21,2026-07-31T06:55:10.004512,30,39
2026-07-31 06:58:39,mediboard,경기도,0,0,A2100039,한양대학교구리병원,2108,C,21,16,18,59027179,5,5,21,2026-07-31T06:55:10.004512,21,23
2026-07-31 06:58:39,mediboard,경기도,0,0,A2100037,현대병원,2111,C,21,16,17,59027132,3,3,21,2026-07-31T06:55:10.004512,19,20
2026-07-31 06:58:39,mediboard,경기도,0,0,A2100015,효산의료재단안양샘병원,2128,C,21,15,17,59027177,3,3,21,2026-07-31T06:55:10.004512,18,20
2026-07-31 06:58:39,mediboard,경기도,0,0,A2100054,효산의료재단지샘병원,2109,C,21,17,18,59027499,4,4,21,2026-07-31T06:55:10.004512,21,22
2026-07-31 06:58:39,mediboard,강원특별자치도,3,3,A2200008,강릉아산병원,2201,A,22,16,23,59027349,5,5,22,2026-07-31T06:55:10.004512,24,31
2026-07-31 06:58:39,mediboard,강원특별자치도,3,3,A2200009,강원대학교병원,2213,C,22,19,21,59027502,5,5,22,2026-07-31T06:55:10.004512,27,29
2026-07-31 06:58:39,mediboard,강원특별자치도,0,0,A2200011,강원특별자치도강릉의료원,2201,D,22,4,5,59027295,1,1,22,2026-07-31T06:55:10.004512,5,6
2026-07-31 06:58:39,mediboard,강원특별자치도,1,1,A2200007,강원특별자치도삼척의료원,2204,C,22,13,16,59027136,3,5,22,2026-07-31T06:55:10.004512,17,22
2026-07-31 06:58:39,mediboard,강원특별자치도,0,0,A2200012,강원특별자치도속초의료원,2205,C,22,15,17,59027503,3,3,22,2026-07-31T06:55:10.004512,18,20
2026-07-31 06:58:39,mediboard,강원특별자치도,0,0,A2200002,강원특별자치도영월의료원,2208,D,22,9,9,59027184,1,1,22,2026-07-31T06:55:10.004512,10,10
2026-07-31 06:58:39,mediboard,강원특별자치도,0,0,A2200015,강원특별자치도원주의료원,2209,D,22,11,17,59027297,3,3,22,2026-07-31T06:55:10.004512,14,20
2026-07-31 06:58:39,mediboard,강원특별자치도,0,0,A2200048,근로복지공단정선병원,2211,D,22,4,5,59027240,1,1,22,2026-07-31T06:55:10.004512,5,6
2026-07-31 06:58:39,mediboard,강원특별자치도,0,0,A2200004,근로복지공단태백병원,2214,D,22,9,9,59027239,1,1,22,2026-07-31T06:55:10.004512,10,10
2026-07-31 06:58:39,mediboard,강원특별자치도,3,3,A2200001,연세대학교원주세브란스기독병원,2209,A,22,28,31,59027294,28,45,22,2026-07-31T06:55:10.004512,59,79
2026-07-31 06:58:39,mediboard,강원특별자치도,0,0,A2200005,의료법인강릉동인병원,2201,C,22,15,17,59027405,3,3,22,2026-07-31T06:55:10.004512,18,20
2026-07-31 06:58:39,mediboard,강원특별자치도,0,0,A2200003,의료법인동해동인병원,2203,D,22,8,10,59027404,1,1,22,2026-07-31T06:55:10.004512,9,11
2026-07-31 06:58:39,mediboard,강원특별자치도,0,0,A2200037,의료법인성심의료재단양구성심병원,2206,D,22,5,5,59027504,1,1,22,2026-07-31T06:55:10.004512,6,6
2026-07-31 06:58:39,mediboard,강원특별자치도,0,0,A2200024,의료법인성지의료재단성지병원,2209,D,22,6,7,59027351,1,1,22,2026-07-31T06:55:10.004512,7,8
2026-07-31 06:58:39,mediboard,강원특별자치도,0,0,A2200046,의료법인온세움의료재단온재병원,2205,D,22,4,9,59027505,1,1,22,2026-07-31T06:55:10.004512,5,10
2026-07-31 06:58:39,mediboard,강원특별자치도,0,0,A2201730,철원병원,2212,D,22,5,5,59027185,1,1,22,2026-07-31T06:55:10.004512,6,6
2026-07-31 06:58:39,mediboard,강원특별자치도,0,0,E2200026,평창군보건의료원,2215,D,22,5,6,59027261,1,1,22,2026-07-31T06:55:10.004512,6,7
2026-07-31 06:58:39,mediboard,강원특별자치도,2,3,A2200013,한림대학교춘천성심병원,2213,A,22,16,22,59027137,5,5,22,2026-07-31T06:55:10.004512,23,30
2026-07-31 06:58:39,mediboard,강원특별자치도,0,0,A2200014,홍천아산병원,2216,D,22,9,10,59027296,0,0,22,2026-07-31T06:55:10.004512,9,10
2026-07-31 06:58:39,mediboard,강원특별자치도,0,0,E2200025,화천군보건의료원,2217,D,22,7,7,59027376,1,1,22,2026-07-31T06:55:10.004512,8,8
2026-07-31 06:58:39,mediboard,강원특별자치도,0,0,A2200016,횡성대성병원,2218,D,22,9,9,59027350,1,1,22,2026-07-31T06:55:10.004512,10,10
2026-07-31 06:58:39,mediboard,충청북도,0,0,A2300010,건국대학교충주병원,2314,C,23,18,20,59027506,3,3,23,2026-07-31T06:55:10.004512,21,23
2026-07-31 06:58:39,mediboard,충청북도,0,0,E2300011,단양군보건의료원,2302,D,23,5,6,59027209,1,2,23,2026-07-31T06:55:10.004512,6,8
2026-07-31 06:58:39,mediboard,충청북도,0,0,A2300013,의료법인 건명의료재단 중앙제일병원,2309,C,23,17,17,59027406,3,5,23,2026-07-31T06:55:10.004512,20,22
2026-07-31 06:58:39,mediboard,충청북도,0,0,A2300034,의료법인대광의료재단괴산성모병원,2301,D,23,8,9,59027300,0,1,23,2026-07-31T06:55:10.004512,8,10
2026-07-31 06:58:39,mediboard,충청북도,3,3,A2300009,의료법인명지의료재단명지병원,2307,C,23,15,18,59027299,6,6,23,2026-07-31T06:55:10.004512,24,27
2026-07-31 06:58:39,mediboard,충청북도,0,0,A2300007,의료법인인화재단한국병원,2310,C,23,11,14,59027298,6,6,23,2026-07-31T06:55:10.004512,17,20
2026-07-31 06:58:39,mediboard,충청북도,0,0,A2300005,의료법인자산의료재단제천서울병원,2307,C,23,15,15,59027188,5,5,23,2026-07-31T06:55:10.004512,20,20
2026-07-31 06:58:39,mediboard,충청북도,0,0,A2300003,의료법인정산의료재단효성병원,2310,C,23,17,18,59027187,5,5,23,2026-07-31T06:55:10.004512,22,23
2026-07-31 06:58:39,mediboard,충청북도,0,0,A2300030,의료법인조윤의료재단영동병원,2304,D,23,10,10,59027407,0,0,23,2026-07-31T06:55:10.004512,10,10
2026-07-31 06:58:39,mediboard,충청북도,0,0,A2300002,의료법인한마음의료재단하나병원,2313,C,23,10,11,59027138,12,12,23,2026-07-31T06:55:10.004512,22,23
2026-07-31 06:58:39,mediboard,충청북도,0,0,A2300011,의료법인힐링의료재단옥천성모병원,2305,D,23,7,7,59027460,3,3,23,2026-07-31T06:55:10.004512,10,10
2026-07-31 06:58:39,mediboard,충청북도,0,0,A2300008,청주성모병원,2312,C,23,11,15,59027139,7,10,23,2026-07-31T06:55:10.004512,18,25
2026-07-31 06:58:39,mediboard,충청북도,7,8,A2300001,충북대학교병원,2311,A,23,27,32,59027186,5,5,23,2026-07-31T06:55:10.004512,39,45
2026-07-31 06:58:39,mediboard,충청북도,0,0,A2300006,충청북도청주의료원,2311,D,23,12,12,59027242,4,4,23,2026-07-31T06:55:10.004512,16,16
2026-07-31 06:58:39,mediboard,충청북도,0,0,A2300004,충청북도충주의료원,2314,D,23,17,18,59027241,3,3,23,2026-07-31T06:55:10.004512,20,21
2026-07-31 06:58:39,mediboard,충청남도,4,4,A2400002,단국대학교의과대학부속병원,2412,A,24,20,27,59027190,5,5,24,2026-07-31T06:55:10.004512,29,36
2026-07-31 06:58:39,mediboard,충청남도,0,0,A2400008,당진종합병원,2405,C,24,15,17,59027191,3,3,24,2026-07-31T06:55:10.004512,18,20
2026-07-31 06:58:39,mediboard,충청남도,0,4,A2400003,서산중앙병원,2408,C,24,16,17,59027140,3,3,24,2026-07-31T06:55:10.004512,19,24
2026-07-31 06:58:39,mediboard,충청남도,0,0,A2402257,아산충무병원,2410,C,24,12,13,59027507,8,8,24,2026-07-31T06:55:10.004512,20,21
2026-07-31 06:58:39,mediboard,충청남도,0,0,A2400044,의료법인 서해병원,2409,D,24,5,5,59027192,2,2,24,2026-07-31T06:55:10.004512,7,7
2026-07-31 06:58:39,mediboard,충청남도,0,0,A2400004,의료법인 예당의료재단 예산종합병원,2411,D,24,5,6,59027352,1,1,24,2026-07-31T06:55:10.004512,6,7
2026-07-31 06:58:39,mediboard,충청남도,0,0,A2400009,의료법인백제병원,2404,C,24,16,20,59027142,3,3,24,2026-07-31T06:55:10.004512,19,23
2026-07-31 06:58:39,mediboard,충청남도,0,0,A2400012,의료법인영서의료재단천안충무병원,2413,C,24,15,16,59027301,5,5,24,2026-07-31T06:55:10.004512,20,21
2026-07-31 06:58:39,mediboard,충청남도,0,0,A2400011,재단법인아산사회복지재단보령아산병원,2406,C,24,16,17,59027243,3,3,24,2026-07-31T06:55:10.004512,19,20
2026-07-31 06:58:39,mediboard,충청남도,0,0,E2400032,청양군보건의료원,2414,D,24,6,6,59027318,1,1,24,2026-07-31T06:55:10.004512,7,7
2026-07-31 06:58:39,mediboard,충청남도,0,0,A2400010,충청남도공주의료원,2402,D,24,13,15,59027143,1,1,24,2026-07-31T06:55:10.004512,14,16
2026-07-31 06:58:39,mediboard,충청남도,0,0,A2400006,충청남도서산의료원,2408,C,24,13,17,59027141,3,3,24,2026-07-31T06:55:10.004512,16,20
2026-07-31 06:58:39,mediboard,충청남도,0,0,A2400005,충청남도천안의료원,2412,D,24,11,12,59027408,1,2,24,2026-07-31T06:55:10.004512,12,14
2026-07-31 06:58:39,mediboard,충청남도,1,1,A2400007,충청남도홍성의료원,2416,C,24,16,18,59027461,3,3,24,2026-07-31T06:55:10.004512,20,22
2026-07-31 06:58:39,mediboard,충청남도,0,0,E2400033,태안군보건의료원,2415,D,24,10,10,59027153,1,1,24,2026-07-31T06:55:10.004512,11,11
2026-07-31 06:58:39,mediboard,충청남도,0,0,A2400038,학교법인건양교육재단건양대학교부여병원,2407,D,24,9,9,59027302,1,1,24,2026-07-31T06:55:10.004512,10,10
2026-07-31 06:58:39,mediboard,충청남도,17,18,A2400001,학교법인동은학원순천향대학교부속천안병원,2412,A,24,17,22,59027189,11,11,24,2026-07-31T06:55:10.004512,41,47
2026-07-31 06:58:39,mediboard,충청남도,0,0,A2400039,현대병원,2410,D,24,9,10,59027409,1,1,24,2026-07-31T06:55:10.004512,10,11
2026-07-31 06:58:39,mediboard,전북특별자치도,0,0,A2500038,김제우석병원,2503,D,25,10,10,59027144,1,1,25,2026-07-31T06:55:10.004512,11,11
2026-07-31 06:58:39,mediboard,전북특별자치도,0,0,A2500056,대자인병원,2512,C,25,25,33,59027304,3,3,25,2026-07-31T06:55:10.004512,28,36
2026-07-31 06:58:39,mediboard,전북특별자치도,0,0,E2500019,무주군보건의료원,2505,D,25,3,4,59027476,1,1,25,2026-07-31T06:55:10.004512,4,5
2026-07-31 06:58:39,mediboard,전북특별자치도,0,0,A2500010,부안성모병원,2506,D,25,10,10,59027411,2,2,25,2026-07-31T06:55:10.004512,12,12
2026-07-31 06:58:39,mediboard,전북특별자치도,3,3,A2502742,새강병원,2513,D,25,13,14,59027510,3,3,25,2026-07-31T06:55:10.004512,19,20
2026-07-31 06:58:39,mediboard,전북특별자치도,0,0,E2500021,순창군보건의료원,2507,D,25,9,9,59027210,1,1,25,2026-07-31T06:55:10.004512,10,10
2026-07-31 06:58:39,mediboard,전북특별자치도,3,3,A2500001,원광대학교병원,2509,A,25,16,28,59027508,4,5,25,2026-07-31T06:55:10.004512,23,36
2026-07-31 06:58:39,mediboard,전북특별자치도,0,0,A2500011,의료법인대산의료재단익산병원,2509,C,25,11,17,59027303,3,3,25,2026-07-31T06:55:10.004512,14,20
2026-07-31 06:58:39,mediboard,전북특별자치도,0,0,A2500009,의료법인석천재단고창병원,2501,D,25,10,10,59027462,1,1,25,2026-07-31T06:55:10.004512,11,11
2026-07-31 06:58:39,mediboard,전북특별자치도,0,0,A2500005,의료법인영경의료재단전주병원,2513,C,25,-3,17,59027354,3,3,25,2026-07-31T06:55:10.004512,0,20
2026-07-31 06:58:39,mediboard,전북특별자치도,0,0,A2501890,의료법인영경의료재단호성전주병원,2512,D,25,6,9,59027244,1,1,25,2026-07-31T06:55:10.004512,7,10
2026-07-31 06:58:39,mediboard,전북특별자치도,0,0,A2500012,의료법인오성의료재단동군산병원,2502,C,25,15,17,59027509,6,6,25,2026-07-31T06:55:10.004512,21,23
2026-07-31 06:58:39,mediboard,전북특별자치도,0,0,E2500022,임실군보건의료원,2510,D,25,4,4,59027477,1,1,25,2026-07-31T06:55:10.004512,5,5
2026-07-31 06:58:39,mediboard,전북특별자치도,0,0,E2500020,장수군보건의료원,2511,D,25,5,5,59027319,1,1,25,2026-07-31T06:55:10.004512,6,6
2026-07-31 06:58:39,mediboard,전북특별자치도,0,0,A2500008,재단법인 아산사회복지재단 정읍아산병원,2514,C,25,17,17,59027194,3,3,25,2026-07-31T06:55:10.004512,20,20
2026-07-31 06:58:39,mediboard,전북특별자치도,8,12,A2500006,재단법인예수병원유지재단예수병원,2513,C,25,17,38,59027193,3,5,25,2026-07-31T06:55:10.004512,26,53
2026-07-31 06:58:39,mediboard,전북특별자치도,3,5,A2500002,전북대학교병원,2512,A,25,13,36,59027410,7,7,25,2026-07-31T06:55:10.004512,23,48
2026-07-31 06:58:39,mediboard,전북특별자치도,0,0,A2500007,전북특별자치도군산의료원,2502,C,25,11,17,59027355,3,3,25,2026-07-31T06:55:10.004512,14,20
2026-07-31 06:58:39,mediboard,전북특별자치도,0,0,A2500004,전북특별자치도남원의료원,2504,C,25,16,17,59027353,3,3,25,2026-07-31T06:55:10.004512,19,20
2026-07-31 06:58:39,mediboard,전북특별자치도,0,0,A2502031,진안군의료원,2515,D,25,6,6,59027412,2,2,25,2026-07-31T06:55:10.004512,8,8
2026-07-31 06:58:39,mediboard,전라남도,0,0,A2600029,곡성사랑병원,2603,D,26,5,5,59027414,1,1,26,2026-07-31T06:55:10.004512,6,6
2026-07-31 06:58:39,mediboard,전라남도,0,0,A2600006,광양사랑병원,2604,D,26,9,9,59027146,1,1,26,2026-07-31T06:55:10.004512,10,10
2026-07-31 06:58:39,mediboard,전라남도,0,0,A2600061,구례병원,2605,D,26,10,10,59027465,0,0,26,2026-07-31T06:55:10.004512,10,10
2026-07-31 06:58:39,mediboard,전라남도,0,0,A2600016,나주종합병원,2606,D,26,4,10,59027357,0,0,26,2026-07-31T06:55:10.004512,4,10
2026-07-31 06:58:39,mediboard,전라남도,0,0,A2600054,담양사랑병원,2607,D,26,6,6,59027361,2,2,26,2026-07-31T06:55:10.004512,8,8
2026-07-31 06:58:39,mediboard,전라남도,0,0,A2600003,대송의료재단무안병원,2609,D,26,1,4,59027463,1,1,26,2026-07-31T06:55:10.004512,2,5
2026-07-31 06:58:39,mediboard,전라남도,0,0,A2600020,목포기독병원,2608,D,26,16,17,59027196,3,3,26,2026-07-31T06:55:10.004512,19,20
2026-07-31 06:58:39,mediboard,전라남도,0,0,A2600022,목포시의료원,2608,D,26,9,9,59027514,1,1,26,2026-07-31T06:55:10.004512,10,10
2026-07-31 06:58:39,mediboard,전라남도,2,3,A2600011,목포한국병원,2608,A,26,16,18,59027305,5,5,26,2026-07-31T06:55:10.004512,23,26
2026-07-31 06:58:39,mediboard,전라남도,0,0,A2600052,보성아산병원,2610,D,26,8,8,59027518,1,1,26,2026-07-31T06:55:10.004512,9,9
2026-07-31 06:58:39,mediboard,전라남도,0,0,A2602211,빛가람종합병원,2606,D,26,9,9,59027248,1,1,26,2026-07-31T06:55:10.004512,10,10
2026-07-31 06:58:39,mediboard,전라남도,2,4,A2600019,성가롤로병원,2611,A,26,7,18,59027358,5,5,26,2026-07-31T06:55:10.004512,14,27
2026-07-31 06:58:39,mediboard,전라남도,0,0,A2600008,순천제일병원,2611,D,26,8,9,59027413,1,1,26,2026-07-31T06:55:10.004512,9,10
2026-07-31 06:58:39,mediboard,전라남도,0,0,A2600004,순천중앙병원,2611,D,26,4,5,59027356,1,1,26,2026-07-31T06:55:10.004512,5,6
2026-07-31 06:58:39,mediboard,전라남도,0,0,A2600010,여수전남병원,2613,D,26,10,10,59027512,1,1,26,2026-07-31T06:55:10.004512,11,11
2026-07-31 06:58:39,mediboard,전라남도,0,0,A2600014,여천전남병원,2613,C,26,16,17,59027195,3,3,26,2026-07-31T06:55:10.004512,19,20
2026-07-31 06:58:39,mediboard,전라남도,0,0,A2600015,영광종합병원,2614,D,26,9,10,59027464,3,3,26,2026-07-31T06:55:10.004512,12,13
2026-07-31 06:58:39,mediboard,전라남도,0,0,A2600070,영암한국병원,2615,D,26,7,8,59027466,0,1,26,2026-07-31T06:55:10.004512,7,9
2026-07-31 06:58:39,mediboard,전라남도,0,0,A2600032,완도대성병원,2616,D,26,5,5,59027307,1,1,26,2026-07-31T06:55:10.004512,6,6
2026-07-31 06:58:39,mediboard,전라남도,0,0,A2600034,의료법인 거명의료재단 영광기독병원,2614,D,26,10,10,59027360,1,1,26,2026-07-31T06:55:10.004512,11,11
2026-07-31 06:58:39,mediboard,전라남도,0,0,A2600017,의료법인목포구암의료재단목포중앙병원,2608,C,26,13,16,59027246,4,4,26,2026-07-31T06:55:10.004512,17,20
2026-07-31 06:58:39,mediboard,전라남도,0,0,A2600066,의료법인삼호의료재단벌교삼호병원,2610,D,26,6,6,59027198,1,1,26,2026-07-31T06:55:10.004512,7,7
2026-07-31 06:58:39,mediboard,전라남도,0,0,A2600051,의료법인신안대우병원,2612,D,26,4,4,59027517,1,1,26,2026-07-31T06:55:10.004512,5,5
2026-07-31 06:58:39,mediboard,전라남도,0,0,A2600018,의료법인영성의료재단고흥종합병원,2602,D,26,9,10,59027306,0,0,26,2026-07-31T06:55:10.004512,9,10
2026-07-31 06:58:39,mediboard,전라남도,0,0,A2600021,의료법인우범의료재단장흥종합병원,2618,D,26,8,9,59027513,1,1,26,2026-07-31T06:55:10.004512,9,10
2026-07-31 06:58:39,mediboard,전라남도,0,0,A2600068,의료법인장호의료재단녹동현대병원,2602,D,26,3,3,59027362,2,2,26,2026-07-31T06:55:10.004512,5,5
2026-07-31 06:58:39,mediboard,전라남도,0,0,A2600005,의료법인한국의료재단한국병원,2611,D,26,9,11,59027145,1,1,26,2026-07-31T06:55:10.004512,10,12
2026-07-31 06:58:39,mediboard,전라남도,0,0,A2600027,의료법인한마음의료재단여수제일병원,2613,D,26,9,9,59027359,1,1,26,2026-07-31T06:55:10.004512,10,10
2026-07-31 06:58:39,mediboard,전라남도,0,0,A2600035,의료법인행복나눔의료재단장성병원,2617,D,26,4,4,59027247,1,1,26,2026-07-31T06:55:10.004512,5,5
2026-07-31 06:58:39,mediboard,전라남도,0,0,A2600009,의료법인행촌의료재단해남종합병원,2621,D,26,10,10,59027511,1,1,26,2026-07-31T06:55:10.004512,11,11
2026-07-31 06:58:39,mediboard,전라남도,0,0,A2600024,의료법인현경의료재단광양서울병원,2604,D,26,7,9,59027515,1,1,26,2026-07-31T06:55:10.004512,8,10
2026-07-31 06:58:39,mediboard,전라남도,0,0,A2600037,장흥우리병원,2618,D,26,4,4,59027197,1,1,26,2026-07-31T06:55:10.004512,5,5
2026-07-31 06:58:39,mediboard,전라남도,0,0,A2600050,전라남도강진의료원,2601,D,26,9,9,59027415,1,1,26,2026-07-31T06:55:10.004512,10,10
2026-07-31 06:58:39,mediboard,전라남도,0,0,A2600056,전라남도순천의료원,2611,D,26,6,6,59027519,1,2,26,2026-07-31T06:55:10.004512,7,8
2026-07-31 06:58:39,mediboard,전라남도,0,0,A2600040,진도한국병원,2619,D,26,4,4,59027516,1,1,26,2026-07-31T06:55:10.004512,5,5
2026-07-31 06:58:39,mediboard,전라남도,0,0,A2600077,해남우리종합병원,2621,D,26,13,15,59027199,4,4,26,2026-07-31T06:55:10.004512,17,19
2026-07-31 06:58:39,mediboard,전라남도,1,1,A2600001,화순전남대학교병원,2622,C,26,12,16,59027245,7,7,26,2026-07-31T06:55:10.004512,20,24
2026-07-31 06:58:39,mediboard,경상북도,0,0,A2700018,경상북도김천의료원,2706,D,27,13,17,59027368,1,1,27,2026-07-31T06:55:10.004512,14,18
2026-07-31 06:58:39,mediboard,경상북도,0,0,A2700001,경상북도안동의료원,2711,D,27,6,6,59027147,2,2,27,2026-07-31T06:55:10.004512,8,8
2026-07-31 06:58:39,mediboard,경상북도,0,0,A2700005,경상북도포항의료원,2724,D,27,7,8,59027363,2,2,27,2026-07-31T06:55:10.004512,9,10
2026-07-31 06:58:39,mediboard,경상북도,0,0,A2700097,계명대학교경주동산병원,2702,D,27,8,9,59027416,1,1,27,2026-07-31T06:55:10.004512,9,10
2026-07-31 06:58:39,mediboard,경상북도,0,0,A2700015,구미강동병원,2704,D,27,7,7,59027367,3,3,27,2026-07-31T06:55:10.004512,10,10
2026-07-31 06:58:39,mediboard,경상북도,2,3,A2700003,동국대학교의과대학경주병원,2702,C,27,11,16,59027467,7,7,27,2026-07-31T06:55:10.004512,20,26
2026-07-31 06:58:39,mediboard,경상북도,0,0,A2700011,상주적십자병원,2709,D,27,5,9,59027520,1,1,27,2026-07-31T06:55:10.004512,6,10
2026-07-31 06:58:39,mediboard,경상북도,4,4,A2700013,순천향대학교부속구미병원,2704,C,27,8,13,59027251,3,3,27,2026-07-31T06:55:10.004512,15,20
2026-07-31 06:58:39,mediboard,경상북도,0,0,A2700004,안동성소병원,2711,C,27,12,12,59027148,8,8,27,2026-07-31T06:55:10.004512,20,20
2026-07-31 06:58:39,mediboard,경상북도,0,0,A2700008,에스포항병원,2723,D,27,3,6,59027365,1,1,27,2026-07-31T06:55:10.004512,4,7
2026-07-31 06:58:39,mediboard,경상북도,0,0,A2700017,영남대학교의과대학부속영천병원,2715,D,27,10,10,59027309,3,3,27,2026-07-31T06:55:10.004512,13,13
2026-07-31 06:58:39,mediboard,경상북도,0,0,A2700031,영주기독병원,2714,D,27,4,4,59027201,1,1,27,2026-07-31T06:55:10.004512,5,5
2026-07-31 06:58:39,mediboard,경상북도,0,0,A2700020,영주자인병원,2714,D,27,4,4,59027310,1,1,27,2026-07-31T06:55:10.004512,5,5
2026-07-31 06:58:39,mediboard,경상북도,0,0,A2702752,영주적십자병원,2714,D,27,8,10,59027253,1,1,27,2026-07-31T06:55:10.004512,9,11
2026-07-31 06:58:39,mediboard,경상북도,0,0,E2700553,울릉군보건의료원,2717,D,27,5,5,59027154,0,0,27,2026-07-31T06:55:10.004512,5,5
2026-07-31 06:58:39,mediboard,경상북도,0,0,A2700052,울진군의료원,2718,D,27,7,8,59027203,2,2,27,2026-07-31T06:55:10.004512,9,10
2026-07-31 06:58:39,mediboard,경상북도,0,0,A2700019,의)근원의료재단경산중앙병원,2701,D,27,10,10,59027200,2,2,27,2026-07-31T06:55:10.004512,12,12
2026-07-31 06:58:39,mediboard,경상북도,0,0,A2700038,의료법인대남의료재단청도대남병원,2720,D,27,9,10,59027521,0,0,27,2026-07-31T06:55:10.004512,9,10
2026-07-31 06:58:39,mediboard,경상북도,0,0,A2700012,의료법인덕산의료재단김천제일병원,2706,C,27,15,16,59027366,4,4,27,2026-07-31T06:55:10.004512,19,20
2026-07-31 06:58:39,mediboard,경상북도,0,0,A2700006,의료법인동춘의료재단문경제일병원,2707,C,27,17,17,59027364,2,3,27,2026-07-31T06:55:10.004512,19,20
2026-07-31 06:58:39,mediboard,경상북도,0,0,A2700009,의료법인삼백의료재단상주성모병원,2709,D,27,8,9,59027468,1,1,27,2026-07-31T06:55:10.004512,9,10
2026-07-31 06:58:39,mediboard,경상북도,0,0,A2700036,의료법인서명의료재단세명종합병원,2701,D,27,11,13,59027202,2,2,27,2026-07-31T06:55:10.004512,13,15
2026-07-31 06:58:39,mediboard,경상북도,0,0,A2700023,의료법인서준의료재단예천권병원,2716,D,27,5,6,59027252,1,1,27,2026-07-31T06:55:10.004512,6,7
2026-07-31 06:58:39,mediboard,경상북도,3,3,A2700014,의료법인안동병원,2711,A,27,10,17,59027149,4,5,27,2026-07-31T06:55:10.004512,17,25
2026-07-31 06:58:39,mediboard,경상북도,0,0,A2700070,의료법인영암의료재단고령영생병원,2703,D,27,5,5,59027312,1,1,27,2026-07-31T06:55:10.004512,6,6
2026-07-31 06:58:39,mediboard,경상북도,0,0,A2700063,의료법인영제의료재단영남제일병원,2719,D,27,4,5,59027311,1,1,27,2026-07-31T06:55:10.004512,5,6
2026-07-31 06:58:39,mediboard,경상북도,0,0,A2702563,의료법인은성의료재단좋은선린병원,2724,D,27,10,10,59027313,2,2,27,2026-07-31T06:55:10.004512,12,12
2026-07-31 06:58:39,mediboard,경상북도,5,5,A2700007,차의과학대학교부속구미차병원,2704,A,27,17,20,59027250,6,12,27,2026-07-31T06:55:10.004512,28,37
2026-07-31 06:58:39,mediboard,경상북도,0,0,E2700554,청송군보건의료원,2721,D,27,6,6,59027377,1,1,27,2026-07-31T06:55:10.004512,7,7
2026-07-31 06:58:39,mediboard,경상북도,11,11,A2700016,포항성모병원,2723,A,27,14,20,59027308,5,15,27,2026-07-31T06:55:10.004512,30,46
2026-07-31 06:58:39,mediboard,경상북도,0,0,A2700002,포항세명기독병원,2723,C,27,7,15,59027249,10,10,27,2026-07-31T06:55:10.004512,17,25
2026-07-31 06:58:39,mediboard,경상남도,0,0,A2800032,강병원,2803,D,28,9,9,59027419,1,1,28,2026-07-31T06:55:10.004512,10,10
2026-07-31 06:58:39,mediboard,경상남도,0,0,A2803677,강일병원,2804,D,28,8,8,59027258,3,3,28,2026-07-31T06:55:10.004512,11,11
2026-07-31 06:58:39,mediboard,경상남도,0,0,A2800076,거창적십자병원,2802,D,28,9,9,59027422,1,1,28,2026-07-31T06:55:10.004512,10,10
2026-07-31 06:58:39,mediboard,경상남도,3,3,A2800001,경상국립대학교병원,2811,A,28,17,30,59027469,5,5,28,2026-07-31T06:55:10.004512,25,38
2026-07-31 06:58:39,mediboard,경상남도,0,0,A2800025,경상남도마산의료원,2813,D,28,13,13,59027256,2,2,28,2026-07-31T06:55:10.004512,15,15
2026-07-31 06:58:39,mediboard,경상남도,0,0,A2800113,밀양병원,2806,D,28,8,8,59027474,1,1,28,2026-07-31T06:55:10.004512,9,9
2026-07-31 06:58:39,mediboard,경상남도,0,0,A2800084,반도병원,2811,D,28,6,7,59027374,1,1,28,2026-07-31T06:55:10.004512,7,8
2026-07-31 06:58:39,mediboard,경상남도,0,0,A2800019,베데스다복음병원,2809,D,28,8,9,59027471,1,1,28,2026-07-31T06:55:10.004512,9,10
2026-07-31 06:58:39,mediboard,경상남도,0,0,E2800380,산청군보건의료원,2808,D,28,5,5,59027262,1,1,28,2026-07-31T06:55:10.004512,6,6
2026-07-31 06:58:39,mediboard,경상남도,0,0,A2800055,삼성합천병원,2822,D,28,4,4,59027420,1,1,28,2026-07-31T06:55:10.004512,5,5
2026-07-31 06:58:39,mediboard,경상남도,0,0,A2800101,삼천포제일병원,2807,D,28,8,8,59027257,2,2,28,2026-07-31T06:55:10.004512,10,10
2026-07-31 06:58:39,mediboard,경상남도,0,0,A2800092,새통영병원,2818,D,28,7,9,59027206,1,1,28,2026-07-31T06:55:10.004512,8,10
2026-07-31 06:58:39,mediboard,경상남도,10,10,A2800011,양산부산대학교병원,2809,A,28,9,23,59027314,7,8,28,2026-07-31T06:55:10.004512,24,39
2026-07-31 06:58:39,mediboard,경상남도,0,0,A2804593,양산성모병원,2809,D,28,12,13,59027259,1,1,28,2026-07-31T06:55:10.004512,13,14
2026-07-31 06:58:39,mediboard,경상남도,0,0,A2800021,연세에스병원,2817,D,28,6,9,59027205,1,1,28,2026-07-31T06:55:10.004512,7,10
2026-07-31 06:58:39,mediboard,경상남도,0,0,A2800090,의령병원,2810,D,28,3,4,59027316,1,1,28,2026-07-31T06:55:10.004512,4,5
2026-07-31 06:58:39,mediboard,경상남도,0,0,A2800008,의료법인 거붕 백병원,2801,D,28,8,9,59027370,1,1,28,2026-07-31T06:55:10.004512,9,10
2026-07-31 06:58:39,mediboard,경상남도,0,0,A2800005,의료법인 대우의료재단대우병원,2801,D,28,7,9,59027150,1,1,28,2026-07-31T06:55:10.004512,8,10
2026-07-31 06:58:39,mediboard,경상남도,0,0,A2800015,의료법인 문병욱의료재단 진주고려병원,2811,D,28,8,10,59027470,1,1,28,2026-07-31T06:55:10.004512,9,11
2026-07-31 06:58:39,mediboard,경상남도,0,0,A2800022,의료법인 성념의료재단맑은샘병원,2801,D,28,9,9,59027522,1,1,28,2026-07-31T06:55:10.004512,10,10
2026-07-31 06:58:39,mediboard,경상남도,0,0,A2800094,의료법인 이도의료재단 남해병원,2805,D,28,8,8,59027317,2,2,28,2026-07-31T06:55:10.004512,10,10
2026-07-31 06:58:39,mediboard,경상남도,0,0,A2800014,의료법인갑을의료재단 갑을장유병원,2804,D,28,8,9,59027372,1,1,28,2026-07-31T06:55:10.004512,9,10
2026-07-31 06:58:39,mediboard,경상남도,0,0,A2800006,의료법인숭인의료재단 김해복음병원,2804,C,28,16,16,59027417,4,4,28,2026-07-31T06:55:10.004512,20,20
2026-07-31 06:58:39,mediboard,경상남도,0,0,A2800068,의료법인승연의료재단 삼천포서울병원,2807,D,28,9,9,59027421,1,1,28,2026-07-31T06:55:10.004512,10,10
2026-07-31 06:58:39,mediboard,경상남도,0,0,A2800009,의료법인청아의료재단청아병원,2814,D,28,9,9,59027371,1,1,28,2026-07-31T06:55:10.004512,10,10
2026-07-31 06:58:39,mediboard,경상남도,0,0,A2800017,의료법인합포의료재단에스엠지연세병원,2813,C,28,15,17,59027315,3,3,28,2026-07-31T06:55:10.004512,18,20
2026-07-31 06:58:39,mediboard,경상남도,0,0,A2800010,의료법인환명의료재단 조은금강병원,2804,C,28,13,17,59027255,3,3,28,2026-07-31T06:55:10.004512,16,20
2026-07-31 06:58:39,mediboard,경상남도,0,0,A2800003,제일병원,2811,C,28,16,17,59027254,3,3,28,2026-07-31T06:55:10.004512,19,20
2026-07-31 06:58:39,mediboard,경상남도,0,0,A2800037,진주복음병원,2811,D,28,8,9,59027151,1,1,28,2026-07-31T06:55:10.004512,9,10
2026-07-31 06:58:39,mediboard,경상남도,0,0,A2803505,창원경상국립대학교병원,2815,C,28,15,18,59027207,3,10,28,2026-07-31T06:55:10.004512,18,28
2026-07-31 06:58:39,mediboard,경상남도,0,0,A2800004,창원파티마병원,2816,C,28,11,17,59027369,3,3,28,2026-07-31T06:55:10.004512,14,20
2026-07-31 06:58:39,mediboard,경상남도,0,0,A2800007,창원한마음병원,2816,C,28,6,21,59027418,1,4,28,2026-07-31T06:55:10.004512,7,25
2026-07-31 06:58:39,mediboard,경상남도,0,0,A2800062,태황의료재단한성병원,2812,D,28,6,9,59027473,1,1,28,2026-07-31T06:55:10.004512,7,10
2026-07-31 06:58:39,mediboard,경상남도,8,8,A2800020,학교법인성균관대학삼성창원병원,2814,A,28,14,27,59027204,5,5,28,2026-07-31T06:55:10.004512,27,40
2026-07-31 06:58:39,mediboard,경상남도,0,0,A2800043,한일병원,2811,C,28,15,17,59027472,3,3,28,2026-07-31T06:55:10.004512,18,20
2026-07-31 06:58:39,mediboard,경상남도,0,0,A2800080,함양성심병원,2821,D,28,3,4,59027373,1,1,28,2026-07-31T06:55:10.004512,4,5
2026-07-31 06:58:39,mediboard,제주특별자치도,0,0,A2900003,의료법인 혜인의료재단 한국병원,2902,D,29,7,9,59027423,1,1,29,2026-07-31T06:55:10.004512,8,10
2026-07-31 06:58:39,mediboard,제주특별자치도,1,1,A2900006,의료법인중앙의료재단중앙병원,2902,C,29,11,16,59027260,3,3,29,2026-07-31T06:55:10.004512,15,20
2026-07-31 06:58:39,mediboard,제주특별자치도,0,0,A2900007,제주대학교병원,2902,C,29,9,20,59027375,5,6,29,2026-07-31T06:55:10.004512,14,26
2026-07-31 06:58:39,mediboard,제주특별자치도,2,4,A2900002,제주특별자치도서귀포의료원,2901,C,29,12,16,59027208,5,5,29,2026-07-31T06:55:10.004512,19,25
2026-07-31 06:58:39,mediboard,제주특별자치도,3,3,A2900001,제주한라병원,2902,A,29,8,17,59027523,5,5,29,2026-07-31T06:55:10.004512,16,25
2026-07-31 06:58:39,mediboard,제주특별자치도,0,0,A2900005,한마음병원,2902,C,29,7,17,59027475,1,3,29,2026-07-31T06:55:10.004512,8,20
