collected_at,source,region,hpid,dutyName,hvec,hvidate,dutyTel3,hv10,hv11,hv13,hv14,hv15,hv16,hv17,hv18,hv19,hv2,hv21,hv22,hv23,hv24,hv25,hv26,hv27,hv28,hv29,hv3,hv30,hv31,hv32,hv33,hv34,hv35,hv36,hv37,hv38,hv39,hv40,hv41,hv42,hv43,hv5,hv6,hv60,hv61,hv7,hv8,hv9,hvamyn,hvangioayn,hvcc,hvccc,hvcrrtayn,hvctayn,hvecmoayn,hvgc,hvhypoayn,hvicc,hvincuayn,hvmriayn,hvncc,hvoc,hvoxyayn,hvs01,hvs02,hvs03,hvs04,hvs05,hvs06,hvs07,hvs08,hvs09,hvs10,hvs11,hvs12,hvs13,hvs14,hvs15,hvs16,hvs17,hvs18,hvs19,hvs20,hvs21,hvs22,hvs23,hvs24,hvs25,hvs26,hvs27,hvs28,hvs29,hvs30,hvs31,hvs32,hvs33,hvs34,hvs35,hvs36,hvs37,hvs38,hvs46,hvs47,hvs48,hvs49,hvs50,hvs51,hvs52,hvs53,hvs54,hvs55,hvs56,hvs57,hvs58,hvs59,hvs60,hvs61,hvventiayn,hvventisoayn,phpid,rnum
2026-08-01 00:53:18,data_go_kr,서울특별시,A1100043,강동경희대학교병원,-1,20260801005020,02-440-7000,Y,Y,,,,,3,,,,,,,,,0,,3,1,,2,9,,,,,2,,,,,0,Y,N,Y,,,,Y,,,Y,Y,,,Y,Y,Y,141,Y,8,Y,Y,2,17,N,15,3,2,3,19,,,17,,,,,,,,,27,,30,,,17,,,1,8,2,2,3,32,9,13,4,1,1,0,0,625,,,,,3,,,,,,,,2,,,,Y,Y,A1100043,1
2026-08-01 00:53:18,data_go_kr,서울특별시,A1100014,고려대학교의과대학부속구로병원,10,20260801004750,02-2626-1550,Y,Y,2,,,,,,,0,,,,,,,,3,,4,,4,,,,4,3,,,,4,2,Y,,Y,,,,Y,,,Y,Y,,,Y,Y,Y,110,Y,14,Y,Y,-1,24,N1,29,3,,,20,20,10,23,,,,,,,,,35,10,30,,,24,,18,4,2,6,6,4,98,11,35,15,10,3,,,778,5,,,,,,,,,,,,,,,,Y,Y,A1100014,2
2026-08-01 00:53:18,data_go_kr,서울특별시,A1100013,한양대학교병원,11,20260801004800,02-2290-8284,Y,Y,4,5,,,1,3,,2,,,,,,,,1,,2,,6,,,,2,8,,,,1,0,Y,,Y,,,,Y,,,Y,Y,,,Y,Y,Y,202,Y,0,Y,Y,2,15,Y,20,3,,,22,12,13,25,,,,,,,,,0,2,30,,,16,,16,2,1,3,2,3,69,10,20,11,4,3,,1,670,4,8,,,2,5,,,,,,,,,,,Y,Y,A1100013,3
2026-08-01 00:53:18,data_go_kr,서울특별시,A1100008,학교법인고려중앙학원고려대학교의과대학부속병원(안암병원),14,20260801004728,02-920-5374,Y,Y,2,6,,,2,,,0,,,,,,,,4,,3,,6,,,2,1,12,,,,4,0,Y,,Y,,,,Y,,,Y,Y,,,Y,Y,Y,110,Y,,Y,Y,-2,25,N1,30,4,,,15,16,19,17,,,,,,,9,,,6,31,,,25,,10,3,4,7,6,8,84,14,20,11,8,7,,,777,2,7,,,6,,,,,,,,,,,,Y,Y,A1100008,4
2026-08-01 00:53:18,data_go_kr,서울특별시,A1100005,이화여자대학교의과대학부속목동병원,13,20260801004554,02-2650-5911,Y,Y,,,,,0,1,,0,,,,,,,,8,2,7,3,4,,,,0,6,,,,4,4,Y,,Y,5,,,Y,,,Y,Y,,,Y,Y,Y,108,Y,,Y,Y,18,13,N1,19,8,2,4,19,10,13,28,,,,14,,,,,,4,32,,,13,,10,9,2,4,4,4,58,10,34,9,3,5,,,526,,,,,1,1,,,,,,,,,,,Y,Y,A1100005,5
2026-08-01 00:53:18,data_go_kr,서울특별시,A1100017,서울대학교병원,-5,20260801004941,02-2072-2475,Y,Y,,,1,1,1,0,,1,,0,0,,1,,,4,2,5,4,11,8,1,6,8,18,6,,,4,5,Y,Y,Y,0,,,Y,,,Y,Y,4,2,Y,Y,Y,274,Y,,Y,Y,5,53,N1,24,10,2,4,17,10,18,40,22,2,10,5,,,8,10,,28,30,6,,53,,41,7,4,13,13,14,160,19,46,22,9,3,1,,1365,,,1,1,2,1,,,0,0,,8,,,,,Y,Y,A1100017,6
2026-08-01 00:53:18,data_go_kr,서울특별시,A1100035,서울특별시서울의료원,7,20260801005000,02-2276-7000,Y,Y,,,,,1,3,1,1,,,,,,,,1,2,,3,3,,,,,13,,,,18,1,Y,Y,Y,1,,,Y,,,Y,Y,,,Y,Y,Y,91,Y,0,Y,Y,3,10,Y,19,3,2,3,14,7,,3,,,,6,,,,,5,,28,,,10,,30,3,4,5,3,5,65,5,12,7,2,4,1,2,461,,,,,2,4,2,,,,,,,,,,Y,Y,A1100035,7
2026-08-01 00:53:18,data_go_kr,서울특별시,A1100015,연세대학교의과대학강남세브란스병원,8,20260801004639,02-2019-3333,Y,Y,,,,,,,,,,,,,,,,2,0,,2,,,,4,,,,,,,5,Y,,Y,6,,,Y,,,Y,Y,,,Y,Y,Y,120,Y,10,Y,Y,1,23,N1,21,2,1,2,,,,28,,,,12,,,8,,29,,,,,23,,,5,1,4,3,6,47,10,23,6,3,5,,,691,,,,,,,,,,,,,,,,,Y,Y,A1100015,8
2026-08-01 00:53:18,data_go_kr,서울특별시,A1100010,삼성서울병원,-15,20260801004946,02-3410-2060,Y,Y,,,,,,,,11,,,,,,,,2,2,15,1,,4,,3,2,,,,,3,13,Y,,Y,3,,,Y,,,Y,Y,,15,Y,Y,Y,194,Y,14,Y,Y,4,53,N1,52,4,2,2,,30,23,59,15,,,12,,,12,36,14,2,,,,53,,27,18,8,19,16,15,117,22,43,21,11,2,,,1533,,,,,,,,,,,,,,,,,Y,Y,A1100010,9
2026-08-01 00:53:18,data_go_kr,서울특별시,A1100028,성심의료재단강동성심병원,7,20260801004827,02-2224-2358,Y,Y,,,,,,,,0,,,,,,,2,,1,,5,,,,,3,,,,,,0,Y,,Y,,,,Y,,,Y,Y,,,Y,Y,Y,148,Y,-1,Y,Y,2,13,N1,15,,1,6,,18,,3,,,,,,,,,19,5,,,,13,,,2,1,4,2,5,35,3,3,8,3,1,,,566,,,,,,,,,,,,,,2,,,Y,Y,A1100028,10
2026-08-01 00:53:18,data_go_kr,서울특별시,A1100053,한국보훈복지의료공단중앙보훈병원,18,20260801004858,02-2225-1100,,,,,,,,,,8,,,,,,,,,1,8,2,0,,,2,1,0,,,,34,2,N,,Y,4,,,Y,,,Y,Y,,,Y,Y,Y,164,N1,,N1,Y,,13,N1,22,,1,2,2,14,14,,,,,13,,,10,,,1,3,,,13,,60,7,1,3,4,4,38,,,10,1,,,,820,,,,,,,,,,,,,,,,,Y,N1,A1100053,11
2026-08-01 00:53:18,data_go_kr,서울특별시,A1120796,이화여자대학교의과대학부속서울병원,1,20260801004649,02-6986-5119,Y,Y,,,,,,,,1,,,,,,,,8,2,10,6,,,,5,1,,,,,,2,Y,,Y,3,,,Y,,,Y,Y,,5,Y,Y,Y,189,Y,0,Y,Y,3,18,N1,14,9,2,6,,10,17,24,,,,17,,,11,19,11,7,,,,19,,,4,2,5,5,8,71,9,22,12,4,5,,,732,,,,,,,,,,,,,,,,,Y,Y,A1120796,12
2026-08-01 00:53:18,data_go_kr,서울특별시,A1100041,의료법인서울효천의료재단에이치플러스양지병원,17,20260801005012,070-4665-9119,,,,,,,,,,,,,,,,,,,1,,2,,,,,1,,,,,,2,,,Y,,,,Y,,,Y,Y,,,Y,Y,Y,42,Y,1,N1,Y,,7,N1,18,,1,2,,,,,,,,,,,,,20,1,,,,7,,,3,,2,3,3,23,,,4,1,1,,,301,,,,,,,,,,,,,,,,,Y,N1,A1100041,13
2026-08-01 00:53:18,data_go_kr,서울특별시,A1100002,건국대학교병원,6,20260801004735,02-2030-5555,Y,Y,,,,,,,,1,,,,,,,,4,1,14,2,,,,,0,,,,,11,0,Y,,Y,,,,Y,,,Y,Y,,,Y,Y,Y,200,Y,,Y,Y,0,21,N1,20,4,1,2,,24,25,16,,,,,,,,,,1,,,,21,,14,3,2,4,4,5,45,7,18,7,3,14,,,678,,,,,,,,,,,,,,,,,Y,Y,A1100002,14
2026-08-01 00:53:18,data_go_kr,서울특별시,A1100016,인제대학교상계백병원,4,20260801004658,02-950-1119,Y,Y,,,,,,,,0,,,,,,,3,,1,4,2,,,,,2,,,,,4,0,Y,,Y,,,,Y,,,Y,Y,,,Y,Y,Y,81,Y,,Y,Y,2,13,N1,16,,1,2,,19,18,15,,,,,,,,,,4,,,,13,,5,2,2,3,2,3,36,10,25,10,3,1,,,390,,,,,,,,,,,,,,4,,,Y,Y,A1100016,15
2026-08-01 00:53:18,data_go_kr,서울특별시,A1100048,노원을지대학교병원,10,20260801004602,02-970-8282,Y,Y,,,,,,,,4,,,,,,,,,1,5,4,,,,,0,,,,,4,1,Y,,Y,,0,0,Y,,,Y,Y,,,Y,Y,Y,222,N1,,Y,Y,1,11,N1,17,,1,4,,16,16,10,,,,,,,,,,2,,,,11,,21,1,3,2,2,2,26,8,19,3,1,,,,479,,,,,,,,,,,,,,,0,0,Y,Y,A1100048,16
2026-08-01 00:53:18,data_go_kr,서울특별시,A1100020,의료법인한전의료재단한일병원,16,20260801005003,02-901-3119,N,N,,,,,,,,,,,,,,,,2,2,,2,0,,,,0,2,,,,,2,,Y,Y,,,,Y,,,Y,Y,,,Y,Y,N1,79,Y,1,N,Y,,8,Y,21,2,2,2,2,,,,,,,,,,,,21,1,3,,,8,,,5,,2,1,2,25,1,4,2,,4,2,2,389,,,,,,,,,,,,,,,,,Y,N,A1100020,17
2026-08-01 00:53:18,data_go_kr,서울특별시,A1100001,경희대학교병원,10,20260801004927,02-958-8114,Y,Y,,,,,,,,,,,,,,,,3,2,,3,,,,,,,,,,12,9,Y,,Y,4,,,Y,,,Y,Y,,,Y,Y,Y,163,Y,28,Y,Y,2,16,N1,15,3,2,3,,,,14,,,,15,,,,,73,,,,,16,,20,10,3,3,3,5,48,6,12,8,3,2,,,657,,,,,,,,,,,,,,,,,Y,Y,A1100001,18
2026-08-01 00:53:18,data_go_kr,서울특별시,A1100021,삼육서울병원,9,20260801004750,02-2210-3566,,N,,,,,,,,,,,,,,,2,,1,,0,2,,,,1,1,,,,,3,Y,,Y,,,,Y,,,Y,Y,,,Y,Y,Y,92,Y,5,N,Y,4,5,Y,13,,1,2,2,,,4,,,,,,,,,15,1,3,,,5,,,4,2,1,1,2,20,,4,5,2,1,,1,389,,,,,,,,,,,,,,4,,,Y,N1,A1100021,19
2026-08-01 00:53:18,data_go_kr,서울특별시,A1100040,서울특별시보라매병원,21,20260801005000,02-870-2119,Y,Y,,,,,,,,5,,,,,,,,2,1,11,0,,,,3,4,,,,,7,0,Y,,Y,,,,Y,,,Y,Y,,,Y,Y,Y,228,Y,,Y,Y,0,14,N1,31,3,2,1,,15,16,14,,,,,,,4,,,4,,,,14,,14,3,4,6,3,5,48,14,13,5,9,2,,,695,,,,,,,,,,,,,,,,,Y,Y,A1100040,20
2026-08-01 00:53:18,data_go_kr,서울특별시,A1100003,중앙대학교병원,13,20260801005008,02-6299-1338,Y,Y,0,0,,,0,,,2,,,,,4,,,2,2,1,3,5,,,,3,,,,,4,1,Y,,Y,,,,Y,,,Y,Y,,,Y,Y,Y,184,Y,,Y,Y,0,16,N1,22,4,2,3,12,12,17,25,,,,,,,,,,11,,,,16,,24,2,2,4,3,4,51,9,21,13,6,12,,,631,0,0,,,1,,,,,,,4,,,,,Y,Y,A1100003,21
2026-08-01 00:53:18,data_go_kr,서울특별시,A1100007,연세대학교의과대학세브란스병원,12,20260801004918,02-2227-7777,Y,Y,,,1,1,,,,8,,,,,,,,3,1,10,2,,5,2,13,2,,3,,,0,0,Y,Y,Y,1,,,Y,,,Y,Y,7,4,Y,Y,Y,318,Y,6,Y,Y,10,2,N1,39,8,1,3,,29,24,52,22,2,10,29,,,23,17,18,5,,6,,2,,20,30,8,16,16,17,206,55,61,21,16,21,1,,1872,,,1,1,,,,,,,,,,,,,Y,Y,A1100007,22
2026-08-01 00:53:18,data_go_kr,서울특별시,A1100012,학교법인가톨릭학원가톨릭대학교서울성모병원,-1,20260801005013,02-2258-2370,Y,Y,1,3,1,1,,,,7,,,,,,,,5,,13,,,0,1,4,11,,1,,,14,4,Y,,Y,4,,,Y,,,Y,Y,,6,Y,Y,Y,182,Y,1,Y,Y,9,32,N1,28,7,,,,22,22,50,3,2,,19,,,10,8,5,18,,6,,32,,35,10,2,9,10,8,80,40,39,11,9,4,,,1059,1,5,1,1,,,,,,,,,,,,,Y,Y,A1100012,23
2026-08-01 00:53:18,data_go_kr,서울특별시,A1100009,재단법인아산사회복지재단서울아산병원,-4,20260801004915,02-3010-3333,Y,Y,,,2,0,1,2,,3,,,,,,,,1,1,2,7,2,3,0,5,12,2,0,,,4,6,Y,,Y,5,,,Y,,,Y,Y,2,0,Y,Y,Y,227,Y,4,Y,Y,7,3,Y,36,11,1,22,2,24,37,61,26,2,13,12,,,12,12,12,47,4,6,,4,,28,8,8,21,15,17,190,33,49,30,14,5,,1,2089,,,2,1,1,6,,,,,,,,,,,Y,Y,A1100009,24
2026-08-01 00:53:18,data_go_kr,서울특별시,A1100011,가톨릭대학교여의도성모병원,14,20260801005012,02-3779-1199,,,,,,,,,,4,,,,,,,,,1,1,4,,,,,1,,,,,,1,Y,,Y,3,,,Y,,,Y,Y,,,Y,Y,Y,79,Y,,N1,Y,,13,N1,15,,1,4,,11,9,,,,,9,,,,,,1,,,,13,,,1,2,2,2,2,23,,,5,2,2,,,330,,,,,,,,,,,,,,,,,Y,N1,A1100011,25
2026-08-01 00:53:18,data_go_kr,서울특별시,A1100055,한림대학교강남성심병원,13,20260801004709,02-829-5119,Y,Y,,,,,,,,0,,,,,,,,3,0,8,4,,,,4,3,,,,,,,Y,,Y,,,,Y,,,Y,Y,,,Y,Y,Y,161,Y,,Y,Y,0,14,N1,20,3,1,4,,21,25,12,,,,,,,10,,,7,,,,14,,,,3,3,3,3,54,21,22,13,3,2,,,496,,,,,,,,,,,,,,,,,Y,Y,A1100055,26
2026-08-01 00:53:18,data_go_kr,서울특별시,A1100054,성애의료재단성애병원,10,20260801004743,02-840-7115,Y,Y,,,,,,,,,,,,,,,,,1,,4,,,,,1,,,,,,,Y,,Y,,,,Y,,,Y,Y,,,Y,Y,N1,42,N1,5,Y,Y,4,5,N1,15,,1,4,,,,4,,,,,,,,,19,1,,,,5,,,,2,2,2,1,8,5,14,2,,,,,252,,,,,,,,,,,,,,,,,Y,Y,A1100054,27
2026-08-01 00:53:18,data_go_kr,서울특별시,A1100004,순천향대학교부속서울병원,14,20260801004823,02-709-9117,Y,Y,,,,,,,,,,,0,,0,,0,2,1,,2,1,,,,0,3,,,,9,2,Y,,Y,,,,Y,,,Y,Y,,,Y,Y,Y,143,Y,7,Y,Y,0,14,N1,20,4,1,2,2,,,13,,,,,,,,,43,10,3,,,14,,21,4,7,3,3,4,51,8,17,14,5,3,,,597,,,,,,,,,,0,,0,,0,,,Y,Y,A1100004,28
2026-08-01 00:53:18,data_go_kr,서울특별시,A1121013,가톨릭대학교은평성모병원,8,20260801005013,02-1811-7755,Y,Y,,,,,,,,1,,,,,,,,8,2,0,2,,,,1,0,,,,,,0,Y,,Y,0,,,Y,,,Y,Y,,,Y,Y,Y,144,Y,,Y,Y,6,19,N1,24,8,2,2,,16,9,19,,,,13,,,12,,,4,,,,19,,,5,1,4,3,5,46,19,22,10,5,20,,,651,,,,,,,,,,,,,,,,,Y,Y,A1121013,29
2026-08-01 00:53:18,data_go_kr,서울특별시,A1100006,강북삼성병원,4,20260801005031,02-2001-1000,Y,Y,,,,,,,,,,,,,,,,2,1,1,2,,,,,2,,,,,6,2,Y,,Y,4,,,Y,,,Y,Y,,2,Y,Y,Y,52,Y,3,Y,Y,-1,16,N1,15,2,1,2,,,4,7,,,,12,,,,8,24,5,,,,16,,18,3,1,5,4,6,54,13,14,8,4,3,,,526,,,,,,,,,,,,,,,,,Y,Y,A1100006,30
2026-08-01 00:53:18,data_go_kr,서울특별시,A1100052,국립중앙의료원,12,20260801004905,02-2276-2114,N,Y,,,,,,,,,,0,,,0,0,5,3,2,0,2,0,,,,2,0,,15,2,,3,Y,,Y,,1,6,Y,,11,Y,Y,,,Y,Y,Y,0,Y,1,Y,Y,,7,N1,15,3,2,3,6,,0,,,,,,,20,,,13,2,0,,50,7,2,,7,1,1,1,2,56,1,3,5,5,2,,,202,,,,,,,,,0,,,0,0,5,2,6,Y,N,A1100052,31
2026-08-01 00:53:18,data_go_kr,서울특별시,A1100036,부민병원,9,20260801004637,02-2620-0119,,Y,,,,,,,,,,,,,,,,,1,,,,,,,0,,,,,,0,Y,,Y,,,,Y,,,Y,Y,,,Y,Y,Y,20,N1,8,Y,Y,,8,N1,10,,1,,,,,,,,,,,,,,14,1,,,,8,,,3,1,3,3,1,22,,1,2,1,,,,282,,,,,,,,,,,,,,,,,Y,N1,A1100036,32
2026-08-01 00:53:18,data_go_kr,서울특별시,A1100051,혜민병원,8,20260801004633,02-2049-9119,,,,,,,,,,,,,,,,,,,1,,,,,,,,,,,,,,,,Y,,,,,,,Y,N1,,,Y,Y,N1,20,N1,8,N1,Y,,5,N1,9,,1,,,,,,,,,,,,,,19,,,,,5,,,,,2,2,,16,,,2,,,,,205,,,,,,,,,,,,,,,,,Y,N1,A1100051,33
2026-08-01 00:53:18,data_go_kr,서울특별시,A1100026,구로성심병원,6,20260801004954,02-2067-1515,,,,,,,,,,,,,,,,,,,,,1,,,,,,,,,,,,,,Y,,,,,,,Y,N1,,,N1,Y,N1,45,N1,3,N1,Y,,3,N1,9,,,1,,,,,,,,,,,,,11,,,,,3,,,,,1,1,,5,,,,,,,,191,,,,,,,,,,,,,,,,,Y,N1,A1100026,34
2026-08-01 00:53:18,data_go_kr,서울특별시,A1100049,희명병원,8,20260801005033,02-809-0122,,,,,,,,,,,,,,,,,,,,,1,,,,,,,,,,,,,,Y,,,,,,,Y,N1,,,Y,Y,Y,130,N1,1,N1,Y,,4,N1,10,,,1,,,,,,,,,,,,,19,,,,,4,,,,,1,1,,9,,,1,1,,,,228,,,,,,,,,,,,,,,,,Y,N1,A1100049,35
2026-08-01 00:53:18,data_go_kr,서울특별시,A1100027,한국원자력의학원원자력병원,7,20260801004913,02-970-2620,,Y,,,,,,,,,,,,,,,1,,1,,1,,,,,1,,,,,,1,Y,,Y,,,,Y,,,Y,Y,,,Y,Y,N1,217,N1,6,Y,Y,,10,N1,9,,1,1,,,,,,,,,,,,,10,1,,,,10,,,1,1,4,2,1,16,,2,1,,,,,444,,,,,,,,,,,,,,1,,,Y,N1,A1100027,36
2026-08-01 00:53:18,data_go_kr,서울특별시,A1100022,서울특별시동부병원,8,20260801005020,02-920-9119,,Y,,,,,,,,,,,,,,,,,1,,1,,,,,1,,,,,,,Y,,Y,,,,,,,Y,N1,,,Y,Y,N1,23,N1,0,Y,Y,,3,N1,8,,1,1,,,,,,,,,,,,,8,1,,,,3,,,,1,1,1,,7,,1,1,,,,,195,,,,,,,,,,,,,,,,,Y,N1,A1100022,37
2026-08-01 00:53:18,data_go_kr,서울특별시,A1100050,서울성심병원,16,20260731184746,02-966-1616,,,,,,,,,,,,,,,,,,,1,,2,,,,,,,,,,,,,,Y,,,,,,,Y,N1,,,N1,Y,N1,70,N1,7,N1,Y,,4,N1,17,,1,2,,,,,,,,,,,,,10,,,,,6,,,,,1,1,,11,,,,,,,,208,,,,,,,,,,,,,,,,,Y,N1,A1100050,38
2026-08-01 00:53:18,data_go_kr,서울특별시,A1100025,의료법인동신의료재단동신병원,7,20260801004845,02-396-9161,N,N,,,,,,,,,,,,,,,,,,,1,,,,,,,,,,,,N,N,Y,,,,N,,,Y,N,,,Y,Y,N,45,N,4,N,Y,,3,N,9,,,1,,,,,,,,,,,,,9,,,,,3,,,,0,1,1,0,7,0,0,1,0,0,0,0,196,,,,,,,,,,,,,,,,,Y,N,A1100025,39
2026-08-01 00:53:18,data_go_kr,서울특별시,A1122033,기쁨병원,0,20260801005026,02-570-1212,,,,,,,,,,,,,,,,,,,,,1,,,,,,,,,,,,,,Y,,,,Y,,,Y,Y,,,N1,Y,N1,60,N1,,N1,Y,,8,N1,4,,,1,,,,,,,,,,,,,,,,,,8,,,,,2,2,1,1,,,,,,,,110,,,,,,,,,,,,,,,,,Y,N1,A1122033,40
2026-08-01 00:53:18,data_go_kr,서울특별시,A1100039,경찰병원,2,20260801005002,02-3400-1300,,,,,,,,,,,,,,,,,1,,1,,,,,,,2,,,,,,2,,,Y,,,,,,,Y,N1,,,Y,Y,N1,136,N1,14,N1,Y,,7,N1,3,,1,,,,,,,,,,,,,,14,2,,,,7,,,2,,2,3,,10,,,2,,,,,187,,,,,,,,,,,,,,1,,,Y,N1,A1100039,41
2026-08-01 00:53:18,data_go_kr,서울특별시,A1100019,홍익병원,3,20260801004943,02-2600-0777,,,,,,,,,,,,,,,,,,,,,1,,,,,0,,,,,,1,,,Y,,,,Y,,,Y,Y,,,N,Y,N1,71,N1,5,N1,Y,,4,N1,9,,,1,,,,,,,,,,,,,14,1,,,,4,,,1,,4,2,2,7,,,1,,,,,251,,,,,,,,,,,,,,,,,Y,N1,A1100019,42
2026-08-01 00:53:18,data_go_kr,서울특별시,A1100223,서울특별시서남병원,17,20260801005000,02-6300-9129,,,,,,,,,,,,,,,,0,,,1,,2,1,,,,1,1,,,,,4,,,Y,,,,,,,Y,N1,,,Y,Y,Y,44,Y,8,N1,Y,,4,N1,17,,1,2,2,,,,,,,,,,,,17,1,3,,,4,,,4,,2,1,,16,,,1,1,1,,,275,,,,,,,,,,,,,0,,,,Y,N1,A1100223,43
2026-08-01 00:53:18,data_go_kr,서울특별시,A1100024,명지성모병원,7,20260801004957,02-829-7800,,,,,,,,,,,,,,,,,,,1,,1,,,,,1,,,,,,,,,Y,,,,Y,,,Y,Y,,,N1,Y,N1,87,N1,5,N1,Y,,3,N1,8,,1,1,,,,,,,,,,,,,12,1,,,,3,,,,,1,3,2,7,,,,,,,,212,,,,,,,,,,,,,,,,,Y,N1,A1100024,44
2026-08-01 00:53:18,data_go_kr,서울특별시,A1100037,대림성모병원,8,20260801004633,02-829-9129,,,,,,,,,,,,,,,,,,,,,2,,,,,,,,,,,,,,Y,,,,,,,Y,N1,,,N1,Y,N1,36,N1,,N1,Y,,4,N1,8,,,2,,,,,,,,,,,,,,,,,,4,,,,,1,1,,1,,,,,,,,113,,,,,,,,,,,,,,,,,Y,N1,A1100037,45
2026-08-01 00:53:18,data_go_kr,서울특별시,A1100045,씨엠병원,6,20260801004500,070-4698-7811,,,,,,,,,,,,,,,,,,,,,1,,,,,,,,,,,,,,Y,,,,,,,Y,N1,,,N1,Y,N1,48,N1,,N1,Y,,5,N1,9,,,1,,,,,,,,,,,,,,,,,,5,,,,,2,2,,6,,,,,,,,110,,,,,,,,,,,,,,,,,Y,N1,A1100045,46
2026-08-01 00:53:18,data_go_kr,서울특별시,A1100023,의료법인청구성심병원,10,20260801004841,02-383-0129,,,,,,,,,,,,,,,,,,,,,1,,,,,,,,,,,,,,Y,,,,,,,Y,N1,,,N1,Y,N1,19,N1,3,N1,Y,,3,N1,10,,,1,,,,,,,,,,,,,6,,,,,3,,,,,1,1,,4,,,,,,,,196,,,,,,,,,,,,,,,,,Y,N1,A1100023,47
2026-08-01 00:53:18,data_go_kr,서울특별시,A1100029,서울적십자병원,9,20260801004948,02-2002-8888,,,,,,,,,,,,,,,,,,,1,,,,,,,,,,,,,,,,Y,,,,,,,Y,N1,,,Y,Y,N1,74,N1,8,N1,Y,,6,N1,10,,1,,,,,,,,,,,,,,12,,,,,6,,,,,1,1,,11,,,2,,,,,260,,,,,,,,,,,,,,,,,Y,N1,A1100029,48
2026-08-01 00:53:18,data_go_kr,서울특별시,A1100032,세란병원,9,20260801004903,02-737-0181,,,,,,,,,,,,,,,,,,,,,1,,,,,,,,,,,,,,Y,,,,,,,Y,N1,,,N1,Y,N1,20,N1,,N1,Y,,13,N1,10,,,1,,,,,,,,,,,,,,,,,,13,,,,,3,5,,3,,,,,,,,205,,,,,,,,,,,,,,,,,Y,N1,A1100032,49
2026-08-01 00:53:18,data_go_kr,서울특별시,A1100075,의료법인풍산의료재단동부제일병원,6,20260801004518,02-490-8880,,,,,,,,,,,,,,,,,,,,,1,,,,,,,,,,,,,,Y,,,,,,,Y,N1,,,N1,Y,N1,17,N1,,N1,N,,2,N1,7,,,1,,,,,,,,,,,,,,,,,,2,,,,,1,1,,3,,,,,,,,124,,,,,,,,,,,,,,,,,Y,N1,A1100075,50
2026-08-01 00:53:18,data_go_kr,서울특별시,A1100044,녹색병원,2,20260731231001,02-490-2113,,,,,,,,,,,,,,,,,,,1,,4,,,,,3,,,,,,1,Y,,Y,,,,,,,Y,N1,,,Y,Y,N1,85,N1,5,N1,Y,,3,N1,5,,1,4,,,,,,,,,,,,,17,3,,,,3,,,3,1,2,1,,22,,,1,,,,,293,,,,,,,,,,,,,,,,,Y,N1,A1100044,51
2026-08-01 00:53:18,data_go_kr,서울특별시,A1100030,의료법인성화의료재단대한병원,5,20210602182749,02-905-9110,,,,,,,,,,,,,,,,,,,,,,,,,,,,,,,,,,,Y,,,,Y,,,Y,Y,,,N1,Y,N1,54,N1,6,N1,Y,,3,N1,7,,,,,,,,,,,,,,,,16,,,,,3,,,,,1,1,1,6,,,,,,,,189,,,,,,,,,,,,,,,,,Y,N1,A1100030,52
2026-08-01 00:53:18,data_go_kr,서울특별시,A1100047,강남고려병원,10,20180503175041,02-874-7227,,,,,,,,,,,,,,,,,,,,,,,,,,,,,,,,,,,N,,,,,,,Y,N1,,,N1,N,N1,73,N1,7,N1,N1,,3,N1,10,,,,,,,,,,,,,,,,7,,,,,3,,,,,0,,,0,,,,,,,,148,,,,,,,,,,,,,,,,,N,N1,A1100047,53
2026-08-01 00:53:18,data_go_kr,서울특별시,A1100038,한림대학교한강성심병원,30,20191119122409,02-2639-5555,,,,,,,,,,,,,,,,,,,,,,,,,,1,3,,,,,,,Y,Y,,,,Y,8,,Y,Y,,,Y,Y,Y,6,Y,8,N1,Y,,5,N1,30,,,,,,,,,,,,14,,,,9,1,30,,,5,,,,,2,1,1,28,,,6,1,1,1,,146,,,,,,,,,,,,,,,,,Y,N1,A1100038,54
2026-08-01 00:53:18,data_go_kr,서울특별시,A1100152,은평연세병원,6,20180706100009,02-388-0119,,,,,,,,,,,,,,,,,,,,,,,,,,,,,,,,,,,Y,,,,,,,Y,N1,,,N1,Y,N1,,N1,,N1,Y,,4,N1,6,,,,,,,,,,,,,,,,,,,,,4,,,,,1,1,,1,,,,,,,,,,,,,,,,,,,,,,,,,Y,N1,A1100152,55
2026-08-01 00:53:18,data_go_kr,부산광역시,A1200003,동아대학교병원,20,20260801004710,051-240-5300,Y,Y,2,6,,,,1,1,,,,,,,,,3,,,,10,,,2,4,9,,,,8,1,Y,,Y,0,,,Y,,,Y,Y,5,4,Y,Y,Y,139,Y,8,Y,Y,5,18,N1,26,3,,,16,,,20,,,8,13,,,11,7,18,6,30,,,18,,18,3,4,5,3,4,76,11,30,16,4,4,,,738,2,6,,,,4,1,,,,,,,,,,Y,Y,A1200003,1
2026-08-01 00:53:18,data_go_kr,부산광역시,A1200022,인제대학교 해운대백병원,16,20260801004745,051-797-0135,Y,Y,,,,,2,1,,8,,,,,,,,2,2,7,3,7,,,,0,12,,,,,1,Y,Y,Y,,,,Y,,,Y,Y,,,Y,Y,Y,105,Y,,Y,Y,0,22,N1,29,3,2,3,12,28,27,23,,,,,,,,,,2,30,,,22,,,7,2,5,3,4,72,8,40,17,9,11,1,,710,,,,,5,3,,,,,,,,,,,Y,Y,A1200022,2
2026-08-01 00:53:18,data_go_kr,부산광역시,A1200018,대동병원,13,20260801005014,051-550-9391,,,,,,,,,,,,,,,,,,3,1,,2,,,,,0,,,,,,1,,,Y,,,,Y,,,Y,Y,,,Y,Y,N1,40,N1,5,N1,Y,,6,N1,15,3,1,2,,,,,,,,,,,,,21,1,,,,6,,,1,,2,1,1,10,,,1,,,,,401,,,,,,,,,,,,,,,,,Y,N1,A1200018,3
2026-08-01 00:53:18,data_go_kr,부산광역시,A1200020,의료법인 온그룹의료재단 온병원,12,20260801005034,051-607-0139,,,,,,,,,,,,,,,,,,,1,,2,,,,,1,,,,,,5,,,Y,,,,Y,,,Y,Y,,,Y,Y,N1,143,N1,8,N1,Y,,9,Y,20,,1,2,,,,,,,,,,,,,23,1,,,,9,,,6,,4,2,2,7,,,1,,,,1,585,,,,,,,,,,,,,,,,,Y,N1,A1200020,4
2026-08-01 00:53:18,data_go_kr,부산광역시,A1200001,인제대학교부산백병원,8,20260801005018,051-890-5995,Y,Y,,,,,,,,5,,,,,,,,,1,0,2,,,,2,0,,,,,3,2,Y,,Y,0,,,Y,,,Y,Y,,,Y,Y,Y,189,Y,5,Y,Y,2,17,Y,18,,1,2,,19,18,35,,,,12,,,6,,10,1,,,,17,,20,8,4,5,3,6,68,19,38,16,3,7,,2,691,,,,,,,,,,,,,,,,,Y,Y,A1200001,5
2026-08-01 00:53:18,data_go_kr,부산광역시,A1200005,의료법인 은성의료재단 좋은삼선병원,11,20260801005022,051-310-9119,,,,,,,,,,,,,,,,,3,1,1,,2,,,,2,0,,,,,,2,,,Y,0,,,Y,,,Y,Y,,,Y,Y,N1,8,N1,3,N1,Y,,7,N1,13,1,1,2,,,,,,,,5,,,4,,19,2,,,,7,,,2,,2,2,2,11,,,1,,,,,375,,,,,,,,,,,,,,3,,,Y,N1,A1200005,6
2026-08-01 00:53:18,data_go_kr,부산광역시,A1200004,고신대학교복음병원,13,20260801004926,051-990-6200,Y,Y,1,3,,,,,,4,,,,,,,,,,4,,0,,,8,7,2,,,,14,1,Y,,Y,6,,,Y,,,Y,Y,4,,Y,Y,Y,138,Y,,Y,Y,15,13,Y,25,,,,2,12,7,18,,,5,13,,,16,,,7,3,,,13,,14,1,7,3,3,5,53,13,19,14,3,1,,1,682,1,4,,,,,,,,,,,,,,,Y,Y,A1200004,7
2026-08-01 00:53:18,data_go_kr,부산광역시,A1200002,부산대학교병원,8,20260801005000,051-240-7776,Y,Y,,,,,0,,,1,,,,0,0,0,,3,1,,2,0,,,,2,3,,34,2,5,4,Y,,Y,0,2,12,Y,,19,Y,Y,,,Y,Y,Y,441,Y,6,Y,Y,2,26,N,17,3,1,2,2,10,,20,,,,0,,42,,,24,4,3,,82,26,2,19,10,12,9,6,8,95,15,17,21,9,18,,1,901,,,,,2,,,,,,0,0,0,,2,12,Y,Y,A1200002,8
2026-08-01 00:53:18,data_go_kr,부산광역시,A1200007,비에이치에스한서병원,16,20260801005042,051-998-1119,,,,,,,,,,,,,,,,,,,1,,2,2,,,,,3,,,,,,,,Y,,,,Y,,,Y,Y,,,Y,Y,Y,70,N1,2,N1,Y,,4,N1,17,,1,2,2,,,,,,,,,,,,14,,3,,,4,,,,,1,1,2,11,,,1,1,,,,285,,,,,,,,,,,,,,,,,Y,N1,A1200007,9
2026-08-01 00:53:18,data_go_kr,부산광역시,A1200028,(의)서일의료재단기장병원,8,20260731231342,051-723-2119,,,,,,,,,,,,,,,,,,,,,1,,,,,,,,,,,,,,Y,,,,,,,Y,N1,,,N1,Y,N1,31,N1,,N1,Y,,2,N1,9,,,1,,,,,,,,,,,,,,,,,,3,,,,,1,1,,1,,,,,,,,154,,,,,,,,,,,,,,,,,Y,N1,A1200028,10
2026-08-01 00:53:18,data_go_kr,부산광역시,A1200015,동남권원자력의학원원자력병원,7,20260801004800,051-720-5911,,,,,,,,,,,,,,,,,,,1,,,,,,,,,,,,,,,,Y,,,,Y,,,Y,Y,,,Y,Y,Y,79,N1,7,N1,Y,,8,N1,9,,1,,,,,,,,,,,,,,12,,,,,8,,,,,2,2,2,12,,,1,0,,,,261,,,,,,,,,,,,,,,,,Y,N1,A1200015,11
2026-08-01 00:53:18,data_go_kr,부산광역시,A1200013,부산성모병원(재단법인 천주교부산교구유지재단),5,20260801004810,051-933-7119,Y,Y,,,,,,,,,,,,,,,4,4,1,,,,,,,2,,,,,,1,,,Y,,,,,,,Y,N1,,,Y,Y,N1,82,N1,5,Y,Y,7,7,N1,10,4,1,,,,,10,,,,,,,,,18,2,,,,7,,,2,,1,1,,6,14,13,1,,,,,373,,,,,,,,,,,,,,4,,,Y,Y,A1200013,12
2026-08-01 00:53:18,data_go_kr,부산광역시,A1200026,좋은문화병원,4,20260801005031,051-630-0909,Y,Y,,,,,,,,,,,,,,,,2,1,,2,,,,,,,,,,,1,Y,,Y,,,,,,,Y,N1,,,N1,Y,N1,29,N1,3,Y,Y,5,0,Y,7,2,1,2,,,,12,,,,,,,,,8,,,,,9,,,2,8,2,2,,3,6,17,,,,,1,270,,,,,,,,,,,,,,,,,Y,Y,A1200026,13
2026-08-01 00:53:18,data_go_kr,부산광역시,A1200017,의료법인정화의료재단 봉생기념병원,6,20260801005002,051-664-4119,,,,,,,,,,0,,,,,,,,,,0,2,,,,,,,,,,0,0,,,Y,,,,Y,,,Y,Y,,,Y,Y,N1,33,N1,,N1,Y,,8,N1,9,,,2,,11,11,,,,,,,,,,,,,,,8,,31,1,,1,2,2,11,,,4,,,,,335,,,,,,,,,,,,,,,,,Y,N1,A1200017,14
2026-08-01 00:53:18,data_go_kr,부산광역시,A1200011,동래봉생병원,4,20260801004736,051-520-5700,,,,,,,,,,,,,,,,,,,1,,1,,,,,2,,,,,,,,,Y,,,,Y,,,Y,Y,,,Y,Y,N1,22,N1,6,N1,Y,,7,N1,8,,1,1,,,,,,,,,,,,,18,2,,,,7,,,,,1,2,2,11,,,1,,,,,241,,,,,,,,,,,,,,,,,Y,N1,A1200011,15
2026-08-01 00:53:18,data_go_kr,부산광역시,A1200009,의료법인 광혜의료재단 광혜병원,8,20260801004906,051-504-2119,,,,,,,,,,,,,,,,,,,2,,1,,,,,,,,,,,0,,,Y,,,,,,,Y,N1,,,N1,Y,N1,51,N1,2,N1,Y,,3,N1,9,,2,1,,,,,,,,,,,,,9,,,,,3,,,1,,1,1,,4,,,,,,,,190,,,,,,,,,,,,,,,,,Y,N1,A1200009,16
2026-08-01 00:53:18,data_go_kr,부산광역시,A1200019,학교법인)동의병원,13,20260801004800,051-850-8777,,,,,,,,,,,,,,,,,,,,,1,,,,,,,,,,,,,,Y,,,,Y,,,Y,Y,,,Y,Y,Y,93,N1,16,N1,Y,,1,N1,14,,,1,,,,,,,,,,,,,23,,,,,5,,,,,2,2,2,7,,,2,1,,,,448,,,,,,,,,,,,,,,,,Y,N1,A1200019,17
2026-08-01 00:53:18,data_go_kr,부산광역시,A1200025,학교법인 춘해병원,8,20260801004825,051-608-0119,,,,,,,,,,,,,,,,,,,,,1,,,,,,,,,,,,,,Y,,,,,,,Y,N1,,,N1,Y,N1,49,N1,,N1,Y,,4,N1,9,,,1,,,,,,,,,,,,,,,,,,4,,,,,1,1,,3,,,,,,,,201,,,,,,,,,,,,,,,,,Y,N1,A1200025,18
2026-08-01 00:53:18,data_go_kr,부산광역시,A1200045,구포성심병원,2,20260801004800,051-330-2090,,,,,,,,,,,,,,,,,,,,,1,,,,,,,,,,,,,,Y,,,,Y,,,Y,Y,,,N1,Y,N1,7,N1,,N1,Y,,4,N1,9,,,1,,,,,,,,,,,,,,,,,,4,,,,,1,1,1,4,,,,,,,,243,,,,,,,,,,,,,,,,,Y,N1,A1200045,19
2026-08-01 00:53:18,data_go_kr,부산광역시,A1200006,의료법인 인당의료재단 부민병원,8,20260801004636,051-330-3129,,,,,,,,,,,,,,,,,,,1,,1,,,,,0,,,,,,,,,Y,,,,Y,,,Y,Y,,,Y,Y,N1,10,N1,0,N1,Y,,8,N1,10,,1,1,,,,,,,,,,,,,18,1,,,,8,,,,,2,3,1,7,,,1,,,,,366,,,,,,,,,,,,,,,,,Y,N1,A1200006,20
2026-08-01 00:53:18,data_go_kr,부산광역시,A1200016,한국보훈복지의료공단 부산보훈병원,11,20260801004802,051-601-6183,,,,,,,,,,,,,,,,,,,1,,1,,,,,1,,,,,,,,,Y,,,,Y,,,Y,Y,,,N1,Y,N1,35,N1,3,N1,Y,,7,N1,11,,1,1,,,,,,,,,,,,,9,1,,,,7,,,,,2,3,2,11,,,,,,,,452,,,,,,,,,,,,,,,,,Y,N1,A1200016,21
2026-08-01 00:53:18,data_go_kr,부산광역시,A1200021,삼육부산병원,9,20260801004846,051-600-7750,,Y,,,,,,,,,,,,,,,,,1,,,,,,,0,,,,,,,Y,,Y,,,,Y,,,Y,Y,,,Y,Y,Y,10,N1,1,Y,Y,,,N1,9,,1,,,,,,,,,,,,,,14,1,,,,,,,,1,2,1,1,9,,1,2,1,,,,302,,,,,,,,,,,,,,,,,Y,N1,A1200021,22
2026-08-01 00:53:18,data_go_kr,부산광역시,A1200008,의료법인 은성의료재단 좋은강안병원,15,20260801005020,051-610-9119,,,,,,,,,,,,,,,,,,,1,,2,0,,,,0,2,,,,,0,,,Y,,,,Y,,,Y,Y,,,Y,Y,Y,54,N1,3,N1,Y,,11,N1,18,,1,2,2,,,,,,,,,,,,28,2,4,,,11,,,3,,4,3,3,12,,,5,1,,,,531,,,,,,,,,,,,,,,,,Y,N1,A1200008,23
2026-08-01 00:53:18,data_go_kr,부산광역시,A1200098,의료법인 센텀의료재단 센텀종합병원,8,20260801004957,051-750-5119,,,,,,,,,,,,,,,,,,,,,1,,,,,1,,,,,,,,,Y,,,,Y,,,Y,Y,,,N1,Y,N1,17,N1,3,N1,Y,,9,N1,9,,,1,,,,,,,,,,,,,16,1,,,,9,,,,,2,2,1,11,,,,,,,,338,,,,,,,,,,,,,,,,,Y,N1,A1200098,24
2026-08-01 00:53:18,data_go_kr,부산광역시,A1200024,부산광역시의료원,15,20260801004937,051-607-2140,,N,,,,,,,,3,,,,,,,,,1,4,1,,,,,,,,,,5,6,N,,Y,,,,Y,,,Y,Y,,,Y,Y,N1,55,N1,,N,Y,,7,N1,18,,1,1,,13,14,,,,,,,,,,,,,,,7,,29,7,1,1,1,2,19,,2,4,,,,,348,,,,,,,,,,,,,,,,,Y,N1,A1200024,25
2026-08-01 00:53:18,data_go_kr,부산광역시,A1200012,의료법인 행도의료재단 해동병원,6,20260801004920,051-410-6688,,,,,,,,,,,,,,,,,,,1,,,,,,,,,,,,,0,,,Y,,,,,,,Y,N1,,,Y,Y,N1,32,N1,3,N1,Y,,3,Y,6,,1,,,,,,,,,,,,,,9,,,,,3,,,0,,1,1,,5,,,1,,,,12,256,,,,,,,,,,,,,,,,,Y,N1,A1200012,26
2026-08-01 00:53:18,data_go_kr,부산광역시,A1200014,영도병원,7,20260801004741,051-419-7575,,,,,,,,,,,,,,,,,,,1,,1,,,,,,,,,,,,,,Y,,,,,,,Y,N1,,,N1,Y,N1,7,N1,3,N1,Y,,3,N1,7,,1,1,,,,,,,,,,,,,10,,,,,3,,,,,1,1,,7,,,,,,,,217,,,,,,,,,,,,,,,,,Y,N1,A1200014,27
2026-08-01 00:53:18,data_go_kr,부산광역시,A1200023,재단법인천주교부산교구유지재단 메리놀병원,6,20260801004809,051-461-2300,,,,,,,,,,,,,,,,,,,,,1,,,,,0,,,,,,,Y,,Y,,,,Y,,,Y,Y,,,Y,Y,N1,45,N1,4,N1,Y,,8,N1,9,,,1,,,,,,,,,,,,,18,1,,,,8,,,,1,1,1,1,9,,,2,,,,,380,,,,,,,,,,,,,,,,,Y,N1,A1200023,28
2026-08-01 00:53:18,data_go_kr,부산광역시,A1205143,의료법인 인당의료재단 해운대부민병원,5,20260801004637,051-602-8119,,,,,,,,,,,,,,,,,,,1,,,,,,,0,,,,,,0,,,Y,,,,Y,,,Y,Y,,,Y,Y,N1,19,N1,6,N1,Y,,8,Y,9,,1,,,,,,,,,,,,,,19,2,,,,8,,,3,,2,2,1,10,,,1,,,,1,360,,,,,,,,,,,,,,,,,Y,N1,A1205143,29
2026-08-01 00:53:18,data_go_kr,부산광역시,A1200027,재단법인일신기독교선교회 일신기독병원,5,20201005065633,051-630-0415,Y,Y,,,,,,,,,,,,,,,,,,,,,,,,,,,,,,,Y,,Y,,,,,,,Y,N1,,,N1,Y,N1,108,N1,,Y,Y,5,4,N1,5,,,,,,,12,,,,,,,,,,,,,,4,,,,6,1,1,,1,5,16,,,,,,138,,,,,,,,,,,,,,,,,Y,Y,A1200027,30
2026-08-01 00:53:18,data_go_kr,부산광역시,A1200101,의료법인센텀의료재단 서부산센텀병원,6,20190319122357,051-329-3119,,,,,,,,,,,,,,,,,,,,,,,,,,,,,,,,,,,Y,,,,,,,Y,N1,,,N1,Y,N1,44,N1,,N1,Y,,5,N1,8,,,,,,,,,,,,,,,,,,,,,5,,,,,1,1,,1,,,,,,,,204,,,,,,,,,,,,,,,,,Y,N1,A1200101,31
2026-08-01 00:53:18,data_go_kr,대구광역시,A1300001,영남대학교병원,23,20260801004737,053-620-3177,Y,Y,,0,,,0,3,,3,0,,,,,,,3,2,9,3,10,,,1,6,9,,,,12,1,Y,,Y,6,,,Y,,,Y,Y,,,Y,Y,Y,158,Y,,Y,Y,1,23,Y,28,3,2,3,21,10,15,15,,,,14,,,7,,,13,30,,,23,,20,7,2,4,4,4,75,5,11,8,5,5,,1,704,,0,,,1,3,,0,,,,,,,,,Y,Y,A1300001,1
2026-08-01 00:53:18,data_go_kr,대구광역시,A1300002,경북대학교병원,19,20260801004705,053-200-5100,Y,Y,2,3,,,,,,3,,,,,,,,4,,7,,11,,,5,,29,,12,2,8,2,Y,,Y,0,2,5,Y,,4,Y,Y,2,5,Y,Y,Y,162,Y,,Y,Y,1,17,N1,25,4,,,20,7,7,15,,,6,7,,20,10,11,,,44,,40,17,2,20,5,2,5,5,5,82,8,11,11,9,5,,,570,2,3,,,,,,,,,,,,,2,6,Y,Y,A1300002,2
2026-08-01 00:53:18,data_go_kr,대구광역시,A1300004,대구가톨릭대학교병원,8,20260801004846,053-650-3000,Y,Y,,,,,,,,1,,,,,,,,,1,4,3,,,,,2,,,,,2,4,Y,Y,Y,9,,,Y,,,Y,Y,,,Y,Y,Y,284,Y,0,Y,Y,0,19,N1,24,,1,3,,15,25,42,,,,16,,,,,0,6,,,,19,,20,9,2,3,3,5,58,20,32,8,3,4,1,,704,,,,,,,,,,,,,,,,,Y,Y,A1300004,3
2026-08-01 00:53:18,data_go_kr,대구광역시,A1300003,계명대학교동산병원,3,20260801005003,053-258-6306,Y,Y,,,,,,,,1,,,,,,,,,2,1,2,,2,,,0,16,,,,3,4,Y,Y,Y,1,,,Y,,,Y,Y,7,,Y,Y,Y,193,Y,3,Y,Y,6,24,Y,20,,2,3,,11,13,39,7,,8,15,,,,,10,4,20,,,24,,20,16,6,6,5,7,56,13,37,9,4,14,1,2,769,,,,,,,,,,,,,,,,,Y,Y,A1300003,4
2026-08-01 00:53:18,data_go_kr,대구광역시,A1300009,대구파티마병원,3,20260801005000,053-940-7119,Y,Y,,,,,,,,6,,,,,,,,5,2,4,5,1,,,,3,4,,,,,,Y,,Y,7,,,Y,,,Y,Y,,,Y,Y,Y,190,Y,,Y,Y,4,17,N1,25,5,2,5,2,17,8,8,,,,12,,,,,,9,4,,,17,,,,2,5,3,4,32,11,19,5,1,1,,,539,,,,,,,,,,,,,,,,,Y,Y,A1300009,5
2026-08-01 00:53:18,data_go_kr,대구광역시,A1300010,칠곡경북대학교병원,15,20260801004805,053-200-2100,Y,Y,,,1,1,,,,7,,,,,,,,-6,1,5,3,,5,0,,4,0,3,,,10,13,Y,,Y,,,,Y,,,Y,Y,,,Y,Y,Y,213,Y,,Y,Y,1,19,N1,23,7,1,3,,10,15,39,10,2,,,,,,,,4,0,8,,19,,20,13,2,8,5,8,52,9,27,9,3,1,,,760,,,1,1,,,,,,,,,,,,,Y,Y,A1300010,6
2026-08-01 00:53:18,data_go_kr,대구광역시,A1300034,드림종합병원,6,20260801004823,053-640-8575,,,,,,,,,,,,,,,,,1,,,,1,,,,,,,,,,,,,,Y,,,,Y,,,Y,Y,,,Y,Y,Y,36,N1,,N1,N,,3,N1,8,,,1,,,,,,,,,,,,,,,,,,3,,,,,2,1,1,2,,,1,1,,,,159,,,,,,,,,,,,,,1,,,Y,N1,A1300034,7
2026-08-01 00:53:18,data_go_kr,대구광역시,A1300006,의료법인구의료재단구병원,7,20260801005007,053-557-7119,,,,,,,,,,,,,,,,,,,,,1,,,,,1,,,,,,,,,Y,,,,,,,Y,N1,,,N1,Y,N1,15,N1,7,N1,Y,,9,N1,10,,,1,,,,,,,,,,,,,18,1,,,,9,,,,,3,1,,3,,,,,,,,235,,,,,,,,,,,,,,,,,Y,N1,A1300006,8
2026-08-01 00:53:18,data_go_kr,대구광역시,A1300110,더블유병원,9,20260801004800,053-550-5019,,,,,,,,,,,,,,,,,,,,,1,,,,,,,,,,,,,,Y,,,,,,,Y,N1,,,N1,Y,N1,44,N1,,N1,N,,8,Y,10,,,1,,,,,,,,,,,,,,,,,,8,,,,,1,1,,1,,,,,,,8,431,,,,,,,,,,,,,,,,,Y,N1,A1300110,9
2026-08-01 00:53:18,data_go_kr,대구광역시,A1300011,한국보훈복지의료공단대구보훈병원,12,20260801004750,053-630-7014,,,,,,,,,,,,,,,,,,,1,,1,,,,,1,,,,,,1,,,Y,,,,Y,,,Y,Y,,,N1,Y,N1,26,N1,7,N1,Y,,6,N1,12,,1,1,,,,,,,,,,,,,13,1,,,,6,,,1,,1,3,2,9,,,,,,,,406,,,,,,,,,,,,,,,,,Y,N1,A1300011,10
2026-08-01 00:53:18,data_go_kr,대구광역시,A1300045,삼일병원,11,20260801004942,053-659-3119,,,,,,,,,,,,,,,,,,,1,,,,,,,,,,,,,,,,Y,,,,Y,,,Y,Y,,,N1,Y,N1,26,N1,,N1,N,,4,N1,14,,1,,,,,,,,,,,,,,,,,,,4,,,,,3,2,1,3,,,,,,,,299,,,,,,,,,,,,,,,,,Y,N1,A1300045,11
2026-08-01 00:53:18,data_go_kr,대구광역시,A1300038,나사렛종합병원,7,20260801004658,053-643-3119,,,,2,,,,,,,,,,,,,,,,,1,,,,,0,,,,,,,,,Y,,,,Y,,,Y,Y,,,Y,Y,N1,23,N1,6,N1,Y,,5,N1,9,,,1,,,,,,,,,,,,,28,1,,,,5,,,,,2,2,2,5,,,1,,,,,231,,9,,,,,,,,,,,,,,,Y,N1,A1300038,12
2026-08-01 00:53:18,data_go_kr,대구광역시,A1300018,강남종합병원,15,20260801004429,053-980-9018,,,,,,,,,,,,,,,,,,,1,,,,,,,,,,,,,1,,,Y,,,,,,,Y,N1,,,N1,Y,N1,42,N1,,N1,Y,,7,N1,15,,1,,,,,,,,,,,,,,,,,,,7,,,1,,2,2,,2,,,,,,,,207,,,,,,,,,,,,,,,,,Y,N1,A1300018,13
2026-08-01 00:53:18,data_go_kr,대구광역시,A1300005,대구가톨릭대학교칠곡가톨릭병원,4,20260801004713,053-320-2111,,,,,,,,,,,,,,,,,,,,,1,,,,,,,,,,,,,,Y,,,,,,,Y,N1,,,N1,Y,N1,23,N1,,N1,Y,,3,N1,9,,,1,,,,,,,,,,,,,,,,,,3,,,,,2,2,,1,,,,,,,,161,,,,,,,,,,,,,,,,,Y,N1,A1300005,14
2026-08-01 00:53:18,data_go_kr,대구광역시,A1300076,대구굿모닝병원,15,20260801004834,053-620-9119,,,,,,,,,,,,,,,,,,,1,,1,,,,,1,,,,,,,,,Y,,,,Y,,,Y,Y,,,N1,Y,N1,53,N1,11,N1,Y,,4,N1,17,,1,1,,,,,,,,,,,,,26,1,,,,4,,,,,2,4,2,13,,,,,,,,226,,,,,,,,,,,,,,,,,Y,N1,A1300076,15
2026-08-01 00:53:18,data_go_kr,대구광역시,A1300007,대구의료원,16,20260801005002,053-560-7288,,Y,,,,,,,,,,,,,,,,,1,,1,,,,,0,,,,,1,2,Y,,Y,,,,,,,Y,N1,,,N1,Y,N1,38,N1,7,Y,Y,,4,N1,18,,1,1,,,,,,,,,,,,,18,1,,,,4,,82,3,1,1,1,,13,,4,,,,,,254,,,,,,,,,,,,,,,,,Y,N1,A1300007,16
2026-08-01 00:53:18,data_go_kr,대구광역시,A1300081,(재)미리내천주성삼성직수도회천주성삼병원,5,20260801005006,053-790-0555,,,,,,,,,,,,,,,,,,,,,1,,,,,,,,,,,,,,Y,,,,,,,Y,N1,,,N1,Y,N1,8,N1,,N1,Y,,4,N1,9,,,1,,,,,,,,,,,,,,,,,,4,,,,,1,2,,4,,,,,,,,294,,,,,,,,,,,,,,,,,Y,N1,A1300081,17
2026-08-01 00:53:18,data_go_kr,대구광역시,A1300008,곽병원,5,20260801004914,053-605-3333,,,,,,,,,,,,,,,,,,,,,2,,,,,,,,,,,,,,Y,,,,,,,Y,N1,,,N1,Y,N1,0,N1,,N1,Y,,4,N1,10,,,2,,,,,,,,,,,,,,,,,,4,,,,,1,1,,2,,,,,,,,221,,,,,,,,,,,,,,,,,Y,N1,A1300008,18
2026-08-01 00:53:18,data_go_kr,대구광역시,A1303386,계명대학교대구동산병원,11,20260801005020,053-250-8481,,,,,,,,,,,,,,,,,,,1,,1,,,,,0,,,,,,,N,,Y,,,,Y,,,Y,Y,,,Y,Y,N1,52,N,0,N1,Y,,3,N1,12,,1,1,,,,,,,,,,,,,7,5,,,,3,,,,0,2,1,1,6,,,6,,0,,,196,,,,,,,,,,,,,,,,,Y,N1,A1303386,19
2026-08-01 00:53:18,data_go_kr,인천광역시,A1400001,의료법인 길의료재단 길병원,9,20260801004835,032-460-3012,Y,Y,2,3,1,1,,2,,11,,,,,2,,,8,,5,,7,,2,0,5,11,3,14,2,11,13,Y,,Y,0,2,6,Y,,3,Y,Y,,2,Y,Y,Y,303,Y,,Y,Y,0,0,Y,23,9,,,18,38,11,30,,2,,14,,20,6,4,,11,30,6,47,3,2,18,13,3,6,6,7,113,19,40,19,10,6,,1,995,2,3,1,1,,2,,,,,,3,,,2,6,Y,Y,A1400001,1
2026-08-01 00:53:18,data_go_kr,인천광역시,A1400002,인하대학교의과대학부속병원,10,20260801005026,032-890-2301,Y,Y,,,1,1,,,,15,,,,,,,,4,2,1,5,5,1,0,2,2,5,2,,,4,5,Y,Y,Y,,,,Y,,,Y,Y,,,Y,Y,Y,121,Y,11,Y,Y,0,16,Y,20,7,2,5,20,25,13,27,3,2,,,,,7,,23,3,30,6,,16,,15,7,4,6,3,5,109,17,27,13,9,7,1,2,681,,,1,1,,,,,,,,,,,,,Y,Y,A1400002,2
2026-08-01 00:53:18,data_go_kr,인천광역시,A1400010,검단탑병원,13,20260801004745,032-590-0077,,,,,,,,,,,,,,,,,,,1,,2,,,,,0,,,,,,0,,,Y,,,,Y,,,Y,Y,,,Y,Y,N1,38,N1,7,N1,Y,,6,N1,18,,1,2,,,,,,,,,,,,,15,3,,,,6,,,2,,2,2,1,11,,,1,,,,,279,,,,,,,,,,,,,,,,,Y,N1,A1400010,3
2026-08-01 00:53:18,data_go_kr,인천광역시,A1403372,인천세종병원,11,20260801005010,032-240-8119,,,,,,,,,,,,,,,,,,,3,,,1,,,,2,0,,,,,4,,,Y,,,,Y,,,Y,Y,,,Y,Y,Y,31,Y,8,N1,Y,,7,N1,18,,3,,2,,,,,,,,,,,,20,2,3,,,7,,,6,,2,2,3,13,,,4,5,1,,,274,,,,,,,,,,,,,,,,,Y,N1,A1403372,4
2026-08-01 00:53:18,data_go_kr,인천광역시,A1400014,의료법인인성의료재단한림병원,13,20260801005006,032-540-9119,,,,,,,,,,,,,,,,,,,2,,2,,,,,2,,,,,,2,Y,,Y,,,,Y,,,Y,Y,,,Y,Y,Y,32,N1,12,N1,Y,,6,N1,17,,2,2,,,,,,,,,,,,,21,2,,,,6,,,2,1,3,2,2,20,,,3,3,,,,391,,,,,,,,,,,,,,,,,Y,N1,A1400014,5
2026-08-01 00:53:18,data_go_kr,인천광역시,A1400016,인천사랑병원,8,20260801004732,032-457-2119,,Y,,,,,,,,,,,,,,,4,,1,,2,0,,,,1,0,,,,,1,Y,,Y,,,,Y,,,Y,Y,,,Y,Y,N1,15,Y,5,Y,Y,,7,N1,14,,1,2,2,,,,,,,,,,,,14,1,3,,,7,,,1,1,2,1,1,12,,1,2,,1,,,278,,,,,,,,,,,,,,4,,,Y,N1,A1400016,6
2026-08-01 00:53:18,data_go_kr,인천광역시,A1400012,가톨릭대학교 인천성모병원,1,20260801005011,032-280-6107,Y,Y,,,,,,,,8,,,,,,,,1,3,5,5,7,,,,3,,,,,,2,Y,,Y,5,,,Y,,,Y,Y,,,Y,Y,Y,106,Y,,Y,Y,0,17,N1,19,4,3,5,12,15,18,13,,,,15,,,,,,10,,,,17,,,9,1,4,4,5,53,5,14,11,5,4,,,579,,,,,,,,,,,,,,,,,Y,Y,A1400012,7
2026-08-01 00:53:18,data_go_kr,인천광역시,A1400013,안은의료재단 부평세림병원,13,20260801004934,032-509-5777,,,,,,,,,,,,,,,,,,,1,,3,2,,,,0,0,,,,,2,,,Y,,,,Y,,,Y,Y,,,Y,Y,Y,31,N1,1,N1,Y,,4,N1,16,,1,3,2,,,,,,,,,,,,11,2,3,,,4,,,2,,3,2,1,9,,,1,1,,,,234,,,,,,,,,,,,,,,,,Y,N1,A1400013,8
2026-08-01 00:53:18,data_go_kr,인천광역시,A1400015,가톨릭관동대학교국제성모병원,14,20260801005014,032-290-3065,Y,Y,5,0,,,,,,18,,,18,,,,,2,0,,0,,,,,,,,,,4,3,Y,,Y,-3,,,Y,,,Y,Y,,,Y,Y,N,207,Y,,Y,Y,,11,N1,23,3,0,0,,40,,,,,,13,,,,,,,,,,11,,11,3,2,3,2,3,34,2,11,6,2,1,,,641,5,0,,,,,,,,21,,,,,,,Y,Y,A1400015,9
2026-08-01 00:53:18,data_go_kr,인천광역시,A1400003,의료법인 루가의료재단 나은병원,9,20260801005017,032-584-4119,,Y,,,,,,,,5,,,,,,,7,,1,4,2,,,,,3,,,,,,8,Y,,Y,,,,Y,,,Y,Y,,,Y,Y,Y,105,Y,,Y,Y,,10,N1,11,,1,2,,14,13,,,,,,,,,,,3,,,,10,,,9,1,2,2,3,17,,1,3,1,1,,,367,,,,,,,,,,,,,,7,,,Y,N1,A1400003,10
2026-08-01 00:53:18,data_go_kr,인천광역시,A1400011,의료법인 나사렛의료재단 나사렛국제병원,16,20260801004912,032-899-9699,,,,,,,,,,,,,,,,,,,1,,2,2,,,,1,3,,,,,,,,Y,,,,Y,,,Y,Y,,,Y,Y,N1,50,N1,4,N1,Y,,5,N1,17,,1,2,2,,,,,,,,,,,,16,1,3,,,5,,,,,2,2,2,8,,,2,,,,,282,,,,,,,,,,,,,,,,,Y,N1,A1400011,11
2026-08-01 00:53:18,data_go_kr,인천광역시,A1403617,비에스종합병원,10,20260801004542,032-290-0119,,Y,,,,,,,,,,,,,,,,,1,,,,,,,0,,,,,,,Y,,Y,,,,Y,,,Y,Y,,,Y,Y,N1,100,N1,5,Y,N1,0,2,N1,10,,1,,,,,1,,,,,,,,,18,1,,,,2,,,,1,1,,1,6,,1,1,,,,,180,,,,,,,,,,,,,,,,,Y,N1,A1403617,12
2026-08-01 00:53:18,data_go_kr,인천광역시,A1400005,온누리병원,8,20260801004806,032-568-9112,,,,,,,,,,,,,,,,,,,1,,1,,,,,,,,,,,,,,Y,,,,,,,Y,N1,,,N1,Y,N1,36,N1,,N1,Y,,3,N1,9,,1,1,,,,,,,,,,,,,,,,,,3,,,,,1,1,,5,,,,,,,,190,,,,,,,,,,,,,,,,,Y,N1,A1400005,13
2026-08-01 00:53:18,data_go_kr,인천광역시,A1403871,인천힘찬종합병원,15,20260801004614,032-459-3168,,,,,,,,,,,,,,,,,,,1,,2,1,,,,0,4,,,,,,,,Y,,,,,,,Y,N1,,,N1,Y,N1,48,N1,2,N1,Y,,7,N1,17,,1,2,2,,,,,,,,,,,,6,1,4,,,7,,,,,2,2,,4,,,,,,,,231,,,,,,,,,,,,,,,,,Y,N1,A1403871,14
2026-08-01 00:53:18,data_go_kr,인천광역시,A1400004,현대유비스병원,17,20260801004656,032-890-5582,,,,,,,,,,,,,,,,,,,1,,,,,,,,,,,,,,,,Y,,,,Y,,,Y,Y,,,Y,Y,N1,6,N1,,N1,Y,,6,N1,19,,1,,,,,,,,,,,,,,,,,,,6,,,,,2,2,1,8,,,2,,,,,285,,,,,,,,,,,,,,,,,Y,N1,A1400004,15
2026-08-01 00:53:18,data_go_kr,인천광역시,A1400008,(의)성세의료재단 뉴성민병원,8,20260801004857,032-726-1119,,,,,,,,,,,,,,,0,,,,,,1,,,,,2,,,,,,,,,Y,,,,,,,Y,N1,,,Y,Y,N1,96,N1,14,N1,Y,,6,Y,9,,,1,,,,,,,,,,,,,17,2,,,,6,,,,,2,2,,11,,,2,,,,1,265,,,,,,,,,,,,0,,,,,Y,N1,A1400008,16
2026-08-01 00:53:18,data_go_kr,인천광역시,A1400018,인천적십자병원,8,20260801005034,032-899-4119,,,,,,,,,,,,,,,,,,,1,,1,,,,,,,,,,,,,,Y,,,,,,,Y,N1,,,N1,Y,N1,67,N1,1,N1,Y,,3,N1,8,,1,1,,,,,,,,,,,,,8,,,,,3,,,,,1,1,,2,,,,,,,,104,,,,,,,,,,,,,,,,,Y,N1,A1400018,17
2026-08-01 00:53:18,data_go_kr,인천광역시,A1400037,인천광역시의료원백령병원,5,20260801005001,032-836-1732,Y,Y,,,,,,,,,,,,,,,,,,,1,,,,,,,,,,,,,,Y,,,,,,,Y,N1,,,N1,Y,N1,30,N1,,Y,N1,,1,N1,5,,,1,,,,,,,,,,,,,,,,,,1,,,,,1,,,1,1,2,,,,,,30,,,,,,,,,,,,,,,,,Y,Y,A1400037,18
2026-08-01 00:53:18,data_go_kr,인천광역시,A1400009,인천기독병원,7,20260801004838,032-270-8300,,,,,,,,,,,,,,,,,,,,,1,,,,,,,,,,,,,,Y,,,1,,,,Y,N1,,,N1,Y,N1,32,N1,10,N1,Y,,4,N1,8,,,1,,,,,,,,,,,,,10,,,,,4,,,,,1,1,,1,,,,,,,,139,,,,,,,,,,,,,,,,1,Y,N1,A1400009,19
2026-08-01 00:53:18,data_go_kr,인천광역시,A1400017,인천광역시의료원,15,20260801005001,032-580-6119,,,,,,,,,,,,,,,,,,,2,,,,,,,0,,,,,26,7,,,Y,,,,,,,Y,N1,,,N1,Y,N1,33,N1,7,N1,Y,,6,N1,15,,2,,,,,,,,,,,,,,13,0,,,,6,,45,7,,1,1,,19,,,,,,,,198,,,,,,,,,,,,,,,,,Y,N1,A1400017,20
2026-08-01 00:53:18,data_go_kr,인천광역시,A1400007,의료법인 성수의료재단 인천백병원,5,20260801004924,032-280-8119,,,,,,,,,,,,,,,,,,,,,1,,,,,,,,,,,,,,Y,,,,,,,Y,N1,,,Y,Y,N1,45,N1,0,N1,Y,,4,N1,5,,,1,,,,,,,,,,,,,12,,,,,4,,,,,2,2,,6,,,1,,,,,189,,,,,,,,,,,,,,,,,Y,N1,A1400007,21
2026-08-01 00:53:18,data_go_kr,인천광역시,A1400032,근로복지공단인천병원,5,20200803134800,,,,,,,,,,,,,,,,,,,,1,,,,,,,2,,,,,,2,,,Y,,,,,,,Y,N1,,,N1,Y,N1,59,N1,17,N1,Y,,3,N1,5,,1,,,,,,,,,,,,,,19,2,,,,3,,,2,,1,1,,4,,,,,,,,327,,,,,,,,,,,,,,,,,Y,N1,A1400032,22
2026-08-01 00:53:18,data_go_kr,대전광역시,A1600006,학교법인건양교육재단건양대학교병원,15,20260801004920,042-600-9119,Y,Y,,0,,,1,2,4,,0,0,0,0,,0,,5,2,,3,10,,,,4,8,,,,12,3,Y,,Y,,,,Y,,,Y,Y,,,Y,Y,Y,289,Y,35,Y,Y,1,20,Y,24,5,2,3,16,,,24,,,,,,,,,59,5,28,,,20,,20,4,2,4,4,4,46,17,23,10,3,1,,1,658,,0,,,1,3,4,0,0,0,0,,0,,,,Y,Y,A1600006,1
2026-08-01 00:53:18,data_go_kr,대전광역시,A1600001,충남대학교병원,7,20260801005000,042-280-8129,Y,Y,0,0,,,,,,5,,,,,,,0,1,2,7,3,9,1,,0,6,17,,,,14,9,Y,,Y,,,,Y,,,Y,Y,,,Y,Y,Y,210,Y,2,Y,Y,7,21,N1,28,6,2,3,20,16,14,34,5,,,,,,10,,12,8,30,,,21,,26,14,5,5,4,5,76,12,36,6,8,2,,,966,0,0,,,,,,,,,,,,0,,,Y,Y,A1600001,2
2026-08-01 00:53:18,data_go_kr,대전광역시,A1600002,학교법인을지학원대전을지대학교병원,20,20260801005001,042-259-1119,Y,Y,,,,,,,,6,,0,0,-9,-5,6,3,,2,1,1,0,,,0,0,0,,4,2,7,,Y,,Y,,2,6,Y,,6,Y,Y,,,Y,Y,Y,72,Y,,Y,Y,15,15,N1,21,,2,1,2,19,19,20,,,,,,20,5,,,11,4,,40,15,2,20,,16,4,2,4,70,12,47,7,3,3,,,326,,,,,,,,,0,0,0,0,30,3,2,6,Y,Y,A1600002,3
2026-08-01 00:53:18,data_go_kr,대전광역시,A1600007,의료법인영훈의료재단유성선병원,9,20260801004645,042-609-1119,,,,,,,,,,,,,,,,,,,2,,1,,,,,1,,,,,,1,Y,,Y,,,,Y,,,Y,Y,,,Y,Y,Y,80,N1,0,N1,Y,,-4,Y,17,,2,1,,,,,,,,,,,,,19,1,,,,7,,,1,1,3,3,2,17,,,2,1,,,1,368,,,,,,,,,,,,,,,,,Y,N1,A1600007,4
2026-08-01 00:53:18,data_go_kr,대전광역시,A1600005,학교법인가톨릭학원가톨릭대학교대전성모병원,14,20260801005011,042-220-9118,Y,Y,,,,,,,,3,,,,,,,,,3,0,,,,,0,0,,,,,,3,Y,,Y,0,,,Y,,,Y,Y,0,0,Y,Y,Y,152,N1,,Y,Y,4,12,N1,19,,3,,,15,3,4,,,3,9,,,3,2,,1,,,,12,,,4,1,3,2,4,24,4,8,7,2,,,,537,,,,,,,,,,,,,,,,,Y,Y,A1600005,5
2026-08-01 00:53:18,data_go_kr,대전광역시,A1600008,의료법인영훈의료재단대전선병원,15,20260801004542,042-220-8129,,,,,,,,,,,,,,,,,,,1,,3,,,,,0,,,,,,0,Y,,Y,,,,Y,,,Y,Y,,,Y,Y,N1,32,N1,5,N1,Y,,7,N1,17,,1,3,,,,,,,,,,,,,24,1,,,,7,,,1,1,2,2,2,11,,,3,,,,,311,,,,,,,,,,,,,,,,,Y,N1,A1600008,6
2026-08-01 00:53:18,data_go_kr,대전광역시,A1600004,대전보훈병원,7,20260801004747,042-939-0100,,,,,,,,,,,,,,,,,,,1,,1,,,,,1,,,,,,1,,,Y,,,,Y,,,Y,Y,,,N1,Y,N1,60,N1,2,N1,Y,,5,N1,7,,1,1,,,,,,,,,,,,,10,1,,,,5,,,1,,1,3,1,12,,,,,,,,316,,,,,,,,,,,,,,,,,Y,N1,A1600004,7
2026-08-01 00:53:18,data_go_kr,대전광역시,A1600003,대전한국병원,6,20260801005009,042-606-1119,,Y,,,,,,,,,,,,,,,,,1,,,,,,,,,,,,,,Y,,Y,,,,Y,,,Y,Y,,,Y,Y,N1,36,N1,6,Y,Y,,4,N1,9,,1,,,,,,,,,,,,,,12,,,,,4,,,,4,2,2,2,6,,1,1,,,,,241,,,,,,,,,,,,,,,,,Y,N1,A1600003,8
2026-08-01 00:53:18,data_go_kr,대전광역시,A1602246,대청병원,8,20260801005004,042-589-0119,,,,,,,,,,,,,,,,,,,,,1,,,,,,,,,,,,,,Y,,,,,,,Y,N1,,,Y,Y,N1,110,N1,1,N1,Y,,3,N1,9,,,1,,,,,,,,,,,,,17,,,,,3,,,,,2,1,,10,,,1,,,,,245,,,,,,,,,,,,,,,,,Y,N1,A1602246,9
2026-08-01 00:53:18,data_go_kr,대전광역시,A1600009,근로복지공단대전병원,5,20250901131400,042-670-5119,,,,,,,,,,,,,,,,,,,1,,,,,,,,,,,,,,,,Y,,,,,,,Y,N1,,,N1,Y,N1,54,N1,2,N1,Y,,3,N1,5,,1,,,,,,,,,,,,,,5,,,,,3,,,,,1,1,,4,,,,,,,,212,,,,,,,,,,,,,,,,,Y,N1,A1600009,10
2026-08-01 00:53:18,data_go_kr,울산광역시,A1700004,학교법인울산공업학원울산대학교병원,13,20260801004753,052-250-7000,Y,Y,3,3,,,,0,,8,,,4,,5,,,7,0,9,0,2,,,1,6,14,,8,2,7,0,Y,,Y,,2,6,Y,,9,Y,Y,,0,Y,Y,Y,142,Y,4,Y,Y,0,20,N1,21,8,0,0,12,13,16,26,,,,,,20,6,2,8,8,36,,42,20,2,20,0,5,7,5,6,83,14,27,17,8,4,,,725,3,3,,,,8,,,,4,,5,,,2,6,Y,Y,A1700004,1
2026-08-01 00:53:18,data_go_kr,울산광역시,A1700028,의료법인정안의료재단중앙병원,11,20260801004810,052-226-1119,,,,,,,,,,,,,,,,,,,1,,2,0,,,,2,1,,,,,1,,,Y,,,,Y,,,Y,Y,,,Y,Y,N1,33,N1,1,N1,Y,,8,N1,17,,1,2,2,,,,,,,,,,,,18,2,4,,,8,,,1,,2,2,2,7,,,2,,,,,336,,,,,,,,,,,,,,,,,Y,N1,A1700028,2
2026-08-01 00:53:18,data_go_kr,울산광역시,A1700003,울산병원,18,20260801005005,052-259-5119,,,,,,,,,,,,,,,,,,,1,,2,2,,,,0,1,,,,,,,,Y,,,,Y,,,Y,Y,,,Y,Y,Y,26,Y,4,N1,Y,,4,Y,19,,1,2,2,,,,,,,,,,,,17,1,3,,,4,,,,,2,2,3,12,,,4,1,2,,2,343,,,,,,,,,,,,,,,,,Y,N1,A1700003,3
2026-08-01 00:53:18,data_go_kr,울산광역시,A1700025,의료법인송은의료재단울산시티병원,11,20260801005002,052-280-9119,,,,,,,,,,,,,,,,,,,1,,2,0,,,,2,1,,,,,,,,Y,,,,Y,,,Y,Y,,,Y,Y,N1,14,N1,6,N1,Y,,8,N1,17,,1,2,2,,,,,,,,,,,,24,3,3,,,8,,,,,2,2,2,17,,,4,,,,,347,,,,,,,,,,,,,,,,,Y,N1,A1700025,4
2026-08-01 00:53:18,data_go_kr,울산광역시,A1700002,의료법인동강의료재단동강병원,20,20260801004619,052-241-1190,,,,,,,,,,0,,,,,,,,,1,1,2,0,,,0,1,0,,,,,0,,Y,Y,,,,Y,,,Y,Y,,,Y,Y,Y,143,N1,,N1,Y,,8,N1,24,,1,2,2,14,9,,,,,,,,13,,,1,3,,,8,,,2,,3,2,4,25,,,7,5,,1,,513,,,,,,,,,,,,,,,,,Y,N1,A1700002,5
2026-08-01 00:53:18,data_go_kr,울산광역시,A1700011,의료법인은성의료재단좋은삼정병원,9,20260801004800,052-220-7600,,,,,,,,,,,,,,,,,,,,,1,,,,,0,,,,,,1,,,Y,,,,Y,,,Y,Y,,,Y,Y,N1,31,N1,0,N1,Y,,7,N1,9,,,1,,,,,,,,,,,,,14,1,,,,8,,,1,,2,2,1,5,,,1,,,,,283,,,,,,,,,,,,,,,,,Y,N1,A1700011,6
2026-08-01 00:53:18,data_go_kr,울산광역시,A1700001,서울산보람병원,8,20260801004909,052-255-7119,,,,,,,,,,,,,,,,,,,,,1,,,,,,,,,,,,,,Y,,,,,,,Y,N1,,,N1,Y,N1,74,N1,,N1,Y,,3,N1,10,,,1,,,,,,,,,,,,,,,,,,3,,,,,1,1,,1,,,,,,,,213,,,,,,,,,,,,,,,,,Y,N1,A1700001,7
2026-08-01 00:53:18,data_go_kr,울산광역시,A1700023,(의)내경의료재단울산제일병원,7,20190403094102,052-220-3334,N,,,,,,,,,,,,,,,,,,,,,,,,,,,,,,,,,,Y,,,,,,,Y,N1,,,N1,Y,N1,54,N1,,N1,Y,,3,N1,,,,,,,,,,,,,,,,,,,,,,,,,,,,,,,,,,,,,,,,,,,,,,,,,,,,,,,Y,N,A1700023,8
2026-08-01 00:53:18,data_go_kr,울산광역시,A1700010,굿모닝병원,5,20181218154723,052-259-9119,,,,,,,,,,,,,,,,,,,,,,,,,,,,,,,,,,,Y,,,,,,,Y,N1,,,N1,Y,N1,11,N1,,N1,Y,,2,N1,10,,,,,,,,,,,,,,,,,,,,,4,,,,,1,2,,1,,,,,,,,205,,,,,,,,,,,,,,,,,Y,N1,A1700010,9
2026-08-01 00:53:18,data_go_kr,울산광역시,A1701489,의료법인동강의료재단동천동강병원,10,20200601000009,052-702-3456,,,,,,,,,,,,,,,,,,,,,,,,,,,,,,,,,,,Y,,,,Y,,,Y,Y,,,N1,Y,N1,51,N1,6,N1,Y,,5,N1,10,,,,,,,,,,,,,,,,10,,,,,5,,,,,1,1,1,5,,,,,,,,241,,,,,,,,,,,,,,,,,Y,N1,A1701489,10
2026-08-01 00:53:18,data_go_kr,세종특별자치시,A1800441,세종충남대학교병원,11,20260801005000,044-995-3010,Y,Y,,,0,0,,,,,,,,,,,,0,1,,2,,,1,,1,,3,,,,4,Y,,Y,,,,Y,,,Y,Y,,,Y,Y,Y,143,Y,5,Y,Y,-2,8,N1,17,0,1,2,,,,19,,2,,,,,,,11,2,,6,,8,,,4,3,2,2,3,35,8,21,7,3,2,,,299,,,0,0,,,,,,,,,,,,,Y,Y,A1800441,1
2026-08-01 00:53:18,data_go_kr,세종특별자치시,A1800417,의료법인 영제 의료재단 엔케이세종병원,9,20260801004839,044-850-7777,,,,,,,,,,,,,,,,,,,,,1,,,,,,,,,,,,,,Y,,,,,,,Y,N1,,,N1,Y,N1,114,N1,,N1,Y,,3,N1,10,,,1,,,,,,,,,,,,,,,,,,3,,,,,1,1,,1,,,,,,,,200,,,,,,,,,,,,,,,,,Y,N1,A1800417,2
2026-08-01 00:53:18,data_go_kr,경기도,A2100042,의료법인명지의료재단명지병원,10,20260801005000,031-810-7119,Y,Y,3,2,,3,1,1,1,,0,0,0,0,0,0,,0,0,,1,8,,,,4,13,,,,0,0,Y,Y,Y,,,,Y,,,Y,Y,,,Y,Y,Y,163,Y,15,Y,Y,3,13,Y,15,0,0,3,16,,,3,,,,,,,,,31,4,28,,,13,,0,0,2,6,3,5,49,4,5,8,5,2,1,2,443,3,2,,3,4,3,2,0,0,0,0,0,0,,,,Y,Y,A2100042,1
2026-08-01 00:53:18,data_go_kr,경기도,A2100033,국민건강보험공단일산병원,15,20260801005003,031-900-0761,Y,Y,,,,,1,,1,2,,0,0,,0,0,,3,2,4,3,5,,,2,3,8,,,,3,4,Y,,Y,,,,Y,,,Y,Y,,,Y,Y,Y,192,N1,,Y,Y,5,2,N1,23,5,2,3,19,10,16,25,,,,,,,6,,,11,29,,,2,,28,4,2,4,3,3,60,8,28,13,5,,,,659,,,,,1,,1,,0,0,,0,0,,,,Y,Y,A2100033,2
2026-08-01 00:53:18,data_go_kr,경기도,A2100005,순천향대학교부속부천병원,9,20260801004629,032-621-5117,Y,Y,2,3,,,,,,7,,0,,0,0,,,4,0,6,0,11,,,,5,18,,,,,2,Y,Y,Y,,,5,Y,,,Y,Y,,,Y,Y,Y,219,Y,12,Y,Y,0,21,Y,17,5,0,0,20,16,15,24,,,,,,,,,22,8,34,,,21,,,7,1,4,3,5,71,9,31,17,4,3,1,1,674,2,3,,,,,,,0,,0,0,,,,5,Y,Y,A2100005,3
2026-08-01 00:53:18,data_go_kr,경기도,A2100001,분당서울대학교병원,-20,20260801004800,031-787-3119,Y,Y,,,,,,2,,1,,,5,9,,,,1,1,0,3,2,0,,3,0,10,,,,2,3,Y,,Y,3,,0,Y,,,Y,Y,,,Y,Y,Y,339,Y,3,Y,Y,0,39,N1,30,5,2,3,15,13,13,35,6,,,10,,,9,,8,1,30,,,39,,15,3,3,11,11,11,128,17,39,16,8,8,,,1247,,,,,,5,,,,5,9,,,,,2,Y,Y,A2100001,4
2026-08-01 00:53:18,data_go_kr,경기도,A2100030,차의과학대학교분당차병원,2,20260801004812,031-780-5840,Y,Y,2,3,1,1,0,0,,1,,,0,,0,,0,0,,3,,3,,2,1,1,12,6,,,11,,Y,,Y,0,,,Y,,,Y,Y,,,Y,Y,Y,148,Y,,Y,Y,8,26,N1,22,11,,,14,8,9,35,,2,,7,,,6,,,4,43,6,,26,,22,,8,5,3,4,40,26,46,6,2,2,,,726,2,3,1,1,2,2,,,,0,,1,,0,,,Y,Y,A2100030,5
2026-08-01 00:53:18,data_go_kr,경기도,A2100002,아주대학교병원,4,20260801004636,031-219-7777,Y,Y,2,1,1,1,,0,,0,,,,0,0,,0,5,0,2,0,5,,2,2,0,18,1,5,3,7,6,Y,,Y,4,2,6,Y,,5,Y,Y,2,4,Y,Y,Y,100,Y,,Y,Y,1,25,N1,30,9,0,0,16,14,10,36,,2,6,13,,40,7,11,,3,42,6,60,25,3,20,8,3,8,6,9,126,27,34,32,9,7,,,792,2,6,1,4,,2,,,,,0,0,,0,2,6,Y,Y,A2100002,6
2026-08-01 00:53:18,data_go_kr,경기도,A2100003,고려대학교의과대학부속안산병원,14,20260801004749,031-412-5381,Y,Y,2,3,,,0,,,1,,,,,,,,4,,13,2,7,,,3,0,18,,,,8,4,Y,,Y,,,,Y,,,Y,Y,,,Y,Y,Y,124,Y,0,Y,Y,-1,19,N1,22,4,,3,18,10,13,25,,,,,,,10,,6,3,30,,,20,,16,10,2,3,4,4,66,15,19,8,5,3,,,605,2,3,,,2,,,,,,,,,,,,Y,Y,A2100003,7
2026-08-01 00:53:18,data_go_kr,경기도,A2100004,한림대학교성심병원,11,20260801004756,031-380-1500,Y,Y,0,5,,,0,,,0,,,,,,,,2,2,0,4,3,,,,2,23,,,,8,2,Y,Y,Y,,,,Y,,,Y,Y,0,1,Y,Y,Y,134,Y,,Y,Y,8,19,N1,25,3,2,4,19,27,16,9,,,8,,,,,18,,3,30,,,19,,20,14,2,4,3,6,102,8,10,20,14,2,1,,608,0,5,,,1,,,,,,,,,,,,Y,Y,A2100004,8
2026-08-01 00:53:18,data_go_kr,경기도,A2100040,가톨릭대학교의정부성모병원,27,20260801005011,031-820-5200,Y,Y,,,,,0,0,,,,,,,,,,11,2,,4,3,,,0,0,20,,5,2,,,Y,,Y,,1,6,Y,,5,Y,Y,,,Y,Y,Y,163,Y,1,Y,Y,-3,13,N1,42,11,2,4,18,,,15,,,,,,20,6,,26,4,30,,53,13,2,,,3,4,3,4,54,10,28,12,4,3,,,519,,,,,1,1,,,,,,,,,2,6,Y,Y,A2100040,9
2026-08-01 00:53:18,data_go_kr,경기도,A2100047,동국대학교일산불교병원,12,20260801005012,031-961-7777,Y,Y,,,,,,,,3,,,,,,,3,3,1,4,3,1,,,,1,3,,,,11,0,Y,,Y,,,,Y,,,Y,Y,,,Y,Y,Y,170,Y,,Y,Y,11,12,N1,19,3,1,3,2,15,12,13,,,,,,,,,,4,3,,,12,,15,0,8,2,2,2,19,13,25,4,2,1,,,460,,,,,,,,,,,,,,3,,,Y,Y,A2100047,10
2026-08-01 00:53:18,data_go_kr,경기도,A2100038,인제대학교일산백병원,21,20260801004746,031-910-7114,N,N,,,,,,,,3,,,,,,,,,3,1,2,,,,,0,,,,,3,0,Y,,Y,,,,Y,,,Y,Y,,0,Y,Y,Y,203,Y,,N,Y,,16,N1,34,,3,3,,25,32,,,,,,,,,4,,4,,,,17,,16,2,3,3,3,4,54,18,22,7,3,1,,,556,,,,,,,,,,,,,,,,,Y,N,A2100038,11
2026-08-01 00:53:18,data_go_kr,경기도,A2118788,중앙대학교광명병원,18,20260801005008,02-2222-1351,Y,Y,0,0,,,,,,,,,,,,,,,1,,2,,,,2,1,,,,,,2,Y,,Y,,,,Y,,,Y,Y,1,,Y,Y,Y,147,Y,7,Y,Y,0,17,N1,21,,1,2,,,,16,,,5,,,,5,,24,6,,,,17,,,2,2,2,2,5,28,6,16,5,4,10,,,576,0,0,,,,,,,,,,,,,,,Y,Y,A2118788,12
2026-08-01 00:53:18,data_go_kr,경기도,A2100007,광명성애병원,7,20260801004958,02-2680-7116,Y,Y,,,,,,,,,,,,,,11,,4,1,,4,,,,,1,,,,,,,Y,,Y,,,,Y,,,Y,Y,,,Y,Y,N1,36,N1,8,Y,Y,,5,N1,11,4,1,4,,,,,,,,,,,,,13,1,,,,5,,,,2,2,2,1,12,2,5,1,,,,,189,,,,,,,,,,,,,50,,,,Y,Y,A2100007,13
2026-08-01 00:53:18,data_go_kr,경기도,A2100155,참조은병원,5,20260801004801,031-881-9119,,,,,,,,,,,,,,0,0,,6,1,1,,3,,,,,3,,,,,,1,,,Y,,,,Y,,,Y,Y,,,Y,Y,N1,20,Y,1,N1,Y,,7,N1,9,1,1,3,,,,,,,,,,,,,22,3,,,,7,,,2,,3,3,2,18,,,3,,2,,,286,,,,,,,,,,,0,0,,6,,,Y,N1,A2100155,14
2026-08-01 00:53:18,data_go_kr,경기도,A2100039,한양대학교구리병원,13,20260801004800,1644-9118,Y,Y,,,,,,,,0,,,,,,,,,1,5,4,,,,,,,,,,,4,Y,,Y,,,,Y,,,Y,Y,,,Y,Y,Y,115,Y,,Y,Y,1,9,N1,18,,1,4,,17,14,10,,,,,,,,,,,,,,9,,,5,1,3,2,3,21,6,14,4,2,2,,,488,,,,,,,,,,,,,,,,,Y,Y,A2100039,15
2026-08-01 00:53:18,data_go_kr,경기도,A2100054,효산의료재단지샘병원,11,20260801004553,031-389-3119,,,,,,,,,,,,,,,,,1,,2,,1,,,,,1,,,,,,0,,,Y,,,,Y,,,Y,Y,,,Y,Y,N1,67,N1,8,N1,Y,,5,N1,18,,2,1,,,,,,,,,,,,,18,1,,,,5,,,2,,2,1,3,11,,,2,,,,,367,,,,,,,,,,,,,,1,,,Y,N1,A2100054,16
2026-08-01 00:53:18,data_go_kr,경기도,A2100048,원광대학교산본병원,15,20260801004847,031-390-2345,,,,,,,,,,,,,,,,,,,1,,2,,,,,,,,,,,,Y,,Y,,,,Y,,,Y,Y,,,Y,Y,N1,76,N1,6,N1,Y,,5,N1,17,,1,2,,,,,,,,,,,,,12,,,,,5,,,,1,1,1,1,1,,,2,,,,,188,,,,,,,,,,,,,,,,,Y,N1,A2100048,17
2026-08-01 00:53:18,data_go_kr,경기도,A2100053,의료법인우리의료재단김포우리병원,17,20260801004943,031-999-1119,,,,,,,,,,,,,,0,0,0,,,1,,6,,,,,0,,,,,,4,,,Y,,,,Y,,,Y,Y,,,Y,Y,Y,51,Y,0,N1,Y,,7,N1,22,,1,6,,,,,,,,,,,,,36,1,,,,7,,,11,,2,2,2,48,,,4,1,2,,,477,,,,,,,,,,,0,0,0,,,,Y,N1,A2100053,18
2026-08-01 00:53:18,data_go_kr,경기도,A2100006,의료법인인봉의료재단뉴고려병원,13,20260801004658,031-980-9119,,,,,,,,,,,,,,,,,3,,1,,2,,,,,2,,,,,,,,,Y,,,,Y,,,Y,Y,,,Y,Y,N1,73,N1,0,N1,Y,,6,N1,14,,1,2,,,,,,,,,,,,,24,10,,,,6,,,,,2,2,2,7,,,1,,,,,278,,,,,,,,,,,,,,3,,,Y,N1,A2100006,19
2026-08-01 00:53:18,data_go_kr,경기도,A2100041,남양주한양병원,16,20260801004954,031-510-0119,,,,,,,,,,,,,,,,,,,1,,2,2,,,,9,1,,,,,,,,Y,,,,Y,,,Y,Y,,,Y,Y,N1,76,N1,3,N1,Y,,,Y,17,,1,2,4,,,,,,,,,,,,15,20,4,,,,,,,,2,2,1,33,,,2,,,,1,240,,,,,,,,,,,,,,,,,Y,N1,A2100041,20
2026-08-01 00:53:18,data_go_kr,경기도,A2100037,현대병원,14,20260801005007,031-574-0114,,,,,,,,,,,,,,,,,,,1,,2,,,,,2,,,,,,,,,Y,,,,Y,,,Y,Y,,,Y,Y,N1,64,Y,4,N1,Y,,7,N1,17,,1,2,,,,,,,,,,,,,19,20,,,,7,,,,,2,2,2,50,,,17,,2,,,342,,,,,,,,,,,,,,,,,Y,N1,A2100037,21
2026-08-01 00:53:18,data_go_kr,경기도,A2100055,부천세종병원,12,20260801005010,032-340-1119,Y,Y,,,,,,,,,,,,,,,,,1,,1,1,,,,1,0,,,,,1,Y,,Y,,,,Y,,,Y,Y,,,Y,Y,Y,76,Y,2,Y,Y,,6,N1,17,,1,2,2,,,,,,,,,,,,20,2,3,,,6,,,6,1,2,1,5,18,1,1,5,4,1,,,268,,,,,,,,,,,,,,,,,Y,Y,A2100055,22
2026-08-01 00:53:18,data_go_kr,경기도,A2100052,가톨릭대학교부천성모병원,25,20260801005011,032-340-2100,Y,Y,,,,,,,,3,,,,,,,3,,2,1,1,,,,,0,,,,,,0,Y,,Y,4,,,Y,,,Y,Y,,,Y,Y,Y,158,Y,,Y,Y,9,14,N1,31,,2,1,,16,12,10,,,,18,,,,,,4,,,,14,,,4,3,3,3,3,28,4,14,11,1,2,,,562,,,,,,,,,,,,,,3,,,Y,Y,A2100052,23
2026-08-01 00:53:18,data_go_kr,경기도,A2100025,대진의료재단분당제생병원,5,20260801005000,031-779-0119,Y,Y,,,,,,,,7,,,7,,,,,3,1,7,2,,,,,2,,,,,,0,Y,Y,Y,,,,Y,,,Y,Y,,,Y,Y,Y,134,Y,,Y,Y,2,9,N1,24,3,1,2,,11,14,3,,,,,,,,,,4,,,,9,,,2,2,4,3,3,22,1,5,5,2,3,1,,484,,,,,,,,,,7,,,,,,,Y,Y,A2100025,24
2026-08-01 00:53:18,data_go_kr,경기도,A2116806,성남시의료원,15,20260801005001,031-738-7300,,,,,,,,,,,,,,,,,,6,2,16,4,,,,,2,,,,,,28,,,Y,,,,Y,,,Y,Y,,,Y,Y,Y,70,Y,,N1,Y,,8,Y,17,6,2,4,,,25,,,,,,,,,,,5,,,,8,,,28,,3,2,2,31,,,6,3,1,,2,241,,,,,,,,,,,,,,,,,Y,N1,A2116806,25
2026-08-01 00:53:18,data_go_kr,경기도,A2117135,의료법인명인의료재단화홍병원,10,20260801004828,031-8021-6829,Y,,,,,,,,,,,,,,,,,,2,,3,,,,,0,,,,,,,,,Y,,,,,,,Y,N1,,,N1,Y,Y,56,N1,13,N1,Y,,6,Y,15,,2,3,,,,,,,,,,,,,29,1,,,,6,,,,,2,2,,4,1,,,1,,,1,228,,,,,,,,,,,,,,,,,Y,Y,A2117135,26
2026-08-01 00:53:18,data_go_kr,경기도,A2100009,의료법인녹산의료재단동수원병원,10,20260801004559,031-210-0119,,Y,,,,,,,,,,,,,,,,,1,,2,1,,,,0,2,,,,,1,Y,,Y,,,,Y,,,Y,Y,,,Y,Y,N1,43,N1,7,Y,Y,,5,N1,17,,1,2,2,,,,,,,,,,,,18,3,4,,,5,,,1,1,2,2,1,15,,4,1,,,,,335,,,,,,,,,,,,,,,,,Y,N1,A2100009,27
2026-08-01 00:53:18,data_go_kr,경기도,A2100012,가톨릭대학교성빈센트병원,17,20260801005010,031-249-7370,Y,Y,,,1,1,,,,6,,,,,,,,4,2,4,2,3,,2,5,2,,4,,,4,1,Y,,Y,9,,,Y,,,Y,Y,,0,Y,Y,Y,214,Y,,Y,Y,3,19,N1,28,6,2,2,4,20,11,18,,2,,15,,,8,8,,5,,6,,19,,30,11,2,5,4,6,52,7,18,12,4,4,,,658,,,1,1,,,,,,,,,,,,,Y,Y,A2100012,28
2026-08-01 00:53:18,data_go_kr,경기도,A2100008,의료법인남촌의료재단시화병원,9,20260801004825,031-5189-0567,,,,,,,,,,,,,,,,,,5,1,,5,,,,,1,,,,,,1,Y,,Y,,,,Y,,,Y,Y,,,Y,Y,Y,67,N1,18,N1,Y,,7,N1,16,5,1,5,,,,,,,,,,,,,52,1,,,,7,,,1,1,3,3,2,29,,,4,2,,,,461,,,,,,,,,,,,,,,,,Y,N1,A2100008,29
2026-08-01 00:53:18,data_go_kr,경기도,A2100017,대아의료재단한도병원,17,20260801004855,031-8040-1129,,,,,,,,,,,,,,,,,,,1,,2,,,,,0,,,,,,,,,Y,,,,Y,,,Y,Y,,,Y,Y,N1,61,N1,15,N1,Y,,5,N1,17,,1,2,,,,,,,,,,,,,29,1,,,,6,,,,,3,2,2,15,,,3,,,,,327,,,,,,,,,,,,,,,,,Y,N1,A2100017,30
2026-08-01 00:53:18,data_go_kr,경기도,A2100015,효산의료재단안양샘병원,7,20260801004921,031-467-9119,,,,,,,,,,5,,,,,,,,,1,1,2,,,,,1,,,,,,,,,Y,,,,Y,,,Y,Y,,,Y,Y,Y,62,N1,,N1,Y,,6,N1,17,,1,2,,9,9,,,,,,,,,,,1,,,,6,,,,,2,1,2,12,,,2,1,,,,307,,,,,,,,,,,,,,,,,Y,N1,A2100015,31
2026-08-01 00:53:18,data_go_kr,경기도,A2100024,오산한국병원,12,20260801004849,031-378-5119,,,,,,,,,,,,,,,,,,,1,,2,2,,,,1,3,,,,,1,,,Y,,,,Y,,,Y,Y,,,Y,Y,N1,23,Y,4,N1,Y,,5,N1,17,,1,2,2,,,,,,,,,,,,32,1,3,,,5,,,2,,2,2,2,17,,,2,,1,,,259,,,,,,,,,,,,,,,,,Y,N1,A2100024,32
2026-08-01 00:53:18,data_go_kr,경기도,A2100020,연세대학교의과대학용인세브란스병원,6,20260801004831,031-5189-9001,Y,Y,,,,,,,,3,,,,,,,,6,1,11,2,,,,,1,,,,,,2,Y,,Y,,,,Y,,,Y,Y,,,Y,Y,Y,130,Y,,Y,Y,0,15,N1,16,6,1,3,,19,16,12,,,,,,,,,,2,,,,15,,,4,2,3,3,4,31,6,18,6,3,4,,,597,,,,,,,,,,,,,,,,,Y,Y,A2100020,33
2026-08-01 00:53:18,data_go_kr,경기도,A2100029,강남병원,14,20260801004750,031-300-0119,,,,,,,,,,,,,,,,,,,1,,2,2,,,,0,2,,,,,,,,Y,,,,,,,Y,N1,,,Y,Y,N1,27,N1,11,N1,Y,,4,N1,17,,1,2,2,,,,,,,,,,,,30,1,3,,,4,,,,,2,2,,7,,,2,,,,,264,,,,,,,,,,,,,,,,,Y,N1,A2100029,34
2026-08-01 00:53:18,data_go_kr,경기도,A2100019,(의)영문의료재단다보스병원,12,20260801005005,031-8021-2130,,,,,,,,,,,,,,,,,4,,1,,2,1,,,,1,2,,,,,,,,Y,,,,,,,Y,N1,,,Y,Y,N1,21,N1,5,N1,Y,,6,N1,13,,1,2,2,,,,,,,,,,,,23,1,3,,,6,,,,,1,1,,7,,,2,,,,,222,,,,,,,,,,,,,,4,,,Y,N1,A2100019,35
2026-08-01 00:53:18,data_go_kr,경기도,A2117994,학교법인을지학원의정부을지대학교병원,23,20260801004600,031-8074-0119,Y,Y,,,,,,,,6,,,,,,,6,6,1,2,2,,,,,2,,,,,6,2,Y,,Y,,0,0,Y,,,Y,Y,,,Y,Y,Y,215,Y,,Y,Y,3,12,N1,30,6,1,2,,29,22,5,,,,,,,,,,2,,,,14,,22,6,8,3,3,4,48,5,5,6,3,2,,,588,,,,,,,,,,,,,,8,0,0,Y,Y,A2117994,36
2026-08-01 00:53:18,data_go_kr,경기도,A2100193,경기도의료원이천병원,14,20260801005002,031-630-4333,,,,,,,,,,,,,,,,,,,1,,2,2,,,,2,1,,,,,6,,,Y,,,,,,,Y,N1,,,N1,Y,N1,33,N1,2,N1,Y,,4,N1,17,,1,2,2,,,,,,,,,,,,6,2,3,,,4,,,6,,1,1,,8,,,,,,,,187,,,,,,,,,,,,,,,,,Y,N1,A2100193,37
2026-08-01 00:53:18,data_go_kr,경기도,A2100035,경기도의료원파주병원,12,20260801004802,031-940-9119,,,,,,,,,,,,,,,,,,,1,,2,1,,,,,1,,,,,,Y,,Y,,,,,,,Y,N1,,,N1,Y,N1,77,N1,4,N1,Y,,3,N1,17,,1,2,2,,,,,,,,,,,,8,,3,,,3,,,,1,1,1,,9,,,,,,,,189,,,,,,,,,,,,,,,,,Y,N1,A2100035,38
2026-08-01 00:53:18,data_go_kr,경기도,A2100028,의료법인백송의료재단굿모닝병원,7,20260801004755,031-5182-7582,,,,,,,,,,,,,,,,,6,,2,,1,,,,,2,,,,,,,,,Y,,,,Y,,,Y,Y,,,Y,Y,Y,64,N1,6,N1,Y,,4,Y,19,,2,1,,,,,,,,,,,,,27,3,,,,7,,,,,5,3,3,23,,,5,3,,,1,392,,,,,,,,,,,,,,6,,,Y,N1,A2100028,39
2026-08-01 00:53:18,data_go_kr,경기도,A2113246,의료법인양진의료재단평택성모병원,12,20260801005005,070-5012-0119,,,,,,,,,,,,,,,,0,,,1,,2,2,,,,2,1,,,,,,,,Y,,,,Y,,,Y,Y,,,Y,Y,N1,47,N1,11,N1,Y,,6,N1,17,,1,2,2,,,,,,,,,,,,34,2,3,,,6,,,,,3,3,2,8,,,2,,,,,329,,,,,,,,,,,,,0,,,,Y,N1,A2113246,40
2026-08-01 00:53:18,data_go_kr,경기도,A2100031,경기도의료원포천병원,17,20260801005001,031-539-9119,,Y,,,,,,,,,,,,,,,,,1,,2,1,,,,0,3,,,,,2,Y,,Y,,,,,,,Y,N1,,,N1,Y,N1,62,N1,0,Y,Y,,4,N1,17,,1,2,2,,,,,,,,,,,,8,0,3,,,4,,,3,3,1,1,,7,,2,,,,,,134,,,,,,,,,,,,,,,,,Y,N1,A2100031,41
2026-08-01 00:53:18,data_go_kr,경기도,A2100046,한림대학교동탄성심병원,21,20260801004709,031-8086-2119,Y,Y,3,0,,,,,,10,,,,,,,,9,,0,,,,,0,9,,,,,,7,Y,Y,Y,,,,Y,,,Y,Y,10,,Y,Y,Y,134,Y,,Y,Y,8,20,Y,32,9,,,,28,13,13,,,13,,,,9,,,11,,,,20,,,11,1,6,3,6,51,8,16,17,5,5,1,1,515,3,0,,,,,,,,,,,,,,,Y,Y,A2100046,42
2026-08-01 00:53:18,data_go_kr,경기도,A2100290,의료법인자인의료재단(더자인병원),16,20260801005029,031-930-3119,,,,,,,,,,,,,,,,,,,2,,2,1,,,,1,3,,,,,,,,Y,,,,Y,,,Y,Y,,,Y,Y,N1,77,N1,3,N1,N,,5,N1,16,,2,2,2,,,,,,,,,,,,10,2,3,,,5,,,,,2,2,1,15,,,1,,,,,234,,,,,,,,,,,,,,,,,Y,N1,A2100290,43
2026-08-01 00:53:18,data_go_kr,경기도,A2100049,국립암센터,14,20260801004801,031-920-0119,,N,,,,,,,,,,,,,,,,,,,1,,,,,8,,,,,,,,,Y,,,,Y,,,Y,Y,,,Y,Y,Y,100,Y,14,N,Y,,18,N1,24,,,1,,,,,,,,,,,,,19,9,,,,18,,,,,7,5,3,29,,1,8,2,7,,,554,,,,,,,,,,,,,,,,,Y,N1,A2100049,44
2026-08-01 00:53:18,data_go_kr,경기도,A2116972,의료법인성광의료재단일산차병원,6,20260801004858,031-782-8587,Y,Y,,,,,,,,,,,,,,,,,,,2,,,,,1,,,,,,1,Y,,,,,,,,,Y,N1,,,N1,N1,N1,42,N1,3,Y,N1,0,10,N1,6,,,4,,,,17,,,,,,,,,4,1,,,,10,,,1,9,,,,4,11,19,,,,,,179,,,,,,,,,,,,,,,,,Y,Y,A2116972,45
2026-08-01 00:53:18,data_go_kr,경기도,A2118188,엘병원,8,20260801004822,031-527-6119,,,,,,,,,,,,,,,,,,,,,2,,,,,1,,,,,,1,,,Y,,,,,,,Y,N1,,,N1,Y,N1,55,N1,2,N1,Y,,3,N1,8,,,2,,,,,,,,,,,,,8,1,,,,3,,,1,,1,1,,2,,,,,,,,146,,,,,,,,,,,,,,,,,Y,N1,A2118188,46
2026-08-01 00:53:18,data_go_kr,경기도,A2100050,의료법인대인의료재단다니엘종합병원,3,20260801005002,032-670-0119,,,,,,,,,,,,,,,,,,,1,,3,,,,,0,,,,,,,,,Y,,,,,,,Y,N1,,,N,Y,N1,45,N1,11,N1,Y,,3,N1,6,,1,3,,,,,,,,,,,,,30,1,,,,3,,,,,1,1,,17,,,1,,,,,169,,,,,,,,,,,,,,,,,Y,N1,A2100050,47
2026-08-01 00:53:18,data_go_kr,경기도,A2100258,국군수도병원,16,20260801005013,031-725-6119,,,,,,,,,,,,,,2,6,,,,0,,,,,,,1,,,12,,2,,,,Y,,,,Y,,15,Y,Y,,,Y,Y,Y,134,N1,10,N1,Y,,9,N1,16,,2,,,,,,,,,,,20,,,12,1,,,40,9,,15,,,3,4,2,2,,,5,2,,,,530,,,,,,,,,,,2,6,,,,,Y,N1,A2100258,48
2026-08-01 00:53:18,data_go_kr,경기도,A2100016,순천의료재단성남정병원,8,20260801004728,031-750-6003,,,,,,,,,,,,0,,,44,,,,2,,,,,,,,,,,,,,,,Y,,,,,,,Y,N1,,,N1,Y,N1,79,N1,,N1,Y,,4,N1,9,,2,,,,,,,,,,,,,,,,,,,4,,,,,1,1,,1,,,,,,,,98,,,,,,,,,0,,,105,,,,,Y,N1,A2100016,49
2026-08-01 00:53:18,data_go_kr,경기도,A2121061,의료법인덕산의료재단수원덕산병원,23,20260801005003,031-686-2911,N,Y,,,,,,,,,,,,,,,,3,1,,2,1,,,,1,2,,,,,0,Y,,Y,,,,Y,,,Y,Y,,,Y,Y,Y,77,N1,6,Y,Y,,9,N1,24,3,1,2,2,,,,,,,,,,,,22,3,4,,,9,,,5,5,3,2,2,15,N,2,5,2,,,,403,,,,,,,,,,,,,,,,,Y,N,A2121061,50
2026-08-01 00:53:18,data_go_kr,경기도,A2100032,경기도의료원수원병원,7,20260801005002,031-888-0119,,,,,,,,,,,,,,,,,3,,,,2,,,,,,,,,,,2,,,Y,,,,,,,Y,N1,,,N1,Y,N1,61,N1,5,N1,Y,,3,N1,8,,,2,,,,,,,,,,,,,9,,,,,3,,,2,,1,1,,9,,,,,,,,156,,,,,,,,,,,,,,3,,,Y,N1,A2100032,51
2026-08-01 00:53:18,data_go_kr,경기도,A2100175,의료법인토마스의료재단윌스기념병원,14,20260801004822,031-240-6119,,,,,,,,,,,,,,,,,,,1,,2,0,,,,1,2,,,,,,Y,,Y,,,,Y,,,Y,Y,,,Y,Y,N1,52,N1,3,N1,Y,,10,N1,18,,1,2,2,,,,,,,,,,,,16,1,3,,,10,,,,1,1,4,1,1,,,1,,,,,278,,,,,,,,,,,,,,,,,Y,N1,A2100175,52
2026-08-01 00:53:18,data_go_kr,경기도,A2100027,의료법인석경의료재단센트럴병원,17,20260801004847,031-8041-3019,,,,,,,,,,,,,,,,,,,1,,2,0,,,,,6,,,,,,,,Y,,,,,,,Y,N1,,,Y,Y,N1,75,N1,1,N1,Y,,3,N1,18,,1,2,2,,,,,,,,,,,,18,,8,,,3,,,,,2,2,,7,,,2,,,,,247,,,,,,,,,,,,,,,,,Y,N1,A2100027,53
2026-08-01 00:53:18,data_go_kr,경기도,A2100013,의료법인 록향의료재단 신천연합병원,8,20260801005004,031-310-6661,,,,,,,,,,,,,,,,,,,,,1,,,,,1,,,,,,,,,Y,,,,,,,Y,N1,,,Y,Y,N1,34,N1,0,N1,Y,,3,N1,10,,,1,,,,,,,,,,,,,6,1,,,,3,,,,,1,1,,4,,,1,,,,,112,,,,,,,,,,,,,,,,,Y,N1,A2100013,54
2026-08-01 00:53:18,data_go_kr,경기도,A2100021,의료법인플러스의료재단단원병원,16,20260801005241,031-8040-5911,,,,,,,,,,,,,0,,,,,,1,,2,,,,,0,,,,,,,,,Y,,,,Y,,,Y,Y,,,Y,Y,Y,65,N1,4,N1,Y,,5,N1,17,,1,2,,,,,,,,,,,,,27,1,,,,5,,,,,1,1,2,8,,,2,1,,,,342,,,,,,,,,,1,,,,,,,Y,N1,A2100021,55
2026-08-01 00:53:18,data_go_kr,경기도,A2100014,근로복지공단안산병원,5,20260801004900,031-500-1119,,,,,,,,,,,,,,,,,,,,,1,,,,,1,,,,,,0,,,Y,,,,,,,Y,N1,,,N1,Y,N1,102,N1,11,N1,Y,,3,N1,7,,,1,,,,,,,,,,,,,18,1,,,,3,,,2,,1,1,,14,,,,,,,,359,,,,,,,,,,,,,,,,,Y,N1,A2100014,56
2026-08-01 00:53:18,data_go_kr,경기도,A2100124,의료법인칠석의료재단사랑의병원,9,20260801004223,031-502-0119,,,,,,,,,,,,,,,,,,,1,,,,,,,,,,,,,,,,Y,,,,,,,Y,N1,,,Y,Y,N1,32,N1,6,N1,Y,,5,N1,13,,1,,,,,,,,,,,,,,14,,,,,5,,,,,2,2,,8,,,1,,,,,206,,,,,,,,,,,,,,,,,Y,N1,A2100124,57
2026-08-01 00:53:18,data_go_kr,경기도,A2100045,경기도의료원안성병원,12,20260801005001,031-8046-5119,,,,,,,,,,,,,,,,,,,1,,,,,,,1,,,,,,8,,,Y,,,,,,,Y,N1,,,N1,Y,N1,67,N1,7,N1,Y,,5,N1,14,,1,,,,,,,,,,,,,,13,2,,,,5,,,8,,1,1,,8,,,,,,,,178,,,,,,,,,,,,,,,,,Y,N1,A2100045,58
2026-08-01 00:53:18,data_go_kr,경기도,A2100305,안성성모병원,9,20260801004951,031-675-8275,,,,,,,,,,,,,,,,,,,,,1,,,,,,,,,,,,,,Y,,,,,,,Y,N1,,,N1,Y,N1,73,N1,3,N1,Y,,3,N1,9,,,1,,,,,,,,,,,,,20,,,,,3,,,,,1,1,,7,,,,,,,,188,,,,,,,,,,,,,,,,,Y,N1,A2100305,59
2026-08-01 00:53:18,data_go_kr,경기도,A2100089,양평병원,9,20260801005001,031-770-5119,N,N,,,,,,,,,,,,,,,,,,,1,,,,,,,,,,,,N,N,Y,,,,N,,,Y,N,,,N,Y,N,20,N,,N,Y,,3,N,9,,,1,,,,,,,,,,,,,,,,,,3,,,,0,1,1,0,1,0,0,0,0,0,0,0,90,,,,,,,,,,,,,,,,,Y,N,A2100089,60
2026-08-01 00:53:18,data_go_kr,경기도,A2100194,세종여주병원,6,20260801004956,031-880-7754,,,,3,,,,,,,,,,,,,3,,,,4,,,,,,,,,,,,,,Y,,,,,,,Y,N1,,,Y,Y,N1,104,N1,,N1,Y,,2,N1,6,,,4,,,,,,,,,,,,,,,,,,2,,,,,1,1,,4,,,2,,,,,210,,3,,,,,,,,,,,,3,,,Y,N1,A2100194,61
2026-08-01 00:53:18,data_go_kr,경기도,E2100187,연천군보건의료원,10,20260801004711,031-839-4119,,,,,,,,,,,,,,,,,,,,,,,,,,,,,,,,,,,Y,,,,,,,Y,N1,,,N1,Y,N1,51,N1,,N1,N1,,2,N1,10,,,,,,,,,,,,,,,,,,,,,2,,,,,1,,,1,,,,,,,,52,,,,,,,,,,,,,,,,,Y,N1,E2100187,62
2026-08-01 00:53:18,data_go_kr,경기도,A2100122,(의)효심의료재단용인서울병원,9,20260801004839,031-336-0119,,,,,,,,,,,,,,,,,,,,,,,,,,,,,,,,,,,Y,,,,,,,Y,N1,,,N1,Y,N1,154,N1,,N1,Y,,3,N1,10,,,,,,,,,,,,,,,,,,,,,3,,,,,1,1,,1,,,,,,,,201,,,,,,,,,,,,,,,,,Y,N1,A2100122,63
2026-08-01 00:53:18,data_go_kr,경기도,A2121142,메디필드한강병원,17,20260801004827,031-332-1119,,,,,,,,,,,,,,,,,,,1,,2,,,,,1,,,,,,1,,,Y,,,,Y,,,Y,Y,,,Y,Y,N1,152,N1,6,N1,Y,,6,N1,17,,1,2,,,,,,,,,,,,,15,1,,,,6,,,1,,3,2,1,13,,,2,,,,,192,,,,,,,,,,,,,,,,,Y,N1,A2121142,64
2026-08-01 00:53:18,data_go_kr,경기도,A2100034,의료법인영동의료재단의정부백병원,10,20260801004707,031-842-1211,,,,,,,,,,,,,,,,,,,,,2,,,,,,,,,,,,,,Y,,,,,,,Y,N1,,,N1,Y,N1,90,N1,0,N1,Y,,3,N1,10,,,2,,,,,,,,,,,,,9,,,,,3,,,,,1,1,,1,,,,,,,,192,,,,,,,,,,,,,,,,,Y,N1,A2100034,65
2026-08-01 00:53:18,data_go_kr,경기도,A2100150,추병원,11,20260801004858,031-845-8313,,,,,,,,,,,,,,,,,,,1,,1,,,,,,,,,,,,,,Y,,,,Y,,,Y,Y,,,N1,Y,N1,62,N1,4,N1,N,,3,N1,12,,1,1,,,,,,,,,,,,,15,,,,,3,,,,,2,1,1,1,,,,,,,,210,,,,,,,,,,,,,,,,,Y,N1,A2100150,66
2026-08-01 00:53:18,data_go_kr,경기도,A2100043,경기도의료원의정부병원,9,20260801005001,031-828-5119,,,,,,,,,,,,,,,,0,,,1,,,,,,,,,,,,34,2,,,Y,,,,,,,Y,N1,,,N1,Y,N1,32,N1,3,N1,Y,,3,N1,10,,1,,,,,,,,,,,,,,6,,,,,3,,70,5,,1,1,,8,,,,,,,,86,,,,,,,,,,,,,0,,,,Y,N1,A2100043,67
2026-08-01 00:53:18,data_go_kr,경기도,A2100131,메디인병원,12,20260801005038,031-570-7912,,,,,,,,,,,,,,,,,,,,,2,,,,,,,,,,,,,,Y,,,,Y,,,Y,Y,,,N1,Y,N1,59,N1,,N1,Y,,4,N1,12,,,2,,,,,,,,,,,,,,,,,,4,,,,,1,1,1,2,,,,,,,,206,,,,,,,,,,,,,,,,,Y,N1,A2100131,68
2026-08-01 00:53:18,data_go_kr,경기도,A2100309,의료법인갈렌의료재단박병원,9,20260801005005,031-662-4119,,,,,,,,,,,,,,,,,,,,,1,,,,,,,,,,,,,,Y,,,,,,,Y,N1,,,N1,Y,N1,35,N1,5,N1,Y,,2,N1,10,,,1,,,,,,,,,,,,,10,,,,,2,,,,,1,2,,3,,,,,,,,143,,,,,,,,,,,,,,,,,Y,N1,A2100309,69
2026-08-01 00:53:18,data_go_kr,경기도,A2100022,의료법인박애의료재단박애병원,9,20260801004901,031-650-9219,,,,,,,,,,,,,,,,,,,,,1,,,,,,,,,,,,,,Y,,,,,,,Y,N1,,,Y,Y,N1,108,N1,7,N1,Y,,5,N1,10,,,1,,,,,,,,,,,,,10,,,,,5,,,,,2,1,,20,,,2,,,,,193,,,,,,,,,,,,,,,,,Y,N1,A2100022,70
2026-08-01 00:53:18,data_go_kr,경기도,A2100036,의료법인 일심의료재단 포천우리병원,18,20260801004542,031-541-8282,,,,,,,,,,,,,,,,,,,1,,3,,,,,2,,,,,,2,,,Y,,,,Y,,,Y,Y,,,Y,Y,N1,59,N1,6,N1,Y,,5,N1,18,,1,3,,,,,,,,,,,,,18,2,,,,5,,,2,,2,2,1,14,,,3,,,,,201,,,,,,,,,,,,,,,,,Y,N1,A2100036,71
2026-08-01 00:53:18,data_go_kr,경기도,A2100018,의료법인은혜와감사의료재단화성중앙종합병원,7,20260801004619,031-371-7998,,,,,,,,,,,,,,,,,,,,,1,,,,,,,,,,,,,,Y,,,,,,,Y,N1,,,N1,Y,N1,75,N1,5,N1,Y,,3,N1,9,,,1,,,,,,,,,,,,,8,,,,,3,,,,,1,1,,3,,,,,,,,131,,,,,,,,,,,,,,,,,Y,N1,A2100018,72
2026-08-01 00:53:18,data_go_kr,경기도,A2115699,의료법인원광의료재단원광종합병원,6,20260801004623,031-8077-7219,,,,,,,,,,,,,,,,,,,1,,,,,,,,,,,,,,,,Y,,,,,,,Y,N1,,,N1,Y,N1,31,N1,1,N1,Y,,4,N1,9,,1,,,,,,,,,,,,,,9,,,,,4,,,,,1,2,,4,,,,,,,,135,,,,,,,,,,,,,,,,,Y,N1,A2115699,73
2026-08-01 00:53:18,data_go_kr,경기도,A2100282,에이치제이매그놀리아국제병원,5,20180102081716,031-589-4465,,,,,,,,,,,,,,,,,,,,,,,,,,,,,,,,,,,Y,,,,,,,Y,N1,,,N1,Y,N1,82,N1,,N1,Y,,3,N1,,,,,,,,,,,,,,,,,,,,,,,,,,,,,,,,,,,,,,,,,,,,,,,,,,,,,,,Y,N1,A2100282,74
2026-08-01 00:53:18,data_go_kr,경기도,A2100011,성남중앙병원,9,20260801004637,031-799-5599,,,,,,,,,,,,,,,,,,,,,1,,,,,,,,,,,,,,Y,,,,,,,Y,N1,,,N1,Y,N1,,N1,,N1,Y,,5,N1,9,,,1,,,,,,,,,,,,,,,,,,5,,,,,1,1,,2,,,,,,,,,,,,,,,,,,,,,,,,,Y,N1,A2100011,75
2026-08-01 00:53:18,data_go_kr,경기도,A2100134,양주예쓰병원,9,20201102141954,031-825-1119,,,,,,,,,,,,,,,,,,,,,,,,,,,,,,,,,,,Y,,,,,,,Y,N1,,,N1,Y,N1,67,N1,,N1,Y,,1,N1,10,,,,,,,,,,,,,,,,,,,,,2,,,,,1,1,,2,,,,,,,,133,,,,,,,,,,,,,,,,,Y,N1,A2100134,76
2026-08-01 00:53:18,data_go_kr,경기도,A2114449,조은오산병원,10,20210320083559,031-373-8119,,,,,,,,,,,,,,,,,,,,,,,,,,,,,,,,,,,Y,,,,,,,Y,N1,,,N1,Y,N1,130,N1,,N1,Y,,4,N1,10,,,,,,,,,,,,,,,,,,,,,4,,,,,1,2,,,,,,,,,,223,,,,,,,,,,,,,,,,,N1,N1,A2114449,77
2026-08-01 00:53:18,data_go_kr,강원특별자치도,A2200008,강릉아산병원,17,20260801004915,033-610-3333,Y,Y,,,,,0,0,,3,,,,,,,,3,2,2,3,3,,,,,14,,,,,,Y,,Y,,,,Y,,,Y,Y,,,Y,Y,Y,100,Y,,Y,Y,5,15,Y,23,3,2,3,18,14,16,13,,,,,,,,,,,38,,,15,,,,2,4,3,4,33,8,12,8,5,1,,2,604,,,,,1,6,,,,,,,,,,,Y,Y,A2200008,1
2026-08-01 00:53:18,data_go_kr,강원특별자치도,A2200001,연세대학교원주세브란스기독병원,20,20260801005002,033-741-1641,Y,Y,2,22,,,0,,,3,,,,,,,,3,2,3,3,7,,,,,20,,8,2,7,,Y,,Y,7,2,6,Y,,4,Y,Y,,,Y,Y,Y,139,Y,,Y,Y,6,14,Y,29,3,2,3,20,15,12,19,,,,15,,20,,,,,30,,40,15,2,24,,2,5,4,7,100,12,25,16,7,13,,4,584,4,36,,,2,,,,,,,,,,2,6,Y,Y,A2200001,2
2026-08-01 00:53:18,data_go_kr,강원특별자치도,A2200013,한림대학교춘천성심병원,16,20260801004712,033-240-5219,Y,Y,2,3,,,,0,,,,,,,,,,3,,,,6,,,,0,21,,,,,0,Y,Y,Y,,,,Y,,,Y,Y,1,,Y,Y,Y,82,Y,1,Y,Y,,9,Y,22,3,,,20,,,,,,8,,,,,,20,2,45,,,9,,,2,1,2,2,3,33,1,4,6,2,1,1,1,252,2,3,,,,2,,,,,,,,,,,Y,Y,A2200013,3
2026-08-01 00:53:18,data_go_kr,강원특별자치도,A2200005,의료법인강릉동인병원,10,20260801004945,033-650-6105,,,,,,,,,,2,,,,,,,,,1,,2,,,,,2,,,,,8,,,,Y,,,,Y,,,Y,Y,,,Y,Y,N1,70,N1,1,N1,Y,,5,N1,17,,1,2,,12,,,,,,,,,,,12,2,,,,5,,101,,,2,1,1,14,,,1,,,,,248,,,,,,,,,,,,,,,,,Y,N1,A2200005,4
2026-08-01 00:53:18,data_go_kr,강원특별자치도,A2200007,강원특별자치도삼척의료원,15,20260801004502,033-571-0431,,Y,,,,,,,,,,,,,,,,1,2,,1,0,,,,0,3,,,,,7,Y,,Y,,,,,,,Y,N1,,,Y,Y,N1,46,N1,0,Y,Y,,4,N1,16,1,2,1,2,,,,,,,,,,,,6,2,3,,,4,,,10,1,1,1,,3,,3,1,,,,,189,,,,,,,,,,,,,,,,,Y,N1,A2200007,5
2026-08-01 00:53:18,data_go_kr,강원특별자치도,A2200012,강원특별자치도속초의료원,17,20260801005001,,Y,Y,,,,,,,,,,,,,,,,,2,,1,,,,,,,,,,,,Y,,Y,,,,,,,Y,N1,,,N1,Y,N1,66,N1,0,Y,Y,,3,N1,17,,2,1,,,,,,,,,,,,,8,,,,,3,,,,2,1,1,,7,1,1,,,,,,154,,,,,,,,,,,,,,,,,Y,Y,A2200012,6
2026-08-01 00:53:18,data_go_kr,강원특별자치도,A2200009,강원대학교병원,16,20260801005000,033-258-2293,Y,Y,,,,,0,,,5,,,,,,,,3,2,,3,2,3,,5,0,,,,,3,11,Y,,Y,0,,,Y,,,Y,Y,,,Y,Y,Y,263,Y,,Y,Y,6,11,N1,21,3,2,3,5,10,,15,8,,,8,,,8,,,2,,,,11,,16,14,3,4,2,4,43,13,24,12,3,10,,,508,,,,,0,,,,,,,,,,,,Y,Y,A2200009,7
2026-08-01 00:53:18,data_go_kr,강원특별자치도,A2200011,강원특별자치도강릉의료원,4,20260801005002,033-610-1234,,,,,,,,,,,,,,,,20,,,,,1,,,,,,,,,,,5,,,Y,,,,,,,Y,N1,,,N1,Y,N1,26,N1,1,N1,Y,,2,N1,5,,,1,,,,,,,,,,,,,8,,,,,2,,,5,,1,1,,4,,,,,,,,122,,,,,,,,,,,,,20,,,,Y,N1,A2200011,8
2026-08-01 00:53:18,data_go_kr,강원특별자치도,A2200003,의료법인동해동인병원,6,20260801005018,033-530-0129,,,,,,,,,,,,,,,,,,,,,1,,,,,1,,,,,57,,,,Y,,,,,,,Y,N1,,,N1,Y,N1,21,N1,9,N1,Y,,2,N1,10,,,1,,,,,,,,,,,,,19,1,,,,2,,110,,,1,1,,7,,,,,,,,178,,,,,,,,,,,,,,,,,Y,N1,A2200003,9
2026-08-01 00:53:18,data_go_kr,강원특별자치도,A2200046,의료법인온세움의료재단온재병원,5,20260801005018,033-639-8988,,,,,,,,,,,,,,,,,,,,,1,,,,,,,,,,28,,,,Y,,,,,,,Y,N1,,,N1,Y,N1,51,N1,0,N1,Y,,4,N1,9,,,1,,,,,,,,,,,,,15,,,,,4,,59,,,1,1,,5,,,,,,,,219,,,,,,,,,,,,,,,,,Y,N1,A2200046,10
2026-08-01 00:53:18,data_go_kr,강원특별자치도,A2200037,의료법인성심의료재단양구성심병원,5,20260801004956,033-480-8816,,Y,,,,,,,,,,,,,,,,,1,,,,,,,,,,,,,,Y,,Y,,,,,,,Y,N1,,,N1,Y,N1,35,N1,,Y,N1,,,N1,5,,1,,,,,,,,,,,,,,,,,,,,,,,1,1,,,1,,1,,,,,,52,,,,,,,,,,,,,,,,,Y,N1,A2200037,11
2026-08-01 00:53:18,data_go_kr,강원특별자치도,A2200002,강원특별자치도영월의료원,9,20260801005001,033-370-9129,,Y,,,,,,,,,,,,,,,1,,,,,,,,,0,,,,,,2,Y,,Y,,,,,,,Y,N1,,,N1,Y,N1,42,N1,0,Y,Y,,2,N1,9,,,,,,,,,,,,,,,,10,2,,,,2,,,2,1,1,1,,7,,3,,,,,,174,,,,,,,,,,,,,,1,,,Y,N1,A2200002,12
2026-08-01 00:53:18,data_go_kr,강원특별자치도,A2200015,강원특별자치도원주의료원,17,20260801005001,033-760-4701,,,,,,,,,,,,,,,,,,,1,,2,,,,,,,,,,,,,,Y,,,,,,,Y,N1,,,N1,Y,N1,48,N1,5,N1,Y,,3,N1,17,,1,2,,,,,,,,,,,,,20,,,,,3,,,,,1,1,,7,,,,,,,,259,,,,,,,,,,,,,,,,,Y,N1,A2200015,13
2026-08-01 00:53:18,data_go_kr,강원특별자치도,A2200024,의료법인성지의료재단성지병원,3,20260801004232,033-760-3119,,,,,,,,,,,,,,,,13,,,,,1,,,,,,,,,,,,,,Y,,,,,,,Y,N1,,,N1,Y,N1,-74,N1,9,N1,Y,,4,N1,7,,,1,,,,,,,,,,,,,9,,,,,4,,,,,1,2,,4,,,,,,,,135,,,,,,,,,,,,,13,,,,Y,N1,A2200024,14
2026-08-01 00:53:18,data_go_kr,강원특별자치도,A2200048,근로복지공단정선병원,5,20260801004600,033-560-7150,,,,,,,,,,,,,,,,,,,,,1,,,,,,,,,,,,,,Y,,,,,,,Y,N1,,,N1,Y,N1,46,N1,,N1,N1,,,N1,5,,,1,,,,,,,,,,,,,,,,,,,,,,,1,,,3,,,,,,,,149,,,,,,,,,,,,,,,,,Y,N1,A2200048,15
2026-08-01 00:53:18,data_go_kr,강원특별자치도,A2201730,철원병원,5,20260801005001,033-452-5012,N,Y,,,,,,,,,,,,,,,,,1,,,,,,,,,,,,,,Y,N,Y,,,,N,,,Y,N,,,N,Y,N,30,N,,Y,Y,,2,N,5,,1,,,,,,,,,,,,,,,,,,,2,,,,1,1,1,0,1,0,1,0,0,0,0,0,68,,,,,,,,,,,,,,,,,Y,N,A2201730,16
2026-08-01 00:53:18,data_go_kr,강원특별자치도,A2200004,근로복지공단태백병원,9,20260801004900,033-580-3119,,,,,,,,,,,,,,,,,,,1,,,,,,,1,,,,,,,Y,,Y,,,,,,,Y,N1,,,N1,Y,N1,78,N1,7,N1,Y,,2,N1,9,,1,,,,,,,,,,,,,,9,1,,,,2,,,,1,1,1,,8,,,,,,,,223,,,,,,,,,,,,,,,,,Y,N1,A2200004,17
2026-08-01 00:53:18,data_go_kr,강원특별자치도,E2200026,평창군보건의료원,6,20260801005001,033-330-4812,,,,,,,,,,,,,,,,,,,,,1,,,,,,,,,,,,,,Y,,,,,,,Y,N1,,,N1,Y,N1,20,N1,,N1,N1,,,N1,6,,,1,,,,,,,,,,,,,,,,,,,,,,,1,,,1,,,,,,,,20,,,,,,,,,,,,,,,,,Y,N1,E2200026,18
2026-08-01 00:53:18,data_go_kr,강원특별자치도,A2200014,홍천아산병원,7,20260801004501,033-430-5119,,,,,,,,,,,,,,,,,,,,,,,,,,,,,,,,,,,Y,,,,,,,Y,N1,,,N1,Y,N1,0,N1,0,N1,Y,,2,N1,10,,,,,,,,,,,,,,,,7,,,,,2,,,,,1,1,,4,,,,,,,,128,,,,,,,,,,,,,,,,,Y,N1,A2200014,19
2026-08-01 00:53:18,data_go_kr,강원특별자치도,E2200025,화천군보건의료원,7,20260801005001,033-440-2880,,,,,,,,,,,,,,,,,,,,,1,,,,,,,,,,,,,,,,,,,,,Y,N1,,,N1,N1,N1,16,N1,,N1,N1,,,N1,7,,,1,,,,,,,,,,,,,,,,,,,,,,,,,,1,,,,,,,,16,,,,,,,,,,,,,,,,,Y,N1,E2200025,20
2026-08-01 00:53:18,data_go_kr,강원특별자치도,A2200016,횡성대성병원,8,20260801005001,033-345-1191,,,,,,,,,,,,,,,,,,,,,1,,,,,,,,,,,,,,Y,,,,,,,Y,N1,,,N1,Y,N1,21,N1,,N1,Y,,1,N1,9,,,1,,,,,,,,,,,,,,,,,,1,,,,,1,1,,1,,,,,,,,114,,,,,,,,,,,,,,,,,Y,N1,A2200016,21
2026-08-01 00:53:18,data_go_kr,강원특별자치도,A2200038,근로복지공단동해병원,7,20260116080400,033-530-3119,,,,,,,,,,,,,,,,,,,1,,,,,,,0,,,,,,,,,Y,,,,,,,Y,N1,,,N1,Y,N1,31,N1,1,N1,Y,,2,N1,7,,1,,,,,,,,,,,,,,8,0,,,,2,,,,,1,1,,8,,,,,,,,226,,,,,,,,,,,,,,,,,Y,N1,A2200038,22
2026-08-01 00:53:18,data_go_kr,충청북도,A2300001,충북대학교병원,25,20260801005000,043-269-6114,Y,Y,2,3,,,,0,,5,,,,,,,,5,,,,5,,,,4,28,,17,2,5,11,Y,,Y,,2,6,Y,,17,Y,Y,2,,Y,Y,Y,222,Y,10,Y,Y,13,16,N1,30,8,,,18,8,,25,,,4,,,20,,,17,5,40,,40,16,2,21,13,2,4,4,6,98,13,31,18,10,17,,,547,2,3,,,,2,,,,,,,,,2,6,Y,Y,A2300001,1
2026-08-01 00:53:18,data_go_kr,충청북도,A2300009,의료법인명지의료재단명지병원,13,20260801004808,043-640-8117,,,,,,,,,,,,,,,,,,3,2,,4,2,,,,3,,,,,,,,,Y,,,,Y,,,Y,Y,,,Y,Y,Y,51,N1,9,N1,Y,,3,N1,18,3,2,4,2,,,,,,,,,,,,15,3,,,,3,,,,,2,1,1,10,,,2,1,,,,201,,,,,,,,,,,,,,,,,Y,N1,A2300009,2
2026-08-01 00:53:18,data_go_kr,충청북도,A2300005,의료법인자산의료재단제천서울병원,12,20260801005040,043-643-2327,,,,,,,,,,,,,,,,,,,1,,4,,,,,,4,,,,,,,,Y,,,,,,,Y,N1,,,Y,Y,N1,20,N1,2,N1,Y,,3,Y,15,,1,4,,,,,,,,,,,,,11,,5,,,3,,,,,1,1,,10,,,1,,,,1,202,,,,,,,,,,,,,,,,,Y,N1,A2300005,3
2026-08-01 00:53:18,data_go_kr,충청북도,A2300013,의료법인 건명의료재단 중앙제일병원,14,20260801005003,043-537-9119,,,,,,,,,,,,,,,,,,,3,,,,,,,3,,,,,,31,,,Y,,,,,,,Y,N1,,,Y,Y,N1,62,N1,1,N1,Y,,5,N1,17,,3,,,,,,,,,,,,,,12,6,,,,5,,,31,,2,2,,6,,,1,,,,,192,,,,,,,,,,,,,,,,,Y,N1,A2300013,4
2026-08-01 00:53:18,data_go_kr,충청북도,A2300007,의료법인인화재단한국병원,9,20260801004547,043-222-6177,,Y,,,,,,,,,,,,,,,3,,1,,2,0,,,,0,4,,,,,1,Y,,Y,,,,Y,,,Y,Y,,,Y,Y,N1,42,N1,5,Y,Y,,8,N1,14,,1,2,2,,,,,,,,,,,,22,1,4,,,8,,,1,1,3,3,2,18,,1,3,,,,,399,,,,,,,,,,,,,,3,,,Y,N1,A2300007,5
2026-08-01 00:53:18,data_go_kr,충청북도,A2300003,의료법인정산의료재단효성병원,16,20260801004541,043-221-2192,,N,,,,,,,,,,,,,,,,,1,,3,1,,,,0,1,,,,,,Y,,Y,,,,Y,,,Y,Y,,,Y,Y,N1,98,N1,4,N,Y,,4,Y,18,,1,4,2,,,,,,,,,,,,27,2,3,,,4,,,,1,3,4,2,19,,1,2,,,,1,363,,,,,,,,,,,,,,,,,Y,N1,A2300003,6
2026-08-01 00:53:18,data_go_kr,충청북도,A2300008,청주성모병원,6,20260801005011,043-219-8119,,Y,,,,,,,,3,,,,,,,,,2,8,5,2,,,,1,4,,,,,7,Y,,Y,,,,Y,,,Y,Y,,,Y,Y,N1,138,N1,,Y,Y,,8,N1,15,,2,5,2,13,12,,,,,,,,,,,1,4,,,8,,,30,1,3,2,2,19,,2,2,,,,,358,,,,,,,,,,,,,,,,,Y,N1,A2300008,7
2026-08-01 00:53:18,data_go_kr,충청북도,A2300002,의료법인한마음의료재단하나병원,6,20260801005100,043-230-6594,,,,,,,,,,,,,,,,,9,,1,,2,,,,,2,,,,,,,,,Y,,,,Y,,,Y,Y,,,Y,Y,N1,136,N1,2,N1,Y,,7,Y,11,,1,2,,,,,,,,,,,,,24,2,,,,7,,,,,3,3,2,20,,,4,,,,1,463,,,,,,,,,,,,,,9,,,Y,N1,A2300002,8
2026-08-01 00:53:18,data_go_kr,충청북도,A2300010,건국대학교충주병원,17,20260801005001,043-840-8330,Y,Y,,,,,,,,,,,,,,,,,1,,2,,,,,,,,,,,0,Y,,Y,,,,Y,,,Y,Y,,,Y,Y,Y,73,N1,9,Y,Y,,5,N1,20,,1,2,,,,,,,,,,,,,18,,,,,5,,,1,1,2,1,2,11,1,4,3,1,,,,194,,,,,,,,,,,,,,,,,Y,Y,A2300010,9
2026-08-01 00:53:18,data_go_kr,충청북도,A2300034,의료법인대광의료재단괴산성모병원,9,20260801004922,043-830-5419,,,,,,,,,,,,,,,,,,,,,0,,,,,,,,,,,,,,Y,,,,,,,Y,N1,,,N1,Y,N1,13,N1,,N1,Y,,1,N1,9,,,1,,,,,,,,,,,,,,,,,,1,,,,,1,1,,3,,,,,,,,153,,,,,,,,,,,,,,,,,Y,N1,A2300034,10
2026-08-01 00:53:18,data_go_kr,충청북도,E2300011,단양군보건의료원,6,20260801005001,043-420-0139,,,,,,,,,,,,,,,,,,,1,,,,,,,,,,,,,2,,,Y,,,,,,,Y,N1,,,N1,Y,N1,13,N1,,N1,N1,,,N1,6,,1,,,,,,,,,,,,,,,,,,,,,,2,,1,,,1,,,,,,,,14,,,,,,,,,,,,,,,,,Y,N1,E2300011,11
2026-08-01 00:53:18,data_go_kr,충청북도,A2300030,의료법인조윤의료재단영동병원,9,20260801005006,043-740-9333,,Y,,,,,,,,,,,,,,,,,,,,,,,,,,,,,,,Y,,Y,,,,,,,Y,N1,,,N1,Y,N1,29,N1,,Y,Y,,2,N1,10,,,,,,,,,,,,,,,,,,,,,2,,,,1,1,1,,3,,1,,,,,,161,,,,,,,,,,,,,,,,,Y,N1,A2300030,12
2026-08-01 00:53:18,data_go_kr,충청북도,A2300011,의료법인힐링의료재단옥천성모병원,7,20260801004836,043-730-7119,,,,,,,,,,,,,,,,,,,2,,1,,,,,,,,,,,,,,Y,,,,,,,Y,N1,,,N1,Y,N1,21,N1,0,N1,Y,,2,N1,7,,2,1,,,,,,,,,,,,,7,,,,,2,,,,,1,1,,4,,,,,,,,157,,,,,,,,,,,,,,,,,Y,N1,A2300011,13
2026-08-01 00:53:18,data_go_kr,충청북도,A2300006,충청북도청주의료원,12,20260801005002,043-279-0119,,Y,,,,,,,,,,,,,,,3,,1,,,,,,,2,,,,,90,6,Y,,Y,,,,Y,,,Y,Y,,,Y,Y,N1,171,N1,18,Y,Y,,5,N1,12,,1,,,,,,,,,,,,,,21,3,,,,5,,90,6,1,1,2,1,11,,1,1,,,,,359,,,,,,,,,,,,,,3,,,Y,N1,A2300006,14
2026-08-01 00:53:18,data_go_kr,충청북도,A2300004,충청북도충주의료원,13,20260801005002,043-871-0119,,,,,,,,,,,,,,,,,,,1,,2,,,,,,,,,,,,,,Y,,,,Y,,,Y,Y,,,Y,Y,N1,125,N1,7,N1,Y,,4,N1,18,,1,2,,,,,,,,,,,,,12,,,,,4,,,,,1,1,1,8,,,1,,,,,282,,,,,,,,,,,,,,,,,Y,N1,A2300004,15
2026-08-01 00:53:18,data_go_kr,충청북도,A2300017,의료법인정민의료재단보은한양병원,0,20260609165511,070-7575-2853,,,,,,,,,,,,,,,,,,,,,0,,,,,,,,,,,,,,Y,,,,,,,Y,N1,,,N1,Y,N1,57,N1,,N1,Y,,0,N,7,,,1,,,,,,,,,,,,,,,,,,1,,,,,1,1,,1,,,,,,,0,112,,,,,,,,,,,,,,,,,Y,N1,A2300017,16
2026-08-01 00:53:18,data_go_kr,충청북도,A2300015,의료법인태성의료재단제일조은병원,10,20210511221309,043-883-8800,,,,,,,,,,,,,,,,,,,,,,,,,,,,,,,,,,,Y,,,,,,,Y,N1,,,N1,Y,N1,62,N1,,N1,Y,,2,N1,10,,,,,,,,,,,,,,,,,,,,,2,,,,,1,1,,2,,,,,,,,142,,,,,,,,,,,,,,,,,Y,N1,A2300015,17
2026-08-01 00:53:18,data_go_kr,충청북도,A2302011,재단법인베스티안재단베스티안병원,7,20250123182340,043-904-8925,,,,,,,,,,,,,,,,,,,1,,2,,,,,,,,,,,,,Y,Y,,,,,,,Y,N1,,,Y,Y,Y,161,N1,7,N1,Y,,4,Y,7,,1,2,,,,,,,,,,,,,10,,,,,4,,,,,2,1,,16,,,2,1,,3,2,210,,,,,,,,,,,,,,,,,Y,N1,A2302011,18
2026-08-01 00:53:18,data_go_kr,충청남도,A2400002,단국대학교의과대학부속병원,19,20260801005000,041-550-6840,Y,Y,2,2,,,,1,,,,,,4,,,,3,,0,0,1,,,,0,14,,2,2,11,1,Y,,Y,1,2,6,Y,,4,Y,Y,,,Y,Y,Y,134,Y,,Y,Y,-1,13,Y,25,4,,1,18,,13,25,,,,13,,20,,,,1,30,,40,13,2,20,8,3,4,3,6,6,14,29,15,7,17,,1,640,2,2,,,,2,,,,,7,,,,2,6,Y,Y,A2400002,1
2026-08-01 00:53:18,data_go_kr,충청남도,A2400001,학교법인동은학원순천향대학교부속천안병원,12,20260801004622,041-590-7019,Y,Y,,,1,3,1,,,7,,,,,,,,9,4,10,3,4,,2,,3,10,2,,,,2,Y,Y,Y,,,,Y,,,Y,Y,,,Y,Y,Y,176,Y,,Y,Y,3,19,Y,22,14,4,3,17,18,15,38,,2,,,,,,,,6,30,6,,19,,,14,11,6,4,6,60,16,37,6,6,10,1,1,765,,,1,3,1,,,,,,,,,,,,Y,Y,A2400001,2
2026-08-01 00:53:18,data_go_kr,충청남도,A2400009,의료법인백제병원,19,20260801004827,041-730-8882,,,,,,,,,,,,,,,,,,,1,,2,,,,,,,,,,16,,,,Y,,,,Y,,,Y,Y,,,Y,Y,N1,25,N1,-4,N1,Y,,4,N1,20,,1,2,,,,,,,,,,,,,26,,,,,4,,49,,,2,2,1,11,,,3,,,,,398,,,,,,,,,,,,,,,,,Y,N1,A2400009,3
2026-08-01 00:53:18,data_go_kr,충청남도,A2400008,당진종합병원,11,20260801004957,041-358-3624,,,,,,,,,,,,,,,,,,,1,,2,,,,,,,,,,,,,,Y,,,,Y,,,Y,Y,,,Y,Y,N1,80,N1,0,N1,Y,,4,N1,17,,1,2,,,,,,,,,,,,,13,,,,,4,,,,,2,2,1,5,,,1,,,,,246,,,,,,,,,,,,,,,,,Y,N1,A2400008,4
2026-08-01 00:53:18,data_go_kr,충청남도,A2400011,재단법인아산사회복지재단보령아산병원,15,20260801005001,041-930-5333,,,,,,,,,,,,,,,,,,,1,,2,,,,,,,,,,,,,,Y,,,,,,,Y,N1,,,N1,Y,N1,80,N1,3,N1,Y,,2,N1,17,,1,2,,,,,,,,,,,,,8,,,,,2,,,,,1,1,,4,,,,,,,,221,,,,,,,,,,,,,,,,,Y,N1,A2400011,5
2026-08-01 00:53:18,data_go_kr,충청남도,A2400003,서산중앙병원,15,20260801004501,041-661-1195,,,,,,,,,,,,,,,,,,,1,,2,,,,,,,,,,,,,,Y,,,,,,,Y,N1,,,Y,Y,N1,63,N1,2,N1,Y,,4,N1,17,,1,2,,,,,,,,,,,,,17,,,,,4,,,,,1,1,,7,,,1,,,,,288,,,,,,,,,,,,,,,,,Y,N1,A2400003,6
2026-08-01 00:53:18,data_go_kr,충청남도,A2400006,충청남도서산의료원,11,20260801004602,041-689-7119,,,,,,,,,,,,,,,,,,,1,,2,2,,,,,0,,,,,5,,,Y,,,,,,,Y,N1,,,N1,Y,N1,27,N1,1,N1,Y,,3,N1,17,,1,2,2,,,,,,,,,,,,8,,4,,,3,,,5,,2,1,,10,,,,,,,,259,,,,,,,,,,,,,,,,,Y,N1,A2400006,7
2026-08-01 00:53:18,data_go_kr,충청남도,A2402257,아산충무병원,11,20260801005016,041-536-6519,,,1,7,,,,,,,,,,5,,,,,,,,,,,,2,,,,,,,Y,,Y,,,,Y,,,Y,Y,,,Y,Y,Y,177,Y,3,N1,Y,,3,N1,13,,,,,,,,,,,,,,,,22,2,,,,4,,,,1,2,2,3,27,,,4,2,1,,,456,1,7,,,,,,,,,5,,,,,,Y,N1,A2402257,8
2026-08-01 00:53:18,data_go_kr,충청남도,A2400012,의료법인영서의료재단천안충무병원,5,20260801004839,041-570-7519,,,,,,,,,,,,,,,,,,,1,,4,,,,,0,,,,,,,,,Y,0,,,Y,,,Y,Y,,,Y,Y,Y,20,N1,4,N1,Y,,5,N1,16,,1,4,,,,,,,,7,,,,,19,3,,,,5,,,,,2,2,3,26,,,3,3,,,,333,,,,,,,,,,,,,,,,,Y,N1,A2400012,9
2026-08-01 00:53:18,data_go_kr,충청남도,A2400007,충청남도홍성의료원,16,20260801004801,041-630-6119,,,,,,,,,,,,,,,,,,1,1,,2,2,,,,1,3,,,,3,0,Y,,Y,,,,N,,,Y,N,,,Y,Y,N1,111,N1,2,N1,Y,,4,N,18,1,1,2,2,,,,,,,,,,,,22,1,3,,,4,,49,1,1,2,2,1,10,,,1,,,,2,260,,,,,,,,,,,,,,,,,Y,N1,A2400007,10
2026-08-01 00:53:18,data_go_kr,충청남도,A2400010,충청남도공주의료원,13,20260801004802,041-962-1365,,,,,,,,,,,,,,,,,,,,,1,,,,,,,,,,,4,,,Y,,,,,,,Y,N1,,,Y,Y,N1,90,N1,9,N1,Y,,6,N1,15,,,1,,,,,,,,,,,,,16,,,,,6,,,6,,1,1,,9,,,2,,,,,273,,,,,,,,,,,,,,,,,Y,N1,A2400010,11
2026-08-01 00:53:18,data_go_kr,충청남도,A2400038,학교법인건양교육재단건양대학교부여병원,9,20260801004854,041-837-1201,,,,,,,,,,,,,,,,,,,,,1,,,,,,,,,,,,,,Y,,,,,,,Y,N1,,,N1,Y,N1,24,N1,,N1,N1,,1,N1,9,,,1,,,,,,,,,,,,,,,,,,1,,,,,1,,,1,,,,,,,,55,,,,,,,,,,,,,,,,,Y,N1,A2400038,12
2026-08-01 00:53:18,data_go_kr,충청남도,A2400044,의료법인 서해병원,5,20260801004739,041-950-0219,,,,,,,,,,,,,,,,,,,,,2,,,,,,,,,,,,,,Y,,,,,,,Y,N1,,,N1,Y,N1,22,N1,,N1,N1,,,N1,5,,,2,,,,,,,,,,,,,,,,,,,,,,,1,,,1,,,,,,,,79,,,,,,,,,,,,,,,,,Y,N1,A2400044,13
2026-08-01 00:53:18,data_go_kr,충청남도,A2400039,현대병원,8,20260801005001,041-546-7744,N,N,,,,,,,,,,,,,,,,,,,1,,,,,,,,,,,,N,N,Y,0,,,N,,,Y,N,,,N,Y,N,9,N,0,N,Y,,3,N,10,,,1,,,,,,,,0,,,,,7,,,,,3,,,,0,1,1,0,3,0,0,0,0,0,0,0,84,,,,,,,,,,,,,,,,,Y,N,A2400039,14
2026-08-01 00:53:18,data_go_kr,충청남도,A2400004,의료법인 예당의료재단 예산종합병원,6,20260801004955,041-330-4119,,,,,,,,,,,,,,,,,,,,,1,,,,,,,,,,,,,,Y,,,,,,,Y,N1,,,N1,Y,N1,0,N1,4,N1,Y,,0,N1,6,,,1,,,,,,,,,,,,,9,,,,,0,,,,,0,0,,0,,,,,,,,88,,,,,,,,,,,,,,,,,Y,N1,A2400004,15
2026-08-01 00:53:18,data_go_kr,충청남도,A2400005,충청남도천안의료원,9,20260801005002,041-570-7119,,,,,,,,,,,,,,,,6,,,,,1,,,,,,,,,,,,,,Y,,,,,,,Y,N1,,,N1,Y,N1,56,N1,9,N1,Y,,4,N1,12,,,1,,,,,,,,,,,,,15,,,,,4,,,,,1,1,,10,,,,,,,,241,,,,,,,,,,,,,6,,,,Y,N1,A2400005,16
2026-08-01 00:53:18,data_go_kr,충청남도,E2400032,청양군보건의료원,6,20260801005000,041-940-4951,,,,,,,,,,,,,,,,,,,,,1,,,,,,,,,,,,,,Y,,,,,,,Y,N1,,,N1,Y,N1,12,N1,,N1,N1,,1,N1,6,,,1,,,,,,,,,,,,,,,,,,1,,,,,1,,,1,,,,,,,,12,,,,,,,,,,,,,,,,,Y,N1,E2400032,17
2026-08-01 00:53:18,data_go_kr,충청남도,E2400033,태안군보건의료원,10,20260801005001,041-671-5319,,,,,,,,,,,,,,,,,,,,,1,,,,,,,,,,,,,,Y,,,,,,,Y,N1,,,N1,Y,N1,18,N1,,N1,N1,,,N1,10,,,1,,,,,,,,,,,,,,,,,,,,,,,1,,,1,,,,,,,,34,,,,,,,,,,,,,,,,,Y,N1,E2400033,18
2026-08-01 00:53:18,data_go_kr,전북특별자치도,A2500001,원광대학교병원,4,20260801005016,063-859-1165,Y,Y,2,3,,,,2,,5,,,,,,,,3,,1,,5,,,3,6,12,,18,2,4,1,Y,,Y,,2,6,Y,,7,Y,Y,,,Y,Y,Y,119,Y,4,Y,Y,4,15,Y,26,3,,,18,8,15,15,,,,,,20,8,,15,7,31,,40,15,2,30,2,1,5,4,5,11,12,20,8,4,1,,2,543,2,3,,,,2,,,,,,,,,2,6,Y,Y,A2500001,1
2026-08-01 00:53:18,data_go_kr,전북특별자치도,A2500002,전북대학교병원,24,20260801004957,063-250-1131,Y,Y,2,5,,,2,1,,6,,,,,,,,4,,4,,5,5,,2,1,10,,,,8,15,Y,,Y,10,,,Y,,,Y,Y,,,Y,Y,Y,286,Y,,Y,Y,18,21,N1,36,5,,,17,10,8,25,10,,,18,,,11,,,2,30,,,21,,23,15,3,1,2,5,11,15,22,4,2,1,,,834,2,5,,,2,1,,,,,,,,,,,Y,Y,A2500002,2
2026-08-01 00:53:18,data_go_kr,전북특별자치도,A2500007,전북특별자치도군산의료원,5,20260801004902,063-472-5130,,Y,,,,,,,,,,,,,,,,,1,,2,0,,,,1,3,,,,,,Y,,Y,,,,,,,Y,N1,,,N1,Y,N1,82,N1,6,Y,Y,,6,N1,17,,1,2,2,,,,,,,,,,,,18,2,3,,,6,,,,1,1,1,,18,,2,,,,,,289,,,,,,,,,,,,,,,,,Y,N1,A2500007,3
2026-08-01 00:53:18,data_go_kr,전북특별자치도,A2500012,의료법인오성의료재단동군산병원,14,20260801005029,063-440-0516,,,,,,,,,,,,,,,,0,,,1,,5,0,,,,,2,,,,,,,,Y,,,,Y,,,Y,Y,,,Y,Y,N1,13,N1,1,N1,Y,,6,N1,17,,1,5,2,,,,,,,,,,,,24,,3,,,6,,,,,2,2,2,13,,,2,,,,,262,,,,,,,,,,,,,0,,,,Y,N1,A2500012,4
2026-08-01 00:53:18,data_go_kr,전북특별자치도,A2500004,전북특별자치도남원의료원,15,20260801005002,063-620-1119,,Y,,,,,,,,,,,,,,,,,1,,2,,,,,1,,,,,,,Y,,Y,,,,,,,Y,N1,,,N1,Y,N1,60,N1,3,Y,Y,,3,N1,17,,1,2,,,,,,,,,,,,,9,1,,,,3,,,,3,2,1,,10,,1,,,,,,190,,,,,,,,,,,,,,,,,Y,N1,A2500004,5
2026-08-01 00:53:18,data_go_kr,전북특별자치도,A2500011,의료법인대산의료재단익산병원,13,20260801005008,063-840-9112,,,,,,,,,,,,,,,,,,,1,,2,,,,,0,,,,,,,,,Y,,,,Y,,,Y,Y,,,N1,Y,N1,33,N1,8,N1,Y,,5,N1,17,,1,2,,,,,,,,,,,,,17,1,,,,5,,,,,2,2,1,7,,,,,,,,333,,,,,,,,,,,,,,,,,Y,N1,A2500011,6
2026-08-01 00:53:18,data_go_kr,전북특별자치도,A2500056,대자인병원,24,20260801004807,063-250-8701,,,,,,,,,,,,,,,,,,,1,9,2,,,,,2,,,,,,,,Y,Y,,,,Y,,,Y,Y,,,Y,Y,Y,30,N1,2,N1,Y,,15,Y,33,,1,2,,,36,,,,,,,,,,15,4,,,,15,,,,,4,3,2,12,,,4,2,,1,1,45,,,,,,,,,,,,,,,,,Y,N1,A2500056,7
2026-08-01 00:53:18,data_go_kr,전북특별자치도,A2500006,재단법인예수병원유지재단예수병원,26,20260801004840,063-230-8280,Y,Y,,,1,1,,,,,,,,,,,,9,1,,1,,,2,,4,,4,,,,0,Y,,Y,0,,,Y,,,Y,Y,,,Y,Y,Y,148,N1,-1,Y,Y,1,14,Y,38,10,1,2,,,,12,,2,,14,,,,,23,4,,6,,14,,,5,4,4,3,4,40,6,11,7,2,,,2,685,,,1,1,,,,,,,,,,,,,Y,Y,A2500006,8
2026-08-01 00:53:18,data_go_kr,전북특별자치도,A2500005,의료법인영경의료재단전주병원,7,20260801004838,063-226-6119,,,,,,,,,,,,,,,,,,,1,,2,,,,,,,,,,,,,,Y,,,,,,,Y,N1,,,Y,Y,N1,-5,N1,4,N1,Y,,5,N1,17,,1,2,,,,,,,,,,,,,9,,,,,5,,,,,1,2,,6,,,1,,,,,275,,,,,,,,,,,,,,,,,Y,N1,A2500005,9
2026-08-01 00:53:18,data_go_kr,전북특별자치도,A2500008,재단법인 아산사회복지재단 정읍아산병원,16,20260801004500,063-530-6129,,,,,,,,,,,,,,,,,,,1,,2,,,,,,,,,,,,,,Y,,,,,,,Y,N1,,,N1,Y,N1,57,N1,3,N1,Y,,3,N1,17,,1,2,,,,,,,,,,,,,12,,,,,3,,,,,1,1,,5,,,,,,,,276,,,,,,,,,,,,,,,,,Y,N1,A2500008,10
2026-08-01 00:53:18,data_go_kr,전북특별자치도,A2500009,의료법인석천재단고창병원,8,20260801004703,063-560-5558,,,,,,,,,,,,,,,,,,,,,1,,,,,,,,,,,,,,Y,,,,,,,Y,N1,,,N1,Y,N1,0,N1,,N1,Y,,2,N1,10,,,1,,,,,,,,,,,,,,,,,,2,,,,,1,1,,4,,,,,,,,258,,,,,,,,,,,,,,,,,Y,N1,A2500009,11
2026-08-01 00:53:18,data_go_kr,전북특별자치도,A2500038,김제우석병원,10,20260801004959,063-540-5119,,,,,,,,,,,,,,,,,,,,,1,,,,,,,,,,,,,,Y,,,,,,,Y,N1,,,N1,Y,N1,63,N1,,N1,Y,,2,N1,10,,,1,,,,,,,,,,,,,,,,,,2,,,,,1,1,,1,,,,,,,,200,,,,,,,,,,,,,,,,,Y,N1,A2500038,12
2026-08-01 00:53:18,data_go_kr,전북특별자치도,E2500019,무주군보건의료원,4,20260801005001,063-320-8315,,,,,,,,,,,,,,,,,,,,,1,,,,,,,,,,,,,,Y,,,,,,,Y,N1,,,N1,Y,N1,24,N1,,N1,N1,,,N1,4,,,1,,,,,,,,,,,,,,,,,,,,,,,1,,,1,,,,,,,,24,,,,,,,,,,,,,,,,,Y,N1,E2500019,13
2026-08-01 00:53:18,data_go_kr,전북특별자치도,A2500010,부안성모병원,10,20260801004314,063-580-8119,,,,,,,,,,,,,,,,,,,,,2,,,,,,,,,,,,,,Y,,,,,,,Y,N1,,,N1,Y,N1,15,N1,9,N1,Y,,3,N1,10,,,2,,,,,,,,,,,,,9,,,,,3,,,,,1,1,,2,,,,,,,,240,,,,,,,,,,,,,,,,,Y,N1,A2500010,14
2026-08-01 00:53:18,data_go_kr,전북특별자치도,E2500021,순창군보건의료원,9,20260801005001,063-650-5352,,,,,,,,,,,,,,,,,,,,,1,,,,,,,,,,,,,,Y,,,,,,,Y,N1,,,N1,Y,N1,28,N1,,N1,N1,,,N1,9,,,1,,,,,,,,,,,,,,,,,,,,,,,1,,,1,,,,,,,,30,,,,,,,,,,,,,,,,,Y,N1,E2500021,15
2026-08-01 00:53:18,data_go_kr,전북특별자치도,E2500022,임실군보건의료원,4,20260801005001,063-640-3119,,,,,,,,,,,,,,,,,,,,,1,,,,,,,,,,,,,,Y,,,,,,,Y,N1,,,N1,Y,N1,,N1,,N1,N1,,,N1,4,,,1,,,,,,,,,,,,,,,,,,,,,,,1,,,1,,,,,,,,,,,,,,,,,,,,,,,,,Y,N1,E2500022,16
2026-08-01 00:53:18,data_go_kr,전북특별자치도,E2500020,장수군보건의료원,5,20260801005001,063-350-2119,,,,,,,,,,,,,,,,,,,,,1,,,,,,,,,,,,,,,,,,,,,Y,N1,,,N1,N1,N1,19,N1,,N1,N1,,,N1,5,,,1,,,,,,,,,,,,,,,,,,,,,,,,,,1,,,,,,,,22,,,,,,,,,,,,,,,,,Y,N1,E2500020,17
2026-08-01 00:53:18,data_go_kr,전북특별자치도,A2501890,의료법인영경의료재단호성전주병원,8,20260801004957,063-240-8862,,,,,,,,,,,,,,,,,,,,,1,,,,,,,,,,,,,,Y,,,,,,,Y,N1,,,N1,Y,N1,15,N1,,N1,Y,,2,N1,9,,,1,,,,,,,,,,,,,,,,,,2,,,,,1,1,,1,,,,,,,,122,,,,,,,,,,,,,,,,,Y,N1,A2501890,18
2026-08-01 00:53:18,data_go_kr,전북특별자치도,A2502742,새강병원,10,20260801004922,063-289-9119,,,0,0,,0,0,,,0,,,,,,,,3,1,0,2,0,,,,3,,0,,0,,0,,,Y,,,,,,,Y,N1,,,N1,Y,N1,95,N1,16,N1,Y,,5,N1,14,3,1,2,0,0,0,,,,,,,,,,16,3,,0,,5,0,,0,,1,1,,1,,,,,,,,201,0,0,,0,0,,,,,,,,,,,,Y,N1,A2502742,19
2026-08-01 00:53:18,data_go_kr,전북특별자치도,A2502031,진안군의료원,6,20260801005002,063-430-7119,,,,,,,,,,,,,,,,,,,,,2,,,,,,,,,,,,,,Y,,,,,,,Y,N1,,,N1,Y,N1,13,N1,,N1,Y,,2,N1,6,,,2,,,,,,,,,,,,,,,,,,2,,,,,1,1,,3,,,,,,,,64,,,,,,,,,,,,,,,,,Y,N1,A2502031,20
2026-08-01 00:53:18,data_go_kr,전북특별자치도,A2500003,전주고려병원,10,20190311000039,063-240-7330,,,,,,,,,,,,,,,,,,,,,,,,,,,,,,,,,,,Y,,,,,,,Y,N1,,,N1,Y,N1,34,N1,,N1,Y,,6,N1,10,,,,,,,,,,,,,,,,,,,,,6,,,,,1,1,,2,,,,,,,,281,,,,,,,,,,,,,,,,,Y,N1,A2500003,21
2026-08-01 00:53:18,data_go_kr,경상북도,A2700007,차의과학대학교부속구미차병원,9,20260801005005,054-450-9998,Y,Y,,,,,0,,,,,,,,,,,5,3,,3,1,,,,,6,,,,,,Y,Y,Y,,,,Y,,,Y,Y,,,Y,Y,Y,41,Y,0,Y,Y,0,8,N1,20,5,3,3,25,,,8,,,,,,,,,18,,30,,,8,,,,3,3,2,2,21,3,13,2,1,2,1,,301,,,,,3,,,,,,,,,,,,Y,Y,A2700007,1
2026-08-01 00:53:18,data_go_kr,경상북도,A2700014,의료법인안동병원,7,20260801004800,054-840-0119,Y,Y,2,1,,,0,,,1,,,,,,,,2,,,,5,,,,0,6,,3,2,0,4,Y,Y,Y,,2,6,Y,,6,Y,Y,,,Y,Y,Y,95,Y,0,Y,Y,10,11,Y,15,3,,,19,20,,10,,,,,,20,,,13,3,30,,40,11,2,34,6,3,6,3,5,67,3,12,14,4,13,1,1,775,2,3,,,1,,,,,,,,,,2,6,Y,Y,A2700014,2
2026-08-01 00:53:18,data_go_kr,경상북도,A2700016,포항성모병원,10,20260801004734,054-260-8600,Y,Y,2,3,,,,3,0,,,,,,,,,11,,,,4,,,,1,1,,,,,1,Y,Y,Y,,,,Y,,,Y,Y,,,Y,Y,Y,49,Y,6,Y,Y,,9,Y,20,11,,,15,,,,,,,,,,,,16,1,17,,,9,,,1,1,3,2,2,25,1,6,4,1,2,1,3,468,2,3,,,,5,13,,,,,,,,,,Y,Y,A2700016,3
2026-08-01 00:53:18,data_go_kr,경상북도,A2700003,동국대학교의과대학경주병원,8,20260801005037,054-770-8306,Y,Y,,,,,,,,1,,,,,,,,2,2,0,5,,,,,3,,,,,13,1,Y,,Y,,,,Y,,,Y,Y,,,Y,Y,N1,93,N1,0,Y,Y,,6,N1,16,3,2,5,,11,17,,,,,,,,,,7,4,,,,7,,20,3,1,2,2,2,26,2,6,3,,,,,279,,,,,,,,,,,,,,,,,Y,Y,A2700003,4
2026-08-01 00:53:18,data_go_kr,경상북도,A2700013,순천향대학교부속구미병원,6,20260801004620,054-468-9119,,Y,,,,,,,,,,,,,,,,3,1,,2,1,,,,2,0,,,,,1,Y,,Y,,,,Y,,,Y,Y,,,Y,Y,N1,65,N1,3,Y,Y,,5,N1,13,4,1,2,2,,,,,,,,,,,,31,2,3,,,6,,,1,1,2,2,2,20,,1,2,,,,,263,,,,,,,,,,,,,,,,,Y,N1,A2700013,5
2026-08-01 00:53:18,data_go_kr,경상북도,A2700012,의료법인덕산의료재단김천제일병원,15,20260801004605,054-420-9500,,,,,,,,,,,,,,,,,,,1,,3,1,,,,,1,,,,,,Y,,Y,,,,Y,,,Y,Y,,,Y,Y,N1,63,N1,7,N1,Y,,4,Y,16,,1,3,2,,,,,,,,,,,,16,,3,,,4,,,,3,1,1,1,10,,,1,,,,1,276,,,,,,,,,,,,,,,,,Y,N1,A2700012,6
2026-08-01 00:53:18,data_go_kr,경상북도,A2700006,의료법인동춘의료재단문경제일병원,15,20260801005000,054-550-7777,,,,,,,,,,,,,,,,,,,1,,1,2,,,,1,3,,,,61,3,,,Y,,,,,,,Y,N1,,,N1,Y,N1,64,N1,8,N1,Y,,3,N1,17,,1,2,2,,,,,,,,,,,,29,1,3,,,3,,162,4,,2,1,,8,,,,,,,,306,,,,,,,,,,,,,,,,,Y,N1,A2700006,7
2026-08-01 00:53:18,data_go_kr,경상북도,A2700004,안동성소병원,11,20260801005018,054-850-8282,,Y,,,,,,,,,,,,,,,5,,1,,2,1,,,,3,2,,,,22,0,Y,,Y,,,,Y,,,Y,Y,,,Y,Y,N1,130,N1,8,Y,Y,,6,N1,12,,1,2,2,,,,,,,,,,,,16,3,3,,,6,,186,2,1,2,2,2,21,,4,1,,,,,393,,,,,,,,,,,,,,5,,,Y,N1,A2700004,8
2026-08-01 00:53:18,data_go_kr,경상북도,A2700002,포항세명기독병원,11,20260801004401,054-289-1711,,,,,,,,,,,,,,,,,6,,1,,3,0,,,,0,2,,,,,0,,,Y,,,,Y,,,Y,Y,,,Y,Y,Y,69,Y,10,N1,Y,,14,Y,15,,1,3,2,,,,,,,,,,,,52,1,3,,,14,,,6,,6,5,4,25,,,5,1,1,,1,662,,,,,,,,,,,,,,6,,,Y,N1,A2700002,9
2026-08-01 00:53:18,data_go_kr,경상북도,A2700019,의)근원의료재단경산중앙병원,4,20260801005005,053-715-0119,,,,,,,,,,,,,,,,,,,,,2,,,,,0,,,,,42,,,,Y,,,,,,,Y,N1,,,N1,Y,N1,57,N1,1,N1,Y,,4,N1,10,,,2,,,,,,,,,,,,,11,2,,,,4,,116,,,1,1,,9,,,,,,,,301,,,,,,,,,,,,,,,,,Y,N1,A2700019,10
2026-08-01 00:53:18,data_go_kr,경상북도,A2700036,의료법인서명의료재단세명종합병원,10,20260801004736,053-819-8500,,,,,,,,,,,,,,,,,,,,,2,,,,,,,,,,1,,,,Y,,,,,,,Y,N1,,,N1,Y,N1,32,N1,0,N1,Y,,4,N1,13,,,2,,,,,,,,,,,,,14,,,,,4,,22,,,1,1,,6,,,,,,,,264,,,,,,,,,,,,,,,,,Y,N1,A2700036,11
2026-08-01 00:53:18,data_go_kr,경상북도,A2700097,계명대학교경주동산병원,9,20260801005018,054-770-9420,,,,,,,,,,,,,,,,,,,,,1,,,,,,,,,,,,,,Y,,,,,,,Y,N1,,,N1,Y,N1,42,N1,,N1,Y,,2,N1,9,,,1,,,,,,,,,,,,,,,,,,2,,,,,1,1,,1,,,,,,,,88,,,,,,,,,,,,,,,,,Y,N1,A2700097,12
2026-08-01 00:53:18,data_go_kr,경상북도,A2700070,의료법인영암의료재단고령영생병원,5,20260801005017,070-4700-0728,,,,,,,,,,,,,,,,,,,,,1,,,,,,,,,,,,,,Y,,,,,,,Y,N1,,,N1,Y,N1,25,N1,,N1,N1,,1,N1,5,,,1,,,,,,,,,,,,,,,,,,1,,,,,1,,,1,,,,,,,,59,,,,,,,,,,,,,,,,,Y,N1,A2700070,13
2026-08-01 00:53:18,data_go_kr,경상북도,A2700015,구미강동병원,6,20260801005355,054-478-9521,,,,,,,,,,,,,,,,9,,,1,,2,,,,,,,,,,,,,,Y,,,,Y,,,Y,Y,,,N1,Y,N1,39,N1,6,N1,Y,,5,N1,7,,1,2,,,,,,,,,,,,,12,,,,,5,,,,,1,1,1,3,,,,,,,,191,,,,,,,,,,,,,9,,,,Y,N1,A2700015,14
2026-08-01 00:53:18,data_go_kr,경상북도,A2700018,경상북도김천의료원,13,20260801005001,054-429-8234,,,,,,,,,,,,,,,,,,,1,,,,,,,2,,,,,,,,,Y,,,,,,,Y,N1,,,N1,Y,N1,33,N1,8,N1,Y,,5,N1,17,,1,,,,,,,,,,,,,,22,3,,,,5,,,,,1,2,,7,,,,,,,,274,,,,,,,,,,,,,,,,,Y,N1,A2700018,15
2026-08-01 00:53:18,data_go_kr,경상북도,A2700009,의료법인삼백의료재단상주성모병원,9,20260801005003,054-530-7811,,,,,,,,,,,,,,,,,,,,,1,,,,,,,,,,,,,,Y,,,,,,,Y,N1,,,N1,Y,N1,26,N1,1,N1,Y,,3,N1,9,,,1,,,,,,,,,,,,,10,,,,,3,,,,,1,1,,1,,,,,,,,172,,,,,,,,,,,,,,,,,Y,N1,A2700009,16
2026-08-01 00:53:18,data_go_kr,경상북도,A2700011,상주적십자병원,5,20260801004752,054-530-3171,,Y,,,,,,,,,,,,,,,,,1,,,,,,,,,,,,,,Y,,Y,,,,,,,Y,N1,,,Y,Y,N1,45,N1,5,Y,Y,,3,N1,9,,1,,,,,,,,,,,,,,10,,,,,3,,,,1,1,1,,7,,2,1,,,,,164,,,,,,,,,,,,,,,,,Y,N1,A2700011,17
2026-08-01 00:53:18,data_go_kr,경상북도,A2700001,경상북도안동의료원,6,20260801005001,054-850-6100,,,,,,,,,,,,,,,,,,,,,2,,,,,,,,,,,,,,Y,,,,,,,Y,N1,,,N1,Y,N1,114,N1,0,N1,Y,,5,N1,6,,,2,,,,,,,,,,,,,10,,,,,5,,,,,1,1,,8,,,,,,,,238,,,,,,,,,,,,,,,,,Y,N1,A2700001,18
2026-08-01 00:53:18,data_go_kr,경상북도,A2700031,영주기독병원,4,20260801004729,054-635-3050,,Y,,,,,,,,,,,,,,,,,,,1,,,,,,,,,,,,Y,,Y,,,,,,,Y,N1,,,N1,Y,N1,7,N1,,Y,N1,,1,N1,4,,,1,,,,,,,,,,,,,,,,,,1,,,,1,1,,,1,,2,,,,,,70,,,,,,,,,,,,,,,,,Y,N1,A2700031,19
2026-08-01 00:53:18,data_go_kr,경상북도,A2700020,영주자인병원,4,20260801004949,070-7335-5229,,,,,,,,,,,,,,,,,,,,,1,,,,,,,,,,,,,,Y,,,,,,,Y,N1,,,N1,Y,N1,17,N1,,N1,Y,,,N1,4,,,1,,,,,,,,,,,,,,,,,,2,,,,,1,1,,,,,,,,,,133,,,,,,,,,,,,,,,,,N1,N1,A2700020,20
2026-08-01 00:53:18,data_go_kr,경상북도,A2702752,영주적십자병원,6,20260731150746,054-630-0112,,,,,,,,,,,,,,,,,,,1,,,,,,,,,,,,,,,,Y,,,,,,,Y,N1,,,Y,Y,N1,67,N1,7,N1,Y,,3,N1,10,,1,,,,,,,,,,,,,,10,,,,,3,,,,,1,1,,4,,,1,,,,,140,,,,,,,,,,,,,,,,,Y,N1,A2702752,21
2026-08-01 00:53:18,data_go_kr,경상북도,A2700017,영남대학교의과대학부속영천병원,7,20260801004750,054-330-7575,,,,,,,,,,,,,,,,,,,1,,2,,,,,,,,,,,,,,Y,,,,,,,Y,N1,,,N1,Y,N1,45,N1,2,N1,Y,,4,N1,10,,1,2,,,,,,,,,,,,,10,,,,,4,,,,,1,1,,1,,,,,,,,190,,,,,,,,,,,,,,,,,Y,N1,A2700017,22
2026-08-01 00:53:18,data_go_kr,경상북도,A2700023,의료법인서준의료재단예천권병원,6,20260801004541,054-650-2119,,Y,,,,,,,,,,,,,,,,,1,,0,,,,,,,,,,,0,Y,,Y,,,,,,,Y,N1,,,N1,Y,N1,76,N1,,Y,Y,,2,N1,6,,1,0,,,,,,,,,,,,,,,,,,2,,,0,1,1,1,,3,,2,,,,,,173,,,,,,,,,,,,,,,,,Y,N1,A2700023,23
2026-08-01 00:53:18,data_go_kr,경상북도,E2700553,울릉군보건의료원,4,20260801005001,054-790-6911,,,,,,,,,,,,,,,,,,,,,,,,,,,,,,,,,,,Y,,,,,,,Y,N1,,,N1,Y,N1,26,N1,,N1,N1,,1,N1,5,,,,,,,,,,,,,,,,,,,,,1,,,,,1,,,1,,,,,,,,27,,,,,,,,,,,,,,,,,Y,N1,E2700553,24
2026-08-01 00:53:18,data_go_kr,경상북도,A2700052,울진군의료원,7,20260801004602,054-785-7119,,,,,,,,,,,,,,,,,,,2,,,,,,,,,,,,,2,,,Y,,,,,,,Y,N1,,,N1,Y,N1,40,N1,,N1,Y,,3,N1,8,,2,,,,,,,,,,,,,,,,,,,3,,,2,,1,1,,1,,,,,,,,97,,,,,,,,,,,,,,,,,Y,N1,A2700052,25
2026-08-01 00:53:18,data_go_kr,경상북도,A2700063,의료법인영제의료재단영남제일병원,4,20260801004752,054-861-9111,,,,,,,,,,,,,,,,,,,,,1,,,,,,,,,,,,,,Y,,,,,,,Y,N1,,,N1,Y,N1,27,N1,,N1,N1,,1,N1,,,,,,,,,,,,,,,,,,,,,,,,,,,,,,,,,,,,,,,,,,,,,,,,,,,,,,,Y,N1,A2700063,26
2026-08-01 00:53:18,data_go_kr,경상북도,A2700038,의료법인대남의료재단청도대남병원,9,20260801004727,054-370-5112,,,,,,,,,,,,,,,,,,,,,,,,,,,,,,,,,,,Y,,,,,,,Y,N1,,,N1,Y,N1,93,N1,,N1,Y,,1,N1,10,,,,,,,,,,,,,,,,,,,,,1,,,,,1,1,,1,,,,,,,,115,,,,,,,,,,,,,,,,,Y,N1,A2700038,27
2026-08-01 00:53:18,data_go_kr,경상북도,E2700554,청송군보건의료원,5,20260801005000,054-870-7119,,,,,,,,,,,,,,,,,,,,,1,,,,,,,,,,,,,,,,,,,,,Y,N1,,,N1,N1,N1,43,N1,,N1,N1,,,N1,6,,,1,,,,,,,,,,,,,,,,,,,,,,,,,,1,,,,,,,,39,,,,,,,,,,,,,,,,,Y,N1,E2700554,28
2026-08-01 00:53:18,data_go_kr,경상북도,A2700008,에스포항병원,6,20260801004827,054-289-9120,Y,,,,,,,,,,,,,,,,,,,,1,,,,,1,,,,,,,,,Y,,,,Y,,,Y,Y,,,Y,Y,N1,39,N1,7,N1,Y,,4,N1,6,,,1,,,,,,,,,,,,,14,1,,,,4,,,,,2,2,3,9,9,,1,,,,,239,,,,,,,,,,,,,,,,,Y,Y,A2700008,29
2026-08-01 00:53:18,data_go_kr,경상북도,A2702563,의료법인은성의료재단좋은선린병원,8,20260801004937,054-245-5200,,,,,,,,,,,,,,,,2,,,,,2,,,,,1,,,,,,,,,Y,,,,N,,,Y,N,,,N1,Y,N1,82,N1,0,N1,Y,,4,N,10,,,2,,,,,,,,,,,,,17,1,,,,4,,,,,1,1,2,7,,,,,,,14,281,,,,,,,,,,,,,2,,,,N,N1,A2702563,30
2026-08-01 00:53:18,data_go_kr,경상북도,A2700005,경상북도포항의료원,8,20260801005002,054-245-0129,,,,,,,,,,,,,,,,,,,1,,1,,,,,1,,,,,10,6,,,Y,,,,,,,Y,N1,,,N1,Y,N1,38,N1,5,N1,Y,,3,N1,8,,1,1,,,,,,,,,,,,,19,1,,,,3,,56,7,,1,1,,4,,,,,,,,177,,,,,,,,,,,,,,,,,Y,N1,A2700005,31
2026-08-01 00:53:18,data_go_kr,경상북도,A2700030,의료법인석촌의료재단성주병원,5,20240119175503,054-932-1909,,,,,,,,,,,,,,,,,,,,,3,,,,,,,,,,,,,,Y,,,,,,,Y,N1,,,N1,Y,N1,49,N1,,N1,N1,,1,N1,5,,,3,,,,,,,,,,,,,,,,,,1,,,,,1,,,1,,,,,,,,55,,,,,,,,,,,,,,,,,Y,N1,A2700030,32
2026-08-01 00:53:18,data_go_kr,경상남도,A2800011,양산부산대학교병원,4,20260801004827,055-360-1463,Y,Y,2,2,1,0,0,0,,7,,0,0,,4,,,3,,3,0,8,6,1,,0,18,3,,,9,4,Y,,Y,5,,,Y,,,Y,Y,,3,Y,Y,Y,267,Y,,Y,Y,12,24,N1,23,8,,1,16,16,11,38,11,2,,9,,,,10,,0,30,6,,25,,33,4,4,6,5,6,92,24,23,19,12,2,,,766,2,3,1,1,2,2,,,0,0,,4,,,,,Y,Y,A2800011,1
2026-08-01 00:53:18,data_go_kr,경상남도,A2800001,경상국립대학교병원,15,20260801004801,055-750-8282,Y,Y,,,,,,0,,2,,,,,,,,2,2,6,3,1,,,0,1,19,,26,2,2,6,Y,,Y,,2,6,Y,,13,Y,Y,,,Y,Y,Y,253,Y,,Y,Y,8,15,N1,28,3,2,3,14,8,9,15,,,,,,20,6,,,3,30,,40,15,2,23,7,7,3,3,5,18,9,20,6,4,17,,,655,,,,,,6,,,,,,,,,2,6,Y,Y,A2800001,2
2026-08-01 00:53:18,data_go_kr,경상남도,A2800020,학교법인성균관대학삼성창원병원,17,20260801004936,055-233-8899,Y,Y,,,,,,0,,0,,,,,,,,8,2,10,3,2,,,,0,25,,,,,2,Y,,Y,,,,Y,,,Y,Y,,,Y,Y,Y,189,Y,,Y,Y,20,16,N1,27,8,2,3,19,15,20,24,,,,,,,,,,3,30,,,16,,,5,7,4,3,4,45,8,20,5,3,3,,,645,,,,,,1,,,,,,,,,,,Y,Y,A2800020,3
2026-08-01 00:53:18,data_go_kr,경상남도,A2800010,의료법인환명의료재단 조은금강병원,16,20260801004650,055-330-0200,,,,,,,,,,,,,,,,,,,1,,2,,,,,1,,,,,4,,,,Y,,,,Y,,,Y,Y,,,N1,Y,N1,47,N1,13,N1,Y,,4,Y,17,,1,2,,,,,,,,,,,,,23,1,,,,4,,96,,,1,2,1,7,,,,,,,2,305,,,,,,,,,,,,,,,,,Y,N1,A2800010,4
2026-08-01 00:53:18,data_go_kr,경상남도,A2800006,의료법인숭인의료재단 김해복음병원,12,20260801004854,055-330-8844,,,,,,,,,,,,,,,,,,,1,,3,,,,,1,,,,,,,,,Y,,,,Y,,,Y,Y,,,Y,Y,N1,19,N1,3,N1,Y,,5,N1,16,,1,3,,,,,,,,,,,,,18,1,,,,5,,,,,2,3,1,3,,,3,,,,,359,,,,,,,,,,,,,,,,,Y,N1,A2800006,5
2026-08-01 00:53:18,data_go_kr,경상남도,A2800043,한일병원,15,20260801005037,055-750-1333,,,,,,,,,,,,,,,,,,,1,,2,0,,,,1,2,,,,,,,,Y,,,,Y,,,Y,Y,,,Y,Y,N1,15,N1,5,N1,Y,,4,Y,17,,1,2,2,,,,,,,,,,,,13,1,3,,,4,,,,,2,2,1,6,,,1,,,,1,282,,,,,,,,,,,,,,,,,Y,N1,A2800043,6
2026-08-01 00:53:18,data_go_kr,경상남도,A2800003,제일병원,10,20260801004928,055-750-7119,,,,,,,,,,,,,,,,,,,1,,2,,,,,,,,,,,,,Y,Y,,,,Y,,,Y,Y,,,N1,Y,N1,57,N1,3,N1,Y,,3,Y,17,,1,2,,,,,,,,,,,,,9,,,,,7,,,,,2,2,1,4,,,,,,1,1,258,,,,,,,,,,,,,,,,,Y,N1,A2800003,7
2026-08-01 00:53:18,data_go_kr,경상남도,A2800017,의료법인합포의료재단에스엠지연세병원,12,20260801005007,055-240-7777,,,,,,,,,,,,,,,,,,,1,,2,,,,,1,,,,,,,,,Y,,,,Y,,,Y,Y,,,Y,Y,N1,32,N1,2,N1,Y,,4,N1,17,,1,2,,,,,,,,,,,,,12,1,,,,4,,,,,1,2,1,7,,,1,,,,,286,,,,,,,,,,,,,,,,,Y,N1,A2800017,8
2026-08-01 00:53:18,data_go_kr,경상남도,A2803505,창원경상국립대학교병원,6,20260801004502,055-214-1339,Y,Y,,,,,,,,,,,,5,0,,,,1,,2,,,,,2,,,,,11,6,Y,,Y,,,,Y,,,Y,Y,,,Y,Y,Y,216,Y,12,Y,Y,3,12,N1,18,,1,2,,,,17,,,,,,,,,34,2,,,,13,,22,6,9,3,2,5,52,9,22,6,7,14,,,437,,,,,,,,,,,5,0,,,,,Y,Y,A2803505,9
2026-08-01 00:53:18,data_go_kr,경상남도,A2800007,창원한마음병원,15,20260801004810,055-225-0350,Y,Y,,,,,,,,2,,,,,,,,,1,5,0,,,,,1,,,,,,0,Y,,Y,,,,Y,,,Y,Y,,,Y,Y,Y,31,Y,,Y,Y,10,13,Y,21,,1,3,,25,37,10,,,,,,,,,,1,,,,13,,,6,2,4,4,4,29,3,11,6,1,2,,2,688,,,,,,,,,,,,,,,,,Y,Y,A2800007,10
2026-08-01 00:53:18,data_go_kr,경상남도,A2800004,창원파티마병원,12,20260801004606,055-270-1119,Y,Y,,,,,,,,1,,,,,,,,,1,3,2,0,,,,0,1,,,,,5,Y,Y,Y,,,,Y,,,Y,Y,,,Y,Y,N1,71,Y,,Y,Y,2,7,N1,17,,1,2,2,12,13,2,,,,,,,,,,2,3,,,7,,,6,2,4,3,3,16,3,6,3,,4,1,,444,,,,,,,,,,,,,,,,,Y,Y,A2800004,11
2026-08-01 00:53:18,data_go_kr,경상남도,A2800008,의료법인 거붕 백병원,5,20260801004942,055-733-0180,,,,,,,,,,,,,,,,,,,,,1,,,,,,,,,,,,,,Y,,,,,,,Y,N1,,,N1,Y,N1,12,N1,6,N1,Y,,4,N1,9,,,1,,,,,,,,,,,,,20,,,,,4,,,,,2,2,,12,,,,,,,,365,,,,,,,,,,,,,,,,,Y,N1,A2800008,12
2026-08-01 00:53:18,data_go_kr,경상남도,A2800005,의료법인 대우의료재단대우병원,9,20260801004709,055-680-8119,,,,,,,,,,,,,,,,,,,,,1,,,,,,,,,,,,,,Y,,,,,,,Y,N1,,,N1,Y,N1,17,N1,0,N1,Y,,4,N1,9,,,1,,,,,,,,,,,,,10,,,,,4,,,,,2,1,,5,,,,,,,,231,,,,,,,,,,,,,,,,,Y,N1,A2800005,13
2026-08-01 00:53:18,data_go_kr,경상남도,A2800022,의료법인 성념의료재단맑은샘병원,7,20260801004957,055-736-0119,,,,,,,,,,,,,,,,,,,,,1,,,,,,,,,,,,,,Y,,,,,,,Y,N1,,,N1,Y,N1,0,N1,,N1,Y,,2,N1,9,,,1,,,,,,,,,,,,,,,,,,2,,,,,1,1,,4,,,,,,,,200,,,,,,,,,,,,,,,,,Y,N1,A2800022,14
2026-08-01 00:53:18,data_go_kr,경상남도,A2800076,거창적십자병원,7,20260801004739,055-949-3359,,Y,,,,,,,,,,,,,,,,,,,1,,,,,,,,,,,,Y,,Y,,,,,,,Y,N1,,,N1,Y,N1,32,N1,,Y,Y,,2,N1,9,,,1,,,,,,,,,,,,,,,,,,2,,,,1,1,1,,2,,2,,,,,,91,,,,,,,,,,,,,,,,,Y,N1,A2800076,15
2026-08-01 00:53:18,data_go_kr,경상남도,A2800032,강병원,9,20260801004946,055-673-4848,,,,,,,,,,,,,,,,,,,,,1,,,,,,,,,,,,,,Y,,,,,,,Y,N1,,,N1,Y,N1,11,N1,,N1,Y,,1,N1,9,,,1,,,,,,,,,,,,,,,,,,1,,,,,1,1,,1,,,,,,,,99,,,,,,,,,,,,,,,,,Y,N1,A2800032,16
2026-08-01 00:53:18,data_go_kr,경상남도,A2803677,강일병원,5,20260801004953,055-822-0119,,,,,,,,,,,,,,,,,,,1,,2,,,,,,,,,,,,,,Y,,,,Y,,,Y,Y,,,N1,Y,N1,122,N1,13,N1,Y,,5,N1,8,,1,2,,,,,,,,,,,,,15,,,,,5,,,,,1,2,1,1,,,,,,,,275,,,,,,,,,,,,,,,,,Y,N1,A2803677,17
2026-08-01 00:53:18,data_go_kr,경상남도,A2800014,의료법인갑을의료재단 갑을장유병원,8,20260801004845,055-310-6119,,,,,,,,,,,,,,,,,,,1,,,,,,,,,,,,,,,,Y,,,,,,,Y,N1,,,N1,Y,N1,29,N1,,N1,Y,,4,N1,9,,1,,,,,,,,,,,,,,,,,,,4,,,,,1,1,,1,,,,,,,,210,,,,,,,,,,,,,,,,,Y,N1,A2800014,18
2026-08-01 00:53:18,data_go_kr,경상남도,A2800094,의료법인 이도의료재단 남해병원,6,20260801004454,055-860-6630,N,N,,,,,,,,,,,,,,,,,1,,1,,,,,,,,,,,,N,N,Y,,,,N,,,Y,N,,,N,Y,N,74,N,,N,Y,,2,N,,,,,,,,,,,,,,,,,,,,,,,,,,,,,,,,,,,,,,,,,,,,,,,,,,,,,,,N,N,A2800094,19
2026-08-01 00:53:18,data_go_kr,경상남도,A2800113,밀양병원,8,20260801005023,055-356-9119,,,,,,,,,,,,,,,,,,,,,1,,,,,,,,,,,,,,Y,,,,,,,Y,N1,,,N1,Y,N1,33,N1,,N1,Y,,0,N1,8,,,1,,,,,,,,,,,,,,,,,,0,,,,,1,1,,1,,,,,,,,200,,,,,,,,,,,,,,,,,Y,N1,A2800113,20
2026-08-01 00:53:18,data_go_kr,경상남도,A2800068,의료법인승연의료재단 삼천포서울병원,9,20260801004802,055-830-9019,,,,,,,,,,,,,,,,,,,,,1,,,,,,,,,,,,,,Y,,,,Y,,,Y,Y,,,N1,Y,N1,47,N1,,N1,Y,,3,Y,9,,,1,,,,,,,,,,,,,,,,,,3,,,,,1,2,1,4,,,,,,,1,287,,,,,,,,,,,,,,,,,Y,N1,A2800068,21
2026-08-01 00:53:18,data_go_kr,경상남도,A2800101,삼천포제일병원,8,20260801004627,055-830-3099,,,,,,,,,,,,,,,,,,,,,2,,,,,,,,,,,,,,Y,,,,,,,Y,N1,,,N1,Y,N1,67,N1,,N1,Y,,2,N,8,,,2,,,,,,,,,,,,,,,,,,2,,,,,1,1,,1,,,,,,,1,214,,,,,,,,,,,,,,,,,Y,N1,A2800101,22
2026-08-01 00:53:18,data_go_kr,경상남도,E2800380,산청군보건의료원,5,20260801005001,055-970-7582,,,,,,,,,,,,,,,,,,,,,1,,,,,,,,,,,,,,,,,,,,,Y,N1,,,N1,N1,N1,20,N1,,N1,N1,,,N1,5,,,1,,,,,,,,,,,,,,,,,,,,,,,,,,1,,,,,,,,20,,,,,,,,,,,,,,,,,Y,N1,E2800380,23
2026-08-01 00:53:18,data_go_kr,경상남도,A2804593,양산성모병원,11,20260801005022,055-912-9785,,,,,,,,,,,,,,,,,,,1,,,,,,,,,,,,,,,,Y,,,,,,,Y,N1,,,N1,Y,N1,132,N1,4,N1,Y,,4,N1,13,,1,,,,,,,,,,,,,,6,,,,,4,,,,,1,2,,1,,,,,,,,214,,,,,,,,,,,,,,,,,Y,N1,A2804593,24
2026-08-01 00:53:18,data_go_kr,경상남도,A2800019,베데스다복음병원,8,20260801005035,055-781-9911,,,,,,,,,,,,,,,,,,,,,1,,,,,,,,,,,,,,Y,,,,,,,Y,N1,,,N1,Y,N1,50,N1,,N1,Y,,3,N1,9,,,1,,,,,,,,,,,,,,,,,,3,,,,,1,1,,1,,,,,,,,133,,,,,,,,,,,,,,,,,Y,N1,A2800019,25
2026-08-01 00:53:18,data_go_kr,경상남도,A2800090,의령병원,3,20260801004909,055-573-6806,,,,,,,,,,,,,,,,,,,,,1,,,,,,,,,,,,,,Y,,,,,,,Y,N1,,,N1,Y,N1,29,N1,,N1,N1,,,N1,4,,,1,,,,,,,,,,,,,,,,,,,,,,,1,,,1,,,,,,,,58,,,,,,,,,,,,,,,,,Y,N1,A2800090,26
2026-08-01 00:53:18,data_go_kr,경상남도,A2800084,반도병원,7,20260801004501,055-749-0200,,,,,,,,,,,,,,,,,,,,,1,,,,,,,,,,,,,,Y,,,,,,,Y,N1,,,N1,Y,N1,70,N1,,N1,Y,,3,N1,7,,,1,,,,,,,,,,,,,,,,,,3,,,,,1,1,,3,,,,,,,,165,,,,,,,,,,,,,,,,,Y,N1,A2800084,27
2026-08-01 00:53:18,data_go_kr,경상남도,A2800015,의료법인 문병욱의료재단 진주고려병원,10,20260801004905,055-751-2525,,,,,,,,,,,,,,,,,,,,,1,,,,,,,,,,,,,,Y,,,,Y,,,Y,Y,,,N1,Y,N1,63,N1,8,N1,Y,,4,Y,10,,,1,,,,,,,,,,,,,9,,,,,4,,,,,2,2,1,4,,,,,,,1,229,,,,,,,,,,,,,,,,,Y,N1,A2800015,28
2026-08-01 00:53:18,data_go_kr,경상남도,A2800037,진주복음병원,8,20260801005037,055-749-7119,,,,,,,,,,,,,,,,,,,,,1,,,,,,,,,,,,,,Y,,,,,,,Y,N1,,,N1,Y,N1,41,N1,,N1,N,,3,N1,9,,,1,,,,,,,,,,,,,,,,,,3,,,,,1,1,,1,,,,,,,,131,,,,,,,,,,,,,,,,,N,N1,A2800037,29
2026-08-01 00:53:18,data_go_kr,경상남도,A2800062,태황의료재단한성병원,6,20260801005031,055-530-5119,,,,,,,,,,,,,,,,,,,,,1,,,,,,,,,,,,,,,,,,,,,Y,N1,,,N1,N1,N1,43,N1,,N1,N1,,,N1,9,,,1,,,,,,,,,,,,,,,,,,,,,,,,,,,,,,,,,,167,,,,,,,,,,,,,,,,,N1,N1,A2800062,30
2026-08-01 00:53:18,data_go_kr,경상남도,A2800025,경상남도마산의료원,11,20260801005001,055-249-1119,,,,,,,,,,,,,,,,,,,1,,1,,,,,2,,,,,,22,,,Y,,,,,,,Y,N1,,,Y,Y,N1,77,N1,4,N1,Y,,4,N1,13,,1,1,,,,,,,,,,,,,6,2,,,,5,,,27,,1,1,,17,,,2,,,,,263,,,,,,,,,,,,,,,,,Y,N1,A2800025,31
2026-08-01 00:53:18,data_go_kr,경상남도,A2800009,의료법인청아의료재단청아병원,5,20260801004900,055-230-1700,,,,,,,,,,,,,,,,,,,,,1,,,,,,,,,,,,,,Y,,,,,,,Y,N1,,,N1,Y,N1,67,N1,,N1,Y,,4,N1,9,,,1,,,,,,,,,,,,,,,,,,4,,,,,2,2,,4,,,,,,,,274,,,,,,,,,,,,,,,,,Y,N1,A2800009,32
2026-08-01 00:53:18,data_go_kr,경상남도,A2800021,연세에스병원,9,20260801004642,055-548-7789,,,,,,,,,,,,,,,,,,,,,1,,,,,,,,,,,,,,Y,,,,Y,,,Y,Y,,,N1,Y,N1,110,N1,4,N1,Y,,3,N1,9,,,1,,,,,,,,,,,,,10,,,,,3,,,,,2,2,1,5,,,,,,,,255,,,,,,,,,,,,,,,,,Y,N1,A2800021,33
2026-08-01 00:53:18,data_go_kr,경상남도,A2800092,새통영병원,8,20260801005019,055-640-4119,,,,,,,,,,,,,,,,,,,,,1,,,,,,,,,,,,,,Y,,,,,,,Y,N1,,,N1,Y,N1,60,N1,,N1,Y,,3,N1,9,,,1,,,,,,,,,,,,,,,,,,3,,,,,1,2,,3,,,,,,,,256,,,,,,,,,,,,,,,,,Y,N1,A2800092,34
2026-08-01 00:53:18,data_go_kr,경상남도,A2800080,함양성심병원,4,20260801004636,055-964-4322,,,,,,,,,,,,,,,,,,,,,1,,,,,,,,,,,,,,Y,,,,,,,Y,N1,,,N1,Y,N1,11,N1,,N1,Y,,2,N1,4,,,1,,,,,,,,,,,,,,,,,,2,,,,,1,1,,1,,,,,,,,121,,,,,,,,,,,,,,,,,Y,N1,A2800080,35
2026-08-01 00:53:18,data_go_kr,경상남도,A2800055,삼성합천병원,4,20260801005001,070-5125-5030,,,,,,,,,,,,,,,,,,,,,1,,,,,,,,,,,,,,Y,,,,,,,Y,N1,,,N1,Y,N1,13,N1,,N1,Y,,2,N1,4,,,1,,,,,,,,,,,,,,,,,,2,,,,,1,1,,1,,,,,,,,141,,,,,,,,,,,,,,,,,Y,N1,A2800055,36
2026-08-01 00:53:18,data_go_kr,경상남도,A2800057,의료법인 생명사랑의료재단 밀양윤병원,10,20250813224008,,,,,,,,,,,,,,,,,,,,1,,2,,,,,,,,,,,,,,Y,,,,Y,,,Y,Y,,,Y,Y,N1,51,N1,,N1,Y,,3,N1,10,,1,2,,,,,,,,,,,,,,,,,,3,,,,,1,1,1,1,,,2,,,,,183,,,,,,,,,,,,,,,,,Y,N1,A2800057,37
2026-08-01 00:53:18,data_go_kr,경상남도,A2800012,근로복지공단 창원병원,4,20220601080900,055-280-0400,,,,,,,,,,,,,,,,,,,1,,1,,,,,1,,,,,,,,,Y,,,,,,,Y,N1,,,N1,Y,N1,51,N1,3,N1,Y,,3,N1,4,,1,1,,,,,,,,,,,,,4,1,,,,3,,,,,1,1,,1,,,,,,,,112,,,,,,,,,,,,,,,,,Y,N1,A2800012,38
2026-08-01 00:53:18,data_go_kr,제주특별자치도,A2900001,제주한라병원,3,20260801005413,064-740-5159,Y,Y,,,,,1,1,,,4,,,,,,,3,2,,3,6,,,,,17,,10,2,,,Y,,Y,,2,6,Y,,10,Y,Y,,,Y,Y,Y,152,Y,10,Y,Y,4,5,N1,15,3,2,3,14,,,7,,,,,,20,,,15,,30,,40,6,2,,,2,3,2,3,46,3,8,9,4,2,,,414,,,,,4,2,,4,,,,,,,2,6,Y,Y,A2900001,1
2026-08-01 00:53:18,data_go_kr,제주특별자치도,A2900002,제주특별자치도서귀포의료원,13,20260801005001,064-730-3001,,Y,,,,,,,,,,,,,,,,1,1,,4,2,,,,3,3,,,,1,,Y,,Y,,,,Y,,,Y,Y,,,Y,Y,N1,169,N1,13,Y,Y,,4,Y,16,4,1,4,2,,,,,,,,,,,,17,3,3,,,4,,26,,1,2,1,1,16,,4,3,,,,1,326,,,,,,,,,,,,,,,,,Y,N1,A2900002,2
2026-08-01 00:53:18,data_go_kr,제주특별자치도,A2900007,제주대학교병원,2,20260801005000,,Y,Y,,,,,,,,0,,,,,,,,,1,6,5,,2,,3,,,,,,4,2,Y,,Y,,,,Y,,,Y,Y,,,Y,Y,Y,90,Y,,Y,Y,11,12,N1,20,,1,5,,12,12,16,3,,,,,,6,,,,,,,12,,20,9,3,2,2,4,45,8,17,10,5,3,,,458,,,,,,,,,,,,,,,,,Y,Y,A2900007,3
2026-08-01 00:53:18,data_go_kr,제주특별자치도,A2900005,한마음병원,10,20260801004845,064-750-9119,,,,,,,,,,,,,,,,,,,1,,2,2,,,,,0,,,,,,,,Y,,,,Y,,,Y,Y,,,Y,Y,N1,80,N1,1,N1,Y,,4,N1,17,,1,2,2,,,,,,,,,,,,10,,3,,,4,,,,,1,1,1,6,,,2,,,,,213,,,,,,,,,,,,,,,,,Y,N1,A2900005,4
2026-08-01 00:53:18,data_go_kr,제주특별자치도,A2900006,의료법인중앙의료재단중앙병원,6,20260801004942,064-786-7777,,,,,,,,,,,,,,,,,,1,1,,2,,,,,,,,,,,,,,Y,,,,Y,,,Y,Y,,,Y,Y,Y,113,N1,8,N1,Y,,3,N1,16,1,1,2,,,,,,,,,,,,,16,,,,,3,,,,,1,1,2,10,,,2,1,,,,281,,,,,,,,,,,,,,,,,Y,N1,A2900006,5
2026-08-01 00:53:18,data_go_kr,제주특별자치도,A2900003,의료법인 혜인의료재단 한국병원,6,20260801004954,064-750-0160,,,,,,,,,,,,,,,,,,,,,0,,,,,,,,,,,,,,Y,,,,,,,Y,N1,,,N1,Y,N1,38,N1,0,N1,Y,,3,N1,9,,,1,,,,,,,,,,,,,10,,,,,3,,,,,1,1,,6,,,,,,,,209,,,,,,,,,,,,,,,,,Y,N1,A2900003,6
2026-08-01 02:17:39,data_go_kr,서울특별시,A1100043,강동경희대학교병원,5,20260801021517,02-440-7000,Y,Y,,,,,3,,,,,,,,,0,,3,2,,1,8,,,,,2,,,,,0,Y,N,Y,,,,Y,,,Y,Y,,,Y,Y,Y,139,Y,8,Y,Y,2,17,N,15,3,2,3,19,,,17,,,,,,,,,27,,30,,,17,,,1,8,2,2,3,32,9,13,4,1,1,0,0,625,,,,,3,,,,,,,,2,,,,Y,Y,A1100043,1
2026-08-01 02:17:39,data_go_kr,서울특별시,A1100014,고려대학교의과대학부속구로병원,17,20260801021450,02-2626-1550,Y,Y,2,,,,,,,0,,,,,,,,3,,4,,4,,,,4,2,,,,4,2,Y,,Y,,,,Y,,,Y,Y,,,Y,Y,Y,106,Y,14,Y,Y,-1,24,N1,29,3,,,20,20,10,23,,,,,,,,,35,10,30,,,24,,18,4,2,6,6,4,98,11,35,15,10,3,,,778,5,,,,,,,,,,,,,,,,Y,Y,A1100014,2
2026-08-01 02:17:39,data_go_kr,서울특별시,A1100013,한양대학교병원,13,20260801021259,02-2290-8284,Y,Y,4,7,,,1,2,,2,,,,,,,,3,,2,,6,,,,2,8,,,,1,0,Y,,Y,,,,Y,,,Y,Y,,,Y,Y,Y,200,Y,0,Y,Y,2,16,Y,20,3,,,22,12,13,25,,,,,,,,,0,2,30,,,16,,16,2,1,3,2,3,69,10,20,11,4,3,,1,670,4,8,,,2,5,,,,,,,,,,,Y,Y,A1100013,3
2026-08-01 02:17:39,data_go_kr,서울특별시,A1100008,학교법인고려중앙학원고려대학교의과대학부속병원(안암병원),16,20260801021404,02-920-5374,Y,Y,2,7,,,2,,,0,,,,,,,,4,,3,,6,,,2,1,12,,,,4,0,Y,,Y,,,,Y,,,Y,Y,,,Y,Y,Y,109,Y,,Y,Y,-2,25,N1,30,4,,,15,16,19,17,,,,,,,9,,,6,31,,,25,,10,3,4,7,6,8,84,14,20,11,8,7,,,777,2,7,,,6,,,,,,,,,,,,Y,Y,A1100008,4
2026-08-01 02:17:39,data_go_kr,서울특별시,A1100005,이화여자대학교의과대학부속목동병원,13,20260801021054,02-2650-5911,Y,Y,,,,,0,1,,0,,,,,,,,8,2,7,4,3,,,,0,6,,,,4,4,Y,,Y,5,,,Y,,,Y,Y,,,Y,Y,Y,108,Y,,Y,Y,18,12,N1,19,8,2,4,19,10,13,28,,,,14,,,,,,4,32,,,13,,10,9,2,4,4,4,58,10,34,9,3,5,,,526,,,,,1,1,,,,,,,,,,,Y,Y,A1100005,5
2026-08-01 02:17:39,data_go_kr,서울특별시,A1100017,서울대학교병원,-1,20260801021541,02-2072-2475,Y,Y,,,1,1,1,0,,1,,0,0,,1,,,8,2,4,4,11,8,1,6,8,18,6,,,4,5,Y,Y,Y,0,,,Y,,,Y,Y,4,2,Y,Y,Y,275,Y,,Y,Y,5,53,N1,24,10,2,4,17,10,18,40,22,2,10,5,,,8,10,,28,30,6,,53,,41,7,4,13,13,14,160,19,46,22,9,3,1,,1365,,,1,1,2,1,,,0,0,,8,,,,,Y,Y,A1100017,6
2026-08-01 02:17:39,data_go_kr,서울특별시,A1100035,서울특별시서울의료원,7,20260801021500,02-2276-7000,Y,Y,,,,,1,3,1,1,,,,,,,,3,2,,2,3,,,,,13,,,,18,1,Y,Y,Y,1,,,Y,,,Y,Y,,,Y,Y,Y,90,Y,0,Y,Y,3,10,Y,19,3,2,3,14,7,,3,,,,6,,,,,5,,28,,,10,,30,3,4,5,3,5,65,5,12,7,2,4,1,2,461,,,,,2,4,2,,,,,,,,,,Y,Y,A1100035,7
2026-08-01 02:17:39,data_go_kr,서울특별시,A1100015,연세대학교의과대학강남세브란스병원,14,20260801021140,02-2019-3333,Y,Y,,,,,,,,,,,,,,,,2,0,,2,,,,4,,,,,,,5,Y,,Y,6,,,Y,,,Y,Y,,,Y,Y,Y,118,Y,10,Y,Y,1,23,N1,21,2,1,2,,,,28,,,,12,,,8,,29,,,,,23,,,5,1,4,3,6,47,10,23,6,3,5,,,691,,,,,,,,,,,,,,,,,Y,Y,A1100015,8
2026-08-01 02:17:39,data_go_kr,서울특별시,A1100010,삼성서울병원,-11,20260801021441,02-3410-2060,Y,Y,,,,,,,,11,,,,,,,,1,2,15,1,,4,,3,2,,,,,3,13,Y,,Y,3,,,Y,,,Y,Y,,15,Y,Y,Y,192,Y,14,Y,Y,4,53,N1,52,4,2,2,,30,23,59,15,,,12,,,12,36,14,2,,,,53,,27,18,8,19,16,15,117,22,43,21,11,2,,,1533,,,,,,,,,,,,,,,,,Y,Y,A1100010,9
2026-08-01 02:17:39,data_go_kr,서울특별시,A1100028,성심의료재단강동성심병원,7,20260801021439,02-2224-2358,Y,Y,,,,,,,,0,,,,,,,2,,1,,6,,,,,3,,,,,,0,Y,,Y,,,,Y,,,Y,Y,,,Y,Y,Y,147,Y,-1,Y,Y,2,13,N1,15,,1,6,,18,,3,,,,,,,,,19,5,,,,13,,,2,1,4,2,5,35,3,3,8,3,1,,,566,,,,,,,,,,,,,,2,,,Y,Y,A1100028,10
2026-08-01 02:17:39,data_go_kr,서울특별시,A1100053,한국보훈복지의료공단중앙보훈병원,17,20260801021358,02-2225-1100,,,,,,,,,,8,,,,,,,,,1,8,2,0,,,2,1,0,,,,34,2,N,,Y,4,,,Y,,,Y,Y,,,Y,Y,Y,165,N1,,N1,Y,,13,N1,22,,1,2,2,14,14,,,,,13,,,10,,,1,3,,,13,,60,7,1,3,4,4,38,,,10,1,,,,820,,,,,,,,,,,,,,,,,Y,N1,A1100053,11
2026-08-01 02:17:39,data_go_kr,서울특별시,A1120796,이화여자대학교의과대학부속서울병원,8,20260801021149,02-6986-5119,Y,Y,,,,,,,,1,,,,,,,,7,2,10,6,,,,5,1,,,,,,2,Y,,Y,2,,,Y,,,Y,Y,,5,Y,Y,Y,187,Y,0,Y,Y,3,18,N1,14,9,2,6,,10,17,24,,,,17,,,11,19,11,7,,,,19,,,4,2,5,5,8,71,9,22,12,4,5,,,732,,,,,,,,,,,,,,,,,Y,Y,A1120796,12
2026-08-01 02:17:39,data_go_kr,서울특별시,A1100041,의료법인서울효천의료재단에이치플러스양지병원,17,20260801021511,070-4665-9119,,,,,,,,,,,,,,,,,,,1,,2,,,,,1,,,,,,2,,,Y,,,,Y,,,Y,Y,,,Y,Y,Y,42,Y,1,N1,Y,,7,N1,18,,1,2,,,,,,,,,,,,,20,1,,,,7,,,3,,2,3,3,23,,,4,1,1,,,301,,,,,,,,,,,,,,,,,Y,N1,A1100041,13
2026-08-01 02:17:39,data_go_kr,서울특별시,A1100002,건국대학교병원,8,20260801021235,02-2030-5555,Y,Y,,,,,,,,1,,,,,,,,4,1,14,2,,,,,0,,,,,11,0,Y,,Y,,,,Y,,,Y,Y,,,Y,Y,Y,196,Y,,Y,Y,0,21,N1,20,4,1,2,,24,25,16,,,,,,,,,,1,,,,21,,14,3,2,4,4,5,45,7,18,7,3,14,,,678,,,,,,,,,,,,,,,,,Y,Y,A1100002,14
2026-08-01 02:17:39,data_go_kr,서울특별시,A1100016,인제대학교상계백병원,10,20260801021208,02-950-1119,Y,Y,,,,,,,,0,,,,,,,4,,1,4,2,,,,,2,,,,,4,0,Y,,Y,,,,Y,,,Y,Y,,,Y,Y,Y,80,Y,,Y,Y,2,13,N1,16,,1,2,,19,18,15,,,,,,,,,,4,,,,13,,5,2,2,3,2,3,36,10,25,10,3,1,,,390,,,,,,,,,,,,,,4,,,Y,Y,A1100016,15
2026-08-01 02:17:39,data_go_kr,서울특별시,A1100048,노원을지대학교병원,16,20260801021102,02-970-8282,Y,Y,,,,,,,,4,,,,,,,,,1,5,4,,,,,0,,,,,4,1,Y,,Y,,0,0,Y,,,Y,Y,,,Y,Y,Y,221,N1,,Y,Y,1,11,N1,17,,1,4,,16,16,10,,,,,,,,,,2,,,,11,,21,1,3,2,2,2,26,8,19,3,1,,,,479,,,,,,,,,,,,,,,0,0,Y,Y,A1100048,16
2026-08-01 02:17:39,data_go_kr,서울특별시,A1100020,의료법인한전의료재단한일병원,14,20260801021503,02-901-3119,N,N,,,,,,,,,,,,,,,,2,2,,2,0,,,,0,2,,,,,2,,Y,Y,,,,Y,,,Y,Y,,,Y,Y,N1,78,Y,1,N,Y,,8,Y,21,2,2,2,2,,,,,,,,,,,,21,1,3,,,8,,,5,,2,1,2,25,1,4,2,,4,2,2,389,,,,,,,,,,,,,,,,,Y,N,A1100020,17
2026-08-01 02:17:39,data_go_kr,서울특별시,A1100001,경희대학교병원,8,20260801021529,02-958-8114,Y,Y,,,,,,,,,,,,,,,,3,2,,3,,,,,,,,,,12,9,Y,,Y,4,,,Y,,,Y,Y,,,Y,Y,Y,163,Y,28,Y,Y,2,16,N1,15,3,2,3,,,,14,,,,15,,,,,73,,,,,16,,20,10,3,3,3,5,48,6,12,8,3,2,,,657,,,,,,,,,,,,,,,,,Y,Y,A1100001,18
2026-08-01 02:17:39,data_go_kr,서울특별시,A1100021,삼육서울병원,12,20260801021122,02-2210-3566,,N,,,,,,,,,,,,,,,3,,1,,1,2,,,,1,1,,,,,3,Y,,Y,,,,Y,,,Y,Y,,,Y,Y,Y,91,Y,5,N,Y,4,5,Y,13,,1,2,2,,,4,,,,,,,,,15,1,3,,,5,,,4,2,1,1,2,20,,4,5,2,1,,1,389,,,,,,,,,,,,,,4,,,Y,N1,A1100021,19
2026-08-01 02:17:39,data_go_kr,서울특별시,A1100040,서울특별시보라매병원,25,20260801021500,02-870-2119,Y,Y,,,,,,,,5,,,,,,,,2,1,11,-1,,,,3,4,,,,,7,0,Y,,Y,,,,Y,,,Y,Y,,,Y,Y,Y,228,Y,,Y,Y,0,14,N1,31,3,2,1,,15,16,14,,,,,,,4,,,4,,,,14,,14,3,4,6,3,5,48,14,13,5,9,2,,,695,,,,,,,,,,,,,,,,,Y,Y,A1100040,20
2026-08-01 02:17:39,data_go_kr,서울특별시,A1100003,중앙대학교병원,11,20260801021508,02-6299-1338,Y,Y,0,0,,,0,,,2,,,,,4,,,3,2,1,3,5,,,,3,,,,,4,1,Y,,Y,,,,Y,,,Y,Y,,,Y,Y,Y,184,Y,,Y,Y,0,16,N1,22,4,2,3,12,12,17,25,,,,,,,,,,11,,,,16,,24,2,2,4,3,4,51,9,21,13,6,12,,,631,0,0,,,1,,,,,,,4,,,,,Y,Y,A1100003,21
2026-08-01 02:17:39,data_go_kr,서울특별시,A1100007,연세대학교의과대학세브란스병원,16,20260801021422,02-2227-7777,Y,Y,,,1,1,,,,8,,,,,,,,2,1,10,2,,5,2,13,2,,2,,,0,0,Y,Y,Y,1,,,Y,,,Y,Y,7,4,Y,Y,Y,315,Y,6,Y,Y,10,2,N1,39,8,1,3,,29,24,52,22,2,10,29,,,23,17,18,5,,6,,2,,20,30,8,16,16,17,206,55,61,21,16,21,1,,1872,,,1,1,,,,,,,,,,,,,Y,Y,A1100007,22
2026-08-01 02:17:39,data_go_kr,서울특별시,A1100012,학교법인가톨릭학원가톨릭대학교서울성모병원,3,20260801021511,02-2258-2370,Y,Y,1,3,1,1,,,,7,,,,,,,,5,,13,,,0,1,4,11,,1,,,14,4,Y,,Y,4,,,Y,,,Y,Y,,6,Y,Y,Y,181,Y,1,Y,Y,9,32,N1,28,7,,,,22,22,50,3,2,,19,,,10,8,5,18,,6,,32,,35,10,2,9,10,8,80,40,39,11,9,4,,,1059,1,5,1,1,,,,,,,,,,,,,Y,Y,A1100012,23
2026-08-01 02:17:39,data_go_kr,서울특별시,A1100009,재단법인아산사회복지재단서울아산병원,2,20260801021315,02-3010-3333,Y,Y,,,2,1,1,2,,3,,,,,,,,-1,1,2,6,2,3,0,5,12,2,0,,,4,6,Y,,Y,5,,,Y,,,Y,Y,1,0,Y,Y,Y,226,Y,4,Y,Y,7,3,Y,36,11,1,22,2,24,37,61,26,2,13,12,,,12,12,12,47,4,6,,4,,28,8,8,21,15,17,190,33,49,30,14,5,,1,2089,,,2,1,1,6,,,,,,,,,,,Y,Y,A1100009,24
2026-08-01 02:17:39,data_go_kr,서울특별시,A1100011,가톨릭대학교여의도성모병원,15,20260801021510,02-3779-1199,,,,,,,,,,4,,,,,,,,,1,1,4,,,,,1,,,,,,1,Y,,Y,3,,,Y,,,Y,Y,,,Y,Y,Y,79,Y,,N1,Y,,13,N1,15,,1,4,,11,9,,,,,9,,,,,,1,,,,13,,,1,2,2,2,2,23,,,5,2,2,,,330,,,,,,,,,,,,,,,,,Y,N1,A1100011,25
2026-08-01 02:17:39,data_go_kr,서울특별시,A1100055,한림대학교강남성심병원,16,20260801021209,02-829-5119,Y,Y,,,,,,,,0,,,,,,,,3,1,8,4,,,,4,3,,,,,,,Y,,Y,,,,Y,,,Y,Y,,,Y,Y,Y,159,Y,,Y,Y,0,14,N1,20,3,1,4,,21,25,12,,,,,,,10,,,7,,,,14,,,,3,3,3,3,54,21,22,13,3,2,,,496,,,,,,,,,,,,,,,,,Y,Y,A1100055,26
2026-08-01 02:17:39,data_go_kr,서울특별시,A1100054,성애의료재단성애병원,10,20260801021448,02-840-7115,Y,Y,,,,,,,,,,,,,,,,,1,,4,,,,,1,,,,,,,Y,,Y,,,,Y,,,Y,Y,,,Y,Y,N1,41,N1,5,Y,Y,4,5,N1,15,,1,4,,,,4,,,,,,,,,19,1,,,,5,,,,2,2,2,1,8,5,14,2,,,,,252,,,,,,,,,,,,,,,,,Y,Y,A1100054,27
2026-08-01 02:17:39,data_go_kr,서울특별시,A1100004,순천향대학교부속서울병원,12,20260801021522,02-709-9117,Y,Y,,,,,,,,,,,0,,0,,0,2,1,,2,1,,,,0,3,,,,9,2,Y,,Y,,,,Y,,,Y,Y,,,Y,Y,Y,143,Y,7,Y,Y,0,14,N1,20,4,1,2,2,,,13,,,,,,,,,43,10,3,,,14,,21,4,7,3,3,4,51,8,17,14,5,3,,,597,,,,,,,,,,0,,0,,0,,,Y,Y,A1100004,28
2026-08-01 02:17:39,data_go_kr,서울특별시,A1121013,가톨릭대학교은평성모병원,6,20260801021509,02-1811-7755,Y,Y,,,,,,,,0,,,,,,,,8,2,0,2,,,,1,0,,,,,,0,Y,,Y,0,,,Y,,,Y,Y,,,Y,Y,Y,142,Y,,Y,Y,6,19,N1,24,8,2,2,,16,9,19,,,,13,,,12,,,4,,,,19,,,5,1,4,3,5,46,19,22,10,5,20,,,651,,,,,,,,,,,,,,,,,Y,Y,A1121013,29
2026-08-01 02:17:39,data_go_kr,서울특별시,A1100006,강북삼성병원,4,20260801021533,02-2001-1000,Y,Y,,,,,,,,,,,,,,,,2,1,1,2,,,,,2,,,,,6,2,Y,,Y,4,,,Y,,,Y,Y,,2,Y,Y,Y,51,Y,3,Y,Y,-1,16,N1,15,2,1,2,,,4,7,,,,12,,,,8,24,5,,,,16,,18,3,1,5,4,6,54,13,14,8,4,3,,,526,,,,,,,,,,,,,,,,,Y,Y,A1100006,30
2026-08-01 02:17:39,data_go_kr,서울특별시,A1100052,국립중앙의료원,15,20260801021304,02-2276-2114,N,Y,,,,,,,,,,312,,,12312,2867,1231,3,2,0,2,118,,,,12312,121,,23075,12312,,12310,Y,,Y,,231,23123,Y,,3,Y,Y,,,Y,Y,Y,786,Y,12308,Y,Y,,12312,N1,15,3,2,3,123,,0,,,,,,,23,,,12312,12312,123,,23131,12312,12312,,12312,12312,1231,2312,3123,123,12312,23123,1231,123,23123,,,1231,,,,,,,,,312,,,12312,3123,1231,231,23123,Y,N,A1100052,31
2026-08-01 02:17:39,data_go_kr,서울특별시,A1100036,부민병원,9,20260801021151,02-2620-0119,,Y,,,,,,,,,,,,,,,,,1,,,,,,,0,,,,,,0,Y,,Y,,,,Y,,,Y,Y,,,Y,Y,Y,20,N1,8,Y,Y,,8,N1,10,,1,,,,,,,,,,,,,,14,1,,,,8,,,3,1,3,3,1,22,,1,2,1,,,,282,,,,,,,,,,,,,,,,,Y,N1,A1100036,32
2026-08-01 02:17:39,data_go_kr,서울특별시,A1100051,혜민병원,8,20260801021521,02-2049-9119,,,,,,,,,,,,,,,,,,,1,,,,,,,,,,,,,,,,Y,,,,,,,Y,N1,,,Y,Y,N1,20,N1,8,N1,Y,,5,N1,9,,1,,,,,,,,,,,,,,19,,,,,5,,,,,2,2,,16,,,2,,,,,205,,,,,,,,,,,,,,,,,Y,N1,A1100051,33
2026-08-01 02:17:39,data_go_kr,서울특별시,A1100026,구로성심병원,7,20260801021444,02-2067-1515,,,,,,,,,,,,,,,,,,,,,1,,,,,,,,,,,,,,Y,,,,,,,Y,N1,,,N1,Y,N1,44,N1,3,N1,Y,,3,N1,9,,,1,,,,,,,,,,,,,11,,,,,3,,,,,1,1,,5,,,,,,,,191,,,,,,,,,,,,,,,,,Y,N1,A1100026,34
2026-08-01 02:17:39,data_go_kr,서울특별시,A1100049,희명병원,7,20260801021534,02-809-0122,,,,,,,,,,,,,,,,,,,,,1,,,,,,,,,,,,,,Y,,,,,,,Y,N1,,,Y,Y,Y,128,N1,1,N1,Y,,4,N1,10,,,1,,,,,,,,,,,,,19,,,,,4,,,,,1,1,,9,,,1,1,,,,228,,,,,,,,,,,,,,,,,Y,N1,A1100049,35
2026-08-01 02:17:39,data_go_kr,서울특별시,A1100027,한국원자력의학원원자력병원,9,20260801021415,02-970-2620,,Y,,,,,,,,,,,,,,,1,,1,,1,,,,,1,,,,,,1,Y,,Y,,,,Y,,,Y,Y,,,Y,Y,N1,217,N1,6,Y,Y,,10,N1,9,,1,1,,,,,,,,,,,,,10,1,,,,10,,,1,1,4,2,1,16,,2,1,,,,,444,,,,,,,,,,,,,,1,,,Y,N1,A1100027,36
2026-08-01 02:17:39,data_go_kr,서울특별시,A1100022,서울특별시동부병원,8,20260801021520,02-920-9119,,Y,,,,,,,,,,,,,,,,,1,,1,,,,,1,,,,,,,Y,,Y,,,,,,,Y,N1,,,Y,Y,N1,23,N1,0,Y,Y,,3,N1,8,,1,1,,,,,,,,,,,,,8,1,,,,3,,,,1,1,1,,7,,1,1,,,,,195,,,,,,,,,,,,,,,,,Y,N1,A1100022,37
2026-08-01 02:17:39,data_go_kr,서울특별시,A1100050,서울성심병원,16,20260731184746,02-966-1616,,,,,,,,,,,,,,,,,,,1,,2,,,,,,,,,,,,,,Y,,,,,,,Y,N1,,,N1,Y,N1,70,N1,7,N1,Y,,4,N1,17,,1,2,,,,,,,,,,,,,10,,,,,6,,,,,1,1,,11,,,,,,,,208,,,,,,,,,,,,,,,,,Y,N1,A1100050,38
2026-08-01 02:17:39,data_go_kr,서울특별시,A1100025,의료법인동신의료재단동신병원,7,20260801021431,02-396-9161,N,N,,,,,,,,,,,,,,,,,,,1,,,,,,,,,,,,N,N,Y,,,,N,,,Y,N,,,Y,Y,N,45,N,4,N,Y,,3,N,9,,,1,,,,,,,,,,,,,9,,,,,3,,,,0,1,1,0,7,0,0,1,0,0,0,0,196,,,,,,,,,,,,,,,,,Y,N,A1100025,39
2026-08-01 02:17:39,data_go_kr,서울특별시,A1122033,기쁨병원,2,20260801021537,02-570-1212,,,,,,,,,,,,,,,,,,,,,1,,,,,,,,,,,,,,Y,,,,Y,,,Y,Y,,,N1,Y,N1,60,N1,,N1,Y,,8,N1,4,,,1,,,,,,,,,,,,,,,,,,8,,,,,2,2,1,1,,,,,,,,110,,,,,,,,,,,,,,,,,Y,N1,A1122033,40
2026-08-01 02:17:39,data_go_kr,서울특별시,A1100039,경찰병원,3,20260801021502,02-3400-1300,,,,,,,,,,,,,,,,,1,,1,,,,,,,2,,,,,,2,,,Y,,,,,,,Y,N1,,,Y,Y,N1,136,N1,14,N1,Y,,7,N1,3,,1,,,,,,,,,,,,,,14,2,,,,7,,,2,,2,3,,10,,,2,,,,,187,,,,,,,,,,,,,,1,,,Y,N1,A1100039,41
2026-08-01 02:17:39,data_go_kr,서울특별시,A1100019,홍익병원,6,20260801021359,02-2600-0777,,,,,,,,,,,,,,,,,,,,,1,,,,,0,,,,,,1,,,Y,,,,Y,,,Y,Y,,,N,Y,N1,71,N1,5,N1,Y,,4,N1,9,,,1,,,,,,,,,,,,,14,1,,,,4,,,1,,4,2,2,7,,,1,,,,,251,,,,,,,,,,,,,,,,,Y,N1,A1100019,42
2026-08-01 02:17:39,data_go_kr,서울특별시,A1100223,서울특별시서남병원,16,20260801021000,02-6300-9129,,,,,,,,,,,,,,,,0,,,1,,2,1,,,,1,1,,,,,4,,,Y,,,,,,,Y,N1,,,Y,Y,Y,44,Y,8,N1,Y,,4,N1,17,,1,2,2,,,,,,,,,,,,17,1,3,,,4,,,4,,2,1,,16,,,1,1,1,,,275,,,,,,,,,,,,,0,,,,Y,N1,A1100223,43
2026-08-01 02:17:39,data_go_kr,서울특별시,A1100024,명지성모병원,8,20260801021406,02-829-7800,,,,,,,,,,,,,,,,,,,1,,1,,,,,1,,,,,,,,,Y,,,,Y,,,Y,Y,,,N1,Y,N1,86,N1,5,N1,Y,,3,N1,8,,1,1,,,,,,,,,,,,,12,1,,,,3,,,,,1,3,2,7,,,,,,,,212,,,,,,,,,,,,,,,,,Y,N1,A1100024,44
2026-08-01 02:17:39,data_go_kr,서울특별시,A1100037,대림성모병원,8,20260801021521,02-829-9129,,,,,,,,,,,,,,,,,,,,,2,,,,,,,,,,,,,,Y,,,,,,,Y,N1,,,N1,Y,N1,36,N1,,N1,Y,,4,N1,8,,,2,,,,,,,,,,,,,,,,,,4,,,,,1,1,,1,,,,,,,,113,,,,,,,,,,,,,,,,,Y,N1,A1100037,45
2026-08-01 02:17:39,data_go_kr,서울특별시,A1100045,씨엠병원,9,20260801020001,070-4698-7811,,,,,,,,,,,,,,,,,,,,,1,,,,,,,,,,,,,,Y,,,,,,,Y,N1,,,N1,Y,N1,48,N1,,N1,Y,,5,N1,9,,,1,,,,,,,,,,,,,,,,,,5,,,,,2,2,,6,,,,,,,,110,,,,,,,,,,,,,,,,,Y,N1,A1100045,46
2026-08-01 02:17:39,data_go_kr,서울특별시,A1100023,의료법인청구성심병원,9,20260801021416,02-383-0129,,,,,,,,,,,,,,,,,,,,,1,,,,,,,,,,,,,,Y,,,,,,,Y,N1,,,N1,Y,N1,19,N1,4,N1,Y,,3,N1,10,,,1,,,,,,,,,,,,,6,,,,,3,,,,,1,1,,4,,,,,,,,196,,,,,,,,,,,,,,,,,Y,N1,A1100023,47
2026-08-01 02:17:39,data_go_kr,서울특별시,A1100029,서울적십자병원,9,20260801021339,02-2002-8888,,,,,,,,,,,,,,,,,,,1,,,,,,,,,,,,,,,,Y,,,,,,,Y,N1,,,Y,Y,N1,74,N1,8,N1,Y,,6,N1,10,,1,,,,,,,,,,,,,,12,,,,,6,,,,,1,1,,11,,,2,,,,,260,,,,,,,,,,,,,,,,,Y,N1,A1100029,48
2026-08-01 02:17:39,data_go_kr,서울특별시,A1100032,세란병원,9,20260801021305,02-737-0181,,,,,,,,,,,,,,,,,,,,,1,,,,,,,,,,,,,,Y,,,,,,,Y,N1,,,N1,Y,N1,20,N1,,N1,Y,,13,N1,10,,,1,,,,,,,,,,,,,,,,,,13,,,,,3,5,,3,,,,,,,,205,,,,,,,,,,,,,,,,,Y,N1,A1100032,49
2026-08-01 02:17:39,data_go_kr,서울특별시,A1100075,의료법인풍산의료재단동부제일병원,7,20260801021027,02-490-8880,,,,,,,,,,,,,,,,,,,,,1,,,,,,,,,,,,,,Y,,,,,,,Y,N1,,,N1,Y,N1,16,N1,,N1,N,,2,N1,7,,,1,,,,,,,,,,,,,,,,,,2,,,,,1,1,,3,,,,,,,,124,,,,,,,,,,,,,,,,,Y,N1,A1100075,50
2026-08-01 02:17:39,data_go_kr,서울특별시,A1100044,녹색병원,2,20260731231001,02-490-2113,,,,,,,,,,,,,,,,,,,1,,4,,,,,3,,,,,,1,Y,,Y,,,,,,,Y,N1,,,Y,Y,N1,85,N1,5,N1,Y,,3,N1,5,,1,4,,,,,,,,,,,,,17,3,,,,3,,,3,1,2,1,,22,,,1,,,,,293,,,,,,,,,,,,,,,,,Y,N1,A1100044,51
2026-08-01 02:17:39,data_go_kr,서울특별시,A1100030,의료법인성화의료재단대한병원,5,20210602182749,02-905-9110,,,,,,,,,,,,,,,,,,,,,,,,,,,,,,,,,,,Y,,,,Y,,,Y,Y,,,N1,Y,N1,54,N1,6,N1,Y,,3,N1,7,,,,,,,,,,,,,,,,16,,,,,3,,,,,1,1,1,6,,,,,,,,189,,,,,,,,,,,,,,,,,Y,N1,A1100030,52
2026-08-01 02:17:39,data_go_kr,서울특별시,A1100047,강남고려병원,10,20180503175041,02-874-7227,,,,,,,,,,,,,,,,,,,,,,,,,,,,,,,,,,,N,,,,,,,Y,N1,,,N1,N,N1,73,N1,7,N1,N1,,3,N1,10,,,,,,,,,,,,,,,,7,,,,,3,,,,,0,,,0,,,,,,,,148,,,,,,,,,,,,,,,,,N,N1,A1100047,53
2026-08-01 02:17:39,data_go_kr,서울특별시,A1100038,한림대학교한강성심병원,30,20191119122409,02-2639-5555,,,,,,,,,,,,,,,,,,,,,,,,,,1,3,,,,,,,Y,Y,,,,Y,8,,Y,Y,,,Y,Y,Y,6,Y,8,N1,Y,,5,N1,30,,,,,,,,,,,,14,,,,9,1,30,,,5,,,,,2,1,1,28,,,6,1,1,1,,146,,,,,,,,,,,,,,,,,Y,N1,A1100038,54
2026-08-01 02:17:39,data_go_kr,서울특별시,A1100152,은평연세병원,6,20180706100009,02-388-0119,,,,,,,,,,,,,,,,,,,,,,,,,,,,,,,,,,,Y,,,,,,,Y,N1,,,N1,Y,N1,,N1,,N1,Y,,4,N1,6,,,,,,,,,,,,,,,,,,,,,4,,,,,1,1,,1,,,,,,,,,,,,,,,,,,,,,,,,,Y,N1,A1100152,55
2026-08-01 02:17:39,data_go_kr,부산광역시,A1200003,동아대학교병원,25,20260801021210,051-240-5300,Y,Y,2,6,,,,1,1,,,,,,,,,3,,,,10,,,2,4,8,,,,8,1,Y,,Y,0,,,Y,,,Y,Y,5,4,Y,Y,Y,137,Y,8,Y,Y,5,18,N1,26,3,,,16,,,20,,,8,13,,,11,7,18,6,30,,,18,,18,3,4,5,3,4,76,11,30,16,4,4,,,738,2,6,,,,4,1,,,,,,,,,,Y,Y,A1200003,1
2026-08-01 02:17:39,data_go_kr,부산광역시,A1200022,인제대학교 해운대백병원,20,20260801021245,051-797-0135,Y,Y,,,,,2,1,,7,,,,,,,,1,2,7,3,7,,,,0,11,,,,,1,Y,Y,Y,,,,Y,,,Y,Y,,,Y,Y,Y,104,Y,,Y,Y,0,22,N1,29,3,2,3,12,28,27,23,,,,,,,,,,2,30,,,22,,,7,2,5,3,4,72,8,40,17,9,11,1,,710,,,,,5,3,,,,,,,,,,,Y,Y,A1200022,2
2026-08-01 02:17:39,data_go_kr,부산광역시,A1200018,대동병원,11,20260801021518,051-550-9391,,,,,,,,,,,,,,,,,,3,1,,2,,,,,0,,,,,,1,,,Y,,,,Y,,,Y,Y,,,Y,Y,N1,40,N1,5,N1,Y,,6,N1,15,3,1,2,,,,,,,,,,,,,21,1,,,,6,,,1,,2,1,1,10,,,1,,,,,401,,,,,,,,,,,,,,,,,Y,N1,A1200018,3
2026-08-01 02:17:39,data_go_kr,부산광역시,A1200020,의료법인 온그룹의료재단 온병원,16,20260801021521,051-607-0139,,,,,,,,,,,,,,,,,,,1,,2,,,,,1,,,,,,5,,,Y,,,,Y,,,Y,Y,,,Y,Y,N1,143,N1,7,N1,Y,,9,Y,20,,1,2,,,,,,,,,,,,,23,1,,,,9,,,6,,4,2,2,7,,,1,,,,1,585,,,,,,,,,,,,,,,,,Y,N1,A1200020,4
2026-08-01 02:17:39,data_go_kr,부산광역시,A1200001,인제대학교부산백병원,11,20260801021518,051-890-5995,Y,Y,,,,,,,,5,,,,,,,,,1,0,2,,,,2,0,,,,,3,2,Y,,Y,0,,,Y,,,Y,Y,,,Y,Y,Y,188,Y,5,Y,Y,2,17,Y,18,,1,2,,19,18,35,,,,12,,,6,,10,1,,,,17,,20,8,4,5,3,6,68,19,38,16,3,7,,2,691,,,,,,,,,,,,,,,,,Y,Y,A1200001,5
2026-08-01 02:17:39,data_go_kr,부산광역시,A1200005,의료법인 은성의료재단 좋은삼선병원,12,20260801021454,051-310-9119,,,,,,,,,,,,,,,,,3,1,1,,2,,,,1,0,,,,,,2,,,Y,0,,,Y,,,Y,Y,,,Y,Y,N1,8,N1,3,N1,Y,,7,N1,13,1,1,2,,,,,,,,5,,,4,,19,2,,,,7,,,2,,2,2,2,11,,,1,,,,,375,,,,,,,,,,,,,,3,,,Y,N1,A1200005,6
2026-08-01 02:17:39,data_go_kr,부산광역시,A1200004,고신대학교복음병원,14,20260801021359,051-990-6200,Y,Y,1,3,,,,,,4,,,,,,,,,,4,,0,,,8,7,2,,,,14,1,Y,,Y,6,,,Y,,,Y,Y,4,,Y,Y,Y,137,Y,,Y,Y,15,13,Y,25,,,,2,12,7,18,,,5,13,,,16,,,7,3,,,13,,14,1,7,3,3,5,53,13,19,14,3,1,,1,682,1,4,,,,,,,,,,,,,,,Y,Y,A1200004,7
2026-08-01 02:17:39,data_go_kr,부산광역시,A1200002,부산대학교병원,10,20260801021500,051-240-7776,Y,Y,,,,,0,,,1,,,,0,0,0,,3,1,,2,0,,,,2,3,,33,2,5,4,Y,,Y,0,1,12,Y,,19,Y,Y,,,Y,Y,Y,441,Y,6,Y,Y,2,26,N,17,3,1,2,2,10,,20,,,,0,,42,,,24,4,3,,82,26,2,19,10,12,9,6,8,95,15,17,21,9,18,,1,901,,,,,2,,,,,,0,0,0,,2,12,Y,Y,A1200002,8
2026-08-01 02:17:39,data_go_kr,부산광역시,A1200007,비에이치에스한서병원,15,20260801021547,051-998-1119,,,,,,,,,,,,,,,,,,,1,,2,2,,,,,3,,,,,,,,Y,,,,Y,,,Y,Y,,,Y,Y,Y,70,N1,2,N1,Y,,4,N1,17,,1,2,2,,,,,,,,,,,,14,,3,,,4,,,,,1,1,2,11,,,1,1,,,,285,,,,,,,,,,,,,,,,,Y,N1,A1200007,9
2026-08-01 02:17:39,data_go_kr,부산광역시,A1200028,(의)서일의료재단기장병원,9,20260801021458,051-723-2119,,,,,,,,,,,,,,,,,,,,,1,,,,,,,,,,,,,,Y,,,,,,,Y,N1,,,N1,Y,N1,30,N1,,N1,Y,,3,N1,9,,,1,,,,,,,,,,,,,,,,,,3,,,,,1,1,,1,,,,,,,,154,,,,,,,,,,,,,,,,,Y,N1,A1200028,10
2026-08-01 02:17:39,data_go_kr,부산광역시,A1200015,동남권원자력의학원원자력병원,9,20260801021304,051-720-5911,,,,,,,,,,,,,,,,,,,1,,,,,,,,,,,,,,,,Y,,,,Y,,,Y,Y,,,Y,Y,Y,79,N1,7,N1,Y,,8,N1,9,,1,,,,,,,,,,,,,,12,,,,,8,,,,,2,2,2,12,,,1,0,,,,261,,,,,,,,,,,,,,,,,Y,N1,A1200015,11
2026-08-01 02:17:39,data_go_kr,부산광역시,A1200013,부산성모병원(재단법인 천주교부산교구유지재단),9,20260801021210,051-933-7119,Y,Y,,,,,,,,,,,,,,,4,4,1,,,,,,,2,,,,,,1,,,Y,,,,,,,Y,N1,,,Y,Y,N1,82,N1,5,Y,Y,7,7,N1,10,4,1,,,,,10,,,,,,,,,18,2,,,,7,,,2,,1,1,,6,14,13,1,,,,,373,,,,,,,,,,,,,,4,,,Y,Y,A1200013,12
2026-08-01 02:17:39,data_go_kr,부산광역시,A1200026,좋은문화병원,4,20260801021425,051-630-0909,Y,Y,,,,,,,,,,,,,,,,2,1,,2,,,,,,,,,,,1,Y,,Y,,,,,,,Y,N1,,,N1,Y,N1,29,N1,3,Y,Y,5,0,Y,7,2,1,2,,,,12,,,,,,,,,8,,,,,9,,,2,8,2,2,,3,6,17,,,,,1,270,,,,,,,,,,,,,,,,,Y,Y,A1200026,13
2026-08-01 02:17:39,data_go_kr,부산광역시,A1200017,의료법인정화의료재단 봉생기념병원,5,20260801021109,051-664-4119,,,,,,,,,,0,,,,,,,,,,0,2,,,,,,,,,,0,0,,,Y,,,,Y,,,Y,Y,,,Y,Y,N1,33,N1,,N1,Y,,8,N1,9,,,2,,11,11,,,,,,,,,,,,,,,8,,31,1,,1,2,2,11,,,4,,,,,335,,,,,,,,,,,,,,,,,Y,N1,A1200017,14
2026-08-01 02:17:39,data_go_kr,부산광역시,A1200011,동래봉생병원,6,20260801021250,051-520-5700,,,,,,,,,,,,,,,,,,,1,,1,,,,,2,,,,,,,,,Y,,,,Y,,,Y,Y,,,Y,Y,N1,22,N1,6,N1,Y,,7,N1,8,,1,1,,,,,,,,,,,,,18,2,,,,7,,,,,1,2,2,11,,,1,,,,,241,,,,,,,,,,,,,,,,,Y,N1,A1200011,15
2026-08-01 02:17:39,data_go_kr,부산광역시,A1200009,의료법인 광혜의료재단 광혜병원,9,20260801021412,051-504-2119,,,,,,,,,,,,,,,,,,,2,,1,,,,,,,,,,,0,,,Y,,,,,,,Y,N1,,,N1,Y,N1,51,N1,2,N1,Y,,3,N1,9,,2,1,,,,,,,,,,,,,9,,,,,3,,,1,,1,1,,4,,,,,,,,190,,,,,,,,,,,,,,,,,Y,N1,A1200009,16
2026-08-01 02:17:39,data_go_kr,부산광역시,A1200019,학교법인)동의병원,13,20260801021400,051-850-8777,,,,,,,,,,,,,,,,,,,,,1,,,,,,,,,,,,,,Y,,,,Y,,,Y,Y,,,Y,Y,Y,93,N1,16,N1,Y,,1,N1,14,,,1,,,,,,,,,,,,,23,,,,,5,,,,,2,2,2,7,,,2,1,,,,448,,,,,,,,,,,,,,,,,Y,N1,A1200019,17
2026-08-01 02:17:39,data_go_kr,부산광역시,A1200025,학교법인 춘해병원,7,20260801021255,051-608-0119,,,,,,,,,,,,,,,,,,,,,1,,,,,,,,,,,,,,Y,,,,,,,Y,N1,,,N1,Y,N1,49,N1,,N1,Y,,4,N1,9,,,1,,,,,,,,,,,,,,,,,,4,,,,,1,1,,3,,,,,,,,201,,,,,,,,,,,,,,,,,Y,N1,A1200025,18
2026-08-01 02:17:39,data_go_kr,부산광역시,A1200045,구포성심병원,5,20260801021432,051-330-2090,,,,,,,,,,,,,,,,,,,,,1,,,,,,,,,,,,,,Y,,,,Y,,,Y,Y,,,N1,Y,N1,7,N1,,N1,Y,,4,N1,9,,,1,,,,,,,,,,,,,,,,,,4,,,,,1,1,1,4,,,,,,,,243,,,,,,,,,,,,,,,,,Y,N1,A1200045,19
2026-08-01 02:17:39,data_go_kr,부산광역시,A1200006,의료법인 인당의료재단 부민병원,9,20260801021151,051-330-3129,,,,,,,,,,,,,,,,,,,1,,1,,,,,0,,,,,,,,,Y,,,,Y,,,Y,Y,,,Y,Y,N1,10,N1,0,N1,Y,,8,N1,10,,1,1,,,,,,,,,,,,,18,1,,,,8,,,,,2,3,1,7,,,1,,,,,366,,,,,,,,,,,,,,,,,Y,N1,A1200006,20
2026-08-01 02:17:39,data_go_kr,부산광역시,A1200016,한국보훈복지의료공단 부산보훈병원,11,20260801021302,051-601-6183,,,,,,,,,,,,,,,,,,,1,,1,,,,,1,,,,,,,,,Y,,,,Y,,,Y,Y,,,N1,Y,N1,35,N1,3,N1,Y,,7,N1,11,,1,1,,,,,,,,,,,,,9,1,,,,7,,,,,2,3,2,11,,,,,,,,452,,,,,,,,,,,,,,,,,Y,N1,A1200016,21
2026-08-01 02:17:39,data_go_kr,부산광역시,A1200021,삼육부산병원,7,20260801021314,051-600-7750,,Y,,,,,,,,,,,,,,,,,1,,,,,,,0,,,,,,,Y,,Y,,,,Y,,,Y,Y,,,Y,Y,Y,10,N1,1,Y,Y,,,N1,9,,1,,,,,,,,,,,,,,14,1,,,,,,,,1,2,1,1,9,,1,2,1,,,,302,,,,,,,,,,,,,,,,,Y,N1,A1200021,22
2026-08-01 02:17:39,data_go_kr,부산광역시,A1200008,의료법인 은성의료재단 좋은강안병원,16,20260801021523,051-610-9119,,,,,,,,,,,,,,,,,,,1,,2,0,,,,0,2,,,,,0,,,Y,,,,Y,,,Y,Y,,,Y,Y,Y,54,N1,3,N1,Y,,11,N1,18,,1,2,2,,,,,,,,,,,,28,2,4,,,11,,,3,,4,3,3,12,,,5,1,,,,531,,,,,,,,,,,,,,,,,Y,N1,A1200008,23
2026-08-01 02:17:39,data_go_kr,부산광역시,A1200098,의료법인 센텀의료재단 센텀종합병원,9,20260801021016,051-750-5119,,,,,,,,,,,,,,,,,,,,,1,,,,,1,,,,,,,,,Y,,,,Y,,,Y,Y,,,N1,Y,N1,17,N1,3,N1,Y,,9,N1,9,,,1,,,,,,,,,,,,,16,1,,,,9,,,,,2,2,1,11,,,,,,,,338,,,,,,,,,,,,,,,,,Y,N1,A1200098,24
2026-08-01 02:17:39,data_go_kr,부산광역시,A1200024,부산광역시의료원,16,20260801021437,051-607-2140,,N,,,,,,,,3,,,,,,,,,1,4,1,,,,,,,,,,5,6,N,,Y,,,,Y,,,Y,Y,,,Y,Y,N1,55,N1,,N,Y,,7,N1,18,,1,1,,13,14,,,,,,,,,,,,,,,7,,29,7,1,1,1,2,19,,2,4,,,,,348,,,,,,,,,,,,,,,,,Y,N1,A1200024,25
2026-08-01 02:17:39,data_go_kr,부산광역시,A1200012,의료법인 행도의료재단 해동병원,6,20260801021435,051-410-6688,,,,,,,,,,,,,,,,,,,1,,,,,,,,,,,,,0,,,Y,,,,,,,Y,N1,,,Y,Y,N1,32,N1,3,N1,Y,,3,Y,6,,1,,,,,,,,,,,,,,9,,,,,3,,,0,,1,1,,5,,,1,,,,12,256,,,,,,,,,,,,,,,,,Y,N1,A1200012,26
2026-08-01 02:17:39,data_go_kr,부산광역시,A1200014,영도병원,7,20260801021313,051-419-7575,,,,,,,,,,,,,,,,,,,1,,1,,,,,,,,,,,,,,Y,,,,,,,Y,N1,,,N1,Y,N1,7,N1,3,N1,Y,,3,N1,7,,1,1,,,,,,,,,,,,,10,,,,,3,,,,,1,1,,7,,,,,,,,217,,,,,,,,,,,,,,,,,Y,N1,A1200014,27
2026-08-01 02:17:39,data_go_kr,부산광역시,A1200023,재단법인천주교부산교구유지재단 메리놀병원,9,20260801021508,051-461-2300,,,,,,,,,,,,,,,,,,,,,1,,,,,0,,,,,,,Y,,Y,,,,Y,,,Y,Y,,,Y,Y,N1,45,N1,4,N1,Y,,8,N1,9,,,1,,,,,,,,,,,,,18,1,,,,8,,,,1,1,1,1,9,,,2,,,,,380,,,,,,,,,,,,,,,,,Y,N1,A1200023,28
2026-08-01 02:17:39,data_go_kr,부산광역시,A1205143,의료법인 인당의료재단 해운대부민병원,6,20260801021151,051-602-8119,,,,,,,,,,,,,,,,,,,1,,,,,,,0,,,,,,0,,,Y,,,,Y,,,Y,Y,,,Y,Y,N1,18,N1,6,N1,Y,,8,Y,9,,1,,,,,,,,,,,,,,19,2,,,,8,,,3,,2,2,1,10,,,1,,,,1,360,,,,,,,,,,,,,,,,,Y,N1,A1205143,29
2026-08-01 02:17:39,data_go_kr,부산광역시,A1200027,재단법인일신기독교선교회 일신기독병원,5,20201005065633,051-630-0415,Y,Y,,,,,,,,,,,,,,,,,,,,,,,,,,,,,,,Y,,Y,,,,,,,Y,N1,,,N1,Y,N1,108,N1,,Y,Y,5,4,N1,5,,,,,,,12,,,,,,,,,,,,,,4,,,,6,1,1,,1,5,16,,,,,,138,,,,,,,,,,,,,,,,,Y,Y,A1200027,30
2026-08-01 02:17:39,data_go_kr,부산광역시,A1200101,의료법인센텀의료재단 서부산센텀병원,6,20190319122357,051-329-3119,,,,,,,,,,,,,,,,,,,,,,,,,,,,,,,,,,,Y,,,,,,,Y,N1,,,N1,Y,N1,44,N1,,N1,Y,,5,N1,8,,,,,,,,,,,,,,,,,,,,,5,,,,,1,1,,1,,,,,,,,204,,,,,,,,,,,,,,,,,Y,N1,A1200101,31
2026-08-01 02:17:39,data_go_kr,대구광역시,A1300001,영남대학교병원,22,20260801021237,053-620-3177,Y,Y,,0,,,0,3,,3,0,,,,,,,3,2,9,3,10,,,1,6,9,,,,12,1,Y,,Y,6,,,Y,,,Y,Y,,,Y,Y,Y,158,Y,,Y,Y,1,23,Y,28,3,2,3,21,10,15,15,,,,14,,,7,,,13,30,,,23,,20,7,2,4,4,4,75,5,11,8,5,5,,1,704,,0,,,1,3,,0,,,,,,,,,Y,Y,A1300001,1
2026-08-01 02:17:39,data_go_kr,대구광역시,A1300002,경북대학교병원,18,20260801021205,053-200-5100,Y,Y,2,3,,,,,,3,,,,,,,,4,,7,,11,,,5,,29,,12,2,8,2,Y,,Y,0,2,4,Y,,4,Y,Y,2,5,Y,Y,Y,165,Y,,Y,Y,0,17,N1,25,4,,,20,7,7,15,,,6,7,,20,10,11,,,44,,40,17,2,20,5,2,5,5,5,82,8,11,11,9,5,,,570,2,3,,,,,,,,,,,,,2,6,Y,Y,A1300002,2
2026-08-01 02:17:39,data_go_kr,대구광역시,A1300004,대구가톨릭대학교병원,16,20260801021357,053-650-3000,Y,Y,,,,,,,,1,,,,,,,,,1,4,3,,,,,2,,,,,2,4,Y,Y,Y,9,,,Y,,,Y,Y,,,Y,Y,Y,284,Y,0,Y,Y,0,19,N1,24,,1,3,,15,25,42,,,,16,,,,,0,6,,,,19,,20,9,2,3,3,5,58,20,32,8,3,4,1,,704,,,,,,,,,,,,,,,,,Y,Y,A1300004,3
2026-08-01 02:17:39,data_go_kr,대구광역시,A1300003,계명대학교동산병원,3,20260801021503,053-258-6306,Y,Y,,,,,,,,1,,,,,,,,,2,1,2,,2,,,0,16,,,,3,4,Y,Y,Y,1,,,Y,,,Y,Y,7,,Y,Y,Y,193,Y,3,Y,Y,6,24,Y,20,,2,3,,11,13,39,7,,8,15,,,,,10,4,20,,,24,,20,16,6,6,5,7,56,13,37,9,4,14,1,2,769,,,,,,,,,,,,,,,,,Y,Y,A1300003,4
2026-08-01 02:17:39,data_go_kr,대구광역시,A1300009,대구파티마병원,3,20260801021500,053-940-7119,Y,Y,,,,,,,,6,,,,,,,,5,2,4,5,1,,,,3,4,,,,,,Y,,Y,7,,,Y,,,Y,Y,,,Y,Y,Y,190,Y,,Y,Y,4,17,N1,25,5,2,5,2,17,8,8,,,,12,,,,,,9,4,,,17,,,,2,5,3,4,32,11,19,5,1,1,,,539,,,,,,,,,,,,,,,,,Y,Y,A1300009,5
2026-08-01 02:17:39,data_go_kr,대구광역시,A1300010,칠곡경북대학교병원,16,20260801021506,053-200-2100,Y,Y,,,1,1,,,,7,,,,,,,,-6,1,5,3,,5,0,,4,0,3,,,10,13,Y,,Y,,,,Y,,,Y,Y,,,Y,Y,Y,212,Y,,Y,Y,1,19,N1,23,7,1,3,,10,15,39,10,2,,,,,,,,4,0,8,,19,,20,13,2,8,5,8,52,9,27,9,3,1,,,760,,,1,1,,,,,,,,,,,,,Y,Y,A1300010,6
2026-08-01 02:17:39,data_go_kr,대구광역시,A1300034,드림종합병원,6,20260801021328,053-640-8575,,,,,,,,,,,,,,,,,1,,,,1,,,,,,,,,,,,,,Y,,,,Y,,,Y,Y,,,Y,Y,Y,35,N1,,N1,N,,3,N1,8,,,1,,,,,,,,,,,,,,,,,,3,,,,,2,1,1,2,,,1,1,,,,159,,,,,,,,,,,,,,1,,,Y,N1,A1300034,7
2026-08-01 02:17:39,data_go_kr,대구광역시,A1300006,의료법인구의료재단구병원,9,20260801021517,053-557-7119,,,,,,,,,,,,,,,,,,,,,1,,,,,1,,,,,,,,,Y,,,,,,,Y,N1,,,N1,Y,N1,15,N1,7,N1,Y,,9,N1,10,,,1,,,,,,,,,,,,,18,1,,,,9,,,,,3,1,,3,,,,,,,,235,,,,,,,,,,,,,,,,,Y,N1,A1300006,8
2026-08-01 02:17:39,data_go_kr,대구광역시,A1300110,더블유병원,9,20260801021512,053-550-5019,,,,,,,,,,,,,,,,,,,,,1,,,,,,,,,,,,,,Y,,,,,,,Y,N1,,,N1,Y,N1,43,N1,,N1,N,,8,Y,10,,,1,,,,,,,,,,,,,,,,,,8,,,,,1,1,,1,,,,,,,8,431,,,,,,,,,,,,,,,,,Y,N1,A1300110,9
2026-08-01 02:17:39,data_go_kr,대구광역시,A1300011,한국보훈복지의료공단대구보훈병원,12,20260801021252,053-630-7014,,,,,,,,,,,,,,,,,,,1,,1,,,,,1,,,,,,1,,,Y,,,,Y,,,Y,Y,,,N1,Y,N1,26,N1,7,N1,Y,,6,N1,12,,1,1,,,,,,,,,,,,,13,1,,,,6,,,1,,1,3,2,9,,,,,,,,406,,,,,,,,,,,,,,,,,Y,N1,A1300011,10
2026-08-01 02:17:39,data_go_kr,대구광역시,A1300045,삼일병원,10,20260801021449,053-659-3119,,,,,,,,,,,,,,,,,,,1,,,,,,,,,,,,,,,,Y,,,,Y,,,Y,Y,,,N1,Y,N1,26,N1,,N1,N,,4,N1,14,,1,,,,,,,,,,,,,,,,,,,4,,,,,3,2,1,3,,,,,,,,299,,,,,,,,,,,,,,,,,Y,N1,A1300045,11
2026-08-01 02:17:39,data_go_kr,대구광역시,A1300038,나사렛종합병원,8,20260801021205,053-643-3119,,,,2,,,,,,,,,,,,,,,,,1,,,,,0,,,,,,,,,Y,,,,Y,,,Y,Y,,,Y,Y,N1,23,N1,5,N1,Y,,5,N1,9,,,1,,,,,,,,,,,,,28,1,,,,5,,,,,2,2,2,5,,,1,,,,,231,,9,,,,,,,,,,,,,,,Y,N1,A1300038,12
2026-08-01 02:17:39,data_go_kr,대구광역시,A1300018,강남종합병원,15,20260801021220,053-980-9018,,,,,,,,,,,,,,,,,,,1,,,,,,,,,,,,,1,,,Y,,,,,,,Y,N1,,,N1,Y,N1,42,N1,,N1,Y,,7,N1,15,,1,,,,,,,,,,,,,,,,,,,7,,,1,,2,2,,2,,,,,,,,207,,,,,,,,,,,,,,,,,Y,N1,A1300018,13
2026-08-01 02:17:39,data_go_kr,대구광역시,A1300005,대구가톨릭대학교칠곡가톨릭병원,5,20260801021201,053-320-2111,,,,,,,,,,,,,,,,,,,,,1,,,,,,,,,,,,,,Y,,,,,,,Y,N1,,,N1,Y,N1,22,N1,,N1,Y,,3,N1,9,,,1,,,,,,,,,,,,,,,,,,3,,,,,2,2,,1,,,,,,,,161,,,,,,,,,,,,,,,,,Y,N1,A1300005,14
2026-08-01 02:17:39,data_go_kr,대구광역시,A1300076,대구굿모닝병원,14,20260801021515,053-620-9119,,,,,,,,,,,,,,,,,,,1,,1,,,,,1,,,,,,,,,Y,,,,Y,,,Y,Y,,,N1,Y,N1,52,N1,11,N1,Y,,4,N1,17,,1,1,,,,,,,,,,,,,26,1,,,,4,,,,,2,4,2,13,,,,,,,,226,,,,,,,,,,,,,,,,,Y,N1,A1300076,15
2026-08-01 02:17:39,data_go_kr,대구광역시,A1300007,대구의료원,18,20260801021501,053-560-7288,,Y,,,,,,,,,,,,,,,,,1,,1,,,,,0,,,,,1,2,Y,,Y,,,,,,,Y,N1,,,N1,Y,N1,38,N1,7,Y,Y,,4,N1,18,,1,1,,,,,,,,,,,,,18,1,,,,4,,82,3,1,1,1,,13,,4,,,,,,254,,,,,,,,,,,,,,,,,Y,N1,A1300007,16
2026-08-01 02:17:39,data_go_kr,대구광역시,A1300081,(재)미리내천주성삼성직수도회천주성삼병원,6,20260801021506,053-790-0555,,,,,,,,,,,,,,,,,,,,,1,,,,,,,,,,,,,,Y,,,,,,,Y,N1,,,N1,Y,N1,8,N1,,N1,Y,,4,N1,9,,,1,,,,,,,,,,,,,,,,,,4,,,,,1,2,,4,,,,,,,,294,,,,,,,,,,,,,,,,,Y,N1,A1300081,17
2026-08-01 02:17:39,data_go_kr,대구광역시,A1300008,곽병원,8,20260801021424,053-605-3333,,,,,,,,,,,,,,,,,,,,,2,,,,,,,,,,,,,,Y,,,,,,,Y,N1,,,N1,Y,N1,0,N1,,N1,Y,,4,N1,10,,,2,,,,,,,,,,,,,,,,,,4,,,,,1,1,,2,,,,,,,,221,,,,,,,,,,,,,,,,,Y,N1,A1300008,18
2026-08-01 02:17:39,data_go_kr,대구광역시,A1303386,계명대학교대구동산병원,10,20260801021520,053-250-8481,,,,,,,,,,,,,,,,,,,1,,1,,,,,0,,,,,,,N,,Y,,,,Y,,,Y,Y,,,Y,Y,N1,52,N,0,N1,Y,,3,N1,12,,1,1,,,,,,,,,,,,,7,5,,,,3,,,,0,2,1,1,6,,,6,,0,,,196,,,,,,,,,,,,,,,,,Y,N1,A1303386,19
2026-08-01 02:17:39,data_go_kr,인천광역시,A1400001,의료법인 길의료재단 길병원,13,20260801021235,032-460-3012,Y,Y,2,2,1,1,,2,,10,,,,,2,,,8,,5,,7,,2,0,5,11,3,14,2,11,13,Y,,Y,0,2,6,Y,,3,Y,Y,,2,Y,Y,Y,303,Y,,Y,Y,0,1,Y,23,9,,,18,38,11,30,,2,,14,,20,6,4,,11,30,6,47,3,2,18,13,3,6,6,7,113,19,40,19,10,6,,1,995,2,3,1,1,,2,,,,,,3,,,2,6,Y,Y,A1400001,1
2026-08-01 02:17:39,data_go_kr,인천광역시,A1400002,인하대학교의과대학부속병원,12,20260801021526,032-890-2301,Y,Y,,,1,1,,,,15,,,,,,,,6,2,1,5,5,1,0,2,2,5,2,,,4,5,Y,Y,Y,,,,Y,,,Y,Y,,,Y,Y,Y,119,Y,11,Y,Y,0,16,Y,20,7,2,5,20,25,13,27,3,2,,,,,7,,23,3,30,6,,16,,15,7,4,6,3,5,109,17,27,13,9,7,1,2,681,,,1,1,,,,,,,,,,,,,Y,Y,A1400002,2
2026-08-01 02:17:39,data_go_kr,인천광역시,A1400010,검단탑병원,16,20260801021403,032-590-0077,,,,,,,,,,,,,,,,,,,1,,2,,,,,0,,,,,,0,,,Y,,,,Y,,,Y,Y,,,Y,Y,N1,37,N1,7,N1,Y,,6,N1,18,,1,2,,,,,,,,,,,,,15,3,,,,6,,,2,,2,2,1,11,,,1,,,,,279,,,,,,,,,,,,,,,,,Y,N1,A1400010,3
2026-08-01 02:17:39,data_go_kr,인천광역시,A1403372,인천세종병원,15,20260801021509,032-240-8119,,,,,,,,,,,,,,,,,,,3,,,1,,,,2,0,,,,,4,,,Y,,,,Y,,,Y,Y,,,Y,Y,Y,30,Y,9,N1,Y,,7,N1,18,,3,,2,,,,,,,,,,,,20,2,3,,,7,,,6,,2,2,3,13,,,4,5,1,,,274,,,,,,,,,,,,,,,,,Y,N1,A1403372,4
2026-08-01 02:17:39,data_go_kr,인천광역시,A1400014,의료법인인성의료재단한림병원,14,20260801021035,032-540-9119,,,,,,,,,,,,,,,,,,,2,,2,,,,,2,,,,,,2,Y,,Y,,,,Y,,,Y,Y,,,Y,Y,Y,31,N1,12,N1,Y,,6,N1,17,,2,2,,,,,,,,,,,,,21,2,,,,6,,,2,1,3,2,2,20,,,3,3,,,,391,,,,,,,,,,,,,,,,,Y,N1,A1400014,5
2026-08-01 02:17:39,data_go_kr,인천광역시,A1400016,인천사랑병원,8,20260801021347,032-457-2119,,Y,,,,,,,,,,,,,,,4,,1,,2,0,,,,1,0,,,,,1,Y,,Y,,,,Y,,,Y,Y,,,Y,Y,N1,14,Y,5,Y,Y,,7,N1,14,,1,2,2,,,,,,,,,,,,14,1,3,,,7,,,1,1,2,1,1,12,,1,2,,1,,,278,,,,,,,,,,,,,,4,,,Y,N1,A1400016,6
2026-08-01 02:17:39,data_go_kr,인천광역시,A1400012,가톨릭대학교 인천성모병원,7,20260801021509,032-280-6107,Y,Y,,,,,,,,8,,,,,,,,4,3,5,4,7,,,,3,,,,,,2,Y,,Y,5,,,Y,,,Y,Y,,,Y,Y,Y,105,Y,,Y,Y,0,17,N1,19,4,3,5,12,15,18,13,,,,15,,,,,,10,,,,17,,,9,1,4,4,5,53,5,14,11,5,4,,,579,,,,,,,,,,,,,,,,,Y,Y,A1400012,7
2026-08-01 02:17:39,data_go_kr,인천광역시,A1400013,안은의료재단 부평세림병원,15,20260801021536,032-509-5777,,,,,,,,,,,,,,,,,,,1,,3,2,,,,0,0,,,,,2,,,Y,,,,Y,,,Y,Y,,,Y,Y,Y,31,N1,1,N1,Y,,4,N1,16,,1,3,2,,,,,,,,,,,,11,2,3,,,4,,,2,,3,2,1,9,,,1,1,,,,234,,,,,,,,,,,,,,,,,Y,N1,A1400013,8
2026-08-01 02:17:39,data_go_kr,인천광역시,A1400015,가톨릭관동대학교국제성모병원,10,20260801021414,032-290-3065,Y,Y,3,0,,,,,,18,,,18,,,,,2,0,,0,,,,,,,,,,4,3,Y,,Y,-3,,,Y,,,Y,Y,,,Y,Y,N,206,Y,,Y,Y,,11,N1,23,3,0,0,,40,,,,,,13,,,,,,,,,,11,,11,3,2,3,2,3,34,2,11,6,2,1,,,641,5,0,,,,,,,,21,,,,,,,Y,Y,A1400015,9
2026-08-01 02:17:39,data_go_kr,인천광역시,A1400003,의료법인 루가의료재단 나은병원,11,20260801021125,032-584-4119,,Y,,,,,,,,5,,,,,,,7,,1,4,2,,,,,3,,,,,,8,Y,,Y,,,,Y,,,Y,Y,,,Y,Y,Y,105,Y,,Y,Y,,10,N1,11,,1,2,,14,13,,,,,,,,,,,3,,,,10,,,9,1,2,2,3,17,,1,3,1,1,,,367,,,,,,,,,,,,,,7,,,Y,N1,A1400003,10
2026-08-01 02:17:39,data_go_kr,인천광역시,A1400011,의료법인 나사렛의료재단 나사렛국제병원,15,20260801021530,032-899-9699,,,,,,,,,,,,,,,,,,,1,,2,2,,,,1,3,,,,,,,,Y,,,,Y,,,Y,Y,,,Y,Y,N1,50,N1,4,N1,Y,,5,N1,17,,1,2,2,,,,,,,,,,,,16,1,3,,,5,,,,,2,2,2,8,,,2,,,,,282,,,,,,,,,,,,,,,,,Y,N1,A1400011,11
2026-08-01 02:17:39,data_go_kr,인천광역시,A1403617,비에스종합병원,9,20260801021051,032-290-0119,,Y,,,,,,,,,,,,,,,,,1,,,,,,,0,,,,,,,Y,,Y,,,,Y,,,Y,Y,,,Y,Y,N1,100,N1,5,Y,N1,0,2,N1,10,,1,,,,,1,,,,,,,,,18,1,,,,2,,,,1,1,,1,6,,1,1,,,,,180,,,,,,,,,,,,,,,,,Y,N1,A1403617,12
2026-08-01 02:17:39,data_go_kr,인천광역시,A1400005,온누리병원,7,20260801021306,032-568-9112,,,,,,,,,,,,,,,,,,,1,,1,,,,,,,,,,,,,,Y,,,,,,,Y,N1,,,N1,Y,N1,36,N1,,N1,Y,,3,N1,9,,1,1,,,,,,,,,,,,,,,,,,3,,,,,1,1,,5,,,,,,,,190,,,,,,,,,,,,,,,,,Y,N1,A1400005,13
2026-08-01 02:17:39,data_go_kr,인천광역시,A1403871,인천힘찬종합병원,17,20260801021200,032-459-3168,,,,,,,,,,,,,,,,,,,1,,2,1,,,,0,4,,,,,,,,Y,,,,,,,Y,N1,,,N1,Y,N1,47,N1,2,N1,Y,,7,N1,17,,1,2,2,,,,,,,,,,,,6,1,4,,,7,,,,,2,2,,4,,,,,,,,231,,,,,,,,,,,,,,,,,Y,N1,A1403871,14
2026-08-01 02:17:39,data_go_kr,인천광역시,A1400004,현대유비스병원,18,20260801021252,032-890-5582,,,,,,,,,,,,,,,,,,,1,,,,,,,,,,,,,,,,Y,,,,Y,,,Y,Y,,,Y,Y,N1,6,N1,,N1,Y,,6,N1,19,,1,,,,,,,,,,,,,,,,,,,6,,,,,2,2,1,8,,,2,,,,,285,,,,,,,,,,,,,,,,,Y,N1,A1400004,15
2026-08-01 02:17:39,data_go_kr,인천광역시,A1400008,(의)성세의료재단 뉴성민병원,8,20260801021410,032-726-1119,,,,,,,,,,,,,,,0,,,,,,1,,,,,2,,,,,,,,,Y,,,,,,,Y,N1,,,Y,Y,N1,95,N1,14,N1,Y,,6,Y,9,,,1,,,,,,,,,,,,,17,2,,,,6,,,,,2,2,,11,,,2,,,,1,265,,,,,,,,,,,,0,,,,,Y,N1,A1400008,16
2026-08-01 02:17:39,data_go_kr,인천광역시,A1400018,인천적십자병원,8,20260801021113,032-899-4119,,,,,,,,,,,,,,,,,,,1,,1,,,,,,,,,,,,,,Y,,,,,,,Y,N1,,,N1,Y,N1,67,N1,1,N1,Y,,3,N1,8,,1,1,,,,,,,,,,,,,8,,,,,3,,,,,1,1,,2,,,,,,,,104,,,,,,,,,,,,,,,,,Y,N1,A1400018,17
2026-08-01 02:17:39,data_go_kr,인천광역시,A1400037,인천광역시의료원백령병원,5,20260801021502,032-836-1732,Y,Y,,,,,,,,,,,,,,,,,,,1,,,,,,,,,,,,,,Y,,,,,,,Y,N1,,,N1,Y,N1,30,N1,,Y,N1,,1,N1,5,,,1,,,,,,,,,,,,,,,,,,1,,,,,1,,,1,1,2,,,,,,30,,,,,,,,,,,,,,,,,Y,Y,A1400037,18
2026-08-01 02:17:39,data_go_kr,인천광역시,A1400009,인천기독병원,8,20260801021355,032-270-8300,,,,,,,,,,,,,,,,,,,,,1,,,,,,,,,,,,,,Y,,,1,,,,Y,N1,,,N1,Y,N1,32,N1,10,N1,Y,,4,N1,8,,,1,,,,,,,,,,,,,10,,,,,4,,,,,1,1,,1,,,,,,,,139,,,,,,,,,,,,,,,,1,Y,N1,A1400009,19
2026-08-01 02:17:39,data_go_kr,인천광역시,A1400017,인천광역시의료원,15,20260801021502,032-580-6119,,,,,,,,,,,,,,,,,,,2,,,,,,,0,,,,,26,7,,,Y,,,,,,,Y,N1,,,N1,Y,N1,33,N1,7,N1,Y,,6,N1,15,,2,,,,,,,,,,,,,,13,0,,,,6,,45,7,,1,1,,19,,,,,,,,198,,,,,,,,,,,,,,,,,Y,N1,A1400017,20
2026-08-01 02:17:39,data_go_kr,인천광역시,A1400007,의료법인 성수의료재단 인천백병원,5,20260801021338,032-280-8119,,,,,,,,,,,,,,,,,,,,,1,,,,,,,,,,,,,,Y,,,,,,,Y,N1,,,Y,Y,N1,45,N1,0,N1,Y,,4,N1,5,,,1,,,,,,,,,,,,,12,,,,,4,,,,,2,2,,6,,,1,,,,,189,,,,,,,,,,,,,,,,,Y,N1,A1400007,21
2026-08-01 02:17:39,data_go_kr,인천광역시,A1400032,근로복지공단인천병원,5,20200803134800,,,,,,,,,,,,,,,,,,,,1,,,,,,,2,,,,,,2,,,Y,,,,,,,Y,N1,,,N1,Y,N1,59,N1,17,N1,Y,,3,N1,5,,1,,,,,,,,,,,,,,19,2,,,,3,,,2,,1,1,,4,,,,,,,,327,,,,,,,,,,,,,,,,,Y,N1,A1400032,22
2026-08-01 02:17:39,data_go_kr,대전광역시,A1600006,학교법인건양교육재단건양대학교병원,20,20260801020941,042-600-9119,Y,Y,,0,,,1,2,4,,0,0,0,0,,0,,5,2,,3,9,,,,4,8,,,,12,3,Y,,Y,,,,Y,,,Y,Y,,,Y,Y,Y,288,Y,35,Y,Y,1,19,Y,24,5,2,3,16,,,24,,,,,,,,,59,5,28,,,20,,20,4,2,4,4,4,46,17,23,10,3,1,,1,658,,0,,,1,3,4,0,0,0,0,,0,,,,Y,Y,A1600006,1
2026-08-01 02:17:39,data_go_kr,대전광역시,A1600001,충남대학교병원,1,20260801021400,042-280-8129,Y,Y,0,0,,,,,,5,,,,,,,0,3,2,7,3,9,1,,0,6,17,,,,14,9,Y,,Y,,,,Y,,,Y,Y,,,Y,Y,Y,209,Y,2,Y,Y,7,21,N1,28,6,2,3,20,16,14,34,5,,,,,,10,,12,8,30,,,21,,26,14,5,5,4,5,76,12,36,6,8,2,,,966,0,0,,,,,,,,,,,,0,,,Y,Y,A1600001,2
2026-08-01 02:17:39,data_go_kr,대전광역시,A1600002,학교법인을지학원대전을지대학교병원,19,20260801021500,042-259-1119,Y,Y,,,,,,,,6,,0,0,-9,-5,6,3,,2,0,1,1,,,0,0,0,,4,2,7,,Y,,Y,,2,6,Y,,6,Y,Y,,,Y,Y,Y,72,Y,,Y,Y,15,14,N1,21,,2,1,2,19,19,20,,,,,,20,5,,,11,4,,40,15,2,20,,16,4,2,4,70,12,47,7,3,3,,,326,,,,,,,,,0,0,0,0,30,3,2,6,Y,Y,A1600002,3
2026-08-01 02:17:39,data_go_kr,대전광역시,A1600007,의료법인영훈의료재단유성선병원,10,20260801021134,042-609-1119,,,,,,,,,,,,,,,,,,,2,,1,,,,,1,,,,,,1,Y,,Y,,,,Y,,,Y,Y,,,Y,Y,Y,80,N1,1,N1,Y,,-4,Y,17,,2,1,,,,,,,,,,,,,19,1,,,,7,,,1,1,3,3,2,17,,,2,1,,,1,368,,,,,,,,,,,,,,,,,Y,N1,A1600007,4
2026-08-01 02:17:39,data_go_kr,대전광역시,A1600005,학교법인가톨릭학원가톨릭대학교대전성모병원,17,20260801021510,042-220-9118,Y,Y,,,,,,,,3,,,,,,,,,3,0,,,,,0,0,,,,,,3,Y,,Y,0,,,Y,,,Y,Y,0,0,Y,Y,Y,151,N1,,Y,Y,4,12,N1,19,,3,,,15,3,4,,,3,9,,,3,2,,1,,,,12,,,4,1,3,2,4,24,4,8,7,2,,,,537,,,,,,,,,,,,,,,,,Y,Y,A1600005,5
2026-08-01 02:17:39,data_go_kr,대전광역시,A1600008,의료법인영훈의료재단대전선병원,15,20260801021527,042-220-8129,,,,,,,,,,,,,,,,,,,1,,3,,,,,0,,,,,,0,Y,,Y,,,,Y,,,Y,Y,,,Y,Y,N1,32,N1,5,N1,Y,,7,N1,17,,1,3,,,,,,,,,,,,,24,1,,,,7,,,1,1,2,2,2,11,,,3,,,,,311,,,,,,,,,,,,,,,,,Y,N1,A1600008,6
2026-08-01 02:17:39,data_go_kr,대전광역시,A1600004,대전보훈병원,7,20260801021249,042-939-0100,,,,,,,,,,,,,,,,,,,1,,1,,,,,1,,,,,,1,,,Y,,,,Y,,,Y,Y,,,N1,Y,N1,60,N1,2,N1,Y,,5,N1,7,,1,1,,,,,,,,,,,,,10,1,,,,5,,,1,,1,3,1,12,,,,,,,,316,,,,,,,,,,,,,,,,,Y,N1,A1600004,7
2026-08-01 02:17:39,data_go_kr,대전광역시,A1600003,대전한국병원,7,20260801021504,042-606-1119,,Y,,,,,,,,,,,,,,,,,1,,,,,,,,,,,,,,Y,,Y,,,,Y,,,Y,Y,,,Y,Y,N1,36,N1,6,Y,Y,,4,N1,9,,1,,,,,,,,,,,,,,12,,,,,4,,,,4,2,2,2,6,,1,1,,,,,241,,,,,,,,,,,,,,,,,Y,N1,A1600003,8
2026-08-01 02:17:39,data_go_kr,대전광역시,A1602246,대청병원,6,20260801021506,042-589-0119,,,,,,,,,,,,,,,,,,,,,1,,,,,,,,,,,,,,Y,,,,,,,Y,N1,,,Y,Y,N1,110,N1,1,N1,Y,,3,N1,9,,,1,,,,,,,,,,,,,17,,,,,3,,,,,2,1,,10,,,1,,,,,245,,,,,,,,,,,,,,,,,Y,N1,A1602246,9
2026-08-01 02:17:39,data_go_kr,대전광역시,A1600009,근로복지공단대전병원,5,20250901131400,042-670-5119,,,,,,,,,,,,,,,,,,,1,,,,,,,,,,,,,,,,Y,,,,,,,Y,N1,,,N1,Y,N1,54,N1,2,N1,Y,,3,N1,5,,1,,,,,,,,,,,,,,5,,,,,3,,,,,1,1,,4,,,,,,,,212,,,,,,,,,,,,,,,,,Y,N1,A1600009,10
2026-08-01 02:17:39,data_go_kr,울산광역시,A1700004,학교법인울산공업학원울산대학교병원,17,20260801021253,052-250-7000,Y,Y,3,3,,,,0,,8,,,4,,5,,,8,0,9,0,2,,,1,6,14,,8,2,7,0,Y,,Y,,2,6,Y,,9,Y,Y,,0,Y,Y,Y,142,Y,4,Y,Y,0,20,N1,21,8,0,0,12,13,16,26,,,,,,20,6,2,8,8,36,,42,20,2,20,0,5,7,5,6,83,14,27,17,8,4,,,725,3,3,,,,8,,,,4,,5,,,2,6,Y,Y,A1700004,1
2026-08-01 02:17:39,data_go_kr,울산광역시,A1700028,의료법인정안의료재단중앙병원,13,20260801021515,052-226-1119,,,,,,,,,,,,,,,,,,,1,,2,0,,,,2,1,,,,,1,,,Y,,,,Y,,,Y,Y,,,Y,Y,N1,33,N1,1,N1,Y,,8,N1,17,,1,2,2,,,,,,,,,,,,18,2,4,,,8,,,1,,2,2,2,7,,,2,,,,,336,,,,,,,,,,,,,,,,,Y,N1,A1700028,2
2026-08-01 02:17:39,data_go_kr,울산광역시,A1700003,울산병원,18,20260801021510,052-259-5119,,,,,,,,,,,,,,,,,,,1,,2,2,,,,0,1,,,,,,,,Y,,,,Y,,,Y,Y,,,Y,Y,Y,26,Y,4,N1,Y,,4,Y,19,,1,2,2,,,,,,,,,,,,17,1,3,,,4,,,,,2,2,3,12,,,4,1,2,,2,343,,,,,,,,,,,,,,,,,Y,N1,A1700003,3
2026-08-01 02:17:39,data_go_kr,울산광역시,A1700025,의료법인송은의료재단울산시티병원,16,20260801021502,052-280-9119,,,,,,,,,,,,,,,,,,,1,,2,0,,,,2,1,,,,,,,,Y,,,,Y,,,Y,Y,,,Y,Y,N1,13,N1,6,N1,Y,,8,N1,17,,1,2,2,,,,,,,,,,,,24,3,3,,,8,,,,,2,2,2,17,,,4,,,,,347,,,,,,,,,,,,,,,,,Y,N1,A1700025,4
2026-08-01 02:17:39,data_go_kr,울산광역시,A1700002,의료법인동강의료재단동강병원,22,20260801021123,052-241-1190,,,,,,,,,,0,,,,,,,,,1,1,2,0,,,0,1,0,,,,,0,,Y,Y,,,,Y,,,Y,Y,,,Y,Y,Y,142,N1,,N1,Y,,8,N1,24,,1,2,2,14,9,,,,,,,,13,,,1,3,,,8,,,2,,3,2,4,25,,,7,5,,1,,513,,,,,,,,,,,,,,,,,Y,N1,A1700002,5
2026-08-01 02:17:39,data_go_kr,울산광역시,A1700011,의료법인은성의료재단좋은삼정병원,8,20260801021429,052-220-7600,,,,,,,,,,,,,,,,,,,,,1,,,,,0,,,,,,1,,,Y,,,,Y,,,Y,Y,,,Y,Y,N1,31,N1,0,N1,Y,,7,N1,9,,,1,,,,,,,,,,,,,14,1,,,,8,,,1,,2,2,1,5,,,1,,,,,283,,,,,,,,,,,,,,,,,Y,N1,A1700011,6
2026-08-01 02:17:39,data_go_kr,울산광역시,A1700001,서울산보람병원,7,20260801021317,052-255-7119,,,,,,,,,,,,,,,,,,,,,1,,,,,,,,,,,,,,Y,,,,,,,Y,N1,,,N1,Y,N1,74,N1,,N1,Y,,3,N1,10,,,1,,,,,,,,,,,,,,,,,,3,,,,,1,1,,1,,,,,,,,213,,,,,,,,,,,,,,,,,Y,N1,A1700001,7
2026-08-01 02:17:39,data_go_kr,울산광역시,A1700023,(의)내경의료재단울산제일병원,7,20190403094102,052-220-3334,N,,,,,,,,,,,,,,,,,,,,,,,,,,,,,,,,,,Y,,,,,,,Y,N1,,,N1,Y,N1,54,N1,,N1,Y,,3,N1,,,,,,,,,,,,,,,,,,,,,,,,,,,,,,,,,,,,,,,,,,,,,,,,,,,,,,,Y,N,A1700023,8
2026-08-01 02:17:39,data_go_kr,울산광역시,A1700010,굿모닝병원,5,20181218154723,052-259-9119,,,,,,,,,,,,,,,,,,,,,,,,,,,,,,,,,,,Y,,,,,,,Y,N1,,,N1,Y,N1,11,N1,,N1,Y,,2,N1,10,,,,,,,,,,,,,,,,,,,,,4,,,,,1,2,,1,,,,,,,,205,,,,,,,,,,,,,,,,,Y,N1,A1700010,9
2026-08-01 02:17:39,data_go_kr,울산광역시,A1701489,의료법인동강의료재단동천동강병원,10,20200601000009,052-702-3456,,,,,,,,,,,,,,,,,,,,,,,,,,,,,,,,,,,Y,,,,Y,,,Y,Y,,,N1,Y,N1,51,N1,6,N1,Y,,5,N1,10,,,,,,,,,,,,,,,,10,,,,,5,,,,,1,1,1,5,,,,,,,,241,,,,,,,,,,,,,,,,,Y,N1,A1701489,10
2026-08-01 02:17:39,data_go_kr,세종특별자치시,A1800441,세종충남대학교병원,12,20260801021400,044-995-3010,Y,Y,,,0,0,,,,,,,,,,,,0,1,,2,,,1,,1,,3,,,,4,Y,,Y,,,,Y,,,Y,Y,,,Y,Y,Y,143,Y,5,Y,Y,-2,8,N1,17,0,1,2,,,,19,,2,,,,,,,11,2,,6,,8,,,4,3,2,2,3,35,8,21,7,3,2,,,299,,,0,0,,,,,,,,,,,,,Y,Y,A1800441,1
2026-08-01 02:17:39,data_go_kr,세종특별자치시,A1800417,의료법인 영제 의료재단 엔케이세종병원,9,20260801021412,044-850-7777,,,,,,,,,,,,,,,,,,,,,1,,,,,,,,,,,,,,Y,,,,,,,Y,N1,,,N1,Y,N1,114,N1,,N1,Y,,3,N1,10,,,1,,,,,,,,,,,,,,,,,,3,,,,,1,1,,1,,,,,,,,200,,,,,,,,,,,,,,,,,Y,N1,A1800417,2
2026-08-01 02:17:39,data_go_kr,경기도,A2100042,의료법인명지의료재단명지병원,12,20260801021500,031-810-7119,Y,Y,3,1,,3,1,1,1,,0,0,0,0,0,0,,0,0,,2,8,,,,4,11,,,,0,0,Y,Y,Y,,,,Y,,,Y,Y,,,Y,Y,Y,163,Y,15,Y,Y,3,13,Y,15,0,0,3,16,,,3,,,,,,,,,31,4,28,,,13,,0,0,2,6,3,5,49,4,5,8,5,2,1,2,443,3,2,,3,4,3,2,0,0,0,0,0,0,,,,Y,Y,A2100042,1
2026-08-01 02:17:39,data_go_kr,경기도,A2100033,국민건강보험공단일산병원,10,20260801021503,031-900-0761,Y,Y,,,,,1,,1,2,,0,0,,0,0,,2,2,4,3,5,,,2,3,7,,,,3,4,Y,,Y,,,,Y,,,Y,Y,,,Y,Y,Y,190,N1,,Y,Y,5,2,N1,23,5,2,3,19,10,16,25,,,,,,,6,,,11,29,,,2,,28,4,2,4,3,3,60,8,28,13,5,,,,659,,,,,1,,1,,0,0,,0,0,,,,Y,Y,A2100033,2
2026-08-01 02:17:39,data_go_kr,경기도,A2100005,순천향대학교부속부천병원,8,20260801021121,032-621-5117,Y,Y,2,3,,,,,,7,,0,,0,0,,,4,0,6,0,11,,,,5,18,,,,,2,Y,Y,Y,,,4,Y,,,Y,Y,,,Y,Y,Y,219,Y,12,Y,Y,0,21,Y,17,5,0,0,20,16,15,24,,,,,,,,,22,8,34,,,21,,,7,1,4,3,5,71,9,31,17,4,3,1,1,674,2,3,,,,,,,0,,0,0,,,,5,Y,Y,A2100005,3
2026-08-01 02:17:39,data_go_kr,경기도,A2100001,분당서울대학교병원,-15,20260801021300,031-787-3119,Y,Y,,,,,,2,,1,,,5,9,,,,2,1,0,3,2,0,,3,0,10,,,,2,3,Y,,Y,3,,1,Y,,,Y,Y,,,Y,Y,Y,339,Y,3,Y,Y,0,38,N1,30,5,2,3,15,13,13,35,6,,,10,,,9,,8,1,30,,,39,,15,3,3,11,11,11,128,17,39,16,8,8,,,1247,,,,,,5,,,,5,9,,,,,2,Y,Y,A2100001,4
2026-08-01 02:17:39,data_go_kr,경기도,A2100030,차의과학대학교분당차병원,7,20260801021424,031-780-5840,Y,Y,2,3,1,1,0,0,,1,,,0,,0,,0,4,,3,,3,,2,1,1,11,6,,,11,,Y,,Y,0,,,Y,,,Y,Y,,,Y,Y,Y,145,Y,,Y,Y,8,26,N1,22,11,,,14,8,9,35,,2,,7,,,6,,,4,43,6,,26,,22,,8,5,3,4,40,26,46,6,2,2,,,726,2,3,1,1,2,2,,,,0,,1,,0,,,Y,Y,A2100030,5
2026-08-01 02:17:39,data_go_kr,경기도,A2100002,아주대학교병원,15,20260801021147,031-219-7777,Y,Y,2,0,1,0,,0,,0,,,,0,0,,0,6,0,1,0,5,,1,1,0,18,1,5,3,7,6,Y,,Y,4,2,6,Y,,5,Y,Y,2,4,Y,Y,Y,100,Y,,Y,Y,1,25,N1,30,9,0,0,16,14,10,36,,2,6,13,,40,7,11,,3,42,6,60,25,3,20,8,3,8,6,9,126,27,34,32,9,7,,,792,2,6,1,4,,2,,,,,0,0,,0,2,6,Y,Y,A2100002,6
2026-08-01 02:17:39,data_go_kr,경기도,A2100003,고려대학교의과대학부속안산병원,11,20260801021323,031-412-5381,Y,Y,2,2,,,0,,,0,,,,,,,,4,,13,1,7,,,3,0,18,,,,8,4,Y,,Y,,,,Y,,,Y,Y,,,Y,Y,Y,122,Y,0,Y,Y,-1,20,N1,22,4,,3,18,10,13,25,,,,,,,10,,6,3,30,,,20,,16,10,2,3,4,4,66,15,19,8,5,3,,,605,2,3,,,2,,,,,,,,,,,,Y,Y,A2100003,7
2026-08-01 02:17:39,data_go_kr,경기도,A2100004,한림대학교성심병원,13,20260801021256,031-380-1500,Y,Y,0,5,,,0,,,0,,,,,,,,2,2,0,4,3,,,,2,23,,,,8,2,Y,Y,Y,,,,Y,,,Y,Y,0,1,Y,Y,Y,132,Y,,Y,Y,8,19,N1,25,3,2,4,19,27,16,9,,,8,,,,,18,,3,30,,,19,,20,14,2,4,3,6,102,8,10,20,14,2,1,,608,0,5,,,1,,,,,,,,,,,,Y,Y,A2100004,8
2026-08-01 02:17:39,data_go_kr,경기도,A2100040,가톨릭대학교의정부성모병원,25,20260801021509,031-820-5200,Y,Y,,,,,0,0,,,,,,,,,,11,2,,4,3,,,0,0,20,,4,2,,,Y,,Y,,2,6,Y,,5,Y,Y,,,Y,Y,Y,162,Y,1,Y,Y,-3,13,N1,42,11,2,4,18,,,15,,,,,,20,6,,26,4,30,,53,13,2,,,3,4,3,4,54,10,28,12,4,3,,,519,,,,,1,1,,,,,,,,,2,6,Y,Y,A2100040,9
2026-08-01 02:17:39,data_go_kr,경기도,A2100047,동국대학교일산불교병원,12,20260801021513,031-961-7777,Y,Y,,,,,,,,3,,,,,,,3,3,1,4,3,1,,,,1,3,,,,11,0,Y,,Y,,,,Y,,,Y,Y,,,Y,Y,Y,170,Y,,Y,Y,11,12,N1,19,3,1,3,2,15,12,13,,,,,,,,,,4,3,,,12,,15,0,8,2,2,2,19,13,25,4,2,1,,,460,,,,,,,,,,,,,,3,,,Y,Y,A2100047,10
2026-08-01 02:17:39,data_go_kr,경기도,A2100038,인제대학교일산백병원,22,20260801021247,031-910-7114,N,N,,,,,,,,3,,,,,,,,,3,1,3,,,,,0,,,,,3,0,Y,,Y,,,,Y,,,Y,Y,,0,Y,Y,Y,200,Y,,N,Y,,17,N1,34,,3,3,,25,32,,,,,,,,,4,,4,,,,17,,16,2,3,3,3,4,54,18,22,7,3,1,,,556,,,,,,,,,,,,,,,,,Y,N,A2100038,11
2026-08-01 02:17:39,data_go_kr,경기도,A2118788,중앙대학교광명병원,20,20260801021507,02-2222-1351,Y,Y,0,0,,,,,,,,,,,,,,,1,,2,,,,2,1,,,,,,2,Y,,Y,,,,Y,,,Y,Y,1,,Y,Y,Y,147,Y,7,Y,Y,0,16,N1,21,,1,2,,,,16,,,5,,,,5,,24,6,,,,17,,,2,2,2,2,5,28,6,16,5,4,10,,,576,0,0,,,,,,,,,,,,,,,Y,Y,A2118788,12
2026-08-01 02:17:39,data_go_kr,경기도,A2100007,광명성애병원,7,20260801021454,02-2680-7116,Y,Y,,,,,,,,,,,,,,11,,4,1,,3,,,,,1,,,,,,,Y,,Y,,,,Y,,,Y,Y,,,Y,Y,N1,35,N1,8,Y,Y,,5,N1,11,4,1,4,,,,,,,,,,,,,13,1,,,,5,,,,2,2,2,1,12,2,5,1,,,,,189,,,,,,,,,,,,,50,,,,Y,Y,A2100007,13
2026-08-01 02:17:39,data_go_kr,경기도,A2100155,참조은병원,8,20260801021316,031-881-9119,,,,,,,,,,,,,,0,0,,6,1,1,,3,,,,,3,,,,,,1,,,Y,,,,Y,,,Y,Y,,,Y,Y,N1,19,Y,1,N1,Y,,7,N1,9,1,1,3,,,,,,,,,,,,,22,3,,,,7,,,2,,3,3,2,18,,,3,,2,,,286,,,,,,,,,,,0,0,,6,,,Y,N1,A2100155,14
2026-08-01 02:17:39,data_go_kr,경기도,A2100039,한양대학교구리병원,14,20260801021259,1644-9118,Y,Y,,,,,,,,0,,,,,,,,,1,5,4,,,,,,,,,,,4,Y,,Y,,,,Y,,,Y,Y,,,Y,Y,Y,114,Y,,Y,Y,1,9,N1,18,,1,4,,17,14,10,,,,,,,,,,,,,,9,,,5,1,3,2,3,21,6,14,4,2,2,,,488,,,,,,,,,,,,,,,,,Y,Y,A2100039,15
2026-08-01 02:17:39,data_go_kr,경기도,A2100054,효산의료재단지샘병원,17,20260801021053,031-389-3119,,,,,,,,,,,,,,,,,1,,2,,1,,,,,1,,,,,,0,,,Y,,,,Y,,,Y,Y,,,Y,Y,N1,66,N1,8,N1,Y,,5,N1,18,,2,1,,,,,,,,,,,,,18,1,,,,5,,,2,,2,1,3,11,,,2,,,,,367,,,,,,,,,,,,,,1,,,Y,N1,A2100054,16
2026-08-01 02:17:39,data_go_kr,경기도,A2100048,원광대학교산본병원,13,20260801021355,031-390-2345,,,,,,,,,,,,,,,,,,,1,,2,,,,,,,,,,,,Y,,Y,,,,Y,,,Y,Y,,,Y,Y,N1,77,N1,5,N1,Y,,5,N1,17,,1,2,,,,,,,,,,,,,12,,,,,5,,,,1,1,1,1,1,,,2,,,,,188,,,,,,,,,,,,,,,,,Y,N1,A2100048,17
2026-08-01 02:17:39,data_go_kr,경기도,A2100053,의료법인우리의료재단김포우리병원,18,20260801021433,031-999-1119,,,,,,,,,,,,,,0,0,0,,,1,,6,,,,,0,,,,,,4,,,Y,,,,Y,,,Y,Y,,,Y,Y,Y,50,Y,0,N1,Y,,7,N1,22,,1,6,,,,,,,,,,,,,36,1,,,,7,,,11,,2,2,2,48,,,4,1,2,,,477,,,,,,,,,,,0,0,0,,,,Y,N1,A2100053,18
2026-08-01 02:17:39,data_go_kr,경기도,A2100006,의료법인인봉의료재단뉴고려병원,12,20260801021207,031-980-9119,,,,,,,,,,,,,,,,,3,,1,,2,,,,,2,,,,,,,,,Y,,,,Y,,,Y,Y,,,Y,Y,N1,72,N1,0,N1,Y,,6,N1,14,,1,2,,,,,,,,,,,,,24,10,,,,6,,,,,2,2,2,7,,,1,,,,,278,,,,,,,,,,,,,,3,,,Y,N1,A2100006,19
2026-08-01 02:17:39,data_go_kr,경기도,A2100041,남양주한양병원,16,20260801021459,031-510-0119,,,,,,,,,,,,,,,,,,,1,,2,2,,,,9,1,,,,,,,,Y,,,,Y,,,Y,Y,,,Y,Y,N1,76,N1,3,N1,Y,,,Y,17,,1,2,4,,,,,,,,,,,,15,20,4,,,,,,,,2,2,1,33,,,2,,,,1,240,,,,,,,,,,,,,,,,,Y,N1,A2100041,20
2026-08-01 02:17:39,data_go_kr,경기도,A2100037,현대병원,15,20260801021514,031-574-0114,,,,,,,,,,,,,,,,,,,1,,2,,,,,2,,,,,,,,,Y,,,,Y,,,Y,Y,,,Y,Y,N1,64,Y,4,N1,Y,,7,N1,17,,1,2,,,,,,,,,,,,,19,20,,,,7,,,,,2,2,2,50,,,17,,2,,,342,,,,,,,,,,,,,,,,,Y,N1,A2100037,21
2026-08-01 02:17:39,data_go_kr,경기도,A2100055,부천세종병원,16,20260801021510,032-340-1119,Y,Y,,,,,,,,,,,,,,,,,1,,2,1,,,,1,0,,,,,1,Y,,Y,,,,Y,,,Y,Y,,,Y,Y,Y,75,Y,2,Y,Y,,6,N1,17,,1,2,2,,,,,,,,,,,,20,2,3,,,6,,,6,1,2,1,5,18,1,1,5,4,1,,,268,,,,,,,,,,,,,,,,,Y,Y,A2100055,22
2026-08-01 02:17:39,data_go_kr,경기도,A2100052,가톨릭대학교부천성모병원,26,20260801021508,032-340-2100,Y,Y,,,,,,,,3,,,,,,,3,,2,1,1,,,,,0,,,,,,0,Y,,Y,4,,,Y,,,Y,Y,,,Y,Y,Y,158,Y,,Y,Y,9,14,N1,31,,2,1,,16,12,10,,,,18,,,,,,4,,,,14,,,4,3,3,3,3,28,4,14,11,1,2,,,562,,,,,,,,,,,,,,3,,,Y,Y,A2100052,23
2026-08-01 02:17:39,data_go_kr,경기도,A2100025,대진의료재단분당제생병원,9,20260801021500,031-779-0119,Y,Y,,,,,,,,5,,,7,,,,,3,1,7,2,,,,,2,,,,,,0,Y,Y,Y,,,,Y,,,Y,Y,,,Y,Y,Y,133,Y,,Y,Y,2,9,N1,24,3,1,2,,11,14,3,,,,,,,,,,4,,,,9,,,2,2,4,3,3,22,1,5,5,2,3,1,,484,,,,,,,,,,7,,,,,,,Y,Y,A2100025,24
2026-08-01 02:17:39,data_go_kr,경기도,A2116806,성남시의료원,15,20260801021501,031-738-7300,,,,,,,,,,,,,,,,,,6,2,16,4,,,,,2,,,,,,28,,,Y,,,,Y,,,Y,Y,,,Y,Y,Y,70,Y,,N1,Y,,8,Y,17,6,2,4,,,25,,,,,,,,,,,5,,,,8,,,28,,3,2,2,31,,,6,3,1,,2,241,,,,,,,,,,,,,,,,,Y,N1,A2116806,25
2026-08-01 02:17:39,data_go_kr,경기도,A2117135,의료법인명인의료재단화홍병원,13,20260801020844,031-8021-6829,Y,,,,,,,,,,,,,,,,,,2,,3,,,,,0,,,,,,,,,Y,,,,,,,Y,N1,,,N1,Y,Y,55,N1,13,N1,Y,,6,Y,15,,2,3,,,,,,,,,,,,,29,1,,,,6,,,,,2,2,,4,1,,,1,,,1,228,,,,,,,,,,,,,,,,,Y,Y,A2117135,26
2026-08-01 02:17:39,data_go_kr,경기도,A2100009,의료법인녹산의료재단동수원병원,10,20260801021152,031-210-0119,,Y,,,,,,,,,,,,,,,,,1,,2,1,,,,0,2,,,,,1,Y,,Y,,,,Y,,,Y,Y,,,Y,Y,N1,43,N1,7,Y,Y,,5,N1,17,,1,2,2,,,,,,,,,,,,18,3,4,,,5,,,1,1,2,2,1,15,,4,1,,,,,335,,,,,,,,,,,,,,,,,Y,N1,A2100009,27
2026-08-01 02:17:39,data_go_kr,경기도,A2100012,가톨릭대학교성빈센트병원,23,20260801021508,031-249-7370,Y,Y,,,1,1,,,,6,,,,,,,,6,2,4,1,3,,2,5,2,,4,,,4,1,Y,,Y,9,,,Y,,,Y,Y,,0,Y,Y,Y,214,Y,,Y,Y,3,19,N1,28,6,2,2,4,20,11,18,,2,,15,,,8,8,,5,,6,,19,,30,11,2,5,4,6,52,7,18,12,4,4,,,658,,,1,1,,,,,,,,,,,,,Y,Y,A2100012,28
2026-08-01 02:17:39,data_go_kr,경기도,A2100008,의료법인남촌의료재단시화병원,9,20260801021229,031-5189-0567,,,,,,,,,,,,,,,,,,5,1,,5,,,,,1,,,,,,1,Y,,Y,,,,Y,,,Y,Y,,,Y,Y,Y,65,N1,18,N1,Y,,7,N1,16,5,1,5,,,,,,,,,,,,,52,1,,,,7,,,1,1,3,3,2,29,,,4,2,,,,461,,,,,,,,,,,,,,,,,Y,N1,A2100008,29
2026-08-01 02:17:39,data_go_kr,경기도,A2100017,대아의료재단한도병원,16,20260801021438,031-8040-1129,,,,,,,,,,,,,,,,,,,1,,2,,,,,0,,,,,,,,,Y,,,,Y,,,Y,Y,,,Y,Y,N1,61,N1,15,N1,Y,,6,N1,17,,1,2,,,,,,,,,,,,,29,1,,,,6,,,,,3,2,2,15,,,3,,,,,327,,,,,,,,,,,,,,,,,Y,N1,A2100017,30
2026-08-01 02:17:39,data_go_kr,경기도,A2100015,효산의료재단안양샘병원,16,20260801021421,031-467-9119,,,,,,,,,,5,,,,,,,,,1,1,2,,,,,1,,,,,,,,,Y,,,,Y,,,Y,Y,,,Y,Y,Y,62,N1,,N1,Y,,6,N1,17,,1,2,,9,9,,,,,,,,,,,1,,,,6,,,,,2,1,2,12,,,2,1,,,,307,,,,,,,,,,,,,,,,,Y,N1,A2100015,31
2026-08-01 02:17:39,data_go_kr,경기도,A2100024,오산한국병원,13,20260801021247,031-378-5119,,,,,,,,,,,,,,,,,,,1,,2,2,,,,1,3,,,,,1,,,Y,,,,Y,,,Y,Y,,,Y,Y,N1,22,Y,4,N1,Y,,5,N1,17,,1,2,2,,,,,,,,,,,,32,1,3,,,5,,,2,,2,2,2,17,,,2,,1,,,259,,,,,,,,,,,,,,,,,Y,N1,A2100024,32
2026-08-01 02:17:39,data_go_kr,경기도,A2100020,연세대학교의과대학용인세브란스병원,9,20260801021332,031-5189-9001,Y,Y,,,,,,,,3,,,,,,,,6,1,11,3,,,,,1,,,,,,2,Y,,Y,,,,Y,,,Y,Y,,,Y,Y,Y,128,Y,,Y,Y,0,15,N1,16,6,1,3,,19,16,12,,,,,,,,,,2,,,,15,,,4,2,3,3,4,31,6,18,6,3,4,,,597,,,,,,,,,,,,,,,,,Y,Y,A2100020,33
2026-08-01 02:17:39,data_go_kr,경기도,A2100029,강남병원,13,20260801021234,031-300-0119,,,,,,,,,,,,,,,,,,,1,,2,2,,,,0,2,,,,,,,,Y,,,,,,,Y,N1,,,Y,Y,N1,27,N1,11,N1,Y,,4,N1,17,,1,2,2,,,,,,,,,,,,30,1,3,,,4,,,,,2,2,,7,,,2,,,,,264,,,,,,,,,,,,,,,,,Y,N1,A2100029,34
2026-08-01 02:17:39,data_go_kr,경기도,A2100019,(의)영문의료재단다보스병원,11,20260801021433,031-8021-2130,,,,,,,,,,,,,,,,,4,,1,,2,1,,,,1,2,,,,,,,,Y,,,,,,,Y,N1,,,Y,Y,N1,20,N1,5,N1,Y,,6,N1,13,,1,2,2,,,,,,,,,,,,23,1,3,,,6,,,,,1,1,,7,,,2,,,,,222,,,,,,,,,,,,,,4,,,Y,N1,A2100019,35
2026-08-01 02:17:39,data_go_kr,경기도,A2117994,학교법인을지학원의정부을지대학교병원,21,20260801021101,031-8074-0119,Y,Y,,,,,,,,6,,,,,,,5,6,1,2,2,,,,,2,,,,,6,2,Y,,Y,,0,0,Y,,,Y,Y,,,Y,Y,Y,215,Y,,Y,Y,3,12,N1,30,6,1,2,,29,22,5,,,,,,,,,,2,,,,14,,22,6,8,3,3,4,48,5,5,6,3,2,,,588,,,,,,,,,,,,,,8,0,0,Y,Y,A2117994,36
2026-08-01 02:17:39,data_go_kr,경기도,A2100193,경기도의료원이천병원,14,20260801021402,031-630-4333,,,,,,,,,,,,,,,,,,,1,,2,2,,,,2,1,,,,,6,,,Y,,,,,,,Y,N1,,,N1,Y,N1,33,N1,2,N1,Y,,4,N1,17,,1,2,2,,,,,,,,,,,,6,2,3,,,4,,,6,,1,1,,8,,,,,,,,187,,,,,,,,,,,,,,,,,Y,N1,A2100193,37
2026-08-01 02:17:39,data_go_kr,경기도,A2100035,경기도의료원파주병원,12,20260801021502,031-940-9119,,,,,,,,,,,,,,,,,,,1,,2,1,,,,,0,,,,,,Y,,Y,,,,,,,Y,N1,,,N1,Y,N1,77,N1,4,N1,Y,,3,N1,17,,1,2,2,,,,,,,,,,,,8,,3,,,3,,,,1,1,1,,9,,,,,,,,189,,,,,,,,,,,,,,,,,Y,N1,A2100035,38
2026-08-01 02:17:39,data_go_kr,경기도,A2100028,의료법인백송의료재단굿모닝병원,14,20260801021310,031-5182-7582,,,,,,,,,,,,,,,,,6,,2,,1,,,,,2,,,,,,,,,Y,,,,Y,,,Y,Y,,,Y,Y,Y,62,N1,6,N1,Y,,4,Y,19,,2,1,,,,,,,,,,,,,27,3,,,,7,,,,,5,3,3,23,,,5,3,,,1,392,,,,,,,,,,,,,,6,,,Y,N1,A2100028,39
2026-08-01 02:17:39,data_go_kr,경기도,A2113246,의료법인양진의료재단평택성모병원,11,20260801021525,070-5012-0119,,,,,,,,,,,,,,,,0,,,1,,2,2,,,,2,1,,,,,,,,Y,,,,Y,,,Y,Y,,,Y,Y,N1,44,N1,11,N1,Y,,6,N1,17,,1,2,2,,,,,,,,,,,,34,2,3,,,6,,,,,3,3,2,8,,,2,,,,,329,,,,,,,,,,,,,0,,,,Y,N1,A2113246,40
2026-08-01 02:17:39,data_go_kr,경기도,A2100031,경기도의료원포천병원,17,20260801021502,031-539-9119,,Y,,,,,,,,,,,,,,,,,1,,2,1,,,,0,3,,,,,2,Y,,Y,,,,,,,Y,N1,,,N1,Y,N1,62,N1,0,Y,Y,,4,N1,17,,1,2,2,,,,,,,,,,,,8,0,3,,,4,,,3,3,1,1,,7,,2,,,,,,134,,,,,,,,,,,,,,,,,Y,N1,A2100031,41
2026-08-01 02:17:39,data_go_kr,경기도,A2100046,한림대학교동탄성심병원,22,20260801021209,031-8086-2119,Y,Y,3,0,,,,,,9,,,,,,,,9,,0,,,,,0,9,,,,,,7,Y,Y,Y,,,,Y,,,Y,Y,10,,Y,Y,Y,132,Y,,Y,Y,8,20,Y,32,9,,,,28,13,13,,,13,,,,9,,,11,,,,20,,,11,1,6,3,6,51,8,16,17,5,5,1,1,515,3,0,,,,,,,,,,,,,,,Y,Y,A2100046,42
2026-08-01 02:17:39,data_go_kr,경기도,A2100290,의료법인자인의료재단(더자인병원),13,20260801021453,031-930-3119,,,,,,,,,,,,,,,,,,,2,,2,1,,,,1,3,,,,,,,,Y,,,,Y,,,Y,Y,,,Y,Y,N1,77,N1,3,N1,N,,5,N1,16,,2,2,2,,,,,,,,,,,,10,2,3,,,5,,,,,2,2,1,15,,,1,,,,,234,,,,,,,,,,,,,,,,,Y,N1,A2100290,43
2026-08-01 02:17:39,data_go_kr,경기도,A2100049,국립암센터,15,20260801021201,031-920-0119,,N,,,,,,,,,,,,,,,,,,,1,,,,,8,,,,,,,,,Y,,,,Y,,,Y,Y,,,Y,Y,Y,100,Y,14,N,Y,,18,N1,24,,,1,,,,,,,,,,,,,19,9,,,,18,,,,,7,5,3,29,,1,8,2,7,,,554,,,,,,,,,,,,,,,,,Y,N1,A2100049,44
2026-08-01 02:17:39,data_go_kr,경기도,A2116972,의료법인성광의료재단일산차병원,6,20260801021444,031-782-8587,Y,Y,,,,,,,,,,,,,,,,,,,4,,,,,1,,,,,,1,Y,,,,,,,,,Y,N1,,,N1,N1,N1,41,N1,3,Y,N1,0,10,N1,6,,,4,,,,17,,,,,,,,,4,1,,,,10,,,1,9,,,,4,11,19,,,,,,179,,,,,,,,,,,,,,,,,Y,Y,A2116972,45
2026-08-01 02:17:39,data_go_kr,경기도,A2118188,엘병원,7,20260801021535,031-527-6119,,,,,,,,,,,,,,,,,,,,,2,,,,,1,,,,,,1,,,Y,,,,,,,Y,N1,,,N1,Y,N1,55,N1,2,N1,Y,,3,N1,8,,,2,,,,,,,,,,,,,8,1,,,,3,,,1,,1,1,,2,,,,,,,,146,,,,,,,,,,,,,,,,,Y,N1,A2118188,46
2026-08-01 02:17:39,data_go_kr,경기도,A2100050,의료법인대인의료재단다니엘종합병원,4,20260801021501,032-670-0119,,,,,,,,,,,,,,,,,,,1,,3,,,,,0,,,,,,,,,Y,,,,,,,Y,N1,,,N,Y,N1,45,N1,11,N1,Y,,3,N1,6,,1,3,,,,,,,,,,,,,30,1,,,,3,,,,,1,1,,17,,,1,,,,,169,,,,,,,,,,,,,,,,,Y,N1,A2100050,47
2026-08-01 02:17:39,data_go_kr,경기도,A2100258,국군수도병원,15,20260801021513,031-725-6119,,,,,,,,,,,,,,2,6,,,,0,,,,,,,1,,,12,,2,,,,Y,,,,Y,,15,Y,Y,,,Y,Y,Y,133,N1,10,N1,Y,,9,N1,16,,2,,,,,,,,,,,20,,,12,1,,,40,9,,15,,,3,4,2,2,,,5,2,,,,530,,,,,,,,,,,2,6,,,,,Y,N1,A2100258,48
2026-08-01 02:17:39,data_go_kr,경기도,A2100016,순천의료재단성남정병원,8,20260801021234,031-750-6003,,,,,,,,,,,,0,,,44,,,,2,,,,,,,,,,,,,,,,Y,,,,,,,Y,N1,,,N1,Y,N1,79,N1,,N1,Y,,4,N1,9,,2,,,,,,,,,,,,,,,,,,,4,,,,,1,1,,1,,,,,,,,98,,,,,,,,,0,,,105,,,,,Y,N1,A2100016,49
2026-08-01 02:17:39,data_go_kr,경기도,A2121061,의료법인덕산의료재단수원덕산병원,23,20260801021503,031-686-2911,N,Y,,,,,,,,,,,,,,,,3,1,,2,1,,,,1,2,,,,,0,Y,,Y,,,,Y,,,Y,Y,,,Y,Y,Y,77,N1,6,Y,Y,,9,N1,24,3,1,2,2,,,,,,,,,,,,22,3,4,,,9,,,5,5,3,2,2,15,N,2,5,2,,,,403,,,,,,,,,,,,,,,,,Y,N,A2121061,50
2026-08-01 02:17:39,data_go_kr,경기도,A2100032,경기도의료원수원병원,7,20260801021501,031-888-0119,,,,,,,,,,,,,,,,,3,,,,2,,,,,,,,,,,2,,,Y,,,,,,,Y,N1,,,N1,Y,N1,61,N1,5,N1,Y,,3,N1,8,,,2,,,,,,,,,,,,,9,,,,,3,,,2,,1,1,,9,,,,,,,,156,,,,,,,,,,,,,,3,,,Y,N1,A2100032,51
2026-08-01 02:17:39,data_go_kr,경기도,A2100175,의료법인토마스의료재단윌스기념병원,14,20260801021427,031-240-6119,,,,,,,,,,,,,,,,,,,1,,2,0,,,,1,2,,,,,,Y,,Y,,,,Y,,,Y,Y,,,Y,Y,N1,50,N1,3,N1,Y,,10,N1,18,,1,2,2,,,,,,,,,,,,16,1,3,,,10,,,,1,1,4,1,1,,,1,,,,,278,,,,,,,,,,,,,,,,,Y,N1,A2100175,52
2026-08-01 02:17:39,data_go_kr,경기도,A2100027,의료법인석경의료재단센트럴병원,18,20260801021326,031-8041-3019,,,,,,,,,,,,,,,,,,,1,,2,0,,,,,5,,,,,,,,Y,,,,,,,Y,N1,,,Y,Y,N1,75,N1,1,N1,Y,,3,N1,18,,1,2,2,,,,,,,,,,,,18,,8,,,3,,,,,2,2,,7,,,2,,,,,247,,,,,,,,,,,,,,,,,Y,N1,A2100027,53
2026-08-01 02:17:39,data_go_kr,경기도,A2100013,의료법인 록향의료재단 신천연합병원,8,20260801021507,031-310-6661,,,,,,,,,,,,,,,,,,,,,1,,,,,1,,,,,,,,,Y,,,,,,,Y,N1,,,Y,Y,N1,34,N1,0,N1,Y,,3,N1,10,,,1,,,,,,,,,,,,,6,1,,,,3,,,,,1,1,,4,,,1,,,,,112,,,,,,,,,,,,,,,,,Y,N1,A2100013,54
2026-08-01 02:17:39,data_go_kr,경기도,A2100021,의료법인플러스의료재단단원병원,14,20260801021316,031-8040-5911,,,,,,,,,,,,,0,,,,,,1,,2,,,,,0,,,,,,,,,Y,,,,Y,,,Y,Y,,,Y,Y,Y,64,N1,5,N1,Y,,5,N1,17,,1,2,,,,,,,,,,,,,27,1,,,,5,,,,,1,1,2,8,,,2,1,,,,342,,,,,,,,,,1,,,,,,,Y,N1,A2100021,55
2026-08-01 02:17:39,data_go_kr,경기도,A2100014,근로복지공단안산병원,6,20260801021300,031-500-1119,,,,,,,,,,,,,,,,,,,,,1,,,,,1,,,,,,0,,,Y,,,,,,,Y,N1,,,N1,Y,N1,101,N1,11,N1,Y,,3,N1,7,,,1,,,,,,,,,,,,,18,1,,,,3,,,2,,1,1,,14,,,,,,,,359,,,,,,,,,,,,,,,,,Y,N1,A2100014,56
2026-08-01 02:17:39,data_go_kr,경기도,A2100124,의료법인칠석의료재단사랑의병원,8,20260801021333,031-502-0119,,,,,,,,,,,,,,,,,,,1,,,,,,,,,,,,,,,,Y,,,,,,,Y,N1,,,Y,Y,N1,30,N1,5,N1,Y,,5,N1,13,,1,,,,,,,,,,,,,,14,,,,,5,,,,,2,2,,8,,,1,,,,,206,,,,,,,,,,,,,,,,,Y,N1,A2100124,57
2026-08-01 02:17:39,data_go_kr,경기도,A2100045,경기도의료원안성병원,14,20260801021501,031-8046-5119,,,,,,,,,,,,,,,,,,,1,,,,,,,1,,,,,,8,,,Y,,,,,,,Y,N1,,,N1,Y,N1,67,N1,7,N1,Y,,5,N1,14,,1,,,,,,,,,,,,,,13,2,,,,5,,,8,,1,1,,8,,,,,,,,178,,,,,,,,,,,,,,,,,Y,N1,A2100045,58
2026-08-01 02:17:39,data_go_kr,경기도,A2100305,안성성모병원,7,20260801021452,031-675-8275,,,,,,,,,,,,,,,,,,,,,0,,,,,,,,,,,,,,Y,,,,,,,Y,N1,,,N1,Y,N1,73,N1,3,N1,Y,,3,N1,9,,,1,,,,,,,,,,,,,20,,,,,3,,,,,1,1,,7,,,,,,,,188,,,,,,,,,,,,,,,,,Y,N1,A2100305,59
2026-08-01 02:17:39,data_go_kr,경기도,A2100089,양평병원,8,20260801021002,031-770-5119,N,N,,,,,,,,,,,,,,,,,,,1,,,,,,,,,,,,N,N,Y,,,,N,,,Y,N,,,N,Y,N,20,N,,N,Y,,3,N,9,,,1,,,,,,,,,,,,,,,,,,3,,,,0,1,1,0,1,0,0,0,0,0,0,0,90,,,,,,,,,,,,,,,,,Y,N,A2100089,60
2026-08-01 02:17:39,data_go_kr,경기도,A2100194,세종여주병원,5,20260801021523,031-880-7754,,,,3,,,,,,,,,,,,,3,,,,3,,,,,,,,,,,,,,Y,,,,,,,Y,N1,,,Y,Y,N1,104,N1,,N1,Y,,2,N1,6,,,4,,,,,,,,,,,,,,,,,,2,,,,,1,1,,4,,,2,,,,,210,,3,,,,,,,,,,,,3,,,Y,N1,A2100194,61
2026-08-01 02:17:39,data_go_kr,경기도,E2100187,연천군보건의료원,10,20260801021211,031-839-4119,,,,,,,,,,,,,,,,,,,,,,,,,,,,,,,,,,,Y,,,,,,,Y,N1,,,N1,Y,N1,51,N1,,N1,N1,,2,N1,10,,,,,,,,,,,,,,,,,,,,,2,,,,,1,,,1,,,,,,,,52,,,,,,,,,,,,,,,,,Y,N1,E2100187,62
2026-08-01 02:17:39,data_go_kr,경기도,A2100122,(의)효심의료재단용인서울병원,9,20260801021249,031-336-0119,,,,,,,,,,,,,,,,,,,,,,,,,,,,,,,,,,,Y,,,,,,,Y,N1,,,N1,Y,N1,154,N1,,N1,Y,,3,N1,10,,,,,,,,,,,,,,,,,,,,,3,,,,,1,1,,1,,,,,,,,201,,,,,,,,,,,,,,,,,Y,N1,A2100122,63
2026-08-01 02:17:39,data_go_kr,경기도,A2121142,메디필드한강병원,15,20260801021332,031-332-1119,,,,,,,,,,,,,,,,,,,1,,2,,,,,1,,,,,,1,,,Y,,,,Y,,,Y,Y,,,Y,Y,N1,152,N1,6,N1,Y,,6,N1,17,,1,2,,,,,,,,,,,,,15,1,,,,6,,,1,,3,2,1,13,,,2,,,,,192,,,,,,,,,,,,,,,,,Y,N1,A2121142,64
2026-08-01 02:17:39,data_go_kr,경기도,A2100034,의료법인영동의료재단의정부백병원,9,20260801021617,031-842-1211,,,,,,,,,,,,,,,,,,,,,2,,,,,,,,,,,,,,Y,,,,,,,Y,N1,,,N1,Y,N1,90,N1,0,N1,Y,,3,N1,10,,,2,,,,,,,,,,,,,9,,,,,3,,,,,1,1,,1,,,,,,,,192,,,,,,,,,,,,,,,,,Y,N1,A2100034,65
2026-08-01 02:17:39,data_go_kr,경기도,A2100150,추병원,11,20260801021407,031-845-8313,,,,,,,,,,,,,,,,,,,1,,1,,,,,,,,,,,,,,Y,,,,Y,,,Y,Y,,,N1,Y,N1,62,N1,4,N1,N,,3,N1,12,,1,1,,,,,,,,,,,,,15,,,,,3,,,,,2,1,1,1,,,,,,,,210,,,,,,,,,,,,,,,,,Y,N1,A2100150,66
2026-08-01 02:17:39,data_go_kr,경기도,A2100043,경기도의료원의정부병원,10,20260801021502,031-828-5119,,,,,,,,,,,,,,,,0,,,1,,,,,,,,,,,,34,2,,,Y,,,,,,,Y,N1,,,N1,Y,N1,32,N1,3,N1,Y,,3,N1,10,,1,,,,,,,,,,,,,,6,,,,,3,,70,5,,1,1,,8,,,,,,,,86,,,,,,,,,,,,,0,,,,Y,N1,A2100043,67
2026-08-01 02:17:39,data_go_kr,경기도,A2100131,메디인병원,9,20260801021533,031-570-7912,,,,,,,,,,,,,,,,,,,,,2,,,,,,,,,,,,,,Y,,,,Y,,,Y,Y,,,N1,Y,N1,59,N1,,N1,Y,,4,N1,12,,,2,,,,,,,,,,,,,,,,,,4,,,,,1,1,1,2,,,,,,,,206,,,,,,,,,,,,,,,,,Y,N1,A2100131,68
2026-08-01 02:17:39,data_go_kr,경기도,A2100309,의료법인갈렌의료재단박병원,10,20260801021509,031-662-4119,,,,,,,,,,,,,,,,,,,,,1,,,,,,,,,,,,,,Y,,,,,,,Y,N1,,,N1,Y,N1,35,N1,5,N1,Y,,2,N1,10,,,1,,,,,,,,,,,,,10,,,,,2,,,,,1,2,,3,,,,,,,,143,,,,,,,,,,,,,,,,,Y,N1,A2100309,69
2026-08-01 02:17:39,data_go_kr,경기도,A2100022,의료법인박애의료재단박애병원,10,20260801021439,031-650-9219,,,,,,,,,,,,,,,,,,,,,1,,,,,,,,,,,,,,Y,,,,,,,Y,N1,,,Y,Y,N1,107,N1,7,N1,Y,,5,N1,10,,,1,,,,,,,,,,,,,10,,,,,5,,,,,2,1,,20,,,2,,,,,193,,,,,,,,,,,,,,,,,Y,N1,A2100022,70
2026-08-01 02:17:39,data_go_kr,경기도,A2100036,의료법인 일심의료재단 포천우리병원,16,20260801021145,031-541-8282,,,,,,,,,,,,,,,,,,,1,,3,,,,,2,,,,,,2,,,Y,,,,Y,,,Y,Y,,,Y,Y,N1,57,N1,6,N1,Y,,5,N1,18,,1,3,,,,,,,,,,,,,18,2,,,,5,,,2,,2,2,1,14,,,3,,,,,201,,,,,,,,,,,,,,,,,Y,N1,A2100036,71
2026-08-01 02:17:39,data_go_kr,경기도,A2100018,의료법인은혜와감사의료재단화성중앙종합병원,8,20260801021428,031-371-7998,,,,,,,,,,,,,,,,,,,,,1,,,,,,,,,,,,,,Y,,,,,,,Y,N1,,,N1,Y,N1,75,N1,5,N1,Y,,3,N1,9,,,1,,,,,,,,,,,,,8,,,,,3,,,,,1,1,,3,,,,,,,,131,,,,,,,,,,,,,,,,,Y,N1,A2100018,72
2026-08-01 02:17:39,data_go_kr,경기도,A2115699,의료법인원광의료재단원광종합병원,9,20260801020929,031-8077-7219,,,,,,,,,,,,,,,,,,,1,,,,,,,,,,,,,,,,Y,,,,,,,Y,N1,,,N1,Y,N1,30,N1,1,N1,Y,,4,N1,9,,1,,,,,,,,,,,,,,9,,,,,4,,,,,1,2,,4,,,,,,,,135,,,,,,,,,,,,,,,,,Y,N1,A2115699,73
2026-08-01 02:17:39,data_go_kr,경기도,A2100282,에이치제이매그놀리아국제병원,5,20180102081716,031-589-4465,,,,,,,,,,,,,,,,,,,,,,,,,,,,,,,,,,,Y,,,,,,,Y,N1,,,N1,Y,N1,82,N1,,N1,Y,,3,N1,,,,,,,,,,,,,,,,,,,,,,,,,,,,,,,,,,,,,,,,,,,,,,,,,,,,,,,Y,N1,A2100282,74
2026-08-01 02:17:39,data_go_kr,경기도,A2100011,성남중앙병원,9,20260801021151,031-799-5599,,,,,,,,,,,,,,,,,,,,,1,,,,,,,,,,,,,,Y,,,,,,,Y,N1,,,N1,Y,N1,,N1,,N1,Y,,5,N1,9,,,1,,,,,,,,,,,,,,,,,,5,,,,,1,1,,2,,,,,,,,,,,,,,,,,,,,,,,,,Y,N1,A2100011,75
2026-08-01 02:17:39,data_go_kr,경기도,A2100134,양주예쓰병원,9,20201102141954,031-825-1119,,,,,,,,,,,,,,,,,,,,,,,,,,,,,,,,,,,Y,,,,,,,Y,N1,,,N1,Y,N1,67,N1,,N1,Y,,1,N1,10,,,,,,,,,,,,,,,,,,,,,2,,,,,1,1,,2,,,,,,,,133,,,,,,,,,,,,,,,,,Y,N1,A2100134,76
2026-08-01 02:17:39,data_go_kr,경기도,A2114449,조은오산병원,10,20210320083559,031-373-8119,,,,,,,,,,,,,,,,,,,,,,,,,,,,,,,,,,,Y,,,,,,,Y,N1,,,N1,Y,N1,130,N1,,N1,Y,,4,N1,10,,,,,,,,,,,,,,,,,,,,,4,,,,,1,2,,,,,,,,,,223,,,,,,,,,,,,,,,,,N1,N1,A2114449,77
2026-08-01 02:17:39,data_go_kr,강원특별자치도,A2200008,강릉아산병원,17,20260801021315,033-610-3333,Y,Y,,,,,0,0,,3,,,,,,,,3,2,2,3,3,,,,,12,,,,,,Y,,Y,,,,Y,,,Y,Y,,,Y,Y,Y,100,Y,,Y,Y,5,15,Y,23,3,2,3,18,14,16,13,,,,,,,,,,,38,,,15,,,,2,4,3,4,33,8,12,8,5,1,,2,604,,,,,1,6,,,,,,,,,,,Y,Y,A2200008,1
2026-08-01 02:17:39,data_go_kr,강원특별자치도,A2200001,연세대학교원주세브란스기독병원,24,20260801021502,033-741-1641,Y,Y,2,22,,,0,,,3,,,,,,,,3,2,3,3,6,,,,,19,,8,2,7,,Y,,Y,7,2,6,Y,,4,Y,Y,,,Y,Y,Y,138,Y,,Y,Y,6,13,Y,29,3,2,3,20,15,12,19,,,,15,,20,,,,,30,,40,15,2,24,,2,5,4,7,100,12,25,16,7,13,,4,584,4,36,,,2,,,,,,,,,,2,6,Y,Y,A2200001,2
2026-08-01 02:17:39,data_go_kr,강원특별자치도,A2200013,한림대학교춘천성심병원,16,20260801021212,033-240-5219,Y,Y,2,3,,,,0,,,,,,,,,,3,,,,5,,,,0,20,,,,,0,Y,Y,Y,,,,Y,,,Y,Y,1,,Y,Y,Y,82,Y,1,Y,Y,,9,Y,22,3,,,20,,,,,,8,,,,,,20,2,45,,,9,,,2,1,2,2,3,33,1,4,6,2,1,1,1,252,2,3,,,,2,,,,,,,,,,,Y,Y,A2200013,3
2026-08-01 02:17:39,data_go_kr,강원특별자치도,A2200005,의료법인강릉동인병원,12,20260801021455,033-650-6105,,,,,,,,,,2,,,,,,,,,1,,2,,,,,2,,,,,8,,,,Y,,,,Y,,,Y,Y,,,Y,Y,N1,70,N1,1,N1,Y,,5,N1,17,,1,2,,12,,,,,,,,,,,12,2,,,,5,,101,,,2,1,1,14,,,1,,,,,248,,,,,,,,,,,,,,,,,Y,N1,A2200005,4
2026-08-01 02:17:39,data_go_kr,강원특별자치도,A2200007,강원특별자치도삼척의료원,15,20260801021001,033-571-0431,,Y,,,,,,,,,,,,,,,,1,2,,1,0,,,,0,3,,,,,7,Y,,Y,,,,,,,Y,N1,,,Y,Y,N1,46,N1,0,Y,Y,,4,N1,16,1,2,1,2,,,,,,,,,,,,6,2,3,,,4,,,10,1,1,1,,3,,3,1,,,,,189,,,,,,,,,,,,,,,,,Y,N1,A2200007,5
2026-08-01 02:17:39,data_go_kr,강원특별자치도,A2200012,강원특별자치도속초의료원,17,20260801021501,,Y,Y,,,,,,,,,,,,,,,,,2,,1,,,,,,,,,,,,Y,,Y,,,,,,,Y,N1,,,N1,Y,N1,66,N1,0,Y,Y,,3,N1,17,,2,1,,,,,,,,,,,,,8,,,,,3,,,,2,1,1,,7,1,1,,,,,,154,,,,,,,,,,,,,,,,,Y,Y,A2200012,6
2026-08-01 02:17:39,data_go_kr,강원특별자치도,A2200009,강원대학교병원,13,20260801021500,033-258-2293,Y,Y,,,,,0,,,5,,,,,,,,3,2,,3,2,3,,5,0,,,,,3,11,Y,,Y,0,,,Y,,,Y,Y,,,Y,Y,Y,262,Y,,Y,Y,6,11,N1,21,3,2,3,5,10,,15,8,,,8,,,8,,,2,,,,11,,16,14,3,4,2,4,43,13,24,12,3,10,,,508,,,,,0,,,,,,,,,,,,Y,Y,A2200009,7
2026-08-01 02:17:39,data_go_kr,강원특별자치도,A2200011,강원특별자치도강릉의료원,5,20260801021502,033-610-1234,,,,,,,,,,,,,,,,20,,,,,1,,,,,,,,,,,5,,,Y,,,,,,,Y,N1,,,N1,Y,N1,26,N1,1,N1,Y,,2,N1,5,,,1,,,,,,,,,,,,,8,,,,,2,,,5,,1,1,,4,,,,,,,,122,,,,,,,,,,,,,20,,,,Y,N1,A2200011,8
2026-08-01 02:17:39,data_go_kr,강원특별자치도,A2200003,의료법인동해동인병원,6,20260801021532,033-530-0129,,,,,,,,,,,,,,,,,,,,,1,,,,,1,,,,,57,,,,Y,,,,,,,Y,N1,,,N1,Y,N1,21,N1,9,N1,Y,,2,N1,10,,,1,,,,,,,,,,,,,19,1,,,,2,,110,,,1,1,,7,,,,,,,,178,,,,,,,,,,,,,,,,,Y,N1,A2200003,9
2026-08-01 02:17:39,data_go_kr,강원특별자치도,A2200046,의료법인온세움의료재단온재병원,7,20260801021527,033-639-8988,,,,,,,,,,,,,,,,,,,,,1,,,,,,,,,,28,,,,Y,,,,,,,Y,N1,,,N1,Y,N1,51,N1,0,N1,Y,,4,N1,9,,,1,,,,,,,,,,,,,15,,,,,4,,59,,,1,1,,5,,,,,,,,219,,,,,,,,,,,,,,,,,Y,N1,A2200046,10
2026-08-01 02:17:39,data_go_kr,강원특별자치도,A2200037,의료법인성심의료재단양구성심병원,4,20260801021520,033-480-8816,,Y,,,,,,,,,,,,,,,,,1,,,,,,,,,,,,,,Y,,Y,,,,,,,Y,N1,,,N1,Y,N1,35,N1,,Y,N1,,,N1,5,,1,,,,,,,,,,,,,,,,,,,,,,,1,1,,,1,,1,,,,,,52,,,,,,,,,,,,,,,,,Y,N1,A2200037,11
2026-08-01 02:17:39,data_go_kr,강원특별자치도,A2200002,강원특별자치도영월의료원,9,20260801021001,033-370-9129,,Y,,,,,,,,,,,,,,,1,,,,,,,,,0,,,,,,2,Y,,Y,,,,,,,Y,N1,,,N1,Y,N1,42,N1,0,Y,Y,,2,N1,9,,,,,,,,,,,,,,,,10,2,,,,2,,,2,1,1,1,,7,,3,,,,,,174,,,,,,,,,,,,,,1,,,Y,N1,A2200002,12
2026-08-01 02:17:39,data_go_kr,강원특별자치도,A2200015,강원특별자치도원주의료원,16,20260801021503,033-760-4701,,,,,,,,,,,,,,,,,,,1,,1,,,,,,,,,,,,,,Y,,,,,,,Y,N1,,,N1,Y,N1,49,N1,5,N1,Y,,3,N1,17,,1,2,,,,,,,,,,,,,20,,,,,3,,,,,1,1,,7,,,,,,,,259,,,,,,,,,,,,,,,,,Y,N1,A2200015,13
2026-08-01 02:17:39,data_go_kr,강원특별자치도,A2200024,의료법인성지의료재단성지병원,0,20260801021317,033-760-3119,,,,,,,,,,,,,,,,13,,,,,1,,,,,,,,,,,,,,Y,,,,,,,Y,N1,,,N1,Y,N1,-74,N1,9,N1,Y,,4,N1,7,,,1,,,,,,,,,,,,,9,,,,,4,,,,,1,2,,4,,,,,,,,135,,,,,,,,,,,,,13,,,,Y,N1,A2200024,14
2026-08-01 02:17:39,data_go_kr,강원특별자치도,A2200048,근로복지공단정선병원,5,20260801021400,033-560-7150,,,,,,,,,,,,,,,,,,,,,1,,,,,,,,,,,,,,Y,,,,,,,Y,N1,,,N1,Y,N1,46,N1,,N1,N1,,,N1,5,,,1,,,,,,,,,,,,,,,,,,,,,,,1,,,3,,,,,,,,149,,,,,,,,,,,,,,,,,Y,N1,A2200048,15
2026-08-01 02:17:39,data_go_kr,강원특별자치도,A2201730,철원병원,5,20260801021002,033-452-5012,N,Y,,,,,,,,,,,,,,,,,1,,,,,,,,,,,,,,Y,N,Y,,,,N,,,Y,N,,,N,Y,N,30,N,,Y,Y,,2,N,5,,1,,,,,,,,,,,,,,,,,,,2,,,,1,1,1,0,1,0,1,0,0,0,0,0,68,,,,,,,,,,,,,,,,,Y,N,A2201730,16
2026-08-01 02:17:39,data_go_kr,강원특별자치도,A2200004,근로복지공단태백병원,9,20260801021400,033-580-3119,,,,,,,,,,,,,,,,,,,1,,,,,,,1,,,,,,,Y,,Y,,,,,,,Y,N1,,,N1,Y,N1,78,N1,8,N1,Y,,2,N1,9,,1,,,,,,,,,,,,,,9,1,,,,2,,,,1,1,1,,8,,,,,,,,223,,,,,,,,,,,,,,,,,Y,N1,A2200004,17
2026-08-01 02:17:39,data_go_kr,강원특별자치도,E2200026,평창군보건의료원,5,20260801021501,033-330-4812,,,,,,,,,,,,,,,,,,,,,1,,,,,,,,,,,,,,Y,,,,,,,Y,N1,,,N1,Y,N1,20,N1,,N1,N1,,,N1,6,,,1,,,,,,,,,,,,,,,,,,,,,,,1,,,1,,,,,,,,20,,,,,,,,,,,,,,,,,Y,N1,E2200026,18
2026-08-01 02:17:39,data_go_kr,강원특별자치도,A2200014,홍천아산병원,6,20260801021000,033-430-5119,,,,,,,,,,,,,,,,,,,,,,,,,,,,,,,,,,,Y,,,,,,,Y,N1,,,N1,Y,N1,0,N1,0,N1,Y,,2,N1,10,,,,,,,,,,,,,,,,7,,,,,2,,,,,1,1,,4,,,,,,,,128,,,,,,,,,,,,,,,,,Y,N1,A2200014,19
2026-08-01 02:17:39,data_go_kr,강원특별자치도,E2200025,화천군보건의료원,7,20260801021500,033-440-2880,,,,,,,,,,,,,,,,,,,,,1,,,,,,,,,,,,,,,,,,,,,Y,N1,,,N1,N1,N1,16,N1,,N1,N1,,,N1,7,,,1,,,,,,,,,,,,,,,,,,,,,,,,,,1,,,,,,,,16,,,,,,,,,,,,,,,,,Y,N1,E2200025,20
2026-08-01 02:17:39,data_go_kr,강원특별자치도,A2200016,횡성대성병원,9,20260801021524,033-345-1191,,,,,,,,,,,,,,,,,,,,,1,,,,,,,,,,,,,,Y,,,,,,,Y,N1,,,N1,Y,N1,21,N1,,N1,Y,,1,N1,9,,,1,,,,,,,,,,,,,,,,,,1,,,,,1,1,,1,,,,,,,,114,,,,,,,,,,,,,,,,,Y,N1,A2200016,21
2026-08-01 02:17:39,data_go_kr,강원특별자치도,A2200038,근로복지공단동해병원,7,20260116080400,033-530-3119,,,,,,,,,,,,,,,,,,,1,,,,,,,0,,,,,,,,,Y,,,,,,,Y,N1,,,N1,Y,N1,31,N1,1,N1,Y,,2,N1,7,,1,,,,,,,,,,,,,,8,0,,,,2,,,,,1,1,,8,,,,,,,,226,,,,,,,,,,,,,,,,,Y,N1,A2200038,22
2026-08-01 02:17:39,data_go_kr,충청북도,A2300001,충북대학교병원,23,20260801021500,043-269-6114,Y,Y,2,3,,,,0,,5,,,,,,,,7,,,,5,,,,4,28,,17,2,5,11,Y,,Y,,2,6,Y,,17,Y,Y,2,,Y,Y,Y,222,Y,10,Y,Y,13,16,N1,30,8,,,18,8,,25,,,4,,,20,,,17,5,40,,40,16,2,21,13,2,4,4,6,98,13,31,18,10,17,,,547,2,3,,,,2,,,,,,,,,2,6,Y,Y,A2300001,1
2026-08-01 02:17:39,data_go_kr,충청북도,A2300009,의료법인명지의료재단명지병원,16,20260801021245,043-640-8117,,,,,,,,,,,,,,,,,,3,2,,4,2,,,,3,,,,,,,,,Y,,,,Y,,,Y,Y,,,Y,Y,Y,50,N1,9,N1,Y,,3,N1,18,3,2,4,2,,,,,,,,,,,,15,3,,,,3,,,,,2,1,1,10,,,2,1,,,,201,,,,,,,,,,,,,,,,,Y,N1,A2300009,2
2026-08-01 02:17:39,data_go_kr,충청북도,A2300005,의료법인자산의료재단제천서울병원,13,20260801021152,043-643-2327,,,,,,,,,,,,,,,,,,,1,,4,,,,,,3,,,,,,,,Y,,,,,,,Y,N1,,,Y,Y,N1,20,N1,2,N1,Y,,3,Y,15,,1,4,,,,,,,,,,,,,11,,5,,,3,,,,,1,1,,10,,,1,,,,1,202,,,,,,,,,,,,,,,,,Y,N1,A2300005,3
2026-08-01 02:17:39,data_go_kr,충청북도,A2300013,의료법인 건명의료재단 중앙제일병원,14,20260801021503,043-537-9119,,,,,,,,,,,,,,,,,,,3,,,,,,,2,,,,,,31,,,Y,,,,,,,Y,N1,,,Y,Y,N1,61,N1,2,N1,Y,,5,N1,17,,3,,,,,,,,,,,,,,12,6,,,,5,,,31,,2,2,,6,,,1,,,,,192,,,,,,,,,,,,,,,,,Y,N1,A2300013,4
2026-08-01 02:17:39,data_go_kr,충청북도,A2300007,의료법인인화재단한국병원,10,20260801021048,043-222-6177,,Y,,,,,,,,,,,,,,,3,,1,,2,0,,,,0,4,,,,,1,Y,,Y,,,,Y,,,Y,Y,,,Y,Y,N1,42,N1,5,Y,Y,,8,N1,14,,1,2,2,,,,,,,,,,,,22,1,4,,,8,,,1,1,3,3,2,18,,1,3,,,,,399,,,,,,,,,,,,,,3,,,Y,N1,A2300007,5
2026-08-01 02:17:39,data_go_kr,충청북도,A2300003,의료법인정산의료재단효성병원,14,20260801021114,043-221-2192,,N,,,,,,,,,,,,,,,,,1,,3,1,,,,0,1,,,,,,Y,,Y,,,,Y,,,Y,Y,,,Y,Y,N1,98,N1,4,N,Y,,4,Y,18,,1,4,2,,,,,,,,,,,,27,2,3,,,4,,,,1,3,4,2,19,,1,2,,,,1,363,,,,,,,,,,,,,,,,,Y,N1,A2300003,6
2026-08-01 02:17:39,data_go_kr,충청북도,A2300008,청주성모병원,9,20260801021508,043-219-8119,,Y,,,,,,,,3,,,,,,,,,2,8,5,2,,,,1,4,,,,,7,Y,,Y,,,,Y,,,Y,Y,,,Y,Y,N1,138,N1,,Y,Y,,8,N1,15,,2,5,2,13,12,,,,,,,,,,,1,4,,,8,,,30,1,3,2,2,19,,2,2,,,,,358,,,,,,,,,,,,,,,,,Y,N1,A2300008,7
2026-08-01 02:17:39,data_go_kr,충청북도,A2300002,의료법인한마음의료재단하나병원,7,20260801021302,043-230-6594,,,,,,,,,,,,,,,,,9,,1,,1,,,,,2,,,,,,,,,Y,,,,Y,,,Y,Y,,,Y,Y,N1,136,N1,2,N1,Y,,7,Y,11,,1,2,,,,,,,,,,,,,24,2,,,,7,,,,,3,3,2,20,,,4,,,,1,463,,,,,,,,,,,,,,9,,,Y,N1,A2300002,8
2026-08-01 02:17:39,data_go_kr,충청북도,A2300010,건국대학교충주병원,14,20260801021501,043-840-8330,Y,Y,,,,,,,,,,,,,,,,,1,,2,,,,,,,,,,,0,Y,,Y,,,,Y,,,Y,Y,,,Y,Y,Y,73,N1,9,Y,Y,,5,N1,20,,1,2,,,,,,,,,,,,,18,,,,,5,,,1,1,2,1,2,11,1,4,3,1,,,,194,,,,,,,,,,,,,,,,,Y,Y,A2300010,9
2026-08-01 02:17:39,data_go_kr,충청북도,A2300034,의료법인대광의료재단괴산성모병원,9,20260801021430,043-830-5419,,,,,,,,,,,,,,,,,,,,,0,,,,,,,,,,,,,,Y,,,,,,,Y,N1,,,N1,Y,N1,13,N1,,N1,Y,,1,N1,9,,,1,,,,,,,,,,,,,,,,,,1,,,,,1,1,,3,,,,,,,,153,,,,,,,,,,,,,,,,,Y,N1,A2300034,10
2026-08-01 02:17:39,data_go_kr,충청북도,E2300011,단양군보건의료원,6,20260801021501,043-420-0139,,,,,,,,,,,,,,,,,,,1,,,,,,,,,,,,,2,,,Y,,,,,,,Y,N1,,,N1,Y,N1,13,N1,,N1,N1,,,N1,6,,1,,,,,,,,,,,,,,,,,,,,,,2,,1,,,1,,,,,,,,14,,,,,,,,,,,,,,,,,Y,N1,E2300011,11
2026-08-01 02:17:39,data_go_kr,충청북도,A2300030,의료법인조윤의료재단영동병원,8,20260801021508,043-740-9333,,Y,,,,,,,,,,,,,,,,,,,,,,,,,,,,,,,Y,,Y,,,,,,,Y,N1,,,N1,Y,N1,29,N1,,Y,Y,,2,N1,10,,,,,,,,,,,,,,,,,,,,,2,,,,1,1,1,,3,,1,,,,,,161,,,,,,,,,,,,,,,,,Y,N1,A2300030,12
2026-08-01 02:17:39,data_go_kr,충청북도,A2300011,의료법인힐링의료재단옥천성모병원,7,20260801021407,043-730-7119,,,,,,,,,,,,,,,,,,,2,,1,,,,,,,,,,,,,,Y,,,,,,,Y,N1,,,N1,Y,N1,21,N1,0,N1,Y,,2,N1,7,,2,1,,,,,,,,,,,,,7,,,,,2,,,,,1,1,,4,,,,,,,,157,,,,,,,,,,,,,,,,,Y,N1,A2300011,13
2026-08-01 02:17:39,data_go_kr,충청북도,A2300006,충청북도청주의료원,12,20260801021501,043-279-0119,,Y,,,,,,,,,,,,,,,3,,1,,,,,,,2,,,,,90,6,Y,,Y,,,,Y,,,Y,Y,,,Y,Y,N1,171,N1,18,Y,Y,,5,N1,12,,1,,,,,,,,,,,,,,21,3,,,,5,,90,6,1,1,2,1,11,,1,1,,,,,359,,,,,,,,,,,,,,3,,,Y,N1,A2300006,14
2026-08-01 02:17:39,data_go_kr,충청북도,A2300004,충청북도충주의료원,13,20260801021502,043-871-0119,,,,,,,,,,,,,,,,,,,1,,2,,,,,,,,,,,,,,Y,,,,Y,,,Y,Y,,,Y,Y,N1,125,N1,7,N1,Y,,4,N1,18,,1,2,,,,,,,,,,,,,12,,,,,4,,,,,1,1,1,8,,,1,,,,,282,,,,,,,,,,,,,,,,,Y,N1,A2300004,15
2026-08-01 02:17:39,data_go_kr,충청북도,A2300017,의료법인정민의료재단보은한양병원,0,20260609165511,070-7575-2853,,,,,,,,,,,,,,,,,,,,,0,,,,,,,,,,,,,,Y,,,,,,,Y,N1,,,N1,Y,N1,57,N1,,N1,Y,,0,N,7,,,1,,,,,,,,,,,,,,,,,,1,,,,,1,1,,1,,,,,,,0,112,,,,,,,,,,,,,,,,,Y,N1,A2300017,16
2026-08-01 02:17:39,data_go_kr,충청북도,A2300015,의료법인태성의료재단제일조은병원,10,20210511221309,043-883-8800,,,,,,,,,,,,,,,,,,,,,,,,,,,,,,,,,,,Y,,,,,,,Y,N1,,,N1,Y,N1,62,N1,,N1,Y,,2,N1,10,,,,,,,,,,,,,,,,,,,,,2,,,,,1,1,,2,,,,,,,,142,,,,,,,,,,,,,,,,,Y,N1,A2300015,17
2026-08-01 02:17:39,data_go_kr,충청북도,A2302011,재단법인베스티안재단베스티안병원,7,20250123182340,043-904-8925,,,,,,,,,,,,,,,,,,,1,,2,,,,,,,,,,,,,Y,Y,,,,,,,Y,N1,,,Y,Y,Y,161,N1,7,N1,Y,,4,Y,7,,1,2,,,,,,,,,,,,,10,,,,,4,,,,,2,1,,16,,,2,1,,3,2,210,,,,,,,,,,,,,,,,,Y,N1,A2302011,18
2026-08-01 02:17:39,data_go_kr,충청남도,A2400002,단국대학교의과대학부속병원,18,20260801021500,041-550-6840,Y,Y,2,2,,,,0,,,,,,4,,,,3,,0,1,1,,,,0,14,,2,2,11,1,Y,,Y,1,1,6,Y,,4,Y,Y,,,Y,Y,Y,134,Y,,Y,Y,-1,13,Y,25,4,,1,18,,13,25,,,,13,,20,,,,1,30,,40,13,2,20,8,3,4,3,6,6,14,29,15,7,17,,1,640,2,2,,,,2,,,,,7,,,,2,6,Y,Y,A2400002,1
2026-08-01 02:17:39,data_go_kr,충청남도,A2400001,학교법인동은학원순천향대학교부속천안병원,9,20260801021123,041-590-7019,Y,Y,,,1,3,1,,,6,,,,,,,,10,4,10,3,4,,2,,3,10,2,,,,2,Y,Y,Y,,,,Y,,,Y,Y,,,Y,Y,Y,176,Y,,Y,Y,3,19,Y,22,14,4,3,17,18,15,38,,2,,,,,,,,6,30,6,,19,,,14,11,6,4,6,60,16,37,6,6,10,1,1,765,,,1,3,1,,,,,,,,,,,,Y,Y,A2400001,2
2026-08-01 02:17:39,data_go_kr,충청남도,A2400009,의료법인백제병원,20,20260801021422,041-730-8882,,,,,,,,,,,,,,,,,,,1,,2,,,,,,,,,,16,,,,Y,,,,Y,,,Y,Y,,,Y,Y,N1,25,N1,-4,N1,Y,,4,N1,20,,1,2,,,,,,,,,,,,,26,,,,,4,,49,,,2,2,1,11,,,3,,,,,398,,,,,,,,,,,,,,,,,Y,N1,A2400009,3
2026-08-01 02:17:39,data_go_kr,충청남도,A2400008,당진종합병원,12,20260801021436,041-358-3624,,,,,,,,,,,,,,,,,,,1,,2,,,,,,,,,,,,,,Y,,,,Y,,,Y,Y,,,Y,Y,N1,80,N1,0,N1,Y,,4,N1,17,,1,2,,,,,,,,,,,,,13,,,,,4,,,,,2,2,1,5,,,1,,,,,246,,,,,,,,,,,,,,,,,Y,N1,A2400008,4
2026-08-01 02:17:39,data_go_kr,충청남도,A2400011,재단법인아산사회복지재단보령아산병원,17,20260801021001,041-930-5333,,,,,,,,,,,,,,,,,,,1,,2,,,,,,,,,,,,,,Y,,,,,,,Y,N1,,,N1,Y,N1,80,N1,3,N1,Y,,2,N1,17,,1,2,,,,,,,,,,,,,8,,,,,2,,,,,1,1,,4,,,,,,,,221,,,,,,,,,,,,,,,,,Y,N1,A2400011,5
2026-08-01 02:17:39,data_go_kr,충청남도,A2400003,서산중앙병원,16,20260801021001,041-661-1195,,,,,,,,,,,,,,,,,,,1,,2,,,,,,,,,,,,,,Y,,,,,,,Y,N1,,,Y,Y,N1,63,N1,2,N1,Y,,4,N1,17,,1,2,,,,,,,,,,,,,17,,,,,4,,,,,1,1,,7,,,1,,,,,288,,,,,,,,,,,,,,,,,Y,N1,A2400003,6
2026-08-01 02:17:39,data_go_kr,충청남도,A2400006,충청남도서산의료원,11,20260801021101,041-689-7119,,,,,,,,,,,,,,,,,,,1,,2,2,,,,,0,,,,,5,,,Y,,,,,,,Y,N1,,,N1,Y,N1,27,N1,1,N1,Y,,3,N1,17,,1,2,2,,,,,,,,,,,,8,,4,,,3,,,5,,2,1,,10,,,,,,,,259,,,,,,,,,,,,,,,,,Y,N1,A2400006,7
2026-08-01 02:17:39,data_go_kr,충청남도,A2402257,아산충무병원,12,20260801021353,041-536-6519,,,1,7,,,,,,,,,,5,,,,,,,,,,,,2,,,,,,,Y,,Y,,,,Y,,,Y,Y,,,Y,Y,Y,176,Y,3,N1,Y,,4,N1,13,,,,,,,,,,,,,,,,22,2,,,,4,,,,1,2,2,3,27,,,4,2,1,,,456,1,7,,,,,,,,,5,,,,,,Y,N1,A2402257,8
2026-08-01 02:17:39,data_go_kr,충청남도,A2400012,의료법인영서의료재단천안충무병원,8,20260801021425,041-570-7519,,,,,,,,,,,,,,,,,,,1,,4,,,,,0,,,,,,,,,Y,0,,,Y,,,Y,Y,,,Y,Y,Y,19,N1,4,N1,Y,,5,N1,16,,1,4,,,,,,,,7,,,,,19,3,,,,5,,,,,2,2,3,26,,,3,3,,,,333,,,,,,,,,,,,,,,,,Y,N1,A2400012,9
2026-08-01 02:17:39,data_go_kr,충청남도,A2400007,충청남도홍성의료원,17,20260801021501,041-630-6119,,,,,,,,,,,,,,,,,,1,1,,2,2,,,,1,3,,,,3,0,Y,,Y,,,,N,,,Y,N,,,Y,Y,N1,111,N1,2,N1,Y,,4,N,18,1,1,2,2,,,,,,,,,,,,22,1,3,,,4,,49,1,1,2,2,1,10,,,1,,,,2,260,,,,,,,,,,,,,,,,,Y,N1,A2400007,10
2026-08-01 02:17:39,data_go_kr,충청남도,A2400010,충청남도공주의료원,14,20260801021201,041-962-1365,,,,,,,,,,,,,,,,,,,,,1,,,,,,,,,,,4,,,Y,,,,,,,Y,N1,,,Y,Y,N1,90,N1,9,N1,Y,,6,N1,15,,,1,,,,,,,,,,,,,16,,,,,6,,,6,,1,1,,9,,,2,,,,,273,,,,,,,,,,,,,,,,,Y,N1,A2400010,11
2026-08-01 02:17:39,data_go_kr,충청남도,A2400038,학교법인건양교육재단건양대학교부여병원,9,20260801021405,041-837-1201,,,,,,,,,,,,,,,,,,,,,1,,,,,,,,,,,,,,Y,,,,,,,Y,N1,,,N1,Y,N1,24,N1,,N1,N1,,1,N1,9,,,1,,,,,,,,,,,,,,,,,,1,,,,,1,,,1,,,,,,,,55,,,,,,,,,,,,,,,,,Y,N1,A2400038,12
2026-08-01 02:17:39,data_go_kr,충청남도,A2400044,의료법인 서해병원,5,20260801021320,041-950-0219,,,,,,,,,,,,,,,,,,,,,2,,,,,,,,,,,,,,Y,,,,,,,Y,N1,,,N1,Y,N1,22,N1,,N1,N1,,,N1,5,,,2,,,,,,,,,,,,,,,,,,,,,,,1,,,1,,,,,,,,79,,,,,,,,,,,,,,,,,Y,N1,A2400044,13
2026-08-01 02:17:39,data_go_kr,충청남도,A2400039,현대병원,9,20260801021001,041-546-7744,N,N,,,,,,,,,,,,,,,,,,,1,,,,,,,,,,,,N,N,Y,0,,,N,,,Y,N,,,N,Y,N,9,N,0,N,Y,,3,N,10,,,1,,,,,,,,0,,,,,7,,,,,3,,,,0,1,1,0,3,0,0,0,0,0,0,0,84,,,,,,,,,,,,,,,,,Y,N,A2400039,14
2026-08-01 02:17:39,data_go_kr,충청남도,A2400004,의료법인 예당의료재단 예산종합병원,6,20260801021505,041-330-4119,,,,,,,,,,,,,,,,,,,,,1,,,,,,,,,,,,,,Y,,,,,,,Y,N1,,,N1,Y,N1,0,N1,4,N1,Y,,0,N1,6,,,1,,,,,,,,,,,,,9,,,,,0,,,,,0,0,,0,,,,,,,,88,,,,,,,,,,,,,,,,,Y,N1,A2400004,15
2026-08-01 02:17:39,data_go_kr,충청남도,A2400005,충청남도천안의료원,10,20260801021501,041-570-7119,,,,,,,,,,,,,,,,6,,,,,1,,,,,,,,,,,,,,Y,,,,,,,Y,N1,,,N1,Y,N1,55,N1,9,N1,Y,,4,N1,12,,,1,,,,,,,,,,,,,15,,,,,4,,,,,1,1,,10,,,,,,,,241,,,,,,,,,,,,,6,,,,Y,N1,A2400005,16
2026-08-01 02:17:39,data_go_kr,충청남도,E2400032,청양군보건의료원,6,20260801021500,041-940-4951,,,,,,,,,,,,,,,,,,,,,1,,,,,,,,,,,,,,Y,,,,,,,Y,N1,,,N1,Y,N1,12,N1,,N1,N1,,1,N1,6,,,1,,,,,,,,,,,,,,,,,,1,,,,,1,,,1,,,,,,,,12,,,,,,,,,,,,,,,,,Y,N1,E2400032,17
2026-08-01 02:17:39,data_go_kr,충청남도,E2400033,태안군보건의료원,9,20260801021501,041-671-5319,,,,,,,,,,,,,,,,,,,,,1,,,,,,,,,,,,,,Y,,,,,,,Y,N1,,,N1,Y,N1,18,N1,,N1,N1,,,N1,10,,,1,,,,,,,,,,,,,,,,,,,,,,,1,,,1,,,,,,,,34,,,,,,,,,,,,,,,,,Y,N1,E2400033,18
2026-08-01 02:17:39,data_go_kr,전북특별자치도,A2500001,원광대학교병원,4,20260801021516,063-859-1165,Y,Y,2,3,,,,2,,5,,,,,,,,3,,1,,5,,,3,6,12,,18,2,4,1,Y,,Y,,2,6,Y,,7,Y,Y,,,Y,Y,Y,119,Y,4,Y,Y,4,15,Y,26,3,,,18,8,15,15,,,,,,20,8,,15,7,31,,40,15,2,30,2,1,5,4,5,11,12,20,8,4,1,,2,543,2,3,,,,2,,,,,,,,,2,6,Y,Y,A2500001,1
2026-08-01 02:17:39,data_go_kr,전북특별자치도,A2500002,전북대학교병원,24,20260801021522,063-250-1131,Y,Y,2,5,,,2,1,,6,,,,,,,,5,,4,,5,5,,2,1,10,,,,8,15,Y,,Y,10,,,Y,,,Y,Y,,,Y,Y,Y,286,Y,,Y,Y,18,21,N1,36,5,,,17,10,8,25,10,,,18,,,11,,,2,30,,,21,,23,15,3,1,2,5,11,15,22,4,2,1,,,834,2,5,,,2,1,,,,,,,,,,,Y,Y,A2500002,2
2026-08-01 02:17:39,data_go_kr,전북특별자치도,A2500007,전북특별자치도군산의료원,13,20260801021302,063-472-5130,,Y,,,,,,,,,,,,,,,,,1,,2,0,,,,1,3,,,,,,Y,,Y,,,,,,,Y,N1,,,N1,Y,N1,82,N1,6,Y,Y,,6,N1,17,,1,2,2,,,,,,,,,,,,18,2,3,,,6,,,,1,1,1,,18,,2,,,,,,289,,,,,,,,,,,,,,,,,Y,N1,A2500007,3
2026-08-01 02:17:39,data_go_kr,전북특별자치도,A2500012,의료법인오성의료재단동군산병원,10,20260801021452,063-440-0516,,,,,,,,,,,,,,,,0,,,1,,5,0,,,,,2,,,,,,,,Y,,,,Y,,,Y,Y,,,Y,Y,N1,12,N1,1,N1,Y,,6,N1,17,,1,5,2,,,,,,,,,,,,24,,3,,,6,,,,,2,2,2,13,,,2,,,,,262,,,,,,,,,,,,,0,,,,Y,N1,A2500012,4
2026-08-01 02:17:39,data_go_kr,전북특별자치도,A2500004,전북특별자치도남원의료원,11,20260801021501,063-620-1119,,Y,,,,,,,,,,,,,,,,,1,,2,,,,,1,,,,,,,Y,,Y,,,,,,,Y,N1,,,N1,Y,N1,60,N1,3,Y,Y,,3,N1,17,,1,2,,,,,,,,,,,,,9,1,,,,3,,,,3,2,1,,10,,1,,,,,,190,,,,,,,,,,,,,,,,,Y,N1,A2500004,5
2026-08-01 02:17:39,data_go_kr,전북특별자치도,A2500011,의료법인대산의료재단익산병원,14,20260801021510,063-840-9112,,,,,,,,,,,,,,,,,,,1,,2,,,,,0,,,,,,,,,Y,,,,Y,,,Y,Y,,,N1,Y,N1,33,N1,8,N1,Y,,5,N1,17,,1,2,,,,,,,,,,,,,17,1,,,,5,,,,,2,2,1,7,,,,,,,,333,,,,,,,,,,,,,,,,,Y,N1,A2500011,6
2026-08-01 02:17:39,data_go_kr,전북특별자치도,A2500056,대자인병원,23,20260801021507,063-250-8701,,,,,,,,,,,,,,,,,,,1,8,2,,,,,2,,,,,,,,Y,Y,,,,Y,,,Y,Y,,,Y,Y,Y,29,N1,2,N1,Y,,15,Y,33,,1,2,,,36,,,,,,,,,,15,4,,,,15,,,,,4,3,2,12,,,4,2,,1,1,45,,,,,,,,,,,,,,,,,Y,N1,A2500056,7
2026-08-01 02:17:39,data_go_kr,전북특별자치도,A2500006,재단법인예수병원유지재단예수병원,26,20260801021348,063-230-8280,Y,Y,,,1,1,,,,,,,,,,,,8,1,,1,,,2,,4,,4,,,,0,Y,,Y,0,,,Y,,,Y,Y,,,Y,Y,Y,148,N1,-1,Y,Y,1,14,Y,38,10,1,2,,,,12,,2,,14,,,,,23,4,,6,,14,,,5,4,4,3,4,40,6,11,7,2,,,2,685,,,1,1,,,,,,,,,,,,,Y,Y,A2500006,8
2026-08-01 02:17:39,data_go_kr,전북특별자치도,A2500005,의료법인영경의료재단전주병원,8,20260801021512,063-226-6119,,,,,,,,,,,,,,,,,,,1,,2,,,,,,,,,,,,,,Y,,,,,,,Y,N1,,,Y,Y,N1,-5,N1,4,N1,Y,,5,N1,17,,1,2,,,,,,,,,,,,,9,,,,,5,,,,,1,2,,6,,,1,,,,,275,,,,,,,,,,,,,,,,,Y,N1,A2500005,9
2026-08-01 02:17:39,data_go_kr,전북특별자치도,A2500008,재단법인 아산사회복지재단 정읍아산병원,16,20260801021001,063-530-6129,,,,,,,,,,,,,,,,,,,1,,2,,,,,,,,,,,,,,Y,,,,,,,Y,N1,,,N1,Y,N1,55,N1,3,N1,Y,,3,N1,17,,1,2,,,,,,,,,,,,,12,,,,,3,,,,,1,1,,5,,,,,,,,276,,,,,,,,,,,,,,,,,Y,N1,A2500008,10
2026-08-01 02:17:39,data_go_kr,전북특별자치도,A2500009,의료법인석천재단고창병원,10,20260801021206,063-560-5558,,,,,,,,,,,,,,,,,,,,,1,,,,,,,,,,,,,,Y,,,,,,,Y,N1,,,N1,Y,N1,0,N1,,N1,Y,,2,N1,10,,,1,,,,,,,,,,,,,,,,,,2,,,,,1,1,,4,,,,,,,,258,,,,,,,,,,,,,,,,,Y,N1,A2500009,11
2026-08-01 02:17:39,data_go_kr,전북특별자치도,A2500038,김제우석병원,10,20260801021523,063-540-5119,,,,,,,,,,,,,,,,,,,,,1,,,,,,,,,,,,,,Y,,,,,,,Y,N1,,,N1,Y,N1,63,N1,,N1,Y,,2,N1,10,,,1,,,,,,,,,,,,,,,,,,2,,,,,1,1,,1,,,,,,,,200,,,,,,,,,,,,,,,,,Y,N1,A2500038,12
2026-08-01 02:17:39,data_go_kr,전북특별자치도,E2500019,무주군보건의료원,4,20260801021500,063-320-8315,,,,,,,,,,,,,,,,,,,,,1,,,,,,,,,,,,,,Y,,,,,,,Y,N1,,,N1,Y,N1,24,N1,,N1,N1,,,N1,4,,,1,,,,,,,,,,,,,,,,,,,,,,,1,,,1,,,,,,,,24,,,,,,,,,,,,,,,,,Y,N1,E2500019,13
2026-08-01 02:17:39,data_go_kr,전북특별자치도,A2500010,부안성모병원,10,20260801021315,063-580-8119,,,,,,,,,,,,,,,,,,,,,2,,,,,,,,,,,,,,Y,,,,,,,Y,N1,,,N1,Y,N1,15,N1,9,N1,Y,,3,N1,10,,,2,,,,,,,,,,,,,9,,,,,3,,,,,1,1,,2,,,,,,,,240,,,,,,,,,,,,,,,,,Y,N1,A2500010,14
2026-08-01 02:17:39,data_go_kr,전북특별자치도,E2500021,순창군보건의료원,8,20260801021501,063-650-5352,,,,,,,,,,,,,,,,,,,,,1,,,,,,,,,,,,,,Y,,,,,,,Y,N1,,,N1,Y,N1,28,N1,,N1,N1,,,N1,9,,,1,,,,,,,,,,,,,,,,,,,,,,,1,,,1,,,,,,,,30,,,,,,,,,,,,,,,,,Y,N1,E2500021,15
2026-08-01 02:17:39,data_go_kr,전북특별자치도,E2500022,임실군보건의료원,4,20260801021500,063-640-3119,,,,,,,,,,,,,,,,,,,,,1,,,,,,,,,,,,,,Y,,,,,,,Y,N1,,,N1,Y,N1,,N1,,N1,N1,,,N1,4,,,1,,,,,,,,,,,,,,,,,,,,,,,1,,,1,,,,,,,,,,,,,,,,,,,,,,,,,Y,N1,E2500022,16
2026-08-01 02:17:39,data_go_kr,전북특별자치도,E2500020,장수군보건의료원,5,20260801021500,063-350-2119,,,,,,,,,,,,,,,,,,,,,1,,,,,,,,,,,,,,,,,,,,,Y,N1,,,N1,N1,N1,19,N1,,N1,N1,,,N1,5,,,1,,,,,,,,,,,,,,,,,,,,,,,,,,1,,,,,,,,22,,,,,,,,,,,,,,,,,Y,N1,E2500020,17
2026-08-01 02:17:39,data_go_kr,전북특별자치도,A2501890,의료법인영경의료재단호성전주병원,8,20260801021410,063-240-8862,,,,,,,,,,,,,,,,,,,,,1,,,,,,,,,,,,,,Y,,,,,,,Y,N1,,,N1,Y,N1,15,N1,,N1,Y,,2,N1,9,,,1,,,,,,,,,,,,,,,,,,2,,,,,1,1,,1,,,,,,,,122,,,,,,,,,,,,,,,,,Y,N1,A2501890,18
2026-08-01 02:17:39,data_go_kr,전북특별자치도,A2502742,새강병원,11,20260801021422,063-289-9119,,,0,0,,0,0,,,0,,,,,,,,3,1,0,2,0,,,,3,,0,,0,,0,,,Y,,,,,,,Y,N1,,,N1,Y,N1,95,N1,16,N1,Y,,5,N1,14,3,1,2,0,0,0,,,,,,,,,,16,3,,0,,5,0,,0,,1,1,,1,,,,,,,,201,0,0,,0,0,,,,,,,,,,,,Y,N1,A2502742,19
2026-08-01 02:17:39,data_go_kr,전북특별자치도,A2502031,진안군의료원,6,20260801021502,063-430-7119,,,,,,,,,,,,,,,,,,,,,2,,,,,,,,,,,,,,Y,,,,,,,Y,N1,,,N1,Y,N1,13,N1,,N1,Y,,2,N1,6,,,2,,,,,,,,,,,,,,,,,,2,,,,,1,1,,3,,,,,,,,64,,,,,,,,,,,,,,,,,Y,N1,A2502031,20
2026-08-01 02:17:39,data_go_kr,전북특별자치도,A2500003,전주고려병원,10,20190311000039,063-240-7330,,,,,,,,,,,,,,,,,,,,,,,,,,,,,,,,,,,Y,,,,,,,Y,N1,,,N1,Y,N1,34,N1,,N1,Y,,6,N1,10,,,,,,,,,,,,,,,,,,,,,6,,,,,1,1,,2,,,,,,,,281,,,,,,,,,,,,,,,,,Y,N1,A2500003,21
2026-08-01 02:17:39,data_go_kr,경상북도,A2700007,차의과학대학교부속구미차병원,13,20260801021505,054-450-9998,Y,Y,,,,,0,,,,,,,,,,,5,3,,3,1,,,,,6,,,,,,Y,Y,Y,,,,Y,,,Y,Y,,,Y,Y,Y,41,Y,0,Y,Y,0,8,N1,20,5,3,3,25,,,8,,,,,,,,,18,,30,,,8,,,,3,3,2,2,21,3,13,2,1,2,1,,301,,,,,3,,,,,,,,,,,,Y,Y,A2700007,1
2026-08-01 02:17:39,data_go_kr,경상북도,A2700014,의료법인안동병원,8,20260801021200,054-840-0119,Y,Y,2,1,,,0,,,1,,,,,,,,1,,,,4,,,,0,6,,3,2,0,4,Y,Y,Y,,2,6,Y,,6,Y,Y,,,Y,Y,Y,96,Y,0,Y,Y,10,11,Y,15,3,,,19,20,,10,,,,,,20,,,13,3,30,,40,11,2,34,6,3,6,3,5,67,3,12,14,4,13,1,1,775,2,3,,,1,,,,,,,,,,2,6,Y,Y,A2700014,2
2026-08-01 02:17:39,data_go_kr,경상북도,A2700016,포항성모병원,16,20260801021242,054-260-8600,Y,Y,2,3,,,,3,0,,,,,,,,,11,,,,4,,,,1,1,,,,,1,Y,Y,Y,,,,Y,,,Y,Y,,,Y,Y,Y,49,Y,6,Y,Y,,9,Y,20,11,,,15,,,,,,,,,,,,16,1,17,,,9,,,1,1,3,2,2,25,1,6,4,1,2,1,3,468,2,3,,,,5,13,,,,,,,,,,Y,Y,A2700016,3
2026-08-01 02:17:39,data_go_kr,경상북도,A2700003,동국대학교의과대학경주병원,12,20260801021036,054-770-8306,Y,Y,,,,,,,,1,,,,,,,,3,2,0,5,,,,,3,,,,,13,1,Y,,Y,,,,Y,,,Y,Y,,,Y,Y,N1,93,N1,0,Y,Y,,6,N1,16,3,2,5,,11,17,,,,,,,,,,7,4,,,,7,,20,3,1,2,2,2,26,2,6,3,,,,,279,,,,,,,,,,,,,,,,,Y,Y,A2700003,4
2026-08-01 02:17:39,data_go_kr,경상북도,A2700013,순천향대학교부속구미병원,2,20260801021120,054-468-9119,,Y,,,,,,,,,,,,,,,,3,1,,2,1,,,,2,0,,,,,1,Y,,Y,,,,Y,,,Y,Y,,,Y,Y,N1,64,N1,3,Y,Y,,6,N1,13,4,1,2,2,,,,,,,,,,,,31,2,3,,,6,,,1,1,2,2,2,20,,1,2,,,,,263,,,,,,,,,,,,,,,,,Y,N1,A2700013,5
2026-08-01 02:17:39,data_go_kr,경상북도,A2700012,의료법인덕산의료재단김천제일병원,14,20260801021127,054-420-9500,,,,,,,,,,,,,,,,,,,1,,3,1,,,,,1,,,,,,Y,,Y,,,,Y,,,Y,Y,,,Y,Y,N1,62,N1,7,N1,Y,,4,Y,16,,1,3,2,,,,,,,,,,,,16,,3,,,4,,,,3,1,1,1,10,,,1,,,,1,276,,,,,,,,,,,,,,,,,Y,N1,A2700012,6
2026-08-01 02:17:39,data_go_kr,경상북도,A2700006,의료법인동춘의료재단문경제일병원,17,20260801021500,054-550-7777,,,,,,,,,,,,,,,,,,,1,,1,2,,,,1,3,,,,61,3,,,Y,,,,,,,Y,N1,,,N1,Y,N1,64,N1,8,N1,Y,,3,N1,17,,1,2,2,,,,,,,,,,,,29,1,3,,,3,,162,4,,2,1,,8,,,,,,,,306,,,,,,,,,,,,,,,,,Y,N1,A2700006,7
2026-08-01 02:17:39,data_go_kr,경상북도,A2700004,안동성소병원,12,20260801021516,054-850-8282,,Y,,,,,,,,,,,,,,,5,,1,,2,1,,,,3,2,,,,22,0,Y,,Y,,,,Y,,,Y,Y,,,Y,Y,N1,130,N1,8,Y,Y,,6,N1,12,,1,2,2,,,,,,,,,,,,16,3,3,,,6,,186,2,1,2,2,2,21,,4,1,,,,,393,,,,,,,,,,,,,,5,,,Y,N1,A2700004,8
2026-08-01 02:17:39,data_go_kr,경상북도,A2700002,포항세명기독병원,11,20260801021426,054-289-1711,,,,,,,,,,,,,,,,,6,,1,,3,0,,,,0,2,,,,,0,,,Y,,,,Y,,,Y,Y,,,Y,Y,Y,69,Y,10,N1,Y,,14,Y,15,,1,3,2,,,,,,,,,,,,52,1,3,,,14,,,6,,6,5,4,25,,,5,1,1,,1,662,,,,,,,,,,,,,,6,,,Y,N1,A2700002,9
2026-08-01 02:17:39,data_go_kr,경상북도,A2700019,의)근원의료재단경산중앙병원,9,20260801021506,053-715-0119,,,,,,,,,,,,,,,,,,,,,2,,,,,0,,,,,42,,,,Y,,,,,,,Y,N1,,,N1,Y,N1,57,N1,1,N1,Y,,4,N1,10,,,2,,,,,,,,,,,,,11,2,,,,4,,116,,,1,1,,9,,,,,,,,301,,,,,,,,,,,,,,,,,Y,N1,A2700019,10
2026-08-01 02:17:39,data_go_kr,경상북도,A2700036,의료법인서명의료재단세명종합병원,10,20260801021310,053-819-8500,,,,,,,,,,,,,,,,,,,,,2,,,,,,,,,,1,,,,Y,,,,,,,Y,N1,,,N1,Y,N1,32,N1,0,N1,Y,,4,N1,13,,,2,,,,,,,,,,,,,14,,,,,4,,22,,,1,1,,6,,,,,,,,264,,,,,,,,,,,,,,,,,Y,N1,A2700036,11
2026-08-01 02:17:39,data_go_kr,경상북도,A2700097,계명대학교경주동산병원,9,20260801021419,054-770-9420,,,,,,,,,,,,,,,,,,,,,1,,,,,,,,,,,,,,Y,,,,,,,Y,N1,,,N1,Y,N1,42,N1,,N1,Y,,2,N1,9,,,1,,,,,,,,,,,,,,,,,,2,,,,,1,1,,1,,,,,,,,88,,,,,,,,,,,,,,,,,Y,N1,A2700097,12
2026-08-01 02:17:39,data_go_kr,경상북도,A2700070,의료법인영암의료재단고령영생병원,5,20260801021449,070-4700-0728,,,,,,,,,,,,,,,,,,,,,1,,,,,,,,,,,,,,Y,,,,,,,Y,N1,,,N1,Y,N1,25,N1,,N1,N1,,1,N1,5,,,1,,,,,,,,,,,,,,,,,,1,,,,,1,,,1,,,,,,,,59,,,,,,,,,,,,,,,,,Y,N1,A2700070,13
2026-08-01 02:17:39,data_go_kr,경상북도,A2700015,구미강동병원,5,20260801021454,054-478-9521,,,,,,,,,,,,,,,,9,,,1,,2,,,,,,,,,,,,,,Y,,,,Y,,,Y,Y,,,N1,Y,N1,39,N1,6,N1,Y,,5,N1,7,,1,2,,,,,,,,,,,,,12,,,,,5,,,,,1,1,1,3,,,,,,,,191,,,,,,,,,,,,,9,,,,Y,N1,A2700015,14
2026-08-01 02:17:39,data_go_kr,경상북도,A2700018,경상북도김천의료원,17,20260801021502,054-429-8234,,,,,,,,,,,,,,,,,,,1,,,,,,,2,,,,,,,,,Y,,,,,,,Y,N1,,,N1,Y,N1,32,N1,8,N1,Y,,5,N1,17,,1,,,,,,,,,,,,,,22,3,,,,5,,,,,1,2,,7,,,,,,,,274,,,,,,,,,,,,,,,,,Y,N1,A2700018,15
2026-08-01 02:17:39,data_go_kr,경상북도,A2700009,의료법인삼백의료재단상주성모병원,7,20260801021437,054-530-7811,,,,,,,,,,,,,,,,,,,,,1,,,,,,,,,,,,,,Y,,,,,,,Y,N1,,,N1,Y,N1,26,N1,1,N1,Y,,3,N1,9,,,1,,,,,,,,,,,,,10,,,,,3,,,,,1,1,,1,,,,,,,,172,,,,,,,,,,,,,,,,,Y,N1,A2700009,16
2026-08-01 02:17:39,data_go_kr,경상북도,A2700011,상주적십자병원,5,20260801021334,054-530-3171,,Y,,,,,,,,,,,,,,,,,1,,,,,,,,,,,,,,Y,,Y,,,,,,,Y,N1,,,Y,Y,N1,45,N1,5,Y,Y,,3,N1,9,,1,,,,,,,,,,,,,,10,,,,,3,,,,1,1,1,,7,,2,1,,,,,164,,,,,,,,,,,,,,,,,Y,N1,A2700011,17
2026-08-01 02:17:39,data_go_kr,경상북도,A2700001,경상북도안동의료원,6,20260801021505,054-850-6100,,,,,,,,,,,,,,,,,,,,,2,,,,,,,,,,,,,,Y,,,,,,,Y,N1,,,N1,Y,N1,114,N1,0,N1,Y,,5,N1,6,,,2,,,,,,,,,,,,,10,,,,,5,,,,,1,1,,8,,,,,,,,238,,,,,,,,,,,,,,,,,Y,N1,A2700001,18
2026-08-01 02:17:39,data_go_kr,경상북도,A2700031,영주기독병원,4,20260801021231,054-635-3050,,Y,,,,,,,,,,,,,,,,,,,1,,,,,,,,,,,,Y,,Y,,,,,,,Y,N1,,,N1,Y,N1,7,N1,,Y,N1,,1,N1,4,,,1,,,,,,,,,,,,,,,,,,1,,,,1,1,,,1,,2,,,,,,70,,,,,,,,,,,,,,,,,Y,N1,A2700031,19
2026-08-01 02:17:39,data_go_kr,경상북도,A2700020,영주자인병원,4,20260801021452,070-7335-5229,,,,,,,,,,,,,,,,,,,,,1,,,,,,,,,,,,,,Y,,,,,,,Y,N1,,,N1,Y,N1,17,N1,,N1,Y,,,N1,4,,,1,,,,,,,,,,,,,,,,,,2,,,,,1,1,,,,,,,,,,133,,,,,,,,,,,,,,,,,N1,N1,A2700020,20
2026-08-01 02:17:39,data_go_kr,경상북도,A2702752,영주적십자병원,6,20260731150746,054-630-0112,,,,,,,,,,,,,,,,,,,1,,,,,,,,,,,,,,,,Y,,,,,,,Y,N1,,,Y,Y,N1,67,N1,7,N1,Y,,3,N1,10,,1,,,,,,,,,,,,,,10,,,,,3,,,,,1,1,,4,,,1,,,,,140,,,,,,,,,,,,,,,,,Y,N1,A2702752,21
2026-08-01 02:17:39,data_go_kr,경상북도,A2700017,영남대학교의과대학부속영천병원,7,20260801021250,054-330-7575,,,,,,,,,,,,,,,,,,,1,,2,,,,,,,,,,,,,,Y,,,,,,,Y,N1,,,N1,Y,N1,45,N1,2,N1,Y,,4,N1,10,,1,2,,,,,,,,,,,,,10,,,,,4,,,,,1,1,,1,,,,,,,,190,,,,,,,,,,,,,,,,,Y,N1,A2700017,22
2026-08-01 02:17:39,data_go_kr,경상북도,A2700023,의료법인서준의료재단예천권병원,4,20260801021049,054-650-2119,,Y,,,,,,,,,,,,,,,,,1,,0,,,,,,,,,,,0,Y,,Y,,,,,,,Y,N1,,,N1,Y,N1,76,N1,,Y,Y,,2,N1,6,,1,0,,,,,,,,,,,,,,,,,,2,,,0,1,1,1,,3,,2,,,,,,173,,,,,,,,,,,,,,,,,Y,N1,A2700023,23
2026-08-01 02:17:39,data_go_kr,경상북도,E2700553,울릉군보건의료원,4,20260801021501,054-790-6911,,,,,,,,,,,,,,,,,,,,,,,,,,,,,,,,,,,Y,,,,,,,Y,N1,,,N1,Y,N1,26,N1,,N1,N1,,1,N1,5,,,,,,,,,,,,,,,,,,,,,1,,,,,1,,,1,,,,,,,,27,,,,,,,,,,,,,,,,,Y,N1,E2700553,24
2026-08-01 02:17:39,data_go_kr,경상북도,A2700052,울진군의료원,8,20260801021102,054-785-7119,,,,,,,,,,,,,,,,,,,2,,,,,,,,,,,,,2,,,Y,,,,,,,Y,N1,,,N1,Y,N1,40,N1,,N1,Y,,3,N1,8,,2,,,,,,,,,,,,,,,,,,,3,,,2,,1,1,,1,,,,,,,,97,,,,,,,,,,,,,,,,,Y,N1,A2700052,25
2026-08-01 02:17:39,data_go_kr,경상북도,A2700063,의료법인영제의료재단영남제일병원,4,20260801020614,054-861-9111,,,,,,,,,,,,,,,,,,,,,1,,,,,,,,,,,,,,Y,,,,,,,Y,N1,,,N1,Y,N1,27,N1,,N1,N1,,1,N1,,,,,,,,,,,,,,,,,,,,,,,,,,,,,,,,,,,,,,,,,,,,,,,,,,,,,,,Y,N1,A2700063,26
2026-08-01 02:17:39,data_go_kr,경상북도,A2700038,의료법인대남의료재단청도대남병원,10,20260801021411,054-370-5112,,,,,,,,,,,,,,,,,,,,,,,,,,,,,,,,,,,Y,,,,,,,Y,N1,,,N1,Y,N1,93,N1,,N1,Y,,1,N1,10,,,,,,,,,,,,,,,,,,,,,1,,,,,1,1,,1,,,,,,,,115,,,,,,,,,,,,,,,,,Y,N1,A2700038,27
2026-08-01 02:17:39,data_go_kr,경상북도,E2700554,청송군보건의료원,6,20260801021500,054-870-7119,,,,,,,,,,,,,,,,,,,,,1,,,,,,,,,,,,,,,,,,,,,Y,N1,,,N1,N1,N1,43,N1,,N1,N1,,,N1,6,,,1,,,,,,,,,,,,,,,,,,,,,,,,,,1,,,,,,,,39,,,,,,,,,,,,,,,,,Y,N1,E2700554,28
2026-08-01 02:17:39,data_go_kr,경상북도,A2700008,에스포항병원,3,20260801021249,054-289-9120,Y,,,,,,,,,,,,,,,,,,,,1,,,,,1,,,,,,,,,Y,,,,Y,,,Y,Y,,,Y,Y,N1,39,N1,7,N1,Y,,4,N1,6,,,1,,,,,,,,,,,,,14,1,,,,4,,,,,2,2,3,9,9,,1,,,,,239,,,,,,,,,,,,,,,,,Y,Y,A2700008,29
2026-08-01 02:17:39,data_go_kr,경상북도,A2702563,의료법인은성의료재단좋은선린병원,9,20260801021451,054-245-5200,,,,,,,,,,,,,,,,2,,,,,2,,,,,1,,,,,,,,,Y,,,,N,,,Y,N,,,N1,Y,N1,81,N1,0,N1,Y,,4,N,10,,,2,,,,,,,,,,,,,17,1,,,,4,,,,,1,1,2,7,,,,,,,14,281,,,,,,,,,,,,,2,,,,N,N1,A2702563,30
2026-08-01 02:17:39,data_go_kr,경상북도,A2700005,경상북도포항의료원,8,20260801021502,054-245-0129,,,,,,,,,,,,,,,,,,,1,,1,,,,,1,,,,,10,6,,,Y,,,,,,,Y,N1,,,N1,Y,N1,38,N1,5,N1,Y,,3,N1,8,,1,1,,,,,,,,,,,,,19,1,,,,3,,56,7,,1,1,,4,,,,,,,,177,,,,,,,,,,,,,,,,,Y,N1,A2700005,31
2026-08-01 02:17:39,data_go_kr,경상북도,A2700030,의료법인석촌의료재단성주병원,5,20240119175503,054-932-1909,,,,,,,,,,,,,,,,,,,,,3,,,,,,,,,,,,,,Y,,,,,,,Y,N1,,,N1,Y,N1,49,N1,,N1,N1,,1,N1,5,,,3,,,,,,,,,,,,,,,,,,1,,,,,1,,,1,,,,,,,,55,,,,,,,,,,,,,,,,,Y,N1,A2700030,32
2026-08-01 02:17:39,data_go_kr,경상남도,A2800011,양산부산대학교병원,5,20260801021327,055-360-1463,Y,Y,2,1,1,0,0,0,,7,,0,0,,4,,,5,,3,0,8,6,1,,0,18,3,,,9,4,Y,,Y,5,,,Y,,,Y,Y,,3,Y,Y,Y,267,Y,,Y,Y,12,25,N1,23,8,,1,16,16,11,38,11,2,,9,,,,10,,0,30,6,,25,,33,4,4,6,5,6,92,24,23,19,12,2,,,766,2,3,1,1,2,2,,,0,0,,4,,,,,Y,Y,A2800011,1
2026-08-01 02:17:39,data_go_kr,경상남도,A2800001,경상국립대학교병원,14,20260801021500,055-750-8282,Y,Y,,,,,,0,,1,,,,,,,,3,2,6,3,1,,,0,1,19,,26,2,2,6,Y,,Y,,2,6,Y,,13,Y,Y,,,Y,Y,Y,253,Y,,Y,Y,7,15,N1,28,3,2,3,14,8,9,15,,,,,,20,6,,,3,30,,40,15,2,23,7,7,3,3,5,18,9,20,6,4,17,,,655,,,,,,6,,,,,,,,,2,6,Y,Y,A2800001,2
2026-08-01 02:17:39,data_go_kr,경상남도,A2800020,학교법인성균관대학삼성창원병원,23,20260801021509,055-233-8899,Y,Y,,,,,,0,,0,,,,,,,,8,2,9,3,1,,,,0,25,,,,,2,Y,,Y,,,,Y,,,Y,Y,,,Y,Y,Y,190,Y,,Y,Y,20,16,N1,27,8,2,3,19,15,20,24,,,,,,,,,,3,30,,,16,,,5,7,4,3,4,45,8,20,5,3,3,,,645,,,,,,1,,,,,,,,,,,Y,Y,A2800020,3
2026-08-01 02:17:39,data_go_kr,경상남도,A2800010,의료법인환명의료재단 조은금강병원,14,20260801021237,055-330-0200,,,,,,,,,,,,,,,,,,,1,,2,,,,,1,,,,,4,,,,Y,,,,Y,,,Y,Y,,,N1,Y,N1,48,N1,13,N1,Y,,4,Y,17,,1,2,,,,,,,,,,,,,23,1,,,,4,,96,,,1,2,1,7,,,,,,,2,305,,,,,,,,,,,,,,,,,Y,N1,A2800010,4
2026-08-01 02:17:39,data_go_kr,경상남도,A2800006,의료법인숭인의료재단 김해복음병원,13,20260801021258,055-330-8844,,,,,,,,,,,,,,,,,,,1,,3,,,,,1,,,,,,,,,Y,,,,Y,,,Y,Y,,,Y,Y,N1,19,N1,3,N1,Y,,5,N1,16,,1,3,,,,,,,,,,,,,18,1,,,,5,,,,,2,3,1,3,,,3,,,,,359,,,,,,,,,,,,,,,,,Y,N1,A2800006,5
2026-08-01 02:17:39,data_go_kr,경상남도,A2800043,한일병원,16,20260801021107,055-750-1333,,,,,,,,,,,,,,,,,,,1,,2,0,,,,1,2,,,,,,,,Y,,,,Y,,,Y,Y,,,Y,Y,N1,15,N1,5,N1,Y,,4,Y,17,,1,2,2,,,,,,,,,,,,13,1,3,,,4,,,,,2,2,1,6,,,1,,,,1,282,,,,,,,,,,,,,,,,,Y,N1,A2800043,6
2026-08-01 02:17:39,data_go_kr,경상남도,A2800003,제일병원,12,20260801021528,055-750-7119,,,,,,,,,,,,,,,,,,,1,,2,,,,,,,,,,,,,Y,Y,,,,Y,,,Y,Y,,,N1,Y,N1,54,N1,3,N1,Y,,4,Y,17,,1,2,,,,,,,,,,,,,9,,,,,7,,,,,2,2,1,4,,,,,,1,1,258,,,,,,,,,,,,,,,,,Y,N1,A2800003,7
2026-08-01 02:17:39,data_go_kr,경상남도,A2800017,의료법인합포의료재단에스엠지연세병원,11,20260801021507,055-240-7777,,,,,,,,,,,,,,,,,,,1,,2,,,,,1,,,,,,,,,Y,,,,Y,,,Y,Y,,,Y,Y,N1,32,N1,2,N1,Y,,4,N1,17,,1,2,,,,,,,,,,,,,12,1,,,,4,,,,,1,2,1,7,,,1,,,,,286,,,,,,,,,,,,,,,,,Y,N1,A2800017,8
2026-08-01 02:17:39,data_go_kr,경상남도,A2803505,창원경상국립대학교병원,11,20260801021202,055-214-1339,Y,Y,,,,,,,,,,,,5,0,,,,1,,2,,,,,2,,,,,11,6,Y,,Y,,,,Y,,,Y,Y,,,Y,Y,Y,216,Y,12,Y,Y,3,12,N1,18,,1,2,,,,17,,,,,,,,,34,2,,,,13,,22,6,9,3,2,5,52,9,22,6,7,14,,,437,,,,,,,,,,,5,0,,,,,Y,Y,A2803505,9
2026-08-01 02:17:39,data_go_kr,경상남도,A2800007,창원한마음병원,14,20260801021510,055-225-0350,Y,Y,,,,,,,,2,,,,,,,,,1,5,0,,,,,1,,,,,,0,Y,,Y,,,,Y,,,Y,Y,,,Y,Y,Y,31,Y,,Y,Y,10,13,Y,21,,1,3,,25,37,10,,,,,,,,,,1,,,,13,,,6,2,4,4,4,29,3,11,6,1,2,,2,688,,,,,,,,,,,,,,,,,Y,Y,A2800007,10
2026-08-01 02:17:39,data_go_kr,경상남도,A2800004,창원파티마병원,10,20260801021106,055-270-1119,Y,Y,,,,,,,,1,,,,,,,,,1,3,2,0,,,,0,1,,,,,5,Y,Y,Y,,,,Y,,,Y,Y,,,Y,Y,N1,71,Y,,Y,Y,2,7,N1,17,,1,2,2,12,13,2,,,,,,,,,,2,3,,,7,,,6,2,4,3,3,16,3,6,3,,4,1,,444,,,,,,,,,,,,,,,,,Y,Y,A2800004,11
2026-08-01 02:17:39,data_go_kr,경상남도,A2800008,의료법인 거붕 백병원,6,20260801021452,055-733-0180,,,,,,,,,,,,,,,,,,,,,1,,,,,,,,,,,,,,Y,,,,,,,Y,N1,,,N1,Y,N1,12,N1,6,N1,Y,,4,N1,9,,,1,,,,,,,,,,,,,20,,,,,4,,,,,2,2,,12,,,,,,,,365,,,,,,,,,,,,,,,,,Y,N1,A2800008,12
2026-08-01 02:17:39,data_go_kr,경상남도,A2800005,의료법인 대우의료재단대우병원,8,20260801021459,055-680-8119,,,,,,,,,,,,,,,,,,,,,1,,,,,,,,,,,,,,Y,,,,,,,Y,N1,,,N1,Y,N1,17,N1,0,N1,Y,,4,N1,9,,,1,,,,,,,,,,,,,10,,,,,4,,,,,2,1,,5,,,,,,,,231,,,,,,,,,,,,,,,,,Y,N1,A2800005,13
2026-08-01 02:17:39,data_go_kr,경상남도,A2800022,의료법인 성념의료재단맑은샘병원,9,20260801021108,055-736-0119,,,,,,,,,,,,,,,,,,,,,1,,,,,,,,,,,,,,Y,,,,,,,Y,N1,,,N1,Y,N1,0,N1,,N1,Y,,2,N1,9,,,1,,,,,,,,,,,,,,,,,,2,,,,,1,1,,4,,,,,,,,200,,,,,,,,,,,,,,,,,Y,N1,A2800022,14
2026-08-01 02:17:39,data_go_kr,경상남도,A2800076,거창적십자병원,9,20260801021304,055-949-3359,,Y,,,,,,,,,,,,,,,,,,,1,,,,,,,,,,,,Y,,Y,,,,,,,Y,N1,,,N1,Y,N1,32,N1,,Y,Y,,2,N1,9,,,1,,,,,,,,,,,,,,,,,,2,,,,1,1,1,,2,,2,,,,,,91,,,,,,,,,,,,,,,,,Y,N1,A2800076,15
2026-08-01 02:17:39,data_go_kr,경상남도,A2800032,강병원,9,20260801021459,055-673-4848,,,,,,,,,,,,,,,,,,,,,1,,,,,,,,,,,,,,Y,,,,,,,Y,N1,,,N1,Y,N1,11,N1,,N1,Y,,1,N1,9,,,1,,,,,,,,,,,,,,,,,,1,,,,,1,1,,1,,,,,,,,99,,,,,,,,,,,,,,,,,Y,N1,A2800032,16
2026-08-01 02:17:39,data_go_kr,경상남도,A2803677,강일병원,6,20260801021047,055-822-0119,,,,,,,,,,,,,,,,,,,1,,2,,,,,,,,,,,,,,Y,,,,Y,,,Y,Y,,,N1,Y,N1,122,N1,13,N1,Y,,5,N1,8,,1,2,,,,,,,,,,,,,15,,,,,5,,,,,1,2,1,1,,,,,,,,275,,,,,,,,,,,,,,,,,Y,N1,A2803677,17
2026-08-01 02:17:39,data_go_kr,경상남도,A2800014,의료법인갑을의료재단 갑을장유병원,7,20260801021451,055-310-6119,,,,,,,,,,,,,,,,,,,1,,,,,,,,,,,,,,,,Y,,,,,,,Y,N1,,,N1,Y,N1,29,N1,,N1,Y,,4,N1,9,,1,,,,,,,,,,,,,,,,,,,4,,,,,1,1,,1,,,,,,,,210,,,,,,,,,,,,,,,,,Y,N1,A2800014,18
2026-08-01 02:17:39,data_go_kr,경상남도,A2800094,의료법인 이도의료재단 남해병원,8,20260801014400,055-860-6630,N,N,,,,,,,,,,,,,,,,,1,,1,,,,,,,,,,,,N,N,Y,,,,N,,,Y,N,,,N,Y,N,74,N,,N,Y,,2,N,,,,,,,,,,,,,,,,,,,,,,,,,,,,,,,,,,,,,,,,,,,,,,,,,,,,,,,N,N,A2800094,19
2026-08-01 02:17:39,data_go_kr,경상남도,A2800113,밀양병원,8,20260801021523,055-356-9119,,,,,,,,,,,,,,,,,,,,,1,,,,,,,,,,,,,,Y,,,,,,,Y,N1,,,N1,Y,N1,33,N1,,N1,Y,,0,N1,8,,,1,,,,,,,,,,,,,,,,,,0,,,,,1,1,,1,,,,,,,,200,,,,,,,,,,,,,,,,,Y,N1,A2800113,20
2026-08-01 02:17:39,data_go_kr,경상남도,A2800068,의료법인승연의료재단 삼천포서울병원,9,20260801020810,055-830-9019,,,,,,,,,,,,,,,,,,,,,1,,,,,,,,,,,,,,Y,,,,Y,,,Y,Y,,,N1,Y,N1,47,N1,,N1,Y,,3,Y,9,,,1,,,,,,,,,,,,,,,,,,3,,,,,1,2,1,4,,,,,,,1,287,,,,,,,,,,,,,,,,,Y,N1,A2800068,21
2026-08-01 02:17:39,data_go_kr,경상남도,A2800101,삼천포제일병원,8,20260801021127,055-830-3099,,,,,,,,,,,,,,,,,,,,,2,,,,,,,,,,,,,,Y,,,,,,,Y,N1,,,N1,Y,N1,67,N1,,N1,Y,,2,N,8,,,2,,,,,,,,,,,,,,,,,,2,,,,,1,1,,1,,,,,,,1,214,,,,,,,,,,,,,,,,,Y,N1,A2800101,22
2026-08-01 02:17:39,data_go_kr,경상남도,E2800380,산청군보건의료원,5,20260801021501,055-970-7582,,,,,,,,,,,,,,,,,,,,,1,,,,,,,,,,,,,,,,,,,,,Y,N1,,,N1,N1,N1,20,N1,,N1,N1,,,N1,5,,,1,,,,,,,,,,,,,,,,,,,,,,,,,,1,,,,,,,,20,,,,,,,,,,,,,,,,,Y,N1,E2800380,23
2026-08-01 02:17:39,data_go_kr,경상남도,A2804593,양산성모병원,13,20260801021532,055-912-9785,,,,,,,,,,,,,,,,,,,1,,,,,,,,,,,,,,,,Y,,,,,,,Y,N1,,,N1,Y,N1,132,N1,6,N1,Y,,4,N1,13,,1,,,,,,,,,,,,,,6,,,,,4,,,,,1,2,,1,,,,,,,,214,,,,,,,,,,,,,,,,,Y,N1,A2804593,24
2026-08-01 02:17:39,data_go_kr,경상남도,A2800019,베데스다복음병원,8,20260801021427,055-781-9911,,,,,,,,,,,,,,,,,,,,,1,,,,,,,,,,,,,,Y,,,,,,,Y,N1,,,N1,Y,N1,50,N1,,N1,Y,,3,N1,9,,,1,,,,,,,,,,,,,,,,,,3,,,,,1,1,,1,,,,,,,,133,,,,,,,,,,,,,,,,,Y,N1,A2800019,25
2026-08-01 02:17:39,data_go_kr,경상남도,A2800090,의령병원,3,20260801021416,055-573-6806,,,,,,,,,,,,,,,,,,,,,1,,,,,,,,,,,,,,Y,,,,,,,Y,N1,,,N1,Y,N1,29,N1,,N1,N1,,,N1,4,,,1,,,,,,,,,,,,,,,,,,,,,,,1,,,1,,,,,,,,58,,,,,,,,,,,,,,,,,Y,N1,A2800090,26
2026-08-01 02:17:39,data_go_kr,경상남도,A2800084,반도병원,7,20260801021006,055-749-0200,,,,,,,,,,,,,,,,,,,,,1,,,,,,,,,,,,,,Y,,,,,,,Y,N1,,,N1,Y,N1,70,N1,,N1,Y,,3,N1,7,,,1,,,,,,,,,,,,,,,,,,3,,,,,1,1,,3,,,,,,,,165,,,,,,,,,,,,,,,,,Y,N1,A2800084,27
2026-08-01 02:17:39,data_go_kr,경상남도,A2800015,의료법인 문병욱의료재단 진주고려병원,9,20260801021422,055-751-2525,,,,,,,,,,,,,,,,,,,,,1,,,,,,,,,,,,,,Y,,,,Y,,,Y,Y,,,N1,Y,N1,63,N1,8,N1,Y,,4,Y,10,,,1,,,,,,,,,,,,,9,,,,,4,,,,,2,2,1,4,,,,,,,1,229,,,,,,,,,,,,,,,,,Y,N1,A2800015,28
2026-08-01 02:17:39,data_go_kr,경상남도,A2800037,진주복음병원,7,20260801021437,055-749-7119,,,,,,,,,,,,,,,,,,,,,1,,,,,,,,,,,,,,Y,,,,,,,Y,N1,,,N1,Y,N1,41,N1,,N1,N,,3,N1,9,,,1,,,,,,,,,,,,,,,,,,3,,,,,1,1,,1,,,,,,,,131,,,,,,,,,,,,,,,,,N,N1,A2800037,29
2026-08-01 02:17:39,data_go_kr,경상남도,A2800062,태황의료재단한성병원,7,20260801021431,055-530-5119,,,,,,,,,,,,,,,,,,,,,1,,,,,,,,,,,,,,,,,,,,,Y,N1,,,N1,N1,N1,43,N1,,N1,N1,,,N1,9,,,1,,,,,,,,,,,,,,,,,,,,,,,,,,,,,,,,,,167,,,,,,,,,,,,,,,,,N1,N1,A2800062,30
2026-08-01 02:17:39,data_go_kr,경상남도,A2800025,경상남도마산의료원,12,20260801021501,055-249-1119,,,,,,,,,,,,,,,,,,,1,,1,,,,,2,,,,,,22,,,Y,,,,,,,Y,N1,,,Y,Y,N1,78,N1,3,N1,Y,,5,N1,13,,1,1,,,,,,,,,,,,,6,2,,,,5,,,27,,1,1,,17,,,2,,,,,263,,,,,,,,,,,,,,,,,Y,N1,A2800025,31
2026-08-01 02:17:39,data_go_kr,경상남도,A2800009,의료법인청아의료재단청아병원,9,20260801021309,055-230-1700,,,,,,,,,,,,,,,,,,,,,1,,,,,,,,,,,,,,Y,,,,,,,Y,N1,,,N1,Y,N1,67,N1,,N1,Y,,4,N1,9,,,1,,,,,,,,,,,,,,,,,,4,,,,,2,2,,4,,,,,,,,274,,,,,,,,,,,,,,,,,Y,N1,A2800009,32
2026-08-01 02:17:39,data_go_kr,경상남도,A2800021,연세에스병원,9,20260801021142,055-548-7789,,,,,,,,,,,,,,,,,,,,,1,,,,,,,,,,,,,,Y,,,,Y,,,Y,Y,,,N1,Y,N1,108,N1,4,N1,Y,,3,N1,9,,,1,,,,,,,,,,,,,10,,,,,3,,,,,2,2,1,5,,,,,,,,255,,,,,,,,,,,,,,,,,Y,N1,A2800021,33
2026-08-01 02:17:39,data_go_kr,경상남도,A2800092,새통영병원,9,20260801021530,055-640-4119,,,,,,,,,,,,,,,,,,,,,1,,,,,,,,,,,,,,Y,,,,,,,Y,N1,,,N1,Y,N1,60,N1,,N1,Y,,3,N1,9,,,1,,,,,,,,,,,,,,,,,,3,,,,,1,2,,3,,,,,,,,256,,,,,,,,,,,,,,,,,Y,N1,A2800092,34
2026-08-01 02:17:39,data_go_kr,경상남도,A2800080,함양성심병원,3,20260801021241,055-964-4322,,,,,,,,,,,,,,,,,,,,,1,,,,,,,,,,,,,,Y,,,,,,,Y,N1,,,N1,Y,N1,11,N1,,N1,Y,,2,N1,4,,,1,,,,,,,,,,,,,,,,,,2,,,,,1,1,,1,,,,,,,,121,,,,,,,,,,,,,,,,,Y,N1,A2800080,35
2026-08-01 02:17:39,data_go_kr,경상남도,A2800055,삼성합천병원,4,20260801021501,070-5125-5030,,,,,,,,,,,,,,,,,,,,,1,,,,,,,,,,,,,,Y,,,,,,,Y,N1,,,N1,Y,N1,13,N1,,N1,Y,,2,N1,4,,,1,,,,,,,,,,,,,,,,,,2,,,,,1,1,,1,,,,,,,,141,,,,,,,,,,,,,,,,,Y,N1,A2800055,36
2026-08-01 02:17:39,data_go_kr,경상남도,A2800057,의료법인 생명사랑의료재단 밀양윤병원,10,20250813224008,,,,,,,,,,,,,,,,,,,,1,,2,,,,,,,,,,,,,,Y,,,,Y,,,Y,Y,,,Y,Y,N1,51,N1,,N1,Y,,3,N1,10,,1,2,,,,,,,,,,,,,,,,,,3,,,,,1,1,1,1,,,2,,,,,183,,,,,,,,,,,,,,,,,Y,N1,A2800057,37
2026-08-01 02:17:39,data_go_kr,경상남도,A2800012,근로복지공단 창원병원,4,20220601080900,055-280-0400,,,,,,,,,,,,,,,,,,,1,,1,,,,,1,,,,,,,,,Y,,,,,,,Y,N1,,,N1,Y,N1,51,N1,3,N1,Y,,3,N1,4,,1,1,,,,,,,,,,,,,4,1,,,,3,,,,,1,1,,1,,,,,,,,112,,,,,,,,,,,,,,,,,Y,N1,A2800012,38
2026-08-01 02:17:39,data_go_kr,제주특별자치도,A2900001,제주한라병원,8,20260801021924,064-740-5159,Y,Y,,,,,1,1,,,4,,,,,,,3,2,,3,6,,,,,17,,10,2,,,Y,,Y,,2,6,Y,,10,Y,Y,,,Y,Y,Y,152,Y,10,Y,Y,4,5,N1,15,3,2,3,14,,,7,,,,,,20,,,15,,30,,40,6,2,,,2,3,2,3,46,3,8,9,4,2,,,414,,,,,4,2,,4,,,,,,,2,6,Y,Y,A2900001,1
2026-08-01 02:17:39,data_go_kr,제주특별자치도,A2900002,제주특별자치도서귀포의료원,13,20260801021403,064-730-3001,,Y,,,,,,,,,,,,,,,,4,1,,4,2,,,,3,3,,,,1,,Y,,Y,,,,Y,,,Y,Y,,,Y,Y,N1,168,N1,13,Y,Y,,4,Y,16,4,1,4,2,,,,,,,,,,,,17,3,3,,,4,,26,,1,2,1,1,16,,4,3,,,,1,326,,,,,,,,,,,,,,,,,Y,N1,A2900002,2
2026-08-01 02:17:39,data_go_kr,제주특별자치도,A2900007,제주대학교병원,4,20260801021500,,Y,Y,,,,,,,,0,,,,,,,,,1,6,5,,2,,3,,,,,,4,2,Y,,Y,,,,Y,,,Y,Y,,,Y,Y,Y,90,Y,,Y,Y,11,12,N1,20,,1,5,,12,12,16,3,,,,,,6,,,,,,,12,,20,9,3,2,2,4,45,8,17,10,5,3,,,458,,,,,,,,,,,,,,,,,Y,Y,A2900007,3
2026-08-01 02:17:39,data_go_kr,제주특별자치도,A2900005,한마음병원,10,20260801021425,064-750-9119,,,,,,,,,,,,,,,,,,,1,,0,2,,,,,0,,,,,,,,Y,,,,Y,,,Y,Y,,,Y,Y,N1,80,N1,1,N1,Y,,4,N1,17,,1,2,2,,,,,,,,,,,,10,,3,,,4,,,,,1,1,1,6,,,2,,,,,213,,,,,,,,,,,,,,,,,Y,N1,A2900005,4
2026-08-01 02:17:39,data_go_kr,제주특별자치도,A2900006,의료법인중앙의료재단중앙병원,8,20260801021439,064-786-7777,,,,,,,,,,,,,,,,,,1,1,,2,,,,,,,,,,,,,,Y,,,,Y,,,Y,Y,,,Y,Y,Y,113,N1,8,N1,Y,,3,N1,16,1,1,2,,,,,,,,,,,,,16,,,,,3,,,,,1,1,2,10,,,2,1,,,,281,,,,,,,,,,,,,,,,,Y,N1,A2900006,5
2026-08-01 02:17:39,data_go_kr,제주특별자치도,A2900003,의료법인 혜인의료재단 한국병원,6,20260801021514,064-750-0160,,,,,,,,,,,,,,,,,,,,,1,,,,,,,,,,,,,,Y,,,,,,,Y,N1,,,N1,Y,N1,37,N1,0,N1,Y,,3,N1,9,,,1,,,,,,,,,,,,,10,,,,,3,,,,,1,1,,6,,,,,,,,209,,,,,,,,,,,,,,,,,Y,N1,A2900003,6
