collected_at,source,region,hpid,dutyName,hvec,hvidate,dutyTel3,hv10,hv11,hv13,hv14,hv15,hv16,hv17,hv18,hv19,hv2,hv21,hv22,hv23,hv24,hv25,hv26,hv27,hv28,hv29,hv3,hv30,hv31,hv32,hv33,hv34,hv35,hv36,hv37,hv38,hv39,hv40,hv41,hv42,hv43,hv5,hv6,hv60,hv61,hv7,hv9,hvamyn,hvangioayn,hvcc,hvccc,hvcrrtayn,hvctayn,hvecmoayn,hvgc,hvhypoayn,hvicc,hvincuayn,hvmriayn,hvncc,hvoc,hvoxyayn,hvs01,hvs02,hvs03,hvs04,hvs05,hvs06,hvs07,hvs08,hvs09,hvs10,hvs11,hvs12,hvs14,hvs15,hvs16,hvs17,hvs18,hvs19,hvs20,hvs21,hvs22,hvs23,hvs24,hvs25,hvs26,hvs27,hvs28,hvs29,hvs30,hvs31,hvs32,hvs33,hvs34,hvs35,hvs36,hvs37,hvs38,hvs46,hvs47,hvs48,hvs49,hvs50,hvs51,hvs52,hvs53,hvs54,hvs55,hvs56,hvs57,hvs58,hvs59,hvs60,hvs61,hvventiayn,hvventisoayn,phpid,rnum
2026-07-26 00:56:04,data_go_kr,서울특별시,A1100043,강동경희대학교병원,3,20260726005518,02-440-7000,Y,Y,,,,,1,,,,,,,,,1,,3,2,,1,3,,,,,4,,,,,0,Y,N,Y,,,,Y,,Y,Y,,,Y,Y,Y,214,Y,7,Y,Y,0,17,N,15,3,2,3,19,,,17,,,,,,,,27,,30,,,17,,,1,8,2,2,3,32,9,13,4,1,1,0,0,625,,,,,3,,,,,,,,2,,,,Y,Y,A1100043,1
2026-07-26 00:56:04,data_go_kr,서울특별시,A1100014,고려대학교의과대학부속구로병원,15,20260726005501,02-2626-1550,Y,Y,4,,,,,,,0,,,,,,,,2,,2,,1,,,,2,6,,,,3,2,Y,,Y,,,,Y,,Y,Y,,,Y,Y,Y,186,Y,8,Y,Y,0,24,N1,29,3,,,20,20,10,23,,,,,,,,35,10,30,,,24,,18,4,2,6,6,4,98,11,35,15,10,3,,,778,5,,,,,,,,,,,,,,,,Y,Y,A1100014,2
2026-07-26 00:56:04,data_go_kr,서울특별시,A1100013,한양대학교병원,18,20260726005259,02-2290-8284,Y,Y,4,4,,,1,4,,0,,,,,,,,0,,7,,7,,,,1,9,,,,1,0,Y,,Y,,,,Y,,Y,Y,,,Y,Y,Y,279,Y,0,Y,Y,2,16,Y,20,3,,,22,12,13,25,,,,,,,,0,2,30,,,16,,16,2,1,3,2,3,69,10,20,11,4,3,,1,670,4,8,,,2,5,,,,,,,,,,,Y,Y,A1100013,3
2026-07-26 00:56:04,data_go_kr,서울특별시,A1100008,학교법인고려중앙학원고려대학교의과대학부속병원(안암병원),16,20260726005444,02-920-5374,Y,Y,2,4,,,1,,,0,,,,,,,,4,,4,,1,,,2,1,23,,,,2,1,Y,,Y,,,,Y,,Y,Y,,,Y,Y,Y,220,Y,,Y,Y,0,25,N1,30,4,,,15,16,19,17,,,,,,9,,,6,31,,,25,,10,3,4,7,6,8,84,14,20,11,8,7,,,777,2,7,,,6,,,,,,,,,,,,Y,Y,A1100008,4
2026-07-26 00:56:04,data_go_kr,서울특별시,A1100005,이화여자대학교의과대학부속목동병원,12,20260726005048,02-2650-5911,Y,Y,,,,,0,0,,1,,,,,,,,8,2,4,3,5,,,,0,22,,,,4,4,Y,,Y,6,,,Y,,Y,Y,,,Y,Y,Y,107,Y,,Y,Y,12,13,N1,19,8,2,4,19,10,13,28,,,,14,,,,,4,32,,,13,,10,9,2,4,4,4,58,10,34,9,3,5,,,526,,,,,1,1,,,,,,,,,,,Y,Y,A1100005,5
2026-07-26 00:56:04,data_go_kr,서울특별시,A1100017,서울대학교병원,-3,20260726005517,02-2072-2475,Y,Y,,,1,1,1,0,,1,,0,0,,1,,,7,2,6,4,9,4,1,4,10,18,6,,,6,5,Y,Y,Y,1,,,Y,,Y,Y,4,1,Y,Y,Y,373,Y,,Y,Y,5,53,N1,24,10,2,4,17,10,18,40,22,2,10,5,,8,10,,28,30,6,,53,,41,7,4,13,13,14,160,19,46,22,9,3,1,,1365,,,1,1,2,1,,,0,0,,8,,,,,Y,Y,A1100017,6
2026-07-26 00:56:04,data_go_kr,서울특별시,A1100035,서울특별시서울의료원,3,20260726005500,02-2276-7000,Y,Y,,,,,0,3,1,0,,,,,,,,1,2,,3,4,,,,,5,,,,11,2,Y,Y,Y,2,,,Y,,Y,Y,,,Y,Y,Y,95,Y,2,Y,Y,2,10,Y,19,3,2,3,14,7,,3,,,,6,,,,5,,28,,,10,,30,3,4,5,3,5,65,5,12,7,2,4,1,2,461,,,,,2,4,2,,,,,,,,,,Y,Y,A1100035,7
2026-07-26 00:56:04,data_go_kr,서울특별시,A1100015,연세대학교의과대학강남세브란스병원,8,20260726005327,02-2019-3333,Y,Y,,,,,,,,,,,,,,,,2,1,,1,,,,3,,,,,,,5,Y,,Y,8,,,Y,,Y,Y,,,Y,Y,Y,137,Y,14,Y,Y,0,23,N1,21,2,1,2,,,,28,,,,12,,8,,29,,,,,23,,,5,1,4,3,6,47,10,23,6,3,5,,,691,,,,,,,,,,,,,,,,,Y,Y,A1100015,8
2026-07-26 00:56:04,data_go_kr,서울특별시,A1100010,삼성서울병원,14,20260726005427,02-3410-2060,Y,Y,,,,,,,,12,,,,,,,,2,2,17,2,,7,,4,2,,,,,5,12,Y,,Y,1,,,Y,,Y,Y,,13,Y,Y,Y,369,Y,14,Y,Y,1,53,N1,52,4,2,2,,30,23,59,15,,,12,,12,36,14,2,,,,53,,27,18,8,19,16,15,117,22,43,21,11,2,,,1528,,,,,,,,,,,,,,,,,Y,Y,A1100010,9
2026-07-26 00:56:04,data_go_kr,서울특별시,A1100028,성심의료재단강동성심병원,9,20260726005404,02-2224-2358,Y,Y,,,,,,,,3,,,,,,,2,,1,,6,,,,,2,,,,,,0,Y,,Y,,,,Y,,Y,Y,,,Y,Y,Y,189,Y,1,Y,Y,3,13,N1,15,,1,6,,18,,3,,,,,,,,19,5,,,,13,,,2,1,4,2,5,35,3,3,8,3,1,,,566,,,,,,,,,,,,,,2,,,Y,Y,A1100028,10
2026-07-26 00:56:04,data_go_kr,서울특별시,A1100053,한국보훈복지의료공단중앙보훈병원,19,20260726005344,02-2225-1100,,,,,,,,,,6,,,,,,,,,1,10,2,0,,,3,1,0,,,,35,0,N,,Y,2,,,Y,,Y,Y,,,Y,Y,Y,188,N1,,N1,Y,,13,N1,22,,1,2,2,14,14,,,,,13,,10,,,1,3,,,13,,60,7,1,3,4,4,38,,,10,1,,,,820,,,,,,,,,,,,,,,,,Y,N1,A1100053,11
2026-07-26 00:56:04,data_go_kr,서울특별시,A1120796,이화여자대학교의과대학부속서울병원,3,20260726005144,02-6986-5119,Y,Y,,,,,,,,0,,,,,,,,6,2,9,6,,,,3,1,,,,,,3,Y,,Y,4,,,Y,,Y,Y,,3,Y,Y,Y,223,Y,0,Y,Y,0,19,N1,14,9,2,6,,10,17,24,,,,17,,11,19,11,7,,,,19,,,4,2,5,5,8,71,9,22,12,4,5,,,732,,,,,,,,,,,,,,,,,Y,Y,A1120796,12
2026-07-26 00:56:04,data_go_kr,서울특별시,A1100041,의료법인서울효천의료재단에이치플러스양지병원,16,20260726005513,070-4665-9119,,,,,,,,,,,,,,,,,,,1,,2,,,,,1,,,,,,2,,,Y,,,,Y,,Y,Y,,,Y,Y,Y,56,Y,2,N1,Y,,7,N1,18,,1,2,,,,,,,,,,,,20,1,,,,7,,,3,,2,3,3,23,,,4,1,1,,,301,,,,,,,,,,,,,,,,,Y,N1,A1100041,13
2026-07-26 00:56:04,data_go_kr,서울특별시,A1100002,건국대학교병원,7,20260726005248,02-2030-5555,Y,Y,,,,,,,,7,,,,,,,,4,1,16,2,,,,,1,,,,,9,2,Y,,Y,,,,Y,,Y,Y,,,Y,Y,Y,256,Y,,Y,Y,0,21,N1,20,4,1,2,,24,25,16,,,,,,,,,1,,,,21,,14,3,2,4,4,5,45,7,18,7,3,14,,,678,,,,,,,,,,,,,,,,,Y,Y,A1100002,14
2026-07-26 00:56:04,data_go_kr,서울특별시,A1100016,인제대학교상계백병원,3,20260726005141,02-950-1119,Y,Y,,,,,,,,0,,,,,,,2,,1,4,2,,,,,1,,,,,3,1,Y,,Y,,,,Y,,Y,Y,,,Y,Y,Y,124,Y,,Y,Y,1,13,N1,16,,1,2,,19,18,15,,,,,,,,,4,,,,13,,5,2,2,3,2,3,36,10,25,10,3,1,,,390,,,,,,,,,,,,,,4,,,Y,Y,A1100016,15
2026-07-26 00:56:04,data_go_kr,서울특별시,A1100048,노원을지대학교병원,13,20260726005102,02-970-8282,Y,Y,,,,,,,,4,,,,,,,,,1,6,4,,,,,2,,,,,3,0,Y,,Y,,0,0,Y,,Y,Y,,,Y,Y,Y,237,N1,,Y,Y,1,11,N1,17,,1,4,,16,16,10,,,,,,,,,2,,,,11,,21,1,3,2,2,2,26,8,19,3,1,,,,479,,,,,,,,,,,,,,,0,0,Y,Y,A1100048,16
2026-07-26 00:56:04,data_go_kr,서울특별시,A1100020,의료법인한전의료재단한일병원,8,20260726005505,02-901-3119,N,N,,,,,,,,,,,,,,,,2,2,,2,0,,,,0,2,,,,,1,,Y,Y,,,,Y,,Y,Y,,,Y,Y,N1,91,Y,3,N,Y,,8,Y,21,2,2,2,2,,,,,,,,,,,21,1,3,,,8,,,5,,2,1,1,25,1,4,2,,4,2,2,389,,,,,,,,,,,,,,,,,Y,N,A1100020,17
2026-07-26 00:56:04,data_go_kr,서울특별시,A1100001,경희대학교병원,7,20260726005528,02-958-8114,Y,Y,,,,,,,,,,,,,,,,3,2,,2,,,,,,,,,,10,9,Y,,Y,4,,,Y,,Y,Y,,,Y,Y,Y,239,Y,21,Y,Y,1,16,N1,15,3,2,3,,,,14,,,,15,,,,73,,,,,16,,20,10,3,3,3,5,48,6,12,8,3,2,,,657,,,,,,,,,,,,,,,,,Y,Y,A1100001,18
2026-07-26 00:56:04,data_go_kr,서울특별시,A1100021,삼육서울병원,8,20260726005112,02-2210-3566,,N,,,,,,,,,,,,,,,1,,1,,2,0,,,,1,1,,,,,4,Y,,Y,,,,Y,,Y,Y,,,Y,Y,Y,64,Y,4,N,Y,4,5,Y,13,,1,2,2,,,4,,,,,,,,15,1,3,,,5,,,4,2,1,1,2,20,,4,5,2,1,,1,389,,,,,,,,,,,,,,4,,,Y,N1,A1100021,19
2026-07-26 00:56:04,data_go_kr,서울특별시,A1100040,서울특별시보라매병원,13,20260726005500,02-870-2119,Y,Y,,,,,,,,5,,,,,,,,3,2,10,1,,,,2,1,,,,,0,0,Y,,Y,,,,Y,,Y,Y,,,Y,Y,Y,271,Y,,Y,Y,0,14,N1,31,3,2,1,,15,16,14,,,,,,4,,,4,,,,14,,14,3,4,6,3,5,48,14,13,5,9,2,,,695,,,,,,,,,,,,,,,,,Y,Y,A1100040,20
2026-07-26 00:56:04,data_go_kr,서울특별시,A1100003,중앙대학교병원,7,20260726005508,02-6299-1338,Y,Y,0,0,,,1,,,1,,,,,4,,,0,0,6,0,5,,,,1,,,,,4,2,Y,,Y,,,,Y,,Y,Y,,,Y,Y,Y,210,Y,,Y,Y,0,16,N1,18,4,0,0,12,12,17,25,,,,,,,,,11,,,,16,,24,2,2,4,3,4,51,9,21,13,6,12,,,631,0,0,,,1,,,,,,,4,,,,,Y,Y,A1100003,21
2026-07-26 00:56:04,data_go_kr,서울특별시,A1100007,연세대학교의과대학세브란스병원,11,20260726005223,02-2227-7777,Y,Y,,,1,1,,,,5,,,,,,,,3,1,13,3,,5,1,14,3,,0,,,0,0,Y,Y,Y,6,,,Y,,Y,Y,5,8,Y,Y,Y,478,Y,5,Y,Y,13,2,N1,39,8,1,3,,29,24,52,22,2,10,29,,23,17,18,5,,6,,2,,20,30,8,16,16,17,206,55,61,21,16,21,1,,1872,,,1,1,,,,,,,,,,,,,Y,Y,A1100007,22
2026-07-26 00:56:04,data_go_kr,서울특별시,A1100012,학교법인가톨릭학원가톨릭대학교서울성모병원,-9,20260726005511,02-2258-2370,Y,Y,1,3,1,1,,,,8,,,,,,,,5,,15,,,1,1,3,11,,3,,,16,1,Y,,Y,15,,,Y,,Y,Y,,5,Y,Y,Y,292,Y,0,Y,Y,8,32,N1,28,7,,,,22,22,50,3,2,,19,,10,8,5,18,,6,,32,,35,10,2,9,10,8,80,40,39,11,9,4,,,1059,1,5,1,1,,,,,,,,,,,,,Y,Y,A1100012,23
2026-07-26 00:56:04,data_go_kr,서울특별시,A1100009,재단법인아산사회복지재단서울아산병원,5,20260726005215,02-3010-3333,Y,Y,,,2,1,1,1,,2,,,,,,,,-5,1,11,9,1,3,1,5,11,4,2,,,9,6,Y,,Y,2,,,Y,,Y,Y,5,2,Y,Y,Y,385,Y,10,Y,Y,10,4,Y,36,11,1,22,2,24,37,61,26,2,13,12,,12,12,12,47,4,6,,4,,28,8,8,21,15,17,190,33,49,30,14,5,,1,2089,,,2,1,1,6,,,,,,,,,,,Y,Y,A1100009,24
2026-07-26 00:56:04,data_go_kr,서울특별시,A1100011,가톨릭대학교여의도성모병원,14,20260726005511,02-3779-1199,,,,,,,,,,-1,,,,,,,,,1,0,4,,,,,1,,,,,,1,Y,,Y,0,,,Y,,Y,Y,,,Y,Y,Y,109,Y,,N1,Y,,13,N1,15,,1,4,,11,9,,,,,9,,,,,1,,,,13,,,1,2,2,2,2,23,,,5,2,2,,,330,,,,,,,,,,,,,,,,,Y,N1,A1100011,25
2026-07-26 00:56:04,data_go_kr,서울특별시,A1100055,한림대학교강남성심병원,13,20260726005212,02-829-5119,Y,Y,,,,,,,,1,,,,,,,,3,1,0,4,,,,7,1,,,,,,,Y,,Y,,,,Y,,Y,Y,,,Y,Y,Y,167,Y,,Y,Y,0,14,N1,20,3,1,4,,21,25,12,,,,,,10,,,7,,,,14,,,,3,3,3,3,54,21,22,13,3,2,,,496,,,,,,,,,,,,,,,,,Y,Y,A1100055,26
2026-07-26 00:56:04,data_go_kr,서울특별시,A1100054,성애의료재단성애병원,11,20260726005348,02-840-7115,Y,Y,,,,,,,,,,,,,,,,,1,,4,,,,,1,,,,,,,Y,,Y,,,,Y,,Y,Y,,,Y,Y,N1,55,N1,3,Y,Y,3,5,N1,15,,1,4,,,,4,,,,,,,,19,1,,,,5,,,,2,2,2,1,8,5,14,2,,,,,252,,,,,,,,,,,,,,,,,Y,Y,A1100054,27
2026-07-26 00:56:04,data_go_kr,서울특별시,A1100004,순천향대학교부속서울병원,16,20260726005425,02-709-9117,Y,Y,,,,,,,,,,,0,,0,,0,3,1,,2,,,,,1,,,,,8,3,Y,,Y,,,,Y,,Y,Y,,,Y,Y,Y,199,Y,4,Y,Y,0,14,N1,20,4,1,2,,,,13,,,,,,,,45,10,,,,14,,21,4,7,3,3,4,51,8,17,14,5,3,,,600,,,,,,,,,,0,,0,,0,,,Y,Y,A1100004,28
2026-07-26 00:56:04,data_go_kr,서울특별시,A1121013,가톨릭대학교은평성모병원,10,20260726005509,02-1811-7755,Y,Y,,,,,,,,2,,,,,,,,8,1,3,2,,,,8,1,,,,,,0,Y,,Y,0,,,Y,,Y,Y,,,Y,Y,Y,202,Y,,Y,Y,5,19,N1,24,8,2,2,,16,9,19,,,,13,,12,,,4,,,,19,,,5,1,4,3,5,46,19,22,10,5,20,,,651,,,,,,,,,,,,,,,,,Y,Y,A1121013,29
2026-07-26 00:56:04,data_go_kr,서울특별시,A1100006,강북삼성병원,7,20260726005508,02-2001-1000,Y,Y,,,,,,,,,,,,,,,,2,1,1,2,,,,,1,,,,,9,2,Y,,Y,1,,,Y,,Y,Y,,3,Y,Y,Y,148,Y,9,Y,Y,0,16,N1,15,2,1,2,,,4,7,,,,12,,,8,24,5,,,,16,,18,3,1,5,4,6,54,13,14,8,4,3,,,526,,,,,,,,,,,,,,,,,Y,Y,A1100006,30
2026-07-26 00:56:04,data_go_kr,서울특별시,A1100052,국립중앙의료원,15,20260726005504,02-2276-2114,N,Y,,,,,,,,,,312,,,12312,2868,1231,3,2,0,2,118,,,,12312,121,,23076,12312,,12310,Y,,Y,,231,23123,Y,3,Y,Y,,,Y,Y,Y,788,Y,12308,Y,Y,,12312,N1,15,3,2,3,123,,0,,,,,,23,,,12312,12312,123,,23131,12312,12312,,12312,12312,1231,2312,3123,123,12312,23123,1231,123,23123,,,1231,,,,,,,,,312,,,12312,3123,1231,231,23123,Y,N,A1100052,31
2026-07-26 00:56:04,data_go_kr,서울특별시,A1100036,부민병원,6,20260726005049,02-2620-0119,,Y,,,,,,,,,,,,,,,,,1,,,,,,,0,,,,,,0,Y,,Y,,,,Y,,Y,Y,,,Y,Y,Y,71,N1,1,Y,Y,,8,N1,10,,1,,,,,,,,,,,,,14,1,,,,8,,,3,1,3,3,1,22,,1,2,1,,,,282,,,,,,,,,,,,,,,,,Y,N1,A1100036,32
2026-07-26 00:56:04,data_go_kr,서울특별시,A1100051,혜민병원,8,20260726005044,02-2049-9119,,,,,,,,,,,,,,,,,,,1,,,,,,,,,,,,,,,,Y,,,,,,Y,N1,,,Y,Y,N1,24,N1,8,N1,Y,,5,N1,9,,1,,,,,,,,,,,,,19,,,,,5,,,,,2,2,,16,,,2,,,,,205,,,,,,,,,,,,,,,,,Y,N1,A1100051,33
2026-07-26 00:56:04,data_go_kr,서울특별시,A1100026,구로성심병원,6,20260726005441,02-2067-1515,,,,,,,,,,,,,,,,,,,,,1,,,,,,,,,,,,,,Y,,,,,,Y,N1,,,N1,Y,N1,45,N1,4,N1,Y,,3,N1,9,,,1,,,,,,,,,,,,11,,,,,3,,,,,1,1,,5,,,,,,,,191,,,,,,,,,,,,,,,,,Y,N1,A1100026,34
2026-07-26 00:56:04,data_go_kr,서울특별시,A1100049,희명병원,6,20260726005317,02-809-0122,,,,,,,,,,,,,,,,,,,,,1,,,,,,,,,,,,,,Y,,,,,,Y,N1,,,Y,Y,Y,119,N1,1,N1,Y,,4,N1,10,,,1,,,,,,,,,,,,19,,,,,4,,,,,1,1,,9,,,1,1,,,,228,,,,,,,,,,,,,,,,,Y,N1,A1100049,35
2026-07-26 00:56:04,data_go_kr,서울특별시,A1100027,한국원자력의학원원자력병원,8,20260726005436,02-970-2620,,Y,,,,,,,,,,,,,,,1,,1,,1,,,,,1,,,,,,1,Y,,Y,,,,Y,,Y,Y,,,Y,Y,N1,263,N1,8,Y,Y,,10,N1,9,,1,1,,,,,,,,,,,,10,1,,,,10,,,1,1,4,2,1,16,,2,1,,,,,444,,,,,,,,,,,,,,1,,,Y,N1,A1100027,36
2026-07-26 00:56:04,data_go_kr,서울특별시,A1100022,서울특별시동부병원,7,20260726005520,02-920-9119,,Y,,,,,,,,,,,,,,,,,1,,1,,,,,1,,,,,,,Y,,Y,,,,,,Y,N1,,,Y,Y,N1,23,N1,1,Y,Y,,3,N1,8,,1,1,,,,,,,,,,,,8,1,,,,3,,,,1,1,1,,7,,1,1,,,,,195,,,,,,,,,,,,,,,,,Y,N1,A1100022,37
2026-07-26 00:56:04,data_go_kr,서울특별시,A1100050,서울성심병원,15,20260726005513,02-966-1616,,,,,,,,,,,,,,,,,,,1,,2,,,,,,,,,,,,,,Y,,,,,,Y,N1,,,N1,Y,N1,67,N1,9,N1,Y,,6,N1,17,,1,2,,,,,,,,,,,,10,,,,,6,,,,,1,1,,11,,,,,,,,208,,,,,,,,,,,,,,,,,Y,N1,A1100050,38
2026-07-26 00:56:04,data_go_kr,서울특별시,A1100025,의료법인동신의료재단동신병원,9,20260726005416,02-396-9161,N,N,,,,,,,,,,,,,,,,,,,1,,,,,,,,,,,,N,N,Y,,,,N,,Y,N,,,Y,Y,N,51,N,2,N,Y,,3,N,9,,,1,,,,,,,,,,,,9,,,,,3,,,,0,1,1,0,7,0,0,1,0,0,0,0,196,,,,,,,,,,,,,,,,,Y,N,A1100025,39
2026-07-26 00:56:04,data_go_kr,서울특별시,A1122033,기쁨병원,2,20260726005535,02-570-1212,,,,,,,,,,,,,,,,,,,,,1,,,,,,,,,,,,,,Y,,,,Y,,Y,Y,,,N1,Y,N1,53,N1,,N1,Y,,8,N1,4,,,1,,,,,,,,,,,,,,,,,8,,,,,2,2,1,1,,,,,,,,110,,,,,,,,,,,,,,,,,Y,N1,A1122033,40
2026-07-26 00:56:04,data_go_kr,서울특별시,A1100039,경찰병원,2,20260726005502,02-3400-1300,,,,,,,,,,,,,,,,,1,,1,,,,,,,2,,,,,,2,,,Y,,,,,,Y,N1,,,Y,Y,N1,133,N1,14,N1,Y,,7,N1,3,,1,,,,,,,,,,,,,14,2,,,,7,,,2,,2,3,,10,,,2,,,,,187,,,,,,,,,,,,,,1,,,Y,N1,A1100039,41
2026-07-26 00:56:04,data_go_kr,서울특별시,A1100019,홍익병원,7,20260726005320,02-2600-0777,,,,,,,,,,,,,,,,,,,,,1,,,,,0,,,,,,0,,,Y,,,,Y,,Y,Y,,,N,Y,N1,60,N1,9,N1,Y,,4,N1,9,,,1,,,,,,,,,,,,14,1,,,,4,,,1,,4,2,2,7,,,1,,,,,251,,,,,,,,,,,,,,,,,Y,N1,A1100019,42
2026-07-26 00:56:04,data_go_kr,서울특별시,A1100223,서울특별시서남병원,16,20260726005000,02-6300-9129,,,,,,,,,,,,,,,,0,,,1,,2,0,,,,1,0,,,,,4,,,Y,,,,,,Y,N1,,,Y,Y,Y,69,Y,4,N1,Y,,4,N1,17,,1,2,2,,,,,,,,,,,17,1,3,,,4,,,4,,2,1,,16,,,1,1,1,,,275,,,,,,,,,,,,,0,,,,Y,N1,A1100223,43
2026-07-26 00:56:04,data_go_kr,서울특별시,A1100024,명지성모병원,6,20260726005405,02-829-7800,,,,,,,,,,,,,,,,,,,1,,1,,,,,1,,,,,,,,,Y,,,,Y,,Y,Y,,,N1,Y,N1,105,N1,5,N1,Y,,3,N1,8,,1,1,,,,,,,,,,,,12,1,,,,3,,,,,1,3,2,7,,,,,,,,212,,,,,,,,,,,,,,,,,Y,N1,A1100024,44
2026-07-26 00:56:04,data_go_kr,서울특별시,A1100037,대림성모병원,8,20260726005044,02-829-9129,,,,,,,,,,,,,,,,,,,,,1,,,,,,,,,,,,,,Y,,,,,,Y,N1,,,N1,Y,N1,46,N1,,N1,Y,,4,N1,8,,,2,,,,,,,,,,,,,,,,,4,,,,,1,1,,1,,,,,,,,113,,,,,,,,,,,,,,,,,Y,N1,A1100037,45
2026-07-26 00:56:04,data_go_kr,서울특별시,A1100045,씨엠병원,8,20260726004500,070-4698-7811,,,,,,,,,,,,,,,,,,,,,1,,,,,,,,,,,,,,Y,,,,,,Y,N1,,,N1,Y,N1,40,N1,,N1,Y,,5,N1,9,,,1,,,,,,,,,,,,,,,,,5,,,,,2,2,,6,,,,,,,,110,,,,,,,,,,,,,,,,,Y,N1,A1100045,46
2026-07-26 00:56:04,data_go_kr,서울특별시,A1100023,의료법인청구성심병원,10,20260726005422,02-383-0129,,,,,,,,,,,,,,,,,,,,,1,,,,,,,,,,,,,,Y,,,,,,Y,N1,,,N1,Y,N1,13,N1,2,N1,Y,,3,N1,10,,,1,,,,,,,,,,,,6,,,,,3,,,,,1,1,,4,,,,,,,,196,,,,,,,,,,,,,,,,,Y,N1,A1100023,47
2026-07-26 00:56:04,data_go_kr,서울특별시,A1100029,서울적십자병원,9,20260726005516,02-2002-8888,,,,,,,,,,,,,,,,,,,0,,,,,,,,,,,,,,,,Y,,,,,,Y,N1,,,Y,Y,N1,91,N1,7,N1,Y,,6,N1,10,,1,,,,,,,,,,,,,12,,,,,6,,,,,1,1,,11,,,2,,,,,260,,,,,,,,,,,,,,,,,Y,N1,A1100029,48
2026-07-26 00:56:04,data_go_kr,서울특별시,A1100032,세란병원,9,20260726005419,02-737-0181,,,,,,,,,,,,,,,,,,,,,1,,,,,,,,,,,,,,Y,,,,,,Y,N1,,,N1,Y,N1,49,N1,,N1,Y,,13,N1,10,,,1,,,,,,,,,,,,,,,,,13,,,,,3,5,,3,,,,,,,,205,,,,,,,,,,,,,,,,,Y,N1,A1100032,49
2026-07-26 00:56:04,data_go_kr,서울특별시,A1100075,의료법인풍산의료재단동부제일병원,7,20260726005051,02-490-8880,,,,,,,,,,,,,,,,,,,,,1,,,,,,,,,,,,,,Y,,,,,,Y,N1,,,N1,Y,N1,35,N1,,N1,N,,2,N1,7,,,1,,,,,,,,,,,,,,,,,2,,,,,1,1,,3,,,,,,,,124,,,,,,,,,,,,,,,,,Y,N1,A1100075,50
2026-07-26 00:56:04,data_go_kr,서울특별시,A1100044,녹색병원,1,20260726005507,02-490-2113,,,,,,,,,,,,,,,,,,,1,,4,,,,,2,,,,,,1,Y,,Y,,,,,,Y,N1,,,Y,Y,N1,94,N1,8,N1,Y,,3,N1,5,,1,4,,,,,,,,,,,,17,3,,,,3,,,3,1,2,1,,22,,,1,,,,,293,,,,,,,,,,,,,,,,,Y,N1,A1100044,51
2026-07-26 00:56:04,data_go_kr,부산광역시,A1200003,동아대학교병원,22,20260726005209,051-240-5300,Y,Y,2,5,,,,1,1,,,,,,,,,3,,,,9,,,6,5,10,,,,6,1,Y,,Y,2,,,Y,,Y,Y,4,5,Y,Y,Y,181,Y,6,Y,Y,6,18,N1,26,3,,,16,,,20,,,8,13,,11,7,18,6,30,,,18,,18,3,4,5,3,4,76,11,30,16,4,4,,,738,2,6,,,,4,1,,,,,,,,,,Y,Y,A1200003,1
2026-07-26 00:56:04,data_go_kr,부산광역시,A1200022,인제대학교 해운대백병원,4,20260726005144,051-797-0135,Y,Y,,,,,2,2,,12,,,,,,,,2,2,9,2,7,,,,0,14,,,,,0,Y,Y,Y,,,,Y,,Y,Y,,,Y,Y,Y,175,Y,,Y,Y,0,22,N1,29,3,2,3,12,28,27,23,,,,,,,,,2,30,,,22,,,7,2,5,3,4,72,8,40,17,9,11,1,,710,,,,,5,3,,,,,,,,,,,Y,Y,A1200022,2
2026-07-26 00:56:04,data_go_kr,부산광역시,A1200018,대동병원,10,20260726005513,051-550-9391,,,,,,,,,,,,,,,,,,3,1,,1,,,,,0,,,,,,1,,,Y,,,,Y,,Y,Y,,,Y,Y,N1,73,N1,6,N1,Y,,6,N1,15,3,1,2,,,,,,,,,,,,21,1,,,,6,,,1,,2,1,1,10,,,1,,,,,401,,,,,,,,,,,,,,,,,Y,N1,A1200018,3
2026-07-26 00:56:04,data_go_kr,부산광역시,A1200020,의료법인 온그룹의료재단 온병원,14,20260726005044,051-607-0139,,,,,,,,,,,,,,,,,,,1,,1,,,,,1,,,,,,5,,,Y,,,,Y,,Y,Y,,,Y,Y,N1,172,N1,10,N1,Y,,9,Y,20,,1,2,,,,,,,,,,,,23,1,,,,9,,,6,,4,2,2,7,,,1,,,,1,585,,,,,,,,,,,,,,,,,Y,N1,A1200020,4
2026-07-26 00:56:04,data_go_kr,부산광역시,A1200001,인제대학교부산백병원,12,20260726005512,051-890-5995,Y,Y,,,,,,,,5,,,,,,,,,1,3,2,,,,3,1,,,,,3,2,Y,,Y,1,,,Y,,Y,Y,,,Y,Y,Y,208,Y,6,Y,Y,1,17,Y,18,,1,2,,19,18,35,,,,12,,6,,10,1,,,,17,,20,8,4,5,3,6,68,19,38,16,3,7,,2,691,,,,,,,,,,,,,,,,,Y,Y,A1200001,5
2026-07-26 00:56:04,data_go_kr,부산광역시,A1200005,의료법인 은성의료재단 좋은삼선병원,10,20260726005338,051-310-9119,,,,,,,,,,,,,,,,,3,1,1,,2,,,,2,0,,,,,,2,,,Y,2,,,Y,,Y,Y,,,Y,Y,N1,25,N1,6,N1,Y,,7,N1,13,1,1,2,,,,,,,,5,,4,,19,2,,,,7,,,2,,2,2,2,11,,,1,,,,,375,,,,,,,,,,,,,,3,,,Y,N1,A1200005,6
2026-07-26 00:56:04,data_go_kr,부산광역시,A1200004,고신대학교복음병원,21,20260726005439,051-990-6200,Y,Y,1,4,,,,,,5,,,,,,,,,,7,,,,,9,7,,,,,14,1,Y,,Y,2,,,Y,,Y,Y,2,,Y,Y,Y,181,Y,,Y,Y,15,13,Y,25,,,,,13,8,18,,,5,13,,16,,,7,,,,13,,14,1,7,3,3,5,53,13,19,14,3,1,,1,685,1,4,,,,,,,,,,,,,,,Y,Y,A1200004,7
2026-07-26 00:56:04,data_go_kr,부산광역시,A1200002,부산대학교병원,17,20260726005500,051-240-7776,Y,Y,,,,,1,,,3,,,,0,0,0,,3,1,,2,-4,,,,3,3,,28,1,7,4,Y,,Y,0,2,12,Y,15,Y,Y,,,Y,Y,Y,412,Y,6,Y,Y,1,26,N,17,3,1,2,2,10,,20,,,,0,42,,,24,4,3,,82,26,2,19,10,12,9,6,10,100,17,17,21,9,21,,1,901,,,,,2,,,,,,0,0,0,,2,12,Y,Y,A1200002,8
2026-07-26 00:56:04,data_go_kr,부산광역시,A1200007,비에이치에스한서병원,15,20260726005518,051-998-1119,,,,,,,,,,,,,,,,,,,1,,2,2,,,,,3,,,,,,,,Y,,,,Y,,Y,Y,,,Y,Y,Y,83,N1,7,N1,Y,,4,N1,17,,1,2,2,,,,,,,,,,,14,,3,,,4,,,,,1,1,2,11,,,1,1,,,,280,,,,,,,,,,,,,,,,,Y,N1,A1200007,9
2026-07-26 00:56:04,data_go_kr,부산광역시,A1200028,(의)서일의료재단기장병원,9,20260726005505,051-723-2119,,,,,,,,,,,,,,,,,,,,,1,,,,,,,,,,,,,,Y,,,,,,Y,N1,,,N1,Y,N1,20,N1,,N1,Y,,3,N1,9,,,1,,,,,,,,,,,,,,,,,3,,,,,1,1,,1,,,,,,,,154,,,,,,,,,,,,,,,,,Y,N1,A1200028,10
2026-07-26 00:56:04,data_go_kr,부산광역시,A1200015,동남권원자력의학원원자력병원,9,20260726005300,051-720-5911,,,,,,,,,,,,,,,,,,,1,,,,,,,,,,,,,,,,Y,,,,Y,,Y,Y,,,Y,Y,Y,108,N1,7,N1,Y,,8,N1,9,,1,,,,,,,,,,,,,12,,,,,8,,,,,2,2,2,12,,,1,0,,,,261,,,,,,,,,,,,,,,,,Y,N1,A1200015,11
2026-07-26 00:56:04,data_go_kr,부산광역시,A1200013,부산성모병원(재단법인 천주교부산교구유지재단),4,20260726005410,051-933-7119,Y,Y,,,,,,,,,,,,,,,4,4,1,,,,,,,2,,,,,,1,,,Y,,,,,,Y,N1,,,Y,Y,N1,81,N1,9,Y,Y,7,7,N1,10,4,1,,,,,10,,,,,,,,18,2,,,,7,,,2,,1,1,,6,14,13,1,,,,,373,,,,,,,,,,,,,,4,,,Y,Y,A1200013,12
2026-07-26 00:56:04,data_go_kr,부산광역시,A1200026,좋은문화병원,4,20260726005447,051-630-0909,Y,Y,,,,,,,,,,,,,,,,2,1,,2,,,,,,,,,,,2,Y,,Y,,,,,,Y,N1,,,N1,Y,N1,48,N1,4,Y,Y,-1,0,Y,7,2,1,2,,,,12,,,,,,,,8,,,,,8,,,2,8,2,2,,3,6,17,,,,,1,270,,,,,,,,,,,,,,,,,Y,Y,A1200026,13
2026-07-26 00:56:04,data_go_kr,부산광역시,A1200017,의료법인정화의료재단 봉생기념병원,8,20260726004655,051-664-4119,,,,,,,,,,3,,,,,,,,,,2,1,,,,,,,,,,3,1,,,Y,,,,Y,,Y,Y,,,Y,Y,N1,48,N1,,N1,Y,,8,N1,9,,,2,,11,11,,,,,,,,,,,,,,8,,31,1,,1,2,2,11,,,4,,,,,335,,,,,,,,,,,,,,,,,Y,N1,A1200017,14
2026-07-26 00:56:04,data_go_kr,부산광역시,A1200011,동래봉생병원,5,20260726005321,051-520-5700,,,,,,,,,,,,,,,,,,,1,,1,,,,,2,,,,,,,,,Y,,,,Y,,Y,Y,,,Y,Y,N1,42,N1,4,N1,Y,,7,N1,8,,1,1,,,,,,,,,,,,18,2,,,,7,,,,,1,2,2,11,,,1,,,,,241,,,,,,,,,,,,,,,,,Y,N1,A1200011,15
2026-07-26 00:56:04,data_go_kr,부산광역시,A1200009,의료법인 광혜의료재단 광혜병원,7,20260726005411,051-504-2119,,,,,,,,,,,,,,,,,,,2,,1,,,,,,,,,,,0,,,Y,,,,,,Y,N1,,,N1,Y,N1,71,N1,0,N1,Y,,3,N1,9,,2,1,,,,,,,,,,,,9,,,,,3,,,1,,1,1,,4,,,,,,,,190,,,,,,,,,,,,,,,,,Y,N1,A1200009,16
2026-07-26 00:56:04,data_go_kr,부산광역시,A1200019,학교법인)동의병원,12,20260726005200,051-850-8777,,,,,,,,,,,,,,,,,,,,,1,,,,,,,,,,,,,,Y,,,,Y,,Y,Y,,,Y,Y,Y,101,N1,16,N1,Y,,1,N1,14,,,1,,,,,,,,,,,,23,,,,,5,,,,,2,2,2,7,,,2,1,,,,448,,,,,,,,,,,,,,,,,Y,N1,A1200019,17
2026-07-26 00:56:04,data_go_kr,부산광역시,A1200025,학교법인 춘해병원,6,20260726005428,051-608-0119,,,,,,,,,,,,,,,,,,,,,1,,,,,,,,,,,,,,Y,,,,,,Y,N1,,,N1,Y,N1,57,N1,,N1,Y,,4,N1,9,,,1,,,,,,,,,,,,,,,,,4,,,,,1,1,,3,,,,,,,,201,,,,,,,,,,,,,,,,,Y,N1,A1200025,18
2026-07-26 00:56:04,data_go_kr,부산광역시,A1200045,구포성심병원,5,20260726005332,051-330-2090,,,,,,,,,,,,,,,,,,,,,1,,,,,,,,,,,,,,Y,,,,Y,,Y,Y,,,N1,Y,N1,23,N1,,N1,Y,,4,N1,9,,,1,,,,,,,,,,,,,,,,,4,,,,,1,1,1,4,,,,,,,,243,,,,,,,,,,,,,,,,,Y,N1,A1200045,19
2026-07-26 00:56:04,data_go_kr,부산광역시,A1200006,의료법인 인당의료재단 부민병원,7,20260726005047,051-330-3129,,,,,,,,,,,,,,,,,,,1,,1,,,,,1,,,,,,,,,Y,,,,Y,,Y,Y,,,Y,Y,N1,20,N1,2,N1,Y,,8,N1,10,,1,1,,,,,,,,,,,,18,1,,,,8,,,,,2,3,1,7,,,1,,,,,366,,,,,,,,,,,,,,,,,Y,N1,A1200006,20
2026-07-26 00:56:04,data_go_kr,부산광역시,A1200016,한국보훈복지의료공단 부산보훈병원,10,20260726005258,051-601-6183,,,,,,,,,,,,,,,,,,,1,,1,,,,,1,,,,,,,,,Y,,,,Y,,Y,Y,,,N1,Y,N1,30,N1,6,N1,Y,,7,N1,11,,1,1,,,,,,,,,,,,9,1,,,,7,,,,,2,3,2,11,,,,,,,,452,,,,,,,,,,,,,,,,,Y,N1,A1200016,21
2026-07-26 00:56:04,data_go_kr,부산광역시,A1200021,삼육부산병원,8,20260726005501,051-600-7750,,Y,,,,,,,,,,,,,,,,,1,,,,,,,0,,,,,,,Y,,Y,,,,Y,,Y,Y,,,Y,Y,Y,6,N1,1,Y,Y,,,N1,9,,1,,,,,,,,,,,,,14,1,,,,,,,,1,2,1,1,9,,1,2,1,,,,302,,,,,,,,,,,,,,,,,Y,N1,A1200021,22
2026-07-26 00:56:04,data_go_kr,부산광역시,A1200008,의료법인 은성의료재단 좋은강안병원,11,20260726005456,051-610-9119,,,,,,,,,,,,,,,,,,,1,,2,,,,,1,,,,,,0,,,Y,,,,Y,,Y,Y,,,Y,Y,Y,79,N1,7,N1,Y,,11,N1,18,,1,2,,,,,,,,,,,,30,2,,,,11,,,3,,4,3,3,12,,,5,1,,,,535,,,,,,,,,,,,,,,,,Y,N1,A1200008,23
2026-07-26 00:56:04,data_go_kr,부산광역시,A1200098,의료법인 센텀의료재단 센텀종합병원,5,20260726004840,051-750-5119,,,,,,,,,,,,,,,,,,,,,1,,,,,1,,,,,,,,,Y,,,,Y,,Y,Y,,,N1,Y,N1,23,N1,2,N1,Y,,9,N1,9,,,1,,,,,,,,,,,,16,1,,,,9,,,,,2,2,1,11,,,,,,,,338,,,,,,,,,,,,,,,,,Y,N1,A1200098,24
2026-07-26 00:56:04,data_go_kr,부산광역시,A1200024,부산광역시의료원,15,20260726005413,051-607-2140,,N,,,,,,,,5,,,,,,,,,1,6,1,,,,,,,,,,8,6,N,,Y,,,,Y,,Y,Y,,,Y,Y,N1,122,N1,,N,Y,,7,N1,18,,1,1,,13,14,,,,,,,,,,,,,,7,,29,7,1,1,1,2,19,,2,4,,,,,398,,,,,,,,,,,,,,,,,Y,N1,A1200024,25
2026-07-26 00:56:04,data_go_kr,부산광역시,A1200012,의료법인 행도의료재단 해동병원,6,20260726005508,051-410-6688,,,,,,,,,,,,,,,,,,,1,,,,,,,,,,,,,0,,,Y,,,,,,Y,N1,,,Y,Y,N1,33,N1,4,N1,Y,,3,Y,6,,1,,,,,,,,,,,,,9,,,,,3,,,0,,1,1,,5,,,1,,,,12,256,,,,,,,,,,,,,,,,,Y,N1,A1200012,26
2026-07-26 00:56:04,data_go_kr,부산광역시,A1200014,영도병원,7,20260726005415,051-419-7575,,,,,,,,,,,,,,,,,,,1,,1,,,,,,,,,,,,,,Y,,,,,,Y,N1,,,N1,Y,N1,20,N1,2,N1,Y,,3,N1,7,,1,1,,,,,,,,,,,,10,,,,,3,,,,,1,1,,7,,,,,,,,217,,,,,,,,,,,,,,,,,Y,N1,A1200014,27
2026-07-26 00:56:04,data_go_kr,부산광역시,A1200023,재단법인천주교부산교구유지재단 메리놀병원,5,20260726005408,051-461-2300,,,,,,,,,,,,,,,,,,,,,1,,,,,0,,,,,,,Y,,Y,,,,Y,,Y,Y,,,Y,Y,N1,101,N1,3,N1,Y,,8,N1,9,,,1,,,,,,,,,,,,18,1,,,,8,,,,1,1,1,1,9,,,2,,,,,380,,,,,,,,,,,,,,,,,Y,N1,A1200023,28
2026-07-26 00:56:04,data_go_kr,부산광역시,A1205143,의료법인 인당의료재단 해운대부민병원,7,20260726005050,051-602-8119,,,,,,,,,,,,,,,,,,,1,,,,,,,0,,,,,,0,,,Y,,,,Y,,Y,Y,,,Y,Y,N1,40,N1,6,N1,Y,,8,Y,9,,1,,,,,,,,,,,,,19,2,,,,8,,,3,,2,2,1,10,,,1,,,,1,360,,,,,,,,,,,,,,,,,Y,N1,A1205143,29
2026-07-26 00:56:04,data_go_kr,대구광역시,A1300001,영남대학교병원,21,20260726005237,053-620-3177,Y,Y,,0,,,1,3,,2,0,,,,,,,2,2,10,3,7,,,1,3,5,,,,10,4,Y,,Y,6,,,Y,,Y,Y,,,Y,Y,Y,205,Y,,Y,Y,2,23,Y,28,3,2,3,21,10,15,15,,,,14,,7,,,13,30,,,23,,20,7,2,4,4,4,75,5,11,8,5,5,,1,704,,0,,,1,3,,0,,,,,,,,,Y,Y,A1300001,1
2026-07-26 00:56:04,data_go_kr,대구광역시,A1300002,경북대학교병원,14,20260726005205,053-200-5100,Y,Y,2,3,,,,,,4,,,,,,,,4,,4,,11,,,5,,30,,15,2,9,4,Y,,Y,4,2,6,Y,3,Y,Y,2,4,Y,Y,Y,181,Y,,Y,Y,1,17,N1,25,4,,,20,7,7,15,,,6,7,20,10,11,,,44,,40,17,2,20,5,2,5,5,5,82,8,11,11,9,5,,,582,2,3,,,,,,,,,,,,,2,6,Y,Y,A1300002,2
2026-07-26 00:56:04,data_go_kr,대구광역시,A1300004,대구가톨릭대학교병원,11,20260726005125,053-650-3000,Y,Y,,,,,,,,1,,,,,,,,,1,2,3,,,,,2,,,,,1,3,Y,Y,Y,2,,,Y,,Y,Y,,,Y,Y,Y,301,Y,0,Y,Y,4,19,N1,24,,1,3,,15,25,42,,,,16,,,,0,6,,,,19,,20,9,2,3,3,5,58,20,32,8,3,4,1,,704,,,,,,,,,,,,,,,,,Y,Y,A1300004,3
2026-07-26 00:56:04,data_go_kr,대구광역시,A1300003,계명대학교동산병원,7,20260726005443,053-258-6306,Y,Y,,,,,,,,0,,,,,,,,,2,1,3,,0,,,0,13,,,,3,4,Y,Y,Y,3,,,Y,,Y,Y,6,,Y,Y,Y,276,Y,2,Y,Y,2,24,Y,20,,2,3,,11,13,39,7,,8,15,,,,10,4,20,,,24,,20,16,6,6,5,7,56,13,37,9,4,14,1,2,769,,,,,,,,,,,,,,,,,Y,Y,A1300003,4
2026-07-26 00:56:04,data_go_kr,대구광역시,A1300009,대구파티마병원,7,20260726005501,053-940-7119,Y,Y,,,,,,,,3,,,,,,,,5,2,3,4,2,,,,2,3,,,,,,Y,,Y,8,,,Y,,Y,Y,,,Y,Y,Y,187,Y,,Y,Y,2,17,N1,25,5,2,5,2,17,8,8,,,,12,,,,,9,4,,,17,,,,2,5,3,4,32,11,19,5,1,1,,,539,,,,,,,,,,,,,,,,,Y,Y,A1300009,5
2026-07-26 00:56:04,data_go_kr,대구광역시,A1300010,칠곡경북대학교병원,14,20260726005405,053-200-2100,Y,Y,,,1,1,,,,4,,,,,,,,6,1,10,3,,3,1,,4,0,3,,,12,13,Y,,Y,,,,Y,,Y,Y,,,Y,Y,Y,259,Y,,Y,Y,5,19,N1,23,7,1,3,,10,15,39,10,2,,,,,,,4,0,8,,19,,20,13,2,8,5,8,52,9,27,9,3,1,,,760,,,1,1,,,,,,,,,,,,,Y,Y,A1300010,6
2026-07-26 00:56:04,data_go_kr,대구광역시,A1300034,드림종합병원,7,20260726005453,053-640-8575,,,,,,,,,,,,,,,,,1,,,,1,,,,,,,,,,,,,,Y,,,,Y,,Y,Y,,,Y,Y,Y,27,N1,,N1,N,,3,N1,8,,,1,,,,,,,,,,,,,,,,,3,,,,,2,1,1,2,,,1,1,,,,159,,,,,,,,,,,,,,1,,,Y,N1,A1300034,7
2026-07-26 00:56:04,data_go_kr,대구광역시,A1300006,의료법인구의료재단구병원,8,20260726005510,053-557-7119,,,,,,,,,,,,,,,,,,,,,1,,,,,0,,,,,,,,,Y,,,,,,Y,N1,,,N1,Y,N1,66,N1,7,N1,Y,,9,N1,10,,,1,,,,,,,,,,,,18,1,,,,9,,,,,3,1,,3,,,,,,,,235,,,,,,,,,,,,,,,,,Y,N1,A1300006,8
2026-07-26 00:56:04,data_go_kr,대구광역시,A1300110,더블유병원,7,20260726005506,053-550-5019,,,,,,,,,,,,,,,,,,,,,1,,,,,,,,,,,,,,Y,,,,,,Y,N1,,,N1,Y,N1,93,N1,,N1,N,,8,Y,10,,,1,,,,,,,,,,,,,,,,,8,,,,,1,1,,1,,,,,,,8,431,,,,,,,,,,,,,,,,,Y,N1,A1300110,9
2026-07-26 00:56:04,data_go_kr,대구광역시,A1300011,한국보훈복지의료공단대구보훈병원,11,20260726005419,053-630-7014,,,,,,,,,,,,,,,,,,,1,,1,,,,,1,,,,,,1,,,Y,,,,Y,,Y,Y,,,N1,Y,N1,52,N1,3,N1,Y,,6,N1,12,,1,1,,,,,,,,,,,,13,1,,,,6,,,1,,1,3,2,9,,,,,,,,406,,,,,,,,,,,,,,,,,Y,N1,A1300011,10
2026-07-26 00:56:04,data_go_kr,대구광역시,A1300045,삼일병원,12,20260726005459,053-659-3119,,,,,,,,,,,,,,,,,,,1,,,,,,,,,,,,,,,,Y,,,,Y,,Y,Y,,,N1,Y,N1,59,N1,,N1,N,,4,N1,14,,1,,,,,,,,,,,,,,,,,,4,,,,,3,2,1,3,,,,,,,,299,,,,,,,,,,,,,,,,,Y,N1,A1300045,11
2026-07-26 00:56:04,data_go_kr,대구광역시,A1300038,나사렛종합병원,5,20260726005134,053-643-3119,,,,3,,,,,,,,,,,,,,,,,1,,,,,1,,,,,,,,,Y,,,,Y,,Y,Y,,,Y,Y,N1,31,N1,5,N1,Y,,5,N1,9,,,1,,,,,,,,,,,,28,1,,,,5,,,,,2,2,2,5,,,1,,,,,231,,9,,,,,,,,,,,,,,,Y,N1,A1300038,12
2026-07-26 00:56:04,data_go_kr,대구광역시,A1300018,강남종합병원,12,20260726004734,053-980-9018,,,,,,,,,,,,,,,,,,,1,,,,,,,,,,,,,1,,,Y,,,,,,Y,N1,,,N1,Y,N1,59,N1,,N1,Y,,7,N1,15,,1,,,,,,,,,,,,,,,,,,7,,,1,,2,2,,2,,,,,,,,207,,,,,,,,,,,,,,,,,Y,N1,A1300018,13
2026-07-26 00:56:04,data_go_kr,대구광역시,A1300005,대구가톨릭대학교칠곡가톨릭병원,0,20260726005148,053-320-2111,,,,,,,,,,,,,,,,,,,,,1,,,,,,,,,,,,,,Y,,,,,,Y,N1,,,N1,Y,N1,37,N1,,N1,Y,,3,N1,9,,,1,,,,,,,,,,,,,,,,,3,,,,,2,2,,1,,,,,,,,161,,,,,,,,,,,,,,,,,Y,N1,A1300005,14
2026-07-26 00:56:04,data_go_kr,대구광역시,A1300076,대구굿모닝병원,16,20260726005332,053-620-9119,,,,,,,,,,,,,,,,,,,1,,1,,,,,1,,,,,,,,,Y,,,,Y,,Y,Y,,,N1,Y,N1,75,N1,2,N1,Y,,4,N1,17,,1,1,,,,,,,,,,,,26,1,,,,4,,,,,2,4,2,13,,,,,,,,226,,,,,,,,,,,,,,,,,Y,N1,A1300076,15
2026-07-26 00:56:04,data_go_kr,대구광역시,A1300007,대구의료원,18,20260726005501,053-560-7288,,Y,,,,,,,,,,,,,,,,,1,,1,,,,,0,,,,,1,1,Y,,Y,,,,,,Y,N1,,,N1,Y,N1,44,N1,5,Y,Y,,4,N1,18,,1,1,,,,,,,,,,,,18,1,,,,4,,82,3,1,1,1,,13,,4,,,,,,254,,,,,,,,,,,,,,,,,Y,N1,A1300007,16
2026-07-26 00:56:04,data_go_kr,대구광역시,A1300081,(재)미리내천주성삼성직수도회천주성삼병원,8,20260726005500,053-790-0555,,,,,,,,,,,,,,,,,,,,,1,,,,,,,,,,,,,,Y,,,,,,Y,N1,,,N1,Y,N1,21,N1,,N1,Y,,4,N1,9,,,1,,,,,,,,,,,,,,,,,4,,,,,1,2,,4,,,,,,,,294,,,,,,,,,,,,,,,,,Y,N1,A1300081,17
2026-07-26 00:56:04,data_go_kr,대구광역시,A1300008,곽병원,6,20260726005430,053-605-3333,,,,,,,,,,,,,,,,,,,,,2,,,,,,,,,,,,,,Y,,,,,,Y,N1,,,N1,Y,N1,17,N1,,N1,Y,,4,N1,10,,,2,,,,,,,,,,,,,,,,,4,,,,,1,1,,2,,,,,,,,221,,,,,,,,,,,,,,,,,Y,N1,A1300008,18
2026-07-26 00:56:04,data_go_kr,대구광역시,A1303386,계명대학교대구동산병원,10,20260726005401,053-250-8481,,,,,,,,,,,,,,,,,,,1,,1,,,,,0,,,,,,,N,,Y,,,,Y,,Y,Y,,,Y,Y,N1,39,N,0,N1,Y,,3,N1,12,,1,1,,,,,,,,,,,,7,5,,,,3,,,,0,2,1,1,6,,,6,,0,,,196,,,,,,,,,,,,,,,,,Y,N1,A1303386,19
2026-07-26 00:56:04,data_go_kr,인천광역시,A1400001,의료법인 길의료재단 길병원,3,20260726005435,032-460-3012,Y,Y,2,1,1,1,,0,,6,,,,,2,,,3,,4,,6,,2,3,6,25,3,9,2,11,12,Y,,Y,3,2,6,Y,3,Y,Y,,0,Y,Y,Y,427,Y,,Y,Y,0,3,Y,23,9,,,18,38,11,30,,2,,14,20,6,4,,11,30,6,47,3,2,18,13,3,6,6,7,113,19,40,19,10,6,,1,995,2,3,1,1,,2,,,,,,3,,,2,6,Y,Y,A1400001,1
2026-07-26 00:56:04,data_go_kr,인천광역시,A1400002,인하대학교의과대학부속병원,5,20260726005105,032-890-2301,Y,Y,,,1,1,,,,1,,,,,,,,4,2,0,5,1,0,0,2,0,7,4,,,3,7,Y,Y,Y,,,,Y,,Y,Y,,,Y,Y,Y,214,Y,2,Y,Y,0,16,Y,20,7,2,5,20,25,13,27,3,2,,,,7,,23,3,30,6,,16,,15,7,4,6,3,5,109,17,27,13,9,7,1,2,681,,,1,1,,,,,,,,,,,,,Y,Y,A1400002,2
2026-07-26 00:56:04,data_go_kr,인천광역시,A1400010,검단탑병원,17,20260726005334,032-590-0077,,,,,,,,,,,,,,,,,,,1,,2,,,,,0,,,,,,0,,,Y,,,,Y,,Y,Y,,,Y,Y,N1,54,N1,7,N1,Y,,6,N1,18,,1,2,,,,,,,,,,,,15,3,,,,6,,,2,,2,2,1,11,,,1,,,,,279,,,,,,,,,,,,,,,,,Y,N1,A1400010,3
2026-07-26 00:56:04,data_go_kr,인천광역시,A1403372,인천세종병원,14,20260726005509,032-240-8119,,,,,,,,,,,,,,,,,,,3,,,1,,,,1,2,,,,,3,,,Y,,,,Y,,Y,Y,,,Y,Y,Y,86,Y,10,N1,Y,,7,N1,18,,3,,2,,,,,,,,,,,20,2,3,,,7,,,6,,2,2,3,13,,,4,5,1,,,274,,,,,,,,,,,,,,,,,Y,N1,A1403372,4
2026-07-26 00:56:04,data_go_kr,인천광역시,A1400014,의료법인인성의료재단한림병원,14,20260726005526,032-540-9119,,,,,,,,,,,,,,,,,,,2,,2,,,,,2,,,,,,2,Y,,Y,,,,Y,,Y,Y,,,Y,Y,Y,60,N1,3,N1,Y,,6,N1,17,,2,2,,,,,,,,,,,,21,2,,,,6,,,2,1,3,2,2,20,,,3,3,,,,391,,,,,,,,,,,,,,,,,Y,N1,A1400014,5
2026-07-26 00:56:04,data_go_kr,인천광역시,A1400016,인천사랑병원,8,20260726005215,032-457-2119,,Y,,,,,,,,,,,,,,,4,,1,,2,,,,,1,0,,,,,1,Y,,Y,,,,Y,,Y,Y,,,Y,Y,N1,29,Y,13,Y,Y,,7,N1,14,,1,2,,,,,,,,,,,,17,1,5,,,7,,,1,1,2,1,1,12,,1,2,,1,,,281,,,,,,,,,,,,,,4,,,Y,N1,A1400016,6
2026-07-26 00:56:04,data_go_kr,인천광역시,A1400012,가톨릭대학교 인천성모병원,9,20260726005508,032-280-6107,Y,Y,,,,,,,,-1,,,,,,,,2,3,0,3,7,,,,0,,,,,,3,Y,,Y,7,,,Y,,Y,Y,,,Y,Y,Y,140,Y,,Y,Y,-1,17,N1,19,4,3,5,12,15,18,13,,,,15,,,,,10,,,,17,,,9,1,4,4,5,53,5,14,11,5,4,,,579,,,,,,,,,,,,,,,,,Y,Y,A1400012,7
2026-07-26 00:56:04,data_go_kr,인천광역시,A1400013,안은의료재단 부평세림병원,15,20260726005436,032-509-5777,,,,,,,,,,,,,,,,,,,1,,3,2,,,,1,0,,,,,2,,,Y,,,,Y,,Y,Y,,,Y,Y,Y,44,N1,5,N1,Y,,4,N1,16,,1,3,2,,,,,,,,,,,11,2,3,,,4,,,2,,3,2,1,9,,,1,1,,,,234,,,,,,,,,,,,,,,,,Y,N1,A1400013,8
2026-07-26 00:56:04,data_go_kr,인천광역시,A1400015,가톨릭관동대학교국제성모병원,16,20260726005314,032-290-3065,Y,Y,4,0,,,,,,6,,,18,,,,,2,0,,0,,,,,,,,,,3,3,Y,,Y,-4,,,Y,,Y,Y,,,Y,Y,N,238,Y,,Y,Y,,11,N1,23,3,0,0,,40,,,,,,13,,,,,,,,,11,,11,3,2,3,2,3,34,2,11,6,2,1,,,641,5,0,,,,,,,,21,,,,,,,Y,Y,A1400015,9
2026-07-26 00:56:04,data_go_kr,인천광역시,A1400003,의료법인 루가의료재단 나은병원,10,20260726005215,032-584-4119,,Y,,,,,,,,4,,,,,,,7,,1,6,2,,,,,3,,,,,,8,Y,,Y,,,,Y,,Y,Y,,,Y,Y,Y,92,Y,,Y,Y,,10,N1,11,,1,2,,14,13,,,,,,,,,,3,,,,10,,,9,1,2,2,3,17,,1,3,1,1,,,367,,,,,,,,,,,,,,7,,,Y,N1,A1400003,10
2026-07-26 00:56:04,data_go_kr,인천광역시,A1400011,의료법인 나사렛의료재단 나사렛국제병원,15,20260726005114,032-899-9699,,,,,,,,,,,,,,,,,,,1,,2,,,,,1,,,,,,,,,Y,,,,Y,,Y,Y,,,Y,Y,N1,68,N1,2,N1,Y,,5,N1,17,,1,2,,,,,,,,,,,,16,1,,,,5,,,,,2,2,2,8,,,2,,,,,282,,,,,,,,,,,,,,,,,Y,N1,A1400011,11
2026-07-26 00:56:04,data_go_kr,인천광역시,A1403617,비에스종합병원,9,20260726005048,032-290-0119,,Y,,,,,,,,,,,,,,,,,1,,,,,,,1,,,,,,,Y,,Y,,,,Y,,Y,Y,,,Y,Y,N1,102,N1,3,Y,N1,1,2,N1,10,,1,,,,,1,,,,,,,,18,1,,,,2,,,,1,1,,1,6,,1,1,,,,,180,,,,,,,,,,,,,,,,,Y,N1,A1403617,12
2026-07-26 00:56:04,data_go_kr,인천광역시,A1400005,온누리병원,8,20260726005518,032-568-9112,,,,,,,,,,,,,,,,,,,1,,1,,,,,,,,,,,,,,Y,,,,,,Y,N1,,,N1,Y,N1,44,N1,,N1,Y,,3,N1,9,,1,1,,,,,,,,,,,,,,,,,3,,,,,1,1,,5,,,,,,,,190,,,,,,,,,,,,,,,,,Y,N1,A1400005,13
2026-07-26 00:56:04,data_go_kr,인천광역시,A1403871,인천힘찬종합병원,16,20260726005136,032-459-3168,,,,,,,,,,,,,,,,,,,1,,2,,,,,0,,,,,,,,,Y,,,,,,Y,N1,,,N1,Y,N1,62,N1,2,N1,Y,,7,N1,17,,1,2,,,,,,,,,,,,8,1,,,,7,,,,,2,2,,1,,,,,,,,235,,,,,,,,,,,,,,,,,Y,N1,A1403871,14
2026-07-26 00:56:04,data_go_kr,인천광역시,A1400004,현대유비스병원,11,20260726005513,032-890-5582,,,,,,,,,,,,,,,,,,,1,,,,,,,1,,,,,,,,,Y,,,,Y,,Y,Y,,,Y,Y,N1,16,N1,5,N1,Y,,6,N1,18,,1,,,,,,,,,,,,,13,1,,,,6,,,,,2,2,1,8,,,2,,,,,285,,,,,,,,,,,,,,,,,Y,N1,A1400004,15
2026-07-26 00:56:04,data_go_kr,인천광역시,A1400008,(의)성세의료재단 뉴성민병원,9,20260726005005,032-726-1119,,,,,,,,,,,,,,,0,,,,,,1,,,,,2,,,,,,,,,Y,,,,,,Y,N1,,,Y,Y,N1,128,N1,9,N1,Y,,6,Y,9,,,1,,,,,,,,,,,,17,2,,,,6,,,,,2,2,,11,,,2,,,,1,265,,,,,,,,,,,,0,,,,,Y,N1,A1400008,16
2026-07-26 00:56:04,data_go_kr,인천광역시,A1400018,인천적십자병원,8,20260726005147,032-899-4119,,,,,,,,,,,,,,,,,,,1,,1,,,,,,,,,,,,,,Y,,,,,,Y,N1,,,N1,Y,N1,64,N1,3,N1,Y,,3,N1,8,,1,1,,,,,,,,,,,,8,,,,,3,,,,,1,1,,2,,,,,,,,104,,,,,,,,,,,,,,,,,Y,N1,A1400018,17
2026-07-26 00:56:04,data_go_kr,인천광역시,A1400037,인천광역시의료원백령병원,5,20260726005502,032-836-1732,Y,Y,,,,,,,,,,,,,,,,,,,1,,,,,,,,,,,,,,Y,,,,,,Y,N1,,,N1,Y,N1,30,N1,,Y,N1,,1,N1,5,,,1,,,,,,,,,,,,,,,,,1,,,,,1,,,1,1,2,,,,,,30,,,,,,,,,,,,,,,,,Y,Y,A1400037,18
2026-07-26 00:56:04,data_go_kr,인천광역시,A1400009,인천기독병원,7,20260726005402,032-270-8300,,,,,,,,,,,,,,,,,,,,,1,,,,,,,,,,,,,,Y,,,1,,,Y,N1,,,N1,Y,N1,37,N1,10,N1,Y,,4,N1,8,,,1,,,,,,,,,,,,10,,,,,4,,,,,1,1,,1,,,,,,,,139,,,,,,,,,,,,,,,,1,Y,N1,A1400009,19
2026-07-26 00:56:04,data_go_kr,인천광역시,A1400017,인천광역시의료원,14,20260726005502,032-580-6119,,,,,,,,,,,,,,,,,,,2,,,,,,,0,,,,,24,7,,,Y,,,,,,Y,N1,,,N1,Y,N1,28,N1,5,N1,Y,,6,N1,15,,2,,,,,,,,,,,,,13,0,,,,6,,45,7,,1,1,,19,,,,,,,,198,,,,,,,,,,,,,,,,,Y,N1,A1400017,20
2026-07-26 00:56:04,data_go_kr,인천광역시,A1400007,의료법인 성수의료재단 인천백병원,5,20260726005255,032-280-8119,,,,,,,,,,,,,,,,,,,,,1,,,,,,,,,,,,,,Y,,,,,,Y,N1,,,Y,Y,N1,42,N1,2,N1,Y,,4,N1,5,,,1,,,,,,,,,,,,12,,,,,4,,,,,2,2,,6,,,1,,,,,189,,,,,,,,,,,,,,,,,Y,N1,A1400007,21
2026-07-26 00:56:04,data_go_kr,대전광역시,A1600006,학교법인건양교육재단건양대학교병원,19,20260726005002,042-600-9119,Y,Y,,0,,,1,1,4,,0,0,0,0,,0,,5,2,,3,10,,,,4,6,,,,11,1,Y,,Y,,,,Y,,Y,Y,,,Y,Y,Y,317,Y,37,Y,Y,0,20,Y,24,5,2,3,16,,,24,,,,,,,,59,5,28,,,20,,20,1,2,4,4,4,46,17,23,10,3,1,,1,658,,0,,,1,3,4,0,0,0,0,,0,,,,Y,Y,A1600006,1
2026-07-26 00:56:04,data_go_kr,대전광역시,A1600001,충남대학교병원,6,20260726005301,042-280-8129,Y,Y,0,0,,,,,,2,,,,,,,0,4,2,5,3,6,2,,3,6,23,,,,16,9,Y,,Y,,,,Y,,Y,Y,,,Y,Y,Y,291,Y,3,Y,Y,9,21,N1,28,6,2,3,20,16,14,34,5,,,,,10,,12,8,30,,,21,,26,14,5,5,4,5,76,12,36,6,8,2,,,966,0,0,,,,,,,,,,,,0,,,Y,Y,A1600001,2
2026-07-26 00:56:04,data_go_kr,대전광역시,A1600002,학교법인을지학원대전을지대학교병원,17,20260726005500,042-259-1119,Y,Y,,,,,,,,5,,0,0,-10,-5,8,3,,2,5,1,,,,4,2,,,4,2,6,,Y,,Y,,1,3,Y,4,Y,Y,,,Y,Y,Y,98,Y,,Y,Y,16,15,N1,21,,2,1,,20,20,20,,,,,20,5,,,11,,,40,15,2,20,,16,4,2,4,70,12,47,7,3,3,,,331,,,,,,,,,0,0,0,0,30,3,2,6,Y,Y,A1600002,3
2026-07-26 00:56:04,data_go_kr,대전광역시,A1600007,의료법인영훈의료재단유성선병원,11,20260726005043,042-609-1119,,,,,,,,,,,,,,,,,,,2,,1,,,,,1,,,,,,1,Y,,Y,,,,Y,,Y,Y,,,Y,Y,Y,105,N1,3,N1,Y,,-4,Y,17,,2,1,,,,,,,,,,,,19,1,,,,7,,,1,1,3,3,2,17,,,2,1,,,1,368,,,,,,,,,,,,,,,,,Y,N1,A1600007,4
2026-07-26 00:56:04,data_go_kr,대전광역시,A1600005,학교법인가톨릭학원가톨릭대학교대전성모병원,7,20260726005510,042-220-9118,Y,Y,,,,,,,,3,,,,,,,,,3,1,,,,,3,0,,,,,,3,Y,,Y,2,,,Y,,Y,Y,1,0,Y,Y,Y,151,N1,,Y,Y,4,12,N1,19,,3,,,15,3,4,,,3,9,,3,2,,1,,,,12,,,4,1,3,2,4,24,5,7,5,2,,,,537,,,,,,,,,,,,,,,,,Y,Y,A1600005,5
2026-07-26 00:56:04,data_go_kr,대전광역시,A1600008,의료법인영훈의료재단대전선병원,17,20260726005057,042-220-8129,,,,,,,,,,,,,,,,,,,1,,3,,,,,-1,,,,,,0,Y,,Y,,,,Y,,Y,Y,,,Y,Y,N1,78,N1,7,N1,Y,,7,N1,17,,1,3,,,,,,,,,,,,24,1,,,,7,,,1,1,2,2,2,11,,,3,,,,,311,,,,,,,,,,,,,,,,,Y,N1,A1600008,6
2026-07-26 00:56:04,data_go_kr,대전광역시,A1600004,대전보훈병원,7,20260726005052,042-939-0100,,,,,,,,,,,,,,,,,,,1,,1,,,,,1,,,,,,1,,,Y,,,,Y,,Y,Y,,,N1,Y,N1,70,N1,3,N1,Y,,5,N1,7,,1,1,,,,,,,,,,,,10,1,,,,5,,,1,,1,3,1,12,,,,,,,,316,,,,,,,,,,,,,,,,,Y,N1,A1600004,7
2026-07-26 00:56:04,data_go_kr,대전광역시,A1600003,대전한국병원,6,20260726005505,042-606-1119,,Y,,,,,,,,,,,,,,,,,1,,,,,,,,,,,,,,Y,,Y,,,,Y,,Y,Y,,,Y,Y,N1,43,N1,5,Y,Y,,4,N1,9,,1,,,,,,,,,,,,,12,,,,,4,,,,4,2,2,2,6,,1,1,,,,,241,,,,,,,,,,,,,,,,,Y,N1,A1600003,8
2026-07-26 00:56:04,data_go_kr,대전광역시,A1602246,대청병원,5,20260726005507,042-589-0119,,,,,,,,,,,,,,,,,,,,,1,,,,,,,,,,,,,,Y,,,,,,Y,N1,,,Y,Y,N1,112,N1,1,N1,Y,,3,N1,9,,,1,,,,,,,,,,,,17,,,,,3,,,,,2,1,,10,,,1,,,,,245,,,,,,,,,,,,,,,,,Y,N1,A1602246,9
2026-07-26 00:56:04,data_go_kr,울산광역시,A1700004,학교법인울산공업학원울산대학교병원,6,20260726005243,052-250-7000,Y,Y,3,3,,,,0,,5,,,4,,5,,,8,0,11,0,4,,,3,8,15,,2,2,9,0,Y,,Y,,2,6,Y,14,Y,Y,,1,Y,Y,Y,189,Y,3,Y,Y,3,20,N1,21,8,0,0,12,13,16,26,,,,,20,6,2,8,8,36,,42,20,2,20,0,5,7,5,6,83,14,27,17,8,4,,,725,3,3,,,,8,,,,4,,5,,,2,6,Y,Y,A1700004,1
2026-07-26 00:56:04,data_go_kr,울산광역시,A1700028,의료법인정안의료재단중앙병원,8,20260726005410,052-226-1119,,,,,,,,,,,,,,,,,,,1,,2,2,,,,2,2,,,,,0,,,Y,,,,Y,,Y,Y,,,Y,Y,N1,75,N1,1,N1,Y,,8,N1,17,,1,2,2,,,,,,,,,,,18,2,4,,,8,,,1,,2,2,2,7,,,2,,,,,335,,,,,,,,,,,,,,,,,Y,N1,A1700028,2
2026-07-26 00:56:04,data_go_kr,울산광역시,A1700003,울산병원,15,20260726005502,052-259-5119,,,,,,,,,,,,,,,,,,,1,,2,1,,,,0,1,,,,,,,,Y,,,,Y,,Y,Y,,,Y,Y,Y,55,Y,10,N1,Y,,4,Y,19,,1,2,2,,,,,,,,,,,17,1,3,,,4,,,,,2,2,3,12,,,4,1,2,,2,343,,,,,,,,,,,,,,,,,Y,N1,A1700003,3
2026-07-26 00:56:04,data_go_kr,울산광역시,A1700025,의료법인송은의료재단울산시티병원,13,20260726005505,052-280-9119,,,,,,,,,,,,,,,,,,,1,,2,0,,,,2,2,,,,,,,,Y,,,,Y,,Y,Y,,,Y,Y,N1,55,N1,8,N1,Y,,8,N1,17,,1,2,2,,,,,,,,,,,24,3,3,,,8,,,,,2,2,2,17,,,4,,,,,347,,,,,,,,,,,,,,,,,Y,N1,A1700025,4
2026-07-26 00:56:04,data_go_kr,울산광역시,A1700002,의료법인동강의료재단동강병원,23,20260726005347,052-241-1190,,,,,,,,,,4,,,,,,,,,1,0,2,1,,,3,1,2,,,,,0,,Y,Y,,,,Y,,Y,Y,,,Y,Y,Y,158,N1,,N1,Y,,7,N1,24,,1,2,2,14,9,,,,,,,13,,,1,3,,,8,,,2,,3,2,4,25,,,7,5,,1,,513,,,,,,,,,,,,,,,,,Y,N1,A1700002,5
2026-07-26 00:56:04,data_go_kr,울산광역시,A1700011,의료법인은성의료재단좋은삼정병원,8,20260726005439,052-220-7600,,,,,,,,,,,,,,,,,,,,,1,,,,,0,,,,,,1,,,Y,,,,Y,,Y,Y,,,Y,Y,N1,50,N1,3,N1,Y,,7,N1,9,,,1,,,,,,,,,,,,14,1,,,,8,,,1,,2,2,1,5,,,1,,,,,283,,,,,,,,,,,,,,,,,Y,N1,A1700011,6
2026-07-26 00:56:04,data_go_kr,울산광역시,A1700001,서울산보람병원,5,20260726005533,052-255-7119,,,,,,,,,,,,,,,,,,,,,1,,,,,,,,,,,,,,Y,,,,,,Y,N1,,,N1,Y,N1,92,N1,,N1,Y,,3,N1,10,,,1,,,,,,,,,,,,,,,,,3,,,,,1,1,,1,,,,,,,,213,,,,,,,,,,,,,,,,,Y,N1,A1700001,7
2026-07-26 00:56:04,data_go_kr,세종특별자치시,A1800441,세종충남대학교병원,8,20260726005301,044-995-3010,Y,Y,,,1,1,,,,,,,,,,,,5,1,,2,,,1,,1,,5,,,,3,Y,,Y,,,,Y,,Y,Y,,,Y,Y,Y,123,Y,4,Y,Y,0,8,N1,17,6,1,2,,,,19,,2,,,,,,11,2,,6,,8,,,4,3,2,2,3,29,7,19,5,3,2,,,299,,,1,1,,,,,,,,,,,,,Y,Y,A1800441,1
2026-07-26 00:56:04,data_go_kr,세종특별자치시,A1800417,의료법인 영제 의료재단 엔케이세종병원,10,20260726005205,044-850-7777,,,,,,,,,,,,,,,,,,,,,1,,,,,,,,,,,,,,Y,,,,,,Y,N1,,,N1,Y,N1,140,N1,,N1,Y,,3,N1,10,,,1,,,,,,,,,,,,,,,,,3,,,,,1,1,,1,,,,,,,,200,,,,,,,,,,,,,,,,,Y,N1,A1800417,2
2026-07-26 00:56:04,data_go_kr,경기도,A2100042,의료법인명지의료재단명지병원,7,20260726005500,031-810-7119,Y,Y,3,2,,2,0,0,1,,0,0,0,0,0,0,,0,0,,3,4,,,,4,10,,,,0,0,Y,Y,Y,,,,Y,,Y,Y,,,Y,Y,Y,164,Y,11,Y,Y,3,13,Y,15,0,0,3,16,,,3,,,,,,,,31,4,28,,,13,,0,0,2,6,3,5,49,4,5,8,5,2,1,2,443,3,2,,3,4,3,2,0,0,0,0,0,0,,,,Y,Y,A2100042,1
2026-07-26 00:56:04,data_go_kr,경기도,A2100033,국민건강보험공단일산병원,5,20260726005503,031-900-0761,Y,Y,,,,,0,,1,5,,0,0,,0,0,,0,2,7,3,0,,,3,2,14,,,,4,0,Y,,Y,,,,Y,,Y,Y,,,Y,Y,Y,188,N1,,Y,Y,6,2,N1,23,5,2,3,19,10,16,25,,,,,,6,,,11,29,,,2,,28,4,2,4,3,3,60,8,28,13,5,,,,659,,,,,1,,1,,0,0,,0,0,,,,Y,Y,A2100033,2
2026-07-26 00:56:04,data_go_kr,경기도,A2100005,순천향대학교부속부천병원,11,20260726005122,032-621-5117,Y,Y,2,2,,,,,,5,,0,,0,0,,,5,0,6,0,10,,,,5,21,,,,,4,Y,Y,Y,,,0,Y,,Y,Y,,,Y,Y,Y,275,Y,9,Y,Y,2,21,Y,17,5,0,0,20,16,15,24,,,,,,,,22,8,34,,,21,,,7,1,4,3,5,71,9,31,17,4,3,1,1,674,2,3,,,,,,,0,,0,0,,,,5,Y,Y,A2100005,3
2026-07-26 00:56:04,data_go_kr,경기도,A2100001,분당서울대학교병원,-9,20260726005300,031-787-3119,Y,Y,,,,,,3,,4,,,5,9,,,,5,2,2,3,2,0,,5,0,10,,,,1,3,Y,,Y,3,,2,Y,,Y,Y,,,Y,Y,Y,401,Y,0,Y,Y,0,39,N1,30,5,2,3,15,13,13,35,6,,,10,,9,,8,1,30,,,39,,15,3,3,11,11,11,128,17,39,16,8,8,,,1247,,,,,,5,,,,5,9,,,,,2,Y,Y,A2100001,4
2026-07-26 00:56:04,data_go_kr,경기도,A2100030,차의과학대학교분당차병원,3,20260726005221,031-780-5840,Y,Y,2,3,1,1,0,0,,0,,,0,,0,,0,1,,5,,0,,0,0,1,18,6,,,11,,Y,,Y,0,,,Y,,Y,Y,,,Y,Y,Y,204,Y,,Y,Y,7,26,N1,22,11,,,14,8,9,35,,2,,7,,6,,,4,43,6,,26,,22,,8,5,3,4,40,26,46,6,2,2,,,726,2,3,1,1,2,2,,,,0,,1,,0,,,Y,Y,A2100030,5
2026-07-26 00:56:04,data_go_kr,경기도,A2100002,아주대학교병원,9,20260726005405,031-219-7777,Y,Y,2,2,1,2,,0,,3,,,,0,0,,0,0,0,5,0,7,,1,5,0,26,0,0,3,5,5,Y,,Y,5,2,5,Y,1,Y,Y,0,5,Y,Y,Y,169,Y,,Y,Y,5,25,N1,30,9,0,0,16,14,10,36,,2,6,13,40,7,11,,3,42,6,60,25,3,20,8,3,8,6,9,126,27,34,32,9,7,,,792,2,6,1,4,,2,,,,,0,0,,0,2,6,Y,Y,A2100002,6
2026-07-26 00:56:04,data_go_kr,경기도,A2100003,고려대학교의과대학부속안산병원,10,20260726005141,031-412-5381,Y,Y,2,2,,,0,,,0,,,,,,,,4,,13,2,5,,,2,0,24,,,,9,5,Y,,Y,,,,Y,,Y,Y,,,Y,Y,Y,189,Y,0,Y,Y,1,20,N1,22,4,,3,18,10,13,25,,,,,,10,,6,3,30,,,20,,16,10,2,3,4,4,66,15,19,8,5,3,,,605,2,3,,,2,,,,,,,,,,,,Y,Y,A2100003,7
2026-07-26 00:56:04,data_go_kr,경기도,A2100004,한림대학교성심병원,18,20260726005256,031-380-1500,Y,Y,0,5,,,0,,,1,,,,,,,,3,2,4,3,7,,,,1,19,,,,11,2,Y,Y,Y,,,,Y,,Y,Y,0,6,Y,Y,Y,175,Y,,Y,Y,5,19,N1,25,3,2,4,19,27,16,9,,,8,,,,18,,3,30,,,19,,20,14,2,4,3,6,102,8,10,20,14,2,1,,610,0,5,,,1,,,,,,,,,,,,Y,Y,A2100004,8
2026-07-26 00:56:04,data_go_kr,경기도,A2100040,가톨릭대학교의정부성모병원,26,20260726005509,031-820-5200,Y,Y,,,,,0,0,,,,,,,,,,11,2,,4,1,,,1,1,17,,8,2,,,Y,,Y,,2,6,Y,2,Y,Y,,,Y,Y,Y,190,Y,3,Y,Y,-1,13,N1,42,11,2,4,18,,,15,,,,,20,6,,26,4,30,,53,13,2,,,3,4,3,4,54,10,28,12,4,3,,,519,,,,,1,1,,,,,,,,,2,6,Y,Y,A2100040,9
2026-07-26 00:56:04,data_go_kr,경기도,A2100047,동국대학교일산불교병원,12,20260726005458,031-961-7777,Y,Y,,,,,,,,7,,,,,,,3,3,1,6,3,,,,,1,,,,,15,0,Y,,Y,,,,Y,,Y,Y,,,Y,Y,Y,183,Y,,Y,Y,11,12,N1,19,3,1,3,,16,13,13,,,,,,,,,4,,,,12,,15,0,8,2,2,2,19,13,25,4,2,1,,,463,,,,,,,,,,,,,,3,,,Y,Y,A2100047,10
2026-07-26 00:56:04,data_go_kr,경기도,A2100038,인제대학교일산백병원,25,20260726005327,031-910-7114,N,N,,,,,,,,0,,,,,,,,,3,2,0,,,,,0,,,,,5,1,Y,,Y,,,,Y,,Y,Y,,1,Y,Y,Y,197,Y,,N,Y,,17,N1,34,,3,3,,25,32,,,,,,,,4,,4,,,,17,,16,2,3,3,3,4,54,18,22,7,3,1,,,545,,,,,,,,,,,,,,,,,Y,N,A2100038,11
2026-07-26 00:56:04,data_go_kr,경기도,A2118788,중앙대학교광명병원,14,20260726005508,02-2222-1351,Y,Y,0,0,,,,,,,,,,,,,,,1,,2,,,,5,3,,,,,,2,Y,,Y,,,,Y,,Y,Y,4,,Y,Y,Y,208,Y,12,Y,Y,0,17,N1,21,,1,2,,,,16,,,5,,,5,,24,6,,,,17,,,2,2,2,2,5,28,6,16,5,4,10,,,576,0,0,,,,,,,,,,,,,,,Y,Y,A2118788,12
2026-07-26 00:56:04,data_go_kr,경기도,A2100007,광명성애병원,7,20260726005541,02-2680-7116,Y,Y,,,,,,,,,,,,,,6,,4,1,,3,,,,,0,,,,,,,Y,,Y,,,,Y,,Y,Y,,,Y,Y,N1,62,N1,10,Y,Y,,5,N1,11,4,1,4,,,,,,,,,,,,13,1,,,,5,,,,2,2,2,1,12,2,5,1,,,,,189,,,,,,,,,,,,,50,,,,Y,Y,A2100007,13
2026-07-26 00:56:04,data_go_kr,경기도,A2100155,참조은병원,3,20260726005303,031-881-9119,,,,,,,,,,,,,,0,0,,6,1,1,,3,,,,,3,,,,,,1,,,Y,,,,Y,,Y,Y,,,Y,Y,N1,52,Y,-1,N1,Y,,7,N1,9,1,1,3,,,,,,,,,,,,22,3,,,,7,,,2,,3,3,2,18,,,3,,2,,,286,,,,,,,,,,,0,0,,6,,,Y,N1,A2100155,14
2026-07-26 00:56:04,data_go_kr,경기도,A2100039,한양대학교구리병원,18,20260726005259,1644-9118,Y,Y,,,,,,,,0,,,,,,,,,1,2,4,,,,,,,,,,,4,Y,,Y,,,,Y,,Y,Y,,,Y,Y,Y,173,Y,,Y,Y,1,9,N1,18,,1,4,,17,14,10,,,,,,,,,,,,,9,,,5,1,3,2,3,21,6,14,4,2,2,,,488,,,,,,,,,,,,,,,,,Y,Y,A2100039,15
2026-07-26 00:56:04,data_go_kr,경기도,A2100054,효산의료재단지샘병원,14,20260726005044,031-389-3119,,,,,,,,,,,,,,,,,1,,2,,1,,,,,1,,,,,,1,,,Y,,,,Y,,Y,Y,,,Y,Y,N1,77,N1,3,N1,Y,,5,N1,18,,2,1,,,,,,,,,,,,18,1,,,,5,,,2,,2,1,3,11,,,2,,,,,367,,,,,,,,,,,,,,1,,,Y,N1,A2100054,16
2026-07-26 00:56:04,data_go_kr,경기도,A2100048,원광대학교산본병원,13,20260726005420,031-390-2345,,,,,,,,,,,,,,,,,,,0,,2,,,,,,,,,,,,Y,,Y,,,,Y,,Y,Y,,,Y,Y,N1,80,N1,7,N1,Y,,5,N1,17,,1,2,,,,,,,,,,,,12,,,,,5,,,,1,1,1,1,1,,,2,,,,,188,,,,,,,,,,,,,,,,,Y,N1,A2100048,17
2026-07-26 00:56:04,data_go_kr,경기도,A2100053,의료법인우리의료재단김포우리병원,10,20260726005537,031-999-1119,,,,,,,,,,,,,,0,0,0,,,1,,6,,,,,0,,,,,,3,,,Y,,,,Y,,Y,Y,,,Y,Y,Y,81,Y,0,N1,Y,,7,N1,22,,1,6,,,,,,,,,,,,36,1,,,,7,,,11,,2,2,2,48,,,4,1,2,,,477,,,,,,,,,,,0,0,0,,,,Y,N1,A2100053,18
2026-07-26 00:56:04,data_go_kr,경기도,A2100006,의료법인인봉의료재단뉴고려병원,13,20260726005438,031-980-9119,,,,,,,,,,,,,,,,,2,,1,,2,,,,,7,,,,,,,,,Y,,,,Y,,Y,Y,,,Y,Y,N1,90,N1,6,N1,Y,,6,N1,14,,1,2,,,,,,,,,,,,24,10,,,,6,,,,,2,2,2,7,,,1,,,,,278,,,,,,,,,,,,,,3,,,Y,N1,A2100006,19
2026-07-26 00:56:04,data_go_kr,경기도,A2100041,남양주한양병원,14,20260726005447,031-510-0119,,,,,,,,,,,,,,,,,,,1,,2,,,,,11,,,,,,,,,Y,,,,Y,,Y,Y,,,Y,Y,N1,91,N1,5,N1,Y,,,Y,17,,1,2,,,,,,,,,,,,17,23,,,,,,,,,2,2,1,33,,,2,,,,1,244,,,,,,,,,,,,,,,,,Y,N1,A2100041,20
2026-07-26 00:56:04,data_go_kr,경기도,A2100037,현대병원,6,20260726005530,031-574-0114,,,,,,,,,,,,,,,,,,,3,,,,,,,0,,,,,,,,,Y,,,,Y,,Y,Y,,,Y,Y,N1,69,Y,3,N1,Y,,7,N1,17,,3,,,,,,,,,,,,,19,20,,,,7,,,,,2,2,2,50,,,17,,2,,,342,,,,,,,,,,,,,,,,,Y,N1,A2100037,21
2026-07-26 00:56:04,data_go_kr,경기도,A2100055,부천세종병원,15,20260726005510,032-340-1119,Y,Y,,,,,,,,,,,,,,,,,1,,2,1,,,,0,1,,,,,0,Y,,Y,,,,Y,,Y,Y,,,Y,Y,Y,88,Y,0,Y,Y,,6,N1,17,,1,2,2,,,,,,,,,,,20,2,3,,,6,,,6,1,2,1,5,18,1,1,5,4,1,,,268,,,,,,,,,,,,,,,,,Y,Y,A2100055,22
2026-07-26 00:56:04,data_go_kr,경기도,A2100052,가톨릭대학교부천성모병원,17,20260726005508,032-340-2100,Y,Y,,,,,,,,1,,,,,,,3,,2,0,1,,,,,2,,,,,,3,Y,,Y,4,,,Y,,Y,Y,,,Y,Y,Y,204,Y,,Y,Y,9,14,N1,31,,2,1,,16,12,10,,,,18,,,,,4,,,,14,,,4,3,3,3,3,28,4,14,11,1,2,,,562,,,,,,,,,,,,,,3,,,Y,Y,A2100052,23
2026-07-26 00:56:04,data_go_kr,경기도,A2100025,대진의료재단분당제생병원,13,20260726005500,031-779-0119,Y,Y,,,,,,,,4,,,7,,,,,3,1,7,2,,,,,2,,,,,,0,Y,Y,Y,,,,Y,,Y,Y,,,Y,Y,Y,155,Y,,Y,Y,1,8,N1,24,3,1,2,,11,14,3,,,,,,,,,4,,,,9,,,2,2,4,3,3,22,1,5,5,2,3,1,,484,,,,,,,,,,7,,,,,,,Y,Y,A2100025,24
2026-07-26 00:56:04,data_go_kr,경기도,A2116806,성남시의료원,15,20260726005501,031-738-7300,,,,,,,,,,,,,,,,,,6,2,18,4,,,,,3,,,,,,28,,,Y,,,,Y,,Y,Y,,,Y,Y,Y,106,Y,,N1,Y,,8,Y,17,6,2,4,,,25,,,,,,,,,,5,,,,8,,,28,,3,2,2,31,,,6,3,1,,2,241,,,,,,,,,,,,,,,,,Y,N1,A2116806,25
2026-07-26 00:56:04,data_go_kr,경기도,A2117135,의료법인명인의료재단화홍병원,9,20260726005434,031-8021-6829,Y,,,,,,,,,,,,,,,,,,2,,3,,,,,0,,,,,,,,,Y,,,,,,Y,N1,,,N1,Y,Y,63,N1,14,N1,Y,,6,Y,15,,2,3,,,,,,,,,,,,29,1,,,,6,,,,,2,2,,4,1,,,1,,,1,228,,,,,,,,,,,,,,,,,Y,Y,A2117135,26
2026-07-26 00:56:04,data_go_kr,경기도,A2100009,의료법인녹산의료재단동수원병원,13,20260726005538,031-210-0119,,Y,,,,,,,,,,,,,,,,,1,,0,0,,,,0,2,,,,,0,Y,,Y,,,,Y,,Y,Y,,,Y,Y,N1,70,N1,10,Y,Y,,5,N1,17,,1,2,2,,,,,,,,,,,18,3,4,,,5,,,1,1,2,2,1,15,,4,1,,,,,335,,,,,,,,,,,,,,,,,Y,N1,A2100009,27
2026-07-26 00:56:04,data_go_kr,경기도,A2100012,가톨릭대학교성빈센트병원,15,20260726005508,031-249-7370,Y,Y,,,1,1,,,,9,,,,,,,,5,2,8,1,3,,2,8,2,,6,,,8,3,Y,,Y,10,,,Y,,Y,Y,,1,Y,Y,Y,289,Y,,Y,Y,2,19,N1,28,6,2,2,4,20,11,18,,2,,15,,8,8,,5,,6,,19,,30,11,2,5,4,6,52,7,18,12,4,4,,,658,,,1,1,,,,,,,,,,,,,Y,Y,A2100012,28
2026-07-26 00:56:04,data_go_kr,경기도,A2100008,의료법인남촌의료재단시화병원,13,20260726005241,031-5189-0567,,,,,,,,,,,,,,,,,,5,1,,5,,,,,1,,,,,,1,Y,,Y,,,,Y,,Y,Y,,,Y,Y,Y,76,N1,18,N1,Y,,7,N1,16,5,1,5,,,,,,,,,,,,52,1,,,,7,,,1,1,3,3,2,29,,,4,2,,,,461,,,,,,,,,,,,,,,,,Y,N1,A2100008,29
2026-07-26 00:56:04,data_go_kr,경기도,A2100017,대아의료재단한도병원,13,20260726005206,031-8040-1129,,,,,,,,,,,,,,,,,,,1,,2,,,,,1,,,,,,,,,Y,,,,Y,,Y,Y,,,Y,Y,N1,97,N1,11,N1,Y,,6,N1,17,,1,2,,,,,,,,,,,,29,1,,,,6,,,,,3,2,2,15,,,3,,,,,327,,,,,,,,,,,,,,,,,Y,N1,A2100017,30
2026-07-26 00:56:04,data_go_kr,경기도,A2100015,효산의료재단안양샘병원,12,20260726005412,031-467-9119,,,,,,,,,,0,,,,,,,,,1,3,2,,,,,1,,,,,,,,,Y,,,,Y,,Y,Y,,,Y,Y,Y,61,N1,,N1,Y,,6,N1,17,,1,2,,9,9,,,,,,,,,,1,,,,6,,,,,2,1,2,12,,,2,1,,,,307,,,,,,,,,,,,,,,,,Y,N1,A2100015,31
2026-07-26 00:56:04,data_go_kr,경기도,A2100024,오산한국병원,13,20260726005429,031-378-5119,,,,,,,,,,,,,,,,,,,1,,2,2,,,,1,3,,,,,2,,,Y,,,,Y,,Y,Y,,,Y,Y,N1,51,Y,2,N1,Y,,5,N1,17,,1,2,2,,,,,,,,,,,32,1,3,,,5,,,2,,2,2,2,17,,,2,,1,,,259,,,,,,,,,,,,,,,,,Y,N1,A2100024,32
2026-07-26 00:56:04,data_go_kr,경기도,A2100020,연세대학교의과대학용인세브란스병원,9,20260726005142,031-5189-9001,Y,Y,,,,,,,,6,,,,,,,,6,1,6,1,,,,,1,,,,,,2,Y,,Y,,,,Y,,Y,Y,,,Y,Y,Y,188,Y,,Y,Y,0,15,N1,16,6,1,3,,19,16,12,,,,,,,,,2,,,,15,,,4,2,3,3,4,31,6,18,6,3,4,,,597,,,,,,,,,,,,,,,,,Y,Y,A2100020,33
2026-07-26 00:56:04,data_go_kr,경기도,A2100029,강남병원,13,20260726005343,031-300-0119,,,,,,,,,,,,,,,,,,,1,,2,2,,,,1,2,,,,,,,,Y,,,,,,Y,N1,,,Y,Y,N1,23,N1,14,N1,Y,,4,N1,17,,1,2,2,,,,,,,,,,,30,1,3,,,4,,,,,2,2,,7,,,2,,,,,264,,,,,,,,,,,,,,,,,Y,N1,A2100029,34
2026-07-26 00:56:04,data_go_kr,경기도,A2100019,(의)영문의료재단다보스병원,8,20260726005335,031-8021-2130,,,,,,,,,,,,,,,,,4,,1,,2,1,,,,1,1,,,,,,,,Y,,,,,,Y,N1,,,Y,Y,N1,47,N1,2,N1,Y,,6,N1,13,,1,2,2,,,,,,,,,,,23,1,3,,,6,,,,,1,1,,7,,,2,,,,,222,,,,,,,,,,,,,,4,,,Y,N1,A2100019,35
2026-07-26 00:56:04,data_go_kr,경기도,A2117994,학교법인을지학원의정부을지대학교병원,21,20260726005100,031-8074-0119,Y,Y,,,,,,,,5,,,,,,,7,6,1,3,1,,,,,2,,,,,4,2,Y,,Y,,0,0,Y,,Y,Y,,,Y,Y,Y,239,Y,,Y,Y,3,12,N1,30,6,1,2,,29,22,5,,,,,,,,,2,,,,14,,22,6,8,3,3,4,48,5,5,6,3,2,,,588,,,,,,,,,,,,,,8,0,0,Y,Y,A2117994,36
2026-07-26 00:56:04,data_go_kr,경기도,A2100193,경기도의료원이천병원,10,20260726005402,031-630-4333,,,,,,,,,,,,,,,,,,,1,,2,2,,,,2,0,,,,,6,,,Y,,,,,,Y,N1,,,N1,Y,N1,40,N1,2,N1,Y,,4,N1,17,,1,2,2,,,,,,,,,,,6,2,3,,,4,,,6,,1,1,,8,,,,,,,,187,,,,,,,,,,,,,,,,,Y,N1,A2100193,37
2026-07-26 00:56:04,data_go_kr,경기도,A2100035,경기도의료원파주병원,15,20260726005401,031-940-9119,,,,,,,,,,,,,,,,,,,1,,2,1,,,,,1,,,,,,Y,,Y,,,,,,Y,N1,,,N1,Y,N1,83,N1,5,N1,Y,,3,N1,17,,1,2,2,,,,,,,,,,,8,,3,,,3,,,,1,1,1,,9,,,,,,,,189,,,,,,,,,,,,,,,,,Y,N1,A2100035,38
2026-07-26 00:56:04,data_go_kr,경기도,A2100028,의료법인백송의료재단굿모닝병원,12,20260726005431,031-5182-7582,,,,,,,,,,,,,,,,,6,,2,,1,,,,,1,,,,,,,,,Y,,,,Y,,Y,Y,,,Y,Y,Y,97,N1,5,N1,Y,,7,Y,19,,2,1,,,,,,,,,,,,27,3,,,,7,,,,,5,3,3,23,,,5,3,,,1,392,,,,,,,,,,,,,,6,,,Y,N1,A2100028,39
2026-07-26 00:56:04,data_go_kr,경기도,A2113246,의료법인양진의료재단평택성모병원,13,20260726005322,070-5012-0119,,,,,,,,,,,,,,,,0,,,1,,2,2,,,,2,3,,,,,,,,Y,,,,Y,,Y,Y,,,Y,Y,N1,55,N1,14,N1,Y,,6,N1,17,,1,2,2,,,,,,,,,,,34,2,3,,,6,,,,,3,3,2,8,,,2,,,,,329,,,,,,,,,,,,,0,,,,Y,N1,A2113246,40
2026-07-26 00:56:04,data_go_kr,경기도,A2100031,경기도의료원포천병원,16,20260726005502,031-539-9119,,Y,,,,,,,,,,,,,,,,,1,,2,,,,,0,,,,,,1,Y,,Y,,,,,,Y,N1,,,N1,Y,N1,54,N1,2,Y,Y,,4,N1,17,,1,2,,,,,,,,,,,,10,0,,,,4,,,3,3,1,1,,7,,2,,,,,,137,,,,,,,,,,,,,,,,,Y,N1,A2100031,41
2026-07-26 00:56:04,data_go_kr,경기도,A2100046,한림대학교동탄성심병원,25,20260726005428,031-8086-2119,Y,Y,3,0,,,,,,12,,,,,,,,9,,3,,,,,2,7,,,,,,6,Y,Y,Y,,,,Y,,Y,Y,3,,Y,Y,Y,190,Y,,Y,Y,12,20,Y,32,9,,,,28,13,13,,,13,,,9,,,11,,,,20,,,11,1,6,3,6,51,8,16,17,5,5,1,1,515,3,0,,,,,,,,,,,,,,,Y,Y,A2100046,42
2026-07-26 00:56:04,data_go_kr,경기도,A2100290,의료법인자인의료재단(더자인병원),14,20260726005529,031-930-3119,,,,,,,,,,,,,,,,,,,2,,2,2,,,,1,1,,,,,,,,Y,,,,Y,,Y,Y,,,Y,Y,N1,85,N1,5,N1,N,,5,N1,16,,2,2,2,,,,,,,,,,,10,2,3,,,5,,,,,2,2,1,15,,,1,,,,,233,,,,,,,,,,,,,,,,,Y,N1,A2100290,43
2026-07-26 00:56:04,data_go_kr,경기도,A2100049,국립암센터,15,20260726005200,031-920-0119,,N,,,,,,,,,,,,,,,,,,,1,,,,,8,,,,,,,,,Y,,,,Y,,Y,Y,,,Y,Y,Y,146,Y,14,N,Y,,18,N1,24,,,1,,,,,,,,,,,,19,9,,,,18,,,,,7,5,3,29,,1,8,2,7,,,554,,,,,,,,,,,,,,,,,Y,N1,A2100049,44
2026-07-26 00:56:04,data_go_kr,경기도,A2116972,의료법인성광의료재단일산차병원,6,20260726005118,031-782-8587,Y,Y,,,,,,,,,,,,,,,,,,,4,,,,,1,,,,,,1,Y,,,,,,,,Y,N1,,,N1,N1,N1,70,N1,4,Y,N1,0,10,N1,6,,,4,,,,17,,,,,,,,4,1,,,,10,,,1,9,,,,4,11,19,,,,,,179,,,,,,,,,,,,,,,,,Y,Y,A2116972,45
2026-07-26 00:56:04,data_go_kr,경기도,A2118188,엘병원,7,20260726005418,031-527-6119,,,,,,,,,,,,,,,,,,,,,2,,,,,0,,,,,,0,,,Y,,,,,,Y,N1,,,N1,Y,N1,56,N1,6,N1,Y,,3,N1,8,,,2,,,,,,,,,,,,8,1,,,,3,,,1,,1,1,,2,,,,,,,,146,,,,,,,,,,,,,,,,,Y,N1,A2118188,46
2026-07-26 00:56:04,data_go_kr,경기도,A2100050,의료법인대인의료재단다니엘종합병원,5,20260726005502,032-670-0119,,,,,,,,,,,,,,,,,,,1,,3,,,,,1,,,,,,,,,Y,,,,,,Y,N1,,,N,Y,N1,36,N1,9,N1,Y,,3,N1,6,,1,3,,,,,,,,,,,,30,1,,,,3,,,,,1,1,,17,,,1,,,,,169,,,,,,,,,,,,,,,,,Y,N1,A2100050,47
2026-07-26 00:56:04,data_go_kr,경기도,A2100258,국군수도병원,16,20260726005513,031-725-6119,,,,,,,,,,,,,,2,6,,,,0,,,,,,,1,,,15,,2,,,,Y,,,,Y,15,Y,Y,,,Y,Y,Y,156,N1,10,N1,Y,,9,N1,16,,2,,,,,,,,,,20,,,12,1,,,40,9,,15,,,3,4,2,2,,,5,2,,,,530,,,,,,,,,,,2,6,,,,,Y,N1,A2100258,48
2026-07-26 00:56:04,data_go_kr,경기도,A2100016,순천의료재단성남정병원,9,20260726005323,031-750-6003,,,,,,,,,,,,0,,,27,,,,2,,,,,,,,,,,,,,,,Y,,,,,,Y,N1,,,N1,Y,N1,75,N1,,N1,Y,,4,N1,9,,2,,,,,,,,,,,,,,,,,,4,,,,,1,1,,1,,,,,,,,98,,,,,,,,,0,,,105,,,,,Y,N1,A2100016,49
2026-07-26 00:56:04,data_go_kr,경기도,A2121061,의료법인덕산의료재단수원덕산병원,19,20260726005504,031-686-2911,N,Y,,,,,,,,,,,,,,,,3,1,,2,2,,,,0,2,,,,,0,Y,,Y,,,,Y,,Y,Y,,,Y,Y,Y,103,N1,4,Y,Y,,9,N1,24,3,1,2,2,,,,,,,,,,,22,3,4,,,9,,,5,5,3,2,2,15,N,2,5,2,,,,403,,,,,,,,,,,,,,,,,Y,N,A2121061,50
2026-07-26 00:56:04,data_go_kr,경기도,A2100032,경기도의료원수원병원,5,20260726005502,031-888-0119,,,,,,,,,,,,,,,,,3,,,,2,,,,,,,,,,,2,,,Y,,,,,,Y,N1,,,N1,Y,N1,45,N1,7,N1,Y,,3,N1,8,,,2,,,,,,,,,,,,9,,,,,3,,,2,,1,1,,9,,,,,,,,156,,,,,,,,,,,,,,3,,,Y,N1,A2100032,51
2026-07-26 00:56:04,data_go_kr,경기도,A2100175,의료법인토마스의료재단윌스기념병원,11,20260726005416,031-240-6119,,,,,,,,,,,,,,,,,,,1,,2,2,,,,0,3,,,,,,Y,,Y,,,,Y,,Y,Y,,,Y,Y,N1,76,N1,10,N1,Y,,10,N1,18,,1,2,2,,,,,,,,,,,18,1,3,,,10,,,,1,1,4,1,1,,,1,,,,,282,,,,,,,,,,,,,,,,,Y,N1,A2100175,52
2026-07-26 00:56:04,data_go_kr,경기도,A2100027,의료법인석경의료재단센트럴병원,18,20260726005239,031-8041-3019,,,,,,,,,,,,,,,,,,,1,,1,,,,,,,,,,,,,,Y,,,,,,Y,N1,,,Y,Y,N1,101,N1,4,N1,Y,,3,N1,18,,1,2,,,,,,,,,,,,20,,,,,3,,,,,2,2,,7,,,2,,,,,255,,,,,,,,,,,,,,,,,Y,N1,A2100027,53
2026-07-26 00:56:04,data_go_kr,경기도,A2100013,의료법인 록향의료재단 신천연합병원,9,20260726005507,031-310-6661,,,,,,,,,,,,,,,,,,,,,1,,,,,0,,,,,,,,,Y,,,,,,Y,N1,,,Y,Y,N1,24,N1,0,N1,Y,,3,N1,10,,,1,,,,,,,,,,,,6,1,,,,3,,,,,1,1,,4,,,1,,,,,112,,,,,,,,,,,,,,,,,Y,N1,A2100013,54
2026-07-26 00:56:04,data_go_kr,경기도,A2100021,의료법인플러스의료재단단원병원,15,20260726005348,031-8040-5911,,,,,,,,,,,,,1,,,,,,1,,2,,,,,1,,,,,,,,,Y,,,,Y,,Y,Y,,,Y,Y,Y,82,N1,7,N1,Y,,5,N1,17,,1,2,,,,,,,,,,,,27,1,,,,5,,,,,1,1,2,8,,,2,1,,,,342,,,,,,,,,,1,,,,,,,Y,N1,A2100021,55
2026-07-26 00:56:04,data_go_kr,경기도,A2100014,근로복지공단안산병원,6,20260726005200,031-500-1119,,,,,,,,,,,,,,,,,,,,,1,,,,,1,,,,,,0,,,Y,,,,,,Y,N1,,,N1,Y,N1,89,N1,11,N1,Y,,3,N1,7,,,1,,,,,,,,,,,,18,1,,,,3,,,2,,1,1,,14,,,,,,,,359,,,,,,,,,,,,,,,,,Y,N1,A2100014,56
2026-07-26 00:56:04,data_go_kr,경기도,A2100124,의료법인칠석의료재단사랑의병원,11,20260726004530,031-502-0119,,,,,,,,,,,,,,,,,,,1,,,,,,,,,,,,,,,,Y,,,,,,Y,N1,,,Y,Y,N1,48,N1,6,N1,Y,,5,N1,13,,1,,,,,,,,,,,,,14,,,,,5,,,,,2,2,,8,,,1,,,,,206,,,,,,,,,,,,,,,,,Y,N1,A2100124,57
2026-07-26 00:56:04,data_go_kr,경기도,A2100045,경기도의료원안성병원,13,20260726005501,031-8046-5119,,,,,,,,,,,,,,,,,,,1,,,,,,,1,,,,,,8,,,Y,,,,,,Y,N1,,,N1,Y,N1,57,N1,4,N1,Y,,5,N1,14,,1,,,,,,,,,,,,,13,2,,,,5,,,8,,1,1,,8,,,,,,,,178,,,,,,,,,,,,,,,,,Y,N1,A2100045,58
2026-07-26 00:56:04,data_go_kr,경기도,A2100305,안성성모병원,9,20260726005445,031-675-8275,,,,,,,,,,,,,,,,,,,,,1,,,,,,,,,,,,,,Y,,,,,,Y,N1,,,N1,Y,N1,95,N1,3,N1,Y,,3,N1,9,,,1,,,,,,,,,,,,20,,,,,3,,,,,1,1,,7,,,,,,,,188,,,,,,,,,,,,,,,,,Y,N1,A2100305,59
2026-07-26 00:56:04,data_go_kr,경기도,A2100089,양평병원,6,20260726005001,031-770-5119,N,N,,,,,,,,,,,,,,,,,,,1,,,,,,,,,,,,N,N,Y,,,,N,,Y,N,,,N,Y,N,24,N,,N,Y,,3,N,9,,,1,,,,,,,,,,,,,,,,,3,,,,0,1,1,0,1,0,0,0,0,0,0,0,90,,,,,,,,,,,,,,,,,Y,N,A2100089,60
2026-07-26 00:56:04,data_go_kr,경기도,A2100194,세종여주병원,5,20260726005503,031-880-7754,,,,3,,,,,,,,,,,,,3,,,,4,,,,,,,,,,,,,,Y,,,,,,Y,N1,,,Y,Y,N1,127,N1,,N1,Y,,2,N1,6,,,4,,,,,,,,,,,,,,,,,2,,,,,1,1,,4,,,2,,,,,210,,3,,,,,,,,,,,,3,,,Y,N1,A2100194,61
2026-07-26 00:56:04,data_go_kr,경기도,E2100187,연천군보건의료원,10,20260726005504,031-839-4119,,,,,,,,,,,,,,,,,,,,,,,,,,,,,,,,,,,Y,,,,,,Y,N1,,,N1,Y,N1,51,N1,,N1,N1,,2,N1,10,,,,,,,,,,,,,,,,,,,,2,,,,,1,,,1,,,,,,,,52,,,,,,,,,,,,,,,,,Y,N1,E2100187,62
2026-07-26 00:56:04,data_go_kr,경기도,A2100122,(의)효심의료재단용인서울병원,9,20260726005415,031-336-0119,,,,,,,,,,,,,,,,,,,,,,,,,,,,,,,,,,,Y,,,,,,Y,N1,,,N1,Y,N1,150,N1,,N1,Y,,3,N1,10,,,,,,,,,,,,,,,,,,,,3,,,,,1,1,,1,,,,,,,,201,,,,,,,,,,,,,,,,,Y,N1,A2100122,63
2026-07-26 00:56:04,data_go_kr,경기도,A2121142,메디필드한강병원,17,20260726005443,031-332-1119,,,,,,,,,,,,,,,,,,,1,,2,,,,,1,,,,,,1,,,Y,,,,Y,,Y,Y,,,Y,Y,N1,162,N1,6,N1,Y,,6,N1,17,,1,2,,,,,,,,,,,,15,1,,,,6,,,1,,3,2,1,13,,,2,,,,,192,,,,,,,,,,,,,,,,,Y,N1,A2121142,64
2026-07-26 00:56:04,data_go_kr,경기도,A2100034,의료법인영동의료재단의정부백병원,9,20260726005459,031-842-1211,,,,,,,,,,,,,,,,,,,,,2,,,,,,,,,,,,,,Y,,,,,,Y,N1,,,N1,Y,N1,103,N1,0,N1,Y,,3,N1,10,,,2,,,,,,,,,,,,9,,,,,3,,,,,1,1,,1,,,,,,,,192,,,,,,,,,,,,,,,,,Y,N1,A2100034,65
2026-07-26 00:56:04,data_go_kr,경기도,A2100150,추병원,12,20260726005323,031-845-8313,,,,,,,,,,,,,,,,,,,1,,1,,,,,,,,,,,,,,Y,,,,Y,,Y,Y,,,N1,Y,N1,53,N1,3,N1,N,,3,N1,12,,1,1,,,,,,,,,,,,15,,,,,3,,,,,2,1,1,1,,,,,,,,210,,,,,,,,,,,,,,,,,Y,N1,A2100150,66
2026-07-26 00:56:04,data_go_kr,경기도,A2100043,경기도의료원의정부병원,10,20260726005502,031-828-5119,,,,,,,,,,,,,,,,0,,,1,,,,,,,,,,,,31,2,,,Y,,,,,,Y,N1,,,N1,Y,N1,34,N1,3,N1,Y,,3,N1,10,,1,,,,,,,,,,,,,6,,,,,3,,70,5,,1,1,,8,,,,,,,,86,,,,,,,,,,,,,0,,,,Y,N1,A2100043,67
2026-07-26 00:56:04,data_go_kr,경기도,A2100131,메디인병원,12,20260726005533,031-570-7912,,,,,,,,,,,,,,,,,,,,,2,,,,,,,,,,,,,,Y,,,,Y,,Y,Y,,,N1,Y,N1,70,N1,,N1,Y,,4,N1,12,,,2,,,,,,,,,,,,,,,,,4,,,,,1,1,1,2,,,,,,,,206,,,,,,,,,,,,,,,,,Y,N1,A2100131,68
2026-07-26 00:56:04,data_go_kr,경기도,A2100309,의료법인갈렌의료재단박병원,7,20260726005508,031-662-4119,,,,,,,,,,,,,,,,,,,,,1,,,,,,,,,,,,,,Y,,,,,,Y,N1,,,N1,Y,N1,34,N1,2,N1,Y,,2,N1,10,,,1,,,,,,,,,,,,10,,,,,2,,,,,1,2,,3,,,,,,,,143,,,,,,,,,,,,,,,,,Y,N1,A2100309,69
2026-07-26 00:56:04,data_go_kr,경기도,A2100022,의료법인박애의료재단박애병원,9,20260726005207,031-650-9219,,,,,,,,,,,,,,,,,,,,,1,,,,,,,,,,,,,,Y,,,,,,Y,N1,,,Y,Y,N1,110,N1,6,N1,Y,,5,N1,10,,,1,,,,,,,,,,,,10,,,,,5,,,,,2,1,,20,,,2,,,,,193,,,,,,,,,,,,,,,,,Y,N1,A2100022,70
2026-07-26 00:56:04,data_go_kr,경기도,A2100036,의료법인 일심의료재단 포천우리병원,18,20260726005359,031-541-8282,,,,,,,,,,,,,,,,,,,1,,3,,,,,2,,,,,,2,,,Y,,,,Y,,Y,Y,,,Y,Y,N1,71,N1,3,N1,Y,,5,N1,18,,1,3,,,,,,,,,,,,18,2,,,,5,,,2,,2,2,1,14,,,3,,,,,201,,,,,,,,,,,,,,,,,Y,N1,A2100036,71
2026-07-26 00:56:04,data_go_kr,경기도,A2100018,의료법인은혜와감사의료재단화성중앙종합병원,8,20260726005423,031-371-7998,,,,,,,,,,,,,,,,,,,,,1,,,,,,,,,,,,,,Y,,,,,,Y,N1,,,N1,Y,N1,81,N1,4,N1,Y,,3,N1,9,,,1,,,,,,,,,,,,8,,,,,3,,,,,1,1,,3,,,,,,,,131,,,,,,,,,,,,,,,,,Y,N1,A2100018,72
2026-07-26 00:56:04,data_go_kr,경기도,A2115699,의료법인원광의료재단원광종합병원,7,20260726004504,031-8077-7219,,,,,,,,,,,,,,,,,,,1,,,,,,,,,,,,,,,,Y,,,,,,Y,N1,,,N1,Y,N1,26,N1,-1,N1,Y,,4,N1,9,,1,,,,,,,,,,,,,9,,,,,4,,,,,1,2,,4,,,,,,,,135,,,,,,,,,,,,,,,,,Y,N1,A2115699,73
2026-07-26 00:56:04,data_go_kr,강원특별자치도,A2200008,강릉아산병원,17,20260726005515,033-610-3333,Y,Y,,,,,0,1,,0,,,,,,,,3,2,1,3,1,,,,,10,,,,,,Y,,Y,,,,Y,,Y,Y,,,Y,Y,Y,115,Y,,Y,Y,7,15,Y,23,3,2,3,18,14,16,13,,,,,,,,,,38,,,15,,,,2,4,3,4,33,8,12,8,5,1,,2,604,,,,,1,6,,,,,,,,,,,Y,Y,A2200008,1
2026-07-26 00:56:04,data_go_kr,강원특별자치도,A2200001,연세대학교원주세브란스기독병원,17,20260726005002,033-741-1641,Y,Y,3,20,,,0,,,1,,,,,,,,3,2,5,3,3,,,,,16,,9,2,5,,Y,,Y,3,2,6,Y,8,Y,Y,,,Y,Y,Y,205,Y,,Y,Y,7,15,Y,29,3,2,3,20,15,12,19,,,,15,20,,,,,30,,40,15,2,24,,2,5,4,7,100,12,25,16,7,13,,4,584,4,36,,,2,,,,,,,,,,2,6,Y,Y,A2200001,2
2026-07-26 00:56:04,data_go_kr,강원특별자치도,A2200013,한림대학교춘천성심병원,17,20260726005220,033-240-5219,Y,Y,2,3,,,,0,,,,,,,,,,2,,,,5,,,,0,29,,,,,1,Y,Y,Y,,,,Y,,Y,Y,2,,Y,Y,Y,97,Y,6,Y,Y,,9,Y,22,3,,,20,,,,,,8,,,,,20,2,45,,,9,,,2,1,2,2,3,33,1,4,6,2,1,1,1,252,2,3,,,,2,,,,,,,,,,,Y,Y,A2200013,3
2026-07-26 00:56:04,data_go_kr,강원특별자치도,A2200005,의료법인강릉동인병원,14,20260726005506,033-650-6105,,,,,,,,,,1,,,,,,,,,1,,2,,,,,2,,,,,9,,,,Y,,,,Y,,Y,Y,,,Y,Y,N1,71,N1,0,N1,Y,,5,N1,17,,1,2,,12,,,,,,,,,,12,2,,,,5,,101,,,2,1,1,14,,,1,,,,,248,,,,,,,,,,,,,,,,,Y,N1,A2200005,4
2026-07-26 00:56:04,data_go_kr,강원특별자치도,A2200007,강원특별자치도삼척의료원,15,20260726005002,033-571-0431,,Y,,,,,,,,,,,,,,,,1,2,,1,0,,,,0,3,,,,,6,Y,,Y,,,,,,Y,N1,,,Y,Y,N1,57,N1,0,Y,Y,,4,N1,16,1,2,1,2,,,,,,,,,,,6,2,3,,,4,,,10,1,1,1,,3,,3,1,,,,,189,,,,,,,,,,,,,,,,,Y,N1,A2200007,5
2026-07-26 00:56:04,data_go_kr,강원특별자치도,A2200012,강원특별자치도속초의료원,17,20260726005502,,Y,Y,,,,,,,,,,,,,,,,,2,,1,,,,,,,,,,,,Y,,Y,,,,,,Y,N1,,,N1,Y,N1,64,N1,0,Y,Y,,3,N1,17,,2,1,,,,,,,,,,,,8,,,,,3,,,,2,1,1,,7,1,1,,,,,,154,,,,,,,,,,,,,,,,,Y,Y,A2200012,6
2026-07-26 00:56:04,data_go_kr,강원특별자치도,A2200009,강원대학교병원,16,20260726005500,033-258-2293,Y,Y,,,,,0,,,3,,,,,,,,3,2,,3,1,4,,5,1,,,,,3,12,Y,,Y,1,,,Y,,Y,Y,,,Y,Y,Y,274,Y,,Y,Y,1,11,N1,21,3,2,3,5,10,,15,8,,,8,,8,,,2,,,,11,,16,14,3,4,2,4,43,13,24,12,3,10,,,508,,,,,0,,,,,,,,,,,,Y,Y,A2200009,7
2026-07-26 00:56:04,data_go_kr,강원특별자치도,A2200011,강원특별자치도강릉의료원,4,20260726005501,033-610-1234,,,,,,,,,,,,,,,,20,,,,,1,,,,,,,,,,,5,,,Y,,,,,,Y,N1,,,N1,Y,N1,18,N1,0,N1,Y,,2,N1,5,,,1,,,,,,,,,,,,8,,,,,2,,,5,,1,1,,4,,,,,,,,122,,,,,,,,,,,,,20,,,,Y,N1,A2200011,8
2026-07-26 00:56:04,data_go_kr,강원특별자치도,A2200003,의료법인동해동인병원,9,20260726005537,033-530-0129,,,,,,,,,,,,,,,,,,,,,1,,,,,1,,,,,57,,,,Y,,,,,,Y,N1,,,N1,Y,N1,33,N1,9,N1,Y,,2,N1,10,,,1,,,,,,,,,,,,19,1,,,,2,,110,,,1,1,,7,,,,,,,,178,,,,,,,,,,,,,,,,,Y,N1,A2200003,9
2026-07-26 00:56:04,data_go_kr,강원특별자치도,A2200046,의료법인온세움의료재단온재병원,3,20260726005444,033-639-8988,,,,,,,,,,,,,,,,,,,,,1,,,,,,,,,,29,,,,Y,,,,,,Y,N1,,,N1,Y,N1,26,N1,0,N1,Y,,4,N1,9,,,1,,,,,,,,,,,,15,,,,,4,,59,,,1,1,,5,,,,,,,,219,,,,,,,,,,,,,,,,,Y,N1,A2200046,10
2026-07-26 00:56:04,data_go_kr,강원특별자치도,A2200037,의료법인성심의료재단양구성심병원,5,20260726005456,033-480-8816,,Y,,,,,,,,,,,,,,,,,1,,,,,,,,,,,,,,Y,,Y,,,,,,Y,N1,,,N1,Y,N1,39,N1,,Y,N1,,,N1,5,,1,,,,,,,,,,,,,,,,,,,,,,1,1,,,1,,1,,,,,,52,,,,,,,,,,,,,,,,,Y,N1,A2200037,11
2026-07-26 00:56:04,data_go_kr,강원특별자치도,A2200002,강원특별자치도영월의료원,9,20260726005002,033-370-9129,,Y,,,,,,,,,,,,,,,1,,,,,,,,,0,,,,,,2,Y,,Y,,,,,,Y,N1,,,N1,Y,N1,44,N1,0,Y,Y,,2,N1,9,,,,,,,,,,,,,,,10,2,,,,2,,,2,1,1,1,,7,,3,,,,,,174,,,,,,,,,,,,,,1,,,Y,N1,A2200002,12
2026-07-26 00:56:04,data_go_kr,강원특별자치도,A2200015,강원특별자치도원주의료원,10,20260726005502,033-760-4701,,,,,,,,,,,,,,,,,,,1,,2,,,,,,,,,,,,,,Y,,,,,,Y,N1,,,N1,Y,N1,50,N1,0,N1,Y,,3,N1,17,,1,2,,,,,,,,,,,,20,,,,,3,,,,,1,1,,7,,,,,,,,259,,,,,,,,,,,,,,,,,Y,N1,A2200015,13
2026-07-26 00:56:04,data_go_kr,강원특별자치도,A2200024,의료법인성지의료재단성지병원,6,20260726005237,033-760-3119,,,,,,,,,,,,,,,,13,,,,,1,,,,,,,,,,,,,,Y,,,,,,Y,N1,,,N1,Y,N1,-63,N1,9,N1,Y,,4,N1,7,,,1,,,,,,,,,,,,9,,,,,4,,,,,1,2,,4,,,,,,,,135,,,,,,,,,,,,,13,,,,Y,N1,A2200024,14
2026-07-26 00:56:04,data_go_kr,강원특별자치도,A2200048,근로복지공단정선병원,5,20260726005200,033-560-7150,,,,,,,,,,,,,,,,,,,,,1,,,,,,,,,,,,,,Y,,,,,,Y,N1,,,N1,Y,N1,46,N1,,N1,N1,,,N1,5,,,1,,,,,,,,,,,,,,,,,,,,,,1,,,3,,,,,,,,149,,,,,,,,,,,,,,,,,Y,N1,A2200048,15
2026-07-26 00:56:04,data_go_kr,강원특별자치도,A2201730,철원병원,0,20260726005001,033-452-5012,N,Y,,,,,,,,,,,,,,,,,1,,,,,,,,,,,,,,Y,N,Y,,,,N,,Y,N,,,N,Y,N,36,N,,Y,Y,,2,N,5,,1,,,,,,,,,,,,,,,,,,2,,,,1,1,1,0,1,0,1,0,0,0,0,0,68,,,,,,,,,,,,,,,,,Y,N,A2201730,16
2026-07-26 00:56:04,data_go_kr,강원특별자치도,A2200004,근로복지공단태백병원,8,20260726005400,033-580-3119,,,,,,,,,,,,,,,,,,,1,,,,,,,1,,,,,,,Y,,Y,,,,,,Y,N1,,,N1,Y,N1,66,N1,4,N1,Y,,2,N1,9,,1,,,,,,,,,,,,,9,1,,,,2,,,,1,1,1,,8,,,,,,,,223,,,,,,,,,,,,,,,,,Y,N1,A2200004,17
2026-07-26 00:56:04,data_go_kr,강원특별자치도,E2200026,평창군보건의료원,5,20260726005501,033-330-4812,,,,,,,,,,,,,,,,,,,,,1,,,,,,,,,,,,,,Y,,,,,,Y,N1,,,N1,Y,N1,20,N1,,N1,N1,,,N1,6,,,1,,,,,,,,,,,,,,,,,,,,,,1,,,1,,,,,,,,20,,,,,,,,,,,,,,,,,Y,N1,E2200026,18
2026-07-26 00:56:04,data_go_kr,강원특별자치도,A2200014,홍천아산병원,7,20260726005000,033-430-5119,,,,,,,,,,,,,,,,,,,,,,,,,,,,,,,,,,,Y,,,,,,Y,N1,,,N1,Y,N1,9,N1,1,N1,Y,,2,N1,10,,,,,,,,,,,,,,,7,,,,,2,,,,,1,1,,4,,,,,,,,128,,,,,,,,,,,,,,,,,Y,N1,A2200014,19
2026-07-26 00:56:04,data_go_kr,강원특별자치도,E2200025,화천군보건의료원,7,20260726005500,033-440-2880,,,,,,,,,,,,,,,,,,,,,1,,,,,,,,,,,,,,,,,,,,Y,N1,,,N1,N1,N1,16,N1,,N1,N1,,,N1,7,,,1,,,,,,,,,,,,,,,,,,,,,,,,,1,,,,,,,,16,,,,,,,,,,,,,,,,,Y,N1,E2200025,20
2026-07-26 00:56:04,data_go_kr,강원특별자치도,A2200016,횡성대성병원,9,20260726005446,033-345-1191,,,,,,,,,,,,,,,,,,,,,1,,,,,,,,,,,,,,Y,,,,,,Y,N1,,,N1,Y,N1,29,N1,,N1,Y,,1,N1,9,,,1,,,,,,,,,,,,,,,,,1,,,,,1,1,,1,,,,,,,,114,,,,,,,,,,,,,,,,,Y,N1,A2200016,21
2026-07-26 00:56:04,data_go_kr,충청북도,A2300001,충북대학교병원,21,20260726005500,043-269-6114,Y,Y,2,3,,,,0,,2,,,,,,,,8,,,,2,,,,2,30,,12,2,5,12,Y,,Y,,2,6,Y,16,Y,Y,3,,Y,Y,Y,258,Y,8,Y,Y,14,16,N1,30,8,,,18,8,,25,,,4,,20,,,17,5,40,,40,16,2,21,13,2,4,4,6,98,13,31,18,10,17,,,547,2,3,,,,2,,,,,,,,,2,6,Y,Y,A2300001,1
2026-07-26 00:56:04,data_go_kr,충청북도,A2300009,의료법인명지의료재단명지병원,15,20260726005301,043-640-8117,,,,,,,,,,,,,,,,,,3,2,,4,2,,,,3,,,,,,,,,Y,,,,Y,,Y,Y,,,Y,Y,Y,82,N1,6,N1,Y,,3,N1,18,3,2,4,2,,,,,,,,,,,15,3,,,,3,,,,,2,1,1,10,,,2,1,,,,201,,,,,,,,,,,,,,,,,Y,N1,A2300009,2
2026-07-26 00:56:04,data_go_kr,충청북도,A2300005,의료법인자산의료재단제천서울병원,14,20260726005049,043-643-2327,,,,,,,,,,,,,,,,,,,1,,4,,,,,,2,,,,,,,,Y,,,,,,Y,N1,,,Y,Y,N1,33,N1,0,N1,Y,,3,Y,15,,1,4,,,,,,,,,,,,11,,5,,,3,,,,,1,1,,10,,,1,,,,1,202,,,,,,,,,,,,,,,,,Y,N1,A2300005,3
2026-07-26 00:56:04,data_go_kr,충청북도,A2300013,의료법인 건명의료재단 중앙제일병원,16,20260726005134,043-537-9119,,,,,,,,,,,,,,,,,,,3,,,,,,,4,,,,,,31,,,Y,,,,,,Y,N1,,,Y,Y,N1,63,N1,4,N1,Y,,5,N1,17,,3,,,,,,,,,,,,,12,6,,,,5,,,31,,2,2,,6,,,1,,,,,192,,,,,,,,,,,,,,,,,Y,N1,A2300013,4
2026-07-26 00:56:04,data_go_kr,충청북도,A2300007,의료법인인화재단한국병원,12,20260726005202,043-222-6177,,Y,,,,,,,,,,,,,,,3,,1,,2,,,,,1,,,,,,1,Y,,Y,,,,Y,,Y,Y,,,Y,Y,N1,71,N1,0,Y,Y,,8,N1,14,,1,2,,,,,,,,,,,,24,1,,,,8,,,1,1,3,3,2,18,,1,3,,,,,403,,,,,,,,,,,,,,3,,,Y,N1,A2300007,5
2026-07-26 00:56:04,data_go_kr,충청북도,A2300003,의료법인정산의료재단효성병원,16,20260726004951,043-221-2192,,N,,,,,,,,,,,,,,,,,1,,4,0,,,,0,2,,,,,,Y,,Y,,,,Y,,Y,Y,,,Y,Y,N1,69,N1,2,N,Y,,4,Y,18,,1,4,2,,,,,,,,,,,27,2,3,,,4,,,,1,3,4,2,19,,1,2,,,,1,363,,,,,,,,,,,,,,,,,Y,N1,A2300003,6
2026-07-26 00:56:04,data_go_kr,충청북도,A2300008,청주성모병원,5,20260726005509,043-219-8119,,Y,,,,,,,,3,,,,,,,,,2,5,4,2,,,,1,4,,,,,8,Y,,Y,,,,Y,,Y,Y,,,Y,Y,N1,116,N1,,Y,Y,,8,N1,15,,2,5,2,13,12,,,,,,,,,,1,4,,,8,,,30,1,3,2,2,19,,2,2,,,,,358,,,,,,,,,,,,,,,,,Y,N1,A2300008,7
2026-07-26 00:56:04,data_go_kr,충청북도,A2300002,의료법인한마음의료재단하나병원,7,20260726005543,043-230-6594,,,,,,,,,,,,,,,,,9,,1,,2,,,,,1,,,,,,,,,Y,,,,Y,,Y,Y,,,Y,Y,N1,143,N1,2,N1,Y,,7,Y,11,,1,2,,,,,,,,,,,,24,2,,,,7,,,,,3,3,2,20,,,4,,,,1,463,,,,,,,,,,,,,,9,,,Y,N1,A2300002,8
2026-07-26 00:56:04,data_go_kr,충청북도,A2300010,건국대학교충주병원,16,20260726005501,043-840-8330,Y,Y,,,,,,,,,,,,,,,,,1,,2,,,,,,,,,,,0,Y,,Y,,,,Y,,Y,Y,,,Y,Y,Y,86,N1,8,Y,Y,,5,N1,20,,1,2,,,,,,,,,,,,18,,,,,5,,,1,1,2,1,2,11,1,4,3,1,,,,194,,,,,,,,,,,,,,,,,Y,Y,A2300010,9
2026-07-26 00:56:04,data_go_kr,충청북도,A2300034,의료법인대광의료재단괴산성모병원,9,20260726005512,043-830-5419,,,,,,,,,,,,,,,,,,,,,0,,,,,,,,,,,,,,Y,,,,,,Y,N1,,,N1,Y,N1,5,N1,,N1,Y,,1,N1,9,,,1,,,,,,,,,,,,,,,,,1,,,,,1,1,,3,,,,,,,,153,,,,,,,,,,,,,,,,,Y,N1,A2300034,10
2026-07-26 00:56:04,data_go_kr,충청북도,E2300011,단양군보건의료원,6,20260726005501,043-420-0139,,,,,,,,,,,,,,,,,,,1,,,,,,,,,,,,,2,,,Y,,,,,,Y,N1,,,N1,Y,N1,14,N1,,N1,N1,,,N1,6,,1,,,,,,,,,,,,,,,,,,,,,2,,1,,,1,,,,,,,,14,,,,,,,,,,,,,,,,,Y,N1,E2300011,11
2026-07-26 00:56:04,data_go_kr,충청북도,A2300030,의료법인조윤의료재단영동병원,10,20260726005007,043-740-9333,,Y,,,,,,,,,,,,,,,,,,,,,,,,,,,,,,,Y,,Y,,,,,,Y,N1,,,N1,Y,N1,32,N1,,Y,Y,,2,N1,10,,,,,,,,,,,,,,,,,,,,2,,,,1,1,1,,3,,1,,,,,,161,,,,,,,,,,,,,,,,,Y,N1,A2300030,12
2026-07-26 00:56:04,data_go_kr,충청북도,A2300011,의료법인힐링의료재단옥천성모병원,6,20260726005414,043-730-7119,,,,,,,,,,,,,,,,,,,2,,1,,,,,,,,,,,,,,Y,,,,,,Y,N1,,,N1,Y,N1,22,N1,0,N1,Y,,2,N1,7,,2,1,,,,,,,,,,,,7,,,,,2,,,,,1,1,,4,,,,,,,,157,,,,,,,,,,,,,,,,,Y,N1,A2300011,13
2026-07-26 00:56:04,data_go_kr,충청북도,A2300006,충청북도청주의료원,11,20260726005502,043-279-0119,,Y,,,,,,,,,,,,,,,3,,1,,,,,,,2,,,,,90,6,Y,,Y,,,,Y,,Y,Y,,,Y,Y,N1,152,N1,18,Y,Y,,5,N1,12,,1,,,,,,,,,,,,,21,3,,,,5,,90,6,1,1,2,1,11,,1,1,,,,,359,,,,,,,,,,,,,,3,,,Y,N1,A2300006,14
2026-07-26 00:56:04,data_go_kr,충청북도,A2300004,충청북도충주의료원,18,20260726005502,043-871-0119,,,,,,,,,,,,,,,,,,,1,,2,,,,,,,,,,,,,,Y,,,,Y,,Y,Y,,,Y,Y,N1,129,N1,4,N1,Y,,4,N1,18,,1,2,,,,,,,,,,,,12,,,,,4,,,,,1,1,1,8,,,1,,,,,282,,,,,,,,,,,,,,,,,Y,N1,A2300004,15
2026-07-26 00:56:04,data_go_kr,충청남도,A2400002,단국대학교의과대학부속병원,14,20260726005500,041-550-6840,Y,Y,2,2,,,,0,,,,,,3,,,,2,,0,1,1,,,,0,20,,5,2,11,1,Y,,Y,2,1,6,Y,2,Y,Y,,,Y,Y,Y,231,Y,,Y,Y,-2,13,Y,25,4,,1,18,,13,25,,,,13,20,,,,1,30,,40,13,2,20,8,3,4,3,6,6,14,29,15,7,17,,1,640,2,2,,,,2,,,,,7,,,,2,6,Y,Y,A2400002,1
2026-07-26 00:56:04,data_go_kr,충청남도,A2400001,학교법인동은학원순천향대학교부속천안병원,10,20260726005123,041-590-7019,Y,Y,,,1,3,1,,,12,,,,,,,,13,4,9,3,7,,2,,4,10,4,,,,3,Y,Y,Y,,,,Y,,Y,Y,,,Y,Y,Y,212,Y,,Y,Y,4,19,Y,22,14,4,3,17,18,15,38,,2,,,,,,,6,30,6,,19,,,14,11,6,4,6,60,16,37,6,6,10,1,1,713,,,1,3,1,,,,,,,,,,,,Y,Y,A2400001,2
2026-07-26 00:56:04,data_go_kr,충청남도,A2400009,의료법인백제병원,18,20260726005239,041-730-8882,,,,,,,,,,,,,,,,,,,1,,2,,,,,,,,,,19,,,,Y,,,,Y,,Y,Y,,,Y,Y,N1,14,N1,0,N1,Y,,4,N1,20,,1,2,,,,,,,,,,,,26,,,,,4,,49,,,2,2,1,11,,,3,,,,,398,,,,,,,,,,,,,,,,,Y,N1,A2400009,3
2026-07-26 00:56:04,data_go_kr,충청남도,A2400008,당진종합병원,9,20260726005458,041-358-3624,,,,,,,,,,,,,,,,,,,1,,2,,,,,,,,,,,,,,Y,,,,Y,,Y,Y,,,Y,Y,N1,96,N1,2,N1,Y,,4,N1,17,,1,2,,,,,,,,,,,,13,,,,,4,,,,,2,2,1,5,,,1,,,,,246,,,,,,,,,,,,,,,,,Y,N1,A2400008,4
2026-07-26 00:56:04,data_go_kr,충청남도,A2400011,재단법인아산사회복지재단보령아산병원,15,20260726005000,041-930-5333,,,,,,,,,,,,,,,,,,,1,,2,,,,,,,,,,,,,,Y,,,,,,Y,N1,,,N1,Y,N1,77,N1,3,N1,Y,,2,N1,17,,1,2,,,,,,,,,,,,8,,,,,2,,,,,1,1,,4,,,,,,,,221,,,,,,,,,,,,,,,,,Y,N1,A2400011,5
2026-07-26 00:56:04,data_go_kr,충청남도,A2400003,서산중앙병원,11,20260726005005,041-661-1195,,,,,,,,,,,,,,,,,,,1,,2,,,,,,,,,,,,,,Y,,,,,,Y,N1,,,Y,Y,N1,45,N1,8,N1,Y,,4,N1,17,,1,2,,,,,,,,,,,,17,,,,,4,,,,,1,1,,7,,,1,,,,,288,,,,,,,,,,,,,,,,,Y,N1,A2400003,6
2026-07-26 00:56:04,data_go_kr,충청남도,A2400006,충청남도서산의료원,15,20260726005102,041-689-7119,,,,,,,,,,,,,,,,,,,1,,2,0,,,,,2,,,,,5,,,Y,,,,,,Y,N1,,,N1,Y,N1,23,N1,0,N1,Y,,3,N1,17,,1,2,2,,,,,,,,,,,8,,4,,,3,,,5,,2,1,,10,,,,,,,,259,,,,,,,,,,,,,,,,,Y,N1,A2400006,7
2026-07-26 00:56:04,data_go_kr,충청남도,A2402257,아산충무병원,10,20260726005226,041-536-6519,,,1,7,,,,,,,,,,5,,,,,,,,,,,,1,,,,,,,Y,,Y,,,,Y,,Y,Y,,,Y,Y,Y,171,Y,10,N1,Y,,4,N1,13,,,,,,,,,,,,,,,22,2,,,,4,,,,1,2,2,3,27,,,4,2,1,,,456,1,7,,,,,,,,,5,,,,,,Y,N1,A2402257,8
2026-07-26 00:56:04,data_go_kr,충청남도,A2400012,의료법인영서의료재단천안충무병원,8,20260726005418,041-570-7519,,,,,,,,,,,,,,,,,,,1,,4,,,,,0,,,,,,,,,Y,0,,,Y,,Y,Y,,,Y,Y,Y,61,N1,0,N1,Y,,5,N1,16,,1,4,,,,,,,,7,,,,19,3,,,,5,,,,,2,2,3,26,,,3,3,,,,333,,,,,,,,,,,,,,,,,Y,N1,A2400012,9
2026-07-26 00:56:04,data_go_kr,충청남도,A2400007,충청남도홍성의료원,10,20260726005401,041-630-6119,,,,,,,,,,,,,,,,,,1,1,,2,2,,,,1,3,,,,3,1,Y,,Y,,,,N,,Y,N,,,Y,Y,N1,86,N1,5,N1,Y,,4,N,18,1,1,2,2,,,,,,,,,,,22,1,3,,,4,,49,1,1,2,2,1,10,,,1,,,,2,260,,,,,,,,,,,,,,,,,Y,N1,A2400007,10
2026-07-26 00:56:04,data_go_kr,충청남도,A2400010,충청남도공주의료원,13,20260726005402,041-962-1365,,,,,,,,,,,,,,,,,,,,,1,,,,,,,,,,,5,,,Y,,,,,,Y,N1,,,Y,Y,N1,58,N1,3,N1,Y,,6,N1,15,,,1,,,,,,,,,,,,16,,,,,6,,,6,,1,1,,9,,,2,,,,,273,,,,,,,,,,,,,,,,,Y,N1,A2400010,11
2026-07-26 00:56:04,data_go_kr,충청남도,A2400038,학교법인건양교육재단건양대학교부여병원,9,20260726005405,041-837-1201,,,,,,,,,,,,,,,,,,,,,1,,,,,,,,,,,,,,Y,,,,,,Y,N1,,,N1,Y,N1,22,N1,,N1,N1,,1,N1,9,,,1,,,,,,,,,,,,,,,,,1,,,,,1,,,1,,,,,,,,55,,,,,,,,,,,,,,,,,Y,N1,A2400038,12
2026-07-26 00:56:04,data_go_kr,충청남도,A2400044,의료법인 서해병원,5,20260726005448,041-950-0219,,,,,,,,,,,,,,,,,,,,,2,,,,,,,,,,,,,,Y,,,,,,Y,N1,,,N1,Y,N1,20,N1,,N1,N1,,,N1,5,,,2,,,,,,,,,,,,,,,,,,,,,,1,,,1,,,,,,,,79,,,,,,,,,,,,,,,,,Y,N1,A2400044,13
2026-07-26 00:56:04,data_go_kr,충청남도,A2400039,현대병원,6,20260726005001,041-546-7744,N,N,,,,,,,,,,,,,,,,,,,1,,,,,,,,,,,,N,N,Y,0,,,N,,Y,N,,,N,Y,N,8,N,2,N,Y,,3,N,10,,,1,,,,,,,,0,,,,7,,,,,3,,,,0,1,1,0,3,0,0,0,0,0,0,0,84,,,,,,,,,,,,,,,,,Y,N,A2400039,14
2026-07-26 00:56:04,data_go_kr,충청남도,A2400004,의료법인 예당의료재단 예산종합병원,5,20260726005449,041-330-4119,,,,,,,,,,,,,,,,,,,,,1,,,,,,,,,,,,,,Y,,,,,,Y,N1,,,N1,Y,N1,2,N1,4,N1,Y,,0,N1,6,,,1,,,,,,,,,,,,9,,,,,0,,,,,0,0,,0,,,,,,,,88,,,,,,,,,,,,,,,,,Y,N1,A2400004,15
2026-07-26 00:56:04,data_go_kr,충청남도,A2400005,충청남도천안의료원,10,20260726005501,041-570-7119,,,,,,,,,,,,,,,,6,,,,,1,,,,,,,,,,,,,,Y,,,,,,Y,N1,,,N1,Y,N1,63,N1,6,N1,Y,,4,N1,12,,,1,,,,,,,,,,,,15,,,,,4,,,,,1,1,,10,,,,,,,,241,,,,,,,,,,,,,6,,,,Y,N1,A2400005,16
2026-07-26 00:56:04,data_go_kr,충청남도,E2400032,청양군보건의료원,6,20260726005500,041-940-4951,,,,,,,,,,,,,,,,,,,,,1,,,,,,,,,,,,,,Y,,,,,,Y,N1,,,N1,Y,N1,12,N1,,N1,N1,,1,N1,6,,,1,,,,,,,,,,,,,,,,,1,,,,,1,,,1,,,,,,,,12,,,,,,,,,,,,,,,,,Y,N1,E2400032,17
2026-07-26 00:56:04,data_go_kr,충청남도,E2400033,태안군보건의료원,10,20260726005501,041-671-5319,,,,,,,,,,,,,,,,,,,,,1,,,,,,,,,,,,,,Y,,,,,,Y,N1,,,N1,Y,N1,22,N1,,N1,N1,,,N1,10,,,1,,,,,,,,,,,,,,,,,,,,,,1,,,1,,,,,,,,34,,,,,,,,,,,,,,,,,Y,N1,E2400033,18
2026-07-26 00:56:04,data_go_kr,전북특별자치도,A2500001,원광대학교병원,10,20260726005517,063-859-1165,Y,Y,2,3,,,,2,,1,,,,,,,,3,,5,,8,,,5,1,17,,16,2,4,1,Y,,Y,,2,6,Y,6,Y,Y,,,Y,Y,Y,181,Y,4,Y,Y,3,14,Y,26,3,,,18,8,15,15,,,,,20,8,,15,7,31,,40,15,2,30,2,1,5,4,5,11,12,20,8,4,1,,2,543,2,3,,,,2,,,,,,,,,2,6,Y,Y,A2500001,1
2026-07-26 00:56:04,data_go_kr,전북특별자치도,A2500002,전북대학교병원,25,20260726005242,063-250-1131,Y,Y,2,5,,,2,1,,1,,,,,,,,3,,3,,4,5,,6,1,9,,,,3,15,Y,,Y,5,,,Y,,Y,Y,,,Y,Y,Y,334,Y,,Y,Y,23,21,N1,36,5,,,17,10,8,25,10,,,18,,11,,,2,30,,,21,,23,15,3,1,2,5,11,15,22,4,2,1,,,834,2,5,,,2,1,,,,,,,,,,,Y,Y,A2500002,2
2026-07-26 00:56:04,data_go_kr,전북특별자치도,A2500007,전북특별자치도군산의료원,6,20260726005302,063-472-5130,,Y,,,,,,,,,,,,,,,,,1,,2,1,,,,2,3,,,,,,Y,,Y,,,,,,Y,N1,,,N1,Y,N1,94,N1,9,Y,Y,,6,N1,17,,1,2,2,,,,,,,,,,,18,2,3,,,6,,,,1,1,1,,18,,2,,,,,,289,,,,,,,,,,,,,,,,,Y,N1,A2500007,3
2026-07-26 00:56:04,data_go_kr,전북특별자치도,A2500012,의료법인오성의료재단동군산병원,14,20260726005518,063-440-0516,,,,,,,,,,,,,,,,0,,,1,,5,0,,,,,1,,,,,,,,Y,,,,Y,,Y,Y,,,Y,Y,N1,27,N1,8,N1,Y,,6,N1,17,,1,5,2,,,,,,,,,,,24,,3,,,6,,,,,2,2,2,13,,,2,,,,,262,,,,,,,,,,,,,0,,,,Y,N1,A2500012,4
2026-07-26 00:56:04,data_go_kr,전북특별자치도,A2500004,전북특별자치도남원의료원,9,20260726005502,063-620-1119,,Y,,,,,,,,,,,,,,,,,1,,2,,,,,1,,,,,,,Y,,Y,,,,,,Y,N1,,,N1,Y,N1,38,N1,4,Y,Y,,3,N1,17,,1,2,,,,,,,,,,,,9,1,,,,3,,,,3,2,1,,10,,1,,,,,,190,,,,,,,,,,,,,,,,,Y,N1,A2500004,5
2026-07-26 00:56:04,data_go_kr,전북특별자치도,A2500011,의료법인대산의료재단익산병원,9,20260726005502,063-840-9112,,,,,,,,,,,,,,,,,,,1,,2,,,,,0,,,,,,,,,Y,,,,Y,,Y,Y,,,N1,Y,N1,61,N1,8,N1,Y,,5,N1,17,,1,2,,,,,,,,,,,,17,1,,,,5,,,,,2,2,1,7,,,,,,,,333,,,,,,,,,,,,,,,,,Y,N1,A2500011,6
2026-07-26 00:56:04,data_go_kr,전북특별자치도,A2500056,대자인병원,21,20260726005407,063-250-8701,,,,,,,,,,,,,,,,,,,1,9,2,,,,,0,,,,,,,,Y,Y,,,,Y,,Y,Y,,,Y,Y,Y,29,N1,0,N1,Y,,15,Y,33,,1,2,,,36,,,,,,,,,15,4,,,,15,,,,,4,3,2,12,,,4,2,,1,1,45,,,,,,,,,,,,,,,,,Y,N1,A2500056,7
2026-07-26 00:56:04,data_go_kr,전북특별자치도,A2500006,재단법인예수병원유지재단예수병원,23,20260726005251,063-230-8280,Y,Y,,,1,1,,,,,,,,,,,,4,1,,2,,,2,,4,,5,,,,1,Y,,Y,1,,,Y,,Y,Y,,,Y,Y,Y,170,N1,8,Y,Y,3,14,Y,38,10,1,2,,,,12,,2,,14,,,,23,4,,6,,14,,,5,4,4,3,4,40,6,11,7,2,,,2,685,,,1,1,,,,,,,,,,,,,Y,Y,A2500006,8
2026-07-26 00:56:04,data_go_kr,전북특별자치도,A2500005,의료법인영경의료재단전주병원,14,20260726005513,063-226-6119,,,,,,,,,,,,,,,,,,,1,,2,,,,,,,,,,,,,,Y,,,,,,Y,N1,,,Y,Y,N1,47,N1,3,N1,Y,,5,N1,17,,1,2,,,,,,,,,,,,9,,,,,5,,,,,1,2,,6,,,1,,,,,275,,,,,,,,,,,,,,,,,Y,N1,A2500005,9
2026-07-26 00:56:04,data_go_kr,전북특별자치도,A2500008,재단법인 아산사회복지재단 정읍아산병원,16,20260726005501,063-530-6129,,,,,,,,,,,,,,,,,,,1,,2,,,,,,,,,,,,,,Y,,,,,,Y,N1,,,N1,Y,N1,77,N1,1,N1,Y,,3,N1,17,,1,2,,,,,,,,,,,,11,,,,,3,,,,,1,1,,5,,,,,,,,276,,,,,,,,,,,,,,,,,Y,N1,A2500008,10
2026-07-26 00:56:04,data_go_kr,전북특별자치도,A2500009,의료법인석천재단고창병원,4,20260726005232,063-560-5558,,,,,,,,,,,,,,,,,,,,,1,,,,,,,,,,,,,,Y,,,,,,Y,N1,,,N1,Y,N1,0,N1,,N1,Y,,2,N1,10,,,1,,,,,,,,,,,,,,,,,2,,,,,1,1,,4,,,,,,,,258,,,,,,,,,,,,,,,,,Y,N1,A2500009,11
2026-07-26 00:56:04,data_go_kr,전북특별자치도,A2500038,김제우석병원,9,20260726005533,063-540-5119,,,,,,,,,,,,,,,,,,,,,1,,,,,,,,,,,,,,Y,,,,,,Y,N1,,,N1,Y,N1,73,N1,,N1,Y,,2,N1,10,,,1,,,,,,,,,,,,,,,,,2,,,,,1,1,,1,,,,,,,,200,,,,,,,,,,,,,,,,,Y,N1,A2500038,12
2026-07-26 00:56:04,data_go_kr,전북특별자치도,E2500019,무주군보건의료원,4,20260726005500,063-320-8315,,,,,,,,,,,,,,,,,,,,,1,,,,,,,,,,,,,,Y,,,,,,Y,N1,,,N1,Y,N1,24,N1,,N1,N1,,,N1,4,,,1,,,,,,,,,,,,,,,,,,,,,,1,,,1,,,,,,,,24,,,,,,,,,,,,,,,,,Y,N1,E2500019,13
2026-07-26 00:56:04,data_go_kr,전북특별자치도,A2500010,부안성모병원,10,20260726005208,063-580-8119,,,,,,,,,,,,,,,,,,,,,2,,,,,,,,,,,,,,Y,,,,,,Y,N1,,,N1,Y,N1,14,N1,9,N1,Y,,3,N1,10,,,2,,,,,,,,,,,,9,,,,,3,,,,,1,1,,2,,,,,,,,240,,,,,,,,,,,,,,,,,Y,N1,A2500010,14
2026-07-26 00:56:04,data_go_kr,전북특별자치도,E2500021,순창군보건의료원,9,20260726005501,063-650-5352,,,,,,,,,,,,,,,,,,,,,1,,,,,,,,,,,,,,Y,,,,,,Y,N1,,,N1,Y,N1,30,N1,,N1,N1,,,N1,9,,,1,,,,,,,,,,,,,,,,,,,,,,1,,,1,,,,,,,,30,,,,,,,,,,,,,,,,,Y,N1,E2500021,15
2026-07-26 00:56:04,data_go_kr,전북특별자치도,E2500022,임실군보건의료원,1,20260726005500,063-640-3119,,,,,,,,,,,,,,,,,,,,,1,,,,,,,,,,,,,,Y,,,,,,Y,N1,,,N1,Y,N1,,N1,,N1,N1,,,N1,4,,,1,,,,,,,,,,,,,,,,,,,,,,1,,,1,,,,,,,,,,,,,,,,,,,,,,,,,Y,N1,E2500022,16
2026-07-26 00:56:04,data_go_kr,전북특별자치도,E2500020,장수군보건의료원,5,20260726005500,063-350-2119,,,,,,,,,,,,,,,,,,,,,1,,,,,,,,,,,,,,,,,,,,Y,N1,,,N1,N1,N1,20,N1,,N1,N1,,,N1,5,,,1,,,,,,,,,,,,,,,,,,,,,,,,,1,,,,,,,,22,,,,,,,,,,,,,,,,,Y,N1,E2500020,17
2026-07-26 00:56:04,data_go_kr,전북특별자치도,A2501890,의료법인영경의료재단호성전주병원,5,20260726005429,063-240-8862,,,,,,,,,,,,,,,,,,,,,1,,,,,,,,,,,,,,Y,,,,,,Y,N1,,,N1,Y,N1,5,N1,,N1,Y,,2,N1,9,,,1,,,,,,,,,,,,,,,,,2,,,,,1,1,,1,,,,,,,,122,,,,,,,,,,,,,,,,,Y,N1,A2501890,18
2026-07-26 00:56:04,data_go_kr,전북특별자치도,A2502742,새강병원,12,20260726005433,063-289-9119,,,0,0,,0,0,,,0,,,,,,,,3,1,0,2,0,,,,3,,0,,0,,0,,,Y,,,,,,Y,N1,,,N1,Y,N1,88,N1,16,N1,Y,,5,N1,14,3,1,2,0,0,0,,,,,,,,,16,3,,0,,5,0,,0,,1,1,,1,,,,,,,,201,0,0,,0,0,,,,,,,,,,,,Y,N1,A2502742,19
2026-07-26 00:56:04,data_go_kr,전북특별자치도,A2502031,진안군의료원,6,20260726005501,063-430-7119,,,,,,,,,,,,,,,,,,,,,2,,,,,,,,,,,,,,Y,,,,,,Y,N1,,,N1,Y,N1,32,N1,,N1,Y,,2,N1,6,,,2,,,,,,,,,,,,,,,,,2,,,,,1,1,,3,,,,,,,,74,,,,,,,,,,,,,,,,,Y,N1,A2502031,20
2026-07-26 00:56:04,data_go_kr,경상북도,A2700007,차의과학대학교부속구미차병원,12,20260726005505,054-450-9998,Y,Y,,,,,0,,,,,,,,,,,4,3,,3,0,,,,,8,,,,,,Y,Y,Y,,,,Y,,Y,Y,,,Y,Y,Y,73,Y,0,Y,Y,0,8,N1,20,5,3,3,25,,,8,,,,,,,,18,,30,,,8,,,,3,3,2,2,21,3,13,2,1,2,1,,301,,,,,3,,,,,,,,,,,,Y,Y,A2700007,1
2026-07-26 00:56:04,data_go_kr,경상북도,A2700014,의료법인안동병원,9,20260726005200,054-840-0119,Y,Y,2,3,,,1,,,3,,,,,,,,0,,,,3,,,,0,10,,5,2,0,4,Y,Y,Y,,1,5,Y,0,Y,Y,,,Y,Y,Y,140,Y,1,Y,Y,10,11,Y,15,3,,,19,20,,10,,,,,20,,,13,3,30,,40,11,2,34,6,3,6,3,5,67,3,12,14,4,13,1,1,775,2,3,,,1,,,,,,,,,,2,6,Y,Y,A2700014,2
2026-07-26 00:56:04,data_go_kr,경상북도,A2700016,포항성모병원,8,20260726005358,054-260-8600,Y,Y,2,3,,,,4,6,,,,,,,,,11,,,,5,,,,1,2,,,,,1,Y,Y,Y,,,,Y,,Y,Y,,,Y,Y,Y,83,Y,7,Y,Y,,9,Y,20,11,,,15,,,,,,,,,,,16,1,17,,,9,,,1,1,3,2,2,25,1,6,4,1,2,1,3,468,2,3,,,,5,13,,,,,,,,,,Y,Y,A2700016,3
2026-07-26 00:56:04,data_go_kr,경상북도,A2700003,동국대학교의과대학경주병원,12,20260726005512,054-770-8306,Y,Y,,,,,,,,1,,,,,,,,2,2,3,5,,,,,3,,,,,11,1,Y,,Y,,,,Y,,Y,Y,,,Y,Y,N1,94,N1,0,Y,Y,,6,N1,16,3,2,5,,11,17,,,,,,,,,7,4,,,,7,,20,3,1,2,2,2,26,2,6,3,,,,,279,,,,,,,,,,,,,,,,,Y,Y,A2700003,4
2026-07-26 00:56:04,data_go_kr,경상북도,A2700013,순천향대학교부속구미병원,9,20260726005120,054-468-9119,,Y,,,,,,,,,,,,,,,,0,1,,2,0,,,,2,0,,,,,1,Y,,Y,,,,Y,,Y,Y,,,Y,Y,N1,53,N1,3,Y,Y,,6,N1,13,4,1,2,2,,,,,,,,,,,31,2,3,,,6,,,1,1,2,2,2,20,,1,2,,,,,263,,,,,,,,,,,,,,,,,Y,N1,A2700013,5
2026-07-26 00:56:04,data_go_kr,경상북도,A2700012,의료법인덕산의료재단김천제일병원,15,20260726005448,054-420-9500,,,,,,,,,,,,,,,,,,,1,,3,0,,,,,3,,,,,,Y,,Y,,,,Y,,Y,Y,,,Y,Y,N1,79,N1,7,N1,Y,,4,Y,16,,1,3,2,,,,,,,,,,,16,,3,,,4,,,,3,1,1,1,10,,,1,,,,1,276,,,,,,,,,,,,,,,,,Y,N1,A2700012,6
2026-07-26 00:56:04,data_go_kr,경상북도,A2700006,의료법인동춘의료재단문경제일병원,16,20260726005000,054-550-7777,,,,,,,,,,,,,,,,,,,1,,1,2,,,,1,3,,,,60,3,,,Y,,,,,,Y,N1,,,N1,Y,N1,60,N1,12,N1,Y,,3,N1,17,,1,2,2,,,,,,,,,,,29,1,3,,,3,,162,4,,2,1,,8,,,,,,,,306,,,,,,,,,,,,,,,,,Y,N1,A2700006,7
2026-07-26 00:56:04,data_go_kr,경상북도,A2700004,안동성소병원,12,20260726005519,054-850-8282,,Y,,,,,,,,,,,,,,,5,,1,,1,0,,,,3,1,,,,23,0,Y,,Y,,,,Y,,Y,Y,,,Y,Y,N1,147,N1,10,Y,Y,,6,N1,12,,1,2,2,,,,,,,,,,,16,3,3,,,6,,186,2,1,2,2,2,21,,4,1,,,,,393,,,,,,,,,,,,,,5,,,Y,N1,A2700004,8
2026-07-26 00:56:04,data_go_kr,경상북도,A2700002,포항세명기독병원,7,20260726005123,054-289-1711,,,,,,,,,,,,,,,,,6,,1,,3,0,,,,0,2,,,,,3,,,Y,,,,Y,,Y,Y,,,Y,Y,Y,155,Y,7,N1,Y,,14,Y,15,,1,3,2,,,,,,,,,,,52,1,3,,,14,,,6,,6,5,4,25,,,5,1,1,,1,662,,,,,,,,,,,,,,6,,,Y,N1,A2700002,9
2026-07-26 00:56:04,data_go_kr,경상북도,A2700019,의)근원의료재단경산중앙병원,7,20260726005509,053-715-0119,,,,,,,,,,,,,,,,,,,,,2,,,,,1,,,,,44,,,,Y,,,,,,Y,N1,,,N1,Y,N1,59,N1,4,N1,Y,,4,N1,10,,,2,,,,,,,,,,,,11,2,,,,4,,116,,,1,1,,9,,,,,,,,301,,,,,,,,,,,,,,,,,Y,N1,A2700019,10
2026-07-26 00:56:04,data_go_kr,경상북도,A2700036,의료법인서명의료재단세명종합병원,13,20260726005057,053-819-8500,,,,,,,,,,,,,,,,,,,,,2,,,,,,,,,,2,,,,Y,,,,,,Y,N1,,,N1,Y,N1,19,N1,2,N1,Y,,4,N1,13,,,2,,,,,,,,,,,,14,,,,,4,,22,,,1,1,,6,,,,,,,,264,,,,,,,,,,,,,,,,,Y,N1,A2700036,11
2026-07-26 00:56:04,data_go_kr,경상북도,A2700097,계명대학교경주동산병원,5,20260726005402,054-770-9420,,,,,,,,,,,,,,,,,,,,,1,,,,,,,,,,,,,,Y,,,,,,Y,N1,,,N1,Y,N1,35,N1,,N1,Y,,2,N1,9,,,1,,,,,,,,,,,,,,,,,2,,,,,1,1,,1,,,,,,,,88,,,,,,,,,,,,,,,,,Y,N1,A2700097,12
2026-07-26 00:56:04,data_go_kr,경상북도,A2700070,의료법인영암의료재단고령영생병원,5,20260726005449,070-4700-0728,,,,,,,,,,,,,,,,,,,,,1,,,,,,,,,,,,,,Y,,,,,,Y,N1,,,N1,Y,N1,35,N1,,N1,N1,,1,N1,5,,,1,,,,,,,,,,,,,,,,,1,,,,,1,,,1,,,,,,,,59,,,,,,,,,,,,,,,,,Y,N1,A2700070,13
2026-07-26 00:56:04,data_go_kr,경상북도,A2700015,구미강동병원,6,20260726005506,054-478-9521,,,,,,,,,,,,,,,,9,,,1,,2,,,,,,,,,,,,,,Y,,,,Y,,Y,Y,,,N1,Y,N1,44,N1,5,N1,Y,,5,N1,7,,1,2,,,,,,,,,,,,12,,,,,5,,,,,1,1,1,3,,,,,,,,191,,,,,,,,,,,,,9,,,,Y,N1,A2700015,14
2026-07-26 00:56:04,data_go_kr,경상북도,A2700018,경상북도김천의료원,14,20260726005501,054-429-8234,,,,,,,,,,,,,,,,,,,1,,,,,,,0,,,,,,,,,Y,,,,,,Y,N1,,,N1,Y,N1,-3,N1,7,N1,Y,,5,N1,17,,1,,,,,,,,,,,,,22,3,,,,5,,,,,1,2,,7,,,,,,,,274,,,,,,,,,,,,,,,,,Y,N1,A2700018,15
2026-07-26 00:56:04,data_go_kr,경상북도,A2700009,의료법인삼백의료재단상주성모병원,9,20260726005435,054-530-7811,,,,,,,,,,,,,,,,,,,,,1,,,,,,,,,,,,,,Y,,,,,,Y,N1,,,N1,Y,N1,41,N1,6,N1,Y,,3,N1,9,,,1,,,,,,,,,,,,10,,,,,3,,,,,1,1,,1,,,,,,,,172,,,,,,,,,,,,,,,,,Y,N1,A2700009,16
2026-07-26 00:56:04,data_go_kr,경상북도,A2700011,상주적십자병원,7,20260726005434,054-530-3171,,Y,,,,,,,,,,,,,,,,,1,,,,,,,,,,,,,,Y,,Y,,,,,,Y,N1,,,Y,Y,N1,58,N1,7,Y,Y,,3,N1,9,,1,,,,,,,,,,,,,10,,,,,3,,,,1,1,1,,7,,2,1,,,,,164,,,,,,,,,,,,,,,,,Y,N1,A2700011,17
2026-07-26 00:56:04,data_go_kr,경상북도,A2700001,경상북도안동의료원,5,20260726005502,054-850-6100,,,,,,,,,,,,,,,,,,,,,2,,,,,,,,,,,,,,Y,,,,,,Y,N1,,,N1,Y,N1,112,N1,2,N1,Y,,5,N1,6,,,2,,,,,,,,,,,,10,,,,,5,,,,,1,1,,8,,,,,,,,238,,,,,,,,,,,,,,,,,Y,N1,A2700001,18
2026-07-26 00:56:04,data_go_kr,경상북도,A2700031,영주기독병원,4,20260726005239,054-635-3050,,Y,,,,,,,,,,,,,,,,,,,1,,,,,,,,,,,,Y,,Y,,,,,,Y,N1,,,N1,Y,N1,7,N1,,Y,N1,,1,N1,4,,,1,,,,,,,,,,,,,,,,,1,,,,1,1,,,1,,2,,,,,,70,,,,,,,,,,,,,,,,,Y,N1,A2700031,19
2026-07-26 00:56:04,data_go_kr,경상북도,A2700020,영주자인병원,4,20260726005449,070-7335-5229,,,,,,,,,,,,,,,,,,,,,1,,,,,,,,,,,,,,Y,,,,,,Y,N1,,,N1,Y,N1,30,N1,,N1,Y,,,N1,4,,,1,,,,,,,,,,,,,,,,,2,,,,,1,1,,,,,,,,,,133,,,,,,,,,,,,,,,,,N1,N1,A2700020,20
2026-07-26 00:56:04,data_go_kr,경상북도,A2702752,영주적십자병원,10,20260726005530,054-630-0112,,,,,,,,,,,,,,,,,,,1,,,,,,,,,,,,,,,,Y,,,,,,Y,N1,,,Y,Y,N1,56,N1,0,N1,Y,,3,N1,10,,1,,,,,,,,,,,,,10,,,,,3,,,,,1,1,,4,,,1,,,,,140,,,,,,,,,,,,,,,,,Y,N1,A2702752,21
2026-07-26 00:56:04,data_go_kr,경상북도,A2700017,영남대학교의과대학부속영천병원,9,20260726005258,054-330-7575,,,,,,,,,,,,,,,,,,,1,,2,,,,,,,,,,,,,,Y,,,,,,Y,N1,,,N1,Y,N1,46,N1,3,N1,Y,,4,N1,10,,1,2,,,,,,,,,,,,10,,,,,4,,,,,1,1,,1,,,,,,,,190,,,,,,,,,,,,,,,,,Y,N1,A2700017,22
2026-07-26 00:56:04,data_go_kr,경상북도,A2700023,의료법인서준의료재단예천권병원,6,20260726005008,054-650-2119,,Y,,,,,,,,,,,,,,,,,1,,0,,,,,,,,,,,0,Y,,Y,,,,,,Y,N1,,,N1,Y,N1,74,N1,,Y,Y,,2,N1,6,,1,0,,,,,,,,,,,,,,,,,2,,,0,1,1,1,,3,,2,,,,,,173,,,,,,,,,,,,,,,,,Y,N1,A2700023,23
2026-07-26 00:56:04,data_go_kr,경상북도,E2700553,울릉군보건의료원,4,20260726005501,054-790-6911,,,,,,,,,,,,,,,,,,,,,,,,,,,,,,,,,,,Y,,,,,,Y,N1,,,N1,Y,N1,24,N1,,N1,N1,,1,N1,5,,,,,,,,,,,,,,,,,,,,1,,,,,1,,,1,,,,,,,,27,,,,,,,,,,,,,,,,,Y,N1,E2700553,24
2026-07-26 00:56:04,data_go_kr,경상북도,A2700052,울진군의료원,8,20260726005102,054-785-7119,,,,,,,,,,,,,,,,,,,2,,,,,,,,,,,,,2,,,Y,,,,,,Y,N1,,,N1,Y,N1,22,N1,,N1,Y,,3,N1,8,,2,,,,,,,,,,,,,,,,,,3,,,2,,1,1,,1,,,,,,,,97,,,,,,,,,,,,,,,,,Y,N1,A2700052,25
2026-07-26 00:56:04,data_go_kr,경상북도,A2700063,의료법인영제의료재단영남제일병원,4,20260726004144,054-861-9111,,,,,,,,,,,,,,,,,,,,,1,,,,,,,,,,,,,,Y,,,,,,Y,N1,,,N1,Y,N1,27,N1,,N1,N1,,1,N1,,,,,,,,,,,,,,,,,,,,,,,,,,,,,,,,,,,,,,,,,,,,,,,,,,,,,,Y,N1,A2700063,26
2026-07-26 00:56:04,data_go_kr,경상북도,A2700038,의료법인대남의료재단청도대남병원,10,20260726005405,054-370-5112,,,,,,,,,,,,,,,,,,,,,,,,,,,,,,,,,,,Y,,,,,,Y,N1,,,N1,Y,N1,83,N1,,N1,Y,,1,N1,10,,,,,,,,,,,,,,,,,,,,1,,,,,1,1,,1,,,,,,,,115,,,,,,,,,,,,,,,,,Y,N1,A2700038,27
2026-07-26 00:56:04,data_go_kr,경상북도,E2700554,청송군보건의료원,5,20260726005500,054-870-7119,,,,,,,,,,,,,,,,,,,,,1,,,,,,,,,,,,,,,,,,,,Y,N1,,,N1,N1,N1,57,N1,,N1,N1,,,N1,5,,,1,,,,,,,,,,,,,,,,,,,,,,,,,1,,,,,,,,45,,,,,,,,,,,,,,,,,Y,N1,E2700554,28
2026-07-26 00:56:04,data_go_kr,경상북도,A2700008,에스포항병원,2,20260726005148,054-289-9120,Y,,,,,,,,,,,,,,,,,,,,1,,,,,1,,,,,,,,,Y,,,,Y,,Y,Y,,,Y,Y,N1,83,N1,3,N1,Y,,4,N1,6,,,1,,,,,,,,,,,,14,1,,,,4,,,,,2,2,3,9,9,,1,,,,,239,,,,,,,,,,,,,,,,,Y,Y,A2700008,29
2026-07-26 00:56:04,data_go_kr,경상북도,A2702563,의료법인은성의료재단좋은선린병원,10,20260726005519,054-245-5200,,,,,,,,,,,,,,,,2,,,,,2,,,,,1,,,,,,,,,Y,,,,N,,Y,N,,,N1,Y,N1,77,N1,0,N1,Y,,4,N,10,,,2,,,,,,,,,,,,17,1,,,,4,,,,,1,1,2,7,,,,,,,14,281,,,,,,,,,,,,,2,,,,N,N1,A2702563,30
2026-07-26 00:56:04,data_go_kr,경상북도,A2700005,경상북도포항의료원,7,20260726005502,054-245-0129,,,,,,,,,,,,,,,,,,,1,,1,,,,,1,,,,,7,7,,,Y,,,,,,Y,N1,,,N1,Y,N1,26,N1,4,N1,Y,,3,N1,8,,1,1,,,,,,,,,,,,19,1,,,,3,,56,7,,1,1,,4,,,,,,,,179,,,,,,,,,,,,,,,,,Y,N1,A2700005,31
2026-07-26 00:56:04,data_go_kr,경상남도,A2800011,양산부산대학교병원,11,20260726005327,055-360-1463,Y,Y,2,2,1,1,0,0,,4,,0,0,,4,,,7,,7,1,3,6,2,,0,14,6,,,4,4,Y,,Y,1,,,Y,,Y,Y,,5,Y,Y,Y,293,Y,,Y,Y,19,25,N1,23,8,,1,16,16,11,38,11,2,,9,,,10,,0,30,6,,25,,33,4,4,6,5,6,92,24,23,19,12,2,,,766,2,3,1,1,2,2,,,0,0,,4,,,,,Y,Y,A2800011,1
2026-07-26 00:56:04,data_go_kr,경상남도,A2800001,경상국립대학교병원,13,20260726005403,055-750-8282,Y,Y,,,,,,3,,2,,,,,,,,3,2,4,2,5,,,0,0,12,,26,2,7,5,Y,,Y,,2,6,Y,13,Y,Y,,,Y,Y,Y,245,Y,,Y,Y,6,15,N1,28,3,2,3,14,8,9,15,,,,,20,6,,,3,30,,40,15,2,23,7,7,3,3,5,16,9,20,6,4,17,,,655,,,,,,6,,,,,,,,,2,6,Y,Y,A2800001,2
2026-07-26 00:56:04,data_go_kr,경상남도,A2800020,학교법인성균관대학삼성창원병원,17,20260726005440,055-233-8899,Y,Y,,,,,,1,,2,,,,,,,,8,2,5,3,9,,,,0,22,,,,,3,Y,,Y,,,,Y,,Y,Y,,,Y,Y,Y,270,Y,,Y,Y,17,16,N1,27,8,2,3,19,15,20,24,,,,,,,,,3,30,,,16,,,5,7,4,3,4,45,8,20,5,3,3,,,645,,,,,,1,,,,,,,,,,,Y,Y,A2800020,3
2026-07-26 00:56:04,data_go_kr,경상남도,A2800010,의료법인환명의료재단 조은금강병원,12,20260726005317,055-330-0200,,,,,,,,,,,,,,,,,,,1,,2,,,,,1,,,,,5,,,,Y,,,,Y,,Y,Y,,,N1,Y,N1,73,N1,11,N1,Y,,4,Y,17,,1,2,,,,,,,,,,,,23,1,,,,4,,96,,,1,2,1,7,,,,,,,2,305,,,,,,,,,,,,,,,,,Y,N1,A2800010,4
2026-07-26 00:56:04,data_go_kr,경상남도,A2800006,의료법인숭인의료재단 김해복음병원,12,20260726005234,055-330-8844,,,,,,,,,,,,,,,,,,,1,,3,,,,,1,,,,,,,,,Y,,,,Y,,Y,Y,,,Y,Y,N1,27,N1,2,N1,Y,,5,N1,16,,1,3,,,,,,,,,,,,18,1,,,,5,,,,,2,3,1,3,,,3,,,,,359,,,,,,,,,,,,,,,,,Y,N1,A2800006,5
2026-07-26 00:56:04,data_go_kr,경상남도,A2800043,한일병원,14,20260726005508,055-750-1333,,,,,,,,,,,,,,,,,,,1,,2,0,,,,0,1,,,,,,,,Y,,,,Y,,Y,Y,,,Y,Y,N1,19,N1,1,N1,Y,,4,Y,17,,1,2,2,,,,,,,,,,,13,1,3,,,4,,,,,2,2,1,6,,,1,,,,1,282,,,,,,,,,,,,,,,,,Y,N1,A2800043,6
2026-07-26 00:56:04,data_go_kr,경상남도,A2800003,제일병원,13,20260726005416,055-750-7119,,,,,,,,,,,,,,,,,,,1,,2,,,,,,,,,,,,,Y,Y,,,,Y,,Y,Y,,,N1,Y,N1,59,N1,6,N1,Y,,4,Y,17,,1,2,,,,,,,,,,,,9,,,,,7,,,,,2,2,1,4,,,,,,1,1,258,,,,,,,,,,,,,,,,,Y,N1,A2800003,7
2026-07-26 00:56:04,data_go_kr,경상남도,A2800017,의료법인합포의료재단에스엠지연세병원,13,20260726005508,055-240-7777,,,,,,,,,,,,,,,,,,,1,,2,,,,,1,,,,,,,,,Y,,,,Y,,Y,Y,,,Y,Y,N1,43,N1,5,N1,Y,,4,N1,17,,1,2,,,,,,,,,,,,12,1,,,,4,,,,,1,2,1,7,,,1,,,,,286,,,,,,,,,,,,,,,,,Y,N1,A2800017,8
2026-07-26 00:56:04,data_go_kr,경상남도,A2803505,창원경상국립대학교병원,13,20260726005101,055-214-1339,Y,Y,,,,,,,,,,,,5,0,,,,1,,2,,,,,2,,,,,8,6,Y,,Y,,,,Y,,Y,Y,,,Y,Y,Y,202,Y,15,Y,Y,5,13,N1,18,,1,2,,,,17,,,,,,,,34,2,,,,13,,22,6,9,3,2,5,52,9,22,6,7,14,,,437,,,,,,,,,,,5,0,,,,,Y,Y,A2803505,9
2026-07-26 00:56:04,data_go_kr,경상남도,A2800007,창원한마음병원,0,20260726005410,055-225-0350,Y,Y,,,,,,,,0,,,,,,,,,1,3,0,,,,,1,,,,,,0,Y,,Y,,,,Y,,Y,Y,,,Y,Y,Y,86,Y,,Y,Y,10,13,Y,21,,1,3,,25,37,10,,,,,,,,,1,,,,13,,,6,2,4,4,4,29,3,11,6,1,2,,2,688,,,,,,,,,,,,,,,,,Y,Y,A2800007,10
2026-07-26 00:56:04,data_go_kr,경상남도,A2800004,창원파티마병원,12,20260726005106,055-270-1119,Y,Y,,,,,,,,4,,,,,,,,,1,6,2,0,,,,0,2,,,,,5,Y,Y,Y,,,,Y,,Y,Y,,,Y,Y,N1,119,Y,,Y,Y,2,7,N1,17,,1,2,2,12,13,2,,,,,,,,,2,3,,,7,,,6,2,4,3,3,16,3,6,3,,4,1,,444,,,,,,,,,,,,,,,,,Y,Y,A2800004,11
2026-07-26 00:56:04,data_go_kr,경상남도,A2800008,의료법인 거붕 백병원,7,20260726005506,055-733-0180,,,,,,,,,,,,,,,,,,,,,1,,,,,,,,,,,,,,Y,,,,,,Y,N1,,,N1,Y,N1,56,N1,8,N1,Y,,4,N1,9,,,1,,,,,,,,,,,,20,,,,,4,,,,,2,2,,12,,,,,,,,365,,,,,,,,,,,,,,,,,Y,N1,A2800008,12
2026-07-26 00:56:04,data_go_kr,경상남도,A2800005,의료법인 대우의료재단대우병원,5,20260726005349,055-680-8119,,,,,,,,,,,,,,,,,,,,,1,,,,,,,,,,,,,,Y,,,,,,Y,N1,,,N1,Y,N1,43,N1,4,N1,Y,,4,N1,9,,,1,,,,,,,,,,,,10,,,,,4,,,,,2,1,,5,,,,,,,,231,,,,,,,,,,,,,,,,,Y,N1,A2800005,13
2026-07-26 00:56:04,data_go_kr,경상남도,A2800022,의료법인 성념의료재단맑은샘병원,8,20260726004833,055-736-0119,,,,,,,,,,,,,,,,,,,,,1,,,,,,,,,,,,,,Y,,,,,,Y,N1,,,N1,Y,N1,17,N1,,N1,Y,,2,N1,9,,,1,,,,,,,,,,,,,,,,,2,,,,,1,1,,4,,,,,,,,200,,,,,,,,,,,,,,,,,Y,N1,A2800022,14
2026-07-26 00:56:04,data_go_kr,경상남도,A2800076,거창적십자병원,5,20260726005229,055-949-3359,,Y,,,,,,,,,,,,,,,,,,,1,,,,,,,,,,,,Y,,Y,,,,,,Y,N1,,,N1,Y,N1,35,N1,,Y,Y,,2,N1,9,,,1,,,,,,,,,,,,,,,,,2,,,,1,1,1,,2,,2,,,,,,91,,,,,,,,,,,,,,,,,Y,N1,A2800076,15
2026-07-26 00:56:04,data_go_kr,경상남도,A2800032,강병원,9,20260726005153,055-673-4848,,,,,,,,,,,,,,,,,,,,,1,,,,,,,,,,,,,,Y,,,,,,Y,N1,,,N1,Y,N1,17,N1,,N1,Y,,1,N1,9,,,1,,,,,,,,,,,,,,,,,1,,,,,1,1,,1,,,,,,,,99,,,,,,,,,,,,,,,,,Y,N1,A2800032,16
2026-07-26 00:56:04,data_go_kr,경상남도,A2803677,강일병원,8,20260726005412,055-822-0119,,,,,,,,,,,,,,,,,,,1,,2,,,,,,,,,,,,,,Y,,,,Y,,Y,Y,,,N1,Y,N1,124,N1,13,N1,Y,,5,N1,8,,1,2,,,,,,,,,,,,15,,,,,5,,,,,1,2,1,1,,,,,,,,275,,,,,,,,,,,,,,,,,Y,N1,A2803677,17
2026-07-26 00:56:04,data_go_kr,경상남도,A2800014,의료법인갑을의료재단 갑을장유병원,9,20260726005309,055-310-6119,,,,,,,,,,,,,,,,,,,1,,,,,,,,,,,,,,,,Y,,,,,,Y,N1,,,N1,Y,N1,40,N1,,N1,Y,,4,N1,9,,1,,,,,,,,,,,,,,,,,,4,,,,,1,1,,1,,,,,,,,210,,,,,,,,,,,,,,,,,Y,N1,A2800014,18
2026-07-26 00:56:04,data_go_kr,경상남도,A2800094,의료법인 이도의료재단 남해병원,8,20260726001700,055-860-6630,N,N,,,,,,,,,,,,,,,,,1,,1,,,,,,,,,,,,N,N,Y,,,,N,,Y,N,,,N,Y,N,77,N,,N,Y,,2,N,,,,,,,,,,,,,,,,,,,,,,,,,,,,,,,,,,,,,,,,,,,,,,,,,,,,,,N,N,A2800094,19
2026-07-26 00:56:04,data_go_kr,경상남도,A2800113,밀양병원,7,20260726005340,055-356-9119,,,,,,,,,,,,,,,,,,,,,1,,,,,,,,,,,,,,Y,,,,,,Y,N1,,,N1,Y,N1,32,N1,,N1,Y,,0,N1,8,,,1,,,,,,,,,,,,,,,,,0,,,,,1,1,,1,,,,,,,,200,,,,,,,,,,,,,,,,,Y,N1,A2800113,20
2026-07-26 00:56:04,data_go_kr,경상남도,A2800068,의료법인승연의료재단 삼천포서울병원,8,20260726005216,055-830-9019,,,,,,,,,,,,,,,,,,,,,1,,,,,,,,,,,,,,Y,,,,Y,,Y,Y,,,N1,Y,N1,35,N1,,N1,Y,,3,Y,9,,,1,,,,,,,,,,,,,,,,,3,,,,,1,2,1,4,,,,,,,1,287,,,,,,,,,,,,,,,,,Y,N1,A2800068,21
2026-07-26 00:56:04,data_go_kr,경상남도,A2800101,삼천포제일병원,8,20260726005103,055-830-3099,,,,,,,,,,,,,,,,,,,,,2,,,,,,,,,,,,,,Y,,,,,,Y,N1,,,N1,Y,N1,70,N1,,N1,Y,,2,N,8,,,2,,,,,,,,,,,,,,,,,2,,,,,1,1,,1,,,,,,,1,214,,,,,,,,,,,,,,,,,Y,N1,A2800101,22
2026-07-26 00:56:04,data_go_kr,경상남도,E2800380,산청군보건의료원,5,20260726005501,055-970-7582,,,,,,,,,,,,,,,,,,,,,1,,,,,,,,,,,,,,,,,,,,Y,N1,,,N1,N1,N1,20,N1,,N1,N1,,,N1,5,,,1,,,,,,,,,,,,,,,,,,,,,,,,,1,,,,,,,,20,,,,,,,,,,,,,,,,,Y,N1,E2800380,23
2026-07-26 00:56:04,data_go_kr,경상남도,A2804593,양산성모병원,12,20260726005534,055-912-9785,,,,,,,,,,,,,,,,,,,1,,,,,,,,,,,,,,,,Y,,,,,,Y,N1,,,N1,Y,N1,145,N1,5,N1,Y,,4,N1,13,,1,,,,,,,,,,,,,6,,,,,4,,,,,1,2,,1,,,,,,,,214,,,,,,,,,,,,,,,,,Y,N1,A2804593,24
2026-07-26 00:56:04,data_go_kr,경상남도,A2800019,베데스다복음병원,7,20260726005422,055-781-9911,,,,,,,,,,,,,,,,,,,,,1,,,,,,,,,,,,,,Y,,,,,,Y,N1,,,N1,Y,N1,43,N1,,N1,Y,,3,N1,9,,,1,,,,,,,,,,,,,,,,,3,,,,,1,1,,1,,,,,,,,133,,,,,,,,,,,,,,,,,Y,N1,A2800019,25
2026-07-26 00:56:04,data_go_kr,경상남도,A2800090,의령병원,4,20260726005459,055-573-6806,,,,,,,,,,,,,,,,,,,,,1,,,,,,,,,,,,,,Y,,,,,,Y,N1,,,N1,Y,N1,35,N1,,N1,N1,,,N1,4,,,1,,,,,,,,,,,,,,,,,,,,,,1,,,1,,,,,,,,58,,,,,,,,,,,,,,,,,Y,N1,A2800090,26
2026-07-26 00:56:04,data_go_kr,경상남도,A2800084,반도병원,6,20260726005010,055-749-0200,,,,,,,,,,,,,,,,,,,,,1,,,,,,,,,,,,,,Y,,,,,,Y,N1,,,N1,Y,N1,68,N1,,N1,Y,,3,N1,7,,,1,,,,,,,,,,,,,,,,,3,,,,,1,1,,3,,,,,,,,165,,,,,,,,,,,,,,,,,Y,N1,A2800084,27
2026-07-26 00:56:04,data_go_kr,경상남도,A2800015,의료법인 문병욱의료재단 진주고려병원,10,20260726005128,055-751-2525,,,,,,,,,,,,,,,,,,,,,1,,,,,,,,,,,,,,Y,,,,Y,,Y,Y,,,N1,Y,N1,75,N1,4,N1,Y,,4,Y,10,,,1,,,,,,,,,,,,9,,,,,4,,,,,2,2,1,4,,,,,,,1,229,,,,,,,,,,,,,,,,,Y,N1,A2800015,28
2026-07-26 00:56:04,data_go_kr,경상남도,A2800037,진주복음병원,9,20260726005519,055-749-7119,,,,,,,,,,,,,,,,,,,,,1,,,,,,,,,,,,,,Y,,,,,,Y,N1,,,N1,Y,N1,41,N1,,N1,N,,3,N1,9,,,1,,,,,,,,,,,,,,,,,3,,,,,1,1,,1,,,,,,,,131,,,,,,,,,,,,,,,,,N,N1,A2800037,29
2026-07-26 00:56:04,data_go_kr,경상남도,A2800062,태황의료재단한성병원,8,20260726005453,055-530-5119,,,,,,,,,,,,,,,,,,,,,1,,,,,,,,,,,,,,,,,,,,Y,N1,,,N1,N1,N1,49,N1,,N1,N1,,,N1,9,,,1,,,,,,,,,,,,,,,,,,,,,,,,,,,,,,,,,167,,,,,,,,,,,,,,,,,N1,N1,A2800062,30
2026-07-26 00:56:04,data_go_kr,경상남도,A2800025,경상남도마산의료원,9,20260726005501,055-249-1119,,,,,,,,,,,,,,,,,,,1,,1,,,,,2,,,,,,19,,,Y,,,,,,Y,N1,,,Y,Y,N1,83,N1,5,N1,Y,,5,N1,13,,1,1,,,,,,,,,,,,6,2,,,,5,,,27,,1,1,,17,,,2,,,,,263,,,,,,,,,,,,,,,,,Y,N1,A2800025,31
2026-07-26 00:56:04,data_go_kr,경상남도,A2800009,의료법인청아의료재단청아병원,5,20260726005311,055-230-1700,,,,,,,,,,,,,,,,,,,,,1,,,,,,,,,,,,,,Y,,,,,,Y,N1,,,N1,Y,N1,77,N1,,N1,Y,,4,N1,9,,,1,,,,,,,,,,,,,,,,,4,,,,,2,2,,4,,,,,,,,274,,,,,,,,,,,,,,,,,Y,N1,A2800009,32
2026-07-26 00:56:04,data_go_kr,경상남도,A2800021,연세에스병원,9,20260726005133,055-548-7789,,,,,,,,,,,,,,,,,,,,,1,,,,,,,,,,,,,,Y,,,,Y,,Y,Y,,,N1,Y,N1,109,N1,7,N1,Y,,2,N1,9,,,1,,,,,,,,,,,,10,,,,,3,,,,,2,2,1,5,,,,,,,,255,,,,,,,,,,,,,,,,,Y,N1,A2800021,33
2026-07-26 00:56:04,data_go_kr,경상남도,A2800092,새통영병원,5,20260726005522,055-640-4119,,,,,,,,,,,,,,,,,,,,,1,,,,,,,,,,,,,,Y,,,,,,Y,N1,,,N1,Y,N1,58,N1,,N1,Y,,3,N1,9,,,1,,,,,,,,,,,,,,,,,3,,,,,1,2,,3,,,,,,,,256,,,,,,,,,,,,,,,,,Y,N1,A2800092,34
2026-07-26 00:56:04,data_go_kr,경상남도,A2800080,함양성심병원,4,20260726005233,055-964-4322,,,,,,,,,,,,,,,,,,,,,1,,,,,,,,,,,,,,Y,,,,,,Y,N1,,,N1,Y,N1,5,N1,,N1,Y,,2,N1,4,,,1,,,,,,,,,,,,,,,,,2,,,,,1,1,,1,,,,,,,,121,,,,,,,,,,,,,,,,,Y,N1,A2800080,35
2026-07-26 00:56:04,data_go_kr,경상남도,A2800055,삼성합천병원,4,20260726005501,070-5125-5030,,,,,,,,,,,,,,,,,,,,,1,,,,,,,,,,,,,,Y,,,,,,Y,N1,,,N1,Y,N1,25,N1,,N1,Y,,2,N1,4,,,1,,,,,,,,,,,,,,,,,2,,,,,1,1,,1,,,,,,,,141,,,,,,,,,,,,,,,,,Y,N1,A2800055,36
2026-07-26 00:56:04,data_go_kr,제주특별자치도,A2900001,제주한라병원,5,20260726005700,064-740-5159,Y,Y,,,,,0,1,,,4,,,,,,,3,2,,3,2,,,,,24,,10,2,,,Y,,Y,,1,6,Y,7,Y,Y,,,Y,Y,Y,164,Y,8,Y,Y,3,5,N1,15,3,2,3,14,,,7,,,,,20,,,15,,30,,40,6,2,,,2,3,2,3,46,3,8,9,4,2,,,414,,,,,4,2,,4,,,,,,,2,6,Y,Y,A2900001,1
2026-07-26 00:56:04,data_go_kr,제주특별자치도,A2900002,제주특별자치도서귀포의료원,5,20260726005401,064-730-3001,,Y,,,,,,,,,,,,,,,,3,1,,4,2,,,,3,3,,,,3,,Y,,Y,,,,Y,,Y,Y,,,Y,Y,N1,150,N1,8,Y,Y,,4,Y,16,4,1,4,2,,,,,,,,,,,17,3,3,,,4,,26,,1,2,1,1,16,,4,3,,,,1,326,,,,,,,,,,,,,,,,,Y,N1,A2900002,2
2026-07-26 00:56:04,data_go_kr,제주특별자치도,A2900007,제주대학교병원,3,20260726005500,,Y,Y,,,,,,,,0,,,,,,,,,1,4,2,,3,,3,,,,,,4,5,Y,,Y,,,,Y,,Y,Y,,,Y,Y,Y,132,Y,,Y,Y,9,12,N1,20,,1,5,,12,12,16,3,,,,,6,,,,,,,12,,20,9,3,2,2,4,45,8,17,10,5,3,,,458,,,,,,,,,,,,,,,,,Y,Y,A2900007,3
2026-07-26 00:56:04,data_go_kr,제주특별자치도,A2900005,한마음병원,7,20260726005053,064-750-9119,,,,,,,,,,,,,,,,,,,1,,1,,,,,,,,,,,,,,Y,,,,Y,,Y,Y,,,Y,Y,N1,74,N1,7,N1,Y,,4,N1,17,,1,2,,,,,,,,,,,,12,,,,,4,,,,,1,1,1,6,,,2,,,,,216,,,,,,,,,,,,,,,,,Y,N1,A2900005,4
2026-07-26 00:56:04,data_go_kr,제주특별자치도,A2900006,의료법인중앙의료재단중앙병원,5,20260726005519,064-786-7777,,,,,,,,,,,,,,,,,,1,1,,2,,,,,,,,,,,,,,Y,,,,Y,,Y,Y,,,Y,Y,Y,100,N1,9,N1,Y,,3,N1,16,1,1,2,,,,,,,,,,,,16,,,,,3,,,,,1,1,2,10,,,2,1,,,,281,,,,,,,,,,,,,,,,,Y,N1,A2900006,5
2026-07-26 00:56:04,data_go_kr,제주특별자치도,A2900003,의료법인 혜인의료재단 한국병원,1,20260726005442,064-750-0160,,,,,,,,,,,,,,,,,,,,,1,,,,,,,,,,,,,,Y,,,,,,Y,N1,,,N1,Y,N1,46,N1,0,N1,Y,,3,N1,9,,,1,,,,,,,,,,,,10,,,,,3,,,,,1,1,,6,,,,,,,,209,,,,,,,,,,,,,,,,,Y,N1,A2900003,6
2026-07-26 01:44:31,data_go_kr,서울특별시,A1100043,강동경희대학교병원,2,20260726014017,02-440-7000,Y,Y,,,,,1,,,,,,,,,1,,3,2,,2,3,,,,,4,,,,,0,Y,N,Y,,,,Y,,Y,Y,,,Y,Y,Y,213,Y,7,Y,Y,0,17,N,15,3,2,3,19,,,17,,,,,,,,27,,30,,,17,,,1,8,2,2,3,32,9,13,4,1,1,0,0,625,,,,,3,,,,,,,,2,,,,Y,Y,A1100043,1
2026-07-26 01:44:31,data_go_kr,서울특별시,A1100014,고려대학교의과대학부속구로병원,18,20260726013531,02-2626-1550,Y,Y,4,,,,,,,0,,,,,,,,2,,2,,1,,,,2,6,,,,3,2,Y,,Y,,,,Y,,Y,Y,,,Y,Y,Y,185,Y,8,Y,Y,0,23,N1,29,3,,,20,20,10,23,,,,,,,,35,10,30,,,24,,18,4,2,6,6,4,98,11,35,15,10,3,,,778,5,,,,,,,,,,,,,,,,Y,Y,A1100014,2
2026-07-26 01:44:31,data_go_kr,서울특별시,A1100013,한양대학교병원,15,20260726013801,02-2290-8284,Y,Y,4,4,,,1,4,,0,,,,,,,,1,,7,,7,,,,1,8,,,,1,0,Y,,Y,,,,Y,,Y,Y,,,Y,Y,Y,279,Y,0,Y,Y,2,16,Y,20,3,,,22,12,13,25,,,,,,,,0,2,30,,,16,,16,2,1,3,2,3,69,10,20,11,4,3,,1,670,4,8,,,2,5,,,,,,,,,,,Y,Y,A1100013,3
2026-07-26 01:44:31,data_go_kr,서울특별시,A1100008,학교법인고려중앙학원고려대학교의과대학부속병원(안암병원),14,20260726013722,02-920-5374,Y,Y,2,4,,,1,,,0,,,,,,,,4,,4,,1,,,2,1,23,,,,2,1,Y,,Y,,,,Y,,Y,Y,,,Y,Y,Y,220,Y,,Y,Y,0,24,N1,30,4,,,15,16,19,17,,,,,,9,,,6,31,,,25,,10,3,4,7,6,8,84,14,20,11,8,7,,,777,2,7,,,6,,,,,,,,,,,,Y,Y,A1100008,4
2026-07-26 01:44:31,data_go_kr,서울특별시,A1100005,이화여자대학교의과대학부속목동병원,13,20260726013548,02-2650-5911,Y,Y,,,,,0,0,,1,,,,,,,,8,2,4,3,5,,,,0,21,,,,4,4,Y,,Y,6,,,Y,,Y,Y,,,Y,Y,Y,107,Y,,Y,Y,12,13,N1,19,8,2,4,19,10,13,28,,,,14,,,,,4,32,,,13,,10,9,2,4,4,4,58,10,34,9,3,5,,,526,,,,,1,1,,,,,,,,,,,Y,Y,A1100005,5
2026-07-26 01:44:31,data_go_kr,서울특별시,A1100017,서울대학교병원,-2,20260726014017,02-2072-2475,Y,Y,,,1,1,1,0,,1,,0,0,,1,,,8,2,6,4,9,4,1,4,10,18,6,,,6,5,Y,Y,Y,1,,,Y,,Y,Y,4,1,Y,Y,Y,373,Y,,Y,Y,5,53,N1,24,10,2,4,17,10,18,40,22,2,10,5,,8,10,,28,30,6,,53,,41,7,4,13,13,14,160,19,46,22,9,3,1,,1365,,,1,1,2,1,,,0,0,,8,,,,,Y,Y,A1100017,6
2026-07-26 01:44:31,data_go_kr,서울특별시,A1100035,서울특별시서울의료원,13,20260726014000,02-2276-7000,Y,Y,,,,,0,2,1,0,,,,,,,,1,2,,3,4,,,,,5,,,,11,2,Y,Y,Y,1,,,Y,,Y,Y,,,Y,Y,Y,94,Y,2,Y,Y,2,10,Y,19,3,2,3,14,7,,3,,,,6,,,,5,,28,,,10,,30,3,4,5,3,5,65,5,12,7,2,4,1,2,461,,,,,2,4,2,,,,,,,,,,Y,Y,A1100035,7
2026-07-26 01:44:31,data_go_kr,서울특별시,A1100015,연세대학교의과대학강남세브란스병원,11,20260726013827,02-2019-3333,Y,Y,,,,,,,,,,,,,,,,2,1,,1,,,,3,,,,,,,5,Y,,Y,8,,,Y,,Y,Y,,,Y,Y,Y,137,Y,14,Y,Y,0,23,N1,21,2,1,2,,,,28,,,,12,,8,,29,,,,,23,,,5,1,4,3,6,47,10,23,6,3,5,,,691,,,,,,,,,,,,,,,,,Y,Y,A1100015,8
2026-07-26 01:44:31,data_go_kr,서울특별시,A1100010,삼성서울병원,14,20260726013828,02-3410-2060,Y,Y,,,,,,,,12,,,,,,,,2,2,17,2,,7,,4,2,,,,,5,12,Y,,Y,1,,,Y,,Y,Y,,13,Y,Y,Y,369,Y,14,Y,Y,1,53,N1,52,4,2,2,,30,23,59,15,,,12,,12,36,14,2,,,,53,,27,18,8,19,16,15,117,22,43,21,11,2,,,1528,,,,,,,,,,,,,,,,,Y,Y,A1100010,9
2026-07-26 01:44:31,data_go_kr,서울특별시,A1100028,성심의료재단강동성심병원,9,20260726013945,02-2224-2358,Y,Y,,,,,,,,3,,,,,,,2,,1,,6,,,,,2,,,,,,0,Y,,Y,,,,Y,,Y,Y,,,Y,Y,Y,188,Y,1,Y,Y,3,13,N1,15,,1,6,,18,,3,,,,,,,,19,5,,,,13,,,2,1,4,2,5,35,3,3,8,3,1,,,566,,,,,,,,,,,,,,2,,,Y,Y,A1100028,10
2026-07-26 01:44:31,data_go_kr,서울특별시,A1100053,한국보훈복지의료공단중앙보훈병원,19,20260726013845,02-2225-1100,,,,,,,,,,6,,,,,,,,,1,10,2,0,,,3,1,0,,,,35,0,N,,Y,2,,,Y,,Y,Y,,,Y,Y,Y,155,N1,,N1,Y,,13,N1,22,,1,2,2,14,14,,,,,13,,10,,,1,3,,,13,,60,7,1,3,4,4,38,,,10,1,,,,820,,,,,,,,,,,,,,,,,Y,N1,A1100053,11
2026-07-26 01:44:31,data_go_kr,서울특별시,A1120796,이화여자대학교의과대학부속서울병원,6,20260726013644,02-6986-5119,Y,Y,,,,,,,,0,,,,,,,,6,2,9,6,,,,2,1,,,,,,3,Y,,Y,4,,,Y,,Y,Y,,4,Y,Y,Y,222,Y,0,Y,Y,0,18,N1,14,9,2,6,,10,17,24,,,,17,,11,19,11,7,,,,19,,,4,2,5,5,8,71,9,22,12,4,5,,,732,,,,,,,,,,,,,,,,,Y,Y,A1120796,12
2026-07-26 01:44:31,data_go_kr,서울특별시,A1100041,의료법인서울효천의료재단에이치플러스양지병원,17,20260726014013,070-4665-9119,,,,,,,,,,,,,,,,,,,1,,2,,,,,1,,,,,,2,,,Y,,,,Y,,Y,Y,,,Y,Y,Y,55,Y,2,N1,Y,,7,N1,18,,1,2,,,,,,,,,,,,20,1,,,,7,,,3,,2,3,3,23,,,4,1,1,,,301,,,,,,,,,,,,,,,,,Y,N1,A1100041,13
2026-07-26 01:44:31,data_go_kr,서울특별시,A1100002,건국대학교병원,9,20260726013748,02-2030-5555,Y,Y,,,,,,,,7,,,,,,,,4,1,16,2,,,,,1,,,,,9,2,Y,,Y,,,,Y,,Y,Y,,,Y,Y,Y,256,Y,,Y,Y,0,21,N1,20,4,1,2,,24,25,16,,,,,,,,,1,,,,21,,14,3,2,4,4,5,45,7,18,7,3,14,,,678,,,,,,,,,,,,,,,,,Y,Y,A1100002,14
2026-07-26 01:44:31,data_go_kr,서울특별시,A1100016,인제대학교상계백병원,5,20260726013647,02-950-1119,Y,Y,,,,,,,,0,,,,,,,2,,1,4,2,,,,,1,,,,,3,1,Y,,Y,,,,Y,,Y,Y,,,Y,Y,Y,124,Y,,Y,Y,1,13,N1,16,,1,2,,19,18,15,,,,,,,,,4,,,,13,,5,2,2,3,2,3,36,10,25,10,3,1,,,390,,,,,,,,,,,,,,4,,,Y,Y,A1100016,15
2026-07-26 01:44:31,data_go_kr,서울특별시,A1100048,노원을지대학교병원,16,20260726013603,02-970-8282,Y,Y,,,,,,,,4,,,,,,,,,1,6,4,,,,,2,,,,,3,0,Y,,Y,,0,0,Y,,Y,Y,,,Y,Y,Y,236,N1,,Y,Y,1,11,N1,17,,1,4,,16,16,10,,,,,,,,,2,,,,11,,21,1,3,2,2,2,26,8,19,3,1,,,,479,,,,,,,,,,,,,,,0,0,Y,Y,A1100048,16
2026-07-26 01:44:31,data_go_kr,서울특별시,A1100020,의료법인한전의료재단한일병원,7,20260726014003,02-901-3119,N,N,,,,,,,,,,,,,,,,2,2,,2,0,,,,0,2,,,,,1,,Y,Y,,,,Y,,Y,Y,,,Y,Y,N1,91,Y,3,N,Y,,8,Y,21,2,2,2,2,,,,,,,,,,,21,1,3,,,8,,,5,,2,1,1,25,1,4,2,,4,2,2,389,,,,,,,,,,,,,,,,,Y,N,A1100020,17
2026-07-26 01:44:31,data_go_kr,서울특별시,A1100001,경희대학교병원,9,20260726014032,02-958-8114,Y,Y,,,,,,,,,,,,,,,,2,2,,2,,,,,,,,,,10,9,Y,,Y,4,,,Y,,Y,Y,,,Y,Y,Y,238,Y,21,Y,Y,1,16,N1,15,3,2,3,,,,14,,,,15,,,,73,,,,,16,,20,10,3,3,3,5,48,6,12,8,3,2,,,657,,,,,,,,,,,,,,,,,Y,Y,A1100001,18
2026-07-26 01:44:31,data_go_kr,서울특별시,A1100021,삼육서울병원,8,20260726013740,02-2210-3566,,N,,,,,,,,,,,,,,,2,,1,,2,0,,,,1,1,,,,,4,Y,,Y,,,,Y,,Y,Y,,,Y,Y,Y,62,Y,4,N,Y,4,5,Y,13,,1,2,2,,,4,,,,,,,,15,1,3,,,5,,,4,2,1,1,2,20,,4,5,2,1,,1,389,,,,,,,,,,,,,,4,,,Y,N1,A1100021,19
2026-07-26 01:44:31,data_go_kr,서울특별시,A1100040,서울특별시보라매병원,18,20260726014000,02-870-2119,Y,Y,,,,,,,,5,,,,,,,,3,2,10,1,,,,2,1,,,,,0,0,Y,,Y,,,,Y,,Y,Y,,,Y,Y,Y,271,Y,,Y,Y,0,14,N1,31,3,2,1,,15,16,14,,,,,,4,,,4,,,,14,,14,3,4,6,3,5,48,14,13,5,9,2,,,695,,,,,,,,,,,,,,,,,Y,Y,A1100040,20
2026-07-26 01:44:31,data_go_kr,서울특별시,A1100003,중앙대학교병원,11,20260726014008,02-6299-1338,Y,Y,0,0,,,1,,,1,,,,,4,,,1,0,6,0,5,,,,1,,,,,4,2,Y,,Y,,,,Y,,Y,Y,,,Y,Y,Y,209,Y,,Y,Y,0,16,N1,18,4,0,0,12,12,17,25,,,,,,,,,11,,,,16,,24,2,2,4,3,4,51,9,21,13,6,12,,,631,0,0,,,1,,,,,,,4,,,,,Y,Y,A1100003,21
2026-07-26 01:44:31,data_go_kr,서울특별시,A1100007,연세대학교의과대학세브란스병원,8,20260726013725,02-2227-7777,Y,Y,,,1,1,,,,5,,,,,,,,6,1,13,3,,5,1,14,3,,0,,,0,0,Y,Y,Y,6,,,Y,,Y,Y,5,8,Y,Y,Y,476,Y,5,Y,Y,13,2,N1,39,8,1,3,,29,24,52,22,2,10,29,,23,17,18,5,,6,,2,,20,30,8,16,16,17,206,55,61,21,16,21,1,,1872,,,1,1,,,,,,,,,,,,,Y,Y,A1100007,22
2026-07-26 01:44:31,data_go_kr,서울특별시,A1100012,학교법인가톨릭학원가톨릭대학교서울성모병원,-7,20260726014014,02-2258-2370,Y,Y,1,2,1,1,,,,8,,,,,,,,4,,15,,,1,1,3,11,,3,,,16,1,Y,,Y,15,,,Y,,Y,Y,,5,Y,Y,Y,291,Y,0,Y,Y,8,32,N1,28,7,,,,22,22,50,3,2,,19,,10,8,5,18,,6,,32,,35,10,2,9,10,8,80,40,39,11,9,4,,,1059,1,5,1,1,,,,,,,,,,,,,Y,Y,A1100012,23
2026-07-26 01:44:31,data_go_kr,서울특별시,A1100009,재단법인아산사회복지재단서울아산병원,2,20260726013715,02-3010-3333,Y,Y,,,2,1,1,1,,2,,,,,,,,-6,1,11,8,1,3,1,5,11,4,2,,,9,6,Y,,Y,2,,,Y,,Y,Y,5,2,Y,Y,Y,385,Y,10,Y,Y,10,4,Y,36,11,1,22,2,24,37,61,26,2,13,12,,12,12,12,47,4,6,,4,,28,8,8,21,15,17,190,33,49,30,14,5,,1,2089,,,2,1,1,6,,,,,,,,,,,Y,Y,A1100009,24
2026-07-26 01:44:31,data_go_kr,서울특별시,A1100011,가톨릭대학교여의도성모병원,14,20260726014014,02-3779-1199,,,,,,,,,,-1,,,,,,,,,1,0,4,,,,,1,,,,,,1,Y,,Y,1,,,Y,,Y,Y,,,Y,Y,Y,109,Y,,N1,Y,,13,N1,15,,1,4,,11,9,,,,,9,,,,,1,,,,13,,,1,2,2,2,2,23,,,5,2,2,,,330,,,,,,,,,,,,,,,,,Y,N1,A1100011,25
2026-07-26 01:44:31,data_go_kr,서울특별시,A1100055,한림대학교강남성심병원,16,20260726013712,02-829-5119,Y,Y,,,,,,,,1,,,,,,,,3,1,0,4,,,,6,1,,,,,,,Y,,Y,,,,Y,,Y,Y,,,Y,Y,Y,167,Y,,Y,Y,0,14,N1,20,3,1,4,,21,25,12,,,,,,10,,,7,,,,14,,,,3,3,3,3,54,21,22,13,3,2,,,496,,,,,,,,,,,,,,,,,Y,Y,A1100055,26
2026-07-26 01:44:31,data_go_kr,서울특별시,A1100054,성애의료재단성애병원,14,20260726013848,02-840-7115,Y,Y,,,,,,,,,,,,,,,,,1,,4,,,,,1,,,,,,,Y,,Y,,,,Y,,Y,Y,,,Y,Y,N1,53,N1,3,Y,Y,3,5,N1,15,,1,4,,,,4,,,,,,,,19,1,,,,5,,,,2,2,2,1,8,5,14,2,,,,,252,,,,,,,,,,,,,,,,,Y,Y,A1100054,27
2026-07-26 01:44:31,data_go_kr,서울특별시,A1100004,순천향대학교부속서울병원,18,20260726013923,02-709-9117,Y,Y,,,,,,,,,,,0,,0,,0,3,1,,2,,,,,1,,,,,8,3,Y,,Y,,,,Y,,Y,Y,,,Y,Y,Y,198,Y,4,Y,Y,0,14,N1,20,4,1,2,,,,13,,,,,,,,45,10,,,,14,,21,4,7,3,3,4,51,8,17,14,5,3,,,600,,,,,,,,,,0,,0,,0,,,Y,Y,A1100004,28
2026-07-26 01:44:31,data_go_kr,서울특별시,A1121013,가톨릭대학교은평성모병원,7,20260726014012,02-1811-7755,Y,Y,,,,,,,,2,,,,,,,,8,1,3,2,,,,8,1,,,,,,0,Y,,Y,0,,,Y,,Y,Y,,,Y,Y,Y,201,Y,,Y,Y,5,19,N1,24,8,2,2,,16,9,19,,,,13,,12,,,4,,,,19,,,5,1,4,3,5,46,19,22,10,5,20,,,651,,,,,,,,,,,,,,,,,Y,Y,A1121013,29
2026-07-26 01:44:31,data_go_kr,서울특별시,A1100006,강북삼성병원,8,20260726014028,02-2001-1000,Y,Y,,,,,,,,,,,,,,,,2,1,1,2,,,,,1,,,,,9,2,Y,,Y,1,,,Y,,Y,Y,,3,Y,Y,Y,148,Y,9,Y,Y,0,16,N1,15,2,1,2,,,4,7,,,,12,,,8,24,5,,,,16,,18,3,1,5,4,6,54,13,14,8,4,3,,,526,,,,,,,,,,,,,,,,,Y,Y,A1100006,30
2026-07-26 01:44:31,data_go_kr,서울특별시,A1100052,국립중앙의료원,11,20260726014005,02-2276-2114,N,Y,,,,,,,,,,0,,,0,0,5,3,2,0,3,2,,,,2,0,,14,2,,4,Y,,Y,,1,6,Y,6,Y,Y,,,Y,Y,Y,8,Y,3,Y,Y,,7,N1,15,3,2,3,6,,0,,,,,,20,,,13,2,0,,50,7,2,,7,1,1,1,2,56,1,3,5,5,2,,,202,,,,,,,,,0,,,0,0,5,2,6,Y,N,A1100052,31
2026-07-26 01:44:31,data_go_kr,서울특별시,A1100036,부민병원,6,20260726013552,02-2620-0119,,Y,,,,,,,,,,,,,,,,,1,,,,,,,0,,,,,,0,Y,,Y,,,,Y,,Y,Y,,,Y,Y,Y,70,N1,1,Y,Y,,8,N1,10,,1,,,,,,,,,,,,,14,1,,,,8,,,3,1,3,3,1,22,,1,2,1,,,,282,,,,,,,,,,,,,,,,,Y,N1,A1100036,32
2026-07-26 01:44:31,data_go_kr,서울특별시,A1100051,혜민병원,6,20260726013544,02-2049-9119,,,,,,,,,,,,,,,,,,,1,,,,,,,,,,,,,,,,Y,,,,,,Y,N1,,,Y,Y,N1,24,N1,8,N1,Y,,5,N1,9,,1,,,,,,,,,,,,,19,,,,,5,,,,,2,2,,16,,,2,,,,,205,,,,,,,,,,,,,,,,,Y,N1,A1100051,33
2026-07-26 01:44:31,data_go_kr,서울특별시,A1100026,구로성심병원,7,20260726013916,02-2067-1515,,,,,,,,,,,,,,,,,,,,,1,,,,,,,,,,,,,,Y,,,,,,Y,N1,,,N1,Y,N1,45,N1,4,N1,Y,,3,N1,9,,,1,,,,,,,,,,,,11,,,,,3,,,,,1,1,,5,,,,,,,,191,,,,,,,,,,,,,,,,,Y,N1,A1100026,34
2026-07-26 01:44:31,data_go_kr,서울특별시,A1100049,희명병원,7,20260726013847,02-809-0122,,,,,,,,,,,,,,,,,,,,,1,,,,,,,,,,,,,,Y,,,,,,Y,N1,,,Y,Y,Y,119,N1,1,N1,Y,,4,N1,10,,,1,,,,,,,,,,,,19,,,,,4,,,,,1,1,,9,,,1,1,,,,228,,,,,,,,,,,,,,,,,Y,N1,A1100049,35
2026-07-26 01:44:31,data_go_kr,서울특별시,A1100027,한국원자력의학원원자력병원,8,20260726013936,02-970-2620,,Y,,,,,,,,,,,,,,,1,,1,,1,,,,,1,,,,,,1,Y,,Y,,,,Y,,Y,Y,,,Y,Y,N1,263,N1,8,Y,Y,,10,N1,9,,1,1,,,,,,,,,,,,10,1,,,,10,,,1,1,4,2,1,16,,2,1,,,,,444,,,,,,,,,,,,,,1,,,Y,N1,A1100027,36
2026-07-26 01:44:31,data_go_kr,서울특별시,A1100022,서울특별시동부병원,6,20260726014020,02-920-9119,,Y,,,,,,,,,,,,,,,,,1,,1,,,,,1,,,,,,,Y,,Y,,,,,,Y,N1,,,Y,Y,N1,23,N1,1,Y,Y,,3,N1,8,,1,1,,,,,,,,,,,,8,1,,,,3,,,,1,1,1,,7,,1,1,,,,,195,,,,,,,,,,,,,,,,,Y,N1,A1100022,37
2026-07-26 01:44:31,data_go_kr,서울특별시,A1100050,서울성심병원,16,20260726013742,02-966-1616,,,,,,,,,,,,,,,,,,,1,,2,,,,,,,,,,,,,,Y,,,,,,Y,N1,,,N1,Y,N1,67,N1,9,N1,Y,,6,N1,17,,1,2,,,,,,,,,,,,10,,,,,6,,,,,1,1,,11,,,,,,,,208,,,,,,,,,,,,,,,,,Y,N1,A1100050,38
2026-07-26 01:44:31,data_go_kr,서울특별시,A1100025,의료법인동신의료재단동신병원,9,20260726013839,02-396-9161,N,N,,,,,,,,,,,,,,,,,,,1,,,,,,,,,,,,N,N,Y,,,,N,,Y,N,,,Y,Y,N,51,N,2,N,Y,,3,N,9,,,1,,,,,,,,,,,,9,,,,,3,,,,0,1,1,0,7,0,0,1,0,0,0,0,196,,,,,,,,,,,,,,,,,Y,N,A1100025,39
2026-07-26 01:44:31,data_go_kr,서울특별시,A1122033,기쁨병원,2,20260726013956,02-570-1212,,,,,,,,,,,,,,,,,,,,,1,,,,,,,,,,,,,,Y,,,,Y,,Y,Y,,,N1,Y,N1,53,N1,,N1,Y,,8,N1,4,,,1,,,,,,,,,,,,,,,,,8,,,,,2,2,1,1,,,,,,,,110,,,,,,,,,,,,,,,,,Y,N1,A1122033,40
2026-07-26 01:44:31,data_go_kr,서울특별시,A1100039,경찰병원,3,20260726014003,02-3400-1300,,,,,,,,,,,,,,,,,1,,1,,,,,,,2,,,,,,2,,,Y,,,,,,Y,N1,,,Y,Y,N1,133,N1,14,N1,Y,,7,N1,3,,1,,,,,,,,,,,,,14,2,,,,7,,,2,,2,3,,10,,,2,,,,,187,,,,,,,,,,,,,,1,,,Y,N1,A1100039,41
2026-07-26 01:44:31,data_go_kr,서울특별시,A1100019,홍익병원,9,20260726013828,02-2600-0777,,,,,,,,,,,,,,,,,,,,,1,,,,,0,,,,,,0,,,Y,,,,Y,,Y,Y,,,N,Y,N1,60,N1,9,N1,Y,,4,N1,9,,,1,,,,,,,,,,,,14,1,,,,4,,,1,,4,2,2,7,,,1,,,,,251,,,,,,,,,,,,,,,,,Y,N1,A1100019,42
2026-07-26 01:44:31,data_go_kr,서울특별시,A1100223,서울특별시서남병원,17,20260726014000,02-6300-9129,,,,,,,,,,,,,,,,0,,,1,,2,0,,,,1,0,,,,,4,,,Y,,,,,,Y,N1,,,Y,Y,Y,69,Y,4,N1,Y,,4,N1,17,,1,2,2,,,,,,,,,,,17,1,3,,,4,,,4,,2,1,,16,,,1,1,1,,,275,,,,,,,,,,,,,0,,,,Y,N1,A1100223,43
2026-07-26 01:44:31,data_go_kr,서울특별시,A1100024,명지성모병원,6,20260726013911,02-829-7800,,,,,,,,,,,,,,,,,,,1,,1,,,,,1,,,,,,,,,Y,,,,Y,,Y,Y,,,N1,Y,N1,105,N1,5,N1,Y,,3,N1,8,,1,1,,,,,,,,,,,,12,1,,,,3,,,,,1,3,2,7,,,,,,,,212,,,,,,,,,,,,,,,,,Y,N1,A1100024,44
2026-07-26 01:44:31,data_go_kr,서울특별시,A1100037,대림성모병원,8,20260726013544,02-829-9129,,,,,,,,,,,,,,,,,,,,,1,,,,,,,,,,,,,,Y,,,,,,Y,N1,,,N1,Y,N1,46,N1,,N1,Y,,4,N1,8,,,2,,,,,,,,,,,,,,,,,4,,,,,1,1,,1,,,,,,,,113,,,,,,,,,,,,,,,,,Y,N1,A1100037,45
2026-07-26 01:44:31,data_go_kr,서울특별시,A1100045,씨엠병원,8,20260726013008,070-4698-7811,,,,,,,,,,,,,,,,,,,,,1,,,,,,,,,,,,,,Y,,,,,,Y,N1,,,N1,Y,N1,40,N1,,N1,Y,,5,N1,9,,,1,,,,,,,,,,,,,,,,,5,,,,,2,2,,6,,,,,,,,110,,,,,,,,,,,,,,,,,Y,N1,A1100045,46
2026-07-26 01:44:31,data_go_kr,서울특별시,A1100023,의료법인청구성심병원,10,20260726013841,02-383-0129,,,,,,,,,,,,,,,,,,,,,1,,,,,,,,,,,,,,Y,,,,,,Y,N1,,,N1,Y,N1,13,N1,2,N1,Y,,3,N1,10,,,1,,,,,,,,,,,,6,,,,,3,,,,,1,1,,4,,,,,,,,196,,,,,,,,,,,,,,,,,Y,N1,A1100023,47
2026-07-26 01:44:31,data_go_kr,서울특별시,A1100029,서울적십자병원,9,20260726014015,02-2002-8888,,,,,,,,,,,,,,,,,,,0,,,,,,,,,,,,,,,,Y,,,,,,Y,N1,,,Y,Y,N1,91,N1,7,N1,Y,,6,N1,10,,1,,,,,,,,,,,,,12,,,,,6,,,,,1,1,,11,,,2,,,,,260,,,,,,,,,,,,,,,,,Y,N1,A1100029,48
2026-07-26 01:44:31,data_go_kr,서울특별시,A1100032,세란병원,9,20260726013920,02-737-0181,,,,,,,,,,,,,,,,,,,,,1,,,,,,,,,,,,,,Y,,,,,,Y,N1,,,N1,Y,N1,49,N1,,N1,Y,,13,N1,10,,,1,,,,,,,,,,,,,,,,,13,,,,,3,5,,3,,,,,,,,205,,,,,,,,,,,,,,,,,Y,N1,A1100032,49
2026-07-26 01:44:31,data_go_kr,서울특별시,A1100075,의료법인풍산의료재단동부제일병원,7,20260726013557,02-490-8880,,,,,,,,,,,,,,,,,,,,,1,,,,,,,,,,,,,,Y,,,,,,Y,N1,,,N1,Y,N1,35,N1,,N1,N,,2,N1,7,,,1,,,,,,,,,,,,,,,,,2,,,,,1,1,,3,,,,,,,,124,,,,,,,,,,,,,,,,,Y,N1,A1100075,50
2026-07-26 01:44:31,data_go_kr,서울특별시,A1100044,녹색병원,2,20260726014009,02-490-2113,,,,,,,,,,,,,,,,,,,1,,4,,,,,2,,,,,,1,Y,,Y,,,,,,Y,N1,,,Y,Y,N1,94,N1,8,N1,Y,,3,N1,5,,1,4,,,,,,,,,,,,17,3,,,,3,,,3,1,2,1,,22,,,1,,,,,293,,,,,,,,,,,,,,,,,Y,N1,A1100044,51
2026-07-26 01:44:31,data_go_kr,부산광역시,A1200003,동아대학교병원,19,20260726013710,051-240-5300,Y,Y,2,5,,,,0,1,,,,,,,,,3,,,,9,,,6,5,10,,,,6,1,Y,,Y,2,,,Y,,Y,Y,4,5,Y,Y,Y,180,Y,7,Y,Y,6,18,N1,26,3,,,16,,,20,,,8,13,,11,7,18,6,30,,,18,,18,3,4,5,3,4,76,11,30,16,4,4,,,738,2,6,,,,4,1,,,,,,,,,,Y,Y,A1200003,1
2026-07-26 01:44:31,data_go_kr,부산광역시,A1200022,인제대학교 해운대백병원,11,20260726013644,051-797-0135,Y,Y,,,,,2,2,,12,,,,,,,,0,2,9,2,7,,,,0,13,,,,,0,Y,Y,Y,,,,Y,,Y,Y,,,Y,Y,Y,174,Y,,Y,Y,0,22,N1,29,3,2,3,12,28,27,23,,,,,,,,,2,30,,,22,,,7,2,5,3,4,72,8,40,17,9,11,1,,710,,,,,5,3,,,,,,,,,,,Y,Y,A1200022,2
2026-07-26 01:44:31,data_go_kr,부산광역시,A1200018,대동병원,11,20260726014015,051-550-9391,,,,,,,,,,,,,,,,,,3,1,,1,,,,,0,,,,,,1,,,Y,,,,Y,,Y,Y,,,Y,Y,N1,73,N1,5,N1,Y,,6,N1,15,3,1,2,,,,,,,,,,,,21,1,,,,6,,,1,,2,1,1,10,,,1,,,,,401,,,,,,,,,,,,,,,,,Y,N1,A1200018,3
2026-07-26 01:44:31,data_go_kr,부산광역시,A1200020,의료법인 온그룹의료재단 온병원,12,20260726013544,051-607-0139,,,,,,,,,,,,,,,,,,,1,,2,,,,,1,,,,,,5,,,Y,,,,Y,,Y,Y,,,Y,Y,N1,172,N1,10,N1,Y,,9,Y,20,,1,2,,,,,,,,,,,,23,1,,,,9,,,6,,4,2,2,7,,,1,,,,1,585,,,,,,,,,,,,,,,,,Y,N1,A1200020,4
2026-07-26 01:44:31,data_go_kr,부산광역시,A1200001,인제대학교부산백병원,14,20260726014012,051-890-5995,Y,Y,,,,,,,,5,,,,,,,,,1,3,2,,,,3,1,,,,,3,2,Y,,Y,1,,,Y,,Y,Y,,,Y,Y,Y,208,Y,6,Y,Y,1,17,Y,18,,1,2,,19,18,35,,,,12,,6,,10,1,,,,17,,20,8,4,5,3,6,68,19,38,16,3,7,,2,691,,,,,,,,,,,,,,,,,Y,Y,A1200001,5
2026-07-26 01:44:31,data_go_kr,부산광역시,A1200005,의료법인 은성의료재단 좋은삼선병원,10,20260726013935,051-310-9119,,,,,,,,,,,,,,,,,3,1,1,,2,,,,2,0,,,,,,2,,,Y,2,,,Y,,Y,Y,,,Y,Y,N1,24,N1,6,N1,Y,,7,N1,13,1,1,2,,,,,,,,5,,4,,19,2,,,,7,,,2,,2,2,2,11,,,1,,,,,375,,,,,,,,,,,,,,3,,,Y,N1,A1200005,6
2026-07-26 01:44:31,data_go_kr,부산광역시,A1200004,고신대학교복음병원,22,20260726013955,051-990-6200,Y,Y,1,4,,,,,,5,,,,,,,,,,7,,,,,9,7,,,,,14,1,Y,,Y,2,,,Y,,Y,Y,2,,Y,Y,Y,181,Y,,Y,Y,15,13,Y,25,,,,,13,8,18,,,5,13,,16,,,7,,,,13,,14,1,7,3,3,5,53,13,19,14,3,1,,1,685,1,4,,,,,,,,,,,,,,,Y,Y,A1200004,7
2026-07-26 01:44:31,data_go_kr,부산광역시,A1200002,부산대학교병원,17,20260726014000,051-240-7776,Y,Y,,,,,1,,,3,,,,0,0,0,,3,1,,2,-4,,,,3,3,,28,1,7,4,Y,,Y,0,2,12,Y,15,Y,Y,,,Y,Y,Y,412,Y,6,Y,Y,1,26,N,17,3,1,2,2,10,,20,,,,0,42,,,24,4,3,,82,26,2,19,10,12,9,6,10,100,17,17,21,9,21,,1,901,,,,,2,,,,,,0,0,0,,2,12,Y,Y,A1200002,8
2026-07-26 01:44:31,data_go_kr,부산광역시,A1200007,비에이치에스한서병원,16,20260726014028,051-998-1119,,,,,,,,,,,,,,,,,,,1,,2,2,,,,,3,,,,,,,,Y,,,,Y,,Y,Y,,,Y,Y,Y,83,N1,7,N1,Y,,4,N1,17,,1,2,2,,,,,,,,,,,14,,3,,,4,,,,,1,1,2,11,,,1,1,,,,280,,,,,,,,,,,,,,,,,Y,N1,A1200007,9
2026-07-26 01:44:31,data_go_kr,부산광역시,A1200028,(의)서일의료재단기장병원,8,20260726014035,051-723-2119,,,,,,,,,,,,,,,,,,,,,1,,,,,,,,,,,,,,Y,,,,,,Y,N1,,,N1,Y,N1,20,N1,,N1,Y,,3,N1,9,,,1,,,,,,,,,,,,,,,,,3,,,,,1,1,,1,,,,,,,,154,,,,,,,,,,,,,,,,,Y,N1,A1200028,10
2026-07-26 01:44:31,data_go_kr,부산광역시,A1200015,동남권원자력의학원원자력병원,8,20260726013801,051-720-5911,,,,,,,,,,,,,,,,,,,1,,,,,,,,,,,,,,,,Y,,,,Y,,Y,Y,,,Y,Y,Y,108,N1,7,N1,Y,,8,N1,9,,1,,,,,,,,,,,,,12,,,,,8,,,,,2,2,2,12,,,1,0,,,,261,,,,,,,,,,,,,,,,,Y,N1,A1200015,11
2026-07-26 01:44:31,data_go_kr,부산광역시,A1200013,부산성모병원(재단법인 천주교부산교구유지재단),5,20260726013910,051-933-7119,Y,Y,,,,,,,,,,,,,,,4,4,1,,,,,,,2,,,,,,1,,,Y,,,,,,Y,N1,,,Y,Y,N1,81,N1,9,Y,Y,7,7,N1,10,4,1,,,,,10,,,,,,,,18,2,,,,7,,,2,,1,1,,6,14,13,1,,,,,373,,,,,,,,,,,,,,4,,,Y,Y,A1200013,12
2026-07-26 01:44:31,data_go_kr,부산광역시,A1200026,좋은문화병원,4,20260726013947,051-630-0909,Y,Y,,,,,,,,,,,,,,,,1,1,,2,,,,,,,,,,,2,Y,,Y,,,,,,Y,N1,,,N1,Y,N1,48,N1,4,Y,Y,-1,0,Y,7,2,1,2,,,,12,,,,,,,,8,,,,,8,,,2,8,2,2,,3,6,17,,,,,1,270,,,,,,,,,,,,,,,,,Y,Y,A1200026,13
2026-07-26 01:44:31,data_go_kr,부산광역시,A1200017,의료법인정화의료재단 봉생기념병원,5,20260726013735,051-664-4119,,,,,,,,,,3,,,,,,,,,,2,1,,,,,,,,,,3,1,,,Y,,,,Y,,Y,Y,,,Y,Y,N1,48,N1,,N1,Y,,8,N1,9,,,2,,11,11,,,,,,,,,,,,,,8,,31,1,,1,2,2,11,,,4,,,,,335,,,,,,,,,,,,,,,,,Y,N1,A1200017,14
2026-07-26 01:44:31,data_go_kr,부산광역시,A1200011,동래봉생병원,3,20260726013743,051-520-5700,,,,,,,,,,,,,,,,,,,1,,1,,,,,2,,,,,,,,,Y,,,,Y,,Y,Y,,,Y,Y,N1,42,N1,4,N1,Y,,7,N1,8,,1,1,,,,,,,,,,,,18,2,,,,7,,,,,1,2,2,11,,,1,,,,,241,,,,,,,,,,,,,,,,,Y,N1,A1200011,15
2026-07-26 01:44:31,data_go_kr,부산광역시,A1200009,의료법인 광혜의료재단 광혜병원,8,20260726013949,051-504-2119,,,,,,,,,,,,,,,,,,,2,,1,,,,,,,,,,,0,,,Y,,,,,,Y,N1,,,N1,Y,N1,71,N1,0,N1,Y,,3,N1,9,,2,1,,,,,,,,,,,,9,,,,,3,,,1,,1,1,,4,,,,,,,,190,,,,,,,,,,,,,,,,,Y,N1,A1200009,16
2026-07-26 01:44:31,data_go_kr,부산광역시,A1200019,학교법인)동의병원,14,20260726013900,051-850-8777,,,,,,,,,,,,,,,,,,,,,1,,,,,,,,,,,,,,Y,,,,Y,,Y,Y,,,Y,Y,Y,101,N1,16,N1,Y,,1,N1,14,,,1,,,,,,,,,,,,23,,,,,5,,,,,2,2,2,7,,,2,1,,,,448,,,,,,,,,,,,,,,,,Y,N1,A1200019,17
2026-07-26 01:44:31,data_go_kr,부산광역시,A1200025,학교법인 춘해병원,5,20260726013844,051-608-0119,,,,,,,,,,,,,,,,,,,,,1,,,,,,,,,,,,,,Y,,,,,,Y,N1,,,N1,Y,N1,57,N1,,N1,Y,,4,N1,9,,,1,,,,,,,,,,,,,,,,,4,,,,,1,1,,3,,,,,,,,201,,,,,,,,,,,,,,,,,Y,N1,A1200025,18
2026-07-26 01:44:31,data_go_kr,부산광역시,A1200045,구포성심병원,5,20260726013919,051-330-2090,,,,,,,,,,,,,,,,,,,,,1,,,,,,,,,,,,,,Y,,,,Y,,Y,Y,,,N1,Y,N1,23,N1,,N1,Y,,4,N1,9,,,1,,,,,,,,,,,,,,,,,4,,,,,1,1,1,4,,,,,,,,243,,,,,,,,,,,,,,,,,Y,N1,A1200045,19
2026-07-26 01:44:31,data_go_kr,부산광역시,A1200006,의료법인 인당의료재단 부민병원,6,20260726013552,051-330-3129,,,,,,,,,,,,,,,,,,,1,,1,,,,,1,,,,,,,,,Y,,,,Y,,Y,Y,,,Y,Y,N1,19,N1,2,N1,Y,,8,N1,10,,1,1,,,,,,,,,,,,18,1,,,,8,,,,,2,3,1,7,,,1,,,,,366,,,,,,,,,,,,,,,,,Y,N1,A1200006,20
2026-07-26 01:44:31,data_go_kr,부산광역시,A1200016,한국보훈복지의료공단 부산보훈병원,11,20260726013758,051-601-6183,,,,,,,,,,,,,,,,,,,1,,1,,,,,1,,,,,,,,,Y,,,,Y,,Y,Y,,,N1,Y,N1,30,N1,6,N1,Y,,7,N1,11,,1,1,,,,,,,,,,,,9,1,,,,7,,,,,2,3,2,11,,,,,,,,452,,,,,,,,,,,,,,,,,Y,N1,A1200016,21
2026-07-26 01:44:31,data_go_kr,부산광역시,A1200021,삼육부산병원,7,20260726014018,051-600-7750,,Y,,,,,,,,,,,,,,,,,1,,,,,,,0,,,,,,,Y,,Y,,,,Y,,Y,Y,,,Y,Y,Y,6,N1,1,Y,Y,,,N1,9,,1,,,,,,,,,,,,,14,1,,,,,,,,1,2,1,1,9,,1,2,1,,,,302,,,,,,,,,,,,,,,,,Y,N1,A1200021,22
2026-07-26 01:44:31,data_go_kr,부산광역시,A1200008,의료법인 은성의료재단 좋은강안병원,11,20260726013957,051-610-9119,,,,,,,,,,,,,,,,,,,1,,2,,,,,1,,,,,,0,,,Y,,,,Y,,Y,Y,,,Y,Y,Y,79,N1,6,N1,Y,,11,N1,18,,1,2,,,,,,,,,,,,30,2,,,,11,,,3,,4,3,3,12,,,5,1,,,,535,,,,,,,,,,,,,,,,,Y,N1,A1200008,23
2026-07-26 01:44:31,data_go_kr,부산광역시,A1200098,의료법인 센텀의료재단 센텀종합병원,7,20260726013852,051-750-5119,,,,,,,,,,,,,,,,,,,,,1,,,,,1,,,,,,,,,Y,,,,Y,,Y,Y,,,N1,Y,N1,23,N1,2,N1,Y,,9,N1,9,,,1,,,,,,,,,,,,16,1,,,,9,,,,,2,2,1,11,,,,,,,,338,,,,,,,,,,,,,,,,,Y,N1,A1200098,24
2026-07-26 01:44:31,data_go_kr,부산광역시,A1200024,부산광역시의료원,16,20260726013813,051-607-2140,,N,,,,,,,,5,,,,,,,,,1,6,1,,,,,,,,,,8,6,N,,Y,,,,Y,,Y,Y,,,Y,Y,N1,122,N1,,N,Y,,7,N1,18,,1,1,,13,14,,,,,,,,,,,,,,7,,29,7,1,1,1,2,19,,2,4,,,,,398,,,,,,,,,,,,,,,,,Y,N1,A1200024,25
2026-07-26 01:44:31,data_go_kr,부산광역시,A1200012,의료법인 행도의료재단 해동병원,6,20260726014016,051-410-6688,,,,,,,,,,,,,,,,,,,1,,,,,,,,,,,,,0,,,Y,,,,,,Y,N1,,,Y,Y,N1,33,N1,4,N1,Y,,3,Y,6,,1,,,,,,,,,,,,,9,,,,,3,,,0,,1,1,,5,,,1,,,,12,256,,,,,,,,,,,,,,,,,Y,N1,A1200012,26
2026-07-26 01:44:31,data_go_kr,부산광역시,A1200014,영도병원,6,20260726013903,051-419-7575,,,,,,,,,,,,,,,,,,,1,,1,,,,,,,,,,,,,,Y,,,,,,Y,N1,,,N1,Y,N1,20,N1,2,N1,Y,,3,N1,7,,1,1,,,,,,,,,,,,10,,,,,3,,,,,1,1,,7,,,,,,,,217,,,,,,,,,,,,,,,,,Y,N1,A1200014,27
2026-07-26 01:44:31,data_go_kr,부산광역시,A1200023,재단법인천주교부산교구유지재단 메리놀병원,5,20260726013908,051-461-2300,,,,,,,,,,,,,,,,,,,,,1,,,,,0,,,,,,,Y,,Y,,,,Y,,Y,Y,,,Y,Y,N1,101,N1,3,N1,Y,,8,N1,9,,,1,,,,,,,,,,,,18,1,,,,8,,,,1,1,1,1,9,,,2,,,,,380,,,,,,,,,,,,,,,,,Y,N1,A1200023,28
2026-07-26 01:44:31,data_go_kr,부산광역시,A1205143,의료법인 인당의료재단 해운대부민병원,8,20260726013552,051-602-8119,,,,,,,,,,,,,,,,,,,1,,,,,,,0,,,,,,0,,,Y,,,,Y,,Y,Y,,,Y,Y,N1,40,N1,6,N1,Y,,8,Y,9,,1,,,,,,,,,,,,,19,2,,,,8,,,3,,2,2,1,10,,,1,,,,1,360,,,,,,,,,,,,,,,,,Y,N1,A1205143,29
2026-07-26 01:44:31,data_go_kr,대구광역시,A1300001,영남대학교병원,24,20260726013737,053-620-3177,Y,Y,,0,,,1,3,,2,0,,,,,,,2,2,10,3,7,,,1,3,5,,,,10,4,Y,,Y,6,,,Y,,Y,Y,,,Y,Y,Y,205,Y,,Y,Y,2,23,Y,28,3,2,3,21,10,15,15,,,,14,,7,,,13,30,,,23,,20,7,2,4,4,4,75,5,11,8,5,5,,1,704,,0,,,1,3,,0,,,,,,,,,Y,Y,A1300001,1
2026-07-26 01:44:31,data_go_kr,대구광역시,A1300002,경북대학교병원,12,20260726013705,053-200-5100,Y,Y,2,3,,,,,,4,,,,,,,,4,,4,,11,,,5,,30,,15,2,9,4,Y,,Y,4,2,4,Y,3,Y,Y,2,4,Y,Y,Y,182,Y,,Y,Y,1,17,N1,25,4,,,20,7,7,15,,,6,7,20,10,11,,,44,,40,17,2,20,5,2,5,5,5,82,8,11,11,9,5,,,582,2,3,,,,,,,,,,,,,2,6,Y,Y,A1300002,2
2026-07-26 01:44:31,data_go_kr,대구광역시,A1300004,대구가톨릭대학교병원,10,20260726013630,053-650-3000,Y,Y,,,,,,,,1,,,,,,,,,1,2,3,,,,,2,,,,,1,3,Y,Y,Y,2,,,Y,,Y,Y,,,Y,Y,Y,301,Y,0,Y,Y,4,19,N1,24,,1,3,,15,25,42,,,,16,,,,0,6,,,,19,,20,9,2,3,3,5,58,20,32,8,3,4,1,,704,,,,,,,,,,,,,,,,,Y,Y,A1300004,3
2026-07-26 01:44:31,data_go_kr,대구광역시,A1300003,계명대학교동산병원,6,20260726013943,053-258-6306,Y,Y,,,,,,,,0,,,,,,,,,2,1,3,,0,,,0,12,,,,3,4,Y,Y,Y,3,,,Y,,Y,Y,6,,Y,Y,Y,276,Y,2,Y,Y,2,24,Y,20,,2,3,,11,13,39,7,,8,15,,,,10,4,20,,,24,,20,16,6,6,5,7,56,13,37,9,4,14,1,2,769,,,,,,,,,,,,,,,,,Y,Y,A1300003,4
2026-07-26 01:44:31,data_go_kr,대구광역시,A1300009,대구파티마병원,5,20260726014000,053-940-7119,Y,Y,,,,,,,,3,,,,,,,,5,2,3,4,2,,,,2,3,,,,,,Y,,Y,8,,,Y,,Y,Y,,,Y,Y,Y,187,Y,,Y,Y,2,17,N1,25,5,2,5,2,17,8,8,,,,12,,,,,9,4,,,17,,,,2,5,3,4,32,11,19,5,1,1,,,539,,,,,,,,,,,,,,,,,Y,Y,A1300009,5
2026-07-26 01:44:31,data_go_kr,대구광역시,A1300010,칠곡경북대학교병원,14,20260726013905,053-200-2100,Y,Y,,,1,1,,,,4,,,,,,,,7,1,10,3,,3,1,,4,0,3,,,12,13,Y,,Y,,,,Y,,Y,Y,,,Y,Y,Y,259,Y,,Y,Y,5,19,N1,23,7,1,3,,10,15,39,10,2,,,,,,,4,0,8,,19,,20,13,2,8,5,8,52,9,27,9,3,1,,,760,,,1,1,,,,,,,,,,,,,Y,Y,A1300010,6
2026-07-26 01:44:31,data_go_kr,대구광역시,A1300034,드림종합병원,6,20260726013956,053-640-8575,,,,,,,,,,,,,,,,,1,,,,1,,,,,,,,,,,,,,Y,,,,Y,,Y,Y,,,Y,Y,Y,27,N1,,N1,N,,3,N1,8,,,1,,,,,,,,,,,,,,,,,3,,,,,2,1,1,2,,,1,1,,,,159,,,,,,,,,,,,,,1,,,Y,N1,A1300034,7
2026-07-26 01:44:31,data_go_kr,대구광역시,A1300006,의료법인구의료재단구병원,9,20260726013930,053-557-7119,,,,,,,,,,,,,,,,,,,,,1,,,,,0,,,,,,,,,Y,,,,,,Y,N1,,,N1,Y,N1,66,N1,7,N1,Y,,9,N1,10,,,1,,,,,,,,,,,,18,1,,,,9,,,,,3,1,,3,,,,,,,,235,,,,,,,,,,,,,,,,,Y,N1,A1300006,8
2026-07-26 01:44:31,data_go_kr,대구광역시,A1300110,더블유병원,9,20260726014013,053-550-5019,,,,,,,,,,,,,,,,,,,,,1,,,,,,,,,,,,,,Y,,,,,,Y,N1,,,N1,Y,N1,92,N1,,N1,N,,8,Y,10,,,1,,,,,,,,,,,,,,,,,8,,,,,1,1,,1,,,,,,,8,431,,,,,,,,,,,,,,,,,Y,N1,A1300110,9
2026-07-26 01:44:31,data_go_kr,대구광역시,A1300011,한국보훈복지의료공단대구보훈병원,11,20260726013920,053-630-7014,,,,,,,,,,,,,,,,,,,1,,1,,,,,1,,,,,,1,,,Y,,,,Y,,Y,Y,,,N1,Y,N1,52,N1,3,N1,Y,,6,N1,12,,1,1,,,,,,,,,,,,13,1,,,,6,,,1,,1,3,2,9,,,,,,,,406,,,,,,,,,,,,,,,,,Y,N1,A1300011,10
2026-07-26 01:44:31,data_go_kr,대구광역시,A1300045,삼일병원,10,20260726014020,053-659-3119,,,,,,,,,,,,,,,,,,,1,,,,,,,,,,,,,,,,Y,,,,Y,,Y,Y,,,N1,Y,N1,59,N1,,N1,N,,4,N1,14,,1,,,,,,,,,,,,,,,,,,4,,,,,3,2,1,3,,,,,,,,299,,,,,,,,,,,,,,,,,Y,N1,A1300045,11
2026-07-26 01:44:31,data_go_kr,대구광역시,A1300038,나사렛종합병원,1,20260726013638,053-643-3119,,,,3,,,,,,,,,,,,,,,,,1,,,,,1,,,,,,,,,Y,,,,Y,,Y,Y,,,Y,Y,N1,30,N1,5,N1,Y,,5,N1,9,,,1,,,,,,,,,,,,28,1,,,,5,,,,,2,2,2,5,,,1,,,,,231,,9,,,,,,,,,,,,,,,Y,N1,A1300038,12
2026-07-26 01:44:31,data_go_kr,대구광역시,A1300018,강남종합병원,14,20260726013407,053-980-9018,,,,,,,,,,,,,,,,,,,1,,,,,,,,,,,,,1,,,Y,,,,,,Y,N1,,,N1,Y,N1,57,N1,,N1,Y,,7,N1,15,,1,,,,,,,,,,,,,,,,,,7,,,1,,2,2,,2,,,,,,,,207,,,,,,,,,,,,,,,,,Y,N1,A1300018,13
2026-07-26 01:44:31,data_go_kr,대구광역시,A1300005,대구가톨릭대학교칠곡가톨릭병원,2,20260726013714,053-320-2111,,,,,,,,,,,,,,,,,,,,,1,,,,,,,,,,,,,,Y,,,,,,Y,N1,,,N1,Y,N1,37,N1,,N1,Y,,3,N1,9,,,1,,,,,,,,,,,,,,,,,3,,,,,2,2,,1,,,,,,,,161,,,,,,,,,,,,,,,,,Y,N1,A1300005,14
2026-07-26 01:44:31,data_go_kr,대구광역시,A1300076,대구굿모닝병원,17,20260726013903,053-620-9119,,,,,,,,,,,,,,,,,,,1,,1,,,,,1,,,,,,,,,Y,,,,Y,,Y,Y,,,N1,Y,N1,75,N1,2,N1,Y,,4,N1,17,,1,1,,,,,,,,,,,,26,1,,,,4,,,,,2,4,2,13,,,,,,,,226,,,,,,,,,,,,,,,,,Y,N1,A1300076,15
2026-07-26 01:44:31,data_go_kr,대구광역시,A1300007,대구의료원,18,20260726014002,053-560-7288,,Y,,,,,,,,,,,,,,,,,1,,1,,,,,0,,,,,1,1,Y,,Y,,,,,,Y,N1,,,N1,Y,N1,45,N1,5,Y,Y,,4,N1,18,,1,1,,,,,,,,,,,,18,1,,,,4,,82,3,1,1,1,,13,,4,,,,,,254,,,,,,,,,,,,,,,,,Y,N1,A1300007,16
2026-07-26 01:44:31,data_go_kr,대구광역시,A1300081,(재)미리내천주성삼성직수도회천주성삼병원,7,20260726014000,053-790-0555,,,,,,,,,,,,,,,,,,,,,1,,,,,,,,,,,,,,Y,,,,,,Y,N1,,,N1,Y,N1,20,N1,,N1,Y,,4,N1,9,,,1,,,,,,,,,,,,,,,,,4,,,,,1,2,,4,,,,,,,,294,,,,,,,,,,,,,,,,,Y,N1,A1300081,17
2026-07-26 01:44:31,data_go_kr,대구광역시,A1300008,곽병원,8,20260726014000,053-605-3333,,,,,,,,,,,,,,,,,,,,,2,,,,,,,,,,,,,,Y,,,,,,Y,N1,,,N1,Y,N1,17,N1,,N1,Y,,4,N1,10,,,2,,,,,,,,,,,,,,,,,4,,,,,1,1,,2,,,,,,,,221,,,,,,,,,,,,,,,,,Y,N1,A1300008,18
2026-07-26 01:44:31,data_go_kr,대구광역시,A1303386,계명대학교대구동산병원,12,20260726013901,053-250-8481,,,,,,,,,,,,,,,,,,,1,,1,,,,,0,,,,,,,N,,Y,,,,Y,,Y,Y,,,Y,Y,N1,39,N,0,N1,Y,,3,N1,12,,1,1,,,,,,,,,,,,7,5,,,,3,,,,0,2,1,1,6,,,6,,0,,,196,,,,,,,,,,,,,,,,,Y,N1,A1303386,19
2026-07-26 01:44:31,data_go_kr,인천광역시,A1400001,의료법인 길의료재단 길병원,9,20260726013935,032-460-3012,Y,Y,2,2,1,1,,0,,6,,,,,2,,,1,,5,,4,,2,3,5,25,3,9,2,11,12,Y,,Y,3,2,6,Y,3,Y,Y,,0,Y,Y,Y,428,Y,,Y,Y,0,3,Y,23,9,,,18,38,11,30,,2,,14,20,6,4,,11,30,6,47,3,2,18,13,3,6,6,7,113,19,40,19,10,6,,1,995,2,3,1,1,,2,,,,,,3,,,2,6,Y,Y,A1400001,1
2026-07-26 01:44:31,data_go_kr,인천광역시,A1400002,인하대학교의과대학부속병원,7,20260726013605,032-890-2301,Y,Y,,,1,1,,,,1,,,,,,,,5,2,0,5,1,0,0,2,0,7,4,,,3,7,Y,Y,Y,,,,Y,,Y,Y,,,Y,Y,Y,214,Y,2,Y,Y,0,16,Y,20,7,2,5,20,25,13,27,3,2,,,,7,,23,3,30,6,,16,,15,7,4,6,3,5,109,17,27,13,9,7,1,2,681,,,1,1,,,,,,,,,,,,,Y,Y,A1400002,2
2026-07-26 01:44:31,data_go_kr,인천광역시,A1400010,검단탑병원,16,20260726013916,032-590-0077,,,,,,,,,,,,,,,,,,,1,,2,,,,,0,,,,,,0,,,Y,,,,Y,,Y,Y,,,Y,Y,N1,54,N1,7,N1,Y,,6,N1,18,,1,2,,,,,,,,,,,,15,3,,,,6,,,2,,2,2,1,11,,,1,,,,,279,,,,,,,,,,,,,,,,,Y,N1,A1400010,3
2026-07-26 01:44:31,data_go_kr,인천광역시,A1403372,인천세종병원,15,20260726014009,032-240-8119,,,,,,,,,,,,,,,,,,,3,,,1,,,,1,2,,,,,3,,,Y,,,,Y,,Y,Y,,,Y,Y,Y,86,Y,10,N1,Y,,7,N1,18,,3,,2,,,,,,,,,,,20,2,3,,,7,,,6,,2,2,3,13,,,4,5,1,,,274,,,,,,,,,,,,,,,,,Y,N1,A1403372,4
2026-07-26 01:44:31,data_go_kr,인천광역시,A1400014,의료법인인성의료재단한림병원,16,20260726013535,032-540-9119,,,,,,,,,,,,,,,,,,,2,,2,,,,,2,,,,,,2,Y,,Y,,,,Y,,Y,Y,,,Y,Y,Y,60,N1,3,N1,Y,,6,N1,17,,2,2,,,,,,,,,,,,21,2,,,,6,,,2,1,3,2,2,20,,,3,3,,,,391,,,,,,,,,,,,,,,,,Y,N1,A1400014,5
2026-07-26 01:44:31,data_go_kr,인천광역시,A1400016,인천사랑병원,8,20260726013754,032-457-2119,,Y,,,,,,,,,,,,,,,4,,1,,2,,,,,1,0,,,,,1,Y,,Y,,,,Y,,Y,Y,,,Y,Y,N1,28,Y,13,Y,Y,,7,N1,14,,1,2,,,,,,,,,,,,17,1,5,,,7,,,1,1,2,1,1,12,,1,2,,1,,,281,,,,,,,,,,,,,,4,,,Y,N1,A1400016,6
2026-07-26 01:44:31,data_go_kr,인천광역시,A1400012,가톨릭대학교 인천성모병원,9,20260726014011,032-280-6107,Y,Y,,,,,,,,-1,,,,,,,,3,3,0,4,7,,,,0,,,,,,3,Y,,Y,7,,,Y,,Y,Y,,,Y,Y,Y,140,Y,,Y,Y,-1,17,N1,19,4,3,5,12,15,18,13,,,,15,,,,,10,,,,17,,,9,1,4,4,5,53,5,14,11,5,4,,,579,,,,,,,,,,,,,,,,,Y,Y,A1400012,7
2026-07-26 01:44:31,data_go_kr,인천광역시,A1400013,안은의료재단 부평세림병원,15,20260726013940,032-509-5777,,,,,,,,,,,,,,,,,,,1,,3,2,,,,1,0,,,,,2,,,Y,,,,Y,,Y,Y,,,Y,Y,Y,44,N1,5,N1,Y,,4,N1,16,,1,3,2,,,,,,,,,,,11,2,3,,,4,,,2,,3,2,1,9,,,1,1,,,,234,,,,,,,,,,,,,,,,,Y,N1,A1400013,8
2026-07-26 01:44:31,data_go_kr,인천광역시,A1400015,가톨릭관동대학교국제성모병원,14,20260726013814,032-290-3065,Y,Y,5,0,,,,,,6,,,18,,,,,3,0,,0,,,,,,,,,,3,3,Y,,Y,-4,,,Y,,Y,Y,,,Y,Y,N,238,Y,,Y,Y,,11,N1,23,3,0,0,,40,,,,,,13,,,,,,,,,11,,11,3,2,3,2,3,34,2,11,6,2,1,,,641,5,0,,,,,,,,21,,,,,,,Y,Y,A1400015,9
2026-07-26 01:44:31,data_go_kr,인천광역시,A1400003,의료법인 루가의료재단 나은병원,10,20260726013754,032-584-4119,,Y,,,,,,,,4,,,,,,,7,,1,6,2,,,,,3,,,,,,8,Y,,Y,,,,Y,,Y,Y,,,Y,Y,Y,91,Y,,Y,Y,,10,N1,11,,1,2,,14,13,,,,,,,,,,3,,,,10,,,9,1,2,2,3,17,,1,3,1,1,,,367,,,,,,,,,,,,,,7,,,Y,N1,A1400003,10
2026-07-26 01:44:31,data_go_kr,인천광역시,A1400011,의료법인 나사렛의료재단 나사렛국제병원,15,20260726013653,032-899-9699,,,,,,,,,,,,,,,,,,,1,,2,,,,,1,,,,,,,,,Y,,,,Y,,Y,Y,,,Y,Y,N1,68,N1,2,N1,Y,,5,N1,17,,1,2,,,,,,,,,,,,16,1,,,,5,,,,,2,2,2,8,,,2,,,,,282,,,,,,,,,,,,,,,,,Y,N1,A1400011,11
2026-07-26 01:44:31,data_go_kr,인천광역시,A1403617,비에스종합병원,8,20260726013552,032-290-0119,,Y,,,,,,,,,,,,,,,,,1,,,,,,,1,,,,,,,Y,,Y,,,,Y,,Y,Y,,,Y,Y,N1,102,N1,3,Y,N1,1,2,N1,10,,1,,,,,1,,,,,,,,18,1,,,,2,,,,1,1,,1,6,,1,1,,,,,180,,,,,,,,,,,,,,,,,Y,N1,A1403617,12
2026-07-26 01:44:31,data_go_kr,인천광역시,A1400005,온누리병원,8,20260726014021,032-568-9112,,,,,,,,,,,,,,,,,,,1,,1,,,,,,,,,,,,,,Y,,,,,,Y,N1,,,N1,Y,N1,44,N1,,N1,Y,,3,N1,9,,1,1,,,,,,,,,,,,,,,,,3,,,,,1,1,,5,,,,,,,,190,,,,,,,,,,,,,,,,,Y,N1,A1400005,13
2026-07-26 01:44:31,data_go_kr,인천광역시,A1403871,인천힘찬종합병원,17,20260726013701,032-459-3168,,,,,,,,,,,,,,,,,,,1,,2,,,,,0,,,,,,,,,Y,,,,,,Y,N1,,,N1,Y,N1,62,N1,2,N1,Y,,7,N1,17,,1,2,,,,,,,,,,,,8,1,,,,7,,,,,2,2,,1,,,,,,,,235,,,,,,,,,,,,,,,,,Y,N1,A1403871,14
2026-07-26 01:44:31,data_go_kr,인천광역시,A1400004,현대유비스병원,14,20260726013540,032-890-5582,,,,,,,,,,,,,,,,,,,1,,,,,,,1,,,,,,,,,Y,,,,Y,,Y,Y,,,Y,Y,N1,16,N1,5,N1,Y,,6,N1,18,,1,,,,,,,,,,,,,13,1,,,,6,,,,,2,2,1,8,,,2,,,,,285,,,,,,,,,,,,,,,,,Y,N1,A1400004,15
2026-07-26 01:44:31,data_go_kr,인천광역시,A1400008,(의)성세의료재단 뉴성민병원,9,20260726013512,032-726-1119,,,,,,,,,,,,,,,0,,,,,,1,,,,,2,,,,,,,,,Y,,,,,,Y,N1,,,Y,Y,N1,128,N1,9,N1,Y,,6,Y,9,,,1,,,,,,,,,,,,17,2,,,,6,,,,,2,2,,11,,,2,,,,1,265,,,,,,,,,,,,0,,,,,Y,N1,A1400008,16
2026-07-26 01:44:31,data_go_kr,인천광역시,A1400018,인천적십자병원,8,20260726013707,032-899-4119,,,,,,,,,,,,,,,,,,,1,,1,,,,,,,,,,,,,,Y,,,,,,Y,N1,,,N1,Y,N1,64,N1,3,N1,Y,,3,N1,8,,1,1,,,,,,,,,,,,8,,,,,3,,,,,1,1,,2,,,,,,,,104,,,,,,,,,,,,,,,,,Y,N1,A1400018,17
2026-07-26 01:44:31,data_go_kr,인천광역시,A1400037,인천광역시의료원백령병원,5,20260726014002,032-836-1732,Y,Y,,,,,,,,,,,,,,,,,,,1,,,,,,,,,,,,,,Y,,,,,,Y,N1,,,N1,Y,N1,30,N1,,Y,N1,,1,N1,5,,,1,,,,,,,,,,,,,,,,,1,,,,,1,,,1,1,2,,,,,,30,,,,,,,,,,,,,,,,,Y,Y,A1400037,18
2026-07-26 01:44:31,data_go_kr,인천광역시,A1400009,인천기독병원,8,20260726013911,032-270-8300,,,,,,,,,,,,,,,,,,,,,1,,,,,,,,,,,,,,Y,,,1,,,Y,N1,,,N1,Y,N1,37,N1,10,N1,Y,,4,N1,8,,,1,,,,,,,,,,,,10,,,,,4,,,,,1,1,,1,,,,,,,,139,,,,,,,,,,,,,,,,1,Y,N1,A1400009,19
2026-07-26 01:44:31,data_go_kr,인천광역시,A1400017,인천광역시의료원,14,20260726014002,032-580-6119,,,,,,,,,,,,,,,,,,,2,,,,,,,0,,,,,24,7,,,Y,,,,,,Y,N1,,,N1,Y,N1,28,N1,5,N1,Y,,6,N1,15,,2,,,,,,,,,,,,,13,0,,,,6,,45,7,,1,1,,19,,,,,,,,198,,,,,,,,,,,,,,,,,Y,N1,A1400017,20
2026-07-26 01:44:31,data_go_kr,인천광역시,A1400007,의료법인 성수의료재단 인천백병원,5,20260726013802,032-280-8119,,,,,,,,,,,,,,,,,,,,,1,,,,,,,,,,,,,,Y,,,,,,Y,N1,,,Y,Y,N1,42,N1,2,N1,Y,,4,N1,5,,,1,,,,,,,,,,,,12,,,,,4,,,,,2,2,,6,,,1,,,,,189,,,,,,,,,,,,,,,,,Y,N1,A1400007,21
2026-07-26 01:44:31,data_go_kr,대전광역시,A1600006,학교법인건양교육재단건양대학교병원,21,20260726014016,042-600-9119,Y,Y,,0,,,1,1,4,,0,0,0,0,,0,,3,2,,3,10,,,,4,6,,,,11,1,Y,,Y,,,,Y,,Y,Y,,,Y,Y,Y,317,Y,37,Y,Y,0,20,Y,24,5,2,3,16,,,24,,,,,,,,59,5,28,,,20,,20,1,2,4,4,4,46,17,23,10,3,1,,1,658,,0,,,1,3,4,0,0,0,0,,0,,,,Y,Y,A1600006,1
2026-07-26 01:44:31,data_go_kr,대전광역시,A1600001,충남대학교병원,5,20260726013801,042-280-8129,Y,Y,0,0,,,,,,2,,,,,,,0,1,2,5,3,6,2,,3,6,23,,,,16,9,Y,,Y,,,,Y,,Y,Y,,,Y,Y,Y,289,Y,3,Y,Y,9,21,N1,28,6,2,3,20,16,14,34,5,,,,,10,,12,8,30,,,21,,26,14,5,5,4,5,76,12,36,6,8,2,,,966,0,0,,,,,,,,,,,,0,,,Y,Y,A1600001,2
2026-07-26 01:44:31,data_go_kr,대전광역시,A1600002,학교법인을지학원대전을지대학교병원,20,20260726014001,042-259-1119,Y,Y,,,,,,,,5,,0,0,-10,-5,8,3,,2,5,1,,,,4,2,,,4,2,6,,Y,,Y,,2,1,Y,4,Y,Y,,,Y,Y,Y,97,Y,,Y,Y,16,15,N1,21,,2,1,,20,20,20,,,,,20,5,,,11,,,40,15,2,20,,16,4,2,4,70,12,47,7,3,3,,,331,,,,,,,,,0,0,0,0,30,3,2,6,Y,Y,A1600002,3
2026-07-26 01:44:31,data_go_kr,대전광역시,A1600007,의료법인영훈의료재단유성선병원,11,20260726013538,042-609-1119,,,,,,,,,,,,,,,,,,,2,,1,,,,,1,,,,,,1,Y,,Y,,,,Y,,Y,Y,,,Y,Y,Y,105,N1,3,N1,Y,,-4,Y,17,,2,1,,,,,,,,,,,,19,1,,,,7,,,1,1,3,3,2,17,,,2,1,,,1,368,,,,,,,,,,,,,,,,,Y,N1,A1600007,4
2026-07-26 01:44:31,data_go_kr,대전광역시,A1600005,학교법인가톨릭학원가톨릭대학교대전성모병원,10,20260726014010,042-220-9118,Y,Y,,,,,,,,3,,,,,,,,,3,1,,,,,3,0,,,,,,3,Y,,Y,1,,,Y,,Y,Y,1,0,Y,Y,Y,151,N1,,Y,Y,4,12,N1,19,,3,,,15,3,4,,,3,9,,3,2,,1,,,,12,,,4,1,3,2,4,24,5,7,5,2,,,,537,,,,,,,,,,,,,,,,,Y,Y,A1600005,5
2026-07-26 01:44:31,data_go_kr,대전광역시,A1600008,의료법인영훈의료재단대전선병원,15,20260726013549,042-220-8129,,,,,,,,,,,,,,,,,,,1,,3,,,,,-1,,,,,,0,Y,,Y,,,,Y,,Y,Y,,,Y,Y,N1,78,N1,7,N1,Y,,7,N1,17,,1,3,,,,,,,,,,,,24,1,,,,7,,,1,1,2,2,2,11,,,3,,,,,311,,,,,,,,,,,,,,,,,Y,N1,A1600008,6
2026-07-26 01:44:31,data_go_kr,대전광역시,A1600004,대전보훈병원,7,20260726013553,042-939-0100,,,,,,,,,,,,,,,,,,,1,,1,,,,,1,,,,,,1,,,Y,,,,Y,,Y,Y,,,N1,Y,N1,70,N1,3,N1,Y,,5,N1,7,,1,1,,,,,,,,,,,,10,1,,,,5,,,1,,1,3,1,12,,,,,,,,316,,,,,,,,,,,,,,,,,Y,N1,A1600004,7
2026-07-26 01:44:31,data_go_kr,대전광역시,A1600003,대전한국병원,5,20260726014009,042-606-1119,,Y,,,,,,,,,,,,,,,,,1,,,,,,,,,,,,,,Y,,Y,,,,Y,,Y,Y,,,Y,Y,N1,43,N1,5,Y,Y,,4,N1,9,,1,,,,,,,,,,,,,12,,,,,4,,,,4,2,2,2,6,,1,1,,,,,241,,,,,,,,,,,,,,,,,Y,N1,A1600003,8
2026-07-26 01:44:31,data_go_kr,대전광역시,A1602246,대청병원,7,20260726014008,042-589-0119,,,,,,,,,,,,,,,,,,,,,1,,,,,,,,,,,,,,Y,,,,,,Y,N1,,,Y,Y,N1,111,N1,1,N1,Y,,3,N1,9,,,1,,,,,,,,,,,,17,,,,,3,,,,,2,1,,10,,,1,,,,,245,,,,,,,,,,,,,,,,,Y,N1,A1602246,9
2026-07-26 01:44:31,data_go_kr,울산광역시,A1700004,학교법인울산공업학원울산대학교병원,5,20260726013743,052-250-7000,Y,Y,3,3,,,,0,,5,,,4,,5,,,7,0,11,0,4,,,3,8,15,,2,2,9,0,Y,,Y,,2,6,Y,14,Y,Y,,1,Y,Y,Y,189,Y,3,Y,Y,3,20,N1,21,8,0,0,12,13,16,26,,,,,20,6,2,8,8,36,,42,20,2,20,0,5,7,5,6,83,14,27,17,8,4,,,725,3,3,,,,8,,,,4,,5,,,2,6,Y,Y,A1700004,1
2026-07-26 01:44:31,data_go_kr,울산광역시,A1700028,의료법인정안의료재단중앙병원,9,20260726013917,052-226-1119,,,,,,,,,,,,,,,,,,,1,,2,2,,,,2,2,,,,,0,,,Y,,,,Y,,Y,Y,,,Y,Y,N1,75,N1,1,N1,Y,,8,N1,17,,1,2,2,,,,,,,,,,,18,2,4,,,8,,,1,,2,2,2,7,,,2,,,,,335,,,,,,,,,,,,,,,,,Y,N1,A1700028,2
2026-07-26 01:44:31,data_go_kr,울산광역시,A1700003,울산병원,16,20260726014004,052-259-5119,,,,,,,,,,,,,,,,,,,1,,2,1,,,,0,1,,,,,,,,Y,,,,Y,,Y,Y,,,Y,Y,Y,55,Y,10,N1,Y,,4,Y,19,,1,2,2,,,,,,,,,,,17,1,3,,,4,,,,,2,2,3,12,,,4,1,2,,2,343,,,,,,,,,,,,,,,,,Y,N1,A1700003,3
2026-07-26 01:44:31,data_go_kr,울산광역시,A1700025,의료법인송은의료재단울산시티병원,14,20260726014005,052-280-9119,,,,,,,,,,,,,,,,,,,1,,2,0,,,,2,2,,,,,,,,Y,,,,Y,,Y,Y,,,Y,Y,N1,55,N1,8,N1,Y,,8,N1,17,,1,2,2,,,,,,,,,,,24,3,3,,,8,,,,,2,2,2,17,,,4,,,,,347,,,,,,,,,,,,,,,,,Y,N1,A1700025,4
2026-07-26 01:44:31,data_go_kr,울산광역시,A1700002,의료법인동강의료재단동강병원,23,20260726013849,052-241-1190,,,,,,,,,,4,,,,,,,,,1,0,2,1,,,3,1,2,,,,,0,,Y,Y,,,,Y,,Y,Y,,,Y,Y,Y,158,N1,,N1,Y,,7,N1,24,,1,2,2,14,9,,,,,,,13,,,1,3,,,8,,,2,,3,2,4,25,,,7,5,,1,,513,,,,,,,,,,,,,,,,,Y,N1,A1700002,5
2026-07-26 01:44:31,data_go_kr,울산광역시,A1700011,의료법인은성의료재단좋은삼정병원,8,20260726014026,052-220-7600,,,,,,,,,,,,,,,,,,,,,1,,,,,0,,,,,,1,,,Y,,,,Y,,Y,Y,,,Y,Y,N1,50,N1,3,N1,Y,,7,N1,9,,,1,,,,,,,,,,,,14,1,,,,8,,,1,,2,2,1,5,,,1,,,,,283,,,,,,,,,,,,,,,,,Y,N1,A1700011,6
2026-07-26 01:44:31,data_go_kr,울산광역시,A1700001,서울산보람병원,9,20260726013738,052-255-7119,,,,,,,,,,,,,,,,,,,,,1,,,,,,,,,,,,,,Y,,,,,,Y,N1,,,N1,Y,N1,92,N1,,N1,Y,,3,N1,10,,,1,,,,,,,,,,,,,,,,,3,,,,,1,1,,1,,,,,,,,213,,,,,,,,,,,,,,,,,Y,N1,A1700001,7
2026-07-26 01:44:31,data_go_kr,세종특별자치시,A1800441,세종충남대학교병원,8,20260726013801,044-995-3010,Y,Y,,,1,1,,,,,,,,,,,,5,1,,2,,,1,,1,,5,,,,3,Y,,Y,,,,Y,,Y,Y,,,Y,Y,Y,123,Y,4,Y,Y,0,8,N1,17,6,1,2,,,,19,,2,,,,,,11,2,,6,,8,,,4,3,2,2,3,29,7,19,5,3,2,,,299,,,1,1,,,,,,,,,,,,,Y,Y,A1800441,1
2026-07-26 01:44:31,data_go_kr,세종특별자치시,A1800417,의료법인 영제 의료재단 엔케이세종병원,9,20260726013732,044-850-7777,,,,,,,,,,,,,,,,,,,,,1,,,,,,,,,,,,,,Y,,,,,,Y,N1,,,N1,Y,N1,140,N1,,N1,Y,,3,N1,10,,,1,,,,,,,,,,,,,,,,,3,,,,,1,1,,1,,,,,,,,200,,,,,,,,,,,,,,,,,Y,N1,A1800417,2
2026-07-26 01:44:31,data_go_kr,경기도,A2100042,의료법인명지의료재단명지병원,10,20260726014000,031-810-7119,Y,Y,3,2,,3,0,0,1,,0,0,0,0,0,0,,0,0,,3,4,,,,4,10,,,,0,0,Y,Y,Y,,,,Y,,Y,Y,,,Y,Y,Y,163,Y,11,Y,Y,3,13,Y,15,0,0,3,16,,,3,,,,,,,,31,4,28,,,13,,0,0,2,6,3,5,49,4,5,8,5,2,1,2,443,3,2,,3,4,3,2,0,0,0,0,0,0,,,,Y,Y,A2100042,1
2026-07-26 01:44:31,data_go_kr,경기도,A2100033,국민건강보험공단일산병원,6,20260726014002,031-900-0761,Y,Y,,,,,0,,1,5,,0,0,,0,0,,1,2,7,2,0,,,3,2,14,,,,4,0,Y,,Y,,,,Y,,Y,Y,,,Y,Y,Y,187,N1,,Y,Y,6,2,N1,23,5,2,3,19,10,16,25,,,,,,6,,,11,29,,,2,,28,4,2,4,3,3,60,8,28,13,5,,,,659,,,,,1,,1,,0,0,,0,0,,,,Y,Y,A2100033,2
2026-07-26 01:44:31,data_go_kr,경기도,A2100005,순천향대학교부속부천병원,13,20260726013622,032-621-5117,Y,Y,2,2,,,,,,5,,0,,0,0,,,5,0,7,0,9,,,,4,21,,,,,4,Y,Y,Y,,,3,Y,,Y,Y,,,Y,Y,Y,275,Y,9,Y,Y,2,21,Y,17,5,0,0,20,16,15,24,,,,,,,,22,8,34,,,21,,,7,1,4,3,5,71,9,31,17,4,3,1,1,674,2,3,,,,,,,0,,0,0,,,,5,Y,Y,A2100005,3
2026-07-26 01:44:31,data_go_kr,경기도,A2100001,분당서울대학교병원,-9,20260726013800,031-787-3119,Y,Y,,,,,,3,,4,,,5,9,,,,5,2,2,3,2,0,,5,0,9,,,,1,3,Y,,Y,3,,2,Y,,Y,Y,,,Y,Y,Y,400,Y,0,Y,Y,0,39,N1,30,5,2,3,15,13,13,35,6,,,10,,9,,8,1,30,,,39,,15,3,3,11,11,11,128,17,39,16,8,8,,,1247,,,,,,5,,,,5,9,,,,,2,Y,Y,A2100001,4
2026-07-26 01:44:31,data_go_kr,경기도,A2100030,차의과학대학교분당차병원,6,20260726013759,031-780-5840,Y,Y,2,3,1,1,0,0,,0,,,0,,0,,0,1,,5,,0,,0,0,1,16,6,,,11,,Y,,Y,0,,,Y,,Y,Y,,,Y,Y,Y,203,Y,,Y,Y,7,26,N1,22,11,,,14,8,9,35,,2,,7,,6,,,4,43,6,,26,,22,,8,5,3,4,40,26,46,6,2,2,,,726,2,3,1,1,2,2,,,,0,,1,,0,,,Y,Y,A2100030,5
2026-07-26 01:44:31,data_go_kr,경기도,A2100002,아주대학교병원,9,20260726013910,031-219-7777,Y,Y,2,2,1,2,,0,,3,,,,0,0,,0,1,0,5,0,7,,1,5,0,26,0,0,3,5,5,Y,,Y,5,2,6,Y,1,Y,Y,0,5,Y,Y,Y,168,Y,,Y,Y,5,25,N1,30,9,0,0,16,14,10,36,,2,6,13,40,7,11,,3,42,6,60,25,3,20,8,3,8,6,9,126,27,34,32,9,7,,,792,2,6,1,4,,2,,,,,0,0,,0,2,6,Y,Y,A2100002,6
2026-07-26 01:44:31,data_go_kr,경기도,A2100003,고려대학교의과대학부속안산병원,9,20260726013713,031-412-5381,Y,Y,2,1,,,0,,,0,,,,,,,,4,,13,2,5,,,2,0,24,,,,9,5,Y,,Y,,,,Y,,Y,Y,,,Y,Y,Y,189,Y,0,Y,Y,1,20,N1,22,4,,3,18,10,13,25,,,,,,10,,6,3,30,,,20,,16,10,2,3,4,4,66,15,19,8,5,3,,,605,2,3,,,2,,,,,,,,,,,,Y,Y,A2100003,7
2026-07-26 01:44:31,data_go_kr,경기도,A2100004,한림대학교성심병원,17,20260726013756,031-380-1500,Y,Y,0,5,,,0,,,1,,,,,,,,3,2,4,4,6,,,,1,19,,,,11,2,Y,Y,Y,,,,Y,,Y,Y,0,6,Y,Y,Y,175,Y,,Y,Y,5,18,N1,25,3,2,4,19,27,16,9,,,8,,,,18,,3,30,,,19,,20,14,2,4,3,6,102,8,10,20,14,2,1,,610,0,5,,,1,,,,,,,,,,,,Y,Y,A2100004,8
2026-07-26 01:44:31,data_go_kr,경기도,A2100040,가톨릭대학교의정부성모병원,27,20260726014011,031-820-5200,Y,Y,,,,,0,0,,,,,,,,,,11,2,,4,3,,,1,1,17,,8,2,,,Y,,Y,,2,6,Y,2,Y,Y,,,Y,Y,Y,191,Y,2,Y,Y,-1,13,N1,42,11,2,4,18,,,15,,,,,20,6,,26,4,30,,53,13,2,,,3,4,3,4,54,10,28,12,4,3,,,519,,,,,1,1,,,,,,,,,2,6,Y,Y,A2100040,9
2026-07-26 01:44:31,data_go_kr,경기도,A2100047,동국대학교일산불교병원,12,20260726013957,031-961-7777,Y,Y,,,,,,,,7,,,,,,,3,3,1,6,3,,,,,1,,,,,15,0,Y,,Y,,,,Y,,Y,Y,,,Y,Y,Y,180,Y,,Y,Y,11,12,N1,19,3,1,3,,16,13,13,,,,,,,,,4,,,,12,,15,0,8,2,2,2,19,13,25,4,2,1,,,463,,,,,,,,,,,,,,3,,,Y,Y,A2100047,10
2026-07-26 01:44:31,data_go_kr,경기도,A2100038,인제대학교일산백병원,24,20260726013828,031-910-7114,N,N,,,,,,,,0,,,,,,,,,3,2,0,,,,,0,,,,,5,1,Y,,Y,,,,Y,,Y,Y,,1,Y,Y,Y,197,Y,,N,Y,,17,N1,34,,3,3,,25,32,,,,,,,,4,,4,,,,17,,16,2,3,3,3,4,54,18,22,7,3,1,,,545,,,,,,,,,,,,,,,,,Y,N,A2100038,11
2026-07-26 01:44:31,data_go_kr,경기도,A2118788,중앙대학교광명병원,18,20260726014007,02-2222-1351,Y,Y,0,0,,,,,,,,,,,,,,,1,,2,,,,5,3,,,,,,2,Y,,Y,,,,Y,,Y,Y,4,,Y,Y,Y,206,Y,12,Y,Y,0,17,N1,21,,1,2,,,,16,,,5,,,5,,24,6,,,,17,,,2,2,2,2,5,28,6,16,5,4,10,,,576,0,0,,,,,,,,,,,,,,,Y,Y,A2118788,12
2026-07-26 01:44:31,data_go_kr,경기도,A2100007,광명성애병원,7,20260726013938,02-2680-7116,Y,Y,,,,,,,,,,,,,,6,,4,1,,3,,,,,0,,,,,,,Y,,Y,,,,Y,,Y,Y,,,Y,Y,N1,62,N1,10,Y,Y,,5,N1,11,4,1,4,,,,,,,,,,,,13,1,,,,5,,,,2,2,2,1,12,2,5,1,,,,,189,,,,,,,,,,,,,50,,,,Y,Y,A2100007,13
2026-07-26 01:44:31,data_go_kr,경기도,A2100155,참조은병원,2,20260726013844,031-881-9119,,,,,,,,,,,,,,0,0,,6,1,1,,3,,,,,3,,,,,,1,,,Y,,,,Y,,Y,Y,,,Y,Y,N1,52,Y,-1,N1,Y,,7,N1,9,1,1,3,,,,,,,,,,,,22,3,,,,7,,,2,,3,3,2,18,,,3,,2,,,286,,,,,,,,,,,0,0,,6,,,Y,N1,A2100155,14
2026-07-26 01:44:31,data_go_kr,경기도,A2100039,한양대학교구리병원,16,20260726013801,1644-9118,Y,Y,,,,,,,,0,,,,,,,,,1,2,4,,,,,,,,,,,4,Y,,Y,,,,Y,,Y,Y,,,Y,Y,Y,173,Y,,Y,Y,1,9,N1,18,,1,4,,17,14,10,,,,,,,,,,,,,9,,,5,1,3,2,3,21,6,14,4,2,2,,,488,,,,,,,,,,,,,,,,,Y,Y,A2100039,15
2026-07-26 01:44:31,data_go_kr,경기도,A2100054,효산의료재단지샘병원,14,20260726013544,031-389-3119,,,,,,,,,,,,,,,,,1,,2,,1,,,,,1,,,,,,1,,,Y,,,,Y,,Y,Y,,,Y,Y,N1,77,N1,3,N1,Y,,5,N1,18,,2,1,,,,,,,,,,,,18,1,,,,5,,,2,,2,1,3,11,,,2,,,,,367,,,,,,,,,,,,,,1,,,Y,N1,A2100054,16
2026-07-26 01:44:31,data_go_kr,경기도,A2100048,원광대학교산본병원,12,20260726013923,031-390-2345,,,,,,,,,,,,,,,,,,,1,,2,,,,,,,,,,,,Y,,Y,,,,Y,,Y,Y,,,Y,Y,N1,80,N1,7,N1,Y,,5,N1,17,,1,2,,,,,,,,,,,,12,,,,,5,,,,1,1,1,1,1,,,2,,,,,188,,,,,,,,,,,,,,,,,Y,N1,A2100048,17
2026-07-26 01:44:31,data_go_kr,경기도,A2100053,의료법인우리의료재단김포우리병원,9,20260726014004,031-999-1119,,,,,,,,,,,,,,0,0,0,,,1,,6,,,,,0,,,,,,3,,,Y,,,,Y,,Y,Y,,,Y,Y,Y,79,Y,0,N1,Y,,7,N1,22,,1,6,,,,,,,,,,,,36,1,,,,7,,,11,,2,2,2,48,,,4,1,2,,,477,,,,,,,,,,,0,0,0,,,,Y,N1,A2100053,18
2026-07-26 01:44:31,data_go_kr,경기도,A2100006,의료법인인봉의료재단뉴고려병원,13,20260726013944,031-980-9119,,,,,,,,,,,,,,,,,3,,1,,2,,,,,7,,,,,,,,,Y,,,,Y,,Y,Y,,,Y,Y,N1,90,N1,6,N1,Y,,6,N1,14,,1,2,,,,,,,,,,,,24,10,,,,6,,,,,2,2,2,7,,,1,,,,,278,,,,,,,,,,,,,,3,,,Y,N1,A2100006,19
2026-07-26 01:44:31,data_go_kr,경기도,A2100041,남양주한양병원,15,20260726013950,031-510-0119,,,,,,,,,,,,,,,,,,,1,,2,,,,,11,,,,,,,,,Y,,,,Y,,Y,Y,,,Y,Y,N1,91,N1,5,N1,Y,,,Y,17,,1,2,,,,,,,,,,,,17,23,,,,,,,,,2,2,1,33,,,2,,,,1,244,,,,,,,,,,,,,,,,,Y,N1,A2100041,20
2026-07-26 01:44:31,data_go_kr,경기도,A2100037,현대병원,9,20260726013755,031-574-0114,,,,,,,,,,,,,,,,,,,3,,,,,,,0,,,,,,,,,Y,,,,Y,,Y,Y,,,Y,Y,N1,68,Y,3,N1,Y,,7,N1,17,,3,,,,,,,,,,,,,19,20,,,,7,,,,,2,2,2,50,,,17,,2,,,342,,,,,,,,,,,,,,,,,Y,N1,A2100037,21
2026-07-26 01:44:31,data_go_kr,경기도,A2100055,부천세종병원,15,20260726014010,032-340-1119,Y,Y,,,,,,,,,,,,,,,,,1,,2,1,,,,0,1,,,,,0,Y,,Y,,,,Y,,Y,Y,,,Y,Y,Y,87,Y,0,Y,Y,,6,N1,17,,1,2,2,,,,,,,,,,,20,2,3,,,6,,,6,1,2,1,5,18,1,1,5,4,1,,,268,,,,,,,,,,,,,,,,,Y,Y,A2100055,22
2026-07-26 01:44:31,data_go_kr,경기도,A2100052,가톨릭대학교부천성모병원,16,20260726014010,032-340-2100,Y,Y,,,,,,,,0,,,,,,,3,,2,0,1,,,,,1,,,,,,3,Y,,Y,4,,,Y,,Y,Y,,,Y,Y,Y,204,Y,,Y,Y,9,14,N1,31,,2,1,,16,12,10,,,,18,,,,,4,,,,14,,,4,3,3,3,3,28,4,14,11,1,2,,,562,,,,,,,,,,,,,,3,,,Y,Y,A2100052,23
2026-07-26 01:44:31,data_go_kr,경기도,A2100025,대진의료재단분당제생병원,14,20260726014000,031-779-0119,Y,Y,,,,,,,,4,,,7,,,,,3,1,7,2,,,,,2,,,,,,0,Y,Y,Y,,,,Y,,Y,Y,,,Y,Y,Y,154,Y,,Y,Y,1,9,N1,24,3,1,2,,11,14,3,,,,,,,,,4,,,,9,,,2,2,4,3,3,22,1,5,5,2,3,1,,484,,,,,,,,,,7,,,,,,,Y,Y,A2100025,24
2026-07-26 01:44:31,data_go_kr,경기도,A2116806,성남시의료원,14,20260726014000,031-738-7300,,,,,,,,,,,,,,,,,,6,2,18,4,,,,,3,,,,,,28,,,Y,,,,Y,,Y,Y,,,Y,Y,Y,106,Y,,N1,Y,,8,Y,17,6,2,4,,,25,,,,,,,,,,5,,,,8,,,28,,3,2,2,31,,,6,3,1,,2,241,,,,,,,,,,,,,,,,,Y,N1,A2116806,25
2026-07-26 01:44:31,data_go_kr,경기도,A2117135,의료법인명인의료재단화홍병원,10,20260726013441,031-8021-6829,Y,,,,,,,,,,,,,,,,,,2,,3,,,,,0,,,,,,,,,Y,,,,,,Y,N1,,,N1,Y,Y,63,N1,14,N1,Y,,6,Y,15,,2,3,,,,,,,,,,,,29,1,,,,6,,,,,2,2,,4,1,,,1,,,1,228,,,,,,,,,,,,,,,,,Y,Y,A2117135,26
2026-07-26 01:44:31,data_go_kr,경기도,A2100009,의료법인녹산의료재단동수원병원,10,20260726013601,031-210-0119,,Y,,,,,,,,,,,,,,,,,1,,1,0,,,,0,2,,,,,0,Y,,Y,,,,Y,,Y,Y,,,Y,Y,N1,70,N1,10,Y,Y,,5,N1,17,,1,2,2,,,,,,,,,,,18,3,4,,,5,,,1,1,2,2,1,15,,4,1,,,,,335,,,,,,,,,,,,,,,,,Y,N1,A2100009,27
2026-07-26 01:44:31,data_go_kr,경기도,A2100012,가톨릭대학교성빈센트병원,17,20260726014009,031-249-7370,Y,Y,,,1,1,,,,9,,,,,,,,6,2,8,2,3,,2,8,2,,6,,,8,3,Y,,Y,10,,,Y,,Y,Y,,1,Y,Y,Y,288,Y,,Y,Y,2,19,N1,28,6,2,2,4,20,11,18,,2,,15,,8,8,,5,,6,,19,,30,11,2,5,4,6,52,7,18,12,4,4,,,658,,,1,1,,,,,,,,,,,,,Y,Y,A2100012,28
2026-07-26 01:44:31,data_go_kr,경기도,A2100008,의료법인남촌의료재단시화병원,11,20260726013624,031-5189-0567,,,,,,,,,,,,,,,,,,4,1,,5,,,,,1,,,,,,1,Y,,Y,,,,Y,,Y,Y,,,Y,Y,Y,76,N1,18,N1,Y,,7,N1,16,5,1,5,,,,,,,,,,,,52,1,,,,7,,,1,1,3,3,2,29,,,4,2,,,,461,,,,,,,,,,,,,,,,,Y,N1,A2100008,29
2026-07-26 01:44:31,data_go_kr,경기도,A2100017,대아의료재단한도병원,13,20260726013829,031-8040-1129,,,,,,,,,,,,,,,,,,,1,,2,,,,,1,,,,,,,,,Y,,,,Y,,Y,Y,,,Y,Y,N1,97,N1,11,N1,Y,,6,N1,17,,1,2,,,,,,,,,,,,29,1,,,,6,,,,,3,2,2,15,,,3,,,,,327,,,,,,,,,,,,,,,,,Y,N1,A2100017,30
2026-07-26 01:44:31,data_go_kr,경기도,A2100015,효산의료재단안양샘병원,10,20260726013912,031-467-9119,,,,,,,,,,0,,,,,,,,,1,3,2,,,,,1,,,,,,,,,Y,,,,Y,,Y,Y,,,Y,Y,Y,61,N1,,N1,Y,,6,N1,17,,1,2,,9,9,,,,,,,,,,1,,,,6,,,,,2,1,2,12,,,2,1,,,,307,,,,,,,,,,,,,,,,,Y,N1,A2100015,31
2026-07-26 01:44:31,data_go_kr,경기도,A2100024,오산한국병원,15,20260726013854,031-378-5119,,,,,,,,,,,,,,,,,,,1,,2,2,,,,1,3,,,,,2,,,Y,,,,Y,,Y,Y,,,Y,Y,N1,51,Y,1,N1,Y,,5,N1,17,,1,2,2,,,,,,,,,,,32,1,3,,,5,,,2,,2,2,2,17,,,2,,1,,,259,,,,,,,,,,,,,,,,,Y,N1,A2100024,32
2026-07-26 01:44:31,data_go_kr,경기도,A2100020,연세대학교의과대학용인세브란스병원,10,20260726013642,031-5189-9001,Y,Y,,,,,,,,6,,,,,,,,6,1,6,2,,,,,1,,,,,,2,Y,,Y,,,,Y,,Y,Y,,,Y,Y,Y,187,Y,,Y,Y,0,15,N1,16,6,1,3,,19,16,12,,,,,,,,,2,,,,15,,,4,2,3,3,4,31,6,18,6,3,4,,,597,,,,,,,,,,,,,,,,,Y,Y,A2100020,33
2026-07-26 01:44:31,data_go_kr,경기도,A2100029,강남병원,15,20260726013907,031-300-0119,,,,,,,,,,,,,,,,,,,1,,2,2,,,,1,2,,,,,,,,Y,,,,,,Y,N1,,,Y,Y,N1,23,N1,14,N1,Y,,4,N1,17,,1,2,2,,,,,,,,,,,30,1,3,,,4,,,,,2,2,,7,,,2,,,,,264,,,,,,,,,,,,,,,,,Y,N1,A2100029,34
2026-07-26 01:44:31,data_go_kr,경기도,A2100019,(의)영문의료재단다보스병원,9,20260726013856,031-8021-2130,,,,,,,,,,,,,,,,,4,,1,,2,1,,,,1,1,,,,,,,,Y,,,,,,Y,N1,,,Y,Y,N1,46,N1,2,N1,Y,,6,N1,13,,1,2,2,,,,,,,,,,,23,1,3,,,6,,,,,1,1,,7,,,2,,,,,222,,,,,,,,,,,,,,4,,,Y,N1,A2100019,35
2026-07-26 01:44:31,data_go_kr,경기도,A2117994,학교법인을지학원의정부을지대학교병원,25,20260726013601,031-8074-0119,Y,Y,,,,,,,,4,,,,,,,7,6,1,3,2,,,,,2,,,,,4,2,Y,,Y,,0,0,Y,,Y,Y,,,Y,Y,Y,237,Y,,Y,Y,3,12,N1,30,6,1,2,,29,22,5,,,,,,,,,2,,,,14,,22,6,8,3,3,4,48,5,5,6,3,2,,,588,,,,,,,,,,,,,,8,0,0,Y,Y,A2117994,36
2026-07-26 01:44:31,data_go_kr,경기도,A2100193,경기도의료원이천병원,11,20260726014001,031-630-4333,,,,,,,,,,,,,,,,,,,1,,2,2,,,,2,0,,,,,6,,,Y,,,,,,Y,N1,,,N1,Y,N1,40,N1,2,N1,Y,,4,N1,17,,1,2,2,,,,,,,,,,,6,2,3,,,4,,,6,,1,1,,8,,,,,,,,187,,,,,,,,,,,,,,,,,Y,N1,A2100193,37
2026-07-26 01:44:31,data_go_kr,경기도,A2100035,경기도의료원파주병원,17,20260726013902,031-940-9119,,,,,,,,,,,,,,,,,,,1,,2,1,,,,,1,,,,,,Y,,Y,,,,,,Y,N1,,,N1,Y,N1,83,N1,5,N1,Y,,3,N1,17,,1,2,2,,,,,,,,,,,8,,3,,,3,,,,1,1,1,,9,,,,,,,,189,,,,,,,,,,,,,,,,,Y,N1,A2100035,38
2026-07-26 01:44:31,data_go_kr,경기도,A2100028,의료법인백송의료재단굿모닝병원,14,20260726014004,031-5182-7582,,,,,,,,,,,,,,,,,6,,2,,1,,,,,1,,,,,,,,,Y,,,,Y,,Y,Y,,,Y,Y,Y,98,N1,5,N1,Y,,7,Y,19,,2,1,,,,,,,,,,,,27,3,,,,7,,,,,5,3,3,23,,,5,3,,,1,392,,,,,,,,,,,,,,6,,,Y,N1,A2100028,39
2026-07-26 01:44:31,data_go_kr,경기도,A2113246,의료법인양진의료재단평택성모병원,14,20260726013910,070-5012-0119,,,,,,,,,,,,,,,,0,,,1,,2,2,,,,2,3,,,,,,,,Y,,,,Y,,Y,Y,,,Y,Y,N1,55,N1,14,N1,Y,,6,N1,17,,1,2,2,,,,,,,,,,,34,2,3,,,6,,,,,3,3,2,8,,,2,,,,,329,,,,,,,,,,,,,0,,,,Y,N1,A2113246,40
2026-07-26 01:44:31,data_go_kr,경기도,A2100031,경기도의료원포천병원,16,20260726014002,031-539-9119,,Y,,,,,,,,,,,,,,,,,1,,2,,,,,0,,,,,,1,Y,,Y,,,,,,Y,N1,,,N1,Y,N1,54,N1,2,Y,Y,,4,N1,17,,1,2,,,,,,,,,,,,10,0,,,,4,,,3,3,1,1,,7,,2,,,,,,137,,,,,,,,,,,,,,,,,Y,N1,A2100031,41
2026-07-26 01:44:31,data_go_kr,경기도,A2100046,한림대학교동탄성심병원,26,20260726013928,031-8086-2119,Y,Y,3,0,,,,,,11,,,,,,,,9,,3,,,,,2,7,,,,,,6,Y,Y,Y,,,,Y,,Y,Y,3,,Y,Y,Y,190,Y,,Y,Y,12,19,Y,32,9,,,,28,13,13,,,13,,,9,,,11,,,,20,,,11,1,6,3,6,51,8,16,17,5,5,1,1,515,3,0,,,,,,,,,,,,,,,Y,Y,A2100046,42
2026-07-26 01:44:31,data_go_kr,경기도,A2100290,의료법인자인의료재단(더자인병원),15,20260726014014,031-930-3119,,,,,,,,,,,,,,,,,,,2,,2,2,,,,1,1,,,,,,,,Y,,,,Y,,Y,Y,,,Y,Y,N1,85,N1,5,N1,N,,5,N1,16,,2,2,2,,,,,,,,,,,10,2,3,,,5,,,,,2,2,1,15,,,1,,,,,233,,,,,,,,,,,,,,,,,Y,N1,A2100290,43
2026-07-26 01:44:31,data_go_kr,경기도,A2100049,국립암센터,15,20260726014001,031-920-0119,,N,,,,,,,,,,,,,,,,,,,1,,,,,8,,,,,,,,,Y,,,,Y,,Y,Y,,,Y,Y,Y,146,Y,14,N,Y,,18,N1,24,,,1,,,,,,,,,,,,19,9,,,,18,,,,,7,5,3,29,,1,8,2,7,,,554,,,,,,,,,,,,,,,,,Y,N1,A2100049,44
2026-07-26 01:44:31,data_go_kr,경기도,A2116972,의료법인성광의료재단일산차병원,6,20260726013636,031-782-8587,Y,Y,,,,,,,,,,,,,,,,,,,4,,,,,1,,,,,,1,Y,,,,,,,,Y,N1,,,N1,N1,N1,70,N1,4,Y,N1,0,10,N1,6,,,4,,,,17,,,,,,,,4,1,,,,10,,,1,9,,,,4,11,19,,,,,,179,,,,,,,,,,,,,,,,,Y,Y,A2116972,45
2026-07-26 01:44:31,data_go_kr,경기도,A2118188,엘병원,7,20260726013925,031-527-6119,,,,,,,,,,,,,,,,,,,,,2,,,,,0,,,,,,0,,,Y,,,,,,Y,N1,,,N1,Y,N1,56,N1,6,N1,Y,,3,N1,8,,,2,,,,,,,,,,,,8,1,,,,3,,,1,,1,1,,2,,,,,,,,146,,,,,,,,,,,,,,,,,Y,N1,A2118188,46
2026-07-26 01:44:31,data_go_kr,경기도,A2100050,의료법인대인의료재단다니엘종합병원,5,20260726014003,032-670-0119,,,,,,,,,,,,,,,,,,,1,,3,,,,,1,,,,,,,,,Y,,,,,,Y,N1,,,N,Y,N1,36,N1,9,N1,Y,,3,N1,6,,1,3,,,,,,,,,,,,30,1,,,,3,,,,,1,1,,17,,,1,,,,,169,,,,,,,,,,,,,,,,,Y,N1,A2100050,47
2026-07-26 01:44:31,data_go_kr,경기도,A2100258,국군수도병원,15,20260726014013,031-725-6119,,,,,,,,,,,,,,2,6,,,,0,,,,,,,1,,,15,,2,,,,Y,,,,Y,15,Y,Y,,,Y,Y,Y,155,N1,10,N1,Y,,9,N1,16,,2,,,,,,,,,,20,,,12,1,,,40,9,,15,,,3,4,2,2,,,5,2,,,,530,,,,,,,,,,,2,6,,,,,Y,N1,A2100258,48
2026-07-26 01:44:31,data_go_kr,경기도,A2100016,순천의료재단성남정병원,9,20260726013829,031-750-6003,,,,,,,,,,,,0,,,27,,,,2,,,,,,,,,,,,,,,,Y,,,,,,Y,N1,,,N1,Y,N1,75,N1,,N1,Y,,4,N1,9,,2,,,,,,,,,,,,,,,,,,4,,,,,1,1,,1,,,,,,,,98,,,,,,,,,0,,,105,,,,,Y,N1,A2100016,49
2026-07-26 01:44:31,data_go_kr,경기도,A2121061,의료법인덕산의료재단수원덕산병원,23,20260726014003,031-686-2911,N,Y,,,,,,,,,,,,,,,,3,1,,2,2,,,,0,2,,,,,0,Y,,Y,,,,Y,,Y,Y,,,Y,Y,Y,102,N1,4,Y,Y,,9,N1,24,3,1,2,2,,,,,,,,,,,22,3,4,,,9,,,5,5,3,2,2,15,N,2,5,2,,,,403,,,,,,,,,,,,,,,,,Y,N,A2121061,50
2026-07-26 01:44:31,data_go_kr,경기도,A2100032,경기도의료원수원병원,6,20260726014002,031-888-0119,,,,,,,,,,,,,,,,,3,,,,2,,,,,,,,,,,2,,,Y,,,,,,Y,N1,,,N1,Y,N1,44,N1,7,N1,Y,,3,N1,8,,,2,,,,,,,,,,,,9,,,,,3,,,2,,1,1,,9,,,,,,,,156,,,,,,,,,,,,,,3,,,Y,N1,A2100032,51
2026-07-26 01:44:31,data_go_kr,경기도,A2100175,의료법인토마스의료재단윌스기념병원,14,20260726013957,031-240-6119,,,,,,,,,,,,,,,,,,,1,,2,2,,,,0,3,,,,,,Y,,Y,,,,Y,,Y,Y,,,Y,Y,N1,76,N1,10,N1,Y,,10,N1,18,,1,2,2,,,,,,,,,,,18,1,3,,,10,,,,1,1,4,1,1,,,1,,,,,282,,,,,,,,,,,,,,,,,Y,N1,A2100175,52
2026-07-26 01:44:31,data_go_kr,경기도,A2100027,의료법인석경의료재단센트럴병원,18,20260726013800,031-8041-3019,,,,,,,,,,,,,,,,,,,1,,2,,,,,,,,,,,,,,Y,,,,,,Y,N1,,,Y,Y,N1,101,N1,4,N1,Y,,3,N1,18,,1,2,,,,,,,,,,,,20,,,,,3,,,,,2,2,,7,,,2,,,,,255,,,,,,,,,,,,,,,,,Y,N1,A2100027,53
2026-07-26 01:44:31,data_go_kr,경기도,A2100013,의료법인 록향의료재단 신천연합병원,10,20260726014009,031-310-6661,,,,,,,,,,,,,,,,,,,,,1,,,,,0,,,,,,,,,Y,,,,,,Y,N1,,,Y,Y,N1,24,N1,0,N1,Y,,3,N1,10,,,1,,,,,,,,,,,,6,1,,,,3,,,,,1,1,,4,,,1,,,,,112,,,,,,,,,,,,,,,,,Y,N1,A2100013,54
2026-07-26 01:44:31,data_go_kr,경기도,A2100021,의료법인플러스의료재단단원병원,15,20260726013907,031-8040-5911,,,,,,,,,,,,,1,,,,,,1,,2,,,,,1,,,,,,,,,Y,,,,Y,,Y,Y,,,Y,Y,Y,82,N1,7,N1,Y,,5,N1,17,,1,2,,,,,,,,,,,,27,1,,,,5,,,,,1,1,2,8,,,2,1,,,,342,,,,,,,,,,1,,,,,,,Y,N1,A2100021,55
2026-07-26 01:44:31,data_go_kr,경기도,A2100014,근로복지공단안산병원,6,20260726013600,031-500-1119,,,,,,,,,,,,,,,,,,,,,1,,,,,1,,,,,,0,,,Y,,,,,,Y,N1,,,N1,Y,N1,89,N1,11,N1,Y,,3,N1,7,,,1,,,,,,,,,,,,18,1,,,,3,,,2,,1,1,,14,,,,,,,,359,,,,,,,,,,,,,,,,,Y,N1,A2100014,56
2026-07-26 01:44:31,data_go_kr,경기도,A2100124,의료법인칠석의료재단사랑의병원,10,20260726013610,031-502-0119,,,,,,,,,,,,,,,,,,,1,,,,,,,,,,,,,,,,Y,,,,,,Y,N1,,,Y,Y,N1,47,N1,6,N1,Y,,5,N1,13,,1,,,,,,,,,,,,,14,,,,,5,,,,,2,2,,8,,,1,,,,,206,,,,,,,,,,,,,,,,,Y,N1,A2100124,57
2026-07-26 01:44:31,data_go_kr,경기도,A2100045,경기도의료원안성병원,12,20260726014002,031-8046-5119,,,,,,,,,,,,,,,,,,,1,,,,,,,1,,,,,,8,,,Y,,,,,,Y,N1,,,N1,Y,N1,57,N1,4,N1,Y,,5,N1,14,,1,,,,,,,,,,,,,13,2,,,,5,,,8,,1,1,,8,,,,,,,,178,,,,,,,,,,,,,,,,,Y,N1,A2100045,58
2026-07-26 01:44:31,data_go_kr,경기도,A2100305,안성성모병원,7,20260726014014,031-675-8275,,,,,,,,,,,,,,,,,,,,,1,,,,,,,,,,,,,,Y,,,,,,Y,N1,,,N1,Y,N1,95,N1,3,N1,Y,,3,N1,9,,,1,,,,,,,,,,,,20,,,,,3,,,,,1,1,,7,,,,,,,,188,,,,,,,,,,,,,,,,,Y,N1,A2100305,59
2026-07-26 01:44:31,data_go_kr,경기도,A2100089,양평병원,6,20260726014002,031-770-5119,N,N,,,,,,,,,,,,,,,,,,,1,,,,,,,,,,,,N,N,Y,,,,N,,Y,N,,,N,Y,N,24,N,,N,Y,,3,N,9,,,1,,,,,,,,,,,,,,,,,3,,,,0,1,1,0,1,0,0,0,0,0,0,0,90,,,,,,,,,,,,,,,,,Y,N,A2100089,60
2026-07-26 01:44:31,data_go_kr,경기도,A2100194,세종여주병원,4,20260726013947,031-880-7754,,,,3,,,,,,,,,,,,,3,,,,4,,,,,,,,,,,,,,Y,,,,,,Y,N1,,,Y,Y,N1,127,N1,,N1,Y,,2,N1,6,,,4,,,,,,,,,,,,,,,,,2,,,,,1,1,,4,,,2,,,,,210,,3,,,,,,,,,,,,3,,,Y,N1,A2100194,61
2026-07-26 01:44:31,data_go_kr,경기도,E2100187,연천군보건의료원,9,20260726014004,031-839-4119,,,,,,,,,,,,,,,,,,,,,,,,,,,,,,,,,,,Y,,,,,,Y,N1,,,N1,Y,N1,51,N1,,N1,N1,,2,N1,10,,,,,,,,,,,,,,,,,,,,2,,,,,1,,,1,,,,,,,,52,,,,,,,,,,,,,,,,,Y,N1,E2100187,62
2026-07-26 01:44:31,data_go_kr,경기도,A2100122,(의)효심의료재단용인서울병원,9,20260726013924,031-336-0119,,,,,,,,,,,,,,,,,,,,,,,,,,,,,,,,,,,Y,,,,,,Y,N1,,,N1,Y,N1,150,N1,,N1,Y,,3,N1,10,,,,,,,,,,,,,,,,,,,,3,,,,,1,1,,1,,,,,,,,201,,,,,,,,,,,,,,,,,Y,N1,A2100122,63
2026-07-26 01:44:31,data_go_kr,경기도,A2121142,메디필드한강병원,15,20260726013946,031-332-1119,,,,,,,,,,,,,,,,,,,1,,2,,,,,1,,,,,,1,,,Y,,,,Y,,Y,Y,,,Y,Y,N1,161,N1,6,N1,Y,,6,N1,17,,1,2,,,,,,,,,,,,15,1,,,,6,,,1,,3,2,1,13,,,2,,,,,192,,,,,,,,,,,,,,,,,Y,N1,A2121142,64
2026-07-26 01:44:31,data_go_kr,경기도,A2100034,의료법인영동의료재단의정부백병원,9,20260726013904,031-842-1211,,,,,,,,,,,,,,,,,,,,,2,,,,,,,,,,,,,,Y,,,,,,Y,N1,,,N1,Y,N1,103,N1,0,N1,Y,,3,N1,10,,,2,,,,,,,,,,,,9,,,,,3,,,,,1,1,,1,,,,,,,,192,,,,,,,,,,,,,,,,,Y,N1,A2100034,65
2026-07-26 01:44:31,data_go_kr,경기도,A2100150,추병원,10,20260726013828,031-845-8313,,,,,,,,,,,,,,,,,,,1,,1,,,,,,,,,,,,,,Y,,,,Y,,Y,Y,,,N1,Y,N1,53,N1,3,N1,N,,3,N1,12,,1,1,,,,,,,,,,,,15,,,,,3,,,,,2,1,1,1,,,,,,,,210,,,,,,,,,,,,,,,,,Y,N1,A2100150,66
2026-07-26 01:44:31,data_go_kr,경기도,A2100043,경기도의료원의정부병원,10,20260726014001,031-828-5119,,,,,,,,,,,,,,,,0,,,1,,,,,,,,,,,,31,2,,,Y,,,,,,Y,N1,,,N1,Y,N1,34,N1,3,N1,Y,,3,N1,10,,1,,,,,,,,,,,,,6,,,,,3,,70,5,,1,1,,8,,,,,,,,86,,,,,,,,,,,,,0,,,,Y,N1,A2100043,67
2026-07-26 01:44:31,data_go_kr,경기도,A2100131,메디인병원,10,20260726014035,031-570-7912,,,,,,,,,,,,,,,,,,,,,2,,,,,,,,,,,,,,Y,,,,Y,,Y,Y,,,N1,Y,N1,70,N1,,N1,Y,,4,N1,12,,,2,,,,,,,,,,,,,,,,,4,,,,,1,1,1,2,,,,,,,,206,,,,,,,,,,,,,,,,,Y,N1,A2100131,68
2026-07-26 01:44:31,data_go_kr,경기도,A2100309,의료법인갈렌의료재단박병원,8,20260726014000,031-662-4119,,,,,,,,,,,,,,,,,,,,,1,,,,,,,,,,,,,,Y,,,,,,Y,N1,,,N1,Y,N1,34,N1,2,N1,Y,,2,N1,10,,,1,,,,,,,,,,,,10,,,,,2,,,,,1,2,,3,,,,,,,,143,,,,,,,,,,,,,,,,,Y,N1,A2100309,69
2026-07-26 01:44:31,data_go_kr,경기도,A2100022,의료법인박애의료재단박애병원,9,20260726013726,031-650-9219,,,,,,,,,,,,,,,,,,,,,1,,,,,,,,,,,,,,Y,,,,,,Y,N1,,,Y,Y,N1,110,N1,6,N1,Y,,5,N1,10,,,1,,,,,,,,,,,,10,,,,,5,,,,,2,1,,20,,,2,,,,,193,,,,,,,,,,,,,,,,,Y,N1,A2100022,70
2026-07-26 01:44:31,data_go_kr,경기도,A2100036,의료법인 일심의료재단 포천우리병원,17,20260726013935,031-541-8282,,,,,,,,,,,,,,,,,,,1,,3,,,,,2,,,,,,2,,,Y,,,,Y,,Y,Y,,,Y,Y,N1,71,N1,3,N1,Y,,5,N1,18,,1,3,,,,,,,,,,,,18,2,,,,5,,,2,,2,2,1,14,,,3,,,,,201,,,,,,,,,,,,,,,,,Y,N1,A2100036,71
2026-07-26 01:44:31,data_go_kr,경기도,A2100018,의료법인은혜와감사의료재단화성중앙종합병원,9,20260726013628,031-371-7998,,,,,,,,,,,,,,,,,,,,,1,,,,,,,,,,,,,,Y,,,,,,Y,N1,,,N1,Y,N1,81,N1,4,N1,Y,,3,N1,9,,,1,,,,,,,,,,,,8,,,,,3,,,,,1,1,,3,,,,,,,,131,,,,,,,,,,,,,,,,,Y,N1,A2100018,72
2026-07-26 01:44:31,data_go_kr,경기도,A2115699,의료법인원광의료재단원광종합병원,9,20260726013216,031-8077-7219,,,,,,,,,,,,,,,,,,,1,,,,,,,,,,,,,,,,Y,,,,,,Y,N1,,,N1,Y,N1,26,N1,-1,N1,Y,,4,N1,9,,1,,,,,,,,,,,,,9,,,,,4,,,,,1,2,,4,,,,,,,,135,,,,,,,,,,,,,,,,,Y,N1,A2115699,73
2026-07-26 01:44:31,data_go_kr,강원특별자치도,A2200008,강릉아산병원,16,20260726014015,033-610-3333,Y,Y,,,,,0,1,,0,,,,,,,,3,2,1,3,1,,,,,10,,,,,,Y,,Y,,,,Y,,Y,Y,,,Y,Y,Y,114,Y,,Y,Y,7,15,Y,23,3,2,3,18,14,16,13,,,,,,,,,,38,,,15,,,,2,4,3,4,33,8,12,8,5,1,,2,604,,,,,1,6,,,,,,,,,,,Y,Y,A2200008,1
2026-07-26 01:44:31,data_go_kr,강원특별자치도,A2200001,연세대학교원주세브란스기독병원,17,20260726013502,033-741-1641,Y,Y,3,20,,,0,,,1,,,,,,,,3,2,5,3,3,,,,,16,,9,2,5,,Y,,Y,3,2,6,Y,8,Y,Y,,,Y,Y,Y,204,Y,,Y,Y,7,15,Y,29,3,2,3,20,15,12,19,,,,15,20,,,,,30,,40,15,2,24,,2,5,4,7,100,12,25,16,7,13,,4,584,4,36,,,2,,,,,,,,,,2,6,Y,Y,A2200001,2
2026-07-26 01:44:31,data_go_kr,강원특별자치도,A2200013,한림대학교춘천성심병원,16,20260726013720,033-240-5219,Y,Y,2,3,,,,0,,,,,,,,,,1,,,,5,,,,0,29,,,,,1,Y,Y,Y,,,,Y,,Y,Y,2,,Y,Y,Y,97,Y,6,Y,Y,,9,Y,22,3,,,20,,,,,,8,,,,,20,2,45,,,9,,,2,1,2,2,3,33,1,4,6,2,1,1,1,252,2,3,,,,2,,,,,,,,,,,Y,Y,A2200013,3
2026-07-26 01:44:31,data_go_kr,강원특별자치도,A2200005,의료법인강릉동인병원,14,20260726014037,033-650-6105,,,,,,,,,,1,,,,,,,,,1,,2,,,,,2,,,,,9,,,,Y,,,,Y,,Y,Y,,,Y,Y,N1,71,N1,0,N1,Y,,5,N1,17,,1,2,,12,,,,,,,,,,12,2,,,,5,,101,,,2,1,1,14,,,1,,,,,248,,,,,,,,,,,,,,,,,Y,N1,A2200005,4
2026-07-26 01:44:31,data_go_kr,강원특별자치도,A2200007,강원특별자치도삼척의료원,15,20260726013502,033-571-0431,,Y,,,,,,,,,,,,,,,,1,2,,1,0,,,,0,3,,,,,6,Y,,Y,,,,,,Y,N1,,,Y,Y,N1,57,N1,0,Y,Y,,4,N1,16,1,2,1,2,,,,,,,,,,,6,2,3,,,4,,,10,1,1,1,,3,,3,1,,,,,189,,,,,,,,,,,,,,,,,Y,N1,A2200007,5
2026-07-26 01:44:31,data_go_kr,강원특별자치도,A2200012,강원특별자치도속초의료원,17,20260726014001,,Y,Y,,,,,,,,,,,,,,,,,2,,1,,,,,,,,,,,,Y,,Y,,,,,,Y,N1,,,N1,Y,N1,64,N1,0,Y,Y,,3,N1,17,,2,1,,,,,,,,,,,,8,,,,,3,,,,2,1,1,,7,1,1,,,,,,154,,,,,,,,,,,,,,,,,Y,Y,A2200012,6
2026-07-26 01:44:31,data_go_kr,강원특별자치도,A2200009,강원대학교병원,19,20260726014000,033-258-2293,Y,Y,,,,,0,,,3,,,,,,,,3,2,,3,1,4,,5,1,,,,,3,12,Y,,Y,1,,,Y,,Y,Y,,,Y,Y,Y,273,Y,,Y,Y,1,11,N1,21,3,2,3,5,10,,15,8,,,8,,8,,,2,,,,11,,16,14,3,4,2,4,43,13,24,12,3,10,,,508,,,,,0,,,,,,,,,,,,Y,Y,A2200009,7
2026-07-26 01:44:31,data_go_kr,강원특별자치도,A2200011,강원특별자치도강릉의료원,3,20260726014002,033-610-1234,,,,,,,,,,,,,,,,20,,,,,1,,,,,,,,,,,5,,,Y,,,,,,Y,N1,,,N1,Y,N1,18,N1,0,N1,Y,,2,N1,5,,,1,,,,,,,,,,,,8,,,,,2,,,5,,1,1,,4,,,,,,,,122,,,,,,,,,,,,,20,,,,Y,N1,A2200011,8
2026-07-26 01:44:31,data_go_kr,강원특별자치도,A2200003,의료법인동해동인병원,8,20260726013959,033-530-0129,,,,,,,,,,,,,,,,,,,,,1,,,,,1,,,,,57,,,,Y,,,,,,Y,N1,,,N1,Y,N1,33,N1,9,N1,Y,,2,N1,10,,,1,,,,,,,,,,,,19,1,,,,2,,110,,,1,1,,7,,,,,,,,178,,,,,,,,,,,,,,,,,Y,N1,A2200003,9
2026-07-26 01:44:31,data_go_kr,강원특별자치도,A2200046,의료법인온세움의료재단온재병원,5,20260726014014,033-639-8988,,,,,,,,,,,,,,,,,,,,,1,,,,,,,,,,29,,,,Y,,,,,,Y,N1,,,N1,Y,N1,26,N1,0,N1,Y,,4,N1,9,,,1,,,,,,,,,,,,15,,,,,4,,59,,,1,1,,5,,,,,,,,219,,,,,,,,,,,,,,,,,Y,N1,A2200046,10
2026-07-26 01:44:31,data_go_kr,강원특별자치도,A2200037,의료법인성심의료재단양구성심병원,5,20260726014016,033-480-8816,,Y,,,,,,,,,,,,,,,,,1,,,,,,,,,,,,,,Y,,Y,,,,,,Y,N1,,,N1,Y,N1,39,N1,,Y,N1,,,N1,5,,1,,,,,,,,,,,,,,,,,,,,,,1,1,,,1,,1,,,,,,52,,,,,,,,,,,,,,,,,Y,N1,A2200037,11
2026-07-26 01:44:31,data_go_kr,강원특별자치도,A2200002,강원특별자치도영월의료원,8,20260726014002,033-370-9129,,Y,,,,,,,,,,,,,,,1,,,,,,,,,0,,,,,,2,Y,,Y,,,,,,Y,N1,,,N1,Y,N1,44,N1,0,Y,Y,,2,N1,9,,,,,,,,,,,,,,,10,2,,,,2,,,2,1,1,1,,7,,3,,,,,,174,,,,,,,,,,,,,,1,,,Y,N1,A2200002,12
2026-07-26 01:44:31,data_go_kr,강원특별자치도,A2200015,강원특별자치도원주의료원,11,20260726014002,033-760-4701,,,,,,,,,,,,,,,,,,,1,,2,,,,,,,,,,,,,,Y,,,,,,Y,N1,,,N1,Y,N1,50,N1,0,N1,Y,,3,N1,17,,1,2,,,,,,,,,,,,20,,,,,3,,,,,1,1,,7,,,,,,,,259,,,,,,,,,,,,,,,,,Y,N1,A2200015,13
2026-07-26 01:44:31,data_go_kr,강원특별자치도,A2200024,의료법인성지의료재단성지병원,5,20260726013250,033-760-3119,,,,,,,,,,,,,,,,13,,,,,1,,,,,,,,,,,,,,Y,,,,,,Y,N1,,,N1,Y,N1,-63,N1,9,N1,Y,,4,N1,7,,,1,,,,,,,,,,,,9,,,,,4,,,,,1,2,,4,,,,,,,,135,,,,,,,,,,,,,13,,,,Y,N1,A2200024,14
2026-07-26 01:44:31,data_go_kr,강원특별자치도,A2200048,근로복지공단정선병원,4,20260726013600,033-560-7150,,,,,,,,,,,,,,,,,,,,,1,,,,,,,,,,,,,,Y,,,,,,Y,N1,,,N1,Y,N1,46,N1,,N1,N1,,,N1,5,,,1,,,,,,,,,,,,,,,,,,,,,,1,,,3,,,,,,,,149,,,,,,,,,,,,,,,,,Y,N1,A2200048,15
2026-07-26 01:44:31,data_go_kr,강원특별자치도,A2201730,철원병원,3,20260726014001,033-452-5012,N,Y,,,,,,,,,,,,,,,,,1,,,,,,,,,,,,,,Y,N,Y,,,,N,,Y,N,,,N,Y,N,36,N,,Y,Y,,2,N,5,,1,,,,,,,,,,,,,,,,,,2,,,,1,1,1,0,1,0,1,0,0,0,0,0,68,,,,,,,,,,,,,,,,,Y,N,A2201730,16
2026-07-26 01:44:31,data_go_kr,강원특별자치도,A2200004,근로복지공단태백병원,8,20260726013900,033-580-3119,,,,,,,,,,,,,,,,,,,1,,,,,,,1,,,,,,,Y,,Y,,,,,,Y,N1,,,N1,Y,N1,66,N1,4,N1,Y,,2,N1,9,,1,,,,,,,,,,,,,9,1,,,,2,,,,1,1,1,,8,,,,,,,,223,,,,,,,,,,,,,,,,,Y,N1,A2200004,17
2026-07-26 01:44:31,data_go_kr,강원특별자치도,E2200026,평창군보건의료원,6,20260726014001,033-330-4812,,,,,,,,,,,,,,,,,,,,,1,,,,,,,,,,,,,,Y,,,,,,Y,N1,,,N1,Y,N1,20,N1,,N1,N1,,,N1,6,,,1,,,,,,,,,,,,,,,,,,,,,,1,,,1,,,,,,,,20,,,,,,,,,,,,,,,,,Y,N1,E2200026,18
2026-07-26 01:44:31,data_go_kr,강원특별자치도,A2200014,홍천아산병원,7,20260726013501,033-430-5119,,,,,,,,,,,,,,,,,,,,,,,,,,,,,,,,,,,Y,,,,,,Y,N1,,,N1,Y,N1,9,N1,1,N1,Y,,2,N1,10,,,,,,,,,,,,,,,7,,,,,2,,,,,1,1,,4,,,,,,,,128,,,,,,,,,,,,,,,,,Y,N1,A2200014,19
2026-07-26 01:44:31,data_go_kr,강원특별자치도,E2200025,화천군보건의료원,7,20260726014001,033-440-2880,,,,,,,,,,,,,,,,,,,,,1,,,,,,,,,,,,,,,,,,,,Y,N1,,,N1,N1,N1,16,N1,,N1,N1,,,N1,7,,,1,,,,,,,,,,,,,,,,,,,,,,,,,1,,,,,,,,16,,,,,,,,,,,,,,,,,Y,N1,E2200025,20
2026-07-26 01:44:31,data_go_kr,강원특별자치도,A2200016,횡성대성병원,8,20260726014035,033-345-1191,,,,,,,,,,,,,,,,,,,,,1,,,,,,,,,,,,,,Y,,,,,,Y,N1,,,N1,Y,N1,29,N1,,N1,Y,,1,N1,9,,,1,,,,,,,,,,,,,,,,,1,,,,,1,1,,1,,,,,,,,114,,,,,,,,,,,,,,,,,Y,N1,A2200016,21
2026-07-26 01:44:31,data_go_kr,충청북도,A2300001,충북대학교병원,23,20260726014000,043-269-6114,Y,Y,2,3,,,,0,,2,,,,,,,,6,,,,2,,,,2,30,,12,2,5,12,Y,,Y,,2,6,Y,16,Y,Y,3,,Y,Y,Y,258,Y,8,Y,Y,14,16,N1,30,8,,,18,8,,25,,,4,,20,,,17,5,40,,40,16,2,21,13,2,4,4,6,98,13,31,18,10,17,,,547,2,3,,,,2,,,,,,,,,2,6,Y,Y,A2300001,1
2026-07-26 01:44:31,data_go_kr,충청북도,A2300009,의료법인명지의료재단명지병원,15,20260726013950,043-640-8117,,,,,,,,,,,,,,,,,,3,2,,4,2,,,,3,,,,,,,,,Y,,,,Y,,Y,Y,,,Y,Y,Y,82,N1,6,N1,Y,,3,N1,18,3,2,4,2,,,,,,,,,,,15,3,,,,3,,,,,2,1,1,10,,,2,1,,,,201,,,,,,,,,,,,,,,,,Y,N1,A2300009,2
2026-07-26 01:44:31,data_go_kr,충청북도,A2300005,의료법인자산의료재단제천서울병원,14,20260726013552,043-643-2327,,,,,,,,,,,,,,,,,,,1,,4,,,,,,2,,,,,,,,Y,,,,,,Y,N1,,,Y,Y,N1,33,N1,0,N1,Y,,3,Y,15,,1,4,,,,,,,,,,,,11,,5,,,3,,,,,1,1,,10,,,1,,,,1,202,,,,,,,,,,,,,,,,,Y,N1,A2300005,3
2026-07-26 01:44:31,data_go_kr,충청북도,A2300013,의료법인 건명의료재단 중앙제일병원,16,20260726013548,043-537-9119,,,,,,,,,,,,,,,,,,,3,,,,,,,4,,,,,,31,,,Y,,,,,,Y,N1,,,Y,Y,N1,63,N1,4,N1,Y,,5,N1,17,,3,,,,,,,,,,,,,12,6,,,,5,,,31,,2,2,,6,,,1,,,,,192,,,,,,,,,,,,,,,,,Y,N1,A2300013,4
2026-07-26 01:44:31,data_go_kr,충청북도,A2300007,의료법인인화재단한국병원,13,20260726013703,043-222-6177,,Y,,,,,,,,,,,,,,,3,,1,,2,,,,,1,,,,,,1,Y,,Y,,,,Y,,Y,Y,,,Y,Y,N1,71,N1,0,Y,Y,,8,N1,14,,1,2,,,,,,,,,,,,24,1,,,,8,,,1,1,3,3,2,18,,1,3,,,,,403,,,,,,,,,,,,,,3,,,Y,N1,A2300007,5
2026-07-26 01:44:31,data_go_kr,충청북도,A2300003,의료법인정산의료재단효성병원,17,20260726013509,043-221-2192,,N,,,,,,,,,,,,,,,,,1,,4,0,,,,0,2,,,,,,Y,,Y,,,,Y,,Y,Y,,,Y,Y,N1,68,N1,2,N,Y,,4,Y,18,,1,4,2,,,,,,,,,,,27,2,3,,,4,,,,1,3,4,2,19,,1,2,,,,1,363,,,,,,,,,,,,,,,,,Y,N1,A2300003,6
2026-07-26 01:44:31,data_go_kr,충청북도,A2300008,청주성모병원,4,20260726014010,043-219-8119,,Y,,,,,,,,3,,,,,,,,,2,5,4,2,,,,1,4,,,,,8,Y,,Y,,,,Y,,Y,Y,,,Y,Y,N1,116,N1,,Y,Y,,8,N1,15,,2,5,2,13,12,,,,,,,,,,1,4,,,8,,,30,1,3,2,2,19,,2,2,,,,,358,,,,,,,,,,,,,,,,,Y,N1,A2300008,7
2026-07-26 01:44:31,data_go_kr,충청북도,A2300002,의료법인한마음의료재단하나병원,5,20260726013643,043-230-6594,,,,,,,,,,,,,,,,,9,,1,,2,,,,,1,,,,,,,,,Y,,,,Y,,Y,Y,,,Y,Y,N1,143,N1,2,N1,Y,,7,Y,11,,1,2,,,,,,,,,,,,24,2,,,,7,,,,,3,3,2,20,,,4,,,,1,463,,,,,,,,,,,,,,9,,,Y,N1,A2300002,8
2026-07-26 01:44:31,data_go_kr,충청북도,A2300010,건국대학교충주병원,16,20260726014001,043-840-8330,Y,Y,,,,,,,,,,,,,,,,,1,,2,,,,,,,,,,,0,Y,,Y,,,,Y,,Y,Y,,,Y,Y,Y,86,N1,8,Y,Y,,5,N1,20,,1,2,,,,,,,,,,,,18,,,,,5,,,1,1,2,1,2,11,1,4,3,1,,,,194,,,,,,,,,,,,,,,,,Y,Y,A2300010,9
2026-07-26 01:44:31,data_go_kr,충청북도,A2300034,의료법인대광의료재단괴산성모병원,8,20260726014016,043-830-5419,,,,,,,,,,,,,,,,,,,,,0,,,,,,,,,,,,,,Y,,,,,,Y,N1,,,N1,Y,N1,5,N1,,N1,Y,,1,N1,9,,,1,,,,,,,,,,,,,,,,,1,,,,,1,1,,3,,,,,,,,153,,,,,,,,,,,,,,,,,Y,N1,A2300034,10
2026-07-26 01:44:31,data_go_kr,충청북도,E2300011,단양군보건의료원,6,20260726014001,043-420-0139,,,,,,,,,,,,,,,,,,,1,,,,,,,,,,,,,2,,,Y,,,,,,Y,N1,,,N1,Y,N1,14,N1,,N1,N1,,,N1,6,,1,,,,,,,,,,,,,,,,,,,,,2,,1,,,1,,,,,,,,14,,,,,,,,,,,,,,,,,Y,N1,E2300011,11
2026-07-26 01:44:31,data_go_kr,충청북도,A2300030,의료법인조윤의료재단영동병원,9,20260726013507,043-740-9333,,Y,,,,,,,,,,,,,,,,,,,,,,,,,,,,,,,Y,,Y,,,,,,Y,N1,,,N1,Y,N1,32,N1,,Y,Y,,2,N1,10,,,,,,,,,,,,,,,,,,,,2,,,,1,1,1,,3,,1,,,,,,161,,,,,,,,,,,,,,,,,Y,N1,A2300030,12
2026-07-26 01:44:31,data_go_kr,충청북도,A2300011,의료법인힐링의료재단옥천성모병원,6,20260726013930,043-730-7119,,,,,,,,,,,,,,,,,,,2,,1,,,,,,,,,,,,,,Y,,,,,,Y,N1,,,N1,Y,N1,22,N1,0,N1,Y,,2,N1,7,,2,1,,,,,,,,,,,,7,,,,,2,,,,,1,1,,4,,,,,,,,157,,,,,,,,,,,,,,,,,Y,N1,A2300011,13
2026-07-26 01:44:31,data_go_kr,충청북도,A2300006,충청북도청주의료원,12,20260726014001,043-279-0119,,Y,,,,,,,,,,,,,,,3,,1,,,,,,,2,,,,,90,6,Y,,Y,,,,Y,,Y,Y,,,Y,Y,N1,152,N1,18,Y,Y,,5,N1,12,,1,,,,,,,,,,,,,21,3,,,,5,,90,6,1,1,2,1,11,,1,1,,,,,359,,,,,,,,,,,,,,3,,,Y,N1,A2300006,14
2026-07-26 01:44:31,data_go_kr,충청북도,A2300004,충청북도충주의료원,17,20260726014002,043-871-0119,,,,,,,,,,,,,,,,,,,1,,2,,,,,,,,,,,,,,Y,,,,Y,,Y,Y,,,Y,Y,N1,129,N1,4,N1,Y,,4,N1,18,,1,2,,,,,,,,,,,,12,,,,,4,,,,,1,1,1,8,,,1,,,,,282,,,,,,,,,,,,,,,,,Y,N1,A2300004,15
2026-07-26 01:44:31,data_go_kr,충청남도,A2400002,단국대학교의과대학부속병원,16,20260726014000,041-550-6840,Y,Y,2,2,,,,0,,,,,,3,,,,3,,0,1,0,,,,0,20,,5,2,11,1,Y,,Y,2,2,6,Y,2,Y,Y,,,Y,Y,Y,231,Y,,Y,Y,-3,13,Y,25,4,,1,18,,13,25,,,,13,20,,,,1,30,,40,13,2,20,8,3,4,3,6,6,14,29,15,7,17,,1,640,2,2,,,,2,,,,,7,,,,2,6,Y,Y,A2400002,1
2026-07-26 01:44:31,data_go_kr,충청남도,A2400001,학교법인동은학원순천향대학교부속천안병원,7,20260726013624,041-590-7019,Y,Y,,,1,3,1,,,12,,,,,,,,14,4,9,2,7,,2,,4,10,4,,,,3,Y,Y,Y,,,,Y,,Y,Y,,,Y,Y,Y,212,Y,,Y,Y,4,19,Y,22,14,4,3,17,18,15,38,,2,,,,,,,6,30,6,,19,,,14,11,6,4,6,60,16,37,6,6,10,1,1,713,,,1,3,1,,,,,,,,,,,,Y,Y,A2400001,2
2026-07-26 01:44:31,data_go_kr,충청남도,A2400009,의료법인백제병원,18,20260726013809,041-730-8882,,,,,,,,,,,,,,,,,,,1,,2,,,,,,,,,,19,,,,Y,,,,Y,,Y,Y,,,Y,Y,N1,13,N1,0,N1,Y,,4,N1,20,,1,2,,,,,,,,,,,,26,,,,,4,,49,,,2,2,1,11,,,3,,,,,398,,,,,,,,,,,,,,,,,Y,N1,A2400009,3
2026-07-26 01:44:31,data_go_kr,충청남도,A2400008,당진종합병원,13,20260726014033,041-358-3624,,,,,,,,,,,,,,,,,,,1,,2,,,,,,,,,,,,,,Y,,,,Y,,Y,Y,,,Y,Y,N1,96,N1,1,N1,Y,,4,N1,17,,1,2,,,,,,,,,,,,13,,,,,4,,,,,2,2,1,5,,,1,,,,,246,,,,,,,,,,,,,,,,,Y,N1,A2400008,4
2026-07-26 01:44:31,data_go_kr,충청남도,A2400011,재단법인아산사회복지재단보령아산병원,15,20260726013501,041-930-5333,,,,,,,,,,,,,,,,,,,1,,2,,,,,,,,,,,,,,Y,,,,,,Y,N1,,,N1,Y,N1,77,N1,3,N1,Y,,2,N1,17,,1,2,,,,,,,,,,,,8,,,,,2,,,,,1,1,,4,,,,,,,,221,,,,,,,,,,,,,,,,,Y,N1,A2400011,5
2026-07-26 01:44:31,data_go_kr,충청남도,A2400003,서산중앙병원,12,20260726013504,041-661-1195,,,,,,,,,,,,,,,,,,,1,,2,,,,,,,,,,,,,,Y,,,,,,Y,N1,,,Y,Y,N1,44,N1,7,N1,Y,,4,N1,17,,1,2,,,,,,,,,,,,17,,,,,4,,,,,1,1,,7,,,1,,,,,288,,,,,,,,,,,,,,,,,Y,N1,A2400003,6
2026-07-26 01:44:31,data_go_kr,충청남도,A2400006,충청남도서산의료원,15,20260726013601,041-689-7119,,,,,,,,,,,,,,,,,,,1,,2,0,,,,,2,,,,,5,,,Y,,,,,,Y,N1,,,N1,Y,N1,23,N1,0,N1,Y,,3,N1,17,,1,2,2,,,,,,,,,,,8,,4,,,3,,,5,,2,1,,10,,,,,,,,259,,,,,,,,,,,,,,,,,Y,N1,A2400006,7
2026-07-26 01:44:31,data_go_kr,충청남도,A2402257,아산충무병원,8,20260726013853,041-536-6519,,,1,7,,,,,,,,,,5,,,,,,,,,,,,1,,,,,,,Y,,Y,,,,Y,,Y,Y,,,Y,Y,Y,171,Y,10,N1,Y,,4,N1,13,,,,,,,,,,,,,,,22,2,,,,4,,,,1,2,2,3,27,,,4,2,1,,,456,1,7,,,,,,,,,5,,,,,,Y,N1,A2402257,8
2026-07-26 01:44:31,data_go_kr,충청남도,A2400012,의료법인영서의료재단천안충무병원,9,20260726013954,041-570-7519,,,,,,,,,,,,,,,,,,,1,,4,,,,,0,,,,,,,,,Y,0,,,Y,,Y,Y,,,Y,Y,Y,60,N1,0,N1,Y,,5,N1,16,,1,4,,,,,,,,7,,,,19,3,,,,5,,,,,2,2,3,26,,,3,3,,,,333,,,,,,,,,,,,,,,,,Y,N1,A2400012,9
2026-07-26 01:44:31,data_go_kr,충청남도,A2400007,충청남도홍성의료원,13,20260726013902,041-630-6119,,,,,,,,,,,,,,,,,,1,1,,2,2,,,,1,3,,,,3,1,Y,,Y,,,,N,,Y,N,,,Y,Y,N1,86,N1,5,N1,Y,,4,N,18,1,1,2,2,,,,,,,,,,,22,1,3,,,4,,49,1,1,2,2,1,10,,,1,,,,2,260,,,,,,,,,,,,,,,,,Y,N1,A2400007,10
2026-07-26 01:44:31,data_go_kr,충청남도,A2400010,충청남도공주의료원,15,20260726013602,041-962-1365,,,,,,,,,,,,,,,,,,,,,1,,,,,,,,,,,5,,,Y,,,,,,Y,N1,,,Y,Y,N1,58,N1,3,N1,Y,,6,N1,15,,,1,,,,,,,,,,,,16,,,,,6,,,6,,1,1,,9,,,2,,,,,273,,,,,,,,,,,,,,,,,Y,N1,A2400010,11
2026-07-26 01:44:31,data_go_kr,충청남도,A2400038,학교법인건양교육재단건양대학교부여병원,9,20260726013810,041-837-1201,,,,,,,,,,,,,,,,,,,,,1,,,,,,,,,,,,,,Y,,,,,,Y,N1,,,N1,Y,N1,22,N1,,N1,N1,,1,N1,9,,,1,,,,,,,,,,,,,,,,,1,,,,,1,,,1,,,,,,,,55,,,,,,,,,,,,,,,,,Y,N1,A2400038,12
2026-07-26 01:44:31,data_go_kr,충청남도,A2400044,의료법인 서해병원,5,20260726014019,041-950-0219,,,,,,,,,,,,,,,,,,,,,2,,,,,,,,,,,,,,Y,,,,,,Y,N1,,,N1,Y,N1,20,N1,,N1,N1,,,N1,5,,,2,,,,,,,,,,,,,,,,,,,,,,1,,,1,,,,,,,,79,,,,,,,,,,,,,,,,,Y,N1,A2400044,13
2026-07-26 01:44:31,data_go_kr,충청남도,A2400039,현대병원,5,20260726014001,041-546-7744,N,N,,,,,,,,,,,,,,,,,,,1,,,,,,,,,,,,N,N,Y,0,,,N,,Y,N,,,N,Y,N,8,N,2,N,Y,,3,N,10,,,1,,,,,,,,0,,,,7,,,,,3,,,,0,1,1,0,3,0,0,0,0,0,0,0,84,,,,,,,,,,,,,,,,,Y,N,A2400039,14
2026-07-26 01:44:31,data_go_kr,충청남도,A2400004,의료법인 예당의료재단 예산종합병원,6,20260726014019,041-330-4119,,,,,,,,,,,,,,,,,,,,,1,,,,,,,,,,,,,,Y,,,,,,Y,N1,,,N1,Y,N1,2,N1,4,N1,Y,,0,N1,6,,,1,,,,,,,,,,,,9,,,,,0,,,,,0,0,,0,,,,,,,,88,,,,,,,,,,,,,,,,,Y,N1,A2400004,15
2026-07-26 01:44:31,data_go_kr,충청남도,A2400005,충청남도천안의료원,12,20260726014001,041-570-7119,,,,,,,,,,,,,,,,6,,,,,1,,,,,,,,,,,,,,Y,,,,,,Y,N1,,,N1,Y,N1,63,N1,6,N1,Y,,4,N1,12,,,1,,,,,,,,,,,,15,,,,,4,,,,,1,1,,10,,,,,,,,241,,,,,,,,,,,,,6,,,,Y,N1,A2400005,16
2026-07-26 01:44:31,data_go_kr,충청남도,E2400032,청양군보건의료원,6,20260726014001,041-940-4951,,,,,,,,,,,,,,,,,,,,,1,,,,,,,,,,,,,,Y,,,,,,Y,N1,,,N1,Y,N1,12,N1,,N1,N1,,1,N1,6,,,1,,,,,,,,,,,,,,,,,1,,,,,1,,,1,,,,,,,,12,,,,,,,,,,,,,,,,,Y,N1,E2400032,17
2026-07-26 01:44:31,data_go_kr,충청남도,E2400033,태안군보건의료원,10,20260726014001,041-671-5319,,,,,,,,,,,,,,,,,,,,,1,,,,,,,,,,,,,,Y,,,,,,Y,N1,,,N1,Y,N1,22,N1,,N1,N1,,,N1,10,,,1,,,,,,,,,,,,,,,,,,,,,,1,,,1,,,,,,,,34,,,,,,,,,,,,,,,,,Y,N1,E2400033,18
2026-07-26 01:44:31,data_go_kr,전북특별자치도,A2500001,원광대학교병원,11,20260726014017,063-859-1165,Y,Y,2,3,,,,2,,1,,,,,,,,3,,5,,8,,,5,1,16,,16,2,4,1,Y,,Y,,2,6,Y,7,Y,Y,,,Y,Y,Y,181,Y,4,Y,Y,2,14,Y,26,3,,,18,8,15,15,,,,,20,8,,15,7,31,,40,15,2,30,2,1,5,4,5,11,12,20,8,4,1,,2,543,2,3,,,,2,,,,,,,,,2,6,Y,Y,A2500001,1
2026-07-26 01:44:31,data_go_kr,전북특별자치도,A2500002,전북대학교병원,25,20260726013748,063-250-1131,Y,Y,2,5,,,2,1,,1,,,,,,,,4,,3,,4,5,,6,1,9,,,,3,15,Y,,Y,5,,,Y,,Y,Y,,,Y,Y,Y,334,Y,,Y,Y,23,21,N1,36,5,,,17,10,8,25,10,,,18,,11,,,2,30,,,21,,23,15,3,1,2,5,11,15,22,4,2,1,,,834,2,5,,,2,1,,,,,,,,,,,Y,Y,A2500002,2
2026-07-26 01:44:31,data_go_kr,전북특별자치도,A2500007,전북특별자치도군산의료원,8,20260726013701,063-472-5130,,Y,,,,,,,,,,,,,,,,,1,,2,1,,,,2,3,,,,,,Y,,Y,,,,,,Y,N1,,,N1,Y,N1,94,N1,9,Y,Y,,6,N1,17,,1,2,2,,,,,,,,,,,18,2,3,,,6,,,,1,1,1,,18,,2,,,,,,289,,,,,,,,,,,,,,,,,Y,N1,A2500007,3
2026-07-26 01:44:31,data_go_kr,전북특별자치도,A2500012,의료법인오성의료재단동군산병원,13,20260726014006,063-440-0516,,,,,,,,,,,,,,,,0,,,1,,5,0,,,,,1,,,,,,,,Y,,,,Y,,Y,Y,,,Y,Y,N1,27,N1,8,N1,Y,,6,N1,17,,1,5,2,,,,,,,,,,,24,,3,,,6,,,,,2,2,2,13,,,2,,,,,262,,,,,,,,,,,,,0,,,,Y,N1,A2500012,4
2026-07-26 01:44:31,data_go_kr,전북특별자치도,A2500004,전북특별자치도남원의료원,13,20260726014002,063-620-1119,,Y,,,,,,,,,,,,,,,,,1,,2,,,,,1,,,,,,,Y,,Y,,,,,,Y,N1,,,N1,Y,N1,38,N1,4,Y,Y,,3,N1,17,,1,2,,,,,,,,,,,,9,1,,,,3,,,,3,2,1,,10,,1,,,,,,190,,,,,,,,,,,,,,,,,Y,N1,A2500004,5
2026-07-26 01:44:31,data_go_kr,전북특별자치도,A2500011,의료법인대산의료재단익산병원,11,20260726014002,063-840-9112,,,,,,,,,,,,,,,,,,,1,,2,,,,,0,,,,,,,,,Y,,,,Y,,Y,Y,,,N1,Y,N1,61,N1,8,N1,Y,,5,N1,17,,1,2,,,,,,,,,,,,17,1,,,,5,,,,,2,2,1,7,,,,,,,,333,,,,,,,,,,,,,,,,,Y,N1,A2500011,6
2026-07-26 01:44:31,data_go_kr,전북특별자치도,A2500056,대자인병원,19,20260726013907,063-250-8701,,,,,,,,,,,,,,,,,,,1,8,2,,,,,0,,,,,,,,Y,Y,,,,Y,,Y,Y,,,Y,Y,Y,25,N1,0,N1,Y,,15,Y,33,,1,2,,,36,,,,,,,,,15,4,,,,15,,,,,4,3,2,12,,,4,2,,1,1,45,,,,,,,,,,,,,,,,,Y,N1,A2500056,7
2026-07-26 01:44:31,data_go_kr,전북특별자치도,A2500006,재단법인예수병원유지재단예수병원,21,20260726013756,063-230-8280,Y,Y,,,1,1,,,,,,,,,,,,4,1,,2,,,2,,4,,5,,,,1,Y,,Y,1,,,Y,,Y,Y,,,Y,Y,Y,170,N1,8,Y,Y,3,14,Y,38,10,1,2,,,,12,,2,,14,,,,23,4,,6,,14,,,5,4,4,3,4,40,6,11,7,2,,,2,685,,,1,1,,,,,,,,,,,,,Y,Y,A2500006,8
2026-07-26 01:44:31,data_go_kr,전북특별자치도,A2500005,의료법인영경의료재단전주병원,12,20260726013558,063-226-6119,,,,,,,,,,,,,,,,,,,1,,2,,,,,,,,,,,,,,Y,,,,,,Y,N1,,,Y,Y,N1,47,N1,3,N1,Y,,5,N1,17,,1,2,,,,,,,,,,,,9,,,,,5,,,,,1,2,,6,,,1,,,,,275,,,,,,,,,,,,,,,,,Y,N1,A2500005,9
2026-07-26 01:44:31,data_go_kr,전북특별자치도,A2500008,재단법인 아산사회복지재단 정읍아산병원,16,20260726013500,063-530-6129,,,,,,,,,,,,,,,,,,,1,,2,,,,,,,,,,,,,,Y,,,,,,Y,N1,,,N1,Y,N1,77,N1,1,N1,Y,,3,N1,17,,1,2,,,,,,,,,,,,11,,,,,3,,,,,1,1,,5,,,,,,,,276,,,,,,,,,,,,,,,,,Y,N1,A2500008,10
2026-07-26 01:44:31,data_go_kr,전북특별자치도,A2500009,의료법인석천재단고창병원,9,20260726013733,063-560-5558,,,,,,,,,,,,,,,,,,,,,1,,,,,,,,,,,,,,Y,,,,,,Y,N1,,,N1,Y,N1,0,N1,,N1,Y,,2,N1,10,,,1,,,,,,,,,,,,,,,,,2,,,,,1,1,,4,,,,,,,,258,,,,,,,,,,,,,,,,,Y,N1,A2500009,11
2026-07-26 01:44:31,data_go_kr,전북특별자치도,A2500038,김제우석병원,10,20260726013545,063-540-5119,,,,,,,,,,,,,,,,,,,,,1,,,,,,,,,,,,,,Y,,,,,,Y,N1,,,N1,Y,N1,73,N1,,N1,Y,,2,N1,10,,,1,,,,,,,,,,,,,,,,,2,,,,,1,1,,1,,,,,,,,200,,,,,,,,,,,,,,,,,Y,N1,A2500038,12
2026-07-26 01:44:31,data_go_kr,전북특별자치도,E2500019,무주군보건의료원,4,20260726014001,063-320-8315,,,,,,,,,,,,,,,,,,,,,1,,,,,,,,,,,,,,Y,,,,,,Y,N1,,,N1,Y,N1,24,N1,,N1,N1,,,N1,4,,,1,,,,,,,,,,,,,,,,,,,,,,1,,,1,,,,,,,,24,,,,,,,,,,,,,,,,,Y,N1,E2500019,13
2026-07-26 01:44:31,data_go_kr,전북특별자치도,A2500010,부안성모병원,10,20260726013209,063-580-8119,,,,,,,,,,,,,,,,,,,,,2,,,,,,,,,,,,,,Y,,,,,,Y,N1,,,N1,Y,N1,14,N1,9,N1,Y,,3,N1,10,,,2,,,,,,,,,,,,9,,,,,3,,,,,1,1,,2,,,,,,,,240,,,,,,,,,,,,,,,,,Y,N1,A2500010,14
2026-07-26 01:44:31,data_go_kr,전북특별자치도,E2500021,순창군보건의료원,9,20260726014001,063-650-5352,,,,,,,,,,,,,,,,,,,,,1,,,,,,,,,,,,,,Y,,,,,,Y,N1,,,N1,Y,N1,30,N1,,N1,N1,,,N1,9,,,1,,,,,,,,,,,,,,,,,,,,,,1,,,1,,,,,,,,30,,,,,,,,,,,,,,,,,Y,N1,E2500021,15
2026-07-26 01:44:31,data_go_kr,전북특별자치도,E2500022,임실군보건의료원,4,20260726014001,063-640-3119,,,,,,,,,,,,,,,,,,,,,1,,,,,,,,,,,,,,Y,,,,,,Y,N1,,,N1,Y,N1,,N1,,N1,N1,,,N1,4,,,1,,,,,,,,,,,,,,,,,,,,,,1,,,1,,,,,,,,,,,,,,,,,,,,,,,,,Y,N1,E2500022,16
2026-07-26 01:44:31,data_go_kr,전북특별자치도,E2500020,장수군보건의료원,5,20260726014001,063-350-2119,,,,,,,,,,,,,,,,,,,,,1,,,,,,,,,,,,,,,,,,,,Y,N1,,,N1,N1,N1,20,N1,,N1,N1,,,N1,5,,,1,,,,,,,,,,,,,,,,,,,,,,,,,1,,,,,,,,22,,,,,,,,,,,,,,,,,Y,N1,E2500020,17
2026-07-26 01:44:31,data_go_kr,전북특별자치도,A2501890,의료법인영경의료재단호성전주병원,2,20260726013852,063-240-8862,,,,,,,,,,,,,,,,,,,,,1,,,,,,,,,,,,,,Y,,,,,,Y,N1,,,N1,Y,N1,5,N1,,N1,Y,,2,N1,9,,,1,,,,,,,,,,,,,,,,,2,,,,,1,1,,1,,,,,,,,122,,,,,,,,,,,,,,,,,Y,N1,A2501890,18
2026-07-26 01:44:31,data_go_kr,전북특별자치도,A2502742,새강병원,12,20260726013933,063-289-9119,,,0,0,,0,0,,,0,,,,,,,,3,1,0,2,0,,,,3,,0,,0,,0,,,Y,,,,,,Y,N1,,,N1,Y,N1,87,N1,16,N1,Y,,5,N1,14,3,1,2,0,0,0,,,,,,,,,16,3,,0,,5,0,,0,,1,1,,1,,,,,,,,201,0,0,,0,0,,,,,,,,,,,,Y,N1,A2502742,19
2026-07-26 01:44:31,data_go_kr,전북특별자치도,A2502031,진안군의료원,6,20260726014002,063-430-7119,,,,,,,,,,,,,,,,,,,,,2,,,,,,,,,,,,,,Y,,,,,,Y,N1,,,N1,Y,N1,32,N1,,N1,Y,,2,N1,6,,,2,,,,,,,,,,,,,,,,,2,,,,,1,1,,3,,,,,,,,74,,,,,,,,,,,,,,,,,Y,N1,A2502031,20
2026-07-26 01:44:31,data_go_kr,경상북도,A2700007,차의과학대학교부속구미차병원,12,20260726014005,054-450-9998,Y,Y,,,,,0,,,,,,,,,,,4,3,,3,0,,,,,8,,,,,,Y,Y,Y,,,,Y,,Y,Y,,,Y,Y,Y,73,Y,0,Y,Y,0,8,N1,20,5,3,3,25,,,8,,,,,,,,18,,30,,,8,,,,3,3,2,2,21,3,13,2,1,2,1,,301,,,,,3,,,,,,,,,,,,Y,Y,A2700007,1
2026-07-26 01:44:31,data_go_kr,경상북도,A2700014,의료법인안동병원,10,20260726014000,054-840-0119,Y,Y,2,3,,,1,,,3,,,,,,,,2,,,,3,,,,0,10,,5,2,0,4,Y,Y,Y,,1,5,Y,0,Y,Y,,,Y,Y,Y,139,Y,1,Y,Y,10,11,Y,15,3,,,19,20,,10,,,,,20,,,13,3,30,,40,11,2,34,6,3,6,3,5,67,3,12,14,4,13,1,1,775,2,3,,,1,,,,,,,,,,2,6,Y,Y,A2700014,2
2026-07-26 01:44:31,data_go_kr,경상북도,A2700016,포항성모병원,7,20260726013833,054-260-8600,Y,Y,2,3,,,,4,6,,,,,,,,,11,,,,5,,,,1,2,,,,,1,Y,Y,Y,,,,Y,,Y,Y,,,Y,Y,Y,83,Y,7,Y,Y,,9,Y,20,11,,,15,,,,,,,,,,,16,1,17,,,9,,,1,1,3,2,2,25,1,6,4,1,2,1,3,468,2,3,,,,5,13,,,,,,,,,,Y,Y,A2700016,3
2026-07-26 01:44:31,data_go_kr,경상북도,A2700003,동국대학교의과대학경주병원,12,20260726014015,054-770-8306,Y,Y,,,,,,,,1,,,,,,,,2,2,3,5,,,,,3,,,,,11,1,Y,,Y,,,,Y,,Y,Y,,,Y,Y,N1,94,N1,0,Y,Y,,6,N1,16,3,2,5,,11,17,,,,,,,,,7,4,,,,7,,20,3,1,2,2,2,26,2,6,3,,,,,279,,,,,,,,,,,,,,,,,Y,Y,A2700003,4
2026-07-26 01:44:31,data_go_kr,경상북도,A2700013,순천향대학교부속구미병원,8,20260726013621,054-468-9119,,Y,,,,,,,,,,,,,,,,1,1,,2,0,,,,2,0,,,,,1,Y,,Y,,,,Y,,Y,Y,,,Y,Y,N1,53,N1,3,Y,Y,,6,N1,13,4,1,2,2,,,,,,,,,,,31,2,3,,,6,,,1,1,2,2,2,20,,1,2,,,,,263,,,,,,,,,,,,,,,,,Y,N1,A2700013,5
2026-07-26 01:44:31,data_go_kr,경상북도,A2700012,의료법인덕산의료재단김천제일병원,12,20260726013959,054-420-9500,,,,,,,,,,,,,,,,,,,1,,3,0,,,,,3,,,,,,Y,,Y,,,,Y,,Y,Y,,,Y,Y,N1,79,N1,7,N1,Y,,4,Y,16,,1,3,2,,,,,,,,,,,16,,3,,,4,,,,3,1,1,1,10,,,1,,,,1,276,,,,,,,,,,,,,,,,,Y,N1,A2700012,6
2026-07-26 01:44:31,data_go_kr,경상북도,A2700006,의료법인동춘의료재단문경제일병원,17,20260726013500,054-550-7777,,,,,,,,,,,,,,,,,,,1,,1,2,,,,1,3,,,,60,3,,,Y,,,,,,Y,N1,,,N1,Y,N1,59,N1,12,N1,Y,,3,N1,17,,1,2,2,,,,,,,,,,,29,1,3,,,3,,162,4,,2,1,,8,,,,,,,,306,,,,,,,,,,,,,,,,,Y,N1,A2700006,7
2026-07-26 01:44:31,data_go_kr,경상북도,A2700004,안동성소병원,11,20260726014017,054-850-8282,,Y,,,,,,,,,,,,,,,5,,1,,1,0,,,,3,1,,,,23,0,Y,,Y,,,,Y,,Y,Y,,,Y,Y,N1,147,N1,10,Y,Y,,6,N1,12,,1,2,2,,,,,,,,,,,16,3,3,,,6,,186,2,1,2,2,2,21,,4,1,,,,,393,,,,,,,,,,,,,,5,,,Y,N1,A2700004,8
2026-07-26 01:44:31,data_go_kr,경상북도,A2700002,포항세명기독병원,7,20260726013136,054-289-1711,,,,,,,,,,,,,,,,,6,,1,,3,0,,,,0,2,,,,,3,,,Y,,,,Y,,Y,Y,,,Y,Y,Y,155,Y,7,N1,Y,,14,Y,15,,1,3,2,,,,,,,,,,,52,1,3,,,14,,,6,,6,5,4,25,,,5,1,1,,1,662,,,,,,,,,,,,,,6,,,Y,N1,A2700002,9
2026-07-26 01:44:31,data_go_kr,경상북도,A2700019,의)근원의료재단경산중앙병원,9,20260726014009,053-715-0119,,,,,,,,,,,,,,,,,,,,,2,,,,,1,,,,,44,,,,Y,,,,,,Y,N1,,,N1,Y,N1,59,N1,4,N1,Y,,4,N1,10,,,2,,,,,,,,,,,,11,2,,,,4,,116,,,1,1,,9,,,,,,,,301,,,,,,,,,,,,,,,,,Y,N1,A2700019,10
2026-07-26 01:44:31,data_go_kr,경상북도,A2700036,의료법인서명의료재단세명종합병원,13,20260726013613,053-819-8500,,,,,,,,,,,,,,,,,,,,,2,,,,,,,,,,2,,,,Y,,,,,,Y,N1,,,N1,Y,N1,19,N1,2,N1,Y,,4,N1,13,,,2,,,,,,,,,,,,14,,,,,4,,22,,,1,1,,6,,,,,,,,264,,,,,,,,,,,,,,,,,Y,N1,A2700036,11
2026-07-26 01:44:31,data_go_kr,경상북도,A2700097,계명대학교경주동산병원,8,20260726013903,054-770-9420,,,,,,,,,,,,,,,,,,,,,1,,,,,,,,,,,,,,Y,,,,,,Y,N1,,,N1,Y,N1,35,N1,,N1,Y,,2,N1,9,,,1,,,,,,,,,,,,,,,,,2,,,,,1,1,,1,,,,,,,,88,,,,,,,,,,,,,,,,,Y,N1,A2700097,12
2026-07-26 01:44:31,data_go_kr,경상북도,A2700070,의료법인영암의료재단고령영생병원,5,20260726014005,070-4700-0728,,,,,,,,,,,,,,,,,,,,,1,,,,,,,,,,,,,,Y,,,,,,Y,N1,,,N1,Y,N1,35,N1,,N1,N1,,1,N1,5,,,1,,,,,,,,,,,,,,,,,1,,,,,1,,,1,,,,,,,,59,,,,,,,,,,,,,,,,,Y,N1,A2700070,13
2026-07-26 01:44:31,data_go_kr,경상북도,A2700015,구미강동병원,6,20260726013927,054-478-9521,,,,,,,,,,,,,,,,9,,,1,,2,,,,,,,,,,,,,,Y,,,,Y,,Y,Y,,,N1,Y,N1,44,N1,5,N1,Y,,5,N1,7,,1,2,,,,,,,,,,,,12,,,,,5,,,,,1,1,1,3,,,,,,,,191,,,,,,,,,,,,,9,,,,Y,N1,A2700015,14
2026-07-26 01:44:31,data_go_kr,경상북도,A2700018,경상북도김천의료원,13,20260726014002,054-429-8234,,,,,,,,,,,,,,,,,,,1,,,,,,,0,,,,,,,,,Y,,,,,,Y,N1,,,N1,Y,N1,-2,N1,7,N1,Y,,5,N1,17,,1,,,,,,,,,,,,,22,3,,,,5,,,,,1,2,,7,,,,,,,,274,,,,,,,,,,,,,,,,,Y,N1,A2700018,15
2026-07-26 01:44:31,data_go_kr,경상북도,A2700009,의료법인삼백의료재단상주성모병원,9,20260726013959,054-530-7811,,,,,,,,,,,,,,,,,,,,,1,,,,,,,,,,,,,,Y,,,,,,Y,N1,,,N1,Y,N1,41,N1,6,N1,Y,,3,N1,9,,,1,,,,,,,,,,,,10,,,,,3,,,,,1,1,,1,,,,,,,,172,,,,,,,,,,,,,,,,,Y,N1,A2700009,16
2026-07-26 01:44:31,data_go_kr,경상북도,A2700011,상주적십자병원,8,20260726013956,054-530-3171,,Y,,,,,,,,,,,,,,,,,1,,,,,,,,,,,,,,Y,,Y,,,,,,Y,N1,,,Y,Y,N1,58,N1,6,Y,Y,,3,N1,9,,1,,,,,,,,,,,,,10,,,,,3,,,,1,1,1,,7,,2,1,,,,,164,,,,,,,,,,,,,,,,,Y,N1,A2700011,17
2026-07-26 01:44:31,data_go_kr,경상북도,A2700001,경상북도안동의료원,6,20260726014001,054-850-6100,,,,,,,,,,,,,,,,,,,,,2,,,,,,,,,,,,,,Y,,,,,,Y,N1,,,N1,Y,N1,112,N1,2,N1,Y,,5,N1,6,,,2,,,,,,,,,,,,10,,,,,5,,,,,1,1,,8,,,,,,,,238,,,,,,,,,,,,,,,,,Y,N1,A2700001,18
2026-07-26 01:44:31,data_go_kr,경상북도,A2700031,영주기독병원,4,20260726013740,054-635-3050,,Y,,,,,,,,,,,,,,,,,,,1,,,,,,,,,,,,Y,,Y,,,,,,Y,N1,,,N1,Y,N1,7,N1,,Y,N1,,1,N1,4,,,1,,,,,,,,,,,,,,,,,1,,,,1,1,,,1,,2,,,,,,70,,,,,,,,,,,,,,,,,Y,N1,A2700031,19
2026-07-26 01:44:31,data_go_kr,경상북도,A2700020,영주자인병원,4,20260726013950,070-7335-5229,,,,,,,,,,,,,,,,,,,,,1,,,,,,,,,,,,,,Y,,,,,,Y,N1,,,N1,Y,N1,30,N1,,N1,Y,,,N1,4,,,1,,,,,,,,,,,,,,,,,2,,,,,1,1,,,,,,,,,,133,,,,,,,,,,,,,,,,,N1,N1,A2700020,20
2026-07-26 01:44:31,data_go_kr,경상북도,A2702752,영주적십자병원,9,20260726013749,054-630-0112,,,,,,,,,,,,,,,,,,,1,,,,,,,,,,,,,,,,Y,,,,,,Y,N1,,,Y,Y,N1,56,N1,0,N1,Y,,3,N1,10,,1,,,,,,,,,,,,,10,,,,,3,,,,,1,1,,4,,,1,,,,,140,,,,,,,,,,,,,,,,,Y,N1,A2702752,21
2026-07-26 01:44:31,data_go_kr,경상북도,A2700017,영남대학교의과대학부속영천병원,8,20260726013758,054-330-7575,,,,,,,,,,,,,,,,,,,1,,2,,,,,,,,,,,,,,Y,,,,,,Y,N1,,,N1,Y,N1,46,N1,3,N1,Y,,4,N1,10,,1,2,,,,,,,,,,,,10,,,,,4,,,,,1,1,,1,,,,,,,,190,,,,,,,,,,,,,,,,,Y,N1,A2700017,22
2026-07-26 01:44:31,data_go_kr,경상북도,A2700023,의료법인서준의료재단예천권병원,6,20260726013512,054-650-2119,,Y,,,,,,,,,,,,,,,,,1,,0,,,,,,,,,,,0,Y,,Y,,,,,,Y,N1,,,N1,Y,N1,74,N1,,Y,Y,,2,N1,6,,1,0,,,,,,,,,,,,,,,,,2,,,0,1,1,1,,3,,2,,,,,,173,,,,,,,,,,,,,,,,,Y,N1,A2700023,23
2026-07-26 01:44:31,data_go_kr,경상북도,E2700553,울릉군보건의료원,4,20260726014001,054-790-6911,,,,,,,,,,,,,,,,,,,,,,,,,,,,,,,,,,,Y,,,,,,Y,N1,,,N1,Y,N1,24,N1,,N1,N1,,1,N1,5,,,,,,,,,,,,,,,,,,,,1,,,,,1,,,1,,,,,,,,27,,,,,,,,,,,,,,,,,Y,N1,E2700553,24
2026-07-26 01:44:31,data_go_kr,경상북도,A2700052,울진군의료원,8,20260726013602,054-785-7119,,,,,,,,,,,,,,,,,,,2,,,,,,,,,,,,,2,,,Y,,,,,,Y,N1,,,N1,Y,N1,22,N1,,N1,Y,,3,N1,8,,2,,,,,,,,,,,,,,,,,,3,,,2,,1,1,,1,,,,,,,,97,,,,,,,,,,,,,,,,,Y,N1,A2700052,25
2026-07-26 01:44:31,data_go_kr,경상북도,A2700063,의료법인영제의료재단영남제일병원,4,20260726012959,054-861-9111,,,,,,,,,,,,,,,,,,,,,1,,,,,,,,,,,,,,Y,,,,,,Y,N1,,,N1,Y,N1,27,N1,,N1,N1,,1,N1,,,,,,,,,,,,,,,,,,,,,,,,,,,,,,,,,,,,,,,,,,,,,,,,,,,,,,Y,N1,A2700063,26
2026-07-26 01:44:31,data_go_kr,경상북도,A2700038,의료법인대남의료재단청도대남병원,10,20260726013829,054-370-5112,,,,,,,,,,,,,,,,,,,,,,,,,,,,,,,,,,,Y,,,,,,Y,N1,,,N1,Y,N1,83,N1,,N1,Y,,1,N1,10,,,,,,,,,,,,,,,,,,,,1,,,,,1,1,,1,,,,,,,,115,,,,,,,,,,,,,,,,,Y,N1,A2700038,27
2026-07-26 01:44:31,data_go_kr,경상북도,E2700554,청송군보건의료원,5,20260726014001,054-870-7119,,,,,,,,,,,,,,,,,,,,,1,,,,,,,,,,,,,,,,,,,,Y,N1,,,N1,N1,N1,57,N1,,N1,N1,,,N1,5,,,1,,,,,,,,,,,,,,,,,,,,,,,,,1,,,,,,,,45,,,,,,,,,,,,,,,,,Y,N1,E2700554,28
2026-07-26 01:44:31,data_go_kr,경상북도,A2700008,에스포항병원,4,20260726014001,054-289-9120,Y,,,,,,,,,,,,,,,,,,,,1,,,,,1,,,,,,,,,Y,,,,Y,,Y,Y,,,Y,Y,N1,83,N1,3,N1,Y,,4,N1,6,,,1,,,,,,,,,,,,14,1,,,,4,,,,,2,2,3,9,9,,1,,,,,239,,,,,,,,,,,,,,,,,Y,Y,A2700008,29
2026-07-26 01:44:31,data_go_kr,경상북도,A2702563,의료법인은성의료재단좋은선린병원,10,20260726014029,054-245-5200,,,,,,,,,,,,,,,,2,,,,,2,,,,,1,,,,,,,,,Y,,,,N,,Y,N,,,N1,Y,N1,77,N1,1,N1,Y,,4,N,10,,,2,,,,,,,,,,,,17,1,,,,4,,,,,1,1,2,7,,,,,,,14,281,,,,,,,,,,,,,2,,,,N,N1,A2702563,30
2026-07-26 01:44:31,data_go_kr,경상북도,A2700005,경상북도포항의료원,5,20260726014002,054-245-0129,,,,,,,,,,,,,,,,,,,1,,1,,,,,1,,,,,7,7,,,Y,,,,,,Y,N1,,,N1,Y,N1,26,N1,4,N1,Y,,3,N1,8,,1,1,,,,,,,,,,,,19,1,,,,3,,56,7,,1,1,,4,,,,,,,,179,,,,,,,,,,,,,,,,,Y,N1,A2700005,31
2026-07-26 01:44:31,data_go_kr,경상남도,A2800011,양산부산대학교병원,10,20260726013827,055-360-1463,Y,Y,2,2,1,1,0,0,,4,,0,0,,4,,,8,,7,1,3,6,2,,0,14,6,,,4,4,Y,,Y,1,,,Y,,Y,Y,,5,Y,Y,Y,294,Y,,Y,Y,19,25,N1,23,8,,1,16,16,11,38,11,2,,9,,,10,,0,30,6,,25,,33,4,4,6,5,6,92,24,23,19,12,2,,,766,2,3,1,1,2,2,,,0,0,,4,,,,,Y,Y,A2800011,1
2026-07-26 01:44:31,data_go_kr,경상남도,A2800001,경상국립대학교병원,14,20260726013900,055-750-8282,Y,Y,,,,,,3,,2,,,,,,,,3,2,4,3,5,,,0,0,12,,26,2,7,5,Y,,Y,,2,6,Y,13,Y,Y,,,Y,Y,Y,244,Y,,Y,Y,6,15,N1,28,3,2,3,14,8,9,15,,,,,20,6,,,3,30,,40,15,2,23,7,7,3,3,5,16,9,20,6,4,17,,,655,,,,,,6,,,,,,,,,2,6,Y,Y,A2800001,2
2026-07-26 01:44:31,data_go_kr,경상남도,A2800020,학교법인성균관대학삼성창원병원,19,20260726014001,055-233-8899,Y,Y,,,,,,1,,2,,,,,,,,8,2,5,3,8,,,,0,22,,,,,3,Y,,Y,,,,Y,,Y,Y,,,Y,Y,Y,270,Y,,Y,Y,17,16,N1,27,8,2,3,19,15,20,24,,,,,,,,,3,30,,,16,,,5,7,4,3,4,45,8,20,5,3,3,,,645,,,,,,1,,,,,,,,,,,Y,Y,A2800020,3
2026-07-26 01:44:31,data_go_kr,경상남도,A2800010,의료법인환명의료재단 조은금강병원,16,20260726013714,055-330-0200,,,,,,,,,,,,,,,,,,,1,,2,,,,,1,,,,,5,,,,Y,,,,Y,,Y,Y,,,N1,Y,N1,73,N1,11,N1,Y,,4,Y,17,,1,2,,,,,,,,,,,,23,1,,,,4,,96,,,1,2,1,7,,,,,,,2,305,,,,,,,,,,,,,,,,,Y,N1,A2800010,4
2026-07-26 01:44:31,data_go_kr,경상남도,A2800006,의료법인숭인의료재단 김해복음병원,11,20260726013500,055-330-8844,,,,,,,,,,,,,,,,,,,1,,3,,,,,1,,,,,,,,,Y,,,,Y,,Y,Y,,,Y,Y,N1,27,N1,2,N1,Y,,5,N1,16,,1,3,,,,,,,,,,,,18,1,,,,5,,,,,2,3,1,3,,,3,,,,,359,,,,,,,,,,,,,,,,,Y,N1,A2800006,5
2026-07-26 01:44:31,data_go_kr,경상남도,A2800043,한일병원,15,20260726014027,055-750-1333,,,,,,,,,,,,,,,,,,,1,,2,0,,,,0,1,,,,,,,,Y,,,,Y,,Y,Y,,,Y,Y,N1,19,N1,1,N1,Y,,4,Y,17,,1,2,2,,,,,,,,,,,13,1,3,,,4,,,,,2,2,1,6,,,1,,,,1,282,,,,,,,,,,,,,,,,,Y,N1,A2800043,6
2026-07-26 01:44:31,data_go_kr,경상남도,A2800003,제일병원,12,20260726014016,055-750-7119,,,,,,,,,,,,,,,,,,,1,,2,,,,,,,,,,,,,Y,Y,,,,Y,,Y,Y,,,N1,Y,N1,59,N1,6,N1,Y,,4,Y,17,,1,2,,,,,,,,,,,,9,,,,,7,,,,,2,2,1,4,,,,,,1,1,258,,,,,,,,,,,,,,,,,Y,N1,A2800003,7
2026-07-26 01:44:31,data_go_kr,경상남도,A2800017,의료법인합포의료재단에스엠지연세병원,12,20260726014008,055-240-7777,,,,,,,,,,,,,,,,,,,1,,2,,,,,1,,,,,,,,,Y,,,,Y,,Y,Y,,,Y,Y,N1,42,N1,5,N1,Y,,4,N1,17,,1,2,,,,,,,,,,,,12,1,,,,4,,,,,1,2,1,7,,,1,,,,,286,,,,,,,,,,,,,,,,,Y,N1,A2800017,8
2026-07-26 01:44:31,data_go_kr,경상남도,A2803505,창원경상국립대학교병원,14,20260726013601,055-214-1339,Y,Y,,,,,,,,,,,,5,0,,,,1,,2,,,,,2,,,,,8,6,Y,,Y,,,,Y,,Y,Y,,,Y,Y,Y,202,Y,15,Y,Y,5,13,N1,18,,1,2,,,,17,,,,,,,,34,2,,,,13,,22,6,9,3,2,5,52,9,22,6,7,14,,,437,,,,,,,,,,,5,0,,,,,Y,Y,A2803505,9
2026-07-26 01:44:31,data_go_kr,경상남도,A2800007,창원한마음병원,6,20260726013910,055-225-0350,Y,Y,,,,,,,,0,,,,,,,,,1,2,0,,,,,1,,,,,,0,Y,,Y,,,,Y,,Y,Y,,,Y,Y,Y,85,Y,,Y,Y,10,13,Y,21,,1,3,,25,37,10,,,,,,,,,1,,,,13,,,6,2,4,4,4,29,3,11,6,1,2,,2,688,,,,,,,,,,,,,,,,,Y,Y,A2800007,10
2026-07-26 01:44:31,data_go_kr,경상남도,A2800004,창원파티마병원,12,20260726013606,055-270-1119,Y,Y,,,,,,,,4,,,,,,,,,1,6,2,0,,,,0,2,,,,,5,Y,Y,Y,,,,Y,,Y,Y,,,Y,Y,N1,119,Y,,Y,Y,2,7,N1,17,,1,2,2,12,13,2,,,,,,,,,2,3,,,7,,,6,2,4,3,3,16,3,6,3,,4,1,,444,,,,,,,,,,,,,,,,,Y,Y,A2800004,11
2026-07-26 01:44:31,data_go_kr,경상남도,A2800008,의료법인 거붕 백병원,6,20260726013925,055-733-0180,,,,,,,,,,,,,,,,,,,,,1,,,,,,,,,,,,,,Y,,,,,,Y,N1,,,N1,Y,N1,56,N1,8,N1,Y,,4,N1,9,,,1,,,,,,,,,,,,20,,,,,4,,,,,2,2,,12,,,,,,,,365,,,,,,,,,,,,,,,,,Y,N1,A2800008,12
2026-07-26 01:44:31,data_go_kr,경상남도,A2800005,의료법인 대우의료재단대우병원,5,20260726014019,055-680-8119,,,,,,,,,,,,,,,,,,,,,1,,,,,,,,,,,,,,Y,,,,,,Y,N1,,,N1,Y,N1,43,N1,4,N1,Y,,4,N1,9,,,1,,,,,,,,,,,,10,,,,,4,,,,,2,1,,5,,,,,,,,231,,,,,,,,,,,,,,,,,Y,N1,A2800005,13
2026-07-26 01:44:31,data_go_kr,경상남도,A2800022,의료법인 성념의료재단맑은샘병원,8,20260726013918,055-736-0119,,,,,,,,,,,,,,,,,,,,,1,,,,,,,,,,,,,,Y,,,,,,Y,N1,,,N1,Y,N1,17,N1,,N1,Y,,2,N1,9,,,1,,,,,,,,,,,,,,,,,2,,,,,1,1,,4,,,,,,,,200,,,,,,,,,,,,,,,,,Y,N1,A2800022,14
2026-07-26 01:44:31,data_go_kr,경상남도,A2800076,거창적십자병원,8,20260726013744,055-949-3359,,Y,,,,,,,,,,,,,,,,,,,1,,,,,,,,,,,,Y,,Y,,,,,,Y,N1,,,N1,Y,N1,35,N1,,Y,Y,,2,N1,9,,,1,,,,,,,,,,,,,,,,,2,,,,1,1,1,,2,,2,,,,,,91,,,,,,,,,,,,,,,,,Y,N1,A2800076,15
2026-07-26 01:44:31,data_go_kr,경상남도,A2800032,강병원,9,20260726013659,055-673-4848,,,,,,,,,,,,,,,,,,,,,1,,,,,,,,,,,,,,Y,,,,,,Y,N1,,,N1,Y,N1,17,N1,,N1,Y,,1,N1,9,,,1,,,,,,,,,,,,,,,,,1,,,,,1,1,,1,,,,,,,,99,,,,,,,,,,,,,,,,,Y,N1,A2800032,16
2026-07-26 01:44:31,data_go_kr,경상남도,A2803677,강일병원,7,20260726013942,055-822-0119,,,,,,,,,,,,,,,,,,,1,,2,,,,,,,,,,,,,,Y,,,,Y,,Y,Y,,,N1,Y,N1,124,N1,13,N1,Y,,5,N1,8,,1,2,,,,,,,,,,,,15,,,,,5,,,,,1,2,1,1,,,,,,,,275,,,,,,,,,,,,,,,,,Y,N1,A2803677,17
2026-07-26 01:44:31,data_go_kr,경상남도,A2800014,의료법인갑을의료재단 갑을장유병원,9,20260726013913,055-310-6119,,,,,,,,,,,,,,,,,,,1,,,,,,,,,,,,,,,,Y,,,,,,Y,N1,,,N1,Y,N1,40,N1,,N1,Y,,4,N1,9,,1,,,,,,,,,,,,,,,,,,4,,,,,1,1,,1,,,,,,,,210,,,,,,,,,,,,,,,,,Y,N1,A2800014,18
2026-07-26 01:44:31,data_go_kr,경상남도,A2800094,의료법인 이도의료재단 남해병원,7,20260726010941,055-860-6630,N,N,,,,,,,,,,,,,,,,,1,,1,,,,,,,,,,,,N,N,Y,,,,N,,Y,N,,,N,Y,N,77,N,,N,Y,,2,N,,,,,,,,,,,,,,,,,,,,,,,,,,,,,,,,,,,,,,,,,,,,,,,,,,,,,,N,N,A2800094,19
2026-07-26 01:44:31,data_go_kr,경상남도,A2800113,밀양병원,7,20260726013840,055-356-9119,,,,,,,,,,,,,,,,,,,,,1,,,,,,,,,,,,,,Y,,,,,,Y,N1,,,N1,Y,N1,32,N1,,N1,Y,,0,N1,8,,,1,,,,,,,,,,,,,,,,,0,,,,,1,1,,1,,,,,,,,200,,,,,,,,,,,,,,,,,Y,N1,A2800113,20
2026-07-26 01:44:31,data_go_kr,경상남도,A2800068,의료법인승연의료재단 삼천포서울병원,8,20260726013240,055-830-9019,,,,,,,,,,,,,,,,,,,,,1,,,,,,,,,,,,,,Y,,,,Y,,Y,Y,,,N1,Y,N1,35,N1,,N1,Y,,3,Y,9,,,1,,,,,,,,,,,,,,,,,3,,,,,1,2,1,4,,,,,,,1,287,,,,,,,,,,,,,,,,,Y,N1,A2800068,21
2026-07-26 01:44:31,data_go_kr,경상남도,A2800101,삼천포제일병원,8,20260726013603,055-830-3099,,,,,,,,,,,,,,,,,,,,,2,,,,,,,,,,,,,,Y,,,,,,Y,N1,,,N1,Y,N1,70,N1,,N1,Y,,2,N,8,,,2,,,,,,,,,,,,,,,,,2,,,,,1,1,,1,,,,,,,1,214,,,,,,,,,,,,,,,,,Y,N1,A2800101,22
2026-07-26 01:44:31,data_go_kr,경상남도,E2800380,산청군보건의료원,5,20260726014001,055-970-7582,,,,,,,,,,,,,,,,,,,,,1,,,,,,,,,,,,,,,,,,,,Y,N1,,,N1,N1,N1,20,N1,,N1,N1,,,N1,5,,,1,,,,,,,,,,,,,,,,,,,,,,,,,1,,,,,,,,20,,,,,,,,,,,,,,,,,Y,N1,E2800380,23
2026-07-26 01:44:31,data_go_kr,경상남도,A2804593,양산성모병원,12,20260726013954,055-912-9785,,,,,,,,,,,,,,,,,,,1,,,,,,,,,,,,,,,,Y,,,,,,Y,N1,,,N1,Y,N1,145,N1,5,N1,Y,,4,N1,13,,1,,,,,,,,,,,,,6,,,,,4,,,,,1,2,,1,,,,,,,,214,,,,,,,,,,,,,,,,,Y,N1,A2804593,24
2026-07-26 01:44:31,data_go_kr,경상남도,A2800019,베데스다복음병원,8,20260726013923,055-781-9911,,,,,,,,,,,,,,,,,,,,,1,,,,,,,,,,,,,,Y,,,,,,Y,N1,,,N1,Y,N1,43,N1,,N1,Y,,3,N1,9,,,1,,,,,,,,,,,,,,,,,3,,,,,1,1,,1,,,,,,,,133,,,,,,,,,,,,,,,,,Y,N1,A2800019,25
2026-07-26 01:44:31,data_go_kr,경상남도,A2800090,의령병원,4,20260726014005,055-573-6806,,,,,,,,,,,,,,,,,,,,,1,,,,,,,,,,,,,,Y,,,,,,Y,N1,,,N1,Y,N1,35,N1,,N1,N1,,,N1,4,,,1,,,,,,,,,,,,,,,,,,,,,,1,,,1,,,,,,,,58,,,,,,,,,,,,,,,,,Y,N1,A2800090,26
2026-07-26 01:44:31,data_go_kr,경상남도,A2800084,반도병원,7,20260726014002,055-749-0200,,,,,,,,,,,,,,,,,,,,,1,,,,,,,,,,,,,,Y,,,,,,Y,N1,,,N1,Y,N1,68,N1,,N1,Y,,3,N1,7,,,1,,,,,,,,,,,,,,,,,3,,,,,1,1,,3,,,,,,,,165,,,,,,,,,,,,,,,,,Y,N1,A2800084,27
2026-07-26 01:44:31,data_go_kr,경상남도,A2800015,의료법인 문병욱의료재단 진주고려병원,9,20260726013637,055-751-2525,,,,,,,,,,,,,,,,,,,,,1,,,,,,,,,,,,,,Y,,,,Y,,Y,Y,,,N1,Y,N1,75,N1,4,N1,Y,,4,Y,10,,,1,,,,,,,,,,,,9,,,,,4,,,,,2,2,1,4,,,,,,,1,229,,,,,,,,,,,,,,,,,Y,N1,A2800015,28
2026-07-26 01:44:31,data_go_kr,경상남도,A2800037,진주복음병원,8,20260726013939,055-749-7119,,,,,,,,,,,,,,,,,,,,,1,,,,,,,,,,,,,,Y,,,,,,Y,N1,,,N1,Y,N1,41,N1,,N1,N,,3,N1,9,,,1,,,,,,,,,,,,,,,,,3,,,,,1,1,,1,,,,,,,,131,,,,,,,,,,,,,,,,,N,N1,A2800037,29
2026-07-26 01:44:31,data_go_kr,경상남도,A2800062,태황의료재단한성병원,9,20260726014023,055-530-5119,,,,,,,,,,,,,,,,,,,,,1,,,,,,,,,,,,,,,,,,,,Y,N1,,,N1,N1,N1,49,N1,,N1,N1,,,N1,9,,,1,,,,,,,,,,,,,,,,,,,,,,,,,,,,,,,,,167,,,,,,,,,,,,,,,,,N1,N1,A2800062,30
2026-07-26 01:44:31,data_go_kr,경상남도,A2800025,경상남도마산의료원,11,20260726014001,055-249-1119,,,,,,,,,,,,,,,,,,,1,,1,,,,,2,,,,,,19,,,Y,,,,,,Y,N1,,,Y,Y,N1,83,N1,5,N1,Y,,5,N1,13,,1,1,,,,,,,,,,,,6,2,,,,5,,,27,,1,1,,17,,,2,,,,,263,,,,,,,,,,,,,,,,,Y,N1,A2800025,31
2026-07-26 01:44:31,data_go_kr,경상남도,A2800009,의료법인청아의료재단청아병원,7,20260726013816,055-230-1700,,,,,,,,,,,,,,,,,,,,,1,,,,,,,,,,,,,,Y,,,,,,Y,N1,,,N1,Y,N1,76,N1,,N1,Y,,4,N1,9,,,1,,,,,,,,,,,,,,,,,4,,,,,2,2,,4,,,,,,,,274,,,,,,,,,,,,,,,,,Y,N1,A2800009,32
2026-07-26 01:44:31,data_go_kr,경상남도,A2800021,연세에스병원,9,20260726013633,055-548-7789,,,,,,,,,,,,,,,,,,,,,1,,,,,,,,,,,,,,Y,,,,Y,,Y,Y,,,N1,Y,N1,109,N1,7,N1,Y,,2,N1,9,,,1,,,,,,,,,,,,10,,,,,3,,,,,2,2,1,5,,,,,,,,255,,,,,,,,,,,,,,,,,Y,N1,A2800021,33
2026-07-26 01:44:31,data_go_kr,경상남도,A2800092,새통영병원,7,20260726013942,055-640-4119,,,,,,,,,,,,,,,,,,,,,1,,,,,,,,,,,,,,Y,,,,,,Y,N1,,,N1,Y,N1,58,N1,,N1,Y,,3,N1,9,,,1,,,,,,,,,,,,,,,,,3,,,,,1,2,,3,,,,,,,,256,,,,,,,,,,,,,,,,,Y,N1,A2800092,34
2026-07-26 01:44:31,data_go_kr,경상남도,A2800080,함양성심병원,4,20260726013836,055-964-4322,,,,,,,,,,,,,,,,,,,,,1,,,,,,,,,,,,,,Y,,,,,,Y,N1,,,N1,Y,N1,5,N1,,N1,Y,,2,N1,4,,,1,,,,,,,,,,,,,,,,,2,,,,,1,1,,1,,,,,,,,121,,,,,,,,,,,,,,,,,Y,N1,A2800080,35
2026-07-26 01:44:31,data_go_kr,경상남도,A2800055,삼성합천병원,4,20260726014001,070-5125-5030,,,,,,,,,,,,,,,,,,,,,1,,,,,,,,,,,,,,Y,,,,,,Y,N1,,,N1,Y,N1,25,N1,,N1,Y,,2,N1,4,,,1,,,,,,,,,,,,,,,,,2,,,,,1,1,,1,,,,,,,,141,,,,,,,,,,,,,,,,,Y,N1,A2800055,36
2026-07-26 01:44:31,data_go_kr,제주특별자치도,A2900001,제주한라병원,7,20260726014210,064-740-5159,Y,Y,,,,,0,1,,,4,,,,,,,3,2,,3,2,,,,,24,,10,2,,,Y,,Y,,1,6,Y,8,Y,Y,,,Y,Y,Y,164,Y,8,Y,Y,3,5,N1,15,3,2,3,14,,,7,,,,,20,,,15,,30,,40,6,2,,,2,3,2,3,46,3,8,9,4,2,,,414,,,,,4,2,,4,,,,,,,2,6,Y,Y,A2900001,1
2026-07-26 01:44:31,data_go_kr,제주특별자치도,A2900002,제주특별자치도서귀포의료원,6,20260726014001,064-730-3001,,Y,,,,,,,,,,,,,,,,4,1,,4,2,,,,3,3,,,,3,,Y,,Y,,,,Y,,Y,Y,,,Y,Y,N1,150,N1,8,Y,Y,,4,Y,16,4,1,4,2,,,,,,,,,,,17,3,3,,,4,,26,,1,2,1,1,16,,4,3,,,,1,326,,,,,,,,,,,,,,,,,Y,N1,A2900002,2
2026-07-26 01:44:31,data_go_kr,제주특별자치도,A2900007,제주대학교병원,4,20260726014000,,Y,Y,,,,,,,,0,,,,,,,,,1,4,3,,3,,3,,,,,,4,5,Y,,Y,,,,Y,,Y,Y,,,Y,Y,Y,132,Y,,Y,Y,9,12,N1,20,,1,5,,12,12,16,3,,,,,6,,,,,,,12,,20,9,3,2,2,4,45,8,17,10,5,3,,,458,,,,,,,,,,,,,,,,,Y,Y,A2900007,3
2026-07-26 01:44:31,data_go_kr,제주특별자치도,A2900005,한마음병원,6,20260726013614,064-750-9119,,,,,,,,,,,,,,,,,,,1,,1,,,,,,,,,,,,,,Y,,,,Y,,Y,Y,,,Y,Y,N1,74,N1,7,N1,Y,,4,N1,17,,1,2,,,,,,,,,,,,12,,,,,4,,,,,1,1,1,6,,,2,,,,,216,,,,,,,,,,,,,,,,,Y,N1,A2900005,4
2026-07-26 01:44:31,data_go_kr,제주특별자치도,A2900006,의료법인중앙의료재단중앙병원,6,20260726014022,064-786-7777,,,,,,,,,,,,,,,,,,1,1,,2,,,,,,,,,,,,,,Y,,,,Y,,Y,Y,,,Y,Y,Y,100,N1,9,N1,Y,,3,N1,16,1,1,2,,,,,,,,,,,,16,,,,,3,,,,,1,1,2,10,,,2,1,,,,281,,,,,,,,,,,,,,,,,Y,N1,A2900006,5
2026-07-26 01:44:31,data_go_kr,제주특별자치도,A2900003,의료법인 혜인의료재단 한국병원,2,20260726013916,064-750-0160,,,,,,,,,,,,,,,,,,,,,1,,,,,,,,,,,,,,Y,,,,,,Y,N1,,,N1,Y,N1,46,N1,0,N1,Y,,3,N1,9,,,1,,,,,,,,,,,,10,,,,,3,,,,,1,1,,6,,,,,,,,209,,,,,,,,,,,,,,,,,Y,N1,A2900003,6
2026-07-26 02:49:23,data_go_kr,서울특별시,A1100043,강동경희대학교병원,2,20260726024518,02-440-7000,Y,Y,,,,,1,,,,,,,,,1,,3,2,,1,3,,,,,4,,,,,0,Y,N,Y,,,,Y,,Y,Y,,,Y,Y,Y,213,Y,7,Y,Y,0,17,N,15,3,2,3,19,,,17,,,,,,,,27,,30,,,17,,,1,8,2,2,3,32,9,13,4,1,1,0,0,625,,,,,3,,,,,,,,2,,,,Y,Y,A1100043,1
2026-07-26 02:49:23,data_go_kr,서울특별시,A1100014,고려대학교의과대학부속구로병원,20,20260726024200,02-2626-1550,Y,Y,4,,,,,,,0,,,,,,,,2,,2,,1,,,,2,6,,,,3,2,Y,,Y,,,,Y,,Y,Y,,,Y,Y,Y,182,Y,8,Y,Y,0,24,N1,29,3,,,20,20,10,23,,,,,,,,35,10,30,,,24,,18,4,2,6,6,4,98,11,35,15,10,3,,,778,5,,,,,,,,,,,,,,,,Y,Y,A1100014,2
2026-07-26 02:49:23,data_go_kr,서울특별시,A1100013,한양대학교병원,15,20260726024300,02-2290-8284,Y,Y,4,4,,,1,4,,0,,,,,,,,2,,7,,7,,,,1,8,,,,1,0,Y,,Y,,,,Y,,Y,Y,,,Y,Y,Y,278,Y,0,Y,Y,2,16,Y,20,3,,,22,12,13,25,,,,,,,,0,2,30,,,16,,16,2,1,3,2,3,69,10,20,11,4,3,,1,670,4,8,,,2,5,,,,,,,,,,,Y,Y,A1100013,3
2026-07-26 02:49:23,data_go_kr,서울특별시,A1100008,학교법인고려중앙학원고려대학교의과대학부속병원(안암병원),17,20260726024224,02-920-5374,Y,Y,2,3,,,0,,,0,,,,,,,,4,,4,,1,,,2,1,23,,,,2,1,Y,,Y,,,,Y,,Y,Y,,,Y,Y,Y,220,Y,,Y,Y,0,24,N1,30,4,,,15,16,19,17,,,,,,9,,,6,31,,,25,,10,3,4,7,6,8,84,14,20,11,8,7,,,777,2,7,,,6,,,,,,,,,,,,Y,Y,A1100008,4
2026-07-26 02:49:23,data_go_kr,서울특별시,A1100005,이화여자대학교의과대학부속목동병원,10,20260726024048,02-2650-5911,Y,Y,,,,,0,0,,1,,,,,,,,8,2,4,4,5,,,,0,21,,,,4,4,Y,,Y,6,,,Y,,Y,Y,,,Y,Y,Y,107,Y,,Y,Y,12,13,N1,19,8,2,4,19,10,13,28,,,,14,,,,,4,32,,,13,,10,9,2,4,4,4,58,10,34,9,3,5,,,526,,,,,1,1,,,,,,,,,,,Y,Y,A1100005,5
2026-07-26 02:49:23,data_go_kr,서울특별시,A1100017,서울대학교병원,-2,20260726024517,02-2072-2475,Y,Y,,,1,1,1,0,,1,,0,0,,1,,,10,2,6,4,9,4,1,4,10,18,6,,,6,5,Y,Y,Y,1,,,Y,,Y,Y,4,1,Y,Y,Y,372,Y,,Y,Y,5,53,N1,24,10,2,4,17,10,18,40,22,2,10,5,,8,10,,28,30,6,,53,,41,7,4,13,13,14,160,19,46,22,9,3,1,,1365,,,1,1,2,1,,,0,0,,8,,,,,Y,Y,A1100017,6
2026-07-26 02:49:23,data_go_kr,서울특별시,A1100035,서울특별시서울의료원,16,20260726024500,02-2276-7000,Y,Y,,,,,0,2,1,0,,,,,,,,3,2,,3,4,,,,,5,,,,11,2,Y,Y,Y,1,,,Y,,Y,Y,,,Y,Y,Y,92,Y,2,Y,Y,2,10,Y,19,3,2,3,14,7,,3,,,,6,,,,5,,28,,,10,,30,3,4,5,3,5,65,5,12,7,2,4,1,2,461,,,,,2,4,2,,,,,,,,,,Y,Y,A1100035,7
2026-07-26 02:49:23,data_go_kr,서울특별시,A1100015,연세대학교의과대학강남세브란스병원,7,20260726024328,02-2019-3333,Y,Y,,,,,,,,,,,,,,,,2,1,,1,,,,3,,,,,,,5,Y,,Y,8,,,Y,,Y,Y,,,Y,Y,Y,136,Y,14,Y,Y,0,23,N1,21,2,1,2,,,,28,,,,12,,8,,29,,,,,23,,,5,1,4,3,6,47,10,23,6,3,5,,,691,,,,,,,,,,,,,,,,,Y,Y,A1100015,8
2026-07-26 02:49:23,data_go_kr,서울특별시,A1100010,삼성서울병원,15,20260726024508,02-3410-2060,Y,Y,,,,,,,,13,,,,,,,,3,2,17,2,,7,,4,2,,,,,5,12,Y,,Y,1,,,Y,,Y,Y,,13,Y,Y,Y,368,Y,14,Y,Y,1,53,N1,52,4,2,2,,30,23,59,15,,,12,,12,36,14,2,,,,53,,27,18,8,19,16,15,117,22,43,21,11,2,,,1528,,,,,,,,,,,,,,,,,Y,Y,A1100010,9
2026-07-26 02:49:23,data_go_kr,서울특별시,A1100028,성심의료재단강동성심병원,10,20260726024037,02-2224-2358,Y,Y,,,,,,,,3,,,,,,,2,,1,,6,,,,,2,,,,,,0,Y,,Y,,,,Y,,Y,Y,,,Y,Y,Y,188,Y,1,Y,Y,3,13,N1,15,,1,6,,18,,3,,,,,,,,19,5,,,,13,,,2,1,4,2,5,35,3,3,8,3,1,,,566,,,,,,,,,,,,,,2,,,Y,Y,A1100028,10
2026-07-26 02:49:23,data_go_kr,서울특별시,A1100053,한국보훈복지의료공단중앙보훈병원,20,20260726024345,02-2225-1100,,,,,,,,,,6,,,,,,,,,1,10,2,0,,,3,1,0,,,,35,0,N,,Y,2,,,Y,,Y,Y,,,Y,Y,Y,155,N1,,N1,Y,,13,N1,22,,1,2,2,14,14,,,,,13,,10,,,1,3,,,13,,60,7,1,3,4,4,38,,,10,1,,,,820,,,,,,,,,,,,,,,,,Y,N1,A1100053,11
2026-07-26 02:49:23,data_go_kr,서울특별시,A1120796,이화여자대학교의과대학부속서울병원,7,20260726024144,02-6986-5119,Y,Y,,,,,,,,0,,,,,,,,8,2,9,6,,,,2,1,,,,,,3,Y,,Y,4,,,Y,,Y,Y,,4,Y,Y,Y,222,Y,0,Y,Y,0,18,N1,14,9,2,6,,10,17,24,,,,17,,11,19,11,7,,,,19,,,4,2,5,5,8,71,9,22,12,4,5,,,732,,,,,,,,,,,,,,,,,Y,Y,A1120796,12
2026-07-26 02:49:23,data_go_kr,서울특별시,A1100041,의료법인서울효천의료재단에이치플러스양지병원,17,20260726024511,070-4665-9119,,,,,,,,,,,,,,,,,,,1,,2,,,,,1,,,,,,2,,,Y,,,,Y,,Y,Y,,,Y,Y,Y,55,Y,2,N1,Y,,7,N1,18,,1,2,,,,,,,,,,,,20,1,,,,7,,,3,,2,3,3,23,,,4,1,1,,,301,,,,,,,,,,,,,,,,,Y,N1,A1100041,13
2026-07-26 02:49:23,data_go_kr,서울특별시,A1100002,건국대학교병원,11,20260726024248,02-2030-5555,Y,Y,,,,,,,,7,,,,,,,,4,1,16,1,,,,,1,,,,,9,2,Y,,Y,,,,Y,,Y,Y,,,Y,Y,Y,256,Y,,Y,Y,0,21,N1,20,4,1,2,,24,25,16,,,,,,,,,1,,,,21,,14,3,2,4,4,5,45,7,18,7,3,14,,,678,,,,,,,,,,,,,,,,,Y,Y,A1100002,14
2026-07-26 02:49:23,data_go_kr,서울특별시,A1100016,인제대학교상계백병원,7,20260726024156,02-950-1119,Y,Y,,,,,,,,0,,,,,,,4,,1,4,2,,,,,1,,,,,3,1,Y,,Y,,,,Y,,Y,Y,,,Y,Y,Y,123,Y,,Y,Y,1,13,N1,16,,1,2,,19,18,15,,,,,,,,,4,,,,13,,5,2,2,3,2,3,36,10,25,10,3,1,,,390,,,,,,,,,,,,,,4,,,Y,Y,A1100016,15
2026-07-26 02:49:23,data_go_kr,서울특별시,A1100048,노원을지대학교병원,14,20260726024102,02-970-8282,Y,Y,,,,,,,,4,,,,,,,,,1,5,4,,,,,2,,,,,3,0,Y,,Y,,0,0,Y,,Y,Y,,,Y,Y,Y,237,N1,,Y,Y,1,11,N1,17,,1,4,,16,16,10,,,,,,,,,2,,,,11,,21,1,3,2,2,2,26,8,19,3,1,,,,479,,,,,,,,,,,,,,,0,0,Y,Y,A1100048,16
2026-07-26 02:49:23,data_go_kr,서울특별시,A1100020,의료법인한전의료재단한일병원,12,20260726024505,02-901-3119,N,N,,,,,,,,,,,,,,,,2,2,,2,0,,,,0,2,,,,,1,,Y,Y,,,,Y,,Y,Y,,,Y,Y,N1,89,Y,3,N,Y,,7,Y,21,2,2,2,2,,,,,,,,,,,21,1,3,,,8,,,5,,2,1,1,25,1,4,2,,4,2,2,389,,,,,,,,,,,,,,,,,Y,N,A1100020,17
2026-07-26 02:49:23,data_go_kr,서울특별시,A1100001,경희대학교병원,7,20260726024436,02-958-8114,Y,Y,,,,,,,,,,,,,,,,3,2,,3,,,,,,,,,,10,9,Y,,Y,4,,,Y,,Y,Y,,,Y,Y,Y,238,Y,21,Y,Y,1,16,N1,15,3,2,3,,,,14,,,,15,,,,73,,,,,16,,20,10,3,3,3,5,48,6,12,8,3,2,,,657,,,,,,,,,,,,,,,,,Y,Y,A1100001,18
2026-07-26 02:49:23,data_go_kr,서울특별시,A1100021,삼육서울병원,12,20260726024505,02-2210-3566,,N,,,,,,,,,,,,,,,2,,1,,2,0,,,,1,1,,,,,4,Y,,Y,,,,Y,,Y,Y,,,Y,Y,Y,61,Y,4,N,Y,4,5,Y,13,,1,2,2,,,4,,,,,,,,15,1,3,,,5,,,4,2,1,1,2,20,,4,5,2,1,,1,389,,,,,,,,,,,,,,4,,,Y,N1,A1100021,19
2026-07-26 02:49:23,data_go_kr,서울특별시,A1100040,서울특별시보라매병원,19,20260726024500,02-870-2119,Y,Y,,,,,,,,5,,,,,,,,3,2,10,1,,,,2,1,,,,,0,0,Y,,Y,,,,Y,,Y,Y,,,Y,Y,Y,271,Y,,Y,Y,0,14,N1,31,3,2,1,,15,16,14,,,,,,4,,,4,,,,14,,14,3,4,6,3,5,48,14,13,5,9,2,,,695,,,,,,,,,,,,,,,,,Y,Y,A1100040,20
2026-07-26 02:49:23,data_go_kr,서울특별시,A1100003,중앙대학교병원,10,20260726024508,02-6299-1338,Y,Y,0,0,,,1,,,1,,,,,4,,,2,0,6,0,5,,,,1,,,,,4,2,Y,,Y,,,,Y,,Y,Y,,,Y,Y,Y,209,Y,,Y,Y,0,15,N1,18,4,0,0,12,12,17,25,,,,,,,,,11,,,,16,,24,2,2,4,3,4,51,9,21,13,6,12,,,631,0,0,,,1,,,,,,,4,,,,,Y,Y,A1100003,21
2026-07-26 02:49:23,data_go_kr,서울특별시,A1100007,연세대학교의과대학세브란스병원,14,20260726024228,02-2227-7777,Y,Y,,,1,1,,,,5,,,,,,,,4,1,13,3,,5,1,14,3,,0,,,0,0,Y,Y,Y,6,,,Y,,Y,Y,5,8,Y,Y,Y,476,Y,5,Y,Y,13,2,N1,39,8,1,3,,29,24,52,22,2,10,29,,23,17,18,5,,6,,2,,20,30,8,16,16,17,206,55,61,21,16,21,1,,1872,,,1,1,,,,,,,,,,,,,Y,Y,A1100007,22
2026-07-26 02:49:23,data_go_kr,서울특별시,A1100012,학교법인가톨릭학원가톨릭대학교서울성모병원,-2,20260726024511,02-2258-2370,Y,Y,1,1,1,1,,,,8,,,,,,,,4,,15,,,1,1,3,11,,3,,,16,1,Y,,Y,15,,,Y,,Y,Y,,5,Y,Y,Y,291,Y,0,Y,Y,8,32,N1,28,7,,,,22,22,50,3,2,,19,,10,8,5,18,,6,,32,,35,10,2,9,10,8,80,40,39,11,9,4,,,1059,1,5,1,1,,,,,,,,,,,,,Y,Y,A1100012,23
2026-07-26 02:49:23,data_go_kr,서울특별시,A1100009,재단법인아산사회복지재단서울아산병원,9,20260726024315,02-3010-3333,Y,Y,,,2,1,1,1,,2,,,,,,,,-6,1,11,6,1,3,1,5,11,4,1,,,9,6,Y,,Y,2,,,Y,,Y,Y,5,2,Y,Y,Y,384,Y,10,Y,Y,10,4,Y,36,11,1,22,2,24,37,61,26,2,13,12,,12,12,12,47,4,6,,4,,28,8,8,21,15,17,190,33,49,30,14,5,,1,2089,,,2,1,1,6,,,,,,,,,,,Y,Y,A1100009,24
2026-07-26 02:49:23,data_go_kr,서울특별시,A1100011,가톨릭대학교여의도성모병원,14,20260726024510,02-3779-1199,,,,,,,,,,-1,,,,,,,,,1,0,4,,,,,1,,,,,,1,Y,,Y,1,,,Y,,Y,Y,,,Y,Y,Y,109,Y,,N1,Y,,13,N1,15,,1,4,,11,9,,,,,9,,,,,1,,,,13,,,1,2,2,2,2,23,,,5,2,2,,,330,,,,,,,,,,,,,,,,,Y,N1,A1100011,25
2026-07-26 02:49:23,data_go_kr,서울특별시,A1100055,한림대학교강남성심병원,18,20260726024212,02-829-5119,Y,Y,,,,,,,,1,,,,,,,,3,1,0,4,,,,6,1,,,,,,,Y,,Y,,,,Y,,Y,Y,,,Y,Y,Y,167,Y,,Y,Y,0,14,N1,20,3,1,4,,21,25,12,,,,,,10,,,7,,,,14,,,,3,3,3,3,54,21,22,13,3,2,,,496,,,,,,,,,,,,,,,,,Y,Y,A1100055,26
2026-07-26 02:49:23,data_go_kr,서울특별시,A1100054,성애의료재단성애병원,13,20260726024448,02-840-7115,Y,Y,,,,,,,,,,,,,,,,,1,,4,,,,,1,,,,,,,Y,,Y,,,,Y,,Y,Y,,,Y,Y,N1,53,N1,3,Y,Y,3,5,N1,15,,1,4,,,,4,,,,,,,,19,1,,,,5,,,,2,2,2,1,8,5,14,2,,,,,252,,,,,,,,,,,,,,,,,Y,Y,A1100054,27
2026-07-26 02:49:23,data_go_kr,서울특별시,A1100004,순천향대학교부속서울병원,16,20260726024522,02-709-9117,Y,Y,,,,,,,,,,,0,,0,,0,4,1,,2,,,,,1,,,,,8,3,Y,,Y,,,,Y,,Y,Y,,,Y,Y,Y,198,Y,4,Y,Y,0,14,N1,20,4,1,2,,,,13,,,,,,,,45,10,,,,14,,21,4,7,3,3,4,51,8,17,14,5,3,,,600,,,,,,,,,,0,,0,,0,,,Y,Y,A1100004,28
2026-07-26 02:49:23,data_go_kr,서울특별시,A1121013,가톨릭대학교은평성모병원,13,20260726024510,02-1811-7755,Y,Y,,,,,,,,2,,,,,,,,8,1,3,2,,,,8,1,,,,,,0,Y,,Y,0,,,Y,,Y,Y,,,Y,Y,Y,201,Y,,Y,Y,5,19,N1,24,8,2,2,,16,9,19,,,,13,,12,,,4,,,,19,,,5,1,4,3,5,46,19,22,10,5,20,,,651,,,,,,,,,,,,,,,,,Y,Y,A1121013,29
2026-07-26 02:49:23,data_go_kr,서울특별시,A1100006,강북삼성병원,9,20260726024520,02-2001-1000,Y,Y,,,,,,,,,,,,,,,,2,1,1,2,,,,,1,,,,,9,2,Y,,Y,1,,,Y,,Y,Y,,3,Y,Y,Y,148,Y,9,Y,Y,0,16,N1,15,2,1,2,,,4,7,,,,12,,,8,24,5,,,,16,,18,3,1,5,4,6,54,13,14,8,4,3,,,526,,,,,,,,,,,,,,,,,Y,Y,A1100006,30
2026-07-26 02:49:23,data_go_kr,서울특별시,A1100052,국립중앙의료원,15,20260726024304,02-2276-2114,N,Y,,,,,,,,,,312,,,12312,2868,1231,3,2,0,2,118,,,,12312,121,,23076,12312,,12310,Y,,Y,,231,23123,Y,3,Y,Y,,,Y,Y,Y,788,Y,12308,Y,Y,,12312,N1,15,3,2,3,123,,0,,,,,,23,,,12312,12312,123,,23131,12312,12312,,12312,12312,1231,2312,3123,123,12312,23123,1231,123,23123,,,1231,,,,,,,,,312,,,12312,3123,1231,231,23123,Y,N,A1100052,31
2026-07-26 02:49:23,data_go_kr,서울특별시,A1100036,부민병원,10,20260726024136,02-2620-0119,,Y,,,,,,,,,,,,,,,,,1,,,,,,,0,,,,,,0,Y,,Y,,,,Y,,Y,Y,,,Y,Y,Y,70,N1,1,Y,Y,,8,N1,10,,1,,,,,,,,,,,,,14,1,,,,8,,,3,1,3,3,1,22,,1,2,1,,,,282,,,,,,,,,,,,,,,,,Y,N1,A1100036,32
2026-07-26 02:49:23,data_go_kr,서울특별시,A1100051,혜민병원,9,20260726024128,02-2049-9119,,,,,,,,,,,,,,,,,,,1,,,,,,,,,,,,,,,,Y,,,,,,Y,N1,,,Y,Y,N1,24,N1,8,N1,Y,,5,N1,9,,1,,,,,,,,,,,,,19,,,,,5,,,,,2,2,,16,,,2,,,,,205,,,,,,,,,,,,,,,,,Y,N1,A1100051,33
2026-07-26 02:49:23,data_go_kr,서울특별시,A1100026,구로성심병원,7,20260726024356,02-2067-1515,,,,,,,,,,,,,,,,,,,,,1,,,,,,,,,,,,,,Y,,,,,,Y,N1,,,N1,Y,N1,45,N1,4,N1,Y,,3,N1,9,,,1,,,,,,,,,,,,11,,,,,3,,,,,1,1,,5,,,,,,,,191,,,,,,,,,,,,,,,,,Y,N1,A1100026,34
2026-07-26 02:49:23,data_go_kr,서울특별시,A1100049,희명병원,7,20260726024529,02-809-0122,,,,,,,,,,,,,,,,,,,,,1,,,,,,,,,,,,,,Y,,,,,,Y,N1,,,Y,Y,Y,118,N1,1,N1,Y,,4,N1,10,,,1,,,,,,,,,,,,19,,,,,4,,,,,1,1,,9,,,1,1,,,,228,,,,,,,,,,,,,,,,,Y,N1,A1100049,35
2026-07-26 02:49:23,data_go_kr,서울특별시,A1100027,한국원자력의학원원자력병원,9,20260726024436,02-970-2620,,Y,,,,,,,,,,,,,,,1,,1,,1,,,,,1,,,,,,1,Y,,Y,,,,Y,,Y,Y,,,Y,Y,N1,263,N1,8,Y,Y,,10,N1,9,,1,1,,,,,,,,,,,,10,1,,,,10,,,1,1,4,2,1,16,,2,1,,,,,444,,,,,,,,,,,,,,1,,,Y,N1,A1100027,36
2026-07-26 02:49:23,data_go_kr,서울특별시,A1100022,서울특별시동부병원,7,20260726024520,02-920-9119,,Y,,,,,,,,,,,,,,,,,1,,1,,,,,1,,,,,,,Y,,Y,,,,,,Y,N1,,,Y,Y,N1,23,N1,1,Y,Y,,3,N1,8,,1,1,,,,,,,,,,,,8,1,,,,3,,,,1,1,1,,7,,1,1,,,,,195,,,,,,,,,,,,,,,,,Y,N1,A1100022,37
2026-07-26 02:49:23,data_go_kr,서울특별시,A1100050,서울성심병원,16,20260726024427,02-966-1616,,,,,,,,,,,,,,,,,,,1,,2,,,,,,,,,,,,,,Y,,,,,,Y,N1,,,N1,Y,N1,67,N1,9,N1,Y,,6,N1,17,,1,2,,,,,,,,,,,,10,,,,,6,,,,,1,1,,11,,,,,,,,208,,,,,,,,,,,,,,,,,Y,N1,A1100050,38
2026-07-26 02:49:23,data_go_kr,서울특별시,A1100025,의료법인동신의료재단동신병원,7,20260726024413,02-396-9161,N,N,,,,,,,,,,,,,,,,,,,1,,,,,,,,,,,,N,N,Y,,,,N,,Y,N,,,Y,Y,N,51,N,2,N,Y,,3,N,9,,,1,,,,,,,,,,,,9,,,,,3,,,,0,1,1,0,7,0,0,1,0,0,0,0,196,,,,,,,,,,,,,,,,,Y,N,A1100025,39
2026-07-26 02:49:23,data_go_kr,서울특별시,A1122033,기쁨병원,3,20260726024518,02-570-1212,,,,,,,,,,,,,,,,,,,,,1,,,,,,,,,,,,,,Y,,,,Y,,Y,Y,,,N1,Y,N1,53,N1,,N1,Y,,8,N1,4,,,1,,,,,,,,,,,,,,,,,8,,,,,2,2,1,1,,,,,,,,110,,,,,,,,,,,,,,,,,Y,N1,A1122033,40
2026-07-26 02:49:23,data_go_kr,서울특별시,A1100039,경찰병원,3,20260726024502,02-3400-1300,,,,,,,,,,,,,,,,,1,,1,,,,,,,2,,,,,,2,,,Y,,,,,,Y,N1,,,Y,Y,N1,133,N1,14,N1,Y,,7,N1,3,,1,,,,,,,,,,,,,14,2,,,,7,,,2,,2,3,,10,,,2,,,,,187,,,,,,,,,,,,,,1,,,Y,N1,A1100039,41
2026-07-26 02:49:23,data_go_kr,서울특별시,A1100019,홍익병원,8,20260726024440,02-2600-0777,,,,,,,,,,,,,,,,,,,,,1,,,,,0,,,,,,0,,,Y,,,,Y,,Y,Y,,,N,Y,N1,60,N1,9,N1,Y,,4,N1,9,,,1,,,,,,,,,,,,14,1,,,,4,,,1,,4,2,2,7,,,1,,,,,251,,,,,,,,,,,,,,,,,Y,N1,A1100019,42
2026-07-26 02:49:23,data_go_kr,서울특별시,A1100223,서울특별시서남병원,17,20260726024000,02-6300-9129,,,,,,,,,,,,,,,,0,,,1,,2,0,,,,1,0,,,,,4,,,Y,,,,,,Y,N1,,,Y,Y,Y,69,Y,4,N1,Y,,4,N1,17,,1,2,2,,,,,,,,,,,17,1,3,,,4,,,4,,2,1,,16,,,1,1,1,,,275,,,,,,,,,,,,,0,,,,Y,N1,A1100223,43
2026-07-26 02:49:23,data_go_kr,서울특별시,A1100024,명지성모병원,6,20260726024520,02-829-7800,,,,,,,,,,,,,,,,,,,1,,1,,,,,1,,,,,,,,,Y,,,,Y,,Y,Y,,,N1,Y,N1,105,N1,5,N1,Y,,3,N1,8,,1,1,,,,,,,,,,,,12,1,,,,3,,,,,1,3,2,7,,,,,,,,212,,,,,,,,,,,,,,,,,Y,N1,A1100024,44
2026-07-26 02:49:23,data_go_kr,서울특별시,A1100037,대림성모병원,6,20260726024128,02-829-9129,,,,,,,,,,,,,,,,,,,,,1,,,,,,,,,,,,,,Y,,,,,,Y,N1,,,N1,Y,N1,46,N1,,N1,Y,,4,N1,8,,,2,,,,,,,,,,,,,,,,,4,,,,,1,1,,1,,,,,,,,113,,,,,,,,,,,,,,,,,Y,N1,A1100037,45
2026-07-26 02:49:23,data_go_kr,서울특별시,A1100045,씨엠병원,9,20260726023000,070-4698-7811,,,,,,,,,,,,,,,,,,,,,1,,,,,,,,,,,,,,Y,,,,,,Y,N1,,,N1,Y,N1,40,N1,,N1,Y,,5,N1,9,,,1,,,,,,,,,,,,,,,,,5,,,,,2,2,,6,,,,,,,,110,,,,,,,,,,,,,,,,,Y,N1,A1100045,46
2026-07-26 02:49:23,data_go_kr,서울특별시,A1100023,의료법인청구성심병원,10,20260726024411,02-383-0129,,,,,,,,,,,,,,,,,,,,,1,,,,,,,,,,,,,,Y,,,,,,Y,N1,,,N1,Y,N1,13,N1,2,N1,Y,,3,N1,10,,,1,,,,,,,,,,,,6,,,,,3,,,,,1,1,,4,,,,,,,,196,,,,,,,,,,,,,,,,,Y,N1,A1100023,47
2026-07-26 02:49:23,data_go_kr,서울특별시,A1100029,서울적십자병원,10,20260726024339,02-2002-8888,,,,,,,,,,,,,,,,,,,1,,,,,,,,,,,,,,,,Y,,,,,,Y,N1,,,Y,Y,N1,91,N1,7,N1,Y,,6,N1,10,,1,,,,,,,,,,,,,12,,,,,6,,,,,1,1,,11,,,2,,,,,260,,,,,,,,,,,,,,,,,Y,N1,A1100029,48
2026-07-26 02:49:23,data_go_kr,서울특별시,A1100032,세란병원,10,20260726024522,02-737-0181,,,,,,,,,,,,,,,,,,,,,1,,,,,,,,,,,,,,Y,,,,,,Y,N1,,,N1,Y,N1,49,N1,,N1,Y,,13,N1,10,,,1,,,,,,,,,,,,,,,,,13,,,,,3,5,,3,,,,,,,,205,,,,,,,,,,,,,,,,,Y,N1,A1100032,49
2026-07-26 02:49:23,data_go_kr,서울특별시,A1100075,의료법인풍산의료재단동부제일병원,7,20260726024004,02-490-8880,,,,,,,,,,,,,,,,,,,,,1,,,,,,,,,,,,,,Y,,,,,,Y,N1,,,N1,Y,N1,35,N1,,N1,N,,2,N1,7,,,1,,,,,,,,,,,,,,,,,2,,,,,1,1,,3,,,,,,,,124,,,,,,,,,,,,,,,,,Y,N1,A1100075,50
2026-07-26 02:49:23,data_go_kr,서울특별시,A1100044,녹색병원,3,20260726024503,02-490-2113,,,,,,,,,,,,,,,,,,,1,,4,,,,,2,,,,,,1,Y,,Y,,,,,,Y,N1,,,Y,Y,N1,94,N1,8,N1,Y,,3,N1,5,,1,4,,,,,,,,,,,,17,3,,,,3,,,3,1,2,1,,22,,,1,,,,,293,,,,,,,,,,,,,,,,,Y,N1,A1100044,51
2026-07-26 02:49:23,data_go_kr,부산광역시,A1200003,동아대학교병원,21,20260726024209,051-240-5300,Y,Y,2,5,,,,0,1,,,,,,,,,3,,,,9,,,6,5,10,,,,6,1,Y,,Y,2,,,Y,,Y,Y,4,5,Y,Y,Y,178,Y,8,Y,Y,6,18,N1,26,3,,,16,,,20,,,8,13,,11,7,18,6,30,,,18,,18,3,4,5,3,4,76,11,30,16,4,4,,,738,2,6,,,,4,1,,,,,,,,,,Y,Y,A1200003,1
2026-07-26 02:49:23,data_go_kr,부산광역시,A1200022,인제대학교 해운대백병원,19,20260726024144,051-797-0135,Y,Y,,,,,2,2,,11,,,,,,,,0,1,9,2,6,,,,0,13,,,,,0,Y,Y,Y,,,,Y,,Y,Y,,,Y,Y,Y,173,Y,,Y,Y,0,22,N1,29,3,2,3,12,28,27,23,,,,,,,,,2,30,,,22,,,7,2,5,3,4,72,8,40,17,9,11,1,,710,,,,,5,3,,,,,,,,,,,Y,Y,A1200022,2
2026-07-26 02:49:23,data_go_kr,부산광역시,A1200018,대동병원,12,20260726024519,051-550-9391,,,,,,,,,,,,,,,,,,3,1,,1,,,,,0,,,,,,1,,,Y,,,,Y,,Y,Y,,,Y,Y,N1,73,N1,4,N1,Y,,6,N1,15,3,1,2,,,,,,,,,,,,21,1,,,,6,,,1,,2,1,1,10,,,1,,,,,401,,,,,,,,,,,,,,,,,Y,N1,A1200018,3
2026-07-26 02:49:23,data_go_kr,부산광역시,A1200020,의료법인 온그룹의료재단 온병원,16,20260726024128,051-607-0139,,,,,,,,,,,,,,,,,,,1,,2,,,,,1,,,,,,5,,,Y,,,,Y,,Y,Y,,,Y,Y,N1,171,N1,10,N1,Y,,9,Y,20,,1,2,,,,,,,,,,,,23,1,,,,9,,,6,,4,2,2,7,,,1,,,,1,585,,,,,,,,,,,,,,,,,Y,N1,A1200020,4
2026-07-26 02:49:23,data_go_kr,부산광역시,A1200001,인제대학교부산백병원,16,20260726024512,051-890-5995,Y,Y,,,,,,,,5,,,,,,,,,1,3,2,,,,3,1,,,,,3,2,Y,,Y,1,,,Y,,Y,Y,,,Y,Y,Y,208,Y,6,Y,Y,1,17,Y,18,,1,2,,19,18,35,,,,12,,6,,10,1,,,,17,,20,8,4,5,3,6,68,19,38,16,3,7,,2,691,,,,,,,,,,,,,,,,,Y,Y,A1200001,5
2026-07-26 02:49:23,data_go_kr,부산광역시,A1200005,의료법인 은성의료재단 좋은삼선병원,9,20260726024500,051-310-9119,,,,,,,,,,,,,,,,,3,1,1,,2,,,,2,0,,,,,,2,,,Y,2,,,Y,,Y,Y,,,Y,Y,N1,24,N1,6,N1,Y,,7,N1,13,1,1,2,,,,,,,,5,,4,,19,2,,,,7,,,2,,2,2,2,11,,,1,,,,,375,,,,,,,,,,,,,,3,,,Y,N1,A1200005,6
2026-07-26 02:49:23,data_go_kr,부산광역시,A1200004,고신대학교복음병원,21,20260726024317,051-990-6200,Y,Y,1,4,,,,,,5,,,,,,,,,,7,,,,,9,7,,,,,14,1,Y,,Y,2,,,Y,,Y,Y,2,,Y,Y,Y,181,Y,,Y,Y,15,13,Y,25,,,,,13,8,18,,,5,13,,16,,,7,,,,13,,14,1,7,3,3,5,53,13,19,14,3,1,,1,685,1,4,,,,,,,,,,,,,,,Y,Y,A1200004,7
2026-07-26 02:49:23,data_go_kr,부산광역시,A1200002,부산대학교병원,17,20260726024500,051-240-7776,Y,Y,,,,,1,,,3,,,,0,0,0,,3,1,,2,-4,,,,3,3,,28,2,7,4,Y,,Y,0,2,12,Y,15,Y,Y,,,Y,Y,Y,412,Y,6,Y,Y,1,26,N,17,3,1,2,2,10,,20,,,,0,42,,,24,4,3,,82,26,2,19,10,12,9,6,10,100,17,17,21,9,21,,1,901,,,,,2,,,,,,0,0,0,,2,12,Y,Y,A1200002,8
2026-07-26 02:49:23,data_go_kr,부산광역시,A1200007,비에이치에스한서병원,17,20260726024544,051-998-1119,,,,,,,,,,,,,,,,,,,1,,2,2,,,,,3,,,,,,,,Y,,,,Y,,Y,Y,,,Y,Y,Y,83,N1,7,N1,Y,,4,N1,17,,1,2,2,,,,,,,,,,,14,,3,,,4,,,,,1,1,2,11,,,1,1,,,,280,,,,,,,,,,,,,,,,,Y,N1,A1200007,9
2026-07-26 02:49:23,data_go_kr,부산광역시,A1200028,(의)서일의료재단기장병원,7,20260726024445,051-723-2119,,,,,,,,,,,,,,,,,,,,,1,,,,,,,,,,,,,,Y,,,,,,Y,N1,,,N1,Y,N1,20,N1,,N1,Y,,3,N1,9,,,1,,,,,,,,,,,,,,,,,3,,,,,1,1,,1,,,,,,,,154,,,,,,,,,,,,,,,,,Y,N1,A1200028,10
2026-07-26 02:49:23,data_go_kr,부산광역시,A1200015,동남권원자력의학원원자력병원,9,20260726024302,051-720-5911,,,,,,,,,,,,,,,,,,,1,,,,,,,,,,,,,,,,Y,,,,Y,,Y,Y,,,Y,Y,Y,108,N1,7,N1,Y,,8,N1,9,,1,,,,,,,,,,,,,12,,,,,8,,,,,2,2,2,12,,,1,0,,,,261,,,,,,,,,,,,,,,,,Y,N1,A1200015,11
2026-07-26 02:49:23,data_go_kr,부산광역시,A1200013,부산성모병원(재단법인 천주교부산교구유지재단),8,20260726024510,051-933-7119,Y,Y,,,,,,,,,,,,,,,4,4,1,,,,,,,2,,,,,,1,,,Y,,,,,,Y,N1,,,Y,Y,N1,81,N1,9,Y,Y,7,7,N1,10,4,1,,,,,10,,,,,,,,18,2,,,,7,,,2,,1,1,,6,14,13,1,,,,,373,,,,,,,,,,,,,,4,,,Y,Y,A1200013,12
2026-07-26 02:49:23,data_go_kr,부산광역시,A1200026,좋은문화병원,3,20260726024515,051-630-0909,Y,Y,,,,,,,,,,,,,,,,2,1,,2,,,,,,,,,,,2,Y,,Y,,,,,,Y,N1,,,N1,Y,N1,48,N1,4,Y,Y,-1,0,Y,7,2,1,2,,,,12,,,,,,,,8,,,,,8,,,2,8,2,2,,3,6,17,,,,,1,270,,,,,,,,,,,,,,,,,Y,Y,A1200026,13
2026-07-26 02:49:23,data_go_kr,부산광역시,A1200017,의료법인정화의료재단 봉생기념병원,7,20260726023828,051-664-4119,,,,,,,,,,3,,,,,,,,,,2,2,,,,,,,,,,3,1,,,Y,,,,Y,,Y,Y,,,Y,Y,N1,48,N1,,N1,Y,,8,N1,9,,,2,,11,11,,,,,,,,,,,,,,8,,31,1,,1,2,2,11,,,4,,,,,335,,,,,,,,,,,,,,,,,Y,N1,A1200017,14
2026-07-26 02:49:23,data_go_kr,부산광역시,A1200011,동래봉생병원,4,20260726024306,051-520-5700,,,,,,,,,,,,,,,,,,,1,,1,,,,,2,,,,,,,,,Y,,,,Y,,Y,Y,,,Y,Y,N1,42,N1,4,N1,Y,,7,N1,8,,1,1,,,,,,,,,,,,18,2,,,,7,,,,,1,2,2,11,,,1,,,,,241,,,,,,,,,,,,,,,,,Y,N1,A1200011,15
2026-07-26 02:49:23,data_go_kr,부산광역시,A1200009,의료법인 광혜의료재단 광혜병원,8,20260726024343,051-504-2119,,,,,,,,,,,,,,,,,,,2,,1,,,,,,,,,,,0,,,Y,,,,,,Y,N1,,,N1,Y,N1,71,N1,0,N1,Y,,3,N1,9,,2,1,,,,,,,,,,,,9,,,,,3,,,1,,1,1,,4,,,,,,,,190,,,,,,,,,,,,,,,,,Y,N1,A1200009,16
2026-07-26 02:49:23,data_go_kr,부산광역시,A1200019,학교법인)동의병원,13,20260726024300,051-850-8777,,,,,,,,,,,,,,,,,,,,,1,,,,,,,,,,,,,,Y,,,,Y,,Y,Y,,,Y,Y,Y,101,N1,16,N1,Y,,1,N1,14,,,1,,,,,,,,,,,,23,,,,,5,,,,,2,2,2,7,,,2,1,,,,448,,,,,,,,,,,,,,,,,Y,N1,A1200019,17
2026-07-26 02:49:23,data_go_kr,부산광역시,A1200025,학교법인 춘해병원,7,20260726024407,051-608-0119,,,,,,,,,,,,,,,,,,,,,1,,,,,,,,,,,,,,Y,,,,,,Y,N1,,,N1,Y,N1,57,N1,,N1,Y,,4,N1,9,,,1,,,,,,,,,,,,,,,,,4,,,,,1,1,,3,,,,,,,,201,,,,,,,,,,,,,,,,,Y,N1,A1200025,18
2026-07-26 02:49:23,data_go_kr,부산광역시,A1200045,구포성심병원,5,20260726024527,051-330-2090,,,,,,,,,,,,,,,,,,,,,1,,,,,,,,,,,,,,Y,,,,Y,,Y,Y,,,N1,Y,N1,23,N1,,N1,Y,,4,N1,9,,,1,,,,,,,,,,,,,,,,,4,,,,,1,1,1,4,,,,,,,,243,,,,,,,,,,,,,,,,,Y,N1,A1200045,19
2026-07-26 02:49:23,data_go_kr,부산광역시,A1200006,의료법인 인당의료재단 부민병원,5,20260726024136,051-330-3129,,,,,,,,,,,,,,,,,,,1,,1,,,,,1,,,,,,,,,Y,,,,Y,,Y,Y,,,Y,Y,N1,19,N1,2,N1,Y,,8,N1,10,,1,1,,,,,,,,,,,,18,1,,,,8,,,,,2,3,1,7,,,1,,,,,366,,,,,,,,,,,,,,,,,Y,N1,A1200006,20
2026-07-26 02:49:23,data_go_kr,부산광역시,A1200016,한국보훈복지의료공단 부산보훈병원,11,20260726024258,051-601-6183,,,,,,,,,,,,,,,,,,,1,,1,,,,,1,,,,,,,,,Y,,,,Y,,Y,Y,,,N1,Y,N1,30,N1,6,N1,Y,,7,N1,11,,1,1,,,,,,,,,,,,9,1,,,,7,,,,,2,3,2,11,,,,,,,,452,,,,,,,,,,,,,,,,,Y,N1,A1200016,21
2026-07-26 02:49:23,data_go_kr,부산광역시,A1200021,삼육부산병원,9,20260726024339,051-600-7750,,Y,,,,,,,,,,,,,,,,,1,,,,,,,0,,,,,,,Y,,Y,,,,Y,,Y,Y,,,Y,Y,Y,6,N1,1,Y,Y,,,N1,9,,1,,,,,,,,,,,,,14,1,,,,,,,,1,2,1,1,9,,1,2,1,,,,302,,,,,,,,,,,,,,,,,Y,N1,A1200021,22
2026-07-26 02:49:23,data_go_kr,부산광역시,A1200008,의료법인 은성의료재단 좋은강안병원,14,20260726024459,051-610-9119,,,,,,,,,,,,,,,,,,,1,,2,,,,,1,,,,,,0,,,Y,,,,Y,,Y,Y,,,Y,Y,Y,79,N1,5,N1,Y,,11,N1,18,,1,2,,,,,,,,,,,,30,2,,,,11,,,3,,4,3,3,12,,,5,1,,,,535,,,,,,,,,,,,,,,,,Y,N1,A1200008,23
2026-07-26 02:49:23,data_go_kr,부산광역시,A1200098,의료법인 센텀의료재단 센텀종합병원,7,20260726023906,051-750-5119,,,,,,,,,,,,,,,,,,,,,1,,,,,1,,,,,,,,,Y,,,,Y,,Y,Y,,,N1,Y,N1,22,N1,2,N1,Y,,9,N1,9,,,1,,,,,,,,,,,,16,1,,,,9,,,,,2,2,1,11,,,,,,,,338,,,,,,,,,,,,,,,,,Y,N1,A1200098,24
2026-07-26 02:49:23,data_go_kr,부산광역시,A1200024,부산광역시의료원,16,20260726024313,051-607-2140,,N,,,,,,,,5,,,,,,,,,1,6,1,,,,,,,,,,8,6,N,,Y,,,,Y,,Y,Y,,,Y,Y,N1,122,N1,,N,Y,,7,N1,18,,1,1,,13,14,,,,,,,,,,,,,,7,,29,7,1,1,1,2,19,,2,4,,,,,398,,,,,,,,,,,,,,,,,Y,N1,A1200024,25
2026-07-26 02:49:23,data_go_kr,부산광역시,A1200012,의료법인 행도의료재단 해동병원,5,20260726024425,051-410-6688,,,,,,,,,,,,,,,,,,,1,,,,,,,,,,,,,0,,,Y,,,,,,Y,N1,,,Y,Y,N1,34,N1,4,N1,Y,,3,Y,6,,1,,,,,,,,,,,,,9,,,,,3,,,0,,1,1,,5,,,1,,,,12,256,,,,,,,,,,,,,,,,,Y,N1,A1200012,26
2026-07-26 02:49:23,data_go_kr,부산광역시,A1200014,영도병원,6,20260726024413,051-419-7575,,,,,,,,,,,,,,,,,,,1,,1,,,,,,,,,,,,,,Y,,,,,,Y,N1,,,N1,Y,N1,20,N1,2,N1,Y,,3,N1,7,,1,1,,,,,,,,,,,,10,,,,,3,,,,,1,1,,7,,,,,,,,217,,,,,,,,,,,,,,,,,Y,N1,A1200014,27
2026-07-26 02:49:23,data_go_kr,부산광역시,A1200023,재단법인천주교부산교구유지재단 메리놀병원,6,20260726024508,051-461-2300,,,,,,,,,,,,,,,,,,,,,1,,,,,0,,,,,,,Y,,Y,,,,Y,,Y,Y,,,Y,Y,N1,101,N1,3,N1,Y,,8,N1,9,,,1,,,,,,,,,,,,18,1,,,,8,,,,1,1,1,1,9,,,2,,,,,380,,,,,,,,,,,,,,,,,Y,N1,A1200023,28
2026-07-26 02:49:23,data_go_kr,부산광역시,A1205143,의료법인 인당의료재단 해운대부민병원,9,20260726024136,051-602-8119,,,,,,,,,,,,,,,,,,,1,,,,,,,0,,,,,,0,,,Y,,,,Y,,Y,Y,,,Y,Y,N1,40,N1,6,N1,Y,,8,Y,9,,1,,,,,,,,,,,,,19,2,,,,8,,,3,,2,2,1,10,,,1,,,,1,360,,,,,,,,,,,,,,,,,Y,N1,A1205143,29
2026-07-26 02:49:23,data_go_kr,대구광역시,A1300001,영남대학교병원,23,20260726024237,053-620-3177,Y,Y,,0,,,1,3,,2,0,,,,,,,3,2,10,3,7,,,1,3,5,,,,10,4,Y,,Y,6,,,Y,,Y,Y,,,Y,Y,Y,205,Y,,Y,Y,2,23,Y,28,3,2,3,21,10,15,15,,,,14,,7,,,13,30,,,23,,20,7,2,4,4,4,75,5,11,8,5,5,,1,704,,0,,,1,3,,0,,,,,,,,,Y,Y,A1300001,1
2026-07-26 02:49:23,data_go_kr,대구광역시,A1300002,경북대학교병원,16,20260726024205,053-200-5100,Y,Y,2,3,,,,,,4,,,,,,,,4,,4,,11,,,5,,30,,15,2,9,4,Y,,Y,4,2,5,Y,3,Y,Y,2,4,Y,Y,Y,182,Y,,Y,Y,1,17,N1,25,4,,,20,7,7,15,,,6,7,20,10,11,,,44,,40,17,2,20,5,2,5,5,5,82,8,11,11,9,5,,,582,2,3,,,,,,,,,,,,,2,6,Y,Y,A1300002,2
2026-07-26 02:49:23,data_go_kr,대구광역시,A1300004,대구가톨릭대학교병원,12,20260726024138,053-650-3000,Y,Y,,,,,,,,1,,,,,,,,,1,2,3,,,,,2,,,,,1,3,Y,Y,Y,2,,,Y,,Y,Y,,,Y,Y,Y,301,Y,0,Y,Y,4,19,N1,24,,1,3,,15,25,42,,,,16,,,,0,6,,,,19,,20,9,2,3,3,5,58,20,32,8,3,4,1,,704,,,,,,,,,,,,,,,,,Y,Y,A1300004,3
2026-07-26 02:49:23,data_go_kr,대구광역시,A1300003,계명대학교동산병원,6,20260726024443,053-258-6306,Y,Y,,,,,,,,0,,,,,,,,,2,1,3,,0,,,0,12,,,,3,4,Y,Y,Y,3,,,Y,,Y,Y,6,,Y,Y,Y,276,Y,2,Y,Y,2,24,Y,20,,2,3,,11,13,39,7,,8,15,,,,10,4,20,,,24,,20,16,6,6,5,7,56,13,37,9,4,14,1,2,769,,,,,,,,,,,,,,,,,Y,Y,A1300003,4
2026-07-26 02:49:23,data_go_kr,대구광역시,A1300009,대구파티마병원,4,20260726024500,053-940-7119,Y,Y,,,,,,,,3,,,,,,,,3,2,3,4,2,,,,2,3,,,,,,Y,,Y,8,,,Y,,Y,Y,,,Y,Y,Y,187,Y,,Y,Y,2,17,N1,25,5,2,5,2,17,8,8,,,,12,,,,,9,4,,,17,,,,2,5,3,4,32,11,19,5,1,1,,,539,,,,,,,,,,,,,,,,,Y,Y,A1300009,5
2026-07-26 02:49:23,data_go_kr,대구광역시,A1300010,칠곡경북대학교병원,16,20260726024506,053-200-2100,Y,Y,,,1,1,,,,4,,,,,,,,6,1,10,3,,3,1,,4,0,3,,,12,13,Y,,Y,,,,Y,,Y,Y,,,Y,Y,Y,259,Y,,Y,Y,5,19,N1,23,7,1,3,,10,15,39,10,2,,,,,,,4,0,8,,19,,20,13,2,8,5,8,52,9,27,9,3,1,,,760,,,1,1,,,,,,,,,,,,,Y,Y,A1300010,6
2026-07-26 02:49:23,data_go_kr,대구광역시,A1300034,드림종합병원,6,20260726024500,053-640-8575,,,,,,,,,,,,,,,,,1,,,,1,,,,,,,,,,,,,,Y,,,,Y,,Y,Y,,,Y,Y,Y,26,N1,,N1,N,,3,N1,8,,,1,,,,,,,,,,,,,,,,,3,,,,,2,1,1,2,,,1,1,,,,159,,,,,,,,,,,,,,1,,,Y,N1,A1300034,7
2026-07-26 02:49:23,data_go_kr,대구광역시,A1300006,의료법인구의료재단구병원,9,20260726024450,053-557-7119,,,,,,,,,,,,,,,,,,,,,1,,,,,0,,,,,,,,,Y,,,,,,Y,N1,,,N1,Y,N1,66,N1,7,N1,Y,,9,N1,10,,,1,,,,,,,,,,,,18,1,,,,9,,,,,3,1,,3,,,,,,,,235,,,,,,,,,,,,,,,,,Y,N1,A1300006,8
2026-07-26 02:49:23,data_go_kr,대구광역시,A1300110,더블유병원,10,20260726024322,053-550-5019,,,,,,,,,,,,,,,,,,,,,1,,,,,,,,,,,,,,Y,,,,,,Y,N1,,,N1,Y,N1,92,N1,,N1,N,,8,Y,10,,,1,,,,,,,,,,,,,,,,,8,,,,,1,1,,1,,,,,,,8,431,,,,,,,,,,,,,,,,,Y,N1,A1300110,9
2026-07-26 02:49:23,data_go_kr,대구광역시,A1300011,한국보훈복지의료공단대구보훈병원,10,20260726024422,053-630-7014,,,,,,,,,,,,,,,,,,,1,,1,,,,,1,,,,,,1,,,Y,,,,Y,,Y,Y,,,N1,Y,N1,52,N1,3,N1,Y,,6,N1,12,,1,1,,,,,,,,,,,,13,1,,,,6,,,1,,1,3,2,9,,,,,,,,406,,,,,,,,,,,,,,,,,Y,N1,A1300011,10
2026-07-26 02:49:23,data_go_kr,대구광역시,A1300045,삼일병원,12,20260726024456,053-659-3119,,,,,,,,,,,,,,,,,,,1,,,,,,,,,,,,,,,,Y,,,,Y,,Y,Y,,,N1,Y,N1,59,N1,,N1,N,,4,N1,14,,1,,,,,,,,,,,,,,,,,,4,,,,,3,2,1,3,,,,,,,,299,,,,,,,,,,,,,,,,,Y,N1,A1300045,11
2026-07-26 02:49:23,data_go_kr,대구광역시,A1300038,나사렛종합병원,2,20260726024143,053-643-3119,,,,3,,,,,,,,,,,,,,,,,1,,,,,1,,,,,,,,,Y,,,,Y,,Y,Y,,,Y,Y,N1,30,N1,5,N1,Y,,5,N1,9,,,1,,,,,,,,,,,,28,1,,,,5,,,,,2,2,2,5,,,1,,,,,231,,9,,,,,,,,,,,,,,,Y,N1,A1300038,12
2026-07-26 02:49:23,data_go_kr,대구광역시,A1300018,강남종합병원,15,20260726023612,053-980-9018,,,,,,,,,,,,,,,,,,,1,,,,,,,,,,,,,1,,,Y,,,,,,Y,N1,,,N1,Y,N1,57,N1,,N1,Y,,7,N1,15,,1,,,,,,,,,,,,,,,,,,7,,,1,,2,2,,2,,,,,,,,207,,,,,,,,,,,,,,,,,Y,N1,A1300018,13
2026-07-26 02:49:23,data_go_kr,대구광역시,A1300005,대구가톨릭대학교칠곡가톨릭병원,5,20260726024351,053-320-2111,,,,,,,,,,,,,,,,,,,,,1,,,,,,,,,,,,,,Y,,,,,,Y,N1,,,N1,Y,N1,37,N1,,N1,Y,,3,N1,9,,,1,,,,,,,,,,,,,,,,,3,,,,,2,2,,1,,,,,,,,161,,,,,,,,,,,,,,,,,Y,N1,A1300005,14
2026-07-26 02:49:23,data_go_kr,대구광역시,A1300076,대구굿모닝병원,16,20260726024403,053-620-9119,,,,,,,,,,,,,,,,,,,1,,1,,,,,1,,,,,,,,,Y,,,,Y,,Y,Y,,,N1,Y,N1,75,N1,2,N1,Y,,4,N1,17,,1,1,,,,,,,,,,,,26,1,,,,4,,,,,2,4,2,13,,,,,,,,226,,,,,,,,,,,,,,,,,Y,N1,A1300076,15
2026-07-26 02:49:23,data_go_kr,대구광역시,A1300007,대구의료원,18,20260726024501,053-560-7288,,Y,,,,,,,,,,,,,,,,,1,,1,,,,,0,,,,,1,1,Y,,Y,,,,,,Y,N1,,,N1,Y,N1,45,N1,5,Y,Y,,4,N1,18,,1,1,,,,,,,,,,,,18,1,,,,4,,82,3,1,1,1,,13,,4,,,,,,254,,,,,,,,,,,,,,,,,Y,N1,A1300007,16
2026-07-26 02:49:23,data_go_kr,대구광역시,A1300081,(재)미리내천주성삼성직수도회천주성삼병원,8,20260726024500,053-790-0555,,,,,,,,,,,,,,,,,,,,,1,,,,,,,,,,,,,,Y,,,,,,Y,N1,,,N1,Y,N1,20,N1,,N1,Y,,4,N1,9,,,1,,,,,,,,,,,,,,,,,4,,,,,1,2,,4,,,,,,,,294,,,,,,,,,,,,,,,,,Y,N1,A1300081,17
2026-07-26 02:49:23,data_go_kr,대구광역시,A1300008,곽병원,8,20260726024520,053-605-3333,,,,,,,,,,,,,,,,,,,,,2,,,,,,,,,,,,,,Y,,,,,,Y,N1,,,N1,Y,N1,17,N1,,N1,Y,,4,N1,10,,,2,,,,,,,,,,,,,,,,,4,,,,,1,1,,2,,,,,,,,221,,,,,,,,,,,,,,,,,Y,N1,A1300008,18
2026-07-26 02:49:23,data_go_kr,대구광역시,A1303386,계명대학교대구동산병원,12,20260726024401,053-250-8481,,,,,,,,,,,,,,,,,,,1,,1,,,,,0,,,,,,,N,,Y,,,,Y,,Y,Y,,,Y,Y,N1,39,N,0,N1,Y,,3,N1,12,,1,1,,,,,,,,,,,,7,5,,,,3,,,,0,2,1,1,6,,,6,,0,,,196,,,,,,,,,,,,,,,,,Y,N1,A1303386,19
2026-07-26 02:49:23,data_go_kr,인천광역시,A1400001,의료법인 길의료재단 길병원,10,20260726024535,032-460-3012,Y,Y,2,3,1,1,,0,,6,,,,,2,,,4,,5,,4,,2,3,5,25,2,9,2,11,12,Y,,Y,3,2,6,Y,4,Y,Y,,0,Y,Y,Y,428,Y,,Y,Y,0,3,Y,23,9,,,18,38,11,30,,2,,14,20,6,4,,11,30,6,47,3,2,18,13,3,6,6,7,113,19,40,19,10,6,,1,995,2,3,1,1,,2,,,,,,3,,,2,6,Y,Y,A1400001,1
2026-07-26 02:49:23,data_go_kr,인천광역시,A1400002,인하대학교의과대학부속병원,13,20260726024105,032-890-2301,Y,Y,,,1,1,,,,2,,,,,,,,4,2,0,5,1,0,0,2,0,6,4,,,3,7,Y,Y,Y,,,,Y,,Y,Y,,,Y,Y,Y,212,Y,2,Y,Y,0,16,Y,20,7,2,5,20,25,13,27,3,2,,,,7,,23,3,30,6,,16,,15,7,4,6,3,5,109,17,27,13,9,7,1,2,681,,,1,1,,,,,,,,,,,,,Y,Y,A1400002,2
2026-07-26 02:49:23,data_go_kr,인천광역시,A1400010,검단탑병원,16,20260726024514,032-590-0077,,,,,,,,,,,,,,,,,,,1,,2,,,,,0,,,,,,0,,,Y,,,,Y,,Y,Y,,,Y,Y,N1,53,N1,7,N1,Y,,6,N1,18,,1,2,,,,,,,,,,,,15,3,,,,6,,,2,,2,2,1,11,,,1,,,,,279,,,,,,,,,,,,,,,,,Y,N1,A1400010,3
2026-07-26 02:49:23,data_go_kr,인천광역시,A1403372,인천세종병원,16,20260726024509,032-240-8119,,,,,,,,,,,,,,,,,,,3,,,1,,,,1,2,,,,,3,,,Y,,,,Y,,Y,Y,,,Y,Y,Y,86,Y,10,N1,Y,,7,N1,18,,3,,2,,,,,,,,,,,20,2,3,,,7,,,6,,2,2,3,13,,,4,5,1,,,274,,,,,,,,,,,,,,,,,Y,N1,A1403372,4
2026-07-26 02:49:23,data_go_kr,인천광역시,A1400014,의료법인인성의료재단한림병원,13,20260726024049,032-540-9119,,,,,,,,,,,,,,,,,,,2,,2,,,,,2,,,,,,2,Y,,Y,,,,Y,,Y,Y,,,Y,Y,Y,60,N1,3,N1,Y,,6,N1,17,,2,2,,,,,,,,,,,,21,2,,,,6,,,2,1,3,2,2,20,,,3,3,,,,391,,,,,,,,,,,,,,,,,Y,N1,A1400014,5
2026-07-26 02:49:23,data_go_kr,인천광역시,A1400016,인천사랑병원,9,20260726024350,032-457-2119,,Y,,,,,,,,,,,,,,,4,,1,,2,,,,,1,0,,,,,1,Y,,Y,,,,Y,,Y,Y,,,Y,Y,N1,25,Y,13,Y,Y,,7,N1,14,,1,2,,,,,,,,,,,,17,1,5,,,7,,,1,1,2,1,1,12,,1,2,,1,,,281,,,,,,,,,,,,,,4,,,Y,N1,A1400016,6
2026-07-26 02:49:23,data_go_kr,인천광역시,A1400012,가톨릭대학교 인천성모병원,12,20260726024509,032-280-6107,Y,Y,,,,,,,,-1,,,,,,,,4,3,0,4,7,,,,0,,,,,,3,Y,,Y,7,,,Y,,Y,Y,,,Y,Y,Y,140,Y,,Y,Y,-1,17,N1,19,4,3,5,12,15,18,13,,,,15,,,,,10,,,,17,,,9,1,4,4,5,53,5,14,11,5,4,,,579,,,,,,,,,,,,,,,,,Y,Y,A1400012,7
2026-07-26 02:49:23,data_go_kr,인천광역시,A1400013,안은의료재단 부평세림병원,15,20260726024511,032-509-5777,,,,,,,,,,,,,,,,,,,1,,3,2,,,,1,0,,,,,2,,,Y,,,,Y,,Y,Y,,,Y,Y,Y,44,N1,5,N1,Y,,4,N1,16,,1,3,2,,,,,,,,,,,11,2,3,,,4,,,2,,3,2,1,9,,,1,1,,,,234,,,,,,,,,,,,,,,,,Y,N1,A1400013,8
2026-07-26 02:49:23,data_go_kr,인천광역시,A1400015,가톨릭관동대학교국제성모병원,13,20260726024714,032-290-3065,Y,Y,5,0,,,,,,6,,,18,,,,,3,0,,0,,,,,,,,,,3,3,Y,,Y,-4,,,Y,,Y,Y,,,Y,Y,N,238,Y,,Y,Y,,11,N1,23,3,0,0,,40,,,,,,13,,,,,,,,,11,,11,3,2,3,2,3,34,2,11,6,2,1,,,641,5,0,,,,,,,,21,,,,,,,Y,Y,A1400015,9
2026-07-26 02:49:23,data_go_kr,인천광역시,A1400003,의료법인 루가의료재단 나은병원,8,20260726024349,032-584-4119,,Y,,,,,,,,4,,,,,,,7,,1,6,2,,,,,3,,,,,,8,Y,,Y,,,,Y,,Y,Y,,,Y,Y,Y,91,Y,,Y,Y,,10,N1,11,,1,2,,14,13,,,,,,,,,,3,,,,10,,,9,1,2,2,3,17,,1,3,1,1,,,367,,,,,,,,,,,,,,7,,,Y,N1,A1400003,10
2026-07-26 02:49:23,data_go_kr,인천광역시,A1400011,의료법인 나사렛의료재단 나사렛국제병원,15,20260726024241,032-899-9699,,,,,,,,,,,,,,,,,,,1,,2,,,,,1,,,,,,,,,Y,,,,Y,,Y,Y,,,Y,Y,N1,67,N1,2,N1,Y,,5,N1,17,,1,2,,,,,,,,,,,,16,1,,,,5,,,,,2,2,2,8,,,2,,,,,282,,,,,,,,,,,,,,,,,Y,N1,A1400011,11
2026-07-26 02:49:23,data_go_kr,인천광역시,A1403617,비에스종합병원,8,20260726024059,032-290-0119,,Y,,,,,,,,,,,,,,,,,1,,,,,,,1,,,,,,,Y,,Y,,,,Y,,Y,Y,,,Y,Y,N1,102,N1,3,Y,N1,1,2,N1,10,,1,,,,,1,,,,,,,,18,1,,,,2,,,,1,1,,1,6,,1,1,,,,,180,,,,,,,,,,,,,,,,,Y,N1,A1403617,12
2026-07-26 02:49:23,data_go_kr,인천광역시,A1400005,온누리병원,8,20260726024525,032-568-9112,,,,,,,,,,,,,,,,,,,1,,1,,,,,,,,,,,,,,Y,,,,,,Y,N1,,,N1,Y,N1,44,N1,,N1,Y,,3,N1,9,,1,1,,,,,,,,,,,,,,,,,3,,,,,1,1,,5,,,,,,,,190,,,,,,,,,,,,,,,,,Y,N1,A1400005,13
2026-07-26 02:49:23,data_go_kr,인천광역시,A1403871,인천힘찬종합병원,16,20260726024237,032-459-3168,,,,,,,,,,,,,,,,,,,1,,2,,,,,0,,,,,,,,,Y,,,,,,Y,N1,,,N1,Y,N1,62,N1,2,N1,Y,,7,N1,17,,1,2,,,,,,,,,,,,8,1,,,,7,,,,,2,2,,1,,,,,,,,235,,,,,,,,,,,,,,,,,Y,N1,A1403871,14
2026-07-26 02:49:23,data_go_kr,인천광역시,A1400004,현대유비스병원,17,20260726024117,032-890-5582,,,,,,,,,,,,,,,,,,,1,,,,,,,1,,,,,,,,,Y,,,,Y,,Y,Y,,,Y,Y,N1,16,N1,5,N1,Y,,6,N1,18,,1,,,,,,,,,,,,,13,1,,,,6,,,,,2,2,1,8,,,2,,,,,285,,,,,,,,,,,,,,,,,Y,N1,A1400004,15
2026-07-26 02:49:23,data_go_kr,인천광역시,A1400008,(의)성세의료재단 뉴성민병원,9,20260726024022,032-726-1119,,,,,,,,,,,,,,,0,,,,,,1,,,,,2,,,,,,,,,Y,,,,,,Y,N1,,,Y,Y,N1,128,N1,9,N1,Y,,6,Y,9,,,1,,,,,,,,,,,,17,2,,,,6,,,,,2,2,,11,,,2,,,,1,265,,,,,,,,,,,,0,,,,,Y,N1,A1400008,16
2026-07-26 02:49:23,data_go_kr,인천광역시,A1400018,인천적십자병원,8,20260726024236,032-899-4119,,,,,,,,,,,,,,,,,,,1,,1,,,,,,,,,,,,,,Y,,,,,,Y,N1,,,N1,Y,N1,64,N1,3,N1,Y,,3,N1,8,,1,1,,,,,,,,,,,,8,,,,,3,,,,,1,1,,2,,,,,,,,104,,,,,,,,,,,,,,,,,Y,N1,A1400018,17
2026-07-26 02:49:23,data_go_kr,인천광역시,A1400037,인천광역시의료원백령병원,5,20260726024501,032-836-1732,Y,Y,,,,,,,,,,,,,,,,,,,1,,,,,,,,,,,,,,Y,,,,,,Y,N1,,,N1,Y,N1,30,N1,,Y,N1,,1,N1,5,,,1,,,,,,,,,,,,,,,,,1,,,,,1,,,1,1,2,,,,,,30,,,,,,,,,,,,,,,,,Y,Y,A1400037,18
2026-07-26 02:49:23,data_go_kr,인천광역시,A1400009,인천기독병원,8,20260726024425,032-270-8300,,,,,,,,,,,,,,,,,,,,,1,,,,,,,,,,,,,,Y,,,1,,,Y,N1,,,N1,Y,N1,37,N1,10,N1,Y,,4,N1,8,,,1,,,,,,,,,,,,10,,,,,4,,,,,1,1,,1,,,,,,,,139,,,,,,,,,,,,,,,,1,Y,N1,A1400009,19
2026-07-26 02:49:23,data_go_kr,인천광역시,A1400017,인천광역시의료원,15,20260726024502,032-580-6119,,,,,,,,,,,,,,,,,,,2,,,,,,,0,,,,,24,7,,,Y,,,,,,Y,N1,,,N1,Y,N1,28,N1,5,N1,Y,,6,N1,15,,2,,,,,,,,,,,,,13,0,,,,6,,45,7,,1,1,,19,,,,,,,,198,,,,,,,,,,,,,,,,,Y,N1,A1400017,20
2026-07-26 02:49:23,data_go_kr,인천광역시,A1400007,의료법인 성수의료재단 인천백병원,5,20260726024413,032-280-8119,,,,,,,,,,,,,,,,,,,,,1,,,,,,,,,,,,,,Y,,,,,,Y,N1,,,Y,Y,N1,42,N1,2,N1,Y,,4,N1,5,,,1,,,,,,,,,,,,12,,,,,4,,,,,2,2,,6,,,1,,,,,189,,,,,,,,,,,,,,,,,Y,N1,A1400007,21
2026-07-26 02:49:23,data_go_kr,대전광역시,A1600006,학교법인건양교육재단건양대학교병원,21,20260726024035,042-600-9119,Y,Y,,0,,,1,1,4,,0,0,0,0,,0,,2,2,,3,9,,,,4,6,,,,11,1,Y,,Y,,,,Y,,Y,Y,,,Y,Y,Y,317,Y,37,Y,Y,0,20,Y,24,5,2,3,16,,,24,,,,,,,,59,5,28,,,20,,20,1,2,4,4,4,46,17,23,10,3,1,,1,658,,0,,,1,3,4,0,0,0,0,,0,,,,Y,Y,A1600006,1
2026-07-26 02:49:23,data_go_kr,대전광역시,A1600001,충남대학교병원,11,20260726024400,042-280-8129,Y,Y,0,0,,,,,,2,,,,,,,0,0,2,5,3,6,2,,3,6,23,,,,16,9,Y,,Y,,,,Y,,Y,Y,,,Y,Y,Y,289,Y,3,Y,Y,9,20,N1,28,6,2,3,20,16,14,34,5,,,,,10,,12,8,30,,,21,,26,14,5,5,4,5,76,12,36,6,8,2,,,966,0,0,,,,,,,,,,,,0,,,Y,Y,A1600001,2
2026-07-26 02:49:23,data_go_kr,대전광역시,A1600002,학교법인을지학원대전을지대학교병원,21,20260726024500,042-259-1119,Y,Y,,,,,,,,5,,0,0,-10,-5,8,3,,2,5,1,,,,4,2,,,4,2,6,,Y,,Y,,2,5,Y,4,Y,Y,,,Y,Y,Y,96,Y,,Y,Y,16,15,N1,21,,2,1,,20,20,20,,,,,20,5,,,11,,,40,15,2,20,,16,4,2,4,70,12,47,7,3,3,,,331,,,,,,,,,0,0,0,0,30,3,2,6,Y,Y,A1600002,3
2026-07-26 02:49:23,data_go_kr,대전광역시,A1600007,의료법인영훈의료재단유성선병원,10,20260726024529,042-609-1119,,,,,,,,,,,,,,,,,,,2,,1,,,,,1,,,,,,1,Y,,Y,,,,Y,,Y,Y,,,Y,Y,Y,105,N1,3,N1,Y,,-4,Y,17,,2,1,,,,,,,,,,,,19,1,,,,7,,,1,1,3,3,2,17,,,2,1,,,1,368,,,,,,,,,,,,,,,,,Y,N1,A1600007,4
2026-07-26 02:49:23,data_go_kr,대전광역시,A1600005,학교법인가톨릭학원가톨릭대학교대전성모병원,10,20260726024509,042-220-9118,Y,Y,,,,,,,,3,,,,,,,,,3,1,,,,,3,0,,,,,,3,Y,,Y,1,,,Y,,Y,Y,1,0,Y,Y,Y,151,N1,,Y,Y,4,12,N1,19,,3,,,15,3,4,,,3,9,,3,2,,1,,,,12,,,4,1,3,2,4,24,5,7,5,2,,,,537,,,,,,,,,,,,,,,,,Y,Y,A1600005,5
2026-07-26 02:49:23,data_go_kr,대전광역시,A1600008,의료법인영훈의료재단대전선병원,15,20260726024039,042-220-8129,,,,,,,,,,,,,,,,,,,1,,3,,,,,-1,,,,,,0,Y,,Y,,,,Y,,Y,Y,,,Y,Y,N1,78,N1,7,N1,Y,,7,N1,17,,1,3,,,,,,,,,,,,24,1,,,,7,,,1,1,2,2,2,11,,,3,,,,,311,,,,,,,,,,,,,,,,,Y,N1,A1600008,6
2026-07-26 02:49:23,data_go_kr,대전광역시,A1600004,대전보훈병원,7,20260726024053,042-939-0100,,,,,,,,,,,,,,,,,,,1,,1,,,,,1,,,,,,1,,,Y,,,,Y,,Y,Y,,,N1,Y,N1,70,N1,3,N1,Y,,5,N1,7,,1,1,,,,,,,,,,,,10,1,,,,5,,,1,,1,3,1,12,,,,,,,,316,,,,,,,,,,,,,,,,,Y,N1,A1600004,7
2026-07-26 02:49:23,data_go_kr,대전광역시,A1600003,대전한국병원,7,20260726024503,042-606-1119,,Y,,,,,,,,,,,,,,,,,1,,,,,,,,,,,,,,Y,,Y,,,,Y,,Y,Y,,,Y,Y,N1,43,N1,5,Y,Y,,4,N1,9,,1,,,,,,,,,,,,,12,,,,,4,,,,4,2,2,2,6,,1,1,,,,,241,,,,,,,,,,,,,,,,,Y,N1,A1600003,8
2026-07-26 02:49:23,data_go_kr,대전광역시,A1602246,대청병원,5,20260726024500,042-589-0119,,,,,,,,,,,,,,,,,,,,,1,,,,,,,,,,,,,,Y,,,,,,Y,N1,,,Y,Y,N1,111,N1,1,N1,Y,,3,N1,9,,,1,,,,,,,,,,,,17,,,,,3,,,,,2,1,,10,,,1,,,,,245,,,,,,,,,,,,,,,,,Y,N1,A1602246,9
2026-07-26 02:49:23,data_go_kr,울산광역시,A1700004,학교법인울산공업학원울산대학교병원,7,20260726024243,052-250-7000,Y,Y,3,3,,,,0,,5,,,4,,5,,,6,0,11,0,4,,,3,8,15,,2,2,9,0,Y,,Y,,2,5,Y,14,Y,Y,,1,Y,Y,Y,189,Y,3,Y,Y,3,20,N1,21,8,0,0,12,13,16,26,,,,,20,6,2,8,8,36,,42,20,2,20,0,5,7,5,6,83,14,27,17,8,4,,,725,3,3,,,,8,,,,4,,5,,,2,6,Y,Y,A1700004,1
2026-07-26 02:49:23,data_go_kr,울산광역시,A1700028,의료법인정안의료재단중앙병원,12,20260726024520,052-226-1119,,,,,,,,,,,,,,,,,,,1,,2,2,,,,2,2,,,,,0,,,Y,,,,Y,,Y,Y,,,Y,Y,N1,75,N1,1,N1,Y,,8,N1,17,,1,2,2,,,,,,,,,,,18,2,4,,,8,,,1,,2,2,2,7,,,2,,,,,335,,,,,,,,,,,,,,,,,Y,N1,A1700028,2
2026-07-26 02:49:23,data_go_kr,울산광역시,A1700003,울산병원,16,20260726024507,052-259-5119,,,,,,,,,,,,,,,,,,,1,,2,1,,,,0,1,,,,,,,,Y,,,,Y,,Y,Y,,,Y,Y,Y,54,Y,10,N1,Y,,4,Y,19,,1,2,2,,,,,,,,,,,17,1,3,,,4,,,,,2,2,3,12,,,4,1,2,,2,343,,,,,,,,,,,,,,,,,Y,N1,A1700003,3
2026-07-26 02:49:23,data_go_kr,울산광역시,A1700025,의료법인송은의료재단울산시티병원,14,20260726024505,052-280-9119,,,,,,,,,,,,,,,,,,,1,,2,0,,,,2,2,,,,,,,,Y,,,,Y,,Y,Y,,,Y,Y,N1,55,N1,7,N1,Y,,8,N1,17,,1,2,2,,,,,,,,,,,24,3,3,,,8,,,,,2,2,2,17,,,4,,,,,347,,,,,,,,,,,,,,,,,Y,N1,A1700025,4
2026-07-26 02:49:23,data_go_kr,울산광역시,A1700002,의료법인동강의료재단동강병원,20,20260726024351,052-241-1190,,,,,,,,,,4,,,,,,,,,1,0,2,1,,,3,1,2,,,,,0,,Y,Y,,,,Y,,Y,Y,,,Y,Y,Y,158,N1,,N1,Y,,8,N1,24,,1,2,2,14,9,,,,,,,13,,,1,3,,,8,,,2,,3,2,4,25,,,7,5,,1,,513,,,,,,,,,,,,,,,,,Y,N1,A1700002,5
2026-07-26 02:49:23,data_go_kr,울산광역시,A1700011,의료법인은성의료재단좋은삼정병원,7,20260726024129,052-220-7600,,,,,,,,,,,,,,,,,,,,,1,,,,,0,,,,,,1,,,Y,,,,Y,,Y,Y,,,Y,Y,N1,50,N1,3,N1,Y,,7,N1,9,,,1,,,,,,,,,,,,14,1,,,,8,,,1,,2,2,1,5,,,1,,,,,283,,,,,,,,,,,,,,,,,Y,N1,A1700011,6
2026-07-26 02:49:23,data_go_kr,울산광역시,A1700001,서울산보람병원,7,20260726024344,052-255-7119,,,,,,,,,,,,,,,,,,,,,1,,,,,,,,,,,,,,Y,,,,,,Y,N1,,,N1,Y,N1,92,N1,,N1,Y,,3,N1,10,,,1,,,,,,,,,,,,,,,,,3,,,,,1,1,,1,,,,,,,,213,,,,,,,,,,,,,,,,,Y,N1,A1700001,7
2026-07-26 02:49:23,data_go_kr,세종특별자치시,A1800441,세종충남대학교병원,11,20260726024400,044-995-3010,Y,Y,,,1,1,,,,,,,,,,,,5,1,,2,,,1,,1,,5,,,,3,Y,,Y,,,,Y,,Y,Y,,,Y,Y,Y,123,Y,4,Y,Y,0,8,N1,17,6,1,2,,,,19,,2,,,,,,11,2,,6,,8,,,4,3,2,2,3,29,7,19,5,3,2,,,299,,,1,1,,,,,,,,,,,,,Y,Y,A1800441,1
2026-07-26 02:49:23,data_go_kr,세종특별자치시,A1800417,의료법인 영제 의료재단 엔케이세종병원,10,20260726024311,044-850-7777,,,,,,,,,,,,,,,,,,,,,1,,,,,,,,,,,,,,Y,,,,,,Y,N1,,,N1,Y,N1,140,N1,,N1,Y,,3,N1,10,,,1,,,,,,,,,,,,,,,,,3,,,,,1,1,,1,,,,,,,,200,,,,,,,,,,,,,,,,,Y,N1,A1800417,2
2026-07-26 02:49:23,data_go_kr,경기도,A2100042,의료법인명지의료재단명지병원,9,20260726024500,031-810-7119,Y,Y,3,2,,3,0,0,1,,0,0,0,0,0,0,,0,0,,3,4,,,,4,10,,,,0,0,Y,Y,Y,,,,Y,,Y,Y,,,Y,Y,Y,163,Y,11,Y,Y,3,13,Y,15,0,0,3,16,,,3,,,,,,,,31,4,28,,,13,,0,0,2,6,3,5,49,4,5,8,5,2,1,2,443,3,2,,3,4,3,2,0,0,0,0,0,0,,,,Y,Y,A2100042,1
2026-07-26 02:49:23,data_go_kr,경기도,A2100033,국민건강보험공단일산병원,11,20260726024502,031-900-0761,Y,Y,,,,,0,,1,5,,0,0,,0,0,,3,2,7,2,0,,,3,2,13,,,,4,0,Y,,Y,,,,Y,,Y,Y,,,Y,Y,Y,187,N1,,Y,Y,6,2,N1,23,5,2,3,19,10,16,25,,,,,,6,,,11,29,,,2,,28,4,2,4,3,3,60,8,28,13,5,,,,659,,,,,1,,1,,0,0,,0,0,,,,Y,Y,A2100033,2
2026-07-26 02:49:23,data_go_kr,경기도,A2100005,순천향대학교부속부천병원,13,20260726024121,032-621-5117,Y,Y,2,2,,,,,,5,,0,,0,0,,,4,0,7,0,9,,,,4,21,,,,,4,Y,Y,Y,,,4,Y,,Y,Y,,,Y,Y,Y,275,Y,9,Y,Y,2,21,Y,17,5,0,0,20,16,15,24,,,,,,,,22,8,34,,,21,,,7,1,4,3,5,71,9,31,17,4,3,1,1,674,2,3,,,,,,,0,,0,0,,,,5,Y,Y,A2100005,3
2026-07-26 02:49:23,data_go_kr,경기도,A2100001,분당서울대학교병원,-7,20260726024300,031-787-3119,Y,Y,,,,,,3,,4,,,5,9,,,,4,2,2,3,2,0,,5,0,9,,,,1,3,Y,,Y,3,,2,Y,,Y,Y,,,Y,Y,Y,400,Y,0,Y,Y,0,39,N1,30,5,2,3,15,13,13,35,6,,,10,,9,,8,1,30,,,39,,15,3,3,11,11,11,128,17,39,16,8,8,,,1247,,,,,,5,,,,5,9,,,,,2,Y,Y,A2100001,4
2026-07-26 02:49:23,data_go_kr,경기도,A2100030,차의과학대학교분당차병원,12,20260726024354,031-780-5840,Y,Y,2,3,1,1,0,0,,0,,,0,,0,,0,3,,5,,0,,0,0,1,15,6,,,11,,Y,,Y,0,,,Y,,Y,Y,,,Y,Y,Y,204,Y,,Y,Y,7,26,N1,22,11,,,14,8,9,35,,2,,7,,6,,,4,43,6,,26,,22,,8,5,3,4,40,26,46,6,2,2,,,726,2,3,1,1,2,2,,,,0,,1,,0,,,Y,Y,A2100030,5
2026-07-26 02:49:23,data_go_kr,경기도,A2100002,아주대학교병원,13,20260726024419,031-219-7777,Y,Y,2,5,1,2,,0,,3,,,,0,0,,0,3,0,5,0,6,,1,5,0,25,0,0,3,5,5,Y,,Y,5,2,6,Y,1,Y,Y,0,5,Y,Y,Y,166,Y,,Y,Y,5,25,N1,30,9,0,0,16,14,10,36,,2,6,13,40,7,11,,3,42,6,60,25,3,20,8,3,8,6,9,126,27,34,32,9,7,,,792,2,6,1,4,,2,,,,,0,0,,0,2,6,Y,Y,A2100002,6
2026-07-26 02:49:23,data_go_kr,경기도,A2100003,고려대학교의과대학부속안산병원,8,20260726024251,031-412-5381,Y,Y,2,2,,,0,,,0,,,,,,,,4,,13,2,5,,,2,0,24,,,,9,5,Y,,Y,,,,Y,,Y,Y,,,Y,Y,Y,189,Y,0,Y,Y,1,20,N1,22,4,,3,18,10,13,25,,,,,,10,,6,3,30,,,20,,16,10,2,3,4,4,66,15,19,8,5,3,,,605,2,3,,,2,,,,,,,,,,,,Y,Y,A2100003,7
2026-07-26 02:49:23,data_go_kr,경기도,A2100004,한림대학교성심병원,17,20260726024256,031-380-1500,Y,Y,0,5,,,0,,,1,,,,,,,,3,2,4,4,5,,,,1,19,,,,11,2,Y,Y,Y,,,,Y,,Y,Y,0,6,Y,Y,Y,174,Y,,Y,Y,5,19,N1,25,3,2,4,19,27,16,9,,,8,,,,18,,3,30,,,19,,20,14,2,4,3,6,102,8,10,20,14,2,1,,610,0,5,,,1,,,,,,,,,,,,Y,Y,A2100004,8
2026-07-26 02:49:23,data_go_kr,경기도,A2100040,가톨릭대학교의정부성모병원,21,20260726024509,031-820-5200,Y,Y,,,,,0,0,,,,,,,,,,11,2,,4,3,,,1,1,17,,8,1,,,Y,,Y,,2,6,Y,1,Y,Y,,,Y,Y,Y,191,Y,2,Y,Y,-1,13,N1,42,11,2,4,18,,,15,,,,,20,6,,26,4,30,,53,13,2,,,3,4,3,4,54,10,28,12,4,3,,,519,,,,,1,1,,,,,,,,,2,6,Y,Y,A2100040,9
2026-07-26 02:49:23,data_go_kr,경기도,A2100047,동국대학교일산불교병원,14,20260726024459,031-961-7777,Y,Y,,,,,,,,7,,,,,,,3,3,1,6,3,,,,,1,,,,,15,0,Y,,Y,,,,Y,,Y,Y,,,Y,Y,Y,180,Y,,Y,Y,11,12,N1,19,3,1,3,,16,13,13,,,,,,,,,4,,,,12,,15,0,8,2,2,2,19,13,25,4,2,1,,,463,,,,,,,,,,,,,,3,,,Y,Y,A2100047,10
2026-07-26 02:49:23,data_go_kr,경기도,A2100038,인제대학교일산백병원,23,20260726024328,031-910-7114,N,N,,,,,,,,0,,,,,,,,,3,2,2,,,,,0,,,,,5,1,Y,,Y,,,,Y,,Y,Y,,1,Y,Y,Y,196,Y,,N,Y,,17,N1,34,,3,3,,25,32,,,,,,,,4,,4,,,,17,,16,2,3,3,3,4,54,18,22,7,3,1,,,545,,,,,,,,,,,,,,,,,Y,N,A2100038,11
2026-07-26 02:49:23,data_go_kr,경기도,A2118788,중앙대학교광명병원,18,20260726024507,02-2222-1351,Y,Y,0,0,,,,,,,,,,,,,,,1,,1,,,,5,3,,,,,,2,Y,,Y,,,,Y,,Y,Y,4,,Y,Y,Y,206,Y,12,Y,Y,0,17,N1,21,,1,2,,,,16,,,5,,,5,,24,6,,,,17,,,2,2,2,2,5,28,6,16,5,4,10,,,576,0,0,,,,,,,,,,,,,,,Y,Y,A2118788,12
2026-07-26 02:49:23,data_go_kr,경기도,A2100007,광명성애병원,6,20260726024539,02-2680-7116,Y,Y,,,,,,,,,,,,,,6,,4,1,,3,,,,,0,,,,,,,Y,,Y,,,,Y,,Y,Y,,,Y,Y,N1,62,N1,10,Y,Y,,5,N1,11,4,1,4,,,,,,,,,,,,13,1,,,,5,,,,2,2,2,1,12,2,5,1,,,,,189,,,,,,,,,,,,,50,,,,Y,Y,A2100007,13
2026-07-26 02:49:23,data_go_kr,경기도,A2100155,참조은병원,5,20260726024240,031-881-9119,,,,,,,,,,,,,,0,0,,6,1,1,,3,,,,,3,,,,,,1,,,Y,,,,Y,,Y,Y,,,Y,Y,N1,52,Y,-1,N1,Y,,7,N1,9,1,1,3,,,,,,,,,,,,22,3,,,,7,,,2,,3,3,2,18,,,3,,2,,,286,,,,,,,,,,,0,0,,6,,,Y,N1,A2100155,14
2026-07-26 02:49:23,data_go_kr,경기도,A2100039,한양대학교구리병원,12,20260726024259,1644-9118,Y,Y,,,,,,,,0,,,,,,,,,1,2,4,,,,,,,,,,,4,Y,,Y,,,,Y,,Y,Y,,,Y,Y,Y,173,Y,,Y,Y,1,9,N1,18,,1,4,,17,14,10,,,,,,,,,,,,,9,,,5,1,3,2,3,21,6,14,4,2,2,,,488,,,,,,,,,,,,,,,,,Y,Y,A2100039,15
2026-07-26 02:49:23,data_go_kr,경기도,A2100054,효산의료재단지샘병원,17,20260726024044,031-389-3119,,,,,,,,,,,,,,,,,1,,2,,1,,,,,1,,,,,,1,,,Y,,,,Y,,Y,Y,,,Y,Y,N1,77,N1,3,N1,Y,,5,N1,18,,2,1,,,,,,,,,,,,18,1,,,,5,,,2,,2,1,3,11,,,2,,,,,367,,,,,,,,,,,,,,1,,,Y,N1,A2100054,16
2026-07-26 02:49:23,data_go_kr,경기도,A2100048,원광대학교산본병원,14,20260726024428,031-390-2345,,,,,,,,,,,,,,,,,,,1,,2,,,,,,,,,,,,Y,,Y,,,,Y,,Y,Y,,,Y,Y,N1,80,N1,7,N1,Y,,5,N1,17,,1,2,,,,,,,,,,,,12,,,,,5,,,,1,1,1,1,1,,,2,,,,,188,,,,,,,,,,,,,,,,,Y,N1,A2100048,17
2026-07-26 02:49:23,data_go_kr,경기도,A2100053,의료법인우리의료재단김포우리병원,10,20260726024444,031-999-1119,,,,,,,,,,,,,,0,0,0,,,1,,6,,,,,0,,,,,,3,,,Y,,,,Y,,Y,Y,,,Y,Y,Y,78,Y,0,N1,Y,,7,N1,22,,1,6,,,,,,,,,,,,36,1,,,,7,,,11,,2,2,2,48,,,4,1,2,,,477,,,,,,,,,,,0,0,0,,,,Y,N1,A2100053,18
2026-07-26 02:49:23,data_go_kr,경기도,A2100006,의료법인인봉의료재단뉴고려병원,14,20260726024450,031-980-9119,,,,,,,,,,,,,,,,,3,,1,,2,,,,,7,,,,,,,,,Y,,,,Y,,Y,Y,,,Y,Y,N1,89,N1,6,N1,Y,,6,N1,14,,1,2,,,,,,,,,,,,24,10,,,,6,,,,,2,2,2,7,,,1,,,,,278,,,,,,,,,,,,,,3,,,Y,N1,A2100006,19
2026-07-26 02:49:23,data_go_kr,경기도,A2100041,남양주한양병원,13,20260726024522,031-510-0119,,,,,,,,,,,,,,,,,,,1,,2,,,,,11,,,,,,,,,Y,,,,Y,,Y,Y,,,Y,Y,N1,90,N1,5,N1,Y,,,Y,17,,1,2,,,,,,,,,,,,17,23,,,,,,,,,2,2,1,33,,,2,,,,1,244,,,,,,,,,,,,,,,,,Y,N1,A2100041,20
2026-07-26 02:49:23,data_go_kr,경기도,A2100037,현대병원,11,20260726024430,031-574-0114,,,,,,,,,,,,,,,,,,,3,,,,,,,0,,,,,,,,,Y,,,,Y,,Y,Y,,,Y,Y,N1,66,Y,2,N1,Y,,7,N1,17,,3,,,,,,,,,,,,,19,20,,,,7,,,,,2,2,2,50,,,17,,2,,,342,,,,,,,,,,,,,,,,,Y,N1,A2100037,21
2026-07-26 02:49:23,data_go_kr,경기도,A2100055,부천세종병원,14,20260726024510,032-340-1119,Y,Y,,,,,,,,,,,,,,,,,1,,2,1,,,,0,1,,,,,0,Y,,Y,,,,Y,,Y,Y,,,Y,Y,Y,87,Y,0,Y,Y,,6,N1,17,,1,2,2,,,,,,,,,,,20,2,3,,,6,,,6,1,2,1,5,18,1,1,5,4,1,,,268,,,,,,,,,,,,,,,,,Y,Y,A2100055,22
2026-07-26 02:49:23,data_go_kr,경기도,A2100052,가톨릭대학교부천성모병원,23,20260726024509,032-340-2100,Y,Y,,,,,,,,0,,,,,,,3,,2,0,1,,,,,1,,,,,,3,Y,,Y,4,,,Y,,Y,Y,,,Y,Y,Y,204,Y,,Y,Y,9,14,N1,31,,2,1,,16,12,10,,,,18,,,,,4,,,,14,,,4,3,3,3,3,28,4,14,11,1,2,,,562,,,,,,,,,,,,,,3,,,Y,Y,A2100052,23
2026-07-26 02:49:23,data_go_kr,경기도,A2100025,대진의료재단분당제생병원,13,20260726024500,031-779-0119,Y,Y,,,,,,,,4,,,7,,,,,3,1,7,2,,,,,2,,,,,,0,Y,Y,Y,,,,Y,,Y,Y,,,Y,Y,Y,152,Y,,Y,Y,1,9,N1,24,3,1,2,,11,14,3,,,,,,,,,4,,,,9,,,2,2,4,3,3,22,1,5,5,2,3,1,,484,,,,,,,,,,7,,,,,,,Y,Y,A2100025,24
2026-07-26 02:49:23,data_go_kr,경기도,A2116806,성남시의료원,16,20260726024500,031-738-7300,,,,,,,,,,,,,,,,,,6,2,18,4,,,,,3,,,,,,28,,,Y,,,,Y,,Y,Y,,,Y,Y,Y,106,Y,,N1,Y,,8,Y,17,6,2,4,,,25,,,,,,,,,,5,,,,8,,,28,,3,2,2,31,,,6,3,1,,2,241,,,,,,,,,,,,,,,,,Y,N1,A2116806,25
2026-07-26 02:49:23,data_go_kr,경기도,A2117135,의료법인명인의료재단화홍병원,12,20260726024452,031-8021-6829,Y,,,,,,,,,,,,,,,,,,2,,3,,,,,0,,,,,,,,,Y,,,,,,Y,N1,,,N1,Y,Y,61,N1,14,N1,Y,,6,Y,15,,2,3,,,,,,,,,,,,29,1,,,,6,,,,,2,2,,4,1,,,1,,,1,228,,,,,,,,,,,,,,,,,Y,Y,A2117135,26
2026-07-26 02:49:23,data_go_kr,경기도,A2100009,의료법인녹산의료재단동수원병원,14,20260726024137,031-210-0119,,Y,,,,,,,,,,,,,,,,,1,,2,0,,,,0,2,,,,,0,Y,,Y,,,,Y,,Y,Y,,,Y,Y,N1,68,N1,10,Y,Y,,5,N1,17,,1,2,2,,,,,,,,,,,18,3,4,,,5,,,1,1,2,2,1,15,,4,1,,,,,335,,,,,,,,,,,,,,,,,Y,N1,A2100009,27
2026-07-26 02:49:23,data_go_kr,경기도,A2100012,가톨릭대학교성빈센트병원,14,20260726024508,031-249-7370,Y,Y,,,1,1,,,,9,,,,,,,,5,2,8,2,3,,2,8,2,,6,,,8,3,Y,,Y,10,,,Y,,Y,Y,,1,Y,Y,Y,288,Y,,Y,Y,2,19,N1,28,6,2,2,4,20,11,18,,2,,15,,8,8,,5,,6,,19,,30,11,2,5,4,6,52,7,18,12,4,4,,,658,,,1,1,,,,,,,,,,,,,Y,Y,A2100012,28
2026-07-26 02:49:23,data_go_kr,경기도,A2100008,의료법인남촌의료재단시화병원,10,20260726024318,031-5189-0567,,,,,,,,,,,,,,,,,,5,1,,3,,,,,1,,,,,,1,Y,,Y,,,,Y,,Y,Y,,,Y,Y,Y,76,N1,18,N1,Y,,7,N1,16,5,1,5,,,,,,,,,,,,52,1,,,,7,,,1,1,3,3,2,29,,,4,2,,,,461,,,,,,,,,,,,,,,,,Y,N1,A2100008,29
2026-07-26 02:49:23,data_go_kr,경기도,A2100017,대아의료재단한도병원,13,20260726024259,031-8040-1129,,,,,,,,,,,,,,,,,,,1,,2,,,,,1,,,,,,,,,Y,,,,Y,,Y,Y,,,Y,Y,N1,97,N1,10,N1,Y,,6,N1,17,,1,2,,,,,,,,,,,,29,1,,,,6,,,,,3,2,2,15,,,3,,,,,327,,,,,,,,,,,,,,,,,Y,N1,A2100017,30
2026-07-26 02:49:23,data_go_kr,경기도,A2100015,효산의료재단안양샘병원,11,20260726024413,031-467-9119,,,,,,,,,,0,,,,,,,,,1,3,2,,,,,1,,,,,,,,,Y,,,,Y,,Y,Y,,,Y,Y,Y,61,N1,,N1,Y,,6,N1,17,,1,2,,9,9,,,,,,,,,,1,,,,6,,,,,2,1,2,12,,,2,1,,,,307,,,,,,,,,,,,,,,,,Y,N1,A2100015,31
2026-07-26 02:49:23,data_go_kr,경기도,A2100024,오산한국병원,16,20260726024431,031-378-5119,,,,,,,,,,,,,,,,,,,1,,2,1,,,,1,3,,,,,2,,,Y,,,,Y,,Y,Y,,,Y,Y,N1,51,Y,2,N1,Y,,5,N1,17,,1,2,2,,,,,,,,,,,32,1,3,,,5,,,2,,2,2,2,17,,,2,,1,,,259,,,,,,,,,,,,,,,,,Y,N1,A2100024,32
2026-07-26 02:49:23,data_go_kr,경기도,A2100020,연세대학교의과대학용인세브란스병원,11,20260726024143,031-5189-9001,Y,Y,,,,,,,,6,,,,,,,,6,1,6,3,,,,,1,,,,,,2,Y,,Y,,,,Y,,Y,Y,,,Y,Y,Y,187,Y,,Y,Y,0,15,N1,16,6,1,3,,19,16,12,,,,,,,,,2,,,,15,,,4,2,3,3,4,31,6,18,6,3,4,,,597,,,,,,,,,,,,,,,,,Y,Y,A2100020,33
2026-07-26 02:49:23,data_go_kr,경기도,A2100029,강남병원,13,20260726024240,031-300-0119,,,,,,,,,,,,,,,,,,,1,,2,2,,,,1,2,,,,,,,,Y,,,,,,Y,N1,,,Y,Y,N1,22,N1,14,N1,Y,,4,N1,17,,1,2,2,,,,,,,,,,,30,1,3,,,4,,,,,2,2,,7,,,2,,,,,264,,,,,,,,,,,,,,,,,Y,N1,A2100029,34
2026-07-26 02:49:23,data_go_kr,경기도,A2100019,(의)영문의료재단다보스병원,9,20260726024527,031-8021-2130,,,,,,,,,,,,,,,,,4,,1,,2,1,,,,1,1,,,,,,,,Y,,,,,,Y,N1,,,Y,Y,N1,45,N1,2,N1,Y,,6,N1,13,,1,2,2,,,,,,,,,,,23,1,3,,,6,,,,,1,1,,7,,,2,,,,,222,,,,,,,,,,,,,,4,,,Y,N1,A2100019,35
2026-07-26 02:49:23,data_go_kr,경기도,A2117994,학교법인을지학원의정부을지대학교병원,24,20260726024100,031-8074-0119,Y,Y,,,,,,,,4,,,,,,,7,6,1,3,2,,,,,2,,,,,4,2,Y,,Y,,0,0,Y,,Y,Y,,,Y,Y,Y,236,Y,,Y,Y,3,12,N1,30,6,1,2,,29,22,5,,,,,,,,,2,,,,14,,22,6,8,3,3,4,48,5,5,6,3,2,,,588,,,,,,,,,,,,,,8,0,0,Y,Y,A2117994,36
2026-07-26 02:49:23,data_go_kr,경기도,A2100193,경기도의료원이천병원,6,20260726024402,031-630-4333,,,,,,,,,,,,,,,,,,,1,,2,2,,,,2,0,,,,,6,,,Y,,,,,,Y,N1,,,N1,Y,N1,40,N1,2,N1,Y,,4,N1,17,,1,2,2,,,,,,,,,,,6,2,3,,,4,,,6,,1,1,,8,,,,,,,,187,,,,,,,,,,,,,,,,,Y,N1,A2100193,37
2026-07-26 02:49:23,data_go_kr,경기도,A2100035,경기도의료원파주병원,17,20260726024501,031-940-9119,,,,,,,,,,,,,,,,,,,1,,2,1,,,,,1,,,,,,Y,,Y,,,,,,Y,N1,,,N1,Y,N1,83,N1,5,N1,Y,,3,N1,17,,1,2,2,,,,,,,,,,,8,,3,,,3,,,,1,1,1,,9,,,,,,,,189,,,,,,,,,,,,,,,,,Y,N1,A2100035,38
2026-07-26 02:49:23,data_go_kr,경기도,A2100028,의료법인백송의료재단굿모닝병원,18,20260726024347,031-5182-7582,,,,,,,,,,,,,,,,,6,,2,,1,,,,,1,,,,,,,,,Y,,,,Y,,Y,Y,,,Y,Y,Y,98,N1,5,N1,Y,,7,Y,19,,2,1,,,,,,,,,,,,27,3,,,,7,,,,,5,3,3,23,,,5,3,,,1,392,,,,,,,,,,,,,,6,,,Y,N1,A2100028,39
2026-07-26 02:49:23,data_go_kr,경기도,A2113246,의료법인양진의료재단평택성모병원,17,20260726024316,070-5012-0119,,,,,,,,,,,,,,,,0,,,1,,2,2,,,,2,3,,,,,,,,Y,,,,Y,,Y,Y,,,Y,Y,N1,55,N1,14,N1,Y,,6,N1,17,,1,2,2,,,,,,,,,,,34,2,3,,,6,,,,,3,3,2,8,,,2,,,,,329,,,,,,,,,,,,,0,,,,Y,N1,A2113246,40
2026-07-26 02:49:23,data_go_kr,경기도,A2100031,경기도의료원포천병원,16,20260726024502,031-539-9119,,Y,,,,,,,,,,,,,,,,,1,,2,,,,,0,,,,,,1,Y,,Y,,,,,,Y,N1,,,N1,Y,N1,54,N1,2,Y,Y,,4,N1,17,,1,2,,,,,,,,,,,,10,0,,,,4,,,3,3,1,1,,7,,2,,,,,,137,,,,,,,,,,,,,,,,,Y,N1,A2100031,41
2026-07-26 02:49:23,data_go_kr,경기도,A2100046,한림대학교동탄성심병원,26,20260726024428,031-8086-2119,Y,Y,3,0,,,,,,11,,,,,,,,9,,3,,,,,2,7,,,,,,6,Y,Y,Y,,,,Y,,Y,Y,3,,Y,Y,Y,190,Y,,Y,Y,12,19,Y,32,9,,,,28,13,13,,,13,,,9,,,11,,,,20,,,11,1,6,3,6,51,8,16,17,5,5,1,1,515,3,0,,,,,,,,,,,,,,,Y,Y,A2100046,42
2026-07-26 02:49:23,data_go_kr,경기도,A2100290,의료법인자인의료재단(더자인병원),16,20260726024516,031-930-3119,,,,,,,,,,,,,,,,,,,2,,2,2,,,,1,1,,,,,,,,Y,,,,Y,,Y,Y,,,Y,Y,N1,85,N1,5,N1,N,,5,N1,16,,2,2,2,,,,,,,,,,,10,2,3,,,5,,,,,2,2,1,15,,,1,,,,,233,,,,,,,,,,,,,,,,,Y,N1,A2100290,43
2026-07-26 02:49:23,data_go_kr,경기도,A2100049,국립암센터,15,20260726024400,031-920-0119,,N,,,,,,,,,,,,,,,,,,,1,,,,,8,,,,,,,,,Y,,,,Y,,Y,Y,,,Y,Y,Y,146,Y,14,N,Y,,18,N1,24,,,1,,,,,,,,,,,,19,9,,,,18,,,,,7,5,3,29,,1,8,2,7,,,554,,,,,,,,,,,,,,,,,Y,N1,A2100049,44
2026-07-26 02:49:23,data_go_kr,경기도,A2116972,의료법인성광의료재단일산차병원,6,20260726024204,031-782-8587,Y,Y,,,,,,,,,,,,,,,,,,,3,,,,,1,,,,,,1,Y,,,,,,,,Y,N1,,,N1,N1,N1,70,N1,4,Y,N1,0,10,N1,6,,,4,,,,17,,,,,,,,4,1,,,,10,,,1,9,,,,4,11,19,,,,,,179,,,,,,,,,,,,,,,,,Y,Y,A2116972,45
2026-07-26 02:49:23,data_go_kr,경기도,A2118188,엘병원,8,20260726024535,031-527-6119,,,,,,,,,,,,,,,,,,,,,2,,,,,0,,,,,,0,,,Y,,,,,,Y,N1,,,N1,Y,N1,56,N1,6,N1,Y,,3,N1,8,,,2,,,,,,,,,,,,8,1,,,,3,,,1,,1,1,,2,,,,,,,,146,,,,,,,,,,,,,,,,,Y,N1,A2118188,46
2026-07-26 02:49:23,data_go_kr,경기도,A2100050,의료법인대인의료재단다니엘종합병원,6,20260726024502,032-670-0119,,,,,,,,,,,,,,,,,,,1,,3,,,,,1,,,,,,,,,Y,,,,,,Y,N1,,,N,Y,N1,36,N1,9,N1,Y,,3,N1,6,,1,3,,,,,,,,,,,,30,1,,,,3,,,,,1,1,,17,,,1,,,,,169,,,,,,,,,,,,,,,,,Y,N1,A2100050,47
2026-07-26 02:49:23,data_go_kr,경기도,A2100258,국군수도병원,14,20260726024513,031-725-6119,,,,,,,,,,,,,,2,6,,,,0,,,,,,,1,,,15,,2,,,,Y,,,,Y,15,Y,Y,,,Y,Y,Y,155,N1,10,N1,Y,,9,N1,16,,2,,,,,,,,,,20,,,12,1,,,40,9,,15,,,3,4,2,2,,,5,2,,,,530,,,,,,,,,,,2,6,,,,,Y,N1,A2100258,48
2026-07-26 02:49:23,data_go_kr,경기도,A2100016,순천의료재단성남정병원,9,20260726024336,031-750-6003,,,,,,,,,,,,0,,,27,,,,2,,,,,,,,,,,,,,,,Y,,,,,,Y,N1,,,N1,Y,N1,75,N1,,N1,Y,,4,N1,9,,2,,,,,,,,,,,,,,,,,,4,,,,,1,1,,1,,,,,,,,98,,,,,,,,,0,,,105,,,,,Y,N1,A2100016,49
2026-07-26 02:49:23,data_go_kr,경기도,A2121061,의료법인덕산의료재단수원덕산병원,24,20260726024503,031-686-2911,N,Y,,,,,,,,,,,,,,,,3,1,,2,2,,,,0,2,,,,,0,Y,,Y,,,,Y,,Y,Y,,,Y,Y,Y,102,N1,4,Y,Y,,9,N1,24,3,1,2,2,,,,,,,,,,,22,3,4,,,9,,,5,5,3,2,2,15,N,2,5,2,,,,403,,,,,,,,,,,,,,,,,Y,N,A2121061,50
2026-07-26 02:49:23,data_go_kr,경기도,A2100032,경기도의료원수원병원,6,20260726024502,031-888-0119,,,,,,,,,,,,,,,,,3,,,,2,,,,,,,,,,,2,,,Y,,,,,,Y,N1,,,N1,Y,N1,45,N1,7,N1,Y,,3,N1,8,,,2,,,,,,,,,,,,9,,,,,3,,,2,,1,1,,9,,,,,,,,156,,,,,,,,,,,,,,3,,,Y,N1,A2100032,51
2026-07-26 02:49:23,data_go_kr,경기도,A2100175,의료법인토마스의료재단윌스기념병원,16,20260726024356,031-240-6119,,,,,,,,,,,,,,,,,,,1,,2,2,,,,0,3,,,,,,Y,,Y,,,,Y,,Y,Y,,,Y,Y,N1,75,N1,10,N1,Y,,10,N1,18,,1,2,2,,,,,,,,,,,18,1,3,,,10,,,,1,1,4,1,1,,,1,,,,,282,,,,,,,,,,,,,,,,,Y,N1,A2100175,52
2026-07-26 02:49:23,data_go_kr,경기도,A2100027,의료법인석경의료재단센트럴병원,17,20260726024430,031-8041-3019,,,,,,,,,,,,,,,,,,,1,,2,,,,,,,,,,,,,,Y,,,,,,Y,N1,,,Y,Y,N1,101,N1,4,N1,Y,,3,N1,18,,1,2,,,,,,,,,,,,20,,,,,3,,,,,2,2,,7,,,2,,,,,255,,,,,,,,,,,,,,,,,Y,N1,A2100027,53
2026-07-26 02:49:23,data_go_kr,경기도,A2100013,의료법인 록향의료재단 신천연합병원,9,20260726024501,031-310-6661,,,,,,,,,,,,,,,,,,,,,1,,,,,0,,,,,,,,,Y,,,,,,Y,N1,,,Y,Y,N1,24,N1,0,N1,Y,,3,N1,10,,,1,,,,,,,,,,,,6,1,,,,3,,,,,1,1,,4,,,1,,,,,112,,,,,,,,,,,,,,,,,Y,N1,A2100013,54
2026-07-26 02:49:23,data_go_kr,경기도,A2100021,의료법인플러스의료재단단원병원,16,20260726024438,031-8040-5911,,,,,,,,,,,,,1,,,,,,1,,2,,,,,1,,,,,,,,,Y,,,,Y,,Y,Y,,,Y,Y,Y,81,N1,7,N1,Y,,5,N1,17,,1,2,,,,,,,,,,,,27,1,,,,5,,,,,1,1,2,8,,,2,1,,,,342,,,,,,,,,,1,,,,,,,Y,N1,A2100021,55
2026-07-26 02:49:23,data_go_kr,경기도,A2100014,근로복지공단안산병원,6,20260726024400,031-500-1119,,,,,,,,,,,,,,,,,,,,,1,,,,,1,,,,,,0,,,Y,,,,,,Y,N1,,,N1,Y,N1,89,N1,11,N1,Y,,3,N1,7,,,1,,,,,,,,,,,,18,1,,,,3,,,2,,1,1,,14,,,,,,,,359,,,,,,,,,,,,,,,,,Y,N1,A2100014,56
2026-07-26 02:49:23,data_go_kr,경기도,A2100124,의료법인칠석의료재단사랑의병원,11,20260726023659,031-502-0119,,,,,,,,,,,,,,,,,,,1,,,,,,,,,,,,,,,,Y,,,,,,Y,N1,,,Y,Y,N1,46,N1,6,N1,Y,,5,N1,13,,1,,,,,,,,,,,,,14,,,,,5,,,,,2,2,,8,,,1,,,,,206,,,,,,,,,,,,,,,,,Y,N1,A2100124,57
2026-07-26 02:49:23,data_go_kr,경기도,A2100045,경기도의료원안성병원,12,20260726024502,031-8046-5119,,,,,,,,,,,,,,,,,,,1,,,,,,,1,,,,,,8,,,Y,,,,,,Y,N1,,,N1,Y,N1,57,N1,4,N1,Y,,5,N1,14,,1,,,,,,,,,,,,,13,2,,,,5,,,8,,1,1,,8,,,,,,,,178,,,,,,,,,,,,,,,,,Y,N1,A2100045,58
2026-07-26 02:49:23,data_go_kr,경기도,A2100305,안성성모병원,9,20260726024512,031-675-8275,,,,,,,,,,,,,,,,,,,,,1,,,,,,,,,,,,,,Y,,,,,,Y,N1,,,N1,Y,N1,95,N1,3,N1,Y,,3,N1,9,,,1,,,,,,,,,,,,20,,,,,3,,,,,1,1,,7,,,,,,,,188,,,,,,,,,,,,,,,,,Y,N1,A2100305,59
2026-07-26 02:49:23,data_go_kr,경기도,A2100089,양평병원,9,20260726024001,031-770-5119,N,N,,,,,,,,,,,,,,,,,,,1,,,,,,,,,,,,N,N,Y,,,,N,,Y,N,,,N,Y,N,24,N,,N,Y,,3,N,9,,,1,,,,,,,,,,,,,,,,,3,,,,0,1,1,0,1,0,0,0,0,0,0,0,90,,,,,,,,,,,,,,,,,Y,N,A2100089,60
2026-07-26 02:49:23,data_go_kr,경기도,A2100194,세종여주병원,6,20260726024451,031-880-7754,,,,3,,,,,,,,,,,,,3,,,,4,,,,,,,,,,,,,,Y,,,,,,Y,N1,,,Y,Y,N1,127,N1,,N1,Y,,2,N1,6,,,4,,,,,,,,,,,,,,,,,2,,,,,1,1,,4,,,2,,,,,210,,3,,,,,,,,,,,,3,,,Y,N1,A2100194,61
2026-07-26 02:49:23,data_go_kr,경기도,E2100187,연천군보건의료원,10,20260726024504,031-839-4119,,,,,,,,,,,,,,,,,,,,,,,,,,,,,,,,,,,Y,,,,,,Y,N1,,,N1,Y,N1,51,N1,,N1,N1,,2,N1,10,,,,,,,,,,,,,,,,,,,,2,,,,,1,,,1,,,,,,,,52,,,,,,,,,,,,,,,,,Y,N1,E2100187,62
2026-07-26 02:49:23,data_go_kr,경기도,A2100122,(의)효심의료재단용인서울병원,9,20260726024526,031-336-0119,,,,,,,,,,,,,,,,,,,,,,,,,,,,,,,,,,,Y,,,,,,Y,N1,,,N1,Y,N1,150,N1,,N1,Y,,3,N1,10,,,,,,,,,,,,,,,,,,,,3,,,,,1,1,,1,,,,,,,,201,,,,,,,,,,,,,,,,,Y,N1,A2100122,63
2026-07-26 02:49:23,data_go_kr,경기도,A2121142,메디필드한강병원,12,20260726024449,031-332-1119,,,,,,,,,,,,,,,,,,,1,,2,,,,,1,,,,,,1,,,Y,,,,Y,,Y,Y,,,Y,Y,N1,160,N1,6,N1,Y,,6,N1,17,,1,2,,,,,,,,,,,,15,1,,,,6,,,1,,3,2,1,13,,,2,,,,,192,,,,,,,,,,,,,,,,,Y,N1,A2121142,64
2026-07-26 02:49:23,data_go_kr,경기도,A2100034,의료법인영동의료재단의정부백병원,9,20260726024311,031-842-1211,,,,,,,,,,,,,,,,,,,,,2,,,,,,,,,,,,,,Y,,,,,,Y,N1,,,N1,Y,N1,103,N1,0,N1,Y,,3,N1,10,,,2,,,,,,,,,,,,9,,,,,3,,,,,1,1,,1,,,,,,,,192,,,,,,,,,,,,,,,,,Y,N1,A2100034,65
2026-07-26 02:49:23,data_go_kr,경기도,A2100150,추병원,12,20260726024334,031-845-8313,,,,,,,,,,,,,,,,,,,1,,1,,,,,,,,,,,,,,Y,,,,Y,,Y,Y,,,N1,Y,N1,53,N1,3,N1,N,,3,N1,12,,1,1,,,,,,,,,,,,15,,,,,3,,,,,2,1,1,1,,,,,,,,210,,,,,,,,,,,,,,,,,Y,N1,A2100150,66
2026-07-26 02:49:23,data_go_kr,경기도,A2100043,경기도의료원의정부병원,8,20260726024501,031-828-5119,,,,,,,,,,,,,,,,0,,,1,,,,,,,,,,,,31,2,,,Y,,,,,,Y,N1,,,N1,Y,N1,34,N1,3,N1,Y,,3,N1,10,,1,,,,,,,,,,,,,6,,,,,3,,70,5,,1,1,,8,,,,,,,,86,,,,,,,,,,,,,0,,,,Y,N1,A2100043,67
2026-07-26 02:49:23,data_go_kr,경기도,A2100131,메디인병원,12,20260726024538,031-570-7912,,,,,,,,,,,,,,,,,,,,,2,,,,,,,,,,,,,,Y,,,,Y,,Y,Y,,,N1,Y,N1,70,N1,,N1,Y,,4,N1,12,,,2,,,,,,,,,,,,,,,,,4,,,,,1,1,1,2,,,,,,,,206,,,,,,,,,,,,,,,,,Y,N1,A2100131,68
2026-07-26 02:49:23,data_go_kr,경기도,A2100309,의료법인갈렌의료재단박병원,5,20260726024504,031-662-4119,,,,,,,,,,,,,,,,,,,,,1,,,,,,,,,,,,,,Y,,,,,,Y,N1,,,N1,Y,N1,34,N1,2,N1,Y,,2,N1,10,,,1,,,,,,,,,,,,10,,,,,2,,,,,1,2,,3,,,,,,,,143,,,,,,,,,,,,,,,,,Y,N1,A2100309,69
2026-07-26 02:49:23,data_go_kr,경기도,A2100022,의료법인박애의료재단박애병원,10,20260726024254,031-650-9219,,,,,,,,,,,,,,,,,,,,,1,,,,,,,,,,,,,,Y,,,,,,Y,N1,,,Y,Y,N1,110,N1,6,N1,Y,,5,N1,10,,,1,,,,,,,,,,,,10,,,,,5,,,,,2,1,,20,,,2,,,,,193,,,,,,,,,,,,,,,,,Y,N1,A2100022,70
2026-07-26 02:49:23,data_go_kr,경기도,A2100036,의료법인 일심의료재단 포천우리병원,16,20260726024525,031-541-8282,,,,,,,,,,,,,,,,,,,1,,3,,,,,2,,,,,,2,,,Y,,,,Y,,Y,Y,,,Y,Y,N1,71,N1,3,N1,Y,,5,N1,18,,1,3,,,,,,,,,,,,18,2,,,,5,,,2,,2,2,1,14,,,3,,,,,201,,,,,,,,,,,,,,,,,Y,N1,A2100036,71
2026-07-26 02:49:23,data_go_kr,경기도,A2100018,의료법인은혜와감사의료재단화성중앙종합병원,9,20260726024235,031-371-7998,,,,,,,,,,,,,,,,,,,,,1,,,,,,,,,,,,,,Y,,,,,,Y,N1,,,N1,Y,N1,81,N1,4,N1,Y,,3,N1,9,,,1,,,,,,,,,,,,8,,,,,3,,,,,1,1,,3,,,,,,,,131,,,,,,,,,,,,,,,,,Y,N1,A2100018,72
2026-07-26 02:49:23,data_go_kr,경기도,A2115699,의료법인원광의료재단원광종합병원,8,20260726024307,031-8077-7219,,,,,,,,,,,,,,,,,,,1,,,,,,,,,,,,,,,,Y,,,,,,Y,N1,,,N1,Y,N1,26,N1,-1,N1,Y,,4,N1,9,,1,,,,,,,,,,,,,9,,,,,4,,,,,1,2,,4,,,,,,,,135,,,,,,,,,,,,,,,,,Y,N1,A2115699,73
2026-07-26 02:49:23,data_go_kr,강원특별자치도,A2200008,강릉아산병원,19,20260726024315,033-610-3333,Y,Y,,,,,0,1,,0,,,,,,,,3,2,1,3,1,,,,,10,,,,,,Y,,Y,,,,Y,,Y,Y,,,Y,Y,Y,114,Y,,Y,Y,7,15,Y,23,3,2,3,18,14,16,13,,,,,,,,,,38,,,15,,,,2,4,3,4,33,8,12,8,5,1,,2,604,,,,,1,6,,,,,,,,,,,Y,Y,A2200008,1
2026-07-26 02:49:23,data_go_kr,강원특별자치도,A2200001,연세대학교원주세브란스기독병원,20,20260726024002,033-741-1641,Y,Y,3,20,,,0,,,1,,,,,,,,1,2,5,3,3,,,,,15,,9,2,5,,Y,,Y,3,2,6,Y,8,Y,Y,,,Y,Y,Y,204,Y,,Y,Y,7,15,Y,29,3,2,3,20,15,12,19,,,,15,20,,,,,30,,40,15,2,24,,2,5,4,7,100,12,25,16,7,13,,4,584,4,36,,,2,,,,,,,,,,2,6,Y,Y,A2200001,2
2026-07-26 02:49:23,data_go_kr,강원특별자치도,A2200013,한림대학교춘천성심병원,19,20260726024220,033-240-5219,Y,Y,2,3,,,,0,,,,,,,,,,0,,,,5,,,,0,29,,,,,1,Y,Y,Y,,,,Y,,Y,Y,2,,Y,Y,Y,97,Y,6,Y,Y,,9,Y,22,3,,,20,,,,,,8,,,,,20,2,45,,,9,,,2,1,2,2,3,33,1,4,6,2,1,1,1,252,2,3,,,,2,,,,,,,,,,,Y,Y,A2200013,3
2026-07-26 02:49:23,data_go_kr,강원특별자치도,A2200005,의료법인강릉동인병원,14,20260726024446,033-650-6105,,,,,,,,,,1,,,,,,,,,1,,2,,,,,2,,,,,9,,,,Y,,,,Y,,Y,Y,,,Y,Y,N1,71,N1,0,N1,Y,,5,N1,17,,1,2,,12,,,,,,,,,,12,2,,,,5,,101,,,2,1,1,14,,,1,,,,,248,,,,,,,,,,,,,,,,,Y,N1,A2200005,4
2026-07-26 02:49:23,data_go_kr,강원특별자치도,A2200007,강원특별자치도삼척의료원,16,20260726024001,033-571-0431,,Y,,,,,,,,,,,,,,,,1,2,,1,0,,,,0,3,,,,,6,Y,,Y,,,,,,Y,N1,,,Y,Y,N1,57,N1,0,Y,Y,,4,N1,16,1,2,1,2,,,,,,,,,,,6,2,3,,,4,,,10,1,1,1,,3,,3,1,,,,,189,,,,,,,,,,,,,,,,,Y,N1,A2200007,5
2026-07-26 02:49:23,data_go_kr,강원특별자치도,A2200012,강원특별자치도속초의료원,17,20260726024501,,Y,Y,,,,,,,,,,,,,,,,,2,,1,,,,,,,,,,,,Y,,Y,,,,,,Y,N1,,,N1,Y,N1,64,N1,0,Y,Y,,3,N1,17,,2,1,,,,,,,,,,,,8,,,,,3,,,,2,1,1,,7,1,1,,,,,,154,,,,,,,,,,,,,,,,,Y,Y,A2200012,6
2026-07-26 02:49:23,data_go_kr,강원특별자치도,A2200009,강원대학교병원,20,20260726024500,033-258-2293,Y,Y,,,,,0,,,3,,,,,,,,3,2,,3,1,4,,5,1,,,,,3,12,Y,,Y,1,,,Y,,Y,Y,,,Y,Y,Y,273,Y,,Y,Y,1,11,N1,21,3,2,3,5,10,,15,8,,,8,,8,,,2,,,,11,,16,14,3,4,2,4,43,13,24,12,3,10,,,508,,,,,0,,,,,,,,,,,,Y,Y,A2200009,7
2026-07-26 02:49:23,data_go_kr,강원특별자치도,A2200011,강원특별자치도강릉의료원,5,20260726024501,033-610-1234,,,,,,,,,,,,,,,,20,,,,,1,,,,,,,,,,,5,,,Y,,,,,,Y,N1,,,N1,Y,N1,18,N1,0,N1,Y,,2,N1,5,,,1,,,,,,,,,,,,8,,,,,2,,,5,,1,1,,4,,,,,,,,122,,,,,,,,,,,,,20,,,,Y,N1,A2200011,8
2026-07-26 02:49:23,data_go_kr,강원특별자치도,A2200003,의료법인동해동인병원,8,20260726024523,033-530-0129,,,,,,,,,,,,,,,,,,,,,1,,,,,1,,,,,57,,,,Y,,,,,,Y,N1,,,N1,Y,N1,33,N1,9,N1,Y,,2,N1,10,,,1,,,,,,,,,,,,19,1,,,,2,,110,,,1,1,,7,,,,,,,,178,,,,,,,,,,,,,,,,,Y,N1,A2200003,9
2026-07-26 02:49:23,data_go_kr,강원특별자치도,A2200046,의료법인온세움의료재단온재병원,5,20260726024534,033-639-8988,,,,,,,,,,,,,,,,,,,,,1,,,,,,,,,,29,,,,Y,,,,,,Y,N1,,,N1,Y,N1,26,N1,0,N1,Y,,4,N1,9,,,1,,,,,,,,,,,,15,,,,,4,,59,,,1,1,,5,,,,,,,,219,,,,,,,,,,,,,,,,,Y,N1,A2200046,10
2026-07-26 02:49:23,data_go_kr,강원특별자치도,A2200037,의료법인성심의료재단양구성심병원,5,20260726024434,033-480-8816,,Y,,,,,,,,,,,,,,,,,1,,,,,,,,,,,,,,Y,,Y,,,,,,Y,N1,,,N1,Y,N1,39,N1,,Y,N1,,,N1,5,,1,,,,,,,,,,,,,,,,,,,,,,1,1,,,1,,1,,,,,,52,,,,,,,,,,,,,,,,,Y,N1,A2200037,11
2026-07-26 02:49:23,data_go_kr,강원특별자치도,A2200002,강원특별자치도영월의료원,8,20260726024002,033-370-9129,,Y,,,,,,,,,,,,,,,1,,,,,,,,,0,,,,,,2,Y,,Y,,,,,,Y,N1,,,N1,Y,N1,44,N1,0,Y,Y,,2,N1,9,,,,,,,,,,,,,,,10,2,,,,2,,,2,1,1,1,,7,,3,,,,,,174,,,,,,,,,,,,,,1,,,Y,N1,A2200002,12
2026-07-26 02:49:23,data_go_kr,강원특별자치도,A2200015,강원특별자치도원주의료원,11,20260726024502,033-760-4701,,,,,,,,,,,,,,,,,,,1,,2,,,,,,,,,,,,,,Y,,,,,,Y,N1,,,N1,Y,N1,50,N1,0,N1,Y,,3,N1,17,,1,2,,,,,,,,,,,,20,,,,,3,,,,,1,1,,7,,,,,,,,259,,,,,,,,,,,,,,,,,Y,N1,A2200015,13
2026-07-26 02:49:23,data_go_kr,강원특별자치도,A2200024,의료법인성지의료재단성지병원,7,20260726024326,033-760-3119,,,,,,,,,,,,,,,,13,,,,,1,,,,,,,,,,,,,,Y,,,,,,Y,N1,,,N1,Y,N1,-63,N1,9,N1,Y,,4,N1,7,,,1,,,,,,,,,,,,9,,,,,4,,,,,1,2,,4,,,,,,,,135,,,,,,,,,,,,,13,,,,Y,N1,A2200024,14
2026-07-26 02:49:23,data_go_kr,강원특별자치도,A2200048,근로복지공단정선병원,4,20260726024400,033-560-7150,,,,,,,,,,,,,,,,,,,,,1,,,,,,,,,,,,,,Y,,,,,,Y,N1,,,N1,Y,N1,46,N1,,N1,N1,,,N1,5,,,1,,,,,,,,,,,,,,,,,,,,,,1,,,3,,,,,,,,149,,,,,,,,,,,,,,,,,Y,N1,A2200048,15
2026-07-26 02:49:23,data_go_kr,강원특별자치도,A2201730,철원병원,5,20260726024001,033-452-5012,N,Y,,,,,,,,,,,,,,,,,1,,,,,,,,,,,,,,Y,N,Y,,,,N,,Y,N,,,N,Y,N,36,N,,Y,Y,,2,N,5,,1,,,,,,,,,,,,,,,,,,2,,,,1,1,1,0,1,0,1,0,0,0,0,0,68,,,,,,,,,,,,,,,,,Y,N,A2201730,16
2026-07-26 02:49:23,data_go_kr,강원특별자치도,A2200004,근로복지공단태백병원,9,20260726024400,033-580-3119,,,,,,,,,,,,,,,,,,,1,,,,,,,1,,,,,,,Y,,Y,,,,,,Y,N1,,,N1,Y,N1,66,N1,4,N1,Y,,2,N1,9,,1,,,,,,,,,,,,,9,1,,,,2,,,,1,1,1,,8,,,,,,,,223,,,,,,,,,,,,,,,,,Y,N1,A2200004,17
2026-07-26 02:49:23,data_go_kr,강원특별자치도,E2200026,평창군보건의료원,6,20260726024501,033-330-4812,,,,,,,,,,,,,,,,,,,,,1,,,,,,,,,,,,,,Y,,,,,,Y,N1,,,N1,Y,N1,20,N1,,N1,N1,,,N1,6,,,1,,,,,,,,,,,,,,,,,,,,,,1,,,1,,,,,,,,20,,,,,,,,,,,,,,,,,Y,N1,E2200026,18
2026-07-26 02:49:23,data_go_kr,강원특별자치도,A2200014,홍천아산병원,7,20260726024000,033-430-5119,,,,,,,,,,,,,,,,,,,,,,,,,,,,,,,,,,,Y,,,,,,Y,N1,,,N1,Y,N1,9,N1,0,N1,Y,,2,N1,10,,,,,,,,,,,,,,,7,,,,,2,,,,,1,1,,4,,,,,,,,128,,,,,,,,,,,,,,,,,Y,N1,A2200014,19
2026-07-26 02:49:23,data_go_kr,강원특별자치도,E2200025,화천군보건의료원,7,20260726024500,033-440-2880,,,,,,,,,,,,,,,,,,,,,1,,,,,,,,,,,,,,,,,,,,Y,N1,,,N1,N1,N1,16,N1,,N1,N1,,,N1,7,,,1,,,,,,,,,,,,,,,,,,,,,,,,,1,,,,,,,,16,,,,,,,,,,,,,,,,,Y,N1,E2200025,20
2026-07-26 02:49:23,data_go_kr,강원특별자치도,A2200016,횡성대성병원,8,20260726024507,033-345-1191,,,,,,,,,,,,,,,,,,,,,1,,,,,,,,,,,,,,Y,,,,,,Y,N1,,,N1,Y,N1,29,N1,,N1,Y,,1,N1,9,,,1,,,,,,,,,,,,,,,,,1,,,,,1,1,,1,,,,,,,,114,,,,,,,,,,,,,,,,,Y,N1,A2200016,21
2026-07-26 02:49:23,data_go_kr,충청북도,A2300001,충북대학교병원,23,20260726024500,043-269-6114,Y,Y,2,3,,,,0,,2,,,,,,,,7,,,,2,,,,2,30,,12,2,5,12,Y,,Y,,2,6,Y,16,Y,Y,3,,Y,Y,Y,258,Y,8,Y,Y,14,16,N1,30,8,,,18,8,,25,,,4,,20,,,17,5,40,,40,16,2,21,13,2,4,4,6,98,13,31,18,10,17,,,547,2,3,,,,2,,,,,,,,,2,6,Y,Y,A2300001,1
2026-07-26 02:49:23,data_go_kr,충청북도,A2300009,의료법인명지의료재단명지병원,12,20260726024322,043-640-8117,,,,,,,,,,,,,,,,,,3,2,,4,2,,,,3,,,,,,,,,Y,,,,Y,,Y,Y,,,Y,Y,Y,82,N1,6,N1,Y,,3,N1,18,3,2,4,2,,,,,,,,,,,15,3,,,,3,,,,,2,1,1,10,,,2,1,,,,201,,,,,,,,,,,,,,,,,Y,N1,A2300009,2
2026-07-26 02:49:23,data_go_kr,충청북도,A2300005,의료법인자산의료재단제천서울병원,11,20260726024540,043-643-2327,,,,,,,,,,,,,,,,,,,1,,4,,,,,,2,,,,,,,,Y,,,,,,Y,N1,,,Y,Y,N1,33,N1,0,N1,Y,,3,Y,15,,1,4,,,,,,,,,,,,11,,5,,,3,,,,,1,1,,10,,,1,,,,1,202,,,,,,,,,,,,,,,,,Y,N1,A2300005,3
2026-07-26 02:49:23,data_go_kr,충청북도,A2300013,의료법인 건명의료재단 중앙제일병원,14,20260726024134,043-537-9119,,,,,,,,,,,,,,,,,,,3,,,,,,,4,,,,,,31,,,Y,,,,,,Y,N1,,,Y,Y,N1,63,N1,4,N1,Y,,5,N1,17,,3,,,,,,,,,,,,,12,6,,,,5,,,31,,2,2,,6,,,1,,,,,192,,,,,,,,,,,,,,,,,Y,N1,A2300013,4
2026-07-26 02:49:23,data_go_kr,충청북도,A2300007,의료법인인화재단한국병원,11,20260726024204,043-222-6177,,Y,,,,,,,,,,,,,,,3,,1,,2,,,,,1,,,,,,1,Y,,Y,,,,Y,,Y,Y,,,Y,Y,N1,71,N1,0,Y,Y,,8,N1,14,,1,2,,,,,,,,,,,,24,1,,,,8,,,1,1,3,3,2,18,,1,3,,,,,403,,,,,,,,,,,,,,3,,,Y,N1,A2300007,5
2026-07-26 02:49:23,data_go_kr,충청북도,A2300003,의료법인정산의료재단효성병원,17,20260726024035,043-221-2192,,N,,,,,,,,,,,,,,,,,1,,4,0,,,,0,2,,,,,,Y,,Y,,,,Y,,Y,Y,,,Y,Y,N1,69,N1,2,N,Y,,4,Y,18,,1,4,2,,,,,,,,,,,27,2,3,,,4,,,,1,3,4,2,19,,1,2,,,,1,363,,,,,,,,,,,,,,,,,Y,N1,A2300003,6
2026-07-26 02:49:23,data_go_kr,충청북도,A2300008,청주성모병원,7,20260726024508,043-219-8119,,Y,,,,,,,,3,,,,,,,,,2,5,3,2,,,,1,4,,,,,8,Y,,Y,,,,Y,,Y,Y,,,Y,Y,N1,116,N1,,Y,Y,,8,N1,15,,2,5,2,13,12,,,,,,,,,,1,4,,,8,,,30,1,3,2,2,19,,2,2,,,,,358,,,,,,,,,,,,,,,,,Y,N1,A2300008,7
2026-07-26 02:49:23,data_go_kr,충청북도,A2300002,의료법인한마음의료재단하나병원,6,20260726024327,043-230-6594,,,,,,,,,,,,,,,,,9,,1,,2,,,,,1,,,,,,,,,Y,,,,Y,,Y,Y,,,Y,Y,N1,143,N1,2,N1,Y,,7,Y,11,,1,2,,,,,,,,,,,,24,2,,,,7,,,,,3,3,2,20,,,4,,,,1,463,,,,,,,,,,,,,,9,,,Y,N1,A2300002,8
2026-07-26 02:49:23,data_go_kr,충청북도,A2300010,건국대학교충주병원,16,20260726024501,043-840-8330,Y,Y,,,,,,,,,,,,,,,,,1,,2,,,,,,,,,,,0,Y,,Y,,,,Y,,Y,Y,,,Y,Y,Y,86,N1,8,Y,Y,,5,N1,20,,1,2,,,,,,,,,,,,18,,,,,5,,,1,1,2,1,2,11,1,4,3,1,,,,194,,,,,,,,,,,,,,,,,Y,Y,A2300010,9
2026-07-26 02:49:23,data_go_kr,충청북도,A2300034,의료법인대광의료재단괴산성모병원,8,20260726024522,043-830-5419,,,,,,,,,,,,,,,,,,,,,0,,,,,,,,,,,,,,Y,,,,,,Y,N1,,,N1,Y,N1,5,N1,,N1,Y,,1,N1,9,,,1,,,,,,,,,,,,,,,,,1,,,,,1,1,,3,,,,,,,,153,,,,,,,,,,,,,,,,,Y,N1,A2300034,10
2026-07-26 02:49:23,data_go_kr,충청북도,E2300011,단양군보건의료원,5,20260726024501,043-420-0139,,,,,,,,,,,,,,,,,,,1,,,,,,,,,,,,,2,,,Y,,,,,,Y,N1,,,N1,Y,N1,14,N1,,N1,N1,,,N1,6,,1,,,,,,,,,,,,,,,,,,,,,2,,1,,,1,,,,,,,,14,,,,,,,,,,,,,,,,,Y,N1,E2300011,11
2026-07-26 02:49:23,data_go_kr,충청북도,A2300030,의료법인조윤의료재단영동병원,10,20260726024009,043-740-9333,,Y,,,,,,,,,,,,,,,,,,,,,,,,,,,,,,,Y,,Y,,,,,,Y,N1,,,N1,Y,N1,32,N1,,Y,Y,,2,N1,10,,,,,,,,,,,,,,,,,,,,2,,,,1,1,1,,3,,1,,,,,,161,,,,,,,,,,,,,,,,,Y,N1,A2300030,12
2026-07-26 02:49:23,data_go_kr,충청북도,A2300011,의료법인힐링의료재단옥천성모병원,7,20260726024453,043-730-7119,,,,,,,,,,,,,,,,,,,2,,1,,,,,,,,,,,,,,Y,,,,,,Y,N1,,,N1,Y,N1,22,N1,0,N1,Y,,2,N1,7,,2,1,,,,,,,,,,,,7,,,,,2,,,,,1,1,,4,,,,,,,,157,,,,,,,,,,,,,,,,,Y,N1,A2300011,13
2026-07-26 02:49:23,data_go_kr,충청북도,A2300006,충청북도청주의료원,12,20260726024502,043-279-0119,,Y,,,,,,,,,,,,,,,3,,1,,,,,,,2,,,,,90,6,Y,,Y,,,,Y,,Y,Y,,,Y,Y,N1,152,N1,18,Y,Y,,5,N1,12,,1,,,,,,,,,,,,,21,3,,,,5,,90,6,1,1,2,1,11,,1,1,,,,,359,,,,,,,,,,,,,,3,,,Y,N1,A2300006,14
2026-07-26 02:49:23,data_go_kr,충청북도,A2300004,충청북도충주의료원,18,20260726024502,043-871-0119,,,,,,,,,,,,,,,,,,,1,,2,,,,,,,,,,,,,,Y,,,,Y,,Y,Y,,,Y,Y,N1,129,N1,4,N1,Y,,4,N1,18,,1,2,,,,,,,,,,,,12,,,,,4,,,,,1,1,1,8,,,1,,,,,282,,,,,,,,,,,,,,,,,Y,N1,A2300004,15
2026-07-26 02:49:23,data_go_kr,충청남도,A2400002,단국대학교의과대학부속병원,21,20260726024500,041-550-6840,Y,Y,2,2,,,,0,,,,,,3,,,,4,,0,1,0,,,,0,20,,5,2,11,1,Y,,Y,2,2,6,Y,2,Y,Y,,,Y,Y,Y,231,Y,,Y,Y,-3,13,Y,25,4,,1,18,,13,25,,,,13,20,,,,1,30,,40,13,2,20,8,3,4,3,6,6,14,29,15,7,17,,1,640,2,2,,,,2,,,,,7,,,,2,6,Y,Y,A2400002,1
2026-07-26 02:49:23,data_go_kr,충청남도,A2400001,학교법인동은학원순천향대학교부속천안병원,11,20260726024121,041-590-7019,Y,Y,,,1,3,1,,,12,,,,,,,,14,4,9,2,7,,2,,4,9,4,,,,3,Y,Y,Y,,,,Y,,Y,Y,,,Y,Y,Y,212,Y,,Y,Y,2,19,Y,22,14,4,3,17,18,15,38,,2,,,,,,,6,30,6,,19,,,14,11,6,4,6,60,16,37,6,6,10,1,1,713,,,1,3,1,,,,,,,,,,,,Y,Y,A2400001,2
2026-07-26 02:49:23,data_go_kr,충청남도,A2400009,의료법인백제병원,19,20260726024250,041-730-8882,,,,,,,,,,,,,,,,,,,1,,2,,,,,,,,,,19,,,,Y,,,,Y,,Y,Y,,,Y,Y,N1,13,N1,-1,N1,Y,,4,N1,20,,1,2,,,,,,,,,,,,26,,,,,4,,49,,,2,2,1,11,,,3,,,,,398,,,,,,,,,,,,,,,,,Y,N1,A2400009,3
2026-07-26 02:49:23,data_go_kr,충청남도,A2400008,당진종합병원,13,20260726024437,041-358-3624,,,,,,,,,,,,,,,,,,,1,,2,,,,,,,,,,,,,,Y,,,,Y,,Y,Y,,,Y,Y,N1,96,N1,1,N1,Y,,4,N1,17,,1,2,,,,,,,,,,,,13,,,,,4,,,,,2,2,1,5,,,1,,,,,246,,,,,,,,,,,,,,,,,Y,N1,A2400008,4
2026-07-26 02:49:23,data_go_kr,충청남도,A2400011,재단법인아산사회복지재단보령아산병원,14,20260726024000,041-930-5333,,,,,,,,,,,,,,,,,,,1,,2,,,,,,,,,,,,,,Y,,,,,,Y,N1,,,N1,Y,N1,77,N1,3,N1,Y,,2,N1,17,,1,2,,,,,,,,,,,,8,,,,,2,,,,,1,1,,4,,,,,,,,221,,,,,,,,,,,,,,,,,Y,N1,A2400011,5
2026-07-26 02:49:23,data_go_kr,충청남도,A2400003,서산중앙병원,15,20260726024004,041-661-1195,,,,,,,,,,,,,,,,,,,1,,2,,,,,,,,,,,,,,Y,,,,,,Y,N1,,,Y,Y,N1,44,N1,7,N1,Y,,4,N1,17,,1,2,,,,,,,,,,,,17,,,,,4,,,,,1,1,,7,,,1,,,,,288,,,,,,,,,,,,,,,,,Y,N1,A2400003,6
2026-07-26 02:49:23,data_go_kr,충청남도,A2400006,충청남도서산의료원,16,20260726024102,041-689-7119,,,,,,,,,,,,,,,,,,,1,,2,0,,,,,2,,,,,5,,,Y,,,,,,Y,N1,,,N1,Y,N1,23,N1,0,N1,Y,,3,N1,17,,1,2,2,,,,,,,,,,,8,,4,,,3,,,5,,2,1,,10,,,,,,,,259,,,,,,,,,,,,,,,,,Y,N1,A2400006,7
2026-07-26 02:49:23,data_go_kr,충청남도,A2402257,아산충무병원,9,20260726024049,041-536-6519,,,1,7,,,,,,,,,,5,,,,,,,,,,,,1,,,,,,,Y,,Y,,,,Y,,Y,Y,,,Y,Y,Y,171,Y,10,N1,Y,,4,N1,13,,,,,,,,,,,,,,,22,2,,,,4,,,,1,2,2,3,27,,,4,2,1,,,456,1,7,,,,,,,,,5,,,,,,Y,N1,A2402257,8
2026-07-26 02:49:23,data_go_kr,충청남도,A2400012,의료법인영서의료재단천안충무병원,11,20260726024043,041-570-7519,,,,,,,,,,,,,,,,,,,1,,4,,,,,0,,,,,,,,,Y,0,,,Y,,Y,Y,,,Y,Y,Y,56,N1,0,N1,Y,,5,N1,16,,1,4,,,,,,,,7,,,,19,3,,,,5,,,,,2,2,3,26,,,3,3,,,,333,,,,,,,,,,,,,,,,,Y,N1,A2400012,9
2026-07-26 02:49:23,data_go_kr,충청남도,A2400007,충청남도홍성의료원,15,20260726024502,041-630-6119,,,,,,,,,,,,,,,,,,1,1,,2,2,,,,1,3,,,,3,1,Y,,Y,,,,N,,Y,N,,,Y,Y,N1,86,N1,5,N1,Y,,4,N,18,1,1,2,2,,,,,,,,,,,22,1,3,,,4,,49,1,1,2,2,1,10,,,1,,,,2,260,,,,,,,,,,,,,,,,,Y,N1,A2400007,10
2026-07-26 02:49:23,data_go_kr,충청남도,A2400010,충청남도공주의료원,13,20260726024202,041-962-1365,,,,,,,,,,,,,,,,,,,,,1,,,,,,,,,,,5,,,Y,,,,,,Y,N1,,,Y,Y,N1,58,N1,3,N1,Y,,6,N1,15,,,1,,,,,,,,,,,,16,,,,,6,,,6,,1,1,,9,,,2,,,,,273,,,,,,,,,,,,,,,,,Y,N1,A2400010,11
2026-07-26 02:49:23,data_go_kr,충청남도,A2400038,학교법인건양교육재단건양대학교부여병원,8,20260726024419,041-837-1201,,,,,,,,,,,,,,,,,,,,,1,,,,,,,,,,,,,,Y,,,,,,Y,N1,,,N1,Y,N1,22,N1,,N1,N1,,1,N1,9,,,1,,,,,,,,,,,,,,,,,1,,,,,1,,,1,,,,,,,,55,,,,,,,,,,,,,,,,,Y,N1,A2400038,12
2026-07-26 02:49:23,data_go_kr,충청남도,A2400044,의료법인 서해병원,5,20260726024100,041-950-0219,,,,,,,,,,,,,,,,,,,,,2,,,,,,,,,,,,,,Y,,,,,,Y,N1,,,N1,Y,N1,20,N1,,N1,N1,,,N1,5,,,2,,,,,,,,,,,,,,,,,,,,,,1,,,1,,,,,,,,79,,,,,,,,,,,,,,,,,Y,N1,A2400044,13
2026-07-26 02:49:23,data_go_kr,충청남도,A2400039,현대병원,9,20260726024001,041-546-7744,N,N,,,,,,,,,,,,,,,,,,,1,,,,,,,,,,,,N,N,Y,0,,,N,,Y,N,,,N,Y,N,7,N,2,N,Y,,3,N,10,,,1,,,,,,,,0,,,,7,,,,,3,,,,0,1,1,0,3,0,0,0,0,0,0,0,84,,,,,,,,,,,,,,,,,Y,N,A2400039,14
2026-07-26 02:49:23,data_go_kr,충청남도,A2400004,의료법인 예당의료재단 예산종합병원,6,20260726024539,041-330-4119,,,,,,,,,,,,,,,,,,,,,1,,,,,,,,,,,,,,Y,,,,,,Y,N1,,,N1,Y,N1,2,N1,4,N1,Y,,0,N1,6,,,1,,,,,,,,,,,,9,,,,,0,,,,,0,0,,0,,,,,,,,88,,,,,,,,,,,,,,,,,Y,N1,A2400004,15
2026-07-26 02:49:23,data_go_kr,충청남도,A2400005,충청남도천안의료원,11,20260726024502,041-570-7119,,,,,,,,,,,,,,,,6,,,,,1,,,,,,,,,,,,,,Y,,,,,,Y,N1,,,N1,Y,N1,63,N1,6,N1,Y,,4,N1,12,,,1,,,,,,,,,,,,15,,,,,4,,,,,1,1,,10,,,,,,,,241,,,,,,,,,,,,,6,,,,Y,N1,A2400005,16
2026-07-26 02:49:23,data_go_kr,충청남도,E2400032,청양군보건의료원,6,20260726024500,041-940-4951,,,,,,,,,,,,,,,,,,,,,1,,,,,,,,,,,,,,Y,,,,,,Y,N1,,,N1,Y,N1,12,N1,,N1,N1,,1,N1,6,,,1,,,,,,,,,,,,,,,,,1,,,,,1,,,1,,,,,,,,12,,,,,,,,,,,,,,,,,Y,N1,E2400032,17
2026-07-26 02:49:23,data_go_kr,충청남도,E2400033,태안군보건의료원,10,20260726024501,041-671-5319,,,,,,,,,,,,,,,,,,,,,1,,,,,,,,,,,,,,Y,,,,,,Y,N1,,,N1,Y,N1,22,N1,,N1,N1,,,N1,10,,,1,,,,,,,,,,,,,,,,,,,,,,1,,,1,,,,,,,,34,,,,,,,,,,,,,,,,,Y,N1,E2400033,18
2026-07-26 02:49:23,data_go_kr,전북특별자치도,A2500001,원광대학교병원,12,20260726024515,063-859-1165,Y,Y,2,3,,,,2,,1,,,,,,,,3,,5,,7,,,5,1,16,,16,2,4,1,Y,,Y,,2,6,Y,7,Y,Y,,,Y,Y,Y,181,Y,4,Y,Y,2,15,Y,26,3,,,18,8,15,15,,,,,20,8,,15,7,31,,40,15,2,30,2,1,5,4,5,11,12,20,8,4,1,,2,543,2,3,,,,2,,,,,,,,,2,6,Y,Y,A2500001,1
2026-07-26 02:49:23,data_go_kr,전북특별자치도,A2500002,전북대학교병원,22,20260726024253,063-250-1131,Y,Y,2,5,,,2,1,,2,,,,,,,,3,,3,,4,5,,6,1,9,,,,3,15,Y,,Y,5,,,Y,,Y,Y,,,Y,Y,Y,334,Y,,Y,Y,23,21,N1,36,5,,,17,10,8,25,10,,,18,,11,,,2,30,,,21,,23,15,3,1,2,5,11,15,22,4,2,1,,,834,2,5,,,2,1,,,,,,,,,,,Y,Y,A2500002,2
2026-07-26 02:49:23,data_go_kr,전북특별자치도,A2500007,전북특별자치도군산의료원,5,20260726024502,063-472-5130,,Y,,,,,,,,,,,,,,,,,1,,2,1,,,,2,3,,,,,,Y,,Y,,,,,,Y,N1,,,N1,Y,N1,94,N1,9,Y,Y,,6,N1,17,,1,2,2,,,,,,,,,,,18,2,3,,,6,,,,1,1,1,,18,,2,,,,,,289,,,,,,,,,,,,,,,,,Y,N1,A2500007,3
2026-07-26 02:49:23,data_go_kr,전북특별자치도,A2500012,의료법인오성의료재단동군산병원,14,20260726024442,063-440-0516,,,,,,,,,,,,,,,,0,,,1,,5,0,,,,,1,,,,,,,,Y,,,,Y,,Y,Y,,,Y,Y,N1,27,N1,8,N1,Y,,6,N1,17,,1,5,2,,,,,,,,,,,24,,3,,,6,,,,,2,2,2,13,,,2,,,,,262,,,,,,,,,,,,,0,,,,Y,N1,A2500012,4
2026-07-26 02:49:23,data_go_kr,전북특별자치도,A2500004,전북특별자치도남원의료원,14,20260726024502,063-620-1119,,Y,,,,,,,,,,,,,,,,,1,,2,,,,,1,,,,,,,Y,,Y,,,,,,Y,N1,,,N1,Y,N1,38,N1,4,Y,Y,,3,N1,17,,1,2,,,,,,,,,,,,9,1,,,,3,,,,3,2,1,,10,,1,,,,,,190,,,,,,,,,,,,,,,,,Y,N1,A2500004,5
2026-07-26 02:49:23,data_go_kr,전북특별자치도,A2500011,의료법인대산의료재단익산병원,11,20260726024503,063-840-9112,,,,,,,,,,,,,,,,,,,1,,2,,,,,0,,,,,,,,,Y,,,,Y,,Y,Y,,,N1,Y,N1,61,N1,8,N1,Y,,5,N1,17,,1,2,,,,,,,,,,,,17,1,,,,5,,,,,2,2,1,7,,,,,,,,333,,,,,,,,,,,,,,,,,Y,N1,A2500011,6
2026-07-26 02:49:23,data_go_kr,전북특별자치도,A2500056,대자인병원,22,20260726024507,063-250-8701,,,,,,,,,,,,,,,,,,,1,8,2,,,,,0,,,,,,,,Y,Y,,,,Y,,Y,Y,,,Y,Y,Y,27,N1,0,N1,Y,,15,Y,33,,1,2,,,36,,,,,,,,,15,4,,,,15,,,,,4,3,2,12,,,4,2,,1,1,45,,,,,,,,,,,,,,,,,Y,N1,A2500056,7
2026-07-26 02:49:23,data_go_kr,전북특별자치도,A2500006,재단법인예수병원유지재단예수병원,22,20260726024303,063-230-8280,Y,Y,,,1,1,,,,,,,,,,,,5,1,,2,,,2,,4,,5,,,,1,Y,,Y,0,,,Y,,Y,Y,,,Y,Y,Y,169,N1,8,Y,Y,3,14,Y,38,10,1,2,,,,12,,2,,14,,,,23,4,,6,,14,,,5,4,4,3,4,40,6,11,7,2,,,2,685,,,1,1,,,,,,,,,,,,,Y,Y,A2500006,8
2026-07-26 02:49:23,data_go_kr,전북특별자치도,A2500005,의료법인영경의료재단전주병원,9,20260726024210,063-226-6119,,,,,,,,,,,,,,,,,,,1,,2,,,,,,,,,,,,,,Y,,,,,,Y,N1,,,Y,Y,N1,47,N1,3,N1,Y,,5,N1,17,,1,2,,,,,,,,,,,,9,,,,,5,,,,,1,2,,6,,,1,,,,,275,,,,,,,,,,,,,,,,,Y,N1,A2500005,9
2026-07-26 02:49:23,data_go_kr,전북특별자치도,A2500008,재단법인 아산사회복지재단 정읍아산병원,17,20260726024500,063-530-6129,,,,,,,,,,,,,,,,,,,1,,2,,,,,,,,,,,,,,Y,,,,,,Y,N1,,,N1,Y,N1,77,N1,1,N1,Y,,3,N1,17,,1,2,,,,,,,,,,,,11,,,,,3,,,,,1,1,,5,,,,,,,,276,,,,,,,,,,,,,,,,,Y,N1,A2500008,10
2026-07-26 02:49:23,data_go_kr,전북특별자치도,A2500009,의료법인석천재단고창병원,8,20260726024235,063-560-5558,,,,,,,,,,,,,,,,,,,,,1,,,,,,,,,,,,,,Y,,,,,,Y,N1,,,N1,Y,N1,0,N1,,N1,Y,,2,N1,10,,,1,,,,,,,,,,,,,,,,,2,,,,,1,1,,4,,,,,,,,258,,,,,,,,,,,,,,,,,Y,N1,A2500009,11
2026-07-26 02:49:23,data_go_kr,전북특별자치도,A2500038,김제우석병원,10,20260726024103,063-540-5119,,,,,,,,,,,,,,,,,,,,,1,,,,,,,,,,,,,,Y,,,,,,Y,N1,,,N1,Y,N1,73,N1,,N1,Y,,2,N1,10,,,1,,,,,,,,,,,,,,,,,2,,,,,1,1,,1,,,,,,,,200,,,,,,,,,,,,,,,,,Y,N1,A2500038,12
2026-07-26 02:49:23,data_go_kr,전북특별자치도,E2500019,무주군보건의료원,4,20260726024500,063-320-8315,,,,,,,,,,,,,,,,,,,,,1,,,,,,,,,,,,,,Y,,,,,,Y,N1,,,N1,Y,N1,24,N1,,N1,N1,,,N1,4,,,1,,,,,,,,,,,,,,,,,,,,,,1,,,1,,,,,,,,24,,,,,,,,,,,,,,,,,Y,N1,E2500019,13
2026-07-26 02:49:23,data_go_kr,전북특별자치도,A2500010,부안성모병원,10,20260726024210,063-580-8119,,,,,,,,,,,,,,,,,,,,,2,,,,,,,,,,,,,,Y,,,,,,Y,N1,,,N1,Y,N1,14,N1,9,N1,Y,,3,N1,10,,,2,,,,,,,,,,,,9,,,,,3,,,,,1,1,,2,,,,,,,,240,,,,,,,,,,,,,,,,,Y,N1,A2500010,14
2026-07-26 02:49:23,data_go_kr,전북특별자치도,E2500021,순창군보건의료원,9,20260726024501,063-650-5352,,,,,,,,,,,,,,,,,,,,,1,,,,,,,,,,,,,,Y,,,,,,Y,N1,,,N1,Y,N1,30,N1,,N1,N1,,,N1,9,,,1,,,,,,,,,,,,,,,,,,,,,,1,,,1,,,,,,,,30,,,,,,,,,,,,,,,,,Y,N1,E2500021,15
2026-07-26 02:49:23,data_go_kr,전북특별자치도,E2500022,임실군보건의료원,4,20260726024500,063-640-3119,,,,,,,,,,,,,,,,,,,,,1,,,,,,,,,,,,,,Y,,,,,,Y,N1,,,N1,Y,N1,,N1,,N1,N1,,,N1,4,,,1,,,,,,,,,,,,,,,,,,,,,,1,,,1,,,,,,,,,,,,,,,,,,,,,,,,,Y,N1,E2500022,16
2026-07-26 02:49:23,data_go_kr,전북특별자치도,E2500020,장수군보건의료원,5,20260726024500,063-350-2119,,,,,,,,,,,,,,,,,,,,,1,,,,,,,,,,,,,,,,,,,,Y,N1,,,N1,N1,N1,20,N1,,N1,N1,,,N1,5,,,1,,,,,,,,,,,,,,,,,,,,,,,,,1,,,,,,,,22,,,,,,,,,,,,,,,,,Y,N1,E2500020,17
2026-07-26 02:49:23,data_go_kr,전북특별자치도,A2501890,의료법인영경의료재단호성전주병원,5,20260726024522,063-240-8862,,,,,,,,,,,,,,,,,,,,,1,,,,,,,,,,,,,,Y,,,,,,Y,N1,,,N1,Y,N1,5,N1,,N1,Y,,2,N1,9,,,1,,,,,,,,,,,,,,,,,2,,,,,1,1,,1,,,,,,,,122,,,,,,,,,,,,,,,,,Y,N1,A2501890,18
2026-07-26 02:49:23,data_go_kr,전북특별자치도,A2502742,새강병원,13,20260726024433,063-289-9119,,,0,0,,0,0,,,0,,,,,,,,3,1,0,2,0,,,,3,,0,,0,,0,,,Y,,,,,,Y,N1,,,N1,Y,N1,86,N1,16,N1,Y,,5,N1,14,3,1,2,0,0,0,,,,,,,,,16,3,,0,,5,0,,0,,1,1,,1,,,,,,,,201,0,0,,0,0,,,,,,,,,,,,Y,N1,A2502742,19
2026-07-26 02:49:23,data_go_kr,전북특별자치도,A2502031,진안군의료원,5,20260726024502,063-430-7119,,,,,,,,,,,,,,,,,,,,,2,,,,,,,,,,,,,,Y,,,,,,Y,N1,,,N1,Y,N1,32,N1,,N1,Y,,2,N1,6,,,2,,,,,,,,,,,,,,,,,2,,,,,1,1,,3,,,,,,,,74,,,,,,,,,,,,,,,,,Y,N1,A2502031,20
2026-07-26 02:49:23,data_go_kr,경상북도,A2700007,차의과학대학교부속구미차병원,13,20260726024517,054-450-9998,Y,Y,,,,,0,,,,,,,,,,,4,3,,3,0,,,,,8,,,,,,Y,Y,Y,,,,Y,,Y,Y,,,Y,Y,Y,73,Y,0,Y,Y,0,8,N1,20,5,3,3,25,,,8,,,,,,,,18,,30,,,8,,,,3,3,2,2,21,3,13,2,1,2,1,,301,,,,,3,,,,,,,,,,,,Y,Y,A2700007,1
2026-07-26 02:49:23,data_go_kr,경상북도,A2700014,의료법인안동병원,10,20260726024400,054-840-0119,Y,Y,2,3,,,1,,,3,,,,,,,,1,,,,3,,,,0,10,,5,2,0,4,Y,Y,Y,,1,5,Y,0,Y,Y,,,Y,Y,Y,139,Y,1,Y,Y,10,11,Y,15,3,,,19,20,,10,,,,,20,,,13,3,30,,40,11,2,34,6,3,6,3,5,67,3,12,14,4,13,1,1,775,2,3,,,1,,,,,,,,,,2,6,Y,Y,A2700014,2
2026-07-26 02:49:23,data_go_kr,경상북도,A2700016,포항성모병원,8,20260726024326,054-260-8600,Y,Y,2,3,,,,4,6,,,,,,,,,11,,,,5,,,,1,2,,,,,1,Y,Y,Y,,,,Y,,Y,Y,,,Y,Y,Y,83,Y,7,Y,Y,,9,Y,20,11,,,15,,,,,,,,,,,16,1,17,,,9,,,1,1,3,2,2,25,1,6,4,1,2,1,3,468,2,3,,,,5,13,,,,,,,,,,Y,Y,A2700016,3
2026-07-26 02:49:23,data_go_kr,경상북도,A2700003,동국대학교의과대학경주병원,11,20260726024520,054-770-8306,Y,Y,,,,,,,,1,,,,,,,,2,2,3,5,,,,,3,,,,,11,1,Y,,Y,,,,Y,,Y,Y,,,Y,Y,N1,94,N1,0,Y,Y,,6,N1,16,3,2,5,,11,17,,,,,,,,,7,4,,,,7,,20,3,1,2,2,2,26,2,6,3,,,,,279,,,,,,,,,,,,,,,,,Y,Y,A2700003,4
2026-07-26 02:49:23,data_go_kr,경상북도,A2700013,순천향대학교부속구미병원,8,20260726024120,054-468-9119,,Y,,,,,,,,,,,,,,,,4,1,,2,0,,,,2,0,,,,,1,Y,,Y,,,,Y,,Y,Y,,,Y,Y,N1,52,N1,3,Y,Y,,6,N1,13,4,1,2,2,,,,,,,,,,,31,2,3,,,6,,,1,1,2,2,2,20,,1,2,,,,,263,,,,,,,,,,,,,,,,,Y,N1,A2700013,5
2026-07-26 02:49:23,data_go_kr,경상북도,A2700012,의료법인덕산의료재단김천제일병원,16,20260726024515,054-420-9500,,,,,,,,,,,,,,,,,,,1,,3,0,,,,,3,,,,,,Y,,Y,,,,Y,,Y,Y,,,Y,Y,N1,79,N1,7,N1,Y,,4,Y,16,,1,3,2,,,,,,,,,,,16,,3,,,4,,,,3,1,1,1,10,,,1,,,,1,276,,,,,,,,,,,,,,,,,Y,N1,A2700012,6
2026-07-26 02:49:23,data_go_kr,경상북도,A2700006,의료법인동춘의료재단문경제일병원,17,20260726024001,054-550-7777,,,,,,,,,,,,,,,,,,,1,,1,2,,,,1,3,,,,60,3,,,Y,,,,,,Y,N1,,,N1,Y,N1,59,N1,12,N1,Y,,3,N1,17,,1,2,2,,,,,,,,,,,29,1,3,,,3,,162,4,,2,1,,8,,,,,,,,306,,,,,,,,,,,,,,,,,Y,N1,A2700006,7
2026-07-26 02:49:23,data_go_kr,경상북도,A2700004,안동성소병원,9,20260726024517,054-850-8282,,Y,,,,,,,,,,,,,,,5,,1,,1,0,,,,3,1,,,,23,0,Y,,Y,,,,Y,,Y,Y,,,Y,Y,N1,146,N1,10,Y,Y,,6,N1,12,,1,2,2,,,,,,,,,,,16,3,3,,,6,,186,2,1,2,2,2,21,,4,1,,,,,393,,,,,,,,,,,,,,5,,,Y,N1,A2700004,8
2026-07-26 02:49:23,data_go_kr,경상북도,A2700002,포항세명기독병원,13,20260726024153,054-289-1711,,,,,,,,,,,,,,,,,6,,1,,3,0,,,,0,2,,,,,3,,,Y,,,,Y,,Y,Y,,,Y,Y,Y,155,Y,6,N1,Y,,14,Y,15,,1,3,2,,,,,,,,,,,52,1,3,,,14,,,6,,6,5,4,25,,,5,1,1,,1,662,,,,,,,,,,,,,,6,,,Y,N1,A2700002,9
2026-07-26 02:49:23,data_go_kr,경상북도,A2700019,의)근원의료재단경산중앙병원,8,20260726024510,053-715-0119,,,,,,,,,,,,,,,,,,,,,2,,,,,1,,,,,44,,,,Y,,,,,,Y,N1,,,N1,Y,N1,59,N1,4,N1,Y,,4,N1,10,,,2,,,,,,,,,,,,11,2,,,,4,,116,,,1,1,,9,,,,,,,,301,,,,,,,,,,,,,,,,,Y,N1,A2700019,10
2026-07-26 02:49:23,data_go_kr,경상북도,A2700036,의료법인서명의료재단세명종합병원,13,20260726024138,053-819-8500,,,,,,,,,,,,,,,,,,,,,2,,,,,,,,,,2,,,,Y,,,,,,Y,N1,,,N1,Y,N1,19,N1,2,N1,Y,,4,N1,13,,,2,,,,,,,,,,,,14,,,,,4,,22,,,1,1,,6,,,,,,,,264,,,,,,,,,,,,,,,,,Y,N1,A2700036,11
2026-07-26 02:49:23,data_go_kr,경상북도,A2700097,계명대학교경주동산병원,8,20260726024404,054-770-9420,,,,,,,,,,,,,,,,,,,,,1,,,,,,,,,,,,,,Y,,,,,,Y,N1,,,N1,Y,N1,34,N1,,N1,Y,,2,N1,9,,,1,,,,,,,,,,,,,,,,,2,,,,,1,1,,1,,,,,,,,88,,,,,,,,,,,,,,,,,Y,N1,A2700097,12
2026-07-26 02:49:23,data_go_kr,경상북도,A2700070,의료법인영암의료재단고령영생병원,5,20260726024529,070-4700-0728,,,,,,,,,,,,,,,,,,,,,1,,,,,,,,,,,,,,Y,,,,,,Y,N1,,,N1,Y,N1,35,N1,,N1,N1,,1,N1,5,,,1,,,,,,,,,,,,,,,,,1,,,,,1,,,1,,,,,,,,59,,,,,,,,,,,,,,,,,Y,N1,A2700070,13
2026-07-26 02:49:23,data_go_kr,경상북도,A2700015,구미강동병원,6,20260726024446,054-478-9521,,,,,,,,,,,,,,,,9,,,1,,2,,,,,,,,,,,,,,Y,,,,Y,,Y,Y,,,N1,Y,N1,44,N1,5,N1,Y,,5,N1,7,,1,2,,,,,,,,,,,,12,,,,,5,,,,,1,1,1,3,,,,,,,,191,,,,,,,,,,,,,9,,,,Y,N1,A2700015,14
2026-07-26 02:49:23,data_go_kr,경상북도,A2700018,경상북도김천의료원,16,20260726024502,054-429-8234,,,,,,,,,,,,,,,,,,,1,,,,,,,0,,,,,,,,,Y,,,,,,Y,N1,,,N1,Y,N1,-2,N1,7,N1,Y,,5,N1,17,,1,,,,,,,,,,,,,22,3,,,,5,,,,,1,2,,7,,,,,,,,274,,,,,,,,,,,,,,,,,Y,N1,A2700018,15
2026-07-26 02:49:23,data_go_kr,경상북도,A2700009,의료법인삼백의료재단상주성모병원,9,20260726024458,054-530-7811,,,,,,,,,,,,,,,,,,,,,1,,,,,,,,,,,,,,Y,,,,,,Y,N1,,,N1,Y,N1,41,N1,6,N1,Y,,3,N1,9,,,1,,,,,,,,,,,,10,,,,,3,,,,,1,1,,1,,,,,,,,172,,,,,,,,,,,,,,,,,Y,N1,A2700009,16
2026-07-26 02:49:23,data_go_kr,경상북도,A2700011,상주적십자병원,7,20260726024527,054-530-3171,,Y,,,,,,,,,,,,,,,,,1,,,,,,,,,,,,,,Y,,Y,,,,,,Y,N1,,,Y,Y,N1,58,N1,6,Y,Y,,3,N1,9,,1,,,,,,,,,,,,,10,,,,,3,,,,1,1,1,,7,,2,1,,,,,164,,,,,,,,,,,,,,,,,Y,N1,A2700011,17
2026-07-26 02:49:23,data_go_kr,경상북도,A2700001,경상북도안동의료원,5,20260726024501,054-850-6100,,,,,,,,,,,,,,,,,,,,,2,,,,,,,,,,,,,,Y,,,,,,Y,N1,,,N1,Y,N1,112,N1,2,N1,Y,,5,N1,6,,,2,,,,,,,,,,,,10,,,,,5,,,,,1,1,,8,,,,,,,,238,,,,,,,,,,,,,,,,,Y,N1,A2700001,18
2026-07-26 02:49:23,data_go_kr,경상북도,A2700031,영주기독병원,4,20260726024242,054-635-3050,,Y,,,,,,,,,,,,,,,,,,,1,,,,,,,,,,,,Y,,Y,,,,,,Y,N1,,,N1,Y,N1,7,N1,,Y,N1,,1,N1,4,,,1,,,,,,,,,,,,,,,,,1,,,,1,1,,,1,,2,,,,,,70,,,,,,,,,,,,,,,,,Y,N1,A2700031,19
2026-07-26 02:49:23,data_go_kr,경상북도,A2700020,영주자인병원,4,20260726024451,070-7335-5229,,,,,,,,,,,,,,,,,,,,,1,,,,,,,,,,,,,,Y,,,,,,Y,N1,,,N1,Y,N1,30,N1,,N1,Y,,,N1,4,,,1,,,,,,,,,,,,,,,,,2,,,,,1,1,,,,,,,,,,133,,,,,,,,,,,,,,,,,N1,N1,A2700020,20
2026-07-26 02:49:23,data_go_kr,경상북도,A2702752,영주적십자병원,8,20260726024341,054-630-0112,,,,,,,,,,,,,,,,,,,1,,,,,,,,,,,,,,,,Y,,,,,,Y,N1,,,Y,Y,N1,56,N1,1,N1,Y,,3,N1,10,,1,,,,,,,,,,,,,10,,,,,3,,,,,1,1,,4,,,1,,,,,140,,,,,,,,,,,,,,,,,Y,N1,A2702752,21
2026-07-26 02:49:23,data_go_kr,경상북도,A2700017,영남대학교의과대학부속영천병원,10,20260726024258,054-330-7575,,,,,,,,,,,,,,,,,,,1,,2,,,,,,,,,,,,,,Y,,,,,,Y,N1,,,N1,Y,N1,46,N1,3,N1,Y,,4,N1,10,,1,2,,,,,,,,,,,,10,,,,,4,,,,,1,1,,1,,,,,,,,190,,,,,,,,,,,,,,,,,Y,N1,A2700017,22
2026-07-26 02:49:23,data_go_kr,경상북도,A2700023,의료법인서준의료재단예천권병원,6,20260726024018,054-650-2119,,Y,,,,,,,,,,,,,,,,,1,,0,,,,,,,,,,,0,Y,,Y,,,,,,Y,N1,,,N1,Y,N1,74,N1,,Y,Y,,2,N1,6,,1,0,,,,,,,,,,,,,,,,,2,,,0,1,1,1,,3,,2,,,,,,173,,,,,,,,,,,,,,,,,Y,N1,A2700023,23
2026-07-26 02:49:23,data_go_kr,경상북도,E2700553,울릉군보건의료원,4,20260726024501,054-790-6911,,,,,,,,,,,,,,,,,,,,,,,,,,,,,,,,,,,Y,,,,,,Y,N1,,,N1,Y,N1,24,N1,,N1,N1,,1,N1,5,,,,,,,,,,,,,,,,,,,,1,,,,,1,,,1,,,,,,,,27,,,,,,,,,,,,,,,,,Y,N1,E2700553,24
2026-07-26 02:49:23,data_go_kr,경상북도,A2700052,울진군의료원,8,20260726024102,054-785-7119,,,,,,,,,,,,,,,,,,,2,,,,,,,,,,,,,2,,,Y,,,,,,Y,N1,,,N1,Y,N1,22,N1,,N1,Y,,3,N1,8,,2,,,,,,,,,,,,,,,,,,3,,,2,,1,1,,1,,,,,,,,97,,,,,,,,,,,,,,,,,Y,N1,A2700052,25
2026-07-26 02:49:23,data_go_kr,경상북도,A2700063,의료법인영제의료재단영남제일병원,4,20260726022457,054-861-9111,,,,,,,,,,,,,,,,,,,,,1,,,,,,,,,,,,,,Y,,,,,,Y,N1,,,N1,Y,N1,27,N1,,N1,N1,,1,N1,,,,,,,,,,,,,,,,,,,,,,,,,,,,,,,,,,,,,,,,,,,,,,,,,,,,,,Y,N1,A2700063,26
2026-07-26 02:49:23,data_go_kr,경상북도,A2700038,의료법인대남의료재단청도대남병원,10,20260726024302,054-370-5112,,,,,,,,,,,,,,,,,,,,,,,,,,,,,,,,,,,Y,,,,,,Y,N1,,,N1,Y,N1,83,N1,,N1,Y,,1,N1,10,,,,,,,,,,,,,,,,,,,,1,,,,,1,1,,1,,,,,,,,115,,,,,,,,,,,,,,,,,Y,N1,A2700038,27
2026-07-26 02:49:23,data_go_kr,경상북도,E2700554,청송군보건의료원,5,20260726024500,054-870-7119,,,,,,,,,,,,,,,,,,,,,1,,,,,,,,,,,,,,,,,,,,Y,N1,,,N1,N1,N1,57,N1,,N1,N1,,,N1,5,,,1,,,,,,,,,,,,,,,,,,,,,,,,,1,,,,,,,,45,,,,,,,,,,,,,,,,,Y,N1,E2700554,28
2026-07-26 02:49:23,data_go_kr,경상북도,A2700008,에스포항병원,6,20260726024418,054-289-9120,Y,,,,,,,,,,,,,,,,,,,,1,,,,,1,,,,,,,,,Y,,,,Y,,Y,Y,,,Y,Y,N1,83,N1,3,N1,Y,,4,N1,6,,,1,,,,,,,,,,,,14,1,,,,4,,,,,2,2,3,9,9,,1,,,,,239,,,,,,,,,,,,,,,,,Y,Y,A2700008,29
2026-07-26 02:49:23,data_go_kr,경상북도,A2702563,의료법인은성의료재단좋은선린병원,9,20260726024528,054-245-5200,,,,,,,,,,,,,,,,2,,,,,2,,,,,1,,,,,,,,,Y,,,,N,,Y,N,,,N1,Y,N1,77,N1,1,N1,Y,,4,N,10,,,2,,,,,,,,,,,,17,1,,,,4,,,,,1,1,2,7,,,,,,,14,281,,,,,,,,,,,,,2,,,,N,N1,A2702563,30
2026-07-26 02:49:23,data_go_kr,경상북도,A2700005,경상북도포항의료원,5,20260726024502,054-245-0129,,,,,,,,,,,,,,,,,,,1,,1,,,,,1,,,,,7,7,,,Y,,,,,,Y,N1,,,N1,Y,N1,26,N1,4,N1,Y,,3,N1,8,,1,1,,,,,,,,,,,,19,1,,,,3,,56,7,,1,1,,4,,,,,,,,179,,,,,,,,,,,,,,,,,Y,N1,A2700005,31
2026-07-26 02:49:23,data_go_kr,경상남도,A2800011,양산부산대학교병원,12,20260726024327,055-360-1463,Y,Y,2,2,1,1,0,0,,4,,0,0,,4,,,7,,7,1,3,6,2,,0,14,6,,,4,4,Y,,Y,1,,,Y,,Y,Y,,5,Y,Y,Y,294,Y,,Y,Y,19,25,N1,23,8,,1,16,16,11,38,11,2,,9,,,10,,0,30,6,,25,,33,4,4,6,5,6,92,24,23,19,12,2,,,766,2,3,1,1,2,2,,,0,0,,4,,,,,Y,Y,A2800011,1
2026-07-26 02:49:23,data_go_kr,경상남도,A2800001,경상국립대학교병원,15,20260726024501,055-750-8282,Y,Y,,,,,,3,,2,,,,,,,,3,2,4,3,5,,,0,0,12,,26,2,7,5,Y,,Y,,2,6,Y,13,Y,Y,,,Y,Y,Y,244,Y,,Y,Y,6,15,N1,28,3,2,3,14,8,9,15,,,,,20,6,,,3,30,,40,15,2,23,7,7,3,3,5,16,9,20,6,4,17,,,655,,,,,,6,,,,,,,,,2,6,Y,Y,A2800001,2
2026-07-26 02:49:23,data_go_kr,경상남도,A2800020,학교법인성균관대학삼성창원병원,18,20260726024458,055-233-8899,Y,Y,,,,,,1,,2,,,,,,,,8,2,5,3,8,,,,0,22,,,,,3,Y,,Y,,,,Y,,Y,Y,,,Y,Y,Y,270,Y,,Y,Y,17,16,N1,27,8,2,3,19,15,20,24,,,,,,,,,3,30,,,16,,,5,7,4,3,4,45,8,20,5,3,3,,,645,,,,,,1,,,,,,,,,,,Y,Y,A2800020,3
2026-07-26 02:49:23,data_go_kr,경상남도,A2800010,의료법인환명의료재단 조은금강병원,15,20260726024251,055-330-0200,,,,,,,,,,,,,,,,,,,1,,2,,,,,1,,,,,5,,,,Y,,,,Y,,Y,Y,,,N1,Y,N1,73,N1,11,N1,Y,,4,Y,17,,1,2,,,,,,,,,,,,23,1,,,,4,,96,,,1,2,1,7,,,,,,,2,305,,,,,,,,,,,,,,,,,Y,N1,A2800010,4
2026-07-26 02:49:23,data_go_kr,경상남도,A2800006,의료법인숭인의료재단 김해복음병원,16,20260726024243,055-330-8844,,,,,,,,,,,,,,,,,,,1,,3,,,,,1,,,,,,,,,Y,,,,Y,,Y,Y,,,Y,Y,N1,26,N1,1,N1,Y,,5,N1,16,,1,3,,,,,,,,,,,,18,1,,,,5,,,,,2,3,1,3,,,3,,,,,359,,,,,,,,,,,,,,,,,Y,N1,A2800006,5
2026-07-26 02:49:23,data_go_kr,경상남도,A2800043,한일병원,16,20260726024052,055-750-1333,,,,,,,,,,,,,,,,,,,1,,2,0,,,,0,1,,,,,,,,Y,,,,Y,,Y,Y,,,Y,Y,N1,19,N1,1,N1,Y,,4,Y,17,,1,2,2,,,,,,,,,,,13,1,3,,,4,,,,,2,2,1,6,,,1,,,,1,282,,,,,,,,,,,,,,,,,Y,N1,A2800043,6
2026-07-26 02:49:23,data_go_kr,경상남도,A2800003,제일병원,12,20260726024416,055-750-7119,,,,,,,,,,,,,,,,,,,1,,2,,,,,,,,,,,,,Y,Y,,,,Y,,Y,Y,,,N1,Y,N1,58,N1,6,N1,Y,,4,Y,17,,1,2,,,,,,,,,,,,9,,,,,7,,,,,2,2,1,4,,,,,,1,1,258,,,,,,,,,,,,,,,,,Y,N1,A2800003,7
2026-07-26 02:49:23,data_go_kr,경상남도,A2800017,의료법인합포의료재단에스엠지연세병원,14,20260726024509,055-240-7777,,,,,,,,,,,,,,,,,,,1,,2,,,,,1,,,,,,,,,Y,,,,Y,,Y,Y,,,Y,Y,N1,42,N1,5,N1,Y,,4,N1,17,,1,2,,,,,,,,,,,,12,1,,,,4,,,,,1,2,1,7,,,1,,,,,286,,,,,,,,,,,,,,,,,Y,N1,A2800017,8
2026-07-26 02:49:23,data_go_kr,경상남도,A2803505,창원경상국립대학교병원,18,20260726024201,055-214-1339,Y,Y,,,,,,,,,,,,5,0,,,,1,,2,,,,,2,,,,,8,6,Y,,Y,,,,Y,,Y,Y,,,Y,Y,Y,203,Y,14,Y,Y,5,12,N1,18,,1,2,,,,17,,,,,,,,34,2,,,,13,,22,6,9,3,2,5,52,9,22,6,7,14,,,437,,,,,,,,,,,5,0,,,,,Y,Y,A2803505,9
2026-07-26 02:49:23,data_go_kr,경상남도,A2800007,창원한마음병원,8,20260726024510,055-225-0350,Y,Y,,,,,,,,-1,,,,,,,,,1,1,2,,,,,1,,,,,,0,Y,,Y,,,,Y,,Y,Y,,,Y,Y,Y,84,Y,,Y,Y,10,13,Y,21,,1,3,,25,37,10,,,,,,,,,1,,,,13,,,6,2,4,4,4,29,3,11,6,1,2,,2,688,,,,,,,,,,,,,,,,,Y,Y,A2800007,10
2026-07-26 02:49:23,data_go_kr,경상남도,A2800004,창원파티마병원,7,20260726024107,055-270-1119,Y,Y,,,,,,,,4,,,,,,,,,1,6,2,0,,,,0,2,,,,,5,Y,Y,Y,,,,Y,,Y,Y,,,Y,Y,N1,119,Y,,Y,Y,2,7,N1,17,,1,2,2,12,13,2,,,,,,,,,2,3,,,7,,,6,2,4,3,3,16,3,6,3,,4,1,,444,,,,,,,,,,,,,,,,,Y,Y,A2800004,11
2026-07-26 02:49:23,data_go_kr,경상남도,A2800008,의료법인 거붕 백병원,9,20260726024446,055-733-0180,,,,,,,,,,,,,,,,,,,,,1,,,,,,,,,,,,,,Y,,,,,,Y,N1,,,N1,Y,N1,56,N1,8,N1,Y,,4,N1,9,,,1,,,,,,,,,,,,20,,,,,4,,,,,2,2,,12,,,,,,,,365,,,,,,,,,,,,,,,,,Y,N1,A2800008,12
2026-07-26 02:49:23,data_go_kr,경상남도,A2800005,의료법인 대우의료재단대우병원,8,20260726024219,055-680-8119,,,,,,,,,,,,,,,,,,,,,1,,,,,,,,,,,,,,Y,,,,,,Y,N1,,,N1,Y,N1,43,N1,4,N1,Y,,4,N1,9,,,1,,,,,,,,,,,,10,,,,,4,,,,,2,1,,5,,,,,,,,231,,,,,,,,,,,,,,,,,Y,N1,A2800005,13
2026-07-26 02:49:23,data_go_kr,경상남도,A2800022,의료법인 성념의료재단맑은샘병원,8,20260726024009,055-736-0119,,,,,,,,,,,,,,,,,,,,,1,,,,,,,,,,,,,,Y,,,,,,Y,N1,,,N1,Y,N1,17,N1,,N1,Y,,2,N1,9,,,1,,,,,,,,,,,,,,,,,2,,,,,1,1,,4,,,,,,,,200,,,,,,,,,,,,,,,,,Y,N1,A2800022,14
2026-07-26 02:49:23,data_go_kr,경상남도,A2800076,거창적십자병원,7,20260726024304,055-949-3359,,Y,,,,,,,,,,,,,,,,,,,1,,,,,,,,,,,,Y,,Y,,,,,,Y,N1,,,N1,Y,N1,35,N1,,Y,Y,,2,N1,9,,,1,,,,,,,,,,,,,,,,,2,,,,1,1,1,,2,,2,,,,,,91,,,,,,,,,,,,,,,,,Y,N1,A2800076,15
2026-07-26 02:49:23,data_go_kr,경상남도,A2800032,강병원,9,20260726024206,055-673-4848,,,,,,,,,,,,,,,,,,,,,1,,,,,,,,,,,,,,Y,,,,,,Y,N1,,,N1,Y,N1,17,N1,,N1,Y,,1,N1,9,,,1,,,,,,,,,,,,,,,,,1,,,,,1,1,,1,,,,,,,,99,,,,,,,,,,,,,,,,,Y,N1,A2800032,16
2026-07-26 02:49:23,data_go_kr,경상남도,A2803677,강일병원,8,20260726024526,055-822-0119,,,,,,,,,,,,,,,,,,,1,,2,,,,,,,,,,,,,,Y,,,,Y,,Y,Y,,,N1,Y,N1,124,N1,13,N1,Y,,5,N1,8,,1,2,,,,,,,,,,,,15,,,,,5,,,,,1,2,1,1,,,,,,,,275,,,,,,,,,,,,,,,,,Y,N1,A2803677,17
2026-07-26 02:49:23,data_go_kr,경상남도,A2800014,의료법인갑을의료재단 갑을장유병원,7,20260726024334,055-310-6119,,,,,,,,,,,,,,,,,,,1,,,,,,,,,,,,,,,,Y,,,,,,Y,N1,,,N1,Y,N1,40,N1,,N1,Y,,4,N1,9,,1,,,,,,,,,,,,,,,,,,4,,,,,1,1,,1,,,,,,,,210,,,,,,,,,,,,,,,,,Y,N1,A2800014,18
2026-07-26 02:49:23,data_go_kr,경상남도,A2800094,의료법인 이도의료재단 남해병원,7,20260726010941,055-860-6630,N,N,,,,,,,,,,,,,,,,,1,,1,,,,,,,,,,,,N,N,Y,,,,N,,Y,N,,,N,Y,N,77,N,,N,Y,,2,N,,,,,,,,,,,,,,,,,,,,,,,,,,,,,,,,,,,,,,,,,,,,,,,,,,,,,,N,N,A2800094,19
2026-07-26 02:49:23,data_go_kr,경상남도,A2800113,밀양병원,7,20260726024340,055-356-9119,,,,,,,,,,,,,,,,,,,,,1,,,,,,,,,,,,,,Y,,,,,,Y,N1,,,N1,Y,N1,31,N1,,N1,Y,,0,N1,8,,,1,,,,,,,,,,,,,,,,,0,,,,,1,1,,1,,,,,,,,200,,,,,,,,,,,,,,,,,Y,N1,A2800113,20
2026-07-26 02:49:23,data_go_kr,경상남도,A2800068,의료법인승연의료재단 삼천포서울병원,8,20260726024323,055-830-9019,,,,,,,,,,,,,,,,,,,,,1,,,,,,,,,,,,,,Y,,,,Y,,Y,Y,,,N1,Y,N1,35,N1,,N1,Y,,3,Y,9,,,1,,,,,,,,,,,,,,,,,3,,,,,1,2,1,4,,,,,,,1,287,,,,,,,,,,,,,,,,,Y,N1,A2800068,21
2026-07-26 02:49:23,data_go_kr,경상남도,A2800101,삼천포제일병원,8,20260726024103,055-830-3099,,,,,,,,,,,,,,,,,,,,,2,,,,,,,,,,,,,,Y,,,,,,Y,N1,,,N1,Y,N1,70,N1,,N1,Y,,2,N,8,,,2,,,,,,,,,,,,,,,,,2,,,,,1,1,,1,,,,,,,1,214,,,,,,,,,,,,,,,,,Y,N1,A2800101,22
2026-07-26 02:49:23,data_go_kr,경상남도,E2800380,산청군보건의료원,5,20260726024501,055-970-7582,,,,,,,,,,,,,,,,,,,,,1,,,,,,,,,,,,,,,,,,,,Y,N1,,,N1,N1,N1,20,N1,,N1,N1,,,N1,5,,,1,,,,,,,,,,,,,,,,,,,,,,,,,1,,,,,,,,20,,,,,,,,,,,,,,,,,Y,N1,E2800380,23
2026-07-26 02:49:23,data_go_kr,경상남도,A2804593,양산성모병원,12,20260726024514,055-912-9785,,,,,,,,,,,,,,,,,,,1,,,,,,,,,,,,,,,,Y,,,,,,Y,N1,,,N1,Y,N1,145,N1,5,N1,Y,,4,N1,13,,1,,,,,,,,,,,,,6,,,,,4,,,,,1,2,,1,,,,,,,,214,,,,,,,,,,,,,,,,,Y,N1,A2804593,24
2026-07-26 02:49:23,data_go_kr,경상남도,A2800019,베데스다복음병원,9,20260726024451,055-781-9911,,,,,,,,,,,,,,,,,,,,,1,,,,,,,,,,,,,,Y,,,,,,Y,N1,,,N1,Y,N1,43,N1,,N1,Y,,3,N1,9,,,1,,,,,,,,,,,,,,,,,3,,,,,1,1,,1,,,,,,,,133,,,,,,,,,,,,,,,,,Y,N1,A2800019,25
2026-07-26 02:49:23,data_go_kr,경상남도,A2800090,의령병원,4,20260726024511,055-573-6806,,,,,,,,,,,,,,,,,,,,,1,,,,,,,,,,,,,,Y,,,,,,Y,N1,,,N1,Y,N1,35,N1,,N1,N1,,,N1,4,,,1,,,,,,,,,,,,,,,,,,,,,,1,,,1,,,,,,,,58,,,,,,,,,,,,,,,,,Y,N1,A2800090,26
2026-07-26 02:49:23,data_go_kr,경상남도,A2800084,반도병원,7,20260726024006,055-749-0200,,,,,,,,,,,,,,,,,,,,,1,,,,,,,,,,,,,,Y,,,,,,Y,N1,,,N1,Y,N1,68,N1,,N1,Y,,3,N1,7,,,1,,,,,,,,,,,,,,,,,3,,,,,1,1,,3,,,,,,,,165,,,,,,,,,,,,,,,,,Y,N1,A2800084,27
2026-07-26 02:49:23,data_go_kr,경상남도,A2800015,의료법인 문병욱의료재단 진주고려병원,9,20260726024150,055-751-2525,,,,,,,,,,,,,,,,,,,,,1,,,,,,,,,,,,,,Y,,,,Y,,Y,Y,,,N1,Y,N1,75,N1,4,N1,Y,,4,Y,10,,,1,,,,,,,,,,,,9,,,,,4,,,,,2,2,1,4,,,,,,,1,229,,,,,,,,,,,,,,,,,Y,N1,A2800015,28
2026-07-26 02:49:23,data_go_kr,경상남도,A2800037,진주복음병원,7,20260726024459,055-749-7119,,,,,,,,,,,,,,,,,,,,,1,,,,,,,,,,,,,,Y,,,,,,Y,N1,,,N1,Y,N1,41,N1,,N1,N,,3,N1,9,,,1,,,,,,,,,,,,,,,,,3,,,,,1,1,,1,,,,,,,,131,,,,,,,,,,,,,,,,,N,N1,A2800037,29
2026-07-26 02:49:23,data_go_kr,경상남도,A2800062,태황의료재단한성병원,9,20260726024433,055-530-5119,,,,,,,,,,,,,,,,,,,,,1,,,,,,,,,,,,,,,,,,,,Y,N1,,,N1,N1,N1,49,N1,,N1,N1,,,N1,9,,,1,,,,,,,,,,,,,,,,,,,,,,,,,,,,,,,,,167,,,,,,,,,,,,,,,,,N1,N1,A2800062,30
2026-07-26 02:49:23,data_go_kr,경상남도,A2800025,경상남도마산의료원,11,20260726024502,055-249-1119,,,,,,,,,,,,,,,,,,,1,,1,,,,,2,,,,,,19,,,Y,,,,,,Y,N1,,,Y,Y,N1,83,N1,5,N1,Y,,5,N1,13,,1,1,,,,,,,,,,,,6,2,,,,5,,,27,,1,1,,17,,,2,,,,,263,,,,,,,,,,,,,,,,,Y,N1,A2800025,31
2026-07-26 02:49:23,data_go_kr,경상남도,A2800009,의료법인청아의료재단청아병원,8,20260726024424,055-230-1700,,,,,,,,,,,,,,,,,,,,,1,,,,,,,,,,,,,,Y,,,,,,Y,N1,,,N1,Y,N1,76,N1,,N1,Y,,4,N1,9,,,1,,,,,,,,,,,,,,,,,4,,,,,2,2,,4,,,,,,,,274,,,,,,,,,,,,,,,,,Y,N1,A2800009,32
2026-07-26 02:49:23,data_go_kr,경상남도,A2800021,연세에스병원,9,20260726024133,055-548-7789,,,,,,,,,,,,,,,,,,,,,1,,,,,,,,,,,,,,Y,,,,Y,,Y,Y,,,N1,Y,N1,109,N1,7,N1,Y,,2,N1,9,,,1,,,,,,,,,,,,10,,,,,3,,,,,2,2,1,5,,,,,,,,255,,,,,,,,,,,,,,,,,Y,N1,A2800021,33
2026-07-26 02:49:23,data_go_kr,경상남도,A2800092,새통영병원,8,20260726024502,055-640-4119,,,,,,,,,,,,,,,,,,,,,1,,,,,,,,,,,,,,Y,,,,,,Y,N1,,,N1,Y,N1,58,N1,,N1,Y,,3,N1,9,,,1,,,,,,,,,,,,,,,,,3,,,,,1,2,,3,,,,,,,,256,,,,,,,,,,,,,,,,,Y,N1,A2800092,34
2026-07-26 02:49:23,data_go_kr,경상남도,A2800080,함양성심병원,4,20260726024241,055-964-4322,,,,,,,,,,,,,,,,,,,,,1,,,,,,,,,,,,,,Y,,,,,,Y,N1,,,N1,Y,N1,5,N1,,N1,Y,,2,N1,4,,,1,,,,,,,,,,,,,,,,,2,,,,,1,1,,1,,,,,,,,121,,,,,,,,,,,,,,,,,Y,N1,A2800080,35
2026-07-26 02:49:23,data_go_kr,경상남도,A2800055,삼성합천병원,4,20260726024501,070-5125-5030,,,,,,,,,,,,,,,,,,,,,1,,,,,,,,,,,,,,Y,,,,,,Y,N1,,,N1,Y,N1,25,N1,,N1,Y,,2,N1,4,,,1,,,,,,,,,,,,,,,,,2,,,,,1,1,,1,,,,,,,,141,,,,,,,,,,,,,,,,,Y,N1,A2800055,36
2026-07-26 02:49:23,data_go_kr,제주특별자치도,A2900001,제주한라병원,9,20260726024726,064-740-5159,Y,Y,,,,,0,1,,,4,,,,,,,3,2,,3,2,,,,,24,,10,2,,,Y,,Y,,2,6,Y,8,Y,Y,,,Y,Y,Y,164,Y,8,Y,Y,3,6,N1,15,3,2,3,14,,,7,,,,,20,,,15,,30,,40,6,2,,,2,3,2,3,46,3,8,9,4,2,,,414,,,,,4,2,,4,,,,,,,2,6,Y,Y,A2900001,1
2026-07-26 02:49:23,data_go_kr,제주특별자치도,A2900002,제주특별자치도서귀포의료원,14,20260726024402,064-730-3001,,Y,,,,,,,,,,,,,,,,4,1,,4,2,,,,3,3,,,,3,,Y,,Y,,,,Y,,Y,Y,,,Y,Y,N1,150,N1,8,Y,Y,,4,Y,16,4,1,4,2,,,,,,,,,,,17,3,3,,,4,,26,,1,2,1,1,16,,4,3,,,,1,326,,,,,,,,,,,,,,,,,Y,N1,A2900002,2
2026-07-26 02:49:23,data_go_kr,제주특별자치도,A2900007,제주대학교병원,5,20260726024500,,Y,Y,,,,,,,,0,,,,,,,,,1,4,2,,3,,3,,,,,,4,5,Y,,Y,,,,Y,,Y,Y,,,Y,Y,Y,130,Y,,Y,Y,9,12,N1,20,,1,5,,12,12,16,3,,,,,6,,,,,,,12,,20,9,3,2,2,4,45,8,17,10,5,3,,,458,,,,,,,,,,,,,,,,,Y,Y,A2900007,3
2026-07-26 02:49:23,data_go_kr,제주특별자치도,A2900005,한마음병원,6,20260726024144,064-750-9119,,,,,,,,,,,,,,,,,,,1,,1,,,,,,,,,,,,,,Y,,,,Y,,Y,Y,,,Y,Y,N1,74,N1,7,N1,Y,,4,N1,17,,1,2,,,,,,,,,,,,12,,,,,4,,,,,1,1,1,6,,,2,,,,,216,,,,,,,,,,,,,,,,,Y,N1,A2900005,4
2026-07-26 02:49:23,data_go_kr,제주특별자치도,A2900006,의료법인중앙의료재단중앙병원,5,20260726024451,064-786-7777,,,,,,,,,,,,,,,,,,1,1,,2,,,,,,,,,,,,,,Y,,,,Y,,Y,Y,,,Y,Y,Y,100,N1,9,N1,Y,,3,N1,16,1,1,2,,,,,,,,,,,,16,,,,,3,,,,,1,1,2,10,,,2,1,,,,281,,,,,,,,,,,,,,,,,Y,N1,A2900006,5
2026-07-26 02:49:23,data_go_kr,제주특별자치도,A2900003,의료법인 혜인의료재단 한국병원,2,20260726024405,064-750-0160,,,,,,,,,,,,,,,,,,,,,1,,,,,,,,,,,,,,Y,,,,,,Y,N1,,,N1,Y,N1,46,N1,0,N1,Y,,3,N1,9,,,1,,,,,,,,,,,,10,,,,,3,,,,,1,1,,6,,,,,,,,209,,,,,,,,,,,,,,,,,Y,N1,A2900003,6
2026-07-26 03:51:12,data_go_kr,서울특별시,A1100043,강동경희대학교병원,6,20260726035019,02-440-7000,Y,Y,,,,,1,,,,,,,,,1,,3,2,,1,2,,,,,4,,,,,0,Y,N,Y,,,,Y,,Y,Y,,,Y,Y,Y,211,Y,7,Y,Y,0,17,N,15,3,2,3,19,,,17,,,,,,,,27,,30,,,17,,,1,8,2,2,3,32,9,13,4,1,1,0,0,625,,,,,3,,,,,,,,2,,,,Y,Y,A1100043,1
2026-07-26 03:51:12,data_go_kr,서울특별시,A1100014,고려대학교의과대학부속구로병원,18,20260726034818,02-2626-1550,Y,Y,4,,,,,,,0,,,,,,,,3,,2,,1,,,,2,6,,,,3,2,Y,,Y,,,,Y,,Y,Y,,,Y,Y,Y,180,Y,8,Y,Y,0,24,N1,29,3,,,20,20,10,23,,,,,,,,35,10,30,,,24,,18,4,2,6,6,4,98,11,35,15,10,3,,,778,5,,,,,,,,,,,,,,,,Y,Y,A1100014,2
2026-07-26 03:51:12,data_go_kr,서울특별시,A1100013,한양대학교병원,15,20260726034800,02-2290-8284,Y,Y,4,2,,,1,4,,0,,,,,,,,3,,7,,7,,,,1,8,,,,1,0,Y,,Y,,,,Y,,Y,Y,,,Y,Y,Y,278,Y,0,Y,Y,2,16,Y,20,3,,,22,12,13,25,,,,,,,,0,2,30,,,16,,16,2,1,3,2,3,69,10,20,11,4,3,,1,670,4,8,,,2,5,,,,,,,,,,,Y,Y,A1100013,3
2026-07-26 03:51:12,data_go_kr,서울특별시,A1100008,학교법인고려중앙학원고려대학교의과대학부속병원(안암병원),16,20260726034900,02-920-5374,Y,Y,2,4,,,0,,,0,,,,,,,,4,,4,,1,,,2,1,23,,,,2,1,Y,,Y,,,,Y,,Y,Y,,,Y,Y,Y,220,Y,,Y,Y,0,24,N1,30,4,,,15,16,19,17,,,,,,9,,,6,31,,,25,,10,3,4,7,6,8,84,14,20,11,8,7,,,777,2,7,,,6,,,,,,,,,,,,Y,Y,A1100008,4
2026-07-26 03:51:12,data_go_kr,서울특별시,A1100005,이화여자대학교의과대학부속목동병원,9,20260726034548,02-2650-5911,Y,Y,,,,,0,0,,1,,,,,,,,8,2,4,4,5,,,,0,21,,,,4,4,Y,,Y,6,,,Y,,Y,Y,,,Y,Y,Y,107,Y,,Y,Y,12,13,N1,19,8,2,4,19,10,13,28,,,,14,,,,,4,32,,,13,,10,9,2,4,4,4,58,10,34,9,3,5,,,526,,,,,1,1,,,,,,,,,,,Y,Y,A1100005,5
2026-07-26 03:51:12,data_go_kr,서울특별시,A1100017,서울대학교병원,-4,20260726035018,02-2072-2475,Y,Y,,,1,1,1,0,,1,,0,0,,1,,,9,2,6,4,9,4,1,4,10,18,6,,,6,5,Y,Y,Y,1,,,Y,,Y,Y,4,1,Y,Y,Y,372,Y,,Y,Y,5,53,N1,24,10,2,4,17,10,18,40,22,2,10,5,,8,10,,28,30,6,,53,,41,7,4,13,13,14,160,19,46,22,9,3,1,,1365,,,1,1,2,1,,,0,0,,8,,,,,Y,Y,A1100017,6
2026-07-26 03:51:12,data_go_kr,서울특별시,A1100035,서울특별시서울의료원,12,20260726035000,02-2276-7000,Y,Y,,,,,0,2,1,0,,,,,,,,3,2,,3,4,,,,,5,,,,11,2,Y,Y,Y,1,,,Y,,Y,Y,,,Y,Y,Y,92,Y,2,Y,Y,2,10,Y,19,3,2,3,14,7,,3,,,,6,,,,5,,28,,,10,,30,3,4,5,3,5,65,5,12,7,2,4,1,2,461,,,,,2,4,2,,,,,,,,,,Y,Y,A1100035,7
2026-07-26 03:51:12,data_go_kr,서울특별시,A1100015,연세대학교의과대학강남세브란스병원,10,20260726034828,02-2019-3333,Y,Y,,,,,,,,,,,,,,,,2,1,,1,,,,3,,,,,,,5,Y,,Y,8,,,Y,,Y,Y,,,Y,Y,Y,136,Y,14,Y,Y,0,23,N1,21,2,1,2,,,,28,,,,12,,8,,29,,,,,23,,,5,1,4,3,6,47,10,23,6,3,5,,,691,,,,,,,,,,,,,,,,,Y,Y,A1100015,8
2026-07-26 03:51:12,data_go_kr,서울특별시,A1100010,삼성서울병원,13,20260726035032,02-3410-2060,Y,Y,,,,,,,,13,,,,,,,,3,2,17,2,,7,,4,2,,,,,5,12,Y,,Y,1,,,Y,,Y,Y,,13,Y,Y,Y,368,Y,14,Y,Y,1,53,N1,52,4,2,2,,30,23,59,15,,,12,,12,36,14,2,,,,53,,27,18,8,19,16,15,117,22,43,21,11,2,,,1528,,,,,,,,,,,,,,,,,Y,Y,A1100010,9
2026-07-26 03:51:12,data_go_kr,서울특별시,A1100028,성심의료재단강동성심병원,11,20260726034634,02-2224-2358,Y,Y,,,,,,,,3,,,,,,,2,,1,,6,,,,,2,,,,,,0,Y,,Y,,,,Y,,Y,Y,,,Y,Y,Y,187,Y,1,Y,Y,3,13,N1,15,,1,6,,18,,3,,,,,,,,19,5,,,,13,,,2,1,4,2,5,35,3,3,8,3,1,,,566,,,,,,,,,,,,,,2,,,Y,Y,A1100028,10
2026-07-26 03:51:12,data_go_kr,서울특별시,A1100053,한국보훈복지의료공단중앙보훈병원,20,20260726034845,02-2225-1100,,,,,,,,,,6,,,,,,,,,1,10,2,0,,,3,1,0,,,,35,0,N,,Y,2,,,Y,,Y,Y,,,Y,Y,Y,155,N1,,N1,Y,,13,N1,22,,1,2,2,14,14,,,,,13,,10,,,1,3,,,13,,60,7,1,3,4,4,38,,,10,1,,,,820,,,,,,,,,,,,,,,,,Y,N1,A1100053,11
2026-07-26 03:51:12,data_go_kr,서울특별시,A1120796,이화여자대학교의과대학부속서울병원,8,20260726034644,02-6986-5119,Y,Y,,,,,,,,0,,,,,,,,7,2,8,6,,,,2,1,,,,,,3,Y,,Y,4,,,Y,,Y,Y,,4,Y,Y,Y,223,Y,0,Y,Y,0,18,N1,14,9,2,6,,10,17,24,,,,17,,11,19,11,7,,,,19,,,4,2,5,5,8,71,9,22,12,4,5,,,732,,,,,,,,,,,,,,,,,Y,Y,A1120796,12
2026-07-26 03:51:12,data_go_kr,서울특별시,A1100041,의료법인서울효천의료재단에이치플러스양지병원,18,20260726035012,070-4665-9119,,,,,,,,,,,,,,,,,,,1,,2,,,,,1,,,,,,2,,,Y,,,,Y,,Y,Y,,,Y,Y,Y,55,Y,2,N1,Y,,7,N1,18,,1,2,,,,,,,,,,,,20,1,,,,7,,,3,,2,3,3,23,,,4,1,1,,,301,,,,,,,,,,,,,,,,,Y,N1,A1100041,13
2026-07-26 03:51:12,data_go_kr,서울특별시,A1100002,건국대학교병원,9,20260726034748,02-2030-5555,Y,Y,,,,,,,,7,,,,,,,,4,1,16,2,,,,,1,,,,,9,2,Y,,Y,,,,Y,,Y,Y,,,Y,Y,Y,256,Y,,Y,Y,0,21,N1,20,4,1,2,,24,25,16,,,,,,,,,1,,,,21,,14,3,2,4,4,5,45,7,18,7,3,14,,,678,,,,,,,,,,,,,,,,,Y,Y,A1100002,14
2026-07-26 03:51:12,data_go_kr,서울특별시,A1100016,인제대학교상계백병원,9,20260726034704,02-950-1119,Y,Y,,,,,,,,0,,,,,,,3,,1,4,2,,,,,1,,,,,3,1,Y,,Y,,,,Y,,Y,Y,,,Y,Y,Y,123,Y,,Y,Y,1,13,N1,16,,1,2,,19,18,15,,,,,,,,,4,,,,13,,5,2,2,3,2,3,36,10,25,10,3,1,,,390,,,,,,,,,,,,,,4,,,Y,Y,A1100016,15
2026-07-26 03:51:12,data_go_kr,서울특별시,A1100048,노원을지대학교병원,14,20260726034602,02-970-8282,Y,Y,,,,,,,,4,,,,,,,,,1,5,4,,,,,2,,,,,3,0,Y,,Y,,0,0,Y,,Y,Y,,,Y,Y,Y,237,N1,,Y,Y,1,11,N1,17,,1,4,,16,16,10,,,,,,,,,2,,,,11,,21,1,3,2,2,2,26,8,19,3,1,,,,479,,,,,,,,,,,,,,,0,0,Y,Y,A1100048,16
2026-07-26 03:51:12,data_go_kr,서울특별시,A1100020,의료법인한전의료재단한일병원,12,20260726035003,02-901-3119,N,N,,,,,,,,,,,,,,,,2,2,,2,0,,,,0,2,,,,,1,,Y,Y,,,,Y,,Y,Y,,,Y,Y,N1,88,Y,3,N,Y,,8,Y,21,2,2,2,2,,,,,,,,,,,21,1,3,,,8,,,5,,2,1,1,25,1,4,2,,4,2,2,389,,,,,,,,,,,,,,,,,Y,N,A1100020,17
2026-07-26 03:51:12,data_go_kr,서울특별시,A1100001,경희대학교병원,11,20260726035036,02-958-8114,Y,Y,,,,,,,,,,,,,,,,3,2,,3,,,,,,,,,,10,9,Y,,Y,4,,,Y,,Y,Y,,,Y,Y,Y,238,Y,20,Y,Y,1,16,N1,15,3,2,3,,,,14,,,,15,,,,73,,,,,16,,20,10,3,3,3,5,48,6,12,8,3,2,,,657,,,,,,,,,,,,,,,,,Y,Y,A1100001,18
2026-07-26 03:51:12,data_go_kr,서울특별시,A1100021,삼육서울병원,11,20260726034628,02-2210-3566,,N,,,,,,,,,,,,,,,3,,1,,2,0,,,,1,1,,,,,4,Y,,Y,,,,Y,,Y,Y,,,Y,Y,Y,60,Y,4,N,Y,4,5,Y,13,,1,2,2,,,4,,,,,,,,15,1,3,,,5,,,4,2,1,1,2,20,,4,5,2,1,,1,389,,,,,,,,,,,,,,4,,,Y,N1,A1100021,19
2026-07-26 03:51:12,data_go_kr,서울특별시,A1100040,서울특별시보라매병원,16,20260726035000,02-870-2119,Y,Y,,,,,,,,5,,,,,,,,3,2,10,1,,,,2,1,,,,,0,0,Y,,Y,,,,Y,,Y,Y,,,Y,Y,Y,271,Y,,Y,Y,0,14,N1,31,3,2,1,,15,16,14,,,,,,4,,,4,,,,14,,14,3,4,6,3,5,48,14,13,5,9,2,,,695,,,,,,,,,,,,,,,,,Y,Y,A1100040,20
2026-07-26 03:51:12,data_go_kr,서울특별시,A1100003,중앙대학교병원,11,20260726035008,02-6299-1338,Y,Y,0,0,,,1,,,1,,,,,4,,,3,0,6,0,5,,,,1,,,,,4,2,Y,,Y,,,,Y,,Y,Y,,,Y,Y,Y,208,Y,,Y,Y,0,15,N1,18,4,0,0,12,12,17,25,,,,,,,,,11,,,,16,,24,2,2,4,3,4,51,9,21,13,6,12,,,631,0,0,,,1,,,,,,,4,,,,,Y,Y,A1100003,21
2026-07-26 03:51:12,data_go_kr,서울특별시,A1100007,연세대학교의과대학세브란스병원,16,20260726034731,02-2227-7777,Y,Y,,,1,1,,,,5,,,,,,,,4,1,13,3,,5,1,14,3,,0,,,0,0,Y,Y,Y,6,,,Y,,Y,Y,5,8,Y,Y,Y,475,Y,5,Y,Y,13,2,N1,39,8,1,3,,29,24,52,22,2,10,29,,23,17,18,5,,6,,2,,20,30,8,16,16,17,206,55,61,21,16,21,1,,1872,,,1,1,,,,,,,,,,,,,Y,Y,A1100007,22
2026-07-26 03:51:12,data_go_kr,서울특별시,A1100012,학교법인가톨릭학원가톨릭대학교서울성모병원,-4,20260726035013,02-2258-2370,Y,Y,1,1,1,1,,,,8,,,,,,,,4,,15,,,1,1,3,11,,3,,,16,1,Y,,Y,15,,,Y,,Y,Y,,5,Y,Y,Y,291,Y,0,Y,Y,8,32,N1,28,7,,,,22,22,50,3,2,,19,,10,8,5,18,,6,,32,,35,10,2,9,10,8,80,40,39,11,9,4,,,1059,1,5,1,1,,,,,,,,,,,,,Y,Y,A1100012,23
2026-07-26 03:51:12,data_go_kr,서울특별시,A1100009,재단법인아산사회복지재단서울아산병원,12,20260726034915,02-3010-3333,Y,Y,,,2,0,1,1,,2,,,,,,,,1,1,11,7,1,3,1,5,10,4,1,,,9,6,Y,,Y,2,,,Y,,Y,Y,5,2,Y,Y,Y,382,Y,10,Y,Y,10,4,Y,36,11,1,22,2,24,37,61,26,2,13,12,,12,12,12,47,4,6,,4,,28,8,8,21,15,17,190,33,49,30,14,5,,1,2089,,,2,1,1,6,,,,,,,,,,,Y,Y,A1100009,24
2026-07-26 03:51:12,data_go_kr,서울특별시,A1100011,가톨릭대학교여의도성모병원,15,20260726035015,02-3779-1199,,,,,,,,,,-1,,,,,,,,,1,0,4,,,,,1,,,,,,1,Y,,Y,1,,,Y,,Y,Y,,,Y,Y,Y,109,Y,,N1,Y,,13,N1,15,,1,4,,11,9,,,,,9,,,,,1,,,,13,,,1,2,2,2,2,23,,,5,2,2,,,330,,,,,,,,,,,,,,,,,Y,N1,A1100011,25
2026-07-26 03:51:12,data_go_kr,서울특별시,A1100055,한림대학교강남성심병원,17,20260726034712,02-829-5119,Y,Y,,,,,,,,1,,,,,,,,3,1,0,4,,,,6,1,,,,,,,Y,,Y,,,,Y,,Y,Y,,,Y,Y,Y,167,Y,,Y,Y,0,14,N1,20,3,1,4,,21,25,12,,,,,,10,,,7,,,,14,,,,3,3,3,3,54,21,22,13,3,2,,,496,,,,,,,,,,,,,,,,,Y,Y,A1100055,26
2026-07-26 03:51:12,data_go_kr,서울특별시,A1100054,성애의료재단성애병원,12,20260726034749,02-840-7115,Y,Y,,,,,,,,,,,,,,,,,1,,4,,,,,1,,,,,,,Y,,Y,,,,Y,,Y,Y,,,Y,Y,N1,52,N1,3,Y,Y,3,5,N1,15,,1,4,,,,4,,,,,,,,19,1,,,,5,,,,2,2,2,1,8,5,14,2,,,,,252,,,,,,,,,,,,,,,,,Y,Y,A1100054,27
2026-07-26 03:51:12,data_go_kr,서울특별시,A1100004,순천향대학교부속서울병원,16,20260726034823,02-709-9117,Y,Y,,,,,,,,,,,0,,0,,0,4,1,,2,,,,,1,,,,,8,3,Y,,Y,,,,Y,,Y,Y,,,Y,Y,Y,199,Y,3,Y,Y,0,14,N1,20,4,1,2,,,,13,,,,,,,,45,10,,,,14,,21,4,7,3,3,4,51,8,17,14,5,3,,,600,,,,,,,,,,0,,0,,0,,,Y,Y,A1100004,28
2026-07-26 03:51:12,data_go_kr,서울특별시,A1121013,가톨릭대학교은평성모병원,14,20260726035015,02-1811-7755,Y,Y,,,,,,,,2,,,,,,,,8,1,3,2,,,,8,1,,,,,,0,Y,,Y,0,,,Y,,Y,Y,,,Y,Y,Y,200,Y,,Y,Y,5,19,N1,24,8,2,2,,16,9,19,,,,13,,12,,,4,,,,19,,,5,1,4,3,5,46,19,22,10,5,20,,,651,,,,,,,,,,,,,,,,,Y,Y,A1121013,29
2026-07-26 03:51:12,data_go_kr,서울특별시,A1100006,강북삼성병원,9,20260726035035,02-2001-1000,Y,Y,,,,,,,,,,,,,,,,2,1,1,2,,,,,1,,,,,9,2,Y,,Y,1,,,Y,,Y,Y,,3,Y,Y,Y,148,Y,9,Y,Y,0,16,N1,15,2,1,2,,,4,7,,,,12,,,8,24,5,,,,16,,18,3,1,5,4,6,54,13,14,8,4,3,,,526,,,,,,,,,,,,,,,,,Y,Y,A1100006,30
2026-07-26 03:51:12,data_go_kr,서울특별시,A1100052,국립중앙의료원,11,20260726034905,02-2276-2114,N,Y,,,,,,,,,,0,,,0,0,5,3,2,0,3,2,,,,2,0,,14,2,,4,Y,,Y,,2,6,Y,5,Y,Y,,,Y,Y,Y,6,Y,3,Y,Y,,7,N1,15,3,2,3,6,,0,,,,,,20,,,13,2,0,,50,7,2,,7,1,1,1,2,56,1,3,5,5,2,,,202,,,,,,,,,0,,,0,0,5,2,6,Y,N,A1100052,31
2026-07-26 03:51:12,data_go_kr,서울특별시,A1100036,부민병원,9,20260726034555,02-2620-0119,,Y,,,,,,,,,,,,,,,,,1,,,,,,,0,,,,,,0,Y,,Y,,,,Y,,Y,Y,,,Y,Y,Y,70,N1,1,Y,Y,,8,N1,10,,1,,,,,,,,,,,,,14,1,,,,8,,,3,1,3,3,1,22,,1,2,1,,,,282,,,,,,,,,,,,,,,,,Y,N1,A1100036,32
2026-07-26 03:51:12,data_go_kr,서울특별시,A1100051,혜민병원,9,20260726034540,02-2049-9119,,,,,,,,,,,,,,,,,,,1,,,,,,,,,,,,,,,,Y,,,,,,Y,N1,,,Y,Y,N1,24,N1,8,N1,Y,,5,N1,9,,1,,,,,,,,,,,,,19,,,,,5,,,,,2,2,,16,,,2,,,,,205,,,,,,,,,,,,,,,,,Y,N1,A1100051,33
2026-07-26 03:51:12,data_go_kr,서울특별시,A1100026,구로성심병원,8,20260726035036,02-2067-1515,,,,,,,,,,,,,,,,,,,,,1,,,,,,,,,,,,,,Y,,,,,,Y,N1,,,N1,Y,N1,45,N1,4,N1,Y,,3,N1,9,,,1,,,,,,,,,,,,11,,,,,3,,,,,1,1,,5,,,,,,,,191,,,,,,,,,,,,,,,,,Y,N1,A1100026,34
2026-07-26 03:51:12,data_go_kr,서울특별시,A1100049,희명병원,8,20260726034912,02-809-0122,,,,,,,,,,,,,,,,,,,,,1,,,,,,,,,,,,,,Y,,,,,,Y,N1,,,Y,Y,Y,117,N1,1,N1,Y,,4,N1,10,,,1,,,,,,,,,,,,19,,,,,4,,,,,1,1,,9,,,1,1,,,,228,,,,,,,,,,,,,,,,,Y,N1,A1100049,35
2026-07-26 03:51:12,data_go_kr,서울특별시,A1100027,한국원자력의학원원자력병원,9,20260726034936,02-970-2620,,Y,,,,,,,,,,,,,,,1,,1,,0,,,,,1,,,,,,1,Y,,Y,,,,Y,,Y,Y,,,Y,Y,N1,263,N1,8,Y,Y,,10,N1,9,,1,1,,,,,,,,,,,,10,1,,,,10,,,1,1,4,2,1,16,,2,1,,,,,444,,,,,,,,,,,,,,1,,,Y,N1,A1100027,36
2026-07-26 03:51:12,data_go_kr,서울특별시,A1100022,서울특별시동부병원,8,20260726035020,02-920-9119,,Y,,,,,,,,,,,,,,,,,1,,1,,,,,1,,,,,,,Y,,Y,,,,,,Y,N1,,,Y,Y,N1,23,N1,1,Y,Y,,3,N1,8,,1,1,,,,,,,,,,,,8,1,,,,3,,,,1,1,1,,7,,1,1,,,,,195,,,,,,,,,,,,,,,,,Y,N1,A1100022,37
2026-07-26 03:51:12,data_go_kr,서울특별시,A1100050,서울성심병원,17,20260726034811,02-966-1616,,,,,,,,,,,,,,,,,,,1,,2,,,,,,,,,,,,,,Y,,,,,,Y,N1,,,N1,Y,N1,67,N1,9,N1,Y,,6,N1,17,,1,2,,,,,,,,,,,,10,,,,,6,,,,,1,1,,11,,,,,,,,208,,,,,,,,,,,,,,,,,Y,N1,A1100050,38
2026-07-26 03:51:12,data_go_kr,서울특별시,A1100025,의료법인동신의료재단동신병원,6,20260726034843,02-396-9161,N,N,,,,,,,,,,,,,,,,,,,1,,,,,,,,,,,,N,N,Y,,,,N,,Y,N,,,Y,Y,N,51,N,2,N,Y,,3,N,9,,,1,,,,,,,,,,,,9,,,,,3,,,,0,1,1,0,7,0,0,1,0,0,0,0,196,,,,,,,,,,,,,,,,,Y,N,A1100025,39
2026-07-26 03:51:12,data_go_kr,서울특별시,A1122033,기쁨병원,2,20260726034928,02-570-1212,,,,,,,,,,,,,,,,,,,,,1,,,,,,,,,,,,,,Y,,,,Y,,Y,Y,,,N1,Y,N1,53,N1,,N1,Y,,8,N1,4,,,1,,,,,,,,,,,,,,,,,8,,,,,2,2,1,1,,,,,,,,110,,,,,,,,,,,,,,,,,Y,N1,A1122033,40
2026-07-26 03:51:12,data_go_kr,서울특별시,A1100039,경찰병원,3,20260726035002,02-3400-1300,,,,,,,,,,,,,,,,,1,,1,,,,,,,2,,,,,,2,,,Y,,,,,,Y,N1,,,Y,Y,N1,133,N1,14,N1,Y,,7,N1,3,,1,,,,,,,,,,,,,14,2,,,,7,,,2,,2,3,,10,,,2,,,,,187,,,,,,,,,,,,,,1,,,Y,N1,A1100039,41
2026-07-26 03:51:12,data_go_kr,서울특별시,A1100019,홍익병원,6,20260726034751,02-2600-0777,,,,,,,,,,,,,,,,,,,,,1,,,,,0,,,,,,0,,,Y,,,,Y,,Y,Y,,,N,Y,N1,59,N1,9,N1,Y,,4,N1,9,,,1,,,,,,,,,,,,14,1,,,,4,,,1,,4,2,2,7,,,1,,,,,251,,,,,,,,,,,,,,,,,Y,N1,A1100019,42
2026-07-26 03:51:12,data_go_kr,서울특별시,A1100223,서울특별시서남병원,17,20260726035001,02-6300-9129,,,,,,,,,,,,,,,,0,,,1,,2,0,,,,1,0,,,,,4,,,Y,,,,,,Y,N1,,,Y,Y,Y,69,Y,4,N1,Y,,4,N1,17,,1,2,2,,,,,,,,,,,17,1,3,,,4,,,4,,2,1,,16,,,1,1,1,,,275,,,,,,,,,,,,,0,,,,Y,N1,A1100223,43
2026-07-26 03:51:12,data_go_kr,서울특별시,A1100024,명지성모병원,6,20260726035127,02-829-7800,,,,,,,,,,,,,,,,,,,1,,1,,,,,1,,,,,,,,,Y,,,,Y,,Y,Y,,,N1,Y,N1,105,N1,5,N1,Y,,3,N1,8,,1,1,,,,,,,,,,,,12,1,,,,3,,,,,1,3,2,7,,,,,,,,212,,,,,,,,,,,,,,,,,Y,N1,A1100024,44
2026-07-26 03:51:12,data_go_kr,서울특별시,A1100037,대림성모병원,8,20260726034540,02-829-9129,,,,,,,,,,,,,,,,,,,,,2,,,,,,,,,,,,,,Y,,,,,,Y,N1,,,N1,Y,N1,46,N1,,N1,Y,,4,N1,8,,,2,,,,,,,,,,,,,,,,,4,,,,,1,1,,1,,,,,,,,113,,,,,,,,,,,,,,,,,Y,N1,A1100037,45
2026-07-26 03:51:12,data_go_kr,서울특별시,A1100045,씨엠병원,9,20260726034500,070-4698-7811,,,,,,,,,,,,,,,,,,,,,1,,,,,,,,,,,,,,Y,,,,,,Y,N1,,,N1,Y,N1,40,N1,,N1,Y,,5,N1,9,,,1,,,,,,,,,,,,,,,,,5,,,,,2,2,,6,,,,,,,,110,,,,,,,,,,,,,,,,,Y,N1,A1100045,46
2026-07-26 03:51:12,data_go_kr,서울특별시,A1100023,의료법인청구성심병원,10,20260726034839,02-383-0129,,,,,,,,,,,,,,,,,,,,,1,,,,,,,,,,,,,,Y,,,,,,Y,N1,,,N1,Y,N1,13,N1,2,N1,Y,,3,N1,10,,,1,,,,,,,,,,,,6,,,,,3,,,,,1,1,,4,,,,,,,,196,,,,,,,,,,,,,,,,,Y,N1,A1100023,47
2026-07-26 03:51:12,data_go_kr,서울특별시,A1100029,서울적십자병원,9,20260726034905,02-2002-8888,,,,,,,,,,,,,,,,,,,1,,,,,,,,,,,,,,,,Y,,,,,,Y,N1,,,Y,Y,N1,91,N1,7,N1,Y,,6,N1,10,,1,,,,,,,,,,,,,12,,,,,6,,,,,1,1,,11,,,2,,,,,260,,,,,,,,,,,,,,,,,Y,N1,A1100029,48
2026-07-26 03:51:12,data_go_kr,서울특별시,A1100032,세란병원,8,20260726034824,02-737-0181,,,,,,,,,,,,,,,,,,,,,1,,,,,,,,,,,,,,Y,,,,,,Y,N1,,,N1,Y,N1,49,N1,,N1,Y,,13,N1,10,,,1,,,,,,,,,,,,,,,,,13,,,,,3,5,,3,,,,,,,,205,,,,,,,,,,,,,,,,,Y,N1,A1100032,49
2026-07-26 03:51:12,data_go_kr,서울특별시,A1100075,의료법인풍산의료재단동부제일병원,7,20260726034512,02-490-8880,,,,,,,,,,,,,,,,,,,,,1,,,,,,,,,,,,,,Y,,,,,,Y,N1,,,N1,Y,N1,35,N1,,N1,N,,2,N1,7,,,1,,,,,,,,,,,,,,,,,2,,,,,1,1,,3,,,,,,,,124,,,,,,,,,,,,,,,,,Y,N1,A1100075,50
2026-07-26 03:51:12,data_go_kr,서울특별시,A1100044,녹색병원,4,20260726035006,02-490-2113,,,,,,,,,,,,,,,,,,,1,,4,,,,,2,,,,,,1,Y,,Y,,,,,,Y,N1,,,Y,Y,N1,93,N1,8,N1,Y,,3,N1,5,,1,4,,,,,,,,,,,,17,3,,,,3,,,3,1,2,1,,22,,,1,,,,,293,,,,,,,,,,,,,,,,,Y,N1,A1100044,51
2026-07-26 03:51:12,data_go_kr,부산광역시,A1200003,동아대학교병원,20,20260726034709,051-240-5300,Y,Y,2,6,,,,0,1,,,,,,,,,3,,,,9,,,6,5,8,,,,6,1,Y,,Y,2,,,Y,,Y,Y,4,5,Y,Y,Y,178,Y,8,Y,Y,6,18,N1,26,3,,,16,,,20,,,8,13,,11,7,18,6,30,,,18,,18,3,4,5,3,4,76,11,30,16,4,4,,,738,2,6,,,,4,1,,,,,,,,,,Y,Y,A1200003,1
2026-07-26 03:51:12,data_go_kr,부산광역시,A1200022,인제대학교 해운대백병원,18,20260726034644,051-797-0135,Y,Y,,,,,2,2,,11,,,,,,,,2,1,9,2,6,,,,0,13,,,,,0,Y,Y,Y,,,,Y,,Y,Y,,,Y,Y,Y,172,Y,,Y,Y,0,22,N1,29,3,2,3,12,28,27,23,,,,,,,,,2,30,,,22,,,7,2,5,3,4,72,8,40,17,9,11,1,,710,,,,,5,3,,,,,,,,,,,Y,Y,A1200022,2
2026-07-26 03:51:12,data_go_kr,부산광역시,A1200018,대동병원,14,20260726035023,051-550-9391,,,,,,,,,,,,,,,,,,3,1,,1,,,,,0,,,,,,1,,,Y,,,,Y,,Y,Y,,,Y,Y,N1,73,N1,4,N1,Y,,6,N1,15,3,1,2,,,,,,,,,,,,21,1,,,,6,,,1,,2,1,1,10,,,1,,,,,401,,,,,,,,,,,,,,,,,Y,N1,A1200018,3
2026-07-26 03:51:12,data_go_kr,부산광역시,A1200020,의료법인 온그룹의료재단 온병원,19,20260726034540,051-607-0139,,,,,,,,,,,,,,,,,,,1,,2,,,,,1,,,,,,5,,,Y,,,,Y,,Y,Y,,,Y,Y,N1,171,N1,10,N1,Y,,9,Y,20,,1,2,,,,,,,,,,,,23,1,,,,9,,,6,,4,2,2,7,,,1,,,,1,585,,,,,,,,,,,,,,,,,Y,N1,A1200020,4
2026-07-26 03:51:12,data_go_kr,부산광역시,A1200001,인제대학교부산백병원,16,20260726035012,051-890-5995,Y,Y,,,,,,,,5,,,,,,,,,1,3,2,,,,3,1,,,,,3,2,Y,,Y,1,,,Y,,Y,Y,,,Y,Y,Y,206,Y,6,Y,Y,1,17,Y,18,,1,2,,19,18,35,,,,12,,6,,10,1,,,,17,,20,8,4,5,3,6,68,19,38,16,3,7,,2,691,,,,,,,,,,,,,,,,,Y,Y,A1200001,5
2026-07-26 03:51:12,data_go_kr,부산광역시,A1200005,의료법인 은성의료재단 좋은삼선병원,9,20260726034817,051-310-9119,,,,,,,,,,,,,,,,,3,1,1,,2,,,,2,0,,,,,,2,,,Y,2,,,Y,,Y,Y,,,Y,Y,N1,23,N1,6,N1,Y,,7,N1,13,1,1,2,,,,,,,,5,,4,,19,2,,,,7,,,2,,2,2,2,11,,,1,,,,,375,,,,,,,,,,,,,,3,,,Y,N1,A1200005,6
2026-07-26 03:51:12,data_go_kr,부산광역시,A1200004,고신대학교복음병원,20,20260726034942,051-990-6200,Y,Y,1,4,,,,,,5,,,,,,,,,,7,,,,,9,7,,,,,14,1,Y,,Y,2,,,Y,,Y,Y,2,,Y,Y,Y,181,Y,,Y,Y,15,13,Y,25,,,,,13,8,18,,,5,13,,16,,,7,,,,13,,14,1,7,3,3,5,53,13,19,14,3,1,,1,685,1,4,,,,,,,,,,,,,,,Y,Y,A1200004,7
2026-07-26 03:51:12,data_go_kr,부산광역시,A1200002,부산대학교병원,15,20260726035000,051-240-7776,Y,Y,,,,,1,,,3,,,,0,0,0,,3,1,,2,-4,,,,3,3,,28,2,7,4,Y,,Y,0,2,12,Y,15,Y,Y,,,Y,Y,Y,412,Y,6,Y,Y,1,26,N,17,3,1,2,2,10,,20,,,,0,42,,,24,4,3,,82,26,2,19,10,12,9,6,10,100,17,17,21,9,21,,1,901,,,,,2,,,,,,0,0,0,,2,12,Y,Y,A1200002,8
2026-07-26 03:51:12,data_go_kr,부산광역시,A1200007,비에이치에스한서병원,16,20260726035100,051-998-1119,,,,,,,,,,,,,,,,,,,1,,2,2,,,,,3,,,,,,,,Y,,,,Y,,Y,Y,,,Y,Y,Y,83,N1,7,N1,Y,,4,N1,17,,1,2,2,,,,,,,,,,,14,,3,,,4,,,,,1,1,2,11,,,1,1,,,,280,,,,,,,,,,,,,,,,,Y,N1,A1200007,9
2026-07-26 03:51:12,data_go_kr,부산광역시,A1200028,(의)서일의료재단기장병원,8,20260726035005,051-723-2119,,,,,,,,,,,,,,,,,,,,,1,,,,,,,,,,,,,,Y,,,,,,Y,N1,,,N1,Y,N1,20,N1,,N1,Y,,3,N1,9,,,1,,,,,,,,,,,,,,,,,3,,,,,1,1,,1,,,,,,,,154,,,,,,,,,,,,,,,,,Y,N1,A1200028,10
2026-07-26 03:51:12,data_go_kr,부산광역시,A1200015,동남권원자력의학원원자력병원,9,20260726034803,051-720-5911,,,,,,,,,,,,,,,,,,,1,,,,,,,,,,,,,,,,Y,,,,Y,,Y,Y,,,Y,Y,Y,108,N1,7,N1,Y,,8,N1,9,,1,,,,,,,,,,,,,12,,,,,8,,,,,2,2,2,12,,,1,0,,,,261,,,,,,,,,,,,,,,,,Y,N1,A1200015,11
2026-07-26 03:51:12,data_go_kr,부산광역시,A1200013,부산성모병원(재단법인 천주교부산교구유지재단),9,20260726034810,051-933-7119,Y,Y,,,,,,,,,,,,,,,4,4,1,,,,,,,2,,,,,,1,,,Y,,,,,,Y,N1,,,Y,Y,N1,80,N1,9,Y,Y,7,7,N1,10,4,1,,,,,10,,,,,,,,18,2,,,,7,,,2,,1,1,,6,14,13,1,,,,,373,,,,,,,,,,,,,,4,,,Y,Y,A1200013,12
2026-07-26 03:51:12,data_go_kr,부산광역시,A1200026,좋은문화병원,3,20260726034841,051-630-0909,Y,Y,,,,,,,,,,,,,,,,2,1,,1,,,,,,,,,,,2,Y,,Y,,,,,,Y,N1,,,N1,Y,N1,48,N1,4,Y,Y,-1,0,Y,7,2,1,2,,,,12,,,,,,,,8,,,,,8,,,2,8,2,2,,3,6,17,,,,,1,270,,,,,,,,,,,,,,,,,Y,Y,A1200026,13
2026-07-26 03:51:12,data_go_kr,부산광역시,A1200017,의료법인정화의료재단 봉생기념병원,7,20260726034928,051-664-4119,,,,,,,,,,3,,,,,,,,,,2,2,,,,,,,,,,3,1,,,Y,,,,Y,,Y,Y,,,Y,Y,N1,48,N1,,N1,Y,,8,N1,9,,,2,,11,11,,,,,,,,,,,,,,8,,31,1,,1,2,2,11,,,4,,,,,335,,,,,,,,,,,,,,,,,Y,N1,A1200017,14
2026-07-26 03:51:12,data_go_kr,부산광역시,A1200011,동래봉생병원,6,20260726034830,051-520-5700,,,,,,,,,,,,,,,,,,,1,,1,,,,,2,,,,,,,,,Y,,,,Y,,Y,Y,,,Y,Y,N1,42,N1,4,N1,Y,,7,N1,8,,1,1,,,,,,,,,,,,18,2,,,,7,,,,,1,2,2,11,,,1,,,,,241,,,,,,,,,,,,,,,,,Y,N1,A1200011,15
2026-07-26 03:51:12,data_go_kr,부산광역시,A1200009,의료법인 광혜의료재단 광혜병원,8,20260726034737,051-504-2119,,,,,,,,,,,,,,,,,,,2,,1,,,,,,,,,,,0,,,Y,,,,,,Y,N1,,,N1,Y,N1,71,N1,0,N1,Y,,3,N1,9,,2,1,,,,,,,,,,,,9,,,,,3,,,1,,1,1,,4,,,,,,,,190,,,,,,,,,,,,,,,,,Y,N1,A1200009,16
2026-07-26 03:51:12,data_go_kr,부산광역시,A1200019,학교법인)동의병원,12,20260726035000,051-850-8777,,,,,,,,,,,,,,,,,,,,,1,,,,,,,,,,,,,,Y,,,,Y,,Y,Y,,,Y,Y,Y,101,N1,16,N1,Y,,1,N1,14,,,1,,,,,,,,,,,,23,,,,,5,,,,,2,2,2,7,,,2,1,,,,448,,,,,,,,,,,,,,,,,Y,N1,A1200019,17
2026-07-26 03:51:12,data_go_kr,부산광역시,A1200025,학교법인 춘해병원,6,20260726034834,051-608-0119,,,,,,,,,,,,,,,,,,,,,1,,,,,,,,,,,,,,Y,,,,,,Y,N1,,,N1,Y,N1,57,N1,,N1,Y,,4,N1,9,,,1,,,,,,,,,,,,,,,,,4,,,,,1,1,,3,,,,,,,,201,,,,,,,,,,,,,,,,,Y,N1,A1200025,18
2026-07-26 03:51:12,data_go_kr,부산광역시,A1200045,구포성심병원,6,20260726034629,051-330-2090,,,,,,,,,,,,,,,,,,,,,1,,,,,,,,,,,,,,Y,,,,Y,,Y,Y,,,N1,Y,N1,23,N1,,N1,Y,,4,N1,9,,,1,,,,,,,,,,,,,,,,,4,,,,,1,1,1,4,,,,,,,,243,,,,,,,,,,,,,,,,,Y,N1,A1200045,19
2026-07-26 03:51:12,data_go_kr,부산광역시,A1200006,의료법인 인당의료재단 부민병원,8,20260726034555,051-330-3129,,,,,,,,,,,,,,,,,,,1,,1,,,,,1,,,,,,,,,Y,,,,Y,,Y,Y,,,Y,Y,N1,18,N1,2,N1,Y,,8,N1,10,,1,1,,,,,,,,,,,,18,1,,,,8,,,,,2,3,1,7,,,1,,,,,366,,,,,,,,,,,,,,,,,Y,N1,A1200006,20
2026-07-26 03:51:12,data_go_kr,부산광역시,A1200016,한국보훈복지의료공단 부산보훈병원,11,20260726034758,051-601-6183,,,,,,,,,,,,,,,,,,,1,,1,,,,,1,,,,,,,,,Y,,,,Y,,Y,Y,,,N1,Y,N1,30,N1,6,N1,Y,,7,N1,11,,1,1,,,,,,,,,,,,9,1,,,,7,,,,,2,3,2,11,,,,,,,,452,,,,,,,,,,,,,,,,,Y,N1,A1200016,21
2026-07-26 03:51:12,data_go_kr,부산광역시,A1200021,삼육부산병원,7,20260726035001,051-600-7750,,Y,,,,,,,,,,,,,,,,,1,,,,,,,0,,,,,,,Y,,Y,,,,Y,,Y,Y,,,Y,Y,Y,6,N1,1,Y,Y,,,N1,9,,1,,,,,,,,,,,,,14,1,,,,,,,,1,2,1,1,9,,1,2,1,,,,302,,,,,,,,,,,,,,,,,Y,N1,A1200021,22
2026-07-26 03:51:12,data_go_kr,부산광역시,A1200008,의료법인 은성의료재단 좋은강안병원,15,20260726035001,051-610-9119,,,,,,,,,,,,,,,,,,,1,,2,,,,,1,,,,,,0,,,Y,,,,Y,,Y,Y,,,Y,Y,Y,79,N1,5,N1,Y,,11,N1,18,,1,2,,,,,,,,,,,,30,2,,,,11,,,3,,4,3,3,12,,,5,1,,,,535,,,,,,,,,,,,,,,,,Y,N1,A1200008,23
2026-07-26 03:51:12,data_go_kr,부산광역시,A1200098,의료법인 센텀의료재단 센텀종합병원,6,20260726034920,051-750-5119,,,,,,,,,,,,,,,,,,,,,1,,,,,1,,,,,,,,,Y,,,,Y,,Y,Y,,,N1,Y,N1,22,N1,2,N1,Y,,9,N1,9,,,1,,,,,,,,,,,,16,1,,,,9,,,,,2,2,1,11,,,,,,,,338,,,,,,,,,,,,,,,,,Y,N1,A1200098,24
2026-07-26 03:51:12,data_go_kr,부산광역시,A1200024,부산광역시의료원,15,20260726034913,051-607-2140,,N,,,,,,,,5,,,,,,,,,1,6,1,,,,,,,,,,8,6,N,,Y,,,,Y,,Y,Y,,,Y,Y,N1,122,N1,,N,Y,,7,N1,18,,1,1,,13,14,,,,,,,,,,,,,,7,,29,7,1,1,1,2,19,,2,4,,,,,398,,,,,,,,,,,,,,,,,Y,N1,A1200024,25
2026-07-26 03:51:12,data_go_kr,부산광역시,A1200012,의료법인 행도의료재단 해동병원,6,20260726034934,051-410-6688,,,,,,,,,,,,,,,,,,,1,,,,,,,,,,,,,0,,,Y,,,,,,Y,N1,,,Y,Y,N1,34,N1,4,N1,Y,,3,Y,6,,1,,,,,,,,,,,,,9,,,,,3,,,0,,1,1,,5,,,1,,,,12,256,,,,,,,,,,,,,,,,,Y,N1,A1200012,26
2026-07-26 03:51:12,data_go_kr,부산광역시,A1200014,영도병원,7,20260726034923,051-419-7575,,,,,,,,,,,,,,,,,,,1,,1,,,,,,,,,,,,,,Y,,,,,,Y,N1,,,N1,Y,N1,19,N1,2,N1,Y,,3,N1,7,,1,1,,,,,,,,,,,,10,,,,,3,,,,,1,1,,7,,,,,,,,217,,,,,,,,,,,,,,,,,Y,N1,A1200014,27
2026-07-26 03:51:12,data_go_kr,부산광역시,A1200023,재단법인천주교부산교구유지재단 메리놀병원,8,20260726034809,051-461-2300,,,,,,,,,,,,,,,,,,,,,1,,,,,0,,,,,,,Y,,Y,,,,Y,,Y,Y,,,Y,Y,N1,101,N1,3,N1,Y,,8,N1,9,,,1,,,,,,,,,,,,18,1,,,,8,,,,1,1,1,1,9,,,2,,,,,380,,,,,,,,,,,,,,,,,Y,N1,A1200023,28
2026-07-26 03:51:12,data_go_kr,부산광역시,A1205143,의료법인 인당의료재단 해운대부민병원,9,20260726034555,051-602-8119,,,,,,,,,,,,,,,,,,,1,,,,,,,0,,,,,,0,,,Y,,,,Y,,Y,Y,,,Y,Y,N1,40,N1,6,N1,Y,,8,Y,9,,1,,,,,,,,,,,,,19,2,,,,8,,,3,,2,2,1,10,,,1,,,,1,360,,,,,,,,,,,,,,,,,Y,N1,A1205143,29
2026-07-26 03:51:12,data_go_kr,대구광역시,A1300001,영남대학교병원,20,20260726034737,053-620-3177,Y,Y,,0,,,1,3,,2,0,,,,,,,3,2,10,3,7,,,1,3,5,,,,10,4,Y,,Y,6,,,Y,,Y,Y,,,Y,Y,Y,205,Y,,Y,Y,2,23,Y,28,3,2,3,21,10,15,15,,,,14,,7,,,13,30,,,23,,20,7,2,4,4,4,75,5,11,8,5,5,,1,704,,0,,,1,3,,0,,,,,,,,,Y,Y,A1300001,1
2026-07-26 03:51:12,data_go_kr,대구광역시,A1300002,경북대학교병원,14,20260726034705,053-200-5100,Y,Y,2,3,,,,,,4,,,,,,,,4,,4,,11,,,5,,30,,15,2,9,4,Y,,Y,4,2,6,Y,3,Y,Y,2,4,Y,Y,Y,182,Y,,Y,Y,1,17,N1,25,4,,,20,7,7,15,,,6,7,20,10,11,,,44,,40,17,2,20,5,2,5,5,5,82,8,11,11,9,5,,,582,2,3,,,,,,,,,,,,,2,6,Y,Y,A1300002,2
2026-07-26 03:51:12,data_go_kr,대구광역시,A1300004,대구가톨릭대학교병원,11,20260726034647,053-650-3000,Y,Y,,,,,,,,1,,,,,,,,,1,2,3,,,,,2,,,,,1,3,Y,Y,Y,2,,,Y,,Y,Y,,,Y,Y,Y,301,Y,0,Y,Y,4,19,N1,24,,1,3,,15,25,42,,,,16,,,,0,6,,,,19,,20,9,2,3,3,5,58,20,32,8,3,4,1,,704,,,,,,,,,,,,,,,,,Y,Y,A1300004,3
2026-07-26 03:51:12,data_go_kr,대구광역시,A1300003,계명대학교동산병원,8,20260726034946,053-258-6306,Y,Y,,,,,,,,0,,,,,,,,,2,1,3,,0,,,0,12,,,,3,4,Y,Y,Y,3,,,Y,,Y,Y,6,,Y,Y,Y,275,Y,2,Y,Y,2,24,Y,20,,2,3,,11,13,39,7,,8,15,,,,10,4,20,,,24,,20,16,6,6,5,7,56,13,37,9,4,14,1,2,769,,,,,,,,,,,,,,,,,Y,Y,A1300003,4
2026-07-26 03:51:12,data_go_kr,대구광역시,A1300009,대구파티마병원,2,20260726035000,053-940-7119,Y,Y,,,,,,,,3,,,,,,,,4,2,3,4,2,,,,2,3,,,,,,Y,,Y,8,,,Y,,Y,Y,,,Y,Y,Y,187,Y,,Y,Y,2,17,N1,25,5,2,5,2,17,8,8,,,,12,,,,,9,4,,,17,,,,2,5,3,4,32,11,19,5,1,1,,,539,,,,,,,,,,,,,,,,,Y,Y,A1300009,5
2026-07-26 03:51:12,data_go_kr,대구광역시,A1300010,칠곡경북대학교병원,17,20260726034806,053-200-2100,Y,Y,,,1,1,,,,4,,,,,,,,5,1,10,3,,3,1,,4,0,3,,,12,13,Y,,Y,,,,Y,,Y,Y,,,Y,Y,Y,259,Y,,Y,Y,5,19,N1,23,7,1,3,,10,15,39,10,2,,,,,,,4,0,8,,19,,20,13,2,8,5,8,52,9,27,9,3,1,,,760,,,1,1,,,,,,,,,,,,,Y,Y,A1300010,6
2026-07-26 03:51:12,data_go_kr,대구광역시,A1300034,드림종합병원,8,20260726035004,053-640-8575,,,,,,,,,,,,,,,,,1,,,,1,,,,,,,,,,,,,,Y,,,,Y,,Y,Y,,,Y,Y,Y,26,N1,,N1,N,,3,N1,8,,,1,,,,,,,,,,,,,,,,,3,,,,,2,1,1,2,,,1,1,,,,159,,,,,,,,,,,,,,1,,,Y,N1,A1300034,7
2026-07-26 03:51:12,data_go_kr,대구광역시,A1300006,의료법인구의료재단구병원,7,20260726035010,053-557-7119,,,,,,,,,,,,,,,,,,,,,1,,,,,0,,,,,,,,,Y,,,,,,Y,N1,,,N1,Y,N1,64,N1,7,N1,Y,,9,N1,10,,,1,,,,,,,,,,,,18,1,,,,9,,,,,3,1,,3,,,,,,,,235,,,,,,,,,,,,,,,,,Y,N1,A1300006,8
2026-07-26 03:51:12,data_go_kr,대구광역시,A1300110,더블유병원,10,20260726034934,053-550-5019,,,,,,,,,,,,,,,,,,,,,1,,,,,,,,,,,,,,Y,,,,,,Y,N1,,,N1,Y,N1,92,N1,,N1,N,,8,Y,10,,,1,,,,,,,,,,,,,,,,,8,,,,,1,1,,1,,,,,,,8,431,,,,,,,,,,,,,,,,,Y,N1,A1300110,9
2026-07-26 03:51:12,data_go_kr,대구광역시,A1300011,한국보훈복지의료공단대구보훈병원,10,20260726034923,053-630-7014,,,,,,,,,,,,,,,,,,,1,,1,,,,,1,,,,,,1,,,Y,,,,Y,,Y,Y,,,N1,Y,N1,52,N1,3,N1,Y,,6,N1,12,,1,1,,,,,,,,,,,,13,1,,,,6,,,1,,1,3,2,9,,,,,,,,406,,,,,,,,,,,,,,,,,Y,N1,A1300011,10
2026-07-26 03:51:12,data_go_kr,대구광역시,A1300045,삼일병원,11,20260726035026,053-659-3119,,,,,,,,,,,,,,,,,,,1,,,,,,,,,,,,,,,,Y,,,,Y,,Y,Y,,,N1,Y,N1,59,N1,,N1,N,,4,N1,14,,1,,,,,,,,,,,,,,,,,,4,,,,,3,2,1,3,,,,,,,,299,,,,,,,,,,,,,,,,,Y,N1,A1300045,11
2026-07-26 03:51:12,data_go_kr,대구광역시,A1300038,나사렛종합병원,8,20260726034649,053-643-3119,,,,3,,,,,,,,,,,,,,,,,1,,,,,1,,,,,,,,,Y,,,,Y,,Y,Y,,,Y,Y,N1,30,N1,5,N1,Y,,5,N1,9,,,1,,,,,,,,,,,,28,1,,,,5,,,,,2,2,2,5,,,1,,,,,231,,9,,,,,,,,,,,,,,,Y,N1,A1300038,12
2026-07-26 03:51:12,data_go_kr,대구광역시,A1300018,강남종합병원,14,20260726034327,053-980-9018,,,,,,,,,,,,,,,,,,,1,,,,,,,,,,,,,1,,,Y,,,,,,Y,N1,,,N1,Y,N1,57,N1,,N1,Y,,7,N1,15,,1,,,,,,,,,,,,,,,,,,7,,,1,,2,2,,2,,,,,,,,207,,,,,,,,,,,,,,,,,Y,N1,A1300018,13
2026-07-26 03:51:12,data_go_kr,대구광역시,A1300005,대구가톨릭대학교칠곡가톨릭병원,4,20260726034726,053-320-2111,,,,,,,,,,,,,,,,,,,,,1,,,,,,,,,,,,,,Y,,,,,,Y,N1,,,N1,Y,N1,36,N1,,N1,Y,,3,N1,9,,,1,,,,,,,,,,,,,,,,,3,,,,,2,2,,1,,,,,,,,161,,,,,,,,,,,,,,,,,Y,N1,A1300005,14
2026-07-26 03:51:12,data_go_kr,대구광역시,A1300076,대구굿모닝병원,16,20260726034904,053-620-9119,,,,,,,,,,,,,,,,,,,1,,1,,,,,1,,,,,,,,,Y,,,,Y,,Y,Y,,,N1,Y,N1,74,N1,2,N1,Y,,4,N1,17,,1,1,,,,,,,,,,,,26,1,,,,4,,,,,2,4,2,13,,,,,,,,226,,,,,,,,,,,,,,,,,Y,N1,A1300076,15
2026-07-26 03:51:12,data_go_kr,대구광역시,A1300007,대구의료원,17,20260726035002,053-560-7288,,Y,,,,,,,,,,,,,,,,,1,,1,,,,,0,,,,,1,1,Y,,Y,,,,,,Y,N1,,,N1,Y,N1,45,N1,5,Y,Y,,4,N1,18,,1,1,,,,,,,,,,,,18,1,,,,4,,82,3,1,1,1,,13,,4,,,,,,254,,,,,,,,,,,,,,,,,Y,N1,A1300007,16
2026-07-26 03:51:12,data_go_kr,대구광역시,A1300081,(재)미리내천주성삼성직수도회천주성삼병원,7,20260726035000,053-790-0555,,,,,,,,,,,,,,,,,,,,,1,,,,,,,,,,,,,,Y,,,,,,Y,N1,,,N1,Y,N1,20,N1,,N1,Y,,4,N1,9,,,1,,,,,,,,,,,,,,,,,4,,,,,1,2,,4,,,,,,,,294,,,,,,,,,,,,,,,,,Y,N1,A1300081,17
2026-07-26 03:51:12,data_go_kr,대구광역시,A1300008,곽병원,9,20260726034930,053-605-3333,,,,,,,,,,,,,,,,,,,,,2,,,,,,,,,,,,,,Y,,,,,,Y,N1,,,N1,Y,N1,17,N1,,N1,Y,,4,N1,10,,,2,,,,,,,,,,,,,,,,,4,,,,,1,1,,2,,,,,,,,221,,,,,,,,,,,,,,,,,Y,N1,A1300008,18
2026-07-26 03:51:12,data_go_kr,대구광역시,A1303386,계명대학교대구동산병원,11,20260726034901,053-250-8481,,,,,,,,,,,,,,,,,,,1,,1,,,,,0,,,,,,,N,,Y,,,,Y,,Y,Y,,,Y,Y,N1,39,N,0,N1,Y,,3,N1,12,,1,1,,,,,,,,,,,,7,5,,,,3,,,,0,2,1,1,6,,,6,,0,,,196,,,,,,,,,,,,,,,,,Y,N1,A1303386,19
2026-07-26 03:51:12,data_go_kr,인천광역시,A1400001,의료법인 길의료재단 길병원,16,20260726034835,032-460-3012,Y,Y,2,3,1,1,,0,,6,,,,,2,,,3,,5,,4,,2,3,5,25,2,9,2,11,12,Y,,Y,2,1,6,Y,4,Y,Y,,0,Y,Y,Y,427,Y,,Y,Y,0,3,Y,23,9,,,18,38,11,30,,2,,14,20,6,4,,11,30,6,47,3,2,18,13,3,6,6,7,113,19,40,19,10,6,,1,995,2,3,1,1,,2,,,,,,3,,,2,6,Y,Y,A1400001,1
2026-07-26 03:51:12,data_go_kr,인천광역시,A1400002,인하대학교의과대학부속병원,13,20260726034605,032-890-2301,Y,Y,,,1,1,,,,2,,,,,,,,4,2,0,5,1,0,0,2,0,5,4,,,3,7,Y,Y,Y,,,,Y,,Y,Y,,,Y,Y,Y,211,Y,1,Y,Y,0,16,Y,20,7,2,5,20,25,13,27,3,2,,,,7,,23,3,30,6,,16,,15,7,4,6,3,5,109,17,27,13,9,7,1,2,681,,,1,1,,,,,,,,,,,,,Y,Y,A1400002,2
2026-07-26 03:51:12,data_go_kr,인천광역시,A1400010,검단탑병원,18,20260726034606,032-590-0077,,,,,,,,,,,,,,,,,,,1,,2,,,,,0,,,,,,0,,,Y,,,,Y,,Y,Y,,,Y,Y,N1,52,N1,7,N1,Y,,6,N1,18,,1,2,,,,,,,,,,,,15,3,,,,6,,,2,,2,2,1,11,,,1,,,,,279,,,,,,,,,,,,,,,,,Y,N1,A1400010,3
2026-07-26 03:51:12,data_go_kr,인천광역시,A1403372,인천세종병원,16,20260726035010,032-240-8119,,,,,,,,,,,,,,,,,,,3,,,1,,,,1,2,,,,,3,,,Y,,,,Y,,Y,Y,,,Y,Y,Y,86,Y,10,N1,Y,,7,N1,18,,3,,2,,,,,,,,,,,20,2,3,,,7,,,6,,2,2,3,13,,,4,5,1,,,274,,,,,,,,,,,,,,,,,Y,N1,A1403372,4
2026-07-26 03:51:12,data_go_kr,인천광역시,A1400014,의료법인인성의료재단한림병원,11,20260726034603,032-540-9119,,,,,,,,,,,,,,,,,,,2,,2,,,,,2,,,,,,2,Y,,Y,,,,Y,,Y,Y,,,Y,Y,Y,60,N1,3,N1,Y,,6,N1,17,,2,2,,,,,,,,,,,,21,2,,,,6,,,2,1,3,2,2,20,,,3,3,,,,391,,,,,,,,,,,,,,,,,Y,N1,A1400014,5
2026-07-26 03:51:12,data_go_kr,인천광역시,A1400016,인천사랑병원,10,20260726034947,032-457-2119,,Y,,,,,,,,,,,,,,,4,,1,,2,,,,,1,0,,,,,1,Y,,Y,,,,Y,,Y,Y,,,Y,Y,N1,24,Y,13,Y,Y,,7,N1,14,,1,2,,,,,,,,,,,,17,1,5,,,7,,,1,1,2,1,1,12,,1,2,,1,,,281,,,,,,,,,,,,,,4,,,Y,N1,A1400016,6
2026-07-26 03:51:12,data_go_kr,인천광역시,A1400012,가톨릭대학교 인천성모병원,14,20260726035012,032-280-6107,Y,Y,,,,,,,,-1,,,,,,,,3,3,0,4,7,,,,0,,,,,,3,Y,,Y,7,,,Y,,Y,Y,,,Y,Y,Y,140,Y,,Y,Y,-1,17,N1,19,4,3,5,12,15,18,13,,,,15,,,,,10,,,,17,,,9,1,4,4,5,53,5,14,11,5,4,,,579,,,,,,,,,,,,,,,,,Y,Y,A1400012,7
2026-07-26 03:51:12,data_go_kr,인천광역시,A1400013,안은의료재단 부평세림병원,15,20260726034941,032-509-5777,,,,,,,,,,,,,,,,,,,1,,3,2,,,,1,0,,,,,2,,,Y,,,,Y,,Y,Y,,,Y,Y,Y,44,N1,5,N1,Y,,4,N1,16,,1,3,2,,,,,,,,,,,11,2,3,,,4,,,2,,3,2,1,9,,,1,1,,,,234,,,,,,,,,,,,,,,,,Y,N1,A1400013,8
2026-07-26 03:51:12,data_go_kr,인천광역시,A1400015,가톨릭관동대학교국제성모병원,16,20260726035014,032-290-3065,Y,Y,5,0,,,,,,6,,,18,,,,,3,0,,0,,,,,,,,,,3,3,Y,,Y,-4,,,Y,,Y,Y,,,Y,Y,N,236,Y,,Y,Y,,11,N1,23,3,0,0,,40,,,,,,13,,,,,,,,,11,,11,3,2,3,2,3,34,2,11,6,2,1,,,641,5,0,,,,,,,,21,,,,,,,Y,Y,A1400015,9
2026-07-26 03:51:12,data_go_kr,인천광역시,A1400003,의료법인 루가의료재단 나은병원,7,20260726034941,032-584-4119,,Y,,,,,,,,4,,,,,,,7,,1,6,2,,,,,3,,,,,,8,Y,,Y,,,,Y,,Y,Y,,,Y,Y,Y,90,Y,,Y,Y,,10,N1,11,,1,2,,14,13,,,,,,,,,,3,,,,10,,,9,1,2,2,3,17,,1,3,1,1,,,367,,,,,,,,,,,,,,7,,,Y,N1,A1400003,10
2026-07-26 03:51:12,data_go_kr,인천광역시,A1400011,의료법인 나사렛의료재단 나사렛국제병원,16,20260726034832,032-899-9699,,,,,,,,,,,,,,,,,,,1,,2,,,,,1,,,,,,,,,Y,,,,Y,,Y,Y,,,Y,Y,N1,67,N1,2,N1,Y,,5,N1,17,,1,2,,,,,,,,,,,,16,1,,,,5,,,,,2,2,2,8,,,2,,,,,282,,,,,,,,,,,,,,,,,Y,N1,A1400011,11
2026-07-26 03:51:12,data_go_kr,인천광역시,A1403617,비에스종합병원,10,20260726034606,032-290-0119,,Y,,,,,,,,,,,,,,,,,1,,,,,,,1,,,,,,,Y,,Y,,,,Y,,Y,Y,,,Y,Y,N1,102,N1,3,Y,N1,1,2,N1,10,,1,,,,,1,,,,,,,,18,1,,,,2,,,,1,1,,1,6,,1,1,,,,,180,,,,,,,,,,,,,,,,,Y,N1,A1403617,12
2026-07-26 03:51:12,data_go_kr,인천광역시,A1400005,온누리병원,8,20260726035029,032-568-9112,,,,,,,,,,,,,,,,,,,1,,1,,,,,,,,,,,,,,Y,,,,,,Y,N1,,,N1,Y,N1,44,N1,,N1,Y,,3,N1,9,,1,1,,,,,,,,,,,,,,,,,3,,,,,1,1,,5,,,,,,,,190,,,,,,,,,,,,,,,,,Y,N1,A1400005,13
2026-07-26 03:51:12,data_go_kr,인천광역시,A1403871,인천힘찬종합병원,16,20260726034813,032-459-3168,,,,,,,,,,,,,,,,,,,1,,2,,,,,0,,,,,,,,,Y,,,,,,Y,N1,,,N1,Y,N1,62,N1,2,N1,Y,,7,N1,17,,1,2,,,,,,,,,,,,8,1,,,,7,,,,,2,2,,1,,,,,,,,235,,,,,,,,,,,,,,,,,Y,N1,A1403871,14
2026-07-26 03:51:12,data_go_kr,인천광역시,A1400004,현대유비스병원,18,20260726034701,032-890-5582,,,,,,,,,,,,,,,,,,,1,,,,,,,1,,,,,,,,,Y,,,,Y,,Y,Y,,,Y,Y,N1,16,N1,5,N1,Y,,6,N1,18,,1,,,,,,,,,,,,,13,1,,,,6,,,,,2,2,1,8,,,2,,,,,285,,,,,,,,,,,,,,,,,Y,N1,A1400004,15
2026-07-26 03:51:12,data_go_kr,인천광역시,A1400008,(의)성세의료재단 뉴성민병원,9,20260726034532,032-726-1119,,,,,,,,,,,,,,,0,,,,,,1,,,,,2,,,,,,,,,Y,,,,,,Y,N1,,,Y,Y,N1,128,N1,9,N1,Y,,6,Y,9,,,1,,,,,,,,,,,,17,2,,,,6,,,,,2,2,,11,,,2,,,,1,265,,,,,,,,,,,,0,,,,,Y,N1,A1400008,16
2026-07-26 03:51:12,data_go_kr,인천광역시,A1400018,인천적십자병원,8,20260726034804,032-899-4119,,,,,,,,,,,,,,,,,,,1,,1,,,,,,,,,,,,,,Y,,,,,,Y,N1,,,N1,Y,N1,64,N1,3,N1,Y,,3,N1,8,,1,1,,,,,,,,,,,,8,,,,,3,,,,,1,1,,2,,,,,,,,104,,,,,,,,,,,,,,,,,Y,N1,A1400018,17
2026-07-26 03:51:12,data_go_kr,인천광역시,A1400037,인천광역시의료원백령병원,5,20260726035002,032-836-1732,Y,Y,,,,,,,,,,,,,,,,,,,1,,,,,,,,,,,,,,Y,,,,,,Y,N1,,,N1,Y,N1,30,N1,,Y,N1,,1,N1,5,,,1,,,,,,,,,,,,,,,,,1,,,,,1,,,1,1,2,,,,,,30,,,,,,,,,,,,,,,,,Y,Y,A1400037,18
2026-07-26 03:51:12,data_go_kr,인천광역시,A1400009,인천기독병원,8,20260726034938,032-270-8300,,,,,,,,,,,,,,,,,,,,,1,,,,,,,,,,,,,,Y,,,1,,,Y,N1,,,N1,Y,N1,37,N1,10,N1,Y,,4,N1,8,,,1,,,,,,,,,,,,10,,,,,4,,,,,1,1,,1,,,,,,,,139,,,,,,,,,,,,,,,,1,Y,N1,A1400009,19
2026-07-26 03:51:12,data_go_kr,인천광역시,A1400017,인천광역시의료원,15,20260726035002,032-580-6119,,,,,,,,,,,,,,,,,,,2,,,,,,,0,,,,,24,7,,,Y,,,,,,Y,N1,,,N1,Y,N1,28,N1,5,N1,Y,,6,N1,15,,2,,,,,,,,,,,,,13,0,,,,6,,45,7,,1,1,,19,,,,,,,,198,,,,,,,,,,,,,,,,,Y,N1,A1400017,20
2026-07-26 03:51:12,data_go_kr,인천광역시,A1400007,의료법인 성수의료재단 인천백병원,5,20260726035023,032-280-8119,,,,,,,,,,,,,,,,,,,,,1,,,,,,,,,,,,,,Y,,,,,,Y,N1,,,Y,Y,N1,42,N1,2,N1,Y,,4,N1,5,,,1,,,,,,,,,,,,12,,,,,4,,,,,2,2,,6,,,1,,,,,189,,,,,,,,,,,,,,,,,Y,N1,A1400007,21
2026-07-26 03:51:12,data_go_kr,대전광역시,A1600006,학교법인건양교육재단건양대학교병원,22,20260726034916,042-600-9119,Y,Y,,0,,,1,1,4,,0,0,0,0,,0,,3,2,,3,9,,,,4,6,,,,11,1,Y,,Y,,,,Y,,Y,Y,,,Y,Y,Y,317,Y,37,Y,Y,0,20,Y,24,5,2,3,16,,,24,,,,,,,,59,5,28,,,20,,20,1,2,4,4,4,46,17,23,10,3,1,,1,658,,0,,,1,3,4,0,0,0,0,,0,,,,Y,Y,A1600006,1
2026-07-26 03:51:12,data_go_kr,대전광역시,A1600001,충남대학교병원,14,20260726035000,042-280-8129,Y,Y,0,0,,,,,,2,,,,,,,0,1,2,5,3,6,2,,3,6,23,,,,16,9,Y,,Y,,,,Y,,Y,Y,,,Y,Y,Y,289,Y,3,Y,Y,9,20,N1,28,6,2,3,20,16,14,34,5,,,,,10,,12,8,30,,,21,,26,14,5,5,4,5,76,12,36,6,8,2,,,966,0,0,,,,,,,,,,,,0,,,Y,Y,A1600001,2
2026-07-26 03:51:12,data_go_kr,대전광역시,A1600002,학교법인을지학원대전을지대학교병원,19,20260726035000,042-259-1119,Y,Y,,,,,,,,5,,0,0,-10,-5,8,3,,2,5,1,,,,4,2,,,4,2,6,,Y,,Y,,2,4,Y,4,Y,Y,,,Y,Y,Y,96,Y,,Y,Y,16,15,N1,21,,2,1,,20,20,20,,,,,20,5,,,11,,,40,15,2,20,,16,4,2,4,70,12,47,7,3,3,,,331,,,,,,,,,0,0,0,0,30,3,2,6,Y,Y,A1600002,3
2026-07-26 03:51:12,data_go_kr,대전광역시,A1600007,의료법인영훈의료재단유성선병원,12,20260726034722,042-609-1119,,,,,,,,,,,,,,,,,,,2,,1,,,,,1,,,,,,1,Y,,Y,,,,Y,,Y,Y,,,Y,Y,Y,105,N1,3,N1,Y,,-4,Y,17,,2,1,,,,,,,,,,,,19,1,,,,7,,,1,1,3,3,2,17,,,2,1,,,1,368,,,,,,,,,,,,,,,,,Y,N1,A1600007,4
2026-07-26 03:51:12,data_go_kr,대전광역시,A1600005,학교법인가톨릭학원가톨릭대학교대전성모병원,12,20260726035012,042-220-9118,Y,Y,,,,,,,,4,,,,,,,,,3,1,,,,,3,0,,,,,,3,Y,,Y,1,,,Y,,Y,Y,1,0,Y,Y,Y,152,N1,,Y,Y,4,12,N1,19,,3,,,15,3,4,,,3,9,,3,2,,1,,,,12,,,4,1,3,2,4,24,5,7,5,2,,,,537,,,,,,,,,,,,,,,,,Y,Y,A1600005,5
2026-07-26 03:51:12,data_go_kr,대전광역시,A1600008,의료법인영훈의료재단대전선병원,16,20260726034721,042-220-8129,,,,,,,,,,,,,,,,,,,1,,3,,,,,-1,,,,,,0,Y,,Y,,,,Y,,Y,Y,,,Y,Y,N1,78,N1,7,N1,Y,,7,N1,17,,1,3,,,,,,,,,,,,24,1,,,,7,,,1,1,2,2,2,11,,,3,,,,,311,,,,,,,,,,,,,,,,,Y,N1,A1600008,6
2026-07-26 03:51:12,data_go_kr,대전광역시,A1600004,대전보훈병원,7,20260726034554,042-939-0100,,,,,,,,,,,,,,,,,,,1,,1,,,,,1,,,,,,1,,,Y,,,,Y,,Y,Y,,,N1,Y,N1,70,N1,3,N1,Y,,5,N1,7,,1,1,,,,,,,,,,,,10,1,,,,5,,,1,,1,3,1,12,,,,,,,,316,,,,,,,,,,,,,,,,,Y,N1,A1600004,7
2026-07-26 03:51:12,data_go_kr,대전광역시,A1600003,대전한국병원,8,20260726035007,042-606-1119,,Y,,,,,,,,,,,,,,,,,1,,,,,,,,,,,,,,Y,,Y,,,,Y,,Y,Y,,,Y,Y,N1,43,N1,5,Y,Y,,4,N1,9,,1,,,,,,,,,,,,,12,,,,,4,,,,4,2,2,2,6,,1,1,,,,,241,,,,,,,,,,,,,,,,,Y,N1,A1600003,8
2026-07-26 03:51:12,data_go_kr,대전광역시,A1602246,대청병원,8,20260726035002,042-589-0119,,,,,,,,,,,,,,,,,,,,,1,,,,,,,,,,,,,,Y,,,,,,Y,N1,,,Y,Y,N1,110,N1,1,N1,Y,,3,N1,9,,,1,,,,,,,,,,,,17,,,,,3,,,,,2,1,,10,,,1,,,,,245,,,,,,,,,,,,,,,,,Y,N1,A1602246,9
2026-07-26 03:51:12,data_go_kr,울산광역시,A1700004,학교법인울산공업학원울산대학교병원,7,20260726034743,052-250-7000,Y,Y,3,3,,,,0,,5,,,4,,5,,,7,0,11,0,4,,,3,8,14,,2,2,9,0,Y,,Y,,2,5,Y,14,Y,Y,,1,Y,Y,Y,189,Y,3,Y,Y,3,20,N1,21,8,0,0,12,13,16,26,,,,,20,6,2,8,8,36,,42,20,2,20,0,5,7,5,6,83,14,27,17,8,4,,,725,3,3,,,,8,,,,4,,5,,,2,6,Y,Y,A1700004,1
2026-07-26 03:51:12,data_go_kr,울산광역시,A1700028,의료법인정안의료재단중앙병원,13,20260726034811,052-226-1119,,,,,,,,,,,,,,,,,,,1,,2,2,,,,2,2,,,,,0,,,Y,,,,Y,,Y,Y,,,Y,Y,N1,75,N1,1,N1,Y,,8,N1,17,,1,2,2,,,,,,,,,,,18,2,4,,,8,,,1,,2,2,2,7,,,2,,,,,335,,,,,,,,,,,,,,,,,Y,N1,A1700028,2
2026-07-26 03:51:12,data_go_kr,울산광역시,A1700003,울산병원,17,20260726035001,052-259-5119,,,,,,,,,,,,,,,,,,,1,,2,1,,,,0,1,,,,,,,,Y,,,,Y,,Y,Y,,,Y,Y,Y,53,Y,10,N1,Y,,4,Y,19,,1,2,2,,,,,,,,,,,17,1,3,,,4,,,,,2,2,3,12,,,4,1,2,,2,343,,,,,,,,,,,,,,,,,Y,N1,A1700003,3
2026-07-26 03:51:12,data_go_kr,울산광역시,A1700025,의료법인송은의료재단울산시티병원,15,20260726035005,052-280-9119,,,,,,,,,,,,,,,,,,,1,,2,0,,,,2,2,,,,,,,,Y,,,,Y,,Y,Y,,,Y,Y,N1,54,N1,7,N1,Y,,8,N1,17,,1,2,2,,,,,,,,,,,24,3,3,,,8,,,,,2,2,2,17,,,4,,,,,347,,,,,,,,,,,,,,,,,Y,N1,A1700025,4
2026-07-26 03:51:12,data_go_kr,울산광역시,A1700002,의료법인동강의료재단동강병원,22,20260726034928,052-241-1190,,,,,,,,,,4,,,,,,,,,1,0,2,1,,,3,1,1,,,,,0,,Y,Y,,,,Y,,Y,Y,,,Y,Y,Y,156,N1,,N1,Y,,8,N1,24,,1,2,2,14,9,,,,,,,13,,,1,3,,,8,,,2,,3,2,4,25,,,7,5,,1,,513,,,,,,,,,,,,,,,,,Y,N1,A1700002,5
2026-07-26 03:51:12,data_go_kr,울산광역시,A1700011,의료법인은성의료재단좋은삼정병원,4,20260726034737,052-220-7600,,,,,,,,,,,,,,,,,,,,,1,,,,,0,,,,,,1,,,Y,,,,Y,,Y,Y,,,Y,Y,N1,49,N1,3,N1,Y,,7,N1,9,,,1,,,,,,,,,,,,14,1,,,,8,,,1,,2,2,1,5,,,1,,,,,283,,,,,,,,,,,,,,,,,Y,N1,A1700011,6
2026-07-26 03:51:12,data_go_kr,울산광역시,A1700001,서울산보람병원,9,20260726034950,052-255-7119,,,,,,,,,,,,,,,,,,,,,1,,,,,,,,,,,,,,Y,,,,,,Y,N1,,,N1,Y,N1,92,N1,,N1,Y,,3,N1,10,,,1,,,,,,,,,,,,,,,,,3,,,,,1,1,,1,,,,,,,,213,,,,,,,,,,,,,,,,,Y,N1,A1700001,7
2026-07-26 03:51:12,data_go_kr,세종특별자치시,A1800441,세종충남대학교병원,11,20260726035000,044-995-3010,Y,Y,,,1,1,,,,,,,,,,,,4,1,,2,,,1,,1,,5,,,,3,Y,,Y,,,,Y,,Y,Y,,,Y,Y,Y,123,Y,4,Y,Y,0,8,N1,17,6,1,2,,,,19,,2,,,,,,11,2,,6,,8,,,4,3,2,2,3,29,7,19,5,3,2,,,299,,,1,1,,,,,,,,,,,,,Y,Y,A1800441,1
2026-07-26 03:51:12,data_go_kr,세종특별자치시,A1800417,의료법인 영제 의료재단 엔케이세종병원,9,20260726034850,044-850-7777,,,,,,,,,,,,,,,,,,,,,1,,,,,,,,,,,,,,Y,,,,,,Y,N1,,,N1,Y,N1,140,N1,,N1,Y,,3,N1,10,,,1,,,,,,,,,,,,,,,,,3,,,,,1,1,,1,,,,,,,,200,,,,,,,,,,,,,,,,,Y,N1,A1800417,2
2026-07-26 03:51:12,data_go_kr,경기도,A2100042,의료법인명지의료재단명지병원,8,20260726035000,031-810-7119,Y,Y,3,2,,3,0,0,1,,0,0,0,0,0,0,,0,0,,3,4,,,,4,10,,,,0,0,Y,Y,Y,,,,Y,,Y,Y,,,Y,Y,Y,162,Y,11,Y,Y,3,13,Y,15,0,0,3,16,,,3,,,,,,,,31,4,28,,,13,,0,0,2,6,3,5,49,4,5,8,5,2,1,2,443,3,2,,3,4,3,2,0,0,0,0,0,0,,,,Y,Y,A2100042,1
2026-07-26 03:51:12,data_go_kr,경기도,A2100033,국민건강보험공단일산병원,13,20260726035003,031-900-0761,Y,Y,,,,,0,,1,5,,0,0,,0,0,,3,2,7,3,0,,,3,2,12,,,,4,0,Y,,Y,,,,Y,,Y,Y,,,Y,Y,Y,186,N1,,Y,Y,6,1,N1,23,5,2,3,19,10,16,25,,,,,,6,,,11,29,,,2,,28,4,2,4,3,3,60,8,28,13,5,,,,659,,,,,1,,1,,0,0,,0,0,,,,Y,Y,A2100033,2
2026-07-26 03:51:12,data_go_kr,경기도,A2100005,순천향대학교부속부천병원,11,20260726034621,032-621-5117,Y,Y,2,2,,,,,,5,,0,,0,0,,,4,0,7,0,9,,,,4,21,,,,,4,Y,Y,Y,,,5,Y,,Y,Y,,,Y,Y,Y,275,Y,9,Y,Y,2,21,Y,17,5,0,0,20,16,15,24,,,,,,,,22,8,34,,,21,,,7,1,4,3,5,71,9,31,17,4,3,1,1,674,2,3,,,,,,,0,,0,0,,,,5,Y,Y,A2100005,3
2026-07-26 03:51:12,data_go_kr,경기도,A2100001,분당서울대학교병원,-7,20260726034800,031-787-3119,Y,Y,,,,,,3,,4,,,5,9,,,,4,2,2,3,2,0,,5,0,9,,,,1,3,Y,,Y,3,,2,Y,,Y,Y,,,Y,Y,Y,405,Y,0,Y,Y,0,39,N1,30,5,2,3,15,13,13,35,6,,,10,,9,,8,1,30,,,39,,15,3,3,11,11,11,128,17,39,16,8,8,,,1247,,,,,,5,,,,5,9,,,,,2,Y,Y,A2100001,4
2026-07-26 03:51:12,data_go_kr,경기도,A2100030,차의과학대학교분당차병원,16,20260726034444,031-780-5840,Y,Y,2,3,1,1,0,0,,0,,,0,,0,,0,6,,4,,0,,0,0,1,14,6,,,11,,Y,,Y,0,,,Y,,Y,Y,,,Y,Y,Y,203,Y,,Y,Y,7,26,N1,22,11,,,14,8,9,35,,2,,7,,6,,,4,43,6,,26,,22,,8,5,3,4,40,26,46,6,2,2,,,726,2,3,1,1,2,2,,,,0,,1,,0,,,Y,Y,A2100030,5
2026-07-26 03:51:12,data_go_kr,경기도,A2100002,아주대학교병원,15,20260726034926,031-219-7777,Y,Y,2,6,1,3,,0,,3,,,,0,0,,0,5,0,5,0,6,,1,5,0,24,0,0,3,5,5,Y,,Y,5,2,6,Y,2,Y,Y,0,5,Y,Y,Y,163,Y,,Y,Y,5,25,N1,30,9,0,0,16,14,10,36,,2,6,13,40,7,11,,3,42,6,60,25,3,20,8,3,8,6,9,126,27,34,32,9,7,,,792,2,6,1,4,,2,,,,,0,0,,0,2,6,Y,Y,A2100002,6
2026-07-26 03:51:12,data_go_kr,경기도,A2100003,고려대학교의과대학부속안산병원,13,20260726034827,031-412-5381,Y,Y,2,2,,,0,,,0,,,,,,,,4,,13,2,5,,,2,0,24,,,,9,5,Y,,Y,,,,Y,,Y,Y,,,Y,Y,Y,186,Y,0,Y,Y,1,20,N1,22,4,,3,18,10,13,25,,,,,,10,,6,3,30,,,20,,16,10,2,3,4,4,66,15,19,8,5,3,,,605,2,3,,,2,,,,,,,,,,,,Y,Y,A2100003,7
2026-07-26 03:51:12,data_go_kr,경기도,A2100004,한림대학교성심병원,19,20260726034756,031-380-1500,Y,Y,0,5,,,0,,,1,,,,,,,,3,2,4,4,5,,,,1,19,,,,11,2,Y,Y,Y,,,,Y,,Y,Y,0,6,Y,Y,Y,174,Y,,Y,Y,5,18,N1,25,3,2,4,19,27,16,9,,,8,,,,18,,3,30,,,19,,20,14,2,4,3,6,102,8,10,20,14,2,1,,610,0,5,,,1,,,,,,,,,,,,Y,Y,A2100004,8
2026-07-26 03:51:12,data_go_kr,경기도,A2100040,가톨릭대학교의정부성모병원,25,20260726035013,031-820-5200,Y,Y,,,,,0,0,,,,,,,,,,11,2,,4,3,,,1,1,17,,8,1,,,Y,,Y,,2,6,Y,2,Y,Y,,,Y,Y,Y,191,Y,2,Y,Y,-1,13,N1,42,11,2,4,18,,,15,,,,,20,6,,26,4,30,,53,13,2,,,3,4,3,4,54,10,28,12,4,3,,,519,,,,,1,1,,,,,,,,,2,6,Y,Y,A2100040,9
2026-07-26 03:51:12,data_go_kr,경기도,A2100047,동국대학교일산불교병원,13,20260726035000,031-961-7777,Y,Y,,,,,,,,7,,,,,,,3,3,1,6,3,,,,,1,,,,,15,0,Y,,Y,,,,Y,,Y,Y,,,Y,Y,Y,180,Y,,Y,Y,11,12,N1,19,3,1,3,,16,13,13,,,,,,,,,4,,,,12,,15,0,8,2,2,2,19,13,25,4,2,1,,,463,,,,,,,,,,,,,,3,,,Y,Y,A2100047,10
2026-07-26 03:51:12,data_go_kr,경기도,A2100038,인제대학교일산백병원,25,20260726034829,031-910-7114,N,N,,,,,,,,0,,,,,,,,,3,2,2,,,,,0,,,,,5,1,Y,,Y,,,,Y,,Y,Y,,1,Y,Y,Y,196,Y,,N,Y,,17,N1,34,,3,3,,25,32,,,,,,,,4,,4,,,,17,,16,2,3,3,3,4,54,18,22,7,3,1,,,545,,,,,,,,,,,,,,,,,Y,N,A2100038,11
2026-07-26 03:51:12,data_go_kr,경기도,A2118788,중앙대학교광명병원,19,20260726035007,02-2222-1351,Y,Y,0,0,,,,,,,,,,,,,,,1,,1,,,,5,3,,,,,,2,Y,,Y,,,,Y,,Y,Y,4,,Y,Y,Y,206,Y,12,Y,Y,0,17,N1,21,,1,2,,,,16,,,5,,,5,,24,6,,,,17,,,2,2,2,2,5,28,6,16,5,4,10,,,576,0,0,,,,,,,,,,,,,,,Y,Y,A2118788,12
2026-07-26 03:51:12,data_go_kr,경기도,A2100007,광명성애병원,10,20260726035040,02-2680-7116,Y,Y,,,,,,,,,,,,,,6,,4,1,,3,,,,,0,,,,,,,Y,,Y,,,,Y,,Y,Y,,,Y,Y,N1,62,N1,10,Y,Y,,5,N1,11,4,1,4,,,,,,,,,,,,13,1,,,,5,,,,2,2,2,1,12,2,5,1,,,,,189,,,,,,,,,,,,,50,,,,Y,Y,A2100007,13
2026-07-26 03:51:12,data_go_kr,경기도,A2100155,참조은병원,0,20260726034939,031-881-9119,,,,,,,,,,,,,,0,0,,6,1,1,,3,,,,,3,,,,,,1,,,Y,,,,Y,,Y,Y,,,Y,Y,N1,52,Y,-1,N1,Y,,7,N1,9,1,1,3,,,,,,,,,,,,22,3,,,,7,,,2,,3,3,2,18,,,3,,2,,,286,,,,,,,,,,,0,0,,6,,,Y,N1,A2100155,14
2026-07-26 03:51:12,data_go_kr,경기도,A2100039,한양대학교구리병원,16,20260726034800,1644-9118,Y,Y,,,,,,,,0,,,,,,,,,1,2,4,,,,,,,,,,,4,Y,,Y,,,,Y,,Y,Y,,,Y,Y,Y,173,Y,,Y,Y,1,9,N1,18,,1,4,,17,14,10,,,,,,,,,,,,,9,,,5,1,3,2,3,21,6,14,4,2,2,,,488,,,,,,,,,,,,,,,,,Y,Y,A2100039,15
2026-07-26 03:51:12,data_go_kr,경기도,A2100054,효산의료재단지샘병원,17,20260726034544,031-389-3119,,,,,,,,,,,,,,,,,1,,2,,1,,,,,1,,,,,,1,,,Y,,,,Y,,Y,Y,,,Y,Y,N1,77,N1,3,N1,Y,,5,N1,18,,2,1,,,,,,,,,,,,18,1,,,,5,,,2,,2,1,3,11,,,2,,,,,367,,,,,,,,,,,,,,1,,,Y,N1,A2100054,16
2026-07-26 03:51:12,data_go_kr,경기도,A2100048,원광대학교산본병원,13,20260726034933,031-390-2345,,,,,,,,,,,,,,,,,,,1,,2,,,,,,,,,,,,Y,,Y,,,,Y,,Y,Y,,,Y,Y,N1,80,N1,7,N1,Y,,5,N1,17,,1,2,,,,,,,,,,,,12,,,,,5,,,,1,1,1,1,1,,,2,,,,,188,,,,,,,,,,,,,,,,,Y,N1,A2100048,17
2026-07-26 03:51:12,data_go_kr,경기도,A2100053,의료법인우리의료재단김포우리병원,16,20260726034923,031-999-1119,,,,,,,,,,,,,,0,0,0,,,1,,6,,,,,0,,,,,,3,,,Y,,,,Y,,Y,Y,,,Y,Y,Y,76,Y,0,N1,Y,,7,N1,22,,1,6,,,,,,,,,,,,36,1,,,,7,,,11,,2,2,2,48,,,4,1,2,,,477,,,,,,,,,,,0,0,0,,,,Y,N1,A2100053,18
2026-07-26 03:51:12,data_go_kr,경기도,A2100006,의료법인인봉의료재단뉴고려병원,13,20260726034955,031-980-9119,,,,,,,,,,,,,,,,,3,,1,,2,,,,,7,,,,,,,,,Y,,,,Y,,Y,Y,,,Y,Y,N1,89,N1,6,N1,Y,,6,N1,14,,1,2,,,,,,,,,,,,24,10,,,,6,,,,,2,2,2,7,,,1,,,,,278,,,,,,,,,,,,,,3,,,Y,N1,A2100006,19
2026-07-26 03:51:12,data_go_kr,경기도,A2100041,남양주한양병원,16,20260726034952,031-510-0119,,,,,,,,,,,,,,,,,,,1,,2,,,,,11,,,,,,,,,Y,,,,Y,,Y,Y,,,Y,Y,N1,89,N1,5,N1,Y,,,Y,17,,1,2,,,,,,,,,,,,17,23,,,,,,,,,2,2,1,33,,,2,,,,1,244,,,,,,,,,,,,,,,,,Y,N1,A2100041,20
2026-07-26 03:51:12,data_go_kr,경기도,A2100037,현대병원,13,20260726034803,031-574-0114,,,,,,,,,,,,,,,,,,,3,,,,,,,0,,,,,,,,,Y,,,,Y,,Y,Y,,,Y,Y,N1,67,Y,1,N1,Y,,7,N1,17,,3,,,,,,,,,,,,,19,20,,,,7,,,,,2,2,2,50,,,17,,2,,,342,,,,,,,,,,,,,,,,,Y,N1,A2100037,21
2026-07-26 03:51:12,data_go_kr,경기도,A2100055,부천세종병원,14,20260726035010,032-340-1119,Y,Y,,,,,,,,,,,,,,,,,1,,2,1,,,,0,1,,,,,0,Y,,Y,,,,Y,,Y,Y,,,Y,Y,Y,87,Y,0,Y,Y,,6,N1,17,,1,2,2,,,,,,,,,,,20,2,3,,,6,,,6,1,2,1,5,18,1,1,5,4,1,,,268,,,,,,,,,,,,,,,,,Y,Y,A2100055,22
2026-07-26 03:51:12,data_go_kr,경기도,A2100052,가톨릭대학교부천성모병원,24,20260726035013,032-340-2100,Y,Y,,,,,,,,0,,,,,,,3,,2,1,1,,,,,0,,,,,,3,Y,,Y,4,,,Y,,Y,Y,,,Y,Y,Y,202,Y,,Y,Y,9,14,N1,31,,2,1,,16,12,10,,,,18,,,,,4,,,,14,,,4,3,3,3,3,28,4,14,11,1,2,,,562,,,,,,,,,,,,,,3,,,Y,Y,A2100052,23
2026-07-26 03:51:12,data_go_kr,경기도,A2100025,대진의료재단분당제생병원,17,20260726035000,031-779-0119,Y,Y,,,,,,,,4,,,7,,,,,3,1,7,2,,,,,2,,,,,,0,Y,Y,Y,,,,Y,,Y,Y,,,Y,Y,Y,151,Y,,Y,Y,1,9,N1,24,3,1,2,,11,14,3,,,,,,,,,4,,,,9,,,2,2,4,3,3,22,1,5,5,2,3,1,,484,,,,,,,,,,7,,,,,,,Y,Y,A2100025,24
2026-07-26 03:51:12,data_go_kr,경기도,A2116806,성남시의료원,16,20260726035001,031-738-7300,,,,,,,,,,,,,,,,,,6,2,18,4,,,,,3,,,,,,28,,,Y,,,,Y,,Y,Y,,,Y,Y,Y,106,Y,,N1,Y,,8,Y,17,6,2,4,,,25,,,,,,,,,,5,,,,8,,,28,,3,2,2,31,,,6,3,1,,2,241,,,,,,,,,,,,,,,,,Y,N1,A2116806,25
2026-07-26 03:51:12,data_go_kr,경기도,A2117135,의료법인명인의료재단화홍병원,14,20260726034502,031-8021-6829,Y,,,,,,,,,,,,,,,,,,2,,3,,,,,0,,,,,,,,,Y,,,,,,Y,N1,,,N1,Y,Y,59,N1,14,N1,Y,,6,Y,15,,2,3,,,,,,,,,,,,29,1,,,,6,,,,,2,2,,4,1,,,1,,,1,228,,,,,,,,,,,,,,,,,Y,Y,A2117135,26
2026-07-26 03:51:12,data_go_kr,경기도,A2100009,의료법인녹산의료재단동수원병원,15,20260726034717,031-210-0119,,Y,,,,,,,,,,,,,,,,,1,,2,0,,,,0,2,,,,,0,Y,,Y,,,,Y,,Y,Y,,,Y,Y,N1,67,N1,10,Y,Y,,5,N1,17,,1,2,2,,,,,,,,,,,18,3,4,,,5,,,1,1,2,2,1,15,,4,1,,,,,335,,,,,,,,,,,,,,,,,Y,N1,A2100009,27
2026-07-26 03:51:12,data_go_kr,경기도,A2100012,가톨릭대학교성빈센트병원,18,20260726035011,031-249-7370,Y,Y,,,1,1,,,,8,,,,,,,,5,2,8,2,3,,2,8,2,,6,,,8,3,Y,,Y,9,,,Y,,Y,Y,,1,Y,Y,Y,289,Y,,Y,Y,2,19,N1,28,6,2,2,4,20,11,18,,2,,15,,8,8,,5,,6,,19,,30,11,2,5,4,6,52,7,18,12,4,4,,,658,,,1,1,,,,,,,,,,,,,Y,Y,A2100012,28
2026-07-26 03:51:12,data_go_kr,경기도,A2100008,의료법인남촌의료재단시화병원,14,20260726034805,031-5189-0567,,,,,,,,,,,,,,,,,,5,1,,2,,,,,1,,,,,,1,Y,,Y,,,,Y,,Y,Y,,,Y,Y,Y,75,N1,18,N1,Y,,7,N1,16,5,1,5,,,,,,,,,,,,52,1,,,,7,,,1,1,3,3,2,29,,,4,2,,,,461,,,,,,,,,,,,,,,,,Y,N1,A2100008,29
2026-07-26 03:51:12,data_go_kr,경기도,A2100017,대아의료재단한도병원,13,20260726034831,031-8040-1129,,,,,,,,,,,,,,,,,,,1,,2,,,,,1,,,,,,,,,Y,,,,Y,,Y,Y,,,Y,Y,N1,97,N1,10,N1,Y,,6,N1,17,,1,2,,,,,,,,,,,,29,1,,,,6,,,,,3,2,2,15,,,3,,,,,327,,,,,,,,,,,,,,,,,Y,N1,A2100017,30
2026-07-26 03:51:12,data_go_kr,경기도,A2100015,효산의료재단안양샘병원,13,20260726034913,031-467-9119,,,,,,,,,,0,,,,,,,,,1,3,2,,,,,1,,,,,,,,,Y,,,,Y,,Y,Y,,,Y,Y,Y,61,N1,,N1,Y,,6,N1,17,,1,2,,9,9,,,,,,,,,,1,,,,6,,,,,2,1,2,12,,,2,1,,,,307,,,,,,,,,,,,,,,,,Y,N1,A2100015,31
2026-07-26 03:51:12,data_go_kr,경기도,A2100024,오산한국병원,17,20260726034806,031-378-5119,,,,,,,,,,,,,,,,,,,1,,2,1,,,,1,3,,,,,2,,,Y,,,,Y,,Y,Y,,,Y,Y,N1,50,Y,2,N1,Y,,5,N1,17,,1,2,2,,,,,,,,,,,32,1,3,,,5,,,2,,2,2,2,17,,,2,,1,,,259,,,,,,,,,,,,,,,,,Y,N1,A2100024,32
2026-07-26 03:51:12,data_go_kr,경기도,A2100020,연세대학교의과대학용인세브란스병원,11,20260726034644,031-5189-9001,Y,Y,,,,,,,,6,,,,,,,,6,1,6,3,,,,,1,,,,,,2,Y,,Y,,,,Y,,Y,Y,,,Y,Y,Y,187,Y,,Y,Y,0,15,N1,16,6,1,3,,19,16,12,,,,,,,,,2,,,,15,,,4,2,3,3,4,31,6,18,6,3,4,,,597,,,,,,,,,,,,,,,,,Y,Y,A2100020,33
2026-07-26 03:51:12,data_go_kr,경기도,A2100029,강남병원,12,20260726034914,031-300-0119,,,,,,,,,,,,,,,,,,,1,,2,2,,,,1,2,,,,,,,,Y,,,,,,Y,N1,,,Y,Y,N1,22,N1,14,N1,Y,,4,N1,17,,1,2,2,,,,,,,,,,,30,1,3,,,4,,,,,2,2,,7,,,2,,,,,264,,,,,,,,,,,,,,,,,Y,N1,A2100029,34
2026-07-26 03:51:12,data_go_kr,경기도,A2100019,(의)영문의료재단다보스병원,12,20260726034857,031-8021-2130,,,,,,,,,,,,,,,,,4,,1,,2,1,,,,1,1,,,,,,,,Y,,,,,,Y,N1,,,Y,Y,N1,45,N1,2,N1,Y,,6,N1,13,,1,2,2,,,,,,,,,,,23,1,3,,,6,,,,,1,1,,7,,,2,,,,,222,,,,,,,,,,,,,,4,,,Y,N1,A2100019,35
2026-07-26 03:51:12,data_go_kr,경기도,A2117994,학교법인을지학원의정부을지대학교병원,23,20260726034601,031-8074-0119,Y,Y,,,,,,,,4,,,,,,,7,6,1,3,2,,,,,2,,,,,4,2,Y,,Y,,0,0,Y,,Y,Y,,,Y,Y,Y,236,Y,,Y,Y,3,12,N1,30,6,1,2,,29,22,5,,,,,,,,,2,,,,14,,22,6,8,3,3,4,48,5,5,6,3,2,,,588,,,,,,,,,,,,,,8,0,0,Y,Y,A2117994,36
2026-07-26 03:51:12,data_go_kr,경기도,A2100193,경기도의료원이천병원,10,20260726035001,031-630-4333,,,,,,,,,,,,,,,,,,,1,,2,2,,,,2,0,,,,,6,,,Y,,,,,,Y,N1,,,N1,Y,N1,40,N1,2,N1,Y,,4,N1,17,,1,2,2,,,,,,,,,,,6,2,3,,,4,,,6,,1,1,,8,,,,,,,,187,,,,,,,,,,,,,,,,,Y,N1,A2100193,37
2026-07-26 03:51:12,data_go_kr,경기도,A2100035,경기도의료원파주병원,16,20260726034802,031-940-9119,,,,,,,,,,,,,,,,,,,1,,2,1,,,,,1,,,,,,Y,,Y,,,,,,Y,N1,,,N1,Y,N1,83,N1,5,N1,Y,,3,N1,17,,1,2,2,,,,,,,,,,,8,,3,,,3,,,,1,1,1,,9,,,,,,,,189,,,,,,,,,,,,,,,,,Y,N1,A2100035,38
2026-07-26 03:51:12,data_go_kr,경기도,A2100028,의료법인백송의료재단굿모닝병원,15,20260726035031,031-5182-7582,,,,,,,,,,,,,,,,,6,,2,,1,,,,,1,,,,,,,,,Y,,,,Y,,Y,Y,,,Y,Y,Y,99,N1,5,N1,Y,,7,Y,19,,2,1,,,,,,,,,,,,27,3,,,,7,,,,,5,3,3,23,,,5,3,,,1,392,,,,,,,,,,,,,,6,,,Y,N1,A2100028,39
2026-07-26 03:51:12,data_go_kr,경기도,A2113246,의료법인양진의료재단평택성모병원,16,20260726035031,070-5012-0119,,,,,,,,,,,,,,,,0,,,1,,2,2,,,,2,3,,,,,,,,Y,,,,Y,,Y,Y,,,Y,Y,N1,55,N1,14,N1,Y,,6,N1,17,,1,2,2,,,,,,,,,,,34,2,3,,,6,,,,,3,3,2,8,,,2,,,,,329,,,,,,,,,,,,,0,,,,Y,N1,A2113246,40
2026-07-26 03:51:12,data_go_kr,경기도,A2100031,경기도의료원포천병원,17,20260726035002,031-539-9119,,Y,,,,,,,,,,,,,,,,,1,,2,,,,,0,,,,,,1,Y,,Y,,,,,,Y,N1,,,N1,Y,N1,54,N1,2,Y,Y,,4,N1,17,,1,2,,,,,,,,,,,,10,0,,,,4,,,3,3,1,1,,7,,2,,,,,,137,,,,,,,,,,,,,,,,,Y,N1,A2100031,41
2026-07-26 03:51:12,data_go_kr,경기도,A2100046,한림대학교동탄성심병원,26,20260726034930,031-8086-2119,Y,Y,3,0,,,,,,11,,,,,,,,9,,3,,,,,2,7,,,,,,6,Y,Y,Y,,,,Y,,Y,Y,3,,Y,Y,Y,189,Y,,Y,Y,12,20,Y,32,9,,,,28,13,13,,,13,,,9,,,11,,,,20,,,11,1,6,3,6,51,8,16,17,5,5,1,1,515,3,0,,,,,,,,,,,,,,,Y,Y,A2100046,42
2026-07-26 03:51:12,data_go_kr,경기도,A2100290,의료법인자인의료재단(더자인병원),14,20260726035018,031-930-3119,,,,,,,,,,,,,,,,,,,2,,2,2,,,,1,1,,,,,,,,Y,,,,Y,,Y,Y,,,Y,Y,N1,85,N1,5,N1,N,,5,N1,16,,2,2,2,,,,,,,,,,,10,2,3,,,5,,,,,2,2,1,15,,,1,,,,,233,,,,,,,,,,,,,,,,,Y,N1,A2100290,43
2026-07-26 03:51:12,data_go_kr,경기도,A2100049,국립암센터,15,20260726034800,031-920-0119,,N,,,,,,,,,,,,,,,,,,,1,,,,,8,,,,,,,,,Y,,,,Y,,Y,Y,,,Y,Y,Y,146,Y,14,N,Y,,18,N1,24,,,1,,,,,,,,,,,,19,9,,,,18,,,,,7,5,3,29,,1,8,2,7,,,554,,,,,,,,,,,,,,,,,Y,N1,A2100049,44
2026-07-26 03:51:12,data_go_kr,경기도,A2116972,의료법인성광의료재단일산차병원,6,20260726034732,031-782-8587,Y,Y,,,,,,,,,,,,,,,,,,,3,,,,,1,,,,,,1,Y,,,,,,,,Y,N1,,,N1,N1,N1,70,N1,4,Y,N1,0,10,N1,6,,,4,,,,17,,,,,,,,4,1,,,,10,,,1,9,,,,4,11,19,,,,,,179,,,,,,,,,,,,,,,,,Y,Y,A2116972,45
2026-07-26 03:51:12,data_go_kr,경기도,A2118188,엘병원,8,20260726034845,031-527-6119,,,,,,,,,,,,,,,,,,,,,2,,,,,0,,,,,,0,,,Y,,,,,,Y,N1,,,N1,Y,N1,56,N1,6,N1,Y,,3,N1,8,,,2,,,,,,,,,,,,8,1,,,,3,,,1,,1,1,,2,,,,,,,,146,,,,,,,,,,,,,,,,,Y,N1,A2118188,46
2026-07-26 03:51:12,data_go_kr,경기도,A2100050,의료법인대인의료재단다니엘종합병원,6,20260726035003,032-670-0119,,,,,,,,,,,,,,,,,,,1,,3,,,,,1,,,,,,,,,Y,,,,,,Y,N1,,,N,Y,N1,36,N1,9,N1,Y,,3,N1,6,,1,3,,,,,,,,,,,,30,1,,,,3,,,,,1,1,,17,,,1,,,,,169,,,,,,,,,,,,,,,,,Y,N1,A2100050,47
2026-07-26 03:51:12,data_go_kr,경기도,A2100258,국군수도병원,16,20260726035013,031-725-6119,,,,,,,,,,,,,,2,6,,,,0,,,,,,,1,,,15,,2,,,,Y,,,,Y,15,Y,Y,,,Y,Y,Y,154,N1,10,N1,Y,,9,N1,16,,2,,,,,,,,,,20,,,12,1,,,40,9,,15,,,3,4,2,2,,,5,2,,,,530,,,,,,,,,,,2,6,,,,,Y,N1,A2100258,48
2026-07-26 03:51:12,data_go_kr,경기도,A2100016,순천의료재단성남정병원,9,20260726034840,031-750-6003,,,,,,,,,,,,0,,,27,,,,2,,,,,,,,,,,,,,,,Y,,,,,,Y,N1,,,N1,Y,N1,75,N1,,N1,Y,,4,N1,9,,2,,,,,,,,,,,,,,,,,,4,,,,,1,1,,1,,,,,,,,98,,,,,,,,,0,,,105,,,,,Y,N1,A2100016,49
2026-07-26 03:51:12,data_go_kr,경기도,A2121061,의료법인덕산의료재단수원덕산병원,23,20260726035004,031-686-2911,N,Y,,,,,,,,,,,,,,,,3,1,,2,2,,,,0,2,,,,,0,Y,,Y,,,,Y,,Y,Y,,,Y,Y,Y,102,N1,4,Y,Y,,9,N1,24,3,1,2,2,,,,,,,,,,,22,3,4,,,9,,,5,5,3,2,2,15,N,2,5,2,,,,403,,,,,,,,,,,,,,,,,Y,N,A2121061,50
2026-07-26 03:51:12,data_go_kr,경기도,A2100032,경기도의료원수원병원,7,20260726035001,031-888-0119,,,,,,,,,,,,,,,,,3,,,,2,,,,,,,,,,,2,,,Y,,,,,,Y,N1,,,N1,Y,N1,44,N1,7,N1,Y,,3,N1,8,,,2,,,,,,,,,,,,9,,,,,3,,,2,,1,1,,9,,,,,,,,156,,,,,,,,,,,,,,3,,,Y,N1,A2100032,51
2026-07-26 03:51:12,data_go_kr,경기도,A2100175,의료법인토마스의료재단윌스기념병원,18,20260726034755,031-240-6119,,,,,,,,,,,,,,,,,,,1,,2,2,,,,0,3,,,,,,Y,,Y,,,,Y,,Y,Y,,,Y,Y,N1,75,N1,10,N1,Y,,10,N1,18,,1,2,2,,,,,,,,,,,18,1,3,,,10,,,,1,1,4,1,1,,,1,,,,,282,,,,,,,,,,,,,,,,,Y,N1,A2100175,52
2026-07-26 03:51:12,data_go_kr,경기도,A2100027,의료법인석경의료재단센트럴병원,17,20260726034800,031-8041-3019,,,,,,,,,,,,,,,,,,,1,,2,,,,,,,,,,,,,,Y,,,,,,Y,N1,,,Y,Y,N1,101,N1,4,N1,Y,,3,N1,18,,1,2,,,,,,,,,,,,20,,,,,3,,,,,2,2,,7,,,2,,,,,255,,,,,,,,,,,,,,,,,Y,N1,A2100027,53
2026-07-26 03:51:12,data_go_kr,경기도,A2100013,의료법인 록향의료재단 신천연합병원,7,20260726035003,031-310-6661,,,,,,,,,,,,,,,,,,,,,1,,,,,0,,,,,,,,,Y,,,,,,Y,N1,,,Y,Y,N1,24,N1,0,N1,Y,,3,N1,10,,,1,,,,,,,,,,,,6,1,,,,3,,,,,1,1,,4,,,1,,,,,112,,,,,,,,,,,,,,,,,Y,N1,A2100013,54
2026-07-26 03:51:12,data_go_kr,경기도,A2100021,의료법인플러스의료재단단원병원,14,20260726035008,031-8040-5911,,,,,,,,,,,,,1,,,,,,1,,2,,,,,1,,,,,,,,,Y,,,,Y,,Y,Y,,,Y,Y,Y,81,N1,7,N1,Y,,5,N1,17,,1,2,,,,,,,,,,,,27,1,,,,5,,,,,1,1,2,8,,,2,1,,,,342,,,,,,,,,,1,,,,,,,Y,N1,A2100021,55
2026-07-26 03:51:12,data_go_kr,경기도,A2100014,근로복지공단안산병원,6,20260726034800,031-500-1119,,,,,,,,,,,,,,,,,,,,,1,,,,,1,,,,,,0,,,Y,,,,,,Y,N1,,,N1,Y,N1,89,N1,11,N1,Y,,3,N1,7,,,1,,,,,,,,,,,,18,1,,,,3,,,2,,1,1,,14,,,,,,,,359,,,,,,,,,,,,,,,,,Y,N1,A2100014,56
2026-07-26 03:51:12,data_go_kr,경기도,A2100124,의료법인칠석의료재단사랑의병원,11,20260726034747,031-502-0119,,,,,,,,,,,,,,,,,,,1,,,,,,,,,,,,,,,,Y,,,,,,Y,N1,,,Y,Y,N1,46,N1,6,N1,Y,,5,N1,13,,1,,,,,,,,,,,,,14,,,,,5,,,,,2,2,,8,,,1,,,,,206,,,,,,,,,,,,,,,,,Y,N1,A2100124,57
2026-07-26 03:51:12,data_go_kr,경기도,A2100045,경기도의료원안성병원,13,20260726035002,031-8046-5119,,,,,,,,,,,,,,,,,,,1,,,,,,,1,,,,,,8,,,Y,,,,,,Y,N1,,,N1,Y,N1,57,N1,4,N1,Y,,5,N1,14,,1,,,,,,,,,,,,,13,2,,,,5,,,8,,1,1,,8,,,,,,,,178,,,,,,,,,,,,,,,,,Y,N1,A2100045,58
2026-07-26 03:51:12,data_go_kr,경기도,A2100305,안성성모병원,8,20260726034953,031-675-8275,,,,,,,,,,,,,,,,,,,,,1,,,,,,,,,,,,,,Y,,,,,,Y,N1,,,N1,Y,N1,95,N1,3,N1,Y,,3,N1,9,,,1,,,,,,,,,,,,20,,,,,3,,,,,1,1,,7,,,,,,,,188,,,,,,,,,,,,,,,,,Y,N1,A2100305,59
2026-07-26 03:51:12,data_go_kr,경기도,A2100089,양평병원,8,20260726035001,031-770-5119,N,N,,,,,,,,,,,,,,,,,,,1,,,,,,,,,,,,N,N,Y,,,,N,,Y,N,,,N,Y,N,24,N,,N,Y,,3,N,9,,,1,,,,,,,,,,,,,,,,,3,,,,0,1,1,0,1,0,0,0,0,0,0,0,90,,,,,,,,,,,,,,,,,Y,N,A2100089,60
2026-07-26 03:51:12,data_go_kr,경기도,A2100194,세종여주병원,5,20260726034956,031-880-7754,,,,3,,,,,,,,,,,,,3,,,,4,,,,,,,,,,,,,,Y,,,,,,Y,N1,,,Y,Y,N1,127,N1,,N1,Y,,2,N1,6,,,4,,,,,,,,,,,,,,,,,2,,,,,1,1,,4,,,2,,,,,210,,3,,,,,,,,,,,,3,,,Y,N1,A2100194,61
2026-07-26 03:51:12,data_go_kr,경기도,E2100187,연천군보건의료원,9,20260726035004,031-839-4119,,,,,,,,,,,,,,,,,,,,,,,,,,,,,,,,,,,Y,,,,,,Y,N1,,,N1,Y,N1,51,N1,,N1,N1,,2,N1,10,,,,,,,,,,,,,,,,,,,,2,,,,,1,,,1,,,,,,,,52,,,,,,,,,,,,,,,,,Y,N1,E2100187,62
2026-07-26 03:51:12,data_go_kr,경기도,A2100122,(의)효심의료재단용인서울병원,8,20260726034829,031-336-0119,,,,,,,,,,,,,,,,,,,,,,,,,,,,,,,,,,,Y,,,,,,Y,N1,,,N1,Y,N1,150,N1,,N1,Y,,3,N1,10,,,,,,,,,,,,,,,,,,,,3,,,,,1,1,,1,,,,,,,,201,,,,,,,,,,,,,,,,,Y,N1,A2100122,63
2026-07-26 03:51:12,data_go_kr,경기도,A2121142,메디필드한강병원,12,20260726034953,031-332-1119,,,,,,,,,,,,,,,,,,,1,,2,,,,,1,,,,,,1,,,Y,,,,Y,,Y,Y,,,Y,Y,N1,160,N1,6,N1,Y,,6,N1,17,,1,2,,,,,,,,,,,,15,1,,,,6,,,1,,3,2,1,13,,,2,,,,,192,,,,,,,,,,,,,,,,,Y,N1,A2121142,64
2026-07-26 03:51:12,data_go_kr,경기도,A2100034,의료법인영동의료재단의정부백병원,9,20260726034718,031-842-1211,,,,,,,,,,,,,,,,,,,,,2,,,,,,,,,,,,,,Y,,,,,,Y,N1,,,N1,Y,N1,103,N1,0,N1,Y,,3,N1,10,,,2,,,,,,,,,,,,9,,,,,3,,,,,1,1,,1,,,,,,,,192,,,,,,,,,,,,,,,,,Y,N1,A2100034,65
2026-07-26 03:51:12,data_go_kr,경기도,A2100150,추병원,12,20260726034840,031-845-8313,,,,,,,,,,,,,,,,,,,1,,1,,,,,,,,,,,,,,Y,,,,Y,,Y,Y,,,N1,Y,N1,53,N1,3,N1,N,,3,N1,12,,1,1,,,,,,,,,,,,15,,,,,3,,,,,2,1,1,1,,,,,,,,210,,,,,,,,,,,,,,,,,Y,N1,A2100150,66
2026-07-26 03:51:12,data_go_kr,경기도,A2100043,경기도의료원의정부병원,9,20260726035001,031-828-5119,,,,,,,,,,,,,,,,0,,,1,,,,,,,,,,,,31,2,,,Y,,,,,,Y,N1,,,N1,Y,N1,34,N1,3,N1,Y,,3,N1,10,,1,,,,,,,,,,,,,6,,,,,3,,70,5,,1,1,,8,,,,,,,,86,,,,,,,,,,,,,0,,,,Y,N1,A2100043,67
2026-07-26 03:51:12,data_go_kr,경기도,A2100131,메디인병원,10,20260726035031,031-570-7912,,,,,,,,,,,,,,,,,,,,,2,,,,,,,,,,,,,,Y,,,,Y,,Y,Y,,,N1,Y,N1,70,N1,,N1,Y,,4,N1,12,,,2,,,,,,,,,,,,,,,,,4,,,,,1,1,1,2,,,,,,,,206,,,,,,,,,,,,,,,,,Y,N1,A2100131,68
2026-07-26 03:51:12,data_go_kr,경기도,A2100309,의료법인갈렌의료재단박병원,9,20260726035008,031-662-4119,,,,,,,,,,,,,,,,,,,,,1,,,,,,,,,,,,,,Y,,,,,,Y,N1,,,N1,Y,N1,34,N1,2,N1,Y,,2,N1,10,,,1,,,,,,,,,,,,10,,,,,2,,,,,1,2,,3,,,,,,,,143,,,,,,,,,,,,,,,,,Y,N1,A2100309,69
2026-07-26 03:51:12,data_go_kr,경기도,A2100022,의료법인박애의료재단박애병원,10,20260726034821,031-650-9219,,,,,,,,,,,,,,,,,,,,,1,,,,,,,,,,,,,,Y,,,,,,Y,N1,,,Y,Y,N1,110,N1,6,N1,Y,,5,N1,10,,,1,,,,,,,,,,,,10,,,,,5,,,,,2,1,,20,,,2,,,,,193,,,,,,,,,,,,,,,,,Y,N1,A2100022,70
2026-07-26 03:51:12,data_go_kr,경기도,A2100036,의료법인 일심의료재단 포천우리병원,18,20260726034612,031-541-8282,,,,,,,,,,,,,,,,,,,1,,3,,,,,2,,,,,,2,,,Y,,,,Y,,Y,Y,,,Y,Y,N1,71,N1,3,N1,Y,,5,N1,18,,1,3,,,,,,,,,,,,18,2,,,,5,,,2,,2,2,1,14,,,3,,,,,201,,,,,,,,,,,,,,,,,Y,N1,A2100036,71
2026-07-26 03:51:12,data_go_kr,경기도,A2100018,의료법인은혜와감사의료재단화성중앙종합병원,8,20260726034842,031-371-7998,,,,,,,,,,,,,,,,,,,,,1,,,,,,,,,,,,,,Y,,,,,,Y,N1,,,N1,Y,N1,81,N1,4,N1,Y,,3,N1,9,,,1,,,,,,,,,,,,8,,,,,3,,,,,1,1,,3,,,,,,,,131,,,,,,,,,,,,,,,,,Y,N1,A2100018,72
2026-07-26 03:51:12,data_go_kr,경기도,A2115699,의료법인원광의료재단원광종합병원,8,20260726034215,031-8077-7219,,,,,,,,,,,,,,,,,,,1,,,,,,,,,,,,,,,,Y,,,,,,Y,N1,,,N1,Y,N1,26,N1,-1,N1,Y,,4,N1,9,,1,,,,,,,,,,,,,9,,,,,4,,,,,1,2,,4,,,,,,,,135,,,,,,,,,,,,,,,,,Y,N1,A2115699,73
2026-07-26 03:51:12,data_go_kr,강원특별자치도,A2200008,강릉아산병원,17,20260726034915,033-610-3333,Y,Y,,,,,0,1,,0,,,,,,,,3,2,1,3,1,,,,,10,,,,,,Y,,Y,,,,Y,,Y,Y,,,Y,Y,Y,114,Y,,Y,Y,7,15,Y,23,3,2,3,18,14,16,13,,,,,,,,,,38,,,15,,,,2,4,3,4,33,8,12,8,5,1,,2,604,,,,,1,6,,,,,,,,,,,Y,Y,A2200008,1
2026-07-26 03:51:12,data_go_kr,강원특별자치도,A2200001,연세대학교원주세브란스기독병원,18,20260726034502,033-741-1641,Y,Y,3,20,,,0,,,1,,,,,,,,1,2,5,3,3,,,,,15,,9,2,5,,Y,,Y,3,2,6,Y,7,Y,Y,,,Y,Y,Y,201,Y,,Y,Y,7,15,Y,29,3,2,3,20,15,12,19,,,,15,20,,,,,30,,40,15,2,24,,2,5,4,7,100,12,25,16,7,13,,4,584,4,36,,,2,,,,,,,,,,2,6,Y,Y,A2200001,2
2026-07-26 03:51:12,data_go_kr,강원특별자치도,A2200013,한림대학교춘천성심병원,16,20260726034720,033-240-5219,Y,Y,2,3,,,,0,,,,,,,,,,2,,,,5,,,,0,29,,,,,1,Y,Y,Y,,,,Y,,Y,Y,2,,Y,Y,Y,97,Y,6,Y,Y,,9,Y,22,3,,,20,,,,,,8,,,,,20,2,45,,,9,,,2,1,2,2,3,33,1,4,6,2,1,1,1,252,2,3,,,,2,,,,,,,,,,,Y,Y,A2200013,3
2026-07-26 03:51:12,data_go_kr,강원특별자치도,A2200005,의료법인강릉동인병원,14,20260726035007,033-650-6105,,,,,,,,,,1,,,,,,,,,1,,2,,,,,2,,,,,9,,,,Y,,,,Y,,Y,Y,,,Y,Y,N1,71,N1,0,N1,Y,,5,N1,17,,1,2,,12,,,,,,,,,,12,2,,,,5,,101,,,2,1,1,14,,,1,,,,,248,,,,,,,,,,,,,,,,,Y,N1,A2200005,4
2026-07-26 03:51:12,data_go_kr,강원특별자치도,A2200007,강원특별자치도삼척의료원,16,20260726034501,033-571-0431,,Y,,,,,,,,,,,,,,,,1,2,,1,0,,,,0,3,,,,,6,Y,,Y,,,,,,Y,N1,,,Y,Y,N1,57,N1,0,Y,Y,,4,N1,16,1,2,1,2,,,,,,,,,,,6,2,3,,,4,,,10,1,1,1,,3,,3,1,,,,,189,,,,,,,,,,,,,,,,,Y,N1,A2200007,5
2026-07-26 03:51:12,data_go_kr,강원특별자치도,A2200012,강원특별자치도속초의료원,17,20260726035001,,Y,Y,,,,,,,,,,,,,,,,,2,,1,,,,,,,,,,,,Y,,Y,,,,,,Y,N1,,,N1,Y,N1,64,N1,0,Y,Y,,3,N1,17,,2,1,,,,,,,,,,,,8,,,,,3,,,,2,1,1,,7,1,1,,,,,,154,,,,,,,,,,,,,,,,,Y,Y,A2200012,6
2026-07-26 03:51:12,data_go_kr,강원특별자치도,A2200009,강원대학교병원,20,20260726035000,033-258-2293,Y,Y,,,,,0,,,3,,,,,,,,3,2,,3,1,4,,5,1,,,,,3,12,Y,,Y,1,,,Y,,Y,Y,,,Y,Y,Y,273,Y,,Y,Y,1,11,N1,21,3,2,3,5,10,,15,8,,,8,,8,,,2,,,,11,,16,14,3,4,2,4,43,13,24,12,3,10,,,508,,,,,0,,,,,,,,,,,,Y,Y,A2200009,7
2026-07-26 03:51:12,data_go_kr,강원특별자치도,A2200011,강원특별자치도강릉의료원,4,20260726035001,033-610-1234,,,,,,,,,,,,,,,,20,,,,,1,,,,,,,,,,,5,,,Y,,,,,,Y,N1,,,N1,Y,N1,18,N1,0,N1,Y,,2,N1,5,,,1,,,,,,,,,,,,8,,,,,2,,,5,,1,1,,4,,,,,,,,122,,,,,,,,,,,,,20,,,,Y,N1,A2200011,8
2026-07-26 03:51:12,data_go_kr,강원특별자치도,A2200003,의료법인동해동인병원,9,20260726034936,033-530-0129,,,,,,,,,,,,,,,,,,,,,1,,,,,1,,,,,57,,,,Y,,,,,,Y,N1,,,N1,Y,N1,33,N1,9,N1,Y,,2,N1,10,,,1,,,,,,,,,,,,19,1,,,,2,,110,,,1,1,,7,,,,,,,,178,,,,,,,,,,,,,,,,,Y,N1,A2200003,9
2026-07-26 03:51:12,data_go_kr,강원특별자치도,A2200046,의료법인온세움의료재단온재병원,5,20260726034944,033-639-8988,,,,,,,,,,,,,,,,,,,,,1,,,,,,,,,,29,,,,Y,,,,,,Y,N1,,,N1,Y,N1,26,N1,0,N1,Y,,4,N1,9,,,1,,,,,,,,,,,,15,,,,,4,,59,,,1,1,,5,,,,,,,,219,,,,,,,,,,,,,,,,,Y,N1,A2200046,10
2026-07-26 03:51:12,data_go_kr,강원특별자치도,A2200037,의료법인성심의료재단양구성심병원,5,20260726035011,033-480-8816,,Y,,,,,,,,,,,,,,,,,1,,,,,,,,,,,,,,Y,,Y,,,,,,Y,N1,,,N1,Y,N1,39,N1,,Y,N1,,,N1,5,,1,,,,,,,,,,,,,,,,,,,,,,1,1,,,1,,1,,,,,,52,,,,,,,,,,,,,,,,,Y,N1,A2200037,11
2026-07-26 03:51:12,data_go_kr,강원특별자치도,A2200002,강원특별자치도영월의료원,7,20260726035001,033-370-9129,,Y,,,,,,,,,,,,,,,1,,,,,,,,,0,,,,,,2,Y,,Y,,,,,,Y,N1,,,N1,Y,N1,44,N1,0,Y,Y,,2,N1,9,,,,,,,,,,,,,,,10,2,,,,2,,,2,1,1,1,,7,,3,,,,,,174,,,,,,,,,,,,,,1,,,Y,N1,A2200002,12
2026-07-26 03:51:12,data_go_kr,강원특별자치도,A2200015,강원특별자치도원주의료원,16,20260726035002,033-760-4701,,,,,,,,,,,,,,,,,,,1,,2,,,,,,,,,,,,,,Y,,,,,,Y,N1,,,N1,Y,N1,50,N1,0,N1,Y,,3,N1,17,,1,2,,,,,,,,,,,,20,,,,,3,,,,,1,1,,7,,,,,,,,259,,,,,,,,,,,,,,,,,Y,N1,A2200015,13
2026-07-26 03:51:12,data_go_kr,강원특별자치도,A2200024,의료법인성지의료재단성지병원,6,20260726034403,033-760-3119,,,,,,,,,,,,,,,,13,,,,,1,,,,,,,,,,,,,,Y,,,,,,Y,N1,,,N1,Y,N1,-63,N1,9,N1,Y,,4,N1,7,,,1,,,,,,,,,,,,9,,,,,4,,,,,1,2,,4,,,,,,,,135,,,,,,,,,,,,,13,,,,Y,N1,A2200024,14
2026-07-26 03:51:12,data_go_kr,강원특별자치도,A2200048,근로복지공단정선병원,5,20260726034800,033-560-7150,,,,,,,,,,,,,,,,,,,,,1,,,,,,,,,,,,,,Y,,,,,,Y,N1,,,N1,Y,N1,46,N1,,N1,N1,,,N1,5,,,1,,,,,,,,,,,,,,,,,,,,,,1,,,3,,,,,,,,149,,,,,,,,,,,,,,,,,Y,N1,A2200048,15
2026-07-26 03:51:12,data_go_kr,강원특별자치도,A2201730,철원병원,5,20260726035007,033-452-5012,N,Y,,,,,,,,,,,,,,,,,1,,,,,,,,,,,,,,Y,N,Y,,,,N,,Y,N,,,N,Y,N,36,N,,Y,Y,,2,N,5,,1,,,,,,,,,,,,,,,,,,2,,,,1,1,1,0,1,0,1,0,0,0,0,0,68,,,,,,,,,,,,,,,,,Y,N,A2201730,16
2026-07-26 03:51:12,data_go_kr,강원특별자치도,A2200004,근로복지공단태백병원,9,20260726034900,033-580-3119,,,,,,,,,,,,,,,,,,,1,,,,,,,1,,,,,,,Y,,Y,,,,,,Y,N1,,,N1,Y,N1,66,N1,4,N1,Y,,2,N1,9,,1,,,,,,,,,,,,,9,1,,,,2,,,,1,1,1,,8,,,,,,,,223,,,,,,,,,,,,,,,,,Y,N1,A2200004,17
2026-07-26 03:51:12,data_go_kr,강원특별자치도,E2200026,평창군보건의료원,6,20260726035001,033-330-4812,,,,,,,,,,,,,,,,,,,,,1,,,,,,,,,,,,,,Y,,,,,,Y,N1,,,N1,Y,N1,20,N1,,N1,N1,,,N1,6,,,1,,,,,,,,,,,,,,,,,,,,,,1,,,1,,,,,,,,20,,,,,,,,,,,,,,,,,Y,N1,E2200026,18
2026-07-26 03:51:12,data_go_kr,강원특별자치도,A2200014,홍천아산병원,8,20260726035000,033-430-5119,,,,,,,,,,,,,,,,,,,,,,,,,,,,,,,,,,,Y,,,,,,Y,N1,,,N1,Y,N1,9,N1,0,N1,Y,,2,N1,10,,,,,,,,,,,,,,,7,,,,,2,,,,,1,1,,4,,,,,,,,128,,,,,,,,,,,,,,,,,Y,N1,A2200014,19
2026-07-26 03:51:12,data_go_kr,강원특별자치도,E2200025,화천군보건의료원,7,20260726035001,033-440-2880,,,,,,,,,,,,,,,,,,,,,1,,,,,,,,,,,,,,,,,,,,Y,N1,,,N1,N1,N1,16,N1,,N1,N1,,,N1,7,,,1,,,,,,,,,,,,,,,,,,,,,,,,,1,,,,,,,,16,,,,,,,,,,,,,,,,,Y,N1,E2200025,20
2026-07-26 03:51:12,data_go_kr,강원특별자치도,A2200016,횡성대성병원,9,20260726034951,033-345-1191,,,,,,,,,,,,,,,,,,,,,1,,,,,,,,,,,,,,Y,,,,,,Y,N1,,,N1,Y,N1,29,N1,,N1,Y,,1,N1,9,,,1,,,,,,,,,,,,,,,,,1,,,,,1,1,,1,,,,,,,,114,,,,,,,,,,,,,,,,,Y,N1,A2200016,21
2026-07-26 03:51:12,data_go_kr,충청북도,A2300001,충북대학교병원,25,20260726035000,043-269-6114,Y,Y,2,3,,,,0,,2,,,,,,,,7,,,,2,,,,2,30,,12,2,5,12,Y,,Y,,2,6,Y,16,Y,Y,3,,Y,Y,Y,258,Y,8,Y,Y,14,16,N1,30,8,,,18,8,,25,,,4,,20,,,17,5,40,,40,16,2,21,13,2,4,4,6,98,13,31,18,10,17,,,547,2,3,,,,2,,,,,,,,,2,6,Y,Y,A2300001,1
2026-07-26 03:51:12,data_go_kr,충청북도,A2300009,의료법인명지의료재단명지병원,12,20260726035019,043-640-8117,,,,,,,,,,,,,,,,,,3,2,,4,2,,,,3,,,,,,,,,Y,,,,Y,,Y,Y,,,Y,Y,Y,82,N1,6,N1,Y,,3,N1,18,3,2,4,2,,,,,,,,,,,15,3,,,,3,,,,,2,1,1,10,,,2,1,,,,201,,,,,,,,,,,,,,,,,Y,N1,A2300009,2
2026-07-26 03:51:12,data_go_kr,충청북도,A2300005,의료법인자산의료재단제천서울병원,11,20260726034555,043-643-2327,,,,,,,,,,,,,,,,,,,1,,4,,,,,,2,,,,,,,,Y,,,,,,Y,N1,,,Y,Y,N1,33,N1,0,N1,Y,,3,Y,15,,1,4,,,,,,,,,,,,11,,5,,,3,,,,,1,1,,10,,,1,,,,1,202,,,,,,,,,,,,,,,,,Y,N1,A2300005,3
2026-07-26 03:51:12,data_go_kr,충청북도,A2300013,의료법인 건명의료재단 중앙제일병원,13,20260726034622,043-537-9119,,,,,,,,,,,,,,,,,,,3,,,,,,,4,,,,,,31,,,Y,,,,,,Y,N1,,,Y,Y,N1,63,N1,4,N1,Y,,5,N1,17,,3,,,,,,,,,,,,,12,6,,,,5,,,31,,2,2,,6,,,1,,,,,192,,,,,,,,,,,,,,,,,Y,N1,A2300013,4
2026-07-26 03:51:12,data_go_kr,충청북도,A2300007,의료법인인화재단한국병원,8,20260726034706,043-222-6177,,Y,,,,,,,,,,,,,,,2,,1,,2,,,,,1,,,,,,1,Y,,Y,,,,Y,,Y,Y,,,Y,Y,N1,71,N1,0,Y,Y,,8,N1,14,,1,2,,,,,,,,,,,,24,1,,,,8,,,1,1,3,3,2,18,,1,3,,,,,403,,,,,,,,,,,,,,3,,,Y,N1,A2300007,5
2026-07-26 03:51:12,data_go_kr,충청북도,A2300003,의료법인정산의료재단효성병원,17,20260726034601,043-221-2192,,N,,,,,,,,,,,,,,,,,1,,4,0,,,,0,2,,,,,,Y,,Y,,,,Y,,Y,Y,,,Y,Y,N1,69,N1,2,N,Y,,4,Y,18,,1,4,2,,,,,,,,,,,27,2,3,,,4,,,,1,3,4,2,19,,1,2,,,,1,363,,,,,,,,,,,,,,,,,Y,N1,A2300003,6
2026-07-26 03:51:12,data_go_kr,충청북도,A2300008,청주성모병원,4,20260726035008,043-219-8119,,Y,,,,,,,,3,,,,,,,,,2,5,4,2,,,,1,4,,,,,8,Y,,Y,,,,Y,,Y,Y,,,Y,Y,N1,117,N1,,Y,Y,,8,N1,15,,2,5,2,13,12,,,,,,,,,,1,4,,,8,,,30,1,3,2,2,19,,2,2,,,,,358,,,,,,,,,,,,,,,,,Y,N1,A2300008,7
2026-07-26 03:51:12,data_go_kr,충청북도,A2300002,의료법인한마음의료재단하나병원,8,20260726035006,043-230-6594,,,,,,,,,,,,,,,,,9,,1,,1,,,,,1,,,,,,,,,Y,,,,Y,,Y,Y,,,Y,Y,N1,142,N1,2,N1,Y,,7,Y,11,,1,2,,,,,,,,,,,,24,2,,,,7,,,,,3,3,2,20,,,4,,,,1,463,,,,,,,,,,,,,,9,,,Y,N1,A2300002,8
2026-07-26 03:51:12,data_go_kr,충청북도,A2300010,건국대학교충주병원,14,20260726035001,043-840-8330,Y,Y,,,,,,,,,,,,,,,,,1,,2,,,,,,,,,,,0,Y,,Y,,,,Y,,Y,Y,,,Y,Y,Y,86,N1,8,Y,Y,,5,N1,20,,1,2,,,,,,,,,,,,18,,,,,5,,,1,1,2,1,2,11,1,4,3,1,,,,194,,,,,,,,,,,,,,,,,Y,Y,A2300010,9
2026-07-26 03:51:12,data_go_kr,충청북도,A2300034,의료법인대광의료재단괴산성모병원,9,20260726035029,043-830-5419,,,,,,,,,,,,,,,,,,,,,0,,,,,,,,,,,,,,Y,,,,,,Y,N1,,,N1,Y,N1,5,N1,,N1,Y,,1,N1,9,,,1,,,,,,,,,,,,,,,,,1,,,,,1,1,,3,,,,,,,,153,,,,,,,,,,,,,,,,,Y,N1,A2300034,10
2026-07-26 03:51:12,data_go_kr,충청북도,E2300011,단양군보건의료원,6,20260726035001,043-420-0139,,,,,,,,,,,,,,,,,,,1,,,,,,,,,,,,,2,,,Y,,,,,,Y,N1,,,N1,Y,N1,14,N1,,N1,N1,,,N1,6,,1,,,,,,,,,,,,,,,,,,,,,2,,1,,,1,,,,,,,,14,,,,,,,,,,,,,,,,,Y,N1,E2300011,11
2026-07-26 03:51:12,data_go_kr,충청북도,A2300030,의료법인조윤의료재단영동병원,10,20260726034501,043-740-9333,,Y,,,,,,,,,,,,,,,,,,,,,,,,,,,,,,,Y,,Y,,,,,,Y,N1,,,N1,Y,N1,32,N1,,Y,Y,,2,N1,10,,,,,,,,,,,,,,,,,,,,2,,,,1,1,1,,3,,1,,,,,,161,,,,,,,,,,,,,,,,,Y,N1,A2300030,12
2026-07-26 03:51:12,data_go_kr,충청북도,A2300011,의료법인힐링의료재단옥천성모병원,7,20260726035015,043-730-7119,,,,,,,,,,,,,,,,,,,2,,1,,,,,,,,,,,,,,Y,,,,,,Y,N1,,,N1,Y,N1,22,N1,0,N1,Y,,2,N1,7,,2,1,,,,,,,,,,,,7,,,,,2,,,,,1,1,,4,,,,,,,,157,,,,,,,,,,,,,,,,,Y,N1,A2300011,13
2026-07-26 03:51:12,data_go_kr,충청북도,A2300006,충청북도청주의료원,11,20260726035001,043-279-0119,,Y,,,,,,,,,,,,,,,3,,1,,,,,,,2,,,,,90,6,Y,,Y,,,,Y,,Y,Y,,,Y,Y,N1,152,N1,18,Y,Y,,5,N1,12,,1,,,,,,,,,,,,,21,3,,,,5,,90,6,1,1,2,1,11,,1,1,,,,,359,,,,,,,,,,,,,,3,,,Y,N1,A2300006,14
2026-07-26 03:51:12,data_go_kr,충청북도,A2300004,충청북도충주의료원,17,20260726035002,043-871-0119,,,,,,,,,,,,,,,,,,,1,,2,,,,,,,,,,,,,,Y,,,,Y,,Y,Y,,,Y,Y,N1,129,N1,4,N1,Y,,4,N1,18,,1,2,,,,,,,,,,,,12,,,,,4,,,,,1,1,1,8,,,1,,,,,282,,,,,,,,,,,,,,,,,Y,N1,A2300004,15
2026-07-26 03:51:12,data_go_kr,충청남도,A2400002,단국대학교의과대학부속병원,21,20260726035000,041-550-6840,Y,Y,2,2,,,,0,,,,,,3,,,,4,,0,1,0,,,,0,20,,5,2,11,1,Y,,Y,2,2,6,Y,2,Y,Y,,,Y,Y,Y,231,Y,,Y,Y,-3,13,Y,25,4,,1,18,,13,25,,,,13,20,,,,1,30,,40,13,2,20,8,3,4,3,6,6,14,29,15,7,17,,1,640,2,2,,,,2,,,,,7,,,,2,6,Y,Y,A2400002,1
2026-07-26 03:51:12,data_go_kr,충청남도,A2400001,학교법인동은학원순천향대학교부속천안병원,14,20260726034622,041-590-7019,Y,Y,,,1,3,1,,,12,,,,,,,,14,4,9,3,7,,2,,4,9,4,,,,3,Y,Y,Y,,,,Y,,Y,Y,,,Y,Y,Y,211,Y,,Y,Y,2,19,Y,22,14,4,3,17,18,15,38,,2,,,,,,,6,30,6,,19,,,14,11,6,4,6,60,16,37,6,6,10,1,1,713,,,1,3,1,,,,,,,,,,,,Y,Y,A2400001,2
2026-07-26 03:51:12,data_go_kr,충청남도,A2400009,의료법인백제병원,19,20260726034831,041-730-8882,,,,,,,,,,,,,,,,,,,1,,2,,,,,,,,,,19,,,,Y,,,,Y,,Y,Y,,,Y,Y,N1,13,N1,-1,N1,Y,,4,N1,20,,1,2,,,,,,,,,,,,26,,,,,4,,49,,,2,2,1,11,,,3,,,,,398,,,,,,,,,,,,,,,,,Y,N1,A2400009,3
2026-07-26 03:51:12,data_go_kr,충청남도,A2400008,당진종합병원,14,20260726035004,041-358-3624,,,,,,,,,,,,,,,,,,,1,,2,,,,,,,,,,,,,,Y,,,,Y,,Y,Y,,,Y,Y,N1,95,N1,1,N1,Y,,4,N1,17,,1,2,,,,,,,,,,,,13,,,,,4,,,,,2,2,1,5,,,1,,,,,246,,,,,,,,,,,,,,,,,Y,N1,A2400008,4
2026-07-26 03:51:12,data_go_kr,충청남도,A2400011,재단법인아산사회복지재단보령아산병원,15,20260726034501,041-930-5333,,,,,,,,,,,,,,,,,,,1,,2,,,,,,,,,,,,,,Y,,,,,,Y,N1,,,N1,Y,N1,77,N1,3,N1,Y,,2,N1,17,,1,2,,,,,,,,,,,,8,,,,,2,,,,,1,1,,4,,,,,,,,221,,,,,,,,,,,,,,,,,Y,N1,A2400011,5
2026-07-26 03:51:12,data_go_kr,충청남도,A2400003,서산중앙병원,17,20260726034504,041-661-1195,,,,,,,,,,,,,,,,,,,1,,2,,,,,,,,,,,,,,Y,,,,,,Y,N1,,,Y,Y,N1,44,N1,7,N1,Y,,4,N1,17,,1,2,,,,,,,,,,,,17,,,,,4,,,,,1,1,,7,,,1,,,,,288,,,,,,,,,,,,,,,,,Y,N1,A2400003,6
2026-07-26 03:51:12,data_go_kr,충청남도,A2400006,충청남도서산의료원,15,20260726034602,041-689-7119,,,,,,,,,,,,,,,,,,,1,,2,0,,,,,2,,,,,5,,,Y,,,,,,Y,N1,,,N1,Y,N1,23,N1,0,N1,Y,,3,N1,17,,1,2,2,,,,,,,,,,,8,,4,,,3,,,5,,2,1,,10,,,,,,,,259,,,,,,,,,,,,,,,,,Y,N1,A2400006,7
2026-07-26 03:51:12,data_go_kr,충청남도,A2402257,아산충무병원,12,20260726034759,041-536-6519,,,1,7,,,,,,,,,,5,,,,,,,,,,,,1,,,,,,,Y,,Y,,,,Y,,Y,Y,,,Y,Y,Y,171,Y,10,N1,Y,,4,N1,13,,,,,,,,,,,,,,,22,2,,,,4,,,,1,2,2,3,27,,,4,2,1,,,456,1,7,,,,,,,,,5,,,,,,Y,N1,A2402257,8
2026-07-26 03:51:12,data_go_kr,충청남도,A2400012,의료법인영서의료재단천안충무병원,10,20260726034637,041-570-7519,,,,,,,,,,,,,,,,,,,1,,4,,,,,0,,,,,,,,,Y,0,,,Y,,Y,Y,,,Y,Y,Y,55,N1,1,N1,Y,,5,N1,16,,1,4,,,,,,,,7,,,,19,3,,,,5,,,,,2,2,3,26,,,3,3,,,,333,,,,,,,,,,,,,,,,,Y,N1,A2400012,9
2026-07-26 03:51:12,data_go_kr,충청남도,A2400007,충청남도홍성의료원,17,20260726034802,041-630-6119,,,,,,,,,,,,,,,,,,1,1,,2,2,,,,1,3,,,,3,1,Y,,Y,,,,N,,Y,N,,,Y,Y,N1,86,N1,5,N1,Y,,4,N,18,1,1,2,2,,,,,,,,,,,22,1,3,,,4,,49,1,1,2,2,1,10,,,1,,,,2,260,,,,,,,,,,,,,,,,,Y,N1,A2400007,10
2026-07-26 03:51:12,data_go_kr,충청남도,A2400010,충청남도공주의료원,14,20260726034802,041-962-1365,,,,,,,,,,,,,,,,,,,,,1,,,,,,,,,,,5,,,Y,,,,,,Y,N1,,,Y,Y,N1,58,N1,3,N1,Y,,6,N1,15,,,1,,,,,,,,,,,,16,,,,,6,,,6,,1,1,,9,,,2,,,,,273,,,,,,,,,,,,,,,,,Y,N1,A2400010,11
2026-07-26 03:51:12,data_go_kr,충청남도,A2400038,학교법인건양교육재단건양대학교부여병원,9,20260726034826,041-837-1201,,,,,,,,,,,,,,,,,,,,,1,,,,,,,,,,,,,,Y,,,,,,Y,N1,,,N1,Y,N1,22,N1,,N1,N1,,1,N1,9,,,1,,,,,,,,,,,,,,,,,1,,,,,1,,,1,,,,,,,,55,,,,,,,,,,,,,,,,,Y,N1,A2400038,12
2026-07-26 03:51:12,data_go_kr,충청남도,A2400044,의료법인 서해병원,5,20260726034643,041-950-0219,,,,,,,,,,,,,,,,,,,,,2,,,,,,,,,,,,,,Y,,,,,,Y,N1,,,N1,Y,N1,20,N1,,N1,N1,,,N1,5,,,2,,,,,,,,,,,,,,,,,,,,,,1,,,1,,,,,,,,79,,,,,,,,,,,,,,,,,Y,N1,A2400044,13
2026-07-26 03:51:12,data_go_kr,충청남도,A2400039,현대병원,9,20260726035001,041-546-7744,N,N,,,,,,,,,,,,,,,,,,,1,,,,,,,,,,,,N,N,Y,0,,,N,,Y,N,,,N,Y,N,7,N,2,N,Y,,3,N,10,,,1,,,,,,,,0,,,,7,,,,,3,,,,0,1,1,0,3,0,0,0,0,0,0,0,84,,,,,,,,,,,,,,,,,Y,N,A2400039,14
2026-07-26 03:51:12,data_go_kr,충청남도,A2400004,의료법인 예당의료재단 예산종합병원,6,20260726034949,041-330-4119,,,,,,,,,,,,,,,,,,,,,1,,,,,,,,,,,,,,Y,,,,,,Y,N1,,,N1,Y,N1,2,N1,4,N1,Y,,0,N1,6,,,1,,,,,,,,,,,,9,,,,,0,,,,,0,0,,0,,,,,,,,88,,,,,,,,,,,,,,,,,Y,N1,A2400004,15
2026-07-26 03:51:12,data_go_kr,충청남도,A2400005,충청남도천안의료원,12,20260726035001,041-570-7119,,,,,,,,,,,,,,,,6,,,,,1,,,,,,,,,,,,,,Y,,,,,,Y,N1,,,N1,Y,N1,63,N1,6,N1,Y,,4,N1,12,,,1,,,,,,,,,,,,15,,,,,4,,,,,1,1,,10,,,,,,,,241,,,,,,,,,,,,,6,,,,Y,N1,A2400005,16
2026-07-26 03:51:12,data_go_kr,충청남도,E2400032,청양군보건의료원,6,20260726035000,041-940-4951,,,,,,,,,,,,,,,,,,,,,1,,,,,,,,,,,,,,Y,,,,,,Y,N1,,,N1,Y,N1,12,N1,,N1,N1,,1,N1,6,,,1,,,,,,,,,,,,,,,,,1,,,,,1,,,1,,,,,,,,12,,,,,,,,,,,,,,,,,Y,N1,E2400032,17
2026-07-26 03:51:12,data_go_kr,충청남도,E2400033,태안군보건의료원,10,20260726035001,041-671-5319,,,,,,,,,,,,,,,,,,,,,1,,,,,,,,,,,,,,Y,,,,,,Y,N1,,,N1,Y,N1,22,N1,,N1,N1,,,N1,10,,,1,,,,,,,,,,,,,,,,,,,,,,1,,,1,,,,,,,,34,,,,,,,,,,,,,,,,,Y,N1,E2400033,18
2026-07-26 03:51:12,data_go_kr,전북특별자치도,A2500001,원광대학교병원,12,20260726035017,063-859-1165,Y,Y,2,3,,,,2,,1,,,,,,,,3,,5,,7,,,5,1,16,,16,2,4,1,Y,,Y,,2,6,Y,7,Y,Y,,,Y,Y,Y,181,Y,4,Y,Y,2,15,Y,26,3,,,18,8,15,15,,,,,20,8,,15,7,31,,40,15,2,30,2,1,5,4,5,11,12,20,8,4,1,,2,543,2,3,,,,2,,,,,,,,,2,6,Y,Y,A2500001,1
2026-07-26 03:51:12,data_go_kr,전북특별자치도,A2500002,전북대학교병원,21,20260726034759,063-250-1131,Y,Y,2,5,,,2,1,,2,,,,,,,,3,,3,,4,5,,6,1,9,,,,3,15,Y,,Y,5,,,Y,,Y,Y,,,Y,Y,Y,334,Y,,Y,Y,23,21,N1,36,5,,,17,10,8,25,10,,,18,,11,,,2,30,,,21,,23,15,3,1,2,5,11,15,22,4,2,1,,,834,2,5,,,2,1,,,,,,,,,,,Y,Y,A2500002,2
2026-07-26 03:51:12,data_go_kr,전북특별자치도,A2500007,전북특별자치도군산의료원,5,20260726034901,063-472-5130,,Y,,,,,,,,,,,,,,,,,1,,2,1,,,,2,3,,,,,,Y,,Y,,,,,,Y,N1,,,N1,Y,N1,94,N1,9,Y,Y,,6,N1,17,,1,2,2,,,,,,,,,,,18,2,3,,,6,,,,1,1,1,,18,,2,,,,,,289,,,,,,,,,,,,,,,,,Y,N1,A2500007,3
2026-07-26 03:51:12,data_go_kr,전북특별자치도,A2500012,의료법인오성의료재단동군산병원,15,20260726035020,063-440-0516,,,,,,,,,,,,,,,,0,,,1,,5,0,,,,,1,,,,,,,,Y,,,,Y,,Y,Y,,,Y,Y,N1,27,N1,8,N1,Y,,6,N1,17,,1,5,2,,,,,,,,,,,24,,3,,,6,,,,,2,2,2,13,,,2,,,,,262,,,,,,,,,,,,,0,,,,Y,N1,A2500012,4
2026-07-26 03:51:12,data_go_kr,전북특별자치도,A2500004,전북특별자치도남원의료원,15,20260726035001,063-620-1119,,Y,,,,,,,,,,,,,,,,,1,,2,,,,,1,,,,,,,Y,,Y,,,,,,Y,N1,,,N1,Y,N1,38,N1,4,Y,Y,,3,N1,17,,1,2,,,,,,,,,,,,9,1,,,,3,,,,3,2,1,,10,,1,,,,,,190,,,,,,,,,,,,,,,,,Y,N1,A2500004,5
2026-07-26 03:51:12,data_go_kr,전북특별자치도,A2500011,의료법인대산의료재단익산병원,13,20260726035003,063-840-9112,,,,,,,,,,,,,,,,,,,1,,2,,,,,0,,,,,,,,,Y,,,,Y,,Y,Y,,,N1,Y,N1,60,N1,8,N1,Y,,5,N1,17,,1,2,,,,,,,,,,,,17,1,,,,5,,,,,2,2,1,7,,,,,,,,333,,,,,,,,,,,,,,,,,Y,N1,A2500011,6
2026-07-26 03:51:12,data_go_kr,전북특별자치도,A2500056,대자인병원,28,20260726034807,063-250-8701,,,,,,,,,,,,,,,,,,,1,8,2,,,,,0,,,,,,,,Y,Y,,,,Y,,Y,Y,,,Y,Y,Y,33,N1,0,N1,Y,,15,Y,33,,1,2,,,36,,,,,,,,,15,4,,,,15,,,,,4,3,2,12,,,4,2,,1,1,45,,,,,,,,,,,,,,,,,Y,N1,A2500056,7
2026-07-26 03:51:12,data_go_kr,전북특별자치도,A2500006,재단법인예수병원유지재단예수병원,20,20260726034809,063-230-8280,Y,Y,,,1,1,,,,,,,,,,,,4,1,,2,,,2,,4,,5,,,,1,Y,,Y,0,,,Y,,Y,Y,,,Y,Y,Y,169,N1,8,Y,Y,3,13,Y,38,10,1,2,,,,12,,2,,14,,,,23,4,,6,,14,,,5,4,4,3,4,40,6,11,7,2,,,2,685,,,1,1,,,,,,,,,,,,,Y,Y,A2500006,8
2026-07-26 03:51:12,data_go_kr,전북특별자치도,A2500005,의료법인영경의료재단전주병원,11,20260726034822,063-226-6119,,,,,,,,,,,,,,,,,,,1,,2,,,,,,,,,,,,,,Y,,,,,,Y,N1,,,Y,Y,N1,47,N1,3,N1,Y,,5,N1,17,,1,2,,,,,,,,,,,,9,,,,,5,,,,,1,2,,6,,,1,,,,,275,,,,,,,,,,,,,,,,,Y,N1,A2500005,9
2026-07-26 03:51:12,data_go_kr,전북특별자치도,A2500008,재단법인 아산사회복지재단 정읍아산병원,17,20260726034500,063-530-6129,,,,,,,,,,,,,,,,,,,1,,2,,,,,,,,,,,,,,Y,,,,,,Y,N1,,,N1,Y,N1,77,N1,1,N1,Y,,3,N1,17,,1,2,,,,,,,,,,,,11,,,,,3,,,,,1,1,,5,,,,,,,,276,,,,,,,,,,,,,,,,,Y,N1,A2500008,10
2026-07-26 03:51:12,data_go_kr,전북특별자치도,A2500009,의료법인석천재단고창병원,10,20260726034737,063-560-5558,,,,,,,,,,,,,,,,,,,,,1,,,,,,,,,,,,,,Y,,,,,,Y,N1,,,N1,Y,N1,0,N1,,N1,Y,,2,N1,10,,,1,,,,,,,,,,,,,,,,,2,,,,,1,1,,4,,,,,,,,258,,,,,,,,,,,,,,,,,Y,N1,A2500009,11
2026-07-26 03:51:12,data_go_kr,전북특별자치도,A2500038,김제우석병원,10,20260726034626,063-540-5119,,,,,,,,,,,,,,,,,,,,,1,,,,,,,,,,,,,,Y,,,,,,Y,N1,,,N1,Y,N1,73,N1,,N1,Y,,2,N1,10,,,1,,,,,,,,,,,,,,,,,2,,,,,1,1,,1,,,,,,,,200,,,,,,,,,,,,,,,,,Y,N1,A2500038,12
2026-07-26 03:51:12,data_go_kr,전북특별자치도,E2500019,무주군보건의료원,3,20260726035001,063-320-8315,,,,,,,,,,,,,,,,,,,,,1,,,,,,,,,,,,,,Y,,,,,,Y,N1,,,N1,Y,N1,24,N1,,N1,N1,,,N1,4,,,1,,,,,,,,,,,,,,,,,,,,,,1,,,1,,,,,,,,24,,,,,,,,,,,,,,,,,Y,N1,E2500019,13
2026-07-26 03:51:12,data_go_kr,전북특별자치도,A2500010,부안성모병원,10,20260726034210,063-580-8119,,,,,,,,,,,,,,,,,,,,,2,,,,,,,,,,,,,,Y,,,,,,Y,N1,,,N1,Y,N1,14,N1,9,N1,Y,,3,N1,10,,,2,,,,,,,,,,,,9,,,,,3,,,,,1,1,,2,,,,,,,,240,,,,,,,,,,,,,,,,,Y,N1,A2500010,14
2026-07-26 03:51:12,data_go_kr,전북특별자치도,E2500021,순창군보건의료원,9,20260726035001,063-650-5352,,,,,,,,,,,,,,,,,,,,,1,,,,,,,,,,,,,,Y,,,,,,Y,N1,,,N1,Y,N1,30,N1,,N1,N1,,,N1,9,,,1,,,,,,,,,,,,,,,,,,,,,,1,,,1,,,,,,,,30,,,,,,,,,,,,,,,,,Y,N1,E2500021,15
2026-07-26 03:51:12,data_go_kr,전북특별자치도,E2500022,임실군보건의료원,4,20260726035001,063-640-3119,,,,,,,,,,,,,,,,,,,,,1,,,,,,,,,,,,,,Y,,,,,,Y,N1,,,N1,Y,N1,,N1,,N1,N1,,,N1,4,,,1,,,,,,,,,,,,,,,,,,,,,,1,,,1,,,,,,,,,,,,,,,,,,,,,,,,,Y,N1,E2500022,16
2026-07-26 03:51:12,data_go_kr,전북특별자치도,E2500020,장수군보건의료원,5,20260726035001,063-350-2119,,,,,,,,,,,,,,,,,,,,,1,,,,,,,,,,,,,,,,,,,,Y,N1,,,N1,N1,N1,20,N1,,N1,N1,,,N1,5,,,1,,,,,,,,,,,,,,,,,,,,,,,,,1,,,,,,,,22,,,,,,,,,,,,,,,,,Y,N1,E2500020,17
2026-07-26 03:51:12,data_go_kr,전북특별자치도,A2501890,의료법인영경의료재단호성전주병원,7,20260726034950,063-240-8862,,,,,,,,,,,,,,,,,,,,,1,,,,,,,,,,,,,,Y,,,,,,Y,N1,,,N1,Y,N1,5,N1,,N1,Y,,2,N1,9,,,1,,,,,,,,,,,,,,,,,2,,,,,1,1,,1,,,,,,,,122,,,,,,,,,,,,,,,,,Y,N1,A2501890,18
2026-07-26 03:51:12,data_go_kr,전북특별자치도,A2502742,새강병원,13,20260726034934,063-289-9119,,,0,0,,0,0,,,0,,,,,,,,3,1,0,2,0,,,,3,,0,,0,,0,,,Y,,,,,,Y,N1,,,N1,Y,N1,86,N1,16,N1,Y,,5,N1,14,3,1,2,0,0,0,,,,,,,,,16,3,,0,,5,0,,0,,1,1,,1,,,,,,,,201,0,0,,0,0,,,,,,,,,,,,Y,N1,A2502742,19
2026-07-26 03:51:12,data_go_kr,전북특별자치도,A2502031,진안군의료원,5,20260726035002,063-430-7119,,,,,,,,,,,,,,,,,,,,,2,,,,,,,,,,,,,,Y,,,,,,Y,N1,,,N1,Y,N1,32,N1,,N1,Y,,2,N1,6,,,2,,,,,,,,,,,,,,,,,2,,,,,1,1,,3,,,,,,,,74,,,,,,,,,,,,,,,,,Y,N1,A2502031,20
2026-07-26 03:51:12,data_go_kr,경상북도,A2700007,차의과학대학교부속구미차병원,15,20260726035005,054-450-9998,Y,Y,,,,,0,,,,,,,,,,,4,3,,3,0,,,,,8,,,,,,Y,Y,Y,,,,Y,,Y,Y,,,Y,Y,Y,73,Y,0,Y,Y,0,8,N1,20,5,3,3,25,,,8,,,,,,,,18,,30,,,8,,,,3,3,2,2,21,3,13,2,1,2,1,,301,,,,,3,,,,,,,,,,,,Y,Y,A2700007,1
2026-07-26 03:51:12,data_go_kr,경상북도,A2700014,의료법인안동병원,11,20260726034800,054-840-0119,Y,Y,2,3,,,1,,,3,,,,,,,,2,,,,3,,,,0,10,,5,2,0,4,Y,Y,Y,,2,6,Y,0,Y,Y,,,Y,Y,Y,138,Y,1,Y,Y,10,11,Y,15,3,,,19,20,,10,,,,,20,,,13,3,30,,40,11,2,34,6,3,6,3,5,67,3,12,14,4,13,1,1,775,2,3,,,1,,,,,,,,,,2,6,Y,Y,A2700014,2
2026-07-26 03:51:12,data_go_kr,경상북도,A2700016,포항성모병원,9,20260726034818,054-260-8600,Y,Y,2,3,,,,3,6,,,,,,,,,11,,,,4,,,,1,2,,,,,1,Y,Y,Y,,,,Y,,Y,Y,,,Y,Y,Y,83,Y,7,Y,Y,,9,Y,20,11,,,15,,,,,,,,,,,16,1,17,,,9,,,1,1,3,2,2,25,1,6,4,1,2,1,3,468,2,3,,,,5,13,,,,,,,,,,Y,Y,A2700016,3
2026-07-26 03:51:12,data_go_kr,경상북도,A2700003,동국대학교의과대학경주병원,14,20260726035024,054-770-8306,Y,Y,,,,,,,,1,,,,,,,,0,2,3,5,,,,,3,,,,,11,1,Y,,Y,,,,Y,,Y,Y,,,Y,Y,N1,94,N1,0,Y,Y,,6,N1,16,3,2,5,,11,17,,,,,,,,,7,4,,,,7,,20,3,1,2,2,2,26,2,6,3,,,,,279,,,,,,,,,,,,,,,,,Y,Y,A2700003,4
2026-07-26 03:51:12,data_go_kr,경상북도,A2700013,순천향대학교부속구미병원,8,20260726034620,054-468-9119,,Y,,,,,,,,,,,,,,,,4,1,,2,0,,,,2,0,,,,,1,Y,,Y,,,,Y,,Y,Y,,,Y,Y,N1,51,N1,3,Y,Y,,6,N1,13,4,1,2,2,,,,,,,,,,,31,2,3,,,6,,,1,1,2,2,2,20,,1,2,,,,,263,,,,,,,,,,,,,,,,,Y,N1,A2700013,5
2026-07-26 03:51:12,data_go_kr,경상북도,A2700012,의료법인덕산의료재단김천제일병원,16,20260726034530,054-420-9500,,,,,,,,,,,,,,,,,,,1,,3,0,,,,,3,,,,,,Y,,Y,,,,Y,,Y,Y,,,Y,Y,N1,79,N1,7,N1,Y,,4,Y,16,,1,3,2,,,,,,,,,,,16,,3,,,4,,,,3,1,1,1,10,,,1,,,,1,276,,,,,,,,,,,,,,,,,Y,N1,A2700012,6
2026-07-26 03:51:12,data_go_kr,경상북도,A2700006,의료법인동춘의료재단문경제일병원,15,20260726034000,054-550-7777,,,,,,,,,,,,,,,,,,,1,,1,2,,,,1,3,,,,60,3,,,Y,,,,,,Y,N1,,,N1,Y,N1,59,N1,12,N1,Y,,3,N1,17,,1,2,2,,,,,,,,,,,29,1,3,,,3,,162,4,,2,1,,8,,,,,,,,306,,,,,,,,,,,,,,,,,Y,N1,A2700006,7
2026-07-26 03:51:12,data_go_kr,경상북도,A2700004,안동성소병원,10,20260726035016,054-850-8282,,Y,,,,,,,,,,,,,,,5,,1,,2,0,,,,3,1,,,,23,0,Y,,Y,,,,Y,,Y,Y,,,Y,Y,N1,146,N1,10,Y,Y,,6,N1,12,,1,2,2,,,,,,,,,,,16,3,3,,,6,,186,2,1,2,2,2,21,,4,1,,,,,393,,,,,,,,,,,,,,5,,,Y,N1,A2700004,8
2026-07-26 03:51:12,data_go_kr,경상북도,A2700002,포항세명기독병원,13,20260726034210,054-289-1711,,,,,,,,,,,,,,,,,6,,1,,3,0,,,,0,2,,,,,3,,,Y,,,,Y,,Y,Y,,,Y,Y,Y,154,Y,6,N1,Y,,14,Y,15,,1,3,2,,,,,,,,,,,52,1,3,,,14,,,6,,6,5,4,25,,,5,1,1,,1,662,,,,,,,,,,,,,,6,,,Y,N1,A2700002,9
2026-07-26 03:51:12,data_go_kr,경상북도,A2700019,의)근원의료재단경산중앙병원,9,20260726035000,053-715-0119,,,,,,,,,,,,,,,,,,,,,2,,,,,1,,,,,44,,,,Y,,,,,,Y,N1,,,N1,Y,N1,59,N1,4,N1,Y,,4,N1,10,,,2,,,,,,,,,,,,11,2,,,,4,,116,,,1,1,,9,,,,,,,,301,,,,,,,,,,,,,,,,,Y,N1,A2700019,10
2026-07-26 03:51:12,data_go_kr,경상북도,A2700036,의료법인서명의료재단세명종합병원,12,20260726034703,053-819-8500,,,,,,,,,,,,,,,,,,,,,2,,,,,,,,,,2,,,,Y,,,,,,Y,N1,,,N1,Y,N1,19,N1,2,N1,Y,,4,N1,13,,,2,,,,,,,,,,,,14,,,,,4,,22,,,1,1,,6,,,,,,,,264,,,,,,,,,,,,,,,,,Y,N1,A2700036,11
2026-07-26 03:51:12,data_go_kr,경상북도,A2700097,계명대학교경주동산병원,8,20260726034905,054-770-9420,,,,,,,,,,,,,,,,,,,,,1,,,,,,,,,,,,,,Y,,,,,,Y,N1,,,N1,Y,N1,34,N1,,N1,Y,,2,N1,9,,,1,,,,,,,,,,,,,,,,,2,,,,,1,1,,1,,,,,,,,88,,,,,,,,,,,,,,,,,Y,N1,A2700097,12
2026-07-26 03:51:12,data_go_kr,경상북도,A2700070,의료법인영암의료재단고령영생병원,5,20260726034954,070-4700-0728,,,,,,,,,,,,,,,,,,,,,1,,,,,,,,,,,,,,Y,,,,,,Y,N1,,,N1,Y,N1,35,N1,,N1,N1,,1,N1,5,,,1,,,,,,,,,,,,,,,,,1,,,,,1,,,1,,,,,,,,59,,,,,,,,,,,,,,,,,Y,N1,A2700070,13
2026-07-26 03:51:12,data_go_kr,경상북도,A2700015,구미강동병원,7,20260726035006,054-478-9521,,,,,,,,,,,,,,,,9,,,1,,2,,,,,,,,,,,,,,Y,,,,Y,,Y,Y,,,N1,Y,N1,44,N1,5,N1,Y,,5,N1,7,,1,2,,,,,,,,,,,,12,,,,,5,,,,,1,1,1,3,,,,,,,,191,,,,,,,,,,,,,9,,,,Y,N1,A2700015,14
2026-07-26 03:51:12,data_go_kr,경상북도,A2700018,경상북도김천의료원,16,20260726035001,054-429-8234,,,,,,,,,,,,,,,,,,,1,,,,,,,0,,,,,,,,,Y,,,,,,Y,N1,,,N1,Y,N1,-2,N1,7,N1,Y,,5,N1,17,,1,,,,,,,,,,,,,22,3,,,,5,,,,,1,2,,7,,,,,,,,274,,,,,,,,,,,,,,,,,Y,N1,A2700018,15
2026-07-26 03:51:12,data_go_kr,경상북도,A2700009,의료법인삼백의료재단상주성모병원,9,20260726035002,054-530-7811,,,,,,,,,,,,,,,,,,,,,1,,,,,,,,,,,,,,Y,,,,,,Y,N1,,,N1,Y,N1,41,N1,6,N1,Y,,3,N1,9,,,1,,,,,,,,,,,,10,,,,,3,,,,,1,1,,1,,,,,,,,172,,,,,,,,,,,,,,,,,Y,N1,A2700009,16
2026-07-26 03:51:12,data_go_kr,경상북도,A2700011,상주적십자병원,9,20260726034556,054-530-3171,,Y,,,,,,,,,,,,,,,,,1,,,,,,,,,,,,,,Y,,Y,,,,,,Y,N1,,,Y,Y,N1,58,N1,6,Y,Y,,3,N1,9,,1,,,,,,,,,,,,,10,,,,,3,,,,1,1,1,,7,,2,1,,,,,164,,,,,,,,,,,,,,,,,Y,N1,A2700011,17
2026-07-26 03:51:12,data_go_kr,경상북도,A2700001,경상북도안동의료원,6,20260726035002,054-850-6100,,,,,,,,,,,,,,,,,,,,,2,,,,,,,,,,,,,,Y,,,,,,Y,N1,,,N1,Y,N1,112,N1,2,N1,Y,,5,N1,6,,,2,,,,,,,,,,,,10,,,,,5,,,,,1,1,,8,,,,,,,,238,,,,,,,,,,,,,,,,,Y,N1,A2700001,18
2026-07-26 03:51:12,data_go_kr,경상북도,A2700031,영주기독병원,4,20260726034744,054-635-3050,,Y,,,,,,,,,,,,,,,,,,,1,,,,,,,,,,,,Y,,Y,,,,,,Y,N1,,,N1,Y,N1,7,N1,,Y,N1,,1,N1,4,,,1,,,,,,,,,,,,,,,,,1,,,,1,1,,,1,,2,,,,,,70,,,,,,,,,,,,,,,,,Y,N1,A2700031,19
2026-07-26 03:51:12,data_go_kr,경상북도,A2700020,영주자인병원,4,20260726034953,070-7335-5229,,,,,,,,,,,,,,,,,,,,,1,,,,,,,,,,,,,,Y,,,,,,Y,N1,,,N1,Y,N1,30,N1,,N1,Y,,,N1,4,,,1,,,,,,,,,,,,,,,,,2,,,,,1,1,,,,,,,,,,133,,,,,,,,,,,,,,,,,N1,N1,A2700020,20
2026-07-26 03:51:12,data_go_kr,경상북도,A2702752,영주적십자병원,8,20260726034933,054-630-0112,,,,,,,,,,,,,,,,,,,1,,,,,,,,,,,,,,,,Y,,,,,,Y,N1,,,Y,Y,N1,56,N1,1,N1,Y,,3,N1,10,,1,,,,,,,,,,,,,10,,,,,3,,,,,1,1,,4,,,1,,,,,140,,,,,,,,,,,,,,,,,Y,N1,A2702752,21
2026-07-26 03:51:12,data_go_kr,경상북도,A2700017,영남대학교의과대학부속영천병원,9,20260726034758,054-330-7575,,,,,,,,,,,,,,,,,,,1,,2,,,,,,,,,,,,,,Y,,,,,,Y,N1,,,N1,Y,N1,46,N1,3,N1,Y,,4,N1,10,,1,2,,,,,,,,,,,,10,,,,,4,,,,,1,1,,1,,,,,,,,190,,,,,,,,,,,,,,,,,Y,N1,A2700017,22
2026-07-26 03:51:12,data_go_kr,경상북도,A2700023,의료법인서준의료재단예천권병원,6,20260726034523,054-650-2119,,Y,,,,,,,,,,,,,,,,,1,,0,,,,,,,,,,,0,Y,,Y,,,,,,Y,N1,,,N1,Y,N1,74,N1,,Y,Y,,2,N1,6,,1,0,,,,,,,,,,,,,,,,,2,,,0,1,1,1,,3,,2,,,,,,173,,,,,,,,,,,,,,,,,Y,N1,A2700023,23
2026-07-26 03:51:12,data_go_kr,경상북도,E2700553,울릉군보건의료원,4,20260726035001,054-790-6911,,,,,,,,,,,,,,,,,,,,,,,,,,,,,,,,,,,Y,,,,,,Y,N1,,,N1,Y,N1,24,N1,,N1,N1,,1,N1,5,,,,,,,,,,,,,,,,,,,,1,,,,,1,,,1,,,,,,,,27,,,,,,,,,,,,,,,,,Y,N1,E2700553,24
2026-07-26 03:51:12,data_go_kr,경상북도,A2700052,울진군의료원,6,20260726034602,054-785-7119,,,,,,,,,,,,,,,,,,,2,,,,,,,,,,,,,2,,,Y,,,,,,Y,N1,,,N1,Y,N1,22,N1,,N1,Y,,3,N1,8,,2,,,,,,,,,,,,,,,,,,3,,,2,,1,1,,1,,,,,,,,97,,,,,,,,,,,,,,,,,Y,N1,A2700052,25
2026-07-26 03:51:12,data_go_kr,경상북도,A2700063,의료법인영제의료재단영남제일병원,4,20260726034319,054-861-9111,,,,,,,,,,,,,,,,,,,,,1,,,,,,,,,,,,,,Y,,,,,,Y,N1,,,N1,Y,N1,27,N1,,N1,N1,,1,N1,,,,,,,,,,,,,,,,,,,,,,,,,,,,,,,,,,,,,,,,,,,,,,,,,,,,,,Y,N1,A2700063,26
2026-07-26 03:51:12,data_go_kr,경상북도,A2700038,의료법인대남의료재단청도대남병원,9,20260726034736,054-370-5112,,,,,,,,,,,,,,,,,,,,,,,,,,,,,,,,,,,Y,,,,,,Y,N1,,,N1,Y,N1,83,N1,,N1,Y,,1,N1,10,,,,,,,,,,,,,,,,,,,,1,,,,,1,1,,1,,,,,,,,115,,,,,,,,,,,,,,,,,Y,N1,A2700038,27
2026-07-26 03:51:12,data_go_kr,경상북도,E2700554,청송군보건의료원,5,20260726035000,054-870-7119,,,,,,,,,,,,,,,,,,,,,1,,,,,,,,,,,,,,,,,,,,Y,N1,,,N1,N1,N1,57,N1,,N1,N1,,,N1,5,,,1,,,,,,,,,,,,,,,,,,,,,,,,,1,,,,,,,,45,,,,,,,,,,,,,,,,,Y,N1,E2700554,28
2026-07-26 03:51:12,data_go_kr,경상북도,A2700008,에스포항병원,6,20260726034835,054-289-9120,Y,,,,,,,,,,,,,,,,,,,,1,,,,,1,,,,,,,,,Y,,,,Y,,Y,Y,,,Y,Y,N1,83,N1,3,N1,Y,,4,N1,6,,,1,,,,,,,,,,,,14,1,,,,4,,,,,2,2,3,9,9,,1,,,,,239,,,,,,,,,,,,,,,,,Y,Y,A2700008,29
2026-07-26 03:51:12,data_go_kr,경상북도,A2702563,의료법인은성의료재단좋은선린병원,10,20260726035020,054-245-5200,,,,,,,,,,,,,,,,2,,,,,2,,,,,1,,,,,,,,,Y,,,,N,,Y,N,,,N1,Y,N1,77,N1,1,N1,Y,,4,N,10,,,2,,,,,,,,,,,,17,1,,,,4,,,,,1,1,2,7,,,,,,,14,281,,,,,,,,,,,,,2,,,,N,N1,A2702563,30
2026-07-26 03:51:12,data_go_kr,경상북도,A2700005,경상북도포항의료원,7,20260726035002,054-245-0129,,,,,,,,,,,,,,,,,,,1,,1,,,,,1,,,,,7,7,,,Y,,,,,,Y,N1,,,N1,Y,N1,26,N1,4,N1,Y,,3,N1,8,,1,1,,,,,,,,,,,,19,1,,,,3,,56,7,,1,1,,4,,,,,,,,179,,,,,,,,,,,,,,,,,Y,N1,A2700005,31
2026-07-26 03:51:12,data_go_kr,경상남도,A2800011,양산부산대학교병원,12,20260726034827,055-360-1463,Y,Y,2,2,1,1,0,0,,4,,0,0,,4,,,7,,7,1,3,6,2,,0,14,6,,,4,4,Y,,Y,1,,,Y,,Y,Y,,5,Y,Y,Y,294,Y,,Y,Y,19,25,N1,23,8,,1,16,16,11,38,11,2,,9,,,10,,0,30,6,,25,,33,4,4,6,5,6,92,24,23,19,12,2,,,766,2,3,1,1,2,2,,,0,0,,4,,,,,Y,Y,A2800011,1
2026-07-26 03:51:12,data_go_kr,경상남도,A2800001,경상국립대학교병원,16,20260726034800,055-750-8282,Y,Y,,,,,,3,,2,,,,,,,,3,2,4,3,5,,,0,0,12,,26,2,7,5,Y,,Y,,2,6,Y,13,Y,Y,,,Y,Y,Y,244,Y,,Y,Y,6,15,N1,28,3,2,3,14,8,9,15,,,,,20,6,,,3,30,,40,15,2,23,7,7,3,3,5,16,9,20,6,4,17,,,655,,,,,,6,,,,,,,,,2,6,Y,Y,A2800001,2
2026-07-26 03:51:12,data_go_kr,경상남도,A2800020,학교법인성균관대학삼성창원병원,20,20260726034955,055-233-8899,Y,Y,,,,,,1,,2,,,,,,,,8,2,5,3,7,,,,0,21,,,,,3,Y,,Y,,,,Y,,Y,Y,,,Y,Y,Y,269,Y,,Y,Y,17,16,N1,27,8,2,3,19,15,20,24,,,,,,,,,3,30,,,16,,,5,7,4,3,4,45,8,20,5,3,3,,,645,,,,,,1,,,,,,,,,,,Y,Y,A2800020,3
2026-07-26 03:51:12,data_go_kr,경상남도,A2800010,의료법인환명의료재단 조은금강병원,13,20260726034826,055-330-0200,,,,,,,,,,,,,,,,,,,1,,2,,,,,1,,,,,5,,,,Y,,,,Y,,Y,Y,,,N1,Y,N1,73,N1,11,N1,Y,,4,Y,17,,1,2,,,,,,,,,,,,23,1,,,,4,,96,,,1,2,1,7,,,,,,,2,305,,,,,,,,,,,,,,,,,Y,N1,A2800010,4
2026-07-26 03:51:12,data_go_kr,경상남도,A2800006,의료법인숭인의료재단 김해복음병원,16,20260726034824,055-330-8844,,,,,,,,,,,,,,,,,,,1,,2,,,,,1,,,,,,,,,Y,,,,Y,,Y,Y,,,Y,Y,N1,26,N1,1,N1,Y,,5,N1,16,,1,3,,,,,,,,,,,,18,1,,,,5,,,,,2,3,1,3,,,3,,,,,359,,,,,,,,,,,,,,,,,Y,N1,A2800006,5
2026-07-26 03:51:12,data_go_kr,경상남도,A2800043,한일병원,15,20260726034615,055-750-1333,,,,,,,,,,,,,,,,,,,1,,2,0,,,,0,1,,,,,,,,Y,,,,Y,,Y,Y,,,Y,Y,N1,19,N1,1,N1,Y,,4,Y,17,,1,2,2,,,,,,,,,,,13,1,3,,,4,,,,,2,2,1,6,,,1,,,,1,282,,,,,,,,,,,,,,,,,Y,N1,A2800043,6
2026-07-26 03:51:12,data_go_kr,경상남도,A2800003,제일병원,13,20260726034916,055-750-7119,,,,,,,,,,,,,,,,,,,1,,2,,,,,,,,,,,,,Y,Y,,,,Y,,Y,Y,,,N1,Y,N1,58,N1,6,N1,Y,,4,Y,17,,1,2,,,,,,,,,,,,9,,,,,7,,,,,2,2,1,4,,,,,,1,1,258,,,,,,,,,,,,,,,,,Y,N1,A2800003,7
2026-07-26 03:51:12,data_go_kr,경상남도,A2800017,의료법인합포의료재단에스엠지연세병원,13,20260726035009,055-240-7777,,,,,,,,,,,,,,,,,,,1,,2,,,,,1,,,,,,,,,Y,,,,Y,,Y,Y,,,Y,Y,N1,42,N1,5,N1,Y,,4,N1,17,,1,2,,,,,,,,,,,,12,1,,,,4,,,,,1,2,1,7,,,1,,,,,286,,,,,,,,,,,,,,,,,Y,N1,A2800017,8
2026-07-26 03:51:12,data_go_kr,경상남도,A2803505,창원경상국립대학교병원,17,20260726034801,055-214-1339,Y,Y,,,,,,,,,,,,5,0,,,,1,,2,,,,,2,,,,,8,6,Y,,Y,,,,Y,,Y,Y,,,Y,Y,Y,203,Y,14,Y,Y,5,12,N1,18,,1,2,,,,17,,,,,,,,34,2,,,,13,,22,6,9,3,2,5,52,9,22,6,7,14,,,437,,,,,,,,,,,5,0,,,,,Y,Y,A2803505,9
2026-07-26 03:51:12,data_go_kr,경상남도,A2800007,창원한마음병원,8,20260726034810,055-225-0350,Y,Y,,,,,,,,-1,,,,,,,,,1,1,3,,,,,1,,,,,,0,Y,,Y,,,,Y,,Y,Y,,,Y,Y,Y,82,Y,,Y,Y,10,13,Y,21,,1,3,,25,37,10,,,,,,,,,1,,,,13,,,6,2,4,4,4,29,3,11,6,1,2,,2,688,,,,,,,,,,,,,,,,,Y,Y,A2800007,10
2026-07-26 03:51:12,data_go_kr,경상남도,A2800004,창원파티마병원,6,20260726034606,055-270-1119,Y,Y,,,,,,,,4,,,,,,,,,1,6,2,0,,,,0,2,,,,,5,Y,Y,Y,,,,Y,,Y,Y,,,Y,Y,N1,119,Y,,Y,Y,2,7,N1,17,,1,2,2,12,13,2,,,,,,,,,2,3,,,7,,,6,2,4,3,3,16,3,6,3,,4,1,,444,,,,,,,,,,,,,,,,,Y,Y,A2800004,11
2026-07-26 03:51:12,data_go_kr,경상남도,A2800008,의료법인 거붕 백병원,9,20260726035006,055-733-0180,,,,,,,,,,,,,,,,,,,,,1,,,,,,,,,,,,,,Y,,,,,,Y,N1,,,N1,Y,N1,56,N1,9,N1,Y,,4,N1,9,,,1,,,,,,,,,,,,20,,,,,4,,,,,2,2,,12,,,,,,,,365,,,,,,,,,,,,,,,,,Y,N1,A2800008,12
2026-07-26 03:51:12,data_go_kr,경상남도,A2800005,의료법인 대우의료재단대우병원,8,20260726034929,055-680-8119,,,,,,,,,,,,,,,,,,,,,1,,,,,,,,,,,,,,Y,,,,,,Y,N1,,,N1,Y,N1,43,N1,4,N1,Y,,4,N1,9,,,1,,,,,,,,,,,,10,,,,,4,,,,,2,1,,5,,,,,,,,231,,,,,,,,,,,,,,,,,Y,N1,A2800005,13
2026-07-26 03:51:12,data_go_kr,경상남도,A2800022,의료법인 성념의료재단맑은샘병원,9,20260726034101,055-736-0119,,,,,,,,,,,,,,,,,,,,,1,,,,,,,,,,,,,,Y,,,,,,Y,N1,,,N1,Y,N1,17,N1,,N1,Y,,2,N1,9,,,1,,,,,,,,,,,,,,,,,2,,,,,1,1,,4,,,,,,,,200,,,,,,,,,,,,,,,,,Y,N1,A2800022,14
2026-07-26 03:51:12,data_go_kr,경상남도,A2800076,거창적십자병원,9,20260726034823,055-949-3359,,Y,,,,,,,,,,,,,,,,,,,1,,,,,,,,,,,,Y,,Y,,,,,,Y,N1,,,N1,Y,N1,35,N1,,Y,Y,,2,N1,9,,,1,,,,,,,,,,,,,,,,,2,,,,1,1,1,,2,,2,,,,,,91,,,,,,,,,,,,,,,,,Y,N1,A2800076,15
2026-07-26 03:51:12,data_go_kr,경상남도,A2800032,강병원,9,20260726034713,055-673-4848,,,,,,,,,,,,,,,,,,,,,1,,,,,,,,,,,,,,Y,,,,,,Y,N1,,,N1,Y,N1,17,N1,,N1,Y,,1,N1,9,,,1,,,,,,,,,,,,,,,,,1,,,,,1,1,,1,,,,,,,,99,,,,,,,,,,,,,,,,,Y,N1,A2800032,16
2026-07-26 03:51:12,data_go_kr,경상남도,A2803677,강일병원,8,20260726034606,055-822-0119,,,,,,,,,,,,,,,,,,,1,,2,,,,,,,,,,,,,,Y,,,,Y,,Y,Y,,,N1,Y,N1,124,N1,13,N1,Y,,5,N1,8,,1,2,,,,,,,,,,,,15,,,,,5,,,,,1,2,1,1,,,,,,,,275,,,,,,,,,,,,,,,,,Y,N1,A2803677,17
2026-07-26 03:51:12,data_go_kr,경상남도,A2800014,의료법인갑을의료재단 갑을장유병원,8,20260726034804,055-310-6119,,,,,,,,,,,,,,,,,,,1,,,,,,,,,,,,,,,,Y,,,,,,Y,N1,,,N1,Y,N1,39,N1,,N1,Y,,4,N1,9,,1,,,,,,,,,,,,,,,,,,4,,,,,1,1,,1,,,,,,,,210,,,,,,,,,,,,,,,,,Y,N1,A2800014,18
2026-07-26 03:51:12,data_go_kr,경상남도,A2800094,의료법인 이도의료재단 남해병원,7,20260726010941,055-860-6630,N,N,,,,,,,,,,,,,,,,,1,,1,,,,,,,,,,,,N,N,Y,,,,N,,Y,N,,,N,Y,N,77,N,,N,Y,,2,N,,,,,,,,,,,,,,,,,,,,,,,,,,,,,,,,,,,,,,,,,,,,,,,,,,,,,,N,N,A2800094,19
2026-07-26 03:51:12,data_go_kr,경상남도,A2800113,밀양병원,8,20260726034740,055-356-9119,,,,,,,,,,,,,,,,,,,,,1,,,,,,,,,,,,,,Y,,,,,,Y,N1,,,N1,Y,N1,31,N1,,N1,Y,,0,N1,8,,,1,,,,,,,,,,,,,,,,,0,,,,,1,1,,1,,,,,,,,200,,,,,,,,,,,,,,,,,Y,N1,A2800113,20
2026-07-26 03:51:12,data_go_kr,경상남도,A2800068,의료법인승연의료재단 삼천포서울병원,8,20260726034400,055-830-9019,,,,,,,,,,,,,,,,,,,,,1,,,,,,,,,,,,,,Y,,,,Y,,Y,Y,,,N1,Y,N1,35,N1,,N1,Y,,3,Y,9,,,1,,,,,,,,,,,,,,,,,3,,,,,1,2,1,4,,,,,,,1,287,,,,,,,,,,,,,,,,,Y,N1,A2800068,21
2026-07-26 03:51:12,data_go_kr,경상남도,A2800101,삼천포제일병원,8,20260726034603,055-830-3099,,,,,,,,,,,,,,,,,,,,,2,,,,,,,,,,,,,,Y,,,,,,Y,N1,,,N1,Y,N1,70,N1,,N1,Y,,2,N,8,,,2,,,,,,,,,,,,,,,,,2,,,,,1,1,,1,,,,,,,1,214,,,,,,,,,,,,,,,,,Y,N1,A2800101,22
2026-07-26 03:51:12,data_go_kr,경상남도,E2800380,산청군보건의료원,5,20260726035001,055-970-7582,,,,,,,,,,,,,,,,,,,,,1,,,,,,,,,,,,,,,,,,,,Y,N1,,,N1,N1,N1,20,N1,,N1,N1,,,N1,5,,,1,,,,,,,,,,,,,,,,,,,,,,,,,1,,,,,,,,20,,,,,,,,,,,,,,,,,Y,N1,E2800380,23
2026-07-26 03:51:12,data_go_kr,경상남도,A2804593,양산성모병원,9,20260726035023,055-912-9785,,,,,,,,,,,,,,,,,,,1,,,,,,,,,,,,,,,,Y,,,,,,Y,N1,,,N1,Y,N1,145,N1,2,N1,Y,,4,N1,13,,1,,,,,,,,,,,,,6,,,,,4,,,,,1,2,,1,,,,,,,,214,,,,,,,,,,,,,,,,,Y,N1,A2804593,24
2026-07-26 03:51:12,data_go_kr,경상남도,A2800019,베데스다복음병원,9,20260726035021,055-781-9911,,,,,,,,,,,,,,,,,,,,,1,,,,,,,,,,,,,,Y,,,,,,Y,N1,,,N1,Y,N1,43,N1,,N1,Y,,3,N1,9,,,1,,,,,,,,,,,,,,,,,3,,,,,1,1,,1,,,,,,,,133,,,,,,,,,,,,,,,,,Y,N1,A2800019,25
2026-07-26 03:51:12,data_go_kr,경상남도,A2800090,의령병원,4,20260726035017,055-573-6806,,,,,,,,,,,,,,,,,,,,,1,,,,,,,,,,,,,,Y,,,,,,Y,N1,,,N1,Y,N1,35,N1,,N1,N1,,,N1,4,,,1,,,,,,,,,,,,,,,,,,,,,,1,,,1,,,,,,,,58,,,,,,,,,,,,,,,,,Y,N1,A2800090,26
2026-07-26 03:51:12,data_go_kr,경상남도,A2800084,반도병원,7,20260726035000,055-749-0200,,,,,,,,,,,,,,,,,,,,,1,,,,,,,,,,,,,,Y,,,,,,Y,N1,,,N1,Y,N1,68,N1,,N1,Y,,3,N1,7,,,1,,,,,,,,,,,,,,,,,3,,,,,1,1,,3,,,,,,,,165,,,,,,,,,,,,,,,,,Y,N1,A2800084,27
2026-07-26 03:51:12,data_go_kr,경상남도,A2800015,의료법인 문병욱의료재단 진주고려병원,9,20260726034703,055-751-2525,,,,,,,,,,,,,,,,,,,,,1,,,,,,,,,,,,,,Y,,,,Y,,Y,Y,,,N1,Y,N1,75,N1,4,N1,Y,,4,Y,10,,,1,,,,,,,,,,,,9,,,,,4,,,,,2,2,1,4,,,,,,,1,229,,,,,,,,,,,,,,,,,Y,N1,A2800015,28
2026-07-26 03:51:12,data_go_kr,경상남도,A2800037,진주복음병원,8,20260726035019,055-749-7119,,,,,,,,,,,,,,,,,,,,,1,,,,,,,,,,,,,,Y,,,,,,Y,N1,,,N1,Y,N1,41,N1,,N1,N,,3,N1,9,,,1,,,,,,,,,,,,,,,,,3,,,,,1,1,,1,,,,,,,,131,,,,,,,,,,,,,,,,,N,N1,A2800037,29
2026-07-26 03:51:12,data_go_kr,경상남도,A2800062,태황의료재단한성병원,9,20260726034953,055-530-5119,,,,,,,,,,,,,,,,,,,,,1,,,,,,,,,,,,,,,,,,,,Y,N1,,,N1,N1,N1,49,N1,,N1,N1,,,N1,9,,,1,,,,,,,,,,,,,,,,,,,,,,,,,,,,,,,,,167,,,,,,,,,,,,,,,,,N1,N1,A2800062,30
2026-07-26 03:51:12,data_go_kr,경상남도,A2800025,경상남도마산의료원,10,20260726035003,055-249-1119,,,,,,,,,,,,,,,,,,,1,,1,,,,,2,,,,,,19,,,Y,,,,,,Y,N1,,,Y,Y,N1,83,N1,5,N1,Y,,5,N1,13,,1,1,,,,,,,,,,,,6,2,,,,5,,,27,,1,1,,17,,,2,,,,,263,,,,,,,,,,,,,,,,,Y,N1,A2800025,31
2026-07-26 03:51:12,data_go_kr,경상남도,A2800009,의료법인청아의료재단청아병원,8,20260726034732,055-230-1700,,,,,,,,,,,,,,,,,,,,,1,,,,,,,,,,,,,,Y,,,,,,Y,N1,,,N1,Y,N1,76,N1,,N1,Y,,4,N1,9,,,1,,,,,,,,,,,,,,,,,4,,,,,2,2,,4,,,,,,,,274,,,,,,,,,,,,,,,,,Y,N1,A2800009,32
2026-07-26 03:51:12,data_go_kr,경상남도,A2800021,연세에스병원,9,20260726034633,055-548-7789,,,,,,,,,,,,,,,,,,,,,1,,,,,,,,,,,,,,Y,,,,Y,,Y,Y,,,N1,Y,N1,109,N1,7,N1,Y,,2,N1,9,,,1,,,,,,,,,,,,10,,,,,3,,,,,2,2,1,5,,,,,,,,255,,,,,,,,,,,,,,,,,Y,N1,A2800021,33
2026-07-26 03:51:12,data_go_kr,경상남도,A2800092,새통영병원,6,20260726035023,055-640-4119,,,,,,,,,,,,,,,,,,,,,1,,,,,,,,,,,,,,Y,,,,,,Y,N1,,,N1,Y,N1,58,N1,,N1,Y,,3,N1,9,,,1,,,,,,,,,,,,,,,,,3,,,,,1,2,,3,,,,,,,,256,,,,,,,,,,,,,,,,,Y,N1,A2800092,34
2026-07-26 03:51:12,data_go_kr,경상남도,A2800080,함양성심병원,4,20260726034645,055-964-4322,,,,,,,,,,,,,,,,,,,,,1,,,,,,,,,,,,,,Y,,,,,,Y,N1,,,N1,Y,N1,5,N1,,N1,Y,,2,N1,4,,,1,,,,,,,,,,,,,,,,,2,,,,,1,1,,1,,,,,,,,121,,,,,,,,,,,,,,,,,Y,N1,A2800080,35
2026-07-26 03:51:12,data_go_kr,경상남도,A2800055,삼성합천병원,4,20260726035001,070-5125-5030,,,,,,,,,,,,,,,,,,,,,1,,,,,,,,,,,,,,Y,,,,,,Y,N1,,,N1,Y,N1,25,N1,,N1,Y,,2,N1,4,,,1,,,,,,,,,,,,,,,,,2,,,,,1,1,,1,,,,,,,,141,,,,,,,,,,,,,,,,,Y,N1,A2800055,36
2026-07-26 03:51:12,data_go_kr,제주특별자치도,A2900001,제주한라병원,13,20260726035236,064-740-5159,Y,Y,,,,,0,1,,,4,,,,,,,3,2,,3,2,,,,,24,,10,2,,,Y,,Y,,2,6,Y,8,Y,Y,,,Y,Y,Y,164,Y,8,Y,Y,3,6,N1,15,3,2,3,14,,,7,,,,,20,,,15,,30,,40,6,2,,,2,3,2,3,46,3,8,9,4,2,,,414,,,,,4,2,,4,,,,,,,2,6,Y,Y,A2900001,1
2026-07-26 03:51:12,data_go_kr,제주특별자치도,A2900002,제주특별자치도서귀포의료원,10,20260726035002,064-730-3001,,Y,,,,,,,,,,,,,,,,4,1,,4,2,,,,3,3,,,,3,,Y,,Y,,,,Y,,Y,Y,,,Y,Y,N1,150,N1,8,Y,Y,,4,Y,16,4,1,4,2,,,,,,,,,,,17,3,3,,,4,,26,,1,2,1,1,16,,4,3,,,,1,326,,,,,,,,,,,,,,,,,Y,N1,A2900002,2
2026-07-26 03:51:12,data_go_kr,제주특별자치도,A2900007,제주대학교병원,11,20260726035000,,Y,Y,,,,,,,,0,,,,,,,,,1,4,2,,3,,3,,,,,,4,5,Y,,Y,,,,Y,,Y,Y,,,Y,Y,Y,130,Y,,Y,Y,9,12,N1,20,,1,5,,12,12,16,3,,,,,6,,,,,,,12,,20,9,3,2,2,4,45,8,17,10,5,3,,,458,,,,,,,,,,,,,,,,,Y,Y,A2900007,3
2026-07-26 03:51:12,data_go_kr,제주특별자치도,A2900005,한마음병원,8,20260726034714,064-750-9119,,,,,,,,,,,,,,,,,,,1,,0,,,,,,,,,,,,,,Y,,,,Y,,Y,Y,,,Y,Y,N1,74,N1,7,N1,Y,,4,N1,17,,1,2,,,,,,,,,,,,12,,,,,4,,,,,1,1,1,6,,,2,,,,,216,,,,,,,,,,,,,,,,,Y,N1,A2900005,4
2026-07-26 03:51:12,data_go_kr,제주특별자치도,A2900006,의료법인중앙의료재단중앙병원,12,20260726035023,064-786-7777,,,,,,,,,,,,,,,,,,1,1,,2,,,,,,,,,,,,,,Y,,,,Y,,Y,Y,,,Y,Y,Y,100,N1,8,N1,Y,,3,N1,16,1,1,2,,,,,,,,,,,,16,,,,,3,,,,,1,1,2,10,,,2,1,,,,281,,,,,,,,,,,,,,,,,Y,N1,A2900006,5
2026-07-26 03:51:12,data_go_kr,제주특별자치도,A2900003,의료법인 혜인의료재단 한국병원,2,20260726034857,064-750-0160,,,,,,,,,,,,,,,,,,,,,1,,,,,,,,,,,,,,Y,,,,,,Y,N1,,,N1,Y,N1,46,N1,0,N1,Y,,3,N1,9,,,1,,,,,,,,,,,,10,,,,,3,,,,,1,1,,6,,,,,,,,209,,,,,,,,,,,,,,,,,Y,N1,A2900003,6
2026-07-26 05:04:46,data_go_kr,서울특별시,A1100043,강동경희대학교병원,7,20260726050022,02-440-7000,Y,Y,,,,,1,,,,,,,,,1,,3,2,,2,2,,,,,4,,,,,0,Y,N,Y,,,,Y,,Y,Y,,,Y,Y,Y,211,Y,7,Y,Y,0,17,N,15,3,2,3,19,,,17,,,,,,,,27,,30,,,17,,,1,8,2,2,3,32,9,13,4,1,1,0,0,625,,,,,3,,,,,,,,2,,,,Y,Y,A1100043,1
2026-07-26 05:04:46,data_go_kr,서울특별시,A1100014,고려대학교의과대학부속구로병원,21,20260726045849,02-2626-1550,Y,Y,4,,,,,,,0,,,,,,,,3,,2,,1,,,,2,6,,,,3,2,Y,,Y,,,,Y,,Y,Y,,,Y,Y,Y,178,Y,8,Y,Y,0,24,N1,29,3,,,20,20,10,23,,,,,,,,35,10,30,,,24,,18,4,2,6,6,4,98,11,35,15,10,3,,,778,5,,,,,,,,,,,,,,,,Y,Y,A1100014,2
2026-07-26 05:04:46,data_go_kr,서울특별시,A1100013,한양대학교병원,11,20260726045800,02-2290-8284,Y,Y,4,3,,,1,4,,0,,,,,,,,3,,7,,7,,,,1,8,,,,1,0,Y,,Y,,,,Y,,Y,Y,,,Y,Y,Y,277,Y,0,Y,Y,2,16,Y,20,3,,,22,12,13,25,,,,,,,,0,2,30,,,16,,16,2,1,3,2,3,69,10,20,11,4,3,,1,670,4,8,,,2,5,,,,,,,,,,,Y,Y,A1100013,3
2026-07-26 05:04:46,data_go_kr,서울특별시,A1100008,학교법인고려중앙학원고려대학교의과대학부속병원(안암병원),18,20260726045812,02-920-5374,Y,Y,2,4,,,0,,,0,,,,,,,,4,,4,,1,,,2,1,23,,,,2,1,Y,,Y,,,,Y,,Y,Y,,,Y,Y,Y,220,Y,,Y,Y,0,24,N1,30,4,,,15,16,19,17,,,,,,9,,,6,31,,,25,,10,3,4,7,6,8,84,14,20,11,8,7,,,777,2,7,,,6,,,,,,,,,,,,Y,Y,A1100008,4
2026-07-26 05:04:46,data_go_kr,서울특별시,A1100005,이화여자대학교의과대학부속목동병원,13,20260726045548,02-2650-5911,Y,Y,,,,,0,0,,1,,,,,,,,8,2,4,4,5,,,,0,19,,,,4,4,Y,,Y,6,,,Y,,Y,Y,,,Y,Y,Y,107,Y,,Y,Y,12,13,N1,19,8,2,4,19,10,13,28,,,,14,,,,,4,32,,,13,,10,9,2,4,4,4,58,10,34,9,3,5,,,526,,,,,1,1,,,,,,,,,,,Y,Y,A1100005,5
2026-07-26 05:04:46,data_go_kr,서울특별시,A1100017,서울대학교병원,-3,20260726050018,02-2072-2475,Y,Y,,,1,1,1,0,,1,,0,0,,1,,,10,2,6,4,9,4,1,4,10,18,6,,,6,5,Y,Y,Y,1,,,Y,,Y,Y,4,1,Y,Y,Y,372,Y,,Y,Y,5,53,N1,24,10,2,4,17,10,18,40,22,2,10,5,,8,10,,28,30,6,,53,,41,7,4,13,13,14,160,19,46,22,9,3,1,,1365,,,1,1,2,1,,,0,0,,8,,,,,Y,Y,A1100017,6
2026-07-26 05:04:46,data_go_kr,서울특별시,A1100035,서울특별시서울의료원,14,20260726050000,02-2276-7000,Y,Y,,,,,0,2,1,0,,,,,,,,3,2,,3,4,,,,,5,,,,11,2,Y,Y,Y,1,,,Y,,Y,Y,,,Y,Y,Y,92,Y,2,Y,Y,2,10,Y,19,3,2,3,14,7,,3,,,,6,,,,5,,28,,,10,,30,3,4,5,3,5,65,5,12,7,2,4,1,2,461,,,,,2,4,2,,,,,,,,,,Y,Y,A1100035,7
2026-07-26 05:04:46,data_go_kr,서울특별시,A1100015,연세대학교의과대학강남세브란스병원,10,20260726045829,02-2019-3333,Y,Y,,,,,,,,,,,,,,,,2,1,,1,,,,3,,,,,,,5,Y,,Y,8,,,Y,,Y,Y,,,Y,Y,Y,136,Y,14,Y,Y,0,23,N1,21,2,1,2,,,,28,,,,12,,8,,29,,,,,23,,,5,1,4,3,6,47,10,23,6,3,5,,,691,,,,,,,,,,,,,,,,,Y,Y,A1100015,8
2026-07-26 05:04:46,data_go_kr,서울특별시,A1100010,삼성서울병원,14,20260726050012,02-3410-2060,Y,Y,,,,,,,,13,,,,,,,,3,2,17,2,,7,,4,2,,,,,5,12,Y,,Y,1,,,Y,,Y,Y,,13,Y,Y,Y,368,Y,14,Y,Y,1,53,N1,52,4,2,2,,30,23,59,15,,,12,,12,36,14,2,,,,53,,27,18,8,19,16,15,117,22,43,21,11,2,,,1528,,,,,,,,,,,,,,,,,Y,Y,A1100010,9
2026-07-26 05:04:46,data_go_kr,서울특별시,A1100028,성심의료재단강동성심병원,11,20260726045735,02-2224-2358,Y,Y,,,,,,,,3,,,,,,,2,,1,,6,,,,,2,,,,,,0,Y,,Y,,,,Y,,Y,Y,,,Y,Y,Y,187,Y,1,Y,Y,3,13,N1,15,,1,6,,18,,3,,,,,,,,19,5,,,,13,,,2,1,4,2,5,35,3,3,8,3,1,,,566,,,,,,,,,,,,,,2,,,Y,Y,A1100028,10
2026-07-26 05:04:46,data_go_kr,서울특별시,A1100053,한국보훈복지의료공단중앙보훈병원,20,20260726045845,02-2225-1100,,,,,,,,,,6,,,,,,,,,1,10,2,0,,,3,1,0,,,,35,0,N,,Y,2,,,Y,,Y,Y,,,Y,Y,Y,155,N1,,N1,Y,,13,N1,22,,1,2,2,14,14,,,,,13,,10,,,1,3,,,13,,60,7,1,3,4,4,38,,,10,1,,,,820,,,,,,,,,,,,,,,,,Y,N1,A1100053,11
2026-07-26 05:04:46,data_go_kr,서울특별시,A1120796,이화여자대학교의과대학부속서울병원,6,20260726045644,02-6986-5119,Y,Y,,,,,,,,0,,,,,,,,7,2,8,6,,,,2,1,,,,,,3,Y,,Y,4,,,Y,,Y,Y,,4,Y,Y,Y,223,Y,0,Y,Y,0,18,N1,14,9,2,6,,10,17,24,,,,17,,11,19,11,7,,,,19,,,4,2,5,5,8,71,9,22,12,4,5,,,732,,,,,,,,,,,,,,,,,Y,Y,A1120796,12
2026-07-26 05:04:46,data_go_kr,서울특별시,A1100041,의료법인서울효천의료재단에이치플러스양지병원,18,20260726050013,070-4665-9119,,,,,,,,,,,,,,,,,,,1,,2,,,,,1,,,,,,2,,,Y,,,,Y,,Y,Y,,,Y,Y,Y,55,Y,2,N1,Y,,7,N1,18,,1,2,,,,,,,,,,,,20,1,,,,7,,,3,,2,3,3,23,,,4,1,1,,,301,,,,,,,,,,,,,,,,,Y,N1,A1100041,13
2026-07-26 05:04:46,data_go_kr,서울특별시,A1100002,건국대학교병원,11,20260726045748,02-2030-5555,Y,Y,,,,,,,,7,,,,,,,,4,1,16,2,,,,,1,,,,,9,2,Y,,Y,,,,Y,,Y,Y,,,Y,Y,Y,256,Y,,Y,Y,0,21,N1,20,4,1,2,,24,25,16,,,,,,,,,1,,,,21,,14,3,2,4,4,5,45,7,18,7,3,14,,,678,,,,,,,,,,,,,,,,,Y,Y,A1100002,14
2026-07-26 05:04:46,data_go_kr,서울특별시,A1100016,인제대학교상계백병원,8,20260726045714,02-950-1119,Y,Y,,,,,,,,0,,,,,,,3,,1,4,2,,,,,1,,,,,3,1,Y,,Y,,,,Y,,Y,Y,,,Y,Y,Y,123,Y,,Y,Y,1,13,N1,16,,1,2,,19,18,15,,,,,,,,,4,,,,13,,5,2,2,3,2,3,36,10,25,10,3,1,,,390,,,,,,,,,,,,,,4,,,Y,Y,A1100016,15
2026-07-26 05:04:46,data_go_kr,서울특별시,A1100048,노원을지대학교병원,14,20260726045602,02-970-8282,Y,Y,,,,,,,,4,,,,,,,,,1,5,4,,,,,2,,,,,3,0,Y,,Y,,0,0,Y,,Y,Y,,,Y,Y,Y,237,N1,,Y,Y,1,11,N1,17,,1,4,,16,16,10,,,,,,,,,2,,,,11,,21,1,3,2,2,2,26,8,19,3,1,,,,479,,,,,,,,,,,,,,,0,0,Y,Y,A1100048,16
2026-07-26 05:04:46,data_go_kr,서울특별시,A1100020,의료법인한전의료재단한일병원,8,20260726050004,02-901-3119,N,N,,,,,,,,,,,,,,,,2,2,,1,0,,,,0,2,,,,,1,,Y,Y,,,,Y,,Y,Y,,,Y,Y,N1,88,Y,3,N,Y,,8,Y,21,2,2,2,2,,,,,,,,,,,21,1,3,,,8,,,5,,2,1,1,25,1,4,2,,4,2,2,389,,,,,,,,,,,,,,,,,Y,N,A1100020,17
2026-07-26 05:04:46,data_go_kr,서울특별시,A1100001,경희대학교병원,11,20260726045934,02-958-8114,Y,Y,,,,,,,,,,,,,,,,3,2,,3,,,,,,,,,,10,9,Y,,Y,4,,,Y,,Y,Y,,,Y,Y,Y,238,Y,21,Y,Y,1,16,N1,15,3,2,3,,,,14,,,,15,,,,73,,,,,16,,20,10,3,3,3,5,48,6,12,8,3,2,,,657,,,,,,,,,,,,,,,,,Y,Y,A1100001,18
2026-07-26 05:04:46,data_go_kr,서울특별시,A1100021,삼육서울병원,12,20260726045750,02-2210-3566,,N,,,,,,,,,,,,,,,2,,1,,2,0,,,,1,1,,,,,4,Y,,Y,,,,Y,,Y,Y,,,Y,Y,Y,60,Y,4,N,Y,4,5,Y,13,,1,2,2,,,4,,,,,,,,15,1,3,,,5,,,4,2,1,1,2,20,,4,5,2,1,,1,389,,,,,,,,,,,,,,4,,,Y,N1,A1100021,19
2026-07-26 05:04:46,data_go_kr,서울특별시,A1100040,서울특별시보라매병원,20,20260726050000,02-870-2119,Y,Y,,,,,,,,5,,,,,,,,3,2,10,1,,,,2,1,,,,,0,0,Y,,Y,,,,Y,,Y,Y,,,Y,Y,Y,270,Y,,Y,Y,0,14,N1,31,3,2,1,,15,16,14,,,,,,4,,,4,,,,14,,14,3,4,6,3,5,48,14,13,5,9,2,,,695,,,,,,,,,,,,,,,,,Y,Y,A1100040,20
2026-07-26 05:04:46,data_go_kr,서울특별시,A1100003,중앙대학교병원,13,20260726050009,02-6299-1338,Y,Y,0,0,,,1,,,1,,,,,4,,,4,0,6,0,5,,,,1,,,,,4,2,Y,,Y,,,,Y,,Y,Y,,,Y,Y,Y,208,Y,,Y,Y,0,16,N1,18,4,0,0,12,12,17,25,,,,,,,,,11,,,,16,,24,2,2,4,3,4,51,9,21,13,6,12,,,631,0,0,,,1,,,,,,,4,,,,,Y,Y,A1100003,21
2026-07-26 05:04:46,data_go_kr,서울특별시,A1100007,연세대학교의과대학세브란스병원,14,20260726045734,02-2227-7777,Y,Y,,,1,1,,,,5,,,,,,,,4,1,13,3,,5,1,14,3,,0,,,0,0,Y,Y,Y,6,,,Y,,Y,Y,5,8,Y,Y,Y,475,Y,5,Y,Y,13,2,N1,39,8,1,3,,29,24,52,22,2,10,29,,23,17,18,5,,6,,2,,20,30,8,16,16,17,206,55,61,21,16,21,1,,1872,,,1,1,,,,,,,,,,,,,Y,Y,A1100007,22
2026-07-26 05:04:46,data_go_kr,서울특별시,A1100012,학교법인가톨릭학원가톨릭대학교서울성모병원,-2,20260726050017,02-2258-2370,Y,Y,1,1,1,1,,,,8,,,,,,,,3,,14,,,1,1,3,11,,3,,,16,1,Y,,Y,15,,,Y,,Y,Y,,5,Y,Y,Y,291,Y,0,Y,Y,8,31,N1,28,7,,,,22,22,50,3,2,,19,,10,8,5,18,,6,,32,,35,10,2,9,10,8,80,40,39,11,9,4,,,1059,1,5,1,1,,,,,,,,,,,,,Y,Y,A1100012,23
2026-07-26 05:04:46,data_go_kr,서울특별시,A1100009,재단법인아산사회복지재단서울아산병원,13,20260726045815,02-3010-3333,Y,Y,,,2,1,1,1,,1,,,,,,,,6,1,11,8,1,3,1,5,10,4,1,,,9,6,Y,,Y,2,,,Y,,Y,Y,5,2,Y,Y,Y,381,Y,10,Y,Y,10,4,Y,36,11,1,22,2,24,37,61,26,2,13,12,,12,12,12,47,4,6,,4,,28,8,8,21,15,17,190,33,49,30,14,5,,1,2089,,,2,1,1,6,,,,,,,,,,,Y,Y,A1100009,24
2026-07-26 05:04:46,data_go_kr,서울특별시,A1100011,가톨릭대학교여의도성모병원,15,20260726050016,02-3779-1199,,,,,,,,,,-1,,,,,,,,,1,0,4,,,,,1,,,,,,1,Y,,Y,1,,,Y,,Y,Y,,,Y,Y,Y,109,Y,,N1,Y,,13,N1,15,,1,4,,11,9,,,,,9,,,,,1,,,,13,,,1,2,2,2,2,23,,,5,2,2,,,330,,,,,,,,,,,,,,,,,Y,N1,A1100011,25
2026-07-26 05:04:46,data_go_kr,서울특별시,A1100055,한림대학교강남성심병원,16,20260726045712,02-829-5119,Y,Y,,,,,,,,0,,,,,,,,3,1,0,4,,,,6,1,,,,,,,Y,,Y,,,,Y,,Y,Y,,,Y,Y,Y,166,Y,,Y,Y,0,14,N1,20,3,1,4,,21,25,12,,,,,,10,,,7,,,,14,,,,3,3,3,3,54,21,22,13,3,2,,,496,,,,,,,,,,,,,,,,,Y,Y,A1100055,26
2026-07-26 05:04:46,data_go_kr,서울특별시,A1100054,성애의료재단성애병원,12,20260726045951,02-840-7115,Y,Y,,,,,,,,,,,,,,,,,1,,4,,,,,1,,,,,,,Y,,Y,,,,Y,,Y,Y,,,Y,Y,N1,52,N1,3,Y,Y,3,5,N1,15,,1,4,,,,4,,,,,,,,19,1,,,,5,,,,2,2,2,1,8,5,14,2,,,,,252,,,,,,,,,,,,,,,,,Y,Y,A1100054,27
2026-07-26 05:04:46,data_go_kr,서울특별시,A1100004,순천향대학교부속서울병원,19,20260726050027,02-709-9117,Y,Y,,,,,,,,,,,0,,0,,0,4,1,,2,,,,,1,,,,,8,3,Y,,Y,,,,Y,,Y,Y,,,Y,Y,Y,198,Y,3,Y,Y,0,14,N1,20,4,1,2,,,,13,,,,,,,,45,10,,,,14,,21,4,7,3,3,4,51,8,17,14,5,3,,,600,,,,,,,,,,0,,0,,0,,,Y,Y,A1100004,28
2026-07-26 05:04:46,data_go_kr,서울특별시,A1121013,가톨릭대학교은평성모병원,14,20260726050016,02-1811-7755,Y,Y,,,,,,,,2,,,,,,,,8,1,3,2,,,,8,1,,,,,,0,Y,,Y,0,,,Y,,Y,Y,,,Y,Y,Y,199,Y,,Y,Y,5,19,N1,24,8,2,2,,16,9,19,,,,13,,12,,,4,,,,19,,,5,1,4,3,5,46,19,22,10,5,20,,,651,,,,,,,,,,,,,,,,,Y,Y,A1121013,29
2026-07-26 05:04:46,data_go_kr,서울특별시,A1100006,강북삼성병원,8,20260726050016,02-2001-1000,Y,Y,,,,,,,,,,,,,,,,2,1,1,2,,,,,1,,,,,9,2,Y,,Y,1,,,Y,,Y,Y,,3,Y,Y,Y,148,Y,9,Y,Y,0,16,N1,15,2,1,2,,,4,7,,,,12,,,8,24,5,,,,16,,18,3,1,5,4,6,54,13,14,8,4,3,,,526,,,,,,,,,,,,,,,,,Y,Y,A1100006,30
2026-07-26 05:04:46,data_go_kr,서울특별시,A1100052,국립중앙의료원,15,20260726045804,02-2276-2114,N,Y,,,,,,,,,,0,,,0,0,5,3,2,0,3,2,,,,2,0,,14,2,,4,Y,,Y,,2,6,Y,5,Y,Y,,,Y,Y,Y,6,Y,3,Y,Y,,7,N1,15,3,2,3,6,,0,,,,,,20,,,13,2,0,,50,7,2,,7,1,1,1,2,56,1,3,5,5,2,,,202,,,,,,,,,0,,,0,0,5,2,6,Y,N,A1100052,31
2026-07-26 05:04:46,data_go_kr,서울특별시,A1100036,부민병원,7,20260726045616,02-2620-0119,,Y,,,,,,,,,,,,,,,,,1,,,,,,,0,,,,,,0,Y,,Y,,,,Y,,Y,Y,,,Y,Y,Y,70,N1,1,Y,Y,,8,N1,10,,1,,,,,,,,,,,,,14,1,,,,8,,,3,1,3,3,1,22,,1,2,1,,,,282,,,,,,,,,,,,,,,,,Y,N1,A1100036,32
2026-07-26 05:04:46,data_go_kr,서울특별시,A1100051,혜민병원,9,20260726045524,02-2049-9119,,,,,,,,,,,,,,,,,,,1,,,,,,,,,,,,,,,,Y,,,,,,Y,N1,,,Y,Y,N1,24,N1,8,N1,Y,,5,N1,9,,1,,,,,,,,,,,,,19,,,,,5,,,,,2,2,,16,,,2,,,,,205,,,,,,,,,,,,,,,,,Y,N1,A1100051,33
2026-07-26 05:04:46,data_go_kr,서울특별시,A1100026,구로성심병원,7,20260726045917,02-2067-1515,,,,,,,,,,,,,,,,,,,,,1,,,,,,,,,,,,,,Y,,,,,,Y,N1,,,N1,Y,N1,45,N1,4,N1,Y,,3,N1,9,,,1,,,,,,,,,,,,11,,,,,3,,,,,1,1,,5,,,,,,,,191,,,,,,,,,,,,,,,,,Y,N1,A1100026,34
2026-07-26 05:04:46,data_go_kr,서울특별시,A1100049,희명병원,8,20260726045858,02-809-0122,,,,,,,,,,,,,,,,,,,,,1,,,,,,,,,,,,,,Y,,,,,,Y,N1,,,Y,Y,Y,117,N1,1,N1,Y,,4,N1,10,,,1,,,,,,,,,,,,19,,,,,4,,,,,1,1,,9,,,1,1,,,,228,,,,,,,,,,,,,,,,,Y,N1,A1100049,35
2026-07-26 05:04:46,data_go_kr,서울특별시,A1100027,한국원자력의학원원자력병원,9,20260726045936,02-970-2620,,Y,,,,,,,,,,,,,,,1,,1,,0,,,,,1,,,,,,1,Y,,Y,,,,Y,,Y,Y,,,Y,Y,N1,262,N1,8,Y,Y,,10,N1,9,,1,1,,,,,,,,,,,,10,1,,,,10,,,1,1,4,2,1,16,,2,1,,,,,444,,,,,,,,,,,,,,1,,,Y,N1,A1100027,36
2026-07-26 05:04:46,data_go_kr,서울특별시,A1100022,서울특별시동부병원,8,20260726050020,02-920-9119,,Y,,,,,,,,,,,,,,,,,1,,1,,,,,1,,,,,,,Y,,Y,,,,,,Y,N1,,,Y,Y,N1,23,N1,1,Y,Y,,3,N1,8,,1,1,,,,,,,,,,,,8,1,,,,3,,,,1,1,1,,7,,1,1,,,,,195,,,,,,,,,,,,,,,,,Y,N1,A1100022,37
2026-07-26 05:04:46,data_go_kr,서울특별시,A1100050,서울성심병원,17,20260726045758,02-966-1616,,,,,,,,,,,,,,,,,,,1,,2,,,,,,,,,,,,,,Y,,,,,,Y,N1,,,N1,Y,N1,67,N1,9,N1,Y,,6,N1,17,,1,2,,,,,,,,,,,,10,,,,,6,,,,,1,1,,11,,,,,,,,208,,,,,,,,,,,,,,,,,Y,N1,A1100050,38
2026-07-26 05:04:46,data_go_kr,서울특별시,A1100025,의료법인동신의료재단동신병원,8,20260726045817,02-396-9161,N,N,,,,,,,,,,,,,,,,,,,1,,,,,,,,,,,,N,N,Y,,,,N,,Y,N,,,Y,Y,N,51,N,2,N,Y,,3,N,9,,,1,,,,,,,,,,,,9,,,,,3,,,,0,1,1,0,7,0,0,1,0,0,0,0,196,,,,,,,,,,,,,,,,,Y,N,A1100025,39
2026-07-26 05:04:46,data_go_kr,서울특별시,A1122033,기쁨병원,3,20260726045929,02-570-1212,,,,,,,,,,,,,,,,,,,,,1,,,,,,,,,,,,,,Y,,,,Y,,Y,Y,,,N1,Y,N1,53,N1,,N1,Y,,8,N1,4,,,1,,,,,,,,,,,,,,,,,8,,,,,2,2,1,1,,,,,,,,110,,,,,,,,,,,,,,,,,Y,N1,A1122033,40
2026-07-26 05:04:46,data_go_kr,서울특별시,A1100039,경찰병원,2,20260726050004,02-3400-1300,,,,,,,,,,,,,,,,,1,,1,,,,,,,2,,,,,,2,,,Y,,,,,,Y,N1,,,Y,Y,N1,133,N1,14,N1,Y,,7,N1,3,,1,,,,,,,,,,,,,14,2,,,,7,,,2,,2,3,,10,,,2,,,,,187,,,,,,,,,,,,,,1,,,Y,N1,A1100039,41
2026-07-26 05:04:46,data_go_kr,서울특별시,A1100019,홍익병원,8,20260726050004,02-2600-0777,,,,,,,,,,,,,,,,,,,,,0,,,,,0,,,,,,0,,,Y,,,,Y,,Y,Y,,,N,Y,N1,58,N1,9,N1,Y,,4,N1,9,,,1,,,,,,,,,,,,14,1,,,,4,,,1,,4,2,2,7,,,1,,,,,251,,,,,,,,,,,,,,,,,Y,N1,A1100019,42
2026-07-26 05:04:46,data_go_kr,서울특별시,A1100223,서울특별시서남병원,17,20260726050001,02-6300-9129,,,,,,,,,,,,,,,,0,,,1,,2,0,,,,1,0,,,,,4,,,Y,,,,,,Y,N1,,,Y,Y,Y,69,Y,4,N1,Y,,4,N1,17,,1,2,2,,,,,,,,,,,17,1,3,,,4,,,4,,2,1,,16,,,1,1,1,,,275,,,,,,,,,,,,,0,,,,Y,N1,A1100223,43
2026-07-26 05:04:46,data_go_kr,서울특별시,A1100024,명지성모병원,6,20260726050035,02-829-7800,,,,,,,,,,,,,,,,,,,1,,1,,,,,1,,,,,,,,,Y,,,,Y,,Y,Y,,,N1,Y,N1,105,N1,5,N1,Y,,3,N1,8,,1,1,,,,,,,,,,,,12,1,,,,3,,,,,1,3,2,7,,,,,,,,212,,,,,,,,,,,,,,,,,Y,N1,A1100024,44
2026-07-26 05:04:46,data_go_kr,서울특별시,A1100037,대림성모병원,8,20260726045524,02-829-9129,,,,,,,,,,,,,,,,,,,,,1,,,,,,,,,,,,,,Y,,,,,,Y,N1,,,N1,Y,N1,46,N1,,N1,Y,,4,N1,8,,,2,,,,,,,,,,,,,,,,,4,,,,,1,1,,1,,,,,,,,113,,,,,,,,,,,,,,,,,Y,N1,A1100037,45
2026-07-26 05:04:46,data_go_kr,서울특별시,A1100045,씨엠병원,8,20260726044500,070-4698-7811,,,,,,,,,,,,,,,,,,,,,1,,,,,,,,,,,,,,Y,,,,,,Y,N1,,,N1,Y,N1,40,N1,,N1,Y,,5,N1,9,,,1,,,,,,,,,,,,,,,,,5,,,,,2,2,,6,,,,,,,,110,,,,,,,,,,,,,,,,,Y,N1,A1100045,46
2026-07-26 05:04:46,data_go_kr,서울특별시,A1100023,의료법인청구성심병원,9,20260726045810,02-383-0129,,,,,,,,,,,,,,,,,,,,,1,,,,,,,,,,,,,,Y,,,,,,Y,N1,,,N1,Y,N1,13,N1,2,N1,Y,,3,N1,10,,,1,,,,,,,,,,,,6,,,,,3,,,,,1,1,,4,,,,,,,,196,,,,,,,,,,,,,,,,,Y,N1,A1100023,47
2026-07-26 05:04:46,data_go_kr,서울특별시,A1100029,서울적십자병원,10,20260726045837,02-2002-8888,,,,,,,,,,,,,,,,,,,0,,,,,,,,,,,,,,,,Y,,,,,,Y,N1,,,Y,Y,N1,91,N1,7,N1,Y,,6,N1,10,,1,,,,,,,,,,,,,12,,,,,6,,,,,1,1,,11,,,2,,,,,260,,,,,,,,,,,,,,,,,Y,N1,A1100029,48
2026-07-26 05:04:46,data_go_kr,서울특별시,A1100032,세란병원,9,20260726050025,02-737-0181,,,,,,,,,,,,,,,,,,,,,1,,,,,,,,,,,,,,Y,,,,,,Y,N1,,,N1,Y,N1,49,N1,,N1,Y,,13,N1,10,,,1,,,,,,,,,,,,,,,,,13,,,,,3,5,,3,,,,,,,,205,,,,,,,,,,,,,,,,,Y,N1,A1100032,49
2026-07-26 05:04:46,data_go_kr,서울특별시,A1100075,의료법인풍산의료재단동부제일병원,6,20260726045520,02-490-8880,,,,,,,,,,,,,,,,,,,,,1,,,,,,,,,,,,,,Y,,,,,,Y,N1,,,N1,Y,N1,35,N1,,N1,N,,2,N1,7,,,1,,,,,,,,,,,,,,,,,2,,,,,1,1,,3,,,,,,,,124,,,,,,,,,,,,,,,,,Y,N1,A1100075,50
2026-07-26 05:04:46,data_go_kr,서울특별시,A1100044,녹색병원,2,20260726050010,02-490-2113,,,,,,,,,,,,,,,,,,,1,,4,,,,,2,,,,,,1,Y,,Y,,,,,,Y,N1,,,Y,Y,N1,93,N1,8,N1,Y,,3,N1,5,,1,4,,,,,,,,,,,,17,3,,,,3,,,3,1,2,1,,22,,,1,,,,,293,,,,,,,,,,,,,,,,,Y,N1,A1100044,51
2026-07-26 05:04:46,data_go_kr,부산광역시,A1200003,동아대학교병원,22,20260726045710,051-240-5300,Y,Y,2,6,,,,0,1,,,,,,,,,3,,,,9,,,6,5,9,,,,6,1,Y,,Y,2,,,Y,,Y,Y,4,5,Y,Y,Y,140,Y,7,Y,Y,6,18,N1,26,3,,,16,,,20,,,8,13,,11,7,18,6,30,,,18,,18,3,4,5,3,4,76,11,30,16,4,4,,,738,2,6,,,,4,1,,,,,,,,,,Y,Y,A1200003,1
2026-07-26 05:04:46,data_go_kr,부산광역시,A1200022,인제대학교 해운대백병원,23,20260726045644,051-797-0135,Y,Y,,,,,2,2,,11,,,,,,,,2,1,9,2,6,,,,0,13,,,,,0,Y,Y,Y,,,,Y,,Y,Y,,,Y,Y,Y,172,Y,,Y,Y,0,22,N1,29,3,2,3,12,28,27,23,,,,,,,,,2,30,,,22,,,7,2,5,3,4,72,8,40,17,9,11,1,,710,,,,,5,3,,,,,,,,,,,Y,Y,A1200022,2
2026-07-26 05:04:46,data_go_kr,부산광역시,A1200018,대동병원,14,20260726050027,051-550-9391,,,,,,,,,,,,,,,,,,3,1,,2,,,,,0,,,,,,1,,,Y,,,,Y,,Y,Y,,,Y,Y,N1,73,N1,3,N1,Y,,6,N1,15,3,1,2,,,,,,,,,,,,21,1,,,,6,,,1,,2,1,1,10,,,1,,,,,401,,,,,,,,,,,,,,,,,Y,N1,A1200018,3
2026-07-26 05:04:46,data_go_kr,부산광역시,A1200020,의료법인 온그룹의료재단 온병원,18,20260726045524,051-607-0139,,,,,,,,,,,,,,,,,,,1,,2,,,,,1,,,,,,5,,,Y,,,,Y,,Y,Y,,,Y,Y,N1,171,N1,10,N1,Y,,9,Y,20,,1,2,,,,,,,,,,,,23,1,,,,9,,,6,,4,2,2,7,,,1,,,,1,585,,,,,,,,,,,,,,,,,Y,N1,A1200020,4
2026-07-26 05:04:46,data_go_kr,부산광역시,A1200001,인제대학교부산백병원,17,20260726050012,051-890-5995,Y,Y,,,,,,,,5,,,,,,,,,1,3,2,,,,3,1,,,,,3,2,Y,,Y,1,,,Y,,Y,Y,,,Y,Y,Y,206,Y,6,Y,Y,1,17,Y,18,,1,2,,19,18,35,,,,12,,6,,10,1,,,,17,,20,8,4,5,3,6,68,19,38,16,3,7,,2,691,,,,,,,,,,,,,,,,,Y,Y,A1200001,5
2026-07-26 05:04:46,data_go_kr,부산광역시,A1200005,의료법인 은성의료재단 좋은삼선병원,11,20260726045900,051-310-9119,,,,,,,,,,,,,,,,,2,1,1,,2,,,,2,0,,,,,,2,,,Y,2,,,Y,,Y,Y,,,Y,Y,N1,23,N1,6,N1,Y,,7,N1,13,1,1,2,,,,,,,,5,,4,,19,2,,,,7,,,2,,2,2,2,11,,,1,,,,,375,,,,,,,,,,,,,,3,,,Y,N1,A1200005,6
2026-07-26 05:04:46,data_go_kr,부산광역시,A1200004,고신대학교복음병원,20,20260726045908,051-990-6200,Y,Y,1,4,,,,,,5,,,,,,,,,,7,,,,,9,7,,,,,14,1,Y,,Y,2,,,Y,,Y,Y,2,,Y,Y,Y,181,Y,,Y,Y,15,13,Y,25,,,,,13,8,18,,,5,13,,16,,,7,,,,13,,14,1,7,3,3,5,53,13,19,14,3,1,,1,685,1,4,,,,,,,,,,,,,,,Y,Y,A1200004,7
2026-07-26 05:04:46,data_go_kr,부산광역시,A1200002,부산대학교병원,14,20260726050000,051-240-7776,Y,Y,,,,,1,,,3,,,,0,0,0,,3,1,,2,-4,,,,3,3,,28,2,7,4,Y,,Y,0,2,12,Y,15,Y,Y,,,Y,Y,Y,412,Y,6,Y,Y,1,26,N,17,3,1,2,2,10,,20,,,,0,42,,,24,4,3,,82,26,2,19,10,12,9,6,10,100,17,17,21,9,21,,1,901,,,,,2,,,,,,0,0,0,,2,12,Y,Y,A1200002,8
2026-07-26 05:04:46,data_go_kr,부산광역시,A1200007,비에이치에스한서병원,15,20260726050017,051-998-1119,,,,,,,,,,,,,,,,,,,1,,2,2,,,,,3,,,,,,,,Y,,,,Y,,Y,Y,,,Y,Y,Y,83,N1,7,N1,Y,,4,N1,17,,1,2,2,,,,,,,,,,,14,,3,,,4,,,,,1,1,2,11,,,1,1,,,,280,,,,,,,,,,,,,,,,,Y,N1,A1200007,9
2026-07-26 05:04:46,data_go_kr,부산광역시,A1200028,(의)서일의료재단기장병원,9,20260726050005,051-723-2119,,,,,,,,,,,,,,,,,,,,,1,,,,,,,,,,,,,,Y,,,,,,Y,N1,,,N1,Y,N1,19,N1,,N1,Y,,3,N1,9,,,1,,,,,,,,,,,,,,,,,3,,,,,1,1,,1,,,,,,,,154,,,,,,,,,,,,,,,,,Y,N1,A1200028,10
2026-07-26 05:04:46,data_go_kr,부산광역시,A1200015,동남권원자력의학원원자력병원,8,20260726045800,051-720-5911,,,,,,,,,,,,,,,,,,,1,,,,,,,,,,,,,,,,Y,,,,Y,,Y,Y,,,Y,Y,Y,108,N1,7,N1,Y,,8,N1,9,,1,,,,,,,,,,,,,12,,,,,8,,,,,2,2,2,12,,,1,0,,,,261,,,,,,,,,,,,,,,,,Y,N1,A1200015,11
2026-07-26 05:04:46,data_go_kr,부산광역시,A1200013,부산성모병원(재단법인 천주교부산교구유지재단),9,20260726050010,051-933-7119,Y,Y,,,,,,,,,,,,,,,4,4,1,,,,,,,2,,,,,,1,,,Y,,,,,,Y,N1,,,Y,Y,N1,80,N1,9,Y,Y,7,7,N1,10,4,1,,,,,10,,,,,,,,18,2,,,,7,,,2,,1,1,,6,14,13,1,,,,,373,,,,,,,,,,,,,,4,,,Y,Y,A1200013,12
2026-07-26 05:04:46,data_go_kr,부산광역시,A1200026,좋은문화병원,5,20260726050016,051-630-0909,Y,Y,,,,,,,,,,,,,,,,2,1,,2,,,,,,,,,,,2,Y,,Y,,,,,,Y,N1,,,N1,Y,N1,48,N1,4,Y,Y,-1,0,Y,7,2,1,2,,,,12,,,,,,,,8,,,,,8,,,2,8,2,2,,3,6,17,,,,,1,270,,,,,,,,,,,,,,,,,Y,Y,A1200026,13
2026-07-26 05:04:46,data_go_kr,부산광역시,A1200017,의료법인정화의료재단 봉생기념병원,8,20260726050029,051-664-4119,,,,,,,,,,3,,,,,,,,,,2,2,,,,,,,,,,3,1,,,Y,,,,Y,,Y,Y,,,Y,Y,N1,48,N1,,N1,Y,,8,N1,9,,,2,,11,11,,,,,,,,,,,,,,8,,31,1,,1,2,2,11,,,4,,,,,335,,,,,,,,,,,,,,,,,Y,N1,A1200017,14
2026-07-26 05:04:46,data_go_kr,부산광역시,A1200011,동래봉생병원,5,20260726045834,051-520-5700,,,,,,,,,,,,,,,,,,,1,,1,,,,,2,,,,,,,,,Y,,,,Y,,Y,Y,,,Y,Y,N1,42,N1,4,N1,Y,,7,N1,8,,1,1,,,,,,,,,,,,18,2,,,,7,,,,,1,2,2,11,,,1,,,,,241,,,,,,,,,,,,,,,,,Y,N1,A1200011,15
2026-07-26 05:04:46,data_go_kr,부산광역시,A1200009,의료법인 광혜의료재단 광혜병원,9,20260726045736,051-504-2119,,,,,,,,,,,,,,,,,,,2,,1,,,,,,,,,,,0,,,Y,,,,,,Y,N1,,,N1,Y,N1,71,N1,0,N1,Y,,3,N1,9,,2,1,,,,,,,,,,,,9,,,,,3,,,1,,1,1,,4,,,,,,,,190,,,,,,,,,,,,,,,,,Y,N1,A1200009,16
2026-07-26 05:04:46,data_go_kr,부산광역시,A1200019,학교법인)동의병원,14,20260726045900,051-850-8777,,,,,,,,,,,,,,,,,,,,,1,,,,,,,,,,,,,,Y,,,,Y,,Y,Y,,,Y,Y,Y,101,N1,16,N1,Y,,1,N1,14,,,1,,,,,,,,,,,,23,,,,,5,,,,,2,2,2,7,,,2,1,,,,448,,,,,,,,,,,,,,,,,Y,N1,A1200019,17
2026-07-26 05:04:46,data_go_kr,부산광역시,A1200025,학교법인 춘해병원,6,20260726045819,051-608-0119,,,,,,,,,,,,,,,,,,,,,1,,,,,,,,,,,,,,Y,,,,,,Y,N1,,,N1,Y,N1,57,N1,,N1,Y,,4,N1,9,,,1,,,,,,,,,,,,,,,,,4,,,,,1,1,,3,,,,,,,,201,,,,,,,,,,,,,,,,,Y,N1,A1200025,18
2026-07-26 05:04:46,data_go_kr,부산광역시,A1200045,구포성심병원,6,20260726045742,051-330-2090,,,,,,,,,,,,,,,,,,,,,1,,,,,,,,,,,,,,Y,,,,Y,,Y,Y,,,N1,Y,N1,23,N1,,N1,Y,,4,N1,9,,,1,,,,,,,,,,,,,,,,,4,,,,,1,1,1,4,,,,,,,,243,,,,,,,,,,,,,,,,,Y,N1,A1200045,19
2026-07-26 05:04:46,data_go_kr,부산광역시,A1200006,의료법인 인당의료재단 부민병원,8,20260726045616,051-330-3129,,,,,,,,,,,,,,,,,,,1,,1,,,,,1,,,,,,,,,Y,,,,Y,,Y,Y,,,Y,Y,N1,18,N1,2,N1,Y,,8,N1,10,,1,1,,,,,,,,,,,,18,1,,,,8,,,,,2,3,1,7,,,1,,,,,366,,,,,,,,,,,,,,,,,Y,N1,A1200006,20
2026-07-26 05:04:46,data_go_kr,부산광역시,A1200016,한국보훈복지의료공단 부산보훈병원,10,20260726045758,051-601-6183,,,,,,,,,,,,,,,,,,,1,,1,,,,,1,,,,,,,,,Y,,,,Y,,Y,Y,,,N1,Y,N1,30,N1,6,N1,Y,,7,N1,11,,1,1,,,,,,,,,,,,9,1,,,,7,,,,,2,3,2,11,,,,,,,,452,,,,,,,,,,,,,,,,,Y,N1,A1200016,21
2026-07-26 05:04:46,data_go_kr,부산광역시,A1200021,삼육부산병원,6,20260726045926,051-600-7750,,Y,,,,,,,,,,,,,,,,,1,,,,,,,0,,,,,,,Y,,Y,,,,Y,,Y,Y,,,Y,Y,Y,5,N1,1,Y,Y,,,N1,9,,1,,,,,,,,,,,,,14,1,,,,,,,,1,2,1,1,9,,1,2,1,,,,302,,,,,,,,,,,,,,,,,Y,N1,A1200021,22
2026-07-26 05:04:46,data_go_kr,부산광역시,A1200008,의료법인 은성의료재단 좋은강안병원,15,20260726050003,051-610-9119,,,,,,,,,,,,,,,,,,,1,,2,,,,,1,,,,,,0,,,Y,,,,Y,,Y,Y,,,Y,Y,Y,79,N1,5,N1,Y,,11,N1,18,,1,2,,,,,,,,,,,,30,2,,,,11,,,3,,4,3,3,12,,,5,1,,,,535,,,,,,,,,,,,,,,,,Y,N1,A1200008,23
2026-07-26 05:04:46,data_go_kr,부산광역시,A1200098,의료법인 센텀의료재단 센텀종합병원,8,20260726045935,051-750-5119,,,,,,,,,,,,,,,,,,,,,1,,,,,1,,,,,,,,,Y,,,,Y,,Y,Y,,,N1,Y,N1,22,N1,2,N1,Y,,9,N1,9,,,1,,,,,,,,,,,,16,1,,,,9,,,,,2,2,1,11,,,,,,,,338,,,,,,,,,,,,,,,,,Y,N1,A1200098,24
2026-07-26 05:04:46,data_go_kr,부산광역시,A1200024,부산광역시의료원,16,20260726045913,051-607-2140,,N,,,,,,,,5,,,,,,,,,1,6,1,,,,,,,,,,8,6,N,,Y,,,,Y,,Y,Y,,,Y,Y,N1,122,N1,,N,Y,,7,N1,18,,1,1,,13,14,,,,,,,,,,,,,,7,,29,7,1,1,1,2,19,,2,4,,,,,398,,,,,,,,,,,,,,,,,Y,N1,A1200024,25
2026-07-26 05:04:46,data_go_kr,부산광역시,A1200012,의료법인 행도의료재단 해동병원,6,20260726045944,051-410-6688,,,,,,,,,,,,,,,,,,,1,,,,,,,,,,,,,0,,,Y,,,,,,Y,N1,,,Y,Y,N1,34,N1,4,N1,Y,,3,Y,6,,1,,,,,,,,,,,,,9,,,,,3,,,0,,1,1,,5,,,1,,,,12,256,,,,,,,,,,,,,,,,,Y,N1,A1200012,26
2026-07-26 05:04:46,data_go_kr,부산광역시,A1200014,영도병원,7,20260726045838,051-419-7575,,,,,,,,,,,,,,,,,,,1,,1,,,,,,,,,,,,,,Y,,,,,,Y,N1,,,N1,Y,N1,19,N1,2,N1,Y,,3,N1,7,,1,1,,,,,,,,,,,,10,,,,,3,,,,,1,1,,7,,,,,,,,217,,,,,,,,,,,,,,,,,Y,N1,A1200014,27
2026-07-26 05:04:46,data_go_kr,부산광역시,A1200023,재단법인천주교부산교구유지재단 메리놀병원,5,20260726050009,051-461-2300,,,,,,,,,,,,,,,,,,,,,1,,,,,0,,,,,,,Y,,Y,,,,Y,,Y,Y,,,Y,Y,N1,101,N1,3,N1,Y,,8,N1,9,,,1,,,,,,,,,,,,18,1,,,,8,,,,1,1,1,1,9,,,2,,,,,380,,,,,,,,,,,,,,,,,Y,N1,A1200023,28
2026-07-26 05:04:46,data_go_kr,부산광역시,A1205143,의료법인 인당의료재단 해운대부민병원,7,20260726045616,051-602-8119,,,,,,,,,,,,,,,,,,,1,,,,,,,0,,,,,,0,,,Y,,,,Y,,Y,Y,,,Y,Y,N1,40,N1,6,N1,Y,,8,Y,9,,1,,,,,,,,,,,,,19,2,,,,8,,,3,,2,2,1,10,,,1,,,,1,360,,,,,,,,,,,,,,,,,Y,N1,A1205143,29
2026-07-26 05:04:46,data_go_kr,대구광역시,A1300001,영남대학교병원,22,20260726045737,053-620-3177,Y,Y,,0,,,1,3,,2,0,,,,,,,3,2,10,3,7,,,1,3,5,,,,10,4,Y,,Y,6,,,Y,,Y,Y,,,Y,Y,Y,205,Y,,Y,Y,2,23,Y,28,3,2,3,21,10,15,15,,,,14,,7,,,13,30,,,23,,20,7,2,4,4,4,75,5,11,8,5,5,,1,704,,0,,,1,3,,0,,,,,,,,,Y,Y,A1300001,1
2026-07-26 05:04:46,data_go_kr,대구광역시,A1300002,경북대학교병원,12,20260726045706,053-200-5100,Y,Y,2,3,,,,,,4,,,,,,,,4,,4,,11,,,5,,30,,15,2,9,4,Y,,Y,4,2,6,Y,3,Y,Y,2,4,Y,Y,Y,182,Y,,Y,Y,1,17,N1,25,4,,,20,7,7,15,,,6,7,20,10,11,,,44,,40,17,2,20,5,2,5,5,5,82,8,11,11,9,5,,,582,2,3,,,,,,,,,,,,,2,6,Y,Y,A1300002,2
2026-07-26 05:04:46,data_go_kr,대구광역시,A1300004,대구가톨릭대학교병원,12,20260726045655,053-650-3000,Y,Y,,,,,,,,1,,,,,,,,,1,2,3,,,,,2,,,,,1,3,Y,Y,Y,2,,,Y,,Y,Y,,,Y,Y,Y,301,Y,0,Y,Y,3,19,N1,24,,1,3,,15,25,42,,,,16,,,,0,6,,,,19,,20,9,2,3,3,5,58,20,32,8,3,4,1,,704,,,,,,,,,,,,,,,,,Y,Y,A1300004,3
2026-07-26 05:04:46,data_go_kr,대구광역시,A1300003,계명대학교동산병원,10,20260726045946,053-258-6306,Y,Y,,,,,,,,0,,,,,,,,,2,1,3,,0,,,0,12,,,,3,4,Y,Y,Y,3,,,Y,,Y,Y,6,,Y,Y,Y,275,Y,2,Y,Y,2,24,Y,20,,2,3,,11,13,39,7,,8,15,,,,10,4,20,,,24,,20,16,6,6,5,7,56,13,37,9,4,14,1,2,769,,,,,,,,,,,,,,,,,Y,Y,A1300003,4
2026-07-26 05:04:46,data_go_kr,대구광역시,A1300009,대구파티마병원,1,20260726050000,053-940-7119,Y,Y,,,,,,,,3,,,,,,,,3,2,3,4,2,,,,2,3,,,,,,Y,,Y,8,,,Y,,Y,Y,,,Y,Y,Y,188,Y,,Y,Y,2,17,N1,25,5,2,5,2,17,8,8,,,,12,,,,,9,4,,,17,,,,2,5,3,4,32,11,19,5,1,1,,,539,,,,,,,,,,,,,,,,,Y,Y,A1300009,5
2026-07-26 05:04:46,data_go_kr,대구광역시,A1300010,칠곡경북대학교병원,16,20260726050009,053-200-2100,Y,Y,,,1,1,,,,4,,,,,,,,4,1,10,3,,3,1,,4,0,3,,,12,13,Y,,Y,,,,Y,,Y,Y,,,Y,Y,Y,259,Y,,Y,Y,5,19,N1,23,7,1,3,,10,15,39,10,2,,,,,,,4,0,8,,19,,20,13,2,8,5,8,52,9,27,9,3,1,,,760,,,1,1,,,,,,,,,,,,,Y,Y,A1300010,6
2026-07-26 05:04:46,data_go_kr,대구광역시,A1300034,드림종합병원,7,20260726050008,053-640-8575,,,,,,,,,,,,,,,,,1,,,,1,,,,,,,,,,,,,,Y,,,,Y,,Y,Y,,,Y,Y,Y,26,N1,,N1,N,,3,N1,8,,,1,,,,,,,,,,,,,,,,,3,,,,,2,1,1,2,,,1,1,,,,159,,,,,,,,,,,,,,1,,,Y,N1,A1300034,7
2026-07-26 05:04:46,data_go_kr,대구광역시,A1300006,의료법인구의료재단구병원,7,20260726050010,053-557-7119,,,,,,,,,,,,,,,,,,,,,1,,,,,0,,,,,,,,,Y,,,,,,Y,N1,,,N1,Y,N1,63,N1,7,N1,Y,,9,N1,10,,,1,,,,,,,,,,,,18,1,,,,9,,,,,3,1,,3,,,,,,,,235,,,,,,,,,,,,,,,,,Y,N1,A1300006,8
2026-07-26 05:04:46,data_go_kr,대구광역시,A1300110,더블유병원,10,20260726045846,053-550-5019,,,,,,,,,,,,,,,,,,,,,1,,,,,,,,,,,,,,Y,,,,,,Y,N1,,,N1,Y,N1,92,N1,,N1,N,,8,Y,10,,,1,,,,,,,,,,,,,,,,,8,,,,,1,1,,1,,,,,,,8,431,,,,,,,,,,,,,,,,,Y,N1,A1300110,9
2026-07-26 05:04:46,data_go_kr,대구광역시,A1300011,한국보훈복지의료공단대구보훈병원,11,20260726045925,053-630-7014,,,,,,,,,,,,,,,,,,,1,,1,,,,,1,,,,,,1,,,Y,,,,Y,,Y,Y,,,N1,Y,N1,52,N1,3,N1,Y,,6,N1,12,,1,1,,,,,,,,,,,,13,1,,,,6,,,1,,1,3,2,9,,,,,,,,406,,,,,,,,,,,,,,,,,Y,N1,A1300011,10
2026-07-26 05:04:46,data_go_kr,대구광역시,A1300045,삼일병원,10,20260726045959,053-659-3119,,,,,,,,,,,,,,,,,,,1,,,,,,,,,,,,,,,,Y,,,,Y,,Y,Y,,,N1,Y,N1,59,N1,,N1,N,,4,N1,14,,1,,,,,,,,,,,,,,,,,,4,,,,,3,2,1,3,,,,,,,,299,,,,,,,,,,,,,,,,,Y,N1,A1300045,11
2026-07-26 05:04:46,data_go_kr,대구광역시,A1300038,나사렛종합병원,7,20260726045655,053-643-3119,,,,3,,,,,,,,,,,,,,,,,1,,,,,1,,,,,,,,,Y,,,,Y,,Y,Y,,,Y,Y,N1,29,N1,5,N1,Y,,5,N1,9,,,1,,,,,,,,,,,,28,1,,,,5,,,,,2,2,2,5,,,1,,,,,231,,9,,,,,,,,,,,,,,,Y,N1,A1300038,12
2026-07-26 05:04:46,data_go_kr,대구광역시,A1300018,강남종합병원,13,20260726045552,053-980-9018,,,,,,,,,,,,,,,,,,,1,,,,,,,,,,,,,1,,,Y,,,,,,Y,N1,,,N1,Y,N1,57,N1,,N1,Y,,7,N1,15,,1,,,,,,,,,,,,,,,,,,7,,,1,,2,2,,2,,,,,,,,207,,,,,,,,,,,,,,,,,Y,N1,A1300018,13
2026-07-26 05:04:46,data_go_kr,대구광역시,A1300005,대구가톨릭대학교칠곡가톨릭병원,6,20260726045708,053-320-2111,,,,,,,,,,,,,,,,,,,,,1,,,,,,,,,,,,,,Y,,,,,,Y,N1,,,N1,Y,N1,36,N1,,N1,Y,,3,N1,9,,,1,,,,,,,,,,,,,,,,,3,,,,,2,2,,1,,,,,,,,161,,,,,,,,,,,,,,,,,Y,N1,A1300005,14
2026-07-26 05:04:46,data_go_kr,대구광역시,A1300076,대구굿모닝병원,16,20260726050035,053-620-9119,,,,,,,,,,,,,,,,,,,1,,1,,,,,1,,,,,,,,,Y,,,,Y,,Y,Y,,,N1,Y,N1,74,N1,2,N1,Y,,4,N1,17,,1,1,,,,,,,,,,,,26,1,,,,4,,,,,2,4,2,13,,,,,,,,226,,,,,,,,,,,,,,,,,Y,N1,A1300076,15
2026-07-26 05:04:46,data_go_kr,대구광역시,A1300007,대구의료원,18,20260726045901,053-560-7288,,Y,,,,,,,,,,,,,,,,,1,,1,,,,,0,,,,,1,1,Y,,Y,,,,,,Y,N1,,,N1,Y,N1,45,N1,5,Y,Y,,4,N1,18,,1,1,,,,,,,,,,,,18,1,,,,4,,82,3,1,1,1,,13,,4,,,,,,254,,,,,,,,,,,,,,,,,Y,N1,A1300007,16
2026-07-26 05:04:46,data_go_kr,대구광역시,A1300081,(재)미리내천주성삼성직수도회천주성삼병원,7,20260726050000,053-790-0555,,,,,,,,,,,,,,,,,,,,,1,,,,,,,,,,,,,,Y,,,,,,Y,N1,,,N1,Y,N1,20,N1,,N1,Y,,4,N1,9,,,1,,,,,,,,,,,,,,,,,4,,,,,1,2,,4,,,,,,,,294,,,,,,,,,,,,,,,,,Y,N1,A1300081,17
2026-07-26 05:04:46,data_go_kr,대구광역시,A1300008,곽병원,7,20260726045930,053-605-3333,,,,,,,,,,,,,,,,,,,,,2,,,,,,,,,,,,,,Y,,,,,,Y,N1,,,N1,Y,N1,17,N1,,N1,Y,,4,N1,10,,,2,,,,,,,,,,,,,,,,,4,,,,,1,1,,2,,,,,,,,221,,,,,,,,,,,,,,,,,Y,N1,A1300008,18
2026-07-26 05:04:46,data_go_kr,대구광역시,A1303386,계명대학교대구동산병원,12,20260726045901,053-250-8481,,,,,,,,,,,,,,,,,,,1,,1,,,,,0,,,,,,,N,,Y,,,,Y,,Y,Y,,,Y,Y,N1,39,N,0,N1,Y,,3,N1,12,,1,1,,,,,,,,,,,,7,5,,,,3,,,,0,2,1,1,6,,,6,,0,,,196,,,,,,,,,,,,,,,,,Y,N1,A1303386,19
2026-07-26 05:04:46,data_go_kr,인천광역시,A1400001,의료법인 길의료재단 길병원,14,20260726050035,032-460-3012,Y,Y,2,3,1,1,,0,,6,,,,,2,,,5,,5,,4,,2,3,5,25,3,9,2,11,12,Y,,Y,2,2,6,Y,3,Y,Y,,0,Y,Y,Y,426,Y,,Y,Y,0,3,Y,23,9,,,18,38,11,30,,2,,14,20,6,4,,11,30,6,47,3,2,18,13,3,6,6,7,113,19,40,19,10,6,,1,995,2,3,1,1,,2,,,,,,3,,,2,6,Y,Y,A1400001,1
2026-07-26 05:04:46,data_go_kr,인천광역시,A1400002,인하대학교의과대학부속병원,17,20260726045605,032-890-2301,Y,Y,,,1,1,,,,2,,,,,,,,5,2,0,5,1,0,0,2,0,5,3,,,3,7,Y,Y,Y,,,,Y,,Y,Y,,,Y,Y,Y,211,Y,1,Y,Y,0,16,Y,20,7,2,5,20,25,13,27,3,2,,,,7,,23,3,30,6,,16,,15,7,4,6,3,5,109,17,27,13,9,7,1,2,681,,,1,1,,,,,,,,,,,,,Y,Y,A1400002,2
2026-07-26 05:04:46,data_go_kr,인천광역시,A1400010,검단탑병원,18,20260726045700,032-590-0077,,,,,,,,,,,,,,,,,,,1,,2,,,,,0,,,,,,0,,,Y,,,,Y,,Y,Y,,,Y,Y,N1,52,N1,7,N1,Y,,6,N1,18,,1,2,,,,,,,,,,,,15,3,,,,6,,,2,,2,2,1,11,,,1,,,,,279,,,,,,,,,,,,,,,,,Y,N1,A1400010,3
2026-07-26 05:04:46,data_go_kr,인천광역시,A1403372,인천세종병원,15,20260726050009,032-240-8119,,,,,,,,,,,,,,,,,,,3,,,1,,,,1,2,,,,,3,,,Y,,,,Y,,Y,Y,,,Y,Y,Y,86,Y,10,N1,Y,,7,N1,18,,3,,2,,,,,,,,,,,20,2,3,,,7,,,6,,2,2,3,13,,,4,5,1,,,274,,,,,,,,,,,,,,,,,Y,N1,A1403372,4
2026-07-26 05:04:46,data_go_kr,인천광역시,A1400014,의료법인인성의료재단한림병원,15,20260726045617,032-540-9119,,,,,,,,,,,,,,,,,,,2,,2,,,,,2,,,,,,2,Y,,Y,,,,Y,,Y,Y,,,Y,Y,Y,60,N1,2,N1,Y,,6,N1,17,,2,2,,,,,,,,,,,,21,2,,,,6,,,2,1,3,2,2,20,,,3,3,,,,391,,,,,,,,,,,,,,,,,Y,N1,A1400014,5
2026-07-26 05:04:46,data_go_kr,인천광역시,A1400016,인천사랑병원,8,20260726045544,032-457-2119,,Y,,,,,,,,,,,,,,,4,,1,,2,,,,,1,0,,,,,1,Y,,Y,,,,Y,,Y,Y,,,Y,Y,N1,24,Y,13,Y,Y,,7,N1,14,,1,2,,,,,,,,,,,,17,1,5,,,7,,,1,1,2,1,1,12,,1,2,,1,,,281,,,,,,,,,,,,,,4,,,Y,N1,A1400016,6
2026-07-26 05:04:46,data_go_kr,인천광역시,A1400012,가톨릭대학교 인천성모병원,14,20260726050015,032-280-6107,Y,Y,,,,,,,,-1,,,,,,,,4,3,0,5,7,,,,0,,,,,,3,Y,,Y,7,,,Y,,Y,Y,,,Y,Y,Y,139,Y,,Y,Y,-1,17,N1,19,4,3,5,12,15,18,13,,,,15,,,,,10,,,,17,,,9,1,4,4,5,53,5,14,11,5,4,,,579,,,,,,,,,,,,,,,,,Y,Y,A1400012,7
2026-07-26 05:04:46,data_go_kr,인천광역시,A1400013,안은의료재단 부평세림병원,15,20260726050021,032-509-5777,,,,,,,,,,,,,,,,,,,1,,3,2,,,,1,0,,,,,2,,,Y,,,,Y,,Y,Y,,,Y,Y,Y,43,N1,5,N1,Y,,4,N1,16,,1,3,2,,,,,,,,,,,11,2,3,,,4,,,2,,3,2,1,9,,,1,1,,,,234,,,,,,,,,,,,,,,,,Y,N1,A1400013,8
2026-07-26 05:04:46,data_go_kr,인천광역시,A1400015,가톨릭관동대학교국제성모병원,14,20260726045914,032-290-3065,Y,Y,5,0,,,,,,4,,,18,,,,,3,0,,0,,,,,,,,,,3,3,Y,,Y,-4,,,Y,,Y,Y,,,Y,Y,N,235,Y,,Y,Y,,11,N1,23,3,0,0,,40,,,,,,13,,,,,,,,,11,,11,3,2,3,2,3,34,2,11,6,2,1,,,641,5,0,,,,,,,,21,,,,,,,Y,Y,A1400015,9
2026-07-26 05:04:46,data_go_kr,인천광역시,A1400003,의료법인 루가의료재단 나은병원,9,20260726045533,032-584-4119,,Y,,,,,,,,4,,,,,,,7,,1,6,2,,,,,3,,,,,,8,Y,,Y,,,,Y,,Y,Y,,,Y,Y,Y,91,Y,,Y,Y,,10,N1,11,,1,2,,14,13,,,,,,,,,,3,,,,10,,,9,1,2,2,3,17,,1,3,1,1,,,367,,,,,,,,,,,,,,7,,,Y,N1,A1400003,10
2026-07-26 05:04:46,data_go_kr,인천광역시,A1400011,의료법인 나사렛의료재단 나사렛국제병원,15,20260726045928,032-899-9699,,,,,,,,,,,,,,,,,,,1,,2,,,,,1,,,,,,,,,Y,,,,Y,,Y,Y,,,Y,Y,N1,67,N1,2,N1,Y,,5,N1,17,,1,2,,,,,,,,,,,,16,1,,,,5,,,,,2,2,2,8,,,2,,,,,282,,,,,,,,,,,,,,,,,Y,N1,A1400011,11
2026-07-26 05:04:46,data_go_kr,인천광역시,A1403617,비에스종합병원,10,20260726045613,032-290-0119,,Y,,,,,,,,,,,,,,,,,1,,,,,,,1,,,,,,,Y,,Y,,,,Y,,Y,Y,,,Y,Y,N1,102,N1,3,Y,N1,1,2,N1,10,,1,,,,,1,,,,,,,,18,1,,,,2,,,,1,1,,1,6,,1,1,,,,,180,,,,,,,,,,,,,,,,,Y,N1,A1403617,12
2026-07-26 05:04:46,data_go_kr,인천광역시,A1400005,온누리병원,8,20260726050033,032-568-9112,,,,,,,,,,,,,,,,,,,1,,1,,,,,,,,,,,,,,Y,,,,,,Y,N1,,,N1,Y,N1,44,N1,,N1,Y,,3,N1,9,,1,1,,,,,,,,,,,,,,,,,3,,,,,1,1,,5,,,,,,,,190,,,,,,,,,,,,,,,,,Y,N1,A1400005,13
2026-07-26 05:04:46,data_go_kr,인천광역시,A1403871,인천힘찬종합병원,16,20260726045852,032-459-3168,,,,,,,,,,,,,,,,,,,1,,2,,,,,0,,,,,,,,,Y,,,,,,Y,N1,,,N1,Y,N1,62,N1,2,N1,Y,,7,N1,17,,1,2,,,,,,,,,,,,8,1,,,,7,,,,,2,2,,1,,,,,,,,235,,,,,,,,,,,,,,,,,Y,N1,A1403871,14
2026-07-26 05:04:46,data_go_kr,인천광역시,A1400004,현대유비스병원,18,20260726045745,032-890-5582,,,,,,,,,,,,,,,,,,,1,,,,,,,1,,,,,,,,,Y,,,,Y,,Y,Y,,,Y,Y,N1,16,N1,5,N1,Y,,6,N1,18,,1,,,,,,,,,,,,,13,1,,,,6,,,,,2,2,1,8,,,2,,,,,285,,,,,,,,,,,,,,,,,Y,N1,A1400004,15
2026-07-26 05:04:46,data_go_kr,인천광역시,A1400008,(의)성세의료재단 뉴성민병원,9,20260726045543,032-726-1119,,,,,,,,,,,,,,,0,,,,,,1,,,,,2,,,,,,,,,Y,,,,,,Y,N1,,,Y,Y,N1,128,N1,9,N1,Y,,6,Y,9,,,1,,,,,,,,,,,,17,2,,,,6,,,,,2,2,,11,,,2,,,,1,265,,,,,,,,,,,,0,,,,,Y,N1,A1400008,16
2026-07-26 05:04:46,data_go_kr,인천광역시,A1400018,인천적십자병원,8,20260726045835,032-899-4119,,,,,,,,,,,,,,,,,,,1,,1,,,,,,,,,,,,,,Y,,,,,,Y,N1,,,N1,Y,N1,64,N1,3,N1,Y,,3,N1,8,,1,1,,,,,,,,,,,,8,,,,,3,,,,,1,1,,2,,,,,,,,104,,,,,,,,,,,,,,,,,Y,N1,A1400018,17
2026-07-26 05:04:46,data_go_kr,인천광역시,A1400037,인천광역시의료원백령병원,5,20260726050001,032-836-1732,Y,Y,,,,,,,,,,,,,,,,,,,1,,,,,,,,,,,,,,Y,,,,,,Y,N1,,,N1,Y,N1,30,N1,,Y,N1,,1,N1,5,,,1,,,,,,,,,,,,,,,,,1,,,,,1,,,1,1,2,,,,,,30,,,,,,,,,,,,,,,,,Y,Y,A1400037,18
2026-07-26 05:04:46,data_go_kr,인천광역시,A1400009,인천기독병원,8,20260726045952,032-270-8300,,,,,,,,,,,,,,,,,,,,,1,,,,,,,,,,,,,,Y,,,1,,,Y,N1,,,N1,Y,N1,37,N1,10,N1,Y,,4,N1,8,,,1,,,,,,,,,,,,10,,,,,4,,,,,1,1,,1,,,,,,,,139,,,,,,,,,,,,,,,,1,Y,N1,A1400009,19
2026-07-26 05:04:46,data_go_kr,인천광역시,A1400017,인천광역시의료원,14,20260726050002,032-580-6119,,,,,,,,,,,,,,,,,,,2,,,,,,,0,,,,,24,7,,,Y,,,,,,Y,N1,,,N1,Y,N1,28,N1,5,N1,Y,,6,N1,15,,2,,,,,,,,,,,,,13,0,,,,6,,45,7,,1,1,,19,,,,,,,,198,,,,,,,,,,,,,,,,,Y,N1,A1400017,20
2026-07-26 05:04:46,data_go_kr,인천광역시,A1400007,의료법인 성수의료재단 인천백병원,5,20260726045933,032-280-8119,,,,,,,,,,,,,,,,,,,,,1,,,,,,,,,,,,,,Y,,,,,,Y,N1,,,Y,Y,N1,42,N1,2,N1,Y,,4,N1,5,,,1,,,,,,,,,,,,12,,,,,4,,,,,2,2,,6,,,1,,,,,189,,,,,,,,,,,,,,,,,Y,N1,A1400007,21
2026-07-26 05:04:46,data_go_kr,대전광역시,A1600006,학교법인건양교육재단건양대학교병원,20,20260726045935,042-600-9119,Y,Y,,0,,,1,1,4,,0,0,0,0,,0,,4,2,,3,9,,,,4,6,,,,11,1,Y,,Y,,,,Y,,Y,Y,,,Y,Y,Y,317,Y,37,Y,Y,0,20,Y,24,5,2,3,16,,,24,,,,,,,,59,5,28,,,20,,20,1,2,4,4,4,46,17,23,10,3,1,,1,658,,0,,,1,3,4,0,0,0,0,,0,,,,Y,Y,A1600006,1
2026-07-26 05:04:46,data_go_kr,대전광역시,A1600001,충남대학교병원,13,20260726045900,042-280-8129,Y,Y,0,0,,,,,,2,,,,,,,0,5,2,5,3,6,2,,3,6,23,,,,16,9,Y,,Y,,,,Y,,Y,Y,,,Y,Y,Y,289,Y,3,Y,Y,9,21,N1,28,6,2,3,20,16,14,34,5,,,,,10,,12,8,30,,,21,,26,14,5,5,4,5,76,12,36,6,8,2,,,966,0,0,,,,,,,,,,,,0,,,Y,Y,A1600001,2
2026-07-26 05:04:46,data_go_kr,대전광역시,A1600002,학교법인을지학원대전을지대학교병원,20,20260726050000,042-259-1119,Y,Y,,,,,,,,5,,0,0,-10,-5,8,3,,2,5,1,,,,3,2,,,4,2,6,,Y,,Y,,2,5,Y,4,Y,Y,,,Y,Y,Y,96,Y,,Y,Y,16,15,N1,21,,2,1,,20,20,20,,,,,20,5,,,11,,,40,15,2,20,,16,4,2,4,70,12,47,7,3,3,,,331,,,,,,,,,0,0,0,0,30,3,2,6,Y,Y,A1600002,3
2026-07-26 05:04:46,data_go_kr,대전광역시,A1600007,의료법인영훈의료재단유성선병원,15,20260726045714,042-609-1119,,,,,,,,,,,,,,,,,,,2,,1,,,,,1,,,,,,1,Y,,Y,,,,Y,,Y,Y,,,Y,Y,Y,105,N1,3,N1,Y,,-4,Y,17,,2,1,,,,,,,,,,,,19,1,,,,7,,,1,1,3,3,2,17,,,2,1,,,1,368,,,,,,,,,,,,,,,,,Y,N1,A1600007,4
2026-07-26 05:04:46,data_go_kr,대전광역시,A1600005,학교법인가톨릭학원가톨릭대학교대전성모병원,13,20260726050012,042-220-9118,Y,Y,,,,,,,,4,,,,,,,,,3,1,,,,,3,0,,,,,,3,Y,,Y,2,,,Y,,Y,Y,1,0,Y,Y,Y,151,N1,,Y,Y,4,11,N1,19,,3,,,15,3,4,,,3,9,,3,2,,1,,,,12,,,4,1,3,2,4,24,5,7,5,2,,,,537,,,,,,,,,,,,,,,,,Y,Y,A1600005,5
2026-07-26 05:04:46,data_go_kr,대전광역시,A1600008,의료법인영훈의료재단대전선병원,16,20260726045709,042-220-8129,,,,,,,,,,,,,,,,,,,1,,3,,,,,-1,,,,,,0,Y,,Y,,,,Y,,Y,Y,,,Y,Y,N1,78,N1,7,N1,Y,,7,N1,17,,1,3,,,,,,,,,,,,24,1,,,,7,,,1,1,2,2,2,11,,,3,,,,,311,,,,,,,,,,,,,,,,,Y,N1,A1600008,6
2026-07-26 05:04:46,data_go_kr,대전광역시,A1600004,대전보훈병원,7,20260726045556,042-939-0100,,,,,,,,,,,,,,,,,,,1,,1,,,,,1,,,,,,1,,,Y,,,,Y,,Y,Y,,,N1,Y,N1,70,N1,3,N1,Y,,5,N1,7,,1,1,,,,,,,,,,,,10,1,,,,5,,,1,,1,3,1,12,,,,,,,,316,,,,,,,,,,,,,,,,,Y,N1,A1600004,7
2026-07-26 05:04:46,data_go_kr,대전광역시,A1600003,대전한국병원,7,20260726050001,042-606-1119,,Y,,,,,,,,,,,,,,,,,1,,,,,,,,,,,,,,Y,,Y,,,,Y,,Y,Y,,,Y,Y,N1,43,N1,5,Y,Y,,4,N1,9,,1,,,,,,,,,,,,,12,,,,,4,,,,4,2,2,2,6,,1,1,,,,,241,,,,,,,,,,,,,,,,,Y,N1,A1600003,8
2026-07-26 05:04:46,data_go_kr,대전광역시,A1602246,대청병원,8,20260726050005,042-589-0119,,,,,,,,,,,,,,,,,,,,,1,,,,,,,,,,,,,,Y,,,,,,Y,N1,,,Y,Y,N1,110,N1,1,N1,Y,,3,N1,9,,,1,,,,,,,,,,,,17,,,,,3,,,,,2,1,,10,,,1,,,,,245,,,,,,,,,,,,,,,,,Y,N1,A1602246,9
2026-07-26 05:04:46,data_go_kr,울산광역시,A1700004,학교법인울산공업학원울산대학교병원,8,20260726045743,052-250-7000,Y,Y,3,3,,,,0,,5,,,4,,5,,,8,0,11,0,3,,,3,8,14,,2,2,9,0,Y,,Y,,1,5,Y,13,Y,Y,,1,Y,Y,Y,189,Y,3,Y,Y,3,20,N1,21,8,0,0,12,13,16,26,,,,,20,6,2,8,8,36,,42,20,2,20,0,5,7,5,6,83,14,27,17,8,4,,,725,3,3,,,,8,,,,4,,5,,,2,6,Y,Y,A1700004,1
2026-07-26 05:04:46,data_go_kr,울산광역시,A1700028,의료법인정안의료재단중앙병원,13,20260726050011,052-226-1119,,,,,,,,,,,,,,,,,,,1,,2,2,,,,2,2,,,,,0,,,Y,,,,Y,,Y,Y,,,Y,Y,N1,73,N1,1,N1,Y,,8,N1,17,,1,2,2,,,,,,,,,,,18,2,4,,,8,,,1,,2,2,2,7,,,2,,,,,335,,,,,,,,,,,,,,,,,Y,N1,A1700028,2
2026-07-26 05:04:46,data_go_kr,울산광역시,A1700003,울산병원,17,20260726050004,052-259-5119,,,,,,,,,,,,,,,,,,,1,,2,1,,,,0,1,,,,,,,,Y,,,,Y,,Y,Y,,,Y,Y,Y,53,Y,10,N1,Y,,4,Y,19,,1,2,2,,,,,,,,,,,17,1,3,,,4,,,,,2,2,3,12,,,4,1,2,,2,343,,,,,,,,,,,,,,,,,Y,N1,A1700003,3
2026-07-26 05:04:46,data_go_kr,울산광역시,A1700025,의료법인송은의료재단울산시티병원,16,20260726050005,052-280-9119,,,,,,,,,,,,,,,,,,,1,,2,0,,,,2,2,,,,,,,,Y,,,,Y,,Y,Y,,,Y,Y,N1,53,N1,7,N1,Y,,8,N1,17,,1,2,2,,,,,,,,,,,24,3,3,,,8,,,,,2,2,2,17,,,4,,,,,347,,,,,,,,,,,,,,,,,Y,N1,A1700025,4
2026-07-26 05:04:46,data_go_kr,울산광역시,A1700002,의료법인동강의료재단동강병원,21,20260726045931,052-241-1190,,,,,,,,,,4,,,,,,,,,1,0,2,1,,,3,1,0,,,,,0,,Y,Y,,,,Y,,Y,Y,,,Y,Y,Y,155,N1,,N1,Y,,8,N1,24,,1,2,2,14,9,,,,,,,13,,,1,3,,,8,,,2,,3,2,4,25,,,7,5,,1,,513,,,,,,,,,,,,,,,,,Y,N1,A1700002,5
2026-07-26 05:04:46,data_go_kr,울산광역시,A1700011,의료법인은성의료재단좋은삼정병원,7,20260726045851,052-220-7600,,,,,,,,,,,,,,,,,,,,,1,,,,,0,,,,,,1,,,Y,,,,Y,,Y,Y,,,Y,Y,N1,49,N1,3,N1,Y,,7,N1,9,,,1,,,,,,,,,,,,14,1,,,,8,,,1,,2,2,1,5,,,1,,,,,283,,,,,,,,,,,,,,,,,Y,N1,A1700011,6
2026-07-26 05:04:46,data_go_kr,울산광역시,A1700001,서울산보람병원,10,20260726045856,052-255-7119,,,,,,,,,,,,,,,,,,,,,1,,,,,,,,,,,,,,Y,,,,,,Y,N1,,,N1,Y,N1,92,N1,,N1,Y,,3,N1,10,,,1,,,,,,,,,,,,,,,,,3,,,,,1,1,,1,,,,,,,,213,,,,,,,,,,,,,,,,,Y,N1,A1700001,7
2026-07-26 05:04:46,data_go_kr,세종특별자치시,A1800441,세종충남대학교병원,13,20260726045900,044-995-3010,Y,Y,,,1,1,,,,,,,,,,,,4,1,,2,,,1,,1,,5,,,,3,Y,,Y,,,,Y,,Y,Y,,,Y,Y,Y,123,Y,4,Y,Y,0,8,N1,17,6,1,2,,,,19,,2,,,,,,11,2,,6,,8,,,4,3,2,2,3,29,7,19,5,3,2,,,299,,,1,1,,,,,,,,,,,,,Y,Y,A1800441,1
2026-07-26 05:04:46,data_go_kr,세종특별자치시,A1800417,의료법인 영제 의료재단 엔케이세종병원,10,20260726045932,044-850-7777,,,,,,,,,,,,,,,,,,,,,1,,,,,,,,,,,,,,Y,,,,,,Y,N1,,,N1,Y,N1,140,N1,,N1,Y,,3,N1,10,,,1,,,,,,,,,,,,,,,,,3,,,,,1,1,,1,,,,,,,,200,,,,,,,,,,,,,,,,,Y,N1,A1800417,2
2026-07-26 05:04:46,data_go_kr,경기도,A2100042,의료법인명지의료재단명지병원,9,20260726050000,031-810-7119,Y,Y,3,2,,3,0,0,1,,0,0,0,0,0,0,,0,0,,2,4,,,,4,10,,,,0,0,Y,Y,Y,,,,Y,,Y,Y,,,Y,Y,Y,162,Y,11,Y,Y,3,13,Y,15,0,0,3,16,,,3,,,,,,,,31,4,28,,,13,,0,0,2,6,3,5,49,4,5,8,5,2,1,2,443,3,2,,3,4,3,2,0,0,0,0,0,0,,,,Y,Y,A2100042,1
2026-07-26 05:04:46,data_go_kr,경기도,A2100033,국민건강보험공단일산병원,17,20260726050003,031-900-0761,Y,Y,,,,,0,,1,5,,0,0,,0,0,,4,2,7,3,0,,,3,2,12,,,,4,0,Y,,Y,,,,Y,,Y,Y,,,Y,Y,Y,186,N1,,Y,Y,6,1,N1,23,5,2,3,19,10,16,25,,,,,,6,,,11,29,,,2,,28,4,2,4,3,3,60,8,28,13,5,,,,659,,,,,1,,1,,0,0,,0,0,,,,Y,Y,A2100033,2
2026-07-26 05:04:46,data_go_kr,경기도,A2100005,순천향대학교부속부천병원,13,20260726045621,032-621-5117,Y,Y,2,1,,,,,,5,,0,,0,0,,,4,0,7,0,9,,,,4,21,,,,,4,Y,Y,Y,,,4,Y,,Y,Y,,,Y,Y,Y,275,Y,9,Y,Y,2,21,Y,17,5,0,0,20,16,15,24,,,,,,,,22,8,34,,,21,,,7,1,4,3,5,71,9,31,17,4,3,1,1,674,2,3,,,,,,,0,,0,0,,,,5,Y,Y,A2100005,3
2026-07-26 05:04:46,data_go_kr,경기도,A2100001,분당서울대학교병원,-4,20260726045800,031-787-3119,Y,Y,,,,,,3,,4,,,5,9,,,,4,2,2,3,2,0,,5,0,9,,,,1,3,Y,,Y,2,,2,Y,,Y,Y,,,Y,Y,Y,404,Y,0,Y,Y,0,38,N1,30,5,2,3,15,13,13,35,6,,,10,,9,,8,1,30,,,39,,15,3,3,11,11,11,128,17,39,16,8,8,,,1247,,,,,,5,,,,5,9,,,,,2,Y,Y,A2100001,4
2026-07-26 05:04:46,data_go_kr,경기도,A2100030,차의과학대학교분당차병원,18,20260726045543,031-780-5840,Y,Y,2,3,1,1,0,0,,0,,,0,,0,,0,9,,4,,0,,0,0,1,14,6,,,11,,Y,,Y,0,,,Y,,Y,Y,,,Y,Y,Y,203,Y,,Y,Y,7,26,N1,22,11,,,14,8,9,35,,2,,7,,6,,,4,43,6,,26,,22,,8,5,3,4,40,26,46,6,2,2,,,726,2,3,1,1,2,2,,,,0,,1,,0,,,Y,Y,A2100030,5
2026-07-26 05:04:46,data_go_kr,경기도,A2100002,아주대학교병원,19,20260726045935,031-219-7777,Y,Y,2,6,1,2,,0,,3,,,,0,0,,0,6,0,5,0,6,,1,5,0,24,0,0,3,5,5,Y,,Y,5,0,6,Y,2,Y,Y,0,5,Y,Y,Y,161,Y,,Y,Y,5,25,N1,30,9,0,0,16,14,10,36,,2,6,13,40,7,11,,3,42,6,60,25,3,20,8,3,8,6,9,126,27,34,32,9,7,,,792,2,6,1,4,,2,,,,,0,0,,0,2,6,Y,Y,A2100002,6
2026-07-26 05:04:46,data_go_kr,경기도,A2100003,고려대학교의과대학부속안산병원,16,20260726045915,031-412-5381,Y,Y,2,2,,,0,,,0,,,,,,,,4,,13,2,5,,,2,0,24,,,,9,5,Y,,Y,,,,Y,,Y,Y,,,Y,Y,Y,185,Y,0,Y,Y,1,20,N1,22,4,,3,18,10,13,25,,,,,,10,,6,3,30,,,20,,16,10,2,3,4,4,66,15,19,8,5,3,,,605,2,3,,,2,,,,,,,,,,,,Y,Y,A2100003,7
2026-07-26 05:04:46,data_go_kr,경기도,A2100004,한림대학교성심병원,18,20260726045756,031-380-1500,Y,Y,0,5,,,0,,,0,,,,,,,,3,2,4,4,5,,,,1,19,,,,11,2,Y,Y,Y,,,,Y,,Y,Y,0,6,Y,Y,Y,174,Y,,Y,Y,5,18,N1,25,3,2,4,19,27,16,9,,,8,,,,18,,3,30,,,19,,20,14,2,4,3,6,102,8,10,20,14,2,1,,610,0,5,,,1,,,,,,,,,,,,Y,Y,A2100004,8
2026-07-26 05:04:46,data_go_kr,경기도,A2100040,가톨릭대학교의정부성모병원,27,20260726050013,031-820-5200,Y,Y,,,,,0,0,,,,,,,,,,11,2,,4,3,,,1,1,17,,8,2,,,Y,,Y,,2,6,Y,2,Y,Y,,,Y,Y,Y,192,Y,1,Y,Y,-1,13,N1,42,11,2,4,18,,,15,,,,,20,6,,26,4,30,,53,13,2,,,3,4,3,4,54,10,28,12,4,3,,,519,,,,,1,1,,,,,,,,,2,6,Y,Y,A2100040,9
2026-07-26 05:04:46,data_go_kr,경기도,A2100047,동국대학교일산불교병원,13,20260726050000,031-961-7777,Y,Y,,,,,,,,7,,,,,,,3,3,1,6,3,,,,,1,,,,,15,0,Y,,Y,,,,Y,,Y,Y,,,Y,Y,Y,180,Y,,Y,Y,11,12,N1,19,3,1,3,,16,13,13,,,,,,,,,4,,,,12,,15,0,8,2,2,2,19,13,25,4,2,1,,,463,,,,,,,,,,,,,,3,,,Y,Y,A2100047,10
2026-07-26 05:04:46,data_go_kr,경기도,A2100038,인제대학교일산백병원,22,20260726045829,031-910-7114,N,N,,,,,,,,0,,,,,,,,,3,2,2,,,,,0,,,,,5,1,Y,,Y,,,,Y,,Y,Y,,1,Y,Y,Y,194,Y,,N,Y,,17,N1,34,,3,3,,25,32,,,,,,,,4,,4,,,,17,,16,2,3,3,3,4,54,18,22,7,3,1,,,545,,,,,,,,,,,,,,,,,Y,N,A2100038,11
2026-07-26 05:04:46,data_go_kr,경기도,A2118788,중앙대학교광명병원,19,20260726050009,02-2222-1351,Y,Y,0,0,,,,,,,,,,,,,,,1,,1,,,,5,3,,,,,,2,Y,,Y,,,,Y,,Y,Y,4,,Y,Y,Y,206,Y,12,Y,Y,0,17,N1,21,,1,2,,,,16,,,5,,,5,,24,6,,,,17,,,2,2,2,2,5,28,6,16,5,4,10,,,576,0,0,,,,,,,,,,,,,,,Y,Y,A2118788,12
2026-07-26 05:04:46,data_go_kr,경기도,A2100007,광명성애병원,6,20260726045941,02-2680-7116,Y,Y,,,,,,,,,,,,,,6,,4,1,,2,,,,,0,,,,,,,Y,,Y,,,,Y,,Y,Y,,,Y,Y,N1,62,N1,10,Y,Y,,5,N1,11,4,1,4,,,,,,,,,,,,13,1,,,,5,,,,2,2,2,1,12,2,5,1,,,,,189,,,,,,,,,,,,,50,,,,Y,Y,A2100007,13
2026-07-26 05:04:46,data_go_kr,경기도,A2100155,참조은병원,3,20260726045941,031-881-9119,,,,,,,,,,,,,,0,0,,6,1,1,,3,,,,,3,,,,,,1,,,Y,,,,Y,,Y,Y,,,Y,Y,N1,51,Y,-1,N1,Y,,7,N1,9,1,1,3,,,,,,,,,,,,22,3,,,,7,,,2,,3,3,2,18,,,3,,2,,,286,,,,,,,,,,,0,0,,6,,,Y,N1,A2100155,14
2026-07-26 05:04:46,data_go_kr,경기도,A2100039,한양대학교구리병원,15,20260726045800,1644-9118,Y,Y,,,,,,,,0,,,,,,,,,1,2,4,,,,,,,,,,,4,Y,,Y,,,,Y,,Y,Y,,,Y,Y,Y,173,Y,,Y,Y,1,9,N1,18,,1,4,,17,14,10,,,,,,,,,,,,,9,,,5,1,3,2,3,21,6,14,4,2,2,,,488,,,,,,,,,,,,,,,,,Y,Y,A2100039,15
2026-07-26 05:04:46,data_go_kr,경기도,A2100054,효산의료재단지샘병원,16,20260726045544,031-389-3119,,,,,,,,,,,,,,,,,1,,2,,1,,,,,1,,,,,,1,,,Y,,,,Y,,Y,Y,,,Y,Y,N1,77,N1,3,N1,Y,,5,N1,18,,2,1,,,,,,,,,,,,18,1,,,,5,,,2,,2,1,3,11,,,2,,,,,367,,,,,,,,,,,,,,1,,,Y,N1,A2100054,16
2026-07-26 05:04:46,data_go_kr,경기도,A2100048,원광대학교산본병원,13,20260726045939,031-390-2345,,,,,,,,,,,,,,,,,,,1,,2,,,,,,,,,,,,Y,,Y,,,,Y,,Y,Y,,,Y,Y,N1,80,N1,7,N1,Y,,5,N1,17,,1,2,,,,,,,,,,,,12,,,,,5,,,,1,1,1,1,1,,,2,,,,,188,,,,,,,,,,,,,,,,,Y,N1,A2100048,17
2026-07-26 05:04:46,data_go_kr,경기도,A2100053,의료법인우리의료재단김포우리병원,19,20260726050005,031-999-1119,,,,,,,,,,,,,,0,0,0,,,1,,6,,,,,0,,,,,,3,,,Y,,,,Y,,Y,Y,,,Y,Y,Y,76,Y,0,N1,Y,,7,N1,22,,1,6,,,,,,,,,,,,36,1,,,,7,,,11,,2,2,2,48,,,4,1,2,,,477,,,,,,,,,,,0,0,0,,,,Y,N1,A2100053,18
2026-07-26 05:04:46,data_go_kr,경기도,A2100006,의료법인인봉의료재단뉴고려병원,13,20260726050004,031-980-9119,,,,,,,,,,,,,,,,,3,,1,,2,,,,,7,,,,,,,,,Y,,,,Y,,Y,Y,,,Y,Y,N1,89,N1,6,N1,Y,,6,N1,14,,1,2,,,,,,,,,,,,24,10,,,,6,,,,,2,2,2,7,,,1,,,,,278,,,,,,,,,,,,,,3,,,Y,N1,A2100006,19
2026-07-26 05:04:46,data_go_kr,경기도,A2100041,남양주한양병원,17,20260726050031,031-510-0119,,,,,,,,,,,,,,,,,,,1,,2,,,,,11,,,,,,,,,Y,,,,Y,,Y,Y,,,Y,Y,N1,88,N1,5,N1,Y,,,Y,17,,1,2,,,,,,,,,,,,17,23,,,,,,,,,2,2,1,33,,,2,,,,1,244,,,,,,,,,,,,,,,,,Y,N1,A2100041,20
2026-07-26 05:04:46,data_go_kr,경기도,A2100037,현대병원,15,20260726045741,031-574-0114,,,,,,,,,,,,,,,,,,,3,,,,,,,1,,,,,,,,,Y,,,,Y,,Y,Y,,,Y,Y,N1,68,Y,0,N1,Y,,7,N1,17,,3,,,,,,,,,,,,,19,20,,,,7,,,,,2,2,2,50,,,17,,2,,,342,,,,,,,,,,,,,,,,,Y,N1,A2100037,21
2026-07-26 05:04:46,data_go_kr,경기도,A2100055,부천세종병원,16,20260726050010,032-340-1119,Y,Y,,,,,,,,,,,,,,,,,1,,2,1,,,,0,1,,,,,0,Y,,Y,,,,Y,,Y,Y,,,Y,Y,Y,86,Y,0,Y,Y,,6,N1,17,,1,2,2,,,,,,,,,,,20,2,3,,,6,,,6,1,2,1,5,18,1,1,5,4,1,,,268,,,,,,,,,,,,,,,,,Y,Y,A2100055,22
2026-07-26 05:04:46,data_go_kr,경기도,A2100052,가톨릭대학교부천성모병원,26,20260726050013,032-340-2100,Y,Y,,,,,,,,0,,,,,,,3,,2,1,1,,,,,0,,,,,,3,Y,,Y,4,,,Y,,Y,Y,,,Y,Y,Y,202,Y,,Y,Y,9,14,N1,31,,2,1,,16,12,10,,,,18,,,,,4,,,,14,,,4,3,3,3,3,28,4,14,11,1,2,,,562,,,,,,,,,,,,,,3,,,Y,Y,A2100052,23
2026-07-26 05:04:46,data_go_kr,경기도,A2100025,대진의료재단분당제생병원,15,20260726050000,031-779-0119,Y,Y,,,,,,,,4,,,7,,,,,3,1,7,2,,,,,2,,,,,,0,Y,Y,Y,,,,Y,,Y,Y,,,Y,Y,Y,151,Y,,Y,Y,1,9,N1,24,3,1,2,,11,14,3,,,,,,,,,4,,,,9,,,2,2,4,3,3,22,1,5,5,2,3,1,,484,,,,,,,,,,7,,,,,,,Y,Y,A2100025,24
2026-07-26 05:04:46,data_go_kr,경기도,A2116806,성남시의료원,16,20260726050000,031-738-7300,,,,,,,,,,,,,,,,,,6,2,18,4,,,,,3,,,,,,28,,,Y,,,,Y,,Y,Y,,,Y,Y,Y,106,Y,,N1,Y,,8,Y,17,6,2,4,,,25,,,,,,,,,,5,,,,8,,,28,,3,2,2,31,,,6,3,1,,2,241,,,,,,,,,,,,,,,,,Y,N1,A2116806,25
2026-07-26 05:04:46,data_go_kr,경기도,A2117135,의료법인명인의료재단화홍병원,12,20260726045514,031-8021-6829,Y,,,,,,,,,,,,,,,,,,2,,3,,,,,0,,,,,,,,,Y,,,,,,Y,N1,,,N1,Y,Y,59,N1,14,N1,Y,,6,Y,15,,2,3,,,,,,,,,,,,29,1,,,,6,,,,,2,2,,4,1,,,1,,,1,228,,,,,,,,,,,,,,,,,Y,Y,A2117135,26
2026-07-26 05:04:46,data_go_kr,경기도,A2100009,의료법인녹산의료재단동수원병원,17,20260726045801,031-210-0119,,Y,,,,,,,,,,,,,,,,,1,,2,0,,,,0,2,,,,,0,Y,,Y,,,,Y,,Y,Y,,,Y,Y,N1,67,N1,10,Y,Y,,5,N1,17,,1,2,2,,,,,,,,,,,18,3,4,,,5,,,1,1,2,2,1,15,,4,1,,,,,335,,,,,,,,,,,,,,,,,Y,N1,A2100009,27
2026-07-26 05:04:46,data_go_kr,경기도,A2100012,가톨릭대학교성빈센트병원,17,20260726050014,031-249-7370,Y,Y,,,1,1,,,,8,,,,,,,,5,2,8,2,3,,2,8,2,,6,,,8,3,Y,,Y,9,,,Y,,Y,Y,,1,Y,Y,Y,289,Y,,Y,Y,2,19,N1,28,6,2,2,4,20,11,18,,2,,15,,8,8,,5,,6,,19,,30,11,2,5,4,6,52,7,18,12,4,4,,,658,,,1,1,,,,,,,,,,,,,Y,Y,A2100012,28
2026-07-26 05:04:46,data_go_kr,경기도,A2100008,의료법인남촌의료재단시화병원,16,20260726045652,031-5189-0567,,,,,,,,,,,,,,,,,,5,1,,4,,,,,1,,,,,,1,Y,,Y,,,,Y,,Y,Y,,,Y,Y,Y,75,N1,18,N1,Y,,7,N1,16,5,1,5,,,,,,,,,,,,52,1,,,,7,,,1,1,3,3,2,29,,,4,2,,,,461,,,,,,,,,,,,,,,,,Y,N1,A2100008,29
2026-07-26 05:04:46,data_go_kr,경기도,A2100017,대아의료재단한도병원,16,20260726045603,031-8040-1129,,,,,,,,,,,,,,,,,,,1,,2,,,,,1,,,,,,,,,Y,,,,Y,,Y,Y,,,Y,Y,N1,96,N1,10,N1,Y,,6,N1,17,,1,2,,,,,,,,,,,,29,1,,,,6,,,,,3,2,2,15,,,3,,,,,327,,,,,,,,,,,,,,,,,Y,N1,A2100017,30
2026-07-26 05:04:46,data_go_kr,경기도,A2100015,효산의료재단안양샘병원,9,20260726045913,031-467-9119,,,,,,,,,,0,,,,,,,,,1,3,2,,,,,1,,,,,,,,,Y,,,,Y,,Y,Y,,,Y,Y,Y,61,N1,,N1,Y,,6,N1,17,,1,2,,9,9,,,,,,,,,,1,,,,6,,,,,2,1,2,12,,,2,1,,,,307,,,,,,,,,,,,,,,,,Y,N1,A2100015,31
2026-07-26 05:04:46,data_go_kr,경기도,A2100024,오산한국병원,14,20260726045844,031-378-5119,,,,,,,,,,,,,,,,,,,1,,1,1,,,,1,3,,,,,2,,,Y,,,,Y,,Y,Y,,,Y,Y,N1,50,Y,2,N1,Y,,5,N1,17,,1,2,2,,,,,,,,,,,32,1,3,,,5,,,2,,2,2,2,17,,,2,,1,,,259,,,,,,,,,,,,,,,,,Y,N1,A2100024,32
2026-07-26 05:04:46,data_go_kr,경기도,A2100020,연세대학교의과대학용인세브란스병원,14,20260726045644,031-5189-9001,Y,Y,,,,,,,,6,,,,,,,,6,1,6,3,,,,,1,,,,,,2,Y,,Y,,,,Y,,Y,Y,,,Y,Y,Y,185,Y,,Y,Y,0,15,N1,16,6,1,3,,19,16,12,,,,,,,,,2,,,,15,,,4,2,3,3,4,31,6,18,6,3,4,,,597,,,,,,,,,,,,,,,,,Y,Y,A2100020,33
2026-07-26 05:04:46,data_go_kr,경기도,A2100029,강남병원,12,20260726045850,031-300-0119,,,,,,,,,,,,,,,,,,,1,,2,2,,,,1,2,,,,,,,,Y,,,,,,Y,N1,,,Y,Y,N1,22,N1,14,N1,Y,,4,N1,17,,1,2,2,,,,,,,,,,,30,1,3,,,4,,,,,2,2,,7,,,2,,,,,264,,,,,,,,,,,,,,,,,Y,N1,A2100029,34
2026-07-26 05:04:46,data_go_kr,경기도,A2100019,(의)영문의료재단다보스병원,9,20260726050025,031-8021-2130,,,,,,,,,,,,,,,,,4,,1,,2,1,,,,1,1,,,,,,,,Y,,,,,,Y,N1,,,Y,Y,N1,45,N1,2,N1,Y,,6,N1,13,,1,2,2,,,,,,,,,,,23,1,3,,,6,,,,,1,1,,7,,,2,,,,,222,,,,,,,,,,,,,,4,,,Y,N1,A2100019,35
2026-07-26 05:04:46,data_go_kr,경기도,A2117994,학교법인을지학원의정부을지대학교병원,29,20260726045601,031-8074-0119,Y,Y,,,,,,,,4,,,,,,,8,6,1,3,1,,,,,2,,,,,4,2,Y,,Y,,0,0,Y,,Y,Y,,,Y,Y,Y,235,Y,,Y,Y,3,12,N1,30,6,1,2,,29,22,5,,,,,,,,,2,,,,14,,22,6,8,3,3,4,48,5,5,6,3,2,,,588,,,,,,,,,,,,,,8,0,0,Y,Y,A2117994,36
2026-07-26 05:04:46,data_go_kr,경기도,A2100193,경기도의료원이천병원,14,20260726050002,031-630-4333,,,,,,,,,,,,,,,,,,,1,,2,2,,,,2,0,,,,,6,,,Y,,,,,,Y,N1,,,N1,Y,N1,40,N1,2,N1,Y,,4,N1,17,,1,2,2,,,,,,,,,,,6,2,3,,,4,,,6,,1,1,,8,,,,,,,,187,,,,,,,,,,,,,,,,,Y,N1,A2100193,37
2026-07-26 05:04:46,data_go_kr,경기도,A2100035,경기도의료원파주병원,16,20260726050001,031-940-9119,,,,,,,,,,,,,,,,,,,1,,2,1,,,,,1,,,,,,Y,,Y,,,,,,Y,N1,,,N1,Y,N1,83,N1,5,N1,Y,,3,N1,17,,1,2,2,,,,,,,,,,,8,,3,,,3,,,,1,1,1,,9,,,,,,,,189,,,,,,,,,,,,,,,,,Y,N1,A2100035,38
2026-07-26 05:04:46,data_go_kr,경기도,A2100028,의료법인백송의료재단굿모닝병원,17,20260726050019,031-5182-7582,,,,,,,,,,,,,,,,,5,,2,,1,,,,,1,,,,,,,,,Y,,,,Y,,Y,Y,,,Y,Y,Y,98,N1,5,N1,Y,,7,Y,19,,2,1,,,,,,,,,,,,27,3,,,,7,,,,,5,3,3,23,,,5,3,,,1,392,,,,,,,,,,,,,,6,,,Y,N1,A2100028,39
2026-07-26 05:04:46,data_go_kr,경기도,A2113246,의료법인양진의료재단평택성모병원,16,20260726045737,070-5012-0119,,,,,,,,,,,,,,,,0,,,1,,2,2,,,,2,3,,,,,,,,Y,,,,Y,,Y,Y,,,Y,Y,N1,55,N1,14,N1,Y,,6,N1,17,,1,2,2,,,,,,,,,,,34,2,3,,,6,,,,,3,3,2,8,,,2,,,,,329,,,,,,,,,,,,,0,,,,Y,N1,A2113246,40
2026-07-26 05:04:46,data_go_kr,경기도,A2100031,경기도의료원포천병원,17,20260726050001,031-539-9119,,Y,,,,,,,,,,,,,,,,,1,,2,,,,,0,,,,,,1,Y,,Y,,,,,,Y,N1,,,N1,Y,N1,54,N1,2,Y,Y,,4,N1,17,,1,2,,,,,,,,,,,,10,0,,,,4,,,3,3,1,1,,7,,2,,,,,,137,,,,,,,,,,,,,,,,,Y,N1,A2100031,41
2026-07-26 05:04:46,data_go_kr,경기도,A2100046,한림대학교동탄성심병원,24,20260726045930,031-8086-2119,Y,Y,3,0,,,,,,11,,,,,,,,9,,3,,,,,2,7,,,,,,6,Y,Y,Y,,,,Y,,Y,Y,3,,Y,Y,Y,189,Y,,Y,Y,12,20,Y,32,9,,,,28,13,13,,,13,,,9,,,11,,,,20,,,11,1,6,3,6,51,8,16,17,5,5,1,1,515,3,0,,,,,,,,,,,,,,,Y,Y,A2100046,42
2026-07-26 05:04:46,data_go_kr,경기도,A2100290,의료법인자인의료재단(더자인병원),16,20260726050028,031-930-3119,,,,,,,,,,,,,,,,,,,2,,2,2,,,,1,1,,,,,,,,Y,,,,Y,,Y,Y,,,Y,Y,N1,85,N1,5,N1,N,,5,N1,16,,2,2,2,,,,,,,,,,,10,2,3,,,5,,,,,2,2,1,15,,,1,,,,,233,,,,,,,,,,,,,,,,,Y,N1,A2100290,43
2026-07-26 05:04:46,data_go_kr,경기도,A2100049,국립암센터,14,20260726050000,031-920-0119,,N,,,,,,,,,,,,,,,,,,,1,,,,,8,,,,,,,,,Y,,,,Y,,Y,Y,,,Y,Y,Y,146,Y,14,N,Y,,18,N1,24,,,1,,,,,,,,,,,,19,9,,,,18,,,,,7,5,3,29,,1,8,2,7,,,554,,,,,,,,,,,,,,,,,Y,N1,A2100049,44
2026-07-26 05:04:46,data_go_kr,경기도,A2116972,의료법인성광의료재단일산차병원,6,20260726045803,031-782-8587,Y,Y,,,,,,,,,,,,,,,,,,,3,,,,,1,,,,,,1,Y,,,,,,,,Y,N1,,,N1,N1,N1,70,N1,4,Y,N1,0,10,N1,6,,,4,,,,17,,,,,,,,4,1,,,,10,,,1,9,,,,4,11,19,,,,,,179,,,,,,,,,,,,,,,,,Y,Y,A2116972,45
2026-07-26 05:04:46,data_go_kr,경기도,A2118188,엘병원,8,20260726045836,031-527-6119,,,,,,,,,,,,,,,,,,,,,2,,,,,0,,,,,,0,,,Y,,,,,,Y,N1,,,N1,Y,N1,56,N1,6,N1,Y,,3,N1,8,,,2,,,,,,,,,,,,8,1,,,,3,,,1,,1,1,,2,,,,,,,,146,,,,,,,,,,,,,,,,,Y,N1,A2118188,46
2026-07-26 05:04:46,data_go_kr,경기도,A2100050,의료법인대인의료재단다니엘종합병원,6,20260726050002,032-670-0119,,,,,,,,,,,,,,,,,,,1,,3,,,,,1,,,,,,,,,Y,,,,,,Y,N1,,,N,Y,N1,36,N1,9,N1,Y,,3,N1,6,,1,3,,,,,,,,,,,,30,1,,,,3,,,,,1,1,,17,,,1,,,,,169,,,,,,,,,,,,,,,,,Y,N1,A2100050,47
2026-07-26 05:04:46,data_go_kr,경기도,A2100258,국군수도병원,16,20260726050013,031-725-6119,,,,,,,,,,,,,,2,6,,,,0,,,,,,,1,,,15,,2,,,,Y,,,,Y,15,Y,Y,,,Y,Y,Y,154,N1,10,N1,Y,,9,N1,16,,2,,,,,,,,,,20,,,12,1,,,40,9,,15,,,3,4,2,2,,,5,2,,,,530,,,,,,,,,,,2,6,,,,,Y,N1,A2100258,48
2026-07-26 05:04:46,data_go_kr,경기도,A2100016,순천의료재단성남정병원,9,20260726045846,031-750-6003,,,,,,,,,,,,0,,,27,,,,2,,,,,,,,,,,,,,,,Y,,,,,,Y,N1,,,N1,Y,N1,75,N1,,N1,Y,,4,N1,9,,2,,,,,,,,,,,,,,,,,,4,,,,,1,1,,1,,,,,,,,98,,,,,,,,,0,,,105,,,,,Y,N1,A2100016,49
2026-07-26 05:04:46,data_go_kr,경기도,A2121061,의료법인덕산의료재단수원덕산병원,23,20260726050005,031-686-2911,N,Y,,,,,,,,,,,,,,,,3,1,,2,2,,,,0,2,,,,,0,Y,,Y,,,,Y,,Y,Y,,,Y,Y,Y,102,N1,4,Y,Y,,9,N1,24,3,1,2,2,,,,,,,,,,,22,3,4,,,9,,,5,5,3,2,2,15,N,2,5,2,,,,403,,,,,,,,,,,,,,,,,Y,N,A2121061,50
2026-07-26 05:04:46,data_go_kr,경기도,A2100032,경기도의료원수원병원,7,20260726050002,031-888-0119,,,,,,,,,,,,,,,,,3,,,,2,,,,,,,,,,,2,,,Y,,,,,,Y,N1,,,N1,Y,N1,44,N1,7,N1,Y,,3,N1,8,,,2,,,,,,,,,,,,9,,,,,3,,,2,,1,1,,9,,,,,,,,156,,,,,,,,,,,,,,3,,,Y,N1,A2100032,51
2026-07-26 05:04:46,data_go_kr,경기도,A2100175,의료법인토마스의료재단윌스기념병원,15,20260726045757,031-240-6119,,,,,,,,,,,,,,,,,,,1,,2,2,,,,0,3,,,,,,Y,,Y,,,,Y,,Y,Y,,,Y,Y,N1,75,N1,10,N1,Y,,10,N1,18,,1,2,2,,,,,,,,,,,18,1,3,,,10,,,,1,1,4,1,1,,,1,,,,,282,,,,,,,,,,,,,,,,,Y,N1,A2100175,52
2026-07-26 05:04:46,data_go_kr,경기도,A2100027,의료법인석경의료재단센트럴병원,18,20260726045732,031-8041-3019,,,,,,,,,,,,,,,,,,,1,,2,,,,,,,,,,,,,,Y,,,,,,Y,N1,,,Y,Y,N1,101,N1,4,N1,Y,,3,N1,18,,1,2,,,,,,,,,,,,20,,,,,3,,,,,2,2,,7,,,2,,,,,255,,,,,,,,,,,,,,,,,Y,N1,A2100027,53
2026-07-26 05:04:46,data_go_kr,경기도,A2100013,의료법인 록향의료재단 신천연합병원,8,20260726050006,031-310-6661,,,,,,,,,,,,,,,,,,,,,1,,,,,0,,,,,,,,,Y,,,,,,Y,N1,,,Y,Y,N1,24,N1,0,N1,Y,,3,N1,10,,,1,,,,,,,,,,,,6,1,,,,3,,,,,1,1,,4,,,1,,,,,112,,,,,,,,,,,,,,,,,Y,N1,A2100013,54
2026-07-26 05:04:46,data_go_kr,경기도,A2100021,의료법인플러스의료재단단원병원,14,20260726050040,031-8040-5911,,,,,,,,,,,,,1,,,,,,1,,2,,,,,1,,,,,,,,,Y,,,,Y,,Y,Y,,,Y,Y,Y,81,N1,7,N1,Y,,5,N1,17,,1,2,,,,,,,,,,,,27,1,,,,5,,,,,1,1,2,8,,,2,1,,,,342,,,,,,,,,,1,,,,,,,Y,N1,A2100021,55
2026-07-26 05:04:46,data_go_kr,경기도,A2100014,근로복지공단안산병원,6,20260726045600,031-500-1119,,,,,,,,,,,,,,,,,,,,,1,,,,,1,,,,,,0,,,Y,,,,,,Y,N1,,,N1,Y,N1,89,N1,11,N1,Y,,3,N1,7,,,1,,,,,,,,,,,,18,1,,,,3,,,2,,1,1,,14,,,,,,,,359,,,,,,,,,,,,,,,,,Y,N1,A2100014,56
2026-07-26 05:04:46,data_go_kr,경기도,A2100124,의료법인칠석의료재단사랑의병원,12,20260726045838,031-502-0119,,,,,,,,,,,,,,,,,,,1,,,,,,,,,,,,,,,,Y,,,,,,Y,N1,,,Y,Y,N1,46,N1,6,N1,Y,,5,N1,13,,1,,,,,,,,,,,,,14,,,,,5,,,,,2,2,,8,,,1,,,,,206,,,,,,,,,,,,,,,,,Y,N1,A2100124,57
2026-07-26 05:04:46,data_go_kr,경기도,A2100045,경기도의료원안성병원,12,20260726050002,031-8046-5119,,,,,,,,,,,,,,,,,,,1,,,,,,,1,,,,,,8,,,Y,,,,,,Y,N1,,,N1,Y,N1,57,N1,4,N1,Y,,5,N1,14,,1,,,,,,,,,,,,,13,2,,,,5,,,8,,1,1,,8,,,,,,,,178,,,,,,,,,,,,,,,,,Y,N1,A2100045,58
2026-07-26 05:04:46,data_go_kr,경기도,A2100305,안성성모병원,9,20260726045937,031-675-8275,,,,,,,,,,,,,,,,,,,,,1,,,,,,,,,,,,,,Y,,,,,,Y,N1,,,N1,Y,N1,95,N1,3,N1,Y,,3,N1,9,,,1,,,,,,,,,,,,20,,,,,3,,,,,1,1,,7,,,,,,,,188,,,,,,,,,,,,,,,,,Y,N1,A2100305,59
2026-07-26 05:04:46,data_go_kr,경기도,A2100089,양평병원,9,20260726050001,031-770-5119,N,N,,,,,,,,,,,,,,,,,,,1,,,,,,,,,,,,N,N,Y,,,,N,,Y,N,,,N,Y,N,25,N,,N,Y,,3,N,9,,,1,,,,,,,,,,,,,,,,,3,,,,0,1,1,0,1,0,0,0,0,0,0,0,90,,,,,,,,,,,,,,,,,Y,N,A2100089,60
2026-07-26 05:04:46,data_go_kr,경기도,A2100194,세종여주병원,4,20260726050015,031-880-7754,,,,3,,,,,,,,,,,,,3,,,,4,,,,,,,,,,,,,,Y,,,,,,Y,N1,,,Y,Y,N1,127,N1,,N1,Y,,2,N1,6,,,4,,,,,,,,,,,,,,,,,2,,,,,1,1,,4,,,2,,,,,210,,3,,,,,,,,,,,,3,,,Y,N1,A2100194,61
2026-07-26 05:04:46,data_go_kr,경기도,E2100187,연천군보건의료원,10,20260726050004,031-839-4119,,,,,,,,,,,,,,,,,,,,,,,,,,,,,,,,,,,Y,,,,,,Y,N1,,,N1,Y,N1,51,N1,,N1,N1,,2,N1,10,,,,,,,,,,,,,,,,,,,,2,,,,,1,,,1,,,,,,,,52,,,,,,,,,,,,,,,,,Y,N1,E2100187,62
2026-07-26 05:04:46,data_go_kr,경기도,A2100122,(의)효심의료재단용인서울병원,9,20260726045731,031-336-0119,,,,,,,,,,,,,,,,,,,,,,,,,,,,,,,,,,,Y,,,,,,Y,N1,,,N1,Y,N1,150,N1,,N1,Y,,3,N1,10,,,,,,,,,,,,,,,,,,,,3,,,,,1,1,,1,,,,,,,,201,,,,,,,,,,,,,,,,,Y,N1,A2100122,63
2026-07-26 05:04:46,data_go_kr,경기도,A2121142,메디필드한강병원,12,20260726045956,031-332-1119,,,,,,,,,,,,,,,,,,,1,,2,,,,,1,,,,,,1,,,Y,,,,Y,,Y,Y,,,Y,Y,N1,159,N1,5,N1,Y,,6,N1,17,,1,2,,,,,,,,,,,,15,1,,,,6,,,1,,3,2,1,13,,,2,,,,,192,,,,,,,,,,,,,,,,,Y,N1,A2121142,64
2026-07-26 05:04:46,data_go_kr,경기도,A2100034,의료법인영동의료재단의정부백병원,8,20260726045927,031-842-1211,,,,,,,,,,,,,,,,,,,,,2,,,,,,,,,,,,,,Y,,,,,,Y,N1,,,N1,Y,N1,103,N1,0,N1,Y,,3,N1,10,,,2,,,,,,,,,,,,9,,,,,3,,,,,1,1,,1,,,,,,,,192,,,,,,,,,,,,,,,,,Y,N1,A2100034,65
2026-07-26 05:04:46,data_go_kr,경기도,A2100150,추병원,12,20260726045847,031-845-8313,,,,,,,,,,,,,,,,,,,1,,1,,,,,,,,,,,,,,Y,,,,Y,,Y,Y,,,N1,Y,N1,53,N1,3,N1,N,,3,N1,12,,1,1,,,,,,,,,,,,15,,,,,3,,,,,2,1,1,1,,,,,,,,210,,,,,,,,,,,,,,,,,Y,N1,A2100150,66
2026-07-26 05:04:46,data_go_kr,경기도,A2100043,경기도의료원의정부병원,9,20260726050002,031-828-5119,,,,,,,,,,,,,,,,0,,,1,,,,,,,,,,,,31,2,,,Y,,,,,,Y,N1,,,N1,Y,N1,34,N1,3,N1,Y,,3,N1,10,,1,,,,,,,,,,,,,6,,,,,3,,70,5,,1,1,,8,,,,,,,,86,,,,,,,,,,,,,0,,,,Y,N1,A2100043,67
2026-07-26 05:04:46,data_go_kr,경기도,A2100131,메디인병원,10,20260726050034,031-570-7912,,,,,,,,,,,,,,,,,,,,,2,,,,,,,,,,,,,,Y,,,,Y,,Y,Y,,,N1,Y,N1,70,N1,,N1,Y,,4,N1,12,,,2,,,,,,,,,,,,,,,,,4,,,,,1,1,1,2,,,,,,,,206,,,,,,,,,,,,,,,,,Y,N1,A2100131,68
2026-07-26 05:04:46,data_go_kr,경기도,A2100309,의료법인갈렌의료재단박병원,10,20260726050002,031-662-4119,,,,,,,,,,,,,,,,,,,,,1,,,,,,,,,,,,,,Y,,,,,,Y,N1,,,N1,Y,N1,34,N1,2,N1,Y,,2,N1,10,,,1,,,,,,,,,,,,10,,,,,2,,,,,1,2,,3,,,,,,,,143,,,,,,,,,,,,,,,,,Y,N1,A2100309,69
2026-07-26 05:04:46,data_go_kr,경기도,A2100022,의료법인박애의료재단박애병원,10,20260726045850,031-650-9219,,,,,,,,,,,,,,,,,,,,,1,,,,,,,,,,,,,,Y,,,,,,Y,N1,,,Y,Y,N1,110,N1,6,N1,Y,,5,N1,10,,,1,,,,,,,,,,,,10,,,,,5,,,,,2,1,,20,,,2,,,,,193,,,,,,,,,,,,,,,,,Y,N1,A2100022,70
2026-07-26 05:04:46,data_go_kr,경기도,A2100036,의료법인 일심의료재단 포천우리병원,18,20260726045705,031-541-8282,,,,,,,,,,,,,,,,,,,1,,3,,,,,2,,,,,,2,,,Y,,,,Y,,Y,Y,,,Y,Y,N1,71,N1,3,N1,Y,,5,N1,18,,1,3,,,,,,,,,,,,18,2,,,,5,,,2,,2,2,1,14,,,3,,,,,201,,,,,,,,,,,,,,,,,Y,N1,A2100036,71
2026-07-26 05:04:46,data_go_kr,경기도,A2100018,의료법인은혜와감사의료재단화성중앙종합병원,9,20260726045850,031-371-7998,,,,,,,,,,,,,,,,,,,,,1,,,,,,,,,,,,,,Y,,,,,,Y,N1,,,N1,Y,N1,81,N1,4,N1,Y,,3,N1,9,,,1,,,,,,,,,,,,8,,,,,3,,,,,1,1,,3,,,,,,,,131,,,,,,,,,,,,,,,,,Y,N1,A2100018,72
2026-07-26 05:04:46,data_go_kr,경기도,A2115699,의료법인원광의료재단원광종합병원,6,20260726045305,031-8077-7219,,,,,,,,,,,,,,,,,,,1,,,,,,,,,,,,,,,,Y,,,,,,Y,N1,,,N1,Y,N1,26,N1,-1,N1,Y,,4,N1,9,,1,,,,,,,,,,,,,9,,,,,4,,,,,1,2,,4,,,,,,,,135,,,,,,,,,,,,,,,,,Y,N1,A2115699,73
2026-07-26 05:04:46,data_go_kr,강원특별자치도,A2200008,강릉아산병원,17,20260726045815,033-610-3333,Y,Y,,,,,0,1,,0,,,,,,,,3,2,0,3,1,,,,,10,,,,,,Y,,Y,,,,Y,,Y,Y,,,Y,Y,Y,113,Y,,Y,Y,7,14,Y,23,3,2,3,18,14,16,13,,,,,,,,,,38,,,15,,,,2,4,3,4,33,8,12,8,5,1,,2,604,,,,,1,6,,,,,,,,,,,Y,Y,A2200008,1
2026-07-26 05:04:46,data_go_kr,강원특별자치도,A2200001,연세대학교원주세브란스기독병원,22,20260726045502,033-741-1641,Y,Y,3,20,,,0,,,1,,,,,,,,1,2,5,3,3,,,,,15,,9,2,5,,Y,,Y,3,2,6,Y,6,Y,Y,,,Y,Y,Y,202,Y,,Y,Y,7,14,Y,29,3,2,3,20,15,12,19,,,,15,20,,,,,30,,40,15,2,24,,2,5,4,7,100,12,25,16,7,13,,4,584,4,36,,,2,,,,,,,,,,2,6,Y,Y,A2200001,2
2026-07-26 05:04:46,data_go_kr,강원특별자치도,A2200013,한림대학교춘천성심병원,16,20260726045720,033-240-5219,Y,Y,2,3,,,,0,,,,,,,,,,3,,,,5,,,,0,29,,,,,1,Y,Y,Y,,,,Y,,Y,Y,2,,Y,Y,Y,97,Y,6,Y,Y,,9,Y,22,3,,,20,,,,,,8,,,,,20,2,45,,,9,,,2,1,2,2,3,33,1,4,6,2,1,1,1,252,2,3,,,,2,,,,,,,,,,,Y,Y,A2200013,3
2026-07-26 05:04:46,data_go_kr,강원특별자치도,A2200005,의료법인강릉동인병원,12,20260726050007,033-650-6105,,,,,,,,,,1,,,,,,,,,1,,2,,,,,2,,,,,9,,,,Y,,,,Y,,Y,Y,,,Y,Y,N1,71,N1,0,N1,Y,,5,N1,17,,1,2,,12,,,,,,,,,,12,2,,,,5,,101,,,2,1,1,14,,,1,,,,,248,,,,,,,,,,,,,,,,,Y,N1,A2200005,4
2026-07-26 05:04:46,data_go_kr,강원특별자치도,A2200007,강원특별자치도삼척의료원,16,20260726045501,033-571-0431,,Y,,,,,,,,,,,,,,,,1,2,,1,0,,,,0,3,,,,,6,Y,,Y,,,,,,Y,N1,,,Y,Y,N1,57,N1,0,Y,Y,,4,N1,16,1,2,1,2,,,,,,,,,,,6,2,3,,,4,,,10,1,1,1,,3,,3,1,,,,,189,,,,,,,,,,,,,,,,,Y,N1,A2200007,5
2026-07-26 05:04:46,data_go_kr,강원특별자치도,A2200012,강원특별자치도속초의료원,17,20260726050001,,Y,Y,,,,,,,,,,,,,,,,,2,,1,,,,,,,,,,,,Y,,Y,,,,,,Y,N1,,,N1,Y,N1,64,N1,0,Y,Y,,3,N1,17,,2,1,,,,,,,,,,,,8,,,,,3,,,,2,1,1,,7,1,1,,,,,,154,,,,,,,,,,,,,,,,,Y,Y,A2200012,6
2026-07-26 05:04:46,data_go_kr,강원특별자치도,A2200009,강원대학교병원,21,20260726050000,033-258-2293,Y,Y,,,,,0,,,3,,,,,,,,3,2,,3,1,4,,5,1,,,,,3,12,Y,,Y,1,,,Y,,Y,Y,,,Y,Y,Y,273,Y,,Y,Y,1,11,N1,21,3,2,3,5,10,,15,8,,,8,,8,,,2,,,,11,,16,14,3,4,2,4,43,13,24,12,3,10,,,508,,,,,0,,,,,,,,,,,,Y,Y,A2200009,7
2026-07-26 05:04:46,data_go_kr,강원특별자치도,A2200011,강원특별자치도강릉의료원,4,20260726050002,033-610-1234,,,,,,,,,,,,,,,,20,,,,,1,,,,,,,,,,,5,,,Y,,,,,,Y,N1,,,N1,Y,N1,18,N1,0,N1,Y,,2,N1,5,,,1,,,,,,,,,,,,8,,,,,2,,,5,,1,1,,4,,,,,,,,122,,,,,,,,,,,,,20,,,,Y,N1,A2200011,8
2026-07-26 05:04:46,data_go_kr,강원특별자치도,A2200003,의료법인동해동인병원,9,20260726045940,033-530-0129,,,,,,,,,,,,,,,,,,,,,1,,,,,1,,,,,57,,,,Y,,,,,,Y,N1,,,N1,Y,N1,33,N1,9,N1,Y,,2,N1,10,,,1,,,,,,,,,,,,19,1,,,,2,,110,,,1,1,,7,,,,,,,,178,,,,,,,,,,,,,,,,,Y,N1,A2200003,9
2026-07-26 05:04:46,data_go_kr,강원특별자치도,A2200046,의료법인온세움의료재단온재병원,4,20260726045944,033-639-8988,,,,,,,,,,,,,,,,,,,,,1,,,,,,,,,,29,,,,Y,,,,,,Y,N1,,,N1,Y,N1,26,N1,0,N1,Y,,4,N1,9,,,1,,,,,,,,,,,,15,,,,,4,,59,,,1,1,,5,,,,,,,,219,,,,,,,,,,,,,,,,,Y,N1,A2200046,10
2026-07-26 05:04:46,data_go_kr,강원특별자치도,A2200037,의료법인성심의료재단양구성심병원,5,20260726045955,033-480-8816,,Y,,,,,,,,,,,,,,,,,1,,,,,,,,,,,,,,Y,,Y,,,,,,Y,N1,,,N1,Y,N1,39,N1,,Y,N1,,,N1,5,,1,,,,,,,,,,,,,,,,,,,,,,1,1,,,1,,1,,,,,,52,,,,,,,,,,,,,,,,,Y,N1,A2200037,11
2026-07-26 05:04:46,data_go_kr,강원특별자치도,A2200002,강원특별자치도영월의료원,9,20260726050001,033-370-9129,,Y,,,,,,,,,,,,,,,1,,,,,,,,,0,,,,,,2,Y,,Y,,,,,,Y,N1,,,N1,Y,N1,44,N1,0,Y,Y,,2,N1,9,,,,,,,,,,,,,,,10,2,,,,2,,,2,1,1,1,,7,,3,,,,,,174,,,,,,,,,,,,,,1,,,Y,N1,A2200002,12
2026-07-26 05:04:46,data_go_kr,강원특별자치도,A2200015,강원특별자치도원주의료원,16,20260726050002,033-760-4701,,,,,,,,,,,,,,,,,,,1,,2,,,,,,,,,,,,,,Y,,,,,,Y,N1,,,N1,Y,N1,50,N1,0,N1,Y,,3,N1,17,,1,2,,,,,,,,,,,,20,,,,,3,,,,,1,1,,7,,,,,,,,259,,,,,,,,,,,,,,,,,Y,N1,A2200015,13
2026-07-26 05:04:46,data_go_kr,강원특별자치도,A2200024,의료법인성지의료재단성지병원,6,20260726045432,033-760-3119,,,,,,,,,,,,,,,,13,,,,,1,,,,,,,,,,,,,,Y,,,,,,Y,N1,,,N1,Y,N1,-63,N1,9,N1,Y,,4,N1,7,,,1,,,,,,,,,,,,9,,,,,4,,,,,1,2,,4,,,,,,,,135,,,,,,,,,,,,,13,,,,Y,N1,A2200024,14
2026-07-26 05:04:46,data_go_kr,강원특별자치도,A2200048,근로복지공단정선병원,5,20260726045600,033-560-7150,,,,,,,,,,,,,,,,,,,,,1,,,,,,,,,,,,,,Y,,,,,,Y,N1,,,N1,Y,N1,46,N1,,N1,N1,,,N1,5,,,1,,,,,,,,,,,,,,,,,,,,,,1,,,3,,,,,,,,149,,,,,,,,,,,,,,,,,Y,N1,A2200048,15
2026-07-26 05:04:46,data_go_kr,강원특별자치도,A2201730,철원병원,5,20260726050001,033-452-5012,N,Y,,,,,,,,,,,,,,,,,1,,,,,,,,,,,,,,Y,N,Y,,,,N,,Y,N,,,N,Y,N,36,N,,Y,Y,,2,N,5,,1,,,,,,,,,,,,,,,,,,2,,,,1,1,1,0,1,0,1,0,0,0,0,0,68,,,,,,,,,,,,,,,,,Y,N,A2201730,16
2026-07-26 05:04:46,data_go_kr,강원특별자치도,A2200004,근로복지공단태백병원,9,20260726045900,033-580-3119,,,,,,,,,,,,,,,,,,,1,,,,,,,1,,,,,,,Y,,Y,,,,,,Y,N1,,,N1,Y,N1,66,N1,4,N1,Y,,2,N1,9,,1,,,,,,,,,,,,,9,1,,,,2,,,,1,1,1,,8,,,,,,,,223,,,,,,,,,,,,,,,,,Y,N1,A2200004,17
2026-07-26 05:04:46,data_go_kr,강원특별자치도,E2200026,평창군보건의료원,6,20260726050002,033-330-4812,,,,,,,,,,,,,,,,,,,,,1,,,,,,,,,,,,,,Y,,,,,,Y,N1,,,N1,Y,N1,20,N1,,N1,N1,,,N1,6,,,1,,,,,,,,,,,,,,,,,,,,,,1,,,1,,,,,,,,20,,,,,,,,,,,,,,,,,Y,N1,E2200026,18
2026-07-26 05:04:46,data_go_kr,강원특별자치도,A2200014,홍천아산병원,9,20260726045500,033-430-5119,,,,,,,,,,,,,,,,,,,,,,,,,,,,,,,,,,,Y,,,,,,Y,N1,,,N1,Y,N1,9,N1,0,N1,Y,,2,N1,10,,,,,,,,,,,,,,,7,,,,,2,,,,,1,1,,4,,,,,,,,128,,,,,,,,,,,,,,,,,Y,N1,A2200014,19
2026-07-26 05:04:46,data_go_kr,강원특별자치도,E2200025,화천군보건의료원,7,20260726050001,033-440-2880,,,,,,,,,,,,,,,,,,,,,1,,,,,,,,,,,,,,,,,,,,Y,N1,,,N1,N1,N1,16,N1,,N1,N1,,,N1,7,,,1,,,,,,,,,,,,,,,,,,,,,,,,,1,,,,,,,,16,,,,,,,,,,,,,,,,,Y,N1,E2200025,20
2026-07-26 05:04:46,data_go_kr,강원특별자치도,A2200016,횡성대성병원,9,20260726045944,033-345-1191,,,,,,,,,,,,,,,,,,,,,1,,,,,,,,,,,,,,Y,,,,,,Y,N1,,,N1,Y,N1,29,N1,,N1,Y,,1,N1,9,,,1,,,,,,,,,,,,,,,,,1,,,,,1,1,,1,,,,,,,,114,,,,,,,,,,,,,,,,,Y,N1,A2200016,21
2026-07-26 05:04:46,data_go_kr,충청북도,A2300001,충북대학교병원,28,20260726050000,043-269-6114,Y,Y,2,3,,,,0,,2,,,,,,,,6,,,,2,,,,2,30,,12,2,5,12,Y,,Y,,2,6,Y,16,Y,Y,3,,Y,Y,Y,258,Y,8,Y,Y,14,16,N1,30,8,,,18,8,,25,,,4,,20,,,17,5,40,,40,16,2,21,13,2,4,4,6,98,13,31,18,10,17,,,547,2,3,,,,2,,,,,,,,,2,6,Y,Y,A2300001,1
2026-07-26 05:04:46,data_go_kr,충청북도,A2300009,의료법인명지의료재단명지병원,15,20260726050030,043-640-8117,,,,,,,,,,,,,,,,,,3,2,,4,2,,,,3,,,,,,,,,Y,,,,Y,,Y,Y,,,Y,Y,Y,81,N1,5,N1,Y,,3,N1,18,3,2,4,2,,,,,,,,,,,15,3,,,,3,,,,,2,1,1,10,,,2,1,,,,201,,,,,,,,,,,,,,,,,Y,N1,A2300009,2
2026-07-26 05:04:46,data_go_kr,충청북도,A2300005,의료법인자산의료재단제천서울병원,11,20260726045616,043-643-2327,,,,,,,,,,,,,,,,,,,1,,3,,,,,,2,,,,,,,,Y,,,,,,Y,N1,,,Y,Y,N1,33,N1,0,N1,Y,,3,Y,15,,1,4,,,,,,,,,,,,11,,5,,,3,,,,,1,1,,10,,,1,,,,1,202,,,,,,,,,,,,,,,,,Y,N1,A2300005,3
2026-07-26 05:04:46,data_go_kr,충청북도,A2300013,의료법인 건명의료재단 중앙제일병원,14,20260726045631,043-537-9119,,,,,,,,,,,,,,,,,,,3,,,,,,,4,,,,,,31,,,Y,,,,,,Y,N1,,,Y,Y,N1,62,N1,4,N1,Y,,5,N1,17,,3,,,,,,,,,,,,,12,6,,,,5,,,31,,2,2,,6,,,1,,,,,192,,,,,,,,,,,,,,,,,Y,N1,A2300013,4
2026-07-26 05:04:46,data_go_kr,충청북도,A2300007,의료법인인화재단한국병원,9,20260726045707,043-222-6177,,Y,,,,,,,,,,,,,,,2,,1,,2,,,,,1,,,,,,1,Y,,Y,,,,Y,,Y,Y,,,Y,Y,N1,70,N1,0,Y,Y,,8,N1,14,,1,2,,,,,,,,,,,,24,1,,,,8,,,1,1,3,3,2,18,,1,3,,,,,403,,,,,,,,,,,,,,3,,,Y,N1,A2300007,5
2026-07-26 05:04:46,data_go_kr,충청북도,A2300003,의료법인정산의료재단효성병원,16,20260726045632,043-221-2192,,N,,,,,,,,,,,,,,,,,1,,4,0,,,,0,2,,,,,,Y,,Y,,,,Y,,Y,Y,,,Y,Y,N1,69,N1,2,N,Y,,4,Y,18,,1,4,2,,,,,,,,,,,27,2,3,,,4,,,,1,3,4,2,19,,1,2,,,,1,363,,,,,,,,,,,,,,,,,Y,N1,A2300003,6
2026-07-26 05:04:46,data_go_kr,충청북도,A2300008,청주성모병원,9,20260726050010,043-219-8119,,Y,,,,,,,,3,,,,,,,,,2,4,4,2,,,,1,4,,,,,8,Y,,Y,,,,Y,,Y,Y,,,Y,Y,N1,117,N1,,Y,Y,,8,N1,15,,2,5,2,13,12,,,,,,,,,,1,4,,,8,,,30,1,3,2,2,19,,2,2,,,,,358,,,,,,,,,,,,,,,,,Y,N1,A2300008,7
2026-07-26 05:04:46,data_go_kr,충청북도,A2300002,의료법인한마음의료재단하나병원,8,20260726045635,043-230-6594,,,,,,,,,,,,,,,,,9,,1,,2,,,,,1,,,,,,,,,Y,,,,Y,,Y,Y,,,Y,Y,N1,142,N1,2,N1,Y,,7,Y,11,,1,2,,,,,,,,,,,,24,2,,,,7,,,,,3,3,2,20,,,4,,,,1,463,,,,,,,,,,,,,,9,,,Y,N1,A2300002,8
2026-07-26 05:04:46,data_go_kr,충청북도,A2300010,건국대학교충주병원,13,20260726050001,043-840-8330,Y,Y,,,,,,,,,,,,,,,,,1,,2,,,,,,,,,,,0,Y,,Y,,,,Y,,Y,Y,,,Y,Y,Y,86,N1,8,Y,Y,,5,N1,20,,1,2,,,,,,,,,,,,18,,,,,5,,,1,1,2,1,2,11,1,4,3,1,,,,194,,,,,,,,,,,,,,,,,Y,Y,A2300010,9
2026-07-26 05:04:46,data_go_kr,충청북도,A2300034,의료법인대광의료재단괴산성모병원,9,20260726045534,043-830-5419,,,,,,,,,,,,,,,,,,,,,0,,,,,,,,,,,,,,Y,,,,,,Y,N1,,,N1,Y,N1,5,N1,,N1,Y,,1,N1,9,,,1,,,,,,,,,,,,,,,,,1,,,,,1,1,,3,,,,,,,,153,,,,,,,,,,,,,,,,,Y,N1,A2300034,10
2026-07-26 05:04:46,data_go_kr,충청북도,E2300011,단양군보건의료원,5,20260726050002,043-420-0139,,,,,,,,,,,,,,,,,,,1,,,,,,,,,,,,,2,,,Y,,,,,,Y,N1,,,N1,Y,N1,14,N1,,N1,N1,,,N1,6,,1,,,,,,,,,,,,,,,,,,,,,2,,1,,,1,,,,,,,,14,,,,,,,,,,,,,,,,,Y,N1,E2300011,11
2026-07-26 05:04:46,data_go_kr,충청북도,A2300030,의료법인조윤의료재단영동병원,10,20260726045503,043-740-9333,,Y,,,,,,,,,,,,,,,,,,,,,,,,,,,,,,,Y,,Y,,,,,,Y,N1,,,N1,Y,N1,32,N1,,Y,Y,,2,N1,10,,,,,,,,,,,,,,,,,,,,2,,,,1,1,1,,3,,1,,,,,,161,,,,,,,,,,,,,,,,,Y,N1,A2300030,12
2026-07-26 05:04:46,data_go_kr,충청북도,A2300011,의료법인힐링의료재단옥천성모병원,7,20260726045538,043-730-7119,,,,,,,,,,,,,,,,,,,2,,1,,,,,,,,,,,,,,Y,,,,,,Y,N1,,,N1,Y,N1,22,N1,0,N1,Y,,2,N1,7,,2,1,,,,,,,,,,,,7,,,,,2,,,,,1,1,,4,,,,,,,,157,,,,,,,,,,,,,,,,,Y,N1,A2300011,13
2026-07-26 05:04:46,data_go_kr,충청북도,A2300006,충청북도청주의료원,12,20260726050002,043-279-0119,,Y,,,,,,,,,,,,,,,3,,1,,,,,,,2,,,,,90,6,Y,,Y,,,,Y,,Y,Y,,,Y,Y,N1,152,N1,18,Y,Y,,5,N1,12,,1,,,,,,,,,,,,,21,3,,,,5,,90,6,1,1,2,1,11,,1,1,,,,,359,,,,,,,,,,,,,,3,,,Y,N1,A2300006,14
2026-07-26 05:04:46,data_go_kr,충청북도,A2300004,충청북도충주의료원,16,20260726050002,043-871-0119,,,,,,,,,,,,,,,,,,,1,,2,,,,,,,,,,,,,,Y,,,,Y,,Y,Y,,,Y,Y,N1,129,N1,4,N1,Y,,4,N1,18,,1,2,,,,,,,,,,,,12,,,,,4,,,,,1,1,1,8,,,1,,,,,282,,,,,,,,,,,,,,,,,Y,N1,A2300004,15
2026-07-26 05:04:46,data_go_kr,충청남도,A2400002,단국대학교의과대학부속병원,17,20260726050000,041-550-6840,Y,Y,2,2,,,,0,,,,,,3,,,,4,,0,1,0,,,,0,20,,5,2,11,1,Y,,Y,2,2,6,Y,2,Y,Y,,,Y,Y,Y,231,Y,,Y,Y,-3,13,Y,25,4,,1,18,,13,25,,,,13,20,,,,1,30,,40,13,2,20,8,3,4,3,6,6,14,29,15,7,17,,1,640,2,2,,,,2,,,,,7,,,,2,6,Y,Y,A2400002,1
2026-07-26 05:04:46,data_go_kr,충청남도,A2400001,학교법인동은학원순천향대학교부속천안병원,16,20260726045622,041-590-7019,Y,Y,,,1,3,1,,,12,,,,,,,,14,4,9,3,7,,2,,4,9,4,,,,3,Y,Y,Y,,,,Y,,Y,Y,,,Y,Y,Y,211,Y,,Y,Y,2,19,Y,22,14,4,3,17,18,15,38,,2,,,,,,,6,30,6,,19,,,14,11,6,4,6,60,16,37,6,6,10,1,1,713,,,1,3,1,,,,,,,,,,,,Y,Y,A2400001,2
2026-07-26 05:04:46,data_go_kr,충청남도,A2400009,의료법인백제병원,18,20260726045816,041-730-8882,,,,,,,,,,,,,,,,,,,1,,2,,,,,,,,,,19,,,,Y,,,,Y,,Y,Y,,,Y,Y,N1,13,N1,-1,N1,Y,,4,N1,20,,1,2,,,,,,,,,,,,26,,,,,4,,49,,,2,2,1,11,,,3,,,,,398,,,,,,,,,,,,,,,,,Y,N1,A2400009,3
2026-07-26 05:04:46,data_go_kr,충청남도,A2400008,당진종합병원,11,20260726050031,041-358-3624,,,,,,,,,,,,,,,,,,,1,,2,,,,,,,,,,,,,,Y,,,,Y,,Y,Y,,,Y,Y,N1,95,N1,1,N1,Y,,4,N1,17,,1,2,,,,,,,,,,,,13,,,,,4,,,,,2,2,1,5,,,1,,,,,246,,,,,,,,,,,,,,,,,Y,N1,A2400008,4
2026-07-26 05:04:46,data_go_kr,충청남도,A2400011,재단법인아산사회복지재단보령아산병원,16,20260726050000,041-930-5333,,,,,,,,,,,,,,,,,,,1,,2,,,,,,,,,,,,,,Y,,,,,,Y,N1,,,N1,Y,N1,77,N1,3,N1,Y,,2,N1,17,,1,2,,,,,,,,,,,,8,,,,,2,,,,,1,1,,4,,,,,,,,221,,,,,,,,,,,,,,,,,Y,N1,A2400011,5
2026-07-26 05:04:46,data_go_kr,충청남도,A2400003,서산중앙병원,17,20260726045504,041-661-1195,,,,,,,,,,,,,,,,,,,1,,2,,,,,,,,,,,,,,Y,,,,,,Y,N1,,,Y,Y,N1,44,N1,7,N1,Y,,4,N1,17,,1,2,,,,,,,,,,,,17,,,,,4,,,,,1,1,,7,,,1,,,,,288,,,,,,,,,,,,,,,,,Y,N1,A2400003,6
2026-07-26 05:04:46,data_go_kr,충청남도,A2400006,충청남도서산의료원,17,20260726045603,041-689-7119,,,,,,,,,,,,,,,,,,,1,,2,0,,,,,2,,,,,5,,,Y,,,,,,Y,N1,,,N1,Y,N1,23,N1,0,N1,Y,,3,N1,17,,1,2,2,,,,,,,,,,,8,,4,,,3,,,5,,2,1,,10,,,,,,,,259,,,,,,,,,,,,,,,,,Y,N1,A2400006,7
2026-07-26 05:04:46,data_go_kr,충청남도,A2402257,아산충무병원,12,20260726045959,041-536-6519,,,1,7,,,,,,,,,,5,,,,,,,,,,,,1,,,,,,,Y,,Y,,,,Y,,Y,Y,,,Y,Y,Y,171,Y,10,N1,Y,,4,N1,13,,,,,,,,,,,,,,,22,2,,,,4,,,,1,2,2,3,27,,,4,2,1,,,456,1,7,,,,,,,,,5,,,,,,Y,N1,A2402257,8
2026-07-26 05:04:46,data_go_kr,충청남도,A2400012,의료법인영서의료재단천안충무병원,15,20260726045720,041-570-7519,,,,,,,,,,,,,,,,,,,1,,4,,,,,0,,,,,,,,,Y,0,,,Y,,Y,Y,,,Y,Y,Y,53,N1,1,N1,Y,,5,N1,16,,1,4,,,,,,,,7,,,,19,3,,,,5,,,,,2,2,3,26,,,3,3,,,,333,,,,,,,,,,,,,,,,,Y,N1,A2400012,9
2026-07-26 05:04:46,data_go_kr,충청남도,A2400007,충청남도홍성의료원,15,20260726050001,041-630-6119,,,,,,,,,,,,,,,,,,1,1,,2,2,,,,1,3,,,,3,1,Y,,Y,,,,N,,Y,N,,,Y,Y,N1,86,N1,5,N1,Y,,4,N,18,1,1,2,2,,,,,,,,,,,22,1,3,,,4,,49,1,1,2,2,1,10,,,1,,,,2,260,,,,,,,,,,,,,,,,,Y,N1,A2400007,10
2026-07-26 05:04:46,data_go_kr,충청남도,A2400010,충청남도공주의료원,14,20260726050002,041-962-1365,,,,,,,,,,,,,,,,,,,,,1,,,,,,,,,,,5,,,Y,,,,,,Y,N1,,,Y,Y,N1,58,N1,3,N1,Y,,6,N1,15,,,1,,,,,,,,,,,,16,,,,,6,,,6,,1,1,,9,,,2,,,,,273,,,,,,,,,,,,,,,,,Y,N1,A2400010,11
2026-07-26 05:04:46,data_go_kr,충청남도,A2400038,학교법인건양교육재단건양대학교부여병원,8,20260726045835,041-837-1201,,,,,,,,,,,,,,,,,,,,,1,,,,,,,,,,,,,,Y,,,,,,Y,N1,,,N1,Y,N1,22,N1,,N1,N1,,1,N1,9,,,1,,,,,,,,,,,,,,,,,1,,,,,1,,,1,,,,,,,,55,,,,,,,,,,,,,,,,,Y,N1,A2400038,12
2026-07-26 05:04:46,data_go_kr,충청남도,A2400044,의료법인 서해병원,5,20260726045730,041-950-0219,,,,,,,,,,,,,,,,,,,,,2,,,,,,,,,,,,,,Y,,,,,,Y,N1,,,N1,Y,N1,20,N1,,N1,N1,,,N1,5,,,2,,,,,,,,,,,,,,,,,,,,,,1,,,1,,,,,,,,79,,,,,,,,,,,,,,,,,Y,N1,A2400044,13
2026-07-26 05:04:46,data_go_kr,충청남도,A2400039,현대병원,10,20260726050001,041-546-7744,N,N,,,,,,,,,,,,,,,,,,,1,,,,,,,,,,,,N,N,Y,0,,,N,,Y,N,,,N,Y,N,7,N,2,N,Y,,3,N,10,,,1,,,,,,,,0,,,,7,,,,,3,,,,0,1,1,0,3,0,0,0,0,0,0,0,84,,,,,,,,,,,,,,,,,Y,N,A2400039,14
2026-07-26 05:04:46,data_go_kr,충청남도,A2400004,의료법인 예당의료재단 예산종합병원,5,20260726045949,041-330-4119,,,,,,,,,,,,,,,,,,,,,1,,,,,,,,,,,,,,Y,,,,,,Y,N1,,,N1,Y,N1,2,N1,4,N1,Y,,0,N1,6,,,1,,,,,,,,,,,,9,,,,,0,,,,,0,0,,0,,,,,,,,88,,,,,,,,,,,,,,,,,Y,N1,A2400004,15
2026-07-26 05:04:46,data_go_kr,충청남도,A2400005,충청남도천안의료원,10,20260726050002,041-570-7119,,,,,,,,,,,,,,,,6,,,,,1,,,,,,,,,,,,,,Y,,,,,,Y,N1,,,N1,Y,N1,63,N1,6,N1,Y,,4,N1,12,,,1,,,,,,,,,,,,15,,,,,4,,,,,1,1,,10,,,,,,,,241,,,,,,,,,,,,,6,,,,Y,N1,A2400005,16
2026-07-26 05:04:46,data_go_kr,충청남도,E2400032,청양군보건의료원,6,20260726050001,041-940-4951,,,,,,,,,,,,,,,,,,,,,1,,,,,,,,,,,,,,Y,,,,,,Y,N1,,,N1,Y,N1,12,N1,,N1,N1,,1,N1,6,,,1,,,,,,,,,,,,,,,,,1,,,,,1,,,1,,,,,,,,12,,,,,,,,,,,,,,,,,Y,N1,E2400032,17
2026-07-26 05:04:46,data_go_kr,충청남도,E2400033,태안군보건의료원,9,20260726050002,041-671-5319,,,,,,,,,,,,,,,,,,,,,1,,,,,,,,,,,,,,Y,,,,,,Y,N1,,,N1,Y,N1,22,N1,,N1,N1,,,N1,10,,,1,,,,,,,,,,,,,,,,,,,,,,1,,,1,,,,,,,,34,,,,,,,,,,,,,,,,,Y,N1,E2400033,18
2026-07-26 05:04:46,data_go_kr,전북특별자치도,A2500001,원광대학교병원,12,20260726050023,063-859-1165,Y,Y,2,3,,,,2,,1,,,,,,,,3,,5,,7,,,5,1,16,,16,2,4,1,Y,,Y,,2,6,Y,7,Y,Y,,,Y,Y,Y,181,Y,4,Y,Y,2,15,Y,26,3,,,18,8,15,15,,,,,20,8,,15,7,31,,40,15,2,30,2,1,5,4,5,11,12,20,8,4,1,,2,543,2,3,,,,2,,,,,,,,,2,6,Y,Y,A2500001,1
2026-07-26 05:04:46,data_go_kr,전북특별자치도,A2500002,전북대학교병원,19,20260726045803,063-250-1131,Y,Y,2,5,,,2,1,,2,,,,,,,,3,,3,,4,5,,6,1,9,,,,3,15,Y,,Y,5,,,Y,,Y,Y,,,Y,Y,Y,334,Y,,Y,Y,23,21,N1,36,5,,,17,10,8,25,10,,,18,,11,,,2,30,,,21,,23,15,3,1,2,5,11,15,22,4,2,1,,,834,2,5,,,2,1,,,,,,,,,,,Y,Y,A2500002,2
2026-07-26 05:04:46,data_go_kr,전북특별자치도,A2500007,전북특별자치도군산의료원,10,20260726045702,063-472-5130,,Y,,,,,,,,,,,,,,,,,1,,2,1,,,,2,3,,,,,,Y,,Y,,,,,,Y,N1,,,N1,Y,N1,94,N1,9,Y,Y,,6,N1,17,,1,2,2,,,,,,,,,,,18,2,3,,,6,,,,1,1,1,,18,,2,,,,,,289,,,,,,,,,,,,,,,,,Y,N1,A2500007,3
2026-07-26 05:04:46,data_go_kr,전북특별자치도,A2500012,의료법인오성의료재단동군산병원,13,20260726050010,063-440-0516,,,,,,,,,,,,,,,,0,,,1,,5,0,,,,,1,,,,,,,,Y,,,,Y,,Y,Y,,,Y,Y,N1,27,N1,8,N1,Y,,6,N1,17,,1,5,2,,,,,,,,,,,24,,3,,,6,,,,,2,2,2,13,,,2,,,,,262,,,,,,,,,,,,,0,,,,Y,N1,A2500012,4
2026-07-26 05:04:46,data_go_kr,전북특별자치도,A2500004,전북특별자치도남원의료원,16,20260726050001,063-620-1119,,Y,,,,,,,,,,,,,,,,,1,,2,,,,,1,,,,,,,Y,,Y,,,,,,Y,N1,,,N1,Y,N1,38,N1,4,Y,Y,,3,N1,17,,1,2,,,,,,,,,,,,9,1,,,,3,,,,3,2,1,,10,,1,,,,,,190,,,,,,,,,,,,,,,,,Y,N1,A2500004,5
2026-07-26 05:04:46,data_go_kr,전북특별자치도,A2500011,의료법인대산의료재단익산병원,12,20260726050004,063-840-9112,,,,,,,,,,,,,,,,,,,1,,2,,,,,0,,,,,,,,,Y,,,,Y,,Y,Y,,,N1,Y,N1,60,N1,8,N1,Y,,5,N1,17,,1,2,,,,,,,,,,,,17,1,,,,5,,,,,2,2,1,7,,,,,,,,333,,,,,,,,,,,,,,,,,Y,N1,A2500011,6
2026-07-26 05:04:46,data_go_kr,전북특별자치도,A2500056,대자인병원,28,20260726050009,063-250-8701,,,,,,,,,,,,,,,,,,,1,8,2,,,,,0,,,,,,,,Y,Y,,,,Y,,Y,Y,,,Y,Y,Y,34,N1,0,N1,Y,,15,Y,33,,1,2,,,36,,,,,,,,,15,4,,,,15,,,,,4,3,2,12,,,4,2,,1,1,45,,,,,,,,,,,,,,,,,Y,N1,A2500056,7
2026-07-26 05:04:46,data_go_kr,전북특별자치도,A2500006,재단법인예수병원유지재단예수병원,21,20260726045843,063-230-8280,Y,Y,,,1,1,,,,,,,,,,,,4,1,,2,,,2,,4,,5,,,,1,Y,,Y,0,,,Y,,Y,Y,,,Y,Y,Y,169,N1,8,Y,Y,2,14,Y,38,10,1,2,,,,12,,2,,14,,,,23,4,,6,,14,,,5,4,4,3,4,40,6,11,7,2,,,2,685,,,1,1,,,,,,,,,,,,,Y,Y,A2500006,8
2026-07-26 05:04:46,data_go_kr,전북특별자치도,A2500005,의료법인영경의료재단전주병원,12,20260726045938,063-226-6119,,,,,,,,,,,,,,,,,,,1,,2,,,,,,,,,,,,,,Y,,,,,,Y,N1,,,Y,Y,N1,47,N1,3,N1,Y,,5,N1,17,,1,2,,,,,,,,,,,,9,,,,,5,,,,,1,2,,6,,,1,,,,,275,,,,,,,,,,,,,,,,,Y,N1,A2500005,9
2026-07-26 05:04:46,data_go_kr,전북특별자치도,A2500008,재단법인 아산사회복지재단 정읍아산병원,15,20260726045501,063-530-6129,,,,,,,,,,,,,,,,,,,1,,2,,,,,,,,,,,,,,Y,,,,,,Y,N1,,,N1,Y,N1,77,N1,1,N1,Y,,3,N1,17,,1,2,,,,,,,,,,,,11,,,,,3,,,,,1,1,,5,,,,,,,,276,,,,,,,,,,,,,,,,,Y,N1,A2500008,10
2026-07-26 05:04:46,data_go_kr,전북특별자치도,A2500009,의료법인석천재단고창병원,8,20260726045739,063-560-5558,,,,,,,,,,,,,,,,,,,,,1,,,,,,,,,,,,,,Y,,,,,,Y,N1,,,N1,Y,N1,0,N1,,N1,Y,,2,N1,10,,,1,,,,,,,,,,,,,,,,,2,,,,,1,1,,4,,,,,,,,258,,,,,,,,,,,,,,,,,Y,N1,A2500009,11
2026-07-26 05:04:46,data_go_kr,전북특별자치도,A2500038,김제우석병원,10,20260726045646,063-540-5119,,,,,,,,,,,,,,,,,,,,,1,,,,,,,,,,,,,,Y,,,,,,Y,N1,,,N1,Y,N1,73,N1,,N1,Y,,2,N1,10,,,1,,,,,,,,,,,,,,,,,2,,,,,1,1,,1,,,,,,,,200,,,,,,,,,,,,,,,,,Y,N1,A2500038,12
2026-07-26 05:04:46,data_go_kr,전북특별자치도,E2500019,무주군보건의료원,4,20260726050002,063-320-8315,,,,,,,,,,,,,,,,,,,,,1,,,,,,,,,,,,,,Y,,,,,,Y,N1,,,N1,Y,N1,24,N1,,N1,N1,,,N1,4,,,1,,,,,,,,,,,,,,,,,,,,,,1,,,1,,,,,,,,24,,,,,,,,,,,,,,,,,Y,N1,E2500019,13
2026-07-26 05:04:46,data_go_kr,전북특별자치도,A2500010,부안성모병원,10,20260726045210,063-580-8119,,,,,,,,,,,,,,,,,,,,,2,,,,,,,,,,,,,,Y,,,,,,Y,N1,,,N1,Y,N1,14,N1,9,N1,Y,,3,N1,10,,,2,,,,,,,,,,,,9,,,,,3,,,,,1,1,,2,,,,,,,,240,,,,,,,,,,,,,,,,,Y,N1,A2500010,14
2026-07-26 05:04:46,data_go_kr,전북특별자치도,E2500021,순창군보건의료원,9,20260726050002,063-650-5352,,,,,,,,,,,,,,,,,,,,,1,,,,,,,,,,,,,,Y,,,,,,Y,N1,,,N1,Y,N1,30,N1,,N1,N1,,,N1,9,,,1,,,,,,,,,,,,,,,,,,,,,,1,,,1,,,,,,,,30,,,,,,,,,,,,,,,,,Y,N1,E2500021,15
2026-07-26 05:04:46,data_go_kr,전북특별자치도,E2500022,임실군보건의료원,4,20260726050002,063-640-3119,,,,,,,,,,,,,,,,,,,,,1,,,,,,,,,,,,,,Y,,,,,,Y,N1,,,N1,Y,N1,,N1,,N1,N1,,,N1,4,,,1,,,,,,,,,,,,,,,,,,,,,,1,,,1,,,,,,,,,,,,,,,,,,,,,,,,,Y,N1,E2500022,16
2026-07-26 05:04:46,data_go_kr,전북특별자치도,E2500020,장수군보건의료원,5,20260726050002,063-350-2119,,,,,,,,,,,,,,,,,,,,,1,,,,,,,,,,,,,,,,,,,,Y,N1,,,N1,N1,N1,20,N1,,N1,N1,,,N1,5,,,1,,,,,,,,,,,,,,,,,,,,,,,,,1,,,,,,,,22,,,,,,,,,,,,,,,,,Y,N1,E2500020,17
2026-07-26 05:04:46,data_go_kr,전북특별자치도,A2501890,의료법인영경의료재단호성전주병원,8,20260726050021,063-240-8862,,,,,,,,,,,,,,,,,,,,,1,,,,,,,,,,,,,,Y,,,,,,Y,N1,,,N1,Y,N1,5,N1,,N1,Y,,2,N1,9,,,1,,,,,,,,,,,,,,,,,2,,,,,1,1,,1,,,,,,,,122,,,,,,,,,,,,,,,,,Y,N1,A2501890,18
2026-07-26 05:04:46,data_go_kr,전북특별자치도,A2502742,새강병원,13,20260726045934,063-289-9119,,,0,0,,0,0,,,0,,,,,,,,3,1,0,2,0,,,,3,,0,,0,,0,,,Y,,,,,,Y,N1,,,N1,Y,N1,86,N1,16,N1,Y,,5,N1,14,3,1,2,0,0,0,,,,,,,,,16,3,,0,,5,0,,0,,1,1,,1,,,,,,,,201,0,0,,0,0,,,,,,,,,,,,Y,N1,A2502742,19
2026-07-26 05:04:46,data_go_kr,전북특별자치도,A2502031,진안군의료원,6,20260726050002,063-430-7119,,,,,,,,,,,,,,,,,,,,,2,,,,,,,,,,,,,,Y,,,,,,Y,N1,,,N1,Y,N1,32,N1,,N1,Y,,2,N1,6,,,2,,,,,,,,,,,,,,,,,2,,,,,1,1,,3,,,,,,,,74,,,,,,,,,,,,,,,,,Y,N1,A2502031,20
2026-07-26 05:04:46,data_go_kr,경상북도,A2700007,차의과학대학교부속구미차병원,15,20260726050005,054-450-9998,Y,Y,,,,,0,,,,,,,,,,,4,3,,3,0,,,,,8,,,,,,Y,Y,Y,,,,Y,,Y,Y,,,Y,Y,Y,73,Y,0,Y,Y,0,8,N1,20,5,3,3,25,,,8,,,,,,,,18,,30,,,8,,,,3,3,2,2,21,3,13,2,1,2,1,,301,,,,,3,,,,,,,,,,,,Y,Y,A2700007,1
2026-07-26 05:04:46,data_go_kr,경상북도,A2700014,의료법인안동병원,11,20260726050000,054-840-0119,Y,Y,2,3,,,1,,,3,,,,,,,,2,,,,4,,,,0,10,,5,2,0,4,Y,Y,Y,,1,6,Y,0,Y,Y,,,Y,Y,Y,139,Y,1,Y,Y,10,11,Y,15,3,,,19,20,,10,,,,,20,,,13,3,30,,40,11,2,34,6,3,6,3,5,67,3,12,14,4,13,1,1,775,2,3,,,1,,,,,,,,,,2,6,Y,Y,A2700014,2
2026-07-26 05:04:46,data_go_kr,경상북도,A2700016,포항성모병원,13,20260726045714,054-260-8600,Y,Y,2,3,,,,3,6,,,,,,,,,11,,,,4,,,,1,2,,,,,1,Y,Y,Y,,,,Y,,Y,Y,,,Y,Y,Y,83,Y,7,Y,Y,,9,Y,20,11,,,15,,,,,,,,,,,16,1,17,,,9,,,1,1,3,2,2,25,1,6,4,1,2,1,3,468,2,3,,,,5,13,,,,,,,,,,Y,Y,A2700016,3
2026-07-26 05:04:46,data_go_kr,경상북도,A2700003,동국대학교의과대학경주병원,13,20260726050029,054-770-8306,Y,Y,,,,,,,,1,,,,,,,,2,2,3,5,,,,,3,,,,,11,1,Y,,Y,,,,Y,,Y,Y,,,Y,Y,N1,94,N1,0,Y,Y,,6,N1,16,3,2,5,,11,17,,,,,,,,,7,4,,,,7,,20,3,1,2,2,2,26,2,6,3,,,,,279,,,,,,,,,,,,,,,,,Y,Y,A2700003,4
2026-07-26 05:04:46,data_go_kr,경상북도,A2700013,순천향대학교부속구미병원,10,20260726045620,054-468-9119,,Y,,,,,,,,,,,,,,,,4,1,,2,0,,,,2,0,,,,,1,Y,,Y,,,,Y,,Y,Y,,,Y,Y,N1,51,N1,3,Y,Y,,6,N1,13,4,1,2,2,,,,,,,,,,,31,2,3,,,6,,,1,1,2,2,2,20,,1,2,,,,,263,,,,,,,,,,,,,,,,,Y,N1,A2700013,5
2026-07-26 05:04:46,data_go_kr,경상북도,A2700012,의료법인덕산의료재단김천제일병원,15,20260726045547,054-420-9500,,,,,,,,,,,,,,,,,,,1,,3,0,,,,,3,,,,,,Y,,Y,,,,Y,,Y,Y,,,Y,Y,N1,79,N1,7,N1,Y,,4,Y,16,,1,3,2,,,,,,,,,,,16,,3,,,4,,,,3,1,1,1,10,,,1,,,,1,276,,,,,,,,,,,,,,,,,Y,N1,A2700012,6
2026-07-26 05:04:46,data_go_kr,경상북도,A2700006,의료법인동춘의료재단문경제일병원,15,20260726045500,054-550-7777,,,,,,,,,,,,,,,,,,,1,,1,2,,,,1,3,,,,60,3,,,Y,,,,,,Y,N1,,,N1,Y,N1,59,N1,12,N1,Y,,3,N1,17,,1,2,2,,,,,,,,,,,29,1,3,,,3,,162,4,,2,1,,8,,,,,,,,306,,,,,,,,,,,,,,,,,Y,N1,A2700006,7
2026-07-26 05:04:46,data_go_kr,경상북도,A2700004,안동성소병원,10,20260726050020,054-850-8282,,Y,,,,,,,,,,,,,,,5,,1,,2,0,,,,3,1,,,,23,0,Y,,Y,,,,Y,,Y,Y,,,Y,Y,N1,146,N1,10,Y,Y,,6,N1,12,,1,2,2,,,,,,,,,,,16,3,3,,,6,,186,2,1,2,2,2,21,,4,1,,,,,393,,,,,,,,,,,,,,5,,,Y,N1,A2700004,8
2026-07-26 05:04:46,data_go_kr,경상북도,A2700002,포항세명기독병원,12,20260726045233,054-289-1711,,,,,,,,,,,,,,,,,6,,1,,3,0,,,,0,2,,,,,3,,,Y,,,,Y,,Y,Y,,,Y,Y,Y,154,Y,6,N1,Y,,14,Y,15,,1,3,2,,,,,,,,,,,52,1,3,,,14,,,6,,6,5,4,25,,,5,1,1,,1,662,,,,,,,,,,,,,,6,,,Y,N1,A2700002,9
2026-07-26 05:04:46,data_go_kr,경상북도,A2700019,의)근원의료재단경산중앙병원,10,20260726050001,053-715-0119,,,,,,,,,,,,,,,,,,,,,2,,,,,1,,,,,44,,,,Y,,,,,,Y,N1,,,N1,Y,N1,59,N1,4,N1,Y,,4,N1,10,,,2,,,,,,,,,,,,11,2,,,,4,,116,,,1,1,,9,,,,,,,,301,,,,,,,,,,,,,,,,,Y,N1,A2700019,10
2026-07-26 05:04:46,data_go_kr,경상북도,A2700036,의료법인서명의료재단세명종합병원,12,20260726045730,053-819-8500,,,,,,,,,,,,,,,,,,,,,2,,,,,,,,,,2,,,,Y,,,,,,Y,N1,,,N1,Y,N1,19,N1,2,N1,Y,,4,N1,13,,,2,,,,,,,,,,,,14,,,,,4,,22,,,1,1,,6,,,,,,,,264,,,,,,,,,,,,,,,,,Y,N1,A2700036,11
2026-07-26 05:04:46,data_go_kr,경상북도,A2700097,계명대학교경주동산병원,8,20260726045906,054-770-9420,,,,,,,,,,,,,,,,,,,,,1,,,,,,,,,,,,,,Y,,,,,,Y,N1,,,N1,Y,N1,34,N1,,N1,Y,,2,N1,9,,,1,,,,,,,,,,,,,,,,,2,,,,,1,1,,1,,,,,,,,88,,,,,,,,,,,,,,,,,Y,N1,A2700097,12
2026-07-26 05:04:46,data_go_kr,경상북도,A2700070,의료법인영암의료재단고령영생병원,5,20260726050027,070-4700-0728,,,,,,,,,,,,,,,,,,,,,1,,,,,,,,,,,,,,Y,,,,,,Y,N1,,,N1,Y,N1,35,N1,,N1,N1,,1,N1,5,,,1,,,,,,,,,,,,,,,,,1,,,,,1,,,1,,,,,,,,59,,,,,,,,,,,,,,,,,Y,N1,A2700070,13
2026-07-26 05:04:46,data_go_kr,경상북도,A2700015,구미강동병원,7,20260726050006,054-478-9521,,,,,,,,,,,,,,,,9,,,1,,2,,,,,,,,,,,,,,Y,,,,Y,,Y,Y,,,N1,Y,N1,44,N1,5,N1,Y,,5,N1,7,,1,2,,,,,,,,,,,,12,,,,,5,,,,,1,1,1,3,,,,,,,,191,,,,,,,,,,,,,9,,,,Y,N1,A2700015,14
2026-07-26 05:04:46,data_go_kr,경상북도,A2700018,경상북도김천의료원,16,20260726050001,054-429-8234,,,,,,,,,,,,,,,,,,,1,,,,,,,0,,,,,,,,,Y,,,,,,Y,N1,,,N1,Y,N1,-2,N1,7,N1,Y,,5,N1,17,,1,,,,,,,,,,,,,22,3,,,,5,,,,,1,2,,7,,,,,,,,274,,,,,,,,,,,,,,,,,Y,N1,A2700018,15
2026-07-26 05:04:46,data_go_kr,경상북도,A2700009,의료법인삼백의료재단상주성모병원,9,20260726050012,054-530-7811,,,,,,,,,,,,,,,,,,,,,1,,,,,,,,,,,,,,Y,,,,,,Y,N1,,,N1,Y,N1,41,N1,6,N1,Y,,3,N1,9,,,1,,,,,,,,,,,,10,,,,,3,,,,,1,1,,1,,,,,,,,172,,,,,,,,,,,,,,,,,Y,N1,A2700009,16
2026-07-26 05:04:46,data_go_kr,경상북도,A2700011,상주적십자병원,6,20260726045631,054-530-3171,,Y,,,,,,,,,,,,,,,,,1,,,,,,,,,,,,,,Y,,Y,,,,,,Y,N1,,,Y,Y,N1,58,N1,6,Y,Y,,3,N1,9,,1,,,,,,,,,,,,,10,,,,,3,,,,1,1,1,,7,,2,1,,,,,164,,,,,,,,,,,,,,,,,Y,N1,A2700011,17
2026-07-26 05:04:46,data_go_kr,경상북도,A2700001,경상북도안동의료원,6,20260726050001,054-850-6100,,,,,,,,,,,,,,,,,,,,,2,,,,,,,,,,,,,,Y,,,,,,Y,N1,,,N1,Y,N1,112,N1,2,N1,Y,,5,N1,6,,,2,,,,,,,,,,,,10,,,,,5,,,,,1,1,,8,,,,,,,,238,,,,,,,,,,,,,,,,,Y,N1,A2700001,18
2026-07-26 05:04:46,data_go_kr,경상북도,A2700031,영주기독병원,3,20260726045745,054-635-3050,,Y,,,,,,,,,,,,,,,,,,,1,,,,,,,,,,,,Y,,Y,,,,,,Y,N1,,,N1,Y,N1,7,N1,,Y,N1,,1,N1,4,,,1,,,,,,,,,,,,,,,,,1,,,,1,1,,,1,,2,,,,,,70,,,,,,,,,,,,,,,,,Y,N1,A2700031,19
2026-07-26 05:04:46,data_go_kr,경상북도,A2700020,영주자인병원,4,20260726045955,070-7335-5229,,,,,,,,,,,,,,,,,,,,,1,,,,,,,,,,,,,,Y,,,,,,Y,N1,,,N1,Y,N1,30,N1,,N1,Y,,,N1,4,,,1,,,,,,,,,,,,,,,,,2,,,,,1,1,,,,,,,,,,133,,,,,,,,,,,,,,,,,N1,N1,A2700020,20
2026-07-26 05:04:46,data_go_kr,경상북도,A2702752,영주적십자병원,9,20260726050031,054-630-0112,,,,,,,,,,,,,,,,,,,1,,,,,,,,,,,,,,,,Y,,,,,,Y,N1,,,Y,Y,N1,56,N1,1,N1,Y,,3,N1,10,,1,,,,,,,,,,,,,10,,,,,3,,,,,1,1,,4,,,1,,,,,140,,,,,,,,,,,,,,,,,Y,N1,A2702752,21
2026-07-26 05:04:46,data_go_kr,경상북도,A2700017,영남대학교의과대학부속영천병원,10,20260726045758,054-330-7575,,,,,,,,,,,,,,,,,,,1,,2,,,,,,,,,,,,,,Y,,,,,,Y,N1,,,N1,Y,N1,46,N1,3,N1,Y,,4,N1,10,,1,2,,,,,,,,,,,,10,,,,,4,,,,,1,1,,1,,,,,,,,190,,,,,,,,,,,,,,,,,Y,N1,A2700017,22
2026-07-26 05:04:46,data_go_kr,경상북도,A2700023,의료법인서준의료재단예천권병원,6,20260726045531,054-650-2119,,Y,,,,,,,,,,,,,,,,,1,,0,,,,,,,,,,,0,Y,,Y,,,,,,Y,N1,,,N1,Y,N1,74,N1,,Y,Y,,2,N1,6,,1,0,,,,,,,,,,,,,,,,,2,,,0,1,1,1,,3,,2,,,,,,173,,,,,,,,,,,,,,,,,Y,N1,A2700023,23
2026-07-26 05:04:46,data_go_kr,경상북도,E2700553,울릉군보건의료원,4,20260726050002,054-790-6911,,,,,,,,,,,,,,,,,,,,,,,,,,,,,,,,,,,Y,,,,,,Y,N1,,,N1,Y,N1,24,N1,,N1,N1,,1,N1,5,,,,,,,,,,,,,,,,,,,,1,,,,,1,,,1,,,,,,,,27,,,,,,,,,,,,,,,,,Y,N1,E2700553,24
2026-07-26 05:04:46,data_go_kr,경상북도,A2700052,울진군의료원,6,20260726045602,054-785-7119,,,,,,,,,,,,,,,,,,,2,,,,,,,,,,,,,2,,,Y,,,,,,Y,N1,,,N1,Y,N1,22,N1,,N1,Y,,3,N1,8,,2,,,,,,,,,,,,,,,,,,3,,,2,,1,1,,1,,,,,,,,97,,,,,,,,,,,,,,,,,Y,N1,A2700052,25
2026-07-26 05:04:46,data_go_kr,경상북도,A2700063,의료법인영제의료재단영남제일병원,4,20260726043651,054-861-9111,,,,,,,,,,,,,,,,,,,,,1,,,,,,,,,,,,,,Y,,,,,,Y,N1,,,N1,Y,N1,27,N1,,N1,N1,,1,N1,,,,,,,,,,,,,,,,,,,,,,,,,,,,,,,,,,,,,,,,,,,,,,,,,,,,,,Y,N1,A2700063,26
2026-07-26 05:04:46,data_go_kr,경상북도,A2700038,의료법인대남의료재단청도대남병원,10,20260726045813,054-370-5112,,,,,,,,,,,,,,,,,,,,,,,,,,,,,,,,,,,Y,,,,,,Y,N1,,,N1,Y,N1,83,N1,,N1,Y,,1,N1,10,,,,,,,,,,,,,,,,,,,,1,,,,,1,1,,1,,,,,,,,115,,,,,,,,,,,,,,,,,Y,N1,A2700038,27
2026-07-26 05:04:46,data_go_kr,경상북도,E2700554,청송군보건의료원,5,20260726050001,054-870-7119,,,,,,,,,,,,,,,,,,,,,1,,,,,,,,,,,,,,,,,,,,Y,N1,,,N1,N1,N1,57,N1,,N1,N1,,,N1,5,,,1,,,,,,,,,,,,,,,,,,,,,,,,,1,,,,,,,,45,,,,,,,,,,,,,,,,,Y,N1,E2700554,28
2026-07-26 05:04:46,data_go_kr,경상북도,A2700008,에스포항병원,5,20260726045653,054-289-9120,Y,,,,,,,,,,,,,,,,,,,,1,,,,,1,,,,,,,,,Y,,,,Y,,Y,Y,,,Y,Y,N1,83,N1,3,N1,Y,,4,N1,6,,,1,,,,,,,,,,,,14,1,,,,4,,,,,2,2,3,9,9,,1,,,,,239,,,,,,,,,,,,,,,,,Y,Y,A2700008,29
2026-07-26 05:04:46,data_go_kr,경상북도,A2702563,의료법인은성의료재단좋은선린병원,9,20260726050031,054-245-5200,,,,,,,,,,,,,,,,2,,,,,2,,,,,1,,,,,,,,,Y,,,,N,,Y,N,,,N1,Y,N1,76,N1,1,N1,Y,,4,N,10,,,2,,,,,,,,,,,,17,1,,,,4,,,,,1,1,2,7,,,,,,,14,281,,,,,,,,,,,,,2,,,,N,N1,A2702563,30
2026-07-26 05:04:46,data_go_kr,경상북도,A2700005,경상북도포항의료원,6,20260726050002,054-245-0129,,,,,,,,,,,,,,,,,,,1,,1,,,,,1,,,,,7,7,,,Y,,,,,,Y,N1,,,N1,Y,N1,26,N1,4,N1,Y,,3,N1,8,,1,1,,,,,,,,,,,,19,1,,,,3,,56,7,,1,1,,4,,,,,,,,179,,,,,,,,,,,,,,,,,Y,N1,A2700005,31
2026-07-26 05:04:46,data_go_kr,경상남도,A2800011,양산부산대학교병원,11,20260726045827,055-360-1463,Y,Y,2,2,1,1,0,0,,4,,0,0,,4,,,7,,7,1,3,6,2,,0,14,6,,,4,4,Y,,Y,1,,,Y,,Y,Y,,5,Y,Y,Y,294,Y,,Y,Y,19,25,N1,23,8,,1,16,16,11,38,11,2,,9,,,10,,0,30,6,,25,,33,4,4,6,5,6,92,24,23,19,12,2,,,766,2,3,1,1,2,2,,,0,0,,4,,,,,Y,Y,A2800011,1
2026-07-26 05:04:46,data_go_kr,경상남도,A2800001,경상국립대학교병원,17,20260726050001,055-750-8282,Y,Y,,,,,,3,,2,,,,,,,,3,2,4,3,5,,,0,0,12,,26,2,7,5,Y,,Y,,2,6,Y,13,Y,Y,,,Y,Y,Y,244,Y,,Y,Y,6,15,N1,28,3,2,3,14,8,9,15,,,,,20,6,,,3,30,,40,15,2,23,7,7,3,3,5,16,9,20,6,4,17,,,655,,,,,,6,,,,,,,,,2,6,Y,Y,A2800001,2
2026-07-26 05:04:46,data_go_kr,경상남도,A2800020,학교법인성균관대학삼성창원병원,22,20260726050001,055-233-8899,Y,Y,,,,,,1,,2,,,,,,,,8,2,5,3,7,,,,0,21,,,,,3,Y,,Y,,,,Y,,Y,Y,,,Y,Y,Y,269,Y,,Y,Y,17,16,N1,27,8,2,3,19,15,20,24,,,,,,,,,3,30,,,16,,,5,7,4,3,4,45,8,20,5,3,3,,,645,,,,,,1,,,,,,,,,,,Y,Y,A2800020,3
2026-07-26 05:04:46,data_go_kr,경상남도,A2800010,의료법인환명의료재단 조은금강병원,13,20260726045906,055-330-0200,,,,,,,,,,,,,,,,,,,1,,2,,,,,1,,,,,5,,,,Y,,,,Y,,Y,Y,,,N1,Y,N1,73,N1,11,N1,Y,,4,Y,17,,1,2,,,,,,,,,,,,23,1,,,,4,,96,,,1,2,1,7,,,,,,,2,305,,,,,,,,,,,,,,,,,Y,N1,A2800010,4
2026-07-26 05:04:46,data_go_kr,경상남도,A2800006,의료법인숭인의료재단 김해복음병원,15,20260726045606,055-330-8844,,,,,,,,,,,,,,,,,,,1,,3,,,,,1,,,,,,,,,Y,,,,Y,,Y,Y,,,Y,Y,N1,26,N1,1,N1,Y,,5,N1,16,,1,3,,,,,,,,,,,,18,1,,,,5,,,,,2,3,1,3,,,3,,,,,359,,,,,,,,,,,,,,,,,Y,N1,A2800006,5
2026-07-26 05:04:46,data_go_kr,경상남도,A2800043,한일병원,16,20260726045640,055-750-1333,,,,,,,,,,,,,,,,,,,1,,2,0,,,,0,1,,,,,,,,Y,,,,Y,,Y,Y,,,Y,Y,N1,19,N1,1,N1,Y,,4,Y,17,,1,2,2,,,,,,,,,,,13,1,3,,,4,,,,,2,2,1,6,,,1,,,,1,282,,,,,,,,,,,,,,,,,Y,N1,A2800043,6
2026-07-26 05:04:46,data_go_kr,경상남도,A2800003,제일병원,14,20260726045916,055-750-7119,,,,,,,,,,,,,,,,,,,1,,2,,,,,,,,,,,,,Y,Y,,,,Y,,Y,Y,,,N1,Y,N1,57,N1,6,N1,Y,,4,Y,17,,1,2,,,,,,,,,,,,9,,,,,7,,,,,2,2,1,4,,,,,,1,1,258,,,,,,,,,,,,,,,,,Y,N1,A2800003,7
2026-07-26 05:04:46,data_go_kr,경상남도,A2800017,의료법인합포의료재단에스엠지연세병원,17,20260726050009,055-240-7777,,,,,,,,,,,,,,,,,,,1,,2,,,,,1,,,,,,,,,Y,,,,Y,,Y,Y,,,Y,Y,N1,42,N1,5,N1,Y,,4,N1,17,,1,2,,,,,,,,,,,,12,1,,,,4,,,,,1,2,1,7,,,1,,,,,286,,,,,,,,,,,,,,,,,Y,N1,A2800017,8
2026-07-26 05:04:46,data_go_kr,경상남도,A2803505,창원경상국립대학교병원,17,20260726045701,055-214-1339,Y,Y,,,,,,,,,,,,5,0,,,,1,,2,,,,,2,,,,,8,6,Y,,Y,,,,Y,,Y,Y,,,Y,Y,Y,203,Y,14,Y,Y,5,12,N1,18,,1,2,,,,17,,,,,,,,34,2,,,,13,,22,6,9,3,2,5,52,9,22,6,7,14,,,437,,,,,,,,,,,5,0,,,,,Y,Y,A2803505,9
2026-07-26 05:04:46,data_go_kr,경상남도,A2800007,창원한마음병원,12,20260726050011,055-225-0350,Y,Y,,,,,,,,-1,,,,,,,,,1,1,3,,,,,1,,,,,,0,Y,,Y,,,,Y,,Y,Y,,,Y,Y,Y,80,Y,,Y,Y,10,12,Y,21,,1,3,,25,37,10,,,,,,,,,1,,,,13,,,6,2,4,4,4,29,3,11,6,1,2,,2,688,,,,,,,,,,,,,,,,,Y,Y,A2800007,10
2026-07-26 05:04:46,data_go_kr,경상남도,A2800004,창원파티마병원,7,20260726045606,055-270-1119,Y,Y,,,,,,,,4,,,,,,,,,1,6,2,0,,,,0,2,,,,,5,Y,Y,Y,,,,Y,,Y,Y,,,Y,Y,N1,119,Y,,Y,Y,2,7,N1,17,,1,2,2,12,13,2,,,,,,,,,2,3,,,7,,,6,2,4,3,3,16,3,6,3,,4,1,,444,,,,,,,,,,,,,,,,,Y,Y,A2800004,11
2026-07-26 05:04:46,data_go_kr,경상남도,A2800008,의료법인 거붕 백병원,7,20260726050006,055-733-0180,,,,,,,,,,,,,,,,,,,,,1,,,,,,,,,,,,,,Y,,,,,,Y,N1,,,N1,Y,N1,56,N1,9,N1,Y,,4,N1,9,,,1,,,,,,,,,,,,20,,,,,4,,,,,2,2,,12,,,,,,,,365,,,,,,,,,,,,,,,,,Y,N1,A2800008,12
2026-07-26 05:04:46,data_go_kr,경상남도,A2800005,의료법인 대우의료재단대우병원,8,20260726045639,055-680-8119,,,,,,,,,,,,,,,,,,,,,1,,,,,,,,,,,,,,Y,,,,,,Y,N1,,,N1,Y,N1,43,N1,4,N1,Y,,4,N1,9,,,1,,,,,,,,,,,,10,,,,,4,,,,,2,1,,5,,,,,,,,231,,,,,,,,,,,,,,,,,Y,N1,A2800005,13
2026-07-26 05:04:46,data_go_kr,경상남도,A2800022,의료법인 성념의료재단맑은샘병원,9,20260726045201,055-736-0119,,,,,,,,,,,,,,,,,,,,,1,,,,,,,,,,,,,,Y,,,,,,Y,N1,,,N1,Y,N1,17,N1,,N1,Y,,2,N1,9,,,1,,,,,,,,,,,,,,,,,2,,,,,1,1,,4,,,,,,,,200,,,,,,,,,,,,,,,,,Y,N1,A2800022,14
2026-07-26 05:04:46,data_go_kr,경상남도,A2800076,거창적십자병원,9,20260726045844,055-949-3359,,Y,,,,,,,,,,,,,,,,,,,1,,,,,,,,,,,,Y,,Y,,,,,,Y,N1,,,N1,Y,N1,35,N1,,Y,Y,,2,N1,9,,,1,,,,,,,,,,,,,,,,,2,,,,1,1,1,,2,,2,,,,,,91,,,,,,,,,,,,,,,,,Y,N1,A2800076,15
2026-07-26 05:04:46,data_go_kr,경상남도,A2800032,강병원,9,20260726045221,055-673-4848,,,,,,,,,,,,,,,,,,,,,1,,,,,,,,,,,,,,Y,,,,,,Y,N1,,,N1,Y,N1,17,N1,,N1,Y,,1,N1,9,,,1,,,,,,,,,,,,,,,,,1,,,,,1,1,,1,,,,,,,,99,,,,,,,,,,,,,,,,,Y,N1,A2800032,16
2026-07-26 05:04:46,data_go_kr,경상남도,A2803677,강일병원,8,20260726045653,055-822-0119,,,,,,,,,,,,,,,,,,,1,,2,,,,,,,,,,,,,,Y,,,,Y,,Y,Y,,,N1,Y,N1,124,N1,13,N1,Y,,5,N1,8,,1,2,,,,,,,,,,,,15,,,,,5,,,,,1,2,1,1,,,,,,,,275,,,,,,,,,,,,,,,,,Y,N1,A2803677,17
2026-07-26 05:04:46,data_go_kr,경상남도,A2800014,의료법인갑을의료재단 갑을장유병원,9,20260726045826,055-310-6119,,,,,,,,,,,,,,,,,,,1,,,,,,,,,,,,,,,,Y,,,,,,Y,N1,,,N1,Y,N1,39,N1,,N1,Y,,4,N1,9,,1,,,,,,,,,,,,,,,,,,4,,,,,1,1,,1,,,,,,,,210,,,,,,,,,,,,,,,,,Y,N1,A2800014,18
2026-07-26 05:04:46,data_go_kr,경상남도,A2800094,의료법인 이도의료재단 남해병원,8,20260726035216,055-860-6630,N,N,,,,,,,,,,,,,,,,,1,,1,,,,,,,,,,,,N,N,Y,,,,N,,Y,N,,,N,Y,N,77,N,,N,Y,,2,N,,,,,,,,,,,,,,,,,,,,,,,,,,,,,,,,,,,,,,,,,,,,,,,,,,,,,,N,N,A2800094,19
2026-07-26 05:04:46,data_go_kr,경상남도,A2800113,밀양병원,7,20260726045740,055-356-9119,,,,,,,,,,,,,,,,,,,,,1,,,,,,,,,,,,,,Y,,,,,,Y,N1,,,N1,Y,N1,31,N1,,N1,Y,,0,N1,8,,,1,,,,,,,,,,,,,,,,,0,,,,,1,1,,1,,,,,,,,200,,,,,,,,,,,,,,,,,Y,N1,A2800113,20
2026-07-26 05:04:46,data_go_kr,경상남도,A2800068,의료법인승연의료재단 삼천포서울병원,8,20260726045444,055-830-9019,,,,,,,,,,,,,,,,,,,,,1,,,,,,,,,,,,,,Y,,,,Y,,Y,Y,,,N1,Y,N1,35,N1,,N1,Y,,3,Y,9,,,1,,,,,,,,,,,,,,,,,3,,,,,1,2,1,4,,,,,,,1,287,,,,,,,,,,,,,,,,,Y,N1,A2800068,21
2026-07-26 05:04:46,data_go_kr,경상남도,A2800101,삼천포제일병원,8,20260726045604,055-830-3099,,,,,,,,,,,,,,,,,,,,,2,,,,,,,,,,,,,,Y,,,,,,Y,N1,,,N1,Y,N1,70,N1,,N1,Y,,2,N,8,,,2,,,,,,,,,,,,,,,,,2,,,,,1,1,,1,,,,,,,1,214,,,,,,,,,,,,,,,,,Y,N1,A2800101,22
2026-07-26 05:04:46,data_go_kr,경상남도,E2800380,산청군보건의료원,5,20260726050002,055-970-7582,,,,,,,,,,,,,,,,,,,,,1,,,,,,,,,,,,,,,,,,,,Y,N1,,,N1,N1,N1,20,N1,,N1,N1,,,N1,5,,,1,,,,,,,,,,,,,,,,,,,,,,,,,1,,,,,,,,20,,,,,,,,,,,,,,,,,Y,N1,E2800380,23
2026-07-26 05:04:46,data_go_kr,경상남도,A2804593,양산성모병원,9,20260726050035,055-912-9785,,,,,,,,,,,,,,,,,,,1,,,,,,,,,,,,,,,,Y,,,,,,Y,N1,,,N1,Y,N1,145,N1,2,N1,Y,,4,N1,13,,1,,,,,,,,,,,,,6,,,,,4,,,,,1,2,,1,,,,,,,,214,,,,,,,,,,,,,,,,,Y,N1,A2804593,24
2026-07-26 05:04:46,data_go_kr,경상남도,A2800019,베데스다복음병원,9,20260726045958,055-781-9911,,,,,,,,,,,,,,,,,,,,,1,,,,,,,,,,,,,,Y,,,,,,Y,N1,,,N1,Y,N1,43,N1,,N1,Y,,3,N1,9,,,1,,,,,,,,,,,,,,,,,3,,,,,1,1,,1,,,,,,,,133,,,,,,,,,,,,,,,,,Y,N1,A2800019,25
2026-07-26 05:04:46,data_go_kr,경상남도,A2800090,의령병원,4,20260726050025,055-573-6806,,,,,,,,,,,,,,,,,,,,,1,,,,,,,,,,,,,,Y,,,,,,Y,N1,,,N1,Y,N1,35,N1,,N1,N1,,,N1,4,,,1,,,,,,,,,,,,,,,,,,,,,,1,,,1,,,,,,,,58,,,,,,,,,,,,,,,,,Y,N1,A2800090,26
2026-07-26 05:04:46,data_go_kr,경상남도,A2800084,반도병원,7,20260726050004,055-749-0200,,,,,,,,,,,,,,,,,,,,,1,,,,,,,,,,,,,,Y,,,,,,Y,N1,,,N1,Y,N1,68,N1,,N1,Y,,3,N1,7,,,1,,,,,,,,,,,,,,,,,3,,,,,1,1,,3,,,,,,,,165,,,,,,,,,,,,,,,,,Y,N1,A2800084,27
2026-07-26 05:04:46,data_go_kr,경상남도,A2800015,의료법인 문병욱의료재단 진주고려병원,10,20260726045717,055-751-2525,,,,,,,,,,,,,,,,,,,,,1,,,,,,,,,,,,,,Y,,,,Y,,Y,Y,,,N1,Y,N1,75,N1,4,N1,Y,,4,Y,10,,,1,,,,,,,,,,,,9,,,,,4,,,,,2,2,1,4,,,,,,,1,229,,,,,,,,,,,,,,,,,Y,N1,A2800015,28
2026-07-26 05:04:46,data_go_kr,경상남도,A2800037,진주복음병원,7,20260726050020,055-749-7119,,,,,,,,,,,,,,,,,,,,,1,,,,,,,,,,,,,,Y,,,,,,Y,N1,,,N1,Y,N1,41,N1,,N1,N,,3,N1,9,,,1,,,,,,,,,,,,,,,,,3,,,,,1,1,,1,,,,,,,,131,,,,,,,,,,,,,,,,,N,N1,A2800037,29
2026-07-26 05:04:46,data_go_kr,경상남도,A2800062,태황의료재단한성병원,9,20260726045953,055-530-5119,,,,,,,,,,,,,,,,,,,,,1,,,,,,,,,,,,,,,,,,,,Y,N1,,,N1,N1,N1,49,N1,,N1,N1,,,N1,9,,,1,,,,,,,,,,,,,,,,,,,,,,,,,,,,,,,,,167,,,,,,,,,,,,,,,,,N1,N1,A2800062,30
2026-07-26 05:04:46,data_go_kr,경상남도,A2800025,경상남도마산의료원,11,20260726050001,055-249-1119,,,,,,,,,,,,,,,,,,,1,,1,,,,,2,,,,,,19,,,Y,,,,,,Y,N1,,,Y,Y,N1,83,N1,5,N1,Y,,5,N1,13,,1,1,,,,,,,,,,,,6,2,,,,5,,,27,,1,1,,17,,,2,,,,,263,,,,,,,,,,,,,,,,,Y,N1,A2800025,31
2026-07-26 05:04:46,data_go_kr,경상남도,A2800009,의료법인청아의료재단청아병원,9,20260726045941,055-230-1700,,,,,,,,,,,,,,,,,,,,,1,,,,,,,,,,,,,,Y,,,,,,Y,N1,,,N1,Y,N1,76,N1,,N1,Y,,4,N1,9,,,1,,,,,,,,,,,,,,,,,4,,,,,2,2,,4,,,,,,,,274,,,,,,,,,,,,,,,,,Y,N1,A2800009,32
2026-07-26 05:04:46,data_go_kr,경상남도,A2800021,연세에스병원,9,20260726045633,055-548-7789,,,,,,,,,,,,,,,,,,,,,1,,,,,,,,,,,,,,Y,,,,Y,,Y,Y,,,N1,Y,N1,109,N1,7,N1,Y,,2,N1,9,,,1,,,,,,,,,,,,10,,,,,3,,,,,2,2,1,5,,,,,,,,255,,,,,,,,,,,,,,,,,Y,N1,A2800021,33
2026-07-26 05:04:46,data_go_kr,경상남도,A2800092,새통영병원,7,20260726050023,055-640-4119,,,,,,,,,,,,,,,,,,,,,1,,,,,,,,,,,,,,Y,,,,,,Y,N1,,,N1,Y,N1,58,N1,,N1,Y,,3,N1,9,,,1,,,,,,,,,,,,,,,,,3,,,,,1,2,,3,,,,,,,,256,,,,,,,,,,,,,,,,,Y,N1,A2800092,34
2026-07-26 05:04:46,data_go_kr,경상남도,A2800080,함양성심병원,4,20260726045849,055-964-4322,,,,,,,,,,,,,,,,,,,,,1,,,,,,,,,,,,,,Y,,,,,,Y,N1,,,N1,Y,N1,5,N1,,N1,Y,,2,N1,4,,,1,,,,,,,,,,,,,,,,,2,,,,,1,1,,1,,,,,,,,121,,,,,,,,,,,,,,,,,Y,N1,A2800080,35
2026-07-26 05:04:46,data_go_kr,경상남도,A2800055,삼성합천병원,4,20260726050001,070-5125-5030,,,,,,,,,,,,,,,,,,,,,1,,,,,,,,,,,,,,Y,,,,,,Y,N1,,,N1,Y,N1,25,N1,,N1,Y,,2,N1,4,,,1,,,,,,,,,,,,,,,,,2,,,,,1,1,,1,,,,,,,,141,,,,,,,,,,,,,,,,,Y,N1,A2800055,36
2026-07-26 05:04:46,data_go_kr,제주특별자치도,A2900001,제주한라병원,12,20260726050252,064-740-5159,Y,Y,,,,,0,1,,,4,,,,,,,3,2,,3,2,,,,,23,,10,2,,,Y,,Y,,2,6,Y,8,Y,Y,,,Y,Y,Y,164,Y,8,Y,Y,3,6,N1,15,3,2,3,14,,,7,,,,,20,,,15,,30,,40,6,2,,,2,3,2,3,46,3,8,9,4,2,,,414,,,,,4,2,,4,,,,,,,2,6,Y,Y,A2900001,1
2026-07-26 05:04:46,data_go_kr,제주특별자치도,A2900002,제주특별자치도서귀포의료원,11,20260726050001,064-730-3001,,Y,,,,,,,,,,,,,,,,4,1,,4,2,,,,3,3,,,,3,,Y,,Y,,,,Y,,Y,Y,,,Y,Y,N1,150,N1,8,Y,Y,,4,Y,16,4,1,4,2,,,,,,,,,,,17,3,3,,,4,,26,,1,2,1,1,16,,4,3,,,,1,326,,,,,,,,,,,,,,,,,Y,N1,A2900002,2
2026-07-26 05:04:46,data_go_kr,제주특별자치도,A2900007,제주대학교병원,13,20260726050000,,Y,Y,,,,,,,,0,,,,,,,,,1,4,2,,3,,3,,,,,,4,5,Y,,Y,,,,Y,,Y,Y,,,Y,Y,Y,130,Y,,Y,Y,9,12,N1,20,,1,5,,12,12,16,3,,,,,6,,,,,,,12,,20,9,3,2,2,4,45,8,17,10,5,3,,,458,,,,,,,,,,,,,,,,,Y,Y,A2900007,3
2026-07-26 05:04:46,data_go_kr,제주특별자치도,A2900005,한마음병원,12,20260726045746,064-750-9119,,,,,,,,,,,,,,,,,,,1,,0,,,,,,,,,,,,,,Y,,,,Y,,Y,Y,,,Y,Y,N1,74,N1,7,N1,Y,,4,N1,17,,1,2,,,,,,,,,,,,12,,,,,4,,,,,1,1,1,6,,,2,,,,,216,,,,,,,,,,,,,,,,,Y,N1,A2900005,4
2026-07-26 05:04:46,data_go_kr,제주특별자치도,A2900006,의료법인중앙의료재단중앙병원,12,20260726050001,064-786-7777,,,,,,,,,,,,,,,,,,1,1,,2,,,,,,,,,,,,,,Y,,,,Y,,Y,Y,,,Y,Y,Y,100,N1,8,N1,Y,,3,N1,16,1,1,2,,,,,,,,,,,,16,,,,,3,,,,,1,1,2,10,,,2,1,,,,281,,,,,,,,,,,,,,,,,Y,N1,A2900006,5
2026-07-26 05:04:46,data_go_kr,제주특별자치도,A2900003,의료법인 혜인의료재단 한국병원,3,20260726045951,064-750-0160,,,,,,,,,,,,,,,,,,,,,1,,,,,,,,,,,,,,Y,,,,,,Y,N1,,,N1,Y,N1,46,N1,0,N1,Y,,3,N1,9,,,1,,,,,,,,,,,,10,,,,,3,,,,,1,1,,6,,,,,,,,209,,,,,,,,,,,,,,,,,Y,N1,A2900003,6
2026-07-26 06:43:04,data_go_kr,서울특별시,A1100043,강동경희대학교병원,3,20260726064019,02-440-7000,Y,Y,,,,,1,,,,,,,,,1,,3,2,,3,1,,,,,4,,,,,0,Y,N,Y,,,,Y,,Y,Y,,,Y,Y,Y,210,Y,7,Y,Y,0,16,N,15,3,2,3,19,,,17,,,,,,,,27,,30,,,17,,,1,8,2,2,3,32,9,13,4,1,1,0,0,625,,,,,3,,,,,,,,2,,,,Y,Y,A1100043,1
2026-07-26 06:43:04,data_go_kr,서울특별시,A1100014,고려대학교의과대학부속구로병원,22,20260726063922,02-2626-1550,Y,Y,4,,,,,,,0,,,,,,,,3,,2,,1,,,,2,6,,,,3,2,Y,,Y,,,,Y,,Y,Y,,,Y,Y,Y,179,Y,9,Y,Y,0,24,N1,29,3,,,20,20,10,23,,,,,,,,35,10,30,,,24,,18,4,2,6,6,4,98,11,35,15,10,3,,,778,5,,,,,,,,,,,,,,,,Y,Y,A1100014,2
2026-07-26 06:43:04,data_go_kr,서울특별시,A1100013,한양대학교병원,13,20260726063801,02-2290-8284,Y,Y,4,2,,,1,4,,0,,,,,,,,3,,7,,6,,,,1,8,,,,1,0,Y,,Y,,,,Y,,Y,Y,,,Y,Y,Y,276,Y,0,Y,Y,2,16,Y,20,3,,,22,12,13,25,,,,,,,,0,2,30,,,16,,16,2,1,3,2,3,69,10,20,11,4,3,,1,670,4,8,,,2,5,,,,,,,,,,,Y,Y,A1100013,3
2026-07-26 06:43:04,data_go_kr,서울특별시,A1100008,학교법인고려중앙학원고려대학교의과대학부속병원(안암병원),15,20260726063655,02-920-5374,Y,Y,2,4,,,0,,,0,,,,,,,,4,,3,,0,,,2,1,23,,,,2,1,Y,,Y,,,,Y,,Y,Y,,,Y,Y,Y,220,Y,,Y,Y,0,24,N1,30,4,,,15,16,19,17,,,,,,9,,,6,31,,,25,,10,3,4,7,6,8,84,14,20,11,8,7,,,777,2,7,,,6,,,,,,,,,,,,Y,Y,A1100008,4
2026-07-26 06:43:04,data_go_kr,서울특별시,A1100005,이화여자대학교의과대학부속목동병원,13,20260726063548,02-2650-5911,Y,Y,,,,,0,0,,1,,,,,,,,8,2,4,4,5,,,,0,18,,,,4,4,Y,,Y,6,,,Y,,Y,Y,,,Y,Y,Y,106,Y,,Y,Y,12,13,N1,19,8,2,4,19,10,13,28,,,,14,,,,,4,32,,,13,,10,9,2,4,4,4,58,10,34,9,3,5,,,526,,,,,1,1,,,,,,,,,,,Y,Y,A1100005,5
2026-07-26 06:43:04,data_go_kr,서울특별시,A1100017,서울대학교병원,-3,20260726064018,02-2072-2475,Y,Y,,,1,1,1,0,,1,,0,0,,1,,,10,2,6,4,9,4,1,4,10,18,6,,,6,5,Y,Y,Y,1,,,Y,,Y,Y,4,1,Y,Y,Y,371,Y,,Y,Y,5,53,N1,24,10,2,4,17,10,18,40,22,2,10,5,,8,10,,28,30,6,,53,,41,7,4,13,13,14,160,19,46,22,9,3,1,,1365,,,1,1,2,1,,,0,0,,8,,,,,Y,Y,A1100017,6
2026-07-26 06:43:04,data_go_kr,서울특별시,A1100035,서울특별시서울의료원,12,20260726064000,02-2276-7000,Y,Y,,,,,0,2,1,0,,,,,,,,3,2,,3,4,,,,,5,,,,11,2,Y,Y,Y,1,,,Y,,Y,Y,,,Y,Y,Y,92,Y,2,Y,Y,2,10,Y,19,3,2,3,14,7,,3,,,,6,,,,5,,28,,,10,,30,3,4,5,3,5,65,5,12,7,2,4,1,2,461,,,,,2,4,2,,,,,,,,,,Y,Y,A1100035,7
2026-07-26 06:43:04,data_go_kr,서울특별시,A1100015,연세대학교의과대학강남세브란스병원,11,20260726063830,02-2019-3333,Y,Y,,,,,,,,,,,,,,,,2,1,,1,,,,3,,,,,,,5,Y,,Y,8,,,Y,,Y,Y,,,Y,Y,Y,136,Y,14,Y,Y,0,23,N1,21,2,1,2,,,,28,,,,12,,8,,29,,,,,23,,,5,1,4,3,6,47,10,23,6,3,5,,,691,,,,,,,,,,,,,,,,,Y,Y,A1100015,8
2026-07-26 06:43:04,data_go_kr,서울특별시,A1100010,삼성서울병원,13,20260726063943,02-3410-2060,Y,Y,,,,,,,,13,,,,,,,,2,2,17,2,,7,,4,2,,,,,5,12,Y,,Y,1,,,Y,,Y,Y,,12,Y,Y,Y,369,Y,14,Y,Y,1,53,N1,52,4,2,2,,30,23,59,15,,,12,,12,36,14,2,,,,53,,27,18,8,19,16,15,117,22,43,21,11,2,,,1528,,,,,,,,,,,,,,,,,Y,Y,A1100010,9
2026-07-26 06:43:04,data_go_kr,서울특별시,A1100028,성심의료재단강동성심병원,9,20260726063902,02-2224-2358,Y,Y,,,,,,,,3,,,,,,,2,,1,,6,,,,,2,,,,,,0,Y,,Y,,,,Y,,Y,Y,,,Y,Y,Y,187,Y,1,Y,Y,3,13,N1,15,,1,6,,18,,3,,,,,,,,19,5,,,,13,,,2,1,4,2,5,35,3,3,8,3,1,,,566,,,,,,,,,,,,,,2,,,Y,Y,A1100028,10
2026-07-26 06:43:04,data_go_kr,서울특별시,A1100053,한국보훈복지의료공단중앙보훈병원,19,20260726063845,02-2225-1100,,,,,,,,,,6,,,,,,,,,1,10,2,0,,,3,1,0,,,,35,0,N,,Y,2,,,Y,,Y,Y,,,Y,Y,Y,155,N1,,N1,Y,,13,N1,22,,1,2,2,14,14,,,,,13,,10,,,1,3,,,13,,60,7,1,3,4,4,38,,,10,1,,,,820,,,,,,,,,,,,,,,,,Y,N1,A1100053,11
2026-07-26 06:43:04,data_go_kr,서울특별시,A1120796,이화여자대학교의과대학부속서울병원,5,20260726063644,02-6986-5119,Y,Y,,,,,,,,0,,,,,,,,7,2,8,6,,,,2,1,,,,,,3,Y,,Y,3,,,Y,,Y,Y,,4,Y,Y,Y,224,Y,0,Y,Y,0,19,N1,14,9,2,6,,10,17,24,,,,17,,11,19,11,7,,,,19,,,4,2,5,5,8,71,9,22,12,4,5,,,732,,,,,,,,,,,,,,,,,Y,Y,A1120796,12
2026-07-26 06:43:04,data_go_kr,서울특별시,A1100041,의료법인서울효천의료재단에이치플러스양지병원,18,20260726064012,070-4665-9119,,,,,,,,,,,,,,,,,,,1,,2,,,,,1,,,,,,2,,,Y,,,,Y,,Y,Y,,,Y,Y,Y,53,Y,2,N1,Y,,7,N1,18,,1,2,,,,,,,,,,,,20,1,,,,7,,,3,,2,3,3,23,,,4,1,1,,,301,,,,,,,,,,,,,,,,,Y,N1,A1100041,13
2026-07-26 06:43:04,data_go_kr,서울특별시,A1100002,건국대학교병원,10,20260726063749,02-2030-5555,Y,Y,,,,,,,,7,,,,,,,,4,1,16,2,,,,,1,,,,,9,2,Y,,Y,,,,Y,,Y,Y,,,Y,Y,Y,257,Y,,Y,Y,0,21,N1,20,4,1,2,,24,25,16,,,,,,,,,1,,,,21,,14,3,2,4,4,5,45,7,18,7,3,14,,,678,,,,,,,,,,,,,,,,,Y,Y,A1100002,14
2026-07-26 06:43:04,data_go_kr,서울특별시,A1100016,인제대학교상계백병원,12,20260726063728,02-950-1119,Y,Y,,,,,,,,0,,,,,,,4,,1,4,2,,,,,1,,,,,3,1,Y,,Y,,,,Y,,Y,Y,,,Y,Y,Y,121,Y,,Y,Y,1,13,N1,16,,1,2,,19,18,15,,,,,,,,,4,,,,13,,5,2,2,3,2,3,36,10,25,10,3,1,,,390,,,,,,,,,,,,,,4,,,Y,Y,A1100016,15
2026-07-26 06:43:04,data_go_kr,서울특별시,A1100048,노원을지대학교병원,16,20260726063602,02-970-8282,Y,Y,,,,,,,,4,,,,,,,,,1,5,4,,,,,2,,,,,3,0,Y,,Y,,0,0,Y,,Y,Y,,,Y,Y,Y,236,N1,,Y,Y,1,11,N1,17,,1,4,,16,16,10,,,,,,,,,2,,,,11,,21,1,3,2,2,2,26,8,19,3,1,,,,479,,,,,,,,,,,,,,,0,0,Y,Y,A1100048,16
2026-07-26 06:43:04,data_go_kr,서울특별시,A1100020,의료법인한전의료재단한일병원,9,20260726064004,02-901-3119,N,N,,,,,,,,,,,,,,,,2,2,,1,0,,,,0,2,,,,,1,,Y,Y,,,,Y,,Y,Y,,,Y,Y,N1,88,Y,3,N,Y,,8,Y,21,2,2,2,2,,,,,,,,,,,21,1,3,,,8,,,5,,2,1,1,25,1,4,2,,4,2,2,389,,,,,,,,,,,,,,,,,Y,N,A1100020,17
2026-07-26 06:43:04,data_go_kr,서울특별시,A1100001,경희대학교병원,13,20260726064030,02-958-8114,Y,Y,,,,,,,,,,,,,,,,3,2,,3,,,,,,,,,,10,9,Y,,Y,4,,,Y,,Y,Y,,,Y,Y,Y,238,Y,21,Y,Y,1,16,N1,15,3,2,3,,,,14,,,,15,,,,73,,,,,16,,20,10,3,3,3,5,48,6,12,8,3,2,,,657,,,,,,,,,,,,,,,,,Y,Y,A1100001,18
2026-07-26 06:43:04,data_go_kr,서울특별시,A1100021,삼육서울병원,12,20260726064005,02-2210-3566,,N,,,,,,,,,,,,,,,3,,1,,1,0,,,,1,1,,,,,4,Y,,Y,,,,Y,,Y,Y,,,Y,Y,Y,59,Y,4,N,Y,4,5,Y,13,,1,2,2,,,4,,,,,,,,15,1,3,,,5,,,4,2,1,1,2,20,,4,5,2,1,,1,389,,,,,,,,,,,,,,4,,,Y,N1,A1100021,19
2026-07-26 06:43:04,data_go_kr,서울특별시,A1100040,서울특별시보라매병원,24,20260726064000,02-870-2119,Y,Y,,,,,,,,5,,,,,,,,3,2,10,1,,,,2,1,,,,,0,0,Y,,Y,,,,Y,,Y,Y,,,Y,Y,Y,270,Y,,Y,Y,0,14,N1,31,3,2,1,,15,16,14,,,,,,4,,,4,,,,14,,14,3,4,6,3,5,48,14,13,5,9,2,,,695,,,,,,,,,,,,,,,,,Y,Y,A1100040,20
2026-07-26 06:43:04,data_go_kr,서울특별시,A1100003,중앙대학교병원,13,20260726064008,02-6299-1338,Y,Y,0,0,,,1,,,1,,,,,4,,,4,0,6,0,5,,,,1,,,,,4,2,Y,,Y,,,,Y,,Y,Y,,,Y,Y,Y,208,Y,,Y,Y,0,16,N1,18,4,0,0,12,12,17,25,,,,,,,,,11,,,,16,,24,2,2,4,3,4,51,9,21,13,6,12,,,631,0,0,,,1,,,,,,,4,,,,,Y,Y,A1100003,21
2026-07-26 06:43:04,data_go_kr,서울특별시,A1100007,연세대학교의과대학세브란스병원,9,20260726063739,02-2227-7777,Y,Y,,,1,1,,,,5,,,,,,,,5,1,13,3,,5,1,14,3,,0,,,0,0,Y,Y,Y,6,,,Y,,Y,Y,5,8,Y,Y,Y,475,Y,5,Y,Y,13,1,N1,39,8,1,3,,29,24,52,22,2,10,29,,23,17,18,5,,6,,1,,20,30,8,16,16,17,206,55,61,21,16,21,1,,1872,,,1,1,,,,,,,,,,,,,Y,Y,A1100007,22
2026-07-26 06:43:04,data_go_kr,서울특별시,A1100012,학교법인가톨릭학원가톨릭대학교서울성모병원,-4,20260726064013,02-2258-2370,Y,Y,1,1,1,1,,,,8,,,,,,,,3,,14,,,1,1,3,11,,3,,,16,1,Y,,Y,15,,,Y,,Y,Y,,5,Y,Y,Y,290,Y,0,Y,Y,8,32,N1,28,7,,,,22,22,50,3,2,,19,,10,8,5,18,,6,,32,,35,10,2,9,10,8,80,40,39,11,9,4,,,1059,1,5,1,1,,,,,,,,,,,,,Y,Y,A1100012,23
2026-07-26 06:43:04,data_go_kr,서울특별시,A1100009,재단법인아산사회복지재단서울아산병원,15,20260726063715,02-3010-3333,Y,Y,,,2,1,1,1,,1,,,,,,,,3,1,11,7,1,3,1,5,10,4,1,,,9,6,Y,,Y,2,,,Y,,Y,Y,5,2,Y,Y,Y,380,Y,10,Y,Y,10,4,Y,36,11,1,22,2,24,37,61,26,2,13,12,,12,12,12,47,4,6,,4,,28,8,8,21,15,17,190,33,49,30,14,5,,1,2089,,,2,1,1,6,,,,,,,,,,,Y,Y,A1100009,24
2026-07-26 06:43:04,data_go_kr,서울특별시,A1100011,가톨릭대학교여의도성모병원,10,20260726064013,02-3779-1199,,,,,,,,,,-1,,,,,,,,,1,0,4,,,,,1,,,,,,1,Y,,Y,1,,,Y,,Y,Y,,,Y,Y,Y,109,Y,,N1,Y,,13,N1,15,,1,4,,11,9,,,,,9,,,,,1,,,,13,,,1,2,2,2,2,23,,,5,2,2,,,330,,,,,,,,,,,,,,,,,Y,N1,A1100011,25
2026-07-26 06:43:04,data_go_kr,서울특별시,A1100055,한림대학교강남성심병원,18,20260726063712,02-829-5119,Y,Y,,,,,,,,0,,,,,,,,3,1,0,4,,,,6,1,,,,,,,Y,,Y,,,,Y,,Y,Y,,,Y,Y,Y,165,Y,,Y,Y,0,14,N1,20,3,1,4,,21,25,12,,,,,,10,,,7,,,,14,,,,3,3,3,3,54,21,22,13,3,2,,,496,,,,,,,,,,,,,,,,,Y,Y,A1100055,26
2026-07-26 06:43:04,data_go_kr,서울특별시,A1100054,성애의료재단성애병원,13,20260726063849,02-840-7115,Y,Y,,,,,,,,,,,,,,,,,1,,4,,,,,1,,,,,,,Y,,Y,,,,Y,,Y,Y,,,Y,Y,N1,51,N1,3,Y,Y,3,5,N1,15,,1,4,,,,4,,,,,,,,19,1,,,,5,,,,2,2,2,1,8,5,14,2,,,,,252,,,,,,,,,,,,,,,,,Y,Y,A1100054,27
2026-07-26 06:43:04,data_go_kr,서울특별시,A1100004,순천향대학교부속서울병원,19,20260726063924,02-709-9117,Y,Y,,,,,,,,,,,0,,0,,0,4,1,,2,,,,,1,,,,,8,3,Y,,Y,,,,Y,,Y,Y,,,Y,Y,Y,198,Y,3,Y,Y,0,14,N1,20,4,1,2,,,,13,,,,,,,,45,10,,,,14,,21,4,7,3,3,4,51,8,17,14,5,3,,,600,,,,,,,,,,0,,0,,0,,,Y,Y,A1100004,28
2026-07-26 06:43:04,data_go_kr,서울특별시,A1121013,가톨릭대학교은평성모병원,15,20260726064014,02-1811-7755,Y,Y,,,,,,,,2,,,,,,,,8,1,3,2,,,,8,1,,,,,,0,Y,,Y,0,,,Y,,Y,Y,,,Y,Y,Y,198,Y,,Y,Y,5,19,N1,24,8,2,2,,16,9,19,,,,13,,12,,,4,,,,19,,,5,1,4,3,5,46,19,22,10,5,20,,,651,,,,,,,,,,,,,,,,,Y,Y,A1121013,29
2026-07-26 06:43:04,data_go_kr,서울특별시,A1100006,강북삼성병원,11,20260726064033,02-2001-1000,Y,Y,,,,,,,,,,,,,,,,2,1,1,2,,,,,1,,,,,9,2,Y,,Y,1,,,Y,,Y,Y,,3,Y,Y,Y,148,Y,9,Y,Y,0,16,N1,15,2,1,2,,,4,7,,,,12,,,8,24,5,,,,16,,18,3,1,5,4,6,54,13,14,8,4,3,,,526,,,,,,,,,,,,,,,,,Y,Y,A1100006,30
2026-07-26 06:43:04,data_go_kr,서울특별시,A1100052,국립중앙의료원,15,20260726064005,02-2276-2114,N,Y,,,,,,,,,,0,,,0,0,5,3,2,0,3,2,,,,2,0,,14,2,,4,Y,,Y,,2,6,Y,5,Y,Y,,,Y,Y,Y,6,Y,3,Y,Y,,7,N1,15,3,2,3,6,,0,,,,,,20,,,13,2,0,,50,7,2,,7,1,1,1,2,56,1,3,5,5,2,,,202,,,,,,,,,0,,,0,0,5,2,6,Y,N,A1100052,31
2026-07-26 06:43:04,data_go_kr,서울특별시,A1100036,부민병원,10,20260726063656,02-2620-0119,,Y,,,,,,,,,,,,,,,,,1,,,,,,,0,,,,,,0,Y,,Y,,,,Y,,Y,Y,,,Y,Y,Y,70,N1,1,Y,Y,,8,N1,10,,1,,,,,,,,,,,,,14,1,,,,8,,,3,1,3,3,1,22,,1,2,1,,,,282,,,,,,,,,,,,,,,,,Y,N1,A1100036,32
2026-07-26 06:43:04,data_go_kr,서울특별시,A1100051,혜민병원,8,20260726063641,02-2049-9119,,,,,,,,,,,,,,,,,,,1,,,,,,,,,,,,,,,,Y,,,,,,Y,N1,,,Y,Y,N1,24,N1,8,N1,Y,,5,N1,9,,1,,,,,,,,,,,,,19,,,,,5,,,,,2,2,,16,,,2,,,,,205,,,,,,,,,,,,,,,,,Y,N1,A1100051,33
2026-07-26 06:43:04,data_go_kr,서울특별시,A1100026,구로성심병원,8,20260726064017,02-2067-1515,,,,,,,,,,,,,,,,,,,,,1,,,,,,,,,,,,,,Y,,,,,,Y,N1,,,N1,Y,N1,44,N1,4,N1,Y,,3,N1,9,,,1,,,,,,,,,,,,11,,,,,3,,,,,1,1,,5,,,,,,,,191,,,,,,,,,,,,,,,,,Y,N1,A1100026,34
2026-07-26 06:43:04,data_go_kr,서울특별시,A1100049,희명병원,10,20260726063906,02-809-0122,,,,,,,,,,,,,,,,,,,,,1,,,,,,,,,,,,,,Y,,,,,,Y,N1,,,Y,Y,Y,115,N1,2,N1,Y,,4,N1,10,,,1,,,,,,,,,,,,19,,,,,4,,,,,1,1,,9,,,1,1,,,,228,,,,,,,,,,,,,,,,,Y,N1,A1100049,35
2026-07-26 06:43:04,data_go_kr,서울특별시,A1100027,한국원자력의학원원자력병원,9,20260726063936,02-970-2620,,Y,,,,,,,,,,,,,,,1,,1,,0,,,,,1,,,,,,1,Y,,Y,,,,Y,,Y,Y,,,Y,Y,N1,262,N1,8,Y,Y,,10,N1,9,,1,1,,,,,,,,,,,,10,1,,,,10,,,1,1,4,2,1,16,,2,1,,,,,444,,,,,,,,,,,,,,1,,,Y,N1,A1100027,36
2026-07-26 06:43:04,data_go_kr,서울특별시,A1100022,서울특별시동부병원,8,20260726064020,02-920-9119,,Y,,,,,,,,,,,,,,,,,1,,1,,,,,1,,,,,,,Y,,Y,,,,,,Y,N1,,,Y,Y,N1,23,N1,1,Y,Y,,3,N1,8,,1,1,,,,,,,,,,,,8,1,,,,3,,,,1,1,1,,7,,1,1,,,,,195,,,,,,,,,,,,,,,,,Y,N1,A1100022,37
2026-07-26 06:43:04,data_go_kr,서울특별시,A1100050,서울성심병원,17,20260726063806,02-966-1616,,,,,,,,,,,,,,,,,,,1,,2,,,,,,,,,,,,,,Y,,,,,,Y,N1,,,N1,Y,N1,67,N1,9,N1,Y,,6,N1,17,,1,2,,,,,,,,,,,,10,,,,,6,,,,,1,1,,11,,,,,,,,208,,,,,,,,,,,,,,,,,Y,N1,A1100050,38
2026-07-26 06:43:04,data_go_kr,서울특별시,A1100025,의료법인동신의료재단동신병원,7,20260726063810,02-396-9161,N,N,,,,,,,,,,,,,,,,,,,1,,,,,,,,,,,,N,N,Y,,,,N,,Y,N,,,Y,Y,N,51,N,2,N,Y,,3,N,9,,,1,,,,,,,,,,,,9,,,,,3,,,,0,1,1,0,7,0,0,1,0,0,0,0,196,,,,,,,,,,,,,,,,,Y,N,A1100025,39
2026-07-26 06:43:04,data_go_kr,서울특별시,A1122033,기쁨병원,1,20260726063951,02-570-1212,,,,,,,,,,,,,,,,,,,,,1,,,,,,,,,,,,,,Y,,,,Y,,Y,Y,,,N1,Y,N1,53,N1,,N1,Y,,8,N1,4,,,1,,,,,,,,,,,,,,,,,8,,,,,2,2,1,1,,,,,,,,110,,,,,,,,,,,,,,,,,Y,N1,A1122033,40
2026-07-26 06:43:04,data_go_kr,서울특별시,A1100039,경찰병원,2,20260726064002,02-3400-1300,,,,,,,,,,,,,,,,,0,,1,,,,,,,2,,,,,,2,,,Y,,,,,,Y,N1,,,Y,Y,N1,133,N1,14,N1,Y,,7,N1,3,,1,,,,,,,,,,,,,14,2,,,,7,,,2,,2,3,,10,,,2,,,,,187,,,,,,,,,,,,,,1,,,Y,N1,A1100039,41
2026-07-26 06:43:04,data_go_kr,서울특별시,A1100019,홍익병원,8,20260726063922,02-2600-0777,,,,,,,,,,,,,,,,,,,,,1,,,,,0,,,,,,0,,,Y,,,,Y,,Y,Y,,,N,Y,N1,56,N1,9,N1,Y,,4,N1,9,,,1,,,,,,,,,,,,14,1,,,,4,,,1,,4,2,2,7,,,1,,,,,251,,,,,,,,,,,,,,,,,Y,N1,A1100019,42
2026-07-26 06:43:04,data_go_kr,서울특별시,A1100223,서울특별시서남병원,17,20260726064000,02-6300-9129,,,,,,,,,,,,,,,,0,,,1,,2,0,,,,1,0,,,,,4,,,Y,,,,,,Y,N1,,,Y,Y,Y,69,Y,5,N1,Y,,4,N1,17,,1,2,2,,,,,,,,,,,17,1,3,,,4,,,4,,2,1,,16,,,1,1,1,,,275,,,,,,,,,,,,,0,,,,Y,N1,A1100223,43
2026-07-26 06:43:04,data_go_kr,서울특별시,A1100024,명지성모병원,6,20260726063946,02-829-7800,,,,,,,,,,,,,,,,,,,1,,1,,,,,1,,,,,,,,,Y,,,,Y,,Y,Y,,,N1,Y,N1,105,N1,5,N1,Y,,3,N1,8,,1,1,,,,,,,,,,,,12,1,,,,3,,,,,1,3,2,7,,,,,,,,212,,,,,,,,,,,,,,,,,Y,N1,A1100024,44
2026-07-26 06:43:04,data_go_kr,서울특별시,A1100037,대림성모병원,8,20260726063641,02-829-9129,,,,,,,,,,,,,,,,,,,,,2,,,,,,,,,,,,,,Y,,,,,,Y,N1,,,N1,Y,N1,46,N1,,N1,Y,,4,N1,8,,,2,,,,,,,,,,,,,,,,,4,,,,,1,1,,1,,,,,,,,113,,,,,,,,,,,,,,,,,Y,N1,A1100037,45
2026-07-26 06:43:04,data_go_kr,서울특별시,A1100045,씨엠병원,9,20260726063000,070-4698-7811,,,,,,,,,,,,,,,,,,,,,1,,,,,,,,,,,,,,Y,,,,,,Y,N1,,,N1,Y,N1,40,N1,,N1,Y,,5,N1,9,,,1,,,,,,,,,,,,,,,,,5,,,,,2,2,,6,,,,,,,,110,,,,,,,,,,,,,,,,,Y,N1,A1100045,46
2026-07-26 06:43:04,data_go_kr,서울특별시,A1100023,의료법인청구성심병원,8,20260726063854,02-383-0129,,,,,,,,,,,,,,,,,,,,,1,,,,,,,,,,,,,,Y,,,,,,Y,N1,,,N1,Y,N1,13,N1,2,N1,Y,,3,N1,10,,,1,,,,,,,,,,,,6,,,,,3,,,,,1,1,,4,,,,,,,,196,,,,,,,,,,,,,,,,,Y,N1,A1100023,47
2026-07-26 06:43:04,data_go_kr,서울특별시,A1100029,서울적십자병원,9,20260726063849,02-2002-8888,,,,,,,,,,,,,,,,,,,1,,,,,,,,,,,,,,,,Y,,,,,,Y,N1,,,Y,Y,N1,91,N1,7,N1,Y,,6,N1,10,,1,,,,,,,,,,,,,12,,,,,6,,,,,1,1,,11,,,2,,,,,260,,,,,,,,,,,,,,,,,Y,N1,A1100029,48
2026-07-26 06:43:04,data_go_kr,서울특별시,A1100032,세란병원,8,20260726063928,02-737-0181,,,,,,,,,,,,,,,,,,,,,1,,,,,,,,,,,,,,Y,,,,,,Y,N1,,,N1,Y,N1,49,N1,,N1,Y,,13,N1,10,,,1,,,,,,,,,,,,,,,,,13,,,,,3,5,,3,,,,,,,,205,,,,,,,,,,,,,,,,,Y,N1,A1100032,49
2026-07-26 06:43:04,data_go_kr,서울특별시,A1100075,의료법인풍산의료재단동부제일병원,7,20260726063533,02-490-8880,,,,,,,,,,,,,,,,,,,,,1,,,,,,,,,,,,,,Y,,,,,,Y,N1,,,N1,Y,N1,34,N1,,N1,N,,2,N1,7,,,1,,,,,,,,,,,,,,,,,2,,,,,1,1,,3,,,,,,,,124,,,,,,,,,,,,,,,,,Y,N1,A1100075,50
2026-07-26 06:43:04,data_go_kr,서울특별시,A1100044,녹색병원,3,20260726064006,02-490-2113,,,,,,,,,,,,,,,,,,,1,,4,,,,,2,,,,,,1,Y,,Y,,,,,,Y,N1,,,Y,Y,N1,92,N1,8,N1,Y,,3,N1,5,,1,4,,,,,,,,,,,,17,3,,,,3,,,3,1,2,1,,22,,,1,,,,,293,,,,,,,,,,,,,,,,,Y,N1,A1100044,51
2026-07-26 06:43:04,data_go_kr,부산광역시,A1200003,동아대학교병원,25,20260726063710,051-240-5300,Y,Y,2,6,,,,0,1,,,,,,,,,3,,,,9,,,6,5,9,,,,6,1,Y,,Y,2,,,Y,,Y,Y,4,5,Y,Y,Y,139,Y,7,Y,Y,6,18,N1,26,3,,,16,,,20,,,8,13,,11,7,18,6,30,,,18,,18,3,4,5,3,4,76,11,30,16,4,4,,,738,2,6,,,,4,1,,,,,,,,,,Y,Y,A1200003,1
2026-07-26 06:43:04,data_go_kr,부산광역시,A1200022,인제대학교 해운대백병원,23,20260726063644,051-797-0135,Y,Y,,,,,2,2,,11,,,,,,,,2,1,9,2,6,,,,0,13,,,,,0,Y,Y,Y,,,,Y,,Y,Y,,,Y,Y,Y,172,Y,,Y,Y,0,22,N1,29,3,2,3,12,28,27,23,,,,,,,,,2,30,,,22,,,7,2,5,3,4,72,8,40,17,9,11,1,,710,,,,,5,3,,,,,,,,,,,Y,Y,A1200022,2
2026-07-26 06:43:04,data_go_kr,부산광역시,A1200018,대동병원,12,20260726064032,051-550-9391,,,,,,,,,,,,,,,,,,3,1,,2,,,,,0,,,,,,1,,,Y,,,,Y,,Y,Y,,,Y,Y,N1,72,N1,3,N1,Y,,6,N1,15,3,1,2,,,,,,,,,,,,21,1,,,,6,,,1,,2,1,1,10,,,1,,,,,401,,,,,,,,,,,,,,,,,Y,N1,A1200018,3
2026-07-26 06:43:04,data_go_kr,부산광역시,A1200020,의료법인 온그룹의료재단 온병원,15,20260726063641,051-607-0139,,,,,,,,,,,,,,,,,,,1,,1,,,,,1,,,,,,5,,,Y,,,,Y,,Y,Y,,,Y,Y,N1,171,N1,10,N1,Y,,9,Y,20,,1,2,,,,,,,,,,,,23,1,,,,9,,,6,,4,2,2,7,,,1,,,,1,585,,,,,,,,,,,,,,,,,Y,N1,A1200020,4
2026-07-26 06:43:04,data_go_kr,부산광역시,A1200001,인제대학교부산백병원,15,20260726064012,051-890-5995,Y,Y,,,,,,,,5,,,,,,,,,1,3,2,,,,3,1,,,,,3,2,Y,,Y,1,,,Y,,Y,Y,,,Y,Y,Y,206,Y,6,Y,Y,1,17,Y,18,,1,2,,19,18,35,,,,12,,6,,10,1,,,,17,,20,8,4,5,3,6,68,19,38,16,3,7,,2,691,,,,,,,,,,,,,,,,,Y,Y,A1200001,5
2026-07-26 06:43:04,data_go_kr,부산광역시,A1200005,의료법인 은성의료재단 좋은삼선병원,10,20260726063914,051-310-9119,,,,,,,,,,,,,,,,,1,1,1,,2,,,,2,0,,,,,,2,,,Y,2,,,Y,,Y,Y,,,Y,Y,N1,23,N1,6,N1,Y,,7,N1,13,1,1,2,,,,,,,,5,,4,,19,2,,,,7,,,2,,2,2,2,11,,,1,,,,,375,,,,,,,,,,,,,,3,,,Y,N1,A1200005,6
2026-07-26 06:43:04,data_go_kr,부산광역시,A1200004,고신대학교복음병원,20,20260726063841,051-990-6200,Y,Y,1,4,,,,,,5,,,,,,,,,,7,,,,,9,7,,,,,14,1,Y,,Y,2,,,Y,,Y,Y,2,,Y,Y,Y,181,Y,,Y,Y,15,13,Y,25,,,,,13,8,18,,,5,13,,16,,,7,,,,13,,14,1,7,3,3,5,53,13,19,14,3,1,,1,685,1,4,,,,,,,,,,,,,,,Y,Y,A1200004,7
2026-07-26 06:43:04,data_go_kr,부산광역시,A1200002,부산대학교병원,15,20260726064000,051-240-7776,Y,Y,,,,,1,,,3,,,,0,0,0,,3,1,,2,-4,,,,3,3,,28,1,7,4,Y,,Y,0,2,12,Y,14,Y,Y,,,Y,Y,Y,413,Y,6,Y,Y,1,26,N,17,3,1,2,2,10,,20,,,,0,42,,,24,4,3,,82,26,2,19,10,12,9,6,10,100,17,17,21,9,21,,1,901,,,,,2,,,,,,0,0,0,,2,12,Y,Y,A1200002,8
2026-07-26 06:43:04,data_go_kr,부산광역시,A1200007,비에이치에스한서병원,17,20260726064040,051-998-1119,,,,,,,,,,,,,,,,,,,1,,2,2,,,,,3,,,,,,,,Y,,,,Y,,Y,Y,,,Y,Y,Y,83,N1,7,N1,Y,,4,N1,17,,1,2,2,,,,,,,,,,,14,,3,,,4,,,,,1,1,2,11,,,1,1,,,,280,,,,,,,,,,,,,,,,,Y,N1,A1200007,9
2026-07-26 06:43:04,data_go_kr,부산광역시,A1200028,(의)서일의료재단기장병원,9,20260726064025,051-723-2119,,,,,,,,,,,,,,,,,,,,,1,,,,,,,,,,,,,,Y,,,,,,Y,N1,,,N1,Y,N1,19,N1,,N1,Y,,3,N1,9,,,1,,,,,,,,,,,,,,,,,3,,,,,1,1,,1,,,,,,,,154,,,,,,,,,,,,,,,,,Y,N1,A1200028,10
2026-07-26 06:43:04,data_go_kr,부산광역시,A1200015,동남권원자력의학원원자력병원,7,20260726063803,051-720-5911,,,,,,,,,,,,,,,,,,,1,,,,,,,,,,,,,,,,Y,,,,Y,,Y,Y,,,Y,Y,Y,108,N1,7,N1,Y,,8,N1,9,,1,,,,,,,,,,,,,12,,,,,8,,,,,2,2,2,12,,,1,0,,,,261,,,,,,,,,,,,,,,,,Y,N1,A1200015,11
2026-07-26 06:43:04,data_go_kr,부산광역시,A1200013,부산성모병원(재단법인 천주교부산교구유지재단),9,20260726063910,051-933-7119,Y,Y,,,,,,,,,,,,,,,4,4,1,,,,,,,2,,,,,,1,,,Y,,,,,,Y,N1,,,Y,Y,N1,80,N1,9,Y,Y,7,7,N1,10,4,1,,,,,10,,,,,,,,18,2,,,,7,,,2,,1,1,,6,14,13,1,,,,,373,,,,,,,,,,,,,,4,,,Y,Y,A1200013,12
2026-07-26 06:43:04,data_go_kr,부산광역시,A1200026,좋은문화병원,5,20260726064030,051-630-0909,Y,Y,,,,,,,,,,,,,,,,2,1,,2,,,,,,,,,,,2,Y,,Y,,,,,,Y,N1,,,N1,Y,N1,47,N1,4,Y,Y,-1,0,Y,7,2,1,2,,,,12,,,,,,,,8,,,,,8,,,2,8,2,2,,3,6,17,,,,,1,270,,,,,,,,,,,,,,,,,Y,Y,A1200026,13
2026-07-26 06:43:04,data_go_kr,부산광역시,A1200017,의료법인정화의료재단 봉생기념병원,7,20260726063147,051-664-4119,,,,,,,,,,3,,,,,,,,,,2,1,,,,,,,,,,3,1,,,Y,,,,Y,,Y,Y,,,Y,Y,N1,48,N1,,N1,Y,,8,N1,9,,,2,,11,11,,,,,,,,,,,,,,8,,31,1,,1,2,2,11,,,4,,,,,335,,,,,,,,,,,,,,,,,Y,N1,A1200017,14
2026-07-26 06:43:04,data_go_kr,부산광역시,A1200011,동래봉생병원,6,20260726063749,051-520-5700,,,,,,,,,,,,,,,,,,,1,,1,,,,,2,,,,,,,,,Y,,,,Y,,Y,Y,,,Y,Y,N1,42,N1,4,N1,Y,,7,N1,8,,1,1,,,,,,,,,,,,18,2,,,,7,,,,,1,2,2,11,,,1,,,,,241,,,,,,,,,,,,,,,,,Y,N1,A1200011,15
2026-07-26 06:43:04,data_go_kr,부산광역시,A1200009,의료법인 광혜의료재단 광혜병원,9,20260726063801,051-504-2119,,,,,,,,,,,,,,,,,,,2,,1,,,,,,,,,,,0,,,Y,,,,,,Y,N1,,,N1,Y,N1,71,N1,1,N1,Y,,3,N1,9,,2,1,,,,,,,,,,,,9,,,,,3,,,1,,1,1,,4,,,,,,,,190,,,,,,,,,,,,,,,,,Y,N1,A1200009,16
2026-07-26 06:43:04,data_go_kr,부산광역시,A1200019,학교법인)동의병원,13,20260726063900,051-850-8777,,,,,,,,,,,,,,,,,,,,,1,,,,,,,,,,,,,,Y,,,,Y,,Y,Y,,,Y,Y,Y,102,N1,16,N1,Y,,1,N1,14,,,1,,,,,,,,,,,,23,,,,,5,,,,,2,2,2,7,,,2,1,,,,448,,,,,,,,,,,,,,,,,Y,N1,A1200019,17
2026-07-26 06:43:04,data_go_kr,부산광역시,A1200025,학교법인 춘해병원,7,20260726063857,051-608-0119,,,,,,,,,,,,,,,,,,,,,1,,,,,,,,,,,,,,Y,,,,,,Y,N1,,,N1,Y,N1,57,N1,,N1,Y,,4,N1,9,,,1,,,,,,,,,,,,,,,,,4,,,,,1,1,,3,,,,,,,,201,,,,,,,,,,,,,,,,,Y,N1,A1200025,18
2026-07-26 06:43:04,data_go_kr,부산광역시,A1200045,구포성심병원,6,20260726063926,051-330-2090,,,,,,,,,,,,,,,,,,,,,1,,,,,,,,,,,,,,Y,,,,Y,,Y,Y,,,N1,Y,N1,23,N1,,N1,Y,,4,N1,9,,,1,,,,,,,,,,,,,,,,,4,,,,,1,1,1,4,,,,,,,,243,,,,,,,,,,,,,,,,,Y,N1,A1200045,19
2026-07-26 06:43:04,data_go_kr,부산광역시,A1200006,의료법인 인당의료재단 부민병원,8,20260726063630,051-330-3129,,,,,,,,,,,,,,,,,,,1,,1,,,,,1,,,,,,,,,Y,,,,Y,,Y,Y,,,Y,Y,N1,17,N1,2,N1,Y,,8,N1,10,,1,1,,,,,,,,,,,,18,1,,,,8,,,,,2,3,1,7,,,1,,,,,366,,,,,,,,,,,,,,,,,Y,N1,A1200006,20
2026-07-26 06:43:04,data_go_kr,부산광역시,A1200016,한국보훈복지의료공단 부산보훈병원,11,20260726063758,051-601-6183,,,,,,,,,,,,,,,,,,,1,,1,,,,,1,,,,,,,,,Y,,,,Y,,Y,Y,,,N1,Y,N1,30,N1,6,N1,Y,,7,N1,11,,1,1,,,,,,,,,,,,9,1,,,,7,,,,,2,3,2,11,,,,,,,,452,,,,,,,,,,,,,,,,,Y,N1,A1200016,21
2026-07-26 06:43:04,data_go_kr,부산광역시,A1200021,삼육부산병원,6,20260726063859,051-600-7750,,Y,,,,,,,,,,,,,,,,,1,,,,,,,0,,,,,,,Y,,Y,,,,Y,,Y,Y,,,Y,Y,Y,5,N1,1,Y,Y,,,N1,9,,1,,,,,,,,,,,,,14,1,,,,,,,,1,2,1,1,9,,1,2,1,,,,302,,,,,,,,,,,,,,,,,Y,N1,A1200021,22
2026-07-26 06:43:04,data_go_kr,부산광역시,A1200008,의료법인 은성의료재단 좋은강안병원,16,20260726064006,051-610-9119,,,,,,,,,,,,,,,,,,,1,,2,,,,,1,,,,,,0,,,Y,,,,Y,,Y,Y,,,Y,Y,Y,79,N1,5,N1,Y,,11,N1,18,,1,2,,,,,,,,,,,,30,2,,,,11,,,3,,4,3,3,12,,,5,1,,,,535,,,,,,,,,,,,,,,,,Y,N1,A1200008,23
2026-07-26 06:43:04,data_go_kr,부산광역시,A1200098,의료법인 센텀의료재단 센텀종합병원,8,20260726063957,051-750-5119,,,,,,,,,,,,,,,,,,,,,1,,,,,1,,,,,,,,,Y,,,,Y,,Y,Y,,,N1,Y,N1,22,N1,2,N1,Y,,9,N1,9,,,1,,,,,,,,,,,,16,1,,,,9,,,,,2,2,1,11,,,,,,,,338,,,,,,,,,,,,,,,,,Y,N1,A1200098,24
2026-07-26 06:43:04,data_go_kr,부산광역시,A1200024,부산광역시의료원,15,20260726063813,051-607-2140,,N,,,,,,,,5,,,,,,,,,1,6,1,,,,,,,,,,8,6,N,,Y,,,,Y,,Y,Y,,,Y,Y,N1,122,N1,,N,Y,,7,N1,18,,1,1,,13,14,,,,,,,,,,,,,,7,,29,7,1,1,1,2,19,,2,4,,,,,398,,,,,,,,,,,,,,,,,Y,N1,A1200024,25
2026-07-26 06:43:04,data_go_kr,부산광역시,A1200012,의료법인 행도의료재단 해동병원,4,20260726064002,051-410-6688,,,,,,,,,,,,,,,,,,,1,,,,,,,,,,,,,0,,,Y,,,,,,Y,N1,,,Y,Y,N1,34,N1,4,N1,Y,,3,Y,6,,1,,,,,,,,,,,,,9,,,,,3,,,0,,1,1,,5,,,1,,,,12,256,,,,,,,,,,,,,,,,,Y,N1,A1200012,26
2026-07-26 06:43:04,data_go_kr,부산광역시,A1200014,영도병원,6,20260726064027,051-419-7575,,,,,,,,,,,,,,,,,,,1,,1,,,,,,,,,,,,,,Y,,,,,,Y,N1,,,N1,Y,N1,19,N1,2,N1,Y,,3,N1,7,,1,1,,,,,,,,,,,,10,,,,,3,,,,,1,1,,7,,,,,,,,217,,,,,,,,,,,,,,,,,Y,N1,A1200014,27
2026-07-26 06:43:04,data_go_kr,부산광역시,A1200023,재단법인천주교부산교구유지재단 메리놀병원,7,20260726063908,051-461-2300,,,,,,,,,,,,,,,,,,,,,1,,,,,0,,,,,,,Y,,Y,,,,Y,,Y,Y,,,Y,Y,N1,101,N1,4,N1,Y,,8,N1,9,,,1,,,,,,,,,,,,18,1,,,,8,,,,1,1,1,1,9,,,2,,,,,380,,,,,,,,,,,,,,,,,Y,N1,A1200023,28
2026-07-26 06:43:04,data_go_kr,부산광역시,A1205143,의료법인 인당의료재단 해운대부민병원,7,20260726063656,051-602-8119,,,,,,,,,,,,,,,,,,,1,,,,,,,0,,,,,,0,,,Y,,,,Y,,Y,Y,,,Y,Y,N1,40,N1,6,N1,Y,,8,Y,9,,1,,,,,,,,,,,,,19,2,,,,8,,,3,,2,2,1,10,,,1,,,,1,360,,,,,,,,,,,,,,,,,Y,N1,A1205143,29
2026-07-26 06:43:04,data_go_kr,대구광역시,A1300001,영남대학교병원,21,20260726063737,053-620-3177,Y,Y,,0,,,1,3,,2,0,,,,,,,3,2,10,3,7,,,1,3,5,,,,10,4,Y,,Y,6,,,Y,,Y,Y,,,Y,Y,Y,205,Y,,Y,Y,2,23,Y,28,3,2,3,21,10,15,15,,,,14,,7,,,13,30,,,23,,20,7,2,4,4,4,75,5,11,8,5,5,,1,704,,0,,,1,3,,0,,,,,,,,,Y,Y,A1300001,1
2026-07-26 06:43:04,data_go_kr,대구광역시,A1300002,경북대학교병원,14,20260726063706,053-200-5100,Y,Y,2,3,,,,,,4,,,,,,,,4,,4,,11,,,5,,30,,15,2,9,4,Y,,Y,4,2,6,Y,3,Y,Y,2,4,Y,Y,Y,182,Y,,Y,Y,1,17,N1,25,4,,,20,7,7,15,,,6,7,20,10,11,,,44,,40,17,2,20,5,2,5,5,5,82,8,11,11,9,5,,,582,2,3,,,,,,,,,,,,,2,6,Y,Y,A1300002,2
2026-07-26 06:43:04,data_go_kr,대구광역시,A1300004,대구가톨릭대학교병원,13,20260726063707,053-650-3000,Y,Y,,,,,,,,1,,,,,,,,,1,2,3,,,,,2,,,,,1,3,Y,Y,Y,2,,,Y,,Y,Y,,,Y,Y,Y,301,Y,0,Y,Y,3,19,N1,24,,1,3,,15,25,42,,,,16,,,,0,6,,,,19,,20,9,2,3,3,5,58,20,32,8,3,4,1,,704,,,,,,,,,,,,,,,,,Y,Y,A1300004,3
2026-07-26 06:43:04,data_go_kr,대구광역시,A1300003,계명대학교동산병원,8,20260726063946,053-258-6306,Y,Y,,,,,,,,0,,,,,,,,,2,1,3,,0,,,0,12,,,,3,4,Y,Y,Y,3,,,Y,,Y,Y,6,,Y,Y,Y,275,Y,2,Y,Y,2,24,Y,20,,2,3,,11,13,39,7,,8,15,,,,10,4,20,,,24,,20,16,6,6,5,7,56,13,37,9,4,14,1,2,769,,,,,,,,,,,,,,,,,Y,Y,A1300003,4
2026-07-26 06:43:04,data_go_kr,대구광역시,A1300009,대구파티마병원,-1,20260726064000,053-940-7119,Y,Y,,,,,,,,3,,,,,,,,3,2,3,4,2,,,,2,3,,,,,,Y,,Y,8,,,Y,,Y,Y,,,Y,Y,Y,188,Y,,Y,Y,2,17,N1,25,5,2,5,2,17,8,8,,,,12,,,,,9,4,,,17,,,,2,5,3,4,32,11,19,5,1,1,,,539,,,,,,,,,,,,,,,,,Y,Y,A1300009,5
2026-07-26 06:43:04,data_go_kr,대구광역시,A1300010,칠곡경북대학교병원,15,20260726063906,053-200-2100,Y,Y,,,1,1,,,,4,,,,,,,,7,1,10,3,,3,1,,4,0,3,,,12,13,Y,,Y,,,,Y,,Y,Y,,,Y,Y,Y,261,Y,,Y,Y,5,19,N1,23,7,1,3,,10,15,39,10,2,,,,,,,4,0,8,,19,,20,13,2,8,5,8,52,9,27,9,3,1,,,760,,,1,1,,,,,,,,,,,,,Y,Y,A1300010,6
2026-07-26 06:43:04,data_go_kr,대구광역시,A1300034,드림종합병원,6,20260726064013,053-640-8575,,,,,,,,,,,,,,,,,1,,,,1,,,,,,,,,,,,,,Y,,,,Y,,Y,Y,,,Y,Y,Y,26,N1,,N1,N,,3,N1,8,,,1,,,,,,,,,,,,,,,,,3,,,,,2,1,1,2,,,1,1,,,,159,,,,,,,,,,,,,,1,,,Y,N1,A1300034,7
2026-07-26 06:43:04,data_go_kr,대구광역시,A1300006,의료법인구의료재단구병원,7,20260726064030,053-557-7119,,,,,,,,,,,,,,,,,,,,,1,,,,,0,,,,,,,,,Y,,,,,,Y,N1,,,N1,Y,N1,64,N1,6,N1,Y,,8,N1,10,,,1,,,,,,,,,,,,18,1,,,,9,,,,,3,1,,3,,,,,,,,235,,,,,,,,,,,,,,,,,Y,N1,A1300006,8
2026-07-26 06:43:04,data_go_kr,대구광역시,A1300110,더블유병원,9,20260726063803,053-550-5019,,,,,,,,,,,,,,,,,,,,,1,,,,,,,,,,,,,,Y,,,,,,Y,N1,,,N1,Y,N1,92,N1,,N1,N,,8,Y,10,,,1,,,,,,,,,,,,,,,,,8,,,,,1,1,,1,,,,,,,8,431,,,,,,,,,,,,,,,,,Y,N1,A1300110,9
2026-07-26 06:43:04,data_go_kr,대구광역시,A1300011,한국보훈복지의료공단대구보훈병원,11,20260726063927,053-630-7014,,,,,,,,,,,,,,,,,,,1,,1,,,,,1,,,,,,1,,,Y,,,,Y,,Y,Y,,,N1,Y,N1,52,N1,3,N1,Y,,6,N1,12,,1,1,,,,,,,,,,,,13,1,,,,6,,,1,,1,3,2,9,,,,,,,,406,,,,,,,,,,,,,,,,,Y,N1,A1300011,10
2026-07-26 06:43:04,data_go_kr,대구광역시,A1300045,삼일병원,10,20260726063946,053-659-3119,,,,,,,,,,,,,,,,,,,1,,,,,,,,,,,,,,,,Y,,,,Y,,Y,Y,,,N1,Y,N1,59,N1,,N1,N,,4,N1,14,,1,,,,,,,,,,,,,,,,,,4,,,,,3,2,1,3,,,,,,,,299,,,,,,,,,,,,,,,,,Y,N1,A1300045,11
2026-07-26 06:43:04,data_go_kr,대구광역시,A1300038,나사렛종합병원,9,20260726063605,053-643-3119,,,,3,,,,,,,,,,,,,,,,,1,,,,,1,,,,,,,,,Y,,,,Y,,Y,Y,,,Y,Y,N1,29,N1,5,N1,Y,,5,N1,9,,,1,,,,,,,,,,,,28,1,,,,5,,,,,2,2,2,5,,,1,,,,,231,,9,,,,,,,,,,,,,,,Y,N1,A1300038,12
2026-07-26 06:43:04,data_go_kr,대구광역시,A1300018,강남종합병원,14,20260726063408,053-980-9018,,,,,,,,,,,,,,,,,,,1,,,,,,,,,,,,,1,,,Y,,,,,,Y,N1,,,N1,Y,N1,57,N1,,N1,Y,,7,N1,15,,1,,,,,,,,,,,,,,,,,,7,,,1,,2,2,,2,,,,,,,,207,,,,,,,,,,,,,,,,,Y,N1,A1300018,13
2026-07-26 06:43:04,data_go_kr,대구광역시,A1300005,대구가톨릭대학교칠곡가톨릭병원,5,20260726063705,053-320-2111,,,,,,,,,,,,,,,,,,,,,1,,,,,,,,,,,,,,Y,,,,,,Y,N1,,,N1,Y,N1,36,N1,,N1,Y,,3,N1,9,,,1,,,,,,,,,,,,,,,,,3,,,,,2,2,,1,,,,,,,,161,,,,,,,,,,,,,,,,,Y,N1,A1300005,14
2026-07-26 06:43:04,data_go_kr,대구광역시,A1300076,대구굿모닝병원,16,20260726064016,053-620-9119,,,,,,,,,,,,,,,,,,,1,,1,,,,,1,,,,,,,,,Y,,,,Y,,Y,Y,,,N1,Y,N1,74,N1,2,N1,Y,,4,N1,17,,1,1,,,,,,,,,,,,26,1,,,,4,,,,,2,4,2,13,,,,,,,,226,,,,,,,,,,,,,,,,,Y,N1,A1300076,15
2026-07-26 06:43:04,data_go_kr,대구광역시,A1300007,대구의료원,15,20260726064001,053-560-7288,,Y,,,,,,,,,,,,,,,,,1,,1,,,,,0,,,,,1,1,Y,,Y,,,,,,Y,N1,,,N1,Y,N1,45,N1,5,Y,Y,,4,N1,18,,1,1,,,,,,,,,,,,18,1,,,,4,,82,3,1,1,1,,13,,4,,,,,,254,,,,,,,,,,,,,,,,,Y,N1,A1300007,16
2026-07-26 06:43:04,data_go_kr,대구광역시,A1300081,(재)미리내천주성삼성직수도회천주성삼병원,6,20260726064000,053-790-0555,,,,,,,,,,,,,,,,,,,,,1,,,,,,,,,,,,,,Y,,,,,,Y,N1,,,N1,Y,N1,20,N1,,N1,Y,,4,N1,9,,,1,,,,,,,,,,,,,,,,,4,,,,,1,2,,4,,,,,,,,294,,,,,,,,,,,,,,,,,Y,N1,A1300081,17
2026-07-26 06:43:04,data_go_kr,대구광역시,A1300008,곽병원,8,20260726063950,053-605-3333,,,,,,,,,,,,,,,,,,,,,2,,,,,,,,,,,,,,Y,,,,,,Y,N1,,,N1,Y,N1,16,N1,,N1,Y,,4,N1,10,,,2,,,,,,,,,,,,,,,,,4,,,,,1,1,,2,,,,,,,,221,,,,,,,,,,,,,,,,,Y,N1,A1300008,18
2026-07-26 06:43:04,data_go_kr,대구광역시,A1303386,계명대학교대구동산병원,12,20260726063901,053-250-8481,,,,,,,,,,,,,,,,,,,1,,1,,,,,0,,,,,,,N,,Y,,,,Y,,Y,Y,,,Y,Y,N1,39,N,0,N1,Y,,3,N1,12,,1,1,,,,,,,,,,,,7,5,,,,3,,,,0,2,1,1,6,,,6,,0,,,196,,,,,,,,,,,,,,,,,Y,N1,A1303386,19
2026-07-26 06:43:04,data_go_kr,인천광역시,A1400001,의료법인 길의료재단 길병원,14,20260726063935,032-460-3012,Y,Y,2,3,1,1,,0,,7,,,,,2,,,7,,5,,4,,2,3,5,25,3,9,2,11,12,Y,,Y,2,2,6,Y,3,Y,Y,,0,Y,Y,Y,425,Y,,Y,Y,0,3,Y,23,9,,,18,38,11,30,,2,,14,20,6,4,,11,30,6,47,3,2,18,13,3,6,6,7,113,19,40,19,10,6,,1,995,2,3,1,1,,2,,,,,,3,,,2,6,Y,Y,A1400001,1
2026-07-26 06:43:04,data_go_kr,인천광역시,A1400002,인하대학교의과대학부속병원,15,20260726063605,032-890-2301,Y,Y,,,1,1,,,,2,,,,,,,,4,2,0,5,1,0,0,2,0,5,3,,,3,7,Y,Y,Y,,,,Y,,Y,Y,,,Y,Y,Y,211,Y,1,Y,Y,0,16,Y,20,7,2,5,20,25,13,27,3,2,,,,7,,23,3,30,6,,16,,15,7,4,6,3,5,109,17,27,13,9,7,1,2,681,,,1,1,,,,,,,,,,,,,Y,Y,A1400002,2
2026-07-26 06:43:04,data_go_kr,인천광역시,A1400010,검단탑병원,17,20260726063825,032-590-0077,,,,,,,,,,,,,,,,,,,1,,2,,,,,0,,,,,,0,,,Y,,,,Y,,Y,Y,,,Y,Y,N1,51,N1,7,N1,Y,,6,N1,18,,1,2,,,,,,,,,,,,15,3,,,,6,,,2,,2,2,1,11,,,1,,,,,279,,,,,,,,,,,,,,,,,Y,N1,A1400010,3
2026-07-26 06:43:04,data_go_kr,인천광역시,A1403372,인천세종병원,15,20260726064010,032-240-8119,,,,,,,,,,,,,,,,,,,3,,,1,,,,1,2,,,,,3,,,Y,,,,Y,,Y,Y,,,Y,Y,Y,86,Y,10,N1,Y,,7,N1,18,,3,,2,,,,,,,,,,,20,2,3,,,7,,,6,,2,2,3,13,,,4,5,1,,,274,,,,,,,,,,,,,,,,,Y,N1,A1403372,4
2026-07-26 06:43:04,data_go_kr,인천광역시,A1400014,의료법인인성의료재단한림병원,15,20260726063641,032-540-9119,,,,,,,,,,,,,,,,,,,2,,2,,,,,2,,,,,,2,Y,,Y,,,,Y,,Y,Y,,,Y,Y,Y,60,N1,2,N1,Y,,6,N1,17,,2,2,,,,,,,,,,,,21,2,,,,6,,,2,1,3,2,2,20,,,3,3,,,,391,,,,,,,,,,,,,,,,,Y,N1,A1400014,5
2026-07-26 06:43:04,data_go_kr,인천광역시,A1400016,인천사랑병원,9,20260726063711,032-457-2119,,Y,,,,,,,,,,,,,,,4,,1,,2,,,,,1,0,,,,,1,Y,,Y,,,,Y,,Y,Y,,,Y,Y,N1,24,Y,13,Y,Y,,7,N1,14,,1,2,,,,,,,,,,,,17,1,5,,,7,,,1,1,2,1,1,12,,1,2,,1,,,281,,,,,,,,,,,,,,4,,,Y,N1,A1400016,6
2026-07-26 06:43:04,data_go_kr,인천광역시,A1400012,가톨릭대학교 인천성모병원,8,20260726064011,032-280-6107,Y,Y,,,,,,,,-1,,,,,,,,4,3,0,5,7,,,,0,,,,,,3,Y,,Y,7,,,Y,,Y,Y,,,Y,Y,Y,139,Y,,Y,Y,-1,17,N1,19,4,3,5,12,15,18,13,,,,15,,,,,10,,,,17,,,9,1,4,4,5,53,5,14,11,5,4,,,579,,,,,,,,,,,,,,,,,Y,Y,A1400012,7
2026-07-26 06:43:04,data_go_kr,인천광역시,A1400013,안은의료재단 부평세림병원,14,20260726063940,032-509-5777,,,,,,,,,,,,,,,,,,,1,,3,2,,,,1,0,,,,,2,,,Y,,,,Y,,Y,Y,,,Y,Y,Y,42,N1,5,N1,Y,,4,N1,16,,1,3,2,,,,,,,,,,,11,2,3,,,4,,,2,,3,2,1,9,,,1,1,,,,234,,,,,,,,,,,,,,,,,Y,N1,A1400013,8
2026-07-26 06:43:04,data_go_kr,인천광역시,A1400015,가톨릭관동대학교국제성모병원,18,20260726063814,032-290-3065,Y,Y,5,0,,,,,,4,,,18,,,,,3,0,,0,,,,,,,,,,3,3,Y,,Y,-4,,,Y,,Y,Y,,,Y,Y,N,234,Y,,Y,Y,,11,N1,23,3,0,0,,40,,,,,,13,,,,,,,,,11,,11,3,2,3,2,3,34,2,11,6,2,1,,,641,5,0,,,,,,,,21,,,,,,,Y,Y,A1400015,9
2026-07-26 06:43:04,data_go_kr,인천광역시,A1400003,의료법인 루가의료재단 나은병원,8,20260726063655,032-584-4119,,Y,,,,,,,,4,,,,,,,7,,1,6,2,,,,,3,,,,,,8,Y,,Y,,,,Y,,Y,Y,,,Y,Y,Y,91,Y,,Y,Y,,10,N1,11,,1,2,,14,13,,,,,,,,,,3,,,,10,,,9,1,2,2,3,17,,1,3,1,1,,,367,,,,,,,,,,,,,,7,,,Y,N1,A1400003,10
2026-07-26 06:43:04,data_go_kr,인천광역시,A1400011,의료법인 나사렛의료재단 나사렛국제병원,12,20260726063543,032-899-9699,,,,,,,,,,,,,,,,,,,1,,2,,,,,1,,,,,,,,,Y,,,,Y,,Y,Y,,,Y,Y,N1,66,N1,2,N1,Y,,5,N1,17,,1,2,,,,,,,,,,,,16,1,,,,5,,,,,2,2,2,8,,,2,,,,,282,,,,,,,,,,,,,,,,,Y,N1,A1400011,11
2026-07-26 06:43:04,data_go_kr,인천광역시,A1403617,비에스종합병원,8,20260726063623,032-290-0119,,Y,,,,,,,,,,,,,,,,,1,,,,,,,1,,,,,,,Y,,Y,,,,Y,,Y,Y,,,Y,Y,N1,102,N1,3,Y,N1,1,2,N1,10,,1,,,,,1,,,,,,,,18,1,,,,2,,,,1,1,,1,6,,1,1,,,,,180,,,,,,,,,,,,,,,,,Y,N1,A1403617,12
2026-07-26 06:43:04,data_go_kr,인천광역시,A1400005,온누리병원,7,20260726063540,032-568-9112,,,,,,,,,,,,,,,,,,,1,,1,,,,,,,,,,,,,,Y,,,,,,Y,N1,,,N1,Y,N1,44,N1,,N1,Y,,3,N1,9,,1,1,,,,,,,,,,,,,,,,,3,,,,,1,1,,5,,,,,,,,190,,,,,,,,,,,,,,,,,Y,N1,A1400005,13
2026-07-26 06:43:04,data_go_kr,인천광역시,A1403871,인천힘찬종합병원,15,20260726063947,032-459-3168,,,,,,,,,,,,,,,,,,,1,,2,,,,,0,,,,,,,,,Y,,,,,,Y,N1,,,N1,Y,N1,62,N1,2,N1,Y,,7,N1,17,,1,2,,,,,,,,,,,,8,1,,,,7,,,,,2,2,,1,,,,,,,,235,,,,,,,,,,,,,,,,,Y,N1,A1403871,14
2026-07-26 06:43:04,data_go_kr,인천광역시,A1400004,현대유비스병원,17,20260726063858,032-890-5582,,,,,,,,,,,,,,,,,,,1,,,,,,,1,,,,,,,,,Y,,,,Y,,Y,Y,,,Y,Y,N1,16,N1,5,N1,Y,,6,N1,18,,1,,,,,,,,,,,,,13,1,,,,6,,,,,2,2,1,8,,,2,,,,,285,,,,,,,,,,,,,,,,,Y,N1,A1400004,15
2026-07-26 06:43:04,data_go_kr,인천광역시,A1400008,(의)성세의료재단 뉴성민병원,9,20260726063558,032-726-1119,,,,,,,,,,,,,,,0,,,,,,1,,,,,2,,,,,,,,,Y,,,,,,Y,N1,,,Y,Y,N1,128,N1,9,N1,Y,,6,Y,9,,,1,,,,,,,,,,,,17,2,,,,6,,,,,2,2,,11,,,2,,,,1,265,,,,,,,,,,,,0,,,,,Y,N1,A1400008,16
2026-07-26 06:43:04,data_go_kr,인천광역시,A1400018,인천적십자병원,8,20260726063920,032-899-4119,,,,,,,,,,,,,,,,,,,1,,1,,,,,,,,,,,,,,Y,,,,,,Y,N1,,,N1,Y,N1,64,N1,3,N1,Y,,3,N1,8,,1,1,,,,,,,,,,,,8,,,,,3,,,,,1,1,,2,,,,,,,,104,,,,,,,,,,,,,,,,,Y,N1,A1400018,17
2026-07-26 06:43:04,data_go_kr,인천광역시,A1400037,인천광역시의료원백령병원,5,20260726064002,032-836-1732,Y,Y,,,,,,,,,,,,,,,,,,,1,,,,,,,,,,,,,,Y,,,,,,Y,N1,,,N1,Y,N1,30,N1,,Y,N1,,1,N1,5,,,1,,,,,,,,,,,,,,,,,1,,,,,1,,,1,1,2,,,,,,30,,,,,,,,,,,,,,,,,Y,Y,A1400037,18
2026-07-26 06:43:04,data_go_kr,인천광역시,A1400009,인천기독병원,8,20260726064012,032-270-8300,,,,,,,,,,,,,,,,,,,,,1,,,,,,,,,,,,,,Y,,,1,,,Y,N1,,,N1,Y,N1,37,N1,10,N1,Y,,4,N1,8,,,1,,,,,,,,,,,,10,,,,,4,,,,,1,1,,1,,,,,,,,139,,,,,,,,,,,,,,,,1,Y,N1,A1400009,19
2026-07-26 06:43:04,data_go_kr,인천광역시,A1400017,인천광역시의료원,14,20260726064001,032-580-6119,,,,,,,,,,,,,,,,,,,2,,,,,,,0,,,,,24,7,,,Y,,,,,,Y,N1,,,N1,Y,N1,28,N1,5,N1,Y,,6,N1,15,,2,,,,,,,,,,,,,13,0,,,,6,,45,7,,1,1,,19,,,,,,,,198,,,,,,,,,,,,,,,,,Y,N1,A1400017,20
2026-07-26 06:43:04,data_go_kr,인천광역시,A1400007,의료법인 성수의료재단 인천백병원,5,20260726063849,032-280-8119,,,,,,,,,,,,,,,,,,,,,1,,,,,,,,,,,,,,Y,,,,,,Y,N1,,,Y,Y,N1,42,N1,2,N1,Y,,4,N1,5,,,1,,,,,,,,,,,,12,,,,,4,,,,,2,2,,6,,,1,,,,,189,,,,,,,,,,,,,,,,,Y,N1,A1400007,21
2026-07-26 06:43:04,data_go_kr,대전광역시,A1600006,학교법인건양교육재단건양대학교병원,18,20260726064002,042-600-9119,Y,Y,,0,,,1,1,4,,0,0,0,0,,0,,3,2,,3,9,,,,4,6,,,,11,1,Y,,Y,,,,Y,,Y,Y,,,Y,Y,Y,317,Y,37,Y,Y,0,20,Y,24,5,2,3,16,,,24,,,,,,,,59,5,28,,,20,,20,1,2,4,4,4,46,17,23,10,3,1,,1,658,,0,,,1,3,4,0,0,0,0,,0,,,,Y,Y,A1600006,1
2026-07-26 06:43:04,data_go_kr,대전광역시,A1600001,충남대학교병원,18,20260726063801,042-280-8129,Y,Y,0,0,,,,,,2,,,,,,,0,6,2,5,3,6,2,,3,6,23,,,,16,9,Y,,Y,,,,Y,,Y,Y,,,Y,Y,Y,288,Y,3,Y,Y,9,21,N1,28,6,2,3,20,16,14,34,5,,,,,10,,12,8,30,,,21,,26,14,5,5,4,5,76,12,36,6,8,2,,,966,0,0,,,,,,,,,,,,0,,,Y,Y,A1600001,2
2026-07-26 06:43:04,data_go_kr,대전광역시,A1600002,학교법인을지학원대전을지대학교병원,19,20260726064000,042-259-1119,Y,Y,,,,,,,,5,,0,0,-10,-5,7,3,,2,5,1,,,,3,2,,,3,2,6,,Y,,Y,,2,6,Y,4,Y,Y,,,Y,Y,Y,96,Y,,Y,Y,16,15,N1,21,,2,1,,20,20,20,,,,,20,5,,,11,,,40,15,2,20,,16,4,2,4,70,12,47,7,3,3,,,331,,,,,,,,,0,0,0,0,30,3,2,6,Y,Y,A1600002,3
2026-07-26 06:43:04,data_go_kr,대전광역시,A1600007,의료법인영훈의료재단유성선병원,14,20260726063701,042-609-1119,,,,,,,,,,,,,,,,,,,2,,1,,,,,1,,,,,,1,Y,,Y,,,,Y,,Y,Y,,,Y,Y,Y,105,N1,3,N1,Y,,-4,Y,17,,2,1,,,,,,,,,,,,19,1,,,,7,,,1,1,3,3,2,17,,,2,1,,,1,368,,,,,,,,,,,,,,,,,Y,N1,A1600007,4
2026-07-26 06:43:04,data_go_kr,대전광역시,A1600005,학교법인가톨릭학원가톨릭대학교대전성모병원,15,20260726064012,042-220-9118,Y,Y,,,,,,,,4,,,,,,,,,2,1,,,,,3,0,,,,,,3,Y,,Y,2,,,Y,,Y,Y,1,0,Y,Y,Y,150,N1,,Y,Y,4,12,N1,19,,3,,,15,3,4,,,3,9,,3,2,,1,,,,12,,,4,1,3,2,4,24,5,7,5,2,,,,537,,,,,,,,,,,,,,,,,Y,Y,A1600005,5
2026-07-26 06:43:04,data_go_kr,대전광역시,A1600008,의료법인영훈의료재단대전선병원,17,20260726063653,042-220-8129,,,,,,,,,,,,,,,,,,,1,,3,,,,,-1,,,,,,0,Y,,Y,,,,Y,,Y,Y,,,Y,Y,N1,78,N1,7,N1,Y,,7,N1,17,,1,3,,,,,,,,,,,,24,1,,,,7,,,1,1,2,2,2,11,,,3,,,,,311,,,,,,,,,,,,,,,,,Y,N1,A1600008,6
2026-07-26 06:43:04,data_go_kr,대전광역시,A1600004,대전보훈병원,7,20260726063557,042-939-0100,,,,,,,,,,,,,,,,,,,1,,1,,,,,1,,,,,,1,,,Y,,,,Y,,Y,Y,,,N1,Y,N1,70,N1,3,N1,Y,,5,N1,7,,1,1,,,,,,,,,,,,10,1,,,,5,,,1,,1,3,1,12,,,,,,,,316,,,,,,,,,,,,,,,,,Y,N1,A1600004,7
2026-07-26 06:43:04,data_go_kr,대전광역시,A1600003,대전한국병원,9,20260726064007,042-606-1119,,Y,,,,,,,,,,,,,,,,,1,,,,,,,,,,,,,,Y,,Y,,,,Y,,Y,Y,,,Y,Y,N1,42,N1,5,Y,Y,,4,N1,9,,1,,,,,,,,,,,,,12,,,,,4,,,,4,2,2,2,6,,1,1,,,,,241,,,,,,,,,,,,,,,,,Y,N1,A1600003,8
2026-07-26 06:43:04,data_go_kr,대전광역시,A1602246,대청병원,9,20260726064008,042-589-0119,,,,,,,,,,,,,,,,,,,,,1,,,,,,,,,,,,,,Y,,,,,,Y,N1,,,Y,Y,N1,110,N1,1,N1,Y,,3,N1,9,,,1,,,,,,,,,,,,17,,,,,3,,,,,2,1,,10,,,1,,,,,245,,,,,,,,,,,,,,,,,Y,N1,A1602246,9
2026-07-26 06:43:04,data_go_kr,울산광역시,A1700004,학교법인울산공업학원울산대학교병원,6,20260726063744,052-250-7000,Y,Y,3,3,,,,0,,5,,,4,,5,,,8,0,11,0,3,,,3,8,13,,2,2,9,0,Y,,Y,,1,5,Y,13,Y,Y,,1,Y,Y,Y,191,Y,3,Y,Y,3,20,N1,21,8,0,0,12,13,16,26,,,,,20,6,2,8,8,36,,42,20,2,20,0,5,7,5,6,83,14,27,17,8,4,,,725,3,3,,,,8,,,,4,,5,,,2,6,Y,Y,A1700004,1
2026-07-26 06:43:04,data_go_kr,울산광역시,A1700028,의료법인정안의료재단중앙병원,12,20260726063910,052-226-1119,,,,,,,,,,,,,,,,,,,1,,2,1,,,,2,2,,,,,0,,,Y,,,,Y,,Y,Y,,,Y,Y,N1,73,N1,1,N1,Y,,8,N1,17,,1,2,2,,,,,,,,,,,18,2,4,,,8,,,1,,2,2,2,7,,,2,,,,,335,,,,,,,,,,,,,,,,,Y,N1,A1700028,2
2026-07-26 06:43:04,data_go_kr,울산광역시,A1700003,울산병원,17,20260726064009,052-259-5119,,,,,,,,,,,,,,,,,,,1,,2,1,,,,0,2,,,,,,,,Y,,,,Y,,Y,Y,,,Y,Y,Y,52,Y,10,N1,Y,,4,Y,19,,1,2,2,,,,,,,,,,,17,1,3,,,4,,,,,2,2,3,12,,,4,1,2,,2,343,,,,,,,,,,,,,,,,,Y,N1,A1700003,3
2026-07-26 06:43:04,data_go_kr,울산광역시,A1700025,의료법인송은의료재단울산시티병원,15,20260726064005,052-280-9119,,,,,,,,,,,,,,,,,,,1,,2,0,,,,2,2,,,,,,,,Y,,,,Y,,Y,Y,,,Y,Y,N1,52,N1,7,N1,Y,,8,N1,17,,1,2,2,,,,,,,,,,,24,3,3,,,8,,,,,2,2,2,17,,,4,,,,,347,,,,,,,,,,,,,,,,,Y,N1,A1700025,4
2026-07-26 06:43:04,data_go_kr,울산광역시,A1700002,의료법인동강의료재단동강병원,23,20260726063934,052-241-1190,,,,,,,,,,3,,,,,,,,,1,0,2,1,,,3,1,0,,,,,0,,Y,Y,,,,Y,,Y,Y,,,Y,Y,Y,154,N1,,N1,Y,,7,N1,24,,1,2,2,14,9,,,,,,,13,,,1,3,,,8,,,2,,3,2,4,25,,,7,5,,1,,513,,,,,,,,,,,,,,,,,Y,N1,A1700002,5
2026-07-26 06:43:04,data_go_kr,울산광역시,A1700011,의료법인은성의료재단좋은삼정병원,9,20260726064036,052-220-7600,,,,,,,,,,,,,,,,,,,,,1,,,,,0,,,,,,1,,,Y,,,,Y,,Y,Y,,,Y,Y,N1,48,N1,3,N1,Y,,7,N1,9,,,1,,,,,,,,,,,,14,1,,,,8,,,1,,2,2,1,5,,,1,,,,,283,,,,,,,,,,,,,,,,,Y,N1,A1700011,6
2026-07-26 06:43:04,data_go_kr,울산광역시,A1700001,서울산보람병원,8,20260726063807,052-255-7119,,,,,,,,,,,,,,,,,,,,,1,,,,,,,,,,,,,,Y,,,,,,Y,N1,,,N1,Y,N1,93,N1,,N1,Y,,3,N1,10,,,1,,,,,,,,,,,,,,,,,3,,,,,1,1,,1,,,,,,,,213,,,,,,,,,,,,,,,,,Y,N1,A1700001,7
2026-07-26 06:43:04,data_go_kr,세종특별자치시,A1800441,세종충남대학교병원,11,20260726063801,044-995-3010,Y,Y,,,1,1,,,,,,,,,,,,3,1,,2,,,1,,1,,5,,,,3,Y,,Y,,,,Y,,Y,Y,,,Y,Y,Y,122,Y,4,Y,Y,0,8,N1,17,6,1,2,,,,19,,2,,,,,,11,2,,6,,8,,,4,3,2,2,3,29,7,19,5,3,2,,,299,,,1,1,,,,,,,,,,,,,Y,Y,A1800441,1
2026-07-26 06:43:04,data_go_kr,세종특별자치시,A1800417,의료법인 영제 의료재단 엔케이세종병원,10,20260726064033,044-850-7777,,,,,,,,,,,,,,,,,,,,,1,,,,,,,,,,,,,,Y,,,,,,Y,N1,,,N1,Y,N1,140,N1,,N1,Y,,3,N1,10,,,1,,,,,,,,,,,,,,,,,3,,,,,1,1,,1,,,,,,,,200,,,,,,,,,,,,,,,,,Y,N1,A1800417,2
2026-07-26 06:43:04,data_go_kr,경기도,A2100042,의료법인명지의료재단명지병원,12,20260726064000,031-810-7119,Y,Y,3,2,,3,0,0,1,,0,0,0,0,0,0,,0,0,,2,4,,,,4,10,,,,0,0,Y,Y,Y,,,,Y,,Y,Y,,,Y,Y,Y,162,Y,11,Y,Y,3,12,Y,15,0,0,3,16,,,3,,,,,,,,31,4,28,,,13,,0,0,2,6,3,5,49,4,5,8,5,2,1,2,443,3,2,,3,4,3,2,0,0,0,0,0,0,,,,Y,Y,A2100042,1
2026-07-26 06:43:04,data_go_kr,경기도,A2100033,국민건강보험공단일산병원,19,20260726064003,031-900-0761,Y,Y,,,,,0,,1,5,,0,0,,0,0,,2,2,7,3,0,,,3,2,11,,,,4,0,Y,,Y,,,,Y,,Y,Y,,,Y,Y,Y,186,N1,,Y,Y,6,2,N1,23,5,2,3,19,10,16,25,,,,,,6,,,11,29,,,2,,28,4,2,4,3,3,60,8,28,13,5,,,,659,,,,,1,,1,,0,0,,0,0,,,,Y,Y,A2100033,2
2026-07-26 06:43:04,data_go_kr,경기도,A2100005,순천향대학교부속부천병원,12,20260726063623,032-621-5117,Y,Y,2,1,,,,,,5,,0,,0,0,,,5,0,7,0,9,,,,4,20,,,,,4,Y,Y,Y,,,4,Y,,Y,Y,,,Y,Y,Y,275,Y,9,Y,Y,2,21,Y,17,5,0,0,20,16,15,24,,,,,,,,22,8,34,,,21,,,7,1,4,3,5,71,9,31,17,4,3,1,1,674,2,3,,,,,,,0,,0,0,,,,5,Y,Y,A2100005,3
2026-07-26 06:43:04,data_go_kr,경기도,A2100001,분당서울대학교병원,-8,20260726063800,031-787-3119,Y,Y,,,,,,3,,4,,,5,9,,,,4,2,2,3,2,0,,5,0,9,,,,1,3,Y,,Y,2,,2,Y,,Y,Y,,,Y,Y,Y,405,Y,0,Y,Y,0,39,N1,30,5,2,3,15,13,13,35,6,,,10,,9,,8,1,30,,,39,,15,3,3,11,11,11,128,17,39,16,8,8,,,1247,,,,,,5,,,,5,9,,,,,2,Y,Y,A2100001,4
2026-07-26 06:43:04,data_go_kr,경기도,A2100030,차의과학대학교분당차병원,21,20260726063707,031-780-5840,Y,Y,2,3,1,1,0,0,,0,,,0,,0,,0,9,,4,,0,,0,0,1,13,6,,,11,,Y,,Y,0,,,Y,,Y,Y,,,Y,Y,Y,202,Y,,Y,Y,7,26,N1,22,11,,,14,8,9,35,,2,,7,,6,,,4,43,6,,26,,22,,8,5,3,4,40,26,46,6,2,2,,,726,2,3,1,1,2,2,,,,0,,1,,0,,,Y,Y,A2100030,5
2026-07-26 06:43:04,data_go_kr,경기도,A2100002,아주대학교병원,24,20260726063947,031-219-7777,Y,Y,2,6,1,3,,0,,3,,,,0,0,,0,7,0,5,0,6,,0,5,0,24,0,0,3,5,5,Y,,Y,5,2,6,Y,2,Y,Y,0,5,Y,Y,Y,159,Y,,Y,Y,5,25,N1,30,9,0,0,16,14,10,36,,2,6,13,40,7,11,,3,42,6,60,25,3,20,8,3,8,6,9,126,27,34,32,9,7,,,792,2,6,1,4,,2,,,,,0,0,,0,2,6,Y,Y,A2100002,6
2026-07-26 06:43:04,data_go_kr,경기도,A2100003,고려대학교의과대학부속안산병원,16,20260726063953,031-412-5381,Y,Y,2,3,,,0,,,0,,,,,,,,4,,13,2,5,,,1,0,24,,,,9,5,Y,,Y,,,,Y,,Y,Y,,,Y,Y,Y,183,Y,0,Y,Y,1,20,N1,22,4,,3,18,10,13,25,,,,,,10,,6,3,30,,,20,,16,10,2,3,4,4,66,15,19,8,5,3,,,605,2,3,,,2,,,,,,,,,,,,Y,Y,A2100003,7
2026-07-26 06:43:04,data_go_kr,경기도,A2100004,한림대학교성심병원,14,20260726063756,031-380-1500,Y,Y,0,5,,,0,,,0,,,,,,,,3,2,4,4,5,,,,1,18,,,,11,2,Y,Y,Y,,,,Y,,Y,Y,0,6,Y,Y,Y,174,Y,,Y,Y,5,19,N1,25,3,2,4,19,27,16,9,,,8,,,,18,,3,30,,,19,,20,14,2,4,3,6,102,8,10,20,14,2,1,,610,0,5,,,1,,,,,,,,,,,,Y,Y,A2100004,8
2026-07-26 06:43:04,data_go_kr,경기도,A2100040,가톨릭대학교의정부성모병원,21,20260726064011,031-820-5200,Y,Y,,,,,0,0,,,,,,,,,,11,2,,4,2,,,1,1,17,,8,2,,,Y,,Y,,2,6,Y,2,Y,Y,,,Y,Y,Y,192,Y,1,Y,Y,-1,12,N1,42,11,2,4,18,,,15,,,,,20,6,,26,4,30,,53,13,2,,,3,4,3,4,54,10,28,12,4,3,,,519,,,,,1,1,,,,,,,,,2,6,Y,Y,A2100040,9
2026-07-26 06:43:04,data_go_kr,경기도,A2100047,동국대학교일산불교병원,13,20260726064001,031-961-7777,Y,Y,,,,,,,,7,,,,,,,3,3,1,6,3,,,,,1,,,,,15,0,Y,,Y,,,,Y,,Y,Y,,,Y,Y,Y,179,Y,,Y,Y,11,12,N1,19,3,1,3,,16,13,13,,,,,,,,,4,,,,12,,15,0,8,2,2,2,19,13,25,4,2,1,,,463,,,,,,,,,,,,,,3,,,Y,Y,A2100047,10
2026-07-26 06:43:04,data_go_kr,경기도,A2100038,인제대학교일산백병원,31,20260726063830,031-910-7114,N,N,,,,,,,,0,,,,,,,,,3,2,2,,,,,0,,,,,5,1,Y,,Y,,,,Y,,Y,Y,,1,Y,Y,Y,194,Y,,N,Y,,16,N1,34,,3,3,,25,32,,,,,,,,4,,4,,,,17,,16,2,3,3,3,4,54,18,22,7,3,1,,,545,,,,,,,,,,,,,,,,,Y,N,A2100038,11
2026-07-26 06:43:04,data_go_kr,경기도,A2118788,중앙대학교광명병원,18,20260726064007,02-2222-1351,Y,Y,0,0,,,,,,,,,,,,,,,1,,2,,,,5,3,,,,,,2,Y,,Y,,,,Y,,Y,Y,4,,Y,Y,Y,206,Y,12,Y,Y,0,17,N1,21,,1,2,,,,16,,,5,,,5,,24,6,,,,17,,,2,2,2,2,5,28,6,16,5,4,10,,,576,0,0,,,,,,,,,,,,,,,Y,Y,A2118788,12
2026-07-26 06:43:04,data_go_kr,경기도,A2100007,광명성애병원,9,20260726063943,02-2680-7116,Y,Y,,,,,,,,,,,,,,6,,4,1,,3,,,,,0,,,,,,,Y,,Y,,,,Y,,Y,Y,,,Y,Y,N1,62,N1,10,Y,Y,,5,N1,11,4,1,4,,,,,,,,,,,,13,1,,,,5,,,,2,2,2,1,12,2,5,1,,,,,189,,,,,,,,,,,,,50,,,,Y,Y,A2100007,13
2026-07-26 06:43:04,data_go_kr,경기도,A2100155,참조은병원,4,20260726064010,031-881-9119,,,,,,,,,,,,,,0,0,,6,1,1,,3,,,,,3,,,,,,1,,,Y,,,,Y,,Y,Y,,,Y,Y,N1,51,Y,-1,N1,Y,,7,N1,9,1,1,3,,,,,,,,,,,,22,3,,,,7,,,2,,3,3,2,18,,,3,,2,,,286,,,,,,,,,,,0,0,,6,,,Y,N1,A2100155,14
2026-07-26 06:43:04,data_go_kr,경기도,A2100039,한양대학교구리병원,11,20260726063801,1644-9118,Y,Y,,,,,,,,0,,,,,,,,,1,2,3,,,,,,,,,,,4,Y,,Y,,,,Y,,Y,Y,,,Y,Y,Y,173,Y,,Y,Y,1,9,N1,18,,1,4,,17,14,10,,,,,,,,,,,,,9,,,5,1,3,2,3,21,6,14,4,2,2,,,488,,,,,,,,,,,,,,,,,Y,Y,A2100039,15
2026-07-26 06:43:04,data_go_kr,경기도,A2100054,효산의료재단지샘병원,14,20260726063544,031-389-3119,,,,,,,,,,,,,,,,,1,,2,,1,,,,,1,,,,,,1,,,Y,,,,Y,,Y,Y,,,Y,Y,N1,77,N1,3,N1,Y,,5,N1,18,,2,1,,,,,,,,,,,,18,1,,,,5,,,2,,2,1,3,11,,,2,,,,,367,,,,,,,,,,,,,,1,,,Y,N1,A2100054,16
2026-07-26 06:43:04,data_go_kr,경기도,A2100048,원광대학교산본병원,16,20260726063947,031-390-2345,,,,,,,,,,,,,,,,,,,1,,1,,,,,,,,,,,,Y,,Y,,,,Y,,Y,Y,,,Y,Y,N1,78,N1,7,N1,Y,,5,N1,17,,1,2,,,,,,,,,,,,12,,,,,5,,,,1,1,1,1,1,,,2,,,,,188,,,,,,,,,,,,,,,,,Y,N1,A2100048,17
2026-07-26 06:43:04,data_go_kr,경기도,A2100053,의료법인우리의료재단김포우리병원,16,20260726063904,031-999-1119,,,,,,,,,,,,,,0,0,0,,,1,,6,,,,,0,,,,,,3,,,Y,,,,Y,,Y,Y,,,Y,Y,Y,76,Y,0,N1,Y,,7,N1,22,,1,6,,,,,,,,,,,,36,1,,,,7,,,11,,2,2,2,48,,,4,1,2,,,477,,,,,,,,,,,0,0,0,,,,Y,N1,A2100053,18
2026-07-26 06:43:04,data_go_kr,경기도,A2100006,의료법인인봉의료재단뉴고려병원,12,20260726064013,031-980-9119,,,,,,,,,,,,,,,,,3,,1,,2,,,,,7,,,,,,,,,Y,,,,Y,,Y,Y,,,Y,Y,N1,89,N1,6,N1,Y,,6,N1,14,,1,2,,,,,,,,,,,,24,10,,,,6,,,,,2,2,2,7,,,1,,,,,278,,,,,,,,,,,,,,3,,,Y,N1,A2100006,19
2026-07-26 06:43:04,data_go_kr,경기도,A2100041,남양주한양병원,16,20260726063951,031-510-0119,,,,,,,,,,,,,,,,,,,1,,2,,,,,11,,,,,,,,,Y,,,,Y,,Y,Y,,,Y,Y,N1,88,N1,5,N1,Y,,,Y,17,,1,2,,,,,,,,,,,,17,23,,,,,,,,,2,2,1,33,,,2,,,,1,244,,,,,,,,,,,,,,,,,Y,N1,A2100041,20
2026-07-26 06:43:04,data_go_kr,경기도,A2100037,현대병원,15,20260726051247,031-574-0114,,,,,,,,,,,,,,,,,,,3,,,,,,,1,,,,,,,,,Y,,,,Y,,Y,Y,,,Y,Y,N1,68,Y,0,N1,Y,,7,N1,17,,3,,,,,,,,,,,,,19,20,,,,7,,,,,2,2,2,50,,,17,,2,,,342,,,,,,,,,,,,,,,,,Y,N1,A2100037,21
2026-07-26 06:43:04,data_go_kr,경기도,A2100055,부천세종병원,17,20260726064010,032-340-1119,Y,Y,,,,,,,,,,,,,,,,,1,,2,1,,,,0,1,,,,,0,Y,,Y,,,,Y,,Y,Y,,,Y,Y,Y,85,Y,0,Y,Y,,6,N1,17,,1,2,2,,,,,,,,,,,20,2,3,,,6,,,6,1,2,1,5,18,1,1,5,4,1,,,268,,,,,,,,,,,,,,,,,Y,Y,A2100055,22
2026-07-26 06:43:04,data_go_kr,경기도,A2100052,가톨릭대학교부천성모병원,24,20260726064011,032-340-2100,Y,Y,,,,,,,,0,,,,,,,3,,2,1,1,,,,,0,,,,,,3,Y,,Y,3,,,Y,,Y,Y,,,Y,Y,Y,201,Y,,Y,Y,9,14,N1,31,,2,1,,16,12,10,,,,18,,,,,4,,,,14,,,4,3,3,3,3,28,4,14,11,1,2,,,562,,,,,,,,,,,,,,3,,,Y,Y,A2100052,23
2026-07-26 06:43:04,data_go_kr,경기도,A2100025,대진의료재단분당제생병원,19,20260726064000,031-779-0119,Y,Y,,,,,,,,4,,,7,,,,,3,1,7,2,,,,,2,,,,,,0,Y,Y,Y,,,,Y,,Y,Y,,,Y,Y,Y,138,Y,,Y,Y,1,9,N1,24,3,1,2,,11,14,3,,,,,,,,,4,,,,9,,,2,2,4,3,3,22,1,5,5,2,3,1,,484,,,,,,,,,,7,,,,,,,Y,Y,A2100025,24
2026-07-26 06:43:04,data_go_kr,경기도,A2116806,성남시의료원,16,20260726064000,031-738-7300,,,,,,,,,,,,,,,,,,6,2,18,4,,,,,3,,,,,,28,,,Y,,,,Y,,Y,Y,,,Y,Y,Y,106,Y,,N1,Y,,8,Y,17,6,2,4,,,25,,,,,,,,,,5,,,,8,,,28,,3,2,2,31,,,6,3,1,,2,241,,,,,,,,,,,,,,,,,Y,N1,A2116806,25
2026-07-26 06:43:04,data_go_kr,경기도,A2117135,의료법인명인의료재단화홍병원,12,20260726063529,031-8021-6829,Y,,,,,,,,,,,,,,,,,,2,,3,,,,,0,,,,,,,,,Y,,,,,,Y,N1,,,N1,Y,Y,59,N1,13,N1,Y,,6,Y,15,,2,3,,,,,,,,,,,,29,1,,,,6,,,,,2,2,,4,1,,,1,,,1,228,,,,,,,,,,,,,,,,,Y,Y,A2117135,26
2026-07-26 06:43:04,data_go_kr,경기도,A2100009,의료법인녹산의료재단동수원병원,14,20260726063900,031-210-0119,,Y,,,,,,,,,,,,,,,,,1,,2,0,,,,0,2,,,,,0,Y,,Y,,,,Y,,Y,Y,,,Y,Y,N1,66,N1,10,Y,Y,,5,N1,17,,1,2,2,,,,,,,,,,,18,3,4,,,5,,,1,1,2,2,1,15,,4,1,,,,,335,,,,,,,,,,,,,,,,,Y,N1,A2100009,27
2026-07-26 06:43:04,data_go_kr,경기도,A2100012,가톨릭대학교성빈센트병원,21,20260726064010,031-249-7370,Y,Y,,,1,1,,,,6,,,,,,,,6,2,8,2,3,,2,8,2,,6,,,8,3,Y,,Y,9,,,Y,,Y,Y,,1,Y,Y,Y,290,Y,,Y,Y,2,19,N1,28,6,2,2,4,20,11,18,,2,,15,,8,8,,5,,6,,19,,30,11,2,5,4,6,52,7,18,12,4,4,,,658,,,1,1,,,,,,,,,,,,,Y,Y,A2100012,28
2026-07-26 06:43:04,data_go_kr,경기도,A2100008,의료법인남촌의료재단시화병원,15,20260726063710,031-5189-0567,,,,,,,,,,,,,,,,,,5,1,,5,,,,,1,,,,,,1,Y,,Y,,,,Y,,Y,Y,,,Y,Y,Y,76,N1,18,N1,Y,,7,N1,16,5,1,5,,,,,,,,,,,,52,1,,,,7,,,1,1,3,3,2,29,,,4,2,,,,461,,,,,,,,,,,,,,,,,Y,N1,A2100008,29
2026-07-26 06:43:04,data_go_kr,경기도,A2100017,대아의료재단한도병원,17,20260726063852,031-8040-1129,,,,,,,,,,,,,,,,,,,1,,2,,,,,1,,,,,,,,,Y,,,,Y,,Y,Y,,,Y,Y,N1,96,N1,10,N1,Y,,6,N1,17,,1,2,,,,,,,,,,,,29,1,,,,6,,,,,3,2,2,15,,,3,,,,,327,,,,,,,,,,,,,,,,,Y,N1,A2100017,30
2026-07-26 06:43:04,data_go_kr,경기도,A2100015,효산의료재단안양샘병원,10,20260726063913,031-467-9119,,,,,,,,,,0,,,,,,,,,1,3,2,,,,,1,,,,,,,,,Y,,,,Y,,Y,Y,,,Y,Y,Y,61,N1,,N1,Y,,6,N1,17,,1,2,,9,9,,,,,,,,,,1,,,,6,,,,,2,1,2,12,,,2,1,,,,307,,,,,,,,,,,,,,,,,Y,N1,A2100015,31
2026-07-26 06:43:04,data_go_kr,경기도,A2100024,오산한국병원,16,20260726063858,031-378-5119,,,,,,,,,,,,,,,,,,,1,,2,1,,,,1,3,,,,,2,,,Y,,,,Y,,Y,Y,,,Y,Y,N1,49,Y,1,N1,Y,,5,N1,17,,1,2,2,,,,,,,,,,,32,1,3,,,5,,,2,,2,2,2,17,,,2,,1,,,259,,,,,,,,,,,,,,,,,Y,N1,A2100024,32
2026-07-26 06:43:04,data_go_kr,경기도,A2100020,연세대학교의과대학용인세브란스병원,14,20260726063646,031-5189-9001,Y,Y,,,,,,,,6,,,,,,,,6,1,6,3,,,,,1,,,,,,2,Y,,Y,,,,Y,,Y,Y,,,Y,Y,Y,185,Y,,Y,Y,0,15,N1,16,6,1,3,,19,16,12,,,,,,,,,2,,,,15,,,4,2,3,3,4,31,6,18,6,3,4,,,597,,,,,,,,,,,,,,,,,Y,Y,A2100020,33
2026-07-26 06:43:04,data_go_kr,경기도,A2100029,강남병원,15,20260726063842,031-300-0119,,,,,,,,,,,,,,,,,,,1,,2,2,,,,1,1,,,,,,,,Y,,,,,,Y,N1,,,Y,Y,N1,21,N1,14,N1,Y,,4,N1,17,,1,2,2,,,,,,,,,,,30,1,3,,,4,,,,,2,2,,7,,,2,,,,,264,,,,,,,,,,,,,,,,,Y,N1,A2100029,34
2026-07-26 06:43:04,data_go_kr,경기도,A2100019,(의)영문의료재단다보스병원,6,20260726063956,031-8021-2130,,,,,,,,,,,,,,,,,4,,1,,2,1,,,,1,1,,,,,,,,Y,,,,,,Y,N1,,,Y,Y,N1,44,N1,2,N1,Y,,6,N1,13,,1,2,2,,,,,,,,,,,23,1,3,,,6,,,,,1,1,,7,,,2,,,,,222,,,,,,,,,,,,,,4,,,Y,N1,A2100019,35
2026-07-26 06:43:04,data_go_kr,경기도,A2117994,학교법인을지학원의정부을지대학교병원,28,20260726063601,031-8074-0119,Y,Y,,,,,,,,3,,,,,,,8,6,1,3,2,,,,,2,,,,,4,2,Y,,Y,,0,0,Y,,Y,Y,,,Y,Y,Y,234,Y,,Y,Y,3,12,N1,30,6,1,2,,29,22,5,,,,,,,,,2,,,,14,,22,6,8,3,3,4,48,5,5,6,3,2,,,588,,,,,,,,,,,,,,8,0,0,Y,Y,A2117994,36
2026-07-26 06:43:04,data_go_kr,경기도,A2100193,경기도의료원이천병원,12,20260726064001,031-630-4333,,,,,,,,,,,,,,,,,,,1,,1,2,,,,2,0,,,,,6,,,Y,,,,,,Y,N1,,,N1,Y,N1,40,N1,2,N1,Y,,4,N1,17,,1,2,2,,,,,,,,,,,6,2,3,,,4,,,6,,1,1,,8,,,,,,,,187,,,,,,,,,,,,,,,,,Y,N1,A2100193,37
2026-07-26 06:43:04,data_go_kr,경기도,A2100035,경기도의료원파주병원,16,20260726063902,031-940-9119,,,,,,,,,,,,,,,,,,,1,,2,1,,,,,1,,,,,,Y,,Y,,,,,,Y,N1,,,N1,Y,N1,82,N1,5,N1,Y,,3,N1,17,,1,2,2,,,,,,,,,,,8,,3,,,3,,,,1,1,1,,9,,,,,,,,189,,,,,,,,,,,,,,,,,Y,N1,A2100035,38
2026-07-26 06:43:04,data_go_kr,경기도,A2100028,의료법인백송의료재단굿모닝병원,16,20260726064033,031-5182-7582,,,,,,,,,,,,,,,,,5,,2,,1,,,,,1,,,,,,,,,Y,,,,Y,,Y,Y,,,Y,Y,Y,97,N1,5,N1,Y,,7,Y,19,,2,1,,,,,,,,,,,,27,3,,,,7,,,,,5,3,3,23,,,5,3,,,1,392,,,,,,,,,,,,,,6,,,Y,N1,A2100028,39
2026-07-26 06:43:04,data_go_kr,경기도,A2113246,의료법인양진의료재단평택성모병원,14,20260726063946,070-5012-0119,,,,,,,,,,,,,,,,0,,,1,,2,2,,,,2,3,,,,,,,,Y,,,,Y,,Y,Y,,,Y,Y,N1,56,N1,14,N1,Y,,6,N1,17,,1,2,2,,,,,,,,,,,34,2,3,,,6,,,,,3,3,2,8,,,2,,,,,329,,,,,,,,,,,,,0,,,,Y,N1,A2113246,40
2026-07-26 06:43:04,data_go_kr,경기도,A2100031,경기도의료원포천병원,16,20260726064001,031-539-9119,,Y,,,,,,,,,,,,,,,,,1,,2,,,,,0,,,,,,1,Y,,Y,,,,,,Y,N1,,,N1,Y,N1,54,N1,2,Y,Y,,4,N1,17,,1,2,,,,,,,,,,,,10,0,,,,4,,,3,3,1,1,,7,,2,,,,,,137,,,,,,,,,,,,,,,,,Y,N1,A2100031,41
2026-07-26 06:43:04,data_go_kr,경기도,A2100046,한림대학교동탄성심병원,24,20260726063930,031-8086-2119,Y,Y,3,0,,,,,,11,,,,,,,,9,,3,,,,,2,7,,,,,,6,Y,Y,Y,,,,Y,,Y,Y,3,,Y,Y,Y,189,Y,,Y,Y,12,20,Y,32,9,,,,28,13,13,,,13,,,9,,,11,,,,20,,,11,1,6,3,6,51,8,16,17,5,5,1,1,515,3,0,,,,,,,,,,,,,,,Y,Y,A2100046,42
2026-07-26 06:43:04,data_go_kr,경기도,A2100290,의료법인자인의료재단(더자인병원),15,20260726064013,031-930-3119,,,,,,,,,,,,,,,,,,,2,,2,2,,,,1,1,,,,,,,,Y,,,,Y,,Y,Y,,,Y,Y,N1,85,N1,5,N1,N,,5,N1,16,,2,2,2,,,,,,,,,,,10,2,3,,,5,,,,,2,2,1,15,,,1,,,,,233,,,,,,,,,,,,,,,,,Y,N1,A2100290,43
2026-07-26 06:43:04,data_go_kr,경기도,A2100049,국립암센터,14,20260726064000,031-920-0119,,N,,,,,,,,,,,,,,,,,,,1,,,,,8,,,,,,,,,Y,,,,Y,,Y,Y,,,Y,Y,Y,146,Y,14,N,Y,,18,N1,24,,,1,,,,,,,,,,,,19,9,,,,18,,,,,7,5,3,29,,1,8,2,7,,,554,,,,,,,,,,,,,,,,,Y,N1,A2100049,44
2026-07-26 06:43:04,data_go_kr,경기도,A2116972,의료법인성광의료재단일산차병원,6,20260726063849,031-782-8587,Y,Y,,,,,,,,,,,,,,,,,,,4,,,,,1,,,,,,1,Y,,,,,,,,Y,N1,,,N1,N1,N1,69,N1,4,Y,N1,0,10,N1,6,,,4,,,,17,,,,,,,,4,1,,,,10,,,1,9,,,,4,11,19,,,,,,179,,,,,,,,,,,,,,,,,Y,Y,A2116972,45
2026-07-26 06:43:04,data_go_kr,경기도,A2118188,엘병원,8,20260726063812,031-527-6119,,,,,,,,,,,,,,,,,,,,,2,,,,,0,,,,,,0,,,Y,,,,,,Y,N1,,,N1,Y,N1,56,N1,6,N1,Y,,3,N1,8,,,2,,,,,,,,,,,,8,1,,,,3,,,1,,1,1,,2,,,,,,,,146,,,,,,,,,,,,,,,,,Y,N1,A2118188,46
2026-07-26 06:43:04,data_go_kr,경기도,A2100050,의료법인대인의료재단다니엘종합병원,5,20260726064002,032-670-0119,,,,,,,,,,,,,,,,,,,1,,3,,,,,1,,,,,,,,,Y,,,,,,Y,N1,,,N,Y,N1,36,N1,9,N1,Y,,3,N1,6,,1,3,,,,,,,,,,,,30,1,,,,3,,,,,1,1,,17,,,1,,,,,169,,,,,,,,,,,,,,,,,Y,N1,A2100050,47
2026-07-26 06:43:04,data_go_kr,경기도,A2100258,국군수도병원,16,20260726064013,031-725-6119,,,,,,,,,,,,,,2,6,,,,0,,,,,,,1,,,15,,2,,,,Y,,,,Y,15,Y,Y,,,Y,Y,Y,154,N1,10,N1,Y,,9,N1,16,,2,,,,,,,,,,20,,,12,1,,,40,9,,15,,,3,4,2,2,,,5,2,,,,530,,,,,,,,,,,2,6,,,,,Y,N1,A2100258,48
2026-07-26 06:43:04,data_go_kr,경기도,A2100016,순천의료재단성남정병원,9,20260726063851,031-750-6003,,,,,,,,,,,,0,,,27,,,,2,,,,,,,,,,,,,,,,Y,,,,,,Y,N1,,,N1,Y,N1,76,N1,,N1,Y,,4,N1,9,,2,,,,,,,,,,,,,,,,,,4,,,,,1,1,,1,,,,,,,,98,,,,,,,,,0,,,105,,,,,Y,N1,A2100016,49
2026-07-26 06:43:04,data_go_kr,경기도,A2121061,의료법인덕산의료재단수원덕산병원,23,20260726064004,031-686-2911,N,Y,,,,,,,,,,,,,,,,3,1,,2,2,,,,0,2,,,,,0,Y,,Y,,,,Y,,Y,Y,,,Y,Y,Y,102,N1,4,Y,Y,,9,N1,24,3,1,2,2,,,,,,,,,,,22,3,4,,,9,,,5,5,3,2,2,15,N,2,5,2,,,,403,,,,,,,,,,,,,,,,,Y,N,A2121061,50
2026-07-26 06:43:04,data_go_kr,경기도,A2100032,경기도의료원수원병원,7,20260726064002,031-888-0119,,,,,,,,,,,,,,,,,3,,,,2,,,,,,,,,,,2,,,Y,,,,,,Y,N1,,,N1,Y,N1,43,N1,7,N1,Y,,3,N1,8,,,2,,,,,,,,,,,,9,,,,,3,,,2,,1,1,,9,,,,,,,,156,,,,,,,,,,,,,,3,,,Y,N1,A2100032,51
2026-07-26 06:43:04,data_go_kr,경기도,A2100175,의료법인토마스의료재단윌스기념병원,17,20260726063833,031-240-6119,,,,,,,,,,,,,,,,,,,1,,2,2,,,,0,3,,,,,,Y,,Y,,,,Y,,Y,Y,,,Y,Y,N1,75,N1,10,N1,Y,,10,N1,18,,1,2,2,,,,,,,,,,,18,1,3,,,10,,,,1,1,4,1,1,,,1,,,,,282,,,,,,,,,,,,,,,,,Y,N1,A2100175,52
2026-07-26 06:43:04,data_go_kr,경기도,A2100027,의료법인석경의료재단센트럴병원,18,20260726064020,031-8041-3019,,,,,,,,,,,,,,,,,,,1,,2,,,,,,,,,,,,,,Y,,,,,,Y,N1,,,Y,Y,N1,100,N1,4,N1,Y,,3,N1,18,,1,2,,,,,,,,,,,,20,,,,,3,,,,,2,2,,7,,,2,,,,,255,,,,,,,,,,,,,,,,,Y,N1,A2100027,53
2026-07-26 06:43:04,data_go_kr,경기도,A2100013,의료법인 록향의료재단 신천연합병원,7,20260726064009,031-310-6661,,,,,,,,,,,,,,,,,,,,,1,,,,,0,,,,,,,,,Y,,,,,,Y,N1,,,Y,Y,N1,23,N1,0,N1,Y,,3,N1,10,,,1,,,,,,,,,,,,6,1,,,,3,,,,,1,1,,4,,,1,,,,,112,,,,,,,,,,,,,,,,,Y,N1,A2100013,54
2026-07-26 06:43:04,data_go_kr,경기도,A2100021,의료법인플러스의료재단단원병원,15,20260726064125,031-8040-5911,,,,,,,,,,,,,1,,,,,,1,,2,,,,,1,,,,,,,,,Y,,,,Y,,Y,Y,,,Y,Y,Y,80,N1,7,N1,Y,,5,N1,17,,1,2,,,,,,,,,,,,27,1,,,,5,,,,,1,1,2,8,,,2,1,,,,342,,,,,,,,,,1,,,,,,,Y,N1,A2100021,55
2026-07-26 06:43:04,data_go_kr,경기도,A2100014,근로복지공단안산병원,7,20260726063600,031-500-1119,,,,,,,,,,,,,,,,,,,,,1,,,,,1,,,,,,0,,,Y,,,,,,Y,N1,,,N1,Y,N1,89,N1,11,N1,Y,,3,N1,7,,,1,,,,,,,,,,,,18,1,,,,3,,,2,,1,1,,14,,,,,,,,359,,,,,,,,,,,,,,,,,Y,N1,A2100014,56
2026-07-26 06:43:04,data_go_kr,경기도,A2100124,의료법인칠석의료재단사랑의병원,13,20260726063952,031-502-0119,,,,,,,,,,,,,,,,,,,1,,,,,,,,,,,,,,,,Y,,,,,,Y,N1,,,Y,Y,N1,46,N1,6,N1,Y,,5,N1,13,,1,,,,,,,,,,,,,14,,,,,5,,,,,2,2,,8,,,1,,,,,206,,,,,,,,,,,,,,,,,Y,N1,A2100124,57
2026-07-26 06:43:04,data_go_kr,경기도,A2100045,경기도의료원안성병원,14,20260726064002,031-8046-5119,,,,,,,,,,,,,,,,,,,1,,,,,,,1,,,,,,8,,,Y,,,,,,Y,N1,,,N1,Y,N1,57,N1,4,N1,Y,,5,N1,14,,1,,,,,,,,,,,,,13,2,,,,5,,,8,,1,1,,8,,,,,,,,178,,,,,,,,,,,,,,,,,Y,N1,A2100045,58
2026-07-26 06:43:04,data_go_kr,경기도,A2100305,안성성모병원,8,20260726063942,031-675-8275,,,,,,,,,,,,,,,,,,,,,1,,,,,,,,,,,,,,Y,,,,,,Y,N1,,,N1,Y,N1,95,N1,3,N1,Y,,3,N1,9,,,1,,,,,,,,,,,,20,,,,,3,,,,,1,1,,7,,,,,,,,188,,,,,,,,,,,,,,,,,Y,N1,A2100305,59
2026-07-26 06:43:04,data_go_kr,경기도,A2100089,양평병원,7,20260726064001,031-770-5119,N,N,,,,,,,,,,,,,,,,,,,1,,,,,,,,,,,,N,N,Y,,,,N,,Y,N,,,N,Y,N,25,N,,N,Y,,3,N,9,,,1,,,,,,,,,,,,,,,,,3,,,,0,1,1,0,1,0,0,0,0,0,0,0,90,,,,,,,,,,,,,,,,,Y,N,A2100089,60
2026-07-26 06:43:04,data_go_kr,경기도,A2100194,세종여주병원,4,20260726064008,031-880-7754,,,,3,,,,,,,,,,,,,3,,,,4,,,,,,,,,,,,,,Y,,,,,,Y,N1,,,Y,Y,N1,127,N1,,N1,Y,,2,N1,6,,,4,,,,,,,,,,,,,,,,,2,,,,,1,1,,4,,,2,,,,,210,,3,,,,,,,,,,,,3,,,Y,N1,A2100194,61
2026-07-26 06:43:04,data_go_kr,경기도,E2100187,연천군보건의료원,10,20260726064005,031-839-4119,,,,,,,,,,,,,,,,,,,,,,,,,,,,,,,,,,,Y,,,,,,Y,N1,,,N1,Y,N1,51,N1,,N1,N1,,2,N1,10,,,,,,,,,,,,,,,,,,,,2,,,,,1,,,1,,,,,,,,52,,,,,,,,,,,,,,,,,Y,N1,E2100187,62
2026-07-26 06:43:04,data_go_kr,경기도,A2100122,(의)효심의료재단용인서울병원,9,20260726063935,031-336-0119,,,,,,,,,,,,,,,,,,,,,,,,,,,,,,,,,,,Y,,,,,,Y,N1,,,N1,Y,N1,150,N1,,N1,Y,,3,N1,10,,,,,,,,,,,,,,,,,,,,3,,,,,1,1,,1,,,,,,,,201,,,,,,,,,,,,,,,,,Y,N1,A2100122,63
2026-07-26 06:43:04,data_go_kr,경기도,A2121142,메디필드한강병원,15,20260726064002,031-332-1119,,,,,,,,,,,,,,,,,,,1,,2,,,,,1,,,,,,1,,,Y,,,,Y,,Y,Y,,,Y,Y,N1,159,N1,6,N1,Y,,6,N1,17,,1,2,,,,,,,,,,,,15,1,,,,6,,,1,,3,2,1,13,,,2,,,,,192,,,,,,,,,,,,,,,,,Y,N1,A2121142,64
2026-07-26 06:43:04,data_go_kr,경기도,A2100034,의료법인영동의료재단의정부백병원,9,20260726063938,031-842-1211,,,,,,,,,,,,,,,,,,,,,2,,,,,,,,,,,,,,Y,,,,,,Y,N1,,,N1,Y,N1,103,N1,0,N1,Y,,3,N1,10,,,2,,,,,,,,,,,,9,,,,,3,,,,,1,1,,1,,,,,,,,192,,,,,,,,,,,,,,,,,Y,N1,A2100034,65
2026-07-26 06:43:04,data_go_kr,경기도,A2100150,추병원,11,20260726063900,031-845-8313,,,,,,,,,,,,,,,,,,,1,,1,,,,,,,,,,,,,,Y,,,,Y,,Y,Y,,,N1,Y,N1,53,N1,3,N1,N,,3,N1,12,,1,1,,,,,,,,,,,,15,,,,,3,,,,,2,1,1,1,,,,,,,,210,,,,,,,,,,,,,,,,,Y,N1,A2100150,66
2026-07-26 06:43:04,data_go_kr,경기도,A2100043,경기도의료원의정부병원,10,20260726064001,031-828-5119,,,,,,,,,,,,,,,,0,,,1,,,,,,,,,,,,31,2,,,Y,,,,,,Y,N1,,,N1,Y,N1,34,N1,3,N1,Y,,3,N1,10,,1,,,,,,,,,,,,,6,,,,,3,,70,5,,1,1,,8,,,,,,,,86,,,,,,,,,,,,,0,,,,Y,N1,A2100043,67
2026-07-26 06:43:04,data_go_kr,경기도,A2100131,메디인병원,10,20260726064040,031-570-7912,,,,,,,,,,,,,,,,,,,,,2,,,,,,,,,,,,,,Y,,,,Y,,Y,Y,,,N1,Y,N1,69,N1,,N1,Y,,4,N1,12,,,2,,,,,,,,,,,,,,,,,4,,,,,1,1,1,2,,,,,,,,206,,,,,,,,,,,,,,,,,Y,N1,A2100131,68
2026-07-26 06:43:04,data_go_kr,경기도,A2100309,의료법인갈렌의료재단박병원,10,20260726064008,031-662-4119,,,,,,,,,,,,,,,,,,,,,1,,,,,,,,,,,,,,Y,,,,,,Y,N1,,,N1,Y,N1,34,N1,2,N1,Y,,2,N1,10,,,1,,,,,,,,,,,,10,,,,,2,,,,,1,2,,3,,,,,,,,143,,,,,,,,,,,,,,,,,Y,N1,A2100309,69
2026-07-26 06:43:04,data_go_kr,경기도,A2100022,의료법인박애의료재단박애병원,10,20260726063932,031-650-9219,,,,,,,,,,,,,,,,,,,,,1,,,,,,,,,,,,,,Y,,,,,,Y,N1,,,Y,Y,N1,110,N1,6,N1,Y,,5,N1,10,,,1,,,,,,,,,,,,10,,,,,5,,,,,2,1,,20,,,2,,,,,193,,,,,,,,,,,,,,,,,Y,N1,A2100022,70
2026-07-26 06:43:04,data_go_kr,경기도,A2100036,의료법인 일심의료재단 포천우리병원,17,20260726063821,031-541-8282,,,,,,,,,,,,,,,,,,,1,,3,,,,,2,,,,,,2,,,Y,,,,Y,,Y,Y,,,Y,Y,N1,71,N1,3,N1,Y,,5,N1,18,,1,3,,,,,,,,,,,,18,2,,,,5,,,2,,2,2,1,14,,,3,,,,,201,,,,,,,,,,,,,,,,,Y,N1,A2100036,71
2026-07-26 06:43:04,data_go_kr,경기도,A2100018,의료법인은혜와감사의료재단화성중앙종합병원,7,20260726063801,031-371-7998,,,,,,,,,,,,,,,,,,,,,1,,,,,,,,,,,,,,Y,,,,,,Y,N1,,,N1,Y,N1,81,N1,4,N1,Y,,3,N1,9,,,1,,,,,,,,,,,,8,,,,,3,,,,,1,1,,3,,,,,,,,131,,,,,,,,,,,,,,,,,Y,N1,A2100018,72
2026-07-26 06:43:04,data_go_kr,경기도,A2115699,의료법인원광의료재단원광종합병원,8,20260726063930,031-8077-7219,,,,,,,,,,,,,,,,,,,1,,,,,,,,,,,,,,,,Y,,,,,,Y,N1,,,N1,Y,N1,26,N1,-1,N1,Y,,4,N1,9,,1,,,,,,,,,,,,,9,,,,,4,,,,,1,2,,4,,,,,,,,135,,,,,,,,,,,,,,,,,Y,N1,A2115699,73
2026-07-26 06:43:04,data_go_kr,강원특별자치도,A2200008,강릉아산병원,17,20260726064015,033-610-3333,Y,Y,,,,,0,1,,0,,,,,,,,3,2,0,3,1,,,,,10,,,,,,Y,,Y,,,,Y,,Y,Y,,,Y,Y,Y,114,Y,,Y,Y,6,15,Y,23,3,2,3,18,14,16,13,,,,,,,,,,38,,,15,,,,2,4,3,4,33,8,12,8,5,1,,2,604,,,,,1,6,,,,,,,,,,,Y,Y,A2200008,1
2026-07-26 06:43:04,data_go_kr,강원특별자치도,A2200001,연세대학교원주세브란스기독병원,22,20260726063502,033-741-1641,Y,Y,3,20,,,0,,,1,,,,,,,,3,2,5,2,3,,,,,15,,9,2,5,,Y,,Y,3,2,6,Y,6,Y,Y,,,Y,Y,Y,202,Y,,Y,Y,7,14,Y,29,3,2,3,20,15,12,19,,,,15,20,,,,,30,,40,15,2,24,,2,5,4,7,100,12,25,16,7,13,,4,584,4,36,,,2,,,,,,,,,,2,6,Y,Y,A2200001,2
2026-07-26 06:43:04,data_go_kr,강원특별자치도,A2200013,한림대학교춘천성심병원,17,20260726063720,033-240-5219,Y,Y,2,3,,,,0,,,,,,,,,,3,,,,6,,,,0,29,,,,,1,Y,Y,Y,,,,Y,,Y,Y,2,,Y,Y,Y,97,Y,6,Y,Y,,9,Y,22,3,,,20,,,,,,8,,,,,20,2,45,,,9,,,2,1,2,2,3,33,1,4,6,2,1,1,1,252,2,3,,,,2,,,,,,,,,,,Y,Y,A2200013,3
2026-07-26 06:43:04,data_go_kr,강원특별자치도,A2200005,의료법인강릉동인병원,14,20260726064027,033-650-6105,,,,,,,,,,1,,,,,,,,,1,,2,,,,,2,,,,,9,,,,Y,,,,Y,,Y,Y,,,Y,Y,N1,71,N1,0,N1,Y,,5,N1,17,,1,2,,12,,,,,,,,,,12,2,,,,5,,101,,,2,1,1,14,,,1,,,,,248,,,,,,,,,,,,,,,,,Y,N1,A2200005,4
2026-07-26 06:43:04,data_go_kr,강원특별자치도,A2200007,강원특별자치도삼척의료원,15,20260726063501,033-571-0431,,Y,,,,,,,,,,,,,,,,1,2,,1,0,,,,0,3,,,,,6,Y,,Y,,,,,,Y,N1,,,Y,Y,N1,57,N1,0,Y,Y,,4,N1,16,1,2,1,2,,,,,,,,,,,6,2,3,,,4,,,10,1,1,1,,3,,3,1,,,,,189,,,,,,,,,,,,,,,,,Y,N1,A2200007,5
2026-07-26 06:43:04,data_go_kr,강원특별자치도,A2200012,강원특별자치도속초의료원,17,20260726064001,,Y,Y,,,,,,,,,,,,,,,,,2,,1,,,,,,,,,,,,Y,,Y,,,,,,Y,N1,,,N1,Y,N1,64,N1,0,Y,Y,,3,N1,17,,2,1,,,,,,,,,,,,8,,,,,3,,,,2,1,1,,7,1,1,,,,,,154,,,,,,,,,,,,,,,,,Y,Y,A2200012,6
2026-07-26 06:43:04,data_go_kr,강원특별자치도,A2200009,강원대학교병원,18,20260726064000,033-258-2293,Y,Y,,,,,0,,,3,,,,,,,,3,2,,3,1,4,,5,1,,,,,3,12,Y,,Y,2,,,Y,,Y,Y,,,Y,Y,Y,272,Y,,Y,Y,1,11,N1,21,3,2,3,5,10,,15,8,,,8,,8,,,2,,,,11,,16,14,3,4,2,4,43,13,24,12,3,10,,,508,,,,,0,,,,,,,,,,,,Y,Y,A2200009,7
2026-07-26 06:43:04,data_go_kr,강원특별자치도,A2200011,강원특별자치도강릉의료원,4,20260726064001,033-610-1234,,,,,,,,,,,,,,,,20,,,,,1,,,,,,,,,,,5,,,Y,,,,,,Y,N1,,,N1,Y,N1,19,N1,0,N1,Y,,2,N1,5,,,1,,,,,,,,,,,,8,,,,,2,,,5,,1,1,,4,,,,,,,,122,,,,,,,,,,,,,20,,,,Y,N1,A2200011,8
2026-07-26 06:43:04,data_go_kr,강원특별자치도,A2200003,의료법인동해동인병원,9,20260726064005,033-530-0129,,,,,,,,,,,,,,,,,,,,,1,,,,,1,,,,,57,,,,Y,,,,,,Y,N1,,,N1,Y,N1,33,N1,9,N1,Y,,2,N1,10,,,1,,,,,,,,,,,,19,1,,,,2,,110,,,1,1,,7,,,,,,,,178,,,,,,,,,,,,,,,,,Y,N1,A2200003,9
2026-07-26 06:43:04,data_go_kr,강원특별자치도,A2200046,의료법인온세움의료재단온재병원,2,20260726064004,033-639-8988,,,,,,,,,,,,,,,,,,,,,1,,,,,,,,,,29,,,,Y,,,,,,Y,N1,,,N1,Y,N1,26,N1,0,N1,Y,,4,N1,9,,,1,,,,,,,,,,,,15,,,,,4,,59,,,1,1,,5,,,,,,,,219,,,,,,,,,,,,,,,,,Y,N1,A2200046,10
2026-07-26 06:43:04,data_go_kr,강원특별자치도,A2200037,의료법인성심의료재단양구성심병원,4,20260726064005,033-480-8816,,Y,,,,,,,,,,,,,,,,,1,,,,,,,,,,,,,,Y,,Y,,,,,,Y,N1,,,N1,Y,N1,39,N1,,Y,N1,,,N1,5,,1,,,,,,,,,,,,,,,,,,,,,,1,1,,,1,,1,,,,,,52,,,,,,,,,,,,,,,,,Y,N1,A2200037,11
2026-07-26 06:43:04,data_go_kr,강원특별자치도,A2200002,강원특별자치도영월의료원,9,20260726064002,033-370-9129,,Y,,,,,,,,,,,,,,,1,,,,,,,,,0,,,,,,2,Y,,Y,,,,,,Y,N1,,,N1,Y,N1,44,N1,0,Y,Y,,2,N1,9,,,,,,,,,,,,,,,10,2,,,,2,,,2,1,1,1,,7,,3,,,,,,174,,,,,,,,,,,,,,1,,,Y,N1,A2200002,12
2026-07-26 06:43:04,data_go_kr,강원특별자치도,A2200015,강원특별자치도원주의료원,17,20260726064002,033-760-4701,,,,,,,,,,,,,,,,,,,1,,2,,,,,,,,,,,,,,Y,,,,,,Y,N1,,,N1,Y,N1,50,N1,0,N1,Y,,3,N1,17,,1,2,,,,,,,,,,,,20,,,,,3,,,,,1,1,,7,,,,,,,,259,,,,,,,,,,,,,,,,,Y,N1,A2200015,13
2026-07-26 06:43:04,data_go_kr,강원특별자치도,A2200024,의료법인성지의료재단성지병원,6,20260726063523,033-760-3119,,,,,,,,,,,,,,,,13,,,,,1,,,,,,,,,,,,,,Y,,,,,,Y,N1,,,N1,Y,N1,-63,N1,9,N1,Y,,4,N1,7,,,1,,,,,,,,,,,,9,,,,,4,,,,,1,2,,4,,,,,,,,135,,,,,,,,,,,,,13,,,,Y,N1,A2200024,14
2026-07-26 06:43:04,data_go_kr,강원특별자치도,A2200048,근로복지공단정선병원,5,20260726063600,033-560-7150,,,,,,,,,,,,,,,,,,,,,1,,,,,,,,,,,,,,Y,,,,,,Y,N1,,,N1,Y,N1,46,N1,,N1,N1,,,N1,5,,,1,,,,,,,,,,,,,,,,,,,,,,1,,,3,,,,,,,,149,,,,,,,,,,,,,,,,,Y,N1,A2200048,15
2026-07-26 06:43:04,data_go_kr,강원특별자치도,A2201730,철원병원,5,20260726064001,033-452-5012,N,Y,,,,,,,,,,,,,,,,,1,,,,,,,,,,,,,,Y,N,Y,,,,N,,Y,N,,,N,Y,N,36,N,,Y,Y,,2,N,5,,1,,,,,,,,,,,,,,,,,,2,,,,1,1,1,0,1,0,1,0,0,0,0,0,68,,,,,,,,,,,,,,,,,Y,N,A2201730,16
2026-07-26 06:43:04,data_go_kr,강원특별자치도,A2200004,근로복지공단태백병원,9,20260726063900,033-580-3119,,,,,,,,,,,,,,,,,,,1,,,,,,,1,,,,,,,Y,,Y,,,,,,Y,N1,,,N1,Y,N1,66,N1,4,N1,Y,,2,N1,9,,1,,,,,,,,,,,,,9,1,,,,2,,,,1,1,1,,8,,,,,,,,223,,,,,,,,,,,,,,,,,Y,N1,A2200004,17
2026-07-26 06:43:04,data_go_kr,강원특별자치도,E2200026,평창군보건의료원,6,20260726064001,033-330-4812,,,,,,,,,,,,,,,,,,,,,1,,,,,,,,,,,,,,Y,,,,,,Y,N1,,,N1,Y,N1,20,N1,,N1,N1,,,N1,6,,,1,,,,,,,,,,,,,,,,,,,,,,1,,,1,,,,,,,,20,,,,,,,,,,,,,,,,,Y,N1,E2200026,18
2026-07-26 06:43:04,data_go_kr,강원특별자치도,A2200014,홍천아산병원,9,20260726063501,033-430-5119,,,,,,,,,,,,,,,,,,,,,,,,,,,,,,,,,,,Y,,,,,,Y,N1,,,N1,Y,N1,8,N1,0,N1,Y,,2,N1,10,,,,,,,,,,,,,,,7,,,,,2,,,,,1,1,,4,,,,,,,,128,,,,,,,,,,,,,,,,,Y,N1,A2200014,19
2026-07-26 06:43:04,data_go_kr,강원특별자치도,E2200025,화천군보건의료원,7,20260726064001,033-440-2880,,,,,,,,,,,,,,,,,,,,,1,,,,,,,,,,,,,,,,,,,,Y,N1,,,N1,N1,N1,16,N1,,N1,N1,,,N1,7,,,1,,,,,,,,,,,,,,,,,,,,,,,,,1,,,,,,,,16,,,,,,,,,,,,,,,,,Y,N1,E2200025,20
2026-07-26 06:43:04,data_go_kr,강원특별자치도,A2200016,횡성대성병원,9,20260726063946,033-345-1191,,,,,,,,,,,,,,,,,,,,,1,,,,,,,,,,,,,,Y,,,,,,Y,N1,,,N1,Y,N1,29,N1,,N1,Y,,1,N1,9,,,1,,,,,,,,,,,,,,,,,1,,,,,1,1,,1,,,,,,,,114,,,,,,,,,,,,,,,,,Y,N1,A2200016,21
2026-07-26 06:43:04,data_go_kr,충청북도,A2300001,충북대학교병원,28,20260726064000,043-269-6114,Y,Y,2,3,,,,0,,2,,,,,,,,6,,,,2,,,,2,30,,12,2,5,12,Y,,Y,,2,6,Y,16,Y,Y,3,,Y,Y,Y,258,Y,8,Y,Y,14,16,N1,30,8,,,18,8,,25,,,4,,20,,,17,5,40,,40,16,2,21,13,2,4,4,6,98,13,31,18,10,17,,,547,2,3,,,,2,,,,,,,,,2,6,Y,Y,A2300001,1
2026-07-26 06:43:04,data_go_kr,충청북도,A2300009,의료법인명지의료재단명지병원,16,20260726063732,043-640-8117,,,,,,,,,,,,,,,,,,3,2,,4,2,,,,3,,,,,,,,,Y,,,,Y,,Y,Y,,,Y,Y,Y,81,N1,5,N1,Y,,3,N1,18,3,2,4,2,,,,,,,,,,,15,3,,,,3,,,,,2,1,1,10,,,2,1,,,,201,,,,,,,,,,,,,,,,,Y,N1,A2300009,2
2026-07-26 06:43:04,data_go_kr,충청북도,A2300005,의료법인자산의료재단제천서울병원,12,20260726063656,043-643-2327,,,,,,,,,,,,,,,,,,,1,,3,,,,,,2,,,,,,,,Y,,,,,,Y,N1,,,Y,Y,N1,32,N1,0,N1,Y,,3,Y,15,,1,4,,,,,,,,,,,,11,,5,,,3,,,,,1,1,,10,,,1,,,,1,202,,,,,,,,,,,,,,,,,Y,N1,A2300005,3
2026-07-26 06:43:04,data_go_kr,충청북도,A2300013,의료법인 건명의료재단 중앙제일병원,16,20260726063550,043-537-9119,,,,,,,,,,,,,,,,,,,3,,,,,,,4,,,,,,31,,,Y,,,,,,Y,N1,,,Y,Y,N1,61,N1,4,N1,Y,,5,N1,17,,3,,,,,,,,,,,,,12,6,,,,5,,,31,,2,2,,6,,,1,,,,,192,,,,,,,,,,,,,,,,,Y,N1,A2300013,4
2026-07-26 06:43:04,data_go_kr,충청북도,A2300007,의료법인인화재단한국병원,11,20260726063710,043-222-6177,,Y,,,,,,,,,,,,,,,3,,1,,2,,,,,1,,,,,,1,Y,,Y,,,,Y,,Y,Y,,,Y,Y,N1,67,N1,0,Y,Y,,8,N1,14,,1,2,,,,,,,,,,,,24,1,,,,8,,,1,1,3,3,2,18,,1,3,,,,,403,,,,,,,,,,,,,,3,,,Y,N1,A2300007,5
2026-07-26 06:43:04,data_go_kr,충청북도,A2300003,의료법인정산의료재단효성병원,17,20260726063714,043-221-2192,,N,,,,,,,,,,,,,,,,,1,,4,0,,,,0,2,,,,,,Y,,Y,,,,Y,,Y,Y,,,Y,Y,N1,68,N1,2,N,Y,,4,Y,18,,1,4,2,,,,,,,,,,,27,2,3,,,4,,,,1,3,4,2,19,,1,2,,,,1,363,,,,,,,,,,,,,,,,,Y,N1,A2300003,6
2026-07-26 06:43:04,data_go_kr,충청북도,A2300008,청주성모병원,9,20260726064012,043-219-8119,,Y,,,,,,,,3,,,,,,,,,2,4,3,2,,,,1,4,,,,,8,Y,,Y,,,,Y,,Y,Y,,,Y,Y,N1,117,N1,,Y,Y,,8,N1,15,,2,5,2,13,12,,,,,,,,,,1,4,,,8,,,30,1,3,2,2,19,,2,2,,,,,358,,,,,,,,,,,,,,,,,Y,N1,A2300008,7
2026-07-26 06:43:04,data_go_kr,충청북도,A2300002,의료법인한마음의료재단하나병원,6,20260726063857,043-230-6594,,,,,,,,,,,,,,,,,9,,1,,2,,,,,1,,,,,,,,,Y,,,,Y,,Y,Y,,,Y,Y,N1,141,N1,1,N1,Y,,7,Y,11,,1,2,,,,,,,,,,,,24,2,,,,7,,,,,3,3,2,20,,,4,,,,1,463,,,,,,,,,,,,,,9,,,Y,N1,A2300002,8
2026-07-26 06:43:04,data_go_kr,충청북도,A2300010,건국대학교충주병원,14,20260726064001,043-840-8330,Y,Y,,,,,,,,,,,,,,,,,1,,2,,,,,,,,,,,0,Y,,Y,,,,Y,,Y,Y,,,Y,Y,Y,86,N1,8,Y,Y,,5,N1,20,,1,2,,,,,,,,,,,,18,,,,,5,,,1,1,2,1,2,11,1,4,3,1,,,,194,,,,,,,,,,,,,,,,,Y,Y,A2300010,9
2026-07-26 06:43:04,data_go_kr,충청북도,A2300034,의료법인대광의료재단괴산성모병원,9,20260726063544,043-830-5419,,,,,,,,,,,,,,,,,,,,,0,,,,,,,,,,,,,,Y,,,,,,Y,N1,,,N1,Y,N1,5,N1,,N1,Y,,1,N1,9,,,1,,,,,,,,,,,,,,,,,1,,,,,1,1,,3,,,,,,,,153,,,,,,,,,,,,,,,,,Y,N1,A2300034,10
2026-07-26 06:43:04,data_go_kr,충청북도,E2300011,단양군보건의료원,6,20260726064001,043-420-0139,,,,,,,,,,,,,,,,,,,1,,,,,,,,,,,,,2,,,Y,,,,,,Y,N1,,,N1,Y,N1,14,N1,,N1,N1,,,N1,6,,1,,,,,,,,,,,,,,,,,,,,,2,,1,,,1,,,,,,,,14,,,,,,,,,,,,,,,,,Y,N1,E2300011,11
2026-07-26 06:43:04,data_go_kr,충청북도,A2300030,의료법인조윤의료재단영동병원,10,20260726063505,043-740-9333,,Y,,,,,,,,,,,,,,,,,,,,,,,,,,,,,,,Y,,Y,,,,,,Y,N1,,,N1,Y,N1,32,N1,,Y,Y,,2,N1,10,,,,,,,,,,,,,,,,,,,,2,,,,1,1,1,,3,,1,,,,,,161,,,,,,,,,,,,,,,,,Y,N1,A2300030,12
2026-07-26 06:43:04,data_go_kr,충청북도,A2300011,의료법인힐링의료재단옥천성모병원,7,20260726063613,043-730-7119,,,,,,,,,,,,,,,,,,,2,,1,,,,,,,,,,,,,,Y,,,,,,Y,N1,,,N1,Y,N1,22,N1,0,N1,Y,,2,N1,7,,2,1,,,,,,,,,,,,7,,,,,2,,,,,1,1,,4,,,,,,,,157,,,,,,,,,,,,,,,,,Y,N1,A2300011,13
2026-07-26 06:43:04,data_go_kr,충청북도,A2300006,충청북도청주의료원,11,20260726064001,043-279-0119,,Y,,,,,,,,,,,,,,,3,,1,,,,,,,2,,,,,90,6,Y,,Y,,,,Y,,Y,Y,,,Y,Y,N1,152,N1,18,Y,Y,,5,N1,12,,1,,,,,,,,,,,,,21,3,,,,5,,90,6,1,1,2,1,11,,1,1,,,,,359,,,,,,,,,,,,,,3,,,Y,N1,A2300006,14
2026-07-26 06:43:04,data_go_kr,충청북도,A2300004,충청북도충주의료원,18,20260726064002,043-871-0119,,,,,,,,,,,,,,,,,,,1,,2,,,,,,,,,,,,,,Y,,,,Y,,Y,Y,,,Y,Y,N1,130,N1,4,N1,Y,,4,N1,18,,1,2,,,,,,,,,,,,12,,,,,4,,,,,1,1,1,8,,,1,,,,,282,,,,,,,,,,,,,,,,,Y,N1,A2300004,15
2026-07-26 06:43:04,data_go_kr,충청남도,A2400002,단국대학교의과대학부속병원,13,20260726064000,041-550-6840,Y,Y,2,2,,,,0,,,,,,3,,,,4,,0,1,0,,,,0,20,,5,2,11,1,Y,,Y,2,2,6,Y,2,Y,Y,,,Y,Y,Y,231,Y,,Y,Y,-3,13,Y,25,4,,1,18,,13,25,,,,13,20,,,,1,30,,40,13,2,20,8,3,4,3,6,6,14,29,15,7,17,,1,640,2,2,,,,2,,,,,7,,,,2,6,Y,Y,A2400002,1
2026-07-26 06:43:04,data_go_kr,충청남도,A2400001,학교법인동은학원순천향대학교부속천안병원,16,20260726063624,041-590-7019,Y,Y,,,1,3,1,,,12,,,,,,,,14,4,9,3,6,,2,,4,9,4,,,,3,Y,Y,Y,,,,Y,,Y,Y,,,Y,Y,Y,210,Y,,Y,Y,2,19,Y,22,14,4,3,17,18,15,38,,2,,,,,,,6,30,6,,19,,,14,11,6,4,6,60,16,37,6,6,10,1,1,713,,,1,3,1,,,,,,,,,,,,Y,Y,A2400001,2
2026-07-26 06:43:04,data_go_kr,충청남도,A2400009,의료법인백제병원,19,20260726063817,041-730-8882,,,,,,,,,,,,,,,,,,,1,,2,,,,,,,,,,19,,,,Y,,,,Y,,Y,Y,,,Y,Y,N1,13,N1,-1,N1,Y,,4,N1,20,,1,2,,,,,,,,,,,,26,,,,,4,,49,,,2,2,1,11,,,3,,,,,398,,,,,,,,,,,,,,,,,Y,N1,A2400009,3
2026-07-26 06:43:04,data_go_kr,충청남도,A2400008,당진종합병원,12,20260726063940,041-358-3624,,,,,,,,,,,,,,,,,,,1,,2,,,,,,,,,,,,,,Y,,,,Y,,Y,Y,,,Y,Y,N1,95,N1,1,N1,Y,,4,N1,17,,1,2,,,,,,,,,,,,13,,,,,4,,,,,2,2,1,5,,,1,,,,,246,,,,,,,,,,,,,,,,,Y,N1,A2400008,4
2026-07-26 06:43:04,data_go_kr,충청남도,A2400011,재단법인아산사회복지재단보령아산병원,16,20260726063500,041-930-5333,,,,,,,,,,,,,,,,,,,1,,2,,,,,,,,,,,,,,Y,,,,,,Y,N1,,,N1,Y,N1,77,N1,3,N1,Y,,2,N1,17,,1,2,,,,,,,,,,,,8,,,,,2,,,,,1,1,,4,,,,,,,,221,,,,,,,,,,,,,,,,,Y,N1,A2400011,5
2026-07-26 06:43:04,data_go_kr,충청남도,A2400003,서산중앙병원,17,20260726063504,041-661-1195,,,,,,,,,,,,,,,,,,,1,,2,,,,,,,,,,,,,,Y,,,,,,Y,N1,,,Y,Y,N1,44,N1,7,N1,Y,,4,N1,17,,1,2,,,,,,,,,,,,17,,,,,4,,,,,1,1,,7,,,1,,,,,288,,,,,,,,,,,,,,,,,Y,N1,A2400003,6
2026-07-26 06:43:04,data_go_kr,충청남도,A2400006,충청남도서산의료원,14,20260726063601,041-689-7119,,,,,,,,,,,,,,,,,,,1,,2,0,,,,,2,,,,,5,,,Y,,,,,,Y,N1,,,N1,Y,N1,23,N1,0,N1,Y,,3,N1,17,,1,2,2,,,,,,,,,,,8,,4,,,3,,,5,,2,1,,10,,,,,,,,259,,,,,,,,,,,,,,,,,Y,N1,A2400006,7
2026-07-26 06:43:04,data_go_kr,충청남도,A2402257,아산충무병원,10,20260726063741,041-536-6519,,,1,7,,,,,,,,,,5,,,,,,,,,,,,1,,,,,,,Y,,Y,,,,Y,,Y,Y,,,Y,Y,Y,170,Y,10,N1,Y,,4,N1,13,,,,,,,,,,,,,,,22,2,,,,4,,,,1,2,2,3,27,,,4,2,1,,,456,1,7,,,,,,,,,5,,,,,,Y,N1,A2402257,8
2026-07-26 06:43:04,data_go_kr,충청남도,A2400012,의료법인영서의료재단천안충무병원,13,20260726063814,041-570-7519,,,,,,,,,,,,,,,,,,,1,,4,,,,,0,,,,,,,,,Y,0,,,Y,,Y,Y,,,Y,Y,Y,53,N1,1,N1,Y,,5,N1,16,,1,4,,,,,,,,7,,,,19,3,,,,5,,,,,2,2,3,26,,,3,3,,,,333,,,,,,,,,,,,,,,,,Y,N1,A2400012,9
2026-07-26 06:43:04,data_go_kr,충청남도,A2400007,충청남도홍성의료원,14,20260726063901,041-630-6119,,,,,,,,,,,,,,,,,,1,1,,2,2,,,,1,3,,,,3,1,Y,,Y,,,,N,,Y,N,,,Y,Y,N1,86,N1,5,N1,Y,,4,N,18,1,1,2,2,,,,,,,,,,,22,1,3,,,4,,49,1,1,2,2,1,10,,,1,,,,2,260,,,,,,,,,,,,,,,,,Y,N1,A2400007,10
2026-07-26 06:43:04,data_go_kr,충청남도,A2400010,충청남도공주의료원,12,20260726063601,041-962-1365,,,,,,,,,,,,,,,,,,,,,1,,,,,,,,,,,5,,,Y,,,,,,Y,N1,,,Y,Y,N1,58,N1,3,N1,Y,,6,N1,15,,,1,,,,,,,,,,,,16,,,,,6,,,6,,1,1,,9,,,2,,,,,273,,,,,,,,,,,,,,,,,Y,N1,A2400010,11
2026-07-26 06:43:04,data_go_kr,충청남도,A2400038,학교법인건양교육재단건양대학교부여병원,6,20260726063847,041-837-1201,,,,,,,,,,,,,,,,,,,,,1,,,,,,,,,,,,,,Y,,,,,,Y,N1,,,N1,Y,N1,22,N1,,N1,N1,,1,N1,9,,,1,,,,,,,,,,,,,,,,,1,,,,,1,,,1,,,,,,,,55,,,,,,,,,,,,,,,,,Y,N1,A2400038,12
2026-07-26 06:43:04,data_go_kr,충청남도,A2400044,의료법인 서해병원,5,20260726063838,041-950-0219,,,,,,,,,,,,,,,,,,,,,2,,,,,,,,,,,,,,Y,,,,,,Y,N1,,,N1,Y,N1,20,N1,,N1,N1,,,N1,5,,,2,,,,,,,,,,,,,,,,,,,,,,1,,,1,,,,,,,,79,,,,,,,,,,,,,,,,,Y,N1,A2400044,13
2026-07-26 06:43:04,data_go_kr,충청남도,A2400039,현대병원,5,20260726064001,041-546-7744,N,N,,,,,,,,,,,,,,,,,,,1,,,,,,,,,,,,N,N,Y,0,,,N,,Y,N,,,N,Y,N,7,N,2,N,Y,,3,N,10,,,1,,,,,,,,0,,,,7,,,,,3,,,,0,1,1,0,3,0,0,0,0,0,0,0,84,,,,,,,,,,,,,,,,,Y,N,A2400039,14
2026-07-26 06:43:04,data_go_kr,충청남도,A2400004,의료법인 예당의료재단 예산종합병원,6,20260726064009,041-330-4119,,,,,,,,,,,,,,,,,,,,,1,,,,,,,,,,,,,,Y,,,,,,Y,N1,,,N1,Y,N1,2,N1,4,N1,Y,,0,N1,6,,,1,,,,,,,,,,,,9,,,,,0,,,,,0,0,,0,,,,,,,,88,,,,,,,,,,,,,,,,,Y,N1,A2400004,15
2026-07-26 06:43:04,data_go_kr,충청남도,A2400005,충청남도천안의료원,11,20260726064001,041-570-7119,,,,,,,,,,,,,,,,6,,,,,1,,,,,,,,,,,,,,Y,,,,,,Y,N1,,,N1,Y,N1,63,N1,6,N1,Y,,4,N1,12,,,1,,,,,,,,,,,,15,,,,,4,,,,,1,1,,10,,,,,,,,241,,,,,,,,,,,,,6,,,,Y,N1,A2400005,16
2026-07-26 06:43:04,data_go_kr,충청남도,E2400032,청양군보건의료원,4,20260726064001,041-940-4951,,,,,,,,,,,,,,,,,,,,,1,,,,,,,,,,,,,,Y,,,,,,Y,N1,,,N1,Y,N1,12,N1,,N1,N1,,1,N1,6,,,1,,,,,,,,,,,,,,,,,1,,,,,1,,,1,,,,,,,,12,,,,,,,,,,,,,,,,,Y,N1,E2400032,17
2026-07-26 06:43:04,data_go_kr,충청남도,E2400033,태안군보건의료원,10,20260726064001,041-671-5319,,,,,,,,,,,,,,,,,,,,,1,,,,,,,,,,,,,,Y,,,,,,Y,N1,,,N1,Y,N1,22,N1,,N1,N1,,,N1,10,,,1,,,,,,,,,,,,,,,,,,,,,,1,,,1,,,,,,,,34,,,,,,,,,,,,,,,,,Y,N1,E2400033,18
2026-07-26 06:43:04,data_go_kr,전북특별자치도,A2500001,원광대학교병원,9,20260726064017,063-859-1165,Y,Y,2,3,,,,2,,1,,,,,,,,3,,5,,7,,,5,1,16,,16,2,4,1,Y,,Y,,2,6,Y,7,Y,Y,,,Y,Y,Y,181,Y,4,Y,Y,2,15,Y,26,3,,,18,8,15,15,,,,,20,8,,15,7,31,,40,15,2,30,2,1,5,4,5,11,12,20,8,4,1,,2,543,2,3,,,,2,,,,,,,,,2,6,Y,Y,A2500001,1
2026-07-26 06:43:04,data_go_kr,전북특별자치도,A2500002,전북대학교병원,15,20260726063814,063-250-1131,Y,Y,2,5,,,2,1,,2,,,,,,,,3,,3,,4,5,,6,1,9,,,,3,15,Y,,Y,6,,,Y,,Y,Y,,,Y,Y,Y,334,Y,,Y,Y,23,21,N1,36,5,,,17,10,8,25,10,,,18,,11,,,2,30,,,21,,23,15,3,1,2,5,11,15,22,4,2,1,,,834,2,5,,,2,1,,,,,,,,,,,Y,Y,A2500002,2
2026-07-26 06:43:04,data_go_kr,전북특별자치도,A2500007,전북특별자치도군산의료원,10,20260726063703,063-472-5130,,Y,,,,,,,,,,,,,,,,,1,,2,1,,,,2,3,,,,,,Y,,Y,,,,,,Y,N1,,,N1,Y,N1,94,N1,9,Y,Y,,6,N1,17,,1,2,2,,,,,,,,,,,18,2,3,,,6,,,,1,1,1,,18,,2,,,,,,289,,,,,,,,,,,,,,,,,Y,N1,A2500007,3
2026-07-26 06:43:04,data_go_kr,전북특별자치도,A2500012,의료법인오성의료재단동군산병원,13,20260726064014,063-440-0516,,,,,,,,,,,,,,,,0,,,1,,5,0,,,,,1,,,,,,,,Y,,,,Y,,Y,Y,,,Y,Y,N1,27,N1,8,N1,Y,,6,N1,17,,1,5,2,,,,,,,,,,,24,,3,,,6,,,,,2,2,2,13,,,2,,,,,262,,,,,,,,,,,,,0,,,,Y,N1,A2500012,4
2026-07-26 06:43:04,data_go_kr,전북특별자치도,A2500004,전북특별자치도남원의료원,16,20260726064001,063-620-1119,,Y,,,,,,,,,,,,,,,,,1,,2,,,,,1,,,,,,,Y,,Y,,,,,,Y,N1,,,N1,Y,N1,38,N1,4,Y,Y,,3,N1,17,,1,2,,,,,,,,,,,,9,1,,,,3,,,,3,2,1,,10,,1,,,,,,190,,,,,,,,,,,,,,,,,Y,N1,A2500004,5
2026-07-26 06:43:04,data_go_kr,전북특별자치도,A2500011,의료법인대산의료재단익산병원,12,20260726064005,063-840-9112,,,,,,,,,,,,,,,,,,,1,,2,,,,,0,,,,,,,,,Y,,,,Y,,Y,Y,,,N1,Y,N1,60,N1,8,N1,Y,,5,N1,17,,1,2,,,,,,,,,,,,17,1,,,,5,,,,,2,2,1,7,,,,,,,,333,,,,,,,,,,,,,,,,,Y,N1,A2500011,6
2026-07-26 06:43:04,data_go_kr,전북특별자치도,A2500056,대자인병원,28,20260726063907,063-250-8701,,,,,,,,,,,,,,,,,,,1,8,2,,,,,0,,,,,,,,Y,Y,,,,Y,,Y,Y,,,Y,Y,Y,34,N1,0,N1,Y,,15,Y,33,,1,2,,,36,,,,,,,,,15,4,,,,15,,,,,4,3,2,12,,,4,2,,1,1,45,,,,,,,,,,,,,,,,,Y,N1,A2500056,7
2026-07-26 06:43:04,data_go_kr,전북특별자치도,A2500006,재단법인예수병원유지재단예수병원,20,20260726063825,063-230-8280,Y,Y,,,1,1,,,,,,,,,,,,4,1,,1,,,2,,4,,5,,,,1,Y,,Y,0,,,Y,,Y,Y,,,Y,Y,Y,169,N1,8,Y,Y,2,14,Y,38,10,1,2,,,,12,,2,,14,,,,23,4,,6,,14,,,5,4,4,3,4,40,6,11,7,2,,,2,685,,,1,1,,,,,,,,,,,,,Y,Y,A2500006,8
2026-07-26 06:43:04,data_go_kr,전북특별자치도,A2500005,의료법인영경의료재단전주병원,5,20260726063624,063-226-6119,,,,,,,,,,,,,,,,,,,1,,2,,,,,,,,,,,,,,Y,,,,,,Y,N1,,,Y,Y,N1,47,N1,3,N1,Y,,5,N1,17,,1,2,,,,,,,,,,,,9,,,,,5,,,,,1,2,,6,,,1,,,,,275,,,,,,,,,,,,,,,,,Y,N1,A2500005,9
2026-07-26 06:43:04,data_go_kr,전북특별자치도,A2500008,재단법인 아산사회복지재단 정읍아산병원,16,20260726063501,063-530-6129,,,,,,,,,,,,,,,,,,,1,,2,,,,,,,,,,,,,,Y,,,,,,Y,N1,,,N1,Y,N1,77,N1,1,N1,Y,,3,N1,17,,1,2,,,,,,,,,,,,11,,,,,3,,,,,1,1,,5,,,,,,,,276,,,,,,,,,,,,,,,,,Y,N1,A2500008,10
2026-07-26 06:43:04,data_go_kr,전북특별자치도,A2500009,의료법인석천재단고창병원,9,20260726063742,063-560-5558,,,,,,,,,,,,,,,,,,,,,1,,,,,,,,,,,,,,Y,,,,,,Y,N1,,,N1,Y,N1,0,N1,,N1,Y,,2,N1,10,,,1,,,,,,,,,,,,,,,,,2,,,,,1,1,,4,,,,,,,,258,,,,,,,,,,,,,,,,,Y,N1,A2500009,11
2026-07-26 06:43:04,data_go_kr,전북특별자치도,A2500038,김제우석병원,10,20260726063718,063-540-5119,,,,,,,,,,,,,,,,,,,,,1,,,,,,,,,,,,,,Y,,,,,,Y,N1,,,N1,Y,N1,74,N1,,N1,Y,,2,N1,10,,,1,,,,,,,,,,,,,,,,,2,,,,,1,1,,1,,,,,,,,200,,,,,,,,,,,,,,,,,Y,N1,A2500038,12
2026-07-26 06:43:04,data_go_kr,전북특별자치도,E2500019,무주군보건의료원,4,20260726064001,063-320-8315,,,,,,,,,,,,,,,,,,,,,1,,,,,,,,,,,,,,Y,,,,,,Y,N1,,,N1,Y,N1,24,N1,,N1,N1,,,N1,4,,,1,,,,,,,,,,,,,,,,,,,,,,1,,,1,,,,,,,,24,,,,,,,,,,,,,,,,,Y,N1,E2500019,13
2026-07-26 06:43:04,data_go_kr,전북특별자치도,A2500010,부안성모병원,8,20260726063211,063-580-8119,,,,,,,,,,,,,,,,,,,,,2,,,,,,,,,,,,,,Y,,,,,,Y,N1,,,N1,Y,N1,14,N1,9,N1,Y,,3,N1,10,,,2,,,,,,,,,,,,9,,,,,3,,,,,1,1,,2,,,,,,,,240,,,,,,,,,,,,,,,,,Y,N1,A2500010,14
2026-07-26 06:43:04,data_go_kr,전북특별자치도,E2500021,순창군보건의료원,9,20260726064001,063-650-5352,,,,,,,,,,,,,,,,,,,,,1,,,,,,,,,,,,,,Y,,,,,,Y,N1,,,N1,Y,N1,30,N1,,N1,N1,,,N1,9,,,1,,,,,,,,,,,,,,,,,,,,,,1,,,1,,,,,,,,30,,,,,,,,,,,,,,,,,Y,N1,E2500021,15
2026-07-26 06:43:04,data_go_kr,전북특별자치도,E2500022,임실군보건의료원,4,20260726064001,063-640-3119,,,,,,,,,,,,,,,,,,,,,1,,,,,,,,,,,,,,Y,,,,,,Y,N1,,,N1,Y,N1,,N1,,N1,N1,,,N1,4,,,1,,,,,,,,,,,,,,,,,,,,,,1,,,1,,,,,,,,,,,,,,,,,,,,,,,,,Y,N1,E2500022,16
2026-07-26 06:43:04,data_go_kr,전북특별자치도,E2500020,장수군보건의료원,5,20260726064001,063-350-2119,,,,,,,,,,,,,,,,,,,,,1,,,,,,,,,,,,,,,,,,,,Y,N1,,,N1,N1,N1,20,N1,,N1,N1,,,N1,5,,,1,,,,,,,,,,,,,,,,,,,,,,,,,1,,,,,,,,22,,,,,,,,,,,,,,,,,Y,N1,E2500020,17
2026-07-26 06:43:04,data_go_kr,전북특별자치도,A2501890,의료법인영경의료재단호성전주병원,8,20260726063906,063-240-8862,,,,,,,,,,,,,,,,,,,,,1,,,,,,,,,,,,,,Y,,,,,,Y,N1,,,N1,Y,N1,5,N1,,N1,Y,,2,N1,9,,,1,,,,,,,,,,,,,,,,,2,,,,,1,1,,1,,,,,,,,122,,,,,,,,,,,,,,,,,Y,N1,A2501890,18
2026-07-26 06:43:04,data_go_kr,전북특별자치도,A2502742,새강병원,13,20260726063935,063-289-9119,,,0,0,,0,0,,,0,,,,,,,,3,1,0,2,0,,,,3,,0,,0,,0,,,Y,,,,,,Y,N1,,,N1,Y,N1,86,N1,16,N1,Y,,5,N1,14,3,1,2,0,0,0,,,,,,,,,16,3,,0,,5,0,,0,,1,1,,1,,,,,,,,201,0,0,,0,0,,,,,,,,,,,,Y,N1,A2502742,19
2026-07-26 06:43:04,data_go_kr,전북특별자치도,A2502031,진안군의료원,6,20260726064002,063-430-7119,,,,,,,,,,,,,,,,,,,,,2,,,,,,,,,,,,,,Y,,,,,,Y,N1,,,N1,Y,N1,32,N1,,N1,Y,,2,N1,6,,,2,,,,,,,,,,,,,,,,,2,,,,,1,1,,3,,,,,,,,74,,,,,,,,,,,,,,,,,Y,N1,A2502031,20
2026-07-26 06:43:04,data_go_kr,경상북도,A2700007,차의과학대학교부속구미차병원,11,20260726064006,054-450-9998,Y,Y,,,,,0,,,,,,,,,,,4,3,,3,0,,,,,8,,,,,,Y,Y,Y,,,,Y,,Y,Y,,,Y,Y,Y,73,Y,0,Y,Y,0,8,N1,20,5,3,3,25,,,8,,,,,,,,18,,30,,,8,,,,3,3,2,2,21,3,13,2,1,2,1,,301,,,,,3,,,,,,,,,,,,Y,Y,A2700007,1
2026-07-26 06:43:04,data_go_kr,경상북도,A2700014,의료법인안동병원,12,20260726064000,054-840-0119,Y,Y,2,3,,,1,,,4,,,,,,,,2,,,,3,,,,0,10,,5,2,0,4,Y,Y,Y,,2,6,Y,0,Y,Y,,,Y,Y,Y,138,Y,1,Y,Y,10,11,Y,15,3,,,19,20,,10,,,,,20,,,13,3,30,,40,11,2,34,6,3,6,3,5,67,3,12,14,4,13,1,1,775,2,3,,,1,,,,,,,,,,2,6,Y,Y,A2700014,2
2026-07-26 06:43:04,data_go_kr,경상북도,A2700016,포항성모병원,15,20260726064013,054-260-8600,Y,Y,2,3,,,,3,6,,,,,,,,,11,,,,4,,,,1,2,,,,,1,Y,Y,Y,,,,Y,,Y,Y,,,Y,Y,Y,83,Y,7,Y,Y,,9,Y,20,11,,,15,,,,,,,,,,,16,1,17,,,9,,,1,1,3,2,2,25,1,6,4,1,2,1,3,468,2,3,,,,5,13,,,,,,,,,,Y,Y,A2700016,3
2026-07-26 06:43:04,data_go_kr,경상북도,A2700003,동국대학교의과대학경주병원,12,20260726064036,054-770-8306,Y,Y,,,,,,,,1,,,,,,,,3,2,3,5,,,,,3,,,,,11,1,Y,,Y,,,,Y,,Y,Y,,,Y,Y,N1,93,N1,0,Y,Y,,6,N1,16,3,2,5,,11,17,,,,,,,,,7,4,,,,7,,20,3,1,2,2,2,26,2,6,3,,,,,279,,,,,,,,,,,,,,,,,Y,Y,A2700003,4
2026-07-26 06:43:04,data_go_kr,경상북도,A2700013,순천향대학교부속구미병원,10,20260726063623,054-468-9119,,Y,,,,,,,,,,,,,,,,4,1,,2,0,,,,2,0,,,,,1,Y,,Y,,,,Y,,Y,Y,,,Y,Y,N1,51,N1,3,Y,Y,,6,N1,13,4,1,2,2,,,,,,,,,,,31,2,3,,,6,,,1,1,2,2,2,20,,1,2,,,,,263,,,,,,,,,,,,,,,,,Y,N1,A2700013,5
2026-07-26 06:43:04,data_go_kr,경상북도,A2700012,의료법인덕산의료재단김천제일병원,16,20260726063612,054-420-9500,,,,,,,,,,,,,,,,,,,1,,3,0,,,,,3,,,,,,Y,,Y,,,,Y,,Y,Y,,,Y,Y,N1,79,N1,7,N1,Y,,4,Y,16,,1,3,2,,,,,,,,,,,16,,3,,,4,,,,3,1,1,1,10,,,1,,,,1,276,,,,,,,,,,,,,,,,,Y,N1,A2700012,6
2026-07-26 06:43:04,data_go_kr,경상북도,A2700006,의료법인동춘의료재단문경제일병원,15,20260726063500,054-550-7777,,,,,,,,,,,,,,,,,,,1,,1,2,,,,1,3,,,,60,3,,,Y,,,,,,Y,N1,,,N1,Y,N1,59,N1,12,N1,Y,,3,N1,17,,1,2,2,,,,,,,,,,,29,1,3,,,3,,162,4,,2,1,,8,,,,,,,,306,,,,,,,,,,,,,,,,,Y,N1,A2700006,7
2026-07-26 06:43:04,data_go_kr,경상북도,A2700004,안동성소병원,12,20260726064017,054-850-8282,,Y,,,,,,,,,,,,,,,5,,1,,2,0,,,,3,1,,,,23,0,Y,,Y,,,,Y,,Y,Y,,,Y,Y,N1,146,N1,10,Y,Y,,6,N1,12,,1,2,2,,,,,,,,,,,16,3,3,,,6,,186,2,1,2,2,2,21,,4,1,,,,,393,,,,,,,,,,,,,,5,,,Y,N1,A2700004,8
2026-07-26 06:43:04,data_go_kr,경상북도,A2700002,포항세명기독병원,11,20260726063302,054-289-1711,,,,,,,,,,,,,,,,,6,,1,,3,0,,,,0,2,,,,,3,,,Y,,,,Y,,Y,Y,,,Y,Y,Y,153,Y,6,N1,Y,,14,Y,15,,1,3,2,,,,,,,,,,,52,1,3,,,14,,,6,,6,5,4,25,,,5,1,1,,1,662,,,,,,,,,,,,,,6,,,Y,N1,A2700002,9
2026-07-26 06:43:04,data_go_kr,경상북도,A2700019,의)근원의료재단경산중앙병원,10,20260726064002,053-715-0119,,,,,,,,,,,,,,,,,,,,,2,,,,,1,,,,,44,,,,Y,,,,,,Y,N1,,,N1,Y,N1,59,N1,4,N1,Y,,4,N1,10,,,2,,,,,,,,,,,,11,2,,,,4,,116,,,1,1,,9,,,,,,,,301,,,,,,,,,,,,,,,,,Y,N1,A2700019,10
2026-07-26 06:43:04,data_go_kr,경상북도,A2700036,의료법인서명의료재단세명종합병원,11,20260726063805,053-819-8500,,,,,,,,,,,,,,,,,,,,,2,,,,,,,,,,2,,,,Y,,,,,,Y,N1,,,N1,Y,N1,19,N1,2,N1,Y,,4,N1,13,,,2,,,,,,,,,,,,14,,,,,4,,22,,,1,1,,6,,,,,,,,264,,,,,,,,,,,,,,,,,Y,N1,A2700036,11
2026-07-26 06:43:04,data_go_kr,경상북도,A2700097,계명대학교경주동산병원,6,20260726063907,054-770-9420,,,,,,,,,,,,,,,,,,,,,1,,,,,,,,,,,,,,Y,,,,,,Y,N1,,,N1,Y,N1,34,N1,,N1,Y,,2,N1,9,,,1,,,,,,,,,,,,,,,,,2,,,,,1,1,,1,,,,,,,,88,,,,,,,,,,,,,,,,,Y,N1,A2700097,12
2026-07-26 06:43:04,data_go_kr,경상북도,A2700070,의료법인영암의료재단고령영생병원,4,20260726064013,070-4700-0728,,,,,,,,,,,,,,,,,,,,,1,,,,,,,,,,,,,,Y,,,,,,Y,N1,,,N1,Y,N1,35,N1,,N1,N1,,1,N1,5,,,1,,,,,,,,,,,,,,,,,1,,,,,1,,,1,,,,,,,,59,,,,,,,,,,,,,,,,,Y,N1,A2700070,13
2026-07-26 06:43:04,data_go_kr,경상북도,A2700015,구미강동병원,6,20260726063931,054-478-9521,,,,,,,,,,,,,,,,9,,,1,,2,,,,,,,,,,,,,,Y,,,,Y,,Y,Y,,,N1,Y,N1,44,N1,5,N1,Y,,5,N1,7,,1,2,,,,,,,,,,,,12,,,,,5,,,,,1,1,1,3,,,,,,,,191,,,,,,,,,,,,,9,,,,Y,N1,A2700015,14
2026-07-26 06:43:04,data_go_kr,경상북도,A2700018,경상북도김천의료원,15,20260726064001,054-429-8234,,,,,,,,,,,,,,,,,,,1,,,,,,,0,,,,,,,,,Y,,,,,,Y,N1,,,N1,Y,N1,-2,N1,7,N1,Y,,5,N1,17,,1,,,,,,,,,,,,,22,3,,,,5,,,,,1,2,,7,,,,,,,,274,,,,,,,,,,,,,,,,,Y,N1,A2700018,15
2026-07-26 06:43:04,data_go_kr,경상북도,A2700009,의료법인삼백의료재단상주성모병원,9,20260726063928,054-530-7811,,,,,,,,,,,,,,,,,,,,,1,,,,,,,,,,,,,,Y,,,,,,Y,N1,,,N1,Y,N1,41,N1,6,N1,Y,,3,N1,9,,,1,,,,,,,,,,,,10,,,,,3,,,,,1,1,,1,,,,,,,,172,,,,,,,,,,,,,,,,,Y,N1,A2700009,16
2026-07-26 06:43:04,data_go_kr,경상북도,A2700011,상주적십자병원,9,20260726063721,054-530-3171,,Y,,,,,,,,,,,,,,,,,1,,,,,,,,,,,,,,Y,,Y,,,,,,Y,N1,,,Y,Y,N1,56,N1,6,Y,Y,,3,N1,9,,1,,,,,,,,,,,,,10,,,,,3,,,,1,1,1,,7,,2,1,,,,,164,,,,,,,,,,,,,,,,,Y,N1,A2700011,17
2026-07-26 06:43:04,data_go_kr,경상북도,A2700001,경상북도안동의료원,5,20260726064002,054-850-6100,,,,,,,,,,,,,,,,,,,,,2,,,,,,,,,,,,,,Y,,,,,,Y,N1,,,N1,Y,N1,112,N1,2,N1,Y,,5,N1,6,,,2,,,,,,,,,,,,10,,,,,5,,,,,1,1,,8,,,,,,,,238,,,,,,,,,,,,,,,,,Y,N1,A2700001,18
2026-07-26 06:43:04,data_go_kr,경상북도,A2700031,영주기독병원,1,20260726063748,054-635-3050,,Y,,,,,,,,,,,,,,,,,,,1,,,,,,,,,,,,Y,,Y,,,,,,Y,N1,,,N1,Y,N1,7,N1,,Y,N1,,1,N1,4,,,1,,,,,,,,,,,,,,,,,1,,,,1,1,,,1,,2,,,,,,70,,,,,,,,,,,,,,,,,Y,N1,A2700031,19
2026-07-26 06:43:04,data_go_kr,경상북도,A2700020,영주자인병원,4,20260726063957,070-7335-5229,,,,,,,,,,,,,,,,,,,,,1,,,,,,,,,,,,,,Y,,,,,,Y,N1,,,N1,Y,N1,30,N1,,N1,Y,,,N1,4,,,1,,,,,,,,,,,,,,,,,2,,,,,1,1,,,,,,,,,,133,,,,,,,,,,,,,,,,,N1,N1,A2700020,20
2026-07-26 06:43:04,data_go_kr,경상북도,A2702752,영주적십자병원,6,20260726063823,054-630-0112,,,,,,,,,,,,,,,,,,,1,,,,,,,,,,,,,,,,Y,,,,,,Y,N1,,,Y,Y,N1,56,N1,1,N1,Y,,3,N1,10,,1,,,,,,,,,,,,,10,,,,,3,,,,,1,1,,4,,,1,,,,,140,,,,,,,,,,,,,,,,,Y,N1,A2702752,21
2026-07-26 06:43:04,data_go_kr,경상북도,A2700017,영남대학교의과대학부속영천병원,7,20260726063758,054-330-7575,,,,,,,,,,,,,,,,,,,1,,2,,,,,,,,,,,,,,Y,,,,,,Y,N1,,,N1,Y,N1,46,N1,3,N1,Y,,4,N1,10,,1,2,,,,,,,,,,,,10,,,,,4,,,,,1,1,,1,,,,,,,,190,,,,,,,,,,,,,,,,,Y,N1,A2700017,22
2026-07-26 06:43:04,data_go_kr,경상북도,A2700023,의료법인서준의료재단예천권병원,6,20260726063541,054-650-2119,,Y,,,,,,,,,,,,,,,,,1,,0,,,,,,,,,,,0,Y,,Y,,,,,,Y,N1,,,N1,Y,N1,74,N1,,Y,Y,,2,N1,6,,1,0,,,,,,,,,,,,,,,,,2,,,0,1,1,1,,3,,2,,,,,,173,,,,,,,,,,,,,,,,,Y,N1,A2700023,23
2026-07-26 06:43:04,data_go_kr,경상북도,E2700553,울릉군보건의료원,4,20260726064001,054-790-6911,,,,,,,,,,,,,,,,,,,,,,,,,,,,,,,,,,,Y,,,,,,Y,N1,,,N1,Y,N1,24,N1,,N1,N1,,1,N1,5,,,,,,,,,,,,,,,,,,,,1,,,,,1,,,1,,,,,,,,27,,,,,,,,,,,,,,,,,Y,N1,E2700553,24
2026-07-26 06:43:04,data_go_kr,경상북도,A2700052,울진군의료원,8,20260726063602,054-785-7119,,,,,,,,,,,,,,,,,,,2,,,,,,,,,,,,,2,,,Y,,,,,,Y,N1,,,N1,Y,N1,22,N1,,N1,Y,,3,N1,8,,2,,,,,,,,,,,,,,,,,,3,,,2,,1,1,,1,,,,,,,,97,,,,,,,,,,,,,,,,,Y,N1,A2700052,25
2026-07-26 06:43:04,data_go_kr,경상북도,A2700063,의료법인영제의료재단영남제일병원,4,20260726062004,054-861-9111,,,,,,,,,,,,,,,,,,,,,1,,,,,,,,,,,,,,Y,,,,,,Y,N1,,,N1,Y,N1,27,N1,,N1,N1,,1,N1,,,,,,,,,,,,,,,,,,,,,,,,,,,,,,,,,,,,,,,,,,,,,,,,,,,,,,Y,N1,A2700063,26
2026-07-26 06:43:04,data_go_kr,경상북도,A2700038,의료법인대남의료재단청도대남병원,9,20260726063905,054-370-5112,,,,,,,,,,,,,,,,,,,,,,,,,,,,,,,,,,,Y,,,,,,Y,N1,,,N1,Y,N1,83,N1,,N1,Y,,1,N1,10,,,,,,,,,,,,,,,,,,,,1,,,,,1,1,,1,,,,,,,,115,,,,,,,,,,,,,,,,,Y,N1,A2700038,27
2026-07-26 06:43:04,data_go_kr,경상북도,E2700554,청송군보건의료원,5,20260726064001,054-870-7119,,,,,,,,,,,,,,,,,,,,,1,,,,,,,,,,,,,,,,,,,,Y,N1,,,N1,N1,N1,57,N1,,N1,N1,,,N1,5,,,1,,,,,,,,,,,,,,,,,,,,,,,,,1,,,,,,,,45,,,,,,,,,,,,,,,,,Y,N1,E2700554,28
2026-07-26 06:43:04,data_go_kr,경상북도,A2700008,에스포항병원,4,20260726063720,054-289-9120,Y,,,,,,,,,,,,,,,,,,,,1,,,,,1,,,,,,,,,Y,,,,Y,,Y,Y,,,Y,Y,N1,83,N1,3,N1,Y,,4,N1,6,,,1,,,,,,,,,,,,14,1,,,,4,,,,,2,2,3,9,9,,1,,,,,239,,,,,,,,,,,,,,,,,Y,Y,A2700008,29
2026-07-26 06:43:04,data_go_kr,경상북도,A2702563,의료법인은성의료재단좋은선린병원,10,20260726063941,054-245-5200,,,,,,,,,,,,,,,,2,,,,,2,,,,,1,,,,,,,,,Y,,,,N,,Y,N,,,N1,Y,N1,78,N1,0,N1,Y,,4,N,10,,,2,,,,,,,,,,,,17,1,,,,4,,,,,1,1,2,7,,,,,,,14,281,,,,,,,,,,,,,2,,,,N,N1,A2702563,30
2026-07-26 06:43:04,data_go_kr,경상북도,A2700005,경상북도포항의료원,7,20260726064002,054-245-0129,,,,,,,,,,,,,,,,,,,1,,1,,,,,1,,,,,7,7,,,Y,,,,,,Y,N1,,,N1,Y,N1,26,N1,4,N1,Y,,3,N1,8,,1,1,,,,,,,,,,,,19,1,,,,3,,56,7,,1,1,,4,,,,,,,,179,,,,,,,,,,,,,,,,,Y,N1,A2700005,31
2026-07-26 06:43:04,data_go_kr,경상남도,A2800011,양산부산대학교병원,16,20260726063827,055-360-1463,Y,Y,2,1,1,1,0,0,,4,,0,0,,4,,,7,,7,1,3,6,2,,0,14,6,,,4,4,Y,,Y,1,,,Y,,Y,Y,,5,Y,Y,Y,295,Y,,Y,Y,19,25,N1,23,8,,1,16,16,11,38,11,2,,9,,,10,,0,30,6,,25,,33,4,4,6,5,6,92,24,23,19,12,2,,,766,2,3,1,1,2,2,,,0,0,,4,,,,,Y,Y,A2800011,1
2026-07-26 06:43:04,data_go_kr,경상남도,A2800001,경상국립대학교병원,17,20260726063900,055-750-8282,Y,Y,,,,,,3,,2,,,,,,,,3,2,4,3,5,,,0,0,12,,26,2,7,5,Y,,Y,,2,6,Y,13,Y,Y,,,Y,Y,Y,244,Y,,Y,Y,6,14,N1,28,3,2,3,14,8,9,15,,,,,20,6,,,3,30,,40,15,2,23,7,7,3,3,5,16,9,20,6,4,17,,,655,,,,,,6,,,,,,,,,2,6,Y,Y,A2800001,2
2026-07-26 06:43:04,data_go_kr,경상남도,A2800020,학교법인성균관대학삼성창원병원,22,20260726064001,055-233-8899,Y,Y,,,,,,1,,2,,,,,,,,8,2,5,3,6,,,,0,20,,,,,3,Y,,Y,,,,Y,,Y,Y,,,Y,Y,Y,270,Y,,Y,Y,17,16,N1,27,8,2,3,19,15,20,24,,,,,,,,,3,30,,,16,,,5,7,4,3,4,45,8,20,5,3,3,,,645,,,,,,1,,,,,,,,,,,Y,Y,A2800020,3
2026-07-26 06:43:04,data_go_kr,경상남도,A2800010,의료법인환명의료재단 조은금강병원,14,20260726064002,055-330-0200,,,,,,,,,,,,,,,,,,,1,,2,,,,,1,,,,,5,,,,Y,,,,Y,,Y,Y,,,N1,Y,N1,73,N1,11,N1,Y,,4,Y,17,,1,2,,,,,,,,,,,,23,1,,,,4,,96,,,1,2,1,7,,,,,,,2,305,,,,,,,,,,,,,,,,,Y,N1,A2800010,4
2026-07-26 06:43:04,data_go_kr,경상남도,A2800006,의료법인숭인의료재단 김해복음병원,15,20260726063608,055-330-8844,,,,,,,,,,,,,,,,,,,1,,3,,,,,1,,,,,,,,,Y,,,,Y,,Y,Y,,,Y,Y,N1,26,N1,1,N1,Y,,5,N1,16,,1,3,,,,,,,,,,,,18,1,,,,5,,,,,2,3,1,3,,,3,,,,,359,,,,,,,,,,,,,,,,,Y,N1,A2800006,5
2026-07-26 06:43:04,data_go_kr,경상남도,A2800043,한일병원,13,20260726063721,055-750-1333,,,,,,,,,,,,,,,,,,,1,,2,0,,,,0,1,,,,,,,,Y,,,,Y,,Y,Y,,,Y,Y,N1,19,N1,1,N1,Y,,4,Y,17,,1,2,2,,,,,,,,,,,13,1,3,,,4,,,,,2,2,1,6,,,1,,,,1,282,,,,,,,,,,,,,,,,,Y,N1,A2800043,6
2026-07-26 06:43:04,data_go_kr,경상남도,A2800003,제일병원,13,20260726064016,055-750-7119,,,,,,,,,,,,,,,,,,,1,,2,,,,,,,,,,,,,Y,Y,,,,Y,,Y,Y,,,N1,Y,N1,57,N1,6,N1,Y,,4,Y,17,,1,2,,,,,,,,,,,,9,,,,,7,,,,,2,2,1,4,,,,,,1,1,258,,,,,,,,,,,,,,,,,Y,N1,A2800003,7
2026-07-26 06:43:04,data_go_kr,경상남도,A2800017,의료법인합포의료재단에스엠지연세병원,15,20260726064009,055-240-7777,,,,,,,,,,,,,,,,,,,1,,2,,,,,1,,,,,,,,,Y,,,,Y,,Y,Y,,,Y,Y,N1,42,N1,5,N1,Y,,4,N1,17,,1,2,,,,,,,,,,,,12,1,,,,4,,,,,1,2,1,7,,,1,,,,,286,,,,,,,,,,,,,,,,,Y,N1,A2800017,8
2026-07-26 06:43:04,data_go_kr,경상남도,A2803505,창원경상국립대학교병원,15,20260726063602,055-214-1339,Y,Y,,,,,,,,,,,,5,0,,,,1,,2,,,,,2,,,,,8,6,Y,,Y,,,,Y,,Y,Y,,,Y,Y,Y,203,Y,14,Y,Y,5,12,N1,18,,1,2,,,,17,,,,,,,,34,2,,,,13,,22,6,9,3,2,5,52,9,22,6,7,14,,,437,,,,,,,,,,,5,0,,,,,Y,Y,A2803505,9
2026-07-26 06:43:04,data_go_kr,경상남도,A2800007,창원한마음병원,11,20260726063910,055-225-0350,Y,Y,,,,,,,,-1,,,,,,,,,1,1,3,,,,,1,,,,,,0,Y,,Y,,,,Y,,Y,Y,,,Y,Y,Y,77,Y,,Y,Y,10,13,Y,21,,1,3,,25,37,10,,,,,,,,,1,,,,13,,,6,2,4,4,4,29,3,11,6,1,2,,2,688,,,,,,,,,,,,,,,,,Y,Y,A2800007,10
2026-07-26 06:43:04,data_go_kr,경상남도,A2800004,창원파티마병원,7,20260726063607,055-270-1119,Y,Y,,,,,,,,4,,,,,,,,,1,6,2,0,,,,0,2,,,,,5,Y,Y,Y,,,,Y,,Y,Y,,,Y,Y,N1,118,Y,,Y,Y,2,7,N1,17,,1,2,2,12,13,2,,,,,,,,,2,3,,,7,,,6,2,4,3,3,16,3,6,3,,4,1,,444,,,,,,,,,,,,,,,,,Y,Y,A2800004,11
2026-07-26 06:43:04,data_go_kr,경상남도,A2800008,의료법인 거붕 백병원,8,20260726064026,055-733-0180,,,,,,,,,,,,,,,,,,,,,1,,,,,,,,,,,,,,Y,,,,,,Y,N1,,,N1,Y,N1,56,N1,9,N1,Y,,4,N1,9,,,1,,,,,,,,,,,,20,,,,,4,,,,,2,2,,12,,,,,,,,365,,,,,,,,,,,,,,,,,Y,N1,A2800008,12
2026-07-26 06:43:04,data_go_kr,경상남도,A2800005,의료법인 대우의료재단대우병원,8,20260726063959,055-680-8119,,,,,,,,,,,,,,,,,,,,,1,,,,,,,,,,,,,,Y,,,,,,Y,N1,,,N1,Y,N1,43,N1,4,N1,Y,,4,N1,9,,,1,,,,,,,,,,,,10,,,,,4,,,,,2,1,,5,,,,,,,,231,,,,,,,,,,,,,,,,,Y,N1,A2800005,13
2026-07-26 06:43:04,data_go_kr,경상남도,A2800022,의료법인 성념의료재단맑은샘병원,7,20260726063327,055-736-0119,,,,,,,,,,,,,,,,,,,,,1,,,,,,,,,,,,,,Y,,,,,,Y,N1,,,N1,Y,N1,17,N1,,N1,Y,,2,N1,9,,,1,,,,,,,,,,,,,,,,,2,,,,,1,1,,4,,,,,,,,200,,,,,,,,,,,,,,,,,Y,N1,A2800022,14
2026-07-26 06:43:04,data_go_kr,경상남도,A2800076,거창적십자병원,5,20260726063913,055-949-3359,,Y,,,,,,,,,,,,,,,,,,,1,,,,,,,,,,,,Y,,Y,,,,,,Y,N1,,,N1,Y,N1,35,N1,,Y,Y,,2,N1,9,,,1,,,,,,,,,,,,,,,,,2,,,,1,1,1,,2,,2,,,,,,91,,,,,,,,,,,,,,,,,Y,N1,A2800076,15
2026-07-26 06:43:04,data_go_kr,경상남도,A2800032,강병원,9,20260726063751,055-673-4848,,,,,,,,,,,,,,,,,,,,,1,,,,,,,,,,,,,,Y,,,,,,Y,N1,,,N1,Y,N1,17,N1,,N1,Y,,1,N1,9,,,1,,,,,,,,,,,,,,,,,1,,,,,1,1,,1,,,,,,,,99,,,,,,,,,,,,,,,,,Y,N1,A2800032,16
2026-07-26 06:43:04,data_go_kr,경상남도,A2803677,강일병원,7,20260726063800,055-822-0119,,,,,,,,,,,,,,,,,,,1,,2,,,,,,,,,,,,,,Y,,,,Y,,Y,Y,,,N1,Y,N1,124,N1,13,N1,Y,,5,N1,8,,1,2,,,,,,,,,,,,15,,,,,5,,,,,1,2,1,1,,,,,,,,275,,,,,,,,,,,,,,,,,Y,N1,A2803677,17
2026-07-26 06:43:04,data_go_kr,경상남도,A2800014,의료법인갑을의료재단 갑을장유병원,9,20260726063925,055-310-6119,,,,,,,,,,,,,,,,,,,1,,,,,,,,,,,,,,,,Y,,,,,,Y,N1,,,N1,Y,N1,39,N1,,N1,Y,,4,N1,9,,1,,,,,,,,,,,,,,,,,,4,,,,,1,1,,1,,,,,,,,210,,,,,,,,,,,,,,,,,Y,N1,A2800014,18
2026-07-26 06:43:04,data_go_kr,경상남도,A2800094,의료법인 이도의료재단 남해병원,6,20260726060235,055-860-6630,N,N,,,,,,,,,,,,,,,,,1,,1,,,,,,,,,,,,N,N,Y,,,,N,,Y,N,,,N,Y,N,77,N,,N,Y,,2,N,,,,,,,,,,,,,,,,,,,,,,,,,,,,,,,,,,,,,,,,,,,,,,,,,,,,,,N,N,A2800094,19
2026-07-26 06:43:04,data_go_kr,경상남도,A2800113,밀양병원,6,20260726063741,055-356-9119,,,,,,,,,,,,,,,,,,,,,1,,,,,,,,,,,,,,Y,,,,,,Y,N1,,,N1,Y,N1,31,N1,,N1,Y,,0,N1,8,,,1,,,,,,,,,,,,,,,,,0,,,,,1,1,,1,,,,,,,,200,,,,,,,,,,,,,,,,,Y,N1,A2800113,20
2026-07-26 06:43:04,data_go_kr,경상남도,A2800068,의료법인승연의료재단 삼천포서울병원,7,20260726063544,055-830-9019,,,,,,,,,,,,,,,,,,,,,1,,,,,,,,,,,,,,Y,,,,Y,,Y,Y,,,N1,Y,N1,35,N1,,N1,Y,,3,Y,9,,,1,,,,,,,,,,,,,,,,,3,,,,,1,2,1,4,,,,,,,1,287,,,,,,,,,,,,,,,,,Y,N1,A2800068,21
2026-07-26 06:43:04,data_go_kr,경상남도,A2800101,삼천포제일병원,8,20260726063604,055-830-3099,,,,,,,,,,,,,,,,,,,,,2,,,,,,,,,,,,,,Y,,,,,,Y,N1,,,N1,Y,N1,70,N1,,N1,Y,,2,N,8,,,2,,,,,,,,,,,,,,,,,2,,,,,1,1,,1,,,,,,,1,214,,,,,,,,,,,,,,,,,Y,N1,A2800101,22
2026-07-26 06:43:04,data_go_kr,경상남도,E2800380,산청군보건의료원,5,20260726064001,055-970-7582,,,,,,,,,,,,,,,,,,,,,1,,,,,,,,,,,,,,,,,,,,Y,N1,,,N1,N1,N1,20,N1,,N1,N1,,,N1,5,,,1,,,,,,,,,,,,,,,,,,,,,,,,,1,,,,,,,,20,,,,,,,,,,,,,,,,,Y,N1,E2800380,23
2026-07-26 06:43:04,data_go_kr,경상남도,A2804593,양산성모병원,9,20260726063945,055-912-9785,,,,,,,,,,,,,,,,,,,1,,,,,,,,,,,,,,,,Y,,,,,,Y,N1,,,N1,Y,N1,144,N1,2,N1,Y,,4,N1,13,,1,,,,,,,,,,,,,6,,,,,4,,,,,1,2,,1,,,,,,,,214,,,,,,,,,,,,,,,,,Y,N1,A2804593,24
2026-07-26 06:43:04,data_go_kr,경상남도,A2800019,베데스다복음병원,7,20260726064015,055-781-9911,,,,,,,,,,,,,,,,,,,,,1,,,,,,,,,,,,,,Y,,,,,,Y,N1,,,N1,Y,N1,43,N1,,N1,Y,,3,N1,9,,,1,,,,,,,,,,,,,,,,,3,,,,,1,1,,1,,,,,,,,133,,,,,,,,,,,,,,,,,Y,N1,A2800019,25
2026-07-26 06:43:04,data_go_kr,경상남도,A2800090,의령병원,4,20260726063537,055-573-6806,,,,,,,,,,,,,,,,,,,,,1,,,,,,,,,,,,,,Y,,,,,,Y,N1,,,N1,Y,N1,35,N1,,N1,N1,,,N1,4,,,1,,,,,,,,,,,,,,,,,,,,,,1,,,1,,,,,,,,58,,,,,,,,,,,,,,,,,Y,N1,A2800090,26
2026-07-26 06:43:04,data_go_kr,경상남도,A2800084,반도병원,7,20260726064008,055-749-0200,,,,,,,,,,,,,,,,,,,,,1,,,,,,,,,,,,,,Y,,,,,,Y,N1,,,N1,Y,N1,68,N1,,N1,Y,,3,N1,7,,,1,,,,,,,,,,,,,,,,,3,,,,,1,1,,3,,,,,,,,165,,,,,,,,,,,,,,,,,Y,N1,A2800084,27
2026-07-26 06:43:04,data_go_kr,경상남도,A2800015,의료법인 문병욱의료재단 진주고려병원,9,20260726063737,055-751-2525,,,,,,,,,,,,,,,,,,,,,1,,,,,,,,,,,,,,Y,,,,Y,,Y,Y,,,N1,Y,N1,75,N1,4,N1,Y,,4,Y,10,,,1,,,,,,,,,,,,9,,,,,4,,,,,2,2,1,4,,,,,,,1,229,,,,,,,,,,,,,,,,,Y,N1,A2800015,28
2026-07-26 06:43:04,data_go_kr,경상남도,A2800037,진주복음병원,8,20260726063930,055-749-7119,,,,,,,,,,,,,,,,,,,,,1,,,,,,,,,,,,,,Y,,,,,,Y,N1,,,N1,Y,N1,41,N1,,N1,N,,3,N1,9,,,1,,,,,,,,,,,,,,,,,3,,,,,1,1,,1,,,,,,,,131,,,,,,,,,,,,,,,,,N,N1,A2800037,29
2026-07-26 06:43:04,data_go_kr,경상남도,A2800062,태황의료재단한성병원,8,20260726064013,055-530-5119,,,,,,,,,,,,,,,,,,,,,1,,,,,,,,,,,,,,,,,,,,Y,N1,,,N1,N1,N1,49,N1,,N1,N1,,,N1,9,,,1,,,,,,,,,,,,,,,,,,,,,,,,,,,,,,,,,167,,,,,,,,,,,,,,,,,N1,N1,A2800062,30
2026-07-26 06:43:04,data_go_kr,경상남도,A2800025,경상남도마산의료원,12,20260726064003,055-249-1119,,,,,,,,,,,,,,,,,,,1,,1,,,,,2,,,,,,19,,,Y,,,,,,Y,N1,,,Y,Y,N1,83,N1,5,N1,Y,,5,N1,13,,1,1,,,,,,,,,,,,6,2,,,,5,,,27,,1,1,,17,,,2,,,,,263,,,,,,,,,,,,,,,,,Y,N1,A2800025,31
2026-07-26 06:43:04,data_go_kr,경상남도,A2800009,의료법인청아의료재단청아병원,8,20260726063855,055-230-1700,,,,,,,,,,,,,,,,,,,,,1,,,,,,,,,,,,,,Y,,,,,,Y,N1,,,N1,Y,N1,76,N1,,N1,Y,,4,N1,9,,,1,,,,,,,,,,,,,,,,,4,,,,,2,2,,4,,,,,,,,274,,,,,,,,,,,,,,,,,Y,N1,A2800009,32
2026-07-26 06:43:04,data_go_kr,경상남도,A2800021,연세에스병원,9,20260726063633,055-548-7789,,,,,,,,,,,,,,,,,,,,,1,,,,,,,,,,,,,,Y,,,,Y,,Y,Y,,,N1,Y,N1,109,N1,7,N1,Y,,2,N1,9,,,1,,,,,,,,,,,,10,,,,,3,,,,,2,2,1,5,,,,,,,,255,,,,,,,,,,,,,,,,,Y,N1,A2800021,33
2026-07-26 06:43:04,data_go_kr,경상남도,A2800092,새통영병원,8,20260726063930,055-640-4119,,,,,,,,,,,,,,,,,,,,,1,,,,,,,,,,,,,,Y,,,,,,Y,N1,,,N1,Y,N1,58,N1,,N1,Y,,3,N1,9,,,1,,,,,,,,,,,,,,,,,3,,,,,1,2,,3,,,,,,,,256,,,,,,,,,,,,,,,,,Y,N1,A2800092,34
2026-07-26 06:43:04,data_go_kr,경상남도,A2800080,함양성심병원,3,20260726063655,055-964-4322,,,,,,,,,,,,,,,,,,,,,1,,,,,,,,,,,,,,Y,,,,,,Y,N1,,,N1,Y,N1,5,N1,,N1,Y,,2,N1,4,,,1,,,,,,,,,,,,,,,,,2,,,,,1,1,,1,,,,,,,,121,,,,,,,,,,,,,,,,,Y,N1,A2800080,35
2026-07-26 06:43:04,data_go_kr,경상남도,A2800055,삼성합천병원,3,20260726064001,070-5125-5030,,,,,,,,,,,,,,,,,,,,,1,,,,,,,,,,,,,,Y,,,,,,Y,N1,,,N1,Y,N1,25,N1,,N1,Y,,2,N1,4,,,1,,,,,,,,,,,,,,,,,2,,,,,1,1,,1,,,,,,,,141,,,,,,,,,,,,,,,,,Y,N1,A2800055,36
2026-07-26 06:43:04,data_go_kr,제주특별자치도,A2900001,제주한라병원,9,20260726064310,064-740-5159,Y,Y,,,,,0,1,,,4,,,,,,,3,2,,3,2,,,,,23,,10,2,,,Y,,Y,,2,6,Y,8,Y,Y,,,Y,Y,Y,164,Y,8,Y,Y,3,6,N1,15,3,2,3,14,,,7,,,,,20,,,15,,30,,40,6,2,,,2,3,2,3,46,3,8,9,4,2,,,414,,,,,4,2,,4,,,,,,,2,6,Y,Y,A2900001,1
2026-07-26 06:43:04,data_go_kr,제주특별자치도,A2900002,제주특별자치도서귀포의료원,13,20260726064001,064-730-3001,,Y,,,,,,,,,,,,,,,,4,1,,4,2,,,,3,3,,,,3,,Y,,Y,,,,Y,,Y,Y,,,Y,Y,N1,150,N1,8,Y,Y,,4,Y,16,4,1,4,2,,,,,,,,,,,17,3,3,,,4,,26,,1,2,1,1,16,,4,3,,,,1,326,,,,,,,,,,,,,,,,,Y,N1,A2900002,2
2026-07-26 06:43:04,data_go_kr,제주특별자치도,A2900007,제주대학교병원,14,20260726064000,,Y,Y,,,,,,,,0,,,,,,,,,1,4,2,,3,,3,,,,,,4,5,Y,,Y,,,,Y,,Y,Y,,,Y,Y,Y,130,Y,,Y,Y,9,12,N1,20,,1,5,,12,12,16,3,,,,,6,,,,,,,12,,20,9,3,2,2,4,45,8,17,10,5,3,,,458,,,,,,,,,,,,,,,,,Y,Y,A2900007,3
2026-07-26 06:43:04,data_go_kr,제주특별자치도,A2900005,한마음병원,14,20260726063833,064-750-9119,,,,,,,,,,,,,,,,,,,1,,1,,,,,,,,,,,,,,Y,,,,Y,,Y,Y,,,Y,Y,N1,74,N1,7,N1,Y,,4,N1,17,,1,2,,,,,,,,,,,,12,,,,,4,,,,,1,1,1,6,,,2,,,,,216,,,,,,,,,,,,,,,,,Y,N1,A2900005,4
2026-07-26 06:43:04,data_go_kr,제주특별자치도,A2900006,의료법인중앙의료재단중앙병원,10,20260726064019,064-786-7777,,,,,,,,,,,,,,,,,,1,1,,2,,,,,,,,,,,,,,Y,,,,Y,,Y,Y,,,Y,Y,Y,100,N1,8,N1,Y,,3,N1,16,1,1,2,,,,,,,,,,,,16,,,,,3,,,,,1,1,2,10,,,2,1,,,,281,,,,,,,,,,,,,,,,,Y,N1,A2900006,5
2026-07-26 06:43:04,data_go_kr,제주특별자치도,A2900003,의료법인 혜인의료재단 한국병원,6,20260726063915,064-750-0160,,,,,,,,,,,,,,,,,,,,,0,,,,,,,,,,,,,,Y,,,,,,Y,N1,,,N1,Y,N1,45,N1,0,N1,Y,,3,N1,9,,,1,,,,,,,,,,,,10,,,,,3,,,,,1,1,,6,,,,,,,,209,,,,,,,,,,,,,,,,,Y,N1,A2900003,6
2026-07-26 07:43:03,data_go_kr,서울특별시,A1100043,강동경희대학교병원,3,20260726074017,02-440-7000,Y,Y,,,,,1,,,,,,,,,1,,3,2,,3,1,,,,,4,,,,,0,Y,N,Y,,,,Y,,Y,Y,,,Y,Y,Y,209,Y,7,Y,Y,0,17,N,15,3,2,3,19,,,17,,,,,,,,27,,30,,,17,,,1,8,2,2,3,32,9,13,4,1,1,0,0,625,,,,,3,,,,,,,,2,,,,Y,Y,A1100043,1
2026-07-26 07:43:03,data_go_kr,서울특별시,A1100014,고려대학교의과대학부속구로병원,22,20260726074002,02-2626-1550,Y,Y,4,,,,,,,0,,,,,,,,3,,2,,1,,,,2,6,,,,3,2,Y,,Y,,,,Y,,Y,Y,,,Y,Y,Y,177,Y,9,Y,Y,0,23,N1,29,3,,,20,20,10,23,,,,,,,,35,10,30,,,24,,18,4,2,6,6,4,98,11,35,15,10,3,,,778,5,,,,,,,,,,,,,,,,Y,Y,A1100014,2
2026-07-26 07:43:03,data_go_kr,서울특별시,A1100013,한양대학교병원,14,20260726073801,02-2290-8284,Y,Y,4,4,,,1,4,,0,,,,,,,,2,,7,,6,,,,1,8,,,,1,0,Y,,Y,,,,Y,,Y,Y,,,Y,Y,Y,275,Y,0,Y,Y,2,16,Y,20,3,,,22,12,13,25,,,,,,,,0,2,30,,,16,,16,2,1,3,2,3,69,10,20,11,4,3,,1,670,4,8,,,2,5,,,,,,,,,,,Y,Y,A1100013,3
2026-07-26 07:43:03,data_go_kr,서울특별시,A1100008,학교법인고려중앙학원고려대학교의과대학부속병원(안암병원),15,20260726073948,02-920-5374,Y,Y,2,4,,,0,,,0,,,,,,,,4,,3,,0,,,2,1,23,,,,2,1,Y,,Y,,,,Y,,Y,Y,,,Y,Y,Y,219,Y,,Y,Y,0,25,N1,30,4,,,15,16,19,17,,,,,,9,,,6,31,,,25,,10,3,4,7,6,8,84,14,20,11,8,7,,,777,2,7,,,6,,,,,,,,,,,,Y,Y,A1100008,4
2026-07-26 07:43:03,data_go_kr,서울특별시,A1100005,이화여자대학교의과대학부속목동병원,7,20260726073548,02-2650-5911,Y,Y,,,,,0,0,,1,,,,,,,,8,2,4,4,5,,,,0,17,,,,4,4,Y,,Y,6,,,Y,,Y,Y,,,Y,Y,Y,101,Y,,Y,Y,12,13,N1,19,8,2,4,19,10,13,28,,,,14,,,,,4,32,,,13,,10,9,2,4,4,4,58,10,34,9,3,5,,,526,,,,,1,1,,,,,,,,,,,Y,Y,A1100005,5
2026-07-26 07:43:03,data_go_kr,서울특별시,A1100017,서울대학교병원,2,20260726074018,02-2072-2475,Y,Y,,,1,1,1,0,,1,,0,0,,1,,,10,2,6,4,9,4,1,4,10,18,6,,,6,5,Y,Y,Y,1,,,Y,,Y,Y,4,1,Y,Y,Y,373,Y,,Y,Y,5,53,N1,24,10,2,4,17,10,18,40,22,2,10,5,,8,10,,28,30,6,,53,,41,7,4,13,13,14,160,19,46,22,9,3,1,,1365,,,1,1,2,1,,,0,0,,8,,,,,Y,Y,A1100017,6
2026-07-26 07:43:03,data_go_kr,서울특별시,A1100035,서울특별시서울의료원,11,20260726074000,02-2276-7000,Y,Y,,,,,0,2,1,0,,,,,,,,3,2,,3,3,,,,,5,,,,11,2,Y,Y,Y,1,,,Y,,Y,Y,,,Y,Y,Y,91,Y,2,Y,Y,2,10,Y,19,3,2,3,14,7,,3,,,,6,,,,5,,28,,,10,,30,3,4,5,3,5,65,5,12,7,2,4,1,2,461,,,,,2,4,2,,,,,,,,,,Y,Y,A1100035,7
2026-07-26 07:43:03,data_go_kr,서울특별시,A1100015,연세대학교의과대학강남세브란스병원,11,20260726073830,02-2019-3333,Y,Y,,,,,,,,,,,,,,,,2,1,,2,,,,3,,,,,,,5,Y,,Y,8,,,Y,,Y,Y,,,Y,Y,Y,135,Y,14,Y,Y,0,23,N1,21,2,1,2,,,,28,,,,12,,8,,29,,,,,23,,,5,1,4,3,6,47,10,23,6,3,5,,,691,,,,,,,,,,,,,,,,,Y,Y,A1100015,8
2026-07-26 07:43:03,data_go_kr,서울특별시,A1100010,삼성서울병원,15,20260726073820,02-3410-2060,Y,Y,,,,,,,,14,,,,,,,,3,2,17,2,,7,,4,2,,,,,5,12,Y,,Y,1,,,Y,,Y,Y,,12,Y,Y,Y,368,Y,14,Y,Y,1,53,N1,52,4,2,2,,30,23,59,15,,,12,,12,36,14,2,,,,53,,27,18,8,19,16,15,117,22,43,21,11,2,,,1528,,,,,,,,,,,,,,,,,Y,Y,A1100010,9
2026-07-26 07:43:03,data_go_kr,서울특별시,A1100028,성심의료재단강동성심병원,10,20260726073954,02-2224-2358,Y,Y,,,,,,,,3,,,,,,,2,,1,,6,,,,,2,,,,,,0,Y,,Y,,,,Y,,Y,Y,,,Y,Y,Y,186,Y,1,Y,Y,3,13,N1,15,,1,6,,18,,3,,,,,,,,19,5,,,,13,,,2,1,4,2,5,35,3,3,8,3,1,,,566,,,,,,,,,,,,,,2,,,Y,Y,A1100028,10
2026-07-26 07:43:03,data_go_kr,서울특별시,A1100053,한국보훈복지의료공단중앙보훈병원,20,20260726073845,02-2225-1100,,,,,,,,,,6,,,,,,,,,1,10,2,0,,,3,1,0,,,,35,0,N,,Y,2,,,Y,,Y,Y,,,Y,Y,Y,155,N1,,N1,Y,,13,N1,22,,1,2,2,14,14,,,,,13,,10,,,1,3,,,13,,60,7,1,3,4,4,38,,,10,1,,,,820,,,,,,,,,,,,,,,,,Y,N1,A1100053,11
2026-07-26 07:43:03,data_go_kr,서울특별시,A1120796,이화여자대학교의과대학부속서울병원,6,20260726073644,02-6986-5119,Y,Y,,,,,,,,0,,,,,,,,8,2,8,6,,,,2,1,,,,,,3,Y,,Y,3,,,Y,,Y,Y,,4,Y,Y,Y,224,Y,0,Y,Y,0,18,N1,14,9,2,6,,10,17,24,,,,17,,11,19,11,7,,,,19,,,4,2,5,5,8,71,9,22,12,4,5,,,732,,,,,,,,,,,,,,,,,Y,Y,A1120796,12
2026-07-26 07:43:03,data_go_kr,서울특별시,A1100041,의료법인서울효천의료재단에이치플러스양지병원,18,20260726074011,070-4665-9119,,,,,,,,,,,,,,,,,,,1,,2,,,,,1,,,,,,2,,,Y,,,,Y,,Y,Y,,,Y,Y,Y,53,Y,2,N1,Y,,7,N1,18,,1,2,,,,,,,,,,,,20,1,,,,7,,,3,,2,3,3,23,,,4,1,1,,,301,,,,,,,,,,,,,,,,,Y,N1,A1100041,13
2026-07-26 07:43:03,data_go_kr,서울특별시,A1100002,건국대학교병원,10,20260726073748,02-2030-5555,Y,Y,,,,,,,,7,,,,,,,,4,1,16,2,,,,,1,,,,,9,2,Y,,Y,,,,Y,,Y,Y,,,Y,Y,Y,257,Y,,Y,Y,0,21,N1,20,4,1,2,,24,25,16,,,,,,,,,1,,,,21,,14,3,2,4,4,5,45,7,18,7,3,14,,,678,,,,,,,,,,,,,,,,,Y,Y,A1100002,14
2026-07-26 07:43:03,data_go_kr,서울특별시,A1100016,인제대학교상계백병원,13,20260726073736,02-950-1119,Y,Y,,,,,,,,0,,,,,,,4,,1,4,2,,,,,1,,,,,3,1,Y,,Y,,,,Y,,Y,Y,,,Y,Y,Y,120,Y,,Y,Y,1,13,N1,16,,1,2,,19,18,15,,,,,,,,,4,,,,13,,5,2,2,3,2,3,36,10,25,10,3,1,,,390,,,,,,,,,,,,,,4,,,Y,Y,A1100016,15
2026-07-26 07:43:03,data_go_kr,서울특별시,A1100048,노원을지대학교병원,14,20260726073602,02-970-8282,Y,Y,,,,,,,,4,,,,,,,,,1,5,4,,,,,2,,,,,3,0,Y,,Y,,0,0,Y,,Y,Y,,,Y,Y,Y,236,N1,,Y,Y,1,11,N1,17,,1,4,,16,16,10,,,,,,,,,2,,,,11,,21,1,3,2,2,2,26,8,19,3,1,,,,479,,,,,,,,,,,,,,,0,0,Y,Y,A1100048,16
2026-07-26 07:43:03,data_go_kr,서울특별시,A1100020,의료법인한전의료재단한일병원,8,20260726074003,02-901-3119,N,N,,,,,,,,,,,,,,,,2,2,,1,0,,,,0,2,,,,,1,,Y,Y,,,,Y,,Y,Y,,,Y,Y,N1,87,Y,3,N,Y,,7,Y,21,2,2,2,2,,,,,,,,,,,21,1,3,,,8,,,5,,2,1,1,25,1,4,2,,4,2,2,389,,,,,,,,,,,,,,,,,Y,N,A1100020,17
2026-07-26 07:43:03,data_go_kr,서울특별시,A1100001,경희대학교병원,15,20260726074030,02-958-8114,Y,Y,,,,,,,,,,,,,,,,3,2,,3,,,,,,,,,,10,9,Y,,Y,4,,,Y,,Y,Y,,,Y,Y,Y,238,Y,21,Y,Y,1,16,N1,15,3,2,3,,,,14,,,,15,,,,73,,,,,16,,20,10,3,3,3,5,48,6,12,8,3,2,,,657,,,,,,,,,,,,,,,,,Y,Y,A1100001,18
2026-07-26 07:43:03,data_go_kr,서울특별시,A1100021,삼육서울병원,10,20260726073607,02-2210-3566,,N,,,,,,,,,,,,,,,3,,1,,1,0,,,,1,1,,,,,4,Y,,Y,,,,Y,,Y,Y,,,Y,Y,Y,59,Y,4,N,Y,4,5,Y,13,,1,2,2,,,4,,,,,,,,15,1,3,,,5,,,4,2,1,1,2,20,,4,5,2,1,,1,389,,,,,,,,,,,,,,4,,,Y,N1,A1100021,19
2026-07-26 07:43:03,data_go_kr,서울특별시,A1100040,서울특별시보라매병원,20,20260726074000,02-870-2119,Y,Y,,,,,,,,5,,,,,,,,3,2,10,0,,,,3,1,,,,,0,0,Y,,Y,,,,Y,,Y,Y,,,Y,Y,Y,266,Y,,Y,Y,0,14,N1,31,3,2,1,,15,16,14,,,,,,4,,,4,,,,14,,14,3,4,6,3,5,48,14,13,5,9,2,,,695,,,,,,,,,,,,,,,,,Y,Y,A1100040,20
2026-07-26 07:43:03,data_go_kr,서울특별시,A1100003,중앙대학교병원,10,20260726074008,02-6299-1338,Y,Y,0,0,,,1,,,1,,,,,4,,,4,0,6,0,5,,,,1,,,,,4,2,Y,,Y,,,,Y,,Y,Y,,,Y,Y,Y,208,Y,,Y,Y,0,16,N1,18,4,0,0,12,12,17,25,,,,,,,,,11,,,,16,,24,2,2,4,3,4,51,9,21,13,6,12,,,631,0,0,,,1,,,,,,,4,,,,,Y,Y,A1100003,21
2026-07-26 07:43:03,data_go_kr,서울특별시,A1100007,연세대학교의과대학세브란스병원,8,20260726073742,02-2227-7777,Y,Y,,,1,1,,,,5,,,,,,,,4,1,13,3,,5,1,14,3,,0,,,0,0,Y,Y,Y,6,,,Y,,Y,Y,5,8,Y,Y,Y,474,Y,5,Y,Y,12,1,N1,39,8,1,3,,29,24,52,22,2,10,29,,23,17,18,5,,6,,1,,20,30,8,16,16,17,206,55,61,21,16,21,1,,1872,,,1,1,,,,,,,,,,,,,Y,Y,A1100007,22
2026-07-26 07:43:03,data_go_kr,서울특별시,A1100012,학교법인가톨릭학원가톨릭대학교서울성모병원,-6,20260726074011,02-2258-2370,Y,Y,1,2,1,1,,,,9,,,,,,,,3,,14,,,1,1,3,11,,2,,,16,1,Y,,Y,16,,,Y,,Y,Y,,5,Y,Y,Y,288,Y,0,Y,Y,8,32,N1,28,7,,,,22,22,50,3,2,,19,,10,8,5,18,,6,,32,,35,10,2,9,10,8,80,40,39,11,9,4,,,1059,1,5,1,1,,,,,,,,,,,,,Y,Y,A1100012,23
2026-07-26 07:43:03,data_go_kr,서울특별시,A1100009,재단법인아산사회복지재단서울아산병원,13,20260726073715,02-3010-3333,Y,Y,,,2,1,1,1,,1,,,,,,,,2,1,11,8,1,3,1,5,10,4,1,,,9,6,Y,,Y,2,,,Y,,Y,Y,4,2,Y,Y,Y,381,Y,10,Y,Y,10,4,Y,36,11,1,22,2,24,37,61,26,2,13,12,,12,12,12,47,4,6,,4,,28,8,8,21,15,17,190,33,49,30,14,5,,1,2089,,,2,1,1,6,,,,,,,,,,,Y,Y,A1100009,24
2026-07-26 07:43:03,data_go_kr,서울특별시,A1100011,가톨릭대학교여의도성모병원,10,20260726074012,02-3779-1199,,,,,,,,,,-1,,,,,,,,,1,0,4,,,,,1,,,,,,1,Y,,Y,1,,,Y,,Y,Y,,,Y,Y,Y,109,Y,,N1,Y,,13,N1,15,,1,4,,11,9,,,,,9,,,,,1,,,,13,,,1,2,2,2,2,23,,,5,2,2,,,330,,,,,,,,,,,,,,,,,Y,N1,A1100011,25
2026-07-26 07:43:03,data_go_kr,서울특별시,A1100055,한림대학교강남성심병원,18,20260726073712,02-829-5119,Y,Y,,,,,,,,0,,,,,,,,3,1,0,3,,,,6,1,,,,,,,Y,,Y,,,,Y,,Y,Y,,,Y,Y,Y,165,Y,,Y,Y,0,14,N1,20,3,1,4,,21,25,12,,,,,,10,,,7,,,,14,,,,3,3,3,3,54,21,22,13,3,2,,,496,,,,,,,,,,,,,,,,,Y,Y,A1100055,26
2026-07-26 07:43:03,data_go_kr,서울특별시,A1100054,성애의료재단성애병원,14,20260726073849,02-840-7115,Y,Y,,,,,,,,,,,,,,,,,1,,4,,,,,1,,,,,,,Y,,Y,,,,Y,,Y,Y,,,Y,Y,N1,50,N1,3,Y,Y,3,5,N1,15,,1,4,,,,4,,,,,,,,19,1,,,,5,,,,2,2,2,1,8,5,14,2,,,,,252,,,,,,,,,,,,,,,,,Y,Y,A1100054,27
2026-07-26 07:43:03,data_go_kr,서울특별시,A1100004,순천향대학교부속서울병원,17,20260726073922,02-709-9117,Y,Y,,,,,,,,,,,0,,0,,0,4,1,,2,,,,,1,,,,,8,3,Y,,Y,,,,Y,,Y,Y,,,Y,Y,Y,198,Y,3,Y,Y,0,14,N1,20,4,1,2,,,,13,,,,,,,,45,10,,,,14,,21,4,7,3,3,4,51,8,17,14,5,3,,,600,,,,,,,,,,0,,0,,0,,,Y,Y,A1100004,28
2026-07-26 07:43:03,data_go_kr,서울특별시,A1121013,가톨릭대학교은평성모병원,17,20260726074012,02-1811-7755,Y,Y,,,,,,,,2,,,,,,,,8,1,3,2,,,,8,1,,,,,,0,Y,,Y,0,,,Y,,Y,Y,,,Y,Y,Y,198,Y,,Y,Y,5,19,N1,24,8,2,2,,16,9,19,,,,13,,12,,,4,,,,19,,,5,1,4,3,5,46,19,22,10,5,20,,,651,,,,,,,,,,,,,,,,,Y,Y,A1121013,29
2026-07-26 07:43:03,data_go_kr,서울특별시,A1100006,강북삼성병원,9,20260726074037,02-2001-1000,Y,Y,,,,,,,,,,,,,,,,2,1,1,2,,,,,1,,,,,9,2,Y,,Y,1,,,Y,,Y,Y,,3,Y,Y,Y,148,Y,9,Y,Y,0,16,N1,15,2,1,2,,,4,7,,,,12,,,8,24,5,,,,16,,18,3,1,5,4,6,54,13,14,8,4,3,,,526,,,,,,,,,,,,,,,,,Y,Y,A1100006,30
2026-07-26 07:43:03,data_go_kr,서울특별시,A1100052,국립중앙의료원,14,20260726074005,02-2276-2114,N,Y,,,,,,,,,,0,,,0,0,5,3,2,0,3,2,,,,2,0,,14,2,,4,Y,,Y,,2,6,Y,5,Y,Y,,,Y,Y,Y,6,Y,3,Y,Y,,7,N1,15,3,2,3,6,,0,,,,,,20,,,13,2,0,,50,7,2,,7,1,1,1,2,56,1,3,5,5,2,,,202,,,,,,,,,0,,,0,0,5,2,6,Y,N,A1100052,31
2026-07-26 07:43:03,data_go_kr,서울특별시,A1100036,부민병원,10,20260726073537,02-2620-0119,,Y,,,,,,,,,,,,,,,,,1,,,,,,,0,,,,,,0,Y,,Y,,,,Y,,Y,Y,,,Y,Y,Y,70,N1,1,Y,Y,,8,N1,10,,1,,,,,,,,,,,,,14,1,,,,8,,,3,1,3,3,1,22,,1,2,1,,,,282,,,,,,,,,,,,,,,,,Y,N1,A1100036,32
2026-07-26 07:43:03,data_go_kr,서울특별시,A1100051,혜민병원,9,20260726073523,02-2049-9119,,,,,,,,,,,,,,,,,,,1,,,,,,,,,,,,,,,,Y,,,,,,Y,N1,,,Y,Y,N1,24,N1,8,N1,Y,,5,N1,9,,1,,,,,,,,,,,,,19,,,,,5,,,,,2,2,,16,,,2,,,,,205,,,,,,,,,,,,,,,,,Y,N1,A1100051,33
2026-07-26 07:43:03,data_go_kr,서울특별시,A1100026,구로성심병원,5,20260726073852,02-2067-1515,,,,,,,,,,,,,,,,,,,,,1,,,,,,,,,,,,,,Y,,,,,,Y,N1,,,N1,Y,N1,44,N1,4,N1,Y,,3,N1,9,,,1,,,,,,,,,,,,11,,,,,3,,,,,1,1,,5,,,,,,,,191,,,,,,,,,,,,,,,,,Y,N1,A1100026,34
2026-07-26 07:43:03,data_go_kr,서울특별시,A1100049,희명병원,9,20260726073947,02-809-0122,,,,,,,,,,,,,,,,,,,,,1,,,,,,,,,,,,,,Y,,,,,,Y,N1,,,Y,Y,Y,116,N1,1,N1,Y,,4,N1,10,,,1,,,,,,,,,,,,19,,,,,4,,,,,1,1,,9,,,1,1,,,,228,,,,,,,,,,,,,,,,,Y,N1,A1100049,35
2026-07-26 07:43:03,data_go_kr,서울특별시,A1100027,한국원자력의학원원자력병원,9,20260726073936,02-970-2620,,Y,,,,,,,,,,,,,,,1,,1,,1,,,,,1,,,,,,1,Y,,Y,,,,Y,,Y,Y,,,Y,Y,N1,262,N1,8,Y,Y,,10,N1,9,,1,1,,,,,,,,,,,,10,1,,,,10,,,1,1,4,2,1,16,,2,1,,,,,444,,,,,,,,,,,,,,1,,,Y,N1,A1100027,36
2026-07-26 07:43:03,data_go_kr,서울특별시,A1100022,서울특별시동부병원,7,20260726074020,02-920-9119,,Y,,,,,,,,,,,,,,,,,1,,1,,,,,1,,,,,,,Y,,Y,,,,,,Y,N1,,,Y,Y,N1,23,N1,1,Y,Y,,3,N1,8,,1,1,,,,,,,,,,,,8,1,,,,3,,,,1,1,1,,7,,1,1,,,,,195,,,,,,,,,,,,,,,,,Y,N1,A1100022,37
2026-07-26 07:43:03,data_go_kr,서울특별시,A1100050,서울성심병원,16,20260726073847,02-966-1616,,,,,,,,,,,,,,,,,,,1,,2,,,,,,,,,,,,,,Y,,,,,,Y,N1,,,N1,Y,N1,67,N1,9,N1,Y,,6,N1,17,,1,2,,,,,,,,,,,,10,,,,,6,,,,,1,1,,11,,,,,,,,208,,,,,,,,,,,,,,,,,Y,N1,A1100050,38
2026-07-26 07:43:03,data_go_kr,서울특별시,A1100025,의료법인동신의료재단동신병원,8,20260726073843,02-396-9161,N,N,,,,,,,,,,,,,,,,,,,1,,,,,,,,,,,,N,N,Y,,,,N,,Y,N,,,Y,Y,N,51,N,2,N,Y,,3,N,9,,,1,,,,,,,,,,,,9,,,,,3,,,,0,1,1,0,7,0,0,1,0,0,0,0,196,,,,,,,,,,,,,,,,,Y,N,A1100025,39
2026-07-26 07:43:03,data_go_kr,서울특별시,A1122033,기쁨병원,2,20260726074033,02-570-1212,,,,,,,,,,,,,,,,,,,,,1,,,,,,,,,,,,,,Y,,,,Y,,Y,Y,,,N1,Y,N1,53,N1,,N1,Y,,8,N1,4,,,1,,,,,,,,,,,,,,,,,8,,,,,2,2,1,1,,,,,,,,110,,,,,,,,,,,,,,,,,Y,N1,A1122033,40
2026-07-26 07:43:03,data_go_kr,서울특별시,A1100039,경찰병원,3,20260726074003,02-3400-1300,,,,,,,,,,,,,,,,,0,,1,,,,,,,2,,,,,,2,,,Y,,,,,,Y,N1,,,Y,Y,N1,133,N1,14,N1,Y,,7,N1,3,,1,,,,,,,,,,,,,14,2,,,,7,,,2,,2,3,,10,,,2,,,,,187,,,,,,,,,,,,,,1,,,Y,N1,A1100039,41
2026-07-26 07:43:03,data_go_kr,서울특별시,A1100019,홍익병원,8,20260726073933,02-2600-0777,,,,,,,,,,,,,,,,,,,,,1,,,,,0,,,,,,0,,,Y,,,,Y,,Y,Y,,,N,Y,N1,56,N1,9,N1,Y,,4,N1,9,,,1,,,,,,,,,,,,14,1,,,,4,,,1,,4,2,2,7,,,1,,,,,251,,,,,,,,,,,,,,,,,Y,N1,A1100019,42
2026-07-26 07:43:03,data_go_kr,서울특별시,A1100223,서울특별시서남병원,17,20260726074000,02-6300-9129,,,,,,,,,,,,,,,,0,,,1,,2,0,,,,1,0,,,,,4,,,Y,,,,,,Y,N1,,,Y,Y,Y,69,Y,5,N1,Y,,4,N1,17,,1,2,2,,,,,,,,,,,17,1,3,,,4,,,4,,2,1,,16,,,1,1,1,,,275,,,,,,,,,,,,,0,,,,Y,N1,A1100223,43
2026-07-26 07:43:03,data_go_kr,서울특별시,A1100024,명지성모병원,6,20260726073953,02-829-7800,,,,,,,,,,,,,,,,,,,1,,1,,,,,1,,,,,,,,,Y,,,,Y,,Y,Y,,,N1,Y,N1,105,N1,5,N1,Y,,3,N1,8,,1,1,,,,,,,,,,,,12,1,,,,3,,,,,1,3,2,7,,,,,,,,212,,,,,,,,,,,,,,,,,Y,N1,A1100024,44
2026-07-26 07:43:03,data_go_kr,서울특별시,A1100037,대림성모병원,8,20260726073523,02-829-9129,,,,,,,,,,,,,,,,,,,,,2,,,,,,,,,,,,,,Y,,,,,,Y,N1,,,N1,Y,N1,47,N1,,N1,Y,,4,N1,8,,,2,,,,,,,,,,,,,,,,,4,,,,,1,1,,1,,,,,,,,113,,,,,,,,,,,,,,,,,Y,N1,A1100037,45
2026-07-26 07:43:03,data_go_kr,서울특별시,A1100045,씨엠병원,8,20260726073000,070-4698-7811,,,,,,,,,,,,,,,,,,,,,1,,,,,,,,,,,,,,Y,,,,,,Y,N1,,,N1,Y,N1,40,N1,,N1,Y,,5,N1,9,,,1,,,,,,,,,,,,,,,,,5,,,,,2,2,,6,,,,,,,,110,,,,,,,,,,,,,,,,,Y,N1,A1100045,46
2026-07-26 07:43:03,data_go_kr,서울특별시,A1100023,의료법인청구성심병원,8,20260726073821,02-383-0129,,,,,,,,,,,,,,,,,,,,,1,,,,,,,,,,,,,,Y,,,,,,Y,N1,,,N1,Y,N1,13,N1,2,N1,Y,,3,N1,10,,,1,,,,,,,,,,,,6,,,,,3,,,,,1,1,,4,,,,,,,,196,,,,,,,,,,,,,,,,,Y,N1,A1100023,47
2026-07-26 07:43:03,data_go_kr,서울특별시,A1100029,서울적십자병원,9,20260726074010,02-2002-8888,,,,,,,,,,,,,,,,,,,1,,,,,,,,,,,,,,,,Y,,,,,,Y,N1,,,Y,Y,N1,91,N1,7,N1,Y,,6,N1,10,,1,,,,,,,,,,,,,12,,,,,6,,,,,1,1,,11,,,2,,,,,260,,,,,,,,,,,,,,,,,Y,N1,A1100029,48
2026-07-26 07:43:03,data_go_kr,서울특별시,A1100032,세란병원,8,20260726073929,02-737-0181,,,,,,,,,,,,,,,,,,,,,1,,,,,,,,,,,,,,Y,,,,,,Y,N1,,,N1,Y,N1,49,N1,,N1,Y,,13,N1,10,,,1,,,,,,,,,,,,,,,,,13,,,,,3,5,,3,,,,,,,,205,,,,,,,,,,,,,,,,,Y,N1,A1100032,49
2026-07-26 07:43:03,data_go_kr,서울특별시,A1100075,의료법인풍산의료재단동부제일병원,7,20260726073540,02-490-8880,,,,,,,,,,,,,,,,,,,,,1,,,,,,,,,,,,,,Y,,,,,,Y,N1,,,N1,Y,N1,35,N1,,N1,N,,2,N1,7,,,1,,,,,,,,,,,,,,,,,2,,,,,1,1,,3,,,,,,,,124,,,,,,,,,,,,,,,,,Y,N1,A1100075,50
2026-07-26 07:43:03,data_go_kr,서울특별시,A1100044,녹색병원,4,20260726074009,02-490-2113,,,,,,,,,,,,,,,,,,,1,,4,,,,,2,,,,,,1,Y,,Y,,,,,,Y,N1,,,Y,Y,N1,92,N1,8,N1,Y,,3,N1,5,,1,4,,,,,,,,,,,,17,3,,,,3,,,3,1,2,1,,22,,,1,,,,,293,,,,,,,,,,,,,,,,,Y,N1,A1100044,51
2026-07-26 07:43:03,data_go_kr,부산광역시,A1200003,동아대학교병원,23,20260726073711,051-240-5300,Y,Y,2,6,,,,0,1,,,,,,,,,3,,,,9,,,6,5,9,,,,6,1,Y,,Y,2,,,Y,,Y,Y,4,5,Y,Y,Y,139,Y,7,Y,Y,6,18,N1,26,3,,,16,,,20,,,8,13,,11,7,18,6,30,,,18,,18,3,4,5,3,4,76,11,30,16,4,4,,,738,2,6,,,,4,1,,,,,,,,,,Y,Y,A1200003,1
2026-07-26 07:43:03,data_go_kr,부산광역시,A1200022,인제대학교 해운대백병원,22,20260726073644,051-797-0135,Y,Y,,,,,2,2,,10,,,,,,,,3,1,9,2,6,,,,1,13,,,,,0,Y,Y,Y,,,,Y,,Y,Y,,,Y,Y,Y,172,Y,,Y,Y,0,22,N1,29,3,2,3,12,28,27,23,,,,,,,,,2,30,,,22,,,7,2,5,3,4,72,8,40,17,9,11,1,,710,,,,,5,3,,,,,,,,,,,Y,Y,A1200022,2
2026-07-26 07:43:03,data_go_kr,부산광역시,A1200018,대동병원,10,20260726073918,051-550-9391,,,,,,,,,,,,,,,,,,3,1,,2,,,,,0,,,,,,1,,,Y,,,,Y,,Y,Y,,,Y,Y,N1,71,N1,3,N1,Y,,6,N1,15,3,1,2,,,,,,,,,,,,21,1,,,,6,,,1,,2,1,1,10,,,1,,,,,401,,,,,,,,,,,,,,,,,Y,N1,A1200018,3
2026-07-26 07:43:03,data_go_kr,부산광역시,A1200020,의료법인 온그룹의료재단 온병원,15,20260726073523,051-607-0139,,,,,,,,,,,,,,,,,,,1,,2,,,,,1,,,,,,5,,,Y,,,,Y,,Y,Y,,,Y,Y,N1,175,N1,10,N1,Y,,9,Y,20,,1,2,,,,,,,,,,,,23,1,,,,9,,,6,,4,2,2,7,,,1,,,,1,585,,,,,,,,,,,,,,,,,Y,N1,A1200020,4
2026-07-26 07:43:03,data_go_kr,부산광역시,A1200001,인제대학교부산백병원,15,20260726074012,051-890-5995,Y,Y,,,,,,,,5,,,,,,,,,1,3,2,,,,3,1,,,,,3,2,Y,,Y,1,,,Y,,Y,Y,,,Y,Y,Y,206,Y,6,Y,Y,1,17,Y,18,,1,2,,19,18,35,,,,12,,6,,10,1,,,,17,,20,8,4,5,3,6,68,19,38,16,3,7,,2,691,,,,,,,,,,,,,,,,,Y,Y,A1200001,5
2026-07-26 07:43:03,data_go_kr,부산광역시,A1200005,의료법인 은성의료재단 좋은삼선병원,11,20260726073926,051-310-9119,,,,,,,,,,,,,,,,,1,1,1,,2,,,,2,0,,,,,,2,,,Y,2,,,Y,,Y,Y,,,Y,Y,N1,23,N1,6,N1,Y,,7,N1,13,1,1,2,,,,,,,,5,,4,,19,2,,,,7,,,2,,2,2,2,11,,,1,,,,,375,,,,,,,,,,,,,,3,,,Y,N1,A1200005,6
2026-07-26 07:43:03,data_go_kr,부산광역시,A1200004,고신대학교복음병원,19,20260726073902,051-990-6200,Y,Y,1,4,,,,,,5,,,,,,,,,,7,,,,,9,7,,,,,14,1,Y,,Y,2,,,Y,,Y,Y,2,,Y,Y,Y,182,Y,,Y,Y,15,13,Y,25,,,,,13,8,18,,,5,13,,16,,,7,,,,13,,14,1,7,3,3,5,53,13,19,14,3,1,,1,685,1,4,,,,,,,,,,,,,,,Y,Y,A1200004,7
2026-07-26 07:43:03,data_go_kr,부산광역시,A1200002,부산대학교병원,15,20260726074000,051-240-7776,Y,Y,,,,,1,,,3,,,,0,0,0,,3,1,,2,-4,,,,3,3,,28,1,7,4,Y,,Y,0,2,12,Y,14,Y,Y,,,Y,Y,Y,413,Y,6,Y,Y,1,26,N,17,3,1,2,2,10,,20,,,,0,42,,,24,4,3,,82,26,2,19,10,12,9,6,10,100,17,17,21,9,21,,1,901,,,,,2,,,,,,0,0,0,,2,12,Y,Y,A1200002,8
2026-07-26 07:43:03,data_go_kr,부산광역시,A1200007,비에이치에스한서병원,16,20260726074054,051-998-1119,,,,,,,,,,,,,,,,,,,1,,2,2,,,,,3,,,,,,,,Y,,,,Y,,Y,Y,,,Y,Y,Y,83,N1,7,N1,Y,,4,N1,17,,1,2,2,,,,,,,,,,,14,,3,,,4,,,,,1,1,2,11,,,1,1,,,,280,,,,,,,,,,,,,,,,,Y,N1,A1200007,9
2026-07-26 07:43:03,data_go_kr,부산광역시,A1200028,(의)서일의료재단기장병원,7,20260726073932,051-723-2119,,,,,,,,,,,,,,,,,,,,,1,,,,,,,,,,,,,,Y,,,,,,Y,N1,,,N1,Y,N1,19,N1,,N1,Y,,3,N1,9,,,1,,,,,,,,,,,,,,,,,3,,,,,1,1,,1,,,,,,,,154,,,,,,,,,,,,,,,,,Y,N1,A1200028,10
2026-07-26 07:43:03,data_go_kr,부산광역시,A1200015,동남권원자력의학원원자력병원,8,20260726073805,051-720-5911,,,,,,,,,,,,,,,,,,,1,,,,,,,,,,,,,,,,Y,,,,Y,,Y,Y,,,Y,Y,Y,109,N1,7,N1,Y,,8,N1,9,,1,,,,,,,,,,,,,12,,,,,8,,,,,2,2,2,12,,,1,0,,,,261,,,,,,,,,,,,,,,,,Y,N1,A1200015,11
2026-07-26 07:43:03,data_go_kr,부산광역시,A1200013,부산성모병원(재단법인 천주교부산교구유지재단),5,20260726073909,051-933-7119,Y,Y,,,,,,,,,,,,,,,4,4,1,,,,,,,2,,,,,,1,,,Y,,,,,,Y,N1,,,Y,Y,N1,79,N1,9,Y,Y,7,7,N1,10,4,1,,,,,10,,,,,,,,18,2,,,,7,,,2,,1,1,,6,14,13,1,,,,,373,,,,,,,,,,,,,,4,,,Y,Y,A1200013,12
2026-07-26 07:43:03,data_go_kr,부산광역시,A1200026,좋은문화병원,4,20260726073950,051-630-0909,Y,Y,,,,,,,,,,,,,,,,1,1,,2,,,,,,,,,,,2,Y,,Y,,,,,,Y,N1,,,N1,Y,N1,47,N1,4,Y,Y,-1,0,Y,7,2,1,2,,,,12,,,,,,,,8,,,,,8,,,2,8,2,2,,3,6,17,,,,,1,270,,,,,,,,,,,,,,,,,Y,Y,A1200026,13
2026-07-26 07:43:03,data_go_kr,부산광역시,A1200017,의료법인정화의료재단 봉생기념병원,6,20260726073239,051-664-4119,,,,,,,,,,3,,,,,,,,,,2,1,,,,,,,,,,3,1,,,Y,,,,Y,,Y,Y,,,Y,Y,N1,48,N1,,N1,Y,,8,N1,9,,,2,,11,11,,,,,,,,,,,,,,8,,31,1,,1,2,2,11,,,4,,,,,335,,,,,,,,,,,,,,,,,Y,N1,A1200017,14
2026-07-26 07:43:03,data_go_kr,부산광역시,A1200011,동래봉생병원,6,20260726073832,051-520-5700,,,,,,,,,,,,,,,,,,,1,,1,,,,,2,,,,,,,,,Y,,,,Y,,Y,Y,,,Y,Y,N1,42,N1,4,N1,Y,,7,N1,8,,1,1,,,,,,,,,,,,18,2,,,,7,,,,,1,2,2,11,,,1,,,,,241,,,,,,,,,,,,,,,,,Y,N1,A1200011,15
2026-07-26 07:43:03,data_go_kr,부산광역시,A1200009,의료법인 광혜의료재단 광혜병원,8,20260726073852,051-504-2119,,,,,,,,,,,,,,,,,,,2,,1,,,,,,,,,,,0,,,Y,,,,,,Y,N1,,,N1,Y,N1,71,N1,1,N1,Y,,3,N1,9,,2,1,,,,,,,,,,,,9,,,,,3,,,1,,1,1,,4,,,,,,,,190,,,,,,,,,,,,,,,,,Y,N1,A1200009,16
2026-07-26 07:43:03,data_go_kr,부산광역시,A1200019,학교법인)동의병원,12,20260726074000,051-850-8777,,,,,,,,,,,,,,,,,,,,,1,,,,,,,,,,,,,,Y,,,,Y,,Y,Y,,,Y,Y,Y,105,N1,16,N1,Y,,1,N1,14,,,1,,,,,,,,,,,,23,,,,,5,,,,,2,2,2,7,,,2,1,,,,448,,,,,,,,,,,,,,,,,Y,N1,A1200019,17
2026-07-26 07:43:03,data_go_kr,부산광역시,A1200025,학교법인 춘해병원,7,20260726073818,051-608-0119,,,,,,,,,,,,,,,,,,,,,1,,,,,,,,,,,,,,Y,,,,,,Y,N1,,,N1,Y,N1,57,N1,,N1,Y,,4,N1,9,,,1,,,,,,,,,,,,,,,,,4,,,,,1,1,,3,,,,,,,,201,,,,,,,,,,,,,,,,,Y,N1,A1200025,18
2026-07-26 07:43:03,data_go_kr,부산광역시,A1200045,구포성심병원,7,20260726074029,051-330-2090,,,,,,,,,,,,,,,,,,,,,0,,,,,,,,,,,,,,Y,,,,Y,,Y,Y,,,N1,Y,N1,23,N1,,N1,Y,,4,N1,9,,,1,,,,,,,,,,,,,,,,,4,,,,,1,1,1,4,,,,,,,,243,,,,,,,,,,,,,,,,,Y,N1,A1200045,19
2026-07-26 07:43:03,data_go_kr,부산광역시,A1200006,의료법인 인당의료재단 부민병원,6,20260726073537,051-330-3129,,,,,,,,,,,,,,,,,,,1,,1,,,,,1,,,,,,,,,Y,,,,Y,,Y,Y,,,Y,Y,N1,19,N1,1,N1,Y,,8,N1,10,,1,1,,,,,,,,,,,,18,1,,,,8,,,,,2,3,1,7,,,1,,,,,366,,,,,,,,,,,,,,,,,Y,N1,A1200006,20
2026-07-26 07:43:03,data_go_kr,부산광역시,A1200016,한국보훈복지의료공단 부산보훈병원,10,20260726073758,051-601-6183,,,,,,,,,,,,,,,,,,,1,,1,,,,,1,,,,,,,,,Y,,,,Y,,Y,Y,,,N1,Y,N1,30,N1,6,N1,Y,,7,N1,11,,1,1,,,,,,,,,,,,9,1,,,,7,,,,,2,3,2,11,,,,,,,,452,,,,,,,,,,,,,,,,,Y,N1,A1200016,21
2026-07-26 07:43:03,data_go_kr,부산광역시,A1200021,삼육부산병원,4,20260726073920,051-600-7750,,Y,,,,,,,,,,,,,,,,,1,,,,,,,0,,,,,,,Y,,Y,,,,Y,,Y,Y,,,Y,Y,Y,5,N1,1,Y,Y,,,N1,9,,1,,,,,,,,,,,,,14,1,,,,,,,,1,2,1,1,9,,1,2,1,,,,302,,,,,,,,,,,,,,,,,Y,N1,A1200021,22
2026-07-26 07:43:03,data_go_kr,부산광역시,A1200008,의료법인 은성의료재단 좋은강안병원,17,20260726074007,051-610-9119,,,,,,,,,,,,,,,,,,,1,,2,,,,,1,,,,,,1,,,Y,,,,Y,,Y,Y,,,Y,Y,Y,78,N1,4,N1,Y,,11,N1,18,,1,2,,,,,,,,,,,,30,2,,,,11,,,3,,4,3,3,12,,,5,1,,,,535,,,,,,,,,,,,,,,,,Y,N1,A1200008,23
2026-07-26 07:43:03,data_go_kr,부산광역시,A1200098,의료법인 센텀의료재단 센텀종합병원,9,20260726074010,051-750-5119,,,,,,,,,,,,,,,,,,,,,1,,,,,1,,,,,,,,,Y,,,,Y,,Y,Y,,,N1,Y,N1,22,N1,2,N1,Y,,9,N1,9,,,1,,,,,,,,,,,,16,1,,,,9,,,,,2,2,1,11,,,,,,,,338,,,,,,,,,,,,,,,,,Y,N1,A1200098,24
2026-07-26 07:43:03,data_go_kr,부산광역시,A1200024,부산광역시의료원,14,20260726073813,051-607-2140,,N,,,,,,,,5,,,,,,,,,1,6,1,,,,,,,,,,8,6,N,,Y,,,,Y,,Y,Y,,,Y,Y,N1,122,N1,,N,Y,,7,N1,18,,1,1,,13,14,,,,,,,,,,,,,,7,,29,7,1,1,1,2,19,,2,4,,,,,398,,,,,,,,,,,,,,,,,Y,N1,A1200024,25
2026-07-26 07:43:03,data_go_kr,부산광역시,A1200012,의료법인 행도의료재단 해동병원,5,20260726074011,051-410-6688,,,,,,,,,,,,,,,,,,,1,,,,,,,,,,,,,0,,,Y,,,,,,Y,N1,,,Y,Y,N1,34,N1,4,N1,Y,,3,Y,6,,1,,,,,,,,,,,,,9,,,,,3,,,0,,1,1,,5,,,1,,,,12,256,,,,,,,,,,,,,,,,,Y,N1,A1200012,26
2026-07-26 07:43:03,data_go_kr,부산광역시,A1200014,영도병원,5,20260726073728,051-419-7575,,,,,,,,,,,,,,,,,,,1,,1,,,,,,,,,,,,,,Y,,,,,,Y,N1,,,N1,Y,N1,19,N1,2,N1,Y,,3,N1,7,,1,1,,,,,,,,,,,,10,,,,,3,,,,,1,1,,7,,,,,,,,217,,,,,,,,,,,,,,,,,Y,N1,A1200014,27
2026-07-26 07:43:03,data_go_kr,부산광역시,A1200023,재단법인천주교부산교구유지재단 메리놀병원,8,20260726073908,051-461-2300,,,,,,,,,,,,,,,,,,,,,1,,,,,0,,,,,,,Y,,Y,,,,Y,,Y,Y,,,Y,Y,N1,100,N1,4,N1,Y,,8,N1,9,,,1,,,,,,,,,,,,18,1,,,,8,,,,1,1,1,1,9,,,2,,,,,380,,,,,,,,,,,,,,,,,Y,N1,A1200023,28
2026-07-26 07:43:03,data_go_kr,부산광역시,A1205143,의료법인 인당의료재단 해운대부민병원,8,20260726073537,051-602-8119,,,,,,,,,,,,,,,,,,,1,,,,,,,0,,,,,,0,,,Y,,,,Y,,Y,Y,,,Y,Y,N1,40,N1,6,N1,Y,,8,Y,9,,1,,,,,,,,,,,,,19,2,,,,8,,,3,,2,2,1,10,,,1,,,,1,360,,,,,,,,,,,,,,,,,Y,N1,A1205143,29
2026-07-26 07:43:03,data_go_kr,대구광역시,A1300001,영남대학교병원,20,20260726073737,053-620-3177,Y,Y,,0,,,1,3,,1,0,,,,,,,3,2,10,3,7,,,1,3,5,,,,10,4,Y,,Y,6,,,Y,,Y,Y,,,Y,Y,Y,204,Y,,Y,Y,2,23,Y,28,3,2,3,21,10,15,15,,,,14,,7,,,13,30,,,23,,20,7,2,4,4,4,75,5,11,8,5,5,,1,704,,0,,,1,3,,0,,,,,,,,,Y,Y,A1300001,1
2026-07-26 07:43:03,data_go_kr,대구광역시,A1300002,경북대학교병원,16,20260726073706,053-200-5100,Y,Y,2,2,,,,,,4,,,,,,,,4,,4,,11,,,6,,30,,15,2,9,4,Y,,Y,4,1,6,Y,3,Y,Y,2,4,Y,Y,Y,182,Y,,Y,Y,1,17,N1,25,4,,,20,7,7,15,,,6,7,20,10,11,,,44,,40,17,2,20,5,2,5,5,5,82,8,11,11,9,5,,,582,2,3,,,,,,,,,,,,,2,6,Y,Y,A1300002,2
2026-07-26 07:43:03,data_go_kr,대구광역시,A1300004,대구가톨릭대학교병원,14,20260726073715,053-650-3000,Y,Y,,,,,,,,1,,,,,,,,,1,2,3,,,,,2,,,,,1,3,Y,Y,Y,2,,,Y,,Y,Y,,,Y,Y,Y,300,Y,0,Y,Y,3,19,N1,24,,1,3,,15,25,42,,,,16,,,,0,6,,,,19,,20,9,2,3,3,5,58,20,32,8,3,4,1,,704,,,,,,,,,,,,,,,,,Y,Y,A1300004,3
2026-07-26 07:43:03,data_go_kr,대구광역시,A1300003,계명대학교동산병원,8,20260726073946,053-258-6306,Y,Y,,,,,,,,0,,,,,,,,,2,1,3,,0,,,0,12,,,,3,4,Y,Y,Y,3,,,Y,,Y,Y,6,,Y,Y,Y,275,Y,2,Y,Y,2,24,Y,20,,2,3,,11,13,39,7,,8,15,,,,10,4,20,,,24,,20,16,6,6,5,7,56,13,37,9,4,14,1,2,769,,,,,,,,,,,,,,,,,Y,Y,A1300003,4
2026-07-26 07:43:03,data_go_kr,대구광역시,A1300009,대구파티마병원,-3,20260726074000,053-940-7119,Y,Y,,,,,,,,3,,,,,,,,5,2,3,3,2,,,,2,3,,,,,,Y,,Y,8,,,Y,,Y,Y,,,Y,Y,Y,188,Y,,Y,Y,2,17,N1,25,5,2,5,2,17,8,8,,,,12,,,,,9,4,,,17,,,,2,5,3,4,32,11,19,5,1,1,,,539,,,,,,,,,,,,,,,,,Y,Y,A1300009,5
2026-07-26 07:43:03,data_go_kr,대구광역시,A1300010,칠곡경북대학교병원,16,20260726073906,053-200-2100,Y,Y,,,1,1,,,,4,,,,,,,,6,1,10,3,,3,1,,4,0,3,,,12,13,Y,,Y,,,,Y,,Y,Y,,,Y,Y,Y,264,Y,,Y,Y,5,19,N1,23,7,1,3,,10,15,39,10,2,,,,,,,4,0,8,,19,,20,13,2,8,5,8,52,9,27,9,3,1,,,760,,,1,1,,,,,,,,,,,,,Y,Y,A1300010,6
2026-07-26 07:43:03,data_go_kr,대구광역시,A1300034,드림종합병원,7,20260726074017,053-640-8575,,,,,,,,,,,,,,,,,1,,,,1,,,,,,,,,,,,,,Y,,,,Y,,Y,Y,,,Y,Y,Y,26,N1,,N1,N,,3,N1,8,,,1,,,,,,,,,,,,,,,,,3,,,,,2,1,1,2,,,1,1,,,,159,,,,,,,,,,,,,,1,,,Y,N1,A1300034,7
2026-07-26 07:43:03,data_go_kr,대구광역시,A1300006,의료법인구의료재단구병원,8,20260726074000,053-557-7119,,,,,,,,,,,,,,,,,,,,,1,,,,,0,,,,,,,,,Y,,,,,,Y,N1,,,N1,Y,N1,63,N1,7,N1,Y,,8,N1,10,,,1,,,,,,,,,,,,18,1,,,,9,,,,,3,1,,3,,,,,,,,235,,,,,,,,,,,,,,,,,Y,N1,A1300006,8
2026-07-26 07:43:03,data_go_kr,대구광역시,A1300110,더블유병원,8,20260726073813,053-550-5019,,,,,,,,,,,,,,,,,,,,,1,,,,,,,,,,,,,,Y,,,,,,Y,N1,,,N1,Y,N1,92,N1,,N1,N,,8,Y,10,,,1,,,,,,,,,,,,,,,,,8,,,,,1,1,,1,,,,,,,8,431,,,,,,,,,,,,,,,,,Y,N1,A1300110,9
2026-07-26 07:43:03,data_go_kr,대구광역시,A1300011,한국보훈복지의료공단대구보훈병원,11,20260726073928,053-630-7014,,,,,,,,,,,,,,,,,,,1,,1,,,,,1,,,,,,1,,,Y,,,,Y,,Y,Y,,,N1,Y,N1,52,N1,3,N1,Y,,6,N1,12,,1,1,,,,,,,,,,,,13,1,,,,6,,,1,,1,3,2,9,,,,,,,,406,,,,,,,,,,,,,,,,,Y,N1,A1300011,10
2026-07-26 07:43:03,data_go_kr,대구광역시,A1300045,삼일병원,10,20260726074015,053-659-3119,,,,,,,,,,,,,,,,,,,1,,,,,,,,,,,,,,,,Y,,,,Y,,Y,Y,,,N1,Y,N1,60,N1,,N1,N,,4,N1,14,,1,,,,,,,,,,,,,,,,,,4,,,,,3,2,1,3,,,,,,,,299,,,,,,,,,,,,,,,,,Y,N1,A1300045,11
2026-07-26 07:43:03,data_go_kr,대구광역시,A1300038,나사렛종합병원,7,20260726073611,053-643-3119,,,,3,,,,,,,,,,,,,,,,,1,,,,,1,,,,,,,,,Y,,,,Y,,Y,Y,,,Y,Y,N1,29,N1,5,N1,Y,,5,N1,9,,,1,,,,,,,,,,,,28,1,,,,5,,,,,2,2,2,5,,,1,,,,,231,,9,,,,,,,,,,,,,,,Y,N1,A1300038,12
2026-07-26 07:43:03,data_go_kr,대구광역시,A1300018,강남종합병원,14,20260726073612,053-980-9018,,,,,,,,,,,,,,,,,,,1,,,,,,,,,,,,,1,,,Y,,,,,,Y,N1,,,N1,Y,N1,57,N1,,N1,Y,,7,N1,15,,1,,,,,,,,,,,,,,,,,,7,,,1,,2,2,,2,,,,,,,,207,,,,,,,,,,,,,,,,,Y,N1,A1300018,13
2026-07-26 07:43:03,data_go_kr,대구광역시,A1300005,대구가톨릭대학교칠곡가톨릭병원,3,20260726073739,053-320-2111,,,,,,,,,,,,,,,,,,,,,1,,,,,,,,,,,,,,Y,,,,,,Y,N1,,,N1,Y,N1,36,N1,,N1,Y,,3,N1,9,,,1,,,,,,,,,,,,,,,,,3,,,,,2,2,,1,,,,,,,,161,,,,,,,,,,,,,,,,,Y,N1,A1300005,14
2026-07-26 07:43:03,data_go_kr,대구광역시,A1300076,대구굿모닝병원,15,20260726073847,053-620-9119,,,,,,,,,,,,,,,,,,,1,,1,,,,,1,,,,,,,,,Y,,,,Y,,Y,Y,,,N1,Y,N1,74,N1,2,N1,Y,,4,N1,17,,1,1,,,,,,,,,,,,26,1,,,,4,,,,,2,4,2,13,,,,,,,,226,,,,,,,,,,,,,,,,,Y,N1,A1300076,15
2026-07-26 07:43:03,data_go_kr,대구광역시,A1300007,대구의료원,17,20260726074001,053-560-7288,,Y,,,,,,,,,,,,,,,,,1,,1,,,,,0,,,,,1,1,Y,,Y,,,,,,Y,N1,,,N1,Y,N1,47,N1,5,Y,Y,,4,N1,18,,1,1,,,,,,,,,,,,18,1,,,,4,,82,3,1,1,1,,13,,4,,,,,,254,,,,,,,,,,,,,,,,,Y,N1,A1300007,16
2026-07-26 07:43:03,data_go_kr,대구광역시,A1300081,(재)미리내천주성삼성직수도회천주성삼병원,5,20260726074000,053-790-0555,,,,,,,,,,,,,,,,,,,,,1,,,,,,,,,,,,,,Y,,,,,,Y,N1,,,N1,Y,N1,19,N1,,N1,Y,,4,N1,9,,,1,,,,,,,,,,,,,,,,,4,,,,,1,2,,4,,,,,,,,294,,,,,,,,,,,,,,,,,Y,N1,A1300081,17
2026-07-26 07:43:03,data_go_kr,대구광역시,A1300008,곽병원,5,20260726073920,053-605-3333,,,,,,,,,,,,,,,,,,,,,2,,,,,,,,,,,,,,Y,,,,,,Y,N1,,,N1,Y,N1,15,N1,,N1,Y,,4,N1,10,,,2,,,,,,,,,,,,,,,,,4,,,,,1,1,,2,,,,,,,,221,,,,,,,,,,,,,,,,,Y,N1,A1300008,18
2026-07-26 07:43:03,data_go_kr,대구광역시,A1303386,계명대학교대구동산병원,12,20260726073901,053-250-8481,,,,,,,,,,,,,,,,,,,1,,1,,,,,0,,,,,,,N,,Y,,,,Y,,Y,Y,,,Y,Y,N1,39,N,0,N1,Y,,3,N1,12,,1,1,,,,,,,,,,,,7,5,,,,3,,,,0,2,1,1,6,,,6,,0,,,196,,,,,,,,,,,,,,,,,Y,N1,A1303386,19
2026-07-26 07:43:03,data_go_kr,인천광역시,A1400001,의료법인 길의료재단 길병원,13,20260726073936,032-460-3012,Y,Y,2,3,1,1,,0,,7,,,,,2,,,9,,5,,4,,2,3,4,25,3,9,2,11,12,Y,,Y,2,2,6,Y,3,Y,Y,,0,Y,Y,Y,425,Y,,Y,Y,0,3,Y,23,9,,,18,38,11,30,,2,,14,20,6,4,,11,30,6,47,3,2,18,13,3,6,6,7,113,19,40,19,10,6,,1,995,2,3,1,1,,2,,,,,,3,,,2,6,Y,Y,A1400001,1
2026-07-26 07:43:03,data_go_kr,인천광역시,A1400002,인하대학교의과대학부속병원,15,20260726073605,032-890-2301,Y,Y,,,1,1,,,,2,,,,,,,,2,2,0,5,1,0,0,2,0,5,3,,,3,7,Y,Y,Y,,,,Y,,Y,Y,,,Y,Y,Y,210,Y,1,Y,Y,0,16,Y,20,7,2,5,20,25,13,27,3,2,,,,7,,23,3,30,6,,16,,15,7,4,6,3,5,109,17,27,13,9,7,1,2,681,,,1,1,,,,,,,,,,,,,Y,Y,A1400002,2
2026-07-26 07:43:03,data_go_kr,인천광역시,A1400010,검단탑병원,16,20260726073918,032-590-0077,,,,,,,,,,,,,,,,,,,1,,2,,,,,0,,,,,,0,,,Y,,,,Y,,Y,Y,,,Y,Y,N1,50,N1,7,N1,Y,,6,N1,18,,1,2,,,,,,,,,,,,15,3,,,,6,,,2,,2,2,1,11,,,1,,,,,279,,,,,,,,,,,,,,,,,Y,N1,A1400010,3
2026-07-26 07:43:03,data_go_kr,인천광역시,A1403372,인천세종병원,15,20260726074010,032-240-8119,,,,,,,,,,,,,,,,,,,3,,,1,,,,1,2,,,,,3,,,Y,,,,Y,,Y,Y,,,Y,Y,Y,86,Y,9,N1,Y,,7,N1,18,,3,,2,,,,,,,,,,,20,2,3,,,7,,,6,,2,2,3,13,,,4,5,1,,,274,,,,,,,,,,,,,,,,,Y,N1,A1403372,4
2026-07-26 07:43:03,data_go_kr,인천광역시,A1400014,의료법인인성의료재단한림병원,16,20260726073652,032-540-9119,,,,,,,,,,,,,,,,,,,2,,2,,,,,2,,,,,,2,Y,,Y,,,,Y,,Y,Y,,,Y,Y,Y,59,N1,2,N1,Y,,6,N1,17,,2,2,,,,,,,,,,,,21,2,,,,6,,,2,1,3,2,2,20,,,3,3,,,,391,,,,,,,,,,,,,,,,,Y,N1,A1400014,5
2026-07-26 07:43:03,data_go_kr,인천광역시,A1400016,인천사랑병원,9,20260726073803,032-457-2119,,Y,,,,,,,,,,,,,,,4,,1,,2,,,,,1,0,,,,,1,Y,,Y,,,,Y,,Y,Y,,,Y,Y,N1,24,Y,13,Y,Y,,7,N1,14,,1,2,,,,,,,,,,,,17,1,5,,,7,,,1,1,2,1,1,12,,1,2,,1,,,281,,,,,,,,,,,,,,4,,,Y,N1,A1400016,6
2026-07-26 07:43:03,data_go_kr,인천광역시,A1400012,가톨릭대학교 인천성모병원,8,20260726074011,032-280-6107,Y,Y,,,,,,,,-1,,,,,,,,4,3,0,5,7,,,,0,,,,,,3,Y,,Y,7,,,Y,,Y,Y,,,Y,Y,Y,139,Y,,Y,Y,-1,17,N1,19,4,3,5,12,15,18,13,,,,15,,,,,10,,,,17,,,9,1,4,4,5,53,5,14,11,5,4,,,579,,,,,,,,,,,,,,,,,Y,Y,A1400012,7
2026-07-26 07:43:03,data_go_kr,인천광역시,A1400013,안은의료재단 부평세림병원,13,20260726074005,032-509-5777,,,,,,,,,,,,,,,,,,,1,,3,2,,,,1,0,,,,,2,,,Y,,,,Y,,Y,Y,,,Y,Y,Y,41,N1,5,N1,Y,,4,N1,16,,1,3,2,,,,,,,,,,,11,2,3,,,4,,,2,,3,2,1,9,,,1,1,,,,234,,,,,,,,,,,,,,,,,Y,N1,A1400013,8
2026-07-26 07:43:03,data_go_kr,인천광역시,A1400015,가톨릭관동대학교국제성모병원,19,20260726073814,032-290-3065,Y,Y,5,0,,,,,,4,,,18,,,,,3,0,,0,,,,,,,,,,3,3,Y,,Y,-4,,,Y,,Y,Y,,,Y,Y,N,234,Y,,Y,Y,,11,N1,23,3,0,0,,40,,,,,,13,,,,,,,,,11,,11,3,2,3,2,3,34,2,11,6,2,1,,,641,5,0,,,,,,,,21,,,,,,,Y,Y,A1400015,9
2026-07-26 07:43:03,data_go_kr,인천광역시,A1400003,의료법인 루가의료재단 나은병원,11,20260726073743,032-584-4119,,Y,,,,,,,,4,,,,,,,7,,1,6,2,,,,,3,,,,,,8,Y,,Y,,,,Y,,Y,Y,,,Y,Y,Y,90,Y,,Y,Y,,10,N1,11,,1,2,,14,13,,,,,,,,,,3,,,,10,,,9,1,2,2,3,17,,1,3,1,1,,,367,,,,,,,,,,,,,,7,,,Y,N1,A1400003,10
2026-07-26 07:43:03,data_go_kr,인천광역시,A1400011,의료법인 나사렛의료재단 나사렛국제병원,14,20260726073632,032-899-9699,,,,,,,,,,,,,,,,,,,1,,2,,,,,1,,,,,,,,,Y,,,,Y,,Y,Y,,,Y,Y,N1,66,N1,2,N1,Y,,5,N1,17,,1,2,,,,,,,,,,,,16,1,,,,5,,,,,2,2,2,8,,,2,,,,,282,,,,,,,,,,,,,,,,,Y,N1,A1400011,11
2026-07-26 07:43:03,data_go_kr,인천광역시,A1403617,비에스종합병원,7,20260726073629,032-290-0119,,Y,,,,,,,,,,,,,,,,,1,,,,,,,1,,,,,,,Y,,Y,,,,Y,,Y,Y,,,Y,Y,N1,102,N1,3,Y,N1,1,2,N1,10,,1,,,,,1,,,,,,,,18,1,,,,2,,,,1,1,,1,6,,1,1,,,,,180,,,,,,,,,,,,,,,,,Y,N1,A1403617,12
2026-07-26 07:43:03,data_go_kr,인천광역시,A1400005,온누리병원,7,20260726073545,032-568-9112,,,,,,,,,,,,,,,,,,,1,,1,,,,,,,,,,,,,,Y,,,,,,Y,N1,,,N1,Y,N1,44,N1,,N1,Y,,3,N1,9,,1,1,,,,,,,,,,,,,,,,,3,,,,,1,1,,5,,,,,,,,190,,,,,,,,,,,,,,,,,Y,N1,A1400005,13
2026-07-26 07:43:03,data_go_kr,인천광역시,A1403871,인천힘찬종합병원,14,20260726074021,032-459-3168,,,,,,,,,,,,,,,,,,,1,,2,,,,,0,,,,,,,,,Y,,,,,,Y,N1,,,N1,Y,N1,62,N1,2,N1,Y,,7,N1,17,,1,2,,,,,,,,,,,,8,1,,,,7,,,,,2,2,,1,,,,,,,,235,,,,,,,,,,,,,,,,,Y,N1,A1403871,14
2026-07-26 07:43:03,data_go_kr,인천광역시,A1400004,현대유비스병원,15,20260726073936,032-890-5582,,,,,,,,,,,,,,,,,,,1,,,,,,,1,,,,,,,,,Y,,,,Y,,Y,Y,,,Y,Y,N1,16,N1,5,N1,Y,,6,N1,18,,1,,,,,,,,,,,,,13,1,,,,6,,,,,2,2,1,8,,,2,,,,,285,,,,,,,,,,,,,,,,,Y,N1,A1400004,15
2026-07-26 07:43:03,data_go_kr,인천광역시,A1400008,(의)성세의료재단 뉴성민병원,8,20260726073607,032-726-1119,,,,,,,,,,,,,,,0,,,,,,1,,,,,2,,,,,,,,,Y,,,,,,Y,N1,,,Y,Y,N1,128,N1,9,N1,Y,,6,Y,9,,,1,,,,,,,,,,,,17,2,,,,6,,,,,2,2,,11,,,2,,,,1,265,,,,,,,,,,,,0,,,,,Y,N1,A1400008,16
2026-07-26 07:43:03,data_go_kr,인천광역시,A1400018,인천적십자병원,8,20260726073947,032-899-4119,,,,,,,,,,,,,,,,,,,1,,1,,,,,,,,,,,,,,Y,,,,,,Y,N1,,,N1,Y,N1,64,N1,3,N1,Y,,3,N1,8,,1,1,,,,,,,,,,,,8,,,,,3,,,,,1,1,,2,,,,,,,,104,,,,,,,,,,,,,,,,,Y,N1,A1400018,17
2026-07-26 07:43:03,data_go_kr,인천광역시,A1400037,인천광역시의료원백령병원,5,20260726074001,032-836-1732,Y,Y,,,,,,,,,,,,,,,,,,,1,,,,,,,,,,,,,,Y,,,,,,Y,N1,,,N1,Y,N1,30,N1,,Y,N1,,1,N1,5,,,1,,,,,,,,,,,,,,,,,1,,,,,1,,,1,1,2,,,,,,30,,,,,,,,,,,,,,,,,Y,Y,A1400037,18
2026-07-26 07:43:03,data_go_kr,인천광역시,A1400009,인천기독병원,6,20260726074024,032-270-8300,,,,,,,,,,,,,,,,,,,,,1,,,,,,,,,,,,,,Y,,,1,,,Y,N1,,,N1,Y,N1,37,N1,10,N1,Y,,4,N1,8,,,1,,,,,,,,,,,,10,,,,,4,,,,,1,1,,1,,,,,,,,139,,,,,,,,,,,,,,,,1,Y,N1,A1400009,19
2026-07-26 07:43:03,data_go_kr,인천광역시,A1400017,인천광역시의료원,13,20260726074002,032-580-6119,,,,,,,,,,,,,,,,,,,2,,,,,,,0,,,,,24,7,,,Y,,,,,,Y,N1,,,N1,Y,N1,28,N1,5,N1,Y,,6,N1,15,,2,,,,,,,,,,,,,13,0,,,,6,,45,7,,1,1,,19,,,,,,,,198,,,,,,,,,,,,,,,,,Y,N1,A1400017,20
2026-07-26 07:43:03,data_go_kr,인천광역시,A1400007,의료법인 성수의료재단 인천백병원,3,20260726073858,032-280-8119,,,,,,,,,,,,,,,,,,,,,1,,,,,,,,,,,,,,Y,,,,,,Y,N1,,,Y,Y,N1,42,N1,2,N1,Y,,4,N1,5,,,1,,,,,,,,,,,,12,,,,,4,,,,,2,2,,6,,,1,,,,,189,,,,,,,,,,,,,,,,,Y,N1,A1400007,21
2026-07-26 07:43:03,data_go_kr,대전광역시,A1600006,학교법인건양교육재단건양대학교병원,18,20260726074019,042-600-9119,Y,Y,,0,,,1,1,4,,0,0,0,0,,0,,3,2,,3,10,,,,4,6,,,,11,1,Y,,Y,,,,Y,,Y,Y,,,Y,Y,Y,318,Y,37,Y,Y,0,20,Y,24,5,2,3,16,,,24,,,,,,,,59,5,28,,,20,,20,1,2,4,4,4,46,17,23,10,3,1,,1,658,,0,,,1,3,4,0,0,0,0,,0,,,,Y,Y,A1600006,1
2026-07-26 07:43:03,data_go_kr,대전광역시,A1600001,충남대학교병원,20,20260726073800,042-280-8129,Y,Y,0,0,,,,,,2,,,,,,,0,6,2,5,3,6,2,,3,6,23,,,,16,9,Y,,Y,,,,Y,,Y,Y,,,Y,Y,Y,238,Y,3,Y,Y,9,20,N1,28,6,2,3,20,16,14,34,5,,,,,10,,12,8,30,,,21,,26,14,5,5,4,5,76,12,36,6,8,2,,,966,0,0,,,,,,,,,,,,0,,,Y,Y,A1600001,2
2026-07-26 07:43:03,data_go_kr,대전광역시,A1600002,학교법인을지학원대전을지대학교병원,19,20260726074000,042-259-1119,Y,Y,,,,,,,,5,,0,0,-10,-5,7,3,,2,5,1,,,,3,2,,,3,2,6,,Y,,Y,,2,6,Y,4,Y,Y,,,Y,Y,Y,96,Y,,Y,Y,16,15,N1,21,,2,1,,20,20,20,,,,,20,5,,,11,,,40,15,2,20,,16,4,2,4,70,12,47,7,3,3,,,331,,,,,,,,,0,0,0,0,30,3,2,6,Y,Y,A1600002,3
2026-07-26 07:43:03,data_go_kr,대전광역시,A1600007,의료법인영훈의료재단유성선병원,12,20260726073653,042-609-1119,,,,,,,,,,,,,,,,,,,2,,1,,,,,1,,,,,,1,Y,,Y,,,,Y,,Y,Y,,,Y,Y,Y,105,N1,3,N1,Y,,-4,Y,17,,2,1,,,,,,,,,,,,19,1,,,,7,,,1,1,3,3,2,17,,,2,1,,,1,368,,,,,,,,,,,,,,,,,Y,N1,A1600007,4
2026-07-26 07:43:03,data_go_kr,대전광역시,A1600005,학교법인가톨릭학원가톨릭대학교대전성모병원,15,20260726074011,042-220-9118,Y,Y,,,,,,,,4,,,,,,,,,2,1,,,,,3,0,,,,,,3,Y,,Y,2,,,Y,,Y,Y,1,0,Y,Y,Y,150,N1,,Y,Y,4,12,N1,19,,3,,,15,3,4,,,3,9,,3,2,,1,,,,12,,,4,1,3,2,4,24,5,7,5,2,,,,537,,,,,,,,,,,,,,,,,Y,Y,A1600005,5
2026-07-26 07:43:03,data_go_kr,대전광역시,A1600008,의료법인영훈의료재단대전선병원,15,20260726073643,042-220-8129,,,,,,,,,,,,,,,,,,,1,,3,,,,,-1,,,,,,0,Y,,Y,,,,Y,,Y,Y,,,Y,Y,N1,78,N1,7,N1,Y,,7,N1,17,,1,3,,,,,,,,,,,,24,1,,,,7,,,1,1,2,2,2,11,,,3,,,,,311,,,,,,,,,,,,,,,,,Y,N1,A1600008,6
2026-07-26 07:43:03,data_go_kr,대전광역시,A1600004,대전보훈병원,7,20260726073558,042-939-0100,,,,,,,,,,,,,,,,,,,1,,1,,,,,1,,,,,,1,,,Y,,,,Y,,Y,Y,,,N1,Y,N1,70,N1,3,N1,Y,,5,N1,7,,1,1,,,,,,,,,,,,10,1,,,,5,,,1,,1,3,1,12,,,,,,,,316,,,,,,,,,,,,,,,,,Y,N1,A1600004,7
2026-07-26 07:43:03,data_go_kr,대전광역시,A1600003,대전한국병원,8,20260726074001,042-606-1119,,Y,,,,,,,,,,,,,,,,,1,,,,,,,,,,,,,,Y,,Y,,,,Y,,Y,Y,,,Y,Y,N1,42,N1,5,Y,Y,,4,N1,9,,1,,,,,,,,,,,,,12,,,,,4,,,,4,2,2,2,6,,1,1,,,,,241,,,,,,,,,,,,,,,,,Y,N1,A1600003,8
2026-07-26 07:43:03,data_go_kr,대전광역시,A1602246,대청병원,9,20260726074009,042-589-0119,,,,,,,,,,,,,,,,,,,,,1,,,,,,,,,,,,,,Y,,,,,,Y,N1,,,Y,Y,N1,110,N1,1,N1,Y,,3,N1,9,,,1,,,,,,,,,,,,17,,,,,3,,,,,2,1,,10,,,1,,,,,245,,,,,,,,,,,,,,,,,Y,N1,A1602246,9
2026-07-26 07:43:03,data_go_kr,울산광역시,A1700004,학교법인울산공업학원울산대학교병원,8,20260726073744,052-250-7000,Y,Y,3,3,,,,0,,5,,,4,,5,,,8,0,11,0,3,,,3,8,13,,2,2,9,0,Y,,Y,,1,5,Y,13,Y,Y,,1,Y,Y,Y,193,Y,3,Y,Y,3,20,N1,21,8,0,0,12,13,16,26,,,,,20,6,2,8,8,36,,42,20,2,20,0,5,7,5,6,83,14,27,17,8,4,,,725,3,3,,,,8,,,,4,,5,,,2,6,Y,Y,A1700004,1
2026-07-26 07:43:03,data_go_kr,울산광역시,A1700028,의료법인정안의료재단중앙병원,11,20260726073909,052-226-1119,,,,,,,,,,,,,,,,,,,1,,2,1,,,,2,2,,,,,0,,,Y,,,,Y,,Y,Y,,,Y,Y,N1,73,N1,1,N1,Y,,8,N1,17,,1,2,2,,,,,,,,,,,18,2,4,,,8,,,1,,2,2,2,7,,,2,,,,,335,,,,,,,,,,,,,,,,,Y,N1,A1700028,2
2026-07-26 07:43:03,data_go_kr,울산광역시,A1700003,울산병원,18,20260726074002,052-259-5119,,,,,,,,,,,,,,,,,,,1,,2,1,,,,0,2,,,,,,,,Y,,,,Y,,Y,Y,,,Y,Y,Y,52,Y,10,N1,Y,,4,Y,19,,1,2,2,,,,,,,,,,,17,1,3,,,4,,,,,2,2,3,12,,,4,1,2,,2,343,,,,,,,,,,,,,,,,,Y,N1,A1700003,3
2026-07-26 07:43:03,data_go_kr,울산광역시,A1700025,의료법인송은의료재단울산시티병원,15,20260726074005,052-280-9119,,,,,,,,,,,,,,,,,,,1,,2,0,,,,2,2,,,,,,,,Y,,,,Y,,Y,Y,,,Y,Y,N1,52,N1,7,N1,Y,,8,N1,17,,1,2,2,,,,,,,,,,,24,3,3,,,8,,,,,2,2,2,17,,,4,,,,,347,,,,,,,,,,,,,,,,,Y,N1,A1700025,4
2026-07-26 07:43:03,data_go_kr,울산광역시,A1700002,의료법인동강의료재단동강병원,22,20260726073936,052-241-1190,,,,,,,,,,4,,,,,,,,,1,0,2,1,,,3,1,0,,,,,0,,Y,Y,,,,Y,,Y,Y,,,Y,Y,Y,154,N1,,N1,Y,,7,N1,24,,1,2,2,14,9,,,,,,,13,,,1,3,,,8,,,2,,3,2,4,25,,,7,5,,1,,513,,,,,,,,,,,,,,,,,Y,N1,A1700002,5
2026-07-26 07:43:03,data_go_kr,울산광역시,A1700011,의료법인은성의료재단좋은삼정병원,6,20260726073634,052-220-7600,,,,,,,,,,,,,,,,,,,,,1,,,,,0,,,,,,1,,,Y,,,,Y,,Y,Y,,,Y,Y,N1,48,N1,3,N1,Y,,7,N1,9,,,1,,,,,,,,,,,,14,1,,,,8,,,1,,2,2,1,5,,,1,,,,,283,,,,,,,,,,,,,,,,,Y,N1,A1700011,6
2026-07-26 07:43:03,data_go_kr,울산광역시,A1700001,서울산보람병원,9,20260726073813,052-255-7119,,,,,,,,,,,,,,,,,,,,,1,,,,,,,,,,,,,,Y,,,,,,Y,N1,,,N1,Y,N1,93,N1,,N1,Y,,3,N1,10,,,1,,,,,,,,,,,,,,,,,3,,,,,1,1,,1,,,,,,,,213,,,,,,,,,,,,,,,,,Y,N1,A1700001,7
2026-07-26 07:43:03,data_go_kr,세종특별자치시,A1800441,세종충남대학교병원,8,20260726073800,044-995-3010,Y,Y,,,1,1,,,,,,,,,,,,3,1,,2,,,1,,1,,5,,,,3,Y,,Y,,,,Y,,Y,Y,,,Y,Y,Y,93,Y,4,Y,Y,0,7,N1,17,6,1,2,,,,19,,2,,,,,,11,2,,6,,8,,,4,3,2,2,3,29,7,19,5,3,2,,,299,,,1,1,,,,,,,,,,,,,Y,Y,A1800441,1
2026-07-26 07:43:03,data_go_kr,세종특별자치시,A1800417,의료법인 영제 의료재단 엔케이세종병원,8,20260726073607,044-850-7777,,,,,,,,,,,,,,,,,,,,,1,,,,,,,,,,,,,,Y,,,,,,Y,N1,,,N1,Y,N1,140,N1,,N1,Y,,3,N1,10,,,1,,,,,,,,,,,,,,,,,3,,,,,1,1,,1,,,,,,,,200,,,,,,,,,,,,,,,,,Y,N1,A1800417,2
2026-07-26 07:43:03,data_go_kr,경기도,A2100042,의료법인명지의료재단명지병원,12,20260726074000,031-810-7119,Y,Y,3,2,,3,0,0,1,,0,0,0,0,0,0,,0,0,,0,4,,,,4,10,,,,0,0,Y,Y,Y,,,,Y,,Y,Y,,,Y,Y,Y,162,Y,11,Y,Y,3,12,Y,15,0,0,3,16,,,3,,,,,,,,31,4,28,,,13,,0,0,2,6,3,5,49,4,5,8,5,2,1,2,443,3,2,,3,4,3,2,0,0,0,0,0,0,,,,Y,Y,A2100042,1
2026-07-26 07:43:03,data_go_kr,경기도,A2100033,국민건강보험공단일산병원,17,20260726074003,031-900-0761,Y,Y,,,,,0,,1,5,,0,0,,0,0,,0,2,7,3,0,,,3,2,11,,,,4,0,Y,,Y,,,,Y,,Y,Y,,,Y,Y,Y,186,N1,,Y,Y,6,2,N1,23,5,2,3,19,10,16,25,,,,,,6,,,11,29,,,2,,28,4,2,4,3,3,60,8,28,13,5,,,,659,,,,,1,,1,,0,0,,0,0,,,,Y,Y,A2100033,2
2026-07-26 07:43:03,data_go_kr,경기도,A2100005,순천향대학교부속부천병원,10,20260726073621,032-621-5117,Y,Y,2,2,,,,,,5,,0,,0,0,,,5,0,7,0,8,,,,4,20,,,,,4,Y,Y,Y,,,4,Y,,Y,Y,,,Y,Y,Y,277,Y,9,Y,Y,2,21,Y,17,5,0,0,20,16,15,24,,,,,,,,22,8,34,,,21,,,7,1,4,3,5,71,9,31,17,4,3,1,1,674,2,3,,,,,,,0,,0,0,,,,5,Y,Y,A2100005,3
2026-07-26 07:43:03,data_go_kr,경기도,A2100001,분당서울대학교병원,-9,20260726073800,031-787-3119,Y,Y,,,,,,3,,4,,,5,9,,,,3,2,2,3,2,0,,4,0,9,,,,1,3,Y,,Y,2,,2,Y,,Y,Y,,,Y,Y,Y,404,Y,0,Y,Y,0,39,N1,30,5,2,3,15,13,13,35,6,,,10,,9,,8,1,30,,,39,,15,3,3,11,11,11,128,17,39,16,8,8,,,1247,,,,,,5,,,,5,9,,,,,2,Y,Y,A2100001,4
2026-07-26 07:43:03,data_go_kr,경기도,A2100030,차의과학대학교분당차병원,21,20260726073757,031-780-5840,Y,Y,2,2,1,1,0,0,,0,,,0,,0,,0,10,,4,,0,,0,0,1,13,6,,,11,,Y,,Y,0,,,Y,,Y,Y,,,Y,Y,Y,200,Y,,Y,Y,7,25,N1,22,11,,,14,8,9,35,,2,,7,,6,,,4,43,6,,26,,22,,8,5,3,4,40,26,46,6,2,2,,,726,2,3,1,1,2,2,,,,0,,1,,0,,,Y,Y,A2100030,5
2026-07-26 07:43:03,data_go_kr,경기도,A2100002,아주대학교병원,23,20260726073954,031-219-7777,Y,Y,2,6,1,2,,0,,3,,,,0,0,,0,7,0,5,0,6,,0,5,0,24,0,0,3,5,5,Y,,Y,5,2,6,Y,2,Y,Y,0,5,Y,Y,Y,158,Y,,Y,Y,4,25,N1,30,9,0,0,16,14,10,36,,2,6,13,40,7,11,,3,42,6,60,25,3,20,8,3,8,6,9,126,27,34,32,9,7,,,792,2,6,1,4,,2,,,,,0,0,,0,2,6,Y,Y,A2100002,6
2026-07-26 07:43:03,data_go_kr,경기도,A2100003,고려대학교의과대학부속안산병원,13,20260726074011,031-412-5381,Y,Y,2,3,,,0,,,0,,,,,,,,4,,13,2,5,,,1,0,24,,,,9,5,Y,,Y,,,,Y,,Y,Y,,,Y,Y,Y,183,Y,0,Y,Y,1,20,N1,22,4,,3,18,10,13,25,,,,,,10,,6,3,30,,,20,,16,10,2,3,4,4,66,15,19,8,5,3,,,605,2,3,,,2,,,,,,,,,,,,Y,Y,A2100003,7
2026-07-26 07:43:03,data_go_kr,경기도,A2100004,한림대학교성심병원,16,20260726073756,031-380-1500,Y,Y,0,5,,,0,,,0,,,,,,,,3,2,4,4,6,,,,1,18,,,,11,2,Y,Y,Y,,,,Y,,Y,Y,0,5,Y,Y,Y,173,Y,,Y,Y,5,19,N1,25,3,2,4,19,27,16,9,,,8,,,,18,,3,30,,,19,,20,14,2,4,3,6,102,8,10,20,14,2,1,,610,0,5,,,1,,,,,,,,,,,,Y,Y,A2100004,8
2026-07-26 07:43:03,data_go_kr,경기도,A2100040,가톨릭대학교의정부성모병원,22,20260726074010,031-820-5200,Y,Y,,,,,0,0,,,,,,,,,,11,2,,4,2,,,1,0,16,,8,2,,,Y,,Y,,2,6,Y,2,Y,Y,,,Y,Y,Y,192,Y,2,Y,Y,-1,13,N1,42,11,2,4,18,,,15,,,,,20,6,,26,4,30,,53,13,2,,,3,4,3,4,54,10,28,12,4,3,,,519,,,,,1,1,,,,,,,,,2,6,Y,Y,A2100040,9
2026-07-26 07:43:03,data_go_kr,경기도,A2100047,동국대학교일산불교병원,13,20260726074002,031-961-7777,Y,Y,,,,,,,,7,,,,,,,3,3,1,6,3,,,,,1,,,,,15,0,Y,,Y,,,,Y,,Y,Y,,,Y,Y,Y,179,Y,,Y,Y,11,12,N1,19,3,1,3,,16,13,13,,,,,,,,,4,,,,12,,15,0,8,2,2,2,19,13,25,4,2,1,,,463,,,,,,,,,,,,,,3,,,Y,Y,A2100047,10
2026-07-26 07:43:03,data_go_kr,경기도,A2100038,인제대학교일산백병원,29,20260726073831,031-910-7114,N,N,,,,,,,,0,,,,,,,,,3,2,2,,,,,0,,,,,5,1,Y,,Y,,,,Y,,Y,Y,,1,Y,Y,Y,194,Y,,N,Y,,17,N1,34,,3,3,,25,32,,,,,,,,4,,4,,,,17,,16,2,3,3,3,4,54,18,22,7,3,1,,,545,,,,,,,,,,,,,,,,,Y,N,A2100038,11
2026-07-26 07:43:03,data_go_kr,경기도,A2118788,중앙대학교광명병원,17,20260726074008,02-2222-1351,Y,Y,0,0,,,,,,,,,,,,,,,1,,2,,,,5,3,,,,,,2,Y,,Y,,,,Y,,Y,Y,4,,Y,Y,Y,208,Y,12,Y,Y,0,17,N1,21,,1,2,,,,16,,,5,,,5,,24,6,,,,17,,,2,2,2,2,5,28,6,16,5,4,10,,,576,0,0,,,,,,,,,,,,,,,Y,Y,A2118788,12
2026-07-26 07:43:03,data_go_kr,경기도,A2100007,광명성애병원,9,20260726073943,02-2680-7116,Y,Y,,,,,,,,,,,,,,6,,4,1,,4,,,,,0,,,,,,,Y,,Y,,,,Y,,Y,Y,,,Y,Y,N1,62,N1,10,Y,Y,,5,N1,11,4,1,4,,,,,,,,,,,,13,1,,,,5,,,,2,2,2,1,12,2,5,1,,,,,189,,,,,,,,,,,,,50,,,,Y,Y,A2100007,13
2026-07-26 07:43:03,data_go_kr,경기도,A2100155,참조은병원,4,20260726073801,031-881-9119,,,,,,,,,,,,,,0,0,,6,1,1,,3,,,,,3,,,,,,1,,,Y,,,,Y,,Y,Y,,,Y,Y,N1,49,Y,-1,N1,Y,,7,N1,9,1,1,3,,,,,,,,,,,,22,3,,,,7,,,2,,3,3,2,18,,,3,,2,,,286,,,,,,,,,,,0,0,,6,,,Y,N1,A2100155,14
2026-07-26 07:43:03,data_go_kr,경기도,A2100039,한양대학교구리병원,13,20260726073800,1644-9118,Y,Y,,,,,,,,0,,,,,,,,,1,2,3,,,,,,,,,,,4,Y,,Y,,,,Y,,Y,Y,,,Y,Y,Y,172,Y,,Y,Y,1,9,N1,18,,1,4,,17,14,10,,,,,,,,,,,,,9,,,5,1,3,2,3,21,6,14,4,2,2,,,488,,,,,,,,,,,,,,,,,Y,Y,A2100039,15
2026-07-26 07:43:03,data_go_kr,경기도,A2100054,효산의료재단지샘병원,15,20260726073544,031-389-3119,,,,,,,,,,,,,,,,,1,,2,,1,,,,,1,,,,,,1,,,Y,,,,Y,,Y,Y,,,Y,Y,N1,77,N1,3,N1,Y,,5,N1,18,,2,1,,,,,,,,,,,,18,1,,,,5,,,2,,2,1,3,11,,,2,,,,,367,,,,,,,,,,,,,,1,,,Y,N1,A2100054,16
2026-07-26 07:43:03,data_go_kr,경기도,A2100048,원광대학교산본병원,15,20260726073951,031-390-2345,,,,,,,,,,,,,,,,,,,1,,1,,,,,,,,,,,,Y,,Y,,,,Y,,Y,Y,,,Y,Y,N1,78,N1,7,N1,Y,,5,N1,17,,1,2,,,,,,,,,,,,12,,,,,5,,,,1,1,1,1,1,,,2,,,,,188,,,,,,,,,,,,,,,,,Y,N1,A2100048,17
2026-07-26 07:43:03,data_go_kr,경기도,A2100053,의료법인우리의료재단김포우리병원,11,20260726073942,031-999-1119,,,,,,,,,,,,,,0,0,0,,,1,,6,,,,,0,,,,,,3,,,Y,,,,Y,,Y,Y,,,Y,Y,Y,76,Y,0,N1,Y,,7,N1,22,,1,6,,,,,,,,,,,,36,1,,,,7,,,11,,2,2,2,48,,,4,1,2,,,477,,,,,,,,,,,0,0,0,,,,Y,N1,A2100053,18
2026-07-26 07:43:03,data_go_kr,경기도,A2100006,의료법인인봉의료재단뉴고려병원,12,20260726074018,031-980-9119,,,,,,,,,,,,,,,,,3,,1,,2,,,,,7,,,,,,,,,Y,,,,Y,,Y,Y,,,Y,Y,N1,89,N1,6,N1,Y,,6,N1,14,,1,2,,,,,,,,,,,,24,10,,,,6,,,,,2,2,2,7,,,1,,,,,278,,,,,,,,,,,,,,3,,,Y,N1,A2100006,19
2026-07-26 07:43:03,data_go_kr,경기도,A2100041,남양주한양병원,15,20260726074015,031-510-0119,,,,,,,,,,,,,,,,,,,1,,2,,,,,11,,,,,,,,,Y,,,,Y,,Y,Y,,,Y,Y,N1,88,N1,5,N1,Y,,,Y,17,,1,2,,,,,,,,,,,,17,23,,,,,,,,,2,2,1,33,,,2,,,,1,244,,,,,,,,,,,,,,,,,Y,N1,A2100041,20
2026-07-26 07:43:03,data_go_kr,경기도,A2100037,현대병원,15,20260726051247,031-574-0114,,,,,,,,,,,,,,,,,,,3,,,,,,,1,,,,,,,,,Y,,,,Y,,Y,Y,,,Y,Y,N1,68,Y,0,N1,Y,,7,N1,17,,3,,,,,,,,,,,,,19,20,,,,7,,,,,2,2,2,50,,,17,,2,,,342,,,,,,,,,,,,,,,,,Y,N1,A2100037,21
2026-07-26 07:43:03,data_go_kr,경기도,A2100055,부천세종병원,16,20260726074010,032-340-1119,Y,Y,,,,,,,,,,,,,,,,,1,,2,1,,,,0,1,,,,,0,Y,,Y,,,,Y,,Y,Y,,,Y,Y,Y,85,Y,0,Y,Y,,6,N1,17,,1,2,2,,,,,,,,,,,20,2,3,,,6,,,6,1,2,1,5,18,1,1,5,4,1,,,268,,,,,,,,,,,,,,,,,Y,Y,A2100055,22
2026-07-26 07:43:03,data_go_kr,경기도,A2100052,가톨릭대학교부천성모병원,24,20260726074011,032-340-2100,Y,Y,,,,,,,,0,,,,,,,3,,2,1,1,,,,,0,,,,,,3,Y,,Y,3,,,Y,,Y,Y,,,Y,Y,Y,201,Y,,Y,Y,9,13,N1,31,,2,1,,16,12,10,,,,18,,,,,4,,,,14,,,4,3,3,3,3,28,4,14,11,1,2,,,562,,,,,,,,,,,,,,3,,,Y,Y,A2100052,23
2026-07-26 07:43:03,data_go_kr,경기도,A2100025,대진의료재단분당제생병원,16,20260726074000,031-779-0119,Y,Y,,,,,,,,4,,,7,,,,,2,1,7,2,,,,,2,,,,,,0,Y,Y,Y,,,,Y,,Y,Y,,,Y,Y,Y,138,Y,,Y,Y,1,9,N1,24,3,1,2,,11,14,3,,,,,,,,,4,,,,9,,,2,2,4,3,3,22,1,5,5,2,3,1,,484,,,,,,,,,,7,,,,,,,Y,Y,A2100025,24
2026-07-26 07:43:03,data_go_kr,경기도,A2116806,성남시의료원,13,20260726074000,031-738-7300,,,,,,,,,,,,,,,,,,6,2,18,3,,,,,3,,,,,,28,,,Y,,,,Y,,Y,Y,,,Y,Y,Y,106,Y,,N1,Y,,8,Y,17,6,2,4,,,25,,,,,,,,,,5,,,,8,,,28,,3,2,2,31,,,6,3,1,,2,241,,,,,,,,,,,,,,,,,Y,N1,A2116806,25
2026-07-26 07:43:03,data_go_kr,경기도,A2117135,의료법인명인의료재단화홍병원,12,20260726073539,031-8021-6829,Y,,,,,,,,,,,,,,,,,,2,,3,,,,,0,,,,,,,,,Y,,,,,,Y,N1,,,N1,Y,Y,59,N1,13,N1,Y,,6,Y,15,,2,3,,,,,,,,,,,,29,1,,,,6,,,,,2,2,,4,1,,,1,,,1,228,,,,,,,,,,,,,,,,,Y,Y,A2117135,26
2026-07-26 07:43:03,data_go_kr,경기도,A2100009,의료법인녹산의료재단동수원병원,13,20260726073938,031-210-0119,,Y,,,,,,,,,,,,,,,,,1,,2,0,,,,0,2,,,,,0,Y,,Y,,,,Y,,Y,Y,,,Y,Y,N1,65,N1,10,Y,Y,,5,N1,17,,1,2,2,,,,,,,,,,,18,3,4,,,5,,,1,1,2,2,1,15,,4,1,,,,,335,,,,,,,,,,,,,,,,,Y,N1,A2100009,27
2026-07-26 07:43:03,data_go_kr,경기도,A2100012,가톨릭대학교성빈센트병원,19,20260726074010,031-249-7370,Y,Y,,,1,1,,,,6,,,,,,,,6,2,9,2,3,,2,8,2,,6,,,8,3,Y,,Y,9,,,Y,,Y,Y,,1,Y,Y,Y,290,Y,,Y,Y,2,19,N1,28,6,2,2,4,20,11,18,,2,,15,,8,8,,5,,6,,19,,30,11,2,5,4,6,52,7,18,12,4,4,,,658,,,1,1,,,,,,,,,,,,,Y,Y,A2100012,28
2026-07-26 07:43:03,data_go_kr,경기도,A2100008,의료법인남촌의료재단시화병원,14,20260726073745,031-5189-0567,,,,,,,,,,,,,,,,,,5,1,,4,,,,,1,,,,,,1,Y,,Y,,,,Y,,Y,Y,,,Y,Y,Y,77,N1,18,N1,Y,,7,N1,16,5,1,5,,,,,,,,,,,,52,1,,,,7,,,1,1,3,3,2,29,,,4,2,,,,461,,,,,,,,,,,,,,,,,Y,N1,A2100008,29
2026-07-26 07:43:03,data_go_kr,경기도,A2100017,대아의료재단한도병원,14,20260726073620,031-8040-1129,,,,,,,,,,,,,,,,,,,1,,2,,,,,1,,,,,,,,,Y,,,,Y,,Y,Y,,,Y,Y,N1,96,N1,10,N1,Y,,6,N1,17,,1,2,,,,,,,,,,,,29,1,,,,6,,,,,3,2,2,15,,,3,,,,,327,,,,,,,,,,,,,,,,,Y,N1,A2100017,30
2026-07-26 07:43:03,data_go_kr,경기도,A2100015,효산의료재단안양샘병원,14,20260726073913,031-467-9119,,,,,,,,,,0,,,,,,,,,1,3,2,,,,,1,,,,,,,,,Y,,,,Y,,Y,Y,,,Y,Y,Y,61,N1,,N1,Y,,6,N1,17,,1,2,,9,9,,,,,,,,,,1,,,,6,,,,,2,1,2,12,,,2,1,,,,307,,,,,,,,,,,,,,,,,Y,N1,A2100015,31
2026-07-26 07:43:03,data_go_kr,경기도,A2100024,오산한국병원,16,20260726073841,031-378-5119,,,,,,,,,,,,,,,,,,,1,,1,1,,,,1,3,,,,,2,,,Y,,,,Y,,Y,Y,,,Y,Y,N1,49,Y,1,N1,Y,,5,N1,17,,1,2,2,,,,,,,,,,,32,1,3,,,5,,,2,,2,2,2,17,,,2,,1,,,259,,,,,,,,,,,,,,,,,Y,N1,A2100024,32
2026-07-26 07:43:03,data_go_kr,경기도,A2100020,연세대학교의과대학용인세브란스병원,14,20260726073646,031-5189-9001,Y,Y,,,,,,,,6,,,,,,,,6,1,6,2,,,,,1,,,,,,2,Y,,Y,,,,Y,,Y,Y,,,Y,Y,Y,184,Y,,Y,Y,0,15,N1,16,6,1,3,,19,16,12,,,,,,,,,2,,,,15,,,4,2,3,3,4,31,6,18,6,3,4,,,597,,,,,,,,,,,,,,,,,Y,Y,A2100020,33
2026-07-26 07:43:03,data_go_kr,경기도,A2100029,강남병원,15,20260726073913,031-300-0119,,,,,,,,,,,,,,,,,,,1,,2,2,,,,1,1,,,,,,,,Y,,,,,,Y,N1,,,Y,Y,N1,21,N1,14,N1,Y,,4,N1,17,,1,2,2,,,,,,,,,,,30,1,3,,,4,,,,,2,2,,7,,,2,,,,,264,,,,,,,,,,,,,,,,,Y,N1,A2100029,34
2026-07-26 07:43:03,data_go_kr,경기도,A2100019,(의)영문의료재단다보스병원,8,20260726074016,031-8021-2130,,,,,,,,,,,,,,,,,3,,1,,2,0,,,,1,1,,,,,,,,Y,,,,,,Y,N1,,,Y,Y,N1,44,N1,1,N1,Y,,6,N1,13,,1,2,2,,,,,,,,,,,23,1,3,,,6,,,,,1,1,,7,,,2,,,,,222,,,,,,,,,,,,,,4,,,Y,N1,A2100019,35
2026-07-26 07:43:03,data_go_kr,경기도,A2117994,학교법인을지학원의정부을지대학교병원,30,20260726073601,031-8074-0119,Y,Y,,,,,,,,3,,,,,,,8,6,1,3,2,,,,,2,,,,,4,2,Y,,Y,,0,0,Y,,Y,Y,,,Y,Y,Y,233,Y,,Y,Y,3,12,N1,30,6,1,2,,29,22,5,,,,,,,,,2,,,,14,,22,6,8,3,3,4,48,5,5,6,3,2,,,588,,,,,,,,,,,,,,8,0,0,Y,Y,A2117994,36
2026-07-26 07:43:03,data_go_kr,경기도,A2100193,경기도의료원이천병원,8,20260726074001,031-630-4333,,,,,,,,,,,,,,,,,,,1,,0,2,,,,2,0,,,,,6,,,Y,,,,,,Y,N1,,,N1,Y,N1,40,N1,2,N1,Y,,4,N1,17,,1,2,2,,,,,,,,,,,6,2,3,,,4,,,6,,1,1,,8,,,,,,,,187,,,,,,,,,,,,,,,,,Y,N1,A2100193,37
2026-07-26 07:43:03,data_go_kr,경기도,A2100035,경기도의료원파주병원,15,20260726073901,031-940-9119,,,,,,,,,,,,,,,,,,,1,,2,1,,,,,1,,,,,,Y,,Y,,,,,,Y,N1,,,N1,Y,N1,82,N1,5,N1,Y,,3,N1,17,,1,2,2,,,,,,,,,,,8,,3,,,3,,,,1,1,1,,9,,,,,,,,189,,,,,,,,,,,,,,,,,Y,N1,A2100035,38
2026-07-26 07:43:03,data_go_kr,경기도,A2100028,의료법인백송의료재단굿모닝병원,14,20260726073814,031-5182-7582,,,,,,,,,,,,,,,,,5,,2,,1,,,,,1,,,,,,,,,Y,,,,Y,,Y,Y,,,Y,Y,Y,97,N1,6,N1,Y,,7,Y,19,,2,1,,,,,,,,,,,,27,3,,,,7,,,,,5,3,3,23,,,5,3,,,1,392,,,,,,,,,,,,,,6,,,Y,N1,A2100028,39
2026-07-26 07:43:03,data_go_kr,경기도,A2113246,의료법인양진의료재단평택성모병원,15,20260726073744,070-5012-0119,,,,,,,,,,,,,,,,0,,,1,,2,2,,,,2,3,,,,,,,,Y,,,,Y,,Y,Y,,,Y,Y,N1,56,N1,14,N1,Y,,6,N1,17,,1,2,2,,,,,,,,,,,34,2,3,,,6,,,,,3,3,2,8,,,2,,,,,329,,,,,,,,,,,,,0,,,,Y,N1,A2113246,40
2026-07-26 07:43:03,data_go_kr,경기도,A2100031,경기도의료원포천병원,14,20260726074001,031-539-9119,,Y,,,,,,,,,,,,,,,,,1,,2,,,,,0,,,,,,1,Y,,Y,,,,,,Y,N1,,,N1,Y,N1,54,N1,2,Y,Y,,4,N1,17,,1,2,,,,,,,,,,,,10,0,,,,4,,,3,3,1,1,,7,,2,,,,,,137,,,,,,,,,,,,,,,,,Y,N1,A2100031,41
2026-07-26 07:43:03,data_go_kr,경기도,A2100046,한림대학교동탄성심병원,25,20260726073930,031-8086-2119,Y,Y,2,0,,,,,,11,,,,,,,,9,,3,,,,,2,6,,,,,,6,Y,Y,Y,,,,Y,,Y,Y,3,,Y,Y,Y,189,Y,,Y,Y,12,20,Y,32,9,,,,28,13,13,,,13,,,9,,,11,,,,20,,,11,1,6,3,6,51,8,16,17,5,5,1,1,515,3,0,,,,,,,,,,,,,,,Y,Y,A2100046,42
2026-07-26 07:43:03,data_go_kr,경기도,A2100290,의료법인자인의료재단(더자인병원),13,20260726074012,031-930-3119,,,,,,,,,,,,,,,,,,,2,,2,2,,,,1,1,,,,,,,,Y,,,,Y,,Y,Y,,,Y,Y,N1,85,N1,5,N1,N,,5,N1,16,,2,2,2,,,,,,,,,,,10,2,3,,,5,,,,,2,2,1,15,,,1,,,,,233,,,,,,,,,,,,,,,,,Y,N1,A2100290,43
2026-07-26 07:43:03,data_go_kr,경기도,A2100049,국립암센터,15,20260726074000,031-920-0119,,N,,,,,,,,,,,,,,,,,,,1,,,,,8,,,,,,,,,Y,,,,Y,,Y,Y,,,Y,Y,Y,146,Y,14,N,Y,,18,N1,24,,,1,,,,,,,,,,,,19,9,,,,18,,,,,7,5,3,29,,1,8,2,7,,,554,,,,,,,,,,,,,,,,,Y,N1,A2100049,44
2026-07-26 07:43:03,data_go_kr,경기도,A2116972,의료법인성광의료재단일산차병원,6,20260726073914,031-782-8587,Y,Y,,,,,,,,,,,,,,,,,,,3,,,,,1,,,,,,1,Y,,,,,,,,Y,N1,,,N1,N1,N1,69,N1,4,Y,N1,0,10,N1,6,,,4,,,,17,,,,,,,,4,1,,,,10,,,1,9,,,,4,11,19,,,,,,179,,,,,,,,,,,,,,,,,Y,Y,A2116972,45
2026-07-26 07:43:03,data_go_kr,경기도,A2118188,엘병원,6,20260726073822,031-527-6119,,,,,,,,,,,,,,,,,,,,,2,,,,,0,,,,,,0,,,Y,,,,,,Y,N1,,,N1,Y,N1,56,N1,6,N1,Y,,3,N1,8,,,2,,,,,,,,,,,,8,1,,,,3,,,1,,1,1,,2,,,,,,,,146,,,,,,,,,,,,,,,,,Y,N1,A2118188,46
2026-07-26 07:43:03,data_go_kr,경기도,A2100050,의료법인대인의료재단다니엘종합병원,4,20260726074002,032-670-0119,,,,,,,,,,,,,,,,,,,1,,3,,,,,1,,,,,,,,,Y,,,,,,Y,N1,,,N,Y,N1,36,N1,9,N1,Y,,3,N1,6,,1,3,,,,,,,,,,,,30,1,,,,3,,,,,1,1,,17,,,1,,,,,169,,,,,,,,,,,,,,,,,Y,N1,A2100050,47
2026-07-26 07:43:03,data_go_kr,경기도,A2100258,국군수도병원,15,20260726074013,031-725-6119,,,,,,,,,,,,,,2,6,,,,0,,,,,,,1,,,15,,2,,,,Y,,,,Y,15,Y,Y,,,Y,Y,Y,154,N1,10,N1,Y,,9,N1,16,,2,,,,,,,,,,20,,,12,1,,,40,9,,15,,,3,4,2,2,,,5,2,,,,530,,,,,,,,,,,2,6,,,,,Y,N1,A2100258,48
2026-07-26 07:43:03,data_go_kr,경기도,A2100016,순천의료재단성남정병원,9,20260726073855,031-750-6003,,,,,,,,,,,,0,,,27,,,,2,,,,,,,,,,,,,,,,Y,,,,,,Y,N1,,,N1,Y,N1,76,N1,,N1,Y,,4,N1,9,,2,,,,,,,,,,,,,,,,,,4,,,,,1,1,,1,,,,,,,,98,,,,,,,,,0,,,105,,,,,Y,N1,A2100016,49
2026-07-26 07:43:03,data_go_kr,경기도,A2121061,의료법인덕산의료재단수원덕산병원,22,20260726074003,031-686-2911,N,Y,,,,,,,,,,,,,,,,3,1,,2,2,,,,0,2,,,,,0,Y,,Y,,,,Y,,Y,Y,,,Y,Y,Y,104,N1,4,Y,Y,,9,N1,24,3,1,2,2,,,,,,,,,,,22,3,4,,,9,,,5,5,3,2,2,15,N,2,5,2,,,,403,,,,,,,,,,,,,,,,,Y,N,A2121061,50
2026-07-26 07:43:03,data_go_kr,경기도,A2100032,경기도의료원수원병원,5,20260726074001,031-888-0119,,,,,,,,,,,,,,,,,3,,,,2,,,,,,,,,,,2,,,Y,,,,,,Y,N1,,,N1,Y,N1,43,N1,7,N1,Y,,3,N1,8,,,2,,,,,,,,,,,,9,,,,,3,,,2,,1,1,,9,,,,,,,,156,,,,,,,,,,,,,,3,,,Y,N1,A2100032,51
2026-07-26 07:43:03,data_go_kr,경기도,A2100175,의료법인토마스의료재단윌스기념병원,17,20260726073929,031-240-6119,,,,,,,,,,,,,,,,,,,1,,2,2,,,,0,3,,,,,,Y,,Y,,,,Y,,Y,Y,,,Y,Y,N1,74,N1,10,N1,Y,,10,N1,18,,1,2,2,,,,,,,,,,,18,1,3,,,10,,,,1,1,4,1,1,,,1,,,,,282,,,,,,,,,,,,,,,,,Y,N1,A2100175,52
2026-07-26 07:43:03,data_go_kr,경기도,A2100027,의료법인석경의료재단센트럴병원,18,20260726073746,031-8041-3019,,,,,,,,,,,,,,,,,,,1,,2,,,,,,,,,,,,,,Y,,,,,,Y,N1,,,Y,Y,N1,100,N1,4,N1,Y,,3,N1,18,,1,2,,,,,,,,,,,,20,,,,,3,,,,,2,2,,7,,,2,,,,,255,,,,,,,,,,,,,,,,,Y,N1,A2100027,53
2026-07-26 07:43:03,data_go_kr,경기도,A2100013,의료법인 록향의료재단 신천연합병원,4,20260726074001,031-310-6661,,,,,,,,,,,,,,,,,,,,,1,,,,,0,,,,,,,,,Y,,,,,,Y,N1,,,Y,Y,N1,23,N1,0,N1,Y,,3,N1,10,,,1,,,,,,,,,,,,6,1,,,,3,,,,,1,1,,4,,,1,,,,,112,,,,,,,,,,,,,,,,,Y,N1,A2100013,54
2026-07-26 07:43:03,data_go_kr,경기도,A2100021,의료법인플러스의료재단단원병원,15,20260726074152,031-8040-5911,,,,,,,,,,,,,1,,,,,,1,,2,,,,,1,,,,,,,,,Y,,,,Y,,Y,Y,,,Y,Y,Y,80,N1,7,N1,Y,,5,N1,17,,1,2,,,,,,,,,,,,27,1,,,,5,,,,,1,1,2,8,,,2,1,,,,342,,,,,,,,,,1,,,,,,,Y,N1,A2100021,55
2026-07-26 07:43:03,data_go_kr,경기도,A2100014,근로복지공단안산병원,6,20260726073600,031-500-1119,,,,,,,,,,,,,,,,,,,,,1,,,,,1,,,,,,0,,,Y,,,,,,Y,N1,,,N1,Y,N1,89,N1,11,N1,Y,,3,N1,7,,,1,,,,,,,,,,,,18,1,,,,3,,,2,,1,1,,14,,,,,,,,359,,,,,,,,,,,,,,,,,Y,N1,A2100014,56
2026-07-26 07:43:03,data_go_kr,경기도,A2100124,의료법인칠석의료재단사랑의병원,12,20260726073031,031-502-0119,,,,,,,,,,,,,,,,,,,1,,,,,,,,,,,,,,,,Y,,,,,,Y,N1,,,Y,Y,N1,46,N1,6,N1,Y,,5,N1,13,,1,,,,,,,,,,,,,14,,,,,5,,,,,2,2,,8,,,1,,,,,206,,,,,,,,,,,,,,,,,Y,N1,A2100124,57
2026-07-26 07:43:03,data_go_kr,경기도,A2100045,경기도의료원안성병원,12,20260726074001,031-8046-5119,,,,,,,,,,,,,,,,,,,1,,,,,,,1,,,,,,8,,,Y,,,,,,Y,N1,,,N1,Y,N1,57,N1,4,N1,Y,,5,N1,14,,1,,,,,,,,,,,,,13,2,,,,5,,,8,,1,1,,8,,,,,,,,178,,,,,,,,,,,,,,,,,Y,N1,A2100045,58
2026-07-26 07:43:03,data_go_kr,경기도,A2100305,안성성모병원,9,20260726073922,031-675-8275,,,,,,,,,,,,,,,,,,,,,1,,,,,,,,,,,,,,Y,,,,,,Y,N1,,,N1,Y,N1,94,N1,3,N1,Y,,3,N1,9,,,1,,,,,,,,,,,,20,,,,,3,,,,,1,1,,7,,,,,,,,188,,,,,,,,,,,,,,,,,Y,N1,A2100305,59
2026-07-26 07:43:03,data_go_kr,경기도,A2100089,양평병원,8,20260726074001,031-770-5119,N,N,,,,,,,,,,,,,,,,,,,1,,,,,,,,,,,,N,N,Y,,,,N,,Y,N,,,N,Y,N,25,N,,N,Y,,3,N,9,,,1,,,,,,,,,,,,,,,,,3,,,,0,1,1,0,1,0,0,0,0,0,0,0,90,,,,,,,,,,,,,,,,,Y,N,A2100089,60
2026-07-26 07:43:03,data_go_kr,경기도,A2100194,세종여주병원,6,20260726074016,031-880-7754,,,,3,,,,,,,,,,,,,3,,,,4,,,,,,,,,,,,,,Y,,,,,,Y,N1,,,Y,Y,N1,127,N1,,N1,Y,,2,N1,6,,,4,,,,,,,,,,,,,,,,,2,,,,,1,1,,4,,,2,,,,,210,,3,,,,,,,,,,,,3,,,Y,N1,A2100194,61
2026-07-26 07:43:03,data_go_kr,경기도,E2100187,연천군보건의료원,10,20260726074005,031-839-4119,,,,,,,,,,,,,,,,,,,,,,,,,,,,,,,,,,,Y,,,,,,Y,N1,,,N1,Y,N1,51,N1,,N1,N1,,2,N1,10,,,,,,,,,,,,,,,,,,,,2,,,,,1,,,1,,,,,,,,52,,,,,,,,,,,,,,,,,Y,N1,E2100187,62
2026-07-26 07:43:03,data_go_kr,경기도,A2100122,(의)효심의료재단용인서울병원,10,20260726073938,031-336-0119,,,,,,,,,,,,,,,,,,,,,,,,,,,,,,,,,,,Y,,,,,,Y,N1,,,N1,Y,N1,150,N1,,N1,Y,,3,N1,10,,,,,,,,,,,,,,,,,,,,3,,,,,1,1,,1,,,,,,,,201,,,,,,,,,,,,,,,,,Y,N1,A2100122,63
2026-07-26 07:43:03,data_go_kr,경기도,A2121142,메디필드한강병원,16,20260726074005,031-332-1119,,,,,,,,,,,,,,,,,,,1,,2,,,,,1,,,,,,1,,,Y,,,,Y,,Y,Y,,,Y,Y,N1,158,N1,6,N1,Y,,6,N1,17,,1,2,,,,,,,,,,,,15,1,,,,6,,,1,,3,2,1,13,,,2,,,,,192,,,,,,,,,,,,,,,,,Y,N1,A2121142,64
2026-07-26 07:43:03,data_go_kr,경기도,A2100034,의료법인영동의료재단의정부백병원,9,20260726073945,031-842-1211,,,,,,,,,,,,,,,,,,,,,2,,,,,,,,,,,,,,Y,,,,,,Y,N1,,,N1,Y,N1,103,N1,0,N1,Y,,3,N1,10,,,2,,,,,,,,,,,,9,,,,,3,,,,,1,1,,1,,,,,,,,192,,,,,,,,,,,,,,,,,Y,N1,A2100034,65
2026-07-26 07:43:03,data_go_kr,경기도,A2100150,추병원,12,20260726073905,031-845-8313,,,,,,,,,,,,,,,,,,,1,,1,,,,,,,,,,,,,,Y,,,,Y,,Y,Y,,,N1,Y,N1,52,N1,3,N1,N,,3,N1,12,,1,1,,,,,,,,,,,,15,,,,,3,,,,,2,1,1,1,,,,,,,,210,,,,,,,,,,,,,,,,,Y,N1,A2100150,66
2026-07-26 07:43:03,data_go_kr,경기도,A2100043,경기도의료원의정부병원,10,20260726074001,031-828-5119,,,,,,,,,,,,,,,,0,,,1,,,,,,,,,,,,31,2,,,Y,,,,,,Y,N1,,,N1,Y,N1,34,N1,3,N1,Y,,3,N1,10,,1,,,,,,,,,,,,,6,,,,,3,,70,5,,1,1,,8,,,,,,,,86,,,,,,,,,,,,,0,,,,Y,N1,A2100043,67
2026-07-26 07:43:03,data_go_kr,경기도,A2100131,메디인병원,8,20260726074033,031-570-7912,,,,,,,,,,,,,,,,,,,,,2,,,,,,,,,,,,,,Y,,,,Y,,Y,Y,,,N1,Y,N1,69,N1,,N1,Y,,4,N1,12,,,2,,,,,,,,,,,,,,,,,4,,,,,1,1,1,2,,,,,,,,206,,,,,,,,,,,,,,,,,Y,N1,A2100131,68
2026-07-26 07:43:03,data_go_kr,경기도,A2100309,의료법인갈렌의료재단박병원,10,20260726074001,031-662-4119,,,,,,,,,,,,,,,,,,,,,1,,,,,,,,,,,,,,Y,,,,,,Y,N1,,,N1,Y,N1,34,N1,2,N1,Y,,2,N1,10,,,1,,,,,,,,,,,,10,,,,,2,,,,,1,2,,3,,,,,,,,143,,,,,,,,,,,,,,,,,Y,N1,A2100309,69
2026-07-26 07:43:03,data_go_kr,경기도,A2100022,의료법인박애의료재단박애병원,10,20260726073956,031-650-9219,,,,,,,,,,,,,,,,,,,,,1,,,,,,,,,,,,,,Y,,,,,,Y,N1,,,Y,Y,N1,110,N1,6,N1,Y,,5,N1,10,,,1,,,,,,,,,,,,10,,,,,5,,,,,2,1,,20,,,2,,,,,193,,,,,,,,,,,,,,,,,Y,N1,A2100022,70
2026-07-26 07:43:03,data_go_kr,경기도,A2100036,의료법인 일심의료재단 포천우리병원,18,20260726073906,031-541-8282,,,,,,,,,,,,,,,,,,,1,,3,,,,,2,,,,,,2,,,Y,,,,Y,,Y,Y,,,Y,Y,N1,71,N1,3,N1,Y,,5,N1,18,,1,3,,,,,,,,,,,,18,2,,,,5,,,2,,2,2,1,14,,,3,,,,,201,,,,,,,,,,,,,,,,,Y,N1,A2100036,71
2026-07-26 07:43:03,data_go_kr,경기도,A2100018,의료법인은혜와감사의료재단화성중앙종합병원,8,20260726073608,031-371-7998,,,,,,,,,,,,,,,,,,,,,1,,,,,,,,,,,,,,Y,,,,,,Y,N1,,,N1,Y,N1,81,N1,4,N1,Y,,3,N1,9,,,1,,,,,,,,,,,,8,,,,,3,,,,,1,1,,3,,,,,,,,131,,,,,,,,,,,,,,,,,Y,N1,A2100018,72
2026-07-26 07:43:03,data_go_kr,경기도,A2115699,의료법인원광의료재단원광종합병원,8,20260726073838,031-8077-7219,,,,,,,,,,,,,,,,,,,1,,,,,,,,,,,,,,,,Y,,,,,,Y,N1,,,N1,Y,N1,27,N1,-1,N1,Y,,4,N1,9,,1,,,,,,,,,,,,,9,,,,,4,,,,,1,2,,4,,,,,,,,135,,,,,,,,,,,,,,,,,Y,N1,A2115699,73
2026-07-26 07:43:03,data_go_kr,강원특별자치도,A2200008,강릉아산병원,19,20260726074015,033-610-3333,Y,Y,,,,,0,1,,0,,,,,,,,3,2,0,3,1,,,,,10,,,,,,Y,,Y,,,,Y,,Y,Y,,,Y,Y,Y,114,Y,,Y,Y,6,14,Y,23,3,2,3,18,14,16,13,,,,,,,,,,38,,,15,,,,2,4,3,4,33,8,12,8,5,1,,2,604,,,,,1,6,,,,,,,,,,,Y,Y,A2200008,1
2026-07-26 07:43:03,data_go_kr,강원특별자치도,A2200001,연세대학교원주세브란스기독병원,22,20260726073502,033-741-1641,Y,Y,3,20,,,0,,,1,,,,,,,,3,2,5,3,3,,,,,15,,9,2,5,,Y,,Y,3,2,6,Y,6,Y,Y,,,Y,Y,Y,203,Y,,Y,Y,7,15,Y,29,3,2,3,20,15,12,19,,,,15,20,,,,,30,,40,15,2,24,,2,5,4,7,100,12,25,16,7,13,,4,584,4,36,,,2,,,,,,,,,,2,6,Y,Y,A2200001,2
2026-07-26 07:43:03,data_go_kr,강원특별자치도,A2200013,한림대학교춘천성심병원,15,20260726073720,033-240-5219,Y,Y,2,3,,,,0,,,,,,,,,,3,,,,6,,,,0,29,,,,,1,Y,Y,Y,,,,Y,,Y,Y,2,,Y,Y,Y,97,Y,6,Y,Y,,9,Y,22,3,,,20,,,,,,8,,,,,20,2,45,,,9,,,2,1,2,2,3,33,1,4,6,2,1,1,1,252,2,3,,,,2,,,,,,,,,,,Y,Y,A2200013,3
2026-07-26 07:43:03,data_go_kr,강원특별자치도,A2200005,의료법인강릉동인병원,16,20260726073957,033-650-6105,,,,,,,,,,1,,,,,,,,,1,,2,,,,,2,,,,,9,,,,Y,,,,Y,,Y,Y,,,Y,Y,N1,70,N1,0,N1,Y,,5,N1,17,,1,2,,12,,,,,,,,,,12,2,,,,5,,101,,,2,1,1,14,,,1,,,,,248,,,,,,,,,,,,,,,,,Y,N1,A2200005,4
2026-07-26 07:43:03,data_go_kr,강원특별자치도,A2200007,강원특별자치도삼척의료원,15,20260726073502,033-571-0431,,Y,,,,,,,,,,,,,,,,1,2,,1,0,,,,0,3,,,,,6,Y,,Y,,,,,,Y,N1,,,Y,Y,N1,57,N1,0,Y,Y,,4,N1,16,1,2,1,2,,,,,,,,,,,6,2,3,,,4,,,10,1,1,1,,3,,3,1,,,,,189,,,,,,,,,,,,,,,,,Y,N1,A2200007,5
2026-07-26 07:43:03,data_go_kr,강원특별자치도,A2200012,강원특별자치도속초의료원,17,20260726074001,,Y,Y,,,,,,,,,,,,,,,,,2,,1,,,,,,,,,,,,Y,,Y,,,,,,Y,N1,,,N1,Y,N1,64,N1,0,Y,Y,,3,N1,17,,2,1,,,,,,,,,,,,8,,,,,3,,,,2,1,1,,7,1,1,,,,,,154,,,,,,,,,,,,,,,,,Y,Y,A2200012,6
2026-07-26 07:43:03,data_go_kr,강원특별자치도,A2200009,강원대학교병원,13,20260726074000,033-258-2293,Y,Y,,,,,0,,,3,,,,,,,,3,2,,3,1,4,,5,1,,,,,3,12,Y,,Y,2,,,Y,,Y,Y,,,Y,Y,Y,272,Y,,Y,Y,1,11,N1,21,3,2,3,5,10,,15,8,,,8,,8,,,2,,,,11,,16,14,3,4,2,4,43,13,24,12,3,10,,,508,,,,,0,,,,,,,,,,,,Y,Y,A2200009,7
2026-07-26 07:43:03,data_go_kr,강원특별자치도,A2200011,강원특별자치도강릉의료원,0,20260726074001,033-610-1234,,,,,,,,,,,,,,,,20,,,,,1,,,,,,,,,,,5,,,Y,,,,,,Y,N1,,,N1,Y,N1,19,N1,0,N1,Y,,2,N1,5,,,1,,,,,,,,,,,,8,,,,,2,,,5,,1,1,,4,,,,,,,,122,,,,,,,,,,,,,20,,,,Y,N1,A2200011,8
2026-07-26 07:43:03,data_go_kr,강원특별자치도,A2200003,의료법인동해동인병원,8,20260726073938,033-530-0129,,,,,,,,,,,,,,,,,,,,,1,,,,,1,,,,,57,,,,Y,,,,,,Y,N1,,,N1,Y,N1,33,N1,9,N1,Y,,2,N1,10,,,1,,,,,,,,,,,,19,1,,,,2,,110,,,1,1,,7,,,,,,,,178,,,,,,,,,,,,,,,,,Y,N1,A2200003,9
2026-07-26 07:43:03,data_go_kr,강원특별자치도,A2200046,의료법인온세움의료재단온재병원,0,20260726073934,033-639-8988,,,,,,,,,,,,,,,,,,,,,1,,,,,,,,,,29,,,,Y,,,,,,Y,N1,,,N1,Y,N1,25,N1,0,N1,Y,,4,N1,9,,,1,,,,,,,,,,,,15,,,,,4,,59,,,1,1,,5,,,,,,,,219,,,,,,,,,,,,,,,,,Y,N1,A2200046,10
2026-07-26 07:43:03,data_go_kr,강원특별자치도,A2200037,의료법인성심의료재단양구성심병원,3,20260726074010,033-480-8816,,Y,,,,,,,,,,,,,,,,,1,,,,,,,,,,,,,,Y,,Y,,,,,,Y,N1,,,N1,Y,N1,39,N1,,Y,N1,,,N1,5,,1,,,,,,,,,,,,,,,,,,,,,,1,1,,,1,,1,,,,,,52,,,,,,,,,,,,,,,,,Y,N1,A2200037,11
2026-07-26 07:43:03,data_go_kr,강원특별자치도,A2200002,강원특별자치도영월의료원,7,20260726074001,033-370-9129,,Y,,,,,,,,,,,,,,,1,,,,,,,,,0,,,,,,2,Y,,Y,,,,,,Y,N1,,,N1,Y,N1,44,N1,0,Y,Y,,2,N1,9,,,,,,,,,,,,,,,10,2,,,,2,,,2,1,1,1,,7,,3,,,,,,174,,,,,,,,,,,,,,1,,,Y,N1,A2200002,12
2026-07-26 07:43:03,data_go_kr,강원특별자치도,A2200015,강원특별자치도원주의료원,16,20260726074002,033-760-4701,,,,,,,,,,,,,,,,,,,1,,2,,,,,,,,,,,,,,Y,,,,,,Y,N1,,,N1,Y,N1,50,N1,0,N1,Y,,3,N1,17,,1,2,,,,,,,,,,,,20,,,,,3,,,,,1,1,,7,,,,,,,,259,,,,,,,,,,,,,,,,,Y,N1,A2200015,13
2026-07-26 07:43:03,data_go_kr,강원특별자치도,A2200024,의료법인성지의료재단성지병원,5,20260726073545,033-760-3119,,,,,,,,,,,,,,,,13,,,,,1,,,,,,,,,,,,,,Y,,,,,,Y,N1,,,N1,Y,N1,-63,N1,9,N1,Y,,4,N1,7,,,1,,,,,,,,,,,,9,,,,,4,,,,,1,2,,4,,,,,,,,135,,,,,,,,,,,,,13,,,,Y,N1,A2200024,14
2026-07-26 07:43:03,data_go_kr,강원특별자치도,A2200048,근로복지공단정선병원,5,20260726073600,033-560-7150,,,,,,,,,,,,,,,,,,,,,1,,,,,,,,,,,,,,Y,,,,,,Y,N1,,,N1,Y,N1,46,N1,,N1,N1,,,N1,5,,,1,,,,,,,,,,,,,,,,,,,,,,1,,,3,,,,,,,,149,,,,,,,,,,,,,,,,,Y,N1,A2200048,15
2026-07-26 07:43:03,data_go_kr,강원특별자치도,A2201730,철원병원,2,20260726074001,033-452-5012,N,Y,,,,,,,,,,,,,,,,,1,,,,,,,,,,,,,,Y,N,Y,,,,N,,Y,N,,,N,Y,N,36,N,,Y,Y,,2,N,5,,1,,,,,,,,,,,,,,,,,,2,,,,1,1,1,0,1,0,1,0,0,0,0,0,68,,,,,,,,,,,,,,,,,Y,N,A2201730,16
2026-07-26 07:43:03,data_go_kr,강원특별자치도,A2200004,근로복지공단태백병원,9,20260726073900,033-580-3119,,,,,,,,,,,,,,,,,,,1,,,,,,,1,,,,,,,Y,,Y,,,,,,Y,N1,,,N1,Y,N1,66,N1,4,N1,Y,,2,N1,9,,1,,,,,,,,,,,,,9,1,,,,2,,,,1,1,1,,8,,,,,,,,223,,,,,,,,,,,,,,,,,Y,N1,A2200004,17
2026-07-26 07:43:03,data_go_kr,강원특별자치도,E2200026,평창군보건의료원,6,20260726074001,033-330-4812,,,,,,,,,,,,,,,,,,,,,1,,,,,,,,,,,,,,Y,,,,,,Y,N1,,,N1,Y,N1,20,N1,,N1,N1,,,N1,6,,,1,,,,,,,,,,,,,,,,,,,,,,1,,,1,,,,,,,,20,,,,,,,,,,,,,,,,,Y,N1,E2200026,18
2026-07-26 07:43:03,data_go_kr,강원특별자치도,A2200014,홍천아산병원,9,20260726073501,033-430-5119,,,,,,,,,,,,,,,,,,,,,,,,,,,,,,,,,,,Y,,,,,,Y,N1,,,N1,Y,N1,8,N1,0,N1,Y,,2,N1,10,,,,,,,,,,,,,,,7,,,,,2,,,,,1,1,,4,,,,,,,,128,,,,,,,,,,,,,,,,,Y,N1,A2200014,19
2026-07-26 07:43:03,data_go_kr,강원특별자치도,E2200025,화천군보건의료원,7,20260726074001,033-440-2880,,,,,,,,,,,,,,,,,,,,,1,,,,,,,,,,,,,,,,,,,,Y,N1,,,N1,N1,N1,16,N1,,N1,N1,,,N1,7,,,1,,,,,,,,,,,,,,,,,,,,,,,,,1,,,,,,,,16,,,,,,,,,,,,,,,,,Y,N1,E2200025,20
2026-07-26 07:43:03,data_go_kr,강원특별자치도,A2200016,횡성대성병원,7,20260726074018,033-345-1191,,,,,,,,,,,,,,,,,,,,,1,,,,,,,,,,,,,,Y,,,,,,Y,N1,,,N1,Y,N1,29,N1,,N1,Y,,1,N1,9,,,1,,,,,,,,,,,,,,,,,1,,,,,1,1,,1,,,,,,,,114,,,,,,,,,,,,,,,,,Y,N1,A2200016,21
2026-07-26 07:43:03,data_go_kr,충청북도,A2300001,충북대학교병원,27,20260726074000,043-269-6114,Y,Y,2,3,,,,0,,2,,,,,,,,7,,,,2,,,,2,30,,12,2,5,12,Y,,Y,,2,6,Y,16,Y,Y,3,,Y,Y,Y,258,Y,8,Y,Y,14,16,N1,30,8,,,18,8,,25,,,4,,20,,,17,5,40,,40,16,2,21,13,2,4,4,6,98,13,31,18,10,17,,,547,2,3,,,,2,,,,,,,,,2,6,Y,Y,A2300001,1
2026-07-26 07:43:03,data_go_kr,충청북도,A2300009,의료법인명지의료재단명지병원,15,20260726073745,043-640-8117,,,,,,,,,,,,,,,,,,3,2,,4,2,,,,3,,,,,,,,,Y,,,,Y,,Y,Y,,,Y,Y,Y,81,N1,5,N1,Y,,3,N1,18,3,2,4,2,,,,,,,,,,,15,3,,,,3,,,,,2,1,1,10,,,2,1,,,,201,,,,,,,,,,,,,,,,,Y,N1,A2300009,2
2026-07-26 07:43:03,data_go_kr,충청북도,A2300005,의료법인자산의료재단제천서울병원,11,20260726073537,043-643-2327,,,,,,,,,,,,,,,,,,,1,,3,,,,,,2,,,,,,,,Y,,,,,,Y,N1,,,Y,Y,N1,31,N1,0,N1,Y,,3,Y,15,,1,4,,,,,,,,,,,,11,,5,,,3,,,,,1,1,,10,,,1,,,,1,202,,,,,,,,,,,,,,,,,Y,N1,A2300005,3
2026-07-26 07:43:03,data_go_kr,충청북도,A2300013,의료법인 건명의료재단 중앙제일병원,15,20260726073621,043-537-9119,,,,,,,,,,,,,,,,,,,3,,,,,,,3,,,,,,31,,,Y,,,,,,Y,N1,,,Y,Y,N1,61,N1,5,N1,Y,,5,N1,17,,3,,,,,,,,,,,,,12,6,,,,5,,,31,,2,2,,6,,,1,,,,,192,,,,,,,,,,,,,,,,,Y,N1,A2300013,4
2026-07-26 07:43:03,data_go_kr,충청북도,A2300007,의료법인인화재단한국병원,11,20260726073711,043-222-6177,,Y,,,,,,,,,,,,,,,3,,1,,2,,,,,1,,,,,,1,Y,,Y,,,,Y,,Y,Y,,,Y,Y,N1,66,N1,0,Y,Y,,8,N1,14,,1,2,,,,,,,,,,,,24,1,,,,8,,,1,1,3,3,2,18,,1,3,,,,,403,,,,,,,,,,,,,,3,,,Y,N1,A2300007,5
2026-07-26 07:43:03,data_go_kr,충청북도,A2300003,의료법인정산의료재단효성병원,15,20260726073737,043-221-2192,,N,,,,,,,,,,,,,,,,,1,,4,0,,,,0,2,,,,,,Y,,Y,,,,Y,,Y,Y,,,Y,Y,N1,69,N1,2,N,Y,,4,Y,18,,1,4,2,,,,,,,,,,,27,2,3,,,4,,,,1,3,4,2,19,,1,2,,,,1,363,,,,,,,,,,,,,,,,,Y,N1,A2300003,6
2026-07-26 07:43:03,data_go_kr,충청북도,A2300008,청주성모병원,7,20260726074009,043-219-8119,,Y,,,,,,,,3,,,,,,,,,2,4,2,2,,,,1,4,,,,,8,Y,,Y,,,,Y,,Y,Y,,,Y,Y,N1,117,N1,,Y,Y,,8,N1,15,,2,5,2,13,12,,,,,,,,,,1,4,,,8,,,30,1,3,2,2,19,,2,2,,,,,358,,,,,,,,,,,,,,,,,Y,N1,A2300008,7
2026-07-26 07:43:03,data_go_kr,충청북도,A2300002,의료법인한마음의료재단하나병원,8,20260726074026,043-230-6594,,,,,,,,,,,,,,,,,9,,1,,1,,,,,1,,,,,,,,,Y,,,,Y,,Y,Y,,,Y,Y,N1,141,N1,1,N1,Y,,7,Y,11,,1,2,,,,,,,,,,,,24,2,,,,7,,,,,3,3,2,20,,,4,,,,1,463,,,,,,,,,,,,,,9,,,Y,N1,A2300002,8
2026-07-26 07:43:03,data_go_kr,충청북도,A2300010,건국대학교충주병원,12,20260726074001,043-840-8330,Y,Y,,,,,,,,,,,,,,,,,1,,2,,,,,,,,,,,0,Y,,Y,,,,Y,,Y,Y,,,Y,Y,Y,86,N1,8,Y,Y,,5,N1,20,,1,2,,,,,,,,,,,,18,,,,,5,,,1,1,2,1,2,11,1,4,3,1,,,,194,,,,,,,,,,,,,,,,,Y,Y,A2300010,9
2026-07-26 07:43:03,data_go_kr,충청북도,A2300034,의료법인대광의료재단괴산성모병원,9,20260726073549,043-830-5419,,,,,,,,,,,,,,,,,,,,,0,,,,,,,,,,,,,,Y,,,,,,Y,N1,,,N1,Y,N1,5,N1,,N1,Y,,1,N1,9,,,1,,,,,,,,,,,,,,,,,1,,,,,1,1,,3,,,,,,,,153,,,,,,,,,,,,,,,,,Y,N1,A2300034,10
2026-07-26 07:43:03,data_go_kr,충청북도,E2300011,단양군보건의료원,5,20260726074001,043-420-0139,,,,,,,,,,,,,,,,,,,1,,,,,,,,,,,,,2,,,Y,,,,,,Y,N1,,,N1,Y,N1,14,N1,,N1,N1,,,N1,6,,1,,,,,,,,,,,,,,,,,,,,,2,,1,,,1,,,,,,,,14,,,,,,,,,,,,,,,,,Y,N1,E2300011,11
2026-07-26 07:43:03,data_go_kr,충청북도,A2300030,의료법인조윤의료재단영동병원,8,20260726073507,043-740-9333,,Y,,,,,,,,,,,,,,,,,,,,,,,,,,,,,,,Y,,Y,,,,,,Y,N1,,,N1,Y,N1,31,N1,,Y,Y,,2,N1,10,,,,,,,,,,,,,,,,,,,,2,,,,1,1,1,,3,,1,,,,,,161,,,,,,,,,,,,,,,,,Y,N1,A2300030,12
2026-07-26 07:43:03,data_go_kr,충청북도,A2300011,의료법인힐링의료재단옥천성모병원,3,20260726073635,043-730-7119,,,,,,,,,,,,,,,,,,,2,,1,,,,,,,,,,,,,,Y,,,,,,Y,N1,,,N1,Y,N1,22,N1,0,N1,Y,,2,N1,7,,2,1,,,,,,,,,,,,7,,,,,2,,,,,1,1,,4,,,,,,,,157,,,,,,,,,,,,,,,,,Y,N1,A2300011,13
2026-07-26 07:43:03,data_go_kr,충청북도,A2300006,충청북도청주의료원,12,20260726074002,043-279-0119,,Y,,,,,,,,,,,,,,,3,,1,,,,,,,2,,,,,90,6,Y,,Y,,,,Y,,Y,Y,,,Y,Y,N1,152,N1,18,Y,Y,,5,N1,12,,1,,,,,,,,,,,,,21,3,,,,5,,90,6,1,1,2,1,11,,1,1,,,,,359,,,,,,,,,,,,,,3,,,Y,N1,A2300006,14
2026-07-26 07:43:03,data_go_kr,충청북도,A2300004,충청북도충주의료원,18,20260726074002,043-871-0119,,,,,,,,,,,,,,,,,,,1,,2,,,,,,,,,,,,,,Y,,,,Y,,Y,Y,,,Y,Y,N1,130,N1,4,N1,Y,,4,N1,18,,1,2,,,,,,,,,,,,12,,,,,4,,,,,1,1,1,8,,,1,,,,,282,,,,,,,,,,,,,,,,,Y,N1,A2300004,15
2026-07-26 07:43:03,data_go_kr,충청남도,A2400002,단국대학교의과대학부속병원,17,20260726074000,041-550-6840,Y,Y,2,2,,,,0,,,,,,3,,,,4,,0,1,0,,,,0,20,,5,2,11,1,Y,,Y,2,2,6,Y,2,Y,Y,,,Y,Y,Y,231,Y,,Y,Y,-3,13,Y,25,4,,1,18,,13,25,,,,13,20,,,,1,30,,40,13,2,20,8,3,4,3,6,6,14,29,15,7,17,,1,640,2,2,,,,2,,,,,7,,,,2,6,Y,Y,A2400002,1
2026-07-26 07:43:03,data_go_kr,충청남도,A2400001,학교법인동은학원순천향대학교부속천안병원,16,20260726073622,041-590-7019,Y,Y,,,1,3,1,,,12,,,,,,,,14,4,9,3,6,,2,,4,9,4,,,,3,Y,Y,Y,,,,Y,,Y,Y,,,Y,Y,Y,210,Y,,Y,Y,2,19,Y,22,14,4,3,17,18,15,38,,2,,,,,,,6,30,6,,19,,,14,11,6,4,6,60,16,37,6,6,10,1,1,713,,,1,3,1,,,,,,,,,,,,Y,Y,A2400001,2
2026-07-26 07:43:03,data_go_kr,충청남도,A2400009,의료법인백제병원,17,20260726073855,041-730-8882,,,,,,,,,,,,,,,,,,,1,,2,,,,,,,,,,19,,,,Y,,,,Y,,Y,Y,,,Y,Y,N1,13,N1,-1,N1,Y,,4,N1,20,,1,2,,,,,,,,,,,,26,,,,,4,,49,,,2,2,1,11,,,3,,,,,398,,,,,,,,,,,,,,,,,Y,N1,A2400009,3
2026-07-26 07:43:03,data_go_kr,충청남도,A2400008,당진종합병원,10,20260726074030,041-358-3624,,,,,,,,,,,,,,,,,,,1,,2,,,,,,,,,,,,,,Y,,,,Y,,Y,Y,,,Y,Y,N1,94,N1,1,N1,Y,,4,N1,17,,1,2,,,,,,,,,,,,13,,,,,4,,,,,2,2,1,5,,,1,,,,,246,,,,,,,,,,,,,,,,,Y,N1,A2400008,4
2026-07-26 07:43:03,data_go_kr,충청남도,A2400011,재단법인아산사회복지재단보령아산병원,15,20260726073500,041-930-5333,,,,,,,,,,,,,,,,,,,1,,2,,,,,,,,,,,,,,Y,,,,,,Y,N1,,,N1,Y,N1,77,N1,3,N1,Y,,2,N1,17,,1,2,,,,,,,,,,,,8,,,,,2,,,,,1,1,,4,,,,,,,,221,,,,,,,,,,,,,,,,,Y,N1,A2400011,5
2026-07-26 07:43:03,data_go_kr,충청남도,A2400003,서산중앙병원,15,20260726073504,041-661-1195,,,,,,,,,,,,,,,,,,,1,,2,,,,,,,,,,,,,,Y,,,,,,Y,N1,,,Y,Y,N1,44,N1,7,N1,Y,,4,N1,17,,1,2,,,,,,,,,,,,17,,,,,4,,,,,1,1,,7,,,1,,,,,288,,,,,,,,,,,,,,,,,Y,N1,A2400003,6
2026-07-26 07:43:03,data_go_kr,충청남도,A2400006,충청남도서산의료원,16,20260726073603,041-689-7119,,,,,,,,,,,,,,,,,,,1,,2,0,,,,,2,,,,,5,,,Y,,,,,,Y,N1,,,N1,Y,N1,24,N1,0,N1,Y,,3,N1,17,,1,2,2,,,,,,,,,,,8,,4,,,3,,,5,,2,1,,10,,,,,,,,259,,,,,,,,,,,,,,,,,Y,N1,A2400006,7
2026-07-26 07:43:03,data_go_kr,충청남도,A2402257,아산충무병원,9,20260726073945,041-536-6519,,,1,7,,,,,,,,,,5,,,,,,,,,,,,1,,,,,,,Y,,Y,,,,Y,,Y,Y,,,Y,Y,Y,170,Y,10,N1,Y,,4,N1,13,,,,,,,,,,,,,,,22,2,,,,4,,,,1,2,2,3,27,,,4,2,1,,,456,1,7,,,,,,,,,5,,,,,,Y,N1,A2402257,8
2026-07-26 07:43:03,data_go_kr,충청남도,A2400012,의료법인영서의료재단천안충무병원,12,20260726073840,041-570-7519,,,,,,,,,,,,,,,,,,,1,,4,,,,,0,,,,,,,,,Y,0,,,Y,,Y,Y,,,Y,Y,Y,52,N1,1,N1,Y,,5,N1,16,,1,4,,,,,,,,7,,,,19,3,,,,5,,,,,2,2,3,26,,,3,3,,,,333,,,,,,,,,,,,,,,,,Y,N1,A2400012,9
2026-07-26 07:43:03,data_go_kr,충청남도,A2400007,충청남도홍성의료원,15,20260726073901,041-630-6119,,,,,,,,,,,,,,,,,,1,1,,2,2,,,,1,3,,,,3,1,Y,,Y,,,,N,,Y,N,,,Y,Y,N1,86,N1,5,N1,Y,,4,N,18,1,1,2,2,,,,,,,,,,,22,1,3,,,4,,49,1,1,2,2,1,10,,,1,,,,2,260,,,,,,,,,,,,,,,,,Y,N1,A2400007,10
2026-07-26 07:43:03,data_go_kr,충청남도,A2400010,충청남도공주의료원,12,20260726073602,041-962-1365,,,,,,,,,,,,,,,,,,,,,1,,,,,,,,,,,5,,,Y,,,,,,Y,N1,,,Y,Y,N1,57,N1,3,N1,Y,,6,N1,15,,,1,,,,,,,,,,,,16,,,,,6,,,6,,1,1,,9,,,2,,,,,273,,,,,,,,,,,,,,,,,Y,N1,A2400010,11
2026-07-26 07:43:03,data_go_kr,충청남도,A2400038,학교법인건양교육재단건양대학교부여병원,7,20260726073855,041-837-1201,,,,,,,,,,,,,,,,,,,,,1,,,,,,,,,,,,,,Y,,,,,,Y,N1,,,N1,Y,N1,21,N1,,N1,N1,,1,N1,9,,,1,,,,,,,,,,,,,,,,,1,,,,,1,,,1,,,,,,,,55,,,,,,,,,,,,,,,,,Y,N1,A2400038,12
2026-07-26 07:43:03,data_go_kr,충청남도,A2400044,의료법인 서해병원,3,20260726073919,041-950-0219,,,,,,,,,,,,,,,,,,,,,2,,,,,,,,,,,,,,Y,,,,,,Y,N1,,,N1,Y,N1,20,N1,,N1,N1,,,N1,5,,,2,,,,,,,,,,,,,,,,,,,,,,1,,,1,,,,,,,,79,,,,,,,,,,,,,,,,,Y,N1,A2400044,13
2026-07-26 07:43:03,data_go_kr,충청남도,A2400039,현대병원,7,20260726074001,041-546-7744,N,N,,,,,,,,,,,,,,,,,,,1,,,,,,,,,,,,N,N,Y,0,,,N,,Y,N,,,N,Y,N,8,N,2,N,Y,,3,N,10,,,1,,,,,,,,0,,,,7,,,,,3,,,,0,1,1,0,3,0,0,0,0,0,0,0,84,,,,,,,,,,,,,,,,,Y,N,A2400039,14
2026-07-26 07:43:03,data_go_kr,충청남도,A2400004,의료법인 예당의료재단 예산종합병원,6,20260726073939,041-330-4119,,,,,,,,,,,,,,,,,,,,,1,,,,,,,,,,,,,,Y,,,,,,Y,N1,,,N1,Y,N1,2,N1,4,N1,Y,,0,N1,6,,,1,,,,,,,,,,,,9,,,,,0,,,,,0,0,,0,,,,,,,,88,,,,,,,,,,,,,,,,,Y,N1,A2400004,15
2026-07-26 07:43:03,data_go_kr,충청남도,A2400005,충청남도천안의료원,10,20260726074001,041-570-7119,,,,,,,,,,,,,,,,6,,,,,1,,,,,,,,,,,,,,Y,,,,,,Y,N1,,,N1,Y,N1,63,N1,6,N1,Y,,4,N1,12,,,1,,,,,,,,,,,,15,,,,,4,,,,,1,1,,10,,,,,,,,241,,,,,,,,,,,,,6,,,,Y,N1,A2400005,16
2026-07-26 07:43:03,data_go_kr,충청남도,E2400032,청양군보건의료원,5,20260726074001,041-940-4951,,,,,,,,,,,,,,,,,,,,,1,,,,,,,,,,,,,,Y,,,,,,Y,N1,,,N1,Y,N1,12,N1,,N1,N1,,1,N1,6,,,1,,,,,,,,,,,,,,,,,1,,,,,1,,,1,,,,,,,,12,,,,,,,,,,,,,,,,,Y,N1,E2400032,17
2026-07-26 07:43:03,data_go_kr,충청남도,E2400033,태안군보건의료원,10,20260726074001,041-671-5319,,,,,,,,,,,,,,,,,,,,,1,,,,,,,,,,,,,,Y,,,,,,Y,N1,,,N1,Y,N1,22,N1,,N1,N1,,,N1,10,,,1,,,,,,,,,,,,,,,,,,,,,,1,,,1,,,,,,,,34,,,,,,,,,,,,,,,,,Y,N1,E2400033,18
2026-07-26 07:43:03,data_go_kr,전북특별자치도,A2500001,원광대학교병원,5,20260726074020,063-859-1165,Y,Y,2,3,,,,2,,1,,,,,,,,3,,5,,7,,,5,1,16,,16,2,4,1,Y,,Y,,2,6,Y,7,Y,Y,,,Y,Y,Y,181,Y,4,Y,Y,2,15,Y,26,3,,,18,8,15,15,,,,,20,8,,15,7,31,,40,15,2,30,2,1,5,4,5,11,12,20,8,4,1,,2,543,2,3,,,,2,,,,,,,,,2,6,Y,Y,A2500001,1
2026-07-26 07:43:03,data_go_kr,전북특별자치도,A2500002,전북대학교병원,14,20260726073824,063-250-1131,Y,Y,2,5,,,2,1,,2,,,,,,,,4,,3,,4,5,,6,1,9,,,,3,15,Y,,Y,6,,,Y,,Y,Y,,,Y,Y,Y,331,Y,,Y,Y,23,21,N1,36,5,,,17,10,8,25,10,,,18,,11,,,2,30,,,21,,23,15,3,1,2,5,11,15,22,4,2,1,,,834,2,5,,,2,1,,,,,,,,,,,Y,Y,A2500002,2
2026-07-26 07:43:03,data_go_kr,전북특별자치도,A2500007,전북특별자치도군산의료원,11,20260726073701,063-472-5130,,Y,,,,,,,,,,,,,,,,,1,,2,1,,,,2,3,,,,,,Y,,Y,,,,,,Y,N1,,,N1,Y,N1,94,N1,9,Y,Y,,6,N1,17,,1,2,2,,,,,,,,,,,18,2,3,,,6,,,,1,1,1,,18,,2,,,,,,289,,,,,,,,,,,,,,,,,Y,N1,A2500007,3
2026-07-26 07:43:03,data_go_kr,전북특별자치도,A2500012,의료법인오성의료재단동군산병원,10,20260726073942,063-440-0516,,,,,,,,,,,,,,,,0,,,1,,5,0,,,,,1,,,,,,,,Y,,,,Y,,Y,Y,,,Y,Y,N1,25,N1,8,N1,Y,,6,N1,17,,1,5,2,,,,,,,,,,,24,,3,,,6,,,,,2,2,2,13,,,2,,,,,262,,,,,,,,,,,,,0,,,,Y,N1,A2500012,4
2026-07-26 07:43:03,data_go_kr,전북특별자치도,A2500004,전북특별자치도남원의료원,14,20260726074001,063-620-1119,,Y,,,,,,,,,,,,,,,,,1,,2,,,,,1,,,,,,,Y,,Y,,,,,,Y,N1,,,N1,Y,N1,38,N1,4,Y,Y,,3,N1,17,,1,2,,,,,,,,,,,,9,1,,,,3,,,,3,2,1,,10,,1,,,,,,190,,,,,,,,,,,,,,,,,Y,N1,A2500004,5
2026-07-26 07:43:03,data_go_kr,전북특별자치도,A2500011,의료법인대산의료재단익산병원,13,20260726074005,063-840-9112,,,,,,,,,,,,,,,,,,,1,,2,,,,,0,,,,,,,,,Y,,,,Y,,Y,Y,,,N1,Y,N1,60,N1,8,N1,Y,,5,N1,17,,1,2,,,,,,,,,,,,17,1,,,,5,,,,,2,2,1,7,,,,,,,,333,,,,,,,,,,,,,,,,,Y,N1,A2500011,6
2026-07-26 07:43:03,data_go_kr,전북특별자치도,A2500056,대자인병원,25,20260726073907,063-250-8701,,,,,,,,,,,,,,,,,,,1,8,2,,,,,0,,,,,,,,Y,Y,,,,Y,,Y,Y,,,Y,Y,Y,32,N1,0,N1,Y,,15,Y,33,,1,2,,,36,,,,,,,,,15,4,,,,15,,,,,4,3,2,12,,,4,2,,1,1,45,,,,,,,,,,,,,,,,,Y,N1,A2500056,7
2026-07-26 07:43:03,data_go_kr,전북특별자치도,A2500006,재단법인예수병원유지재단예수병원,20,20260726073831,063-230-8280,Y,Y,,,1,1,,,,,,,,,,,,4,1,,1,,,2,,4,,5,,,,1,Y,,Y,0,,,Y,,Y,Y,,,Y,Y,Y,168,N1,8,Y,Y,2,14,Y,38,10,1,2,,,,12,,2,,14,,,,23,4,,6,,14,,,5,4,4,3,4,40,6,11,7,2,,,2,685,,,1,1,,,,,,,,,,,,,Y,Y,A2500006,8
2026-07-26 07:43:03,data_go_kr,전북특별자치도,A2500005,의료법인영경의료재단전주병원,5,20260726073728,063-226-6119,,,,,,,,,,,,,,,,,,,1,,2,,,,,,,,,,,,,,Y,,,,,,Y,N1,,,Y,Y,N1,47,N1,3,N1,Y,,5,N1,17,,1,2,,,,,,,,,,,,9,,,,,5,,,,,1,2,,6,,,1,,,,,275,,,,,,,,,,,,,,,,,Y,N1,A2500005,9
2026-07-26 07:43:03,data_go_kr,전북특별자치도,A2500008,재단법인 아산사회복지재단 정읍아산병원,15,20260726074000,063-530-6129,,,,,,,,,,,,,,,,,,,1,,2,,,,,,,,,,,,,,Y,,,,,,Y,N1,,,N1,Y,N1,76,N1,1,N1,Y,,3,N1,17,,1,2,,,,,,,,,,,,11,,,,,3,,,,,1,1,,5,,,,,,,,276,,,,,,,,,,,,,,,,,Y,N1,A2500008,10
2026-07-26 07:43:03,data_go_kr,전북특별자치도,A2500009,의료법인석천재단고창병원,7,20260726073743,063-560-5558,,,,,,,,,,,,,,,,,,,,,1,,,,,,,,,,,,,,Y,,,,,,Y,N1,,,N1,Y,N1,0,N1,,N1,Y,,2,N1,10,,,1,,,,,,,,,,,,,,,,,2,,,,,1,1,,4,,,,,,,,258,,,,,,,,,,,,,,,,,Y,N1,A2500009,11
2026-07-26 07:43:03,data_go_kr,전북특별자치도,A2500038,김제우석병원,9,20260726073737,063-540-5119,,,,,,,,,,,,,,,,,,,,,1,,,,,,,,,,,,,,Y,,,,,,Y,N1,,,N1,Y,N1,74,N1,,N1,Y,,2,N1,10,,,1,,,,,,,,,,,,,,,,,2,,,,,1,1,,1,,,,,,,,200,,,,,,,,,,,,,,,,,Y,N1,A2500038,12
2026-07-26 07:43:03,data_go_kr,전북특별자치도,E2500019,무주군보건의료원,2,20260726074001,063-320-8315,,,,,,,,,,,,,,,,,,,,,1,,,,,,,,,,,,,,Y,,,,,,Y,N1,,,N1,Y,N1,24,N1,,N1,N1,,,N1,4,,,1,,,,,,,,,,,,,,,,,,,,,,1,,,1,,,,,,,,24,,,,,,,,,,,,,,,,,Y,N1,E2500019,13
2026-07-26 07:43:03,data_go_kr,전북특별자치도,A2500010,부안성모병원,8,20260726073211,063-580-8119,,,,,,,,,,,,,,,,,,,,,2,,,,,,,,,,,,,,Y,,,,,,Y,N1,,,N1,Y,N1,14,N1,9,N1,Y,,3,N1,10,,,2,,,,,,,,,,,,9,,,,,3,,,,,1,1,,2,,,,,,,,240,,,,,,,,,,,,,,,,,Y,N1,A2500010,14
2026-07-26 07:43:03,data_go_kr,전북특별자치도,E2500021,순창군보건의료원,9,20260726074001,063-650-5352,,,,,,,,,,,,,,,,,,,,,1,,,,,,,,,,,,,,Y,,,,,,Y,N1,,,N1,Y,N1,30,N1,,N1,N1,,,N1,9,,,1,,,,,,,,,,,,,,,,,,,,,,1,,,1,,,,,,,,30,,,,,,,,,,,,,,,,,Y,N1,E2500021,15
2026-07-26 07:43:03,data_go_kr,전북특별자치도,E2500022,임실군보건의료원,4,20260726074001,063-640-3119,,,,,,,,,,,,,,,,,,,,,1,,,,,,,,,,,,,,Y,,,,,,Y,N1,,,N1,Y,N1,,N1,,N1,N1,,,N1,4,,,1,,,,,,,,,,,,,,,,,,,,,,1,,,1,,,,,,,,,,,,,,,,,,,,,,,,,Y,N1,E2500022,16
2026-07-26 07:43:03,data_go_kr,전북특별자치도,E2500020,장수군보건의료원,5,20260726074001,063-350-2119,,,,,,,,,,,,,,,,,,,,,1,,,,,,,,,,,,,,,,,,,,Y,N1,,,N1,N1,N1,20,N1,,N1,N1,,,N1,5,,,1,,,,,,,,,,,,,,,,,,,,,,,,,1,,,,,,,,22,,,,,,,,,,,,,,,,,Y,N1,E2500020,17
2026-07-26 07:43:03,data_go_kr,전북특별자치도,A2501890,의료법인영경의료재단호성전주병원,7,20260726073933,063-240-8862,,,,,,,,,,,,,,,,,,,,,1,,,,,,,,,,,,,,Y,,,,,,Y,N1,,,N1,Y,N1,5,N1,,N1,Y,,2,N1,9,,,1,,,,,,,,,,,,,,,,,2,,,,,1,1,,1,,,,,,,,122,,,,,,,,,,,,,,,,,Y,N1,A2501890,18
2026-07-26 07:43:03,data_go_kr,전북특별자치도,A2502742,새강병원,13,20260726073935,063-289-9119,,,0,0,,0,0,,,0,,,,,,,,3,1,0,2,0,,,,3,,0,,0,,0,,,Y,,,,,,Y,N1,,,N1,Y,N1,86,N1,16,N1,Y,,5,N1,14,3,1,2,0,0,0,,,,,,,,,16,3,,0,,5,0,,0,,1,1,,1,,,,,,,,201,0,0,,0,0,,,,,,,,,,,,Y,N1,A2502742,19
2026-07-26 07:43:03,data_go_kr,전북특별자치도,A2502031,진안군의료원,4,20260726074001,063-430-7119,,,,,,,,,,,,,,,,,,,,,2,,,,,,,,,,,,,,Y,,,,,,Y,N1,,,N1,Y,N1,32,N1,,N1,Y,,2,N1,6,,,2,,,,,,,,,,,,,,,,,2,,,,,1,1,,3,,,,,,,,74,,,,,,,,,,,,,,,,,Y,N1,A2502031,20
2026-07-26 07:43:03,data_go_kr,경상북도,A2700007,차의과학대학교부속구미차병원,5,20260726074005,054-450-9998,Y,Y,,,,,0,,,,,,,,,,,4,3,,3,0,,,,,8,,,,,,Y,Y,Y,,,,Y,,Y,Y,,,Y,Y,Y,73,Y,0,Y,Y,0,8,N1,20,5,3,3,25,,,8,,,,,,,,18,,30,,,8,,,,3,3,2,2,21,3,13,2,1,2,1,,301,,,,,3,,,,,,,,,,,,Y,Y,A2700007,1
2026-07-26 07:43:03,data_go_kr,경상북도,A2700014,의료법인안동병원,12,20260726074000,054-840-0119,Y,Y,2,3,,,1,,,4,,,,,,,,2,,,,4,,,,0,10,,5,2,0,4,Y,Y,Y,,2,6,Y,0,Y,Y,,,Y,Y,Y,137,Y,1,Y,Y,10,11,Y,15,3,,,19,20,,10,,,,,20,,,13,3,30,,40,11,2,34,6,3,6,3,5,67,3,12,14,4,13,1,1,775,2,3,,,1,,,,,,,,,,2,6,Y,Y,A2700014,2
2026-07-26 07:43:03,data_go_kr,경상북도,A2700016,포항성모병원,15,20260726073659,054-260-8600,Y,Y,2,3,,,,3,5,,,,,,,,,11,,,,4,,,,1,2,,,,,1,Y,Y,Y,,,,Y,,Y,Y,,,Y,Y,Y,83,Y,7,Y,Y,,9,Y,20,11,,,15,,,,,,,,,,,16,1,17,,,9,,,1,1,3,2,2,25,1,6,4,1,2,1,3,468,2,3,,,,5,13,,,,,,,,,,Y,Y,A2700016,3
2026-07-26 07:43:03,data_go_kr,경상북도,A2700003,동국대학교의과대학경주병원,15,20260726073540,054-770-8306,Y,Y,,,,,,,,1,,,,,,,,3,2,3,5,,,,,3,,,,,11,1,Y,,Y,,,,Y,,Y,Y,,,Y,Y,N1,93,N1,0,Y,Y,,6,N1,16,3,2,5,,11,17,,,,,,,,,7,4,,,,7,,20,3,1,2,2,2,26,2,6,3,,,,,279,,,,,,,,,,,,,,,,,Y,Y,A2700003,4
2026-07-26 07:43:03,data_go_kr,경상북도,A2700013,순천향대학교부속구미병원,8,20260726073621,054-468-9119,,Y,,,,,,,,,,,,,,,,4,1,,2,0,,,,2,0,,,,,1,Y,,Y,,,,Y,,Y,Y,,,Y,Y,N1,51,N1,3,Y,Y,,6,N1,13,4,1,2,2,,,,,,,,,,,31,2,3,,,6,,,1,1,2,2,2,20,,1,2,,,,,263,,,,,,,,,,,,,,,,,Y,N1,A2700013,5
2026-07-26 07:43:03,data_go_kr,경상북도,A2700012,의료법인덕산의료재단김천제일병원,16,20260726073627,054-420-9500,,,,,,,,,,,,,,,,,,,1,,3,0,,,,,3,,,,,,Y,,Y,,,,Y,,Y,Y,,,Y,Y,N1,79,N1,7,N1,Y,,4,Y,16,,1,3,2,,,,,,,,,,,16,,3,,,4,,,,3,1,1,1,10,,,1,,,,1,276,,,,,,,,,,,,,,,,,Y,N1,A2700012,6
2026-07-26 07:43:03,data_go_kr,경상북도,A2700006,의료법인동춘의료재단문경제일병원,17,20260726073500,054-550-7777,,,,,,,,,,,,,,,,,,,1,,1,2,,,,1,3,,,,60,3,,,Y,,,,,,Y,N1,,,N1,Y,N1,59,N1,11,N1,Y,,3,N1,17,,1,2,2,,,,,,,,,,,29,1,3,,,3,,162,4,,2,1,,8,,,,,,,,306,,,,,,,,,,,,,,,,,Y,N1,A2700006,7
2026-07-26 07:43:03,data_go_kr,경상북도,A2700004,안동성소병원,9,20260726074019,054-850-8282,,Y,,,,,,,,,,,,,,,5,,1,,0,0,,,,3,1,,,,23,0,Y,,Y,,,,Y,,Y,Y,,,Y,Y,N1,146,N1,10,Y,Y,,6,N1,12,,1,2,2,,,,,,,,,,,16,3,3,,,6,,186,2,1,2,2,2,21,,4,1,,,,,393,,,,,,,,,,,,,,5,,,Y,N1,A2700004,8
2026-07-26 07:43:03,data_go_kr,경상북도,A2700002,포항세명기독병원,7,20260726073318,054-289-1711,,,,,,,,,,,,,,,,,6,,1,,3,0,,,,0,2,,,,,3,,,Y,,,,Y,,Y,Y,,,Y,Y,Y,153,Y,6,N1,Y,,14,Y,15,,1,3,2,,,,,,,,,,,52,1,3,,,14,,,6,,6,5,4,25,,,5,1,1,,1,662,,,,,,,,,,,,,,6,,,Y,N1,A2700002,9
2026-07-26 07:43:03,data_go_kr,경상북도,A2700019,의)근원의료재단경산중앙병원,7,20260726074003,053-715-0119,,,,,,,,,,,,,,,,,,,,,2,,,,,1,,,,,44,,,,Y,,,,,,Y,N1,,,N1,Y,N1,59,N1,4,N1,Y,,4,N1,10,,,2,,,,,,,,,,,,11,2,,,,4,,116,,,1,1,,9,,,,,,,,301,,,,,,,,,,,,,,,,,Y,N1,A2700019,10
2026-07-26 07:43:03,data_go_kr,경상북도,A2700036,의료법인서명의료재단세명종합병원,11,20260726073828,053-819-8500,,,,,,,,,,,,,,,,,,,,,2,,,,,,,,,,2,,,,Y,,,,,,Y,N1,,,N1,Y,N1,19,N1,2,N1,Y,,4,N1,13,,,2,,,,,,,,,,,,14,,,,,4,,22,,,1,1,,6,,,,,,,,264,,,,,,,,,,,,,,,,,Y,N1,A2700036,11
2026-07-26 07:43:03,data_go_kr,경상북도,A2700097,계명대학교경주동산병원,7,20260726073908,054-770-9420,,,,,,,,,,,,,,,,,,,,,1,,,,,,,,,,,,,,Y,,,,,,Y,N1,,,N1,Y,N1,34,N1,,N1,Y,,2,N1,9,,,1,,,,,,,,,,,,,,,,,2,,,,,1,1,,1,,,,,,,,88,,,,,,,,,,,,,,,,,Y,N1,A2700097,12
2026-07-26 07:43:03,data_go_kr,경상북도,A2700070,의료법인영암의료재단고령영생병원,3,20260726073940,070-4700-0728,,,,,,,,,,,,,,,,,,,,,1,,,,,,,,,,,,,,Y,,,,,,Y,N1,,,N1,Y,N1,35,N1,,N1,N1,,1,N1,5,,,1,,,,,,,,,,,,,,,,,1,,,,,1,,,1,,,,,,,,59,,,,,,,,,,,,,,,,,Y,N1,A2700070,13
2026-07-26 07:43:03,data_go_kr,경상북도,A2700015,구미강동병원,6,20260726074010,054-478-9521,,,,,,,,,,,,,,,,9,,,1,,2,,,,,,,,,,,,,,Y,,,,Y,,Y,Y,,,N1,Y,N1,44,N1,5,N1,Y,,5,N1,7,,1,2,,,,,,,,,,,,12,,,,,5,,,,,1,1,1,3,,,,,,,,191,,,,,,,,,,,,,9,,,,Y,N1,A2700015,14
2026-07-26 07:43:03,data_go_kr,경상북도,A2700018,경상북도김천의료원,13,20260726074002,054-429-8234,,,,,,,,,,,,,,,,,,,1,,,,,,,0,,,,,,,,,Y,,,,,,Y,N1,,,N1,Y,N1,-2,N1,7,N1,Y,,5,N1,17,,1,,,,,,,,,,,,,22,3,,,,5,,,,,1,2,,7,,,,,,,,274,,,,,,,,,,,,,,,,,Y,N1,A2700018,15
2026-07-26 07:43:03,data_go_kr,경상북도,A2700009,의료법인삼백의료재단상주성모병원,8,20260726073920,054-530-7811,,,,,,,,,,,,,,,,,,,,,1,,,,,,,,,,,,,,Y,,,,,,Y,N1,,,N1,Y,N1,41,N1,6,N1,Y,,3,N1,9,,,1,,,,,,,,,,,,10,,,,,3,,,,,1,1,,1,,,,,,,,172,,,,,,,,,,,,,,,,,Y,N1,A2700009,16
2026-07-26 07:43:03,data_go_kr,경상북도,A2700011,상주적십자병원,6,20260726073751,054-530-3171,,Y,,,,,,,,,,,,,,,,,1,,,,,,,,,,,,,,Y,,Y,,,,,,Y,N1,,,Y,Y,N1,56,N1,6,Y,Y,,3,N1,9,,1,,,,,,,,,,,,,10,,,,,3,,,,1,1,1,,7,,2,1,,,,,164,,,,,,,,,,,,,,,,,Y,N1,A2700011,17
2026-07-26 07:43:03,data_go_kr,경상북도,A2700001,경상북도안동의료원,5,20260726074002,054-850-6100,,,,,,,,,,,,,,,,,,,,,2,,,,,,,,,,,,,,Y,,,,,,Y,N1,,,N1,Y,N1,112,N1,2,N1,Y,,5,N1,6,,,2,,,,,,,,,,,,10,,,,,5,,,,,1,1,,8,,,,,,,,238,,,,,,,,,,,,,,,,,Y,N1,A2700001,18
2026-07-26 07:43:03,data_go_kr,경상북도,A2700031,영주기독병원,1,20260726073740,054-635-3050,,Y,,,,,,,,,,,,,,,,,,,1,,,,,,,,,,,,Y,,Y,,,,,,Y,N1,,,N1,Y,N1,7,N1,,Y,N1,,1,N1,4,,,1,,,,,,,,,,,,,,,,,1,,,,1,1,,,1,,2,,,,,,70,,,,,,,,,,,,,,,,,Y,N1,A2700031,19
2026-07-26 07:43:03,data_go_kr,경상북도,A2700020,영주자인병원,3,20260726073958,070-7335-5229,,,,,,,,,,,,,,,,,,,,,1,,,,,,,,,,,,,,Y,,,,,,Y,N1,,,N1,Y,N1,30,N1,,N1,Y,,,N1,4,,,1,,,,,,,,,,,,,,,,,2,,,,,1,1,,,,,,,,,,133,,,,,,,,,,,,,,,,,N1,N1,A2700020,20
2026-07-26 07:43:03,data_go_kr,경상북도,A2702752,영주적십자병원,7,20260726073853,054-630-0112,,,,,,,,,,,,,,,,,,,1,,,,,,,,,,,,,,,,Y,,,,,,Y,N1,,,Y,Y,N1,54,N1,1,N1,Y,,3,N1,10,,1,,,,,,,,,,,,,10,,,,,3,,,,,1,1,,4,,,1,,,,,140,,,,,,,,,,,,,,,,,Y,N1,A2702752,21
2026-07-26 07:43:03,data_go_kr,경상북도,A2700017,영남대학교의과대학부속영천병원,9,20260726073758,054-330-7575,,,,,,,,,,,,,,,,,,,1,,2,,,,,,,,,,,,,,Y,,,,,,Y,N1,,,N1,Y,N1,46,N1,3,N1,Y,,4,N1,10,,1,2,,,,,,,,,,,,10,,,,,4,,,,,1,1,,1,,,,,,,,190,,,,,,,,,,,,,,,,,Y,N1,A2700017,22
2026-07-26 07:43:03,data_go_kr,경상북도,A2700023,의료법인서준의료재단예천권병원,5,20260726073923,054-650-2119,,Y,,,,,,,,,,,,,,,,,1,,0,,,,,,,,,,,0,Y,,Y,,,,,,Y,N1,,,N1,Y,N1,74,N1,,Y,Y,,2,N1,6,,1,0,,,,,,,,,,,,,,,,,2,,,0,1,1,1,,3,,2,,,,,,173,,,,,,,,,,,,,,,,,Y,N1,A2700023,23
2026-07-26 07:43:03,data_go_kr,경상북도,E2700553,울릉군보건의료원,4,20260726074001,054-790-6911,,,,,,,,,,,,,,,,,,,,,,,,,,,,,,,,,,,Y,,,,,,Y,N1,,,N1,Y,N1,24,N1,,N1,N1,,1,N1,5,,,,,,,,,,,,,,,,,,,,1,,,,,1,,,1,,,,,,,,27,,,,,,,,,,,,,,,,,Y,N1,E2700553,24
2026-07-26 07:43:03,data_go_kr,경상북도,A2700052,울진군의료원,7,20260726073601,054-785-7119,,,,,,,,,,,,,,,,,,,2,,,,,,,,,,,,,2,,,Y,,,,,,Y,N1,,,N1,Y,N1,22,N1,,N1,Y,,3,N1,8,,2,,,,,,,,,,,,,,,,,,3,,,2,,1,1,,1,,,,,,,,97,,,,,,,,,,,,,,,,,Y,N1,A2700052,25
2026-07-26 07:43:03,data_go_kr,경상북도,A2700063,의료법인영제의료재단영남제일병원,4,20260726073826,054-861-9111,,,,,,,,,,,,,,,,,,,,,1,,,,,,,,,,,,,,Y,,,,,,Y,N1,,,N1,Y,N1,27,N1,,N1,N1,,1,N1,,,,,,,,,,,,,,,,,,,,,,,,,,,,,,,,,,,,,,,,,,,,,,,,,,,,,,Y,N1,A2700063,26
2026-07-26 07:43:03,data_go_kr,경상북도,A2700038,의료법인대남의료재단청도대남병원,8,20260726073736,054-370-5112,,,,,,,,,,,,,,,,,,,,,,,,,,,,,,,,,,,Y,,,,,,Y,N1,,,N1,Y,N1,83,N1,,N1,Y,,1,N1,10,,,,,,,,,,,,,,,,,,,,1,,,,,1,1,,1,,,,,,,,115,,,,,,,,,,,,,,,,,Y,N1,A2700038,27
2026-07-26 07:43:03,data_go_kr,경상북도,E2700554,청송군보건의료원,4,20260726074000,054-870-7119,,,,,,,,,,,,,,,,,,,,,1,,,,,,,,,,,,,,,,,,,,Y,N1,,,N1,N1,N1,57,N1,,N1,N1,,,N1,5,,,1,,,,,,,,,,,,,,,,,,,,,,,,,1,,,,,,,,45,,,,,,,,,,,,,,,,,Y,N1,E2700554,28
2026-07-26 07:43:03,data_go_kr,경상북도,A2700008,에스포항병원,4,20260726073736,054-289-9120,Y,,,,,,,,,,,,,,,,,,,,1,,,,,1,,,,,,,,,Y,,,,Y,,Y,Y,,,Y,Y,N1,83,N1,2,N1,Y,,4,N1,6,,,1,,,,,,,,,,,,14,1,,,,4,,,,,2,2,3,9,9,,1,,,,,239,,,,,,,,,,,,,,,,,Y,Y,A2700008,29
2026-07-26 07:43:03,data_go_kr,경상북도,A2702563,의료법인은성의료재단좋은선린병원,10,20260726074031,054-245-5200,,,,,,,,,,,,,,,,2,,,,,2,,,,,1,,,,,,,,,Y,,,,N,,Y,N,,,N1,Y,N1,79,N1,0,N1,Y,,4,N,10,,,2,,,,,,,,,,,,17,1,,,,4,,,,,1,1,2,7,,,,,,,14,281,,,,,,,,,,,,,2,,,,N,N1,A2702563,30
2026-07-26 07:43:03,data_go_kr,경상북도,A2700005,경상북도포항의료원,6,20260726074002,054-245-0129,,,,,,,,,,,,,,,,,,,1,,1,,,,,1,,,,,7,7,,,Y,,,,,,Y,N1,,,N1,Y,N1,26,N1,4,N1,Y,,3,N1,8,,1,1,,,,,,,,,,,,19,1,,,,3,,56,7,,1,1,,4,,,,,,,,179,,,,,,,,,,,,,,,,,Y,N1,A2700005,31
2026-07-26 07:43:03,data_go_kr,경상남도,A2800011,양산부산대학교병원,10,20260726073827,055-360-1463,Y,Y,2,1,1,1,0,0,,4,,0,0,,4,,,6,,7,1,3,6,2,,0,14,6,,,4,4,Y,,Y,1,,,Y,,Y,Y,,5,Y,Y,Y,296,Y,,Y,Y,19,25,N1,23,8,,1,16,16,11,38,11,2,,9,,,10,,0,30,6,,25,,33,4,4,6,5,6,92,24,23,19,12,2,,,766,2,3,1,1,2,2,,,0,0,,4,,,,,Y,Y,A2800011,1
2026-07-26 07:43:03,data_go_kr,경상남도,A2800001,경상국립대학교병원,14,20260726073901,055-750-8282,Y,Y,,,,,,3,,2,,,,,,,,3,2,4,3,5,,,0,0,12,,26,2,7,5,Y,,Y,,2,6,Y,13,Y,Y,,,Y,Y,Y,244,Y,,Y,Y,6,15,N1,28,3,2,3,14,8,9,15,,,,,20,6,,,3,30,,40,15,2,23,7,7,3,3,5,16,9,20,6,4,17,,,655,,,,,,6,,,,,,,,,2,6,Y,Y,A2800001,2
2026-07-26 07:43:03,data_go_kr,경상남도,A2800020,학교법인성균관대학삼성창원병원,18,20260726073949,055-233-8899,Y,Y,,,,,,1,,2,,,,,,,,8,2,5,3,6,,,,0,20,,,,,3,Y,,Y,,,,Y,,Y,Y,,,Y,Y,Y,269,Y,,Y,Y,17,16,N1,27,8,2,3,19,15,20,24,,,,,,,,,3,30,,,16,,,5,7,4,3,4,45,8,20,5,3,3,,,645,,,,,,1,,,,,,,,,,,Y,Y,A2800020,3
2026-07-26 07:43:03,data_go_kr,경상남도,A2800010,의료법인환명의료재단 조은금강병원,11,20260726073533,055-330-0200,,,,,,,,,,,,,,,,,,,1,,2,,,,,1,,,,,5,,,,Y,,,,Y,,Y,Y,,,N1,Y,N1,73,N1,11,N1,Y,,4,Y,17,,1,2,,,,,,,,,,,,23,1,,,,4,,96,,,1,2,1,7,,,,,,,2,305,,,,,,,,,,,,,,,,,Y,N1,A2800010,4
2026-07-26 07:43:03,data_go_kr,경상남도,A2800006,의료법인숭인의료재단 김해복음병원,15,20260726073847,055-330-8844,,,,,,,,,,,,,,,,,,,1,,3,,,,,1,,,,,,,,,Y,,,,Y,,Y,Y,,,Y,Y,N1,25,N1,1,N1,Y,,5,N1,16,,1,3,,,,,,,,,,,,18,1,,,,5,,,,,2,3,1,3,,,3,,,,,359,,,,,,,,,,,,,,,,,Y,N1,A2800006,5
2026-07-26 07:43:03,data_go_kr,경상남도,A2800043,한일병원,16,20260726073743,055-750-1333,,,,,,,,,,,,,,,,,,,1,,2,0,,,,0,2,,,,,,,,Y,,,,Y,,Y,Y,,,Y,Y,N1,19,N1,1,N1,Y,,4,Y,17,,1,2,2,,,,,,,,,,,13,1,3,,,4,,,,,2,2,1,6,,,1,,,,1,282,,,,,,,,,,,,,,,,,Y,N1,A2800043,6
2026-07-26 07:43:03,data_go_kr,경상남도,A2800003,제일병원,13,20260726073916,055-750-7119,,,,,,,,,,,,,,,,,,,1,,2,,,,,,,,,,,,,Y,Y,,,,Y,,Y,Y,,,N1,Y,N1,57,N1,6,N1,Y,,4,Y,17,,1,2,,,,,,,,,,,,9,,,,,7,,,,,2,2,1,4,,,,,,1,1,258,,,,,,,,,,,,,,,,,Y,N1,A2800003,7
2026-07-26 07:43:03,data_go_kr,경상남도,A2800017,의료법인합포의료재단에스엠지연세병원,13,20260726074009,055-240-7777,,,,,,,,,,,,,,,,,,,1,,2,,,,,1,,,,,,,,,Y,,,,Y,,Y,Y,,,Y,Y,N1,42,N1,5,N1,Y,,4,N1,17,,1,2,,,,,,,,,,,,12,1,,,,4,,,,,1,2,1,7,,,1,,,,,286,,,,,,,,,,,,,,,,,Y,N1,A2800017,8
2026-07-26 07:43:03,data_go_kr,경상남도,A2803505,창원경상국립대학교병원,14,20260726073602,055-214-1339,Y,Y,,,,,,,,,,,,5,0,,,,1,,2,,,,,2,,,,,8,6,Y,,Y,,,,Y,,Y,Y,,,Y,Y,Y,203,Y,14,Y,Y,5,12,N1,18,,1,2,,,,17,,,,,,,,34,2,,,,13,,22,6,9,3,2,5,52,9,22,6,7,14,,,437,,,,,,,,,,,5,0,,,,,Y,Y,A2803505,9
2026-07-26 07:43:03,data_go_kr,경상남도,A2800007,창원한마음병원,8,20260726073910,055-225-0350,Y,Y,,,,,,,,-1,,,,,,,,,1,1,3,,,,,1,,,,,,0,Y,,Y,,,,Y,,Y,Y,,,Y,Y,Y,75,Y,,Y,Y,10,13,Y,21,,1,3,,25,37,10,,,,,,,,,1,,,,13,,,6,2,4,4,4,29,3,11,6,1,2,,2,688,,,,,,,,,,,,,,,,,Y,Y,A2800007,10
2026-07-26 07:43:03,data_go_kr,경상남도,A2800004,창원파티마병원,7,20260726073606,055-270-1119,Y,Y,,,,,,,,4,,,,,,,,,1,6,2,0,,,,0,2,,,,,5,Y,Y,Y,,,,Y,,Y,Y,,,Y,Y,N1,118,Y,,Y,Y,2,7,N1,17,,1,2,2,12,13,2,,,,,,,,,2,3,,,7,,,6,2,4,3,3,16,3,6,3,,4,1,,444,,,,,,,,,,,,,,,,,Y,Y,A2800004,11
2026-07-26 07:43:03,data_go_kr,경상남도,A2800008,의료법인 거붕 백병원,7,20260726073956,055-733-0180,,,,,,,,,,,,,,,,,,,,,1,,,,,,,,,,,,,,Y,,,,,,Y,N1,,,N1,Y,N1,56,N1,9,N1,Y,,4,N1,9,,,1,,,,,,,,,,,,20,,,,,4,,,,,2,2,,12,,,,,,,,365,,,,,,,,,,,,,,,,,Y,N1,A2800008,12
2026-07-26 07:43:03,data_go_kr,경상남도,A2800005,의료법인 대우의료재단대우병원,7,20260726073649,055-680-8119,,,,,,,,,,,,,,,,,,,,,1,,,,,,,,,,,,,,Y,,,,,,Y,N1,,,N1,Y,N1,43,N1,4,N1,Y,,4,N1,9,,,1,,,,,,,,,,,,10,,,,,4,,,,,2,1,,5,,,,,,,,231,,,,,,,,,,,,,,,,,Y,N1,A2800005,13
2026-07-26 07:43:03,data_go_kr,경상남도,A2800022,의료법인 성념의료재단맑은샘병원,7,20260726073418,055-736-0119,,,,,,,,,,,,,,,,,,,,,1,,,,,,,,,,,,,,Y,,,,,,Y,N1,,,N1,Y,N1,17,N1,,N1,Y,,2,N1,9,,,1,,,,,,,,,,,,,,,,,2,,,,,1,1,,4,,,,,,,,200,,,,,,,,,,,,,,,,,Y,N1,A2800022,14
2026-07-26 07:43:03,data_go_kr,경상남도,A2800076,거창적십자병원,3,20260726073931,055-949-3359,,Y,,,,,,,,,,,,,,,,,,,1,,,,,,,,,,,,Y,,Y,,,,,,Y,N1,,,N1,Y,N1,35,N1,,Y,Y,,2,N1,9,,,1,,,,,,,,,,,,,,,,,2,,,,1,1,1,,2,,2,,,,,,91,,,,,,,,,,,,,,,,,Y,N1,A2800076,15
2026-07-26 07:43:03,data_go_kr,경상남도,A2800032,강병원,9,20260726073258,055-673-4848,,,,,,,,,,,,,,,,,,,,,1,,,,,,,,,,,,,,Y,,,,,,Y,N1,,,N1,Y,N1,17,N1,,N1,Y,,1,N1,9,,,1,,,,,,,,,,,,,,,,,1,,,,,1,1,,1,,,,,,,,99,,,,,,,,,,,,,,,,,Y,N1,A2800032,16
2026-07-26 07:43:03,data_go_kr,경상남도,A2803677,강일병원,7,20260726073840,055-822-0119,,,,,,,,,,,,,,,,,,,1,,2,,,,,,,,,,,,,,Y,,,,Y,,Y,Y,,,N1,Y,N1,124,N1,13,N1,Y,,5,N1,8,,1,2,,,,,,,,,,,,15,,,,,5,,,,,1,2,1,1,,,,,,,,275,,,,,,,,,,,,,,,,,Y,N1,A2803677,17
2026-07-26 07:43:03,data_go_kr,경상남도,A2800014,의료법인갑을의료재단 갑을장유병원,7,20260726073744,055-310-6119,,,,,,,,,,,,,,,,,,,1,,,,,,,,,,,,,,,,Y,,,,,,Y,N1,,,N1,Y,N1,39,N1,,N1,Y,,4,N1,9,,1,,,,,,,,,,,,,,,,,,4,,,,,1,1,,1,,,,,,,,210,,,,,,,,,,,,,,,,,Y,N1,A2800014,18
2026-07-26 07:43:03,data_go_kr,경상남도,A2800094,의료법인 이도의료재단 남해병원,8,20260726072718,055-860-6630,N,N,,,,,,,,,,,,,,,,,1,,1,,,,,,,,,,,,N,N,Y,,,,N,,Y,N,,,N,Y,N,77,N,,N,Y,,2,N,,,,,,,,,,,,,,,,,,,,,,,,,,,,,,,,,,,,,,,,,,,,,,,,,,,,,,N,N,A2800094,19
2026-07-26 07:43:03,data_go_kr,경상남도,A2800113,밀양병원,6,20260726073556,055-356-9119,,,,,,,,,,,,,,,,,,,,,1,,,,,,,,,,,,,,Y,,,,,,Y,N1,,,N1,Y,N1,31,N1,,N1,Y,,0,N1,8,,,1,,,,,,,,,,,,,,,,,0,,,,,1,1,,1,,,,,,,,200,,,,,,,,,,,,,,,,,Y,N1,A2800113,20
2026-07-26 07:43:03,data_go_kr,경상남도,A2800068,의료법인승연의료재단 삼천포서울병원,4,20260726073618,055-830-9019,,,,,,,,,,,,,,,,,,,,,1,,,,,,,,,,,,,,Y,,,,Y,,Y,Y,,,N1,Y,N1,35,N1,,N1,Y,,3,Y,9,,,1,,,,,,,,,,,,,,,,,3,,,,,1,2,1,4,,,,,,,1,287,,,,,,,,,,,,,,,,,Y,N1,A2800068,21
2026-07-26 07:43:03,data_go_kr,경상남도,A2800101,삼천포제일병원,8,20260726073604,055-830-3099,,,,,,,,,,,,,,,,,,,,,2,,,,,,,,,,,,,,Y,,,,,,Y,N1,,,N1,Y,N1,70,N1,,N1,Y,,2,N,8,,,2,,,,,,,,,,,,,,,,,2,,,,,1,1,,1,,,,,,,1,214,,,,,,,,,,,,,,,,,Y,N1,A2800101,22
2026-07-26 07:43:03,data_go_kr,경상남도,E2800380,산청군보건의료원,4,20260726074001,055-970-7582,,,,,,,,,,,,,,,,,,,,,1,,,,,,,,,,,,,,,,,,,,Y,N1,,,N1,N1,N1,20,N1,,N1,N1,,,N1,5,,,1,,,,,,,,,,,,,,,,,,,,,,,,,1,,,,,,,,20,,,,,,,,,,,,,,,,,Y,N1,E2800380,23
2026-07-26 07:43:03,data_go_kr,경상남도,A2804593,양산성모병원,11,20260726074012,055-912-9785,,,,,,,,,,,,,,,,,,,1,,,,,,,,,,,,,,,,Y,,,,,,Y,N1,,,N1,Y,N1,143,N1,4,N1,Y,,4,N1,13,,1,,,,,,,,,,,,,6,,,,,4,,,,,1,2,,1,,,,,,,,214,,,,,,,,,,,,,,,,,Y,N1,A2804593,24
2026-07-26 07:43:03,data_go_kr,경상남도,A2800019,베데스다복음병원,6,20260726073935,055-781-9911,,,,,,,,,,,,,,,,,,,,,1,,,,,,,,,,,,,,Y,,,,,,Y,N1,,,N1,Y,N1,43,N1,,N1,Y,,3,N1,9,,,1,,,,,,,,,,,,,,,,,3,,,,,1,1,,1,,,,,,,,133,,,,,,,,,,,,,,,,,Y,N1,A2800019,25
2026-07-26 07:43:03,data_go_kr,경상남도,A2800090,의령병원,4,20260726073541,055-573-6806,,,,,,,,,,,,,,,,,,,,,1,,,,,,,,,,,,,,Y,,,,,,Y,N1,,,N1,Y,N1,35,N1,,N1,N1,,,N1,4,,,1,,,,,,,,,,,,,,,,,,,,,,1,,,1,,,,,,,,58,,,,,,,,,,,,,,,,,Y,N1,A2800090,26
2026-07-26 07:43:03,data_go_kr,경상남도,A2800084,반도병원,7,20260726074001,055-749-0200,,,,,,,,,,,,,,,,,,,,,1,,,,,,,,,,,,,,Y,,,,,,Y,N1,,,N1,Y,N1,68,N1,,N1,Y,,3,N1,7,,,1,,,,,,,,,,,,,,,,,3,,,,,1,1,,3,,,,,,,,165,,,,,,,,,,,,,,,,,Y,N1,A2800084,27
2026-07-26 07:43:03,data_go_kr,경상남도,A2800015,의료법인 문병욱의료재단 진주고려병원,10,20260726073749,055-751-2525,,,,,,,,,,,,,,,,,,,,,1,,,,,,,,,,,,,,Y,,,,Y,,Y,Y,,,N1,Y,N1,75,N1,4,N1,Y,,4,Y,10,,,1,,,,,,,,,,,,9,,,,,4,,,,,2,2,1,4,,,,,,,1,229,,,,,,,,,,,,,,,,,Y,N1,A2800015,28
2026-07-26 07:43:03,data_go_kr,경상남도,A2800037,진주복음병원,8,20260726074010,055-749-7119,,,,,,,,,,,,,,,,,,,,,1,,,,,,,,,,,,,,Y,,,,,,Y,N1,,,N1,Y,N1,41,N1,,N1,N,,3,N1,9,,,1,,,,,,,,,,,,,,,,,3,,,,,1,1,,1,,,,,,,,131,,,,,,,,,,,,,,,,,N,N1,A2800037,29
2026-07-26 07:43:03,data_go_kr,경상남도,A2800062,태황의료재단한성병원,8,20260726073943,055-530-5119,,,,,,,,,,,,,,,,,,,,,1,,,,,,,,,,,,,,,,,,,,Y,N1,,,N1,N1,N1,49,N1,,N1,N1,,,N1,9,,,1,,,,,,,,,,,,,,,,,,,,,,,,,,,,,,,,,167,,,,,,,,,,,,,,,,,N1,N1,A2800062,30
2026-07-26 07:43:03,data_go_kr,경상남도,A2800025,경상남도마산의료원,8,20260726074001,055-249-1119,,,,,,,,,,,,,,,,,,,1,,1,,,,,2,,,,,,19,,,Y,,,,,,Y,N1,,,Y,Y,N1,83,N1,5,N1,Y,,5,N1,13,,1,1,,,,,,,,,,,,6,2,,,,5,,,27,,1,1,,17,,,2,,,,,263,,,,,,,,,,,,,,,,,Y,N1,A2800025,31
2026-07-26 07:43:03,data_go_kr,경상남도,A2800009,의료법인청아의료재단청아병원,7,20260726073902,055-230-1700,,,,,,,,,,,,,,,,,,,,,1,,,,,,,,,,,,,,Y,,,,,,Y,N1,,,N1,Y,N1,76,N1,,N1,Y,,4,N1,9,,,1,,,,,,,,,,,,,,,,,4,,,,,2,2,,4,,,,,,,,274,,,,,,,,,,,,,,,,,Y,N1,A2800009,32
2026-07-26 07:43:03,data_go_kr,경상남도,A2800021,연세에스병원,9,20260726073633,055-548-7789,,,,,,,,,,,,,,,,,,,,,1,,,,,,,,,,,,,,Y,,,,Y,,Y,Y,,,N1,Y,N1,109,N1,7,N1,Y,,2,N1,9,,,1,,,,,,,,,,,,10,,,,,3,,,,,2,2,1,5,,,,,,,,255,,,,,,,,,,,,,,,,,Y,N1,A2800021,33
2026-07-26 07:43:03,data_go_kr,경상남도,A2800092,새통영병원,6,20260726074010,055-640-4119,,,,,,,,,,,,,,,,,,,,,1,,,,,,,,,,,,,,Y,,,,,,Y,N1,,,N1,Y,N1,57,N1,,N1,Y,,3,N1,9,,,1,,,,,,,,,,,,,,,,,3,,,,,1,2,,3,,,,,,,,256,,,,,,,,,,,,,,,,,Y,N1,A2800092,34
2026-07-26 07:43:03,data_go_kr,경상남도,A2800080,함양성심병원,3,20260726073659,055-964-4322,,,,,,,,,,,,,,,,,,,,,1,,,,,,,,,,,,,,Y,,,,,,Y,N1,,,N1,Y,N1,5,N1,,N1,Y,,2,N1,4,,,1,,,,,,,,,,,,,,,,,2,,,,,1,1,,1,,,,,,,,121,,,,,,,,,,,,,,,,,Y,N1,A2800080,35
2026-07-26 07:43:03,data_go_kr,경상남도,A2800055,삼성합천병원,2,20260726074001,070-5125-5030,,,,,,,,,,,,,,,,,,,,,1,,,,,,,,,,,,,,Y,,,,,,Y,N1,,,N1,Y,N1,25,N1,,N1,Y,,2,N1,4,,,1,,,,,,,,,,,,,,,,,2,,,,,1,1,,1,,,,,,,,141,,,,,,,,,,,,,,,,,Y,N1,A2800055,36
2026-07-26 07:43:03,data_go_kr,제주특별자치도,A2900001,제주한라병원,9,20260726074325,064-740-5159,Y,Y,,,,,0,1,,,4,,,,,,,3,2,,3,2,,,,,23,,10,2,,,Y,,Y,,2,6,Y,8,Y,Y,,,Y,Y,Y,164,Y,8,Y,Y,3,6,N1,15,3,2,3,14,,,7,,,,,20,,,15,,30,,40,6,2,,,2,3,2,3,46,3,8,9,4,2,,,414,,,,,4,2,,4,,,,,,,2,6,Y,Y,A2900001,1
2026-07-26 07:43:03,data_go_kr,제주특별자치도,A2900002,제주특별자치도서귀포의료원,14,20260726074002,064-730-3001,,Y,,,,,,,,,,,,,,,,3,1,,4,2,,,,3,3,,,,3,,Y,,Y,,,,Y,,Y,Y,,,Y,Y,N1,150,N1,8,Y,Y,,4,Y,16,4,1,4,2,,,,,,,,,,,17,3,3,,,4,,26,,1,2,1,1,16,,4,3,,,,1,326,,,,,,,,,,,,,,,,,Y,N1,A2900002,2
2026-07-26 07:43:03,data_go_kr,제주특별자치도,A2900007,제주대학교병원,14,20260726074000,,Y,Y,,,,,,,,0,,,,,,,,,1,4,2,,3,,3,,,,,,4,5,Y,,Y,,,,Y,,Y,Y,,,Y,Y,Y,130,Y,,Y,Y,9,12,N1,20,,1,5,,12,12,16,3,,,,,6,,,,,,,12,,20,9,3,2,2,4,45,8,17,10,5,3,,,458,,,,,,,,,,,,,,,,,Y,Y,A2900007,3
2026-07-26 07:43:03,data_go_kr,제주특별자치도,A2900005,한마음병원,14,20260726073901,064-750-9119,,,,,,,,,,,,,,,,,,,1,,1,,,,,,,,,,,,,,Y,,,,Y,,Y,Y,,,Y,Y,N1,74,N1,7,N1,Y,,4,N1,17,,1,2,,,,,,,,,,,,12,,,,,4,,,,,1,1,1,6,,,2,,,,,216,,,,,,,,,,,,,,,,,Y,N1,A2900005,4
2026-07-26 07:43:03,data_go_kr,제주특별자치도,A2900006,의료법인중앙의료재단중앙병원,10,20260726073942,064-786-7777,,,,,,,,,,,,,,,,,,1,1,,2,,,,,,,,,,,,,,Y,,,,Y,,Y,Y,,,Y,Y,Y,100,N1,8,N1,Y,,3,N1,16,1,1,2,,,,,,,,,,,,16,,,,,3,,,,,1,1,2,10,,,2,1,,,,281,,,,,,,,,,,,,,,,,Y,N1,A2900006,5
2026-07-26 07:43:03,data_go_kr,제주특별자치도,A2900003,의료법인 혜인의료재단 한국병원,7,20260726074004,064-750-0160,,,,,,,,,,,,,,,,,,,,,1,,,,,,,,,,,,,,Y,,,,,,Y,N1,,,N1,Y,N1,45,N1,0,N1,Y,,3,N1,9,,,1,,,,,,,,,,,,10,,,,,3,,,,,1,1,,6,,,,,,,,209,,,,,,,,,,,,,,,,,Y,N1,A2900003,6
2026-07-26 08:50:54,data_go_kr,서울특별시,A1100043,강동경희대학교병원,5,20260726085019,02-440-7000,Y,Y,,,,,1,,,,,,,,,1,,3,2,,3,1,,,,,5,,,,,0,Y,N,Y,,,,Y,,Y,Y,,,Y,Y,Y,208,Y,7,Y,Y,1,16,N,15,3,2,3,19,,,17,,,,,,,,27,,30,,,17,,,1,8,2,2,3,32,9,13,4,1,1,0,0,625,,,,,3,,,,,,,,2,,,,Y,Y,A1100043,1
2026-07-26 08:50:54,data_go_kr,서울특별시,A1100014,고려대학교의과대학부속구로병원,17,20260726084543,02-2626-1550,Y,Y,4,,,,,,,0,,,,,,,,3,,2,,1,,,,2,6,,,,3,2,Y,,Y,,,,Y,,Y,Y,,,Y,Y,Y,178,Y,9,Y,Y,0,23,N1,29,3,,,20,20,10,23,,,,,,,,35,10,30,,,24,,18,4,2,6,6,4,98,11,35,15,10,3,,,778,5,,,,,,,,,,,,,,,,Y,Y,A1100014,2
2026-07-26 08:50:54,data_go_kr,서울특별시,A1100013,한양대학교병원,16,20260726084800,02-2290-8284,Y,Y,4,8,,,1,4,,0,,,,,,,,1,,7,,6,,,,1,8,,,,1,0,Y,,Y,,,,Y,,Y,Y,,,Y,Y,Y,271,Y,0,Y,Y,2,16,Y,20,3,,,22,12,13,25,,,,,,,,0,2,30,,,16,,16,2,1,3,2,3,69,10,20,11,4,3,,1,670,4,8,,,2,5,,,,,,,,,,,Y,Y,A1100013,3
2026-07-26 08:50:54,data_go_kr,서울특별시,A1100008,학교법인고려중앙학원고려대학교의과대학부속병원(안암병원),17,20260726084528,02-920-5374,Y,Y,2,4,,,0,,,0,,,,,,,,4,,3,,0,,,2,1,23,,,,2,1,Y,,Y,,,,Y,,Y,Y,,,Y,Y,Y,219,Y,,Y,Y,0,24,N1,30,4,,,15,16,19,17,,,,,,9,,,6,31,,,25,,10,3,4,7,6,8,84,14,20,11,8,7,,,777,2,7,,,6,,,,,,,,,,,,Y,Y,A1100008,4
2026-07-26 08:50:54,data_go_kr,서울특별시,A1100005,이화여자대학교의과대학부속목동병원,8,20260726084548,02-2650-5911,Y,Y,,,,,0,0,,1,,,,,,,,8,2,4,3,5,,,,0,17,,,,4,4,Y,,Y,6,,,Y,,Y,Y,,,Y,Y,Y,81,Y,,Y,Y,12,13,N1,19,8,2,4,19,10,13,28,,,,14,,,,,4,32,,,13,,10,9,2,4,4,4,58,10,34,9,3,5,,,526,,,,,1,1,,,,,,,,,,,Y,Y,A1100005,5
2026-07-26 08:50:54,data_go_kr,서울특별시,A1100017,서울대학교병원,-2,20260726085018,02-2072-2475,Y,Y,,,1,1,1,0,,1,,0,0,,1,,,10,2,6,4,9,4,1,4,10,18,6,,,6,5,Y,Y,Y,1,,,Y,,Y,Y,4,1,Y,Y,Y,371,Y,,Y,Y,5,52,N1,24,10,2,4,17,10,18,40,22,2,10,5,,8,10,,28,30,6,,53,,41,7,4,13,13,14,160,19,46,22,9,3,1,,1365,,,1,1,2,1,,,0,0,,8,,,,,Y,Y,A1100017,6
2026-07-26 08:50:54,data_go_kr,서울특별시,A1100035,서울특별시서울의료원,7,20260726085000,02-2276-7000,Y,Y,,,,,0,2,1,0,,,,,,,,1,2,,3,3,,,,,5,,,,11,2,Y,Y,Y,1,,,Y,,Y,Y,,,Y,Y,Y,90,Y,2,Y,Y,2,10,Y,19,3,2,3,14,7,,3,,,,6,,,,5,,28,,,10,,30,3,4,5,3,5,65,5,12,7,2,4,1,2,461,,,,,2,4,2,,,,,,,,,,Y,Y,A1100035,7
2026-07-26 08:50:54,data_go_kr,서울특별시,A1100015,연세대학교의과대학강남세브란스병원,13,20260726084831,02-2019-3333,Y,Y,,,,,,,,,,,,,,,,2,1,,2,,,,3,,,,,,,5,Y,,Y,8,,,Y,,Y,Y,,,Y,Y,Y,131,Y,14,Y,Y,0,23,N1,21,2,1,2,,,,28,,,,12,,8,,29,,,,,23,,,5,1,4,3,6,47,10,23,6,3,5,,,691,,,,,,,,,,,,,,,,,Y,Y,A1100015,8
2026-07-26 08:50:54,data_go_kr,서울특별시,A1100010,삼성서울병원,13,20260726084718,02-3410-2060,Y,Y,,,,,,,,14,,,,,,,,3,2,17,2,,7,,4,2,,,,,5,12,Y,,Y,4,,,Y,,Y,Y,,16,Y,Y,Y,372,Y,14,Y,Y,1,53,N1,52,4,2,2,,30,23,59,15,,,12,,12,36,14,2,,,,53,,27,18,8,19,16,15,117,22,43,21,11,2,,,1528,,,,,,,,,,,,,,,,,Y,Y,A1100010,9
2026-07-26 08:50:54,data_go_kr,서울특별시,A1100028,성심의료재단강동성심병원,6,20260726084550,02-2224-2358,Y,Y,,,,,,,,3,,,,,,,2,,1,,6,,,,,2,,,,,,0,Y,,Y,,,,Y,,Y,Y,,,Y,Y,Y,185,Y,0,Y,Y,3,13,N1,15,,1,6,,18,,3,,,,,,,,19,5,,,,13,,,2,1,4,2,5,35,3,3,8,3,1,,,566,,,,,,,,,,,,,,2,,,Y,Y,A1100028,10
2026-07-26 08:50:54,data_go_kr,서울특별시,A1100053,한국보훈복지의료공단중앙보훈병원,19,20260726084845,02-2225-1100,,,,,,,,,,6,,,,,,,,,1,10,2,0,,,3,1,0,,,,35,0,N,,Y,2,,,Y,,Y,Y,,,Y,Y,Y,155,N1,,N1,Y,,13,N1,22,,1,2,2,14,14,,,,,13,,10,,,1,3,,,13,,60,7,1,3,4,4,38,,,10,1,,,,820,,,,,,,,,,,,,,,,,Y,N1,A1100053,11
2026-07-26 08:50:54,data_go_kr,서울특별시,A1120796,이화여자대학교의과대학부속서울병원,6,20260726084644,02-6986-5119,Y,Y,,,,,,,,0,,,,,,,,8,1,8,6,,,,2,1,,,,,,3,Y,,Y,3,,,Y,,Y,Y,,3,Y,Y,Y,197,Y,0,Y,Y,0,18,N1,14,9,2,6,,10,17,24,,,,17,,11,19,11,7,,,,19,,,4,2,5,5,8,71,9,22,12,4,5,,,732,,,,,,,,,,,,,,,,,Y,Y,A1120796,12
2026-07-26 08:50:54,data_go_kr,서울특별시,A1100041,의료법인서울효천의료재단에이치플러스양지병원,15,20260726085012,070-4665-9119,,,,,,,,,,,,,,,,,,,1,,2,,,,,1,,,,,,2,,,Y,,,,Y,,Y,Y,,,Y,Y,Y,53,Y,2,N1,Y,,6,N1,18,,1,2,,,,,,,,,,,,20,1,,,,7,,,3,,2,3,3,23,,,4,1,1,,,301,,,,,,,,,,,,,,,,,Y,N1,A1100041,13
2026-07-26 08:50:54,data_go_kr,서울특별시,A1100002,건국대학교병원,9,20260726084747,02-2030-5555,Y,Y,,,,,,,,7,,,,,,,,4,1,16,2,,,,,1,,,,,9,2,Y,,Y,,,,Y,,Y,Y,,,Y,Y,Y,259,Y,,Y,Y,0,20,N1,20,4,1,2,,24,25,16,,,,,,,,,1,,,,21,,14,3,2,4,4,5,45,7,18,7,3,14,,,678,,,,,,,,,,,,,,,,,Y,Y,A1100002,14
2026-07-26 08:50:54,data_go_kr,서울특별시,A1100016,인제대학교상계백병원,5,20260726084745,02-950-1119,Y,Y,,,,,,,,0,,,,,,,4,,1,4,2,,,,,1,,,,,3,1,Y,,Y,,,,Y,,Y,Y,,,Y,Y,Y,120,Y,,Y,Y,1,13,N1,16,,1,2,,19,18,15,,,,,,,,,4,,,,13,,5,2,2,3,2,3,36,10,25,10,3,1,,,390,,,,,,,,,,,,,,4,,,Y,Y,A1100016,15
2026-07-26 08:50:54,data_go_kr,서울특별시,A1100048,노원을지대학교병원,10,20260726084602,02-970-8282,Y,Y,,,,,,,,4,,,,,,,,,1,5,4,,,,,2,,,,,3,0,Y,,Y,,0,0,Y,,Y,Y,,,Y,Y,Y,224,N1,,Y,Y,1,11,N1,17,,1,4,,16,16,10,,,,,,,,,2,,,,11,,21,1,3,2,2,2,26,8,19,3,1,,,,479,,,,,,,,,,,,,,,0,0,Y,Y,A1100048,16
2026-07-26 08:50:54,data_go_kr,서울특별시,A1100020,의료법인한전의료재단한일병원,9,20260726085003,02-901-3119,N,N,,,,,,,,,,,,,,,,2,2,,1,0,,,,0,2,,,,,1,,Y,Y,,,,Y,,Y,Y,,,Y,Y,N1,87,Y,3,N,Y,,8,Y,21,2,2,2,2,,,,,,,,,,,21,1,3,,,8,,,5,,2,1,1,25,1,4,2,,4,2,2,389,,,,,,,,,,,,,,,,,Y,N,A1100020,17
2026-07-26 08:50:54,data_go_kr,서울특별시,A1100001,경희대학교병원,13,20260726085033,02-958-8114,Y,Y,,,,,,,,,,,,,,,,3,2,,3,,,,,,,,,,10,9,Y,,Y,4,,,Y,,Y,Y,,,Y,Y,Y,241,Y,21,Y,Y,1,16,N1,15,3,2,3,,,,14,,,,15,,,,73,,,,,16,,20,10,3,3,3,5,48,6,12,8,3,2,,,657,,,,,,,,,,,,,,,,,Y,Y,A1100001,18
2026-07-26 08:50:54,data_go_kr,서울특별시,A1100021,삼육서울병원,5,20260726084803,02-2210-3566,,N,,,,,,,,,,,,,,,1,,1,,1,0,,,,1,1,,,,,4,Y,,Y,,,,Y,,Y,Y,,,Y,Y,Y,59,Y,4,N,Y,4,4,Y,13,,1,2,2,,,4,,,,,,,,15,1,3,,,5,,,4,2,1,1,2,20,,4,5,2,1,,1,389,,,,,,,,,,,,,,4,,,Y,N1,A1100021,19
2026-07-26 08:50:54,data_go_kr,서울특별시,A1100040,서울특별시보라매병원,19,20260726085000,02-870-2119,Y,Y,,,,,,,,5,,,,,,,,3,2,10,0,,,,3,1,,,,,0,0,Y,,Y,,,,Y,,Y,Y,,,Y,Y,Y,266,Y,,Y,Y,0,14,N1,31,3,2,1,,15,16,14,,,,,,4,,,4,,,,14,,14,3,4,6,3,5,48,14,13,5,9,2,,,695,,,,,,,,,,,,,,,,,Y,Y,A1100040,20
2026-07-26 08:50:54,data_go_kr,서울특별시,A1100003,중앙대학교병원,8,20260726085008,02-6299-1338,Y,Y,0,0,,,1,,,1,,,,,4,,,3,0,6,0,5,,,,1,,,,,4,2,Y,,Y,,,,Y,,Y,Y,,,Y,Y,Y,208,Y,,Y,Y,0,16,N1,18,4,0,0,12,12,17,25,,,,,,,,,11,,,,16,,24,2,2,4,3,4,51,9,21,13,6,12,,,631,0,0,,,1,,,,,,,4,,,,,Y,Y,A1100003,21
2026-07-26 08:50:54,data_go_kr,서울특별시,A1100007,연세대학교의과대학세브란스병원,2,20260726084745,02-2227-7777,Y,Y,,,1,1,,,,5,,,,,,,,4,1,13,3,,5,1,14,3,,0,,,0,0,Y,Y,Y,5,,,Y,,Y,Y,5,8,Y,Y,Y,366,Y,5,Y,Y,12,0,N1,39,8,1,3,,29,24,52,22,2,10,29,,23,17,18,5,,6,,2,,20,30,8,16,16,17,206,55,61,21,16,21,1,,1872,,,1,1,,,,,,,,,,,,,Y,Y,A1100007,22
2026-07-26 08:50:54,data_go_kr,서울특별시,A1100012,학교법인가톨릭학원가톨릭대학교서울성모병원,-6,20260726085012,02-2258-2370,Y,Y,1,2,1,1,,,,9,,,,,,,,4,,15,,,1,1,3,11,,1,,,16,1,Y,,Y,16,,,Y,,Y,Y,,5,Y,Y,Y,290,Y,0,Y,Y,8,32,N1,28,7,,,,22,22,50,3,2,,19,,10,8,5,18,,6,,32,,35,10,2,9,10,8,80,40,39,11,9,4,,,1059,1,5,1,1,,,,,,,,,,,,,Y,Y,A1100012,23
2026-07-26 08:50:54,data_go_kr,서울특별시,A1100009,재단법인아산사회복지재단서울아산병원,11,20260726084915,02-3010-3333,Y,Y,,,2,1,1,1,,1,,,,,,,,5,1,11,10,1,3,1,5,10,4,1,,,9,5,Y,,Y,2,,,Y,,Y,Y,4,2,Y,Y,Y,379,Y,10,Y,Y,10,4,Y,36,11,1,22,2,24,37,61,26,2,13,12,,12,12,12,47,4,6,,4,,28,8,8,21,15,17,190,33,49,30,14,5,,1,2089,,,2,1,1,6,,,,,,,,,,,Y,Y,A1100009,24
2026-07-26 08:50:54,data_go_kr,서울특별시,A1100011,가톨릭대학교여의도성모병원,13,20260726085013,02-3779-1199,,,,,,,,,,-1,,,,,,,,,1,0,4,,,,,1,,,,,,1,Y,,Y,2,,,Y,,Y,Y,,,Y,Y,Y,108,Y,,N1,Y,,13,N1,15,,1,4,,11,9,,,,,9,,,,,1,,,,13,,,1,2,2,2,2,23,,,5,2,2,,,330,,,,,,,,,,,,,,,,,Y,N1,A1100011,25
2026-07-26 08:50:54,data_go_kr,서울특별시,A1100055,한림대학교강남성심병원,17,20260726084712,02-829-5119,Y,Y,,,,,,,,0,,,,,,,,3,1,0,3,,,,6,1,,,,,,,Y,,Y,,,,Y,,Y,Y,,,Y,Y,Y,165,Y,,Y,Y,0,14,N1,20,3,1,4,,21,25,12,,,,,,10,,,7,,,,14,,,,3,3,3,3,54,21,22,13,3,2,,,496,,,,,,,,,,,,,,,,,Y,Y,A1100055,26
2026-07-26 08:50:54,data_go_kr,서울특별시,A1100054,성애의료재단성애병원,12,20260726084755,02-840-7115,Y,Y,,,,,,,,,,,,,,,,,1,,4,,,,,1,,,,,,,Y,,Y,,,,Y,,Y,Y,,,Y,Y,N1,50,N1,3,Y,Y,3,5,N1,15,,1,4,,,,4,,,,,,,,19,1,,,,5,,,,2,2,2,1,8,5,14,2,,,,,252,,,,,,,,,,,,,,,,,Y,Y,A1100054,27
2026-07-26 08:50:54,data_go_kr,서울특별시,A1100004,순천향대학교부속서울병원,17,20260726084822,02-709-9117,Y,Y,,,,,,,,,,,0,,0,,0,4,1,,2,,,,,1,,,,,8,3,Y,,Y,,,,Y,,Y,Y,,,Y,Y,Y,198,Y,3,Y,Y,0,13,N1,20,4,1,2,,,,13,,,,,,,,45,10,,,,14,,21,4,7,3,3,4,51,8,17,14,5,3,,,600,,,,,,,,,,0,,0,,0,,,Y,Y,A1100004,28
2026-07-26 08:50:54,data_go_kr,서울특별시,A1121013,가톨릭대학교은평성모병원,11,20260726085013,02-1811-7755,Y,Y,,,,,,,,2,,,,,,,,8,1,3,2,,,,8,1,,,,,,0,Y,,Y,0,,,Y,,Y,Y,,,Y,Y,Y,200,Y,,Y,Y,5,18,N1,24,8,2,2,,16,9,19,,,,13,,12,,,4,,,,19,,,5,1,4,3,5,46,19,22,10,5,20,,,651,,,,,,,,,,,,,,,,,Y,Y,A1121013,29
2026-07-26 08:50:54,data_go_kr,서울특별시,A1100006,강북삼성병원,10,20260726085031,02-2001-1000,Y,Y,,,,,,,,,,,,,,,,2,1,1,2,,,,,1,,,,,9,2,Y,,Y,1,,,Y,,Y,Y,,3,Y,Y,Y,147,Y,9,Y,Y,0,15,N1,15,2,1,2,,,4,7,,,,12,,,8,24,5,,,,16,,18,3,1,5,4,6,54,13,14,8,4,3,,,526,,,,,,,,,,,,,,,,,Y,Y,A1100006,30
2026-07-26 08:50:54,data_go_kr,서울특별시,A1100052,국립중앙의료원,14,20260726084904,02-2276-2114,N,Y,,,,,,,,,,0,,,0,0,5,3,2,0,2,2,,,,2,0,,14,2,,4,Y,,Y,,2,6,Y,5,Y,Y,,,Y,Y,Y,6,Y,3,Y,Y,,7,N1,15,3,2,3,6,,0,,,,,,20,,,13,2,0,,50,7,2,,7,1,1,1,2,56,1,3,5,5,2,,,202,,,,,,,,,0,,,0,0,5,2,6,Y,N,A1100052,31
2026-07-26 08:50:54,data_go_kr,서울특별시,A1100036,부민병원,7,20260726084654,02-2620-0119,,Y,,,,,,,,,,,,,,,,,1,,,,,,,0,,,,,,0,Y,,Y,,,,Y,,Y,Y,,,Y,Y,Y,70,N1,1,Y,Y,,8,N1,10,,1,,,,,,,,,,,,,14,1,,,,8,,,3,1,3,3,1,22,,1,2,1,,,,282,,,,,,,,,,,,,,,,,Y,N1,A1100036,32
2026-07-26 08:50:54,data_go_kr,서울특별시,A1100051,혜민병원,8,20260726085037,02-2049-9119,,,,,,,,,,,,,,,,,,,1,,,,,,,,,,,,,,,,Y,,,,,,Y,N1,,,Y,Y,N1,24,N1,8,N1,Y,,5,N1,9,,1,,,,,,,,,,,,,19,,,,,5,,,,,2,2,,16,,,2,,,,,205,,,,,,,,,,,,,,,,,Y,N1,A1100051,33
2026-07-26 08:50:54,data_go_kr,서울특별시,A1100026,구로성심병원,2,20260726084934,02-2067-1515,,,,,,,,,,,,,,,,,,,,,1,,,,,,,,,,,,,,Y,,,,,,Y,N1,,,N1,Y,N1,44,N1,4,N1,Y,,3,N1,9,,,1,,,,,,,,,,,,11,,,,,3,,,,,1,1,,5,,,,,,,,191,,,,,,,,,,,,,,,,,Y,N1,A1100026,34
2026-07-26 08:50:54,data_go_kr,서울특별시,A1100049,희명병원,10,20260726084934,02-809-0122,,,,,,,,,,,,,,,,,,,,,1,,,,,,,,,,,,,,Y,,,,,,Y,N1,,,Y,Y,Y,115,N1,1,N1,Y,,4,N1,10,,,1,,,,,,,,,,,,19,,,,,4,,,,,1,1,,9,,,1,1,,,,228,,,,,,,,,,,,,,,,,Y,N1,A1100049,35
2026-07-26 08:50:54,data_go_kr,서울특별시,A1100027,한국원자력의학원원자력병원,7,20260726084938,02-970-2620,,Y,,,,,,,,,,,,,,,1,,1,,1,,,,,1,,,,,,1,Y,,Y,,,,Y,,Y,Y,,,Y,Y,N1,264,N1,8,Y,Y,,10,N1,9,,1,1,,,,,,,,,,,,10,1,,,,10,,,1,1,4,2,1,16,,2,1,,,,,444,,,,,,,,,,,,,,1,,,Y,N1,A1100027,36
2026-07-26 08:50:54,data_go_kr,서울특별시,A1100022,서울특별시동부병원,8,20260726085020,02-920-9119,,Y,,,,,,,,,,,,,,,,,1,,1,,,,,1,,,,,,,Y,,Y,,,,,,Y,N1,,,Y,Y,N1,23,N1,1,Y,Y,,3,N1,8,,1,1,,,,,,,,,,,,8,1,,,,3,,,,1,1,1,,7,,1,1,,,,,195,,,,,,,,,,,,,,,,,Y,N1,A1100022,37
2026-07-26 08:50:54,data_go_kr,서울특별시,A1100050,서울성심병원,16,20260726084834,02-966-1616,,,,,,,,,,,,,,,,,,,1,,2,,,,,,,,,,,,,,Y,,,,,,Y,N1,,,N1,Y,N1,67,N1,9,N1,Y,,6,N1,17,,1,2,,,,,,,,,,,,10,,,,,6,,,,,1,1,,11,,,,,,,,208,,,,,,,,,,,,,,,,,Y,N1,A1100050,38
2026-07-26 08:50:54,data_go_kr,서울특별시,A1100025,의료법인동신의료재단동신병원,7,20260726084819,02-396-9161,N,N,,,,,,,,,,,,,,,,,,,1,,,,,,,,,,,,N,N,Y,,,,N,,Y,N,,,Y,Y,N,51,N,2,N,Y,,3,N,9,,,1,,,,,,,,,,,,9,,,,,3,,,,0,1,1,0,7,0,0,1,0,0,0,0,196,,,,,,,,,,,,,,,,,Y,N,A1100025,39
2026-07-26 08:50:54,data_go_kr,서울특별시,A1122033,기쁨병원,2,20260726085033,02-570-1212,,,,,,,,,,,,,,,,,,,,,1,,,,,,,,,,,,,,Y,,,,Y,,Y,Y,,,N1,Y,N1,53,N1,,N1,Y,,8,N1,4,,,1,,,,,,,,,,,,,,,,,8,,,,,2,2,1,1,,,,,,,,110,,,,,,,,,,,,,,,,,Y,N1,A1122033,40
2026-07-26 08:50:54,data_go_kr,서울특별시,A1100039,경찰병원,3,20260726085002,02-3400-1300,,,,,,,,,,,,,,,,,1,,1,,,,,,,2,,,,,,2,,,Y,,,,,,Y,N1,,,Y,Y,N1,133,N1,14,N1,Y,,7,N1,3,,1,,,,,,,,,,,,,14,2,,,,7,,,2,,2,3,,10,,,2,,,,,187,,,,,,,,,,,,,,1,,,Y,N1,A1100039,41
2026-07-26 08:50:54,data_go_kr,서울특별시,A1100019,홍익병원,6,20260726084845,02-2600-0777,,,,,,,,,,,,,,,,,,,,,1,,,,,0,,,,,,0,,,Y,,,,Y,,Y,Y,,,N,Y,N1,55,N1,9,N1,Y,,4,N1,9,,,1,,,,,,,,,,,,14,1,,,,4,,,1,,4,2,2,7,,,1,,,,,251,,,,,,,,,,,,,,,,,Y,N1,A1100019,42
2026-07-26 08:50:54,data_go_kr,서울특별시,A1100223,서울특별시서남병원,17,20260726085000,02-6300-9129,,,,,,,,,,,,,,,,0,,,1,,2,0,,,,1,0,,,,,4,,,Y,,,,,,Y,N1,,,Y,Y,Y,69,Y,5,N1,Y,,4,N1,17,,1,2,2,,,,,,,,,,,17,1,3,,,4,,,4,,2,1,,16,,,1,1,1,,,275,,,,,,,,,,,,,0,,,,Y,N1,A1100223,43
2026-07-26 08:50:54,data_go_kr,서울특별시,A1100024,명지성모병원,6,20260726084901,02-829-7800,,,,,,,,,,,,,,,,,,,1,,1,,,,,1,,,,,,,,,Y,,,,Y,,Y,Y,,,N1,Y,N1,105,N1,5,N1,Y,,3,N1,8,,1,1,,,,,,,,,,,,12,1,,,,3,,,,,1,3,2,7,,,,,,,,212,,,,,,,,,,,,,,,,,Y,N1,A1100024,44
2026-07-26 08:50:54,data_go_kr,서울특별시,A1100037,대림성모병원,8,20260726084636,02-829-9129,,,,,,,,,,,,,,,,,,,,,2,,,,,,,,,,,,,,Y,,,,,,Y,N1,,,N1,Y,N1,47,N1,,N1,Y,,4,N1,8,,,2,,,,,,,,,,,,,,,,,4,,,,,1,1,,1,,,,,,,,113,,,,,,,,,,,,,,,,,Y,N1,A1100037,45
2026-07-26 08:50:54,data_go_kr,서울특별시,A1100045,씨엠병원,8,20260726083000,070-4698-7811,,,,,,,,,,,,,,,,,,,,,1,,,,,,,,,,,,,,Y,,,,,,Y,N1,,,N1,Y,N1,40,N1,,N1,Y,,5,N1,9,,,1,,,,,,,,,,,,,,,,,5,,,,,2,2,,6,,,,,,,,110,,,,,,,,,,,,,,,,,Y,N1,A1100045,46
2026-07-26 08:50:54,data_go_kr,서울특별시,A1100023,의료법인청구성심병원,10,20260726084852,02-383-0129,,,,,,,,,,,,,,,,,,,,,0,,,,,,,,,,,,,,Y,,,,,,Y,N1,,,N1,Y,N1,12,N1,2,N1,Y,,3,N1,10,,,1,,,,,,,,,,,,6,,,,,3,,,,,1,1,,4,,,,,,,,196,,,,,,,,,,,,,,,,,Y,N1,A1100023,47
2026-07-26 08:50:54,data_go_kr,서울특별시,A1100029,서울적십자병원,8,20260726084942,02-2002-8888,,,,,,,,,,,,,,,,,,,1,,,,,,,,,,,,,,,,Y,,,,,,Y,N1,,,Y,Y,N1,91,N1,7,N1,Y,,6,N1,10,,1,,,,,,,,,,,,,12,,,,,6,,,,,1,1,,11,,,2,,,,,260,,,,,,,,,,,,,,,,,Y,N1,A1100029,48
2026-07-26 08:50:54,data_go_kr,서울특별시,A1100032,세란병원,10,20260726084831,02-737-0181,,,,,,,,,,,,,,,,,,,,,1,,,,,,,,,,,,,,Y,,,,,,Y,N1,,,N1,Y,N1,49,N1,,N1,Y,,13,N1,10,,,1,,,,,,,,,,,,,,,,,13,,,,,3,5,,3,,,,,,,,205,,,,,,,,,,,,,,,,,Y,N1,A1100032,49
2026-07-26 08:50:54,data_go_kr,서울특별시,A1100075,의료법인풍산의료재단동부제일병원,6,20260726084548,02-490-8880,,,,,,,,,,,,,,,,,,,,,1,,,,,,,,,,,,,,Y,,,,,,Y,N1,,,N1,Y,N1,40,N1,,N1,N,,2,N1,7,,,1,,,,,,,,,,,,,,,,,2,,,,,1,1,,3,,,,,,,,124,,,,,,,,,,,,,,,,,Y,N1,A1100075,50
2026-07-26 08:50:54,data_go_kr,서울특별시,A1100044,녹색병원,5,20260726085002,02-490-2113,,,,,,,,,,,,,,,,,,,1,,4,,,,,2,,,,,,1,Y,,Y,,,,,,Y,N1,,,Y,Y,N1,92,N1,8,N1,Y,,3,N1,5,,1,4,,,,,,,,,,,,17,3,,,,3,,,3,1,2,1,,22,,,1,,,,,293,,,,,,,,,,,,,,,,,Y,N1,A1100044,51
2026-07-26 08:50:54,data_go_kr,부산광역시,A1200003,동아대학교병원,21,20260726084709,051-240-5300,Y,Y,2,6,,,,0,1,,,,,,,,,3,,,,9,,,6,5,9,,,,6,1,Y,,Y,2,,,Y,,Y,Y,4,5,Y,Y,Y,142,Y,7,Y,Y,6,18,N1,26,3,,,16,,,20,,,8,13,,11,7,18,6,30,,,18,,18,3,4,5,3,4,76,11,30,16,4,4,,,738,2,6,,,,4,1,,,,,,,,,,Y,Y,A1200003,1
2026-07-26 08:50:54,data_go_kr,부산광역시,A1200022,인제대학교 해운대백병원,22,20260726084644,051-797-0135,Y,Y,,,,,2,2,,10,,,,,,,,3,1,9,2,6,,,,0,13,,,,,0,Y,Y,Y,,,,Y,,Y,Y,,,Y,Y,Y,179,Y,,Y,Y,0,22,N1,29,3,2,3,12,28,27,23,,,,,,,,,2,30,,,22,,,7,2,5,3,4,72,8,40,17,9,11,1,,710,,,,,5,3,,,,,,,,,,,Y,Y,A1200022,2
2026-07-26 08:50:54,data_go_kr,부산광역시,A1200018,대동병원,9,20260726084923,051-550-9391,,,,,,,,,,,,,,,,,,3,1,,2,,,,,0,,,,,,1,,,Y,,,,Y,,Y,Y,,,Y,Y,N1,69,N1,3,N1,Y,,6,N1,15,3,1,2,,,,,,,,,,,,21,1,,,,6,,,1,,2,1,1,10,,,1,,,,,401,,,,,,,,,,,,,,,,,Y,N1,A1200018,3
2026-07-26 08:50:54,data_go_kr,부산광역시,A1200020,의료법인 온그룹의료재단 온병원,16,20260726084636,051-607-0139,,,,,,,,,,,,,,,,,,,1,,2,,,,,1,,,,,,5,,,Y,,,,Y,,Y,Y,,,Y,Y,N1,177,N1,10,N1,Y,,9,Y,20,,1,2,,,,,,,,,,,,23,1,,,,9,,,6,,4,2,2,7,,,1,,,,1,585,,,,,,,,,,,,,,,,,Y,N1,A1200020,4
2026-07-26 08:50:54,data_go_kr,부산광역시,A1200001,인제대학교부산백병원,15,20260726085012,051-890-5995,Y,Y,,,,,,,,5,,,,,,,,,1,3,2,,,,3,1,,,,,3,2,Y,,Y,1,,,Y,,Y,Y,,,Y,Y,Y,208,Y,6,Y,Y,1,17,Y,18,,1,2,,19,18,35,,,,12,,6,,10,1,,,,17,,20,8,4,5,3,6,68,19,38,16,3,7,,2,691,,,,,,,,,,,,,,,,,Y,Y,A1200001,5
2026-07-26 08:50:54,data_go_kr,부산광역시,A1200005,의료법인 은성의료재단 좋은삼선병원,7,20260726084911,051-310-9119,,,,,,,,,,,,,,,,,3,1,1,,1,,,,1,0,,,,,,2,,,Y,2,,,Y,,Y,Y,,,Y,Y,N1,22,N1,6,N1,Y,,7,N1,13,1,1,2,,,,,,,,5,,4,,19,2,,,,7,,,2,,2,2,2,11,,,1,,,,,375,,,,,,,,,,,,,,3,,,Y,N1,A1200005,6
2026-07-26 08:50:54,data_go_kr,부산광역시,A1200004,고신대학교복음병원,18,20260726084828,051-990-6200,Y,Y,1,4,,,,,,5,,,,,,,,,,7,,,,,9,7,,,,,14,1,Y,,Y,2,,,Y,,Y,Y,2,,Y,Y,Y,182,Y,,Y,Y,15,13,Y,25,,,,,13,8,18,,,5,13,,16,,,7,,,,13,,14,1,7,3,3,5,53,13,19,14,3,1,,1,685,1,4,,,,,,,,,,,,,,,Y,Y,A1200004,7
2026-07-26 08:50:54,data_go_kr,부산광역시,A1200002,부산대학교병원,13,20260726085000,051-240-7776,Y,Y,,,,,1,,,3,,,,0,0,0,,3,1,,2,-4,,,,3,3,,28,2,7,4,Y,,Y,0,2,12,Y,14,Y,Y,,,Y,Y,Y,413,Y,6,Y,Y,1,26,N,17,3,1,2,2,10,,20,,,,0,42,,,24,4,3,,82,26,2,19,10,12,9,6,10,100,17,17,21,9,21,,1,901,,,,,2,,,,,,0,0,0,,2,12,Y,Y,A1200002,8
2026-07-26 08:50:54,data_go_kr,부산광역시,A1200007,비에이치에스한서병원,12,20260726085010,051-998-1119,,,,,,,,,,,,,,,,,,,1,,1,2,,,,,3,,,,,,,,Y,,,,Y,,Y,Y,,,Y,Y,Y,83,N1,7,N1,Y,,4,N1,17,,1,2,2,,,,,,,,,,,14,,3,,,4,,,,,1,1,2,11,,,1,1,,,,280,,,,,,,,,,,,,,,,,Y,N1,A1200007,9
2026-07-26 08:50:54,data_go_kr,부산광역시,A1200028,(의)서일의료재단기장병원,7,20260726084932,051-723-2119,,,,,,,,,,,,,,,,,,,,,1,,,,,,,,,,,,,,Y,,,,,,Y,N1,,,N1,Y,N1,19,N1,,N1,Y,,3,N1,9,,,1,,,,,,,,,,,,,,,,,3,,,,,1,1,,1,,,,,,,,154,,,,,,,,,,,,,,,,,Y,N1,A1200028,10
2026-07-26 08:50:54,data_go_kr,부산광역시,A1200015,동남권원자력의학원원자력병원,6,20260726084801,051-720-5911,,,,,,,,,,,,,,,,,,,1,,,,,,,,,,,,,,,,Y,,,,Y,,Y,Y,,,Y,Y,Y,110,N1,7,N1,Y,,8,N1,9,,1,,,,,,,,,,,,,12,,,,,8,,,,,2,2,2,12,,,1,0,,,,261,,,,,,,,,,,,,,,,,Y,N1,A1200015,11
2026-07-26 08:50:54,data_go_kr,부산광역시,A1200013,부산성모병원(재단법인 천주교부산교구유지재단),4,20260726084810,051-933-7119,Y,Y,,,,,,,,,,,,,,,4,3,1,,,,,,,2,,,,,,1,,,Y,,,,,,Y,N1,,,Y,Y,N1,78,N1,9,Y,Y,7,7,N1,10,4,1,,,,,10,,,,,,,,18,2,,,,7,,,2,,1,1,,6,14,13,1,,,,,373,,,,,,,,,,,,,,4,,,Y,Y,A1200013,12
2026-07-26 08:50:54,data_go_kr,부산광역시,A1200026,좋은문화병원,4,20260726084923,051-630-0909,Y,Y,,,,,,,,,,,,,,,,2,1,,2,,,,,,,,,,,2,Y,,Y,,,,,,Y,N1,,,N1,Y,N1,48,N1,4,Y,Y,-1,0,Y,7,2,1,2,,,,12,,,,,,,,8,,,,,8,,,2,8,2,2,,3,6,17,,,,,1,270,,,,,,,,,,,,,,,,,Y,Y,A1200026,13
2026-07-26 08:50:54,data_go_kr,부산광역시,A1200017,의료법인정화의료재단 봉생기념병원,9,20260726084340,051-664-4119,,,,,,,,,,3,,,,,,,,,,1,1,,,,,,,,,,3,1,,,Y,,,,Y,,Y,Y,,,Y,Y,N1,46,N1,,N1,Y,,8,N1,9,,,2,,11,11,,,,,,,,,,,,,,8,,31,1,,1,2,2,11,,,4,,,,,335,,,,,,,,,,,,,,,,,Y,N1,A1200017,14
2026-07-26 08:50:54,data_go_kr,부산광역시,A1200011,동래봉생병원,5,20260726084836,051-520-5700,,,,,,,,,,,,,,,,,,,1,,1,,,,,2,,,,,,,,,Y,,,,Y,,Y,Y,,,Y,Y,N1,42,N1,4,N1,Y,,7,N1,8,,1,1,,,,,,,,,,,,18,2,,,,7,,,,,1,2,2,11,,,1,,,,,241,,,,,,,,,,,,,,,,,Y,N1,A1200011,15
2026-07-26 08:50:54,data_go_kr,부산광역시,A1200009,의료법인 광혜의료재단 광혜병원,8,20260726084850,051-504-2119,,,,,,,,,,,,,,,,,,,2,,1,,,,,,,,,,,0,,,Y,,,,,,Y,N1,,,N1,Y,N1,72,N1,1,N1,Y,,3,N1,9,,2,1,,,,,,,,,,,,9,,,,,3,,,1,,1,1,,4,,,,,,,,190,,,,,,,,,,,,,,,,,Y,N1,A1200009,16
2026-07-26 08:50:54,data_go_kr,부산광역시,A1200019,학교법인)동의병원,12,20260726084900,051-850-8777,,,,,,,,,,,,,,,,,,,,,1,,,,,,,,,,,,,,Y,,,,Y,,Y,Y,,,Y,Y,Y,106,N1,16,N1,Y,,1,N1,14,,,1,,,,,,,,,,,,23,,,,,5,,,,,2,2,2,7,,,2,1,,,,448,,,,,,,,,,,,,,,,,Y,N1,A1200019,17
2026-07-26 08:50:54,data_go_kr,부산광역시,A1200025,학교법인 춘해병원,7,20260726084844,051-608-0119,,,,,,,,,,,,,,,,,,,,,1,,,,,,,,,,,,,,Y,,,,,,Y,N1,,,N1,Y,N1,55,N1,,N1,Y,,4,N1,9,,,1,,,,,,,,,,,,,,,,,4,,,,,1,1,,3,,,,,,,,201,,,,,,,,,,,,,,,,,Y,N1,A1200025,18
2026-07-26 08:50:54,data_go_kr,부산광역시,A1200045,구포성심병원,6,20260726084637,051-330-2090,,,,,,,,,,,,,,,,,,,,,0,,,,,,,,,,,,,,Y,,,,Y,,Y,Y,,,N1,Y,N1,23,N1,,N1,Y,,4,N1,9,,,1,,,,,,,,,,,,,,,,,4,,,,,1,1,1,4,,,,,,,,243,,,,,,,,,,,,,,,,,Y,N1,A1200045,19
2026-07-26 08:50:54,data_go_kr,부산광역시,A1200006,의료법인 인당의료재단 부민병원,5,20260726084654,051-330-3129,,,,,,,,,,,,,,,,,,,1,,1,,,,,1,,,,,,,,,Y,,,,Y,,Y,Y,,,Y,Y,N1,24,N1,1,N1,Y,,8,N1,10,,1,1,,,,,,,,,,,,18,1,,,,8,,,,,2,3,1,7,,,1,,,,,366,,,,,,,,,,,,,,,,,Y,N1,A1200006,20
2026-07-26 08:50:54,data_go_kr,부산광역시,A1200016,한국보훈복지의료공단 부산보훈병원,10,20260726084758,051-601-6183,,,,,,,,,,,,,,,,,,,1,,1,,,,,1,,,,,,,,,Y,,,,Y,,Y,Y,,,N1,Y,N1,30,N1,6,N1,Y,,7,N1,11,,1,1,,,,,,,,,,,,9,1,,,,7,,,,,2,3,2,11,,,,,,,,452,,,,,,,,,,,,,,,,,Y,N1,A1200016,21
2026-07-26 08:50:54,data_go_kr,부산광역시,A1200021,삼육부산병원,3,20260726084844,051-600-7750,,Y,,,,,,,,,,,,,,,,,1,,,,,,,0,,,,,,,Y,,Y,,,,Y,,Y,Y,,,Y,Y,Y,6,N1,1,Y,Y,,,N1,9,,1,,,,,,,,,,,,,14,1,,,,,,,,1,2,1,1,9,,1,2,1,,,,302,,,,,,,,,,,,,,,,,Y,N1,A1200021,22
2026-07-26 08:50:54,data_go_kr,부산광역시,A1200008,의료법인 은성의료재단 좋은강안병원,15,20260726085010,051-610-9119,,,,,,,,,,,,,,,,,,,1,,2,,,,,1,,,,,,1,,,Y,,,,Y,,Y,Y,,,Y,Y,Y,78,N1,4,N1,Y,,11,N1,18,,1,2,,,,,,,,,,,,30,2,,,,11,,,3,,4,3,3,12,,,5,1,,,,535,,,,,,,,,,,,,,,,,Y,N1,A1200008,23
2026-07-26 08:50:54,data_go_kr,부산광역시,A1200098,의료법인 센텀의료재단 센텀종합병원,7,20260726085027,051-750-5119,,,,,,,,,,,,,,,,,,,,,1,,,,,1,,,,,,,,,Y,,,,Y,,Y,Y,,,N1,Y,N1,22,N1,2,N1,Y,,9,N1,9,,,1,,,,,,,,,,,,16,1,,,,9,,,,,2,2,1,11,,,,,,,,338,,,,,,,,,,,,,,,,,Y,N1,A1200098,24
2026-07-26 08:50:54,data_go_kr,부산광역시,A1200024,부산광역시의료원,13,20260726084914,051-607-2140,,N,,,,,,,,5,,,,,,,,,1,6,1,,,,,,,,,,8,6,N,,Y,,,,Y,,Y,Y,,,Y,Y,N1,121,N1,,N,Y,,7,N1,18,,1,1,,13,14,,,,,,,,,,,,,,7,,29,7,1,1,1,2,19,,2,4,,,,,398,,,,,,,,,,,,,,,,,Y,N1,A1200024,25
2026-07-26 08:50:54,data_go_kr,부산광역시,A1200012,의료법인 행도의료재단 해동병원,5,20260726085020,051-410-6688,,,,,,,,,,,,,,,,,,,1,,,,,,,,,,,,,0,,,Y,,,,,,Y,N1,,,Y,Y,N1,36,N1,4,N1,Y,,3,Y,6,,1,,,,,,,,,,,,,9,,,,,3,,,0,,1,1,,5,,,1,,,,12,256,,,,,,,,,,,,,,,,,Y,N1,A1200012,26
2026-07-26 08:50:54,data_go_kr,부산광역시,A1200014,영도병원,6,20260726084643,051-419-7575,,,,,,,,,,,,,,,,,,,1,,1,,,,,,,,,,,,,,Y,,,,,,Y,N1,,,N1,Y,N1,19,N1,2,N1,Y,,3,N1,7,,1,1,,,,,,,,,,,,10,,,,,3,,,,,1,1,,7,,,,,,,,217,,,,,,,,,,,,,,,,,Y,N1,A1200014,27
2026-07-26 08:50:54,data_go_kr,부산광역시,A1200023,재단법인천주교부산교구유지재단 메리놀병원,8,20260726084809,051-461-2300,,,,,,,,,,,,,,,,,,,,,1,,,,,0,,,,,,,Y,,Y,,,,Y,,Y,Y,,,Y,Y,N1,101,N1,3,N1,Y,,8,N1,9,,,1,,,,,,,,,,,,18,1,,,,8,,,,1,1,1,1,9,,,2,,,,,380,,,,,,,,,,,,,,,,,Y,N1,A1200023,28
2026-07-26 08:50:54,data_go_kr,부산광역시,A1205143,의료법인 인당의료재단 해운대부민병원,6,20260726084654,051-602-8119,,,,,,,,,,,,,,,,,,,1,,,,,,,0,,,,,,1,,,Y,,,,Y,,Y,Y,,,Y,Y,N1,40,N1,6,N1,Y,,8,Y,9,,1,,,,,,,,,,,,,19,2,,,,8,,,3,,2,2,1,10,,,1,,,,1,360,,,,,,,,,,,,,,,,,Y,N1,A1205143,29
2026-07-26 08:50:54,data_go_kr,대구광역시,A1300001,영남대학교병원,20,20260726084737,053-620-3177,Y,Y,,0,,,1,3,,1,0,,,,,,,3,2,10,3,7,,,1,3,5,,,,10,4,Y,,Y,6,,,Y,,Y,Y,,,Y,Y,Y,215,Y,,Y,Y,1,23,Y,28,3,2,3,21,10,15,15,,,,14,,7,,,13,30,,,23,,20,7,2,4,4,4,75,5,11,8,5,5,,1,704,,0,,,1,3,,0,,,,,,,,,Y,Y,A1300001,1
2026-07-26 08:50:54,data_go_kr,대구광역시,A1300002,경북대학교병원,14,20260726084706,053-200-5100,Y,Y,2,2,,,,,,4,,,,,,,,4,,4,,11,,,6,,30,,15,2,9,4,Y,,Y,4,1,6,Y,3,Y,Y,2,4,Y,Y,Y,184,Y,,Y,Y,1,17,N1,25,4,,,20,7,7,15,,,6,7,20,10,11,,,44,,40,17,2,20,5,2,5,5,5,82,8,11,11,9,5,,,582,2,3,,,,,,,,,,,,,2,6,Y,Y,A1300002,2
2026-07-26 08:50:54,data_go_kr,대구광역시,A1300004,대구가톨릭대학교병원,11,20260726084724,053-650-3000,Y,Y,,,,,,,,0,,,,,,,,,1,2,3,,,,,2,,,,,1,3,Y,Y,Y,2,,,Y,,Y,Y,,,Y,Y,Y,303,Y,0,Y,Y,3,19,N1,24,,1,3,,15,25,42,,,,16,,,,0,6,,,,19,,20,9,2,3,3,5,58,20,32,8,3,4,1,,704,,,,,,,,,,,,,,,,,Y,Y,A1300004,3
2026-07-26 08:50:54,data_go_kr,대구광역시,A1300003,계명대학교동산병원,9,20260726084946,053-258-6306,Y,Y,,,,,,,,0,,,,,,,,,2,1,2,,0,,,0,12,,,,3,3,Y,Y,Y,3,,,Y,,Y,Y,6,,Y,Y,Y,274,Y,2,Y,Y,2,24,Y,20,,2,3,,11,13,39,7,,8,15,,,,10,4,20,,,24,,20,16,6,6,5,7,56,13,37,9,4,14,1,2,769,,,,,,,,,,,,,,,,,Y,Y,A1300003,4
2026-07-26 08:50:54,data_go_kr,대구광역시,A1300009,대구파티마병원,-8,20260726085000,053-940-7119,Y,Y,,,,,,,,3,,,,,,,,4,2,3,4,2,,,,2,3,,,,,,Y,,Y,8,,,Y,,Y,Y,,,Y,Y,Y,188,Y,,Y,Y,2,17,N1,25,5,2,5,2,17,8,8,,,,12,,,,,9,4,,,17,,,,2,5,3,4,32,11,19,5,1,1,,,539,,,,,,,,,,,,,,,,,Y,Y,A1300009,5
2026-07-26 08:50:54,data_go_kr,대구광역시,A1300010,칠곡경북대학교병원,10,20260726084807,053-200-2100,Y,Y,,,1,1,,,,4,,,,,,,,5,1,10,3,,3,1,,4,0,3,,,12,13,Y,,Y,,,,Y,,Y,Y,,,Y,Y,Y,268,Y,,Y,Y,7,19,N1,23,7,1,3,,10,15,39,10,2,,,,,,,4,0,8,,19,,20,13,2,8,5,8,52,9,27,9,3,1,,,760,,,1,1,,,,,,,,,,,,,Y,Y,A1300010,6
2026-07-26 08:50:54,data_go_kr,대구광역시,A1300034,드림종합병원,5,20260726085021,053-640-8575,,,,,,,,,,,,,,,,,1,,,,1,,,,,,,,,,,,,,Y,,,,Y,,Y,Y,,,Y,Y,Y,25,N1,,N1,N,,3,N1,8,,,1,,,,,,,,,,,,,,,,,3,,,,,2,1,1,2,,,1,1,,,,159,,,,,,,,,,,,,,1,,,Y,N1,A1300034,7
2026-07-26 08:50:54,data_go_kr,대구광역시,A1300006,의료법인구의료재단구병원,9,20260726085000,053-557-7119,,,,,,,,,,,,,,,,,,,,,1,,,,,0,,,,,,,,,Y,,,,,,Y,N1,,,N1,Y,N1,63,N1,7,N1,Y,,9,N1,10,,,1,,,,,,,,,,,,18,1,,,,9,,,,,3,1,,3,,,,,,,,235,,,,,,,,,,,,,,,,,Y,N1,A1300006,8
2026-07-26 08:50:54,data_go_kr,대구광역시,A1300110,더블유병원,6,20260726085023,053-550-5019,,,,,,,,,,,,,,,,,,,,,1,,,,,,,,,,,,,,Y,,,,,,Y,N1,,,N1,Y,N1,92,N1,,N1,N,,8,Y,10,,,1,,,,,,,,,,,,,,,,,8,,,,,1,1,,1,,,,,,,8,431,,,,,,,,,,,,,,,,,Y,N1,A1300110,9
2026-07-26 08:50:54,data_go_kr,대구광역시,A1300011,한국보훈복지의료공단대구보훈병원,9,20260726084930,053-630-7014,,,,,,,,,,,,,,,,,,,1,,1,,,,,1,,,,,,1,,,Y,,,,Y,,Y,Y,,,N1,Y,N1,51,N1,3,N1,Y,,6,N1,12,,1,1,,,,,,,,,,,,13,1,,,,6,,,1,,1,3,2,9,,,,,,,,406,,,,,,,,,,,,,,,,,Y,N1,A1300011,10
2026-07-26 08:50:54,data_go_kr,대구광역시,A1300045,삼일병원,13,20260726084947,053-659-3119,,,,,,,,,,,,,,,,,,,1,,,,,,,,,,,,,,,,Y,,,,Y,,Y,Y,,,N1,Y,N1,57,N1,,N1,N,,4,N1,14,,1,,,,,,,,,,,,,,,,,,4,,,,,3,2,1,3,,,,,,,,299,,,,,,,,,,,,,,,,,Y,N1,A1300045,11
2026-07-26 08:50:54,data_go_kr,대구광역시,A1300038,나사렛종합병원,7,20260726084617,053-643-3119,,,,3,,,,,,,,,,,,,,,,,1,,,,,1,,,,,,,,,Y,,,,Y,,Y,Y,,,Y,Y,N1,29,N1,4,N1,Y,,5,N1,9,,,1,,,,,,,,,,,,28,1,,,,5,,,,,2,2,2,5,,,1,,,,,231,,9,,,,,,,,,,,,,,,Y,N1,A1300038,12
2026-07-26 08:50:54,data_go_kr,대구광역시,A1300018,강남종합병원,13,20260726084327,053-980-9018,,,,,,,,,,,,,,,,,,,1,,,,,,,,,,,,,1,,,Y,,,,,,Y,N1,,,N1,Y,N1,57,N1,,N1,Y,,7,N1,15,,1,,,,,,,,,,,,,,,,,,7,,,1,,2,2,,2,,,,,,,,207,,,,,,,,,,,,,,,,,Y,N1,A1300018,13
2026-07-26 08:50:54,data_go_kr,대구광역시,A1300005,대구가톨릭대학교칠곡가톨릭병원,4,20260726084718,053-320-2111,,,,,,,,,,,,,,,,,,,,,1,,,,,,,,,,,,,,Y,,,,,,Y,N1,,,N1,Y,N1,35,N1,,N1,Y,,3,N1,9,,,1,,,,,,,,,,,,,,,,,3,,,,,2,2,,1,,,,,,,,161,,,,,,,,,,,,,,,,,Y,N1,A1300005,14
2026-07-26 08:50:54,data_go_kr,대구광역시,A1300076,대구굿모닝병원,13,20260726085018,053-620-9119,,,,,,,,,,,,,,,,,,,1,,1,,,,,1,,,,,,,,,Y,,,,Y,,Y,Y,,,N1,Y,N1,74,N1,2,N1,Y,,4,N1,17,,1,1,,,,,,,,,,,,26,1,,,,4,,,,,2,4,2,13,,,,,,,,226,,,,,,,,,,,,,,,,,Y,N1,A1300076,15
2026-07-26 08:50:54,data_go_kr,대구광역시,A1300007,대구의료원,15,20260726085001,053-560-7288,,Y,,,,,,,,,,,,,,,,,1,,1,,,,,0,,,,,1,1,Y,,Y,,,,,,Y,N1,,,N1,Y,N1,47,N1,5,Y,Y,,4,N1,18,,1,1,,,,,,,,,,,,18,1,,,,4,,82,3,1,1,1,,13,,4,,,,,,254,,,,,,,,,,,,,,,,,Y,N1,A1300007,16
2026-07-26 08:50:54,data_go_kr,대구광역시,A1300081,(재)미리내천주성삼성직수도회천주성삼병원,4,20260726085000,053-790-0555,,,,,,,,,,,,,,,,,,,,,1,,,,,,,,,,,,,,Y,,,,,,Y,N1,,,N1,Y,N1,18,N1,,N1,Y,,4,N1,9,,,1,,,,,,,,,,,,,,,,,4,,,,,1,2,,4,,,,,,,,294,,,,,,,,,,,,,,,,,Y,N1,A1300081,17
2026-07-26 08:50:54,data_go_kr,대구광역시,A1300008,곽병원,5,20260726085030,053-605-3333,,,,,,,,,,,,,,,,,,,,,2,,,,,,,,,,,,,,Y,,,,,,Y,N1,,,N1,Y,N1,13,N1,,N1,Y,,4,N1,10,,,2,,,,,,,,,,,,,,,,,4,,,,,1,1,,2,,,,,,,,221,,,,,,,,,,,,,,,,,Y,N1,A1300008,18
2026-07-26 08:50:54,data_go_kr,대구광역시,A1303386,계명대학교대구동산병원,12,20260726084901,053-250-8481,,,,,,,,,,,,,,,,,,,1,,1,,,,,0,,,,,,,N,,Y,,,,Y,,Y,Y,,,Y,Y,N1,39,N,0,N1,Y,,3,N1,12,,1,1,,,,,,,,,,,,7,5,,,,3,,,,0,2,1,1,6,,,6,,0,,,196,,,,,,,,,,,,,,,,,Y,N1,A1303386,19
2026-07-26 08:50:54,data_go_kr,인천광역시,A1400001,의료법인 길의료재단 길병원,9,20260726084835,032-460-3012,Y,Y,2,2,1,1,,0,,7,,,,,2,,,9,,5,,3,,2,3,4,25,3,9,2,11,12,Y,,Y,2,2,6,Y,3,Y,Y,,0,Y,Y,Y,425,Y,,Y,Y,0,2,Y,23,9,,,18,38,11,30,,2,,14,20,6,4,,11,30,6,47,3,2,18,13,3,6,6,7,113,19,40,19,10,6,,1,995,2,3,1,1,,2,,,,,,3,,,2,6,Y,Y,A1400001,1
2026-07-26 08:50:54,data_go_kr,인천광역시,A1400002,인하대학교의과대학부속병원,13,20260726084605,032-890-2301,Y,Y,,,1,1,,,,2,,,,,,,,5,2,0,5,1,0,0,2,0,5,4,,,3,7,Y,Y,Y,,,,Y,,Y,Y,,,Y,Y,Y,210,Y,1,Y,Y,0,16,Y,20,7,2,5,20,25,13,27,3,2,,,,7,,23,3,30,6,,16,,15,7,4,6,3,5,109,17,27,13,9,7,1,2,681,,,1,1,,,,,,,,,,,,,Y,Y,A1400002,2
2026-07-26 08:50:54,data_go_kr,인천광역시,A1400010,검단탑병원,17,20260726085019,032-590-0077,,,,,,,,,,,,,,,,,,,1,,2,,,,,0,,,,,,0,,,Y,,,,Y,,Y,Y,,,Y,Y,N1,49,N1,7,N1,Y,,6,N1,18,,1,2,,,,,,,,,,,,15,3,,,,6,,,2,,2,2,1,11,,,1,,,,,279,,,,,,,,,,,,,,,,,Y,N1,A1400010,3
2026-07-26 08:50:54,data_go_kr,인천광역시,A1403372,인천세종병원,15,20260726085010,032-240-8119,,,,,,,,,,,,,,,,,,,3,,,1,,,,1,2,,,,,3,,,Y,,,,Y,,Y,Y,,,Y,Y,Y,86,Y,8,N1,Y,,7,N1,18,,3,,2,,,,,,,,,,,20,2,3,,,7,,,6,,2,2,3,13,,,4,5,1,,,274,,,,,,,,,,,,,,,,,Y,N1,A1403372,4
2026-07-26 08:50:54,data_go_kr,인천광역시,A1400014,의료법인인성의료재단한림병원,14,20260726084707,032-540-9119,,,,,,,,,,,,,,,,,,,2,,2,,,,,2,,,,,,2,Y,,Y,,,,Y,,Y,Y,,,Y,Y,Y,60,N1,2,N1,Y,,6,N1,17,,2,2,,,,,,,,,,,,21,2,,,,6,,,2,1,3,2,2,20,,,3,3,,,,391,,,,,,,,,,,,,,,,,Y,N1,A1400014,5
2026-07-26 08:50:54,data_go_kr,인천광역시,A1400016,인천사랑병원,8,20260726084904,032-457-2119,,Y,,,,,,,,,,,,,,,4,,1,,2,,,,,1,0,,,,,1,Y,,Y,,,,Y,,Y,Y,,,Y,Y,N1,25,Y,14,Y,Y,,7,N1,14,,1,2,,,,,,,,,,,,17,1,5,,,7,,,1,1,2,1,1,12,,1,2,,1,,,281,,,,,,,,,,,,,,4,,,Y,N1,A1400016,6
2026-07-26 08:50:54,data_go_kr,인천광역시,A1400012,가톨릭대학교 인천성모병원,9,20260726085011,032-280-6107,Y,Y,,,,,,,,-1,,,,,,,,3,3,0,5,7,,,,0,,,,,,3,Y,,Y,6,,,Y,,Y,Y,,,Y,Y,Y,142,Y,,Y,Y,-1,16,N1,19,4,3,5,12,15,18,13,,,,15,,,,,10,,,,17,,,9,1,4,4,5,53,5,14,11,5,4,,,579,,,,,,,,,,,,,,,,,Y,Y,A1400012,7
2026-07-26 08:50:54,data_go_kr,인천광역시,A1400013,안은의료재단 부평세림병원,15,20260726084943,032-509-5777,,,,,,,,,,,,,,,,,,,1,,3,2,,,,1,0,,,,,2,,,Y,,,,Y,,Y,Y,,,Y,Y,Y,40,N1,5,N1,Y,,4,N1,16,,1,3,2,,,,,,,,,,,11,2,3,,,4,,,2,,3,2,1,9,,,1,1,,,,234,,,,,,,,,,,,,,,,,Y,N1,A1400013,8
2026-07-26 08:50:54,data_go_kr,인천광역시,A1400015,가톨릭관동대학교국제성모병원,14,20260726085014,032-290-3065,Y,Y,4,0,,,,,,4,,,18,,,,,2,0,,0,,,,,,,,,,3,3,Y,,Y,-4,,,Y,,Y,Y,,,Y,Y,N,233,Y,,Y,Y,,11,N1,23,3,0,0,,40,,,,,,13,,,,,,,,,11,,11,3,2,3,2,3,34,2,11,6,2,1,,,641,5,0,,,,,,,,21,,,,,,,Y,Y,A1400015,9
2026-07-26 08:50:54,data_go_kr,인천광역시,A1400003,의료법인 루가의료재단 나은병원,11,20260726084840,032-584-4119,,Y,,,,,,,,4,,,,,,,7,,1,6,2,,,,,3,,,,,,8,Y,,Y,,,,Y,,Y,Y,,,Y,Y,Y,91,Y,,Y,Y,,10,N1,11,,1,2,,14,13,,,,,,,,,,3,,,,10,,,9,1,2,2,3,17,,1,3,1,1,,,367,,,,,,,,,,,,,,7,,,Y,N1,A1400003,10
2026-07-26 08:50:54,data_go_kr,인천광역시,A1400011,의료법인 나사렛의료재단 나사렛국제병원,16,20260726084728,032-899-9699,,,,,,,,,,,,,,,,,,,1,,2,,,,,1,,,,,,,,,Y,,,,Y,,Y,Y,,,Y,Y,N1,65,N1,2,N1,Y,,5,N1,17,,1,2,,,,,,,,,,,,16,1,,,,5,,,,,2,2,2,8,,,2,,,,,282,,,,,,,,,,,,,,,,,Y,N1,A1400011,11
2026-07-26 08:50:54,data_go_kr,인천광역시,A1403617,비에스종합병원,7,20260726084636,032-290-0119,,Y,,,,,,,,,,,,,,,,,1,,,,,,,1,,,,,,,Y,,Y,,,,Y,,Y,Y,,,Y,Y,N1,101,N1,3,Y,N1,1,2,N1,10,,1,,,,,1,,,,,,,,18,1,,,,2,,,,1,1,,1,6,,1,1,,,,,180,,,,,,,,,,,,,,,,,Y,N1,A1403617,12
2026-07-26 08:50:54,data_go_kr,인천광역시,A1400005,온누리병원,7,20260726084550,032-568-9112,,,,,,,,,,,,,,,,,,,1,,1,,,,,,,,,,,,,,Y,,,,,,Y,N1,,,N1,Y,N1,44,N1,,N1,Y,,3,N1,9,,1,1,,,,,,,,,,,,,,,,,3,,,,,1,1,,5,,,,,,,,190,,,,,,,,,,,,,,,,,Y,N1,A1400005,13
2026-07-26 08:50:54,data_go_kr,인천광역시,A1403871,인천힘찬종합병원,15,20260726084556,032-459-3168,,,,,,,,,,,,,,,,,,,1,,2,,,,,0,,,,,,,,,Y,,,,,,Y,N1,,,N1,Y,N1,61,N1,2,N1,Y,,7,N1,17,,1,2,,,,,,,,,,,,8,1,,,,7,,,,,2,2,,1,,,,,,,,235,,,,,,,,,,,,,,,,,Y,N1,A1403871,14
2026-07-26 08:50:54,data_go_kr,인천광역시,A1400004,현대유비스병원,15,20260726085023,032-890-5582,,,,,,,,,,,,,,,,,,,1,,,,,,,1,,,,,,,,,Y,,,,Y,,Y,Y,,,Y,Y,N1,16,N1,5,N1,Y,,6,N1,18,,1,,,,,,,,,,,,,13,1,,,,6,,,,,2,2,1,8,,,2,,,,,285,,,,,,,,,,,,,,,,,Y,N1,A1400004,15
2026-07-26 08:50:54,data_go_kr,인천광역시,A1400008,(의)성세의료재단 뉴성민병원,8,20260726084617,032-726-1119,,,,,,,,,,,,,,,0,,,,,,1,,,,,2,,,,,,,,,Y,,,,,,Y,N1,,,Y,Y,N1,128,N1,9,N1,Y,,6,Y,9,,,1,,,,,,,,,,,,17,2,,,,6,,,,,2,2,,11,,,2,,,,1,265,,,,,,,,,,,,0,,,,,Y,N1,A1400008,16
2026-07-26 08:50:54,data_go_kr,인천광역시,A1400018,인천적십자병원,7,20260726085017,032-899-4119,,,,,,,,,,,,,,,,,,,1,,1,,,,,,,,,,,,,,Y,,,,,,Y,N1,,,N1,Y,N1,64,N1,3,N1,Y,,3,N1,8,,1,1,,,,,,,,,,,,8,,,,,3,,,,,1,1,,2,,,,,,,,104,,,,,,,,,,,,,,,,,Y,N1,A1400018,17
2026-07-26 08:50:54,data_go_kr,인천광역시,A1400037,인천광역시의료원백령병원,5,20260726085002,032-836-1732,Y,Y,,,,,,,,,,,,,,,,,,,1,,,,,,,,,,,,,,Y,,,,,,Y,N1,,,N1,Y,N1,30,N1,,Y,N1,,1,N1,5,,,1,,,,,,,,,,,,,,,,,1,,,,,1,,,1,1,2,,,,,,30,,,,,,,,,,,,,,,,,Y,Y,A1400037,18
2026-07-26 08:50:54,data_go_kr,인천광역시,A1400009,인천기독병원,6,20260726084537,032-270-8300,,,,,,,,,,,,,,,,,,,,,1,,,,,,,,,,,,,,Y,,,1,,,Y,N1,,,N1,Y,N1,36,N1,10,N1,Y,,4,N1,8,,,1,,,,,,,,,,,,10,,,,,4,,,,,1,1,,1,,,,,,,,139,,,,,,,,,,,,,,,,1,Y,N1,A1400009,19
2026-07-26 08:50:54,data_go_kr,인천광역시,A1400017,인천광역시의료원,14,20260726085002,032-580-6119,,,,,,,,,,,,,,,,,,,2,,,,,,,0,,,,,24,7,,,Y,,,,,,Y,N1,,,N1,Y,N1,29,N1,4,N1,Y,,6,N1,15,,2,,,,,,,,,,,,,13,0,,,,6,,45,7,,1,1,,19,,,,,,,,198,,,,,,,,,,,,,,,,,Y,N1,A1400017,20
2026-07-26 08:50:54,data_go_kr,인천광역시,A1400007,의료법인 성수의료재단 인천백병원,3,20260726084809,032-280-8119,,,,,,,,,,,,,,,,,,,,,1,,,,,,,,,,,,,,Y,,,,,,Y,N1,,,Y,Y,N1,43,N1,2,N1,Y,,4,N1,5,,,1,,,,,,,,,,,,12,,,,,4,,,,,2,2,,6,,,1,,,,,189,,,,,,,,,,,,,,,,,Y,N1,A1400007,21
2026-07-26 08:50:54,data_go_kr,대전광역시,A1600006,학교법인건양교육재단건양대학교병원,16,20260726084532,042-600-9119,Y,Y,,0,,,1,1,4,,0,0,0,0,,0,,4,2,,3,10,,,,4,6,,,,11,1,Y,,Y,,,,Y,,Y,Y,,,Y,Y,Y,309,Y,37,Y,Y,0,20,Y,24,5,2,3,16,,,24,,,,,,,,59,5,28,,,20,,20,1,2,4,4,4,46,17,23,10,3,1,,1,658,,0,,,1,3,4,0,0,0,0,,0,,,,Y,Y,A1600006,1
2026-07-26 08:50:54,data_go_kr,대전광역시,A1600001,충남대학교병원,15,20260726085001,042-280-8129,Y,Y,0,0,,,,,,2,,,,,,,0,6,2,5,3,6,2,,3,6,23,,,,16,9,Y,,Y,,,,Y,,Y,Y,,,Y,Y,Y,236,Y,4,Y,Y,9,21,N1,28,6,2,3,20,16,14,34,5,,,,,10,,12,8,30,,,21,,26,14,5,5,4,5,76,12,36,6,8,2,,,966,0,0,,,,,,,,,,,,0,,,Y,Y,A1600001,2
2026-07-26 08:50:54,data_go_kr,대전광역시,A1600002,학교법인을지학원대전을지대학교병원,17,20260726085000,042-259-1119,Y,Y,,,,,,,,5,,0,0,-10,-5,7,3,,2,5,1,,,,3,2,,,3,2,6,,Y,,Y,,2,5,Y,4,Y,Y,,,Y,Y,Y,96,Y,,Y,Y,16,15,N1,21,,2,1,,20,20,20,,,,,20,5,,,11,,,40,15,2,20,,16,4,2,4,70,12,47,7,3,3,,,331,,,,,,,,,0,0,0,0,30,3,2,6,Y,Y,A1600002,3
2026-07-26 08:50:54,data_go_kr,대전광역시,A1600007,의료법인영훈의료재단유성선병원,15,20260726084644,042-609-1119,,,,,,,,,,,,,,,,,,,2,,1,,,,,1,,,,,,1,Y,,Y,,,,Y,,Y,Y,,,Y,Y,Y,100,N1,3,N1,Y,,-4,Y,17,,2,1,,,,,,,,,,,,19,1,,,,7,,,1,1,3,3,2,17,,,2,1,,,1,368,,,,,,,,,,,,,,,,,Y,N1,A1600007,4
2026-07-26 08:50:54,data_go_kr,대전광역시,A1600005,학교법인가톨릭학원가톨릭대학교대전성모병원,16,20260726085010,042-220-9118,Y,Y,,,,,,,,4,,,,,,,,,2,1,,,,,2,0,,,,,,3,Y,,Y,2,,,Y,,Y,Y,1,0,Y,Y,Y,151,N1,,Y,Y,4,12,N1,19,,3,,,15,3,4,,,3,9,,3,2,,1,,,,12,,,4,1,3,2,4,24,5,7,5,2,,,,537,,,,,,,,,,,,,,,,,Y,Y,A1600005,5
2026-07-26 08:50:54,data_go_kr,대전광역시,A1600008,의료법인영훈의료재단대전선병원,14,20260726084632,042-220-8129,,,,,,,,,,,,,,,,,,,1,,3,,,,,-1,,,,,,0,Y,,Y,,,,Y,,Y,Y,,,Y,Y,N1,70,N1,7,N1,Y,,7,N1,17,,1,3,,,,,,,,,,,,24,1,,,,7,,,1,1,2,2,2,11,,,3,,,,,311,,,,,,,,,,,,,,,,,Y,N1,A1600008,6
2026-07-26 08:50:54,data_go_kr,대전광역시,A1600004,대전보훈병원,7,20260726084559,042-939-0100,,,,,,,,,,,,,,,,,,,1,,1,,,,,1,,,,,,1,,,Y,,,,Y,,Y,Y,,,N1,Y,N1,70,N1,3,N1,Y,,5,N1,7,,1,1,,,,,,,,,,,,10,1,,,,5,,,1,,1,3,1,12,,,,,,,,316,,,,,,,,,,,,,,,,,Y,N1,A1600004,7
2026-07-26 08:50:54,data_go_kr,대전광역시,A1600003,대전한국병원,6,20260726085005,042-606-1119,,Y,,,,,,,,,,,,,,,,,1,,,,,,,,,,,,,,Y,,Y,,,,Y,,Y,Y,,,Y,Y,N1,42,N1,5,Y,Y,,4,N1,9,,1,,,,,,,,,,,,,12,,,,,4,,,,4,2,2,2,6,,1,1,,,,,241,,,,,,,,,,,,,,,,,Y,N1,A1600003,8
2026-07-26 08:50:54,data_go_kr,대전광역시,A1602246,대청병원,7,20260726085001,042-589-0119,,,,,,,,,,,,,,,,,,,,,1,,,,,,,,,,,,,,Y,,,,,,Y,N1,,,Y,Y,N1,111,N1,0,N1,Y,,3,N1,9,,,1,,,,,,,,,,,,17,,,,,3,,,,,2,1,,10,,,1,,,,,245,,,,,,,,,,,,,,,,,Y,N1,A1602246,9
2026-07-26 08:50:54,data_go_kr,울산광역시,A1700004,학교법인울산공업학원울산대학교병원,9,20260726084744,052-250-7000,Y,Y,3,3,,,,0,,5,,,4,,5,,,8,0,11,0,3,,,3,8,13,,2,2,9,0,Y,,Y,,2,6,Y,12,Y,Y,,1,Y,Y,Y,192,Y,3,Y,Y,3,19,N1,21,8,0,0,12,13,16,26,,,,,20,6,2,8,8,36,,42,20,2,20,0,5,7,5,6,83,14,27,17,8,4,,,725,3,3,,,,8,,,,4,,5,,,2,6,Y,Y,A1700004,1
2026-07-26 08:50:54,data_go_kr,울산광역시,A1700028,의료법인정안의료재단중앙병원,7,20260726084810,052-226-1119,,,,,,,,,,,,,,,,,,,1,,2,1,,,,2,2,,,,,0,,,Y,,,,Y,,Y,Y,,,Y,Y,N1,72,N1,1,N1,Y,,8,N1,17,,1,2,2,,,,,,,,,,,18,2,4,,,8,,,1,,2,2,2,7,,,2,,,,,335,,,,,,,,,,,,,,,,,Y,N1,A1700028,2
2026-07-26 08:50:54,data_go_kr,울산광역시,A1700003,울산병원,17,20260726085006,052-259-5119,,,,,,,,,,,,,,,,,,,1,,2,1,,,,0,2,,,,,,,,Y,,,,Y,,Y,Y,,,Y,Y,Y,52,Y,10,N1,Y,,4,Y,19,,1,2,2,,,,,,,,,,,17,1,3,,,4,,,,,2,2,3,12,,,4,1,2,,2,343,,,,,,,,,,,,,,,,,Y,N1,A1700003,3
2026-07-26 08:50:54,data_go_kr,울산광역시,A1700025,의료법인송은의료재단울산시티병원,15,20260726085005,052-280-9119,,,,,,,,,,,,,,,,,,,1,,2,0,,,,2,2,,,,,,,,Y,,,,Y,,Y,Y,,,Y,Y,N1,52,N1,8,N1,Y,,8,N1,17,,1,2,2,,,,,,,,,,,24,3,3,,,8,,,,,2,2,2,17,,,4,,,,,347,,,,,,,,,,,,,,,,,Y,N1,A1700025,4
2026-07-26 08:50:54,data_go_kr,울산광역시,A1700002,의료법인동강의료재단동강병원,21,20260726084937,052-241-1190,,,,,,,,,,4,,,,,,,,,1,0,2,1,,,3,1,0,,,,,0,,Y,Y,,,,Y,,Y,Y,,,Y,Y,Y,154,N1,,N1,Y,,7,N1,24,,1,2,2,14,9,,,,,,,13,,,1,3,,,8,,,2,,3,2,4,25,,,7,5,,1,,513,,,,,,,,,,,,,,,,,Y,N1,A1700002,5
2026-07-26 08:50:54,data_go_kr,울산광역시,A1700011,의료법인은성의료재단좋은삼정병원,8,20260726084747,052-220-7600,,,,,,,,,,,,,,,,,,,,,1,,,,,0,,,,,,1,,,Y,,,,Y,,Y,Y,,,Y,Y,N1,50,N1,3,N1,Y,,7,N1,9,,,1,,,,,,,,,,,,14,1,,,,8,,,1,,2,2,1,5,,,1,,,,,283,,,,,,,,,,,,,,,,,Y,N1,A1700011,6
2026-07-26 08:50:54,data_go_kr,울산광역시,A1700001,서울산보람병원,0,20260726085021,052-255-7119,,,,,,,,,,,,,,,,,,,,,1,,,,,,,,,,,,,,Y,,,,,,Y,N1,,,N1,Y,N1,92,N1,,N1,Y,,3,N1,10,,,1,,,,,,,,,,,,,,,,,3,,,,,1,1,,1,,,,,,,,213,,,,,,,,,,,,,,,,,Y,N1,A1700001,7
2026-07-26 08:50:54,data_go_kr,세종특별자치시,A1800441,세종충남대학교병원,10,20260726085001,044-995-3010,Y,Y,,,1,1,,,,,,,,,,,,3,1,,2,,,1,,1,,5,,,,3,Y,,Y,,,,Y,,Y,Y,,,Y,Y,Y,93,Y,4,Y,Y,-1,8,N1,17,6,1,2,,,,19,,2,,,,,,11,2,,6,,8,,,4,3,2,2,3,29,7,19,5,3,2,,,299,,,1,1,,,,,,,,,,,,,Y,Y,A1800441,1
2026-07-26 08:50:54,data_go_kr,세종특별자치시,A1800417,의료법인 영제 의료재단 엔케이세종병원,9,20260726084649,044-850-7777,,,,,,,,,,,,,,,,,,,,,1,,,,,,,,,,,,,,Y,,,,,,Y,N1,,,N1,Y,N1,140,N1,,N1,Y,,3,N1,10,,,1,,,,,,,,,,,,,,,,,3,,,,,1,1,,1,,,,,,,,200,,,,,,,,,,,,,,,,,Y,N1,A1800417,2
2026-07-26 08:50:54,data_go_kr,경기도,A2100042,의료법인명지의료재단명지병원,10,20260726085000,031-810-7119,Y,Y,3,2,,3,1,0,1,,0,0,0,0,0,0,,0,0,,1,4,,,,4,9,,,,0,0,Y,Y,Y,,,,Y,,Y,Y,,,Y,Y,Y,162,Y,10,Y,Y,3,12,Y,15,0,0,3,16,,,3,,,,,,,,31,4,28,,,13,,0,0,2,6,3,5,49,4,5,8,5,2,1,2,443,3,2,,3,4,3,2,0,0,0,0,0,0,,,,Y,Y,A2100042,1
2026-07-26 08:50:54,data_go_kr,경기도,A2100033,국민건강보험공단일산병원,15,20260726085003,031-900-0761,Y,Y,,,,,0,,1,4,,0,0,,0,0,,1,2,7,3,0,,,3,2,11,,,,4,0,Y,,Y,,,,Y,,Y,Y,,,Y,Y,Y,187,N1,,Y,Y,5,2,N1,23,5,2,3,19,10,16,25,,,,,,6,,,11,29,,,2,,28,4,2,4,3,3,60,8,28,13,5,,,,659,,,,,1,,1,,0,0,,0,0,,,,Y,Y,A2100033,2
2026-07-26 08:50:54,data_go_kr,경기도,A2100005,순천향대학교부속부천병원,8,20260726084622,032-621-5117,Y,Y,2,2,,,,,,5,,0,,0,0,,,4,0,7,0,8,,,,4,20,,,,,4,Y,Y,Y,,,4,Y,,Y,Y,,,Y,Y,Y,279,Y,9,Y,Y,2,21,Y,17,5,0,0,20,16,15,24,,,,,,,,22,8,34,,,21,,,7,1,4,3,5,71,9,31,17,4,3,1,1,674,2,3,,,,,,,0,,0,0,,,,5,Y,Y,A2100005,3
2026-07-26 08:50:54,data_go_kr,경기도,A2100001,분당서울대학교병원,-6,20260726084800,031-787-3119,Y,Y,,,,,,3,,4,,,5,9,,,,3,2,2,3,2,0,,4,0,9,,,,1,3,Y,,Y,2,,2,Y,,Y,Y,,,Y,Y,Y,405,Y,0,Y,Y,0,39,N1,30,5,2,3,15,13,13,35,6,,,10,,9,,8,1,30,,,39,,15,3,3,11,11,11,128,17,39,16,8,8,,,1247,,,,,,5,,,,5,9,,,,,2,Y,Y,A2100001,4
2026-07-26 08:50:54,data_go_kr,경기도,A2100030,차의과학대학교분당차병원,17,20260726084856,031-780-5840,Y,Y,2,2,1,1,0,0,,0,,,0,,0,,0,7,,3,,0,,0,0,1,13,6,,,11,,Y,,Y,0,,,Y,,Y,Y,,,Y,Y,Y,203,Y,,Y,Y,8,25,N1,22,11,,,14,8,9,35,,2,,7,,6,,,4,43,6,,26,,22,,8,5,3,4,40,26,46,6,2,2,,,726,2,3,1,1,2,2,,,,0,,1,,0,,,Y,Y,A2100030,5
2026-07-26 08:50:54,data_go_kr,경기도,A2100002,아주대학교병원,22,20260726085003,031-219-7777,Y,Y,2,6,1,2,,0,,3,,,,0,0,,0,9,0,4,0,6,,0,5,0,24,1,0,2,5,5,Y,,Y,5,2,6,Y,2,Y,Y,0,5,Y,Y,Y,158,Y,,Y,Y,4,25,N1,30,9,0,0,16,14,10,36,,2,6,13,40,7,11,,3,42,6,60,25,3,20,8,3,8,6,9,126,27,34,32,9,7,,,792,2,6,1,4,,2,,,,,0,0,,0,2,6,Y,Y,A2100002,6
2026-07-26 08:50:54,data_go_kr,경기도,A2100003,고려대학교의과대학부속안산병원,11,20260726084552,031-412-5381,Y,Y,2,3,,,0,,,0,,,,,,,,4,,13,2,5,,,1,0,24,,,,9,5,Y,,Y,,,,Y,,Y,Y,,,Y,Y,Y,184,Y,0,Y,Y,1,20,N1,22,4,,3,18,10,13,25,,,,,,10,,6,3,30,,,20,,16,10,2,3,4,4,66,15,19,8,5,3,,,605,2,3,,,2,,,,,,,,,,,,Y,Y,A2100003,7
2026-07-26 08:50:54,data_go_kr,경기도,A2100004,한림대학교성심병원,14,20260726084756,031-380-1500,Y,Y,0,5,,,0,,,0,,,,,,,,3,2,4,4,4,,,,1,18,,,,11,2,Y,Y,Y,,,,Y,,Y,Y,0,5,Y,Y,Y,138,Y,,Y,Y,5,19,N1,25,3,2,4,19,27,16,9,,,8,,,,18,,3,30,,,19,,20,14,2,4,3,6,102,8,10,20,14,2,1,,610,0,5,,,1,,,,,,,,,,,,Y,Y,A2100004,8
2026-07-26 08:50:54,data_go_kr,경기도,A2100040,가톨릭대학교의정부성모병원,26,20260726085011,031-820-5200,Y,Y,,,,,0,0,,,,,,,,,,11,2,,4,1,,,1,0,16,,8,2,,,Y,,Y,,1,6,Y,2,Y,Y,,,Y,Y,Y,191,Y,2,Y,Y,-1,13,N1,42,11,2,4,18,,,15,,,,,20,6,,26,4,30,,53,13,2,,,3,4,3,4,54,10,28,12,4,3,,,519,,,,,1,1,,,,,,,,,2,6,Y,Y,A2100040,9
2026-07-26 08:50:54,data_go_kr,경기도,A2100047,동국대학교일산불교병원,12,20260726085003,031-961-7777,Y,Y,,,,,,,,7,,,,,,,3,3,1,6,3,,,,,1,,,,,15,0,Y,,Y,,,,Y,,Y,Y,,,Y,Y,Y,178,Y,,Y,Y,11,12,N1,19,3,1,3,,16,13,13,,,,,,,,,4,,,,12,,15,0,8,2,2,2,19,13,25,4,2,1,,,463,,,,,,,,,,,,,,3,,,Y,Y,A2100047,10
2026-07-26 08:50:54,data_go_kr,경기도,A2100038,인제대학교일산백병원,28,20260726084831,031-910-7114,N,N,,,,,,,,0,,,,,,,,,3,2,2,,,,,0,,,,,5,1,Y,,Y,,,,Y,,Y,Y,,1,Y,Y,Y,194,Y,,N,Y,,17,N1,34,,3,3,,25,32,,,,,,,,4,,4,,,,17,,16,2,3,3,3,4,54,18,22,7,3,1,,,545,,,,,,,,,,,,,,,,,Y,N,A2100038,11
2026-07-26 08:50:54,data_go_kr,경기도,A2118788,중앙대학교광명병원,17,20260726085007,02-2222-1351,Y,Y,0,0,,,,,,,,,,,,,,,1,,2,,,,5,3,,,,,,2,Y,,Y,,,,Y,,Y,Y,4,,Y,Y,Y,209,Y,12,Y,Y,0,16,N1,21,,1,2,,,,16,,,5,,,5,,24,6,,,,17,,,2,2,2,2,5,28,6,16,5,4,10,,,576,0,0,,,,,,,,,,,,,,,Y,Y,A2118788,12
2026-07-26 08:50:54,data_go_kr,경기도,A2100007,광명성애병원,8,20260726084950,02-2680-7116,Y,Y,,,,,,,,,,,,,,6,,4,1,,4,,,,,0,,,,,,,Y,,Y,,,,Y,,Y,Y,,,Y,Y,N1,62,N1,10,Y,Y,,5,N1,11,4,1,4,,,,,,,,,,,,13,1,,,,5,,,,2,2,2,1,12,2,5,1,,,,,189,,,,,,,,,,,,,50,,,,Y,Y,A2100007,13
2026-07-26 08:50:54,data_go_kr,경기도,A2100155,참조은병원,2,20260726084803,031-881-9119,,,,,,,,,,,,,,0,0,,6,1,1,,3,,,,,3,,,,,,1,,,Y,,,,Y,,Y,Y,,,Y,Y,N1,48,Y,-3,N1,Y,,7,N1,9,1,1,3,,,,,,,,,,,,22,3,,,,7,,,2,,3,3,2,18,,,3,,2,,,286,,,,,,,,,,,0,0,,6,,,Y,N1,A2100155,14
2026-07-26 08:50:54,data_go_kr,경기도,A2100039,한양대학교구리병원,13,20260726084800,1644-9118,Y,Y,,,,,,,,0,,,,,,,,,1,2,3,,,,,,,,,,,4,Y,,Y,,,,Y,,Y,Y,,,Y,Y,Y,174,Y,,Y,Y,1,9,N1,18,,1,4,,17,14,10,,,,,,,,,,,,,9,,,5,1,3,2,3,21,6,14,4,2,2,,,488,,,,,,,,,,,,,,,,,Y,Y,A2100039,15
2026-07-26 08:50:54,data_go_kr,경기도,A2100054,효산의료재단지샘병원,12,20260726084544,031-389-3119,,,,,,,,,,,,,,,,,1,,2,,1,,,,,1,,,,,,1,,,Y,,,,Y,,Y,Y,,,Y,Y,N1,77,N1,3,N1,Y,,5,N1,18,,2,1,,,,,,,,,,,,18,1,,,,5,,,2,,2,1,3,11,,,2,,,,,367,,,,,,,,,,,,,,1,,,Y,N1,A2100054,16
2026-07-26 08:50:54,data_go_kr,경기도,A2100048,원광대학교산본병원,16,20260726084957,031-390-2345,,,,,,,,,,,,,,,,,,,1,,2,,,,,,,,,,,,Y,,Y,,,,Y,,Y,Y,,,Y,Y,N1,78,N1,7,N1,Y,,5,N1,17,,1,2,,,,,,,,,,,,12,,,,,5,,,,1,1,1,1,1,,,2,,,,,188,,,,,,,,,,,,,,,,,Y,N1,A2100048,17
2026-07-26 08:50:54,data_go_kr,경기도,A2100053,의료법인우리의료재단김포우리병원,11,20260726085025,031-999-1119,,,,,,,,,,,,,,0,0,0,,,1,,6,,,,,0,,,,,,3,,,Y,,,,Y,,Y,Y,,,Y,Y,Y,74,Y,0,N1,Y,,7,N1,22,,1,6,,,,,,,,,,,,36,1,,,,7,,,11,,2,2,2,48,,,4,1,2,,,477,,,,,,,,,,,0,0,0,,,,Y,N1,A2100053,18
2026-07-26 08:50:54,data_go_kr,경기도,A2100006,의료법인인봉의료재단뉴고려병원,8,20260726085026,031-980-9119,,,,,,,,,,,,,,,,,3,,1,,2,,,,,7,,,,,,,,,Y,,,,Y,,Y,Y,,,Y,Y,N1,88,N1,6,N1,Y,,5,N1,14,,1,2,,,,,,,,,,,,24,10,,,,6,,,,,2,2,2,7,,,1,,,,,278,,,,,,,,,,,,,,3,,,Y,N1,A2100006,19
2026-07-26 08:50:54,data_go_kr,경기도,A2100041,남양주한양병원,14,20260726084954,031-510-0119,,,,,,,,,,,,,,,,,,,1,,2,,,,,11,,,,,,,,,Y,,,,Y,,Y,Y,,,Y,Y,N1,89,N1,5,N1,Y,,,Y,17,,1,2,,,,,,,,,,,,17,23,,,,,,,,,2,2,1,33,,,2,,,,1,244,,,,,,,,,,,,,,,,,Y,N1,A2100041,20
2026-07-26 08:50:54,data_go_kr,경기도,A2100037,현대병원,15,20260726051247,031-574-0114,,,,,,,,,,,,,,,,,,,3,,,,,,,1,,,,,,,,,Y,,,,Y,,Y,Y,,,Y,Y,N1,68,Y,0,N1,Y,,7,N1,17,,3,,,,,,,,,,,,,19,20,,,,7,,,,,2,2,2,50,,,17,,2,,,342,,,,,,,,,,,,,,,,,Y,N1,A2100037,21
2026-07-26 08:50:54,data_go_kr,경기도,A2100055,부천세종병원,15,20260726085010,032-340-1119,Y,Y,,,,,,,,,,,,,,,,,1,,1,1,,,,0,1,,,,,0,Y,,Y,,,,Y,,Y,Y,,,Y,Y,Y,85,Y,0,Y,Y,,6,N1,17,,1,2,2,,,,,,,,,,,20,2,3,,,6,,,6,1,2,1,5,18,1,1,5,4,1,,,268,,,,,,,,,,,,,,,,,Y,Y,A2100055,22
2026-07-26 08:50:54,data_go_kr,경기도,A2100052,가톨릭대학교부천성모병원,22,20260726085010,032-340-2100,Y,Y,,,,,,,,0,,,,,,,3,,2,0,1,,,,,0,,,,,,3,Y,,Y,3,,,Y,,Y,Y,,,Y,Y,Y,201,Y,,Y,Y,9,14,N1,31,,2,1,,16,12,10,,,,18,,,,,4,,,,14,,,4,3,3,3,3,28,4,14,11,1,2,,,562,,,,,,,,,,,,,,3,,,Y,Y,A2100052,23
2026-07-26 08:50:54,data_go_kr,경기도,A2100025,대진의료재단분당제생병원,5,20260726085000,031-779-0119,Y,Y,,,,,,,,4,,,7,,,,,2,1,7,2,,,,,2,,,,,,0,Y,Y,Y,,,,Y,,Y,Y,,,Y,Y,Y,138,Y,,Y,Y,1,9,N1,24,3,1,2,,11,14,3,,,,,,,,,4,,,,9,,,2,2,4,3,3,22,1,5,5,2,3,1,,484,,,,,,,,,,7,,,,,,,Y,Y,A2100025,24
2026-07-26 08:50:54,data_go_kr,경기도,A2116806,성남시의료원,11,20260726085000,031-738-7300,,,,,,,,,,,,,,,,,,6,2,18,4,,,,,3,,,,,,28,,,Y,,,,Y,,Y,Y,,,Y,Y,Y,107,Y,,N1,Y,,8,Y,17,6,2,4,,,25,,,,,,,,,,5,,,,8,,,28,,3,2,2,31,,,6,3,1,,2,241,,,,,,,,,,,,,,,,,Y,N1,A2116806,25
2026-07-26 08:50:54,data_go_kr,경기도,A2117135,의료법인명인의료재단화홍병원,15,20260726084550,031-8021-6829,Y,,,,,,,,,,,,,,,,,,2,,3,,,,,0,,,,,,,,,Y,,,,,,Y,N1,,,N1,Y,Y,59,N1,13,N1,Y,,6,Y,15,,2,3,,,,,,,,,,,,29,1,,,,6,,,,,2,2,,4,1,,,1,,,1,228,,,,,,,,,,,,,,,,,Y,Y,A2117135,26
2026-07-26 08:50:54,data_go_kr,경기도,A2100009,의료법인녹산의료재단동수원병원,15,20260726085019,031-210-0119,,Y,,,,,,,,,,,,,,,,,1,,2,0,,,,0,2,,,,,0,Y,,Y,,,,Y,,Y,Y,,,Y,Y,N1,64,N1,10,Y,Y,,5,N1,17,,1,2,2,,,,,,,,,,,18,3,4,,,5,,,1,1,2,2,1,15,,4,1,,,,,335,,,,,,,,,,,,,,,,,Y,N1,A2100009,27
2026-07-26 08:50:54,data_go_kr,경기도,A2100012,가톨릭대학교성빈센트병원,18,20260726085010,031-249-7370,Y,Y,,,1,1,,,,6,,,,,,,,6,2,9,2,3,,2,8,2,,6,,,8,3,Y,,Y,9,,,Y,,Y,Y,,3,Y,Y,Y,291,Y,,Y,Y,2,19,N1,28,6,2,2,4,20,11,18,,2,,15,,8,8,,5,,6,,19,,30,11,2,5,4,6,52,7,18,12,4,4,,,658,,,1,1,,,,,,,,,,,,,Y,Y,A2100012,28
2026-07-26 08:50:54,data_go_kr,경기도,A2100008,의료법인남촌의료재단시화병원,11,20260726084643,031-5189-0567,,,,,,,,,,,,,,,,,,5,1,,5,,,,,1,,,,,,1,Y,,Y,,,,Y,,Y,Y,,,Y,Y,Y,78,N1,18,N1,Y,,7,N1,16,5,1,5,,,,,,,,,,,,52,1,,,,7,,,1,1,3,3,2,29,,,4,2,,,,461,,,,,,,,,,,,,,,,,Y,N1,A2100008,29
2026-07-26 08:50:54,data_go_kr,경기도,A2100017,대아의료재단한도병원,12,20260726084854,031-8040-1129,,,,,,,,,,,,,,,,,,,1,,2,,,,,1,,,,,,,,,Y,,,,Y,,Y,Y,,,Y,Y,N1,94,N1,10,N1,Y,,6,N1,17,,1,2,,,,,,,,,,,,29,1,,,,6,,,,,3,2,2,15,,,3,,,,,327,,,,,,,,,,,,,,,,,Y,N1,A2100017,30
2026-07-26 08:50:54,data_go_kr,경기도,A2100015,효산의료재단안양샘병원,15,20260726084913,031-467-9119,,,,,,,,,,0,,,,,,,,,1,3,2,,,,,1,,,,,,,,,Y,,,,Y,,Y,Y,,,Y,Y,Y,60,N1,,N1,Y,,6,N1,17,,1,2,,9,9,,,,,,,,,,1,,,,6,,,,,2,1,2,12,,,2,1,,,,307,,,,,,,,,,,,,,,,,Y,N1,A2100015,31
2026-07-26 08:50:54,data_go_kr,경기도,A2100024,오산한국병원,13,20260726084619,031-378-5119,,,,,,,,,,,,,,,,,,,1,,1,1,,,,1,3,,,,,2,,,Y,,,,Y,,Y,Y,,,Y,Y,N1,49,Y,1,N1,Y,,5,N1,17,,1,2,2,,,,,,,,,,,32,1,3,,,5,,,2,,2,2,2,17,,,2,,1,,,259,,,,,,,,,,,,,,,,,Y,N1,A2100024,32
2026-07-26 08:50:54,data_go_kr,경기도,A2100020,연세대학교의과대학용인세브란스병원,13,20260726084647,031-5189-9001,Y,Y,,,,,,,,5,,,,,,,,6,1,6,3,,,,,1,,,,,,2,Y,,Y,,,,Y,,Y,Y,,,Y,Y,Y,147,Y,,Y,Y,0,15,N1,16,6,1,3,,19,16,12,,,,,,,,,2,,,,15,,,4,2,3,3,4,31,6,18,6,3,4,,,597,,,,,,,,,,,,,,,,,Y,Y,A2100020,33
2026-07-26 08:50:54,data_go_kr,경기도,A2100029,강남병원,15,20260726084849,031-300-0119,,,,,,,,,,,,,,,,,,,1,,2,2,,,,1,1,,,,,,,,Y,,,,,,Y,N1,,,Y,Y,N1,22,N1,14,N1,Y,,4,N1,17,,1,2,2,,,,,,,,,,,30,1,3,,,4,,,,,2,2,,7,,,2,,,,,264,,,,,,,,,,,,,,,,,Y,N1,A2100029,34
2026-07-26 08:50:54,data_go_kr,경기도,A2100019,(의)영문의료재단다보스병원,11,20260726084938,031-8021-2130,,,,,,,,,,,,,,,,,3,,1,,2,0,,,,1,1,,,,,,,,Y,,,,,,Y,N1,,,Y,Y,N1,41,N1,1,N1,Y,,6,N1,13,,1,2,2,,,,,,,,,,,23,1,3,,,6,,,,,1,1,,7,,,2,,,,,222,,,,,,,,,,,,,,4,,,Y,N1,A2100019,35
2026-07-26 08:50:54,data_go_kr,경기도,A2117994,학교법인을지학원의정부을지대학교병원,29,20260726084601,031-8074-0119,Y,Y,,,,,,,,3,,,,,,,8,6,1,3,2,,,,,2,,,,,4,2,Y,,Y,,0,0,Y,,Y,Y,,,Y,Y,Y,233,Y,,Y,Y,3,12,N1,30,6,1,2,,29,22,5,,,,,,,,,2,,,,14,,22,6,8,3,3,4,48,5,5,6,3,2,,,588,,,,,,,,,,,,,,8,0,0,Y,Y,A2117994,36
2026-07-26 08:50:54,data_go_kr,경기도,A2100193,경기도의료원이천병원,11,20260726085002,031-630-4333,,,,,,,,,,,,,,,,,,,1,,1,2,,,,2,0,,,,,6,,,Y,,,,,,Y,N1,,,N1,Y,N1,39,N1,1,N1,Y,,4,N1,17,,1,2,2,,,,,,,,,,,6,2,3,,,4,,,6,,1,1,,8,,,,,,,,187,,,,,,,,,,,,,,,,,Y,N1,A2100193,37
2026-07-26 08:50:54,data_go_kr,경기도,A2100035,경기도의료원파주병원,15,20260726084802,031-940-9119,,,,,,,,,,,,,,,,,,,1,,2,1,,,,,1,,,,,,Y,,Y,,,,,,Y,N1,,,N1,Y,N1,82,N1,5,N1,Y,,3,N1,17,,1,2,2,,,,,,,,,,,8,,3,,,3,,,,1,1,1,,9,,,,,,,,189,,,,,,,,,,,,,,,,,Y,N1,A2100035,38
2026-07-26 08:50:54,data_go_kr,경기도,A2100028,의료법인백송의료재단굿모닝병원,11,20260726084809,031-5182-7582,,,,,,,,,,,,,,,,,6,,2,,1,,,,,1,,,,,,,,,Y,,,,Y,,Y,Y,,,Y,Y,Y,97,N1,6,N1,Y,,7,Y,19,,2,1,,,,,,,,,,,,27,3,,,,7,,,,,5,3,3,23,,,5,3,,,1,392,,,,,,,,,,,,,,6,,,Y,N1,A2100028,39
2026-07-26 08:50:54,data_go_kr,경기도,A2113246,의료법인양진의료재단평택성모병원,12,20260726084756,070-5012-0119,,,,,,,,,,,,,,,,0,,,1,,2,2,,,,2,3,,,,,,,,Y,,,,Y,,Y,Y,,,Y,Y,N1,57,N1,14,N1,Y,,6,N1,17,,1,2,2,,,,,,,,,,,34,2,3,,,6,,,,,3,3,2,8,,,2,,,,,329,,,,,,,,,,,,,0,,,,Y,N1,A2113246,40
2026-07-26 08:50:54,data_go_kr,경기도,A2100031,경기도의료원포천병원,15,20260726085001,031-539-9119,,Y,,,,,,,,,,,,,,,,,1,,2,,,,,0,,,,,,1,Y,,Y,,,,,,Y,N1,,,N1,Y,N1,53,N1,2,Y,Y,,4,N1,17,,1,2,,,,,,,,,,,,10,0,,,,4,,,3,3,1,1,,7,,2,,,,,,137,,,,,,,,,,,,,,,,,Y,N1,A2100031,41
2026-07-26 08:50:54,data_go_kr,경기도,A2100046,한림대학교동탄성심병원,25,20260726084930,031-8086-2119,Y,Y,2,0,,,,,,11,,,,,,,,9,,3,,,,,2,6,,,,,,6,Y,Y,Y,,,,Y,,Y,Y,3,,Y,Y,Y,190,Y,,Y,Y,12,20,Y,32,9,,,,28,13,13,,,13,,,9,,,11,,,,20,,,11,1,6,3,6,51,8,16,17,5,5,1,1,515,3,0,,,,,,,,,,,,,,,Y,Y,A2100046,42
2026-07-26 08:50:54,data_go_kr,경기도,A2100290,의료법인자인의료재단(더자인병원),13,20260726085026,031-930-3119,,,,,,,,,,,,,,,,,,,2,,2,2,,,,1,1,,,,,,,,Y,,,,Y,,Y,Y,,,Y,Y,N1,85,N1,5,N1,N,,5,N1,16,,2,2,2,,,,,,,,,,,10,2,3,,,5,,,,,2,2,1,15,,,1,,,,,233,,,,,,,,,,,,,,,,,Y,N1,A2100290,43
2026-07-26 08:50:54,data_go_kr,경기도,A2100049,국립암센터,15,20260726084800,031-920-0119,,N,,,,,,,,,,,,,,,,,,,1,,,,,8,,,,,,,,,Y,,,,Y,,Y,Y,,,Y,Y,Y,149,Y,14,N,Y,,18,N1,24,,,1,,,,,,,,,,,,19,9,,,,18,,,,,7,5,3,29,,1,8,2,7,,,554,,,,,,,,,,,,,,,,,Y,N1,A2100049,44
2026-07-26 08:50:54,data_go_kr,경기도,A2116972,의료법인성광의료재단일산차병원,3,20260726084944,031-782-8587,Y,Y,,,,,,,,,,,,,,,,,,,3,,,,,1,,,,,,1,Y,,,,,,,,Y,N1,,,N1,N1,N1,69,N1,4,Y,N1,0,10,N1,6,,,4,,,,17,,,,,,,,4,1,,,,10,,,1,9,,,,4,11,19,,,,,,179,,,,,,,,,,,,,,,,,Y,Y,A2116972,45
2026-07-26 08:50:54,data_go_kr,경기도,A2118188,엘병원,8,20260726085033,031-527-6119,,,,,,,,,,,,,,,,,,,,,2,,,,,0,,,,,,0,,,Y,,,,,,Y,N1,,,N1,Y,N1,56,N1,6,N1,Y,,3,N1,8,,,2,,,,,,,,,,,,8,1,,,,3,,,1,,1,1,,2,,,,,,,,146,,,,,,,,,,,,,,,,,Y,N1,A2118188,46
2026-07-26 08:50:54,data_go_kr,경기도,A2100050,의료법인대인의료재단다니엘종합병원,1,20260726085003,032-670-0119,,,,,,,,,,,,,,,,,,,1,,3,,,,,1,,,,,,,,,Y,,,,,,Y,N1,,,N,Y,N1,36,N1,9,N1,Y,,3,N1,6,,1,3,,,,,,,,,,,,30,1,,,,3,,,,,1,1,,17,,,1,,,,,169,,,,,,,,,,,,,,,,,Y,N1,A2100050,47
2026-07-26 08:50:54,data_go_kr,경기도,A2100258,국군수도병원,15,20260726085013,031-725-6119,,,,,,,,,,,,,,2,6,,,,0,,,,,,,1,,,15,,2,,,,Y,,,,Y,15,Y,Y,,,Y,Y,Y,153,N1,10,N1,Y,,9,N1,16,,2,,,,,,,,,,20,,,12,1,,,40,9,,15,,,3,4,2,2,,,5,2,,,,530,,,,,,,,,,,2,6,,,,,Y,N1,A2100258,48
2026-07-26 08:50:54,data_go_kr,경기도,A2100016,순천의료재단성남정병원,9,20260726084859,031-750-6003,,,,,,,,,,,,0,,,27,,,,2,,,,,,,,,,,,,,,,Y,,,,,,Y,N1,,,N1,Y,N1,76,N1,,N1,Y,,4,N1,9,,2,,,,,,,,,,,,,,,,,,4,,,,,1,1,,1,,,,,,,,98,,,,,,,,,0,,,105,,,,,Y,N1,A2100016,49
2026-07-26 08:50:54,data_go_kr,경기도,A2121061,의료법인덕산의료재단수원덕산병원,21,20260726085003,031-686-2911,N,Y,,,,,,,,,,,,,,,,3,1,,2,2,,,,0,2,,,,,0,Y,,Y,,,,Y,,Y,Y,,,Y,Y,Y,106,N1,4,Y,Y,,9,N1,24,3,1,2,2,,,,,,,,,,,22,3,4,,,9,,,5,5,3,2,2,15,N,2,5,2,,,,403,,,,,,,,,,,,,,,,,Y,N,A2121061,50
2026-07-26 08:50:54,data_go_kr,경기도,A2100032,경기도의료원수원병원,3,20260726085002,031-888-0119,,,,,,,,,,,,,,,,,3,,,,2,,,,,,,,,,,2,,,Y,,,,,,Y,N1,,,N1,Y,N1,43,N1,7,N1,Y,,3,N1,8,,,2,,,,,,,,,,,,9,,,,,3,,,2,,1,1,,9,,,,,,,,156,,,,,,,,,,,,,,3,,,Y,N1,A2100032,51
2026-07-26 08:50:54,data_go_kr,경기도,A2100175,의료법인토마스의료재단윌스기념병원,13,20260726084930,031-240-6119,,,,,,,,,,,,,,,,,,,1,,2,2,,,,0,3,,,,,,Y,,Y,,,,Y,,Y,Y,,,Y,Y,N1,78,N1,10,N1,Y,,10,N1,18,,1,2,2,,,,,,,,,,,18,1,3,,,10,,,,1,1,4,1,1,,,1,,,,,282,,,,,,,,,,,,,,,,,Y,N1,A2100175,52
2026-07-26 08:50:54,data_go_kr,경기도,A2100027,의료법인석경의료재단센트럴병원,17,20260726085020,031-8041-3019,,,,,,,,,,,,,,,,,,,1,,2,,,,,,,,,,,,,,Y,,,,,,Y,N1,,,Y,Y,N1,100,N1,4,N1,Y,,3,N1,18,,1,2,,,,,,,,,,,,20,,,,,3,,,,,2,2,,7,,,2,,,,,255,,,,,,,,,,,,,,,,,Y,N1,A2100027,53
2026-07-26 08:50:54,data_go_kr,경기도,A2100013,의료법인 록향의료재단 신천연합병원,7,20260726085004,031-310-6661,,,,,,,,,,,,,,,,,,,,,1,,,,,0,,,,,,,,,Y,,,,,,Y,N1,,,Y,Y,N1,23,N1,0,N1,Y,,3,N1,10,,,1,,,,,,,,,,,,6,1,,,,3,,,,,1,1,,4,,,1,,,,,112,,,,,,,,,,,,,,,,,Y,N1,A2100013,54
2026-07-26 08:50:54,data_go_kr,경기도,A2100021,의료법인플러스의료재단단원병원,9,20260726085224,031-8040-5911,,,,,,,,,,,,,1,,,,,,1,,2,,,,,1,,,,,,,,,Y,,,,Y,,Y,Y,,,Y,Y,Y,81,N1,7,N1,Y,,5,N1,17,,1,2,,,,,,,,,,,,27,1,,,,5,,,,,1,1,2,8,,,2,1,,,,342,,,,,,,,,,1,,,,,,,Y,N1,A2100021,55
2026-07-26 08:50:54,data_go_kr,경기도,A2100014,근로복지공단안산병원,6,20260726084800,031-500-1119,,,,,,,,,,,,,,,,,,,,,1,,,,,1,,,,,,0,,,Y,,,,,,Y,N1,,,N1,Y,N1,89,N1,11,N1,Y,,3,N1,7,,,1,,,,,,,,,,,,18,1,,,,3,,,2,,1,1,,14,,,,,,,,359,,,,,,,,,,,,,,,,,Y,N1,A2100014,56
2026-07-26 08:50:54,data_go_kr,경기도,A2100124,의료법인칠석의료재단사랑의병원,10,20260726084127,031-502-0119,,,,,,,,,,,,,,,,,,,1,,,,,,,,,,,,,,,,Y,,,,,,Y,N1,,,Y,Y,N1,45,N1,6,N1,Y,,5,N1,13,,1,,,,,,,,,,,,,14,,,,,5,,,,,2,2,,8,,,1,,,,,206,,,,,,,,,,,,,,,,,Y,N1,A2100124,57
2026-07-26 08:50:54,data_go_kr,경기도,A2100045,경기도의료원안성병원,12,20260726085001,031-8046-5119,,,,,,,,,,,,,,,,,,,1,,,,,,,1,,,,,,8,,,Y,,,,,,Y,N1,,,N1,Y,N1,58,N1,3,N1,Y,,5,N1,14,,1,,,,,,,,,,,,,13,2,,,,5,,,8,,1,1,,8,,,,,,,,178,,,,,,,,,,,,,,,,,Y,N1,A2100045,58
2026-07-26 08:50:54,data_go_kr,경기도,A2100305,안성성모병원,5,20260726085009,031-675-8275,,,,,,,,,,,,,,,,,,,,,1,,,,,,,,,,,,,,Y,,,,,,Y,N1,,,N1,Y,N1,94,N1,3,N1,Y,,3,N1,9,,,1,,,,,,,,,,,,20,,,,,3,,,,,1,1,,7,,,,,,,,188,,,,,,,,,,,,,,,,,Y,N1,A2100305,59
2026-07-26 08:50:54,data_go_kr,경기도,A2100089,양평병원,7,20260726085001,031-770-5119,N,N,,,,,,,,,,,,,,,,,,,1,,,,,,,,,,,,N,N,Y,,,,N,,Y,N,,,N,Y,N,25,N,,N,Y,,3,N,9,,,1,,,,,,,,,,,,,,,,,3,,,,0,1,1,0,1,0,0,0,0,0,0,0,90,,,,,,,,,,,,,,,,,Y,N,A2100089,60
2026-07-26 08:50:54,data_go_kr,경기도,A2100194,세종여주병원,3,20260726085013,031-880-7754,,,,3,,,,,,,,,,,,,3,,,,4,,,,,,,,,,,,,,Y,,,,,,Y,N1,,,Y,Y,N1,127,N1,,N1,Y,,2,N1,6,,,4,,,,,,,,,,,,,,,,,2,,,,,1,1,,4,,,2,,,,,210,,3,,,,,,,,,,,,3,,,Y,N1,A2100194,61
2026-07-26 08:50:54,data_go_kr,경기도,E2100187,연천군보건의료원,9,20260726085005,031-839-4119,,,,,,,,,,,,,,,,,,,,,,,,,,,,,,,,,,,Y,,,,,,Y,N1,,,N1,Y,N1,51,N1,,N1,N1,,2,N1,10,,,,,,,,,,,,,,,,,,,,2,,,,,1,,,1,,,,,,,,52,,,,,,,,,,,,,,,,,Y,N1,E2100187,62
2026-07-26 08:50:54,data_go_kr,경기도,A2100122,(의)효심의료재단용인서울병원,10,20260726084840,031-336-0119,,,,,,,,,,,,,,,,,,,,,,,,,,,,,,,,,,,Y,,,,,,Y,N1,,,N1,Y,N1,150,N1,,N1,Y,,3,N1,10,,,,,,,,,,,,,,,,,,,,3,,,,,1,1,,1,,,,,,,,201,,,,,,,,,,,,,,,,,Y,N1,A2100122,63
2026-07-26 08:50:54,data_go_kr,경기도,A2121142,메디필드한강병원,16,20260726085009,031-332-1119,,,,,,,,,,,,,,,,,,,1,,2,,,,,1,,,,,,1,,,Y,,,,Y,,Y,Y,,,Y,Y,N1,158,N1,6,N1,Y,,6,N1,17,,1,2,,,,,,,,,,,,15,1,,,,6,,,1,,3,2,1,13,,,2,,,,,192,,,,,,,,,,,,,,,,,Y,N1,A2121142,64
2026-07-26 08:50:54,data_go_kr,경기도,A2100034,의료법인영동의료재단의정부백병원,9,20260726084753,031-842-1211,,,,,,,,,,,,,,,,,,,,,2,,,,,,,,,,,,,,Y,,,,,,Y,N1,,,N1,Y,N1,103,N1,0,N1,Y,,3,N1,10,,,2,,,,,,,,,,,,9,,,,,3,,,,,1,1,,1,,,,,,,,192,,,,,,,,,,,,,,,,,Y,N1,A2100034,65
2026-07-26 08:50:54,data_go_kr,경기도,A2100150,추병원,12,20260726084912,031-845-8313,,,,,,,,,,,,,,,,,,,1,,1,,,,,,,,,,,,,,Y,,,,Y,,Y,Y,,,N1,Y,N1,52,N1,3,N1,N,,3,N1,12,,1,1,,,,,,,,,,,,15,,,,,3,,,,,2,1,1,1,,,,,,,,210,,,,,,,,,,,,,,,,,Y,N1,A2100150,66
2026-07-26 08:50:54,data_go_kr,경기도,A2100043,경기도의료원의정부병원,8,20260726085002,031-828-5119,,,,,,,,,,,,,,,,0,,,1,,,,,,,,,,,,31,2,,,Y,,,,,,Y,N1,,,N1,Y,N1,34,N1,3,N1,Y,,3,N1,10,,1,,,,,,,,,,,,,6,,,,,3,,70,5,,1,1,,8,,,,,,,,86,,,,,,,,,,,,,0,,,,Y,N1,A2100043,67
2026-07-26 08:50:54,data_go_kr,경기도,A2100131,메디인병원,8,20260726085036,031-570-7912,,,,,,,,,,,,,,,,,,,,,2,,,,,,,,,,,,,,Y,,,,Y,,Y,Y,,,N1,Y,N1,69,N1,,N1,Y,,4,N1,12,,,2,,,,,,,,,,,,,,,,,4,,,,,1,1,1,2,,,,,,,,206,,,,,,,,,,,,,,,,,Y,N1,A2100131,68
2026-07-26 08:50:54,data_go_kr,경기도,A2100309,의료법인갈렌의료재단박병원,9,20260726085005,031-662-4119,,,,,,,,,,,,,,,,,,,,,1,,,,,,,,,,,,,,Y,,,,,,Y,N1,,,N1,Y,N1,34,N1,2,N1,Y,,2,N1,10,,,1,,,,,,,,,,,,10,,,,,2,,,,,1,2,,3,,,,,,,,143,,,,,,,,,,,,,,,,,Y,N1,A2100309,69
2026-07-26 08:50:54,data_go_kr,경기도,A2100022,의료법인박애의료재단박애병원,10,20260726085025,031-650-9219,,,,,,,,,,,,,,,,,,,,,1,,,,,,,,,,,,,,Y,,,,,,Y,N1,,,Y,Y,N1,110,N1,6,N1,Y,,5,N1,10,,,1,,,,,,,,,,,,10,,,,,5,,,,,2,1,,20,,,2,,,,,193,,,,,,,,,,,,,,,,,Y,N1,A2100022,70
2026-07-26 08:50:54,data_go_kr,경기도,A2100036,의료법인 일심의료재단 포천우리병원,15,20260726085000,031-541-8282,,,,,,,,,,,,,,,,,,,1,,3,,,,,2,,,,,,2,,,Y,,,,Y,,Y,Y,,,Y,Y,N1,70,N1,3,N1,Y,,5,N1,18,,1,3,,,,,,,,,,,,18,2,,,,5,,,2,,2,2,1,14,,,3,,,,,201,,,,,,,,,,,,,,,,,Y,N1,A2100036,71
2026-07-26 08:50:54,data_go_kr,경기도,A2100018,의료법인은혜와감사의료재단화성중앙종합병원,7,20260726084816,031-371-7998,,,,,,,,,,,,,,,,,,,,,1,,,,,,,,,,,,,,Y,,,,,,Y,N1,,,N1,Y,N1,81,N1,4,N1,Y,,3,N1,9,,,1,,,,,,,,,,,,8,,,,,3,,,,,1,1,,3,,,,,,,,131,,,,,,,,,,,,,,,,,Y,N1,A2100018,72
2026-07-26 08:50:54,data_go_kr,경기도,A2115699,의료법인원광의료재단원광종합병원,5,20260726084926,031-8077-7219,,,,,,,,,,,,,,,,,,,1,,,,,,,,,,,,,,,,Y,,,,,,Y,N1,,,N1,Y,N1,27,N1,-1,N1,Y,,4,N1,9,,1,,,,,,,,,,,,,9,,,,,4,,,,,1,2,,4,,,,,,,,135,,,,,,,,,,,,,,,,,Y,N1,A2115699,73
2026-07-26 08:50:54,data_go_kr,강원특별자치도,A2200008,강릉아산병원,18,20260726084915,033-610-3333,Y,Y,,,,,0,1,,0,,,,,,,,3,2,0,3,0,,,,,10,,,,,,Y,,Y,,,,Y,,Y,Y,,,Y,Y,Y,114,Y,,Y,Y,6,15,Y,23,3,2,3,18,14,16,13,,,,,,,,,,38,,,15,,,,2,4,3,4,33,8,12,8,5,1,,2,604,,,,,1,6,,,,,,,,,,,Y,Y,A2200008,1
2026-07-26 08:50:54,data_go_kr,강원특별자치도,A2200001,연세대학교원주세브란스기독병원,24,20260726084502,033-741-1641,Y,Y,3,20,,,0,,,1,,,,,,,,3,2,5,3,3,,,,,15,,9,2,5,,Y,,Y,3,2,6,Y,6,Y,Y,,,Y,Y,Y,203,Y,,Y,Y,7,14,Y,29,3,2,3,20,15,12,19,,,,15,20,,,,,30,,40,15,2,24,,2,5,4,7,100,12,25,16,7,13,,4,584,4,36,,,2,,,,,,,,,,2,6,Y,Y,A2200001,2
2026-07-26 08:50:54,data_go_kr,강원특별자치도,A2200013,한림대학교춘천성심병원,12,20260726084720,033-240-5219,Y,Y,2,3,,,,0,,,,,,,,,,3,,,,6,,,,0,27,,,,,1,Y,Y,Y,,,,Y,,Y,Y,2,,Y,Y,Y,97,Y,6,Y,Y,,9,Y,22,3,,,20,,,,,,8,,,,,20,2,45,,,9,,,2,1,2,2,3,33,1,4,6,2,1,1,1,252,2,3,,,,2,,,,,,,,,,,Y,Y,A2200013,3
2026-07-26 08:50:54,data_go_kr,강원특별자치도,A2200005,의료법인강릉동인병원,16,20260726084957,033-650-6105,,,,,,,,,,1,,,,,,,,,1,,2,,,,,2,,,,,9,,,,Y,,,,Y,,Y,Y,,,Y,Y,N1,70,N1,1,N1,Y,,5,N1,17,,1,2,,12,,,,,,,,,,12,2,,,,5,,101,,,2,1,1,14,,,1,,,,,248,,,,,,,,,,,,,,,,,Y,N1,A2200005,4
2026-07-26 08:50:54,data_go_kr,강원특별자치도,A2200007,강원특별자치도삼척의료원,14,20260726084501,033-571-0431,,Y,,,,,,,,,,,,,,,,1,2,,1,0,,,,0,3,,,,,6,Y,,Y,,,,,,Y,N1,,,Y,Y,N1,58,N1,0,Y,Y,,4,N1,16,1,2,1,2,,,,,,,,,,,6,2,3,,,4,,,10,1,1,1,,3,,3,1,,,,,189,,,,,,,,,,,,,,,,,Y,N1,A2200007,5
2026-07-26 08:50:54,data_go_kr,강원특별자치도,A2200012,강원특별자치도속초의료원,17,20260726085002,,Y,Y,,,,,,,,,,,,,,,,,2,,1,,,,,,,,,,,,Y,,Y,,,,,,Y,N1,,,N1,Y,N1,64,N1,0,Y,Y,,3,N1,17,,2,1,,,,,,,,,,,,8,,,,,3,,,,2,1,1,,7,1,1,,,,,,154,,,,,,,,,,,,,,,,,Y,Y,A2200012,6
2026-07-26 08:50:54,data_go_kr,강원특별자치도,A2200009,강원대학교병원,15,20260726085000,033-258-2293,Y,Y,,,,,0,,,3,,,,,,,,3,2,,3,1,4,,5,1,,,,,3,11,Y,,Y,2,,,Y,,Y,Y,,,Y,Y,Y,272,Y,,Y,Y,1,11,N1,21,3,2,3,5,10,,15,8,,,8,,8,,,2,,,,11,,16,14,3,4,2,4,43,13,24,12,3,10,,,508,,,,,0,,,,,,,,,,,,Y,Y,A2200009,7
2026-07-26 08:50:54,data_go_kr,강원특별자치도,A2200011,강원특별자치도강릉의료원,0,20260726085001,033-610-1234,,,,,,,,,,,,,,,,20,,,,,1,,,,,,,,,,,5,,,Y,,,,,,Y,N1,,,N1,Y,N1,19,N1,0,N1,Y,,2,N1,5,,,1,,,,,,,,,,,,8,,,,,2,,,5,,1,1,,4,,,,,,,,122,,,,,,,,,,,,,20,,,,Y,N1,A2200011,8
2026-07-26 08:50:54,data_go_kr,강원특별자치도,A2200003,의료법인동해동인병원,6,20260726084941,033-530-0129,,,,,,,,,,,,,,,,,,,,,1,,,,,1,,,,,57,,,,Y,,,,,,Y,N1,,,N1,Y,N1,33,N1,9,N1,Y,,2,N1,10,,,1,,,,,,,,,,,,19,1,,,,2,,110,,,1,1,,7,,,,,,,,178,,,,,,,,,,,,,,,,,Y,N1,A2200003,9
2026-07-26 08:50:54,data_go_kr,강원특별자치도,A2200046,의료법인온세움의료재단온재병원,0,20260726084934,033-639-8988,,,,,,,,,,,,,,,,,,,,,1,,,,,,,,,,29,,,,Y,,,,,,Y,N1,,,N1,Y,N1,24,N1,0,N1,Y,,4,N1,9,,,1,,,,,,,,,,,,15,,,,,4,,59,,,1,1,,5,,,,,,,,219,,,,,,,,,,,,,,,,,Y,N1,A2200046,10
2026-07-26 08:50:54,data_go_kr,강원특별자치도,A2200037,의료법인성심의료재단양구성심병원,3,20260726084944,033-480-8816,,Y,,,,,,,,,,,,,,,,,1,,,,,,,,,,,,,,Y,,Y,,,,,,Y,N1,,,N1,Y,N1,39,N1,,Y,N1,,,N1,5,,1,,,,,,,,,,,,,,,,,,,,,,1,1,,,1,,1,,,,,,52,,,,,,,,,,,,,,,,,Y,N1,A2200037,11
2026-07-26 08:50:54,data_go_kr,강원특별자치도,A2200002,강원특별자치도영월의료원,9,20260726085002,033-370-9129,,Y,,,,,,,,,,,,,,,1,,,,,,,,,0,,,,,,2,Y,,Y,,,,,,Y,N1,,,N1,Y,N1,44,N1,0,Y,Y,,2,N1,9,,,,,,,,,,,,,,,10,2,,,,2,,,2,1,1,1,,7,,3,,,,,,174,,,,,,,,,,,,,,1,,,Y,N1,A2200002,12
2026-07-26 08:50:54,data_go_kr,강원특별자치도,A2200015,강원특별자치도원주의료원,12,20260726085002,033-760-4701,,,,,,,,,,,,,,,,,,,1,,2,,,,,,,,,,,,,,Y,,,,,,Y,N1,,,N1,Y,N1,50,N1,0,N1,Y,,3,N1,17,,1,2,,,,,,,,,,,,20,,,,,3,,,,,1,1,,7,,,,,,,,259,,,,,,,,,,,,,,,,,Y,N1,A2200015,13
2026-07-26 08:50:54,data_go_kr,강원특별자치도,A2200024,의료법인성지의료재단성지병원,2,20260726084622,033-760-3119,,,,,,,,,,,,,,,,13,,,,,1,,,,,,,,,,,,,,Y,,,,,,Y,N1,,,N1,Y,N1,-63,N1,9,N1,Y,,4,N1,7,,,1,,,,,,,,,,,,9,,,,,4,,,,,1,2,,4,,,,,,,,135,,,,,,,,,,,,,13,,,,Y,N1,A2200024,14
2026-07-26 08:50:54,data_go_kr,강원특별자치도,A2200048,근로복지공단정선병원,5,20260726084800,033-560-7150,,,,,,,,,,,,,,,,,,,,,1,,,,,,,,,,,,,,Y,,,,,,Y,N1,,,N1,Y,N1,46,N1,,N1,N1,,,N1,5,,,1,,,,,,,,,,,,,,,,,,,,,,1,,,3,,,,,,,,149,,,,,,,,,,,,,,,,,Y,N1,A2200048,15
2026-07-26 08:50:54,data_go_kr,강원특별자치도,A2201730,철원병원,2,20260726085001,033-452-5012,N,Y,,,,,,,,,,,,,,,,,1,,,,,,,,,,,,,,Y,N,Y,,,,N,,Y,N,,,N,Y,N,36,N,,Y,Y,,2,N,5,,1,,,,,,,,,,,,,,,,,,2,,,,1,1,1,0,1,0,1,0,0,0,0,0,68,,,,,,,,,,,,,,,,,Y,N,A2201730,16
2026-07-26 08:50:54,data_go_kr,강원특별자치도,A2200004,근로복지공단태백병원,8,20260726084900,033-580-3119,,,,,,,,,,,,,,,,,,,1,,,,,,,1,,,,,,,Y,,Y,,,,,,Y,N1,,,N1,Y,N1,66,N1,4,N1,Y,,2,N1,9,,1,,,,,,,,,,,,,9,1,,,,2,,,,1,1,1,,8,,,,,,,,223,,,,,,,,,,,,,,,,,Y,N1,A2200004,17
2026-07-26 08:50:54,data_go_kr,강원특별자치도,E2200026,평창군보건의료원,5,20260726085001,033-330-4812,,,,,,,,,,,,,,,,,,,,,1,,,,,,,,,,,,,,Y,,,,,,Y,N1,,,N1,Y,N1,20,N1,,N1,N1,,,N1,6,,,1,,,,,,,,,,,,,,,,,,,,,,1,,,1,,,,,,,,20,,,,,,,,,,,,,,,,,Y,N1,E2200026,18
2026-07-26 08:50:54,data_go_kr,강원특별자치도,A2200014,홍천아산병원,9,20260726084501,033-430-5119,,,,,,,,,,,,,,,,,,,,,,,,,,,,,,,,,,,Y,,,,,,Y,N1,,,N1,Y,N1,8,N1,0,N1,Y,,2,N1,10,,,,,,,,,,,,,,,7,,,,,2,,,,,1,1,,4,,,,,,,,128,,,,,,,,,,,,,,,,,Y,N1,A2200014,19
2026-07-26 08:50:54,data_go_kr,강원특별자치도,E2200025,화천군보건의료원,7,20260726085001,033-440-2880,,,,,,,,,,,,,,,,,,,,,1,,,,,,,,,,,,,,,,,,,,Y,N1,,,N1,N1,N1,16,N1,,N1,N1,,,N1,7,,,1,,,,,,,,,,,,,,,,,,,,,,,,,1,,,,,,,,16,,,,,,,,,,,,,,,,,Y,N1,E2200025,20
2026-07-26 08:50:54,data_go_kr,강원특별자치도,A2200016,횡성대성병원,0,20260726085012,033-345-1191,,,,,,,,,,,,,,,,,,,,,1,,,,,,,,,,,,,,Y,,,,,,Y,N1,,,N1,Y,N1,28,N1,,N1,Y,,1,N1,9,,,1,,,,,,,,,,,,,,,,,1,,,,,1,1,,1,,,,,,,,114,,,,,,,,,,,,,,,,,Y,N1,A2200016,21
2026-07-26 08:50:54,data_go_kr,충청북도,A2300001,충북대학교병원,25,20260726085000,043-269-6114,Y,Y,2,3,,,,0,,2,,,,,,,,7,,,,2,,,,2,30,,12,2,5,12,Y,,Y,,1,6,Y,16,Y,Y,3,,Y,Y,Y,258,Y,8,Y,Y,14,16,N1,30,8,,,18,8,,25,,,4,,20,,,17,5,40,,40,16,2,21,13,2,4,4,6,98,13,31,18,10,17,,,547,2,3,,,,2,,,,,,,,,2,6,Y,Y,A2300001,1
2026-07-26 08:50:54,data_go_kr,충청북도,A2300009,의료법인명지의료재단명지병원,9,20260726084802,043-640-8117,,,,,,,,,,,,,,,,,,3,2,,4,2,,,,3,,,,,,,,,Y,,,,Y,,Y,Y,,,Y,Y,Y,80,N1,5,N1,Y,,3,N1,18,3,2,4,2,,,,,,,,,,,15,3,,,,3,,,,,2,1,1,10,,,2,1,,,,201,,,,,,,,,,,,,,,,,Y,N1,A2300009,2
2026-07-26 08:50:54,data_go_kr,충청북도,A2300005,의료법인자산의료재단제천서울병원,6,20260726084654,043-643-2327,,,,,,,,,,,,,,,,,,,1,,3,,,,,,2,,,,,,,,Y,,,,,,Y,N1,,,Y,Y,N1,31,N1,0,N1,Y,,3,Y,15,,1,4,,,,,,,,,,,,11,,5,,,3,,,,,1,1,,10,,,1,,,,1,202,,,,,,,,,,,,,,,,,Y,N1,A2300005,3
2026-07-26 08:50:54,data_go_kr,충청북도,A2300013,의료법인 건명의료재단 중앙제일병원,15,20260726084637,043-537-9119,,,,,,,,,,,,,,,,,,,3,,,,,,,3,,,,,,31,,,Y,,,,,,Y,N1,,,Y,Y,N1,61,N1,5,N1,Y,,5,N1,17,,3,,,,,,,,,,,,,12,6,,,,5,,,31,,2,2,,6,,,1,,,,,192,,,,,,,,,,,,,,,,,Y,N1,A2300013,4
2026-07-26 08:50:54,data_go_kr,충청북도,A2300007,의료법인인화재단한국병원,12,20260726084713,043-222-6177,,Y,,,,,,,,,,,,,,,3,,1,,2,,,,,1,,,,,,1,Y,,Y,,,,Y,,Y,Y,,,Y,Y,N1,65,N1,1,Y,Y,,7,N1,14,,1,2,,,,,,,,,,,,24,1,,,,8,,,1,1,3,3,2,18,,1,3,,,,,403,,,,,,,,,,,,,,3,,,Y,N1,A2300007,5
2026-07-26 08:50:54,data_go_kr,충청북도,A2300003,의료법인정산의료재단효성병원,14,20260726084805,043-221-2192,,N,,,,,,,,,,,,,,,,,1,,4,0,,,,0,2,,,,,,Y,,Y,,,,Y,,Y,Y,,,Y,Y,N1,69,N1,2,N,Y,,4,Y,18,,1,4,2,,,,,,,,,,,27,2,3,,,4,,,,1,3,4,2,19,,1,2,,,,1,363,,,,,,,,,,,,,,,,,Y,N1,A2300003,6
2026-07-26 08:50:54,data_go_kr,충청북도,A2300008,청주성모병원,7,20260726085009,043-219-8119,,Y,,,,,,,,3,,,,,,,,,2,4,3,2,,,,1,4,,,,,7,Y,,Y,,,,Y,,Y,Y,,,Y,Y,N1,115,N1,,Y,Y,,8,N1,15,,2,5,2,13,12,,,,,,,,,,1,4,,,8,,,30,1,3,2,2,19,,2,2,,,,,358,,,,,,,,,,,,,,,,,Y,N1,A2300008,7
2026-07-26 08:50:54,data_go_kr,충청북도,A2300002,의료법인한마음의료재단하나병원,8,20260726084703,043-230-6594,,,,,,,,,,,,,,,,,9,,1,,1,,,,,1,,,,,,,,,Y,,,,Y,,Y,Y,,,Y,Y,N1,141,N1,1,N1,Y,,7,Y,11,,1,2,,,,,,,,,,,,24,2,,,,7,,,,,3,3,2,20,,,4,,,,1,463,,,,,,,,,,,,,,9,,,Y,N1,A2300002,8
2026-07-26 08:50:54,data_go_kr,충청북도,A2300010,건국대학교충주병원,14,20260726085001,043-840-8330,Y,Y,,,,,,,,,,,,,,,,,1,,2,,,,,,,,,,,0,Y,,Y,,,,Y,,Y,Y,,,Y,Y,Y,87,N1,6,Y,Y,,5,N1,20,,1,2,,,,,,,,,,,,18,,,,,5,,,1,1,2,1,2,11,1,4,3,1,,,,194,,,,,,,,,,,,,,,,,Y,Y,A2300010,9
2026-07-26 08:50:54,data_go_kr,충청북도,A2300034,의료법인대광의료재단괴산성모병원,8,20260726084600,043-830-5419,,,,,,,,,,,,,,,,,,,,,0,,,,,,,,,,,,,,Y,,,,,,Y,N1,,,N1,Y,N1,5,N1,,N1,Y,,1,N1,9,,,1,,,,,,,,,,,,,,,,,1,,,,,1,1,,3,,,,,,,,153,,,,,,,,,,,,,,,,,Y,N1,A2300034,10
2026-07-26 08:50:54,data_go_kr,충청북도,E2300011,단양군보건의료원,4,20260726085002,043-420-0139,,,,,,,,,,,,,,,,,,,1,,,,,,,,,,,,,2,,,Y,,,,,,Y,N1,,,N1,Y,N1,14,N1,,N1,N1,,,N1,6,,1,,,,,,,,,,,,,,,,,,,,,2,,1,,,1,,,,,,,,14,,,,,,,,,,,,,,,,,Y,N1,E2300011,11
2026-07-26 08:50:54,data_go_kr,충청북도,A2300030,의료법인조윤의료재단영동병원,5,20260726084508,043-740-9333,,Y,,,,,,,,,,,,,,,,,,,,,,,,,,,,,,,Y,,Y,,,,,,Y,N1,,,N1,Y,N1,31,N1,,Y,Y,,2,N1,10,,,,,,,,,,,,,,,,,,,,2,,,,1,1,1,,3,,1,,,,,,161,,,,,,,,,,,,,,,,,Y,N1,A2300030,12
2026-07-26 08:50:54,data_go_kr,충청북도,A2300011,의료법인힐링의료재단옥천성모병원,1,20260726084700,043-730-7119,,,,,,,,,,,,,,,,,,,2,,1,,,,,,,,,,,,,,Y,,,,,,Y,N1,,,N1,Y,N1,22,N1,0,N1,Y,,2,N1,7,,2,1,,,,,,,,,,,,7,,,,,2,,,,,1,1,,4,,,,,,,,157,,,,,,,,,,,,,,,,,Y,N1,A2300011,13
2026-07-26 08:50:54,data_go_kr,충청북도,A2300006,충청북도청주의료원,12,20260726085002,043-279-0119,,Y,,,,,,,,,,,,,,,3,,1,,,,,,,2,,,,,90,6,Y,,Y,,,,Y,,Y,Y,,,Y,Y,N1,152,N1,18,Y,Y,,5,N1,12,,1,,,,,,,,,,,,,21,3,,,,5,,90,6,1,1,2,1,11,,1,1,,,,,359,,,,,,,,,,,,,,3,,,Y,N1,A2300006,14
2026-07-26 08:50:54,data_go_kr,충청북도,A2300004,충청북도충주의료원,14,20260726085002,043-871-0119,,,,,,,,,,,,,,,,,,,1,,2,,,,,,,,,,,,,,Y,,,,Y,,Y,Y,,,Y,Y,N1,132,N1,3,N1,Y,,4,N1,18,,1,2,,,,,,,,,,,,12,,,,,4,,,,,1,1,1,8,,,1,,,,,282,,,,,,,,,,,,,,,,,Y,N1,A2300004,15
2026-07-26 08:50:54,data_go_kr,충청남도,A2400002,단국대학교의과대학부속병원,15,20260726085000,041-550-6840,Y,Y,2,2,,,,0,,,,,,3,,,,4,,0,1,0,,,,0,20,,5,2,11,1,Y,,Y,2,2,6,Y,2,Y,Y,,,Y,Y,Y,231,Y,,Y,Y,-3,12,Y,25,4,,1,18,,13,25,,,,13,20,,,,1,30,,40,13,2,20,8,3,4,3,6,6,14,29,15,7,17,,1,640,2,2,,,,2,,,,,7,,,,2,6,Y,Y,A2400002,1
2026-07-26 08:50:54,data_go_kr,충청남도,A2400001,학교법인동은학원순천향대학교부속천안병원,13,20260726084622,041-590-7019,Y,Y,,,1,3,1,,,12,,,,,,,,12,4,9,3,5,,2,,4,9,4,,,,3,Y,Y,Y,,,,Y,,Y,Y,,,Y,Y,Y,210,Y,,Y,Y,2,18,Y,22,14,4,3,17,18,15,38,,2,,,,,,,6,30,6,,19,,,14,11,6,4,6,60,16,37,6,6,10,1,1,713,,,1,3,1,,,,,,,,,,,,Y,Y,A2400001,2
2026-07-26 08:50:54,data_go_kr,충청남도,A2400009,의료법인백제병원,14,20260726084840,041-730-8882,,,,,,,,,,,,,,,,,,,1,,2,,,,,,,,,,19,,,,Y,,,,Y,,Y,Y,,,Y,Y,N1,13,N1,-1,N1,Y,,4,N1,20,,1,2,,,,,,,,,,,,26,,,,,4,,49,,,2,2,1,11,,,3,,,,,398,,,,,,,,,,,,,,,,,Y,N1,A2400009,3
2026-07-26 08:50:54,data_go_kr,충청남도,A2400008,당진종합병원,8,20260726085008,041-358-3624,,,,,,,,,,,,,,,,,,,1,,2,,,,,,,,,,,,,,Y,,,,Y,,Y,Y,,,Y,Y,N1,93,N1,1,N1,Y,,4,N1,17,,1,2,,,,,,,,,,,,13,,,,,4,,,,,2,2,1,5,,,1,,,,,246,,,,,,,,,,,,,,,,,Y,N1,A2400008,4
2026-07-26 08:50:54,data_go_kr,충청남도,A2400011,재단법인아산사회복지재단보령아산병원,10,20260726084502,041-930-5333,,,,,,,,,,,,,,,,,,,1,,2,,,,,,,,,,,,,,Y,,,,,,Y,N1,,,N1,Y,N1,77,N1,3,N1,Y,,2,N1,17,,1,2,,,,,,,,,,,,8,,,,,2,,,,,1,1,,4,,,,,,,,221,,,,,,,,,,,,,,,,,Y,N1,A2400011,5
2026-07-26 08:50:54,data_go_kr,충청남도,A2400003,서산중앙병원,10,20260726084504,041-661-1195,,,,,,,,,,,,,,,,,,,1,,2,,,,,,,,,,,,,,Y,,,,,,Y,N1,,,Y,Y,N1,44,N1,7,N1,Y,,4,N1,17,,1,2,,,,,,,,,,,,17,,,,,4,,,,,1,1,,7,,,1,,,,,288,,,,,,,,,,,,,,,,,Y,N1,A2400003,6
2026-07-26 08:50:54,data_go_kr,충청남도,A2400006,충청남도서산의료원,10,20260726084601,041-689-7119,,,,,,,,,,,,,,,,,,,1,,2,0,,,,,2,,,,,5,,,Y,,,,,,Y,N1,,,N1,Y,N1,24,N1,0,N1,Y,,3,N1,17,,1,2,2,,,,,,,,,,,8,,4,,,3,,,5,,2,1,,10,,,,,,,,259,,,,,,,,,,,,,,,,,Y,N1,A2400006,7
2026-07-26 08:50:54,data_go_kr,충청남도,A2402257,아산충무병원,9,20260726084644,041-536-6519,,,1,7,,,,,,,,,,5,,,,,,,,,,,,1,,,,,,,Y,,Y,,,,Y,,Y,Y,,,Y,Y,Y,170,Y,10,N1,Y,,4,N1,13,,,,,,,,,,,,,,,22,2,,,,4,,,,1,2,2,3,27,,,4,2,1,,,456,1,7,,,,,,,,,5,,,,,,Y,N1,A2402257,8
2026-07-26 08:50:54,data_go_kr,충청남도,A2400012,의료법인영서의료재단천안충무병원,12,20260726084925,041-570-7519,,,,,,,,,,,,,,,,,,,1,,4,,,,,0,,,,,,,,,Y,0,,,Y,,Y,Y,,,Y,Y,Y,51,N1,1,N1,Y,,5,N1,16,,1,4,,,,,,,,7,,,,19,3,,,,5,,,,,2,2,3,26,,,3,3,,,,333,,,,,,,,,,,,,,,,,Y,N1,A2400012,9
2026-07-26 08:50:54,data_go_kr,충청남도,A2400007,충청남도홍성의료원,17,20260726084801,041-630-6119,,,,,,,,,,,,,,,,,,1,1,,2,2,,,,1,3,,,,3,1,Y,,Y,,,,Y,,Y,Y,,,Y,Y,N1,85,N1,4,N1,Y,,4,Y,18,1,1,2,2,,,,,,,,,,,22,1,3,,,4,,49,1,1,2,2,1,10,,,1,,,,2,260,,,,,,,,,,,,,,,,,Y,N1,A2400007,10
2026-07-26 08:50:54,data_go_kr,충청남도,A2400010,충청남도공주의료원,11,20260726084802,041-962-1365,,,,,,,,,,,,,,,,,,,,,1,,,,,,,,,,,5,,,Y,,,,,,Y,N1,,,Y,Y,N1,57,N1,3,N1,Y,,6,N1,15,,,1,,,,,,,,,,,,16,,,,,6,,,6,,1,1,,9,,,2,,,,,273,,,,,,,,,,,,,,,,,Y,N1,A2400010,11
2026-07-26 08:50:54,data_go_kr,충청남도,A2400038,학교법인건양교육재단건양대학교부여병원,7,20260726084804,041-837-1201,,,,,,,,,,,,,,,,,,,,,1,,,,,,,,,,,,,,Y,,,,,,Y,N1,,,N1,Y,N1,20,N1,,N1,N1,,1,N1,9,,,1,,,,,,,,,,,,,,,,,1,,,,,1,,,1,,,,,,,,55,,,,,,,,,,,,,,,,,Y,N1,A2400038,12
2026-07-26 08:50:54,data_go_kr,충청남도,A2400044,의료법인 서해병원,5,20260726085005,041-950-0219,,,,,,,,,,,,,,,,,,,,,2,,,,,,,,,,,,,,Y,,,,,,Y,N1,,,N1,Y,N1,20,N1,,N1,N1,,,N1,5,,,2,,,,,,,,,,,,,,,,,,,,,,1,,,1,,,,,,,,79,,,,,,,,,,,,,,,,,Y,N1,A2400044,13
2026-07-26 08:50:54,data_go_kr,충청남도,A2400039,현대병원,6,20260726085001,041-546-7744,N,N,,,,,,,,,,,,,,,,,,,1,,,,,,,,,,,,N,N,Y,0,,,N,,Y,N,,,N,Y,N,8,N,2,N,Y,,3,N,10,,,1,,,,,,,,0,,,,7,,,,,3,,,,0,1,1,0,3,0,0,0,0,0,0,0,84,,,,,,,,,,,,,,,,,Y,N,A2400039,14
2026-07-26 08:50:54,data_go_kr,충청남도,A2400004,의료법인 예당의료재단 예산종합병원,6,20260726084939,041-330-4119,,,,,,,,,,,,,,,,,,,,,1,,,,,,,,,,,,,,Y,,,,,,Y,N1,,,N1,Y,N1,2,N1,4,N1,Y,,0,N1,6,,,1,,,,,,,,,,,,9,,,,,0,,,,,0,0,,0,,,,,,,,88,,,,,,,,,,,,,,,,,Y,N1,A2400004,15
2026-07-26 08:50:54,data_go_kr,충청남도,A2400005,충청남도천안의료원,9,20260726085002,041-570-7119,,,,,,,,,,,,,,,,6,,,,,1,,,,,,,,,,,,,,Y,,,,,,Y,N1,,,N1,Y,N1,65,N1,6,N1,Y,,4,N1,12,,,1,,,,,,,,,,,,15,,,,,4,,,,,1,1,,10,,,,,,,,241,,,,,,,,,,,,,6,,,,Y,N1,A2400005,16
2026-07-26 08:50:54,data_go_kr,충청남도,E2400032,청양군보건의료원,5,20260726085001,041-940-4951,,,,,,,,,,,,,,,,,,,,,1,,,,,,,,,,,,,,Y,,,,,,Y,N1,,,N1,Y,N1,12,N1,,N1,N1,,1,N1,6,,,1,,,,,,,,,,,,,,,,,1,,,,,1,,,1,,,,,,,,12,,,,,,,,,,,,,,,,,Y,N1,E2400032,17
2026-07-26 08:50:54,data_go_kr,충청남도,E2400033,태안군보건의료원,9,20260726085001,041-671-5319,,,,,,,,,,,,,,,,,,,,,1,,,,,,,,,,,,,,Y,,,,,,Y,N1,,,N1,Y,N1,22,N1,,N1,N1,,,N1,10,,,1,,,,,,,,,,,,,,,,,,,,,,1,,,1,,,,,,,,34,,,,,,,,,,,,,,,,,Y,N1,E2400033,18
2026-07-26 08:50:54,data_go_kr,전북특별자치도,A2500001,원광대학교병원,2,20260726085016,063-859-1165,Y,Y,2,3,,,,2,,1,,,,,,,,3,,5,,7,,,5,1,16,,16,2,4,1,Y,,Y,,2,6,Y,7,Y,Y,,,Y,Y,Y,183,Y,4,Y,Y,2,14,Y,26,3,,,18,8,15,15,,,,,20,8,,15,7,31,,40,15,2,30,2,1,5,4,5,11,12,20,8,4,1,,2,543,2,3,,,,2,,,,,,,,,2,6,Y,Y,A2500001,1
2026-07-26 08:50:54,data_go_kr,전북특별자치도,A2500002,전북대학교병원,16,20260726084835,063-250-1131,Y,Y,2,5,,,2,1,,2,,,,,,,,4,,3,,4,5,,6,1,9,,,,3,15,Y,,Y,6,,,Y,,Y,Y,,,Y,Y,Y,334,Y,,Y,Y,23,20,N1,36,5,,,17,10,8,25,10,,,18,,11,,,2,30,,,21,,23,15,3,1,2,5,11,15,22,4,2,1,,,834,2,5,,,2,1,,,,,,,,,,,Y,Y,A2500002,2
2026-07-26 08:50:54,data_go_kr,전북특별자치도,A2500007,전북특별자치도군산의료원,14,20260726084905,063-472-5130,,Y,,,,,,,,,,,,,,,,,1,,2,1,,,,2,3,,,,,,Y,,Y,,,,,,Y,N1,,,N1,Y,N1,93,N1,9,Y,Y,,6,N1,17,,1,2,2,,,,,,,,,,,18,2,3,,,6,,,,1,1,1,,18,,2,,,,,,289,,,,,,,,,,,,,,,,,Y,N1,A2500007,3
2026-07-26 08:50:54,data_go_kr,전북특별자치도,A2500012,의료법인오성의료재단동군산병원,8,20260726084933,063-440-0516,,,,,,,,,,,,,,,,0,,,1,,4,0,,,,,1,,,,,,,,Y,,,,Y,,Y,Y,,,Y,Y,N1,23,N1,7,N1,Y,,6,N1,17,,1,5,2,,,,,,,,,,,24,,3,,,6,,,,,2,2,2,13,,,2,,,,,262,,,,,,,,,,,,,0,,,,Y,N1,A2500012,4
2026-07-26 08:50:54,data_go_kr,전북특별자치도,A2500004,전북특별자치도남원의료원,9,20260726085001,063-620-1119,,Y,,,,,,,,,,,,,,,,,1,,2,,,,,1,,,,,,,Y,,Y,,,,,,Y,N1,,,N1,Y,N1,38,N1,4,Y,Y,,3,N1,17,,1,2,,,,,,,,,,,,9,1,,,,3,,,,3,2,1,,10,,1,,,,,,190,,,,,,,,,,,,,,,,,Y,N1,A2500004,5
2026-07-26 08:50:54,data_go_kr,전북특별자치도,A2500011,의료법인대산의료재단익산병원,12,20260726085005,063-840-9112,,,,,,,,,,,,,,,,,,,1,,2,,,,,0,,,,,,,,,Y,,,,Y,,Y,Y,,,N1,Y,N1,58,N1,8,N1,Y,,5,N1,17,,1,2,,,,,,,,,,,,17,1,,,,5,,,,,2,2,1,7,,,,,,,,333,,,,,,,,,,,,,,,,,Y,N1,A2500011,6
2026-07-26 08:50:54,data_go_kr,전북특별자치도,A2500056,대자인병원,26,20260726084807,063-250-8701,,,,,,,,,,,,,,,,,,,1,8,2,,,,,0,,,,,,,,Y,Y,,,,Y,,Y,Y,,,Y,Y,Y,31,N1,0,N1,Y,,15,Y,33,,1,2,,,36,,,,,,,,,15,4,,,,15,,,,,4,3,2,12,,,4,2,,1,1,45,,,,,,,,,,,,,,,,,Y,N1,A2500056,7
2026-07-26 08:50:54,data_go_kr,전북특별자치도,A2500006,재단법인예수병원유지재단예수병원,21,20260726084838,063-230-8280,Y,Y,,,1,1,,,,,,,,,,,,6,1,,1,,,2,,4,,5,,,,1,Y,,Y,0,,,Y,,Y,Y,,,Y,Y,Y,168,N1,8,Y,Y,2,14,Y,38,10,1,2,,,,12,,2,,14,,,,23,4,,6,,14,,,5,4,4,3,4,40,6,11,7,2,,,2,685,,,1,1,,,,,,,,,,,,,Y,Y,A2500006,8
2026-07-26 08:50:54,data_go_kr,전북특별자치도,A2500005,의료법인영경의료재단전주병원,7,20260726084846,063-226-6119,,,,,,,,,,,,,,,,,,,1,,2,,,,,,,,,,,,,,Y,,,,,,Y,N1,,,Y,Y,N1,45,N1,3,N1,Y,,5,N1,17,,1,2,,,,,,,,,,,,9,,,,,5,,,,,1,2,,6,,,1,,,,,275,,,,,,,,,,,,,,,,,Y,N1,A2500005,9
2026-07-26 08:50:54,data_go_kr,전북특별자치도,A2500008,재단법인 아산사회복지재단 정읍아산병원,13,20260726085000,063-530-6129,,,,,,,,,,,,,,,,,,,1,,2,,,,,,,,,,,,,,Y,,,,,,Y,N1,,,N1,Y,N1,76,N1,1,N1,Y,,3,N1,17,,1,2,,,,,,,,,,,,11,,,,,3,,,,,1,1,,5,,,,,,,,276,,,,,,,,,,,,,,,,,Y,N1,A2500008,10
2026-07-26 08:50:54,data_go_kr,전북특별자치도,A2500009,의료법인석천재단고창병원,6,20260726084746,063-560-5558,,,,,,,,,,,,,,,,,,,,,1,,,,,,,,,,,,,,Y,,,,,,Y,N1,,,N1,Y,N1,0,N1,,N1,Y,,2,N1,10,,,1,,,,,,,,,,,,,,,,,2,,,,,1,1,,4,,,,,,,,258,,,,,,,,,,,,,,,,,Y,N1,A2500009,11
2026-07-26 08:50:54,data_go_kr,전북특별자치도,A2500038,김제우석병원,10,20260726082751,063-540-5119,,,,,,,,,,,,,,,,,,,,,1,,,,,,,,,,,,,,Y,,,,,,Y,N1,,,N1,Y,N1,74,N1,,N1,Y,,2,N1,10,,,1,,,,,,,,,,,,,,,,,2,,,,,1,1,,1,,,,,,,,200,,,,,,,,,,,,,,,,,Y,N1,A2500038,12
2026-07-26 08:50:54,data_go_kr,전북특별자치도,E2500019,무주군보건의료원,3,20260726085001,063-320-8315,,,,,,,,,,,,,,,,,,,,,1,,,,,,,,,,,,,,Y,,,,,,Y,N1,,,N1,Y,N1,24,N1,,N1,N1,,,N1,4,,,1,,,,,,,,,,,,,,,,,,,,,,1,,,1,,,,,,,,24,,,,,,,,,,,,,,,,,Y,N1,E2500019,13
2026-07-26 08:50:54,data_go_kr,전북특별자치도,A2500010,부안성모병원,8,20260726084212,063-580-8119,,,,,,,,,,,,,,,,,,,,,2,,,,,,,,,,,,,,Y,,,,,,Y,N1,,,N1,Y,N1,14,N1,9,N1,Y,,3,N1,10,,,2,,,,,,,,,,,,9,,,,,3,,,,,1,1,,2,,,,,,,,240,,,,,,,,,,,,,,,,,Y,N1,A2500010,14
2026-07-26 08:50:54,data_go_kr,전북특별자치도,E2500021,순창군보건의료원,9,20260726085001,063-650-5352,,,,,,,,,,,,,,,,,,,,,1,,,,,,,,,,,,,,Y,,,,,,Y,N1,,,N1,Y,N1,30,N1,,N1,N1,,,N1,9,,,1,,,,,,,,,,,,,,,,,,,,,,1,,,1,,,,,,,,30,,,,,,,,,,,,,,,,,Y,N1,E2500021,15
2026-07-26 08:50:54,data_go_kr,전북특별자치도,E2500022,임실군보건의료원,4,20260726085001,063-640-3119,,,,,,,,,,,,,,,,,,,,,1,,,,,,,,,,,,,,Y,,,,,,Y,N1,,,N1,Y,N1,,N1,,N1,N1,,,N1,4,,,1,,,,,,,,,,,,,,,,,,,,,,1,,,1,,,,,,,,,,,,,,,,,,,,,,,,,Y,N1,E2500022,16
2026-07-26 08:50:54,data_go_kr,전북특별자치도,E2500020,장수군보건의료원,5,20260726085001,063-350-2119,,,,,,,,,,,,,,,,,,,,,1,,,,,,,,,,,,,,,,,,,,Y,N1,,,N1,N1,N1,20,N1,,N1,N1,,,N1,5,,,1,,,,,,,,,,,,,,,,,,,,,,,,,1,,,,,,,,22,,,,,,,,,,,,,,,,,Y,N1,E2500020,17
2026-07-26 08:50:54,data_go_kr,전북특별자치도,A2501890,의료법인영경의료재단호성전주병원,3,20260726085005,063-240-8862,,,,,,,,,,,,,,,,,,,,,1,,,,,,,,,,,,,,Y,,,,,,Y,N1,,,N1,Y,N1,5,N1,,N1,Y,,2,N1,9,,,1,,,,,,,,,,,,,,,,,2,,,,,1,1,,1,,,,,,,,122,,,,,,,,,,,,,,,,,Y,N1,A2501890,18
2026-07-26 08:50:54,data_go_kr,전북특별자치도,A2502742,새강병원,14,20260726084935,063-289-9119,,,0,0,,0,0,,,0,,,,,,,,3,1,0,2,0,,,,3,,0,,0,,0,,,Y,,,,,,Y,N1,,,N1,Y,N1,86,N1,16,N1,Y,,5,N1,14,3,1,2,0,0,0,,,,,,,,,16,3,,0,,5,0,,0,,1,1,,1,,,,,,,,201,0,0,,0,0,,,,,,,,,,,,Y,N1,A2502742,19
2026-07-26 08:50:54,data_go_kr,전북특별자치도,A2502031,진안군의료원,3,20260726085002,063-430-7119,,,,,,,,,,,,,,,,,,,,,2,,,,,,,,,,,,,,Y,,,,,,Y,N1,,,N1,Y,N1,32,N1,,N1,Y,,2,N1,6,,,2,,,,,,,,,,,,,,,,,2,,,,,1,1,,3,,,,,,,,74,,,,,,,,,,,,,,,,,Y,N1,A2502031,20
2026-07-26 08:50:54,data_go_kr,경상북도,A2700007,차의과학대학교부속구미차병원,10,20260726085005,054-450-9998,Y,Y,,,,,0,,,,,,,,,,,4,3,,3,0,,,,,8,,,,,,Y,Y,Y,,,,Y,,Y,Y,,,Y,Y,Y,69,Y,0,Y,Y,0,8,N1,20,5,3,3,25,,,8,,,,,,,,18,,30,,,8,,,,3,3,2,2,21,3,13,2,1,2,1,,301,,,,,3,,,,,,,,,,,,Y,Y,A2700007,1
2026-07-26 08:50:54,data_go_kr,경상북도,A2700014,의료법인안동병원,10,20260726084800,054-840-0119,Y,Y,2,3,,,1,,,4,,,,,,,,0,,,,4,,,,0,10,,5,2,0,4,Y,Y,Y,,1,6,Y,0,Y,Y,,,Y,Y,Y,138,Y,1,Y,Y,10,9,Y,15,3,,,19,20,,10,,,,,20,,,13,3,30,,40,11,2,34,6,3,6,3,5,67,3,12,14,4,13,1,1,775,2,3,,,1,,,,,,,,,,2,6,Y,Y,A2700014,2
2026-07-26 08:50:54,data_go_kr,경상북도,A2700016,포항성모병원,3,20260726084957,054-260-8600,Y,Y,2,3,,,,3,5,,,,,,,,,11,,,,4,,,,1,2,,,,,1,Y,Y,Y,,,,Y,,Y,Y,,,Y,Y,Y,88,Y,7,Y,Y,,9,Y,20,11,,,15,,,,,,,,,,,16,1,17,,,9,,,1,1,3,2,2,25,1,6,4,1,2,1,3,468,2,3,,,,5,13,,,,,,,,,,Y,Y,A2700016,3
2026-07-26 08:50:54,data_go_kr,경상북도,A2700003,동국대학교의과대학경주병원,10,20260726084544,054-770-8306,Y,Y,,,,,,,,1,,,,,,,,2,2,3,5,,,,,3,,,,,11,1,Y,,Y,,,,Y,,Y,Y,,,Y,Y,N1,93,N1,0,Y,Y,,6,N1,16,3,2,5,,11,17,,,,,,,,,7,4,,,,7,,20,3,1,2,2,2,26,2,6,3,,,,,279,,,,,,,,,,,,,,,,,Y,Y,A2700003,4
2026-07-26 08:50:54,data_go_kr,경상북도,A2700013,순천향대학교부속구미병원,5,20260726084621,054-468-9119,,Y,,,,,,,,,,,,,,,,4,1,,2,0,,,,2,0,,,,,1,Y,,Y,,,,Y,,Y,Y,,,Y,Y,N1,51,N1,3,Y,Y,,6,N1,13,4,1,2,2,,,,,,,,,,,31,2,3,,,6,,,1,1,2,2,2,20,,1,2,,,,,263,,,,,,,,,,,,,,,,,Y,N1,A2700013,5
2026-07-26 08:50:54,data_go_kr,경상북도,A2700012,의료법인덕산의료재단김천제일병원,14,20260726084644,054-420-9500,,,,,,,,,,,,,,,,,,,1,,3,0,,,,,3,,,,,,Y,,Y,,,,Y,,Y,Y,,,Y,Y,N1,79,N1,7,N1,Y,,4,Y,16,,1,3,2,,,,,,,,,,,16,,3,,,4,,,,3,1,1,1,10,,,1,,,,1,276,,,,,,,,,,,,,,,,,Y,N1,A2700012,6
2026-07-26 08:50:54,data_go_kr,경상북도,A2700006,의료법인동춘의료재단문경제일병원,16,20260726084000,054-550-7777,,,,,,,,,,,,,,,,,,,1,,1,2,,,,1,3,,,,60,3,,,Y,,,,,,Y,N1,,,N1,Y,N1,60,N1,10,N1,Y,,3,N1,17,,1,2,2,,,,,,,,,,,29,1,3,,,3,,162,4,,2,1,,8,,,,,,,,306,,,,,,,,,,,,,,,,,Y,N1,A2700006,7
2026-07-26 08:50:54,data_go_kr,경상북도,A2700004,안동성소병원,9,20260726085016,054-850-8282,,Y,,,,,,,,,,,,,,,5,,1,,1,0,,,,3,1,,,,23,0,Y,,Y,,,,Y,,Y,Y,,,Y,Y,N1,148,N1,10,Y,Y,,6,N1,12,,1,2,2,,,,,,,,,,,16,3,3,,,6,,186,2,1,2,2,2,21,,4,1,,,,,393,,,,,,,,,,,,,,5,,,Y,N1,A2700004,8
2026-07-26 08:50:54,data_go_kr,경상북도,A2700002,포항세명기독병원,12,20260726084336,054-289-1711,,,,,,,,,,,,,,,,,6,,1,,3,0,,,,0,2,,,,,2,,,Y,,,,Y,,Y,Y,,,Y,Y,Y,151,Y,5,N1,Y,,14,Y,15,,1,3,2,,,,,,,,,,,52,1,3,,,14,,,6,,6,5,4,25,,,5,1,1,,1,662,,,,,,,,,,,,,,6,,,Y,N1,A2700002,9
2026-07-26 08:50:54,data_go_kr,경상북도,A2700019,의)근원의료재단경산중앙병원,8,20260726085004,053-715-0119,,,,,,,,,,,,,,,,,,,,,2,,,,,1,,,,,44,,,,Y,,,,,,Y,N1,,,N1,Y,N1,58,N1,4,N1,Y,,4,N1,10,,,2,,,,,,,,,,,,11,2,,,,4,,116,,,1,1,,9,,,,,,,,301,,,,,,,,,,,,,,,,,Y,N1,A2700019,10
2026-07-26 08:50:54,data_go_kr,경상북도,A2700036,의료법인서명의료재단세명종합병원,10,20260726084855,053-819-8500,,,,,,,,,,,,,,,,,,,,,2,,,,,,,,,,2,,,,Y,,,,,,Y,N1,,,N1,Y,N1,18,N1,2,N1,Y,,4,N1,13,,,2,,,,,,,,,,,,14,,,,,4,,22,,,1,1,,6,,,,,,,,264,,,,,,,,,,,,,,,,,Y,N1,A2700036,11
2026-07-26 08:50:54,data_go_kr,경상북도,A2700097,계명대학교경주동산병원,6,20260726084909,054-770-9420,,,,,,,,,,,,,,,,,,,,,1,,,,,,,,,,,,,,Y,,,,,,Y,N1,,,N1,Y,N1,34,N1,,N1,Y,,2,N1,9,,,1,,,,,,,,,,,,,,,,,2,,,,,1,1,,1,,,,,,,,88,,,,,,,,,,,,,,,,,Y,N1,A2700097,12
2026-07-26 08:50:54,data_go_kr,경상북도,A2700070,의료법인영암의료재단고령영생병원,5,20260726085015,070-4700-0728,,,,,,,,,,,,,,,,,,,,,1,,,,,,,,,,,,,,Y,,,,,,Y,N1,,,N1,Y,N1,35,N1,,N1,N1,,1,N1,5,,,1,,,,,,,,,,,,,,,,,1,,,,,1,,,1,,,,,,,,59,,,,,,,,,,,,,,,,,Y,N1,A2700070,13
2026-07-26 08:50:54,data_go_kr,경상북도,A2700015,구미강동병원,3,20260726085010,054-478-9521,,,,,,,,,,,,,,,,9,,,1,,2,,,,,,,,,,,,,,Y,,,,Y,,Y,Y,,,N1,Y,N1,43,N1,5,N1,Y,,5,N1,7,,1,2,,,,,,,,,,,,12,,,,,5,,,,,1,1,1,3,,,,,,,,191,,,,,,,,,,,,,9,,,,Y,N1,A2700015,14
2026-07-26 08:50:54,data_go_kr,경상북도,A2700018,경상북도김천의료원,11,20260726085002,054-429-8234,,,,,,,,,,,,,,,,,,,1,,,,,,,0,,,,,,,,,Y,,,,,,Y,N1,,,N1,Y,N1,-3,N1,7,N1,Y,,5,N1,17,,1,,,,,,,,,,,,,22,3,,,,5,,,,,1,2,,7,,,,,,,,274,,,,,,,,,,,,,,,,,Y,N1,A2700018,15
2026-07-26 08:50:54,data_go_kr,경상북도,A2700009,의료법인삼백의료재단상주성모병원,5,20260726084937,054-530-7811,,,,,,,,,,,,,,,,,,,,,1,,,,,,,,,,,,,,Y,,,,,,Y,N1,,,N1,Y,N1,41,N1,6,N1,Y,,3,N1,9,,,1,,,,,,,,,,,,10,,,,,3,,,,,1,1,,1,,,,,,,,172,,,,,,,,,,,,,,,,,Y,N1,A2700009,16
2026-07-26 08:50:54,data_go_kr,경상북도,A2700011,상주적십자병원,8,20260726084825,054-530-3171,,Y,,,,,,,,,,,,,,,,,1,,,,,,,,,,,,,,Y,,Y,,,,,,Y,N1,,,Y,Y,N1,57,N1,6,Y,Y,,3,N1,9,,1,,,,,,,,,,,,,10,,,,,3,,,,1,1,1,,7,,2,1,,,,,164,,,,,,,,,,,,,,,,,Y,N1,A2700011,17
2026-07-26 08:50:54,data_go_kr,경상북도,A2700001,경상북도안동의료원,5,20260726085002,054-850-6100,,,,,,,,,,,,,,,,,,,,,2,,,,,,,,,,,,,,Y,,,,,,Y,N1,,,N1,Y,N1,112,N1,2,N1,Y,,5,N1,6,,,2,,,,,,,,,,,,10,,,,,5,,,,,1,1,,8,,,,,,,,238,,,,,,,,,,,,,,,,,Y,N1,A2700001,18
2026-07-26 08:50:54,data_go_kr,경상북도,A2700031,영주기독병원,2,20260726084742,054-635-3050,,Y,,,,,,,,,,,,,,,,,,,1,,,,,,,,,,,,Y,,Y,,,,,,Y,N1,,,N1,Y,N1,7,N1,,Y,N1,,1,N1,4,,,1,,,,,,,,,,,,,,,,,1,,,,1,1,,,1,,2,,,,,,70,,,,,,,,,,,,,,,,,Y,N1,A2700031,19
2026-07-26 08:50:54,data_go_kr,경상북도,A2700020,영주자인병원,3,20260726085000,070-7335-5229,,,,,,,,,,,,,,,,,,,,,1,,,,,,,,,,,,,,Y,,,,,,Y,N1,,,N1,Y,N1,30,N1,,N1,Y,,,N1,4,,,1,,,,,,,,,,,,,,,,,2,,,,,1,1,,,,,,,,,,133,,,,,,,,,,,,,,,,,N1,N1,A2700020,20
2026-07-26 08:50:54,data_go_kr,경상북도,A2702752,영주적십자병원,7,20260726084928,054-630-0112,,,,,,,,,,,,,,,,,,,1,,,,,,,,,,,,,,,,Y,,,,,,Y,N1,,,Y,Y,N1,54,N1,1,N1,Y,,3,N1,10,,1,,,,,,,,,,,,,10,,,,,3,,,,,1,1,,4,,,1,,,,,140,,,,,,,,,,,,,,,,,Y,N1,A2702752,21
2026-07-26 08:50:54,data_go_kr,경상북도,A2700017,영남대학교의과대학부속영천병원,7,20260726084758,054-330-7575,,,,,,,,,,,,,,,,,,,1,,2,,,,,,,,,,,,,,Y,,,,,,Y,N1,,,N1,Y,N1,48,N1,3,N1,Y,,4,N1,10,,1,2,,,,,,,,,,,,10,,,,,4,,,,,1,1,,1,,,,,,,,190,,,,,,,,,,,,,,,,,Y,N1,A2700017,22
2026-07-26 08:50:54,data_go_kr,경상북도,A2700023,의료법인서준의료재단예천권병원,5,20260726084531,054-650-2119,,Y,,,,,,,,,,,,,,,,,1,,0,,,,,,,,,,,0,Y,,Y,,,,,,Y,N1,,,N1,Y,N1,74,N1,,Y,Y,,2,N1,6,,1,0,,,,,,,,,,,,,,,,,2,,,0,1,1,1,,3,,2,,,,,,173,,,,,,,,,,,,,,,,,Y,N1,A2700023,23
2026-07-26 08:50:54,data_go_kr,경상북도,E2700553,울릉군보건의료원,2,20260726085002,054-790-6911,,,,,,,,,,,,,,,,,,,,,,,,,,,,,,,,,,,Y,,,,,,Y,N1,,,N1,Y,N1,24,N1,,N1,N1,,1,N1,5,,,,,,,,,,,,,,,,,,,,1,,,,,1,,,1,,,,,,,,27,,,,,,,,,,,,,,,,,Y,N1,E2700553,24
2026-07-26 08:50:54,data_go_kr,경상북도,A2700052,울진군의료원,7,20260726084601,054-785-7119,,,,,,,,,,,,,,,,,,,2,,,,,,,,,,,,,2,,,Y,,,,,,Y,N1,,,N1,Y,N1,22,N1,,N1,Y,,3,N1,8,,2,,,,,,,,,,,,,,,,,,3,,,2,,1,1,,1,,,,,,,,97,,,,,,,,,,,,,,,,,Y,N1,A2700052,25
2026-07-26 08:50:54,data_go_kr,경상북도,A2700063,의료법인영제의료재단영남제일병원,4,20260726084907,054-861-9111,,,,,,,,,,,,,,,,,,,,,1,,,,,,,,,,,,,,Y,,,,,,Y,N1,,,N1,Y,N1,27,N1,,N1,N1,,1,N1,,,,,,,,,,,,,,,,,,,,,,,,,,,,,,,,,,,,,,,,,,,,,,,,,,,,,,Y,N1,A2700063,26
2026-07-26 08:50:54,data_go_kr,경상북도,A2700038,의료법인대남의료재단청도대남병원,9,20260726084813,054-370-5112,,,,,,,,,,,,,,,,,,,,,,,,,,,,,,,,,,,Y,,,,,,Y,N1,,,N1,Y,N1,83,N1,,N1,Y,,1,N1,10,,,,,,,,,,,,,,,,,,,,1,,,,,1,1,,1,,,,,,,,115,,,,,,,,,,,,,,,,,Y,N1,A2700038,27
2026-07-26 08:50:54,data_go_kr,경상북도,E2700554,청송군보건의료원,4,20260726085001,054-870-7119,,,,,,,,,,,,,,,,,,,,,1,,,,,,,,,,,,,,,,,,,,Y,N1,,,N1,N1,N1,57,N1,,N1,N1,,,N1,5,,,1,,,,,,,,,,,,,,,,,,,,,,,,,1,,,,,,,,45,,,,,,,,,,,,,,,,,Y,N1,E2700554,28
2026-07-26 08:50:54,data_go_kr,경상북도,A2700008,에스포항병원,5,20260726084955,054-289-9120,Y,,,,,,,,,,,,,,,,,,,,1,,,,,1,,,,,,,,,Y,,,,Y,,Y,Y,,,Y,Y,N1,84,N1,2,N1,Y,,3,N1,6,,,1,,,,,,,,,,,,14,1,,,,4,,,,,2,2,3,9,9,,1,,,,,239,,,,,,,,,,,,,,,,,Y,Y,A2700008,29
2026-07-26 08:50:54,data_go_kr,경상북도,A2702563,의료법인은성의료재단좋은선린병원,8,20260726085021,054-245-5200,,,,,,,,,,,,,,,,2,,,,,2,,,,,1,,,,,,,,,Y,,,,N,,Y,N,,,N1,Y,N1,79,N1,0,N1,Y,,4,N,10,,,2,,,,,,,,,,,,17,1,,,,4,,,,,1,1,2,7,,,,,,,14,281,,,,,,,,,,,,,2,,,,N,N1,A2702563,30
2026-07-26 08:50:54,data_go_kr,경상북도,A2700005,경상북도포항의료원,7,20260726085002,054-245-0129,,,,,,,,,,,,,,,,,,,1,,1,,,,,1,,,,,7,7,,,Y,,,,,,Y,N1,,,N1,Y,N1,26,N1,4,N1,Y,,3,N1,8,,1,1,,,,,,,,,,,,19,1,,,,3,,56,7,,1,1,,4,,,,,,,,179,,,,,,,,,,,,,,,,,Y,N1,A2700005,31
2026-07-26 08:50:54,data_go_kr,경상남도,A2800011,양산부산대학교병원,12,20260726084827,055-360-1463,Y,Y,2,1,1,1,0,0,,4,,0,0,,4,,,6,,7,1,2,6,2,,0,14,6,,,5,4,Y,,Y,1,,,Y,,Y,Y,,5,Y,Y,Y,295,Y,,Y,Y,19,25,N1,23,8,,1,16,16,11,38,11,2,,9,,,10,,0,30,6,,25,,33,4,4,6,5,6,92,24,23,19,12,2,,,766,2,3,1,1,2,2,,,0,0,,4,,,,,Y,Y,A2800011,1
2026-07-26 08:50:54,data_go_kr,경상남도,A2800001,경상국립대학교병원,13,20260726084801,055-750-8282,Y,Y,,,,,,3,,2,,,,,,,,3,2,4,3,5,,,0,0,12,,26,2,7,5,Y,,Y,,2,6,Y,13,Y,Y,,,Y,Y,Y,244,Y,,Y,Y,6,14,N1,28,3,2,3,14,8,9,15,,,,,20,6,,,3,30,,40,15,2,23,7,7,3,3,5,16,9,20,6,4,17,,,655,,,,,,6,,,,,,,,,2,6,Y,Y,A2800001,2
2026-07-26 08:50:54,data_go_kr,경상남도,A2800020,학교법인성균관대학삼성창원병원,14,20260726084955,055-233-8899,Y,Y,,,,,,1,,2,,,,,,,,8,2,5,3,6,,,,0,19,,,,,3,Y,,Y,,,,Y,,Y,Y,,,Y,Y,Y,271,Y,,Y,Y,17,16,N1,27,8,2,3,19,15,20,24,,,,,,,,,3,30,,,16,,,5,7,4,3,4,45,8,20,5,3,3,,,645,,,,,,1,,,,,,,,,,,Y,Y,A2800020,3
2026-07-26 08:50:54,data_go_kr,경상남도,A2800010,의료법인환명의료재단 조은금강병원,12,20260726084612,055-330-0200,,,,,,,,,,,,,,,,,,,1,,2,,,,,1,,,,,5,,,,Y,,,,Y,,Y,Y,,,N1,Y,N1,72,N1,11,N1,Y,,4,Y,17,,1,2,,,,,,,,,,,,23,1,,,,4,,96,,,1,2,1,7,,,,,,,2,305,,,,,,,,,,,,,,,,,Y,N1,A2800010,4
2026-07-26 08:50:54,data_go_kr,경상남도,A2800006,의료법인숭인의료재단 김해복음병원,10,20260726084630,055-330-8844,,,,,,,,,,,,,,,,,,,1,,2,,,,,1,,,,,,,,,Y,,,,Y,,Y,Y,,,Y,Y,N1,25,N1,1,N1,Y,,5,N1,16,,1,3,,,,,,,,,,,,18,1,,,,5,,,,,2,3,1,3,,,3,,,,,359,,,,,,,,,,,,,,,,,Y,N1,A2800006,5
2026-07-26 08:50:54,data_go_kr,경상남도,A2800043,한일병원,13,20260726084808,055-750-1333,,,,,,,,,,,,,,,,,,,1,,2,1,,,,0,2,,,,,,,,Y,,,,Y,,Y,Y,,,Y,Y,N1,19,N1,0,N1,Y,,4,Y,17,,1,2,2,,,,,,,,,,,13,1,3,,,4,,,,,2,2,1,6,,,1,,,,1,282,,,,,,,,,,,,,,,,,Y,N1,A2800043,6
2026-07-26 08:50:54,data_go_kr,경상남도,A2800003,제일병원,10,20260726085016,055-750-7119,,,,,,,,,,,,,,,,,,,1,,2,,,,,,,,,,,,,Y,Y,,,,Y,,Y,Y,,,N1,Y,N1,57,N1,6,N1,Y,,4,Y,17,,1,2,,,,,,,,,,,,9,,,,,7,,,,,2,2,1,4,,,,,,1,1,258,,,,,,,,,,,,,,,,,Y,N1,A2800003,7
2026-07-26 08:50:54,data_go_kr,경상남도,A2800017,의료법인합포의료재단에스엠지연세병원,15,20260726085009,055-240-7777,,,,,,,,,,,,,,,,,,,1,,2,,,,,1,,,,,,,,,Y,,,,Y,,Y,Y,,,Y,Y,N1,43,N1,5,N1,Y,,4,N1,17,,1,2,,,,,,,,,,,,12,1,,,,4,,,,,1,2,1,7,,,1,,,,,286,,,,,,,,,,,,,,,,,Y,N1,A2800017,8
2026-07-26 08:50:54,data_go_kr,경상남도,A2803505,창원경상국립대학교병원,10,20260726084802,055-214-1339,Y,Y,,,,,,,,,,,,5,0,,,,1,,2,,,,,2,,,,,8,6,Y,,Y,,,,Y,,Y,Y,,,Y,Y,Y,203,Y,14,Y,Y,5,12,N1,18,,1,2,,,,17,,,,,,,,34,2,,,,13,,22,6,9,3,2,5,52,9,22,6,7,14,,,437,,,,,,,,,,,5,0,,,,,Y,Y,A2803505,9
2026-07-26 08:50:54,data_go_kr,경상남도,A2800007,창원한마음병원,8,20260726084811,055-225-0350,Y,Y,,,,,,,,-1,,,,,,,,,1,1,3,,,,,1,,,,,,0,Y,,Y,,,,Y,,Y,Y,,,Y,Y,Y,80,Y,,Y,Y,10,13,Y,21,,1,3,,25,37,10,,,,,,,,,1,,,,13,,,6,2,4,4,4,29,3,11,6,1,2,,2,688,,,,,,,,,,,,,,,,,Y,Y,A2800007,10
2026-07-26 08:50:54,data_go_kr,경상남도,A2800004,창원파티마병원,2,20260726084606,055-270-1119,Y,Y,,,,,,,,4,,,,,,,,,1,6,2,0,,,,0,2,,,,,5,Y,Y,Y,,,,Y,,Y,Y,,,Y,Y,N1,114,Y,,Y,Y,2,7,N1,17,,1,2,2,12,13,2,,,,,,,,,2,3,,,7,,,6,2,4,3,3,16,3,6,3,,4,1,,444,,,,,,,,,,,,,,,,,Y,Y,A2800004,11
2026-07-26 08:50:54,data_go_kr,경상남도,A2800008,의료법인 거붕 백병원,7,20260726084956,055-733-0180,,,,,,,,,,,,,,,,,,,,,1,,,,,,,,,,,,,,Y,,,,,,Y,N1,,,N1,Y,N1,57,N1,9,N1,Y,,4,N1,9,,,1,,,,,,,,,,,,20,,,,,4,,,,,2,2,,12,,,,,,,,365,,,,,,,,,,,,,,,,,Y,N1,A2800008,12
2026-07-26 08:50:54,data_go_kr,경상남도,A2800005,의료법인 대우의료재단대우병원,7,20260726084909,055-680-8119,,,,,,,,,,,,,,,,,,,,,1,,,,,,,,,,,,,,Y,,,,,,Y,N1,,,N1,Y,N1,45,N1,4,N1,Y,,4,N1,9,,,1,,,,,,,,,,,,10,,,,,4,,,,,2,1,,5,,,,,,,,231,,,,,,,,,,,,,,,,,Y,N1,A2800005,13
2026-07-26 08:50:54,data_go_kr,경상남도,A2800022,의료법인 성념의료재단맑은샘병원,9,20260726084518,055-736-0119,,,,,,,,,,,,,,,,,,,,,1,,,,,,,,,,,,,,Y,,,,,,Y,N1,,,N1,Y,N1,17,N1,,N1,Y,,2,N1,9,,,1,,,,,,,,,,,,,,,,,2,,,,,1,1,,4,,,,,,,,200,,,,,,,,,,,,,,,,,Y,N1,A2800022,14
2026-07-26 08:50:54,data_go_kr,경상남도,A2800076,거창적십자병원,1,20260726084952,055-949-3359,,Y,,,,,,,,,,,,,,,,,,,1,,,,,,,,,,,,Y,,Y,,,,,,Y,N1,,,N1,Y,N1,33,N1,,Y,Y,,2,N1,9,,,1,,,,,,,,,,,,,,,,,2,,,,1,1,1,,2,,2,,,,,,91,,,,,,,,,,,,,,,,,Y,N1,A2800076,15
2026-07-26 08:50:54,data_go_kr,경상남도,A2800032,강병원,8,20260726084655,055-673-4848,,,,,,,,,,,,,,,,,,,,,1,,,,,,,,,,,,,,Y,,,,,,Y,N1,,,N1,Y,N1,17,N1,,N1,Y,,1,N1,9,,,1,,,,,,,,,,,,,,,,,1,,,,,1,1,,1,,,,,,,,99,,,,,,,,,,,,,,,,,Y,N1,A2800032,16
2026-07-26 08:50:54,data_go_kr,경상남도,A2803677,강일병원,6,20260726084926,055-822-0119,,,,,,,,,,,,,,,,,,,1,,2,,,,,,,,,,,,,,Y,,,,Y,,Y,Y,,,N1,Y,N1,124,N1,13,N1,Y,,5,N1,8,,1,2,,,,,,,,,,,,15,,,,,5,,,,,1,2,1,1,,,,,,,,275,,,,,,,,,,,,,,,,,Y,N1,A2803677,17
2026-07-26 08:50:54,data_go_kr,경상남도,A2800014,의료법인갑을의료재단 갑을장유병원,0,20260726084828,055-310-6119,,,,,,,,,,,,,,,,,,,1,,,,,,,,,,,,,,,,Y,,,,,,Y,N1,,,N1,Y,N1,40,N1,,N1,Y,,4,N1,9,,1,,,,,,,,,,,,,,,,,,4,,,,,1,1,,1,,,,,,,,210,,,,,,,,,,,,,,,,,Y,N1,A2800014,18
2026-07-26 08:50:54,data_go_kr,경상남도,A2800094,의료법인 이도의료재단 남해병원,8,20260726083432,055-860-6630,N,N,,,,,,,,,,,,,,,,,1,,1,,,,,,,,,,,,N,N,Y,,,,N,,Y,N,,,N,Y,N,75,N,,N,Y,,2,N,,,,,,,,,,,,,,,,,,,,,,,,,,,,,,,,,,,,,,,,,,,,,,,,,,,,,,N,N,A2800094,19
2026-07-26 08:50:54,data_go_kr,경상남도,A2800113,밀양병원,4,20260726084909,055-356-9119,,,,,,,,,,,,,,,,,,,,,1,,,,,,,,,,,,,,Y,,,,,,Y,N1,,,N1,Y,N1,30,N1,,N1,Y,,0,N1,8,,,1,,,,,,,,,,,,,,,,,0,,,,,1,1,,1,,,,,,,,200,,,,,,,,,,,,,,,,,Y,N1,A2800113,20
2026-07-26 08:50:54,data_go_kr,경상남도,A2800068,의료법인승연의료재단 삼천포서울병원,4,20260726084657,055-830-9019,,,,,,,,,,,,,,,,,,,,,1,,,,,,,,,,,,,,Y,,,,Y,,Y,Y,,,N1,Y,N1,34,N1,,N1,Y,,3,Y,9,,,1,,,,,,,,,,,,,,,,,3,,,,,1,2,1,4,,,,,,,1,287,,,,,,,,,,,,,,,,,Y,N1,A2800068,21
2026-07-26 08:50:54,data_go_kr,경상남도,A2800101,삼천포제일병원,8,20260726084604,055-830-3099,,,,,,,,,,,,,,,,,,,,,2,,,,,,,,,,,,,,Y,,,,,,Y,N1,,,N1,Y,N1,70,N1,,N1,Y,,2,Y,8,,,2,,,,,,,,,,,,,,,,,2,,,,,1,1,,1,,,,,,,1,214,,,,,,,,,,,,,,,,,Y,N1,A2800101,22
2026-07-26 08:50:54,data_go_kr,경상남도,E2800380,산청군보건의료원,4,20260726085001,055-970-7582,,,,,,,,,,,,,,,,,,,,,1,,,,,,,,,,,,,,,,,,,,Y,N1,,,N1,N1,N1,20,N1,,N1,N1,,,N1,5,,,1,,,,,,,,,,,,,,,,,,,,,,,,,1,,,,,,,,20,,,,,,,,,,,,,,,,,Y,N1,E2800380,23
2026-07-26 08:50:54,data_go_kr,경상남도,A2804593,양산성모병원,10,20260726085025,055-912-9785,,,,,,,,,,,,,,,,,,,1,,,,,,,,,,,,,,,,Y,,,,,,Y,N1,,,N1,Y,N1,143,N1,3,N1,Y,,4,N1,13,,1,,,,,,,,,,,,,6,,,,,4,,,,,1,2,,1,,,,,,,,214,,,,,,,,,,,,,,,,,Y,N1,A2804593,24
2026-07-26 08:50:54,data_go_kr,경상남도,A2800019,베데스다복음병원,8,20260726084908,055-781-9911,,,,,,,,,,,,,,,,,,,,,1,,,,,,,,,,,,,,Y,,,,,,Y,N1,,,N1,Y,N1,45,N1,,N1,Y,,3,N1,9,,,1,,,,,,,,,,,,,,,,,3,,,,,1,1,,1,,,,,,,,133,,,,,,,,,,,,,,,,,Y,N1,A2800019,25
2026-07-26 08:50:54,data_go_kr,경상남도,A2800090,의령병원,3,20260726084550,055-573-6806,,,,,,,,,,,,,,,,,,,,,1,,,,,,,,,,,,,,Y,,,,,,Y,N1,,,N1,Y,N1,35,N1,,N1,N1,,,N1,4,,,1,,,,,,,,,,,,,,,,,,,,,,1,,,1,,,,,,,,58,,,,,,,,,,,,,,,,,Y,N1,A2800090,26
2026-07-26 08:50:54,data_go_kr,경상남도,A2800084,반도병원,6,20260726085005,055-749-0200,,,,,,,,,,,,,,,,,,,,,1,,,,,,,,,,,,,,Y,,,,,,Y,N1,,,N1,Y,N1,68,N1,,N1,Y,,3,N1,7,,,1,,,,,,,,,,,,,,,,,3,,,,,1,1,,3,,,,,,,,165,,,,,,,,,,,,,,,,,Y,N1,A2800084,27
2026-07-26 08:50:54,data_go_kr,경상남도,A2800015,의료법인 문병욱의료재단 진주고려병원,9,20260726084803,055-751-2525,,,,,,,,,,,,,,,,,,,,,1,,,,,,,,,,,,,,Y,,,,Y,,Y,Y,,,N1,Y,N1,76,N1,4,N1,Y,,4,Y,10,,,1,,,,,,,,,,,,9,,,,,4,,,,,2,2,1,4,,,,,,,1,229,,,,,,,,,,,,,,,,,Y,N1,A2800015,28
2026-07-26 08:50:54,data_go_kr,경상남도,A2800037,진주복음병원,6,20260726085010,055-749-7119,,,,,,,,,,,,,,,,,,,,,1,,,,,,,,,,,,,,Y,,,,,,Y,N1,,,N1,Y,N1,41,N1,,N1,N,,3,N1,9,,,1,,,,,,,,,,,,,,,,,3,,,,,1,1,,1,,,,,,,,131,,,,,,,,,,,,,,,,,N,N1,A2800037,29
2026-07-26 08:50:54,data_go_kr,경상남도,A2800062,태황의료재단한성병원,8,20260726084943,055-530-5119,,,,,,,,,,,,,,,,,,,,,1,,,,,,,,,,,,,,,,,,,,Y,N1,,,N1,N1,N1,49,N1,,N1,N1,,,N1,9,,,1,,,,,,,,,,,,,,,,,,,,,,,,,,,,,,,,,167,,,,,,,,,,,,,,,,,N1,N1,A2800062,30
2026-07-26 08:50:54,data_go_kr,경상남도,A2800025,경상남도마산의료원,10,20260726085001,055-249-1119,,,,,,,,,,,,,,,,,,,1,,1,,,,,2,,,,,,19,,,Y,,,,,,Y,N1,,,Y,Y,N1,79,N1,5,N1,Y,,5,N1,13,,1,1,,,,,,,,,,,,6,2,,,,5,,,27,,1,1,,17,,,2,,,,,263,,,,,,,,,,,,,,,,,Y,N1,A2800025,31
2026-07-26 08:50:54,data_go_kr,경상남도,A2800009,의료법인청아의료재단청아병원,7,20260726084811,055-230-1700,,,,,,,,,,,,,,,,,,,,,1,,,,,,,,,,,,,,Y,,,,,,Y,N1,,,N1,Y,N1,76,N1,,N1,Y,,4,N1,9,,,1,,,,,,,,,,,,,,,,,4,,,,,2,2,,4,,,,,,,,274,,,,,,,,,,,,,,,,,Y,N1,A2800009,32
2026-07-26 08:50:54,data_go_kr,경상남도,A2800021,연세에스병원,9,20260726084633,055-548-7789,,,,,,,,,,,,,,,,,,,,,1,,,,,,,,,,,,,,Y,,,,Y,,Y,Y,,,N1,Y,N1,109,N1,7,N1,Y,,2,N1,9,,,1,,,,,,,,,,,,10,,,,,3,,,,,2,2,1,5,,,,,,,,255,,,,,,,,,,,,,,,,,Y,N1,A2800021,33
2026-07-26 08:50:54,data_go_kr,경상남도,A2800092,새통영병원,6,20260726085010,055-640-4119,,,,,,,,,,,,,,,,,,,,,1,,,,,,,,,,,,,,Y,,,,,,Y,N1,,,N1,Y,N1,59,N1,,N1,Y,,3,N1,9,,,1,,,,,,,,,,,,,,,,,3,,,,,1,2,,3,,,,,,,,256,,,,,,,,,,,,,,,,,Y,N1,A2800092,34
2026-07-26 08:50:54,data_go_kr,경상남도,A2800080,함양성심병원,-1,20260726084803,055-964-4322,,,,,,,,,,,,,,,,,,,,,1,,,,,,,,,,,,,,Y,,,,,,Y,N1,,,N1,Y,N1,5,N1,,N1,Y,,2,N1,4,,,1,,,,,,,,,,,,,,,,,2,,,,,1,1,,1,,,,,,,,121,,,,,,,,,,,,,,,,,Y,N1,A2800080,35
2026-07-26 08:50:54,data_go_kr,경상남도,A2800055,삼성합천병원,2,20260726085001,070-5125-5030,,,,,,,,,,,,,,,,,,,,,1,,,,,,,,,,,,,,Y,,,,,,Y,N1,,,N1,Y,N1,25,N1,,N1,Y,,2,N1,4,,,1,,,,,,,,,,,,,,,,,2,,,,,1,1,,1,,,,,,,,141,,,,,,,,,,,,,,,,,Y,N1,A2800055,36
2026-07-26 08:50:54,data_go_kr,제주특별자치도,A2900001,제주한라병원,7,20260726085337,064-740-5159,Y,Y,,,,,0,1,,,4,,,,,,,3,2,,3,2,,,,,25,,10,2,,,Y,,Y,,2,6,Y,8,Y,Y,,,Y,Y,Y,164,Y,8,Y,Y,3,5,N1,15,3,2,3,14,,,7,,,,,20,,,15,,30,,40,6,2,,,2,3,2,3,46,3,8,9,4,2,,,414,,,,,4,2,,4,,,,,,,2,6,Y,Y,A2900001,1
2026-07-26 08:50:54,data_go_kr,제주특별자치도,A2900002,제주특별자치도서귀포의료원,10,20260726085002,064-730-3001,,Y,,,,,,,,,,,,,,,,3,1,,4,2,,,,3,3,,,,3,,Y,,Y,,,,Y,,Y,Y,,,Y,Y,N1,150,N1,8,Y,Y,,4,Y,16,4,1,4,2,,,,,,,,,,,17,3,3,,,4,,26,,1,2,1,1,16,,4,3,,,,1,326,,,,,,,,,,,,,,,,,Y,N1,A2900002,2
2026-07-26 08:50:54,data_go_kr,제주특별자치도,A2900007,제주대학교병원,15,20260726085000,,Y,Y,,,,,,,,0,,,,,,,,,1,4,2,,3,,3,,,,,,4,5,Y,,Y,,,,Y,,Y,Y,,,Y,Y,Y,129,Y,,Y,Y,9,12,N1,20,,1,5,,12,12,16,3,,,,,6,,,,,,,12,,20,9,3,2,2,4,45,8,17,10,5,3,,,458,,,,,,,,,,,,,,,,,Y,Y,A2900007,3
2026-07-26 08:50:54,data_go_kr,제주특별자치도,A2900005,한마음병원,13,20260726084934,064-750-9119,,,,,,,,,,,,,,,,,,,1,,0,,,,,,,,,,,,,,Y,,,,Y,,Y,Y,,,Y,Y,N1,74,N1,7,N1,Y,,4,N1,17,,1,2,,,,,,,,,,,,12,,,,,4,,,,,1,1,1,6,,,2,,,,,216,,,,,,,,,,,,,,,,,Y,N1,A2900005,4
2026-07-26 08:50:54,data_go_kr,제주특별자치도,A2900006,의료법인중앙의료재단중앙병원,9,20260726085020,064-786-7777,,,,,,,,,,,,,,,,,,1,1,,2,,,,,,,,,,,,,,Y,,,,Y,,Y,Y,,,Y,Y,Y,99,N1,8,N1,Y,,3,N1,16,1,1,2,,,,,,,,,,,,16,,,,,3,,,,,1,1,2,10,,,2,1,,,,281,,,,,,,,,,,,,,,,,Y,N1,A2900006,5
2026-07-26 08:50:54,data_go_kr,제주특별자치도,A2900003,의료법인 혜인의료재단 한국병원,7,20260726084900,064-750-0160,,,,,,,,,,,,,,,,,,,,,1,,,,,,,,,,,,,,Y,,,,,,Y,N1,,,N1,Y,N1,45,N1,0,N1,Y,,3,N1,9,,,1,,,,,,,,,,,,10,,,,,3,,,,,1,1,,6,,,,,,,,209,,,,,,,,,,,,,,,,,Y,N1,A2900003,6
2026-07-26 10:46:12,data_go_kr,서울특별시,A1100043,강동경희대학교병원,5,20260726104517,02-440-7000,Y,Y,,,,,1,,,,,,,,,1,,3,2,,1,2,,,,,4,,,,,0,Y,N,Y,,,,Y,,Y,Y,,,Y,Y,Y,210,Y,6,Y,Y,3,17,N,15,3,2,3,19,,,17,,,,,,,,27,,30,,,17,,,1,8,2,2,3,32,9,13,4,1,1,0,0,625,,,,,3,,,,,,,,2,,,,Y,Y,A1100043,1
2026-07-26 10:46:12,data_go_kr,서울특별시,A1100014,고려대학교의과대학부속구로병원,13,20260726104348,02-2626-1550,Y,Y,4,,,,,,,0,,,,,,,,3,,2,,1,,,,2,6,,,,3,2,Y,,Y,,,,Y,,Y,Y,,,Y,Y,Y,130,Y,9,Y,Y,0,24,N1,29,3,,,20,20,10,23,,,,,,,,35,10,30,,,24,,18,4,2,6,6,4,98,11,35,15,10,3,,,778,5,,,,,,,,,,,,,,,,Y,Y,A1100014,2
2026-07-26 10:46:12,data_go_kr,서울특별시,A1100013,한양대학교병원,15,20260726104300,02-2290-8284,Y,Y,4,3,,,1,4,,0,,,,,,,,1,,7,,6,,,,1,8,,,,1,0,Y,,Y,,,,Y,,Y,Y,,,Y,Y,Y,269,Y,0,Y,Y,2,16,Y,20,3,,,22,12,13,25,,,,,,,,0,2,30,,,16,,16,2,1,3,2,3,69,10,20,11,4,3,,1,670,4,8,,,2,5,,,,,,,,,,,Y,Y,A1100013,3
2026-07-26 10:46:12,data_go_kr,서울특별시,A1100008,학교법인고려중앙학원고려대학교의과대학부속병원(안암병원),14,20260726104412,02-920-5374,Y,Y,2,4,,,0,,,1,,,,,,,,3,,3,,-1,,,1,1,23,,,,2,1,Y,,Y,,,,Y,,Y,Y,,,Y,Y,Y,204,Y,,Y,Y,1,23,N1,30,4,,,15,16,19,17,,,,,,9,,,6,31,,,25,,10,3,4,7,6,8,84,14,20,11,8,7,,,777,2,7,,,6,,,,,,,,,,,,Y,Y,A1100008,4
2026-07-26 10:46:12,data_go_kr,서울특별시,A1100005,이화여자대학교의과대학부속목동병원,11,20260726104048,02-2650-5911,Y,Y,,,,,0,0,,1,,,,,,,,8,2,4,4,5,,,,0,15,,,,4,4,Y,,Y,5,,,Y,,Y,Y,,,Y,Y,Y,80,Y,,Y,Y,12,13,N1,19,8,2,4,19,10,13,28,,,,14,,,,,4,32,,,13,,10,9,2,4,4,4,58,10,34,9,3,5,,,526,,,,,1,1,,,,,,,,,,,Y,Y,A1100005,5
2026-07-26 10:46:12,data_go_kr,서울특별시,A1100017,서울대학교병원,-4,20260726104519,02-2072-2475,Y,Y,,,1,1,1,0,,1,,0,0,,1,,,6,2,7,4,9,4,1,4,11,18,6,,,6,5,Y,Y,Y,0,,,Y,,Y,Y,4,1,Y,Y,Y,369,Y,,Y,Y,5,53,N1,24,10,2,4,17,10,18,40,22,2,10,5,,8,10,,28,30,6,,53,,41,7,4,13,13,14,160,19,46,22,9,3,1,,1365,,,1,1,2,1,,,0,0,,8,,,,,Y,Y,A1100017,6
2026-07-26 10:46:12,data_go_kr,서울특별시,A1100035,서울특별시서울의료원,1,20260726104500,02-2276-7000,Y,Y,,,,,0,2,1,0,,,,,,,,1,2,,3,3,,,,,5,,,,11,2,Y,Y,Y,1,,,Y,,Y,Y,,,Y,Y,Y,94,Y,2,Y,Y,2,10,Y,19,3,2,3,14,7,,3,,,,6,,,,5,,28,,,10,,30,3,4,5,3,5,65,5,12,7,2,4,1,2,461,,,,,2,4,2,,,,,,,,,,Y,Y,A1100035,7
2026-07-26 10:46:12,data_go_kr,서울특별시,A1100015,연세대학교의과대학강남세브란스병원,10,20260726104332,02-2019-3333,Y,Y,,,,,,,,,,,,,,,,1,1,,2,,,,3,,,,,,,5,Y,,Y,8,,,Y,,Y,Y,,,Y,Y,Y,59,Y,14,Y,Y,0,22,N1,21,2,1,2,,,,28,,,,12,,8,,29,,,,,23,,,5,1,4,3,6,47,10,23,6,3,5,,,691,,,,,,,,,,,,,,,,,Y,Y,A1100015,8
2026-07-26 10:46:12,data_go_kr,서울특별시,A1100010,삼성서울병원,6,20260726104445,02-3410-2060,Y,Y,,,,,,,,15,,,,,,,,2,2,17,1,,7,,5,2,,,,,6,12,Y,,Y,5,,,Y,,Y,Y,,20,Y,Y,Y,453,Y,14,Y,Y,1,52,N1,52,4,2,2,,30,23,59,15,,,12,,12,36,14,2,,,,53,,27,18,8,19,16,15,117,22,43,21,11,2,,,1528,,,,,,,,,,,,,,,,,Y,Y,A1100010,9
2026-07-26 10:46:12,data_go_kr,서울특별시,A1100028,성심의료재단강동성심병원,6,20260726104232,02-2224-2358,Y,Y,,,,,,,,1,,,,,,,2,,1,,6,,,,,2,,,,,,0,Y,,Y,,,,Y,,Y,Y,,,Y,Y,Y,188,Y,1,Y,Y,3,12,N1,15,,1,6,,18,,3,,,,,,,,19,5,,,,13,,,2,1,4,2,5,35,3,3,8,3,1,,,566,,,,,,,,,,,,,,2,,,Y,Y,A1100028,10
2026-07-26 10:46:12,data_go_kr,서울특별시,A1100053,한국보훈복지의료공단중앙보훈병원,20,20260726104345,02-2225-1100,,,,,,,,,,6,,,,,,,,,1,10,2,0,,,3,1,0,,,,35,0,N,,Y,2,,,Y,,Y,Y,,,Y,Y,Y,160,N1,,N1,Y,,10,N1,22,,1,2,2,14,14,,,,,13,,10,,,1,3,,,13,,60,7,1,3,4,4,38,,,10,1,,,,820,,,,,,,,,,,,,,,,,Y,N1,A1100053,11
2026-07-26 10:46:12,data_go_kr,서울특별시,A1120796,이화여자대학교의과대학부속서울병원,-2,20260726104144,02-6986-5119,Y,Y,,,,,,,,0,,,,,,,,8,1,8,6,,,,2,1,,,,,,3,Y,,Y,2,,,Y,,Y,Y,,3,Y,Y,Y,196,Y,0,Y,Y,0,18,N1,14,9,2,6,,10,17,24,,,,17,,11,19,11,7,,,,19,,,4,2,5,5,8,71,9,22,12,4,5,,,732,,,,,,,,,,,,,,,,,Y,Y,A1120796,12
2026-07-26 10:46:12,data_go_kr,서울특별시,A1100041,의료법인서울효천의료재단에이치플러스양지병원,14,20260726104510,070-4665-9119,,,,,,,,,,,,,,,,,,,1,,2,,,,,1,,,,,,2,,,Y,,,,Y,,Y,Y,,,Y,Y,Y,61,Y,2,N1,Y,,7,N1,18,,1,2,,,,,,,,,,,,20,1,,,,7,,,3,,2,3,3,23,,,4,1,1,,,301,,,,,,,,,,,,,,,,,Y,N1,A1100041,13
2026-07-26 10:46:12,data_go_kr,서울특별시,A1100002,건국대학교병원,4,20260726104247,02-2030-5555,Y,Y,,,,,,,,6,,,,,,,,3,1,15,2,,,,,1,,,,,9,2,Y,,Y,,,,Y,,Y,Y,,,Y,Y,Y,275,Y,,Y,Y,0,21,N1,20,4,1,2,,24,25,16,,,,,,,,,1,,,,21,,14,3,2,4,4,5,45,7,18,7,3,14,,,678,,,,,,,,,,,,,,,,,Y,Y,A1100002,14
2026-07-26 10:46:12,data_go_kr,서울특별시,A1100016,인제대학교상계백병원,2,20260726104302,02-950-1119,Y,Y,,,,,,,,0,,,,,,,2,,1,4,2,,,,,1,,,,,3,1,Y,,Y,,,,Y,,Y,Y,,,Y,Y,Y,129,Y,,Y,Y,1,12,N1,16,,1,2,,19,18,15,,,,,,,,,4,,,,13,,5,2,2,3,2,3,36,10,25,10,3,1,,,390,,,,,,,,,,,,,,4,,,Y,Y,A1100016,15
2026-07-26 10:46:12,data_go_kr,서울특별시,A1100048,노원을지대학교병원,6,20260726104102,02-970-8282,Y,Y,,,,,,,,4,,,,,,,,,1,5,4,,,,,2,,,,,3,0,Y,,Y,,0,0,Y,,Y,Y,,,Y,Y,Y,225,N1,,Y,Y,1,11,N1,17,,1,4,,16,16,10,,,,,,,,,2,,,,11,,21,1,3,2,2,2,26,8,19,3,1,,,,479,,,,,,,,,,,,,,,0,0,Y,Y,A1100048,16
2026-07-26 10:46:12,data_go_kr,서울특별시,A1100020,의료법인한전의료재단한일병원,7,20260726104503,02-901-3119,N,N,,,,,,,,,,,,,,,,2,2,,2,0,,,,0,2,,,,,1,,Y,Y,,,,Y,,Y,Y,,,Y,Y,N1,83,Y,4,N,Y,,8,Y,21,2,2,2,2,,,,,,,,,,,21,1,3,,,8,,,5,,2,1,1,25,1,4,2,,4,2,2,389,,,,,,,,,,,,,,,,,Y,N,A1100020,17
2026-07-26 10:46:12,data_go_kr,서울특별시,A1100001,경희대학교병원,14,20260726104533,02-958-8114,Y,Y,,,,,,,,,,,,,,,,3,2,,3,,,,,,,,,,10,9,Y,,Y,4,,,Y,,Y,Y,,,Y,Y,Y,232,Y,21,Y,Y,1,16,N1,15,3,2,3,,,,14,,,,15,,,,73,,,,,16,,20,10,3,3,3,5,48,6,12,8,3,2,,,657,,,,,,,,,,,,,,,,,Y,Y,A1100001,18
2026-07-26 10:46:12,data_go_kr,서울특별시,A1100021,삼육서울병원,6,20260726104457,02-2210-3566,,N,,,,,,,,,,,,,,,1,,1,,2,0,,,,1,0,,,,,3,Y,,Y,,,,Y,,Y,Y,,,Y,Y,Y,61,Y,4,N,Y,4,3,Y,13,,1,2,2,,,4,,,,,,,,15,1,3,,,5,,,4,2,1,1,2,20,,4,5,2,1,,1,389,,,,,,,,,,,,,,4,,,Y,N1,A1100021,19
2026-07-26 10:46:12,data_go_kr,서울특별시,A1100040,서울특별시보라매병원,14,20260726104500,02-870-2119,Y,Y,,,,,,,,5,,,,,,,,3,2,10,1,,,,3,1,,,,,0,0,Y,,Y,,,,Y,,Y,Y,,,Y,Y,Y,270,Y,,Y,Y,0,14,N1,31,3,2,1,,15,16,14,,,,,,4,,,4,,,,14,,14,3,4,6,3,5,48,14,13,5,9,2,,,695,,,,,,,,,,,,,,,,,Y,Y,A1100040,20
2026-07-26 10:46:12,data_go_kr,서울특별시,A1100003,중앙대학교병원,8,20260726104507,02-6299-1338,Y,Y,0,0,,,1,,,1,,,,,4,,,4,0,6,0,4,,,,1,,,,,4,2,Y,,Y,,,,Y,,Y,Y,,,Y,Y,Y,218,Y,,Y,Y,0,16,N1,18,4,0,0,12,12,17,25,,,,,,,,,11,,,,16,,24,2,2,4,3,4,51,9,21,13,6,12,,,631,0,0,,,1,,,,,,,4,,,,,Y,Y,A1100003,21
2026-07-26 10:46:12,data_go_kr,서울특별시,A1100007,연세대학교의과대학세브란스병원,8,20260726104250,02-2227-7777,Y,Y,,,1,1,,,,5,,,,,,,,4,1,12,3,,5,1,14,3,,0,,,0,0,Y,Y,Y,5,,,Y,,Y,Y,4,8,Y,Y,Y,298,Y,5,Y,Y,12,1,N1,39,8,1,3,,29,24,52,22,2,10,29,,23,17,18,5,,6,,2,,20,30,8,16,16,17,206,55,61,21,16,21,1,,1872,,,1,1,,,,,,,,,,,,,Y,Y,A1100007,22
2026-07-26 10:46:12,data_go_kr,서울특별시,A1100012,학교법인가톨릭학원가톨릭대학교서울성모병원,-4,20260726104510,02-2258-2370,Y,Y,1,2,1,1,,,,8,,,,,,,,5,,16,,,1,1,3,11,,1,,,16,2,Y,,Y,16,,,Y,,Y,Y,,6,Y,Y,Y,323,Y,0,Y,Y,6,31,N1,28,7,,,,22,22,50,3,2,,19,,10,8,5,18,,6,,32,,35,10,2,9,10,8,80,40,39,11,9,4,,,1059,1,5,1,1,,,,,,,,,,,,,Y,Y,A1100012,23
2026-07-26 10:46:12,data_go_kr,서울특별시,A1100009,재단법인아산사회복지재단서울아산병원,5,20260726104315,02-3010-3333,Y,Y,,,2,1,1,1,,1,,,,,,,,3,1,11,10,1,3,1,5,10,4,2,,,8,5,Y,,Y,2,,,Y,,Y,Y,4,2,Y,Y,Y,490,Y,10,Y,Y,10,3,Y,36,11,1,22,2,24,37,61,26,2,13,12,,12,12,12,47,4,6,,4,,28,8,8,21,15,17,190,33,49,30,14,5,,1,2089,,,2,1,1,6,,,,,,,,,,,Y,Y,A1100009,24
2026-07-26 10:46:12,data_go_kr,서울특별시,A1100011,가톨릭대학교여의도성모병원,10,20260726104510,02-3779-1199,,,,,,,,,,-1,,,,,,,,,1,1,4,,,,,1,,,,,,1,Y,,Y,2,,,Y,,Y,Y,,,Y,Y,Y,111,Y,,N1,Y,,13,N1,15,,1,4,,11,9,,,,,9,,,,,1,,,,13,,,1,2,2,2,2,23,,,5,2,2,,,330,,,,,,,,,,,,,,,,,Y,N1,A1100011,25
2026-07-26 10:46:12,data_go_kr,서울특별시,A1100055,한림대학교강남성심병원,10,20260726104211,02-829-5119,Y,Y,,,,,,,,0,,,,,,,,3,1,0,4,,,,7,1,,,,,,,Y,,Y,,,,Y,,Y,Y,,,Y,Y,Y,175,Y,,Y,Y,0,13,N1,20,3,1,4,,21,25,12,,,,,,10,,,7,,,,14,,,,3,3,3,3,54,21,22,13,3,2,,,496,,,,,,,,,,,,,,,,,Y,Y,A1100055,26
2026-07-26 10:46:12,data_go_kr,서울특별시,A1100054,성애의료재단성애병원,11,20260726104450,02-840-7115,Y,Y,,,,,,,,,,,,,,,,,1,,4,,,,,1,,,,,,,Y,,Y,,,,Y,,Y,Y,,,Y,Y,N1,51,N1,3,Y,Y,3,5,N1,15,,1,4,,,,4,,,,,,,,19,1,,,,5,,,,2,2,2,1,8,5,14,2,,,,,252,,,,,,,,,,,,,,,,,Y,Y,A1100054,27
2026-07-26 10:46:12,data_go_kr,서울특별시,A1100004,순천향대학교부속서울병원,9,20260726104522,02-709-9117,Y,Y,,,,,,,,,,,0,,0,,0,2,1,,2,,,,,1,,,,,9,3,Y,,Y,,,,Y,,Y,Y,,,Y,Y,Y,201,Y,3,Y,Y,1,14,N1,20,4,1,2,,,,13,,,,,,,,45,10,,,,14,,21,4,7,3,3,4,51,8,17,14,5,3,,,600,,,,,,,,,,0,,0,,0,,,Y,Y,A1100004,28
2026-07-26 10:46:12,data_go_kr,서울특별시,A1121013,가톨릭대학교은평성모병원,8,20260726104511,02-1811-7755,Y,Y,,,,,,,,1,,,,,,,,8,1,3,2,,,,8,1,,,,,,0,Y,,Y,1,,,Y,,Y,Y,,,Y,Y,Y,210,Y,,Y,Y,5,19,N1,24,8,2,2,,16,9,19,,,,13,,12,,,4,,,,19,,,5,1,4,3,5,46,19,22,10,5,20,,,651,,,,,,,,,,,,,,,,,Y,Y,A1121013,29
2026-07-26 10:46:12,data_go_kr,서울특별시,A1100006,강북삼성병원,5,20260726104520,02-2001-1000,Y,Y,,,,,,,,,,,,,,,,2,1,1,2,,,,,1,,,,,9,2,Y,,Y,1,,,Y,,Y,Y,,3,Y,Y,Y,150,Y,9,Y,Y,0,16,N1,15,2,1,2,,,4,7,,,,12,,,8,24,5,,,,16,,18,3,1,5,4,6,54,13,14,8,4,3,,,526,,,,,,,,,,,,,,,,,Y,Y,A1100006,30
2026-07-26 10:46:12,data_go_kr,서울특별시,A1100052,국립중앙의료원,10,20260726104304,02-2276-2114,N,Y,,,,,,,,,,0,,,0,0,5,3,2,0,2,2,,,,2,0,,13,2,,4,Y,,Y,,2,6,Y,6,Y,Y,,,Y,Y,Y,7,Y,3,Y,Y,,7,N1,15,3,2,3,6,,0,,,,,,20,,,13,2,0,,50,7,2,,7,1,1,1,2,56,1,3,5,5,2,,,202,,,,,,,,,0,,,0,0,5,2,6,Y,N,A1100052,31
2026-07-26 10:46:12,data_go_kr,서울특별시,A1100036,부민병원,8,20260726104144,02-2620-0119,,Y,,,,,,,,,,,,,,,,,1,,,,,,,0,,,,,,0,Y,,Y,,,,Y,,Y,Y,,,Y,Y,Y,69,N1,1,Y,Y,,8,N1,10,,1,,,,,,,,,,,,,14,1,,,,8,,,3,1,3,3,1,22,,1,2,1,,,,282,,,,,,,,,,,,,,,,,Y,N1,A1100036,32
2026-07-26 10:46:12,data_go_kr,서울특별시,A1100051,혜민병원,9,20260726104528,02-2049-9119,,,,,,,,,,,,,,,,,,,0,,,,,,,,,,,,,,,,Y,,,,,,Y,N1,,,Y,Y,N1,25,N1,8,N1,Y,,5,N1,9,,1,,,,,,,,,,,,,19,,,,,5,,,,,2,2,,16,,,2,,,,,205,,,,,,,,,,,,,,,,,Y,N1,A1100051,33
2026-07-26 10:46:12,data_go_kr,서울특별시,A1100026,구로성심병원,2,20260726104442,02-2067-1515,,,,,,,,,,,,,,,,,,,,,1,,,,,,,,,,,,,,Y,,,,,,Y,N1,,,N1,Y,N1,42,N1,4,N1,Y,,3,N1,9,,,1,,,,,,,,,,,,11,,,,,3,,,,,1,1,,5,,,,,,,,191,,,,,,,,,,,,,,,,,Y,N1,A1100026,34
2026-07-26 10:46:12,data_go_kr,서울특별시,A1100049,희명병원,9,20260726104449,02-809-0122,,,,,,,,,,,,,,,,,,,,,1,,,,,,,,,,,,,,Y,,,,,,Y,N1,,,Y,Y,Y,117,N1,1,N1,Y,,4,N1,10,,,1,,,,,,,,,,,,19,,,,,4,,,,,1,1,,9,,,1,1,,,,228,,,,,,,,,,,,,,,,,Y,N1,A1100049,35
2026-07-26 10:46:12,data_go_kr,서울특별시,A1100027,한국원자력의학원원자력병원,6,20260726104438,02-970-2620,,Y,,,,,,,,,,,,,,,1,,1,,0,,,,,1,,,,,,1,Y,,Y,,,,Y,,Y,Y,,,Y,Y,N1,265,N1,8,Y,Y,,10,N1,9,,1,1,,,,,,,,,,,,10,1,,,,10,,,1,1,4,2,1,16,,2,1,,,,,444,,,,,,,,,,,,,,1,,,Y,N1,A1100027,36
2026-07-26 10:46:12,data_go_kr,서울특별시,A1100022,서울특별시동부병원,8,20260726104520,02-920-9119,,Y,,,,,,,,,,,,,,,,,1,,1,,,,,1,,,,,,,Y,,Y,,,,,,Y,N1,,,Y,Y,N1,23,N1,1,Y,Y,,3,N1,8,,1,1,,,,,,,,,,,,8,1,,,,3,,,,1,1,1,,7,,1,1,,,,,195,,,,,,,,,,,,,,,,,Y,N1,A1100022,37
2026-07-26 10:46:12,data_go_kr,서울특별시,A1100050,서울성심병원,15,20260726104354,02-966-1616,,,,,,,,,,,,,,,,,,,1,,2,,,,,,,,,,,,,,Y,,,,,,Y,N1,,,N1,Y,N1,67,N1,9,N1,Y,,6,N1,17,,1,2,,,,,,,,,,,,10,,,,,6,,,,,1,1,,11,,,,,,,,208,,,,,,,,,,,,,,,,,Y,N1,A1100050,38
2026-07-26 10:46:12,data_go_kr,서울특별시,A1100025,의료법인동신의료재단동신병원,7,20260726104420,02-396-9161,N,N,,,,,,,,,,,,,,,,,,,1,,,,,,,,,,,,N,N,Y,,,,N,,Y,N,,,Y,Y,N,50,N,2,N,Y,,3,N,9,,,1,,,,,,,,,,,,9,,,,,3,,,,0,1,1,0,7,0,0,1,0,0,0,0,196,,,,,,,,,,,,,,,,,Y,N,A1100025,39
2026-07-26 10:46:12,data_go_kr,서울특별시,A1122033,기쁨병원,0,20260726104456,02-570-1212,,,,,,,,,,,,,,,,,,,,,1,,,,,,,,,,,,,,Y,,,,Y,,Y,Y,,,N1,Y,N1,53,N1,,N1,Y,,8,N1,4,,,1,,,,,,,,,,,,,,,,,8,,,,,2,2,1,1,,,,,,,,110,,,,,,,,,,,,,,,,,Y,N1,A1122033,40
2026-07-26 10:46:12,data_go_kr,서울특별시,A1100039,경찰병원,1,20260726104502,02-3400-1300,,,,,,,,,,,,,,,,,1,,1,,,,,,,2,,,,,,2,,,Y,,,,,,Y,N1,,,Y,Y,N1,133,N1,14,N1,Y,,7,N1,3,,1,,,,,,,,,,,,,14,2,,,,7,,,2,,2,3,,10,,,2,,,,,187,,,,,,,,,,,,,,1,,,Y,N1,A1100039,41
2026-07-26 10:46:12,data_go_kr,서울특별시,A1100019,홍익병원,0,20260726104305,02-2600-0777,,,,,,,,,,,,,,,,,,,,,1,,,,,0,,,,,,0,,,Y,,,,Y,,Y,Y,,,N,Y,N1,53,N1,9,N1,Y,,4,N1,9,,,1,,,,,,,,,,,,14,1,,,,4,,,1,,4,2,2,7,,,1,,,,,251,,,,,,,,,,,,,,,,,Y,N1,A1100019,42
2026-07-26 10:46:12,data_go_kr,서울특별시,A1100223,서울특별시서남병원,12,20260726104000,02-6300-9129,,,,,,,,,,,,,,,,0,,,1,,2,0,,,,1,0,,,,,4,,,Y,,,,,,Y,N1,,,Y,Y,Y,69,Y,5,N1,Y,,4,N1,17,,1,2,2,,,,,,,,,,,17,1,3,,,4,,,4,,2,1,,16,,,1,1,1,,,275,,,,,,,,,,,,,0,,,,Y,N1,A1100223,43
2026-07-26 10:46:12,data_go_kr,서울특별시,A1100024,명지성모병원,8,20260726104614,02-829-7800,,,,,,,,,,,,,,,,,,,1,,1,,,,,1,,,,,,,,,Y,,,,Y,,Y,Y,,,N1,Y,N1,104,N1,5,N1,Y,,2,N1,8,,1,1,,,,,,,,,,,,12,1,,,,3,,,,,1,3,2,7,,,,,,,,212,,,,,,,,,,,,,,,,,Y,N1,A1100024,44
2026-07-26 10:46:12,data_go_kr,서울특별시,A1100037,대림성모병원,8,20260726104528,02-829-9129,,,,,,,,,,,,,,,,,,,,,2,,,,,,,,,,,,,,Y,,,,,,Y,N1,,,N1,Y,N1,47,N1,,N1,Y,,4,N1,8,,,2,,,,,,,,,,,,,,,,,4,,,,,1,1,,1,,,,,,,,113,,,,,,,,,,,,,,,,,Y,N1,A1100037,45
2026-07-26 10:46:12,data_go_kr,서울특별시,A1100045,씨엠병원,7,20260726103000,070-4698-7811,,,,,,,,,,,,,,,,,,,,,1,,,,,,,,,,,,,,Y,,,,,,Y,N1,,,N1,Y,N1,44,N1,,N1,Y,,5,N1,9,,,1,,,,,,,,,,,,,,,,,5,,,,,2,2,,6,,,,,,,,110,,,,,,,,,,,,,,,,,Y,N1,A1100045,46
2026-07-26 10:46:12,data_go_kr,서울특별시,A1100023,의료법인청구성심병원,7,20260726104244,02-383-0129,,,,,,,,,,,,,,,,,,,,,1,,,,,,,,,,,,,,Y,,,,,,Y,N1,,,N1,Y,N1,13,N1,2,N1,Y,,3,N1,10,,,1,,,,,,,,,,,,6,,,,,3,,,,,1,1,,4,,,,,,,,196,,,,,,,,,,,,,,,,,Y,N1,A1100023,47
2026-07-26 10:46:12,data_go_kr,서울특별시,A1100029,서울적십자병원,10,20260726104413,02-2002-8888,,,,,,,,,,,,,,,,,,,0,,,,,,,,,,,,,,,,Y,,,,,,Y,N1,,,Y,Y,N1,90,N1,7,N1,Y,,6,N1,10,,1,,,,,,,,,,,,,12,,,,,6,,,,,1,1,,11,,,2,,,,,260,,,,,,,,,,,,,,,,,Y,N1,A1100029,48
2026-07-26 10:46:12,data_go_kr,서울특별시,A1100032,세란병원,9,20260726104534,02-737-0181,,,,,,,,,,,,,,,,,,,,,1,,,,,,,,,,,,,,Y,,,,,,Y,N1,,,N1,Y,N1,56,N1,,N1,Y,,13,N1,10,,,1,,,,,,,,,,,,,,,,,13,,,,,3,5,,3,,,,,,,,205,,,,,,,,,,,,,,,,,Y,N1,A1100032,49
2026-07-26 10:46:12,data_go_kr,서울특별시,A1100075,의료법인풍산의료재단동부제일병원,7,20260726104000,02-490-8880,,,,,,,,,,,,,,,,,,,,,1,,,,,,,,,,,,,,Y,,,,,,Y,N1,,,N1,Y,N1,41,N1,,N1,N,,2,N1,7,,,1,,,,,,,,,,,,,,,,,2,,,,,1,1,,3,,,,,,,,124,,,,,,,,,,,,,,,,,Y,N1,A1100075,50
2026-07-26 10:46:12,data_go_kr,서울특별시,A1100044,녹색병원,4,20260726104508,02-490-2113,,,,,,,,,,,,,,,,,,,1,,4,,,,,2,,,,,,1,Y,,Y,,,,,,Y,N1,,,Y,Y,N1,93,N1,8,N1,Y,,3,N1,5,,1,4,,,,,,,,,,,,17,3,,,,3,,,3,1,2,1,,22,,,1,,,,,293,,,,,,,,,,,,,,,,,Y,N1,A1100044,51
2026-07-26 10:46:12,data_go_kr,부산광역시,A1200003,동아대학교병원,23,20260726104209,051-240-5300,Y,Y,2,6,,,,0,1,,,,,,,,,3,,,,9,,,6,5,8,,,,6,1,Y,,Y,2,,,Y,,Y,Y,4,5,Y,Y,Y,153,Y,6,Y,Y,6,17,N1,26,3,,,16,,,20,,,8,13,,11,7,18,6,30,,,18,,18,3,4,5,3,4,76,11,30,16,4,4,,,738,2,6,,,,4,1,,,,,,,,,,Y,Y,A1200003,1
2026-07-26 10:46:12,data_go_kr,부산광역시,A1200022,인제대학교 해운대백병원,17,20260726104144,051-797-0135,Y,Y,,,,,2,2,,10,,,,,,,,2,2,9,3,6,,,,0,14,,,,,0,Y,Y,Y,,,,Y,,Y,Y,,,Y,Y,Y,187,Y,,Y,Y,0,22,N1,29,3,2,3,12,28,27,23,,,,,,,,,2,30,,,22,,,7,2,5,3,4,72,8,40,17,9,11,1,,710,,,,,5,3,,,,,,,,,,,Y,Y,A1200022,2
2026-07-26 10:46:12,data_go_kr,부산광역시,A1200018,대동병원,9,20260726104431,051-550-9391,,,,,,,,,,,,,,,,,,3,1,,2,,,,,0,,,,,,1,,,Y,,,,Y,,Y,Y,,,Y,Y,N1,66,N1,3,N1,Y,,6,N1,15,3,1,2,,,,,,,,,,,,21,1,,,,6,,,1,,2,1,1,10,,,1,,,,,401,,,,,,,,,,,,,,,,,Y,N1,A1200018,3
2026-07-26 10:46:12,data_go_kr,부산광역시,A1200020,의료법인 온그룹의료재단 온병원,8,20260726104528,051-607-0139,,,,,,,,,,,,,,,,,,,1,,2,,,,,1,,,,,,5,,,Y,,,,Y,,Y,Y,,,Y,Y,N1,182,N1,9,N1,Y,,9,Y,20,,1,2,,,,,,,,,,,,23,1,,,,9,,,6,,4,2,2,7,,,1,,,,1,585,,,,,,,,,,,,,,,,,Y,N1,A1200020,4
2026-07-26 10:46:12,data_go_kr,부산광역시,A1200001,인제대학교부산백병원,16,20260726104512,051-890-5995,Y,Y,,,,,,,,5,,,,,,,,,1,3,2,,,,3,1,,,,,3,2,Y,,Y,1,,,Y,,Y,Y,,,Y,Y,Y,215,Y,6,Y,Y,2,17,Y,18,,1,2,,19,18,35,,,,12,,6,,10,1,,,,17,,20,8,4,5,3,6,68,19,38,16,3,7,,2,691,,,,,,,,,,,,,,,,,Y,Y,A1200001,5
2026-07-26 10:46:12,data_go_kr,부산광역시,A1200005,의료법인 은성의료재단 좋은삼선병원,7,20260726104508,051-310-9119,,,,,,,,,,,,,,,,,3,1,1,,2,,,,1,0,,,,,,2,,,Y,2,,,Y,,Y,Y,,,Y,Y,N1,25,N1,6,N1,Y,,7,N1,13,1,1,2,,,,,,,,5,,4,,19,2,,,,7,,,2,,2,2,2,11,,,1,,,,,375,,,,,,,,,,,,,,3,,,Y,N1,A1200005,6
2026-07-26 10:46:12,data_go_kr,부산광역시,A1200004,고신대학교복음병원,24,20260726104313,051-990-6200,Y,Y,1,4,,,,,,6,,,,,,,,,,7,,,,,8,5,,,,,14,1,Y,,Y,2,,,Y,,Y,Y,2,,Y,Y,Y,197,Y,,Y,Y,15,13,Y,25,,,,,13,8,18,,,5,13,,16,,,7,,,,13,,14,1,7,3,3,5,53,13,19,14,3,1,,1,685,1,4,,,,,,,,,,,,,,,Y,Y,A1200004,7
2026-07-26 10:46:12,data_go_kr,부산광역시,A1200002,부산대학교병원,13,20260726104500,051-240-7776,Y,Y,,,,,1,,,3,,,,0,0,0,,3,1,,2,-4,,,,3,3,,28,2,7,4,Y,,Y,0,2,12,Y,14,Y,Y,,,Y,Y,Y,418,Y,7,Y,Y,1,26,N,17,3,1,2,2,10,,20,,,,0,42,,,24,4,3,,82,26,2,19,10,12,9,6,10,100,17,17,21,9,21,,1,901,,,,,2,,,,,,0,0,0,,2,12,Y,Y,A1200002,8
2026-07-26 10:46:12,data_go_kr,부산광역시,A1200007,비에이치에스한서병원,10,20260726104536,051-998-1119,,,,,,,,,,,,,,,,,,,1,,1,2,,,,,3,,,,,,,,Y,,,,Y,,Y,Y,,,Y,Y,Y,83,N1,7,N1,Y,,4,N1,17,,1,2,2,,,,,,,,,,,14,,3,,,4,,,,,1,1,2,11,,,1,1,,,,280,,,,,,,,,,,,,,,,,Y,N1,A1200007,9
2026-07-26 10:46:12,data_go_kr,부산광역시,A1200028,(의)서일의료재단기장병원,6,20260726104502,051-723-2119,,,,,,,,,,,,,,,,,,,,,1,,,,,,,,,,,,,,Y,,,,,,Y,N1,,,N1,Y,N1,19,N1,,N1,Y,,3,N1,9,,,1,,,,,,,,,,,,,,,,,3,,,,,1,1,,1,,,,,,,,154,,,,,,,,,,,,,,,,,Y,N1,A1200028,10
2026-07-26 10:46:12,data_go_kr,부산광역시,A1200015,동남권원자력의학원원자력병원,7,20260726104303,051-720-5911,,,,,,,,,,,,,,,,,,,1,,,,,,,,,,,,,,,,Y,,,,Y,,Y,Y,,,Y,Y,Y,108,N1,8,N1,Y,,8,N1,9,,1,,,,,,,,,,,,,12,,,,,8,,,,,2,2,2,12,,,1,0,,,,261,,,,,,,,,,,,,,,,,Y,N1,A1200015,11
2026-07-26 10:46:12,data_go_kr,부산광역시,A1200013,부산성모병원(재단법인 천주교부산교구유지재단),5,20260726104510,051-933-7119,Y,Y,,,,,,,,,,,,,,,4,4,1,,,,,,,2,,,,,,1,,,Y,,,,,,Y,N1,,,Y,Y,N1,82,N1,9,Y,Y,7,6,N1,10,4,1,,,,,10,,,,,,,,18,2,,,,7,,,2,,1,1,,6,14,13,1,,,,,373,,,,,,,,,,,,,,4,,,Y,Y,A1200013,12
2026-07-26 10:46:12,data_go_kr,부산광역시,A1200026,좋은문화병원,5,20260726104356,051-630-0909,Y,Y,,,,,,,,,,,,,,,,2,1,,2,,,,,,,,,,,2,Y,,Y,,,,,,Y,N1,,,N1,Y,N1,59,N1,4,Y,Y,-1,0,Y,7,2,1,2,,,,12,,,,,,,,8,,,,,8,,,2,8,2,2,,3,6,17,,,,,1,270,,,,,,,,,,,,,,,,,Y,Y,A1200026,13
2026-07-26 10:46:12,data_go_kr,부산광역시,A1200017,의료법인정화의료재단 봉생기념병원,8,20260726104525,051-664-4119,,,,,,,,,,3,,,,,,,,,,1,0,,,,,,,,,,3,1,,,Y,,,,Y,,Y,Y,,,Y,Y,N1,49,N1,,N1,Y,,8,N1,9,,,2,,11,11,,,,,,,,,,,,,,8,,31,1,,1,2,2,11,,,4,,,,,335,,,,,,,,,,,,,,,,,Y,N1,A1200017,14
2026-07-26 10:46:12,data_go_kr,부산광역시,A1200011,동래봉생병원,2,20260726104301,051-520-5700,,,,,,,,,,,,,,,,,,,1,,1,,,,,2,,,,,,,,,Y,,,,Y,,Y,Y,,,Y,Y,N1,43,N1,3,N1,Y,,7,N1,8,,1,1,,,,,,,,,,,,18,2,,,,7,,,,,1,2,2,11,,,1,,,,,241,,,,,,,,,,,,,,,,,Y,N1,A1200011,15
2026-07-26 10:46:12,data_go_kr,부산광역시,A1200009,의료법인 광혜의료재단 광혜병원,7,20260726104427,051-504-2119,,,,,,,,,,,,,,,,,,,2,,1,,,,,,,,,,,0,,,Y,,,,,,Y,N1,,,N1,Y,N1,72,N1,0,N1,Y,,3,N1,9,,2,1,,,,,,,,,,,,9,,,,,3,,,1,,1,1,,4,,,,,,,,190,,,,,,,,,,,,,,,,,Y,N1,A1200009,16
2026-07-26 10:46:12,data_go_kr,부산광역시,A1200019,학교법인)동의병원,10,20260726104500,051-850-8777,,,,,,,,,,,,,,,,,,,,,1,,,,,,,,,,,,,,Y,,,,Y,,Y,Y,,,Y,Y,Y,109,N1,16,N1,Y,,1,N1,14,,,1,,,,,,,,,,,,23,,,,,5,,,,,2,2,2,7,,,2,1,,,,448,,,,,,,,,,,,,,,,,Y,N1,A1200019,17
2026-07-26 10:46:12,data_go_kr,부산광역시,A1200025,학교법인 춘해병원,9,20260726104424,051-608-0119,,,,,,,,,,,,,,,,,,,,,1,,,,,,,,,,,,,,Y,,,,,,Y,N1,,,N1,Y,N1,55,N1,,N1,Y,,4,N1,9,,,1,,,,,,,,,,,,,,,,,4,,,,,1,1,,3,,,,,,,,201,,,,,,,,,,,,,,,,,Y,N1,A1200025,18
2026-07-26 10:46:12,data_go_kr,부산광역시,A1200045,구포성심병원,4,20260726104337,051-330-2090,,,,,,,,,,,,,,,,,,,,,1,,,,,,,,,,,,,,Y,,,,Y,,Y,Y,,,N1,Y,N1,24,N1,,N1,Y,,4,N1,9,,,1,,,,,,,,,,,,,,,,,4,,,,,1,1,1,4,,,,,,,,243,,,,,,,,,,,,,,,,,Y,N1,A1200045,19
2026-07-26 10:46:12,data_go_kr,부산광역시,A1200006,의료법인 인당의료재단 부민병원,7,20260726104144,051-330-3129,,,,,,,,,,,,,,,,,,,1,,1,,,,,1,,,,,,,,,Y,,,,Y,,Y,Y,,,Y,Y,N1,28,N1,1,N1,Y,,8,N1,10,,1,1,,,,,,,,,,,,18,1,,,,8,,,,,2,3,1,7,,,1,,,,,366,,,,,,,,,,,,,,,,,Y,N1,A1200006,20
2026-07-26 10:46:12,data_go_kr,부산광역시,A1200016,한국보훈복지의료공단 부산보훈병원,7,20260726104257,051-601-6183,,,,,,,,,,,,,,,,,,,1,,1,,,,,1,,,,,,,,,Y,,,,Y,,Y,Y,,,N1,Y,N1,30,N1,6,N1,Y,,7,N1,11,,1,1,,,,,,,,,,,,9,1,,,,7,,,,,2,3,2,11,,,,,,,,452,,,,,,,,,,,,,,,,,Y,N1,A1200016,21
2026-07-26 10:46:12,data_go_kr,부산광역시,A1200021,삼육부산병원,0,20260726104322,051-600-7750,,Y,,,,,,,,,,,,,,,,,1,,,,,,,0,,,,,,,Y,,Y,,,,Y,,Y,Y,,,Y,Y,Y,14,N1,0,Y,Y,,,N1,9,,1,,,,,,,,,,,,,14,1,,,,,,,,1,2,1,1,9,,1,2,1,,,,302,,,,,,,,,,,,,,,,,Y,N1,A1200021,22
2026-07-26 10:46:12,data_go_kr,부산광역시,A1200008,의료법인 은성의료재단 좋은강안병원,8,20260726104513,051-610-9119,,,,,,,,,,,,,,,,,,,1,,2,,,,,1,,,,,,1,,,Y,,,,Y,,Y,Y,,,Y,Y,Y,83,N1,4,N1,Y,,11,N1,18,,1,2,,,,,,,,,,,,30,2,,,,11,,,3,,4,3,3,12,,,5,1,,,,535,,,,,,,,,,,,,,,,,Y,N1,A1200008,23
2026-07-26 10:46:12,data_go_kr,부산광역시,A1200098,의료법인 센텀의료재단 센텀종합병원,2,20260726104050,051-750-5119,,,,,,,,,,,,,,,,,,,,,1,,,,,1,,,,,,,,,Y,,,,Y,,Y,Y,,,N1,Y,N1,25,N1,2,N1,Y,,9,N1,9,,,1,,,,,,,,,,,,16,1,,,,9,,,,,2,2,1,11,,,,,,,,338,,,,,,,,,,,,,,,,,Y,N1,A1200098,24
2026-07-26 10:46:12,data_go_kr,부산광역시,A1200024,부산광역시의료원,16,20260726104414,051-607-2140,,N,,,,,,,,5,,,,,,,,,1,6,1,,,,,,,,,,8,6,N,,Y,,,,Y,,Y,Y,,,Y,Y,N1,122,N1,,N,Y,,7,N1,18,,1,1,,13,14,,,,,,,,,,,,,,7,,29,7,1,1,1,2,19,,2,4,,,,,398,,,,,,,,,,,,,,,,,Y,N1,A1200024,25
2026-07-26 10:46:12,data_go_kr,부산광역시,A1200012,의료법인 행도의료재단 해동병원,3,20260726104435,051-410-6688,,,,,,,,,,,,,,,,,,,1,,,,,,,,,,,,,0,,,Y,,,,,,Y,N1,,,Y,Y,N1,34,N1,4,N1,Y,,3,Y,6,,1,,,,,,,,,,,,,9,,,,,3,,,0,,1,1,,5,,,1,,,,12,256,,,,,,,,,,,,,,,,,Y,N1,A1200012,26
2026-07-26 10:46:12,data_go_kr,부산광역시,A1200014,영도병원,4,20260726104449,051-419-7575,,,,,,,,,,,,,,,,,,,1,,1,,,,,,,,,,,,,,Y,,,,,,Y,N1,,,N1,Y,N1,17,N1,2,N1,Y,,3,N1,7,,1,1,,,,,,,,,,,,10,,,,,3,,,,,1,1,,7,,,,,,,,217,,,,,,,,,,,,,,,,,Y,N1,A1200014,27
2026-07-26 10:46:12,data_go_kr,부산광역시,A1200023,재단법인천주교부산교구유지재단 메리놀병원,7,20260726104508,051-461-2300,,,,,,,,,,,,,,,,,,,,,1,,,,,0,,,,,,,Y,,Y,,,,Y,,Y,Y,,,Y,Y,N1,102,N1,3,N1,Y,,8,N1,9,,,1,,,,,,,,,,,,18,1,,,,8,,,,1,1,1,1,9,,,2,,,,,380,,,,,,,,,,,,,,,,,Y,N1,A1200023,28
2026-07-26 10:46:12,data_go_kr,부산광역시,A1205143,의료법인 인당의료재단 해운대부민병원,5,20260726104144,051-602-8119,,,,,,,,,,,,,,,,,,,1,,,,,,,0,,,,,,1,,,Y,,,,Y,,Y,Y,,,Y,Y,N1,42,N1,6,N1,Y,,8,Y,9,,1,,,,,,,,,,,,,19,2,,,,8,,,3,,2,2,1,10,,,1,,,,1,360,,,,,,,,,,,,,,,,,Y,N1,A1205143,29
2026-07-26 10:46:12,data_go_kr,대구광역시,A1300001,영남대학교병원,21,20260726104237,053-620-3177,Y,Y,,0,,,1,3,,1,0,,,,,,,3,2,10,3,7,,,1,3,6,,,,10,4,Y,,Y,5,,,Y,,Y,Y,,,Y,Y,Y,227,Y,,Y,Y,0,23,Y,28,3,2,3,21,10,15,15,,,,14,,7,,,13,30,,,23,,20,7,2,4,4,4,75,5,11,8,5,5,,1,704,,0,,,1,3,,0,,,,,,,,,Y,Y,A1300001,1
2026-07-26 10:46:12,data_go_kr,대구광역시,A1300002,경북대학교병원,3,20260726104207,053-200-5100,Y,Y,2,3,,,,,,3,,,,,,,,4,,4,,11,,,6,,29,,15,1,9,4,Y,,Y,3,2,5,Y,2,Y,Y,1,4,Y,Y,Y,180,Y,,Y,Y,1,16,N1,25,4,,,20,7,7,15,,,6,7,20,10,11,,,44,,40,17,2,20,5,2,5,5,5,82,8,11,11,9,5,,,582,2,3,,,,,,,,,,,,,2,6,Y,Y,A1300002,2
2026-07-26 10:46:12,data_go_kr,대구광역시,A1300004,대구가톨릭대학교병원,10,20260726104238,053-650-3000,Y,Y,,,,,,,,0,,,,,,,,,1,2,3,,,,,2,,,,,1,3,Y,Y,Y,2,,,Y,,Y,Y,,,Y,Y,Y,313,Y,0,Y,Y,3,19,N1,24,,1,3,,15,25,42,,,,16,,,,0,6,,,,19,,20,9,2,3,3,5,58,20,32,8,3,4,1,,704,,,,,,,,,,,,,,,,,Y,Y,A1300004,3
2026-07-26 10:46:12,data_go_kr,대구광역시,A1300003,계명대학교동산병원,4,20260726104446,053-258-6306,Y,Y,,,,,,,,0,,,,,,,,,2,1,3,,1,,,0,12,,,,4,3,Y,Y,Y,3,,,Y,,Y,Y,6,,Y,Y,Y,295,Y,2,Y,Y,2,24,Y,20,,2,3,,11,13,39,7,,8,15,,,,10,4,20,,,24,,20,16,6,6,5,7,56,13,37,9,4,14,1,2,769,,,,,,,,,,,,,,,,,Y,Y,A1300003,4
2026-07-26 10:46:12,data_go_kr,대구광역시,A1300009,대구파티마병원,-8,20260726104500,053-940-7119,Y,Y,,,,,,,,2,,,,,,,,5,2,3,4,2,,,,3,2,,,,,,Y,,Y,8,,,Y,,Y,Y,,,Y,Y,Y,199,Y,,Y,Y,2,17,N1,25,5,2,5,2,17,8,8,,,,12,,,,,9,4,,,17,,,,2,5,3,4,32,11,19,5,1,1,,,539,,,,,,,,,,,,,,,,,Y,Y,A1300009,5
2026-07-26 10:46:12,data_go_kr,대구광역시,A1300010,칠곡경북대학교병원,8,20260726104508,053-200-2100,Y,Y,,,1,1,,,,4,,,,,,,,3,1,10,2,,2,1,,4,0,4,,,12,13,Y,,Y,,,,Y,,Y,Y,,,Y,Y,Y,275,Y,,Y,Y,8,19,N1,23,7,1,3,,10,15,39,10,2,,,,,,,4,0,8,,19,,20,13,2,8,5,8,52,9,27,9,3,1,,,760,,,1,1,,,,,,,,,,,,,Y,Y,A1300010,6
2026-07-26 10:46:12,data_go_kr,대구광역시,A1300034,드림종합병원,2,20260726104528,053-640-8575,,,,,,,,,,,,,,,,,1,,,,1,,,,,,,,,,,,,,Y,,,,Y,,Y,Y,,,Y,Y,Y,26,N1,,N1,N,,3,N1,8,,,1,,,,,,,,,,,,,,,,,3,,,,,2,1,1,2,,,1,1,,,,159,,,,,,,,,,,,,,1,,,Y,N1,A1300034,7
2026-07-26 10:46:12,data_go_kr,대구광역시,A1300006,의료법인구의료재단구병원,4,20260726104531,053-557-7119,,,,,,,,,,,,,,,,,,,,,1,,,,,0,,,,,,,,,Y,,,,,,Y,N1,,,N1,Y,N1,85,N1,7,N1,Y,,9,N1,10,,,1,,,,,,,,,,,,18,1,,,,9,,,,,3,1,,3,,,,,,,,235,,,,,,,,,,,,,,,,,Y,N1,A1300006,8
2026-07-26 10:46:12,data_go_kr,대구광역시,A1300110,더블유병원,3,20260726104440,053-550-5019,,,,,,,,,,,,,,,,,,,,,1,,,,,,,,,,,,,,Y,,,,,,Y,N1,,,N1,Y,N1,88,N1,,N1,N,,8,Y,10,,,1,,,,,,,,,,,,,,,,,8,,,,,1,1,,1,,,,,,,8,431,,,,,,,,,,,,,,,,,Y,N1,A1300110,9
2026-07-26 10:46:12,data_go_kr,대구광역시,A1300011,한국보훈복지의료공단대구보훈병원,10,20260726104433,053-630-7014,,,,,,,,,,,,,,,,,,,1,,1,,,,,1,,,,,,1,,,Y,,,,Y,,Y,Y,,,N1,Y,N1,51,N1,4,N1,Y,,6,N1,12,,1,1,,,,,,,,,,,,13,1,,,,6,,,1,,1,3,2,9,,,,,,,,406,,,,,,,,,,,,,,,,,Y,N1,A1300011,10
2026-07-26 10:46:12,data_go_kr,대구광역시,A1300045,삼일병원,6,20260726104441,053-659-3119,,,,,,,,,,,,,,,,,,,1,,,,,,,,,,,,,,,,Y,,,,Y,,Y,Y,,,N1,Y,N1,59,N1,,N1,N,,3,N1,14,,1,,,,,,,,,,,,,,,,,,4,,,,,3,2,1,3,,,,,,,,299,,,,,,,,,,,,,,,,,Y,N1,A1300045,11
2026-07-26 10:46:12,data_go_kr,대구광역시,A1300038,나사렛종합병원,4,20260726104127,053-643-3119,,,,3,,,,,,,,,,,,,,,,,1,,,,,1,,,,,,,,,Y,,,,Y,,Y,Y,,,Y,Y,N1,30,N1,4,N1,Y,,5,N1,9,,,1,,,,,,,,,,,,28,1,,,,5,,,,,2,2,2,5,,,1,,,,,231,,9,,,,,,,,,,,,,,,Y,N1,A1300038,12
2026-07-26 10:46:12,data_go_kr,대구광역시,A1300018,강남종합병원,14,20260726103714,053-980-9018,,,,,,,,,,,,,,,,,,,1,,,,,,,,,,,,,1,,,Y,,,,,,Y,N1,,,N1,Y,N1,58,N1,,N1,Y,,7,N1,15,,1,,,,,,,,,,,,,,,,,,7,,,1,,2,2,,2,,,,,,,,207,,,,,,,,,,,,,,,,,Y,N1,A1300018,13
2026-07-26 10:46:12,data_go_kr,대구광역시,A1300005,대구가톨릭대학교칠곡가톨릭병원,3,20260726104226,053-320-2111,,,,,,,,,,,,,,,,,,,,,1,,,,,,,,,,,,,,Y,,,,,,Y,N1,,,N1,Y,N1,34,N1,,N1,Y,,3,N1,9,,,1,,,,,,,,,,,,,,,,,3,,,,,2,2,,1,,,,,,,,161,,,,,,,,,,,,,,,,,Y,N1,A1300005,14
2026-07-26 10:46:12,data_go_kr,대구광역시,A1300076,대구굿모닝병원,14,20260726104510,053-620-9119,,,,,,,,,,,,,,,,,,,1,,1,,,,,1,,,,,,,,,Y,,,,Y,,Y,Y,,,N1,Y,N1,74,N1,0,N1,Y,,4,N1,17,,1,1,,,,,,,,,,,,26,1,,,,4,,,,,2,4,2,13,,,,,,,,226,,,,,,,,,,,,,,,,,Y,N1,A1300076,15
2026-07-26 10:46:12,data_go_kr,대구광역시,A1300007,대구의료원,13,20260726104502,053-560-7288,,Y,,,,,,,,,,,,,,,,,1,,1,,,,,0,,,,,1,1,Y,,Y,,,,,,Y,N1,,,N1,Y,N1,46,N1,5,Y,Y,,4,N1,18,,1,1,,,,,,,,,,,,18,1,,,,4,,82,3,1,1,1,,13,,4,,,,,,254,,,,,,,,,,,,,,,,,Y,N1,A1300007,16
2026-07-26 10:46:12,data_go_kr,대구광역시,A1300081,(재)미리내천주성삼성직수도회천주성삼병원,1,20260726104501,053-790-0555,,,,,,,,,,,,,,,,,,,,,1,,,,,,,,,,,,,,Y,,,,,,Y,N1,,,N1,Y,N1,17,N1,,N1,Y,,4,N1,9,,,1,,,,,,,,,,,,,,,,,4,,,,,1,2,,4,,,,,,,,294,,,,,,,,,,,,,,,,,Y,N1,A1300081,17
2026-07-26 10:46:12,data_go_kr,대구광역시,A1300008,곽병원,6,20260726104450,053-605-3333,,,,,,,,,,,,,,,,,,,,,2,,,,,,,,,,,,,,Y,,,,,,Y,N1,,,N1,Y,N1,14,N1,,N1,Y,,4,N1,10,,,2,,,,,,,,,,,,,,,,,4,,,,,1,1,,2,,,,,,,,221,,,,,,,,,,,,,,,,,Y,N1,A1300008,18
2026-07-26 10:46:12,data_go_kr,대구광역시,A1303386,계명대학교대구동산병원,8,20260726104402,053-250-8481,,,,,,,,,,,,,,,,,,,1,,1,,,,,0,,,,,,,N,,Y,,,,Y,,Y,Y,,,Y,Y,N1,38,N,0,N1,Y,,3,N1,12,,1,1,,,,,,,,,,,,7,5,,,,3,,,,0,2,1,1,6,,,6,,0,,,196,,,,,,,,,,,,,,,,,Y,N1,A1303386,19
2026-07-26 10:46:12,data_go_kr,인천광역시,A1400001,의료법인 길의료재단 길병원,8,20260726104235,032-460-3012,Y,Y,2,1,1,1,,0,,7,,,,,2,,,9,,5,,5,,2,3,4,25,3,9,2,11,12,Y,,Y,2,1,6,Y,2,Y,Y,,0,Y,Y,Y,430,Y,,Y,Y,0,1,Y,23,9,,,18,38,11,30,,2,,14,20,6,4,,11,30,6,47,3,2,18,13,3,6,6,7,113,19,40,19,10,6,,1,995,2,3,1,1,,2,,,,,,3,,,2,6,Y,Y,A1400001,1
2026-07-26 10:46:12,data_go_kr,인천광역시,A1400002,인하대학교의과대학부속병원,5,20260726104106,032-890-2301,Y,Y,,,1,1,,,,2,,,,,,,,2,2,0,4,1,0,0,3,0,4,4,,,3,7,Y,Y,Y,,,,Y,,Y,Y,,,Y,Y,Y,228,Y,1,Y,Y,1,15,Y,20,7,2,5,20,25,13,27,3,2,,,,7,,23,3,30,6,,16,,15,7,4,6,3,5,109,17,27,13,9,7,1,2,681,,,1,1,,,,,,,,,,,,,Y,Y,A1400002,2
2026-07-26 10:46:12,data_go_kr,인천광역시,A1400010,검단탑병원,12,20260726104156,032-590-0077,,,,,,,,,,,,,,,,,,,1,,2,,,,,0,,,,,,0,,,Y,,,,Y,,Y,Y,,,Y,Y,N1,51,N1,7,N1,Y,,6,N1,18,,1,2,,,,,,,,,,,,15,3,,,,6,,,2,,2,2,1,11,,,1,,,,,279,,,,,,,,,,,,,,,,,Y,N1,A1400010,3
2026-07-26 10:46:12,data_go_kr,인천광역시,A1403372,인천세종병원,8,20260726104509,032-240-8119,,,,,,,,,,,,,,,,,,,3,,,1,,,,1,2,,,,,3,,,Y,,,,Y,,Y,Y,,,Y,Y,Y,89,Y,9,N1,Y,,7,N1,18,,3,,2,,,,,,,,,,,20,2,3,,,7,,,6,,2,2,3,13,,,4,5,1,,,274,,,,,,,,,,,,,,,,,Y,N1,A1403372,4
2026-07-26 10:46:12,data_go_kr,인천광역시,A1400014,의료법인인성의료재단한림병원,12,20260726104229,032-540-9119,,,,,,,,,,,,,,,,,,,2,,0,,,,,2,,,,,,2,Y,,Y,,,,Y,,Y,Y,,,Y,Y,Y,63,N1,1,N1,Y,,6,N1,17,,2,2,,,,,,,,,,,,21,2,,,,6,,,2,1,3,2,2,20,,,3,3,,,,391,,,,,,,,,,,,,,,,,Y,N1,A1400014,5
2026-07-26 10:46:12,data_go_kr,인천광역시,A1400016,인천사랑병원,10,20260726104040,032-457-2119,,Y,,,,,,,,,,,,,,,4,,1,,2,,,,,1,0,,,,,1,Y,,Y,,,,Y,,Y,Y,,,Y,Y,N1,28,Y,14,Y,Y,,7,N1,14,,1,2,,,,,,,,,,,,17,1,5,,,7,,,1,1,2,1,1,12,,1,2,,1,,,281,,,,,,,,,,,,,,4,,,Y,N1,A1400016,6
2026-07-26 10:46:12,data_go_kr,인천광역시,A1400012,가톨릭대학교 인천성모병원,2,20260726104509,032-280-6107,Y,Y,,,,,,,,-1,,,,,,,,3,3,0,3,6,,,,0,,,,,,3,Y,,Y,7,,,Y,,Y,Y,,,Y,Y,Y,160,Y,,Y,Y,0,17,N1,19,4,3,5,12,15,18,13,,,,15,,,,,10,,,,17,,,9,1,4,4,5,53,5,14,11,5,4,,,579,,,,,,,,,,,,,,,,,Y,Y,A1400012,7
2026-07-26 10:46:12,data_go_kr,인천광역시,A1400013,안은의료재단 부평세림병원,11,20260726104524,032-509-5777,,,,,,,,,,,,,,,,,,,1,,3,2,,,,1,1,,,,,2,,,Y,,,,Y,,Y,Y,,,Y,Y,Y,39,N1,5,N1,Y,,3,N1,16,,1,3,2,,,,,,,,,,,11,2,3,,,4,,,2,,3,2,1,9,,,1,1,,,,234,,,,,,,,,,,,,,,,,Y,N1,A1400013,8
2026-07-26 10:46:12,data_go_kr,인천광역시,A1400015,가톨릭관동대학교국제성모병원,10,20260726104414,032-290-3065,Y,Y,5,0,,,,,,4,,,18,,,,,2,0,,0,,,,,,,,,,3,3,Y,,Y,-4,,,Y,,Y,Y,,,Y,Y,N,241,Y,,Y,Y,,11,N1,23,3,0,0,,40,,,,,,13,,,,,,,,,11,,11,3,2,3,2,3,34,2,11,6,2,1,,,641,5,0,,,,,,,,21,,,,,,,Y,Y,A1400015,9
2026-07-26 10:46:12,data_go_kr,인천광역시,A1400003,의료법인 루가의료재단 나은병원,10,20260726104514,032-584-4119,,Y,,,,,,,,4,,,,,,,7,,1,5,2,,,,,3,,,,,,8,Y,,Y,,,,Y,,Y,Y,,,Y,Y,Y,92,Y,,Y,Y,,10,N1,11,,1,2,,14,13,,,,,,,,,,3,,,,10,,,9,1,2,2,3,17,,1,3,1,1,,,367,,,,,,,,,,,,,,7,,,Y,N1,A1400003,10
2026-07-26 10:46:12,data_go_kr,인천광역시,A1400011,의료법인 나사렛의료재단 나사렛국제병원,16,20260726104357,032-899-9699,,,,,,,,,,,,,,,,,,,1,,2,,,,,1,,,,,,,,,Y,,,,Y,,Y,Y,,,Y,Y,N1,68,N1,2,N1,Y,,5,N1,17,,1,2,,,,,,,,,,,,16,1,,,,5,,,,,2,2,2,8,,,2,,,,,282,,,,,,,,,,,,,,,,,Y,N1,A1400011,11
2026-07-26 10:46:12,data_go_kr,인천광역시,A1403617,비에스종합병원,7,20260726104148,032-290-0119,,Y,,,,,,,,,,,,,,,,,1,,,,,,,1,,,,,,,Y,,Y,,,,Y,,Y,Y,,,Y,Y,N1,98,N1,5,Y,N1,1,2,N1,10,,1,,,,,1,,,,,,,,18,1,,,,2,,,,1,1,,1,6,,1,1,,,,,180,,,,,,,,,,,,,,,,,Y,N1,A1403617,12
2026-07-26 10:46:12,data_go_kr,인천광역시,A1400005,온누리병원,7,20260726104059,032-568-9112,,,,,,,,,,,,,,,,,,,1,,1,,,,,,,,,,,,,,Y,,,,,,Y,N1,,,N1,Y,N1,44,N1,,N1,Y,,3,N1,9,,1,1,,,,,,,,,,,,,,,,,3,,,,,1,1,,5,,,,,,,,190,,,,,,,,,,,,,,,,,Y,N1,A1400005,13
2026-07-26 10:46:12,data_go_kr,인천광역시,A1403871,인천힘찬종합병원,9,20260726104200,032-459-3168,,,,,,,,,,,,,,,,,,,1,,2,,,,,0,,,,,,,,,Y,,,,,,Y,N1,,,N1,Y,N1,63,N1,2,N1,Y,,7,N1,17,,1,2,,,,,,,,,,,,8,1,,,,7,,,,,2,2,,1,,,,,,,,235,,,,,,,,,,,,,,,,,Y,N1,A1403871,14
2026-07-26 10:46:12,data_go_kr,인천광역시,A1400004,현대유비스병원,14,20260726104128,032-890-5582,,,,,,,,,,,,,,,,,,,1,,,,,,,1,,,,,,,,,Y,,,,Y,,Y,Y,,,Y,Y,N1,18,N1,5,N1,Y,,6,N1,18,,1,,,,,,,,,,,,,13,1,,,,6,,,,,2,2,1,8,,,2,,,,,285,,,,,,,,,,,,,,,,,Y,N1,A1400004,15
2026-07-26 10:46:12,data_go_kr,인천광역시,A1400008,(의)성세의료재단 뉴성민병원,8,20260726104134,032-726-1119,,,,,,,,,,,,,,,0,,,,,,1,,,,,2,,,,,,,,,Y,,,,,,Y,N1,,,Y,Y,N1,129,N1,9,N1,Y,,6,Y,9,,,1,,,,,,,,,,,,17,2,,,,6,,,,,2,2,,11,,,2,,,,1,265,,,,,,,,,,,,0,,,,,Y,N1,A1400008,16
2026-07-26 10:46:12,data_go_kr,인천광역시,A1400018,인천적십자병원,8,20260726104107,032-899-4119,,,,,,,,,,,,,,,,,,,1,,1,,,,,,,,,,,,,,Y,,,,,,Y,N1,,,N1,Y,N1,65,N1,3,N1,Y,,3,N1,8,,1,1,,,,,,,,,,,,8,,,,,3,,,,,1,1,,2,,,,,,,,104,,,,,,,,,,,,,,,,,Y,N1,A1400018,17
2026-07-26 10:46:12,data_go_kr,인천광역시,A1400037,인천광역시의료원백령병원,5,20260726104501,032-836-1732,Y,Y,,,,,,,,,,,,,,,,,,,1,,,,,,,,,,,,,,Y,,,,,,Y,N1,,,N1,Y,N1,30,N1,,Y,N1,,1,N1,5,,,1,,,,,,,,,,,,,,,,,1,,,,,1,,,1,1,2,,,,,,30,,,,,,,,,,,,,,,,,Y,Y,A1400037,18
2026-07-26 10:46:12,data_go_kr,인천광역시,A1400009,인천기독병원,6,20260726104059,032-270-8300,,,,,,,,,,,,,,,,,,,,,1,,,,,,,,,,,,,,Y,,,1,,,Y,N1,,,N1,Y,N1,36,N1,10,N1,Y,,4,N1,8,,,1,,,,,,,,,,,,10,,,,,4,,,,,1,1,,1,,,,,,,,139,,,,,,,,,,,,,,,,1,Y,N1,A1400009,19
2026-07-26 10:46:12,data_go_kr,인천광역시,A1400017,인천광역시의료원,13,20260726104502,032-580-6119,,,,,,,,,,,,,,,,,,,2,,,,,,,0,,,,,24,7,,,Y,,,,,,Y,N1,,,N1,Y,N1,29,N1,4,N1,Y,,6,N1,15,,2,,,,,,,,,,,,,13,0,,,,6,,45,7,,1,1,,19,,,,,,,,198,,,,,,,,,,,,,,,,,Y,N1,A1400017,20
2026-07-26 10:46:12,data_go_kr,인천광역시,A1400007,의료법인 성수의료재단 인천백병원,4,20260726104527,032-280-8119,,,,,,,,,,,,,,,,,,,,,1,,,,,,,,,,,,,,Y,,,,,,Y,N1,,,Y,Y,N1,42,N1,2,N1,Y,,3,N1,5,,,1,,,,,,,,,,,,12,,,,,4,,,,,2,2,,6,,,1,,,,,189,,,,,,,,,,,,,,,,,Y,N1,A1400007,21
2026-07-26 10:46:12,data_go_kr,대전광역시,A1600006,학교법인건양교육재단건양대학교병원,14,20260726104050,042-600-9119,Y,Y,,0,,,1,1,4,,0,0,0,0,,0,,5,2,,3,10,,,,4,6,,,,11,1,Y,,Y,,,,Y,,Y,Y,,,Y,Y,Y,309,Y,37,Y,Y,0,20,Y,24,5,2,3,16,,,24,,,,,,,,59,5,28,,,20,,20,1,2,4,4,4,46,17,23,10,3,1,,1,658,,0,,,1,3,4,0,0,0,0,,0,,,,Y,Y,A1600006,1
2026-07-26 10:46:12,data_go_kr,대전광역시,A1600001,충남대학교병원,11,20260726104400,042-280-8129,Y,Y,0,0,,,,,,2,,,,,,,0,5,2,5,3,6,2,,3,6,23,,,,16,9,Y,,Y,,,,Y,,Y,Y,,,Y,Y,Y,239,Y,4,Y,Y,9,21,N1,28,6,2,3,20,16,14,34,5,,,,,10,,12,8,30,,,21,,26,14,5,5,4,5,76,12,36,6,8,2,,,966,0,0,,,,,,,,,,,,0,,,Y,Y,A1600001,2
2026-07-26 10:46:12,data_go_kr,대전광역시,A1600002,학교법인을지학원대전을지대학교병원,18,20260726104500,042-259-1119,Y,Y,,,,,,,,5,,0,0,-10,-5,6,3,,2,5,1,,,,3,2,,,3,2,6,,Y,,Y,,1,6,Y,4,Y,Y,,,Y,Y,Y,97,Y,,Y,Y,16,15,N1,21,,2,1,,20,20,20,,,,,20,5,,,11,,,40,15,2,20,,16,4,2,4,70,12,47,7,3,3,,,331,,,,,,,,,0,0,0,0,30,3,2,6,Y,Y,A1600002,3
2026-07-26 10:46:12,data_go_kr,대전광역시,A1600007,의료법인영훈의료재단유성선병원,13,20260726104130,042-609-1119,,,,,,,,,,,,,,,,,,,2,,1,,,,,1,,,,,,1,Y,,Y,,,,Y,,Y,Y,,,Y,Y,Y,99,N1,3,N1,Y,,-4,Y,17,,2,1,,,,,,,,,,,,19,1,,,,7,,,1,1,3,3,2,17,,,2,1,,,1,368,,,,,,,,,,,,,,,,,Y,N1,A1600007,4
2026-07-26 10:46:12,data_go_kr,대전광역시,A1600005,학교법인가톨릭학원가톨릭대학교대전성모병원,15,20260726104509,042-220-9118,Y,Y,,,,,,,,4,,,,,,,,,3,1,,,,,2,0,,,,,,2,Y,,Y,2,,,Y,,Y,Y,1,0,Y,Y,Y,158,N1,,Y,Y,4,11,N1,19,,3,,,15,3,4,,,3,9,,3,2,,1,,,,12,,,4,1,3,2,4,24,5,7,5,2,,,,537,,,,,,,,,,,,,,,,,Y,Y,A1600005,5
2026-07-26 10:46:12,data_go_kr,대전광역시,A1600008,의료법인영훈의료재단대전선병원,12,20260726104113,042-220-8129,,,,,,,,,,,,,,,,,,,1,,3,,,,,-1,,,,,,0,Y,,Y,,,,Y,,Y,Y,,,Y,Y,N1,73,N1,5,N1,Y,,7,N1,17,,1,3,,,,,,,,,,,,24,1,,,,7,,,1,1,2,2,2,11,,,3,,,,,311,,,,,,,,,,,,,,,,,Y,N1,A1600008,6
2026-07-26 10:46:12,data_go_kr,대전광역시,A1600004,대전보훈병원,7,20260726104101,042-939-0100,,,,,,,,,,,,,,,,,,,1,,1,,,,,1,,,,,,1,,,Y,,,,Y,,Y,Y,,,N1,Y,N1,70,N1,3,N1,Y,,5,N1,7,,1,1,,,,,,,,,,,,10,1,,,,5,,,1,,1,3,1,12,,,,,,,,316,,,,,,,,,,,,,,,,,Y,N1,A1600004,7
2026-07-26 10:46:12,data_go_kr,대전광역시,A1600003,대전한국병원,3,20260726104503,042-606-1119,,Y,,,,,,,,,,,,,,,,,1,,,,,,,,,,,,,,Y,,Y,,,,Y,,Y,Y,,,Y,Y,N1,41,N1,5,Y,Y,,4,N1,9,,1,,,,,,,,,,,,,12,,,,,4,,,,4,2,2,2,6,,1,1,,,,,241,,,,,,,,,,,,,,,,,Y,N1,A1600003,8
2026-07-26 10:46:12,data_go_kr,대전광역시,A1602246,대청병원,7,20260726104505,042-589-0119,,,,,,,,,,,,,,,,,,,,,1,,,,,,,,,,,,,,Y,,,,,,Y,N1,,,Y,Y,N1,109,N1,0,N1,Y,,3,N1,9,,,1,,,,,,,,,,,,17,,,,,3,,,,,2,1,,10,,,1,,,,,245,,,,,,,,,,,,,,,,,Y,N1,A1602246,9
2026-07-26 10:46:12,data_go_kr,울산광역시,A1700004,학교법인울산공업학원울산대학교병원,-3,20260726104244,052-250-7000,Y,Y,3,3,,,,0,,5,,,4,,5,,,8,0,11,0,3,,,2,8,14,,2,2,9,0,Y,,Y,,1,5,Y,12,Y,Y,,1,Y,Y,Y,198,Y,3,Y,Y,3,20,N1,21,8,0,0,12,13,16,26,,,,,20,6,2,8,8,36,,42,20,2,20,0,5,7,5,6,83,14,27,17,8,4,,,725,3,3,,,,8,,,,4,,5,,,2,6,Y,Y,A1700004,1
2026-07-26 10:46:12,data_go_kr,울산광역시,A1700028,의료법인정안의료재단중앙병원,7,20260726104510,052-226-1119,,,,,,,,,,,,,,,,,,,1,,2,1,,,,2,3,,,,,0,,,Y,,,,Y,,Y,Y,,,Y,Y,N1,74,N1,1,N1,Y,,8,N1,17,,1,2,2,,,,,,,,,,,18,2,4,,,8,,,1,,2,2,2,7,,,2,,,,,335,,,,,,,,,,,,,,,,,Y,N1,A1700028,2
2026-07-26 10:46:12,data_go_kr,울산광역시,A1700003,울산병원,15,20260726104501,052-259-5119,,,,,,,,,,,,,,,,,,,1,,2,1,,,,0,2,,,,,,,,Y,,,,Y,,Y,Y,,,Y,Y,Y,54,Y,10,N1,Y,,4,Y,19,,1,2,2,,,,,,,,,,,17,1,3,,,4,,,,,2,2,3,12,,,4,1,2,,2,343,,,,,,,,,,,,,,,,,Y,N1,A1700003,3
2026-07-26 10:46:12,data_go_kr,울산광역시,A1700025,의료법인송은의료재단울산시티병원,13,20260726104505,052-280-9119,,,,,,,,,,,,,,,,,,,1,,2,0,,,,2,2,,,,,,,,Y,,,,Y,,Y,Y,,,Y,Y,N1,53,N1,8,N1,Y,,8,N1,17,,1,2,2,,,,,,,,,,,24,3,3,,,8,,,,,2,2,2,17,,,4,,,,,347,,,,,,,,,,,,,,,,,Y,N1,A1700025,4
2026-07-26 10:46:12,data_go_kr,울산광역시,A1700002,의료법인동강의료재단동강병원,20,20260726104442,052-241-1190,,,,,,,,,,4,,,,,,,,,1,0,2,1,,,3,1,0,,,,,0,,Y,Y,,,,Y,,Y,Y,,,Y,Y,Y,165,N1,,N1,Y,,7,N1,24,,1,2,2,14,9,,,,,,,13,,,1,3,,,8,,,2,,3,2,4,25,,,7,5,,1,,513,,,,,,,,,,,,,,,,,Y,N1,A1700002,5
2026-07-26 10:46:12,data_go_kr,울산광역시,A1700011,의료법인은성의료재단좋은삼정병원,4,20260726104447,052-220-7600,,,,,,,,,,,,,,,,,,,,,1,,,,,0,,,,,,1,,,Y,,,,Y,,Y,Y,,,Y,Y,N1,53,N1,3,N1,Y,,7,N1,9,,,1,,,,,,,,,,,,14,1,,,,8,,,1,,2,2,1,5,,,1,,,,,283,,,,,,,,,,,,,,,,,Y,N1,A1700011,6
2026-07-26 10:46:12,data_go_kr,울산광역시,A1700001,서울산보람병원,1,20260726104432,052-255-7119,,,,,,,,,,,,,,,,,,,,,1,,,,,,,,,,,,,,Y,,,,,,Y,N1,,,N1,Y,N1,96,N1,,N1,Y,,3,N1,10,,,1,,,,,,,,,,,,,,,,,3,,,,,1,1,,1,,,,,,,,213,,,,,,,,,,,,,,,,,Y,N1,A1700001,7
2026-07-26 10:46:12,data_go_kr,세종특별자치시,A1800441,세종충남대학교병원,6,20260726104400,044-995-3010,Y,Y,,,1,1,,,,,,,,,,,,4,1,,2,,,1,,1,,5,,,,3,Y,,Y,,,,Y,,Y,Y,,,Y,Y,Y,92,Y,4,Y,Y,-2,8,N1,17,6,1,2,,,,19,,2,,,,,,11,2,,6,,8,,,4,3,2,2,3,29,7,19,5,3,2,,,299,,,1,1,,,,,,,,,,,,,Y,Y,A1800441,1
2026-07-26 10:46:12,data_go_kr,세종특별자치시,A1800417,의료법인 영제 의료재단 엔케이세종병원,8,20260726104258,044-850-7777,,,,,,,,,,,,,,,,,,,,,1,,,,,,,,,,,,,,Y,,,,,,Y,N1,,,N1,Y,N1,138,N1,,N1,Y,,3,N1,10,,,1,,,,,,,,,,,,,,,,,3,,,,,1,1,,1,,,,,,,,200,,,,,,,,,,,,,,,,,Y,N1,A1800417,2
2026-07-26 10:46:12,data_go_kr,경기도,A2100042,의료법인명지의료재단명지병원,8,20260726104500,031-810-7119,Y,Y,3,2,,3,1,0,1,,0,0,0,0,0,0,,0,0,,1,4,,,,4,10,,,,0,0,Y,Y,Y,,,,Y,,Y,Y,,,Y,Y,Y,164,Y,10,Y,Y,3,12,Y,15,0,0,3,16,,,3,,,,,,,,31,4,28,,,13,,0,0,2,6,3,5,49,4,5,8,5,2,1,2,443,3,2,,3,4,3,2,0,0,0,0,0,0,,,,Y,Y,A2100042,1
2026-07-26 10:46:12,data_go_kr,경기도,A2100033,국민건강보험공단일산병원,14,20260726104503,031-900-0761,Y,Y,,,,,0,,1,4,,0,0,,0,0,,0,2,7,3,0,,,3,2,9,,,,4,0,Y,,Y,,,,Y,,Y,Y,,,Y,Y,Y,162,N1,,Y,Y,5,1,N1,23,5,2,3,19,10,16,25,,,,,,6,,,11,29,,,2,,28,4,2,4,3,3,60,8,28,13,5,,,,659,,,,,1,,1,,0,0,,0,0,,,,Y,Y,A2100033,2
2026-07-26 10:46:12,data_go_kr,경기도,A2100005,순천향대학교부속부천병원,10,20260726104121,032-621-5117,Y,Y,2,1,,,,,,5,,0,,0,0,,,3,0,7,0,8,,,,4,18,,,,,4,Y,Y,Y,,,2,Y,,Y,Y,,,Y,Y,Y,287,Y,9,Y,Y,2,20,Y,17,5,0,0,20,16,15,24,,,,,,,,22,8,34,,,21,,,7,1,4,3,5,71,9,31,17,4,3,1,1,674,2,3,,,,,,,0,,0,0,,,,5,Y,Y,A2100005,3
2026-07-26 10:46:12,data_go_kr,경기도,A2100001,분당서울대학교병원,-7,20260726104300,031-787-3119,Y,Y,,,,,,3,,4,,,5,9,,,,4,2,2,3,2,0,,4,0,9,,,,1,3,Y,,Y,2,,2,Y,,Y,Y,,,Y,Y,Y,155,Y,1,Y,Y,0,39,N1,30,5,2,3,15,13,13,35,6,,,10,,9,,8,1,30,,,39,,15,3,3,11,11,11,128,17,39,16,8,8,,,1247,,,,,,5,,,,5,9,,,,,2,Y,Y,A2100001,4
2026-07-26 10:46:12,data_go_kr,경기도,A2100030,차의과학대학교분당차병원,11,20260726104028,031-780-5840,Y,Y,2,3,1,1,0,0,,0,,,0,,0,,0,4,,3,,0,,0,0,1,13,6,,,11,,Y,,Y,0,,,Y,,Y,Y,,,Y,Y,Y,221,Y,,Y,Y,8,25,N1,22,11,,,14,8,9,35,,2,,7,,6,,,4,43,6,,26,,22,,8,5,3,4,40,26,46,6,2,2,,,726,2,3,1,1,2,2,,,,0,,1,,0,,,Y,Y,A2100030,5
2026-07-26 10:46:12,data_go_kr,경기도,A2100002,아주대학교병원,9,20260726104517,031-219-7777,Y,Y,2,6,1,3,,0,,3,,,,0,0,,0,5,0,4,0,7,,0,5,0,25,3,1,2,5,5,Y,,Y,5,2,6,Y,1,Y,Y,0,5,Y,Y,Y,198,Y,,Y,Y,6,25,N1,30,9,0,0,16,14,10,36,,2,6,13,40,7,11,,3,42,6,60,25,3,20,8,3,8,6,9,126,27,34,32,9,7,,,792,2,6,1,4,,2,,,,,0,0,,0,2,6,Y,Y,A2100002,6
2026-07-26 10:46:12,data_go_kr,경기도,A2100003,고려대학교의과대학부속안산병원,11,20260726104343,031-412-5381,Y,Y,2,3,,,0,,,0,,,,,,,,4,,13,3,5,,,1,0,25,,,,9,5,Y,,Y,,,,Y,,Y,Y,,,Y,Y,Y,181,Y,0,Y,Y,1,20,N1,22,4,,3,18,10,13,25,,,,,,10,,6,3,30,,,20,,16,10,2,3,4,4,66,15,19,8,5,3,,,605,2,3,,,2,,,,,,,,,,,,Y,Y,A2100003,7
2026-07-26 10:46:12,data_go_kr,경기도,A2100004,한림대학교성심병원,10,20260726104256,031-380-1500,Y,Y,0,5,,,0,,,0,,,,,,,,2,2,4,4,4,,,,1,18,,,,12,3,Y,Y,Y,,,,Y,,Y,Y,0,5,Y,Y,Y,142,Y,,Y,Y,5,19,N1,25,3,2,4,19,27,16,9,,,8,,,,18,,3,30,,,19,,20,14,2,4,3,6,102,8,10,20,14,2,1,,610,0,5,,,1,,,,,,,,,,,,Y,Y,A2100004,8
2026-07-26 10:46:12,data_go_kr,경기도,A2100040,가톨릭대학교의정부성모병원,17,20260726104508,031-820-5200,Y,Y,,,,,0,0,,,,,,,,,,10,2,,4,2,,,1,0,16,,8,2,,,Y,,Y,,2,6,Y,1,Y,Y,,,Y,Y,Y,202,Y,2,Y,Y,-1,12,N1,42,11,2,4,18,,,15,,,,,20,6,,26,4,30,,53,13,2,,,3,4,3,4,54,10,28,12,4,3,,,519,,,,,1,1,,,,,,,,,2,6,Y,Y,A2100040,9
2026-07-26 10:46:12,data_go_kr,경기도,A2100047,동국대학교일산불교병원,10,20260726104504,031-961-7777,Y,Y,,,,,,,,7,,,,,,,2,3,1,6,3,,,,,1,,,,,15,0,Y,,Y,,,,Y,,Y,Y,,,Y,Y,Y,189,Y,,Y,Y,11,11,N1,19,3,1,3,,16,13,13,,,,,,,,,4,,,,12,,15,0,8,2,2,2,19,13,25,4,2,1,,,463,,,,,,,,,,,,,,3,,,Y,Y,A2100047,10
2026-07-26 10:46:12,data_go_kr,경기도,A2100038,인제대학교일산백병원,22,20260726104333,031-910-7114,N,N,,,,,,,,0,,,,,,,,,3,1,1,,,,,0,,,,,5,1,Y,,Y,,,,Y,,Y,Y,,1,Y,Y,Y,201,Y,,N,Y,,16,N1,34,,3,3,,25,32,,,,,,,,4,,4,,,,17,,16,2,3,3,3,4,54,18,22,7,3,1,,,545,,,,,,,,,,,,,,,,,Y,N,A2100038,11
2026-07-26 10:46:12,data_go_kr,경기도,A2118788,중앙대학교광명병원,14,20260726104507,02-2222-1351,Y,Y,0,0,,,,,,,,,,,,,,,1,,1,,,,5,3,,,,,,2,Y,,Y,,,,Y,,Y,Y,4,,Y,Y,Y,244,Y,12,Y,Y,1,16,N1,21,,1,2,,,,16,,,5,,,5,,24,6,,,,17,,,2,2,2,2,5,28,6,16,5,4,10,,,576,0,0,,,,,,,,,,,,,,,Y,Y,A2118788,12
2026-07-26 10:46:12,data_go_kr,경기도,A2100007,광명성애병원,3,20260726104446,02-2680-7116,Y,Y,,,,,,,,,,,,,,5,,4,1,,2,,,,,0,,,,,,,Y,,Y,,,,Y,,Y,Y,,,Y,Y,N1,61,N1,10,Y,Y,,5,N1,11,4,1,4,,,,,,,,,,,,13,1,,,,5,,,,2,2,2,1,12,2,5,1,,,,,189,,,,,,,,,,,,,50,,,,Y,Y,A2100007,13
2026-07-26 10:46:12,data_go_kr,경기도,A2100155,참조은병원,-1,20260726104345,031-881-9119,,,,,,,,,,,,,,0,0,,6,1,1,,3,,,,,3,,,,,,1,,,Y,,,,Y,,Y,Y,,,Y,Y,N1,51,Y,-3,N1,Y,,7,N1,9,1,1,3,,,,,,,,,,,,22,3,,,,7,,,2,,3,3,2,18,,,3,,2,,,286,,,,,,,,,,,0,0,,6,,,Y,N1,A2100155,14
2026-07-26 10:46:12,data_go_kr,경기도,A2100039,한양대학교구리병원,7,20260726104259,1644-9118,Y,Y,,,,,,,,0,,,,,,,,,1,2,4,,,,,,,,,,,4,Y,,Y,,,,Y,,Y,Y,,,Y,Y,Y,161,Y,,Y,Y,1,9,N1,18,,1,4,,17,14,10,,,,,,,,,,,,,9,,,5,1,3,2,3,21,6,14,4,2,2,,,488,,,,,,,,,,,,,,,,,Y,Y,A2100039,15
2026-07-26 10:46:12,data_go_kr,경기도,A2100054,효산의료재단지샘병원,13,20260726104044,031-389-3119,,,,,,,,,,,,,,,,,1,,2,,1,,,,,1,,,,,,1,,,Y,,,,Y,,Y,Y,,,Y,Y,N1,77,N1,3,N1,Y,,4,N1,18,,2,1,,,,,,,,,,,,18,1,,,,5,,,2,,2,1,3,11,,,2,,,,,367,,,,,,,,,,,,,,1,,,Y,N1,A2100054,16
2026-07-26 10:46:12,data_go_kr,경기도,A2100048,원광대학교산본병원,16,20260726104005,031-390-2345,,,,,,,,,,,,,,,,,,,1,,2,,,,,,,,,,,,Y,,Y,,,,Y,,Y,Y,,,Y,Y,N1,80,N1,7,N1,Y,,5,N1,17,,1,2,,,,,,,,,,,,12,,,,,5,,,,1,1,1,1,1,,,2,,,,,188,,,,,,,,,,,,,,,,,Y,N1,A2100048,17
2026-07-26 10:46:12,data_go_kr,경기도,A2100053,의료법인우리의료재단김포우리병원,5,20260726104536,031-999-1119,,,,,,,,,,,,,,0,0,0,,,1,,6,,,,,0,,,,,,3,,,Y,,,,Y,,Y,Y,,,Y,Y,Y,75,Y,0,N1,Y,,6,N1,22,,1,6,,,,,,,,,,,,36,1,,,,7,,,11,,2,2,2,48,,,4,1,2,,,477,,,,,,,,,,,0,0,0,,,,Y,N1,A2100053,18
2026-07-26 10:46:12,data_go_kr,경기도,A2100006,의료법인인봉의료재단뉴고려병원,7,20260726104039,031-980-9119,,,,,,,,,,,,,,,,,3,,1,,2,,,,,7,,,,,,,,,Y,,,,Y,,Y,Y,,,Y,Y,N1,89,N1,5,N1,Y,,6,N1,14,,1,2,,,,,,,,,,,,24,10,,,,6,,,,,2,2,2,7,,,1,,,,,278,,,,,,,,,,,,,,3,,,Y,N1,A2100006,19
2026-07-26 10:46:12,data_go_kr,경기도,A2100041,남양주한양병원,17,20260726104536,031-510-0119,,,,,,,,,,,,,,,,,,,1,,2,,,,,11,,,,,,,,,Y,,,,Y,,Y,Y,,,Y,Y,N1,89,N1,5,N1,Y,,,Y,17,,1,2,,,,,,,,,,,,17,23,,,,,,,,,2,2,1,33,,,2,,,,1,244,,,,,,,,,,,,,,,,,Y,N1,A2100041,20
2026-07-26 10:46:12,data_go_kr,경기도,A2100037,현대병원,15,20260726051247,031-574-0114,,,,,,,,,,,,,,,,,,,3,,,,,,,1,,,,,,,,,Y,,,,Y,,Y,Y,,,Y,Y,N1,68,Y,0,N1,Y,,7,N1,17,,3,,,,,,,,,,,,,19,20,,,,7,,,,,2,2,2,50,,,17,,2,,,342,,,,,,,,,,,,,,,,,Y,N1,A2100037,21
2026-07-26 10:46:12,data_go_kr,경기도,A2100055,부천세종병원,13,20260726104510,032-340-1119,Y,Y,,,,,,,,,,,,,,,,,1,,1,1,,,,0,1,,,,,1,Y,,Y,,,,Y,,Y,Y,,,Y,Y,Y,87,Y,1,Y,Y,,6,N1,17,,1,2,2,,,,,,,,,,,20,2,3,,,6,,,6,1,2,1,5,18,1,1,5,4,1,,,268,,,,,,,,,,,,,,,,,Y,Y,A2100055,22
2026-07-26 10:46:12,data_go_kr,경기도,A2100052,가톨릭대학교부천성모병원,14,20260726104508,032-340-2100,Y,Y,,,,,,,,0,,,,,,,3,,2,0,1,,,,,0,,,,,,2,Y,,Y,2,,,Y,,Y,Y,,,Y,Y,Y,221,Y,,Y,Y,9,13,N1,31,,2,1,,16,12,10,,,,18,,,,,4,,,,14,,,4,3,3,3,3,28,4,14,11,1,2,,,562,,,,,,,,,,,,,,3,,,Y,Y,A2100052,23
2026-07-26 10:46:12,data_go_kr,경기도,A2100025,대진의료재단분당제생병원,4,20260726104500,031-779-0119,Y,Y,,,,,,,,4,,,7,,,,,3,1,7,2,,,,,2,,,,,,0,Y,Y,Y,,,,Y,,Y,Y,,,Y,Y,Y,148,Y,,Y,Y,1,9,N1,24,3,1,2,,11,14,3,,,,,,,,,4,,,,9,,,2,2,4,3,3,22,1,5,5,2,3,1,,484,,,,,,,,,,7,,,,,,,Y,Y,A2100025,24
2026-07-26 10:46:12,data_go_kr,경기도,A2116806,성남시의료원,13,20260726104500,031-738-7300,,,,,,,,,,,,,,,,,,6,2,18,4,,,,,3,,,,,,28,,,Y,,,,Y,,Y,Y,,,Y,Y,Y,107,Y,,N1,Y,,8,Y,17,6,2,4,,,25,,,,,,,,,,5,,,,8,,,28,,3,2,2,31,,,6,3,1,,2,241,,,,,,,,,,,,,,,,,Y,N1,A2116806,25
2026-07-26 10:46:12,data_go_kr,경기도,A2117135,의료법인명인의료재단화홍병원,10,20260726103610,031-8021-6829,Y,,,,,,,,,,,,,,,,,,2,,3,,,,,0,,,,,,,,,Y,,,,,,Y,N1,,,N1,Y,Y,64,N1,13,N1,Y,,6,Y,15,,2,3,,,,,,,,,,,,29,1,,,,6,,,,,2,2,,4,1,,,1,,,1,228,,,,,,,,,,,,,,,,,Y,Y,A2117135,26
2026-07-26 10:46:12,data_go_kr,경기도,A2100009,의료법인녹산의료재단동수원병원,8,20260726104123,031-210-0119,,Y,,,,,,,,,,,,,,,,,1,,2,0,,,,0,2,,,,,0,Y,,Y,,,,Y,,Y,Y,,,Y,Y,N1,67,N1,10,Y,Y,,5,N1,17,,1,2,2,,,,,,,,,,,18,3,4,,,5,,,1,1,2,2,1,15,,4,1,,,,,335,,,,,,,,,,,,,,,,,Y,N1,A2100009,27
2026-07-26 10:46:12,data_go_kr,경기도,A2100012,가톨릭대학교성빈센트병원,15,20260726104508,031-249-7370,Y,Y,,,1,1,,,,6,,,,,,,,6,2,8,2,3,,2,8,2,,6,,,9,3,Y,,Y,9,,,Y,,Y,Y,,3,Y,Y,Y,310,Y,,Y,Y,2,19,N1,28,6,2,2,4,20,11,18,,2,,15,,8,8,,5,,6,,19,,30,11,2,5,4,6,52,7,18,12,4,4,,,658,,,1,1,,,,,,,,,,,,,Y,Y,A2100012,28
2026-07-26 10:46:12,data_go_kr,경기도,A2100008,의료법인남촌의료재단시화병원,14,20260726104329,031-5189-0567,,,,,,,,,,,,,,,,,,5,1,,5,,,,,1,,,,,,1,Y,,Y,,,,Y,,Y,Y,,,Y,Y,Y,78,N1,18,N1,Y,,7,N1,16,5,1,5,,,,,,,,,,,,52,1,,,,7,,,1,1,3,3,2,29,,,4,2,,,,461,,,,,,,,,,,,,,,,,Y,N1,A2100008,29
2026-07-26 10:46:12,data_go_kr,경기도,A2100017,대아의료재단한도병원,12,20260726104251,031-8040-1129,,,,,,,,,,,,,,,,,,,1,,2,,,,,1,,,,,,,,,Y,,,,Y,,Y,Y,,,Y,Y,N1,90,N1,11,N1,Y,,6,N1,17,,1,2,,,,,,,,,,,,29,1,,,,6,,,,,3,2,2,15,,,3,,,,,327,,,,,,,,,,,,,,,,,Y,N1,A2100017,30
2026-07-26 10:46:12,data_go_kr,경기도,A2100015,효산의료재단안양샘병원,10,20260726104413,031-467-9119,,,,,,,,,,0,,,,,,,,,1,2,2,,,,,1,,,,,,,,,Y,,,,Y,,Y,Y,,,Y,Y,Y,64,N1,,N1,Y,,6,N1,17,,1,2,,9,9,,,,,,,,,,1,,,,6,,,,,2,1,2,12,,,2,1,,,,307,,,,,,,,,,,,,,,,,Y,N1,A2100015,31
2026-07-26 10:46:12,data_go_kr,경기도,A2100024,오산한국병원,4,20260726104233,031-378-5119,,,,,,,,,,,,,,,,,,,1,,2,1,,,,1,3,,,,,2,,,Y,,,,Y,,Y,Y,,,Y,Y,N1,48,Y,1,N1,Y,,5,N1,17,,1,2,2,,,,,,,,,,,32,1,3,,,5,,,2,,2,2,2,17,,,2,,1,,,259,,,,,,,,,,,,,,,,,Y,N1,A2100024,32
2026-07-26 10:46:12,data_go_kr,경기도,A2100020,연세대학교의과대학용인세브란스병원,13,20260726104148,031-5189-9001,Y,Y,,,,,,,,5,,,,,,,,4,1,6,3,,,,,1,,,,,,2,Y,,Y,,,,Y,,Y,Y,,,Y,Y,Y,128,Y,,Y,Y,0,15,N1,16,6,1,3,,19,16,12,,,,,,,,,2,,,,15,,,4,2,3,3,4,31,6,18,6,3,4,,,597,,,,,,,,,,,,,,,,,Y,Y,A2100020,33
2026-07-26 10:46:12,data_go_kr,경기도,A2100029,강남병원,13,20260726104350,031-300-0119,,,,,,,,,,,,,,,,,,,1,,2,2,,,,1,1,,,,,,,,Y,,,,,,Y,N1,,,Y,Y,N1,23,N1,14,N1,Y,,4,N1,17,,1,2,2,,,,,,,,,,,30,1,3,,,4,,,,,2,2,,7,,,2,,,,,264,,,,,,,,,,,,,,,,,Y,N1,A2100029,34
2026-07-26 10:46:12,data_go_kr,경기도,A2100019,(의)영문의료재단다보스병원,11,20260726104415,031-8021-2130,,,,,,,,,,,,,,,,,4,,1,,2,0,,,,1,1,,,,,,,,Y,,,,,,Y,N1,,,Y,Y,N1,40,N1,1,N1,Y,,6,N1,13,,1,2,2,,,,,,,,,,,23,1,3,,,6,,,,,1,1,,7,,,2,,,,,222,,,,,,,,,,,,,,4,,,Y,N1,A2100019,35
2026-07-26 10:46:12,data_go_kr,경기도,A2117994,학교법인을지학원의정부을지대학교병원,29,20260726104101,031-8074-0119,Y,Y,,,,,,,,3,,,,,,,6,6,1,3,1,,,,,2,,,,,4,2,Y,,Y,,0,0,Y,,Y,Y,,,Y,Y,Y,242,Y,,Y,Y,3,12,N1,30,6,1,2,,29,22,5,,,,,,,,,2,,,,14,,22,6,8,3,3,4,48,5,5,6,3,2,,,588,,,,,,,,,,,,,,8,0,0,Y,Y,A2117994,36
2026-07-26 10:46:12,data_go_kr,경기도,A2100193,경기도의료원이천병원,12,20260726104402,031-630-4333,,,,,,,,,,,,,,,,,,,1,,1,2,,,,2,0,,,,,6,,,Y,,,,,,Y,N1,,,N1,Y,N1,38,N1,1,N1,Y,,4,N1,17,,1,2,2,,,,,,,,,,,6,2,3,,,4,,,6,,1,1,,8,,,,,,,,187,,,,,,,,,,,,,,,,,Y,N1,A2100193,37
2026-07-26 10:46:12,data_go_kr,경기도,A2100035,경기도의료원파주병원,10,20260726104501,031-940-9119,,,,,,,,,,,,,,,,,,,1,,2,1,,,,,1,,,,,,Y,,Y,,,,,,Y,N1,,,N1,Y,N1,84,N1,5,N1,Y,,3,N1,17,,1,2,2,,,,,,,,,,,8,,3,,,3,,,,1,1,1,,9,,,,,,,,189,,,,,,,,,,,,,,,,,Y,N1,A2100035,38
2026-07-26 10:46:12,data_go_kr,경기도,A2100028,의료법인백송의료재단굿모닝병원,6,20260726104333,031-5182-7582,,,,,,,,,,,,,,,,,5,,2,,1,,,,,1,,,,,,,,,Y,,,,Y,,Y,Y,,,Y,Y,Y,102,N1,6,N1,Y,,7,Y,19,,2,1,,,,,,,,,,,,27,3,,,,7,,,,,5,3,3,23,,,5,3,,,1,392,,,,,,,,,,,,,,6,,,Y,N1,A2100028,39
2026-07-26 10:46:12,data_go_kr,경기도,A2113246,의료법인양진의료재단평택성모병원,13,20260726104356,070-5012-0119,,,,,,,,,,,,,,,,0,,,1,,2,2,,,,2,2,,,,,,,,Y,,,,Y,,Y,Y,,,Y,Y,N1,61,N1,14,N1,Y,,6,N1,17,,1,2,2,,,,,,,,,,,34,2,3,,,6,,,,,3,3,2,8,,,2,,,,,329,,,,,,,,,,,,,0,,,,Y,N1,A2113246,40
2026-07-26 10:46:12,data_go_kr,경기도,A2100031,경기도의료원포천병원,17,20260726104502,031-539-9119,,Y,,,,,,,,,,,,,,,,,1,,2,,,,,0,,,,,,0,Y,,Y,,,,,,Y,N1,,,N1,Y,N1,52,N1,2,Y,Y,,4,N1,17,,1,2,,,,,,,,,,,,10,0,,,,4,,,3,3,1,1,,7,,2,,,,,,137,,,,,,,,,,,,,,,,,Y,N1,A2100031,41
2026-07-26 10:46:12,data_go_kr,경기도,A2100046,한림대학교동탄성심병원,24,20260726104430,031-8086-2119,Y,Y,3,0,,,,,,11,,,,,,,,9,,2,,,,,2,6,,,,,,5,Y,Y,Y,,,,Y,,Y,Y,5,,Y,Y,Y,200,Y,,Y,Y,12,19,Y,32,9,,,,28,13,13,,,13,,,9,,,11,,,,20,,,11,1,6,3,6,51,8,16,17,5,5,1,1,515,3,0,,,,,,,,,,,,,,,Y,Y,A2100046,42
2026-07-26 10:46:12,data_go_kr,경기도,A2100290,의료법인자인의료재단(더자인병원),14,20260726104520,031-930-3119,,,,,,,,,,,,,,,,,,,2,,2,2,,,,1,1,,,,,,,,Y,,,,Y,,Y,Y,,,Y,Y,N1,83,N1,5,N1,N,,5,N1,16,,2,2,2,,,,,,,,,,,10,2,3,,,5,,,,,2,2,1,15,,,1,,,,,233,,,,,,,,,,,,,,,,,Y,N1,A2100290,43
2026-07-26 10:46:12,data_go_kr,경기도,A2100049,국립암센터,15,20260726104401,031-920-0119,,N,,,,,,,,,,,,,,,,,,,1,,,,,8,,,,,,,,,Y,,,,Y,,Y,Y,,,Y,Y,Y,144,Y,14,N,Y,,18,N1,24,,,1,,,,,,,,,,,,19,9,,,,18,,,,,7,5,3,29,,1,8,2,7,,,554,,,,,,,,,,,,,,,,,Y,N1,A2100049,44
2026-07-26 10:46:12,data_go_kr,경기도,A2116972,의료법인성광의료재단일산차병원,3,20260726104033,031-782-8587,Y,Y,,,,,,,,,,,,,,,,,,,3,,,,,1,,,,,,1,Y,,,,,,,,Y,N1,,,N1,N1,N1,85,N1,4,Y,N1,0,10,N1,6,,,4,,,,17,,,,,,,,4,1,,,,10,,,1,9,,,,4,11,19,,,,,,179,,,,,,,,,,,,,,,,,Y,Y,A2116972,45
2026-07-26 10:46:12,data_go_kr,경기도,A2118188,엘병원,7,20260726104451,031-527-6119,,,,,,,,,,,,,,,,,,,,,2,,,,,0,,,,,,0,,,Y,,,,,,Y,N1,,,N1,Y,N1,58,N1,6,N1,Y,,3,N1,8,,,2,,,,,,,,,,,,8,1,,,,3,,,1,,1,1,,2,,,,,,,,146,,,,,,,,,,,,,,,,,Y,N1,A2118188,46
2026-07-26 10:46:12,data_go_kr,경기도,A2100050,의료법인대인의료재단다니엘종합병원,0,20260726104503,032-670-0119,,,,,,,,,,,,,,,,,,,1,,3,,,,,1,,,,,,,,,Y,,,,,,Y,N1,,,N,Y,N1,35,N1,9,N1,Y,,3,N1,6,,1,3,,,,,,,,,,,,30,1,,,,3,,,,,1,1,,17,,,1,,,,,169,,,,,,,,,,,,,,,,,Y,N1,A2100050,47
2026-07-26 10:46:12,data_go_kr,경기도,A2100258,국군수도병원,14,20260726104513,031-725-6119,,,,,,,,,,,,,,2,6,,,,0,,,,,,,1,,,16,,2,,,,Y,,,,Y,15,Y,Y,,,Y,Y,Y,150,N1,10,N1,Y,,9,N1,16,,2,,,,,,,,,,20,,,12,1,,,40,9,,15,,,3,4,2,2,,,5,2,,,,530,,,,,,,,,,,2,6,,,,,Y,N1,A2100258,48
2026-07-26 10:46:12,data_go_kr,경기도,A2100016,순천의료재단성남정병원,7,20260726104406,031-750-6003,,,,,,,,,,,,0,,,27,,,,2,,,,,,,,,,,,,,,,Y,,,,,,Y,N1,,,N1,Y,N1,76,N1,,N1,Y,,4,N1,9,,2,,,,,,,,,,,,,,,,,,4,,,,,1,1,,1,,,,,,,,98,,,,,,,,,0,,,105,,,,,Y,N1,A2100016,49
2026-07-26 10:46:12,data_go_kr,경기도,A2121061,의료법인덕산의료재단수원덕산병원,20,20260726104504,031-686-2911,N,Y,,,,,,,,,,,,,,,,3,1,,2,2,,,,0,2,,,,,0,Y,,Y,,,,Y,,Y,Y,,,Y,Y,Y,107,N1,4,Y,Y,,9,N1,24,3,1,2,2,,,,,,,,,,,22,3,4,,,9,,,5,5,3,2,2,15,N,2,5,2,,,,403,,,,,,,,,,,,,,,,,Y,N,A2121061,50
2026-07-26 10:46:12,data_go_kr,경기도,A2100032,경기도의료원수원병원,2,20260726104502,031-888-0119,,,,,,,,,,,,,,,,,3,,,,2,,,,,,,,,,,2,,,Y,,,,,,Y,N1,,,N1,Y,N1,42,N1,7,N1,Y,,3,N1,8,,,2,,,,,,,,,,,,9,,,,,3,,,2,,1,1,,9,,,,,,,,156,,,,,,,,,,,,,,3,,,Y,N1,A2100032,51
2026-07-26 10:46:12,data_go_kr,경기도,A2100175,의료법인토마스의료재단윌스기념병원,11,20260726104519,031-240-6119,,,,,,,,,,,,,,,,,,,1,,2,2,,,,0,3,,,,,,Y,,Y,,,,Y,,Y,Y,,,Y,Y,N1,87,N1,10,N1,Y,,10,N1,18,,1,2,2,,,,,,,,,,,18,1,3,,,10,,,,1,1,4,1,1,,,1,,,,,282,,,,,,,,,,,,,,,,,Y,N1,A2100175,52
2026-07-26 10:46:12,data_go_kr,경기도,A2100027,의료법인석경의료재단센트럴병원,18,20260726104514,031-8041-3019,,,,,,,,,,,,,,,,,,,1,,2,,,,,,,,,,,,,,Y,,,,,,Y,N1,,,Y,Y,N1,101,N1,4,N1,Y,,3,N1,18,,1,2,,,,,,,,,,,,20,,,,,3,,,,,2,2,,7,,,2,,,,,255,,,,,,,,,,,,,,,,,Y,N1,A2100027,53
2026-07-26 10:46:12,data_go_kr,경기도,A2100013,의료법인 록향의료재단 신천연합병원,4,20260726104508,031-310-6661,,,,,,,,,,,,,,,,,,,,,1,,,,,0,,,,,,,,,Y,,,,,,Y,N1,,,Y,Y,N1,23,N1,0,N1,Y,,3,N1,10,,,1,,,,,,,,,,,,6,1,,,,3,,,,,1,1,,4,,,1,,,,,112,,,,,,,,,,,,,,,,,Y,N1,A2100013,54
2026-07-26 10:46:12,data_go_kr,경기도,A2100021,의료법인플러스의료재단단원병원,13,20260726104313,031-8040-5911,,,,,,,,,,,,,1,,,,,,1,,2,,,,,1,,,,,,,,,Y,,,,Y,,Y,Y,,,Y,Y,Y,80,N1,7,N1,Y,,5,N1,17,,1,2,,,,,,,,,,,,27,1,,,,5,,,,,1,1,2,8,,,2,1,,,,342,,,,,,,,,,1,,,,,,,Y,N1,A2100021,55
2026-07-26 10:46:12,data_go_kr,경기도,A2100014,근로복지공단안산병원,7,20260726104400,031-500-1119,,,,,,,,,,,,,,,,,,,,,1,,,,,1,,,,,,0,,,Y,,,,,,Y,N1,,,N1,Y,N1,88,N1,11,N1,Y,,3,N1,7,,,1,,,,,,,,,,,,18,1,,,,3,,,2,,1,1,,14,,,,,,,,359,,,,,,,,,,,,,,,,,Y,N1,A2100014,56
2026-07-26 10:46:12,data_go_kr,경기도,A2100124,의료법인칠석의료재단사랑의병원,6,20260726104252,031-502-0119,,,,,,,,,,,,,,,,,,,1,,,,,,,,,,,,,,,,Y,,,,,,Y,N1,,,Y,Y,N1,44,N1,6,N1,Y,,5,N1,13,,1,,,,,,,,,,,,,14,,,,,5,,,,,2,2,,8,,,1,,,,,206,,,,,,,,,,,,,,,,,Y,N1,A2100124,57
2026-07-26 10:46:12,data_go_kr,경기도,A2100045,경기도의료원안성병원,9,20260726104502,031-8046-5119,,,,,,,,,,,,,,,,,,,1,,,,,,,1,,,,,,8,,,Y,,,,,,Y,N1,,,N1,Y,N1,60,N1,3,N1,Y,,5,N1,14,,1,,,,,,,,,,,,,13,2,,,,5,,,8,,1,1,,8,,,,,,,,178,,,,,,,,,,,,,,,,,Y,N1,A2100045,58
2026-07-26 10:46:12,data_go_kr,경기도,A2100305,안성성모병원,6,20260726104425,031-675-8275,,,,,,,,,,,,,,,,,,,,,1,,,,,,,,,,,,,,Y,,,,,,Y,N1,,,N1,Y,N1,94,N1,3,N1,Y,,3,N1,9,,,1,,,,,,,,,,,,20,,,,,3,,,,,1,1,,7,,,,,,,,188,,,,,,,,,,,,,,,,,Y,N1,A2100305,59
2026-07-26 10:46:12,data_go_kr,경기도,A2100089,양평병원,3,20260726104001,031-770-5119,N,N,,,,,,,,,,,,,,,,,,,1,,,,,,,,,,,,N,N,Y,,,,N,,Y,N,,,N,Y,N,25,N,,N,Y,,3,N,9,,,1,,,,,,,,,,,,,,,,,3,,,,0,1,1,0,1,0,0,0,0,0,0,0,90,,,,,,,,,,,,,,,,,Y,N,A2100089,60
2026-07-26 10:46:12,data_go_kr,경기도,A2100194,세종여주병원,-1,20260726104507,031-880-7754,,,,3,,,,,,,,,,,,,3,,,,3,,,,,,,,,,,,,,Y,,,,,,Y,N1,,,Y,Y,N1,126,N1,,N1,Y,,2,N1,6,,,4,,,,,,,,,,,,,,,,,2,,,,,1,1,,4,,,2,,,,,210,,3,,,,,,,,,,,,3,,,Y,N1,A2100194,61
2026-07-26 10:46:12,data_go_kr,경기도,E2100187,연천군보건의료원,10,20260726104505,031-839-4119,,,,,,,,,,,,,,,,,,,,,,,,,,,,,,,,,,,Y,,,,,,Y,N1,,,N1,Y,N1,51,N1,,N1,N1,,2,N1,10,,,,,,,,,,,,,,,,,,,,2,,,,,1,,,1,,,,,,,,52,,,,,,,,,,,,,,,,,Y,N1,E2100187,62
2026-07-26 10:46:12,data_go_kr,경기도,A2100122,(의)효심의료재단용인서울병원,10,20260726104245,031-336-0119,,,,,,,,,,,,,,,,,,,,,,,,,,,,,,,,,,,Y,,,,,,Y,N1,,,N1,Y,N1,151,N1,,N1,Y,,3,N1,10,,,,,,,,,,,,,,,,,,,,3,,,,,1,1,,1,,,,,,,,201,,,,,,,,,,,,,,,,,Y,N1,A2100122,63
2026-07-26 10:46:12,data_go_kr,경기도,A2121142,메디필드한강병원,14,20260726104515,031-332-1119,,,,,,,,,,,,,,,,,,,1,,2,,,,,1,,,,,,1,,,Y,,,,Y,,Y,Y,,,Y,Y,N1,159,N1,6,N1,Y,,6,N1,17,,1,2,,,,,,,,,,,,15,1,,,,6,,,1,,3,2,1,13,,,2,,,,,192,,,,,,,,,,,,,,,,,Y,N1,A2121142,64
2026-07-26 10:46:12,data_go_kr,경기도,A2100034,의료법인영동의료재단의정부백병원,9,20260726104406,031-842-1211,,,,,,,,,,,,,,,,,,,,,2,,,,,,,,,,,,,,Y,,,,,,Y,N1,,,N1,Y,N1,103,N1,0,N1,Y,,3,N1,10,,,2,,,,,,,,,,,,9,,,,,3,,,,,1,1,,1,,,,,,,,192,,,,,,,,,,,,,,,,,Y,N1,A2100034,65
2026-07-26 10:46:12,data_go_kr,경기도,A2100150,추병원,8,20260726104423,031-845-8313,,,,,,,,,,,,,,,,,,,1,,1,,,,,,,,,,,,,,Y,,,,Y,,Y,Y,,,N1,Y,N1,52,N1,3,N1,N,,3,N1,12,,1,1,,,,,,,,,,,,15,,,,,3,,,,,2,1,1,1,,,,,,,,210,,,,,,,,,,,,,,,,,Y,N1,A2100150,66
2026-07-26 10:46:12,data_go_kr,경기도,A2100043,경기도의료원의정부병원,9,20260726104501,031-828-5119,,,,,,,,,,,,,,,,0,,,1,,,,,,,,,,,,31,2,,,Y,,,,,,Y,N1,,,N1,Y,N1,34,N1,3,N1,Y,,3,N1,10,,1,,,,,,,,,,,,,6,,,,,3,,70,5,,1,1,,8,,,,,,,,86,,,,,,,,,,,,,0,,,,Y,N1,A2100043,67
2026-07-26 10:46:12,data_go_kr,경기도,A2100131,메디인병원,7,20260726104531,031-570-7912,,,,,,,,,,,,,,,,,,,,,2,,,,,,,,,,,,,,Y,,,,Y,,Y,Y,,,N1,Y,N1,69,N1,,N1,Y,,4,N1,12,,,2,,,,,,,,,,,,,,,,,4,,,,,1,1,1,2,,,,,,,,206,,,,,,,,,,,,,,,,,Y,N1,A2100131,68
2026-07-26 10:46:12,data_go_kr,경기도,A2100309,의료법인갈렌의료재단박병원,7,20260726104501,031-662-4119,,,,,,,,,,,,,,,,,,,,,1,,,,,,,,,,,,,,Y,,,,,,Y,N1,,,N1,Y,N1,34,N1,2,N1,Y,,2,N1,10,,,1,,,,,,,,,,,,10,,,,,2,,,,,1,2,,3,,,,,,,,143,,,,,,,,,,,,,,,,,Y,N1,A2100309,69
2026-07-26 10:46:12,data_go_kr,경기도,A2100022,의료법인박애의료재단박애병원,8,20260726104503,031-650-9219,,,,,,,,,,,,,,,,,,,,,1,,,,,,,,,,,,,,Y,,,,,,Y,N1,,,Y,Y,N1,110,N1,6,N1,Y,,5,N1,10,,,1,,,,,,,,,,,,10,,,,,5,,,,,2,1,,20,,,2,,,,,193,,,,,,,,,,,,,,,,,Y,N1,A2100022,70
2026-07-26 10:46:12,data_go_kr,경기도,A2100036,의료법인 일심의료재단 포천우리병원,17,20260726104124,031-541-8282,,,,,,,,,,,,,,,,,,,1,,3,,,,,2,,,,,,2,,,Y,,,,Y,,Y,Y,,,Y,Y,N1,72,N1,3,N1,Y,,5,N1,18,,1,3,,,,,,,,,,,,18,2,,,,5,,,2,,2,2,1,14,,,3,,,,,201,,,,,,,,,,,,,,,,,Y,N1,A2100036,71
2026-07-26 10:46:12,data_go_kr,경기도,A2100018,의료법인은혜와감사의료재단화성중앙종합병원,3,20260726104428,031-371-7998,,,,,,,,,,,,,,,,,,,,,1,,,,,,,,,,,,,,Y,,,,,,Y,N1,,,N1,Y,N1,85,N1,4,N1,Y,,3,N1,9,,,1,,,,,,,,,,,,8,,,,,3,,,,,1,1,,3,,,,,,,,131,,,,,,,,,,,,,,,,,Y,N1,A2100018,72
2026-07-26 10:46:12,data_go_kr,경기도,A2115699,의료법인원광의료재단원광종합병원,8,20260726103546,031-8077-7219,,,,,,,,,,,,,,,,,,,1,,,,,,,,,,,,,,,,Y,,,,,,Y,N1,,,N1,Y,N1,26,N1,-1,N1,Y,,4,N1,9,,1,,,,,,,,,,,,,9,,,,,4,,,,,1,2,,4,,,,,,,,135,,,,,,,,,,,,,,,,,Y,N1,A2115699,73
2026-07-26 10:46:12,data_go_kr,강원특별자치도,A2200008,강릉아산병원,18,20260726104315,033-610-3333,Y,Y,,,,,0,1,,0,,,,,,,,3,2,0,3,0,,,,,10,,,,,,Y,,Y,,,,Y,,Y,Y,,,Y,Y,Y,140,Y,,Y,Y,6,15,Y,23,3,2,3,18,14,16,13,,,,,,,,,,38,,,15,,,,2,4,3,4,33,8,12,8,5,1,,2,604,,,,,1,6,,,,,,,,,,,Y,Y,A2200008,1
2026-07-26 10:46:12,data_go_kr,강원특별자치도,A2200001,연세대학교원주세브란스기독병원,19,20260726104002,033-741-1641,Y,Y,3,20,,,0,,,1,,,,,,,,3,2,5,3,3,,,,,15,,9,2,5,,Y,,Y,3,2,6,Y,6,Y,Y,,,Y,Y,Y,204,Y,,Y,Y,7,15,Y,29,3,2,3,20,15,12,19,,,,15,20,,,,,30,,40,15,2,24,,2,5,4,7,100,12,25,16,7,13,,4,584,4,36,,,2,,,,,,,,,,2,6,Y,Y,A2200001,2
2026-07-26 10:46:12,data_go_kr,강원특별자치도,A2200013,한림대학교춘천성심병원,17,20260726104220,033-240-5219,Y,Y,2,3,,,,0,,,,,,,,,,3,,,,5,,,,0,27,,,,,1,Y,Y,Y,,,,Y,,Y,Y,2,,Y,Y,Y,97,Y,6,Y,Y,,8,Y,22,3,,,20,,,,,,8,,,,,20,2,45,,,9,,,2,1,2,2,3,33,1,4,6,2,1,1,1,252,2,3,,,,2,,,,,,,,,,,Y,Y,A2200013,3
2026-07-26 10:46:12,data_go_kr,강원특별자치도,A2200005,의료법인강릉동인병원,13,20260726104527,033-650-6105,,,,,,,,,,1,,,,,,,,,1,,2,,,,,2,,,,,9,,,,Y,,,,Y,,Y,Y,,,Y,Y,N1,70,N1,1,N1,Y,,5,N1,17,,1,2,,12,,,,,,,,,,12,2,,,,5,,101,,,2,1,1,14,,,1,,,,,248,,,,,,,,,,,,,,,,,Y,N1,A2200005,4
2026-07-26 10:46:12,data_go_kr,강원특별자치도,A2200007,강원특별자치도삼척의료원,14,20260726104001,033-571-0431,,Y,,,,,,,,,,,,,,,,1,2,,1,0,,,,0,3,,,,,6,Y,,Y,,,,,,Y,N1,,,Y,Y,N1,59,N1,0,Y,Y,,4,N1,16,1,2,1,2,,,,,,,,,,,6,2,3,,,4,,,10,1,1,1,,3,,3,1,,,,,189,,,,,,,,,,,,,,,,,Y,N1,A2200007,5
2026-07-26 10:46:12,data_go_kr,강원특별자치도,A2200012,강원특별자치도속초의료원,17,20260726104501,,Y,Y,,,,,,,,,,,,,,,,,2,,1,,,,,,,,,,,,Y,,Y,,,,,,Y,N1,,,N1,Y,N1,64,N1,0,Y,Y,,3,N1,17,,2,1,,,,,,,,,,,,8,,,,,3,,,,2,1,1,,7,1,1,,,,,,154,,,,,,,,,,,,,,,,,Y,Y,A2200012,6
2026-07-26 10:46:12,data_go_kr,강원특별자치도,A2200009,강원대학교병원,13,20260726104500,033-258-2293,Y,Y,,,,,0,,,3,,,,,,,,3,2,,3,1,4,,5,1,,,,,3,11,Y,,Y,2,,,Y,,Y,Y,,,Y,Y,Y,276,Y,,Y,Y,1,10,N1,21,3,2,3,5,10,,15,8,,,8,,8,,,2,,,,11,,16,14,3,4,2,4,43,13,24,12,3,10,,,508,,,,,0,,,,,,,,,,,,Y,Y,A2200009,7
2026-07-26 10:46:12,data_go_kr,강원특별자치도,A2200011,강원특별자치도강릉의료원,0,20260726104501,033-610-1234,,,,,,,,,,,,,,,,20,,,,,1,,,,,,,,,,,5,,,Y,,,,,,Y,N1,,,N1,Y,N1,18,N1,0,N1,Y,,2,N1,5,,,1,,,,,,,,,,,,8,,,,,2,,,5,,1,1,,4,,,,,,,,122,,,,,,,,,,,,,20,,,,Y,N1,A2200011,8
2026-07-26 10:46:12,data_go_kr,강원특별자치도,A2200003,의료법인동해동인병원,7,20260726104517,033-530-0129,,,,,,,,,,,,,,,,,,,,,1,,,,,1,,,,,57,,,,Y,,,,,,Y,N1,,,N1,Y,N1,34,N1,9,N1,Y,,2,N1,10,,,1,,,,,,,,,,,,19,1,,,,2,,110,,,1,1,,7,,,,,,,,178,,,,,,,,,,,,,,,,,Y,N1,A2200003,9
2026-07-26 10:46:12,data_go_kr,강원특별자치도,A2200046,의료법인온세움의료재단온재병원,0,20260726104504,033-639-8988,,,,,,,,,,,,,,,,,,,,,1,,,,,,,,,,29,,,,Y,,,,,,Y,N1,,,N1,Y,N1,23,N1,0,N1,Y,,4,N1,9,,,1,,,,,,,,,,,,15,,,,,4,,59,,,1,1,,5,,,,,,,,219,,,,,,,,,,,,,,,,,Y,N1,A2200046,10
2026-07-26 10:46:12,data_go_kr,강원특별자치도,A2200037,의료법인성심의료재단양구성심병원,3,20260726104433,033-480-8816,,Y,,,,,,,,,,,,,,,,,1,,,,,,,,,,,,,,Y,,Y,,,,,,Y,N1,,,N1,Y,N1,40,N1,,Y,N1,,,N1,5,,1,,,,,,,,,,,,,,,,,,,,,,1,1,,,1,,1,,,,,,52,,,,,,,,,,,,,,,,,Y,N1,A2200037,11
2026-07-26 10:46:12,data_go_kr,강원특별자치도,A2200002,강원특별자치도영월의료원,7,20260726104001,033-370-9129,,Y,,,,,,,,,,,,,,,1,,,,,,,,,0,,,,,,2,Y,,Y,,,,,,Y,N1,,,N1,Y,N1,44,N1,0,Y,Y,,2,N1,9,,,,,,,,,,,,,,,10,2,,,,2,,,2,1,1,1,,7,,3,,,,,,174,,,,,,,,,,,,,,1,,,Y,N1,A2200002,12
2026-07-26 10:46:12,data_go_kr,강원특별자치도,A2200015,강원특별자치도원주의료원,9,20260726104502,033-760-4701,,,,,,,,,,,,,,,,,,,1,,1,,,,,,,,,,,,,,Y,,,,,,Y,N1,,,N1,Y,N1,55,N1,0,N1,Y,,3,N1,17,,1,2,,,,,,,,,,,,20,,,,,3,,,,,1,1,,7,,,,,,,,259,,,,,,,,,,,,,,,,,Y,N1,A2200015,13
2026-07-26 10:46:12,data_go_kr,강원특별자치도,A2200024,의료법인성지의료재단성지병원,3,20260726103712,033-760-3119,,,,,,,,,,,,,,,,13,,,,,1,,,,,,,,,,,,,,Y,,,,,,Y,N1,,,N1,Y,N1,-59,N1,9,N1,Y,,4,N1,7,,,1,,,,,,,,,,,,9,,,,,4,,,,,1,2,,4,,,,,,,,135,,,,,,,,,,,,,13,,,,Y,N1,A2200024,14
2026-07-26 10:46:12,data_go_kr,강원특별자치도,A2200048,근로복지공단정선병원,3,20260726104400,033-560-7150,,,,,,,,,,,,,,,,,,,,,0,,,,,,,,,,,,,,Y,,,,,,Y,N1,,,N1,Y,N1,46,N1,,N1,N1,,,N1,5,,,1,,,,,,,,,,,,,,,,,,,,,,1,,,3,,,,,,,,149,,,,,,,,,,,,,,,,,Y,N1,A2200048,15
2026-07-26 10:46:12,data_go_kr,강원특별자치도,A2201730,철원병원,0,20260726104001,033-452-5012,N,Y,,,,,,,,,,,,,,,,,1,,,,,,,,,,,,,,Y,N,Y,,,,N,,Y,N,,,N,Y,N,36,N,,Y,Y,,2,N,5,,1,,,,,,,,,,,,,,,,,,2,,,,1,1,1,0,1,0,1,0,0,0,0,0,68,,,,,,,,,,,,,,,,,Y,N,A2201730,16
2026-07-26 10:46:12,data_go_kr,강원특별자치도,A2200004,근로복지공단태백병원,8,20260726104400,033-580-3119,,,,,,,,,,,,,,,,,,,1,,,,,,,1,,,,,,,Y,,Y,,,,,,Y,N1,,,N1,Y,N1,65,N1,4,N1,Y,,2,N1,9,,1,,,,,,,,,,,,,9,1,,,,2,,,,1,1,1,,8,,,,,,,,223,,,,,,,,,,,,,,,,,Y,N1,A2200004,17
2026-07-26 10:46:12,data_go_kr,강원특별자치도,E2200026,평창군보건의료원,4,20260726104501,033-330-4812,,,,,,,,,,,,,,,,,,,,,1,,,,,,,,,,,,,,Y,,,,,,Y,N1,,,N1,Y,N1,20,N1,,N1,N1,,,N1,6,,,1,,,,,,,,,,,,,,,,,,,,,,1,,,1,,,,,,,,20,,,,,,,,,,,,,,,,,Y,N1,E2200026,18
2026-07-26 10:46:12,data_go_kr,강원특별자치도,A2200014,홍천아산병원,5,20260726104000,033-430-5119,,,,,,,,,,,,,,,,,,,,,,,,,,,,,,,,,,,Y,,,,,,Y,N1,,,N1,Y,N1,7,N1,0,N1,Y,,2,N1,10,,,,,,,,,,,,,,,7,,,,,2,,,,,1,1,,4,,,,,,,,128,,,,,,,,,,,,,,,,,Y,N1,A2200014,19
2026-07-26 10:46:12,data_go_kr,강원특별자치도,E2200025,화천군보건의료원,6,20260726104501,033-440-2880,,,,,,,,,,,,,,,,,,,,,1,,,,,,,,,,,,,,,,,,,,Y,N1,,,N1,N1,N1,16,N1,,N1,N1,,,N1,7,,,1,,,,,,,,,,,,,,,,,,,,,,,,,1,,,,,,,,16,,,,,,,,,,,,,,,,,Y,N1,E2200025,20
2026-07-26 10:46:12,data_go_kr,강원특별자치도,A2200016,횡성대성병원,7,20260726104503,033-345-1191,,,,,,,,,,,,,,,,,,,,,1,,,,,,,,,,,,,,Y,,,,,,Y,N1,,,N1,Y,N1,28,N1,,N1,Y,,1,N1,9,,,1,,,,,,,,,,,,,,,,,1,,,,,1,1,,1,,,,,,,,114,,,,,,,,,,,,,,,,,Y,N1,A2200016,21
2026-07-26 10:46:12,data_go_kr,충청북도,A2300001,충북대학교병원,21,20260726104500,043-269-6114,Y,Y,2,3,,,,0,,2,,,,,,,,6,,,,2,,,,2,31,,12,1,5,12,Y,,Y,,1,6,Y,15,Y,Y,3,,Y,Y,Y,260,Y,8,Y,Y,14,15,N1,30,8,,,18,8,,25,,,4,,20,,,17,5,40,,40,16,2,21,13,2,4,4,6,98,13,31,18,10,17,,,547,2,3,,,,2,,,,,,,,,2,6,Y,Y,A2300001,1
2026-07-26 10:46:12,data_go_kr,충청북도,A2300009,의료법인명지의료재단명지병원,9,20260726104507,043-640-8117,,,,,,,,,,,,,,,,,,1,2,,4,2,,,,3,,,,,,,,,Y,,,,Y,,Y,Y,,,Y,Y,Y,76,N1,5,N1,Y,,3,N1,18,3,2,4,2,,,,,,,,,,,15,3,,,,3,,,,,2,1,1,10,,,2,1,,,,201,,,,,,,,,,,,,,,,,Y,N1,A2300009,2
2026-07-26 10:46:12,data_go_kr,충청북도,A2300005,의료법인자산의료재단제천서울병원,8,20260726104144,043-643-2327,,,,,,,,,,,,,,,,,,,1,,3,,,,,,1,,,,,,,,Y,,,,,,Y,N1,,,Y,Y,N1,30,N1,0,N1,Y,,3,Y,15,,1,4,,,,,,,,,,,,11,,5,,,3,,,,,1,1,,10,,,1,,,,1,202,,,,,,,,,,,,,,,,,Y,N1,A2300005,3
2026-07-26 10:46:12,data_go_kr,충청북도,A2300013,의료법인 건명의료재단 중앙제일병원,7,20260726104118,043-537-9119,,,,,,,,,,,,,,,,,,,3,,,,,,,3,,,,,,31,,,Y,,,,,,Y,N1,,,Y,Y,N1,61,N1,5,N1,Y,,5,N1,17,,3,,,,,,,,,,,,,12,6,,,,5,,,31,,2,2,,6,,,1,,,,,192,,,,,,,,,,,,,,,,,Y,N1,A2300013,4
2026-07-26 10:46:12,data_go_kr,충청북도,A2300007,의료법인인화재단한국병원,7,20260726104216,043-222-6177,,Y,,,,,,,,,,,,,,,3,,1,,2,,,,,1,,,,,,1,Y,,Y,,,,Y,,Y,Y,,,Y,Y,N1,66,N1,1,Y,Y,,8,N1,14,,1,2,,,,,,,,,,,,24,1,,,,8,,,1,1,3,3,2,18,,1,3,,,,,403,,,,,,,,,,,,,,3,,,Y,N1,A2300007,5
2026-07-26 10:46:12,data_go_kr,충청북도,A2300003,의료법인정산의료재단효성병원,12,20260726104351,043-221-2192,,N,,,,,,,,,,,,,,,,,1,,4,0,,,,0,2,,,,,,Y,,Y,,,,Y,,Y,Y,,,Y,Y,N1,70,N1,1,N,Y,,4,Y,18,,1,4,2,,,,,,,,,,,27,2,3,,,4,,,,1,3,4,2,19,,1,2,,,,1,363,,,,,,,,,,,,,,,,,Y,N1,A2300003,6
2026-07-26 10:46:12,data_go_kr,충청북도,A2300008,청주성모병원,10,20260726104509,043-219-8119,,Y,,,,,,,,3,,,,,,,,,2,5,5,2,,,,1,4,,,,,7,Y,,Y,,,,Y,,Y,Y,,,Y,Y,N1,122,N1,,Y,Y,,8,N1,15,,2,5,2,13,12,,,,,,,,,,1,4,,,8,,,30,1,3,2,2,19,,2,2,,,,,358,,,,,,,,,,,,,,,,,Y,N1,A2300008,7
2026-07-26 10:46:12,data_go_kr,충청북도,A2300002,의료법인한마음의료재단하나병원,2,20260726104452,043-230-6594,,,,,,,,,,,,,,,,,9,,1,,1,,,,,1,,,,,,,,,Y,,,,Y,,Y,Y,,,Y,Y,N1,140,N1,2,N1,Y,,7,Y,11,,1,2,,,,,,,,,,,,24,2,,,,7,,,,,3,3,2,20,,,4,,,,1,463,,,,,,,,,,,,,,9,,,Y,N1,A2300002,8
2026-07-26 10:46:12,data_go_kr,충청북도,A2300010,건국대학교충주병원,16,20260726104501,043-840-8330,Y,Y,,,,,,,,,,,,,,,,,1,,2,,,,,,,,,,,0,Y,,Y,,,,Y,,Y,Y,,,Y,Y,Y,88,N1,5,Y,Y,,5,N1,20,,1,2,,,,,,,,,,,,18,,,,,5,,,1,1,2,1,2,11,1,4,3,1,,,,194,,,,,,,,,,,,,,,,,Y,Y,A2300010,9
2026-07-26 10:46:12,data_go_kr,충청북도,A2300034,의료법인대광의료재단괴산성모병원,7,20260726104111,043-830-5419,,,,,,,,,,,,,,,,,,,,,0,,,,,,,,,,,,,,Y,,,,,,Y,N1,,,N1,Y,N1,6,N1,,N1,Y,,1,N1,9,,,1,,,,,,,,,,,,,,,,,1,,,,,1,1,,3,,,,,,,,153,,,,,,,,,,,,,,,,,Y,N1,A2300034,10
2026-07-26 10:46:12,data_go_kr,충청북도,E2300011,단양군보건의료원,4,20260726104501,043-420-0139,,,,,,,,,,,,,,,,,,,1,,,,,,,,,,,,,2,,,Y,,,,,,Y,N1,,,N1,Y,N1,13,N1,,N1,N1,,,N1,6,,1,,,,,,,,,,,,,,,,,,,,,2,,1,,,1,,,,,,,,14,,,,,,,,,,,,,,,,,Y,N1,E2300011,11
2026-07-26 10:46:12,data_go_kr,충청북도,A2300030,의료법인조윤의료재단영동병원,5,20260726104001,043-740-9333,,Y,,,,,,,,,,,,,,,,,,,,,,,,,,,,,,,Y,,Y,,,,,,Y,N1,,,N1,Y,N1,32,N1,,Y,Y,,2,N1,10,,,,,,,,,,,,,,,,,,,,2,,,,1,1,1,,3,,1,,,,,,161,,,,,,,,,,,,,,,,,Y,N1,A2300030,12
2026-07-26 10:46:12,data_go_kr,충청북도,A2300011,의료법인힐링의료재단옥천성모병원,3,20260726104240,043-730-7119,,,,,,,,,,,,,,,,,,,2,,1,,,,,,,,,,,,,,Y,,,,,,Y,N1,,,N1,Y,N1,22,N1,0,N1,Y,,2,N1,7,,2,1,,,,,,,,,,,,7,,,,,2,,,,,1,1,,4,,,,,,,,157,,,,,,,,,,,,,,,,,Y,N1,A2300011,13
2026-07-26 10:46:12,data_go_kr,충청북도,A2300006,충청북도청주의료원,11,20260726104502,043-279-0119,,Y,,,,,,,,,,,,,,,3,,1,,,,,,,2,,,,,90,6,Y,,Y,,,,Y,,Y,Y,,,Y,Y,N1,152,N1,18,Y,Y,,5,N1,12,,1,,,,,,,,,,,,,21,3,,,,5,,90,6,1,1,2,1,11,,1,1,,,,,359,,,,,,,,,,,,,,3,,,Y,N1,A2300006,14
2026-07-26 10:46:12,data_go_kr,충청북도,A2300004,충청북도충주의료원,14,20260726104502,043-871-0119,,,,,,,,,,,,,,,,,,,1,,2,,,,,,,,,,,,,,Y,,,,Y,,Y,Y,,,Y,Y,N1,133,N1,3,N1,Y,,4,N1,18,,1,2,,,,,,,,,,,,12,,,,,4,,,,,1,1,1,8,,,1,,,,,282,,,,,,,,,,,,,,,,,Y,N1,A2300004,15
2026-07-26 10:46:12,data_go_kr,충청남도,A2400002,단국대학교의과대학부속병원,12,20260726104500,041-550-6840,Y,Y,2,2,,,,0,,,,,,3,,,,4,,0,1,0,,,,0,18,,5,2,11,1,Y,,Y,2,2,6,Y,2,Y,Y,,,Y,Y,Y,238,Y,,Y,Y,-1,13,Y,25,4,,1,18,,13,25,,,,13,20,,,,1,30,,40,13,2,20,8,3,4,3,6,6,14,29,15,7,17,,1,640,2,2,,,,2,,,,,7,,,,2,6,Y,Y,A2400002,1
2026-07-26 10:46:12,data_go_kr,충청남도,A2400001,학교법인동은학원순천향대학교부속천안병원,9,20260726104122,041-590-7019,Y,Y,,,1,3,1,,,12,,,,,,,,11,4,9,3,6,,2,,4,9,5,,,,3,Y,Y,Y,,,,Y,,Y,Y,,,Y,Y,Y,203,Y,,Y,Y,1,18,Y,22,14,4,3,17,18,15,38,,2,,,,,,,6,30,6,,19,,,14,11,6,4,6,60,16,37,6,6,10,1,1,713,,,1,3,1,,,,,,,,,,,,Y,Y,A2400001,2
2026-07-26 10:46:12,data_go_kr,충청남도,A2400009,의료법인백제병원,12,20260726104402,041-730-8882,,,,,,,,,,,,,,,,,,,1,,2,,,,,,,,,,19,,,,Y,,,,Y,,Y,Y,,,Y,Y,N1,12,N1,-1,N1,Y,,4,N1,20,,1,2,,,,,,,,,,,,26,,,,,4,,49,,,2,2,1,11,,,3,,,,,398,,,,,,,,,,,,,,,,,Y,N1,A2400009,3
2026-07-26 10:46:12,data_go_kr,충청남도,A2400008,당진종합병원,6,20260726104453,041-358-3624,,,,,,,,,,,,,,,,,,,1,,2,,,,,,,,,,,,,,Y,,,,Y,,Y,Y,,,Y,Y,N1,90,N1,1,N1,Y,,4,N1,17,,1,2,,,,,,,,,,,,13,,,,,4,,,,,2,2,1,5,,,1,,,,,246,,,,,,,,,,,,,,,,,Y,N1,A2400008,4
2026-07-26 10:46:12,data_go_kr,충청남도,A2400011,재단법인아산사회복지재단보령아산병원,15,20260726104000,041-930-5333,,,,,,,,,,,,,,,,,,,1,,2,,,,,,,,,,,,,,Y,,,,,,Y,N1,,,N1,Y,N1,73,N1,3,N1,Y,,2,N1,17,,1,2,,,,,,,,,,,,8,,,,,2,,,,,1,1,,4,,,,,,,,221,,,,,,,,,,,,,,,,,Y,N1,A2400011,5
2026-07-26 10:46:12,data_go_kr,충청남도,A2400003,서산중앙병원,8,20260726104004,041-661-1195,,,,,,,,,,,,,,,,,,,1,,2,,,,,,,,,,,,,,Y,,,,,,Y,N1,,,Y,Y,N1,44,N1,7,N1,Y,,3,N1,17,,1,2,,,,,,,,,,,,17,,,,,4,,,,,1,1,,7,,,1,,,,,288,,,,,,,,,,,,,,,,,Y,N1,A2400003,6
2026-07-26 10:46:12,data_go_kr,충청남도,A2400006,충청남도서산의료원,2,20260726104101,041-689-7119,,,,,,,,,,,,,,,,,,,1,,2,0,,,,,2,,,,,5,,,Y,,,,,,Y,N1,,,N1,Y,N1,25,N1,0,N1,Y,,3,N1,17,,1,2,2,,,,,,,,,,,8,,4,,,3,,,5,,2,1,,10,,,,,,,,259,,,,,,,,,,,,,,,,,Y,N1,A2400006,7
2026-07-26 10:46:12,data_go_kr,충청남도,A2402257,아산충무병원,8,20260726104107,041-536-6519,,,1,7,,,,,,,,,,5,,,,,,,,,,,,1,,,,,,,Y,,Y,,,,Y,,Y,Y,,,Y,Y,Y,170,Y,11,N1,Y,,4,N1,13,,,,,,,,,,,,,,,22,2,,,,4,,,,1,2,2,3,27,,,4,2,1,,,456,1,7,,,,,,,,,5,,,,,,Y,N1,A2402257,8
2026-07-26 10:46:12,data_go_kr,충청남도,A2400012,의료법인영서의료재단천안충무병원,10,20260726104051,041-570-7519,,,,,,,,,,,,,,,,,,,1,,4,,,,,0,,,,,,,,,Y,0,,,Y,,Y,Y,,,Y,Y,Y,54,N1,1,N1,Y,,4,N1,16,,1,4,,,,,,,,7,,,,19,3,,,,5,,,,,2,2,3,26,,,3,3,,,,333,,,,,,,,,,,,,,,,,Y,N1,A2400012,9
2026-07-26 10:46:12,data_go_kr,충청남도,A2400007,충청남도홍성의료원,13,20260726104501,041-630-6119,,,,,,,,,,,,,,,,,,1,1,,2,2,,,,1,3,,,,3,1,Y,,Y,,,,Y,,Y,Y,,,Y,Y,N1,84,N1,4,N1,Y,,4,Y,18,1,1,2,2,,,,,,,,,,,22,1,3,,,4,,49,1,1,2,2,1,10,,,1,,,,2,260,,,,,,,,,,,,,,,,,Y,N1,A2400007,10
2026-07-26 10:46:12,data_go_kr,충청남도,A2400010,충청남도공주의료원,12,20260726104201,041-962-1365,,,,,,,,,,,,,,,,,,,,,1,,,,,,,,,,,5,,,Y,,,,,,Y,N1,,,Y,Y,N1,57,N1,3,N1,Y,,6,N1,15,,,1,,,,,,,,,,,,16,,,,,6,,,6,,1,1,,9,,,2,,,,,273,,,,,,,,,,,,,,,,,Y,N1,A2400010,11
2026-07-26 10:46:12,data_go_kr,충청남도,A2400038,학교법인건양교육재단건양대학교부여병원,1,20260726104419,041-837-1201,,,,,,,,,,,,,,,,,,,,,1,,,,,,,,,,,,,,Y,,,,,,Y,N1,,,N1,Y,N1,20,N1,,N1,N1,,1,N1,9,,,1,,,,,,,,,,,,,,,,,1,,,,,1,,,1,,,,,,,,55,,,,,,,,,,,,,,,,,Y,N1,A2400038,12
2026-07-26 10:46:12,data_go_kr,충청남도,A2400044,의료법인 서해병원,5,20260726104118,041-950-0219,,,,,,,,,,,,,,,,,,,,,2,,,,,,,,,,,,,,Y,,,,,,Y,N1,,,N1,Y,N1,20,N1,,N1,N1,,,N1,5,,,2,,,,,,,,,,,,,,,,,,,,,,1,,,1,,,,,,,,79,,,,,,,,,,,,,,,,,Y,N1,A2400044,13
2026-07-26 10:46:12,data_go_kr,충청남도,A2400039,현대병원,5,20260726104001,041-546-7744,N,N,,,,,,,,,,,,,,,,,,,1,,,,,,,,,,,,N,N,Y,0,,,N,,Y,N,,,N,Y,N,7,N,2,N,Y,,3,N,10,,,1,,,,,,,,0,,,,7,,,,,3,,,,0,1,1,0,3,0,0,0,0,0,0,0,84,,,,,,,,,,,,,,,,,Y,N,A2400039,14
2026-07-26 10:46:12,data_go_kr,충청남도,A2400004,의료법인 예당의료재단 예산종합병원,3,20260726104509,041-330-4119,,,,,,,,,,,,,,,,,,,,,1,,,,,,,,,,,,,,Y,,,,,,Y,N1,,,N1,Y,N1,2,N1,4,N1,Y,,0,N1,6,,,1,,,,,,,,,,,,9,,,,,0,,,,,0,0,,0,,,,,,,,88,,,,,,,,,,,,,,,,,Y,N1,A2400004,15
2026-07-26 10:46:12,data_go_kr,충청남도,A2400005,충청남도천안의료원,11,20260726104502,041-570-7119,,,,,,,,,,,,,,,,6,,,,,1,,,,,,,,,,,,,,Y,,,,,,Y,N1,,,N1,Y,N1,64,N1,6,N1,Y,,4,N1,12,,,1,,,,,,,,,,,,15,,,,,4,,,,,1,1,,10,,,,,,,,241,,,,,,,,,,,,,6,,,,Y,N1,A2400005,16
2026-07-26 10:46:12,data_go_kr,충청남도,E2400032,청양군보건의료원,5,20260726104501,041-940-4951,,,,,,,,,,,,,,,,,,,,,1,,,,,,,,,,,,,,Y,,,,,,Y,N1,,,N1,Y,N1,12,N1,,N1,N1,,1,N1,6,,,1,,,,,,,,,,,,,,,,,1,,,,,1,,,1,,,,,,,,12,,,,,,,,,,,,,,,,,Y,N1,E2400032,17
2026-07-26 10:46:12,data_go_kr,충청남도,E2400033,태안군보건의료원,9,20260726104501,041-671-5319,,,,,,,,,,,,,,,,,,,,,1,,,,,,,,,,,,,,Y,,,,,,Y,N1,,,N1,Y,N1,22,N1,,N1,N1,,,N1,10,,,1,,,,,,,,,,,,,,,,,,,,,,1,,,1,,,,,,,,34,,,,,,,,,,,,,,,,,Y,N1,E2400033,18
2026-07-26 10:46:12,data_go_kr,전북특별자치도,A2500001,원광대학교병원,0,20260726104515,063-859-1165,Y,Y,2,3,,,,2,,1,,,,,,,,3,,5,,6,,,5,1,16,,16,2,3,1,Y,,Y,,2,6,Y,7,Y,Y,,,Y,Y,Y,175,Y,5,Y,Y,2,14,Y,26,3,,,18,8,15,15,,,,,20,8,,15,7,31,,40,15,2,30,2,1,5,4,5,11,12,20,8,4,1,,2,543,2,3,,,,2,,,,,,,,,2,6,Y,Y,A2500001,1
2026-07-26 10:46:12,data_go_kr,전북특별자치도,A2500002,전북대학교병원,22,20260726104346,063-250-1131,Y,Y,2,5,,,2,1,,2,,,,,,,,4,,3,,4,5,,5,1,8,,,,3,15,Y,,Y,6,,,Y,,Y,Y,,,Y,Y,Y,339,Y,,Y,Y,22,20,N1,36,5,,,17,10,8,25,10,,,18,,11,,,2,30,,,21,,23,15,3,1,2,5,11,15,22,4,2,1,,,834,2,5,,,2,1,,,,,,,,,,,Y,Y,A2500002,2
2026-07-26 10:46:12,data_go_kr,전북특별자치도,A2500007,전북특별자치도군산의료원,11,20260726104502,063-472-5130,,Y,,,,,,,,,,,,,,,,,1,,2,1,,,,2,3,,,,,,Y,,Y,,,,,,Y,N1,,,N1,Y,N1,92,N1,9,Y,Y,,5,N1,17,,1,2,2,,,,,,,,,,,18,2,3,,,6,,,,1,1,1,,18,,2,,,,,,289,,,,,,,,,,,,,,,,,Y,N1,A2500007,3
2026-07-26 10:46:12,data_go_kr,전북특별자치도,A2500012,의료법인오성의료재단동군산병원,12,20260726104520,063-440-0516,,,,,,,,,,,,,,,,0,,,1,,5,0,,,,,1,,,,,,,,Y,,,,Y,,Y,Y,,,Y,Y,N1,25,N1,6,N1,Y,,6,N1,17,,1,5,2,,,,,,,,,,,24,,3,,,6,,,,,2,2,2,13,,,2,,,,,262,,,,,,,,,,,,,0,,,,Y,N1,A2500012,4
2026-07-26 10:46:12,data_go_kr,전북특별자치도,A2500004,전북특별자치도남원의료원,13,20260726104502,063-620-1119,,Y,,,,,,,,,,,,,,,,,1,,2,,,,,1,,,,,,,Y,,Y,,,,,,Y,N1,,,N1,Y,N1,39,N1,4,Y,Y,,3,N1,17,,1,2,,,,,,,,,,,,9,1,,,,3,,,,3,2,1,,10,,1,,,,,,190,,,,,,,,,,,,,,,,,Y,N1,A2500004,5
2026-07-26 10:46:12,data_go_kr,전북특별자치도,A2500011,의료법인대산의료재단익산병원,10,20260726104506,063-840-9112,,,,,,,,,,,,,,,,,,,1,,2,,,,,0,,,,,,,,,Y,,,,Y,,Y,Y,,,N1,Y,N1,58,N1,8,N1,Y,,4,N1,17,,1,2,,,,,,,,,,,,17,1,,,,5,,,,,2,2,1,7,,,,,,,,333,,,,,,,,,,,,,,,,,Y,N1,A2500011,6
2026-07-26 10:46:12,data_go_kr,전북특별자치도,A2500056,대자인병원,25,20260726104507,063-250-8701,,,,,,,,,,,,,,,,,,,1,9,2,,,,,0,,,,,,,,Y,Y,,,,Y,,Y,Y,,,Y,Y,Y,29,N1,0,N1,Y,,14,Y,33,,1,2,,,36,,,,,,,,,15,4,,,,15,,,,,4,3,2,12,,,4,2,,1,1,45,,,,,,,,,,,,,,,,,Y,N1,A2500056,7
2026-07-26 10:46:12,data_go_kr,전북특별자치도,A2500006,재단법인예수병원유지재단예수병원,20,20260726104405,063-230-8280,Y,Y,,,1,1,,,,,,,,,,,,5,1,,1,,,2,,4,,5,,,,1,Y,,Y,0,,,Y,,Y,Y,,,Y,Y,Y,170,N1,9,Y,Y,4,14,Y,38,10,1,2,,,,12,,2,,14,,,,23,4,,6,,14,,,5,4,4,3,4,40,6,11,7,2,,,2,685,,,1,1,,,,,,,,,,,,,Y,Y,A2500006,8
2026-07-26 10:46:12,data_go_kr,전북특별자치도,A2500005,의료법인영경의료재단전주병원,5,20260726104349,063-226-6119,,,,,,,,,,,,,,,,,,,1,,2,,,,,,,,,,,,,,Y,,,,,,Y,N1,,,Y,Y,N1,43,N1,4,N1,Y,,5,N1,17,,1,2,,,,,,,,,,,,9,,,,,5,,,,,1,2,,6,,,1,,,,,275,,,,,,,,,,,,,,,,,Y,N1,A2500005,9
2026-07-26 10:46:12,data_go_kr,전북특별자치도,A2500008,재단법인 아산사회복지재단 정읍아산병원,11,20260726104500,063-530-6129,,,,,,,,,,,,,,,,,,,1,,2,,,,,,,,,,,,,,Y,,,,,,Y,N1,,,N1,Y,N1,75,N1,1,N1,Y,,3,N1,17,,1,2,,,,,,,,,,,,11,,,,,3,,,,,1,1,,5,,,,,,,,276,,,,,,,,,,,,,,,,,Y,N1,A2500008,10
2026-07-26 10:46:12,data_go_kr,전북특별자치도,A2500009,의료법인석천재단고창병원,4,20260726104250,063-560-5558,,,,,,,,,,,,,,,,,,,,,1,,,,,,,,,,,,,,Y,,,,,,Y,N1,,,N1,Y,N1,0,N1,,N1,Y,,2,N1,10,,,1,,,,,,,,,,,,,,,,,2,,,,,1,1,,4,,,,,,,,258,,,,,,,,,,,,,,,,,Y,N1,A2500009,11
2026-07-26 10:46:12,data_go_kr,전북특별자치도,A2500038,김제우석병원,10,20260726104109,063-540-5119,,,,,,,,,,,,,,,,,,,,,1,,,,,,,,,,,,,,Y,,,,,,Y,N1,,,N1,Y,N1,74,N1,,N1,Y,,2,N1,10,,,1,,,,,,,,,,,,,,,,,2,,,,,1,1,,1,,,,,,,,200,,,,,,,,,,,,,,,,,Y,N1,A2500038,12
2026-07-26 10:46:12,data_go_kr,전북특별자치도,E2500019,무주군보건의료원,2,20260726104501,063-320-8315,,,,,,,,,,,,,,,,,,,,,1,,,,,,,,,,,,,,Y,,,,,,Y,N1,,,N1,Y,N1,24,N1,,N1,N1,,,N1,4,,,1,,,,,,,,,,,,,,,,,,,,,,1,,,1,,,,,,,,24,,,,,,,,,,,,,,,,,Y,N1,E2500019,13
2026-07-26 10:46:12,data_go_kr,전북특별자치도,A2500010,부안성모병원,7,20260726104214,063-580-8119,,,,,,,,,,,,,,,,,,,,,2,,,,,,,,,,,,,,Y,,,,,,Y,N1,,,N1,Y,N1,14,N1,9,N1,Y,,3,N1,10,,,2,,,,,,,,,,,,9,,,,,3,,,,,1,1,,2,,,,,,,,240,,,,,,,,,,,,,,,,,Y,N1,A2500010,14
2026-07-26 10:46:12,data_go_kr,전북특별자치도,E2500021,순창군보건의료원,8,20260726104501,063-650-5352,,,,,,,,,,,,,,,,,,,,,1,,,,,,,,,,,,,,Y,,,,,,Y,N1,,,N1,Y,N1,30,N1,,N1,N1,,,N1,9,,,1,,,,,,,,,,,,,,,,,,,,,,1,,,1,,,,,,,,30,,,,,,,,,,,,,,,,,Y,N1,E2500021,15
2026-07-26 10:46:12,data_go_kr,전북특별자치도,E2500022,임실군보건의료원,4,20260726104501,063-640-3119,,,,,,,,,,,,,,,,,,,,,1,,,,,,,,,,,,,,Y,,,,,,Y,N1,,,N1,Y,N1,,N1,,N1,N1,,,N1,4,,,1,,,,,,,,,,,,,,,,,,,,,,1,,,1,,,,,,,,,,,,,,,,,,,,,,,,,Y,N1,E2500022,16
2026-07-26 10:46:12,data_go_kr,전북특별자치도,E2500020,장수군보건의료원,5,20260726104501,063-350-2119,,,,,,,,,,,,,,,,,,,,,1,,,,,,,,,,,,,,,,,,,,Y,N1,,,N1,N1,N1,20,N1,,N1,N1,,,N1,5,,,1,,,,,,,,,,,,,,,,,,,,,,,,,1,,,,,,,,22,,,,,,,,,,,,,,,,,Y,N1,E2500020,17
2026-07-26 10:46:12,data_go_kr,전북특별자치도,A2501890,의료법인영경의료재단호성전주병원,3,20260726104457,063-240-8862,,,,,,,,,,,,,,,,,,,,,1,,,,,,,,,,,,,,Y,,,,,,Y,N1,,,N1,Y,N1,5,N1,,N1,Y,,2,N1,9,,,1,,,,,,,,,,,,,,,,,2,,,,,1,1,,1,,,,,,,,122,,,,,,,,,,,,,,,,,Y,N1,A2501890,18
2026-07-26 10:46:12,data_go_kr,전북특별자치도,A2502742,새강병원,11,20260726104436,063-289-9119,,,0,0,,0,0,,,0,,,,,,,,3,1,0,2,0,,,,3,,0,,0,,0,,,Y,,,,,,Y,N1,,,N1,Y,N1,86,N1,16,N1,Y,,5,N1,14,3,1,2,0,0,0,,,,,,,,,16,3,,0,,5,0,,0,,1,1,,1,,,,,,,,201,0,0,,0,0,,,,,,,,,,,,Y,N1,A2502742,19
2026-07-26 10:46:12,data_go_kr,전북특별자치도,A2502031,진안군의료원,-1,20260726104501,063-430-7119,,,,,,,,,,,,,,,,,,,,,2,,,,,,,,,,,,,,Y,,,,,,Y,N1,,,N1,Y,N1,32,N1,,N1,Y,,2,N1,6,,,2,,,,,,,,,,,,,,,,,2,,,,,1,1,,3,,,,,,,,74,,,,,,,,,,,,,,,,,Y,N1,A2502031,20
2026-07-26 10:46:12,data_go_kr,경상북도,A2700007,차의과학대학교부속구미차병원,5,20260726104505,054-450-9998,Y,Y,,,,,0,,,,,,,,,,,4,3,,3,0,,,,,8,,,,,,Y,Y,Y,,,,Y,,Y,Y,,,Y,Y,Y,71,Y,0,Y,Y,0,8,N1,20,5,3,3,25,,,8,,,,,,,,18,,30,,,8,,,,3,3,2,2,21,3,13,2,1,2,1,,301,,,,,3,,,,,,,,,,,,Y,Y,A2700007,1
2026-07-26 10:46:12,data_go_kr,경상북도,A2700014,의료법인안동병원,6,20260726104400,054-840-0119,Y,Y,2,3,,,1,,,4,,,,,,,,2,,,,3,,,,0,10,,5,2,0,4,Y,Y,Y,,2,2,Y,0,Y,Y,,,Y,Y,Y,141,Y,1,Y,Y,10,11,Y,15,3,,,19,20,,10,,,,,20,,,13,3,30,,40,11,2,34,6,3,6,3,5,67,3,12,14,4,13,1,1,775,2,3,,,1,,,,,,,,,,2,6,Y,Y,A2700014,2
2026-07-26 10:46:12,data_go_kr,경상북도,A2700016,포항성모병원,2,20260726104327,054-260-8600,Y,Y,2,3,,,,3,4,,,,,,,,,11,,,,4,,,,1,2,,,,,1,Y,Y,Y,,,,Y,,Y,Y,,,Y,Y,Y,93,Y,7,Y,Y,,9,Y,20,11,,,15,,,,,,,,,,,16,1,17,,,9,,,1,1,3,2,2,25,1,6,4,1,2,1,3,468,2,3,,,,5,13,,,,,,,,,,Y,Y,A2700016,3
2026-07-26 10:46:12,data_go_kr,경상북도,A2700003,동국대학교의과대학경주병원,9,20260726104054,054-770-8306,Y,Y,,,,,,,,1,,,,,,,,3,2,3,5,,,,,3,,,,,11,1,Y,,Y,,,,Y,,Y,Y,,,Y,Y,N1,95,N1,0,Y,Y,,6,N1,16,3,2,5,,11,17,,,,,,,,,7,4,,,,7,,20,3,1,2,2,2,26,2,6,3,,,,,279,,,,,,,,,,,,,,,,,Y,Y,A2700003,4
2026-07-26 10:46:12,data_go_kr,경상북도,A2700013,순천향대학교부속구미병원,6,20260726104121,054-468-9119,,Y,,,,,,,,,,,,,,,,2,1,,2,0,,,,2,1,,,,,1,Y,,Y,,,,Y,,Y,Y,,,Y,Y,N1,48,N1,3,Y,Y,,5,N1,13,4,1,2,2,,,,,,,,,,,31,2,3,,,6,,,1,1,2,2,2,20,,1,2,,,,,263,,,,,,,,,,,,,,,,,Y,N1,A2700013,5
2026-07-26 10:46:12,data_go_kr,경상북도,A2700012,의료법인덕산의료재단김천제일병원,14,20260726104213,054-420-9500,,,,,,,,,,,,,,,,,,,1,,3,1,,,,,3,,,,,,Y,,Y,,,,Y,,Y,Y,,,Y,Y,N1,78,N1,7,N1,Y,,3,Y,16,,1,3,2,,,,,,,,,,,16,,3,,,4,,,,3,1,1,1,10,,,1,,,,1,276,,,,,,,,,,,,,,,,,Y,N1,A2700012,6
2026-07-26 10:46:12,data_go_kr,경상북도,A2700006,의료법인동춘의료재단문경제일병원,14,20260726104000,054-550-7777,,,,,,,,,,,,,,,,,,,1,,1,2,,,,1,3,,,,60,3,,,Y,,,,,,Y,N1,,,N1,Y,N1,60,N1,10,N1,Y,,3,N1,17,,1,2,2,,,,,,,,,,,29,1,3,,,3,,162,4,,2,1,,8,,,,,,,,306,,,,,,,,,,,,,,,,,Y,N1,A2700006,7
2026-07-26 10:46:12,data_go_kr,경상북도,A2700004,안동성소병원,8,20260726104516,054-850-8282,,Y,,,,,,,,,,,,,,,5,,1,,1,0,,,,3,1,,,,23,0,Y,,Y,,,,Y,,Y,Y,,,Y,Y,N1,155,N1,10,Y,Y,,6,N1,12,,1,2,2,,,,,,,,,,,16,3,3,,,6,,186,2,1,2,2,2,21,,4,1,,,,,393,,,,,,,,,,,,,,5,,,Y,N1,A2700004,8
2026-07-26 10:46:12,data_go_kr,경상북도,A2700002,포항세명기독병원,8,20260726104414,054-289-1711,,,,,,,,,,,,,,,,,6,,1,,3,0,,,,0,2,,,,,2,,,Y,,,,Y,,Y,Y,,,Y,Y,Y,156,Y,4,N1,Y,,13,Y,15,,1,3,2,,,,,,,,,,,52,1,3,,,14,,,6,,6,5,4,25,,,5,1,1,,1,662,,,,,,,,,,,,,,6,,,Y,N1,A2700002,9
2026-07-26 10:46:12,data_go_kr,경상북도,A2700019,의)근원의료재단경산중앙병원,7,20260726104505,053-715-0119,,,,,,,,,,,,,,,,,,,,,2,,,,,1,,,,,44,,,,Y,,,,,,Y,N1,,,N1,Y,N1,58,N1,4,N1,Y,,4,N1,10,,,2,,,,,,,,,,,,11,2,,,,4,,116,,,1,1,,9,,,,,,,,301,,,,,,,,,,,,,,,,,Y,N1,A2700019,10
2026-07-26 10:46:12,data_go_kr,경상북도,A2700036,의료법인서명의료재단세명종합병원,10,20260726104437,053-819-8500,,,,,,,,,,,,,,,,,,,,,2,,,,,,,,,,2,,,,Y,,,,,,Y,N1,,,N1,Y,N1,16,N1,2,N1,Y,,4,N1,13,,,2,,,,,,,,,,,,14,,,,,4,,22,,,1,1,,6,,,,,,,,264,,,,,,,,,,,,,,,,,Y,N1,A2700036,11
2026-07-26 10:46:12,data_go_kr,경상북도,A2700097,계명대학교경주동산병원,6,20260726104410,054-770-9420,,,,,,,,,,,,,,,,,,,,,1,,,,,,,,,,,,,,Y,,,,,,Y,N1,,,N1,Y,N1,34,N1,,N1,Y,,2,N1,9,,,1,,,,,,,,,,,,,,,,,2,,,,,1,1,,1,,,,,,,,88,,,,,,,,,,,,,,,,,Y,N1,A2700097,12
2026-07-26 10:46:12,data_go_kr,경상북도,A2700070,의료법인영암의료재단고령영생병원,3,20260726104515,070-4700-0728,,,,,,,,,,,,,,,,,,,,,1,,,,,,,,,,,,,,Y,,,,,,Y,N1,,,N1,Y,N1,35,N1,,N1,N1,,1,N1,5,,,1,,,,,,,,,,,,,,,,,1,,,,,1,,,1,,,,,,,,59,,,,,,,,,,,,,,,,,Y,N1,A2700070,13
2026-07-26 10:46:12,data_go_kr,경상북도,A2700015,구미강동병원,7,20260726104430,054-478-9521,,,,,,,,,,,,,,,,9,,,1,,2,,,,,,,,,,,,,,Y,,,,Y,,Y,Y,,,N1,Y,N1,40,N1,5,N1,Y,,5,N1,7,,1,2,,,,,,,,,,,,12,,,,,5,,,,,1,1,1,3,,,,,,,,191,,,,,,,,,,,,,9,,,,Y,N1,A2700015,14
2026-07-26 10:46:12,data_go_kr,경상북도,A2700018,경상북도김천의료원,10,20260726104501,054-429-8234,,,,,,,,,,,,,,,,,,,1,,,,,,,0,,,,,,,,,Y,,,,,,Y,N1,,,N1,Y,N1,-4,N1,6,N1,Y,,5,N1,17,,1,,,,,,,,,,,,,22,3,,,,5,,,,,1,2,,7,,,,,,,,274,,,,,,,,,,,,,,,,,Y,N1,A2700018,15
2026-07-26 10:46:12,data_go_kr,경상북도,A2700009,의료법인삼백의료재단상주성모병원,6,20260726104514,054-530-7811,,,,,,,,,,,,,,,,,,,,,1,,,,,,,,,,,,,,Y,,,,,,Y,N1,,,N1,Y,N1,40,N1,6,N1,Y,,3,N1,9,,,1,,,,,,,,,,,,10,,,,,3,,,,,1,1,,1,,,,,,,,172,,,,,,,,,,,,,,,,,Y,N1,A2700009,16
2026-07-26 10:46:12,data_go_kr,경상북도,A2700011,상주적십자병원,2,20260726104422,054-530-3171,,Y,,,,,,,,,,,,,,,,,1,,,,,,,,,,,,,,Y,,Y,,,,,,Y,N1,,,Y,Y,N1,59,N1,6,Y,Y,,3,N1,9,,1,,,,,,,,,,,,,10,,,,,3,,,,1,1,1,,7,,2,1,,,,,164,,,,,,,,,,,,,,,,,Y,N1,A2700011,17
2026-07-26 10:46:12,data_go_kr,경상북도,A2700001,경상북도안동의료원,6,20260726104501,054-850-6100,,,,,,,,,,,,,,,,,,,,,2,,,,,,,,,,,,,,Y,,,,,,Y,N1,,,N1,Y,N1,112,N1,2,N1,Y,,5,N1,6,,,2,,,,,,,,,,,,10,,,,,5,,,,,1,1,,8,,,,,,,,238,,,,,,,,,,,,,,,,,Y,N1,A2700001,18
2026-07-26 10:46:12,data_go_kr,경상북도,A2700031,영주기독병원,-2,20260726104245,054-635-3050,,Y,,,,,,,,,,,,,,,,,,,1,,,,,,,,,,,,Y,,Y,,,,,,Y,N1,,,N1,Y,N1,6,N1,,Y,N1,,1,N1,4,,,1,,,,,,,,,,,,,,,,,1,,,,1,1,,,1,,2,,,,,,70,,,,,,,,,,,,,,,,,Y,N1,A2700031,19
2026-07-26 10:46:12,data_go_kr,경상북도,A2700020,영주자인병원,1,20260726104504,070-7335-5229,,,,,,,,,,,,,,,,,,,,,1,,,,,,,,,,,,,,Y,,,,,,Y,N1,,,N1,Y,N1,30,N1,,N1,Y,,,N1,4,,,1,,,,,,,,,,,,,,,,,2,,,,,1,1,,,,,,,,,,133,,,,,,,,,,,,,,,,,N1,N1,A2700020,20
2026-07-26 10:46:12,data_go_kr,경상북도,A2702752,영주적십자병원,8,20260726104526,054-630-0112,,,,,,,,,,,,,,,,,,,1,,,,,,,,,,,,,,,,Y,,,,,,Y,N1,,,Y,Y,N1,54,N1,1,N1,Y,,3,N1,10,,1,,,,,,,,,,,,,10,,,,,3,,,,,1,1,,4,,,1,,,,,140,,,,,,,,,,,,,,,,,Y,N1,A2702752,21
2026-07-26 10:46:12,data_go_kr,경상북도,A2700017,영남대학교의과대학부속영천병원,9,20260726104257,054-330-7575,,,,,,,,,,,,,,,,,,,1,,2,,,,,,,,,,,,,,Y,,,,,,Y,N1,,,N1,Y,N1,49,N1,3,N1,Y,,4,N1,10,,1,2,,,,,,,,,,,,10,,,,,4,,,,,1,1,,1,,,,,,,,190,,,,,,,,,,,,,,,,,Y,N1,A2700017,22
2026-07-26 10:46:12,data_go_kr,경상북도,A2700023,의료법인서준의료재단예천권병원,6,20260726104045,054-650-2119,,Y,,,,,,,,,,,,,,,,,1,,0,,,,,,,,,,,0,Y,,Y,,,,,,Y,N1,,,N1,Y,N1,74,N1,,Y,Y,,2,N1,6,,1,0,,,,,,,,,,,,,,,,,2,,,0,1,1,1,,3,,2,,,,,,173,,,,,,,,,,,,,,,,,Y,N1,A2700023,23
2026-07-26 10:46:12,data_go_kr,경상북도,E2700553,울릉군보건의료원,3,20260726104501,054-790-6911,,,,,,,,,,,,,,,,,,,,,,,,,,,,,,,,,,,Y,,,,,,Y,N1,,,N1,Y,N1,24,N1,,N1,N1,,1,N1,5,,,,,,,,,,,,,,,,,,,,1,,,,,1,,,1,,,,,,,,27,,,,,,,,,,,,,,,,,Y,N1,E2700553,24
2026-07-26 10:46:12,data_go_kr,경상북도,A2700052,울진군의료원,7,20260726104101,054-785-7119,,,,,,,,,,,,,,,,,,,2,,,,,,,,,,,,,2,,,Y,,,,,,Y,N1,,,N1,Y,N1,22,N1,,N1,Y,,3,N1,8,,2,,,,,,,,,,,,,,,,,,3,,,2,,1,1,,1,,,,,,,,97,,,,,,,,,,,,,,,,,Y,N1,A2700052,25
2026-07-26 10:46:12,data_go_kr,경상북도,A2700063,의료법인영제의료재단영남제일병원,4,20260726103219,054-861-9111,,,,,,,,,,,,,,,,,,,,,1,,,,,,,,,,,,,,Y,,,,,,Y,N1,,,N1,Y,N1,27,N1,,N1,N1,,1,N1,,,,,,,,,,,,,,,,,,,,,,,,,,,,,,,,,,,,,,,,,,,,,,,,,,,,,,Y,N1,A2700063,26
2026-07-26 10:46:12,data_go_kr,경상북도,A2700038,의료법인대남의료재단청도대남병원,6,20260726104313,054-370-5112,,,,,,,,,,,,,,,,,,,,,,,,,,,,,,,,,,,Y,,,,,,Y,N1,,,N1,Y,N1,83,N1,,N1,Y,,1,N1,10,,,,,,,,,,,,,,,,,,,,1,,,,,1,1,,1,,,,,,,,115,,,,,,,,,,,,,,,,,Y,N1,A2700038,27
2026-07-26 10:46:12,data_go_kr,경상북도,E2700554,청송군보건의료원,5,20260726104500,054-870-7119,,,,,,,,,,,,,,,,,,,,,1,,,,,,,,,,,,,,,,,,,,Y,N1,,,N1,N1,N1,57,N1,,N1,N1,,,N1,5,,,1,,,,,,,,,,,,,,,,,,,,,,,,,1,,,,,,,,45,,,,,,,,,,,,,,,,,Y,N1,E2700554,28
2026-07-26 10:46:12,data_go_kr,경상북도,A2700008,에스포항병원,5,20260726104225,054-289-9120,Y,,,,,,,,,,,,,,,,,,,,1,,,,,1,,,,,,,,,Y,,,,Y,,Y,Y,,,Y,Y,N1,85,N1,2,N1,Y,,4,N1,6,,,1,,,,,,,,,,,,14,1,,,,4,,,,,2,2,3,9,9,,1,,,,,239,,,,,,,,,,,,,,,,,Y,Y,A2700008,29
2026-07-26 10:46:12,data_go_kr,경상북도,A2702563,의료법인은성의료재단좋은선린병원,5,20260726104501,054-245-5200,,,,,,,,,,,,,,,,2,,,,,2,,,,,1,,,,,,,,,Y,,,,N,,Y,N,,,N1,Y,N1,77,N1,0,N1,Y,,4,N,10,,,2,,,,,,,,,,,,17,1,,,,4,,,,,1,1,2,7,,,,,,,14,281,,,,,,,,,,,,,2,,,,N,N1,A2702563,30
2026-07-26 10:46:12,data_go_kr,경상북도,A2700005,경상북도포항의료원,8,20260726104501,054-245-0129,,,,,,,,,,,,,,,,,,,1,,0,,,,,1,,,,,7,7,,,Y,,,,,,Y,N1,,,N1,Y,N1,23,N1,4,N1,Y,,3,N1,8,,1,1,,,,,,,,,,,,19,1,,,,3,,56,7,,1,1,,4,,,,,,,,179,,,,,,,,,,,,,,,,,Y,N1,A2700005,31
2026-07-26 10:46:12,data_go_kr,경상남도,A2800011,양산부산대학교병원,16,20260726104327,055-360-1463,Y,Y,2,0,1,1,0,0,,4,,0,0,,4,,,5,,7,1,2,6,2,,0,14,6,,,5,4,Y,,Y,1,,,Y,,Y,Y,,5,Y,Y,Y,296,Y,,Y,Y,19,25,N1,23,8,,1,16,16,11,38,11,2,,9,,,10,,0,30,6,,25,,33,4,4,6,5,6,92,24,23,19,12,2,,,766,2,3,1,1,2,2,,,0,0,,4,,,,,Y,Y,A2800011,1
2026-07-26 10:46:12,data_go_kr,경상남도,A2800001,경상국립대학교병원,10,20260726104503,055-750-8282,Y,Y,,,,,,3,,2,,,,,,,,3,2,4,3,4,,,0,0,11,,26,2,7,5,Y,,Y,,2,6,Y,13,Y,Y,,,Y,Y,Y,246,Y,,Y,Y,4,15,N1,28,3,2,3,14,8,9,15,,,,,20,6,,,3,30,,40,15,2,23,7,7,3,3,5,16,9,20,6,4,17,,,655,,,,,,6,,,,,,,,,2,6,Y,Y,A2800001,2
2026-07-26 10:46:12,data_go_kr,경상남도,A2800020,학교법인성균관대학삼성창원병원,13,20260726104523,055-233-8899,Y,Y,,,,,,1,,2,,,,,,,,8,2,5,3,6,,,,0,17,,,,,3,Y,,Y,,,,Y,,Y,Y,,,Y,Y,Y,253,Y,,Y,Y,19,16,N1,27,8,2,3,19,15,20,24,,,,,,,,,3,30,,,16,,,5,7,4,3,4,45,8,20,5,3,3,,,645,,,,,,1,,,,,,,,,,,Y,Y,A2800020,3
2026-07-26 10:46:12,data_go_kr,경상남도,A2800010,의료법인환명의료재단 조은금강병원,6,20260726104218,055-330-0200,,,,,,,,,,,,,,,,,,,1,,2,,,,,1,,,,,5,,,,Y,,,,Y,,Y,Y,,,N1,Y,N1,73,N1,10,N1,Y,,4,Y,17,,1,2,,,,,,,,,,,,23,1,,,,4,,96,,,1,2,1,7,,,,,,,2,305,,,,,,,,,,,,,,,,,Y,N1,A2800010,4
2026-07-26 10:46:12,data_go_kr,경상남도,A2800006,의료법인숭인의료재단 김해복음병원,8,20260726104242,055-330-8844,,,,,,,,,,,,,,,,,,,1,,3,,,,,1,,,,,,,,,Y,,,,Y,,Y,Y,,,Y,Y,N1,22,N1,0,N1,Y,,5,N1,16,,1,3,,,,,,,,,,,,18,1,,,,5,,,,,2,3,1,3,,,3,,,,,359,,,,,,,,,,,,,,,,,Y,N1,A2800006,5
2026-07-26 10:46:12,data_go_kr,경상남도,A2800043,한일병원,10,20260726104354,055-750-1333,,,,,,,,,,,,,,,,,,,1,,2,1,,,,0,2,,,,,,,,Y,,,,Y,,Y,Y,,,Y,Y,N1,18,N1,0,N1,Y,,4,Y,17,,1,2,2,,,,,,,,,,,13,1,3,,,4,,,,,2,2,1,6,,,1,,,,1,282,,,,,,,,,,,,,,,,,Y,N1,A2800043,6
2026-07-26 10:46:12,data_go_kr,경상남도,A2800003,제일병원,12,20260726104416,055-750-7119,,,,,,,,,,,,,,,,,,,1,,2,,,,,,,,,,,,,Y,Y,,,,Y,,Y,Y,,,N1,Y,N1,57,N1,6,N1,Y,,4,Y,17,,1,2,,,,,,,,,,,,9,,,,,7,,,,,2,2,1,4,,,,,,1,1,258,,,,,,,,,,,,,,,,,Y,N1,A2800003,7
2026-07-26 10:46:12,data_go_kr,경상남도,A2800017,의료법인합포의료재단에스엠지연세병원,8,20260726104509,055-240-7777,,,,,,,,,,,,,,,,,,,1,,2,,,,,1,,,,,,,,,Y,,,,Y,,Y,Y,,,Y,Y,N1,43,N1,5,N1,Y,,4,N1,17,,1,2,,,,,,,,,,,,12,1,,,,4,,,,,1,2,1,7,,,1,,,,,286,,,,,,,,,,,,,,,,,Y,N1,A2800017,8
2026-07-26 10:46:12,data_go_kr,경상남도,A2803505,창원경상국립대학교병원,7,20260726104202,055-214-1339,Y,Y,,,,,,,,,,,,5,0,,,,1,,2,,,,,2,,,,,8,6,Y,,Y,,,,Y,,Y,Y,,,Y,Y,Y,201,Y,13,Y,Y,6,11,N1,18,,1,2,,,,17,,,,,,,,34,2,,,,13,,22,6,9,3,2,5,52,9,22,6,7,14,,,437,,,,,,,,,,,5,0,,,,,Y,Y,A2803505,9
2026-07-26 10:46:12,data_go_kr,경상남도,A2800007,창원한마음병원,8,20260726104510,055-225-0350,Y,Y,,,,,,,,-1,,,,,,,,,1,1,2,,,,,1,,,,,,1,Y,,Y,,,,Y,,Y,Y,,,Y,Y,Y,97,Y,,Y,Y,10,13,Y,21,,1,3,,25,37,10,,,,,,,,,1,,,,13,,,6,2,4,4,4,29,3,11,6,1,2,,2,688,,,,,,,,,,,,,,,,,Y,Y,A2800007,10
2026-07-26 10:46:12,data_go_kr,경상남도,A2800004,창원파티마병원,1,20260726104106,055-270-1119,Y,Y,,,,,,,,4,,,,,,,,,1,6,2,0,,,,0,2,,,,,4,Y,Y,Y,,,,Y,,Y,Y,,,Y,Y,N1,117,Y,,Y,Y,2,7,N1,17,,1,2,2,12,13,2,,,,,,,,,2,3,,,7,,,6,2,4,3,3,16,3,6,3,,4,1,,444,,,,,,,,,,,,,,,,,Y,Y,A2800004,11
2026-07-26 10:46:12,data_go_kr,경상남도,A2800008,의료법인 거붕 백병원,7,20260726100106,055-733-0180,,,,,,,,,,,,,,,,,,,,,1,,,,,,,,,,,,,,Y,,,,,,Y,N1,,,N1,Y,N1,57,N1,9,N1,Y,,4,N1,9,,,1,,,,,,,,,,,,20,,,,,4,,,,,2,2,,12,,,,,,,,365,,,,,,,,,,,,,,,,,Y,N1,A2800008,12
2026-07-26 10:46:12,data_go_kr,경상남도,A2800005,의료법인 대우의료재단대우병원,6,20260726104249,055-680-8119,,,,,,,,,,,,,,,,,,,,,1,,,,,,,,,,,,,,Y,,,,,,Y,N1,,,N1,Y,N1,46,N1,4,N1,Y,,4,N1,9,,,1,,,,,,,,,,,,10,,,,,4,,,,,2,1,,5,,,,,,,,231,,,,,,,,,,,,,,,,,Y,N1,A2800005,13
2026-07-26 10:46:12,data_go_kr,경상남도,A2800022,의료법인 성념의료재단맑은샘병원,7,20260726103652,055-736-0119,,,,,,,,,,,,,,,,,,,,,1,,,,,,,,,,,,,,Y,,,,,,Y,N1,,,N1,Y,N1,19,N1,,N1,Y,,2,N1,9,,,1,,,,,,,,,,,,,,,,,2,,,,,1,1,,4,,,,,,,,200,,,,,,,,,,,,,,,,,Y,N1,A2800022,14
2026-07-26 10:46:12,data_go_kr,경상남도,A2800076,거창적십자병원,3,20260726104524,055-949-3359,,Y,,,,,,,,,,,,,,,,,,,1,,,,,,,,,,,,Y,,Y,,,,,,Y,N1,,,N1,Y,N1,33,N1,,Y,Y,,2,N1,9,,,1,,,,,,,,,,,,,,,,,2,,,,1,1,1,,2,,2,,,,,,91,,,,,,,,,,,,,,,,,Y,N1,A2800076,15
2026-07-26 10:46:12,data_go_kr,경상남도,A2800032,강병원,4,20260726104208,055-673-4848,,,,,,,,,,,,,,,,,,,,,1,,,,,,,,,,,,,,Y,,,,,,Y,N1,,,N1,Y,N1,17,N1,,N1,Y,,1,N1,9,,,1,,,,,,,,,,,,,,,,,1,,,,,1,1,,1,,,,,,,,99,,,,,,,,,,,,,,,,,Y,N1,A2800032,16
2026-07-26 10:46:12,data_go_kr,경상남도,A2803677,강일병원,3,20260726104040,055-822-0119,,,,,,,,,,,,,,,,,,,1,,2,,,,,,,,,,,,,,Y,,,,Y,,Y,Y,,,N1,Y,N1,125,N1,13,N1,Y,,5,N1,8,,1,2,,,,,,,,,,,,15,,,,,5,,,,,1,2,1,1,,,,,,,,275,,,,,,,,,,,,,,,,,Y,N1,A2803677,17
2026-07-26 10:46:12,data_go_kr,경상남도,A2800014,의료법인갑을의료재단 갑을장유병원,-2,20260726104529,055-310-6119,,,,,,,,,,,,,,,,,,,1,,,,,,,,,,,,,,,,Y,,,,,,Y,N1,,,N1,Y,N1,40,N1,,N1,Y,,4,N1,9,,1,,,,,,,,,,,,,,,,,,4,,,,,1,1,,1,,,,,,,,210,,,,,,,,,,,,,,,,,Y,N1,A2800014,18
2026-07-26 10:46:12,data_go_kr,경상남도,A2800094,의료법인 이도의료재단 남해병원,7,20260726102616,055-860-6630,N,N,,,,,,,,,,,,,,,,,1,,1,,,,,,,,,,,,N,N,Y,,,,N,,Y,N,,,N,Y,N,75,N,,N,Y,,2,N,,,,,,,,,,,,,,,,,,,,,,,,,,,,,,,,,,,,,,,,,,,,,,,,,,,,,,N,N,A2800094,19
2026-07-26 10:46:12,data_go_kr,경상남도,A2800113,밀양병원,0,20260726104432,055-356-9119,,,,,,,,,,,,,,,,,,,,,1,,,,,,,,,,,,,,Y,,,,,,Y,N1,,,N1,Y,N1,29,N1,,N1,Y,,0,N1,8,,,1,,,,,,,,,,,,,,,,,0,,,,,1,1,,1,,,,,,,,200,,,,,,,,,,,,,,,,,Y,N1,A2800113,20
2026-07-26 10:46:12,data_go_kr,경상남도,A2800068,의료법인승연의료재단 삼천포서울병원,7,20260726103757,055-830-9019,,,,,,,,,,,,,,,,,,,,,1,,,,,,,,,,,,,,Y,,,,Y,,Y,Y,,,N1,Y,N1,33,N1,,N1,Y,,3,Y,9,,,1,,,,,,,,,,,,,,,,,3,,,,,1,2,1,4,,,,,,,1,287,,,,,,,,,,,,,,,,,Y,N1,A2800068,21
2026-07-26 10:46:12,data_go_kr,경상남도,A2800101,삼천포제일병원,8,20260726104105,055-830-3099,,,,,,,,,,,,,,,,,,,,,2,,,,,,,,,,,,,,Y,,,,,,Y,N1,,,N1,Y,N1,70,N1,,N1,Y,,2,Y,8,,,2,,,,,,,,,,,,,,,,,2,,,,,1,1,,1,,,,,,,1,214,,,,,,,,,,,,,,,,,Y,N1,A2800101,22
2026-07-26 10:46:12,data_go_kr,경상남도,E2800380,산청군보건의료원,5,20260726104501,055-970-7582,,,,,,,,,,,,,,,,,,,,,1,,,,,,,,,,,,,,,,,,,,Y,N1,,,N1,N1,N1,20,N1,,N1,N1,,,N1,5,,,1,,,,,,,,,,,,,,,,,,,,,,,,,1,,,,,,,,20,,,,,,,,,,,,,,,,,Y,N1,E2800380,23
2026-07-26 10:46:12,data_go_kr,경상남도,A2804593,양산성모병원,10,20260726104446,055-912-9785,,,,,,,,,,,,,,,,,,,1,,,,,,,,,,,,,,,,Y,,,,,,Y,N1,,,N1,Y,N1,143,N1,3,N1,Y,,4,N1,13,,1,,,,,,,,,,,,,6,,,,,4,,,,,1,2,,1,,,,,,,,214,,,,,,,,,,,,,,,,,Y,N1,A2804593,24
2026-07-26 10:46:12,data_go_kr,경상남도,A2800019,베데스다복음병원,4,20260726104342,055-781-9911,,,,,,,,,,,,,,,,,,,,,1,,,,,,,,,,,,,,Y,,,,,,Y,N1,,,N1,Y,N1,47,N1,,N1,Y,,3,N1,9,,,1,,,,,,,,,,,,,,,,,3,,,,,1,1,,1,,,,,,,,133,,,,,,,,,,,,,,,,,Y,N1,A2800019,25
2026-07-26 10:46:12,data_go_kr,경상남도,A2800090,의령병원,1,20260726104102,055-573-6806,,,,,,,,,,,,,,,,,,,,,1,,,,,,,,,,,,,,Y,,,,,,Y,N1,,,N1,Y,N1,35,N1,,N1,N1,,,N1,4,,,1,,,,,,,,,,,,,,,,,,,,,,1,,,1,,,,,,,,58,,,,,,,,,,,,,,,,,Y,N1,A2800090,26
2026-07-26 10:46:12,data_go_kr,경상남도,A2800084,반도병원,4,20260726104502,055-749-0200,,,,,,,,,,,,,,,,,,,,,1,,,,,,,,,,,,,,Y,,,,,,Y,N1,,,N1,Y,N1,68,N1,,N1,Y,,3,N1,7,,,1,,,,,,,,,,,,,,,,,3,,,,,1,1,,3,,,,,,,,165,,,,,,,,,,,,,,,,,Y,N1,A2800084,27
2026-07-26 10:46:12,data_go_kr,경상남도,A2800015,의료법인 문병욱의료재단 진주고려병원,6,20260726104326,055-751-2525,,,,,,,,,,,,,,,,,,,,,1,,,,,,,,,,,,,,Y,,,,Y,,Y,Y,,,N1,Y,N1,76,N1,4,N1,Y,,4,Y,10,,,1,,,,,,,,,,,,9,,,,,4,,,,,2,2,1,4,,,,,,,1,229,,,,,,,,,,,,,,,,,Y,N1,A2800015,28
2026-07-26 10:46:12,data_go_kr,경상남도,A2800037,진주복음병원,2,20260726104431,055-749-7119,,,,,,,,,,,,,,,,,,,,,1,,,,,,,,,,,,,,Y,,,,,,Y,N1,,,N1,Y,N1,41,N1,,N1,N,,3,N1,9,,,1,,,,,,,,,,,,,,,,,3,,,,,1,1,,1,,,,,,,,131,,,,,,,,,,,,,,,,,N,N1,A2800037,29
2026-07-26 10:46:12,data_go_kr,경상남도,A2800062,태황의료재단한성병원,0,20260726104513,055-530-5119,,,,,,,,,,,,,,,,,,,,,1,,,,,,,,,,,,,,,,,,,,Y,N1,,,N1,N1,N1,49,N1,,N1,N1,,,N1,9,,,1,,,,,,,,,,,,,,,,,,,,,,,,,,,,,,,,,167,,,,,,,,,,,,,,,,,N1,N1,A2800062,30
2026-07-26 10:46:12,data_go_kr,경상남도,A2800025,경상남도마산의료원,10,20260726104502,055-249-1119,,,,,,,,,,,,,,,,,,,1,,1,,,,,2,,,,,,19,,,Y,,,,,,Y,N1,,,Y,Y,N1,70,N1,5,N1,Y,,5,N1,13,,1,1,,,,,,,,,,,,6,2,,,,5,,,27,,1,1,,17,,,2,,,,,263,,,,,,,,,,,,,,,,,Y,N1,A2800025,31
2026-07-26 10:46:12,data_go_kr,경상남도,A2800009,의료법인청아의료재단청아병원,2,20260726104525,055-230-1700,,,,,,,,,,,,,,,,,,,,,1,,,,,,,,,,,,,,Y,,,,,,Y,N1,,,N1,Y,N1,75,N1,,N1,Y,,4,N1,9,,,1,,,,,,,,,,,,,,,,,4,,,,,2,2,,4,,,,,,,,274,,,,,,,,,,,,,,,,,Y,N1,A2800009,32
2026-07-26 10:46:12,data_go_kr,경상남도,A2800021,연세에스병원,9,20260726104133,055-548-7789,,,,,,,,,,,,,,,,,,,,,1,,,,,,,,,,,,,,Y,,,,Y,,Y,Y,,,N1,Y,N1,113,N1,7,N1,Y,,2,N1,9,,,1,,,,,,,,,,,,10,,,,,3,,,,,2,2,1,5,,,,,,,,255,,,,,,,,,,,,,,,,,Y,N1,A2800021,33
2026-07-26 10:46:12,data_go_kr,경상남도,A2800092,새통영병원,3,20260726104430,055-640-4119,,,,,,,,,,,,,,,,,,,,,1,,,,,,,,,,,,,,Y,,,,,,Y,N1,,,N1,Y,N1,59,N1,,N1,Y,,3,N1,9,,,1,,,,,,,,,,,,,,,,,3,,,,,1,2,,3,,,,,,,,256,,,,,,,,,,,,,,,,,Y,N1,A2800092,34
2026-07-26 10:46:12,data_go_kr,경상남도,A2800080,함양성심병원,3,20260726104210,055-964-4322,,,,,,,,,,,,,,,,,,,,,1,,,,,,,,,,,,,,Y,,,,,,Y,N1,,,N1,Y,N1,4,N1,,N1,Y,,2,N1,4,,,1,,,,,,,,,,,,,,,,,2,,,,,1,1,,1,,,,,,,,121,,,,,,,,,,,,,,,,,Y,N1,A2800080,35
2026-07-26 10:46:12,data_go_kr,경상남도,A2800055,삼성합천병원,0,20260726104501,070-5125-5030,,,,,,,,,,,,,,,,,,,,,1,,,,,,,,,,,,,,Y,,,,,,Y,N1,,,N1,Y,N1,25,N1,,N1,Y,,2,N1,4,,,1,,,,,,,,,,,,,,,,,2,,,,,1,1,,1,,,,,,,,141,,,,,,,,,,,,,,,,,Y,N1,A2800055,36
2026-07-26 10:46:12,data_go_kr,제주특별자치도,A2900001,제주한라병원,2,20260726104901,064-740-5159,Y,Y,,,,,1,1,,,4,,,,,,,3,2,,3,2,,,,,24,,10,2,,,Y,,Y,,1,6,Y,8,Y,Y,,,Y,Y,Y,164,Y,8,Y,Y,3,6,N1,15,3,2,3,14,,,7,,,,,20,,,15,,30,,40,6,2,,,2,3,2,3,46,3,8,9,4,2,,,414,,,,,4,2,,4,,,,,,,2,6,Y,Y,A2900001,1
2026-07-26 10:46:12,data_go_kr,제주특별자치도,A2900002,제주특별자치도서귀포의료원,9,20260726104402,064-730-3001,,Y,,,,,,,,,,,,,,,,3,1,,4,2,,,,3,3,,,,3,,Y,,Y,,,,Y,,Y,Y,,,Y,Y,N1,152,N1,8,Y,N,,4,Y,16,4,1,4,2,,,,,,,,,,,17,3,3,,,4,,26,,1,2,1,1,16,,4,3,,,,1,326,,,,,,,,,,,,,,,,,Y,N1,A2900002,2
2026-07-26 10:46:12,data_go_kr,제주특별자치도,A2900007,제주대학교병원,9,20260726104500,,Y,Y,,,,,,,,0,,,,,,,,,1,3,3,,3,,3,,,,,,4,5,Y,,Y,,,,Y,,Y,Y,,,Y,Y,Y,133,Y,,Y,Y,9,11,N1,20,,1,5,,12,12,16,3,,,,,6,,,,,,,12,,20,9,3,2,2,4,45,8,17,10,5,3,,,458,,,,,,,,,,,,,,,,,Y,Y,A2900007,3
2026-07-26 10:46:12,data_go_kr,제주특별자치도,A2900005,한마음병원,12,20260726104527,064-750-9119,,,,,,,,,,,,,,,,,,,0,,0,,,,,,,,,,,,,,Y,,,,Y,,Y,Y,,,Y,Y,N1,74,N1,7,N1,Y,,4,N1,17,,1,2,,,,,,,,,,,,12,,,,,4,,,,,1,1,1,6,,,2,,,,,216,,,,,,,,,,,,,,,,,Y,N1,A2900005,4
2026-07-26 10:46:12,data_go_kr,제주특별자치도,A2900006,의료법인중앙의료재단중앙병원,7,20260726104459,064-786-7777,,,,,,,,,,,,,,,,,,1,1,,2,,,,,,,,,,,,,,Y,,,,Y,,Y,Y,,,Y,Y,Y,99,N1,8,N1,Y,,3,N1,16,1,1,2,,,,,,,,,,,,16,,,,,3,,,,,1,1,2,10,,,2,1,,,,281,,,,,,,,,,,,,,,,,Y,N1,A2900006,5
2026-07-26 10:46:12,data_go_kr,제주특별자치도,A2900003,의료법인 혜인의료재단 한국병원,5,20260726104433,064-750-0160,,,,,,,,,,,,,,,,,,,,,1,,,,,,,,,,,,,,Y,,,,,,Y,N1,,,N1,Y,N1,46,N1,0,N1,Y,,3,N1,9,,,1,,,,,,,,,,,,10,,,,,3,,,,,1,1,,6,,,,,,,,209,,,,,,,,,,,,,,,,,Y,N1,A2900003,6
2026-07-26 14:21:31,data_go_kr,서울특별시,A1100043,강동경희대학교병원,4,20260726142018,02-440-7000,Y,Y,,,,,2,,,,,,,,,1,,3,0,,0,2,,,,,3,,,,,0,Y,N,Y,,,,Y,,Y,Y,,,Y,Y,Y,199,Y,6,Y,Y,3,16,N,15,3,2,3,19,,,17,,,,,,,,27,,30,,,17,,,1,8,2,2,3,32,9,13,4,1,1,0,0,625,,,,,3,,,,,,,,2,,,,Y,Y,A1100043,1
2026-07-26 14:21:31,data_go_kr,서울특별시,A1100014,고려대학교의과대학부속구로병원,5,20260726142028,02-2626-1550,Y,Y,5,,,,,,,1,,,,,,,,2,,1,,1,,,,2,5,,,,3,2,Y,,Y,,,,Y,,Y,Y,,,Y,Y,Y,113,Y,9,Y,Y,0,24,N1,29,3,,,20,20,10,23,,,,,,,,35,10,30,,,24,,18,4,2,6,6,4,98,11,35,15,10,3,,,778,5,,,,,,,,,,,,,,,,Y,Y,A1100014,2
2026-07-26 14:21:31,data_go_kr,서울특별시,A1100013,한양대학교병원,11,20260726141800,02-2290-8284,Y,Y,4,4,,,1,4,,0,,,,,,,,2,,7,,7,,,,1,9,,,,1,0,Y,,Y,,,,Y,,Y,Y,,,Y,Y,Y,263,Y,0,Y,Y,2,16,Y,20,3,,,22,12,13,25,,,,,,,,0,2,30,,,16,,16,2,1,3,2,3,69,10,20,11,4,3,,1,670,4,8,,,2,5,,,,,,,,,,,Y,Y,A1100013,3
2026-07-26 14:21:31,data_go_kr,서울특별시,A1100008,학교법인고려중앙학원고려대학교의과대학부속병원(안암병원),11,20260726141735,02-920-5374,Y,Y,2,5,,,0,,,1,,,,,,,,4,,2,,0,,,3,1,20,,,,2,1,Y,,Y,,,,Y,,Y,Y,,,Y,Y,Y,88,Y,,Y,Y,0,24,N1,30,4,,,15,16,19,17,,,,,,9,,,6,31,,,25,,10,3,4,7,6,8,84,14,20,11,8,7,,,777,2,7,,,6,,,,,,,,,,,,Y,Y,A1100008,4
2026-07-26 14:21:31,data_go_kr,서울특별시,A1100005,이화여자대학교의과대학부속목동병원,11,20260726141548,02-2650-5911,Y,Y,,,,,0,0,,1,,,,,,,,8,2,4,4,6,,,,0,17,,,,4,4,Y,,Y,5,,,Y,,Y,Y,,,Y,Y,Y,89,Y,,Y,Y,12,13,N1,19,8,2,4,19,10,13,28,,,,14,,,,,4,32,,,13,,10,9,2,4,4,4,58,10,34,9,3,5,,,526,,,,,1,1,,,,,,,,,,,Y,Y,A1100005,5
2026-07-26 14:21:31,data_go_kr,서울특별시,A1100017,서울대학교병원,-5,20260726142019,02-2072-2475,Y,Y,,,1,1,1,0,,1,,0,0,,1,,,3,2,8,4,9,4,1,4,11,19,6,,,6,5,Y,Y,Y,0,,,Y,,Y,Y,3,1,Y,Y,Y,280,Y,,Y,Y,2,53,N1,24,10,2,4,17,10,18,40,22,2,10,5,,8,10,,28,30,6,,53,,41,7,4,13,13,14,160,19,46,22,9,3,1,,1365,,,1,1,2,1,,,0,0,,8,,,,,Y,Y,A1100017,6
2026-07-26 14:21:31,data_go_kr,서울특별시,A1100035,서울특별시서울의료원,6,20260726142000,02-2276-7000,Y,Y,,,,,0,3,1,0,,,,,,,,1,2,,3,5,,,,,4,,,,11,2,Y,Y,Y,1,,,Y,,Y,Y,,,Y,Y,Y,93,Y,2,Y,Y,2,10,Y,19,3,2,3,14,7,,3,,,,6,,,,5,,28,,,10,,30,3,4,5,3,5,65,5,12,7,2,4,1,2,461,,,,,2,4,2,,,,,,,,,,Y,Y,A1100035,7
2026-07-26 14:21:31,data_go_kr,서울특별시,A1100015,연세대학교의과대학강남세브란스병원,4,20260726141834,02-2019-3333,Y,Y,,,,,,,,,,,,,,,,2,1,,1,,,,4,,,,,,,5,Y,,Y,8,,,Y,,Y,Y,,,Y,Y,Y,68,Y,14,Y,Y,0,23,N1,21,2,1,2,,,,28,,,,12,,8,,29,,,,,23,,,5,1,4,3,6,47,10,23,6,3,5,,,691,,,,,,,,,,,,,,,,,Y,Y,A1100015,8
2026-07-26 14:21:31,data_go_kr,서울특별시,A1100010,삼성서울병원,-6,20260726142016,02-3410-2060,Y,Y,,,,,,,,15,,,,,,,,2,2,17,0,,7,,5,2,,,,,6,13,Y,,Y,6,,,Y,,Y,Y,,20,Y,Y,Y,340,Y,14,Y,Y,1,53,N1,52,4,2,2,,30,23,59,15,,,12,,12,36,14,2,,,,53,,27,18,8,19,16,15,117,22,43,21,11,2,,,1528,,,,,,,,,,,,,,,,,Y,Y,A1100010,9
2026-07-26 14:21:31,data_go_kr,서울특별시,A1100028,성심의료재단강동성심병원,5,20260726141540,02-2224-2358,Y,Y,,,,,,,,1,,,,,,,2,,1,,4,,,,,2,,,,,,0,Y,,Y,,,,Y,,Y,Y,,,Y,Y,Y,181,Y,-2,Y,Y,3,13,N1,15,,1,6,,18,,3,,,,,,,,19,5,,,,13,,,2,1,4,2,5,35,3,3,8,3,1,,,566,,,,,,,,,,,,,,2,,,Y,Y,A1100028,10
2026-07-26 14:21:31,data_go_kr,서울특별시,A1100053,한국보훈복지의료공단중앙보훈병원,21,20260726141846,02-2225-1100,,,,,,,,,,6,,,,,,,,,1,10,2,0,,,3,1,0,,,,35,0,N,,Y,2,,,Y,,Y,Y,,,Y,Y,Y,162,N1,,N1,Y,,13,N1,22,,1,2,2,14,14,,,,,13,,10,,,1,3,,,13,,60,7,1,3,4,4,38,,,10,1,,,,820,,,,,,,,,,,,,,,,,Y,N1,A1100053,11
2026-07-26 14:21:31,data_go_kr,서울특별시,A1120796,이화여자대학교의과대학부속서울병원,-1,20260726141644,02-6986-5119,Y,Y,,,,,,,,0,,,,,,,,4,2,8,5,,,,2,1,,,,,,3,Y,,Y,3,,,Y,,Y,Y,,4,Y,Y,Y,216,Y,0,Y,Y,1,17,N1,14,9,2,6,,10,17,24,,,,17,,11,19,11,7,,,,19,,,4,2,5,5,8,71,9,22,12,4,5,,,732,,,,,,,,,,,,,,,,,Y,Y,A1120796,12
2026-07-26 14:21:31,data_go_kr,서울특별시,A1100041,의료법인서울효천의료재단에이치플러스양지병원,17,20260726142011,070-4665-9119,,,,,,,,,,,,,,,,,,,1,,2,,,,,1,,,,,,2,,,Y,,,,Y,,Y,Y,,,Y,Y,Y,63,Y,1,N1,Y,,6,N1,18,,1,2,,,,,,,,,,,,20,1,,,,7,,,3,,2,3,3,23,,,4,1,1,,,301,,,,,,,,,,,,,,,,,Y,N1,A1100041,13
2026-07-26 14:21:31,data_go_kr,서울특별시,A1100002,건국대학교병원,7,20260726141747,02-2030-5555,Y,Y,,,,,,,,7,,,,,,,,4,1,15,2,,,,,1,,,,,9,2,Y,,Y,,,,Y,,Y,Y,,,Y,Y,Y,259,Y,,Y,Y,0,21,N1,20,4,1,2,,24,25,16,,,,,,,,,1,,,,21,,14,3,2,4,4,5,45,7,18,7,3,14,,,678,,,,,,,,,,,,,,,,,Y,Y,A1100002,14
2026-07-26 14:21:31,data_go_kr,서울특별시,A1100016,인제대학교상계백병원,6,20260726141830,02-950-1119,Y,Y,,,,,,,,0,,,,,,,1,,1,5,0,,,,,1,,,,,3,1,Y,,Y,,,,Y,,Y,Y,,,Y,Y,Y,120,Y,,Y,Y,1,13,N1,16,,1,2,,19,18,15,,,,,,,,,4,,,,13,,5,2,2,3,2,3,36,10,25,10,3,1,,,390,,,,,,,,,,,,,,4,,,Y,Y,A1100016,15
2026-07-26 14:21:31,data_go_kr,서울특별시,A1100048,노원을지대학교병원,13,20260726141602,02-970-8282,Y,Y,,,,,,,,4,,,,,,,,,1,5,4,,,,,2,,,,,3,0,Y,,Y,,0,0,Y,,Y,Y,,,Y,Y,Y,224,N1,,Y,Y,1,11,N1,17,,1,4,,16,16,10,,,,,,,,,2,,,,11,,21,1,3,2,2,2,26,8,19,3,1,,,,479,,,,,,,,,,,,,,,0,0,Y,Y,A1100048,16
2026-07-26 14:21:31,data_go_kr,서울특별시,A1100020,의료법인한전의료재단한일병원,7,20260726142003,02-901-3119,N,N,,,,,,,,,,,,,,,,2,2,,1,0,,,,0,2,,,,,1,,Y,Y,,,,Y,,Y,Y,,,Y,Y,N1,83,Y,4,N,Y,,8,Y,21,2,2,2,2,,,,,,,,,,,21,1,3,,,8,,,5,,2,1,1,25,1,4,2,,4,2,2,389,,,,,,,,,,,,,,,,,Y,N,A1100020,17
2026-07-26 14:21:31,data_go_kr,서울특별시,A1100001,경희대학교병원,8,20260726142035,02-958-8114,Y,Y,,,,,,,,,,,,,,,,3,2,,3,,,,,,,,,,10,9,Y,,Y,4,,,Y,,Y,Y,,,Y,Y,Y,212,Y,19,Y,Y,1,16,N1,15,3,2,3,,,,14,,,,15,,,,73,,,,,16,,20,10,3,3,3,5,48,6,12,8,3,2,,,657,,,,,,,,,,,,,,,,,Y,Y,A1100001,18
2026-07-26 14:21:31,data_go_kr,서울특별시,A1100021,삼육서울병원,5,20260726141934,02-2210-3566,,N,,,,,,,,,,,,,,,0,,1,,0,0,,,,1,1,,,,,3,Y,,Y,,,,Y,,Y,Y,,,Y,Y,Y,79,Y,4,N,Y,4,5,Y,13,,1,2,2,,,4,,,,,,,,15,1,3,,,5,,,4,2,1,1,2,20,,4,5,2,1,,1,389,,,,,,,,,,,,,,4,,,Y,N1,A1100021,19
2026-07-26 14:21:31,data_go_kr,서울특별시,A1100040,서울특별시보라매병원,11,20260726142000,02-870-2119,Y,Y,,,,,,,,4,,,,,,,,3,2,10,0,,,,3,1,,,,,0,0,Y,,Y,,,,Y,,Y,Y,,,Y,Y,Y,236,Y,,Y,Y,0,14,N1,31,3,2,1,,15,16,14,,,,,,4,,,4,,,,14,,14,3,4,6,3,5,48,14,13,5,9,2,,,695,,,,,,,,,,,,,,,,,Y,Y,A1100040,20
2026-07-26 14:21:31,data_go_kr,서울특별시,A1100003,중앙대학교병원,4,20260726142008,02-6299-1338,Y,Y,0,0,,,1,,,1,,,,,4,,,0,0,6,0,5,,,,1,,,,,4,2,Y,,Y,,,,Y,,Y,Y,,,Y,Y,Y,212,Y,,Y,Y,0,16,N1,18,4,0,0,12,12,17,25,,,,,,,,,11,,,,16,,24,2,2,4,3,4,51,9,21,13,6,12,,,631,0,0,,,1,,,,,,,4,,,,,Y,Y,A1100003,21
2026-07-26 14:21:31,data_go_kr,서울특별시,A1100007,연세대학교의과대학세브란스병원,5,20260726141800,02-2227-7777,Y,Y,,,1,1,,,,5,,,,,,,,1,1,13,2,,5,1,14,3,,3,,,0,0,Y,Y,Y,5,,,Y,,Y,Y,4,8,Y,Y,Y,332,Y,5,Y,Y,12,1,N1,39,8,1,3,,29,24,52,22,2,10,29,,23,17,18,5,,6,,2,,20,30,8,16,16,17,206,55,61,21,16,21,1,,1872,,,1,1,,,,,,,,,,,,,Y,Y,A1100007,22
2026-07-26 14:21:31,data_go_kr,서울특별시,A1100012,학교법인가톨릭학원가톨릭대학교서울성모병원,-7,20260726142012,02-2258-2370,Y,Y,1,3,1,1,,,,7,,,,,,,,1,,16,,,1,1,3,11,,0,,,16,4,Y,,Y,16,,,Y,,Y,Y,,6,Y,Y,Y,296,Y,1,Y,Y,6,32,N1,28,7,,,,22,22,50,3,2,,19,,10,8,5,18,,6,,32,,35,10,2,9,10,8,80,40,39,11,9,4,,,1059,1,5,1,1,,,,,,,,,,,,,Y,Y,A1100012,23
2026-07-26 14:21:31,data_go_kr,서울특별시,A1100009,재단법인아산사회복지재단서울아산병원,3,20260726141915,02-3010-3333,Y,Y,,,2,1,1,2,,0,,,,,,,,7,1,13,8,2,3,1,5,9,4,0,,,8,5,Y,,Y,2,,,Y,,Y,Y,7,5,Y,Y,Y,348,Y,10,Y,Y,10,3,Y,36,11,1,22,2,24,37,61,26,2,13,12,,12,12,12,47,4,6,,4,,28,8,8,21,15,17,190,33,49,30,14,5,,1,2089,,,2,1,1,6,,,,,,,,,,,Y,Y,A1100009,24
2026-07-26 14:21:31,data_go_kr,서울특별시,A1100011,가톨릭대학교여의도성모병원,10,20260726142012,02-3779-1199,,,,,,,,,,0,,,,,,,,,1,1,4,,,,,1,,,,,,1,Y,,Y,2,,,Y,,Y,Y,,,Y,Y,Y,110,Y,,N1,Y,,13,N1,15,,1,4,,11,9,,,,,9,,,,,1,,,,13,,,1,2,2,2,2,23,,,5,2,2,,,330,,,,,,,,,,,,,,,,,Y,N1,A1100011,25
2026-07-26 14:21:31,data_go_kr,서울특별시,A1100055,한림대학교강남성심병원,11,20260726141711,02-829-5119,Y,Y,,,,,,,,0,,,,,,,,3,1,1,4,,,,6,1,,,,,,,Y,,Y,,,,Y,,Y,Y,,,Y,Y,Y,170,Y,,Y,Y,0,14,N1,20,3,1,4,,21,25,12,,,,,,10,,,7,,,,14,,,,3,3,3,3,54,21,22,13,3,2,,,496,,,,,,,,,,,,,,,,,Y,Y,A1100055,26
2026-07-26 14:21:31,data_go_kr,서울특별시,A1100054,성애의료재단성애병원,8,20260726141751,02-840-7115,Y,Y,,,,,,,,,,,,,,,,,1,,4,,,,,1,,,,,,,Y,,Y,,,,Y,,Y,Y,,,Y,Y,N1,51,N1,3,Y,Y,3,5,N1,15,,1,4,,,,4,,,,,,,,19,1,,,,5,,,,2,2,2,1,8,5,14,2,,,,,252,,,,,,,,,,,,,,,,,Y,Y,A1100054,27
2026-07-26 14:21:31,data_go_kr,서울특별시,A1100004,순천향대학교부속서울병원,8,20260726141824,02-709-9117,Y,Y,,,,,,,,,,,0,,0,,0,4,1,,2,,,,,1,,,,,10,3,Y,,Y,,,,Y,,Y,Y,,,Y,Y,Y,193,Y,3,Y,Y,1,14,N1,20,4,1,2,,,,13,,,,,,,,45,10,,,,14,,21,4,7,3,3,4,51,8,17,14,5,3,,,600,,,,,,,,,,0,,0,,0,,,Y,Y,A1100004,28
2026-07-26 14:21:31,data_go_kr,서울특별시,A1121013,가톨릭대학교은평성모병원,7,20260726142012,02-1811-7755,Y,Y,,,,,,,,1,,,,,,,,7,0,3,2,,,,8,1,,,,,,0,Y,,Y,0,,,Y,,Y,Y,,,Y,Y,Y,190,Y,,Y,Y,5,19,N1,24,8,2,2,,16,9,19,,,,13,,12,,,4,,,,19,,,5,1,4,3,5,46,19,22,10,5,20,,,651,,,,,,,,,,,,,,,,,Y,Y,A1121013,29
2026-07-26 14:21:31,data_go_kr,서울특별시,A1100006,강북삼성병원,2,20260726142031,02-2001-1000,Y,Y,,,,,,,,,,,,,,,,2,1,1,1,,,,,1,,,,,9,2,Y,,Y,2,,,Y,,Y,Y,,3,Y,Y,Y,128,Y,9,Y,Y,0,15,N1,15,2,1,2,,,4,7,,,,12,,,8,24,5,,,,16,,18,3,1,5,4,6,54,13,14,8,4,3,,,526,,,,,,,,,,,,,,,,,Y,Y,A1100006,30
2026-07-26 14:21:31,data_go_kr,서울특별시,A1100052,국립중앙의료원,10,20260726141904,02-2276-2114,N,Y,,,,,,,,,,0,,,0,0,5,3,2,0,2,2,,,,2,0,,11,2,,4,Y,,Y,,2,6,Y,8,Y,Y,,,Y,Y,Y,3,Y,2,Y,Y,,7,N1,15,3,2,3,6,,0,,,,,,20,,,13,2,0,,50,7,2,,7,1,1,1,2,56,1,3,5,5,2,,,202,,,,,,,,,0,,,0,0,5,2,6,Y,N,A1100052,31
2026-07-26 14:21:31,data_go_kr,서울특별시,A1100036,부민병원,9,20260726141655,02-2620-0119,,Y,,,,,,,,,,,,,,,,,1,,,,,,,0,,,,,,0,Y,,Y,,,,Y,,Y,Y,,,Y,Y,Y,67,N1,1,Y,Y,,8,N1,10,,1,,,,,,,,,,,,,14,1,,,,8,,,3,1,3,3,1,22,,1,2,1,,,,282,,,,,,,,,,,,,,,,,Y,N1,A1100036,32
2026-07-26 14:21:31,data_go_kr,서울특별시,A1100051,혜민병원,7,20260726141637,02-2049-9119,,,,,,,,,,,,,,,,,,,1,,,,,,,,,,,,,,,,Y,,,,,,Y,N1,,,Y,Y,N1,31,N1,8,N1,Y,,5,N1,9,,1,,,,,,,,,,,,,19,,,,,5,,,,,2,2,,16,,,2,,,,,205,,,,,,,,,,,,,,,,,Y,N1,A1100051,33
2026-07-26 14:21:31,data_go_kr,서울특별시,A1100026,구로성심병원,9,20260726141849,02-2067-1515,,,,,,,,,,,,,,,,,,,,,1,,,,,,,,,,,,,,Y,,,,,,Y,N1,,,N1,Y,N1,42,N1,4,N1,Y,,3,N1,9,,,1,,,,,,,,,,,,11,,,,,3,,,,,1,1,,5,,,,,,,,191,,,,,,,,,,,,,,,,,Y,N1,A1100026,34
2026-07-26 14:21:31,data_go_kr,서울특별시,A1100049,희명병원,4,20260726142013,02-809-0122,,,,,,,,,,,,,,,,,,,,,1,,,,,,,,,,,,,,Y,,,,,,Y,N1,,,Y,Y,Y,117,N1,2,N1,Y,,4,N1,10,,,1,,,,,,,,,,,,19,,,,,4,,,,,1,1,,9,,,1,1,,,,228,,,,,,,,,,,,,,,,,Y,N1,A1100049,35
2026-07-26 14:21:31,data_go_kr,서울특별시,A1100027,한국원자력의학원원자력병원,6,20260726141938,02-970-2620,,Y,,,,,,,,,,,,,,,1,,1,,1,,,,,1,,,,,,1,Y,,Y,,,,Y,,Y,Y,,,Y,Y,N1,259,N1,8,Y,Y,,10,N1,9,,1,1,,,,,,,,,,,,10,1,,,,10,,,1,1,4,2,1,16,,2,1,,,,,444,,,,,,,,,,,,,,1,,,Y,N1,A1100027,36
2026-07-26 14:21:31,data_go_kr,서울특별시,A1100022,서울특별시동부병원,7,20260726142020,02-920-9119,,Y,,,,,,,,,,,,,,,,,1,,1,,,,,1,,,,,,,Y,,Y,,,,,,Y,N1,,,Y,Y,N1,23,N1,1,Y,Y,,3,N1,8,,1,1,,,,,,,,,,,,8,1,,,,3,,,,1,1,1,,7,,1,1,,,,,195,,,,,,,,,,,,,,,,,Y,N1,A1100022,37
2026-07-26 14:21:31,data_go_kr,서울특별시,A1100050,서울성심병원,14,20260726141920,02-966-1616,,,,,,,,,,,,,,,,,,,1,,2,,,,,,,,,,,,,,Y,,,,,,Y,N1,,,N1,Y,N1,67,N1,9,N1,Y,,6,N1,17,,1,2,,,,,,,,,,,,10,,,,,6,,,,,1,1,,11,,,,,,,,208,,,,,,,,,,,,,,,,,Y,N1,A1100050,38
2026-07-26 14:21:31,data_go_kr,서울특별시,A1100025,의료법인동신의료재단동신병원,4,20260726141814,02-396-9161,N,N,,,,,,,,,,,,,,,,,,,1,,,,,,,,,,,,N,N,Y,,,,N,,Y,N,,,Y,Y,N,47,N,2,N,Y,,3,N,9,,,1,,,,,,,,,,,,9,,,,,3,,,,0,1,1,0,7,0,0,1,0,0,0,0,196,,,,,,,,,,,,,,,,,Y,N,A1100025,39
2026-07-26 14:21:31,data_go_kr,서울특별시,A1122033,기쁨병원,0,20260726141939,02-570-1212,,,,,,,,,,,,,,,,,,,,,1,,,,,,,,,,,,,,Y,,,,Y,,Y,Y,,,N1,Y,N1,68,N1,,N1,Y,,8,N1,4,,,1,,,,,,,,,,,,,,,,,8,,,,,2,2,1,1,,,,,,,,110,,,,,,,,,,,,,,,,,Y,N1,A1122033,40
2026-07-26 14:21:31,data_go_kr,서울특별시,A1100039,경찰병원,1,20260726142003,02-3400-1300,,,,,,,,,,,,,,,,,1,,1,,,,,,,2,,,,,,2,,,Y,,,,,,Y,N1,,,Y,Y,N1,132,N1,14,N1,Y,,7,N1,3,,1,,,,,,,,,,,,,14,2,,,,7,,,2,,2,3,,10,,,2,,,,,187,,,,,,,,,,,,,,1,,,Y,N1,A1100039,41
2026-07-26 14:21:31,data_go_kr,서울특별시,A1100019,홍익병원,3,20260726141944,02-2600-0777,,,,,,,,,,,,,,,,,,,,,1,,,,,0,,,,,,0,,,Y,,,,Y,,Y,Y,,,N,Y,N1,50,N1,9,N1,Y,,4,N1,9,,,1,,,,,,,,,,,,14,1,,,,4,,,1,,4,2,2,7,,,1,,,,,251,,,,,,,,,,,,,,,,,Y,N1,A1100019,42
2026-07-26 14:21:31,data_go_kr,서울특별시,A1100223,서울특별시서남병원,17,20260726142000,02-6300-9129,,,,,,,,,,,,,,,,0,,,1,,2,1,,,,1,0,,,,,4,,,Y,,,,,,Y,N1,,,Y,Y,Y,65,Y,5,N1,Y,,4,N1,17,,1,2,2,,,,,,,,,,,17,1,3,,,4,,,4,,2,1,,16,,,1,1,1,,,275,,,,,,,,,,,,,0,,,,Y,N1,A1100223,43
2026-07-26 14:21:31,data_go_kr,서울특별시,A1100024,명지성모병원,8,20260726141937,02-829-7800,,,,,,,,,,,,,,,,,,,1,,1,,,,,1,,,,,,,,,Y,,,,Y,,Y,Y,,,N1,Y,N1,100,N1,5,N1,Y,,3,N1,8,,1,1,,,,,,,,,,,,12,1,,,,3,,,,,1,3,2,7,,,,,,,,212,,,,,,,,,,,,,,,,,Y,N1,A1100024,44
2026-07-26 14:21:31,data_go_kr,서울특별시,A1100037,대림성모병원,7,20260726141637,02-829-9129,,,,,,,,,,,,,,,,,,,,,2,,,,,,,,,,,,,,Y,,,,,,Y,N1,,,N1,Y,N1,48,N1,,N1,Y,,4,N1,8,,,2,,,,,,,,,,,,,,,,,4,,,,,1,1,,1,,,,,,,,113,,,,,,,,,,,,,,,,,Y,N1,A1100037,45
2026-07-26 14:21:31,data_go_kr,서울특별시,A1100045,씨엠병원,8,20260726141500,070-4698-7811,,,,,,,,,,,,,,,,,,,,,1,,,,,,,,,,,,,,Y,,,,,,Y,N1,,,N1,Y,N1,42,N1,,N1,Y,,5,N1,9,,,1,,,,,,,,,,,,,,,,,5,,,,,2,2,,6,,,,,,,,110,,,,,,,,,,,,,,,,,Y,N1,A1100045,46
2026-07-26 14:21:31,data_go_kr,서울특별시,A1100023,의료법인청구성심병원,8,20260726141819,02-383-0129,,,,,,,,,,,,,,,,,,,,,1,,,,,,,,,,,,,,Y,,,,,,Y,N1,,,N1,Y,N1,11,N1,1,N1,Y,,3,N1,10,,,1,,,,,,,,,,,,6,,,,,3,,,,,1,1,,4,,,,,,,,196,,,,,,,,,,,,,,,,,Y,N1,A1100023,47
2026-07-26 14:21:31,data_go_kr,서울특별시,A1100029,서울적십자병원,7,20260726141856,02-2002-8888,,,,,,,,,,,,,,,,,,,1,,,,,,,,,,,,,,,,Y,,,,,,Y,N1,,,Y,Y,N1,88,N1,7,N1,Y,,6,N1,10,,1,,,,,,,,,,,,,12,,,,,6,,,,,1,1,,11,,,2,,,,,260,,,,,,,,,,,,,,,,,Y,N1,A1100029,48
2026-07-26 14:21:31,data_go_kr,서울특별시,A1100032,세란병원,8,20260726141840,02-737-0181,,,,,,,,,,,,,,,,,,,,,1,,,,,,,,,,,,,,Y,,,,,,Y,N1,,,N1,Y,N1,53,N1,,N1,Y,,13,N1,10,,,1,,,,,,,,,,,,,,,,,13,,,,,3,5,,3,,,,,,,,205,,,,,,,,,,,,,,,,,Y,N1,A1100032,49
2026-07-26 14:21:31,data_go_kr,서울특별시,A1100075,의료법인풍산의료재단동부제일병원,6,20260726141524,02-490-8880,,,,,,,,,,,,,,,,,,,,,1,,,,,,,,,,,,,,Y,,,,,,Y,N1,,,N1,Y,N1,41,N1,,N1,N,,2,N1,7,,,1,,,,,,,,,,,,,,,,,2,,,,,1,1,,3,,,,,,,,124,,,,,,,,,,,,,,,,,Y,N1,A1100075,50
2026-07-26 14:21:31,data_go_kr,서울특별시,A1100044,녹색병원,0,20260726142008,02-490-2113,,,,,,,,,,,,,,,,,,,1,,4,,,,,2,,,,,,1,Y,,Y,,,,,,Y,N1,,,Y,Y,N1,91,N1,7,N1,Y,,3,N1,5,,1,4,,,,,,,,,,,,17,3,,,,3,,,3,1,2,1,,22,,,1,,,,,293,,,,,,,,,,,,,,,,,Y,N1,A1100044,51
2026-07-26 14:21:31,data_go_kr,부산광역시,A1200003,동아대학교병원,20,20260726141709,051-240-5300,Y,Y,2,6,,,,0,1,,,,,,,,,3,,,,9,,,6,5,10,,,,6,1,Y,,Y,2,,,Y,,Y,Y,4,5,Y,Y,Y,156,Y,7,Y,Y,5,18,N1,26,3,,,16,,,20,,,8,13,,11,7,18,6,30,,,18,,18,3,4,5,3,4,76,11,30,16,4,4,,,738,2,6,,,,4,1,,,,,,,,,,Y,Y,A1200003,1
2026-07-26 14:21:31,data_go_kr,부산광역시,A1200022,인제대학교 해운대백병원,13,20260726141644,051-797-0135,Y,Y,,,,,2,2,,10,,,,,,,,2,2,9,3,7,,,,0,19,,,,,0,Y,Y,Y,,,,Y,,Y,Y,,,Y,Y,Y,166,Y,,Y,Y,0,22,N1,29,3,2,3,12,28,27,23,,,,,,,,,2,30,,,22,,,7,2,5,3,4,72,8,40,17,9,11,1,,710,,,,,5,3,,,,,,,,,,,Y,Y,A1200022,2
2026-07-26 14:21:31,data_go_kr,부산광역시,A1200018,대동병원,9,20260726141945,051-550-9391,,,,,,,,,,,,,,,,,,3,1,,1,,,,,0,,,,,,1,,,Y,,,,Y,,Y,Y,,,Y,Y,N1,63,N1,3,N1,Y,,6,N1,15,3,1,2,,,,,,,,,,,,21,1,,,,6,,,1,,2,1,1,10,,,1,,,,,401,,,,,,,,,,,,,,,,,Y,N1,A1200018,3
2026-07-26 14:21:31,data_go_kr,부산광역시,A1200020,의료법인 온그룹의료재단 온병원,11,20260726141637,051-607-0139,,,,,,,,,,,,,,,,,,,1,,2,,,,,1,,,,,,5,,,Y,,,,Y,,Y,Y,,,Y,Y,N1,176,N1,9,N1,Y,,9,Y,20,,1,2,,,,,,,,,,,,23,1,,,,9,,,6,,4,2,2,7,,,1,,,,1,585,,,,,,,,,,,,,,,,,Y,N1,A1200020,4
2026-07-26 14:21:31,data_go_kr,부산광역시,A1200001,인제대학교부산백병원,14,20260726142012,051-890-5995,Y,Y,,,,,,,,5,,,,,,,,,1,4,2,,,,3,1,,,,,3,2,Y,,Y,1,,,Y,,Y,Y,,,Y,Y,Y,210,Y,6,Y,Y,2,17,Y,18,,1,2,,19,18,35,,,,12,,6,,10,1,,,,17,,20,8,4,5,3,6,68,19,38,16,3,7,,2,691,,,,,,,,,,,,,,,,,Y,Y,A1200001,5
2026-07-26 14:21:31,data_go_kr,부산광역시,A1200005,의료법인 은성의료재단 좋은삼선병원,6,20260726141910,051-310-9119,,,,,,,,,,,,,,,,,1,1,1,,1,,,,1,0,,,,,,2,,,Y,2,,,Y,,Y,Y,,,Y,Y,N1,24,N1,6,N1,Y,,7,N1,13,1,1,2,,,,,,,,5,,4,,19,2,,,,7,,,2,,2,2,2,11,,,1,,,,,375,,,,,,,,,,,,,,3,,,Y,N1,A1200005,6
2026-07-26 14:21:31,data_go_kr,부산광역시,A1200004,고신대학교복음병원,20,20260726141738,051-990-6200,Y,Y,1,4,,,,,,5,,,,,,,,,,7,,,,,8,5,,,,,14,1,Y,,Y,2,,,Y,,Y,Y,2,,Y,Y,Y,192,Y,,Y,Y,15,13,Y,25,,,,,13,8,18,,,5,13,,16,,,7,,,,13,,14,1,7,3,3,5,53,13,19,14,3,1,,1,685,1,4,,,,,,,,,,,,,,,Y,Y,A1200004,7
2026-07-26 14:21:31,data_go_kr,부산광역시,A1200002,부산대학교병원,14,20260726142000,051-240-7776,Y,Y,,,,,1,,,3,,,,0,0,0,,2,1,,2,-5,,,,3,3,,24,2,7,4,Y,,Y,0,2,12,Y,16,Y,Y,,,Y,Y,Y,394,Y,6,Y,Y,1,26,N,17,3,1,2,2,10,,20,,,,0,42,,,24,4,3,,82,26,2,19,10,12,9,6,10,100,17,17,21,9,21,,1,901,,,,,2,,,,,,0,0,0,,2,12,Y,Y,A1200002,8
2026-07-26 14:21:31,data_go_kr,부산광역시,A1200007,비에이치에스한서병원,10,20260726142026,051-998-1119,,,,,,,,,,,,,,,,,,,1,,2,2,,,,,3,,,,,,,,Y,,,,Y,,Y,Y,,,Y,Y,Y,83,N1,7,N1,Y,,4,N1,17,,1,2,2,,,,,,,,,,,14,,3,,,4,,,,,1,1,2,11,,,1,1,,,,280,,,,,,,,,,,,,,,,,Y,N1,A1200007,9
2026-07-26 14:21:31,data_go_kr,부산광역시,A1200028,(의)서일의료재단기장병원,8,20260726141943,051-723-2119,,,,,,,,,,,,,,,,,,,,,1,,,,,,,,,,,,,,Y,,,,,,Y,N1,,,N1,Y,N1,18,N1,,N1,Y,,3,N1,9,,,1,,,,,,,,,,,,,,,,,3,,,,,1,1,,1,,,,,,,,154,,,,,,,,,,,,,,,,,Y,N1,A1200028,10
2026-07-26 14:21:31,data_go_kr,부산광역시,A1200015,동남권원자력의학원원자력병원,5,20260726141803,051-720-5911,,,,,,,,,,,,,,,,,,,1,,,,,,,,,,,,,,,,Y,,,,Y,,Y,Y,,,Y,Y,Y,109,N1,8,N1,Y,,8,N1,9,,1,,,,,,,,,,,,,12,,,,,8,,,,,2,2,2,12,,,1,0,,,,261,,,,,,,,,,,,,,,,,Y,N1,A1200015,11
2026-07-26 14:21:31,data_go_kr,부산광역시,A1200013,부산성모병원(재단법인 천주교부산교구유지재단),-1,20260726141810,051-933-7119,Y,Y,,,,,,,,,,,,,,,4,4,1,,,,,,,2,,,,,,0,,,Y,,,,,,Y,N1,,,Y,Y,N1,78,N1,11,Y,Y,7,7,N1,10,4,1,,,,,10,,,,,,,,18,2,,,,7,,,2,,1,1,,6,14,13,1,,,,,373,,,,,,,,,,,,,,4,,,Y,Y,A1200013,12
2026-07-26 14:21:31,data_go_kr,부산광역시,A1200026,좋은문화병원,0,20260726141844,051-630-0909,Y,Y,,,,,,,,,,,,,,,,2,1,,1,,,,,,,,,,,2,Y,,Y,,,,,,Y,N1,,,N1,Y,N1,59,N1,4,Y,Y,-1,0,Y,7,2,1,2,,,,12,,,,,,,,8,,,,,8,,,2,8,2,2,,3,6,17,,,,,1,270,,,,,,,,,,,,,,,,,Y,Y,A1200026,13
2026-07-26 14:21:31,data_go_kr,부산광역시,A1200017,의료법인정화의료재단 봉생기념병원,5,20260726141827,051-664-4119,,,,,,,,,,3,,,,,,,,,,0,2,,,,,,,,,,3,1,,,Y,,,,Y,,Y,Y,,,Y,Y,N1,49,N1,,N1,Y,,8,N1,9,,,2,,11,11,,,,,,,,,,,,,,8,,31,1,,1,2,2,11,,,4,,,,,335,,,,,,,,,,,,,,,,,Y,N1,A1200017,14
2026-07-26 14:21:31,data_go_kr,부산광역시,A1200011,동래봉생병원,3,20260726141753,051-520-5700,,,,,,,,,,,,,,,,,,,1,,1,,,,,2,,,,,,,,,Y,,,,Y,,Y,Y,,,Y,Y,N1,38,N1,3,N1,Y,,7,N1,8,,1,1,,,,,,,,,,,,18,2,,,,7,,,,,1,2,2,11,,,1,,,,,241,,,,,,,,,,,,,,,,,Y,N1,A1200011,15
2026-07-26 14:21:31,data_go_kr,부산광역시,A1200009,의료법인 광혜의료재단 광혜병원,7,20260726142028,051-504-2119,,,,,,,,,,,,,,,,,,,2,,1,,,,,,,,,,,0,,,Y,,,,,,Y,N1,,,N1,Y,N1,69,N1,0,N1,Y,,3,N1,9,,2,1,,,,,,,,,,,,9,,,,,3,,,1,,1,1,,4,,,,,,,,190,,,,,,,,,,,,,,,,,Y,N1,A1200009,16
2026-07-26 14:21:31,data_go_kr,부산광역시,A1200019,학교법인)동의병원,9,20260726141900,051-850-8777,,,,,,,,,,,,,,,,,,,,,1,,,,,,,,,,,,,,Y,,,,Y,,Y,Y,,,Y,Y,Y,111,N1,16,N1,Y,,1,N1,14,,,1,,,,,,,,,,,,23,,,,,5,,,,,2,2,2,7,,,2,1,,,,448,,,,,,,,,,,,,,,,,Y,N1,A1200019,17
2026-07-26 14:21:31,data_go_kr,부산광역시,A1200025,학교법인 춘해병원,8,20260726141840,051-608-0119,,,,,,,,,,,,,,,,,,,,,1,,,,,,,,,,,,,,Y,,,,,,Y,N1,,,N1,Y,N1,55,N1,,N1,Y,,4,N1,9,,,1,,,,,,,,,,,,,,,,,4,,,,,1,1,,3,,,,,,,,201,,,,,,,,,,,,,,,,,Y,N1,A1200025,18
2026-07-26 14:21:31,data_go_kr,부산광역시,A1200045,구포성심병원,0,20260726141718,051-330-2090,,,,,,,,,,,,,,,,,,,,,1,,,,,,,,,,,,,,Y,,,,Y,,Y,Y,,,N1,Y,N1,23,N1,,N1,Y,,4,N1,9,,,1,,,,,,,,,,,,,,,,,4,,,,,1,1,1,4,,,,,,,,243,,,,,,,,,,,,,,,,,Y,N1,A1200045,19
2026-07-26 14:21:31,data_go_kr,부산광역시,A1200006,의료법인 인당의료재단 부민병원,8,20260726141654,051-330-3129,,,,,,,,,,,,,,,,,,,1,,1,,,,,1,,,,,,,,,Y,,,,Y,,Y,Y,,,Y,Y,N1,24,N1,1,N1,Y,,8,N1,10,,1,1,,,,,,,,,,,,18,1,,,,8,,,,,2,3,1,7,,,1,,,,,366,,,,,,,,,,,,,,,,,Y,N1,A1200006,20
2026-07-26 14:21:31,data_go_kr,부산광역시,A1200016,한국보훈복지의료공단 부산보훈병원,10,20260726141757,051-601-6183,,,,,,,,,,,,,,,,,,,1,,1,,,,,1,,,,,,,,,Y,,,,Y,,Y,Y,,,N1,Y,N1,29,N1,6,N1,Y,,7,N1,11,,1,1,,,,,,,,,,,,9,1,,,,7,,,,,2,3,2,11,,,,,,,,452,,,,,,,,,,,,,,,,,Y,N1,A1200016,21
2026-07-26 14:21:31,data_go_kr,부산광역시,A1200021,삼육부산병원,0,20260726141749,051-600-7750,,Y,,,,,,,,,,,,,,,,,1,,,,,,,0,,,,,,,Y,,Y,,,,Y,,Y,Y,,,Y,Y,Y,17,N1,0,Y,Y,,,N1,9,,1,,,,,,,,,,,,,14,1,,,,,,,,1,2,1,1,9,,1,2,1,,,,302,,,,,,,,,,,,,,,,,Y,N1,A1200021,22
2026-07-26 14:21:31,data_go_kr,부산광역시,A1200008,의료법인 은성의료재단 좋은강안병원,10,20260726142019,051-610-9119,,,,,,,,,,,,,,,,,,,1,,2,,,,,1,,,,,,1,,,Y,,,,Y,,Y,Y,,,Y,Y,Y,94,N1,4,N1,Y,,11,N1,18,,1,2,,,,,,,,,,,,30,2,,,,11,,,3,,4,3,3,12,,,5,1,,,,535,,,,,,,,,,,,,,,,,Y,N1,A1200008,23
2026-07-26 14:21:31,data_go_kr,부산광역시,A1200098,의료법인 센텀의료재단 센텀종합병원,5,20260726141135,051-750-5119,,,,,,,,,,,,,,,,,,,,,1,,,,,1,,,,,,,,,Y,,,,Y,,Y,Y,,,N1,Y,N1,22,N1,3,N1,Y,,9,N1,9,,,1,,,,,,,,,,,,16,1,,,,9,,,,,2,2,1,11,,,,,,,,338,,,,,,,,,,,,,,,,,Y,N1,A1200098,24
2026-07-26 14:21:31,data_go_kr,부산광역시,A1200024,부산광역시의료원,17,20260726141914,051-607-2140,,N,,,,,,,,5,,,,,,,,,1,6,1,,,,,,,,,,8,6,N,,Y,,,,Y,,Y,Y,,,Y,Y,N1,121,N1,,N,Y,,7,N1,18,,1,1,,13,14,,,,,,,,,,,,,,7,,29,7,1,1,1,2,19,,2,4,,,,,398,,,,,,,,,,,,,,,,,Y,N1,A1200024,25
2026-07-26 14:21:31,data_go_kr,부산광역시,A1200012,의료법인 행도의료재단 해동병원,2,20260726142002,051-410-6688,,,,,,,,,,,,,,,,,,,1,,,,,,,,,,,,,0,,,Y,,,,,,Y,N1,,,Y,Y,N1,35,N1,4,N1,Y,,3,Y,6,,1,,,,,,,,,,,,,9,,,,,3,,,0,,1,1,,5,,,1,,,,12,256,,,,,,,,,,,,,,,,,Y,N1,A1200012,26
2026-07-26 14:21:31,data_go_kr,부산광역시,A1200014,영도병원,2,20260726141637,051-419-7575,,,,,,,,,,,,,,,,,,,1,,1,,,,,,,,,,,,,,Y,,,,,,Y,N1,,,N1,Y,N1,18,N1,2,N1,Y,,3,N1,7,,1,1,,,,,,,,,,,,10,,,,,3,,,,,1,1,,7,,,,,,,,217,,,,,,,,,,,,,,,,,Y,N1,A1200014,27
2026-07-26 14:21:31,data_go_kr,부산광역시,A1200023,재단법인천주교부산교구유지재단 메리놀병원,8,20260726141809,051-461-2300,,,,,,,,,,,,,,,,,,,,,1,,,,,0,,,,,,,Y,,Y,,,,Y,,Y,Y,,,Y,Y,N1,100,N1,4,N1,Y,,8,N1,9,,,1,,,,,,,,,,,,18,1,,,,8,,,,1,1,1,1,9,,,2,,,,,380,,,,,,,,,,,,,,,,,Y,N1,A1200023,28
2026-07-26 14:21:31,data_go_kr,부산광역시,A1205143,의료법인 인당의료재단 해운대부민병원,4,20260726141654,051-602-8119,,,,,,,,,,,,,,,,,,,1,,,,,,,0,,,,,,1,,,Y,,,,Y,,Y,Y,,,Y,Y,N1,41,N1,5,N1,Y,,7,Y,9,,1,,,,,,,,,,,,,19,2,,,,8,,,3,,2,2,1,10,,,1,,,,1,360,,,,,,,,,,,,,,,,,Y,N1,A1205143,29
2026-07-26 14:21:31,data_go_kr,대구광역시,A1300001,영남대학교병원,17,20260726141737,053-620-3177,Y,Y,,0,,,1,3,,0,0,,,,,,,3,2,10,3,6,,,1,4,7,,,,10,4,Y,,Y,5,,,Y,,Y,Y,,,Y,Y,Y,187,Y,,Y,Y,0,22,Y,28,3,2,3,21,10,15,15,,,,14,,7,,,13,30,,,23,,20,7,2,4,4,4,75,5,11,8,5,5,,1,704,,0,,,1,3,,0,,,,,,,,,Y,Y,A1300001,1
2026-07-26 14:21:31,data_go_kr,대구광역시,A1300002,경북대학교병원,-2,20260726141707,053-200-5100,Y,Y,2,3,,,,,,1,,,,,,,,4,,5,,11,,,6,,30,,13,2,9,3,Y,,Y,3,2,6,Y,3,Y,Y,1,4,Y,Y,Y,144,Y,,Y,Y,0,16,N1,25,4,,,20,7,7,15,,,6,7,20,10,11,,,44,,40,17,2,20,5,2,5,5,5,82,8,11,11,9,5,,,582,2,3,,,,,,,,,,,,,2,6,Y,Y,A1300002,2
2026-07-26 14:21:31,data_go_kr,대구광역시,A1300004,대구가톨릭대학교병원,11,20260726141805,053-650-3000,Y,Y,,,,,,,,0,,,,,,,,,1,3,3,,,,,2,,,,,1,3,Y,Y,Y,2,,,Y,,Y,Y,,,Y,Y,Y,311,Y,0,Y,Y,2,18,N1,24,,1,3,,15,25,42,,,,16,,,,0,6,,,,19,,20,9,2,3,3,5,58,20,32,8,3,4,1,,704,,,,,,,,,,,,,,,,,Y,Y,A1300004,3
2026-07-26 14:21:31,data_go_kr,대구광역시,A1300003,계명대학교동산병원,9,20260726141946,053-258-6306,Y,Y,,,,,,,,1,,,,,,,,,2,0,1,,2,,,0,13,,,,4,3,Y,Y,Y,4,,,Y,,Y,Y,6,,Y,Y,Y,271,Y,2,Y,Y,2,23,Y,20,,2,3,,11,13,39,7,,8,15,,,,10,4,20,,,24,,20,16,6,6,5,7,56,13,37,9,4,14,1,2,769,,,,,,,,,,,,,,,,,Y,Y,A1300003,4
2026-07-26 14:21:31,data_go_kr,대구광역시,A1300009,대구파티마병원,-6,20260726142001,053-940-7119,Y,Y,,,,,,,,1,,,,,,,,-1,2,3,4,2,,,,3,2,,,,,,Y,,Y,8,,,Y,,Y,Y,,,Y,Y,Y,172,Y,,Y,Y,2,17,N1,25,5,2,5,2,17,8,8,,,,12,,,,,9,4,,,17,,,,2,5,3,4,32,11,19,5,1,1,,,539,,,,,,,,,,,,,,,,,Y,Y,A1300009,5
2026-07-26 14:21:31,data_go_kr,대구광역시,A1300010,칠곡경북대학교병원,6,20260726141808,053-200-2100,Y,Y,,,1,1,,,,4,,,,,,,,3,1,11,3,,2,1,,4,0,4,,,12,13,Y,,Y,,,,Y,,Y,Y,,,Y,Y,Y,253,Y,,Y,Y,8,19,N1,23,7,1,3,,10,15,39,10,2,,,,,,,4,0,8,,19,,20,13,2,8,5,8,52,9,27,9,3,1,,,760,,,1,1,,,,,,,,,,,,,Y,Y,A1300010,6
2026-07-26 14:21:31,data_go_kr,대구광역시,A1300034,드림종합병원,5,20260726141540,053-640-8575,,,,,,,,,,,,,,,,,1,,,,1,,,,,,,,,,,,,,Y,,,,Y,,Y,Y,,,Y,Y,Y,24,N1,,N1,N,,3,N1,8,,,1,,,,,,,,,,,,,,,,,3,,,,,2,1,1,2,,,1,1,,,,159,,,,,,,,,,,,,,1,,,Y,N1,A1300034,7
2026-07-26 14:21:31,data_go_kr,대구광역시,A1300006,의료법인구의료재단구병원,10,20260726142011,053-557-7119,,,,,,,,,,,,,,,,,,,,,1,,,,,0,,,,,,,,,Y,,,,,,Y,N1,,,N1,Y,N1,89,N1,7,N1,Y,,9,N1,10,,,1,,,,,,,,,,,,18,1,,,,9,,,,,3,1,,3,,,,,,,,235,,,,,,,,,,,,,,,,,Y,N1,A1300006,8
2026-07-26 14:21:31,data_go_kr,대구광역시,A1300110,더블유병원,0,20260726141809,053-550-5019,,,,,,,,,,,,,,,,,,,,,1,,,,,,,,,,,,,,Y,,,,,,Y,N1,,,N1,Y,N1,72,N1,,N1,N,,6,Y,10,,,1,,,,,,,,,,,,,,,,,8,,,,,1,1,,1,,,,,,,8,431,,,,,,,,,,,,,,,,,Y,N1,A1300110,9
2026-07-26 14:21:31,data_go_kr,대구광역시,A1300011,한국보훈복지의료공단대구보훈병원,7,20260726141938,053-630-7014,,,,,,,,,,,,,,,,,,,1,,1,,,,,1,,,,,,1,,,Y,,,,Y,,Y,Y,,,N1,Y,N1,50,N1,4,N1,Y,,6,N1,12,,1,1,,,,,,,,,,,,13,1,,,,6,,,1,,1,3,2,9,,,,,,,,406,,,,,,,,,,,,,,,,,Y,N1,A1300011,10
2026-07-26 14:21:31,data_go_kr,대구광역시,A1300045,삼일병원,9,20260726142024,053-659-3119,,,,,,,,,,,,,,,,,,,1,,,,,,,,,,,,,,,,Y,,,,Y,,Y,Y,,,N1,Y,N1,59,N1,,N1,N,,4,N1,14,,1,,,,,,,,,,,,,,,,,,4,,,,,3,2,1,3,,,,,,,,299,,,,,,,,,,,,,,,,,Y,N1,A1300045,11
2026-07-26 14:21:31,data_go_kr,대구광역시,A1300038,나사렛종합병원,4,20260726141645,053-643-3119,,,,3,,,,,,,,,,,,,,,,,1,,,,,1,,,,,,,,,Y,,,,Y,,Y,Y,,,Y,Y,N1,30,N1,4,N1,Y,,5,N1,9,,,1,,,,,,,,,,,,28,1,,,,5,,,,,2,2,2,5,,,1,,,,,231,,9,,,,,,,,,,,,,,,Y,N1,A1300038,12
2026-07-26 14:21:31,data_go_kr,대구광역시,A1300018,강남종합병원,11,20260726141429,053-980-9018,,,,,,,,,,,,,,,,,,,1,,,,,,,,,,,,,1,,,Y,,,,,,Y,N1,,,N1,Y,N1,57,N1,,N1,Y,,7,N1,15,,1,,,,,,,,,,,,,,,,,,7,,,1,,2,2,,2,,,,,,,,207,,,,,,,,,,,,,,,,,Y,N1,A1300018,13
2026-07-26 14:21:31,data_go_kr,대구광역시,A1300005,대구가톨릭대학교칠곡가톨릭병원,-1,20260726141728,053-320-2111,,,,,,,,,,,,,,,,,,,,,1,,,,,,,,,,,,,,Y,,,,,,Y,N1,,,N1,Y,N1,33,N1,,N1,Y,,3,N1,9,,,1,,,,,,,,,,,,,,,,,3,,,,,2,2,,1,,,,,,,,161,,,,,,,,,,,,,,,,,Y,N1,A1300005,14
2026-07-26 14:21:31,data_go_kr,대구광역시,A1300076,대구굿모닝병원,16,20260726141943,053-620-9119,,,,,,,,,,,,,,,,,,,1,,1,,,,,1,,,,,,,,,Y,,,,Y,,Y,Y,,,N1,Y,N1,74,N1,0,N1,Y,,4,N1,17,,1,1,,,,,,,,,,,,26,1,,,,4,,,,,2,4,2,13,,,,,,,,226,,,,,,,,,,,,,,,,,Y,N1,A1300076,15
2026-07-26 14:21:31,data_go_kr,대구광역시,A1300007,대구의료원,15,20260726142002,053-560-7288,,Y,,,,,,,,,,,,,,,,,1,,1,,,,,0,,,,,1,1,Y,,Y,,,,,,Y,N1,,,N1,Y,N1,45,N1,5,Y,Y,,4,N1,18,,1,1,,,,,,,,,,,,18,1,,,,4,,82,3,1,1,1,,13,,4,,,,,,254,,,,,,,,,,,,,,,,,Y,N1,A1300007,16
2026-07-26 14:21:31,data_go_kr,대구광역시,A1300081,(재)미리내천주성삼성직수도회천주성삼병원,5,20260726142001,053-790-0555,,,,,,,,,,,,,,,,,,,,,1,,,,,,,,,,,,,,Y,,,,,,Y,N1,,,N1,Y,N1,17,N1,,N1,Y,,4,N1,9,,,1,,,,,,,,,,,,,,,,,4,,,,,1,2,,4,,,,,,,,294,,,,,,,,,,,,,,,,,Y,N1,A1300081,17
2026-07-26 14:21:31,data_go_kr,대구광역시,A1300008,곽병원,5,20260726141930,053-605-3333,,,,,,,,,,,,,,,,,,,,,2,,,,,,,,,,,,,,Y,,,,,,Y,N1,,,N1,Y,N1,12,N1,,N1,Y,,3,N1,10,,,2,,,,,,,,,,,,,,,,,4,,,,,1,1,,2,,,,,,,,221,,,,,,,,,,,,,,,,,Y,N1,A1300008,18
2026-07-26 14:21:31,data_go_kr,대구광역시,A1303386,계명대학교대구동산병원,11,20260726141902,053-250-8481,,,,,,,,,,,,,,,,,,,1,,1,,,,,0,,,,,,,N,,Y,,,,Y,,Y,Y,,,Y,Y,N1,38,N,0,N1,Y,,3,N1,12,,1,1,,,,,,,,,,,,7,5,,,,3,,,,0,2,1,1,6,,,6,,0,,,196,,,,,,,,,,,,,,,,,Y,N1,A1303386,19
2026-07-26 14:21:31,data_go_kr,인천광역시,A1400001,의료법인 길의료재단 길병원,-4,20260726141835,032-460-3012,Y,Y,2,0,1,1,,0,,7,,,,,2,,,9,,4,,5,,2,3,4,24,3,9,2,12,12,Y,,Y,2,2,6,Y,2,Y,Y,,0,Y,Y,Y,420,Y,,Y,Y,0,3,Y,23,9,,,18,38,11,30,,2,,14,20,6,4,,11,30,6,47,3,2,18,13,3,6,6,7,113,19,40,19,10,6,,1,995,2,3,1,1,,2,,,,,,3,,,2,6,Y,Y,A1400001,1
2026-07-26 14:21:31,data_go_kr,인천광역시,A1400002,인하대학교의과대학부속병원,5,20260726141606,032-890-2301,Y,Y,,,1,1,,,,2,,,,,,,,4,2,1,4,1,0,0,3,0,4,4,,,4,7,Y,Y,Y,,,,Y,,Y,Y,,,Y,Y,Y,223,Y,1,Y,Y,2,16,Y,20,7,2,5,20,25,13,27,3,2,,,,7,,23,3,30,6,,16,,15,7,4,6,3,5,109,17,27,13,9,7,1,2,681,,,1,1,,,,,,,,,,,,,Y,Y,A1400002,2
2026-07-26 14:21:31,data_go_kr,인천광역시,A1400010,검단탑병원,8,20260726142007,032-590-0077,,,,,,,,,,,,,,,,,,,1,,2,,,,,0,,,,,,1,,,Y,,,,Y,,Y,Y,,,Y,Y,N1,49,N1,5,N1,Y,,6,N1,18,,1,2,,,,,,,,,,,,15,3,,,,6,,,2,,2,2,1,11,,,1,,,,,279,,,,,,,,,,,,,,,,,Y,N1,A1400010,3
2026-07-26 14:21:31,data_go_kr,인천광역시,A1403372,인천세종병원,15,20260726142009,032-240-8119,,,,,,,,,,,,,,,,,,,3,,,1,,,,1,2,,,,,3,,,Y,,,,Y,,Y,Y,,,Y,Y,Y,87,Y,8,N1,Y,,7,N1,18,,3,,2,,,,,,,,,,,20,2,3,,,7,,,6,,2,2,3,13,,,4,5,1,,,274,,,,,,,,,,,,,,,,,Y,N1,A1403372,4
2026-07-26 14:21:31,data_go_kr,인천광역시,A1400014,의료법인인성의료재단한림병원,12,20260726141813,032-540-9119,,,,,,,,,,,,,,,,,,,2,,2,,,,,2,,,,,,2,Y,,Y,,,,Y,,Y,Y,,,Y,Y,Y,59,N1,0,N1,Y,,6,N1,17,,2,2,,,,,,,,,,,,21,2,,,,6,,,2,1,3,2,2,20,,,3,3,,,,391,,,,,,,,,,,,,,,,,Y,N1,A1400014,5
2026-07-26 14:21:31,data_go_kr,인천광역시,A1400016,인천사랑병원,5,20260726141848,032-457-2119,,Y,,,,,,,,,,,,,,,4,,1,,1,,,,,1,0,,,,,1,Y,,Y,,,,Y,,Y,Y,,,Y,Y,N1,23,Y,14,Y,Y,,7,N1,14,,1,2,,,,,,,,,,,,17,1,5,,,7,,,1,1,2,1,1,12,,1,2,,1,,,281,,,,,,,,,,,,,,4,,,Y,N1,A1400016,6
2026-07-26 14:21:31,data_go_kr,인천광역시,A1400012,가톨릭대학교 인천성모병원,4,20260726142011,032-280-6107,Y,Y,,,,,,,,0,,,,,,,,3,3,0,2,6,,,,0,,,,,,3,Y,,Y,7,,,Y,,Y,Y,,,Y,Y,Y,129,Y,,Y,Y,0,17,N1,19,4,3,5,12,15,18,13,,,,15,,,,,10,,,,17,,,9,1,4,4,5,53,5,14,11,5,4,,,579,,,,,,,,,,,,,,,,,Y,Y,A1400012,7
2026-07-26 14:21:31,data_go_kr,인천광역시,A1400013,안은의료재단 부평세림병원,15,20260726142026,032-509-5777,,,,,,,,,,,,,,,,,,,1,,3,2,,,,1,1,,,,,2,,,Y,,,,Y,,Y,Y,,,Y,Y,Y,36,N1,5,N1,Y,,4,N1,16,,1,3,2,,,,,,,,,,,11,2,3,,,4,,,2,,3,2,1,9,,,1,1,,,,234,,,,,,,,,,,,,,,,,Y,N1,A1400013,8
2026-07-26 14:21:31,data_go_kr,인천광역시,A1400015,가톨릭관동대학교국제성모병원,4,20260726142014,032-290-3065,Y,Y,3,0,,,,,,4,,,19,,,,,1,0,,0,,,,,,,,,,3,3,Y,,Y,-3,,,Y,,Y,Y,,,Y,Y,N,242,Y,,Y,Y,,11,N1,23,3,0,0,,40,,,,,,13,,,,,,,,,11,,11,3,2,3,2,3,34,2,11,6,2,1,,,641,5,0,,,,,,,,21,,,,,,,Y,Y,A1400015,9
2026-07-26 14:21:31,data_go_kr,인천광역시,A1400003,의료법인 루가의료재단 나은병원,7,20260726141808,032-584-4119,,Y,,,,,,,,4,,,,,,,7,,1,5,2,,,,,3,,,,,,8,Y,,Y,,,,Y,,Y,Y,,,Y,Y,Y,92,Y,,Y,Y,,10,N1,11,,1,2,,14,13,,,,,,,,,,3,,,,10,,,9,1,2,2,3,17,,1,3,1,1,,,367,,,,,,,,,,,,,,7,,,Y,N1,A1400003,10
2026-07-26 14:21:31,data_go_kr,인천광역시,A1400011,의료법인 나사렛의료재단 나사렛국제병원,10,20260726141647,032-899-9699,,,,,,,,,,,,,,,,,,,1,,2,,,,,1,,,,,,,,,Y,,,,Y,,Y,Y,,,Y,Y,N1,66,N1,2,N1,Y,,5,N1,17,,1,2,,,,,,,,,,,,16,1,,,,5,,,,,2,2,2,8,,,2,,,,,282,,,,,,,,,,,,,,,,,Y,N1,A1400011,11
2026-07-26 14:21:31,data_go_kr,인천광역시,A1403617,비에스종합병원,5,20260726141710,032-290-0119,,Y,,,,,,,,,,,,,,,,,1,,,,,,,0,,,,,,,Y,,Y,,,,Y,,Y,Y,,,Y,Y,N1,97,N1,6,Y,N1,0,2,N1,10,,1,,,,,1,,,,,,,,18,1,,,,2,,,,1,1,,1,6,,1,1,,,,,180,,,,,,,,,,,,,,,,,Y,N1,A1403617,12
2026-07-26 14:21:31,data_go_kr,인천광역시,A1400005,온누리병원,4,20260726141618,032-568-9112,,,,,,,,,,,,,,,,,,,1,,1,,,,,,,,,,,,,,Y,,,,,,Y,N1,,,N1,Y,N1,43,N1,,N1,Y,,3,N1,9,,1,1,,,,,,,,,,,,,,,,,3,,,,,1,1,,5,,,,,,,,190,,,,,,,,,,,,,,,,,Y,N1,A1400005,13
2026-07-26 14:21:31,data_go_kr,인천광역시,A1403871,인천힘찬종합병원,15,20260726141858,032-459-3168,,,,,,,,,,,,,,,,,,,1,,2,,,,,0,,,,,,,,,Y,,,,,,Y,N1,,,N1,Y,N1,62,N1,1,N1,Y,,7,N1,17,,1,2,,,,,,,,,,,,8,1,,,,7,,,,,2,2,,1,,,,,,,,235,,,,,,,,,,,,,,,,,Y,N1,A1403871,14
2026-07-26 14:21:31,data_go_kr,인천광역시,A1400004,현대유비스병원,17,20260726141841,032-890-5582,,,,,,,,,,,,,,,,,,,1,,,,,,,1,,,,,,,,,Y,,,,Y,,Y,Y,,,Y,Y,N1,16,N1,6,N1,Y,,6,N1,18,,1,,,,,,,,,,,,,13,1,,,,6,,,,,2,2,1,8,,,2,,,,,285,,,,,,,,,,,,,,,,,Y,N1,A1400004,15
2026-07-26 14:21:31,data_go_kr,인천광역시,A1400008,(의)성세의료재단 뉴성민병원,9,20260726141705,032-726-1119,,,,,,,,,,,,,,,0,,,,,,1,,,,,2,,,,,,,,,Y,,,,,,Y,N1,,,Y,Y,N1,127,N1,10,N1,Y,,6,Y,9,,,1,,,,,,,,,,,,17,2,,,,6,,,,,2,2,,11,,,2,,,,1,265,,,,,,,,,,,,0,,,,,Y,N1,A1400008,16
2026-07-26 14:21:31,data_go_kr,인천광역시,A1400018,인천적십자병원,8,20260726141742,032-899-4119,,,,,,,,,,,,,,,,,,,1,,1,,,,,,,,,,,,,,Y,,,,,,Y,N1,,,N1,Y,N1,66,N1,3,N1,Y,,3,N1,8,,1,1,,,,,,,,,,,,8,,,,,3,,,,,1,1,,2,,,,,,,,104,,,,,,,,,,,,,,,,,Y,N1,A1400018,17
2026-07-26 14:21:31,data_go_kr,인천광역시,A1400037,인천광역시의료원백령병원,4,20260726142002,032-836-1732,Y,Y,,,,,,,,,,,,,,,,,,,1,,,,,,,,,,,,,,Y,,,,,,Y,N1,,,N1,Y,N1,30,N1,,Y,N1,,1,N1,5,,,1,,,,,,,,,,,,,,,,,1,,,,,1,,,1,1,2,,,,,,30,,,,,,,,,,,,,,,,,Y,Y,A1400037,18
2026-07-26 14:21:31,data_go_kr,인천광역시,A1400009,인천기독병원,8,20260726141643,032-270-8300,,,,,,,,,,,,,,,,,,,,,1,,,,,,,,,,,,,,Y,,,1,,,Y,N1,,,N1,Y,N1,35,N1,10,N1,Y,,4,N1,8,,,1,,,,,,,,,,,,10,,,,,4,,,,,1,1,,1,,,,,,,,139,,,,,,,,,,,,,,,,1,Y,N1,A1400009,19
2026-07-26 14:21:31,data_go_kr,인천광역시,A1400017,인천광역시의료원,12,20260726142001,032-580-6119,,,,,,,,,,,,,,,,,,,2,,,,,,,0,,,,,24,7,,,Y,,,,,,Y,N1,,,N1,Y,N1,28,N1,3,N1,Y,,6,N1,15,,2,,,,,,,,,,,,,13,0,,,,6,,45,7,,1,1,,19,,,,,,,,198,,,,,,,,,,,,,,,,,Y,N1,A1400017,20
2026-07-26 14:21:31,data_go_kr,인천광역시,A1400007,의료법인 성수의료재단 인천백병원,4,20260726141900,032-280-8119,,,,,,,,,,,,,,,,,,,,,1,,,,,,,,,,,,,,Y,,,,,,Y,N1,,,Y,Y,N1,41,N1,2,N1,Y,,4,N1,5,,,1,,,,,,,,,,,,12,,,,,4,,,,,2,2,,6,,,1,,,,,189,,,,,,,,,,,,,,,,,Y,N1,A1400007,21
2026-07-26 14:21:31,data_go_kr,대전광역시,A1600006,학교법인건양교육재단건양대학교병원,10,20260726141630,042-600-9119,Y,Y,,0,,,1,1,4,,0,0,0,0,,0,,5,2,,3,11,,,,4,10,,,,11,1,Y,,Y,,,,Y,,Y,Y,,,Y,Y,Y,296,Y,37,Y,Y,0,20,Y,24,5,2,3,16,,,24,,,,,,,,59,5,28,,,20,,20,1,2,4,4,4,46,17,23,10,3,1,,1,658,,0,,,1,3,4,0,0,0,0,,0,,,,Y,Y,A1600006,1
2026-07-26 14:21:31,data_go_kr,대전광역시,A1600001,충남대학교병원,14,20260726142000,042-280-8129,Y,Y,0,0,,,,,,3,,,,,,,0,3,2,6,3,7,2,,3,6,24,,,,16,9,Y,,Y,,,,Y,,Y,Y,,,Y,Y,Y,232,Y,4,Y,Y,9,20,N1,28,6,2,3,20,16,14,34,5,,,,,10,,12,8,30,,,21,,26,14,5,5,4,5,76,12,36,6,8,2,,,966,0,0,,,,,,,,,,,,0,,,Y,Y,A1600001,2
2026-07-26 14:21:31,data_go_kr,대전광역시,A1600002,학교법인을지학원대전을지대학교병원,14,20260726142000,042-259-1119,Y,Y,,,,,,,,5,,0,0,-10,-5,7,3,,2,6,1,,,,4,2,,,3,2,6,,Y,,Y,,1,4,Y,5,Y,Y,,,Y,Y,Y,85,Y,,Y,Y,16,15,N1,21,,2,1,,20,20,20,,,,,20,5,,,11,,,40,15,2,20,,16,4,2,4,70,12,47,7,3,3,,,331,,,,,,,,,0,0,0,0,30,3,2,6,Y,Y,A1600002,3
2026-07-26 14:21:31,data_go_kr,대전광역시,A1600007,의료법인영훈의료재단유성선병원,6,20260726141602,042-609-1119,,,,,,,,,,,,,,,,,,,2,,1,,,,,1,,,,,,1,Y,,Y,,,,Y,,Y,Y,,,Y,Y,Y,99,N1,2,N1,Y,,-4,Y,17,,2,1,,,,,,,,,,,,19,1,,,,7,,,1,1,3,3,2,17,,,2,1,,,1,368,,,,,,,,,,,,,,,,,Y,N1,A1600007,4
2026-07-26 14:21:31,data_go_kr,대전광역시,A1600005,학교법인가톨릭학원가톨릭대학교대전성모병원,14,20260726142010,042-220-9118,Y,Y,,,,,,,,4,,,,,,,,,3,1,,,,,2,0,,,,,,2,Y,,Y,1,,,Y,,Y,Y,1,0,Y,Y,Y,157,N1,,Y,Y,4,12,N1,19,,3,,,15,3,4,,,3,9,,3,2,,1,,,,12,,,4,1,3,2,4,24,5,7,5,2,,,,537,,,,,,,,,,,,,,,,,Y,Y,A1600005,5
2026-07-26 14:21:31,data_go_kr,대전광역시,A1600008,의료법인영훈의료재단대전선병원,13,20260726142036,042-220-8129,,,,,,,,,,,,,,,,,,,1,,3,,,,,-1,,,,,,0,Y,,Y,,,,Y,,Y,Y,,,Y,Y,N1,73,N1,5,N1,Y,,7,N1,17,,1,3,,,,,,,,,,,,24,1,,,,7,,,1,1,2,2,2,11,,,3,,,,,311,,,,,,,,,,,,,,,,,Y,N1,A1600008,6
2026-07-26 14:21:31,data_go_kr,대전광역시,A1600004,대전보훈병원,6,20260726141604,042-939-0100,,,,,,,,,,,,,,,,,,,1,,1,,,,,1,,,,,,1,,,Y,,,,Y,,Y,Y,,,N1,Y,N1,69,N1,3,N1,Y,,5,N1,7,,1,1,,,,,,,,,,,,10,1,,,,5,,,1,,1,3,1,12,,,,,,,,316,,,,,,,,,,,,,,,,,Y,N1,A1600004,7
2026-07-26 14:21:31,data_go_kr,대전광역시,A1600003,대전한국병원,4,20260726142006,042-606-1119,,Y,,,,,,,,,,,,,,,,,1,,,,,,,,,,,,,,Y,,Y,,,,Y,,Y,Y,,,Y,Y,N1,42,N1,4,Y,Y,,4,N1,9,,1,,,,,,,,,,,,,12,,,,,4,,,,4,2,2,2,6,,1,1,,,,,241,,,,,,,,,,,,,,,,,Y,N1,A1600003,8
2026-07-26 14:21:31,data_go_kr,대전광역시,A1602246,대청병원,9,20260726142001,042-589-0119,,,,,,,,,,,,,,,,,,,,,1,,,,,,,,,,,,,,Y,,,,,,Y,N1,,,Y,Y,N1,107,N1,0,N1,Y,,3,N1,9,,,1,,,,,,,,,,,,17,,,,,3,,,,,2,1,,10,,,1,,,,,245,,,,,,,,,,,,,,,,,Y,N1,A1602246,9
2026-07-26 14:21:31,data_go_kr,울산광역시,A1700004,학교법인울산공업학원울산대학교병원,0,20260726141744,052-250-7000,Y,Y,3,3,,,,0,,5,,,4,,5,,,8,0,11,0,2,,,2,8,19,,1,2,9,0,Y,,Y,,2,4,Y,12,Y,Y,,2,Y,Y,Y,170,Y,3,Y,Y,3,19,N1,21,8,0,0,12,13,16,26,,,,,20,6,2,8,8,36,,42,20,2,20,0,5,7,5,6,83,14,27,17,8,4,,,725,3,3,,,,8,,,,4,,5,,,2,6,Y,Y,A1700004,1
2026-07-26 14:21:31,data_go_kr,울산광역시,A1700028,의료법인정안의료재단중앙병원,7,20260726141810,052-226-1119,,,,,,,,,,,,,,,,,,,1,,2,0,,,,2,3,,,,,0,,,Y,,,,Y,,Y,Y,,,Y,Y,N1,71,N1,1,N1,Y,,8,N1,17,,1,2,2,,,,,,,,,,,18,2,4,,,8,,,1,,2,2,2,7,,,2,,,,,335,,,,,,,,,,,,,,,,,Y,N1,A1700028,2
2026-07-26 14:21:31,data_go_kr,울산광역시,A1700003,울산병원,14,20260726142002,052-259-5119,,,,,,,,,,,,,,,,,,,1,,2,1,,,,0,3,,,,,,,,Y,,,,Y,,Y,Y,,,Y,Y,Y,57,Y,10,N1,Y,,4,Y,19,,1,2,2,,,,,,,,,,,17,1,3,,,4,,,,,2,2,3,12,,,4,1,2,,2,343,,,,,,,,,,,,,,,,,Y,N1,A1700003,3
2026-07-26 14:21:31,data_go_kr,울산광역시,A1700025,의료법인송은의료재단울산시티병원,8,20260726142005,052-280-9119,,,,,,,,,,,,,,,,,,,1,,2,0,,,,2,2,,,,,,,,Y,,,,Y,,Y,Y,,,Y,Y,N1,48,N1,8,N1,Y,,8,N1,17,,1,2,2,,,,,,,,,,,24,3,3,,,8,,,,,2,2,2,17,,,4,,,,,347,,,,,,,,,,,,,,,,,Y,N1,A1700025,4
2026-07-26 14:21:31,data_go_kr,울산광역시,A1700002,의료법인동강의료재단동강병원,16,20260726141950,052-241-1190,,,,,,,,,,2,,,,,,,,,1,0,2,0,,,2,1,0,,,,,0,,Y,Y,,,,Y,,Y,Y,,,Y,Y,Y,165,N1,,N1,Y,,8,N1,24,,1,2,2,14,9,,,,,,,13,,,1,3,,,8,,,2,,3,2,4,25,,,7,5,,1,,513,,,,,,,,,,,,,,,,,Y,N1,A1700002,5
2026-07-26 14:21:31,data_go_kr,울산광역시,A1700011,의료법인은성의료재단좋은삼정병원,6,20260726141827,052-220-7600,,,,,,,,,,,,,,,,,,,,,1,,,,,0,,,,,,1,,,Y,,,,Y,,Y,Y,,,Y,Y,N1,51,N1,3,N1,Y,,7,N1,9,,,1,,,,,,,,,,,,14,1,,,,8,,,1,,2,2,1,5,,,1,,,,,283,,,,,,,,,,,,,,,,,Y,N1,A1700011,6
2026-07-26 14:21:31,data_go_kr,울산광역시,A1700001,서울산보람병원,2,20260726141752,052-255-7119,,,,,,,,,,,,,,,,,,,,,1,,,,,,,,,,,,,,Y,,,,,,Y,N1,,,N1,Y,N1,98,N1,,N1,Y,,3,N1,10,,,1,,,,,,,,,,,,,,,,,3,,,,,1,1,,1,,,,,,,,213,,,,,,,,,,,,,,,,,Y,N1,A1700001,7
2026-07-26 14:21:31,data_go_kr,세종특별자치시,A1800441,세종충남대학교병원,5,20260726142000,044-995-3010,Y,Y,,,1,1,,,,,,,,,,,,5,1,,2,,,1,,1,,5,,,,3,Y,,Y,,,,Y,,Y,Y,,,Y,Y,Y,100,Y,4,Y,Y,-2,8,N1,17,6,1,2,,,,19,,2,,,,,,11,2,,6,,8,,,4,3,2,2,3,29,7,19,5,3,2,,,299,,,1,1,,,,,,,,,,,,,Y,Y,A1800441,1
2026-07-26 14:21:31,data_go_kr,세종특별자치시,A1800417,의료법인 영제 의료재단 엔케이세종병원,5,20260726142009,044-850-7777,,,,,,,,,,,,,,,,,,,,,1,,,,,,,,,,,,,,Y,,,,,,Y,N1,,,N1,Y,N1,135,N1,,N1,Y,,3,N1,10,,,1,,,,,,,,,,,,,,,,,3,,,,,1,1,,1,,,,,,,,200,,,,,,,,,,,,,,,,,Y,N1,A1800417,2
2026-07-26 14:21:31,data_go_kr,경기도,A2100042,의료법인명지의료재단명지병원,5,20260726142000,031-810-7119,Y,Y,3,2,,3,0,1,1,,0,0,0,0,0,0,,0,0,,0,6,,,,4,10,,,,0,0,Y,Y,Y,,,,Y,,Y,Y,,,Y,Y,Y,158,Y,10,Y,Y,3,12,Y,15,0,0,3,16,,,3,,,,,,,,31,4,28,,,13,,0,0,2,6,3,5,49,4,5,8,5,2,1,2,443,3,2,,3,4,3,2,0,0,0,0,0,0,,,,Y,Y,A2100042,1
2026-07-26 14:21:31,data_go_kr,경기도,A2100033,국민건강보험공단일산병원,8,20260726142003,031-900-0761,Y,Y,,,,,0,,1,3,,0,0,,0,0,,0,2,6,1,2,,,2,2,11,,,,4,0,Y,,Y,,,,Y,,Y,Y,,,Y,Y,Y,159,N1,,Y,Y,5,1,N1,23,5,2,3,19,10,16,25,,,,,,6,,,11,29,,,2,,28,4,2,4,3,3,60,8,28,13,5,,,,659,,,,,1,,1,,0,0,,0,0,,,,Y,Y,A2100033,2
2026-07-26 14:21:31,data_go_kr,경기도,A2100005,순천향대학교부속부천병원,13,20260726141621,032-621-5117,Y,Y,2,3,,,,,,5,,0,,0,0,,,2,0,7,0,8,,,,4,25,,,,,4,Y,Y,Y,,,-2,Y,,Y,Y,,,Y,Y,Y,261,Y,10,Y,Y,1,21,Y,17,5,0,0,20,16,15,24,,,,,,,,22,8,34,,,21,,,7,1,4,3,5,71,9,31,17,4,3,1,1,674,2,3,,,,,,,0,,0,0,,,,5,Y,Y,A2100005,3
2026-07-26 14:21:31,data_go_kr,경기도,A2100001,분당서울대학교병원,0,20260726141800,031-787-3119,Y,Y,,,,,,3,,4,,,5,9,,,,2,2,4,3,2,0,,4,0,12,,,,1,3,Y,,Y,1,,1,Y,,Y,Y,,,Y,Y,Y,155,Y,1,Y,Y,0,38,N1,30,5,2,3,15,13,13,35,6,,,10,,9,,8,1,30,,,39,,15,3,3,11,11,11,128,17,39,16,8,8,,,1247,,,,,,5,,,,5,9,,,,,2,Y,Y,A2100001,4
2026-07-26 14:21:31,data_go_kr,경기도,A2100030,차의과학대학교분당차병원,13,20260726141829,031-780-5840,Y,Y,2,3,1,1,0,0,,0,,,0,,0,,0,2,,4,,1,,0,0,1,12,6,,,11,,Y,,Y,0,,,Y,,Y,Y,,,Y,Y,Y,216,Y,,Y,Y,8,26,N1,22,11,,,14,8,9,35,,2,,7,,6,,,4,43,6,,26,,22,,8,5,3,4,40,26,46,6,2,2,,,726,2,3,1,1,2,2,,,,0,,1,,0,,,Y,Y,A2100030,5
2026-07-26 14:21:31,data_go_kr,경기도,A2100002,아주대학교병원,5,20260726141542,031-219-7777,Y,Y,2,2,1,1,,1,,3,,,,0,0,,0,5,0,4,0,8,,0,5,0,24,2,1,3,5,5,Y,,Y,5,2,6,Y,1,Y,Y,0,6,Y,Y,Y,173,Y,,Y,Y,5,25,N1,30,9,0,0,16,14,10,36,,2,6,13,40,7,11,,3,42,6,60,25,3,20,8,3,8,6,9,126,27,34,32,9,7,,,792,2,6,1,4,,2,,,,,0,0,,0,2,6,Y,Y,A2100002,6
2026-07-26 14:21:31,data_go_kr,경기도,A2100003,고려대학교의과대학부속안산병원,13,20260726141635,031-412-5381,Y,Y,2,2,,,0,,,0,,,,,,,,4,,13,2,5,,,2,0,25,,,,9,5,Y,,Y,,,,Y,,Y,Y,,,Y,Y,Y,136,Y,0,Y,Y,1,20,N1,22,4,,3,18,10,13,25,,,,,,10,,6,3,30,,,20,,16,10,2,3,4,4,66,15,19,8,5,3,,,605,2,3,,,2,,,,,,,,,,,,Y,Y,A2100003,7
2026-07-26 14:21:31,data_go_kr,경기도,A2100004,한림대학교성심병원,4,20260726141756,031-380-1500,Y,Y,0,5,,,0,,,0,,,,,,,,2,1,4,2,4,,,,1,21,,,,12,2,Y,Y,Y,,,,Y,,Y,Y,0,5,Y,Y,Y,149,Y,,Y,Y,5,19,N1,25,3,2,4,19,27,16,9,,,8,,,,18,,3,30,,,19,,20,14,2,4,3,6,102,8,10,20,14,2,1,,610,0,5,,,1,,,,,,,,,,,,Y,Y,A2100004,8
2026-07-26 14:21:31,data_go_kr,경기도,A2100040,가톨릭대학교의정부성모병원,11,20260726142009,031-820-5200,Y,Y,,,,,0,0,,,,,,,,,,8,2,,3,3,,,1,0,15,,8,2,,,Y,,Y,,2,6,Y,1,Y,Y,,,Y,Y,Y,173,Y,2,Y,Y,-1,13,N1,42,11,2,4,18,,,15,,,,,20,6,,26,4,30,,53,13,2,,,3,4,3,4,54,10,28,12,4,3,,,519,,,,,1,1,,,,,,,,,2,6,Y,Y,A2100040,9
2026-07-26 14:21:31,data_go_kr,경기도,A2100047,동국대학교일산불교병원,6,20260726142005,031-961-7777,Y,Y,,,,,,,,7,,,,,,,1,3,1,6,3,,,,,1,,,,,15,0,Y,,Y,,,,Y,,Y,Y,,,Y,Y,Y,193,Y,,Y,Y,11,12,N1,19,3,1,3,,16,13,13,,,,,,,,,4,,,,12,,15,0,8,2,2,2,19,13,25,4,2,1,,,463,,,,,,,,,,,,,,3,,,Y,Y,A2100047,10
2026-07-26 14:21:31,data_go_kr,경기도,A2100038,인제대학교일산백병원,16,20260726141834,031-910-7114,N,N,,,,,,,,0,,,,,,,,,3,2,3,,,,,0,,,,,5,1,Y,,Y,,,,Y,,Y,Y,,0,Y,Y,Y,187,Y,,N,Y,,16,N1,34,,3,3,,25,32,,,,,,,,4,,4,,,,17,,16,2,3,3,3,4,54,18,22,7,3,1,,,545,,,,,,,,,,,,,,,,,Y,N,A2100038,11
2026-07-26 14:21:31,data_go_kr,경기도,A2118788,중앙대학교광명병원,13,20260726142007,02-2222-1351,Y,Y,0,0,,,,,,,,,,,,,,,1,,2,,,,4,3,,,,,,2,Y,,Y,,,,Y,,Y,Y,4,,Y,Y,Y,237,Y,12,Y,Y,1,17,N1,21,,1,2,,,,16,,,5,,,5,,24,6,,,,17,,,2,2,2,2,5,28,6,16,5,4,10,,,576,0,0,,,,,,,,,,,,,,,Y,Y,A2118788,12
2026-07-26 14:21:31,data_go_kr,경기도,A2100007,광명성애병원,0,20260726141949,02-2680-7116,Y,Y,,,,,,,,,,,,,,7,,4,1,,2,,,,,0,,,,,,,Y,,Y,,,,Y,,Y,Y,,,Y,Y,N1,58,N1,10,Y,Y,,5,N1,11,4,1,4,,,,,,,,,,,,13,1,,,,5,,,,2,2,2,1,12,2,5,1,,,,,189,,,,,,,,,,,,,50,,,,Y,Y,A2100007,13
2026-07-26 14:21:31,data_go_kr,경기도,A2100155,참조은병원,-2,20260726141955,031-881-9119,,,,,,,,,,,,,,0,0,,6,1,1,,3,,,,,3,,,,,,1,,,Y,,,,Y,,Y,Y,,,Y,Y,N1,44,Y,-3,N1,Y,,7,N1,9,1,1,3,,,,,,,,,,,,22,3,,,,7,,,2,,3,3,2,18,,,3,,2,,,286,,,,,,,,,,,0,0,,6,,,Y,N1,A2100155,14
2026-07-26 14:21:31,data_go_kr,경기도,A2100039,한양대학교구리병원,8,20260726141800,1644-9118,Y,Y,,,,,,,,1,,,,,,,,,1,2,2,,,,,,,,,,,4,Y,,Y,,,,Y,,Y,Y,,,Y,Y,Y,161,Y,,Y,Y,1,9,N1,18,,1,4,,17,14,10,,,,,,,,,,,,,9,,,5,1,3,2,3,21,6,14,4,2,2,,,488,,,,,,,,,,,,,,,,,Y,Y,A2100039,15
2026-07-26 14:21:31,data_go_kr,경기도,A2100054,효산의료재단지샘병원,11,20260726141545,031-389-3119,,,,,,,,,,,,,,,,,1,,2,,1,,,,,1,,,,,,1,,,Y,,,,Y,,Y,Y,,,Y,Y,N1,79,N1,3,N1,Y,,5,N1,18,,2,1,,,,,,,,,,,,18,1,,,,5,,,2,,2,1,3,11,,,2,,,,,367,,,,,,,,,,,,,,1,,,Y,N1,A2100054,16
2026-07-26 14:21:31,data_go_kr,경기도,A2100048,원광대학교산본병원,16,20260726141522,031-390-2345,,,,,,,,,,,,,,,,,,,1,,1,,,,,,,,,,,,Y,,Y,,,,Y,,Y,Y,,,Y,Y,N1,80,N1,7,N1,Y,,5,N1,17,,1,2,,,,,,,,,,,,12,,,,,5,,,,1,1,1,1,1,,,2,,,,,188,,,,,,,,,,,,,,,,,Y,N1,A2100048,17
2026-07-26 14:21:31,data_go_kr,경기도,A2100053,의료법인우리의료재단김포우리병원,6,20260726141946,031-999-1119,,,,,,,,,,,,,,0,0,0,,,1,,6,,,,,0,,,,,,3,,,Y,,,,Y,,Y,Y,,,Y,Y,Y,66,Y,0,N1,Y,,7,N1,22,,1,6,,,,,,,,,,,,36,1,,,,7,,,11,,2,2,2,48,,,4,1,2,,,477,,,,,,,,,,,0,0,0,,,,Y,N1,A2100053,18
2026-07-26 14:21:31,data_go_kr,경기도,A2100006,의료법인인봉의료재단뉴고려병원,8,20260726141604,031-980-9119,,,,,,,,,,,,,,,,,3,,1,,2,,,,,7,,,,,,,,,Y,,,,Y,,Y,Y,,,Y,Y,N1,86,N1,4,N1,Y,,6,N1,14,,1,2,,,,,,,,,,,,24,10,,,,6,,,,,2,2,2,7,,,1,,,,,278,,,,,,,,,,,,,,3,,,Y,N1,A2100006,19
2026-07-26 14:21:31,data_go_kr,경기도,A2100041,남양주한양병원,15,20260726142036,031-510-0119,,,,,,,,,,,,,,,,,,,1,,2,,,,,11,,,,,,,,,Y,,,,Y,,Y,Y,,,Y,Y,N1,88,N1,5,N1,Y,,,Y,17,,1,2,,,,,,,,,,,,17,23,,,,,,,,,2,2,1,33,,,2,,,,1,244,,,,,,,,,,,,,,,,,Y,N1,A2100041,20
2026-07-26 14:21:31,data_go_kr,경기도,A2100037,현대병원,9,20260726141921,031-574-0114,,,,,,,,,,,,,,,,,,,3,,,,,,,0,,,,,,,,,Y,,,,Y,,Y,Y,,,Y,Y,N1,64,Y,0,N1,Y,,7,N1,17,,3,,,,,,,,,,,,,19,20,,,,7,,,,,2,2,2,50,,,17,,2,,,342,,,,,,,,,,,,,,,,,Y,N1,A2100037,21
2026-07-26 14:21:31,data_go_kr,경기도,A2100055,부천세종병원,14,20260726142010,032-340-1119,Y,Y,,,,,,,,,,,,,,,,,1,,2,1,,,,1,1,,,,,0,Y,,Y,,,,Y,,Y,Y,,,Y,Y,Y,83,Y,2,Y,Y,,6,N1,17,,1,2,2,,,,,,,,,,,20,2,3,,,6,,,6,1,2,1,5,18,1,1,5,4,1,,,268,,,,,,,,,,,,,,,,,Y,Y,A2100055,22
2026-07-26 14:21:31,data_go_kr,경기도,A2100052,가톨릭대학교부천성모병원,20,20260726142009,032-340-2100,Y,Y,,,,,,,,0,,,,,,,3,,2,0,1,,,,,0,,,,,,2,Y,,Y,1,,,Y,,Y,Y,,,Y,Y,Y,216,Y,,Y,Y,9,14,N1,31,,2,1,,16,12,10,,,,18,,,,,4,,,,14,,,4,3,3,3,3,28,4,14,11,1,2,,,562,,,,,,,,,,,,,,3,,,Y,Y,A2100052,23
2026-07-26 14:21:31,data_go_kr,경기도,A2100025,대진의료재단분당제생병원,6,20260726142000,031-779-0119,Y,Y,,,,,,,,2,,,7,,,,,3,1,5,2,,,,,2,,,,,,0,Y,Y,Y,,,,Y,,Y,Y,,,Y,Y,Y,147,Y,,Y,Y,1,9,N1,24,3,1,2,,11,14,3,,,,,,,,,4,,,,9,,,2,2,4,3,3,22,1,5,5,2,3,1,,484,,,,,,,,,,7,,,,,,,Y,Y,A2100025,24
2026-07-26 14:21:31,data_go_kr,경기도,A2116806,성남시의료원,10,20260726142001,031-738-7300,,,,,,,,,,,,,,,,,,6,2,18,3,,,,,3,,,,,,28,,,Y,,,,Y,,Y,Y,,,Y,Y,Y,107,Y,,N1,Y,,8,Y,17,6,2,4,,,25,,,,,,,,,,5,,,,8,,,28,,3,2,2,31,,,6,3,1,,2,241,,,,,,,,,,,,,,,,,Y,N1,A2116806,25
2026-07-26 14:21:31,data_go_kr,경기도,A2117135,의료법인명인의료재단화홍병원,7,20260726141645,031-8021-6829,Y,,,,,,,,,,,,,,,,,,2,,3,,,,,0,,,,,,,,,Y,,,,,,Y,N1,,,N1,Y,Y,61,N1,13,N1,Y,,6,Y,15,,2,3,,,,,,,,,,,,29,1,,,,6,,,,,2,2,,4,1,,,1,,,1,228,,,,,,,,,,,,,,,,,Y,Y,A2117135,26
2026-07-26 14:21:31,data_go_kr,경기도,A2100009,의료법인녹산의료재단동수원병원,12,20260726141833,031-210-0119,,Y,,,,,,,,,,,,,,,,,1,,2,0,,,,0,2,,,,,0,Y,,Y,,,,Y,,Y,Y,,,Y,Y,N1,58,N1,9,Y,Y,,5,N1,17,,1,2,2,,,,,,,,,,,18,3,4,,,5,,,1,1,2,2,1,15,,4,1,,,,,335,,,,,,,,,,,,,,,,,Y,N1,A2100009,27
2026-07-26 14:21:31,data_go_kr,경기도,A2100012,가톨릭대학교성빈센트병원,16,20260726142009,031-249-7370,Y,Y,,,1,1,,,,4,,,,,,,,6,2,9,2,3,,2,8,2,,6,,,9,4,Y,,Y,9,,,Y,,Y,Y,,3,Y,Y,Y,319,Y,,Y,Y,2,19,N1,28,6,2,2,4,20,11,18,,2,,15,,8,8,,5,,6,,19,,30,11,2,5,4,6,52,7,18,12,4,4,,,658,,,1,1,,,,,,,,,,,,,Y,Y,A2100012,28
2026-07-26 14:21:31,data_go_kr,경기도,A2100008,의료법인남촌의료재단시화병원,9,20260726141820,031-5189-0567,,,,,,,,,,,,,,,,,,5,1,,4,,,,,1,,,,,,1,Y,,Y,,,,Y,,Y,Y,,,Y,Y,Y,75,N1,19,N1,Y,,7,N1,16,5,1,5,,,,,,,,,,,,52,1,,,,7,,,1,1,3,3,2,29,,,4,2,,,,461,,,,,,,,,,,,,,,,,Y,N1,A2100008,29
2026-07-26 14:21:31,data_go_kr,경기도,A2100017,대아의료재단한도병원,12,20260726141836,031-8040-1129,,,,,,,,,,,,,,,,,,,1,,2,,,,,1,,,,,,,,,Y,,,,Y,,Y,Y,,,Y,Y,N1,88,N1,10,N1,Y,,5,N1,17,,1,2,,,,,,,,,,,,29,1,,,,6,,,,,3,2,2,15,,,3,,,,,327,,,,,,,,,,,,,,,,,Y,N1,A2100017,30
2026-07-26 14:21:31,data_go_kr,경기도,A2100015,효산의료재단안양샘병원,12,20260726141913,031-467-9119,,,,,,,,,,1,,,,,,,,,1,2,2,,,,,1,,,,,,,,,Y,,,,Y,,Y,Y,,,Y,Y,Y,62,N1,,N1,Y,,6,N1,17,,1,2,,9,9,,,,,,,,,,1,,,,6,,,,,2,1,2,12,,,2,1,,,,307,,,,,,,,,,,,,,,,,Y,N1,A2100015,31
2026-07-26 14:21:31,data_go_kr,경기도,A2100024,오산한국병원,12,20260726141844,031-378-5119,,,,,,,,,,,,,,,,,,,1,,1,0,,,,1,2,,,,,2,,,Y,,,,Y,,Y,Y,,,Y,Y,N1,44,Y,1,N1,Y,,5,N1,17,,1,2,2,,,,,,,,,,,32,1,3,,,5,,,2,,2,2,2,17,,,2,,1,,,259,,,,,,,,,,,,,,,,,Y,N1,A2100024,32
2026-07-26 14:21:31,data_go_kr,경기도,A2100020,연세대학교의과대학용인세브란스병원,10,20260726141651,031-5189-9001,Y,Y,,,,,,,,5,,,,,,,,3,1,6,2,,,,,1,,,,,,2,Y,,Y,,,,Y,,Y,Y,,,Y,Y,Y,138,Y,,Y,Y,0,15,N1,16,6,1,3,,19,16,12,,,,,,,,,2,,,,15,,,4,2,3,3,4,31,6,18,6,3,4,,,597,,,,,,,,,,,,,,,,,Y,Y,A2100020,33
2026-07-26 14:21:31,data_go_kr,경기도,A2100029,강남병원,6,20260726141840,031-300-0119,,,,,,,,,,,,,,,,,,,1,,2,2,,,,1,2,,,,,,,,Y,,,,,,Y,N1,,,Y,Y,N1,20,N1,14,N1,Y,,4,N1,17,,1,2,2,,,,,,,,,,,30,1,3,,,4,,,,,2,2,,7,,,2,,,,,264,,,,,,,,,,,,,,,,,Y,N1,A2100029,34
2026-07-26 14:21:31,data_go_kr,경기도,A2100019,(의)영문의료재단다보스병원,9,20260726141823,031-8021-2130,,,,,,,,,,,,,,,,,4,,1,,2,1,,,,1,1,,,,,,,,Y,,,,,,Y,N1,,,Y,Y,N1,38,N1,3,N1,Y,,6,N1,13,,1,2,2,,,,,,,,,,,23,1,3,,,6,,,,,1,1,,7,,,2,,,,,222,,,,,,,,,,,,,,4,,,Y,N1,A2100019,35
2026-07-26 14:21:31,data_go_kr,경기도,A2117994,학교법인을지학원의정부을지대학교병원,20,20260726141600,031-8074-0119,Y,Y,,,,,,,,3,,,,,,,7,6,1,3,2,,,,,2,,,,,3,2,Y,,Y,,0,0,Y,,Y,Y,,,Y,Y,Y,229,Y,,Y,Y,3,12,N1,30,6,1,2,,29,22,5,,,,,,,,,2,,,,14,,22,6,8,3,3,4,48,5,5,6,3,2,,,588,,,,,,,,,,,,,,8,0,0,Y,Y,A2117994,36
2026-07-26 14:21:31,data_go_kr,경기도,A2100193,경기도의료원이천병원,9,20260726142001,031-630-4333,,,,,,,,,,,,,,,,,,,1,,2,2,,,,2,0,,,,,6,,,Y,,,,,,Y,N1,,,N1,Y,N1,38,N1,1,N1,Y,,4,N1,17,,1,2,2,,,,,,,,,,,6,2,3,,,4,,,6,,1,1,,8,,,,,,,,187,,,,,,,,,,,,,,,,,Y,N1,A2100193,37
2026-07-26 14:21:31,data_go_kr,경기도,A2100035,경기도의료원파주병원,14,20260726141801,031-940-9119,,,,,,,,,,,,,,,,,,,1,,2,1,,,,,1,,,,,,Y,,Y,,,,,,Y,N1,,,N1,Y,N1,84,N1,5,N1,Y,,3,N1,17,,1,2,2,,,,,,,,,,,8,,3,,,3,,,,1,1,1,,9,,,,,,,,189,,,,,,,,,,,,,,,,,Y,N1,A2100035,38
2026-07-26 14:21:31,data_go_kr,경기도,A2100028,의료법인백송의료재단굿모닝병원,7,20260726141857,031-5182-7582,,,,,,,,,,,,,,,,,6,,2,,1,,,,,1,,,,,,,,,Y,,,,Y,,Y,Y,,,Y,Y,Y,104,N1,5,N1,Y,,7,Y,19,,2,1,,,,,,,,,,,,27,3,,,,7,,,,,5,3,3,23,,,5,3,,,1,392,,,,,,,,,,,,,,6,,,Y,N1,A2100028,39
2026-07-26 14:21:31,data_go_kr,경기도,A2113246,의료법인양진의료재단평택성모병원,10,20260726141842,070-5012-0119,,,,,,,,,,,,,,,,0,,,1,,2,2,,,,2,2,,,,,,,,Y,,,,Y,,Y,Y,,,Y,Y,N1,63,N1,14,N1,Y,,6,N1,17,,1,2,2,,,,,,,,,,,34,2,3,,,6,,,,,3,3,2,8,,,2,,,,,329,,,,,,,,,,,,,0,,,,Y,N1,A2113246,40
2026-07-26 14:21:31,data_go_kr,경기도,A2100031,경기도의료원포천병원,15,20260726142002,031-539-9119,,Y,,,,,,,,,,,,,,,,,1,,2,,,,,0,,,,,,0,Y,,Y,,,,,,Y,N1,,,N1,Y,N1,50,N1,2,Y,Y,,4,N1,17,,1,2,,,,,,,,,,,,10,0,,,,4,,,3,3,1,1,,7,,2,,,,,,137,,,,,,,,,,,,,,,,,Y,N1,A2100031,41
2026-07-26 14:21:31,data_go_kr,경기도,A2100046,한림대학교동탄성심병원,22,20260726141930,031-8086-2119,Y,Y,3,0,,,,,,12,,,,,,,,9,,2,,,,,2,6,,,,,,5,Y,Y,Y,,,,Y,,Y,Y,5,,Y,Y,Y,193,Y,,Y,Y,12,20,Y,32,9,,,,28,13,13,,,13,,,9,,,11,,,,20,,,11,1,6,3,6,51,8,16,17,5,5,1,1,515,3,0,,,,,,,,,,,,,,,Y,Y,A2100046,42
2026-07-26 14:21:31,data_go_kr,경기도,A2100290,의료법인자인의료재단(더자인병원),12,20260726141951,031-930-3119,,,,,,,,,,,,,,,,,,,2,,2,2,,,,1,1,,,,,,,,Y,,,,Y,,Y,Y,,,Y,Y,N1,85,N1,4,N1,N,,5,N1,16,,2,2,2,,,,,,,,,,,10,2,3,,,5,,,,,2,2,1,15,,,1,,,,,233,,,,,,,,,,,,,,,,,Y,N1,A2100290,43
2026-07-26 14:21:31,data_go_kr,경기도,A2100049,국립암센터,18,20260726142001,031-920-0119,,N,,,,,,,,,,,,,,,,,,,1,,,,,8,,,,,,,,,Y,,,,Y,,Y,Y,,,Y,Y,Y,115,Y,14,N,Y,,18,N1,24,,,1,,,,,,,,,,,,19,9,,,,18,,,,,7,5,3,29,,1,8,2,7,,,554,,,,,,,,,,,,,,,,,Y,N1,A2100049,44
2026-07-26 14:21:31,data_go_kr,경기도,A2116972,의료법인성광의료재단일산차병원,4,20260726141636,031-782-8587,Y,Y,,,,,,,,,,,,,,,,,,,3,,,,,1,,,,,,1,Y,,,,,,,,Y,N1,,,N1,N1,N1,85,N1,4,Y,N1,0,10,N1,6,,,4,,,,17,,,,,,,,4,1,,,,10,,,1,9,,,,4,11,19,,,,,,179,,,,,,,,,,,,,,,,,Y,Y,A2116972,45
2026-07-26 14:21:31,data_go_kr,경기도,A2118188,엘병원,7,20260726141825,031-527-6119,,,,,,,,,,,,,,,,,,,,,0,,,,,0,,,,,,0,,,Y,,,,,,Y,N1,,,N1,Y,N1,58,N1,6,N1,Y,,3,N1,8,,,2,,,,,,,,,,,,8,1,,,,3,,,1,,1,1,,2,,,,,,,,146,,,,,,,,,,,,,,,,,Y,N1,A2118188,46
2026-07-26 14:21:31,data_go_kr,경기도,A2100050,의료법인대인의료재단다니엘종합병원,3,20260726142001,032-670-0119,,,,,,,,,,,,,,,,,,,1,,3,,,,,1,,,,,,,,,Y,,,,,,Y,N1,,,N,Y,N1,34,N1,9,N1,Y,,3,N1,6,,1,3,,,,,,,,,,,,30,1,,,,3,,,,,1,1,,17,,,1,,,,,169,,,,,,,,,,,,,,,,,Y,N1,A2100050,47
2026-07-26 14:21:31,data_go_kr,경기도,A2100258,국군수도병원,14,20260726142013,031-725-6119,,,,,,,,,,,,,,2,6,,,,0,,,,,,,1,,,16,,2,,,,Y,,,,Y,15,Y,Y,,,Y,Y,Y,149,N1,10,N1,Y,,9,N1,16,,2,,,,,,,,,,20,,,12,1,,,40,9,,15,,,3,4,2,2,,,5,2,,,,530,,,,,,,,,,,2,6,,,,,Y,N1,A2100258,48
2026-07-26 14:21:31,data_go_kr,경기도,A2100016,순천의료재단성남정병원,7,20260726141919,031-750-6003,,,,,,,,,,,,0,,,26,,,,2,,,,,,,,,,,,,,,,Y,,,,,,Y,N1,,,N1,Y,N1,76,N1,,N1,Y,,4,N1,9,,2,,,,,,,,,,,,,,,,,,4,,,,,1,1,,1,,,,,,,,98,,,,,,,,,0,,,105,,,,,Y,N1,A2100016,49
2026-07-26 14:21:31,data_go_kr,경기도,A2121061,의료법인덕산의료재단수원덕산병원,20,20260726142004,031-686-2911,N,Y,,,,,,,,,,,,,,,,3,1,,2,2,,,,0,2,,,,,0,Y,,Y,,,,Y,,Y,Y,,,Y,Y,Y,105,N1,4,Y,Y,,9,N1,24,3,1,2,2,,,,,,,,,,,22,3,4,,,9,,,5,5,3,2,2,15,N,2,5,2,,,,403,,,,,,,,,,,,,,,,,Y,N,A2121061,50
2026-07-26 14:21:31,data_go_kr,경기도,A2100032,경기도의료원수원병원,7,20260726142002,031-888-0119,,,,,,,,,,,,,,,,,3,,,,2,,,,,,,,,,,2,,,Y,,,,,,Y,N1,,,N1,Y,N1,41,N1,7,N1,Y,,3,N1,8,,,2,,,,,,,,,,,,9,,,,,3,,,2,,1,1,,9,,,,,,,,156,,,,,,,,,,,,,,3,,,Y,N1,A2100032,51
2026-07-26 14:21:31,data_go_kr,경기도,A2100175,의료법인토마스의료재단윌스기념병원,15,20260726141838,031-240-6119,,,,,,,,,,,,,,,,,,,1,,2,2,,,,0,3,,,,,,Y,,Y,,,,Y,,Y,Y,,,Y,Y,N1,85,N1,9,N1,Y,,10,N1,18,,1,2,2,,,,,,,,,,,18,1,3,,,10,,,,1,1,4,1,1,,,1,,,,,282,,,,,,,,,,,,,,,,,Y,N1,A2100175,52
2026-07-26 14:21:31,data_go_kr,경기도,A2100027,의료법인석경의료재단센트럴병원,16,20260726141953,031-8041-3019,,,,,,,,,,,,,,,,,,,1,,2,,,,,,,,,,,,,,Y,,,,,,Y,N1,,,Y,Y,N1,101,N1,3,N1,Y,,3,N1,18,,1,2,,,,,,,,,,,,20,,,,,3,,,,,2,2,,7,,,2,,,,,255,,,,,,,,,,,,,,,,,Y,N1,A2100027,53
2026-07-26 14:21:31,data_go_kr,경기도,A2100013,의료법인 록향의료재단 신천연합병원,9,20260726142005,031-310-6661,,,,,,,,,,,,,,,,,,,,,1,,,,,0,,,,,,,,,Y,,,,,,Y,N1,,,Y,Y,N1,21,N1,0,N1,Y,,3,N1,10,,,1,,,,,,,,,,,,6,1,,,,3,,,,,1,1,,4,,,1,,,,,112,,,,,,,,,,,,,,,,,Y,N1,A2100013,54
2026-07-26 14:21:31,data_go_kr,경기도,A2100021,의료법인플러스의료재단단원병원,13,20260726141950,031-8040-5911,,,,,,,,,,,,,1,,,,,,1,,2,,,,,1,,,,,,,,,Y,,,,Y,,Y,Y,,,Y,Y,Y,79,N1,7,N1,Y,,5,N1,17,,1,2,,,,,,,,,,,,27,1,,,,5,,,,,1,1,2,8,,,2,1,,,,342,,,,,,,,,,1,,,,,,,Y,N1,A2100021,55
2026-07-26 14:21:31,data_go_kr,경기도,A2100014,근로복지공단안산병원,7,20260726141600,031-500-1119,,,,,,,,,,,,,,,,,,,,,1,,,,,1,,,,,,0,,,Y,,,,,,Y,N1,,,N1,Y,N1,87,N1,11,N1,Y,,3,N1,7,,,1,,,,,,,,,,,,18,1,,,,3,,,2,,1,1,,14,,,,,,,,359,,,,,,,,,,,,,,,,,Y,N1,A2100014,56
2026-07-26 14:21:31,data_go_kr,경기도,A2100124,의료법인칠석의료재단사랑의병원,8,20260726141528,031-502-0119,,,,,,,,,,,,,,,,,,,1,,,,,,,,,,,,,,,,Y,,,,,,Y,N1,,,Y,Y,N1,45,N1,6,N1,Y,,5,N1,13,,1,,,,,,,,,,,,,14,,,,,5,,,,,2,2,,8,,,1,,,,,206,,,,,,,,,,,,,,,,,Y,N1,A2100124,57
2026-07-26 14:21:31,data_go_kr,경기도,A2100045,경기도의료원안성병원,8,20260726142001,031-8046-5119,,,,,,,,,,,,,,,,,,,1,,,,,,,1,,,,,,8,,,Y,,,,,,Y,N1,,,N1,Y,N1,59,N1,3,N1,Y,,5,N1,14,,1,,,,,,,,,,,,,13,2,,,,5,,,8,,1,1,,8,,,,,,,,178,,,,,,,,,,,,,,,,,Y,N1,A2100045,58
2026-07-26 14:21:31,data_go_kr,경기도,A2100305,안성성모병원,5,20260726141945,031-675-8275,,,,,,,,,,,,,,,,,,,,,1,,,,,,,,,,,,,,Y,,,,,,Y,N1,,,N1,Y,N1,92,N1,3,N1,Y,,3,N1,9,,,1,,,,,,,,,,,,20,,,,,3,,,,,1,1,,7,,,,,,,,188,,,,,,,,,,,,,,,,,Y,N1,A2100305,59
2026-07-26 14:21:31,data_go_kr,경기도,A2100089,양평병원,4,20260726142001,031-770-5119,N,N,,,,,,,,,,,,,,,,,,,1,,,,,,,,,,,,N,N,Y,,,,N,,Y,N,,,N,Y,N,25,N,,N,Y,,3,N,9,,,1,,,,,,,,,,,,,,,,,3,,,,0,1,1,0,1,0,0,0,0,0,0,0,90,,,,,,,,,,,,,,,,,Y,N,A2100089,60
2026-07-26 14:21:31,data_go_kr,경기도,A2100194,세종여주병원,-1,20260726141945,031-880-7754,,,,3,,,,,,,,,,,,,3,,,,2,,,,,,,,,,,,,,Y,,,,,,Y,N1,,,Y,Y,N1,120,N1,,N1,Y,,2,N1,6,,,4,,,,,,,,,,,,,,,,,2,,,,,1,1,,4,,,2,,,,,210,,3,,,,,,,,,,,,3,,,Y,N1,A2100194,61
2026-07-26 14:21:31,data_go_kr,경기도,E2100187,연천군보건의료원,9,20260726142005,031-839-4119,,,,,,,,,,,,,,,,,,,,,,,,,,,,,,,,,,,Y,,,,,,Y,N1,,,N1,Y,N1,51,N1,,N1,N1,,2,N1,10,,,,,,,,,,,,,,,,,,,,2,,,,,1,,,1,,,,,,,,52,,,,,,,,,,,,,,,,,Y,N1,E2100187,62
2026-07-26 14:21:31,data_go_kr,경기도,A2100122,(의)효심의료재단용인서울병원,7,20260726141853,031-336-0119,,,,,,,,,,,,,,,,,,,,,,,,,,,,,,,,,,,Y,,,,,,Y,N1,,,N1,Y,N1,151,N1,,N1,Y,,3,N1,10,,,,,,,,,,,,,,,,,,,,3,,,,,1,1,,1,,,,,,,,201,,,,,,,,,,,,,,,,,Y,N1,A2100122,63
2026-07-26 14:21:31,data_go_kr,경기도,A2121142,메디필드한강병원,12,20260726142027,031-332-1119,,,,,,,,,,,,,,,,,,,1,,2,,,,,1,,,,,,1,,,Y,,,,Y,,Y,Y,,,Y,Y,N1,158,N1,7,N1,Y,,6,N1,17,,1,2,,,,,,,,,,,,15,1,,,,6,,,1,,3,2,1,13,,,2,,,,,192,,,,,,,,,,,,,,,,,Y,N1,A2121142,64
2026-07-26 14:21:31,data_go_kr,경기도,A2100034,의료법인영동의료재단의정부백병원,9,20260726142031,031-842-1211,,,,,,,,,,,,,,,,,,,,,2,,,,,,,,,,,,,,Y,,,,,,Y,N1,,,N1,Y,N1,103,N1,0,N1,Y,,3,N1,10,,,2,,,,,,,,,,,,9,,,,,3,,,,,1,1,,1,,,,,,,,192,,,,,,,,,,,,,,,,,Y,N1,A2100034,65
2026-07-26 14:21:31,data_go_kr,경기도,A2100150,추병원,8,20260726141945,031-845-8313,,,,,,,,,,,,,,,,,,,1,,1,,,,,,,,,,,,,,Y,,,,Y,,Y,Y,,,N1,Y,N1,51,N1,3,N1,N,,3,N1,12,,1,1,,,,,,,,,,,,15,,,,,3,,,,,2,1,1,1,,,,,,,,210,,,,,,,,,,,,,,,,,Y,N1,A2100150,66
2026-07-26 14:21:31,data_go_kr,경기도,A2100043,경기도의료원의정부병원,9,20260726142001,031-828-5119,,,,,,,,,,,,,,,,0,,,1,,,,,,,,,,,,31,3,,,Y,,,,,,Y,N1,,,N1,Y,N1,34,N1,3,N1,Y,,3,N1,10,,1,,,,,,,,,,,,,6,,,,,3,,70,5,,1,1,,8,,,,,,,,86,,,,,,,,,,,,,0,,,,Y,N1,A2100043,67
2026-07-26 14:21:31,data_go_kr,경기도,A2100131,메디인병원,11,20260726142031,031-570-7912,,,,,,,,,,,,,,,,,,,,,2,,,,,,,,,,,,,,Y,,,,Y,,Y,Y,,,N1,Y,N1,69,N1,,N1,Y,,4,N1,12,,,2,,,,,,,,,,,,,,,,,4,,,,,1,1,1,2,,,,,,,,206,,,,,,,,,,,,,,,,,Y,N1,A2100131,68
2026-07-26 14:21:31,data_go_kr,경기도,A2100309,의료법인갈렌의료재단박병원,5,20260726142003,031-662-4119,,,,,,,,,,,,,,,,,,,,,1,,,,,,,,,,,,,,Y,,,,,,Y,N1,,,N1,Y,N1,34,N1,2,N1,Y,,2,N1,10,,,1,,,,,,,,,,,,10,,,,,2,,,,,1,2,,3,,,,,,,,143,,,,,,,,,,,,,,,,,Y,N1,A2100309,69
2026-07-26 14:21:31,data_go_kr,경기도,A2100022,의료법인박애의료재단박애병원,10,20260726141741,031-650-9219,,,,,,,,,,,,,,,,,,,,,1,,,,,,,,,,,,,,Y,,,,,,Y,N1,,,Y,Y,N1,110,N1,5,N1,Y,,5,N1,10,,,1,,,,,,,,,,,,10,,,,,5,,,,,2,1,,20,,,2,,,,,193,,,,,,,,,,,,,,,,,Y,N1,A2100022,70
2026-07-26 14:21:31,data_go_kr,경기도,A2100036,의료법인 일심의료재단 포천우리병원,16,20260726141904,031-541-8282,,,,,,,,,,,,,,,,,,,1,,3,,,,,2,,,,,,2,,,Y,,,,Y,,Y,Y,,,Y,Y,N1,66,N1,4,N1,Y,,5,N1,18,,1,3,,,,,,,,,,,,18,2,,,,5,,,2,,2,2,1,14,,,3,,,,,201,,,,,,,,,,,,,,,,,Y,N1,A2100036,71
2026-07-26 14:21:31,data_go_kr,경기도,A2100018,의료법인은혜와감사의료재단화성중앙종합병원,7,20260726141852,031-371-7998,,,,,,,,,,,,,,,,,,,,,1,,,,,,,,,,,,,,Y,,,,,,Y,N1,,,N1,Y,N1,85,N1,4,N1,Y,,3,N1,9,,,1,,,,,,,,,,,,8,,,,,3,,,,,1,1,,3,,,,,,,,131,,,,,,,,,,,,,,,,,Y,N1,A2100018,72
2026-07-26 14:21:31,data_go_kr,경기도,A2115699,의료법인원광의료재단원광종합병원,5,20260726142002,031-8077-7219,,,,,,,,,,,,,,,,,,,1,,,,,,,,,,,,,,,,Y,,,,,,Y,N1,,,N1,Y,N1,26,N1,-1,N1,Y,,4,N1,9,,1,,,,,,,,,,,,,9,,,,,4,,,,,1,2,,4,,,,,,,,135,,,,,,,,,,,,,,,,,Y,N1,A2115699,73
2026-07-26 14:21:31,data_go_kr,강원특별자치도,A2200008,강릉아산병원,6,20260726141915,033-610-3333,Y,Y,,,,,0,2,,1,,,,,,,,3,2,3,3,1,,,,,13,,,,,,Y,,Y,,,,Y,,Y,Y,,,Y,Y,Y,114,Y,,Y,Y,6,15,Y,23,3,2,3,18,14,16,13,,,,,,,,,,38,,,15,,,,2,4,3,4,33,8,12,8,5,1,,2,604,,,,,1,6,,,,,,,,,,,Y,Y,A2200008,1
2026-07-26 14:21:31,data_go_kr,강원특별자치도,A2200001,연세대학교원주세브란스기독병원,21,20260726141502,033-741-1641,Y,Y,3,21,,,0,,,2,,,,,,,,3,2,5,3,3,,,,,15,,9,2,5,,Y,,Y,3,2,6,Y,5,Y,Y,,,Y,Y,Y,209,Y,,Y,Y,7,14,Y,29,3,2,3,20,15,12,19,,,,15,20,,,,,30,,40,15,2,24,,2,5,4,7,100,12,25,16,7,13,,4,584,4,36,,,2,,,,,,,,,,2,6,Y,Y,A2200001,2
2026-07-26 14:21:31,data_go_kr,강원특별자치도,A2200013,한림대학교춘천성심병원,13,20260726141720,033-240-5219,Y,Y,2,3,,,,0,,,,,,,,,,2,,,,5,,,,0,27,,,,,1,Y,Y,Y,,,,Y,,Y,Y,2,,Y,Y,Y,92,Y,6,Y,Y,,9,Y,22,3,,,20,,,,,,8,,,,,20,2,45,,,9,,,2,1,2,2,3,33,1,4,6,2,1,1,1,252,2,3,,,,2,,,,,,,,,,,Y,Y,A2200013,3
2026-07-26 14:21:31,data_go_kr,강원특별자치도,A2200005,의료법인강릉동인병원,13,20260726142008,033-650-6105,,,,,,,,,,1,,,,,,,,,1,,2,,,,,2,,,,,9,,,,Y,,,,Y,,Y,Y,,,Y,Y,N1,70,N1,1,N1,Y,,5,N1,17,,1,2,,12,,,,,,,,,,12,2,,,,5,,101,,,2,1,1,14,,,1,,,,,248,,,,,,,,,,,,,,,,,Y,N1,A2200005,4
2026-07-26 14:21:31,data_go_kr,강원특별자치도,A2200007,강원특별자치도삼척의료원,13,20260726141501,033-571-0431,,Y,,,,,,,,,,,,,,,,1,2,,1,0,,,,0,3,,,,,6,Y,,Y,,,,,,Y,N1,,,Y,Y,N1,59,N1,0,Y,Y,,4,N1,16,1,2,1,2,,,,,,,,,,,6,2,3,,,4,,,10,1,1,1,,3,,3,1,,,,,189,,,,,,,,,,,,,,,,,Y,N1,A2200007,5
2026-07-26 14:21:31,data_go_kr,강원특별자치도,A2200012,강원특별자치도속초의료원,17,20260726142002,,Y,Y,,,,,,,,,,,,,,,,,2,,1,,,,,,,,,,,,Y,,Y,,,,,,Y,N1,,,N1,Y,N1,64,N1,0,Y,Y,,3,N1,17,,2,1,,,,,,,,,,,,8,,,,,3,,,,2,1,1,,7,1,1,,,,,,154,,,,,,,,,,,,,,,,,Y,Y,A2200012,6
2026-07-26 14:21:31,data_go_kr,강원특별자치도,A2200009,강원대학교병원,4,20260726142000,033-258-2293,Y,Y,,,,,0,,,3,,,,,,,,3,2,,3,1,4,,5,1,,,,,3,11,Y,,Y,2,,,Y,,Y,Y,,,Y,Y,Y,286,Y,,Y,Y,1,11,N1,21,3,2,3,5,10,,15,8,,,8,,8,,,2,,,,11,,16,14,3,4,2,4,43,13,24,12,3,10,,,508,,,,,0,,,,,,,,,,,,Y,Y,A2200009,7
2026-07-26 14:21:31,data_go_kr,강원특별자치도,A2200011,강원특별자치도강릉의료원,0,20260726142001,033-610-1234,,,,,,,,,,,,,,,,20,,,,,1,,,,,,,,,,,5,,,Y,,,,,,Y,N1,,,N1,Y,N1,17,N1,0,N1,Y,,2,N1,5,,,1,,,,,,,,,,,,8,,,,,2,,,5,,1,1,,4,,,,,,,,122,,,,,,,,,,,,,20,,,,Y,N1,A2200011,8
2026-07-26 14:21:31,data_go_kr,강원특별자치도,A2200003,의료법인동해동인병원,8,20260726142008,033-530-0129,,,,,,,,,,,,,,,,,,,,,1,,,,,1,,,,,57,,,,Y,,,,,,Y,N1,,,N1,Y,N1,33,N1,9,N1,Y,,2,N1,10,,,1,,,,,,,,,,,,19,1,,,,2,,110,,,1,1,,7,,,,,,,,178,,,,,,,,,,,,,,,,,Y,N1,A2200003,9
2026-07-26 14:21:31,data_go_kr,강원특별자치도,A2200046,의료법인온세움의료재단온재병원,0,20260726141944,033-639-8988,,,,,,,,,,,,,,,,,,,,,1,,,,,,,,,,29,,,,Y,,,,,,Y,N1,,,N1,Y,N1,24,N1,0,N1,Y,,4,N1,9,,,1,,,,,,,,,,,,15,,,,,4,,59,,,1,1,,5,,,,,,,,219,,,,,,,,,,,,,,,,,Y,N1,A2200046,10
2026-07-26 14:21:31,data_go_kr,강원특별자치도,A2200037,의료법인성심의료재단양구성심병원,2,20260726141931,033-480-8816,,Y,,,,,,,,,,,,,,,,,1,,,,,,,,,,,,,,Y,,Y,,,,,,Y,N1,,,N1,Y,N1,40,N1,,Y,N1,,,N1,5,,1,,,,,,,,,,,,,,,,,,,,,,1,1,,,1,,1,,,,,,52,,,,,,,,,,,,,,,,,Y,N1,A2200037,11
2026-07-26 14:21:31,data_go_kr,강원특별자치도,A2200002,강원특별자치도영월의료원,5,20260726142002,033-370-9129,,Y,,,,,,,,,,,,,,,1,,,,,,,,,0,,,,,,2,Y,,Y,,,,,,Y,N1,,,N1,Y,N1,44,N1,0,Y,Y,,2,N1,9,,,,,,,,,,,,,,,10,2,,,,2,,,2,1,1,1,,7,,3,,,,,,174,,,,,,,,,,,,,,1,,,Y,N1,A2200002,12
2026-07-26 14:21:31,data_go_kr,강원특별자치도,A2200015,강원특별자치도원주의료원,8,20260726142002,033-760-4701,,,,,,,,,,,,,,,,,,,1,,2,,,,,,,,,,,,,,Y,,,,,,Y,N1,,,N1,Y,N1,55,N1,0,N1,Y,,3,N1,17,,1,2,,,,,,,,,,,,20,,,,,3,,,,,1,1,,7,,,,,,,,259,,,,,,,,,,,,,,,,,Y,N1,A2200015,13
2026-07-26 14:21:31,data_go_kr,강원특별자치도,A2200024,의료법인성지의료재단성지병원,3,20260726141907,033-760-3119,,,,,,,,,,,,,,,,13,,,,,1,,,,,,,,,,,,,,Y,,,,,,Y,N1,,,N1,Y,N1,-62,N1,9,N1,Y,,4,N1,7,,,1,,,,,,,,,,,,9,,,,,4,,,,,1,2,,4,,,,,,,,135,,,,,,,,,,,,,13,,,,Y,N1,A2200024,14
2026-07-26 14:21:31,data_go_kr,강원특별자치도,A2200048,근로복지공단정선병원,3,20260726141600,033-560-7150,,,,,,,,,,,,,,,,,,,,,1,,,,,,,,,,,,,,Y,,,,,,Y,N1,,,N1,Y,N1,46,N1,,N1,N1,,,N1,5,,,1,,,,,,,,,,,,,,,,,,,,,,1,,,3,,,,,,,,149,,,,,,,,,,,,,,,,,Y,N1,A2200048,15
2026-07-26 14:21:31,data_go_kr,강원특별자치도,A2201730,철원병원,3,20260726142001,033-452-5012,N,Y,,,,,,,,,,,,,,,,,1,,,,,,,,,,,,,,Y,N,Y,,,,N,,Y,N,,,N,Y,N,35,N,,Y,Y,,2,N,5,,1,,,,,,,,,,,,,,,,,,2,,,,1,1,1,0,1,0,1,0,0,0,0,0,68,,,,,,,,,,,,,,,,,Y,N,A2201730,16
2026-07-26 14:21:31,data_go_kr,강원특별자치도,A2200004,근로복지공단태백병원,6,20260726141900,033-580-3119,,,,,,,,,,,,,,,,,,,1,,,,,,,1,,,,,,,Y,,Y,,,,,,Y,N1,,,N1,Y,N1,65,N1,4,N1,Y,,2,N1,9,,1,,,,,,,,,,,,,9,1,,,,2,,,,1,1,1,,8,,,,,,,,223,,,,,,,,,,,,,,,,,Y,N1,A2200004,17
2026-07-26 14:21:31,data_go_kr,강원특별자치도,E2200026,평창군보건의료원,6,20260726142001,033-330-4812,,,,,,,,,,,,,,,,,,,,,1,,,,,,,,,,,,,,Y,,,,,,Y,N1,,,N1,Y,N1,20,N1,,N1,N1,,,N1,6,,,1,,,,,,,,,,,,,,,,,,,,,,1,,,1,,,,,,,,20,,,,,,,,,,,,,,,,,Y,N1,E2200026,18
2026-07-26 14:21:31,data_go_kr,강원특별자치도,A2200014,홍천아산병원,9,20260726141500,033-430-5119,,,,,,,,,,,,,,,,,,,,,,,,,,,,,,,,,,,Y,,,,,,Y,N1,,,N1,Y,N1,5,N1,0,N1,Y,,2,N1,10,,,,,,,,,,,,,,,7,,,,,2,,,,,1,1,,4,,,,,,,,128,,,,,,,,,,,,,,,,,Y,N1,A2200014,19
2026-07-26 14:21:31,data_go_kr,강원특별자치도,E2200025,화천군보건의료원,7,20260726142001,033-440-2880,,,,,,,,,,,,,,,,,,,,,1,,,,,,,,,,,,,,,,,,,,Y,N1,,,N1,N1,N1,16,N1,,N1,N1,,,N1,7,,,1,,,,,,,,,,,,,,,,,,,,,,,,,1,,,,,,,,16,,,,,,,,,,,,,,,,,Y,N1,E2200025,20
2026-07-26 14:21:31,data_go_kr,강원특별자치도,A2200016,횡성대성병원,7,20260726141933,033-345-1191,,,,,,,,,,,,,,,,,,,,,1,,,,,,,,,,,,,,Y,,,,,,Y,N1,,,N1,Y,N1,27,N1,,N1,Y,,1,N1,9,,,1,,,,,,,,,,,,,,,,,1,,,,,1,1,,1,,,,,,,,114,,,,,,,,,,,,,,,,,Y,N1,A2200016,21
2026-07-26 14:21:31,data_go_kr,충청북도,A2300001,충북대학교병원,23,20260726142000,043-269-6114,Y,Y,2,3,,,,0,,2,,,,,,,,7,,,,2,,,,2,32,,11,2,5,12,Y,,Y,,1,6,Y,15,Y,Y,3,,Y,Y,Y,257,Y,8,Y,Y,14,15,N1,30,8,,,18,8,,25,,,4,,20,,,17,5,40,,40,16,2,21,13,2,4,4,6,98,13,31,18,10,17,,,547,2,3,,,,2,,,,,,,,,2,6,Y,Y,A2300001,1
2026-07-26 14:21:31,data_go_kr,충청북도,A2300009,의료법인명지의료재단명지병원,11,20260726141923,043-640-8117,,,,,,,,,,,,,,,,,,3,2,,4,2,,,,3,,,,,,,,,Y,,,,Y,,Y,Y,,,Y,Y,Y,75,N1,5,N1,Y,,3,N1,18,3,2,4,2,,,,,,,,,,,15,3,,,,3,,,,,2,1,1,10,,,2,1,,,,201,,,,,,,,,,,,,,,,,Y,N1,A2300009,2
2026-07-26 14:21:31,data_go_kr,충청북도,A2300005,의료법인자산의료재단제천서울병원,11,20260726141655,043-643-2327,,,,,,,,,,,,,,,,,,,1,,4,,,,,,2,,,,,,,,Y,,,,,,Y,N1,,,Y,Y,N1,30,N1,0,N1,Y,,3,Y,15,,1,4,,,,,,,,,,,,11,,5,,,3,,,,,1,1,,10,,,1,,,,1,202,,,,,,,,,,,,,,,,,Y,N1,A2300005,3
2026-07-26 14:21:31,data_go_kr,충청북도,A2300013,의료법인 건명의료재단 중앙제일병원,8,20260726141535,043-537-9119,,,,,,,,,,,,,,,,,,,3,,,,,,,3,,,,,,31,,,Y,,,,,,Y,N1,,,Y,Y,N1,59,N1,5,N1,Y,,5,N1,17,,3,,,,,,,,,,,,,12,6,,,,5,,,31,,2,2,,6,,,1,,,,,192,,,,,,,,,,,,,,,,,Y,N1,A2300013,4
2026-07-26 14:21:31,data_go_kr,충청북도,A2300007,의료법인인화재단한국병원,9,20260726141721,043-222-6177,,Y,,,,,,,,,,,,,,,3,,1,,2,,,,,1,,,,,,1,Y,,Y,,,,Y,,Y,Y,,,Y,Y,N1,64,N1,1,Y,Y,,8,N1,14,,1,2,,,,,,,,,,,,24,1,,,,8,,,1,1,3,3,2,18,,1,3,,,,,403,,,,,,,,,,,,,,3,,,Y,N1,A2300007,5
2026-07-26 14:21:31,data_go_kr,충청북도,A2300003,의료법인정산의료재단효성병원,14,20260726141515,043-221-2192,,N,,,,,,,,,,,,,,,,,1,,3,0,,,,0,2,,,,,,Y,,Y,,,,Y,,Y,Y,,,Y,Y,N1,71,N1,0,N,Y,,4,Y,18,,1,4,2,,,,,,,,,,,27,2,3,,,4,,,,1,3,4,2,19,,1,2,,,,1,363,,,,,,,,,,,,,,,,,Y,N1,A2300003,6
2026-07-26 14:21:31,data_go_kr,충청북도,A2300008,청주성모병원,5,20260726142009,043-219-8119,,Y,,,,,,,,3,,,,,,,,,2,7,4,2,,,,1,4,,,,,7,Y,,Y,,,,Y,,Y,Y,,,Y,Y,N1,119,N1,,Y,Y,,8,N1,15,,2,5,2,13,12,,,,,,,,,,1,4,,,8,,,30,1,3,2,2,19,,2,2,,,,,358,,,,,,,,,,,,,,,,,Y,N1,A2300008,7
2026-07-26 14:21:31,data_go_kr,충청북도,A2300002,의료법인한마음의료재단하나병원,5,20260726141957,043-230-6594,,,,,,,,,,,,,,,,,9,,1,,2,,,,,1,,,,,,,,,Y,,,,Y,,Y,Y,,,Y,Y,N1,137,N1,2,N1,Y,,7,Y,11,,1,2,,,,,,,,,,,,24,2,,,,7,,,,,3,3,2,20,,,4,,,,1,463,,,,,,,,,,,,,,9,,,Y,N1,A2300002,8
2026-07-26 14:21:31,data_go_kr,충청북도,A2300010,건국대학교충주병원,14,20260726142001,043-840-8330,Y,Y,,,,,,,,,,,,,,,,,1,,2,,,,,,,,,,,0,Y,,Y,,,,Y,,Y,Y,,,Y,Y,Y,82,N1,6,Y,Y,,5,N1,20,,1,2,,,,,,,,,,,,18,,,,,5,,,1,1,2,1,2,11,1,4,3,1,,,,194,,,,,,,,,,,,,,,,,Y,Y,A2300010,9
2026-07-26 14:21:31,data_go_kr,충청북도,A2300034,의료법인대광의료재단괴산성모병원,7,20260726141630,043-830-5419,,,,,,,,,,,,,,,,,,,,,0,,,,,,,,,,,,,,Y,,,,,,Y,N1,,,N1,Y,N1,5,N1,,N1,Y,,1,N1,9,,,1,,,,,,,,,,,,,,,,,1,,,,,1,1,,3,,,,,,,,153,,,,,,,,,,,,,,,,,Y,N1,A2300034,10
2026-07-26 14:21:31,data_go_kr,충청북도,E2300011,단양군보건의료원,6,20260726142001,043-420-0139,,,,,,,,,,,,,,,,,,,1,,,,,,,,,,,,,2,,,Y,,,,,,Y,N1,,,N1,Y,N1,13,N1,,N1,N1,,,N1,6,,1,,,,,,,,,,,,,,,,,,,,,2,,1,,,1,,,,,,,,14,,,,,,,,,,,,,,,,,Y,N1,E2300011,11
2026-07-26 14:21:31,data_go_kr,충청북도,A2300030,의료법인조윤의료재단영동병원,7,20260726141507,043-740-9333,,Y,,,,,,,,,,,,,,,,,,,,,,,,,,,,,,,Y,,Y,,,,,,Y,N1,,,N1,Y,N1,32,N1,,Y,Y,,2,N1,10,,,,,,,,,,,,,,,,,,,,2,,,,1,1,1,,3,,1,,,,,,161,,,,,,,,,,,,,,,,,Y,N1,A2300030,12
2026-07-26 14:21:31,data_go_kr,충청북도,A2300011,의료법인힐링의료재단옥천성모병원,4,20260726141857,043-730-7119,,,,,,,,,,,,,,,,,,,2,,1,,,,,,,,,,,,,,Y,,,,,,Y,N1,,,N1,Y,N1,20,N1,0,N1,Y,,2,N1,7,,2,1,,,,,,,,,,,,7,,,,,2,,,,,1,1,,4,,,,,,,,157,,,,,,,,,,,,,,,,,Y,N1,A2300011,13
2026-07-26 14:21:31,data_go_kr,충청북도,A2300006,충청북도청주의료원,12,20260726142001,043-279-0119,,Y,,,,,,,,,,,,,,,2,,1,,,,,,,2,,,,,90,6,Y,,Y,,,,Y,,Y,Y,,,Y,Y,N1,151,N1,18,Y,Y,,5,N1,12,,1,,,,,,,,,,,,,21,3,,,,5,,90,6,1,1,2,1,11,,1,1,,,,,359,,,,,,,,,,,,,,3,,,Y,N1,A2300006,14
2026-07-26 14:21:31,data_go_kr,충청북도,A2300004,충청북도충주의료원,18,20260726142002,043-871-0119,,,,,,,,,,,,,,,,,,,1,,2,,,,,,,,,,,,,,Y,,,,Y,,Y,Y,,,Y,Y,N1,132,N1,3,N1,Y,,4,N1,18,,1,2,,,,,,,,,,,,12,,,,,4,,,,,1,1,1,8,,,1,,,,,282,,,,,,,,,,,,,,,,,Y,N1,A2300004,15
2026-07-26 14:21:31,data_go_kr,충청남도,A2400002,단국대학교의과대학부속병원,13,20260726142000,041-550-6840,Y,Y,2,2,,,,0,,,,,,3,,,,2,,0,0,0,,,,0,16,,3,2,11,0,Y,,Y,2,2,6,Y,2,Y,Y,,,Y,Y,Y,205,Y,,Y,Y,-2,13,Y,25,4,,1,18,,13,25,,,,13,20,,,,1,30,,40,13,2,20,8,3,4,3,6,6,14,29,15,7,17,,1,640,2,2,,,,2,,,,,7,,,,2,6,Y,Y,A2400002,1
2026-07-26 14:21:31,data_go_kr,충청남도,A2400001,학교법인동은학원순천향대학교부속천안병원,14,20260726141622,041-590-7019,Y,Y,,,1,3,1,,,11,,,,,,,,11,4,9,3,6,,2,,3,9,5,,,,3,Y,Y,Y,,,,Y,,Y,Y,,,Y,Y,Y,173,Y,,Y,Y,1,18,Y,22,14,4,3,17,18,15,38,,2,,,,,,,6,30,6,,19,,,14,11,6,4,6,60,16,37,6,6,10,1,1,713,,,1,3,1,,,,,,,,,,,,Y,Y,A2400001,2
2026-07-26 14:21:31,data_go_kr,충청남도,A2400009,의료법인백제병원,15,20260726141835,041-730-8882,,,,,,,,,,,,,,,,,,,1,,2,,,,,,,,,,19,,,,Y,,,,Y,,Y,Y,,,Y,Y,N1,11,N1,-3,N1,Y,,4,N1,20,,1,2,,,,,,,,,,,,26,,,,,4,,49,,,2,2,1,11,,,3,,,,,398,,,,,,,,,,,,,,,,,Y,N1,A2400009,3
2026-07-26 14:21:31,data_go_kr,충청남도,A2400008,당진종합병원,9,20260726142001,041-358-3624,,,,,,,,,,,,,,,,,,,1,,2,,,,,,,,,,,,,,Y,,,,Y,,Y,Y,,,Y,Y,N1,87,N1,0,N1,Y,,4,N1,17,,1,2,,,,,,,,,,,,13,,,,,4,,,,,2,2,1,5,,,1,,,,,246,,,,,,,,,,,,,,,,,Y,N1,A2400008,4
2026-07-26 14:21:31,data_go_kr,충청남도,A2400011,재단법인아산사회복지재단보령아산병원,11,20260726141500,041-930-5333,,,,,,,,,,,,,,,,,,,1,,2,,,,,,,,,,,,,,Y,,,,,,Y,N1,,,N1,Y,N1,72,N1,3,N1,Y,,2,N1,17,,1,2,,,,,,,,,,,,8,,,,,2,,,,,1,1,,4,,,,,,,,221,,,,,,,,,,,,,,,,,Y,N1,A2400011,5
2026-07-26 14:21:31,data_go_kr,충청남도,A2400003,서산중앙병원,10,20260726141504,041-661-1195,,,,,,,,,,,,,,,,,,,1,,2,,,,,,,,,,,,,,Y,,,,,,Y,N1,,,Y,Y,N1,43,N1,5,N1,Y,,4,N1,17,,1,2,,,,,,,,,,,,17,,,,,4,,,,,1,1,,7,,,1,,,,,288,,,,,,,,,,,,,,,,,Y,N1,A2400003,6
2026-07-26 14:21:31,data_go_kr,충청남도,A2400006,충청남도서산의료원,7,20260726141602,041-689-7119,,,,,,,,,,,,,,,,,,,1,,2,0,,,,,1,,,,,5,,,Y,,,,,,Y,N1,,,N1,Y,N1,24,N1,0,N1,Y,,3,N1,17,,1,2,2,,,,,,,,,,,8,,4,,,3,,,5,,2,1,,10,,,,,,,,259,,,,,,,,,,,,,,,,,Y,N1,A2400006,7
2026-07-26 14:21:31,data_go_kr,충청남도,A2402257,아산충무병원,5,20260726141820,041-536-6519,,,1,7,,,,,,,,,,5,,,,,,,,,,,,1,,,,,,,Y,,Y,,,,Y,,Y,Y,,,Y,Y,Y,166,Y,10,N1,Y,,4,N1,13,,,,,,,,,,,,,,,22,2,,,,4,,,,1,2,2,3,27,,,4,2,1,,,456,1,7,,,,,,,,,5,,,,,,Y,N1,A2402257,8
2026-07-26 14:21:31,data_go_kr,충청남도,A2400012,의료법인영서의료재단천안충무병원,6,20260726141904,041-570-7519,,,,,,,,,,,,,,,,,,,1,,4,,,,,0,,,,,,,,,Y,0,,,Y,,Y,Y,,,Y,Y,Y,55,N1,2,N1,Y,,5,N1,16,,1,4,,,,,,,,7,,,,19,3,,,,5,,,,,2,2,3,26,,,3,3,,,,333,,,,,,,,,,,,,,,,,Y,N1,A2400012,9
2026-07-26 14:21:31,data_go_kr,충청남도,A2400007,충청남도홍성의료원,18,20260726141801,041-630-6119,,,,,,,,,,,,,,,,,,1,1,,2,2,,,,1,3,,,,3,1,Y,,Y,,,,Y,,Y,Y,,,Y,Y,N1,82,N1,4,N1,Y,,4,Y,18,1,1,2,2,,,,,,,,,,,22,1,3,,,4,,49,1,1,2,2,1,10,,,1,,,,2,260,,,,,,,,,,,,,,,,,Y,N1,A2400007,10
2026-07-26 14:21:31,data_go_kr,충청남도,A2400010,충청남도공주의료원,8,20260726141802,041-962-1365,,,,,,,,,,,,,,,,,,,,,1,,,,,,,,,,,5,,,Y,,,,,,Y,N1,,,Y,Y,N1,57,N1,3,N1,Y,,6,N1,15,,,1,,,,,,,,,,,,16,,,,,6,,,6,,1,1,,9,,,2,,,,,273,,,,,,,,,,,,,,,,,Y,N1,A2400010,11
2026-07-26 14:21:31,data_go_kr,충청남도,A2400038,학교법인건양교육재단건양대학교부여병원,7,20260726141846,041-837-1201,,,,,,,,,,,,,,,,,,,,,1,,,,,,,,,,,,,,Y,,,,,,Y,N1,,,N1,Y,N1,19,N1,,N1,N1,,1,N1,9,,,1,,,,,,,,,,,,,,,,,1,,,,,1,,,1,,,,,,,,55,,,,,,,,,,,,,,,,,Y,N1,A2400038,12
2026-07-26 14:21:31,data_go_kr,충청남도,A2400044,의료법인 서해병원,5,20260726141840,041-950-0219,,,,,,,,,,,,,,,,,,,,,2,,,,,,,,,,,,,,Y,,,,,,Y,N1,,,N1,Y,N1,20,N1,,N1,N1,,,N1,5,,,2,,,,,,,,,,,,,,,,,,,,,,1,,,1,,,,,,,,79,,,,,,,,,,,,,,,,,Y,N1,A2400044,13
2026-07-26 14:21:31,data_go_kr,충청남도,A2400039,현대병원,7,20260726142001,041-546-7744,N,N,,,,,,,,,,,,,,,,,,,1,,,,,,,,,,,,N,N,Y,0,,,N,,Y,N,,,N,Y,N,7,N,2,N,Y,,3,N,10,,,1,,,,,,,,0,,,,7,,,,,3,,,,0,1,1,0,3,0,0,0,0,0,0,0,84,,,,,,,,,,,,,,,,,Y,N,A2400039,14
2026-07-26 14:21:31,data_go_kr,충청남도,A2400004,의료법인 예당의료재단 예산종합병원,3,20260726141948,041-330-4119,,,,,,,,,,,,,,,,,,,,,1,,,,,,,,,,,,,,Y,,,,,,Y,N1,,,N1,Y,N1,0,N1,3,N1,Y,,0,N1,6,,,1,,,,,,,,,,,,9,,,,,0,,,,,0,0,,0,,,,,,,,88,,,,,,,,,,,,,,,,,Y,N1,A2400004,15
2026-07-26 14:21:31,data_go_kr,충청남도,A2400005,충청남도천안의료원,10,20260726142002,041-570-7119,,,,,,,,,,,,,,,,6,,,,,1,,,,,,,,,,,,,,Y,,,,,,Y,N1,,,N1,Y,N1,64,N1,6,N1,Y,,4,N1,12,,,1,,,,,,,,,,,,15,,,,,4,,,,,1,1,,10,,,,,,,,241,,,,,,,,,,,,,6,,,,Y,N1,A2400005,16
2026-07-26 14:21:31,data_go_kr,충청남도,E2400032,청양군보건의료원,5,20260726142001,041-940-4951,,,,,,,,,,,,,,,,,,,,,1,,,,,,,,,,,,,,Y,,,,,,Y,N1,,,N1,Y,N1,12,N1,,N1,N1,,1,N1,6,,,1,,,,,,,,,,,,,,,,,1,,,,,1,,,1,,,,,,,,12,,,,,,,,,,,,,,,,,Y,N1,E2400032,17
2026-07-26 14:21:31,data_go_kr,충청남도,E2400033,태안군보건의료원,10,20260726142001,041-671-5319,,,,,,,,,,,,,,,,,,,,,1,,,,,,,,,,,,,,Y,,,,,,Y,N1,,,N1,Y,N1,22,N1,,N1,N1,,,N1,10,,,1,,,,,,,,,,,,,,,,,,,,,,1,,,1,,,,,,,,34,,,,,,,,,,,,,,,,,Y,N1,E2400033,18
2026-07-26 14:21:31,data_go_kr,전북특별자치도,A2500001,원광대학교병원,-3,20260726142016,063-859-1165,Y,Y,2,3,,,,2,,1,,,,,,,,3,,5,,6,,,5,1,17,,15,2,3,1,Y,,Y,,2,6,Y,7,Y,Y,,,Y,Y,Y,150,Y,5,Y,Y,2,15,Y,26,3,,,18,8,15,15,,,,,20,8,,15,7,31,,40,15,2,30,2,1,5,4,5,11,12,20,8,4,1,,2,543,2,3,,,,2,,,,,,,,,2,6,Y,Y,A2500001,1
2026-07-26 14:21:31,data_go_kr,전북특별자치도,A2500002,전북대학교병원,16,20260726141915,063-250-1131,Y,Y,2,5,,,2,1,,2,,,,,,,,5,,3,,4,6,,5,1,7,,,,2,15,Y,,Y,6,,,Y,,Y,Y,,,Y,Y,Y,327,Y,,Y,Y,22,21,N1,36,5,,,17,10,8,25,10,,,18,,11,,,2,30,,,21,,23,15,3,1,2,5,11,15,22,4,2,1,,,834,2,5,,,2,1,,,,,,,,,,,Y,Y,A2500002,2
2026-07-26 14:21:31,data_go_kr,전북특별자치도,A2500007,전북특별자치도군산의료원,3,20260726141701,063-472-5130,,Y,,,,,,,,,,,,,,,,,1,,2,1,,,,2,3,,,,,,Y,,Y,,,,,,Y,N1,,,N1,Y,N1,91,N1,9,Y,Y,,5,N1,17,,1,2,2,,,,,,,,,,,18,2,3,,,6,,,,1,1,1,,18,,2,,,,,,289,,,,,,,,,,,,,,,,,Y,N1,A2500007,3
2026-07-26 14:21:31,data_go_kr,전북특별자치도,A2500012,의료법인오성의료재단동군산병원,11,20260726142021,063-440-0516,,,,,,,,,,,,,,,,0,,,1,,5,0,,,,,1,,,,,,,,Y,,,,Y,,Y,Y,,,Y,Y,N1,23,N1,6,N1,Y,,6,N1,17,,1,5,2,,,,,,,,,,,24,,3,,,6,,,,,2,2,2,13,,,2,,,,,262,,,,,,,,,,,,,0,,,,Y,N1,A2500012,4
2026-07-26 14:21:31,data_go_kr,전북특별자치도,A2500004,전북특별자치도남원의료원,14,20260726142001,063-620-1119,,Y,,,,,,,,,,,,,,,,,1,,2,,,,,1,,,,,,,Y,,Y,,,,,,Y,N1,,,N1,Y,N1,39,N1,4,Y,Y,,3,N1,17,,1,2,,,,,,,,,,,,9,1,,,,3,,,,3,2,1,,10,,1,,,,,,190,,,,,,,,,,,,,,,,,Y,N1,A2500004,5
2026-07-26 14:21:31,data_go_kr,전북특별자치도,A2500011,의료법인대산의료재단익산병원,11,20260726142008,063-840-9112,,,,,,,,,,,,,,,,,,,1,,2,,,,,0,,,,,,,,,Y,,,,Y,,Y,Y,,,N1,Y,N1,53,N1,8,N1,Y,,5,N1,17,,1,2,,,,,,,,,,,,17,1,,,,5,,,,,2,2,1,7,,,,,,,,333,,,,,,,,,,,,,,,,,Y,N1,A2500011,6
2026-07-26 14:21:31,data_go_kr,전북특별자치도,A2500056,대자인병원,14,20260726141807,063-250-8701,,,,,,,,,,,,,,,,,,,1,10,2,,,,,0,,,,,,,,Y,Y,,,,Y,,Y,Y,,,Y,Y,Y,21,N1,1,N1,Y,,14,Y,33,,1,2,,,36,,,,,,,,,15,4,,,,15,,,,,4,3,2,12,,,4,2,,1,1,45,,,,,,,,,,,,,,,,,Y,N1,A2500056,7
2026-07-26 14:21:31,data_go_kr,전북특별자치도,A2500006,재단법인예수병원유지재단예수병원,20,20260726141928,063-230-8280,Y,Y,,,1,1,,,,,,,,,,,,6,1,,2,,,2,,4,,4,,,,2,Y,,Y,1,,,Y,,Y,Y,,,Y,Y,Y,155,N1,6,Y,Y,4,14,Y,38,10,1,2,,,,12,,2,,14,,,,23,4,,6,,14,,,5,4,4,3,4,40,6,11,7,2,,,2,685,,,1,1,,,,,,,,,,,,,Y,Y,A2500006,8
2026-07-26 14:21:31,data_go_kr,전북특별자치도,A2500005,의료법인영경의료재단전주병원,3,20260726141647,063-226-6119,,,,,,,,,,,,,,,,,,,1,,2,,,,,,,,,,,,,,Y,,,,,,Y,N1,,,Y,Y,N1,41,N1,4,N1,Y,,5,N1,17,,1,2,,,,,,,,,,,,9,,,,,5,,,,,1,2,,6,,,1,,,,,275,,,,,,,,,,,,,,,,,Y,N1,A2500005,9
2026-07-26 14:21:31,data_go_kr,전북특별자치도,A2500008,재단법인 아산사회복지재단 정읍아산병원,13,20260726141500,063-530-6129,,,,,,,,,,,,,,,,,,,1,,2,,,,,,,,,,,,,,Y,,,,,,Y,N1,,,N1,Y,N1,80,N1,1,N1,Y,,3,N1,17,,1,2,,,,,,,,,,,,11,,,,,3,,,,,1,1,,5,,,,,,,,276,,,,,,,,,,,,,,,,,Y,N1,A2500008,10
2026-07-26 14:21:31,data_go_kr,전북특별자치도,A2500009,의료법인석천재단고창병원,7,20260726141756,063-560-5558,,,,,,,,,,,,,,,,,,,,,1,,,,,,,,,,,,,,Y,,,,,,Y,N1,,,N1,Y,N1,0,N1,,N1,Y,,2,N1,10,,,1,,,,,,,,,,,,,,,,,2,,,,,1,1,,4,,,,,,,,258,,,,,,,,,,,,,,,,,Y,N1,A2500009,11
2026-07-26 14:21:31,data_go_kr,전북특별자치도,A2500038,김제우석병원,10,20260726142016,063-540-5119,,,,,,,,,,,,,,,,,,,,,1,,,,,,,,,,,,,,Y,,,,,,Y,N1,,,N1,Y,N1,74,N1,,N1,Y,,2,N1,10,,,1,,,,,,,,,,,,,,,,,2,,,,,1,1,,1,,,,,,,,200,,,,,,,,,,,,,,,,,Y,N1,A2500038,12
2026-07-26 14:21:31,data_go_kr,전북특별자치도,E2500019,무주군보건의료원,3,20260726142001,063-320-8315,,,,,,,,,,,,,,,,,,,,,1,,,,,,,,,,,,,,Y,,,,,,Y,N1,,,N1,Y,N1,24,N1,,N1,N1,,,N1,4,,,1,,,,,,,,,,,,,,,,,,,,,,1,,,1,,,,,,,,24,,,,,,,,,,,,,,,,,Y,N1,E2500019,13
2026-07-26 14:21:31,data_go_kr,전북특별자치도,A2500010,부안성모병원,5,20260726141215,063-580-8119,,,,,,,,,,,,,,,,,,,,,2,,,,,,,,,,,,,,Y,,,,,,Y,N1,,,N1,Y,N1,15,N1,9,N1,Y,,3,N1,10,,,2,,,,,,,,,,,,9,,,,,3,,,,,1,1,,2,,,,,,,,240,,,,,,,,,,,,,,,,,Y,N1,A2500010,14
2026-07-26 14:21:31,data_go_kr,전북특별자치도,E2500021,순창군보건의료원,8,20260726142001,063-650-5352,,,,,,,,,,,,,,,,,,,,,1,,,,,,,,,,,,,,Y,,,,,,Y,N1,,,N1,Y,N1,30,N1,,N1,N1,,,N1,9,,,1,,,,,,,,,,,,,,,,,,,,,,1,,,1,,,,,,,,30,,,,,,,,,,,,,,,,,Y,N1,E2500021,15
2026-07-26 14:21:31,data_go_kr,전북특별자치도,E2500022,임실군보건의료원,3,20260726142001,063-640-3119,,,,,,,,,,,,,,,,,,,,,1,,,,,,,,,,,,,,Y,,,,,,Y,N1,,,N1,Y,N1,,N1,,N1,N1,,,N1,4,,,1,,,,,,,,,,,,,,,,,,,,,,1,,,1,,,,,,,,,,,,,,,,,,,,,,,,,Y,N1,E2500022,16
2026-07-26 14:21:31,data_go_kr,전북특별자치도,E2500020,장수군보건의료원,5,20260726142001,063-350-2119,,,,,,,,,,,,,,,,,,,,,1,,,,,,,,,,,,,,,,,,,,Y,N1,,,N1,N1,N1,20,N1,,N1,N1,,,N1,5,,,1,,,,,,,,,,,,,,,,,,,,,,,,,1,,,,,,,,22,,,,,,,,,,,,,,,,,Y,N1,E2500020,17
2026-07-26 14:21:31,data_go_kr,전북특별자치도,A2501890,의료법인영경의료재단호성전주병원,1,20260726141833,063-240-8862,,,,,,,,,,,,,,,,,,,,,1,,,,,,,,,,,,,,Y,,,,,,Y,N1,,,N1,Y,N1,5,N1,,N1,Y,,2,N1,9,,,1,,,,,,,,,,,,,,,,,2,,,,,1,1,,1,,,,,,,,122,,,,,,,,,,,,,,,,,Y,N1,A2501890,18
2026-07-26 14:21:31,data_go_kr,전북특별자치도,A2502742,새강병원,12,20260726141937,063-289-9119,,,0,0,,0,0,,,0,,,,,,,,3,1,0,2,0,,,,3,,0,,0,,0,,,Y,,,,,,Y,N1,,,N1,Y,N1,85,N1,16,N1,Y,,5,N1,14,3,1,2,0,0,0,,,,,,,,,16,3,,0,,5,0,,0,,1,1,,1,,,,,,,,201,0,0,,0,0,,,,,,,,,,,,Y,N1,A2502742,19
2026-07-26 14:21:31,data_go_kr,전북특별자치도,A2502031,진안군의료원,2,20260726142001,063-430-7119,,,,,,,,,,,,,,,,,,,,,2,,,,,,,,,,,,,,Y,,,,,,Y,N1,,,N1,Y,N1,32,N1,,N1,Y,,2,N1,6,,,2,,,,,,,,,,,,,,,,,2,,,,,1,1,,3,,,,,,,,74,,,,,,,,,,,,,,,,,Y,N1,A2502031,20
2026-07-26 14:21:31,data_go_kr,경상북도,A2700007,차의과학대학교부속구미차병원,7,20260726142005,054-450-9998,Y,Y,,,,,0,,,,,,,,,,,5,3,,3,0,,,,,9,,,,,,Y,Y,Y,,,,Y,,Y,Y,,,Y,Y,Y,68,Y,0,Y,Y,0,8,N1,20,5,3,3,25,,,8,,,,,,,,18,,30,,,8,,,,3,3,2,2,21,3,13,2,1,2,1,,301,,,,,3,,,,,,,,,,,,Y,Y,A2700007,1
2026-07-26 14:21:31,data_go_kr,경상북도,A2700014,의료법인안동병원,4,20260726142000,054-840-0119,Y,Y,2,3,,,1,,,3,,,,,,,,1,,,,7,,,,0,12,,5,2,0,4,Y,Y,Y,,2,5,Y,0,Y,Y,,,Y,Y,Y,134,Y,0,Y,Y,10,11,Y,15,3,,,19,20,,10,,,,,20,,,13,3,30,,40,11,2,34,6,3,6,3,5,67,3,12,14,4,13,1,1,775,2,3,,,1,,,,,,,,,,2,6,Y,Y,A2700014,2
2026-07-26 14:21:31,data_go_kr,경상북도,A2700016,포항성모병원,6,20260726141820,054-260-8600,Y,Y,2,3,,,,2,4,,,,,,,,,11,,,,5,,,,1,3,,,,,1,Y,Y,Y,,,,Y,,Y,Y,,,Y,Y,Y,90,Y,7,Y,Y,,9,Y,20,11,,,15,,,,,,,,,,,16,1,17,,,9,,,1,1,3,2,2,25,1,6,4,1,2,1,3,468,2,3,,,,5,13,,,,,,,,,,Y,Y,A2700016,3
2026-07-26 14:21:31,data_go_kr,경상북도,A2700003,동국대학교의과대학경주병원,10,20260726142007,054-770-8306,Y,Y,,,,,,,,1,,,,,,,,3,2,3,5,,,,,3,,,,,11,1,Y,,Y,,,,Y,,Y,Y,,,Y,Y,N1,92,N1,0,Y,Y,,6,N1,16,3,2,5,,11,17,,,,,,,,,7,4,,,,7,,20,3,1,2,2,2,26,2,6,3,,,,,279,,,,,,,,,,,,,,,,,Y,Y,A2700003,4
2026-07-26 14:21:31,data_go_kr,경상북도,A2700013,순천향대학교부속구미병원,4,20260726141620,054-468-9119,,Y,,,,,,,,,,,,,,,,4,1,,2,0,,,,2,1,,,,,1,Y,,Y,,,,Y,,Y,Y,,,Y,Y,N1,45,N1,4,Y,Y,,5,N1,13,4,1,2,2,,,,,,,,,,,31,2,3,,,6,,,1,1,2,2,2,20,,1,2,,,,,263,,,,,,,,,,,,,,,,,Y,N1,A2700013,5
2026-07-26 14:21:31,data_go_kr,경상북도,A2700012,의료법인덕산의료재단김천제일병원,11,20260726141807,054-420-9500,,,,,,,,,,,,,,,,,,,1,,3,1,,,,,3,,,,,,Y,,Y,,,,Y,,Y,Y,,,Y,Y,N1,77,N1,7,N1,Y,,4,Y,16,,1,3,2,,,,,,,,,,,16,,3,,,4,,,,3,1,1,1,10,,,1,,,,1,276,,,,,,,,,,,,,,,,,Y,N1,A2700012,6
2026-07-26 14:21:31,data_go_kr,경상북도,A2700006,의료법인동춘의료재단문경제일병원,11,20260726141000,054-550-7777,,,,,,,,,,,,,,,,,,,1,,1,2,,,,1,3,,,,60,3,,,Y,,,,,,Y,N1,,,N1,Y,N1,54,N1,11,N1,Y,,3,N1,17,,1,2,2,,,,,,,,,,,29,1,3,,,3,,162,4,,2,1,,8,,,,,,,,306,,,,,,,,,,,,,,,,,Y,N1,A2700006,7
2026-07-26 14:21:31,data_go_kr,경상북도,A2700004,안동성소병원,8,20260726142017,054-850-8282,,Y,,,,,,,,,,,,,,,5,,1,,2,0,,,,3,1,,,,23,0,Y,,Y,,,,Y,,Y,Y,,,Y,Y,N1,153,N1,10,Y,Y,,6,N1,12,,1,2,2,,,,,,,,,,,16,3,3,,,6,,186,2,1,2,2,2,21,,4,1,,,,,393,,,,,,,,,,,,,,5,,,Y,N1,A2700004,8
2026-07-26 14:21:31,data_go_kr,경상북도,A2700002,포항세명기독병원,6,20260726141512,054-289-1711,,,,,,,,,,,,,,,,,6,,1,,3,0,,,,0,2,,,,,1,,,Y,,,,Y,,Y,Y,,,Y,Y,Y,151,Y,6,N1,Y,,13,Y,15,,1,3,2,,,,,,,,,,,52,1,3,,,14,,,6,,6,5,4,25,,,5,1,1,,1,662,,,,,,,,,,,,,,6,,,Y,N1,A2700002,9
2026-07-26 14:21:31,data_go_kr,경상북도,A2700019,의)근원의료재단경산중앙병원,2,20260726142006,053-715-0119,,,,,,,,,,,,,,,,,,,,,2,,,,,1,,,,,44,,,,Y,,,,,,Y,N1,,,N1,Y,N1,58,N1,4,N1,Y,,4,N1,10,,,2,,,,,,,,,,,,11,2,,,,4,,116,,,1,1,,9,,,,,,,,301,,,,,,,,,,,,,,,,,Y,N1,A2700019,10
2026-07-26 14:21:31,data_go_kr,경상북도,A2700036,의료법인서명의료재단세명종합병원,5,20260726141554,053-819-8500,,,,,,,,,,,,,,,,,,,,,2,,,,,,,,,,2,,,,Y,,,,,,Y,N1,,,N1,Y,N1,16,N1,1,N1,Y,,4,N1,13,,,2,,,,,,,,,,,,14,,,,,4,,22,,,1,1,,6,,,,,,,,264,,,,,,,,,,,,,,,,,Y,N1,A2700036,11
2026-07-26 14:21:31,data_go_kr,경상북도,A2700097,계명대학교경주동산병원,6,20260726141913,054-770-9420,,,,,,,,,,,,,,,,,,,,,1,,,,,,,,,,,,,,Y,,,,,,Y,N1,,,N1,Y,N1,34,N1,,N1,Y,,2,N1,9,,,1,,,,,,,,,,,,,,,,,2,,,,,1,1,,1,,,,,,,,88,,,,,,,,,,,,,,,,,Y,N1,A2700097,12
2026-07-26 14:21:31,data_go_kr,경상북도,A2700070,의료법인영암의료재단고령영생병원,5,20260726142017,070-4700-0728,,,,,,,,,,,,,,,,,,,,,1,,,,,,,,,,,,,,Y,,,,,,Y,N1,,,N1,Y,N1,35,N1,,N1,N1,,1,N1,5,,,1,,,,,,,,,,,,,,,,,1,,,,,1,,,1,,,,,,,,59,,,,,,,,,,,,,,,,,Y,N1,A2700070,13
2026-07-26 14:21:31,data_go_kr,경상북도,A2700015,구미강동병원,7,20260726141910,054-478-9521,,,,,,,,,,,,,,,,9,,,1,,2,,,,,,,,,,,,,,Y,,,,Y,,Y,Y,,,N1,Y,N1,44,N1,5,N1,Y,,5,N1,7,,1,2,,,,,,,,,,,,12,,,,,5,,,,,1,1,1,3,,,,,,,,191,,,,,,,,,,,,,9,,,,Y,N1,A2700015,14
2026-07-26 14:21:31,data_go_kr,경상북도,A2700018,경상북도김천의료원,9,20260726142001,054-429-8234,,,,,,,,,,,,,,,,,,,1,,,,,,,0,,,,,,,,,Y,,,,,,Y,N1,,,N1,Y,N1,-8,N1,5,N1,Y,,5,N1,17,,1,,,,,,,,,,,,,22,3,,,,5,,,,,1,2,,7,,,,,,,,274,,,,,,,,,,,,,,,,,Y,N1,A2700018,15
2026-07-26 14:21:31,data_go_kr,경상북도,A2700009,의료법인삼백의료재단상주성모병원,9,20260726141946,054-530-7811,,,,,,,,,,,,,,,,,,,,,1,,,,,,,,,,,,,,Y,,,,,,Y,N1,,,N1,Y,N1,38,N1,6,N1,Y,,3,N1,9,,,1,,,,,,,,,,,,10,,,,,3,,,,,1,1,,1,,,,,,,,172,,,,,,,,,,,,,,,,,Y,N1,A2700009,16
2026-07-26 14:21:31,data_go_kr,경상북도,A2700011,상주적십자병원,5,20260726141602,054-530-3171,,Y,,,,,,,,,,,,,,,,,1,,,,,,,,,,,,,,Y,,Y,,,,,,Y,N1,,,Y,Y,N1,59,N1,6,Y,Y,,3,N1,9,,1,,,,,,,,,,,,,10,,,,,3,,,,1,1,1,,7,,2,1,,,,,164,,,,,,,,,,,,,,,,,Y,N1,A2700011,17
2026-07-26 14:21:31,data_go_kr,경상북도,A2700001,경상북도안동의료원,6,20260726142002,054-850-6100,,,,,,,,,,,,,,,,,,,,,2,,,,,,,,,,,,,,Y,,,,,,Y,N1,,,N1,Y,N1,112,N1,2,N1,Y,,5,N1,6,,,2,,,,,,,,,,,,10,,,,,5,,,,,1,1,,8,,,,,,,,238,,,,,,,,,,,,,,,,,Y,N1,A2700001,18
2026-07-26 14:21:31,data_go_kr,경상북도,A2700031,영주기독병원,4,20260726141750,054-635-3050,,Y,,,,,,,,,,,,,,,,,,,1,,,,,,,,,,,,Y,,Y,,,,,,Y,N1,,,N1,Y,N1,6,N1,,Y,N1,,1,N1,4,,,1,,,,,,,,,,,,,,,,,1,,,,1,1,,,1,,2,,,,,,70,,,,,,,,,,,,,,,,,Y,N1,A2700031,19
2026-07-26 14:21:31,data_go_kr,경상북도,A2700020,영주자인병원,4,20260726142010,070-7335-5229,,,,,,,,,,,,,,,,,,,,,1,,,,,,,,,,,,,,Y,,,,,,Y,N1,,,N1,Y,N1,28,N1,,N1,Y,,,N1,4,,,1,,,,,,,,,,,,,,,,,2,,,,,1,1,,,,,,,,,,133,,,,,,,,,,,,,,,,,N1,N1,A2700020,20
2026-07-26 14:21:31,data_go_kr,경상북도,A2702752,영주적십자병원,7,20260726141759,054-630-0112,,,,,,,,,,,,,,,,,,,1,,,,,,,,,,,,,,,,Y,,,,,,Y,N1,,,Y,Y,N1,55,N1,1,N1,Y,,3,N1,10,,1,,,,,,,,,,,,,10,,,,,3,,,,,1,1,,4,,,1,,,,,140,,,,,,,,,,,,,,,,,Y,N1,A2702752,21
2026-07-26 14:21:31,data_go_kr,경상북도,A2700017,영남대학교의과대학부속영천병원,3,20260726141757,054-330-7575,,,,,,,,,,,,,,,,,,,1,,2,,,,,,,,,,,,,,Y,,,,,,Y,N1,,,N1,Y,N1,50,N1,3,N1,Y,,4,N1,10,,1,2,,,,,,,,,,,,10,,,,,4,,,,,1,1,,1,,,,,,,,190,,,,,,,,,,,,,,,,,Y,N1,A2700017,22
2026-07-26 14:21:31,data_go_kr,경상북도,A2700023,의료법인서준의료재단예천권병원,4,20260726141511,054-650-2119,,Y,,,,,,,,,,,,,,,,,1,,0,,,,,,,,,,,0,Y,,Y,,,,,,Y,N1,,,N1,Y,N1,74,N1,,Y,Y,,2,N1,6,,1,0,,,,,,,,,,,,,,,,,2,,,0,1,1,1,,3,,2,,,,,,173,,,,,,,,,,,,,,,,,Y,N1,A2700023,23
2026-07-26 14:21:31,data_go_kr,경상북도,E2700553,울릉군보건의료원,4,20260726142001,054-790-6911,,,,,,,,,,,,,,,,,,,,,,,,,,,,,,,,,,,Y,,,,,,Y,N1,,,N1,Y,N1,24,N1,,N1,N1,,1,N1,5,,,,,,,,,,,,,,,,,,,,1,,,,,1,,,1,,,,,,,,27,,,,,,,,,,,,,,,,,Y,N1,E2700553,24
2026-07-26 14:21:31,data_go_kr,경상북도,A2700052,울진군의료원,8,20260726141601,054-785-7119,,,,,,,,,,,,,,,,,,,2,,,,,,,,,,,,,2,,,Y,,,,,,Y,N1,,,N1,Y,N1,21,N1,,N1,Y,,3,N1,8,,2,,,,,,,,,,,,,,,,,,3,,,2,,1,1,,1,,,,,,,,97,,,,,,,,,,,,,,,,,Y,N1,A2700052,25
2026-07-26 14:21:31,data_go_kr,경상북도,A2700063,의료법인영제의료재단영남제일병원,4,20260726141234,054-861-9111,,,,,,,,,,,,,,,,,,,,,1,,,,,,,,,,,,,,Y,,,,,,Y,N1,,,N1,Y,N1,27,N1,,N1,N1,,1,N1,,,,,,,,,,,,,,,,,,,,,,,,,,,,,,,,,,,,,,,,,,,,,,,,,,,,,,Y,N1,A2700063,26
2026-07-26 14:21:31,data_go_kr,경상북도,A2700038,의료법인대남의료재단청도대남병원,9,20260726141905,054-370-5112,,,,,,,,,,,,,,,,,,,,,,,,,,,,,,,,,,,Y,,,,,,Y,N1,,,N1,Y,N1,82,N1,,N1,Y,,1,N1,10,,,,,,,,,,,,,,,,,,,,1,,,,,1,1,,1,,,,,,,,115,,,,,,,,,,,,,,,,,Y,N1,A2700038,27
2026-07-26 14:21:31,data_go_kr,경상북도,E2700554,청송군보건의료원,4,20260726142001,054-870-7119,,,,,,,,,,,,,,,,,,,,,1,,,,,,,,,,,,,,,,,,,,Y,N1,,,N1,N1,N1,57,N1,,N1,N1,,,N1,5,,,1,,,,,,,,,,,,,,,,,,,,,,,,,1,,,,,,,,45,,,,,,,,,,,,,,,,,Y,N1,E2700554,28
2026-07-26 14:21:31,data_go_kr,경상북도,A2700008,에스포항병원,5,20260726141923,054-289-9120,Y,,,,,,,,,,,,,,,,,,,,1,,,,,1,,,,,,,,,Y,,,,Y,,Y,Y,,,Y,Y,N1,80,N1,3,N1,Y,,4,N1,6,,,1,,,,,,,,,,,,14,1,,,,4,,,,,2,2,3,9,9,,1,,,,,239,,,,,,,,,,,,,,,,,Y,Y,A2700008,29
2026-07-26 14:21:31,data_go_kr,경상북도,A2702563,의료법인은성의료재단좋은선린병원,7,20260726142031,054-245-5200,,,,,,,,,,,,,,,,2,,,,,2,,,,,1,,,,,,,,,Y,,,,N,,Y,N,,,N1,Y,N1,75,N1,0,N1,Y,,4,N,10,,,2,,,,,,,,,,,,17,1,,,,4,,,,,1,1,2,7,,,,,,,14,281,,,,,,,,,,,,,2,,,,N,N1,A2702563,30
2026-07-26 14:21:31,data_go_kr,경상북도,A2700005,경상북도포항의료원,6,20260726142002,054-245-0129,,,,,,,,,,,,,,,,,,,1,,1,,,,,1,,,,,7,7,,,Y,,,,,,Y,N1,,,N1,Y,N1,22,N1,4,N1,Y,,3,N1,8,,1,1,,,,,,,,,,,,19,1,,,,3,,56,7,,1,1,,4,,,,,,,,179,,,,,,,,,,,,,,,,,Y,N1,A2700005,31
2026-07-26 14:21:31,data_go_kr,경상남도,A2800011,양산부산대학교병원,8,20260726141827,055-360-1463,Y,Y,2,0,1,1,0,0,,4,,0,0,,4,,,5,,7,1,3,6,2,,0,14,6,,,5,4,Y,,Y,1,,,Y,,Y,Y,,6,Y,Y,Y,259,Y,,Y,Y,20,25,N1,23,8,,1,16,16,11,38,11,2,,9,,,10,,0,30,6,,25,,33,4,4,6,5,6,92,24,23,19,12,2,,,766,2,3,1,1,2,2,,,0,0,,4,,,,,Y,Y,A2800011,1
2026-07-26 14:21:31,data_go_kr,경상남도,A2800001,경상국립대학교병원,13,20260726141802,055-750-8282,Y,Y,,,,,,3,,2,,,,,,,,3,2,4,3,4,,,2,0,9,,25,2,7,5,Y,,Y,,2,6,Y,13,Y,Y,,,Y,Y,Y,233,Y,,Y,Y,5,15,N1,28,3,2,3,14,8,9,15,,,,,20,6,,,3,30,,40,15,2,23,7,7,3,3,5,16,9,20,6,4,17,,,655,,,,,,6,,,,,,,,,2,6,Y,Y,A2800001,2
2026-07-26 14:21:31,data_go_kr,경상남도,A2800020,학교법인성균관대학삼성창원병원,21,20260726141948,055-233-8899,Y,Y,,,,,,1,,3,,,,,,,,8,2,5,3,7,,,,0,15,,,,,3,Y,,Y,,,,Y,,Y,Y,,,Y,Y,Y,253,Y,,Y,Y,19,16,N1,27,8,2,3,19,15,20,24,,,,,,,,,3,30,,,16,,,5,7,4,3,4,45,8,20,5,3,3,,,645,,,,,,1,,,,,,,,,,,Y,Y,A2800020,3
2026-07-26 14:21:31,data_go_kr,경상남도,A2800010,의료법인환명의료재단 조은금강병원,11,20260726141916,055-330-0200,,,,,,,,,,,,,,,,,,,1,,2,,,,,1,,,,,5,,,,Y,,,,Y,,Y,Y,,,N1,Y,N1,73,N1,11,N1,Y,,4,Y,17,,1,2,,,,,,,,,,,,23,1,,,,4,,96,,,1,2,1,7,,,,,,,2,305,,,,,,,,,,,,,,,,,Y,N1,A2800010,4
2026-07-26 14:21:31,data_go_kr,경상남도,A2800006,의료법인숭인의료재단 김해복음병원,14,20260726141857,055-330-8844,,,,,,,,,,,,,,,,,,,1,,3,,,,,1,,,,,,,,,Y,,,,Y,,Y,Y,,,Y,Y,N1,20,N1,0,N1,Y,,5,N1,16,,1,3,,,,,,,,,,,,18,1,,,,5,,,,,2,3,1,3,,,3,,,,,359,,,,,,,,,,,,,,,,,Y,N1,A2800006,5
2026-07-26 14:21:31,data_go_kr,경상남도,A2800043,한일병원,10,20260726142016,055-750-1333,,,,,,,,,,,,,,,,,,,1,,2,1,,,,0,2,,,,,,,,Y,,,,Y,,Y,Y,,,Y,Y,N1,17,N1,0,N1,Y,,4,Y,17,,1,2,2,,,,,,,,,,,13,1,3,,,4,,,,,2,2,1,6,,,1,,,,1,282,,,,,,,,,,,,,,,,,Y,N1,A2800043,6
2026-07-26 14:21:31,data_go_kr,경상남도,A2800003,제일병원,8,20260726141917,055-750-7119,,,,,,,,,,,,,,,,,,,1,,2,,,,,,,,,,,,,Y,Y,,,,Y,,Y,Y,,,N1,Y,N1,52,N1,6,N1,Y,,4,Y,17,,1,2,,,,,,,,,,,,9,,,,,7,,,,,2,2,1,4,,,,,,1,1,258,,,,,,,,,,,,,,,,,Y,N1,A2800003,7
2026-07-26 14:21:31,data_go_kr,경상남도,A2800017,의료법인합포의료재단에스엠지연세병원,7,20260726142010,055-240-7777,,,,,,,,,,,,,,,,,,,1,,2,,,,,1,,,,,,,,,Y,,,,Y,,Y,Y,,,Y,Y,N1,43,N1,5,N1,Y,,4,N1,17,,1,2,,,,,,,,,,,,12,1,,,,4,,,,,1,2,1,7,,,1,,,,,286,,,,,,,,,,,,,,,,,Y,N1,A2800017,8
2026-07-26 14:21:31,data_go_kr,경상남도,A2803505,창원경상국립대학교병원,13,20260726141802,055-214-1339,Y,Y,,,,,,,,,,,,5,0,,,,1,,2,,,,,2,,,,,8,6,Y,,Y,,,,Y,,Y,Y,,,Y,Y,Y,204,Y,13,Y,Y,7,12,N1,18,,1,2,,,,17,,,,,,,,34,2,,,,13,,22,6,9,3,2,5,52,9,22,6,7,14,,,437,,,,,,,,,,,5,0,,,,,Y,Y,A2803505,9
2026-07-26 14:21:31,data_go_kr,경상남도,A2800007,창원한마음병원,-4,20260726141811,055-225-0350,Y,Y,,,,,,,,0,,,,,,,,,1,1,2,,,,,1,,,,,,1,Y,,Y,,,,Y,,Y,Y,,,Y,Y,Y,105,Y,,Y,Y,10,12,Y,21,,1,3,,25,37,10,,,,,,,,,1,,,,13,,,6,2,4,4,4,29,3,11,6,1,2,,2,688,,,,,,,,,,,,,,,,,Y,Y,A2800007,10
2026-07-26 14:21:31,data_go_kr,경상남도,A2800004,창원파티마병원,8,20260726141606,055-270-1119,Y,Y,,,,,,,,4,,,,,,,,,1,6,2,0,,,,0,2,,,,,4,Y,Y,Y,,,,Y,,Y,Y,,,Y,Y,N1,117,Y,,Y,Y,2,7,N1,17,,1,2,2,12,13,2,,,,,,,,,2,3,,,7,,,6,2,4,3,3,16,3,6,3,,4,1,,444,,,,,,,,,,,,,,,,,Y,Y,A2800004,11
2026-07-26 14:21:31,data_go_kr,경상남도,A2800008,의료법인 거붕 백병원,7,20260726100106,055-733-0180,,,,,,,,,,,,,,,,,,,,,1,,,,,,,,,,,,,,Y,,,,,,Y,N1,,,N1,Y,N1,57,N1,9,N1,Y,,4,N1,9,,,1,,,,,,,,,,,,20,,,,,4,,,,,2,2,,12,,,,,,,,365,,,,,,,,,,,,,,,,,Y,N1,A2800008,12
2026-07-26 14:21:31,data_go_kr,경상남도,A2800005,의료법인 대우의료재단대우병원,1,20260726141949,055-680-8119,,,,,,,,,,,,,,,,,,,,,1,,,,,,,,,,,,,,Y,,,,,,Y,N1,,,N1,Y,N1,46,N1,4,N1,Y,,4,N1,9,,,1,,,,,,,,,,,,10,,,,,4,,,,,2,1,,5,,,,,,,,231,,,,,,,,,,,,,,,,,Y,N1,A2800005,13
2026-07-26 14:21:31,data_go_kr,경상남도,A2800022,의료법인 성념의료재단맑은샘병원,6,20260726141959,055-736-0119,,,,,,,,,,,,,,,,,,,,,1,,,,,,,,,,,,,,Y,,,,,,Y,N1,,,N1,Y,N1,20,N1,,N1,Y,,2,N1,9,,,1,,,,,,,,,,,,,,,,,2,,,,,1,1,,4,,,,,,,,200,,,,,,,,,,,,,,,,,Y,N1,A2800022,14
2026-07-26 14:21:31,data_go_kr,경상남도,A2800076,거창적십자병원,6,20260726141629,055-949-3359,,Y,,,,,,,,,,,,,,,,,,,1,,,,,,,,,,,,Y,,Y,,,,,,Y,N1,,,N1,Y,N1,34,N1,,Y,Y,,2,N1,9,,,1,,,,,,,,,,,,,,,,,2,,,,1,1,1,,2,,2,,,,,,91,,,,,,,,,,,,,,,,,Y,N1,A2800076,15
2026-07-26 14:21:31,data_go_kr,경상남도,A2800032,강병원,7,20260726141722,055-673-4848,,,,,,,,,,,,,,,,,,,,,1,,,,,,,,,,,,,,Y,,,,,,Y,N1,,,N1,Y,N1,16,N1,,N1,Y,,1,N1,9,,,1,,,,,,,,,,,,,,,,,1,,,,,1,1,,1,,,,,,,,99,,,,,,,,,,,,,,,,,Y,N1,A2800032,16
2026-07-26 14:21:31,data_go_kr,경상남도,A2803677,강일병원,5,20260726141806,055-822-0119,,,,,,,,,,,,,,,,,,,1,,2,,,,,,,,,,,,,,Y,,,,Y,,Y,Y,,,N1,Y,N1,122,N1,14,N1,Y,,5,N1,8,,1,2,,,,,,,,,,,,15,,,,,5,,,,,1,2,1,1,,,,,,,,275,,,,,,,,,,,,,,,,,Y,N1,A2803677,17
2026-07-26 14:21:31,data_go_kr,경상남도,A2800014,의료법인갑을의료재단 갑을장유병원,3,20260726141817,055-310-6119,,,,,,,,,,,,,,,,,,,1,,,,,,,,,,,,,,,,Y,,,,,,Y,N1,,,N1,Y,N1,40,N1,,N1,Y,,4,N1,9,,1,,,,,,,,,,,,,,,,,,4,,,,,1,1,,1,,,,,,,,210,,,,,,,,,,,,,,,,,Y,N1,A2800014,18
2026-07-26 14:21:31,data_go_kr,경상남도,A2800094,의료법인 이도의료재단 남해병원,5,20260726140437,055-860-6630,N,N,,,,,,,,,,,,,,,,,1,,1,,,,,,,,,,,,N,N,Y,,,,N,,Y,N,,,N,Y,N,75,N,,N,Y,,2,N,,,,,,,,,,,,,,,,,,,,,,,,,,,,,,,,,,,,,,,,,,,,,,,,,,,,,,N,N,A2800094,19
2026-07-26 14:21:31,data_go_kr,경상남도,A2800113,밀양병원,3,20260726141723,055-356-9119,,,,,,,,,,,,,,,,,,,,,1,,,,,,,,,,,,,,Y,,,,,,Y,N1,,,N1,Y,N1,29,N1,,N1,Y,,0,N1,8,,,1,,,,,,,,,,,,,,,,,0,,,,,1,1,,1,,,,,,,,200,,,,,,,,,,,,,,,,,Y,N1,A2800113,20
2026-07-26 14:21:31,data_go_kr,경상남도,A2800068,의료법인승연의료재단 삼천포서울병원,9,20260726141914,055-830-9019,,,,,,,,,,,,,,,,,,,,,1,,,,,,,,,,,,,,Y,,,,Y,,Y,Y,,,N1,Y,N1,31,N1,,N1,Y,,3,Y,9,,,1,,,,,,,,,,,,,,,,,3,,,,,1,2,1,4,,,,,,,1,287,,,,,,,,,,,,,,,,,Y,N1,A2800068,21
2026-07-26 14:21:31,data_go_kr,경상남도,A2800101,삼천포제일병원,8,20260726141605,055-830-3099,,,,,,,,,,,,,,,,,,,,,2,,,,,,,,,,,,,,Y,,,,,,Y,N1,,,N1,Y,N1,69,N1,,N1,Y,,2,Y,8,,,2,,,,,,,,,,,,,,,,,2,,,,,1,1,,1,,,,,,,1,214,,,,,,,,,,,,,,,,,Y,N1,A2800101,22
2026-07-26 14:21:31,data_go_kr,경상남도,E2800380,산청군보건의료원,5,20260726142001,055-970-7582,,,,,,,,,,,,,,,,,,,,,1,,,,,,,,,,,,,,,,,,,,Y,N1,,,N1,N1,N1,20,N1,,N1,N1,,,N1,5,,,1,,,,,,,,,,,,,,,,,,,,,,,,,1,,,,,,,,20,,,,,,,,,,,,,,,,,Y,N1,E2800380,23
2026-07-26 14:21:31,data_go_kr,경상남도,A2804593,양산성모병원,9,20260726142021,055-912-9785,,,,,,,,,,,,,,,,,,,1,,,,,,,,,,,,,,,,Y,,,,,,Y,N1,,,N1,Y,N1,143,N1,2,N1,Y,,4,N1,13,,1,,,,,,,,,,,,,6,,,,,4,,,,,1,2,,1,,,,,,,,214,,,,,,,,,,,,,,,,,Y,N1,A2804593,24
2026-07-26 14:21:31,data_go_kr,경상남도,A2800019,베데스다복음병원,8,20260726142034,055-781-9911,,,,,,,,,,,,,,,,,,,,,1,,,,,,,,,,,,,,Y,,,,,,Y,N1,,,N1,Y,N1,46,N1,,N1,Y,,3,N1,9,,,1,,,,,,,,,,,,,,,,,3,,,,,1,1,,1,,,,,,,,133,,,,,,,,,,,,,,,,,Y,N1,A2800019,25
2026-07-26 14:21:31,data_go_kr,경상남도,A2800090,의령병원,3,20260726141624,055-573-6806,,,,,,,,,,,,,,,,,,,,,1,,,,,,,,,,,,,,Y,,,,,,Y,N1,,,N1,Y,N1,35,N1,,N1,N1,,,N1,4,,,1,,,,,,,,,,,,,,,,,,,,,,1,,,1,,,,,,,,58,,,,,,,,,,,,,,,,,Y,N1,A2800090,26
2026-07-26 14:21:31,data_go_kr,경상남도,A2800084,반도병원,6,20260726141505,055-749-0200,,,,,,,,,,,,,,,,,,,,,1,,,,,,,,,,,,,,Y,,,,,,Y,N1,,,N1,Y,N1,68,N1,,N1,Y,,3,N1,7,,,1,,,,,,,,,,,,,,,,,3,,,,,1,1,,3,,,,,,,,165,,,,,,,,,,,,,,,,,Y,N1,A2800084,27
2026-07-26 14:21:31,data_go_kr,경상남도,A2800015,의료법인 문병욱의료재단 진주고려병원,5,20260726141914,055-751-2525,,,,,,,,,,,,,,,,,,,,,1,,,,,,,,,,,,,,Y,,,,Y,,Y,Y,,,N1,Y,N1,75,N1,3,N1,Y,,4,Y,10,,,1,,,,,,,,,,,,9,,,,,4,,,,,2,2,1,4,,,,,,,1,229,,,,,,,,,,,,,,,,,Y,N1,A2800015,28
2026-07-26 14:21:31,data_go_kr,경상남도,A2800037,진주복음병원,6,20260726142021,055-749-7119,,,,,,,,,,,,,,,,,,,,,1,,,,,,,,,,,,,,Y,,,,,,Y,N1,,,N1,Y,N1,40,N1,,N1,N,,3,N1,9,,,1,,,,,,,,,,,,,,,,,3,,,,,1,1,,1,,,,,,,,131,,,,,,,,,,,,,,,,,N,N1,A2800037,29
2026-07-26 14:21:31,data_go_kr,경상남도,A2800062,태황의료재단한성병원,6,20260726141953,055-530-5119,,,,,,,,,,,,,,,,,,,,,1,,,,,,,,,,,,,,,,,,,,Y,N1,,,N1,N1,N1,48,N1,,N1,N1,,,N1,9,,,1,,,,,,,,,,,,,,,,,,,,,,,,,,,,,,,,,167,,,,,,,,,,,,,,,,,N1,N1,A2800062,30
2026-07-26 14:21:31,data_go_kr,경상남도,A2800025,경상남도마산의료원,7,20260726142002,055-249-1119,,,,,,,,,,,,,,,,,,,1,,1,,,,,2,,,,,,19,,,Y,,,,,,Y,N1,,,Y,Y,N1,68,N1,5,N1,Y,,5,N1,13,,1,1,,,,,,,,,,,,6,2,,,,5,,,27,,1,1,,17,,,2,,,,,263,,,,,,,,,,,,,,,,,Y,N1,A2800025,31
2026-07-26 14:21:31,data_go_kr,경상남도,A2800009,의료법인청아의료재단청아병원,7,20260726141855,055-230-1700,,,,,,,,,,,,,,,,,,,,,1,,,,,,,,,,,,,,Y,,,,,,Y,N1,,,N1,Y,N1,76,N1,,N1,Y,,4,N1,9,,,1,,,,,,,,,,,,,,,,,4,,,,,2,2,,4,,,,,,,,274,,,,,,,,,,,,,,,,,Y,N1,A2800009,32
2026-07-26 14:21:31,data_go_kr,경상남도,A2800021,연세에스병원,4,20260726141634,055-548-7789,,,,,,,,,,,,,,,,,,,,,1,,,,,,,,,,,,,,Y,,,,Y,,Y,Y,,,N1,Y,N1,112,N1,7,N1,Y,,2,N1,9,,,1,,,,,,,,,,,,10,,,,,3,,,,,2,2,1,5,,,,,,,,255,,,,,,,,,,,,,,,,,Y,N1,A2800021,33
2026-07-26 14:21:31,data_go_kr,경상남도,A2800092,새통영병원,2,20260726142021,055-640-4119,,,,,,,,,,,,,,,,,,,,,1,,,,,,,,,,,,,,Y,,,,,,Y,N1,,,N1,Y,N1,59,N1,,N1,Y,,3,N1,9,,,1,,,,,,,,,,,,,,,,,3,,,,,1,2,,3,,,,,,,,256,,,,,,,,,,,,,,,,,Y,N1,A2800092,34
2026-07-26 14:21:31,data_go_kr,경상남도,A2800080,함양성심병원,3,20260726141823,055-964-4322,,,,,,,,,,,,,,,,,,,,,1,,,,,,,,,,,,,,Y,,,,,,Y,N1,,,N1,Y,N1,3,N1,,N1,Y,,2,N1,4,,,1,,,,,,,,,,,,,,,,,2,,,,,1,1,,1,,,,,,,,121,,,,,,,,,,,,,,,,,Y,N1,A2800080,35
2026-07-26 14:21:31,data_go_kr,경상남도,A2800055,삼성합천병원,0,20260726142001,070-5125-5030,,,,,,,,,,,,,,,,,,,,,1,,,,,,,,,,,,,,Y,,,,,,Y,N1,,,N1,Y,N1,23,N1,,N1,Y,,2,N1,4,,,1,,,,,,,,,,,,,,,,,2,,,,,1,1,,1,,,,,,,,141,,,,,,,,,,,,,,,,,Y,N1,A2800055,36
2026-07-26 14:21:31,data_go_kr,제주특별자치도,A2900001,제주한라병원,2,20260726142435,064-740-5159,Y,Y,,,,,0,1,,,4,,,,,,,3,2,,3,2,,,,,22,,9,2,,,Y,,Y,,0,6,Y,9,Y,Y,,,Y,Y,Y,156,Y,8,Y,Y,3,6,N1,15,3,2,3,14,,,7,,,,,20,,,15,,30,,40,6,2,,,2,3,2,3,46,3,8,9,4,2,,,414,,,,,4,2,,4,,,,,,,2,6,Y,Y,A2900001,1
2026-07-26 14:21:31,data_go_kr,제주특별자치도,A2900002,제주특별자치도서귀포의료원,5,20260726142001,064-730-3001,,Y,,,,,,,,,,,,,,,,4,1,,4,2,,,,3,3,,,,3,,Y,,Y,,,,Y,,Y,Y,,,Y,Y,N1,150,N1,8,Y,N,,4,Y,16,4,1,4,2,,,,,,,,,,,17,3,3,,,4,,26,,1,2,1,1,16,,4,3,,,,1,326,,,,,,,,,,,,,,,,,Y,N1,A2900002,2
2026-07-26 14:21:31,data_go_kr,제주특별자치도,A2900007,제주대학교병원,0,20260726142000,,Y,Y,,,,,,,,0,,,,,,,,,1,4,3,,3,,4,,,,,,4,5,Y,,Y,,,,Y,,Y,Y,,,Y,Y,Y,135,Y,,Y,Y,9,11,N1,20,,1,5,,12,12,16,3,,,,,6,,,,,,,12,,20,9,3,2,2,4,45,8,17,10,5,3,,,458,,,,,,,,,,,,,,,,,Y,Y,A2900007,3
2026-07-26 14:21:31,data_go_kr,제주특별자치도,A2900005,한마음병원,8,20260726141704,064-750-9119,,,,,,,,,,,,,,,,,,,0,,1,,,,,,,,,,,,,,Y,,,,Y,,Y,Y,,,Y,Y,N1,74,N1,7,N1,Y,,4,N1,17,,1,2,,,,,,,,,,,,12,,,,,4,,,,,1,1,1,6,,,2,,,,,216,,,,,,,,,,,,,,,,,Y,N1,A2900005,4
2026-07-26 14:21:31,data_go_kr,제주특별자치도,A2900006,의료법인중앙의료재단중앙병원,7,20260726141959,064-786-7777,,,,,,,,,,,,,,,,,,1,1,,2,,,,,,,,,,,,,,Y,,,,Y,,Y,Y,,,Y,Y,Y,99,N1,8,N1,Y,,3,N1,16,1,1,2,,,,,,,,,,,,16,,,,,3,,,,,1,1,2,10,,,2,1,,,,281,,,,,,,,,,,,,,,,,Y,N1,A2900006,5
2026-07-26 14:21:31,data_go_kr,제주특별자치도,A2900003,의료법인 혜인의료재단 한국병원,4,20260726141930,064-750-0160,,,,,,,,,,,,,,,,,,,,,1,,,,,,,,,,,,,,Y,,,,,,Y,N1,,,N1,Y,N1,46,N1,0,N1,Y,,3,N1,9,,,1,,,,,,,,,,,,10,,,,,3,,,,,1,1,,6,,,,,,,,209,,,,,,,,,,,,,,,,,Y,N1,A2900003,6
