collected_at,source,region,hpid,dutyName,hvec,hvidate,dutyTel3,hv10,hv11,hv13,hv14,hv15,hv16,hv17,hv18,hv19,hv2,hv21,hv22,hv23,hv24,hv25,hv26,hv27,hv28,hv29,hv3,hv30,hv31,hv32,hv33,hv34,hv35,hv36,hv37,hv38,hv39,hv40,hv41,hv42,hv43,hv5,hv6,hv60,hv61,hv7,hv9,hvamyn,hvangioayn,hvcc,hvccc,hvcrrtayn,hvctayn,hvecmoayn,hvgc,hvhypoayn,hvicc,hvincuayn,hvmriayn,hvncc,hvoc,hvoxyayn,hvs01,hvs02,hvs03,hvs04,hvs05,hvs06,hvs07,hvs08,hvs09,hvs10,hvs11,hvs12,hvs14,hvs15,hvs16,hvs17,hvs18,hvs19,hvs20,hvs21,hvs22,hvs23,hvs24,hvs25,hvs26,hvs27,hvs28,hvs29,hvs30,hvs31,hvs32,hvs33,hvs34,hvs35,hvs36,hvs37,hvs38,hvs46,hvs47,hvs48,hvs49,hvs50,hvs51,hvs52,hvs53,hvs54,hvs55,hvs56,hvs57,hvs58,hvs59,hvs60,hvs61,hvventiayn,hvventisoayn,phpid,rnum
2026-07-27 00:54:04,data_go_kr,서울특별시,A1100043,강동경희대학교병원,4,20260727005020,02-440-7000,Y,Y,,,,,2,,,,,,,,,1,,3,2,,1,2,,,,,0,,,,,0,Y,N,Y,,,,Y,,Y,Y,,,Y,Y,Y,163,Y,7,Y,Y,3,17,N,15,3,2,3,19,,,17,,,,,,,,27,,30,,,17,,,1,8,2,2,3,32,9,13,4,1,1,0,0,625,,,,,3,,,,,,,,2,,,,Y,Y,A1100043,1
2026-07-27 00:54:04,data_go_kr,서울특별시,A1100014,고려대학교의과대학부속구로병원,9,20260727004923,02-2626-1550,Y,Y,5,,,,,,,1,,,,,,,,2,,1,,1,,,,3,6,,,,3,2,Y,,Y,,,,Y,,Y,Y,,,Y,Y,Y,100,Y,8,Y,Y,0,24,N1,29,3,,,20,20,10,23,,,,,,,,35,10,30,,,24,,18,4,2,6,6,4,98,11,35,15,10,3,,,778,5,,,,,,,,,,,,,,,,Y,Y,A1100014,2
2026-07-27 00:54:04,data_go_kr,서울특별시,A1100013,한양대학교병원,15,20260727004801,02-2290-8284,Y,Y,4,1,,,1,3,,0,,,,,,,,0,,7,,3,,,,1,7,,,,1,0,Y,,Y,,,,Y,,Y,Y,,,Y,Y,Y,221,Y,0,Y,Y,2,16,Y,20,3,,,22,12,13,25,,,,,,,,0,2,30,,,16,,16,2,1,3,2,3,69,10,20,11,4,3,,1,670,4,8,,,2,5,,,,,,,,,,,Y,Y,A1100013,3
2026-07-27 00:54:04,data_go_kr,서울특별시,A1100008,학교법인고려중앙학원고려대학교의과대학부속병원(안암병원),17,20260727004809,02-920-5374,Y,Y,2,5,,,0,,,0,,,,,,,,4,,2,,1,,,3,1,11,,,,2,1,Y,,Y,,,,Y,,Y,Y,,,Y,Y,Y,69,Y,,Y,Y,-1,25,N1,30,4,,,15,16,19,17,,,,,,9,,,6,31,,,25,,10,3,4,7,6,8,84,14,20,11,8,7,,,777,2,7,,,6,,,,,,,,,,,,Y,Y,A1100008,4
2026-07-27 00:54:04,data_go_kr,서울특별시,A1100005,이화여자대학교의과대학부속목동병원,10,20260727004549,02-2650-5911,Y,Y,,,,,0,0,,1,,,,,,,,8,2,4,4,4,,,,0,13,,,,4,4,Y,,Y,3,,,Y,,Y,Y,,,Y,Y,Y,91,Y,,Y,Y,13,13,N1,19,8,2,4,19,10,13,28,,,,14,,,,,4,32,,,13,,10,9,2,4,4,4,58,10,34,9,3,5,,,526,,,,,1,1,,,,,,,,,,,Y,Y,A1100005,5
2026-07-27 00:54:04,data_go_kr,서울특별시,A1100017,서울대학교병원,-3,20260727005021,02-2072-2475,Y,Y,,,1,1,1,0,,1,,0,0,,0,,,5,2,8,4,7,4,0,4,11,14,6,,,6,5,Y,Y,Y,0,,,Y,,Y,Y,2,1,Y,Y,Y,185,Y,,Y,Y,4,53,N1,24,10,2,4,17,10,18,40,22,2,10,5,,8,10,,28,30,6,,53,,41,7,4,13,13,14,160,19,46,22,9,3,1,,1365,,,1,1,2,1,,,0,0,,8,,,,,Y,Y,A1100017,6
2026-07-27 00:54:04,data_go_kr,서울특별시,A1100035,서울특별시서울의료원,8,20260727005000,02-2276-7000,Y,Y,,,,,0,3,1,0,,,,,,,,2,2,,3,4,,,,,0,,,,11,2,Y,Y,Y,2,,,Y,,Y,Y,,,Y,Y,Y,90,Y,0,Y,Y,2,10,Y,19,3,2,3,14,7,,3,,,,6,,,,5,,28,,,10,,30,3,4,5,3,5,65,5,12,7,2,4,1,2,461,,,,,2,4,2,,,,,,,,,,Y,Y,A1100035,7
2026-07-27 00:54:04,data_go_kr,서울특별시,A1100015,연세대학교의과대학강남세브란스병원,9,20260727004839,02-2019-3333,Y,Y,,,,,,,,,,,,,,,,2,1,,2,,,,5,,,,,,,5,Y,,Y,8,,,Y,,Y,Y,,,Y,Y,Y,66,Y,15,Y,Y,0,23,N1,21,2,1,2,,,,28,,,,12,,8,,29,,,,,23,,,5,1,4,3,6,47,10,23,6,3,5,,,691,,,,,,,,,,,,,,,,,Y,Y,A1100015,8
2026-07-27 00:54:04,data_go_kr,서울특별시,A1100010,삼성서울병원,-5,20260727004817,02-3410-2060,Y,Y,,,,,,,,15,,,,,,,,3,2,17,0,,5,,5,2,,,,,6,12,Y,,Y,6,,,Y,,Y,Y,,19,Y,Y,Y,200,Y,14,Y,Y,1,52,N1,52,4,2,2,,30,23,59,15,,,12,,12,36,14,2,,,,53,,27,18,8,19,16,15,117,22,43,21,11,2,,,1528,,,,,,,,,,,,,,,,,Y,Y,A1100010,9
2026-07-27 00:54:04,data_go_kr,서울특별시,A1100028,성심의료재단강동성심병원,8,20260727004956,02-2224-2358,Y,Y,,,,,,,,0,,,,,,,2,,1,,6,,,,,2,,,,,,0,Y,,Y,,,,Y,,Y,Y,,,Y,Y,Y,157,Y,-2,Y,Y,3,13,N1,15,,1,6,,18,,3,,,,,,,,19,5,,,,13,,,2,1,4,2,5,35,3,3,8,3,1,,,566,,,,,,,,,,,,,,2,,,Y,Y,A1100028,10
2026-07-27 00:54:04,data_go_kr,서울특별시,A1100053,한국보훈복지의료공단중앙보훈병원,14,20260727004847,02-2225-1100,,,,,,,,,,6,,,,,,,,,1,10,2,0,,,3,1,0,,,,35,0,N,,Y,2,,,Y,,Y,Y,,,Y,Y,Y,161,N1,,N1,Y,,13,N1,22,,1,2,2,14,14,,,,,13,,10,,,1,3,,,13,,60,7,1,3,4,4,38,,,10,1,,,,820,,,,,,,,,,,,,,,,,Y,N1,A1100053,11
2026-07-27 00:54:04,data_go_kr,서울특별시,A1120796,이화여자대학교의과대학부속서울병원,-4,20260727004645,02-6986-5119,Y,Y,,,,,,,,0,,,,,,,,4,2,9,6,,,,2,1,,,,,,3,Y,,Y,2,,,Y,,Y,Y,,5,Y,Y,Y,194,Y,0,Y,Y,1,19,N1,14,9,2,6,,10,17,24,,,,17,,11,19,11,7,,,,19,,,4,2,5,5,8,71,9,22,12,4,5,,,732,,,,,,,,,,,,,,,,,Y,Y,A1120796,12
2026-07-27 00:54:04,data_go_kr,서울특별시,A1100041,의료법인서울효천의료재단에이치플러스양지병원,18,20260727005011,070-4665-9119,,,,,,,,,,,,,,,,,,,1,,2,,,,,0,,,,,,2,,,Y,,,,Y,,Y,Y,,,Y,Y,Y,51,Y,2,N1,Y,,7,N1,18,,1,2,,,,,,,,,,,,20,1,,,,7,,,3,,2,3,3,23,,,4,1,1,,,301,,,,,,,,,,,,,,,,,Y,N1,A1100041,13
2026-07-27 00:54:04,data_go_kr,서울특별시,A1100002,건국대학교병원,12,20260727004746,02-2030-5555,Y,Y,,,,,,,,7,,,,,,,,3,1,15,2,,,,,1,,,,,9,1,Y,,Y,,,,Y,,Y,Y,,,Y,Y,Y,225,Y,,Y,Y,0,21,N1,20,4,1,2,,24,25,16,,,,,,,,,1,,,,21,,14,3,2,4,4,5,45,7,18,7,3,14,,,678,,,,,,,,,,,,,,,,,Y,Y,A1100002,14
2026-07-27 00:54:04,data_go_kr,서울특별시,A1100016,인제대학교상계백병원,7,20260727004645,02-950-1119,Y,Y,,,,,,,,1,,,,,,,3,,1,4,2,,,,,1,,,,,3,1,Y,,Y,,,,Y,,Y,Y,,,Y,Y,Y,96,Y,,Y,Y,-1,13,N1,16,,1,2,,19,18,15,,,,,,,,,4,,,,13,,5,2,2,3,2,3,36,10,25,10,3,1,,,390,,,,,,,,,,,,,,4,,,Y,Y,A1100016,15
2026-07-27 00:54:04,data_go_kr,서울특별시,A1100048,노원을지대학교병원,13,20260727004602,02-970-8282,Y,Y,,,,,,,,5,,,,,,,,,1,6,4,,,,,2,,,,,3,0,Y,,Y,,0,0,Y,,Y,Y,,,Y,Y,Y,220,N1,,Y,Y,1,11,N1,17,,1,4,,16,16,10,,,,,,,,,2,,,,11,,21,1,3,2,2,2,26,8,19,3,1,,,,479,,,,,,,,,,,,,,,0,0,Y,Y,A1100048,16
2026-07-27 00:54:04,data_go_kr,서울특별시,A1100020,의료법인한전의료재단한일병원,11,20260727005003,02-901-3119,N,N,,,,,,,,,,,,,,,,2,2,,0,0,,,,0,2,,,,,1,,Y,Y,,,,Y,,Y,Y,,,Y,Y,N1,77,Y,3,N,Y,,8,Y,21,2,2,2,2,,,,,,,,,,,21,1,3,,,8,,,5,,2,1,1,25,1,4,2,,4,2,2,389,,,,,,,,,,,,,,,,,Y,N,A1100020,17
2026-07-27 00:54:04,data_go_kr,서울특별시,A1100001,경희대학교병원,12,20260727004931,02-958-8114,Y,Y,,,,,,,,,,,,,,,,1,2,,3,,,,,,,,,,10,9,Y,,Y,4,,,Y,,Y,Y,,,Y,Y,Y,190,Y,17,Y,Y,0,16,N1,15,3,2,3,,,,14,,,,15,,,,73,,,,,16,,20,10,3,3,3,5,48,6,12,8,3,2,,,657,,,,,,,,,,,,,,,,,Y,Y,A1100001,18
2026-07-27 00:54:04,data_go_kr,서울특별시,A1100021,삼육서울병원,6,20260727004653,02-2210-3566,,N,,,,,,,,,,,,,,,2,,1,,1,0,,,,1,0,,,,,3,Y,,Y,,,,Y,,Y,Y,,,Y,Y,Y,72,Y,2,N,Y,4,5,Y,13,,1,2,2,,,4,,,,,,,,15,1,3,,,5,,,4,2,1,1,2,20,,4,5,2,1,,1,389,,,,,,,,,,,,,,4,,,Y,N1,A1100021,19
2026-07-27 00:54:04,data_go_kr,서울특별시,A1100040,서울특별시보라매병원,13,20260727005000,02-870-2119,Y,Y,,,,,,,,4,,,,,,,,2,2,9,1,,,,3,1,,,,,0,0,Y,,Y,,,,Y,,Y,Y,,,Y,Y,Y,221,Y,,Y,Y,0,14,N1,31,3,2,1,,15,16,14,,,,,,4,,,4,,,,14,,14,3,4,6,3,5,48,14,13,5,9,2,,,695,,,,,,,,,,,,,,,,,Y,Y,A1100040,20
2026-07-27 00:54:04,data_go_kr,서울특별시,A1100003,중앙대학교병원,0,20260727005008,02-6299-1338,Y,Y,0,0,,,1,,,0,,,,,4,,,2,0,5,0,3,,,,0,,,,,4,2,Y,,Y,,,,Y,,Y,Y,,,Y,Y,Y,195,Y,,Y,Y,0,16,N1,18,4,0,0,12,12,17,25,,,,,,,,,11,,,,16,,24,2,2,4,3,4,51,9,21,13,6,12,,,631,0,0,,,1,,,,,,,4,,,,,Y,Y,A1100003,21
2026-07-27 00:54:04,data_go_kr,서울특별시,A1100007,연세대학교의과대학세브란스병원,17,20260727004830,02-2227-7777,Y,Y,,,1,1,,,,4,,,,,,,,1,1,13,3,,5,1,14,3,,1,,,1,0,Y,Y,Y,6,,,Y,,Y,Y,5,9,Y,Y,Y,324,Y,6,Y,Y,12,3,N1,39,8,1,3,,29,24,52,22,2,10,29,,23,17,18,5,,6,,3,,20,30,8,16,16,17,206,55,61,21,16,21,1,,1872,,,1,1,,,,,,,,,,,,,Y,Y,A1100007,22
2026-07-27 00:54:04,data_go_kr,서울특별시,A1100012,학교법인가톨릭학원가톨릭대학교서울성모병원,-4,20260727005013,02-2258-2370,Y,Y,1,2,1,0,,,,6,,,,,,,,2,,16,,,1,1,3,12,,0,,,16,3,Y,,Y,16,,,Y,,Y,Y,,6,Y,Y,Y,191,Y,1,Y,Y,6,32,N1,28,7,,,,22,22,50,3,2,,19,,10,8,5,18,,6,,32,,35,10,2,9,10,8,80,40,39,11,9,4,,,1059,1,5,1,1,,,,,,,,,,,,,Y,Y,A1100012,23
2026-07-27 00:54:04,data_go_kr,서울특별시,A1100009,재단법인아산사회복지재단서울아산병원,14,20260727004915,02-3010-3333,Y,Y,,,2,1,1,2,,1,,,,,,,,-1,1,14,7,2,3,1,4,9,4,0,,,8,5,Y,,Y,1,,,Y,,Y,Y,7,5,Y,Y,Y,254,Y,10,Y,Y,10,4,Y,36,11,1,22,2,24,37,61,26,2,13,12,,12,12,12,47,4,6,,4,,28,8,8,21,15,17,190,33,49,30,14,5,,1,2089,,,2,1,1,6,,,,,,,,,,,Y,Y,A1100009,24
2026-07-27 00:54:04,data_go_kr,서울특별시,A1100011,가톨릭대학교여의도성모병원,12,20260727005012,02-3779-1199,,,,,,,,,,0,,,,,,,,,1,1,4,,,,,1,,,,,,1,Y,,Y,2,,,Y,,Y,Y,,,Y,Y,Y,76,Y,,N1,Y,,13,N1,15,,1,4,,11,9,,,,,9,,,,,1,,,,13,,,1,2,2,2,2,23,,,5,2,2,,,330,,,,,,,,,,,,,,,,,Y,N1,A1100011,25
2026-07-27 00:54:04,data_go_kr,서울특별시,A1100055,한림대학교강남성심병원,13,20260727004711,02-829-5119,Y,Y,,,,,,,,0,,,,,,,,3,1,0,4,,,,4,1,,,,,,,Y,,Y,,,,Y,,Y,Y,,,Y,Y,Y,167,Y,,Y,Y,0,14,N1,20,3,1,4,,21,25,12,,,,,,10,,,7,,,,14,,,,3,3,3,3,54,21,22,13,3,2,,,496,,,,,,,,,,,,,,,,,Y,Y,A1100055,26
2026-07-27 00:54:04,data_go_kr,서울특별시,A1100054,성애의료재단성애병원,9,20260727004753,02-840-7115,Y,Y,,,,,,,,,,,,,,,,,1,,4,,,,,1,,,,,,,Y,,Y,,,,Y,,Y,Y,,,Y,Y,N1,39,N1,2,Y,Y,3,5,N1,15,,1,4,,,,4,,,,,,,,19,1,,,,5,,,,2,2,2,1,8,5,14,2,,,,,252,,,,,,,,,,,,,,,,,Y,Y,A1100054,27
2026-07-27 00:54:04,data_go_kr,서울특별시,A1100004,순천향대학교부속서울병원,15,20260727004823,02-709-9117,Y,Y,,,,,,,,,,,0,,0,,0,4,1,,2,,,,,1,,,,,10,3,Y,,Y,,,,Y,,Y,Y,,,Y,Y,Y,151,Y,2,Y,Y,0,14,N1,20,4,1,2,,,,13,,,,,,,,45,10,,,,14,,21,4,7,3,3,4,51,8,17,14,5,3,,,600,,,,,,,,,,0,,0,,0,,,Y,Y,A1100004,28
2026-07-27 00:54:04,data_go_kr,서울특별시,A1121013,가톨릭대학교은평성모병원,12,20260727005012,02-1811-7755,Y,Y,,,,,,,,0,,,,,,,,8,1,2,1,,,,6,0,,,,,,0,Y,,Y,0,,,Y,,Y,Y,,,Y,Y,Y,141,Y,,Y,Y,4,19,N1,24,8,2,2,,16,9,19,,,,13,,12,,,4,,,,19,,,5,1,4,3,5,46,19,22,10,5,20,,,651,,,,,,,,,,,,,,,,,Y,Y,A1121013,29
2026-07-27 00:54:04,data_go_kr,서울특별시,A1100006,강북삼성병원,6,20260727005039,02-2001-1000,Y,Y,,,,,,,,,,,,,,,,2,1,1,2,,,,,1,,,,,9,2,Y,,Y,2,,,Y,,Y,Y,,3,Y,Y,Y,120,Y,7,Y,Y,0,16,N1,15,2,1,2,,,4,7,,,,12,,,8,24,5,,,,16,,18,3,1,5,4,6,54,13,14,8,4,3,,,526,,,,,,,,,,,,,,,,,Y,Y,A1100006,30
2026-07-27 00:54:04,data_go_kr,서울특별시,A1100052,국립중앙의료원,15,20260727004904,02-2276-2114,N,Y,,,,,,,,,,312,,,12312,2868,1231,3,2,0,2,118,,,,12312,121,,23076,12312,,12310,Y,,Y,,231,23123,Y,3,Y,Y,,,Y,Y,Y,788,Y,12308,Y,Y,,12312,N1,15,3,2,3,123,,0,,,,,,23,,,12312,12312,123,,23131,12312,12312,,12312,12312,1231,2312,3123,123,12312,23123,1231,123,23123,,,1231,,,,,,,,,312,,,12312,3123,1231,231,23123,Y,N,A1100052,31
2026-07-27 00:54:04,data_go_kr,서울특별시,A1100036,부민병원,9,20260727004715,02-2620-0119,,Y,,,,,,,,,,,,,,,,,1,,,,,,,0,,,,,,0,Y,,Y,,,,Y,,Y,Y,,,Y,Y,Y,59,N1,1,Y,Y,,8,N1,10,,1,,,,,,,,,,,,,14,1,,,,8,,,3,1,3,3,1,22,,1,2,1,,,,282,,,,,,,,,,,,,,,,,Y,N1,A1100036,32
2026-07-27 00:54:04,data_go_kr,서울특별시,A1100051,혜민병원,7,20260727005031,02-2049-9119,,,,,,,,,,,,,,,,,,,1,,,,,,,,,,,,,,,,Y,,,,,,Y,N1,,,Y,Y,N1,31,N1,8,N1,Y,,5,N1,9,,1,,,,,,,,,,,,,19,,,,,5,,,,,2,2,,16,,,2,,,,,205,,,,,,,,,,,,,,,,,Y,N1,A1100051,33
2026-07-27 00:54:04,data_go_kr,서울특별시,A1100026,구로성심병원,7,20260727004907,02-2067-1515,,,,,,,,,,,,,,,,,,,,,1,,,,,,,,,,,,,,Y,,,,,,Y,N1,,,N1,Y,N1,34,N1,4,N1,Y,,3,N1,9,,,1,,,,,,,,,,,,11,,,,,3,,,,,1,1,,5,,,,,,,,191,,,,,,,,,,,,,,,,,Y,N1,A1100026,34
2026-07-27 00:54:04,data_go_kr,서울특별시,A1100049,희명병원,10,20260727004811,02-809-0122,,,,,,,,,,,,,,,,,,,,,1,,,,,,,,,,,,,,Y,,,,,,Y,N1,,,Y,Y,Y,108,N1,1,N1,Y,,4,N1,10,,,1,,,,,,,,,,,,19,,,,,4,,,,,1,1,,9,,,1,1,,,,228,,,,,,,,,,,,,,,,,Y,N1,A1100049,35
2026-07-27 00:54:04,data_go_kr,서울특별시,A1100027,한국원자력의학원원자력병원,2,20260727005020,02-970-2620,,Y,,,,,,,,,,,,,,,0,,1,,1,,,,,1,,,,,,1,Y,,Y,,,,Y,,Y,Y,,,Y,Y,N1,232,N1,8,Y,Y,,10,N1,9,,1,1,,,,,,,,,,,,10,1,,,,10,,,1,1,4,2,1,16,,2,1,,,,,444,,,,,,,,,,,,,,1,,,Y,N1,A1100027,36
2026-07-27 00:54:04,data_go_kr,서울특별시,A1100022,서울특별시동부병원,7,20260727005020,02-920-9119,,Y,,,,,,,,,,,,,,,,,1,,1,,,,,1,,,,,,,Y,,Y,,,,,,Y,N1,,,Y,Y,N1,23,N1,1,Y,Y,,3,N1,8,,1,1,,,,,,,,,,,,8,1,,,,3,,,,1,1,1,,7,,1,1,,,,,195,,,,,,,,,,,,,,,,,Y,N1,A1100022,37
2026-07-27 00:54:04,data_go_kr,서울특별시,A1100050,서울성심병원,17,20260727005028,02-966-1616,,,,,,,,,,,,,,,,,,,1,,2,,,,,,,,,,,,,,Y,,,,,,Y,N1,,,N1,Y,N1,67,N1,9,N1,Y,,6,N1,17,,1,2,,,,,,,,,,,,10,,,,,6,,,,,1,1,,11,,,,,,,,208,,,,,,,,,,,,,,,,,Y,N1,A1100050,38
2026-07-27 00:54:04,data_go_kr,서울특별시,A1100025,의료법인동신의료재단동신병원,6,20260727004853,02-396-9161,N,N,,,,,,,,,,,,,,,,,,,1,,,,,,,,,,,,N,N,Y,,,,N,,Y,N,,,Y,Y,N,41,N,1,N,Y,,3,N,9,,,1,,,,,,,,,,,,9,,,,,3,,,,0,1,1,0,7,0,0,1,0,0,0,0,196,,,,,,,,,,,,,,,,,Y,N,A1100025,39
2026-07-27 00:54:04,data_go_kr,서울특별시,A1122033,기쁨병원,4,20260727004952,02-570-1212,,,,,,,,,,,,,,,,,,,,,1,,,,,,,,,,,,,,Y,,,,Y,,Y,Y,,,N1,Y,N1,65,N1,,N1,Y,,8,N1,4,,,1,,,,,,,,,,,,,,,,,8,,,,,2,2,1,1,,,,,,,,110,,,,,,,,,,,,,,,,,Y,N1,A1122033,40
2026-07-27 00:54:04,data_go_kr,서울특별시,A1100039,경찰병원,3,20260727005002,02-3400-1300,,,,,,,,,,,,,,,,,1,,1,,,,,,,2,,,,,,2,,,Y,,,,,,Y,N1,,,Y,Y,N1,131,N1,14,N1,Y,,7,N1,3,,1,,,,,,,,,,,,,14,2,,,,7,,,2,,2,3,,10,,,2,,,,,187,,,,,,,,,,,,,,1,,,Y,N1,A1100039,41
2026-07-27 00:54:04,data_go_kr,서울특별시,A1100019,홍익병원,3,20260727004846,02-2600-0777,,,,,,,,,,,,,,,,,,,,,0,,,,,0,,,,,,0,,,Y,,,,Y,,Y,Y,,,N,Y,N1,50,N1,9,N1,Y,,4,N1,9,,,1,,,,,,,,,,,,14,1,,,,4,,,1,,4,2,2,7,,,1,,,,,251,,,,,,,,,,,,,,,,,Y,N1,A1100019,42
2026-07-27 00:54:04,data_go_kr,서울특별시,A1100223,서울특별시서남병원,17,20260727005000,02-6300-9129,,,,,,,,,,,,,,,,0,,,1,,2,1,,,,1,0,,,,,4,,,Y,,,,,,Y,N1,,,Y,Y,Y,56,Y,5,N1,Y,,4,N1,17,,1,2,2,,,,,,,,,,,17,1,3,,,4,,,4,,2,1,,16,,,1,1,1,,,275,,,,,,,,,,,,,0,,,,Y,N1,A1100223,43
2026-07-27 00:54:04,data_go_kr,서울특별시,A1100024,명지성모병원,8,20260727005039,02-829-7800,,,,,,,,,,,,,,,,,,,1,,1,,,,,1,,,,,,,,,Y,,,,Y,,Y,Y,,,N1,Y,N1,95,N1,5,N1,Y,,3,N1,8,,1,1,,,,,,,,,,,,12,1,,,,3,,,,,1,3,2,7,,,,,,,,212,,,,,,,,,,,,,,,,,Y,N1,A1100024,44
2026-07-27 00:54:04,data_go_kr,서울특별시,A1100037,대림성모병원,8,20260727005031,02-829-9129,,,,,,,,,,,,,,,,,,,,,2,,,,,,,,,,,,,,Y,,,,,,Y,N1,,,N1,Y,N1,44,N1,,N1,Y,,4,N1,8,,,2,,,,,,,,,,,,,,,,,4,,,,,1,1,,1,,,,,,,,113,,,,,,,,,,,,,,,,,Y,N1,A1100037,45
2026-07-27 00:54:04,data_go_kr,서울특별시,A1100045,씨엠병원,8,20260727004500,070-4698-7811,,,,,,,,,,,,,,,,,,,,,1,,,,,,,,,,,,,,Y,,,,,,Y,N1,,,N1,Y,N1,34,N1,,N1,Y,,5,N1,9,,,1,,,,,,,,,,,,,,,,,5,,,,,2,2,,6,,,,,,,,110,,,,,,,,,,,,,,,,,Y,N1,A1100045,46
2026-07-27 00:54:04,data_go_kr,서울특별시,A1100023,의료법인청구성심병원,6,20260727004858,02-383-0129,,,,,,,,,,,,,,,,,,,,,1,,,,,,,,,,,,,,Y,,,,,,Y,N1,,,N1,Y,N1,8,N1,1,N1,Y,,3,N1,10,,,1,,,,,,,,,,,,6,,,,,3,,,,,1,1,,4,,,,,,,,196,,,,,,,,,,,,,,,,,Y,N1,A1100023,47
2026-07-27 00:54:04,data_go_kr,서울특별시,A1100029,서울적십자병원,10,20260727004846,02-2002-8888,,,,,,,,,,,,,,,,,,,0,,,,,,,,,,,,,,,,Y,,,,,,Y,N1,,,Y,Y,N1,87,N1,7,N1,Y,,6,N1,10,,1,,,,,,,,,,,,,12,,,,,6,,,,,1,1,,11,,,2,,,,,260,,,,,,,,,,,,,,,,,Y,N1,A1100029,48
2026-07-27 00:54:04,data_go_kr,서울특별시,A1100032,세란병원,9,20260727004856,02-737-0181,,,,,,,,,,,,,,,,,,,,,1,,,,,,,,,,,,,,Y,,,,,,Y,N1,,,N1,Y,N1,41,N1,,N1,Y,,13,N1,10,,,1,,,,,,,,,,,,,,,,,13,,,,,3,5,,3,,,,,,,,205,,,,,,,,,,,,,,,,,Y,N1,A1100032,49
2026-07-27 00:54:04,data_go_kr,서울특별시,A1100075,의료법인풍산의료재단동부제일병원,7,20260727004534,02-490-8880,,,,,,,,,,,,,,,,,,,,,1,,,,,,,,,,,,,,Y,,,,,,Y,N1,,,N1,Y,N1,41,N1,,N1,N,,2,N1,7,,,1,,,,,,,,,,,,,,,,,2,,,,,1,1,,3,,,,,,,,124,,,,,,,,,,,,,,,,,Y,N1,A1100075,50
2026-07-27 00:54:04,data_go_kr,서울특별시,A1100044,녹색병원,3,20260727004510,02-490-2113,,,,,,,,,,,,,,,,,,,1,,4,,,,,2,,,,,,1,Y,,Y,,,,,,Y,N1,,,Y,Y,N1,88,N1,7,N1,Y,,3,N1,5,,1,4,,,,,,,,,,,,17,3,,,,3,,,3,1,2,1,,22,,,1,,,,,293,,,,,,,,,,,,,,,,,Y,N1,A1100044,51
2026-07-27 00:54:04,data_go_kr,부산광역시,A1200003,동아대학교병원,22,20260727004710,051-240-5300,Y,Y,2,6,,,,0,1,,,,,,,,,3,,,,9,,,4,5,10,,,,6,1,Y,,Y,2,,,Y,,Y,Y,4,5,Y,Y,Y,150,Y,6,Y,Y,4,18,N1,26,3,,,16,,,20,,,8,13,,11,7,18,6,30,,,18,,18,3,4,5,3,4,76,11,30,16,4,4,,,738,2,6,,,,4,1,,,,,,,,,,Y,Y,A1200003,1
2026-07-27 00:54:04,data_go_kr,부산광역시,A1200022,인제대학교 해운대백병원,18,20260727004415,051-797-0135,Y,Y,,,,,2,2,,9,,,,,,,,-1,2,8,2,7,,,,0,13,,,,,0,Y,Y,Y,,,,Y,,Y,Y,,,Y,Y,Y,117,Y,,Y,Y,0,22,N1,29,3,2,3,12,28,27,23,,,,,,,,,2,30,,,22,,,7,2,5,3,4,72,8,40,17,9,11,1,,710,,,,,5,3,,,,,,,,,,,Y,Y,A1200022,2
2026-07-27 00:54:04,data_go_kr,부산광역시,A1200018,대동병원,12,20260727005026,051-550-9391,,,,,,,,,,,,,,,,,,3,1,,2,,,,,0,,,,,,1,,,Y,,,,Y,,Y,Y,,,Y,Y,N1,60,N1,0,N1,Y,,6,N1,15,3,1,2,,,,,,,,,,,,21,1,,,,6,,,1,,2,1,1,10,,,1,,,,,401,,,,,,,,,,,,,,,,,Y,N1,A1200018,3
2026-07-27 00:54:04,data_go_kr,부산광역시,A1200020,의료법인 온그룹의료재단 온병원,14,20260727005031,051-607-0139,,,,,,,,,,,,,,,,,,,1,,2,,,,,1,,,,,,5,,,Y,,,,Y,,Y,Y,,,Y,Y,N1,167,N1,7,N1,Y,,9,Y,20,,1,2,,,,,,,,,,,,23,1,,,,9,,,6,,4,2,2,7,,,1,,,,1,585,,,,,,,,,,,,,,,,,Y,N1,A1200020,4
2026-07-27 00:54:04,data_go_kr,부산광역시,A1200001,인제대학교부산백병원,15,20260727005013,051-890-5995,Y,Y,,,,,,,,5,,,,,,,,,1,4,2,,,,3,1,,,,,3,2,Y,,Y,1,,,Y,,Y,Y,,,Y,Y,Y,167,Y,5,Y,Y,2,17,Y,18,,1,2,,19,18,35,,,,12,,6,,10,1,,,,17,,20,8,4,5,3,6,68,19,38,16,3,7,,2,691,,,,,,,,,,,,,,,,,Y,Y,A1200001,5
2026-07-27 00:54:04,data_go_kr,부산광역시,A1200005,의료법인 은성의료재단 좋은삼선병원,6,20260727004943,051-310-9119,,,,,,,,,,,,,,,,,1,1,1,,2,,,,1,0,,,,,,2,,,Y,1,,,Y,,Y,Y,,,Y,Y,N1,16,N1,5,N1,Y,,7,N1,13,1,1,2,,,,,,,,5,,4,,19,2,,,,7,,,2,,2,2,2,11,,,1,,,,,375,,,,,,,,,,,,,,3,,,Y,N1,A1200005,6
2026-07-27 00:54:04,data_go_kr,부산광역시,A1200004,고신대학교복음병원,16,20260727004855,051-990-6200,Y,Y,1,4,,,,,,6,,,,,,,,,,7,,,,,7,4,,,,,14,1,Y,,Y,1,,,Y,,Y,Y,2,,Y,Y,Y,178,Y,,Y,Y,15,13,Y,25,,,,,13,8,18,,,5,13,,16,,,7,,,,13,,14,1,7,3,3,5,53,13,19,14,3,1,,1,685,1,4,,,,,,,,,,,,,,,Y,Y,A1200004,7
2026-07-27 00:54:04,data_go_kr,부산광역시,A1200002,부산대학교병원,9,20260727005000,051-240-7776,Y,Y,,,,,0,,,3,,,,0,0,0,,3,1,,2,-6,,,,3,3,,21,2,7,4,Y,,Y,0,2,12,Y,17,Y,Y,,,Y,Y,Y,356,Y,6,Y,Y,1,26,N,17,3,1,2,2,10,,20,,,,0,42,,,24,4,3,,82,26,2,19,10,12,9,6,10,100,17,17,21,9,21,,1,901,,,,,2,,,,,,0,0,0,,2,12,Y,Y,A1200002,8
2026-07-27 00:54:04,data_go_kr,부산광역시,A1200007,비에이치에스한서병원,13,20260727005058,051-998-1119,,,,,,,,,,,,,,,,,,,1,,1,2,,,,,3,,,,,,,,Y,,,,Y,,Y,Y,,,Y,Y,Y,76,N1,5,N1,Y,,4,N1,17,,1,2,2,,,,,,,,,,,14,,3,,,4,,,,,1,1,2,11,,,1,1,,,,280,,,,,,,,,,,,,,,,,Y,N1,A1200007,9
2026-07-27 00:54:04,data_go_kr,부산광역시,A1200028,(의)서일의료재단기장병원,8,20260727005010,051-723-2119,,,,,,,,,,,,,,,,,,,,,1,,,,,,,,,,,,,,Y,,,,,,Y,N1,,,N1,Y,N1,16,N1,,N1,Y,,3,N1,9,,,1,,,,,,,,,,,,,,,,,3,,,,,1,1,,1,,,,,,,,154,,,,,,,,,,,,,,,,,Y,N1,A1200028,10
2026-07-27 00:54:04,data_go_kr,부산광역시,A1200015,동남권원자력의학원원자력병원,4,20260727004801,051-720-5911,,,,,,,,,,,,,,,,,,,1,,,,,,,,,,,,,,,,Y,,,,Y,,Y,Y,,,Y,Y,Y,103,N1,8,N1,Y,,8,N1,9,,1,,,,,,,,,,,,,12,,,,,8,,,,,2,2,2,12,,,1,0,,,,261,,,,,,,,,,,,,,,,,Y,N1,A1200015,11
2026-07-27 00:54:04,data_go_kr,부산광역시,A1200013,부산성모병원(재단법인 천주교부산교구유지재단),4,20260727004810,051-933-7119,Y,Y,,,,,,,,,,,,,,,4,4,1,,,,,,,2,,,,,,0,,,Y,,,,,,Y,N1,,,Y,Y,N1,63,N1,10,Y,Y,7,7,N1,10,4,1,,,,,10,,,,,,,,18,2,,,,7,,,2,,1,1,,6,14,13,1,,,,,373,,,,,,,,,,,,,,4,,,Y,Y,A1200013,12
2026-07-27 00:54:04,data_go_kr,부산광역시,A1200026,좋은문화병원,5,20260727004847,051-630-0909,Y,Y,,,,,,,,,,,,,,,,2,1,,2,,,,,,,,,,,2,Y,,Y,,,,,,Y,N1,,,N1,Y,N1,44,N1,4,Y,Y,-1,0,Y,7,2,1,2,,,,12,,,,,,,,8,,,,,8,,,2,8,2,2,,3,6,17,,,,,1,270,,,,,,,,,,,,,,,,,Y,Y,A1200026,13
2026-07-27 00:54:04,data_go_kr,부산광역시,A1200017,의료법인정화의료재단 봉생기념병원,7,20260727004725,051-664-4119,,,,,,,,,,1,,,,,,,,,,0,1,,,,,,,,,,3,1,,,Y,,,,Y,,Y,Y,,,Y,Y,N1,48,N1,,N1,Y,,8,N1,9,,,2,,11,11,,,,,,,,,,,,,,8,,31,1,,1,2,2,11,,,4,,,,,335,,,,,,,,,,,,,,,,,Y,N1,A1200017,14
2026-07-27 00:54:04,data_go_kr,부산광역시,A1200011,동래봉생병원,6,20260727004834,051-520-5700,,,,,,,,,,,,,,,,,,,1,,1,,,,,2,,,,,,,,,Y,,,,Y,,Y,Y,,,Y,Y,N1,32,N1,1,N1,Y,,7,N1,8,,1,1,,,,,,,,,,,,18,2,,,,7,,,,,1,2,2,11,,,1,,,,,241,,,,,,,,,,,,,,,,,Y,N1,A1200011,15
2026-07-27 00:54:04,data_go_kr,부산광역시,A1200009,의료법인 광혜의료재단 광혜병원,8,20260727005018,051-504-2119,,,,,,,,,,,,,,,,,,,2,,1,,,,,,,,,,,0,,,Y,,,,,,Y,N1,,,N1,Y,N1,69,N1,0,N1,Y,,3,N1,9,,2,1,,,,,,,,,,,,9,,,,,3,,,1,,1,1,,4,,,,,,,,190,,,,,,,,,,,,,,,,,Y,N1,A1200009,16
2026-07-27 00:54:04,data_go_kr,부산광역시,A1200019,학교법인)동의병원,12,20260727005000,051-850-8777,,,,,,,,,,,,,,,,,,,,,1,,,,,,,,,,,,,,Y,,,,Y,,Y,Y,,,Y,Y,Y,109,N1,15,N1,Y,,1,N1,14,,,1,,,,,,,,,,,,23,,,,,5,,,,,2,2,2,7,,,2,1,,,,448,,,,,,,,,,,,,,,,,Y,N1,A1200019,17
2026-07-27 00:54:04,data_go_kr,부산광역시,A1200025,학교법인 춘해병원,8,20260727004825,051-608-0119,,,,,,,,,,,,,,,,,,,,,1,,,,,,,,,,,,,,Y,,,,,,Y,N1,,,N1,Y,N1,56,N1,,N1,Y,,4,N1,9,,,1,,,,,,,,,,,,,,,,,4,,,,,1,1,,3,,,,,,,,201,,,,,,,,,,,,,,,,,Y,N1,A1200025,18
2026-07-27 00:54:04,data_go_kr,부산광역시,A1200045,구포성심병원,6,20260727004806,051-330-2090,,,,,,,,,,,,,,,,,,,,,1,,,,,,,,,,,,,,Y,,,,Y,,Y,Y,,,N1,Y,N1,19,N1,,N1,Y,,4,N1,9,,,1,,,,,,,,,,,,,,,,,4,,,,,1,1,1,4,,,,,,,,243,,,,,,,,,,,,,,,,,Y,N1,A1200045,19
2026-07-27 00:54:04,data_go_kr,부산광역시,A1200006,의료법인 인당의료재단 부민병원,9,20260727004715,051-330-3129,,,,,,,,,,,,,,,,,,,1,,1,,,,,1,,,,,,,,,Y,,,,Y,,Y,Y,,,Y,Y,N1,16,N1,1,N1,Y,,8,N1,10,,1,1,,,,,,,,,,,,18,1,,,,8,,,,,2,3,1,7,,,1,,,,,366,,,,,,,,,,,,,,,,,Y,N1,A1200006,20
2026-07-27 00:54:04,data_go_kr,부산광역시,A1200016,한국보훈복지의료공단 부산보훈병원,11,20260727004758,051-601-6183,,,,,,,,,,,,,,,,,,,1,,1,,,,,1,,,,,,,,,Y,,,,Y,,Y,Y,,,N1,Y,N1,31,N1,6,N1,Y,,7,N1,11,,1,1,,,,,,,,,,,,9,1,,,,7,,,,,2,3,2,11,,,,,,,,452,,,,,,,,,,,,,,,,,Y,N1,A1200016,21
2026-07-27 00:54:04,data_go_kr,부산광역시,A1200021,삼육부산병원,7,20260727004820,051-600-7750,,Y,,,,,,,,,,,,,,,,,1,,,,,,,0,,,,,,,Y,,Y,,,,Y,,Y,Y,,,Y,Y,Y,2,N1,0,Y,Y,,,N1,9,,1,,,,,,,,,,,,,14,1,,,,,,,,1,2,1,1,9,,1,2,1,,,,302,,,,,,,,,,,,,,,,,Y,N1,A1200021,22
2026-07-27 00:54:04,data_go_kr,부산광역시,A1200008,의료법인 은성의료재단 좋은강안병원,12,20260727004940,051-610-9119,,,,,,,,,,,,,,,,,,,1,,2,,,,,1,,,,,,1,,,Y,,,,Y,,Y,Y,,,Y,Y,Y,82,N1,3,N1,Y,,11,N1,18,,1,2,,,,,,,,,,,,30,2,,,,11,,,3,,4,3,3,12,,,5,1,,,,535,,,,,,,,,,,,,,,,,Y,N1,A1200008,23
2026-07-27 00:54:04,data_go_kr,부산광역시,A1200098,의료법인 센텀의료재단 센텀종합병원,6,20260727004350,051-750-5119,,,,,,,,,,,,,,,,,,,,,1,,,,,1,,,,,,,,,Y,,,,Y,,Y,Y,,,N1,Y,N1,15,N1,2,N1,Y,,9,N1,9,,,1,,,,,,,,,,,,16,1,,,,9,,,,,2,2,1,11,,,,,,,,338,,,,,,,,,,,,,,,,,Y,N1,A1200098,24
2026-07-27 00:54:04,data_go_kr,부산광역시,A1200024,부산광역시의료원,17,20260727004915,051-607-2140,,N,,,,,,,,5,,,,,,,,,1,6,1,,,,,,,,,,8,6,N,,Y,,,,Y,,Y,Y,,,Y,Y,N1,120,N1,,N,Y,,7,N1,18,,1,1,,13,14,,,,,,,,,,,,,,7,,29,7,1,1,1,2,19,,2,4,,,,,398,,,,,,,,,,,,,,,,,Y,N1,A1200024,25
2026-07-27 00:54:04,data_go_kr,부산광역시,A1200012,의료법인 행도의료재단 해동병원,6,20260727005023,051-410-6688,,,,,,,,,,,,,,,,,,,1,,,,,,,,,,,,,0,,,Y,,,,,,Y,N1,,,Y,Y,N1,34,N1,3,N1,Y,,2,Y,6,,1,,,,,,,,,,,,,9,,,,,3,,,0,,1,1,,5,,,1,,,,12,256,,,,,,,,,,,,,,,,,Y,N1,A1200012,26
2026-07-27 00:54:04,data_go_kr,부산광역시,A1200014,영도병원,4,20260727004755,051-419-7575,,,,,,,,,,,,,,,,,,,1,,1,,,,,,,,,,,,,,Y,,,,,,Y,N1,,,N1,Y,N1,16,N1,2,N1,Y,,3,N1,7,,1,1,,,,,,,,,,,,10,,,,,3,,,,,1,1,,7,,,,,,,,217,,,,,,,,,,,,,,,,,Y,N1,A1200014,27
2026-07-27 00:54:04,data_go_kr,부산광역시,A1200023,재단법인천주교부산교구유지재단 메리놀병원,8,20260727004809,051-461-2300,,,,,,,,,,,,,,,,,,,,,1,,,,,0,,,,,,,Y,,Y,,,,Y,,Y,Y,,,Y,Y,N1,92,N1,3,N1,Y,,8,N1,9,,,1,,,,,,,,,,,,18,1,,,,8,,,,1,1,1,1,9,,,2,,,,,380,,,,,,,,,,,,,,,,,Y,N1,A1200023,28
2026-07-27 00:54:04,data_go_kr,부산광역시,A1205143,의료법인 인당의료재단 해운대부민병원,5,20260727004715,051-602-8119,,,,,,,,,,,,,,,,,,,1,,,,,,,0,,,,,,1,,,Y,,,,Y,,Y,Y,,,Y,Y,N1,23,N1,5,N1,Y,,8,Y,9,,1,,,,,,,,,,,,,19,2,,,,8,,,3,,2,2,1,10,,,1,,,,1,360,,,,,,,,,,,,,,,,,Y,N1,A1205143,29
2026-07-27 00:54:04,data_go_kr,대구광역시,A1300001,영남대학교병원,19,20260727004737,053-620-3177,Y,Y,,0,,,0,3,,1,0,,,,,,,3,2,9,3,5,,,0,3,7,,,,10,4,Y,,Y,4,,,Y,,Y,Y,,,Y,Y,Y,168,Y,,Y,Y,-1,23,Y,28,3,2,3,21,10,15,15,,,,14,,7,,,13,30,,,23,,20,7,2,4,4,4,75,5,11,8,5,5,,1,704,,0,,,1,3,,0,,,,,,,,,Y,Y,A1300001,1
2026-07-27 00:54:04,data_go_kr,대구광역시,A1300002,경북대학교병원,3,20260727004705,053-200-5100,Y,Y,2,3,,,,,,1,,,,,,,,4,,5,,9,,,5,,31,,13,2,9,2,Y,,Y,3,2,6,Y,2,Y,Y,0,4,Y,Y,Y,146,Y,,Y,Y,1,17,N1,25,4,,,20,7,7,15,,,6,7,20,10,11,,,44,,40,17,2,20,5,2,5,5,5,82,8,11,11,9,5,,,582,2,3,,,,,,,,,,,,,2,6,Y,Y,A1300002,2
2026-07-27 00:54:04,data_go_kr,대구광역시,A1300004,대구가톨릭대학교병원,11,20260727004922,053-650-3000,Y,Y,,,,,,,,0,,,,,,,,,1,3,3,,,,,2,,,,,1,3,Y,Y,Y,2,,,Y,,Y,Y,,,Y,Y,Y,276,Y,0,Y,Y,2,19,N1,24,,1,3,,15,25,42,,,,16,,,,0,6,,,,19,,20,9,2,3,3,5,58,20,32,8,3,4,1,,704,,,,,,,,,,,,,,,,,Y,Y,A1300004,3
2026-07-27 00:54:04,data_go_kr,대구광역시,A1300003,계명대학교동산병원,11,20260727004948,053-258-6306,Y,Y,,,,,,,,0,,,,,,,,,2,0,2,,2,,,0,11,,,,3,2,Y,Y,Y,3,,,Y,,Y,Y,6,,Y,Y,Y,262,Y,2,Y,Y,2,24,Y,20,,2,3,,11,13,39,7,,8,15,,,,10,4,20,,,24,,20,16,6,6,5,7,56,13,37,9,4,14,1,2,769,,,,,,,,,,,,,,,,,Y,Y,A1300003,4
2026-07-27 00:54:04,data_go_kr,대구광역시,A1300009,대구파티마병원,-5,20260727005001,053-940-7119,Y,Y,,,,,,,,1,,,,,,,,4,2,3,5,2,,,,2,2,,,,,,Y,,Y,7,,,Y,,Y,Y,,,Y,Y,Y,165,Y,,Y,Y,2,17,N1,25,5,2,5,2,17,8,8,,,,12,,,,,9,4,,,17,,,,2,5,3,4,32,11,19,5,1,1,,,539,,,,,,,,,,,,,,,,,Y,Y,A1300009,5
2026-07-27 00:54:04,data_go_kr,대구광역시,A1300010,칠곡경북대학교병원,11,20260727004806,053-200-2100,Y,Y,,,1,1,,,,4,,,,,,,,7,1,10,3,,2,1,,4,0,3,,,12,13,Y,,Y,,,,Y,,Y,Y,,,Y,Y,Y,248,Y,,Y,Y,7,18,N1,23,7,1,3,,10,15,39,10,2,,,,,,,4,0,8,,19,,20,13,2,8,5,8,52,9,27,9,3,1,,,760,,,1,1,,,,,,,,,,,,,Y,Y,A1300010,6
2026-07-27 00:54:04,data_go_kr,대구광역시,A1300034,드림종합병원,4,20260727004617,053-640-8575,,,,,,,,,,,,,,,,,1,,,,1,,,,,,,,,,,,,,Y,,,,Y,,Y,Y,,,Y,Y,Y,12,N1,,N1,N,,3,N1,8,,,1,,,,,,,,,,,,,,,,,3,,,,,2,1,1,2,,,1,1,,,,159,,,,,,,,,,,,,,1,,,Y,N1,A1300034,7
2026-07-27 00:54:04,data_go_kr,대구광역시,A1300006,의료법인구의료재단구병원,10,20260727005012,053-557-7119,,,,,,,,,,,,,,,,,,,,,1,,,,,0,,,,,,,,,Y,,,,,,Y,N1,,,N1,Y,N1,76,N1,7,N1,Y,,9,N1,10,,,1,,,,,,,,,,,,18,1,,,,9,,,,,3,1,,3,,,,,,,,235,,,,,,,,,,,,,,,,,Y,N1,A1300006,8
2026-07-27 00:54:04,data_go_kr,대구광역시,A1300110,더블유병원,9,20260727004943,053-550-5019,,,,,,,,,,,,,,,,,,,,,1,,,,,,,,,,,,,,Y,,,,,,Y,N1,,,N1,Y,N1,37,N1,,N1,N,,7,Y,10,,,1,,,,,,,,,,,,,,,,,8,,,,,1,1,,1,,,,,,,8,431,,,,,,,,,,,,,,,,,Y,N1,A1300110,9
2026-07-27 00:54:04,data_go_kr,대구광역시,A1300011,한국보훈복지의료공단대구보훈병원,11,20260727004954,053-630-7014,,,,,,,,,,,,,,,,,,,1,,1,,,,,1,,,,,,1,,,Y,,,,Y,,Y,Y,,,N1,Y,N1,49,N1,4,N1,Y,,6,N1,12,,1,1,,,,,,,,,,,,13,1,,,,6,,,1,,1,3,2,9,,,,,,,,406,,,,,,,,,,,,,,,,,Y,N1,A1300011,10
2026-07-27 00:54:04,data_go_kr,대구광역시,A1300045,삼일병원,11,20260727005015,053-659-3119,,,,,,,,,,,,,,,,,,,1,,,,,,,,,,,,,,,,Y,,,,Y,,Y,Y,,,N1,Y,N1,43,N1,,N1,N,,4,N1,14,,1,,,,,,,,,,,,,,,,,,4,,,,,3,2,1,3,,,,,,,,299,,,,,,,,,,,,,,,,,Y,N1,A1300045,11
2026-07-27 00:54:04,data_go_kr,대구광역시,A1300038,나사렛종합병원,5,20260727004736,053-643-3119,,,,1,,,,,,,,,,,,,,,,,1,,,,,1,,,,,,,,,Y,,,,Y,,Y,Y,,,Y,Y,N1,22,N1,3,N1,Y,,5,N1,9,,,1,,,,,,,,,,,,28,1,,,,5,,,,,2,2,2,5,,,1,,,,,231,,9,,,,,,,,,,,,,,,Y,N1,A1300038,12
2026-07-27 00:54:04,data_go_kr,대구광역시,A1300018,강남종합병원,13,20260727004533,053-980-9018,,,,,,,,,,,,,,,,,,,1,,,,,,,,,,,,,1,,,Y,,,,,,Y,N1,,,N1,Y,N1,54,N1,,N1,Y,,7,N1,15,,1,,,,,,,,,,,,,,,,,,7,,,1,,2,2,,2,,,,,,,,207,,,,,,,,,,,,,,,,,Y,N1,A1300018,13
2026-07-27 00:54:04,data_go_kr,대구광역시,A1300005,대구가톨릭대학교칠곡가톨릭병원,3,20260727004733,053-320-2111,,,,,,,,,,,,,,,,,,,,,1,,,,,,,,,,,,,,Y,,,,,,Y,N1,,,N1,Y,N1,16,N1,,N1,Y,,3,N1,9,,,1,,,,,,,,,,,,,,,,,3,,,,,2,2,,1,,,,,,,,161,,,,,,,,,,,,,,,,,Y,N1,A1300005,14
2026-07-27 00:54:04,data_go_kr,대구광역시,A1300076,대구굿모닝병원,14,20260727005022,053-620-9119,,,,,,,,,,,,,,,,,,,1,,1,,,,,1,,,,,,,,,Y,,,,Y,,Y,Y,,,N1,Y,N1,72,N1,1,N1,Y,,4,N1,17,,1,1,,,,,,,,,,,,26,1,,,,4,,,,,2,4,2,13,,,,,,,,226,,,,,,,,,,,,,,,,,Y,N1,A1300076,15
2026-07-27 00:54:04,data_go_kr,대구광역시,A1300007,대구의료원,17,20260727005002,053-560-7288,,Y,,,,,,,,,,,,,,,,,1,,1,,,,,0,,,,,1,1,Y,,Y,,,,,,Y,N1,,,N1,Y,N1,46,N1,5,Y,Y,,4,N1,18,,1,1,,,,,,,,,,,,18,1,,,,4,,82,3,1,1,1,,13,,4,,,,,,254,,,,,,,,,,,,,,,,,Y,N1,A1300007,16
2026-07-27 00:54:04,data_go_kr,대구광역시,A1300081,(재)미리내천주성삼성직수도회천주성삼병원,8,20260727005001,053-790-0555,,,,,,,,,,,,,,,,,,,,,1,,,,,,,,,,,,,,Y,,,,,,Y,N1,,,N1,Y,N1,13,N1,,N1,Y,,4,N1,9,,,1,,,,,,,,,,,,,,,,,4,,,,,1,2,,4,,,,,,,,294,,,,,,,,,,,,,,,,,Y,N1,A1300081,17
2026-07-27 00:54:04,data_go_kr,대구광역시,A1300008,곽병원,6,20260727004901,053-605-3333,,,,,,,,,,,,,,,,,,,,,2,,,,,,,,,,,,,,Y,,,,,,Y,N1,,,N1,Y,N1,9,N1,,N1,Y,,4,N1,10,,,2,,,,,,,,,,,,,,,,,4,,,,,1,1,,2,,,,,,,,221,,,,,,,,,,,,,,,,,Y,N1,A1300008,18
2026-07-27 00:54:04,data_go_kr,대구광역시,A1303386,계명대학교대구동산병원,10,20260727004903,053-250-8481,,,,,,,,,,,,,,,,,,,1,,1,,,,,0,,,,,,,N,,Y,,,,Y,,Y,Y,,,Y,Y,N1,38,N,0,N1,Y,,3,N1,12,,1,1,,,,,,,,,,,,7,5,,,,3,,,,0,2,1,1,6,,,6,,0,,,196,,,,,,,,,,,,,,,,,Y,N1,A1303386,19
2026-07-27 00:54:04,data_go_kr,인천광역시,A1400001,의료법인 길의료재단 길병원,7,20260727004835,032-460-3012,Y,Y,2,2,1,1,,0,,8,,,,,2,,,4,,4,,4,,2,2,4,19,1,9,1,11,12,Y,,Y,2,1,6,Y,1,Y,Y,,0,Y,Y,Y,357,Y,,Y,Y,0,3,Y,23,9,,,18,38,11,30,,2,,14,20,6,4,,11,30,6,47,3,2,18,13,3,6,6,7,113,19,40,19,10,6,,1,995,2,3,1,1,,2,,,,,,3,,,2,6,Y,Y,A1400001,1
2026-07-27 00:54:04,data_go_kr,인천광역시,A1400002,인하대학교의과대학부속병원,4,20260727004607,032-890-2301,Y,Y,,,1,1,,,,0,,,,,,,,6,2,0,5,0,0,0,0,0,0,2,,,4,7,Y,Y,Y,,,,Y,,Y,Y,,,Y,Y,Y,159,Y,0,Y,Y,0,15,Y,20,7,2,5,20,25,13,26,3,2,,,,7,,23,3,30,6,,16,,15,7,4,6,3,5,109,17,27,13,9,7,1,2,681,,,1,1,,,,,,,,,,,,,Y,Y,A1400002,2
2026-07-27 00:54:04,data_go_kr,인천광역시,A1400010,검단탑병원,14,20260727004923,032-590-0077,,,,,,,,,,,,,,,,,,,1,,2,,,,,0,,,,,,1,,,Y,,,,Y,,Y,Y,,,Y,Y,N1,45,N1,4,N1,Y,,6,N1,18,,1,2,,,,,,,,,,,,15,3,,,,6,,,2,,2,2,1,11,,,1,,,,,279,,,,,,,,,,,,,,,,,Y,N1,A1400010,3
2026-07-27 00:54:04,data_go_kr,인천광역시,A1403372,인천세종병원,12,20260727005010,032-240-8119,,,,,,,,,,,,,,,,,,,3,,,1,,,,1,2,,,,,3,,,Y,,,,Y,,Y,Y,,,Y,Y,Y,77,Y,9,N1,Y,,7,N1,18,,3,,2,,,,,,,,,,,20,2,3,,,7,,,6,,2,2,3,13,,,4,5,1,,,274,,,,,,,,,,,,,,,,,Y,N1,A1403372,4
2026-07-27 00:54:04,data_go_kr,인천광역시,A1400014,의료법인인성의료재단한림병원,12,20260727005023,032-540-9119,,,,,,,,,,,,,,,,,,,2,,2,,,,,2,,,,,,2,Y,,Y,,,,Y,,Y,Y,,,Y,Y,Y,48,N1,0,N1,Y,,6,N1,17,,2,2,,,,,,,,,,,,21,2,,,,6,,,2,1,3,2,2,20,,,3,3,,,,391,,,,,,,,,,,,,,,,,Y,N1,A1400014,5
2026-07-27 00:54:04,data_go_kr,인천광역시,A1400016,인천사랑병원,7,20260727004749,032-457-2119,,Y,,,,,,,,,,,,,,,4,,1,,2,,,,,1,0,,,,,1,Y,,Y,,,,Y,,Y,Y,,,Y,Y,N1,15,Y,10,Y,Y,,7,N1,14,,1,2,,,,,,,,,,,,17,1,5,,,7,,,1,1,2,1,1,12,,1,2,,1,,,281,,,,,,,,,,,,,,4,,,Y,N1,A1400016,6
2026-07-27 00:54:04,data_go_kr,인천광역시,A1400012,가톨릭대학교 인천성모병원,9,20260727005011,032-280-6107,Y,Y,,,,,,,,-1,,,,,,,,1,3,0,4,5,,,,0,,,,,,3,Y,,Y,7,,,Y,,Y,Y,,,Y,Y,Y,32,Y,,Y,Y,0,17,N1,19,4,3,5,12,15,18,13,,,,15,,,,,10,,,,17,,,9,1,4,4,5,53,5,14,11,5,4,,,579,,,,,,,,,,,,,,,,,Y,Y,A1400012,7
2026-07-27 00:54:04,data_go_kr,인천광역시,A1400013,안은의료재단 부평세림병원,13,20260727005008,032-509-5777,,,,,,,,,,,,,,,,,,,1,,3,2,,,,1,0,,,,,2,,,Y,,,,Y,,Y,Y,,,Y,Y,Y,33,N1,6,N1,Y,,4,N1,16,,1,3,2,,,,,,,,,,,11,2,3,,,4,,,2,,3,2,1,9,,,1,1,,,,234,,,,,,,,,,,,,,,,,Y,N1,A1400013,8
2026-07-27 00:54:04,data_go_kr,인천광역시,A1400015,가톨릭관동대학교국제성모병원,6,20260727005014,032-290-3065,Y,Y,3,0,,,,,,1,,,18,,,,,2,0,,0,,,,,,,,,,3,3,Y,,Y,-3,,,Y,,Y,Y,,,Y,Y,N,225,Y,,Y,Y,,11,N1,23,3,0,0,,40,,,,,,13,,,,,,,,,11,,11,3,2,3,2,3,34,2,11,6,2,1,,,641,5,0,,,,,,,,21,,,,,,,Y,Y,A1400015,9
2026-07-27 00:54:04,data_go_kr,인천광역시,A1400003,의료법인 루가의료재단 나은병원,9,20260727004642,032-584-4119,,Y,,,,,,,,3,,,,,,,7,,1,5,2,,,,,3,,,,,,8,Y,,Y,,,,Y,,Y,Y,,,Y,Y,Y,88,Y,,Y,Y,,10,N1,11,,1,2,,14,13,,,,,,,,,,3,,,,10,,,9,1,2,2,3,17,,1,3,1,1,,,367,,,,,,,,,,,,,,7,,,Y,N1,A1400003,10
2026-07-27 00:54:04,data_go_kr,인천광역시,A1400011,의료법인 나사렛의료재단 나사렛국제병원,10,20260727005018,032-899-9699,,,,,,,,,,,,,,,,,,,1,,2,,,,,0,,,,,,,,,Y,,,,Y,,Y,Y,,,Y,Y,N1,59,N1,1,N1,Y,,5,N1,17,,1,2,,,,,,,,,,,,16,1,,,,5,,,,,2,2,2,8,,,2,,,,,282,,,,,,,,,,,,,,,,,Y,N1,A1400011,11
2026-07-27 00:54:04,data_go_kr,인천광역시,A1403617,비에스종합병원,9,20260727004814,032-290-0119,,Y,,,,,,,,,,,,,,,,,1,,,,,,,0,,,,,,,Y,,Y,,,,Y,,Y,Y,,,Y,Y,N1,97,N1,5,Y,N1,0,2,N1,10,,1,,,,,1,,,,,,,,18,1,,,,2,,,,1,1,,1,6,,1,1,,,,,180,,,,,,,,,,,,,,,,,Y,N1,A1403617,12
2026-07-27 00:54:04,data_go_kr,인천광역시,A1400005,온누리병원,8,20260727004834,032-568-9112,,,,,,,,,,,,,,,,,,,1,,1,,,,,,,,,,,,,,Y,,,,,,Y,N1,,,N1,Y,N1,41,N1,,N1,Y,,3,N1,9,,1,1,,,,,,,,,,,,,,,,,3,,,,,1,1,,5,,,,,,,,190,,,,,,,,,,,,,,,,,Y,N1,A1400005,13
2026-07-27 00:54:04,data_go_kr,인천광역시,A1403871,인천힘찬종합병원,13,20260727004945,032-459-3168,,,,,,,,,,,,,,,,,,,1,,2,,,,,0,,,,,,,,,Y,,,,,,Y,N1,,,N1,Y,N1,57,N1,1,N1,Y,,7,N1,17,,1,2,,,,,,,,,,,,8,1,,,,7,,,,,2,2,,1,,,,,,,,235,,,,,,,,,,,,,,,,,Y,N1,A1403871,14
2026-07-27 00:54:04,data_go_kr,인천광역시,A1400004,현대유비스병원,18,20260727005005,032-890-5582,,,,,,,,,,,,,,,,,,,1,,,,,,,0,,,,,,,,,Y,,,,Y,,Y,Y,,,Y,Y,N1,12,N1,4,N1,Y,,6,N1,18,,1,,,,,,,,,,,,,13,1,,,,6,,,,,2,2,1,8,,,2,,,,,285,,,,,,,,,,,,,,,,,Y,N1,A1400004,15
2026-07-27 00:54:04,data_go_kr,인천광역시,A1400008,(의)성세의료재단 뉴성민병원,9,20260727004853,032-726-1119,,,,,,,,,,,,,,,0,,,,,,1,,,,,2,,,,,,,,,Y,,,,,,Y,N1,,,Y,Y,N1,123,N1,10,N1,Y,,6,Y,9,,,1,,,,,,,,,,,,17,2,,,,6,,,,,2,2,,11,,,2,,,,1,265,,,,,,,,,,,,0,,,,,Y,N1,A1400008,16
2026-07-27 00:54:04,data_go_kr,인천광역시,A1400018,인천적십자병원,6,20260727004717,032-899-4119,,,,,,,,,,,,,,,,,,,1,,1,,,,,,,,,,,,,,Y,,,,,,Y,N1,,,N1,Y,N1,66,N1,3,N1,Y,,3,N1,8,,1,1,,,,,,,,,,,,8,,,,,3,,,,,1,1,,2,,,,,,,,104,,,,,,,,,,,,,,,,,Y,N1,A1400018,17
2026-07-27 00:54:04,data_go_kr,인천광역시,A1400037,인천광역시의료원백령병원,4,20260727005001,032-836-1732,Y,Y,,,,,,,,,,,,,,,,,,,1,,,,,,,,,,,,,,Y,,,,,,Y,N1,,,N1,Y,N1,30,N1,,Y,N1,,1,N1,5,,,1,,,,,,,,,,,,,,,,,1,,,,,1,,,1,1,2,,,,,,30,,,,,,,,,,,,,,,,,Y,Y,A1400037,18
2026-07-27 00:54:04,data_go_kr,인천광역시,A1400009,인천기독병원,6,20260727004850,032-270-8300,,,,,,,,,,,,,,,,,,,,,1,,,,,,,,,,,,,,Y,,,1,,,Y,N1,,,N1,Y,N1,34,N1,10,N1,Y,,4,N1,8,,,1,,,,,,,,,,,,10,,,,,4,,,,,1,1,,1,,,,,,,,139,,,,,,,,,,,,,,,,1,Y,N1,A1400009,19
2026-07-27 00:54:04,data_go_kr,인천광역시,A1400017,인천광역시의료원,15,20260727005002,032-580-6119,,,,,,,,,,,,,,,,,,,2,,,,,,,0,,,,,24,7,,,Y,,,,,,Y,N1,,,N1,Y,N1,29,N1,2,N1,Y,,6,N1,15,,2,,,,,,,,,,,,,13,0,,,,6,,45,7,,1,1,,19,,,,,,,,198,,,,,,,,,,,,,,,,,Y,N1,A1400017,20
2026-07-27 00:54:04,data_go_kr,인천광역시,A1400007,의료법인 성수의료재단 인천백병원,3,20260727005038,032-280-8119,,,,,,,,,,,,,,,,,,,,,1,,,,,,,,,,,,,,Y,,,,,,Y,N1,,,Y,Y,N1,37,N1,1,N1,Y,,4,N1,5,,,1,,,,,,,,,,,,12,,,,,4,,,,,2,2,,6,,,1,,,,,189,,,,,,,,,,,,,,,,,Y,N1,A1400007,21
2026-07-27 00:54:04,data_go_kr,대전광역시,A1600006,학교법인건양교육재단건양대학교병원,20,20260727004915,042-600-9119,Y,Y,,0,,,1,0,4,,0,0,0,0,,0,,4,2,,3,6,,,,4,6,,,,11,1,Y,,Y,,,,Y,,Y,Y,,,Y,Y,Y,284,Y,37,Y,Y,0,20,Y,24,5,2,3,16,,,24,,,,,,,,59,5,28,,,20,,20,1,2,4,4,4,46,17,23,10,3,1,,1,658,,0,,,1,3,4,0,0,0,0,,0,,,,Y,Y,A1600006,1
2026-07-27 00:54:04,data_go_kr,대전광역시,A1600001,충남대학교병원,14,20260727005001,042-280-8129,Y,Y,0,0,,,,,,3,,,,,,,0,0,2,6,3,4,2,,3,6,23,,,,16,9,Y,,Y,,,,Y,,Y,Y,,,Y,Y,Y,224,Y,4,Y,Y,9,21,N1,28,6,2,3,20,16,14,34,5,,,,,10,,12,8,30,,,21,,26,14,5,5,4,5,76,12,36,6,8,2,,,966,0,0,,,,,,,,,,,,0,,,Y,Y,A1600001,2
2026-07-27 00:54:04,data_go_kr,대전광역시,A1600002,학교법인을지학원대전을지대학교병원,17,20260727005000,042-259-1119,Y,Y,,,,,,,,4,,0,0,-10,-5,4,3,,2,5,1,,,,4,1,,,2,2,6,,Y,,Y,,2,6,Y,3,Y,Y,,,Y,Y,Y,81,Y,,Y,Y,16,15,N1,21,,2,1,,20,20,20,,,,,20,5,,,11,,,40,15,2,20,,16,4,2,4,70,12,47,7,3,3,,,331,,,,,,,,,0,0,0,0,30,3,2,6,Y,Y,A1600002,3
2026-07-27 00:54:04,data_go_kr,대전광역시,A1600007,의료법인영훈의료재단유성선병원,12,20260727004942,042-609-1119,,,,,,,,,,,,,,,,,,,2,,1,,,,,1,,,,,,0,Y,,Y,,,,Y,,Y,Y,,,Y,Y,Y,94,N1,1,N1,Y,,-4,Y,17,,2,1,,,,,,,,,,,,19,1,,,,7,,,1,1,3,3,2,17,,,2,1,,,1,368,,,,,,,,,,,,,,,,,Y,N1,A1600007,4
2026-07-27 00:54:04,data_go_kr,대전광역시,A1600005,학교법인가톨릭학원가톨릭대학교대전성모병원,11,20260727005011,042-220-9118,Y,Y,,,,,,,,2,,,,,,,,,3,1,,,,,0,0,,,,,,2,Y,,Y,1,,,Y,,Y,Y,1,0,Y,Y,Y,131,N1,,Y,Y,4,12,N1,19,,3,,,15,3,4,,,3,9,,3,2,,1,,,,12,,,4,1,3,2,4,24,5,7,5,2,,,,537,,,,,,,,,,,,,,,,,Y,Y,A1600005,5
2026-07-27 00:54:04,data_go_kr,대전광역시,A1600008,의료법인영훈의료재단대전선병원,14,20260727004852,042-220-8129,,,,,,,,,,,,,,,,,,,1,,3,,,,,-1,,,,,,0,Y,,Y,,,,Y,,Y,Y,,,Y,Y,N1,67,N1,4,N1,Y,,7,N1,17,,1,3,,,,,,,,,,,,24,1,,,,7,,,1,1,2,2,2,11,,,3,,,,,311,,,,,,,,,,,,,,,,,Y,N1,A1600008,6
2026-07-27 00:54:04,data_go_kr,대전광역시,A1600004,대전보훈병원,7,20260727004613,042-939-0100,,,,,,,,,,,,,,,,,,,1,,0,,,,,1,,,,,,1,,,Y,,,,Y,,Y,Y,,,N1,Y,N1,68,N1,3,N1,Y,,5,N1,7,,1,1,,,,,,,,,,,,10,1,,,,5,,,1,,1,3,1,12,,,,,,,,316,,,,,,,,,,,,,,,,,Y,N1,A1600004,7
2026-07-27 00:54:04,data_go_kr,대전광역시,A1600003,대전한국병원,3,20260727005008,042-606-1119,,Y,,,,,,,,,,,,,,,,,1,,,,,,,,,,,,,,Y,,Y,,,,Y,,Y,Y,,,Y,Y,N1,40,N1,2,Y,Y,,4,N1,9,,1,,,,,,,,,,,,,12,,,,,4,,,,4,2,2,2,6,,1,1,,,,,241,,,,,,,,,,,,,,,,,Y,N1,A1600003,8
2026-07-27 00:54:04,data_go_kr,대전광역시,A1602246,대청병원,9,20260727005009,042-589-0119,,,,,,,,,,,,,,,,,,,,,1,,,,,,,,,,,,,,Y,,,,,,Y,N1,,,Y,Y,N1,99,N1,0,N1,Y,,3,N1,9,,,1,,,,,,,,,,,,17,,,,,3,,,,,2,1,,10,,,1,,,,,245,,,,,,,,,,,,,,,,,Y,N1,A1602246,9
2026-07-27 00:54:04,data_go_kr,울산광역시,A1700004,학교법인울산공업학원울산대학교병원,3,20260727004745,052-250-7000,Y,Y,3,3,,,,0,,7,,,4,,5,,,4,0,11,0,2,,,2,8,15,,1,2,9,0,Y,,Y,,2,5,Y,11,Y,Y,,2,Y,Y,Y,159,Y,3,Y,Y,3,20,N1,21,8,0,0,12,13,16,26,,,,,20,6,2,8,8,36,,42,20,2,20,0,5,7,5,6,83,14,27,17,8,4,,,725,3,3,,,,8,,,,4,,5,,,2,6,Y,Y,A1700004,1
2026-07-27 00:54:04,data_go_kr,울산광역시,A1700028,의료법인정안의료재단중앙병원,14,20260727004810,052-226-1119,,,,,,,,,,,,,,,,,,,1,,2,-1,,,,2,1,,,,,0,,,Y,,,,Y,,Y,Y,,,Y,Y,N1,63,N1,0,N1,Y,,8,N1,17,,1,2,2,,,,,,,,,,,18,2,4,,,8,,,1,,2,2,2,7,,,2,,,,,335,,,,,,,,,,,,,,,,,Y,N1,A1700028,2
2026-07-27 00:54:04,data_go_kr,울산광역시,A1700003,울산병원,19,20260727005004,052-259-5119,,,,,,,,,,,,,,,,,,,1,,2,1,,,,0,2,,,,,,,,Y,,,,Y,,Y,Y,,,Y,Y,Y,56,Y,10,N1,Y,,4,Y,19,,1,2,2,,,,,,,,,,,17,1,3,,,4,,,,,2,2,3,12,,,4,1,2,,2,343,,,,,,,,,,,,,,,,,Y,N1,A1700003,3
2026-07-27 00:54:04,data_go_kr,울산광역시,A1700025,의료법인송은의료재단울산시티병원,12,20260727005005,052-280-9119,,,,,,,,,,,,,,,,,,,1,,2,0,,,,2,2,,,,,,,,Y,,,,Y,,Y,Y,,,Y,Y,N1,40,N1,6,N1,Y,,8,N1,17,,1,2,2,,,,,,,,,,,24,3,3,,,8,,,,,2,2,2,17,,,4,,,,,347,,,,,,,,,,,,,,,,,Y,N1,A1700025,4
2026-07-27 00:54:04,data_go_kr,울산광역시,A1700002,의료법인동강의료재단동강병원,16,20260727005019,052-241-1190,,,,,,,,,,0,,,,,,,,,1,0,2,0,,,1,0,1,,,,,0,,Y,Y,,,,Y,,Y,Y,,,Y,Y,Y,158,N1,,N1,Y,,8,N1,24,,1,2,2,14,9,,,,,,,13,,,1,3,,,8,,,2,,3,2,4,25,,,7,5,,1,,513,,,,,,,,,,,,,,,,,Y,N1,A1700002,5
2026-07-27 00:54:04,data_go_kr,울산광역시,A1700011,의료법인은성의료재단좋은삼정병원,9,20260727004917,052-220-7600,,,,,,,,,,,,,,,,,,,,,1,,,,,0,,,,,,1,,,Y,,,,Y,,Y,Y,,,Y,Y,N1,48,N1,3,N1,Y,,7,N1,9,,,1,,,,,,,,,,,,14,1,,,,8,,,1,,2,2,1,5,,,1,,,,,283,,,,,,,,,,,,,,,,,Y,N1,A1700011,6
2026-07-27 00:54:04,data_go_kr,울산광역시,A1700001,서울산보람병원,10,20260727004856,052-255-7119,,,,,,,,,,,,,,,,,,,,,1,,,,,,,,,,,,,,Y,,,,,,Y,N1,,,N1,Y,N1,96,N1,,N1,Y,,3,N1,10,,,1,,,,,,,,,,,,,,,,,3,,,,,1,1,,1,,,,,,,,213,,,,,,,,,,,,,,,,,Y,N1,A1700001,7
2026-07-27 00:54:04,data_go_kr,세종특별자치시,A1800441,세종충남대학교병원,12,20260727005001,044-995-3010,Y,Y,,,0,0,,,,,,,,,,,,0,1,,2,,,2,,0,,5,,,,3,Y,,Y,,,,Y,,Y,Y,,,Y,Y,Y,90,Y,4,Y,Y,-2,8,N1,17,0,1,2,,,,19,,2,,,,,,11,2,,6,,8,,,4,3,2,2,3,29,7,19,5,3,2,,,299,,,0,0,,,,,,,,,,,,,Y,Y,A1800441,1
2026-07-27 00:54:04,data_go_kr,세종특별자치시,A1800417,의료법인 영제 의료재단 엔케이세종병원,9,20260727004625,044-850-7777,,,,,,,,,,,,,,,,,,,,,1,,,,,,,,,,,,,,Y,,,,,,Y,N1,,,N1,Y,N1,123,N1,,N1,Y,,3,N1,10,,,1,,,,,,,,,,,,,,,,,3,,,,,1,1,,1,,,,,,,,200,,,,,,,,,,,,,,,,,Y,N1,A1800417,2
2026-07-27 00:54:04,data_go_kr,경기도,A2100042,의료법인명지의료재단명지병원,11,20260727005000,031-810-7119,Y,Y,3,2,,3,0,0,1,,0,0,0,0,0,0,,0,0,,0,7,,,,4,9,,,,0,0,Y,Y,Y,,,,Y,,Y,Y,,,Y,Y,Y,131,Y,11,Y,Y,3,6,Y,15,0,0,3,16,,,3,,,,,,,,31,4,28,,,13,,0,0,2,6,3,5,49,4,5,8,5,2,1,2,443,3,2,,3,4,3,2,0,0,0,0,0,0,,,,Y,Y,A2100042,1
2026-07-27 00:54:04,data_go_kr,경기도,A2100033,국민건강보험공단일산병원,12,20260727005003,031-900-0761,Y,Y,,,,,0,,1,2,,0,0,,0,0,,1,2,5,3,0,,,2,2,4,,,,4,0,Y,,Y,,,,Y,,Y,Y,,,Y,Y,Y,147,N1,,Y,Y,5,1,N1,23,5,2,3,19,10,16,25,,,,,,6,,,11,29,,,2,,28,4,2,4,3,3,60,8,28,13,5,,,,659,,,,,1,,1,,0,0,,0,0,,,,Y,Y,A2100033,2
2026-07-27 00:54:04,data_go_kr,경기도,A2100005,순천향대학교부속부천병원,12,20260727004623,032-621-5117,Y,Y,2,1,,,,,,5,,0,,0,0,,,4,0,6,0,6,,,,5,21,,,,,2,Y,Y,Y,,,5,Y,,Y,Y,,,Y,Y,Y,218,Y,10,Y,Y,1,21,Y,17,5,0,0,20,16,15,24,,,,,,,,22,8,34,,,21,,,7,1,4,3,5,71,9,31,17,4,3,1,1,674,2,3,,,,,,,0,,0,0,,,,5,Y,Y,A2100005,3
2026-07-27 00:54:04,data_go_kr,경기도,A2100001,분당서울대학교병원,-2,20260727004800,031-787-3119,Y,Y,,,,,,3,,1,,,5,9,,,,3,2,5,3,2,0,,4,0,12,,,,1,3,Y,,Y,1,,2,Y,,Y,Y,,,Y,Y,Y,269,Y,1,Y,Y,0,39,N1,30,5,2,3,15,13,13,35,6,,,10,,9,,8,1,30,,,39,,15,3,3,11,11,11,128,17,39,16,8,8,,,1247,,,,,,5,,,,5,9,,,,,2,Y,Y,A2100001,4
2026-07-27 00:54:04,data_go_kr,경기도,A2100030,차의과학대학교분당차병원,0,20260727004710,031-780-5840,Y,Y,2,3,1,0,0,0,,0,,,0,,0,,0,5,,6,,0,,0,0,1,10,6,,,11,,Y,,Y,0,,,Y,,Y,Y,,,Y,Y,Y,102,Y,,Y,Y,8,26,N1,22,11,,,14,8,9,35,,2,,7,,6,,,4,43,6,,26,,22,,8,5,3,4,40,26,46,6,2,2,,,726,2,3,1,1,2,2,,,,0,,1,,0,,,Y,Y,A2100030,5
2026-07-27 00:54:04,data_go_kr,경기도,A2100002,아주대학교병원,10,20260727004658,031-219-7777,Y,Y,2,3,1,2,,1,,2,,,,0,0,,0,4,0,4,0,6,,1,5,0,22,0,0,3,4,5,Y,,Y,4,2,6,Y,2,Y,Y,1,6,Y,Y,Y,98,Y,,Y,Y,4,25,N1,30,9,0,0,16,14,10,36,,2,6,13,40,7,11,,3,42,6,60,25,3,20,8,3,8,6,9,126,27,34,32,9,7,,,792,2,6,1,4,,2,,,,,0,0,,0,2,6,Y,Y,A2100002,6
2026-07-27 00:54:04,data_go_kr,경기도,A2100003,고려대학교의과대학부속안산병원,15,20260727004838,031-412-5381,Y,Y,2,3,,,0,,,0,,,,,,,,4,,13,2,6,,,0,0,24,,,,9,5,Y,,Y,,,,Y,,Y,Y,,,Y,Y,Y,114,Y,0,Y,Y,1,20,N1,22,4,,3,18,10,13,25,,,,,,10,,6,3,30,,,20,,16,10,2,3,4,4,66,15,19,8,5,3,,,605,2,3,,,2,,,,,,,,,,,,Y,Y,A2100003,7
2026-07-27 00:54:04,data_go_kr,경기도,A2100004,한림대학교성심병원,13,20260727004757,031-380-1500,Y,Y,0,5,,,0,,,0,,,,,,,,2,2,2,4,0,,,,1,15,,,,12,3,Y,Y,Y,,,,Y,,Y,Y,0,3,Y,Y,Y,137,Y,,Y,Y,5,19,N1,25,3,2,4,19,27,16,9,,,8,,,,18,,3,30,,,19,,20,14,2,4,3,6,102,8,10,20,14,2,1,,610,0,5,,,1,,,,,,,,,,,,Y,Y,A2100004,8
2026-07-27 00:54:04,data_go_kr,경기도,A2100040,가톨릭대학교의정부성모병원,28,20260727005011,031-820-5200,Y,Y,,,,,0,0,,,,,,,,,,11,2,,4,0,,,1,0,14,,8,2,,,Y,,Y,,2,6,Y,1,Y,Y,,,Y,Y,Y,156,Y,0,Y,Y,-1,13,N1,42,11,2,4,18,,,15,,,,,20,6,,26,4,30,,53,13,2,,,3,4,3,4,54,10,28,12,4,3,,,519,,,,,1,1,,,,,,,,,2,6,Y,Y,A2100040,9
2026-07-27 00:54:04,data_go_kr,경기도,A2100047,동국대학교일산불교병원,12,20260727005011,031-961-7777,Y,Y,,,,,,,,5,,,,,,,3,3,1,6,3,,,,,1,,,,,15,0,Y,,Y,,,,Y,,Y,Y,,,Y,Y,Y,180,Y,,Y,Y,9,12,N1,19,3,1,3,,16,13,13,,,,,,,,,4,,,,12,,15,0,8,2,2,2,19,13,25,4,2,1,,,463,,,,,,,,,,,,,,3,,,Y,Y,A2100047,10
2026-07-27 00:54:04,data_go_kr,경기도,A2100038,인제대학교일산백병원,22,20260727004640,031-910-7114,N,N,,,,,,,,0,,,,,,,,,3,0,2,,,,,0,,,,,5,1,Y,,Y,,,,Y,,Y,Y,,0,Y,Y,Y,142,Y,,N,Y,,16,N1,34,,3,3,,25,32,,,,,,,,4,,4,,,,17,,16,2,3,3,3,4,54,18,22,7,3,1,,,545,,,,,,,,,,,,,,,,,Y,N,A2100038,11
2026-07-27 00:54:04,data_go_kr,경기도,A2118788,중앙대학교광명병원,20,20260727005007,02-2222-1351,Y,Y,0,0,,,,,,,,,,,,,,,1,,2,,,,3,3,,,,,,2,Y,,Y,,,,Y,,Y,Y,4,,Y,Y,Y,172,Y,12,Y,Y,1,17,N1,21,,1,2,,,,16,,,5,,,5,,24,6,,,,17,,,2,2,2,2,5,28,6,16,5,4,10,,,576,0,0,,,,,,,,,,,,,,,Y,Y,A2118788,12
2026-07-27 00:54:04,data_go_kr,경기도,A2100007,광명성애병원,7,20260727004958,02-2680-7116,Y,Y,,,,,,,,,,,,,,7,,4,1,,4,,,,,0,,,,,,,Y,,Y,,,,Y,,Y,Y,,,Y,Y,N1,56,N1,9,Y,Y,,5,N1,11,4,1,4,,,,,,,,,,,,13,1,,,,5,,,,2,2,2,1,12,2,5,1,,,,,189,,,,,,,,,,,,,50,,,,Y,Y,A2100007,13
2026-07-27 00:54:04,data_go_kr,경기도,A2100155,참조은병원,1,20260727005011,031-881-9119,,,,,,,,,,,,,,0,0,,6,1,1,,3,,,,,3,,,,,,1,,,Y,,,,Y,,Y,Y,,,Y,Y,N1,35,Y,-2,N1,Y,,7,N1,9,1,1,3,,,,,,,,,,,,22,3,,,,7,,,2,,3,3,2,18,,,3,,2,,,286,,,,,,,,,,,0,0,,6,,,Y,N1,A2100155,14
2026-07-27 00:54:04,data_go_kr,경기도,A2100039,한양대학교구리병원,8,20260727004801,1644-9118,Y,Y,,,,,,,,0,,,,,,,,,1,2,3,,,,,,,,,,,4,Y,,Y,,,,Y,,Y,Y,,,Y,Y,Y,153,Y,,Y,Y,1,9,N1,18,,1,4,,17,14,10,,,,,,,,,,,,,9,,,5,1,3,2,3,21,6,14,4,2,2,,,488,,,,,,,,,,,,,,,,,Y,Y,A2100039,15
2026-07-27 00:54:04,data_go_kr,경기도,A2100054,효산의료재단지샘병원,15,20260727004545,031-389-3119,,,,,,,,,,,,,,,,,1,,2,,1,,,,,1,,,,,,1,,,Y,,,,Y,,Y,Y,,,Y,Y,N1,72,N1,3,N1,Y,,5,N1,18,,2,1,,,,,,,,,,,,18,1,,,,5,,,2,,2,1,3,11,,,2,,,,,367,,,,,,,,,,,,,,1,,,Y,N1,A2100054,16
2026-07-27 00:54:04,data_go_kr,경기도,A2100048,원광대학교산본병원,17,20260727004611,031-390-2345,,,,,,,,,,,,,,,,,,,1,,2,,,,,,,,,,,,Y,,Y,,,,Y,,Y,Y,,,Y,Y,N1,77,N1,6,N1,Y,,5,N1,17,,1,2,,,,,,,,,,,,12,,,,,5,,,,1,1,1,1,1,,,2,,,,,188,,,,,,,,,,,,,,,,,Y,N1,A2100048,17
2026-07-27 00:54:04,data_go_kr,경기도,A2100053,의료법인우리의료재단김포우리병원,11,20260727005011,031-999-1119,,,,,,,,,,,,,,0,0,0,,,1,,6,,,,,0,,,,,,3,,,Y,,,,Y,,Y,Y,,,Y,Y,Y,50,Y,0,N1,Y,,7,N1,22,,1,6,,,,,,,,,,,,36,1,,,,7,,,11,,2,2,2,48,,,4,1,2,,,477,,,,,,,,,,,0,0,0,,,,Y,N1,A2100053,18
2026-07-27 00:54:04,data_go_kr,경기도,A2100006,의료법인인봉의료재단뉴고려병원,12,20260727004731,031-980-9119,,,,,,,,,,,,,,,,,3,,1,,2,,,,,7,,,,,,,,,Y,,,,Y,,Y,Y,,,Y,Y,N1,83,N1,2,N1,Y,,6,N1,14,,1,2,,,,,,,,,,,,24,10,,,,6,,,,,2,2,2,7,,,1,,,,,278,,,,,,,,,,,,,,3,,,Y,N1,A2100006,19
2026-07-27 00:54:04,data_go_kr,경기도,A2100041,남양주한양병원,17,20260727005015,031-510-0119,,,,,,,,,,,,,,,,,,,1,,2,,,,,10,,,,,,,,,Y,,,,Y,,Y,Y,,,Y,Y,N1,82,N1,4,N1,Y,,,Y,17,,1,2,,,,,,,,,,,,17,23,,,,,,,,,2,2,1,33,,,2,,,,1,244,,,,,,,,,,,,,,,,,Y,N1,A2100041,20
2026-07-27 00:54:04,data_go_kr,경기도,A2100037,현대병원,16,20260727004756,031-574-0114,,,,,,,,,,,,,,,,,,,3,,,,,,,1,,,,,,,,,Y,,,,Y,,Y,Y,,,Y,Y,N1,61,Y,0,N1,Y,,7,N1,17,,3,,,,,,,,,,,,,19,20,,,,7,,,,,2,2,2,50,,,17,,2,,,342,,,,,,,,,,,,,,,,,Y,N1,A2100037,21
2026-07-27 00:54:04,data_go_kr,경기도,A2100055,부천세종병원,13,20260727005010,032-340-1119,Y,Y,,,,,,,,,,,,,,,,,1,,2,0,,,,0,1,,,,,0,Y,,Y,,,,Y,,Y,Y,,,Y,Y,Y,79,Y,1,Y,Y,,6,N1,17,,1,2,2,,,,,,,,,,,20,2,3,,,6,,,6,1,2,1,5,18,1,1,5,4,1,,,268,,,,,,,,,,,,,,,,,Y,Y,A2100055,22
2026-07-27 00:54:04,data_go_kr,경기도,A2100052,가톨릭대학교부천성모병원,17,20260727005011,032-340-2100,Y,Y,,,,,,,,0,,,,,,,3,,2,0,1,,,,,0,,,,,,2,Y,,Y,0,,,Y,,Y,Y,,,Y,Y,Y,173,Y,,Y,Y,9,14,N1,31,,2,1,,16,12,10,,,,18,,,,,4,,,,14,,,4,3,3,3,3,28,4,14,11,1,2,,,562,,,,,,,,,,,,,,3,,,Y,Y,A2100052,23
2026-07-27 00:54:04,data_go_kr,경기도,A2100025,대진의료재단분당제생병원,10,20260727005000,031-779-0119,Y,Y,,,,,,,,1,,,7,,,,,1,1,5,2,,,,,2,,,,,,0,Y,Y,Y,,,,Y,,Y,Y,,,Y,Y,Y,132,Y,,Y,Y,1,9,N1,24,3,1,2,,11,14,3,,,,,,,,,4,,,,9,,,2,2,4,3,3,22,1,5,5,2,3,1,,484,,,,,,,,,,7,,,,,,,Y,Y,A2100025,24
2026-07-27 00:54:04,data_go_kr,경기도,A2116806,성남시의료원,14,20260727005000,031-738-7300,,,,,,,,,,,,,,,,,,6,2,18,4,,,,,3,,,,,,28,,,Y,,,,Y,,Y,Y,,,Y,Y,Y,96,Y,,N1,Y,,8,Y,17,6,2,4,,,25,,,,,,,,,,5,,,,8,,,28,,3,2,2,31,,,6,3,1,,2,241,,,,,,,,,,,,,,,,,Y,N1,A2116806,25
2026-07-27 00:54:04,data_go_kr,경기도,A2117135,의료법인명인의료재단화홍병원,10,20260727004827,031-8021-6829,Y,,,,,,,,,,,,,,,,,,2,,3,,,,,0,,,,,,,,,Y,,,,,,Y,N1,,,N1,Y,Y,44,N1,11,N1,Y,,6,Y,15,,2,3,,,,,,,,,,,,29,1,,,,6,,,,,2,2,,4,1,,,1,,,1,228,,,,,,,,,,,,,,,,,Y,Y,A2117135,26
2026-07-27 00:54:04,data_go_kr,경기도,A2100009,의료법인녹산의료재단동수원병원,15,20260727004945,031-210-0119,,Y,,,,,,,,,,,,,,,,,1,,1,0,,,,0,2,,,,,0,Y,,Y,,,,Y,,Y,Y,,,Y,Y,N1,50,N1,7,Y,Y,,5,N1,17,,1,2,2,,,,,,,,,,,18,3,4,,,5,,,1,1,2,2,1,15,,4,1,,,,,335,,,,,,,,,,,,,,,,,Y,N1,A2100009,27
2026-07-27 00:54:04,data_go_kr,경기도,A2100012,가톨릭대학교성빈센트병원,12,20260727005010,031-249-7370,Y,Y,,,1,1,,,,2,,,,,,,,4,2,8,2,3,,2,8,2,,6,,,9,3,Y,,Y,9,,,Y,,Y,Y,,2,Y,Y,Y,194,Y,,Y,Y,2,19,N1,28,6,2,2,4,20,11,18,,2,,15,,8,8,,5,,6,,19,,30,11,2,5,4,6,52,7,18,12,4,4,,,658,,,1,1,,,,,,,,,,,,,Y,Y,A2100012,28
2026-07-27 00:54:04,data_go_kr,경기도,A2100008,의료법인남촌의료재단시화병원,10,20260727004717,031-5189-0567,,,,,,,,,,,,,,,,,,5,1,,4,,,,,1,,,,,,1,Y,,Y,,,,Y,,Y,Y,,,Y,Y,Y,66,N1,18,N1,Y,,7,N1,16,5,1,5,,,,,,,,,,,,52,1,,,,7,,,1,1,3,3,2,29,,,4,2,,,,461,,,,,,,,,,,,,,,,,Y,N1,A2100008,29
2026-07-27 00:54:04,data_go_kr,경기도,A2100017,대아의료재단한도병원,14,20260727004839,031-8040-1129,,,,,,,,,,,,,,,,,,,1,,2,,,,,1,,,,,,,,,Y,,,,Y,,Y,Y,,,Y,Y,N1,83,N1,9,N1,Y,,6,N1,17,,1,2,,,,,,,,,,,,29,1,,,,6,,,,,3,2,2,15,,,3,,,,,327,,,,,,,,,,,,,,,,,Y,N1,A2100017,30
2026-07-27 00:54:04,data_go_kr,경기도,A2100015,효산의료재단안양샘병원,12,20260727004914,031-467-9119,,,,,,,,,,-1,,,,,,,,,1,0,2,,,,,1,,,,,,,,,Y,,,,Y,,Y,Y,,,Y,Y,Y,58,N1,,N1,Y,,6,N1,17,,1,2,,9,9,,,,,,,,,,1,,,,6,,,,,2,1,2,12,,,2,1,,,,307,,,,,,,,,,,,,,,,,Y,N1,A2100015,31
2026-07-27 00:54:04,data_go_kr,경기도,A2100024,오산한국병원,12,20260727004813,031-378-5119,,,,,,,,,,,,,,,,,,,1,,2,0,,,,1,2,,,,,2,,,Y,,,,Y,,Y,Y,,,Y,Y,N1,38,Y,-2,N1,Y,,5,N1,17,,1,2,2,,,,,,,,,,,32,1,3,,,5,,,2,,2,2,2,17,,,2,,1,,,259,,,,,,,,,,,,,,,,,Y,N1,A2100024,32
2026-07-27 00:54:04,data_go_kr,경기도,A2100020,연세대학교의과대학용인세브란스병원,10,20260727004657,031-5189-9001,Y,Y,,,,,,,,4,,,,,,,,6,1,5,2,,,,,1,,,,,,2,Y,,Y,,,,Y,,Y,Y,,,Y,Y,Y,133,Y,,Y,Y,0,15,N1,16,6,1,3,,19,16,12,,,,,,,,,2,,,,15,,,4,2,3,3,4,31,6,18,6,3,4,,,597,,,,,,,,,,,,,,,,,Y,Y,A2100020,33
2026-07-27 00:54:04,data_go_kr,경기도,A2100029,강남병원,17,20260727004806,031-300-0119,,,,,,,,,,,,,,,,,,,1,,2,2,,,,1,1,,,,,,,,Y,,,,,,Y,N1,,,Y,Y,N1,10,N1,14,N1,Y,,4,N1,17,,1,2,2,,,,,,,,,,,30,1,3,,,4,,,,,2,2,,7,,,2,,,,,264,,,,,,,,,,,,,,,,,Y,N1,A2100029,34
2026-07-27 00:54:04,data_go_kr,경기도,A2100019,(의)영문의료재단다보스병원,9,20260727004949,031-8021-2130,,,,,,,,,,,,,,,,,4,,1,,2,1,,,,1,1,,,,,,,,Y,,,,,,Y,N1,,,Y,Y,N1,33,N1,2,N1,Y,,6,N1,13,,1,2,2,,,,,,,,,,,23,1,3,,,6,,,,,1,1,,7,,,2,,,,,222,,,,,,,,,,,,,,4,,,Y,N1,A2100019,35
2026-07-27 00:54:04,data_go_kr,경기도,A2117994,학교법인을지학원의정부을지대학교병원,23,20260727004600,031-8074-0119,Y,Y,,,,,,,,1,,,,,,,7,6,1,2,2,,,,,2,,,,,3,2,Y,,Y,,0,0,Y,,Y,Y,,,Y,Y,Y,204,Y,,Y,Y,3,12,N1,30,6,1,2,,29,22,5,,,,,,,,,2,,,,14,,22,6,8,3,3,4,48,5,5,6,3,2,,,588,,,,,,,,,,,,,,8,0,0,Y,Y,A2117994,36
2026-07-27 00:54:04,data_go_kr,경기도,A2100193,경기도의료원이천병원,17,20260727005002,031-630-4333,,,,,,,,,,,,,,,,,,,1,,2,2,,,,2,0,,,,,6,,,Y,,,,,,Y,N1,,,N1,Y,N1,38,N1,0,N1,Y,,4,N1,17,,1,2,2,,,,,,,,,,,6,2,3,,,4,,,6,,1,1,,8,,,,,,,,187,,,,,,,,,,,,,,,,,Y,N1,A2100193,37
2026-07-27 00:54:04,data_go_kr,경기도,A2100035,경기도의료원파주병원,15,20260727004801,031-940-9119,,,,,,,,,,,,,,,,,,,1,,2,1,,,,,1,,,,,,Y,,Y,,,,,,Y,N1,,,N1,Y,N1,84,N1,5,N1,Y,,3,N1,17,,1,2,2,,,,,,,,,,,8,,3,,,3,,,,1,1,1,,9,,,,,,,,189,,,,,,,,,,,,,,,,,Y,N1,A2100035,38
2026-07-27 00:54:04,data_go_kr,경기도,A2100028,의료법인백송의료재단굿모닝병원,8,20260727005023,031-5182-7582,,,,,,,,,,,,,,,,,6,,2,,1,,,,,0,,,,,,,,,Y,,,,Y,,Y,Y,,,Y,Y,Y,94,N1,0,N1,Y,,7,Y,19,,2,1,,,,,,,,,,,,27,3,,,,7,,,,,5,3,3,23,,,5,3,,,1,392,,,,,,,,,,,,,,6,,,Y,N1,A2100028,39
2026-07-27 00:54:04,data_go_kr,경기도,A2113246,의료법인양진의료재단평택성모병원,15,20260727005021,070-5012-0119,,,,,,,,,,,,,,,,0,,,1,,2,1,,,,2,2,,,,,,,,Y,,,,Y,,Y,Y,,,Y,Y,N1,50,N1,14,N1,Y,,6,N1,17,,1,2,2,,,,,,,,,,,34,2,3,,,6,,,,,3,3,2,8,,,2,,,,,329,,,,,,,,,,,,,0,,,,Y,N1,A2113246,40
2026-07-27 00:54:04,data_go_kr,경기도,A2100031,경기도의료원포천병원,16,20260727005002,031-539-9119,,Y,,,,,,,,,,,,,,,,,1,,2,,,,,0,,,,,,0,Y,,Y,,,,,,Y,N1,,,N1,Y,N1,50,N1,2,Y,Y,,4,N1,17,,1,2,,,,,,,,,,,,10,0,,,,4,,,3,3,1,1,,7,,2,,,,,,137,,,,,,,,,,,,,,,,,Y,N1,A2100031,41
2026-07-27 00:54:04,data_go_kr,경기도,A2100046,한림대학교동탄성심병원,22,20260727004930,031-8086-2119,Y,Y,3,0,,,,,,11,,,,,,,,9,,2,,,,,1,6,,,,,,6,Y,Y,Y,,,,Y,,Y,Y,5,,Y,Y,Y,167,Y,,Y,Y,12,20,Y,32,9,,,,28,13,13,,,13,,,9,,,11,,,,20,,,11,1,6,3,6,51,8,16,17,5,5,1,1,515,3,0,,,,,,,,,,,,,,,Y,Y,A2100046,42
2026-07-27 00:54:04,data_go_kr,경기도,A2100290,의료법인자인의료재단(더자인병원),15,20260727005028,031-930-3119,,,,,,,,,,,,,,,,,,,2,,2,2,,,,1,1,,,,,,,,Y,,,,Y,,Y,Y,,,Y,Y,N1,81,N1,4,N1,N,,5,N1,16,,2,2,2,,,,,,,,,,,10,2,3,,,5,,,,,2,2,1,15,,,1,,,,,233,,,,,,,,,,,,,,,,,Y,N1,A2100290,43
2026-07-27 00:54:04,data_go_kr,경기도,A2100049,국립암센터,14,20260727004800,031-920-0119,,N,,,,,,,,,,,,,,,,,,,1,,,,,8,,,,,,,,,Y,,,,Y,,Y,Y,,,Y,Y,Y,108,Y,13,N,Y,,18,N1,24,,,1,,,,,,,,,,,,19,9,,,,18,,,,,7,5,3,29,,1,8,2,7,,,554,,,,,,,,,,,,,,,,,Y,N1,A2100049,44
2026-07-27 00:54:04,data_go_kr,경기도,A2116972,의료법인성광의료재단일산차병원,6,20260727004613,031-782-8587,Y,Y,,,,,,,,,,,,,,,,,,,4,,,,,1,,,,,,1,Y,,,,,,,,Y,N1,,,N1,N1,N1,63,N1,4,Y,N1,0,9,N1,6,,,4,,,,17,,,,,,,,4,1,,,,10,,,1,9,,,,4,11,19,,,,,,179,,,,,,,,,,,,,,,,,Y,Y,A2116972,45
2026-07-27 00:54:04,data_go_kr,경기도,A2118188,엘병원,7,20260727005004,031-527-6119,,,,,,,,,,,,,,,,,,,,,1,,,,,0,,,,,,0,,,Y,,,,,,Y,N1,,,N1,Y,N1,57,N1,6,N1,Y,,3,N1,8,,,2,,,,,,,,,,,,8,1,,,,3,,,1,,1,1,,2,,,,,,,,146,,,,,,,,,,,,,,,,,Y,N1,A2118188,46
2026-07-27 00:54:04,data_go_kr,경기도,A2100050,의료법인대인의료재단다니엘종합병원,5,20260727005002,032-670-0119,,,,,,,,,,,,,,,,,,,1,,3,,,,,1,,,,,,,,,Y,,,,,,Y,N1,,,N,Y,N1,32,N1,9,N1,Y,,3,N1,6,,1,3,,,,,,,,,,,,30,1,,,,3,,,,,1,1,,17,,,1,,,,,169,,,,,,,,,,,,,,,,,Y,N1,A2100050,47
2026-07-27 00:54:04,data_go_kr,경기도,A2100258,국군수도병원,15,20260727005013,031-725-6119,,,,,,,,,,,,,,2,6,,,,0,,,,,,,1,,,15,,2,,,,Y,,,,Y,15,Y,Y,,,Y,Y,Y,144,N1,9,N1,Y,,9,N1,16,,2,,,,,,,,,,20,,,12,1,,,40,9,,15,,,3,4,2,2,,,5,2,,,,530,,,,,,,,,,,2,6,,,,,Y,N1,A2100258,48
2026-07-27 00:54:04,data_go_kr,경기도,A2100016,순천의료재단성남정병원,8,20260727004959,031-750-6003,,,,,,,,,,,,0,,,26,,,,2,,,,,,,,,,,,,,,,Y,,,,,,Y,N1,,,N1,Y,N1,76,N1,,N1,Y,,4,N1,9,,2,,,,,,,,,,,,,,,,,,4,,,,,1,1,,1,,,,,,,,98,,,,,,,,,0,,,105,,,,,Y,N1,A2100016,49
2026-07-27 00:54:04,data_go_kr,경기도,A2121061,의료법인덕산의료재단수원덕산병원,19,20260727005004,031-686-2911,N,Y,,,,,,,,,,,,,,,,3,1,,2,2,,,,0,2,,,,,0,Y,,Y,,,,Y,,Y,Y,,,Y,Y,Y,94,N1,3,Y,Y,,9,N1,24,3,1,2,2,,,,,,,,,,,22,3,4,,,9,,,5,5,3,2,2,15,N,2,5,2,,,,403,,,,,,,,,,,,,,,,,Y,N,A2121061,50
2026-07-27 00:54:04,data_go_kr,경기도,A2100032,경기도의료원수원병원,5,20260727005001,031-888-0119,,,,,,,,,,,,,,,,,3,,,,2,,,,,,,,,,,2,,,Y,,,,,,Y,N1,,,N1,Y,N1,41,N1,7,N1,Y,,3,N1,8,,,2,,,,,,,,,,,,9,,,,,3,,,2,,1,1,,9,,,,,,,,156,,,,,,,,,,,,,,3,,,Y,N1,A2100032,51
2026-07-27 00:54:04,data_go_kr,경기도,A2100175,의료법인토마스의료재단윌스기념병원,16,20260727004924,031-240-6119,,,,,,,,,,,,,,,,,,,1,,2,2,,,,0,3,,,,,,Y,,Y,,,,Y,,Y,Y,,,Y,Y,N1,70,N1,7,N1,Y,,10,N1,18,,1,2,2,,,,,,,,,,,18,1,3,,,10,,,,1,1,4,1,1,,,1,,,,,282,,,,,,,,,,,,,,,,,Y,N1,A2100175,52
2026-07-27 00:54:04,data_go_kr,경기도,A2100027,의료법인석경의료재단센트럴병원,18,20260727004846,031-8041-3019,,,,,,,,,,,,,,,,,,,1,,2,,,,,,,,,,,,,,Y,,,,,,Y,N1,,,Y,Y,N1,98,N1,2,N1,Y,,3,N1,18,,1,2,,,,,,,,,,,,20,,,,,3,,,,,2,2,,7,,,2,,,,,255,,,,,,,,,,,,,,,,,Y,N1,A2100027,53
2026-07-27 00:54:04,data_go_kr,경기도,A2100013,의료법인 록향의료재단 신천연합병원,7,20260727005008,031-310-6661,,,,,,,,,,,,,,,,,,,,,1,,,,,0,,,,,,,,,Y,,,,,,Y,N1,,,Y,Y,N1,20,N1,0,N1,Y,,3,N1,10,,,1,,,,,,,,,,,,6,1,,,,3,,,,,1,1,,4,,,1,,,,,112,,,,,,,,,,,,,,,,,Y,N1,A2100013,54
2026-07-27 00:54:04,data_go_kr,경기도,A2100021,의료법인플러스의료재단단원병원,15,20260727004927,031-8040-5911,,,,,,,,,,,,,1,,,,,,1,,2,,,,,1,,,,,,,,,Y,,,,Y,,Y,Y,,,Y,Y,Y,70,N1,5,N1,Y,,5,N1,17,,1,2,,,,,,,,,,,,27,1,,,,5,,,,,1,1,2,8,,,2,1,,,,342,,,,,,,,,,1,,,,,,,Y,N1,A2100021,55
2026-07-27 00:54:04,data_go_kr,경기도,A2100014,근로복지공단안산병원,7,20260727004800,031-500-1119,,,,,,,,,,,,,,,,,,,,,1,,,,,1,,,,,,0,,,Y,,,,,,Y,N1,,,N1,Y,N1,87,N1,11,N1,Y,,3,N1,7,,,1,,,,,,,,,,,,18,1,,,,3,,,2,,1,1,,14,,,,,,,,359,,,,,,,,,,,,,,,,,Y,N1,A2100014,56
2026-07-27 00:54:04,data_go_kr,경기도,A2100124,의료법인칠석의료재단사랑의병원,8,20260727004310,031-502-0119,,,,,,,,,,,,,,,,,,,1,,,,,,,,,,,,,,,,Y,,,,,,Y,N1,,,Y,Y,N1,35,N1,5,N1,Y,,5,N1,13,,1,,,,,,,,,,,,,14,,,,,5,,,,,2,2,,8,,,1,,,,,206,,,,,,,,,,,,,,,,,Y,N1,A2100124,57
2026-07-27 00:54:04,data_go_kr,경기도,A2100045,경기도의료원안성병원,7,20260727005001,031-8046-5119,,,,,,,,,,,,,,,,,,,1,,,,,,,1,,,,,,8,,,Y,,,,,,Y,N1,,,N1,Y,N1,57,N1,3,N1,Y,,5,N1,14,,1,,,,,,,,,,,,,13,2,,,,5,,,8,,1,1,,8,,,,,,,,178,,,,,,,,,,,,,,,,,Y,N1,A2100045,58
2026-07-27 00:54:04,data_go_kr,경기도,A2100305,안성성모병원,8,20260727004930,031-675-8275,,,,,,,,,,,,,,,,,,,,,1,,,,,,,,,,,,,,Y,,,,,,Y,N1,,,N1,Y,N1,86,N1,2,N1,Y,,3,N1,9,,,1,,,,,,,,,,,,20,,,,,3,,,,,1,1,,7,,,,,,,,188,,,,,,,,,,,,,,,,,Y,N1,A2100305,59
2026-07-27 00:54:04,data_go_kr,경기도,A2100089,양평병원,6,20260727005001,031-770-5119,N,N,,,,,,,,,,,,,,,,,,,1,,,,,,,,,,,,N,N,Y,,,,N,,Y,N,,,N,Y,N,22,N,,N,Y,,3,N,9,,,1,,,,,,,,,,,,,,,,,3,,,,0,1,1,0,1,0,0,0,0,0,0,0,90,,,,,,,,,,,,,,,,,Y,N,A2100089,60
2026-07-27 00:54:04,data_go_kr,경기도,A2100194,세종여주병원,3,20260727005002,031-880-7754,,,,3,,,,,,,,,,,,,3,,,,4,,,,,,,,,,,,,,Y,,,,,,Y,N1,,,Y,Y,N1,117,N1,,N1,Y,,2,N1,6,,,4,,,,,,,,,,,,,,,,,2,,,,,1,1,,4,,,2,,,,,210,,3,,,,,,,,,,,,3,,,Y,N1,A2100194,61
2026-07-27 00:54:04,data_go_kr,경기도,E2100187,연천군보건의료원,10,20260727005013,031-839-4119,,,,,,,,,,,,,,,,,,,,,,,,,,,,,,,,,,,Y,,,,,,Y,N1,,,N1,Y,N1,51,N1,,N1,N1,,2,N1,10,,,,,,,,,,,,,,,,,,,,2,,,,,1,,,1,,,,,,,,52,,,,,,,,,,,,,,,,,Y,N1,E2100187,62
2026-07-27 00:54:04,data_go_kr,경기도,A2100122,(의)효심의료재단용인서울병원,8,20260727004917,031-336-0119,,,,,,,,,,,,,,,,,,,,,,,,,,,,,,,,,,,Y,,,,,,Y,N1,,,N1,Y,N1,150,N1,,N1,Y,,3,N1,10,,,,,,,,,,,,,,,,,,,,3,,,,,1,1,,1,,,,,,,,201,,,,,,,,,,,,,,,,,Y,N1,A2100122,63
2026-07-27 00:54:04,data_go_kr,경기도,A2121142,메디필드한강병원,15,20260727004604,031-332-1119,,,,,,,,,,,,,,,,,,,1,,2,,,,,1,,,,,,1,,,Y,,,,Y,,Y,Y,,,Y,Y,N1,155,N1,8,N1,Y,,6,N1,17,,1,2,,,,,,,,,,,,15,1,,,,6,,,1,,3,2,1,13,,,2,,,,,192,,,,,,,,,,,,,,,,,Y,N1,A2121142,64
2026-07-27 00:54:04,data_go_kr,경기도,A2100034,의료법인영동의료재단의정부백병원,6,20260727004942,031-842-1211,,,,,,,,,,,,,,,,,,,,,2,,,,,,,,,,,,,,Y,,,,,,Y,N1,,,N1,Y,N1,101,N1,0,N1,Y,,3,N1,10,,,2,,,,,,,,,,,,9,,,,,3,,,,,1,1,,1,,,,,,,,192,,,,,,,,,,,,,,,,,Y,N1,A2100034,65
2026-07-27 00:54:04,data_go_kr,경기도,A2100150,추병원,10,20260727004549,031-845-8313,,,,,,,,,,,,,,,,,,,1,,1,,,,,,,,,,,,,,Y,,,,Y,,Y,Y,,,N1,Y,N1,52,N1,2,N1,N,,3,N1,12,,1,1,,,,,,,,,,,,15,,,,,3,,,,,2,1,1,1,,,,,,,,210,,,,,,,,,,,,,,,,,Y,N1,A2100150,66
2026-07-27 00:54:04,data_go_kr,경기도,A2100043,경기도의료원의정부병원,10,20260727005001,031-828-5119,,,,,,,,,,,,,,,,0,,,1,,,,,,,,,,,,31,3,,,Y,,,,,,Y,N1,,,N1,Y,N1,34,N1,3,N1,Y,,3,N1,10,,1,,,,,,,,,,,,,6,,,,,3,,70,5,,1,1,,8,,,,,,,,86,,,,,,,,,,,,,0,,,,Y,N1,A2100043,67
2026-07-27 00:54:04,data_go_kr,경기도,A2100131,메디인병원,8,20260727005032,031-570-7912,,,,,,,,,,,,,,,,,,,,,2,,,,,,,,,,,,,,Y,,,,Y,,Y,Y,,,N1,Y,N1,63,N1,,N1,Y,,4,N1,12,,,2,,,,,,,,,,,,,,,,,4,,,,,1,1,1,2,,,,,,,,206,,,,,,,,,,,,,,,,,Y,N1,A2100131,68
2026-07-27 00:54:04,data_go_kr,경기도,A2100309,의료법인갈렌의료재단박병원,9,20260727005007,031-662-4119,,,,,,,,,,,,,,,,,,,,,1,,,,,,,,,,,,,,Y,,,,,,Y,N1,,,N1,Y,N1,31,N1,2,N1,Y,,2,N1,10,,,1,,,,,,,,,,,,10,,,,,2,,,,,1,2,,3,,,,,,,,143,,,,,,,,,,,,,,,,,Y,N1,A2100309,69
2026-07-27 00:54:04,data_go_kr,경기도,A2100022,의료법인박애의료재단박애병원,10,20260727004700,031-650-9219,,,,,,,,,,,,,,,,,,,,,1,,,,,,,,,,,,,,Y,,,,,,Y,N1,,,Y,Y,N1,110,N1,5,N1,Y,,5,N1,10,,,1,,,,,,,,,,,,10,,,,,5,,,,,2,1,,20,,,2,,,,,193,,,,,,,,,,,,,,,,,Y,N1,A2100022,70
2026-07-27 00:54:04,data_go_kr,경기도,A2100036,의료법인 일심의료재단 포천우리병원,18,20260727004650,031-541-8282,,,,,,,,,,,,,,,,,,,1,,3,,,,,2,,,,,,2,,,Y,,,,Y,,Y,Y,,,Y,Y,N1,62,N1,5,N1,Y,,5,N1,18,,1,3,,,,,,,,,,,,18,2,,,,5,,,2,,2,2,1,14,,,3,,,,,201,,,,,,,,,,,,,,,,,Y,N1,A2100036,71
2026-07-27 00:54:04,data_go_kr,경기도,A2100018,의료법인은혜와감사의료재단화성중앙종합병원,8,20260727004804,031-371-7998,,,,,,,,,,,,,,,,,,,,,1,,,,,,,,,,,,,,Y,,,,,,Y,N1,,,N1,Y,N1,77,N1,4,N1,Y,,3,N1,9,,,1,,,,,,,,,,,,8,,,,,3,,,,,1,1,,3,,,,,,,,131,,,,,,,,,,,,,,,,,Y,N1,A2100018,72
2026-07-27 00:54:04,data_go_kr,경기도,A2115699,의료법인원광의료재단원광종합병원,7,20260727004659,031-8077-7219,,,,,,,,,,,,,,,,,,,1,,,,,,,,,,,,,,,,Y,,,,,,Y,N1,,,N1,Y,N1,22,N1,-2,N1,Y,,4,N1,9,,1,,,,,,,,,,,,,9,,,,,4,,,,,1,2,,4,,,,,,,,135,,,,,,,,,,,,,,,,,Y,N1,A2115699,73
2026-07-27 00:54:04,data_go_kr,강원특별자치도,A2200008,강릉아산병원,10,20260727004915,033-610-3333,Y,Y,,,,,0,2,,0,,,,,,,,3,2,2,3,0,,,,,7,,,,,,Y,,Y,,,,Y,,Y,Y,,,Y,Y,Y,83,Y,,Y,Y,6,15,Y,23,3,2,3,18,14,16,13,,,,,,,,,,38,,,15,,,,2,4,3,4,33,8,12,8,5,1,,2,604,,,,,1,6,,,,,,,,,,,Y,Y,A2200008,1
2026-07-27 00:54:04,data_go_kr,강원특별자치도,A2200001,연세대학교원주세브란스기독병원,19,20260727004502,033-741-1641,Y,Y,3,20,,,0,,,2,,,,,,,,3,2,7,3,1,,,,,13,,9,2,5,,Y,,Y,3,2,6,Y,5,Y,Y,,,Y,Y,Y,135,Y,,Y,Y,7,15,Y,29,3,2,3,20,15,12,19,,,,15,20,,,,,30,,40,15,2,24,,2,5,4,7,100,12,25,16,7,13,,4,584,4,36,,,2,,,,,,,,,,2,6,Y,Y,A2200001,2
2026-07-27 00:54:04,data_go_kr,강원특별자치도,A2200013,한림대학교춘천성심병원,17,20260727004719,033-240-5219,Y,Y,2,3,,,,0,,,,,,,,,,3,,,,2,,,,0,24,,,,,1,Y,Y,Y,,,,Y,,Y,Y,2,,Y,Y,Y,87,Y,6,Y,Y,,9,Y,22,3,,,20,,,,,,8,,,,,20,2,45,,,9,,,2,1,2,2,3,33,1,4,6,2,1,1,1,252,2,3,,,,2,,,,,,,,,,,Y,Y,A2200013,3
2026-07-27 00:54:04,data_go_kr,강원특별자치도,A2200005,의료법인강릉동인병원,17,20260727005008,,,,,,,,,,,1,,,,,,,,,1,,2,,,,,2,,,,,9,,,,Y,,,,Y,,Y,Y,,,Y,Y,N1,69,N1,1,N1,Y,,5,N1,17,,1,2,,12,,,,,,,,,,12,2,,,,5,,101,,,2,1,1,14,,,1,,,,,248,,,,,,,,,,,,,,,,,Y,N1,A2200005,4
2026-07-27 00:54:04,data_go_kr,강원특별자치도,A2200007,강원특별자치도삼척의료원,16,20260727004501,033-571-0431,,Y,,,,,,,,,,,,,,,,1,2,,1,0,,,,0,3,,,,,6,Y,,Y,,,,,,Y,N1,,,Y,Y,N1,57,N1,0,Y,Y,,4,N1,16,1,2,1,2,,,,,,,,,,,6,2,3,,,4,,,10,1,1,1,,3,,3,1,,,,,189,,,,,,,,,,,,,,,,,Y,N1,A2200007,5
2026-07-27 00:54:04,data_go_kr,강원특별자치도,A2200012,강원특별자치도속초의료원,17,20260727005002,,Y,Y,,,,,,,,,,,,,,,,,2,,1,,,,,,,,,,,,Y,,Y,,,,,,Y,N1,,,N1,Y,N1,64,N1,0,Y,Y,,3,N1,17,,2,1,,,,,,,,,,,,8,,,,,3,,,,2,1,1,,7,1,1,,,,,,154,,,,,,,,,,,,,,,,,Y,Y,A2200012,6
2026-07-27 00:54:04,data_go_kr,강원특별자치도,A2200009,강원대학교병원,17,20260727005000,033-258-2293,Y,Y,,,,,0,,,3,,,,,,,,3,2,,3,1,4,,4,1,,,,,3,10,Y,,Y,2,,,Y,,Y,Y,,,Y,Y,Y,270,Y,,Y,Y,1,11,N1,21,3,2,3,5,10,,15,8,,,8,,8,,,2,,,,11,,16,14,3,4,2,4,43,13,24,12,3,10,,,508,,,,,0,,,,,,,,,,,,Y,Y,A2200009,7
2026-07-27 00:54:04,data_go_kr,강원특별자치도,A2200011,강원특별자치도강릉의료원,-1,20260727005001,033-610-1234,,,,,,,,,,,,,,,,20,,,,,1,,,,,,,,,,,5,,,Y,,,,,,Y,N1,,,N1,Y,N1,16,N1,0,N1,Y,,2,N1,5,,,1,,,,,,,,,,,,8,,,,,2,,,5,,1,1,,4,,,,,,,,122,,,,,,,,,,,,,20,,,,Y,N1,A2200011,8
2026-07-27 00:54:04,data_go_kr,강원특별자치도,A2200003,의료법인동해동인병원,9,20260727004931,033-530-0129,,,,,,,,,,,,,,,,,,,,,1,,,,,1,,,,,57,,,,Y,,,,,,Y,N1,,,N1,Y,N1,33,N1,9,N1,Y,,2,N1,10,,,1,,,,,,,,,,,,19,1,,,,2,,110,,,1,1,,7,,,,,,,,178,,,,,,,,,,,,,,,,,Y,N1,A2200003,9
2026-07-27 00:54:04,data_go_kr,강원특별자치도,A2200046,의료법인온세움의료재단온재병원,6,20260727004943,033-639-8988,,,,,,,,,,,,,,,,,,,,,1,,,,,,,,,,29,,,,Y,,,,,,Y,N1,,,N1,Y,N1,21,N1,0,N1,Y,,4,N1,9,,,1,,,,,,,,,,,,15,,,,,4,,59,,,1,1,,5,,,,,,,,219,,,,,,,,,,,,,,,,,Y,N1,A2200046,10
2026-07-27 00:54:04,data_go_kr,강원특별자치도,A2200037,의료법인성심의료재단양구성심병원,5,20260727004945,033-480-8816,,Y,,,,,,,,,,,,,,,,,1,,,,,,,,,,,,,,Y,,Y,,,,,,Y,N1,,,N1,Y,N1,40,N1,,Y,N1,,,N1,5,,1,,,,,,,,,,,,,,,,,,,,,,1,1,,,1,,1,,,,,,52,,,,,,,,,,,,,,,,,Y,N1,A2200037,11
2026-07-27 00:54:04,data_go_kr,강원특별자치도,A2200002,강원특별자치도영월의료원,9,20260727005002,033-370-9129,,Y,,,,,,,,,,,,,,,1,,,,,,,,,0,,,,,,2,Y,,Y,,,,,,Y,N1,,,N1,Y,N1,42,N1,0,Y,Y,,2,N1,9,,,,,,,,,,,,,,,10,2,,,,2,,,2,1,1,1,,7,,3,,,,,,174,,,,,,,,,,,,,,1,,,Y,N1,A2200002,12
2026-07-27 00:54:04,data_go_kr,강원특별자치도,A2200015,강원특별자치도원주의료원,11,20260727005001,033-760-4701,,,,,,,,,,,,,,,,,,,1,,2,,,,,,,,,,,,,,Y,,,,,,Y,N1,,,N1,Y,N1,53,N1,0,N1,Y,,3,N1,17,,1,2,,,,,,,,,,,,20,,,,,3,,,,,1,1,,7,,,,,,,,259,,,,,,,,,,,,,,,,,Y,N1,A2200015,13
2026-07-27 00:54:04,data_go_kr,강원특별자치도,A2200024,의료법인성지의료재단성지병원,5,20260727004400,033-760-3119,,,,,,,,,,,,,,,,13,,,,,1,,,,,,,,,,,,,,Y,,,,,,Y,N1,,,N1,Y,N1,-80,N1,9,N1,Y,,4,N1,7,,,1,,,,,,,,,,,,9,,,,,4,,,,,1,2,,4,,,,,,,,135,,,,,,,,,,,,,13,,,,Y,N1,A2200024,14
2026-07-27 00:54:04,data_go_kr,강원특별자치도,A2200048,근로복지공단정선병원,5,20260727004800,033-560-7150,,,,,,,,,,,,,,,,,,,,,1,,,,,,,,,,,,,,Y,,,,,,Y,N1,,,N1,Y,N1,46,N1,,N1,N1,,,N1,5,,,1,,,,,,,,,,,,,,,,,,,,,,1,,,3,,,,,,,,149,,,,,,,,,,,,,,,,,Y,N1,A2200048,15
2026-07-27 00:54:04,data_go_kr,강원특별자치도,A2201730,철원병원,5,20260727005001,033-452-5012,N,Y,,,,,,,,,,,,,,,,,1,,,,,,,,,,,,,,Y,N,Y,,,,N,,Y,N,,,N,Y,N,33,N,,Y,Y,,2,N,5,,1,,,,,,,,,,,,,,,,,,2,,,,1,1,1,0,1,0,1,0,0,0,0,0,68,,,,,,,,,,,,,,,,,Y,N,A2201730,16
2026-07-27 00:54:04,data_go_kr,강원특별자치도,A2200004,근로복지공단태백병원,8,20260727004900,033-580-3119,,,,,,,,,,,,,,,,,,,1,,,,,,,1,,,,,,,Y,,Y,,,,,,Y,N1,,,N1,Y,N1,65,N1,3,N1,Y,,2,N1,9,,1,,,,,,,,,,,,,9,1,,,,2,,,,1,1,1,,8,,,,,,,,223,,,,,,,,,,,,,,,,,Y,N1,A2200004,17
2026-07-27 00:54:04,data_go_kr,강원특별자치도,E2200026,평창군보건의료원,6,20260727005001,033-330-4812,,,,,,,,,,,,,,,,,,,,,1,,,,,,,,,,,,,,Y,,,,,,Y,N1,,,N1,Y,N1,20,N1,,N1,N1,,,N1,6,,,1,,,,,,,,,,,,,,,,,,,,,,1,,,1,,,,,,,,20,,,,,,,,,,,,,,,,,Y,N1,E2200026,18
2026-07-27 00:54:04,data_go_kr,강원특별자치도,A2200014,홍천아산병원,9,20260727004501,033-430-5119,,,,,,,,,,,,,,,,,,,,,,,,,,,,,,,,,,,Y,,,,,,Y,N1,,,N1,Y,N1,2,N1,0,N1,Y,,2,N1,10,,,,,,,,,,,,,,,7,,,,,2,,,,,1,1,,4,,,,,,,,128,,,,,,,,,,,,,,,,,Y,N1,A2200014,19
2026-07-27 00:54:04,data_go_kr,강원특별자치도,E2200025,화천군보건의료원,7,20260727005001,033-440-2880,,,,,,,,,,,,,,,,,,,,,1,,,,,,,,,,,,,,,,,,,,Y,N1,,,N1,N1,N1,16,N1,,N1,N1,,,N1,7,,,1,,,,,,,,,,,,,,,,,,,,,,,,,1,,,,,,,,16,,,,,,,,,,,,,,,,,Y,N1,E2200025,20
2026-07-27 00:54:04,data_go_kr,강원특별자치도,A2200016,횡성대성병원,8,20260727005027,033-345-1191,,,,,,,,,,,,,,,,,,,,,1,,,,,,,,,,,,,,Y,,,,,,Y,N1,,,N1,Y,N1,25,N1,,N1,Y,,1,N1,9,,,1,,,,,,,,,,,,,,,,,1,,,,,1,1,,1,,,,,,,,114,,,,,,,,,,,,,,,,,Y,N1,A2200016,21
2026-07-27 00:54:04,data_go_kr,충청북도,A2300001,충북대학교병원,25,20260727005000,043-269-6114,Y,Y,2,3,,,,0,,0,,,,,,,,2,,,,2,,,,1,32,,10,2,4,12,Y,,Y,,1,5,Y,15,Y,Y,2,,Y,Y,Y,232,Y,7,Y,Y,14,16,N1,30,8,,,18,8,,25,,,4,,20,,,17,5,40,,40,16,2,21,13,2,4,4,6,98,13,31,18,10,17,,,547,2,3,,,,2,,,,,,,,,2,6,Y,Y,A2300001,1
2026-07-27 00:54:04,data_go_kr,충청북도,A2300009,의료법인명지의료재단명지병원,17,20260727004903,043-640-8117,,,,,,,,,,,,,,,,,,3,2,,4,2,,,,3,,,,,,,,,Y,,,,Y,,Y,Y,,,Y,Y,Y,69,N1,4,N1,Y,,3,N1,18,3,2,4,2,,,,,,,,,,,15,3,,,,3,,,,,2,1,1,10,,,2,1,,,,201,,,,,,,,,,,,,,,,,Y,N1,A2300009,2
2026-07-27 00:54:04,data_go_kr,충청북도,A2300005,의료법인자산의료재단제천서울병원,12,20260727004715,043-643-2327,,,,,,,,,,,,,,,,,,,1,,4,,,,,,2,,,,,,,,Y,,,,,,Y,N1,,,Y,Y,N1,24,N1,0,N1,Y,,3,Y,15,,1,4,,,,,,,,,,,,11,,5,,,3,,,,,1,1,,10,,,1,,,,1,202,,,,,,,,,,,,,,,,,Y,N1,A2300005,3
2026-07-27 00:54:04,data_go_kr,충청북도,A2300013,의료법인 건명의료재단 중앙제일병원,14,20260727004543,043-537-9119,,,,,,,,,,,,,,,,,,,3,,,,,,,2,,,,,,31,,,Y,,,,,,Y,N1,,,Y,Y,N1,52,N1,4,N1,Y,,5,N1,17,,3,,,,,,,,,,,,,12,6,,,,5,,,31,,2,2,,6,,,1,,,,,192,,,,,,,,,,,,,,,,,Y,N1,A2300013,4
2026-07-27 00:54:04,data_go_kr,충청북도,A2300007,의료법인인화재단한국병원,12,20260727004737,043-222-6177,,Y,,,,,,,,,,,,,,,3,,1,,2,,,,,1,,,,,,1,Y,,Y,,,,Y,,Y,Y,,,Y,Y,N1,59,N1,0,Y,Y,,8,N1,14,,1,2,,,,,,,,,,,,24,1,,,,8,,,1,1,3,3,2,18,,1,3,,,,,403,,,,,,,,,,,,,,3,,,Y,N1,A2300007,5
2026-07-27 00:54:04,data_go_kr,충청북도,A2300003,의료법인정산의료재단효성병원,16,20260727004425,043-221-2192,,N,,,,,,,,,,,,,,,,,1,,4,0,,,,0,2,,,,,,Y,,Y,,,,Y,,Y,Y,,,Y,Y,N1,65,N1,0,N,Y,,4,Y,18,,1,4,2,,,,,,,,,,,27,2,3,,,4,,,,1,3,4,2,19,,1,2,,,,1,363,,,,,,,,,,,,,,,,,Y,N1,A2300003,6
2026-07-27 00:54:04,data_go_kr,충청북도,A2300008,청주성모병원,11,20260727005008,043-219-8119,,Y,,,,,,,,3,,,,,,,,,2,6,5,2,,,,1,4,,,,,7,Y,,Y,,,,Y,,Y,Y,,,Y,Y,N1,110,N1,,Y,Y,,8,N1,15,,2,5,2,13,12,,,,,,,,,,1,4,,,8,,,30,1,3,2,2,19,,2,2,,,,,358,,,,,,,,,,,,,,,,,Y,N1,A2300008,7
2026-07-27 00:54:04,data_go_kr,충청북도,A2300002,의료법인한마음의료재단하나병원,3,20260727005017,043-230-6594,,,,,,,,,,,,,,,,,9,,1,,2,,,,,1,,,,,,,,,Y,,,,Y,,Y,Y,,,Y,Y,N1,128,N1,3,N1,Y,,7,Y,11,,1,2,,,,,,,,,,,,24,2,,,,7,,,,,3,3,2,20,,,4,,,,1,463,,,,,,,,,,,,,,9,,,Y,N1,A2300002,8
2026-07-27 00:54:04,data_go_kr,충청북도,A2300010,건국대학교충주병원,14,20260727005001,043-840-8330,Y,Y,,,,,,,,,,,,,,,,,1,,2,,,,,,,,,,,0,Y,,Y,,,,Y,,Y,Y,,,Y,Y,Y,78,N1,5,Y,Y,,5,N1,20,,1,2,,,,,,,,,,,,18,,,,,5,,,1,1,2,1,2,11,1,4,3,1,,,,194,,,,,,,,,,,,,,,,,Y,Y,A2300010,9
2026-07-27 00:54:04,data_go_kr,충청북도,A2300034,의료법인대광의료재단괴산성모병원,9,20260727004728,043-830-5419,,,,,,,,,,,,,,,,,,,,,0,,,,,,,,,,,,,,Y,,,,,,Y,N1,,,N1,Y,N1,4,N1,,N1,Y,,1,N1,9,,,1,,,,,,,,,,,,,,,,,1,,,,,1,1,,3,,,,,,,,153,,,,,,,,,,,,,,,,,Y,N1,A2300034,10
2026-07-27 00:54:04,data_go_kr,충청북도,E2300011,단양군보건의료원,5,20260727005001,043-420-0139,,,,,,,,,,,,,,,,,,,1,,,,,,,,,,,,,2,,,Y,,,,,,Y,N1,,,N1,Y,N1,13,N1,,N1,N1,,,N1,6,,1,,,,,,,,,,,,,,,,,,,,,2,,1,,,1,,,,,,,,14,,,,,,,,,,,,,,,,,Y,N1,E2300011,11
2026-07-27 00:54:04,data_go_kr,충청북도,A2300030,의료법인조윤의료재단영동병원,7,20260727004504,043-740-9333,,Y,,,,,,,,,,,,,,,,,,,,,,,,,,,,,,,Y,,Y,,,,,,Y,N1,,,N1,Y,N1,30,N1,,Y,Y,,2,N1,10,,,,,,,,,,,,,,,,,,,,2,,,,1,1,1,,3,,1,,,,,,161,,,,,,,,,,,,,,,,,Y,N1,A2300030,12
2026-07-27 00:54:04,data_go_kr,충청북도,A2300011,의료법인힐링의료재단옥천성모병원,7,20260727004743,043-730-7119,,,,,,,,,,,,,,,,,,,2,,1,,,,,,,,,,,,,,Y,,,,,,Y,N1,,,N1,Y,N1,15,N1,0,N1,Y,,2,N1,7,,2,1,,,,,,,,,,,,7,,,,,2,,,,,1,1,,4,,,,,,,,157,,,,,,,,,,,,,,,,,Y,N1,A2300011,13
2026-07-27 00:54:04,data_go_kr,충청북도,A2300006,충청북도청주의료원,11,20260727005002,043-279-0119,,Y,,,,,,,,,,,,,,,3,,1,,,,,,,2,,,,,90,6,Y,,Y,,,,Y,,Y,Y,,,Y,Y,N1,151,N1,18,Y,Y,,5,N1,12,,1,,,,,,,,,,,,,21,3,,,,5,,90,6,1,1,2,1,11,,1,1,,,,,359,,,,,,,,,,,,,,3,,,Y,N1,A2300006,14
2026-07-27 00:54:04,data_go_kr,충청북도,A2300004,충청북도충주의료원,14,20260727005002,043-871-0119,,,,,,,,,,,,,,,,,,,1,,2,,,,,,,,,,,,,,Y,,,,Y,,Y,Y,,,Y,Y,N1,131,N1,3,N1,Y,,4,N1,18,,1,2,,,,,,,,,,,,12,,,,,4,,,,,1,1,1,8,,,1,,,,,282,,,,,,,,,,,,,,,,,Y,N1,A2300004,15
2026-07-27 00:54:04,data_go_kr,충청남도,A2400002,단국대학교의과대학부속병원,11,20260727005000,041-550-6840,Y,Y,2,2,,,,0,,,,,,3,,,,3,,0,0,0,,,,0,14,,2,2,10,0,Y,,Y,0,2,6,Y,1,Y,Y,,,Y,Y,Y,155,Y,,Y,Y,-2,13,Y,25,4,,1,18,,13,25,,,,13,20,,,,1,30,,40,13,2,20,8,3,4,3,6,6,14,29,15,7,17,,1,640,2,2,,,,2,,,,,7,,,,2,6,Y,Y,A2400002,1
2026-07-27 00:54:04,data_go_kr,충청남도,A2400001,학교법인동은학원순천향대학교부속천안병원,15,20260727004622,041-590-7019,Y,Y,,,1,3,1,,,10,,,,,,,,13,4,9,1,6,,2,,4,10,4,,,,3,Y,Y,Y,,,,Y,,Y,Y,,,Y,Y,Y,139,Y,,Y,Y,1,18,Y,22,14,4,3,17,18,15,38,,2,,,,,,,6,30,6,,19,,,14,11,6,4,6,60,16,37,6,6,10,1,1,713,,,1,3,1,,,,,,,,,,,,Y,Y,A2400001,2
2026-07-27 00:54:04,data_go_kr,충청남도,A2400009,의료법인백제병원,14,20260727004842,041-730-8882,,,,,,,,,,,,,,,,,,,1,,2,,,,,,,,,,19,,,,Y,,,,Y,,Y,Y,,,Y,Y,N1,12,N1,-3,N1,Y,,4,N1,20,,1,2,,,,,,,,,,,,26,,,,,4,,49,,,2,2,1,11,,,3,,,,,398,,,,,,,,,,,,,,,,,Y,N1,A2400009,3
2026-07-27 00:54:04,data_go_kr,충청남도,A2400008,당진종합병원,9,20260727004950,041-358-3624,,,,,,,,,,,,,,,,,,,1,,2,,,,,,,,,,,,,,Y,,,,Y,,Y,Y,,,Y,Y,N1,82,N1,0,N1,Y,,4,N1,17,,1,2,,,,,,,,,,,,13,,,,,4,,,,,2,2,1,5,,,1,,,,,246,,,,,,,,,,,,,,,,,Y,N1,A2400008,4
2026-07-27 00:54:04,data_go_kr,충청남도,A2400011,재단법인아산사회복지재단보령아산병원,16,20260727004500,041-930-5333,,,,,,,,,,,,,,,,,,,1,,2,,,,,,,,,,,,,,Y,,,,,,Y,N1,,,N1,Y,N1,68,N1,3,N1,Y,,2,N1,17,,1,2,,,,,,,,,,,,8,,,,,2,,,,,1,1,,4,,,,,,,,221,,,,,,,,,,,,,,,,,Y,N1,A2400011,5
2026-07-27 00:54:04,data_go_kr,충청남도,A2400003,서산중앙병원,16,20260727004504,041-661-1195,,,,,,,,,,,,,,,,,,,1,,2,,,,,,,,,,,,,,Y,,,,,,Y,N1,,,Y,Y,N1,37,N1,3,N1,Y,,4,N1,17,,1,2,,,,,,,,,,,,17,,,,,4,,,,,1,1,,7,,,1,,,,,288,,,,,,,,,,,,,,,,,Y,N1,A2400003,6
2026-07-27 00:54:04,data_go_kr,충청남도,A2400006,충청남도서산의료원,12,20260727004601,041-689-7119,,,,,,,,,,,,,,,,,,,1,,2,0,,,,,1,,,,,5,,,Y,,,,,,Y,N1,,,N1,Y,N1,20,N1,0,N1,Y,,3,N1,17,,1,2,2,,,,,,,,,,,8,,4,,,3,,,5,,2,1,,10,,,,,,,,259,,,,,,,,,,,,,,,,,Y,N1,A2400006,7
2026-07-27 00:54:04,data_go_kr,충청남도,A2402257,아산충무병원,12,20260727004835,041-536-6519,,,1,7,,,,,,,,,,5,,,,,,,,,,,,1,,,,,,,Y,,Y,,,,Y,,Y,Y,,,Y,Y,Y,147,Y,10,N1,Y,,4,N1,13,,,,,,,,,,,,,,,22,2,,,,4,,,,1,2,2,3,27,,,4,2,1,,,456,1,7,,,,,,,,,5,,,,,,Y,N1,A2402257,8
2026-07-27 00:54:04,data_go_kr,충청남도,A2400012,의료법인영서의료재단천안충무병원,13,20260727004819,041-570-7519,,,,,,,,,,,,,,,,,,,1,,4,,,,,0,,,,,,,,,Y,0,,,Y,,Y,Y,,,Y,Y,Y,42,N1,0,N1,Y,,5,N1,16,,1,4,,,,,,,,7,,,,19,3,,,,5,,,,,2,2,3,26,,,3,3,,,,333,,,,,,,,,,,,,,,,,Y,N1,A2400012,9
2026-07-27 00:54:04,data_go_kr,충청남도,A2400007,충청남도홍성의료원,16,20260727004802,041-630-6119,,,,,,,,,,,,,,,,,,1,1,,2,2,,,,1,3,,,,3,1,Y,,Y,,,,N,,Y,N,,,Y,Y,N1,80,N1,4,N1,Y,,4,N,18,1,1,2,2,,,,,,,,,,,22,1,3,,,4,,49,1,1,2,2,1,10,,,1,,,,2,260,,,,,,,,,,,,,,,,,Y,N1,A2400007,10
2026-07-27 00:54:04,data_go_kr,충청남도,A2400010,충청남도공주의료원,15,20260727004801,041-962-1365,,,,,,,,,,,,,,,,,,,,,1,,,,,,,,,,,5,,,Y,,,,,,Y,N1,,,Y,Y,N1,54,N1,3,N1,Y,,6,N1,15,,,1,,,,,,,,,,,,16,,,,,6,,,6,,1,1,,9,,,2,,,,,273,,,,,,,,,,,,,,,,,Y,N1,A2400010,11
2026-07-27 00:54:04,data_go_kr,충청남도,A2400038,학교법인건양교육재단건양대학교부여병원,9,20260727004900,041-837-1201,,,,,,,,,,,,,,,,,,,,,1,,,,,,,,,,,,,,Y,,,,,,Y,N1,,,N1,Y,N1,18,N1,,N1,N1,,1,N1,9,,,1,,,,,,,,,,,,,,,,,1,,,,,1,,,1,,,,,,,,55,,,,,,,,,,,,,,,,,Y,N1,A2400038,12
2026-07-27 00:54:04,data_go_kr,충청남도,A2400044,의료법인 서해병원,5,20260727005030,041-950-0219,,,,,,,,,,,,,,,,,,,,,2,,,,,,,,,,,,,,Y,,,,,,Y,N1,,,N1,Y,N1,18,N1,,N1,N1,,,N1,5,,,2,,,,,,,,,,,,,,,,,,,,,,1,,,1,,,,,,,,79,,,,,,,,,,,,,,,,,Y,N1,A2400044,13
2026-07-27 00:54:04,data_go_kr,충청남도,A2400039,현대병원,9,20260727005001,041-546-7744,N,N,,,,,,,,,,,,,,,,,,,1,,,,,,,,,,,,N,N,Y,0,,,N,,Y,N,,,N,Y,N,4,N,2,N,Y,,3,N,10,,,1,,,,,,,,0,,,,7,,,,,3,,,,0,1,1,0,3,0,0,0,0,0,0,0,84,,,,,,,,,,,,,,,,,Y,N,A2400039,14
2026-07-27 00:54:04,data_go_kr,충청남도,A2400004,의료법인 예당의료재단 예산종합병원,2,20260727004948,041-330-4119,,,,,,,,,,,,,,,,,,,,,1,,,,,,,,,,,,,,Y,,,,,,Y,N1,,,N1,Y,N1,0,N1,1,N1,Y,,0,N1,6,,,1,,,,,,,,,,,,9,,,,,0,,,,,0,0,,0,,,,,,,,88,,,,,,,,,,,,,,,,,Y,N1,A2400004,15
2026-07-27 00:54:04,data_go_kr,충청남도,A2400005,충청남도천안의료원,12,20260727005002,041-570-7119,,,,,,,,,,,,,,,,6,,,,,1,,,,,,,,,,,,,,Y,,,,,,Y,N1,,,N1,Y,N1,64,N1,6,N1,Y,,4,N1,12,,,1,,,,,,,,,,,,15,,,,,4,,,,,1,1,,10,,,,,,,,241,,,,,,,,,,,,,6,,,,Y,N1,A2400005,16
2026-07-27 00:54:04,data_go_kr,충청남도,E2400032,청양군보건의료원,6,20260727005001,041-940-4951,,,,,,,,,,,,,,,,,,,,,1,,,,,,,,,,,,,,Y,,,,,,Y,N1,,,N1,Y,N1,12,N1,,N1,N1,,1,N1,6,,,1,,,,,,,,,,,,,,,,,1,,,,,1,,,1,,,,,,,,12,,,,,,,,,,,,,,,,,Y,N1,E2400032,17
2026-07-27 00:54:04,data_go_kr,충청남도,E2400033,태안군보건의료원,10,20260727005001,041-671-5319,,,,,,,,,,,,,,,,,,,,,1,,,,,,,,,,,,,,Y,,,,,,Y,N1,,,N1,Y,N1,22,N1,,N1,N1,,,N1,10,,,1,,,,,,,,,,,,,,,,,,,,,,1,,,1,,,,,,,,34,,,,,,,,,,,,,,,,,Y,N1,E2400033,18
2026-07-27 00:54:04,data_go_kr,전북특별자치도,A2500001,원광대학교병원,14,20260727005017,063-859-1165,Y,Y,2,1,,,,2,,1,,,,,,,,3,,3,,6,,,4,1,17,,14,2,3,1,Y,,Y,,2,6,Y,8,Y,Y,,,Y,Y,Y,134,Y,5,Y,Y,2,15,Y,26,3,,,18,8,15,15,,,,,20,8,,15,7,31,,40,15,2,30,2,1,5,4,5,11,12,20,8,4,1,,2,543,2,3,,,,2,,,,,,,,,2,6,Y,Y,A2500001,1
2026-07-27 00:54:04,data_go_kr,전북특별자치도,A2500002,전북대학교병원,28,20260727005034,063-250-1131,Y,Y,2,5,,,2,1,,1,,,,,,,,4,,3,,3,6,,4,1,6,,,,2,15,Y,,Y,6,,,Y,,Y,Y,,,Y,Y,Y,315,Y,,Y,Y,22,21,N1,36,5,,,17,10,8,25,10,,,18,,11,,,2,30,,,21,,23,15,3,1,2,5,11,15,22,4,2,1,,,834,2,5,,,2,1,,,,,,,,,,,Y,Y,A2500002,2
2026-07-27 00:54:04,data_go_kr,전북특별자치도,A2500007,전북특별자치도군산의료원,9,20260727004901,063-472-5130,,Y,,,,,,,,,,,,,,,,,1,,2,1,,,,2,3,,,,,,Y,,Y,,,,,,Y,N1,,,N1,Y,N1,86,N1,9,Y,Y,,6,N1,17,,1,2,2,,,,,,,,,,,18,2,3,,,6,,,,1,1,1,,18,,2,,,,,,289,,,,,,,,,,,,,,,,,Y,N1,A2500007,3
2026-07-27 00:54:04,data_go_kr,전북특별자치도,A2500012,의료법인오성의료재단동군산병원,14,20260727005025,063-440-0516,,,,,,,,,,,,,,,,0,,,1,,5,0,,,,,1,,,,,,,,Y,,,,Y,,Y,Y,,,Y,Y,N1,18,N1,4,N1,Y,,6,N1,17,,1,5,2,,,,,,,,,,,24,,3,,,6,,,,,2,2,2,13,,,2,,,,,262,,,,,,,,,,,,,0,,,,Y,N1,A2500012,4
2026-07-27 00:54:04,data_go_kr,전북특별자치도,A2500004,전북특별자치도남원의료원,16,20260727005002,063-620-1119,,Y,,,,,,,,,,,,,,,,,0,,2,,,,,1,,,,,,,Y,,Y,,,,,,Y,N1,,,N1,Y,N1,34,N1,4,Y,Y,,3,N1,17,,1,2,,,,,,,,,,,,9,1,,,,3,,,,3,2,1,,10,,1,,,,,,190,,,,,,,,,,,,,,,,,Y,N1,A2500004,5
2026-07-27 00:54:04,data_go_kr,전북특별자치도,A2500011,의료법인대산의료재단익산병원,14,20260727005003,063-840-9112,,,,,,,,,,,,,,,,,,,1,,2,,,,,0,,,,,,,,,Y,,,,Y,,Y,Y,,,N1,Y,N1,46,N1,7,N1,Y,,5,N1,17,,1,2,,,,,,,,,,,,17,1,,,,5,,,,,2,2,1,7,,,,,,,,333,,,,,,,,,,,,,,,,,Y,N1,A2500011,6
2026-07-27 00:54:04,data_go_kr,전북특별자치도,A2500056,대자인병원,26,20260727004807,063-250-8701,,,,,,,,,,,,,,,,,,,1,6,2,,,,,0,,,,,,,,Y,Y,,,,Y,,Y,Y,,,Y,Y,Y,32,N1,0,N1,Y,,15,Y,33,,1,2,,,36,,,,,,,,,15,4,,,,15,,,,,4,3,2,12,,,4,2,,1,1,45,,,,,,,,,,,,,,,,,Y,N1,A2500056,7
2026-07-27 00:54:04,data_go_kr,전북특별자치도,A2500006,재단법인예수병원유지재단예수병원,24,20260727005034,063-230-8280,Y,Y,,,1,1,,,,,,,,,,,,4,1,,2,,,2,,4,,3,,,,2,Y,,Y,-1,,,Y,,Y,Y,,,Y,Y,Y,140,N1,3,Y,Y,4,14,Y,38,10,1,2,,,,12,,2,,14,,,,23,4,,6,,14,,,5,4,4,3,4,40,6,11,7,2,,,2,685,,,1,1,,,,,,,,,,,,,Y,Y,A2500006,8
2026-07-27 00:54:04,data_go_kr,전북특별자치도,A2500005,의료법인영경의료재단전주병원,11,20260727004534,063-226-6119,,,,,,,,,,,,,,,,,,,1,,2,,,,,,,,,,,,,,Y,,,,,,Y,N1,,,Y,Y,N1,29,N1,4,N1,Y,,5,N1,17,,1,2,,,,,,,,,,,,9,,,,,5,,,,,1,2,,6,,,1,,,,,275,,,,,,,,,,,,,,,,,Y,N1,A2500005,9
2026-07-27 00:54:04,data_go_kr,전북특별자치도,A2500008,재단법인 아산사회복지재단 정읍아산병원,15,20260727005000,063-530-6129,,,,,,,,,,,,,,,,,,,1,,2,,,,,,,,,,,,,,Y,,,,,,Y,N1,,,N1,Y,N1,78,N1,1,N1,Y,,3,N1,17,,1,2,,,,,,,,,,,,11,,,,,3,,,,,1,1,,5,,,,,,,,276,,,,,,,,,,,,,,,,,Y,N1,A2500008,10
2026-07-27 00:54:04,data_go_kr,전북특별자치도,A2500009,의료법인석천재단고창병원,6,20260727004816,063-560-5558,,,,,,,,,,,,,,,,,,,,,1,,,,,,,,,,,,,,Y,,,,,,Y,N1,,,N1,Y,N1,0,N1,,N1,Y,,2,N1,10,,,1,,,,,,,,,,,,,,,,,2,,,,,1,1,,4,,,,,,,,258,,,,,,,,,,,,,,,,,Y,N1,A2500009,11
2026-07-27 00:54:04,data_go_kr,전북특별자치도,A2500038,김제우석병원,10,20260727004600,063-540-5119,,,,,,,,,,,,,,,,,,,,,1,,,,,,,,,,,,,,Y,,,,,,Y,N1,,,N1,Y,N1,74,N1,,N1,Y,,2,N1,10,,,1,,,,,,,,,,,,,,,,,2,,,,,1,1,,1,,,,,,,,200,,,,,,,,,,,,,,,,,Y,N1,A2500038,12
2026-07-27 00:54:04,data_go_kr,전북특별자치도,E2500019,무주군보건의료원,4,20260727005001,063-320-8315,,,,,,,,,,,,,,,,,,,,,1,,,,,,,,,,,,,,Y,,,,,,Y,N1,,,N1,Y,N1,24,N1,,N1,N1,,,N1,4,,,1,,,,,,,,,,,,,,,,,,,,,,1,,,1,,,,,,,,24,,,,,,,,,,,,,,,,,Y,N1,E2500019,13
2026-07-27 00:54:04,data_go_kr,전북특별자치도,A2500010,부안성모병원,10,20260727004220,063-580-8119,,,,,,,,,,,,,,,,,,,,,2,,,,,,,,,,,,,,Y,,,,,,Y,N1,,,N1,Y,N1,8,N1,9,N1,Y,,3,N1,10,,,2,,,,,,,,,,,,9,,,,,3,,,,,1,1,,2,,,,,,,,240,,,,,,,,,,,,,,,,,Y,N1,A2500010,14
2026-07-27 00:54:04,data_go_kr,전북특별자치도,E2500021,순창군보건의료원,9,20260727005001,063-650-5352,,,,,,,,,,,,,,,,,,,,,1,,,,,,,,,,,,,,Y,,,,,,Y,N1,,,N1,Y,N1,30,N1,,N1,N1,,,N1,9,,,1,,,,,,,,,,,,,,,,,,,,,,1,,,1,,,,,,,,30,,,,,,,,,,,,,,,,,Y,N1,E2500021,15
2026-07-27 00:54:04,data_go_kr,전북특별자치도,E2500022,임실군보건의료원,4,20260727005001,063-640-3119,,,,,,,,,,,,,,,,,,,,,1,,,,,,,,,,,,,,Y,,,,,,Y,N1,,,N1,Y,N1,,N1,,N1,N1,,,N1,4,,,1,,,,,,,,,,,,,,,,,,,,,,1,,,1,,,,,,,,,,,,,,,,,,,,,,,,,Y,N1,E2500022,16
2026-07-27 00:54:04,data_go_kr,전북특별자치도,E2500020,장수군보건의료원,5,20260727005001,063-350-2119,,,,,,,,,,,,,,,,,,,,,1,,,,,,,,,,,,,,,,,,,,Y,N1,,,N1,N1,N1,20,N1,,N1,N1,,,N1,5,,,1,,,,,,,,,,,,,,,,,,,,,,,,,1,,,,,,,,22,,,,,,,,,,,,,,,,,Y,N1,E2500020,17
2026-07-27 00:54:04,data_go_kr,전북특별자치도,A2501890,의료법인영경의료재단호성전주병원,6,20260727004915,063-240-8862,,,,,,,,,,,,,,,,,,,,,1,,,,,,,,,,,,,,Y,,,,,,Y,N1,,,N1,Y,N1,5,N1,,N1,Y,,2,N1,9,,,1,,,,,,,,,,,,,,,,,2,,,,,1,1,,1,,,,,,,,122,,,,,,,,,,,,,,,,,Y,N1,A2501890,18
2026-07-27 00:54:04,data_go_kr,전북특별자치도,A2502742,새강병원,12,20260727004941,063-289-9119,,,0,0,,0,0,,,0,,,,,,,,3,1,0,2,0,,,,3,,0,,0,,0,,,Y,,,,,,Y,N1,,,N1,Y,N1,82,N1,16,N1,Y,,5,N1,14,3,1,2,0,0,0,,,,,,,,,16,3,,0,,5,0,,0,,1,1,,1,,,,,,,,201,0,0,,0,0,,,,,,,,,,,,Y,N1,A2502742,19
2026-07-27 00:54:04,data_go_kr,전북특별자치도,A2502031,진안군의료원,5,20260727005001,063-430-7119,,,,,,,,,,,,,,,,,,,,,2,,,,,,,,,,,,,,Y,,,,,,Y,N1,,,N1,Y,N1,30,N1,,N1,Y,,2,N1,6,,,2,,,,,,,,,,,,,,,,,2,,,,,1,1,,3,,,,,,,,74,,,,,,,,,,,,,,,,,Y,N1,A2502031,20
2026-07-27 00:54:04,data_go_kr,경상북도,A2700007,차의과학대학교부속구미차병원,13,20260727005005,054-450-9998,Y,Y,,,,,0,,,,,,,,,,,4,3,,3,0,,,,,9,,,,,,Y,Y,Y,,,,Y,,Y,Y,,,Y,Y,Y,57,Y,0,Y,Y,0,8,N1,20,5,3,3,25,,,8,,,,,,,,18,,30,,,8,,,,3,3,2,2,21,3,13,2,1,2,1,,301,,,,,3,,,,,,,,,,,,Y,Y,A2700007,1
2026-07-27 00:54:04,data_go_kr,경상북도,A2700014,의료법인안동병원,7,20260727004800,054-840-0119,Y,Y,2,2,,,1,,,3,,,,,,,,2,,,,5,,,,0,8,,4,2,0,4,Y,Y,Y,,2,5,Y,1,Y,Y,,,Y,Y,Y,113,Y,0,Y,Y,10,11,Y,15,3,,,19,20,,10,,,,,20,,,13,3,30,,40,11,2,34,6,3,6,3,5,67,3,12,14,4,13,1,1,775,2,3,,,1,,,,,,,,,,2,6,Y,Y,A2700014,2
2026-07-27 00:54:04,data_go_kr,경상북도,A2700016,포항성모병원,14,20260727004654,054-260-8600,Y,Y,2,3,,,,2,2,,,,,,,,,11,,,,4,,,,1,0,,,,,1,Y,Y,Y,,,,Y,,Y,Y,,,Y,Y,Y,71,Y,5,Y,Y,,9,Y,20,11,,,15,,,,,,,,,,,16,1,17,,,9,,,1,1,3,2,2,25,1,6,4,1,2,1,3,468,2,3,,,,5,13,,,,,,,,,,Y,Y,A2700016,3
2026-07-27 00:54:04,data_go_kr,경상북도,A2700003,동국대학교의과대학경주병원,14,20260727004549,054-770-8306,Y,Y,,,,,,,,1,,,,,,,,3,2,3,5,,,,,3,,,,,11,1,Y,,Y,,,,Y,,Y,Y,,,Y,Y,N1,84,N1,0,Y,Y,,6,N1,16,3,2,5,,11,17,,,,,,,,,7,4,,,,7,,20,3,1,2,2,2,26,2,6,3,,,,,279,,,,,,,,,,,,,,,,,Y,Y,A2700003,4
2026-07-27 00:54:04,data_go_kr,경상북도,A2700013,순천향대학교부속구미병원,12,20260727004622,054-468-9119,,Y,,,,,,,,,,,,,,,,3,1,,2,0,,,,2,0,,,,,1,Y,,Y,,,,Y,,Y,Y,,,Y,Y,N1,38,N1,4,Y,Y,,6,N1,13,4,1,2,2,,,,,,,,,,,31,2,3,,,6,,,1,1,2,2,2,20,,1,2,,,,,263,,,,,,,,,,,,,,,,,Y,N1,A2700013,5
2026-07-27 00:54:04,data_go_kr,경상북도,A2700012,의료법인덕산의료재단김천제일병원,13,20260727004542,054-420-9500,,,,,,,,,,,,,,,,,,,1,,3,2,,,,,3,,,,,,Y,,Y,,,,Y,,Y,Y,,,Y,Y,N1,75,N1,6,N1,Y,,4,Y,16,,1,3,2,,,,,,,,,,,16,,3,,,4,,,,3,1,1,1,10,,,1,,,,1,276,,,,,,,,,,,,,,,,,Y,N1,A2700012,6
2026-07-27 00:54:04,data_go_kr,경상북도,A2700006,의료법인동춘의료재단문경제일병원,17,20260727004000,054-550-7777,,,,,,,,,,,,,,,,,,,1,,1,2,,,,1,3,,,,60,3,,,Y,,,,,,Y,N1,,,N1,Y,N1,48,N1,10,N1,Y,,3,N1,17,,1,2,2,,,,,,,,,,,29,1,3,,,3,,162,4,,2,1,,8,,,,,,,,306,,,,,,,,,,,,,,,,,Y,N1,A2700006,7
2026-07-27 00:54:04,data_go_kr,경상북도,A2700004,안동성소병원,12,20260727005018,054-850-8282,,Y,,,,,,,,,,,,,,,5,,1,,2,0,,,,3,1,,,,23,0,Y,,Y,,,,Y,,Y,Y,,,Y,Y,N1,153,N1,7,Y,Y,,6,N1,12,,1,2,2,,,,,,,,,,,16,3,3,,,6,,186,2,1,2,2,2,21,,4,1,,,,,393,,,,,,,,,,,,,,5,,,Y,N1,A2700004,8
2026-07-27 00:54:04,data_go_kr,경상북도,A2700002,포항세명기독병원,9,20260727004815,054-289-1711,,,,,,,,,,,,,,,,,6,,1,,3,0,,,,0,1,,,,,1,,,Y,,,,Y,,Y,Y,,,Y,Y,Y,127,Y,1,N1,Y,,14,Y,15,,1,3,2,,,,,,,,,,,52,1,3,,,14,,,6,,6,5,4,25,,,5,1,1,,1,662,,,,,,,,,,,,,,6,,,Y,N1,A2700002,9
2026-07-27 00:54:04,data_go_kr,경상북도,A2700019,의)근원의료재단경산중앙병원,7,20260727005000,053-715-0119,,,,,,,,,,,,,,,,,,,,,2,,,,,0,,,,,44,,,,Y,,,,,,Y,N1,,,N1,Y,N1,57,N1,2,N1,Y,,4,N1,10,,,2,,,,,,,,,,,,11,2,,,,4,,116,,,1,1,,9,,,,,,,,301,,,,,,,,,,,,,,,,,Y,N1,A2700019,10
2026-07-27 00:54:04,data_go_kr,경상북도,A2700036,의료법인서명의료재단세명종합병원,13,20260727004533,053-819-8500,,,,,,,,,,,,,,,,,,,,,2,,,,,,,,,,2,,,,Y,,,,,,Y,N1,,,N1,Y,N1,14,N1,1,N1,Y,,4,N1,13,,,2,,,,,,,,,,,,14,,,,,4,,22,,,1,1,,6,,,,,,,,264,,,,,,,,,,,,,,,,,Y,N1,A2700036,11
2026-07-27 00:54:04,data_go_kr,경상북도,A2700097,계명대학교경주동산병원,6,20260727004922,054-770-9420,,,,,,,,,,,,,,,,,,,,,1,,,,,,,,,,,,,,Y,,,,,,Y,N1,,,N1,Y,N1,34,N1,,N1,Y,,2,N1,9,,,1,,,,,,,,,,,,,,,,,2,,,,,1,1,,1,,,,,,,,88,,,,,,,,,,,,,,,,,Y,N1,A2700097,12
2026-07-27 00:54:04,data_go_kr,경상북도,A2700070,의료법인영암의료재단고령영생병원,5,20260727005006,070-4700-0728,,,,,,,,,,,,,,,,,,,,,1,,,,,,,,,,,,,,Y,,,,,,Y,N1,,,N1,Y,N1,35,N1,,N1,N1,,1,N1,5,,,1,,,,,,,,,,,,,,,,,1,,,,,1,,,1,,,,,,,,59,,,,,,,,,,,,,,,,,Y,N1,A2700070,13
2026-07-27 00:54:04,data_go_kr,경상북도,A2700015,구미강동병원,7,20260727004911,054-478-9521,,,,,,,,,,,,,,,,9,,,1,,2,,,,,,,,,,,,,,Y,,,,Y,,Y,Y,,,N1,Y,N1,37,N1,5,N1,Y,,5,N1,7,,1,2,,,,,,,,,,,,12,,,,,5,,,,,1,1,1,3,,,,,,,,191,,,,,,,,,,,,,9,,,,Y,N1,A2700015,14
2026-07-27 00:54:04,data_go_kr,경상북도,A2700018,경상북도김천의료원,10,20260727005002,054-429-8234,,,,,,,,,,,,,,,,,,,1,,,,,,,0,,,,,,,,,Y,,,,,,Y,N1,,,N1,Y,N1,-11,N1,2,N1,Y,,5,N1,17,,1,,,,,,,,,,,,,22,3,,,,5,,,,,1,2,,7,,,,,,,,274,,,,,,,,,,,,,,,,,Y,N1,A2700018,15
2026-07-27 00:54:04,data_go_kr,경상북도,A2700009,의료법인삼백의료재단상주성모병원,7,20260727005025,054-530-7811,,,,,,,,,,,,,,,,,,,,,1,,,,,,,,,,,,,,Y,,,,,,Y,N1,,,N1,Y,N1,36,N1,6,N1,Y,,3,N1,9,,,1,,,,,,,,,,,,10,,,,,3,,,,,1,1,,1,,,,,,,,172,,,,,,,,,,,,,,,,,Y,N1,A2700009,16
2026-07-27 00:54:04,data_go_kr,경상북도,A2700011,상주적십자병원,9,20260727004556,054-530-3171,,Y,,,,,,,,,,,,,,,,,1,,,,,,,,,,,,,,Y,,Y,,,,,,Y,N1,,,Y,Y,N1,54,N1,6,Y,Y,,3,N1,9,,1,,,,,,,,,,,,,10,,,,,3,,,,1,1,1,,7,,2,1,,,,,164,,,,,,,,,,,,,,,,,Y,N1,A2700011,17
2026-07-27 00:54:04,data_go_kr,경상북도,A2700001,경상북도안동의료원,6,20260727005001,054-850-6100,,,,,,,,,,,,,,,,,,,,,2,,,,,,,,,,,,,,Y,,,,,,Y,N1,,,N1,Y,N1,112,N1,2,N1,Y,,5,N1,6,,,2,,,,,,,,,,,,10,,,,,5,,,,,1,1,,8,,,,,,,,238,,,,,,,,,,,,,,,,,Y,N1,A2700001,18
2026-07-27 00:54:04,data_go_kr,경상북도,A2700031,영주기독병원,4,20260727004805,054-635-3050,,Y,,,,,,,,,,,,,,,,,,,1,,,,,,,,,,,,Y,,Y,,,,,,Y,N1,,,N1,Y,N1,6,N1,,Y,N1,,1,N1,4,,,1,,,,,,,,,,,,,,,,,1,,,,1,1,,,1,,2,,,,,,70,,,,,,,,,,,,,,,,,Y,N1,A2700031,19
2026-07-27 00:54:04,data_go_kr,경상북도,A2700020,영주자인병원,3,20260727005028,070-7335-5229,,,,,,,,,,,,,,,,,,,,,1,,,,,,,,,,,,,,Y,,,,,,Y,N1,,,N1,Y,N1,26,N1,,N1,Y,,,N1,4,,,1,,,,,,,,,,,,,,,,,2,,,,,1,1,,,,,,,,,,133,,,,,,,,,,,,,,,,,N1,N1,A2700020,20
2026-07-27 00:54:04,data_go_kr,경상북도,A2702752,영주적십자병원,10,20260727004727,054-630-0112,,,,,,,,,,,,,,,,,,,1,,,,,,,,,,,,,,,,Y,,,,,,Y,N1,,,Y,Y,N1,54,N1,1,N1,Y,,3,N1,10,,1,,,,,,,,,,,,,10,,,,,3,,,,,1,1,,4,,,1,,,,,140,,,,,,,,,,,,,,,,,Y,N1,A2702752,21
2026-07-27 00:54:04,data_go_kr,경상북도,A2700017,영남대학교의과대학부속영천병원,5,20260727004757,054-330-7575,,,,,,,,,,,,,,,,,,,1,,2,,,,,,,,,,,,,,Y,,,,,,Y,N1,,,N1,Y,N1,48,N1,3,N1,Y,,4,N1,10,,1,2,,,,,,,,,,,,10,,,,,4,,,,,1,1,,1,,,,,,,,190,,,,,,,,,,,,,,,,,Y,N1,A2700017,22
2026-07-27 00:54:04,data_go_kr,경상북도,A2700023,의료법인서준의료재단예천권병원,6,20260727004539,054-650-2119,,Y,,,,,,,,,,,,,,,,,1,,0,,,,,,,,,,,0,Y,,Y,,,,,,Y,N1,,,N1,Y,N1,73,N1,,Y,Y,,2,N1,6,,1,0,,,,,,,,,,,,,,,,,2,,,0,1,1,1,,3,,2,,,,,,173,,,,,,,,,,,,,,,,,Y,N1,A2700023,23
2026-07-27 00:54:04,data_go_kr,경상북도,E2700553,울릉군보건의료원,5,20260727005001,054-790-6911,,,,,,,,,,,,,,,,,,,,,,,,,,,,,,,,,,,Y,,,,,,Y,N1,,,N1,Y,N1,24,N1,,N1,N1,,1,N1,5,,,,,,,,,,,,,,,,,,,,1,,,,,1,,,1,,,,,,,,27,,,,,,,,,,,,,,,,,Y,N1,E2700553,24
2026-07-27 00:54:04,data_go_kr,경상북도,A2700052,울진군의료원,7,20260727004601,054-785-7119,,,,,,,,,,,,,,,,,,,2,,,,,,,,,,,,,2,,,Y,,,,,,Y,N1,,,N1,Y,N1,21,N1,,N1,Y,,3,N1,8,,2,,,,,,,,,,,,,,,,,,3,,,2,,1,1,,1,,,,,,,,97,,,,,,,,,,,,,,,,,Y,N1,A2700052,25
2026-07-27 00:54:04,data_go_kr,경상북도,A2700063,의료법인영제의료재단영남제일병원,4,20260727004354,054-861-9111,,,,,,,,,,,,,,,,,,,,,1,,,,,,,,,,,,,,Y,,,,,,Y,N1,,,N1,Y,N1,27,N1,,N1,N1,,1,N1,,,,,,,,,,,,,,,,,,,,,,,,,,,,,,,,,,,,,,,,,,,,,,,,,,,,,,Y,N1,A2700063,26
2026-07-27 00:54:04,data_go_kr,경상북도,A2700038,의료법인대남의료재단청도대남병원,10,20260727004835,054-370-5112,,,,,,,,,,,,,,,,,,,,,,,,,,,,,,,,,,,Y,,,,,,Y,N1,,,N1,Y,N1,80,N1,,N1,Y,,1,N1,10,,,,,,,,,,,,,,,,,,,,1,,,,,1,1,,1,,,,,,,,115,,,,,,,,,,,,,,,,,Y,N1,A2700038,27
2026-07-27 00:54:04,data_go_kr,경상북도,E2700554,청송군보건의료원,5,20260727005000,054-870-7119,,,,,,,,,,,,,,,,,,,,,1,,,,,,,,,,,,,,,,,,,,Y,N1,,,N1,N1,N1,57,N1,,N1,N1,,,N1,5,,,1,,,,,,,,,,,,,,,,,,,,,,,,,1,,,,,,,,45,,,,,,,,,,,,,,,,,Y,N1,E2700554,28
2026-07-27 00:54:04,data_go_kr,경상북도,A2700008,에스포항병원,4,20260727005011,054-289-9120,Y,,,,,,,,,,,,,,,,,,,,1,,,,,1,,,,,,,,,Y,,,,Y,,Y,Y,,,Y,Y,N1,48,N1,2,N1,Y,,4,N1,6,,,1,,,,,,,,,,,,14,1,,,,4,,,,,2,2,3,9,9,,1,,,,,239,,,,,,,,,,,,,,,,,Y,Y,A2700008,29
2026-07-27 00:54:04,data_go_kr,경상북도,A2702563,의료법인은성의료재단좋은선린병원,10,20260727005023,054-245-5200,,,,,,,,,,,,,,,,2,,,,,2,,,,,1,,,,,,,,,Y,,,,N,,Y,N,,,N1,Y,N1,71,N1,0,N1,Y,,4,N,10,,,2,,,,,,,,,,,,17,1,,,,4,,,,,1,1,2,7,,,,,,,14,281,,,,,,,,,,,,,2,,,,N,N1,A2702563,30
2026-07-27 00:54:04,data_go_kr,경상북도,A2700005,경상북도포항의료원,8,20260727005001,054-245-0129,,,,,,,,,,,,,,,,,,,1,,1,,,,,1,,,,,7,7,,,Y,,,,,,Y,N1,,,N1,Y,N1,22,N1,4,N1,Y,,3,N1,8,,1,1,,,,,,,,,,,,19,1,,,,3,,56,7,,1,1,,4,,,,,,,,179,,,,,,,,,,,,,,,,,Y,N1,A2700005,31
2026-07-27 00:54:04,data_go_kr,경상남도,A2800011,양산부산대학교병원,9,20260727004827,055-360-1463,Y,Y,2,1,1,1,0,0,,4,,0,0,,4,,,3,,7,1,1,6,2,,0,9,5,,,5,4,Y,,Y,1,,,Y,,Y,Y,,6,Y,Y,Y,235,Y,,Y,Y,17,24,N1,23,8,,1,16,16,11,38,11,2,,9,,,10,,0,30,6,,25,,33,4,4,6,5,6,92,24,23,19,12,2,,,766,2,3,1,1,2,2,,,0,0,,4,,,,,Y,Y,A2800011,1
2026-07-27 00:54:04,data_go_kr,경상남도,A2800001,경상국립대학교병원,11,20260727004801,055-750-8282,Y,Y,,,,,,3,,1,,,,,,,,3,2,4,3,4,,,2,0,7,,25,2,7,4,Y,,Y,,2,6,Y,13,Y,Y,,,Y,Y,Y,231,Y,,Y,Y,3,15,N1,28,3,2,3,14,8,9,15,,,,,20,6,,,3,30,,40,15,2,23,7,7,3,3,5,16,9,20,6,4,17,,,655,,,,,,6,,,,,,,,,2,6,Y,Y,A2800001,2
2026-07-27 00:54:04,data_go_kr,경상남도,A2800020,학교법인성균관대학삼성창원병원,14,20260727004942,055-233-8899,Y,Y,,,,,,1,,3,,,,,,,,7,2,3,3,4,,,,0,10,,,,,3,Y,,Y,,,,Y,,Y,Y,,,Y,Y,Y,258,Y,,Y,Y,19,16,N1,27,8,2,3,19,15,20,24,,,,,,,,,3,30,,,16,,,5,7,4,3,4,45,8,20,5,3,3,,,645,,,,,,1,,,,,,,,,,,Y,Y,A2800020,3
2026-07-27 00:54:04,data_go_kr,경상남도,A2800010,의료법인환명의료재단 조은금강병원,17,20260727005008,055-330-0200,,,,,,,,,,,,,,,,,,,1,,2,,,,,1,,,,,5,,,,Y,,,,Y,,Y,Y,,,N1,Y,N1,68,N1,11,N1,Y,,4,Y,17,,1,2,,,,,,,,,,,,23,1,,,,4,,96,,,1,2,1,7,,,,,,,2,305,,,,,,,,,,,,,,,,,Y,N1,A2800010,4
2026-07-27 00:54:04,data_go_kr,경상남도,A2800006,의료법인숭인의료재단 김해복음병원,14,20260727004829,055-330-8844,,,,,,,,,,,,,,,,,,,1,,3,,,,,1,,,,,,,,,Y,,,,Y,,Y,Y,,,Y,Y,N1,13,N1,0,N1,Y,,5,N1,16,,1,3,,,,,,,,,,,,18,1,,,,5,,,,,2,3,1,3,,,3,,,,,359,,,,,,,,,,,,,,,,,Y,N1,A2800006,5
2026-07-27 00:54:04,data_go_kr,경상남도,A2800043,한일병원,10,20260727004910,055-750-1333,,,,,,,,,,,,,,,,,,,1,,2,1,,,,0,1,,,,,,,,Y,,,,Y,,Y,Y,,,Y,Y,N1,12,N1,-1,N1,Y,,4,Y,17,,1,2,2,,,,,,,,,,,13,1,3,,,4,,,,,2,2,1,6,,,1,,,,1,282,,,,,,,,,,,,,,,,,Y,N1,A2800043,6
2026-07-27 00:54:04,data_go_kr,경상남도,A2800003,제일병원,9,20260727004918,055-750-7119,,,,,,,,,,,,,,,,,,,1,,2,,,,,,,,,,,,,Y,Y,,,,Y,,Y,Y,,,N1,Y,N1,43,N1,6,N1,Y,,4,Y,17,,1,2,,,,,,,,,,,,9,,,,,7,,,,,2,2,1,4,,,,,,1,1,258,,,,,,,,,,,,,,,,,Y,N1,A2800003,7
2026-07-27 00:54:04,data_go_kr,경상남도,A2800017,의료법인합포의료재단에스엠지연세병원,16,20260727005008,055-240-7777,,,,,,,,,,,,,,,,,,,1,,2,,,,,1,,,,,,,,,Y,,,,Y,,Y,Y,,,Y,Y,N1,38,N1,5,N1,Y,,4,N1,17,,1,2,,,,,,,,,,,,12,1,,,,4,,,,,1,2,1,7,,,1,,,,,286,,,,,,,,,,,,,,,,,Y,N1,A2800017,8
2026-07-27 00:54:04,data_go_kr,경상남도,A2803505,창원경상국립대학교병원,16,20260727004803,055-214-1339,Y,Y,,,,,,,,,,,,5,0,,,,1,,2,,,,,2,,,,,8,6,Y,,Y,,,,Y,,Y,Y,,,Y,Y,Y,199,Y,13,Y,Y,7,13,N1,18,,1,2,,,,17,,,,,,,,34,2,,,,13,,22,6,9,3,2,5,52,9,22,6,7,14,,,437,,,,,,,,,,,5,0,,,,,Y,Y,A2803505,9
2026-07-27 00:54:04,data_go_kr,경상남도,A2800007,창원한마음병원,7,20260727004810,055-225-0350,Y,Y,,,,,,,,-1,,,,,,,,,1,0,3,,,,,1,,,,,,1,Y,,Y,,,,Y,,Y,Y,,,Y,Y,Y,82,Y,,Y,Y,10,13,Y,21,,1,3,,25,37,10,,,,,,,,,1,,,,13,,,6,2,4,4,4,29,3,11,6,1,2,,2,688,,,,,,,,,,,,,,,,,Y,Y,A2800007,10
2026-07-27 00:54:04,data_go_kr,경상남도,A2800004,창원파티마병원,12,20260727004606,055-270-1119,Y,Y,,,,,,,,3,,,,,,,,,1,6,2,0,,,,0,2,,,,,3,Y,Y,Y,,,,Y,,Y,Y,,,Y,Y,N1,113,Y,,Y,Y,2,7,N1,17,,1,2,2,12,13,2,,,,,,,,,2,3,,,7,,,6,2,4,3,3,16,3,6,3,,4,1,,444,,,,,,,,,,,,,,,,,Y,Y,A2800004,11
2026-07-27 00:54:04,data_go_kr,경상남도,A2800008,의료법인 거붕 백병원,7,20260727004957,055-733-0180,,,,,,,,,,,,,,,,,,,,,1,,,,,,,,,,,,,,Y,,,,,,Y,N1,,,N1,Y,N1,55,N1,9,N1,Y,,4,N1,9,,,1,,,,,,,,,,,,20,,,,,4,,,,,2,2,,12,,,,,,,,365,,,,,,,,,,,,,,,,,Y,N1,A2800008,12
2026-07-27 00:54:04,data_go_kr,경상남도,A2800005,의료법인 대우의료재단대우병원,8,20260727005009,055-680-8119,,,,,,,,,,,,,,,,,,,,,0,,,,,,,,,,,,,,Y,,,,,,Y,N1,,,N1,Y,N1,43,N1,3,N1,Y,,4,N1,9,,,1,,,,,,,,,,,,10,,,,,4,,,,,2,1,,5,,,,,,,,231,,,,,,,,,,,,,,,,,Y,N1,A2800005,13
2026-07-27 00:54:04,data_go_kr,경상남도,A2800022,의료법인 성념의료재단맑은샘병원,7,20260727004848,055-736-0119,,,,,,,,,,,,,,,,,,,,,1,,,,,,,,,,,,,,Y,,,,,,Y,N1,,,N1,Y,N1,18,N1,,N1,Y,,2,N1,9,,,1,,,,,,,,,,,,,,,,,2,,,,,1,1,,4,,,,,,,,200,,,,,,,,,,,,,,,,,Y,N1,A2800022,14
2026-07-27 00:54:04,data_go_kr,경상남도,A2800076,거창적십자병원,9,20260727004939,055-949-3359,,Y,,,,,,,,,,,,,,,,,,,1,,,,,,,,,,,,Y,,Y,,,,,,Y,N1,,,N1,Y,N1,31,N1,,Y,Y,,2,N1,9,,,1,,,,,,,,,,,,,,,,,2,,,,1,1,1,,2,,2,,,,,,91,,,,,,,,,,,,,,,,,Y,N1,A2800076,15
2026-07-27 00:54:04,data_go_kr,경상남도,A2800032,강병원,9,20260727005030,055-673-4848,,,,,,,,,,,,,,,,,,,,,1,,,,,,,,,,,,,,Y,,,,,,Y,N1,,,N1,Y,N1,13,N1,,N1,Y,,1,N1,9,,,1,,,,,,,,,,,,,,,,,1,,,,,1,1,,1,,,,,,,,99,,,,,,,,,,,,,,,,,Y,N1,A2800032,16
2026-07-27 00:54:04,data_go_kr,경상남도,A2803677,강일병원,8,20260727005005,055-822-0119,,,,,,,,,,,,,,,,,,,1,,2,,,,,,,,,,,,,,Y,,,,Y,,Y,Y,,,N1,Y,N1,122,N1,14,N1,Y,,5,N1,8,,1,2,,,,,,,,,,,,15,,,,,5,,,,,1,2,1,1,,,,,,,,275,,,,,,,,,,,,,,,,,Y,N1,A2803677,17
2026-07-27 00:54:04,data_go_kr,경상남도,A2800014,의료법인갑을의료재단 갑을장유병원,5,20260727004834,055-310-6119,,,,,,,,,,,,,,,,,,,1,,,,,,,,,,,,,,,,Y,,,,,,Y,N1,,,N1,Y,N1,38,N1,,N1,Y,,4,N1,9,,1,,,,,,,,,,,,,,,,,,4,,,,,1,1,,1,,,,,,,,210,,,,,,,,,,,,,,,,,Y,N1,A2800014,18
2026-07-27 00:54:04,data_go_kr,경상남도,A2800094,의료법인 이도의료재단 남해병원,8,20260726230310,055-860-6630,N,N,,,,,,,,,,,,,,,,,1,,1,,,,,,,,,,,,N,N,Y,,,,N,,Y,N,,,N,Y,N,73,N,,N,Y,,2,N,,,,,,,,,,,,,,,,,,,,,,,,,,,,,,,,,,,,,,,,,,,,,,,,,,,,,,N,N,A2800094,19
2026-07-27 00:54:04,data_go_kr,경상남도,A2800113,밀양병원,7,20260727004721,055-356-9119,,,,,,,,,,,,,,,,,,,,,1,,,,,,,,,,,,,,Y,,,,,,Y,N1,,,N1,Y,N1,29,N1,,N1,Y,,0,N1,8,,,1,,,,,,,,,,,,,,,,,0,,,,,1,1,,1,,,,,,,,200,,,,,,,,,,,,,,,,,Y,N1,A2800113,20
2026-07-27 00:54:04,data_go_kr,경상남도,A2800068,의료법인승연의료재단 삼천포서울병원,9,20260727004127,055-830-9019,,,,,,,,,,,,,,,,,,,,,1,,,,,,,,,,,,,,Y,,,,Y,,Y,Y,,,N1,Y,N1,28,N1,,N1,Y,,3,Y,9,,,1,,,,,,,,,,,,,,,,,3,,,,,1,2,1,4,,,,,,,1,287,,,,,,,,,,,,,,,,,Y,N1,A2800068,21
2026-07-27 00:54:04,data_go_kr,경상남도,A2800101,삼천포제일병원,8,20260727004607,055-830-3099,,,,,,,,,,,,,,,,,,,,,2,,,,,,,,,,,,,,Y,,,,,,Y,N1,,,N1,Y,N1,70,N1,,N1,Y,,2,N,8,,,2,,,,,,,,,,,,,,,,,2,,,,,1,1,,1,,,,,,,1,214,,,,,,,,,,,,,,,,,Y,N1,A2800101,22
2026-07-27 00:54:04,data_go_kr,경상남도,E2800380,산청군보건의료원,5,20260727005001,055-970-7582,,,,,,,,,,,,,,,,,,,,,1,,,,,,,,,,,,,,,,,,,,Y,N1,,,N1,N1,N1,20,N1,,N1,N1,,,N1,5,,,1,,,,,,,,,,,,,,,,,,,,,,,,,1,,,,,,,,20,,,,,,,,,,,,,,,,,Y,N1,E2800380,23
2026-07-27 00:54:04,data_go_kr,경상남도,A2804593,양산성모병원,13,20260727005019,055-912-9785,,,,,,,,,,,,,,,,,,,1,,,,,,,,,,,,,,,,Y,,,,,,Y,N1,,,N1,Y,N1,142,N1,6,N1,Y,,4,N1,13,,1,,,,,,,,,,,,,6,,,,,4,,,,,1,2,,1,,,,,,,,214,,,,,,,,,,,,,,,,,Y,N1,A2804593,24
2026-07-27 00:54:04,data_go_kr,경상남도,A2800019,베데스다복음병원,9,20260727005042,055-781-9911,,,,,,,,,,,,,,,,,,,,,1,,,,,,,,,,,,,,Y,,,,,,Y,N1,,,N1,Y,N1,46,N1,,N1,Y,,3,N1,9,,,1,,,,,,,,,,,,,,,,,3,,,,,1,1,,1,,,,,,,,133,,,,,,,,,,,,,,,,,Y,N1,A2800019,25
2026-07-27 00:54:04,data_go_kr,경상남도,A2800090,의령병원,4,20260727004726,055-573-6806,,,,,,,,,,,,,,,,,,,,,1,,,,,,,,,,,,,,Y,,,,,,Y,N1,,,N1,Y,N1,35,N1,,N1,N1,,,N1,4,,,1,,,,,,,,,,,,,,,,,,,,,,1,,,1,,,,,,,,58,,,,,,,,,,,,,,,,,Y,N1,A2800090,26
2026-07-27 00:54:04,data_go_kr,경상남도,A2800084,반도병원,6,20260727005003,055-749-0200,,,,,,,,,,,,,,,,,,,,,1,,,,,,,,,,,,,,Y,,,,,,Y,N1,,,N1,Y,N1,64,N1,,N1,Y,,3,N1,7,,,1,,,,,,,,,,,,,,,,,3,,,,,1,1,,3,,,,,,,,165,,,,,,,,,,,,,,,,,Y,N1,A2800084,27
2026-07-27 00:54:04,data_go_kr,경상남도,A2800015,의료법인 문병욱의료재단 진주고려병원,8,20260727004622,055-751-2525,,,,,,,,,,,,,,,,,,,,,1,,,,,,,,,,,,,,Y,,,,Y,,Y,Y,,,N1,Y,N1,73,N1,3,N1,Y,,4,Y,10,,,1,,,,,,,,,,,,9,,,,,4,,,,,2,2,1,4,,,,,,,1,229,,,,,,,,,,,,,,,,,Y,N1,A2800015,28
2026-07-27 00:54:04,data_go_kr,경상남도,A2800037,진주복음병원,5,20260727004941,055-749-7119,,,,,,,,,,,,,,,,,,,,,1,,,,,,,,,,,,,,Y,,,,,,Y,N1,,,N1,Y,N1,36,N1,,N1,N,,3,N1,9,,,1,,,,,,,,,,,,,,,,,3,,,,,1,1,,1,,,,,,,,131,,,,,,,,,,,,,,,,,N,N1,A2800037,29
2026-07-27 00:54:04,data_go_kr,경상남도,A2800062,태황의료재단한성병원,7,20260727004953,055-530-5119,,,,,,,,,,,,,,,,,,,,,1,,,,,,,,,,,,,,,,,,,,Y,N1,,,N1,N1,N1,49,N1,,N1,N1,,,N1,9,,,1,,,,,,,,,,,,,,,,,,,,,,,,,,,,,,,,,167,,,,,,,,,,,,,,,,,N1,N1,A2800062,30
2026-07-27 00:54:04,data_go_kr,경상남도,A2800025,경상남도마산의료원,13,20260727005002,055-249-1119,,,,,,,,,,,,,,,,,,,1,,1,,,,,2,,,,,,19,,,Y,,,,,,Y,N1,,,Y,Y,N1,66,N1,5,N1,Y,,5,N1,13,,1,1,,,,,,,,,,,,6,2,,,,5,,,27,,1,1,,17,,,2,,,,,263,,,,,,,,,,,,,,,,,Y,N1,A2800025,31
2026-07-27 00:54:04,data_go_kr,경상남도,A2800009,의료법인청아의료재단청아병원,7,20260727005013,055-230-1700,,,,,,,,,,,,,,,,,,,,,1,,,,,,,,,,,,,,Y,,,,,,Y,N1,,,N1,Y,N1,74,N1,,N1,Y,,4,N1,9,,,1,,,,,,,,,,,,,,,,,4,,,,,2,2,,4,,,,,,,,274,,,,,,,,,,,,,,,,,Y,N1,A2800009,32
2026-07-27 00:54:04,data_go_kr,경상남도,A2800021,연세에스병원,7,20260727004634,055-548-7789,,,,,,,,,,,,,,,,,,,,,1,,,,,,,,,,,,,,Y,,,,Y,,Y,Y,,,N1,Y,N1,112,N1,7,N1,Y,,2,N1,9,,,1,,,,,,,,,,,,10,,,,,3,,,,,2,2,1,5,,,,,,,,255,,,,,,,,,,,,,,,,,Y,N1,A2800021,33
2026-07-27 00:54:04,data_go_kr,경상남도,A2800092,새통영병원,6,20260727005022,055-640-4119,,,,,,,,,,,,,,,,,,,,,1,,,,,,,,,,,,,,Y,,,,,,Y,N1,,,N1,Y,N1,57,N1,,N1,Y,,3,N1,9,,,1,,,,,,,,,,,,,,,,,3,,,,,1,2,,3,,,,,,,,256,,,,,,,,,,,,,,,,,Y,N1,A2800092,34
2026-07-27 00:54:04,data_go_kr,경상남도,A2800080,함양성심병원,4,20260727004801,055-964-4322,,,,,,,,,,,,,,,,,,,,,1,,,,,,,,,,,,,,Y,,,,,,Y,N1,,,N1,Y,N1,1,N1,,N1,Y,,2,N1,4,,,1,,,,,,,,,,,,,,,,,2,,,,,1,1,,1,,,,,,,,121,,,,,,,,,,,,,,,,,Y,N1,A2800080,35
2026-07-27 00:54:04,data_go_kr,경상남도,A2800055,삼성합천병원,4,20260727005001,070-5125-5030,,,,,,,,,,,,,,,,,,,,,1,,,,,,,,,,,,,,Y,,,,,,Y,N1,,,N1,Y,N1,23,N1,,N1,Y,,2,N1,4,,,1,,,,,,,,,,,,,,,,,2,,,,,1,1,,1,,,,,,,,141,,,,,,,,,,,,,,,,,Y,N1,A2800055,36
2026-07-27 00:54:04,data_go_kr,제주특별자치도,A2900001,제주한라병원,9,20260727005131,064-740-5159,Y,Y,,,,,0,0,,,3,,,,,,,3,2,,3,3,,,,,16,,5,2,,,Y,,Y,,2,6,Y,9,Y,Y,,,Y,Y,Y,153,Y,7,Y,Y,3,6,N1,15,3,2,3,14,,,7,,,,,20,,,15,,30,,40,6,2,,,2,3,2,3,46,3,8,9,4,2,,,414,,,,,4,2,,4,,,,,,,2,6,Y,Y,A2900001,1
2026-07-27 00:54:04,data_go_kr,제주특별자치도,A2900002,제주특별자치도서귀포의료원,10,20260727005002,064-730-3001,,Y,,,,,,,,,,,,,,,,3,1,,4,2,,,,3,3,,,,3,,Y,,Y,,,,Y,,Y,Y,,,Y,Y,N1,145,N1,7,Y,Y,,4,Y,16,4,1,4,2,,,,,,,,,,,17,3,3,,,4,,26,,1,2,1,1,16,,4,3,,,,1,326,,,,,,,,,,,,,,,,,Y,N1,A2900002,2
2026-07-27 00:54:04,data_go_kr,제주특별자치도,A2900007,제주대학교병원,6,20260727005000,,Y,Y,,,,,,,,0,,,,,,,,,1,3,1,,3,,4,,,,,,4,5,Y,,Y,,,,Y,,Y,Y,,,Y,Y,Y,117,Y,,Y,Y,9,12,N1,20,,1,5,,12,12,16,3,,,,,6,,,,,,,12,,20,9,3,2,2,4,45,8,17,10,5,3,,,458,,,,,,,,,,,,,,,,,Y,Y,A2900007,3
2026-07-27 00:54:04,data_go_kr,제주특별자치도,A2900005,한마음병원,6,20260727004652,064-750-9119,,,,,,,,,,,,,,,,,,,1,,2,,,,,,,,,,,,,,Y,,,,Y,,Y,Y,,,Y,Y,N1,70,N1,5,N1,Y,,4,N1,17,,1,2,,,,,,,,,,,,12,,,,,4,,,,,1,1,1,6,,,2,,,,,216,,,,,,,,,,,,,,,,,Y,N1,A2900005,4
2026-07-27 00:54:04,data_go_kr,제주특별자치도,A2900006,의료법인중앙의료재단중앙병원,7,20260727004933,064-786-7777,,,,,,,,,,,,,,,,,,1,1,,2,,,,,,,,,,,,,,Y,,,,Y,,Y,Y,,,Y,Y,Y,97,N1,7,N1,Y,,3,N1,16,1,1,2,,,,,,,,,,,,16,,,,,3,,,,,1,1,2,10,,,2,1,,,,281,,,,,,,,,,,,,,,,,Y,N1,A2900006,5
2026-07-27 00:54:04,data_go_kr,제주특별자치도,A2900003,의료법인 혜인의료재단 한국병원,4,20260727004855,064-750-0160,,,,,,,,,,,,,,,,,,,,,1,,,,,,,,,,,,,,Y,,,,,,Y,N1,,,N1,Y,N1,37,N1,0,N1,Y,,3,N1,9,,,1,,,,,,,,,,,,10,,,,,3,,,,,1,1,,6,,,,,,,,209,,,,,,,,,,,,,,,,,Y,N1,A2900003,6
2026-07-27 01:45:15,data_go_kr,서울특별시,A1100043,강동경희대학교병원,7,20260727014019,02-440-7000,Y,Y,,,,,2,,,,,,,,,1,,3,2,,2,2,,,,,0,,,,,0,Y,N,Y,,,,Y,,Y,Y,,,Y,Y,Y,160,Y,7,Y,Y,3,17,N,15,3,2,3,19,,,17,,,,,,,,27,,30,,,17,,,1,8,2,2,3,32,9,13,4,1,1,0,0,625,,,,,3,,,,,,,,2,,,,Y,Y,A1100043,1
2026-07-27 01:45:15,data_go_kr,서울특별시,A1100014,고려대학교의과대학부속구로병원,12,20260727013619,02-2626-1550,Y,Y,5,,,,,,,2,,,,,,,,3,,1,,1,,,,3,5,,,,3,2,Y,,Y,,,,Y,,Y,Y,,,Y,Y,Y,98,Y,8,Y,Y,0,24,N1,29,3,,,20,20,10,23,,,,,,,,35,10,30,,,24,,18,4,2,6,6,4,98,11,35,15,10,3,,,778,5,,,,,,,,,,,,,,,,Y,Y,A1100014,2
2026-07-27 01:45:15,data_go_kr,서울특별시,A1100013,한양대학교병원,16,20260727013801,02-2290-8284,Y,Y,4,3,,,1,3,,0,,,,,,,,1,,7,,3,,,,1,7,,,,1,0,Y,,Y,,,,Y,,Y,Y,,,Y,Y,Y,221,Y,0,Y,Y,2,16,Y,20,3,,,22,12,13,25,,,,,,,,0,2,30,,,16,,16,2,1,3,2,3,69,10,20,11,4,3,,1,670,4,8,,,2,5,,,,,,,,,,,Y,Y,A1100013,3
2026-07-27 01:45:15,data_go_kr,서울특별시,A1100008,학교법인고려중앙학원고려대학교의과대학부속병원(안암병원),15,20260727013748,02-920-5374,Y,Y,2,5,,,0,,,0,,,,,,,,4,,2,,1,,,3,1,10,,,,2,1,Y,,Y,,,,Y,,Y,Y,,,Y,Y,Y,69,Y,,Y,Y,-1,25,N1,30,4,,,15,16,19,17,,,,,,9,,,6,31,,,25,,10,3,4,7,6,8,84,14,20,11,8,7,,,777,2,7,,,6,,,,,,,,,,,,Y,Y,A1100008,4
2026-07-27 01:45:15,data_go_kr,서울특별시,A1100005,이화여자대학교의과대학부속목동병원,16,20260727013549,02-2650-5911,Y,Y,,,,,0,0,,1,,,,,,,,8,2,4,4,4,,,,0,13,,,,4,4,Y,,Y,3,,,Y,,Y,Y,,,Y,Y,Y,91,Y,,Y,Y,13,13,N1,19,8,2,4,19,10,13,28,,,,14,,,,,4,32,,,13,,10,9,2,4,4,4,58,10,34,9,3,5,,,526,,,,,1,1,,,,,,,,,,,Y,Y,A1100005,5
2026-07-27 01:45:15,data_go_kr,서울특별시,A1100017,서울대학교병원,-4,20260727014022,02-2072-2475,Y,Y,,,1,1,1,0,,1,,0,0,,0,,,6,2,8,4,7,4,0,4,11,14,6,,,6,5,Y,Y,Y,0,,,Y,,Y,Y,2,1,Y,Y,Y,184,Y,,Y,Y,4,53,N1,24,10,2,4,17,10,18,40,22,2,10,5,,8,10,,28,30,6,,53,,41,7,4,13,13,14,160,19,46,22,9,3,1,,1365,,,1,1,2,1,,,0,0,,8,,,,,Y,Y,A1100017,6
2026-07-27 01:45:15,data_go_kr,서울특별시,A1100035,서울특별시서울의료원,6,20260727014000,02-2276-7000,Y,Y,,,,,0,3,1,0,,,,,,,,2,2,,3,4,,,,,0,,,,11,2,Y,Y,Y,2,,,Y,,Y,Y,,,Y,Y,Y,90,Y,0,Y,Y,2,10,Y,19,3,2,3,14,7,,3,,,,6,,,,5,,28,,,10,,30,3,4,5,3,5,65,5,12,7,2,4,1,2,461,,,,,2,4,2,,,,,,,,,,Y,Y,A1100035,7
2026-07-27 01:45:15,data_go_kr,서울특별시,A1100015,연세대학교의과대학강남세브란스병원,10,20260727013839,02-2019-3333,Y,Y,,,,,,,,,,,,,,,,2,1,,2,,,,5,,,,,,,5,Y,,Y,8,,,Y,,Y,Y,,,Y,Y,Y,66,Y,15,Y,Y,0,23,N1,21,2,1,2,,,,28,,,,12,,8,,29,,,,,23,,,5,1,4,3,6,47,10,23,6,3,5,,,691,,,,,,,,,,,,,,,,,Y,Y,A1100015,8
2026-07-27 01:45:15,data_go_kr,서울특별시,A1100010,삼성서울병원,0,20260727013753,02-3410-2060,Y,Y,,,,,,,,15,,,,,,,,3,2,17,0,,5,,5,2,,,,,6,12,Y,,Y,6,,,Y,,Y,Y,,19,Y,Y,Y,200,Y,14,Y,Y,1,52,N1,52,4,2,2,,30,23,59,15,,,12,,12,36,14,2,,,,53,,27,18,8,19,16,15,117,22,43,21,11,2,,,1528,,,,,,,,,,,,,,,,,Y,Y,A1100010,9
2026-07-27 01:45:15,data_go_kr,서울특별시,A1100028,성심의료재단강동성심병원,7,20260727013534,02-2224-2358,Y,Y,,,,,,,,0,,,,,,,2,,1,,6,,,,,2,,,,,,0,Y,,Y,,,,Y,,Y,Y,,,Y,Y,Y,155,Y,-2,Y,Y,3,13,N1,15,,1,6,,18,,3,,,,,,,,19,5,,,,13,,,2,1,4,2,5,35,3,3,8,3,1,,,566,,,,,,,,,,,,,,2,,,Y,Y,A1100028,10
2026-07-27 01:45:15,data_go_kr,서울특별시,A1100053,한국보훈복지의료공단중앙보훈병원,14,20260727010347,02-2225-1100,,,,,,,,,,6,,,,,,,,,1,10,2,0,,,3,1,0,,,,35,0,N,,Y,2,,,Y,,Y,Y,,,Y,Y,Y,161,N1,,N1,Y,,13,N1,22,,1,2,2,14,14,,,,,13,,10,,,1,3,,,13,,60,7,1,3,4,4,38,,,10,1,,,,820,,,,,,,,,,,,,,,,,Y,N1,A1100053,11
2026-07-27 01:45:15,data_go_kr,서울특별시,A1120796,이화여자대학교의과대학부속서울병원,-1,20260727013645,02-6986-5119,Y,Y,,,,,,,,0,,,,,,,,5,2,9,6,,,,2,1,,,,,,3,Y,,Y,1,,,Y,,Y,Y,,5,Y,Y,Y,192,Y,0,Y,Y,1,19,N1,14,9,2,6,,10,17,24,,,,17,,11,19,11,7,,,,19,,,4,2,5,5,8,71,9,22,12,4,5,,,732,,,,,,,,,,,,,,,,,Y,Y,A1120796,12
2026-07-27 01:45:15,data_go_kr,서울특별시,A1100041,의료법인서울효천의료재단에이치플러스양지병원,18,20260727014013,070-4665-9119,,,,,,,,,,,,,,,,,,,1,,2,,,,,0,,,,,,2,,,Y,,,,Y,,Y,Y,,,Y,Y,Y,50,Y,2,N1,Y,,7,N1,18,,1,2,,,,,,,,,,,,20,1,,,,7,,,3,,2,3,3,23,,,4,1,1,,,301,,,,,,,,,,,,,,,,,Y,N1,A1100041,13
2026-07-27 01:45:15,data_go_kr,서울특별시,A1100002,건국대학교병원,11,20260727013746,02-2030-5555,Y,Y,,,,,,,,7,,,,,,,,3,1,15,2,,,,,1,,,,,9,1,Y,,Y,,,,Y,,Y,Y,,,Y,Y,Y,225,Y,,Y,Y,0,21,N1,20,4,1,2,,24,25,16,,,,,,,,,1,,,,21,,14,3,2,4,4,5,45,7,18,7,3,14,,,678,,,,,,,,,,,,,,,,,Y,Y,A1100002,14
2026-07-27 01:45:15,data_go_kr,서울특별시,A1100016,인제대학교상계백병원,8,20260727013653,02-950-1119,Y,Y,,,,,,,,1,,,,,,,4,,1,4,2,,,,,1,,,,,3,1,Y,,Y,,,,Y,,Y,Y,,,Y,Y,Y,95,Y,,Y,Y,-1,13,N1,16,,1,2,,19,18,15,,,,,,,,,4,,,,13,,5,2,2,3,2,3,36,10,25,10,3,1,,,390,,,,,,,,,,,,,,4,,,Y,Y,A1100016,15
2026-07-27 01:45:15,data_go_kr,서울특별시,A1100048,노원을지대학교병원,13,20260727013602,02-970-8282,Y,Y,,,,,,,,5,,,,,,,,,1,6,4,,,,,2,,,,,3,0,Y,,Y,,0,0,Y,,Y,Y,,,Y,Y,Y,220,N1,,Y,Y,1,11,N1,17,,1,4,,16,16,10,,,,,,,,,2,,,,11,,21,1,3,2,2,2,26,8,19,3,1,,,,479,,,,,,,,,,,,,,,0,0,Y,Y,A1100048,16
2026-07-27 01:45:15,data_go_kr,서울특별시,A1100020,의료법인한전의료재단한일병원,10,20260727014004,02-901-3119,N,N,,,,,,,,,,,,,,,,2,2,,0,0,,,,0,2,,,,,1,,Y,Y,,,,Y,,Y,Y,,,Y,Y,N1,77,Y,3,N,Y,,8,Y,21,2,2,2,2,,,,,,,,,,,21,1,3,,,8,,,5,,2,1,1,25,1,4,2,,4,2,2,389,,,,,,,,,,,,,,,,,Y,N,A1100020,17
2026-07-27 01:45:15,data_go_kr,서울특별시,A1100001,경희대학교병원,10,20260727013929,02-958-8114,Y,Y,,,,,,,,,,,,,,,,1,2,,3,,,,,,,,,,10,9,Y,,Y,4,,,Y,,Y,Y,,,Y,Y,Y,190,Y,17,Y,Y,0,16,N1,15,3,2,3,,,,14,,,,15,,,,73,,,,,16,,20,10,3,3,3,5,48,6,12,8,3,2,,,657,,,,,,,,,,,,,,,,,Y,Y,A1100001,18
2026-07-27 01:45:15,data_go_kr,서울특별시,A1100021,삼육서울병원,7,20260727013845,02-2210-3566,,N,,,,,,,,,,,,,,,2,,1,,2,0,,,,1,0,,,,,3,Y,,Y,,,,Y,,Y,Y,,,Y,Y,Y,70,Y,2,N,Y,4,5,Y,13,,1,2,2,,,4,,,,,,,,15,1,3,,,5,,,4,2,1,1,2,20,,4,5,2,1,,1,389,,,,,,,,,,,,,,4,,,Y,N1,A1100021,19
2026-07-27 01:45:15,data_go_kr,서울특별시,A1100040,서울특별시보라매병원,15,20260727014000,02-870-2119,Y,Y,,,,,,,,4,,,,,,,,3,2,9,1,,,,3,1,,,,,0,0,Y,,Y,,,,Y,,Y,Y,,,Y,Y,Y,221,Y,,Y,Y,0,14,N1,31,3,2,1,,15,16,14,,,,,,4,,,4,,,,14,,14,3,4,6,3,5,48,14,13,5,9,2,,,695,,,,,,,,,,,,,,,,,Y,Y,A1100040,20
2026-07-27 01:45:15,data_go_kr,서울특별시,A1100003,중앙대학교병원,1,20260727014008,02-6299-1338,Y,Y,0,0,,,1,,,0,,,,,4,,,1,0,5,0,3,,,,0,,,,,4,2,Y,,Y,,,,Y,,Y,Y,,,Y,Y,Y,194,Y,,Y,Y,0,16,N1,18,4,0,0,12,12,17,25,,,,,,,,,11,,,,16,,24,2,2,4,3,4,51,9,21,13,6,12,,,631,0,0,,,1,,,,,,,4,,,,,Y,Y,A1100003,21
2026-07-27 01:45:15,data_go_kr,서울특별시,A1100007,연세대학교의과대학세브란스병원,19,20260727013832,02-2227-7777,Y,Y,,,1,1,,,,4,,,,,,,,4,1,13,3,,5,1,14,3,,1,,,1,0,Y,Y,Y,6,,,Y,,Y,Y,5,9,Y,Y,Y,324,Y,6,Y,Y,12,3,N1,39,8,1,3,,29,24,52,22,2,10,29,,23,17,18,5,,6,,3,,20,30,8,16,16,17,206,55,61,21,16,21,1,,1872,,,1,1,,,,,,,,,,,,,Y,Y,A1100007,22
2026-07-27 01:45:15,data_go_kr,서울특별시,A1100012,학교법인가톨릭학원가톨릭대학교서울성모병원,-6,20260727014014,02-2258-2370,Y,Y,1,2,1,0,,,,6,,,,,,,,1,,16,,,1,1,3,12,,0,,,16,3,Y,,Y,16,,,Y,,Y,Y,,6,Y,Y,Y,191,Y,1,Y,Y,6,32,N1,28,7,,,,22,22,50,3,2,,19,,10,8,5,18,,6,,32,,35,10,2,9,10,8,80,40,39,11,9,4,,,1059,1,5,1,1,,,,,,,,,,,,,Y,Y,A1100012,23
2026-07-27 01:45:15,data_go_kr,서울특별시,A1100009,재단법인아산사회복지재단서울아산병원,13,20260727013715,02-3010-3333,Y,Y,,,2,0,1,2,,0,,,,,,,,0,1,14,7,2,3,1,4,9,4,0,,,8,5,Y,,Y,1,,,Y,,Y,Y,7,5,Y,Y,Y,253,Y,10,Y,Y,10,4,Y,36,11,1,22,2,24,37,61,26,2,13,12,,12,12,12,47,4,6,,4,,28,8,8,21,15,17,190,33,49,30,14,5,,1,2089,,,2,1,1,6,,,,,,,,,,,Y,Y,A1100009,24
2026-07-27 01:45:15,data_go_kr,서울특별시,A1100011,가톨릭대학교여의도성모병원,14,20260727014014,02-3779-1199,,,,,,,,,,0,,,,,,,,,1,1,4,,,,,1,,,,,,1,Y,,Y,2,,,Y,,Y,Y,,,Y,Y,Y,76,Y,,N1,Y,,13,N1,15,,1,4,,11,9,,,,,9,,,,,1,,,,13,,,1,2,2,2,2,23,,,5,2,2,,,330,,,,,,,,,,,,,,,,,Y,N1,A1100011,25
2026-07-27 01:45:15,data_go_kr,서울특별시,A1100055,한림대학교강남성심병원,14,20260727013711,02-829-5119,Y,Y,,,,,,,,0,,,,,,,,3,1,0,4,,,,4,1,,,,,,,Y,,Y,,,,Y,,Y,Y,,,Y,Y,Y,166,Y,,Y,Y,0,14,N1,20,3,1,4,,21,25,12,,,,,,10,,,7,,,,14,,,,3,3,3,3,54,21,22,13,3,2,,,496,,,,,,,,,,,,,,,,,Y,Y,A1100055,26
2026-07-27 01:45:15,data_go_kr,서울특별시,A1100054,성애의료재단성애병원,10,20260727013854,02-840-7115,Y,Y,,,,,,,,,,,,,,,,,1,,4,,,,,1,,,,,,,Y,,Y,,,,Y,,Y,Y,,,Y,Y,N1,39,N1,2,Y,Y,3,5,N1,15,,1,4,,,,4,,,,,,,,19,1,,,,5,,,,2,2,2,1,8,5,14,2,,,,,252,,,,,,,,,,,,,,,,,Y,Y,A1100054,27
2026-07-27 01:45:15,data_go_kr,서울특별시,A1100004,순천향대학교부속서울병원,10,20260727013923,02-709-9117,Y,Y,,,,,,,,,,,0,,0,,0,4,1,,2,,,,,1,,,,,10,3,Y,,Y,,,,Y,,Y,Y,,,Y,Y,Y,151,Y,2,Y,Y,0,14,N1,20,4,1,2,,,,13,,,,,,,,45,10,,,,14,,21,4,7,3,3,4,51,8,17,14,5,3,,,600,,,,,,,,,,0,,0,,0,,,Y,Y,A1100004,28
2026-07-27 01:45:15,data_go_kr,서울특별시,A1121013,가톨릭대학교은평성모병원,15,20260727014012,02-1811-7755,Y,Y,,,,,,,,0,,,,,,,,8,1,2,1,,,,5,0,,,,,,0,Y,,Y,0,,,Y,,Y,Y,,,Y,Y,Y,140,Y,,Y,Y,4,19,N1,24,8,2,2,,16,9,19,,,,13,,12,,,4,,,,19,,,5,1,4,3,5,46,19,22,10,5,20,,,651,,,,,,,,,,,,,,,,,Y,Y,A1121013,29
2026-07-27 01:45:15,data_go_kr,서울특별시,A1100006,강북삼성병원,5,20260727014033,02-2001-1000,Y,Y,,,,,,,,,,,,,,,,2,1,1,2,,,,,1,,,,,9,2,Y,,Y,2,,,Y,,Y,Y,,3,Y,Y,Y,120,Y,7,Y,Y,0,16,N1,15,2,1,2,,,4,7,,,,12,,,8,24,5,,,,16,,18,3,1,5,4,6,54,13,14,8,4,3,,,526,,,,,,,,,,,,,,,,,Y,Y,A1100006,30
2026-07-27 01:45:15,data_go_kr,서울특별시,A1100052,국립중앙의료원,14,20260727014005,02-2276-2114,N,Y,,,,,,,,,,0,,,0,0,5,3,2,0,2,2,,,,2,0,,11,2,,4,Y,,Y,,2,6,Y,8,Y,Y,,,Y,Y,Y,0,Y,3,Y,Y,,7,N1,15,3,2,3,6,,0,,,,,,20,,,13,2,0,,50,7,2,,7,1,1,1,2,56,1,3,5,5,2,,,202,,,,,,,,,0,,,0,0,5,2,6,Y,N,A1100052,31
2026-07-27 01:45:15,data_go_kr,서울특별시,A1100036,부민병원,9,20260727013528,02-2620-0119,,Y,,,,,,,,,,,,,,,,,1,,,,,,,0,,,,,,0,Y,,Y,,,,Y,,Y,Y,,,Y,Y,Y,59,N1,1,Y,Y,,8,N1,10,,1,,,,,,,,,,,,,14,1,,,,8,,,3,1,3,3,1,22,,1,2,1,,,,282,,,,,,,,,,,,,,,,,Y,N1,A1100036,32
2026-07-27 01:45:15,data_go_kr,서울특별시,A1100051,혜민병원,9,20260727013539,02-2049-9119,,,,,,,,,,,,,,,,,,,1,,,,,,,,,,,,,,,,Y,,,,,,Y,N1,,,Y,Y,N1,30,N1,8,N1,Y,,5,N1,9,,1,,,,,,,,,,,,,19,,,,,5,,,,,2,2,,16,,,2,,,,,205,,,,,,,,,,,,,,,,,Y,N1,A1100051,33
2026-07-27 01:45:15,data_go_kr,서울특별시,A1100026,구로성심병원,7,20260727013937,02-2067-1515,,,,,,,,,,,,,,,,,,,,,1,,,,,,,,,,,,,,Y,,,,,,Y,N1,,,N1,Y,N1,34,N1,4,N1,Y,,3,N1,9,,,1,,,,,,,,,,,,11,,,,,3,,,,,1,1,,5,,,,,,,,191,,,,,,,,,,,,,,,,,Y,N1,A1100026,34
2026-07-27 01:45:15,data_go_kr,서울특별시,A1100049,희명병원,9,20260727013945,02-809-0122,,,,,,,,,,,,,,,,,,,,,1,,,,,,,,,,,,,,Y,,,,,,Y,N1,,,Y,Y,Y,108,N1,1,N1,Y,,4,N1,10,,,1,,,,,,,,,,,,19,,,,,4,,,,,1,1,,9,,,1,1,,,,228,,,,,,,,,,,,,,,,,Y,N1,A1100049,35
2026-07-27 01:45:15,data_go_kr,서울특별시,A1100027,한국원자력의학원원자력병원,4,20260727014020,02-970-2620,,Y,,,,,,,,,,,,,,,0,,1,,1,,,,,1,,,,,,1,Y,,Y,,,,Y,,Y,Y,,,Y,Y,N1,230,N1,8,Y,Y,,10,N1,9,,1,1,,,,,,,,,,,,10,1,,,,10,,,1,1,4,2,1,16,,2,1,,,,,444,,,,,,,,,,,,,,1,,,Y,N1,A1100027,36
2026-07-27 01:45:15,data_go_kr,서울특별시,A1100022,서울특별시동부병원,7,20260727014020,02-920-9119,,Y,,,,,,,,,,,,,,,,,1,,1,,,,,1,,,,,,,Y,,Y,,,,,,Y,N1,,,Y,Y,N1,23,N1,1,Y,Y,,3,N1,8,,1,1,,,,,,,,,,,,8,1,,,,3,,,,1,1,1,,7,,1,1,,,,,195,,,,,,,,,,,,,,,,,Y,N1,A1100022,37
2026-07-27 01:45:15,data_go_kr,서울특별시,A1100050,서울성심병원,16,20260727013901,02-966-1616,,,,,,,,,,,,,,,,,,,1,,2,,,,,,,,,,,,,,Y,,,,,,Y,N1,,,N1,Y,N1,67,N1,9,N1,Y,,6,N1,17,,1,2,,,,,,,,,,,,10,,,,,6,,,,,1,1,,11,,,,,,,,208,,,,,,,,,,,,,,,,,Y,N1,A1100050,38
2026-07-27 01:45:15,data_go_kr,서울특별시,A1100025,의료법인동신의료재단동신병원,6,20260727013819,02-396-9161,N,N,,,,,,,,,,,,,,,,,,,1,,,,,,,,,,,,N,N,Y,,,,N,,Y,N,,,Y,Y,N,41,N,1,N,Y,,3,N,9,,,1,,,,,,,,,,,,9,,,,,3,,,,0,1,1,0,7,0,0,1,0,0,0,0,196,,,,,,,,,,,,,,,,,Y,N,A1100025,39
2026-07-27 01:45:15,data_go_kr,서울특별시,A1122033,기쁨병원,4,20260727014002,02-570-1212,,,,,,,,,,,,,,,,,,,,,1,,,,,,,,,,,,,,Y,,,,Y,,Y,Y,,,N1,Y,N1,65,N1,,N1,Y,,8,N1,4,,,1,,,,,,,,,,,,,,,,,8,,,,,2,2,1,1,,,,,,,,110,,,,,,,,,,,,,,,,,Y,N1,A1122033,40
2026-07-27 01:45:15,data_go_kr,서울특별시,A1100039,경찰병원,3,20260727014002,02-3400-1300,,,,,,,,,,,,,,,,,1,,1,,,,,,,2,,,,,,2,,,Y,,,,,,Y,N1,,,Y,Y,N1,131,N1,14,N1,Y,,7,N1,3,,1,,,,,,,,,,,,,14,2,,,,7,,,2,,2,3,,10,,,2,,,,,187,,,,,,,,,,,,,,1,,,Y,N1,A1100039,41
2026-07-27 01:45:15,data_go_kr,서울특별시,A1100019,홍익병원,4,20260727013955,02-2600-0777,,,,,,,,,,,,,,,,,,,,,1,,,,,0,,,,,,0,,,Y,,,,Y,,Y,Y,,,N,Y,N1,48,N1,9,N1,Y,,4,N1,9,,,1,,,,,,,,,,,,14,1,,,,4,,,1,,4,2,2,7,,,1,,,,,251,,,,,,,,,,,,,,,,,Y,N1,A1100019,42
2026-07-27 01:45:15,data_go_kr,서울특별시,A1100223,서울특별시서남병원,17,20260727014000,02-6300-9129,,,,,,,,,,,,,,,,0,,,1,,2,1,,,,1,0,,,,,4,,,Y,,,,,,Y,N1,,,Y,Y,Y,56,Y,5,N1,Y,,4,N1,17,,1,2,2,,,,,,,,,,,17,1,3,,,4,,,4,,2,1,,16,,,1,1,1,,,275,,,,,,,,,,,,,0,,,,Y,N1,A1100223,43
2026-07-27 01:45:15,data_go_kr,서울특별시,A1100024,명지성모병원,8,20260727014144,02-829-7800,,,,,,,,,,,,,,,,,,,1,,1,,,,,1,,,,,,,,,Y,,,,Y,,Y,Y,,,N1,Y,N1,95,N1,5,N1,Y,,3,N1,8,,1,1,,,,,,,,,,,,12,1,,,,3,,,,,1,3,2,7,,,,,,,,212,,,,,,,,,,,,,,,,,Y,N1,A1100024,44
2026-07-27 01:45:15,data_go_kr,서울특별시,A1100037,대림성모병원,8,20260727013539,02-829-9129,,,,,,,,,,,,,,,,,,,,,2,,,,,,,,,,,,,,Y,,,,,,Y,N1,,,N1,Y,N1,44,N1,,N1,Y,,4,N1,8,,,2,,,,,,,,,,,,,,,,,4,,,,,1,1,,1,,,,,,,,113,,,,,,,,,,,,,,,,,Y,N1,A1100037,45
2026-07-27 01:45:15,data_go_kr,서울특별시,A1100045,씨엠병원,9,20260727013000,070-4698-7811,,,,,,,,,,,,,,,,,,,,,1,,,,,,,,,,,,,,Y,,,,,,Y,N1,,,N1,Y,N1,34,N1,,N1,Y,,5,N1,9,,,1,,,,,,,,,,,,,,,,,5,,,,,2,2,,6,,,,,,,,110,,,,,,,,,,,,,,,,,Y,N1,A1100045,46
2026-07-27 01:45:15,data_go_kr,서울특별시,A1100023,의료법인청구성심병원,6,20260727013820,02-383-0129,,,,,,,,,,,,,,,,,,,,,1,,,,,,,,,,,,,,Y,,,,,,Y,N1,,,N1,Y,N1,8,N1,1,N1,Y,,3,N1,10,,,1,,,,,,,,,,,,6,,,,,3,,,,,1,1,,4,,,,,,,,196,,,,,,,,,,,,,,,,,Y,N1,A1100023,47
2026-07-27 01:45:15,data_go_kr,서울특별시,A1100029,서울적십자병원,10,20260727013954,02-2002-8888,,,,,,,,,,,,,,,,,,,0,,,,,,,,,,,,,,,,Y,,,,,,Y,N1,,,Y,Y,N1,87,N1,7,N1,Y,,6,N1,10,,1,,,,,,,,,,,,,12,,,,,6,,,,,1,1,,11,,,2,,,,,260,,,,,,,,,,,,,,,,,Y,N1,A1100029,48
2026-07-27 01:45:15,data_go_kr,서울특별시,A1100032,세란병원,7,20260727013957,02-737-0181,,,,,,,,,,,,,,,,,,,,,1,,,,,,,,,,,,,,Y,,,,,,Y,N1,,,N1,Y,N1,41,N1,,N1,Y,,13,N1,10,,,1,,,,,,,,,,,,,,,,,13,,,,,3,5,,3,,,,,,,,205,,,,,,,,,,,,,,,,,Y,N1,A1100032,49
2026-07-27 01:45:15,data_go_kr,서울특별시,A1100075,의료법인풍산의료재단동부제일병원,7,20260727013539,02-490-8880,,,,,,,,,,,,,,,,,,,,,1,,,,,,,,,,,,,,Y,,,,,,Y,N1,,,N1,Y,N1,41,N1,,N1,N,,2,N1,7,,,1,,,,,,,,,,,,,,,,,2,,,,,1,1,,3,,,,,,,,124,,,,,,,,,,,,,,,,,Y,N1,A1100075,50
2026-07-27 01:45:15,data_go_kr,서울특별시,A1100044,녹색병원,4,20260727014003,02-490-2113,,,,,,,,,,,,,,,,,,,1,,4,,,,,2,,,,,,1,Y,,Y,,,,,,Y,N1,,,Y,Y,N1,88,N1,7,N1,Y,,3,N1,5,,1,4,,,,,,,,,,,,17,3,,,,3,,,3,1,2,1,,22,,,1,,,,,293,,,,,,,,,,,,,,,,,Y,N1,A1100044,51
2026-07-27 01:45:15,data_go_kr,부산광역시,A1200003,동아대학교병원,23,20260727013710,051-240-5300,Y,Y,2,6,,,,0,1,,,,,,,,,3,,,,9,,,4,5,10,,,,6,1,Y,,Y,2,,,Y,,Y,Y,4,5,Y,Y,Y,150,Y,6,Y,Y,4,18,N1,26,3,,,16,,,20,,,8,13,,11,7,18,6,30,,,18,,18,3,4,5,3,4,76,11,30,16,4,4,,,738,2,6,,,,4,1,,,,,,,,,,Y,Y,A1200003,1
2026-07-27 01:45:15,data_go_kr,부산광역시,A1200022,인제대학교 해운대백병원,22,20260727013415,051-797-0135,Y,Y,,,,,2,2,,9,,,,,,,,-1,2,8,3,7,,,,0,13,,,,,0,Y,Y,Y,,,,Y,,Y,Y,,,Y,Y,Y,115,Y,,Y,Y,0,22,N1,29,3,2,3,12,28,27,23,,,,,,,,,2,30,,,22,,,7,2,5,3,4,72,8,40,17,9,11,1,,710,,,,,5,3,,,,,,,,,,,Y,Y,A1200022,2
2026-07-27 01:45:15,data_go_kr,부산광역시,A1200018,대동병원,11,20260727014029,051-550-9391,,,,,,,,,,,,,,,,,,3,1,,2,,,,,0,,,,,,1,,,Y,,,,Y,,Y,Y,,,Y,Y,N1,60,N1,0,N1,Y,,6,N1,15,3,1,2,,,,,,,,,,,,21,1,,,,6,,,1,,2,1,1,10,,,1,,,,,401,,,,,,,,,,,,,,,,,Y,N1,A1200018,3
2026-07-27 01:45:15,data_go_kr,부산광역시,A1200020,의료법인 온그룹의료재단 온병원,17,20260727013539,051-607-0139,,,,,,,,,,,,,,,,,,,1,,2,,,,,1,,,,,,5,,,Y,,,,Y,,Y,Y,,,Y,Y,N1,167,N1,7,N1,Y,,9,Y,20,,1,2,,,,,,,,,,,,23,1,,,,9,,,6,,4,2,2,7,,,1,,,,1,585,,,,,,,,,,,,,,,,,Y,N1,A1200020,4
2026-07-27 01:45:15,data_go_kr,부산광역시,A1200001,인제대학교부산백병원,14,20260727014013,051-890-5995,Y,Y,,,,,,,,5,,,,,,,,,1,4,2,,,,3,1,,,,,3,2,Y,,Y,1,,,Y,,Y,Y,,,Y,Y,Y,167,Y,5,Y,Y,2,17,Y,18,,1,2,,19,18,35,,,,12,,6,,10,1,,,,17,,20,8,4,5,3,6,68,19,38,16,3,7,,2,691,,,,,,,,,,,,,,,,,Y,Y,A1200001,5
2026-07-27 01:45:15,data_go_kr,부산광역시,A1200005,의료법인 은성의료재단 좋은삼선병원,6,20260727014029,051-310-9119,,,,,,,,,,,,,,,,,2,1,1,,2,,,,1,0,,,,,,2,,,Y,1,,,Y,,Y,Y,,,Y,Y,N1,16,N1,4,N1,Y,,7,N1,13,1,1,2,,,,,,,,5,,4,,19,2,,,,7,,,2,,2,2,2,11,,,1,,,,,375,,,,,,,,,,,,,,3,,,Y,N1,A1200005,6
2026-07-27 01:45:15,data_go_kr,부산광역시,A1200004,고신대학교복음병원,15,20260727014013,051-990-6200,Y,Y,1,4,,,,,,6,,,,,,,,,,7,,,,,7,4,,,,,14,1,Y,,Y,1,,,Y,,Y,Y,2,,Y,Y,Y,178,Y,,Y,Y,15,13,Y,25,,,,,13,8,18,,,5,13,,16,,,7,,,,13,,14,1,7,3,3,5,53,13,19,14,3,1,,1,685,1,4,,,,,,,,,,,,,,,Y,Y,A1200004,7
2026-07-27 01:45:15,data_go_kr,부산광역시,A1200002,부산대학교병원,10,20260727014000,051-240-7776,Y,Y,,,,,0,,,3,,,,0,0,0,,3,1,,2,-6,,,,3,3,,21,2,7,4,Y,,Y,0,2,12,Y,17,Y,Y,,,Y,Y,Y,356,Y,6,Y,Y,1,26,N,17,3,1,2,2,10,,20,,,,0,42,,,24,4,3,,82,26,2,19,10,12,9,6,10,100,17,17,21,9,21,,1,901,,,,,2,,,,,,0,0,0,,2,12,Y,Y,A1200002,8
2026-07-27 01:45:15,data_go_kr,부산광역시,A1200007,비에이치에스한서병원,14,20260727014010,051-998-1119,,,,,,,,,,,,,,,,,,,1,,2,2,,,,,3,,,,,,,,Y,,,,Y,,Y,Y,,,Y,Y,Y,76,N1,5,N1,Y,,4,N1,17,,1,2,2,,,,,,,,,,,14,,3,,,4,,,,,1,1,2,11,,,1,1,,,,280,,,,,,,,,,,,,,,,,Y,N1,A1200007,9
2026-07-27 01:45:15,data_go_kr,부산광역시,A1200028,(의)서일의료재단기장병원,7,20260727014020,051-723-2119,,,,,,,,,,,,,,,,,,,,,1,,,,,,,,,,,,,,Y,,,,,,Y,N1,,,N1,Y,N1,16,N1,,N1,Y,,3,N1,9,,,1,,,,,,,,,,,,,,,,,3,,,,,1,1,,1,,,,,,,,154,,,,,,,,,,,,,,,,,Y,N1,A1200028,10
2026-07-27 01:45:15,data_go_kr,부산광역시,A1200015,동남권원자력의학원원자력병원,7,20260727013802,051-720-5911,,,,,,,,,,,,,,,,,,,1,,,,,,,,,,,,,,,,Y,,,,Y,,Y,Y,,,Y,Y,Y,103,N1,8,N1,Y,,8,N1,9,,1,,,,,,,,,,,,,12,,,,,8,,,,,2,2,2,12,,,1,0,,,,261,,,,,,,,,,,,,,,,,Y,N1,A1200015,11
2026-07-27 01:45:15,data_go_kr,부산광역시,A1200013,부산성모병원(재단법인 천주교부산교구유지재단),4,20260727013910,051-933-7119,Y,Y,,,,,,,,,,,,,,,4,4,1,,,,,,,2,,,,,,0,,,Y,,,,,,Y,N1,,,Y,Y,N1,62,N1,10,Y,Y,7,7,N1,10,4,1,,,,,10,,,,,,,,18,2,,,,7,,,2,,1,1,,6,14,13,1,,,,,373,,,,,,,,,,,,,,4,,,Y,Y,A1200013,12
2026-07-27 01:45:15,data_go_kr,부산광역시,A1200026,좋은문화병원,5,20260727013956,051-630-0909,Y,Y,,,,,,,,,,,,,,,,2,1,,2,,,,,,,,,,,2,Y,,Y,,,,,,Y,N1,,,N1,Y,N1,44,N1,4,Y,Y,-1,0,Y,7,2,1,2,,,,12,,,,,,,,8,,,,,8,,,2,8,2,2,,3,6,17,,,,,1,270,,,,,,,,,,,,,,,,,Y,Y,A1200026,13
2026-07-27 01:45:15,data_go_kr,부산광역시,A1200017,의료법인정화의료재단 봉생기념병원,6,20260727013805,051-664-4119,,,,,,,,,,1,,,,,,,,,,0,1,,,,,,,,,,3,1,,,Y,,,,Y,,Y,Y,,,Y,Y,N1,48,N1,,N1,Y,,8,N1,9,,,2,,11,11,,,,,,,,,,,,,,8,,31,1,,1,2,2,11,,,4,,,,,335,,,,,,,,,,,,,,,,,Y,N1,A1200017,14
2026-07-27 01:45:15,data_go_kr,부산광역시,A1200011,동래봉생병원,7,20260727013737,051-520-5700,,,,,,,,,,,,,,,,,,,1,,1,,,,,2,,,,,,,,,Y,,,,Y,,Y,Y,,,Y,Y,N1,32,N1,1,N1,Y,,7,N1,8,,1,1,,,,,,,,,,,,18,2,,,,7,,,,,1,2,2,11,,,1,,,,,241,,,,,,,,,,,,,,,,,Y,N1,A1200011,15
2026-07-27 01:45:15,data_go_kr,부산광역시,A1200009,의료법인 광혜의료재단 광혜병원,8,20260727013859,051-504-2119,,,,,,,,,,,,,,,,,,,2,,1,,,,,,,,,,,0,,,Y,,,,,,Y,N1,,,N1,Y,N1,69,N1,0,N1,Y,,3,N1,9,,2,1,,,,,,,,,,,,9,,,,,3,,,1,,1,1,,4,,,,,,,,190,,,,,,,,,,,,,,,,,Y,N1,A1200009,16
2026-07-27 01:45:15,data_go_kr,부산광역시,A1200019,학교법인)동의병원,13,20260727013800,051-850-8777,,,,,,,,,,,,,,,,,,,,,1,,,,,,,,,,,,,,Y,,,,Y,,Y,Y,,,Y,Y,Y,109,N1,15,N1,Y,,1,N1,14,,,1,,,,,,,,,,,,23,,,,,5,,,,,2,2,2,7,,,2,1,,,,448,,,,,,,,,,,,,,,,,Y,N1,A1200019,17
2026-07-27 01:45:15,data_go_kr,부산광역시,A1200025,학교법인 춘해병원,8,20260727013843,051-608-0119,,,,,,,,,,,,,,,,,,,,,1,,,,,,,,,,,,,,Y,,,,,,Y,N1,,,N1,Y,N1,56,N1,,N1,Y,,4,N1,9,,,1,,,,,,,,,,,,,,,,,4,,,,,1,1,,3,,,,,,,,201,,,,,,,,,,,,,,,,,Y,N1,A1200025,18
2026-07-27 01:45:15,data_go_kr,부산광역시,A1200045,구포성심병원,5,20260727013858,051-330-2090,,,,,,,,,,,,,,,,,,,,,1,,,,,,,,,,,,,,Y,,,,Y,,Y,Y,,,N1,Y,N1,19,N1,,N1,Y,,4,N1,9,,,1,,,,,,,,,,,,,,,,,4,,,,,1,1,1,4,,,,,,,,243,,,,,,,,,,,,,,,,,Y,N1,A1200045,19
2026-07-27 01:45:15,data_go_kr,부산광역시,A1200006,의료법인 인당의료재단 부민병원,8,20260727013527,051-330-3129,,,,,,,,,,,,,,,,,,,1,,1,,,,,1,,,,,,,,,Y,,,,Y,,Y,Y,,,Y,Y,N1,16,N1,1,N1,Y,,8,N1,10,,1,1,,,,,,,,,,,,18,1,,,,8,,,,,2,3,1,7,,,1,,,,,366,,,,,,,,,,,,,,,,,Y,N1,A1200006,20
2026-07-27 01:45:15,data_go_kr,부산광역시,A1200016,한국보훈복지의료공단 부산보훈병원,11,20260727013758,051-601-6183,,,,,,,,,,,,,,,,,,,1,,1,,,,,1,,,,,,,,,Y,,,,Y,,Y,Y,,,N1,Y,N1,31,N1,7,N1,Y,,7,N1,11,,1,1,,,,,,,,,,,,9,1,,,,7,,,,,2,3,2,11,,,,,,,,452,,,,,,,,,,,,,,,,,Y,N1,A1200016,21
2026-07-27 01:45:15,data_go_kr,부산광역시,A1200021,삼육부산병원,6,20260727013938,051-600-7750,,Y,,,,,,,,,,,,,,,,,1,,,,,,,0,,,,,,,Y,,Y,,,,Y,,Y,Y,,,Y,Y,Y,2,N1,0,Y,Y,,,N1,9,,1,,,,,,,,,,,,,14,1,,,,,,,,1,2,1,1,9,,1,2,1,,,,302,,,,,,,,,,,,,,,,,Y,N1,A1200021,22
2026-07-27 01:45:15,data_go_kr,부산광역시,A1200008,의료법인 은성의료재단 좋은강안병원,11,20260727013941,051-610-9119,,,,,,,,,,,,,,,,,,,1,,2,,,,,1,,,,,,1,,,Y,,,,Y,,Y,Y,,,Y,Y,Y,82,N1,3,N1,Y,,11,N1,18,,1,2,,,,,,,,,,,,30,2,,,,11,,,3,,4,3,3,12,,,5,1,,,,535,,,,,,,,,,,,,,,,,Y,N1,A1200008,23
2026-07-27 01:45:15,data_go_kr,부산광역시,A1200098,의료법인 센텀의료재단 센텀종합병원,8,20260727013403,051-750-5119,,,,,,,,,,,,,,,,,,,,,1,,,,,1,,,,,,,,,Y,,,,Y,,Y,Y,,,N1,Y,N1,14,N1,2,N1,Y,,9,N1,9,,,1,,,,,,,,,,,,16,1,,,,9,,,,,2,2,1,11,,,,,,,,338,,,,,,,,,,,,,,,,,Y,N1,A1200098,24
2026-07-27 01:45:15,data_go_kr,부산광역시,A1200024,부산광역시의료원,16,20260727013915,051-607-2140,,N,,,,,,,,5,,,,,,,,,1,6,1,,,,,,,,,,8,6,N,,Y,,,,Y,,Y,Y,,,Y,Y,N1,120,N1,,N,Y,,7,N1,18,,1,1,,13,14,,,,,,,,,,,,,,7,,29,7,1,1,1,2,19,,2,4,,,,,398,,,,,,,,,,,,,,,,,Y,N1,A1200024,25
2026-07-27 01:45:15,data_go_kr,부산광역시,A1200012,의료법인 행도의료재단 해동병원,6,20260727013931,051-410-6688,,,,,,,,,,,,,,,,,,,1,,,,,,,,,,,,,0,,,Y,,,,,,Y,N1,,,Y,Y,N1,34,N1,3,N1,Y,,2,Y,6,,1,,,,,,,,,,,,,9,,,,,3,,,0,,1,1,,5,,,1,,,,12,256,,,,,,,,,,,,,,,,,Y,N1,A1200012,26
2026-07-27 01:45:15,data_go_kr,부산광역시,A1200014,영도병원,3,20260727013647,051-419-7575,,,,,,,,,,,,,,,,,,,1,,1,,,,,,,,,,,,,,Y,,,,,,Y,N1,,,N1,Y,N1,16,N1,2,N1,Y,,3,N1,7,,1,1,,,,,,,,,,,,10,,,,,3,,,,,1,1,,7,,,,,,,,217,,,,,,,,,,,,,,,,,Y,N1,A1200014,27
2026-07-27 01:45:15,data_go_kr,부산광역시,A1200023,재단법인천주교부산교구유지재단 메리놀병원,8,20260727013909,051-461-2300,,,,,,,,,,,,,,,,,,,,,1,,,,,0,,,,,,,Y,,Y,,,,Y,,Y,Y,,,Y,Y,N1,92,N1,3,N1,Y,,8,N1,9,,,1,,,,,,,,,,,,18,1,,,,8,,,,1,1,1,1,9,,,2,,,,,380,,,,,,,,,,,,,,,,,Y,N1,A1200023,28
2026-07-27 01:45:15,data_go_kr,부산광역시,A1205143,의료법인 인당의료재단 해운대부민병원,7,20260727013528,051-602-8119,,,,,,,,,,,,,,,,,,,1,,,,,,,0,,,,,,1,,,Y,,,,Y,,Y,Y,,,Y,Y,N1,23,N1,5,N1,Y,,8,Y,9,,1,,,,,,,,,,,,,19,2,,,,8,,,3,,2,2,1,10,,,1,,,,1,360,,,,,,,,,,,,,,,,,Y,N1,A1205143,29
2026-07-27 01:45:15,data_go_kr,대구광역시,A1300001,영남대학교병원,21,20260727013737,053-620-3177,Y,Y,,0,,,0,3,,1,0,,,,,,,3,2,9,3,5,,,0,3,7,,,,10,4,Y,,Y,4,,,Y,,Y,Y,,,Y,Y,Y,168,Y,,Y,Y,-1,23,Y,28,3,2,3,21,10,15,15,,,,14,,7,,,13,30,,,23,,20,7,2,4,4,4,75,5,11,8,5,5,,1,704,,0,,,1,3,,0,,,,,,,,,Y,Y,A1300001,1
2026-07-27 01:45:15,data_go_kr,대구광역시,A1300002,경북대학교병원,7,20260727013705,053-200-5100,Y,Y,2,3,,,,,,1,,,,,,,,4,,5,,8,,,6,,31,,13,2,9,2,Y,,Y,3,2,6,Y,2,Y,Y,0,4,Y,Y,Y,148,Y,,Y,Y,1,17,N1,25,4,,,20,7,7,15,,,6,7,20,10,11,,,44,,40,17,2,20,5,2,5,5,5,82,8,11,11,9,5,,,582,2,3,,,,,,,,,,,,,2,6,Y,Y,A1300002,2
2026-07-27 01:45:15,data_go_kr,대구광역시,A1300004,대구가톨릭대학교병원,11,20260727013928,053-650-3000,Y,Y,,,,,,,,0,,,,,,,,,1,3,3,,,,,2,,,,,1,3,Y,Y,Y,2,,,Y,,Y,Y,,,Y,Y,Y,276,Y,0,Y,Y,2,19,N1,24,,1,3,,15,25,42,,,,16,,,,0,6,,,,19,,20,9,2,3,3,5,58,20,32,8,3,4,1,,704,,,,,,,,,,,,,,,,,Y,Y,A1300004,3
2026-07-27 01:45:15,data_go_kr,대구광역시,A1300003,계명대학교동산병원,11,20260727013948,053-258-6306,Y,Y,,,,,,,,0,,,,,,,,,2,0,2,,2,,,0,11,,,,3,2,Y,Y,Y,3,,,Y,,Y,Y,6,,Y,Y,Y,262,Y,2,Y,Y,2,24,Y,20,,2,3,,11,13,39,7,,8,15,,,,10,4,20,,,24,,20,16,6,6,5,7,56,13,37,9,4,14,1,2,769,,,,,,,,,,,,,,,,,Y,Y,A1300003,4
2026-07-27 01:45:15,data_go_kr,대구광역시,A1300009,대구파티마병원,-8,20260727014000,053-940-7119,Y,Y,,,,,,,,0,,,,,,,,0,2,3,5,2,,,,2,2,,,,,,Y,,Y,7,,,Y,,Y,Y,,,Y,Y,Y,166,Y,,Y,Y,2,17,N1,25,5,2,5,2,17,8,8,,,,12,,,,,9,4,,,17,,,,2,5,3,4,32,11,19,5,1,1,,,539,,,,,,,,,,,,,,,,,Y,Y,A1300009,5
2026-07-27 01:45:15,data_go_kr,대구광역시,A1300010,칠곡경북대학교병원,10,20260727013905,053-200-2100,Y,Y,,,1,1,,,,4,,,,,,,,6,1,10,3,,2,1,,4,0,3,,,12,13,Y,,Y,,,,Y,,Y,Y,,,Y,Y,Y,248,Y,,Y,Y,7,18,N1,23,7,1,3,,10,15,39,10,2,,,,,,,4,0,8,,19,,20,13,2,8,5,8,52,9,27,9,3,1,,,760,,,1,1,,,,,,,,,,,,,Y,Y,A1300010,6
2026-07-27 01:45:15,data_go_kr,대구광역시,A1300034,드림종합병원,3,20260727013620,053-640-8575,,,,,,,,,,,,,,,,,1,,,,1,,,,,,,,,,,,,,Y,,,,Y,,Y,Y,,,Y,Y,Y,12,N1,,N1,N,,3,N1,8,,,1,,,,,,,,,,,,,,,,,3,,,,,2,1,1,2,,,1,1,,,,159,,,,,,,,,,,,,,1,,,Y,N1,A1300034,7
2026-07-27 01:45:15,data_go_kr,대구광역시,A1300006,의료법인구의료재단구병원,10,20260727014022,053-557-7119,,,,,,,,,,,,,,,,,,,,,1,,,,,0,,,,,,,,,Y,,,,,,Y,N1,,,N1,Y,N1,76,N1,7,N1,Y,,9,N1,10,,,1,,,,,,,,,,,,18,1,,,,9,,,,,3,1,,3,,,,,,,,235,,,,,,,,,,,,,,,,,Y,N1,A1300006,8
2026-07-27 01:45:15,data_go_kr,대구광역시,A1300110,더블유병원,10,20260727013751,053-550-5019,,,,,,,,,,,,,,,,,,,,,1,,,,,,,,,,,,,,Y,,,,,,Y,N1,,,N1,Y,N1,37,N1,,N1,N,,7,Y,10,,,1,,,,,,,,,,,,,,,,,8,,,,,1,1,,1,,,,,,,8,431,,,,,,,,,,,,,,,,,Y,N1,A1300110,9
2026-07-27 01:45:15,data_go_kr,대구광역시,A1300011,한국보훈복지의료공단대구보훈병원,11,20260727013955,053-630-7014,,,,,,,,,,,,,,,,,,,1,,1,,,,,1,,,,,,1,,,Y,,,,Y,,Y,Y,,,N1,Y,N1,49,N1,4,N1,Y,,6,N1,12,,1,1,,,,,,,,,,,,13,1,,,,6,,,1,,1,3,2,9,,,,,,,,406,,,,,,,,,,,,,,,,,Y,N1,A1300011,10
2026-07-27 01:45:15,data_go_kr,대구광역시,A1300045,삼일병원,10,20260727014039,053-659-3119,,,,,,,,,,,,,,,,,,,1,,,,,,,,,,,,,,,,Y,,,,Y,,Y,Y,,,N1,Y,N1,43,N1,,N1,N,,4,N1,14,,1,,,,,,,,,,,,,,,,,,4,,,,,3,2,1,3,,,,,,,,299,,,,,,,,,,,,,,,,,Y,N1,A1300045,11
2026-07-27 01:45:15,data_go_kr,대구광역시,A1300038,나사렛종합병원,8,20260727013740,053-643-3119,,,,1,,,,,,,,,,,,,,,,,1,,,,,1,,,,,,,,,Y,,,,Y,,Y,Y,,,Y,Y,N1,21,N1,3,N1,Y,,5,N1,9,,,1,,,,,,,,,,,,28,1,,,,5,,,,,2,2,2,5,,,1,,,,,231,,9,,,,,,,,,,,,,,,Y,N1,A1300038,12
2026-07-27 01:45:15,data_go_kr,대구광역시,A1300018,강남종합병원,15,20260727013207,053-980-9018,,,,,,,,,,,,,,,,,,,1,,,,,,,,,,,,,1,,,Y,,,,,,Y,N1,,,N1,Y,N1,54,N1,,N1,Y,,7,N1,15,,1,,,,,,,,,,,,,,,,,,7,,,1,,2,2,,2,,,,,,,,207,,,,,,,,,,,,,,,,,Y,N1,A1300018,13
2026-07-27 01:45:15,data_go_kr,대구광역시,A1300005,대구가톨릭대학교칠곡가톨릭병원,5,20260727013903,053-320-2111,,,,,,,,,,,,,,,,,,,,,1,,,,,,,,,,,,,,Y,,,,,,Y,N1,,,N1,Y,N1,15,N1,,N1,Y,,3,N1,9,,,1,,,,,,,,,,,,,,,,,3,,,,,2,2,,1,,,,,,,,161,,,,,,,,,,,,,,,,,Y,N1,A1300005,14
2026-07-27 01:45:15,data_go_kr,대구광역시,A1300076,대구굿모닝병원,14,20260727014013,053-620-9119,,,,,,,,,,,,,,,,,,,1,,1,,,,,1,,,,,,,,,Y,,,,Y,,Y,Y,,,N1,Y,N1,72,N1,1,N1,Y,,4,N1,17,,1,1,,,,,,,,,,,,26,1,,,,4,,,,,2,4,2,13,,,,,,,,226,,,,,,,,,,,,,,,,,Y,N1,A1300076,15
2026-07-27 01:45:15,data_go_kr,대구광역시,A1300007,대구의료원,17,20260727014002,053-560-7288,,Y,,,,,,,,,,,,,,,,,1,,1,,,,,0,,,,,1,1,Y,,Y,,,,,,Y,N1,,,N1,Y,N1,46,N1,5,Y,Y,,4,N1,18,,1,1,,,,,,,,,,,,18,1,,,,4,,82,3,1,1,1,,13,,4,,,,,,254,,,,,,,,,,,,,,,,,Y,N1,A1300007,16
2026-07-27 01:45:15,data_go_kr,대구광역시,A1300081,(재)미리내천주성삼성직수도회천주성삼병원,7,20260727014001,053-790-0555,,,,,,,,,,,,,,,,,,,,,1,,,,,,,,,,,,,,Y,,,,,,Y,N1,,,N1,Y,N1,13,N1,,N1,Y,,4,N1,9,,,1,,,,,,,,,,,,,,,,,4,,,,,1,2,,4,,,,,,,,294,,,,,,,,,,,,,,,,,Y,N1,A1300081,17
2026-07-27 01:45:15,data_go_kr,대구광역시,A1300008,곽병원,7,20260727013911,053-605-3333,,,,,,,,,,,,,,,,,,,,,2,,,,,,,,,,,,,,Y,,,,,,Y,N1,,,N1,Y,N1,8,N1,,N1,Y,,4,N1,10,,,2,,,,,,,,,,,,,,,,,4,,,,,1,1,,2,,,,,,,,221,,,,,,,,,,,,,,,,,Y,N1,A1300008,18
2026-07-27 01:45:15,data_go_kr,대구광역시,A1303386,계명대학교대구동산병원,10,20260727013903,053-250-8481,,,,,,,,,,,,,,,,,,,1,,1,,,,,0,,,,,,,N,,Y,,,,Y,,Y,Y,,,Y,Y,N1,38,N,0,N1,Y,,3,N1,12,,1,1,,,,,,,,,,,,7,5,,,,3,,,,0,2,1,1,6,,,6,,0,,,196,,,,,,,,,,,,,,,,,Y,N1,A1303386,19
2026-07-27 01:45:15,data_go_kr,인천광역시,A1400001,의료법인 길의료재단 길병원,6,20260727013936,032-460-3012,Y,Y,2,2,1,1,,0,,8,,,,,2,,,5,,4,,4,,2,2,4,19,1,9,1,11,12,Y,,Y,2,2,6,Y,0,Y,Y,,0,Y,Y,Y,356,Y,,Y,Y,0,3,Y,23,9,,,18,38,11,30,,2,,14,20,6,4,,11,30,6,47,3,2,18,13,3,6,6,7,113,19,40,19,10,6,,1,995,2,3,1,1,,2,,,,,,3,,,2,6,Y,Y,A1400001,1
2026-07-27 01:45:15,data_go_kr,인천광역시,A1400002,인하대학교의과대학부속병원,4,20260727013607,032-890-2301,Y,Y,,,1,1,,,,0,,,,,,,,4,2,0,5,0,0,0,0,0,0,2,,,4,7,Y,Y,Y,,,,Y,,Y,Y,,,Y,Y,Y,159,Y,0,Y,Y,0,16,Y,20,7,2,5,20,25,13,27,3,2,,,,7,,23,3,30,6,,16,,15,7,4,6,3,5,109,17,27,13,9,7,1,2,681,,,1,1,,,,,,,,,,,,,Y,Y,A1400002,2
2026-07-27 01:45:15,data_go_kr,인천광역시,A1400010,검단탑병원,12,20260727014007,032-590-0077,,,,,,,,,,,,,,,,,,,1,,2,,,,,0,,,,,,1,,,Y,,,,Y,,Y,Y,,,Y,Y,N1,45,N1,4,N1,Y,,6,N1,18,,1,2,,,,,,,,,,,,15,3,,,,6,,,2,,2,2,1,11,,,1,,,,,279,,,,,,,,,,,,,,,,,Y,N1,A1400010,3
2026-07-27 01:45:15,data_go_kr,인천광역시,A1403372,인천세종병원,13,20260727014009,032-240-8119,,,,,,,,,,,,,,,,,,,3,,,1,,,,1,2,,,,,3,,,Y,,,,Y,,Y,Y,,,Y,Y,Y,77,Y,9,N1,Y,,7,N1,18,,3,,2,,,,,,,,,,,20,2,3,,,7,,,6,,2,2,3,13,,,4,5,1,,,274,,,,,,,,,,,,,,,,,Y,N1,A1403372,4
2026-07-27 01:45:15,data_go_kr,인천광역시,A1400014,의료법인인성의료재단한림병원,12,20260727013532,032-540-9119,,,,,,,,,,,,,,,,,,,2,,2,,,,,2,,,,,,2,Y,,Y,,,,Y,,Y,Y,,,Y,Y,Y,47,N1,0,N1,Y,,6,N1,17,,2,2,,,,,,,,,,,,21,2,,,,6,,,2,1,3,2,2,20,,,3,3,,,,391,,,,,,,,,,,,,,,,,Y,N1,A1400014,5
2026-07-27 01:45:15,data_go_kr,인천광역시,A1400016,인천사랑병원,9,20260727013833,032-457-2119,,Y,,,,,,,,,,,,,,,4,,1,,2,,,,,1,0,,,,,1,Y,,Y,,,,Y,,Y,Y,,,Y,Y,N1,15,Y,10,Y,Y,,7,N1,14,,1,2,,,,,,,,,,,,17,1,5,,,7,,,1,1,2,1,1,12,,1,2,,1,,,281,,,,,,,,,,,,,,4,,,Y,N1,A1400016,6
2026-07-27 01:45:15,data_go_kr,인천광역시,A1400012,가톨릭대학교 인천성모병원,12,20260727014012,032-280-6107,Y,Y,,,,,,,,-1,,,,,,,,0,3,0,3,5,,,,0,,,,,,3,Y,,Y,7,,,Y,,Y,Y,,,Y,Y,Y,31,Y,,Y,Y,0,17,N1,19,4,3,5,12,15,18,13,,,,15,,,,,10,,,,17,,,9,1,4,4,5,53,5,14,11,5,4,,,579,,,,,,,,,,,,,,,,,Y,Y,A1400012,7
2026-07-27 01:45:15,data_go_kr,인천광역시,A1400013,안은의료재단 부평세림병원,14,20260727014019,032-509-5777,,,,,,,,,,,,,,,,,,,1,,3,2,,,,1,0,,,,,2,,,Y,,,,Y,,Y,Y,,,Y,Y,Y,32,N1,6,N1,Y,,4,N1,16,,1,3,2,,,,,,,,,,,11,2,3,,,4,,,2,,3,2,1,9,,,1,1,,,,234,,,,,,,,,,,,,,,,,Y,N1,A1400013,8
2026-07-27 01:45:15,data_go_kr,인천광역시,A1400015,가톨릭관동대학교국제성모병원,6,20260727013814,032-290-3065,Y,Y,3,0,,,,,,1,,,18,,,,,2,0,,0,,,,,,,,,,3,3,Y,,Y,-3,,,Y,,Y,Y,,,Y,Y,N,225,Y,,Y,Y,,11,N1,23,3,0,0,,40,,,,,,13,,,,,,,,,11,,11,3,2,3,2,3,34,2,11,6,2,1,,,641,5,0,,,,,,,,21,,,,,,,Y,Y,A1400015,9
2026-07-27 01:45:15,data_go_kr,인천광역시,A1400003,의료법인 루가의료재단 나은병원,10,20260727013726,032-584-4119,,Y,,,,,,,,3,,,,,,,7,,1,5,2,,,,,3,,,,,,8,Y,,Y,,,,Y,,Y,Y,,,Y,Y,Y,88,Y,,Y,Y,,10,N1,11,,1,2,,14,13,,,,,,,,,,3,,,,10,,,9,1,2,2,3,17,,1,3,1,1,,,367,,,,,,,,,,,,,,7,,,Y,N1,A1400003,10
2026-07-27 01:45:15,data_go_kr,인천광역시,A1400011,의료법인 나사렛의료재단 나사렛국제병원,14,20260727013553,032-899-9699,,,,,,,,,,,,,,,,,,,1,,2,,,,,0,,,,,,,,,Y,,,,Y,,Y,Y,,,Y,Y,N1,58,N1,1,N1,Y,,5,N1,17,,1,2,,,,,,,,,,,,16,1,,,,5,,,,,2,2,2,8,,,2,,,,,282,,,,,,,,,,,,,,,,,Y,N1,A1400011,11
2026-07-27 01:45:15,data_go_kr,인천광역시,A1403617,비에스종합병원,10,20260727013819,032-290-0119,,Y,,,,,,,,,,,,,,,,,1,,,,,,,0,,,,,,,Y,,Y,,,,Y,,Y,Y,,,Y,Y,N1,97,N1,5,Y,N1,0,2,N1,10,,1,,,,,1,,,,,,,,18,1,,,,2,,,,1,1,,1,6,,1,1,,,,,180,,,,,,,,,,,,,,,,,Y,N1,A1403617,12
2026-07-27 01:45:15,data_go_kr,인천광역시,A1400005,온누리병원,8,20260727013901,032-568-9112,,,,,,,,,,,,,,,,,,,1,,1,,,,,,,,,,,,,,Y,,,,,,Y,N1,,,N1,Y,N1,40,N1,,N1,Y,,3,N1,9,,1,1,,,,,,,,,,,,,,,,,3,,,,,1,1,,5,,,,,,,,190,,,,,,,,,,,,,,,,,Y,N1,A1400005,13
2026-07-27 01:45:15,data_go_kr,인천광역시,A1403871,인천힘찬종합병원,15,20260727014013,032-459-3168,,,,,,,,,,,,,,,,,,,1,,2,,,,,0,,,,,,,,,Y,,,,,,Y,N1,,,N1,Y,N1,55,N1,1,N1,Y,,7,N1,17,,1,2,,,,,,,,,,,,8,1,,,,7,,,,,2,2,,1,,,,,,,,235,,,,,,,,,,,,,,,,,Y,N1,A1403871,14
2026-07-27 01:45:15,data_go_kr,인천광역시,A1400004,현대유비스병원,18,20260727013535,032-890-5582,,,,,,,,,,,,,,,,,,,1,,,,,,,0,,,,,,,,,Y,,,,Y,,Y,Y,,,Y,Y,N1,12,N1,4,N1,Y,,6,N1,18,,1,,,,,,,,,,,,,13,1,,,,6,,,,,2,2,1,8,,,2,,,,,285,,,,,,,,,,,,,,,,,Y,N1,A1400004,15
2026-07-27 01:45:15,data_go_kr,인천광역시,A1400008,(의)성세의료재단 뉴성민병원,8,20260727013901,032-726-1119,,,,,,,,,,,,,,,0,,,,,,1,,,,,2,,,,,,,,,Y,,,,,,Y,N1,,,Y,Y,N1,123,N1,10,N1,Y,,6,Y,9,,,1,,,,,,,,,,,,17,2,,,,6,,,,,2,2,,11,,,2,,,,1,265,,,,,,,,,,,,0,,,,,Y,N1,A1400008,16
2026-07-27 01:45:15,data_go_kr,인천광역시,A1400018,인천적십자병원,7,20260727013739,032-899-4119,,,,,,,,,,,,,,,,,,,1,,1,,,,,,,,,,,,,,Y,,,,,,Y,N1,,,N1,Y,N1,66,N1,3,N1,Y,,3,N1,8,,1,1,,,,,,,,,,,,8,,,,,3,,,,,1,1,,2,,,,,,,,104,,,,,,,,,,,,,,,,,Y,N1,A1400018,17
2026-07-27 01:45:15,data_go_kr,인천광역시,A1400037,인천광역시의료원백령병원,4,20260727014002,032-836-1732,Y,Y,,,,,,,,,,,,,,,,,,,1,,,,,,,,,,,,,,Y,,,,,,Y,N1,,,N1,Y,N1,30,N1,,Y,N1,,1,N1,5,,,1,,,,,,,,,,,,,,,,,1,,,,,1,,,1,1,2,,,,,,30,,,,,,,,,,,,,,,,,Y,Y,A1400037,18
2026-07-27 01:45:15,data_go_kr,인천광역시,A1400009,인천기독병원,5,20260727013900,032-270-8300,,,,,,,,,,,,,,,,,,,,,1,,,,,,,,,,,,,,Y,,,1,,,Y,N1,,,N1,Y,N1,34,N1,10,N1,Y,,4,N1,8,,,1,,,,,,,,,,,,10,,,,,4,,,,,1,1,,1,,,,,,,,139,,,,,,,,,,,,,,,,1,Y,N1,A1400009,19
2026-07-27 01:45:15,data_go_kr,인천광역시,A1400017,인천광역시의료원,15,20260727014002,032-580-6119,,,,,,,,,,,,,,,,,,,2,,,,,,,0,,,,,24,7,,,Y,,,,,,Y,N1,,,N1,Y,N1,29,N1,2,N1,Y,,6,N1,15,,2,,,,,,,,,,,,,13,0,,,,6,,45,7,,1,1,,19,,,,,,,,198,,,,,,,,,,,,,,,,,Y,N1,A1400017,20
2026-07-27 01:45:15,data_go_kr,인천광역시,A1400007,의료법인 성수의료재단 인천백병원,5,20260727013846,032-280-8119,,,,,,,,,,,,,,,,,,,,,1,,,,,,,,,,,,,,Y,,,,,,Y,N1,,,Y,Y,N1,37,N1,1,N1,Y,,4,N1,5,,,1,,,,,,,,,,,,12,,,,,4,,,,,2,2,,6,,,1,,,,,189,,,,,,,,,,,,,,,,,Y,N1,A1400007,21
2026-07-27 01:45:15,data_go_kr,대전광역시,A1600006,학교법인건양교육재단건양대학교병원,21,20260727013930,042-600-9119,Y,Y,,0,,,1,0,4,,0,0,0,0,,0,,4,2,,3,6,,,,4,6,,,,11,1,Y,,Y,,,,Y,,Y,Y,,,Y,Y,Y,284,Y,37,Y,Y,0,19,Y,24,5,2,3,16,,,24,,,,,,,,59,5,28,,,20,,20,1,2,4,4,4,46,17,23,10,3,1,,1,658,,0,,,1,3,4,0,0,0,0,,0,,,,Y,Y,A1600006,1
2026-07-27 01:45:15,data_go_kr,대전광역시,A1600001,충남대학교병원,17,20260727013800,042-280-8129,Y,Y,0,0,,,,,,3,,,,,,,0,1,2,6,3,4,2,,3,6,23,,,,16,9,Y,,Y,,,,Y,,Y,Y,,,Y,Y,Y,222,Y,4,Y,Y,9,21,N1,28,6,2,3,20,16,14,34,5,,,,,10,,12,8,30,,,21,,26,14,5,5,4,5,76,12,36,6,8,2,,,966,0,0,,,,,,,,,,,,0,,,Y,Y,A1600001,2
2026-07-27 01:45:15,data_go_kr,대전광역시,A1600002,학교법인을지학원대전을지대학교병원,15,20260727014000,042-259-1119,Y,Y,,,,,,,,4,,0,0,-10,-5,4,3,,2,5,1,,,,4,1,,,2,2,6,,Y,,Y,,1,6,Y,3,Y,Y,,,Y,Y,Y,81,Y,,Y,Y,16,15,N1,21,,2,1,,20,20,20,,,,,20,5,,,11,,,40,15,2,20,,16,4,2,4,70,12,47,7,3,3,,,331,,,,,,,,,0,0,0,0,30,3,2,6,Y,Y,A1600002,3
2026-07-27 01:45:15,data_go_kr,대전광역시,A1600007,의료법인영훈의료재단유성선병원,12,20260727013935,042-609-1119,,,,,,,,,,,,,,,,,,,2,,1,,,,,1,,,,,,0,Y,,Y,,,,Y,,Y,Y,,,Y,Y,Y,93,N1,1,N1,Y,,-4,Y,17,,2,1,,,,,,,,,,,,19,1,,,,7,,,1,1,3,3,2,17,,,2,1,,,1,368,,,,,,,,,,,,,,,,,Y,N1,A1600007,4
2026-07-27 01:45:15,data_go_kr,대전광역시,A1600005,학교법인가톨릭학원가톨릭대학교대전성모병원,12,20260727014011,042-220-9118,Y,Y,,,,,,,,3,,,,,,,,,3,1,,,,,0,0,,,,,,2,Y,,Y,0,,,Y,,Y,Y,1,0,Y,Y,Y,132,N1,,Y,Y,4,12,N1,19,,3,,,15,3,4,,,3,9,,3,2,,1,,,,12,,,4,1,3,2,4,24,5,7,5,2,,,,537,,,,,,,,,,,,,,,,,Y,Y,A1600005,5
2026-07-27 01:45:15,data_go_kr,대전광역시,A1600008,의료법인영훈의료재단대전선병원,14,20260727013844,042-220-8129,,,,,,,,,,,,,,,,,,,1,,3,,,,,-1,,,,,,0,Y,,Y,,,,Y,,Y,Y,,,Y,Y,N1,67,N1,4,N1,Y,,7,N1,17,,1,3,,,,,,,,,,,,24,1,,,,7,,,1,1,2,2,2,11,,,3,,,,,311,,,,,,,,,,,,,,,,,Y,N1,A1600008,6
2026-07-27 01:45:15,data_go_kr,대전광역시,A1600004,대전보훈병원,7,20260727013614,042-939-0100,,,,,,,,,,,,,,,,,,,1,,1,,,,,1,,,,,,1,,,Y,,,,Y,,Y,Y,,,N1,Y,N1,68,N1,3,N1,Y,,5,N1,7,,1,1,,,,,,,,,,,,10,1,,,,5,,,1,,1,3,1,12,,,,,,,,316,,,,,,,,,,,,,,,,,Y,N1,A1600004,7
2026-07-27 01:45:15,data_go_kr,대전광역시,A1600003,대전한국병원,6,20260727014001,042-606-1119,,Y,,,,,,,,,,,,,,,,,1,,,,,,,,,,,,,,Y,,Y,,,,Y,,Y,Y,,,Y,Y,N1,40,N1,2,Y,Y,,4,N1,9,,1,,,,,,,,,,,,,12,,,,,4,,,,4,2,2,2,6,,1,1,,,,,241,,,,,,,,,,,,,,,,,Y,N1,A1600003,8
2026-07-27 01:45:15,data_go_kr,대전광역시,A1602246,대청병원,9,20260727014000,042-589-0119,,,,,,,,,,,,,,,,,,,,,1,,,,,,,,,,,,,,Y,,,,,,Y,N1,,,Y,Y,N1,99,N1,1,N1,Y,,3,N1,9,,,1,,,,,,,,,,,,17,,,,,3,,,,,2,1,,10,,,1,,,,,245,,,,,,,,,,,,,,,,,Y,N1,A1602246,9
2026-07-27 01:45:15,data_go_kr,울산광역시,A1700004,학교법인울산공업학원울산대학교병원,6,20260727013745,052-250-7000,Y,Y,3,3,,,,0,,7,,,4,,5,,,5,0,11,0,2,,,2,8,13,,1,2,9,0,Y,,Y,,2,5,Y,11,Y,Y,,2,Y,Y,Y,159,Y,3,Y,Y,3,20,N1,21,8,0,0,12,13,16,26,,,,,20,6,2,8,8,36,,42,20,2,20,0,5,7,5,6,83,14,27,17,8,4,,,725,3,3,,,,8,,,,4,,5,,,2,6,Y,Y,A1700004,1
2026-07-27 01:45:15,data_go_kr,울산광역시,A1700028,의료법인정안의료재단중앙병원,14,20260727013918,052-226-1119,,,,,,,,,,,,,,,,,,,1,,2,-1,,,,2,1,,,,,0,,,Y,,,,Y,,Y,Y,,,Y,Y,N1,63,N1,0,N1,Y,,8,N1,17,,1,2,2,,,,,,,,,,,18,2,4,,,8,,,1,,2,2,2,7,,,2,,,,,335,,,,,,,,,,,,,,,,,Y,N1,A1700028,2
2026-07-27 01:45:15,data_go_kr,울산광역시,A1700003,울산병원,18,20260727014006,052-259-5119,,,,,,,,,,,,,,,,,,,1,,2,1,,,,0,2,,,,,,,,Y,,,,Y,,Y,Y,,,Y,Y,Y,56,Y,10,N1,Y,,4,Y,19,,1,2,2,,,,,,,,,,,17,1,3,,,4,,,,,2,2,3,12,,,4,1,2,,2,343,,,,,,,,,,,,,,,,,Y,N1,A1700003,3
2026-07-27 01:45:15,data_go_kr,울산광역시,A1700025,의료법인송은의료재단울산시티병원,15,20260727014005,052-280-9119,,,,,,,,,,,,,,,,,,,1,,2,0,,,,2,2,,,,,,,,Y,,,,Y,,Y,Y,,,Y,Y,N1,40,N1,6,N1,Y,,8,N1,17,,1,2,2,,,,,,,,,,,24,3,3,,,8,,,,,2,2,2,17,,,4,,,,,347,,,,,,,,,,,,,,,,,Y,N1,A1700025,4
2026-07-27 01:45:15,data_go_kr,울산광역시,A1700002,의료법인동강의료재단동강병원,20,20260727014021,052-241-1190,,,,,,,,,,0,,,,,,,,,1,0,2,0,,,1,0,1,,,,,0,,Y,Y,,,,Y,,Y,Y,,,Y,Y,Y,158,N1,,N1,Y,,8,N1,24,,1,2,2,14,9,,,,,,,13,,,1,3,,,8,,,2,,3,2,4,25,,,7,5,,1,,513,,,,,,,,,,,,,,,,,Y,N1,A1700002,5
2026-07-27 01:45:15,data_go_kr,울산광역시,A1700011,의료법인은성의료재단좋은삼정병원,9,20260727014009,052-220-7600,,,,,,,,,,,,,,,,,,,,,1,,,,,0,,,,,,1,,,Y,,,,Y,,Y,Y,,,Y,Y,N1,48,N1,3,N1,Y,,7,N1,9,,,1,,,,,,,,,,,,14,1,,,,8,,,1,,2,2,1,5,,,1,,,,,283,,,,,,,,,,,,,,,,,Y,N1,A1700011,6
2026-07-27 01:45:15,data_go_kr,울산광역시,A1700001,서울산보람병원,10,20260727014001,052-255-7119,,,,,,,,,,,,,,,,,,,,,1,,,,,,,,,,,,,,Y,,,,,,Y,N1,,,N1,Y,N1,96,N1,,N1,Y,,3,N1,10,,,1,,,,,,,,,,,,,,,,,3,,,,,1,1,,1,,,,,,,,213,,,,,,,,,,,,,,,,,Y,N1,A1700001,7
2026-07-27 01:45:15,data_go_kr,세종특별자치시,A1800441,세종충남대학교병원,11,20260727013800,044-995-3010,Y,Y,,,0,0,,,,,,,,,,,,0,1,,2,,,2,,0,,5,,,,3,Y,,Y,,,,Y,,Y,Y,,,Y,Y,Y,90,Y,4,Y,Y,-2,8,N1,17,0,1,2,,,,19,,2,,,,,,11,2,,6,,8,,,4,3,2,2,3,29,7,19,5,3,2,,,299,,,0,0,,,,,,,,,,,,,Y,Y,A1800441,1
2026-07-27 01:45:15,data_go_kr,세종특별자치시,A1800417,의료법인 영제 의료재단 엔케이세종병원,7,20260727013656,044-850-7777,,,,,,,,,,,,,,,,,,,,,1,,,,,,,,,,,,,,Y,,,,,,Y,N1,,,N1,Y,N1,123,N1,,N1,Y,,3,N1,10,,,1,,,,,,,,,,,,,,,,,3,,,,,1,1,,1,,,,,,,,200,,,,,,,,,,,,,,,,,Y,N1,A1800417,2
2026-07-27 01:45:15,data_go_kr,경기도,A2100042,의료법인명지의료재단명지병원,13,20260727014000,031-810-7119,Y,Y,3,2,,3,0,0,1,,0,0,0,0,0,0,,0,0,,0,7,,,,4,9,,,,0,0,Y,Y,Y,,,,Y,,Y,Y,,,Y,Y,Y,130,Y,11,Y,Y,3,6,Y,15,0,0,3,16,,,3,,,,,,,,31,4,28,,,13,,0,0,2,6,3,5,49,4,5,8,5,2,1,2,443,3,2,,3,4,3,2,0,0,0,0,0,0,,,,Y,Y,A2100042,1
2026-07-27 01:45:15,data_go_kr,경기도,A2100033,국민건강보험공단일산병원,15,20260727014002,031-900-0761,Y,Y,,,,,0,,1,2,,0,0,,0,0,,0,2,5,3,0,,,2,2,3,,,,4,0,Y,,Y,,,,Y,,Y,Y,,,Y,Y,Y,148,N1,,Y,Y,5,2,N1,23,5,2,3,19,10,16,25,,,,,,6,,,11,29,,,2,,28,4,2,4,3,3,60,8,28,13,5,,,,659,,,,,1,,1,,0,0,,0,0,,,,Y,Y,A2100033,2
2026-07-27 01:45:15,data_go_kr,경기도,A2100005,순천향대학교부속부천병원,12,20260727013621,032-621-5117,Y,Y,2,3,,,,,,5,,0,,0,0,,,3,0,6,0,6,,,,5,18,,,,,2,Y,Y,Y,,,3,Y,,Y,Y,,,Y,Y,Y,218,Y,10,Y,Y,1,20,Y,17,5,0,0,20,16,15,24,,,,,,,,22,8,34,,,21,,,7,1,4,3,5,71,9,31,17,4,3,1,1,674,2,3,,,,,,,0,,0,0,,,,5,Y,Y,A2100005,3
2026-07-27 01:45:15,data_go_kr,경기도,A2100001,분당서울대학교병원,1,20260727013800,031-787-3119,Y,Y,,,,,,3,,1,,,5,9,,,,2,2,5,3,2,0,,4,0,12,,,,1,3,Y,,Y,1,,2,Y,,Y,Y,,,Y,Y,Y,270,Y,1,Y,Y,0,39,N1,30,5,2,3,15,13,13,35,6,,,10,,9,,8,1,30,,,39,,15,3,3,11,11,11,128,17,39,16,8,8,,,1247,,,,,,5,,,,5,9,,,,,2,Y,Y,A2100001,4
2026-07-27 01:45:15,data_go_kr,경기도,A2100030,차의과학대학교분당차병원,8,20260727013850,031-780-5840,Y,Y,2,3,1,0,0,0,,0,,,0,,0,,0,7,,6,,0,,0,0,1,8,6,,,11,,Y,,Y,0,,,Y,,Y,Y,,,Y,Y,Y,101,Y,,Y,Y,8,26,N1,22,11,,,14,8,9,35,,2,,7,,6,,,4,43,6,,26,,22,,8,5,3,4,40,26,46,6,2,2,,,726,2,3,1,1,2,2,,,,0,,1,,0,,,Y,Y,A2100030,5
2026-07-27 01:45:15,data_go_kr,경기도,A2100002,아주대학교병원,9,20260727013705,031-219-7777,Y,Y,2,3,1,0,,1,,2,,,,0,0,,0,5,0,4,0,6,,1,5,0,22,0,0,3,4,5,Y,,Y,4,2,6,Y,2,Y,Y,1,6,Y,Y,Y,98,Y,,Y,Y,4,25,N1,30,9,0,0,16,14,10,36,,2,6,13,40,7,11,,3,42,6,60,25,3,20,8,3,8,6,9,126,27,34,32,9,7,,,792,2,6,1,4,,2,,,,,0,0,,0,2,6,Y,Y,A2100002,6
2026-07-27 01:45:15,data_go_kr,경기도,A2100003,고려대학교의과대학부속안산병원,15,20260727013856,031-412-5381,Y,Y,2,3,,,0,,,0,,,,,,,,4,,13,2,6,,,0,0,24,,,,9,5,Y,,Y,,,,Y,,Y,Y,,,Y,Y,Y,113,Y,0,Y,Y,1,20,N1,22,4,,3,18,10,13,25,,,,,,10,,6,3,30,,,20,,16,10,2,3,4,4,66,15,19,8,5,3,,,605,2,3,,,2,,,,,,,,,,,,Y,Y,A2100003,7
2026-07-27 01:45:15,data_go_kr,경기도,A2100004,한림대학교성심병원,15,20260727013757,031-380-1500,Y,Y,0,5,,,0,,,0,,,,,,,,2,2,2,3,0,,,,1,15,,,,12,3,Y,Y,Y,,,,Y,,Y,Y,0,3,Y,Y,Y,137,Y,,Y,Y,5,18,N1,25,3,2,4,19,27,16,9,,,8,,,,18,,3,30,,,19,,20,14,2,4,3,6,102,8,10,20,14,2,1,,610,0,5,,,1,,,,,,,,,,,,Y,Y,A2100004,8
2026-07-27 01:45:15,data_go_kr,경기도,A2100040,가톨릭대학교의정부성모병원,28,20260727014011,031-820-5200,Y,Y,,,,,0,0,,,,,,,,,,11,2,,3,0,,,0,0,13,,8,2,,,Y,,Y,,2,6,Y,1,Y,Y,,,Y,Y,Y,156,Y,0,Y,Y,-1,13,N1,42,11,2,4,18,,,15,,,,,20,6,,26,4,30,,53,13,2,,,3,4,3,4,54,10,28,12,4,3,,,519,,,,,1,1,,,,,,,,,2,6,Y,Y,A2100040,9
2026-07-27 01:45:15,data_go_kr,경기도,A2100047,동국대학교일산불교병원,13,20260727014012,031-961-7777,Y,Y,,,,,,,,5,,,,,,,3,3,1,6,3,,,,,1,,,,,15,0,Y,,Y,,,,Y,,Y,Y,,,Y,Y,Y,176,Y,,Y,Y,9,12,N1,19,3,1,3,,16,13,13,,,,,,,,,4,,,,12,,15,0,8,2,2,2,19,13,25,4,2,1,,,463,,,,,,,,,,,,,,3,,,Y,Y,A2100047,10
2026-07-27 01:45:15,data_go_kr,경기도,A2100038,인제대학교일산백병원,24,20260727013640,031-910-7114,N,N,,,,,,,,0,,,,,,,,,3,1,3,,,,,0,,,,,5,1,Y,,Y,,,,Y,,Y,Y,,0,Y,Y,Y,141,Y,,N,Y,,16,N1,34,,3,3,,25,32,,,,,,,,4,,4,,,,17,,16,2,3,3,3,4,54,18,22,7,3,1,,,545,,,,,,,,,,,,,,,,,Y,N,A2100038,11
2026-07-27 01:45:15,data_go_kr,경기도,A2118788,중앙대학교광명병원,19,20260727014007,02-2222-1351,Y,Y,0,0,,,,,,,,,,,,,,,1,,2,,,,3,3,,,,,,2,Y,,Y,,,,Y,,Y,Y,4,,Y,Y,Y,172,Y,12,Y,Y,1,17,N1,21,,1,2,,,,16,,,5,,,5,,24,6,,,,17,,,2,2,2,2,5,28,6,16,5,4,10,,,576,0,0,,,,,,,,,,,,,,,Y,Y,A2118788,12
2026-07-27 01:45:15,data_go_kr,경기도,A2100007,광명성애병원,7,20260727013959,02-2680-7116,Y,Y,,,,,,,,,,,,,,7,,4,1,,4,,,,,0,,,,,,,Y,,Y,,,,Y,,Y,Y,,,Y,Y,N1,56,N1,9,Y,Y,,5,N1,11,4,1,4,,,,,,,,,,,,13,1,,,,5,,,,2,2,2,1,12,2,5,1,,,,,189,,,,,,,,,,,,,50,,,,Y,Y,A2100007,13
2026-07-27 01:45:15,data_go_kr,경기도,A2100155,참조은병원,5,20260727013854,031-881-9119,,,,,,,,,,,,,,0,0,,6,1,1,,3,,,,,3,,,,,,1,,,Y,,,,Y,,Y,Y,,,Y,Y,N1,34,Y,-2,N1,Y,,7,N1,9,1,1,3,,,,,,,,,,,,22,3,,,,7,,,2,,3,3,2,18,,,3,,2,,,286,,,,,,,,,,,0,0,,6,,,Y,N1,A2100155,14
2026-07-27 01:45:15,data_go_kr,경기도,A2100039,한양대학교구리병원,9,20260727013801,1644-9118,Y,Y,,,,,,,,0,,,,,,,,,1,2,3,,,,,,,,,,,4,Y,,Y,,,,Y,,Y,Y,,,Y,Y,Y,153,Y,,Y,Y,1,9,N1,18,,1,4,,17,14,10,,,,,,,,,,,,,9,,,5,1,3,2,3,21,6,14,4,2,2,,,488,,,,,,,,,,,,,,,,,Y,Y,A2100039,15
2026-07-27 01:45:15,data_go_kr,경기도,A2100054,효산의료재단지샘병원,15,20260727013545,031-389-3119,,,,,,,,,,,,,,,,,1,,2,,1,,,,,1,,,,,,1,,,Y,,,,Y,,Y,Y,,,Y,Y,N1,71,N1,3,N1,Y,,5,N1,18,,2,1,,,,,,,,,,,,18,1,,,,5,,,2,,2,1,3,11,,,2,,,,,367,,,,,,,,,,,,,,1,,,Y,N1,A2100054,16
2026-07-27 01:45:15,data_go_kr,경기도,A2100048,원광대학교산본병원,17,20260727013615,031-390-2345,,,,,,,,,,,,,,,,,,,1,,2,,,,,,,,,,,,Y,,Y,,,,Y,,Y,Y,,,Y,Y,N1,77,N1,6,N1,Y,,5,N1,17,,1,2,,,,,,,,,,,,12,,,,,5,,,,1,1,1,1,1,,,2,,,,,188,,,,,,,,,,,,,,,,,Y,N1,A2100048,17
2026-07-27 01:45:15,data_go_kr,경기도,A2100053,의료법인우리의료재단김포우리병원,12,20260727013840,031-999-1119,,,,,,,,,,,,,,0,0,0,,,1,,6,,,,,0,,,,,,3,,,Y,,,,Y,,Y,Y,,,Y,Y,Y,48,Y,0,N1,Y,,7,N1,22,,1,6,,,,,,,,,,,,36,1,,,,7,,,11,,2,2,2,48,,,4,1,2,,,477,,,,,,,,,,,0,0,0,,,,Y,N1,A2100053,18
2026-07-27 01:45:15,data_go_kr,경기도,A2100006,의료법인인봉의료재단뉴고려병원,12,20260727013737,031-980-9119,,,,,,,,,,,,,,,,,3,,1,,2,,,,,7,,,,,,,,,Y,,,,Y,,Y,Y,,,Y,Y,N1,83,N1,2,N1,Y,,6,N1,14,,1,2,,,,,,,,,,,,24,10,,,,6,,,,,2,2,2,7,,,1,,,,,278,,,,,,,,,,,,,,3,,,Y,N1,A2100006,19
2026-07-27 01:45:15,data_go_kr,경기도,A2100041,남양주한양병원,17,20260727014024,031-510-0119,,,,,,,,,,,,,,,,,,,1,,2,,,,,10,,,,,,,,,Y,,,,Y,,Y,Y,,,Y,Y,N1,82,N1,4,N1,Y,,,Y,17,,1,2,,,,,,,,,,,,17,23,,,,,,,,,2,2,1,33,,,2,,,,1,244,,,,,,,,,,,,,,,,,Y,N1,A2100041,20
2026-07-27 01:45:15,data_go_kr,경기도,A2100037,현대병원,16,20260727013925,031-574-0114,,,,,,,,,,,,,,,,,,,3,,,,,,,1,,,,,,,,,Y,,,,Y,,Y,Y,,,Y,Y,N1,61,Y,0,N1,Y,,7,N1,17,,3,,,,,,,,,,,,,19,20,,,,7,,,,,2,2,2,50,,,17,,2,,,342,,,,,,,,,,,,,,,,,Y,N1,A2100037,21
2026-07-27 01:45:15,data_go_kr,경기도,A2100055,부천세종병원,14,20260727014010,032-340-1119,Y,Y,,,,,,,,,,,,,,,,,1,,2,0,,,,0,1,,,,,0,Y,,Y,,,,Y,,Y,Y,,,Y,Y,Y,79,Y,1,Y,Y,,6,N1,17,,1,2,2,,,,,,,,,,,20,2,3,,,6,,,6,1,2,1,5,18,1,1,5,4,1,,,268,,,,,,,,,,,,,,,,,Y,Y,A2100055,22
2026-07-27 01:45:15,data_go_kr,경기도,A2100052,가톨릭대학교부천성모병원,19,20260727014011,032-340-2100,Y,Y,,,,,,,,0,,,,,,,3,,2,0,1,,,,,0,,,,,,2,Y,,Y,0,,,Y,,Y,Y,,,Y,Y,Y,172,Y,,Y,Y,9,14,N1,31,,2,1,,16,12,10,,,,18,,,,,4,,,,14,,,4,3,3,3,3,28,4,14,11,1,2,,,562,,,,,,,,,,,,,,3,,,Y,Y,A2100052,23
2026-07-27 01:45:15,data_go_kr,경기도,A2100025,대진의료재단분당제생병원,12,20260727014000,031-779-0119,Y,Y,,,,,,,,1,,,7,,,,,2,1,5,2,,,,,2,,,,,,0,Y,Y,Y,,,,Y,,Y,Y,,,Y,Y,Y,132,Y,,Y,Y,1,9,N1,24,3,1,2,,11,14,3,,,,,,,,,4,,,,9,,,2,2,4,3,3,22,1,5,5,2,3,1,,484,,,,,,,,,,7,,,,,,,Y,Y,A2100025,24
2026-07-27 01:45:15,data_go_kr,경기도,A2116806,성남시의료원,14,20260727014001,031-738-7300,,,,,,,,,,,,,,,,,,6,2,18,4,,,,,3,,,,,,28,,,Y,,,,Y,,Y,Y,,,Y,Y,Y,96,Y,,N1,Y,,8,Y,17,6,2,4,,,25,,,,,,,,,,5,,,,8,,,28,,3,2,2,31,,,6,3,1,,2,241,,,,,,,,,,,,,,,,,Y,N1,A2116806,25
2026-07-27 01:45:15,data_go_kr,경기도,A2117135,의료법인명인의료재단화홍병원,12,20260727013839,031-8021-6829,Y,,,,,,,,,,,,,,,,,,2,,3,,,,,0,,,,,,,,,Y,,,,,,Y,N1,,,N1,Y,Y,44,N1,11,N1,Y,,6,Y,15,,2,3,,,,,,,,,,,,29,1,,,,6,,,,,2,2,,4,1,,,1,,,1,228,,,,,,,,,,,,,,,,,Y,Y,A2117135,26
2026-07-27 01:45:15,data_go_kr,경기도,A2100009,의료법인녹산의료재단동수원병원,15,20260727014014,031-210-0119,,Y,,,,,,,,,,,,,,,,,1,,1,0,,,,0,2,,,,,0,Y,,Y,,,,Y,,Y,Y,,,Y,Y,N1,50,N1,7,Y,Y,,5,N1,17,,1,2,2,,,,,,,,,,,18,3,4,,,5,,,1,1,2,2,1,15,,4,1,,,,,335,,,,,,,,,,,,,,,,,Y,N1,A2100009,27
2026-07-27 01:45:15,data_go_kr,경기도,A2100012,가톨릭대학교성빈센트병원,15,20260727014010,031-249-7370,Y,Y,,,1,1,,,,2,,,,,,,,3,2,8,2,3,,2,8,2,,6,,,9,3,Y,,Y,9,,,Y,,Y,Y,,2,Y,Y,Y,193,Y,,Y,Y,2,19,N1,28,6,2,2,4,20,11,18,,2,,15,,8,8,,5,,6,,19,,30,11,2,5,4,6,52,7,18,12,4,4,,,658,,,1,1,,,,,,,,,,,,,Y,Y,A2100012,28
2026-07-27 01:45:15,data_go_kr,경기도,A2100008,의료법인남촌의료재단시화병원,14,20260727013733,031-5189-0567,,,,,,,,,,,,,,,,,,5,1,,4,,,,,1,,,,,,1,Y,,Y,,,,Y,,Y,Y,,,Y,Y,Y,66,N1,18,N1,Y,,7,N1,16,5,1,5,,,,,,,,,,,,52,1,,,,7,,,1,1,3,3,2,29,,,4,2,,,,461,,,,,,,,,,,,,,,,,Y,N1,A2100008,29
2026-07-27 01:45:15,data_go_kr,경기도,A2100017,대아의료재단한도병원,15,20260727013803,031-8040-1129,,,,,,,,,,,,,,,,,,,1,,2,,,,,1,,,,,,,,,Y,,,,Y,,Y,Y,,,Y,Y,N1,82,N1,8,N1,Y,,6,N1,17,,1,2,,,,,,,,,,,,29,1,,,,6,,,,,3,2,2,15,,,3,,,,,327,,,,,,,,,,,,,,,,,Y,N1,A2100017,30
2026-07-27 01:45:15,data_go_kr,경기도,A2100015,효산의료재단안양샘병원,14,20260727013914,031-467-9119,,,,,,,,,,-1,,,,,,,,,1,0,2,,,,,1,,,,,,,,,Y,,,,Y,,Y,Y,,,Y,Y,Y,58,N1,,N1,Y,,6,N1,17,,1,2,,9,9,,,,,,,,,,1,,,,6,,,,,2,1,2,12,,,2,1,,,,307,,,,,,,,,,,,,,,,,Y,N1,A2100015,31
2026-07-27 01:45:15,data_go_kr,경기도,A2100024,오산한국병원,16,20260727013639,031-378-5119,,,,,,,,,,,,,,,,,,,1,,2,0,,,,1,2,,,,,2,,,Y,,,,Y,,Y,Y,,,Y,Y,N1,38,Y,-2,N1,Y,,5,N1,17,,1,2,2,,,,,,,,,,,32,1,3,,,5,,,2,,2,2,2,17,,,2,,1,,,259,,,,,,,,,,,,,,,,,Y,N1,A2100024,32
2026-07-27 01:45:15,data_go_kr,경기도,A2100020,연세대학교의과대학용인세브란스병원,14,20260727013658,031-5189-9001,Y,Y,,,,,,,,4,,,,,,,,6,1,5,2,,,,,1,,,,,,2,Y,,Y,,,,Y,,Y,Y,,,Y,Y,Y,132,Y,,Y,Y,0,15,N1,16,6,1,3,,19,16,12,,,,,,,,,2,,,,15,,,4,2,3,3,4,31,6,18,6,3,4,,,597,,,,,,,,,,,,,,,,,Y,Y,A2100020,33
2026-07-27 01:45:15,data_go_kr,경기도,A2100029,강남병원,14,20260727013933,031-300-0119,,,,,,,,,,,,,,,,,,,1,,2,2,,,,1,1,,,,,,,,Y,,,,,,Y,N1,,,Y,Y,N1,10,N1,14,N1,Y,,4,N1,17,,1,2,2,,,,,,,,,,,30,1,3,,,4,,,,,2,2,,7,,,2,,,,,264,,,,,,,,,,,,,,,,,Y,N1,A2100029,34
2026-07-27 01:45:15,data_go_kr,경기도,A2100019,(의)영문의료재단다보스병원,12,20260727014001,031-8021-2130,,,,,,,,,,,,,,,,,4,,1,,2,1,,,,1,1,,,,,,,,Y,,,,,,Y,N1,,,Y,Y,N1,32,N1,2,N1,Y,,6,N1,13,,1,2,2,,,,,,,,,,,23,1,3,,,6,,,,,1,1,,7,,,2,,,,,222,,,,,,,,,,,,,,4,,,Y,N1,A2100019,35
2026-07-27 01:45:15,data_go_kr,경기도,A2117994,학교법인을지학원의정부을지대학교병원,25,20260727013601,031-8074-0119,Y,Y,,,,,,,,1,,,,,,,7,6,1,0,2,,,,,2,,,,,3,2,Y,,Y,,0,0,Y,,Y,Y,,,Y,Y,Y,203,Y,,Y,Y,3,11,N1,30,6,1,2,,29,22,5,,,,,,,,,2,,,,14,,22,6,8,3,3,4,48,5,5,6,3,2,,,588,,,,,,,,,,,,,,8,0,0,Y,Y,A2117994,36
2026-07-27 01:45:15,data_go_kr,경기도,A2100193,경기도의료원이천병원,17,20260727014002,031-630-4333,,,,,,,,,,,,,,,,,,,1,,2,2,,,,2,0,,,,,6,,,Y,,,,,,Y,N1,,,N1,Y,N1,38,N1,0,N1,Y,,4,N1,17,,1,2,2,,,,,,,,,,,6,2,3,,,4,,,6,,1,1,,8,,,,,,,,187,,,,,,,,,,,,,,,,,Y,N1,A2100193,37
2026-07-27 01:45:15,data_go_kr,경기도,A2100035,경기도의료원파주병원,14,20260727013902,031-940-9119,,,,,,,,,,,,,,,,,,,1,,2,1,,,,,1,,,,,,Y,,Y,,,,,,Y,N1,,,N1,Y,N1,84,N1,5,N1,Y,,3,N1,17,,1,2,2,,,,,,,,,,,8,,3,,,3,,,,1,1,1,,9,,,,,,,,189,,,,,,,,,,,,,,,,,Y,N1,A2100035,38
2026-07-27 01:45:15,data_go_kr,경기도,A2100028,의료법인백송의료재단굿모닝병원,11,20260727013855,031-5182-7582,,,,,,,,,,,,,,,,,6,,2,,1,,,,,0,,,,,,,,,Y,,,,Y,,Y,Y,,,Y,Y,Y,93,N1,0,N1,Y,,7,Y,19,,2,1,,,,,,,,,,,,27,3,,,,7,,,,,5,3,3,23,,,5,3,,,1,392,,,,,,,,,,,,,,6,,,Y,N1,A2100028,39
2026-07-27 01:45:15,data_go_kr,경기도,A2113246,의료법인양진의료재단평택성모병원,14,20260727013910,070-5012-0119,,,,,,,,,,,,,,,,0,,,1,,2,1,,,,2,2,,,,,,,,Y,,,,Y,,Y,Y,,,Y,Y,N1,50,N1,14,N1,Y,,6,N1,17,,1,2,2,,,,,,,,,,,34,2,3,,,6,,,,,3,3,2,8,,,2,,,,,329,,,,,,,,,,,,,0,,,,Y,N1,A2113246,40
2026-07-27 01:45:15,data_go_kr,경기도,A2100031,경기도의료원포천병원,16,20260727014002,031-539-9119,,Y,,,,,,,,,,,,,,,,,1,,2,,,,,0,,,,,,0,Y,,Y,,,,,,Y,N1,,,N1,Y,N1,50,N1,2,Y,Y,,4,N1,17,,1,2,,,,,,,,,,,,10,0,,,,4,,,3,3,1,1,,7,,2,,,,,,137,,,,,,,,,,,,,,,,,Y,N1,A2100031,41
2026-07-27 01:45:15,data_go_kr,경기도,A2100046,한림대학교동탄성심병원,24,20260727013930,031-8086-2119,Y,Y,3,0,,,,,,11,,,,,,,,9,,2,,,,,1,6,,,,,,6,Y,Y,Y,,,,Y,,Y,Y,5,,Y,Y,Y,166,Y,,Y,Y,12,20,Y,32,9,,,,28,13,13,,,13,,,9,,,11,,,,20,,,11,1,6,3,6,51,8,16,17,5,5,1,1,515,3,0,,,,,,,,,,,,,,,Y,Y,A2100046,42
2026-07-27 01:45:15,data_go_kr,경기도,A2100290,의료법인자인의료재단(더자인병원),15,20260727014018,031-930-3119,,,,,,,,,,,,,,,,,,,2,,2,2,,,,1,1,,,,,,,,Y,,,,Y,,Y,Y,,,Y,Y,N1,81,N1,4,N1,N,,5,N1,16,,2,2,2,,,,,,,,,,,10,2,3,,,5,,,,,2,2,1,15,,,1,,,,,233,,,,,,,,,,,,,,,,,Y,N1,A2100290,43
2026-07-27 01:45:15,data_go_kr,경기도,A2100049,국립암센터,14,20260727014000,031-920-0119,,N,,,,,,,,,,,,,,,,,,,1,,,,,8,,,,,,,,,Y,,,,Y,,Y,Y,,,Y,Y,Y,108,Y,13,N,Y,,18,N1,24,,,1,,,,,,,,,,,,19,9,,,,18,,,,,7,5,3,29,,1,8,2,7,,,554,,,,,,,,,,,,,,,,,Y,N1,A2100049,44
2026-07-27 01:45:15,data_go_kr,경기도,A2116972,의료법인성광의료재단일산차병원,5,20260727013636,031-782-8587,Y,Y,,,,,,,,,,,,,,,,,,,3,,,,,1,,,,,,1,Y,,,,,,,,Y,N1,,,N1,N1,N1,63,N1,4,Y,N1,0,10,N1,6,,,4,,,,17,,,,,,,,4,1,,,,10,,,1,9,,,,4,11,19,,,,,,179,,,,,,,,,,,,,,,,,Y,Y,A2116972,45
2026-07-27 01:45:15,data_go_kr,경기도,A2118188,엘병원,7,20260727013811,031-527-6119,,,,,,,,,,,,,,,,,,,,,1,,,,,0,,,,,,0,,,Y,,,,,,Y,N1,,,N1,Y,N1,56,N1,6,N1,Y,,3,N1,8,,,2,,,,,,,,,,,,8,1,,,,3,,,1,,1,1,,2,,,,,,,,146,,,,,,,,,,,,,,,,,Y,N1,A2118188,46
2026-07-27 01:45:15,data_go_kr,경기도,A2100050,의료법인대인의료재단다니엘종합병원,5,20260727014003,032-670-0119,,,,,,,,,,,,,,,,,,,1,,3,,,,,1,,,,,,,,,Y,,,,,,Y,N1,,,N,Y,N1,32,N1,9,N1,Y,,3,N1,6,,1,3,,,,,,,,,,,,30,1,,,,3,,,,,1,1,,17,,,1,,,,,169,,,,,,,,,,,,,,,,,Y,N1,A2100050,47
2026-07-27 01:45:15,data_go_kr,경기도,A2100258,국군수도병원,16,20260727014013,031-725-6119,,,,,,,,,,,,,,2,6,,,,0,,,,,,,1,,,15,,2,,,,Y,,,,Y,15,Y,Y,,,Y,Y,Y,145,N1,8,N1,Y,,9,N1,16,,2,,,,,,,,,,20,,,12,1,,,40,9,,15,,,3,4,2,2,,,5,2,,,,530,,,,,,,,,,,2,6,,,,,Y,N1,A2100258,48
2026-07-27 01:45:15,data_go_kr,경기도,A2100016,순천의료재단성남정병원,7,20260727014002,031-750-6003,,,,,,,,,,,,0,,,26,,,,2,,,,,,,,,,,,,,,,Y,,,,,,Y,N1,,,N1,Y,N1,76,N1,,N1,Y,,4,N1,9,,2,,,,,,,,,,,,,,,,,,4,,,,,1,1,,1,,,,,,,,98,,,,,,,,,0,,,105,,,,,Y,N1,A2100016,49
2026-07-27 01:45:15,data_go_kr,경기도,A2121061,의료법인덕산의료재단수원덕산병원,18,20260727014003,031-686-2911,N,Y,,,,,,,,,,,,,,,,3,1,,2,2,,,,0,2,,,,,0,Y,,Y,,,,Y,,Y,Y,,,Y,Y,Y,92,N1,3,Y,Y,,9,N1,24,3,1,2,2,,,,,,,,,,,22,3,4,,,9,,,5,5,3,2,2,15,N,2,5,2,,,,403,,,,,,,,,,,,,,,,,Y,N,A2121061,50
2026-07-27 01:45:15,data_go_kr,경기도,A2100032,경기도의료원수원병원,5,20260727014002,031-888-0119,,,,,,,,,,,,,,,,,3,,,,2,,,,,,,,,,,2,,,Y,,,,,,Y,N1,,,N1,Y,N1,41,N1,7,N1,Y,,3,N1,8,,,2,,,,,,,,,,,,9,,,,,3,,,2,,1,1,,9,,,,,,,,156,,,,,,,,,,,,,,3,,,Y,N1,A2100032,51
2026-07-27 01:45:15,data_go_kr,경기도,A2100175,의료법인토마스의료재단윌스기념병원,15,20260727013813,031-240-6119,,,,,,,,,,,,,,,,,,,1,,2,2,,,,0,3,,,,,,Y,,Y,,,,Y,,Y,Y,,,Y,Y,N1,69,N1,7,N1,Y,,10,N1,18,,1,2,2,,,,,,,,,,,18,1,3,,,10,,,,1,1,4,1,1,,,1,,,,,282,,,,,,,,,,,,,,,,,Y,N1,A2100175,52
2026-07-27 01:45:15,data_go_kr,경기도,A2100027,의료법인석경의료재단센트럴병원,17,20260727014010,031-8041-3019,,,,,,,,,,,,,,,,,,,1,,1,,,,,,,,,,,,,,Y,,,,,,Y,N1,,,Y,Y,N1,98,N1,2,N1,Y,,3,N1,18,,1,2,,,,,,,,,,,,20,,,,,3,,,,,2,2,,7,,,2,,,,,255,,,,,,,,,,,,,,,,,Y,N1,A2100027,53
2026-07-27 01:45:15,data_go_kr,경기도,A2100013,의료법인 록향의료재단 신천연합병원,9,20260727014009,031-310-6661,,,,,,,,,,,,,,,,,,,,,1,,,,,0,,,,,,,,,Y,,,,,,Y,N1,,,Y,Y,N1,18,N1,0,N1,Y,,3,N1,10,,,1,,,,,,,,,,,,6,1,,,,3,,,,,1,1,,4,,,1,,,,,112,,,,,,,,,,,,,,,,,Y,N1,A2100013,54
2026-07-27 01:45:15,data_go_kr,경기도,A2100021,의료법인플러스의료재단단원병원,13,20260727013949,031-8040-5911,,,,,,,,,,,,,1,,,,,,1,,2,,,,,1,,,,,,,,,Y,,,,Y,,Y,Y,,,Y,Y,Y,69,N1,5,N1,Y,,5,N1,17,,1,2,,,,,,,,,,,,27,1,,,,5,,,,,1,1,2,8,,,2,1,,,,342,,,,,,,,,,1,,,,,,,Y,N1,A2100021,55
2026-07-27 01:45:15,data_go_kr,경기도,A2100014,근로복지공단안산병원,6,20260727013600,031-500-1119,,,,,,,,,,,,,,,,,,,,,1,,,,,1,,,,,,0,,,Y,,,,,,Y,N1,,,N1,Y,N1,87,N1,11,N1,Y,,3,N1,7,,,1,,,,,,,,,,,,18,1,,,,3,,,2,,1,1,,14,,,,,,,,359,,,,,,,,,,,,,,,,,Y,N1,A2100014,56
2026-07-27 01:45:15,data_go_kr,경기도,A2100124,의료법인칠석의료재단사랑의병원,9,20260727013352,031-502-0119,,,,,,,,,,,,,,,,,,,1,,,,,,,,,,,,,,,,Y,,,,,,Y,N1,,,Y,Y,N1,34,N1,5,N1,Y,,5,N1,13,,1,,,,,,,,,,,,,14,,,,,5,,,,,2,2,,8,,,1,,,,,206,,,,,,,,,,,,,,,,,Y,N1,A2100124,57
2026-07-27 01:45:15,data_go_kr,경기도,A2100045,경기도의료원안성병원,11,20260727014001,031-8046-5119,,,,,,,,,,,,,,,,,,,1,,,,,,,1,,,,,,8,,,Y,,,,,,Y,N1,,,N1,Y,N1,57,N1,3,N1,Y,,5,N1,14,,1,,,,,,,,,,,,,13,2,,,,5,,,8,,1,1,,8,,,,,,,,178,,,,,,,,,,,,,,,,,Y,N1,A2100045,58
2026-07-27 01:45:15,data_go_kr,경기도,A2100305,안성성모병원,8,20260727014001,031-675-8275,,,,,,,,,,,,,,,,,,,,,1,,,,,,,,,,,,,,Y,,,,,,Y,N1,,,N1,Y,N1,86,N1,2,N1,Y,,3,N1,9,,,1,,,,,,,,,,,,20,,,,,3,,,,,1,1,,7,,,,,,,,188,,,,,,,,,,,,,,,,,Y,N1,A2100305,59
2026-07-27 01:45:15,data_go_kr,경기도,A2100089,양평병원,9,20260727014001,031-770-5119,N,N,,,,,,,,,,,,,,,,,,,1,,,,,,,,,,,,N,N,Y,,,,N,,Y,N,,,N,Y,N,22,N,,N,Y,,3,N,9,,,1,,,,,,,,,,,,,,,,,3,,,,0,1,1,0,1,0,0,0,0,0,0,0,90,,,,,,,,,,,,,,,,,Y,N,A2100089,60
2026-07-27 01:45:15,data_go_kr,경기도,A2100194,세종여주병원,3,20260727013951,031-880-7754,,,,3,,,,,,,,,,,,,3,,,,4,,,,,,,,,,,,,,Y,,,,,,Y,N1,,,Y,Y,N1,117,N1,,N1,Y,,2,N1,6,,,4,,,,,,,,,,,,,,,,,2,,,,,1,1,,4,,,2,,,,,210,,3,,,,,,,,,,,,3,,,Y,N1,A2100194,61
2026-07-27 01:45:15,data_go_kr,경기도,E2100187,연천군보건의료원,10,20260727014013,031-839-4119,,,,,,,,,,,,,,,,,,,,,,,,,,,,,,,,,,,Y,,,,,,Y,N1,,,N1,Y,N1,51,N1,,N1,N1,,2,N1,10,,,,,,,,,,,,,,,,,,,,2,,,,,1,,,1,,,,,,,,52,,,,,,,,,,,,,,,,,Y,N1,E2100187,62
2026-07-27 01:45:15,data_go_kr,경기도,A2100122,(의)효심의료재단용인서울병원,9,20260727014027,031-336-0119,,,,,,,,,,,,,,,,,,,,,,,,,,,,,,,,,,,Y,,,,,,Y,N1,,,N1,Y,N1,150,N1,,N1,Y,,3,N1,10,,,,,,,,,,,,,,,,,,,,3,,,,,1,1,,1,,,,,,,,201,,,,,,,,,,,,,,,,,Y,N1,A2100122,63
2026-07-27 01:45:15,data_go_kr,경기도,A2121142,메디필드한강병원,14,20260727013607,031-332-1119,,,,,,,,,,,,,,,,,,,1,,2,,,,,1,,,,,,1,,,Y,,,,Y,,Y,Y,,,Y,Y,N1,154,N1,8,N1,Y,,6,N1,17,,1,2,,,,,,,,,,,,15,1,,,,6,,,1,,3,2,1,13,,,2,,,,,192,,,,,,,,,,,,,,,,,Y,N1,A2121142,64
2026-07-27 01:45:15,data_go_kr,경기도,A2100034,의료법인영동의료재단의정부백병원,9,20260727013747,031-842-1211,,,,,,,,,,,,,,,,,,,,,2,,,,,,,,,,,,,,Y,,,,,,Y,N1,,,N1,Y,N1,100,N1,0,N1,Y,,3,N1,10,,,2,,,,,,,,,,,,9,,,,,3,,,,,1,1,,1,,,,,,,,192,,,,,,,,,,,,,,,,,Y,N1,A2100034,65
2026-07-27 01:45:15,data_go_kr,경기도,A2100150,추병원,11,20260727013555,031-845-8313,,,,,,,,,,,,,,,,,,,1,,1,,,,,,,,,,,,,,Y,,,,Y,,Y,Y,,,N1,Y,N1,52,N1,2,N1,N,,3,N1,12,,1,1,,,,,,,,,,,,15,,,,,3,,,,,2,1,1,1,,,,,,,,210,,,,,,,,,,,,,,,,,Y,N1,A2100150,66
2026-07-27 01:45:15,data_go_kr,경기도,A2100043,경기도의료원의정부병원,10,20260727014001,031-828-5119,,,,,,,,,,,,,,,,0,,,1,,,,,,,,,,,,31,3,,,Y,,,,,,Y,N1,,,N1,Y,N1,34,N1,3,N1,Y,,3,N1,10,,1,,,,,,,,,,,,,6,,,,,3,,70,5,,1,1,,8,,,,,,,,86,,,,,,,,,,,,,0,,,,Y,N1,A2100043,67
2026-07-27 01:45:15,data_go_kr,경기도,A2100131,메디인병원,10,20260727014034,031-570-7912,,,,,,,,,,,,,,,,,,,,,2,,,,,,,,,,,,,,Y,,,,Y,,Y,Y,,,N1,Y,N1,63,N1,,N1,Y,,4,N1,12,,,2,,,,,,,,,,,,,,,,,4,,,,,1,1,1,2,,,,,,,,206,,,,,,,,,,,,,,,,,Y,N1,A2100131,68
2026-07-27 01:45:15,data_go_kr,경기도,A2100309,의료법인갈렌의료재단박병원,9,20260727014009,031-662-4119,,,,,,,,,,,,,,,,,,,,,1,,,,,,,,,,,,,,Y,,,,,,Y,N1,,,N1,Y,N1,31,N1,2,N1,Y,,2,N1,10,,,1,,,,,,,,,,,,10,,,,,2,,,,,1,2,,3,,,,,,,,143,,,,,,,,,,,,,,,,,Y,N1,A2100309,69
2026-07-27 01:45:15,data_go_kr,경기도,A2100022,의료법인박애의료재단박애병원,10,20260727013721,031-650-9219,,,,,,,,,,,,,,,,,,,,,1,,,,,,,,,,,,,,Y,,,,,,Y,N1,,,Y,Y,N1,110,N1,5,N1,Y,,5,N1,10,,,1,,,,,,,,,,,,10,,,,,5,,,,,2,1,,20,,,2,,,,,193,,,,,,,,,,,,,,,,,Y,N1,A2100022,70
2026-07-27 01:45:15,data_go_kr,경기도,A2100036,의료법인 일심의료재단 포천우리병원,17,20260727013729,031-541-8282,,,,,,,,,,,,,,,,,,,1,,3,,,,,2,,,,,,2,,,Y,,,,Y,,Y,Y,,,Y,Y,N1,62,N1,5,N1,Y,,5,N1,18,,1,3,,,,,,,,,,,,18,2,,,,5,,,2,,2,2,1,14,,,3,,,,,201,,,,,,,,,,,,,,,,,Y,N1,A2100036,71
2026-07-27 01:45:15,data_go_kr,경기도,A2100018,의료법인은혜와감사의료재단화성중앙종합병원,9,20260727013609,031-371-7998,,,,,,,,,,,,,,,,,,,,,1,,,,,,,,,,,,,,Y,,,,,,Y,N1,,,N1,Y,N1,77,N1,4,N1,Y,,3,N1,9,,,1,,,,,,,,,,,,8,,,,,3,,,,,1,1,,3,,,,,,,,131,,,,,,,,,,,,,,,,,Y,N1,A2100018,72
2026-07-27 01:45:15,data_go_kr,경기도,A2115699,의료법인원광의료재단원광종합병원,9,20260727013422,031-8077-7219,,,,,,,,,,,,,,,,,,,1,,,,,,,,,,,,,,,,Y,,,,,,Y,N1,,,N1,Y,N1,22,N1,-2,N1,Y,,4,N1,9,,1,,,,,,,,,,,,,9,,,,,4,,,,,1,2,,4,,,,,,,,135,,,,,,,,,,,,,,,,,Y,N1,A2115699,73
2026-07-27 01:45:15,data_go_kr,강원특별자치도,A2200008,강릉아산병원,12,20260727014015,033-610-3333,Y,Y,,,,,0,2,,0,,,,,,,,3,2,2,3,0,,,,,7,,,,,,Y,,Y,,,,Y,,Y,Y,,,Y,Y,Y,82,Y,,Y,Y,6,15,Y,23,3,2,3,18,14,16,13,,,,,,,,,,38,,,15,,,,2,4,3,4,33,8,12,8,5,1,,2,604,,,,,1,6,,,,,,,,,,,Y,Y,A2200008,1
2026-07-27 01:45:15,data_go_kr,강원특별자치도,A2200001,연세대학교원주세브란스기독병원,21,20260727013502,033-741-1641,Y,Y,3,20,,,0,,,2,,,,,,,,3,2,7,3,2,,,,,13,,9,2,5,,Y,,Y,3,2,6,Y,4,Y,Y,,,Y,Y,Y,134,Y,,Y,Y,7,15,Y,29,3,2,3,20,15,12,19,,,,15,20,,,,,30,,40,15,2,24,,2,5,4,7,100,12,25,16,7,13,,4,584,4,36,,,2,,,,,,,,,,2,6,Y,Y,A2200001,2
2026-07-27 01:45:15,data_go_kr,강원특별자치도,A2200013,한림대학교춘천성심병원,15,20260727013719,033-240-5219,Y,Y,2,3,,,,0,,,,,,,,,,3,,,,2,,,,0,24,,,,,1,Y,Y,Y,,,,Y,,Y,Y,2,,Y,Y,Y,86,Y,6,Y,Y,,9,Y,22,3,,,20,,,,,,8,,,,,20,2,45,,,9,,,2,1,2,2,3,33,1,4,6,2,1,1,1,252,2,3,,,,2,,,,,,,,,,,Y,Y,A2200013,3
2026-07-27 01:45:15,data_go_kr,강원특별자치도,A2200005,의료법인강릉동인병원,17,20260727014019,,,,,,,,,,,1,,,,,,,,,1,,2,,,,,2,,,,,9,,,,Y,,,,Y,,Y,Y,,,Y,Y,N1,69,N1,1,N1,Y,,5,N1,17,,1,2,,12,,,,,,,,,,12,2,,,,5,,101,,,2,1,1,14,,,1,,,,,248,,,,,,,,,,,,,,,,,Y,N1,A2200005,4
2026-07-27 01:45:15,data_go_kr,강원특별자치도,A2200007,강원특별자치도삼척의료원,15,20260727013501,033-571-0431,,Y,,,,,,,,,,,,,,,,1,2,,1,0,,,,0,3,,,,,6,Y,,Y,,,,,,Y,N1,,,Y,Y,N1,57,N1,0,Y,Y,,4,N1,16,1,2,1,2,,,,,,,,,,,6,2,3,,,4,,,10,1,1,1,,3,,3,1,,,,,189,,,,,,,,,,,,,,,,,Y,N1,A2200007,5
2026-07-27 01:45:15,data_go_kr,강원특별자치도,A2200012,강원특별자치도속초의료원,17,20260727014002,,Y,Y,,,,,,,,,,,,,,,,,2,,1,,,,,,,,,,,,Y,,Y,,,,,,Y,N1,,,N1,Y,N1,64,N1,0,Y,Y,,3,N1,17,,2,1,,,,,,,,,,,,8,,,,,3,,,,2,1,1,,7,1,1,,,,,,154,,,,,,,,,,,,,,,,,Y,Y,A2200012,6
2026-07-27 01:45:15,data_go_kr,강원특별자치도,A2200009,강원대학교병원,16,20260727014000,033-258-2293,Y,Y,,,,,0,,,3,,,,,,,,3,2,,3,1,4,,4,1,,,,,3,10,Y,,Y,2,,,Y,,Y,Y,,,Y,Y,Y,269,Y,,Y,Y,1,11,N1,21,3,2,3,5,10,,15,8,,,8,,8,,,2,,,,11,,16,14,3,4,2,4,43,13,24,12,3,10,,,508,,,,,0,,,,,,,,,,,,Y,Y,A2200009,7
2026-07-27 01:45:15,data_go_kr,강원특별자치도,A2200011,강원특별자치도강릉의료원,-1,20260727014002,033-610-1234,,,,,,,,,,,,,,,,20,,,,,1,,,,,,,,,,,5,,,Y,,,,,,Y,N1,,,N1,Y,N1,16,N1,0,N1,Y,,2,N1,5,,,1,,,,,,,,,,,,8,,,,,2,,,5,,1,1,,4,,,,,,,,122,,,,,,,,,,,,,20,,,,Y,N1,A2200011,8
2026-07-27 01:45:15,data_go_kr,강원특별자치도,A2200003,의료법인동해동인병원,8,20260727014034,033-530-0129,,,,,,,,,,,,,,,,,,,,,1,,,,,1,,,,,57,,,,Y,,,,,,Y,N1,,,N1,Y,N1,33,N1,9,N1,Y,,2,N1,10,,,1,,,,,,,,,,,,19,1,,,,2,,110,,,1,1,,7,,,,,,,,178,,,,,,,,,,,,,,,,,Y,N1,A2200003,9
2026-07-27 01:45:15,data_go_kr,강원특별자치도,A2200046,의료법인온세움의료재단온재병원,5,20260727013953,033-639-8988,,,,,,,,,,,,,,,,,,,,,1,,,,,,,,,,29,,,,Y,,,,,,Y,N1,,,N1,Y,N1,21,N1,0,N1,Y,,4,N1,9,,,1,,,,,,,,,,,,15,,,,,4,,59,,,1,1,,5,,,,,,,,219,,,,,,,,,,,,,,,,,Y,N1,A2200046,10
2026-07-27 01:45:15,data_go_kr,강원특별자치도,A2200037,의료법인성심의료재단양구성심병원,5,20260727014024,033-480-8816,,Y,,,,,,,,,,,,,,,,,1,,,,,,,,,,,,,,Y,,Y,,,,,,Y,N1,,,N1,Y,N1,40,N1,,Y,N1,,,N1,5,,1,,,,,,,,,,,,,,,,,,,,,,1,1,,,1,,1,,,,,,52,,,,,,,,,,,,,,,,,Y,N1,A2200037,11
2026-07-27 01:45:15,data_go_kr,강원특별자치도,A2200002,강원특별자치도영월의료원,9,20260727014002,033-370-9129,,Y,,,,,,,,,,,,,,,1,,,,,,,,,0,,,,,,2,Y,,Y,,,,,,Y,N1,,,N1,Y,N1,42,N1,0,Y,Y,,2,N1,9,,,,,,,,,,,,,,,10,2,,,,2,,,2,1,1,1,,7,,3,,,,,,174,,,,,,,,,,,,,,1,,,Y,N1,A2200002,12
2026-07-27 01:45:15,data_go_kr,강원특별자치도,A2200015,강원특별자치도원주의료원,11,20260727014002,033-760-4701,,,,,,,,,,,,,,,,,,,1,,2,,,,,,,,,,,,,,Y,,,,,,Y,N1,,,N1,Y,N1,53,N1,0,N1,Y,,3,N1,17,,1,2,,,,,,,,,,,,20,,,,,3,,,,,1,1,,7,,,,,,,,259,,,,,,,,,,,,,,,,,Y,N1,A2200015,13
2026-07-27 01:45:15,data_go_kr,강원특별자치도,A2200024,의료법인성지의료재단성지병원,5,20260727013420,033-760-3119,,,,,,,,,,,,,,,,13,,,,,1,,,,,,,,,,,,,,Y,,,,,,Y,N1,,,N1,Y,N1,-80,N1,9,N1,Y,,4,N1,7,,,1,,,,,,,,,,,,9,,,,,4,,,,,1,2,,4,,,,,,,,135,,,,,,,,,,,,,13,,,,Y,N1,A2200024,14
2026-07-27 01:45:15,data_go_kr,강원특별자치도,A2200048,근로복지공단정선병원,5,20260727013600,033-560-7150,,,,,,,,,,,,,,,,,,,,,1,,,,,,,,,,,,,,Y,,,,,,Y,N1,,,N1,Y,N1,46,N1,,N1,N1,,,N1,5,,,1,,,,,,,,,,,,,,,,,,,,,,1,,,3,,,,,,,,149,,,,,,,,,,,,,,,,,Y,N1,A2200048,15
2026-07-27 01:45:15,data_go_kr,강원특별자치도,A2201730,철원병원,5,20260727014001,033-452-5012,N,Y,,,,,,,,,,,,,,,,,1,,,,,,,,,,,,,,Y,N,Y,,,,N,,Y,N,,,N,Y,N,33,N,,Y,Y,,2,N,5,,1,,,,,,,,,,,,,,,,,,2,,,,1,1,1,0,1,0,1,0,0,0,0,0,68,,,,,,,,,,,,,,,,,Y,N,A2201730,16
2026-07-27 01:45:15,data_go_kr,강원특별자치도,A2200004,근로복지공단태백병원,8,20260727013900,033-580-3119,,,,,,,,,,,,,,,,,,,1,,,,,,,1,,,,,,,Y,,Y,,,,,,Y,N1,,,N1,Y,N1,65,N1,3,N1,Y,,2,N1,9,,1,,,,,,,,,,,,,9,1,,,,2,,,,1,1,1,,8,,,,,,,,223,,,,,,,,,,,,,,,,,Y,N1,A2200004,17
2026-07-27 01:45:15,data_go_kr,강원특별자치도,E2200026,평창군보건의료원,6,20260727014001,033-330-4812,,,,,,,,,,,,,,,,,,,,,1,,,,,,,,,,,,,,Y,,,,,,Y,N1,,,N1,Y,N1,20,N1,,N1,N1,,,N1,6,,,1,,,,,,,,,,,,,,,,,,,,,,1,,,1,,,,,,,,20,,,,,,,,,,,,,,,,,Y,N1,E2200026,18
2026-07-27 01:45:15,data_go_kr,강원특별자치도,A2200014,홍천아산병원,9,20260727013500,033-430-5119,,,,,,,,,,,,,,,,,,,,,,,,,,,,,,,,,,,Y,,,,,,Y,N1,,,N1,Y,N1,2,N1,0,N1,Y,,2,N1,10,,,,,,,,,,,,,,,7,,,,,2,,,,,1,1,,4,,,,,,,,128,,,,,,,,,,,,,,,,,Y,N1,A2200014,19
2026-07-27 01:45:15,data_go_kr,강원특별자치도,E2200025,화천군보건의료원,7,20260727014001,033-440-2880,,,,,,,,,,,,,,,,,,,,,1,,,,,,,,,,,,,,,,,,,,Y,N1,,,N1,N1,N1,16,N1,,N1,N1,,,N1,7,,,1,,,,,,,,,,,,,,,,,,,,,,,,,1,,,,,,,,16,,,,,,,,,,,,,,,,,Y,N1,E2200025,20
2026-07-27 01:45:15,data_go_kr,강원특별자치도,A2200016,횡성대성병원,8,20260727013932,033-345-1191,,,,,,,,,,,,,,,,,,,,,1,,,,,,,,,,,,,,Y,,,,,,Y,N1,,,N1,Y,N1,25,N1,,N1,Y,,1,N1,9,,,1,,,,,,,,,,,,,,,,,1,,,,,1,1,,1,,,,,,,,114,,,,,,,,,,,,,,,,,Y,N1,A2200016,21
2026-07-27 01:45:15,data_go_kr,충청북도,A2300001,충북대학교병원,24,20260727014000,043-269-6114,Y,Y,2,3,,,,0,,0,,,,,,,,3,,,,2,,,,1,32,,10,2,4,12,Y,,Y,,1,5,Y,15,Y,Y,2,,Y,Y,Y,231,Y,7,Y,Y,14,16,N1,30,8,,,18,8,,25,,,4,,20,,,17,5,40,,40,16,2,21,13,2,4,4,6,98,13,31,18,10,17,,,547,2,3,,,,2,,,,,,,,,2,6,Y,Y,A2300001,1
2026-07-27 01:45:15,data_go_kr,충청북도,A2300009,의료법인명지의료재단명지병원,15,20260727013923,043-640-8117,,,,,,,,,,,,,,,,,,2,2,,4,2,,,,3,,,,,,,,,Y,,,,Y,,Y,Y,,,Y,Y,Y,69,N1,4,N1,Y,,3,N1,18,3,2,4,2,,,,,,,,,,,15,3,,,,3,,,,,2,1,1,10,,,2,1,,,,201,,,,,,,,,,,,,,,,,Y,N1,A2300009,2
2026-07-27 01:45:15,data_go_kr,충청북도,A2300005,의료법인자산의료재단제천서울병원,11,20260727013529,043-643-2327,,,,,,,,,,,,,,,,,,,1,,4,,,,,,2,,,,,,,,Y,,,,,,Y,N1,,,Y,Y,N1,24,N1,0,N1,Y,,3,Y,15,,1,4,,,,,,,,,,,,11,,5,,,3,,,,,1,1,,10,,,1,,,,1,202,,,,,,,,,,,,,,,,,Y,N1,A2300005,3
2026-07-27 01:45:15,data_go_kr,충청북도,A2300013,의료법인 건명의료재단 중앙제일병원,16,20260727013542,043-537-9119,,,,,,,,,,,,,,,,,,,3,,,,,,,2,,,,,,31,,,Y,,,,,,Y,N1,,,Y,Y,N1,52,N1,4,N1,Y,,5,N1,17,,3,,,,,,,,,,,,,12,6,,,,5,,,31,,2,2,,6,,,1,,,,,192,,,,,,,,,,,,,,,,,Y,N1,A2300013,4
2026-07-27 01:45:15,data_go_kr,충청북도,A2300007,의료법인인화재단한국병원,9,20260727013739,043-222-6177,,Y,,,,,,,,,,,,,,,3,,1,,2,,,,,1,,,,,,1,Y,,Y,,,,Y,,Y,Y,,,Y,Y,N1,58,N1,0,Y,Y,,8,N1,14,,1,2,,,,,,,,,,,,24,1,,,,8,,,1,1,3,3,2,18,,1,3,,,,,403,,,,,,,,,,,,,,3,,,Y,N1,A2300007,5
2026-07-27 01:45:15,data_go_kr,충청북도,A2300003,의료법인정산의료재단효성병원,16,20260727013445,043-221-2192,,N,,,,,,,,,,,,,,,,,1,,4,0,,,,0,1,,,,,,Y,,Y,,,,Y,,Y,Y,,,Y,Y,N1,65,N1,0,N,Y,,4,Y,18,,1,4,2,,,,,,,,,,,27,2,3,,,4,,,,1,3,4,2,19,,1,2,,,,1,363,,,,,,,,,,,,,,,,,Y,N1,A2300003,6
2026-07-27 01:45:15,data_go_kr,충청북도,A2300008,청주성모병원,12,20260727014010,043-219-8119,,Y,,,,,,,,3,,,,,,,,,2,6,5,2,,,,1,4,,,,,7,Y,,Y,,,,Y,,Y,Y,,,Y,Y,N1,110,N1,,Y,Y,,8,N1,15,,2,5,2,13,12,,,,,,,,,,1,4,,,8,,,30,1,3,2,2,19,,2,2,,,,,358,,,,,,,,,,,,,,,,,Y,N1,A2300008,7
2026-07-27 01:45:15,data_go_kr,충청북도,A2300002,의료법인한마음의료재단하나병원,5,20260727013614,043-230-6594,,,,,,,,,,,,,,,,,9,,1,,2,,,,,1,,,,,,,,,Y,,,,Y,,Y,Y,,,Y,Y,N1,127,N1,2,N1,Y,,7,Y,11,,1,2,,,,,,,,,,,,24,2,,,,7,,,,,3,3,2,20,,,4,,,,1,463,,,,,,,,,,,,,,9,,,Y,N1,A2300002,8
2026-07-27 01:45:15,data_go_kr,충청북도,A2300010,건국대학교충주병원,14,20260727013501,043-840-8330,Y,Y,,,,,,,,,,,,,,,,,1,,2,,,,,,,,,,,0,Y,,Y,,,,Y,,Y,Y,,,Y,Y,Y,78,N1,5,Y,Y,,5,N1,20,,1,2,,,,,,,,,,,,18,,,,,5,,,1,1,2,1,2,11,1,4,3,1,,,,194,,,,,,,,,,,,,,,,,Y,Y,A2300010,9
2026-07-27 01:45:15,data_go_kr,충청북도,A2300034,의료법인대광의료재단괴산성모병원,9,20260727013733,043-830-5419,,,,,,,,,,,,,,,,,,,,,0,,,,,,,,,,,,,,Y,,,,,,Y,N1,,,N1,Y,N1,4,N1,,N1,Y,,1,N1,9,,,1,,,,,,,,,,,,,,,,,1,,,,,1,1,,3,,,,,,,,153,,,,,,,,,,,,,,,,,Y,N1,A2300034,10
2026-07-27 01:45:15,data_go_kr,충청북도,E2300011,단양군보건의료원,6,20260727014001,043-420-0139,,,,,,,,,,,,,,,,,,,1,,,,,,,,,,,,,2,,,Y,,,,,,Y,N1,,,N1,Y,N1,13,N1,,N1,N1,,,N1,6,,1,,,,,,,,,,,,,,,,,,,,,2,,1,,,1,,,,,,,,14,,,,,,,,,,,,,,,,,Y,N1,E2300011,11
2026-07-27 01:45:15,data_go_kr,충청북도,A2300030,의료법인조윤의료재단영동병원,8,20260727013506,043-740-9333,,Y,,,,,,,,,,,,,,,,,,,,,,,,,,,,,,,Y,,Y,,,,,,Y,N1,,,N1,Y,N1,30,N1,,Y,Y,,2,N1,10,,,,,,,,,,,,,,,,,,,,2,,,,1,1,1,,3,,1,,,,,,161,,,,,,,,,,,,,,,,,Y,N1,A2300030,12
2026-07-27 01:45:15,data_go_kr,충청북도,A2300011,의료법인힐링의료재단옥천성모병원,7,20260727013802,043-730-7119,,,,,,,,,,,,,,,,,,,2,,1,,,,,,,,,,,,,,Y,,,,,,Y,N1,,,N1,Y,N1,15,N1,0,N1,Y,,2,N1,7,,2,1,,,,,,,,,,,,7,,,,,2,,,,,1,1,,4,,,,,,,,157,,,,,,,,,,,,,,,,,Y,N1,A2300011,13
2026-07-27 01:45:15,data_go_kr,충청북도,A2300006,충청북도청주의료원,11,20260727014002,043-279-0119,,Y,,,,,,,,,,,,,,,3,,1,,,,,,,2,,,,,90,6,Y,,Y,,,,Y,,Y,Y,,,Y,Y,N1,151,N1,18,Y,Y,,5,N1,12,,1,,,,,,,,,,,,,21,3,,,,5,,90,6,1,1,2,1,11,,1,1,,,,,359,,,,,,,,,,,,,,3,,,Y,N1,A2300006,14
2026-07-27 01:45:15,data_go_kr,충청북도,A2300004,충청북도충주의료원,12,20260727014002,043-871-0119,,,,,,,,,,,,,,,,,,,1,,2,,,,,,,,,,,,,,Y,,,,Y,,Y,Y,,,Y,Y,N1,131,N1,3,N1,Y,,4,N1,18,,1,2,,,,,,,,,,,,12,,,,,4,,,,,1,1,1,8,,,1,,,,,282,,,,,,,,,,,,,,,,,Y,N1,A2300004,15
2026-07-27 01:45:15,data_go_kr,충청남도,A2400002,단국대학교의과대학부속병원,12,20260727014000,041-550-6840,Y,Y,2,2,,,,0,,,,,,3,,,,4,,0,0,0,,,,0,14,,2,2,10,0,Y,,Y,0,2,6,Y,1,Y,Y,,,Y,Y,Y,155,Y,,Y,Y,-2,13,Y,25,4,,1,18,,13,25,,,,13,20,,,,1,30,,40,13,2,20,8,3,4,3,6,6,14,29,15,7,17,,1,640,2,2,,,,2,,,,,7,,,,2,6,Y,Y,A2400002,1
2026-07-27 01:45:15,data_go_kr,충청남도,A2400001,학교법인동은학원순천향대학교부속천안병원,15,20260727013622,041-590-7019,Y,Y,,,1,3,1,,,10,,,,,,,,13,4,9,2,6,,2,,4,10,4,,,,3,Y,Y,Y,,,,Y,,Y,Y,,,Y,Y,Y,138,Y,,Y,Y,1,19,Y,22,14,4,3,17,18,15,38,,2,,,,,,,6,30,6,,19,,,14,11,6,4,6,60,16,37,6,6,10,1,1,713,,,1,3,1,,,,,,,,,,,,Y,Y,A2400001,2
2026-07-27 01:45:15,data_go_kr,충청남도,A2400009,의료법인백제병원,13,20260727013814,041-730-8882,,,,,,,,,,,,,,,,,,,1,,2,,,,,,,,,,19,,,,Y,,,,Y,,Y,Y,,,Y,Y,N1,12,N1,-3,N1,Y,,4,N1,20,,1,2,,,,,,,,,,,,26,,,,,4,,49,,,2,2,1,11,,,3,,,,,398,,,,,,,,,,,,,,,,,Y,N1,A2400009,3
2026-07-27 01:45:15,data_go_kr,충청남도,A2400008,당진종합병원,11,20260727013931,041-358-3624,,,,,,,,,,,,,,,,,,,1,,2,,,,,,,,,,,,,,Y,,,,Y,,Y,Y,,,Y,Y,N1,81,N1,0,N1,Y,,4,N1,17,,1,2,,,,,,,,,,,,13,,,,,4,,,,,2,2,1,5,,,1,,,,,246,,,,,,,,,,,,,,,,,Y,N1,A2400008,4
2026-07-27 01:45:15,data_go_kr,충청남도,A2400011,재단법인아산사회복지재단보령아산병원,15,20260727013500,041-930-5333,,,,,,,,,,,,,,,,,,,1,,2,,,,,,,,,,,,,,Y,,,,,,Y,N1,,,N1,Y,N1,68,N1,3,N1,Y,,2,N1,17,,1,2,,,,,,,,,,,,8,,,,,2,,,,,1,1,,4,,,,,,,,221,,,,,,,,,,,,,,,,,Y,N1,A2400011,5
2026-07-27 01:45:15,data_go_kr,충청남도,A2400003,서산중앙병원,16,20260727013504,041-661-1195,,,,,,,,,,,,,,,,,,,1,,2,,,,,,,,,,,,,,Y,,,,,,Y,N1,,,Y,Y,N1,37,N1,3,N1,Y,,4,N1,17,,1,2,,,,,,,,,,,,17,,,,,4,,,,,1,1,,7,,,1,,,,,288,,,,,,,,,,,,,,,,,Y,N1,A2400003,6
2026-07-27 01:45:15,data_go_kr,충청남도,A2400006,충청남도서산의료원,10,20260727013601,041-689-7119,,,,,,,,,,,,,,,,,,,1,,2,0,,,,,1,,,,,5,,,Y,,,,,,Y,N1,,,N1,Y,N1,20,N1,0,N1,Y,,3,N1,17,,1,2,2,,,,,,,,,,,8,,4,,,3,,,5,,2,1,,10,,,,,,,,259,,,,,,,,,,,,,,,,,Y,N1,A2400006,7
2026-07-27 01:45:15,data_go_kr,충청남도,A2402257,아산충무병원,10,20260727014015,041-536-6519,,,1,7,,,,,,,,,,5,,,,,,,,,,,,1,,,,,,,Y,,Y,,,,Y,,Y,Y,,,Y,Y,Y,147,Y,10,N1,Y,,4,N1,13,,,,,,,,,,,,,,,22,2,,,,4,,,,1,2,2,3,27,,,4,2,1,,,456,1,7,,,,,,,,,5,,,,,,Y,N1,A2402257,8
2026-07-27 01:45:15,data_go_kr,충청남도,A2400012,의료법인영서의료재단천안충무병원,15,20260727013905,041-570-7519,,,,,,,,,,,,,,,,,,,1,,4,,,,,0,,,,,,,,,Y,0,,,Y,,Y,Y,,,Y,Y,Y,41,N1,0,N1,Y,,5,N1,16,,1,4,,,,,,,,7,,,,19,3,,,,5,,,,,2,2,3,26,,,3,3,,,,333,,,,,,,,,,,,,,,,,Y,N1,A2400012,9
2026-07-27 01:45:15,data_go_kr,충청남도,A2400007,충청남도홍성의료원,16,20260727013902,041-630-6119,,,,,,,,,,,,,,,,,,1,1,,2,2,,,,1,3,,,,3,1,Y,,Y,,,,N,,Y,N,,,Y,Y,N1,80,N1,4,N1,Y,,4,N,18,1,1,2,2,,,,,,,,,,,22,1,3,,,4,,49,1,1,2,2,1,10,,,1,,,,2,260,,,,,,,,,,,,,,,,,Y,N1,A2400007,10
2026-07-27 01:45:15,data_go_kr,충청남도,A2400010,충청남도공주의료원,14,20260727013601,041-962-1365,,,,,,,,,,,,,,,,,,,,,1,,,,,,,,,,,5,,,Y,,,,,,Y,N1,,,Y,Y,N1,54,N1,3,N1,Y,,6,N1,15,,,1,,,,,,,,,,,,16,,,,,6,,,6,,1,1,,9,,,2,,,,,273,,,,,,,,,,,,,,,,,Y,N1,A2400010,11
2026-07-27 01:45:15,data_go_kr,충청남도,A2400038,학교법인건양교육재단건양대학교부여병원,9,20260727013810,041-837-1201,,,,,,,,,,,,,,,,,,,,,1,,,,,,,,,,,,,,Y,,,,,,Y,N1,,,N1,Y,N1,18,N1,,N1,N1,,1,N1,9,,,1,,,,,,,,,,,,,,,,,1,,,,,1,,,1,,,,,,,,55,,,,,,,,,,,,,,,,,Y,N1,A2400038,12
2026-07-27 01:45:15,data_go_kr,충청남도,A2400044,의료법인 서해병원,5,20260727013559,041-950-0219,,,,,,,,,,,,,,,,,,,,,2,,,,,,,,,,,,,,Y,,,,,,Y,N1,,,N1,Y,N1,18,N1,,N1,N1,,,N1,5,,,2,,,,,,,,,,,,,,,,,,,,,,1,,,1,,,,,,,,79,,,,,,,,,,,,,,,,,Y,N1,A2400044,13
2026-07-27 01:45:15,data_go_kr,충청남도,A2400039,현대병원,10,20260727014001,041-546-7744,N,N,,,,,,,,,,,,,,,,,,,1,,,,,,,,,,,,N,N,Y,0,,,N,,Y,N,,,N,Y,N,3,N,2,N,Y,,3,N,10,,,1,,,,,,,,0,,,,7,,,,,3,,,,0,1,1,0,3,0,0,0,0,0,0,0,84,,,,,,,,,,,,,,,,,Y,N,A2400039,14
2026-07-27 01:45:15,data_go_kr,충청남도,A2400004,의료법인 예당의료재단 예산종합병원,5,20260727013958,041-330-4119,,,,,,,,,,,,,,,,,,,,,1,,,,,,,,,,,,,,Y,,,,,,Y,N1,,,N1,Y,N1,0,N1,1,N1,Y,,0,N1,6,,,1,,,,,,,,,,,,9,,,,,0,,,,,0,0,,0,,,,,,,,88,,,,,,,,,,,,,,,,,Y,N1,A2400004,15
2026-07-27 01:45:15,data_go_kr,충청남도,A2400005,충청남도천안의료원,12,20260727014001,041-570-7119,,,,,,,,,,,,,,,,6,,,,,1,,,,,,,,,,,,,,Y,,,,,,Y,N1,,,N1,Y,N1,64,N1,6,N1,Y,,4,N1,12,,,1,,,,,,,,,,,,15,,,,,4,,,,,1,1,,10,,,,,,,,241,,,,,,,,,,,,,6,,,,Y,N1,A2400005,16
2026-07-27 01:45:15,data_go_kr,충청남도,E2400032,청양군보건의료원,6,20260727014000,041-940-4951,,,,,,,,,,,,,,,,,,,,,1,,,,,,,,,,,,,,Y,,,,,,Y,N1,,,N1,Y,N1,12,N1,,N1,N1,,1,N1,6,,,1,,,,,,,,,,,,,,,,,1,,,,,1,,,1,,,,,,,,12,,,,,,,,,,,,,,,,,Y,N1,E2400032,17
2026-07-27 01:45:15,data_go_kr,충청남도,E2400033,태안군보건의료원,9,20260727014001,041-671-5319,,,,,,,,,,,,,,,,,,,,,1,,,,,,,,,,,,,,Y,,,,,,Y,N1,,,N1,Y,N1,22,N1,,N1,N1,,,N1,10,,,1,,,,,,,,,,,,,,,,,,,,,,1,,,1,,,,,,,,34,,,,,,,,,,,,,,,,,Y,N1,E2400033,18
2026-07-27 01:45:15,data_go_kr,전북특별자치도,A2500001,원광대학교병원,14,20260727014017,063-859-1165,Y,Y,2,1,,,,2,,1,,,,,,,,3,,3,,6,,,4,1,17,,14,2,3,1,Y,,Y,,2,6,Y,8,Y,Y,,,Y,Y,Y,134,Y,5,Y,Y,2,15,Y,26,3,,,18,8,15,15,,,,,20,8,,15,7,31,,40,15,2,30,2,1,5,4,5,11,12,20,8,4,1,,2,543,2,3,,,,2,,,,,,,,,2,6,Y,Y,A2500001,1
2026-07-27 01:45:15,data_go_kr,전북특별자치도,A2500002,전북대학교병원,28,20260727013540,063-250-1131,Y,Y,2,5,,,2,1,,1,,,,,,,,5,,3,,3,6,,4,1,6,,,,2,15,Y,,Y,6,,,Y,,Y,Y,,,Y,Y,Y,315,Y,,Y,Y,22,21,N1,36,5,,,17,10,8,25,10,,,18,,11,,,2,30,,,21,,23,15,3,1,2,5,11,15,22,4,2,1,,,834,2,5,,,2,1,,,,,,,,,,,Y,Y,A2500002,2
2026-07-27 01:45:15,data_go_kr,전북특별자치도,A2500007,전북특별자치도군산의료원,11,20260727013701,063-472-5130,,Y,,,,,,,,,,,,,,,,,1,,2,1,,,,2,3,,,,,,Y,,Y,,,,,,Y,N1,,,N1,Y,N1,86,N1,9,Y,Y,,6,N1,17,,1,2,2,,,,,,,,,,,18,2,3,,,6,,,,1,1,1,,18,,2,,,,,,289,,,,,,,,,,,,,,,,,Y,N1,A2500007,3
2026-07-27 01:45:15,data_go_kr,전북특별자치도,A2500012,의료법인오성의료재단동군산병원,15,20260727013936,063-440-0516,,,,,,,,,,,,,,,,0,,,1,,5,0,,,,,1,,,,,,,,Y,,,,Y,,Y,Y,,,Y,Y,N1,18,N1,4,N1,Y,,6,N1,17,,1,5,2,,,,,,,,,,,24,,3,,,6,,,,,2,2,2,13,,,2,,,,,262,,,,,,,,,,,,,0,,,,Y,N1,A2500012,4
2026-07-27 01:45:15,data_go_kr,전북특별자치도,A2500004,전북특별자치도남원의료원,16,20260727014001,063-620-1119,,Y,,,,,,,,,,,,,,,,,0,,2,,,,,1,,,,,,,Y,,Y,,,,,,Y,N1,,,N1,Y,N1,34,N1,4,Y,Y,,3,N1,17,,1,2,,,,,,,,,,,,9,1,,,,3,,,,3,2,1,,10,,1,,,,,,190,,,,,,,,,,,,,,,,,Y,N1,A2500004,5
2026-07-27 01:45:15,data_go_kr,전북특별자치도,A2500011,의료법인대산의료재단익산병원,13,20260727014003,063-840-9112,,,,,,,,,,,,,,,,,,,1,,2,,,,,0,,,,,,,,,Y,,,,Y,,Y,Y,,,N1,Y,N1,46,N1,7,N1,Y,,5,N1,17,,1,2,,,,,,,,,,,,17,1,,,,5,,,,,2,2,1,7,,,,,,,,333,,,,,,,,,,,,,,,,,Y,N1,A2500011,6
2026-07-27 01:45:15,data_go_kr,전북특별자치도,A2500056,대자인병원,25,20260727013907,063-250-8701,,,,,,,,,,,,,,,,,,,1,6,2,,,,,0,,,,,,,,Y,Y,,,,Y,,Y,Y,,,Y,Y,Y,32,N1,0,N1,Y,,15,Y,33,,1,2,,,36,,,,,,,,,15,4,,,,15,,,,,4,3,2,12,,,4,2,,1,1,45,,,,,,,,,,,,,,,,,Y,N1,A2500056,7
2026-07-27 01:45:15,data_go_kr,전북특별자치도,A2500006,재단법인예수병원유지재단예수병원,25,20260727013537,063-230-8280,Y,Y,,,1,1,,,,,,,,,,,,5,1,,2,,,2,,4,,3,,,,2,Y,,Y,-1,,,Y,,Y,Y,,,Y,Y,Y,140,N1,3,Y,Y,4,14,Y,38,10,1,2,,,,12,,2,,14,,,,23,4,,6,,14,,,5,4,4,3,4,40,6,11,7,2,,,2,685,,,1,1,,,,,,,,,,,,,Y,Y,A2500006,8
2026-07-27 01:45:15,data_go_kr,전북특별자치도,A2500005,의료법인영경의료재단전주병원,12,20260727013619,063-226-6119,,,,,,,,,,,,,,,,,,,1,,2,,,,,,,,,,,,,,Y,,,,,,Y,N1,,,Y,Y,N1,29,N1,4,N1,Y,,5,N1,17,,1,2,,,,,,,,,,,,9,,,,,5,,,,,1,2,,6,,,1,,,,,275,,,,,,,,,,,,,,,,,Y,N1,A2500005,9
2026-07-27 01:45:15,data_go_kr,전북특별자치도,A2500008,재단법인 아산사회복지재단 정읍아산병원,13,20260727013500,063-530-6129,,,,,,,,,,,,,,,,,,,1,,2,,,,,,,,,,,,,,Y,,,,,,Y,N1,,,N1,Y,N1,78,N1,1,N1,Y,,3,N1,17,,1,2,,,,,,,,,,,,11,,,,,3,,,,,1,1,,5,,,,,,,,276,,,,,,,,,,,,,,,,,Y,N1,A2500008,10
2026-07-27 01:45:15,data_go_kr,전북특별자치도,A2500009,의료법인석천재단고창병원,7,20260727013818,063-560-5558,,,,,,,,,,,,,,,,,,,,,1,,,,,,,,,,,,,,Y,,,,,,Y,N1,,,N1,Y,N1,0,N1,,N1,Y,,2,N1,10,,,1,,,,,,,,,,,,,,,,,2,,,,,1,1,,4,,,,,,,,258,,,,,,,,,,,,,,,,,Y,N1,A2500009,11
2026-07-27 01:45:15,data_go_kr,전북특별자치도,A2500038,김제우석병원,10,20260727013614,063-540-5119,,,,,,,,,,,,,,,,,,,,,1,,,,,,,,,,,,,,Y,,,,,,Y,N1,,,N1,Y,N1,74,N1,,N1,Y,,2,N1,10,,,1,,,,,,,,,,,,,,,,,2,,,,,1,1,,1,,,,,,,,200,,,,,,,,,,,,,,,,,Y,N1,A2500038,12
2026-07-27 01:45:15,data_go_kr,전북특별자치도,E2500019,무주군보건의료원,4,20260727014001,063-320-8315,,,,,,,,,,,,,,,,,,,,,1,,,,,,,,,,,,,,Y,,,,,,Y,N1,,,N1,Y,N1,24,N1,,N1,N1,,,N1,4,,,1,,,,,,,,,,,,,,,,,,,,,,1,,,1,,,,,,,,24,,,,,,,,,,,,,,,,,Y,N1,E2500019,13
2026-07-27 01:45:15,data_go_kr,전북특별자치도,A2500010,부안성모병원,10,20260727013221,063-580-8119,,,,,,,,,,,,,,,,,,,,,2,,,,,,,,,,,,,,Y,,,,,,Y,N1,,,N1,Y,N1,8,N1,9,N1,Y,,3,N1,10,,,2,,,,,,,,,,,,9,,,,,3,,,,,1,1,,2,,,,,,,,240,,,,,,,,,,,,,,,,,Y,N1,A2500010,14
2026-07-27 01:45:15,data_go_kr,전북특별자치도,E2500021,순창군보건의료원,9,20260727014001,063-650-5352,,,,,,,,,,,,,,,,,,,,,1,,,,,,,,,,,,,,Y,,,,,,Y,N1,,,N1,Y,N1,30,N1,,N1,N1,,,N1,9,,,1,,,,,,,,,,,,,,,,,,,,,,1,,,1,,,,,,,,30,,,,,,,,,,,,,,,,,Y,N1,E2500021,15
2026-07-27 01:45:15,data_go_kr,전북특별자치도,E2500022,임실군보건의료원,4,20260727014001,063-640-3119,,,,,,,,,,,,,,,,,,,,,1,,,,,,,,,,,,,,Y,,,,,,Y,N1,,,N1,Y,N1,,N1,,N1,N1,,,N1,4,,,1,,,,,,,,,,,,,,,,,,,,,,1,,,1,,,,,,,,,,,,,,,,,,,,,,,,,Y,N1,E2500022,16
2026-07-27 01:45:15,data_go_kr,전북특별자치도,E2500020,장수군보건의료원,5,20260727014001,063-350-2119,,,,,,,,,,,,,,,,,,,,,1,,,,,,,,,,,,,,,,,,,,Y,N1,,,N1,N1,N1,20,N1,,N1,N1,,,N1,5,,,1,,,,,,,,,,,,,,,,,,,,,,,,,1,,,,,,,,22,,,,,,,,,,,,,,,,,Y,N1,E2500020,17
2026-07-27 01:45:15,data_go_kr,전북특별자치도,A2501890,의료법인영경의료재단호성전주병원,5,20260727013939,063-240-8862,,,,,,,,,,,,,,,,,,,,,1,,,,,,,,,,,,,,Y,,,,,,Y,N1,,,N1,Y,N1,5,N1,,N1,Y,,2,N1,9,,,1,,,,,,,,,,,,,,,,,2,,,,,1,1,,1,,,,,,,,122,,,,,,,,,,,,,,,,,Y,N1,A2501890,18
2026-07-27 01:45:15,data_go_kr,전북특별자치도,A2502742,새강병원,12,20260727013841,063-289-9119,,,0,0,,0,0,,,0,,,,,,,,3,1,0,2,0,,,,3,,0,,0,,0,,,Y,,,,,,Y,N1,,,N1,Y,N1,82,N1,16,N1,Y,,5,N1,14,3,1,2,0,0,0,,,,,,,,,16,3,,0,,5,0,,0,,1,1,,1,,,,,,,,201,0,0,,0,0,,,,,,,,,,,,Y,N1,A2502742,19
2026-07-27 01:45:15,data_go_kr,전북특별자치도,A2502031,진안군의료원,5,20260727014002,063-430-7119,,,,,,,,,,,,,,,,,,,,,2,,,,,,,,,,,,,,Y,,,,,,Y,N1,,,N1,Y,N1,30,N1,,N1,Y,,2,N1,6,,,2,,,,,,,,,,,,,,,,,2,,,,,1,1,,3,,,,,,,,74,,,,,,,,,,,,,,,,,Y,N1,A2502031,20
2026-07-27 01:45:15,data_go_kr,경상북도,A2700007,차의과학대학교부속구미차병원,16,20260727014005,054-450-9998,Y,Y,,,,,0,,,,,,,,,,,4,3,,3,0,,,,,9,,,,,,Y,Y,Y,,,,Y,,Y,Y,,,Y,Y,Y,55,Y,0,Y,Y,0,8,N1,20,5,3,3,25,,,8,,,,,,,,18,,30,,,8,,,,3,3,2,2,21,3,13,2,1,2,1,,301,,,,,3,,,,,,,,,,,,Y,Y,A2700007,1
2026-07-27 01:45:15,data_go_kr,경상북도,A2700014,의료법인안동병원,6,20260727014000,054-840-0119,Y,Y,2,2,,,1,,,3,,,,,,,,2,,,,4,,,,0,8,,4,2,0,4,Y,Y,Y,,2,5,Y,1,Y,Y,,,Y,Y,Y,113,Y,0,Y,Y,10,11,Y,15,3,,,19,20,,10,,,,,20,,,13,3,30,,40,11,2,34,6,3,6,3,5,67,3,12,14,4,13,1,1,775,2,3,,,1,,,,,,,,,,2,6,Y,Y,A2700014,2
2026-07-27 01:45:15,data_go_kr,경상북도,A2700016,포항성모병원,19,20260727013940,054-260-8600,Y,Y,2,3,,,,2,2,,,,,,,,,11,,,,4,,,,1,0,,,,,1,Y,Y,Y,,,,Y,,Y,Y,,,Y,Y,Y,71,Y,5,Y,Y,,9,Y,20,11,,,15,,,,,,,,,,,16,1,17,,,9,,,1,1,3,2,2,25,1,6,4,1,2,1,3,468,2,3,,,,5,13,,,,,,,,,,Y,Y,A2700016,3
2026-07-27 01:45:15,data_go_kr,경상북도,A2700003,동국대학교의과대학경주병원,14,20260727013552,054-770-8306,Y,Y,,,,,,,,1,,,,,,,,3,2,3,5,,,,,3,,,,,11,1,Y,,Y,,,,Y,,Y,Y,,,Y,Y,N1,84,N1,0,Y,Y,,6,N1,16,3,2,5,,11,17,,,,,,,,,7,4,,,,7,,20,3,1,2,2,2,26,2,6,3,,,,,279,,,,,,,,,,,,,,,,,Y,Y,A2700003,4
2026-07-27 01:45:15,data_go_kr,경상북도,A2700013,순천향대학교부속구미병원,13,20260727013622,054-468-9119,,Y,,,,,,,,,,,,,,,,3,1,,2,0,,,,2,0,,,,,1,Y,,Y,,,,Y,,Y,Y,,,Y,Y,N1,38,N1,4,Y,Y,,6,N1,13,4,1,2,2,,,,,,,,,,,31,2,3,,,6,,,1,1,2,2,2,20,,1,2,,,,,263,,,,,,,,,,,,,,,,,Y,N1,A2700013,5
2026-07-27 01:45:15,data_go_kr,경상북도,A2700012,의료법인덕산의료재단김천제일병원,15,20260727013603,054-420-9500,,,,,,,,,,,,,,,,,,,1,,3,2,,,,,3,,,,,,Y,,Y,,,,Y,,Y,Y,,,Y,Y,N1,75,N1,6,N1,Y,,4,Y,16,,1,3,2,,,,,,,,,,,16,,3,,,4,,,,3,1,1,1,10,,,1,,,,1,276,,,,,,,,,,,,,,,,,Y,N1,A2700012,6
2026-07-27 01:45:15,data_go_kr,경상북도,A2700006,의료법인동춘의료재단문경제일병원,14,20260727013500,054-550-7777,,,,,,,,,,,,,,,,,,,1,,1,2,,,,1,3,,,,60,3,,,Y,,,,,,Y,N1,,,N1,Y,N1,48,N1,10,N1,Y,,3,N1,17,,1,2,2,,,,,,,,,,,29,1,3,,,3,,162,4,,2,1,,8,,,,,,,,306,,,,,,,,,,,,,,,,,Y,N1,A2700006,7
2026-07-27 01:45:15,data_go_kr,경상북도,A2700004,안동성소병원,12,20260727014017,054-850-8282,,Y,,,,,,,,,,,,,,,5,,1,,2,0,,,,3,1,,,,23,0,Y,,Y,,,,Y,,Y,Y,,,Y,Y,N1,153,N1,7,Y,Y,,6,N1,12,,1,2,2,,,,,,,,,,,16,3,3,,,6,,186,2,1,2,2,2,21,,4,1,,,,,393,,,,,,,,,,,,,,5,,,Y,N1,A2700004,8
2026-07-27 01:45:15,data_go_kr,경상북도,A2700002,포항세명기독병원,7,20260727013829,054-289-1711,,,,,,,,,,,,,,,,,6,,1,,3,0,,,,0,1,,,,,1,,,Y,,,,Y,,Y,Y,,,Y,Y,Y,125,Y,1,N1,Y,,14,Y,15,,1,3,2,,,,,,,,,,,52,1,3,,,14,,,6,,6,5,4,25,,,5,1,1,,1,662,,,,,,,,,,,,,,6,,,Y,N1,A2700002,9
2026-07-27 01:45:15,data_go_kr,경상북도,A2700019,의)근원의료재단경산중앙병원,7,20260727014000,053-715-0119,,,,,,,,,,,,,,,,,,,,,2,,,,,0,,,,,44,,,,Y,,,,,,Y,N1,,,N1,Y,N1,57,N1,2,N1,Y,,4,N1,10,,,2,,,,,,,,,,,,11,2,,,,4,,116,,,1,1,,9,,,,,,,,301,,,,,,,,,,,,,,,,,Y,N1,A2700019,10
2026-07-27 01:45:15,data_go_kr,경상북도,A2700036,의료법인서명의료재단세명종합병원,13,20260727013552,053-819-8500,,,,,,,,,,,,,,,,,,,,,2,,,,,,,,,,2,,,,Y,,,,,,Y,N1,,,N1,Y,N1,14,N1,1,N1,Y,,4,N1,13,,,2,,,,,,,,,,,,14,,,,,4,,22,,,1,1,,6,,,,,,,,264,,,,,,,,,,,,,,,,,Y,N1,A2700036,11
2026-07-27 01:45:15,data_go_kr,경상북도,A2700097,계명대학교경주동산병원,6,20260727013941,054-770-9420,,,,,,,,,,,,,,,,,,,,,1,,,,,,,,,,,,,,Y,,,,,,Y,N1,,,N1,Y,N1,34,N1,,N1,Y,,2,N1,9,,,1,,,,,,,,,,,,,,,,,2,,,,,1,1,,1,,,,,,,,88,,,,,,,,,,,,,,,,,Y,N1,A2700097,12
2026-07-27 01:45:15,data_go_kr,경상북도,A2700070,의료법인영암의료재단고령영생병원,5,20260727014024,070-4700-0728,,,,,,,,,,,,,,,,,,,,,1,,,,,,,,,,,,,,Y,,,,,,Y,N1,,,N1,Y,N1,35,N1,,N1,N1,,1,N1,5,,,1,,,,,,,,,,,,,,,,,1,,,,,1,,,1,,,,,,,,59,,,,,,,,,,,,,,,,,Y,N1,A2700070,13
2026-07-27 01:45:15,data_go_kr,경상북도,A2700015,구미강동병원,7,20260727013922,054-478-9521,,,,,,,,,,,,,,,,9,,,1,,2,,,,,,,,,,,,,,Y,,,,Y,,Y,Y,,,N1,Y,N1,37,N1,5,N1,Y,,5,N1,7,,1,2,,,,,,,,,,,,12,,,,,5,,,,,1,1,1,3,,,,,,,,191,,,,,,,,,,,,,9,,,,Y,N1,A2700015,14
2026-07-27 01:45:15,data_go_kr,경상북도,A2700018,경상북도김천의료원,14,20260727014001,054-429-8234,,,,,,,,,,,,,,,,,,,1,,,,,,,0,,,,,,,,,Y,,,,,,Y,N1,,,N1,Y,N1,-11,N1,2,N1,Y,,5,N1,17,,1,,,,,,,,,,,,,22,3,,,,5,,,,,1,2,,7,,,,,,,,274,,,,,,,,,,,,,,,,,Y,N1,A2700018,15
2026-07-27 01:45:15,data_go_kr,경상북도,A2700009,의료법인삼백의료재단상주성모병원,8,20260727014016,054-530-7811,,,,,,,,,,,,,,,,,,,,,1,,,,,,,,,,,,,,Y,,,,,,Y,N1,,,N1,Y,N1,36,N1,6,N1,Y,,3,N1,9,,,1,,,,,,,,,,,,10,,,,,3,,,,,1,1,,1,,,,,,,,172,,,,,,,,,,,,,,,,,Y,N1,A2700009,16
2026-07-27 01:45:15,data_go_kr,경상북도,A2700011,상주적십자병원,9,20260727013622,054-530-3171,,Y,,,,,,,,,,,,,,,,,1,,,,,,,,,,,,,,Y,,Y,,,,,,Y,N1,,,Y,Y,N1,54,N1,6,Y,Y,,3,N1,9,,1,,,,,,,,,,,,,10,,,,,3,,,,1,1,1,,7,,2,1,,,,,164,,,,,,,,,,,,,,,,,Y,N1,A2700011,17
2026-07-27 01:45:15,data_go_kr,경상북도,A2700001,경상북도안동의료원,6,20260727014001,054-850-6100,,,,,,,,,,,,,,,,,,,,,2,,,,,,,,,,,,,,Y,,,,,,Y,N1,,,N1,Y,N1,112,N1,2,N1,Y,,5,N1,6,,,2,,,,,,,,,,,,10,,,,,5,,,,,1,1,,8,,,,,,,,238,,,,,,,,,,,,,,,,,Y,N1,A2700001,18
2026-07-27 01:45:15,data_go_kr,경상북도,A2700031,영주기독병원,4,20260727013807,054-635-3050,,Y,,,,,,,,,,,,,,,,,,,1,,,,,,,,,,,,Y,,Y,,,,,,Y,N1,,,N1,Y,N1,6,N1,,Y,N1,,1,N1,4,,,1,,,,,,,,,,,,,,,,,1,,,,1,1,,,1,,2,,,,,,70,,,,,,,,,,,,,,,,,Y,N1,A2700031,19
2026-07-27 01:45:15,data_go_kr,경상북도,A2700020,영주자인병원,4,20260727014030,070-7335-5229,,,,,,,,,,,,,,,,,,,,,1,,,,,,,,,,,,,,Y,,,,,,Y,N1,,,N1,Y,N1,26,N1,,N1,Y,,,N1,4,,,1,,,,,,,,,,,,,,,,,2,,,,,1,1,,,,,,,,,,133,,,,,,,,,,,,,,,,,N1,N1,A2700020,20
2026-07-27 01:45:15,data_go_kr,경상북도,A2702752,영주적십자병원,9,20260727013753,054-630-0112,,,,,,,,,,,,,,,,,,,1,,,,,,,,,,,,,,,,Y,,,,,,Y,N1,,,Y,Y,N1,54,N1,1,N1,Y,,3,N1,10,,1,,,,,,,,,,,,,10,,,,,3,,,,,1,1,,4,,,1,,,,,140,,,,,,,,,,,,,,,,,Y,N1,A2702752,21
2026-07-27 01:45:15,data_go_kr,경상북도,A2700017,영남대학교의과대학부속영천병원,7,20260727013757,054-330-7575,,,,,,,,,,,,,,,,,,,1,,2,,,,,,,,,,,,,,Y,,,,,,Y,N1,,,N1,Y,N1,48,N1,3,N1,Y,,4,N1,10,,1,2,,,,,,,,,,,,10,,,,,4,,,,,1,1,,1,,,,,,,,190,,,,,,,,,,,,,,,,,Y,N1,A2700017,22
2026-07-27 01:45:15,data_go_kr,경상북도,A2700023,의료법인서준의료재단예천권병원,6,20260727013545,054-650-2119,,Y,,,,,,,,,,,,,,,,,1,,0,,,,,,,,,,,0,Y,,Y,,,,,,Y,N1,,,N1,Y,N1,73,N1,,Y,Y,,2,N1,6,,1,0,,,,,,,,,,,,,,,,,2,,,0,1,1,1,,3,,2,,,,,,173,,,,,,,,,,,,,,,,,Y,N1,A2700023,23
2026-07-27 01:45:15,data_go_kr,경상북도,E2700553,울릉군보건의료원,5,20260727014001,054-790-6911,,,,,,,,,,,,,,,,,,,,,,,,,,,,,,,,,,,Y,,,,,,Y,N1,,,N1,Y,N1,24,N1,,N1,N1,,1,N1,5,,,,,,,,,,,,,,,,,,,,1,,,,,1,,,1,,,,,,,,27,,,,,,,,,,,,,,,,,Y,N1,E2700553,24
2026-07-27 01:45:15,data_go_kr,경상북도,A2700052,울진군의료원,8,20260727013602,054-785-7119,,,,,,,,,,,,,,,,,,,2,,,,,,,,,,,,,2,,,Y,,,,,,Y,N1,,,N1,Y,N1,20,N1,,N1,Y,,3,N1,8,,2,,,,,,,,,,,,,,,,,,3,,,2,,1,1,,1,,,,,,,,97,,,,,,,,,,,,,,,,,Y,N1,A2700052,25
2026-07-27 01:45:15,data_go_kr,경상북도,A2700063,의료법인영제의료재단영남제일병원,4,20260727013853,054-861-9111,,,,,,,,,,,,,,,,,,,,,1,,,,,,,,,,,,,,Y,,,,,,Y,N1,,,N1,Y,N1,27,N1,,N1,N1,,1,N1,,,,,,,,,,,,,,,,,,,,,,,,,,,,,,,,,,,,,,,,,,,,,,,,,,,,,,Y,N1,A2700063,26
2026-07-27 01:45:15,data_go_kr,경상북도,A2700038,의료법인대남의료재단청도대남병원,10,20260727013902,054-370-5112,,,,,,,,,,,,,,,,,,,,,,,,,,,,,,,,,,,Y,,,,,,Y,N1,,,N1,Y,N1,80,N1,,N1,Y,,1,N1,10,,,,,,,,,,,,,,,,,,,,1,,,,,1,1,,1,,,,,,,,115,,,,,,,,,,,,,,,,,Y,N1,A2700038,27
2026-07-27 01:45:15,data_go_kr,경상북도,E2700554,청송군보건의료원,5,20260727014000,054-870-7119,,,,,,,,,,,,,,,,,,,,,1,,,,,,,,,,,,,,,,,,,,Y,N1,,,N1,N1,N1,57,N1,,N1,N1,,,N1,5,,,1,,,,,,,,,,,,,,,,,,,,,,,,,1,,,,,,,,45,,,,,,,,,,,,,,,,,Y,N1,E2700554,28
2026-07-27 01:45:15,data_go_kr,경상북도,A2700008,에스포항병원,4,20260727013824,054-289-9120,Y,,,,,,,,,,,,,,,,,,,,1,,,,,1,,,,,,,,,Y,,,,Y,,Y,Y,,,Y,Y,N1,48,N1,2,N1,Y,,4,N1,6,,,1,,,,,,,,,,,,14,1,,,,4,,,,,2,2,3,9,9,,1,,,,,239,,,,,,,,,,,,,,,,,Y,Y,A2700008,29
2026-07-27 01:45:15,data_go_kr,경상북도,A2702563,의료법인은성의료재단좋은선린병원,10,20260727014034,054-245-5200,,,,,,,,,,,,,,,,2,,,,,2,,,,,1,,,,,,,,,Y,,,,N,,Y,N,,,N1,Y,N1,71,N1,0,N1,Y,,4,N,10,,,2,,,,,,,,,,,,17,1,,,,4,,,,,1,1,2,7,,,,,,,14,281,,,,,,,,,,,,,2,,,,N,N1,A2702563,30
2026-07-27 01:45:15,data_go_kr,경상북도,A2700005,경상북도포항의료원,8,20260727014002,054-245-0129,,,,,,,,,,,,,,,,,,,1,,1,,,,,1,,,,,7,7,,,Y,,,,,,Y,N1,,,N1,Y,N1,22,N1,4,N1,Y,,3,N1,8,,1,1,,,,,,,,,,,,19,1,,,,3,,56,7,,1,1,,4,,,,,,,,179,,,,,,,,,,,,,,,,,Y,N1,A2700005,31
2026-07-27 01:45:15,data_go_kr,경상남도,A2800011,양산부산대학교병원,4,20260727013827,055-360-1463,Y,Y,2,1,1,1,0,0,,4,,0,0,,4,,,6,,7,1,1,6,2,,0,9,5,,,5,4,Y,,Y,1,,,Y,,Y,Y,,6,Y,Y,Y,235,Y,,Y,Y,17,24,N1,23,8,,1,16,16,11,38,11,2,,9,,,10,,0,30,6,,25,,33,4,4,6,5,6,92,24,23,19,12,2,,,766,2,3,1,1,2,2,,,0,0,,4,,,,,Y,Y,A2800011,1
2026-07-27 01:45:15,data_go_kr,경상남도,A2800001,경상국립대학교병원,11,20260727013901,055-750-8282,Y,Y,,,,,,3,,1,,,,,,,,3,2,4,3,4,,,2,0,7,,25,2,7,4,Y,,Y,,2,6,Y,13,Y,Y,,,Y,Y,Y,231,Y,,Y,Y,3,15,N1,28,3,2,3,14,8,9,15,,,,,20,6,,,3,30,,40,15,2,23,7,7,3,3,5,16,9,20,6,4,17,,,655,,,,,,6,,,,,,,,,2,6,Y,Y,A2800001,2
2026-07-27 01:45:15,data_go_kr,경상남도,A2800020,학교법인성균관대학삼성창원병원,16,20260727014013,055-233-8899,Y,Y,,,,,,1,,3,,,,,,,,8,2,3,3,4,,,,0,10,,,,,3,Y,,Y,,,,Y,,Y,Y,,,Y,Y,Y,258,Y,,Y,Y,19,16,N1,27,8,2,3,19,15,20,24,,,,,,,,,3,30,,,16,,,5,7,4,3,4,45,8,20,5,3,3,,,645,,,,,,1,,,,,,,,,,,Y,Y,A2800020,3
2026-07-27 01:45:15,data_go_kr,경상남도,A2800010,의료법인환명의료재단 조은금강병원,17,20260727013534,055-330-0200,,,,,,,,,,,,,,,,,,,1,,2,,,,,1,,,,,5,,,,Y,,,,Y,,Y,Y,,,N1,Y,N1,68,N1,11,N1,Y,,4,Y,17,,1,2,,,,,,,,,,,,23,1,,,,4,,96,,,1,2,1,7,,,,,,,2,305,,,,,,,,,,,,,,,,,Y,N1,A2800010,4
2026-07-27 01:45:15,data_go_kr,경상남도,A2800006,의료법인숭인의료재단 김해복음병원,11,20260727013700,055-330-8844,,,,,,,,,,,,,,,,,,,1,,3,,,,,1,,,,,,,,,Y,,,,Y,,Y,Y,,,Y,Y,N1,14,N1,-1,N1,Y,,5,N1,16,,1,3,,,,,,,,,,,,18,1,,,,5,,,,,2,3,1,3,,,3,,,,,359,,,,,,,,,,,,,,,,,Y,N1,A2800006,5
2026-07-27 01:45:15,data_go_kr,경상남도,A2800043,한일병원,13,20260727013930,055-750-1333,,,,,,,,,,,,,,,,,,,1,,2,1,,,,0,1,,,,,,,,Y,,,,Y,,Y,Y,,,Y,Y,N1,12,N1,-1,N1,Y,,4,Y,17,,1,2,2,,,,,,,,,,,13,1,3,,,4,,,,,2,2,1,6,,,1,,,,1,282,,,,,,,,,,,,,,,,,Y,N1,A2800043,6
2026-07-27 01:45:15,data_go_kr,경상남도,A2800003,제일병원,10,20260727013918,055-750-7119,,,,,,,,,,,,,,,,,,,1,,2,,,,,,,,,,,,,Y,Y,,,,Y,,Y,Y,,,N1,Y,N1,43,N1,6,N1,Y,,4,Y,17,,1,2,,,,,,,,,,,,9,,,,,7,,,,,2,2,1,4,,,,,,1,1,258,,,,,,,,,,,,,,,,,Y,N1,A2800003,7
2026-07-27 01:45:15,data_go_kr,경상남도,A2800017,의료법인합포의료재단에스엠지연세병원,13,20260727014008,055-240-7777,,,,,,,,,,,,,,,,,,,1,,2,,,,,1,,,,,,,,,Y,,,,Y,,Y,Y,,,Y,Y,N1,38,N1,5,N1,Y,,4,N1,17,,1,2,,,,,,,,,,,,12,1,,,,4,,,,,1,2,1,7,,,1,,,,,286,,,,,,,,,,,,,,,,,Y,N1,A2800017,8
2026-07-27 01:45:15,data_go_kr,경상남도,A2803505,창원경상국립대학교병원,15,20260727013603,055-214-1339,Y,Y,,,,,,,,,,,,5,0,,,,1,,2,,,,,2,,,,,8,6,Y,,Y,,,,Y,,Y,Y,,,Y,Y,Y,199,Y,13,Y,Y,7,13,N1,18,,1,2,,,,17,,,,,,,,34,2,,,,13,,22,6,9,3,2,5,52,9,22,6,7,14,,,437,,,,,,,,,,,5,0,,,,,Y,Y,A2803505,9
2026-07-27 01:45:15,data_go_kr,경상남도,A2800007,창원한마음병원,7,20260727013910,055-225-0350,Y,Y,,,,,,,,-1,,,,,,,,,1,0,3,,,,,1,,,,,,1,Y,,Y,,,,Y,,Y,Y,,,Y,Y,Y,82,Y,,Y,Y,10,13,Y,21,,1,3,,25,37,10,,,,,,,,,1,,,,13,,,6,2,4,4,4,29,3,11,6,1,2,,2,688,,,,,,,,,,,,,,,,,Y,Y,A2800007,10
2026-07-27 01:45:15,data_go_kr,경상남도,A2800004,창원파티마병원,14,20260727013606,055-270-1119,Y,Y,,,,,,,,3,,,,,,,,,1,6,2,0,,,,0,2,,,,,3,Y,Y,Y,,,,Y,,Y,Y,,,Y,Y,N1,113,Y,,Y,Y,2,7,N1,17,,1,2,2,12,13,2,,,,,,,,,2,3,,,7,,,6,2,4,3,3,16,3,6,3,,4,1,,444,,,,,,,,,,,,,,,,,Y,Y,A2800004,11
2026-07-27 01:45:15,data_go_kr,경상남도,A2800008,의료법인 거붕 백병원,7,20260727014008,055-733-0180,,,,,,,,,,,,,,,,,,,,,1,,,,,,,,,,,,,,Y,,,,,,Y,N1,,,N1,Y,N1,55,N1,9,N1,Y,,4,N1,9,,,1,,,,,,,,,,,,20,,,,,4,,,,,2,2,,12,,,,,,,,365,,,,,,,,,,,,,,,,,Y,N1,A2800008,12
2026-07-27 01:45:15,data_go_kr,경상남도,A2800005,의료법인 대우의료재단대우병원,8,20260727013639,055-680-8119,,,,,,,,,,,,,,,,,,,,,0,,,,,,,,,,,,,,Y,,,,,,Y,N1,,,N1,Y,N1,43,N1,3,N1,Y,,4,N1,9,,,1,,,,,,,,,,,,10,,,,,4,,,,,2,1,,5,,,,,,,,231,,,,,,,,,,,,,,,,,Y,N1,A2800005,13
2026-07-27 01:45:15,data_go_kr,경상남도,A2800022,의료법인 성념의료재단맑은샘병원,8,20260727013932,055-736-0119,,,,,,,,,,,,,,,,,,,,,1,,,,,,,,,,,,,,Y,,,,,,Y,N1,,,N1,Y,N1,18,N1,,N1,Y,,2,N1,9,,,1,,,,,,,,,,,,,,,,,2,,,,,1,1,,4,,,,,,,,200,,,,,,,,,,,,,,,,,Y,N1,A2800022,14
2026-07-27 01:45:15,data_go_kr,경상남도,A2800076,거창적십자병원,5,20260727013955,055-949-3359,,Y,,,,,,,,,,,,,,,,,,,1,,,,,,,,,,,,Y,,Y,,,,,,Y,N1,,,N1,Y,N1,31,N1,,Y,Y,,2,N1,9,,,1,,,,,,,,,,,,,,,,,2,,,,1,1,1,,2,,2,,,,,,91,,,,,,,,,,,,,,,,,Y,N1,A2800076,15
2026-07-27 01:45:15,data_go_kr,경상남도,A2800032,강병원,9,20260727013903,055-673-4848,,,,,,,,,,,,,,,,,,,,,1,,,,,,,,,,,,,,Y,,,,,,Y,N1,,,N1,Y,N1,13,N1,,N1,Y,,1,N1,9,,,1,,,,,,,,,,,,,,,,,1,,,,,1,1,,1,,,,,,,,99,,,,,,,,,,,,,,,,,Y,N1,A2800032,16
2026-07-27 01:45:15,data_go_kr,경상남도,A2803677,강일병원,7,20260727013536,055-822-0119,,,,,,,,,,,,,,,,,,,1,,2,,,,,,,,,,,,,,Y,,,,Y,,Y,Y,,,N1,Y,N1,122,N1,14,N1,Y,,5,N1,8,,1,2,,,,,,,,,,,,15,,,,,5,,,,,1,2,1,1,,,,,,,,275,,,,,,,,,,,,,,,,,Y,N1,A2803677,17
2026-07-27 01:45:15,data_go_kr,경상남도,A2800014,의료법인갑을의료재단 갑을장유병원,6,20260727013747,055-310-6119,,,,,,,,,,,,,,,,,,,1,,,,,,,,,,,,,,,,Y,,,,,,Y,N1,,,N1,Y,N1,38,N1,,N1,Y,,4,N1,9,,1,,,,,,,,,,,,,,,,,,4,,,,,1,1,,1,,,,,,,,210,,,,,,,,,,,,,,,,,Y,N1,A2800014,18
2026-07-27 01:45:15,data_go_kr,경상남도,A2800094,의료법인 이도의료재단 남해병원,8,20260726230310,055-860-6630,N,N,,,,,,,,,,,,,,,,,1,,1,,,,,,,,,,,,N,N,Y,,,,N,,Y,N,,,N,Y,N,73,N,,N,Y,,2,N,,,,,,,,,,,,,,,,,,,,,,,,,,,,,,,,,,,,,,,,,,,,,,,,,,,,,,N,N,A2800094,19
2026-07-27 01:45:15,data_go_kr,경상남도,A2800113,밀양병원,7,20260727013721,055-356-9119,,,,,,,,,,,,,,,,,,,,,1,,,,,,,,,,,,,,Y,,,,,,Y,N1,,,N1,Y,N1,29,N1,,N1,Y,,0,N1,8,,,1,,,,,,,,,,,,,,,,,0,,,,,1,1,,1,,,,,,,,200,,,,,,,,,,,,,,,,,Y,N1,A2800113,20
2026-07-27 01:45:15,data_go_kr,경상남도,A2800068,의료법인승연의료재단 삼천포서울병원,9,20260727013136,055-830-9019,,,,,,,,,,,,,,,,,,,,,1,,,,,,,,,,,,,,Y,,,,Y,,Y,Y,,,N1,Y,N1,28,N1,,N1,Y,,3,Y,9,,,1,,,,,,,,,,,,,,,,,3,,,,,1,2,1,4,,,,,,,1,287,,,,,,,,,,,,,,,,,Y,N1,A2800068,21
2026-07-27 01:45:15,data_go_kr,경상남도,A2800101,삼천포제일병원,8,20260727013607,055-830-3099,,,,,,,,,,,,,,,,,,,,,2,,,,,,,,,,,,,,Y,,,,,,Y,N1,,,N1,Y,N1,70,N1,,N1,Y,,2,N,8,,,2,,,,,,,,,,,,,,,,,2,,,,,1,1,,1,,,,,,,1,214,,,,,,,,,,,,,,,,,Y,N1,A2800101,22
2026-07-27 01:45:15,data_go_kr,경상남도,E2800380,산청군보건의료원,5,20260727014001,055-970-7582,,,,,,,,,,,,,,,,,,,,,1,,,,,,,,,,,,,,,,,,,,Y,N1,,,N1,N1,N1,20,N1,,N1,N1,,,N1,5,,,1,,,,,,,,,,,,,,,,,,,,,,,,,1,,,,,,,,20,,,,,,,,,,,,,,,,,Y,N1,E2800380,23
2026-07-27 01:45:15,data_go_kr,경상남도,A2804593,양산성모병원,13,20260727014029,055-912-9785,,,,,,,,,,,,,,,,,,,1,,,,,,,,,,,,,,,,Y,,,,,,Y,N1,,,N1,Y,N1,142,N1,6,N1,Y,,4,N1,13,,1,,,,,,,,,,,,,6,,,,,4,,,,,1,2,,1,,,,,,,,214,,,,,,,,,,,,,,,,,Y,N1,A2804593,24
2026-07-27 01:45:15,data_go_kr,경상남도,A2800019,베데스다복음병원,8,20260727013943,055-781-9911,,,,,,,,,,,,,,,,,,,,,1,,,,,,,,,,,,,,Y,,,,,,Y,N1,,,N1,Y,N1,46,N1,,N1,Y,,3,N1,9,,,1,,,,,,,,,,,,,,,,,3,,,,,1,1,,1,,,,,,,,133,,,,,,,,,,,,,,,,,Y,N1,A2800019,25
2026-07-27 01:45:15,data_go_kr,경상남도,A2800090,의령병원,4,20260727013732,055-573-6806,,,,,,,,,,,,,,,,,,,,,1,,,,,,,,,,,,,,Y,,,,,,Y,N1,,,N1,Y,N1,35,N1,,N1,N1,,,N1,4,,,1,,,,,,,,,,,,,,,,,,,,,,1,,,1,,,,,,,,58,,,,,,,,,,,,,,,,,Y,N1,A2800090,26
2026-07-27 01:45:15,data_go_kr,경상남도,A2800084,반도병원,6,20260727014006,055-749-0200,,,,,,,,,,,,,,,,,,,,,1,,,,,,,,,,,,,,Y,,,,,,Y,N1,,,N1,Y,N1,64,N1,,N1,Y,,3,N1,7,,,1,,,,,,,,,,,,,,,,,3,,,,,1,1,,3,,,,,,,,165,,,,,,,,,,,,,,,,,Y,N1,A2800084,27
2026-07-27 01:45:15,data_go_kr,경상남도,A2800015,의료법인 문병욱의료재단 진주고려병원,7,20260727013632,055-751-2525,,,,,,,,,,,,,,,,,,,,,1,,,,,,,,,,,,,,Y,,,,Y,,Y,Y,,,N1,Y,N1,73,N1,3,N1,Y,,4,Y,10,,,1,,,,,,,,,,,,9,,,,,4,,,,,2,2,1,4,,,,,,,1,229,,,,,,,,,,,,,,,,,Y,N1,A2800015,28
2026-07-27 01:45:15,data_go_kr,경상남도,A2800037,진주복음병원,9,20260727013951,055-749-7119,,,,,,,,,,,,,,,,,,,,,1,,,,,,,,,,,,,,Y,,,,,,Y,N1,,,N1,Y,N1,36,N1,,N1,N,,3,N1,9,,,1,,,,,,,,,,,,,,,,,3,,,,,1,1,,1,,,,,,,,131,,,,,,,,,,,,,,,,,N,N1,A2800037,29
2026-07-27 01:45:15,data_go_kr,경상남도,A2800062,태황의료재단한성병원,8,20260727014003,055-530-5119,,,,,,,,,,,,,,,,,,,,,1,,,,,,,,,,,,,,,,,,,,Y,N1,,,N1,N1,N1,49,N1,,N1,N1,,,N1,9,,,1,,,,,,,,,,,,,,,,,,,,,,,,,,,,,,,,,167,,,,,,,,,,,,,,,,,N1,N1,A2800062,30
2026-07-27 01:45:15,data_go_kr,경상남도,A2800025,경상남도마산의료원,12,20260727014002,055-249-1119,,,,,,,,,,,,,,,,,,,1,,1,,,,,2,,,,,,19,,,Y,,,,,,Y,N1,,,Y,Y,N1,66,N1,5,N1,Y,,5,N1,13,,1,1,,,,,,,,,,,,6,2,,,,5,,,27,,1,1,,17,,,2,,,,,263,,,,,,,,,,,,,,,,,Y,N1,A2800025,31
2026-07-27 01:45:15,data_go_kr,경상남도,A2800009,의료법인청아의료재단청아병원,9,20260727013818,055-230-1700,,,,,,,,,,,,,,,,,,,,,1,,,,,,,,,,,,,,Y,,,,,,Y,N1,,,N1,Y,N1,74,N1,,N1,Y,,4,N1,9,,,1,,,,,,,,,,,,,,,,,4,,,,,2,2,,4,,,,,,,,274,,,,,,,,,,,,,,,,,Y,N1,A2800009,32
2026-07-27 01:45:15,data_go_kr,경상남도,A2800021,연세에스병원,8,20260727013634,055-548-7789,,,,,,,,,,,,,,,,,,,,,1,,,,,,,,,,,,,,Y,,,,Y,,Y,Y,,,N1,Y,N1,112,N1,7,N1,Y,,2,N1,9,,,1,,,,,,,,,,,,10,,,,,3,,,,,2,2,1,5,,,,,,,,255,,,,,,,,,,,,,,,,,Y,N1,A2800021,33
2026-07-27 01:45:15,data_go_kr,경상남도,A2800092,새통영병원,8,20260727014032,055-640-4119,,,,,,,,,,,,,,,,,,,,,1,,,,,,,,,,,,,,Y,,,,,,Y,N1,,,N1,Y,N1,57,N1,,N1,Y,,3,N1,9,,,1,,,,,,,,,,,,,,,,,3,,,,,1,2,,3,,,,,,,,256,,,,,,,,,,,,,,,,,Y,N1,A2800092,34
2026-07-27 01:45:15,data_go_kr,경상남도,A2800080,함양성심병원,4,20260727013804,055-964-4322,,,,,,,,,,,,,,,,,,,,,1,,,,,,,,,,,,,,Y,,,,,,Y,N1,,,N1,Y,N1,1,N1,,N1,Y,,2,N1,4,,,1,,,,,,,,,,,,,,,,,2,,,,,1,1,,1,,,,,,,,121,,,,,,,,,,,,,,,,,Y,N1,A2800080,35
2026-07-27 01:45:15,data_go_kr,경상남도,A2800055,삼성합천병원,4,20260727014001,070-5125-5030,,,,,,,,,,,,,,,,,,,,,1,,,,,,,,,,,,,,Y,,,,,,Y,N1,,,N1,Y,N1,23,N1,,N1,Y,,2,N1,4,,,1,,,,,,,,,,,,,,,,,2,,,,,1,1,,1,,,,,,,,141,,,,,,,,,,,,,,,,,Y,N1,A2800055,36
2026-07-27 01:45:15,data_go_kr,제주특별자치도,A2900001,제주한라병원,9,20260727014148,064-740-5159,Y,Y,,,,,0,0,,,3,,,,,,,3,2,,3,3,,,,,16,,5,2,,,Y,,Y,,2,6,Y,9,Y,Y,,,Y,Y,Y,153,Y,7,Y,Y,3,6,N1,15,3,2,3,14,,,7,,,,,20,,,15,,30,,40,6,2,,,2,3,2,3,46,3,8,9,4,2,,,414,,,,,4,2,,4,,,,,,,2,6,Y,Y,A2900001,1
2026-07-27 01:45:15,data_go_kr,제주특별자치도,A2900002,제주특별자치도서귀포의료원,10,20260727014001,064-730-3001,,Y,,,,,,,,,,,,,,,,4,1,,4,2,,,,3,3,,,,3,,Y,,Y,,,,Y,,Y,Y,,,Y,Y,N1,144,N1,7,Y,Y,,4,Y,16,4,1,4,2,,,,,,,,,,,17,3,3,,,4,,26,,1,2,1,1,16,,4,3,,,,1,326,,,,,,,,,,,,,,,,,Y,N1,A2900002,2
2026-07-27 01:45:15,data_go_kr,제주특별자치도,A2900007,제주대학교병원,7,20260727014000,,Y,Y,,,,,,,,0,,,,,,,,,1,3,2,,3,,4,,,,,,4,5,Y,,Y,,,,Y,,Y,Y,,,Y,Y,Y,117,Y,,Y,Y,9,12,N1,20,,1,5,,12,12,16,3,,,,,6,,,,,,,12,,20,9,3,2,2,4,45,8,17,10,5,3,,,458,,,,,,,,,,,,,,,,,Y,Y,A2900007,3
2026-07-27 01:45:15,data_go_kr,제주특별자치도,A2900005,한마음병원,5,20260727013715,064-750-9119,,,,,,,,,,,,,,,,,,,1,,2,,,,,,,,,,,,,,Y,,,,Y,,Y,Y,,,Y,Y,N1,70,N1,5,N1,Y,,4,N1,17,,1,2,,,,,,,,,,,,12,,,,,4,,,,,1,1,1,6,,,2,,,,,216,,,,,,,,,,,,,,,,,Y,N1,A2900005,4
2026-07-27 01:45:15,data_go_kr,제주특별자치도,A2900006,의료법인중앙의료재단중앙병원,9,20260727013944,064-786-7777,,,,,,,,,,,,,,,,,,1,1,,2,,,,,,,,,,,,,,Y,,,,Y,,Y,Y,,,Y,Y,Y,96,N1,7,N1,Y,,3,N1,16,1,1,2,,,,,,,,,,,,16,,,,,3,,,,,1,1,2,10,,,2,1,,,,281,,,,,,,,,,,,,,,,,Y,N1,A2900006,5
2026-07-27 01:45:15,data_go_kr,제주특별자치도,A2900003,의료법인 혜인의료재단 한국병원,4,20260727013937,064-750-0160,,,,,,,,,,,,,,,,,,,,,1,,,,,,,,,,,,,,Y,,,,,,Y,N1,,,N1,Y,N1,37,N1,0,N1,Y,,3,N1,9,,,1,,,,,,,,,,,,10,,,,,3,,,,,1,1,,6,,,,,,,,209,,,,,,,,,,,,,,,,,Y,N1,A2900003,6
2026-07-27 02:53:31,data_go_kr,서울특별시,A1100043,강동경희대학교병원,9,20260727025018,02-440-7000,Y,Y,,,,,2,,,,,,,,,1,,3,2,,2,2,,,,,0,,,,,0,Y,N,Y,,,,Y,,Y,Y,,,Y,Y,Y,158,Y,7,Y,Y,3,17,N,15,3,2,3,19,,,17,,,,,,,,27,,30,,,17,,,1,8,2,2,3,32,9,13,4,1,1,0,0,625,,,,,3,,,,,,,,2,,,,Y,Y,A1100043,1
2026-07-27 02:53:31,data_go_kr,서울특별시,A1100014,고려대학교의과대학부속구로병원,14,20260727024715,02-2626-1550,Y,Y,5,,,,,,,2,,,,,,,,3,,1,,1,,,,3,5,,,,3,2,Y,,Y,,,,Y,,Y,Y,,,Y,Y,Y,97,Y,8,Y,Y,0,24,N1,29,3,,,20,20,10,23,,,,,,,,35,10,30,,,24,,18,4,2,6,6,4,98,11,35,15,10,3,,,778,5,,,,,,,,,,,,,,,,Y,Y,A1100014,2
2026-07-27 02:53:31,data_go_kr,서울특별시,A1100013,한양대학교병원,15,20260727024801,02-2290-8284,Y,Y,4,3,,,1,3,,0,,,,,,,,2,,7,,3,,,,1,5,,,,1,0,Y,,Y,,,,Y,,Y,Y,,,Y,Y,Y,220,Y,0,Y,Y,2,16,Y,20,3,,,22,12,13,25,,,,,,,,0,2,30,,,16,,16,2,1,3,2,3,69,10,20,11,4,3,,1,670,4,8,,,2,5,,,,,,,,,,,Y,Y,A1100013,3
2026-07-27 02:53:31,data_go_kr,서울특별시,A1100008,학교법인고려중앙학원고려대학교의과대학부속병원(안암병원),13,20260727024831,02-920-5374,Y,Y,2,6,,,0,,,0,,,,,,,,4,,2,,1,,,3,1,8,,,,2,1,Y,,Y,,,,Y,,Y,Y,,,Y,Y,Y,69,Y,,Y,Y,-1,25,N1,30,4,,,15,16,19,17,,,,,,9,,,6,31,,,25,,10,3,4,7,6,8,84,14,20,11,8,7,,,777,2,7,,,6,,,,,,,,,,,,Y,Y,A1100008,4
2026-07-27 02:53:31,data_go_kr,서울특별시,A1100005,이화여자대학교의과대학부속목동병원,18,20260727024549,02-2650-5911,Y,Y,,,,,0,0,,1,,,,,,,,8,2,4,4,4,,,,0,12,,,,4,4,Y,,Y,3,,,Y,,Y,Y,,,Y,Y,Y,91,Y,,Y,Y,13,13,N1,19,8,2,4,19,10,13,28,,,,14,,,,,4,32,,,13,,10,9,2,4,4,4,58,10,34,9,3,5,,,526,,,,,1,1,,,,,,,,,,,Y,Y,A1100005,5
2026-07-27 02:53:31,data_go_kr,서울특별시,A1100017,서울대학교병원,-1,20260727025022,02-2072-2475,Y,Y,,,1,1,1,0,,1,,0,0,,0,,,7,2,8,4,7,4,0,4,11,13,6,,,6,5,Y,Y,Y,0,,,Y,,Y,Y,2,1,Y,Y,Y,184,Y,,Y,Y,4,53,N1,24,10,2,4,17,10,18,40,22,2,10,5,,8,10,,28,30,6,,53,,41,7,4,13,13,14,160,19,46,22,9,3,1,,1365,,,1,1,2,1,,,0,0,,8,,,,,Y,Y,A1100017,6
2026-07-27 02:53:31,data_go_kr,서울특별시,A1100035,서울특별시서울의료원,10,20260727025000,02-2276-7000,Y,Y,,,,,0,2,1,0,,,,,,,,3,2,,3,3,,,,,1,,,,11,2,Y,Y,Y,2,,,Y,,Y,Y,,,Y,Y,Y,89,Y,0,Y,Y,2,10,Y,19,3,2,3,14,7,,3,,,,6,,,,5,,28,,,10,,30,3,4,5,3,5,65,5,12,7,2,4,1,2,461,,,,,2,4,2,,,,,,,,,,Y,Y,A1100035,7
2026-07-27 02:53:31,data_go_kr,서울특별시,A1100015,연세대학교의과대학강남세브란스병원,9,20260727024840,02-2019-3333,Y,Y,,,,,,,,,,,,,,,,2,1,,2,,,,5,,,,,,,5,Y,,Y,8,,,Y,,Y,Y,,,Y,Y,Y,66,Y,15,Y,Y,0,23,N1,21,2,1,2,,,,28,,,,12,,8,,29,,,,,23,,,5,1,4,3,6,47,10,23,6,3,5,,,691,,,,,,,,,,,,,,,,,Y,Y,A1100015,8
2026-07-27 02:53:31,data_go_kr,서울특별시,A1100010,삼성서울병원,4,20260727024959,02-3410-2060,Y,Y,,,,,,,,15,,,,,,,,2,2,17,1,,5,,5,2,,,,,6,12,Y,,Y,6,,,Y,,Y,Y,,19,Y,Y,Y,200,Y,14,Y,Y,1,52,N1,52,4,2,2,,30,23,59,15,,,12,,12,36,14,2,,,,53,,27,18,8,19,16,15,117,22,43,21,11,2,,,1528,,,,,,,,,,,,,,,,,Y,Y,A1100010,9
2026-07-27 02:53:31,data_go_kr,서울특별시,A1100028,성심의료재단강동성심병원,8,20260727024634,02-2224-2358,Y,Y,,,,,,,,0,,,,,,,2,,1,,6,,,,,2,,,,,,0,Y,,Y,,,,Y,,Y,Y,,,Y,Y,Y,155,Y,-2,Y,Y,3,13,N1,15,,1,6,,18,,3,,,,,,,,19,5,,,,13,,,2,1,4,2,5,35,3,3,8,3,1,,,566,,,,,,,,,,,,,,2,,,Y,Y,A1100028,10
2026-07-27 02:53:31,data_go_kr,서울특별시,A1100053,한국보훈복지의료공단중앙보훈병원,16,20260727024847,02-2225-1100,,,,,,,,,,6,,,,,,,,,1,10,2,0,,,3,1,0,,,,35,0,N,,Y,2,,,Y,,Y,Y,,,Y,Y,Y,161,N1,,N1,Y,,13,N1,22,,1,2,2,14,14,,,,,13,,10,,,1,3,,,13,,60,7,1,3,4,4,38,,,10,1,,,,820,,,,,,,,,,,,,,,,,Y,N1,A1100053,11
2026-07-27 02:53:31,data_go_kr,서울특별시,A1120796,이화여자대학교의과대학부속서울병원,3,20260727024645,02-6986-5119,Y,Y,,,,,,,,0,,,,,,,,8,2,9,5,,,,2,1,,,,,,3,Y,,Y,2,,,Y,,Y,Y,,5,Y,Y,Y,192,Y,0,Y,Y,1,19,N1,14,9,2,6,,10,17,24,,,,17,,11,19,11,7,,,,19,,,4,2,5,5,8,71,9,22,12,4,5,,,732,,,,,,,,,,,,,,,,,Y,Y,A1120796,12
2026-07-27 02:53:31,data_go_kr,서울특별시,A1100041,의료법인서울효천의료재단에이치플러스양지병원,17,20260727025011,070-4665-9119,,,,,,,,,,,,,,,,,,,1,,2,,,,,0,,,,,,2,,,Y,,,,Y,,Y,Y,,,Y,Y,Y,50,Y,2,N1,Y,,7,N1,18,,1,2,,,,,,,,,,,,20,1,,,,7,,,3,,2,3,3,23,,,4,1,1,,,301,,,,,,,,,,,,,,,,,Y,N1,A1100041,13
2026-07-27 02:53:31,data_go_kr,서울특별시,A1100002,건국대학교병원,12,20260727024746,02-2030-5555,Y,Y,,,,,,,,7,,,,,,,,4,1,15,2,,,,,1,,,,,9,1,Y,,Y,,,,Y,,Y,Y,,,Y,Y,Y,223,Y,,Y,Y,0,21,N1,20,4,1,2,,24,25,16,,,,,,,,,1,,,,21,,14,3,2,4,4,5,45,7,18,7,3,14,,,678,,,,,,,,,,,,,,,,,Y,Y,A1100002,14
2026-07-27 02:53:31,data_go_kr,서울특별시,A1100016,인제대학교상계백병원,11,20260727024702,02-950-1119,Y,Y,,,,,,,,1,,,,,,,4,,1,4,2,,,,,1,,,,,3,1,Y,,Y,,,,Y,,Y,Y,,,Y,Y,Y,95,Y,,Y,Y,-1,13,N1,16,,1,2,,19,18,15,,,,,,,,,4,,,,13,,5,2,2,3,2,3,36,10,25,10,3,1,,,390,,,,,,,,,,,,,,4,,,Y,Y,A1100016,15
2026-07-27 02:53:31,data_go_kr,서울특별시,A1100048,노원을지대학교병원,14,20260727024602,02-970-8282,Y,Y,,,,,,,,5,,,,,,,,,1,6,4,,,,,2,,,,,3,0,Y,,Y,,0,0,Y,,Y,Y,,,Y,Y,Y,220,N1,,Y,Y,1,11,N1,17,,1,4,,16,16,10,,,,,,,,,2,,,,11,,21,1,3,2,2,2,26,8,19,3,1,,,,479,,,,,,,,,,,,,,,0,0,Y,Y,A1100048,16
2026-07-27 02:53:31,data_go_kr,서울특별시,A1100020,의료법인한전의료재단한일병원,15,20260727025003,02-901-3119,N,N,,,,,,,,,,,,,,,,2,2,,0,0,,,,0,2,,,,,1,,Y,Y,,,,Y,,Y,Y,,,Y,Y,N1,77,Y,3,N,Y,,8,Y,21,2,2,2,2,,,,,,,,,,,21,1,3,,,8,,,5,,2,1,1,25,1,4,2,,4,2,2,389,,,,,,,,,,,,,,,,,Y,N,A1100020,17
2026-07-27 02:53:31,data_go_kr,서울특별시,A1100001,경희대학교병원,14,20260727024933,02-958-8114,Y,Y,,,,,,,,,,,,,,,,0,2,,3,,,,,,,,,,10,9,Y,,Y,4,,,Y,,Y,Y,,,Y,Y,Y,190,Y,17,Y,Y,0,16,N1,15,3,2,3,,,,14,,,,15,,,,73,,,,,16,,20,10,3,3,3,5,48,6,12,8,3,2,,,657,,,,,,,,,,,,,,,,,Y,Y,A1100001,18
2026-07-27 02:53:31,data_go_kr,서울특별시,A1100021,삼육서울병원,11,20260727024537,02-2210-3566,,N,,,,,,,,,,,,,,,3,,1,,1,0,,,,1,0,,,,,3,Y,,Y,,,,Y,,Y,Y,,,Y,Y,Y,67,Y,2,N,Y,4,5,Y,13,,1,2,2,,,4,,,,,,,,15,1,3,,,5,,,4,2,1,1,2,20,,4,5,2,1,,1,389,,,,,,,,,,,,,,4,,,Y,N1,A1100021,19
2026-07-27 02:53:31,data_go_kr,서울특별시,A1100040,서울특별시보라매병원,16,20260727025000,02-870-2119,Y,Y,,,,,,,,4,,,,,,,,3,2,9,1,,,,3,1,,,,,0,0,Y,,Y,,,,Y,,Y,Y,,,Y,Y,Y,220,Y,,Y,Y,0,14,N1,31,3,2,1,,15,16,14,,,,,,4,,,4,,,,14,,14,3,4,6,3,5,48,14,13,5,9,2,,,695,,,,,,,,,,,,,,,,,Y,Y,A1100040,20
2026-07-27 02:53:31,data_go_kr,서울특별시,A1100003,중앙대학교병원,4,20260727025008,02-6299-1338,Y,Y,0,0,,,1,,,0,,,,,4,,,3,0,5,0,3,,,,0,,,,,4,2,Y,,Y,,,,Y,,Y,Y,,,Y,Y,Y,193,Y,,Y,Y,0,16,N1,18,4,0,0,12,12,17,25,,,,,,,,,11,,,,16,,24,2,2,4,3,4,51,9,21,13,6,12,,,631,0,0,,,1,,,,,,,4,,,,,Y,Y,A1100003,21
2026-07-27 02:53:31,data_go_kr,서울특별시,A1100007,연세대학교의과대학세브란스병원,17,20260727024836,02-2227-7777,Y,Y,,,1,1,,,,4,,,,,,,,7,1,13,3,,5,1,14,3,,1,,,1,0,Y,Y,Y,6,,,Y,,Y,Y,4,9,Y,Y,Y,323,Y,6,Y,Y,12,3,N1,39,8,1,3,,29,24,52,22,2,10,29,,23,17,18,5,,6,,3,,20,30,8,16,16,17,206,55,61,21,16,21,1,,1872,,,1,1,,,,,,,,,,,,,Y,Y,A1100007,22
2026-07-27 02:53:31,data_go_kr,서울특별시,A1100012,학교법인가톨릭학원가톨릭대학교서울성모병원,-6,20260727025013,02-2258-2370,Y,Y,1,2,1,0,,,,6,,,,,,,,1,,16,,,1,1,3,12,,0,,,16,3,Y,,Y,16,,,Y,,Y,Y,,6,Y,Y,Y,192,Y,1,Y,Y,6,32,N1,28,7,,,,22,22,50,3,2,,19,,10,8,5,18,,6,,32,,35,10,2,9,10,8,80,40,39,11,9,4,,,1059,1,5,1,1,,,,,,,,,,,,,Y,Y,A1100012,23
2026-07-27 02:53:31,data_go_kr,서울특별시,A1100009,재단법인아산사회복지재단서울아산병원,14,20260727024915,02-3010-3333,Y,Y,,,2,0,1,2,,0,,,,,,,,2,1,14,8,2,3,1,4,9,4,0,,,8,5,Y,,Y,1,,,Y,,Y,Y,7,5,Y,Y,Y,252,Y,10,Y,Y,10,4,Y,36,11,1,22,2,24,37,61,26,2,13,12,,12,12,12,47,4,6,,4,,28,8,8,21,15,17,190,33,49,30,14,5,,1,2089,,,2,1,1,6,,,,,,,,,,,Y,Y,A1100009,24
2026-07-27 02:53:31,data_go_kr,서울특별시,A1100011,가톨릭대학교여의도성모병원,13,20260727025012,02-3779-1199,,,,,,,,,,-1,,,,,,,,,1,2,4,,,,,1,,,,,,1,Y,,Y,2,,,Y,,Y,Y,,,Y,Y,Y,77,Y,,N1,Y,,13,N1,15,,1,4,,11,9,,,,,9,,,,,1,,,,13,,,1,2,2,2,2,23,,,5,2,2,,,330,,,,,,,,,,,,,,,,,Y,N1,A1100011,25
2026-07-27 02:53:31,data_go_kr,서울특별시,A1100055,한림대학교강남성심병원,17,20260727024711,02-829-5119,Y,Y,,,,,,,,0,,,,,,,,3,1,0,4,,,,4,1,,,,,,,Y,,Y,,,,Y,,Y,Y,,,Y,Y,Y,166,Y,,Y,Y,0,14,N1,20,3,1,4,,21,25,12,,,,,,10,,,7,,,,14,,,,3,3,3,3,54,21,22,13,3,2,,,496,,,,,,,,,,,,,,,,,Y,Y,A1100055,26
2026-07-27 02:53:31,data_go_kr,서울특별시,A1100054,성애의료재단성애병원,13,20260727024755,02-840-7115,Y,Y,,,,,,,,,,,,,,,,,1,,4,,,,,1,,,,,,,Y,,Y,,,,Y,,Y,Y,,,Y,Y,N1,39,N1,2,Y,Y,3,5,N1,15,,1,4,,,,4,,,,,,,,19,1,,,,5,,,,2,2,2,1,8,5,14,2,,,,,252,,,,,,,,,,,,,,,,,Y,Y,A1100054,27
2026-07-27 02:53:31,data_go_kr,서울특별시,A1100004,순천향대학교부속서울병원,15,20260727024822,02-709-9117,Y,Y,,,,,,,,,,,0,,0,,0,3,1,,2,,,,,0,,,,,10,3,Y,,Y,,,,Y,,Y,Y,,,Y,Y,Y,150,Y,2,Y,Y,0,14,N1,20,4,1,2,,,,13,,,,,,,,45,10,,,,14,,21,4,7,3,3,4,51,8,17,14,5,3,,,600,,,,,,,,,,0,,0,,0,,,Y,Y,A1100004,28
2026-07-27 02:53:31,data_go_kr,서울특별시,A1121013,가톨릭대학교은평성모병원,15,20260727025012,02-1811-7755,Y,Y,,,,,,,,0,,,,,,,,8,1,2,2,,,,5,0,,,,,,0,Y,,Y,0,,,Y,,Y,Y,,,Y,Y,Y,140,Y,,Y,Y,4,19,N1,24,8,2,2,,16,9,19,,,,13,,12,,,4,,,,19,,,5,1,4,3,5,46,19,22,10,5,20,,,651,,,,,,,,,,,,,,,,,Y,Y,A1121013,29
2026-07-27 02:53:31,data_go_kr,서울특별시,A1100006,강북삼성병원,5,20260727025034,02-2001-1000,Y,Y,,,,,,,,,,,,,,,,2,1,1,2,,,,,1,,,,,9,2,Y,,Y,2,,,Y,,Y,Y,,3,Y,Y,Y,120,Y,7,Y,Y,0,16,N1,15,2,1,2,,,4,7,,,,12,,,8,24,5,,,,16,,18,3,1,5,4,6,54,13,14,8,4,3,,,526,,,,,,,,,,,,,,,,,Y,Y,A1100006,30
2026-07-27 02:53:31,data_go_kr,서울특별시,A1100052,국립중앙의료원,12,20260727024904,02-2276-2114,N,Y,,,,,,,,,,0,,,0,0,5,3,2,0,3,2,,,,2,0,,11,2,,4,Y,,Y,,2,6,Y,8,Y,Y,,,Y,Y,Y,0,Y,3,Y,Y,,7,N1,15,3,2,3,6,,0,,,,,,20,,,13,2,0,,50,7,2,,7,1,1,1,2,56,1,3,5,5,2,,,202,,,,,,,,,0,,,0,0,5,2,6,Y,N,A1100052,31
2026-07-27 02:53:31,data_go_kr,서울특별시,A1100036,부민병원,10,20260727024603,02-2620-0119,,Y,,,,,,,,,,,,,,,,,1,,,,,,,0,,,,,,0,Y,,Y,,,,Y,,Y,Y,,,Y,Y,Y,59,N1,1,Y,Y,,8,N1,10,,1,,,,,,,,,,,,,14,1,,,,8,,,3,1,3,3,1,22,,1,2,1,,,,282,,,,,,,,,,,,,,,,,Y,N1,A1100036,32
2026-07-27 02:53:31,data_go_kr,서울특별시,A1100051,혜민병원,9,20260727024522,02-2049-9119,,,,,,,,,,,,,,,,,,,1,,,,,,,,,,,,,,,,Y,,,,,,Y,N1,,,Y,Y,N1,30,N1,8,N1,Y,,5,N1,9,,1,,,,,,,,,,,,,19,,,,,5,,,,,2,2,,16,,,2,,,,,205,,,,,,,,,,,,,,,,,Y,N1,A1100051,33
2026-07-27 02:53:31,data_go_kr,서울특별시,A1100026,구로성심병원,6,20260727025019,02-2067-1515,,,,,,,,,,,,,,,,,,,,,1,,,,,,,,,,,,,,Y,,,,,,Y,N1,,,N1,Y,N1,34,N1,4,N1,Y,,3,N1,9,,,1,,,,,,,,,,,,11,,,,,3,,,,,1,1,,5,,,,,,,,191,,,,,,,,,,,,,,,,,Y,N1,A1100026,34
2026-07-27 02:53:31,data_go_kr,서울특별시,A1100049,희명병원,8,20260727024929,02-809-0122,,,,,,,,,,,,,,,,,,,,,1,,,,,,,,,,,,,,Y,,,,,,Y,N1,,,Y,Y,Y,108,N1,1,N1,Y,,4,N1,10,,,1,,,,,,,,,,,,19,,,,,4,,,,,1,1,,9,,,1,1,,,,228,,,,,,,,,,,,,,,,,Y,N1,A1100049,35
2026-07-27 02:53:31,data_go_kr,서울특별시,A1100027,한국원자력의학원원자력병원,4,20260727025026,02-970-2620,,Y,,,,,,,,,,,,,,,0,,1,,1,,,,,1,,,,,,1,Y,,Y,,,,Y,,Y,Y,,,Y,Y,N1,230,N1,8,Y,Y,,10,N1,9,,1,1,,,,,,,,,,,,10,1,,,,10,,,1,1,4,2,1,16,,2,1,,,,,444,,,,,,,,,,,,,,1,,,Y,N1,A1100027,36
2026-07-27 02:53:31,data_go_kr,서울특별시,A1100022,서울특별시동부병원,8,20260727025020,02-920-9119,,Y,,,,,,,,,,,,,,,,,1,,1,,,,,1,,,,,,,Y,,Y,,,,,,Y,N1,,,Y,Y,N1,23,N1,1,Y,Y,,3,N1,8,,1,1,,,,,,,,,,,,8,1,,,,3,,,,1,1,1,,7,,1,1,,,,,195,,,,,,,,,,,,,,,,,Y,N1,A1100022,37
2026-07-27 02:53:31,data_go_kr,서울특별시,A1100050,서울성심병원,15,20260727024848,02-966-1616,,,,,,,,,,,,,,,,,,,1,,2,,,,,,,,,,,,,,Y,,,,,,Y,N1,,,N1,Y,N1,67,N1,9,N1,Y,,6,N1,17,,1,2,,,,,,,,,,,,10,,,,,6,,,,,1,1,,11,,,,,,,,208,,,,,,,,,,,,,,,,,Y,N1,A1100050,38
2026-07-27 02:53:31,data_go_kr,서울특별시,A1100025,의료법인동신의료재단동신병원,7,20260727024855,02-396-9161,N,N,,,,,,,,,,,,,,,,,,,1,,,,,,,,,,,,N,N,Y,,,,N,,Y,N,,,Y,Y,N,41,N,1,N,Y,,3,N,9,,,1,,,,,,,,,,,,9,,,,,3,,,,0,1,1,0,7,0,0,1,0,0,0,0,196,,,,,,,,,,,,,,,,,Y,N,A1100025,39
2026-07-27 02:53:31,data_go_kr,서울특별시,A1122033,기쁨병원,2,20260727025004,02-570-1212,,,,,,,,,,,,,,,,,,,,,1,,,,,,,,,,,,,,Y,,,,Y,,Y,Y,,,N1,Y,N1,65,N1,,N1,Y,,8,N1,4,,,1,,,,,,,,,,,,,,,,,8,,,,,2,2,1,1,,,,,,,,110,,,,,,,,,,,,,,,,,Y,N1,A1122033,40
2026-07-27 02:53:31,data_go_kr,서울특별시,A1100039,경찰병원,3,20260727025002,02-3400-1300,,,,,,,,,,,,,,,,,1,,1,,,,,,,2,,,,,,2,,,Y,,,,,,Y,N1,,,Y,Y,N1,131,N1,14,N1,Y,,7,N1,3,,1,,,,,,,,,,,,,14,2,,,,7,,,2,,2,3,,10,,,2,,,,,187,,,,,,,,,,,,,,1,,,Y,N1,A1100039,41
2026-07-27 02:53:31,data_go_kr,서울특별시,A1100019,홍익병원,5,20260727024907,02-2600-0777,,,,,,,,,,,,,,,,,,,,,1,,,,,0,,,,,,0,,,Y,,,,Y,,Y,Y,,,N,Y,N1,47,N1,9,N1,Y,,4,N1,9,,,1,,,,,,,,,,,,14,1,,,,4,,,1,,4,2,2,7,,,1,,,,,251,,,,,,,,,,,,,,,,,Y,N1,A1100019,42
2026-07-27 02:53:31,data_go_kr,서울특별시,A1100223,서울특별시서남병원,17,20260727025000,02-6300-9129,,,,,,,,,,,,,,,,0,,,1,,2,1,,,,1,0,,,,,4,,,Y,,,,,,Y,N1,,,Y,Y,Y,55,Y,5,N1,Y,,4,N1,17,,1,2,2,,,,,,,,,,,17,1,3,,,4,,,4,,2,1,,16,,,1,1,1,,,275,,,,,,,,,,,,,0,,,,Y,N1,A1100223,43
2026-07-27 02:53:31,data_go_kr,서울특별시,A1100024,명지성모병원,8,20260727025053,02-829-7800,,,,,,,,,,,,,,,,,,,1,,1,,,,,1,,,,,,,,,Y,,,,Y,,Y,Y,,,N1,Y,N1,95,N1,5,N1,Y,,3,N1,8,,1,1,,,,,,,,,,,,12,1,,,,3,,,,,1,3,2,7,,,,,,,,212,,,,,,,,,,,,,,,,,Y,N1,A1100024,44
2026-07-27 02:53:31,data_go_kr,서울특별시,A1100037,대림성모병원,8,20260727024522,02-829-9129,,,,,,,,,,,,,,,,,,,,,2,,,,,,,,,,,,,,Y,,,,,,Y,N1,,,N1,Y,N1,44,N1,,N1,Y,,4,N1,8,,,2,,,,,,,,,,,,,,,,,4,,,,,1,1,,1,,,,,,,,113,,,,,,,,,,,,,,,,,Y,N1,A1100037,45
2026-07-27 02:53:31,data_go_kr,서울특별시,A1100045,씨엠병원,9,20260727024500,070-4698-7811,,,,,,,,,,,,,,,,,,,,,1,,,,,,,,,,,,,,Y,,,,,,Y,N1,,,N1,Y,N1,34,N1,,N1,Y,,5,N1,9,,,1,,,,,,,,,,,,,,,,,5,,,,,2,2,,6,,,,,,,,110,,,,,,,,,,,,,,,,,Y,N1,A1100045,46
2026-07-27 02:53:31,data_go_kr,서울특별시,A1100023,의료법인청구성심병원,7,20260727024851,02-383-0129,,,,,,,,,,,,,,,,,,,,,1,,,,,,,,,,,,,,Y,,,,,,Y,N1,,,N1,Y,N1,7,N1,1,N1,Y,,3,N1,10,,,1,,,,,,,,,,,,6,,,,,3,,,,,1,1,,4,,,,,,,,196,,,,,,,,,,,,,,,,,Y,N1,A1100023,47
2026-07-27 02:53:31,data_go_kr,서울특별시,A1100029,서울적십자병원,9,20260727024925,02-2002-8888,,,,,,,,,,,,,,,,,,,0,,,,,,,,,,,,,,,,Y,,,,,,Y,N1,,,Y,Y,N1,87,N1,7,N1,Y,,6,N1,10,,1,,,,,,,,,,,,,12,,,,,6,,,,,1,1,,11,,,2,,,,,260,,,,,,,,,,,,,,,,,Y,N1,A1100029,48
2026-07-27 02:53:31,data_go_kr,서울특별시,A1100032,세란병원,8,20260727024859,02-737-0181,,,,,,,,,,,,,,,,,,,,,1,,,,,,,,,,,,,,Y,,,,,,Y,N1,,,N1,Y,N1,41,N1,,N1,Y,,13,N1,10,,,1,,,,,,,,,,,,,,,,,13,,,,,3,5,,3,,,,,,,,205,,,,,,,,,,,,,,,,,Y,N1,A1100032,49
2026-07-27 02:53:31,data_go_kr,서울특별시,A1100075,의료법인풍산의료재단동부제일병원,7,20260727024547,02-490-8880,,,,,,,,,,,,,,,,,,,,,1,,,,,,,,,,,,,,Y,,,,,,Y,N1,,,N1,Y,N1,41,N1,,N1,N,,2,N1,7,,,1,,,,,,,,,,,,,,,,,2,,,,,1,1,,3,,,,,,,,124,,,,,,,,,,,,,,,,,Y,N1,A1100075,50
2026-07-27 02:53:31,data_go_kr,서울특별시,A1100044,녹색병원,4,20260727025006,02-490-2113,,,,,,,,,,,,,,,,,,,1,,4,,,,,2,,,,,,1,Y,,Y,,,,,,Y,N1,,,Y,Y,N1,88,N1,6,N1,Y,,3,N1,5,,1,4,,,,,,,,,,,,17,3,,,,3,,,3,1,2,1,,22,,,1,,,,,293,,,,,,,,,,,,,,,,,Y,N1,A1100044,51
2026-07-27 02:53:31,data_go_kr,부산광역시,A1200003,동아대학교병원,22,20260727024710,051-240-5300,Y,Y,2,5,,,,0,1,,,,,,,,,3,,,,9,,,4,5,10,,,,6,1,Y,,Y,2,,,Y,,Y,Y,4,5,Y,Y,Y,150,Y,6,Y,Y,4,18,N1,26,3,,,16,,,20,,,8,13,,11,7,18,6,30,,,18,,18,3,4,5,3,4,76,11,30,16,4,4,,,738,2,6,,,,4,1,,,,,,,,,,Y,Y,A1200003,1
2026-07-27 02:53:31,data_go_kr,부산광역시,A1200022,인제대학교 해운대백병원,22,20260727024416,051-797-0135,Y,Y,,,,,2,2,,9,,,,,,,,2,2,8,3,7,,,,0,12,,,,,0,Y,Y,Y,,,,Y,,Y,Y,,,Y,Y,Y,114,Y,,Y,Y,0,22,N1,29,3,2,3,12,28,27,23,,,,,,,,,2,30,,,22,,,7,2,5,3,4,72,8,40,17,9,11,1,,710,,,,,5,3,,,,,,,,,,,Y,Y,A1200022,2
2026-07-27 02:53:31,data_go_kr,부산광역시,A1200018,대동병원,11,20260727025033,051-550-9391,,,,,,,,,,,,,,,,,,3,1,,2,,,,,0,,,,,,1,,,Y,,,,Y,,Y,Y,,,Y,Y,N1,60,N1,0,N1,Y,,6,N1,15,3,1,2,,,,,,,,,,,,21,1,,,,6,,,1,,2,1,1,10,,,1,,,,,401,,,,,,,,,,,,,,,,,Y,N1,A1200018,3
2026-07-27 02:53:31,data_go_kr,부산광역시,A1200020,의료법인 온그룹의료재단 온병원,19,20260727024522,051-607-0139,,,,,,,,,,,,,,,,,,,1,,2,,,,,1,,,,,,5,,,Y,,,,Y,,Y,Y,,,Y,Y,N1,165,N1,7,N1,Y,,9,Y,20,,1,2,,,,,,,,,,,,23,1,,,,9,,,6,,4,2,2,7,,,1,,,,1,585,,,,,,,,,,,,,,,,,Y,N1,A1200020,4
2026-07-27 02:53:31,data_go_kr,부산광역시,A1200001,인제대학교부산백병원,15,20260727025013,051-890-5995,Y,Y,,,,,,,,5,,,,,,,,,1,4,2,,,,3,1,,,,,3,2,Y,,Y,1,,,Y,,Y,Y,,,Y,Y,Y,166,Y,5,Y,Y,2,17,Y,18,,1,2,,19,18,35,,,,12,,6,,10,1,,,,17,,20,8,4,5,3,6,68,19,38,16,3,7,,2,691,,,,,,,,,,,,,,,,,Y,Y,A1200001,5
2026-07-27 02:53:31,data_go_kr,부산광역시,A1200005,의료법인 은성의료재단 좋은삼선병원,9,20260727025025,051-310-9119,,,,,,,,,,,,,,,,,3,1,1,,2,,,,1,0,,,,,,2,,,Y,1,,,Y,,Y,Y,,,Y,Y,N1,16,N1,3,N1,Y,,7,N1,13,1,1,2,,,,,,,,5,,4,,19,2,,,,7,,,2,,2,2,2,11,,,1,,,,,375,,,,,,,,,,,,,,3,,,Y,N1,A1200005,6
2026-07-27 02:53:31,data_go_kr,부산광역시,A1200004,고신대학교복음병원,15,20260727024938,051-990-6200,Y,Y,1,4,,,,,,6,,,,,,,,,,7,,,,,7,4,,,,,14,1,Y,,Y,1,,,Y,,Y,Y,2,,Y,Y,Y,178,Y,,Y,Y,15,13,Y,25,,,,,13,8,18,,,5,13,,16,,,7,,,,13,,14,1,7,3,3,5,53,13,19,14,3,1,,1,685,1,4,,,,,,,,,,,,,,,Y,Y,A1200004,7
2026-07-27 02:53:31,data_go_kr,부산광역시,A1200002,부산대학교병원,11,20260727025000,051-240-7776,Y,Y,,,,,0,,,3,,,,0,0,0,,3,1,,2,-6,,,,3,3,,21,2,7,4,Y,,Y,0,2,12,Y,17,Y,Y,,,Y,Y,Y,356,Y,6,Y,Y,1,26,N,17,3,1,2,2,10,,20,,,,0,42,,,24,4,3,,82,26,2,19,10,12,9,6,10,100,17,17,21,9,21,,1,901,,,,,2,,,,,,0,0,0,,2,12,Y,Y,A1200002,8
2026-07-27 02:53:31,data_go_kr,부산광역시,A1200007,비에이치에스한서병원,13,20260727025027,051-998-1119,,,,,,,,,,,,,,,,,,,1,,2,2,,,,,3,,,,,,,,Y,,,,Y,,Y,Y,,,Y,Y,Y,76,N1,5,N1,Y,,4,N1,17,,1,2,2,,,,,,,,,,,14,,3,,,4,,,,,1,1,2,11,,,1,1,,,,280,,,,,,,,,,,,,,,,,Y,N1,A1200007,9
2026-07-27 02:53:31,data_go_kr,부산광역시,A1200028,(의)서일의료재단기장병원,7,20260727025020,051-723-2119,,,,,,,,,,,,,,,,,,,,,1,,,,,,,,,,,,,,Y,,,,,,Y,N1,,,N1,Y,N1,16,N1,,N1,Y,,3,N1,9,,,1,,,,,,,,,,,,,,,,,3,,,,,1,1,,1,,,,,,,,154,,,,,,,,,,,,,,,,,Y,N1,A1200028,10
2026-07-27 02:53:31,data_go_kr,부산광역시,A1200015,동남권원자력의학원원자력병원,9,20260727024803,051-720-5911,,,,,,,,,,,,,,,,,,,1,,,,,,,,,,,,,,,,Y,,,,Y,,Y,Y,,,Y,Y,Y,103,N1,8,N1,Y,,8,N1,9,,1,,,,,,,,,,,,,12,,,,,8,,,,,2,2,2,12,,,1,0,,,,261,,,,,,,,,,,,,,,,,Y,N1,A1200015,11
2026-07-27 02:53:31,data_go_kr,부산광역시,A1200013,부산성모병원(재단법인 천주교부산교구유지재단),8,20260727024810,051-933-7119,Y,Y,,,,,,,,,,,,,,,4,4,1,,,,,,,2,,,,,,0,,,Y,,,,,,Y,N1,,,Y,Y,N1,62,N1,10,Y,Y,7,7,N1,10,4,1,,,,,10,,,,,,,,18,2,,,,7,,,2,,1,1,,6,14,13,1,,,,,373,,,,,,,,,,,,,,4,,,Y,Y,A1200013,12
2026-07-27 02:53:31,data_go_kr,부산광역시,A1200026,좋은문화병원,4,20260727024929,051-630-0909,Y,Y,,,,,,,,,,,,,,,,2,1,,2,,,,,,,,,,,2,Y,,Y,,,,,,Y,N1,,,N1,Y,N1,44,N1,4,Y,Y,-1,0,Y,7,2,1,2,,,,12,,,,,,,,8,,,,,8,,,2,8,2,2,,3,6,17,,,,,1,270,,,,,,,,,,,,,,,,,Y,Y,A1200026,13
2026-07-27 02:53:31,data_go_kr,부산광역시,A1200017,의료법인정화의료재단 봉생기념병원,7,20260727024906,051-664-4119,,,,,,,,,,1,,,,,,,,,,0,1,,,,,,,,,,3,1,,,Y,,,,Y,,Y,Y,,,Y,Y,N1,48,N1,,N1,Y,,8,N1,9,,,2,,11,11,,,,,,,,,,,,,,8,,31,1,,1,2,2,11,,,4,,,,,335,,,,,,,,,,,,,,,,,Y,N1,A1200017,14
2026-07-27 02:53:31,data_go_kr,부산광역시,A1200011,동래봉생병원,8,20260727024740,051-520-5700,,,,,,,,,,,,,,,,,,,1,,1,,,,,2,,,,,,,,,Y,,,,Y,,Y,Y,,,Y,Y,N1,32,N1,1,N1,Y,,7,N1,8,,1,1,,,,,,,,,,,,18,2,,,,7,,,,,1,2,2,11,,,1,,,,,241,,,,,,,,,,,,,,,,,Y,N1,A1200011,15
2026-07-27 02:53:31,data_go_kr,부산광역시,A1200009,의료법인 광혜의료재단 광혜병원,7,20260727024855,051-504-2119,,,,,,,,,,,,,,,,,,,2,,1,,,,,,,,,,,0,,,Y,,,,,,Y,N1,,,N1,Y,N1,69,N1,0,N1,Y,,3,N1,9,,2,1,,,,,,,,,,,,9,,,,,3,,,1,,1,1,,4,,,,,,,,190,,,,,,,,,,,,,,,,,Y,N1,A1200009,16
2026-07-27 02:53:31,data_go_kr,부산광역시,A1200019,학교법인)동의병원,13,20260727024900,051-850-8777,,,,,,,,,,,,,,,,,,,,,1,,,,,,,,,,,,,,Y,,,,Y,,Y,Y,,,Y,Y,Y,109,N1,15,N1,Y,,1,N1,14,,,1,,,,,,,,,,,,23,,,,,5,,,,,2,2,2,7,,,2,1,,,,448,,,,,,,,,,,,,,,,,Y,N1,A1200019,17
2026-07-27 02:53:31,data_go_kr,부산광역시,A1200025,학교법인 춘해병원,9,20260727024808,051-608-0119,,,,,,,,,,,,,,,,,,,,,1,,,,,,,,,,,,,,Y,,,,,,Y,N1,,,N1,Y,N1,56,N1,,N1,Y,,4,N1,9,,,1,,,,,,,,,,,,,,,,,4,,,,,1,1,,3,,,,,,,,201,,,,,,,,,,,,,,,,,Y,N1,A1200025,18
2026-07-27 02:53:31,data_go_kr,부산광역시,A1200045,구포성심병원,5,20260727025011,051-330-2090,,,,,,,,,,,,,,,,,,,,,1,,,,,,,,,,,,,,Y,,,,Y,,Y,Y,,,N1,Y,N1,19,N1,,N1,Y,,4,N1,9,,,1,,,,,,,,,,,,,,,,,4,,,,,1,1,1,4,,,,,,,,243,,,,,,,,,,,,,,,,,Y,N1,A1200045,19
2026-07-27 02:53:31,data_go_kr,부산광역시,A1200006,의료법인 인당의료재단 부민병원,9,20260727024603,051-330-3129,,,,,,,,,,,,,,,,,,,1,,1,,,,,1,,,,,,,,,Y,,,,Y,,Y,Y,,,Y,Y,N1,16,N1,1,N1,Y,,8,N1,10,,1,1,,,,,,,,,,,,18,1,,,,8,,,,,2,3,1,7,,,1,,,,,366,,,,,,,,,,,,,,,,,Y,N1,A1200006,20
2026-07-27 02:53:31,data_go_kr,부산광역시,A1200016,한국보훈복지의료공단 부산보훈병원,11,20260727024758,051-601-6183,,,,,,,,,,,,,,,,,,,1,,1,,,,,1,,,,,,,,,Y,,,,Y,,Y,Y,,,N1,Y,N1,31,N1,7,N1,Y,,7,N1,11,,1,1,,,,,,,,,,,,9,1,,,,7,,,,,2,3,2,11,,,,,,,,452,,,,,,,,,,,,,,,,,Y,N1,A1200016,21
2026-07-27 02:53:31,data_go_kr,부산광역시,A1200021,삼육부산병원,6,20260727024904,051-600-7750,,Y,,,,,,,,,,,,,,,,,1,,,,,,,0,,,,,,,Y,,Y,,,,Y,,Y,Y,,,Y,Y,Y,2,N1,0,Y,Y,,,N1,9,,1,,,,,,,,,,,,,14,1,,,,,,,,1,2,1,1,9,,1,2,1,,,,302,,,,,,,,,,,,,,,,,Y,N1,A1200021,22
2026-07-27 02:53:31,data_go_kr,부산광역시,A1200008,의료법인 은성의료재단 좋은강안병원,13,20260727024943,051-610-9119,,,,,,,,,,,,,,,,,,,1,,2,,,,,1,,,,,,1,,,Y,,,,Y,,Y,Y,,,Y,Y,Y,81,N1,3,N1,Y,,11,N1,18,,1,2,,,,,,,,,,,,30,2,,,,11,,,3,,4,3,3,12,,,5,1,,,,535,,,,,,,,,,,,,,,,,Y,N1,A1200008,23
2026-07-27 02:53:31,data_go_kr,부산광역시,A1200098,의료법인 센텀의료재단 센텀종합병원,5,20260727024419,051-750-5119,,,,,,,,,,,,,,,,,,,,,1,,,,,1,,,,,,,,,Y,,,,Y,,Y,Y,,,N1,Y,N1,14,N1,2,N1,Y,,9,N1,9,,,1,,,,,,,,,,,,16,1,,,,9,,,,,2,2,1,11,,,,,,,,338,,,,,,,,,,,,,,,,,Y,N1,A1200098,24
2026-07-27 02:53:31,data_go_kr,부산광역시,A1200024,부산광역시의료원,15,20260727024916,051-607-2140,,N,,,,,,,,5,,,,,,,,,1,6,1,,,,,,,,,,8,6,N,,Y,,,,Y,,Y,Y,,,Y,Y,N1,120,N1,,N,Y,,7,N1,18,,1,1,,13,14,,,,,,,,,,,,,,7,,29,7,1,1,1,2,19,,2,4,,,,,398,,,,,,,,,,,,,,,,,Y,N1,A1200024,25
2026-07-27 02:53:31,data_go_kr,부산광역시,A1200012,의료법인 행도의료재단 해동병원,6,20260727024942,051-410-6688,,,,,,,,,,,,,,,,,,,1,,,,,,,,,,,,,0,,,Y,,,,,,Y,N1,,,Y,Y,N1,34,N1,3,N1,Y,,2,Y,6,,1,,,,,,,,,,,,,9,,,,,3,,,0,,1,1,,5,,,1,,,,12,256,,,,,,,,,,,,,,,,,Y,N1,A1200012,26
2026-07-27 02:53:31,data_go_kr,부산광역시,A1200014,영도병원,2,20260727025006,051-419-7575,,,,,,,,,,,,,,,,,,,1,,1,,,,,,,,,,,,,,Y,,,,,,Y,N1,,,N1,Y,N1,16,N1,2,N1,Y,,3,N1,7,,1,1,,,,,,,,,,,,10,,,,,3,,,,,1,1,,7,,,,,,,,217,,,,,,,,,,,,,,,,,Y,N1,A1200014,27
2026-07-27 02:53:31,data_go_kr,부산광역시,A1200023,재단법인천주교부산교구유지재단 메리놀병원,8,20260727024809,051-461-2300,,,,,,,,,,,,,,,,,,,,,1,,,,,0,,,,,,,Y,,Y,,,,Y,,Y,Y,,,Y,Y,N1,93,N1,3,N1,Y,,8,N1,9,,,1,,,,,,,,,,,,18,1,,,,8,,,,1,1,1,1,9,,,2,,,,,380,,,,,,,,,,,,,,,,,Y,N1,A1200023,28
2026-07-27 02:53:31,data_go_kr,부산광역시,A1205143,의료법인 인당의료재단 해운대부민병원,7,20260727024603,051-602-8119,,,,,,,,,,,,,,,,,,,1,,,,,,,0,,,,,,1,,,Y,,,,Y,,Y,Y,,,Y,Y,N1,23,N1,5,N1,Y,,8,Y,9,,1,,,,,,,,,,,,,19,2,,,,8,,,3,,2,2,1,10,,,1,,,,1,360,,,,,,,,,,,,,,,,,Y,N1,A1205143,29
2026-07-27 02:53:31,data_go_kr,대구광역시,A1300001,영남대학교병원,23,20260727024737,053-620-3177,Y,Y,,0,,,0,3,,1,0,,,,,,,3,2,9,3,5,,,0,3,7,,,,10,4,Y,,Y,4,,,Y,,Y,Y,,,Y,Y,Y,168,Y,,Y,Y,-1,23,Y,28,3,2,3,21,10,15,15,,,,14,,7,,,13,30,,,23,,20,7,2,4,4,4,75,5,11,8,5,5,,1,704,,0,,,1,3,,0,,,,,,,,,Y,Y,A1300001,1
2026-07-27 02:53:31,data_go_kr,대구광역시,A1300002,경북대학교병원,5,20260727024705,053-200-5100,Y,Y,2,3,,,,,,1,,,,,,,,4,,5,,8,,,6,,31,,13,2,9,2,Y,,Y,3,2,6,Y,2,Y,Y,0,4,Y,Y,Y,147,Y,,Y,Y,1,16,N1,25,4,,,20,7,7,15,,,6,7,20,10,11,,,44,,40,17,2,20,5,2,5,5,5,82,8,11,11,9,5,,,582,2,3,,,,,,,,,,,,,2,6,Y,Y,A1300002,2
2026-07-27 02:53:31,data_go_kr,대구광역시,A1300004,대구가톨릭대학교병원,12,20260727024937,053-650-3000,Y,Y,,,,,,,,0,,,,,,,,,1,3,3,,,,,2,,,,,1,3,Y,Y,Y,2,,,Y,,Y,Y,,,Y,Y,Y,276,Y,0,Y,Y,2,18,N1,24,,1,3,,15,25,42,,,,16,,,,0,6,,,,19,,20,9,2,3,3,5,58,20,32,8,3,4,1,,704,,,,,,,,,,,,,,,,,Y,Y,A1300004,3
2026-07-27 02:53:31,data_go_kr,대구광역시,A1300003,계명대학교동산병원,8,20260727024948,053-258-6306,Y,Y,,,,,,,,0,,,,,,,,,2,0,2,,2,,,0,11,,,,3,2,Y,Y,Y,3,,,Y,,Y,Y,6,,Y,Y,Y,262,Y,2,Y,Y,2,24,Y,20,,2,3,,11,13,39,7,,8,15,,,,10,4,20,,,24,,20,16,6,6,5,7,56,13,37,9,4,14,1,2,769,,,,,,,,,,,,,,,,,Y,Y,A1300003,4
2026-07-27 02:53:31,data_go_kr,대구광역시,A1300009,대구파티마병원,-8,20260727025000,053-940-7119,Y,Y,,,,,,,,0,,,,,,,,1,2,3,5,2,,,,2,2,,,,,,Y,,Y,7,,,Y,,Y,Y,,,Y,Y,Y,166,Y,,Y,Y,2,17,N1,25,5,2,5,2,17,8,8,,,,12,,,,,9,4,,,17,,,,2,5,3,4,32,11,19,5,1,1,,,539,,,,,,,,,,,,,,,,,Y,Y,A1300009,5
2026-07-27 02:53:31,data_go_kr,대구광역시,A1300010,칠곡경북대학교병원,14,20260727024806,053-200-2100,Y,Y,,,1,1,,,,4,,,,,,,,7,1,10,3,,2,1,,4,0,3,,,12,13,Y,,Y,,,,Y,,Y,Y,,,Y,Y,Y,248,Y,,Y,Y,6,18,N1,23,7,1,3,,10,15,39,10,2,,,,,,,4,0,8,,19,,20,13,2,8,5,8,52,9,27,9,3,1,,,760,,,1,1,,,,,,,,,,,,,Y,Y,A1300010,6
2026-07-27 02:53:31,data_go_kr,대구광역시,A1300034,드림종합병원,5,20260727024624,053-640-8575,,,,,,,,,,,,,,,,,1,,,,1,,,,,,,,,,,,,,Y,,,,Y,,Y,Y,,,Y,Y,Y,12,N1,,N1,N,,3,N1,8,,,1,,,,,,,,,,,,,,,,,3,,,,,2,1,1,2,,,1,1,,,,159,,,,,,,,,,,,,,1,,,Y,N1,A1300034,7
2026-07-27 02:53:31,data_go_kr,대구광역시,A1300006,의료법인구의료재단구병원,10,20260727025022,053-557-7119,,,,,,,,,,,,,,,,,,,,,1,,,,,0,,,,,,,,,Y,,,,,,Y,N1,,,N1,Y,N1,76,N1,7,N1,Y,,9,N1,10,,,1,,,,,,,,,,,,18,1,,,,9,,,,,3,1,,3,,,,,,,,235,,,,,,,,,,,,,,,,,Y,N1,A1300006,8
2026-07-27 02:53:31,data_go_kr,대구광역시,A1300110,더블유병원,10,20260727025001,053-550-5019,,,,,,,,,,,,,,,,,,,,,1,,,,,,,,,,,,,,Y,,,,,,Y,N1,,,N1,Y,N1,37,N1,,N1,N,,7,Y,10,,,1,,,,,,,,,,,,,,,,,8,,,,,1,1,,1,,,,,,,8,431,,,,,,,,,,,,,,,,,Y,N1,A1300110,9
2026-07-27 02:53:31,data_go_kr,대구광역시,A1300011,한국보훈복지의료공단대구보훈병원,11,20260727024957,053-630-7014,,,,,,,,,,,,,,,,,,,1,,1,,,,,1,,,,,,1,,,Y,,,,Y,,Y,Y,,,N1,Y,N1,49,N1,4,N1,Y,,6,N1,12,,1,1,,,,,,,,,,,,13,1,,,,6,,,1,,1,3,2,9,,,,,,,,406,,,,,,,,,,,,,,,,,Y,N1,A1300011,10
2026-07-27 02:53:31,data_go_kr,대구광역시,A1300045,삼일병원,9,20260727025016,053-659-3119,,,,,,,,,,,,,,,,,,,1,,,,,,,,,,,,,,,,Y,,,,Y,,Y,Y,,,N1,Y,N1,41,N1,,N1,N,,4,N1,14,,1,,,,,,,,,,,,,,,,,,4,,,,,3,2,1,3,,,,,,,,299,,,,,,,,,,,,,,,,,Y,N1,A1300045,11
2026-07-27 02:53:31,data_go_kr,대구광역시,A1300038,나사렛종합병원,8,20260727024746,053-643-3119,,,,1,,,,,,,,,,,,,,,,,1,,,,,1,,,,,,,,,Y,,,,Y,,Y,Y,,,Y,Y,N1,21,N1,3,N1,Y,,5,N1,9,,,1,,,,,,,,,,,,28,1,,,,5,,,,,2,2,2,5,,,1,,,,,231,,9,,,,,,,,,,,,,,,Y,N1,A1300038,12
2026-07-27 02:53:31,data_go_kr,대구광역시,A1300018,강남종합병원,15,20260727024431,053-980-9018,,,,,,,,,,,,,,,,,,,1,,,,,,,,,,,,,1,,,Y,,,,,,Y,N1,,,N1,Y,N1,54,N1,,N1,Y,,7,N1,15,,1,,,,,,,,,,,,,,,,,,7,,,1,,2,2,,2,,,,,,,,207,,,,,,,,,,,,,,,,,Y,N1,A1300018,13
2026-07-27 02:53:31,data_go_kr,대구광역시,A1300005,대구가톨릭대학교칠곡가톨릭병원,5,20260727024843,053-320-2111,,,,,,,,,,,,,,,,,,,,,1,,,,,,,,,,,,,,Y,,,,,,Y,N1,,,N1,Y,N1,15,N1,,N1,Y,,3,N1,9,,,1,,,,,,,,,,,,,,,,,3,,,,,2,2,,1,,,,,,,,161,,,,,,,,,,,,,,,,,Y,N1,A1300005,14
2026-07-27 02:53:31,data_go_kr,대구광역시,A1300076,대구굿모닝병원,17,20260727024934,053-620-9119,,,,,,,,,,,,,,,,,,,1,,1,,,,,1,,,,,,,,,Y,,,,Y,,Y,Y,,,N1,Y,N1,70,N1,1,N1,Y,,2,N1,17,,1,1,,,,,,,,,,,,26,1,,,,4,,,,,2,4,2,13,,,,,,,,226,,,,,,,,,,,,,,,,,Y,N1,A1300076,15
2026-07-27 02:53:31,data_go_kr,대구광역시,A1300007,대구의료원,18,20260727025002,053-560-7288,,Y,,,,,,,,,,,,,,,,,1,,1,,,,,0,,,,,1,1,Y,,Y,,,,,,Y,N1,,,N1,Y,N1,46,N1,5,Y,Y,,4,N1,18,,1,1,,,,,,,,,,,,18,1,,,,4,,82,3,1,1,1,,13,,4,,,,,,254,,,,,,,,,,,,,,,,,Y,N1,A1300007,16
2026-07-27 02:53:31,data_go_kr,대구광역시,A1300081,(재)미리내천주성삼성직수도회천주성삼병원,8,20260727025001,053-790-0555,,,,,,,,,,,,,,,,,,,,,1,,,,,,,,,,,,,,Y,,,,,,Y,N1,,,N1,Y,N1,13,N1,,N1,Y,,4,N1,9,,,1,,,,,,,,,,,,,,,,,4,,,,,1,2,,4,,,,,,,,294,,,,,,,,,,,,,,,,,Y,N1,A1300081,17
2026-07-27 02:53:31,data_go_kr,대구광역시,A1300008,곽병원,8,20260727024911,053-605-3333,,,,,,,,,,,,,,,,,,,,,2,,,,,,,,,,,,,,Y,,,,,,Y,N1,,,N1,Y,N1,8,N1,,N1,Y,,4,N1,10,,,2,,,,,,,,,,,,,,,,,4,,,,,1,1,,2,,,,,,,,221,,,,,,,,,,,,,,,,,Y,N1,A1300008,18
2026-07-27 02:53:31,data_go_kr,대구광역시,A1303386,계명대학교대구동산병원,9,20260727024903,053-250-8481,,,,,,,,,,,,,,,,,,,1,,1,,,,,0,,,,,,,N,,Y,,,,Y,,Y,Y,,,Y,Y,N1,38,N,0,N1,Y,,3,N1,12,,1,1,,,,,,,,,,,,7,5,,,,3,,,,0,2,1,1,6,,,6,,0,,,196,,,,,,,,,,,,,,,,,Y,N1,A1303386,19
2026-07-27 02:53:31,data_go_kr,인천광역시,A1400001,의료법인 길의료재단 길병원,7,20260727024835,032-460-3012,Y,Y,2,2,1,1,,0,,8,,,,,2,,,7,,4,,4,,2,2,4,19,1,9,1,11,12,Y,,Y,2,2,6,Y,0,Y,Y,,0,Y,Y,Y,356,Y,,Y,Y,0,3,Y,23,9,,,18,38,11,30,,2,,14,20,6,4,,11,30,6,47,3,2,18,13,3,6,6,7,113,19,40,19,10,6,,1,995,2,3,1,1,,2,,,,,,3,,,2,6,Y,Y,A1400001,1
2026-07-27 02:53:31,data_go_kr,인천광역시,A1400002,인하대학교의과대학부속병원,7,20260727024607,032-890-2301,Y,Y,,,1,1,,,,0,,,,,,,,5,2,0,4,0,0,0,0,0,0,2,,,4,7,Y,Y,Y,,,,Y,,Y,Y,,,Y,Y,Y,157,Y,0,Y,Y,0,16,Y,20,7,2,5,20,25,13,27,3,2,,,,7,,23,3,30,6,,16,,15,7,4,6,3,5,109,17,27,13,9,7,1,2,681,,,1,1,,,,,,,,,,,,,Y,Y,A1400002,2
2026-07-27 02:53:31,data_go_kr,인천광역시,A1400010,검단탑병원,13,20260727024604,032-590-0077,,,,,,,,,,,,,,,,,,,1,,2,,,,,0,,,,,,1,,,Y,,,,Y,,Y,Y,,,Y,Y,N1,44,N1,3,N1,Y,,6,N1,18,,1,2,,,,,,,,,,,,15,3,,,,6,,,2,,2,2,1,11,,,1,,,,,279,,,,,,,,,,,,,,,,,Y,N1,A1400010,3
2026-07-27 02:53:31,data_go_kr,인천광역시,A1403372,인천세종병원,15,20260727025010,032-240-8119,,,,,,,,,,,,,,,,,,,3,,,1,,,,1,2,,,,,3,,,Y,,,,Y,,Y,Y,,,Y,Y,Y,77,Y,9,N1,Y,,7,N1,18,,3,,2,,,,,,,,,,,20,2,3,,,7,,,6,,2,2,3,13,,,4,5,1,,,274,,,,,,,,,,,,,,,,,Y,N1,A1403372,4
2026-07-27 02:53:31,data_go_kr,인천광역시,A1400014,의료법인인성의료재단한림병원,13,20260727024547,032-540-9119,,,,,,,,,,,,,,,,,,,2,,2,,,,,2,,,,,,2,Y,,Y,,,,Y,,Y,Y,,,Y,Y,Y,46,N1,0,N1,Y,,6,N1,17,,2,2,,,,,,,,,,,,21,2,,,,6,,,2,1,3,2,2,20,,,3,3,,,,391,,,,,,,,,,,,,,,,,Y,N1,A1400014,5
2026-07-27 02:53:31,data_go_kr,인천광역시,A1400016,인천사랑병원,7,20260727024934,032-457-2119,,Y,,,,,,,,,,,,,,,4,,1,,2,,,,,1,0,,,,,1,Y,,Y,,,,Y,,Y,Y,,,Y,Y,N1,16,Y,10,Y,Y,,7,N1,14,,1,2,,,,,,,,,,,,17,1,5,,,7,,,1,1,2,1,1,12,,1,2,,1,,,281,,,,,,,,,,,,,,4,,,Y,N1,A1400016,6
2026-07-27 02:53:31,data_go_kr,인천광역시,A1400012,가톨릭대학교 인천성모병원,13,20260727025011,032-280-6107,Y,Y,,,,,,,,-1,,,,,,,,1,3,0,2,5,,,,0,,,,,,3,Y,,Y,7,,,Y,,Y,Y,,,Y,Y,Y,31,Y,,Y,Y,0,17,N1,19,4,3,5,12,15,18,13,,,,15,,,,,10,,,,17,,,9,1,4,4,5,53,5,14,11,5,4,,,579,,,,,,,,,,,,,,,,,Y,Y,A1400012,7
2026-07-27 02:53:31,data_go_kr,인천광역시,A1400013,안은의료재단 부평세림병원,15,20260727024956,032-509-5777,,,,,,,,,,,,,,,,,,,1,,3,2,,,,1,0,,,,,2,,,Y,,,,Y,,Y,Y,,,Y,Y,Y,32,N1,6,N1,Y,,4,N1,16,,1,3,2,,,,,,,,,,,11,2,3,,,4,,,2,,3,2,1,9,,,1,1,,,,234,,,,,,,,,,,,,,,,,Y,N1,A1400013,8
2026-07-27 02:53:31,data_go_kr,인천광역시,A1400015,가톨릭관동대학교국제성모병원,14,20260727025014,032-290-3065,Y,Y,3,0,,,,,,1,,,18,,,,,1,0,,0,,,,,,,,,,3,3,Y,,Y,-3,,,Y,,Y,Y,,,Y,Y,N,224,Y,,Y,Y,,11,N1,23,3,0,0,,40,,,,,,13,,,,,,,,,11,,11,3,2,3,2,3,34,2,11,6,2,1,,,641,5,0,,,,,,,,21,,,,,,,Y,Y,A1400015,9
2026-07-27 02:53:31,data_go_kr,인천광역시,A1400003,의료법인 루가의료재단 나은병원,11,20260727024825,032-584-4119,,Y,,,,,,,,3,,,,,,,7,,1,5,2,,,,,3,,,,,,8,Y,,Y,,,,Y,,Y,Y,,,Y,Y,Y,88,Y,,Y,Y,,10,N1,11,,1,2,,14,13,,,,,,,,,,3,,,,10,,,9,1,2,2,3,17,,1,3,1,1,,,367,,,,,,,,,,,,,,7,,,Y,N1,A1400003,10
2026-07-27 02:53:31,data_go_kr,인천광역시,A1400011,의료법인 나사렛의료재단 나사렛국제병원,14,20260727024650,032-899-9699,,,,,,,,,,,,,,,,,,,1,,2,,,,,0,,,,,,,,,Y,,,,Y,,Y,Y,,,Y,Y,N1,58,N1,1,N1,Y,,5,N1,17,,1,2,,,,,,,,,,,,16,1,,,,5,,,,,2,2,2,8,,,2,,,,,282,,,,,,,,,,,,,,,,,Y,N1,A1400011,11
2026-07-27 02:53:31,data_go_kr,인천광역시,A1403617,비에스종합병원,10,20260727024826,032-290-0119,,Y,,,,,,,,,,,,,,,,,1,,,,,,,0,,,,,,,Y,,Y,,,,Y,,Y,Y,,,Y,Y,N1,97,N1,5,Y,N1,0,2,N1,10,,1,,,,,1,,,,,,,,18,1,,,,2,,,,1,1,,1,6,,1,1,,,,,180,,,,,,,,,,,,,,,,,Y,N1,A1403617,12
2026-07-27 02:53:31,data_go_kr,인천광역시,A1400005,온누리병원,7,20260727024908,032-568-9112,,,,,,,,,,,,,,,,,,,1,,1,,,,,,,,,,,,,,Y,,,,,,Y,N1,,,N1,Y,N1,40,N1,,N1,Y,,3,N1,9,,1,1,,,,,,,,,,,,,,,,,3,,,,,1,1,,5,,,,,,,,190,,,,,,,,,,,,,,,,,Y,N1,A1400005,13
2026-07-27 02:53:31,data_go_kr,인천광역시,A1403871,인천힘찬종합병원,16,20260727024549,032-459-3168,,,,,,,,,,,,,,,,,,,1,,2,,,,,0,,,,,,,,,Y,,,,,,Y,N1,,,N1,Y,N1,54,N1,1,N1,Y,,7,N1,17,,1,2,,,,,,,,,,,,8,1,,,,7,,,,,2,2,,1,,,,,,,,235,,,,,,,,,,,,,,,,,Y,N1,A1403871,14
2026-07-27 02:53:31,data_go_kr,인천광역시,A1400004,현대유비스병원,18,20260727024621,032-890-5582,,,,,,,,,,,,,,,,,,,1,,,,,,,0,,,,,,,,,Y,,,,Y,,Y,Y,,,Y,Y,N1,12,N1,4,N1,Y,,6,N1,18,,1,,,,,,,,,,,,,13,1,,,,6,,,,,2,2,1,8,,,2,,,,,285,,,,,,,,,,,,,,,,,Y,N1,A1400004,15
2026-07-27 02:53:31,data_go_kr,인천광역시,A1400008,(의)성세의료재단 뉴성민병원,8,20260727024911,032-726-1119,,,,,,,,,,,,,,,0,,,,,,1,,,,,2,,,,,,,,,Y,,,,,,Y,N1,,,Y,Y,N1,123,N1,10,N1,Y,,6,Y,9,,,1,,,,,,,,,,,,17,2,,,,6,,,,,2,2,,11,,,2,,,,1,265,,,,,,,,,,,,0,,,,,Y,N1,A1400008,16
2026-07-27 02:53:31,data_go_kr,인천광역시,A1400018,인천적십자병원,7,20260727024810,032-899-4119,,,,,,,,,,,,,,,,,,,1,,1,,,,,,,,,,,,,,Y,,,,,,Y,N1,,,N1,Y,N1,66,N1,3,N1,Y,,3,N1,8,,1,1,,,,,,,,,,,,8,,,,,3,,,,,1,1,,2,,,,,,,,104,,,,,,,,,,,,,,,,,Y,N1,A1400018,17
2026-07-27 02:53:31,data_go_kr,인천광역시,A1400037,인천광역시의료원백령병원,4,20260727025002,032-836-1732,Y,Y,,,,,,,,,,,,,,,,,,,1,,,,,,,,,,,,,,Y,,,,,,Y,N1,,,N1,Y,N1,30,N1,,Y,N1,,1,N1,5,,,1,,,,,,,,,,,,,,,,,1,,,,,1,,,1,1,2,,,,,,30,,,,,,,,,,,,,,,,,Y,Y,A1400037,18
2026-07-27 02:53:31,data_go_kr,인천광역시,A1400009,인천기독병원,8,20260727024914,032-270-8300,,,,,,,,,,,,,,,,,,,,,1,,,,,,,,,,,,,,Y,,,1,,,Y,N1,,,N1,Y,N1,33,N1,10,N1,Y,,4,N1,8,,,1,,,,,,,,,,,,10,,,,,4,,,,,1,1,,1,,,,,,,,139,,,,,,,,,,,,,,,,1,Y,N1,A1400009,19
2026-07-27 02:53:31,data_go_kr,인천광역시,A1400017,인천광역시의료원,15,20260727025002,032-580-6119,,,,,,,,,,,,,,,,,,,2,,,,,,,0,,,,,24,7,,,Y,,,,,,Y,N1,,,N1,Y,N1,29,N1,2,N1,Y,,6,N1,15,,2,,,,,,,,,,,,,13,0,,,,6,,45,7,,1,1,,19,,,,,,,,198,,,,,,,,,,,,,,,,,Y,N1,A1400017,20
2026-07-27 02:53:31,data_go_kr,인천광역시,A1400007,의료법인 성수의료재단 인천백병원,5,20260727024757,032-280-8119,,,,,,,,,,,,,,,,,,,,,1,,,,,,,,,,,,,,Y,,,,,,Y,N1,,,Y,Y,N1,37,N1,1,N1,Y,,4,N1,5,,,1,,,,,,,,,,,,12,,,,,4,,,,,2,2,,6,,,1,,,,,189,,,,,,,,,,,,,,,,,Y,N1,A1400007,21
2026-07-27 02:53:31,data_go_kr,대전광역시,A1600006,학교법인건양교육재단건양대학교병원,23,20260727024948,042-600-9119,Y,Y,,0,,,1,0,4,,0,0,0,0,,0,,4,2,,3,6,,,,4,5,,,,11,1,Y,,Y,,,,Y,,Y,Y,,,Y,Y,Y,284,Y,36,Y,Y,0,19,Y,24,5,2,3,16,,,24,,,,,,,,59,5,28,,,20,,20,1,2,4,4,4,46,17,23,10,3,1,,1,658,,0,,,1,3,4,0,0,0,0,,0,,,,Y,Y,A1600006,1
2026-07-27 02:53:31,data_go_kr,대전광역시,A1600001,충남대학교병원,20,20260727025000,042-280-8129,Y,Y,0,0,,,,,,3,,,,,,,0,1,2,6,2,4,2,,3,6,23,,,,16,9,Y,,Y,,,,Y,,Y,Y,,,Y,Y,Y,222,Y,4,Y,Y,9,21,N1,28,6,2,3,20,16,14,34,5,,,,,10,,12,8,30,,,21,,26,14,5,5,4,5,76,12,36,6,8,2,,,966,0,0,,,,,,,,,,,,0,,,Y,Y,A1600001,2
2026-07-27 02:53:31,data_go_kr,대전광역시,A1600002,학교법인을지학원대전을지대학교병원,15,20260727025000,042-259-1119,Y,Y,,,,,,,,4,,0,0,-10,-5,4,3,,2,5,1,,,,4,1,,,2,2,6,,Y,,Y,,2,5,Y,2,Y,Y,,,Y,Y,Y,81,Y,,Y,Y,16,15,N1,21,,2,1,,20,20,20,,,,,20,5,,,11,,,40,15,2,20,,16,4,2,4,70,12,47,7,3,3,,,331,,,,,,,,,0,0,0,0,30,3,2,6,Y,Y,A1600002,3
2026-07-27 02:53:31,data_go_kr,대전광역시,A1600007,의료법인영훈의료재단유성선병원,9,20260727024926,042-609-1119,,,,,,,,,,,,,,,,,,,2,,1,,,,,1,,,,,,0,Y,,Y,,,,Y,,Y,Y,,,Y,Y,Y,93,N1,1,N1,Y,,-4,Y,17,,2,1,,,,,,,,,,,,19,1,,,,7,,,1,1,3,3,2,17,,,2,1,,,1,368,,,,,,,,,,,,,,,,,Y,N1,A1600007,4
2026-07-27 02:53:31,data_go_kr,대전광역시,A1600005,학교법인가톨릭학원가톨릭대학교대전성모병원,16,20260727025011,042-220-9118,Y,Y,,,,,,,,3,,,,,,,,,3,1,,,,,0,0,,,,,,3,Y,,Y,-1,,,Y,,Y,Y,1,0,Y,Y,Y,132,N1,,Y,Y,4,12,N1,19,,3,,,15,3,4,,,3,9,,3,2,,1,,,,12,,,4,1,3,2,4,24,5,7,5,2,,,,537,,,,,,,,,,,,,,,,,Y,Y,A1600005,5
2026-07-27 02:53:31,data_go_kr,대전광역시,A1600008,의료법인영훈의료재단대전선병원,17,20260727024832,042-220-8129,,,,,,,,,,,,,,,,,,,1,,3,,,,,-1,,,,,,0,Y,,Y,,,,Y,,Y,Y,,,Y,Y,N1,68,N1,4,N1,Y,,7,N1,17,,1,3,,,,,,,,,,,,24,1,,,,7,,,1,1,2,2,2,11,,,3,,,,,311,,,,,,,,,,,,,,,,,Y,N1,A1600008,6
2026-07-27 02:53:31,data_go_kr,대전광역시,A1600004,대전보훈병원,7,20260727024615,042-939-0100,,,,,,,,,,,,,,,,,,,1,,1,,,,,1,,,,,,1,,,Y,,,,Y,,Y,Y,,,N1,Y,N1,68,N1,3,N1,Y,,5,N1,7,,1,1,,,,,,,,,,,,10,1,,,,5,,,1,,1,3,1,12,,,,,,,,316,,,,,,,,,,,,,,,,,Y,N1,A1600004,7
2026-07-27 02:53:31,data_go_kr,대전광역시,A1600003,대전한국병원,8,20260727025005,042-606-1119,,Y,,,,,,,,,,,,,,,,,1,,,,,,,,,,,,,,Y,,Y,,,,Y,,Y,Y,,,Y,Y,N1,40,N1,2,Y,Y,,4,N1,9,,1,,,,,,,,,,,,,12,,,,,4,,,,4,2,2,2,6,,1,1,,,,,241,,,,,,,,,,,,,,,,,Y,N1,A1600003,8
2026-07-27 02:53:31,data_go_kr,대전광역시,A1602246,대청병원,6,20260727025002,042-589-0119,,,,,,,,,,,,,,,,,,,,,1,,,,,,,,,,,,,,Y,,,,,,Y,N1,,,Y,Y,N1,99,N1,2,N1,Y,,3,N1,9,,,1,,,,,,,,,,,,17,,,,,3,,,,,2,1,,10,,,1,,,,,245,,,,,,,,,,,,,,,,,Y,N1,A1602246,9
2026-07-27 02:53:31,data_go_kr,울산광역시,A1700004,학교법인울산공업학원울산대학교병원,9,20260727024745,052-250-7000,Y,Y,3,3,,,,0,,7,,,4,,5,,,5,0,11,0,2,,,2,8,12,,1,2,9,0,Y,,Y,,2,5,Y,11,Y,Y,,2,Y,Y,Y,157,Y,3,Y,Y,3,20,N1,21,8,0,0,12,13,16,26,,,,,20,6,2,8,8,36,,42,20,2,20,0,5,7,5,6,83,14,27,17,8,4,,,725,3,3,,,,8,,,,4,,5,,,2,6,Y,Y,A1700004,1
2026-07-27 02:53:31,data_go_kr,울산광역시,A1700028,의료법인정안의료재단중앙병원,12,20260727024817,052-226-1119,,,,,,,,,,,,,,,,,,,1,,2,-1,,,,2,1,,,,,0,,,Y,,,,Y,,Y,Y,,,Y,Y,N1,63,N1,0,N1,Y,,8,N1,17,,1,2,2,,,,,,,,,,,18,2,4,,,8,,,1,,2,2,2,7,,,2,,,,,335,,,,,,,,,,,,,,,,,Y,N1,A1700028,2
2026-07-27 02:53:31,data_go_kr,울산광역시,A1700003,울산병원,19,20260727025010,052-259-5119,,,,,,,,,,,,,,,,,,,1,,2,1,,,,0,2,,,,,,,,Y,,,,Y,,Y,Y,,,Y,Y,Y,55,Y,10,N1,Y,,4,Y,19,,1,2,2,,,,,,,,,,,17,1,3,,,4,,,,,2,2,3,12,,,4,1,2,,2,343,,,,,,,,,,,,,,,,,Y,N1,A1700003,3
2026-07-27 02:53:31,data_go_kr,울산광역시,A1700025,의료법인송은의료재단울산시티병원,15,20260727025005,052-280-9119,,,,,,,,,,,,,,,,,,,1,,2,0,,,,2,2,,,,,,,,Y,,,,Y,,Y,Y,,,Y,Y,N1,38,N1,6,N1,Y,,8,N1,17,,1,2,2,,,,,,,,,,,24,3,3,,,8,,,,,2,2,2,17,,,4,,,,,347,,,,,,,,,,,,,,,,,Y,N1,A1700025,4
2026-07-27 02:53:31,data_go_kr,울산광역시,A1700002,의료법인동강의료재단동강병원,21,20260727025023,052-241-1190,,,,,,,,,,0,,,,,,,,,1,0,2,0,,,1,0,0,,,,,0,,Y,Y,,,,Y,,Y,Y,,,Y,Y,Y,157,N1,,N1,Y,,8,N1,24,,1,2,2,14,9,,,,,,,13,,,1,3,,,8,,,2,,3,2,4,25,,,7,5,,1,,513,,,,,,,,,,,,,,,,,Y,N1,A1700002,5
2026-07-27 02:53:31,data_go_kr,울산광역시,A1700011,의료법인은성의료재단좋은삼정병원,8,20260727024618,052-220-7600,,,,,,,,,,,,,,,,,,,,,1,,,,,0,,,,,,1,,,Y,,,,Y,,Y,Y,,,Y,Y,N1,48,N1,3,N1,Y,,7,N1,9,,,1,,,,,,,,,,,,14,1,,,,8,,,1,,2,2,1,5,,,1,,,,,283,,,,,,,,,,,,,,,,,Y,N1,A1700011,6
2026-07-27 02:53:31,data_go_kr,울산광역시,A1700001,서울산보람병원,10,20260727024907,052-255-7119,,,,,,,,,,,,,,,,,,,,,1,,,,,,,,,,,,,,Y,,,,,,Y,N1,,,N1,Y,N1,96,N1,,N1,Y,,3,N1,10,,,1,,,,,,,,,,,,,,,,,3,,,,,1,1,,1,,,,,,,,213,,,,,,,,,,,,,,,,,Y,N1,A1700001,7
2026-07-27 02:53:31,data_go_kr,세종특별자치시,A1800441,세종충남대학교병원,13,20260727025000,044-995-3010,Y,Y,,,0,0,,,,,,,,,,,,0,1,,2,,,2,,0,,5,,,,3,Y,,Y,,,,Y,,Y,Y,,,Y,Y,Y,90,Y,4,Y,Y,-2,8,N1,17,0,1,2,,,,19,,2,,,,,,11,2,,6,,8,,,4,3,2,2,3,29,7,19,5,3,2,,,299,,,0,0,,,,,,,,,,,,,Y,Y,A1800441,1
2026-07-27 02:53:31,data_go_kr,세종특별자치시,A1800417,의료법인 영제 의료재단 엔케이세종병원,10,20260727024737,044-850-7777,,,,,,,,,,,,,,,,,,,,,1,,,,,,,,,,,,,,Y,,,,,,Y,N1,,,N1,Y,N1,123,N1,,N1,Y,,3,N1,10,,,1,,,,,,,,,,,,,,,,,3,,,,,1,1,,1,,,,,,,,200,,,,,,,,,,,,,,,,,Y,N1,A1800417,2
2026-07-27 02:53:31,data_go_kr,경기도,A2100042,의료법인명지의료재단명지병원,12,20260727025000,031-810-7119,Y,Y,3,2,,3,0,0,1,,0,0,0,0,0,0,,0,0,,0,7,,,,4,9,,,,0,0,Y,Y,Y,,,,Y,,Y,Y,,,Y,Y,Y,130,Y,11,Y,Y,3,6,Y,15,0,0,3,16,,,3,,,,,,,,31,4,28,,,13,,0,0,2,6,3,5,49,4,5,8,5,2,1,2,443,3,2,,3,4,3,2,0,0,0,0,0,0,,,,Y,Y,A2100042,1
2026-07-27 02:53:31,data_go_kr,경기도,A2100033,국민건강보험공단일산병원,18,20260727025003,031-900-0761,Y,Y,,,,,0,,1,2,,0,0,,0,0,,0,2,5,3,0,,,2,2,3,,,,4,0,Y,,Y,,,,Y,,Y,Y,,,Y,Y,Y,148,N1,,Y,Y,5,2,N1,23,5,2,3,19,10,16,25,,,,,,6,,,11,29,,,2,,28,4,2,4,3,3,60,8,28,13,5,,,,659,,,,,1,,1,,0,0,,0,0,,,,Y,Y,A2100033,2
2026-07-27 02:53:31,data_go_kr,경기도,A2100005,순천향대학교부속부천병원,10,20260727024621,032-621-5117,Y,Y,2,2,,,,,,5,,0,,0,0,,,5,0,6,0,6,,,,5,18,,,,,2,Y,Y,Y,,,3,Y,,Y,Y,,,Y,Y,Y,217,Y,10,Y,Y,1,21,Y,17,5,0,0,20,16,15,24,,,,,,,,22,8,34,,,21,,,7,1,4,3,5,71,9,31,17,4,3,1,1,674,2,3,,,,,,,0,,0,0,,,,5,Y,Y,A2100005,3
2026-07-27 02:53:31,data_go_kr,경기도,A2100001,분당서울대학교병원,-4,20260727024800,031-787-3119,Y,Y,,,,,,3,,1,,,5,9,,,,3,2,5,3,2,0,,4,0,12,,,,1,3,Y,,Y,1,,2,Y,,Y,Y,,,Y,Y,Y,269,Y,1,Y,Y,0,39,N1,30,5,2,3,15,13,13,35,6,,,10,,9,,8,1,30,,,39,,15,3,3,11,11,11,128,17,39,16,8,8,,,1247,,,,,,5,,,,5,9,,,,,2,Y,Y,A2100001,4
2026-07-27 02:53:31,data_go_kr,경기도,A2100030,차의과학대학교분당차병원,12,20260727024950,031-780-5840,Y,Y,2,3,1,1,0,0,,0,,,0,,0,,0,10,,6,,0,,0,0,1,8,6,,,11,,Y,,Y,0,,,Y,,Y,Y,,,Y,Y,Y,100,Y,,Y,Y,8,26,N1,22,11,,,14,8,9,35,,2,,7,,6,,,4,43,6,,26,,22,,8,5,3,4,40,26,46,6,2,2,,,726,2,3,1,1,2,2,,,,0,,1,,0,,,Y,Y,A2100030,5
2026-07-27 02:53:31,data_go_kr,경기도,A2100002,아주대학교병원,14,20260727024713,031-219-7777,Y,Y,2,3,1,2,,0,,2,,,,0,0,,0,7,0,4,0,6,,1,5,0,20,0,0,3,4,5,Y,,Y,4,2,6,Y,1,Y,Y,1,6,Y,Y,Y,97,Y,,Y,Y,4,25,N1,30,9,0,0,16,14,10,36,,2,6,13,40,7,11,,3,42,6,60,25,3,20,8,3,8,6,9,126,27,34,32,9,7,,,792,2,6,1,4,,2,,,,,0,0,,0,2,6,Y,Y,A2100002,6
2026-07-27 02:53:31,data_go_kr,경기도,A2100003,고려대학교의과대학부속안산병원,15,20260727024918,031-412-5381,Y,Y,2,3,,,0,,,0,,,,,,,,4,,13,2,6,,,0,0,24,,,,9,5,Y,,Y,,,,Y,,Y,Y,,,Y,Y,Y,113,Y,0,Y,Y,1,20,N1,22,4,,3,18,10,13,25,,,,,,10,,6,3,30,,,20,,16,10,2,3,4,4,66,15,19,8,5,3,,,605,2,3,,,2,,,,,,,,,,,,Y,Y,A2100003,7
2026-07-27 02:53:31,data_go_kr,경기도,A2100004,한림대학교성심병원,18,20260727024757,031-380-1500,Y,Y,0,5,,,0,,,0,,,,,,,,3,2,2,2,0,,,,1,15,,,,12,3,Y,Y,Y,,,,Y,,Y,Y,0,3,Y,Y,Y,136,Y,,Y,Y,5,18,N1,25,3,2,4,19,27,16,9,,,8,,,,18,,3,30,,,19,,20,14,2,4,3,6,102,8,10,20,14,2,1,,610,0,5,,,1,,,,,,,,,,,,Y,Y,A2100004,8
2026-07-27 02:53:31,data_go_kr,경기도,A2100040,가톨릭대학교의정부성모병원,29,20260727025011,031-820-5200,Y,Y,,,,,0,0,,,,,,,,,,11,2,,3,0,,,0,0,13,,8,2,,,Y,,Y,,2,6,Y,1,Y,Y,,,Y,Y,Y,156,Y,0,Y,Y,-1,13,N1,42,11,2,4,18,,,15,,,,,20,6,,26,4,30,,53,13,2,,,3,4,3,4,54,10,28,12,4,3,,,519,,,,,1,1,,,,,,,,,2,6,Y,Y,A2100040,9
2026-07-27 02:53:31,data_go_kr,경기도,A2100047,동국대학교일산불교병원,15,20260727025013,031-961-7777,Y,Y,,,,,,,,4,,,,,,,3,3,1,6,3,,,,,1,,,,,15,0,Y,,Y,,,,Y,,Y,Y,,,Y,Y,Y,176,Y,,Y,Y,9,12,N1,19,3,1,3,,16,13,13,,,,,,,,,4,,,,12,,15,0,8,2,2,2,19,13,25,4,2,1,,,463,,,,,,,,,,,,,,3,,,Y,Y,A2100047,10
2026-07-27 02:53:31,data_go_kr,경기도,A2100038,인제대학교일산백병원,25,20260727024641,031-910-7114,N,N,,,,,,,,0,,,,,,,,,3,1,2,,,,,0,,,,,5,1,Y,,Y,,,,Y,,Y,Y,,0,Y,Y,Y,141,Y,,N,Y,,17,N1,34,,3,3,,25,32,,,,,,,,4,,4,,,,17,,16,2,3,3,3,4,54,18,22,7,3,1,,,545,,,,,,,,,,,,,,,,,Y,N,A2100038,11
2026-07-27 02:53:31,data_go_kr,경기도,A2118788,중앙대학교광명병원,18,20260727025007,02-2222-1351,Y,Y,0,0,,,,,,,,,,,,,,,1,,2,,,,3,3,,,,,,2,Y,,Y,,,,Y,,Y,Y,4,,Y,Y,Y,171,Y,12,Y,Y,1,17,N1,21,,1,2,,,,16,,,5,,,5,,24,6,,,,17,,,2,2,2,2,5,28,6,16,5,4,10,,,576,0,0,,,,,,,,,,,,,,,Y,Y,A2118788,12
2026-07-27 02:53:31,data_go_kr,경기도,A2100007,광명성애병원,6,20260727024959,02-2680-7116,Y,Y,,,,,,,,,,,,,,7,,4,1,,4,,,,,0,,,,,,,Y,,Y,,,,Y,,Y,Y,,,Y,Y,N1,56,N1,8,Y,Y,,5,N1,11,4,1,4,,,,,,,,,,,,13,1,,,,5,,,,2,2,2,1,12,2,5,1,,,,,189,,,,,,,,,,,,,50,,,,Y,Y,A2100007,13
2026-07-27 02:53:31,data_go_kr,경기도,A2100155,참조은병원,6,20260727024856,031-881-9119,,,,,,,,,,,,,,0,0,,6,1,1,,3,,,,,3,,,,,,1,,,Y,,,,Y,,Y,Y,,,Y,Y,N1,33,Y,-2,N1,Y,,7,N1,9,1,1,3,,,,,,,,,,,,22,3,,,,7,,,2,,3,3,2,18,,,3,,2,,,286,,,,,,,,,,,0,0,,6,,,Y,N1,A2100155,14
2026-07-27 02:53:31,data_go_kr,경기도,A2100039,한양대학교구리병원,12,20260727024801,1644-9118,Y,Y,,,,,,,,0,,,,,,,,,1,2,3,,,,,,,,,,,4,Y,,Y,,,,Y,,Y,Y,,,Y,Y,Y,151,Y,,Y,Y,1,9,N1,18,,1,4,,17,14,10,,,,,,,,,,,,,9,,,5,1,3,2,3,21,6,14,4,2,2,,,488,,,,,,,,,,,,,,,,,Y,Y,A2100039,15
2026-07-27 02:53:31,data_go_kr,경기도,A2100054,효산의료재단지샘병원,17,20260727024545,031-389-3119,,,,,,,,,,,,,,,,,1,,2,,1,,,,,1,,,,,,1,,,Y,,,,Y,,Y,Y,,,Y,Y,N1,71,N1,3,N1,Y,,5,N1,18,,2,1,,,,,,,,,,,,18,1,,,,5,,,2,,2,1,3,11,,,2,,,,,367,,,,,,,,,,,,,,1,,,Y,N1,A2100054,16
2026-07-27 02:53:31,data_go_kr,경기도,A2100048,원광대학교산본병원,16,20260727024620,031-390-2345,,,,,,,,,,,,,,,,,,,1,,2,,,,,,,,,,,,Y,,Y,,,,Y,,Y,Y,,,Y,Y,N1,77,N1,6,N1,Y,,5,N1,17,,1,2,,,,,,,,,,,,12,,,,,5,,,,1,1,1,1,1,,,2,,,,,188,,,,,,,,,,,,,,,,,Y,N1,A2100048,17
2026-07-27 02:53:31,data_go_kr,경기도,A2100053,의료법인우리의료재단김포우리병원,14,20260727024925,031-999-1119,,,,,,,,,,,,,,0,0,0,,,1,,6,,,,,0,,,,,,3,,,Y,,,,Y,,Y,Y,,,Y,Y,Y,48,Y,0,N1,Y,,7,N1,22,,1,6,,,,,,,,,,,,36,1,,,,7,,,11,,2,2,2,48,,,4,1,2,,,477,,,,,,,,,,,0,0,0,,,,Y,N1,A2100053,18
2026-07-27 02:53:31,data_go_kr,경기도,A2100006,의료법인인봉의료재단뉴고려병원,14,20260727024745,031-980-9119,,,,,,,,,,,,,,,,,3,,1,,2,,,,,7,,,,,,,,,Y,,,,Y,,Y,Y,,,Y,Y,N1,82,N1,1,N1,Y,,6,N1,14,,1,2,,,,,,,,,,,,24,10,,,,6,,,,,2,2,2,7,,,1,,,,,278,,,,,,,,,,,,,,3,,,Y,N1,A2100006,19
2026-07-27 02:53:31,data_go_kr,경기도,A2100041,남양주한양병원,17,20260727025003,031-510-0119,,,,,,,,,,,,,,,,,,,1,,2,,,,,10,,,,,,,,,Y,,,,Y,,Y,Y,,,Y,Y,N1,82,N1,4,N1,Y,,,Y,17,,1,2,,,,,,,,,,,,17,23,,,,,,,,,2,2,1,33,,,2,,,,1,244,,,,,,,,,,,,,,,,,Y,N1,A2100041,20
2026-07-27 02:53:31,data_go_kr,경기도,A2100037,현대병원,16,20260727024904,031-574-0114,,,,,,,,,,,,,,,,,,,3,,,,,,,1,,,,,,,,,Y,,,,Y,,Y,Y,,,Y,Y,N1,61,Y,0,N1,Y,,7,N1,17,,3,,,,,,,,,,,,,19,20,,,,7,,,,,2,2,2,50,,,17,,2,,,342,,,,,,,,,,,,,,,,,Y,N1,A2100037,21
2026-07-27 02:53:31,data_go_kr,경기도,A2100055,부천세종병원,15,20260727025010,032-340-1119,Y,Y,,,,,,,,,,,,,,,,,1,,2,0,,,,0,1,,,,,0,Y,,Y,,,,Y,,Y,Y,,,Y,Y,Y,79,Y,1,Y,Y,,6,N1,17,,1,2,2,,,,,,,,,,,20,2,3,,,6,,,6,1,2,1,5,18,1,1,5,4,1,,,268,,,,,,,,,,,,,,,,,Y,Y,A2100055,22
2026-07-27 02:53:31,data_go_kr,경기도,A2100052,가톨릭대학교부천성모병원,28,20260727025011,032-340-2100,Y,Y,,,,,,,,0,,,,,,,3,,2,0,1,,,,,0,,,,,,2,Y,,Y,0,,,Y,,Y,Y,,,Y,Y,Y,172,Y,,Y,Y,9,14,N1,31,,2,1,,16,12,10,,,,18,,,,,4,,,,14,,,4,3,3,3,3,28,4,14,11,1,2,,,562,,,,,,,,,,,,,,3,,,Y,Y,A2100052,23
2026-07-27 02:53:31,data_go_kr,경기도,A2100025,대진의료재단분당제생병원,16,20260727025000,031-779-0119,Y,Y,,,,,,,,1,,,7,,,,,3,1,5,2,,,,,2,,,,,,0,Y,Y,Y,,,,Y,,Y,Y,,,Y,Y,Y,130,Y,,Y,Y,1,9,N1,24,3,1,2,,11,14,3,,,,,,,,,4,,,,9,,,2,2,4,3,3,22,1,5,5,2,3,1,,484,,,,,,,,,,7,,,,,,,Y,Y,A2100025,24
2026-07-27 02:53:31,data_go_kr,경기도,A2116806,성남시의료원,16,20260727025000,031-738-7300,,,,,,,,,,,,,,,,,,6,2,18,4,,,,,3,,,,,,28,,,Y,,,,Y,,Y,Y,,,Y,Y,Y,96,Y,,N1,Y,,8,Y,17,6,2,4,,,25,,,,,,,,,,5,,,,8,,,28,,3,2,2,31,,,6,3,1,,2,241,,,,,,,,,,,,,,,,,Y,N1,A2116806,25
2026-07-27 02:53:31,data_go_kr,경기도,A2117135,의료법인명인의료재단화홍병원,12,20260727024850,031-8021-6829,Y,,,,,,,,,,,,,,,,,,2,,3,,,,,0,,,,,,,,,Y,,,,,,Y,N1,,,N1,Y,Y,44,N1,11,N1,Y,,6,Y,15,,2,3,,,,,,,,,,,,29,1,,,,6,,,,,2,2,,4,1,,,1,,,1,228,,,,,,,,,,,,,,,,,Y,Y,A2117135,26
2026-07-27 02:53:31,data_go_kr,경기도,A2100009,의료법인녹산의료재단동수원병원,14,20260727024555,031-210-0119,,Y,,,,,,,,,,,,,,,,,1,,2,0,,,,0,2,,,,,0,Y,,Y,,,,Y,,Y,Y,,,Y,Y,N1,50,N1,7,Y,Y,,5,N1,17,,1,2,2,,,,,,,,,,,18,3,4,,,5,,,1,1,2,2,1,15,,4,1,,,,,335,,,,,,,,,,,,,,,,,Y,N1,A2100009,27
2026-07-27 02:53:31,data_go_kr,경기도,A2100012,가톨릭대학교성빈센트병원,15,20260727025010,031-249-7370,Y,Y,,,1,1,,,,2,,,,,,,,2,2,8,2,3,,2,8,2,,6,,,9,3,Y,,Y,9,,,Y,,Y,Y,,2,Y,Y,Y,192,Y,,Y,Y,2,19,N1,28,6,2,2,4,20,11,18,,2,,15,,8,8,,5,,6,,19,,30,11,2,5,4,6,52,7,18,12,4,4,,,658,,,1,1,,,,,,,,,,,,,Y,Y,A2100012,28
2026-07-27 02:53:31,data_go_kr,경기도,A2100008,의료법인남촌의료재단시화병원,13,20260727024650,031-5189-0567,,,,,,,,,,,,,,,,,,5,1,,4,,,,,1,,,,,,1,Y,,Y,,,,Y,,Y,Y,,,Y,Y,Y,66,N1,18,N1,Y,,7,N1,16,5,1,5,,,,,,,,,,,,52,1,,,,7,,,1,1,3,3,2,29,,,4,2,,,,461,,,,,,,,,,,,,,,,,Y,N1,A2100008,29
2026-07-27 02:53:31,data_go_kr,경기도,A2100017,대아의료재단한도병원,16,20260727024837,031-8040-1129,,,,,,,,,,,,,,,,,,,1,,2,,,,,1,,,,,,,,,Y,,,,Y,,Y,Y,,,Y,Y,N1,81,N1,8,N1,Y,,6,N1,17,,1,2,,,,,,,,,,,,29,1,,,,6,,,,,3,2,2,15,,,3,,,,,327,,,,,,,,,,,,,,,,,Y,N1,A2100017,30
2026-07-27 02:53:31,data_go_kr,경기도,A2100015,효산의료재단안양샘병원,17,20260727024914,031-467-9119,,,,,,,,,,-1,,,,,,,,,1,0,1,,,,,1,,,,,,,,,Y,,,,Y,,Y,Y,,,Y,Y,Y,58,N1,,N1,Y,,6,N1,17,,1,2,,9,9,,,,,,,,,,1,,,,6,,,,,2,1,2,12,,,2,1,,,,307,,,,,,,,,,,,,,,,,Y,N1,A2100015,31
2026-07-27 02:53:31,data_go_kr,경기도,A2100024,오산한국병원,17,20260727024618,031-378-5119,,,,,,,,,,,,,,,,,,,1,,2,0,,,,1,2,,,,,2,,,Y,,,,Y,,Y,Y,,,Y,Y,N1,38,Y,-2,N1,Y,,5,N1,17,,1,2,2,,,,,,,,,,,32,1,3,,,5,,,2,,2,2,2,17,,,2,,1,,,259,,,,,,,,,,,,,,,,,Y,N1,A2100024,32
2026-07-27 02:53:31,data_go_kr,경기도,A2100020,연세대학교의과대학용인세브란스병원,13,20260727024658,031-5189-9001,Y,Y,,,,,,,,4,,,,,,,,6,1,5,2,,,,,1,,,,,,2,Y,,Y,,,,Y,,Y,Y,,,Y,Y,Y,132,Y,,Y,Y,0,15,N1,16,6,1,3,,19,16,12,,,,,,,,,2,,,,15,,,4,2,3,3,4,31,6,18,6,3,4,,,597,,,,,,,,,,,,,,,,,Y,Y,A2100020,33
2026-07-27 02:53:31,data_go_kr,경기도,A2100029,강남병원,12,20260727024909,031-300-0119,,,,,,,,,,,,,,,,,,,1,,2,2,,,,1,1,,,,,,,,Y,,,,,,Y,N1,,,Y,Y,N1,10,N1,14,N1,Y,,4,N1,17,,1,2,2,,,,,,,,,,,30,1,3,,,4,,,,,2,2,,7,,,2,,,,,264,,,,,,,,,,,,,,,,,Y,N1,A2100029,34
2026-07-27 02:53:31,data_go_kr,경기도,A2100019,(의)영문의료재단다보스병원,12,20260727024923,031-8021-2130,,,,,,,,,,,,,,,,,4,,1,,2,1,,,,1,1,,,,,,,,Y,,,,,,Y,N1,,,Y,Y,N1,31,N1,2,N1,Y,,6,N1,13,,1,2,2,,,,,,,,,,,23,1,3,,,6,,,,,1,1,,7,,,2,,,,,222,,,,,,,,,,,,,,4,,,Y,N1,A2100019,35
2026-07-27 02:53:31,data_go_kr,경기도,A2117994,학교법인을지학원의정부을지대학교병원,26,20260727024600,031-8074-0119,Y,Y,,,,,,,,1,,,,,,,8,6,1,0,2,,,,,2,,,,,3,2,Y,,Y,,0,0,Y,,Y,Y,,,Y,Y,Y,203,Y,,Y,Y,3,11,N1,30,6,1,2,,29,22,5,,,,,,,,,2,,,,14,,22,6,8,3,3,4,48,5,5,6,3,2,,,588,,,,,,,,,,,,,,8,0,0,Y,Y,A2117994,36
2026-07-27 02:53:31,data_go_kr,경기도,A2100193,경기도의료원이천병원,17,20260727025003,031-630-4333,,,,,,,,,,,,,,,,,,,1,,2,2,,,,2,0,,,,,6,,,Y,,,,,,Y,N1,,,N1,Y,N1,38,N1,0,N1,Y,,4,N1,17,,1,2,2,,,,,,,,,,,6,2,3,,,4,,,6,,1,1,,8,,,,,,,,187,,,,,,,,,,,,,,,,,Y,N1,A2100193,37
2026-07-27 02:53:31,data_go_kr,경기도,A2100035,경기도의료원파주병원,14,20260727024801,031-940-9119,,,,,,,,,,,,,,,,,,,1,,2,1,,,,,1,,,,,,Y,,Y,,,,,,Y,N1,,,N1,Y,N1,84,N1,5,N1,Y,,3,N1,17,,1,2,2,,,,,,,,,,,8,,3,,,3,,,,1,1,1,,9,,,,,,,,189,,,,,,,,,,,,,,,,,Y,N1,A2100035,38
2026-07-27 02:53:31,data_go_kr,경기도,A2100028,의료법인백송의료재단굿모닝병원,14,20260727024845,031-5182-7582,,,,,,,,,,,,,,,,,5,,2,,1,,,,,0,,,,,,,,,Y,,,,Y,,Y,Y,,,Y,Y,Y,91,N1,0,N1,Y,,7,Y,19,,2,1,,,,,,,,,,,,27,3,,,,7,,,,,5,3,3,23,,,5,3,,,1,392,,,,,,,,,,,,,,6,,,Y,N1,A2100028,39
2026-07-27 02:53:31,data_go_kr,경기도,A2113246,의료법인양진의료재단평택성모병원,17,20260727024917,070-5012-0119,,,,,,,,,,,,,,,,0,,,1,,2,2,,,,2,2,,,,,,,,Y,,,,Y,,Y,Y,,,Y,Y,N1,49,N1,14,N1,Y,,6,N1,17,,1,2,2,,,,,,,,,,,34,2,3,,,6,,,,,3,3,2,8,,,2,,,,,329,,,,,,,,,,,,,0,,,,Y,N1,A2113246,40
2026-07-27 02:53:31,data_go_kr,경기도,A2100031,경기도의료원포천병원,17,20260727025002,031-539-9119,,Y,,,,,,,,,,,,,,,,,1,,2,,,,,0,,,,,,0,Y,,Y,,,,,,Y,N1,,,N1,Y,N1,50,N1,2,Y,Y,,4,N1,17,,1,2,,,,,,,,,,,,10,0,,,,4,,,3,3,1,1,,7,,2,,,,,,137,,,,,,,,,,,,,,,,,Y,N1,A2100031,41
2026-07-27 02:53:31,data_go_kr,경기도,A2100046,한림대학교동탄성심병원,21,20260727024930,031-8086-2119,Y,Y,3,0,,,,,,11,,,,,,,,9,,2,,,,,1,6,,,,,,7,Y,Y,Y,,,,Y,,Y,Y,5,,Y,Y,Y,164,Y,,Y,Y,12,20,Y,32,9,,,,28,13,13,,,13,,,9,,,11,,,,20,,,11,1,6,3,6,51,8,16,17,5,5,1,1,515,3,0,,,,,,,,,,,,,,,Y,Y,A2100046,42
2026-07-27 02:53:31,data_go_kr,경기도,A2100290,의료법인자인의료재단(더자인병원),16,20260727025033,031-930-3119,,,,,,,,,,,,,,,,,,,2,,2,2,,,,1,1,,,,,,,,Y,,,,Y,,Y,Y,,,Y,Y,N1,81,N1,4,N1,N,,5,N1,16,,2,2,2,,,,,,,,,,,10,2,3,,,5,,,,,2,2,1,15,,,1,,,,,233,,,,,,,,,,,,,,,,,Y,N1,A2100290,43
2026-07-27 02:53:31,data_go_kr,경기도,A2100049,국립암센터,13,20260727024801,031-920-0119,,N,,,,,,,,,,,,,,,,,,,1,,,,,8,,,,,,,,,Y,,,,Y,,Y,Y,,,Y,Y,Y,108,Y,12,N,Y,,18,N1,24,,,1,,,,,,,,,,,,19,9,,,,18,,,,,7,5,3,29,,1,8,2,7,,,554,,,,,,,,,,,,,,,,,Y,N1,A2100049,44
2026-07-27 02:53:31,data_go_kr,경기도,A2116972,의료법인성광의료재단일산차병원,6,20260727024706,031-782-8587,Y,Y,,,,,,,,,,,,,,,,,,,4,,,,,1,,,,,,1,Y,,,,,,,,Y,N1,,,N1,N1,N1,63,N1,4,Y,N1,0,10,N1,6,,,4,,,,17,,,,,,,,4,1,,,,10,,,1,9,,,,4,11,19,,,,,,179,,,,,,,,,,,,,,,,,Y,Y,A2116972,45
2026-07-27 02:53:31,data_go_kr,경기도,A2118188,엘병원,7,20260727025022,031-527-6119,,,,,,,,,,,,,,,,,,,,,2,,,,,0,,,,,,0,,,Y,,,,,,Y,N1,,,N1,Y,N1,56,N1,6,N1,Y,,3,N1,8,,,2,,,,,,,,,,,,8,1,,,,3,,,1,,1,1,,2,,,,,,,,146,,,,,,,,,,,,,,,,,Y,N1,A2118188,46
2026-07-27 02:53:31,data_go_kr,경기도,A2100050,의료법인대인의료재단다니엘종합병원,3,20260727025003,032-670-0119,,,,,,,,,,,,,,,,,,,1,,3,,,,,1,,,,,,,,,Y,,,,,,Y,N1,,,N,Y,N1,32,N1,9,N1,Y,,3,N1,6,,1,3,,,,,,,,,,,,30,1,,,,3,,,,,1,1,,17,,,1,,,,,169,,,,,,,,,,,,,,,,,Y,N1,A2100050,47
2026-07-27 02:53:31,data_go_kr,경기도,A2100258,국군수도병원,14,20260727025013,031-725-6119,,,,,,,,,,,,,,2,6,,,,0,,,,,,,1,,,15,,2,,,,Y,,,,Y,15,Y,Y,,,Y,Y,Y,145,N1,7,N1,Y,,9,N1,16,,2,,,,,,,,,,20,,,12,1,,,40,9,,15,,,3,4,2,2,,,5,2,,,,530,,,,,,,,,,,2,6,,,,,Y,N1,A2100258,48
2026-07-27 02:53:31,data_go_kr,경기도,A2100016,순천의료재단성남정병원,8,20260727025007,031-750-6003,,,,,,,,,,,,0,,,26,,,,2,,,,,,,,,,,,,,,,Y,,,,,,Y,N1,,,N1,Y,N1,76,N1,,N1,Y,,4,N1,9,,2,,,,,,,,,,,,,,,,,,4,,,,,1,1,,1,,,,,,,,98,,,,,,,,,0,,,105,,,,,Y,N1,A2100016,49
2026-07-27 02:53:31,data_go_kr,경기도,A2121061,의료법인덕산의료재단수원덕산병원,20,20260727025003,031-686-2911,N,Y,,,,,,,,,,,,,,,,3,1,,2,2,,,,0,2,,,,,0,Y,,Y,,,,Y,,Y,Y,,,Y,Y,Y,92,N1,3,Y,Y,,9,N1,24,3,1,2,2,,,,,,,,,,,22,3,4,,,9,,,5,5,3,2,2,15,N,2,5,2,,,,403,,,,,,,,,,,,,,,,,Y,N,A2121061,50
2026-07-27 02:53:31,data_go_kr,경기도,A2100032,경기도의료원수원병원,8,20260727025001,031-888-0119,,,,,,,,,,,,,,,,,3,,,,2,,,,,,,,,,,2,,,Y,,,,,,Y,N1,,,N1,Y,N1,41,N1,7,N1,Y,,3,N1,8,,,2,,,,,,,,,,,,9,,,,,3,,,2,,1,1,,9,,,,,,,,156,,,,,,,,,,,,,,3,,,Y,N1,A2100032,51
2026-07-27 02:53:31,data_go_kr,경기도,A2100175,의료법인토마스의료재단윌스기념병원,16,20260727024817,031-240-6119,,,,,,,,,,,,,,,,,,,1,,2,2,,,,0,3,,,,,,Y,,Y,,,,Y,,Y,Y,,,Y,Y,N1,69,N1,7,N1,Y,,10,N1,18,,1,2,2,,,,,,,,,,,18,1,3,,,10,,,,1,1,4,1,1,,,1,,,,,282,,,,,,,,,,,,,,,,,Y,N1,A2100175,52
2026-07-27 02:53:31,data_go_kr,경기도,A2100027,의료법인석경의료재단센트럴병원,16,20260727024943,031-8041-3019,,,,,,,,,,,,,,,,,,,1,,2,,,,,,,,,,,,,,Y,,,,,,Y,N1,,,Y,Y,N1,97,N1,2,N1,Y,,3,N1,18,,1,2,,,,,,,,,,,,20,,,,,3,,,,,2,2,,7,,,2,,,,,255,,,,,,,,,,,,,,,,,Y,N1,A2100027,53
2026-07-27 02:53:31,data_go_kr,경기도,A2100013,의료법인 록향의료재단 신천연합병원,9,20260727025002,031-310-6661,,,,,,,,,,,,,,,,,,,,,1,,,,,0,,,,,,,,,Y,,,,,,Y,N1,,,Y,Y,N1,17,N1,0,N1,Y,,3,N1,10,,,1,,,,,,,,,,,,6,1,,,,3,,,,,1,1,,4,,,1,,,,,112,,,,,,,,,,,,,,,,,Y,N1,A2100013,54
2026-07-27 02:53:31,data_go_kr,경기도,A2100021,의료법인플러스의료재단단원병원,14,20260727025021,031-8040-5911,,,,,,,,,,,,,1,,,,,,1,,2,,,,,1,,,,,,,,,Y,,,,Y,,Y,Y,,,Y,Y,Y,69,N1,5,N1,Y,,5,N1,17,,1,2,,,,,,,,,,,,27,1,,,,5,,,,,1,1,2,8,,,2,1,,,,342,,,,,,,,,,1,,,,,,,Y,N1,A2100021,55
2026-07-27 02:53:31,data_go_kr,경기도,A2100014,근로복지공단안산병원,6,20260727024800,031-500-1119,,,,,,,,,,,,,,,,,,,,,1,,,,,1,,,,,,0,,,Y,,,,,,Y,N1,,,N1,Y,N1,87,N1,11,N1,Y,,3,N1,7,,,1,,,,,,,,,,,,18,1,,,,3,,,2,,1,1,,14,,,,,,,,359,,,,,,,,,,,,,,,,,Y,N1,A2100014,56
2026-07-27 02:53:31,data_go_kr,경기도,A2100124,의료법인칠석의료재단사랑의병원,10,20260727024444,031-502-0119,,,,,,,,,,,,,,,,,,,1,,,,,,,,,,,,,,,,Y,,,,,,Y,N1,,,Y,Y,N1,34,N1,5,N1,Y,,5,N1,13,,1,,,,,,,,,,,,,14,,,,,5,,,,,2,2,,8,,,1,,,,,206,,,,,,,,,,,,,,,,,Y,N1,A2100124,57
2026-07-27 02:53:31,data_go_kr,경기도,A2100045,경기도의료원안성병원,13,20260727025001,031-8046-5119,,,,,,,,,,,,,,,,,,,1,,,,,,,1,,,,,,8,,,Y,,,,,,Y,N1,,,N1,Y,N1,57,N1,3,N1,Y,,5,N1,14,,1,,,,,,,,,,,,,13,2,,,,5,,,8,,1,1,,8,,,,,,,,178,,,,,,,,,,,,,,,,,Y,N1,A2100045,58
2026-07-27 02:53:31,data_go_kr,경기도,A2100305,안성성모병원,8,20260727025005,031-675-8275,,,,,,,,,,,,,,,,,,,,,1,,,,,,,,,,,,,,Y,,,,,,Y,N1,,,N1,Y,N1,86,N1,2,N1,Y,,3,N1,9,,,1,,,,,,,,,,,,20,,,,,3,,,,,1,1,,7,,,,,,,,188,,,,,,,,,,,,,,,,,Y,N1,A2100305,59
2026-07-27 02:53:31,data_go_kr,경기도,A2100089,양평병원,7,20260727025001,031-770-5119,N,N,,,,,,,,,,,,,,,,,,,1,,,,,,,,,,,,N,N,Y,,,,N,,Y,N,,,N,Y,N,22,N,,N,Y,,3,N,9,,,1,,,,,,,,,,,,,,,,,3,,,,0,1,1,0,1,0,0,0,0,0,0,0,90,,,,,,,,,,,,,,,,,Y,N,A2100089,60
2026-07-27 02:53:31,data_go_kr,경기도,A2100194,세종여주병원,2,20260727025000,031-880-7754,,,,3,,,,,,,,,,,,,3,,,,4,,,,,,,,,,,,,,Y,,,,,,Y,N1,,,Y,Y,N1,117,N1,,N1,Y,,2,N1,6,,,4,,,,,,,,,,,,,,,,,2,,,,,1,1,,4,,,2,,,,,210,,3,,,,,,,,,,,,3,,,Y,N1,A2100194,61
2026-07-27 02:53:31,data_go_kr,경기도,E2100187,연천군보건의료원,10,20260727025013,031-839-4119,,,,,,,,,,,,,,,,,,,,,,,,,,,,,,,,,,,Y,,,,,,Y,N1,,,N1,Y,N1,51,N1,,N1,N1,,2,N1,10,,,,,,,,,,,,,,,,,,,,2,,,,,1,,,1,,,,,,,,52,,,,,,,,,,,,,,,,,Y,N1,E2100187,62
2026-07-27 02:53:31,data_go_kr,경기도,A2100122,(의)효심의료재단용인서울병원,9,20260727024930,031-336-0119,,,,,,,,,,,,,,,,,,,,,,,,,,,,,,,,,,,Y,,,,,,Y,N1,,,N1,Y,N1,150,N1,,N1,Y,,3,N1,10,,,,,,,,,,,,,,,,,,,,3,,,,,1,1,,1,,,,,,,,201,,,,,,,,,,,,,,,,,Y,N1,A2100122,63
2026-07-27 02:53:31,data_go_kr,경기도,A2121142,메디필드한강병원,14,20260727024611,031-332-1119,,,,,,,,,,,,,,,,,,,1,,2,,,,,1,,,,,,1,,,Y,,,,Y,,Y,Y,,,Y,Y,N1,154,N1,8,N1,Y,,6,N1,17,,1,2,,,,,,,,,,,,15,1,,,,6,,,1,,3,2,1,13,,,2,,,,,192,,,,,,,,,,,,,,,,,Y,N1,A2121142,64
2026-07-27 02:53:31,data_go_kr,경기도,A2100034,의료법인영동의료재단의정부백병원,10,20260727024954,031-842-1211,,,,,,,,,,,,,,,,,,,,,2,,,,,,,,,,,,,,Y,,,,,,Y,N1,,,N1,Y,N1,100,N1,0,N1,Y,,3,N1,10,,,2,,,,,,,,,,,,9,,,,,3,,,,,1,1,,1,,,,,,,,192,,,,,,,,,,,,,,,,,Y,N1,A2100034,65
2026-07-27 02:53:31,data_go_kr,경기도,A2100150,추병원,11,20260727024603,031-845-8313,,,,,,,,,,,,,,,,,,,1,,1,,,,,,,,,,,,,,Y,,,,Y,,Y,Y,,,N1,Y,N1,52,N1,2,N1,N,,3,N1,12,,1,1,,,,,,,,,,,,15,,,,,3,,,,,2,1,1,1,,,,,,,,210,,,,,,,,,,,,,,,,,Y,N1,A2100150,66
2026-07-27 02:53:31,data_go_kr,경기도,A2100043,경기도의료원의정부병원,10,20260727025002,031-828-5119,,,,,,,,,,,,,,,,0,,,1,,,,,,,,,,,,31,3,,,Y,,,,,,Y,N1,,,N1,Y,N1,34,N1,3,N1,Y,,3,N1,10,,1,,,,,,,,,,,,,6,,,,,3,,70,5,,1,1,,8,,,,,,,,86,,,,,,,,,,,,,0,,,,Y,N1,A2100043,67
2026-07-27 02:53:31,data_go_kr,경기도,A2100131,메디인병원,10,20260727025037,031-570-7912,,,,,,,,,,,,,,,,,,,,,2,,,,,,,,,,,,,,Y,,,,Y,,Y,Y,,,N1,Y,N1,63,N1,,N1,Y,,4,N1,12,,,2,,,,,,,,,,,,,,,,,4,,,,,1,1,1,2,,,,,,,,206,,,,,,,,,,,,,,,,,Y,N1,A2100131,68
2026-07-27 02:53:31,data_go_kr,경기도,A2100309,의료법인갈렌의료재단박병원,10,20260727025003,031-662-4119,,,,,,,,,,,,,,,,,,,,,1,,,,,,,,,,,,,,Y,,,,,,Y,N1,,,N1,Y,N1,31,N1,2,N1,Y,,2,N1,10,,,1,,,,,,,,,,,,10,,,,,2,,,,,1,2,,3,,,,,,,,143,,,,,,,,,,,,,,,,,Y,N1,A2100309,69
2026-07-27 02:53:31,data_go_kr,경기도,A2100022,의료법인박애의료재단박애병원,8,20260727024751,031-650-9219,,,,,,,,,,,,,,,,,,,,,1,,,,,,,,,,,,,,Y,,,,,,Y,N1,,,Y,Y,N1,110,N1,5,N1,Y,,5,N1,10,,,1,,,,,,,,,,,,10,,,,,5,,,,,2,1,,20,,,2,,,,,193,,,,,,,,,,,,,,,,,Y,N1,A2100022,70
2026-07-27 02:53:31,data_go_kr,경기도,A2100036,의료법인 일심의료재단 포천우리병원,18,20260727024823,031-541-8282,,,,,,,,,,,,,,,,,,,1,,3,,,,,2,,,,,,2,,,Y,,,,Y,,Y,Y,,,Y,Y,N1,62,N1,5,N1,Y,,5,N1,18,,1,3,,,,,,,,,,,,18,2,,,,5,,,2,,2,2,1,14,,,3,,,,,201,,,,,,,,,,,,,,,,,Y,N1,A2100036,71
2026-07-27 02:53:31,data_go_kr,경기도,A2100018,의료법인은혜와감사의료재단화성중앙종합병원,8,20260727024617,031-371-7998,,,,,,,,,,,,,,,,,,,,,1,,,,,,,,,,,,,,Y,,,,,,Y,N1,,,N1,Y,N1,77,N1,4,N1,Y,,3,N1,9,,,1,,,,,,,,,,,,8,,,,,3,,,,,1,1,,3,,,,,,,,131,,,,,,,,,,,,,,,,,Y,N1,A2100018,72
2026-07-27 02:53:31,data_go_kr,경기도,A2115699,의료법인원광의료재단원광종합병원,8,20260727024513,031-8077-7219,,,,,,,,,,,,,,,,,,,1,,,,,,,,,,,,,,,,Y,,,,,,Y,N1,,,N1,Y,N1,22,N1,-2,N1,Y,,4,N1,9,,1,,,,,,,,,,,,,9,,,,,4,,,,,1,2,,4,,,,,,,,135,,,,,,,,,,,,,,,,,Y,N1,A2115699,73
2026-07-27 02:53:31,data_go_kr,강원특별자치도,A2200008,강릉아산병원,16,20260727024915,033-610-3333,Y,Y,,,,,0,2,,0,,,,,,,,3,2,2,3,0,,,,,6,,,,,,Y,,Y,,,,Y,,Y,Y,,,Y,Y,Y,82,Y,,Y,Y,6,15,Y,23,3,2,3,18,14,16,13,,,,,,,,,,38,,,15,,,,2,4,3,4,33,8,12,8,5,1,,2,604,,,,,1,6,,,,,,,,,,,Y,Y,A2200008,1
2026-07-27 02:53:31,data_go_kr,강원특별자치도,A2200001,연세대학교원주세브란스기독병원,20,20260727024502,033-741-1641,Y,Y,3,20,,,0,,,2,,,,,,,,3,2,7,3,1,,,,,13,,9,2,5,,Y,,Y,3,2,6,Y,4,Y,Y,,,Y,Y,Y,135,Y,,Y,Y,7,15,Y,29,3,2,3,20,15,12,19,,,,15,20,,,,,30,,40,15,2,24,,2,5,4,7,100,12,25,16,7,13,,4,584,4,36,,,2,,,,,,,,,,2,6,Y,Y,A2200001,2
2026-07-27 02:53:31,data_go_kr,강원특별자치도,A2200013,한림대학교춘천성심병원,18,20260727024719,033-240-5219,Y,Y,2,3,,,,0,,,,,,,,,,3,,,,2,,,,0,24,,,,,1,Y,Y,Y,,,,Y,,Y,Y,2,,Y,Y,Y,86,Y,6,Y,Y,,9,Y,22,3,,,20,,,,,,8,,,,,20,2,45,,,9,,,2,1,2,2,3,33,1,4,6,2,1,1,1,252,2,3,,,,2,,,,,,,,,,,Y,Y,A2200013,3
2026-07-27 02:53:31,data_go_kr,강원특별자치도,A2200005,의료법인강릉동인병원,17,20260727025019,,,,,,,,,,,1,,,,,,,,,1,,2,,,,,2,,,,,9,,,,Y,,,,Y,,Y,Y,,,Y,Y,N1,69,N1,1,N1,Y,,5,N1,17,,1,2,,12,,,,,,,,,,12,2,,,,5,,101,,,2,1,1,14,,,1,,,,,248,,,,,,,,,,,,,,,,,Y,N1,A2200005,4
2026-07-27 02:53:31,data_go_kr,강원특별자치도,A2200007,강원특별자치도삼척의료원,15,20260727024501,033-571-0431,,Y,,,,,,,,,,,,,,,,1,2,,1,0,,,,0,3,,,,,6,Y,,Y,,,,,,Y,N1,,,Y,Y,N1,57,N1,0,Y,Y,,4,N1,16,1,2,1,2,,,,,,,,,,,6,2,3,,,4,,,10,1,1,1,,3,,3,1,,,,,189,,,,,,,,,,,,,,,,,Y,N1,A2200007,5
2026-07-27 02:53:31,data_go_kr,강원특별자치도,A2200012,강원특별자치도속초의료원,17,20260727025002,,Y,Y,,,,,,,,,,,,,,,,,2,,1,,,,,,,,,,,,Y,,Y,,,,,,Y,N1,,,N1,Y,N1,64,N1,0,Y,Y,,3,N1,17,,2,1,,,,,,,,,,,,8,,,,,3,,,,2,1,1,,7,1,1,,,,,,154,,,,,,,,,,,,,,,,,Y,Y,A2200012,6
2026-07-27 02:53:31,data_go_kr,강원특별자치도,A2200009,강원대학교병원,17,20260727025000,033-258-2293,Y,Y,,,,,0,,,3,,,,,,,,3,2,,3,1,4,,4,1,,,,,3,10,Y,,Y,2,,,Y,,Y,Y,,,Y,Y,Y,269,Y,,Y,Y,1,11,N1,21,3,2,3,5,10,,15,8,,,8,,8,,,2,,,,11,,16,14,3,4,2,4,43,13,24,12,3,10,,,508,,,,,0,,,,,,,,,,,,Y,Y,A2200009,7
2026-07-27 02:53:31,data_go_kr,강원특별자치도,A2200011,강원특별자치도강릉의료원,-1,20260727025001,033-610-1234,,,,,,,,,,,,,,,,20,,,,,1,,,,,,,,,,,5,,,Y,,,,,,Y,N1,,,N1,Y,N1,16,N1,0,N1,Y,,2,N1,5,,,1,,,,,,,,,,,,8,,,,,2,,,5,,1,1,,4,,,,,,,,122,,,,,,,,,,,,,20,,,,Y,N1,A2200011,8
2026-07-27 02:53:31,data_go_kr,강원특별자치도,A2200003,의료법인동해동인병원,9,20260727024928,033-530-0129,,,,,,,,,,,,,,,,,,,,,1,,,,,1,,,,,57,,,,Y,,,,,,Y,N1,,,N1,Y,N1,33,N1,9,N1,Y,,2,N1,10,,,1,,,,,,,,,,,,19,1,,,,2,,110,,,1,1,,7,,,,,,,,178,,,,,,,,,,,,,,,,,Y,N1,A2200003,9
2026-07-27 02:53:31,data_go_kr,강원특별자치도,A2200046,의료법인온세움의료재단온재병원,7,20260727024953,033-639-8988,,,,,,,,,,,,,,,,,,,,,1,,,,,,,,,,29,,,,Y,,,,,,Y,N1,,,N1,Y,N1,21,N1,0,N1,Y,,4,N1,9,,,1,,,,,,,,,,,,15,,,,,4,,59,,,1,1,,5,,,,,,,,219,,,,,,,,,,,,,,,,,Y,N1,A2200046,10
2026-07-27 02:53:31,data_go_kr,강원특별자치도,A2200037,의료법인성심의료재단양구성심병원,4,20260727024959,033-480-8816,,Y,,,,,,,,,,,,,,,,,1,,,,,,,,,,,,,,Y,,Y,,,,,,Y,N1,,,N1,Y,N1,40,N1,,Y,N1,,,N1,5,,1,,,,,,,,,,,,,,,,,,,,,,1,1,,,1,,1,,,,,,52,,,,,,,,,,,,,,,,,Y,N1,A2200037,11
2026-07-27 02:53:31,data_go_kr,강원특별자치도,A2200002,강원특별자치도영월의료원,9,20260727025001,033-370-9129,,Y,,,,,,,,,,,,,,,1,,,,,,,,,0,,,,,,2,Y,,Y,,,,,,Y,N1,,,N1,Y,N1,42,N1,0,Y,Y,,2,N1,9,,,,,,,,,,,,,,,10,2,,,,2,,,2,1,1,1,,7,,3,,,,,,174,,,,,,,,,,,,,,1,,,Y,N1,A2200002,12
2026-07-27 02:53:31,data_go_kr,강원특별자치도,A2200015,강원특별자치도원주의료원,12,20260727025002,033-760-4701,,,,,,,,,,,,,,,,,,,1,,2,,,,,,,,,,,,,,Y,,,,,,Y,N1,,,N1,Y,N1,53,N1,0,N1,Y,,3,N1,17,,1,2,,,,,,,,,,,,20,,,,,3,,,,,1,1,,7,,,,,,,,259,,,,,,,,,,,,,,,,,Y,N1,A2200015,13
2026-07-27 02:53:31,data_go_kr,강원특별자치도,A2200024,의료법인성지의료재단성지병원,2,20260727024457,033-760-3119,,,,,,,,,,,,,,,,13,,,,,1,,,,,,,,,,,,,,Y,,,,,,Y,N1,,,N1,Y,N1,-80,N1,9,N1,Y,,4,N1,7,,,1,,,,,,,,,,,,9,,,,,4,,,,,1,2,,4,,,,,,,,135,,,,,,,,,,,,,13,,,,Y,N1,A2200024,14
2026-07-27 02:53:31,data_go_kr,강원특별자치도,A2200048,근로복지공단정선병원,5,20260727024800,033-560-7150,,,,,,,,,,,,,,,,,,,,,1,,,,,,,,,,,,,,Y,,,,,,Y,N1,,,N1,Y,N1,46,N1,,N1,N1,,,N1,5,,,1,,,,,,,,,,,,,,,,,,,,,,1,,,3,,,,,,,,149,,,,,,,,,,,,,,,,,Y,N1,A2200048,15
2026-07-27 02:53:31,data_go_kr,강원특별자치도,A2201730,철원병원,5,20260727025002,033-452-5012,N,Y,,,,,,,,,,,,,,,,,1,,,,,,,,,,,,,,Y,N,Y,,,,N,,Y,N,,,N,Y,N,33,N,,Y,Y,,2,N,5,,1,,,,,,,,,,,,,,,,,,2,,,,1,1,1,0,1,0,1,0,0,0,0,0,68,,,,,,,,,,,,,,,,,Y,N,A2201730,16
2026-07-27 02:53:31,data_go_kr,강원특별자치도,A2200004,근로복지공단태백병원,9,20260727024900,033-580-3119,,,,,,,,,,,,,,,,,,,1,,,,,,,1,,,,,,,Y,,Y,,,,,,Y,N1,,,N1,Y,N1,65,N1,3,N1,Y,,2,N1,9,,1,,,,,,,,,,,,,9,1,,,,2,,,,1,1,1,,8,,,,,,,,223,,,,,,,,,,,,,,,,,Y,N1,A2200004,17
2026-07-27 02:53:31,data_go_kr,강원특별자치도,E2200026,평창군보건의료원,6,20260727025001,033-330-4812,,,,,,,,,,,,,,,,,,,,,1,,,,,,,,,,,,,,Y,,,,,,Y,N1,,,N1,Y,N1,20,N1,,N1,N1,,,N1,6,,,1,,,,,,,,,,,,,,,,,,,,,,1,,,1,,,,,,,,20,,,,,,,,,,,,,,,,,Y,N1,E2200026,18
2026-07-27 02:53:31,data_go_kr,강원특별자치도,A2200014,홍천아산병원,9,20260727025001,033-430-5119,,,,,,,,,,,,,,,,,,,,,,,,,,,,,,,,,,,Y,,,,,,Y,N1,,,N1,Y,N1,2,N1,0,N1,Y,,2,N1,10,,,,,,,,,,,,,,,7,,,,,2,,,,,1,1,,4,,,,,,,,128,,,,,,,,,,,,,,,,,Y,N1,A2200014,19
2026-07-27 02:53:31,data_go_kr,강원특별자치도,E2200025,화천군보건의료원,7,20260727025001,033-440-2880,,,,,,,,,,,,,,,,,,,,,1,,,,,,,,,,,,,,,,,,,,Y,N1,,,N1,N1,N1,16,N1,,N1,N1,,,N1,7,,,1,,,,,,,,,,,,,,,,,,,,,,,,,1,,,,,,,,16,,,,,,,,,,,,,,,,,Y,N1,E2200025,20
2026-07-27 02:53:31,data_go_kr,강원특별자치도,A2200016,횡성대성병원,8,20260727025020,033-345-1191,,,,,,,,,,,,,,,,,,,,,1,,,,,,,,,,,,,,Y,,,,,,Y,N1,,,N1,Y,N1,25,N1,,N1,Y,,1,N1,9,,,1,,,,,,,,,,,,,,,,,1,,,,,1,1,,1,,,,,,,,114,,,,,,,,,,,,,,,,,Y,N1,A2200016,21
2026-07-27 02:53:31,data_go_kr,충청북도,A2300001,충북대학교병원,28,20260727025000,043-269-6114,Y,Y,2,3,,,,0,,0,,,,,,,,4,,,,2,,,,1,32,,10,2,4,12,Y,,Y,,2,4,Y,15,Y,Y,2,,Y,Y,Y,231,Y,7,Y,Y,14,16,N1,30,8,,,18,8,,25,,,4,,20,,,17,5,40,,40,16,2,21,13,2,4,4,6,98,13,31,18,10,17,,,547,2,3,,,,2,,,,,,,,,2,6,Y,Y,A2300001,1
2026-07-27 02:53:31,data_go_kr,충청북도,A2300009,의료법인명지의료재단명지병원,14,20260727024945,043-640-8117,,,,,,,,,,,,,,,,,,2,2,,4,2,,,,3,,,,,,,,,Y,,,,Y,,Y,Y,,,Y,Y,Y,69,N1,4,N1,Y,,3,N1,18,3,2,4,2,,,,,,,,,,,15,3,,,,3,,,,,2,1,1,10,,,2,1,,,,201,,,,,,,,,,,,,,,,,Y,N1,A2300009,2
2026-07-27 02:53:31,data_go_kr,충청북도,A2300005,의료법인자산의료재단제천서울병원,13,20260727024603,043-643-2327,,,,,,,,,,,,,,,,,,,1,,4,,,,,,2,,,,,,,,Y,,,,,,Y,N1,,,Y,Y,N1,22,N1,0,N1,Y,,3,Y,15,,1,4,,,,,,,,,,,,11,,5,,,3,,,,,1,1,,10,,,1,,,,1,202,,,,,,,,,,,,,,,,,Y,N1,A2300005,3
2026-07-27 02:53:31,data_go_kr,충청북도,A2300013,의료법인 건명의료재단 중앙제일병원,17,20260727024627,043-537-9119,,,,,,,,,,,,,,,,,,,3,,,,,,,2,,,,,,31,,,Y,,,,,,Y,N1,,,Y,Y,N1,51,N1,4,N1,Y,,5,N1,17,,3,,,,,,,,,,,,,12,6,,,,5,,,31,,2,2,,6,,,1,,,,,192,,,,,,,,,,,,,,,,,Y,N1,A2300013,4
2026-07-27 02:53:31,data_go_kr,충청북도,A2300007,의료법인인화재단한국병원,10,20260727024741,043-222-6177,,Y,,,,,,,,,,,,,,,3,,1,,2,,,,,1,,,,,,1,Y,,Y,,,,Y,,Y,Y,,,Y,Y,N1,58,N1,0,Y,Y,,8,N1,14,,1,2,,,,,,,,,,,,24,1,,,,8,,,1,1,3,3,2,18,,1,3,,,,,403,,,,,,,,,,,,,,3,,,Y,N1,A2300007,5
2026-07-27 02:53:31,data_go_kr,충청북도,A2300003,의료법인정산의료재단효성병원,18,20260727024513,043-221-2192,,N,,,,,,,,,,,,,,,,,1,,4,0,,,,0,1,,,,,,Y,,Y,,,,Y,,Y,Y,,,Y,Y,N1,65,N1,0,N,Y,,4,Y,18,,1,4,2,,,,,,,,,,,27,2,3,,,4,,,,1,3,4,2,19,,1,2,,,,1,363,,,,,,,,,,,,,,,,,Y,N1,A2300003,6
2026-07-27 02:53:31,data_go_kr,충청북도,A2300008,청주성모병원,11,20260727025008,043-219-8119,,Y,,,,,,,,3,,,,,,,,,2,6,5,2,,,,1,4,,,,,7,Y,,Y,,,,Y,,Y,Y,,,Y,Y,N1,110,N1,,Y,Y,,8,N1,15,,2,5,2,13,12,,,,,,,,,,1,4,,,8,,,30,1,3,2,2,19,,2,2,,,,,358,,,,,,,,,,,,,,,,,Y,N1,A2300008,7
2026-07-27 02:53:31,data_go_kr,충청북도,A2300002,의료법인한마음의료재단하나병원,9,20260727024810,043-230-6594,,,,,,,,,,,,,,,,,9,,1,,2,,,,,1,,,,,,,,,Y,,,,Y,,Y,Y,,,Y,Y,N1,126,N1,2,N1,Y,,7,Y,11,,1,2,,,,,,,,,,,,24,2,,,,7,,,,,3,3,2,20,,,4,,,,1,463,,,,,,,,,,,,,,9,,,Y,N1,A2300002,8
2026-07-27 02:53:31,data_go_kr,충청북도,A2300010,건국대학교충주병원,17,20260727025001,043-840-8330,Y,Y,,,,,,,,,,,,,,,,,1,,2,,,,,,,,,,,0,Y,,Y,,,,Y,,Y,Y,,,Y,Y,Y,78,N1,5,Y,Y,,5,N1,20,,1,2,,,,,,,,,,,,18,,,,,5,,,1,1,2,1,2,11,1,4,3,1,,,,194,,,,,,,,,,,,,,,,,Y,Y,A2300010,9
2026-07-27 02:53:31,data_go_kr,충청북도,A2300034,의료법인대광의료재단괴산성모병원,8,20260727024739,043-830-5419,,,,,,,,,,,,,,,,,,,,,0,,,,,,,,,,,,,,Y,,,,,,Y,N1,,,N1,Y,N1,4,N1,,N1,Y,,1,N1,9,,,1,,,,,,,,,,,,,,,,,1,,,,,1,1,,3,,,,,,,,153,,,,,,,,,,,,,,,,,Y,N1,A2300034,10
2026-07-27 02:53:31,data_go_kr,충청북도,E2300011,단양군보건의료원,6,20260727025001,043-420-0139,,,,,,,,,,,,,,,,,,,1,,,,,,,,,,,,,2,,,Y,,,,,,Y,N1,,,N1,Y,N1,13,N1,,N1,N1,,,N1,6,,1,,,,,,,,,,,,,,,,,,,,,2,,1,,,1,,,,,,,,14,,,,,,,,,,,,,,,,,Y,N1,E2300011,11
2026-07-27 02:53:31,data_go_kr,충청북도,A2300030,의료법인조윤의료재단영동병원,10,20260727024508,043-740-9333,,Y,,,,,,,,,,,,,,,,,,,,,,,,,,,,,,,Y,,Y,,,,,,Y,N1,,,N1,Y,N1,28,N1,,Y,Y,,2,N1,10,,,,,,,,,,,,,,,,,,,,2,,,,1,1,1,,3,,1,,,,,,161,,,,,,,,,,,,,,,,,Y,N1,A2300030,12
2026-07-27 02:53:31,data_go_kr,충청북도,A2300011,의료법인힐링의료재단옥천성모병원,7,20260727024828,043-730-7119,,,,,,,,,,,,,,,,,,,2,,1,,,,,,,,,,,,,,Y,,,,,,Y,N1,,,N1,Y,N1,15,N1,0,N1,Y,,2,N1,7,,2,1,,,,,,,,,,,,7,,,,,2,,,,,1,1,,4,,,,,,,,157,,,,,,,,,,,,,,,,,Y,N1,A2300011,13
2026-07-27 02:53:31,data_go_kr,충청북도,A2300006,충청북도청주의료원,11,20260727025002,043-279-0119,,Y,,,,,,,,,,,,,,,3,,1,,,,,,,2,,,,,90,6,Y,,Y,,,,Y,,Y,Y,,,Y,Y,N1,151,N1,18,Y,Y,,5,N1,12,,1,,,,,,,,,,,,,21,3,,,,5,,90,6,1,1,2,1,11,,1,1,,,,,359,,,,,,,,,,,,,,3,,,Y,N1,A2300006,14
2026-07-27 02:53:31,data_go_kr,충청북도,A2300004,충청북도충주의료원,15,20260727025002,043-871-0119,,,,,,,,,,,,,,,,,,,1,,2,,,,,,,,,,,,,,Y,,,,Y,,Y,Y,,,Y,Y,N1,131,N1,3,N1,Y,,4,N1,18,,1,2,,,,,,,,,,,,12,,,,,4,,,,,1,1,1,8,,,1,,,,,282,,,,,,,,,,,,,,,,,Y,N1,A2300004,15
2026-07-27 02:53:31,data_go_kr,충청남도,A2400002,단국대학교의과대학부속병원,13,20260727025000,041-550-6840,Y,Y,2,2,,,,0,,,,,,3,,,,4,,0,0,0,,,,0,14,,2,2,10,0,Y,,Y,0,2,6,Y,1,Y,Y,,,Y,Y,Y,155,Y,,Y,Y,-2,13,Y,25,4,,1,18,,13,25,,,,13,20,,,,1,30,,40,13,2,20,8,3,4,3,6,6,14,29,15,7,17,,1,640,2,2,,,,2,,,,,7,,,,2,6,Y,Y,A2400002,1
2026-07-27 02:53:31,data_go_kr,충청남도,A2400001,학교법인동은학원순천향대학교부속천안병원,14,20260727024622,041-590-7019,Y,Y,,,1,3,1,,,10,,,,,,,,14,4,9,3,6,,2,,4,10,4,,,,3,Y,Y,Y,,,,Y,,Y,Y,,,Y,Y,Y,137,Y,,Y,Y,1,19,Y,22,14,4,3,17,18,15,38,,2,,,,,,,6,30,6,,19,,,14,11,6,4,6,60,16,37,6,6,10,1,1,713,,,1,3,1,,,,,,,,,,,,Y,Y,A2400001,2
2026-07-27 02:53:31,data_go_kr,충청남도,A2400009,의료법인백제병원,14,20260727024801,041-730-8882,,,,,,,,,,,,,,,,,,,1,,2,,,,,,,,,,19,,,,Y,,,,Y,,Y,Y,,,Y,Y,N1,12,N1,-3,N1,Y,,4,N1,20,,1,2,,,,,,,,,,,,26,,,,,4,,49,,,2,2,1,11,,,3,,,,,398,,,,,,,,,,,,,,,,,Y,N1,A2400009,3
2026-07-27 02:53:31,data_go_kr,충청남도,A2400008,당진종합병원,12,20260727024944,041-358-3624,,,,,,,,,,,,,,,,,,,1,,2,,,,,,,,,,,,,,Y,,,,Y,,Y,Y,,,Y,Y,N1,81,N1,0,N1,Y,,4,N1,17,,1,2,,,,,,,,,,,,13,,,,,4,,,,,2,2,1,5,,,1,,,,,246,,,,,,,,,,,,,,,,,Y,N1,A2400008,4
2026-07-27 02:53:31,data_go_kr,충청남도,A2400011,재단법인아산사회복지재단보령아산병원,14,20260727024501,041-930-5333,,,,,,,,,,,,,,,,,,,1,,2,,,,,,,,,,,,,,Y,,,,,,Y,N1,,,N1,Y,N1,68,N1,3,N1,Y,,2,N1,17,,1,2,,,,,,,,,,,,8,,,,,2,,,,,1,1,,4,,,,,,,,221,,,,,,,,,,,,,,,,,Y,N1,A2400011,5
2026-07-27 02:53:31,data_go_kr,충청남도,A2400003,서산중앙병원,16,20260727024504,041-661-1195,,,,,,,,,,,,,,,,,,,1,,2,,,,,,,,,,,,,,Y,,,,,,Y,N1,,,Y,Y,N1,37,N1,3,N1,Y,,4,N1,17,,1,2,,,,,,,,,,,,17,,,,,4,,,,,1,1,,7,,,1,,,,,288,,,,,,,,,,,,,,,,,Y,N1,A2400003,6
2026-07-27 02:53:31,data_go_kr,충청남도,A2400006,충청남도서산의료원,8,20260727024601,041-689-7119,,,,,,,,,,,,,,,,,,,1,,2,0,,,,,1,,,,,5,,,Y,,,,,,Y,N1,,,N1,Y,N1,20,N1,0,N1,Y,,3,N1,17,,1,2,2,,,,,,,,,,,8,,4,,,3,,,5,,2,1,,10,,,,,,,,259,,,,,,,,,,,,,,,,,Y,N1,A2400006,7
2026-07-27 02:53:31,data_go_kr,충청남도,A2402257,아산충무병원,10,20260727024901,041-536-6519,,,1,7,,,,,,,,,,5,,,,,,,,,,,,1,,,,,,,Y,,Y,,,,Y,,Y,Y,,,Y,Y,Y,145,Y,10,N1,Y,,4,N1,13,,,,,,,,,,,,,,,22,2,,,,4,,,,1,2,2,3,27,,,4,2,1,,,456,1,7,,,,,,,,,5,,,,,,Y,N1,A2402257,8
2026-07-27 02:53:31,data_go_kr,충청남도,A2400012,의료법인영서의료재단천안충무병원,13,20260727024922,041-570-7519,,,,,,,,,,,,,,,,,,,1,,4,,,,,0,,,,,,,,,Y,0,,,Y,,Y,Y,,,Y,Y,Y,41,N1,0,N1,Y,,5,N1,16,,1,4,,,,,,,,7,,,,19,3,,,,5,,,,,2,2,3,26,,,3,3,,,,333,,,,,,,,,,,,,,,,,Y,N1,A2400012,9
2026-07-27 02:53:31,data_go_kr,충청남도,A2400007,충청남도홍성의료원,16,20260727024801,041-630-6119,,,,,,,,,,,,,,,,,,1,1,,2,2,,,,1,3,,,,3,1,Y,,Y,,,,N,,Y,N,,,Y,Y,N1,80,N1,4,N1,Y,,4,N,18,1,1,2,2,,,,,,,,,,,22,1,3,,,4,,49,1,1,2,2,1,10,,,1,,,,2,260,,,,,,,,,,,,,,,,,Y,N1,A2400007,10
2026-07-27 02:53:31,data_go_kr,충청남도,A2400010,충청남도공주의료원,15,20260727024801,041-962-1365,,,,,,,,,,,,,,,,,,,,,1,,,,,,,,,,,5,,,Y,,,,,,Y,N1,,,Y,Y,N1,54,N1,3,N1,Y,,6,N1,15,,,1,,,,,,,,,,,,16,,,,,6,,,6,,1,1,,9,,,2,,,,,273,,,,,,,,,,,,,,,,,Y,N1,A2400010,11
2026-07-27 02:53:31,data_go_kr,충청남도,A2400038,학교법인건양교육재단건양대학교부여병원,9,20260727024825,041-837-1201,,,,,,,,,,,,,,,,,,,,,1,,,,,,,,,,,,,,Y,,,,,,Y,N1,,,N1,Y,N1,18,N1,,N1,N1,,1,N1,9,,,1,,,,,,,,,,,,,,,,,1,,,,,1,,,1,,,,,,,,55,,,,,,,,,,,,,,,,,Y,N1,A2400038,12
2026-07-27 02:53:31,data_go_kr,충청남도,A2400044,의료법인 서해병원,5,20260727024647,041-950-0219,,,,,,,,,,,,,,,,,,,,,2,,,,,,,,,,,,,,Y,,,,,,Y,N1,,,N1,Y,N1,18,N1,,N1,N1,,,N1,5,,,2,,,,,,,,,,,,,,,,,,,,,,1,,,1,,,,,,,,79,,,,,,,,,,,,,,,,,Y,N1,A2400044,13
2026-07-27 02:53:31,data_go_kr,충청남도,A2400039,현대병원,9,20260727025001,041-546-7744,N,N,,,,,,,,,,,,,,,,,,,1,,,,,,,,,,,,N,N,Y,0,,,N,,Y,N,,,N,Y,N,3,N,2,N,Y,,3,N,10,,,1,,,,,,,,0,,,,7,,,,,3,,,,0,1,1,0,3,0,0,0,0,0,0,0,84,,,,,,,,,,,,,,,,,Y,N,A2400039,14
2026-07-27 02:53:31,data_go_kr,충청남도,A2400004,의료법인 예당의료재단 예산종합병원,5,20260727024958,041-330-4119,,,,,,,,,,,,,,,,,,,,,1,,,,,,,,,,,,,,Y,,,,,,Y,N1,,,N1,Y,N1,0,N1,1,N1,Y,,0,N1,6,,,1,,,,,,,,,,,,9,,,,,0,,,,,0,0,,0,,,,,,,,88,,,,,,,,,,,,,,,,,Y,N1,A2400004,15
2026-07-27 02:53:31,data_go_kr,충청남도,A2400005,충청남도천안의료원,11,20260727025001,041-570-7119,,,,,,,,,,,,,,,,6,,,,,1,,,,,,,,,,,,,,Y,,,,,,Y,N1,,,N1,Y,N1,64,N1,6,N1,Y,,4,N1,12,,,1,,,,,,,,,,,,15,,,,,4,,,,,1,1,,10,,,,,,,,241,,,,,,,,,,,,,6,,,,Y,N1,A2400005,16
2026-07-27 02:53:31,data_go_kr,충청남도,E2400032,청양군보건의료원,6,20260727025001,041-940-4951,,,,,,,,,,,,,,,,,,,,,1,,,,,,,,,,,,,,Y,,,,,,Y,N1,,,N1,Y,N1,12,N1,,N1,N1,,1,N1,6,,,1,,,,,,,,,,,,,,,,,1,,,,,1,,,1,,,,,,,,12,,,,,,,,,,,,,,,,,Y,N1,E2400032,17
2026-07-27 02:53:31,data_go_kr,충청남도,E2400033,태안군보건의료원,10,20260727025001,041-671-5319,,,,,,,,,,,,,,,,,,,,,1,,,,,,,,,,,,,,Y,,,,,,Y,N1,,,N1,Y,N1,22,N1,,N1,N1,,,N1,10,,,1,,,,,,,,,,,,,,,,,,,,,,1,,,1,,,,,,,,34,,,,,,,,,,,,,,,,,Y,N1,E2400033,18
2026-07-27 02:53:31,data_go_kr,전북특별자치도,A2500001,원광대학교병원,14,20260727025016,063-859-1165,Y,Y,2,1,,,,2,,1,,,,,,,,3,,3,,6,,,4,1,17,,14,2,3,1,Y,,Y,,2,6,Y,8,Y,Y,,,Y,Y,Y,134,Y,5,Y,Y,2,15,Y,26,3,,,18,8,15,15,,,,,20,8,,15,7,31,,40,15,2,30,2,1,5,4,5,11,12,20,8,4,1,,2,543,2,3,,,,2,,,,,,,,,2,6,Y,Y,A2500001,1
2026-07-27 02:53:31,data_go_kr,전북특별자치도,A2500002,전북대학교병원,27,20260727024545,063-250-1131,Y,Y,2,5,,,2,1,,1,,,,,,,,5,,3,,3,6,,4,1,6,,,,2,15,Y,,Y,6,,,Y,,Y,Y,,,Y,Y,Y,315,Y,,Y,Y,22,21,N1,36,5,,,17,10,8,25,10,,,18,,11,,,2,30,,,21,,23,15,3,1,2,5,11,15,22,4,2,1,,,834,2,5,,,2,1,,,,,,,,,,,Y,Y,A2500002,2
2026-07-27 02:53:31,data_go_kr,전북특별자치도,A2500007,전북특별자치도군산의료원,12,20260727024902,063-472-5130,,Y,,,,,,,,,,,,,,,,,1,,2,1,,,,2,3,,,,,,Y,,Y,,,,,,Y,N1,,,N1,Y,N1,86,N1,9,Y,Y,,6,N1,17,,1,2,2,,,,,,,,,,,18,2,3,,,6,,,,1,1,1,,18,,2,,,,,,289,,,,,,,,,,,,,,,,,Y,N1,A2500007,3
2026-07-27 02:53:31,data_go_kr,전북특별자치도,A2500012,의료법인오성의료재단동군산병원,16,20260727024942,063-440-0516,,,,,,,,,,,,,,,,0,,,1,,5,0,,,,,1,,,,,,,,Y,,,,Y,,Y,Y,,,Y,Y,N1,17,N1,4,N1,Y,,6,N1,17,,1,5,2,,,,,,,,,,,24,,3,,,6,,,,,2,2,2,13,,,2,,,,,262,,,,,,,,,,,,,0,,,,Y,N1,A2500012,4
2026-07-27 02:53:31,data_go_kr,전북특별자치도,A2500004,전북특별자치도남원의료원,16,20260727025001,063-620-1119,,Y,,,,,,,,,,,,,,,,,0,,2,,,,,1,,,,,,,Y,,Y,,,,,,Y,N1,,,N1,Y,N1,34,N1,4,Y,Y,,3,N1,17,,1,2,,,,,,,,,,,,9,1,,,,3,,,,3,2,1,,10,,1,,,,,,190,,,,,,,,,,,,,,,,,Y,N1,A2500004,5
2026-07-27 02:53:31,data_go_kr,전북특별자치도,A2500011,의료법인대산의료재단익산병원,13,20260727025004,063-840-9112,,,,,,,,,,,,,,,,,,,1,,2,,,,,0,,,,,,,,,Y,,,,Y,,Y,Y,,,N1,Y,N1,46,N1,7,N1,Y,,5,N1,17,,1,2,,,,,,,,,,,,17,1,,,,5,,,,,2,2,1,7,,,,,,,,333,,,,,,,,,,,,,,,,,Y,N1,A2500011,6
2026-07-27 02:53:31,data_go_kr,전북특별자치도,A2500056,대자인병원,29,20260727024807,063-250-8701,,,,,,,,,,,,,,,,,,,1,6,2,,,,,0,,,,,,,,Y,Y,,,,Y,,Y,Y,,,Y,Y,Y,32,N1,0,N1,Y,,15,Y,33,,1,2,,,36,,,,,,,,,15,4,,,,15,,,,,4,3,2,12,,,4,2,,1,1,45,,,,,,,,,,,,,,,,,Y,N1,A2500056,7
2026-07-27 02:53:31,data_go_kr,전북특별자치도,A2500006,재단법인예수병원유지재단예수병원,24,20260727024545,063-230-8280,Y,Y,,,1,1,,,,,,,,,,,,8,1,,2,,,2,,4,,2,,,,2,Y,,Y,-1,,,Y,,Y,Y,,,Y,Y,Y,141,N1,3,Y,Y,4,14,Y,38,10,1,2,,,,12,,2,,14,,,,23,4,,6,,14,,,5,4,4,3,4,40,6,11,7,2,,,2,685,,,1,1,,,,,,,,,,,,,Y,Y,A2500006,8
2026-07-27 02:53:31,data_go_kr,전북특별자치도,A2500005,의료법인영경의료재단전주병원,11,20260727024718,063-226-6119,,,,,,,,,,,,,,,,,,,1,,2,,,,,,,,,,,,,,Y,,,,,,Y,N1,,,Y,Y,N1,29,N1,4,N1,Y,,5,N1,17,,1,2,,,,,,,,,,,,9,,,,,5,,,,,1,2,,6,,,1,,,,,275,,,,,,,,,,,,,,,,,Y,N1,A2500005,9
2026-07-27 02:53:31,data_go_kr,전북특별자치도,A2500008,재단법인 아산사회복지재단 정읍아산병원,14,20260727024500,063-530-6129,,,,,,,,,,,,,,,,,,,1,,2,,,,,,,,,,,,,,Y,,,,,,Y,N1,,,N1,Y,N1,78,N1,1,N1,Y,,3,N1,17,,1,2,,,,,,,,,,,,11,,,,,3,,,,,1,1,,5,,,,,,,,276,,,,,,,,,,,,,,,,,Y,N1,A2500008,10
2026-07-27 02:53:31,data_go_kr,전북특별자치도,A2500009,의료법인석천재단고창병원,9,20260727024820,063-560-5558,,,,,,,,,,,,,,,,,,,,,1,,,,,,,,,,,,,,Y,,,,,,Y,N1,,,N1,Y,N1,0,N1,,N1,Y,,2,N1,10,,,1,,,,,,,,,,,,,,,,,2,,,,,1,1,,4,,,,,,,,258,,,,,,,,,,,,,,,,,Y,N1,A2500009,11
2026-07-27 02:53:31,data_go_kr,전북특별자치도,A2500038,김제우석병원,10,20260727024612,063-540-5119,,,,,,,,,,,,,,,,,,,,,1,,,,,,,,,,,,,,Y,,,,,,Y,N1,,,N1,Y,N1,74,N1,,N1,Y,,2,N1,10,,,1,,,,,,,,,,,,,,,,,2,,,,,1,1,,1,,,,,,,,200,,,,,,,,,,,,,,,,,Y,N1,A2500038,12
2026-07-27 02:53:31,data_go_kr,전북특별자치도,E2500019,무주군보건의료원,4,20260727025001,063-320-8315,,,,,,,,,,,,,,,,,,,,,1,,,,,,,,,,,,,,Y,,,,,,Y,N1,,,N1,Y,N1,24,N1,,N1,N1,,,N1,4,,,1,,,,,,,,,,,,,,,,,,,,,,1,,,1,,,,,,,,24,,,,,,,,,,,,,,,,,Y,N1,E2500019,13
2026-07-27 02:53:31,data_go_kr,전북특별자치도,A2500010,부안성모병원,10,20260727024222,063-580-8119,,,,,,,,,,,,,,,,,,,,,2,,,,,,,,,,,,,,Y,,,,,,Y,N1,,,N1,Y,N1,8,N1,9,N1,Y,,3,N1,10,,,2,,,,,,,,,,,,9,,,,,3,,,,,1,1,,2,,,,,,,,240,,,,,,,,,,,,,,,,,Y,N1,A2500010,14
2026-07-27 02:53:31,data_go_kr,전북특별자치도,E2500021,순창군보건의료원,9,20260727025001,063-650-5352,,,,,,,,,,,,,,,,,,,,,1,,,,,,,,,,,,,,Y,,,,,,Y,N1,,,N1,Y,N1,30,N1,,N1,N1,,,N1,9,,,1,,,,,,,,,,,,,,,,,,,,,,1,,,1,,,,,,,,30,,,,,,,,,,,,,,,,,Y,N1,E2500021,15
2026-07-27 02:53:31,data_go_kr,전북특별자치도,E2500022,임실군보건의료원,4,20260727025001,063-640-3119,,,,,,,,,,,,,,,,,,,,,1,,,,,,,,,,,,,,Y,,,,,,Y,N1,,,N1,Y,N1,,N1,,N1,N1,,,N1,4,,,1,,,,,,,,,,,,,,,,,,,,,,1,,,1,,,,,,,,,,,,,,,,,,,,,,,,,Y,N1,E2500022,16
2026-07-27 02:53:31,data_go_kr,전북특별자치도,E2500020,장수군보건의료원,5,20260727025001,063-350-2119,,,,,,,,,,,,,,,,,,,,,1,,,,,,,,,,,,,,,,,,,,Y,N1,,,N1,N1,N1,20,N1,,N1,N1,,,N1,5,,,1,,,,,,,,,,,,,,,,,,,,,,,,,1,,,,,,,,22,,,,,,,,,,,,,,,,,Y,N1,E2500020,17
2026-07-27 02:53:31,data_go_kr,전북특별자치도,A2501890,의료법인영경의료재단호성전주병원,6,20260727025011,063-240-8862,,,,,,,,,,,,,,,,,,,,,1,,,,,,,,,,,,,,Y,,,,,,Y,N1,,,N1,Y,N1,5,N1,,N1,Y,,2,N1,9,,,1,,,,,,,,,,,,,,,,,2,,,,,1,1,,1,,,,,,,,122,,,,,,,,,,,,,,,,,Y,N1,A2501890,18
2026-07-27 02:53:31,data_go_kr,전북특별자치도,A2502742,새강병원,14,20260727024941,063-289-9119,,,0,0,,0,0,,,0,,,,,,,,3,1,0,2,0,,,,3,,0,,0,,0,,,Y,,,,,,Y,N1,,,N1,Y,N1,82,N1,16,N1,Y,,5,N1,14,3,1,2,0,0,0,,,,,,,,,16,3,,0,,5,0,,0,,1,1,,1,,,,,,,,201,0,0,,0,0,,,,,,,,,,,,Y,N1,A2502742,19
2026-07-27 02:53:31,data_go_kr,전북특별자치도,A2502031,진안군의료원,5,20260727025002,063-430-7119,,,,,,,,,,,,,,,,,,,,,2,,,,,,,,,,,,,,Y,,,,,,Y,N1,,,N1,Y,N1,30,N1,,N1,Y,,2,N1,6,,,2,,,,,,,,,,,,,,,,,2,,,,,1,1,,3,,,,,,,,74,,,,,,,,,,,,,,,,,Y,N1,A2502031,20
2026-07-27 02:53:31,data_go_kr,경상북도,A2700007,차의과학대학교부속구미차병원,16,20260727025005,054-450-9998,Y,Y,,,,,0,,,,,,,,,,,5,3,,3,0,,,,,9,,,,,,Y,Y,Y,,,,Y,,Y,Y,,,Y,Y,Y,54,Y,0,Y,Y,0,8,N1,20,5,3,3,25,,,8,,,,,,,,18,,30,,,8,,,,3,3,2,2,21,3,13,2,1,2,1,,301,,,,,3,,,,,,,,,,,,Y,Y,A2700007,1
2026-07-27 02:53:31,data_go_kr,경상북도,A2700014,의료법인안동병원,11,20260727024800,054-840-0119,Y,Y,2,2,,,1,,,3,,,,,,,,2,,,,4,,,,0,8,,5,2,0,4,Y,Y,Y,,2,6,Y,0,Y,Y,,,Y,Y,Y,111,Y,0,Y,Y,10,11,Y,15,3,,,19,20,,10,,,,,20,,,13,3,30,,40,11,2,34,6,3,6,3,5,67,3,12,14,4,13,1,1,775,2,3,,,1,,,,,,,,,,2,6,Y,Y,A2700014,2
2026-07-27 02:53:31,data_go_kr,경상북도,A2700016,포항성모병원,19,20260727024841,054-260-8600,Y,Y,2,3,,,,2,2,,,,,,,,,11,,,,4,,,,1,0,,,,,1,Y,Y,Y,,,,Y,,Y,Y,,,Y,Y,Y,71,Y,5,Y,Y,,9,Y,20,11,,,15,,,,,,,,,,,16,1,17,,,9,,,1,1,3,2,2,25,1,6,4,1,2,1,3,468,2,3,,,,5,13,,,,,,,,,,Y,Y,A2700016,3
2026-07-27 02:53:31,data_go_kr,경상북도,A2700003,동국대학교의과대학경주병원,15,20260727024557,054-770-8306,Y,Y,,,,,,,,1,,,,,,,,3,2,3,5,,,,,3,,,,,11,1,Y,,Y,,,,Y,,Y,Y,,,Y,Y,N1,84,N1,0,Y,Y,,6,N1,16,3,2,5,,11,17,,,,,,,,,7,4,,,,7,,20,3,1,2,2,2,26,2,6,3,,,,,279,,,,,,,,,,,,,,,,,Y,Y,A2700003,4
2026-07-27 02:53:31,data_go_kr,경상북도,A2700013,순천향대학교부속구미병원,12,20260727024620,054-468-9119,,Y,,,,,,,,,,,,,,,,4,1,,2,0,,,,2,0,,,,,1,Y,,Y,,,,Y,,Y,Y,,,Y,Y,N1,38,N1,4,Y,Y,,6,N1,13,4,1,2,2,,,,,,,,,,,31,2,3,,,6,,,1,1,2,2,2,20,,1,2,,,,,263,,,,,,,,,,,,,,,,,Y,N1,A2700013,5
2026-07-27 02:53:31,data_go_kr,경상북도,A2700012,의료법인덕산의료재단김천제일병원,16,20260727024622,054-420-9500,,,,,,,,,,,,,,,,,,,1,,3,2,,,,,3,,,,,,Y,,Y,,,,Y,,Y,Y,,,Y,Y,N1,75,N1,6,N1,Y,,4,Y,16,,1,3,2,,,,,,,,,,,16,,3,,,4,,,,3,1,1,1,10,,,1,,,,1,276,,,,,,,,,,,,,,,,,Y,N1,A2700012,6
2026-07-27 02:53:31,data_go_kr,경상북도,A2700006,의료법인동춘의료재단문경제일병원,17,20260727024500,054-550-7777,,,,,,,,,,,,,,,,,,,1,,1,2,,,,1,3,,,,60,3,,,Y,,,,,,Y,N1,,,N1,Y,N1,48,N1,10,N1,Y,,3,N1,17,,1,2,2,,,,,,,,,,,29,1,3,,,3,,162,4,,2,1,,8,,,,,,,,306,,,,,,,,,,,,,,,,,Y,N1,A2700006,7
2026-07-27 02:53:31,data_go_kr,경상북도,A2700004,안동성소병원,11,20260727025017,054-850-8282,,Y,,,,,,,,,,,,,,,5,,1,,2,0,,,,3,1,,,,23,0,Y,,Y,,,,Y,,Y,Y,,,Y,Y,N1,153,N1,7,Y,Y,,6,N1,12,,1,2,2,,,,,,,,,,,16,3,3,,,6,,186,2,1,2,2,2,21,,4,1,,,,,393,,,,,,,,,,,,,,5,,,Y,N1,A2700004,8
2026-07-27 02:53:31,data_go_kr,경상북도,A2700002,포항세명기독병원,8,20260727024850,054-289-1711,,,,,,,,,,,,,,,,,6,,1,,3,0,,,,0,1,,,,,1,,,Y,,,,Y,,Y,Y,,,Y,Y,Y,124,Y,1,N1,Y,,14,Y,15,,1,3,2,,,,,,,,,,,52,1,3,,,14,,,6,,6,5,4,25,,,5,1,1,,1,662,,,,,,,,,,,,,,6,,,Y,N1,A2700002,9
2026-07-27 02:53:31,data_go_kr,경상북도,A2700019,의)근원의료재단경산중앙병원,7,20260727025000,053-715-0119,,,,,,,,,,,,,,,,,,,,,2,,,,,0,,,,,44,,,,Y,,,,,,Y,N1,,,N1,Y,N1,57,N1,2,N1,Y,,4,N1,10,,,2,,,,,,,,,,,,11,2,,,,4,,116,,,1,1,,9,,,,,,,,301,,,,,,,,,,,,,,,,,Y,N1,A2700019,10
2026-07-27 02:53:31,data_go_kr,경상북도,A2700036,의료법인서명의료재단세명종합병원,13,20260727024619,053-819-8500,,,,,,,,,,,,,,,,,,,,,2,,,,,,,,,,2,,,,Y,,,,,,Y,N1,,,N1,Y,N1,14,N1,1,N1,Y,,4,N1,13,,,2,,,,,,,,,,,,14,,,,,4,,22,,,1,1,,6,,,,,,,,264,,,,,,,,,,,,,,,,,Y,N1,A2700036,11
2026-07-27 02:53:31,data_go_kr,경상북도,A2700097,계명대학교경주동산병원,8,20260727024942,054-770-9420,,,,,,,,,,,,,,,,,,,,,1,,,,,,,,,,,,,,Y,,,,,,Y,N1,,,N1,Y,N1,34,N1,,N1,Y,,2,N1,9,,,1,,,,,,,,,,,,,,,,,2,,,,,1,1,,1,,,,,,,,88,,,,,,,,,,,,,,,,,Y,N1,A2700097,12
2026-07-27 02:53:31,data_go_kr,경상북도,A2700070,의료법인영암의료재단고령영생병원,5,20260727024950,070-4700-0728,,,,,,,,,,,,,,,,,,,,,1,,,,,,,,,,,,,,Y,,,,,,Y,N1,,,N1,Y,N1,35,N1,,N1,N1,,1,N1,5,,,1,,,,,,,,,,,,,,,,,1,,,,,1,,,1,,,,,,,,59,,,,,,,,,,,,,,,,,Y,N1,A2700070,13
2026-07-27 02:53:31,data_go_kr,경상북도,A2700015,구미강동병원,7,20260727024921,054-478-9521,,,,,,,,,,,,,,,,9,,,1,,2,,,,,,,,,,,,,,Y,,,,Y,,Y,Y,,,N1,Y,N1,37,N1,5,N1,Y,,5,N1,7,,1,2,,,,,,,,,,,,12,,,,,5,,,,,1,1,1,3,,,,,,,,191,,,,,,,,,,,,,9,,,,Y,N1,A2700015,14
2026-07-27 02:53:31,data_go_kr,경상북도,A2700018,경상북도김천의료원,16,20260727025001,054-429-8234,,,,,,,,,,,,,,,,,,,1,,,,,,,0,,,,,,,,,Y,,,,,,Y,N1,,,N1,Y,N1,-13,N1,2,N1,Y,,5,N1,17,,1,,,,,,,,,,,,,22,3,,,,5,,,,,1,2,,7,,,,,,,,274,,,,,,,,,,,,,,,,,Y,N1,A2700018,15
2026-07-27 02:53:31,data_go_kr,경상북도,A2700009,의료법인삼백의료재단상주성모병원,9,20260727025028,054-530-7811,,,,,,,,,,,,,,,,,,,,,1,,,,,,,,,,,,,,Y,,,,,,Y,N1,,,N1,Y,N1,36,N1,6,N1,Y,,3,N1,9,,,1,,,,,,,,,,,,10,,,,,3,,,,,1,1,,1,,,,,,,,172,,,,,,,,,,,,,,,,,Y,N1,A2700009,16
2026-07-27 02:53:31,data_go_kr,경상북도,A2700011,상주적십자병원,9,20260727024656,054-530-3171,,Y,,,,,,,,,,,,,,,,,1,,,,,,,,,,,,,,Y,,Y,,,,,,Y,N1,,,Y,Y,N1,54,N1,6,Y,Y,,3,N1,9,,1,,,,,,,,,,,,,10,,,,,3,,,,1,1,1,,7,,2,1,,,,,164,,,,,,,,,,,,,,,,,Y,N1,A2700011,17
2026-07-27 02:53:31,data_go_kr,경상북도,A2700001,경상북도안동의료원,5,20260727025001,054-850-6100,,,,,,,,,,,,,,,,,,,,,2,,,,,,,,,,,,,,Y,,,,,,Y,N1,,,N1,Y,N1,112,N1,2,N1,Y,,5,N1,6,,,2,,,,,,,,,,,,10,,,,,5,,,,,1,1,,8,,,,,,,,238,,,,,,,,,,,,,,,,,Y,N1,A2700001,18
2026-07-27 02:53:31,data_go_kr,경상북도,A2700031,영주기독병원,4,20260727024808,054-635-3050,,Y,,,,,,,,,,,,,,,,,,,1,,,,,,,,,,,,Y,,Y,,,,,,Y,N1,,,N1,Y,N1,6,N1,,Y,N1,,1,N1,4,,,1,,,,,,,,,,,,,,,,,1,,,,1,1,,,1,,2,,,,,,70,,,,,,,,,,,,,,,,,Y,N1,A2700031,19
2026-07-27 02:53:31,data_go_kr,경상북도,A2700020,영주자인병원,4,20260727025032,070-7335-5229,,,,,,,,,,,,,,,,,,,,,1,,,,,,,,,,,,,,Y,,,,,,Y,N1,,,N1,Y,N1,26,N1,,N1,Y,,,N1,4,,,1,,,,,,,,,,,,,,,,,2,,,,,1,1,,,,,,,,,,133,,,,,,,,,,,,,,,,,N1,N1,A2700020,20
2026-07-27 02:53:31,data_go_kr,경상북도,A2702752,영주적십자병원,9,20260727024828,054-630-0112,,,,,,,,,,,,,,,,,,,1,,,,,,,,,,,,,,,,Y,,,,,,Y,N1,,,Y,Y,N1,54,N1,1,N1,Y,,3,N1,10,,1,,,,,,,,,,,,,10,,,,,3,,,,,1,1,,4,,,1,,,,,140,,,,,,,,,,,,,,,,,Y,N1,A2702752,21
2026-07-27 02:53:31,data_go_kr,경상북도,A2700017,영남대학교의과대학부속영천병원,7,20260727024757,054-330-7575,,,,,,,,,,,,,,,,,,,1,,2,,,,,,,,,,,,,,Y,,,,,,Y,N1,,,N1,Y,N1,48,N1,3,N1,Y,,4,N1,10,,1,2,,,,,,,,,,,,10,,,,,4,,,,,1,1,,1,,,,,,,,190,,,,,,,,,,,,,,,,,Y,N1,A2700017,22
2026-07-27 02:53:31,data_go_kr,경상북도,A2700023,의료법인서준의료재단예천권병원,6,20260727024553,054-650-2119,,Y,,,,,,,,,,,,,,,,,1,,0,,,,,,,,,,,0,Y,,Y,,,,,,Y,N1,,,N1,Y,N1,73,N1,,Y,Y,,2,N1,6,,1,0,,,,,,,,,,,,,,,,,2,,,0,1,1,1,,3,,2,,,,,,173,,,,,,,,,,,,,,,,,Y,N1,A2700023,23
2026-07-27 02:53:31,data_go_kr,경상북도,E2700553,울릉군보건의료원,5,20260727025001,054-790-6911,,,,,,,,,,,,,,,,,,,,,,,,,,,,,,,,,,,Y,,,,,,Y,N1,,,N1,Y,N1,24,N1,,N1,N1,,1,N1,5,,,,,,,,,,,,,,,,,,,,1,,,,,1,,,1,,,,,,,,27,,,,,,,,,,,,,,,,,Y,N1,E2700553,24
2026-07-27 02:53:31,data_go_kr,경상북도,A2700052,울진군의료원,8,20260727024602,054-785-7119,,,,,,,,,,,,,,,,,,,2,,,,,,,,,,,,,2,,,Y,,,,,,Y,N1,,,N1,Y,N1,20,N1,,N1,Y,,3,N1,8,,2,,,,,,,,,,,,,,,,,,3,,,2,,1,1,,1,,,,,,,,97,,,,,,,,,,,,,,,,,Y,N1,A2700052,25
2026-07-27 02:53:31,data_go_kr,경상북도,A2700063,의료법인영제의료재단영남제일병원,4,20260727023224,054-861-9111,,,,,,,,,,,,,,,,,,,,,1,,,,,,,,,,,,,,Y,,,,,,Y,N1,,,N1,Y,N1,27,N1,,N1,N1,,1,N1,,,,,,,,,,,,,,,,,,,,,,,,,,,,,,,,,,,,,,,,,,,,,,,,,,,,,,Y,N1,A2700063,26
2026-07-27 02:53:31,data_go_kr,경상북도,A2700038,의료법인대남의료재단청도대남병원,10,20260727024738,054-370-5112,,,,,,,,,,,,,,,,,,,,,,,,,,,,,,,,,,,Y,,,,,,Y,N1,,,N1,Y,N1,80,N1,,N1,Y,,1,N1,10,,,,,,,,,,,,,,,,,,,,1,,,,,1,1,,1,,,,,,,,115,,,,,,,,,,,,,,,,,Y,N1,A2700038,27
2026-07-27 02:53:31,data_go_kr,경상북도,E2700554,청송군보건의료원,5,20260727025001,054-870-7119,,,,,,,,,,,,,,,,,,,,,1,,,,,,,,,,,,,,,,,,,,Y,N1,,,N1,N1,N1,57,N1,,N1,N1,,,N1,5,,,1,,,,,,,,,,,,,,,,,,,,,,,,,1,,,,,,,,45,,,,,,,,,,,,,,,,,Y,N1,E2700554,28
2026-07-27 02:53:31,data_go_kr,경상북도,A2700008,에스포항병원,4,20260727024642,054-289-9120,Y,,,,,,,,,,,,,,,,,,,,1,,,,,1,,,,,,,,,Y,,,,Y,,Y,Y,,,Y,Y,N1,48,N1,1,N1,Y,,4,N1,6,,,1,,,,,,,,,,,,14,1,,,,4,,,,,2,2,3,9,9,,1,,,,,239,,,,,,,,,,,,,,,,,Y,Y,A2700008,29
2026-07-27 02:53:31,data_go_kr,경상북도,A2702563,의료법인은성의료재단좋은선린병원,10,20260727025034,054-245-5200,,,,,,,,,,,,,,,,2,,,,,2,,,,,1,,,,,,,,,Y,,,,N,,Y,N,,,N1,Y,N1,71,N1,0,N1,Y,,4,N,10,,,2,,,,,,,,,,,,17,1,,,,4,,,,,1,1,2,7,,,,,,,14,281,,,,,,,,,,,,,2,,,,N,N1,A2702563,30
2026-07-27 02:53:31,data_go_kr,경상북도,A2700005,경상북도포항의료원,7,20260727025002,054-245-0129,,,,,,,,,,,,,,,,,,,1,,1,,,,,1,,,,,7,7,,,Y,,,,,,Y,N1,,,N1,Y,N1,22,N1,4,N1,Y,,3,N1,8,,1,1,,,,,,,,,,,,19,1,,,,3,,56,7,,1,1,,4,,,,,,,,179,,,,,,,,,,,,,,,,,Y,N1,A2700005,31
2026-07-27 02:53:31,data_go_kr,경상남도,A2800011,양산부산대학교병원,5,20260727024827,055-360-1463,Y,Y,2,1,1,1,0,0,,4,,0,0,,4,,,5,,7,1,1,6,2,,0,9,5,,,5,4,Y,,Y,1,,,Y,,Y,Y,,6,Y,Y,Y,234,Y,,Y,Y,17,25,N1,23,8,,1,16,16,11,38,11,2,,9,,,10,,0,30,6,,25,,33,4,4,6,5,6,92,24,23,19,12,2,,,766,2,3,1,1,2,2,,,0,0,,4,,,,,Y,Y,A2800011,1
2026-07-27 02:53:31,data_go_kr,경상남도,A2800001,경상국립대학교병원,10,20260727024800,055-750-8282,Y,Y,,,,,,3,,1,,,,,,,,3,2,4,3,4,,,2,0,7,,25,2,7,4,Y,,Y,,2,6,Y,13,Y,Y,,,Y,Y,Y,231,Y,,Y,Y,3,15,N1,28,3,2,3,14,8,9,15,,,,,20,6,,,3,30,,40,15,2,23,7,7,3,3,5,16,9,20,6,4,17,,,655,,,,,,6,,,,,,,,,2,6,Y,Y,A2800001,2
2026-07-27 02:53:31,data_go_kr,경상남도,A2800020,학교법인성균관대학삼성창원병원,18,20260727025019,055-233-8899,Y,Y,,,,,,1,,3,,,,,,,,8,2,3,3,4,,,,0,10,,,,,3,Y,,Y,,,,Y,,Y,Y,,,Y,Y,Y,258,Y,,Y,Y,19,16,N1,27,8,2,3,19,15,20,24,,,,,,,,,3,30,,,16,,,5,7,4,3,4,45,8,20,5,3,3,,,645,,,,,,1,,,,,,,,,,,Y,Y,A2800020,3
2026-07-27 02:53:31,data_go_kr,경상남도,A2800010,의료법인환명의료재단 조은금강병원,16,20260727024613,055-330-0200,,,,,,,,,,,,,,,,,,,1,,2,,,,,1,,,,,5,,,,Y,,,,Y,,Y,Y,,,N1,Y,N1,68,N1,11,N1,Y,,4,Y,17,,1,2,,,,,,,,,,,,23,1,,,,4,,96,,,1,2,1,7,,,,,,,2,305,,,,,,,,,,,,,,,,,Y,N1,A2800010,4
2026-07-27 02:53:31,data_go_kr,경상남도,A2800006,의료법인숭인의료재단 김해복음병원,15,20260727024845,055-330-8844,,,,,,,,,,,,,,,,,,,1,,3,,,,,1,,,,,,,,,Y,,,,Y,,Y,Y,,,Y,Y,N1,14,N1,-1,N1,Y,,5,N1,16,,1,3,,,,,,,,,,,,18,1,,,,5,,,,,2,3,1,3,,,3,,,,,359,,,,,,,,,,,,,,,,,Y,N1,A2800006,5
2026-07-27 02:53:31,data_go_kr,경상남도,A2800043,한일병원,14,20260727024957,055-750-1333,,,,,,,,,,,,,,,,,,,1,,2,1,,,,0,1,,,,,,,,Y,,,,Y,,Y,Y,,,Y,Y,N1,12,N1,-1,N1,Y,,4,Y,17,,1,2,2,,,,,,,,,,,13,1,3,,,4,,,,,2,2,1,6,,,1,,,,1,282,,,,,,,,,,,,,,,,,Y,N1,A2800043,6
2026-07-27 02:53:31,data_go_kr,경상남도,A2800003,제일병원,14,20260727024918,055-750-7119,,,,,,,,,,,,,,,,,,,1,,2,,,,,,,,,,,,,Y,Y,,,,Y,,Y,Y,,,N1,Y,N1,43,N1,6,N1,Y,,4,Y,17,,1,2,,,,,,,,,,,,9,,,,,7,,,,,2,2,1,4,,,,,,1,1,258,,,,,,,,,,,,,,,,,Y,N1,A2800003,7
2026-07-27 02:53:31,data_go_kr,경상남도,A2800017,의료법인합포의료재단에스엠지연세병원,14,20260727025008,055-240-7777,,,,,,,,,,,,,,,,,,,1,,2,,,,,1,,,,,,,,,Y,,,,Y,,Y,Y,,,Y,Y,N1,38,N1,5,N1,Y,,4,N1,17,,1,2,,,,,,,,,,,,12,1,,,,4,,,,,1,2,1,7,,,1,,,,,286,,,,,,,,,,,,,,,,,Y,N1,A2800017,8
2026-07-27 02:53:31,data_go_kr,경상남도,A2803505,창원경상국립대학교병원,15,20260727024803,055-214-1339,Y,Y,,,,,,,,,,,,5,0,,,,1,,2,,,,,2,,,,,8,6,Y,,Y,,,,Y,,Y,Y,,,Y,Y,Y,199,Y,13,Y,Y,7,13,N1,18,,1,2,,,,17,,,,,,,,34,2,,,,13,,22,6,9,3,2,5,52,9,22,6,7,14,,,437,,,,,,,,,,,5,0,,,,,Y,Y,A2803505,9
2026-07-27 02:53:31,data_go_kr,경상남도,A2800007,창원한마음병원,5,20260727024810,055-225-0350,Y,Y,,,,,,,,-1,,,,,,,,,1,0,3,,,,,1,,,,,,1,Y,,Y,,,,Y,,Y,Y,,,Y,Y,Y,82,Y,,Y,Y,10,13,Y,21,,1,3,,25,37,10,,,,,,,,,1,,,,13,,,6,2,4,4,4,29,3,11,6,1,2,,2,688,,,,,,,,,,,,,,,,,Y,Y,A2800007,10
2026-07-27 02:53:31,data_go_kr,경상남도,A2800004,창원파티마병원,14,20260727024606,055-270-1119,Y,Y,,,,,,,,3,,,,,,,,,1,6,2,0,,,,0,2,,,,,3,Y,Y,Y,,,,Y,,Y,Y,,,Y,Y,N1,113,Y,,Y,Y,2,7,N1,17,,1,2,2,12,13,2,,,,,,,,,2,3,,,7,,,6,2,4,3,3,16,3,6,3,,4,1,,444,,,,,,,,,,,,,,,,,Y,Y,A2800004,11
2026-07-27 02:53:31,data_go_kr,경상남도,A2800008,의료법인 거붕 백병원,9,20260727025008,055-733-0180,,,,,,,,,,,,,,,,,,,,,1,,,,,,,,,,,,,,Y,,,,,,Y,N1,,,N1,Y,N1,55,N1,9,N1,Y,,4,N1,9,,,1,,,,,,,,,,,,20,,,,,4,,,,,2,2,,12,,,,,,,,365,,,,,,,,,,,,,,,,,Y,N1,A2800008,12
2026-07-27 02:53:31,data_go_kr,경상남도,A2800005,의료법인 대우의료재단대우병원,9,20260727024859,055-680-8119,,,,,,,,,,,,,,,,,,,,,1,,,,,,,,,,,,,,Y,,,,,,Y,N1,,,N1,Y,N1,43,N1,3,N1,Y,,4,N1,9,,,1,,,,,,,,,,,,10,,,,,4,,,,,2,1,,5,,,,,,,,231,,,,,,,,,,,,,,,,,Y,N1,A2800005,13
2026-07-27 02:53:31,data_go_kr,경상남도,A2800022,의료법인 성념의료재단맑은샘병원,8,20260727025032,055-736-0119,,,,,,,,,,,,,,,,,,,,,1,,,,,,,,,,,,,,Y,,,,,,Y,N1,,,N1,Y,N1,18,N1,,N1,Y,,2,N1,9,,,1,,,,,,,,,,,,,,,,,2,,,,,1,1,,4,,,,,,,,200,,,,,,,,,,,,,,,,,Y,N1,A2800022,14
2026-07-27 02:53:31,data_go_kr,경상남도,A2800076,거창적십자병원,9,20260727025017,055-949-3359,,Y,,,,,,,,,,,,,,,,,,,1,,,,,,,,,,,,Y,,Y,,,,,,Y,N1,,,N1,Y,N1,31,N1,,Y,Y,,2,N1,9,,,1,,,,,,,,,,,,,,,,,2,,,,1,1,1,,2,,2,,,,,,91,,,,,,,,,,,,,,,,,Y,N1,A2800076,15
2026-07-27 02:53:31,data_go_kr,경상남도,A2800032,강병원,9,20260727024910,055-673-4848,,,,,,,,,,,,,,,,,,,,,1,,,,,,,,,,,,,,Y,,,,,,Y,N1,,,N1,Y,N1,13,N1,,N1,Y,,1,N1,9,,,1,,,,,,,,,,,,,,,,,1,,,,,1,1,,1,,,,,,,,99,,,,,,,,,,,,,,,,,Y,N1,A2800032,16
2026-07-27 02:53:31,data_go_kr,경상남도,A2803677,강일병원,7,20260727024622,055-822-0119,,,,,,,,,,,,,,,,,,,1,,2,,,,,,,,,,,,,,Y,,,,Y,,Y,Y,,,N1,Y,N1,122,N1,14,N1,Y,,5,N1,8,,1,2,,,,,,,,,,,,15,,,,,5,,,,,1,2,1,1,,,,,,,,275,,,,,,,,,,,,,,,,,Y,N1,A2803677,17
2026-07-27 02:53:31,data_go_kr,경상남도,A2800014,의료법인갑을의료재단 갑을장유병원,4,20260727024829,055-310-6119,,,,,,,,,,,,,,,,,,,1,,,,,,,,,,,,,,,,Y,,,,,,Y,N1,,,N1,Y,N1,38,N1,,N1,Y,,4,N1,9,,1,,,,,,,,,,,,,,,,,,4,,,,,1,1,,1,,,,,,,,210,,,,,,,,,,,,,,,,,Y,N1,A2800014,18
2026-07-27 02:53:31,data_go_kr,경상남도,A2800094,의료법인 이도의료재단 남해병원,7,20260727014124,055-860-6630,N,N,,,,,,,,,,,,,,,,,1,,1,,,,,,,,,,,,N,N,Y,,,,N,,Y,N,,,N,Y,N,73,N,,N,Y,,2,N,,,,,,,,,,,,,,,,,,,,,,,,,,,,,,,,,,,,,,,,,,,,,,,,,,,,,,N,N,A2800094,19
2026-07-27 02:53:31,data_go_kr,경상남도,A2800113,밀양병원,5,20260727024730,055-356-9119,,,,,,,,,,,,,,,,,,,,,1,,,,,,,,,,,,,,Y,,,,,,Y,N1,,,N1,Y,N1,29,N1,,N1,Y,,0,N1,8,,,1,,,,,,,,,,,,,,,,,0,,,,,1,1,,1,,,,,,,,200,,,,,,,,,,,,,,,,,Y,N1,A2800113,20
2026-07-27 02:53:31,data_go_kr,경상남도,A2800068,의료법인승연의료재단 삼천포서울병원,9,20260727024157,055-830-9019,,,,,,,,,,,,,,,,,,,,,1,,,,,,,,,,,,,,Y,,,,Y,,Y,Y,,,N1,Y,N1,28,N1,,N1,Y,,3,Y,9,,,1,,,,,,,,,,,,,,,,,3,,,,,1,2,1,4,,,,,,,1,287,,,,,,,,,,,,,,,,,Y,N1,A2800068,21
2026-07-27 02:53:31,data_go_kr,경상남도,A2800101,삼천포제일병원,8,20260727024607,055-830-3099,,,,,,,,,,,,,,,,,,,,,2,,,,,,,,,,,,,,Y,,,,,,Y,N1,,,N1,Y,N1,70,N1,,N1,Y,,2,N,8,,,2,,,,,,,,,,,,,,,,,2,,,,,1,1,,1,,,,,,,1,214,,,,,,,,,,,,,,,,,Y,N1,A2800101,22
2026-07-27 02:53:31,data_go_kr,경상남도,E2800380,산청군보건의료원,5,20260727025001,055-970-7582,,,,,,,,,,,,,,,,,,,,,1,,,,,,,,,,,,,,,,,,,,Y,N1,,,N1,N1,N1,20,N1,,N1,N1,,,N1,5,,,1,,,,,,,,,,,,,,,,,,,,,,,,,1,,,,,,,,20,,,,,,,,,,,,,,,,,Y,N1,E2800380,23
2026-07-27 02:53:31,data_go_kr,경상남도,A2804593,양산성모병원,13,20260727025028,055-912-9785,,,,,,,,,,,,,,,,,,,1,,,,,,,,,,,,,,,,Y,,,,,,Y,N1,,,N1,Y,N1,142,N1,6,N1,Y,,4,N1,13,,1,,,,,,,,,,,,,6,,,,,4,,,,,1,2,,1,,,,,,,,214,,,,,,,,,,,,,,,,,Y,N1,A2804593,24
2026-07-27 02:53:31,data_go_kr,경상남도,A2800019,베데스다복음병원,8,20260727024917,055-781-9911,,,,,,,,,,,,,,,,,,,,,1,,,,,,,,,,,,,,Y,,,,,,Y,N1,,,N1,Y,N1,46,N1,,N1,Y,,3,N1,9,,,1,,,,,,,,,,,,,,,,,3,,,,,1,1,,1,,,,,,,,133,,,,,,,,,,,,,,,,,Y,N1,A2800019,25
2026-07-27 02:53:31,data_go_kr,경상남도,A2800090,의령병원,3,20260727024739,055-573-6806,,,,,,,,,,,,,,,,,,,,,1,,,,,,,,,,,,,,Y,,,,,,Y,N1,,,N1,Y,N1,35,N1,,N1,N1,,,N1,4,,,1,,,,,,,,,,,,,,,,,,,,,,1,,,1,,,,,,,,58,,,,,,,,,,,,,,,,,Y,N1,A2800090,26
2026-07-27 02:53:31,data_go_kr,경상남도,A2800084,반도병원,7,20260727025000,055-749-0200,,,,,,,,,,,,,,,,,,,,,1,,,,,,,,,,,,,,Y,,,,,,Y,N1,,,N1,Y,N1,64,N1,,N1,Y,,3,N1,7,,,1,,,,,,,,,,,,,,,,,3,,,,,1,1,,3,,,,,,,,165,,,,,,,,,,,,,,,,,Y,N1,A2800084,27
2026-07-27 02:53:31,data_go_kr,경상남도,A2800015,의료법인 문병욱의료재단 진주고려병원,8,20260727024646,055-751-2525,,,,,,,,,,,,,,,,,,,,,1,,,,,,,,,,,,,,Y,,,,Y,,Y,Y,,,N1,Y,N1,73,N1,3,N1,Y,,4,Y,10,,,1,,,,,,,,,,,,9,,,,,4,,,,,2,2,1,4,,,,,,,1,229,,,,,,,,,,,,,,,,,Y,N1,A2800015,28
2026-07-27 02:53:31,data_go_kr,경상남도,A2800037,진주복음병원,9,20260727024951,055-749-7119,,,,,,,,,,,,,,,,,,,,,1,,,,,,,,,,,,,,Y,,,,,,Y,N1,,,N1,Y,N1,36,N1,,N1,N,,3,N1,9,,,1,,,,,,,,,,,,,,,,,3,,,,,1,1,,1,,,,,,,,131,,,,,,,,,,,,,,,,,N,N1,A2800037,29
2026-07-27 02:53:31,data_go_kr,경상남도,A2800062,태황의료재단한성병원,8,20260727025003,055-530-5119,,,,,,,,,,,,,,,,,,,,,1,,,,,,,,,,,,,,,,,,,,Y,N1,,,N1,N1,N1,49,N1,,N1,N1,,,N1,9,,,1,,,,,,,,,,,,,,,,,,,,,,,,,,,,,,,,,167,,,,,,,,,,,,,,,,,N1,N1,A2800062,30
2026-07-27 02:53:31,data_go_kr,경상남도,A2800025,경상남도마산의료원,13,20260727025002,055-249-1119,,,,,,,,,,,,,,,,,,,1,,1,,,,,2,,,,,,19,,,Y,,,,,,Y,N1,,,Y,Y,N1,66,N1,5,N1,Y,,5,N1,13,,1,1,,,,,,,,,,,,6,2,,,,5,,,27,,1,1,,17,,,2,,,,,263,,,,,,,,,,,,,,,,,Y,N1,A2800025,31
2026-07-27 02:53:31,data_go_kr,경상남도,A2800009,의료법인청아의료재단청아병원,8,20260727025026,055-230-1700,,,,,,,,,,,,,,,,,,,,,1,,,,,,,,,,,,,,Y,,,,,,Y,N1,,,N1,Y,N1,73,N1,,N1,Y,,4,N1,9,,,1,,,,,,,,,,,,,,,,,4,,,,,2,2,,4,,,,,,,,274,,,,,,,,,,,,,,,,,Y,N1,A2800009,32
2026-07-27 02:53:31,data_go_kr,경상남도,A2800021,연세에스병원,7,20260727024634,055-548-7789,,,,,,,,,,,,,,,,,,,,,1,,,,,,,,,,,,,,Y,,,,Y,,Y,Y,,,N1,Y,N1,112,N1,7,N1,Y,,2,N1,9,,,1,,,,,,,,,,,,10,,,,,3,,,,,2,2,1,5,,,,,,,,255,,,,,,,,,,,,,,,,,Y,N1,A2800021,33
2026-07-27 02:53:31,data_go_kr,경상남도,A2800092,새통영병원,9,20260727025032,055-640-4119,,,,,,,,,,,,,,,,,,,,,1,,,,,,,,,,,,,,Y,,,,,,Y,N1,,,N1,Y,N1,57,N1,,N1,Y,,3,N1,9,,,1,,,,,,,,,,,,,,,,,3,,,,,1,2,,3,,,,,,,,256,,,,,,,,,,,,,,,,,Y,N1,A2800092,34
2026-07-27 02:53:31,data_go_kr,경상남도,A2800080,함양성심병원,4,20260727024810,055-964-4322,,,,,,,,,,,,,,,,,,,,,1,,,,,,,,,,,,,,Y,,,,,,Y,N1,,,N1,Y,N1,1,N1,,N1,Y,,2,N1,4,,,1,,,,,,,,,,,,,,,,,2,,,,,1,1,,1,,,,,,,,121,,,,,,,,,,,,,,,,,Y,N1,A2800080,35
2026-07-27 02:53:31,data_go_kr,경상남도,A2800055,삼성합천병원,4,20260727025001,070-5125-5030,,,,,,,,,,,,,,,,,,,,,1,,,,,,,,,,,,,,Y,,,,,,Y,N1,,,N1,Y,N1,23,N1,,N1,Y,,2,N1,4,,,1,,,,,,,,,,,,,,,,,2,,,,,1,1,,1,,,,,,,,141,,,,,,,,,,,,,,,,,Y,N1,A2800055,36
2026-07-27 02:53:31,data_go_kr,제주특별자치도,A2900001,제주한라병원,10,20260727025214,064-740-5159,Y,Y,,,,,0,0,,,3,,,,,,,3,2,,3,3,,,,,16,,5,2,,,Y,,Y,,2,6,Y,9,Y,Y,,,Y,Y,Y,153,Y,7,Y,Y,3,6,N1,15,3,2,3,14,,,7,,,,,20,,,15,,30,,40,6,2,,,2,3,2,3,46,3,8,9,4,2,,,414,,,,,4,2,,4,,,,,,,2,6,Y,Y,A2900001,1
2026-07-27 02:53:31,data_go_kr,제주특별자치도,A2900002,제주특별자치도서귀포의료원,12,20260727025002,064-730-3001,,Y,,,,,,,,,,,,,,,,2,1,,4,2,,,,3,3,,,,3,,Y,,Y,,,,Y,,Y,Y,,,Y,Y,N1,144,N1,7,Y,Y,,4,Y,16,4,1,4,2,,,,,,,,,,,17,3,3,,,4,,26,,1,2,1,1,16,,4,3,,,,1,326,,,,,,,,,,,,,,,,,Y,N1,A2900002,2
2026-07-27 02:53:31,data_go_kr,제주특별자치도,A2900007,제주대학교병원,6,20260727025000,,Y,Y,,,,,,,,0,,,,,,,,,1,3,3,,3,,4,,,,,,4,5,Y,,Y,,,,Y,,Y,Y,,,Y,Y,Y,117,Y,,Y,Y,8,11,N1,20,,1,5,,12,12,16,3,,,,,6,,,,,,,12,,20,9,3,2,2,4,45,8,17,10,5,3,,,458,,,,,,,,,,,,,,,,,Y,Y,A2900007,3
2026-07-27 02:53:31,data_go_kr,제주특별자치도,A2900005,한마음병원,7,20260727024748,064-750-9119,,,,,,,,,,,,,,,,,,,1,,2,,,,,,,,,,,,,,Y,,,,Y,,Y,Y,,,Y,Y,N1,70,N1,5,N1,Y,,4,N1,17,,1,2,,,,,,,,,,,,12,,,,,4,,,,,1,1,1,6,,,2,,,,,216,,,,,,,,,,,,,,,,,Y,N1,A2900005,4
2026-07-27 02:53:31,data_go_kr,제주특별자치도,A2900006,의료법인중앙의료재단중앙병원,7,20260727025022,064-786-7777,,,,,,,,,,,,,,,,,,1,1,,2,,,,,,,,,,,,,,Y,,,,Y,,Y,Y,,,Y,Y,Y,96,N1,7,N1,Y,,3,N1,16,1,1,2,,,,,,,,,,,,16,,,,,3,,,,,1,1,2,10,,,2,1,,,,281,,,,,,,,,,,,,,,,,Y,N1,A2900006,5
2026-07-27 02:53:31,data_go_kr,제주특별자치도,A2900003,의료법인 혜인의료재단 한국병원,3,20260727025032,064-750-0160,,,,,,,,,,,,,,,,,,,,,1,,,,,,,,,,,,,,Y,,,,,,Y,N1,,,N1,Y,N1,37,N1,0,N1,Y,,3,N1,9,,,1,,,,,,,,,,,,10,,,,,3,,,,,1,1,,6,,,,,,,,209,,,,,,,,,,,,,,,,,Y,N1,A2900003,6
2026-07-27 03:54:53,data_go_kr,서울특별시,A1100043,강동경희대학교병원,12,20260727035020,02-440-7000,Y,Y,,,,,2,,,,,,,,,1,,3,2,,2,2,,,,,0,,,,,0,Y,N,Y,,,,Y,,Y,Y,,,Y,Y,Y,157,Y,7,Y,Y,3,16,N,15,3,2,3,19,,,17,,,,,,,,27,,30,,,17,,,1,8,2,2,3,32,9,13,4,1,1,0,0,625,,,,,3,,,,,,,,2,,,,Y,Y,A1100043,1
2026-07-27 03:54:53,data_go_kr,서울특별시,A1100014,고려대학교의과대학부속구로병원,16,20260727034837,02-2626-1550,Y,Y,5,,,,,,,2,,,,,,,,3,,1,,1,,,,3,5,,,,3,2,Y,,Y,,,,Y,,Y,Y,,,Y,Y,Y,96,Y,8,Y,Y,0,24,N1,29,3,,,20,20,10,23,,,,,,,,35,10,30,,,24,,18,4,2,6,6,4,98,11,35,15,10,3,,,778,5,,,,,,,,,,,,,,,,Y,Y,A1100014,2
2026-07-27 03:54:53,data_go_kr,서울특별시,A1100013,한양대학교병원,17,20260727034801,02-2290-8284,Y,Y,4,2,,,1,3,,0,,,,,,,,2,,7,,3,,,,1,4,,,,1,0,Y,,Y,,,,Y,,Y,Y,,,Y,Y,Y,220,Y,0,Y,Y,2,16,Y,20,3,,,22,12,13,25,,,,,,,,0,2,30,,,16,,16,2,1,3,2,3,69,10,20,11,4,3,,1,670,4,8,,,2,5,,,,,,,,,,,Y,Y,A1100013,3
2026-07-27 03:54:53,data_go_kr,서울특별시,A1100008,학교법인고려중앙학원고려대학교의과대학부속병원(안암병원),16,20260727034705,02-920-5374,Y,Y,2,7,,,0,,,0,,,,,,,,4,,2,,1,,,3,1,6,,,,2,1,Y,,Y,,,,Y,,Y,Y,,,Y,Y,Y,68,Y,,Y,Y,-1,25,N1,30,4,,,15,16,19,17,,,,,,9,,,6,31,,,25,,10,3,4,7,6,8,84,14,20,11,8,7,,,777,2,7,,,6,,,,,,,,,,,,Y,Y,A1100008,4
2026-07-27 03:54:53,data_go_kr,서울특별시,A1100005,이화여자대학교의과대학부속목동병원,17,20260727034549,02-2650-5911,Y,Y,,,,,0,0,,1,,,,,,,,8,2,4,4,4,,,,0,12,,,,4,4,Y,,Y,3,,,Y,,Y,Y,,,Y,Y,Y,91,Y,,Y,Y,13,13,N1,19,8,2,4,19,10,13,28,,,,14,,,,,4,32,,,13,,10,9,2,4,4,4,58,10,34,9,3,5,,,526,,,,,1,1,,,,,,,,,,,Y,Y,A1100005,5
2026-07-27 03:54:53,data_go_kr,서울특별시,A1100017,서울대학교병원,0,20260727035022,02-2072-2475,Y,Y,,,1,1,1,0,,1,,0,0,,0,,,8,2,8,4,7,4,0,4,11,13,6,,,6,5,Y,Y,Y,0,,,Y,,Y,Y,2,1,Y,Y,Y,184,Y,,Y,Y,4,53,N1,24,10,2,4,17,10,18,40,22,2,10,5,,8,10,,28,30,6,,53,,41,7,4,13,13,14,160,19,46,22,9,3,1,,1365,,,1,1,2,1,,,0,0,,8,,,,,Y,Y,A1100017,6
2026-07-27 03:54:53,data_go_kr,서울특별시,A1100035,서울특별시서울의료원,14,20260727035000,02-2276-7000,Y,Y,,,,,0,2,1,0,,,,,,,,3,2,,3,3,,,,,1,,,,11,2,Y,Y,Y,2,,,Y,,Y,Y,,,Y,Y,Y,90,Y,0,Y,Y,2,10,Y,19,3,2,3,14,7,,3,,,,6,,,,5,,28,,,10,,30,3,4,5,3,5,65,5,12,7,2,4,1,2,461,,,,,2,4,2,,,,,,,,,,Y,Y,A1100035,7
2026-07-27 03:54:53,data_go_kr,서울특별시,A1100015,연세대학교의과대학강남세브란스병원,10,20260727034841,02-2019-3333,Y,Y,,,,,,,,,,,,,,,,2,1,,2,,,,5,,,,,,,5,Y,,Y,8,,,Y,,Y,Y,,,Y,Y,Y,66,Y,15,Y,Y,0,23,N1,21,2,1,2,,,,28,,,,12,,8,,29,,,,,23,,,5,1,4,3,6,47,10,23,6,3,5,,,691,,,,,,,,,,,,,,,,,Y,Y,A1100015,8
2026-07-27 03:54:53,data_go_kr,서울특별시,A1100010,삼성서울병원,2,20260727034823,02-3410-2060,Y,Y,,,,,,,,15,,,,,,,,2,2,17,1,,5,,5,2,,,,,6,12,Y,,Y,6,,,Y,,Y,Y,,19,Y,Y,Y,201,Y,14,Y,Y,1,52,N1,52,4,2,2,,30,23,59,15,,,12,,12,36,14,2,,,,53,,27,18,8,19,16,15,117,22,43,21,11,2,,,1528,,,,,,,,,,,,,,,,,Y,Y,A1100010,9
2026-07-27 03:54:53,data_go_kr,서울특별시,A1100028,성심의료재단강동성심병원,10,20260727034725,02-2224-2358,Y,Y,,,,,,,,0,,,,,,,2,,1,,5,,,,,2,,,,,,0,Y,,Y,,,,Y,,Y,Y,,,Y,Y,Y,155,Y,-2,Y,Y,3,13,N1,15,,1,6,,18,,3,,,,,,,,19,5,,,,13,,,2,1,4,2,5,35,3,3,8,3,1,,,566,,,,,,,,,,,,,,2,,,Y,Y,A1100028,10
2026-07-27 03:54:53,data_go_kr,서울특별시,A1100053,한국보훈복지의료공단중앙보훈병원,16,20260727034847,02-2225-1100,,,,,,,,,,6,,,,,,,,,1,10,2,0,,,3,1,0,,,,35,0,N,,Y,2,,,Y,,Y,Y,,,Y,Y,Y,161,N1,,N1,Y,,13,N1,22,,1,2,2,14,14,,,,,13,,10,,,1,3,,,13,,60,7,1,3,4,4,38,,,10,1,,,,820,,,,,,,,,,,,,,,,,Y,N1,A1100053,11
2026-07-27 03:54:53,data_go_kr,서울특별시,A1120796,이화여자대학교의과대학부속서울병원,3,20260727034645,02-6986-5119,Y,Y,,,,,,,,0,,,,,,,,9,2,9,5,,,,2,1,,,,,,3,Y,,Y,2,,,Y,,Y,Y,,5,Y,Y,Y,191,Y,0,Y,Y,1,19,N1,14,9,2,6,,10,17,24,,,,17,,11,19,11,7,,,,19,,,4,2,5,5,8,71,9,22,12,4,5,,,732,,,,,,,,,,,,,,,,,Y,Y,A1120796,12
2026-07-27 03:54:53,data_go_kr,서울특별시,A1100041,의료법인서울효천의료재단에이치플러스양지병원,17,20260727035012,070-4665-9119,,,,,,,,,,,,,,,,,,,1,,2,,,,,0,,,,,,2,,,Y,,,,Y,,Y,Y,,,Y,Y,Y,50,Y,2,N1,Y,,7,N1,18,,1,2,,,,,,,,,,,,20,1,,,,7,,,3,,2,3,3,23,,,4,1,1,,,301,,,,,,,,,,,,,,,,,Y,N1,A1100041,13
2026-07-27 03:54:53,data_go_kr,서울특별시,A1100002,건국대학교병원,12,20260727034746,02-2030-5555,Y,Y,,,,,,,,7,,,,,,,,3,1,15,2,,,,,1,,,,,9,1,Y,,Y,,,,Y,,Y,Y,,,Y,Y,Y,223,Y,,Y,Y,0,21,N1,20,4,1,2,,24,25,16,,,,,,,,,1,,,,21,,14,3,2,4,4,5,45,7,18,7,3,14,,,678,,,,,,,,,,,,,,,,,Y,Y,A1100002,14
2026-07-27 03:54:53,data_go_kr,서울특별시,A1100016,인제대학교상계백병원,14,20260727034709,02-950-1119,Y,Y,,,,,,,,1,,,,,,,4,,1,4,2,,,,,1,,,,,3,1,Y,,Y,,,,Y,,Y,Y,,,Y,Y,Y,94,Y,,Y,Y,-1,13,N1,16,,1,2,,19,18,15,,,,,,,,,4,,,,13,,5,2,2,3,2,3,36,10,25,10,3,1,,,390,,,,,,,,,,,,,,4,,,Y,Y,A1100016,15
2026-07-27 03:54:53,data_go_kr,서울특별시,A1100048,노원을지대학교병원,14,20260727034602,02-970-8282,Y,Y,,,,,,,,4,,,,,,,,,1,6,4,,,,,2,,,,,3,0,Y,,Y,,0,0,Y,,Y,Y,,,Y,Y,Y,220,N1,,Y,Y,1,11,N1,17,,1,4,,16,16,10,,,,,,,,,2,,,,11,,21,1,3,2,2,2,26,8,19,3,1,,,,479,,,,,,,,,,,,,,,0,0,Y,Y,A1100048,16
2026-07-27 03:54:53,data_go_kr,서울특별시,A1100020,의료법인한전의료재단한일병원,16,20260727035003,02-901-3119,N,N,,,,,,,,,,,,,,,,2,2,,0,0,,,,0,2,,,,,1,,Y,Y,,,,Y,,Y,Y,,,Y,Y,N1,77,Y,4,N,Y,,8,Y,21,2,2,2,2,,,,,,,,,,,21,1,3,,,8,,,5,,2,1,1,25,1,4,2,,4,2,2,389,,,,,,,,,,,,,,,,,Y,N,A1100020,17
2026-07-27 03:54:53,data_go_kr,서울특별시,A1100001,경희대학교병원,13,20260727034926,02-958-8114,Y,Y,,,,,,,,,,,,,,,,2,2,,3,,,,,,,,,,10,9,Y,,Y,4,,,Y,,Y,Y,,,Y,Y,Y,190,Y,17,Y,Y,0,16,N1,15,3,2,3,,,,14,,,,15,,,,73,,,,,16,,20,10,3,3,3,5,48,6,12,8,3,2,,,657,,,,,,,,,,,,,,,,,Y,Y,A1100001,18
2026-07-27 03:54:53,data_go_kr,서울특별시,A1100021,삼육서울병원,12,20260727034646,02-2210-3566,,N,,,,,,,,,,,,,,,4,,1,,1,0,,,,1,0,,,,,3,Y,,Y,,,,Y,,Y,Y,,,Y,Y,Y,66,Y,2,N,Y,4,5,Y,13,,1,2,2,,,4,,,,,,,,15,1,3,,,5,,,4,2,1,1,2,20,,4,5,2,1,,1,389,,,,,,,,,,,,,,4,,,Y,N1,A1100021,19
2026-07-27 03:54:53,data_go_kr,서울특별시,A1100040,서울특별시보라매병원,20,20260727035000,02-870-2119,Y,Y,,,,,,,,4,,,,,,,,3,2,9,1,,,,3,1,,,,,0,0,Y,,Y,,,,Y,,Y,Y,,,Y,Y,Y,219,Y,,Y,Y,0,14,N1,31,3,2,1,,15,16,14,,,,,,4,,,4,,,,14,,14,3,4,6,3,5,48,14,13,5,9,2,,,695,,,,,,,,,,,,,,,,,Y,Y,A1100040,20
2026-07-27 03:54:53,data_go_kr,서울특별시,A1100003,중앙대학교병원,5,20260727035008,02-6299-1338,Y,Y,0,0,,,1,,,0,,,,,4,,,3,0,5,0,3,,,,0,,,,,4,2,Y,,Y,,,,Y,,Y,Y,,,Y,Y,Y,193,Y,,Y,Y,0,16,N1,18,4,0,0,12,12,17,25,,,,,,,,,11,,,,16,,24,2,2,4,3,4,51,9,21,13,6,12,,,631,0,0,,,1,,,,,,,4,,,,,Y,Y,A1100003,21
2026-07-27 03:54:53,data_go_kr,서울특별시,A1100007,연세대학교의과대학세브란스병원,18,20260727034839,02-2227-7777,Y,Y,,,1,1,,,,4,,,,,,,,7,1,13,3,,5,1,14,3,,1,,,1,0,Y,Y,Y,6,,,Y,,Y,Y,4,9,Y,Y,Y,322,Y,6,Y,Y,12,3,N1,39,8,1,3,,29,24,52,22,2,10,29,,23,17,18,5,,6,,3,,20,30,8,16,16,17,206,55,61,21,16,21,1,,1872,,,1,1,,,,,,,,,,,,,Y,Y,A1100007,22
2026-07-27 03:54:53,data_go_kr,서울특별시,A1100012,학교법인가톨릭학원가톨릭대학교서울성모병원,-8,20260727035014,02-2258-2370,Y,Y,1,2,1,0,,,,6,,,,,,,,1,,16,,,1,1,3,12,,0,,,16,3,Y,,Y,16,,,Y,,Y,Y,,6,Y,Y,Y,192,Y,1,Y,Y,6,32,N1,28,7,,,,22,22,50,3,2,,19,,10,8,5,18,,6,,32,,35,10,2,9,10,8,80,40,39,11,9,4,,,1059,1,5,1,1,,,,,,,,,,,,,Y,Y,A1100012,23
2026-07-27 03:54:53,data_go_kr,서울특별시,A1100009,재단법인아산사회복지재단서울아산병원,15,20260727034915,02-3010-3333,Y,Y,,,2,1,1,2,,0,,,,,,,,6,1,14,9,2,3,1,4,9,4,0,,,8,5,Y,,Y,1,,,Y,,Y,Y,7,5,Y,Y,Y,250,Y,10,Y,Y,10,4,Y,36,11,1,22,2,24,37,61,26,2,13,12,,12,12,12,47,4,6,,4,,28,8,8,21,15,17,190,33,49,30,14,5,,1,2089,,,2,1,1,6,,,,,,,,,,,Y,Y,A1100009,24
2026-07-27 03:54:53,data_go_kr,서울특별시,A1100011,가톨릭대학교여의도성모병원,13,20260727035014,02-3779-1199,,,,,,,,,,-1,,,,,,,,,1,2,4,,,,,1,,,,,,1,Y,,Y,2,,,Y,,Y,Y,,,Y,Y,Y,77,Y,,N1,Y,,13,N1,15,,1,4,,11,9,,,,,9,,,,,1,,,,13,,,1,2,2,2,2,23,,,5,2,2,,,330,,,,,,,,,,,,,,,,,Y,N1,A1100011,25
2026-07-27 03:54:53,data_go_kr,서울특별시,A1100055,한림대학교강남성심병원,17,20260727034711,02-829-5119,Y,Y,,,,,,,,0,,,,,,,,3,1,0,4,,,,4,1,,,,,,,Y,,Y,,,,Y,,Y,Y,,,Y,Y,Y,166,Y,,Y,Y,0,14,N1,20,3,1,4,,21,25,12,,,,,,10,,,7,,,,14,,,,3,3,3,3,54,21,22,13,3,2,,,496,,,,,,,,,,,,,,,,,Y,Y,A1100055,26
2026-07-27 03:54:53,data_go_kr,서울특별시,A1100054,성애의료재단성애병원,14,20260727034754,02-840-7115,Y,Y,,,,,,,,,,,,,,,,,1,,4,,,,,1,,,,,,,Y,,Y,,,,Y,,Y,Y,,,Y,Y,N1,38,N1,2,Y,Y,3,5,N1,15,,1,4,,,,4,,,,,,,,19,1,,,,5,,,,2,2,2,1,8,5,14,2,,,,,252,,,,,,,,,,,,,,,,,Y,Y,A1100054,27
2026-07-27 03:54:53,data_go_kr,서울특별시,A1100004,순천향대학교부속서울병원,16,20260727034823,02-709-9117,Y,Y,,,,,,,,,,,0,,0,,0,2,1,,2,,,,,0,,,,,10,3,Y,,Y,,,,Y,,Y,Y,,,Y,Y,Y,150,Y,1,Y,Y,0,14,N1,20,4,1,2,,,,13,,,,,,,,45,10,,,,14,,21,4,7,3,3,4,51,8,17,14,5,3,,,600,,,,,,,,,,0,,0,,0,,,Y,Y,A1100004,28
2026-07-27 03:54:53,data_go_kr,서울특별시,A1121013,가톨릭대학교은평성모병원,15,20260727035014,02-1811-7755,Y,Y,,,,,,,,0,,,,,,,,8,1,2,2,,,,6,0,,,,,,0,Y,,Y,0,,,Y,,Y,Y,,,Y,Y,Y,140,Y,,Y,Y,4,19,N1,24,8,2,2,,16,9,19,,,,13,,12,,,4,,,,19,,,5,1,4,3,5,46,19,22,10,5,20,,,651,,,,,,,,,,,,,,,,,Y,Y,A1121013,29
2026-07-27 03:54:53,data_go_kr,서울특별시,A1100006,강북삼성병원,8,20260727035036,02-2001-1000,Y,Y,,,,,,,,,,,,,,,,2,1,1,2,,,,,1,,,,,9,2,Y,,Y,2,,,Y,,Y,Y,,3,Y,Y,Y,120,Y,7,Y,Y,0,16,N1,15,2,1,2,,,4,7,,,,12,,,8,24,5,,,,16,,18,3,1,5,4,6,54,13,14,8,4,3,,,526,,,,,,,,,,,,,,,,,Y,Y,A1100006,30
2026-07-27 03:54:53,data_go_kr,서울특별시,A1100052,국립중앙의료원,11,20260727034904,02-2276-2114,N,Y,,,,,,,,,,0,,,0,0,5,3,2,0,3,2,,,,2,0,,11,2,,4,Y,,Y,,2,6,Y,8,Y,Y,,,Y,Y,Y,0,Y,3,Y,Y,,7,N1,15,3,2,3,6,,0,,,,,,20,,,13,2,0,,50,7,2,,7,1,1,1,2,56,1,3,5,5,2,,,202,,,,,,,,,0,,,0,0,5,2,6,Y,N,A1100052,31
2026-07-27 03:54:53,data_go_kr,서울특별시,A1100036,부민병원,10,20260727034541,02-2620-0119,,Y,,,,,,,,,,,,,,,,,1,,,,,,,0,,,,,,0,Y,,Y,,,,Y,,Y,Y,,,Y,Y,Y,59,N1,1,Y,Y,,8,N1,10,,1,,,,,,,,,,,,,14,1,,,,8,,,3,1,3,3,1,22,,1,2,1,,,,282,,,,,,,,,,,,,,,,,Y,N1,A1100036,32
2026-07-27 03:54:53,data_go_kr,서울특별시,A1100051,혜민병원,9,20260727034534,02-2049-9119,,,,,,,,,,,,,,,,,,,1,,,,,,,,,,,,,,,,Y,,,,,,Y,N1,,,Y,Y,N1,30,N1,8,N1,Y,,5,N1,9,,1,,,,,,,,,,,,,19,,,,,5,,,,,2,2,,16,,,2,,,,,205,,,,,,,,,,,,,,,,,Y,N1,A1100051,33
2026-07-27 03:54:53,data_go_kr,서울특별시,A1100026,구로성심병원,8,20260727034854,02-2067-1515,,,,,,,,,,,,,,,,,,,,,1,,,,,,,,,,,,,,Y,,,,,,Y,N1,,,N1,Y,N1,33,N1,4,N1,Y,,3,N1,9,,,1,,,,,,,,,,,,11,,,,,3,,,,,1,1,,5,,,,,,,,191,,,,,,,,,,,,,,,,,Y,N1,A1100026,34
2026-07-27 03:54:53,data_go_kr,서울특별시,A1100049,희명병원,10,20260727035010,02-809-0122,,,,,,,,,,,,,,,,,,,,,1,,,,,,,,,,,,,,Y,,,,,,Y,N1,,,Y,Y,Y,108,N1,1,N1,Y,,4,N1,10,,,1,,,,,,,,,,,,19,,,,,4,,,,,1,1,,9,,,1,1,,,,228,,,,,,,,,,,,,,,,,Y,N1,A1100049,35
2026-07-27 03:54:53,data_go_kr,서울특별시,A1100027,한국원자력의학원원자력병원,9,20260727035027,02-970-2620,,Y,,,,,,,,,,,,,,,1,,1,,1,,,,,1,,,,,,1,Y,,Y,,,,Y,,Y,Y,,,Y,Y,N1,231,N1,8,Y,Y,,10,N1,9,,1,1,,,,,,,,,,,,10,1,,,,10,,,1,1,4,2,1,16,,2,1,,,,,444,,,,,,,,,,,,,,1,,,Y,N1,A1100027,36
2026-07-27 03:54:53,data_go_kr,서울특별시,A1100022,서울특별시동부병원,8,20260727035020,02-920-9119,,Y,,,,,,,,,,,,,,,,,1,,1,,,,,1,,,,,,,Y,,Y,,,,,,Y,N1,,,Y,Y,N1,23,N1,1,Y,Y,,3,N1,8,,1,1,,,,,,,,,,,,8,1,,,,3,,,,1,1,1,,7,,1,1,,,,,195,,,,,,,,,,,,,,,,,Y,N1,A1100022,37
2026-07-27 03:54:53,data_go_kr,서울특별시,A1100050,서울성심병원,14,20260727034930,02-966-1616,,,,,,,,,,,,,,,,,,,1,,2,,,,,,,,,,,,,,Y,,,,,,Y,N1,,,N1,Y,N1,67,N1,9,N1,Y,,6,N1,17,,1,2,,,,,,,,,,,,10,,,,,6,,,,,1,1,,11,,,,,,,,208,,,,,,,,,,,,,,,,,Y,N1,A1100050,38
2026-07-27 03:54:53,data_go_kr,서울특별시,A1100025,의료법인동신의료재단동신병원,8,20260727034823,02-396-9161,N,N,,,,,,,,,,,,,,,,,,,1,,,,,,,,,,,,N,N,Y,,,,N,,Y,N,,,Y,Y,N,40,N,1,N,Y,,3,N,9,,,1,,,,,,,,,,,,9,,,,,3,,,,0,1,1,0,7,0,0,1,0,0,0,0,196,,,,,,,,,,,,,,,,,Y,N,A1100025,39
2026-07-27 03:54:53,data_go_kr,서울특별시,A1122033,기쁨병원,4,20260727034935,02-570-1212,,,,,,,,,,,,,,,,,,,,,1,,,,,,,,,,,,,,Y,,,,Y,,Y,Y,,,N1,Y,N1,65,N1,,N1,Y,,8,N1,4,,,1,,,,,,,,,,,,,,,,,8,,,,,2,2,1,1,,,,,,,,110,,,,,,,,,,,,,,,,,Y,N1,A1122033,40
2026-07-27 03:54:53,data_go_kr,서울특별시,A1100039,경찰병원,3,20260727035002,02-3400-1300,,,,,,,,,,,,,,,,,1,,1,,,,,,,2,,,,,,2,,,Y,,,,,,Y,N1,,,Y,Y,N1,131,N1,14,N1,Y,,7,N1,3,,1,,,,,,,,,,,,,14,2,,,,7,,,2,,2,3,,10,,,2,,,,,187,,,,,,,,,,,,,,1,,,Y,N1,A1100039,41
2026-07-27 03:54:53,data_go_kr,서울특별시,A1100019,홍익병원,4,20260727034918,02-2600-0777,,,,,,,,,,,,,,,,,,,,,1,,,,,0,,,,,,0,,,Y,,,,Y,,Y,Y,,,N,Y,N1,47,N1,9,N1,Y,,4,N1,9,,,1,,,,,,,,,,,,14,1,,,,4,,,1,,4,2,2,7,,,1,,,,,251,,,,,,,,,,,,,,,,,Y,N1,A1100019,42
2026-07-27 03:54:53,data_go_kr,서울특별시,A1100223,서울특별시서남병원,17,20260727035000,02-6300-9129,,,,,,,,,,,,,,,,0,,,1,,2,1,,,,1,0,,,,,4,,,Y,,,,,,Y,N1,,,Y,Y,Y,55,Y,5,N1,Y,,4,N1,17,,1,2,2,,,,,,,,,,,17,1,3,,,4,,,4,,2,1,,16,,,1,1,1,,,275,,,,,,,,,,,,,0,,,,Y,N1,A1100223,43
2026-07-27 03:54:53,data_go_kr,서울특별시,A1100024,명지성모병원,8,20260727035058,02-829-7800,,,,,,,,,,,,,,,,,,,1,,1,,,,,1,,,,,,,,,Y,,,,Y,,Y,Y,,,N1,Y,N1,95,N1,5,N1,Y,,3,N1,8,,1,1,,,,,,,,,,,,12,1,,,,3,,,,,1,3,2,7,,,,,,,,212,,,,,,,,,,,,,,,,,Y,N1,A1100024,44
2026-07-27 03:54:53,data_go_kr,서울특별시,A1100037,대림성모병원,8,20260727034534,02-829-9129,,,,,,,,,,,,,,,,,,,,,2,,,,,,,,,,,,,,Y,,,,,,Y,N1,,,N1,Y,N1,44,N1,,N1,Y,,4,N1,8,,,2,,,,,,,,,,,,,,,,,4,,,,,1,1,,1,,,,,,,,113,,,,,,,,,,,,,,,,,Y,N1,A1100037,45
2026-07-27 03:54:53,data_go_kr,서울특별시,A1100045,씨엠병원,9,20260727034500,070-4698-7811,,,,,,,,,,,,,,,,,,,,,1,,,,,,,,,,,,,,Y,,,,,,Y,N1,,,N1,Y,N1,34,N1,,N1,Y,,5,N1,9,,,1,,,,,,,,,,,,,,,,,5,,,,,2,2,,6,,,,,,,,110,,,,,,,,,,,,,,,,,Y,N1,A1100045,46
2026-07-27 03:54:53,data_go_kr,서울특별시,A1100023,의료법인청구성심병원,7,20260727034817,02-383-0129,,,,,,,,,,,,,,,,,,,,,1,,,,,,,,,,,,,,Y,,,,,,Y,N1,,,N1,Y,N1,7,N1,1,N1,Y,,3,N1,10,,,1,,,,,,,,,,,,6,,,,,3,,,,,1,1,,4,,,,,,,,196,,,,,,,,,,,,,,,,,Y,N1,A1100023,47
2026-07-27 03:54:53,data_go_kr,서울특별시,A1100029,서울적십자병원,9,20260727034844,02-2002-8888,,,,,,,,,,,,,,,,,,,0,,,,,,,,,,,,,,,,Y,,,,,,Y,N1,,,Y,Y,N1,87,N1,8,N1,Y,,6,N1,10,,1,,,,,,,,,,,,,12,,,,,6,,,,,1,1,,11,,,2,,,,,260,,,,,,,,,,,,,,,,,Y,N1,A1100029,48
2026-07-27 03:54:53,data_go_kr,서울특별시,A1100032,세란병원,7,20260727034900,02-737-0181,,,,,,,,,,,,,,,,,,,,,1,,,,,,,,,,,,,,Y,,,,,,Y,N1,,,N1,Y,N1,41,N1,,N1,Y,,13,N1,10,,,1,,,,,,,,,,,,,,,,,13,,,,,3,5,,3,,,,,,,,205,,,,,,,,,,,,,,,,,Y,N1,A1100032,49
2026-07-27 03:54:53,data_go_kr,서울특별시,A1100075,의료법인풍산의료재단동부제일병원,6,20260727034554,02-490-8880,,,,,,,,,,,,,,,,,,,,,1,,,,,,,,,,,,,,Y,,,,,,Y,N1,,,N1,Y,N1,41,N1,,N1,N,,2,N1,7,,,1,,,,,,,,,,,,,,,,,2,,,,,1,1,,3,,,,,,,,124,,,,,,,,,,,,,,,,,Y,N1,A1100075,50
2026-07-27 03:54:53,data_go_kr,서울특별시,A1100044,녹색병원,5,20260727035009,02-490-2113,,,,,,,,,,,,,,,,,,,1,,4,,,,,2,,,,,,1,Y,,Y,,,,,,Y,N1,,,Y,Y,N1,88,N1,6,N1,Y,,3,N1,5,,1,4,,,,,,,,,,,,17,3,,,,3,,,3,1,2,1,,22,,,1,,,,,293,,,,,,,,,,,,,,,,,Y,N1,A1100044,51
2026-07-27 03:54:53,data_go_kr,부산광역시,A1200003,동아대학교병원,21,20260727034709,051-240-5300,Y,Y,2,6,,,,0,1,,,,,,,,,3,,,,9,,,4,5,9,,,,6,1,Y,,Y,2,,,Y,,Y,Y,4,5,Y,Y,Y,149,Y,6,Y,Y,4,18,N1,26,3,,,16,,,20,,,8,13,,11,7,18,6,30,,,18,,18,3,4,5,3,4,76,11,30,16,4,4,,,738,2,6,,,,4,1,,,,,,,,,,Y,Y,A1200003,1
2026-07-27 03:54:53,data_go_kr,부산광역시,A1200022,인제대학교 해운대백병원,23,20260727034416,051-797-0135,Y,Y,,,,,2,2,,9,,,,,,,,2,2,8,3,7,,,,0,12,,,,,0,Y,Y,Y,,,,Y,,Y,Y,,,Y,Y,Y,114,Y,,Y,Y,0,22,N1,29,3,2,3,12,28,27,23,,,,,,,,,2,30,,,22,,,7,2,5,3,4,72,8,40,17,9,11,1,,710,,,,,5,3,,,,,,,,,,,Y,Y,A1200022,2
2026-07-27 03:54:53,data_go_kr,부산광역시,A1200018,대동병원,10,20260727035037,051-550-9391,,,,,,,,,,,,,,,,,,3,1,,2,,,,,0,,,,,,1,,,Y,,,,Y,,Y,Y,,,Y,Y,N1,59,N1,0,N1,Y,,6,N1,15,3,1,2,,,,,,,,,,,,21,1,,,,6,,,1,,2,1,1,10,,,1,,,,,401,,,,,,,,,,,,,,,,,Y,N1,A1200018,3
2026-07-27 03:54:53,data_go_kr,부산광역시,A1200020,의료법인 온그룹의료재단 온병원,17,20260727034534,051-607-0139,,,,,,,,,,,,,,,,,,,1,,2,,,,,1,,,,,,5,,,Y,,,,Y,,Y,Y,,,Y,Y,N1,165,N1,7,N1,Y,,9,Y,20,,1,2,,,,,,,,,,,,23,1,,,,9,,,6,,4,2,2,7,,,1,,,,1,585,,,,,,,,,,,,,,,,,Y,N1,A1200020,4
2026-07-27 03:54:53,data_go_kr,부산광역시,A1200001,인제대학교부산백병원,15,20260727035013,051-890-5995,Y,Y,,,,,,,,5,,,,,,,,,1,4,2,,,,3,1,,,,,3,2,Y,,Y,1,,,Y,,Y,Y,,,Y,Y,Y,165,Y,5,Y,Y,2,17,Y,18,,1,2,,19,18,35,,,,12,,6,,10,1,,,,17,,20,8,4,5,3,6,68,19,38,16,3,7,,2,691,,,,,,,,,,,,,,,,,Y,Y,A1200001,5
2026-07-27 03:54:53,data_go_kr,부산광역시,A1200005,의료법인 은성의료재단 좋은삼선병원,9,20260727034915,051-310-9119,,,,,,,,,,,,,,,,,2,1,1,,1,,,,1,0,,,,,,2,,,Y,1,,,Y,,Y,Y,,,Y,Y,N1,16,N1,3,N1,Y,,7,N1,13,1,1,2,,,,,,,,5,,4,,19,2,,,,7,,,2,,2,2,2,11,,,1,,,,,375,,,,,,,,,,,,,,3,,,Y,N1,A1200005,6
2026-07-27 03:54:53,data_go_kr,부산광역시,A1200004,고신대학교복음병원,15,20260727034958,051-990-6200,Y,Y,1,4,,,,,,6,,,,,,,,,,7,,,,,7,4,,,,,14,1,Y,,Y,1,,,Y,,Y,Y,2,,Y,Y,Y,178,Y,,Y,Y,15,13,Y,25,,,,,13,8,18,,,5,13,,16,,,7,,,,13,,14,1,7,3,3,5,53,13,19,14,3,1,,1,685,1,4,,,,,,,,,,,,,,,Y,Y,A1200004,7
2026-07-27 03:54:53,data_go_kr,부산광역시,A1200002,부산대학교병원,10,20260727035000,051-240-7776,Y,Y,,,,,0,,,3,,,,0,0,0,,3,1,,2,-6,,,,3,3,,21,2,7,4,Y,,Y,0,2,12,Y,17,Y,Y,,,Y,Y,Y,356,Y,6,Y,Y,1,26,N,17,3,1,2,2,10,,20,,,,0,42,,,24,4,3,,82,26,2,19,10,12,9,6,10,100,17,17,21,9,21,,1,901,,,,,2,,,,,,0,0,0,,2,12,Y,Y,A1200002,8
2026-07-27 03:54:53,data_go_kr,부산광역시,A1200007,비에이치에스한서병원,14,20260727035041,051-998-1119,,,,,,,,,,,,,,,,,,,1,,2,2,,,,,3,,,,,,,,Y,,,,Y,,Y,Y,,,Y,Y,Y,76,N1,5,N1,Y,,4,N1,17,,1,2,2,,,,,,,,,,,14,,3,,,4,,,,,1,1,2,11,,,1,1,,,,280,,,,,,,,,,,,,,,,,Y,N1,A1200007,9
2026-07-27 03:54:53,data_go_kr,부산광역시,A1200028,(의)서일의료재단기장병원,8,20260727034950,051-723-2119,,,,,,,,,,,,,,,,,,,,,1,,,,,,,,,,,,,,Y,,,,,,Y,N1,,,N1,Y,N1,16,N1,,N1,Y,,3,N1,9,,,1,,,,,,,,,,,,,,,,,3,,,,,1,1,,1,,,,,,,,154,,,,,,,,,,,,,,,,,Y,N1,A1200028,10
2026-07-27 03:54:53,data_go_kr,부산광역시,A1200015,동남권원자력의학원원자력병원,9,20260727034804,051-720-5911,,,,,,,,,,,,,,,,,,,1,,,,,,,,,,,,,,,,Y,,,,Y,,Y,Y,,,Y,Y,Y,103,N1,8,N1,Y,,8,N1,9,,1,,,,,,,,,,,,,12,,,,,8,,,,,2,2,2,12,,,1,0,,,,261,,,,,,,,,,,,,,,,,Y,N1,A1200015,11
2026-07-27 03:54:53,data_go_kr,부산광역시,A1200013,부산성모병원(재단법인 천주교부산교구유지재단),7,20260727034810,051-933-7119,Y,Y,,,,,,,,,,,,,,,4,4,1,,,,,,,2,,,,,,0,,,Y,,,,,,Y,N1,,,Y,Y,N1,61,N1,10,Y,Y,7,7,N1,10,4,1,,,,,10,,,,,,,,18,2,,,,7,,,2,,1,1,,6,14,13,1,,,,,373,,,,,,,,,,,,,,4,,,Y,Y,A1200013,12
2026-07-27 03:54:53,data_go_kr,부산광역시,A1200026,좋은문화병원,5,20260727034848,051-630-0909,Y,Y,,,,,,,,,,,,,,,,2,1,,2,,,,,,,,,,,2,Y,,Y,,,,,,Y,N1,,,N1,Y,N1,44,N1,4,Y,Y,-1,0,Y,7,2,1,2,,,,12,,,,,,,,8,,,,,8,,,2,8,2,2,,3,6,17,,,,,1,270,,,,,,,,,,,,,,,,,Y,Y,A1200026,13
2026-07-27 03:54:53,data_go_kr,부산광역시,A1200017,의료법인정화의료재단 봉생기념병원,7,20260727034958,051-664-4119,,,,,,,,,,1,,,,,,,,,,0,1,,,,,,,,,,3,1,,,Y,,,,Y,,Y,Y,,,Y,Y,N1,48,N1,,N1,Y,,8,N1,9,,,2,,11,11,,,,,,,,,,,,,,8,,31,1,,1,2,2,11,,,4,,,,,335,,,,,,,,,,,,,,,,,Y,N1,A1200017,14
2026-07-27 03:54:53,data_go_kr,부산광역시,A1200011,동래봉생병원,8,20260727034823,051-520-5700,,,,,,,,,,,,,,,,,,,1,,1,,,,,2,,,,,,,,,Y,,,,Y,,Y,Y,,,Y,Y,N1,32,N1,1,N1,Y,,7,N1,8,,1,1,,,,,,,,,,,,18,2,,,,7,,,,,1,2,2,11,,,1,,,,,241,,,,,,,,,,,,,,,,,Y,N1,A1200011,15
2026-07-27 03:54:53,data_go_kr,부산광역시,A1200009,의료법인 광혜의료재단 광혜병원,8,20260727034941,051-504-2119,,,,,,,,,,,,,,,,,,,2,,1,,,,,,,,,,,0,,,Y,,,,,,Y,N1,,,N1,Y,N1,69,N1,1,N1,Y,,3,N1,9,,2,1,,,,,,,,,,,,9,,,,,3,,,1,,1,1,,4,,,,,,,,190,,,,,,,,,,,,,,,,,Y,N1,A1200009,16
2026-07-27 03:54:53,data_go_kr,부산광역시,A1200019,학교법인)동의병원,13,20260727034800,051-850-8777,,,,,,,,,,,,,,,,,,,,,1,,,,,,,,,,,,,,Y,,,,Y,,Y,Y,,,Y,Y,Y,109,N1,15,N1,Y,,1,N1,14,,,1,,,,,,,,,,,,23,,,,,5,,,,,2,2,2,7,,,2,1,,,,448,,,,,,,,,,,,,,,,,Y,N1,A1200019,17
2026-07-27 03:54:53,data_go_kr,부산광역시,A1200025,학교법인 춘해병원,9,20260727034830,051-608-0119,,,,,,,,,,,,,,,,,,,,,1,,,,,,,,,,,,,,Y,,,,,,Y,N1,,,N1,Y,N1,56,N1,,N1,Y,,4,N1,9,,,1,,,,,,,,,,,,,,,,,4,,,,,1,1,,3,,,,,,,,201,,,,,,,,,,,,,,,,,Y,N1,A1200025,18
2026-07-27 03:54:53,data_go_kr,부산광역시,A1200045,구포성심병원,6,20260727034608,051-330-2090,,,,,,,,,,,,,,,,,,,,,1,,,,,,,,,,,,,,Y,,,,Y,,Y,Y,,,N1,Y,N1,18,N1,,N1,Y,,4,N1,9,,,1,,,,,,,,,,,,,,,,,4,,,,,1,1,1,4,,,,,,,,243,,,,,,,,,,,,,,,,,Y,N1,A1200045,19
2026-07-27 03:54:53,data_go_kr,부산광역시,A1200006,의료법인 인당의료재단 부민병원,10,20260727034541,051-330-3129,,,,,,,,,,,,,,,,,,,1,,1,,,,,1,,,,,,,,,Y,,,,Y,,Y,Y,,,Y,Y,N1,16,N1,1,N1,Y,,8,N1,10,,1,1,,,,,,,,,,,,18,1,,,,8,,,,,2,3,1,7,,,1,,,,,366,,,,,,,,,,,,,,,,,Y,N1,A1200006,20
2026-07-27 03:54:53,data_go_kr,부산광역시,A1200016,한국보훈복지의료공단 부산보훈병원,10,20260727034758,051-601-6183,,,,,,,,,,,,,,,,,,,1,,1,,,,,1,,,,,,,,,Y,,,,Y,,Y,Y,,,N1,Y,N1,31,N1,7,N1,Y,,7,N1,11,,1,1,,,,,,,,,,,,9,1,,,,7,,,,,2,3,2,11,,,,,,,,452,,,,,,,,,,,,,,,,,Y,N1,A1200016,21
2026-07-27 03:54:53,data_go_kr,부산광역시,A1200021,삼육부산병원,8,20260727034924,051-600-7750,,Y,,,,,,,,,,,,,,,,,1,,,,,,,0,,,,,,,Y,,Y,,,,Y,,Y,Y,,,Y,Y,Y,2,N1,0,Y,Y,,,N1,9,,1,,,,,,,,,,,,,14,1,,,,,,,,1,2,1,1,9,,1,2,1,,,,302,,,,,,,,,,,,,,,,,Y,N1,A1200021,22
2026-07-27 03:54:53,data_go_kr,부산광역시,A1200008,의료법인 은성의료재단 좋은강안병원,15,20260727034945,051-610-9119,,,,,,,,,,,,,,,,,,,1,,2,,,,,1,,,,,,1,,,Y,,,,Y,,Y,Y,,,Y,Y,Y,81,N1,3,N1,Y,,11,N1,18,,1,2,,,,,,,,,,,,30,2,,,,11,,,3,,4,3,3,12,,,5,1,,,,535,,,,,,,,,,,,,,,,,Y,N1,A1200008,23
2026-07-27 03:54:53,data_go_kr,부산광역시,A1200098,의료법인 센텀의료재단 센텀종합병원,6,20260727034430,051-750-5119,,,,,,,,,,,,,,,,,,,,,1,,,,,1,,,,,,,,,Y,,,,Y,,Y,Y,,,N1,Y,N1,14,N1,2,N1,Y,,9,N1,9,,,1,,,,,,,,,,,,16,1,,,,9,,,,,2,2,1,11,,,,,,,,338,,,,,,,,,,,,,,,,,Y,N1,A1200098,24
2026-07-27 03:54:53,data_go_kr,부산광역시,A1200024,부산광역시의료원,15,20260727034916,051-607-2140,,N,,,,,,,,5,,,,,,,,,1,6,1,,,,,,,,,,8,6,N,,Y,,,,Y,,Y,Y,,,Y,Y,N1,120,N1,,N,Y,,7,N1,18,,1,1,,13,14,,,,,,,,,,,,,,7,,29,7,1,1,1,2,19,,2,4,,,,,398,,,,,,,,,,,,,,,,,Y,N1,A1200024,25
2026-07-27 03:54:53,data_go_kr,부산광역시,A1200012,의료법인 행도의료재단 해동병원,6,20260727034950,051-410-6688,,,,,,,,,,,,,,,,,,,1,,,,,,,,,,,,,0,,,Y,,,,,,Y,N1,,,Y,Y,N1,34,N1,3,N1,Y,,2,Y,6,,1,,,,,,,,,,,,,9,,,,,3,,,0,,1,1,,5,,,1,,,,12,256,,,,,,,,,,,,,,,,,Y,N1,A1200012,26
2026-07-27 03:54:53,data_go_kr,부산광역시,A1200014,영도병원,4,20260727034707,051-419-7575,,,,,,,,,,,,,,,,,,,1,,1,,,,,,,,,,,,,,Y,,,,,,Y,N1,,,N1,Y,N1,16,N1,2,N1,Y,,3,N1,7,,1,1,,,,,,,,,,,,10,,,,,3,,,,,1,1,,7,,,,,,,,217,,,,,,,,,,,,,,,,,Y,N1,A1200014,27
2026-07-27 03:54:53,data_go_kr,부산광역시,A1200023,재단법인천주교부산교구유지재단 메리놀병원,8,20260727034809,051-461-2300,,,,,,,,,,,,,,,,,,,,,1,,,,,0,,,,,,,Y,,Y,,,,Y,,Y,Y,,,Y,Y,N1,93,N1,3,N1,Y,,8,N1,9,,,1,,,,,,,,,,,,18,1,,,,8,,,,1,1,1,1,9,,,2,,,,,380,,,,,,,,,,,,,,,,,Y,N1,A1200023,28
2026-07-27 03:54:53,data_go_kr,부산광역시,A1205143,의료법인 인당의료재단 해운대부민병원,9,20260727034541,051-602-8119,,,,,,,,,,,,,,,,,,,1,,,,,,,0,,,,,,1,,,Y,,,,Y,,Y,Y,,,Y,Y,N1,22,N1,5,N1,Y,,8,Y,9,,1,,,,,,,,,,,,,19,2,,,,8,,,3,,2,2,1,10,,,1,,,,1,360,,,,,,,,,,,,,,,,,Y,N1,A1205143,29
2026-07-27 03:54:53,data_go_kr,대구광역시,A1300001,영남대학교병원,25,20260727034737,053-620-3177,Y,Y,,0,,,0,3,,1,0,,,,,,,3,2,9,3,6,,,0,3,7,,,,10,4,Y,,Y,3,,,Y,,Y,Y,,,Y,Y,Y,168,Y,,Y,Y,-1,23,Y,28,3,2,3,21,10,15,15,,,,14,,7,,,13,30,,,23,,20,7,2,4,4,4,75,5,11,8,5,5,,1,704,,0,,,1,3,,0,,,,,,,,,Y,Y,A1300001,1
2026-07-27 03:54:53,data_go_kr,대구광역시,A1300002,경북대학교병원,6,20260727034706,053-200-5100,Y,Y,2,3,,,,,,1,,,,,,,,4,,5,,8,,,6,,31,,13,2,9,2,Y,,Y,3,2,6,Y,2,Y,Y,0,4,Y,Y,Y,147,Y,,Y,Y,1,17,N1,25,4,,,20,7,7,15,,,6,7,20,10,11,,,44,,40,17,2,20,5,2,5,5,5,82,8,11,11,9,5,,,582,2,3,,,,,,,,,,,,,2,6,Y,Y,A1300002,2
2026-07-27 03:54:53,data_go_kr,대구광역시,A1300004,대구가톨릭대학교병원,12,20260727034944,053-650-3000,Y,Y,,,,,,,,0,,,,,,,,,1,3,3,,,,,2,,,,,1,3,Y,Y,Y,2,,,Y,,Y,Y,,,Y,Y,Y,276,Y,0,Y,Y,1,19,N1,24,,1,3,,15,25,42,,,,16,,,,0,6,,,,19,,20,9,2,3,3,5,58,20,32,8,3,4,1,,704,,,,,,,,,,,,,,,,,Y,Y,A1300004,3
2026-07-27 03:54:53,data_go_kr,대구광역시,A1300003,계명대학교동산병원,8,20260727034948,053-258-6306,Y,Y,,,,,,,,0,,,,,,,,,2,0,2,,2,,,0,11,,,,3,2,Y,Y,Y,3,,,Y,,Y,Y,6,,Y,Y,Y,262,Y,2,Y,Y,2,24,Y,20,,2,3,,11,13,39,7,,8,15,,,,10,4,20,,,24,,20,16,6,6,5,7,56,13,37,9,4,14,1,2,769,,,,,,,,,,,,,,,,,Y,Y,A1300003,4
2026-07-27 03:54:53,data_go_kr,대구광역시,A1300009,대구파티마병원,-8,20260727035000,053-940-7119,Y,Y,,,,,,,,0,,,,,,,,2,2,3,5,2,,,,2,2,,,,,,Y,,Y,7,,,Y,,Y,Y,,,Y,Y,Y,166,Y,,Y,Y,2,17,N1,25,5,2,5,2,17,8,8,,,,12,,,,,9,4,,,17,,,,2,5,3,4,32,11,19,5,1,1,,,539,,,,,,,,,,,,,,,,,Y,Y,A1300009,5
2026-07-27 03:54:53,data_go_kr,대구광역시,A1300010,칠곡경북대학교병원,16,20260727034806,053-200-2100,Y,Y,,,1,1,,,,4,,,,,,,,4,1,10,2,,2,1,,4,0,3,,,12,13,Y,,Y,,,,Y,,Y,Y,,,Y,Y,Y,249,Y,,Y,Y,6,19,N1,23,7,1,3,,10,15,39,10,2,,,,,,,4,0,8,,19,,20,13,2,8,5,8,52,9,27,9,3,1,,,760,,,1,1,,,,,,,,,,,,,Y,Y,A1300010,6
2026-07-27 03:54:53,data_go_kr,대구광역시,A1300034,드림종합병원,6,20260727034627,053-640-8575,,,,,,,,,,,,,,,,,1,,,,1,,,,,,,,,,,,,,Y,,,,Y,,Y,Y,,,Y,Y,Y,10,N1,,N1,N,,3,N1,8,,,1,,,,,,,,,,,,,,,,,3,,,,,2,1,1,2,,,1,1,,,,159,,,,,,,,,,,,,,1,,,Y,N1,A1300034,7
2026-07-27 03:54:53,data_go_kr,대구광역시,A1300006,의료법인구의료재단구병원,8,20260727034952,053-557-7119,,,,,,,,,,,,,,,,,,,,,1,,,,,0,,,,,,,,,Y,,,,,,Y,N1,,,N1,Y,N1,76,N1,7,N1,Y,,9,N1,10,,,1,,,,,,,,,,,,18,1,,,,9,,,,,3,1,,3,,,,,,,,235,,,,,,,,,,,,,,,,,Y,N1,A1300006,8
2026-07-27 03:54:53,data_go_kr,대구광역시,A1300110,더블유병원,10,20260727035011,053-550-5019,,,,,,,,,,,,,,,,,,,,,1,,,,,,,,,,,,,,Y,,,,,,Y,N1,,,N1,Y,N1,37,N1,,N1,N,,7,Y,10,,,1,,,,,,,,,,,,,,,,,8,,,,,1,1,,1,,,,,,,8,431,,,,,,,,,,,,,,,,,Y,N1,A1300110,9
2026-07-27 03:54:53,data_go_kr,대구광역시,A1300011,한국보훈복지의료공단대구보훈병원,11,20260727034959,053-630-7014,,,,,,,,,,,,,,,,,,,1,,1,,,,,1,,,,,,1,,,Y,,,,Y,,Y,Y,,,N1,Y,N1,49,N1,4,N1,Y,,6,N1,12,,1,1,,,,,,,,,,,,13,1,,,,6,,,1,,1,3,2,9,,,,,,,,406,,,,,,,,,,,,,,,,,Y,N1,A1300011,10
2026-07-27 03:54:53,data_go_kr,대구광역시,A1300045,삼일병원,9,20260727034943,053-659-3119,,,,,,,,,,,,,,,,,,,1,,,,,,,,,,,,,,,,Y,,,,Y,,Y,Y,,,N1,Y,N1,41,N1,,N1,N,,4,N1,14,,1,,,,,,,,,,,,,,,,,,4,,,,,3,2,1,3,,,,,,,,299,,,,,,,,,,,,,,,,,Y,N1,A1300045,11
2026-07-27 03:54:53,data_go_kr,대구광역시,A1300038,나사렛종합병원,9,20260727034753,053-643-3119,,,,1,,,,,,,,,,,,,,,,,1,,,,,1,,,,,,,,,Y,,,,Y,,Y,Y,,,Y,Y,N1,22,N1,3,N1,Y,,5,N1,9,,,1,,,,,,,,,,,,28,1,,,,5,,,,,2,2,2,5,,,1,,,,,231,,9,,,,,,,,,,,,,,,Y,N1,A1300038,12
2026-07-27 03:54:53,data_go_kr,대구광역시,A1300018,강남종합병원,15,20260727034635,053-980-9018,,,,,,,,,,,,,,,,,,,1,,,,,,,,,,,,,1,,,Y,,,,,,Y,N1,,,N1,Y,N1,54,N1,,N1,Y,,7,N1,15,,1,,,,,,,,,,,,,,,,,,7,,,1,,2,2,,2,,,,,,,,207,,,,,,,,,,,,,,,,,Y,N1,A1300018,13
2026-07-27 03:54:53,data_go_kr,대구광역시,A1300005,대구가톨릭대학교칠곡가톨릭병원,7,20260727034616,053-320-2111,,,,,,,,,,,,,,,,,,,,,1,,,,,,,,,,,,,,Y,,,,,,Y,N1,,,N1,Y,N1,14,N1,,N1,Y,,3,N1,9,,,1,,,,,,,,,,,,,,,,,3,,,,,2,2,,1,,,,,,,,161,,,,,,,,,,,,,,,,,Y,N1,A1300005,14
2026-07-27 03:54:53,data_go_kr,대구광역시,A1300076,대구굿모닝병원,17,20260727035014,053-620-9119,,,,,,,,,,,,,,,,,,,1,,1,,,,,1,,,,,,,,,Y,,,,Y,,Y,Y,,,N1,Y,N1,70,N1,1,N1,Y,,2,N1,17,,1,1,,,,,,,,,,,,26,1,,,,4,,,,,2,4,2,13,,,,,,,,226,,,,,,,,,,,,,,,,,Y,N1,A1300076,15
2026-07-27 03:54:53,data_go_kr,대구광역시,A1300007,대구의료원,17,20260727035001,053-560-7288,,Y,,,,,,,,,,,,,,,,,1,,1,,,,,0,,,,,1,1,Y,,Y,,,,,,Y,N1,,,N1,Y,N1,46,N1,5,Y,Y,,4,N1,18,,1,1,,,,,,,,,,,,18,1,,,,4,,82,3,1,1,1,,13,,4,,,,,,254,,,,,,,,,,,,,,,,,Y,N1,A1300007,16
2026-07-27 03:54:53,data_go_kr,대구광역시,A1300081,(재)미리내천주성삼성직수도회천주성삼병원,7,20260727035002,053-790-0555,,,,,,,,,,,,,,,,,,,,,1,,,,,,,,,,,,,,Y,,,,,,Y,N1,,,N1,Y,N1,13,N1,,N1,Y,,4,N1,9,,,1,,,,,,,,,,,,,,,,,4,,,,,1,2,,4,,,,,,,,294,,,,,,,,,,,,,,,,,Y,N1,A1300081,17
2026-07-27 03:54:53,data_go_kr,대구광역시,A1300008,곽병원,9,20260727034841,053-605-3333,,,,,,,,,,,,,,,,,,,,,2,,,,,,,,,,,,,,Y,,,,,,Y,N1,,,N1,Y,N1,8,N1,,N1,Y,,4,N1,10,,,2,,,,,,,,,,,,,,,,,4,,,,,1,1,,2,,,,,,,,221,,,,,,,,,,,,,,,,,Y,N1,A1300008,18
2026-07-27 03:54:53,data_go_kr,대구광역시,A1303386,계명대학교대구동산병원,11,20260727034903,053-250-8481,,,,,,,,,,,,,,,,,,,1,,1,,,,,0,,,,,,,N,,Y,,,,Y,,Y,Y,,,Y,Y,N1,38,N,0,N1,Y,,3,N1,12,,1,1,,,,,,,,,,,,7,5,,,,3,,,,0,2,1,1,6,,,6,,0,,,196,,,,,,,,,,,,,,,,,Y,N1,A1303386,19
2026-07-27 03:54:53,data_go_kr,인천광역시,A1400001,의료법인 길의료재단 길병원,11,20260727034835,032-460-3012,Y,Y,2,2,1,1,,0,,8,,,,,2,,,6,,4,,4,,2,2,4,19,1,9,2,11,12,Y,,Y,2,2,6,Y,0,Y,Y,,0,Y,Y,Y,355,Y,,Y,Y,0,3,Y,23,9,,,18,38,11,30,,2,,14,20,6,4,,11,30,6,47,3,2,18,13,3,6,6,7,113,19,40,19,10,6,,1,995,2,3,1,1,,2,,,,,,3,,,2,6,Y,Y,A1400001,1
2026-07-27 03:54:53,data_go_kr,인천광역시,A1400002,인하대학교의과대학부속병원,9,20260727034607,032-890-2301,Y,Y,,,1,1,,,,0,,,,,,,,3,2,0,4,0,0,0,0,0,0,2,,,4,7,Y,Y,Y,,,,Y,,Y,Y,,,Y,Y,Y,156,Y,0,Y,Y,0,15,Y,20,7,2,5,20,25,13,27,3,2,,,,7,,23,3,30,6,,16,,15,7,4,6,3,5,109,17,27,13,9,7,1,2,681,,,1,1,,,,,,,,,,,,,Y,Y,A1400002,2
2026-07-27 03:54:53,data_go_kr,인천광역시,A1400010,검단탑병원,16,20260727034659,032-590-0077,,,,,,,,,,,,,,,,,,,1,,2,,,,,0,,,,,,1,,,Y,,,,Y,,Y,Y,,,Y,Y,N1,43,N1,3,N1,Y,,6,N1,18,,1,2,,,,,,,,,,,,15,3,,,,6,,,2,,2,2,1,11,,,1,,,,,279,,,,,,,,,,,,,,,,,Y,N1,A1400010,3
2026-07-27 03:54:53,data_go_kr,인천광역시,A1403372,인천세종병원,14,20260727035010,032-240-8119,,,,,,,,,,,,,,,,,,,3,,,1,,,,1,2,,,,,3,,,Y,,,,Y,,Y,Y,,,Y,Y,Y,77,Y,9,N1,Y,,7,N1,18,,3,,2,,,,,,,,,,,20,2,3,,,7,,,6,,2,2,3,13,,,4,5,1,,,274,,,,,,,,,,,,,,,,,Y,N1,A1403372,4
2026-07-27 03:54:53,data_go_kr,인천광역시,A1400014,의료법인인성의료재단한림병원,15,20260727034600,032-540-9119,,,,,,,,,,,,,,,,,,,2,,2,,,,,2,,,,,,2,Y,,Y,,,,Y,,Y,Y,,,Y,Y,Y,45,N1,0,N1,Y,,6,N1,17,,2,2,,,,,,,,,,,,21,2,,,,6,,,2,1,3,2,2,20,,,3,3,,,,391,,,,,,,,,,,,,,,,,Y,N1,A1400014,5
2026-07-27 03:54:53,data_go_kr,인천광역시,A1400016,인천사랑병원,9,20260727035026,032-457-2119,,Y,,,,,,,,,,,,,,,4,,1,,2,,,,,1,0,,,,,1,Y,,Y,,,,Y,,Y,Y,,,Y,Y,N1,16,Y,10,Y,Y,,7,N1,14,,1,2,,,,,,,,,,,,17,1,5,,,7,,,1,1,2,1,1,12,,1,2,,1,,,281,,,,,,,,,,,,,,4,,,Y,N1,A1400016,6
2026-07-27 03:54:53,data_go_kr,인천광역시,A1400012,가톨릭대학교 인천성모병원,16,20260727035012,032-280-6107,Y,Y,,,,,,,,-1,,,,,,,,2,3,0,2,5,,,,0,,,,,,3,Y,,Y,7,,,Y,,Y,Y,,,Y,Y,Y,30,Y,,Y,Y,0,17,N1,19,4,3,5,12,15,18,13,,,,15,,,,,10,,,,17,,,9,1,4,4,5,53,5,14,11,5,4,,,579,,,,,,,,,,,,,,,,,Y,Y,A1400012,7
2026-07-27 03:54:53,data_go_kr,인천광역시,A1400013,안은의료재단 부평세림병원,16,20260727035021,032-509-5777,,,,,,,,,,,,,,,,,,,1,,3,2,,,,1,0,,,,,2,,,Y,,,,Y,,Y,Y,,,Y,Y,Y,32,N1,6,N1,Y,,4,N1,16,,1,3,2,,,,,,,,,,,11,2,3,,,4,,,2,,3,2,1,9,,,1,1,,,,234,,,,,,,,,,,,,,,,,Y,N1,A1400013,8
2026-07-27 03:54:53,data_go_kr,인천광역시,A1400015,가톨릭관동대학교국제성모병원,17,20260727035014,032-290-3065,Y,Y,3,0,,,,,,1,,,18,,,,,3,0,,0,,,,,,,,,,3,3,Y,,Y,-3,,,Y,,Y,Y,,,Y,Y,N,224,Y,,Y,Y,,11,N1,23,3,0,0,,40,,,,,,13,,,,,,,,,11,,11,3,2,3,2,3,34,2,11,6,2,1,,,641,5,0,,,,,,,,21,,,,,,,Y,Y,A1400015,9
2026-07-27 03:54:53,data_go_kr,인천광역시,A1400003,의료법인 루가의료재단 나은병원,8,20260727034913,032-584-4119,,Y,,,,,,,,3,,,,,,,7,,1,5,2,,,,,3,,,,,,8,Y,,Y,,,,Y,,Y,Y,,,Y,Y,Y,88,Y,,Y,Y,,10,N1,11,,1,2,,14,13,,,,,,,,,,3,,,,10,,,9,1,2,2,3,17,,1,3,1,1,,,367,,,,,,,,,,,,,,7,,,Y,N1,A1400003,10
2026-07-27 03:54:53,data_go_kr,인천광역시,A1400011,의료법인 나사렛의료재단 나사렛국제병원,12,20260727034740,032-899-9699,,,,,,,,,,,,,,,,,,,1,,2,,,,,0,,,,,,,,,Y,,,,Y,,Y,Y,,,Y,Y,N1,58,N1,0,N1,Y,,5,N1,17,,1,2,,,,,,,,,,,,16,1,,,,5,,,,,2,2,2,8,,,2,,,,,282,,,,,,,,,,,,,,,,,Y,N1,A1400011,11
2026-07-27 03:54:53,data_go_kr,인천광역시,A1403617,비에스종합병원,10,20260727034832,032-290-0119,,Y,,,,,,,,,,,,,,,,,1,,,,,,,0,,,,,,,Y,,Y,,,,Y,,Y,Y,,,Y,Y,N1,97,N1,5,Y,N1,0,2,N1,10,,1,,,,,1,,,,,,,,18,1,,,,2,,,,1,1,,1,6,,1,1,,,,,180,,,,,,,,,,,,,,,,,Y,N1,A1403617,12
2026-07-27 03:54:53,data_go_kr,인천광역시,A1400005,온누리병원,9,20260727034915,032-568-9112,,,,,,,,,,,,,,,,,,,1,,1,,,,,,,,,,,,,,Y,,,,,,Y,N1,,,N1,Y,N1,40,N1,,N1,Y,,3,N1,9,,1,1,,,,,,,,,,,,,,,,,3,,,,,1,1,,5,,,,,,,,190,,,,,,,,,,,,,,,,,Y,N1,A1400005,13
2026-07-27 03:54:53,data_go_kr,인천광역시,A1403871,인천힘찬종합병원,15,20260727034622,032-459-3168,,,,,,,,,,,,,,,,,,,1,,2,,,,,0,,,,,,,,,Y,,,,,,Y,N1,,,N1,Y,N1,54,N1,1,N1,Y,,7,N1,17,,1,2,,,,,,,,,,,,8,1,,,,7,,,,,2,2,,1,,,,,,,,235,,,,,,,,,,,,,,,,,Y,N1,A1403871,14
2026-07-27 03:54:53,data_go_kr,인천광역시,A1400004,현대유비스병원,17,20260727034702,032-890-5582,,,,,,,,,,,,,,,,,,,1,,,,,,,0,,,,,,,,,Y,,,,Y,,Y,Y,,,Y,Y,N1,12,N1,4,N1,Y,,6,N1,18,,1,,,,,,,,,,,,,13,1,,,,6,,,,,2,2,1,8,,,2,,,,,285,,,,,,,,,,,,,,,,,Y,N1,A1400004,15
2026-07-27 03:54:53,data_go_kr,인천광역시,A1400008,(의)성세의료재단 뉴성민병원,8,20260727034919,032-726-1119,,,,,,,,,,,,,,,0,,,,,,1,,,,,2,,,,,,,,,Y,,,,,,Y,N1,,,Y,Y,N1,123,N1,10,N1,Y,,6,Y,9,,,1,,,,,,,,,,,,17,2,,,,6,,,,,2,2,,11,,,2,,,,1,265,,,,,,,,,,,,0,,,,,Y,N1,A1400008,16
2026-07-27 03:54:53,data_go_kr,인천광역시,A1400018,인천적십자병원,8,20260727034837,032-899-4119,,,,,,,,,,,,,,,,,,,1,,1,,,,,,,,,,,,,,Y,,,,,,Y,N1,,,N1,Y,N1,66,N1,3,N1,Y,,3,N1,8,,1,1,,,,,,,,,,,,8,,,,,3,,,,,1,1,,2,,,,,,,,104,,,,,,,,,,,,,,,,,Y,N1,A1400018,17
2026-07-27 03:54:53,data_go_kr,인천광역시,A1400037,인천광역시의료원백령병원,4,20260727035001,032-836-1732,Y,Y,,,,,,,,,,,,,,,,,,,1,,,,,,,,,,,,,,Y,,,,,,Y,N1,,,N1,Y,N1,30,N1,,Y,N1,,1,N1,5,,,1,,,,,,,,,,,,,,,,,1,,,,,1,,,1,1,2,,,,,,30,,,,,,,,,,,,,,,,,Y,Y,A1400037,18
2026-07-27 03:54:53,data_go_kr,인천광역시,A1400009,인천기독병원,8,20260727034926,032-270-8300,,,,,,,,,,,,,,,,,,,,,1,,,,,,,,,,,,,,Y,,,1,,,Y,N1,,,N1,Y,N1,33,N1,10,N1,Y,,4,N1,8,,,1,,,,,,,,,,,,10,,,,,4,,,,,1,1,,1,,,,,,,,139,,,,,,,,,,,,,,,,1,Y,N1,A1400009,19
2026-07-27 03:54:53,data_go_kr,인천광역시,A1400017,인천광역시의료원,15,20260727035002,032-580-6119,,,,,,,,,,,,,,,,,,,2,,,,,,,0,,,,,24,7,,,Y,,,,,,Y,N1,,,N1,Y,N1,29,N1,2,N1,Y,,6,N1,15,,2,,,,,,,,,,,,,13,0,,,,6,,45,7,,1,1,,19,,,,,,,,198,,,,,,,,,,,,,,,,,Y,N1,A1400017,20
2026-07-27 03:54:53,data_go_kr,인천광역시,A1400007,의료법인 성수의료재단 인천백병원,4,20260727034807,032-280-8119,,,,,,,,,,,,,,,,,,,,,1,,,,,,,,,,,,,,Y,,,,,,Y,N1,,,Y,Y,N1,37,N1,1,N1,Y,,4,N1,5,,,1,,,,,,,,,,,,12,,,,,4,,,,,2,2,,6,,,1,,,,,189,,,,,,,,,,,,,,,,,Y,N1,A1400007,21
2026-07-27 03:54:53,data_go_kr,대전광역시,A1600006,학교법인건양교육재단건양대학교병원,22,20260727035003,042-600-9119,Y,Y,,0,,,1,0,4,,0,0,0,0,,0,,5,2,,3,7,,,,4,5,,,,11,1,Y,,Y,,,,Y,,Y,Y,,,Y,Y,Y,284,Y,36,Y,Y,0,19,Y,24,5,2,3,16,,,24,,,,,,,,59,5,28,,,20,,20,1,2,4,4,4,46,17,23,10,3,1,,1,658,,0,,,1,3,4,0,0,0,0,,0,,,,Y,Y,A1600006,1
2026-07-27 03:54:53,data_go_kr,대전광역시,A1600001,충남대학교병원,16,20260727035000,042-280-8129,Y,Y,0,0,,,,,,3,,,,,,,0,5,2,6,2,4,2,,3,6,23,,,,16,9,Y,,Y,,,,Y,,Y,Y,,,Y,Y,Y,222,Y,4,Y,Y,9,21,N1,28,6,2,3,20,16,14,34,5,,,,,10,,12,8,30,,,21,,26,14,5,5,4,5,76,12,36,6,8,2,,,966,0,0,,,,,,,,,,,,0,,,Y,Y,A1600001,2
2026-07-27 03:54:53,data_go_kr,대전광역시,A1600002,학교법인을지학원대전을지대학교병원,16,20260727035001,042-259-1119,Y,Y,,,,,,,,4,,0,0,-10,-5,4,3,,2,5,1,,,,4,1,,,2,2,6,,Y,,Y,,2,6,Y,2,Y,Y,,,Y,Y,Y,81,Y,,Y,Y,16,15,N1,21,,2,1,,20,20,20,,,,,20,5,,,11,,,40,15,2,20,,16,4,2,4,70,12,47,7,3,3,,,331,,,,,,,,,0,0,0,0,30,3,2,6,Y,Y,A1600002,3
2026-07-27 03:54:53,data_go_kr,대전광역시,A1600007,의료법인영훈의료재단유성선병원,14,20260727034919,042-609-1119,,,,,,,,,,,,,,,,,,,2,,1,,,,,1,,,,,,0,Y,,Y,,,,Y,,Y,Y,,,Y,Y,Y,92,N1,1,N1,Y,,-4,Y,17,,2,1,,,,,,,,,,,,19,1,,,,7,,,1,1,3,3,2,17,,,2,1,,,1,368,,,,,,,,,,,,,,,,,Y,N1,A1600007,4
2026-07-27 03:54:53,data_go_kr,대전광역시,A1600005,학교법인가톨릭학원가톨릭대학교대전성모병원,16,20260727035012,042-220-9118,Y,Y,,,,,,,,5,,,,,,,,,3,2,,,,,0,0,,,,,,3,Y,,Y,0,,,Y,,Y,Y,2,1,Y,Y,Y,126,N1,,Y,Y,4,12,N1,19,,3,,,15,3,4,,,3,9,,3,2,,1,,,,12,,,4,1,3,2,4,24,5,7,5,2,,,,537,,,,,,,,,,,,,,,,,Y,Y,A1600005,5
2026-07-27 03:54:53,data_go_kr,대전광역시,A1600008,의료법인영훈의료재단대전선병원,17,20260727034823,042-220-8129,,,,,,,,,,,,,,,,,,,1,,3,,,,,-1,,,,,,0,Y,,Y,,,,Y,,Y,Y,,,Y,Y,N1,68,N1,4,N1,Y,,7,N1,17,,1,3,,,,,,,,,,,,24,1,,,,7,,,1,1,2,2,2,11,,,3,,,,,311,,,,,,,,,,,,,,,,,Y,N1,A1600008,6
2026-07-27 03:54:53,data_go_kr,대전광역시,A1600004,대전보훈병원,7,20260727034616,042-939-0100,,,,,,,,,,,,,,,,,,,1,,1,,,,,1,,,,,,1,,,Y,,,,Y,,Y,Y,,,N1,Y,N1,68,N1,3,N1,Y,,5,N1,7,,1,1,,,,,,,,,,,,10,1,,,,5,,,1,,1,3,1,12,,,,,,,,316,,,,,,,,,,,,,,,,,Y,N1,A1600004,7
2026-07-27 03:54:53,data_go_kr,대전광역시,A1600003,대전한국병원,8,20260727035009,042-606-1119,,Y,,,,,,,,,,,,,,,,,1,,,,,,,,,,,,,,Y,,Y,,,,Y,,Y,Y,,,Y,Y,N1,40,N1,2,Y,Y,,4,N1,9,,1,,,,,,,,,,,,,12,,,,,4,,,,4,2,2,2,6,,1,1,,,,,241,,,,,,,,,,,,,,,,,Y,N1,A1600003,8
2026-07-27 03:54:53,data_go_kr,대전광역시,A1602246,대청병원,5,20260727035004,042-589-0119,,,,,,,,,,,,,,,,,,,,,1,,,,,,,,,,,,,,Y,,,,,,Y,N1,,,Y,Y,N1,99,N1,2,N1,Y,,3,N1,9,,,1,,,,,,,,,,,,17,,,,,3,,,,,2,1,,10,,,1,,,,,245,,,,,,,,,,,,,,,,,Y,N1,A1602246,9
2026-07-27 03:54:53,data_go_kr,울산광역시,A1700004,학교법인울산공업학원울산대학교병원,14,20260727034745,052-250-7000,Y,Y,3,3,,,,0,,7,,,4,,5,,,7,0,11,0,2,,,2,8,10,,1,2,9,0,Y,,Y,,1,6,Y,11,Y,Y,,2,Y,Y,Y,157,Y,3,Y,Y,3,20,N1,21,8,0,0,12,13,16,26,,,,,20,6,2,8,8,36,,42,20,2,20,0,5,7,5,6,83,14,27,17,8,4,,,725,3,3,,,,8,,,,4,,5,,,2,6,Y,Y,A1700004,1
2026-07-27 03:54:53,data_go_kr,울산광역시,A1700028,의료법인정안의료재단중앙병원,16,20260727034814,052-226-1119,,,,,,,,,,,,,,,,,,,1,,2,-1,,,,2,1,,,,,0,,,Y,,,,Y,,Y,Y,,,Y,Y,N1,63,N1,0,N1,Y,,8,N1,17,,1,2,2,,,,,,,,,,,18,2,4,,,8,,,1,,2,2,2,7,,,2,,,,,335,,,,,,,,,,,,,,,,,Y,N1,A1700028,2
2026-07-27 03:54:53,data_go_kr,울산광역시,A1700003,울산병원,19,20260727035003,052-259-5119,,,,,,,,,,,,,,,,,,,1,,2,1,,,,0,2,,,,,,,,Y,,,,Y,,Y,Y,,,Y,Y,Y,55,Y,10,N1,Y,,4,Y,19,,1,2,2,,,,,,,,,,,17,1,3,,,4,,,,,2,2,3,12,,,4,1,2,,2,343,,,,,,,,,,,,,,,,,Y,N1,A1700003,3
2026-07-27 03:54:53,data_go_kr,울산광역시,A1700025,의료법인송은의료재단울산시티병원,17,20260727035005,052-280-9119,,,,,,,,,,,,,,,,,,,1,,2,0,,,,2,2,,,,,,,,Y,,,,Y,,Y,Y,,,Y,Y,N1,37,N1,6,N1,Y,,8,N1,17,,1,2,2,,,,,,,,,,,24,3,3,,,8,,,,,2,2,2,17,,,4,,,,,347,,,,,,,,,,,,,,,,,Y,N1,A1700025,4
2026-07-27 03:54:53,data_go_kr,울산광역시,A1700002,의료법인동강의료재단동강병원,22,20260727035026,052-241-1190,,,,,,,,,,0,,,,,,,,,1,0,2,0,,,1,0,0,,,,,0,,Y,Y,,,,Y,,Y,Y,,,Y,Y,Y,157,N1,,N1,Y,,8,N1,24,,1,2,2,14,9,,,,,,,13,,,1,3,,,8,,,2,,3,2,4,25,,,7,5,,1,,513,,,,,,,,,,,,,,,,,Y,N1,A1700002,5
2026-07-27 03:54:53,data_go_kr,울산광역시,A1700011,의료법인은성의료재단좋은삼정병원,8,20260727034721,052-220-7600,,,,,,,,,,,,,,,,,,,,,1,,,,,0,,,,,,1,,,Y,,,,Y,,Y,Y,,,Y,Y,N1,48,N1,3,N1,Y,,7,N1,9,,,1,,,,,,,,,,,,14,1,,,,8,,,1,,2,2,1,5,,,1,,,,,283,,,,,,,,,,,,,,,,,Y,N1,A1700011,6
2026-07-27 03:54:53,data_go_kr,울산광역시,A1700001,서울산보람병원,10,20260727034914,052-255-7119,,,,,,,,,,,,,,,,,,,,,1,,,,,,,,,,,,,,Y,,,,,,Y,N1,,,N1,Y,N1,96,N1,,N1,Y,,3,N1,10,,,1,,,,,,,,,,,,,,,,,3,,,,,1,1,,1,,,,,,,,213,,,,,,,,,,,,,,,,,Y,N1,A1700001,7
2026-07-27 03:54:53,data_go_kr,세종특별자치시,A1800441,세종충남대학교병원,15,20260727035001,044-995-3010,Y,Y,,,0,0,,,,,,,,,,,,0,1,,2,,,2,,0,,5,,,,3,Y,,Y,,,,Y,,Y,Y,,,Y,Y,Y,90,Y,4,Y,Y,-2,8,N1,17,0,1,2,,,,19,,2,,,,,,11,2,,6,,8,,,4,3,2,2,3,29,7,19,5,3,2,,,299,,,0,0,,,,,,,,,,,,,Y,Y,A1800441,1
2026-07-27 03:54:53,data_go_kr,세종특별자치시,A1800417,의료법인 영제 의료재단 엔케이세종병원,10,20260727034814,044-850-7777,,,,,,,,,,,,,,,,,,,,,1,,,,,,,,,,,,,,Y,,,,,,Y,N1,,,N1,Y,N1,123,N1,,N1,Y,,3,N1,10,,,1,,,,,,,,,,,,,,,,,3,,,,,1,1,,1,,,,,,,,200,,,,,,,,,,,,,,,,,Y,N1,A1800417,2
2026-07-27 03:54:53,data_go_kr,경기도,A2100042,의료법인명지의료재단명지병원,10,20260727035000,031-810-7119,Y,Y,3,2,,3,0,0,1,,0,0,0,0,0,0,,0,0,,0,7,,,,4,9,,,,0,0,Y,Y,Y,,,,Y,,Y,Y,,,Y,Y,Y,130,Y,11,Y,Y,3,6,Y,15,0,0,3,16,,,3,,,,,,,,31,4,28,,,13,,0,0,2,6,3,5,49,4,5,8,5,2,1,2,443,3,2,,3,4,3,2,0,0,0,0,0,0,,,,Y,Y,A2100042,1
2026-07-27 03:54:53,data_go_kr,경기도,A2100033,국민건강보험공단일산병원,17,20260727035003,031-900-0761,Y,Y,,,,,0,,1,2,,0,0,,0,0,,0,2,5,3,0,,,2,2,1,,,,4,0,Y,,Y,,,,Y,,Y,Y,,,Y,Y,Y,148,N1,,Y,Y,5,2,N1,23,5,2,3,19,10,16,25,,,,,,6,,,11,29,,,2,,28,4,2,4,3,3,60,8,28,13,5,,,,659,,,,,1,,1,,0,0,,0,0,,,,Y,Y,A2100033,2
2026-07-27 03:54:53,data_go_kr,경기도,A2100005,순천향대학교부속부천병원,12,20260727034621,032-621-5117,Y,Y,2,2,,,,,,5,,0,,0,0,,,5,0,6,0,6,,,,5,18,,,,,2,Y,Y,Y,,,2,Y,,Y,Y,,,Y,Y,Y,217,Y,10,Y,Y,1,21,Y,17,5,0,0,20,16,15,24,,,,,,,,22,8,34,,,21,,,7,1,4,3,5,71,9,31,17,4,3,1,1,674,2,3,,,,,,,0,,0,0,,,,5,Y,Y,A2100005,3
2026-07-27 03:54:53,data_go_kr,경기도,A2100001,분당서울대학교병원,-4,20260727034800,031-787-3119,Y,Y,,,,,,3,,1,,,5,9,,,,3,2,5,3,2,0,,4,0,12,,,,1,3,Y,,Y,1,,2,Y,,Y,Y,,,Y,Y,Y,273,Y,1,Y,Y,0,39,N1,30,5,2,3,15,13,13,35,6,,,10,,9,,8,1,30,,,39,,15,3,3,11,11,11,128,17,39,16,8,8,,,1247,,,,,,5,,,,5,9,,,,,2,Y,Y,A2100001,4
2026-07-27 03:54:53,data_go_kr,경기도,A2100030,차의과학대학교분당차병원,12,20260727034536,031-780-5840,Y,Y,2,3,1,1,0,0,,0,,,0,,0,,0,8,,6,,0,,0,0,1,8,6,,,11,,Y,,Y,0,,,Y,,Y,Y,,,Y,Y,Y,100,Y,,Y,Y,8,26,N1,22,11,,,14,8,9,35,,2,,7,,6,,,4,43,6,,26,,22,,8,5,3,4,40,26,46,6,2,2,,,726,2,3,1,1,2,2,,,,0,,1,,0,,,Y,Y,A2100030,5
2026-07-27 03:54:53,data_go_kr,경기도,A2100002,아주대학교병원,11,20260727034720,031-219-7777,Y,Y,2,4,1,0,,0,,2,,,,0,0,,0,7,0,4,0,5,,1,5,0,20,0,0,3,4,5,Y,,Y,4,2,6,Y,1,Y,Y,1,6,Y,Y,Y,97,Y,,Y,Y,4,25,N1,30,9,0,0,16,14,10,36,,2,6,13,40,7,11,,3,42,6,60,25,3,20,8,3,8,6,9,126,27,34,32,9,7,,,792,2,6,1,4,,2,,,,,0,0,,0,2,6,Y,Y,A2100002,6
2026-07-27 03:54:53,data_go_kr,경기도,A2100003,고려대학교의과대학부속안산병원,15,20260727034958,031-412-5381,Y,Y,2,2,,,0,,,0,,,,,,,,4,,13,3,6,,,0,0,23,,,,9,5,Y,,Y,,,,Y,,Y,Y,,,Y,Y,Y,112,Y,0,Y,Y,1,20,N1,22,4,,3,18,10,13,25,,,,,,10,,6,3,30,,,20,,16,10,2,3,4,4,66,15,19,8,5,3,,,605,2,3,,,2,,,,,,,,,,,,Y,Y,A2100003,7
2026-07-27 03:54:53,data_go_kr,경기도,A2100004,한림대학교성심병원,18,20260727034757,031-380-1500,Y,Y,0,5,,,0,,,0,,,,,,,,3,2,2,3,0,,,,1,14,,,,12,3,Y,Y,Y,,,,Y,,Y,Y,0,3,Y,Y,Y,136,Y,,Y,Y,5,19,N1,25,3,2,4,19,27,16,9,,,8,,,,18,,3,30,,,19,,20,14,2,4,3,6,102,8,10,20,14,2,1,,610,0,5,,,1,,,,,,,,,,,,Y,Y,A2100004,8
2026-07-27 03:54:53,data_go_kr,경기도,A2100040,가톨릭대학교의정부성모병원,26,20260727035012,031-820-5200,Y,Y,,,,,0,0,,,,,,,,,,11,2,,4,0,,,0,0,13,,8,2,,,Y,,Y,,2,6,Y,1,Y,Y,,,Y,Y,Y,156,Y,0,Y,Y,-1,13,N1,42,11,2,4,18,,,15,,,,,20,6,,26,4,30,,53,13,2,,,3,4,3,4,54,10,28,12,4,3,,,519,,,,,1,1,,,,,,,,,2,6,Y,Y,A2100040,9
2026-07-27 03:54:53,data_go_kr,경기도,A2100047,동국대학교일산불교병원,17,20260727035014,031-961-7777,Y,Y,,,,,,,,4,,,,,,,3,3,1,6,3,,,,,1,,,,,15,0,Y,,Y,,,,Y,,Y,Y,,,Y,Y,Y,176,Y,,Y,Y,9,12,N1,19,3,1,3,,16,13,13,,,,,,,,,4,,,,12,,15,0,8,2,2,2,19,13,25,4,2,1,,,463,,,,,,,,,,,,,,3,,,Y,Y,A2100047,10
2026-07-27 03:54:53,data_go_kr,경기도,A2100038,인제대학교일산백병원,26,20260727034642,031-910-7114,N,N,,,,,,,,0,,,,,,,,,3,0,3,,,,,0,,,,,5,1,Y,,Y,,,,Y,,Y,Y,,0,Y,Y,Y,141,Y,,N,Y,,17,N1,34,,3,3,,25,32,,,,,,,,4,,4,,,,17,,16,2,3,3,3,4,54,18,22,7,3,1,,,545,,,,,,,,,,,,,,,,,Y,N,A2100038,11
2026-07-27 03:54:53,data_go_kr,경기도,A2118788,중앙대학교광명병원,16,20260727035007,02-2222-1351,Y,Y,0,0,,,,,,,,,,,,,,,1,,2,,,,3,3,,,,,,2,Y,,Y,,,,Y,,Y,Y,4,,Y,Y,Y,171,Y,12,Y,Y,1,17,N1,21,,1,2,,,,16,,,5,,,5,,24,6,,,,17,,,2,2,2,2,5,28,6,16,5,4,10,,,576,0,0,,,,,,,,,,,,,,,Y,Y,A2118788,12
2026-07-27 03:54:53,data_go_kr,경기도,A2100007,광명성애병원,8,20260727035000,02-2680-7116,Y,Y,,,,,,,,,,,,,,6,,4,1,,4,,,,,0,,,,,,,Y,,Y,,,,Y,,Y,Y,,,Y,Y,N1,56,N1,8,Y,Y,,5,N1,11,4,1,4,,,,,,,,,,,,13,1,,,,5,,,,2,2,2,1,12,2,5,1,,,,,189,,,,,,,,,,,,,50,,,,Y,Y,A2100007,13
2026-07-27 03:54:53,data_go_kr,경기도,A2100155,참조은병원,5,20260727034950,031-881-9119,,,,,,,,,,,,,,0,0,,6,1,1,,3,,,,,3,,,,,,1,,,Y,,,,Y,,Y,Y,,,Y,Y,N1,32,Y,-2,N1,Y,,7,N1,9,1,1,3,,,,,,,,,,,,22,3,,,,7,,,2,,3,3,2,18,,,3,,2,,,286,,,,,,,,,,,0,0,,6,,,Y,N1,A2100155,14
2026-07-27 03:54:53,data_go_kr,경기도,A2100039,한양대학교구리병원,14,20260727034801,1644-9118,Y,Y,,,,,,,,0,,,,,,,,,1,2,3,,,,,,,,,,,4,Y,,Y,,,,Y,,Y,Y,,,Y,Y,Y,150,Y,,Y,Y,1,9,N1,18,,1,4,,17,14,10,,,,,,,,,,,,,9,,,5,1,3,2,3,21,6,14,4,2,2,,,488,,,,,,,,,,,,,,,,,Y,Y,A2100039,15
2026-07-27 03:54:53,data_go_kr,경기도,A2100054,효산의료재단지샘병원,16,20260727034547,031-389-3119,,,,,,,,,,,,,,,,,1,,2,,1,,,,,1,,,,,,1,,,Y,,,,Y,,Y,Y,,,Y,Y,N1,71,N1,3,N1,Y,,5,N1,18,,2,1,,,,,,,,,,,,18,1,,,,5,,,2,,2,1,3,11,,,2,,,,,367,,,,,,,,,,,,,,1,,,Y,N1,A2100054,16
2026-07-27 03:54:53,data_go_kr,경기도,A2100048,원광대학교산본병원,15,20260727034625,031-390-2345,,,,,,,,,,,,,,,,,,,1,,2,,,,,,,,,,,,Y,,Y,,,,Y,,Y,Y,,,Y,Y,N1,77,N1,6,N1,Y,,5,N1,17,,1,2,,,,,,,,,,,,12,,,,,5,,,,1,1,1,1,1,,,2,,,,,188,,,,,,,,,,,,,,,,,Y,N1,A2100048,17
2026-07-27 03:54:53,data_go_kr,경기도,A2100053,의료법인우리의료재단김포우리병원,17,20260727035000,031-999-1119,,,,,,,,,,,,,,0,0,0,,,1,,6,,,,,0,,,,,,3,,,Y,,,,Y,,Y,Y,,,Y,Y,Y,46,Y,0,N1,Y,,7,N1,22,,1,6,,,,,,,,,,,,36,1,,,,7,,,11,,2,2,2,48,,,4,1,2,,,477,,,,,,,,,,,0,0,0,,,,Y,N1,A2100053,18
2026-07-27 03:54:53,data_go_kr,경기도,A2100006,의료법인인봉의료재단뉴고려병원,14,20260727034749,031-980-9119,,,,,,,,,,,,,,,,,3,,1,,2,,,,,7,,,,,,,,,Y,,,,Y,,Y,Y,,,Y,Y,N1,82,N1,1,N1,Y,,6,N1,14,,1,2,,,,,,,,,,,,24,10,,,,6,,,,,2,2,2,7,,,1,,,,,278,,,,,,,,,,,,,,3,,,Y,N1,A2100006,19
2026-07-27 03:54:53,data_go_kr,경기도,A2100041,남양주한양병원,15,20260727035027,031-510-0119,,,,,,,,,,,,,,,,,,,1,,2,,,,,10,,,,,,,,,Y,,,,Y,,Y,Y,,,Y,Y,N1,82,N1,4,N1,Y,,,Y,17,,1,2,,,,,,,,,,,,17,23,,,,,,,,,2,2,1,33,,,2,,,,1,244,,,,,,,,,,,,,,,,,Y,N1,A2100041,20
2026-07-27 03:54:53,data_go_kr,경기도,A2100037,현대병원,16,20260727034936,031-574-0114,,,,,,,,,,,,,,,,,,,3,,,,,,,1,,,,,,,,,Y,,,,Y,,Y,Y,,,Y,Y,N1,61,Y,0,N1,Y,,7,N1,17,,3,,,,,,,,,,,,,19,20,,,,7,,,,,2,2,2,50,,,17,,2,,,342,,,,,,,,,,,,,,,,,Y,N1,A2100037,21
2026-07-27 03:54:53,data_go_kr,경기도,A2100055,부천세종병원,15,20260727035010,032-340-1119,Y,Y,,,,,,,,,,,,,,,,,1,,2,0,,,,0,1,,,,,0,Y,,Y,,,,Y,,Y,Y,,,Y,Y,Y,80,Y,0,Y,Y,,6,N1,17,,1,2,2,,,,,,,,,,,20,2,3,,,6,,,6,1,2,1,5,18,1,1,5,4,1,,,268,,,,,,,,,,,,,,,,,Y,Y,A2100055,22
2026-07-27 03:54:53,data_go_kr,경기도,A2100052,가톨릭대학교부천성모병원,26,20260727035013,032-340-2100,Y,Y,,,,,,,,1,,,,,,,3,,2,1,1,,,,,0,,,,,,2,Y,,Y,1,,,Y,,Y,Y,,,Y,Y,Y,169,Y,,Y,Y,9,14,N1,31,,2,1,,16,12,10,,,,18,,,,,4,,,,14,,,4,3,3,3,3,28,4,14,11,1,2,,,562,,,,,,,,,,,,,,3,,,Y,Y,A2100052,23
2026-07-27 03:54:53,data_go_kr,경기도,A2100025,대진의료재단분당제생병원,13,20260727035000,031-779-0119,Y,Y,,,,,,,,1,,,7,,,,,3,1,5,2,,,,,2,,,,,,0,Y,Y,Y,,,,Y,,Y,Y,,,Y,Y,Y,131,Y,,Y,Y,1,9,N1,24,3,1,2,,11,14,3,,,,,,,,,4,,,,9,,,2,2,4,3,3,22,1,5,5,2,3,1,,484,,,,,,,,,,7,,,,,,,Y,Y,A2100025,24
2026-07-27 03:54:53,data_go_kr,경기도,A2116806,성남시의료원,13,20260727035000,031-738-7300,,,,,,,,,,,,,,,,,,6,2,18,4,,,,,3,,,,,,28,,,Y,,,,Y,,Y,Y,,,Y,Y,Y,96,Y,,N1,Y,,8,Y,17,6,2,4,,,25,,,,,,,,,,5,,,,8,,,28,,3,2,2,31,,,6,3,1,,2,241,,,,,,,,,,,,,,,,,Y,N1,A2116806,25
2026-07-27 03:54:53,data_go_kr,경기도,A2117135,의료법인명인의료재단화홍병원,10,20260727034859,031-8021-6829,Y,,,,,,,,,,,,,,,,,,2,,3,,,,,0,,,,,,,,,Y,,,,,,Y,N1,,,N1,Y,Y,44,N1,11,N1,Y,,6,Y,15,,2,3,,,,,,,,,,,,29,1,,,,6,,,,,2,2,,4,1,,,1,,,1,228,,,,,,,,,,,,,,,,,Y,Y,A2117135,26
2026-07-27 03:54:53,data_go_kr,경기도,A2100009,의료법인녹산의료재단동수원병원,17,20260727034632,031-210-0119,,Y,,,,,,,,,,,,,,,,,1,,2,0,,,,0,2,,,,,0,Y,,Y,,,,Y,,Y,Y,,,Y,Y,N1,50,N1,7,Y,Y,,5,N1,17,,1,2,2,,,,,,,,,,,18,3,4,,,5,,,1,1,2,2,1,15,,4,1,,,,,335,,,,,,,,,,,,,,,,,Y,N1,A2100009,27
2026-07-27 03:54:53,data_go_kr,경기도,A2100012,가톨릭대학교성빈센트병원,22,20260727035011,031-249-7370,Y,Y,,,1,1,,,,2,,,,,,,,3,2,8,2,3,,2,7,2,,6,,,9,3,Y,,Y,9,,,Y,,Y,Y,,2,Y,Y,Y,192,Y,,Y,Y,2,19,N1,28,6,2,2,4,20,11,18,,2,,15,,8,8,,5,,6,,19,,30,11,2,5,4,6,52,7,18,12,4,4,,,658,,,1,1,,,,,,,,,,,,,Y,Y,A2100012,28
2026-07-27 03:54:53,data_go_kr,경기도,A2100008,의료법인남촌의료재단시화병원,14,20260727034734,031-5189-0567,,,,,,,,,,,,,,,,,,5,1,,5,,,,,1,,,,,,1,Y,,Y,,,,Y,,Y,Y,,,Y,Y,Y,66,N1,18,N1,Y,,7,N1,16,5,1,5,,,,,,,,,,,,52,1,,,,7,,,1,1,3,3,2,29,,,4,2,,,,461,,,,,,,,,,,,,,,,,Y,N1,A2100008,29
2026-07-27 03:54:53,data_go_kr,경기도,A2100017,대아의료재단한도병원,16,20260727034806,031-8040-1129,,,,,,,,,,,,,,,,,,,1,,2,,,,,1,,,,,,,,,Y,,,,Y,,Y,Y,,,Y,Y,N1,81,N1,8,N1,Y,,6,N1,17,,1,2,,,,,,,,,,,,29,1,,,,6,,,,,3,2,2,15,,,3,,,,,327,,,,,,,,,,,,,,,,,Y,N1,A2100017,30
2026-07-27 03:54:53,data_go_kr,경기도,A2100015,효산의료재단안양샘병원,14,20260727034914,031-467-9119,,,,,,,,,,-1,,,,,,,,,1,0,2,,,,,1,,,,,,,,,Y,,,,Y,,Y,Y,,,Y,Y,Y,58,N1,,N1,Y,,6,N1,17,,1,2,,9,9,,,,,,,,,,1,,,,6,,,,,2,1,2,12,,,2,1,,,,307,,,,,,,,,,,,,,,,,Y,N1,A2100015,31
2026-07-27 03:54:53,data_go_kr,경기도,A2100024,오산한국병원,17,20260727034852,031-378-5119,,,,,,,,,,,,,,,,,,,1,,2,1,,,,1,2,,,,,2,,,Y,,,,Y,,Y,Y,,,Y,Y,N1,38,Y,-3,N1,Y,,5,N1,17,,1,2,2,,,,,,,,,,,32,1,3,,,5,,,2,,2,2,2,17,,,2,,1,,,259,,,,,,,,,,,,,,,,,Y,N1,A2100024,32
2026-07-27 03:54:53,data_go_kr,경기도,A2100020,연세대학교의과대학용인세브란스병원,12,20260727034659,031-5189-9001,Y,Y,,,,,,,,4,,,,,,,,6,1,5,2,,,,,1,,,,,,2,Y,,Y,,,,Y,,Y,Y,,,Y,Y,Y,132,Y,,Y,Y,0,15,N1,16,6,1,3,,19,16,12,,,,,,,,,2,,,,15,,,4,2,3,3,4,31,6,18,6,3,4,,,597,,,,,,,,,,,,,,,,,Y,Y,A2100020,33
2026-07-27 03:54:53,data_go_kr,경기도,A2100029,강남병원,16,20260727034941,031-300-0119,,,,,,,,,,,,,,,,,,,1,,2,2,,,,1,1,,,,,,,,Y,,,,,,Y,N1,,,Y,Y,N1,9,N1,14,N1,Y,,4,N1,17,,1,2,2,,,,,,,,,,,30,1,3,,,4,,,,,2,2,,7,,,2,,,,,264,,,,,,,,,,,,,,,,,Y,N1,A2100029,34
2026-07-27 03:54:53,data_go_kr,경기도,A2100019,(의)영문의료재단다보스병원,12,20260727034942,031-8021-2130,,,,,,,,,,,,,,,,,4,,1,,2,1,,,,1,1,,,,,,,,Y,,,,,,Y,N1,,,Y,Y,N1,31,N1,2,N1,Y,,6,N1,13,,1,2,2,,,,,,,,,,,23,1,3,,,6,,,,,1,1,,7,,,2,,,,,222,,,,,,,,,,,,,,4,,,Y,N1,A2100019,35
2026-07-27 03:54:53,data_go_kr,경기도,A2117994,학교법인을지학원의정부을지대학교병원,27,20260727034601,031-8074-0119,Y,Y,,,,,,,,1,,,,,,,8,6,1,0,2,,,,,2,,,,,3,2,Y,,Y,,0,0,Y,,Y,Y,,,Y,Y,Y,203,Y,,Y,Y,3,11,N1,30,6,1,2,,29,22,5,,,,,,,,,2,,,,14,,22,6,8,3,3,4,48,5,5,6,3,2,,,588,,,,,,,,,,,,,,8,0,0,Y,Y,A2117994,36
2026-07-27 03:54:53,data_go_kr,경기도,A2100193,경기도의료원이천병원,14,20260727035002,031-630-4333,,,,,,,,,,,,,,,,,,,1,,2,2,,,,2,0,,,,,6,,,Y,,,,,,Y,N1,,,N1,Y,N1,38,N1,0,N1,Y,,4,N1,17,,1,2,2,,,,,,,,,,,6,2,3,,,4,,,6,,1,1,,8,,,,,,,,187,,,,,,,,,,,,,,,,,Y,N1,A2100193,37
2026-07-27 03:54:53,data_go_kr,경기도,A2100035,경기도의료원파주병원,15,20260727034802,031-940-9119,,,,,,,,,,,,,,,,,,,1,,2,1,,,,,1,,,,,,Y,,Y,,,,,,Y,N1,,,N1,Y,N1,84,N1,5,N1,Y,,3,N1,17,,1,2,2,,,,,,,,,,,8,,3,,,3,,,,1,1,1,,9,,,,,,,,189,,,,,,,,,,,,,,,,,Y,N1,A2100035,38
2026-07-27 03:54:53,data_go_kr,경기도,A2100028,의료법인백송의료재단굿모닝병원,16,20260727034930,031-5182-7582,,,,,,,,,,,,,,,,,6,,2,,1,,,,,0,,,,,,,,,Y,,,,Y,,Y,Y,,,Y,Y,Y,91,N1,0,N1,Y,,7,Y,19,,2,1,,,,,,,,,,,,27,3,,,,7,,,,,5,3,3,23,,,5,3,,,1,392,,,,,,,,,,,,,,6,,,Y,N1,A2100028,39
2026-07-27 03:54:53,data_go_kr,경기도,A2113246,의료법인양진의료재단평택성모병원,14,20260727035016,070-5012-0119,,,,,,,,,,,,,,,,0,,,1,,2,2,,,,2,2,,,,,,,,Y,,,,Y,,Y,Y,,,Y,Y,N1,49,N1,14,N1,Y,,6,N1,17,,1,2,2,,,,,,,,,,,34,2,3,,,6,,,,,3,3,2,8,,,2,,,,,329,,,,,,,,,,,,,0,,,,Y,N1,A2113246,40
2026-07-27 03:54:53,data_go_kr,경기도,A2100031,경기도의료원포천병원,17,20260727035001,031-539-9119,,Y,,,,,,,,,,,,,,,,,1,,2,,,,,0,,,,,,0,Y,,Y,,,,,,Y,N1,,,N1,Y,N1,50,N1,2,Y,Y,,4,N1,17,,1,2,,,,,,,,,,,,10,0,,,,4,,,3,3,1,1,,7,,2,,,,,,137,,,,,,,,,,,,,,,,,Y,N1,A2100031,41
2026-07-27 03:54:53,data_go_kr,경기도,A2100046,한림대학교동탄성심병원,26,20260727034932,031-8086-2119,Y,Y,3,0,,,,,,11,,,,,,,,9,,2,,,,,1,6,,,,,,7,Y,Y,Y,,,,Y,,Y,Y,5,,Y,Y,Y,163,Y,,Y,Y,12,20,Y,32,9,,,,28,13,13,,,13,,,9,,,11,,,,20,,,11,1,6,3,6,51,8,16,17,5,5,1,1,515,3,0,,,,,,,,,,,,,,,Y,Y,A2100046,42
2026-07-27 03:54:53,data_go_kr,경기도,A2100290,의료법인자인의료재단(더자인병원),16,20260727035034,031-930-3119,,,,,,,,,,,,,,,,,,,2,,2,2,,,,1,1,,,,,,,,Y,,,,Y,,Y,Y,,,Y,Y,N1,81,N1,4,N1,N,,5,N1,16,,2,2,2,,,,,,,,,,,10,2,3,,,5,,,,,2,2,1,15,,,1,,,,,233,,,,,,,,,,,,,,,,,Y,N1,A2100290,43
2026-07-27 03:54:53,data_go_kr,경기도,A2100049,국립암센터,12,20260727034800,031-920-0119,,N,,,,,,,,,,,,,,,,,,,1,,,,,8,,,,,,,,,Y,,,,Y,,Y,Y,,,Y,Y,Y,108,Y,12,N,Y,,18,N1,24,,,1,,,,,,,,,,,,19,9,,,,18,,,,,7,5,3,29,,1,8,2,7,,,554,,,,,,,,,,,,,,,,,Y,N1,A2100049,44
2026-07-27 03:54:53,data_go_kr,경기도,A2116972,의료법인성광의료재단일산차병원,6,20260727034732,031-782-8587,Y,Y,,,,,,,,,,,,,,,,,,,4,,,,,1,,,,,,1,Y,,,,,,,,Y,N1,,,N1,N1,N1,63,N1,4,Y,N1,0,10,N1,6,,,4,,,,17,,,,,,,,4,1,,,,10,,,1,9,,,,4,11,19,,,,,,179,,,,,,,,,,,,,,,,,Y,Y,A2116972,45
2026-07-27 03:54:53,data_go_kr,경기도,A2118188,엘병원,8,20260727035032,031-527-6119,,,,,,,,,,,,,,,,,,,,,2,,,,,0,,,,,,0,,,Y,,,,,,Y,N1,,,N1,Y,N1,56,N1,6,N1,Y,,3,N1,8,,,2,,,,,,,,,,,,8,1,,,,3,,,1,,1,1,,2,,,,,,,,146,,,,,,,,,,,,,,,,,Y,N1,A2118188,46
2026-07-27 03:54:53,data_go_kr,경기도,A2100050,의료법인대인의료재단다니엘종합병원,4,20260727035003,032-670-0119,,,,,,,,,,,,,,,,,,,1,,3,,,,,1,,,,,,,,,Y,,,,,,Y,N1,,,N,Y,N1,32,N1,9,N1,Y,,3,N1,6,,1,3,,,,,,,,,,,,30,1,,,,3,,,,,1,1,,17,,,1,,,,,169,,,,,,,,,,,,,,,,,Y,N1,A2100050,47
2026-07-27 03:54:53,data_go_kr,경기도,A2100258,국군수도병원,14,20260727035013,031-725-6119,,,,,,,,,,,,,,2,6,,,,0,,,,,,,1,,,15,,2,,,,Y,,,,Y,15,Y,Y,,,Y,Y,Y,144,N1,7,N1,Y,,9,N1,16,,2,,,,,,,,,,20,,,12,1,,,40,9,,15,,,3,4,2,2,,,5,2,,,,530,,,,,,,,,,,2,6,,,,,Y,N1,A2100258,48
2026-07-27 03:54:53,data_go_kr,경기도,A2100016,순천의료재단성남정병원,8,20260727035010,031-750-6003,,,,,,,,,,,,0,,,26,,,,2,,,,,,,,,,,,,,,,Y,,,,,,Y,N1,,,N1,Y,N1,76,N1,,N1,Y,,4,N1,9,,2,,,,,,,,,,,,,,,,,,4,,,,,1,1,,1,,,,,,,,98,,,,,,,,,0,,,105,,,,,Y,N1,A2100016,49
2026-07-27 03:54:53,data_go_kr,경기도,A2121061,의료법인덕산의료재단수원덕산병원,23,20260727035004,031-686-2911,N,Y,,,,,,,,,,,,,,,,3,1,,2,2,,,,0,2,,,,,0,Y,,Y,,,,Y,,Y,Y,,,Y,Y,Y,92,N1,4,Y,Y,,9,N1,24,3,1,2,2,,,,,,,,,,,22,3,4,,,9,,,5,5,3,2,2,15,N,2,5,2,,,,403,,,,,,,,,,,,,,,,,Y,N,A2121061,50
2026-07-27 03:54:53,data_go_kr,경기도,A2100032,경기도의료원수원병원,7,20260727035001,031-888-0119,,,,,,,,,,,,,,,,,3,,,,2,,,,,,,,,,,2,,,Y,,,,,,Y,N1,,,N1,Y,N1,41,N1,7,N1,Y,,3,N1,8,,,2,,,,,,,,,,,,9,,,,,3,,,2,,1,1,,9,,,,,,,,156,,,,,,,,,,,,,,3,,,Y,N1,A2100032,51
2026-07-27 03:54:53,data_go_kr,경기도,A2100175,의료법인토마스의료재단윌스기념병원,16,20260727034915,031-240-6119,,,,,,,,,,,,,,,,,,,1,,2,2,,,,0,3,,,,,,Y,,Y,,,,Y,,Y,Y,,,Y,Y,N1,69,N1,7,N1,Y,,10,N1,18,,1,2,2,,,,,,,,,,,18,1,3,,,10,,,,1,1,4,1,1,,,1,,,,,282,,,,,,,,,,,,,,,,,Y,N1,A2100175,52
2026-07-27 03:54:53,data_go_kr,경기도,A2100027,의료법인석경의료재단센트럴병원,16,20260727035011,031-8041-3019,,,,,,,,,,,,,,,,,,,1,,2,,,,,,,,,,,,,,Y,,,,,,Y,N1,,,Y,Y,N1,97,N1,2,N1,Y,,3,N1,18,,1,2,,,,,,,,,,,,20,,,,,3,,,,,2,2,,7,,,2,,,,,255,,,,,,,,,,,,,,,,,Y,N1,A2100027,53
2026-07-27 03:54:53,data_go_kr,경기도,A2100013,의료법인 록향의료재단 신천연합병원,9,20260727035004,031-310-6661,,,,,,,,,,,,,,,,,,,,,1,,,,,0,,,,,,,,,Y,,,,,,Y,N1,,,Y,Y,N1,17,N1,0,N1,Y,,3,N1,10,,,1,,,,,,,,,,,,6,1,,,,3,,,,,1,1,,4,,,1,,,,,112,,,,,,,,,,,,,,,,,Y,N1,A2100013,54
2026-07-27 03:54:53,data_go_kr,경기도,A2100021,의료법인플러스의료재단단원병원,17,20260727035048,031-8040-5911,,,,,,,,,,,,,1,,,,,,1,,2,,,,,1,,,,,,,,,Y,,,,Y,,Y,Y,,,Y,Y,Y,68,N1,5,N1,Y,,5,N1,17,,1,2,,,,,,,,,,,,27,1,,,,5,,,,,1,1,2,8,,,2,1,,,,342,,,,,,,,,,1,,,,,,,Y,N1,A2100021,55
2026-07-27 03:54:53,data_go_kr,경기도,A2100014,근로복지공단안산병원,6,20260727034800,031-500-1119,,,,,,,,,,,,,,,,,,,,,1,,,,,1,,,,,,0,,,Y,,,,,,Y,N1,,,N1,Y,N1,87,N1,11,N1,Y,,3,N1,7,,,1,,,,,,,,,,,,18,1,,,,3,,,2,,1,1,,14,,,,,,,,359,,,,,,,,,,,,,,,,,Y,N1,A2100014,56
2026-07-27 03:54:53,data_go_kr,경기도,A2100124,의료법인칠석의료재단사랑의병원,12,20260727034525,031-502-0119,,,,,,,,,,,,,,,,,,,1,,,,,,,,,,,,,,,,Y,,,,,,Y,N1,,,Y,Y,N1,34,N1,5,N1,Y,,5,N1,13,,1,,,,,,,,,,,,,14,,,,,5,,,,,2,2,,8,,,1,,,,,206,,,,,,,,,,,,,,,,,Y,N1,A2100124,57
2026-07-27 03:54:53,data_go_kr,경기도,A2100045,경기도의료원안성병원,13,20260727035001,031-8046-5119,,,,,,,,,,,,,,,,,,,1,,,,,,,1,,,,,,8,,,Y,,,,,,Y,N1,,,N1,Y,N1,57,N1,3,N1,Y,,5,N1,14,,1,,,,,,,,,,,,,13,2,,,,5,,,8,,1,1,,8,,,,,,,,178,,,,,,,,,,,,,,,,,Y,N1,A2100045,58
2026-07-27 03:54:53,data_go_kr,경기도,A2100305,안성성모병원,8,20260727034943,031-675-8275,,,,,,,,,,,,,,,,,,,,,1,,,,,,,,,,,,,,Y,,,,,,Y,N1,,,N1,Y,N1,86,N1,2,N1,Y,,3,N1,9,,,1,,,,,,,,,,,,20,,,,,3,,,,,1,1,,7,,,,,,,,188,,,,,,,,,,,,,,,,,Y,N1,A2100305,59
2026-07-27 03:54:53,data_go_kr,경기도,A2100089,양평병원,8,20260727035001,031-770-5119,N,N,,,,,,,,,,,,,,,,,,,1,,,,,,,,,,,,N,N,Y,,,,N,,Y,N,,,N,Y,N,22,N,,N,Y,,3,N,9,,,1,,,,,,,,,,,,,,,,,3,,,,0,1,1,0,1,0,0,0,0,0,0,0,90,,,,,,,,,,,,,,,,,Y,N,A2100089,60
2026-07-27 03:54:53,data_go_kr,경기도,A2100194,세종여주병원,3,20260727034959,031-880-7754,,,,3,,,,,,,,,,,,,3,,,,4,,,,,,,,,,,,,,Y,,,,,,Y,N1,,,Y,Y,N1,117,N1,,N1,Y,,2,N1,6,,,4,,,,,,,,,,,,,,,,,2,,,,,1,1,,4,,,2,,,,,210,,3,,,,,,,,,,,,3,,,Y,N1,A2100194,61
2026-07-27 03:54:53,data_go_kr,경기도,E2100187,연천군보건의료원,10,20260727035013,031-839-4119,,,,,,,,,,,,,,,,,,,,,,,,,,,,,,,,,,,Y,,,,,,Y,N1,,,N1,Y,N1,51,N1,,N1,N1,,2,N1,10,,,,,,,,,,,,,,,,,,,,2,,,,,1,,,1,,,,,,,,52,,,,,,,,,,,,,,,,,Y,N1,E2100187,62
2026-07-27 03:54:53,data_go_kr,경기도,A2100122,(의)효심의료재단용인서울병원,10,20260727034932,031-336-0119,,,,,,,,,,,,,,,,,,,,,,,,,,,,,,,,,,,Y,,,,,,Y,N1,,,N1,Y,N1,150,N1,,N1,Y,,3,N1,10,,,,,,,,,,,,,,,,,,,,3,,,,,1,1,,1,,,,,,,,201,,,,,,,,,,,,,,,,,Y,N1,A2100122,63
2026-07-27 03:54:53,data_go_kr,경기도,A2121142,메디필드한강병원,16,20260727034615,031-332-1119,,,,,,,,,,,,,,,,,,,1,,2,,,,,1,,,,,,1,,,Y,,,,Y,,Y,Y,,,Y,Y,N1,151,N1,8,N1,Y,,6,N1,17,,1,2,,,,,,,,,,,,15,1,,,,6,,,1,,3,2,1,13,,,2,,,,,192,,,,,,,,,,,,,,,,,Y,N1,A2121142,64
2026-07-27 03:54:53,data_go_kr,경기도,A2100034,의료법인영동의료재단의정부백병원,10,20260727035001,031-842-1211,,,,,,,,,,,,,,,,,,,,,2,,,,,,,,,,,,,,Y,,,,,,Y,N1,,,N1,Y,N1,100,N1,0,N1,Y,,3,N1,10,,,2,,,,,,,,,,,,9,,,,,3,,,,,1,1,,1,,,,,,,,192,,,,,,,,,,,,,,,,,Y,N1,A2100034,65
2026-07-27 03:54:53,data_go_kr,경기도,A2100150,추병원,10,20260727034609,031-845-8313,,,,,,,,,,,,,,,,,,,1,,1,,,,,,,,,,,,,,Y,,,,Y,,Y,Y,,,N1,Y,N1,52,N1,2,N1,N,,3,N1,12,,1,1,,,,,,,,,,,,15,,,,,3,,,,,2,1,1,1,,,,,,,,210,,,,,,,,,,,,,,,,,Y,N1,A2100150,66
2026-07-27 03:54:53,data_go_kr,경기도,A2100043,경기도의료원의정부병원,9,20260727035002,031-828-5119,,,,,,,,,,,,,,,,0,,,1,,,,,,,,,,,,31,3,,,Y,,,,,,Y,N1,,,N1,Y,N1,34,N1,3,N1,Y,,3,N1,10,,1,,,,,,,,,,,,,6,,,,,3,,70,5,,1,1,,8,,,,,,,,86,,,,,,,,,,,,,0,,,,Y,N1,A2100043,67
2026-07-27 03:54:53,data_go_kr,경기도,A2100131,메디인병원,12,20260727035040,031-570-7912,,,,,,,,,,,,,,,,,,,,,2,,,,,,,,,,,,,,Y,,,,Y,,Y,Y,,,N1,Y,N1,63,N1,,N1,Y,,4,N1,12,,,2,,,,,,,,,,,,,,,,,4,,,,,1,1,1,2,,,,,,,,206,,,,,,,,,,,,,,,,,Y,N1,A2100131,68
2026-07-27 03:54:53,data_go_kr,경기도,A2100309,의료법인갈렌의료재단박병원,10,20260727035007,031-662-4119,,,,,,,,,,,,,,,,,,,,,1,,,,,,,,,,,,,,Y,,,,,,Y,N1,,,N1,Y,N1,31,N1,2,N1,Y,,2,N1,10,,,1,,,,,,,,,,,,10,,,,,2,,,,,1,2,,3,,,,,,,,143,,,,,,,,,,,,,,,,,Y,N1,A2100309,69
2026-07-27 03:54:53,data_go_kr,경기도,A2100022,의료법인박애의료재단박애병원,10,20260727034818,031-650-9219,,,,,,,,,,,,,,,,,,,,,1,,,,,,,,,,,,,,Y,,,,,,Y,N1,,,Y,Y,N1,110,N1,5,N1,Y,,5,N1,10,,,1,,,,,,,,,,,,10,,,,,5,,,,,2,1,,20,,,2,,,,,193,,,,,,,,,,,,,,,,,Y,N1,A2100022,70
2026-07-27 03:54:53,data_go_kr,경기도,A2100036,의료법인 일심의료재단 포천우리병원,17,20260727034911,031-541-8282,,,,,,,,,,,,,,,,,,,1,,3,,,,,2,,,,,,2,,,Y,,,,Y,,Y,Y,,,Y,Y,N1,61,N1,5,N1,Y,,5,N1,18,,1,3,,,,,,,,,,,,18,2,,,,5,,,2,,2,2,1,14,,,3,,,,,201,,,,,,,,,,,,,,,,,Y,N1,A2100036,71
2026-07-27 03:54:53,data_go_kr,경기도,A2100018,의료법인은혜와감사의료재단화성중앙종합병원,9,20260727034824,031-371-7998,,,,,,,,,,,,,,,,,,,,,1,,,,,,,,,,,,,,Y,,,,,,Y,N1,,,N1,Y,N1,77,N1,4,N1,Y,,3,N1,9,,,1,,,,,,,,,,,,8,,,,,3,,,,,1,1,,3,,,,,,,,131,,,,,,,,,,,,,,,,,Y,N1,A2100018,72
2026-07-27 03:54:53,data_go_kr,경기도,A2115699,의료법인원광의료재단원광종합병원,8,20260727034421,031-8077-7219,,,,,,,,,,,,,,,,,,,1,,,,,,,,,,,,,,,,Y,,,,,,Y,N1,,,N1,Y,N1,22,N1,-2,N1,Y,,4,N1,9,,1,,,,,,,,,,,,,9,,,,,4,,,,,1,2,,4,,,,,,,,135,,,,,,,,,,,,,,,,,Y,N1,A2115699,73
2026-07-27 03:54:53,data_go_kr,강원특별자치도,A2200008,강릉아산병원,19,20260727034915,033-610-3333,Y,Y,,,,,0,2,,0,,,,,,,,3,2,2,3,0,,,,,4,,,,,,Y,,Y,,,,Y,,Y,Y,,,Y,Y,Y,82,Y,,Y,Y,6,15,Y,23,3,2,3,18,14,16,13,,,,,,,,,,38,,,15,,,,2,4,3,4,33,8,12,8,5,1,,2,604,,,,,1,6,,,,,,,,,,,Y,Y,A2200008,1
2026-07-27 03:54:53,data_go_kr,강원특별자치도,A2200001,연세대학교원주세브란스기독병원,22,20260727034502,033-741-1641,Y,Y,3,20,,,0,,,2,,,,,,,,3,2,7,3,1,,,,,13,,9,2,5,,Y,,Y,3,2,6,Y,4,Y,Y,,,Y,Y,Y,135,Y,,Y,Y,7,15,Y,29,3,2,3,20,15,12,19,,,,15,20,,,,,30,,40,15,2,24,,2,5,4,7,100,12,25,16,7,13,,4,584,4,36,,,2,,,,,,,,,,2,6,Y,Y,A2200001,2
2026-07-27 03:54:53,data_go_kr,강원특별자치도,A2200013,한림대학교춘천성심병원,18,20260727034719,033-240-5219,Y,Y,2,3,,,,0,,,,,,,,,,2,,,,2,,,,0,23,,,,,1,Y,Y,Y,,,,Y,,Y,Y,2,,Y,Y,Y,86,Y,6,Y,Y,,9,Y,22,3,,,20,,,,,,8,,,,,20,2,45,,,9,,,2,1,2,2,3,33,1,4,6,2,1,1,1,252,2,3,,,,2,,,,,,,,,,,Y,Y,A2200013,3
2026-07-27 03:54:53,data_go_kr,강원특별자치도,A2200005,의료법인강릉동인병원,17,20260727034949,,,,,,,,,,,1,,,,,,,,,1,,2,,,,,2,,,,,9,,,,Y,,,,Y,,Y,Y,,,Y,Y,N1,69,N1,1,N1,Y,,5,N1,17,,1,2,,12,,,,,,,,,,12,2,,,,5,,101,,,2,1,1,14,,,1,,,,,248,,,,,,,,,,,,,,,,,Y,N1,A2200005,4
2026-07-27 03:54:53,data_go_kr,강원특별자치도,A2200007,강원특별자치도삼척의료원,14,20260727034502,033-571-0431,,Y,,,,,,,,,,,,,,,,1,2,,1,0,,,,0,3,,,,,6,Y,,Y,,,,,,Y,N1,,,Y,Y,N1,57,N1,0,Y,Y,,4,N1,16,1,2,1,2,,,,,,,,,,,6,2,3,,,4,,,10,1,1,1,,3,,3,1,,,,,189,,,,,,,,,,,,,,,,,Y,N1,A2200007,5
2026-07-27 03:54:53,data_go_kr,강원특별자치도,A2200012,강원특별자치도속초의료원,17,20260727035001,,Y,Y,,,,,,,,,,,,,,,,,2,,1,,,,,,,,,,,,Y,,Y,,,,,,Y,N1,,,N1,Y,N1,64,N1,0,Y,Y,,3,N1,17,,2,1,,,,,,,,,,,,8,,,,,3,,,,2,1,1,,7,1,1,,,,,,154,,,,,,,,,,,,,,,,,Y,Y,A2200012,6
2026-07-27 03:54:53,data_go_kr,강원특별자치도,A2200009,강원대학교병원,16,20260727035000,033-258-2293,Y,Y,,,,,0,,,3,,,,,,,,3,2,,3,1,4,,4,1,,,,,3,10,Y,,Y,2,,,Y,,Y,Y,,,Y,Y,Y,269,Y,,Y,Y,1,11,N1,21,3,2,3,5,10,,15,8,,,8,,8,,,2,,,,11,,16,14,3,4,2,4,43,13,24,12,3,10,,,508,,,,,0,,,,,,,,,,,,Y,Y,A2200009,7
2026-07-27 03:54:53,data_go_kr,강원특별자치도,A2200011,강원특별자치도강릉의료원,1,20260727035001,033-610-1234,,,,,,,,,,,,,,,,20,,,,,1,,,,,,,,,,,5,,,Y,,,,,,Y,N1,,,N1,Y,N1,16,N1,0,N1,Y,,2,N1,5,,,1,,,,,,,,,,,,8,,,,,2,,,5,,1,1,,4,,,,,,,,122,,,,,,,,,,,,,20,,,,Y,N1,A2200011,8
2026-07-27 03:54:53,data_go_kr,강원특별자치도,A2200003,의료법인동해동인병원,9,20260727035011,033-530-0129,,,,,,,,,,,,,,,,,,,,,1,,,,,1,,,,,57,,,,Y,,,,,,Y,N1,,,N1,Y,N1,33,N1,9,N1,Y,,2,N1,10,,,1,,,,,,,,,,,,19,1,,,,2,,110,,,1,1,,7,,,,,,,,178,,,,,,,,,,,,,,,,,Y,N1,A2200003,9
2026-07-27 03:54:53,data_go_kr,강원특별자치도,A2200046,의료법인온세움의료재단온재병원,7,20260727035033,033-639-8988,,,,,,,,,,,,,,,,,,,,,1,,,,,,,,,,29,,,,Y,,,,,,Y,N1,,,N1,Y,N1,21,N1,0,N1,Y,,4,N1,9,,,1,,,,,,,,,,,,15,,,,,4,,59,,,1,1,,5,,,,,,,,219,,,,,,,,,,,,,,,,,Y,N1,A2200046,10
2026-07-27 03:54:53,data_go_kr,강원특별자치도,A2200037,의료법인성심의료재단양구성심병원,4,20260727035001,033-480-8816,,Y,,,,,,,,,,,,,,,,,1,,,,,,,,,,,,,,Y,,Y,,,,,,Y,N1,,,N1,Y,N1,40,N1,,Y,N1,,,N1,5,,1,,,,,,,,,,,,,,,,,,,,,,1,1,,,1,,1,,,,,,52,,,,,,,,,,,,,,,,,Y,N1,A2200037,11
2026-07-27 03:54:53,data_go_kr,강원특별자치도,A2200002,강원특별자치도영월의료원,8,20260727035002,033-370-9129,,Y,,,,,,,,,,,,,,,1,,,,,,,,,0,,,,,,2,Y,,Y,,,,,,Y,N1,,,N1,Y,N1,42,N1,0,Y,Y,,2,N1,9,,,,,,,,,,,,,,,10,2,,,,2,,,2,1,1,1,,7,,3,,,,,,174,,,,,,,,,,,,,,1,,,Y,N1,A2200002,12
2026-07-27 03:54:53,data_go_kr,강원특별자치도,A2200015,강원특별자치도원주의료원,14,20260727035001,033-760-4701,,,,,,,,,,,,,,,,,,,1,,2,,,,,,,,,,,,,,Y,,,,,,Y,N1,,,N1,Y,N1,53,N1,0,N1,Y,,3,N1,17,,1,2,,,,,,,,,,,,20,,,,,3,,,,,1,1,,7,,,,,,,,259,,,,,,,,,,,,,,,,,Y,N1,A2200015,13
2026-07-27 03:54:53,data_go_kr,강원특별자치도,A2200024,의료법인성지의료재단성지병원,3,20260727034528,033-760-3119,,,,,,,,,,,,,,,,13,,,,,1,,,,,,,,,,,,,,Y,,,,,,Y,N1,,,N1,Y,N1,-81,N1,9,N1,Y,,4,N1,7,,,1,,,,,,,,,,,,9,,,,,4,,,,,1,2,,4,,,,,,,,135,,,,,,,,,,,,,13,,,,Y,N1,A2200024,14
2026-07-27 03:54:53,data_go_kr,강원특별자치도,A2200048,근로복지공단정선병원,5,20260727034800,033-560-7150,,,,,,,,,,,,,,,,,,,,,1,,,,,,,,,,,,,,Y,,,,,,Y,N1,,,N1,Y,N1,46,N1,,N1,N1,,,N1,5,,,1,,,,,,,,,,,,,,,,,,,,,,1,,,3,,,,,,,,149,,,,,,,,,,,,,,,,,Y,N1,A2200048,15
2026-07-27 03:54:53,data_go_kr,강원특별자치도,A2201730,철원병원,4,20260727035002,033-452-5012,N,Y,,,,,,,,,,,,,,,,,1,,,,,,,,,,,,,,Y,N,Y,,,,N,,Y,N,,,N,Y,N,33,N,,Y,Y,,2,N,5,,1,,,,,,,,,,,,,,,,,,2,,,,1,1,1,0,1,0,1,0,0,0,0,0,68,,,,,,,,,,,,,,,,,Y,N,A2201730,16
2026-07-27 03:54:53,data_go_kr,강원특별자치도,A2200004,근로복지공단태백병원,8,20260727034900,033-580-3119,,,,,,,,,,,,,,,,,,,1,,,,,,,1,,,,,,,Y,,Y,,,,,,Y,N1,,,N1,Y,N1,65,N1,3,N1,Y,,2,N1,9,,1,,,,,,,,,,,,,9,1,,,,2,,,,1,1,1,,8,,,,,,,,223,,,,,,,,,,,,,,,,,Y,N1,A2200004,17
2026-07-27 03:54:53,data_go_kr,강원특별자치도,E2200026,평창군보건의료원,6,20260727035001,033-330-4812,,,,,,,,,,,,,,,,,,,,,1,,,,,,,,,,,,,,Y,,,,,,Y,N1,,,N1,Y,N1,20,N1,,N1,N1,,,N1,6,,,1,,,,,,,,,,,,,,,,,,,,,,1,,,1,,,,,,,,20,,,,,,,,,,,,,,,,,Y,N1,E2200026,18
2026-07-27 03:54:53,data_go_kr,강원특별자치도,A2200014,홍천아산병원,9,20260727034500,033-430-5119,,,,,,,,,,,,,,,,,,,,,,,,,,,,,,,,,,,Y,,,,,,Y,N1,,,N1,Y,N1,2,N1,0,N1,Y,,2,N1,10,,,,,,,,,,,,,,,7,,,,,2,,,,,1,1,,4,,,,,,,,128,,,,,,,,,,,,,,,,,Y,N1,A2200014,19
2026-07-27 03:54:53,data_go_kr,강원특별자치도,E2200025,화천군보건의료원,7,20260727035001,033-440-2880,,,,,,,,,,,,,,,,,,,,,1,,,,,,,,,,,,,,,,,,,,Y,N1,,,N1,N1,N1,16,N1,,N1,N1,,,N1,7,,,1,,,,,,,,,,,,,,,,,,,,,,,,,1,,,,,,,,16,,,,,,,,,,,,,,,,,Y,N1,E2200025,20
2026-07-27 03:54:53,data_go_kr,강원특별자치도,A2200016,횡성대성병원,9,20260727034949,033-345-1191,,,,,,,,,,,,,,,,,,,,,1,,,,,,,,,,,,,,Y,,,,,,Y,N1,,,N1,Y,N1,25,N1,,N1,Y,,1,N1,9,,,1,,,,,,,,,,,,,,,,,1,,,,,1,1,,1,,,,,,,,114,,,,,,,,,,,,,,,,,Y,N1,A2200016,21
2026-07-27 03:54:53,data_go_kr,충청북도,A2300001,충북대학교병원,28,20260727035000,043-269-6114,Y,Y,2,3,,,,0,,0,,,,,,,,6,,,,2,,,,1,32,,10,2,4,12,Y,,Y,,2,4,Y,15,Y,Y,2,,Y,Y,Y,230,Y,7,Y,Y,14,16,N1,30,8,,,18,8,,25,,,4,,20,,,17,5,40,,40,16,2,21,13,2,4,4,6,98,13,31,18,10,17,,,547,2,3,,,,2,,,,,,,,,2,6,Y,Y,A2300001,1
2026-07-27 03:54:53,data_go_kr,충청북도,A2300009,의료법인명지의료재단명지병원,15,20260727035003,043-640-8117,,,,,,,,,,,,,,,,,,3,2,,4,2,,,,3,,,,,,,,,Y,,,,Y,,Y,Y,,,Y,Y,Y,69,N1,4,N1,Y,,3,N1,18,3,2,4,2,,,,,,,,,,,15,3,,,,3,,,,,2,1,1,10,,,2,1,,,,201,,,,,,,,,,,,,,,,,Y,N1,A2300009,2
2026-07-27 03:54:53,data_go_kr,충청북도,A2300005,의료법인자산의료재단제천서울병원,12,20260727034541,043-643-2327,,,,,,,,,,,,,,,,,,,1,,4,,,,,,2,,,,,,,,Y,,,,,,Y,N1,,,Y,Y,N1,22,N1,0,N1,Y,,3,Y,15,,1,4,,,,,,,,,,,,11,,5,,,3,,,,,1,1,,10,,,1,,,,1,202,,,,,,,,,,,,,,,,,Y,N1,A2300005,3
2026-07-27 03:54:53,data_go_kr,충청북도,A2300013,의료법인 건명의료재단 중앙제일병원,16,20260727034618,043-537-9119,,,,,,,,,,,,,,,,,,,3,,,,,,,2,,,,,,31,,,Y,,,,,,Y,N1,,,Y,Y,N1,51,N1,4,N1,Y,,5,N1,17,,3,,,,,,,,,,,,,12,6,,,,5,,,31,,2,2,,6,,,1,,,,,192,,,,,,,,,,,,,,,,,Y,N1,A2300013,4
2026-07-27 03:54:53,data_go_kr,충청북도,A2300007,의료법인인화재단한국병원,12,20260727034742,043-222-6177,,Y,,,,,,,,,,,,,,,3,,1,,2,,,,,1,,,,,,1,Y,,Y,,,,Y,,Y,Y,,,Y,Y,N1,55,N1,0,Y,Y,,8,N1,14,,1,2,,,,,,,,,,,,24,1,,,,8,,,1,1,3,3,2,18,,1,3,,,,,403,,,,,,,,,,,,,,3,,,Y,N1,A2300007,5
2026-07-27 03:54:53,data_go_kr,충청북도,A2300003,의료법인정산의료재단효성병원,17,20260727034537,043-221-2192,,N,,,,,,,,,,,,,,,,,1,,4,0,,,,0,1,,,,,,Y,,Y,,,,Y,,Y,Y,,,Y,Y,N1,65,N1,0,N,Y,,4,Y,18,,1,4,2,,,,,,,,,,,27,2,3,,,4,,,,1,3,4,2,19,,1,2,,,,1,363,,,,,,,,,,,,,,,,,Y,N1,A2300003,6
2026-07-27 03:54:53,data_go_kr,충청북도,A2300008,청주성모병원,12,20260727035008,043-219-8119,,Y,,,,,,,,3,,,,,,,,,2,6,5,2,,,,1,4,,,,,7,Y,,Y,,,,Y,,Y,Y,,,Y,Y,N1,110,N1,,Y,Y,,8,N1,15,,2,5,2,13,12,,,,,,,,,,1,4,,,8,,,30,1,3,2,2,19,,2,2,,,,,358,,,,,,,,,,,,,,,,,Y,N1,A2300008,7
2026-07-27 03:54:53,data_go_kr,충청북도,A2300002,의료법인한마음의료재단하나병원,9,20260727034940,043-230-6594,,,,,,,,,,,,,,,,,9,,1,,2,,,,,1,,,,,,,,,Y,,,,Y,,Y,Y,,,Y,Y,N1,126,N1,2,N1,Y,,7,Y,11,,1,2,,,,,,,,,,,,24,2,,,,7,,,,,3,3,2,20,,,4,,,,1,463,,,,,,,,,,,,,,9,,,Y,N1,A2300002,8
2026-07-27 03:54:53,data_go_kr,충청북도,A2300010,건국대학교충주병원,18,20260727035001,043-840-8330,Y,Y,,,,,,,,,,,,,,,,,1,,2,,,,,,,,,,,0,Y,,Y,,,,Y,,Y,Y,,,Y,Y,Y,78,N1,5,Y,Y,,5,N1,20,,1,2,,,,,,,,,,,,18,,,,,5,,,1,1,2,1,2,11,1,4,3,1,,,,194,,,,,,,,,,,,,,,,,Y,Y,A2300010,9
2026-07-27 03:54:53,data_go_kr,충청북도,A2300034,의료법인대광의료재단괴산성모병원,8,20260727034745,043-830-5419,,,,,,,,,,,,,,,,,,,,,0,,,,,,,,,,,,,,Y,,,,,,Y,N1,,,N1,Y,N1,4,N1,,N1,Y,,1,N1,9,,,1,,,,,,,,,,,,,,,,,1,,,,,1,1,,3,,,,,,,,153,,,,,,,,,,,,,,,,,Y,N1,A2300034,10
2026-07-27 03:54:53,data_go_kr,충청북도,E2300011,단양군보건의료원,6,20260727035001,043-420-0139,,,,,,,,,,,,,,,,,,,1,,,,,,,,,,,,,2,,,Y,,,,,,Y,N1,,,N1,Y,N1,13,N1,,N1,N1,,,N1,6,,1,,,,,,,,,,,,,,,,,,,,,2,,1,,,1,,,,,,,,14,,,,,,,,,,,,,,,,,Y,N1,E2300011,11
2026-07-27 03:54:53,data_go_kr,충청북도,A2300030,의료법인조윤의료재단영동병원,10,20260727034500,043-740-9333,,Y,,,,,,,,,,,,,,,,,,,,,,,,,,,,,,,Y,,Y,,,,,,Y,N1,,,N1,Y,N1,28,N1,,Y,Y,,2,N1,10,,,,,,,,,,,,,,,,,,,,2,,,,1,1,1,,3,,1,,,,,,161,,,,,,,,,,,,,,,,,Y,N1,A2300030,12
2026-07-27 03:54:53,data_go_kr,충청북도,A2300011,의료법인힐링의료재단옥천성모병원,7,20260727034850,043-730-7119,,,,,,,,,,,,,,,,,,,2,,1,,,,,,,,,,,,,,Y,,,,,,Y,N1,,,N1,Y,N1,15,N1,0,N1,Y,,2,N1,7,,2,1,,,,,,,,,,,,7,,,,,2,,,,,1,1,,4,,,,,,,,157,,,,,,,,,,,,,,,,,Y,N1,A2300011,13
2026-07-27 03:54:53,data_go_kr,충청북도,A2300006,충청북도청주의료원,11,20260727035002,043-279-0119,,Y,,,,,,,,,,,,,,,3,,1,,,,,,,2,,,,,90,6,Y,,Y,,,,Y,,Y,Y,,,Y,Y,N1,151,N1,18,Y,Y,,5,N1,12,,1,,,,,,,,,,,,,21,3,,,,5,,90,6,1,1,2,1,11,,1,1,,,,,359,,,,,,,,,,,,,,3,,,Y,N1,A2300006,14
2026-07-27 03:54:53,data_go_kr,충청북도,A2300004,충청북도충주의료원,15,20260727035001,043-871-0119,,,,,,,,,,,,,,,,,,,1,,2,,,,,,,,,,,,,,Y,,,,Y,,Y,Y,,,Y,Y,N1,131,N1,3,N1,Y,,4,N1,18,,1,2,,,,,,,,,,,,12,,,,,4,,,,,1,1,1,8,,,1,,,,,282,,,,,,,,,,,,,,,,,Y,N1,A2300004,15
2026-07-27 03:54:53,data_go_kr,충청남도,A2400002,단국대학교의과대학부속병원,13,20260727035001,041-550-6840,Y,Y,2,2,,,,0,,,,,,3,,,,4,,0,0,0,,,,0,14,,2,2,10,0,Y,,Y,0,2,6,Y,1,Y,Y,,,Y,Y,Y,155,Y,,Y,Y,-2,13,Y,25,4,,1,18,,13,25,,,,13,20,,,,1,30,,40,13,2,20,8,3,4,3,6,6,14,29,15,7,17,,1,640,2,2,,,,2,,,,,7,,,,2,6,Y,Y,A2400002,1
2026-07-27 03:54:53,data_go_kr,충청남도,A2400001,학교법인동은학원순천향대학교부속천안병원,19,20260727034621,041-590-7019,Y,Y,,,1,3,1,,,10,,,,,,,,14,4,9,3,6,,2,,4,10,4,,,,3,Y,Y,Y,,,,Y,,Y,Y,,,Y,Y,Y,137,Y,,Y,Y,1,19,Y,22,14,4,3,17,18,15,38,,2,,,,,,,6,30,6,,19,,,14,11,6,4,6,60,16,37,6,6,10,1,1,713,,,1,3,1,,,,,,,,,,,,Y,Y,A2400001,2
2026-07-27 03:54:53,data_go_kr,충청남도,A2400009,의료법인백제병원,14,20260727034839,041-730-8882,,,,,,,,,,,,,,,,,,,1,,2,,,,,,,,,,19,,,,Y,,,,Y,,Y,Y,,,Y,Y,N1,12,N1,-3,N1,Y,,4,N1,20,,1,2,,,,,,,,,,,,26,,,,,4,,49,,,2,2,1,11,,,3,,,,,398,,,,,,,,,,,,,,,,,Y,N1,A2400009,3
2026-07-27 03:54:53,data_go_kr,충청남도,A2400008,당진종합병원,12,20260727034953,041-358-3624,,,,,,,,,,,,,,,,,,,1,,2,,,,,,,,,,,,,,Y,,,,Y,,Y,Y,,,Y,Y,N1,80,N1,0,N1,Y,,4,N1,17,,1,2,,,,,,,,,,,,13,,,,,4,,,,,2,2,1,5,,,1,,,,,246,,,,,,,,,,,,,,,,,Y,N1,A2400008,4
2026-07-27 03:54:53,data_go_kr,충청남도,A2400011,재단법인아산사회복지재단보령아산병원,16,20260727035000,041-930-5333,,,,,,,,,,,,,,,,,,,1,,2,,,,,,,,,,,,,,Y,,,,,,Y,N1,,,N1,Y,N1,68,N1,3,N1,Y,,2,N1,17,,1,2,,,,,,,,,,,,8,,,,,2,,,,,1,1,,4,,,,,,,,221,,,,,,,,,,,,,,,,,Y,N1,A2400011,5
2026-07-27 03:54:53,data_go_kr,충청남도,A2400003,서산중앙병원,16,20260727034504,041-661-1195,,,,,,,,,,,,,,,,,,,1,,2,,,,,,,,,,,,,,Y,,,,,,Y,N1,,,Y,Y,N1,37,N1,3,N1,Y,,4,N1,17,,1,2,,,,,,,,,,,,17,,,,,4,,,,,1,1,,7,,,1,,,,,288,,,,,,,,,,,,,,,,,Y,N1,A2400003,6
2026-07-27 03:54:53,data_go_kr,충청남도,A2400006,충청남도서산의료원,10,20260727034601,041-689-7119,,,,,,,,,,,,,,,,,,,1,,2,0,,,,,1,,,,,5,,,Y,,,,,,Y,N1,,,N1,Y,N1,20,N1,0,N1,Y,,3,N1,17,,1,2,2,,,,,,,,,,,8,,4,,,3,,,5,,2,1,,10,,,,,,,,259,,,,,,,,,,,,,,,,,Y,N1,A2400006,7
2026-07-27 03:54:53,data_go_kr,충청남도,A2402257,아산충무병원,12,20260727034551,041-536-6519,,,1,7,,,,,,,,,,5,,,,,,,,,,,,1,,,,,,,Y,,Y,,,,Y,,Y,Y,,,Y,Y,Y,144,Y,10,N1,Y,,4,N1,13,,,,,,,,,,,,,,,22,2,,,,4,,,,1,2,2,3,27,,,4,2,1,,,456,1,7,,,,,,,,,5,,,,,,Y,N1,A2402257,8
2026-07-27 03:54:53,data_go_kr,충청남도,A2400012,의료법인영서의료재단천안충무병원,11,20260727034946,041-570-7519,,,,,,,,,,,,,,,,,,,1,,4,,,,,0,,,,,,,,,Y,0,,,Y,,Y,Y,,,Y,Y,Y,40,N1,0,N1,Y,,5,N1,16,,1,4,,,,,,,,7,,,,19,3,,,,5,,,,,2,2,3,26,,,3,3,,,,333,,,,,,,,,,,,,,,,,Y,N1,A2400012,9
2026-07-27 03:54:53,data_go_kr,충청남도,A2400007,충청남도홍성의료원,16,20260727034801,041-630-6119,,,,,,,,,,,,,,,,,,1,1,,2,2,,,,1,3,,,,3,1,Y,,Y,,,,N,,Y,N,,,Y,Y,N1,80,N1,4,N1,Y,,4,N,18,1,1,2,2,,,,,,,,,,,22,1,3,,,4,,49,1,1,2,2,1,10,,,1,,,,2,260,,,,,,,,,,,,,,,,,Y,N1,A2400007,10
2026-07-27 03:54:53,data_go_kr,충청남도,A2400010,충청남도공주의료원,14,20260727034802,041-962-1365,,,,,,,,,,,,,,,,,,,,,1,,,,,,,,,,,5,,,Y,,,,,,Y,N1,,,Y,Y,N1,54,N1,3,N1,Y,,6,N1,15,,,1,,,,,,,,,,,,16,,,,,6,,,6,,1,1,,9,,,2,,,,,273,,,,,,,,,,,,,,,,,Y,N1,A2400010,11
2026-07-27 03:54:53,data_go_kr,충청남도,A2400038,학교법인건양교육재단건양대학교부여병원,9,20260727034837,041-837-1201,,,,,,,,,,,,,,,,,,,,,1,,,,,,,,,,,,,,Y,,,,,,Y,N1,,,N1,Y,N1,17,N1,,N1,N1,,1,N1,9,,,1,,,,,,,,,,,,,,,,,1,,,,,1,,,1,,,,,,,,55,,,,,,,,,,,,,,,,,Y,N1,A2400038,12
2026-07-27 03:54:53,data_go_kr,충청남도,A2400044,의료법인 서해병원,5,20260727034728,041-950-0219,,,,,,,,,,,,,,,,,,,,,2,,,,,,,,,,,,,,Y,,,,,,Y,N1,,,N1,Y,N1,18,N1,,N1,N1,,,N1,5,,,2,,,,,,,,,,,,,,,,,,,,,,1,,,1,,,,,,,,79,,,,,,,,,,,,,,,,,Y,N1,A2400044,13
2026-07-27 03:54:53,data_go_kr,충청남도,A2400039,현대병원,8,20260727035001,041-546-7744,N,N,,,,,,,,,,,,,,,,,,,1,,,,,,,,,,,,N,N,Y,0,,,N,,Y,N,,,N,Y,N,3,N,2,N,Y,,3,N,10,,,1,,,,,,,,0,,,,7,,,,,3,,,,0,1,1,0,3,0,0,0,0,0,0,0,84,,,,,,,,,,,,,,,,,Y,N,A2400039,14
2026-07-27 03:54:53,data_go_kr,충청남도,A2400004,의료법인 예당의료재단 예산종합병원,5,20260727034928,041-330-4119,,,,,,,,,,,,,,,,,,,,,1,,,,,,,,,,,,,,Y,,,,,,Y,N1,,,N1,Y,N1,0,N1,1,N1,Y,,0,N1,6,,,1,,,,,,,,,,,,9,,,,,0,,,,,0,0,,0,,,,,,,,88,,,,,,,,,,,,,,,,,Y,N1,A2400004,15
2026-07-27 03:54:53,data_go_kr,충청남도,A2400005,충청남도천안의료원,12,20260727035001,041-570-7119,,,,,,,,,,,,,,,,6,,,,,1,,,,,,,,,,,,,,Y,,,,,,Y,N1,,,N1,Y,N1,64,N1,6,N1,Y,,4,N1,12,,,1,,,,,,,,,,,,15,,,,,4,,,,,1,1,,10,,,,,,,,241,,,,,,,,,,,,,6,,,,Y,N1,A2400005,16
2026-07-27 03:54:53,data_go_kr,충청남도,E2400032,청양군보건의료원,6,20260727035001,041-940-4951,,,,,,,,,,,,,,,,,,,,,1,,,,,,,,,,,,,,Y,,,,,,Y,N1,,,N1,Y,N1,12,N1,,N1,N1,,1,N1,6,,,1,,,,,,,,,,,,,,,,,1,,,,,1,,,1,,,,,,,,12,,,,,,,,,,,,,,,,,Y,N1,E2400032,17
2026-07-27 03:54:53,data_go_kr,충청남도,E2400033,태안군보건의료원,10,20260727035001,041-671-5319,,,,,,,,,,,,,,,,,,,,,1,,,,,,,,,,,,,,Y,,,,,,Y,N1,,,N1,Y,N1,22,N1,,N1,N1,,,N1,10,,,1,,,,,,,,,,,,,,,,,,,,,,1,,,1,,,,,,,,34,,,,,,,,,,,,,,,,,Y,N1,E2400033,18
2026-07-27 03:54:53,data_go_kr,전북특별자치도,A2500001,원광대학교병원,14,20260727035017,063-859-1165,Y,Y,2,1,,,,2,,1,,,,,,,,3,,3,,6,,,4,1,17,,14,2,3,1,Y,,Y,,2,6,Y,8,Y,Y,,,Y,Y,Y,134,Y,5,Y,Y,2,15,Y,26,3,,,18,8,15,15,,,,,20,8,,15,7,31,,40,15,2,30,2,1,5,4,5,11,12,20,8,4,1,,2,543,2,3,,,,2,,,,,,,,,2,6,Y,Y,A2500001,1
2026-07-27 03:54:53,data_go_kr,전북특별자치도,A2500002,전북대학교병원,27,20260727034551,063-250-1131,Y,Y,2,5,,,2,1,,1,,,,,,,,5,,3,,3,6,,4,1,6,,,,2,15,Y,,Y,6,,,Y,,Y,Y,,,Y,Y,Y,315,Y,,Y,Y,22,21,N1,36,5,,,17,10,8,25,10,,,18,,11,,,2,30,,,21,,23,15,3,1,2,5,11,15,22,4,2,1,,,834,2,5,,,2,1,,,,,,,,,,,Y,Y,A2500002,2
2026-07-27 03:54:53,data_go_kr,전북특별자치도,A2500007,전북특별자치도군산의료원,12,20260727034902,063-472-5130,,Y,,,,,,,,,,,,,,,,,1,,2,1,,,,2,3,,,,,,Y,,Y,,,,,,Y,N1,,,N1,Y,N1,86,N1,9,Y,Y,,6,N1,17,,1,2,2,,,,,,,,,,,18,2,3,,,6,,,,1,1,1,,18,,2,,,,,,289,,,,,,,,,,,,,,,,,Y,N1,A2500007,3
2026-07-27 03:54:53,data_go_kr,전북특별자치도,A2500012,의료법인오성의료재단동군산병원,15,20260727035025,063-440-0516,,,,,,,,,,,,,,,,0,,,1,,5,0,,,,,1,,,,,,,,Y,,,,Y,,Y,Y,,,Y,Y,N1,17,N1,4,N1,Y,,6,N1,17,,1,5,2,,,,,,,,,,,24,,3,,,6,,,,,2,2,2,13,,,2,,,,,262,,,,,,,,,,,,,0,,,,Y,N1,A2500012,4
2026-07-27 03:54:53,data_go_kr,전북특별자치도,A2500004,전북특별자치도남원의료원,16,20260727035001,063-620-1119,,Y,,,,,,,,,,,,,,,,,0,,2,,,,,1,,,,,,,Y,,Y,,,,,,Y,N1,,,N1,Y,N1,34,N1,4,Y,Y,,3,N1,17,,1,2,,,,,,,,,,,,9,1,,,,3,,,,3,2,1,,10,,1,,,,,,190,,,,,,,,,,,,,,,,,Y,N1,A2500004,5
2026-07-27 03:54:53,data_go_kr,전북특별자치도,A2500011,의료법인대산의료재단익산병원,13,20260727035005,063-840-9112,,,,,,,,,,,,,,,,,,,1,,2,,,,,0,,,,,,,,,Y,,,,Y,,Y,Y,,,N1,Y,N1,45,N1,7,N1,Y,,5,N1,17,,1,2,,,,,,,,,,,,17,1,,,,5,,,,,2,2,1,7,,,,,,,,333,,,,,,,,,,,,,,,,,Y,N1,A2500011,6
2026-07-27 03:54:53,data_go_kr,전북특별자치도,A2500056,대자인병원,30,20260727034807,063-250-8701,,,,,,,,,,,,,,,,,,,1,6,2,,,,,0,,,,,,,,Y,Y,,,,Y,,Y,Y,,,Y,Y,Y,37,N1,0,N1,Y,,15,Y,33,,1,2,,,36,,,,,,,,,15,4,,,,15,,,,,4,3,2,12,,,4,2,,1,1,45,,,,,,,,,,,,,,,,,Y,N1,A2500056,7
2026-07-27 03:54:53,data_go_kr,전북특별자치도,A2500006,재단법인예수병원유지재단예수병원,25,20260727034551,063-230-8280,Y,Y,,,1,1,,,,,,,,,,,,6,1,,2,,,2,,4,,2,,,,2,Y,,Y,-1,,,Y,,Y,Y,,,Y,Y,Y,141,N1,3,Y,Y,4,14,Y,38,10,1,2,,,,12,,2,,14,,,,23,4,,6,,14,,,5,4,4,3,4,40,6,11,7,2,,,2,685,,,1,1,,,,,,,,,,,,,Y,Y,A2500006,8
2026-07-27 03:54:53,data_go_kr,전북특별자치도,A2500005,의료법인영경의료재단전주병원,12,20260727034808,063-226-6119,,,,,,,,,,,,,,,,,,,1,,2,,,,,,,,,,,,,,Y,,,,,,Y,N1,,,Y,Y,N1,28,N1,4,N1,Y,,5,N1,17,,1,2,,,,,,,,,,,,9,,,,,5,,,,,1,2,,6,,,1,,,,,275,,,,,,,,,,,,,,,,,Y,N1,A2500005,9
2026-07-27 03:54:53,data_go_kr,전북특별자치도,A2500008,재단법인 아산사회복지재단 정읍아산병원,14,20260727034500,063-530-6129,,,,,,,,,,,,,,,,,,,1,,2,,,,,,,,,,,,,,Y,,,,,,Y,N1,,,N1,Y,N1,78,N1,1,N1,Y,,3,N1,17,,1,2,,,,,,,,,,,,11,,,,,3,,,,,1,1,,5,,,,,,,,276,,,,,,,,,,,,,,,,,Y,N1,A2500008,10
2026-07-27 03:54:53,data_go_kr,전북특별자치도,A2500009,의료법인석천재단고창병원,9,20260727034822,063-560-5558,,,,,,,,,,,,,,,,,,,,,1,,,,,,,,,,,,,,Y,,,,,,Y,N1,,,N1,Y,N1,0,N1,,N1,Y,,2,N1,10,,,1,,,,,,,,,,,,,,,,,2,,,,,1,1,,4,,,,,,,,258,,,,,,,,,,,,,,,,,Y,N1,A2500009,11
2026-07-27 03:54:53,data_go_kr,전북특별자치도,A2500038,김제우석병원,10,20260727034633,063-540-5119,,,,,,,,,,,,,,,,,,,,,1,,,,,,,,,,,,,,Y,,,,,,Y,N1,,,N1,Y,N1,74,N1,,N1,Y,,2,N1,10,,,1,,,,,,,,,,,,,,,,,2,,,,,1,1,,1,,,,,,,,200,,,,,,,,,,,,,,,,,Y,N1,A2500038,12
2026-07-27 03:54:53,data_go_kr,전북특별자치도,E2500019,무주군보건의료원,4,20260727035001,063-320-8315,,,,,,,,,,,,,,,,,,,,,1,,,,,,,,,,,,,,Y,,,,,,Y,N1,,,N1,Y,N1,24,N1,,N1,N1,,,N1,4,,,1,,,,,,,,,,,,,,,,,,,,,,1,,,1,,,,,,,,24,,,,,,,,,,,,,,,,,Y,N1,E2500019,13
2026-07-27 03:54:53,data_go_kr,전북특별자치도,A2500010,부안성모병원,9,20260727034222,063-580-8119,,,,,,,,,,,,,,,,,,,,,2,,,,,,,,,,,,,,Y,,,,,,Y,N1,,,N1,Y,N1,8,N1,9,N1,Y,,3,N1,10,,,2,,,,,,,,,,,,9,,,,,3,,,,,1,1,,2,,,,,,,,240,,,,,,,,,,,,,,,,,Y,N1,A2500010,14
2026-07-27 03:54:53,data_go_kr,전북특별자치도,E2500021,순창군보건의료원,9,20260727035001,063-650-5352,,,,,,,,,,,,,,,,,,,,,1,,,,,,,,,,,,,,Y,,,,,,Y,N1,,,N1,Y,N1,30,N1,,N1,N1,,,N1,9,,,1,,,,,,,,,,,,,,,,,,,,,,1,,,1,,,,,,,,30,,,,,,,,,,,,,,,,,Y,N1,E2500021,15
2026-07-27 03:54:53,data_go_kr,전북특별자치도,E2500022,임실군보건의료원,4,20260727035001,063-640-3119,,,,,,,,,,,,,,,,,,,,,1,,,,,,,,,,,,,,Y,,,,,,Y,N1,,,N1,Y,N1,,N1,,N1,N1,,,N1,4,,,1,,,,,,,,,,,,,,,,,,,,,,1,,,1,,,,,,,,,,,,,,,,,,,,,,,,,Y,N1,E2500022,16
2026-07-27 03:54:53,data_go_kr,전북특별자치도,E2500020,장수군보건의료원,5,20260727035001,063-350-2119,,,,,,,,,,,,,,,,,,,,,1,,,,,,,,,,,,,,,,,,,,Y,N1,,,N1,N1,N1,20,N1,,N1,N1,,,N1,5,,,1,,,,,,,,,,,,,,,,,,,,,,,,,1,,,,,,,,22,,,,,,,,,,,,,,,,,Y,N1,E2500020,17
2026-07-27 03:54:53,data_go_kr,전북특별자치도,A2501890,의료법인영경의료재단호성전주병원,5,20260727035037,063-240-8862,,,,,,,,,,,,,,,,,,,,,1,,,,,,,,,,,,,,Y,,,,,,Y,N1,,,N1,Y,N1,5,N1,,N1,Y,,2,N1,9,,,1,,,,,,,,,,,,,,,,,2,,,,,1,1,,1,,,,,,,,122,,,,,,,,,,,,,,,,,Y,N1,A2501890,18
2026-07-27 03:54:53,data_go_kr,전북특별자치도,A2502742,새강병원,14,20260727034942,063-289-9119,,,0,0,,0,0,,,0,,,,,,,,3,1,0,2,0,,,,3,,0,,0,,0,,,Y,,,,,,Y,N1,,,N1,Y,N1,82,N1,16,N1,Y,,5,N1,14,3,1,2,0,0,0,,,,,,,,,16,3,,0,,5,0,,0,,1,1,,1,,,,,,,,201,0,0,,0,0,,,,,,,,,,,,Y,N1,A2502742,19
2026-07-27 03:54:53,data_go_kr,전북특별자치도,A2502031,진안군의료원,5,20260727035002,063-430-7119,,,,,,,,,,,,,,,,,,,,,2,,,,,,,,,,,,,,Y,,,,,,Y,N1,,,N1,Y,N1,30,N1,,N1,Y,,2,N1,6,,,2,,,,,,,,,,,,,,,,,2,,,,,1,1,,3,,,,,,,,74,,,,,,,,,,,,,,,,,Y,N1,A2502031,20
2026-07-27 03:54:53,data_go_kr,경상북도,A2700007,차의과학대학교부속구미차병원,17,20260727035005,054-450-9998,Y,Y,,,,,0,,,,,,,,,,,5,3,,3,0,,,,,9,,,,,,Y,Y,Y,,,,Y,,Y,Y,,,Y,Y,Y,54,Y,0,Y,Y,0,8,N1,20,5,3,3,25,,,8,,,,,,,,18,,30,,,8,,,,3,3,2,2,21,3,13,2,1,2,1,,301,,,,,3,,,,,,,,,,,,Y,Y,A2700007,1
2026-07-27 03:54:53,data_go_kr,경상북도,A2700014,의료법인안동병원,11,20260727034800,054-840-0119,Y,Y,2,2,,,1,,,3,,,,,,,,2,,,,4,,,,0,8,,5,2,0,4,Y,Y,Y,,2,6,Y,0,Y,Y,,,Y,Y,Y,109,Y,0,Y,Y,10,11,Y,15,3,,,19,20,,10,,,,,20,,,13,3,30,,40,11,2,34,6,3,6,3,5,67,3,12,14,4,13,1,1,775,2,3,,,1,,,,,,,,,,2,6,Y,Y,A2700014,2
2026-07-27 03:54:53,data_go_kr,경상북도,A2700016,포항성모병원,18,20260727034934,054-260-8600,Y,Y,2,3,,,,2,2,,,,,,,,,11,,,,4,,,,1,0,,,,,1,Y,Y,Y,,,,Y,,Y,Y,,,Y,Y,Y,71,Y,5,Y,Y,,9,Y,20,11,,,15,,,,,,,,,,,16,1,17,,,9,,,1,1,3,2,2,25,1,6,4,1,2,1,3,468,2,3,,,,5,13,,,,,,,,,,Y,Y,A2700016,3
2026-07-27 03:54:53,data_go_kr,경상북도,A2700003,동국대학교의과대학경주병원,15,20260727035001,054-770-8306,Y,Y,,,,,,,,1,,,,,,,,3,2,3,5,,,,,3,,,,,11,1,Y,,Y,,,,Y,,Y,Y,,,Y,Y,N1,84,N1,0,Y,Y,,6,N1,16,3,2,5,,11,17,,,,,,,,,7,4,,,,7,,20,3,1,2,2,2,26,2,6,3,,,,,279,,,,,,,,,,,,,,,,,Y,Y,A2700003,4
2026-07-27 03:54:53,data_go_kr,경상북도,A2700013,순천향대학교부속구미병원,12,20260727034620,054-468-9119,,Y,,,,,,,,,,,,,,,,4,1,,2,0,,,,2,0,,,,,1,Y,,Y,,,,Y,,Y,Y,,,Y,Y,N1,38,N1,4,Y,Y,,6,N1,13,4,1,2,2,,,,,,,,,,,31,2,3,,,6,,,1,1,2,2,2,20,,1,2,,,,,263,,,,,,,,,,,,,,,,,Y,N1,A2700013,5
2026-07-27 03:54:53,data_go_kr,경상북도,A2700012,의료법인덕산의료재단김천제일병원,16,20260727034636,054-420-9500,,,,,,,,,,,,,,,,,,,1,,3,2,,,,,3,,,,,,Y,,Y,,,,Y,,Y,Y,,,Y,Y,N1,75,N1,6,N1,Y,,4,Y,16,,1,3,2,,,,,,,,,,,16,,3,,,4,,,,3,1,1,1,10,,,1,,,,1,276,,,,,,,,,,,,,,,,,Y,N1,A2700012,6
2026-07-27 03:54:53,data_go_kr,경상북도,A2700006,의료법인동춘의료재단문경제일병원,17,20260727034001,054-550-7777,,,,,,,,,,,,,,,,,,,1,,1,2,,,,1,3,,,,60,3,,,Y,,,,,,Y,N1,,,N1,Y,N1,48,N1,10,N1,Y,,3,N1,17,,1,2,2,,,,,,,,,,,29,1,3,,,3,,162,4,,2,1,,8,,,,,,,,306,,,,,,,,,,,,,,,,,Y,N1,A2700006,7
2026-07-27 03:54:53,data_go_kr,경상북도,A2700004,안동성소병원,12,20260727035016,054-850-8282,,Y,,,,,,,,,,,,,,,5,,1,,2,0,,,,3,1,,,,23,0,Y,,Y,,,,Y,,Y,Y,,,Y,Y,N1,152,N1,7,Y,Y,,6,N1,12,,1,2,2,,,,,,,,,,,16,3,3,,,6,,186,2,1,2,2,2,21,,4,1,,,,,393,,,,,,,,,,,,,,5,,,Y,N1,A2700004,8
2026-07-27 03:54:53,data_go_kr,경상북도,A2700002,포항세명기독병원,11,20260727034906,054-289-1711,,,,,,,,,,,,,,,,,6,,1,,3,0,,,,0,1,,,,,1,,,Y,,,,Y,,Y,Y,,,Y,Y,Y,123,Y,1,N1,Y,,14,Y,15,,1,3,2,,,,,,,,,,,52,1,3,,,14,,,6,,6,5,4,25,,,5,1,1,,1,662,,,,,,,,,,,,,,6,,,Y,N1,A2700002,9
2026-07-27 03:54:53,data_go_kr,경상북도,A2700019,의)근원의료재단경산중앙병원,8,20260727035000,053-715-0119,,,,,,,,,,,,,,,,,,,,,2,,,,,0,,,,,44,,,,Y,,,,,,Y,N1,,,N1,Y,N1,57,N1,2,N1,Y,,4,N1,10,,,2,,,,,,,,,,,,11,2,,,,4,,116,,,1,1,,9,,,,,,,,301,,,,,,,,,,,,,,,,,Y,N1,A2700019,10
2026-07-27 03:54:53,data_go_kr,경상북도,A2700036,의료법인서명의료재단세명종합병원,12,20260727034642,053-819-8500,,,,,,,,,,,,,,,,,,,,,2,,,,,,,,,,2,,,,Y,,,,,,Y,N1,,,N1,Y,N1,14,N1,1,N1,Y,,4,N1,13,,,2,,,,,,,,,,,,14,,,,,4,,22,,,1,1,,6,,,,,,,,264,,,,,,,,,,,,,,,,,Y,N1,A2700036,11
2026-07-27 03:54:53,data_go_kr,경상북도,A2700097,계명대학교경주동산병원,8,20260727034943,054-770-9420,,,,,,,,,,,,,,,,,,,,,1,,,,,,,,,,,,,,Y,,,,,,Y,N1,,,N1,Y,N1,34,N1,,N1,Y,,2,N1,9,,,1,,,,,,,,,,,,,,,,,2,,,,,1,1,,1,,,,,,,,88,,,,,,,,,,,,,,,,,Y,N1,A2700097,12
2026-07-27 03:54:53,data_go_kr,경상북도,A2700070,의료법인영암의료재단고령영생병원,5,20260727035015,070-4700-0728,,,,,,,,,,,,,,,,,,,,,1,,,,,,,,,,,,,,Y,,,,,,Y,N1,,,N1,Y,N1,35,N1,,N1,N1,,1,N1,5,,,1,,,,,,,,,,,,,,,,,1,,,,,1,,,1,,,,,,,,59,,,,,,,,,,,,,,,,,Y,N1,A2700070,13
2026-07-27 03:54:53,data_go_kr,경상북도,A2700015,구미강동병원,7,20260727035001,054-478-9521,,,,,,,,,,,,,,,,9,,,1,,2,,,,,,,,,,,,,,Y,,,,Y,,Y,Y,,,N1,Y,N1,37,N1,5,N1,Y,,5,N1,7,,1,2,,,,,,,,,,,,12,,,,,5,,,,,1,1,1,3,,,,,,,,191,,,,,,,,,,,,,9,,,,Y,N1,A2700015,14
2026-07-27 03:54:53,data_go_kr,경상북도,A2700018,경상북도김천의료원,16,20260727035002,054-429-8234,,,,,,,,,,,,,,,,,,,1,,,,,,,0,,,,,,,,,Y,,,,,,Y,N1,,,N1,Y,N1,-13,N1,2,N1,Y,,5,N1,17,,1,,,,,,,,,,,,,22,3,,,,5,,,,,1,2,,7,,,,,,,,274,,,,,,,,,,,,,,,,,Y,N1,A2700018,15
2026-07-27 03:54:53,data_go_kr,경상북도,A2700009,의료법인삼백의료재단상주성모병원,9,20260727035019,054-530-7811,,,,,,,,,,,,,,,,,,,,,1,,,,,,,,,,,,,,Y,,,,,,Y,N1,,,N1,Y,N1,36,N1,6,N1,Y,,3,N1,9,,,1,,,,,,,,,,,,10,,,,,3,,,,,1,1,,1,,,,,,,,172,,,,,,,,,,,,,,,,,Y,N1,A2700009,16
2026-07-27 03:54:53,data_go_kr,경상북도,A2700011,상주적십자병원,9,20260727034725,054-530-3171,,Y,,,,,,,,,,,,,,,,,1,,,,,,,,,,,,,,Y,,Y,,,,,,Y,N1,,,Y,Y,N1,54,N1,6,Y,Y,,3,N1,9,,1,,,,,,,,,,,,,10,,,,,3,,,,1,1,1,,7,,2,1,,,,,164,,,,,,,,,,,,,,,,,Y,N1,A2700011,17
2026-07-27 03:54:53,data_go_kr,경상북도,A2700001,경상북도안동의료원,5,20260727035001,054-850-6100,,,,,,,,,,,,,,,,,,,,,2,,,,,,,,,,,,,,Y,,,,,,Y,N1,,,N1,Y,N1,112,N1,2,N1,Y,,5,N1,6,,,2,,,,,,,,,,,,10,,,,,5,,,,,1,1,,8,,,,,,,,238,,,,,,,,,,,,,,,,,Y,N1,A2700001,18
2026-07-27 03:54:53,data_go_kr,경상북도,A2700031,영주기독병원,4,20260727034810,054-635-3050,,Y,,,,,,,,,,,,,,,,,,,1,,,,,,,,,,,,Y,,Y,,,,,,Y,N1,,,N1,Y,N1,6,N1,,Y,N1,,1,N1,4,,,1,,,,,,,,,,,,,,,,,1,,,,1,1,,,1,,2,,,,,,70,,,,,,,,,,,,,,,,,Y,N1,A2700031,19
2026-07-27 03:54:53,data_go_kr,경상북도,A2700020,영주자인병원,4,20260727034934,070-7335-5229,,,,,,,,,,,,,,,,,,,,,1,,,,,,,,,,,,,,Y,,,,,,Y,N1,,,N1,Y,N1,26,N1,,N1,Y,,,N1,4,,,1,,,,,,,,,,,,,,,,,2,,,,,1,1,,,,,,,,,,133,,,,,,,,,,,,,,,,,N1,N1,A2700020,20
2026-07-27 03:54:53,data_go_kr,경상북도,A2702752,영주적십자병원,10,20260727034858,054-630-0112,,,,,,,,,,,,,,,,,,,1,,,,,,,,,,,,,,,,Y,,,,,,Y,N1,,,Y,Y,N1,54,N1,1,N1,Y,,3,N1,10,,1,,,,,,,,,,,,,10,,,,,3,,,,,1,1,,4,,,1,,,,,140,,,,,,,,,,,,,,,,,Y,N1,A2702752,21
2026-07-27 03:54:53,data_go_kr,경상북도,A2700017,영남대학교의과대학부속영천병원,6,20260727034757,054-330-7575,,,,,,,,,,,,,,,,,,,1,,1,,,,,,,,,,,,,,Y,,,,,,Y,N1,,,N1,Y,N1,48,N1,3,N1,Y,,4,N1,10,,1,2,,,,,,,,,,,,10,,,,,4,,,,,1,1,,1,,,,,,,,190,,,,,,,,,,,,,,,,,Y,N1,A2700017,22
2026-07-27 03:54:53,data_go_kr,경상북도,A2700023,의료법인서준의료재단예천권병원,6,20260727034059,054-650-2119,,Y,,,,,,,,,,,,,,,,,1,,0,,,,,,,,,,,0,Y,,Y,,,,,,Y,N1,,,N1,Y,N1,73,N1,,Y,Y,,2,N1,6,,1,0,,,,,,,,,,,,,,,,,2,,,0,1,1,1,,3,,2,,,,,,173,,,,,,,,,,,,,,,,,Y,N1,A2700023,23
2026-07-27 03:54:53,data_go_kr,경상북도,E2700553,울릉군보건의료원,5,20260727035001,054-790-6911,,,,,,,,,,,,,,,,,,,,,,,,,,,,,,,,,,,Y,,,,,,Y,N1,,,N1,Y,N1,24,N1,,N1,N1,,1,N1,5,,,,,,,,,,,,,,,,,,,,1,,,,,1,,,1,,,,,,,,27,,,,,,,,,,,,,,,,,Y,N1,E2700553,24
2026-07-27 03:54:53,data_go_kr,경상북도,A2700052,울진군의료원,8,20260727034602,054-785-7119,,,,,,,,,,,,,,,,,,,2,,,,,,,,,,,,,2,,,Y,,,,,,Y,N1,,,N1,Y,N1,20,N1,,N1,Y,,3,N1,8,,2,,,,,,,,,,,,,,,,,,3,,,2,,1,1,,1,,,,,,,,97,,,,,,,,,,,,,,,,,Y,N1,A2700052,25
2026-07-27 03:54:53,data_go_kr,경상북도,A2700063,의료법인영제의료재단영남제일병원,4,20260727032039,054-861-9111,,,,,,,,,,,,,,,,,,,,,1,,,,,,,,,,,,,,Y,,,,,,Y,N1,,,N1,Y,N1,27,N1,,N1,N1,,1,N1,,,,,,,,,,,,,,,,,,,,,,,,,,,,,,,,,,,,,,,,,,,,,,,,,,,,,,Y,N1,A2700063,26
2026-07-27 03:54:53,data_go_kr,경상북도,A2700038,의료법인대남의료재단청도대남병원,10,20260727034809,054-370-5112,,,,,,,,,,,,,,,,,,,,,,,,,,,,,,,,,,,Y,,,,,,Y,N1,,,N1,Y,N1,80,N1,,N1,Y,,1,N1,10,,,,,,,,,,,,,,,,,,,,1,,,,,1,1,,1,,,,,,,,115,,,,,,,,,,,,,,,,,Y,N1,A2700038,27
2026-07-27 03:54:53,data_go_kr,경상북도,E2700554,청송군보건의료원,5,20260727035001,054-870-7119,,,,,,,,,,,,,,,,,,,,,1,,,,,,,,,,,,,,,,,,,,Y,N1,,,N1,N1,N1,57,N1,,N1,N1,,,N1,5,,,1,,,,,,,,,,,,,,,,,,,,,,,,,1,,,,,,,,45,,,,,,,,,,,,,,,,,Y,N1,E2700554,28
2026-07-27 03:54:53,data_go_kr,경상북도,A2700008,에스포항병원,6,20260727034658,054-289-9120,Y,,,,,,,,,,,,,,,,,,,,1,,,,,1,,,,,,,,,Y,,,,Y,,Y,Y,,,Y,Y,N1,47,N1,1,N1,Y,,3,N1,6,,,1,,,,,,,,,,,,14,1,,,,4,,,,,2,2,3,9,9,,1,,,,,239,,,,,,,,,,,,,,,,,Y,Y,A2700008,29
2026-07-27 03:54:53,data_go_kr,경상북도,A2702563,의료법인은성의료재단좋은선린병원,10,20260727035004,054-245-5200,,,,,,,,,,,,,,,,2,,,,,2,,,,,1,,,,,,,,,Y,,,,N,,Y,N,,,N1,Y,N1,71,N1,0,N1,Y,,4,N,10,,,2,,,,,,,,,,,,17,1,,,,4,,,,,1,1,2,7,,,,,,,14,281,,,,,,,,,,,,,2,,,,N,N1,A2702563,30
2026-07-27 03:54:53,data_go_kr,경상북도,A2700005,경상북도포항의료원,7,20260727035002,054-245-0129,,,,,,,,,,,,,,,,,,,1,,1,,,,,1,,,,,7,7,,,Y,,,,,,Y,N1,,,N1,Y,N1,22,N1,4,N1,Y,,3,N1,8,,1,1,,,,,,,,,,,,19,1,,,,3,,56,7,,1,1,,4,,,,,,,,179,,,,,,,,,,,,,,,,,Y,N1,A2700005,31
2026-07-27 03:54:53,data_go_kr,경상남도,A2800011,양산부산대학교병원,5,20260727034827,055-360-1463,Y,Y,2,1,1,0,0,0,,4,,0,0,,4,,,5,,7,1,1,6,2,,0,9,5,,,5,4,Y,,Y,1,,,Y,,Y,Y,,6,Y,Y,Y,234,Y,,Y,Y,17,25,N1,23,8,,1,16,16,11,38,11,2,,9,,,10,,0,30,6,,25,,33,4,4,6,5,6,92,24,23,19,12,2,,,766,2,3,1,1,2,2,,,0,0,,4,,,,,Y,Y,A2800011,1
2026-07-27 03:54:53,data_go_kr,경상남도,A2800001,경상국립대학교병원,9,20260727034800,055-750-8282,Y,Y,,,,,,3,,1,,,,,,,,3,2,4,2,4,,,2,0,7,,25,2,7,4,Y,,Y,,2,6,Y,13,Y,Y,,,Y,Y,Y,231,Y,,Y,Y,3,15,N1,28,3,2,3,14,8,9,15,,,,,20,6,,,3,30,,40,15,2,23,7,7,3,3,5,16,9,20,6,4,17,,,655,,,,,,6,,,,,,,,,2,6,Y,Y,A2800001,2
2026-07-27 03:54:53,data_go_kr,경상남도,A2800020,학교법인성균관대학삼성창원병원,23,20260727035006,055-233-8899,Y,Y,,,,,,1,,3,,,,,,,,8,2,3,3,4,,,,0,10,,,,,3,Y,,Y,,,,Y,,Y,Y,,,Y,Y,Y,258,Y,,Y,Y,19,16,N1,27,8,2,3,19,15,20,24,,,,,,,,,3,30,,,16,,,5,7,4,3,4,45,8,20,5,3,3,,,645,,,,,,1,,,,,,,,,,,Y,Y,A2800020,3
2026-07-27 03:54:53,data_go_kr,경상남도,A2800010,의료법인환명의료재단 조은금강병원,17,20260727034646,055-330-0200,,,,,,,,,,,,,,,,,,,1,,2,,,,,1,,,,,5,,,,Y,,,,Y,,Y,Y,,,N1,Y,N1,68,N1,11,N1,Y,,4,Y,17,,1,2,,,,,,,,,,,,23,1,,,,4,,96,,,1,2,1,7,,,,,,,2,305,,,,,,,,,,,,,,,,,Y,N1,A2800010,4
2026-07-27 03:54:53,data_go_kr,경상남도,A2800006,의료법인숭인의료재단 김해복음병원,15,20260727034822,055-330-8844,,,,,,,,,,,,,,,,,,,1,,3,,,,,1,,,,,,,,,Y,,,,Y,,Y,Y,,,Y,Y,N1,13,N1,-1,N1,Y,,5,N1,16,,1,3,,,,,,,,,,,,18,1,,,,5,,,,,2,3,1,3,,,3,,,,,359,,,,,,,,,,,,,,,,,Y,N1,A2800006,5
2026-07-27 03:54:53,data_go_kr,경상남도,A2800043,한일병원,13,20260727035018,055-750-1333,,,,,,,,,,,,,,,,,,,1,,2,1,,,,0,1,,,,,,,,Y,,,,Y,,Y,Y,,,Y,Y,N1,12,N1,-1,N1,Y,,4,Y,17,,1,2,2,,,,,,,,,,,13,1,3,,,4,,,,,2,2,1,6,,,1,,,,1,282,,,,,,,,,,,,,,,,,Y,N1,A2800043,6
2026-07-27 03:54:53,data_go_kr,경상남도,A2800003,제일병원,14,20260727035018,055-750-7119,,,,,,,,,,,,,,,,,,,1,,2,,,,,,,,,,,,,Y,Y,,,,Y,,Y,Y,,,N1,Y,N1,43,N1,6,N1,Y,,4,Y,17,,1,2,,,,,,,,,,,,9,,,,,7,,,,,2,2,1,4,,,,,,1,1,258,,,,,,,,,,,,,,,,,Y,N1,A2800003,7
2026-07-27 03:54:53,data_go_kr,경상남도,A2800017,의료법인합포의료재단에스엠지연세병원,15,20260727035008,055-240-7777,,,,,,,,,,,,,,,,,,,1,,2,,,,,1,,,,,,,,,Y,,,,Y,,Y,Y,,,Y,Y,N1,38,N1,5,N1,Y,,4,N1,17,,1,2,,,,,,,,,,,,12,1,,,,4,,,,,1,2,1,7,,,1,,,,,286,,,,,,,,,,,,,,,,,Y,N1,A2800017,8
2026-07-27 03:54:53,data_go_kr,경상남도,A2803505,창원경상국립대학교병원,12,20260727034803,055-214-1339,Y,Y,,,,,,,,,,,,5,0,,,,1,,2,,,,,2,,,,,8,6,Y,,Y,,,,Y,,Y,Y,,,Y,Y,Y,199,Y,13,Y,Y,7,13,N1,18,,1,2,,,,17,,,,,,,,34,2,,,,13,,22,6,9,3,2,5,52,9,22,6,7,14,,,437,,,,,,,,,,,5,0,,,,,Y,Y,A2803505,9
2026-07-27 03:54:53,data_go_kr,경상남도,A2800007,창원한마음병원,4,20260727034810,055-225-0350,Y,Y,,,,,,,,-1,,,,,,,,,1,0,3,,,,,1,,,,,,1,Y,,Y,,,,Y,,Y,Y,,,Y,Y,Y,82,Y,,Y,Y,10,13,Y,21,,1,3,,25,37,10,,,,,,,,,1,,,,13,,,6,2,4,4,4,29,3,11,6,1,2,,2,688,,,,,,,,,,,,,,,,,Y,Y,A2800007,10
2026-07-27 03:54:53,data_go_kr,경상남도,A2800004,창원파티마병원,13,20260727034606,055-270-1119,Y,Y,,,,,,,,3,,,,,,,,,1,6,2,0,,,,0,2,,,,,3,Y,Y,Y,,,,Y,,Y,Y,,,Y,Y,N1,113,Y,,Y,Y,2,7,N1,17,,1,2,2,12,13,2,,,,,,,,,2,3,,,7,,,6,2,4,3,3,16,3,6,3,,4,1,,444,,,,,,,,,,,,,,,,,Y,Y,A2800004,11
2026-07-27 03:54:53,data_go_kr,경상남도,A2800008,의료법인 거붕 백병원,8,20260727034938,055-733-0180,,,,,,,,,,,,,,,,,,,,,1,,,,,,,,,,,,,,Y,,,,,,Y,N1,,,N1,Y,N1,55,N1,9,N1,Y,,4,N1,9,,,1,,,,,,,,,,,,20,,,,,4,,,,,2,2,,12,,,,,,,,365,,,,,,,,,,,,,,,,,Y,N1,A2800008,12
2026-07-27 03:54:53,data_go_kr,경상남도,A2800005,의료법인 대우의료재단대우병원,8,20260727034549,055-680-8119,,,,,,,,,,,,,,,,,,,,,1,,,,,,,,,,,,,,Y,,,,,,Y,N1,,,N1,Y,N1,43,N1,3,N1,Y,,4,N1,9,,,1,,,,,,,,,,,,10,,,,,4,,,,,2,1,,5,,,,,,,,231,,,,,,,,,,,,,,,,,Y,N1,A2800005,13
2026-07-27 03:54:53,data_go_kr,경상남도,A2800022,의료법인 성념의료재단맑은샘병원,8,20260727034115,055-736-0119,,,,,,,,,,,,,,,,,,,,,1,,,,,,,,,,,,,,Y,,,,,,Y,N1,,,N1,Y,N1,18,N1,,N1,Y,,2,N1,9,,,1,,,,,,,,,,,,,,,,,2,,,,,1,1,,4,,,,,,,,200,,,,,,,,,,,,,,,,,Y,N1,A2800022,14
2026-07-27 03:54:53,data_go_kr,경상남도,A2800076,거창적십자병원,9,20260727035034,055-949-3359,,Y,,,,,,,,,,,,,,,,,,,1,,,,,,,,,,,,Y,,Y,,,,,,Y,N1,,,N1,Y,N1,31,N1,,Y,Y,,2,N1,9,,,1,,,,,,,,,,,,,,,,,2,,,,1,1,1,,2,,2,,,,,,91,,,,,,,,,,,,,,,,,Y,N1,A2800076,15
2026-07-27 03:54:53,data_go_kr,경상남도,A2800032,강병원,8,20260727034917,055-673-4848,,,,,,,,,,,,,,,,,,,,,1,,,,,,,,,,,,,,Y,,,,,,Y,N1,,,N1,Y,N1,13,N1,,N1,Y,,1,N1,9,,,1,,,,,,,,,,,,,,,,,1,,,,,1,1,,1,,,,,,,,99,,,,,,,,,,,,,,,,,Y,N1,A2800032,16
2026-07-27 03:54:53,data_go_kr,경상남도,A2803677,강일병원,7,20260727034703,055-822-0119,,,,,,,,,,,,,,,,,,,1,,2,,,,,,,,,,,,,,Y,,,,Y,,Y,Y,,,N1,Y,N1,122,N1,14,N1,Y,,5,N1,8,,1,2,,,,,,,,,,,,15,,,,,5,,,,,1,2,1,1,,,,,,,,275,,,,,,,,,,,,,,,,,Y,N1,A2803677,17
2026-07-27 03:54:53,data_go_kr,경상남도,A2800014,의료법인갑을의료재단 갑을장유병원,7,20260727034958,055-310-6119,,,,,,,,,,,,,,,,,,,1,,,,,,,,,,,,,,,,Y,,,,,,Y,N1,,,N1,Y,N1,38,N1,,N1,Y,,4,N1,9,,1,,,,,,,,,,,,,,,,,,4,,,,,1,1,,1,,,,,,,,210,,,,,,,,,,,,,,,,,Y,N1,A2800014,18
2026-07-27 03:54:53,data_go_kr,경상남도,A2800094,의료법인 이도의료재단 남해병원,8,20260727030630,055-860-6630,N,N,,,,,,,,,,,,,,,,,1,,1,,,,,,,,,,,,N,N,Y,,,,N,,Y,N,,,N,Y,N,73,N,,N,Y,,2,N,,,,,,,,,,,,,,,,,,,,,,,,,,,,,,,,,,,,,,,,,,,,,,,,,,,,,,N,N,A2800094,19
2026-07-27 03:54:53,data_go_kr,경상남도,A2800113,밀양병원,6,20260727034730,055-356-9119,,,,,,,,,,,,,,,,,,,,,1,,,,,,,,,,,,,,Y,,,,,,Y,N1,,,N1,Y,N1,29,N1,,N1,Y,,0,N1,8,,,1,,,,,,,,,,,,,,,,,0,,,,,1,1,,1,,,,,,,,200,,,,,,,,,,,,,,,,,Y,N1,A2800113,20
2026-07-27 03:54:53,data_go_kr,경상남도,A2800068,의료법인승연의료재단 삼천포서울병원,9,20260727034211,055-830-9019,,,,,,,,,,,,,,,,,,,,,1,,,,,,,,,,,,,,Y,,,,Y,,Y,Y,,,N1,Y,N1,28,N1,,N1,Y,,3,Y,9,,,1,,,,,,,,,,,,,,,,,3,,,,,1,2,1,4,,,,,,,1,287,,,,,,,,,,,,,,,,,Y,N1,A2800068,21
2026-07-27 03:54:53,data_go_kr,경상남도,A2800101,삼천포제일병원,8,20260727034608,055-830-3099,,,,,,,,,,,,,,,,,,,,,2,,,,,,,,,,,,,,Y,,,,,,Y,N1,,,N1,Y,N1,70,N1,,N1,Y,,2,N,8,,,2,,,,,,,,,,,,,,,,,2,,,,,1,1,,1,,,,,,,1,214,,,,,,,,,,,,,,,,,Y,N1,A2800101,22
2026-07-27 03:54:53,data_go_kr,경상남도,E2800380,산청군보건의료원,5,20260727035001,055-970-7582,,,,,,,,,,,,,,,,,,,,,1,,,,,,,,,,,,,,,,,,,,Y,N1,,,N1,N1,N1,20,N1,,N1,N1,,,N1,5,,,1,,,,,,,,,,,,,,,,,,,,,,,,,1,,,,,,,,20,,,,,,,,,,,,,,,,,Y,N1,E2800380,23
2026-07-27 03:54:53,data_go_kr,경상남도,A2804593,양산성모병원,13,20260727035019,055-912-9785,,,,,,,,,,,,,,,,,,,1,,,,,,,,,,,,,,,,Y,,,,,,Y,N1,,,N1,Y,N1,142,N1,6,N1,Y,,4,N1,13,,1,,,,,,,,,,,,,6,,,,,4,,,,,1,2,,1,,,,,,,,214,,,,,,,,,,,,,,,,,Y,N1,A2804593,24
2026-07-27 03:54:53,data_go_kr,경상남도,A2800019,베데스다복음병원,8,20260727034838,055-781-9911,,,,,,,,,,,,,,,,,,,,,1,,,,,,,,,,,,,,Y,,,,,,Y,N1,,,N1,Y,N1,46,N1,,N1,Y,,3,N1,9,,,1,,,,,,,,,,,,,,,,,3,,,,,1,1,,1,,,,,,,,133,,,,,,,,,,,,,,,,,Y,N1,A2800019,25
2026-07-27 03:54:53,data_go_kr,경상남도,A2800090,의령병원,4,20260727034744,055-573-6806,,,,,,,,,,,,,,,,,,,,,1,,,,,,,,,,,,,,Y,,,,,,Y,N1,,,N1,Y,N1,35,N1,,N1,N1,,,N1,4,,,1,,,,,,,,,,,,,,,,,,,,,,1,,,1,,,,,,,,58,,,,,,,,,,,,,,,,,Y,N1,A2800090,26
2026-07-27 03:54:53,data_go_kr,경상남도,A2800084,반도병원,7,20260727035003,055-749-0200,,,,,,,,,,,,,,,,,,,,,1,,,,,,,,,,,,,,Y,,,,,,Y,N1,,,N1,Y,N1,64,N1,,N1,Y,,3,N1,7,,,1,,,,,,,,,,,,,,,,,3,,,,,1,1,,3,,,,,,,,165,,,,,,,,,,,,,,,,,Y,N1,A2800084,27
2026-07-27 03:54:53,data_go_kr,경상남도,A2800015,의료법인 문병욱의료재단 진주고려병원,9,20260727034658,055-751-2525,,,,,,,,,,,,,,,,,,,,,1,,,,,,,,,,,,,,Y,,,,Y,,Y,Y,,,N1,Y,N1,73,N1,3,N1,Y,,4,Y,10,,,1,,,,,,,,,,,,9,,,,,4,,,,,2,2,1,4,,,,,,,1,229,,,,,,,,,,,,,,,,,Y,N1,A2800015,28
2026-07-27 03:54:53,data_go_kr,경상남도,A2800037,진주복음병원,9,20260727035031,055-749-7119,,,,,,,,,,,,,,,,,,,,,1,,,,,,,,,,,,,,Y,,,,,,Y,N1,,,N1,Y,N1,36,N1,,N1,N,,3,N1,9,,,1,,,,,,,,,,,,,,,,,3,,,,,1,1,,1,,,,,,,,131,,,,,,,,,,,,,,,,,N,N1,A2800037,29
2026-07-27 03:54:53,data_go_kr,경상남도,A2800062,태황의료재단한성병원,9,20260727034933,055-530-5119,,,,,,,,,,,,,,,,,,,,,1,,,,,,,,,,,,,,,,,,,,Y,N1,,,N1,N1,N1,49,N1,,N1,N1,,,N1,9,,,1,,,,,,,,,,,,,,,,,,,,,,,,,,,,,,,,,167,,,,,,,,,,,,,,,,,N1,N1,A2800062,30
2026-07-27 03:54:53,data_go_kr,경상남도,A2800025,경상남도마산의료원,13,20260727035003,055-249-1119,,,,,,,,,,,,,,,,,,,1,,1,,,,,2,,,,,,19,,,Y,,,,,,Y,N1,,,Y,Y,N1,66,N1,5,N1,Y,,5,N1,13,,1,1,,,,,,,,,,,,6,2,,,,5,,,27,,1,1,,17,,,2,,,,,263,,,,,,,,,,,,,,,,,Y,N1,A2800025,31
2026-07-27 03:54:53,data_go_kr,경상남도,A2800009,의료법인청아의료재단청아병원,9,20260727034734,055-230-1700,,,,,,,,,,,,,,,,,,,,,1,,,,,,,,,,,,,,Y,,,,,,Y,N1,,,N1,Y,N1,73,N1,,N1,Y,,4,N1,9,,,1,,,,,,,,,,,,,,,,,4,,,,,2,2,,4,,,,,,,,274,,,,,,,,,,,,,,,,,Y,N1,A2800009,32
2026-07-27 03:54:53,data_go_kr,경상남도,A2800021,연세에스병원,6,20260727034635,055-548-7789,,,,,,,,,,,,,,,,,,,,,1,,,,,,,,,,,,,,Y,,,,Y,,Y,Y,,,N1,Y,N1,112,N1,7,N1,Y,,2,N1,9,,,1,,,,,,,,,,,,10,,,,,3,,,,,2,2,1,5,,,,,,,,255,,,,,,,,,,,,,,,,,Y,N1,A2800021,33
2026-07-27 03:54:53,data_go_kr,경상남도,A2800092,새통영병원,8,20260727035003,055-640-4119,,,,,,,,,,,,,,,,,,,,,1,,,,,,,,,,,,,,Y,,,,,,Y,N1,,,N1,Y,N1,57,N1,,N1,Y,,3,N1,9,,,1,,,,,,,,,,,,,,,,,3,,,,,1,2,,3,,,,,,,,256,,,,,,,,,,,,,,,,,Y,N1,A2800092,34
2026-07-27 03:54:53,data_go_kr,경상남도,A2800080,함양성심병원,4,20260727034822,055-964-4322,,,,,,,,,,,,,,,,,,,,,1,,,,,,,,,,,,,,Y,,,,,,Y,N1,,,N1,Y,N1,1,N1,,N1,Y,,2,N1,4,,,1,,,,,,,,,,,,,,,,,2,,,,,1,1,,1,,,,,,,,121,,,,,,,,,,,,,,,,,Y,N1,A2800080,35
2026-07-27 03:54:53,data_go_kr,경상남도,A2800055,삼성합천병원,4,20260727035001,070-5125-5030,,,,,,,,,,,,,,,,,,,,,1,,,,,,,,,,,,,,Y,,,,,,Y,N1,,,N1,Y,N1,23,N1,,N1,Y,,2,N1,4,,,1,,,,,,,,,,,,,,,,,2,,,,,1,1,,1,,,,,,,,141,,,,,,,,,,,,,,,,,Y,N1,A2800055,36
2026-07-27 03:54:53,data_go_kr,제주특별자치도,A2900001,제주한라병원,10,20260727035239,064-740-5159,Y,Y,,,,,0,0,,,3,,,,,,,3,2,,3,3,,,,,16,,5,2,,,Y,,Y,,2,6,Y,9,Y,Y,,,Y,Y,Y,154,Y,7,Y,Y,3,6,N1,15,3,2,3,14,,,7,,,,,20,,,15,,30,,40,6,2,,,2,3,2,3,46,3,8,9,4,2,,,414,,,,,4,2,,4,,,,,,,2,6,Y,Y,A2900001,1
2026-07-27 03:54:53,data_go_kr,제주특별자치도,A2900002,제주특별자치도서귀포의료원,16,20260727035001,064-730-3001,,Y,,,,,,,,,,,,,,,,4,1,,4,2,,,,3,3,,,,3,,Y,,Y,,,,Y,,Y,Y,,,Y,Y,N1,144,N1,7,Y,Y,,4,Y,16,4,1,4,2,,,,,,,,,,,17,3,3,,,4,,26,,1,2,1,1,16,,4,3,,,,1,326,,,,,,,,,,,,,,,,,Y,N1,A2900002,2
2026-07-27 03:54:53,data_go_kr,제주특별자치도,A2900007,제주대학교병원,5,20260727035000,,Y,Y,,,,,,,,0,,,,,,,,,1,3,2,,3,,4,,,,,,4,5,Y,,Y,,,,Y,,Y,Y,,,Y,Y,Y,117,Y,,Y,Y,8,12,N1,20,,1,5,,12,12,16,3,,,,,6,,,,,,,12,,20,9,3,2,2,4,45,8,17,10,5,3,,,458,,,,,,,,,,,,,,,,,Y,Y,A2900007,3
2026-07-27 03:54:53,data_go_kr,제주특별자치도,A2900005,한마음병원,8,20260727034816,064-750-9119,,,,,,,,,,,,,,,,,,,1,,2,,,,,,,,,,,,,,Y,,,,Y,,Y,Y,,,Y,Y,N1,70,N1,5,N1,Y,,4,N1,17,,1,2,,,,,,,,,,,,12,,,,,4,,,,,1,1,1,6,,,2,,,,,216,,,,,,,,,,,,,,,,,Y,N1,A2900005,4
2026-07-27 03:54:53,data_go_kr,제주특별자치도,A2900006,의료법인중앙의료재단중앙병원,7,20260727034944,064-786-7777,,,,,,,,,,,,,,,,,,1,1,,2,,,,,,,,,,,,,,Y,,,,Y,,Y,Y,,,Y,Y,Y,96,N1,7,N1,Y,,3,N1,16,1,1,2,,,,,,,,,,,,16,,,,,3,,,,,1,1,2,10,,,2,1,,,,281,,,,,,,,,,,,,,,,,Y,N1,A2900006,5
2026-07-27 03:54:53,data_go_kr,제주특별자치도,A2900003,의료법인 혜인의료재단 한국병원,4,20260727034915,064-750-0160,,,,,,,,,,,,,,,,,,,,,1,,,,,,,,,,,,,,Y,,,,,,Y,N1,,,N1,Y,N1,37,N1,0,N1,Y,,3,N1,9,,,1,,,,,,,,,,,,10,,,,,3,,,,,1,1,,6,,,,,,,,209,,,,,,,,,,,,,,,,,Y,N1,A2900003,6
2026-07-27 05:03:37,data_go_kr,서울특별시,A1100043,강동경희대학교병원,13,20260727050023,02-440-7000,Y,Y,,,,,2,,,,,,,,,1,,3,2,,2,2,,,,,0,,,,,0,Y,N,Y,,,,Y,,Y,Y,,,Y,Y,Y,156,Y,7,Y,Y,3,17,N,15,3,2,3,19,,,17,,,,,,,,27,,30,,,17,,,1,8,2,2,3,32,9,13,4,1,1,0,0,625,,,,,3,,,,,,,,2,,,,Y,Y,A1100043,1
2026-07-27 05:03:37,data_go_kr,서울특별시,A1100014,고려대학교의과대학부속구로병원,15,20260727045917,02-2626-1550,Y,Y,5,,,,,,,2,,,,,,,,3,,1,,1,,,,3,5,,,,3,2,Y,,Y,,,,Y,,Y,Y,,,Y,Y,Y,96,Y,8,Y,Y,0,24,N1,29,3,,,20,20,10,23,,,,,,,,35,10,30,,,24,,18,4,2,6,6,4,98,11,35,15,10,3,,,778,5,,,,,,,,,,,,,,,,Y,Y,A1100014,2
2026-07-27 05:03:37,data_go_kr,서울특별시,A1100013,한양대학교병원,16,20260727045801,02-2290-8284,Y,Y,4,1,,,1,3,,0,,,,,,,,2,,7,,3,,,,1,4,,,,1,0,Y,,Y,,,,Y,,Y,Y,,,Y,Y,Y,219,Y,0,Y,Y,2,15,Y,20,3,,,22,12,13,25,,,,,,,,0,2,30,,,16,,16,2,1,3,2,3,69,10,20,11,4,3,,1,670,4,8,,,2,5,,,,,,,,,,,Y,Y,A1100013,3
2026-07-27 05:03:37,data_go_kr,서울특별시,A1100008,학교법인고려중앙학원고려대학교의과대학부속병원(안암병원),22,20260727045821,02-920-5374,Y,Y,2,7,,,0,,,0,,,,,,,,4,,2,,1,,,3,1,6,,,,2,1,Y,,Y,,,,Y,,Y,Y,,,Y,Y,Y,67,Y,,Y,Y,-1,25,N1,30,4,,,15,16,19,17,,,,,,9,,,6,31,,,25,,10,3,4,7,6,8,84,14,20,11,8,7,,,777,2,7,,,6,,,,,,,,,,,,Y,Y,A1100008,4
2026-07-27 05:03:37,data_go_kr,서울특별시,A1100005,이화여자대학교의과대학부속목동병원,16,20260727045549,02-2650-5911,Y,Y,,,,,0,0,,1,,,,,,,,8,2,4,4,4,,,,0,12,,,,4,4,Y,,Y,3,,,Y,,Y,Y,,,Y,Y,Y,91,Y,,Y,Y,13,13,N1,19,8,2,4,19,10,13,28,,,,14,,,,,4,32,,,13,,10,9,2,4,4,4,58,10,34,9,3,5,,,526,,,,,1,1,,,,,,,,,,,Y,Y,A1100005,5
2026-07-27 05:03:37,data_go_kr,서울특별시,A1100017,서울대학교병원,0,20260727050022,02-2072-2475,Y,Y,,,1,1,1,0,,1,,0,0,,0,,,10,2,8,4,7,4,0,4,11,13,6,,,6,5,Y,Y,Y,0,,,Y,,Y,Y,2,1,Y,Y,Y,184,Y,,Y,Y,4,53,N1,24,10,2,4,17,10,18,40,22,2,10,5,,8,10,,28,30,6,,53,,41,7,4,13,13,14,160,19,46,22,9,3,1,,1365,,,1,1,2,1,,,0,0,,8,,,,,Y,Y,A1100017,6
2026-07-27 05:03:37,data_go_kr,서울특별시,A1100035,서울특별시서울의료원,15,20260727050000,02-2276-7000,Y,Y,,,,,0,2,1,0,,,,,,,,2,2,,3,2,,,,,1,,,,11,2,Y,Y,Y,2,,,Y,,Y,Y,,,Y,Y,Y,89,Y,0,Y,Y,2,10,Y,19,3,2,3,14,7,,3,,,,6,,,,5,,28,,,10,,30,3,4,5,3,5,65,5,12,7,2,4,1,2,461,,,,,2,4,2,,,,,,,,,,Y,Y,A1100035,7
2026-07-27 05:03:37,data_go_kr,서울특별시,A1100015,연세대학교의과대학강남세브란스병원,12,20260727045841,02-2019-3333,Y,Y,,,,,,,,,,,,,,,,2,1,,2,,,,5,,,,,,,5,Y,,Y,8,,,Y,,Y,Y,,,Y,Y,Y,66,Y,15,Y,Y,0,23,N1,21,2,1,2,,,,28,,,,12,,8,,29,,,,,23,,,5,1,4,3,6,47,10,23,6,3,5,,,691,,,,,,,,,,,,,,,,,Y,Y,A1100015,8
2026-07-27 05:03:37,data_go_kr,서울특별시,A1100010,삼성서울병원,3,20260727050021,02-3410-2060,Y,Y,,,,,,,,15,,,,,,,,2,2,17,1,,5,,5,2,,,,,6,12,Y,,Y,6,,,Y,,Y,Y,,19,Y,Y,Y,201,Y,14,Y,Y,1,53,N1,52,4,2,2,,30,23,59,15,,,12,,12,36,14,2,,,,53,,27,18,8,19,16,15,117,22,43,21,11,2,,,1528,,,,,,,,,,,,,,,,,Y,Y,A1100010,9
2026-07-27 05:03:37,data_go_kr,서울특별시,A1100028,성심의료재단강동성심병원,13,20260727045825,02-2224-2358,Y,Y,,,,,,,,1,,,,,,,2,,1,,5,,,,,2,,,,,,0,Y,,Y,,,,Y,,Y,Y,,,Y,Y,Y,153,Y,-2,Y,Y,3,13,N1,15,,1,6,,18,,3,,,,,,,,19,5,,,,13,,,2,1,4,2,5,35,3,3,8,3,1,,,566,,,,,,,,,,,,,,2,,,Y,Y,A1100028,10
2026-07-27 05:03:37,data_go_kr,서울특별시,A1100053,한국보훈복지의료공단중앙보훈병원,17,20260727045847,02-2225-1100,,,,,,,,,,6,,,,,,,,,1,10,2,0,,,3,1,0,,,,35,0,N,,Y,2,,,Y,,Y,Y,,,Y,Y,Y,161,N1,,N1,Y,,13,N1,22,,1,2,2,14,14,,,,,13,,10,,,1,3,,,13,,60,7,1,3,4,4,38,,,10,1,,,,820,,,,,,,,,,,,,,,,,Y,N1,A1100053,11
2026-07-27 05:03:37,data_go_kr,서울특별시,A1120796,이화여자대학교의과대학부속서울병원,6,20260727045644,02-6986-5119,Y,Y,,,,,,,,0,,,,,,,,9,2,9,5,,,,2,1,,,,,,3,Y,,Y,2,,,Y,,Y,Y,,5,Y,Y,Y,190,Y,0,Y,Y,1,19,N1,14,9,2,6,,10,17,24,,,,17,,11,19,11,7,,,,19,,,4,2,5,5,8,71,9,22,12,4,5,,,732,,,,,,,,,,,,,,,,,Y,Y,A1120796,12
2026-07-27 05:03:37,data_go_kr,서울특별시,A1100041,의료법인서울효천의료재단에이치플러스양지병원,18,20260727050013,070-4665-9119,,,,,,,,,,,,,,,,,,,1,,2,,,,,0,,,,,,2,,,Y,,,,Y,,Y,Y,,,Y,Y,Y,50,Y,2,N1,Y,,7,N1,18,,1,2,,,,,,,,,,,,20,1,,,,7,,,3,,2,3,3,23,,,4,1,1,,,301,,,,,,,,,,,,,,,,,Y,N1,A1100041,13
2026-07-27 05:03:37,data_go_kr,서울특별시,A1100002,건국대학교병원,13,20260727045746,02-2030-5555,Y,Y,,,,,,,,7,,,,,,,,4,1,15,1,,,,,1,,,,,9,1,Y,,Y,,,,Y,,Y,Y,,,Y,Y,Y,223,Y,,Y,Y,0,21,N1,20,4,1,2,,24,25,16,,,,,,,,,1,,,,21,,14,3,2,4,4,5,45,7,18,7,3,14,,,678,,,,,,,,,,,,,,,,,Y,Y,A1100002,14
2026-07-27 05:03:37,data_go_kr,서울특별시,A1100016,인제대학교상계백병원,13,20260727045719,02-950-1119,Y,Y,,,,,,,,1,,,,,,,4,,1,4,2,,,,,1,,,,,3,1,Y,,Y,,,,Y,,Y,Y,,,Y,Y,Y,94,Y,,Y,Y,-1,13,N1,16,,1,2,,19,18,15,,,,,,,,,4,,,,13,,5,2,2,3,2,3,36,10,25,10,3,1,,,390,,,,,,,,,,,,,,4,,,Y,Y,A1100016,15
2026-07-27 05:03:37,data_go_kr,서울특별시,A1100048,노원을지대학교병원,13,20260727045603,02-970-8282,Y,Y,,,,,,,,4,,,,,,,,,1,6,4,,,,,2,,,,,3,0,Y,,Y,,0,0,Y,,Y,Y,,,Y,Y,Y,220,N1,,Y,Y,1,11,N1,17,,1,4,,16,16,10,,,,,,,,,2,,,,11,,21,1,3,2,2,2,26,8,19,3,1,,,,479,,,,,,,,,,,,,,,0,0,Y,Y,A1100048,16
2026-07-27 05:03:37,data_go_kr,서울특별시,A1100020,의료법인한전의료재단한일병원,18,20260727050003,02-901-3119,N,N,,,,,,,,,,,,,,,,2,2,,0,0,,,,0,2,,,,,1,,Y,Y,,,,Y,,Y,Y,,,Y,Y,N1,77,Y,4,N,Y,,8,Y,21,2,2,2,2,,,,,,,,,,,21,1,3,,,8,,,5,,2,1,1,25,1,4,2,,4,2,2,389,,,,,,,,,,,,,,,,,Y,N,A1100020,17
2026-07-27 05:03:37,data_go_kr,서울특별시,A1100001,경희대학교병원,12,20260727045927,02-958-8114,Y,Y,,,,,,,,,,,,,,,,2,2,,3,,,,,,,,,,10,9,Y,,Y,4,,,Y,,Y,Y,,,Y,Y,Y,190,Y,17,Y,Y,0,16,N1,15,3,2,3,,,,14,,,,15,,,,73,,,,,16,,20,10,3,3,3,5,48,6,12,8,3,2,,,657,,,,,,,,,,,,,,,,,Y,Y,A1100001,18
2026-07-27 05:03:37,data_go_kr,서울특별시,A1100021,삼육서울병원,11,20260727045826,02-2210-3566,,N,,,,,,,,,,,,,,,4,,1,,1,0,,,,1,0,,,,,3,Y,,Y,,,,Y,,Y,Y,,,Y,Y,Y,66,Y,2,N,Y,4,5,Y,13,,1,2,2,,,4,,,,,,,,15,1,3,,,5,,,4,2,1,1,2,20,,4,5,2,1,,1,389,,,,,,,,,,,,,,4,,,Y,N1,A1100021,19
2026-07-27 05:03:37,data_go_kr,서울특별시,A1100040,서울특별시보라매병원,20,20260727050000,02-870-2119,Y,Y,,,,,,,,4,,,,,,,,3,2,9,1,,,,3,1,,,,,0,0,Y,,Y,,,,Y,,Y,Y,,,Y,Y,Y,219,Y,,Y,Y,0,14,N1,31,3,2,1,,15,16,14,,,,,,4,,,4,,,,14,,14,3,4,6,3,5,48,14,13,5,9,2,,,695,,,,,,,,,,,,,,,,,Y,Y,A1100040,20
2026-07-27 05:03:37,data_go_kr,서울특별시,A1100003,중앙대학교병원,12,20260727050010,02-6299-1338,Y,Y,0,0,,,1,,,0,,,,,4,,,3,0,5,0,3,,,,0,,,,,4,2,Y,,Y,,,,Y,,Y,Y,,,Y,Y,Y,192,Y,,Y,Y,0,16,N1,18,4,0,0,12,12,17,25,,,,,,,,,11,,,,16,,24,2,2,4,3,4,51,9,21,13,6,12,,,631,0,0,,,1,,,,,,,4,,,,,Y,Y,A1100003,21
2026-07-27 05:03:37,data_go_kr,서울특별시,A1100007,연세대학교의과대학세브란스병원,20,20260727045842,02-2227-7777,Y,Y,,,1,1,,,,4,,,,,,,,6,1,13,3,,5,1,14,3,,1,,,1,0,Y,Y,Y,6,,,Y,,Y,Y,4,9,Y,Y,Y,320,Y,6,Y,Y,12,3,N1,39,8,1,3,,29,24,52,22,2,10,29,,23,17,18,5,,6,,3,,20,30,8,16,16,17,206,55,61,21,16,21,1,,1872,,,1,1,,,,,,,,,,,,,Y,Y,A1100007,22
2026-07-27 05:03:37,data_go_kr,서울특별시,A1100012,학교법인가톨릭학원가톨릭대학교서울성모병원,-5,20260727050016,02-2258-2370,Y,Y,1,2,1,0,,,,6,,,,,,,,1,,16,,,1,1,3,11,,0,,,16,3,Y,,Y,16,,,Y,,Y,Y,,6,Y,Y,Y,192,Y,1,Y,Y,6,32,N1,28,7,,,,22,22,50,3,2,,19,,10,8,5,18,,6,,32,,35,10,2,9,10,8,80,40,39,11,9,4,,,1059,1,5,1,1,,,,,,,,,,,,,Y,Y,A1100012,23
2026-07-27 05:03:37,data_go_kr,서울특별시,A1100009,재단법인아산사회복지재단서울아산병원,17,20260727045815,02-3010-3333,Y,Y,,,2,1,1,2,,0,,,,,,,,5,1,14,10,2,3,1,4,9,4,0,,,8,5,Y,,Y,1,,,Y,,Y,Y,7,5,Y,Y,Y,250,Y,10,Y,Y,10,4,Y,36,11,1,22,2,24,37,61,26,2,13,12,,12,12,12,47,4,6,,4,,28,8,8,21,15,17,190,33,49,30,14,5,,1,2089,,,2,1,1,6,,,,,,,,,,,Y,Y,A1100009,24
2026-07-27 05:03:37,data_go_kr,서울특별시,A1100011,가톨릭대학교여의도성모병원,14,20260727050016,02-3779-1199,,,,,,,,,,-1,,,,,,,,,1,2,4,,,,,1,,,,,,1,Y,,Y,2,,,Y,,Y,Y,,,Y,Y,Y,77,Y,,N1,Y,,13,N1,15,,1,4,,11,9,,,,,9,,,,,1,,,,13,,,1,2,2,2,2,23,,,5,2,2,,,330,,,,,,,,,,,,,,,,,Y,N1,A1100011,25
2026-07-27 05:03:37,data_go_kr,서울특별시,A1100055,한림대학교강남성심병원,17,20260727045711,02-829-5119,Y,Y,,,,,,,,0,,,,,,,,3,1,0,4,,,,4,1,,,,,,,Y,,Y,,,,Y,,Y,Y,,,Y,Y,Y,165,Y,,Y,Y,0,14,N1,20,3,1,4,,21,25,12,,,,,,10,,,7,,,,14,,,,3,3,3,3,54,21,22,13,3,2,,,496,,,,,,,,,,,,,,,,,Y,Y,A1100055,26
2026-07-27 05:03:37,data_go_kr,서울특별시,A1100054,성애의료재단성애병원,14,20260727045953,02-840-7115,Y,Y,,,,,,,,,,,,,,,,,1,,4,,,,,1,,,,,,,Y,,Y,,,,Y,,Y,Y,,,Y,Y,N1,38,N1,2,Y,Y,3,5,N1,15,,1,4,,,,4,,,,,,,,19,1,,,,5,,,,2,2,2,1,8,5,14,2,,,,,252,,,,,,,,,,,,,,,,,Y,Y,A1100054,27
2026-07-27 05:03:37,data_go_kr,서울특별시,A1100004,순천향대학교부속서울병원,17,20260727050027,02-709-9117,Y,Y,,,,,,,,,,,0,,0,,0,4,1,,2,,,,,0,,,,,10,3,Y,,Y,,,,Y,,Y,Y,,,Y,Y,Y,150,Y,1,Y,Y,0,14,N1,20,4,1,2,,,,13,,,,,,,,45,10,,,,14,,21,4,7,3,3,4,51,8,17,14,5,3,,,600,,,,,,,,,,0,,0,,0,,,Y,Y,A1100004,28
2026-07-27 05:03:37,data_go_kr,서울특별시,A1121013,가톨릭대학교은평성모병원,12,20260727050017,02-1811-7755,Y,Y,,,,,,,,0,,,,,,,,8,1,2,2,,,,6,0,,,,,,0,Y,,Y,0,,,Y,,Y,Y,,,Y,Y,Y,139,Y,,Y,Y,4,19,N1,24,8,2,2,,16,9,19,,,,13,,12,,,4,,,,19,,,5,1,4,3,5,46,19,22,10,5,20,,,651,,,,,,,,,,,,,,,,,Y,Y,A1121013,29
2026-07-27 05:03:37,data_go_kr,서울특별시,A1100006,강북삼성병원,6,20260727050037,02-2001-1000,Y,Y,,,,,,,,,,,,,,,,2,1,1,2,,,,,1,,,,,9,2,Y,,Y,2,,,Y,,Y,Y,,3,Y,Y,Y,120,Y,7,Y,Y,0,16,N1,15,2,1,2,,,4,7,,,,12,,,8,24,5,,,,16,,18,3,1,5,4,6,54,13,14,8,4,3,,,526,,,,,,,,,,,,,,,,,Y,Y,A1100006,30
2026-07-27 05:03:37,data_go_kr,서울특별시,A1100052,국립중앙의료원,11,20260727045804,02-2276-2114,N,Y,,,,,,,,,,0,,,0,0,5,3,2,0,2,2,,,,2,0,,11,2,,4,Y,,Y,,2,6,Y,8,Y,Y,,,Y,Y,Y,0,Y,3,Y,Y,,7,N1,15,3,2,3,6,,0,,,,,,20,,,13,2,0,,50,7,2,,7,1,1,1,2,56,1,3,5,5,2,,,202,,,,,,,,,0,,,0,0,5,2,6,Y,N,A1100052,31
2026-07-27 05:03:37,data_go_kr,서울특별시,A1100036,부민병원,9,20260727045554,02-2620-0119,,Y,,,,,,,,,,,,,,,,,1,,,,,,,0,,,,,,0,Y,,Y,,,,Y,,Y,Y,,,Y,Y,Y,59,N1,1,Y,Y,,8,N1,10,,1,,,,,,,,,,,,,14,1,,,,8,,,3,1,3,3,1,22,,1,2,1,,,,282,,,,,,,,,,,,,,,,,Y,N1,A1100036,32
2026-07-27 05:03:37,data_go_kr,서울특별시,A1100051,혜민병원,9,20260727050019,02-2049-9119,,,,,,,,,,,,,,,,,,,1,,,,,,,,,,,,,,,,Y,,,,,,Y,N1,,,Y,Y,N1,30,N1,8,N1,Y,,5,N1,9,,1,,,,,,,,,,,,,19,,,,,5,,,,,2,2,,16,,,2,,,,,205,,,,,,,,,,,,,,,,,Y,N1,A1100051,33
2026-07-27 05:03:37,data_go_kr,서울특별시,A1100026,구로성심병원,8,20260727045936,02-2067-1515,,,,,,,,,,,,,,,,,,,,,1,,,,,,,,,,,,,,Y,,,,,,Y,N1,,,N1,Y,N1,33,N1,5,N1,Y,,3,N1,9,,,1,,,,,,,,,,,,11,,,,,3,,,,,1,1,,5,,,,,,,,191,,,,,,,,,,,,,,,,,Y,N1,A1100026,34
2026-07-27 05:03:37,data_go_kr,서울특별시,A1100049,희명병원,10,20260727045956,02-809-0122,,,,,,,,,,,,,,,,,,,,,1,,,,,,,,,,,,,,Y,,,,,,Y,N1,,,Y,Y,Y,108,N1,1,N1,Y,,4,N1,10,,,1,,,,,,,,,,,,19,,,,,4,,,,,1,1,,9,,,1,1,,,,228,,,,,,,,,,,,,,,,,Y,N1,A1100049,35
2026-07-27 05:03:37,data_go_kr,서울특별시,A1100027,한국원자력의학원원자력병원,9,20260727050027,02-970-2620,,Y,,,,,,,,,,,,,,,1,,1,,1,,,,,1,,,,,,1,Y,,Y,,,,Y,,Y,Y,,,Y,Y,N1,231,N1,8,Y,Y,,10,N1,9,,1,1,,,,,,,,,,,,10,1,,,,10,,,1,1,4,2,1,16,,2,1,,,,,444,,,,,,,,,,,,,,1,,,Y,N1,A1100027,36
2026-07-27 05:03:37,data_go_kr,서울특별시,A1100022,서울특별시동부병원,8,20260727050020,02-920-9119,,Y,,,,,,,,,,,,,,,,,1,,1,,,,,1,,,,,,,Y,,Y,,,,,,Y,N1,,,Y,Y,N1,23,N1,1,Y,Y,,3,N1,8,,1,1,,,,,,,,,,,,8,1,,,,3,,,,1,1,1,,7,,1,1,,,,,195,,,,,,,,,,,,,,,,,Y,N1,A1100022,37
2026-07-27 05:03:37,data_go_kr,서울특별시,A1100050,서울성심병원,14,20260727045917,02-966-1616,,,,,,,,,,,,,,,,,,,1,,2,,,,,,,,,,,,,,Y,,,,,,Y,N1,,,N1,Y,N1,67,N1,9,N1,Y,,6,N1,17,,1,2,,,,,,,,,,,,10,,,,,6,,,,,1,1,,11,,,,,,,,208,,,,,,,,,,,,,,,,,Y,N1,A1100050,38
2026-07-27 05:03:37,data_go_kr,서울특별시,A1100025,의료법인동신의료재단동신병원,8,20260727045659,02-396-9161,N,N,,,,,,,,,,,,,,,,,,,1,,,,,,,,,,,,N,N,Y,,,,N,,Y,N,,,Y,Y,N,40,N,1,N,Y,,3,N,9,,,1,,,,,,,,,,,,9,,,,,3,,,,0,1,1,0,7,0,0,1,0,0,0,0,196,,,,,,,,,,,,,,,,,Y,N,A1100025,39
2026-07-27 05:03:37,data_go_kr,서울특별시,A1122033,기쁨병원,3,20260727045936,02-570-1212,,,,,,,,,,,,,,,,,,,,,1,,,,,,,,,,,,,,Y,,,,Y,,Y,Y,,,N1,Y,N1,65,N1,,N1,Y,,8,N1,4,,,1,,,,,,,,,,,,,,,,,8,,,,,2,2,1,1,,,,,,,,110,,,,,,,,,,,,,,,,,Y,N1,A1122033,40
2026-07-27 05:03:37,data_go_kr,서울특별시,A1100039,경찰병원,3,20260727050004,02-3400-1300,,,,,,,,,,,,,,,,,1,,1,,,,,,,2,,,,,,2,,,Y,,,,,,Y,N1,,,Y,Y,N1,131,N1,14,N1,Y,,7,N1,3,,1,,,,,,,,,,,,,14,2,,,,7,,,2,,2,3,,10,,,2,,,,,187,,,,,,,,,,,,,,1,,,Y,N1,A1100039,41
2026-07-27 05:03:37,data_go_kr,서울특별시,A1100019,홍익병원,5,20260727045830,02-2600-0777,,,,,,,,,,,,,,,,,,,,,1,,,,,0,,,,,,0,,,Y,,,,Y,,Y,Y,,,N,Y,N1,47,N1,9,N1,Y,,4,N1,9,,,1,,,,,,,,,,,,14,1,,,,4,,,1,,4,2,2,7,,,1,,,,,251,,,,,,,,,,,,,,,,,Y,N1,A1100019,42
2026-07-27 05:03:37,data_go_kr,서울특별시,A1100223,서울특별시서남병원,17,20260727050000,02-6300-9129,,,,,,,,,,,,,,,,0,,,1,,2,1,,,,1,0,,,,,4,,,Y,,,,,,Y,N1,,,Y,Y,Y,55,Y,5,N1,Y,,4,N1,17,,1,2,2,,,,,,,,,,,17,1,3,,,4,,,4,,2,1,,16,,,1,1,1,,,275,,,,,,,,,,,,,0,,,,Y,N1,A1100223,43
2026-07-27 05:03:37,data_go_kr,서울특별시,A1100024,명지성모병원,8,20260727050004,02-829-7800,,,,,,,,,,,,,,,,,,,1,,1,,,,,1,,,,,,,,,Y,,,,Y,,Y,Y,,,N1,Y,N1,95,N1,5,N1,Y,,3,N1,8,,1,1,,,,,,,,,,,,12,1,,,,3,,,,,1,3,2,7,,,,,,,,212,,,,,,,,,,,,,,,,,Y,N1,A1100024,44
2026-07-27 05:03:37,data_go_kr,서울특별시,A1100037,대림성모병원,7,20260727050019,02-829-9129,,,,,,,,,,,,,,,,,,,,,2,,,,,,,,,,,,,,Y,,,,,,Y,N1,,,N1,Y,N1,44,N1,,N1,Y,,4,N1,8,,,2,,,,,,,,,,,,,,,,,4,,,,,1,1,,1,,,,,,,,113,,,,,,,,,,,,,,,,,Y,N1,A1100037,45
2026-07-27 05:03:37,data_go_kr,서울특별시,A1100045,씨엠병원,8,20260727044500,070-4698-7811,,,,,,,,,,,,,,,,,,,,,1,,,,,,,,,,,,,,Y,,,,,,Y,N1,,,N1,Y,N1,34,N1,,N1,Y,,5,N1,9,,,1,,,,,,,,,,,,,,,,,5,,,,,2,2,,6,,,,,,,,110,,,,,,,,,,,,,,,,,Y,N1,A1100045,46
2026-07-27 05:03:37,data_go_kr,서울특별시,A1100023,의료법인청구성심병원,7,20260727045848,02-383-0129,,,,,,,,,,,,,,,,,,,,,1,,,,,,,,,,,,,,Y,,,,,,Y,N1,,,N1,Y,N1,7,N1,1,N1,Y,,3,N1,10,,,1,,,,,,,,,,,,6,,,,,3,,,,,1,1,,4,,,,,,,,196,,,,,,,,,,,,,,,,,Y,N1,A1100023,47
2026-07-27 05:03:37,data_go_kr,서울특별시,A1100029,서울적십자병원,10,20260727050018,02-2002-8888,,,,,,,,,,,,,,,,,,,0,,,,,,,,,,,,,,,,Y,,,,,,Y,N1,,,Y,Y,N1,86,N1,8,N1,Y,,6,N1,10,,1,,,,,,,,,,,,,12,,,,,6,,,,,1,1,,11,,,2,,,,,260,,,,,,,,,,,,,,,,,Y,N1,A1100029,48
2026-07-27 05:03:37,data_go_kr,서울특별시,A1100032,세란병원,9,20260727045802,02-737-0181,,,,,,,,,,,,,,,,,,,,,1,,,,,,,,,,,,,,Y,,,,,,Y,N1,,,N1,Y,N1,41,N1,,N1,Y,,13,N1,10,,,1,,,,,,,,,,,,,,,,,13,,,,,3,5,,3,,,,,,,,205,,,,,,,,,,,,,,,,,Y,N1,A1100032,49
2026-07-27 05:03:37,data_go_kr,서울특별시,A1100075,의료법인풍산의료재단동부제일병원,6,20260727045502,02-490-8880,,,,,,,,,,,,,,,,,,,,,1,,,,,,,,,,,,,,Y,,,,,,Y,N1,,,N1,Y,N1,41,N1,,N1,N,,2,N1,7,,,1,,,,,,,,,,,,,,,,,2,,,,,1,1,,3,,,,,,,,124,,,,,,,,,,,,,,,,,Y,N1,A1100075,50
2026-07-27 05:03:37,data_go_kr,서울특별시,A1100044,녹색병원,3,20260727050003,02-490-2113,,,,,,,,,,,,,,,,,,,1,,4,,,,,2,,,,,,1,Y,,Y,,,,,,Y,N1,,,Y,Y,N1,88,N1,6,N1,Y,,3,N1,5,,1,4,,,,,,,,,,,,17,3,,,,3,,,3,1,2,1,,22,,,1,,,,,293,,,,,,,,,,,,,,,,,Y,N1,A1100044,51
2026-07-27 05:03:37,data_go_kr,부산광역시,A1200003,동아대학교병원,22,20260727045710,051-240-5300,Y,Y,2,6,,,,0,1,,,,,,,,,3,,,,9,,,4,5,9,,,,6,1,Y,,Y,2,,,Y,,Y,Y,4,5,Y,Y,Y,149,Y,6,Y,Y,4,18,N1,26,3,,,16,,,20,,,8,13,,11,7,18,6,30,,,18,,18,3,4,5,3,4,76,11,30,16,4,4,,,738,2,6,,,,4,1,,,,,,,,,,Y,Y,A1200003,1
2026-07-27 05:03:37,data_go_kr,부산광역시,A1200022,인제대학교 해운대백병원,25,20260727045416,051-797-0135,Y,Y,,,,,2,2,,9,,,,,,,,3,2,8,3,7,,,,0,12,,,,,0,Y,Y,Y,,,,Y,,Y,Y,,,Y,Y,Y,113,Y,,Y,Y,0,22,N1,29,3,2,3,12,28,27,23,,,,,,,,,2,30,,,22,,,7,2,5,3,4,72,8,40,17,9,11,1,,710,,,,,5,3,,,,,,,,,,,Y,Y,A1200022,2
2026-07-27 05:03:37,data_go_kr,부산광역시,A1200018,대동병원,9,20260727045634,051-550-9391,,,,,,,,,,,,,,,,,,3,1,,2,,,,,0,,,,,,1,,,Y,,,,Y,,Y,Y,,,Y,Y,N1,58,N1,0,N1,Y,,6,N1,15,3,1,2,,,,,,,,,,,,21,1,,,,6,,,1,,2,1,1,10,,,1,,,,,401,,,,,,,,,,,,,,,,,Y,N1,A1200018,3
2026-07-27 05:03:37,data_go_kr,부산광역시,A1200020,의료법인 온그룹의료재단 온병원,18,20260727050019,051-607-0139,,,,,,,,,,,,,,,,,,,1,,2,,,,,1,,,,,,5,,,Y,,,,Y,,Y,Y,,,Y,Y,N1,165,N1,7,N1,Y,,9,Y,20,,1,2,,,,,,,,,,,,23,1,,,,9,,,6,,4,2,2,7,,,1,,,,1,585,,,,,,,,,,,,,,,,,Y,N1,A1200020,4
2026-07-27 05:03:37,data_go_kr,부산광역시,A1200001,인제대학교부산백병원,13,20260727050013,051-890-5995,Y,Y,,,,,,,,5,,,,,,,,,1,4,2,,,,3,1,,,,,3,2,Y,,Y,1,,,Y,,Y,Y,,,Y,Y,Y,165,Y,5,Y,Y,2,17,Y,18,,1,2,,19,18,35,,,,12,,6,,10,1,,,,17,,20,8,4,5,3,6,68,19,38,16,3,7,,2,691,,,,,,,,,,,,,,,,,Y,Y,A1200001,5
2026-07-27 05:03:37,data_go_kr,부산광역시,A1200005,의료법인 은성의료재단 좋은삼선병원,10,20260727045952,051-310-9119,,,,,,,,,,,,,,,,,2,1,1,,2,,,,1,0,,,,,,2,,,Y,1,,,Y,,Y,Y,,,Y,Y,N1,16,N1,3,N1,Y,,7,N1,13,1,1,2,,,,,,,,5,,4,,19,2,,,,7,,,2,,2,2,2,11,,,1,,,,,375,,,,,,,,,,,,,,3,,,Y,N1,A1200005,6
2026-07-27 05:03:37,data_go_kr,부산광역시,A1200004,고신대학교복음병원,15,20260727045923,051-990-6200,Y,Y,1,4,,,,,,6,,,,,,,,,,7,,,,,7,4,,,,,14,1,Y,,Y,1,,,Y,,Y,Y,2,,Y,Y,Y,178,Y,,Y,Y,15,13,Y,25,,,,,13,8,18,,,5,13,,16,,,7,,,,13,,14,1,7,3,3,5,53,13,19,14,3,1,,1,685,1,4,,,,,,,,,,,,,,,Y,Y,A1200004,7
2026-07-27 05:03:37,data_go_kr,부산광역시,A1200002,부산대학교병원,9,20260727050000,051-240-7776,Y,Y,,,,,0,,,3,,,,0,0,0,,3,1,,2,-6,,,,3,3,,21,2,7,4,Y,,Y,0,2,12,Y,17,Y,Y,,,Y,Y,Y,357,Y,6,Y,Y,1,26,N,17,3,1,2,2,10,,20,,,,0,42,,,24,4,3,,82,26,2,19,10,12,9,6,10,100,17,17,21,9,21,,1,901,,,,,2,,,,,,0,0,0,,2,12,Y,Y,A1200002,8
2026-07-27 05:03:37,data_go_kr,부산광역시,A1200007,비에이치에스한서병원,14,20260727050057,051-998-1119,,,,,,,,,,,,,,,,,,,1,,2,2,,,,,3,,,,,,,,Y,,,,Y,,Y,Y,,,Y,Y,Y,76,N1,5,N1,Y,,4,N1,17,,1,2,2,,,,,,,,,,,14,,3,,,4,,,,,1,1,2,11,,,1,1,,,,280,,,,,,,,,,,,,,,,,Y,N1,A1200007,9
2026-07-27 05:03:37,data_go_kr,부산광역시,A1200028,(의)서일의료재단기장병원,9,20260727045950,051-723-2119,,,,,,,,,,,,,,,,,,,,,1,,,,,,,,,,,,,,Y,,,,,,Y,N1,,,N1,Y,N1,16,N1,,N1,Y,,3,N1,9,,,1,,,,,,,,,,,,,,,,,3,,,,,1,1,,1,,,,,,,,154,,,,,,,,,,,,,,,,,Y,N1,A1200028,10
2026-07-27 05:03:37,data_go_kr,부산광역시,A1200015,동남권원자력의학원원자력병원,9,20260727045801,051-720-5911,,,,,,,,,,,,,,,,,,,1,,,,,,,,,,,,,,,,Y,,,,Y,,Y,Y,,,Y,Y,Y,103,N1,8,N1,Y,,8,N1,9,,1,,,,,,,,,,,,,12,,,,,8,,,,,2,2,2,12,,,1,0,,,,261,,,,,,,,,,,,,,,,,Y,N1,A1200015,11
2026-07-27 05:03:37,data_go_kr,부산광역시,A1200013,부산성모병원(재단법인 천주교부산교구유지재단),9,20260727050011,051-933-7119,Y,Y,,,,,,,,,,,,,,,4,4,1,,,,,,,2,,,,,,0,,,Y,,,,,,Y,N1,,,Y,Y,N1,61,N1,10,Y,Y,7,7,N1,10,4,1,,,,,10,,,,,,,,18,2,,,,7,,,2,,1,1,,6,14,13,1,,,,,373,,,,,,,,,,,,,,4,,,Y,Y,A1200013,12
2026-07-27 05:03:37,data_go_kr,부산광역시,A1200026,좋은문화병원,5,20260727050024,051-630-0909,Y,Y,,,,,,,,,,,,,,,,2,1,,2,,,,,,,,,,,2,Y,,Y,,,,,,Y,N1,,,N1,Y,N1,46,N1,4,Y,Y,-1,0,Y,7,2,1,2,,,,12,,,,,,,,8,,,,,8,,,2,8,2,2,,3,6,17,,,,,1,270,,,,,,,,,,,,,,,,,Y,Y,A1200026,13
2026-07-27 05:03:37,data_go_kr,부산광역시,A1200017,의료법인정화의료재단 봉생기념병원,7,20260727045050,051-664-4119,,,,,,,,,,1,,,,,,,,,,0,1,,,,,,,,,,3,1,,,Y,,,,Y,,Y,Y,,,Y,Y,N1,48,N1,,N1,Y,,8,N1,9,,,2,,11,11,,,,,,,,,,,,,,8,,31,1,,1,2,2,11,,,4,,,,,335,,,,,,,,,,,,,,,,,Y,N1,A1200017,14
2026-07-27 05:03:37,data_go_kr,부산광역시,A1200011,동래봉생병원,7,20260727045827,051-520-5700,,,,,,,,,,,,,,,,,,,1,,1,,,,,2,,,,,,,,,Y,,,,Y,,Y,Y,,,Y,Y,N1,32,N1,1,N1,Y,,7,N1,8,,1,1,,,,,,,,,,,,18,2,,,,7,,,,,1,2,2,11,,,1,,,,,241,,,,,,,,,,,,,,,,,Y,N1,A1200011,15
2026-07-27 05:03:37,data_go_kr,부산광역시,A1200009,의료법인 광혜의료재단 광혜병원,7,20260727045934,051-504-2119,,,,,,,,,,,,,,,,,,,2,,1,,,,,,,,,,,0,,,Y,,,,,,Y,N1,,,N1,Y,N1,69,N1,1,N1,Y,,3,N1,9,,2,1,,,,,,,,,,,,9,,,,,3,,,1,,1,1,,4,,,,,,,,190,,,,,,,,,,,,,,,,,Y,N1,A1200009,16
2026-07-27 05:03:37,data_go_kr,부산광역시,A1200019,학교법인)동의병원,14,20260727045800,051-850-8777,,,,,,,,,,,,,,,,,,,,,1,,,,,,,,,,,,,,Y,,,,Y,,Y,Y,,,Y,Y,Y,109,N1,15,N1,Y,,1,N1,14,,,1,,,,,,,,,,,,23,,,,,5,,,,,2,2,2,7,,,2,1,,,,448,,,,,,,,,,,,,,,,,Y,N1,A1200019,17
2026-07-27 05:03:37,data_go_kr,부산광역시,A1200025,학교법인 춘해병원,8,20260727045859,051-608-0119,,,,,,,,,,,,,,,,,,,,,1,,,,,,,,,,,,,,Y,,,,,,Y,N1,,,N1,Y,N1,56,N1,,N1,Y,,4,N1,9,,,1,,,,,,,,,,,,,,,,,4,,,,,1,1,,3,,,,,,,,201,,,,,,,,,,,,,,,,,Y,N1,A1200025,18
2026-07-27 05:03:37,data_go_kr,부산광역시,A1200045,구포성심병원,6,20260727045721,051-330-2090,,,,,,,,,,,,,,,,,,,,,1,,,,,,,,,,,,,,Y,,,,Y,,Y,Y,,,N1,Y,N1,18,N1,,N1,Y,,4,N1,9,,,1,,,,,,,,,,,,,,,,,4,,,,,1,1,1,4,,,,,,,,243,,,,,,,,,,,,,,,,,Y,N1,A1200045,19
2026-07-27 05:03:37,data_go_kr,부산광역시,A1200006,의료법인 인당의료재단 부민병원,10,20260727045554,051-330-3129,,,,,,,,,,,,,,,,,,,1,,1,,,,,1,,,,,,,,,Y,,,,Y,,Y,Y,,,Y,Y,N1,16,N1,1,N1,Y,,8,N1,10,,1,1,,,,,,,,,,,,18,1,,,,8,,,,,2,3,1,7,,,1,,,,,366,,,,,,,,,,,,,,,,,Y,N1,A1200006,20
2026-07-27 05:03:37,data_go_kr,부산광역시,A1200016,한국보훈복지의료공단 부산보훈병원,10,20260727045758,051-601-6183,,,,,,,,,,,,,,,,,,,1,,1,,,,,1,,,,,,,,,Y,,,,Y,,Y,Y,,,N1,Y,N1,31,N1,7,N1,Y,,7,N1,11,,1,1,,,,,,,,,,,,9,1,,,,7,,,,,2,3,2,11,,,,,,,,452,,,,,,,,,,,,,,,,,Y,N1,A1200016,21
2026-07-27 05:03:37,data_go_kr,부산광역시,A1200021,삼육부산병원,8,20260727045847,051-600-7750,,Y,,,,,,,,,,,,,,,,,1,,,,,,,0,,,,,,,Y,,Y,,,,Y,,Y,Y,,,Y,Y,Y,2,N1,0,Y,Y,,,N1,9,,1,,,,,,,,,,,,,14,1,,,,,,,,1,2,1,1,9,,1,2,1,,,,302,,,,,,,,,,,,,,,,,Y,N1,A1200021,22
2026-07-27 05:03:37,data_go_kr,부산광역시,A1200008,의료법인 은성의료재단 좋은강안병원,15,20260727045947,051-610-9119,,,,,,,,,,,,,,,,,,,1,,2,,,,,1,,,,,,1,,,Y,,,,Y,,Y,Y,,,Y,Y,Y,80,N1,3,N1,Y,,11,N1,18,,1,2,,,,,,,,,,,,30,2,,,,11,,,3,,4,3,3,12,,,5,1,,,,535,,,,,,,,,,,,,,,,,Y,N1,A1200008,23
2026-07-27 05:03:37,data_go_kr,부산광역시,A1200098,의료법인 센텀의료재단 센텀종합병원,8,20260727045444,051-750-5119,,,,,,,,,,,,,,,,,,,,,1,,,,,1,,,,,,,,,Y,,,,Y,,Y,Y,,,N1,Y,N1,13,N1,2,N1,Y,,9,N1,9,,,1,,,,,,,,,,,,16,1,,,,9,,,,,2,2,1,11,,,,,,,,338,,,,,,,,,,,,,,,,,Y,N1,A1200098,24
2026-07-27 05:03:37,data_go_kr,부산광역시,A1200024,부산광역시의료원,13,20260727045916,051-607-2140,,N,,,,,,,,5,,,,,,,,,1,6,1,,,,,,,,,,8,6,N,,Y,,,,Y,,Y,Y,,,Y,Y,N1,120,N1,,N,Y,,7,N1,18,,1,1,,13,14,,,,,,,,,,,,,,7,,29,7,1,1,1,2,19,,2,4,,,,,398,,,,,,,,,,,,,,,,,Y,N1,A1200024,25
2026-07-27 05:03:37,data_go_kr,부산광역시,A1200012,의료법인 행도의료재단 해동병원,6,20260727050002,051-410-6688,,,,,,,,,,,,,,,,,,,1,,,,,,,,,,,,,0,,,Y,,,,,,Y,N1,,,Y,Y,N1,34,N1,3,N1,Y,,2,Y,6,,1,,,,,,,,,,,,,9,,,,,3,,,0,,1,1,,5,,,1,,,,12,256,,,,,,,,,,,,,,,,,Y,N1,A1200012,26
2026-07-27 05:03:37,data_go_kr,부산광역시,A1200014,영도병원,4,20260727050026,051-419-7575,,,,,,,,,,,,,,,,,,,1,,1,,,,,,,,,,,,,,Y,,,,,,Y,N1,,,N1,Y,N1,16,N1,2,N1,Y,,3,N1,7,,1,1,,,,,,,,,,,,10,,,,,3,,,,,1,1,,7,,,,,,,,217,,,,,,,,,,,,,,,,,Y,N1,A1200014,27
2026-07-27 05:03:37,data_go_kr,부산광역시,A1200023,재단법인천주교부산교구유지재단 메리놀병원,8,20260727050009,051-461-2300,,,,,,,,,,,,,,,,,,,,,1,,,,,0,,,,,,,Y,,Y,,,,Y,,Y,Y,,,Y,Y,N1,93,N1,3,N1,Y,,8,N1,9,,,1,,,,,,,,,,,,18,1,,,,8,,,,1,1,1,1,9,,,2,,,,,380,,,,,,,,,,,,,,,,,Y,N1,A1200023,28
2026-07-27 05:03:37,data_go_kr,부산광역시,A1205143,의료법인 인당의료재단 해운대부민병원,8,20260727045554,051-602-8119,,,,,,,,,,,,,,,,,,,1,,,,,,,0,,,,,,1,,,Y,,,,Y,,Y,Y,,,Y,Y,N1,22,N1,5,N1,Y,,8,Y,9,,1,,,,,,,,,,,,,19,2,,,,8,,,3,,2,2,1,10,,,1,,,,1,360,,,,,,,,,,,,,,,,,Y,N1,A1205143,29
2026-07-27 05:03:37,data_go_kr,대구광역시,A1300001,영남대학교병원,24,20260727045737,053-620-3177,Y,Y,,0,,,0,3,,1,0,,,,,,,3,2,9,3,6,,,0,3,7,,,,10,4,Y,,Y,3,,,Y,,Y,Y,,,Y,Y,Y,168,Y,,Y,Y,-1,23,Y,28,3,2,3,21,10,15,15,,,,14,,7,,,13,30,,,23,,20,7,2,4,4,4,75,5,11,8,5,5,,1,704,,0,,,1,3,,0,,,,,,,,,Y,Y,A1300001,1
2026-07-27 05:03:37,data_go_kr,대구광역시,A1300002,경북대학교병원,3,20260727045706,053-200-5100,Y,Y,2,3,,,,,,1,,,,,,,,4,,5,,8,,,6,,31,,13,2,9,2,Y,,Y,3,2,5,Y,2,Y,Y,0,4,Y,Y,Y,147,Y,,Y,Y,1,17,N1,25,4,,,20,7,7,15,,,6,7,20,10,11,,,44,,40,17,2,20,5,2,5,5,5,82,8,11,11,9,5,,,582,2,3,,,,,,,,,,,,,2,6,Y,Y,A1300002,2
2026-07-27 05:03:37,data_go_kr,대구광역시,A1300004,대구가톨릭대학교병원,11,20260727045952,053-650-3000,Y,Y,,,,,,,,0,,,,,,,,,1,3,3,,,,,2,,,,,1,3,Y,Y,Y,2,,,Y,,Y,Y,,,Y,Y,Y,276,Y,0,Y,Y,1,19,N1,24,,1,3,,15,25,42,,,,16,,,,0,6,,,,19,,20,9,2,3,3,5,58,20,32,8,3,4,1,,704,,,,,,,,,,,,,,,,,Y,Y,A1300004,3
2026-07-27 05:03:37,data_go_kr,대구광역시,A1300003,계명대학교동산병원,9,20260727045948,053-258-6306,Y,Y,,,,,,,,0,,,,,,,,,2,0,2,,2,,,0,11,,,,3,2,Y,Y,Y,3,,,Y,,Y,Y,6,,Y,Y,Y,261,Y,2,Y,Y,2,24,Y,20,,2,3,,11,13,39,7,,8,15,,,,10,4,20,,,24,,20,16,6,6,5,7,56,13,37,9,4,14,1,2,769,,,,,,,,,,,,,,,,,Y,Y,A1300003,4
2026-07-27 05:03:37,data_go_kr,대구광역시,A1300009,대구파티마병원,-4,20260727050000,053-940-7119,Y,Y,,,,,,,,1,,,,,,,,3,2,3,5,2,,,,2,2,,,,,,Y,,Y,7,,,Y,,Y,Y,,,Y,Y,Y,166,Y,,Y,Y,2,17,N1,25,5,2,5,2,17,8,8,,,,12,,,,,9,4,,,17,,,,2,5,3,4,32,11,19,5,1,1,,,539,,,,,,,,,,,,,,,,,Y,Y,A1300009,5
2026-07-27 05:03:37,data_go_kr,대구광역시,A1300010,칠곡경북대학교병원,15,20260727050009,053-200-2100,Y,Y,,,1,1,,,,4,,,,,,,,7,1,10,2,,2,1,,4,0,2,,,12,13,Y,,Y,,,,Y,,Y,Y,,,Y,Y,Y,249,Y,,Y,Y,6,19,N1,23,7,1,3,,10,15,39,10,2,,,,,,,4,0,8,,19,,20,13,2,8,5,8,52,9,27,9,3,1,,,760,,,1,1,,,,,,,,,,,,,Y,Y,A1300010,6
2026-07-27 05:03:37,data_go_kr,대구광역시,A1300034,드림종합병원,8,20260727045631,053-640-8575,,,,,,,,,,,,,,,,,1,,,,1,,,,,,,,,,,,,,Y,,,,Y,,Y,Y,,,Y,Y,Y,10,N1,,N1,N,,2,N1,8,,,1,,,,,,,,,,,,,,,,,3,,,,,2,1,1,2,,,1,1,,,,159,,,,,,,,,,,,,,1,,,Y,N1,A1300034,7
2026-07-27 05:03:37,data_go_kr,대구광역시,A1300006,의료법인구의료재단구병원,6,20260727045953,053-557-7119,,,,,,,,,,,,,,,,,,,,,1,,,,,0,,,,,,,,,Y,,,,,,Y,N1,,,N1,Y,N1,76,N1,7,N1,Y,,9,N1,10,,,1,,,,,,,,,,,,18,1,,,,9,,,,,3,1,,3,,,,,,,,235,,,,,,,,,,,,,,,,,Y,N1,A1300006,8
2026-07-27 05:03:37,data_go_kr,대구광역시,A1300110,더블유병원,10,20260727045921,053-550-5019,,,,,,,,,,,,,,,,,,,,,1,,,,,,,,,,,,,,Y,,,,,,Y,N1,,,N1,Y,N1,37,N1,,N1,N,,7,Y,10,,,1,,,,,,,,,,,,,,,,,8,,,,,1,1,,1,,,,,,,8,431,,,,,,,,,,,,,,,,,Y,N1,A1300110,9
2026-07-27 05:03:37,data_go_kr,대구광역시,A1300011,한국보훈복지의료공단대구보훈병원,11,20260727050000,053-630-7014,,,,,,,,,,,,,,,,,,,1,,1,,,,,1,,,,,,1,,,Y,,,,Y,,Y,Y,,,N1,Y,N1,49,N1,4,N1,Y,,6,N1,12,,1,1,,,,,,,,,,,,13,1,,,,6,,,1,,1,3,2,9,,,,,,,,406,,,,,,,,,,,,,,,,,Y,N1,A1300011,10
2026-07-27 05:03:37,data_go_kr,대구광역시,A1300045,삼일병원,9,20260727050016,053-659-3119,,,,,,,,,,,,,,,,,,,1,,,,,,,,,,,,,,,,Y,,,,Y,,Y,Y,,,N1,Y,N1,41,N1,,N1,N,,4,N1,14,,1,,,,,,,,,,,,,,,,,,4,,,,,3,2,1,3,,,,,,,,299,,,,,,,,,,,,,,,,,Y,N1,A1300045,11
2026-07-27 05:03:37,data_go_kr,대구광역시,A1300038,나사렛종합병원,8,20260727045759,053-643-3119,,,,1,,,,,,,,,,,,,,,,,1,,,,,1,,,,,,,,,Y,,,,Y,,Y,Y,,,Y,Y,N1,22,N1,3,N1,Y,,5,N1,9,,,1,,,,,,,,,,,,28,1,,,,5,,,,,2,2,2,5,,,1,,,,,231,,9,,,,,,,,,,,,,,,Y,N1,A1300038,12
2026-07-27 05:03:37,data_go_kr,대구광역시,A1300018,강남종합병원,14,20260727045900,053-980-9018,,,,,,,,,,,,,,,,,,,1,,,,,,,,,,,,,1,,,Y,,,,,,Y,N1,,,N1,Y,N1,54,N1,,N1,Y,,7,N1,15,,1,,,,,,,,,,,,,,,,,,7,,,1,,2,2,,2,,,,,,,,207,,,,,,,,,,,,,,,,,Y,N1,A1300018,13
2026-07-27 05:03:37,data_go_kr,대구광역시,A1300005,대구가톨릭대학교칠곡가톨릭병원,7,20260727045856,053-320-2111,,,,,,,,,,,,,,,,,,,,,1,,,,,,,,,,,,,,Y,,,,,,Y,N1,,,N1,Y,N1,14,N1,,N1,Y,,3,N1,9,,,1,,,,,,,,,,,,,,,,,3,,,,,2,2,,1,,,,,,,,161,,,,,,,,,,,,,,,,,Y,N1,A1300005,14
2026-07-27 05:03:37,data_go_kr,대구광역시,A1300076,대구굿모닝병원,17,20260727045935,053-620-9119,,,,,,,,,,,,,,,,,,,1,,1,,,,,1,,,,,,,,,Y,,,,Y,,Y,Y,,,N1,Y,N1,70,N1,1,N1,Y,,2,N1,17,,1,1,,,,,,,,,,,,26,1,,,,4,,,,,2,4,2,13,,,,,,,,226,,,,,,,,,,,,,,,,,Y,N1,A1300076,15
2026-07-27 05:03:37,data_go_kr,대구광역시,A1300007,대구의료원,17,20260727045901,053-560-7288,,Y,,,,,,,,,,,,,,,,,1,,1,,,,,0,,,,,1,1,Y,,Y,,,,,,Y,N1,,,N1,Y,N1,46,N1,5,Y,Y,,4,N1,18,,1,1,,,,,,,,,,,,18,1,,,,4,,82,3,1,1,1,,13,,4,,,,,,254,,,,,,,,,,,,,,,,,Y,N1,A1300007,16
2026-07-27 05:03:37,data_go_kr,대구광역시,A1300081,(재)미리내천주성삼성직수도회천주성삼병원,8,20260727050001,053-790-0555,,,,,,,,,,,,,,,,,,,,,1,,,,,,,,,,,,,,Y,,,,,,Y,N1,,,N1,Y,N1,13,N1,,N1,Y,,4,N1,9,,,1,,,,,,,,,,,,,,,,,4,,,,,1,2,,4,,,,,,,,294,,,,,,,,,,,,,,,,,Y,N1,A1300081,17
2026-07-27 05:03:37,data_go_kr,대구광역시,A1300008,곽병원,8,20260727045841,053-605-3333,,,,,,,,,,,,,,,,,,,,,2,,,,,,,,,,,,,,Y,,,,,,Y,N1,,,N1,Y,N1,8,N1,,N1,Y,,4,N1,10,,,2,,,,,,,,,,,,,,,,,4,,,,,1,1,,2,,,,,,,,221,,,,,,,,,,,,,,,,,Y,N1,A1300008,18
2026-07-27 05:03:37,data_go_kr,대구광역시,A1303386,계명대학교대구동산병원,11,20260727045903,053-250-8481,,,,,,,,,,,,,,,,,,,1,,1,,,,,0,,,,,,,N,,Y,,,,Y,,Y,Y,,,Y,Y,N1,38,N,0,N1,Y,,3,N1,12,,1,1,,,,,,,,,,,,7,5,,,,3,,,,0,2,1,1,6,,,6,,0,,,196,,,,,,,,,,,,,,,,,Y,N1,A1303386,19
2026-07-27 05:03:37,data_go_kr,인천광역시,A1400001,의료법인 길의료재단 길병원,13,20260727050035,032-460-3012,Y,Y,2,2,1,1,,0,,8,,,,,2,,,7,,4,,3,,2,2,4,18,1,9,2,11,12,Y,,Y,2,2,6,Y,0,Y,Y,,0,Y,Y,Y,354,Y,,Y,Y,0,3,Y,23,9,,,18,38,11,30,,2,,14,20,6,4,,11,30,6,47,3,2,18,13,3,6,6,7,113,19,40,19,10,6,,1,995,2,3,1,1,,2,,,,,,3,,,2,6,Y,Y,A1400001,1
2026-07-27 05:03:37,data_go_kr,인천광역시,A1400002,인하대학교의과대학부속병원,13,20260727045607,032-890-2301,Y,Y,,,1,1,,,,0,,,,,,,,7,2,0,4,0,0,0,0,0,0,2,,,4,7,Y,Y,Y,,,,Y,,Y,Y,,,Y,Y,Y,154,Y,0,Y,Y,0,15,Y,20,7,2,5,20,25,13,27,3,2,,,,7,,23,3,30,6,,16,,15,7,4,6,3,5,109,17,27,13,9,7,1,2,681,,,1,1,,,,,,,,,,,,,Y,Y,A1400002,2
2026-07-27 05:03:37,data_go_kr,인천광역시,A1400010,검단탑병원,18,20260727045802,032-590-0077,,,,,,,,,,,,,,,,,,,1,,2,,,,,0,,,,,,1,,,Y,,,,Y,,Y,Y,,,Y,Y,N1,43,N1,3,N1,Y,,6,N1,18,,1,2,,,,,,,,,,,,15,3,,,,6,,,2,,2,2,1,11,,,1,,,,,279,,,,,,,,,,,,,,,,,Y,N1,A1400010,3
2026-07-27 05:03:37,data_go_kr,인천광역시,A1403372,인천세종병원,16,20260727050009,032-240-8119,,,,,,,,,,,,,,,,,,,3,,,1,,,,1,2,,,,,3,,,Y,,,,Y,,Y,Y,,,Y,Y,Y,78,Y,8,N1,Y,,7,N1,18,,3,,2,,,,,,,,,,,20,2,3,,,7,,,6,,2,2,3,13,,,4,5,1,,,274,,,,,,,,,,,,,,,,,Y,N1,A1403372,4
2026-07-27 05:03:37,data_go_kr,인천광역시,A1400014,의료법인인성의료재단한림병원,16,20260727045614,032-540-9119,,,,,,,,,,,,,,,,,,,2,,2,,,,,2,,,,,,2,Y,,Y,,,,Y,,Y,Y,,,Y,Y,Y,45,N1,0,N1,Y,,6,N1,17,,2,2,,,,,,,,,,,,21,2,,,,6,,,2,1,3,2,2,20,,,3,3,,,,391,,,,,,,,,,,,,,,,,Y,N1,A1400014,5
2026-07-27 05:03:37,data_go_kr,인천광역시,A1400016,인천사랑병원,10,20260727045623,032-457-2119,,Y,,,,,,,,,,,,,,,4,,1,,2,,,,,1,0,,,,,1,Y,,Y,,,,Y,,Y,Y,,,Y,Y,N1,15,Y,10,Y,Y,,7,N1,14,,1,2,,,,,,,,,,,,17,1,5,,,7,,,1,1,2,1,1,12,,1,2,,1,,,281,,,,,,,,,,,,,,4,,,Y,N1,A1400016,6
2026-07-27 05:03:37,data_go_kr,인천광역시,A1400012,가톨릭대학교 인천성모병원,15,20260727050015,032-280-6107,Y,Y,,,,,,,,-1,,,,,,,,3,3,0,3,5,,,,0,,,,,,3,Y,,Y,7,,,Y,,Y,Y,,,Y,Y,Y,29,Y,,Y,Y,0,17,N1,19,4,3,5,12,15,18,13,,,,15,,,,,10,,,,17,,,9,1,4,4,5,53,5,14,11,5,4,,,579,,,,,,,,,,,,,,,,,Y,Y,A1400012,7
2026-07-27 05:03:37,data_go_kr,인천광역시,A1400013,안은의료재단 부평세림병원,16,20260727045959,032-509-5777,,,,,,,,,,,,,,,,,,,1,,3,2,,,,1,0,,,,,2,,,Y,,,,Y,,Y,Y,,,Y,Y,Y,31,N1,6,N1,Y,,4,N1,16,,1,3,2,,,,,,,,,,,11,2,3,,,4,,,2,,3,2,1,9,,,1,1,,,,234,,,,,,,,,,,,,,,,,Y,N1,A1400013,8
2026-07-27 05:03:37,data_go_kr,인천광역시,A1400015,가톨릭관동대학교국제성모병원,17,20260727045914,032-290-3065,Y,Y,3,0,,,,,,1,,,18,,,,,3,0,,0,,,,,,,,,,3,3,Y,,Y,-3,,,Y,,Y,Y,,,Y,Y,N,224,Y,,Y,Y,,11,N1,23,3,0,0,,40,,,,,,13,,,,,,,,,11,,11,3,2,3,2,3,34,2,11,6,2,1,,,641,5,0,,,,,,,,21,,,,,,,Y,Y,A1400015,9
2026-07-27 05:03:37,data_go_kr,인천광역시,A1400003,의료법인 루가의료재단 나은병원,10,20260727050010,032-584-4119,,Y,,,,,,,,3,,,,,,,7,,1,4,2,,,,,3,,,,,,8,Y,,Y,,,,Y,,Y,Y,,,Y,Y,Y,87,Y,,Y,Y,,10,N1,11,,1,2,,14,13,,,,,,,,,,3,,,,10,,,9,1,2,2,3,17,,1,3,1,1,,,367,,,,,,,,,,,,,,7,,,Y,N1,A1400003,10
2026-07-27 05:03:37,data_go_kr,인천광역시,A1400011,의료법인 나사렛의료재단 나사렛국제병원,13,20260727045839,032-899-9699,,,,,,,,,,,,,,,,,,,1,,2,,,,,0,,,,,,,,,Y,,,,Y,,Y,Y,,,Y,Y,N1,57,N1,0,N1,Y,,5,N1,17,,1,2,,,,,,,,,,,,16,1,,,,5,,,,,2,2,2,8,,,2,,,,,282,,,,,,,,,,,,,,,,,Y,N1,A1400011,11
2026-07-27 05:03:37,data_go_kr,인천광역시,A1403617,비에스종합병원,10,20260727045839,032-290-0119,,Y,,,,,,,,,,,,,,,,,1,,,,,,,0,,,,,,,Y,,Y,,,,Y,,Y,Y,,,Y,Y,N1,97,N1,5,Y,N1,0,2,N1,10,,1,,,,,1,,,,,,,,18,1,,,,2,,,,1,1,,1,6,,1,1,,,,,180,,,,,,,,,,,,,,,,,Y,N1,A1403617,12
2026-07-27 05:03:37,data_go_kr,인천광역시,A1400005,온누리병원,9,20260727045919,032-568-9112,,,,,,,,,,,,,,,,,,,1,,1,,,,,,,,,,,,,,Y,,,,,,Y,N1,,,N1,Y,N1,40,N1,,N1,Y,,3,N1,9,,1,1,,,,,,,,,,,,,,,,,3,,,,,1,1,,5,,,,,,,,190,,,,,,,,,,,,,,,,,Y,N1,A1400005,13
2026-07-27 05:03:37,data_go_kr,인천광역시,A1403871,인천힘찬종합병원,17,20260727045700,032-459-3168,,,,,,,,,,,,,,,,,,,1,,2,,,,,0,,,,,,,,,Y,,,,,,Y,N1,,,N1,Y,N1,53,N1,1,N1,Y,,7,N1,17,,1,2,,,,,,,,,,,,8,1,,,,7,,,,,2,2,,1,,,,,,,,235,,,,,,,,,,,,,,,,,Y,N1,A1403871,14
2026-07-27 05:03:37,data_go_kr,인천광역시,A1400004,현대유비스병원,18,20260727045748,032-890-5582,,,,,,,,,,,,,,,,,,,1,,,,,,,0,,,,,,,,,Y,,,,Y,,Y,Y,,,Y,Y,N1,12,N1,4,N1,Y,,6,N1,18,,1,,,,,,,,,,,,,13,1,,,,6,,,,,2,2,1,8,,,2,,,,,285,,,,,,,,,,,,,,,,,Y,N1,A1400004,15
2026-07-27 05:03:37,data_go_kr,인천광역시,A1400008,(의)성세의료재단 뉴성민병원,8,20260727045930,032-726-1119,,,,,,,,,,,,,,,0,,,,,,1,,,,,2,,,,,,,,,Y,,,,,,Y,N1,,,Y,Y,N1,123,N1,10,N1,Y,,6,Y,9,,,1,,,,,,,,,,,,17,2,,,,6,,,,,2,2,,11,,,2,,,,1,265,,,,,,,,,,,,0,,,,,Y,N1,A1400008,16
2026-07-27 05:03:37,data_go_kr,인천광역시,A1400018,인천적십자병원,8,20260727045907,032-899-4119,,,,,,,,,,,,,,,,,,,1,,1,,,,,,,,,,,,,,Y,,,,,,Y,N1,,,N1,Y,N1,66,N1,3,N1,Y,,3,N1,8,,1,1,,,,,,,,,,,,8,,,,,3,,,,,1,1,,2,,,,,,,,104,,,,,,,,,,,,,,,,,Y,N1,A1400018,17
2026-07-27 05:03:37,data_go_kr,인천광역시,A1400037,인천광역시의료원백령병원,4,20260727050001,032-836-1732,Y,Y,,,,,,,,,,,,,,,,,,,1,,,,,,,,,,,,,,Y,,,,,,Y,N1,,,N1,Y,N1,30,N1,,Y,N1,,1,N1,5,,,1,,,,,,,,,,,,,,,,,1,,,,,1,,,1,1,2,,,,,,30,,,,,,,,,,,,,,,,,Y,Y,A1400037,18
2026-07-27 05:03:37,data_go_kr,인천광역시,A1400009,인천기독병원,8,20260727045941,032-270-8300,,,,,,,,,,,,,,,,,,,,,1,,,,,,,,,,,,,,Y,,,1,,,Y,N1,,,N1,Y,N1,33,N1,10,N1,Y,,4,N1,8,,,1,,,,,,,,,,,,10,,,,,4,,,,,1,1,,1,,,,,,,,139,,,,,,,,,,,,,,,,1,Y,N1,A1400009,19
2026-07-27 05:03:37,data_go_kr,인천광역시,A1400017,인천광역시의료원,14,20260727050001,032-580-6119,,,,,,,,,,,,,,,,,,,2,,,,,,,0,,,,,24,7,,,Y,,,,,,Y,N1,,,N1,Y,N1,29,N1,2,N1,Y,,6,N1,15,,2,,,,,,,,,,,,,13,0,,,,6,,45,7,,1,1,,19,,,,,,,,198,,,,,,,,,,,,,,,,,Y,N1,A1400017,20
2026-07-27 05:03:37,data_go_kr,인천광역시,A1400007,의료법인 성수의료재단 인천백병원,4,20260727050018,032-280-8119,,,,,,,,,,,,,,,,,,,,,1,,,,,,,,,,,,,,Y,,,,,,Y,N1,,,Y,Y,N1,37,N1,1,N1,Y,,4,N1,5,,,1,,,,,,,,,,,,12,,,,,4,,,,,2,2,,6,,,1,,,,,189,,,,,,,,,,,,,,,,,Y,N1,A1400007,21
2026-07-27 05:03:37,data_go_kr,대전광역시,A1600006,학교법인건양교육재단건양대학교병원,23,20260727050020,042-600-9119,Y,Y,,0,,,1,0,4,,0,0,0,0,,0,,4,2,,3,6,,,,4,5,,,,11,1,Y,,Y,,,,Y,,Y,Y,,,Y,Y,Y,284,Y,36,Y,Y,0,20,Y,24,5,2,3,16,,,24,,,,,,,,59,5,28,,,20,,20,1,2,4,4,4,46,17,23,10,3,1,,1,658,,0,,,1,3,4,0,0,0,0,,0,,,,Y,Y,A1600006,1
2026-07-27 05:03:37,data_go_kr,대전광역시,A1600001,충남대학교병원,17,20260727045901,042-280-8129,Y,Y,0,0,,,,,,3,,,,,,,0,5,2,6,3,4,2,,3,6,23,,,,16,9,Y,,Y,,,,Y,,Y,Y,,,Y,Y,Y,223,Y,4,Y,Y,9,21,N1,28,6,2,3,20,16,14,34,5,,,,,10,,12,8,30,,,21,,26,14,5,5,4,5,76,12,36,6,8,2,,,966,0,0,,,,,,,,,,,,0,,,Y,Y,A1600001,2
2026-07-27 05:03:37,data_go_kr,대전광역시,A1600002,학교법인을지학원대전을지대학교병원,17,20260727050000,042-259-1119,Y,Y,,,,,,,,4,,0,0,-10,-5,4,3,,2,5,1,,,,4,1,,,2,2,6,,Y,,Y,,2,5,Y,2,Y,Y,,,Y,Y,Y,81,Y,,Y,Y,16,15,N1,21,,2,1,,20,20,20,,,,,20,5,,,11,,,40,15,2,20,,16,4,2,4,70,12,47,7,3,3,,,331,,,,,,,,,0,0,0,0,30,3,2,6,Y,Y,A1600002,3
2026-07-27 05:03:37,data_go_kr,대전광역시,A1600007,의료법인영훈의료재단유성선병원,14,20260727045910,042-609-1119,,,,,,,,,,,,,,,,,,,2,,1,,,,,1,,,,,,0,Y,,Y,,,,Y,,Y,Y,,,Y,Y,Y,92,N1,1,N1,Y,,-4,Y,17,,2,1,,,,,,,,,,,,19,1,,,,7,,,1,1,3,3,2,17,,,2,1,,,1,368,,,,,,,,,,,,,,,,,Y,N1,A1600007,4
2026-07-27 05:03:37,data_go_kr,대전광역시,A1600005,학교법인가톨릭학원가톨릭대학교대전성모병원,13,20260727050012,042-220-9118,Y,Y,,,,,,,,5,,,,,,,,,3,2,,,,,0,0,,,,,,3,Y,,Y,0,,,Y,,Y,Y,2,1,Y,Y,Y,126,N1,,Y,Y,4,12,N1,19,,3,,,15,3,4,,,3,9,,3,2,,1,,,,12,,,4,1,3,2,4,24,5,7,5,2,,,,537,,,,,,,,,,,,,,,,,Y,Y,A1600005,5
2026-07-27 05:03:37,data_go_kr,대전광역시,A1600008,의료법인영훈의료재단대전선병원,16,20260727045811,042-220-8129,,,,,,,,,,,,,,,,,,,1,,3,,,,,-1,,,,,,0,Y,,Y,,,,Y,,Y,Y,,,Y,Y,N1,68,N1,4,N1,Y,,7,N1,17,,1,3,,,,,,,,,,,,24,1,,,,7,,,1,1,2,2,2,11,,,3,,,,,311,,,,,,,,,,,,,,,,,Y,N1,A1600008,6
2026-07-27 05:03:37,data_go_kr,대전광역시,A1600004,대전보훈병원,7,20260727045617,042-939-0100,,,,,,,,,,,,,,,,,,,1,,1,,,,,1,,,,,,1,,,Y,,,,Y,,Y,Y,,,N1,Y,N1,68,N1,3,N1,Y,,5,N1,7,,1,1,,,,,,,,,,,,10,1,,,,5,,,1,,1,3,1,12,,,,,,,,316,,,,,,,,,,,,,,,,,Y,N1,A1600004,7
2026-07-27 05:03:37,data_go_kr,대전광역시,A1600003,대전한국병원,5,20260727050004,042-606-1119,,Y,,,,,,,,,,,,,,,,,1,,,,,,,,,,,,,,Y,,Y,,,,Y,,Y,Y,,,Y,Y,N1,40,N1,2,Y,Y,,4,N1,9,,1,,,,,,,,,,,,,12,,,,,4,,,,4,2,2,2,6,,1,1,,,,,241,,,,,,,,,,,,,,,,,Y,N1,A1600003,8
2026-07-27 05:03:37,data_go_kr,대전광역시,A1602246,대청병원,9,20260727050006,042-589-0119,,,,,,,,,,,,,,,,,,,,,1,,,,,,,,,,,,,,Y,,,,,,Y,N1,,,Y,Y,N1,98,N1,2,N1,Y,,3,N1,9,,,1,,,,,,,,,,,,17,,,,,3,,,,,2,1,,10,,,1,,,,,245,,,,,,,,,,,,,,,,,Y,N1,A1602246,9
2026-07-27 05:03:37,data_go_kr,울산광역시,A1700004,학교법인울산공업학원울산대학교병원,14,20260727045745,052-250-7000,Y,Y,3,2,,,,0,,7,,,4,,5,,,7,0,11,0,2,,,2,8,10,,1,2,9,0,Y,,Y,,2,6,Y,10,Y,Y,,2,Y,Y,Y,157,Y,3,Y,Y,3,19,N1,21,8,0,0,12,13,16,26,,,,,20,6,2,8,8,36,,42,20,2,20,0,5,7,5,6,83,14,27,17,8,4,,,725,3,3,,,,8,,,,4,,5,,,2,6,Y,Y,A1700004,1
2026-07-27 05:03:37,data_go_kr,울산광역시,A1700028,의료법인정안의료재단중앙병원,17,20260727050012,052-226-1119,,,,,,,,,,,,,,,,,,,1,,2,-1,,,,2,1,,,,,0,,,Y,,,,Y,,Y,Y,,,Y,Y,N1,63,N1,0,N1,Y,,8,N1,17,,1,2,2,,,,,,,,,,,18,2,4,,,8,,,1,,2,2,2,7,,,2,,,,,335,,,,,,,,,,,,,,,,,Y,N1,A1700028,2
2026-07-27 05:03:37,data_go_kr,울산광역시,A1700003,울산병원,18,20260727050006,052-259-5119,,,,,,,,,,,,,,,,,,,1,,2,1,,,,0,2,,,,,,,,Y,,,,Y,,Y,Y,,,Y,Y,Y,54,Y,10,N1,Y,,4,Y,19,,1,2,2,,,,,,,,,,,17,1,3,,,4,,,,,2,2,3,12,,,4,1,2,,2,343,,,,,,,,,,,,,,,,,Y,N1,A1700003,3
2026-07-27 05:03:37,data_go_kr,울산광역시,A1700025,의료법인송은의료재단울산시티병원,16,20260727050005,052-280-9119,,,,,,,,,,,,,,,,,,,1,,2,0,,,,2,2,,,,,,,,Y,,,,Y,,Y,Y,,,Y,Y,N1,37,N1,6,N1,Y,,8,N1,17,,1,2,2,,,,,,,,,,,24,3,3,,,8,,,,,2,2,2,17,,,4,,,,,347,,,,,,,,,,,,,,,,,Y,N1,A1700025,4
2026-07-27 05:03:37,data_go_kr,울산광역시,A1700002,의료법인동강의료재단동강병원,22,20260727050028,052-241-1190,,,,,,,,,,0,,,,,,,,,1,0,2,0,,,1,0,0,,,,,0,,Y,Y,,,,Y,,Y,Y,,,Y,Y,Y,157,N1,,N1,Y,,8,N1,24,,1,2,2,14,9,,,,,,,13,,,1,3,,,8,,,2,,3,2,4,25,,,7,5,,1,,513,,,,,,,,,,,,,,,,,Y,N1,A1700002,5
2026-07-27 05:03:37,data_go_kr,울산광역시,A1700011,의료법인은성의료재단좋은삼정병원,8,20260727045834,052-220-7600,,,,,,,,,,,,,,,,,,,,,1,,,,,0,,,,,,1,,,Y,,,,Y,,Y,Y,,,Y,Y,N1,48,N1,3,N1,Y,,7,N1,9,,,1,,,,,,,,,,,,14,1,,,,8,,,1,,2,2,1,5,,,1,,,,,283,,,,,,,,,,,,,,,,,Y,N1,A1700011,6
2026-07-27 05:03:37,data_go_kr,울산광역시,A1700001,서울산보람병원,9,20260727045821,052-255-7119,,,,,,,,,,,,,,,,,,,,,1,,,,,,,,,,,,,,Y,,,,,,Y,N1,,,N1,Y,N1,96,N1,,N1,Y,,3,N1,10,,,1,,,,,,,,,,,,,,,,,3,,,,,1,1,,1,,,,,,,,213,,,,,,,,,,,,,,,,,Y,N1,A1700001,7
2026-07-27 05:03:37,data_go_kr,세종특별자치시,A1800441,세종충남대학교병원,16,20260727045901,044-995-3010,Y,Y,,,0,0,,,,,,,,,,,,0,1,,2,,,2,,0,,5,,,,3,Y,,Y,,,,Y,,Y,Y,,,Y,Y,Y,90,Y,4,Y,Y,-2,8,N1,17,0,1,2,,,,19,,2,,,,,,11,2,,6,,8,,,4,3,2,2,3,29,7,19,5,3,2,,,299,,,0,0,,,,,,,,,,,,,Y,Y,A1800441,1
2026-07-27 05:03:37,data_go_kr,세종특별자치시,A1800417,의료법인 영제 의료재단 엔케이세종병원,10,20260727045856,044-850-7777,,,,,,,,,,,,,,,,,,,,,1,,,,,,,,,,,,,,Y,,,,,,Y,N1,,,N1,Y,N1,123,N1,,N1,Y,,3,N1,10,,,1,,,,,,,,,,,,,,,,,3,,,,,1,1,,1,,,,,,,,200,,,,,,,,,,,,,,,,,Y,N1,A1800417,2
2026-07-27 05:03:37,data_go_kr,경기도,A2100042,의료법인명지의료재단명지병원,9,20260727050000,031-810-7119,Y,Y,3,2,,3,0,0,1,,0,0,0,0,0,0,,0,0,,0,7,,,,4,9,,,,0,0,Y,Y,Y,,,,Y,,Y,Y,,,Y,Y,Y,130,Y,11,Y,Y,3,6,Y,15,0,0,3,16,,,3,,,,,,,,31,4,28,,,13,,0,0,2,6,3,5,49,4,5,8,5,2,1,2,443,3,2,,3,4,3,2,0,0,0,0,0,0,,,,Y,Y,A2100042,1
2026-07-27 05:03:37,data_go_kr,경기도,A2100033,국민건강보험공단일산병원,16,20260727050004,031-900-0761,Y,Y,,,,,0,,1,2,,0,0,,0,0,,0,2,5,3,0,,,2,2,1,,,,4,0,Y,,Y,,,,Y,,Y,Y,,,Y,Y,Y,148,N1,,Y,Y,5,2,N1,23,5,2,3,19,10,16,25,,,,,,6,,,11,29,,,2,,28,4,2,4,3,3,60,8,28,13,5,,,,659,,,,,1,,1,,0,0,,0,0,,,,Y,Y,A2100033,2
2026-07-27 05:03:37,data_go_kr,경기도,A2100005,순천향대학교부속부천병원,14,20260727045621,032-621-5117,Y,Y,2,2,,,,,,5,,0,,0,0,,,5,0,6,0,5,,,,5,18,,,,,2,Y,Y,Y,,,5,Y,,Y,Y,,,Y,Y,Y,217,Y,10,Y,Y,1,21,Y,17,5,0,0,20,16,15,24,,,,,,,,22,8,34,,,21,,,7,1,4,3,5,71,9,31,17,4,3,1,1,674,2,3,,,,,,,0,,0,0,,,,5,Y,Y,A2100005,3
2026-07-27 05:03:37,data_go_kr,경기도,A2100001,분당서울대학교병원,-3,20260727045800,031-787-3119,Y,Y,,,,,,3,,1,,,5,9,,,,3,2,5,3,2,0,,4,0,12,,,,1,3,Y,,Y,1,,2,Y,,Y,Y,,,Y,Y,Y,273,Y,1,Y,Y,0,39,N1,30,5,2,3,15,13,13,35,6,,,10,,9,,8,1,30,,,39,,15,3,3,11,11,11,128,17,39,16,8,8,,,1247,,,,,,5,,,,5,9,,,,,2,Y,Y,A2100001,4
2026-07-27 05:03:37,data_go_kr,경기도,A2100030,차의과학대학교분당차병원,12,20260727045635,031-780-5840,Y,Y,2,3,1,0,0,0,,0,,,0,,0,,0,10,,6,,0,,0,0,1,8,6,,,11,,Y,,Y,0,,,Y,,Y,Y,,,Y,Y,Y,99,Y,,Y,Y,8,26,N1,22,11,,,14,8,9,35,,2,,7,,6,,,4,43,6,,26,,22,,8,5,3,4,40,26,46,6,2,2,,,726,2,3,1,1,2,2,,,,0,,1,,0,,,Y,Y,A2100030,5
2026-07-27 05:03:37,data_go_kr,경기도,A2100002,아주대학교병원,10,20260727045729,031-219-7777,Y,Y,2,3,1,3,,0,,2,,,,0,0,,0,6,0,4,0,5,,1,5,0,20,0,0,3,4,5,Y,,Y,4,2,6,Y,1,Y,Y,1,6,Y,Y,Y,97,Y,,Y,Y,4,25,N1,30,9,0,0,16,14,10,36,,2,6,13,40,7,11,,3,42,6,60,25,3,20,8,3,8,6,9,126,27,34,32,9,7,,,792,2,6,1,4,,2,,,,,0,0,,0,2,6,Y,Y,A2100002,6
2026-07-27 05:03:37,data_go_kr,경기도,A2100003,고려대학교의과대학부속안산병원,13,20260727050013,031-412-5381,Y,Y,2,2,,,0,,,0,,,,,,,,4,,13,3,6,,,0,0,23,,,,9,5,Y,,Y,,,,Y,,Y,Y,,,Y,Y,Y,112,Y,0,Y,Y,1,20,N1,22,4,,3,18,10,13,25,,,,,,10,,6,3,30,,,20,,16,10,2,3,4,4,66,15,19,8,5,3,,,605,2,3,,,2,,,,,,,,,,,,Y,Y,A2100003,7
2026-07-27 05:03:37,data_go_kr,경기도,A2100004,한림대학교성심병원,22,20260727045755,031-380-1500,Y,Y,0,5,,,0,,,0,,,,,,,,3,2,1,1,0,,,,1,14,,,,12,3,Y,Y,Y,,,,Y,,Y,Y,0,3,Y,Y,Y,137,Y,,Y,Y,5,19,N1,25,3,2,4,19,27,16,9,,,8,,,,18,,3,30,,,19,,20,14,2,4,3,6,102,8,10,20,14,2,1,,610,0,5,,,1,,,,,,,,,,,,Y,Y,A2100004,8
2026-07-27 05:03:37,data_go_kr,경기도,A2100040,가톨릭대학교의정부성모병원,29,20260727050013,031-820-5200,Y,Y,,,,,0,0,,,,,,,,,,11,2,,4,0,,,0,0,13,,8,2,,,Y,,Y,,2,6,Y,1,Y,Y,,,Y,Y,Y,156,Y,0,Y,Y,-1,13,N1,42,11,2,4,18,,,15,,,,,20,6,,26,4,30,,53,13,2,,,3,4,3,4,54,10,28,12,4,3,,,519,,,,,1,1,,,,,,,,,2,6,Y,Y,A2100040,9
2026-07-27 05:03:37,data_go_kr,경기도,A2100047,동국대학교일산불교병원,16,20260727050014,031-961-7777,Y,Y,,,,,,,,4,,,,,,,3,3,1,6,3,,,,,1,,,,,15,0,Y,,Y,,,,Y,,Y,Y,,,Y,Y,Y,176,Y,,Y,Y,9,12,N1,19,3,1,3,,16,13,13,,,,,,,,,4,,,,12,,15,0,8,2,2,2,19,13,25,4,2,1,,,463,,,,,,,,,,,,,,3,,,Y,Y,A2100047,10
2026-07-27 05:03:37,data_go_kr,경기도,A2100038,인제대학교일산백병원,28,20260727045643,031-910-7114,N,N,,,,,,,,0,,,,,,,,,3,0,3,,,,,0,,,,,5,1,Y,,Y,,,,Y,,Y,Y,,0,Y,Y,Y,141,Y,,N,Y,,17,N1,34,,3,3,,25,32,,,,,,,,4,,4,,,,17,,16,2,3,3,3,4,54,18,22,7,3,1,,,545,,,,,,,,,,,,,,,,,Y,N,A2100038,11
2026-07-27 05:03:37,data_go_kr,경기도,A2118788,중앙대학교광명병원,14,20260727050009,02-2222-1351,Y,Y,0,0,,,,,,,,,,,,,,,1,,2,,,,3,3,,,,,,2,Y,,Y,,,,Y,,Y,Y,4,,Y,Y,Y,171,Y,12,Y,Y,1,17,N1,21,,1,2,,,,16,,,5,,,5,,24,6,,,,17,,,2,2,2,2,5,28,6,16,5,4,10,,,576,0,0,,,,,,,,,,,,,,,Y,Y,A2118788,12
2026-07-27 05:03:37,data_go_kr,경기도,A2100007,광명성애병원,10,20260727050001,02-2680-7116,Y,Y,,,,,,,,,,,,,,6,,4,1,,4,,,,,0,,,,,,,Y,,Y,,,,Y,,Y,Y,,,Y,Y,N1,56,N1,8,Y,Y,,5,N1,11,4,1,4,,,,,,,,,,,,13,1,,,,5,,,,2,2,2,1,12,2,5,1,,,,,189,,,,,,,,,,,,,50,,,,Y,Y,A2100007,13
2026-07-27 05:03:37,data_go_kr,경기도,A2100155,참조은병원,9,20260727045952,031-881-9119,,,,,,,,,,,,,,0,0,,6,1,1,,3,,,,,3,,,,,,1,,,Y,,,,Y,,Y,Y,,,Y,Y,N1,32,Y,-2,N1,Y,,7,N1,9,1,1,3,,,,,,,,,,,,22,3,,,,7,,,2,,3,3,2,18,,,3,,2,,,286,,,,,,,,,,,0,0,,6,,,Y,N1,A2100155,14
2026-07-27 05:03:37,data_go_kr,경기도,A2100039,한양대학교구리병원,12,20260727045801,1644-9118,Y,Y,,,,,,,,0,,,,,,,,,1,2,3,,,,,,,,,,,4,Y,,Y,,,,Y,,Y,Y,,,Y,Y,Y,150,Y,,Y,Y,1,9,N1,18,,1,4,,17,14,10,,,,,,,,,,,,,9,,,5,1,3,2,3,21,6,14,4,2,2,,,488,,,,,,,,,,,,,,,,,Y,Y,A2100039,15
2026-07-27 05:03:37,data_go_kr,경기도,A2100054,효산의료재단지샘병원,14,20260727045547,031-389-3119,,,,,,,,,,,,,,,,,1,,2,,1,,,,,1,,,,,,1,,,Y,,,,Y,,Y,Y,,,Y,Y,N1,71,N1,3,N1,Y,,5,N1,18,,2,1,,,,,,,,,,,,18,1,,,,5,,,2,,2,1,3,11,,,2,,,,,367,,,,,,,,,,,,,,1,,,Y,N1,A2100054,16
2026-07-27 05:03:37,data_go_kr,경기도,A2100048,원광대학교산본병원,14,20260727045630,031-390-2345,,,,,,,,,,,,,,,,,,,1,,2,,,,,,,,,,,,Y,,Y,,,,Y,,Y,Y,,,Y,Y,N1,77,N1,6,N1,Y,,5,N1,17,,1,2,,,,,,,,,,,,12,,,,,5,,,,1,1,1,1,1,,,2,,,,,188,,,,,,,,,,,,,,,,,Y,N1,A2100048,17
2026-07-27 05:03:37,data_go_kr,경기도,A2100053,의료법인우리의료재단김포우리병원,21,20260727045841,031-999-1119,,,,,,,,,,,,,,0,0,0,,,1,,6,,,,,0,,,,,,3,,,Y,,,,Y,,Y,Y,,,Y,Y,Y,44,Y,0,N1,Y,,7,N1,22,,1,6,,,,,,,,,,,,36,1,,,,7,,,11,,2,2,2,48,,,4,1,2,,,477,,,,,,,,,,,0,0,0,,,,Y,N1,A2100053,18
2026-07-27 05:03:37,data_go_kr,경기도,A2100006,의료법인인봉의료재단뉴고려병원,14,20260727045758,031-980-9119,,,,,,,,,,,,,,,,,3,,1,,2,,,,,7,,,,,,,,,Y,,,,Y,,Y,Y,,,Y,Y,N1,82,N1,1,N1,Y,,6,N1,14,,1,2,,,,,,,,,,,,24,10,,,,6,,,,,2,2,2,7,,,1,,,,,278,,,,,,,,,,,,,,3,,,Y,N1,A2100006,19
2026-07-27 05:03:37,data_go_kr,경기도,A2100041,남양주한양병원,16,20260727050004,031-510-0119,,,,,,,,,,,,,,,,,,,1,,2,,,,,10,,,,,,,,,Y,,,,Y,,Y,Y,,,Y,Y,N1,82,N1,4,N1,Y,,,Y,17,,1,2,,,,,,,,,,,,17,23,,,,,,,,,2,2,1,33,,,2,,,,1,244,,,,,,,,,,,,,,,,,Y,N1,A2100041,20
2026-07-27 05:03:37,data_go_kr,경기도,A2100037,현대병원,16,20260727045915,031-574-0114,,,,,,,,,,,,,,,,,,,3,,,,,,,1,,,,,,,,,Y,,,,Y,,Y,Y,,,Y,Y,N1,61,Y,0,N1,Y,,7,N1,17,,3,,,,,,,,,,,,,19,20,,,,7,,,,,2,2,2,50,,,17,,2,,,342,,,,,,,,,,,,,,,,,Y,N1,A2100037,21
2026-07-27 05:03:37,data_go_kr,경기도,A2100055,부천세종병원,15,20260727050010,032-340-1119,Y,Y,,,,,,,,,,,,,,,,,1,,2,0,,,,0,1,,,,,0,Y,,Y,,,,Y,,Y,Y,,,Y,Y,Y,80,Y,0,Y,Y,,6,N1,17,,1,2,2,,,,,,,,,,,20,2,3,,,6,,,6,1,2,1,5,18,1,1,5,4,1,,,268,,,,,,,,,,,,,,,,,Y,Y,A2100055,22
2026-07-27 05:03:37,data_go_kr,경기도,A2100052,가톨릭대학교부천성모병원,25,20260727050012,032-340-2100,Y,Y,,,,,,,,4,,,,,,,3,,2,0,1,,,,,0,,,,,,2,Y,,Y,2,,,Y,,Y,Y,,,Y,Y,Y,166,Y,,Y,Y,9,14,N1,31,,2,1,,16,12,10,,,,18,,,,,4,,,,14,,,4,3,3,3,3,28,4,14,11,1,2,,,562,,,,,,,,,,,,,,3,,,Y,Y,A2100052,23
2026-07-27 05:03:37,data_go_kr,경기도,A2100025,대진의료재단분당제생병원,16,20260727050000,031-779-0119,Y,Y,,,,,,,,1,,,7,,,,,3,1,5,2,,,,,2,,,,,,0,Y,Y,Y,,,,Y,,Y,Y,,,Y,Y,Y,131,Y,,Y,Y,1,9,N1,24,3,1,2,,11,14,3,,,,,,,,,4,,,,9,,,2,2,4,3,3,22,1,5,5,2,3,1,,484,,,,,,,,,,7,,,,,,,Y,Y,A2100025,24
2026-07-27 05:03:37,data_go_kr,경기도,A2116806,성남시의료원,15,20260727050000,031-738-7300,,,,,,,,,,,,,,,,,,6,2,18,4,,,,,3,,,,,,28,,,Y,,,,Y,,Y,Y,,,Y,Y,Y,96,Y,,N1,Y,,8,Y,17,6,2,4,,,25,,,,,,,,,,5,,,,8,,,28,,3,2,2,31,,,6,3,1,,2,241,,,,,,,,,,,,,,,,,Y,N1,A2116806,25
2026-07-27 05:03:37,data_go_kr,경기도,A2117135,의료법인명인의료재단화홍병원,6,20260727045910,031-8021-6829,Y,,,,,,,,,,,,,,,,,,2,,3,,,,,0,,,,,,,,,Y,,,,,,Y,N1,,,N1,Y,Y,44,N1,11,N1,Y,,6,Y,15,,2,3,,,,,,,,,,,,29,1,,,,6,,,,,2,2,,4,1,,,1,,,1,228,,,,,,,,,,,,,,,,,Y,Y,A2117135,26
2026-07-27 05:03:37,data_go_kr,경기도,A2100009,의료법인녹산의료재단동수원병원,17,20260727045713,031-210-0119,,Y,,,,,,,,,,,,,,,,,1,,1,0,,,,0,2,,,,,0,Y,,Y,,,,Y,,Y,Y,,,Y,Y,N1,50,N1,7,Y,Y,,5,N1,17,,1,2,2,,,,,,,,,,,18,3,4,,,5,,,1,1,2,2,1,15,,4,1,,,,,335,,,,,,,,,,,,,,,,,Y,N1,A2100009,27
2026-07-27 05:03:37,data_go_kr,경기도,A2100012,가톨릭대학교성빈센트병원,23,20260727050013,031-249-7370,Y,Y,,,1,1,,,,3,,,,,,,,5,2,8,2,3,,2,7,2,,6,,,9,2,Y,,Y,9,,,Y,,Y,Y,,2,Y,Y,Y,194,Y,,Y,Y,2,19,N1,28,6,2,2,4,20,11,18,,2,,15,,8,8,,5,,6,,19,,30,11,2,5,4,6,52,7,18,12,4,4,,,658,,,1,1,,,,,,,,,,,,,Y,Y,A2100012,28
2026-07-27 05:03:37,data_go_kr,경기도,A2100008,의료법인남촌의료재단시화병원,14,20260727045636,031-5189-0567,,,,,,,,,,,,,,,,,,5,1,,5,,,,,1,,,,,,1,Y,,Y,,,,Y,,Y,Y,,,Y,Y,Y,66,N1,18,N1,Y,,7,N1,16,5,1,5,,,,,,,,,,,,52,1,,,,7,,,1,1,3,3,2,29,,,4,2,,,,461,,,,,,,,,,,,,,,,,Y,N1,A2100008,29
2026-07-27 05:03:37,data_go_kr,경기도,A2100017,대아의료재단한도병원,15,20260727045840,031-8040-1129,,,,,,,,,,,,,,,,,,,1,,2,,,,,1,,,,,,,,,Y,,,,Y,,Y,Y,,,Y,Y,N1,81,N1,8,N1,Y,,6,N1,17,,1,2,,,,,,,,,,,,29,1,,,,6,,,,,3,2,2,15,,,3,,,,,327,,,,,,,,,,,,,,,,,Y,N1,A2100017,30
2026-07-27 05:03:37,data_go_kr,경기도,A2100015,효산의료재단안양샘병원,11,20260727045914,031-467-9119,,,,,,,,,,-1,,,,,,,,,1,0,2,,,,,1,,,,,,,,,Y,,,,Y,,Y,Y,,,Y,Y,Y,58,N1,,N1,Y,,6,N1,17,,1,2,,9,9,,,,,,,,,,1,,,,6,,,,,2,1,2,12,,,2,1,,,,307,,,,,,,,,,,,,,,,,Y,N1,A2100015,31
2026-07-27 05:03:37,data_go_kr,경기도,A2100024,오산한국병원,12,20260727045836,031-378-5119,,,,,,,,,,,,,,,,,,,1,,2,1,,,,1,2,,,,,2,,,Y,,,,Y,,Y,Y,,,Y,Y,N1,37,Y,-3,N1,Y,,5,N1,17,,1,2,2,,,,,,,,,,,32,1,3,,,5,,,2,,2,2,2,17,,,2,,1,,,259,,,,,,,,,,,,,,,,,Y,N1,A2100024,32
2026-07-27 05:03:37,data_go_kr,경기도,A2100020,연세대학교의과대학용인세브란스병원,9,20260727045700,031-5189-9001,Y,Y,,,,,,,,4,,,,,,,,6,1,5,2,,,,,1,,,,,,2,Y,,Y,,,,Y,,Y,Y,,,Y,Y,Y,132,Y,,Y,Y,0,15,N1,16,6,1,3,,19,16,12,,,,,,,,,2,,,,15,,,4,2,3,3,4,31,6,18,6,3,4,,,597,,,,,,,,,,,,,,,,,Y,Y,A2100020,33
2026-07-27 05:03:37,data_go_kr,경기도,A2100029,강남병원,15,20260727045916,031-300-0119,,,,,,,,,,,,,,,,,,,1,,2,2,,,,1,1,,,,,,,,Y,,,,,,Y,N1,,,Y,Y,N1,8,N1,14,N1,Y,,4,N1,17,,1,2,2,,,,,,,,,,,30,1,3,,,4,,,,,2,2,,7,,,2,,,,,264,,,,,,,,,,,,,,,,,Y,N1,A2100029,34
2026-07-27 05:03:37,data_go_kr,경기도,A2100019,(의)영문의료재단다보스병원,11,20260727045905,031-8021-2130,,,,,,,,,,,,,,,,,4,,1,,2,1,,,,1,1,,,,,,,,Y,,,,,,Y,N1,,,Y,Y,N1,31,N1,3,N1,Y,,6,N1,13,,1,2,2,,,,,,,,,,,23,1,3,,,6,,,,,1,1,,7,,,2,,,,,222,,,,,,,,,,,,,,4,,,Y,N1,A2100019,35
2026-07-27 05:03:37,data_go_kr,경기도,A2117994,학교법인을지학원의정부을지대학교병원,27,20260727045601,031-8074-0119,Y,Y,,,,,,,,1,,,,,,,8,6,1,0,2,,,,,2,,,,,3,2,Y,,Y,,0,0,Y,,Y,Y,,,Y,Y,Y,203,Y,,Y,Y,3,11,N1,30,6,1,2,,29,22,5,,,,,,,,,2,,,,14,,22,6,8,3,3,4,48,5,5,6,3,2,,,588,,,,,,,,,,,,,,8,0,0,Y,Y,A2117994,36
2026-07-27 05:03:37,data_go_kr,경기도,A2100193,경기도의료원이천병원,13,20260727050002,031-630-4333,,,,,,,,,,,,,,,,,,,1,,2,2,,,,2,0,,,,,6,,,Y,,,,,,Y,N1,,,N1,Y,N1,38,N1,0,N1,Y,,4,N1,17,,1,2,2,,,,,,,,,,,6,2,3,,,4,,,6,,1,1,,8,,,,,,,,187,,,,,,,,,,,,,,,,,Y,N1,A2100193,37
2026-07-27 05:03:37,data_go_kr,경기도,A2100035,경기도의료원파주병원,16,20260727050001,031-940-9119,,,,,,,,,,,,,,,,,,,1,,2,1,,,,,1,,,,,,Y,,Y,,,,,,Y,N1,,,N1,Y,N1,84,N1,5,N1,Y,,3,N1,17,,1,2,2,,,,,,,,,,,8,,3,,,3,,,,1,1,1,,9,,,,,,,,189,,,,,,,,,,,,,,,,,Y,N1,A2100035,38
2026-07-27 05:03:37,data_go_kr,경기도,A2100028,의료법인백송의료재단굿모닝병원,18,20260727045916,031-5182-7582,,,,,,,,,,,,,,,,,6,,2,,1,,,,,0,,,,,,,,,Y,,,,Y,,Y,Y,,,Y,Y,Y,92,N1,0,N1,Y,,7,Y,19,,2,1,,,,,,,,,,,,27,3,,,,7,,,,,5,3,3,23,,,5,3,,,1,392,,,,,,,,,,,,,,6,,,Y,N1,A2100028,39
2026-07-27 05:03:37,data_go_kr,경기도,A2113246,의료법인양진의료재단평택성모병원,16,20260727050027,070-5012-0119,,,,,,,,,,,,,,,,0,,,1,,2,2,,,,2,2,,,,,,,,Y,,,,Y,,Y,Y,,,Y,Y,N1,49,N1,14,N1,Y,,6,N1,17,,1,2,2,,,,,,,,,,,34,2,3,,,6,,,,,3,3,2,8,,,2,,,,,329,,,,,,,,,,,,,0,,,,Y,N1,A2113246,40
2026-07-27 05:03:37,data_go_kr,경기도,A2100031,경기도의료원포천병원,16,20260727050002,031-539-9119,,Y,,,,,,,,,,,,,,,,,1,,2,,,,,0,,,,,,0,Y,,Y,,,,,,Y,N1,,,N1,Y,N1,50,N1,2,Y,Y,,4,N1,17,,1,2,,,,,,,,,,,,10,0,,,,4,,,3,3,1,1,,7,,2,,,,,,137,,,,,,,,,,,,,,,,,Y,N1,A2100031,41
2026-07-27 05:03:37,data_go_kr,경기도,A2100046,한림대학교동탄성심병원,26,20260727045932,031-8086-2119,Y,Y,3,0,,,,,,10,,,,,,,,9,,2,,,,,1,6,,,,,,7,Y,Y,Y,,,,Y,,Y,Y,5,,Y,Y,Y,163,Y,,Y,Y,12,20,Y,32,9,,,,28,13,13,,,13,,,9,,,11,,,,20,,,11,1,6,3,6,51,8,16,17,5,5,1,1,515,3,0,,,,,,,,,,,,,,,Y,Y,A2100046,42
2026-07-27 05:03:37,data_go_kr,경기도,A2100290,의료법인자인의료재단(더자인병원),16,20260727045945,031-930-3119,,,,,,,,,,,,,,,,,,,2,,2,2,,,,1,1,,,,,,,,Y,,,,Y,,Y,Y,,,Y,Y,N1,81,N1,4,N1,N,,5,N1,16,,2,2,2,,,,,,,,,,,10,2,3,,,5,,,,,2,2,1,15,,,1,,,,,233,,,,,,,,,,,,,,,,,Y,N1,A2100290,43
2026-07-27 05:03:37,data_go_kr,경기도,A2100049,국립암센터,12,20260727050000,031-920-0119,,N,,,,,,,,,,,,,,,,,,,1,,,,,8,,,,,,,,,Y,,,,Y,,Y,Y,,,Y,Y,Y,108,Y,12,N,Y,,18,N1,24,,,1,,,,,,,,,,,,19,9,,,,18,,,,,7,5,3,29,,1,8,2,7,,,554,,,,,,,,,,,,,,,,,Y,N1,A2100049,44
2026-07-27 05:03:37,data_go_kr,경기도,A2116972,의료법인성광의료재단일산차병원,6,20260727045803,031-782-8587,Y,Y,,,,,,,,,,,,,,,,,,,4,,,,,1,,,,,,1,Y,,,,,,,,Y,N1,,,N1,N1,N1,62,N1,4,Y,N1,0,10,N1,6,,,4,,,,17,,,,,,,,4,1,,,,10,,,1,9,,,,4,11,19,,,,,,179,,,,,,,,,,,,,,,,,Y,Y,A2116972,45
2026-07-27 05:03:37,data_go_kr,경기도,A2118188,엘병원,8,20260727050029,031-527-6119,,,,,,,,,,,,,,,,,,,,,2,,,,,0,,,,,,0,,,Y,,,,,,Y,N1,,,N1,Y,N1,56,N1,6,N1,Y,,3,N1,8,,,2,,,,,,,,,,,,8,1,,,,3,,,1,,1,1,,2,,,,,,,,146,,,,,,,,,,,,,,,,,Y,N1,A2118188,46
2026-07-27 05:03:37,data_go_kr,경기도,A2100050,의료법인대인의료재단다니엘종합병원,5,20260727050002,032-670-0119,,,,,,,,,,,,,,,,,,,1,,3,,,,,1,,,,,,,,,Y,,,,,,Y,N1,,,N,Y,N1,32,N1,9,N1,Y,,3,N1,6,,1,3,,,,,,,,,,,,30,1,,,,3,,,,,1,1,,17,,,1,,,,,169,,,,,,,,,,,,,,,,,Y,N1,A2100050,47
2026-07-27 05:03:37,data_go_kr,경기도,A2100258,국군수도병원,15,20260727050013,031-725-6119,,,,,,,,,,,,,,2,6,,,,0,,,,,,,1,,,15,,2,,,,Y,,,,Y,15,Y,Y,,,Y,Y,Y,144,N1,7,N1,Y,,9,N1,16,,2,,,,,,,,,,20,,,12,1,,,40,9,,15,,,3,4,2,2,,,5,2,,,,530,,,,,,,,,,,2,6,,,,,Y,N1,A2100258,48
2026-07-27 05:03:37,data_go_kr,경기도,A2100016,순천의료재단성남정병원,8,20260727045516,031-750-6003,,,,,,,,,,,,0,,,26,,,,2,,,,,,,,,,,,,,,,Y,,,,,,Y,N1,,,N1,Y,N1,76,N1,,N1,Y,,4,N1,9,,2,,,,,,,,,,,,,,,,,,4,,,,,1,1,,1,,,,,,,,98,,,,,,,,,0,,,105,,,,,Y,N1,A2100016,49
2026-07-27 05:03:37,data_go_kr,경기도,A2121061,의료법인덕산의료재단수원덕산병원,24,20260727050004,031-686-2911,N,Y,,,,,,,,,,,,,,,,3,1,,2,2,,,,0,2,,,,,0,Y,,Y,,,,Y,,Y,Y,,,Y,Y,Y,92,N1,4,Y,Y,,9,N1,24,3,1,2,2,,,,,,,,,,,22,3,4,,,9,,,5,5,3,2,2,15,N,2,5,2,,,,403,,,,,,,,,,,,,,,,,Y,N,A2121061,50
2026-07-27 05:03:37,data_go_kr,경기도,A2100032,경기도의료원수원병원,7,20260727050002,031-888-0119,,,,,,,,,,,,,,,,,3,,,,2,,,,,,,,,,,2,,,Y,,,,,,Y,N1,,,N1,Y,N1,41,N1,7,N1,Y,,3,N1,8,,,2,,,,,,,,,,,,9,,,,,3,,,2,,1,1,,9,,,,,,,,156,,,,,,,,,,,,,,3,,,Y,N1,A2100032,51
2026-07-27 05:03:37,data_go_kr,경기도,A2100175,의료법인토마스의료재단윌스기념병원,15,20260727045924,031-240-6119,,,,,,,,,,,,,,,,,,,1,,2,2,,,,0,3,,,,,,Y,,Y,,,,Y,,Y,Y,,,Y,Y,N1,69,N1,7,N1,Y,,10,N1,18,,1,2,2,,,,,,,,,,,18,1,3,,,10,,,,1,1,4,1,1,,,1,,,,,282,,,,,,,,,,,,,,,,,Y,N1,A2100175,52
2026-07-27 05:03:37,data_go_kr,경기도,A2100027,의료법인석경의료재단센트럴병원,18,20260727045942,031-8041-3019,,,,,,,,,,,,,,,,,,,1,,2,,,,,,,,,,,,,,Y,,,,,,Y,N1,,,Y,Y,N1,96,N1,2,N1,Y,,3,N1,18,,1,2,,,,,,,,,,,,20,,,,,3,,,,,2,2,,7,,,2,,,,,255,,,,,,,,,,,,,,,,,Y,N1,A2100027,53
2026-07-27 05:03:37,data_go_kr,경기도,A2100013,의료법인 록향의료재단 신천연합병원,9,20260727050006,031-310-6661,,,,,,,,,,,,,,,,,,,,,1,,,,,0,,,,,,,,,Y,,,,,,Y,N1,,,Y,Y,N1,17,N1,0,N1,Y,,3,N1,10,,,1,,,,,,,,,,,,6,1,,,,3,,,,,1,1,,4,,,1,,,,,112,,,,,,,,,,,,,,,,,Y,N1,A2100013,54
2026-07-27 05:03:37,data_go_kr,경기도,A2100021,의료법인플러스의료재단단원병원,14,20260727050121,031-8040-5911,,,,,,,,,,,,,1,,,,,,1,,2,,,,,1,,,,,,,,,Y,,,,Y,,Y,Y,,,Y,Y,Y,68,N1,5,N1,Y,,5,N1,17,,1,2,,,,,,,,,,,,27,1,,,,5,,,,,1,1,2,8,,,2,1,,,,342,,,,,,,,,,1,,,,,,,Y,N1,A2100021,55
2026-07-27 05:03:37,data_go_kr,경기도,A2100014,근로복지공단안산병원,7,20260727045600,031-500-1119,,,,,,,,,,,,,,,,,,,,,1,,,,,1,,,,,,0,,,Y,,,,,,Y,N1,,,N1,Y,N1,87,N1,11,N1,Y,,3,N1,7,,,1,,,,,,,,,,,,18,1,,,,3,,,2,,1,1,,14,,,,,,,,359,,,,,,,,,,,,,,,,,Y,N1,A2100014,56
2026-07-27 05:03:37,data_go_kr,경기도,A2100124,의료법인칠석의료재단사랑의병원,11,20260727045619,031-502-0119,,,,,,,,,,,,,,,,,,,1,,,,,,,,,,,,,,,,Y,,,,,,Y,N1,,,Y,Y,N1,33,N1,5,N1,Y,,5,N1,13,,1,,,,,,,,,,,,,14,,,,,5,,,,,2,2,,8,,,1,,,,,206,,,,,,,,,,,,,,,,,Y,N1,A2100124,57
2026-07-27 05:03:37,data_go_kr,경기도,A2100045,경기도의료원안성병원,13,20260727050002,031-8046-5119,,,,,,,,,,,,,,,,,,,1,,,,,,,1,,,,,,8,,,Y,,,,,,Y,N1,,,N1,Y,N1,57,N1,3,N1,Y,,5,N1,14,,1,,,,,,,,,,,,,13,2,,,,5,,,8,,1,1,,8,,,,,,,,178,,,,,,,,,,,,,,,,,Y,N1,A2100045,58
2026-07-27 05:03:37,data_go_kr,경기도,A2100305,안성성모병원,9,20260727045927,031-675-8275,,,,,,,,,,,,,,,,,,,,,1,,,,,,,,,,,,,,Y,,,,,,Y,N1,,,N1,Y,N1,86,N1,2,N1,Y,,3,N1,9,,,1,,,,,,,,,,,,20,,,,,3,,,,,1,1,,7,,,,,,,,188,,,,,,,,,,,,,,,,,Y,N1,A2100305,59
2026-07-27 05:03:37,data_go_kr,경기도,A2100089,양평병원,9,20260727050001,031-770-5119,N,N,,,,,,,,,,,,,,,,,,,1,,,,,,,,,,,,N,N,Y,,,,N,,Y,N,,,N,Y,N,22,N,,N,Y,,3,N,9,,,1,,,,,,,,,,,,,,,,,3,,,,0,1,1,0,1,0,0,0,0,0,0,0,90,,,,,,,,,,,,,,,,,Y,N,A2100089,60
2026-07-27 05:03:37,data_go_kr,경기도,A2100194,세종여주병원,4,20260727050014,031-880-7754,,,,3,,,,,,,,,,,,,3,,,,4,,,,,,,,,,,,,,Y,,,,,,Y,N1,,,Y,Y,N1,117,N1,,N1,Y,,2,N1,6,,,4,,,,,,,,,,,,,,,,,2,,,,,1,1,,4,,,2,,,,,210,,3,,,,,,,,,,,,3,,,Y,N1,A2100194,61
2026-07-27 05:03:37,data_go_kr,경기도,E2100187,연천군보건의료원,9,20260727050013,031-839-4119,,,,,,,,,,,,,,,,,,,,,,,,,,,,,,,,,,,Y,,,,,,Y,N1,,,N1,Y,N1,51,N1,,N1,N1,,2,N1,10,,,,,,,,,,,,,,,,,,,,2,,,,,1,,,1,,,,,,,,52,,,,,,,,,,,,,,,,,Y,N1,E2100187,62
2026-07-27 05:03:37,data_go_kr,경기도,A2100122,(의)효심의료재단용인서울병원,10,20260727045835,031-336-0119,,,,,,,,,,,,,,,,,,,,,,,,,,,,,,,,,,,Y,,,,,,Y,N1,,,N1,Y,N1,150,N1,,N1,Y,,3,N1,10,,,,,,,,,,,,,,,,,,,,3,,,,,1,1,,1,,,,,,,,201,,,,,,,,,,,,,,,,,Y,N1,A2100122,63
2026-07-27 05:03:37,data_go_kr,경기도,A2121142,메디필드한강병원,15,20260727045619,031-332-1119,,,,,,,,,,,,,,,,,,,1,,2,,,,,1,,,,,,1,,,Y,,,,Y,,Y,Y,,,Y,Y,N1,151,N1,8,N1,Y,,6,N1,17,,1,2,,,,,,,,,,,,15,1,,,,6,,,1,,3,2,1,13,,,2,,,,,192,,,,,,,,,,,,,,,,,Y,N1,A2121142,64
2026-07-27 05:03:37,data_go_kr,경기도,A2100034,의료법인영동의료재단의정부백병원,9,20260727045808,031-842-1211,,,,,,,,,,,,,,,,,,,,,2,,,,,,,,,,,,,,Y,,,,,,Y,N1,,,N1,Y,N1,100,N1,0,N1,Y,,3,N1,10,,,2,,,,,,,,,,,,9,,,,,3,,,,,1,1,,1,,,,,,,,192,,,,,,,,,,,,,,,,,Y,N1,A2100034,65
2026-07-27 05:03:37,data_go_kr,경기도,A2100150,추병원,12,20260727045616,031-845-8313,,,,,,,,,,,,,,,,,,,1,,1,,,,,,,,,,,,,,Y,,,,Y,,Y,Y,,,N1,Y,N1,52,N1,2,N1,N,,3,N1,12,,1,1,,,,,,,,,,,,15,,,,,3,,,,,2,1,1,1,,,,,,,,210,,,,,,,,,,,,,,,,,Y,N1,A2100150,66
2026-07-27 05:03:37,data_go_kr,경기도,A2100043,경기도의료원의정부병원,10,20260727050002,031-828-5119,,,,,,,,,,,,,,,,0,,,1,,,,,,,,,,,,31,3,,,Y,,,,,,Y,N1,,,N1,Y,N1,34,N1,3,N1,Y,,3,N1,10,,1,,,,,,,,,,,,,6,,,,,3,,70,5,,1,1,,8,,,,,,,,86,,,,,,,,,,,,,0,,,,Y,N1,A2100043,67
2026-07-27 05:03:37,data_go_kr,경기도,A2100131,메디인병원,12,20260727050034,031-570-7912,,,,,,,,,,,,,,,,,,,,,2,,,,,,,,,,,,,,Y,,,,Y,,Y,Y,,,N1,Y,N1,63,N1,,N1,Y,,4,N1,12,,,2,,,,,,,,,,,,,,,,,4,,,,,1,1,1,2,,,,,,,,206,,,,,,,,,,,,,,,,,Y,N1,A2100131,68
2026-07-27 05:03:37,data_go_kr,경기도,A2100309,의료법인갈렌의료재단박병원,10,20260727050001,031-662-4119,,,,,,,,,,,,,,,,,,,,,1,,,,,,,,,,,,,,Y,,,,,,Y,N1,,,N1,Y,N1,31,N1,2,N1,Y,,2,N1,10,,,1,,,,,,,,,,,,10,,,,,2,,,,,1,2,,3,,,,,,,,143,,,,,,,,,,,,,,,,,Y,N1,A2100309,69
2026-07-27 05:03:37,data_go_kr,경기도,A2100022,의료법인박애의료재단박애병원,10,20260727045847,031-650-9219,,,,,,,,,,,,,,,,,,,,,1,,,,,,,,,,,,,,Y,,,,,,Y,N1,,,Y,Y,N1,110,N1,5,N1,Y,,5,N1,10,,,1,,,,,,,,,,,,10,,,,,5,,,,,2,1,,20,,,2,,,,,193,,,,,,,,,,,,,,,,,Y,N1,A2100022,70
2026-07-27 05:03:37,data_go_kr,경기도,A2100036,의료법인 일심의료재단 포천우리병원,18,20260727050001,031-541-8282,,,,,,,,,,,,,,,,,,,1,,3,,,,,2,,,,,,2,,,Y,,,,Y,,Y,Y,,,Y,Y,N1,61,N1,5,N1,Y,,5,N1,18,,1,3,,,,,,,,,,,,18,2,,,,5,,,2,,2,2,1,14,,,3,,,,,201,,,,,,,,,,,,,,,,,Y,N1,A2100036,71
2026-07-27 05:03:37,data_go_kr,경기도,A2100018,의료법인은혜와감사의료재단화성중앙종합병원,9,20260727045632,031-371-7998,,,,,,,,,,,,,,,,,,,,,1,,,,,,,,,,,,,,Y,,,,,,Y,N1,,,N1,Y,N1,77,N1,4,N1,Y,,3,N1,9,,,1,,,,,,,,,,,,8,,,,,3,,,,,1,1,,3,,,,,,,,131,,,,,,,,,,,,,,,,,Y,N1,A2100018,72
2026-07-27 05:03:37,data_go_kr,경기도,A2115699,의료법인원광의료재단원광종합병원,9,20260727045521,031-8077-7219,,,,,,,,,,,,,,,,,,,1,,,,,,,,,,,,,,,,Y,,,,,,Y,N1,,,N1,Y,N1,22,N1,-2,N1,Y,,4,N1,9,,1,,,,,,,,,,,,,9,,,,,4,,,,,1,2,,4,,,,,,,,135,,,,,,,,,,,,,,,,,Y,N1,A2115699,73
2026-07-27 05:03:37,data_go_kr,강원특별자치도,A2200008,강릉아산병원,19,20260727045815,033-610-3333,Y,Y,,,,,0,2,,0,,,,,,,,3,2,2,3,0,,,,,3,,,,,,Y,,Y,,,,Y,,Y,Y,,,Y,Y,Y,82,Y,,Y,Y,6,15,Y,23,3,2,3,18,14,16,13,,,,,,,,,,38,,,15,,,,2,4,3,4,33,8,12,8,5,1,,2,604,,,,,1,6,,,,,,,,,,,Y,Y,A2200008,1
2026-07-27 05:03:37,data_go_kr,강원특별자치도,A2200001,연세대학교원주세브란스기독병원,23,20260727045502,033-741-1641,Y,Y,3,20,,,0,,,2,,,,,,,,3,2,6,3,1,,,,,13,,9,2,5,,Y,,Y,3,2,6,Y,4,Y,Y,,,Y,Y,Y,134,Y,,Y,Y,7,14,Y,29,3,2,3,20,15,12,19,,,,15,20,,,,,30,,40,15,2,24,,2,5,4,7,100,12,25,16,7,13,,4,584,4,36,,,2,,,,,,,,,,2,6,Y,Y,A2200001,2
2026-07-27 05:03:37,data_go_kr,강원특별자치도,A2200013,한림대학교춘천성심병원,18,20260727045719,033-240-5219,Y,Y,2,3,,,,0,,,,,,,,,,3,,,,2,,,,0,23,,,,,1,Y,Y,Y,,,,Y,,Y,Y,2,,Y,Y,Y,86,Y,6,Y,Y,,9,Y,22,3,,,20,,,,,,8,,,,,20,2,45,,,9,,,2,1,2,2,3,33,1,4,6,2,1,1,1,252,2,3,,,,2,,,,,,,,,,,Y,Y,A2200013,3
2026-07-27 05:03:37,data_go_kr,강원특별자치도,A2200005,의료법인강릉동인병원,17,20260727045949,,,,,,,,,,,1,,,,,,,,,1,,2,,,,,2,,,,,9,,,,Y,,,,Y,,Y,Y,,,Y,Y,N1,69,N1,1,N1,Y,,5,N1,17,,1,2,,12,,,,,,,,,,12,2,,,,5,,101,,,2,1,1,14,,,1,,,,,248,,,,,,,,,,,,,,,,,Y,N1,A2200005,4
2026-07-27 05:03:37,data_go_kr,강원특별자치도,A2200007,강원특별자치도삼척의료원,16,20260727045501,033-571-0431,,Y,,,,,,,,,,,,,,,,1,2,,1,0,,,,0,3,,,,,6,Y,,Y,,,,,,Y,N1,,,Y,Y,N1,57,N1,0,Y,Y,,4,N1,16,1,2,1,2,,,,,,,,,,,6,2,3,,,4,,,10,1,1,1,,3,,3,1,,,,,189,,,,,,,,,,,,,,,,,Y,N1,A2200007,5
2026-07-27 05:03:37,data_go_kr,강원특별자치도,A2200012,강원특별자치도속초의료원,17,20260727050001,,Y,Y,,,,,,,,,,,,,,,,,2,,1,,,,,,,,,,,,Y,,Y,,,,,,Y,N1,,,N1,Y,N1,64,N1,0,Y,Y,,3,N1,17,,2,1,,,,,,,,,,,,8,,,,,3,,,,2,1,1,,7,1,1,,,,,,154,,,,,,,,,,,,,,,,,Y,Y,A2200012,6
2026-07-27 05:03:37,data_go_kr,강원특별자치도,A2200009,강원대학교병원,13,20260727050000,033-258-2293,Y,Y,,,,,0,,,3,,,,,,,,3,2,,3,1,4,,4,1,,,,,3,10,Y,,Y,2,,,Y,,Y,Y,,,Y,Y,Y,269,Y,,Y,Y,1,11,N1,21,3,2,3,5,10,,15,8,,,8,,8,,,2,,,,11,,16,14,3,4,2,4,43,13,24,12,3,10,,,508,,,,,0,,,,,,,,,,,,Y,Y,A2200009,7
2026-07-27 05:03:37,data_go_kr,강원특별자치도,A2200011,강원특별자치도강릉의료원,1,20260727050001,033-610-1234,,,,,,,,,,,,,,,,20,,,,,1,,,,,,,,,,,5,,,Y,,,,,,Y,N1,,,N1,Y,N1,16,N1,0,N1,Y,,2,N1,5,,,1,,,,,,,,,,,,8,,,,,2,,,5,,1,1,,4,,,,,,,,122,,,,,,,,,,,,,20,,,,Y,N1,A2200011,8
2026-07-27 05:03:37,data_go_kr,강원특별자치도,A2200003,의료법인동해동인병원,9,20260727050014,033-530-0129,,,,,,,,,,,,,,,,,,,,,1,,,,,1,,,,,57,,,,Y,,,,,,Y,N1,,,N1,Y,N1,33,N1,9,N1,Y,,2,N1,10,,,1,,,,,,,,,,,,19,1,,,,2,,110,,,1,1,,7,,,,,,,,178,,,,,,,,,,,,,,,,,Y,N1,A2200003,9
2026-07-27 05:03:37,data_go_kr,강원특별자치도,A2200046,의료법인온세움의료재단온재병원,6,20260727050033,033-639-8988,,,,,,,,,,,,,,,,,,,,,1,,,,,,,,,,29,,,,Y,,,,,,Y,N1,,,N1,Y,N1,21,N1,0,N1,Y,,4,N1,9,,,1,,,,,,,,,,,,15,,,,,4,,59,,,1,1,,5,,,,,,,,219,,,,,,,,,,,,,,,,,Y,N1,A2200046,10
2026-07-27 05:03:37,data_go_kr,강원특별자치도,A2200037,의료법인성심의료재단양구성심병원,4,20260727050006,033-480-8816,,Y,,,,,,,,,,,,,,,,,1,,,,,,,,,,,,,,Y,,Y,,,,,,Y,N1,,,N1,Y,N1,40,N1,,Y,N1,,,N1,5,,1,,,,,,,,,,,,,,,,,,,,,,1,1,,,1,,1,,,,,,52,,,,,,,,,,,,,,,,,Y,N1,A2200037,11
2026-07-27 05:03:37,data_go_kr,강원특별자치도,A2200002,강원특별자치도영월의료원,8,20260727050001,033-370-9129,,Y,,,,,,,,,,,,,,,1,,,,,,,,,0,,,,,,2,Y,,Y,,,,,,Y,N1,,,N1,Y,N1,42,N1,0,Y,Y,,2,N1,9,,,,,,,,,,,,,,,10,2,,,,2,,,2,1,1,1,,7,,3,,,,,,174,,,,,,,,,,,,,,1,,,Y,N1,A2200002,12
2026-07-27 05:03:37,data_go_kr,강원특별자치도,A2200015,강원특별자치도원주의료원,13,20260727050002,033-760-4701,,,,,,,,,,,,,,,,,,,1,,2,,,,,,,,,,,,,,Y,,,,,,Y,N1,,,N1,Y,N1,53,N1,0,N1,Y,,3,N1,17,,1,2,,,,,,,,,,,,20,,,,,3,,,,,1,1,,7,,,,,,,,259,,,,,,,,,,,,,,,,,Y,N1,A2200015,13
2026-07-27 05:03:37,data_go_kr,강원특별자치도,A2200024,의료법인성지의료재단성지병원,3,20260727045557,033-760-3119,,,,,,,,,,,,,,,,13,,,,,1,,,,,,,,,,,,,,Y,,,,,,Y,N1,,,N1,Y,N1,-81,N1,9,N1,Y,,4,N1,7,,,1,,,,,,,,,,,,9,,,,,4,,,,,1,2,,4,,,,,,,,135,,,,,,,,,,,,,13,,,,Y,N1,A2200024,14
2026-07-27 05:03:37,data_go_kr,강원특별자치도,A2200048,근로복지공단정선병원,5,20260727045600,033-560-7150,,,,,,,,,,,,,,,,,,,,,1,,,,,,,,,,,,,,Y,,,,,,Y,N1,,,N1,Y,N1,46,N1,,N1,N1,,,N1,5,,,1,,,,,,,,,,,,,,,,,,,,,,1,,,3,,,,,,,,149,,,,,,,,,,,,,,,,,Y,N1,A2200048,15
2026-07-27 05:03:37,data_go_kr,강원특별자치도,A2201730,철원병원,4,20260727050001,033-452-5012,N,Y,,,,,,,,,,,,,,,,,1,,,,,,,,,,,,,,Y,N,Y,,,,N,,Y,N,,,N,Y,N,33,N,,Y,Y,,2,N,5,,1,,,,,,,,,,,,,,,,,,2,,,,1,1,1,0,1,0,1,0,0,0,0,0,68,,,,,,,,,,,,,,,,,Y,N,A2201730,16
2026-07-27 05:03:37,data_go_kr,강원특별자치도,A2200004,근로복지공단태백병원,8,20260727045900,033-580-3119,,,,,,,,,,,,,,,,,,,1,,,,,,,1,,,,,,,Y,,Y,,,,,,Y,N1,,,N1,Y,N1,65,N1,3,N1,Y,,2,N1,9,,1,,,,,,,,,,,,,9,1,,,,2,,,,1,1,1,,8,,,,,,,,223,,,,,,,,,,,,,,,,,Y,N1,A2200004,17
2026-07-27 05:03:37,data_go_kr,강원특별자치도,E2200026,평창군보건의료원,6,20260727050002,033-330-4812,,,,,,,,,,,,,,,,,,,,,1,,,,,,,,,,,,,,Y,,,,,,Y,N1,,,N1,Y,N1,20,N1,,N1,N1,,,N1,6,,,1,,,,,,,,,,,,,,,,,,,,,,1,,,1,,,,,,,,20,,,,,,,,,,,,,,,,,Y,N1,E2200026,18
2026-07-27 05:03:37,data_go_kr,강원특별자치도,A2200014,홍천아산병원,8,20260727045500,033-430-5119,,,,,,,,,,,,,,,,,,,,,,,,,,,,,,,,,,,Y,,,,,,Y,N1,,,N1,Y,N1,2,N1,0,N1,Y,,2,N1,10,,,,,,,,,,,,,,,7,,,,,2,,,,,1,1,,4,,,,,,,,128,,,,,,,,,,,,,,,,,Y,N1,A2200014,19
2026-07-27 05:03:37,data_go_kr,강원특별자치도,E2200025,화천군보건의료원,7,20260727050002,033-440-2880,,,,,,,,,,,,,,,,,,,,,1,,,,,,,,,,,,,,,,,,,,Y,N1,,,N1,N1,N1,16,N1,,N1,N1,,,N1,7,,,1,,,,,,,,,,,,,,,,,,,,,,,,,1,,,,,,,,16,,,,,,,,,,,,,,,,,Y,N1,E2200025,20
2026-07-27 05:03:37,data_go_kr,강원특별자치도,A2200016,횡성대성병원,9,20260727045950,033-345-1191,,,,,,,,,,,,,,,,,,,,,1,,,,,,,,,,,,,,Y,,,,,,Y,N1,,,N1,Y,N1,25,N1,,N1,Y,,1,N1,9,,,1,,,,,,,,,,,,,,,,,1,,,,,1,1,,1,,,,,,,,114,,,,,,,,,,,,,,,,,Y,N1,A2200016,21
2026-07-27 05:03:37,data_go_kr,충청북도,A2300001,충북대학교병원,26,20260727050000,043-269-6114,Y,Y,2,3,,,,0,,0,,,,,,,,7,,,,2,,,,1,32,,10,2,4,12,Y,,Y,,2,6,Y,15,Y,Y,2,,Y,Y,Y,231,Y,7,Y,Y,14,16,N1,30,8,,,18,8,,25,,,4,,20,,,17,5,40,,40,16,2,21,13,2,4,4,6,98,13,31,18,10,17,,,547,2,3,,,,2,,,,,,,,,2,6,Y,Y,A2300001,1
2026-07-27 05:03:37,data_go_kr,충청북도,A2300009,의료법인명지의료재단명지병원,15,20260727050027,043-640-8117,,,,,,,,,,,,,,,,,,3,2,,4,2,,,,3,,,,,,,,,Y,,,,Y,,Y,Y,,,Y,Y,Y,69,N1,4,N1,Y,,3,N1,18,3,2,4,2,,,,,,,,,,,15,3,,,,3,,,,,2,1,1,10,,,2,1,,,,201,,,,,,,,,,,,,,,,,Y,N1,A2300009,2
2026-07-27 05:03:37,data_go_kr,충청북도,A2300005,의료법인자산의료재단제천서울병원,15,20260727045554,043-643-2327,,,,,,,,,,,,,,,,,,,1,,4,,,,,,2,,,,,,,,Y,,,,,,Y,N1,,,Y,Y,N1,22,N1,0,N1,Y,,3,Y,15,,1,4,,,,,,,,,,,,11,,5,,,3,,,,,1,1,,10,,,1,,,,1,202,,,,,,,,,,,,,,,,,Y,N1,A2300005,3
2026-07-27 05:03:37,data_go_kr,충청북도,A2300013,의료법인 건명의료재단 중앙제일병원,15,20260727045601,043-537-9119,,,,,,,,,,,,,,,,,,,3,,,,,,,2,,,,,,31,,,Y,,,,,,Y,N1,,,Y,Y,N1,51,N1,4,N1,Y,,5,N1,17,,3,,,,,,,,,,,,,12,6,,,,5,,,31,,2,2,,6,,,1,,,,,192,,,,,,,,,,,,,,,,,Y,N1,A2300013,4
2026-07-27 05:03:37,data_go_kr,충청북도,A2300007,의료법인인화재단한국병원,13,20260727045744,043-222-6177,,Y,,,,,,,,,,,,,,,3,,1,,2,,,,,1,,,,,,1,Y,,Y,,,,Y,,Y,Y,,,Y,Y,N1,55,N1,0,Y,Y,,8,N1,14,,1,2,,,,,,,,,,,,24,1,,,,8,,,1,1,3,3,2,18,,1,3,,,,,403,,,,,,,,,,,,,,3,,,Y,N1,A2300007,5
2026-07-27 05:03:37,data_go_kr,충청북도,A2300003,의료법인정산의료재단효성병원,17,20260727045605,043-221-2192,,N,,,,,,,,,,,,,,,,,1,,4,0,,,,0,1,,,,,,Y,,Y,,,,Y,,Y,Y,,,Y,Y,N1,65,N1,0,N,Y,,4,Y,18,,1,4,2,,,,,,,,,,,27,2,3,,,4,,,,1,3,4,2,19,,1,2,,,,1,363,,,,,,,,,,,,,,,,,Y,N1,A2300003,6
2026-07-27 05:03:37,data_go_kr,충청북도,A2300008,청주성모병원,11,20260727050009,043-219-8119,,Y,,,,,,,,3,,,,,,,,,2,6,5,2,,,,1,4,,,,,7,Y,,Y,,,,Y,,Y,Y,,,Y,Y,N1,110,N1,,Y,Y,,8,N1,15,,2,5,2,13,12,,,,,,,,,,1,4,,,8,,,30,1,3,2,2,19,,2,2,,,,,358,,,,,,,,,,,,,,,,,Y,N1,A2300008,7
2026-07-27 05:03:37,data_go_kr,충청북도,A2300002,의료법인한마음의료재단하나병원,8,20260727045621,043-230-6594,,,,,,,,,,,,,,,,,9,,1,,2,,,,,1,,,,,,,,,Y,,,,Y,,Y,Y,,,Y,Y,N1,126,N1,2,N1,Y,,7,Y,11,,1,2,,,,,,,,,,,,24,2,,,,7,,,,,3,3,2,20,,,4,,,,1,463,,,,,,,,,,,,,,9,,,Y,N1,A2300002,8
2026-07-27 05:03:37,data_go_kr,충청북도,A2300010,건국대학교충주병원,19,20260727050001,043-840-8330,Y,Y,,,,,,,,,,,,,,,,,1,,2,,,,,,,,,,,0,Y,,Y,,,,Y,,Y,Y,,,Y,Y,Y,78,N1,5,Y,Y,,5,N1,20,,1,2,,,,,,,,,,,,18,,,,,5,,,1,1,2,1,2,11,1,4,3,1,,,,194,,,,,,,,,,,,,,,,,Y,Y,A2300010,9
2026-07-27 05:03:37,data_go_kr,충청북도,A2300034,의료법인대광의료재단괴산성모병원,9,20260727045751,043-830-5419,,,,,,,,,,,,,,,,,,,,,0,,,,,,,,,,,,,,Y,,,,,,Y,N1,,,N1,Y,N1,4,N1,,N1,Y,,1,N1,9,,,1,,,,,,,,,,,,,,,,,1,,,,,1,1,,3,,,,,,,,153,,,,,,,,,,,,,,,,,Y,N1,A2300034,10
2026-07-27 05:03:37,data_go_kr,충청북도,E2300011,단양군보건의료원,6,20260727050002,043-420-0139,,,,,,,,,,,,,,,,,,,1,,,,,,,,,,,,,2,,,Y,,,,,,Y,N1,,,N1,Y,N1,13,N1,,N1,N1,,,N1,6,,1,,,,,,,,,,,,,,,,,,,,,2,,1,,,1,,,,,,,,14,,,,,,,,,,,,,,,,,Y,N1,E2300011,11
2026-07-27 05:03:37,data_go_kr,충청북도,A2300030,의료법인조윤의료재단영동병원,9,20260727045502,043-740-9333,,Y,,,,,,,,,,,,,,,,,,,,,,,,,,,,,,,Y,,Y,,,,,,Y,N1,,,N1,Y,N1,28,N1,,Y,Y,,2,N1,10,,,,,,,,,,,,,,,,,,,,2,,,,1,1,1,,3,,1,,,,,,161,,,,,,,,,,,,,,,,,Y,N1,A2300030,12
2026-07-27 05:03:37,data_go_kr,충청북도,A2300011,의료법인힐링의료재단옥천성모병원,7,20260727045916,043-730-7119,,,,,,,,,,,,,,,,,,,2,,1,,,,,,,,,,,,,,Y,,,,,,Y,N1,,,N1,Y,N1,15,N1,0,N1,Y,,2,N1,7,,2,1,,,,,,,,,,,,7,,,,,2,,,,,1,1,,4,,,,,,,,157,,,,,,,,,,,,,,,,,Y,N1,A2300011,13
2026-07-27 05:03:37,data_go_kr,충청북도,A2300006,충청북도청주의료원,12,20260727050002,043-279-0119,,Y,,,,,,,,,,,,,,,3,,1,,,,,,,2,,,,,90,6,Y,,Y,,,,Y,,Y,Y,,,Y,Y,N1,151,N1,18,Y,Y,,5,N1,12,,1,,,,,,,,,,,,,21,3,,,,5,,90,6,1,1,2,1,11,,1,1,,,,,359,,,,,,,,,,,,,,3,,,Y,N1,A2300006,14
2026-07-27 05:03:37,data_go_kr,충청북도,A2300004,충청북도충주의료원,16,20260727050002,043-871-0119,,,,,,,,,,,,,,,,,,,1,,2,,,,,,,,,,,,,,Y,,,,Y,,Y,Y,,,Y,Y,N1,131,N1,3,N1,Y,,4,N1,18,,1,2,,,,,,,,,,,,12,,,,,4,,,,,1,1,1,8,,,1,,,,,282,,,,,,,,,,,,,,,,,Y,N1,A2300004,15
2026-07-27 05:03:37,data_go_kr,충청남도,A2400002,단국대학교의과대학부속병원,14,20260727050000,041-550-6840,Y,Y,2,2,,,,0,,,,,,3,,,,4,,0,0,0,,,,0,14,,2,2,10,0,Y,,Y,0,2,6,Y,1,Y,Y,,,Y,Y,Y,155,Y,,Y,Y,-2,13,Y,25,4,,1,18,,13,25,,,,13,20,,,,1,30,,40,13,2,20,8,3,4,3,6,6,14,29,15,7,17,,1,640,2,2,,,,2,,,,,7,,,,2,6,Y,Y,A2400002,1
2026-07-27 05:03:37,data_go_kr,충청남도,A2400001,학교법인동은학원순천향대학교부속천안병원,17,20260727045622,041-590-7019,Y,Y,,,1,3,1,,,10,,,,,,,,14,4,9,3,5,,2,,4,10,4,,,,3,Y,Y,Y,,,,Y,,Y,Y,,,Y,Y,Y,137,Y,,Y,Y,1,19,Y,22,14,4,3,17,18,15,38,,2,,,,,,,6,30,6,,19,,,14,11,6,4,6,60,16,37,6,6,10,1,1,713,,,1,3,1,,,,,,,,,,,,Y,Y,A2400001,2
2026-07-27 05:03:37,data_go_kr,충청남도,A2400009,의료법인백제병원,15,20260727045829,041-730-8882,,,,,,,,,,,,,,,,,,,1,,2,,,,,,,,,,19,,,,Y,,,,Y,,Y,Y,,,Y,Y,N1,12,N1,-3,N1,Y,,4,N1,20,,1,2,,,,,,,,,,,,26,,,,,4,,49,,,2,2,1,11,,,3,,,,,398,,,,,,,,,,,,,,,,,Y,N1,A2400009,3
2026-07-27 05:03:37,data_go_kr,충청남도,A2400008,당진종합병원,15,20260727050024,041-358-3624,,,,,,,,,,,,,,,,,,,1,,2,,,,,,,,,,,,,,Y,,,,Y,,Y,Y,,,Y,Y,N1,80,N1,0,N1,Y,,4,N1,17,,1,2,,,,,,,,,,,,13,,,,,4,,,,,2,2,1,5,,,1,,,,,246,,,,,,,,,,,,,,,,,Y,N1,A2400008,4
2026-07-27 05:03:37,data_go_kr,충청남도,A2400011,재단법인아산사회복지재단보령아산병원,16,20260727045501,041-930-5333,,,,,,,,,,,,,,,,,,,1,,2,,,,,,,,,,,,,,Y,,,,,,Y,N1,,,N1,Y,N1,68,N1,3,N1,Y,,2,N1,17,,1,2,,,,,,,,,,,,8,,,,,2,,,,,1,1,,4,,,,,,,,221,,,,,,,,,,,,,,,,,Y,N1,A2400011,5
2026-07-27 05:03:37,data_go_kr,충청남도,A2400003,서산중앙병원,16,20260727045504,041-661-1195,,,,,,,,,,,,,,,,,,,1,,2,,,,,,,,,,,,,,Y,,,,,,Y,N1,,,Y,Y,N1,37,N1,3,N1,Y,,4,N1,17,,1,2,,,,,,,,,,,,17,,,,,4,,,,,1,1,,7,,,1,,,,,288,,,,,,,,,,,,,,,,,Y,N1,A2400003,6
2026-07-27 05:03:37,data_go_kr,충청남도,A2400006,충청남도서산의료원,10,20260727045601,041-689-7119,,,,,,,,,,,,,,,,,,,1,,2,0,,,,,1,,,,,5,,,Y,,,,,,Y,N1,,,N1,Y,N1,20,N1,0,N1,Y,,3,N1,17,,1,2,2,,,,,,,,,,,8,,4,,,3,,,5,,2,1,,10,,,,,,,,259,,,,,,,,,,,,,,,,,Y,N1,A2400006,7
2026-07-27 05:03:37,data_go_kr,충청남도,A2402257,아산충무병원,13,20260727045738,041-536-6519,,,1,7,,,,,,,,,,5,,,,,,,,,,,,1,,,,,,,Y,,Y,,,,Y,,Y,Y,,,Y,Y,Y,145,Y,10,N1,Y,,4,N1,13,,,,,,,,,,,,,,,22,2,,,,4,,,,1,2,2,3,27,,,4,2,1,,,456,1,7,,,,,,,,,5,,,,,,Y,N1,A2402257,8
2026-07-27 05:03:37,data_go_kr,충청남도,A2400012,의료법인영서의료재단천안충무병원,11,20260727045545,041-570-7519,,,,,,,,,,,,,,,,,,,1,,4,,,,,0,,,,,,,,,Y,0,,,Y,,Y,Y,,,Y,Y,Y,40,N1,0,N1,Y,,5,N1,16,,1,4,,,,,,,,7,,,,19,3,,,,5,,,,,2,2,3,26,,,3,3,,,,333,,,,,,,,,,,,,,,,,Y,N1,A2400012,9
2026-07-27 05:03:37,data_go_kr,충청남도,A2400007,충청남도홍성의료원,16,20260727050002,041-630-6119,,,,,,,,,,,,,,,,,,1,1,,2,2,,,,1,3,,,,3,1,Y,,Y,,,,N,,Y,N,,,Y,Y,N1,79,N1,4,N1,Y,,4,N,18,1,1,2,2,,,,,,,,,,,22,1,3,,,4,,49,1,1,2,2,1,10,,,1,,,,2,260,,,,,,,,,,,,,,,,,Y,N1,A2400007,10
2026-07-27 05:03:37,data_go_kr,충청남도,A2400010,충청남도공주의료원,15,20260727050001,041-962-1365,,,,,,,,,,,,,,,,,,,,,1,,,,,,,,,,,5,,,Y,,,,,,Y,N1,,,Y,Y,N1,54,N1,3,N1,Y,,6,N1,15,,,1,,,,,,,,,,,,16,,,,,6,,,6,,1,1,,9,,,2,,,,,273,,,,,,,,,,,,,,,,,Y,N1,A2400010,11
2026-07-27 05:03:37,data_go_kr,충청남도,A2400038,학교법인건양교육재단건양대학교부여병원,8,20260727045852,041-837-1201,,,,,,,,,,,,,,,,,,,,,1,,,,,,,,,,,,,,Y,,,,,,Y,N1,,,N1,Y,N1,17,N1,,N1,N1,,1,N1,9,,,1,,,,,,,,,,,,,,,,,1,,,,,1,,,1,,,,,,,,55,,,,,,,,,,,,,,,,,Y,N1,A2400038,12
2026-07-27 05:03:37,data_go_kr,충청남도,A2400044,의료법인 서해병원,4,20260727045817,041-950-0219,,,,,,,,,,,,,,,,,,,,,2,,,,,,,,,,,,,,Y,,,,,,Y,N1,,,N1,Y,N1,18,N1,,N1,N1,,,N1,5,,,2,,,,,,,,,,,,,,,,,,,,,,1,,,1,,,,,,,,79,,,,,,,,,,,,,,,,,Y,N1,A2400044,13
2026-07-27 05:03:37,data_go_kr,충청남도,A2400039,현대병원,9,20260727050001,041-546-7744,N,N,,,,,,,,,,,,,,,,,,,1,,,,,,,,,,,,N,N,Y,0,,,N,,Y,N,,,N,Y,N,2,N,2,N,Y,,3,N,10,,,1,,,,,,,,0,,,,7,,,,,3,,,,0,1,1,0,3,0,0,0,0,0,0,0,84,,,,,,,,,,,,,,,,,Y,N,A2400039,14
2026-07-27 05:03:37,data_go_kr,충청남도,A2400004,의료법인 예당의료재단 예산종합병원,5,20260727045928,041-330-4119,,,,,,,,,,,,,,,,,,,,,1,,,,,,,,,,,,,,Y,,,,,,Y,N1,,,N1,Y,N1,0,N1,1,N1,Y,,0,N1,6,,,1,,,,,,,,,,,,9,,,,,0,,,,,0,0,,0,,,,,,,,88,,,,,,,,,,,,,,,,,Y,N1,A2400004,15
2026-07-27 05:03:37,data_go_kr,충청남도,A2400005,충청남도천안의료원,11,20260727050001,041-570-7119,,,,,,,,,,,,,,,,6,,,,,1,,,,,,,,,,,,,,Y,,,,,,Y,N1,,,N1,Y,N1,64,N1,6,N1,Y,,4,N1,12,,,1,,,,,,,,,,,,15,,,,,4,,,,,1,1,,10,,,,,,,,241,,,,,,,,,,,,,6,,,,Y,N1,A2400005,16
2026-07-27 05:03:37,data_go_kr,충청남도,E2400032,청양군보건의료원,6,20260727050002,041-940-4951,,,,,,,,,,,,,,,,,,,,,1,,,,,,,,,,,,,,Y,,,,,,Y,N1,,,N1,Y,N1,12,N1,,N1,N1,,1,N1,6,,,1,,,,,,,,,,,,,,,,,1,,,,,1,,,1,,,,,,,,12,,,,,,,,,,,,,,,,,Y,N1,E2400032,17
2026-07-27 05:03:37,data_go_kr,충청남도,E2400033,태안군보건의료원,10,20260727050002,041-671-5319,,,,,,,,,,,,,,,,,,,,,1,,,,,,,,,,,,,,Y,,,,,,Y,N1,,,N1,Y,N1,22,N1,,N1,N1,,,N1,10,,,1,,,,,,,,,,,,,,,,,,,,,,1,,,1,,,,,,,,34,,,,,,,,,,,,,,,,,Y,N1,E2400033,18
2026-07-27 05:03:37,data_go_kr,전북특별자치도,A2500001,원광대학교병원,12,20260727050022,063-859-1165,Y,Y,2,1,,,,2,,1,,,,,,,,3,,3,,6,,,4,1,17,,14,2,3,1,Y,,Y,,2,6,Y,8,Y,Y,,,Y,Y,Y,134,Y,5,Y,Y,2,15,Y,26,3,,,18,8,15,15,,,,,20,8,,15,7,31,,40,15,2,30,2,1,5,4,5,11,12,20,8,4,1,,2,543,2,3,,,,2,,,,,,,,,2,6,Y,Y,A2500001,1
2026-07-27 05:03:37,data_go_kr,전북특별자치도,A2500002,전북대학교병원,26,20260727045558,063-250-1131,Y,Y,2,5,,,2,1,,1,,,,,,,,5,,3,,3,6,,4,1,6,,,,2,15,Y,,Y,6,,,Y,,Y,Y,,,Y,Y,Y,315,Y,,Y,Y,22,21,N1,36,5,,,17,10,8,25,10,,,18,,11,,,2,30,,,21,,23,15,3,1,2,5,11,15,22,4,2,1,,,834,2,5,,,2,1,,,,,,,,,,,Y,Y,A2500002,2
2026-07-27 05:03:37,data_go_kr,전북특별자치도,A2500007,전북특별자치도군산의료원,14,20260727045702,063-472-5130,,Y,,,,,,,,,,,,,,,,,1,,2,1,,,,2,3,,,,,,Y,,Y,,,,,,Y,N1,,,N1,Y,N1,86,N1,9,Y,Y,,6,N1,17,,1,2,2,,,,,,,,,,,18,2,3,,,6,,,,1,1,1,,18,,2,,,,,,289,,,,,,,,,,,,,,,,,Y,N1,A2500007,3
2026-07-27 05:03:37,data_go_kr,전북특별자치도,A2500012,의료법인오성의료재단동군산병원,14,20260727050032,063-440-0516,,,,,,,,,,,,,,,,0,,,1,,5,0,,,,,1,,,,,,,,Y,,,,Y,,Y,Y,,,Y,Y,N1,17,N1,4,N1,Y,,6,N1,17,,1,5,2,,,,,,,,,,,24,,3,,,6,,,,,2,2,2,13,,,2,,,,,262,,,,,,,,,,,,,0,,,,Y,N1,A2500012,4
2026-07-27 05:03:37,data_go_kr,전북특별자치도,A2500004,전북특별자치도남원의료원,17,20260727050002,063-620-1119,,Y,,,,,,,,,,,,,,,,,0,,2,,,,,1,,,,,,,Y,,Y,,,,,,Y,N1,,,N1,Y,N1,34,N1,4,Y,Y,,3,N1,17,,1,2,,,,,,,,,,,,9,1,,,,3,,,,3,2,1,,10,,1,,,,,,190,,,,,,,,,,,,,,,,,Y,N1,A2500004,5
2026-07-27 05:03:37,data_go_kr,전북특별자치도,A2500011,의료법인대산의료재단익산병원,13,20260727050006,063-840-9112,,,,,,,,,,,,,,,,,,,1,,2,,,,,0,,,,,,,,,Y,,,,Y,,Y,Y,,,N1,Y,N1,45,N1,7,N1,Y,,5,N1,17,,1,2,,,,,,,,,,,,17,1,,,,5,,,,,2,2,1,7,,,,,,,,333,,,,,,,,,,,,,,,,,Y,N1,A2500011,6
2026-07-27 05:03:37,data_go_kr,전북특별자치도,A2500056,대자인병원,27,20260727050009,063-250-8701,,,,,,,,,,,,,,,,,,,1,6,2,,,,,0,,,,,,,,Y,Y,,,,Y,,Y,Y,,,Y,Y,Y,35,N1,0,N1,Y,,15,Y,33,,1,2,,,36,,,,,,,,,15,4,,,,15,,,,,4,3,2,12,,,4,2,,1,1,45,,,,,,,,,,,,,,,,,Y,N1,A2500056,7
2026-07-27 05:03:37,data_go_kr,전북특별자치도,A2500006,재단법인예수병원유지재단예수병원,26,20260727045558,063-230-8280,Y,Y,,,1,1,,,,,,,,,,,,9,1,,2,,,2,,4,,1,,,,2,Y,,Y,-1,,,Y,,Y,Y,,,Y,Y,Y,141,N1,2,Y,Y,4,14,Y,38,10,1,2,,,,12,,2,,14,,,,23,4,,6,,14,,,5,4,4,3,4,40,6,11,7,2,,,2,685,,,1,1,,,,,,,,,,,,,Y,Y,A2500006,8
2026-07-27 05:03:37,data_go_kr,전북특별자치도,A2500005,의료법인영경의료재단전주병원,10,20260727045910,063-226-6119,,,,,,,,,,,,,,,,,,,1,,2,,,,,,,,,,,,,,Y,,,,,,Y,N1,,,Y,Y,N1,28,N1,4,N1,Y,,5,N1,17,,1,2,,,,,,,,,,,,9,,,,,5,,,,,1,2,,6,,,1,,,,,275,,,,,,,,,,,,,,,,,Y,N1,A2500005,9
2026-07-27 05:03:37,data_go_kr,전북특별자치도,A2500008,재단법인 아산사회복지재단 정읍아산병원,17,20260727050000,063-530-6129,,,,,,,,,,,,,,,,,,,1,,2,,,,,,,,,,,,,,Y,,,,,,Y,N1,,,N1,Y,N1,78,N1,1,N1,Y,,3,N1,17,,1,2,,,,,,,,,,,,11,,,,,3,,,,,1,1,,5,,,,,,,,276,,,,,,,,,,,,,,,,,Y,N1,A2500008,10
2026-07-27 05:03:37,data_go_kr,전북특별자치도,A2500009,의료법인석천재단고창병원,9,20260727045824,063-560-5558,,,,,,,,,,,,,,,,,,,,,1,,,,,,,,,,,,,,Y,,,,,,Y,N1,,,N1,Y,N1,0,N1,,N1,Y,,2,N1,10,,,1,,,,,,,,,,,,,,,,,2,,,,,1,1,,4,,,,,,,,258,,,,,,,,,,,,,,,,,Y,N1,A2500009,11
2026-07-27 05:03:37,data_go_kr,전북특별자치도,A2500038,김제우석병원,10,20260727044148,063-540-5119,,,,,,,,,,,,,,,,,,,,,1,,,,,,,,,,,,,,Y,,,,,,Y,N1,,,N1,Y,N1,74,N1,,N1,Y,,2,N1,10,,,1,,,,,,,,,,,,,,,,,2,,,,,1,1,,1,,,,,,,,200,,,,,,,,,,,,,,,,,Y,N1,A2500038,12
2026-07-27 05:03:37,data_go_kr,전북특별자치도,E2500019,무주군보건의료원,4,20260727050002,063-320-8315,,,,,,,,,,,,,,,,,,,,,1,,,,,,,,,,,,,,Y,,,,,,Y,N1,,,N1,Y,N1,24,N1,,N1,N1,,,N1,4,,,1,,,,,,,,,,,,,,,,,,,,,,1,,,1,,,,,,,,24,,,,,,,,,,,,,,,,,Y,N1,E2500019,13
2026-07-27 05:03:37,data_go_kr,전북특별자치도,A2500010,부안성모병원,10,20260727045223,063-580-8119,,,,,,,,,,,,,,,,,,,,,2,,,,,,,,,,,,,,Y,,,,,,Y,N1,,,N1,Y,N1,8,N1,9,N1,Y,,3,N1,10,,,2,,,,,,,,,,,,9,,,,,3,,,,,1,1,,2,,,,,,,,240,,,,,,,,,,,,,,,,,Y,N1,A2500010,14
2026-07-27 05:03:37,data_go_kr,전북특별자치도,E2500021,순창군보건의료원,9,20260727050002,063-650-5352,,,,,,,,,,,,,,,,,,,,,1,,,,,,,,,,,,,,Y,,,,,,Y,N1,,,N1,Y,N1,30,N1,,N1,N1,,,N1,9,,,1,,,,,,,,,,,,,,,,,,,,,,1,,,1,,,,,,,,30,,,,,,,,,,,,,,,,,Y,N1,E2500021,15
2026-07-27 05:03:37,data_go_kr,전북특별자치도,E2500022,임실군보건의료원,4,20260727050002,063-640-3119,,,,,,,,,,,,,,,,,,,,,1,,,,,,,,,,,,,,Y,,,,,,Y,N1,,,N1,Y,N1,,N1,,N1,N1,,,N1,4,,,1,,,,,,,,,,,,,,,,,,,,,,1,,,1,,,,,,,,,,,,,,,,,,,,,,,,,Y,N1,E2500022,16
2026-07-27 05:03:37,data_go_kr,전북특별자치도,E2500020,장수군보건의료원,5,20260727050002,063-350-2119,,,,,,,,,,,,,,,,,,,,,1,,,,,,,,,,,,,,,,,,,,Y,N1,,,N1,N1,N1,20,N1,,N1,N1,,,N1,5,,,1,,,,,,,,,,,,,,,,,,,,,,,,,1,,,,,,,,22,,,,,,,,,,,,,,,,,Y,N1,E2500020,17
2026-07-27 05:03:37,data_go_kr,전북특별자치도,A2501890,의료법인영경의료재단호성전주병원,7,20260727045908,063-240-8862,,,,,,,,,,,,,,,,,,,,,1,,,,,,,,,,,,,,Y,,,,,,Y,N1,,,N1,Y,N1,5,N1,,N1,Y,,2,N1,9,,,1,,,,,,,,,,,,,,,,,2,,,,,1,1,,1,,,,,,,,122,,,,,,,,,,,,,,,,,Y,N1,A2501890,18
2026-07-27 05:03:37,data_go_kr,전북특별자치도,A2502742,새강병원,13,20260727045942,063-289-9119,,,0,0,,0,0,,,0,,,,,,,,3,1,0,2,0,,,,3,,0,,0,,0,,,Y,,,,,,Y,N1,,,N1,Y,N1,82,N1,16,N1,Y,,5,N1,14,3,1,2,0,0,0,,,,,,,,,16,3,,0,,5,0,,0,,1,1,,1,,,,,,,,201,0,0,,0,0,,,,,,,,,,,,Y,N1,A2502742,19
2026-07-27 05:03:37,data_go_kr,전북특별자치도,A2502031,진안군의료원,5,20260727050002,063-430-7119,,,,,,,,,,,,,,,,,,,,,2,,,,,,,,,,,,,,Y,,,,,,Y,N1,,,N1,Y,N1,30,N1,,N1,Y,,2,N1,6,,,2,,,,,,,,,,,,,,,,,2,,,,,1,1,,3,,,,,,,,74,,,,,,,,,,,,,,,,,Y,N1,A2502031,20
2026-07-27 05:03:37,data_go_kr,경상북도,A2700007,차의과학대학교부속구미차병원,17,20260727050006,054-450-9998,Y,Y,,,,,0,,,,,,,,,,,5,3,,3,0,,,,,9,,,,,,Y,Y,Y,,,,Y,,Y,Y,,,Y,Y,Y,54,Y,0,Y,Y,0,8,N1,20,5,3,3,25,,,8,,,,,,,,18,,30,,,8,,,,3,3,2,2,21,3,13,2,1,2,1,,301,,,,,3,,,,,,,,,,,,Y,Y,A2700007,1
2026-07-27 05:03:37,data_go_kr,경상북도,A2700014,의료법인안동병원,11,20260727050000,054-840-0119,Y,Y,2,2,,,1,,,3,,,,,,,,2,,,,4,,,,0,7,,5,2,0,4,Y,Y,Y,,1,6,Y,0,Y,Y,,,Y,Y,Y,111,Y,0,Y,Y,10,11,Y,15,3,,,19,20,,10,,,,,20,,,13,3,30,,40,11,2,34,6,3,6,3,5,67,3,12,14,4,13,1,1,775,2,3,,,1,,,,,,,,,,2,6,Y,Y,A2700014,2
2026-07-27 05:03:37,data_go_kr,경상북도,A2700016,포항성모병원,19,20260727045840,054-260-8600,Y,Y,2,3,,,,2,2,,,,,,,,,11,,,,4,,,,1,0,,,,,1,Y,Y,Y,,,,Y,,Y,Y,,,Y,Y,Y,71,Y,5,Y,Y,,9,Y,20,11,,,15,,,,,,,,,,,16,1,17,,,9,,,1,1,3,2,2,25,1,6,4,1,2,1,3,468,2,3,,,,5,13,,,,,,,,,,Y,Y,A2700016,3
2026-07-27 05:03:37,data_go_kr,경상북도,A2700003,동국대학교의과대학경주병원,16,20260727050005,054-770-8306,Y,Y,,,,,,,,1,,,,,,,,3,2,3,5,,,,,3,,,,,11,1,Y,,Y,,,,Y,,Y,Y,,,Y,Y,N1,84,N1,0,Y,Y,,6,N1,16,3,2,5,,11,17,,,,,,,,,7,4,,,,7,,20,3,1,2,2,2,26,2,6,3,,,,,279,,,,,,,,,,,,,,,,,Y,Y,A2700003,4
2026-07-27 05:03:37,data_go_kr,경상북도,A2700013,순천향대학교부속구미병원,10,20260727045620,054-468-9119,,Y,,,,,,,,,,,,,,,,2,1,,2,0,,,,2,0,,,,,1,Y,,Y,,,,Y,,Y,Y,,,Y,Y,N1,38,N1,4,Y,Y,,6,N1,13,4,1,2,2,,,,,,,,,,,31,2,3,,,6,,,1,1,2,2,2,20,,1,2,,,,,263,,,,,,,,,,,,,,,,,Y,N1,A2700013,5
2026-07-27 05:03:37,data_go_kr,경상북도,A2700012,의료법인덕산의료재단김천제일병원,16,20260727045653,054-420-9500,,,,,,,,,,,,,,,,,,,1,,3,2,,,,,3,,,,,,Y,,Y,,,,Y,,Y,Y,,,Y,Y,N1,75,N1,6,N1,Y,,4,Y,16,,1,3,2,,,,,,,,,,,16,,3,,,4,,,,3,1,1,1,10,,,1,,,,1,276,,,,,,,,,,,,,,,,,Y,N1,A2700012,6
2026-07-27 05:03:37,data_go_kr,경상북도,A2700006,의료법인동춘의료재단문경제일병원,17,20260727045500,054-550-7777,,,,,,,,,,,,,,,,,,,1,,1,2,,,,1,3,,,,60,3,,,Y,,,,,,Y,N1,,,N1,Y,N1,48,N1,10,N1,Y,,3,N1,17,,1,2,2,,,,,,,,,,,29,1,3,,,3,,162,4,,2,1,,8,,,,,,,,306,,,,,,,,,,,,,,,,,Y,N1,A2700006,7
2026-07-27 05:03:37,data_go_kr,경상북도,A2700004,안동성소병원,11,20260727050020,054-850-8282,,Y,,,,,,,,,,,,,,,5,,1,,2,0,,,,3,1,,,,23,0,Y,,Y,,,,Y,,Y,Y,,,Y,Y,N1,152,N1,7,Y,Y,,6,N1,12,,1,2,2,,,,,,,,,,,16,3,3,,,6,,186,2,1,2,2,2,21,,4,1,,,,,393,,,,,,,,,,,,,,5,,,Y,N1,A2700004,8
2026-07-27 05:03:37,data_go_kr,경상북도,A2700002,포항세명기독병원,8,20260727045927,054-289-1711,,,,,,,,,,,,,,,,,6,,1,,3,0,,,,0,1,,,,,1,,,Y,,,,Y,,Y,Y,,,Y,Y,Y,124,Y,1,N1,Y,,14,Y,15,,1,3,2,,,,,,,,,,,52,1,3,,,14,,,6,,6,5,4,25,,,5,1,1,,1,662,,,,,,,,,,,,,,6,,,Y,N1,A2700002,9
2026-07-27 05:03:37,data_go_kr,경상북도,A2700019,의)근원의료재단경산중앙병원,7,20260727050001,053-715-0119,,,,,,,,,,,,,,,,,,,,,2,,,,,0,,,,,44,,,,Y,,,,,,Y,N1,,,N1,Y,N1,57,N1,2,N1,Y,,4,N1,10,,,2,,,,,,,,,,,,11,2,,,,4,,116,,,1,1,,9,,,,,,,,301,,,,,,,,,,,,,,,,,Y,N1,A2700019,10
2026-07-27 05:03:37,data_go_kr,경상북도,A2700036,의료법인서명의료재단세명종합병원,12,20260727045708,053-819-8500,,,,,,,,,,,,,,,,,,,,,2,,,,,,,,,,2,,,,Y,,,,,,Y,N1,,,N1,Y,N1,14,N1,1,N1,Y,,4,N1,13,,,2,,,,,,,,,,,,14,,,,,4,,22,,,1,1,,6,,,,,,,,264,,,,,,,,,,,,,,,,,Y,N1,A2700036,11
2026-07-27 05:03:37,data_go_kr,경상북도,A2700097,계명대학교경주동산병원,8,20260727045944,054-770-9420,,,,,,,,,,,,,,,,,,,,,1,,,,,,,,,,,,,,Y,,,,,,Y,N1,,,N1,Y,N1,34,N1,,N1,Y,,2,N1,9,,,1,,,,,,,,,,,,,,,,,2,,,,,1,1,,1,,,,,,,,88,,,,,,,,,,,,,,,,,Y,N1,A2700097,12
2026-07-27 05:03:37,data_go_kr,경상북도,A2700070,의료법인영암의료재단고령영생병원,5,20260727045947,070-4700-0728,,,,,,,,,,,,,,,,,,,,,1,,,,,,,,,,,,,,Y,,,,,,Y,N1,,,N1,Y,N1,35,N1,,N1,N1,,1,N1,5,,,1,,,,,,,,,,,,,,,,,1,,,,,1,,,1,,,,,,,,59,,,,,,,,,,,,,,,,,Y,N1,A2700070,13
2026-07-27 05:03:37,data_go_kr,경상북도,A2700015,구미강동병원,7,20260727050001,054-478-9521,,,,,,,,,,,,,,,,9,,,1,,2,,,,,,,,,,,,,,Y,,,,Y,,Y,Y,,,N1,Y,N1,37,N1,5,N1,Y,,5,N1,7,,1,2,,,,,,,,,,,,12,,,,,5,,,,,1,1,1,3,,,,,,,,191,,,,,,,,,,,,,9,,,,Y,N1,A2700015,14
2026-07-27 05:03:37,data_go_kr,경상북도,A2700018,경상북도김천의료원,16,20260727050002,054-429-8234,,,,,,,,,,,,,,,,,,,1,,,,,,,0,,,,,,,,,Y,,,,,,Y,N1,,,N1,Y,N1,-13,N1,2,N1,Y,,5,N1,17,,1,,,,,,,,,,,,,22,3,,,,5,,,,,1,2,,7,,,,,,,,274,,,,,,,,,,,,,,,,,Y,N1,A2700018,15
2026-07-27 05:03:37,data_go_kr,경상북도,A2700009,의료법인삼백의료재단상주성모병원,8,20260727050031,054-530-7811,,,,,,,,,,,,,,,,,,,,,1,,,,,,,,,,,,,,Y,,,,,,Y,N1,,,N1,Y,N1,36,N1,6,N1,Y,,3,N1,9,,,1,,,,,,,,,,,,10,,,,,3,,,,,1,1,,1,,,,,,,,172,,,,,,,,,,,,,,,,,Y,N1,A2700009,16
2026-07-27 05:03:37,data_go_kr,경상북도,A2700011,상주적십자병원,8,20260727045800,054-530-3171,,Y,,,,,,,,,,,,,,,,,1,,,,,,,,,,,,,,Y,,Y,,,,,,Y,N1,,,Y,Y,N1,54,N1,6,Y,Y,,3,N1,9,,1,,,,,,,,,,,,,10,,,,,3,,,,1,1,1,,7,,2,1,,,,,164,,,,,,,,,,,,,,,,,Y,N1,A2700011,17
2026-07-27 05:03:37,data_go_kr,경상북도,A2700001,경상북도안동의료원,5,20260727050001,054-850-6100,,,,,,,,,,,,,,,,,,,,,2,,,,,,,,,,,,,,Y,,,,,,Y,N1,,,N1,Y,N1,112,N1,2,N1,Y,,5,N1,6,,,2,,,,,,,,,,,,10,,,,,5,,,,,1,1,,8,,,,,,,,238,,,,,,,,,,,,,,,,,Y,N1,A2700001,18
2026-07-27 05:03:37,data_go_kr,경상북도,A2700031,영주기독병원,4,20260727045812,054-635-3050,,Y,,,,,,,,,,,,,,,,,,,1,,,,,,,,,,,,Y,,Y,,,,,,Y,N1,,,N1,Y,N1,6,N1,,Y,N1,,1,N1,4,,,1,,,,,,,,,,,,,,,,,1,,,,1,1,,,1,,2,,,,,,70,,,,,,,,,,,,,,,,,Y,N1,A2700031,19
2026-07-27 05:03:37,data_go_kr,경상북도,A2700020,영주자인병원,4,20260727045936,070-7335-5229,,,,,,,,,,,,,,,,,,,,,1,,,,,,,,,,,,,,Y,,,,,,Y,N1,,,N1,Y,N1,26,N1,,N1,Y,,,N1,4,,,1,,,,,,,,,,,,,,,,,2,,,,,1,1,,,,,,,,,,133,,,,,,,,,,,,,,,,,N1,N1,A2700020,20
2026-07-27 05:03:37,data_go_kr,경상북도,A2702752,영주적십자병원,10,20260727045949,054-630-0112,,,,,,,,,,,,,,,,,,,1,,,,,,,,,,,,,,,,Y,,,,,,Y,N1,,,Y,Y,N1,54,N1,1,N1,Y,,3,N1,10,,1,,,,,,,,,,,,,10,,,,,3,,,,,1,1,,4,,,1,,,,,140,,,,,,,,,,,,,,,,,Y,N1,A2702752,21
2026-07-27 05:03:37,data_go_kr,경상북도,A2700017,영남대학교의과대학부속영천병원,8,20260727045756,054-330-7575,,,,,,,,,,,,,,,,,,,1,,2,,,,,,,,,,,,,,Y,,,,,,Y,N1,,,N1,Y,N1,48,N1,3,N1,Y,,4,N1,10,,1,2,,,,,,,,,,,,10,,,,,4,,,,,1,1,,1,,,,,,,,190,,,,,,,,,,,,,,,,,Y,N1,A2700017,22
2026-07-27 05:03:37,data_go_kr,경상북도,A2700023,의료법인서준의료재단예천권병원,6,20260727045508,054-650-2119,,Y,,,,,,,,,,,,,,,,,1,,0,,,,,,,,,,,0,Y,,Y,,,,,,Y,N1,,,N1,Y,N1,73,N1,,Y,Y,,2,N1,6,,1,0,,,,,,,,,,,,,,,,,2,,,0,1,1,1,,3,,2,,,,,,173,,,,,,,,,,,,,,,,,Y,N1,A2700023,23
2026-07-27 05:03:37,data_go_kr,경상북도,E2700553,울릉군보건의료원,5,20260727050002,054-790-6911,,,,,,,,,,,,,,,,,,,,,,,,,,,,,,,,,,,Y,,,,,,Y,N1,,,N1,Y,N1,24,N1,,N1,N1,,1,N1,5,,,,,,,,,,,,,,,,,,,,1,,,,,1,,,1,,,,,,,,27,,,,,,,,,,,,,,,,,Y,N1,E2700553,24
2026-07-27 05:03:37,data_go_kr,경상북도,A2700052,울진군의료원,8,20260727045602,054-785-7119,,,,,,,,,,,,,,,,,,,2,,,,,,,,,,,,,2,,,Y,,,,,,Y,N1,,,N1,Y,N1,20,N1,,N1,Y,,3,N1,8,,2,,,,,,,,,,,,,,,,,,3,,,2,,1,1,,1,,,,,,,,97,,,,,,,,,,,,,,,,,Y,N1,A2700052,25
2026-07-27 05:03:37,data_go_kr,경상북도,A2700063,의료법인영제의료재단영남제일병원,4,20260727043902,054-861-9111,,,,,,,,,,,,,,,,,,,,,1,,,,,,,,,,,,,,Y,,,,,,Y,N1,,,N1,Y,N1,27,N1,,N1,N1,,1,N1,,,,,,,,,,,,,,,,,,,,,,,,,,,,,,,,,,,,,,,,,,,,,,,,,,,,,,Y,N1,A2700063,26
2026-07-27 05:03:37,data_go_kr,경상북도,A2700038,의료법인대남의료재단청도대남병원,10,20260727045846,054-370-5112,,,,,,,,,,,,,,,,,,,,,,,,,,,,,,,,,,,Y,,,,,,Y,N1,,,N1,Y,N1,80,N1,,N1,Y,,1,N1,10,,,,,,,,,,,,,,,,,,,,1,,,,,1,1,,1,,,,,,,,115,,,,,,,,,,,,,,,,,Y,N1,A2700038,27
2026-07-27 05:03:37,data_go_kr,경상북도,E2700554,청송군보건의료원,5,20260727050001,054-870-7119,,,,,,,,,,,,,,,,,,,,,1,,,,,,,,,,,,,,,,,,,,Y,N1,,,N1,N1,N1,57,N1,,N1,N1,,,N1,5,,,1,,,,,,,,,,,,,,,,,,,,,,,,,1,,,,,,,,45,,,,,,,,,,,,,,,,,Y,N1,E2700554,28
2026-07-27 05:03:37,data_go_kr,경상북도,A2700008,에스포항병원,6,20260727045917,054-289-9120,Y,,,,,,,,,,,,,,,,,,,,1,,,,,1,,,,,,,,,Y,,,,Y,,Y,Y,,,Y,Y,N1,47,N1,1,N1,Y,,3,N1,6,,,1,,,,,,,,,,,,14,1,,,,4,,,,,2,2,3,9,9,,1,,,,,239,,,,,,,,,,,,,,,,,Y,Y,A2700008,29
2026-07-27 05:03:37,data_go_kr,경상북도,A2702563,의료법인은성의료재단좋은선린병원,9,20260727050004,054-245-5200,,,,,,,,,,,,,,,,2,,,,,2,,,,,1,,,,,,,,,Y,,,,N,,Y,N,,,N1,Y,N1,71,N1,0,N1,Y,,4,N,10,,,2,,,,,,,,,,,,17,1,,,,4,,,,,1,1,2,7,,,,,,,14,281,,,,,,,,,,,,,2,,,,N,N1,A2702563,30
2026-07-27 05:03:37,data_go_kr,경상북도,A2700005,경상북도포항의료원,7,20260727050002,054-245-0129,,,,,,,,,,,,,,,,,,,1,,1,,,,,1,,,,,7,7,,,Y,,,,,,Y,N1,,,N1,Y,N1,22,N1,4,N1,Y,,3,N1,8,,1,1,,,,,,,,,,,,19,1,,,,3,,56,7,,1,1,,4,,,,,,,,179,,,,,,,,,,,,,,,,,Y,N1,A2700005,31
2026-07-27 05:03:37,data_go_kr,경상남도,A2800011,양산부산대학교병원,9,20260727045827,055-360-1463,Y,Y,2,1,1,1,0,0,,4,,0,0,,4,,,5,,7,1,1,6,2,,0,9,5,,,5,4,Y,,Y,1,,,Y,,Y,Y,,6,Y,Y,Y,234,Y,,Y,Y,17,25,N1,23,8,,1,16,16,11,38,11,2,,9,,,10,,0,30,6,,25,,33,4,4,6,5,6,92,24,23,19,12,2,,,766,2,3,1,1,2,2,,,0,0,,4,,,,,Y,Y,A2800011,1
2026-07-27 05:03:37,data_go_kr,경상남도,A2800001,경상국립대학교병원,7,20260727050000,055-750-8282,Y,Y,,,,,,3,,1,,,,,,,,3,2,4,3,4,,,2,0,7,,25,2,7,4,Y,,Y,,2,6,Y,13,Y,Y,,,Y,Y,Y,231,Y,,Y,Y,3,15,N1,28,3,2,3,14,8,9,15,,,,,20,6,,,3,30,,40,15,2,23,7,7,3,3,5,16,9,20,6,4,17,,,655,,,,,,6,,,,,,,,,2,6,Y,Y,A2800001,2
2026-07-27 05:03:37,data_go_kr,경상남도,A2800020,학교법인성균관대학삼성창원병원,21,20260727050012,055-233-8899,Y,Y,,,,,,1,,3,,,,,,,,8,2,3,3,4,,,,0,10,,,,,3,Y,,Y,,,,Y,,Y,Y,,,Y,Y,Y,258,Y,,Y,Y,19,16,N1,27,8,2,3,19,15,20,24,,,,,,,,,3,30,,,16,,,5,7,4,3,4,45,8,20,5,3,3,,,645,,,,,,1,,,,,,,,,,,Y,Y,A2800020,3
2026-07-27 05:03:37,data_go_kr,경상남도,A2800010,의료법인환명의료재단 조은금강병원,16,20260727045725,055-330-0200,,,,,,,,,,,,,,,,,,,1,,2,,,,,1,,,,,5,,,,Y,,,,Y,,Y,Y,,,N1,Y,N1,68,N1,11,N1,Y,,4,Y,17,,1,2,,,,,,,,,,,,23,1,,,,4,,96,,,1,2,1,7,,,,,,,2,305,,,,,,,,,,,,,,,,,Y,N1,A2800010,4
2026-07-27 05:03:37,data_go_kr,경상남도,A2800006,의료법인숭인의료재단 김해복음병원,15,20260727045805,055-330-8844,,,,,,,,,,,,,,,,,,,1,,3,,,,,1,,,,,,,,,Y,,,,Y,,Y,Y,,,Y,Y,N1,12,N1,-1,N1,Y,,5,N1,16,,1,3,,,,,,,,,,,,18,1,,,,5,,,,,2,3,1,3,,,3,,,,,359,,,,,,,,,,,,,,,,,Y,N1,A2800006,5
2026-07-27 05:03:37,data_go_kr,경상남도,A2800043,한일병원,12,20260727045543,055-750-1333,,,,,,,,,,,,,,,,,,,1,,2,1,,,,0,1,,,,,,,,Y,,,,Y,,Y,Y,,,Y,Y,N1,12,N1,-1,N1,Y,,4,Y,17,,1,2,2,,,,,,,,,,,13,1,3,,,4,,,,,2,2,1,6,,,1,,,,1,282,,,,,,,,,,,,,,,,,Y,N1,A2800043,6
2026-07-27 05:03:37,data_go_kr,경상남도,A2800003,제일병원,11,20260727050018,055-750-7119,,,,,,,,,,,,,,,,,,,1,,2,,,,,,,,,,,,,Y,Y,,,,Y,,Y,Y,,,N1,Y,N1,43,N1,6,N1,Y,,4,Y,17,,1,2,,,,,,,,,,,,9,,,,,7,,,,,2,2,1,4,,,,,,1,1,258,,,,,,,,,,,,,,,,,Y,N1,A2800003,7
2026-07-27 05:03:37,data_go_kr,경상남도,A2800017,의료법인합포의료재단에스엠지연세병원,15,20260727050009,055-240-7777,,,,,,,,,,,,,,,,,,,1,,2,,,,,1,,,,,,,,,Y,,,,Y,,Y,Y,,,Y,Y,N1,37,N1,5,N1,Y,,4,N1,17,,1,2,,,,,,,,,,,,12,1,,,,4,,,,,1,2,1,7,,,1,,,,,286,,,,,,,,,,,,,,,,,Y,N1,A2800017,8
2026-07-27 05:03:37,data_go_kr,경상남도,A2803505,창원경상국립대학교병원,14,20260727045704,055-214-1339,Y,Y,,,,,,,,,,,,5,0,,,,1,,2,,,,,2,,,,,8,6,Y,,Y,,,,Y,,Y,Y,,,Y,Y,Y,199,Y,13,Y,Y,7,13,N1,18,,1,2,,,,17,,,,,,,,34,2,,,,13,,22,6,9,3,2,5,52,9,22,6,7,14,,,437,,,,,,,,,,,5,0,,,,,Y,Y,A2803505,9
2026-07-27 05:03:37,data_go_kr,경상남도,A2800007,창원한마음병원,7,20260727050011,055-225-0350,Y,Y,,,,,,,,-1,,,,,,,,,1,0,3,,,,,1,,,,,,1,Y,,Y,,,,Y,,Y,Y,,,Y,Y,Y,82,Y,,Y,Y,10,13,Y,21,,1,3,,25,37,10,,,,,,,,,1,,,,13,,,6,2,4,4,4,29,3,11,6,1,2,,2,688,,,,,,,,,,,,,,,,,Y,Y,A2800007,10
2026-07-27 05:03:37,data_go_kr,경상남도,A2800004,창원파티마병원,9,20260727045606,055-270-1119,Y,Y,,,,,,,,3,,,,,,,,,1,6,2,0,,,,0,2,,,,,3,Y,Y,Y,,,,Y,,Y,Y,,,Y,Y,N1,113,Y,,Y,Y,2,7,N1,17,,1,2,2,12,13,2,,,,,,,,,2,3,,,7,,,6,2,4,3,3,16,3,6,3,,4,1,,444,,,,,,,,,,,,,,,,,Y,Y,A2800004,11
2026-07-27 05:03:37,data_go_kr,경상남도,A2800008,의료법인 거붕 백병원,9,20260727045938,055-733-0180,,,,,,,,,,,,,,,,,,,,,1,,,,,,,,,,,,,,Y,,,,,,Y,N1,,,N1,Y,N1,54,N1,9,N1,Y,,4,N1,9,,,1,,,,,,,,,,,,20,,,,,4,,,,,2,2,,12,,,,,,,,365,,,,,,,,,,,,,,,,,Y,N1,A2800008,12
2026-07-27 05:03:37,data_go_kr,경상남도,A2800005,의료법인 대우의료재단대우병원,8,20260727045809,055-680-8119,,,,,,,,,,,,,,,,,,,,,0,,,,,,,,,,,,,,Y,,,,,,Y,N1,,,N1,Y,N1,43,N1,3,N1,Y,,4,N1,9,,,1,,,,,,,,,,,,10,,,,,4,,,,,2,1,,5,,,,,,,,231,,,,,,,,,,,,,,,,,Y,N1,A2800005,13
2026-07-27 05:03:37,data_go_kr,경상남도,A2800022,의료법인 성념의료재단맑은샘병원,8,20260727045214,055-736-0119,,,,,,,,,,,,,,,,,,,,,1,,,,,,,,,,,,,,Y,,,,,,Y,N1,,,N1,Y,N1,18,N1,,N1,Y,,2,N1,9,,,1,,,,,,,,,,,,,,,,,2,,,,,1,1,,4,,,,,,,,200,,,,,,,,,,,,,,,,,Y,N1,A2800022,14
2026-07-27 05:03:37,data_go_kr,경상남도,A2800076,거창적십자병원,9,20260727045553,055-949-3359,,Y,,,,,,,,,,,,,,,,,,,1,,,,,,,,,,,,Y,,Y,,,,,,Y,N1,,,N1,Y,N1,31,N1,,Y,Y,,2,N1,9,,,1,,,,,,,,,,,,,,,,,2,,,,1,1,1,,2,,2,,,,,,91,,,,,,,,,,,,,,,,,Y,N1,A2800076,15
2026-07-27 05:03:37,data_go_kr,경상남도,A2800032,강병원,8,20260727045924,055-673-4848,,,,,,,,,,,,,,,,,,,,,1,,,,,,,,,,,,,,Y,,,,,,Y,N1,,,N1,Y,N1,13,N1,,N1,Y,,1,N1,9,,,1,,,,,,,,,,,,,,,,,1,,,,,1,1,,1,,,,,,,,99,,,,,,,,,,,,,,,,,Y,N1,A2800032,16
2026-07-27 05:03:37,data_go_kr,경상남도,A2803677,강일병원,7,20260727045750,055-822-0119,,,,,,,,,,,,,,,,,,,1,,2,,,,,,,,,,,,,,Y,,,,Y,,Y,Y,,,N1,Y,N1,122,N1,14,N1,Y,,5,N1,8,,1,2,,,,,,,,,,,,15,,,,,5,,,,,1,2,1,1,,,,,,,,275,,,,,,,,,,,,,,,,,Y,N1,A2803677,17
2026-07-27 05:03:37,data_go_kr,경상남도,A2800014,의료법인갑을의료재단 갑을장유병원,9,20260727050035,055-310-6119,,,,,,,,,,,,,,,,,,,1,,,,,,,,,,,,,,,,Y,,,,,,Y,N1,,,N1,Y,N1,38,N1,,N1,Y,,4,N1,9,,1,,,,,,,,,,,,,,,,,,4,,,,,1,1,,1,,,,,,,,210,,,,,,,,,,,,,,,,,Y,N1,A2800014,18
2026-07-27 05:03:37,data_go_kr,경상남도,A2800094,의료법인 이도의료재단 남해병원,8,20260727030630,055-860-6630,N,N,,,,,,,,,,,,,,,,,1,,1,,,,,,,,,,,,N,N,Y,,,,N,,Y,N,,,N,Y,N,73,N,,N,Y,,2,N,,,,,,,,,,,,,,,,,,,,,,,,,,,,,,,,,,,,,,,,,,,,,,,,,,,,,,N,N,A2800094,19
2026-07-27 05:03:37,data_go_kr,경상남도,A2800113,밀양병원,6,20260727045730,055-356-9119,,,,,,,,,,,,,,,,,,,,,1,,,,,,,,,,,,,,Y,,,,,,Y,N1,,,N1,Y,N1,29,N1,,N1,Y,,0,N1,8,,,1,,,,,,,,,,,,,,,,,0,,,,,1,1,,1,,,,,,,,200,,,,,,,,,,,,,,,,,Y,N1,A2800113,20
2026-07-27 05:03:37,data_go_kr,경상남도,A2800068,의료법인승연의료재단 삼천포서울병원,9,20260727045224,055-830-9019,,,,,,,,,,,,,,,,,,,,,1,,,,,,,,,,,,,,Y,,,,Y,,Y,Y,,,N1,Y,N1,28,N1,,N1,Y,,3,Y,9,,,1,,,,,,,,,,,,,,,,,3,,,,,1,2,1,4,,,,,,,1,287,,,,,,,,,,,,,,,,,Y,N1,A2800068,21
2026-07-27 05:03:37,data_go_kr,경상남도,A2800101,삼천포제일병원,8,20260727045608,055-830-3099,,,,,,,,,,,,,,,,,,,,,2,,,,,,,,,,,,,,Y,,,,,,Y,N1,,,N1,Y,N1,70,N1,,N1,Y,,2,N,8,,,2,,,,,,,,,,,,,,,,,2,,,,,1,1,,1,,,,,,,1,214,,,,,,,,,,,,,,,,,Y,N1,A2800101,22
2026-07-27 05:03:37,data_go_kr,경상남도,E2800380,산청군보건의료원,5,20260727050002,055-970-7582,,,,,,,,,,,,,,,,,,,,,1,,,,,,,,,,,,,,,,,,,,Y,N1,,,N1,N1,N1,20,N1,,N1,N1,,,N1,5,,,1,,,,,,,,,,,,,,,,,,,,,,,,,1,,,,,,,,20,,,,,,,,,,,,,,,,,Y,N1,E2800380,23
2026-07-27 05:03:37,data_go_kr,경상남도,A2804593,양산성모병원,13,20260727050019,055-912-9785,,,,,,,,,,,,,,,,,,,1,,,,,,,,,,,,,,,,Y,,,,,,Y,N1,,,N1,Y,N1,142,N1,6,N1,Y,,4,N1,13,,1,,,,,,,,,,,,,6,,,,,4,,,,,1,2,,1,,,,,,,,214,,,,,,,,,,,,,,,,,Y,N1,A2804593,24
2026-07-27 05:03:37,data_go_kr,경상남도,A2800019,베데스다복음병원,7,20260727050017,055-781-9911,,,,,,,,,,,,,,,,,,,,,1,,,,,,,,,,,,,,Y,,,,,,Y,N1,,,N1,Y,N1,45,N1,,N1,Y,,3,N1,9,,,1,,,,,,,,,,,,,,,,,3,,,,,1,1,,1,,,,,,,,133,,,,,,,,,,,,,,,,,Y,N1,A2800019,25
2026-07-27 05:03:37,data_go_kr,경상남도,A2800090,의령병원,4,20260727045750,055-573-6806,,,,,,,,,,,,,,,,,,,,,1,,,,,,,,,,,,,,Y,,,,,,Y,N1,,,N1,Y,N1,35,N1,,N1,N1,,,N1,4,,,1,,,,,,,,,,,,,,,,,,,,,,1,,,1,,,,,,,,58,,,,,,,,,,,,,,,,,Y,N1,A2800090,26
2026-07-27 05:03:37,data_go_kr,경상남도,A2800084,반도병원,6,20260727045507,055-749-0200,,,,,,,,,,,,,,,,,,,,,1,,,,,,,,,,,,,,Y,,,,,,Y,N1,,,N1,Y,N1,64,N1,,N1,Y,,3,N1,7,,,1,,,,,,,,,,,,,,,,,3,,,,,1,1,,3,,,,,,,,165,,,,,,,,,,,,,,,,,Y,N1,A2800084,27
2026-07-27 05:03:37,data_go_kr,경상남도,A2800015,의료법인 문병욱의료재단 진주고려병원,8,20260727045712,055-751-2525,,,,,,,,,,,,,,,,,,,,,1,,,,,,,,,,,,,,Y,,,,Y,,Y,Y,,,N1,Y,N1,73,N1,3,N1,Y,,4,Y,10,,,1,,,,,,,,,,,,9,,,,,4,,,,,2,2,1,4,,,,,,,1,229,,,,,,,,,,,,,,,,,Y,N1,A2800015,28
2026-07-27 05:03:37,data_go_kr,경상남도,A2800037,진주복음병원,9,20260727050031,055-749-7119,,,,,,,,,,,,,,,,,,,,,1,,,,,,,,,,,,,,Y,,,,,,Y,N1,,,N1,Y,N1,36,N1,,N1,N,,3,N1,9,,,1,,,,,,,,,,,,,,,,,3,,,,,1,1,,1,,,,,,,,131,,,,,,,,,,,,,,,,,N,N1,A2800037,29
2026-07-27 05:03:37,data_go_kr,경상남도,A2800062,태황의료재단한성병원,9,20260727045933,055-530-5119,,,,,,,,,,,,,,,,,,,,,1,,,,,,,,,,,,,,,,,,,,Y,N1,,,N1,N1,N1,49,N1,,N1,N1,,,N1,9,,,1,,,,,,,,,,,,,,,,,,,,,,,,,,,,,,,,,167,,,,,,,,,,,,,,,,,N1,N1,A2800062,30
2026-07-27 05:03:37,data_go_kr,경상남도,A2800025,경상남도마산의료원,13,20260727050001,055-249-1119,,,,,,,,,,,,,,,,,,,1,,1,,,,,2,,,,,,19,,,Y,,,,,,Y,N1,,,Y,Y,N1,66,N1,5,N1,Y,,5,N1,13,,1,1,,,,,,,,,,,,6,2,,,,5,,,27,,1,1,,17,,,2,,,,,263,,,,,,,,,,,,,,,,,Y,N1,A2800025,31
2026-07-27 05:03:37,data_go_kr,경상남도,A2800009,의료법인청아의료재단청아병원,8,20260727045942,055-230-1700,,,,,,,,,,,,,,,,,,,,,1,,,,,,,,,,,,,,Y,,,,,,Y,N1,,,N1,Y,N1,73,N1,,N1,Y,,4,N1,9,,,1,,,,,,,,,,,,,,,,,4,,,,,2,2,,4,,,,,,,,274,,,,,,,,,,,,,,,,,Y,N1,A2800009,32
2026-07-27 05:03:37,data_go_kr,경상남도,A2800021,연세에스병원,9,20260727045635,055-548-7789,,,,,,,,,,,,,,,,,,,,,1,,,,,,,,,,,,,,Y,,,,Y,,Y,Y,,,N1,Y,N1,112,N1,7,N1,Y,,2,N1,9,,,1,,,,,,,,,,,,10,,,,,3,,,,,2,2,1,5,,,,,,,,255,,,,,,,,,,,,,,,,,Y,N1,A2800021,33
2026-07-27 05:03:37,data_go_kr,경상남도,A2800092,새통영병원,8,20260727050003,055-640-4119,,,,,,,,,,,,,,,,,,,,,1,,,,,,,,,,,,,,Y,,,,,,Y,N1,,,N1,Y,N1,57,N1,,N1,Y,,3,N1,9,,,1,,,,,,,,,,,,,,,,,3,,,,,1,2,,3,,,,,,,,256,,,,,,,,,,,,,,,,,Y,N1,A2800092,34
2026-07-27 05:03:37,data_go_kr,경상남도,A2800080,함양성심병원,4,20260727045826,055-964-4322,,,,,,,,,,,,,,,,,,,,,1,,,,,,,,,,,,,,Y,,,,,,Y,N1,,,N1,Y,N1,1,N1,,N1,Y,,2,N1,4,,,1,,,,,,,,,,,,,,,,,2,,,,,1,1,,1,,,,,,,,121,,,,,,,,,,,,,,,,,Y,N1,A2800080,35
2026-07-27 05:03:37,data_go_kr,경상남도,A2800055,삼성합천병원,3,20260727050001,070-5125-5030,,,,,,,,,,,,,,,,,,,,,1,,,,,,,,,,,,,,Y,,,,,,Y,N1,,,N1,Y,N1,23,N1,,N1,Y,,2,N1,4,,,1,,,,,,,,,,,,,,,,,2,,,,,1,1,,1,,,,,,,,141,,,,,,,,,,,,,,,,,Y,N1,A2800055,36
2026-07-27 05:03:37,data_go_kr,제주특별자치도,A2900001,제주한라병원,12,20260727050302,064-740-5159,Y,Y,,,,,0,0,,,3,,,,,,,3,2,,3,3,,,,,16,,5,2,,,Y,,Y,,2,6,Y,9,Y,Y,,,Y,Y,Y,155,Y,6,Y,Y,3,6,N1,15,3,2,3,14,,,7,,,,,20,,,15,,30,,40,6,2,,,2,3,2,3,46,3,8,9,4,2,,,414,,,,,4,2,,4,,,,,,,2,6,Y,Y,A2900001,1
2026-07-27 05:03:37,data_go_kr,제주특별자치도,A2900002,제주특별자치도서귀포의료원,14,20260727050002,064-730-3001,,Y,,,,,,,,,,,,,,,,4,1,,4,2,,,,3,3,,,,3,,Y,,Y,,,,Y,,Y,Y,,,Y,Y,N1,144,N1,7,Y,Y,,4,Y,16,4,1,4,2,,,,,,,,,,,17,3,3,,,4,,26,,1,2,1,1,16,,4,3,,,,1,326,,,,,,,,,,,,,,,,,Y,N1,A2900002,2
2026-07-27 05:03:37,data_go_kr,제주특별자치도,A2900007,제주대학교병원,5,20260727050000,,Y,Y,,,,,,,,0,,,,,,,,,1,2,3,,3,,4,,,,,,4,5,Y,,Y,,,,Y,,Y,Y,,,Y,Y,Y,118,Y,,Y,Y,8,12,N1,20,,1,5,,12,12,16,3,,,,,6,,,,,,,12,,20,9,3,2,2,4,45,8,17,10,5,3,,,458,,,,,,,,,,,,,,,,,Y,Y,A2900007,3
2026-07-27 05:03:37,data_go_kr,제주특별자치도,A2900005,한마음병원,11,20260727045848,064-750-9119,,,,,,,,,,,,,,,,,,,1,,2,,,,,,,,,,,,,,Y,,,,Y,,Y,Y,,,Y,Y,N1,70,N1,5,N1,Y,,4,N1,17,,1,2,,,,,,,,,,,,12,,,,,4,,,,,1,1,1,6,,,2,,,,,216,,,,,,,,,,,,,,,,,Y,N1,A2900005,4
2026-07-27 05:03:37,data_go_kr,제주특별자치도,A2900006,의료법인중앙의료재단중앙병원,7,20260727050022,064-786-7777,,,,,,,,,,,,,,,,,,1,1,,2,,,,,,,,,,,,,,Y,,,,Y,,Y,Y,,,Y,Y,Y,96,N1,7,N1,Y,,3,N1,16,1,1,2,,,,,,,,,,,,16,,,,,3,,,,,1,1,2,10,,,2,1,,,,281,,,,,,,,,,,,,,,,,Y,N1,A2900006,5
2026-07-27 05:03:37,data_go_kr,제주특별자치도,A2900003,의료법인 혜인의료재단 한국병원,4,20260727050009,064-750-0160,,,,,,,,,,,,,,,,,,,,,1,,,,,,,,,,,,,,Y,,,,,,Y,N1,,,N1,Y,N1,37,N1,0,N1,Y,,3,N1,9,,,1,,,,,,,,,,,,10,,,,,3,,,,,1,1,,6,,,,,,,,209,,,,,,,,,,,,,,,,,Y,N1,A2900003,6
