collected_at,source,region,hpid,dutyName,hvec,hvidate,dutyTel3,hv10,hv11,hv13,hv14,hv15,hv16,hv17,hv18,hv19,hv2,hv21,hv22,hv23,hv24,hv25,hv26,hv27,hv28,hv29,hv3,hv30,hv31,hv32,hv33,hv34,hv35,hv36,hv37,hv38,hv39,hv40,hv41,hv42,hv43,hv5,hv6,hv60,hv61,hv7,hv9,hvamyn,hvangioayn,hvcc,hvccc,hvcrrtayn,hvctayn,hvecmoayn,hvgc,hvhypoayn,hvicc,hvincuayn,hvmriayn,hvncc,hvoc,hvoxyayn,hvs01,hvs02,hvs03,hvs04,hvs05,hvs06,hvs07,hvs08,hvs09,hvs10,hvs11,hvs12,hvs14,hvs15,hvs16,hvs17,hvs18,hvs19,hvs20,hvs21,hvs22,hvs23,hvs24,hvs25,hvs26,hvs27,hvs28,hvs29,hvs30,hvs31,hvs32,hvs33,hvs34,hvs35,hvs36,hvs37,hvs38,hvs46,hvs47,hvs48,hvs49,hvs50,hvs51,hvs52,hvs53,hvs54,hvs55,hvs56,hvs57,hvs58,hvs59,hvs60,hvs61,hvventiayn,hvventisoayn,phpid,rnum
2026-07-28 00:35:59,data_go_kr,서울특별시,A1100043,강동경희대학교병원,0,20260728003520,02-440-7000,Y,Y,,,,,1,,,,,,,,,1,,3,2,,2,1,,,,,2,,,,,0,Y,N,Y,,,,Y,,Y,Y,,,Y,Y,Y,113,Y,4,Y,Y,2,16,N,15,3,2,3,19,,,17,,,,,,,,27,,30,,,17,,,1,8,2,2,3,32,9,13,4,1,1,0,0,625,,,,,3,,,,,,,,2,,,,Y,Y,A1100043,1
2026-07-28 00:35:59,data_go_kr,서울특별시,A1100014,고려대학교의과대학부속구로병원,-2,20260728003035,02-2626-1550,Y,Y,4,,,,,,,1,,,,,,,,1,,2,,3,,,,3,1,,,,4,0,Y,,Y,,,,Y,,Y,Y,,,Y,Y,Y,39,Y,11,Y,Y,-2,23,N1,29,3,,,20,20,10,23,,,,,,,,35,10,30,,,24,,18,4,2,6,6,4,98,11,35,15,10,3,,,778,5,,,,,,,,,,,,,,,,Y,Y,A1100014,2
2026-07-28 00:35:59,data_go_kr,서울특별시,A1100013,한양대학교병원,14,20260728003259,02-2290-8284,Y,Y,4,2,,,1,2,,1,,,,,,,,2,,2,,1,,,,2,8,,,,1,0,Y,,Y,,,,Y,,Y,Y,,,Y,Y,Y,158,Y,0,Y,Y,2,15,Y,20,3,,,22,12,13,25,,,,,,,,0,2,30,,,16,,16,2,1,3,2,3,69,10,20,11,4,3,,1,670,4,8,,,2,5,,,,,,,,,,,Y,Y,A1100013,3
2026-07-28 00:35:59,data_go_kr,서울특별시,A1100008,학교법인고려중앙학원고려대학교의과대학부속병원(안암병원),11,20260728003525,02-920-5374,Y,Y,1,5,,,1,,,1,,,,,,,,4,,2,,3,,,0,1,0,,,,2,1,Y,,Y,,,,Y,,Y,Y,,,Y,Y,Y,34,Y,,Y,Y,-2,25,N1,30,4,,,15,16,19,17,,,,,,9,,,6,31,,,25,,10,3,4,7,6,8,84,14,20,11,8,7,,,777,2,7,,,6,,,,,,,,,,,,Y,Y,A1100008,4
2026-07-28 00:35:59,data_go_kr,서울특별시,A1100005,이화여자대학교의과대학부속목동병원,11,20260728003050,02-2650-5911,Y,Y,,,,,0,0,,0,,,,,,,,8,2,3,4,3,,,,0,6,,,,4,3,Y,,Y,3,,,Y,,Y,Y,,,Y,Y,Y,61,Y,,Y,Y,14,13,N1,19,8,2,4,19,10,13,28,,,,14,,,,,4,32,,,13,,10,9,2,4,4,4,58,10,34,9,3,5,,,526,,,,,1,1,,,,,,,,,,,Y,Y,A1100005,5
2026-07-28 00:35:59,data_go_kr,서울특별시,A1100017,서울대학교병원,-1,20260728003524,02-2072-2475,Y,Y,,,1,1,2,0,,1,,0,0,,1,,,3,2,7,3,7,3,0,4,6,11,4,,,4,4,Y,Y,Y,3,,,Y,,Y,Y,5,0,Y,Y,Y,92,Y,,Y,Y,3,53,N1,24,10,2,4,17,10,18,40,22,2,10,5,,8,10,,28,30,6,,53,,41,7,4,13,13,14,160,19,46,22,9,3,1,,1365,,,1,1,2,1,,,0,0,,8,,,,,Y,Y,A1100017,6
2026-07-28 00:35:59,data_go_kr,서울특별시,A1100035,서울특별시서울의료원,8,20260728003500,02-2276-7000,Y,Y,,,,,1,1,0,0,,,,,,,,3,2,,2,4,,,,,4,,,,11,2,Y,Y,Y,1,,,Y,,Y,Y,,,Y,Y,Y,86,Y,1,Y,Y,2,10,Y,19,3,2,3,14,7,,3,,,,6,,,,5,,28,,,10,,30,3,4,5,3,5,65,5,12,7,2,4,1,2,461,,,,,2,4,2,,,,,,,,,,Y,Y,A1100035,7
2026-07-28 00:35:59,data_go_kr,서울특별시,A1100015,연세대학교의과대학강남세브란스병원,-1,20260728003352,02-2019-3333,Y,Y,,,,,,,,,,,,,,,,2,1,,2,,,,4,,,,,,,5,Y,,Y,7,,,Y,,Y,Y,,,Y,Y,Y,40,Y,10,Y,Y,0,23,N1,21,2,1,2,,,,28,,,,12,,8,,29,,,,,23,,,5,1,4,3,6,47,10,23,6,3,5,,,691,,,,,,,,,,,,,,,,,Y,Y,A1100015,8
2026-07-28 00:35:59,data_go_kr,서울특별시,A1100010,삼성서울병원,-20,20260728003432,02-3410-2060,Y,Y,,,,,,,,15,,,,,,,,1,2,11,1,,4,,3,2,,,,,5,11,Y,,Y,6,,,Y,,Y,Y,,15,Y,Y,Y,104,Y,14,Y,Y,2,53,N1,52,4,2,2,,30,23,59,15,,,12,,12,36,14,2,,,,53,,27,18,8,19,16,15,117,22,43,21,11,2,,,1528,,,,,,,,,,,,,,,,,Y,Y,A1100010,9
2026-07-28 00:35:59,data_go_kr,서울특별시,A1100028,성심의료재단강동성심병원,6,20260728003125,02-2224-2358,Y,Y,,,,,,,,0,,,,,,,2,,1,,3,,,,,2,,,,,,0,Y,,Y,,,,Y,,Y,Y,,,Y,Y,Y,112,Y,0,Y,Y,2,12,N1,15,,1,6,,18,,3,,,,,,,,19,5,,,,13,,,2,1,4,2,5,35,3,3,8,3,1,,,566,,,,,,,,,,,,,,2,,,Y,Y,A1100028,10
2026-07-28 00:35:59,data_go_kr,서울특별시,A1100053,한국보훈복지의료공단중앙보훈병원,19,20260728003349,02-2225-1100,,,,,,,,,,5,,,,,,,,,1,7,2,0,,,0,1,0,,,,35,0,N,,Y,2,,,Y,,Y,Y,,,Y,Y,Y,142,N1,,N1,Y,,13,N1,22,,1,2,2,14,14,,,,,13,,10,,,1,3,,,13,,60,7,1,3,4,4,38,,,10,1,,,,820,,,,,,,,,,,,,,,,,Y,N1,A1100053,11
2026-07-28 00:35:59,data_go_kr,서울특별시,A1120796,이화여자대학교의과대학부속서울병원,-2,20260728003145,02-6986-5119,Y,Y,,,,,,,,0,,,,,,,,4,1,8,5,,,,1,1,,,,,,3,Y,,Y,5,,,Y,,Y,Y,,3,Y,Y,Y,137,Y,0,Y,Y,1,17,N1,14,9,2,6,,10,17,24,,,,17,,11,19,11,7,,,,19,,,4,2,5,5,8,71,9,22,12,4,5,,,732,,,,,,,,,,,,,,,,,Y,Y,A1120796,12
2026-07-28 00:35:59,data_go_kr,서울특별시,A1100041,의료법인서울효천의료재단에이치플러스양지병원,18,20260728003513,070-4665-9119,,,,,,,,,,,,,,,,,,,1,,2,,,,,0,,,,,,2,,,Y,,,,Y,,Y,Y,,,Y,Y,Y,29,Y,3,N1,Y,,7,N1,18,,1,2,,,,,,,,,,,,20,1,,,,7,,,3,,2,3,3,23,,,4,1,1,,,301,,,,,,,,,,,,,,,,,Y,N1,A1100041,13
2026-07-28 00:35:59,data_go_kr,서울특별시,A1100002,건국대학교병원,14,20260728003244,02-2030-5555,Y,Y,,,,,,,,7,,,,,,,,4,1,10,2,,,,,1,,,,,7,0,Y,,Y,,,,Y,,Y,Y,,,Y,Y,Y,139,Y,,Y,Y,-1,21,N1,20,4,1,2,,24,25,16,,,,,,,,,1,,,,21,,14,3,2,4,4,5,45,7,18,7,3,14,,,678,,,,,,,,,,,,,,,,,Y,Y,A1100002,14
2026-07-28 00:35:59,data_go_kr,서울특별시,A1100016,인제대학교상계백병원,8,20260728003206,02-950-1119,Y,Y,,,,,,,,3,,,,,,,4,,1,4,2,,,,,1,,,,,3,1,Y,,Y,,,,Y,,Y,Y,,,Y,Y,Y,70,Y,,Y,Y,1,13,N1,16,,1,2,,19,18,15,,,,,,,,,4,,,,13,,5,2,2,3,2,3,36,10,25,10,3,1,,,390,,,,,,,,,,,,,,4,,,Y,Y,A1100016,15
2026-07-28 00:35:59,data_go_kr,서울특별시,A1100048,노원을지대학교병원,13,20260728003102,02-970-8282,Y,Y,,,,,,,,3,,,,,,,,,1,6,4,,,,,2,,,,,3,0,Y,,Y,,0,0,Y,,Y,Y,,,Y,Y,Y,181,N1,,Y,Y,1,11,N1,17,,1,4,,16,16,10,,,,,,,,,2,,,,11,,21,1,3,2,2,2,26,8,19,3,1,,,,479,,,,,,,,,,,,,,,0,0,Y,Y,A1100048,16
2026-07-28 00:35:59,data_go_kr,서울특별시,A1100020,의료법인한전의료재단한일병원,17,20260728003503,02-901-3119,N,N,,,,,,,,,,,,,,,,2,2,,1,0,,,,0,2,,,,,1,,Y,Y,,,,Y,,Y,Y,,,Y,Y,N1,68,Y,2,N,Y,,8,Y,21,2,2,2,2,,,,,,,,,,,21,1,3,,,8,,,5,,2,1,1,25,1,4,2,,4,2,2,389,,,,,,,,,,,,,,,,,Y,N,A1100020,17
2026-07-28 00:35:59,data_go_kr,서울특별시,A1100001,경희대학교병원,11,20260728003341,02-958-8114,Y,Y,,,,,,,,,,,,,,,,2,2,,1,,,,,,,,,,10,9,Y,,Y,3,,,Y,,Y,Y,,,Y,Y,Y,119,Y,19,Y,Y,0,16,N1,15,3,2,3,,,,14,,,,15,,,,73,,,,,16,,20,10,3,3,3,5,48,6,12,8,3,2,,,657,,,,,,,,,,,,,,,,,Y,Y,A1100001,18
2026-07-28 00:35:59,data_go_kr,서울특별시,A1100021,삼육서울병원,11,20260728003151,02-2210-3566,,N,,,,,,,,,,,,,,,4,,1,,2,0,,,,1,1,,,,,4,Y,,Y,,,,Y,,Y,Y,,,Y,Y,Y,53,Y,4,N,Y,4,5,Y,13,,1,2,2,,,4,,,,,,,,15,1,3,,,5,,,4,2,1,1,2,20,,4,5,2,1,,1,389,,,,,,,,,,,,,,4,,,Y,N1,A1100021,19
2026-07-28 00:35:59,data_go_kr,서울특별시,A1100040,서울특별시보라매병원,18,20260728003500,02-870-2119,Y,Y,,,,,,,,6,,,,,,,,2,2,10,1,,,,2,2,,,,,1,0,Y,,Y,,,,Y,,Y,Y,,,Y,Y,Y,139,Y,,Y,Y,0,14,N1,31,3,2,1,,15,16,14,,,,,,4,,,4,,,,14,,14,3,4,6,3,5,48,14,13,5,9,2,,,695,,,,,,,,,,,,,,,,,Y,Y,A1100040,20
2026-07-28 00:35:59,data_go_kr,서울특별시,A1100003,중앙대학교병원,4,20260728003509,02-6299-1338,Y,Y,0,0,,,0,,,2,,,,,4,,,2,0,4,0,3,,,,3,,,,,3,1,Y,,Y,,,,Y,,Y,Y,,,Y,Y,Y,131,Y,,Y,Y,0,16,N1,18,4,0,0,12,12,17,25,,,,,,,,,11,,,,16,,24,2,2,4,3,4,51,9,21,13,6,12,,,631,0,0,,,1,,,,,,,4,,,,,Y,Y,A1100003,21
2026-07-28 00:35:59,data_go_kr,서울특별시,A1100007,연세대학교의과대학세브란스병원,4,20260728003440,02-2227-7777,Y,Y,,,1,1,,,,8,,,,,,,,5,1,9,3,,5,1,14,2,,1,,,0,1,Y,Y,Y,2,,,Y,,Y,Y,2,0,Y,Y,Y,223,Y,6,Y,Y,10,3,N1,39,8,1,3,,29,24,52,22,2,10,29,,23,17,18,5,,6,,3,,20,30,8,16,16,17,206,55,61,21,16,21,1,,1872,,,1,1,,,,,,,,,,,,,Y,Y,A1100007,22
2026-07-28 00:35:59,data_go_kr,서울특별시,A1100012,학교법인가톨릭학원가톨릭대학교서울성모병원,-14,20260728003512,02-2258-2370,Y,Y,1,3,1,1,,,,7,,,,,,,,4,,12,,,0,1,0,11,,0,,,14,2,Y,,Y,13,,,Y,,Y,Y,,5,Y,Y,Y,85,Y,0,Y,Y,5,32,N1,28,7,,,,22,22,50,3,2,,19,,10,8,5,18,,6,,32,,35,10,2,9,10,8,80,40,39,11,9,4,,,1059,1,5,1,1,,,,,,,,,,,,,Y,Y,A1100012,23
2026-07-28 00:35:59,data_go_kr,서울특별시,A1100009,재단법인아산사회복지재단서울아산병원,-3,20260728003415,02-3010-3333,Y,Y,,,2,0,1,1,,1,,,,,,,,6,1,5,5,1,1,0,4,9,0,0,,,7,3,Y,,Y,3,,,Y,,Y,Y,4,2,Y,Y,Y,141,Y,3,Y,Y,10,4,Y,36,11,1,22,2,24,37,61,26,2,13,12,,12,12,12,47,4,6,,4,,28,8,8,21,15,17,190,33,49,30,14,5,,1,2089,,,2,1,1,6,,,,,,,,,,,Y,Y,A1100009,24
2026-07-28 00:35:59,data_go_kr,서울특별시,A1100011,가톨릭대학교여의도성모병원,15,20260728003511,02-3779-1199,,,,,,,,,,2,,,,,,,,,1,0,4,,,,,1,,,,,,1,Y,,Y,1,,,Y,,Y,Y,,,Y,Y,Y,78,Y,,N1,Y,,13,N1,15,,1,4,,11,9,,,,,9,,,,,1,,,,13,,,1,2,2,2,2,23,,,5,2,2,,,330,,,,,,,,,,,,,,,,,Y,N1,A1100011,25
2026-07-28 00:35:59,data_go_kr,서울특별시,A1100055,한림대학교강남성심병원,11,20260728003211,02-829-5119,Y,Y,,,,,,,,-1,,,,,,,,2,1,7,4,,,,3,3,,,,,,,Y,,Y,,,,Y,,Y,Y,,,Y,Y,Y,128,Y,,Y,Y,0,14,N1,20,3,1,4,,21,25,12,,,,,,10,,,7,,,,14,,,,3,3,3,3,54,21,22,13,3,2,,,496,,,,,,,,,,,,,,,,,Y,Y,A1100055,26
2026-07-28 00:35:59,data_go_kr,서울특별시,A1100054,성애의료재단성애병원,11,20260728003258,02-840-7115,Y,Y,,,,,,,,,,,,,,,,,1,,4,,,,,1,,,,,,,Y,,Y,,,,Y,,Y,Y,,,Y,Y,N1,36,N1,0,Y,Y,2,5,N1,15,,1,4,,,,4,,,,,,,,19,1,,,,5,,,,2,2,2,1,8,5,14,2,,,,,252,,,,,,,,,,,,,,,,,Y,Y,A1100054,27
2026-07-28 00:35:59,data_go_kr,서울특별시,A1100004,순천향대학교부속서울병원,9,20260728003322,02-709-9117,Y,Y,,,,,,,,,,,0,,0,,0,4,1,,2,,,,,1,,,,,9,2,Y,,Y,,,,Y,,Y,Y,,,Y,Y,Y,118,Y,5,Y,Y,1,14,N1,20,4,1,2,,,,13,,,,,,,,45,10,,,,14,,21,4,7,3,3,4,51,8,17,14,5,3,,,600,,,,,,,,,,0,,0,,0,,,Y,Y,A1100004,28
2026-07-28 00:35:59,data_go_kr,서울특별시,A1121013,가톨릭대학교은평성모병원,11,20260728003510,02-1811-7755,Y,Y,,,,,,,,0,,,,,,,,2,1,0,2,,,,4,0,,,,,,1,Y,,Y,0,,,Y,,Y,Y,,,Y,Y,Y,66,Y,,Y,Y,6,19,N1,24,8,2,2,,16,9,19,,,,13,,12,,,4,,,,19,,,5,1,4,3,5,46,19,22,10,5,20,,,651,,,,,,,,,,,,,,,,,Y,Y,A1121013,29
2026-07-28 00:35:59,data_go_kr,서울특별시,A1100006,강북삼성병원,1,20260728003534,02-2001-1000,Y,Y,,,,,,,,,,,,,,,,2,1,1,1,,,,,1,,,,,7,2,Y,,Y,2,,,Y,,Y,Y,,2,Y,Y,Y,40,Y,4,Y,Y,1,16,N1,15,2,1,2,,,4,7,,,,12,,,8,24,5,,,,16,,18,3,1,5,4,6,54,13,14,8,4,3,,,526,,,,,,,,,,,,,,,,,Y,Y,A1100006,30
2026-07-28 00:35:59,data_go_kr,서울특별시,A1100052,국립중앙의료원,11,20260728003404,02-2276-2114,N,Y,,,,,,,,,,0,,,0,0,5,3,2,0,3,1,,,,2,0,,8,2,,4,Y,,Y,,2,6,Y,11,Y,Y,,,Y,Y,Y,0,Y,1,Y,Y,,7,N1,15,3,2,3,6,,0,,,,,,20,,,13,2,0,,50,7,2,,7,1,1,1,2,56,1,3,5,5,2,,,202,,,,,,,,,0,,,0,0,5,2,6,Y,N,A1100052,31
2026-07-28 00:35:59,data_go_kr,서울특별시,A1100036,부민병원,8,20260728003140,02-2620-0119,,Y,,,,,,,,,,,,,,,,,1,,,,,,,0,,,,,,0,Y,,Y,,,,Y,,Y,Y,,,Y,Y,Y,53,N1,2,Y,Y,,8,N1,10,,1,,,,,,,,,,,,,14,1,,,,8,,,3,1,3,3,1,22,,1,2,1,,,,282,,,,,,,,,,,,,,,,,Y,N1,A1100036,32
2026-07-28 00:35:59,data_go_kr,서울특별시,A1100051,혜민병원,9,20260728003146,02-2049-9119,,,,,,,,,,,,,,,,,,,1,,,,,,,,,,,,,,,,Y,,,,,,Y,N1,,,Y,Y,N1,35,N1,3,N1,Y,,5,N1,9,,1,,,,,,,,,,,,,19,,,,,5,,,,,2,2,,16,,,2,,,,,205,,,,,,,,,,,,,,,,,Y,N1,A1100051,33
2026-07-28 00:35:59,data_go_kr,서울특별시,A1100026,구로성심병원,7,20260728003439,02-2067-1515,,,,,,,,,,,,,,,,,,,,,1,,,,,,,,,,,,,,Y,,,,,,Y,N1,,,N1,Y,N1,41,N1,3,N1,Y,,3,N1,9,,,1,,,,,,,,,,,,11,,,,,3,,,,,1,1,,5,,,,,,,,191,,,,,,,,,,,,,,,,,Y,N1,A1100026,34
2026-07-28 00:35:59,data_go_kr,서울특별시,A1100049,희명병원,10,20260728003304,02-809-0122,,,,,,,,,,,,,,,,,,,,,1,,,,,,,,,,,,,,Y,,,,,,Y,N1,,,Y,Y,Y,114,N1,2,N1,Y,,4,N1,10,,,1,,,,,,,,,,,,19,,,,,4,,,,,1,1,,9,,,1,1,,,,228,,,,,,,,,,,,,,,,,Y,N1,A1100049,35
2026-07-28 00:35:59,data_go_kr,서울특별시,A1100027,한국원자력의학원원자력병원,7,20260728003054,02-970-2620,,Y,,,,,,,,,,,,,,,1,,1,,0,,,,,1,,,,,,1,Y,,Y,,,,Y,,Y,Y,,,Y,Y,N1,194,N1,6,Y,Y,,10,N1,9,,1,1,,,,,,,,,,,,10,1,,,,10,,,1,1,4,2,1,16,,2,1,,,,,444,,,,,,,,,,,,,,1,,,Y,N1,A1100027,36
2026-07-28 00:35:59,data_go_kr,서울특별시,A1100022,서울특별시동부병원,7,20260728003520,02-920-9119,,Y,,,,,,,,,,,,,,,,,1,,1,,,,,1,,,,,,,Y,,Y,,,,,,Y,N1,,,Y,Y,N1,22,N1,1,Y,Y,,3,N1,8,,1,1,,,,,,,,,,,,8,1,,,,3,,,,1,1,1,,7,,1,1,,,,,195,,,,,,,,,,,,,,,,,Y,N1,A1100022,37
2026-07-28 00:35:59,data_go_kr,서울특별시,A1100050,서울성심병원,17,20260728003503,02-966-1616,,,,,,,,,,,,,,,,,,,1,,2,,,,,,,,,,,,,,Y,,,,,,Y,N1,,,N1,Y,N1,68,N1,7,N1,Y,,6,N1,17,,1,2,,,,,,,,,,,,10,,,,,6,,,,,1,1,,11,,,,,,,,208,,,,,,,,,,,,,,,,,Y,N1,A1100050,38
2026-07-28 00:35:59,data_go_kr,서울특별시,A1100025,의료법인동신의료재단동신병원,3,20260728003429,02-396-9161,N,N,,,,,,,,,,,,,,,,,,,1,,,,,,,,,,,,N,N,Y,,,,N,,Y,N,,,Y,Y,N,46,N,4,N,Y,,3,N,9,,,1,,,,,,,,,,,,9,,,,,3,,,,0,1,1,0,7,0,0,1,0,0,0,0,196,,,,,,,,,,,,,,,,,Y,N,A1100025,39
2026-07-28 00:35:59,data_go_kr,서울특별시,A1122033,기쁨병원,4,20260728003448,02-570-1212,,,,,,,,,,,,,,,,,,,,,1,,,,,,,,,,,,,,Y,,,,Y,,Y,Y,,,N1,Y,N1,52,N1,,N1,Y,,8,N1,4,,,1,,,,,,,,,,,,,,,,,8,,,,,2,2,1,1,,,,,,,,110,,,,,,,,,,,,,,,,,Y,N1,A1122033,40
2026-07-28 00:35:59,data_go_kr,서울특별시,A1100039,경찰병원,3,20260728003502,02-3400-1300,,,,,,,,,,,,,,,,,1,,1,,,,,,,2,,,,,,2,,,Y,,,,,,Y,N1,,,Y,Y,N1,125,N1,14,N1,Y,,7,N1,3,,1,,,,,,,,,,,,,14,2,,,,7,,,2,,2,3,,10,,,2,,,,,187,,,,,,,,,,,,,,1,,,Y,N1,A1100039,41
2026-07-28 00:35:59,data_go_kr,서울특별시,A1100019,홍익병원,7,20260728003503,02-2600-0777,,,,,,,,,,,,,,,,,,,,,1,,,,,0,,,,,,1,,,Y,,,,Y,,Y,Y,,,N,Y,N1,45,N1,7,N1,Y,,4,N1,9,,,1,,,,,,,,,,,,14,1,,,,4,,,1,,4,2,2,7,,,1,,,,,251,,,,,,,,,,,,,,,,,Y,N1,A1100019,42
2026-07-28 00:35:59,data_go_kr,서울특별시,A1100223,서울특별시서남병원,13,20260728003000,02-6300-9129,,,,,,,,,,,,,,,,0,,,1,,1,2,,,,1,0,,,,,4,,,Y,,,,,,Y,N1,,,Y,Y,Y,53,Y,7,N1,Y,,4,N1,17,,1,2,2,,,,,,,,,,,17,1,3,,,4,,,4,,2,1,,16,,,1,1,1,,,275,,,,,,,,,,,,,0,,,,Y,N1,A1100223,43
2026-07-28 00:35:59,data_go_kr,서울특별시,A1100024,명지성모병원,7,20260728003452,02-829-7800,,,,,,,,,,,,,,,,,,,1,,0,,,,,1,,,,,,,,,Y,,,,Y,,Y,Y,,,N1,Y,N1,73,N1,5,N1,Y,,2,N1,8,,1,1,,,,,,,,,,,,12,1,,,,3,,,,,1,3,2,7,,,,,,,,212,,,,,,,,,,,,,,,,,Y,N1,A1100024,44
2026-07-28 00:35:59,data_go_kr,서울특별시,A1100037,대림성모병원,8,20260728003146,02-829-9129,,,,,,,,,,,,,,,,,,,,,1,,,,,,,,,,,,,,Y,,,,,,Y,N1,,,N1,Y,N1,37,N1,,N1,Y,,4,N1,8,,,2,,,,,,,,,,,,,,,,,4,,,,,1,1,,1,,,,,,,,113,,,,,,,,,,,,,,,,,Y,N1,A1100037,45
2026-07-28 00:35:59,data_go_kr,서울특별시,A1100045,씨엠병원,9,20260728003000,070-4698-7811,,,,,,,,,,,,,,,,,,,,,1,,,,,,,,,,,,,,Y,,,,,,Y,N1,,,N1,Y,N1,39,N1,,N1,Y,,5,N1,9,,,1,,,,,,,,,,,,,,,,,5,,,,,2,2,,6,,,,,,,,110,,,,,,,,,,,,,,,,,Y,N1,A1100045,46
2026-07-28 00:35:59,data_go_kr,서울특별시,A1100023,의료법인청구성심병원,6,20260728003436,02-383-0129,,,,,,,,,,,,,,,,,,,,,1,,,,,,,,,,,,,,Y,,,,,,Y,N1,,,N1,Y,N1,6,N1,1,N1,Y,,3,N1,10,,,1,,,,,,,,,,,,6,,,,,3,,,,,1,1,,4,,,,,,,,196,,,,,,,,,,,,,,,,,Y,N1,A1100023,47
2026-07-28 00:35:59,data_go_kr,서울특별시,A1100029,서울적십자병원,10,20260728003353,02-2002-8888,,,,,,,,,,,,,,,,,,,1,,,,,,,,,,,,,,,,Y,,,,,,Y,N1,,,Y,Y,N1,81,N1,8,N1,Y,,6,N1,10,,1,,,,,,,,,,,,,12,,,,,6,,,,,1,1,,11,,,2,,,,,260,,,,,,,,,,,,,,,,,Y,N1,A1100029,48
2026-07-28 00:35:59,data_go_kr,서울특별시,A1100032,세란병원,10,20260728003434,02-737-0181,,,,,,,,,,,,,,,,,,,,,1,,,,,,,,,,,,,,Y,,,,,,Y,N1,,,N1,Y,N1,19,N1,,N1,Y,,13,N1,10,,,1,,,,,,,,,,,,,,,,,13,,,,,3,5,,3,,,,,,,,205,,,,,,,,,,,,,,,,,Y,N1,A1100032,49
2026-07-28 00:35:59,data_go_kr,서울특별시,A1100075,의료법인풍산의료재단동부제일병원,6,20260728003037,02-490-8880,,,,,,,,,,,,,,,,,,,,,1,,,,,,,,,,,,,,Y,,,,,,Y,N1,,,N1,Y,N1,39,N1,,N1,N,,2,N1,7,,,1,,,,,,,,,,,,,,,,,2,,,,,1,1,,3,,,,,,,,124,,,,,,,,,,,,,,,,,Y,N1,A1100075,50
2026-07-28 00:35:59,data_go_kr,서울특별시,A1100044,녹색병원,5,20260728003502,02-490-2113,,,,,,,,,,,,,,,,,,,1,,4,,,,,2,,,,,,0,Y,,Y,,,,,,Y,N1,,,Y,Y,N1,75,N1,7,N1,Y,,3,N1,5,,1,4,,,,,,,,,,,,17,3,,,,3,,,3,1,2,1,,22,,,1,,,,,293,,,,,,,,,,,,,,,,,Y,N1,A1100044,51
2026-07-28 00:35:59,data_go_kr,부산광역시,A1200003,동아대학교병원,21,20260728003210,051-240-5300,Y,Y,2,6,,,,2,1,,,,,,,,,3,,,,9,,,3,5,9,,,,6,1,Y,,Y,1,,,Y,,Y,Y,4,5,Y,Y,Y,81,Y,6,Y,Y,6,18,N1,26,3,,,16,,,20,,,8,13,,11,7,18,6,30,,,18,,18,3,4,5,3,4,76,11,30,16,4,4,,,738,2,6,,,,4,1,,,,,,,,,,Y,Y,A1200003,1
2026-07-28 00:35:59,data_go_kr,부산광역시,A1200022,인제대학교 해운대백병원,20,20260728003017,051-797-0135,Y,Y,,,,,3,2,,10,,,,,,,,0,2,8,2,7,,,,1,7,,,,,0,Y,Y,Y,,,,Y,,Y,Y,,,Y,Y,Y,31,Y,,Y,Y,0,22,N1,29,3,2,3,12,28,27,23,,,,,,,,,2,30,,,22,,,7,2,5,3,4,72,8,40,17,9,11,1,,710,,,,,5,3,,,,,,,,,,,Y,Y,A1200022,2
2026-07-28 00:35:59,data_go_kr,부산광역시,A1200018,대동병원,11,20260728003230,051-550-9391,,,,,,,,,,,,,,,,,,3,1,,2,,,,,0,,,,,,1,,,Y,,,,Y,,Y,Y,,,Y,Y,N1,49,N1,0,N1,Y,,6,N1,15,3,1,2,,,,,,,,,,,,21,1,,,,6,,,1,,2,1,1,10,,,1,,,,,401,,,,,,,,,,,,,,,,,Y,N1,A1200018,3
2026-07-28 00:35:59,data_go_kr,부산광역시,A1200020,의료법인 온그룹의료재단 온병원,20,20260728003146,051-607-0139,,,,,,,,,,,,,,,,,,,1,,2,,,,,1,,,,,,6,,,Y,,,,Y,,Y,Y,,,Y,Y,N1,132,N1,7,N1,Y,,9,Y,20,,1,2,,,,,,,,,,,,23,1,,,,9,,,6,,4,2,2,7,,,1,,,,1,585,,,,,,,,,,,,,,,,,Y,N1,A1200020,4
2026-07-28 00:35:59,data_go_kr,부산광역시,A1200001,인제대학교부산백병원,11,20260728003513,051-890-5995,Y,Y,,,,,,,,4,,,,,,,,,1,1,2,,,,2,1,,,,,4,1,Y,,Y,1,,,Y,,Y,Y,,,Y,Y,Y,90,Y,2,Y,Y,-1,17,Y,18,,1,2,,19,18,35,,,,12,,6,,10,1,,,,17,,20,8,4,5,3,6,68,19,38,16,3,7,,2,691,,,,,,,,,,,,,,,,,Y,Y,A1200001,5
2026-07-28 00:35:59,data_go_kr,부산광역시,A1200005,의료법인 은성의료재단 좋은삼선병원,7,20260728003408,051-310-9119,,,,,,,,,,,,,,,,,2,1,1,,2,,,,0,1,,,,,,2,,,Y,0,,,Y,,Y,Y,,,Y,Y,N1,11,N1,7,N1,Y,,7,N1,13,1,1,2,,,,,,,,5,,4,,19,2,,,,7,,,2,,2,2,2,11,,,1,,,,,375,,,,,,,,,,,,,,3,,,Y,N1,A1200005,6
2026-07-28 00:35:59,data_go_kr,부산광역시,A1200004,고신대학교복음병원,9,20260728003425,051-990-6200,Y,Y,0,4,,,,,,6,,,,,,,,,,7,,,,,6,4,,,,,14,1,Y,,Y,3,,,Y,,Y,Y,1,,Y,Y,Y,79,Y,,Y,Y,14,13,Y,25,,,,,13,8,18,,,5,13,,16,,,7,,,,13,,14,1,7,3,3,5,53,13,19,14,3,1,,1,685,1,4,,,,,,,,,,,,,,,Y,Y,A1200004,7
2026-07-28 00:35:59,data_go_kr,부산광역시,A1200002,부산대학교병원,14,20260728003500,051-240-7776,Y,Y,,,,,0,,,2,,,,0,0,0,,3,1,,1,-4,,,,3,3,,23,2,8,4,Y,,Y,0,2,12,Y,20,Y,Y,,,Y,Y,Y,303,Y,8,Y,Y,-1,26,N,17,3,1,2,2,10,,20,,,,0,42,,,24,4,3,,82,26,2,19,10,12,9,6,10,100,17,17,21,9,21,,1,901,,,,,2,,,,,,0,0,0,,2,12,Y,Y,A1200002,8
2026-07-28 00:35:59,data_go_kr,부산광역시,A1200007,비에이치에스한서병원,13,20260728003500,051-998-1119,,,,,,,,,,,,,,,,,,,1,,2,2,,,,,3,,,,,,,,Y,,,,Y,,Y,Y,,,Y,Y,Y,60,N1,3,N1,Y,,4,N1,17,,1,2,2,,,,,,,,,,,14,,3,,,4,,,,,1,1,2,11,,,1,1,,,,285,,,,,,,,,,,,,,,,,Y,N1,A1200007,9
2026-07-28 00:35:59,data_go_kr,부산광역시,A1200028,(의)서일의료재단기장병원,7,20260728003434,051-723-2119,,,,,,,,,,,,,,,,,,,,,1,,,,,,,,,,,,,,Y,,,,,,Y,N1,,,N1,Y,N1,12,N1,,N1,Y,,3,N1,9,,,1,,,,,,,,,,,,,,,,,3,,,,,1,1,,1,,,,,,,,154,,,,,,,,,,,,,,,,,Y,N1,A1200028,10
2026-07-28 00:35:59,data_go_kr,부산광역시,A1200015,동남권원자력의학원원자력병원,9,20260728003304,051-720-5911,,,,,,,,,,,,,,,,,,,1,,,,,,,,,,,,,,,,Y,,,,Y,,Y,Y,,,Y,Y,Y,65,N1,8,N1,Y,,8,N1,9,,1,,,,,,,,,,,,,12,,,,,8,,,,,2,2,2,12,,,1,0,,,,261,,,,,,,,,,,,,,,,,Y,N1,A1200015,11
2026-07-28 00:35:59,data_go_kr,부산광역시,A1200013,부산성모병원(재단법인 천주교부산교구유지재단),5,20260728003310,051-933-7119,Y,Y,,,,,,,,,,,,,,,4,4,1,,,,,,,2,,,,,,1,,,Y,,,,,,Y,N1,,,Y,Y,N1,45,N1,9,Y,Y,6,7,N1,10,4,1,,,,,10,,,,,,,,18,2,,,,7,,,2,,1,1,,6,14,13,1,,,,,373,,,,,,,,,,,,,,4,,,Y,Y,A1200013,12
2026-07-28 00:35:59,data_go_kr,부산광역시,A1200026,좋은문화병원,5,20260728003504,051-630-0909,Y,Y,,,,,,,,,,,,,,,,2,1,,2,,,,,,,,,,,1,Y,,Y,,,,,,Y,N1,,,N1,Y,N1,31,N1,3,Y,Y,0,0,Y,7,2,1,2,,,,12,,,,,,,,8,,,,,8,,,2,8,2,2,,3,6,17,,,,,1,270,,,,,,,,,,,,,,,,,Y,Y,A1200026,13
2026-07-28 00:35:59,data_go_kr,부산광역시,A1200017,의료법인정화의료재단 봉생기념병원,7,20260728002738,051-664-4119,,,,,,,,,,1,,,,,,,,,,0,2,,,,,,,,,,2,1,,,Y,,,,Y,,Y,Y,,,Y,Y,N1,30,N1,,N1,Y,,8,N1,9,,,2,,11,11,,,,,,,,,,,,,,8,,31,1,,1,2,2,11,,,4,,,,,335,,,,,,,,,,,,,,,,,Y,N1,A1200017,14
2026-07-28 00:35:59,data_go_kr,부산광역시,A1200011,동래봉생병원,6,20260728003316,051-520-5700,,,,,,,,,,,,,,,,,,,1,,1,,,,,2,,,,,,,,,Y,,,,Y,,Y,Y,,,Y,Y,N1,17,N1,2,N1,Y,,7,N1,8,,1,1,,,,,,,,,,,,18,2,,,,7,,,,,1,2,2,11,,,1,,,,,241,,,,,,,,,,,,,,,,,Y,N1,A1200011,15
2026-07-28 00:35:59,data_go_kr,부산광역시,A1200009,의료법인 광혜의료재단 광혜병원,4,20260728003300,051-504-2119,,,,,,,,,,,,,,,,,,,2,,1,,,,,,,,,,,1,,,Y,,,,,,Y,N1,,,N1,Y,N1,66,N1,1,N1,Y,,3,N1,9,,2,1,,,,,,,,,,,,9,,,,,3,,,1,,1,1,,4,,,,,,,,190,,,,,,,,,,,,,,,,,Y,N1,A1200009,16
2026-07-28 00:35:59,data_go_kr,부산광역시,A1200019,학교법인)동의병원,13,20260728003400,051-850-8777,,,,,,,,,,,,,,,,,,,,,1,,,,,,,,,,,,,,Y,,,,Y,,Y,Y,,,Y,Y,Y,91,N1,15,N1,Y,,1,N1,14,,,1,,,,,,,,,,,,23,,,,,5,,,,,2,2,2,7,,,2,1,,,,448,,,,,,,,,,,,,,,,,Y,N1,A1200019,17
2026-07-28 00:35:59,data_go_kr,부산광역시,A1200025,학교법인 춘해병원,9,20260728003401,051-608-0119,,,,,,,,,,,,,,,,,,,,,1,,,,,,,,,,,,,,Y,,,,,,Y,N1,,,N1,Y,N1,54,N1,,N1,Y,,4,N1,9,,,1,,,,,,,,,,,,,,,,,4,,,,,1,1,,3,,,,,,,,201,,,,,,,,,,,,,,,,,Y,N1,A1200025,18
2026-07-28 00:35:59,data_go_kr,부산광역시,A1200045,구포성심병원,7,20260728003452,051-330-2090,,,,,,,,,,,,,,,,,,,,,1,,,,,,,,,,,,,,Y,,,,Y,,Y,Y,,,N1,Y,N1,19,N1,,N1,Y,,4,N1,9,,,1,,,,,,,,,,,,,,,,,4,,,,,1,1,1,4,,,,,,,,243,,,,,,,,,,,,,,,,,Y,N1,A1200045,19
2026-07-28 00:35:59,data_go_kr,부산광역시,A1200006,의료법인 인당의료재단 부민병원,8,20260728003140,051-330-3129,,,,,,,,,,,,,,,,,,,1,,1,,,,,1,,,,,,,,,Y,,,,Y,,Y,Y,,,Y,Y,N1,5,N1,1,N1,Y,,8,N1,10,,1,1,,,,,,,,,,,,18,1,,,,8,,,,,2,3,1,7,,,1,,,,,366,,,,,,,,,,,,,,,,,Y,N1,A1200006,20
2026-07-28 00:35:59,data_go_kr,부산광역시,A1200016,한국보훈복지의료공단 부산보훈병원,11,20260728003259,051-601-6183,,,,,,,,,,,,,,,,,,,1,,1,,,,,1,,,,,,,,,Y,,,,Y,,Y,Y,,,N1,Y,N1,22,N1,5,N1,Y,,7,N1,11,,1,1,,,,,,,,,,,,9,1,,,,7,,,,,2,3,2,11,,,,,,,,452,,,,,,,,,,,,,,,,,Y,N1,A1200016,21
2026-07-28 00:35:59,data_go_kr,부산광역시,A1200021,삼육부산병원,4,20260728003243,051-600-7750,,Y,,,,,,,,,,,,,,,,,0,,,,,,,0,,,,,,,Y,,Y,,,,Y,,Y,Y,,,Y,Y,Y,3,N1,-1,Y,Y,,,N1,9,,1,,,,,,,,,,,,,14,1,,,,,,,,1,2,1,1,9,,1,2,1,,,,302,,,,,,,,,,,,,,,,,Y,N1,A1200021,22
2026-07-28 00:35:59,data_go_kr,부산광역시,A1200008,의료법인 은성의료재단 좋은강안병원,11,20260728003434,051-610-9119,,,,,,,,,,,,,,,,,,,1,,2,,,,,1,,,,,,1,,,Y,,,,Y,,Y,Y,,,Y,Y,Y,68,N1,4,N1,Y,,11,N1,18,,1,2,,,,,,,,,,,,30,2,,,,11,,,3,,4,3,3,12,,,5,1,,,,535,,,,,,,,,,,,,,,,,Y,N1,A1200008,23
2026-07-28 00:35:59,data_go_kr,부산광역시,A1200098,의료법인 센텀의료재단 센텀종합병원,8,20260728002854,051-750-5119,,,,,,,,,,,,,,,,,,,,,1,,,,,1,,,,,,,,,Y,,,,Y,,Y,Y,,,N1,Y,N1,3,N1,0,N1,Y,,9,N1,9,,,1,,,,,,,,,,,,16,1,,,,9,,,,,2,2,1,11,,,,,,,,338,,,,,,,,,,,,,,,,,Y,N1,A1200098,24
2026-07-28 00:35:59,data_go_kr,부산광역시,A1200024,부산광역시의료원,17,20260728003418,051-607-2140,,N,,,,,,,,4,,,,,,,,,1,5,1,,,,,,,,,,7,5,N,,Y,,,,Y,,Y,Y,,,Y,Y,N1,109,N1,,N,Y,,7,N1,18,,1,1,,13,14,,,,,,,,,,,,,,7,,29,7,1,1,1,2,19,,2,4,,,,,398,,,,,,,,,,,,,,,,,Y,N1,A1200024,25
2026-07-28 00:35:59,data_go_kr,부산광역시,A1200012,의료법인 행도의료재단 해동병원,5,20260728003446,051-410-6688,,,,,,,,,,,,,,,,,,,1,,,,,,,,,,,,,0,,,Y,,,,,,Y,N1,,,Y,Y,N1,23,N1,2,N1,Y,,3,Y,6,,1,,,,,,,,,,,,,9,,,,,3,,,0,,1,1,,5,,,1,,,,12,256,,,,,,,,,,,,,,,,,Y,N1,A1200012,26
2026-07-28 00:35:59,data_go_kr,부산광역시,A1200014,영도병원,7,20260728003533,051-419-7575,,,,,,,,,,,,,,,,,,,1,,1,,,,,,,,,,,,,,Y,,,,,,Y,N1,,,N1,Y,N1,18,N1,1,N1,Y,,3,N1,7,,1,1,,,,,,,,,,,,10,,,,,3,,,,,1,1,,7,,,,,,,,217,,,,,,,,,,,,,,,,,Y,N1,A1200014,27
2026-07-28 00:35:59,data_go_kr,부산광역시,A1200023,재단법인천주교부산교구유지재단 메리놀병원,9,20260728003309,051-461-2300,,,,,,,,,,,,,,,,,,,,,0,,,,,0,,,,,,,Y,,Y,,,,Y,,Y,Y,,,Y,Y,N1,77,N1,2,N1,Y,,8,N1,9,,,1,,,,,,,,,,,,18,1,,,,8,,,,1,1,1,1,9,,,2,,,,,380,,,,,,,,,,,,,,,,,Y,N1,A1200023,28
2026-07-28 00:35:59,data_go_kr,부산광역시,A1205143,의료법인 인당의료재단 해운대부민병원,6,20260728003140,051-602-8119,,,,,,,,,,,,,,,,,,,1,,,,,,,0,,,,,,1,,,Y,,,,Y,,Y,Y,,,Y,Y,N1,8,N1,4,N1,Y,,8,Y,9,,1,,,,,,,,,,,,,19,2,,,,8,,,3,,2,2,1,10,,,1,,,,1,360,,,,,,,,,,,,,,,,,Y,N1,A1205143,29
2026-07-28 00:35:59,data_go_kr,대구광역시,A1300001,영남대학교병원,16,20260728003237,053-620-3177,Y,Y,,0,,,0,3,,1,0,,,,,,,3,2,7,3,6,,,0,4,3,,,,11,5,Y,,Y,6,,,Y,,Y,Y,,,Y,Y,Y,94,Y,,Y,Y,-1,23,Y,28,3,2,3,21,10,15,15,,,,14,,7,,,13,30,,,23,,20,7,2,4,4,4,75,5,11,8,5,5,,1,704,,0,,,1,3,,0,,,,,,,,,Y,Y,A1300001,1
2026-07-28 00:35:59,data_go_kr,대구광역시,A1300002,경북대학교병원,13,20260728003205,053-200-5100,Y,Y,2,3,,,,,,2,,,,,,,,2,,4,,9,,,7,,32,,11,2,8,1,Y,,Y,2,2,3,Y,3,Y,Y,0,4,Y,Y,Y,130,Y,,Y,Y,1,17,N1,25,4,,,20,7,7,15,,,6,7,20,10,11,,,44,,40,17,2,20,5,2,5,5,5,82,8,11,11,9,5,,,582,2,3,,,,,,,,,,,,,2,6,Y,Y,A1300002,2
2026-07-28 00:35:59,data_go_kr,대구광역시,A1300004,대구가톨릭대학교병원,9,20260728003214,053-650-3000,Y,Y,,,,,,,,2,,,,,,,,,1,5,3,,,,,2,,,,,2,4,Y,Y,Y,8,,,Y,,Y,Y,,,Y,Y,Y,224,Y,0,Y,Y,2,19,N1,24,,1,3,,15,25,42,,,,16,,,,0,6,,,,19,,20,9,2,3,3,5,58,20,32,8,3,4,1,,704,,,,,,,,,,,,,,,,,Y,Y,A1300004,3
2026-07-28 00:35:59,data_go_kr,대구광역시,A1300003,계명대학교동산병원,6,20260728003450,053-258-6306,Y,Y,,,,,,,,3,,,,,,,,,2,0,0,,3,,,0,9,,,,3,2,Y,Y,Y,2,,,Y,,Y,Y,6,,Y,Y,Y,191,Y,1,Y,Y,3,24,Y,20,,2,3,,11,13,39,7,,8,15,,,,10,4,20,,,24,,20,16,6,6,5,7,56,13,37,9,4,14,1,2,769,,,,,,,,,,,,,,,,,Y,Y,A1300003,4
2026-07-28 00:35:59,data_go_kr,대구광역시,A1300009,대구파티마병원,3,20260728003500,053-940-7119,Y,Y,,,,,,,,3,,,,,,,,5,2,4,4,1,,,,1,1,,,,,,Y,,Y,8,,,Y,,Y,Y,,,Y,Y,Y,105,Y,,Y,Y,2,17,N1,25,5,2,5,2,17,8,8,,,,12,,,,,9,4,,,17,,,,2,5,3,4,32,11,19,5,1,1,,,539,,,,,,,,,,,,,,,,,Y,Y,A1300009,5
2026-07-28 00:35:59,data_go_kr,대구광역시,A1300010,칠곡경북대학교병원,12,20260728003306,053-200-2100,Y,Y,,,1,1,,,,3,,,,,,,,1,1,7,3,,2,1,,4,0,3,,,11,13,Y,,Y,,,,Y,,Y,Y,,,Y,Y,Y,193,Y,,Y,Y,7,19,N1,23,7,1,3,,10,15,39,10,2,,,,,,,4,0,8,,19,,20,13,2,8,5,8,52,9,27,9,3,1,,,760,,,1,1,,,,,,,,,,,,,Y,Y,A1300010,6
2026-07-28 00:35:59,data_go_kr,대구광역시,A1300034,드림종합병원,3,20260728003240,053-640-8575,,,,,,,,,,,,,,,,,1,,,,1,,,,,,,,,,,,,,Y,,,,Y,,Y,Y,,,Y,Y,Y,15,N1,,N1,N,,3,N1,8,,,1,,,,,,,,,,,,,,,,,3,,,,,2,1,1,2,,,1,1,,,,159,,,,,,,,,,,,,,1,,,Y,N1,A1300034,7
2026-07-28 00:35:59,data_go_kr,대구광역시,A1300006,의료법인구의료재단구병원,6,20260728003445,053-557-7119,,,,,,,,,,,,,,,,,,,,,1,,,,,0,,,,,,,,,Y,,,,,,Y,N1,,,N1,Y,N1,42,N1,8,N1,Y,,9,N1,10,,,1,,,,,,,,,,,,18,1,,,,9,,,,,3,1,,3,,,,,,,,235,,,,,,,,,,,,,,,,,Y,N1,A1300006,8
2026-07-28 00:35:59,data_go_kr,대구광역시,A1300110,더블유병원,9,20260728003532,053-550-5019,,,,,,,,,,,,,,,,,,,,,1,,,,,,,,,,,,,,Y,,,,,,Y,N1,,,N1,Y,N1,32,N1,,N1,N,,8,Y,10,,,1,,,,,,,,,,,,,,,,,8,,,,,1,1,,1,,,,,,,8,431,,,,,,,,,,,,,,,,,Y,N1,A1300110,9
2026-07-28 00:35:59,data_go_kr,대구광역시,A1300011,한국보훈복지의료공단대구보훈병원,12,20260728003528,053-630-7014,,,,,,,,,,,,,,,,,,,1,,1,,,,,1,,,,,,0,,,Y,,,,Y,,Y,Y,,,N1,Y,N1,32,N1,4,N1,Y,,6,N1,12,,1,1,,,,,,,,,,,,13,1,,,,6,,,1,,1,3,2,9,,,,,,,,406,,,,,,,,,,,,,,,,,Y,N1,A1300011,10
2026-07-28 00:35:59,data_go_kr,대구광역시,A1300045,삼일병원,11,20260728003446,053-659-3119,,,,,,,,,,,,,,,,,,,1,,,,,,,,,,,,,,,,Y,,,,Y,,Y,Y,,,N1,Y,N1,27,N1,,N1,N,,4,N1,14,,1,,,,,,,,,,,,,,,,,,4,,,,,3,2,1,3,,,,,,,,299,,,,,,,,,,,,,,,,,Y,N1,A1300045,11
2026-07-28 00:35:59,data_go_kr,대구광역시,A1300038,나사렛종합병원,8,20260728003148,053-643-3119,,,,1,,,,,,,,,,,,,,,,,1,,,,,0,,,,,,,,,Y,,,,Y,,Y,Y,,,Y,Y,N1,25,N1,3,N1,Y,,5,N1,9,,,1,,,,,,,,,,,,28,1,,,,5,,,,,2,2,2,5,,,1,,,,,231,,9,,,,,,,,,,,,,,,Y,N1,A1300038,12
2026-07-28 00:35:59,data_go_kr,대구광역시,A1300018,강남종합병원,12,20260728003224,053-980-9018,,,,,,,,,,,,,,,,,,,1,,,,,,,,,,,,,1,,,Y,,,,,,Y,N1,,,N1,Y,N1,41,N1,,N1,Y,,7,N1,15,,1,,,,,,,,,,,,,,,,,,7,,,1,,2,2,,2,,,,,,,,207,,,,,,,,,,,,,,,,,Y,N1,A1300018,13
2026-07-28 00:35:59,data_go_kr,대구광역시,A1300005,대구가톨릭대학교칠곡가톨릭병원,6,20260728003359,053-320-2111,,,,,,,,,,,,,,,,,,,,,1,,,,,,,,,,,,,,Y,,,,,,Y,N1,,,N1,Y,N1,21,N1,,N1,Y,,3,N1,9,,,1,,,,,,,,,,,,,,,,,3,,,,,2,2,,1,,,,,,,,161,,,,,,,,,,,,,,,,,Y,N1,A1300005,14
2026-07-28 00:35:59,data_go_kr,대구광역시,A1300076,대구굿모닝병원,15,20260728003411,053-620-9119,,,,,,,,,,,,,,,,,,,1,,1,,,,,1,,,,,,,,,Y,,,,Y,,Y,Y,,,N1,Y,N1,59,N1,6,N1,Y,,4,N1,17,,1,1,,,,,,,,,,,,26,1,,,,4,,,,,2,4,2,13,,,,,,,,226,,,,,,,,,,,,,,,,,Y,N1,A1300076,15
2026-07-28 00:35:59,data_go_kr,대구광역시,A1300007,대구의료원,17,20260728003501,053-560-7288,,Y,,,,,,,,,,,,,,,,,1,,1,,,,,0,,,,,2,1,Y,,Y,,,,,,Y,N1,,,N1,Y,N1,36,N1,6,Y,Y,,4,N1,18,,1,1,,,,,,,,,,,,18,1,,,,4,,82,3,1,1,1,,13,,4,,,,,,254,,,,,,,,,,,,,,,,,Y,N1,A1300007,16
2026-07-28 00:35:59,data_go_kr,대구광역시,A1300081,(재)미리내천주성삼성직수도회천주성삼병원,8,20260728003503,053-790-0555,,,,,,,,,,,,,,,,,,,,,1,,,,,,,,,,,,,,Y,,,,,,Y,N1,,,N1,Y,N1,7,N1,,N1,Y,,4,N1,9,,,1,,,,,,,,,,,,,,,,,4,,,,,1,2,,4,,,,,,,,294,,,,,,,,,,,,,,,,,Y,N1,A1300081,17
2026-07-28 00:35:59,data_go_kr,대구광역시,A1300008,곽병원,6,20260728003439,053-605-3333,,,,,,,,,,,,,,,,,,,,,2,,,,,,,,,,,,,,Y,,,,,,Y,N1,,,N1,Y,N1,5,N1,,N1,Y,,4,N1,10,,,2,,,,,,,,,,,,,,,,,4,,,,,1,1,,2,,,,,,,,221,,,,,,,,,,,,,,,,,Y,N1,A1300008,18
2026-07-28 00:35:59,data_go_kr,대구광역시,A1303386,계명대학교대구동산병원,8,20260728003408,053-250-8481,,,,,,,,,,,,,,,,,,,1,,1,,,,,0,,,,,,,N,,Y,,,,Y,,Y,Y,,,Y,Y,N1,26,N,0,N1,Y,,3,N1,12,,1,1,,,,,,,,,,,,7,5,,,,3,,,,0,2,1,1,6,,,6,,0,,,196,,,,,,,,,,,,,,,,,Y,N1,A1303386,19
2026-07-28 00:35:59,data_go_kr,인천광역시,A1400001,의료법인 길의료재단 길병원,1,20260728003336,032-460-3012,Y,Y,2,2,1,1,,0,,8,,,,,2,,,7,,3,,4,,2,0,4,14,2,10,2,9,12,Y,,Y,1,1,6,Y,1,Y,Y,,0,Y,Y,Y,266,Y,,Y,Y,0,3,Y,23,9,,,18,38,11,30,,2,,14,20,6,4,,11,30,6,47,3,2,18,13,3,6,6,7,113,19,40,19,10,6,,1,995,2,3,1,1,,2,,,,,,3,,,2,6,Y,Y,A1400001,1
2026-07-28 00:35:59,data_go_kr,인천광역시,A1400002,인하대학교의과대학부속병원,4,20260728003108,032-890-2301,Y,Y,,,1,1,,,,6,,,,,,,,2,2,0,5,1,0,0,0,1,1,4,,,5,7,Y,Y,Y,,,,Y,,Y,Y,,,Y,Y,Y,73,Y,3,Y,Y,1,16,Y,20,7,2,5,20,25,13,26,3,2,,,,7,,23,3,30,6,,16,,15,7,4,6,3,5,109,17,27,13,9,7,1,2,681,,,1,1,,,,,,,,,,,,,Y,Y,A1400002,2
2026-07-28 00:35:59,data_go_kr,인천광역시,A1400010,검단탑병원,12,20260728003104,032-590-0077,,,,,,,,,,,,,,,,,,,1,,2,,,,,0,,,,,,1,,,Y,,,,Y,,Y,Y,,,Y,Y,N1,24,N1,6,N1,Y,,6,N1,18,,1,2,,,,,,,,,,,,15,3,,,,6,,,2,,2,2,1,11,,,1,,,,,279,,,,,,,,,,,,,,,,,Y,N1,A1400010,3
2026-07-28 00:35:59,data_go_kr,인천광역시,A1403372,인천세종병원,16,20260728003509,032-240-8119,,,,,,,,,,,,,,,,,,,3,,,1,,,,1,0,,,,,3,,,Y,,,,Y,,Y,Y,,,Y,Y,Y,59,Y,7,N1,Y,,7,N1,18,,3,,2,,,,,,,,,,,20,2,3,,,7,,,6,,2,2,3,13,,,4,5,1,,,274,,,,,,,,,,,,,,,,,Y,N1,A1403372,4
2026-07-28 00:35:59,data_go_kr,인천광역시,A1400014,의료법인인성의료재단한림병원,15,20260728003056,032-540-9119,,,,,,,,,,,,,,,,,,,2,,1,,,,,2,,,,,,2,Y,,Y,,,,Y,,Y,Y,,,Y,Y,Y,24,N1,2,N1,Y,,6,N1,17,,2,2,,,,,,,,,,,,21,2,,,,6,,,2,1,3,2,2,20,,,3,3,,,,391,,,,,,,,,,,,,,,,,Y,N1,A1400014,5
2026-07-28 00:35:59,data_go_kr,인천광역시,A1400016,인천사랑병원,10,20260728003314,032-457-2119,,Y,,,,,,,,,,,,,,,4,,1,,2,,,,,1,1,,,,,1,Y,,Y,,,,Y,,Y,Y,,,Y,Y,N1,20,Y,11,Y,Y,,7,N1,14,,1,2,,,,,,,,,,,,17,1,5,,,7,,,1,1,2,1,1,12,,1,2,,1,,,281,,,,,,,,,,,,,,4,,,Y,N1,A1400016,6
2026-07-28 00:35:59,data_go_kr,인천광역시,A1400012,가톨릭대학교 인천성모병원,3,20260728003508,032-280-6107,Y,Y,,,,,,,,0,,,,,,,,2,2,0,3,3,,,,1,,,,,,5,Y,,Y,1,,,Y,,Y,Y,,,Y,Y,Y,15,Y,,Y,Y,0,17,N1,19,4,3,5,12,15,18,13,,,,15,,,,,10,,,,17,,,9,1,4,4,5,53,5,14,11,5,4,,,579,,,,,,,,,,,,,,,,,Y,Y,A1400012,7
2026-07-28 00:35:59,data_go_kr,인천광역시,A1400013,안은의료재단 부평세림병원,12,20260728003513,032-509-5777,,,,,,,,,,,,,,,,,,,1,,3,2,,,,0,1,,,,,2,,,Y,,,,Y,,Y,Y,,,Y,Y,Y,18,N1,7,N1,Y,,4,N1,16,,1,3,2,,,,,,,,,,,11,2,3,,,4,,,2,,3,2,1,9,,,1,1,,,,234,,,,,,,,,,,,,,,,,Y,N1,A1400013,8
2026-07-28 00:35:59,data_go_kr,인천광역시,A1400015,가톨릭관동대학교국제성모병원,10,20260728003514,032-290-3065,Y,Y,4,0,,,,,,3,,,18,,,,,1,0,,0,,,,,,,,,,3,3,Y,,Y,-2,,,Y,,Y,Y,,,Y,Y,N,194,Y,,Y,Y,,11,N1,23,3,0,0,,40,,,,,,13,,,,,,,,,11,,11,3,2,3,2,3,34,2,11,6,2,1,,,641,5,0,,,,,,,,21,,,,,,,Y,Y,A1400015,9
2026-07-28 00:35:59,data_go_kr,인천광역시,A1400003,의료법인 루가의료재단 나은병원,10,20260728003252,032-584-4119,,Y,,,,,,,,3,,,,,,,7,,1,3,2,,,,,3,,,,,,8,Y,,Y,,,,Y,,Y,Y,,,Y,Y,Y,86,Y,,Y,Y,,10,N1,11,,1,2,,14,13,,,,,,,,,,3,,,,10,,,9,1,2,2,3,17,,1,3,1,1,,,367,,,,,,,,,,,,,,7,,,Y,N1,A1400003,10
2026-07-28 00:35:59,data_go_kr,인천광역시,A1400011,의료법인 나사렛의료재단 나사렛국제병원,17,20260728003440,032-899-9699,,,,,,,,,,,,,,,,,,,1,,2,,,,,0,,,,,,,,,Y,,,,Y,,Y,Y,,,Y,Y,N1,44,N1,3,N1,Y,,5,N1,17,,1,2,,,,,,,,,,,,16,1,,,,5,,,,,2,2,2,8,,,2,,,,,282,,,,,,,,,,,,,,,,,Y,N1,A1400011,11
2026-07-28 00:35:59,data_go_kr,인천광역시,A1403617,비에스종합병원,9,20260728003042,032-290-0119,,Y,,,,,,,,,,,,,,,,,1,,,,,,,0,,,,,,,Y,,Y,,,,Y,,Y,Y,,,Y,Y,N1,90,N1,9,Y,N1,0,2,N1,10,,1,,,,,1,,,,,,,,18,1,,,,2,,,,1,1,,1,6,,1,1,,,,,180,,,,,,,,,,,,,,,,,Y,N1,A1403617,12
2026-07-28 00:35:59,data_go_kr,인천광역시,A1400005,온누리병원,9,20260728003059,032-568-9112,,,,,,,,,,,,,,,,,,,1,,1,,,,,,,,,,,,,,Y,,,,,,Y,N1,,,N1,Y,N1,41,N1,,N1,Y,,3,N1,9,,1,1,,,,,,,,,,,,,,,,,3,,,,,1,1,,5,,,,,,,,190,,,,,,,,,,,,,,,,,Y,N1,A1400005,13
2026-07-28 00:35:59,data_go_kr,인천광역시,A1403871,인천힘찬종합병원,15,20260728003149,032-459-3168,,,,,,,,,,,,,,,,,,,1,,2,,,,,0,,,,,,,,,Y,,,,,,Y,N1,,,N1,Y,N1,45,N1,0,N1,Y,,7,N1,17,,1,2,,,,,,,,,,,,8,1,,,,7,,,,,2,2,,1,,,,,,,,235,,,,,,,,,,,,,,,,,Y,N1,A1403871,14
2026-07-28 00:35:59,data_go_kr,인천광역시,A1400004,현대유비스병원,14,20260728003034,032-890-5582,,,,,,,,,,,,,,,,,,,1,,,,,,,0,,,,,,,,,Y,,,,Y,,Y,Y,,,Y,Y,N1,13,N1,3,N1,Y,,6,N1,18,,1,,,,,,,,,,,,,13,1,,,,6,,,,,2,2,1,8,,,2,,,,,285,,,,,,,,,,,,,,,,,Y,N1,A1400004,15
2026-07-28 00:35:59,data_go_kr,인천광역시,A1400008,(의)성세의료재단 뉴성민병원,9,20260728003231,032-726-1119,,,,,,,,,,,,,,,0,,,,,,1,,,,,2,,,,,,,,,Y,,,,,,Y,N1,,,Y,Y,N1,110,N1,12,N1,Y,,6,Y,9,,,1,,,,,,,,,,,,17,2,,,,6,,,,,2,2,,11,,,2,,,,1,265,,,,,,,,,,,,0,,,,,Y,N1,A1400008,16
2026-07-28 00:35:59,data_go_kr,인천광역시,A1400018,인천적십자병원,8,20260728003302,032-899-4119,,,,,,,,,,,,,,,,,,,1,,1,,,,,,,,,,,,,,Y,,,,,,Y,N1,,,N1,Y,N1,66,N1,2,N1,Y,,3,N1,8,,1,1,,,,,,,,,,,,8,,,,,3,,,,,1,1,,2,,,,,,,,104,,,,,,,,,,,,,,,,,Y,N1,A1400018,17
2026-07-28 00:35:59,data_go_kr,인천광역시,A1400037,인천광역시의료원백령병원,4,20260728003502,032-836-1732,Y,Y,,,,,,,,,,,,,,,,,,,1,,,,,,,,,,,,,,Y,,,,,,Y,N1,,,N1,Y,N1,30,N1,,Y,N1,,1,N1,5,,,1,,,,,,,,,,,,,,,,,1,,,,,1,,,1,1,2,,,,,,30,,,,,,,,,,,,,,,,,Y,Y,A1400037,18
2026-07-28 00:35:59,data_go_kr,인천광역시,A1400009,인천기독병원,8,20260728003345,032-270-8300,,,,,,,,,,,,,,,,,,,,,1,,,,,,,,,,,,,,Y,,,1,,,Y,N1,,,N1,Y,N1,30,N1,10,N1,Y,,4,N1,8,,,1,,,,,,,,,,,,10,,,,,4,,,,,1,1,,1,,,,,,,,139,,,,,,,,,,,,,,,,1,Y,N1,A1400009,19
2026-07-28 00:35:59,data_go_kr,인천광역시,A1400017,인천광역시의료원,15,20260728003502,032-580-6119,,,,,,,,,,,,,,,,,,,2,,,,,,,0,,,,,24,7,,,Y,,,,,,Y,N1,,,N1,Y,N1,21,N1,2,N1,Y,,6,N1,15,,2,,,,,,,,,,,,,13,0,,,,6,,45,7,,1,1,,19,,,,,,,,198,,,,,,,,,,,,,,,,,Y,N1,A1400017,20
2026-07-28 00:35:59,data_go_kr,인천광역시,A1400007,의료법인 성수의료재단 인천백병원,4,20260728003338,032-280-8119,,,,,,,,,,,,,,,,,,,,,1,,,,,,,,,,,,,,Y,,,,,,Y,N1,,,Y,Y,N1,35,N1,1,N1,Y,,4,N1,5,,,1,,,,,,,,,,,,12,,,,,4,,,,,2,2,,6,,,1,,,,,189,,,,,,,,,,,,,,,,,Y,N1,A1400007,21
2026-07-28 00:35:59,data_go_kr,대전광역시,A1600006,학교법인건양교육재단건양대학교병원,14,20260728002940,042-600-9119,Y,Y,,0,,,1,1,4,,0,0,0,0,,0,,5,2,,3,6,,,,3,6,,,,10,0,Y,,Y,,,,Y,,Y,Y,,,Y,Y,Y,227,Y,33,Y,Y,2,20,Y,24,5,2,3,16,,,24,,,,,,,,59,5,28,,,20,,20,1,2,4,4,4,46,17,23,10,3,1,,1,658,,0,,,1,3,4,0,0,0,0,,0,,,,Y,Y,A1600006,1
2026-07-28 00:35:59,data_go_kr,대전광역시,A1600001,충남대학교병원,11,20260728003501,042-280-8129,Y,Y,0,0,,,,,,4,,,,,,,0,5,2,7,3,4,3,,4,6,20,,,,15,9,Y,,Y,,,,Y,,Y,Y,,,Y,Y,Y,173,Y,2,Y,Y,8,21,N1,28,6,2,3,20,16,14,34,5,,,,,10,,12,8,30,,,21,,26,14,5,5,4,5,76,12,36,6,8,2,,,966,0,0,,,,,,,,,,,,0,,,Y,Y,A1600001,2
2026-07-28 00:35:59,data_go_kr,대전광역시,A1600002,학교법인을지학원대전을지대학교병원,20,20260728003501,042-259-1119,Y,Y,,,,,,,,3,,0,0,-10,-5,2,3,,2,6,1,,,,2,0,,,1,2,8,,Y,,Y,,2,6,Y,3,Y,Y,,,Y,Y,Y,71,Y,,Y,Y,16,14,N1,21,,2,1,,20,20,20,,,,,20,5,,,11,,,40,15,2,20,,16,4,2,4,70,12,47,7,3,3,,,331,,,,,,,,,0,0,0,0,30,3,2,6,Y,Y,A1600002,3
2026-07-28 00:35:59,data_go_kr,대전광역시,A1600007,의료법인영훈의료재단유성선병원,9,20260728003140,042-609-1119,,,,,,,,,,,,,,,,,,,2,,1,,,,,1,,,,,,0,Y,,Y,,,,Y,,Y,Y,,,Y,Y,Y,65,N1,-1,N1,Y,,-4,Y,17,,2,1,,,,,,,,,,,,19,1,,,,7,,,1,1,3,3,2,17,,,2,1,,,1,368,,,,,,,,,,,,,,,,,Y,N1,A1600007,4
2026-07-28 00:35:59,data_go_kr,대전광역시,A1600005,학교법인가톨릭학원가톨릭대학교대전성모병원,17,20260728003510,042-220-9118,Y,Y,,,,,,,,1,,,,,,,,,2,2,,,,,0,0,,,,,,4,Y,,Y,1,,,Y,,Y,Y,2,0,Y,Y,Y,88,N1,,Y,Y,4,12,N1,19,,3,,,15,3,4,,,3,9,,3,2,,1,,,,12,,,4,1,3,2,4,24,5,7,5,2,,,,537,,,,,,,,,,,,,,,,,Y,Y,A1600005,5
2026-07-28 00:35:59,data_go_kr,대전광역시,A1600008,의료법인영훈의료재단대전선병원,15,20260728003458,042-220-8129,,,,,,,,,,,,,,,,,,,1,,3,,,,,0,,,,,,0,Y,,Y,,,,Y,,Y,Y,,,Y,Y,N1,26,N1,4,N1,Y,,7,N1,17,,1,3,,,,,,,,,,,,24,1,,,,7,,,1,1,2,2,2,11,,,3,,,,,311,,,,,,,,,,,,,,,,,Y,N1,A1600008,6
2026-07-28 00:35:59,data_go_kr,대전광역시,A1600004,대전보훈병원,7,20260728003131,042-939-0100,,,,,,,,,,,,,,,,,,,1,,1,,,,,1,,,,,,1,,,Y,,,,Y,,Y,Y,,,N1,Y,N1,61,N1,3,N1,Y,,5,N1,7,,1,1,,,,,,,,,,,,10,1,,,,5,,,1,,1,3,1,12,,,,,,,,316,,,,,,,,,,,,,,,,,Y,N1,A1600004,7
2026-07-28 00:35:59,data_go_kr,대전광역시,A1600003,대전한국병원,5,20260728003501,042-606-1119,,Y,,,,,,,,,,,,,,,,,1,,,,,,,,,,,,,,Y,,Y,,,,Y,,Y,Y,,,Y,Y,N1,50,N1,1,Y,Y,,4,N1,9,,1,,,,,,,,,,,,,12,,,,,4,,,,4,2,2,2,6,,1,1,,,,,241,,,,,,,,,,,,,,,,,Y,N1,A1600003,8
2026-07-28 00:35:59,data_go_kr,대전광역시,A1602246,대청병원,9,20260728003502,042-589-0119,,,,,,,,,,,,,,,,,,,,,1,,,,,,,,,,,,,,Y,,,,,,Y,N1,,,Y,Y,N1,106,N1,2,N1,Y,,3,N1,9,,,1,,,,,,,,,,,,17,,,,,3,,,,,2,1,,10,,,1,,,,,245,,,,,,,,,,,,,,,,,Y,N1,A1602246,9
2026-07-28 00:35:59,data_go_kr,울산광역시,A1700004,학교법인울산공업학원울산대학교병원,5,20260728003246,052-250-7000,Y,Y,3,3,,,,1,,6,,,4,,5,,,8,0,10,0,2,,,2,6,9,,6,2,6,0,Y,,Y,,2,6,Y,10,Y,Y,,0,Y,Y,Y,93,Y,5,Y,Y,1,20,N1,21,8,0,0,12,13,16,26,,,,,20,6,2,8,8,36,,42,20,2,20,0,5,7,5,6,83,14,27,17,8,4,,,725,3,3,,,,8,,,,4,,5,,,2,6,Y,Y,A1700004,1
2026-07-28 00:35:59,data_go_kr,울산광역시,A1700028,의료법인정안의료재단중앙병원,10,20260728003310,052-226-1119,,,,,,,,,,,,,,,,,,,1,,2,1,,,,1,2,,,,,0,,,Y,,,,Y,,Y,Y,,,Y,Y,N1,34,N1,0,N1,Y,,8,N1,17,,1,2,2,,,,,,,,,,,18,2,4,,,8,,,1,,2,2,2,7,,,2,,,,,335,,,,,,,,,,,,,,,,,Y,N1,A1700028,2
2026-07-28 00:35:59,data_go_kr,울산광역시,A1700003,울산병원,17,20260728003505,052-259-5119,,,,,,,,,,,,,,,,,,,1,,2,1,,,,0,2,,,,,,,,Y,,,,Y,,Y,Y,,,Y,Y,Y,59,Y,7,N1,Y,,4,Y,19,,1,2,2,,,,,,,,,,,17,1,3,,,4,,,,,2,2,3,12,,,4,1,2,,2,343,,,,,,,,,,,,,,,,,Y,N1,A1700003,3
2026-07-28 00:35:59,data_go_kr,울산광역시,A1700025,의료법인송은의료재단울산시티병원,16,20260728003506,052-280-9119,,,,,,,,,,,,,,,,,,,1,,2,0,,,,2,3,,,,,,,,Y,,,,Y,,Y,Y,,,Y,Y,N1,10,N1,12,N1,Y,,8,N1,17,,1,2,2,,,,,,,,,,,24,3,3,,,8,,,,,2,2,2,17,,,4,,,,,347,,,,,,,,,,,,,,,,,Y,N1,A1700025,4
2026-07-28 00:35:59,data_go_kr,울산광역시,A1700002,의료법인동강의료재단동강병원,19,20260728003148,052-241-1190,,,,,,,,,,4,,,,,,,,,1,1,2,1,,,1,1,1,,,,,2,,Y,Y,,,,Y,,Y,Y,,,Y,Y,Y,105,N1,,N1,Y,,7,N1,24,,1,2,2,14,9,,,,,,,13,,,1,3,,,8,,,2,,3,2,4,25,,,7,5,,1,,513,,,,,,,,,,,,,,,,,Y,N1,A1700002,5
2026-07-28 00:35:59,data_go_kr,울산광역시,A1700011,의료법인은성의료재단좋은삼정병원,7,20260728003346,052-220-7600,,,,,,,,,,,,,,,,,,,,,1,,,,,0,,,,,,1,,,Y,,,,Y,,Y,Y,,,Y,Y,N1,41,N1,1,N1,Y,,7,N1,9,,,1,,,,,,,,,,,,14,1,,,,8,,,1,,2,2,1,5,,,1,,,,,283,,,,,,,,,,,,,,,,,Y,N1,A1700011,6
2026-07-28 00:35:59,data_go_kr,울산광역시,A1700001,서울산보람병원,8,20260728003321,052-255-7119,,,,,,,,,,,,,,,,,,,,,1,,,,,,,,,,,,,,Y,,,,,,Y,N1,,,N1,Y,N1,88,N1,,N1,Y,,3,N1,10,,,1,,,,,,,,,,,,,,,,,3,,,,,1,1,,1,,,,,,,,213,,,,,,,,,,,,,,,,,Y,N1,A1700001,7
2026-07-28 00:35:59,data_go_kr,세종특별자치시,A1800441,세종충남대학교병원,14,20260728003501,044-995-3010,Y,Y,,,0,0,,,,,,,,,,,,0,1,,2,,,1,,1,,4,,,,2,Y,,Y,,,,Y,,Y,Y,,,Y,Y,Y,66,Y,6,Y,Y,0,8,N1,17,0,1,2,,,,19,,2,,,,,,11,2,,6,,8,,,4,3,2,2,3,29,7,19,5,3,2,,,299,,,0,0,,,,,,,,,,,,,Y,Y,A1800441,1
2026-07-28 00:35:59,data_go_kr,세종특별자치시,A1800417,의료법인 영제 의료재단 엔케이세종병원,9,20260728003045,044-850-7777,,,,,,,,,,,,,,,,,,,,,1,,,,,,,,,,,,,,Y,,,,,,Y,N1,,,N1,Y,N1,130,N1,,N1,Y,,3,N1,10,,,1,,,,,,,,,,,,,,,,,3,,,,,1,1,,1,,,,,,,,200,,,,,,,,,,,,,,,,,Y,N1,A1800417,2
2026-07-28 00:35:59,data_go_kr,경기도,A2100042,의료법인명지의료재단명지병원,11,20260728003500,031-810-7119,Y,Y,3,2,,3,0,0,1,,0,0,0,0,0,0,,0,0,,1,6,,,,4,10,,,,0,0,Y,Y,Y,,,,Y,,Y,Y,,,Y,Y,Y,123,Y,11,Y,Y,3,5,Y,15,0,0,3,16,,,3,,,,,,,,31,4,28,,,13,,0,0,2,6,3,5,49,4,5,8,5,2,1,2,443,3,2,,3,4,3,2,0,0,0,0,0,0,,,,Y,Y,A2100042,1
2026-07-28 00:35:59,data_go_kr,경기도,A2100033,국민건강보험공단일산병원,13,20260728003003,031-900-0761,Y,Y,,,,,0,,1,3,,0,0,,0,0,,0,2,4,3,0,,,2,1,2,,,,3,1,Y,,Y,,,,Y,,Y,Y,,,Y,Y,Y,117,N1,,Y,Y,3,2,N1,23,5,2,3,19,10,16,25,,,,,,6,,,11,29,,,2,,28,4,2,4,3,3,60,8,28,13,5,,,,659,,,,,1,,1,,0,0,,0,0,,,,Y,Y,A2100033,2
2026-07-28 00:35:59,data_go_kr,경기도,A2100005,순천향대학교부속부천병원,11,20260728003123,032-621-5117,Y,Y,2,2,,,,,,8,,0,,0,0,,,3,0,10,0,5,,,,4,15,,,,,1,Y,Y,Y,,,1,Y,,Y,Y,,,Y,Y,Y,161,Y,10,Y,Y,2,20,Y,17,5,0,0,20,16,15,24,,,,,,,,22,8,34,,,21,,,7,1,4,3,5,71,9,31,17,4,3,1,1,674,2,3,,,,,,,0,,0,0,,,,5,Y,Y,A2100005,3
2026-07-28 00:35:59,data_go_kr,경기도,A2100001,분당서울대학교병원,-19,20260728003300,031-787-3119,Y,Y,,,,,,3,,1,,,5,9,,,,4,2,2,3,2,1,,4,0,9,,,,3,3,Y,,Y,0,,2,Y,,Y,Y,,,Y,Y,Y,256,Y,0,Y,Y,0,39,N1,30,5,2,3,15,13,13,35,6,,,10,,9,,8,1,30,,,39,,15,3,3,11,11,11,128,17,39,16,8,8,,,1247,,,,,,5,,,,5,9,,,,,2,Y,Y,A2100001,4
2026-07-28 00:35:59,data_go_kr,경기도,A2100030,차의과학대학교분당차병원,2,20260728003250,031-780-5840,Y,Y,2,2,1,1,0,0,,0,,,0,,0,,0,0,,4,,3,,0,0,0,9,6,,,11,,Y,,Y,0,,,Y,,Y,Y,,,Y,Y,Y,71,Y,,Y,Y,8,26,N1,22,11,,,14,8,9,35,,2,,7,,6,,,4,43,6,,26,,22,,8,5,3,4,40,26,46,6,2,2,,,726,2,3,1,1,2,2,,,,0,,1,,0,,,Y,Y,A2100030,5
2026-07-28 00:35:59,data_go_kr,경기도,A2100002,아주대학교병원,8,20260728003456,031-219-7777,Y,Y,2,4,1,2,,0,,1,,,,0,0,,0,7,0,4,0,6,,2,5,0,8,0,3,3,3,5,Y,,Y,3,2,5,Y,5,Y,Y,2,3,Y,Y,Y,59,Y,,Y,Y,7,25,N1,30,9,0,0,16,14,10,36,,2,6,13,40,7,11,,3,42,6,60,25,3,20,8,3,8,6,9,126,27,34,32,9,7,,,792,2,6,1,4,,2,,,,,0,0,,0,2,6,Y,Y,A2100002,6
2026-07-28 00:35:59,data_go_kr,경기도,A2100003,고려대학교의과대학부속안산병원,17,20260728003114,031-412-5381,Y,Y,2,1,,,0,,,0,,,,,,,,4,,13,3,5,,,0,0,17,,,,8,5,Y,,Y,,,,Y,,Y,Y,,,Y,Y,Y,47,Y,1,Y,Y,0,20,N1,22,4,,3,18,10,13,25,,,,,,10,,6,3,30,,,20,,16,10,2,3,4,4,66,15,19,8,5,3,,,605,2,3,,,2,,,,,,,,,,,,Y,Y,A2100003,7
2026-07-28 00:35:59,data_go_kr,경기도,A2100004,한림대학교성심병원,16,20260728003256,031-380-1500,Y,Y,0,5,,,0,,,0,,,,,,,,2,2,3,2,1,,,,1,17,,,,10,2,Y,Y,Y,,,,Y,,Y,Y,0,2,Y,Y,Y,104,Y,,Y,Y,6,19,N1,25,3,2,4,19,27,16,9,,,8,,,,18,,3,30,,,19,,20,14,2,4,3,6,102,8,10,20,14,2,1,,610,0,5,,,1,,,,,,,,,,,,Y,Y,A2100004,8
2026-07-28 00:35:59,data_go_kr,경기도,A2100040,가톨릭대학교의정부성모병원,19,20260728003509,031-820-5200,Y,Y,,,,,0,0,,,,,,,,,,11,2,,4,3,,,0,0,10,,7,2,,,Y,,Y,,1,6,Y,5,Y,Y,,,Y,Y,Y,96,Y,0,Y,Y,-2,13,N1,42,11,2,4,18,,,15,,,,,20,6,,26,4,30,,53,13,2,,,3,4,3,4,54,10,28,12,4,3,,,519,,,,,1,1,,,,,,,,,2,6,Y,Y,A2100040,9
2026-07-28 00:35:59,data_go_kr,경기도,A2100047,동국대학교일산불교병원,17,20260728003524,031-961-7777,Y,Y,,,,,,,,4,,,,,,,3,3,1,6,3,,,,,1,,,,,9,0,Y,,Y,,,,Y,,Y,Y,,,Y,Y,Y,146,Y,,Y,Y,9,12,N1,19,3,1,3,,16,13,13,,,,,,,,,4,,,,12,,15,0,8,2,2,2,19,13,25,4,2,1,,,463,,,,,,,,,,,,,,3,,,Y,Y,A2100047,10
2026-07-28 00:35:59,data_go_kr,경기도,A2100038,인제대학교일산백병원,20,20260728003513,031-910-7114,N,N,,,,,,,,4,,,,,,,,,3,0,0,,,,,1,,,,,3,1,Y,,Y,,,,Y,,Y,Y,,1,Y,Y,Y,107,Y,,N,Y,,17,N1,34,,3,3,,25,32,,,,,,,,4,,4,,,,17,,16,2,3,3,3,4,54,18,22,7,3,1,,,545,,,,,,,,,,,,,,,,,Y,N,A2100038,11
2026-07-28 00:35:59,data_go_kr,경기도,A2118788,중앙대학교광명병원,13,20260728003508,02-2222-1351,Y,Y,0,0,,,,,,,,,,,,,,,1,,2,,,,2,2,,,,,,2,Y,,Y,,,,Y,,Y,Y,4,,Y,Y,Y,83,Y,9,Y,Y,1,17,N1,21,,1,2,,,,16,,,5,,,5,,24,6,,,,17,,,2,2,2,2,5,28,6,16,5,4,10,,,576,0,0,,,,,,,,,,,,,,,Y,Y,A2118788,12
2026-07-28 00:35:59,data_go_kr,경기도,A2100007,광명성애병원,9,20260728003533,02-2680-7116,Y,Y,,,,,,,,,,,,,,7,,4,1,,4,,,,,0,,,,,,,Y,,Y,,,,Y,,Y,Y,,,Y,Y,N1,47,N1,10,Y,Y,,5,N1,11,4,1,4,,,,,,,,,,,,13,1,,,,5,,,,2,2,2,1,12,2,5,1,,,,,189,,,,,,,,,,,,,50,,,,Y,Y,A2100007,13
2026-07-28 00:35:59,data_go_kr,경기도,A2100155,참조은병원,4,20260728003509,031-881-9119,,,,,,,,,,,,,,0,0,,6,1,1,,3,,,,,3,,,,,,1,,,Y,,,,Y,,Y,Y,,,Y,Y,N1,24,Y,-2,N1,Y,,7,N1,9,1,1,3,,,,,,,,,,,,22,3,,,,7,,,2,,3,3,2,18,,,3,,2,,,286,,,,,,,,,,,0,0,,6,,,Y,N1,A2100155,14
2026-07-28 00:35:59,data_go_kr,경기도,A2100039,한양대학교구리병원,7,20260728003300,1644-9118,Y,Y,,,,,,,,0,,,,,,,,,1,0,3,,,,,,,,,,,2,Y,,Y,,,,Y,,Y,Y,,,Y,Y,Y,101,Y,,Y,Y,1,9,N1,18,,1,4,,17,14,10,,,,,,,,,,,,,9,,,5,1,3,2,3,21,6,14,4,2,2,,,488,,,,,,,,,,,,,,,,,Y,Y,A2100039,15
2026-07-28 00:35:59,data_go_kr,경기도,A2100054,효산의료재단지샘병원,10,20260728003047,031-389-3119,,,,,,,,,,,,,,,,,1,,2,,1,,,,,1,,,,,,1,,,Y,,,,Y,,Y,Y,,,Y,Y,N1,41,N1,6,N1,Y,,5,N1,18,,2,1,,,,,,,,,,,,18,1,,,,5,,,2,,2,1,3,11,,,2,,,,,367,,,,,,,,,,,,,,1,,,Y,N1,A2100054,16
2026-07-28 00:35:59,data_go_kr,경기도,A2100048,원광대학교산본병원,13,20260728003258,031-390-2345,,,,,,,,,,,,,,,,,,,1,,2,,,,,,,,,,,,Y,,Y,,,,Y,,Y,Y,,,Y,Y,N1,71,N1,7,N1,Y,,5,N1,17,,1,2,,,,,,,,,,,,12,,,,,5,,,,1,1,1,1,1,,,2,,,,,188,,,,,,,,,,,,,,,,,Y,N1,A2100048,17
2026-07-28 00:35:59,data_go_kr,경기도,A2100053,의료법인우리의료재단김포우리병원,14,20260728003414,031-999-1119,,,,,,,,,,,,,,0,0,0,,,1,,6,,,,,0,,,,,,3,,,Y,,,,Y,,Y,Y,,,Y,Y,Y,22,Y,2,N1,Y,,7,N1,22,,1,6,,,,,,,,,,,,36,1,,,,7,,,11,,2,2,2,48,,,4,1,2,,,477,,,,,,,,,,,0,0,0,,,,Y,N1,A2100053,18
2026-07-28 00:35:59,data_go_kr,경기도,A2100006,의료법인인봉의료재단뉴고려병원,13,20260728003108,031-980-9119,,,,,,,,,,,,,,,,,3,,1,,2,,,,,6,,,,,,,,,Y,,,,Y,,Y,Y,,,Y,Y,N1,59,N1,4,N1,Y,,6,N1,14,,1,2,,,,,,,,,,,,24,10,,,,6,,,,,2,2,2,7,,,1,,,,,278,,,,,,,,,,,,,,3,,,Y,N1,A2100006,19
2026-07-28 00:35:59,data_go_kr,경기도,A2100041,남양주한양병원,16,20260728003506,031-510-0119,,,,,,,,,,,,,,,,,,,1,,2,,,,,10,,,,,,,,,Y,,,,Y,,Y,Y,,,Y,Y,N1,74,N1,4,N1,Y,,,Y,17,,1,2,,,,,,,,,,,,17,23,,,,,,,,,2,2,1,33,,,2,,,,1,244,,,,,,,,,,,,,,,,,Y,N1,A2100041,20
2026-07-28 00:35:59,data_go_kr,경기도,A2100037,현대병원,14,20260728003440,031-574-0114,,,,,,,,,,,,,,,,,,,3,,,,,,,1,,,,,,,,,Y,,,,Y,,Y,Y,,,Y,Y,N1,44,Y,1,N1,Y,,7,N1,17,,3,,,,,,,,,,,,,19,20,,,,7,,,,,2,2,2,50,,,17,,2,,,342,,,,,,,,,,,,,,,,,Y,N1,A2100037,21
2026-07-28 00:35:59,data_go_kr,경기도,A2100055,부천세종병원,14,20260728003510,032-340-1119,Y,Y,,,,,,,,,,,,,,,,,1,,2,0,,,,0,0,,,,,0,Y,,Y,,,,Y,,Y,Y,,,Y,Y,Y,62,Y,1,Y,Y,,6,N1,17,,1,2,2,,,,,,,,,,,20,2,3,,,6,,,6,1,2,1,5,18,1,1,5,4,1,,,268,,,,,,,,,,,,,,,,,Y,Y,A2100055,22
2026-07-28 00:35:59,data_go_kr,경기도,A2100052,가톨릭대학교부천성모병원,12,20260728003507,032-340-2100,Y,Y,,,,,,,,3,,,,,,,3,,2,2,1,,,,,1,,,,,,1,Y,,Y,1,,,Y,,Y,Y,,,Y,Y,Y,85,Y,,Y,Y,9,14,N1,31,,2,1,,16,12,10,,,,18,,,,,4,,,,14,,,4,3,3,3,3,28,4,14,11,1,2,,,562,,,,,,,,,,,,,,3,,,Y,Y,A2100052,23
2026-07-28 00:35:59,data_go_kr,경기도,A2100025,대진의료재단분당제생병원,17,20260728003500,031-779-0119,Y,Y,,,,,,,,3,,,7,,,,,3,1,2,2,,,,,1,,,,,,0,Y,Y,Y,,,,Y,,Y,Y,,,Y,Y,Y,117,Y,,Y,Y,1,9,N1,24,3,1,2,,11,14,3,,,,,,,,,4,,,,9,,,2,2,4,3,3,22,1,5,5,2,3,1,,484,,,,,,,,,,7,,,,,,,Y,Y,A2100025,24
2026-07-28 00:35:59,data_go_kr,경기도,A2116806,성남시의료원,12,20260728003500,031-738-7300,,,,,,,,,,,,,,,,,,6,2,19,4,,,,,2,,,,,,28,,,Y,,,,Y,,Y,Y,,,Y,Y,Y,90,Y,,N1,Y,,8,Y,17,6,2,4,,,25,,,,,,,,,,5,,,,8,,,28,,3,2,2,31,,,6,3,1,,2,241,,,,,,,,,,,,,,,,,Y,N1,A2116806,25
2026-07-28 00:35:59,data_go_kr,경기도,A2117135,의료법인명인의료재단화홍병원,7,20260728003220,031-8021-6829,Y,,,,,,,,,,,,,,,,,,2,,3,,,,,0,,,,,,,,,Y,,,,,,Y,N1,,,N1,Y,Y,43,N1,8,N1,Y,,6,Y,15,,2,3,,,,,,,,,,,,29,1,,,,6,,,,,2,2,,4,1,,,1,,,1,228,,,,,,,,,,,,,,,,,Y,Y,A2117135,26
2026-07-28 00:35:59,data_go_kr,경기도,A2100009,의료법인녹산의료재단동수원병원,13,20260728003432,031-210-0119,,Y,,,,,,,,,,,,,,,,,1,,1,0,,,,0,0,,,,,1,Y,,Y,,,,Y,,Y,Y,,,Y,Y,N1,36,N1,9,Y,Y,,5,N1,17,,1,2,2,,,,,,,,,,,18,3,4,,,5,,,1,1,2,2,1,15,,4,1,,,,,335,,,,,,,,,,,,,,,,,Y,N1,A2100009,27
2026-07-28 00:35:59,data_go_kr,경기도,A2100012,가톨릭대학교성빈센트병원,12,20260728003508,031-249-7370,Y,Y,,,1,1,,,,7,,,,,,,,6,2,8,2,3,,2,5,2,,4,,,7,3,Y,,Y,6,,,Y,,Y,Y,,0,Y,Y,Y,121,Y,,Y,Y,2,19,N1,28,6,2,2,4,20,11,18,,2,,15,,8,8,,5,,6,,19,,30,11,2,5,4,6,52,7,18,12,4,4,,,658,,,1,1,,,,,,,,,,,,,Y,Y,A2100012,28
2026-07-28 00:35:59,data_go_kr,경기도,A2100008,의료법인남촌의료재단시화병원,13,20260728003200,031-5189-0567,,,,,,,,,,,,,,,,,,5,0,,5,,,,,1,,,,,,1,Y,,Y,,,,Y,,Y,Y,,,Y,Y,Y,60,N1,21,N1,Y,,7,N1,16,5,1,5,,,,,,,,,,,,52,1,,,,7,,,1,1,3,3,2,29,,,4,2,,,,461,,,,,,,,,,,,,,,,,Y,N1,A2100008,29
2026-07-28 00:35:59,data_go_kr,경기도,A2100017,대아의료재단한도병원,15,20260728003427,031-8040-1129,,,,,,,,,,,,,,,,,,,1,,2,,,,,1,,,,,,,,,Y,,,,Y,,Y,Y,,,Y,Y,N1,60,N1,12,N1,Y,,5,N1,17,,1,2,,,,,,,,,,,,29,1,,,,6,,,,,3,2,2,15,,,3,,,,,327,,,,,,,,,,,,,,,,,Y,N1,A2100017,30
2026-07-28 00:35:59,data_go_kr,경기도,A2100015,효산의료재단안양샘병원,13,20260728003416,031-467-9119,,,,,,,,,,1,,,,,,,,,1,1,2,,,,,1,,,,,,,,,Y,,,,Y,,Y,Y,,,Y,Y,Y,50,N1,,N1,Y,,6,N1,17,,1,2,,9,9,,,,,,,,,,1,,,,6,,,,,2,1,2,12,,,2,1,,,,307,,,,,,,,,,,,,,,,,Y,N1,A2100015,31
2026-07-28 00:35:59,data_go_kr,경기도,A2100024,오산한국병원,13,20260728003238,031-378-5119,,,,,,,,,,,,,,,,,,,1,,2,2,,,,1,3,,,,,2,,,Y,,,,Y,,Y,Y,,,Y,Y,N1,31,Y,0,N1,Y,,5,N1,17,,1,2,2,,,,,,,,,,,32,1,3,,,5,,,2,,2,2,2,17,,,2,,1,,,259,,,,,,,,,,,,,,,,,Y,N1,A2100024,32
2026-07-28 00:35:59,data_go_kr,경기도,A2100020,연세대학교의과대학용인세브란스병원,6,20260728003219,031-5189-9001,Y,Y,,,,,,,,0,,,,,,,,6,1,7,2,,,,,1,,,,,,2,Y,,Y,,,,Y,,Y,Y,,,Y,Y,Y,98,Y,,Y,Y,0,15,N1,16,6,1,3,,19,16,12,,,,,,,,,2,,,,15,,,4,2,3,3,4,31,6,18,6,3,4,,,597,,,,,,,,,,,,,,,,,Y,Y,A2100020,33
2026-07-28 00:35:59,data_go_kr,경기도,A2100029,강남병원,12,20260728003326,031-300-0119,,,,,,,,,,,,,,,,,,,1,,2,2,,,,1,2,,,,,,,,Y,,,,,,Y,N1,,,Y,Y,N1,20,N1,15,N1,Y,,4,N1,17,,1,2,2,,,,,,,,,,,30,1,3,,,4,,,,,2,2,,7,,,2,,,,,264,,,,,,,,,,,,,,,,,Y,N1,A2100029,34
2026-07-28 00:35:59,data_go_kr,경기도,A2100019,(의)영문의료재단다보스병원,12,20260728003511,031-8021-2130,,,,,,,,,,,,,,,,,4,,1,,2,1,,,,1,1,,,,,,,,Y,,,,,,Y,N1,,,Y,Y,N1,32,N1,5,N1,Y,,6,N1,13,,1,2,2,,,,,,,,,,,23,1,3,,,6,,,,,1,1,,7,,,2,,,,,222,,,,,,,,,,,,,,4,,,Y,N1,A2100019,35
2026-07-28 00:35:59,data_go_kr,경기도,A2117994,학교법인을지학원의정부을지대학교병원,27,20260728003101,031-8074-0119,Y,Y,,,,,,,,2,,,,,,,8,6,1,0,2,,,,,2,,,,,5,1,Y,,Y,,0,0,Y,,Y,Y,,,Y,Y,Y,168,Y,,Y,Y,3,12,N1,30,6,1,2,,29,22,5,,,,,,,,,2,,,,14,,22,6,8,3,3,4,48,5,5,6,3,2,,,588,,,,,,,,,,,,,,8,0,0,Y,Y,A2117994,36
2026-07-28 00:35:59,data_go_kr,경기도,A2100193,경기도의료원이천병원,13,20260728003402,031-630-4333,,,,,,,,,,,,,,,,,,,1,,2,2,,,,2,1,,,,,6,,,Y,,,,,,Y,N1,,,N1,Y,N1,44,N1,1,N1,Y,,4,N1,17,,1,2,2,,,,,,,,,,,6,2,3,,,4,,,6,,1,1,,8,,,,,,,,187,,,,,,,,,,,,,,,,,Y,N1,A2100193,37
2026-07-28 00:35:59,data_go_kr,경기도,A2100035,경기도의료원파주병원,12,20260728003301,031-940-9119,,,,,,,,,,,,,,,,,,,1,,2,0,,,,,0,,,,,,Y,,Y,,,,,,Y,N1,,,N1,Y,N1,90,N1,2,N1,Y,,3,N1,17,,1,2,2,,,,,,,,,,,8,,3,,,3,,,,1,1,1,,9,,,,,,,,189,,,,,,,,,,,,,,,,,Y,N1,A2100035,38
2026-07-28 00:35:59,data_go_kr,경기도,A2100028,의료법인백송의료재단굿모닝병원,10,20260728003448,031-5182-7582,,,,,,,,,,,,,,,,,6,,2,,1,,,,,0,,,,,,,,,Y,,,,Y,,Y,Y,,,Y,Y,Y,68,N1,0,N1,Y,,7,Y,19,,2,1,,,,,,,,,,,,27,3,,,,7,,,,,5,3,3,23,,,5,3,,,1,392,,,,,,,,,,,,,,6,,,Y,N1,A2100028,39
2026-07-28 00:35:59,data_go_kr,경기도,A2113246,의료법인양진의료재단평택성모병원,11,20260728003245,070-5012-0119,,,,,,,,,,,,,,,,0,,,1,,2,2,,,,2,0,,,,,,,,Y,,,,Y,,Y,Y,,,Y,Y,N1,37,N1,12,N1,Y,,6,N1,17,,1,2,2,,,,,,,,,,,34,2,3,,,6,,,,,3,3,2,8,,,2,,,,,329,,,,,,,,,,,,,0,,,,Y,N1,A2113246,40
2026-07-28 00:35:59,data_go_kr,경기도,A2100031,경기도의료원포천병원,16,20260728003501,031-539-9119,,Y,,,,,,,,,,,,,,,,,1,,2,,,,,0,,,,,,0,Y,,Y,,,,,,Y,N1,,,N1,Y,N1,39,N1,2,Y,Y,,4,N1,17,,1,2,,,,,,,,,,,,10,0,,,,4,,,3,3,1,1,,7,,2,,,,,,137,,,,,,,,,,,,,,,,,Y,N1,A2100031,41
2026-07-28 00:35:59,data_go_kr,경기도,A2100046,한림대학교동탄성심병원,18,20260728003432,031-8086-2119,Y,Y,3,0,,,,,,12,,,,,,,,7,,2,,,,,1,6,,,,,,4,Y,Y,Y,,,,Y,,Y,Y,6,,Y,Y,Y,138,Y,,Y,Y,11,20,Y,32,9,,,,28,13,13,,,13,,,9,,,11,,,,20,,,11,1,6,3,6,51,8,16,17,5,5,1,1,515,3,0,,,,,,,,,,,,,,,Y,Y,A2100046,42
2026-07-28 00:35:59,data_go_kr,경기도,A2100290,의료법인자인의료재단(더자인병원),15,20260728003532,031-930-3119,,,,,,,,,,,,,,,,,,,2,,2,0,,,,1,1,,,,,,,,Y,,,,Y,,Y,Y,,,Y,Y,N1,75,N1,4,N1,N,,5,N1,16,,2,2,2,,,,,,,,,,,10,2,3,,,5,,,,,2,2,1,15,,,1,,,,,233,,,,,,,,,,,,,,,,,Y,N1,A2100290,43
2026-07-28 00:35:59,data_go_kr,경기도,A2100049,국립암센터,14,20260728003200,031-920-0119,,N,,,,,,,,,,,,,,,,,,,1,,,,,7,,,,,,,,,Y,,,,Y,,Y,Y,,,Y,Y,Y,75,Y,11,N,Y,,18,N1,24,,,1,,,,,,,,,,,,19,9,,,,18,,,,,7,5,3,29,,1,8,2,7,,,554,,,,,,,,,,,,,,,,,Y,N1,A2100049,44
2026-07-28 00:35:59,data_go_kr,경기도,A2116972,의료법인성광의료재단일산차병원,6,20260728003130,031-782-8587,Y,Y,,,,,,,,,,,,,,,,,,,2,,,,,1,,,,,,1,Y,,,,,,,,Y,N1,,,N1,N1,N1,51,N1,4,Y,N1,0,10,N1,6,,,4,,,,17,,,,,,,,4,1,,,,10,,,1,9,,,,4,11,19,,,,,,179,,,,,,,,,,,,,,,,,Y,Y,A2116972,45
2026-07-28 00:35:59,data_go_kr,경기도,A2118188,엘병원,7,20260728003354,031-527-6119,,,,,,,,,,,,,,,,,,,,,1,,,,,0,,,,,,1,,,Y,,,,,,Y,N1,,,N1,Y,N1,52,N1,5,N1,Y,,3,N1,8,,,2,,,,,,,,,,,,8,1,,,,3,,,1,,1,1,,2,,,,,,,,146,,,,,,,,,,,,,,,,,Y,N1,A2118188,46
2026-07-28 00:35:59,data_go_kr,경기도,A2100050,의료법인대인의료재단다니엘종합병원,6,20260728003502,032-670-0119,,,,,,,,,,,,,,,,,,,1,,3,,,,,1,,,,,,,,,Y,,,,,,Y,N1,,,N,Y,N1,36,N1,7,N1,Y,,3,N1,6,,1,3,,,,,,,,,,,,30,1,,,,3,,,,,1,1,,17,,,1,,,,,169,,,,,,,,,,,,,,,,,Y,N1,A2100050,47
2026-07-28 00:35:59,data_go_kr,경기도,A2100258,국군수도병원,15,20260728003513,031-725-6119,,,,,,,,,,,,,,2,6,,,,0,,,,,,,1,,,12,,2,,,,Y,,,,Y,14,Y,Y,,,Y,Y,Y,102,N1,9,N1,Y,,9,N1,16,,2,,,,,,,,,,20,,,12,1,,,40,9,,15,,,3,4,2,2,,,5,2,,,,530,,,,,,,,,,,2,6,,,,,Y,N1,A2100258,48
2026-07-28 00:35:59,data_go_kr,경기도,A2100016,순천의료재단성남정병원,8,20260728003126,031-750-6003,,,,,,,,,,,,0,,,27,,,,2,,,,,,,,,,,,,,,,Y,,,,,,Y,N1,,,N1,Y,N1,76,N1,,N1,Y,,4,N1,9,,2,,,,,,,,,,,,,,,,,,4,,,,,1,1,,1,,,,,,,,98,,,,,,,,,0,,,105,,,,,Y,N1,A2100016,49
2026-07-28 00:35:59,data_go_kr,경기도,A2121061,의료법인덕산의료재단수원덕산병원,17,20260728003503,031-686-2911,N,Y,,,,,,,,,,,,,,,,3,1,,2,2,,,,2,2,,,,,0,Y,,Y,,,,Y,,Y,Y,,,Y,Y,Y,76,N1,9,Y,Y,,9,N1,24,3,1,2,2,,,,,,,,,,,22,3,4,,,9,,,5,5,3,2,2,15,N,2,5,2,,,,403,,,,,,,,,,,,,,,,,Y,N,A2121061,50
2026-07-28 00:35:59,data_go_kr,경기도,A2100032,경기도의료원수원병원,7,20260728003502,031-888-0119,,,,,,,,,,,,,,,,,3,,,,2,,,,,,,,,,,2,,,Y,,,,,,Y,N1,,,N1,Y,N1,45,N1,5,N1,Y,,3,N1,8,,,2,,,,,,,,,,,,9,,,,,3,,,2,,1,1,,9,,,,,,,,156,,,,,,,,,,,,,,3,,,Y,N1,A2100032,51
2026-07-28 00:35:59,data_go_kr,경기도,A2100175,의료법인토마스의료재단윌스기념병원,11,20260728003315,031-240-6119,,,,,,,,,,,,,,,,,,,1,,2,2,,,,0,3,,,,,,Y,,Y,,,,Y,,Y,Y,,,Y,Y,N1,43,N1,10,N1,Y,,10,N1,18,,1,2,2,,,,,,,,,,,18,1,3,,,10,,,,1,1,4,1,1,,,1,,,,,282,,,,,,,,,,,,,,,,,Y,N1,A2100175,52
2026-07-28 00:35:59,data_go_kr,경기도,A2100027,의료법인석경의료재단센트럴병원,16,20260728003250,031-8041-3019,,,,,,,,,,,,,,,,,,,1,,2,,,,,,,,,,,,,,Y,,,,,,Y,N1,,,Y,Y,N1,89,N1,4,N1,Y,,3,N1,18,,1,2,,,,,,,,,,,,20,,,,,3,,,,,2,2,,7,,,2,,,,,255,,,,,,,,,,,,,,,,,Y,N1,A2100027,53
2026-07-28 00:35:59,data_go_kr,경기도,A2100013,의료법인 록향의료재단 신천연합병원,8,20260728003507,031-310-6661,,,,,,,,,,,,,,,,,,,,,1,,,,,0,,,,,,,,,Y,,,,,,Y,N1,,,Y,Y,N1,28,N1,1,N1,Y,,3,N1,10,,,1,,,,,,,,,,,,6,1,,,,3,,,,,1,1,,4,,,1,,,,,112,,,,,,,,,,,,,,,,,Y,N1,A2100013,54
2026-07-28 00:35:59,data_go_kr,경기도,A2100021,의료법인플러스의료재단단원병원,17,20260728003504,031-8040-5911,,,,,,,,,,,,,1,,,,,,1,,2,,,,,1,,,,,,,,,Y,,,,Y,,Y,Y,,,Y,Y,Y,57,N1,7,N1,Y,,5,N1,17,,1,2,,,,,,,,,,,,27,1,,,,5,,,,,1,1,2,8,,,2,1,,,,342,,,,,,,,,,1,,,,,,,Y,N1,A2100021,55
2026-07-28 00:35:59,data_go_kr,경기도,A2100014,근로복지공단안산병원,7,20260728003200,031-500-1119,,,,,,,,,,,,,,,,,,,,,1,,,,,1,,,,,,0,,,Y,,,,,,Y,N1,,,N1,Y,N1,74,N1,11,N1,Y,,3,N1,7,,,1,,,,,,,,,,,,18,1,,,,3,,,2,,1,1,,14,,,,,,,,359,,,,,,,,,,,,,,,,,Y,N1,A2100014,56
2026-07-28 00:35:59,data_go_kr,경기도,A2100124,의료법인칠석의료재단사랑의병원,8,20260728003050,031-502-0119,,,,,,,,,,,,,,,,,,,1,,,,,,,,,,,,,,,,Y,,,,,,Y,N1,,,Y,Y,N1,29,N1,4,N1,Y,,5,N1,13,,1,,,,,,,,,,,,,14,,,,,5,,,,,2,2,,8,,,1,,,,,206,,,,,,,,,,,,,,,,,Y,N1,A2100124,57
2026-07-28 00:35:59,data_go_kr,경기도,A2100045,경기도의료원안성병원,13,20260728003502,031-8046-5119,,,,,,,,,,,,,,,,,,,1,,,,,,,1,,,,,,8,,,Y,,,,,,Y,N1,,,N1,Y,N1,49,N1,6,N1,Y,,5,N1,14,,1,,,,,,,,,,,,,13,2,,,,5,,,8,,1,1,,8,,,,,,,,178,,,,,,,,,,,,,,,,,Y,N1,A2100045,58
2026-07-28 00:35:59,data_go_kr,경기도,A2100305,안성성모병원,8,20260728003438,031-675-8275,,,,,,,,,,,,,,,,,,,,,1,,,,,,,,,,,,,,Y,,,,,,Y,N1,,,N1,Y,N1,81,N1,0,N1,Y,,3,N1,9,,,1,,,,,,,,,,,,20,,,,,3,,,,,1,1,,7,,,,,,,,188,,,,,,,,,,,,,,,,,Y,N1,A2100305,59
2026-07-28 00:35:59,data_go_kr,경기도,A2100089,양평병원,8,20260728003001,031-770-5119,N,N,,,,,,,,,,,,,,,,,,,1,,,,,,,,,,,,N,N,Y,,,,N,,Y,N,,,N,Y,N,11,N,,N,Y,,3,N,9,,,1,,,,,,,,,,,,,,,,,3,,,,0,1,1,0,1,0,0,0,0,0,0,0,90,,,,,,,,,,,,,,,,,Y,N,A2100089,60
2026-07-28 00:35:59,data_go_kr,경기도,A2100194,세종여주병원,1,20260728003525,031-880-7754,,,,3,,,,,,,,,,,,,3,,,,3,,,,,,,,,,,,,,Y,,,,,,Y,N1,,,Y,Y,N1,110,N1,,N1,Y,,2,N1,6,,,4,,,,,,,,,,,,,,,,,2,,,,,1,1,,4,,,2,,,,,210,,3,,,,,,,,,,,,3,,,Y,N1,A2100194,61
2026-07-28 00:35:59,data_go_kr,경기도,E2100187,연천군보건의료원,10,20260728003323,031-839-4119,,,,,,,,,,,,,,,,,,,,,,,,,,,,,,,,,,,Y,,,,,,Y,N1,,,N1,Y,N1,51,N1,,N1,N1,,2,N1,10,,,,,,,,,,,,,,,,,,,,2,,,,,1,,,1,,,,,,,,52,,,,,,,,,,,,,,,,,Y,N1,E2100187,62
2026-07-28 00:35:59,data_go_kr,경기도,A2100122,(의)효심의료재단용인서울병원,10,20260728003521,031-336-0119,,,,,,,,,,,,,,,,,,,,,,,,,,,,,,,,,,,Y,,,,,,Y,N1,,,N1,Y,N1,140,N1,,N1,Y,,3,N1,10,,,,,,,,,,,,,,,,,,,,3,,,,,1,1,,1,,,,,,,,201,,,,,,,,,,,,,,,,,Y,N1,A2100122,63
2026-07-28 00:35:59,data_go_kr,경기도,A2121142,메디필드한강병원,16,20260728003228,031-332-1119,,,,,,,,,,,,,,,,,,,1,,2,,,,,1,,,,,,1,,,Y,,,,Y,,Y,Y,,,Y,Y,N1,155,N1,6,N1,Y,,6,N1,17,,1,2,,,,,,,,,,,,15,1,,,,6,,,1,,3,2,1,13,,,2,,,,,192,,,,,,,,,,,,,,,,,Y,N1,A2121142,64
2026-07-28 00:35:59,data_go_kr,경기도,A2100034,의료법인영동의료재단의정부백병원,9,20260728003219,031-842-1211,,,,,,,,,,,,,,,,,,,,,2,,,,,,,,,,,,,,Y,,,,,,Y,N1,,,N1,Y,N1,96,N1,0,N1,Y,,3,N1,10,,,2,,,,,,,,,,,,9,,,,,3,,,,,1,1,,1,,,,,,,,192,,,,,,,,,,,,,,,,,Y,N1,A2100034,65
2026-07-28 00:35:59,data_go_kr,경기도,A2100150,추병원,10,20260728003330,031-845-8313,,,,,,,,,,,,,,,,,,,1,,1,,,,,,,,,,,,,,Y,,,,Y,,Y,Y,,,N1,Y,N1,54,N1,2,N1,N,,3,N1,12,,1,1,,,,,,,,,,,,15,,,,,3,,,,,2,1,1,1,,,,,,,,210,,,,,,,,,,,,,,,,,Y,N1,A2100150,66
2026-07-28 00:35:59,data_go_kr,경기도,A2100043,경기도의료원의정부병원,10,20260728003502,031-828-5119,,,,,,,,,,,,,,,,0,,,1,,,,,,,,,,,,29,3,,,Y,,,,,,Y,N1,,,N1,Y,N1,31,N1,3,N1,Y,,3,N1,10,,1,,,,,,,,,,,,,6,,,,,3,,70,5,,1,1,,8,,,,,,,,86,,,,,,,,,,,,,0,,,,Y,N1,A2100043,67
2026-07-28 00:35:59,data_go_kr,경기도,A2100131,메디인병원,12,20260728003537,031-570-7912,,,,,,,,,,,,,,,,,,,,,2,,,,,,,,,,,,,,Y,,,,Y,,Y,Y,,,N1,Y,N1,58,N1,,N1,Y,,4,N1,12,,,2,,,,,,,,,,,,,,,,,4,,,,,1,1,1,2,,,,,,,,206,,,,,,,,,,,,,,,,,Y,N1,A2100131,68
2026-07-28 00:35:59,data_go_kr,경기도,A2100309,의료법인갈렌의료재단박병원,9,20260728003503,031-662-4119,,,,,,,,,,,,,,,,,,,,,1,,,,,,,,,,,,,,Y,,,,,,Y,N1,,,N1,Y,N1,34,N1,0,N1,Y,,2,N1,10,,,1,,,,,,,,,,,,10,,,,,2,,,,,1,2,,3,,,,,,,,143,,,,,,,,,,,,,,,,,Y,N1,A2100309,69
2026-07-28 00:35:59,data_go_kr,경기도,A2100022,의료법인박애의료재단박애병원,10,20260728003215,031-650-9219,,,,,,,,,,,,,,,,,,,,,1,,,,,,,,,,,,,,Y,,,,,,Y,N1,,,Y,Y,N1,111,N1,8,N1,Y,,5,N1,10,,,1,,,,,,,,,,,,10,,,,,5,,,,,2,1,,20,,,2,,,,,193,,,,,,,,,,,,,,,,,Y,N1,A2100022,70
2026-07-28 00:35:59,data_go_kr,경기도,A2100036,의료법인 일심의료재단 포천우리병원,18,20260728003531,031-541-8282,,,,,,,,,,,,,,,,,,,1,,3,,,,,2,,,,,,2,,,Y,,,,Y,,Y,Y,,,Y,Y,N1,69,N1,8,N1,Y,,5,N1,18,,1,3,,,,,,,,,,,,18,2,,,,5,,,2,,2,2,1,14,,,3,,,,,201,,,,,,,,,,,,,,,,,Y,N1,A2100036,71
2026-07-28 00:35:59,data_go_kr,경기도,A2100018,의료법인은혜와감사의료재단화성중앙종합병원,9,20260728003242,031-371-7998,,,,,,,,,,,,,,,,,,,,,1,,,,,,,,,,,,,,Y,,,,,,Y,N1,,,N1,Y,N1,81,N1,4,N1,Y,,3,N1,9,,,1,,,,,,,,,,,,8,,,,,3,,,,,1,1,,3,,,,,,,,131,,,,,,,,,,,,,,,,,Y,N1,A2100018,72
2026-07-28 00:35:59,data_go_kr,경기도,A2115699,의료법인원광의료재단원광종합병원,8,20260728002737,031-8077-7219,,,,,,,,,,,,,,,,,,,1,,,,,,,,,,,,,,,,Y,,,,,,Y,N1,,,N1,Y,N1,8,N1,-2,N1,Y,,4,N1,9,,1,,,,,,,,,,,,,9,,,,,4,,,,,1,2,,4,,,,,,,,135,,,,,,,,,,,,,,,,,Y,N1,A2115699,73
2026-07-28 00:35:59,data_go_kr,강원특별자치도,A2200008,강릉아산병원,13,20260728003415,033-610-3333,Y,Y,,,,,0,1,,0,,,,,,,,3,2,1,3,1,,,,,2,,,,,,Y,,Y,,,,Y,,Y,Y,,,Y,Y,Y,28,Y,,Y,Y,7,15,Y,23,3,2,3,18,14,16,13,,,,,,,,,,38,,,15,,,,2,4,3,4,33,8,12,8,5,1,,2,604,,,,,1,6,,,,,,,,,,,Y,Y,A2200008,1
2026-07-28 00:35:59,data_go_kr,강원특별자치도,A2200001,연세대학교원주세브란스기독병원,16,20260728003002,033-741-1641,Y,Y,2,23,,,0,,,4,,,,,,,,3,2,4,3,4,,,,,12,,6,2,6,,Y,,Y,3,2,6,Y,5,Y,Y,,,Y,Y,Y,80,Y,,Y,Y,5,15,Y,29,3,2,3,20,15,12,19,,,,15,20,,,,,30,,40,15,2,24,,2,5,4,7,100,12,25,16,7,13,,4,584,4,36,,,2,,,,,,,,,,2,6,Y,Y,A2200001,2
2026-07-28 00:35:59,data_go_kr,강원특별자치도,A2200013,한림대학교춘천성심병원,13,20260728003218,033-240-5219,Y,Y,2,3,,,,0,,,,,,,,,,3,,,,2,,,,0,22,,,,,0,Y,Y,Y,,,,Y,,Y,Y,0,,Y,Y,Y,66,Y,6,Y,Y,,9,Y,22,3,,,20,,,,,,8,,,,,20,2,45,,,9,,,2,1,2,2,3,33,1,4,6,2,1,1,1,252,2,3,,,,2,,,,,,,,,,,Y,Y,A2200013,3
2026-07-28 00:35:59,data_go_kr,강원특별자치도,A2200005,의료법인강릉동인병원,13,20260728003440,033-650-6105,,,,,,,,,,3,,,,,,,,,1,,2,,,,,2,,,,,9,,,,Y,,,,Y,,Y,Y,,,Y,Y,N1,69,N1,0,N1,Y,,5,N1,17,,1,2,,12,,,,,,,,,,12,2,,,,5,,101,,,2,1,1,14,,,1,,,,,248,,,,,,,,,,,,,,,,,Y,N1,A2200005,4
2026-07-28 00:35:59,data_go_kr,강원특별자치도,A2200007,강원특별자치도삼척의료원,15,20260728003002,033-571-0431,,Y,,,,,,,,,,,,,,,,1,2,,1,1,,,,0,3,,,,,6,Y,,Y,,,,,,Y,N1,,,Y,Y,N1,51,N1,0,Y,Y,,4,N1,16,1,2,1,2,,,,,,,,,,,6,2,3,,,4,,,10,1,1,1,,3,,3,1,,,,,189,,,,,,,,,,,,,,,,,Y,N1,A2200007,5
2026-07-28 00:35:59,data_go_kr,강원특별자치도,A2200012,강원특별자치도속초의료원,17,20260728003501,,Y,Y,,,,,,,,,,,,,,,,,2,,1,,,,,,,,,,,,Y,,Y,,,,,,Y,N1,,,N1,Y,N1,67,N1,0,Y,Y,,3,N1,17,,2,1,,,,,,,,,,,,8,,,,,3,,,,2,1,1,,7,1,1,,,,,,154,,,,,,,,,,,,,,,,,Y,Y,A2200012,6
2026-07-28 00:35:59,data_go_kr,강원특별자치도,A2200009,강원대학교병원,-1,20260728003500,033-258-2293,Y,Y,,,,,0,,,4,,,,,,,,3,2,,3,0,4,,4,0,,,,,3,12,Y,,Y,1,,,Y,,Y,Y,,,Y,Y,Y,234,Y,,Y,Y,4,11,N1,21,3,2,3,5,10,,15,8,,,8,,8,,,2,,,,11,,16,14,3,4,2,4,43,13,24,12,3,10,,,508,,,,,0,,,,,,,,,,,,Y,Y,A2200009,7
2026-07-28 00:35:59,data_go_kr,강원특별자치도,A2200011,강원특별자치도강릉의료원,2,20260728003502,033-610-1234,,,,,,,,,,,,,,,,20,,,,,1,,,,,,,,,,,5,,,Y,,,,,,Y,N1,,,N1,Y,N1,14,N1,0,N1,Y,,2,N1,5,,,1,,,,,,,,,,,,8,,,,,2,,,5,,1,1,,4,,,,,,,,122,,,,,,,,,,,,,20,,,,Y,N1,A2200011,8
2026-07-28 00:35:59,data_go_kr,강원특별자치도,A2200003,의료법인동해동인병원,8,20260728003456,033-530-0129,,,,,,,,,,,,,,,,,,,,,1,,,,,1,,,,,57,,,,Y,,,,,,Y,N1,,,N1,Y,N1,19,N1,9,N1,Y,,2,N1,10,,,1,,,,,,,,,,,,19,1,,,,2,,110,,,1,1,,7,,,,,,,,178,,,,,,,,,,,,,,,,,Y,N1,A2200003,9
2026-07-28 00:35:59,data_go_kr,강원특별자치도,A2200046,의료법인온세움의료재단온재병원,6,20260728003522,033-639-8988,,,,,,,,,,,,,,,,,,,,,1,,,,,,,,,,29,,,,Y,,,,,,Y,N1,,,N1,Y,N1,30,N1,0,N1,Y,,4,N1,9,,,1,,,,,,,,,,,,15,,,,,4,,59,,,1,1,,5,,,,,,,,219,,,,,,,,,,,,,,,,,Y,N1,A2200046,10
2026-07-28 00:35:59,data_go_kr,강원특별자치도,A2200037,의료법인성심의료재단양구성심병원,5,20260728003443,033-480-8816,,Y,,,,,,,,,,,,,,,,,1,,,,,,,,,,,,,,Y,,Y,,,,,,Y,N1,,,N1,Y,N1,39,N1,,Y,N1,,,N1,5,,1,,,,,,,,,,,,,,,,,,,,,,1,1,,,1,,1,,,,,,52,,,,,,,,,,,,,,,,,Y,N1,A2200037,11
2026-07-28 00:35:59,data_go_kr,강원특별자치도,A2200002,강원특별자치도영월의료원,9,20260728003001,033-370-9129,,Y,,,,,,,,,,,,,,,1,,,,,,,,,0,,,,,,2,Y,,Y,,,,,,Y,N1,,,N1,Y,N1,51,N1,0,Y,Y,,2,N1,9,,,,,,,,,,,,,,,10,2,,,,2,,,2,1,1,1,,7,,3,,,,,,174,,,,,,,,,,,,,,1,,,Y,N1,A2200002,12
2026-07-28 00:35:59,data_go_kr,강원특별자치도,A2200015,강원특별자치도원주의료원,9,20260728003502,033-760-4701,,,,,,,,,,,,,,,,,,,1,,2,,,,,,,,,,,,,,Y,,,,,,Y,N1,,,N1,Y,N1,44,N1,3,N1,Y,,3,N1,17,,1,2,,,,,,,,,,,,20,,,,,3,,,,,1,1,,7,,,,,,,,259,,,,,,,,,,,,,,,,,Y,N1,A2200015,13
2026-07-28 00:35:59,data_go_kr,강원특별자치도,A2200024,의료법인성지의료재단성지병원,3,20260728002533,033-760-3119,,,,,,,,,,,,,,,,13,,,,,1,,,,,,,,,,,,,,Y,,,,,,Y,N1,,,N1,Y,N1,-79,N1,9,N1,Y,,4,N1,7,,,1,,,,,,,,,,,,9,,,,,4,,,,,1,2,,4,,,,,,,,135,,,,,,,,,,,,,13,,,,Y,N1,A2200024,14
2026-07-28 00:35:59,data_go_kr,강원특별자치도,A2200048,근로복지공단정선병원,5,20260728003400,033-560-7150,,,,,,,,,,,,,,,,,,,,,1,,,,,,,,,,,,,,Y,,,,,,Y,N1,,,N1,Y,N1,29,N1,,N1,N1,,,N1,5,,,1,,,,,,,,,,,,,,,,,,,,,,1,,,3,,,,,,,,149,,,,,,,,,,,,,,,,,Y,N1,A2200048,15
2026-07-28 00:35:59,data_go_kr,강원특별자치도,A2201730,철원병원,5,20260728003001,033-452-5012,N,Y,,,,,,,,,,,,,,,,,1,,,,,,,,,,,,,,Y,N,Y,,,,N,,Y,N,,,N,Y,N,36,N,,Y,Y,,2,N,5,,1,,,,,,,,,,,,,,,,,,2,,,,1,1,1,0,1,0,1,0,0,0,0,0,68,,,,,,,,,,,,,,,,,Y,N,A2201730,16
2026-07-28 00:35:59,data_go_kr,강원특별자치도,A2200004,근로복지공단태백병원,8,20260728003400,033-580-3119,,,,,,,,,,,,,,,,,,,1,,,,,,,1,,,,,,,Y,,Y,,,,,,Y,N1,,,N1,Y,N1,45,N1,5,N1,Y,,2,N1,9,,1,,,,,,,,,,,,,9,1,,,,2,,,,1,1,1,,8,,,,,,,,223,,,,,,,,,,,,,,,,,Y,N1,A2200004,17
2026-07-28 00:35:59,data_go_kr,강원특별자치도,E2200026,평창군보건의료원,6,20260728003501,033-330-4812,,,,,,,,,,,,,,,,,,,,,1,,,,,,,,,,,,,,Y,,,,,,Y,N1,,,N1,Y,N1,20,N1,,N1,N1,,,N1,6,,,1,,,,,,,,,,,,,,,,,,,,,,1,,,1,,,,,,,,20,,,,,,,,,,,,,,,,,Y,N1,E2200026,18
2026-07-28 00:35:59,data_go_kr,강원특별자치도,A2200014,홍천아산병원,9,20260728003000,033-430-5119,,,,,,,,,,,,,,,,,,,,,,,,,,,,,,,,,,,Y,,,,,,Y,N1,,,N1,Y,N1,6,N1,0,N1,Y,,2,N1,10,,,,,,,,,,,,,,,7,,,,,2,,,,,1,1,,4,,,,,,,,128,,,,,,,,,,,,,,,,,Y,N1,A2200014,19
2026-07-28 00:35:59,data_go_kr,강원특별자치도,E2200025,화천군보건의료원,7,20260728003500,033-440-2880,,,,,,,,,,,,,,,,,,,,,1,,,,,,,,,,,,,,,,,,,,Y,N1,,,N1,N1,N1,16,N1,,N1,N1,,,N1,7,,,1,,,,,,,,,,,,,,,,,,,,,,,,,1,,,,,,,,16,,,,,,,,,,,,,,,,,Y,N1,E2200025,20
2026-07-28 00:35:59,data_go_kr,강원특별자치도,A2200016,횡성대성병원,8,20260728003535,033-345-1191,,,,,,,,,,,,,,,,,,,,,1,,,,,,,,,,,,,,Y,,,,,,Y,N1,,,N1,Y,N1,31,N1,,N1,Y,,1,N1,9,,,1,,,,,,,,,,,,,,,,,1,,,,,1,1,,1,,,,,,,,114,,,,,,,,,,,,,,,,,Y,N1,A2200016,21
2026-07-28 00:35:59,data_go_kr,충청북도,A2300001,충북대학교병원,22,20260728003500,043-269-6114,Y,Y,2,3,,,,0,,2,,,,,,,,6,,,,6,,,,1,29,,11,2,5,13,Y,,Y,,2,6,Y,17,Y,Y,3,,Y,Y,Y,140,Y,7,Y,Y,13,15,N1,30,8,,,18,8,,25,,,4,,20,,,17,5,40,,40,16,2,21,13,2,4,4,6,98,13,31,18,10,17,,,547,2,3,,,,2,,,,,,,,,2,6,Y,Y,A2300001,1
2026-07-28 00:35:59,data_go_kr,충청북도,A2300009,의료법인명지의료재단명지병원,18,20260728003425,043-640-8117,,,,,,,,,,,,,,,,,,3,2,,4,2,,,,3,,,,,,,,,Y,,,,Y,,Y,Y,,,Y,Y,Y,57,N1,7,N1,Y,,3,N1,18,3,2,4,2,,,,,,,,,,,15,3,,,,3,,,,,2,1,1,10,,,2,1,,,,201,,,,,,,,,,,,,,,,,Y,N1,A2300009,2
2026-07-28 00:35:59,data_go_kr,충청북도,A2300005,의료법인자산의료재단제천서울병원,10,20260728003140,043-643-2327,,,,,,,,,,,,,,,,,,,1,,4,,,,,,3,,,,,,,,Y,,,,,,Y,N1,,,Y,Y,N1,21,N1,1,N1,Y,,3,Y,15,,1,4,,,,,,,,,,,,11,,5,,,3,,,,,1,1,,10,,,1,,,,1,202,,,,,,,,,,,,,,,,,Y,N1,A2300005,3
2026-07-28 00:35:59,data_go_kr,충청북도,A2300013,의료법인 건명의료재단 중앙제일병원,14,20260728003057,043-537-9119,,,,,,,,,,,,,,,,,,,3,,,,,,,4,,,,,,31,,,Y,,,,,,Y,N1,,,Y,Y,N1,64,N1,2,N1,Y,,5,N1,17,,3,,,,,,,,,,,,,12,6,,,,5,,,31,,2,2,,6,,,1,,,,,192,,,,,,,,,,,,,,,,,Y,N1,A2300013,4
2026-07-28 00:35:59,data_go_kr,충청북도,A2300007,의료법인인화재단한국병원,12,20260728003313,043-222-6177,,Y,,,,,,,,,,,,,,,3,,1,,2,,,,,1,,,,,,1,Y,,Y,,,,Y,,Y,Y,,,Y,Y,N1,50,N1,3,Y,Y,,8,N1,14,,1,2,,,,,,,,,,,,24,1,,,,8,,,1,1,3,3,2,18,,1,3,,,,,403,,,,,,,,,,,,,,3,,,Y,N1,A2300007,5
2026-07-28 00:35:59,data_go_kr,충청북도,A2300003,의료법인정산의료재단효성병원,17,20260728003349,043-221-2192,,N,,,,,,,,,,,,,,,,,1,,4,0,,,,0,0,,,,,,Y,,Y,,,,Y,,Y,Y,,,Y,Y,N1,61,N1,0,N,Y,,4,Y,18,,1,4,2,,,,,,,,,,,27,2,3,,,4,,,,1,3,4,2,19,,1,2,,,,1,363,,,,,,,,,,,,,,,,,Y,N1,A2300003,6
2026-07-28 00:35:59,data_go_kr,충청북도,A2300008,청주성모병원,15,20260728003509,043-219-8119,,Y,,,,,,,,4,,,,,,,,,2,5,5,2,,,,1,4,,,,,5,Y,,Y,,,,Y,,Y,Y,,,Y,Y,N1,127,N1,,Y,Y,,8,N1,15,,2,5,2,13,12,,,,,,,,,,1,4,,,8,,,30,1,3,2,2,19,,2,2,,,,,358,,,,,,,,,,,,,,,,,Y,N1,A2300008,7
2026-07-28 00:35:59,data_go_kr,충청북도,A2300002,의료법인한마음의료재단하나병원,5,20260728003435,043-230-6594,,,,,,,,,,,,,,,,,9,,1,,2,,,,,2,,,,,,,,,Y,,,,Y,,Y,Y,,,Y,Y,N1,115,N1,7,N1,Y,,7,Y,11,,1,2,,,,,,,,,,,,24,2,,,,7,,,,,3,3,2,20,,,4,,,,1,463,,,,,,,,,,,,,,9,,,Y,N1,A2300002,8
2026-07-28 00:35:59,data_go_kr,충청북도,A2300010,건국대학교충주병원,18,20260728003501,043-840-8330,Y,Y,,,,,,,,,,,,,,,,,1,,2,,,,,,,,,,,0,Y,,Y,,,,Y,,Y,Y,,,Y,Y,Y,59,N1,5,Y,Y,,5,N1,20,,1,2,,,,,,,,,,,,18,,,,,5,,,1,1,2,1,2,11,1,4,3,1,,,,194,,,,,,,,,,,,,,,,,Y,Y,A2300010,9
2026-07-28 00:35:59,data_go_kr,충청북도,A2300034,의료법인대광의료재단괴산성모병원,8,20260728003501,043-830-5419,,,,,,,,,,,,,,,,,,,,,0,,,,,,,,,,,,,,Y,,,,,,Y,N1,,,N1,Y,N1,8,N1,,N1,Y,,1,N1,9,,,1,,,,,,,,,,,,,,,,,1,,,,,1,1,,3,,,,,,,,153,,,,,,,,,,,,,,,,,Y,N1,A2300034,10
2026-07-28 00:35:59,data_go_kr,충청북도,E2300011,단양군보건의료원,6,20260728003501,043-420-0139,,,,,,,,,,,,,,,,,,,1,,,,,,,,,,,,,2,,,Y,,,,,,Y,N1,,,N1,Y,N1,13,N1,,N1,N1,,,N1,6,,1,,,,,,,,,,,,,,,,,,,,,2,,1,,,1,,,,,,,,14,,,,,,,,,,,,,,,,,Y,N1,E2300011,11
2026-07-28 00:35:59,data_go_kr,충청북도,A2300030,의료법인조윤의료재단영동병원,10,20260728003504,043-740-9333,,Y,,,,,,,,,,,,,,,,,,,,,,,,,,,,,,,Y,,Y,,,,,,Y,N1,,,N1,Y,N1,30,N1,,Y,Y,,2,N1,10,,,,,,,,,,,,,,,,,,,,2,,,,1,1,1,,3,,1,,,,,,161,,,,,,,,,,,,,,,,,Y,N1,A2300030,12
2026-07-28 00:35:59,data_go_kr,충청북도,A2300011,의료법인힐링의료재단옥천성모병원,7,20260728003130,043-730-7119,,,,,,,,,,,,,,,,,,,2,,1,,,,,,,,,,,,,,Y,,,,,,Y,N1,,,N1,Y,N1,10,N1,2,N1,Y,,2,N1,7,,2,1,,,,,,,,,,,,7,,,,,2,,,,,1,1,,4,,,,,,,,157,,,,,,,,,,,,,,,,,Y,N1,A2300011,13
2026-07-28 00:35:59,data_go_kr,충청북도,A2300006,충청북도청주의료원,10,20260728003501,043-279-0119,,Y,,,,,,,,,,,,,,,3,,1,,,,,,,2,,,,,90,6,Y,,Y,,,,Y,,Y,Y,,,Y,Y,N1,157,N1,18,Y,Y,,5,N1,12,,1,,,,,,,,,,,,,21,3,,,,5,,90,6,1,1,2,1,11,,1,1,,,,,359,,,,,,,,,,,,,,3,,,Y,N1,A2300006,14
2026-07-28 00:35:59,data_go_kr,충청북도,A2300004,충청북도충주의료원,13,20260728003502,043-871-0119,,,,,,,,,,,,,,,,,,,1,,2,,,,,,,,,,,,,,Y,,,,Y,,Y,Y,,,Y,Y,N1,121,N1,4,N1,Y,,4,N1,18,,1,2,,,,,,,,,,,,12,,,,,4,,,,,1,1,1,8,,,1,,,,,282,,,,,,,,,,,,,,,,,Y,N1,A2300004,15
2026-07-28 00:35:59,data_go_kr,충청남도,A2400002,단국대학교의과대학부속병원,14,20260728003500,041-550-6840,Y,Y,2,2,,,,1,,,,,,3,,,,2,,1,1,6,,,,0,10,,1,2,11,0,Y,,Y,0,2,6,Y,0,Y,Y,,,Y,Y,Y,68,Y,,Y,Y,1,13,Y,25,4,,1,18,,13,25,,,,13,20,,,,1,30,,40,13,2,20,8,3,4,3,6,6,14,29,15,7,17,,1,640,2,2,,,,2,,,,,7,,,,2,6,Y,Y,A2400002,1
2026-07-28 00:35:59,data_go_kr,충청남도,A2400001,학교법인동은학원순천향대학교부속천안병원,15,20260728003123,041-590-7019,Y,Y,,,1,3,1,,,8,,,,,,,,13,4,8,3,6,,2,,4,3,3,,,,0,Y,Y,Y,,,,Y,,Y,Y,,,Y,Y,Y,55,Y,,Y,Y,5,19,Y,22,14,4,3,17,18,15,38,,2,,,,,,,6,30,6,,19,,,14,11,6,4,6,60,16,37,6,6,10,1,1,713,,,1,3,1,,,,,,,,,,,,Y,Y,A2400001,2
2026-07-28 00:35:59,data_go_kr,충청남도,A2400009,의료법인백제병원,16,20260728003420,041-730-8882,,,,,,,,,,,,,,,,,,,1,,2,,,,,,,,,,19,,,,Y,,,,Y,,Y,Y,,,Y,Y,N1,16,N1,0,N1,Y,,4,N1,20,,1,2,,,,,,,,,,,,26,,,,,4,,49,,,2,2,1,11,,,3,,,,,398,,,,,,,,,,,,,,,,,Y,N1,A2400009,3
2026-07-28 00:35:59,data_go_kr,충청남도,A2400008,당진종합병원,13,20260728003444,041-358-3624,,,,,,,,,,,,,,,,,,,1,,2,,,,,,,,,,,,,,Y,,,,Y,,Y,Y,,,Y,Y,N1,81,N1,0,N1,Y,,4,N1,17,,1,2,,,,,,,,,,,,13,,,,,4,,,,,2,2,1,5,,,1,,,,,246,,,,,,,,,,,,,,,,,Y,N1,A2400008,4
2026-07-28 00:35:59,data_go_kr,충청남도,A2400011,재단법인아산사회복지재단보령아산병원,14,20260728003001,041-930-5333,,,,,,,,,,,,,,,,,,,1,,2,,,,,,,,,,,,,,Y,,,,,,Y,N1,,,N1,Y,N1,77,N1,5,N1,Y,,2,N1,17,,1,2,,,,,,,,,,,,8,,,,,2,,,,,1,1,,4,,,,,,,,221,,,,,,,,,,,,,,,,,Y,N1,A2400011,5
2026-07-28 00:35:59,data_go_kr,충청남도,A2400003,서산중앙병원,15,20260728003003,041-661-1195,,,,,,,,,,,,,,,,,,,1,,2,,,,,,,,,,,,,,Y,,,,,,Y,N1,,,Y,Y,N1,44,N1,3,N1,Y,,4,N1,17,,1,2,,,,,,,,,,,,17,,,,,4,,,,,1,1,,7,,,1,,,,,288,,,,,,,,,,,,,,,,,Y,N1,A2400003,6
2026-07-28 00:35:59,data_go_kr,충청남도,A2400006,충청남도서산의료원,9,20260728003101,041-689-7119,,,,,,,,,,,,,,,,,,,1,,2,0,,,,,1,,,,,5,,,Y,,,,,,Y,N1,,,N1,Y,N1,25,N1,0,N1,Y,,3,N1,17,,1,2,2,,,,,,,,,,,8,,4,,,3,,,5,,2,1,,10,,,,,,,,259,,,,,,,,,,,,,,,,,Y,N1,A2400006,7
2026-07-28 00:35:59,data_go_kr,충청남도,A2402257,아산충무병원,8,20260728003027,041-536-6519,,,1,7,,,,,,,,,,5,,,,,,,,,,,,2,,,,,,,Y,,Y,,,,Y,,Y,Y,,,Y,Y,Y,151,Y,10,N1,Y,,4,N1,13,,,,,,,,,,,,,,,22,2,,,,4,,,,1,2,2,3,27,,,4,2,1,,,456,1,7,,,,,,,,,5,,,,,,Y,N1,A2402257,8
2026-07-28 00:35:59,data_go_kr,충청남도,A2400012,의료법인영서의료재단천안충무병원,11,20260728003336,041-570-7519,,,,,,,,,,,,,,,,,,,1,,4,,,,,1,,,,,,,,,Y,0,,,Y,,Y,Y,,,Y,Y,Y,42,N1,-1,N1,Y,,5,N1,16,,1,4,,,,,,,,7,,,,19,3,,,,5,,,,,2,2,3,26,,,3,3,,,,333,,,,,,,,,,,,,,,,,Y,N1,A2400012,9
2026-07-28 00:35:59,data_go_kr,충청남도,A2400007,충청남도홍성의료원,12,20260728003301,041-630-6119,,,,,,,,,,,,,,,,,,1,1,,2,2,,,,1,2,,,,3,1,Y,,Y,,,,N,,Y,N,,,Y,Y,N1,106,N1,1,N1,Y,,4,N,18,1,1,2,2,,,,,,,,,,,22,1,3,,,4,,49,1,1,2,2,1,10,,,1,,,,2,260,,,,,,,,,,,,,,,,,Y,N1,A2400007,10
2026-07-28 00:35:59,data_go_kr,충청남도,A2400010,충청남도공주의료원,13,20260728003002,041-962-1365,,,,,,,,,,,,,,,,,,,,,1,,,,,,,,,,,4,,,Y,,,,,,Y,N1,,,Y,Y,N1,58,N1,1,N1,Y,,6,N1,15,,,1,,,,,,,,,,,,16,,,,,6,,,6,,1,1,,9,,,2,,,,,273,,,,,,,,,,,,,,,,,Y,N1,A2400010,11
2026-07-28 00:35:59,data_go_kr,충청남도,A2400038,학교법인건양교육재단건양대학교부여병원,7,20260728003244,041-837-1201,,,,,,,,,,,,,,,,,,,,,1,,,,,,,,,,,,,,Y,,,,,,Y,N1,,,N1,Y,N1,22,N1,,N1,N1,,1,N1,9,,,1,,,,,,,,,,,,,,,,,1,,,,,1,,,1,,,,,,,,55,,,,,,,,,,,,,,,,,Y,N1,A2400038,12
2026-07-28 00:35:59,data_go_kr,충청남도,A2400044,의료법인 서해병원,3,20260728003113,041-950-0219,,,,,,,,,,,,,,,,,,,,,2,,,,,,,,,,,,,,Y,,,,,,Y,N1,,,N1,Y,N1,14,N1,,N1,N1,,,N1,5,,,2,,,,,,,,,,,,,,,,,,,,,,1,,,1,,,,,,,,79,,,,,,,,,,,,,,,,,Y,N1,A2400044,13
2026-07-28 00:35:59,data_go_kr,충청남도,A2400039,현대병원,9,20260728003001,041-546-7744,N,N,,,,,,,,,,,,,,,,,,,1,,,,,,,,,,,,N,N,Y,0,,,N,,Y,N,,,N,Y,N,6,N,3,N,Y,,3,N,10,,,1,,,,,,,,0,,,,7,,,,,3,,,,0,1,1,0,3,0,0,0,0,0,0,0,84,,,,,,,,,,,,,,,,,Y,N,A2400039,14
2026-07-28 00:35:59,data_go_kr,충청남도,A2400004,의료법인 예당의료재단 예산종합병원,5,20260728003527,041-330-4119,,,,,,,,,,,,,,,,,,,,,1,,,,,,,,,,,,,,Y,,,,,,Y,N1,,,N1,Y,N1,0,N1,5,N1,Y,,0,N1,6,,,1,,,,,,,,,,,,9,,,,,0,,,,,0,0,,0,,,,,,,,88,,,,,,,,,,,,,,,,,Y,N1,A2400004,15
2026-07-28 00:35:59,data_go_kr,충청남도,A2400005,충청남도천안의료원,12,20260728003502,041-570-7119,,,,,,,,,,,,,,,,6,,,,,1,,,,,,,,,,,,,,Y,,,,,,Y,N1,,,N1,Y,N1,53,N1,7,N1,Y,,4,N1,12,,,1,,,,,,,,,,,,15,,,,,4,,,,,1,1,,10,,,,,,,,241,,,,,,,,,,,,,6,,,,Y,N1,A2400005,16
2026-07-28 00:35:59,data_go_kr,충청남도,E2400032,청양군보건의료원,6,20260728003500,041-940-4951,,,,,,,,,,,,,,,,,,,,,1,,,,,,,,,,,,,,Y,,,,,,Y,N1,,,N1,Y,N1,12,N1,,N1,N1,,1,N1,6,,,1,,,,,,,,,,,,,,,,,1,,,,,1,,,1,,,,,,,,12,,,,,,,,,,,,,,,,,Y,N1,E2400032,17
2026-07-28 00:35:59,data_go_kr,충청남도,E2400033,태안군보건의료원,10,20260728003501,041-671-5319,,,,,,,,,,,,,,,,,,,,,1,,,,,,,,,,,,,,Y,,,,,,Y,N1,,,N1,Y,N1,21,N1,,N1,N1,,,N1,10,,,1,,,,,,,,,,,,,,,,,,,,,,1,,,1,,,,,,,,34,,,,,,,,,,,,,,,,,Y,N1,E2400033,18
2026-07-28 00:35:59,data_go_kr,전북특별자치도,A2500001,원광대학교병원,4,20260728003516,063-859-1165,Y,Y,2,2,,,,2,,3,,,,,,,,3,,3,,5,,,3,4,12,,14,2,1,1,Y,,Y,,2,6,Y,9,Y,Y,,,Y,Y,Y,64,Y,6,Y,Y,2,15,Y,26,3,,,18,8,15,15,,,,,20,8,,15,7,31,,40,15,2,30,2,1,5,4,5,11,12,20,8,4,1,,2,543,2,3,,,,2,,,,,,,,,2,6,Y,Y,A2500001,1
2026-07-28 00:35:59,data_go_kr,전북특별자치도,A2500002,전북대학교병원,24,20260728003417,063-250-1131,Y,Y,2,5,,,2,1,,2,,,,,,,,2,,2,,3,5,,3,1,5,,,,3,15,Y,,Y,5,,,Y,,Y,Y,,,Y,Y,Y,287,Y,,Y,Y,21,21,N1,36,5,,,17,10,8,25,10,,,18,,11,,,2,30,,,21,,23,15,3,1,2,5,11,15,22,4,2,1,,,834,2,5,,,2,1,,,,,,,,,,,Y,Y,A2500002,2
2026-07-28 00:35:59,data_go_kr,전북특별자치도,A2500007,전북특별자치도군산의료원,11,20260728003302,063-472-5130,,Y,,,,,,,,,,,,,,,,,1,,2,1,,,,2,2,,,,,,Y,,Y,,,,,,Y,N1,,,N1,Y,N1,81,N1,7,Y,Y,,6,N1,17,,1,2,2,,,,,,,,,,,18,2,3,,,6,,,,1,1,1,,18,,2,,,,,,289,,,,,,,,,,,,,,,,,Y,N1,A2500007,3
2026-07-28 00:35:59,data_go_kr,전북특별자치도,A2500012,의료법인오성의료재단동군산병원,11,20260728003443,063-440-0516,,,,,,,,,,,,,,,,0,,,1,,5,1,,,,,1,,,,,,,,Y,,,,Y,,Y,Y,,,Y,Y,N1,19,N1,4,N1,Y,,6,N1,17,,1,5,2,,,,,,,,,,,24,,3,,,6,,,,,2,2,2,13,,,2,,,,,262,,,,,,,,,,,,,0,,,,Y,N1,A2500012,4
2026-07-28 00:35:59,data_go_kr,전북특별자치도,A2500004,전북특별자치도남원의료원,15,20260728003503,063-620-1119,,Y,,,,,,,,,,,,,,,,,1,,2,,,,,1,,,,,,,Y,,Y,,,,,,Y,N1,,,N1,Y,N1,39,N1,3,Y,Y,,3,N1,17,,1,2,,,,,,,,,,,,9,1,,,,3,,,,3,2,1,,10,,1,,,,,,190,,,,,,,,,,,,,,,,,Y,N1,A2500004,5
2026-07-28 00:35:59,data_go_kr,전북특별자치도,A2500011,의료법인대산의료재단익산병원,12,20260728003506,063-840-9112,,,,,,,,,,,,,,,,,,,1,,2,,,,,0,,,,,,,,,Y,,,,Y,,Y,Y,,,N1,Y,N1,19,N1,7,N1,Y,,5,N1,17,,1,2,,,,,,,,,,,,17,1,,,,5,,,,,2,2,1,7,,,,,,,,333,,,,,,,,,,,,,,,,,Y,N1,A2500011,6
2026-07-28 00:35:59,data_go_kr,전북특별자치도,A2500056,대자인병원,19,20260728003307,063-250-8701,,,,,,,,,,,,,,,,,,,1,2,2,,,,,3,,,,,,,,Y,Y,,,,Y,,Y,Y,,,Y,Y,Y,24,N1,2,N1,Y,,15,Y,33,,1,2,,,36,,,,,,,,,15,4,,,,15,,,,,4,3,2,12,,,4,2,,1,1,45,,,,,,,,,,,,,,,,,Y,N1,A2500056,7
2026-07-28 00:35:59,data_go_kr,전북특별자치도,A2500006,재단법인예수병원유지재단예수병원,26,20260728003423,063-230-8280,Y,Y,,,1,1,,,,,,,,,,,,6,1,,2,,,2,,4,,2,,,,2,Y,,Y,0,,,Y,,Y,Y,,,Y,Y,Y,125,N1,2,Y,Y,4,13,Y,38,10,1,2,,,,12,,2,,14,,,,23,4,,6,,14,,,5,4,4,3,4,40,6,11,7,2,,,2,685,,,1,1,,,,,,,,,,,,,Y,Y,A2500006,8
2026-07-28 00:35:59,data_go_kr,전북특별자치도,A2500005,의료법인영경의료재단전주병원,7,20260728003356,063-226-6119,,,,,,,,,,,,,,,,,,,1,,2,,,,,,,,,,,,,,Y,,,,,,Y,N1,,,Y,Y,N1,7,N1,6,N1,Y,,5,N1,17,,1,2,,,,,,,,,,,,9,,,,,5,,,,,1,2,,6,,,1,,,,,275,,,,,,,,,,,,,,,,,Y,N1,A2500005,9
2026-07-28 00:35:59,data_go_kr,전북특별자치도,A2500008,재단법인 아산사회복지재단 정읍아산병원,17,20260728003001,063-530-6129,,,,,,,,,,,,,,,,,,,1,,2,,,,,,,,,,,,,,Y,,,,,,Y,N1,,,N1,Y,N1,73,N1,3,N1,Y,,3,N1,17,,1,2,,,,,,,,,,,,12,,,,,3,,,,,1,1,,5,,,,,,,,276,,,,,,,,,,,,,,,,,Y,N1,A2500008,10
2026-07-28 00:35:59,data_go_kr,전북특별자치도,A2500009,의료법인석천재단고창병원,9,20260728003401,063-560-5558,,,,,,,,,,,,,,,,,,,,,1,,,,,,,,,,,,,,Y,,,,,,Y,N1,,,N1,Y,N1,0,N1,,N1,Y,,2,N1,10,,,1,,,,,,,,,,,,,,,,,2,,,,,1,1,,4,,,,,,,,258,,,,,,,,,,,,,,,,,Y,N1,A2500009,11
2026-07-28 00:35:59,data_go_kr,전북특별자치도,A2500038,김제우석병원,10,20260728003259,063-540-5119,,,,,,,,,,,,,,,,,,,,,1,,,,,,,,,,,,,,Y,,,,,,Y,N1,,,N1,Y,N1,83,N1,,N1,Y,,2,N1,10,,,1,,,,,,,,,,,,,,,,,2,,,,,1,1,,1,,,,,,,,200,,,,,,,,,,,,,,,,,Y,N1,A2500038,12
2026-07-28 00:35:59,data_go_kr,전북특별자치도,E2500019,무주군보건의료원,4,20260728003501,063-320-8315,,,,,,,,,,,,,,,,,,,,,1,,,,,,,,,,,,,,Y,,,,,,Y,N1,,,N1,Y,N1,24,N1,,N1,N1,,,N1,4,,,1,,,,,,,,,,,,,,,,,,,,,,1,,,1,,,,,,,,24,,,,,,,,,,,,,,,,,Y,N1,E2500019,13
2026-07-28 00:35:59,data_go_kr,전북특별자치도,A2500010,부안성모병원,8,20260728003231,063-580-8119,,,,,,,,,,,,,,,,,,,,,2,,,,,,,,,,,,,,Y,,,,,,Y,N1,,,N1,Y,N1,5,N1,9,N1,Y,,3,N1,10,,,2,,,,,,,,,,,,9,,,,,3,,,,,1,1,,2,,,,,,,,240,,,,,,,,,,,,,,,,,Y,N1,A2500010,14
2026-07-28 00:35:59,data_go_kr,전북특별자치도,E2500021,순창군보건의료원,9,20260728003501,063-650-5352,,,,,,,,,,,,,,,,,,,,,1,,,,,,,,,,,,,,Y,,,,,,Y,N1,,,N1,Y,N1,30,N1,,N1,N1,,,N1,9,,,1,,,,,,,,,,,,,,,,,,,,,,1,,,1,,,,,,,,30,,,,,,,,,,,,,,,,,Y,N1,E2500021,15
2026-07-28 00:35:59,data_go_kr,전북특별자치도,E2500022,임실군보건의료원,4,20260728003500,063-640-3119,,,,,,,,,,,,,,,,,,,,,1,,,,,,,,,,,,,,Y,,,,,,Y,N1,,,N1,Y,N1,,N1,,N1,N1,,,N1,4,,,1,,,,,,,,,,,,,,,,,,,,,,1,,,1,,,,,,,,,,,,,,,,,,,,,,,,,Y,N1,E2500022,16
2026-07-28 00:35:59,data_go_kr,전북특별자치도,E2500020,장수군보건의료원,5,20260728003501,063-350-2119,,,,,,,,,,,,,,,,,,,,,1,,,,,,,,,,,,,,,,,,,,Y,N1,,,N1,N1,N1,20,N1,,N1,N1,,,N1,5,,,1,,,,,,,,,,,,,,,,,,,,,,,,,1,,,,,,,,22,,,,,,,,,,,,,,,,,Y,N1,E2500020,17
2026-07-28 00:35:59,data_go_kr,전북특별자치도,A2501890,의료법인영경의료재단호성전주병원,7,20260728003501,063-240-8862,,,,,,,,,,,,,,,,,,,,,1,,,,,,,,,,,,,,Y,,,,,,Y,N1,,,N1,Y,N1,6,N1,,N1,Y,,2,N1,9,,,1,,,,,,,,,,,,,,,,,2,,,,,1,1,,1,,,,,,,,122,,,,,,,,,,,,,,,,,Y,N1,A2501890,18
2026-07-28 00:35:59,data_go_kr,전북특별자치도,A2502742,새강병원,14,20260728003349,063-289-9119,,,0,0,,0,0,,,0,,,,,,,,3,1,0,2,0,,,,3,,0,,0,,0,,,Y,,,,,,Y,N1,,,N1,Y,N1,87,N1,16,N1,Y,,5,N1,14,3,1,2,0,0,0,,,,,,,,,16,3,,0,,5,0,,0,,1,1,,1,,,,,,,,201,0,0,,0,0,,,,,,,,,,,,Y,N1,A2502742,19
2026-07-28 00:35:59,data_go_kr,전북특별자치도,A2502031,진안군의료원,5,20260728003502,063-430-7119,,,,,,,,,,,,,,,,,,,,,2,,,,,,,,,,,,,,Y,,,,,,Y,N1,,,N1,Y,N1,30,N1,,N1,Y,,2,N1,6,,,2,,,,,,,,,,,,,,,,,2,,,,,1,1,,3,,,,,,,,74,,,,,,,,,,,,,,,,,Y,N1,A2502031,20
2026-07-28 00:35:59,data_go_kr,경상북도,A2700007,차의과학대학교부속구미차병원,7,20260728003505,054-450-9998,Y,Y,,,,,0,,,,,,,,,,,5,3,,2,0,,,,,4,,,,,,Y,Y,Y,,,,Y,,Y,Y,,,Y,Y,Y,34,Y,1,Y,Y,-1,8,N1,20,5,3,3,25,,,8,,,,,,,,18,,30,,,8,,,,3,3,2,2,21,3,13,2,1,2,1,,301,,,,,3,,,,,,,,,,,,Y,Y,A2700007,1
2026-07-28 00:35:59,data_go_kr,경상북도,A2700014,의료법인안동병원,8,20260728003200,054-840-0119,Y,Y,2,2,,,1,,,1,,,,,,,,1,,,,5,,,,0,7,,3,2,0,4,Y,Y,Y,,2,6,Y,3,Y,Y,,,Y,Y,Y,93,Y,1,Y,Y,10,11,Y,15,3,,,19,20,,10,,,,,20,,,13,3,30,,40,11,2,34,6,3,6,3,5,67,3,12,14,4,13,1,1,775,2,3,,,1,,,,,,,,,,2,6,Y,Y,A2700014,2
2026-07-28 00:35:59,data_go_kr,경상북도,A2700016,포항성모병원,6,20260728003440,054-260-8600,Y,Y,2,3,,,,0,2,,,,,,,,,11,,,,4,,,,1,0,,,,,1,Y,Y,Y,,,,Y,,Y,Y,,,Y,Y,Y,47,Y,3,Y,Y,,9,Y,20,11,,,15,,,,,,,,,,,16,1,17,,,9,,,1,1,3,2,2,25,1,6,4,1,2,1,3,468,2,3,,,,5,13,,,,,,,,,,Y,Y,A2700016,3
2026-07-28 00:35:59,data_go_kr,경상북도,A2700003,동국대학교의과대학경주병원,9,20260728003510,054-770-8306,Y,Y,,,,,,,,1,,,,,,,,1,2,2,5,,,,,3,,,,,10,1,Y,,Y,,,,Y,,Y,Y,,,Y,Y,N1,81,N1,0,Y,Y,,7,N1,16,3,2,5,,11,17,,,,,,,,,7,4,,,,7,,20,3,1,2,2,2,26,2,6,3,,,,,279,,,,,,,,,,,,,,,,,Y,Y,A2700003,4
2026-07-28 00:35:59,data_go_kr,경상북도,A2700013,순천향대학교부속구미병원,7,20260728003121,054-468-9119,,Y,,,,,,,,,,,,,,,,2,1,,2,1,,,,2,0,,,,,1,Y,,Y,,,,Y,,Y,Y,,,Y,Y,N1,40,N1,6,Y,Y,,6,N1,13,4,1,2,2,,,,,,,,,,,31,2,3,,,6,,,1,1,2,2,2,20,,1,2,,,,,263,,,,,,,,,,,,,,,,,Y,N1,A2700013,5
2026-07-28 00:35:59,data_go_kr,경상북도,A2700012,의료법인덕산의료재단김천제일병원,14,20260728003142,054-420-9500,,,,,,,,,,,,,,,,,,,1,,3,2,,,,,2,,,,,,Y,,Y,,,,Y,,Y,Y,,,Y,Y,N1,55,N1,7,N1,Y,,4,Y,16,,1,3,2,,,,,,,,,,,16,,3,,,4,,,,3,1,1,1,10,,,1,,,,1,276,,,,,,,,,,,,,,,,,Y,N1,A2700012,6
2026-07-28 00:35:59,data_go_kr,경상북도,A2700006,의료법인동춘의료재단문경제일병원,17,20260728002500,054-550-7777,,,,,,,,,,,,,,,,,,,1,,0,2,,,,1,3,,,,59,3,,,Y,,,,,,Y,N1,,,N1,Y,N1,54,N1,13,N1,Y,,3,N1,17,,1,2,2,,,,,,,,,,,29,1,3,,,3,,162,4,,2,1,,8,,,,,,,,306,,,,,,,,,,,,,,,,,Y,N1,A2700006,7
2026-07-28 00:35:59,data_go_kr,경상북도,A2700004,안동성소병원,11,20260728003518,054-850-8282,,Y,,,,,,,,,,,,,,,5,,0,,2,2,,,,3,1,,,,22,0,Y,,Y,,,,Y,,Y,Y,,,Y,Y,N1,148,N1,6,Y,Y,,6,N1,12,,1,2,2,,,,,,,,,,,16,3,3,,,6,,186,2,1,2,2,2,21,,4,1,,,,,393,,,,,,,,,,,,,,5,,,Y,N1,A2700004,8
2026-07-28 00:35:59,data_go_kr,경상북도,A2700002,포항세명기독병원,7,20260728003515,054-289-1711,,,,,,,,,,,,,,,,,6,,1,,3,0,,,,1,0,,,,,2,,,Y,,,,Y,,Y,Y,,,Y,Y,Y,77,Y,5,N1,Y,,14,Y,15,,1,3,2,,,,,,,,,,,52,1,3,,,14,,,6,,6,5,4,25,,,5,1,1,,1,662,,,,,,,,,,,,,,6,,,Y,N1,A2700002,9
2026-07-28 00:35:59,data_go_kr,경상북도,A2700019,의)근원의료재단경산중앙병원,7,20260728003503,053-715-0119,,,,,,,,,,,,,,,,,,,,,2,,,,,0,,,,,43,,,,Y,,,,,,Y,N1,,,N1,Y,N1,68,N1,1,N1,Y,,4,N1,10,,,2,,,,,,,,,,,,11,2,,,,4,,116,,,1,1,,9,,,,,,,,301,,,,,,,,,,,,,,,,,Y,N1,A2700019,10
2026-07-28 00:35:59,data_go_kr,경상북도,A2700036,의료법인서명의료재단세명종합병원,10,20260728003448,053-819-8500,,,,,,,,,,,,,,,,,,,,,1,,,,,,,,,,1,,,,Y,,,,,,Y,N1,,,N1,Y,N1,21,N1,2,N1,Y,,4,N1,13,,,2,,,,,,,,,,,,14,,,,,4,,22,,,1,1,,6,,,,,,,,264,,,,,,,,,,,,,,,,,Y,N1,A2700036,11
2026-07-28 00:35:59,data_go_kr,경상북도,A2700097,계명대학교경주동산병원,6,20260728003300,054-770-9420,,,,,,,,,,,,,,,,,,,,,1,,,,,,,,,,,,,,Y,,,,,,Y,N1,,,N1,Y,N1,42,N1,,N1,Y,,2,N1,9,,,1,,,,,,,,,,,,,,,,,2,,,,,1,1,,1,,,,,,,,88,,,,,,,,,,,,,,,,,Y,N1,A2700097,12
2026-07-28 00:35:59,data_go_kr,경상북도,A2700070,의료법인영암의료재단고령영생병원,5,20260728003524,070-4700-0728,,,,,,,,,,,,,,,,,,,,,1,,,,,,,,,,,,,,Y,,,,,,Y,N1,,,N1,Y,N1,34,N1,,N1,N1,,1,N1,5,,,1,,,,,,,,,,,,,,,,,1,,,,,1,,,1,,,,,,,,59,,,,,,,,,,,,,,,,,Y,N1,A2700070,13
2026-07-28 00:35:59,data_go_kr,경상북도,A2700015,구미강동병원,6,20260728003507,054-478-9521,,,,,,,,,,,,,,,,9,,,1,,2,,,,,,,,,,,,,,Y,,,,Y,,Y,Y,,,N1,Y,N1,35,N1,4,N1,Y,,5,N1,7,,1,2,,,,,,,,,,,,12,,,,,5,,,,,1,1,1,3,,,,,,,,191,,,,,,,,,,,,,9,,,,Y,N1,A2700015,14
2026-07-28 00:35:59,data_go_kr,경상북도,A2700018,경상북도김천의료원,11,20260728003501,054-429-8234,,,,,,,,,,,,,,,,,,,1,,,,,,,2,,,,,,,,,Y,,,,,,Y,N1,,,N1,Y,N1,23,N1,5,N1,Y,,5,N1,17,,1,,,,,,,,,,,,,22,3,,,,5,,,,,1,2,,7,,,,,,,,274,,,,,,,,,,,,,,,,,Y,N1,A2700018,15
2026-07-28 00:35:59,data_go_kr,경상북도,A2700009,의료법인삼백의료재단상주성모병원,9,20260728003445,054-530-7811,,,,,,,,,,,,,,,,,,,,,1,,,,,,,,,,,,,,Y,,,,,,Y,N1,,,N1,Y,N1,24,N1,6,N1,Y,,3,N1,9,,,1,,,,,,,,,,,,10,,,,,3,,,,,1,1,,1,,,,,,,,172,,,,,,,,,,,,,,,,,Y,N1,A2700009,16
2026-07-28 00:35:59,data_go_kr,경상북도,A2700011,상주적십자병원,7,20260728003218,054-530-3171,,Y,,,,,,,,,,,,,,,,,1,,,,,,,,,,,,,,Y,,Y,,,,,,Y,N1,,,Y,Y,N1,58,N1,6,Y,Y,,3,N1,9,,1,,,,,,,,,,,,,10,,,,,3,,,,1,1,1,,7,,2,1,,,,,164,,,,,,,,,,,,,,,,,Y,N1,A2700011,17
2026-07-28 00:35:59,data_go_kr,경상북도,A2700001,경상북도안동의료원,6,20260728003502,054-850-6100,,,,,,,,,,,,,,,,,,,,,2,,,,,,,,,,,,,,Y,,,,,,Y,N1,,,N1,Y,N1,115,N1,2,N1,Y,,5,N1,6,,,2,,,,,,,,,,,,10,,,,,5,,,,,1,1,,8,,,,,,,,238,,,,,,,,,,,,,,,,,Y,N1,A2700001,18
2026-07-28 00:35:59,data_go_kr,경상북도,A2700031,영주기독병원,4,20260728003351,054-635-3050,,Y,,,,,,,,,,,,,,,,,,,1,,,,,,,,,,,,Y,,Y,,,,,,Y,N1,,,N1,Y,N1,11,N1,,Y,N1,,1,N1,4,,,1,,,,,,,,,,,,,,,,,1,,,,1,1,,,1,,2,,,,,,70,,,,,,,,,,,,,,,,,Y,N1,A2700031,19
2026-07-28 00:35:59,data_go_kr,경상북도,A2700020,영주자인병원,4,20260728003529,070-7335-5229,,,,,,,,,,,,,,,,,,,,,1,,,,,,,,,,,,,,Y,,,,,,Y,N1,,,N1,Y,N1,21,N1,,N1,Y,,,N1,4,,,1,,,,,,,,,,,,,,,,,2,,,,,1,1,,,,,,,,,,133,,,,,,,,,,,,,,,,,N1,N1,A2700020,20
2026-07-28 00:35:59,data_go_kr,경상북도,A2702752,영주적십자병원,10,20260728003515,054-630-0112,,,,,,,,,,,,,,,,,,,1,,,,,,,,,,,,,,,,Y,,,,,,Y,N1,,,Y,Y,N1,67,N1,3,N1,Y,,3,N1,10,,1,,,,,,,,,,,,,10,,,,,3,,,,,1,1,,4,,,1,,,,,140,,,,,,,,,,,,,,,,,Y,N1,A2702752,21
2026-07-28 00:35:59,data_go_kr,경상북도,A2700017,영남대학교의과대학부속영천병원,10,20260728003255,054-330-7575,,,,,,,,,,,,,,,,,,,1,,2,,,,,,,,,,,,,,Y,,,,,,Y,N1,,,N1,Y,N1,48,N1,3,N1,Y,,4,N1,10,,1,2,,,,,,,,,,,,10,,,,,4,,,,,1,1,,1,,,,,,,,190,,,,,,,,,,,,,,,,,Y,N1,A2700017,22
2026-07-28 00:35:59,data_go_kr,경상북도,A2700023,의료법인서준의료재단예천권병원,6,20260728003033,054-650-2119,,Y,,,,,,,,,,,,,,,,,1,,0,,,,,,,,,,,0,Y,,Y,,,,,,Y,N1,,,N1,Y,N1,76,N1,,Y,Y,,2,N1,6,,1,0,,,,,,,,,,,,,,,,,2,,,0,1,1,1,,3,,2,,,,,,173,,,,,,,,,,,,,,,,,Y,N1,A2700023,23
2026-07-28 00:35:59,data_go_kr,경상북도,E2700553,울릉군보건의료원,4,20260728003501,054-790-6911,,,,,,,,,,,,,,,,,,,,,,,,,,,,,,,,,,,Y,,,,,,Y,N1,,,N1,Y,N1,24,N1,,N1,N1,,1,N1,5,,,,,,,,,,,,,,,,,,,,1,,,,,1,,,1,,,,,,,,27,,,,,,,,,,,,,,,,,Y,N1,E2700553,24
2026-07-28 00:35:59,data_go_kr,경상북도,A2700052,울진군의료원,8,20260728003102,054-785-7119,,,,,,,,,,,,,,,,,,,2,,,,,,,,,,,,,2,,,Y,,,,,,Y,N1,,,N1,Y,N1,35,N1,,N1,Y,,3,N1,8,,2,,,,,,,,,,,,,,,,,,3,,,2,,1,1,,1,,,,,,,,97,,,,,,,,,,,,,,,,,Y,N1,A2700052,25
2026-07-28 00:35:59,data_go_kr,경상북도,A2700063,의료법인영제의료재단영남제일병원,4,20260728002532,054-861-9111,,,,,,,,,,,,,,,,,,,,,1,,,,,,,,,,,,,,Y,,,,,,Y,N1,,,N1,Y,N1,27,N1,,N1,N1,,1,N1,,,,,,,,,,,,,,,,,,,,,,,,,,,,,,,,,,,,,,,,,,,,,,,,,,,,,,Y,N1,A2700063,26
2026-07-28 00:35:59,data_go_kr,경상북도,A2700038,의료법인대남의료재단청도대남병원,10,20260728003301,054-370-5112,,,,,,,,,,,,,,,,,,,,,,,,,,,,,,,,,,,Y,,,,,,Y,N1,,,N1,Y,N1,85,N1,,N1,Y,,1,N1,10,,,,,,,,,,,,,,,,,,,,1,,,,,1,1,,1,,,,,,,,115,,,,,,,,,,,,,,,,,Y,N1,A2700038,27
2026-07-28 00:35:59,data_go_kr,경상북도,E2700554,청송군보건의료원,5,20260728003500,054-870-7119,,,,,,,,,,,,,,,,,,,,,1,,,,,,,,,,,,,,,,,,,,Y,N1,,,N1,N1,N1,55,N1,,N1,N1,,,N1,5,,,1,,,,,,,,,,,,,,,,,,,,,,,,,1,,,,,,,,45,,,,,,,,,,,,,,,,,Y,N1,E2700554,28
2026-07-28 00:35:59,data_go_kr,경상북도,A2700008,에스포항병원,6,20260728003208,054-289-9120,Y,,,,,,,,,,,,,,,,,,,,1,,,,,0,,,,,,,,,Y,,,,Y,,Y,Y,,,Y,Y,N1,5,N1,1,N1,Y,,4,N1,6,,,1,,,,,,,,,,,,14,1,,,,4,,,,,2,2,3,9,9,,1,,,,,239,,,,,,,,,,,,,,,,,Y,Y,A2700008,29
2026-07-28 00:35:59,data_go_kr,경상북도,A2702563,의료법인은성의료재단좋은선린병원,8,20260728003458,054-245-5200,,,,,,,,,,,,,,,,2,,,,,2,,,,,1,,,,,,,,,Y,,,,N,,Y,N,,,N1,Y,N1,78,N1,0,N1,Y,,4,N,10,,,2,,,,,,,,,,,,17,1,,,,4,,,,,1,1,2,7,,,,,,,14,281,,,,,,,,,,,,,2,,,,N,N1,A2702563,30
2026-07-28 00:35:59,data_go_kr,경상북도,A2700005,경상북도포항의료원,8,20260728003501,054-245-0129,,,,,,,,,,,,,,,,,,,1,,1,,,,,1,,,,,9,6,,,Y,,,,,,Y,N1,,,N1,Y,N1,34,N1,5,N1,Y,,3,N1,8,,1,1,,,,,,,,,,,,19,1,,,,3,,56,7,,1,1,,4,,,,,,,,179,,,,,,,,,,,,,,,,,Y,N1,A2700005,31
2026-07-28 00:35:59,data_go_kr,경상남도,A2800011,양산부산대학교병원,11,20260728003327,055-360-1463,Y,Y,2,3,1,1,0,0,,5,,0,0,,4,,,3,,5,1,0,6,2,,0,3,2,,,4,4,Y,,Y,3,,,Y,,Y,Y,,4,Y,Y,Y,195,Y,,Y,Y,18,25,N1,23,8,,1,16,16,11,38,11,2,,9,,,10,,0,30,6,,25,,33,4,4,6,5,6,92,24,23,19,12,2,,,766,2,3,1,1,2,2,,,0,0,,4,,,,,Y,Y,A2800011,1
2026-07-28 00:35:59,data_go_kr,경상남도,A2800001,경상국립대학교병원,20,20260728003301,055-750-8282,Y,Y,,,,,,3,,0,,,,,,,,3,2,5,2,2,,,3,1,2,,24,2,7,5,Y,,Y,,2,6,Y,14,Y,Y,,,Y,Y,Y,179,Y,,Y,Y,3,15,N1,28,3,2,3,14,8,9,15,,,,,20,6,,,3,30,,40,15,2,23,7,7,3,3,5,16,9,20,6,4,17,,,655,,,,,,6,,,,,,,,,2,6,Y,Y,A2800001,2
2026-07-28 00:35:59,data_go_kr,경상남도,A2800020,학교법인성균관대학삼성창원병원,19,20260728003527,055-233-8899,Y,Y,,,,,,0,,3,,,,,,,,8,2,6,3,7,,,,1,17,,,,,3,Y,,Y,,,,Y,,Y,Y,,,Y,Y,Y,167,Y,,Y,Y,19,16,N1,27,8,2,3,19,15,20,24,,,,,,,,,3,30,,,16,,,5,7,4,3,4,45,8,20,5,3,3,,,645,,,,,,1,,,,,,,,,,,Y,Y,A2800020,3
2026-07-28 00:35:59,data_go_kr,경상남도,A2800010,의료법인환명의료재단 조은금강병원,11,20260728003323,055-330-0200,,,,,,,,,,,,,,,,,,,1,,2,,,,,1,,,,,4,,,,Y,,,,Y,,Y,Y,,,N1,Y,N1,49,N1,15,N1,Y,,4,Y,17,,1,2,,,,,,,,,,,,23,1,,,,4,,96,,,1,2,1,7,,,,,,,2,305,,,,,,,,,,,,,,,,,Y,N1,A2800010,4
2026-07-28 00:35:59,data_go_kr,경상남도,A2800006,의료법인숭인의료재단 김해복음병원,13,20260728003437,055-330-8844,,,,,,,,,,,,,,,,,,,1,,3,,,,,1,,,,,,,,,Y,,,,Y,,Y,Y,,,Y,Y,N1,8,N1,0,N1,Y,,5,N1,16,,1,3,,,,,,,,,,,,18,1,,,,5,,,,,2,3,1,3,,,3,,,,,359,,,,,,,,,,,,,,,,,Y,N1,A2800006,5
2026-07-28 00:35:59,data_go_kr,경상남도,A2800043,한일병원,13,20260728003327,055-750-1333,,,,,,,,,,,,,,,,,,,1,,2,0,,,,0,0,,,,,,,,Y,,,,Y,,Y,Y,,,Y,Y,N1,9,N1,5,N1,Y,,4,Y,17,,1,2,2,,,,,,,,,,,13,1,3,,,4,,,,,2,2,1,6,,,1,,,,1,282,,,,,,,,,,,,,,,,,Y,N1,A2800043,6
2026-07-28 00:35:59,data_go_kr,경상남도,A2800003,제일병원,11,20260728003420,055-750-7119,,,,,,,,,,,,,,,,,,,1,,2,,,,,,,,,,,,,Y,Y,,,,Y,,Y,Y,,,N1,Y,N1,46,N1,8,N1,Y,,4,Y,17,,1,2,,,,,,,,,,,,9,,,,,7,,,,,2,2,1,4,,,,,,1,1,258,,,,,,,,,,,,,,,,,Y,N1,A2800003,7
2026-07-28 00:35:59,data_go_kr,경상남도,A2800017,의료법인합포의료재단에스엠지연세병원,15,20260728003508,055-240-7777,,,,,,,,,,,,,,,,,,,1,,2,,,,,1,,,,,,,,,Y,,,,Y,,Y,Y,,,Y,Y,N1,35,N1,7,N1,Y,,4,N1,17,,1,2,,,,,,,,,,,,12,1,,,,4,,,,,1,2,1,7,,,1,,,,,286,,,,,,,,,,,,,,,,,Y,N1,A2800017,8
2026-07-28 00:35:59,data_go_kr,경상남도,A2803505,창원경상국립대학교병원,15,20260728003300,055-214-1339,Y,Y,,,,,,,,,,,,5,0,,,,1,,2,,,,,2,,,,,8,6,Y,,Y,,,,Y,,Y,Y,,,Y,Y,Y,196,Y,16,Y,Y,9,13,N1,18,,1,2,,,,17,,,,,,,,34,2,,,,13,,22,6,9,3,2,5,52,9,22,6,7,14,,,437,,,,,,,,,,,5,0,,,,,Y,Y,A2803505,9
2026-07-28 00:35:59,data_go_kr,경상남도,A2800007,창원한마음병원,7,20260728003310,055-225-0350,Y,Y,,,,,,,,0,,,,,,,,,1,0,0,,,,,1,,,,,,0,Y,,Y,,,,Y,,Y,Y,,,Y,Y,Y,45,Y,,Y,Y,10,13,Y,21,,1,3,,25,37,10,,,,,,,,,1,,,,13,,,6,2,4,4,4,29,3,11,6,1,2,,2,688,,,,,,,,,,,,,,,,,Y,Y,A2800007,10
2026-07-28 00:35:59,data_go_kr,경상남도,A2800004,창원파티마병원,4,20260728003107,055-270-1119,Y,Y,,,,,,,,2,,,,,,,,,1,2,2,0,,,,0,2,,,,,3,Y,Y,Y,,,,Y,,Y,Y,,,Y,Y,N1,85,Y,,Y,Y,2,7,N1,17,,1,2,2,12,13,2,,,,,,,,,2,3,,,7,,,6,2,4,3,3,16,3,6,3,,4,1,,444,,,,,,,,,,,,,,,,,Y,Y,A2800004,11
2026-07-28 00:35:59,data_go_kr,경상남도,A2800008,의료법인 거붕 백병원,7,20260728003506,055-733-0180,,,,,,,,,,,,,,,,,,,,,1,,,,,,,,,,,,,,Y,,,,,,Y,N1,,,N1,Y,N1,27,N1,11,N1,Y,,4,N1,9,,,1,,,,,,,,,,,,20,,,,,4,,,,,2,2,,12,,,,,,,,365,,,,,,,,,,,,,,,,,Y,N1,A2800008,12
2026-07-28 00:35:59,data_go_kr,경상남도,A2800005,의료법인 대우의료재단대우병원,6,20260728003059,055-680-8119,,,,,,,,,,,,,,,,,,,,,1,,,,,,,,,,,,,,Y,,,,,,Y,N1,,,N1,Y,N1,37,N1,3,N1,Y,,4,N1,9,,,1,,,,,,,,,,,,10,,,,,4,,,,,2,1,,5,,,,,,,,231,,,,,,,,,,,,,,,,,Y,N1,A2800005,13
2026-07-28 00:35:59,data_go_kr,경상남도,A2800022,의료법인 성념의료재단맑은샘병원,9,20260728002845,055-736-0119,,,,,,,,,,,,,,,,,,,,,1,,,,,,,,,,,,,,Y,,,,,,Y,N1,,,N1,Y,N1,2,N1,,N1,Y,,2,N1,9,,,1,,,,,,,,,,,,,,,,,2,,,,,1,1,,4,,,,,,,,200,,,,,,,,,,,,,,,,,Y,N1,A2800022,14
2026-07-28 00:35:59,data_go_kr,경상남도,A2800076,거창적십자병원,7,20260728003141,055-949-3359,,Y,,,,,,,,,,,,,,,,,,,1,,,,,,,,,,,,Y,,Y,,,,,,Y,N1,,,N1,Y,N1,26,N1,,Y,Y,,2,N1,9,,,1,,,,,,,,,,,,,,,,,2,,,,1,1,1,,2,,2,,,,,,91,,,,,,,,,,,,,,,,,Y,N1,A2800076,15
2026-07-28 00:35:59,data_go_kr,경상남도,A2800032,강병원,9,20260728003237,055-673-4848,,,,,,,,,,,,,,,,,,,,,1,,,,,,,,,,,,,,Y,,,,,,Y,N1,,,N1,Y,N1,15,N1,,N1,Y,,1,N1,9,,,1,,,,,,,,,,,,,,,,,1,,,,,1,1,,1,,,,,,,,99,,,,,,,,,,,,,,,,,Y,N1,A2800032,16
2026-07-28 00:35:59,data_go_kr,경상남도,A2803677,강일병원,7,20260728003051,055-822-0119,,,,,,,,,,,,,,,,,,,1,,2,,,,,,,,,,,,,,Y,,,,Y,,Y,Y,,,N1,Y,N1,111,N1,14,N1,Y,,5,N1,8,,1,2,,,,,,,,,,,,15,,,,,5,,,,,1,2,1,1,,,,,,,,275,,,,,,,,,,,,,,,,,Y,N1,A2803677,17
2026-07-28 00:35:59,data_go_kr,경상남도,A2800014,의료법인갑을의료재단 갑을장유병원,8,20260728003441,055-310-6119,,,,,,,,,,,,,,,,,,,1,,,,,,,,,,,,,,,,Y,,,,,,Y,N1,,,N1,Y,N1,46,N1,,N1,Y,,4,N1,9,,1,,,,,,,,,,,,,,,,,,4,,,,,1,1,,1,,,,,,,,210,,,,,,,,,,,,,,,,,Y,N1,A2800014,18
2026-07-28 00:35:59,data_go_kr,경상남도,A2800094,의료법인 이도의료재단 남해병원,8,20260727234424,055-860-6630,N,N,,,,,,,,,,,,,,,,,1,,1,,,,,,,,,,,,N,N,Y,,,,N,,Y,N,,,N,Y,N,76,N,,N,Y,,2,N,,,,,,,,,,,,,,,,,,,,,,,,,,,,,,,,,,,,,,,,,,,,,,,,,,,,,,N,N,A2800094,19
2026-07-28 00:35:59,data_go_kr,경상남도,A2800113,밀양병원,7,20260728003512,055-356-9119,,,,,,,,,,,,,,,,,,,,,1,,,,,,,,,,,,,,Y,,,,,,Y,N1,,,N1,Y,N1,29,N1,,N1,Y,,0,N1,8,,,1,,,,,,,,,,,,,,,,,0,,,,,1,1,,1,,,,,,,,200,,,,,,,,,,,,,,,,,Y,N1,A2800113,20
2026-07-28 00:35:59,data_go_kr,경상남도,A2800068,의료법인승연의료재단 삼천포서울병원,8,20260728002702,055-830-9019,,,,,,,,,,,,,,,,,,,,,1,,,,,,,,,,,,,,Y,,,,Y,,Y,Y,,,N1,Y,N1,24,N1,,N1,Y,,3,Y,9,,,1,,,,,,,,,,,,,,,,,3,,,,,1,2,1,4,,,,,,,1,287,,,,,,,,,,,,,,,,,Y,N1,A2800068,21
2026-07-28 00:35:59,data_go_kr,경상남도,A2800101,삼천포제일병원,8,20260728003111,055-830-3099,,,,,,,,,,,,,,,,,,,,,2,,,,,,,,,,,,,,Y,,,,,,Y,N1,,,N1,Y,N1,58,N1,,N1,Y,,2,N,8,,,2,,,,,,,,,,,,,,,,,2,,,,,1,1,,1,,,,,,,1,214,,,,,,,,,,,,,,,,,Y,N1,A2800101,22
2026-07-28 00:35:59,data_go_kr,경상남도,E2800380,산청군보건의료원,5,20260728003501,055-970-7582,,,,,,,,,,,,,,,,,,,,,1,,,,,,,,,,,,,,,,,,,,Y,N1,,,N1,N1,N1,20,N1,,N1,N1,,,N1,5,,,1,,,,,,,,,,,,,,,,,,,,,,,,,1,,,,,,,,20,,,,,,,,,,,,,,,,,Y,N1,E2800380,23
2026-07-28 00:35:59,data_go_kr,경상남도,A2804593,양산성모병원,8,20260728003507,055-912-9785,,,,,,,,,,,,,,,,,,,1,,,,,,,,,,,,,,,,Y,,,,,,Y,N1,,,N1,Y,N1,132,N1,1,N1,Y,,4,N1,13,,1,,,,,,,,,,,,,6,,,,,4,,,,,1,2,,1,,,,,,,,214,,,,,,,,,,,,,,,,,Y,N1,A2804593,24
2026-07-28 00:35:59,data_go_kr,경상남도,A2800019,베데스다복음병원,7,20260728003439,055-781-9911,,,,,,,,,,,,,,,,,,,,,1,,,,,,,,,,,,,,Y,,,,,,Y,N1,,,N1,Y,N1,43,N1,,N1,Y,,3,N1,9,,,1,,,,,,,,,,,,,,,,,3,,,,,1,1,,1,,,,,,,,133,,,,,,,,,,,,,,,,,Y,N1,A2800019,25
2026-07-28 00:35:59,data_go_kr,경상남도,A2800090,의령병원,4,20260728003443,055-573-6806,,,,,,,,,,,,,,,,,,,,,1,,,,,,,,,,,,,,Y,,,,,,Y,N1,,,N1,Y,N1,34,N1,,N1,N1,,,N1,4,,,1,,,,,,,,,,,,,,,,,,,,,,1,,,1,,,,,,,,58,,,,,,,,,,,,,,,,,Y,N1,A2800090,26
2026-07-28 00:35:59,data_go_kr,경상남도,A2800084,반도병원,6,20260728003508,055-749-0200,,,,,,,,,,,,,,,,,,,,,1,,,,,,,,,,,,,,Y,,,,,,Y,N1,,,N1,Y,N1,69,N1,,N1,Y,,3,N1,7,,,1,,,,,,,,,,,,,,,,,3,,,,,1,1,,3,,,,,,,,165,,,,,,,,,,,,,,,,,Y,N1,A2800084,27
2026-07-28 00:35:59,data_go_kr,경상남도,A2800015,의료법인 문병욱의료재단 진주고려병원,9,20260728003218,055-751-2525,,,,,,,,,,,,,,,,,,,,,1,,,,,,,,,,,,,,Y,,,,Y,,Y,Y,,,N1,Y,N1,47,N1,4,N1,Y,,4,Y,10,,,1,,,,,,,,,,,,9,,,,,4,,,,,2,2,1,4,,,,,,,1,229,,,,,,,,,,,,,,,,,Y,N1,A2800015,28
2026-07-28 00:35:59,data_go_kr,경상남도,A2800037,진주복음병원,7,20260728003444,055-749-7119,,,,,,,,,,,,,,,,,,,,,1,,,,,,,,,,,,,,Y,,,,,,Y,N1,,,N1,Y,N1,40,N1,,N1,N,,3,N1,9,,,1,,,,,,,,,,,,,,,,,3,,,,,1,1,,1,,,,,,,,131,,,,,,,,,,,,,,,,,N,N1,A2800037,29
2026-07-28 00:35:59,data_go_kr,경상남도,A2800062,태황의료재단한성병원,8,20260728003532,055-530-5119,,,,,,,,,,,,,,,,,,,,,1,,,,,,,,,,,,,,,,,,,,Y,N1,,,N1,N1,N1,44,N1,,N1,N1,,,N1,9,,,1,,,,,,,,,,,,,,,,,,,,,,,,,,,,,,,,,167,,,,,,,,,,,,,,,,,N1,N1,A2800062,30
2026-07-28 00:35:59,data_go_kr,경상남도,A2800025,경상남도마산의료원,13,20260728003501,055-249-1119,,,,,,,,,,,,,,,,,,,1,,1,,,,,2,,,,,,18,,,Y,,,,,,Y,N1,,,Y,Y,N1,59,N1,4,N1,Y,,5,N1,13,,1,1,,,,,,,,,,,,6,2,,,,5,,,27,,1,1,,17,,,2,,,,,263,,,,,,,,,,,,,,,,,Y,N1,A2800025,31
2026-07-28 00:35:59,data_go_kr,경상남도,A2800009,의료법인청아의료재단청아병원,9,20260728003453,055-230-1700,,,,,,,,,,,,,,,,,,,,,1,,,,,,,,,,,,,,Y,,,,,,Y,N1,,,N1,Y,N1,64,N1,,N1,Y,,4,N1,9,,,1,,,,,,,,,,,,,,,,,4,,,,,2,2,,4,,,,,,,,274,,,,,,,,,,,,,,,,,Y,N1,A2800009,32
2026-07-28 00:35:59,data_go_kr,경상남도,A2800021,연세에스병원,9,20260728003136,055-548-7789,,,,,,,,,,,,,,,,,,,,,1,,,,,,,,,,,,,,Y,,,,Y,,Y,Y,,,N1,Y,N1,116,N1,9,N1,Y,,2,N1,9,,,1,,,,,,,,,,,,10,,,,,3,,,,,2,2,1,5,,,,,,,,255,,,,,,,,,,,,,,,,,Y,N1,A2800021,33
2026-07-28 00:35:59,data_go_kr,경상남도,A2800092,새통영병원,8,20260728003452,055-640-4119,,,,,,,,,,,,,,,,,,,,,1,,,,,,,,,,,,,,Y,,,,,,Y,N1,,,N1,Y,N1,61,N1,,N1,Y,,3,N1,9,,,1,,,,,,,,,,,,,,,,,3,,,,,1,2,,3,,,,,,,,256,,,,,,,,,,,,,,,,,Y,N1,A2800092,34
2026-07-28 00:35:59,data_go_kr,경상남도,A2800080,함양성심병원,4,20260728003239,055-964-4322,,,,,,,,,,,,,,,,,,,,,1,,,,,,,,,,,,,,Y,,,,,,Y,N1,,,N1,Y,N1,7,N1,,N1,Y,,2,N1,4,,,1,,,,,,,,,,,,,,,,,2,,,,,1,1,,1,,,,,,,,121,,,,,,,,,,,,,,,,,Y,N1,A2800080,35
2026-07-28 00:35:59,data_go_kr,경상남도,A2800055,삼성합천병원,4,20260728003501,070-5125-5030,,,,,,,,,,,,,,,,,,,,,1,,,,,,,,,,,,,,Y,,,,,,Y,N1,,,N1,Y,N1,15,N1,,N1,Y,,2,N1,4,,,1,,,,,,,,,,,,,,,,,2,,,,,1,1,,1,,,,,,,,141,,,,,,,,,,,,,,,,,Y,N1,A2800055,36
2026-07-28 00:35:59,data_go_kr,제주특별자치도,A2900001,제주한라병원,7,20260728003840,064-740-5159,Y,Y,,,,,0,0,,,4,,,,,,,3,2,,3,6,,,,,19,,6,2,,,Y,,Y,,1,6,Y,11,Y,Y,,,Y,Y,Y,108,Y,7,Y,Y,3,6,N1,15,3,2,3,14,,,7,,,,,20,,,15,,30,,40,6,2,,,2,3,2,3,46,3,8,9,4,2,,,414,,,,,4,2,,4,,,,,,,2,6,Y,Y,A2900001,1
2026-07-28 00:35:59,data_go_kr,제주특별자치도,A2900002,제주특별자치도서귀포의료원,13,20260728003401,064-730-3001,,Y,,,,,,,,,,,,,,,,4,1,,4,2,,,,3,3,,,,2,,Y,,Y,,,,Y,,Y,Y,,,Y,Y,N1,147,N1,10,Y,Y,,4,Y,16,4,1,4,2,,,,,,,,,,,17,3,3,,,4,,26,,1,2,1,1,16,,4,3,,,,1,326,,,,,,,,,,,,,,,,,Y,N1,A2900002,2
2026-07-28 00:35:59,data_go_kr,제주특별자치도,A2900007,제주대학교병원,-5,20260728003500,,Y,Y,,,,,,,,0,,,,,,,,,1,4,3,,3,,2,,,,,,3,5,Y,,Y,,,,Y,,Y,Y,,,Y,Y,Y,114,Y,,Y,Y,11,12,N1,20,,1,5,,12,12,16,3,,,,,6,,,,,,,12,,20,9,3,2,2,4,45,8,17,10,5,3,,,458,,,,,,,,,,,,,,,,,Y,Y,A2900007,3
2026-07-28 00:35:59,data_go_kr,제주특별자치도,A2900005,한마음병원,7,20260728003213,064-750-9119,,,,,,,,,,,,,,,,,,,1,,1,,,,,,1,,,,,,,,Y,,,,Y,,Y,Y,,,Y,Y,N1,52,N1,3,N1,Y,,4,N1,17,,1,2,,,,,,,,,,,,12,,1,,,4,,,,,1,1,1,6,,,2,,,,,215,,,,,,,,,,,,,,,,,Y,N1,A2900005,4
2026-07-28 00:35:59,data_go_kr,제주특별자치도,A2900006,의료법인중앙의료재단중앙병원,6,20260728003520,064-786-7777,,,,,,,,,,,,,,,,,,1,1,,2,,,,,,,,,,,,,,Y,,,,Y,,Y,Y,,,Y,Y,Y,97,N1,5,N1,Y,,3,N1,16,1,1,2,,,,,,,,,,,,16,,,,,3,,,,,1,1,2,10,,,2,1,,,,281,,,,,,,,,,,,,,,,,Y,N1,A2900006,5
2026-07-28 00:35:59,data_go_kr,제주특별자치도,A2900003,의료법인 혜인의료재단 한국병원,5,20260728003437,064-750-0160,,,,,,,,,,,,,,,,,,,,,1,,,,,,,,,,,,,,Y,,,,,,Y,N1,,,N1,Y,N1,27,N1,4,N1,Y,,3,N1,9,,,1,,,,,,,,,,,,10,,,,,3,,,,,1,1,,6,,,,,,,,209,,,,,,,,,,,,,,,,,Y,N1,A2900003,6
2026-07-28 02:28:43,data_go_kr,서울특별시,A1100043,강동경희대학교병원,4,20260728022517,02-440-7000,Y,Y,,,,,1,,,,,,,,,1,,3,2,,2,1,,,,,0,,,,,0,Y,N,Y,,,,Y,,Y,Y,,,Y,Y,Y,113,Y,4,Y,Y,2,15,N,15,3,2,3,19,,,17,,,,,,,,27,,30,,,17,,,1,8,2,2,3,32,9,13,4,1,1,0,0,625,,,,,3,,,,,,,,2,,,,Y,Y,A1100043,1
2026-07-28 02:28:43,data_go_kr,서울특별시,A1100014,고려대학교의과대학부속구로병원,7,20260728022322,02-2626-1550,Y,Y,4,,,,,,,1,,,,,,,,2,,2,,2,,,,3,1,,,,4,0,Y,,Y,,,,Y,,Y,Y,,,Y,Y,Y,38,Y,11,Y,Y,-2,23,N1,29,3,,,20,20,10,23,,,,,,,,35,10,30,,,24,,18,4,2,6,6,4,98,11,35,15,10,3,,,778,5,,,,,,,,,,,,,,,,Y,Y,A1100014,2
2026-07-28 02:28:43,data_go_kr,서울특별시,A1100013,한양대학교병원,17,20260728022300,02-2290-8284,Y,Y,4,4,,,1,1,,1,,,,,,,,3,,2,,1,,,,2,8,,,,1,0,Y,,Y,,,,Y,,Y,Y,,,Y,Y,Y,156,Y,0,Y,Y,2,15,Y,20,3,,,22,12,13,25,,,,,,,,0,2,30,,,16,,16,2,1,3,2,3,69,10,20,11,4,3,,1,670,4,8,,,2,5,,,,,,,,,,,Y,Y,A1100013,3
2026-07-28 02:28:43,data_go_kr,서울특별시,A1100008,학교법인고려중앙학원고려대학교의과대학부속병원(안암병원),15,20260728022324,02-920-5374,Y,Y,1,6,,,1,,,1,,,,,,,,4,,2,,3,,,0,1,0,,,,2,1,Y,,Y,,,,Y,,Y,Y,,,Y,Y,Y,30,Y,,Y,Y,-2,25,N1,30,4,,,15,16,19,17,,,,,,9,,,6,31,,,25,,10,3,4,7,6,8,84,14,20,11,8,7,,,777,2,7,,,6,,,,,,,,,,,,Y,Y,A1100008,4
2026-07-28 02:28:43,data_go_kr,서울특별시,A1100005,이화여자대학교의과대학부속목동병원,11,20260728022050,02-2650-5911,Y,Y,,,,,0,0,,1,,,,,,,,8,2,4,4,3,,,,0,6,,,,4,3,Y,,Y,3,,,Y,,Y,Y,,,Y,Y,Y,61,Y,,Y,Y,14,13,N1,19,8,2,4,19,10,13,28,,,,14,,,,,4,32,,,13,,10,9,2,4,4,4,58,10,34,9,3,5,,,526,,,,,1,1,,,,,,,,,,,Y,Y,A1100005,5
2026-07-28 02:28:43,data_go_kr,서울특별시,A1100017,서울대학교병원,-1,20260728022524,02-2072-2475,Y,Y,,,1,1,2,0,,0,,0,0,,1,,,6,2,7,3,7,3,0,5,5,11,4,,,4,4,Y,Y,Y,3,,,Y,,Y,Y,5,0,Y,Y,Y,92,Y,,Y,Y,3,53,N1,24,10,2,4,17,10,18,40,22,2,10,5,,8,10,,28,30,6,,53,,41,7,4,13,13,14,160,19,46,22,9,3,1,,1365,,,1,1,2,1,,,0,0,,8,,,,,Y,Y,A1100017,6
2026-07-28 02:28:43,data_go_kr,서울특별시,A1100035,서울특별시서울의료원,8,20260728022500,02-2276-7000,Y,Y,,,,,1,1,0,0,,,,,,,,3,2,,3,4,,,,,4,,,,11,2,Y,Y,Y,1,,,Y,,Y,Y,,,Y,Y,Y,86,Y,1,Y,Y,2,10,Y,19,3,2,3,14,7,,3,,,,6,,,,5,,28,,,10,,30,3,4,5,3,5,65,5,12,7,2,4,1,2,461,,,,,2,4,2,,,,,,,,,,Y,Y,A1100035,7
2026-07-28 02:28:43,data_go_kr,서울특별시,A1100015,연세대학교의과대학강남세브란스병원,2,20260728022353,02-2019-3333,Y,Y,,,,,,,,,,,,,,,,2,1,,2,,,,4,,,,,,,5,Y,,Y,7,,,Y,,Y,Y,,,Y,Y,Y,40,Y,10,Y,Y,0,23,N1,21,2,1,2,,,,28,,,,12,,8,,29,,,,,23,,,5,1,4,3,6,47,10,23,6,3,5,,,691,,,,,,,,,,,,,,,,,Y,Y,A1100015,8
2026-07-28 02:28:43,data_go_kr,서울특별시,A1100010,삼성서울병원,-22,20260728022257,02-3410-2060,Y,Y,,,,,,,,15,,,,,,,,0,2,11,1,,4,,3,2,,,,,5,11,Y,,Y,5,,,Y,,Y,Y,,15,Y,Y,Y,103,Y,14,Y,Y,2,53,N1,52,4,2,2,,30,23,59,15,,,12,,12,36,14,2,,,,53,,27,18,8,19,16,15,117,22,43,21,11,2,,,1528,,,,,,,,,,,,,,,,,Y,Y,A1100010,9
2026-07-28 02:28:43,data_go_kr,서울특별시,A1100028,성심의료재단강동성심병원,7,20260728022305,02-2224-2358,Y,Y,,,,,,,,0,,,,,,,2,,1,,5,,,,,2,,,,,,0,Y,,Y,,,,Y,,Y,Y,,,Y,Y,Y,111,Y,0,Y,Y,2,13,N1,15,,1,6,,18,,3,,,,,,,,19,5,,,,13,,,2,1,4,2,5,35,3,3,8,3,1,,,566,,,,,,,,,,,,,,2,,,Y,Y,A1100028,10
2026-07-28 02:28:43,data_go_kr,서울특별시,A1100053,한국보훈복지의료공단중앙보훈병원,17,20260728022349,02-2225-1100,,,,,,,,,,5,,,,,,,,,1,7,2,0,,,0,1,0,,,,35,0,N,,Y,2,,,Y,,Y,Y,,,Y,Y,Y,142,N1,,N1,Y,,13,N1,22,,1,2,2,14,14,,,,,13,,10,,,1,3,,,13,,60,7,1,3,4,4,38,,,10,1,,,,820,,,,,,,,,,,,,,,,,Y,N1,A1100053,11
2026-07-28 02:28:43,data_go_kr,서울특별시,A1120796,이화여자대학교의과대학부속서울병원,1,20260728022146,02-6986-5119,Y,Y,,,,,,,,0,,,,,,,,4,2,7,5,,,,0,1,,,,,,3,Y,,Y,5,,,Y,,Y,Y,,3,Y,Y,Y,133,Y,0,Y,Y,0,19,N1,14,9,2,6,,10,17,24,,,,17,,11,19,11,7,,,,19,,,4,2,5,5,8,71,9,22,12,4,5,,,732,,,,,,,,,,,,,,,,,Y,Y,A1120796,12
2026-07-28 02:28:43,data_go_kr,서울특별시,A1100041,의료법인서울효천의료재단에이치플러스양지병원,16,20260728022510,070-4665-9119,,,,,,,,,,,,,,,,,,,1,,2,,,,,0,,,,,,2,,,Y,,,,Y,,Y,Y,,,Y,Y,Y,27,Y,3,N1,Y,,7,N1,18,,1,2,,,,,,,,,,,,20,1,,,,7,,,3,,2,3,3,23,,,4,1,1,,,301,,,,,,,,,,,,,,,,,Y,N1,A1100041,13
2026-07-28 02:28:43,data_go_kr,서울특별시,A1100002,건국대학교병원,10,20260728022244,02-2030-5555,Y,Y,,,,,,,,7,,,,,,,,3,1,10,2,,,,,1,,,,,7,0,Y,,Y,,,,Y,,Y,Y,,,Y,Y,Y,137,Y,,Y,Y,-1,21,N1,20,4,1,2,,24,25,16,,,,,,,,,1,,,,21,,14,3,2,4,4,5,45,7,18,7,3,14,,,678,,,,,,,,,,,,,,,,,Y,Y,A1100002,14
2026-07-28 02:28:43,data_go_kr,서울특별시,A1100016,인제대학교상계백병원,12,20260728022223,02-950-1119,Y,Y,,,,,,,,4,,,,,,,4,,1,4,2,,,,,1,,,,,3,1,Y,,Y,,,,Y,,Y,Y,,,Y,Y,Y,68,Y,,Y,Y,1,13,N1,16,,1,2,,19,18,15,,,,,,,,,4,,,,13,,5,2,2,3,2,3,36,10,25,10,3,1,,,390,,,,,,,,,,,,,,4,,,Y,Y,A1100016,15
2026-07-28 02:28:43,data_go_kr,서울특별시,A1100048,노원을지대학교병원,13,20260728022102,02-970-8282,Y,Y,,,,,,,,3,,,,,,,,,1,6,4,,,,,2,,,,,3,0,Y,,Y,,0,0,Y,,Y,Y,,,Y,Y,Y,181,N1,,Y,Y,1,11,N1,17,,1,4,,16,16,10,,,,,,,,,2,,,,11,,21,1,3,2,2,2,26,8,19,3,1,,,,479,,,,,,,,,,,,,,,0,0,Y,Y,A1100048,16
2026-07-28 02:28:43,data_go_kr,서울특별시,A1100020,의료법인한전의료재단한일병원,12,20260728022503,02-901-3119,N,N,,,,,,,,,,,,,,,,2,2,,1,0,,,,0,2,,,,,1,,Y,Y,,,,Y,,Y,Y,,,Y,Y,N1,68,Y,2,N,Y,,8,Y,21,2,2,2,2,,,,,,,,,,,21,1,3,,,8,,,5,,2,1,1,25,1,4,2,,4,2,2,389,,,,,,,,,,,,,,,,,Y,N,A1100020,17
2026-07-28 02:28:43,data_go_kr,서울특별시,A1100001,경희대학교병원,13,20260728022525,02-958-8114,Y,Y,,,,,,,,,,,,,,,,3,2,,1,,,,,,,,,,10,9,Y,,Y,3,,,Y,,Y,Y,,,Y,Y,Y,119,Y,18,Y,Y,0,16,N1,15,3,2,3,,,,14,,,,15,,,,73,,,,,16,,20,10,3,3,3,5,48,6,12,8,3,2,,,657,,,,,,,,,,,,,,,,,Y,Y,A1100001,18
2026-07-28 02:28:43,data_go_kr,서울특별시,A1100021,삼육서울병원,11,20260728022353,02-2210-3566,,N,,,,,,,,,,,,,,,4,,1,,2,0,,,,1,1,,,,,4,Y,,Y,,,,Y,,Y,Y,,,Y,Y,Y,53,Y,4,N,Y,4,5,Y,13,,1,2,2,,,4,,,,,,,,15,1,3,,,5,,,4,2,1,1,2,20,,4,5,2,1,,1,389,,,,,,,,,,,,,,4,,,Y,N1,A1100021,19
2026-07-28 02:28:43,data_go_kr,서울특별시,A1100040,서울특별시보라매병원,24,20260728022500,02-870-2119,Y,Y,,,,,,,,6,,,,,,,,2,2,10,1,,,,2,2,,,,,1,0,Y,,Y,,,,Y,,Y,Y,,,Y,Y,Y,138,Y,,Y,Y,0,14,N1,31,3,2,1,,15,16,14,,,,,,4,,,4,,,,14,,14,3,4,6,3,5,48,14,13,5,9,2,,,695,,,,,,,,,,,,,,,,,Y,Y,A1100040,20
2026-07-28 02:28:43,data_go_kr,서울특별시,A1100003,중앙대학교병원,6,20260728022508,02-6299-1338,Y,Y,0,0,,,0,,,2,,,,,4,,,4,0,4,0,2,,,,3,,,,,3,1,Y,,Y,,,,Y,,Y,Y,,,Y,Y,Y,129,Y,,Y,Y,0,16,N1,18,4,0,0,12,12,17,25,,,,,,,,,11,,,,16,,24,2,2,4,3,4,51,9,21,13,6,12,,,631,0,0,,,1,,,,,,,4,,,,,Y,Y,A1100003,21
2026-07-28 02:28:43,data_go_kr,서울특별시,A1100007,연세대학교의과대학세브란스병원,10,20260728022446,02-2227-7777,Y,Y,,,1,1,,,,8,,,,,,,,5,1,9,3,,5,1,14,2,,1,,,0,1,Y,Y,Y,2,,,Y,,Y,Y,2,0,Y,Y,Y,221,Y,6,Y,Y,10,3,N1,39,8,1,3,,29,24,52,22,2,10,29,,23,17,18,5,,6,,3,,20,30,8,16,16,17,206,55,61,21,16,21,1,,1872,,,1,1,,,,,,,,,,,,,Y,Y,A1100007,22
2026-07-28 02:28:43,data_go_kr,서울특별시,A1100012,학교법인가톨릭학원가톨릭대학교서울성모병원,-8,20260728022511,02-2258-2370,Y,Y,1,3,1,1,,,,7,,,,,,,,4,,12,,,0,1,0,11,,0,,,14,2,Y,,Y,13,,,Y,,Y,Y,,5,Y,Y,Y,85,Y,0,Y,Y,5,32,N1,28,7,,,,22,22,50,3,2,,19,,10,8,5,18,,6,,32,,35,10,2,9,10,8,80,40,39,11,9,4,,,1059,1,5,1,1,,,,,,,,,,,,,Y,Y,A1100012,23
2026-07-28 02:28:43,data_go_kr,서울특별시,A1100009,재단법인아산사회복지재단서울아산병원,4,20260728022215,02-3010-3333,Y,Y,,,2,0,1,1,,1,,,,,,,,5,1,5,7,1,1,0,4,9,0,0,,,7,3,Y,,Y,3,,,Y,,Y,Y,4,2,Y,Y,Y,136,Y,3,Y,Y,10,4,Y,36,11,1,22,2,24,37,61,26,2,13,12,,12,12,12,47,4,6,,4,,28,8,8,21,15,17,190,33,49,30,14,5,,1,2089,,,2,1,1,6,,,,,,,,,,,Y,Y,A1100009,24
2026-07-28 02:28:43,data_go_kr,서울특별시,A1100011,가톨릭대학교여의도성모병원,14,20260728022510,02-3779-1199,,,,,,,,,,2,,,,,,,,,1,0,4,,,,,1,,,,,,1,Y,,Y,1,,,Y,,Y,Y,,,Y,Y,Y,78,Y,,N1,Y,,13,N1,15,,1,4,,11,9,,,,,9,,,,,1,,,,13,,,1,2,2,2,2,23,,,5,2,2,,,330,,,,,,,,,,,,,,,,,Y,N1,A1100011,25
2026-07-28 02:28:43,data_go_kr,서울특별시,A1100055,한림대학교강남성심병원,15,20260728022211,02-829-5119,Y,Y,,,,,,,,0,,,,,,,,3,1,6,4,,,,2,2,,,,,,,Y,,Y,,,,Y,,Y,Y,,,Y,Y,Y,127,Y,,Y,Y,0,14,N1,20,3,1,4,,21,25,12,,,,,,10,,,7,,,,14,,,,3,3,3,3,54,21,22,13,3,2,,,496,,,,,,,,,,,,,,,,,Y,Y,A1100055,26
2026-07-28 02:28:43,data_go_kr,서울특별시,A1100054,성애의료재단성애병원,12,20260728022358,02-840-7115,Y,Y,,,,,,,,,,,,,,,,,1,,4,,,,,1,,,,,,,Y,,Y,,,,Y,,Y,Y,,,Y,Y,N1,34,N1,0,Y,Y,2,5,N1,15,,1,4,,,,4,,,,,,,,19,1,,,,5,,,,2,2,2,1,8,5,14,2,,,,,252,,,,,,,,,,,,,,,,,Y,Y,A1100054,27
2026-07-28 02:28:43,data_go_kr,서울특별시,A1100004,순천향대학교부속서울병원,11,20260728022424,02-709-9117,Y,Y,,,,,,,,,,,0,,0,,0,4,1,,2,,,,,0,,,,,9,2,Y,,Y,,,,Y,,Y,Y,,,Y,Y,Y,117,Y,4,Y,Y,1,14,N1,20,4,1,2,,,,13,,,,,,,,45,10,,,,14,,21,4,7,3,3,4,51,8,17,14,5,3,,,600,,,,,,,,,,0,,0,,0,,,Y,Y,A1100004,28
2026-07-28 02:28:43,data_go_kr,서울특별시,A1121013,가톨릭대학교은평성모병원,14,20260728022509,02-1811-7755,Y,Y,,,,,,,,0,,,,,,,,3,2,0,2,,,,4,0,,,,,,1,Y,,Y,0,,,Y,,Y,Y,,,Y,Y,Y,64,Y,,Y,Y,6,19,N1,24,8,2,2,,16,9,19,,,,13,,12,,,4,,,,19,,,5,1,4,3,5,46,19,22,10,5,20,,,651,,,,,,,,,,,,,,,,,Y,Y,A1121013,29
2026-07-28 02:28:43,data_go_kr,서울특별시,A1100006,강북삼성병원,6,20260728022530,02-2001-1000,Y,Y,,,,,,,,,,,,,,,,2,1,1,0,,,,,1,,,,,7,2,Y,,Y,2,,,Y,,Y,Y,,2,Y,Y,Y,39,Y,4,Y,Y,1,16,N1,15,2,1,2,,,4,7,,,,12,,,8,24,5,,,,16,,18,3,1,5,4,6,54,13,14,8,4,3,,,526,,,,,,,,,,,,,,,,,Y,Y,A1100006,30
2026-07-28 02:28:43,data_go_kr,서울특별시,A1100052,국립중앙의료원,15,20260728022504,02-2276-2114,N,Y,,,,,,,,,,312,,,12312,2868,1231,3,2,0,2,118,,,,12312,121,,23075,12312,,12310,Y,,Y,,231,23123,Y,3,Y,Y,,,Y,Y,Y,788,Y,12308,Y,Y,,12312,N1,15,3,2,3,123,,0,,,,,,23,,,12312,12312,123,,23131,12312,12312,,12312,12312,1231,2312,3123,123,12312,23123,1231,123,23123,,,1231,,,,,,,,,312,,,12312,3123,1231,231,23123,Y,N,A1100052,31
2026-07-28 02:28:43,data_go_kr,서울특별시,A1100036,부민병원,8,20260728022056,02-2620-0119,,Y,,,,,,,,,,,,,,,,,1,,,,,,,0,,,,,,0,Y,,Y,,,,Y,,Y,Y,,,Y,Y,Y,53,N1,2,Y,Y,,8,N1,10,,1,,,,,,,,,,,,,14,1,,,,8,,,3,1,3,3,1,22,,1,2,1,,,,282,,,,,,,,,,,,,,,,,Y,N1,A1100036,32
2026-07-28 02:28:43,data_go_kr,서울특별시,A1100051,혜민병원,9,20260728022037,02-2049-9119,,,,,,,,,,,,,,,,,,,1,,,,,,,,,,,,,,,,Y,,,,,,Y,N1,,,Y,Y,N1,34,N1,3,N1,Y,,5,N1,9,,1,,,,,,,,,,,,,19,,,,,5,,,,,2,2,,16,,,2,,,,,205,,,,,,,,,,,,,,,,,Y,N1,A1100051,33
2026-07-28 02:28:43,data_go_kr,서울특별시,A1100026,구로성심병원,5,20260728022344,02-2067-1515,,,,,,,,,,,,,,,,,,,,,1,,,,,,,,,,,,,,Y,,,,,,Y,N1,,,N1,Y,N1,41,N1,3,N1,Y,,3,N1,9,,,1,,,,,,,,,,,,11,,,,,3,,,,,1,1,,5,,,,,,,,191,,,,,,,,,,,,,,,,,Y,N1,A1100026,34
2026-07-28 02:28:43,data_go_kr,서울특별시,A1100049,희명병원,9,20260728022518,02-809-0122,,,,,,,,,,,,,,,,,,,,,1,,,,,,,,,,,,,,Y,,,,,,Y,N1,,,Y,Y,Y,113,N1,2,N1,Y,,4,N1,10,,,1,,,,,,,,,,,,19,,,,,4,,,,,1,1,,9,,,1,1,,,,228,,,,,,,,,,,,,,,,,Y,N1,A1100049,35
2026-07-28 02:28:43,data_go_kr,서울특별시,A1100027,한국원자력의학원원자력병원,8,20260728022054,02-970-2620,,Y,,,,,,,,,,,,,,,1,,1,,0,,,,,1,,,,,,1,Y,,Y,,,,Y,,Y,Y,,,Y,Y,N1,193,N1,6,Y,Y,,10,N1,9,,1,1,,,,,,,,,,,,10,1,,,,10,,,1,1,4,2,1,16,,2,1,,,,,444,,,,,,,,,,,,,,1,,,Y,N1,A1100027,36
2026-07-28 02:28:43,data_go_kr,서울특별시,A1100022,서울특별시동부병원,6,20260728022520,02-920-9119,,Y,,,,,,,,,,,,,,,,,1,,1,,,,,1,,,,,,,Y,,Y,,,,,,Y,N1,,,Y,Y,N1,22,N1,1,Y,Y,,3,N1,8,,1,1,,,,,,,,,,,,8,1,,,,3,,,,1,1,1,,7,,1,1,,,,,195,,,,,,,,,,,,,,,,,Y,N1,A1100022,37
2026-07-28 02:28:43,data_go_kr,서울특별시,A1100050,서울성심병원,17,20260728022419,02-966-1616,,,,,,,,,,,,,,,,,,,1,,2,,,,,,,,,,,,,,Y,,,,,,Y,N1,,,N1,Y,N1,68,N1,7,N1,Y,,6,N1,17,,1,2,,,,,,,,,,,,10,,,,,6,,,,,1,1,,11,,,,,,,,208,,,,,,,,,,,,,,,,,Y,N1,A1100050,38
2026-07-28 02:28:43,data_go_kr,서울특별시,A1100025,의료법인동신의료재단동신병원,4,20260728022427,02-396-9161,N,N,,,,,,,,,,,,,,,,,,,1,,,,,,,,,,,,N,N,Y,,,,N,,Y,N,,,Y,Y,N,46,N,4,N,Y,,3,N,9,,,1,,,,,,,,,,,,9,,,,,3,,,,0,1,1,0,7,0,0,1,0,0,0,0,196,,,,,,,,,,,,,,,,,Y,N,A1100025,39
2026-07-28 02:28:43,data_go_kr,서울특별시,A1122033,기쁨병원,4,20260728022429,02-570-1212,,,,,,,,,,,,,,,,,,,,,1,,,,,,,,,,,,,,Y,,,,Y,,Y,Y,,,N1,Y,N1,51,N1,,N1,Y,,8,N1,4,,,1,,,,,,,,,,,,,,,,,8,,,,,2,2,1,1,,,,,,,,110,,,,,,,,,,,,,,,,,Y,N1,A1122033,40
2026-07-28 02:28:43,data_go_kr,서울특별시,A1100039,경찰병원,3,20260728022502,02-3400-1300,,,,,,,,,,,,,,,,,1,,1,,,,,,,2,,,,,,2,,,Y,,,,,,Y,N1,,,Y,Y,N1,125,N1,14,N1,Y,,7,N1,3,,1,,,,,,,,,,,,,14,2,,,,7,,,2,,2,3,,10,,,2,,,,,187,,,,,,,,,,,,,,1,,,Y,N1,A1100039,41
2026-07-28 02:28:43,data_go_kr,서울특별시,A1100019,홍익병원,6,20260728022323,02-2600-0777,,,,,,,,,,,,,,,,,,,,,1,,,,,0,,,,,,1,,,Y,,,,Y,,Y,Y,,,N,Y,N1,44,N1,7,N1,Y,,4,N1,9,,,1,,,,,,,,,,,,14,1,,,,4,,,1,,4,2,2,7,,,1,,,,,251,,,,,,,,,,,,,,,,,Y,N1,A1100019,42
2026-07-28 02:28:43,data_go_kr,서울특별시,A1100223,서울특별시서남병원,17,20260728022000,02-6300-9129,,,,,,,,,,,,,,,,0,,,1,,1,2,,,,1,0,,,,,4,,,Y,,,,,,Y,N1,,,Y,Y,Y,52,Y,7,N1,Y,,4,N1,17,,1,2,2,,,,,,,,,,,17,1,3,,,4,,,4,,2,1,,16,,,1,1,1,,,275,,,,,,,,,,,,,0,,,,Y,N1,A1100223,43
2026-07-28 02:28:43,data_go_kr,서울특별시,A1100024,명지성모병원,7,20260728022606,02-829-7800,,,,,,,,,,,,,,,,,,,1,,0,,,,,1,,,,,,,,,Y,,,,Y,,Y,Y,,,N1,Y,N1,72,N1,5,N1,Y,,3,N1,8,,1,1,,,,,,,,,,,,12,1,,,,3,,,,,1,3,2,7,,,,,,,,212,,,,,,,,,,,,,,,,,Y,N1,A1100024,44
2026-07-28 02:28:43,data_go_kr,서울특별시,A1100037,대림성모병원,7,20260728022037,02-829-9129,,,,,,,,,,,,,,,,,,,,,2,,,,,,,,,,,,,,Y,,,,,,Y,N1,,,N1,Y,N1,37,N1,,N1,Y,,4,N1,8,,,2,,,,,,,,,,,,,,,,,4,,,,,1,1,,1,,,,,,,,113,,,,,,,,,,,,,,,,,Y,N1,A1100037,45
2026-07-28 02:28:43,data_go_kr,서울특별시,A1100045,씨엠병원,9,20260728021500,070-4698-7811,,,,,,,,,,,,,,,,,,,,,1,,,,,,,,,,,,,,Y,,,,,,Y,N1,,,N1,Y,N1,39,N1,,N1,Y,,5,N1,9,,,1,,,,,,,,,,,,,,,,,5,,,,,2,2,,6,,,,,,,,110,,,,,,,,,,,,,,,,,Y,N1,A1100045,46
2026-07-28 02:28:43,data_go_kr,서울특별시,A1100023,의료법인청구성심병원,8,20260728022422,02-383-0129,,,,,,,,,,,,,,,,,,,,,1,,,,,,,,,,,,,,Y,,,,,,Y,N1,,,N1,Y,N1,6,N1,1,N1,Y,,3,N1,10,,,1,,,,,,,,,,,,6,,,,,3,,,,,1,1,,4,,,,,,,,196,,,,,,,,,,,,,,,,,Y,N1,A1100023,47
2026-07-28 02:28:43,data_go_kr,서울특별시,A1100029,서울적십자병원,9,20260728022419,02-2002-8888,,,,,,,,,,,,,,,,,,,1,,,,,,,,,,,,,,,,Y,,,,,,Y,N1,,,Y,Y,N1,81,N1,8,N1,Y,,6,N1,10,,1,,,,,,,,,,,,,12,,,,,6,,,,,1,1,,11,,,2,,,,,260,,,,,,,,,,,,,,,,,Y,N1,A1100029,48
2026-07-28 02:28:43,data_go_kr,서울특별시,A1100032,세란병원,9,20260728022237,02-737-0181,,,,,,,,,,,,,,,,,,,,,1,,,,,,,,,,,,,,Y,,,,,,Y,N1,,,N1,Y,N1,19,N1,,N1,Y,,13,N1,10,,,1,,,,,,,,,,,,,,,,,13,,,,,3,5,,3,,,,,,,,205,,,,,,,,,,,,,,,,,Y,N1,A1100032,49
2026-07-28 02:28:43,data_go_kr,서울특별시,A1100075,의료법인풍산의료재단동부제일병원,7,20260728022049,02-490-8880,,,,,,,,,,,,,,,,,,,,,1,,,,,,,,,,,,,,Y,,,,,,Y,N1,,,N1,Y,N1,39,N1,,N1,N,,2,N1,7,,,1,,,,,,,,,,,,,,,,,2,,,,,1,1,,3,,,,,,,,124,,,,,,,,,,,,,,,,,Y,N1,A1100075,50
2026-07-28 02:28:43,data_go_kr,서울특별시,A1100044,녹색병원,4,20260728022507,02-490-2113,,,,,,,,,,,,,,,,,,,1,,4,,,,,2,,,,,,0,Y,,Y,,,,,,Y,N1,,,Y,Y,N1,75,N1,7,N1,Y,,3,N1,5,,1,4,,,,,,,,,,,,17,3,,,,3,,,3,1,2,1,,22,,,1,,,,,293,,,,,,,,,,,,,,,,,Y,N1,A1100044,51
2026-07-28 02:28:43,data_go_kr,부산광역시,A1200003,동아대학교병원,19,20260728022209,051-240-5300,Y,Y,2,6,,,,2,1,,,,,,,,,3,,,,9,,,2,5,9,,,,6,1,Y,,Y,1,,,Y,,Y,Y,4,5,Y,Y,Y,80,Y,5,Y,Y,6,18,N1,26,3,,,16,,,20,,,8,13,,11,7,18,6,30,,,18,,18,3,4,5,3,4,76,11,30,16,4,4,,,738,2,6,,,,4,1,,,,,,,,,,Y,Y,A1200003,1
2026-07-28 02:28:43,data_go_kr,부산광역시,A1200022,인제대학교 해운대백병원,24,20260728022017,051-797-0135,Y,Y,,,,,3,2,,9,,,,,,,,-1,2,8,3,7,,,,1,5,,,,,1,Y,Y,Y,,,,Y,,Y,Y,,,Y,Y,Y,30,Y,,Y,Y,0,22,N1,29,3,2,3,12,28,27,23,,,,,,,,,2,30,,,22,,,7,2,5,3,4,72,8,40,17,9,11,1,,710,,,,,5,3,,,,,,,,,,,Y,Y,A1200022,2
2026-07-28 02:28:43,data_go_kr,부산광역시,A1200018,대동병원,9,20260728022237,051-550-9391,,,,,,,,,,,,,,,,,,3,1,,2,,,,,0,,,,,,1,,,Y,,,,Y,,Y,Y,,,Y,Y,N1,47,N1,0,N1,Y,,6,N1,15,3,1,2,,,,,,,,,,,,21,1,,,,6,,,1,,2,1,1,10,,,1,,,,,401,,,,,,,,,,,,,,,,,Y,N1,A1200018,3
2026-07-28 02:28:43,data_go_kr,부산광역시,A1200020,의료법인 온그룹의료재단 온병원,18,20260728022037,051-607-0139,,,,,,,,,,,,,,,,,,,1,,2,,,,,1,,,,,,6,,,Y,,,,Y,,Y,Y,,,Y,Y,N1,132,N1,7,N1,Y,,9,Y,20,,1,2,,,,,,,,,,,,23,1,,,,9,,,6,,4,2,2,7,,,1,,,,1,585,,,,,,,,,,,,,,,,,Y,N1,A1200020,4
2026-07-28 02:28:43,data_go_kr,부산광역시,A1200001,인제대학교부산백병원,15,20260728022513,051-890-5995,Y,Y,,,,,,,,4,,,,,,,,,1,1,2,,,,2,1,,,,,4,1,Y,,Y,1,,,Y,,Y,Y,,,Y,Y,Y,89,Y,2,Y,Y,-1,17,Y,18,,1,2,,19,18,35,,,,12,,6,,10,1,,,,17,,20,8,4,5,3,6,68,19,38,16,3,7,,2,691,,,,,,,,,,,,,,,,,Y,Y,A1200001,5
2026-07-28 02:28:43,data_go_kr,부산광역시,A1200005,의료법인 은성의료재단 좋은삼선병원,6,20260728022346,051-310-9119,,,,,,,,,,,,,,,,,3,1,1,,2,,,,0,1,,,,,,2,,,Y,0,,,Y,,Y,Y,,,Y,Y,N1,11,N1,6,N1,Y,,7,N1,13,1,1,2,,,,,,,,5,,4,,19,2,,,,7,,,2,,2,2,2,11,,,1,,,,,375,,,,,,,,,,,,,,3,,,Y,N1,A1200005,6
2026-07-28 02:28:43,data_go_kr,부산광역시,A1200004,고신대학교복음병원,9,20260728022302,051-990-6200,Y,Y,0,4,,,,,,6,,,,,,,,,,7,,,,,6,4,,,,,14,1,Y,,Y,3,,,Y,,Y,Y,1,,Y,Y,Y,79,Y,,Y,Y,14,13,Y,25,,,,,13,8,18,,,5,13,,16,,,7,,,,13,,14,1,7,3,3,5,53,13,19,14,3,1,,1,685,1,4,,,,,,,,,,,,,,,Y,Y,A1200004,7
2026-07-28 02:28:43,data_go_kr,부산광역시,A1200002,부산대학교병원,15,20260728022500,051-240-7776,Y,Y,,,,,0,,,2,,,,0,0,0,,3,1,,1,-4,,,,3,3,,23,1,8,4,Y,,Y,0,2,12,Y,21,Y,Y,,,Y,Y,Y,302,Y,8,Y,Y,-1,26,N,17,3,1,2,2,10,,20,,,,0,42,,,24,4,3,,82,26,2,19,10,12,9,6,10,100,17,17,21,9,21,,1,901,,,,,2,,,,,,0,0,0,,2,12,Y,Y,A1200002,8
2026-07-28 02:28:43,data_go_kr,부산광역시,A1200007,비에이치에스한서병원,15,20260728022506,051-998-1119,,,,,,,,,,,,,,,,,,,1,,2,2,,,,,3,,,,,,,,Y,,,,Y,,Y,Y,,,Y,Y,Y,60,N1,3,N1,Y,,4,N1,17,,1,2,2,,,,,,,,,,,14,,3,,,4,,,,,1,1,2,11,,,1,1,,,,285,,,,,,,,,,,,,,,,,Y,N1,A1200007,9
2026-07-28 02:28:43,data_go_kr,부산광역시,A1200028,(의)서일의료재단기장병원,9,20260728022524,051-723-2119,,,,,,,,,,,,,,,,,,,,,1,,,,,,,,,,,,,,Y,,,,,,Y,N1,,,N1,Y,N1,12,N1,,N1,Y,,3,N1,9,,,1,,,,,,,,,,,,,,,,,3,,,,,1,1,,1,,,,,,,,154,,,,,,,,,,,,,,,,,Y,N1,A1200028,10
2026-07-28 02:28:43,data_go_kr,부산광역시,A1200015,동남권원자력의학원원자력병원,7,20260728022301,051-720-5911,,,,,,,,,,,,,,,,,,,1,,,,,,,,,,,,,,,,Y,,,,Y,,Y,Y,,,Y,Y,Y,65,N1,8,N1,Y,,8,N1,9,,1,,,,,,,,,,,,,12,,,,,8,,,,,2,2,2,12,,,1,0,,,,261,,,,,,,,,,,,,,,,,Y,N1,A1200015,11
2026-07-28 02:28:43,data_go_kr,부산광역시,A1200013,부산성모병원(재단법인 천주교부산교구유지재단),8,20260728022410,051-933-7119,Y,Y,,,,,,,,,,,,,,,4,4,1,,,,,,,2,,,,,,1,,,Y,,,,,,Y,N1,,,Y,Y,N1,45,N1,9,Y,Y,6,7,N1,10,4,1,,,,,10,,,,,,,,18,2,,,,7,,,2,,1,1,,6,14,13,1,,,,,373,,,,,,,,,,,,,,4,,,Y,Y,A1200013,12
2026-07-28 02:28:43,data_go_kr,부산광역시,A1200026,좋은문화병원,5,20260728022531,051-630-0909,Y,Y,,,,,,,,,,,,,,,,2,1,,2,,,,,,,,,,,1,Y,,Y,,,,,,Y,N1,,,N1,Y,N1,30,N1,3,Y,Y,0,0,Y,7,2,1,2,,,,12,,,,,,,,8,,,,,8,,,2,8,2,2,,3,6,17,,,,,1,270,,,,,,,,,,,,,,,,,Y,Y,A1200026,13
2026-07-28 02:28:43,data_go_kr,부산광역시,A1200017,의료법인정화의료재단 봉생기념병원,8,20260728021911,051-664-4119,,,,,,,,,,1,,,,,,,,,,0,2,,,,,,,,,,2,1,,,Y,,,,Y,,Y,Y,,,Y,Y,N1,30,N1,,N1,Y,,8,N1,9,,,2,,11,11,,,,,,,,,,,,,,8,,31,1,,1,2,2,11,,,4,,,,,335,,,,,,,,,,,,,,,,,Y,N1,A1200017,14
2026-07-28 02:28:43,data_go_kr,부산광역시,A1200011,동래봉생병원,6,20260728022302,051-520-5700,,,,,,,,,,,,,,,,,,,1,,1,,,,,2,,,,,,,,,Y,,,,Y,,Y,Y,,,Y,Y,N1,17,N1,2,N1,Y,,7,N1,8,,1,1,,,,,,,,,,,,18,2,,,,7,,,,,1,2,2,11,,,1,,,,,241,,,,,,,,,,,,,,,,,Y,N1,A1200011,15
2026-07-28 02:28:43,data_go_kr,부산광역시,A1200009,의료법인 광혜의료재단 광혜병원,6,20260728022225,051-504-2119,,,,,,,,,,,,,,,,,,,2,,1,,,,,,,,,,,1,,,Y,,,,,,Y,N1,,,N1,Y,N1,65,N1,1,N1,Y,,3,N1,9,,2,1,,,,,,,,,,,,9,,,,,3,,,1,,1,1,,4,,,,,,,,190,,,,,,,,,,,,,,,,,Y,N1,A1200009,16
2026-07-28 02:28:43,data_go_kr,부산광역시,A1200019,학교법인)동의병원,14,20260728022500,051-850-8777,,,,,,,,,,,,,,,,,,,,,1,,,,,,,,,,,,,,Y,,,,Y,,Y,Y,,,Y,Y,Y,91,N1,15,N1,Y,,1,N1,14,,,1,,,,,,,,,,,,23,,,,,5,,,,,2,2,2,7,,,2,1,,,,448,,,,,,,,,,,,,,,,,Y,N1,A1200019,17
2026-07-28 02:28:43,data_go_kr,부산광역시,A1200025,학교법인 춘해병원,8,20260728022240,051-608-0119,,,,,,,,,,,,,,,,,,,,,1,,,,,,,,,,,,,,Y,,,,,,Y,N1,,,N1,Y,N1,54,N1,,N1,Y,,4,N1,9,,,1,,,,,,,,,,,,,,,,,4,,,,,1,1,,3,,,,,,,,201,,,,,,,,,,,,,,,,,Y,N1,A1200025,18
2026-07-28 02:28:43,data_go_kr,부산광역시,A1200045,구포성심병원,7,20260728022141,051-330-2090,,,,,,,,,,,,,,,,,,,,,1,,,,,,,,,,,,,,Y,,,,Y,,Y,Y,,,N1,Y,N1,19,N1,,N1,Y,,4,N1,9,,,1,,,,,,,,,,,,,,,,,4,,,,,1,1,1,4,,,,,,,,243,,,,,,,,,,,,,,,,,Y,N1,A1200045,19
2026-07-28 02:28:43,data_go_kr,부산광역시,A1200006,의료법인 인당의료재단 부민병원,9,20260728022056,051-330-3129,,,,,,,,,,,,,,,,,,,1,,1,,,,,1,,,,,,,,,Y,,,,Y,,Y,Y,,,Y,Y,N1,5,N1,1,N1,Y,,8,N1,10,,1,1,,,,,,,,,,,,18,1,,,,8,,,,,2,3,1,7,,,1,,,,,366,,,,,,,,,,,,,,,,,Y,N1,A1200006,20
2026-07-28 02:28:43,data_go_kr,부산광역시,A1200016,한국보훈복지의료공단 부산보훈병원,11,20260728022259,051-601-6183,,,,,,,,,,,,,,,,,,,1,,1,,,,,1,,,,,,,,,Y,,,,Y,,Y,Y,,,N1,Y,N1,22,N1,5,N1,Y,,7,N1,11,,1,1,,,,,,,,,,,,9,1,,,,7,,,,,2,3,2,11,,,,,,,,452,,,,,,,,,,,,,,,,,Y,N1,A1200016,21
2026-07-28 02:28:43,data_go_kr,부산광역시,A1200021,삼육부산병원,4,20260728022420,051-600-7750,,Y,,,,,,,,,,,,,,,,,0,,,,,,,0,,,,,,,Y,,Y,,,,Y,,Y,Y,,,Y,Y,Y,3,N1,-1,Y,Y,,,N1,9,,1,,,,,,,,,,,,,14,1,,,,,,,,1,2,1,1,9,,1,2,1,,,,302,,,,,,,,,,,,,,,,,Y,N1,A1200021,22
2026-07-28 02:28:43,data_go_kr,부산광역시,A1200008,의료법인 은성의료재단 좋은강안병원,14,20260728022439,051-610-9119,,,,,,,,,,,,,,,,,,,1,,2,,,,,1,,,,,,1,,,Y,,,,Y,,Y,Y,,,Y,Y,Y,67,N1,4,N1,Y,,11,N1,18,,1,2,,,,,,,,,,,,30,2,,,,11,,,3,,4,3,3,12,,,5,1,,,,535,,,,,,,,,,,,,,,,,Y,N1,A1200008,23
2026-07-28 02:28:43,data_go_kr,부산광역시,A1200098,의료법인 센텀의료재단 센텀종합병원,8,20260728021919,051-750-5119,,,,,,,,,,,,,,,,,,,,,1,,,,,1,,,,,,,,,Y,,,,Y,,Y,Y,,,N1,Y,N1,3,N1,0,N1,Y,,9,N1,9,,,1,,,,,,,,,,,,16,1,,,,9,,,,,2,2,1,11,,,,,,,,338,,,,,,,,,,,,,,,,,Y,N1,A1200098,24
2026-07-28 02:28:43,data_go_kr,부산광역시,A1200024,부산광역시의료원,15,20260728022418,051-607-2140,,N,,,,,,,,4,,,,,,,,,1,5,1,,,,,,,,,,7,5,N,,Y,,,,Y,,Y,Y,,,Y,Y,N1,109,N1,,N,Y,,7,N1,18,,1,1,,13,14,,,,,,,,,,,,,,7,,29,7,1,1,1,2,19,,2,4,,,,,398,,,,,,,,,,,,,,,,,Y,N1,A1200024,25
2026-07-28 02:28:43,data_go_kr,부산광역시,A1200012,의료법인 행도의료재단 해동병원,6,20260728022503,051-410-6688,,,,,,,,,,,,,,,,,,,1,,,,,,,,,,,,,0,,,Y,,,,,,Y,N1,,,Y,Y,N1,23,N1,2,N1,Y,,3,Y,6,,1,,,,,,,,,,,,,9,,,,,3,,,0,,1,1,,5,,,1,,,,12,256,,,,,,,,,,,,,,,,,Y,N1,A1200012,26
2026-07-28 02:28:43,data_go_kr,부산광역시,A1200014,영도병원,7,20260728022531,051-419-7575,,,,,,,,,,,,,,,,,,,1,,1,,,,,,,,,,,,,,Y,,,,,,Y,N1,,,N1,Y,N1,18,N1,1,N1,Y,,3,N1,7,,1,1,,,,,,,,,,,,10,,,,,3,,,,,1,1,,7,,,,,,,,217,,,,,,,,,,,,,,,,,Y,N1,A1200014,27
2026-07-28 02:28:43,data_go_kr,부산광역시,A1200023,재단법인천주교부산교구유지재단 메리놀병원,9,20260728022409,051-461-2300,,,,,,,,,,,,,,,,,,,,,0,,,,,0,,,,,,,Y,,Y,,,,Y,,Y,Y,,,Y,Y,N1,77,N1,2,N1,Y,,8,N1,9,,,1,,,,,,,,,,,,18,1,,,,8,,,,1,1,1,1,9,,,2,,,,,380,,,,,,,,,,,,,,,,,Y,N1,A1200023,28
2026-07-28 02:28:43,data_go_kr,부산광역시,A1205143,의료법인 인당의료재단 해운대부민병원,8,20260728022056,051-602-8119,,,,,,,,,,,,,,,,,,,1,,,,,,,0,,,,,,1,,,Y,,,,Y,,Y,Y,,,Y,Y,N1,8,N1,4,N1,Y,,8,Y,9,,1,,,,,,,,,,,,,19,2,,,,8,,,3,,2,2,1,10,,,1,,,,1,360,,,,,,,,,,,,,,,,,Y,N1,A1205143,29
2026-07-28 02:28:43,data_go_kr,대구광역시,A1300001,영남대학교병원,16,20260728022237,053-620-3177,Y,Y,,0,,,0,3,,1,0,,,,,,,3,2,7,3,6,,,0,4,3,,,,11,5,Y,,Y,6,,,Y,,Y,Y,,,Y,Y,Y,94,Y,,Y,Y,-1,23,Y,28,3,2,3,21,10,15,15,,,,14,,7,,,13,30,,,23,,20,7,2,4,4,4,75,5,11,8,5,5,,1,704,,0,,,1,3,,0,,,,,,,,,Y,Y,A1300001,1
2026-07-28 02:28:43,data_go_kr,대구광역시,A1300002,경북대학교병원,9,20260728022205,053-200-5100,Y,Y,2,3,,,,,,2,,,,,,,,3,,4,,9,,,7,,32,,11,2,8,1,Y,,Y,2,2,4,Y,3,Y,Y,0,4,Y,Y,Y,136,Y,,Y,Y,1,17,N1,25,4,,,20,7,7,15,,,6,7,20,10,11,,,44,,40,17,2,20,5,2,5,5,5,82,8,11,11,9,5,,,582,2,3,,,,,,,,,,,,,2,6,Y,Y,A1300002,2
2026-07-28 02:28:43,data_go_kr,대구광역시,A1300004,대구가톨릭대학교병원,9,20260728022228,053-650-3000,Y,Y,,,,,,,,2,,,,,,,,,1,5,3,,,,,2,,,,,2,4,Y,Y,Y,8,,,Y,,Y,Y,,,Y,Y,Y,224,Y,0,Y,Y,2,19,N1,24,,1,3,,15,25,42,,,,16,,,,0,6,,,,19,,20,9,2,3,3,5,58,20,32,8,3,4,1,,704,,,,,,,,,,,,,,,,,Y,Y,A1300004,3
2026-07-28 02:28:43,data_go_kr,대구광역시,A1300003,계명대학교동산병원,7,20260728022452,053-258-6306,Y,Y,,,,,,,,3,,,,,,,,,2,0,0,,3,,,0,9,,,,3,2,Y,Y,Y,2,,,Y,,Y,Y,6,,Y,Y,Y,191,Y,1,Y,Y,3,24,Y,20,,2,3,,11,13,39,7,,8,15,,,,10,4,20,,,24,,20,16,6,6,5,7,56,13,37,9,4,14,1,2,769,,,,,,,,,,,,,,,,,Y,Y,A1300003,4
2026-07-28 02:28:43,data_go_kr,대구광역시,A1300009,대구파티마병원,5,20260728022500,053-940-7119,Y,Y,,,,,,,,2,,,,,,,,5,2,4,4,1,,,,1,1,,,,,,Y,,Y,8,,,Y,,Y,Y,,,Y,Y,Y,104,Y,,Y,Y,2,17,N1,25,5,2,5,2,17,8,8,,,,12,,,,,9,4,,,17,,,,2,5,3,4,32,11,19,5,1,1,,,539,,,,,,,,,,,,,,,,,Y,Y,A1300009,5
2026-07-28 02:28:43,data_go_kr,대구광역시,A1300010,칠곡경북대학교병원,12,20260728022405,053-200-2100,Y,Y,,,1,1,,,,3,,,,,,,,3,1,7,3,,2,1,,4,0,2,,,11,13,Y,,Y,,,,Y,,Y,Y,,,Y,Y,Y,194,Y,,Y,Y,7,19,N1,23,7,1,3,,10,15,39,10,2,,,,,,,4,0,8,,19,,20,13,2,8,5,8,52,9,27,9,3,1,,,760,,,1,1,,,,,,,,,,,,,Y,Y,A1300010,6
2026-07-28 02:28:43,data_go_kr,대구광역시,A1300034,드림종합병원,6,20260728022247,053-640-8575,,,,,,,,,,,,,,,,,1,,,,1,,,,,,,,,,,,,,Y,,,,Y,,Y,Y,,,Y,Y,Y,13,N1,,N1,N,,3,N1,8,,,1,,,,,,,,,,,,,,,,,3,,,,,2,1,1,2,,,1,1,,,,159,,,,,,,,,,,,,,1,,,Y,N1,A1300034,7
2026-07-28 02:28:43,data_go_kr,대구광역시,A1300006,의료법인구의료재단구병원,6,20260728022425,053-557-7119,,,,,,,,,,,,,,,,,,,,,1,,,,,0,,,,,,,,,Y,,,,,,Y,N1,,,N1,Y,N1,41,N1,8,N1,Y,,9,N1,10,,,1,,,,,,,,,,,,18,1,,,,9,,,,,3,1,,3,,,,,,,,235,,,,,,,,,,,,,,,,,Y,N1,A1300006,8
2026-07-28 02:28:43,data_go_kr,대구광역시,A1300110,더블유병원,10,20260728022351,053-550-5019,,,,,,,,,,,,,,,,,,,,,1,,,,,,,,,,,,,,Y,,,,,,Y,N1,,,N1,Y,N1,32,N1,,N1,N,,8,Y,10,,,1,,,,,,,,,,,,,,,,,8,,,,,1,1,,1,,,,,,,8,431,,,,,,,,,,,,,,,,,Y,N1,A1300110,9
2026-07-28 02:28:43,data_go_kr,대구광역시,A1300011,한국보훈복지의료공단대구보훈병원,12,20260728022031,053-630-7014,,,,,,,,,,,,,,,,,,,1,,1,,,,,1,,,,,,0,,,Y,,,,Y,,Y,Y,,,N1,Y,N1,32,N1,4,N1,Y,,6,N1,12,,1,1,,,,,,,,,,,,13,1,,,,6,,,1,,1,3,2,9,,,,,,,,406,,,,,,,,,,,,,,,,,Y,N1,A1300011,10
2026-07-28 02:28:43,data_go_kr,대구광역시,A1300045,삼일병원,13,20260728022444,053-659-3119,,,,,,,,,,,,,,,,,,,1,,,,,,,,,,,,,,,,Y,,,,Y,,Y,Y,,,N1,Y,N1,27,N1,,N1,N,,4,N1,14,,1,,,,,,,,,,,,,,,,,,4,,,,,3,2,1,3,,,,,,,,299,,,,,,,,,,,,,,,,,Y,N1,A1300045,11
2026-07-28 02:28:43,data_go_kr,대구광역시,A1300038,나사렛종합병원,9,20260728022158,053-643-3119,,,,1,,,,,,,,,,,,,,,,,1,,,,,0,,,,,,,,,Y,,,,Y,,Y,Y,,,Y,Y,N1,25,N1,3,N1,Y,,5,N1,9,,,1,,,,,,,,,,,,28,1,,,,5,,,,,2,2,2,5,,,1,,,,,231,,9,,,,,,,,,,,,,,,Y,N1,A1300038,12
2026-07-28 02:28:43,data_go_kr,대구광역시,A1300018,강남종합병원,14,20260728022055,053-980-9018,,,,,,,,,,,,,,,,,,,1,,,,,,,,,,,,,1,,,Y,,,,,,Y,N1,,,N1,Y,N1,40,N1,,N1,Y,,7,N1,15,,1,,,,,,,,,,,,,,,,,,7,,,1,,2,2,,2,,,,,,,,207,,,,,,,,,,,,,,,,,Y,N1,A1300018,13
2026-07-28 02:28:43,data_go_kr,대구광역시,A1300005,대구가톨릭대학교칠곡가톨릭병원,9,20260728022301,053-320-2111,,,,,,,,,,,,,,,,,,,,,1,,,,,,,,,,,,,,Y,,,,,,Y,N1,,,N1,Y,N1,20,N1,,N1,Y,,3,N1,9,,,1,,,,,,,,,,,,,,,,,3,,,,,2,2,,1,,,,,,,,161,,,,,,,,,,,,,,,,,Y,N1,A1300005,14
2026-07-28 02:28:43,data_go_kr,대구광역시,A1300076,대구굿모닝병원,17,20260728022442,053-620-9119,,,,,,,,,,,,,,,,,,,1,,1,,,,,1,,,,,,,,,Y,,,,Y,,Y,Y,,,N1,Y,N1,59,N1,6,N1,Y,,4,N1,17,,1,1,,,,,,,,,,,,26,1,,,,4,,,,,2,4,2,13,,,,,,,,226,,,,,,,,,,,,,,,,,Y,N1,A1300076,15
2026-07-28 02:28:43,data_go_kr,대구광역시,A1300007,대구의료원,18,20260728022502,053-560-7288,,Y,,,,,,,,,,,,,,,,,1,,1,,,,,0,,,,,2,1,Y,,Y,,,,,,Y,N1,,,N1,Y,N1,36,N1,6,Y,Y,,4,N1,18,,1,1,,,,,,,,,,,,18,1,,,,4,,82,3,1,1,1,,13,,4,,,,,,254,,,,,,,,,,,,,,,,,Y,N1,A1300007,16
2026-07-28 02:28:43,data_go_kr,대구광역시,A1300081,(재)미리내천주성삼성직수도회천주성삼병원,7,20260728022503,053-790-0555,,,,,,,,,,,,,,,,,,,,,1,,,,,,,,,,,,,,Y,,,,,,Y,N1,,,N1,Y,N1,6,N1,,N1,Y,,4,N1,9,,,1,,,,,,,,,,,,,,,,,4,,,,,1,2,,4,,,,,,,,294,,,,,,,,,,,,,,,,,Y,N1,A1300081,17
2026-07-28 02:28:43,data_go_kr,대구광역시,A1300008,곽병원,8,20260728022419,053-605-3333,,,,,,,,,,,,,,,,,,,,,2,,,,,,,,,,,,,,Y,,,,,,Y,N1,,,N1,Y,N1,5,N1,,N1,Y,,4,N1,10,,,2,,,,,,,,,,,,,,,,,4,,,,,1,1,,2,,,,,,,,221,,,,,,,,,,,,,,,,,Y,N1,A1300008,18
2026-07-28 02:28:43,data_go_kr,대구광역시,A1303386,계명대학교대구동산병원,10,20260728022408,053-250-8481,,,,,,,,,,,,,,,,,,,1,,1,,,,,0,,,,,,,N,,Y,,,,Y,,Y,Y,,,Y,Y,N1,26,N,0,N1,Y,,3,N1,12,,1,1,,,,,,,,,,,,7,5,,,,3,,,,0,2,1,1,6,,,6,,0,,,196,,,,,,,,,,,,,,,,,Y,N1,A1303386,19
2026-07-28 02:28:43,data_go_kr,인천광역시,A1400001,의료법인 길의료재단 길병원,-1,20260728022436,032-460-3012,Y,Y,2,1,1,1,,0,,8,,,,,2,,,9,,3,,4,,2,0,4,13,2,10,2,9,12,Y,,Y,1,2,6,Y,0,Y,Y,,0,Y,Y,Y,265,Y,,Y,Y,0,3,Y,23,9,,,18,38,11,30,,2,,14,20,6,4,,11,30,6,47,3,2,18,13,3,6,6,7,113,19,40,19,10,6,,1,995,2,3,1,1,,2,,,,,,3,,,2,6,Y,Y,A1400001,1
2026-07-28 02:28:43,data_go_kr,인천광역시,A1400002,인하대학교의과대학부속병원,15,20260728022109,032-890-2301,Y,Y,,,1,1,,,,5,,,,,,,,3,2,0,5,1,0,0,0,1,1,4,,,5,7,Y,Y,Y,,,,Y,,Y,Y,,,Y,Y,Y,70,Y,3,Y,Y,1,16,Y,20,7,2,5,20,25,13,26,3,2,,,,7,,23,3,30,6,,16,,15,7,4,6,3,5,109,17,27,13,9,7,1,2,681,,,1,1,,,,,,,,,,,,,Y,Y,A1400002,2
2026-07-28 02:28:43,data_go_kr,인천광역시,A1400010,검단탑병원,17,20260728022245,032-590-0077,,,,,,,,,,,,,,,,,,,1,,2,,,,,0,,,,,,1,,,Y,,,,Y,,Y,Y,,,Y,Y,N1,22,N1,6,N1,Y,,6,N1,18,,1,2,,,,,,,,,,,,15,3,,,,6,,,2,,2,2,1,11,,,1,,,,,279,,,,,,,,,,,,,,,,,Y,N1,A1400010,3
2026-07-28 02:28:43,data_go_kr,인천광역시,A1403372,인천세종병원,18,20260728022509,032-240-8119,,,,,,,,,,,,,,,,,,,3,,,1,,,,1,0,,,,,3,,,Y,,,,Y,,Y,Y,,,Y,Y,Y,60,Y,5,N1,Y,,7,N1,18,,3,,2,,,,,,,,,,,20,2,3,,,7,,,6,,2,2,3,13,,,4,5,1,,,274,,,,,,,,,,,,,,,,,Y,N1,A1403372,4
2026-07-28 02:28:43,data_go_kr,인천광역시,A1400014,의료법인인성의료재단한림병원,15,20260728022124,032-540-9119,,,,,,,,,,,,,,,,,,,2,,2,,,,,2,,,,,,2,Y,,Y,,,,Y,,Y,Y,,,Y,Y,Y,23,N1,3,N1,Y,,6,N1,17,,2,2,,,,,,,,,,,,21,2,,,,6,,,2,1,3,2,2,20,,,3,3,,,,391,,,,,,,,,,,,,,,,,Y,N1,A1400014,5
2026-07-28 02:28:43,data_go_kr,인천광역시,A1400016,인천사랑병원,11,20260728022450,032-457-2119,,Y,,,,,,,,,,,,,,,4,,1,,2,,,,,1,1,,,,,1,Y,,Y,,,,Y,,Y,Y,,,Y,Y,N1,20,Y,11,Y,Y,,7,N1,14,,1,2,,,,,,,,,,,,17,1,5,,,7,,,1,1,2,1,1,12,,1,2,,1,,,281,,,,,,,,,,,,,,4,,,Y,N1,A1400016,6
2026-07-28 02:28:43,data_go_kr,인천광역시,A1400012,가톨릭대학교 인천성모병원,11,20260728022508,032-280-6107,Y,Y,,,,,,,,0,,,,,,,,2,2,0,3,2,,,,0,,,,,,5,Y,,Y,1,,,Y,,Y,Y,,,Y,Y,Y,14,Y,,Y,Y,0,17,N1,19,4,3,5,12,15,18,13,,,,15,,,,,10,,,,17,,,9,1,4,4,5,53,5,14,11,5,4,,,579,,,,,,,,,,,,,,,,,Y,Y,A1400012,7
2026-07-28 02:28:43,data_go_kr,인천광역시,A1400013,안은의료재단 부평세림병원,15,20260728022446,032-509-5777,,,,,,,,,,,,,,,,,,,1,,3,2,,,,0,1,,,,,2,,,Y,,,,Y,,Y,Y,,,Y,Y,Y,17,N1,7,N1,Y,,4,N1,16,,1,3,2,,,,,,,,,,,11,2,3,,,4,,,2,,3,2,1,9,,,1,1,,,,234,,,,,,,,,,,,,,,,,Y,N1,A1400013,8
2026-07-28 02:28:43,data_go_kr,인천광역시,A1400015,가톨릭관동대학교국제성모병원,9,20260728022314,032-290-3065,Y,Y,4,0,,,,,,2,,,18,,,,,2,0,,0,,,,,,,,,,3,3,Y,,Y,-2,,,Y,,Y,Y,,,Y,Y,N,180,Y,,Y,Y,,11,N1,23,3,0,0,,40,,,,,,13,,,,,,,,,11,,11,3,2,3,2,3,34,2,11,6,2,1,,,641,5,0,,,,,,,,21,,,,,,,Y,Y,A1400015,9
2026-07-28 02:28:43,data_go_kr,인천광역시,A1400003,의료법인 루가의료재단 나은병원,9,20260728022426,032-584-4119,,Y,,,,,,,,3,,,,,,,7,,1,3,2,,,,,3,,,,,,8,Y,,Y,,,,Y,,Y,Y,,,Y,Y,Y,86,Y,,Y,Y,,10,N1,11,,1,2,,14,13,,,,,,,,,,3,,,,10,,,9,1,2,2,3,17,,1,3,1,1,,,367,,,,,,,,,,,,,,7,,,Y,N1,A1400003,10
2026-07-28 02:28:43,data_go_kr,인천광역시,A1400011,의료법인 나사렛의료재단 나사렛국제병원,15,20260728022110,032-899-9699,,,,,,,,,,,,,,,,,,,1,,2,,,,,0,,,,,,,,,Y,,,,Y,,Y,Y,,,Y,Y,N1,44,N1,3,N1,Y,,5,N1,17,,1,2,,,,,,,,,,,,16,1,,,,5,,,,,2,2,2,8,,,2,,,,,282,,,,,,,,,,,,,,,,,Y,N1,A1400011,11
2026-07-28 02:28:43,data_go_kr,인천광역시,A1403617,비에스종합병원,10,20260728022053,032-290-0119,,Y,,,,,,,,,,,,,,,,,1,,,,,,,0,,,,,,,Y,,Y,,,,Y,,Y,Y,,,Y,Y,N1,90,N1,9,Y,N1,0,2,N1,10,,1,,,,,1,,,,,,,,18,1,,,,2,,,,1,1,,1,6,,1,1,,,,,180,,,,,,,,,,,,,,,,,Y,N1,A1403617,12
2026-07-28 02:28:43,data_go_kr,인천광역시,A1400005,온누리병원,9,20260728022107,032-568-9112,,,,,,,,,,,,,,,,,,,1,,1,,,,,,,,,,,,,,Y,,,,,,Y,N1,,,N1,Y,N1,41,N1,,N1,Y,,3,N1,9,,1,1,,,,,,,,,,,,,,,,,3,,,,,1,1,,5,,,,,,,,190,,,,,,,,,,,,,,,,,Y,N1,A1400005,13
2026-07-28 02:28:43,data_go_kr,인천광역시,A1403871,인천힘찬종합병원,16,20260728022251,032-459-3168,,,,,,,,,,,,,,,,,,,1,,2,,,,,0,,,,,,,,,Y,,,,,,Y,N1,,,N1,Y,N1,44,N1,0,N1,Y,,7,N1,17,,1,2,,,,,,,,,,,,8,1,,,,7,,,,,2,2,,1,,,,,,,,235,,,,,,,,,,,,,,,,,Y,N1,A1403871,14
2026-07-28 02:28:43,data_go_kr,인천광역시,A1400004,현대유비스병원,17,20260728022148,032-890-5582,,,,,,,,,,,,,,,,,,,1,,,,,,,0,,,,,,,,,Y,,,,Y,,Y,Y,,,Y,Y,N1,12,N1,3,N1,Y,,6,N1,18,,1,,,,,,,,,,,,,13,1,,,,6,,,,,2,2,1,8,,,2,,,,,285,,,,,,,,,,,,,,,,,Y,N1,A1400004,15
2026-07-28 02:28:43,data_go_kr,인천광역시,A1400008,(의)성세의료재단 뉴성민병원,7,20260728022248,032-726-1119,,,,,,,,,,,,,,,0,,,,,,1,,,,,2,,,,,,,,,Y,,,,,,Y,N1,,,Y,Y,N1,109,N1,12,N1,Y,,6,Y,9,,,1,,,,,,,,,,,,17,2,,,,6,,,,,2,2,,11,,,2,,,,1,265,,,,,,,,,,,,0,,,,,Y,N1,A1400008,16
2026-07-28 02:28:43,data_go_kr,인천광역시,A1400018,인천적십자병원,8,20260728022350,032-899-4119,,,,,,,,,,,,,,,,,,,1,,1,,,,,,,,,,,,,,Y,,,,,,Y,N1,,,N1,Y,N1,66,N1,2,N1,Y,,3,N1,8,,1,1,,,,,,,,,,,,8,,,,,3,,,,,1,1,,2,,,,,,,,104,,,,,,,,,,,,,,,,,Y,N1,A1400018,17
2026-07-28 02:28:43,data_go_kr,인천광역시,A1400037,인천광역시의료원백령병원,4,20260728022502,032-836-1732,Y,Y,,,,,,,,,,,,,,,,,,,1,,,,,,,,,,,,,,Y,,,,,,Y,N1,,,N1,Y,N1,30,N1,,Y,N1,,1,N1,5,,,1,,,,,,,,,,,,,,,,,1,,,,,1,,,1,1,2,,,,,,30,,,,,,,,,,,,,,,,,Y,Y,A1400037,18
2026-07-28 02:28:43,data_go_kr,인천광역시,A1400009,인천기독병원,8,20260728022407,032-270-8300,,,,,,,,,,,,,,,,,,,,,1,,,,,,,,,,,,,,Y,,,1,,,Y,N1,,,N1,Y,N1,30,N1,10,N1,Y,,4,N1,8,,,1,,,,,,,,,,,,10,,,,,4,,,,,1,1,,1,,,,,,,,139,,,,,,,,,,,,,,,,1,Y,N1,A1400009,19
2026-07-28 02:28:43,data_go_kr,인천광역시,A1400017,인천광역시의료원,15,20260728022502,032-580-6119,,,,,,,,,,,,,,,,,,,2,,,,,,,0,,,,,24,7,,,Y,,,,,,Y,N1,,,N1,Y,N1,21,N1,2,N1,Y,,6,N1,15,,2,,,,,,,,,,,,,13,0,,,,6,,45,7,,1,1,,19,,,,,,,,198,,,,,,,,,,,,,,,,,Y,N1,A1400017,20
2026-07-28 02:28:43,data_go_kr,인천광역시,A1400007,의료법인 성수의료재단 인천백병원,5,20260728022455,032-280-8119,,,,,,,,,,,,,,,,,,,,,1,,,,,,,,,,,,,,Y,,,,,,Y,N1,,,Y,Y,N1,35,N1,1,N1,Y,,4,N1,5,,,1,,,,,,,,,,,,12,,,,,4,,,,,2,2,,6,,,1,,,,,189,,,,,,,,,,,,,,,,,Y,N1,A1400007,21
2026-07-28 02:28:43,data_go_kr,대전광역시,A1600006,학교법인건양교육재단건양대학교병원,21,20260728022010,042-600-9119,Y,Y,,0,,,1,1,4,,0,0,0,0,,0,,5,2,,3,6,,,,3,6,,,,10,0,Y,,Y,,,,Y,,Y,Y,,,Y,Y,Y,226,Y,33,Y,Y,2,20,Y,24,5,2,3,16,,,24,,,,,,,,59,5,28,,,20,,20,1,2,4,4,4,46,17,23,10,3,1,,1,658,,0,,,1,3,4,0,0,0,0,,0,,,,Y,Y,A1600006,1
2026-07-28 02:28:43,data_go_kr,대전광역시,A1600001,충남대학교병원,14,20260728022300,042-280-8129,Y,Y,0,0,,,,,,4,,,,,,,0,2,2,7,3,4,3,,4,6,20,,,,15,9,Y,,Y,,,,Y,,Y,Y,,,Y,Y,Y,170,Y,2,Y,Y,8,21,N1,28,6,2,3,20,16,14,34,5,,,,,10,,12,8,30,,,21,,26,14,5,5,4,5,76,12,36,6,8,2,,,966,0,0,,,,,,,,,,,,0,,,Y,Y,A1600001,2
2026-07-28 02:28:43,data_go_kr,대전광역시,A1600002,학교법인을지학원대전을지대학교병원,19,20260728022500,042-259-1119,Y,Y,,,,,,,,3,,0,0,-10,-5,2,3,,2,6,1,,,,2,0,,,1,2,8,,Y,,Y,,2,6,Y,3,Y,Y,,,Y,Y,Y,71,Y,,Y,Y,16,15,N1,21,,2,1,,20,20,20,,,,,20,5,,,11,,,40,15,2,20,,16,4,2,4,70,12,47,7,3,3,,,331,,,,,,,,,0,0,0,0,30,3,2,6,Y,Y,A1600002,3
2026-07-28 02:28:43,data_go_kr,대전광역시,A1600007,의료법인영훈의료재단유성선병원,12,20260728022126,042-609-1119,,,,,,,,,,,,,,,,,,,2,,1,,,,,1,,,,,,0,Y,,Y,,,,Y,,Y,Y,,,Y,Y,Y,64,N1,-1,N1,Y,,-4,Y,17,,2,1,,,,,,,,,,,,19,1,,,,7,,,1,1,3,3,2,17,,,2,1,,,1,368,,,,,,,,,,,,,,,,,Y,N1,A1600007,4
2026-07-28 02:28:43,data_go_kr,대전광역시,A1600005,학교법인가톨릭학원가톨릭대학교대전성모병원,17,20260728022509,042-220-9118,Y,Y,,,,,,,,1,,,,,,,,,3,2,,,,,0,0,,,,,,4,Y,,Y,1,,,Y,,Y,Y,2,0,Y,Y,Y,87,N1,,Y,Y,4,12,N1,19,,3,,,15,3,4,,,3,9,,3,2,,1,,,,12,,,4,1,3,2,4,24,5,7,5,2,,,,537,,,,,,,,,,,,,,,,,Y,Y,A1600005,5
2026-07-28 02:28:43,data_go_kr,대전광역시,A1600008,의료법인영훈의료재단대전선병원,17,20260728022440,042-220-8129,,,,,,,,,,,,,,,,,,,1,,3,,,,,0,,,,,,0,Y,,Y,,,,Y,,Y,Y,,,Y,Y,N1,26,N1,4,N1,Y,,7,N1,17,,1,3,,,,,,,,,,,,24,1,,,,7,,,1,1,2,2,2,11,,,3,,,,,311,,,,,,,,,,,,,,,,,Y,N1,A1600008,6
2026-07-28 02:28:43,data_go_kr,대전광역시,A1600004,대전보훈병원,6,20260728022134,042-939-0100,,,,,,,,,,,,,,,,,,,1,,1,,,,,1,,,,,,1,,,Y,,,,Y,,Y,Y,,,N1,Y,N1,61,N1,3,N1,Y,,5,N1,7,,1,1,,,,,,,,,,,,10,1,,,,5,,,1,,1,3,1,12,,,,,,,,316,,,,,,,,,,,,,,,,,Y,N1,A1600004,7
2026-07-28 02:28:43,data_go_kr,대전광역시,A1600003,대전한국병원,7,20260728022509,042-606-1119,,Y,,,,,,,,,,,,,,,,,1,,,,,,,,,,,,,,Y,,Y,,,,Y,,Y,Y,,,Y,Y,N1,50,N1,1,Y,Y,,4,N1,9,,1,,,,,,,,,,,,,12,,,,,4,,,,4,2,2,2,6,,1,1,,,,,241,,,,,,,,,,,,,,,,,Y,N1,A1600003,8
2026-07-28 02:28:43,data_go_kr,대전광역시,A1602246,대청병원,9,20260728022505,042-589-0119,,,,,,,,,,,,,,,,,,,,,1,,,,,,,,,,,,,,Y,,,,,,Y,N1,,,Y,Y,N1,106,N1,2,N1,Y,,3,N1,9,,,1,,,,,,,,,,,,17,,,,,3,,,,,2,1,,10,,,1,,,,,245,,,,,,,,,,,,,,,,,Y,N1,A1602246,9
2026-07-28 02:28:43,data_go_kr,울산광역시,A1700004,학교법인울산공업학원울산대학교병원,6,20260728022246,052-250-7000,Y,Y,3,3,,,,1,,6,,,4,,5,,,8,0,10,0,2,,,2,6,8,,6,2,6,0,Y,,Y,,2,6,Y,10,Y,Y,,0,Y,Y,Y,88,Y,5,Y,Y,1,20,N1,21,8,0,0,12,13,16,26,,,,,20,6,2,8,8,36,,42,20,2,20,0,5,7,5,6,83,14,27,17,8,4,,,725,3,3,,,,8,,,,4,,5,,,2,6,Y,Y,A1700004,1
2026-07-28 02:28:43,data_go_kr,울산광역시,A1700028,의료법인정안의료재단중앙병원,10,20260728022417,052-226-1119,,,,,,,,,,,,,,,,,,,1,,2,1,,,,1,2,,,,,0,,,Y,,,,Y,,Y,Y,,,Y,Y,N1,32,N1,0,N1,Y,,8,N1,17,,1,2,2,,,,,,,,,,,18,2,4,,,8,,,1,,2,2,2,7,,,2,,,,,335,,,,,,,,,,,,,,,,,Y,N1,A1700028,2
2026-07-28 02:28:43,data_go_kr,울산광역시,A1700003,울산병원,13,20260728022501,052-259-5119,,,,,,,,,,,,,,,,,,,1,,2,2,,,,0,2,,,,,,,,Y,,,,Y,,Y,Y,,,Y,Y,Y,59,Y,6,N1,Y,,4,Y,19,,1,2,2,,,,,,,,,,,17,1,3,,,4,,,,,2,2,3,12,,,4,1,2,,2,343,,,,,,,,,,,,,,,,,Y,N1,A1700003,3
2026-07-28 02:28:43,data_go_kr,울산광역시,A1700025,의료법인송은의료재단울산시티병원,16,20260728022506,052-280-9119,,,,,,,,,,,,,,,,,,,1,,2,0,,,,2,3,,,,,,,,Y,,,,Y,,Y,Y,,,Y,Y,N1,10,N1,12,N1,Y,,8,N1,17,,1,2,2,,,,,,,,,,,24,3,3,,,8,,,,,2,2,2,17,,,4,,,,,347,,,,,,,,,,,,,,,,,Y,N1,A1700025,4
2026-07-28 02:28:43,data_go_kr,울산광역시,A1700002,의료법인동강의료재단동강병원,19,20260728022153,052-241-1190,,,,,,,,,,4,,,,,,,,,1,1,2,1,,,1,1,0,,,,,2,,Y,Y,,,,Y,,Y,Y,,,Y,Y,Y,101,N1,,N1,Y,,8,N1,24,,1,2,2,14,9,,,,,,,13,,,1,3,,,8,,,2,,3,2,4,25,,,7,5,,1,,513,,,,,,,,,,,,,,,,,Y,N1,A1700002,5
2026-07-28 02:28:43,data_go_kr,울산광역시,A1700011,의료법인은성의료재단좋은삼정병원,8,20260728022541,052-220-7600,,,,,,,,,,,,,,,,,,,,,1,,,,,0,,,,,,1,,,Y,,,,Y,,Y,Y,,,Y,Y,N1,40,N1,1,N1,Y,,7,N1,9,,,1,,,,,,,,,,,,14,1,,,,8,,,1,,2,2,1,5,,,1,,,,,283,,,,,,,,,,,,,,,,,Y,N1,A1700011,6
2026-07-28 02:28:43,data_go_kr,울산광역시,A1700001,서울산보람병원,8,20260728022433,052-255-7119,,,,,,,,,,,,,,,,,,,,,1,,,,,,,,,,,,,,Y,,,,,,Y,N1,,,N1,Y,N1,88,N1,,N1,Y,,3,N1,10,,,1,,,,,,,,,,,,,,,,,3,,,,,1,1,,1,,,,,,,,213,,,,,,,,,,,,,,,,,Y,N1,A1700001,7
2026-07-28 02:28:43,data_go_kr,세종특별자치시,A1800441,세종충남대학교병원,11,20260728022300,044-995-3010,Y,Y,,,0,0,,,,,,,,,,,,0,1,,2,,,1,,1,,4,,,,2,Y,,Y,,,,Y,,Y,Y,,,Y,Y,Y,66,Y,6,Y,Y,0,8,N1,17,0,1,2,,,,19,,2,,,,,,11,2,,6,,8,,,4,3,2,2,3,29,7,19,5,3,2,,,299,,,0,0,,,,,,,,,,,,,Y,Y,A1800441,1
2026-07-28 02:28:43,data_go_kr,세종특별자치시,A1800417,의료법인 영제 의료재단 엔케이세종병원,8,20260728022150,044-850-7777,,,,,,,,,,,,,,,,,,,,,1,,,,,,,,,,,,,,Y,,,,,,Y,N1,,,N1,Y,N1,130,N1,,N1,Y,,3,N1,10,,,1,,,,,,,,,,,,,,,,,3,,,,,1,1,,1,,,,,,,,200,,,,,,,,,,,,,,,,,Y,N1,A1800417,2
2026-07-28 02:28:43,data_go_kr,경기도,A2100042,의료법인명지의료재단명지병원,13,20260728022500,031-810-7119,Y,Y,3,2,,3,0,0,1,,0,0,0,0,0,0,,0,0,,3,4,,,,4,10,,,,0,0,Y,Y,Y,,,,Y,,Y,Y,,,Y,Y,Y,123,Y,11,Y,Y,3,5,Y,15,0,0,3,16,,,3,,,,,,,,31,4,28,,,13,,0,0,2,6,3,5,49,4,5,8,5,2,1,2,443,3,2,,3,4,3,2,0,0,0,0,0,0,,,,Y,Y,A2100042,1
2026-07-28 02:28:43,data_go_kr,경기도,A2100033,국민건강보험공단일산병원,13,20260728022005,031-900-0761,Y,Y,,,,,0,,1,3,,0,0,,0,0,,4,2,4,3,0,,,2,1,1,,,,3,1,Y,,Y,,,,Y,,Y,Y,,,Y,Y,Y,114,N1,,Y,Y,3,2,N1,23,5,2,3,19,10,16,25,,,,,,6,,,11,29,,,2,,28,4,2,4,3,3,60,8,28,13,5,,,,659,,,,,1,,1,,0,0,,0,0,,,,Y,Y,A2100033,2
2026-07-28 02:28:43,data_go_kr,경기도,A2100005,순천향대학교부속부천병원,8,20260728022121,032-621-5117,Y,Y,2,1,,,,,,8,,0,,0,0,,,3,0,10,0,4,,,,4,15,,,,,1,Y,Y,Y,,,1,Y,,Y,Y,,,Y,Y,Y,161,Y,10,Y,Y,2,21,Y,17,5,0,0,20,16,15,24,,,,,,,,22,8,34,,,21,,,7,1,4,3,5,71,9,31,17,4,3,1,1,674,2,3,,,,,,,0,,0,0,,,,5,Y,Y,A2100005,3
2026-07-28 02:28:43,data_go_kr,경기도,A2100001,분당서울대학교병원,-14,20260728022300,031-787-3119,Y,Y,,,,,,3,,1,,,5,9,,,,4,2,2,3,2,1,,3,0,9,,,,3,3,Y,,Y,0,,1,Y,,Y,Y,,,Y,Y,Y,257,Y,0,Y,Y,0,39,N1,30,5,2,3,15,13,13,35,6,,,10,,9,,8,1,30,,,39,,15,3,3,11,11,11,128,17,39,16,8,8,,,1247,,,,,,5,,,,5,9,,,,,2,Y,Y,A2100001,4
2026-07-28 02:28:43,data_go_kr,경기도,A2100030,차의과학대학교분당차병원,5,20260728022422,031-780-5840,Y,Y,2,3,1,1,0,0,,0,,,0,,0,,0,7,,4,,3,,0,0,0,9,6,,,11,,Y,,Y,0,,,Y,,Y,Y,,,Y,Y,Y,66,Y,,Y,Y,8,25,N1,22,11,,,14,8,9,35,,2,,7,,6,,,4,43,6,,26,,22,,8,5,3,4,40,26,46,6,2,2,,,726,2,3,1,1,2,2,,,,0,,1,,0,,,Y,Y,A2100030,5
2026-07-28 02:28:43,data_go_kr,경기도,A2100002,아주대학교병원,13,20260728022510,031-219-7777,Y,Y,2,5,1,2,,0,,1,,,,0,0,,0,6,0,4,0,4,,2,5,0,7,0,3,3,3,5,Y,,Y,3,1,5,Y,5,Y,Y,2,3,Y,Y,Y,58,Y,,Y,Y,7,25,N1,30,9,0,0,16,14,10,36,,2,6,13,40,7,11,,3,42,6,60,25,3,20,8,3,8,6,9,126,27,34,32,9,7,,,792,2,6,1,4,,2,,,,,0,0,,0,2,6,Y,Y,A2100002,6
2026-07-28 02:28:43,data_go_kr,경기도,A2100003,고려대학교의과대학부속안산병원,19,20260728022313,031-412-5381,Y,Y,2,2,,,0,,,0,,,,,,,,4,,13,3,5,,,1,0,17,,,,8,5,Y,,Y,,,,Y,,Y,Y,,,Y,Y,Y,48,Y,0,Y,Y,0,20,N1,22,4,,3,18,10,13,25,,,,,,10,,6,3,30,,,20,,16,10,2,3,4,4,66,15,19,8,5,3,,,605,2,3,,,2,,,,,,,,,,,,Y,Y,A2100003,7
2026-07-28 02:28:43,data_go_kr,경기도,A2100004,한림대학교성심병원,22,20260728022256,031-380-1500,Y,Y,0,5,,,0,,,0,,,,,,,,3,2,3,2,1,,,,1,17,,,,10,2,Y,Y,Y,,,,Y,,Y,Y,0,2,Y,Y,Y,102,Y,,Y,Y,6,19,N1,25,3,2,4,19,27,16,9,,,8,,,,18,,3,30,,,19,,20,14,2,4,3,6,102,8,10,20,14,2,1,,610,0,5,,,1,,,,,,,,,,,,Y,Y,A2100004,8
2026-07-28 02:28:43,data_go_kr,경기도,A2100040,가톨릭대학교의정부성모병원,28,20260728022508,031-820-5200,Y,Y,,,,,0,0,,,,,,,,,,11,2,,4,2,,,0,0,10,,7,2,,,Y,,Y,,2,6,Y,4,Y,Y,,,Y,Y,Y,94,Y,0,Y,Y,-2,13,N1,42,11,2,4,18,,,15,,,,,20,6,,26,4,30,,53,13,2,,,3,4,3,4,54,10,28,12,4,3,,,519,,,,,1,1,,,,,,,,,2,6,Y,Y,A2100040,9
2026-07-28 02:28:43,data_go_kr,경기도,A2100047,동국대학교일산불교병원,17,20260728022525,031-961-7777,Y,Y,,,,,,,,4,,,,,,,3,3,1,6,3,,,,,1,,,,,9,0,Y,,Y,,,,Y,,Y,Y,,,Y,Y,Y,140,Y,,Y,Y,9,12,N1,19,3,1,3,,16,13,13,,,,,,,,,4,,,,12,,15,0,8,2,2,2,19,13,25,4,2,1,,,463,,,,,,,,,,,,,,3,,,Y,Y,A2100047,10
2026-07-28 02:28:43,data_go_kr,경기도,A2100038,인제대학교일산백병원,27,20260728022514,031-910-7114,N,N,,,,,,,,4,,,,,,,,,3,0,0,,,,,1,,,,,3,1,Y,,Y,,,,Y,,Y,Y,,1,Y,Y,Y,104,Y,,N,Y,,16,N1,34,,3,3,,25,32,,,,,,,,4,,4,,,,17,,16,2,3,3,3,4,54,18,22,7,3,1,,,545,,,,,,,,,,,,,,,,,Y,N,A2100038,11
2026-07-28 02:28:43,data_go_kr,경기도,A2118788,중앙대학교광명병원,19,20260728022507,02-2222-1351,Y,Y,0,0,,,,,,,,,,,,,,,1,,2,,,,2,2,,,,,,2,Y,,Y,,,,Y,,Y,Y,4,,Y,Y,Y,82,Y,8,Y,Y,1,17,N1,21,,1,2,,,,16,,,5,,,5,,24,6,,,,17,,,2,2,2,2,5,28,6,16,5,4,10,,,576,0,0,,,,,,,,,,,,,,,Y,Y,A2118788,12
2026-07-28 02:28:43,data_go_kr,경기도,A2100007,광명성애병원,8,20260728022534,02-2680-7116,Y,Y,,,,,,,,,,,,,,7,,4,1,,4,,,,,0,,,,,,,Y,,Y,,,,Y,,Y,Y,,,Y,Y,N1,44,N1,10,Y,Y,,5,N1,11,4,1,4,,,,,,,,,,,,13,1,,,,5,,,,2,2,2,1,12,2,5,1,,,,,189,,,,,,,,,,,,,50,,,,Y,Y,A2100007,13
2026-07-28 02:28:43,data_go_kr,경기도,A2100155,참조은병원,6,20260728022446,031-881-9119,,,,,,,,,,,,,,0,0,,6,1,1,,3,,,,,3,,,,,,1,,,Y,,,,Y,,Y,Y,,,Y,Y,N1,24,Y,-2,N1,Y,,7,N1,9,1,1,3,,,,,,,,,,,,22,3,,,,7,,,2,,3,3,2,18,,,3,,2,,,286,,,,,,,,,,,0,0,,6,,,Y,N1,A2100155,14
2026-07-28 02:28:43,data_go_kr,경기도,A2100039,한양대학교구리병원,13,20260728022259,1644-9118,Y,Y,,,,,,,,0,,,,,,,,,1,0,4,,,,,,,,,,,2,Y,,Y,,,,Y,,Y,Y,,,Y,Y,Y,99,Y,,Y,Y,1,9,N1,18,,1,4,,17,14,10,,,,,,,,,,,,,9,,,5,1,3,2,3,21,6,14,4,2,2,,,488,,,,,,,,,,,,,,,,,Y,Y,A2100039,15
2026-07-28 02:28:43,data_go_kr,경기도,A2100054,효산의료재단지샘병원,12,20260728022047,031-389-3119,,,,,,,,,,,,,,,,,1,,2,,1,,,,,1,,,,,,1,,,Y,,,,Y,,Y,Y,,,Y,Y,N1,40,N1,6,N1,Y,,5,N1,18,,2,1,,,,,,,,,,,,18,1,,,,5,,,2,,2,1,3,11,,,2,,,,,367,,,,,,,,,,,,,,1,,,Y,N1,A2100054,16
2026-07-28 02:28:43,data_go_kr,경기도,A2100048,원광대학교산본병원,16,20260728022306,031-390-2345,,,,,,,,,,,,,,,,,,,1,,2,,,,,,,,,,,,Y,,Y,,,,Y,,Y,Y,,,Y,Y,N1,70,N1,7,N1,Y,,5,N1,17,,1,2,,,,,,,,,,,,12,,,,,5,,,,1,1,1,1,1,,,2,,,,,188,,,,,,,,,,,,,,,,,Y,N1,A2100048,17
2026-07-28 02:28:43,data_go_kr,경기도,A2100053,의료법인우리의료재단김포우리병원,13,20260728022522,031-999-1119,,,,,,,,,,,,,,0,0,0,,,1,,6,,,,,0,,,,,,3,,,Y,,,,Y,,Y,Y,,,Y,Y,Y,21,Y,1,N1,Y,,7,N1,22,,1,6,,,,,,,,,,,,36,1,,,,7,,,11,,2,2,2,48,,,4,1,2,,,477,,,,,,,,,,,0,0,0,,,,Y,N1,A2100053,18
2026-07-28 02:28:43,data_go_kr,경기도,A2100006,의료법인인봉의료재단뉴고려병원,13,20260728022118,031-980-9119,,,,,,,,,,,,,,,,,3,,1,,2,,,,,6,,,,,,,,,Y,,,,Y,,Y,Y,,,Y,Y,N1,59,N1,4,N1,Y,,6,N1,14,,1,2,,,,,,,,,,,,24,10,,,,6,,,,,2,2,2,7,,,1,,,,,278,,,,,,,,,,,,,,3,,,Y,N1,A2100006,19
2026-07-28 02:28:43,data_go_kr,경기도,A2100041,남양주한양병원,17,20260728022445,031-510-0119,,,,,,,,,,,,,,,,,,,1,,2,,,,,10,,,,,,,,,Y,,,,Y,,Y,Y,,,Y,Y,N1,73,N1,4,N1,Y,,,Y,17,,1,2,,,,,,,,,,,,17,23,,,,,,,,,2,2,1,33,,,2,,,,1,244,,,,,,,,,,,,,,,,,Y,N1,A2100041,20
2026-07-28 02:28:43,data_go_kr,경기도,A2100037,현대병원,12,20260728022423,031-574-0114,,,,,,,,,,,,,,,,,,,3,,,,,,,0,,,,,,,,,Y,,,,Y,,Y,Y,,,Y,Y,N1,43,Y,1,N1,Y,,7,N1,17,,3,,,,,,,,,,,,,19,20,,,,7,,,,,2,2,2,50,,,17,,2,,,342,,,,,,,,,,,,,,,,,Y,N1,A2100037,21
2026-07-28 02:28:43,data_go_kr,경기도,A2100055,부천세종병원,14,20260728022510,032-340-1119,Y,Y,,,,,,,,,,,,,,,,,1,,2,0,,,,0,0,,,,,0,Y,,Y,,,,Y,,Y,Y,,,Y,Y,Y,60,Y,1,Y,Y,,6,N1,17,,1,2,2,,,,,,,,,,,20,2,3,,,6,,,6,1,2,1,5,18,1,1,5,4,1,,,268,,,,,,,,,,,,,,,,,Y,Y,A2100055,22
2026-07-28 02:28:43,data_go_kr,경기도,A2100052,가톨릭대학교부천성모병원,19,20260728022508,032-340-2100,Y,Y,,,,,,,,3,,,,,,,3,,2,1,1,,,,,1,,,,,,1,Y,,Y,2,,,Y,,Y,Y,,,Y,Y,Y,80,Y,,Y,Y,9,14,N1,31,,2,1,,16,12,10,,,,18,,,,,4,,,,14,,,4,3,3,3,3,28,4,14,11,1,2,,,562,,,,,,,,,,,,,,3,,,Y,Y,A2100052,23
2026-07-28 02:28:43,data_go_kr,경기도,A2100025,대진의료재단분당제생병원,16,20260728022500,031-779-0119,Y,Y,,,,,,,,3,,,7,,,,,3,1,2,2,,,,,1,,,,,,0,Y,Y,Y,,,,Y,,Y,Y,,,Y,Y,Y,117,Y,,Y,Y,1,9,N1,24,3,1,2,,11,14,3,,,,,,,,,4,,,,9,,,2,2,4,3,3,22,1,5,5,2,3,1,,484,,,,,,,,,,7,,,,,,,Y,Y,A2100025,24
2026-07-28 02:28:43,data_go_kr,경기도,A2116806,성남시의료원,15,20260728022500,031-738-7300,,,,,,,,,,,,,,,,,,6,2,19,4,,,,,2,,,,,,28,,,Y,,,,Y,,Y,Y,,,Y,Y,Y,90,Y,,N1,Y,,8,Y,17,6,2,4,,,25,,,,,,,,,,5,,,,8,,,28,,3,2,2,31,,,6,3,1,,2,241,,,,,,,,,,,,,,,,,Y,N1,A2116806,25
2026-07-28 02:28:43,data_go_kr,경기도,A2117135,의료법인명인의료재단화홍병원,10,20260728022241,031-8021-6829,Y,,,,,,,,,,,,,,,,,,2,,3,,,,,0,,,,,,,,,Y,,,,,,Y,N1,,,N1,Y,Y,42,N1,9,N1,Y,,6,Y,15,,2,3,,,,,,,,,,,,29,1,,,,6,,,,,2,2,,4,1,,,1,,,1,228,,,,,,,,,,,,,,,,,Y,Y,A2117135,26
2026-07-28 02:28:43,data_go_kr,경기도,A2100009,의료법인녹산의료재단동수원병원,14,20260728022537,031-210-0119,,Y,,,,,,,,,,,,,,,,,1,,2,0,,,,0,0,,,,,1,Y,,Y,,,,Y,,Y,Y,,,Y,Y,N1,33,N1,9,Y,Y,,5,N1,17,,1,2,2,,,,,,,,,,,18,3,4,,,5,,,1,1,2,2,1,15,,4,1,,,,,335,,,,,,,,,,,,,,,,,Y,N1,A2100009,27
2026-07-28 02:28:43,data_go_kr,경기도,A2100012,가톨릭대학교성빈센트병원,9,20260728022507,031-249-7370,Y,Y,,,1,1,,,,7,,,,,,,,4,2,8,2,3,,2,5,2,,4,,,7,3,Y,,Y,6,,,Y,,Y,Y,,0,Y,Y,Y,120,Y,,Y,Y,2,19,N1,28,6,2,2,4,20,11,18,,2,,15,,8,8,,5,,6,,19,,30,11,2,5,4,6,52,7,18,12,4,4,,,658,,,1,1,,,,,,,,,,,,,Y,Y,A2100012,28
2026-07-28 02:28:43,data_go_kr,경기도,A2100008,의료법인남촌의료재단시화병원,12,20260728022302,031-5189-0567,,,,,,,,,,,,,,,,,,5,1,,4,,,,,1,,,,,,1,Y,,Y,,,,Y,,Y,Y,,,Y,Y,Y,59,N1,21,N1,Y,,7,N1,16,5,1,5,,,,,,,,,,,,52,1,,,,7,,,1,1,3,3,2,29,,,4,2,,,,461,,,,,,,,,,,,,,,,,Y,N1,A2100008,29
2026-07-28 02:28:43,data_go_kr,경기도,A2100017,대아의료재단한도병원,13,20260728022222,031-8040-1129,,,,,,,,,,,,,,,,,,,1,,2,,,,,1,,,,,,,,,Y,,,,Y,,Y,Y,,,Y,Y,N1,60,N1,11,N1,Y,,6,N1,17,,1,2,,,,,,,,,,,,29,1,,,,6,,,,,3,2,2,15,,,3,,,,,327,,,,,,,,,,,,,,,,,Y,N1,A2100017,30
2026-07-28 02:28:43,data_go_kr,경기도,A2100015,효산의료재단안양샘병원,15,20260728022416,031-467-9119,,,,,,,,,,0,,,,,,,,,1,1,2,,,,,1,,,,,,,,,Y,,,,Y,,Y,Y,,,Y,Y,Y,51,N1,,N1,Y,,6,N1,17,,1,2,,9,9,,,,,,,,,,1,,,,6,,,,,2,1,2,12,,,2,1,,,,307,,,,,,,,,,,,,,,,,Y,N1,A2100015,31
2026-07-28 02:28:43,data_go_kr,경기도,A2100024,오산한국병원,16,20260728022301,031-378-5119,,,,,,,,,,,,,,,,,,,1,,2,2,,,,1,3,,,,,2,,,Y,,,,Y,,Y,Y,,,Y,Y,N1,30,Y,0,N1,Y,,5,N1,17,,1,2,2,,,,,,,,,,,32,1,3,,,5,,,2,,2,2,2,17,,,2,,1,,,259,,,,,,,,,,,,,,,,,Y,N1,A2100024,32
2026-07-28 02:28:43,data_go_kr,경기도,A2100020,연세대학교의과대학용인세브란스병원,2,20260728022220,031-5189-9001,Y,Y,,,,,,,,0,,,,,,,,6,1,7,3,,,,,1,,,,,,2,Y,,Y,,,,Y,,Y,Y,,,Y,Y,Y,97,Y,,Y,Y,0,15,N1,16,6,1,3,,19,16,12,,,,,,,,,2,,,,15,,,4,2,3,3,4,31,6,18,6,3,4,,,597,,,,,,,,,,,,,,,,,Y,Y,A2100020,33
2026-07-28 02:28:43,data_go_kr,경기도,A2100029,강남병원,14,20260728022525,031-300-0119,,,,,,,,,,,,,,,,,,,1,,2,2,,,,1,2,,,,,,,,Y,,,,,,Y,N1,,,Y,Y,N1,18,N1,15,N1,Y,,4,N1,17,,1,2,2,,,,,,,,,,,30,1,3,,,4,,,,,2,2,,7,,,2,,,,,264,,,,,,,,,,,,,,,,,Y,N1,A2100029,34
2026-07-28 02:28:43,data_go_kr,경기도,A2100019,(의)영문의료재단다보스병원,11,20260728022346,031-8021-2130,,,,,,,,,,,,,,,,,4,,1,,2,1,,,,1,1,,,,,,,,Y,,,,,,Y,N1,,,Y,Y,N1,32,N1,5,N1,Y,,6,N1,13,,1,2,2,,,,,,,,,,,23,1,3,,,6,,,,,1,1,,7,,,2,,,,,222,,,,,,,,,,,,,,4,,,Y,N1,A2100019,35
2026-07-28 02:28:43,data_go_kr,경기도,A2117994,학교법인을지학원의정부을지대학교병원,28,20260728022101,031-8074-0119,Y,Y,,,,,,,,2,,,,,,,8,6,1,0,2,,,,,2,,,,,5,1,Y,,Y,,0,0,Y,,Y,Y,,,Y,Y,Y,167,Y,,Y,Y,3,12,N1,30,6,1,2,,29,22,5,,,,,,,,,2,,,,14,,22,6,8,3,3,4,48,5,5,6,3,2,,,588,,,,,,,,,,,,,,8,0,0,Y,Y,A2117994,36
2026-07-28 02:28:43,data_go_kr,경기도,A2100193,경기도의료원이천병원,15,20260728022402,031-630-4333,,,,,,,,,,,,,,,,,,,1,,2,2,,,,2,1,,,,,6,,,Y,,,,,,Y,N1,,,N1,Y,N1,44,N1,1,N1,Y,,4,N1,17,,1,2,2,,,,,,,,,,,6,2,3,,,4,,,6,,1,1,,8,,,,,,,,187,,,,,,,,,,,,,,,,,Y,N1,A2100193,37
2026-07-28 02:28:43,data_go_kr,경기도,A2100035,경기도의료원파주병원,12,20260728022402,031-940-9119,,,,,,,,,,,,,,,,,,,1,,2,0,,,,,0,,,,,,Y,,Y,,,,,,Y,N1,,,N1,Y,N1,90,N1,2,N1,Y,,3,N1,17,,1,2,2,,,,,,,,,,,8,,3,,,3,,,,1,1,1,,9,,,,,,,,189,,,,,,,,,,,,,,,,,Y,N1,A2100035,38
2026-07-28 02:28:43,data_go_kr,경기도,A2100028,의료법인백송의료재단굿모닝병원,12,20260728022406,031-5182-7582,,,,,,,,,,,,,,,,,3,,2,,1,,,,,0,,,,,,,,,Y,,,,Y,,Y,Y,,,Y,Y,Y,68,N1,0,N1,Y,,7,Y,19,,2,1,,,,,,,,,,,,27,3,,,,7,,,,,5,3,3,23,,,5,3,,,1,392,,,,,,,,,,,,,,6,,,Y,N1,A2100028,39
2026-07-28 02:28:43,data_go_kr,경기도,A2113246,의료법인양진의료재단평택성모병원,14,20260728022534,070-5012-0119,,,,,,,,,,,,,,,,0,,,1,,2,2,,,,2,0,,,,,,,,Y,,,,Y,,Y,Y,,,Y,Y,N1,36,N1,12,N1,Y,,6,N1,17,,1,2,2,,,,,,,,,,,34,2,3,,,6,,,,,3,3,2,8,,,2,,,,,329,,,,,,,,,,,,,0,,,,Y,N1,A2113246,40
2026-07-28 02:28:43,data_go_kr,경기도,A2100031,경기도의료원포천병원,17,20260728022502,031-539-9119,,Y,,,,,,,,,,,,,,,,,1,,2,,,,,0,,,,,,0,Y,,Y,,,,,,Y,N1,,,N1,Y,N1,39,N1,2,Y,Y,,4,N1,17,,1,2,,,,,,,,,,,,10,0,,,,4,,,3,3,1,1,,7,,2,,,,,,137,,,,,,,,,,,,,,,,,Y,N1,A2100031,41
2026-07-28 02:28:43,data_go_kr,경기도,A2100046,한림대학교동탄성심병원,26,20260728022432,031-8086-2119,Y,Y,3,0,,,,,,12,,,,,,,,9,,2,,,,,1,6,,,,,,4,Y,Y,Y,,,,Y,,Y,Y,6,,Y,Y,Y,136,Y,,Y,Y,11,20,Y,32,9,,,,28,13,13,,,13,,,9,,,11,,,,20,,,11,1,6,3,6,51,8,16,17,5,5,1,1,515,3,0,,,,,,,,,,,,,,,Y,Y,A2100046,42
2026-07-28 02:28:43,data_go_kr,경기도,A2100290,의료법인자인의료재단(더자인병원),16,20260728022529,031-930-3119,,,,,,,,,,,,,,,,,,,2,,2,0,,,,1,1,,,,,,,,Y,,,,Y,,Y,Y,,,Y,Y,N1,74,N1,4,N1,N,,5,N1,16,,2,2,2,,,,,,,,,,,10,2,3,,,5,,,,,2,2,1,15,,,1,,,,,233,,,,,,,,,,,,,,,,,Y,N1,A2100290,43
2026-07-28 02:28:43,data_go_kr,경기도,A2100049,국립암센터,14,20260728022400,031-920-0119,,N,,,,,,,,,,,,,,,,,,,1,,,,,7,,,,,,,,,Y,,,,Y,,Y,Y,,,Y,Y,Y,75,Y,11,N,Y,,18,N1,24,,,1,,,,,,,,,,,,19,9,,,,18,,,,,7,5,3,29,,1,8,2,7,,,554,,,,,,,,,,,,,,,,,Y,N1,A2100049,44
2026-07-28 02:28:43,data_go_kr,경기도,A2116972,의료법인성광의료재단일산차병원,6,20260728022219,031-782-8587,Y,Y,,,,,,,,,,,,,,,,,,,2,,,,,1,,,,,,1,Y,,,,,,,,Y,N1,,,N1,N1,N1,50,N1,4,Y,N1,0,10,N1,6,,,4,,,,17,,,,,,,,4,1,,,,10,,,1,9,,,,4,11,19,,,,,,179,,,,,,,,,,,,,,,,,Y,Y,A2116972,45
2026-07-28 02:28:43,data_go_kr,경기도,A2118188,엘병원,8,20260728022511,031-527-6119,,,,,,,,,,,,,,,,,,,,,2,,,,,0,,,,,,1,,,Y,,,,,,Y,N1,,,N1,Y,N1,51,N1,5,N1,Y,,3,N1,8,,,2,,,,,,,,,,,,8,1,,,,3,,,1,,1,1,,2,,,,,,,,146,,,,,,,,,,,,,,,,,Y,N1,A2118188,46
2026-07-28 02:28:43,data_go_kr,경기도,A2100050,의료법인대인의료재단다니엘종합병원,6,20260728022503,032-670-0119,,,,,,,,,,,,,,,,,,,1,,3,,,,,1,,,,,,,,,Y,,,,,,Y,N1,,,N,Y,N1,36,N1,8,N1,Y,,3,N1,6,,1,3,,,,,,,,,,,,30,1,,,,3,,,,,1,1,,17,,,1,,,,,169,,,,,,,,,,,,,,,,,Y,N1,A2100050,47
2026-07-28 02:28:43,data_go_kr,경기도,A2100258,국군수도병원,16,20260728022513,031-725-6119,,,,,,,,,,,,,,2,6,,,,0,,,,,,,1,,,12,,2,,,,Y,,,,Y,14,Y,Y,,,Y,Y,Y,101,N1,9,N1,Y,,9,N1,16,,2,,,,,,,,,,20,,,12,1,,,40,9,,15,,,3,4,2,2,,,5,2,,,,530,,,,,,,,,,,2,6,,,,,Y,N1,A2100258,48
2026-07-28 02:28:43,data_go_kr,경기도,A2100016,순천의료재단성남정병원,9,20260728022133,031-750-6003,,,,,,,,,,,,0,,,27,,,,2,,,,,,,,,,,,,,,,Y,,,,,,Y,N1,,,N1,Y,N1,76,N1,,N1,Y,,4,N1,9,,2,,,,,,,,,,,,,,,,,,4,,,,,1,1,,1,,,,,,,,98,,,,,,,,,0,,,105,,,,,Y,N1,A2100016,49
2026-07-28 02:28:43,data_go_kr,경기도,A2121061,의료법인덕산의료재단수원덕산병원,21,20260728022503,031-686-2911,N,Y,,,,,,,,,,,,,,,,3,1,,2,2,,,,2,2,,,,,0,Y,,Y,,,,Y,,Y,Y,,,Y,Y,Y,75,N1,9,Y,Y,,9,N1,24,3,1,2,2,,,,,,,,,,,22,3,4,,,9,,,5,5,3,2,2,15,N,2,5,2,,,,403,,,,,,,,,,,,,,,,,Y,N,A2121061,50
2026-07-28 02:28:43,data_go_kr,경기도,A2100032,경기도의료원수원병원,6,20260728022501,031-888-0119,,,,,,,,,,,,,,,,,3,,,,2,,,,,,,,,,,2,,,Y,,,,,,Y,N1,,,N1,Y,N1,45,N1,5,N1,Y,,3,N1,8,,,2,,,,,,,,,,,,9,,,,,3,,,2,,1,1,,9,,,,,,,,156,,,,,,,,,,,,,,3,,,Y,N1,A2100032,51
2026-07-28 02:28:43,data_go_kr,경기도,A2100175,의료법인토마스의료재단윌스기념병원,13,20260728022259,031-240-6119,,,,,,,,,,,,,,,,,,,1,,2,2,,,,0,3,,,,,,Y,,Y,,,,Y,,Y,Y,,,Y,Y,N1,42,N1,9,N1,Y,,10,N1,18,,1,2,2,,,,,,,,,,,18,1,3,,,10,,,,1,1,4,1,1,,,1,,,,,282,,,,,,,,,,,,,,,,,Y,N1,A2100175,52
2026-07-28 02:28:43,data_go_kr,경기도,A2100027,의료법인석경의료재단센트럴병원,18,20260728022441,031-8041-3019,,,,,,,,,,,,,,,,,,,1,,2,,,,,,,,,,,,,,Y,,,,,,Y,N1,,,Y,Y,N1,87,N1,4,N1,Y,,3,N1,18,,1,2,,,,,,,,,,,,20,,,,,3,,,,,2,2,,7,,,2,,,,,255,,,,,,,,,,,,,,,,,Y,N1,A2100027,53
2026-07-28 02:28:43,data_go_kr,경기도,A2100013,의료법인 록향의료재단 신천연합병원,9,20260728022502,031-310-6661,,,,,,,,,,,,,,,,,,,,,1,,,,,0,,,,,,,,,Y,,,,,,Y,N1,,,Y,Y,N1,26,N1,1,N1,Y,,3,N1,10,,,1,,,,,,,,,,,,6,1,,,,3,,,,,1,1,,4,,,1,,,,,112,,,,,,,,,,,,,,,,,Y,N1,A2100013,54
2026-07-28 02:28:43,data_go_kr,경기도,A2100021,의료법인플러스의료재단단원병원,17,20260728022553,031-8040-5911,,,,,,,,,,,,,1,,,,,,1,,2,,,,,1,,,,,,,,,Y,,,,Y,,Y,Y,,,Y,Y,Y,57,N1,7,N1,Y,,5,N1,17,,1,2,,,,,,,,,,,,27,1,,,,5,,,,,1,1,2,8,,,2,1,,,,342,,,,,,,,,,1,,,,,,,Y,N1,A2100021,55
2026-07-28 02:28:43,data_go_kr,경기도,A2100014,근로복지공단안산병원,5,20260728022400,031-500-1119,,,,,,,,,,,,,,,,,,,,,1,,,,,1,,,,,,0,,,Y,,,,,,Y,N1,,,N1,Y,N1,74,N1,11,N1,Y,,3,N1,7,,,1,,,,,,,,,,,,18,1,,,,3,,,2,,1,1,,14,,,,,,,,359,,,,,,,,,,,,,,,,,Y,N1,A2100014,56
2026-07-28 02:28:43,data_go_kr,경기도,A2100124,의료법인칠석의료재단사랑의병원,12,20260728022215,031-502-0119,,,,,,,,,,,,,,,,,,,1,,,,,,,,,,,,,,,,Y,,,,,,Y,N1,,,Y,Y,N1,29,N1,4,N1,Y,,5,N1,13,,1,,,,,,,,,,,,,14,,,,,5,,,,,2,2,,8,,,1,,,,,206,,,,,,,,,,,,,,,,,Y,N1,A2100124,57
2026-07-28 02:28:43,data_go_kr,경기도,A2100045,경기도의료원안성병원,13,20260728022501,031-8046-5119,,,,,,,,,,,,,,,,,,,1,,,,,,,1,,,,,,8,,,Y,,,,,,Y,N1,,,N1,Y,N1,49,N1,6,N1,Y,,5,N1,14,,1,,,,,,,,,,,,,13,2,,,,5,,,8,,1,1,,8,,,,,,,,178,,,,,,,,,,,,,,,,,Y,N1,A2100045,58
2026-07-28 02:28:43,data_go_kr,경기도,A2100305,안성성모병원,9,20260728022507,031-675-8275,,,,,,,,,,,,,,,,,,,,,1,,,,,,,,,,,,,,Y,,,,,,Y,N1,,,N1,Y,N1,81,N1,0,N1,Y,,3,N1,9,,,1,,,,,,,,,,,,20,,,,,3,,,,,1,1,,7,,,,,,,,188,,,,,,,,,,,,,,,,,Y,N1,A2100305,59
2026-07-28 02:28:43,data_go_kr,경기도,A2100089,양평병원,8,20260728022001,031-770-5119,N,N,,,,,,,,,,,,,,,,,,,1,,,,,,,,,,,,N,N,Y,,,,N,,Y,N,,,N,Y,N,11,N,,N,Y,,3,N,9,,,1,,,,,,,,,,,,,,,,,3,,,,0,1,1,0,1,0,0,0,0,0,0,0,90,,,,,,,,,,,,,,,,,Y,N,A2100089,60
2026-07-28 02:28:43,data_go_kr,경기도,A2100194,세종여주병원,3,20260728022427,031-880-7754,,,,3,,,,,,,,,,,,,3,,,,4,,,,,,,,,,,,,,Y,,,,,,Y,N1,,,Y,Y,N1,109,N1,,N1,Y,,2,N1,6,,,4,,,,,,,,,,,,,,,,,2,,,,,1,1,,4,,,2,,,,,210,,3,,,,,,,,,,,,3,,,Y,N1,A2100194,61
2026-07-28 02:28:43,data_go_kr,경기도,E2100187,연천군보건의료원,10,20260728022323,031-839-4119,,,,,,,,,,,,,,,,,,,,,,,,,,,,,,,,,,,Y,,,,,,Y,N1,,,N1,Y,N1,51,N1,,N1,N1,,2,N1,10,,,,,,,,,,,,,,,,,,,,2,,,,,1,,,1,,,,,,,,52,,,,,,,,,,,,,,,,,Y,N1,E2100187,62
2026-07-28 02:28:43,data_go_kr,경기도,A2100122,(의)효심의료재단용인서울병원,10,20260728022333,031-336-0119,,,,,,,,,,,,,,,,,,,,,,,,,,,,,,,,,,,Y,,,,,,Y,N1,,,N1,Y,N1,140,N1,,N1,Y,,3,N1,10,,,,,,,,,,,,,,,,,,,,3,,,,,1,1,,1,,,,,,,,201,,,,,,,,,,,,,,,,,Y,N1,A2100122,63
2026-07-28 02:28:43,data_go_kr,경기도,A2121142,메디필드한강병원,17,20260728022235,031-332-1119,,,,,,,,,,,,,,,,,,,1,,2,,,,,1,,,,,,1,,,Y,,,,Y,,Y,Y,,,Y,Y,N1,154,N1,6,N1,Y,,6,N1,17,,1,2,,,,,,,,,,,,15,1,,,,6,,,1,,3,2,1,13,,,2,,,,,192,,,,,,,,,,,,,,,,,Y,N1,A2121142,64
2026-07-28 02:28:43,data_go_kr,경기도,A2100034,의료법인영동의료재단의정부백병원,10,20260728022432,031-842-1211,,,,,,,,,,,,,,,,,,,,,2,,,,,,,,,,,,,,Y,,,,,,Y,N1,,,N1,Y,N1,96,N1,0,N1,Y,,3,N1,10,,,2,,,,,,,,,,,,9,,,,,3,,,,,1,1,,1,,,,,,,,192,,,,,,,,,,,,,,,,,Y,N1,A2100034,65
2026-07-28 02:28:43,data_go_kr,경기도,A2100150,추병원,12,20260728022341,031-845-8313,,,,,,,,,,,,,,,,,,,1,,1,,,,,,,,,,,,,,Y,,,,Y,,Y,Y,,,N1,Y,N1,54,N1,2,N1,N,,3,N1,12,,1,1,,,,,,,,,,,,15,,,,,3,,,,,2,1,1,1,,,,,,,,210,,,,,,,,,,,,,,,,,Y,N1,A2100150,66
2026-07-28 02:28:43,data_go_kr,경기도,A2100043,경기도의료원의정부병원,9,20260728022501,031-828-5119,,,,,,,,,,,,,,,,0,,,1,,,,,,,,,,,,29,3,,,Y,,,,,,Y,N1,,,N1,Y,N1,31,N1,3,N1,Y,,3,N1,10,,1,,,,,,,,,,,,,6,,,,,3,,70,5,,1,1,,8,,,,,,,,86,,,,,,,,,,,,,0,,,,Y,N1,A2100043,67
2026-07-28 02:28:43,data_go_kr,경기도,A2100131,메디인병원,12,20260728022532,031-570-7912,,,,,,,,,,,,,,,,,,,,,2,,,,,,,,,,,,,,Y,,,,Y,,Y,Y,,,N1,Y,N1,57,N1,,N1,Y,,4,N1,12,,,2,,,,,,,,,,,,,,,,,4,,,,,1,1,1,2,,,,,,,,206,,,,,,,,,,,,,,,,,Y,N1,A2100131,68
2026-07-28 02:28:43,data_go_kr,경기도,A2100309,의료법인갈렌의료재단박병원,10,20260728022507,031-662-4119,,,,,,,,,,,,,,,,,,,,,1,,,,,,,,,,,,,,Y,,,,,,Y,N1,,,N1,Y,N1,34,N1,0,N1,Y,,2,N1,10,,,1,,,,,,,,,,,,10,,,,,2,,,,,1,2,,3,,,,,,,,143,,,,,,,,,,,,,,,,,Y,N1,A2100309,69
2026-07-28 02:28:43,data_go_kr,경기도,A2100022,의료법인박애의료재단박애병원,9,20260728022302,031-650-9219,,,,,,,,,,,,,,,,,,,,,1,,,,,,,,,,,,,,Y,,,,,,Y,N1,,,Y,Y,N1,110,N1,8,N1,Y,,5,N1,10,,,1,,,,,,,,,,,,10,,,,,5,,,,,2,1,,20,,,2,,,,,193,,,,,,,,,,,,,,,,,Y,N1,A2100022,70
2026-07-28 02:28:43,data_go_kr,경기도,A2100036,의료법인 일심의료재단 포천우리병원,16,20260728022155,031-541-8282,,,,,,,,,,,,,,,,,,,1,,3,,,,,2,,,,,,2,,,Y,,,,Y,,Y,Y,,,Y,Y,N1,68,N1,8,N1,Y,,5,N1,18,,1,3,,,,,,,,,,,,18,2,,,,5,,,2,,2,2,1,14,,,3,,,,,201,,,,,,,,,,,,,,,,,Y,N1,A2100036,71
2026-07-28 02:28:43,data_go_kr,경기도,A2100018,의료법인은혜와감사의료재단화성중앙종합병원,8,20260728022255,031-371-7998,,,,,,,,,,,,,,,,,,,,,1,,,,,,,,,,,,,,Y,,,,,,Y,N1,,,N1,Y,N1,81,N1,4,N1,Y,,3,N1,9,,,1,,,,,,,,,,,,8,,,,,3,,,,,1,1,,3,,,,,,,,131,,,,,,,,,,,,,,,,,Y,N1,A2100018,72
2026-07-28 02:28:43,data_go_kr,경기도,A2115699,의료법인원광의료재단원광종합병원,8,20260728021412,031-8077-7219,,,,,,,,,,,,,,,,,,,1,,,,,,,,,,,,,,,,Y,,,,,,Y,N1,,,N1,Y,N1,8,N1,-2,N1,Y,,4,N1,9,,1,,,,,,,,,,,,,9,,,,,4,,,,,1,2,,4,,,,,,,,135,,,,,,,,,,,,,,,,,Y,N1,A2115699,73
2026-07-28 02:28:43,data_go_kr,강원특별자치도,A2200008,강릉아산병원,12,20260728022515,033-610-3333,Y,Y,,,,,0,1,,0,,,,,,,,3,2,1,3,1,,,,,0,,,,,,Y,,Y,,,,Y,,Y,Y,,,Y,Y,Y,28,Y,,Y,Y,7,15,Y,23,3,2,3,18,14,16,13,,,,,,,,,,38,,,15,,,,2,4,3,4,33,8,12,8,5,1,,2,604,,,,,1,6,,,,,,,,,,,Y,Y,A2200008,1
2026-07-28 02:28:43,data_go_kr,강원특별자치도,A2200001,연세대학교원주세브란스기독병원,22,20260728022002,033-741-1641,Y,Y,2,23,,,0,,,3,,,,,,,,3,2,4,3,5,,,,,12,,6,2,6,,Y,,Y,3,2,6,Y,5,Y,Y,,,Y,Y,Y,80,Y,,Y,Y,5,15,Y,29,3,2,3,20,15,12,19,,,,15,20,,,,,30,,40,15,2,24,,2,5,4,7,100,12,25,16,7,13,,4,584,4,36,,,2,,,,,,,,,,2,6,Y,Y,A2200001,2
2026-07-28 02:28:43,data_go_kr,강원특별자치도,A2200013,한림대학교춘천성심병원,18,20260728022218,033-240-5219,Y,Y,2,3,,,,0,,,,,,,,,,3,,,,2,,,,0,22,,,,,0,Y,Y,Y,,,,Y,,Y,Y,0,,Y,Y,Y,66,Y,6,Y,Y,,9,Y,22,3,,,20,,,,,,8,,,,,20,2,45,,,9,,,2,1,2,2,3,33,1,4,6,2,1,1,1,252,2,3,,,,2,,,,,,,,,,,Y,Y,A2200013,3
2026-07-28 02:28:43,data_go_kr,강원특별자치도,A2200005,의료법인강릉동인병원,15,20260728022530,033-650-6105,,,,,,,,,,3,,,,,,,,,1,,2,,,,,2,,,,,9,,,,Y,,,,Y,,Y,Y,,,Y,Y,N1,69,N1,0,N1,Y,,5,N1,17,,1,2,,12,,,,,,,,,,12,2,,,,5,,101,,,2,1,1,14,,,1,,,,,248,,,,,,,,,,,,,,,,,Y,N1,A2200005,4
2026-07-28 02:28:43,data_go_kr,강원특별자치도,A2200007,강원특별자치도삼척의료원,15,20260728022002,033-571-0431,,Y,,,,,,,,,,,,,,,,1,2,,1,1,,,,0,3,,,,,6,Y,,Y,,,,,,Y,N1,,,Y,Y,N1,51,N1,0,Y,Y,,4,N1,16,1,2,1,2,,,,,,,,,,,6,2,3,,,4,,,10,1,1,1,,3,,3,1,,,,,189,,,,,,,,,,,,,,,,,Y,N1,A2200007,5
2026-07-28 02:28:43,data_go_kr,강원특별자치도,A2200012,강원특별자치도속초의료원,17,20260728022501,,Y,Y,,,,,,,,,,,,,,,,,2,,1,,,,,,,,,,,,Y,,Y,,,,,,Y,N1,,,N1,Y,N1,67,N1,0,Y,Y,,3,N1,17,,2,1,,,,,,,,,,,,8,,,,,3,,,,2,1,1,,7,1,1,,,,,,154,,,,,,,,,,,,,,,,,Y,Y,A2200012,6
2026-07-28 02:28:43,data_go_kr,강원특별자치도,A2200009,강원대학교병원,12,20260728022500,033-258-2293,Y,Y,,,,,0,,,4,,,,,,,,3,2,,3,0,4,,4,0,,,,,3,12,Y,,Y,1,,,Y,,Y,Y,,,Y,Y,Y,232,Y,,Y,Y,4,11,N1,21,3,2,3,5,10,,15,8,,,8,,8,,,2,,,,11,,16,14,3,4,2,4,43,13,24,12,3,10,,,508,,,,,0,,,,,,,,,,,,Y,Y,A2200009,7
2026-07-28 02:28:43,data_go_kr,강원특별자치도,A2200011,강원특별자치도강릉의료원,4,20260728022501,033-610-1234,,,,,,,,,,,,,,,,20,,,,,1,,,,,,,,,,,5,,,Y,,,,,,Y,N1,,,N1,Y,N1,14,N1,0,N1,Y,,2,N1,5,,,1,,,,,,,,,,,,8,,,,,2,,,5,,1,1,,4,,,,,,,,122,,,,,,,,,,,,,20,,,,Y,N1,A2200011,8
2026-07-28 02:28:43,data_go_kr,강원특별자치도,A2200003,의료법인동해동인병원,9,20260728022441,033-530-0129,,,,,,,,,,,,,,,,,,,,,1,,,,,1,,,,,57,,,,Y,,,,,,Y,N1,,,N1,Y,N1,19,N1,8,N1,Y,,2,N1,10,,,1,,,,,,,,,,,,19,1,,,,2,,110,,,1,1,,7,,,,,,,,178,,,,,,,,,,,,,,,,,Y,N1,A2200003,9
2026-07-28 02:28:43,data_go_kr,강원특별자치도,A2200046,의료법인온세움의료재단온재병원,7,20260728022502,033-639-8988,,,,,,,,,,,,,,,,,,,,,1,,,,,,,,,,29,,,,Y,,,,,,Y,N1,,,N1,Y,N1,30,N1,0,N1,Y,,4,N1,9,,,1,,,,,,,,,,,,15,,,,,4,,59,,,1,1,,5,,,,,,,,219,,,,,,,,,,,,,,,,,Y,N1,A2200046,10
2026-07-28 02:28:43,data_go_kr,강원특별자치도,A2200037,의료법인성심의료재단양구성심병원,5,20260728022520,033-480-8816,,Y,,,,,,,,,,,,,,,,,1,,,,,,,,,,,,,,Y,,Y,,,,,,Y,N1,,,N1,Y,N1,39,N1,,Y,N1,,,N1,5,,1,,,,,,,,,,,,,,,,,,,,,,1,1,,,1,,1,,,,,,52,,,,,,,,,,,,,,,,,Y,N1,A2200037,11
2026-07-28 02:28:43,data_go_kr,강원특별자치도,A2200002,강원특별자치도영월의료원,8,20260728022001,033-370-9129,,Y,,,,,,,,,,,,,,,1,,,,,,,,,0,,,,,,2,Y,,Y,,,,,,Y,N1,,,N1,Y,N1,51,N1,0,Y,Y,,2,N1,9,,,,,,,,,,,,,,,10,2,,,,2,,,2,1,1,1,,7,,3,,,,,,174,,,,,,,,,,,,,,1,,,Y,N1,A2200002,12
2026-07-28 02:28:43,data_go_kr,강원특별자치도,A2200015,강원특별자치도원주의료원,14,20260728022502,033-760-4701,,,,,,,,,,,,,,,,,,,1,,2,,,,,,,,,,,,,,Y,,,,,,Y,N1,,,N1,Y,N1,44,N1,3,N1,Y,,3,N1,17,,1,2,,,,,,,,,,,,20,,,,,3,,,,,1,1,,7,,,,,,,,259,,,,,,,,,,,,,,,,,Y,N1,A2200015,13
2026-07-28 02:28:43,data_go_kr,강원특별자치도,A2200024,의료법인성지의료재단성지병원,3,20260728021629,033-760-3119,,,,,,,,,,,,,,,,13,,,,,1,,,,,,,,,,,,,,Y,,,,,,Y,N1,,,N1,Y,N1,-79,N1,9,N1,Y,,4,N1,7,,,1,,,,,,,,,,,,9,,,,,4,,,,,1,2,,4,,,,,,,,135,,,,,,,,,,,,,13,,,,Y,N1,A2200024,14
2026-07-28 02:28:43,data_go_kr,강원특별자치도,A2200048,근로복지공단정선병원,5,20260728022200,033-560-7150,,,,,,,,,,,,,,,,,,,,,1,,,,,,,,,,,,,,Y,,,,,,Y,N1,,,N1,Y,N1,29,N1,,N1,N1,,,N1,5,,,1,,,,,,,,,,,,,,,,,,,,,,1,,,3,,,,,,,,149,,,,,,,,,,,,,,,,,Y,N1,A2200048,15
2026-07-28 02:28:43,data_go_kr,강원특별자치도,A2201730,철원병원,5,20260728022001,033-452-5012,N,Y,,,,,,,,,,,,,,,,,1,,,,,,,,,,,,,,Y,N,Y,,,,N,,Y,N,,,N,Y,N,36,N,,Y,Y,,2,N,5,,1,,,,,,,,,,,,,,,,,,2,,,,1,1,1,0,1,0,1,0,0,0,0,0,68,,,,,,,,,,,,,,,,,Y,N,A2201730,16
2026-07-28 02:28:43,data_go_kr,강원특별자치도,A2200004,근로복지공단태백병원,8,20260728022400,033-580-3119,,,,,,,,,,,,,,,,,,,1,,,,,,,1,,,,,,,Y,,Y,,,,,,Y,N1,,,N1,Y,N1,45,N1,5,N1,Y,,2,N1,9,,1,,,,,,,,,,,,,9,1,,,,2,,,,1,1,1,,8,,,,,,,,223,,,,,,,,,,,,,,,,,Y,N1,A2200004,17
2026-07-28 02:28:43,data_go_kr,강원특별자치도,E2200026,평창군보건의료원,6,20260728022501,033-330-4812,,,,,,,,,,,,,,,,,,,,,1,,,,,,,,,,,,,,Y,,,,,,Y,N1,,,N1,Y,N1,20,N1,,N1,N1,,,N1,6,,,1,,,,,,,,,,,,,,,,,,,,,,1,,,1,,,,,,,,20,,,,,,,,,,,,,,,,,Y,N1,E2200026,18
2026-07-28 02:28:43,data_go_kr,강원특별자치도,A2200014,홍천아산병원,10,20260728022000,033-430-5119,,,,,,,,,,,,,,,,,,,,,,,,,,,,,,,,,,,Y,,,,,,Y,N1,,,N1,Y,N1,6,N1,0,N1,Y,,2,N1,10,,,,,,,,,,,,,,,7,,,,,2,,,,,1,1,,4,,,,,,,,128,,,,,,,,,,,,,,,,,Y,N1,A2200014,19
2026-07-28 02:28:43,data_go_kr,강원특별자치도,E2200025,화천군보건의료원,7,20260728022500,033-440-2880,,,,,,,,,,,,,,,,,,,,,1,,,,,,,,,,,,,,,,,,,,Y,N1,,,N1,N1,N1,16,N1,,N1,N1,,,N1,7,,,1,,,,,,,,,,,,,,,,,,,,,,,,,1,,,,,,,,16,,,,,,,,,,,,,,,,,Y,N1,E2200025,20
2026-07-28 02:28:43,data_go_kr,강원특별자치도,A2200016,횡성대성병원,8,20260728022455,033-345-1191,,,,,,,,,,,,,,,,,,,,,1,,,,,,,,,,,,,,Y,,,,,,Y,N1,,,N1,Y,N1,31,N1,,N1,Y,,1,N1,9,,,1,,,,,,,,,,,,,,,,,1,,,,,1,1,,1,,,,,,,,114,,,,,,,,,,,,,,,,,Y,N1,A2200016,21
2026-07-28 02:28:43,data_go_kr,충청북도,A2300001,충북대학교병원,22,20260728022500,043-269-6114,Y,Y,2,3,,,,0,,2,,,,,,,,4,,,,6,,,,1,29,,11,2,5,13,Y,,Y,,2,6,Y,17,Y,Y,3,,Y,Y,Y,139,Y,7,Y,Y,13,16,N1,30,8,,,18,8,,25,,,4,,20,,,17,5,40,,40,16,2,21,13,2,4,4,6,98,13,31,18,10,17,,,547,2,3,,,,2,,,,,,,,,2,6,Y,Y,A2300001,1
2026-07-28 02:28:43,data_go_kr,충청북도,A2300009,의료법인명지의료재단명지병원,17,20260728022515,043-640-8117,,,,,,,,,,,,,,,,,,3,2,,4,2,,,,3,,,,,,,,,Y,,,,Y,,Y,Y,,,Y,Y,Y,57,N1,7,N1,Y,,3,N1,18,3,2,4,2,,,,,,,,,,,15,3,,,,3,,,,,2,1,1,10,,,2,1,,,,201,,,,,,,,,,,,,,,,,Y,N1,A2300009,2
2026-07-28 02:28:43,data_go_kr,충청북도,A2300005,의료법인자산의료재단제천서울병원,13,20260728022056,043-643-2327,,,,,,,,,,,,,,,,,,,1,,4,,,,,,3,,,,,,,,Y,,,,,,Y,N1,,,Y,Y,N1,19,N1,1,N1,Y,,3,Y,15,,1,4,,,,,,,,,,,,11,,5,,,3,,,,,1,1,,10,,,1,,,,1,202,,,,,,,,,,,,,,,,,Y,N1,A2300005,3
2026-07-28 02:28:43,data_go_kr,충청북도,A2300013,의료법인 건명의료재단 중앙제일병원,14,20260728022045,043-537-9119,,,,,,,,,,,,,,,,,,,3,,,,,,,4,,,,,,31,,,Y,,,,,,Y,N1,,,Y,Y,N1,64,N1,2,N1,Y,,5,N1,17,,3,,,,,,,,,,,,,12,6,,,,5,,,31,,2,2,,6,,,1,,,,,192,,,,,,,,,,,,,,,,,Y,N1,A2300013,4
2026-07-28 02:28:43,data_go_kr,충청북도,A2300007,의료법인인화재단한국병원,12,20260728022316,043-222-6177,,Y,,,,,,,,,,,,,,,3,,1,,2,,,,,1,,,,,,1,Y,,Y,,,,Y,,Y,Y,,,Y,Y,N1,50,N1,3,Y,Y,,8,N1,14,,1,2,,,,,,,,,,,,24,1,,,,8,,,1,1,3,3,2,18,,1,3,,,,,403,,,,,,,,,,,,,,3,,,Y,N1,A2300007,5
2026-07-28 02:28:43,data_go_kr,충청북도,A2300003,의료법인정산의료재단효성병원,15,20260728021932,043-221-2192,,N,,,,,,,,,,,,,,,,,1,,4,0,,,,0,0,,,,,,Y,,Y,,,,Y,,Y,Y,,,Y,Y,N1,61,N1,0,N,Y,,4,Y,18,,1,4,2,,,,,,,,,,,27,2,3,,,4,,,,1,3,4,2,19,,1,2,,,,1,363,,,,,,,,,,,,,,,,,Y,N1,A2300003,6
2026-07-28 02:28:43,data_go_kr,충청북도,A2300008,청주성모병원,12,20260728022509,043-219-8119,,Y,,,,,,,,5,,,,,,,,,2,5,5,2,,,,1,4,,,,,5,Y,,Y,,,,Y,,Y,Y,,,Y,Y,N1,127,N1,,Y,Y,,8,N1,15,,2,5,2,13,12,,,,,,,,,,1,4,,,8,,,30,1,3,2,2,19,,2,2,,,,,358,,,,,,,,,,,,,,,,,Y,N1,A2300008,7
2026-07-28 02:28:43,data_go_kr,충청북도,A2300002,의료법인한마음의료재단하나병원,7,20260728022224,043-230-6594,,,,,,,,,,,,,,,,,9,,1,,2,,,,,2,,,,,,,,,Y,,,,Y,,Y,Y,,,Y,Y,N1,115,N1,7,N1,Y,,7,Y,11,,1,2,,,,,,,,,,,,24,2,,,,7,,,,,3,3,2,20,,,4,,,,1,463,,,,,,,,,,,,,,9,,,Y,N1,A2300002,8
2026-07-28 02:28:43,data_go_kr,충청북도,A2300010,건국대학교충주병원,19,20260728022501,043-840-8330,Y,Y,,,,,,,,,,,,,,,,,1,,2,,,,,,,,,,,0,Y,,Y,,,,Y,,Y,Y,,,Y,Y,Y,59,N1,5,Y,Y,,5,N1,20,,1,2,,,,,,,,,,,,18,,,,,5,,,1,1,2,1,2,11,1,4,3,1,,,,194,,,,,,,,,,,,,,,,,Y,Y,A2300010,9
2026-07-28 02:28:43,data_go_kr,충청북도,A2300034,의료법인대광의료재단괴산성모병원,9,20260728022511,043-830-5419,,,,,,,,,,,,,,,,,,,,,0,,,,,,,,,,,,,,Y,,,,,,Y,N1,,,N1,Y,N1,8,N1,,N1,Y,,1,N1,9,,,1,,,,,,,,,,,,,,,,,1,,,,,1,1,,3,,,,,,,,153,,,,,,,,,,,,,,,,,Y,N1,A2300034,10
2026-07-28 02:28:43,data_go_kr,충청북도,E2300011,단양군보건의료원,5,20260728022501,043-420-0139,,,,,,,,,,,,,,,,,,,1,,,,,,,,,,,,,2,,,Y,,,,,,Y,N1,,,N1,Y,N1,13,N1,,N1,N1,,,N1,6,,1,,,,,,,,,,,,,,,,,,,,,2,,1,,,1,,,,,,,,14,,,,,,,,,,,,,,,,,Y,N1,E2300011,11
2026-07-28 02:28:43,data_go_kr,충청북도,A2300030,의료법인조윤의료재단영동병원,10,20260728022508,043-740-9333,,Y,,,,,,,,,,,,,,,,,,,,,,,,,,,,,,,Y,,Y,,,,,,Y,N1,,,N1,Y,N1,30,N1,,Y,Y,,2,N1,10,,,,,,,,,,,,,,,,,,,,2,,,,1,1,1,,3,,1,,,,,,161,,,,,,,,,,,,,,,,,Y,N1,A2300030,12
2026-07-28 02:28:43,data_go_kr,충청북도,A2300011,의료법인힐링의료재단옥천성모병원,6,20260728022211,043-730-7119,,,,,,,,,,,,,,,,,,,2,,1,,,,,,,,,,,,,,Y,,,,,,Y,N1,,,N1,Y,N1,10,N1,2,N1,Y,,2,N1,7,,2,1,,,,,,,,,,,,7,,,,,2,,,,,1,1,,4,,,,,,,,157,,,,,,,,,,,,,,,,,Y,N1,A2300011,13
2026-07-28 02:28:43,data_go_kr,충청북도,A2300006,충청북도청주의료원,9,20260728022502,043-279-0119,,Y,,,,,,,,,,,,,,,3,,1,,,,,,,2,,,,,90,6,Y,,Y,,,,Y,,Y,Y,,,Y,Y,N1,157,N1,18,Y,Y,,5,N1,12,,1,,,,,,,,,,,,,21,3,,,,5,,90,6,1,1,2,1,11,,1,1,,,,,359,,,,,,,,,,,,,,3,,,Y,N1,A2300006,14
2026-07-28 02:28:43,data_go_kr,충청북도,A2300004,충청북도충주의료원,14,20260728022502,043-871-0119,,,,,,,,,,,,,,,,,,,1,,2,,,,,,,,,,,,,,Y,,,,Y,,Y,Y,,,Y,Y,N1,121,N1,4,N1,Y,,4,N1,18,,1,2,,,,,,,,,,,,12,,,,,4,,,,,1,1,1,8,,,1,,,,,282,,,,,,,,,,,,,,,,,Y,N1,A2300004,15
2026-07-28 02:28:43,data_go_kr,충청남도,A2400002,단국대학교의과대학부속병원,18,20260728022500,041-550-6840,Y,Y,2,2,,,,1,,,,,,3,,,,2,,1,1,6,,,,0,9,,1,2,11,0,Y,,Y,0,2,6,Y,0,Y,Y,,,Y,Y,Y,67,Y,,Y,Y,1,13,Y,25,4,,1,18,,13,25,,,,13,20,,,,1,30,,40,13,2,20,8,3,4,3,6,6,14,29,15,7,17,,1,640,2,2,,,,2,,,,,7,,,,2,6,Y,Y,A2400002,1
2026-07-28 02:28:43,data_go_kr,충청남도,A2400001,학교법인동은학원순천향대학교부속천안병원,14,20260728022121,041-590-7019,Y,Y,,,1,3,1,,,8,,,,,,,,14,4,8,3,5,,2,,4,3,3,,,,0,Y,Y,Y,,,,Y,,Y,Y,,,Y,Y,Y,54,Y,,Y,Y,5,19,Y,22,14,4,3,17,18,15,38,,2,,,,,,,6,30,6,,19,,,14,11,6,4,6,60,16,37,6,6,10,1,1,713,,,1,3,1,,,,,,,,,,,,Y,Y,A2400001,2
2026-07-28 02:28:43,data_go_kr,충청남도,A2400009,의료법인백제병원,17,20260728021827,041-730-8882,,,,,,,,,,,,,,,,,,,1,,2,,,,,,,,,,19,,,,Y,,,,Y,,Y,Y,,,Y,Y,N1,16,N1,0,N1,Y,,4,N1,20,,1,2,,,,,,,,,,,,26,,,,,4,,49,,,2,2,1,11,,,3,,,,,398,,,,,,,,,,,,,,,,,Y,N1,A2400009,3
2026-07-28 02:28:43,data_go_kr,충청남도,A2400008,당진종합병원,16,20260728022432,041-358-3624,,,,,,,,,,,,,,,,,,,1,,2,,,,,,,,,,,,,,Y,,,,Y,,Y,Y,,,Y,Y,N1,81,N1,0,N1,Y,,4,N1,17,,1,2,,,,,,,,,,,,13,,,,,4,,,,,2,2,1,5,,,1,,,,,246,,,,,,,,,,,,,,,,,Y,N1,A2400008,4
2026-07-28 02:28:43,data_go_kr,충청남도,A2400011,재단법인아산사회복지재단보령아산병원,17,20260728022000,041-930-5333,,,,,,,,,,,,,,,,,,,1,,2,,,,,,,,,,,,,,Y,,,,,,Y,N1,,,N1,Y,N1,77,N1,5,N1,Y,,2,N1,17,,1,2,,,,,,,,,,,,8,,,,,2,,,,,1,1,,4,,,,,,,,221,,,,,,,,,,,,,,,,,Y,N1,A2400011,5
2026-07-28 02:28:43,data_go_kr,충청남도,A2400003,서산중앙병원,16,20260728022003,041-661-1195,,,,,,,,,,,,,,,,,,,1,,2,,,,,,,,,,,,,,Y,,,,,,Y,N1,,,Y,Y,N1,44,N1,3,N1,Y,,4,N1,17,,1,2,,,,,,,,,,,,17,,,,,4,,,,,1,1,,7,,,1,,,,,288,,,,,,,,,,,,,,,,,Y,N1,A2400003,6
2026-07-28 02:28:43,data_go_kr,충청남도,A2400006,충청남도서산의료원,12,20260728022102,041-689-7119,,,,,,,,,,,,,,,,,,,1,,2,0,,,,,1,,,,,5,,,Y,,,,,,Y,N1,,,N1,Y,N1,24,N1,0,N1,Y,,3,N1,17,,1,2,2,,,,,,,,,,,8,,4,,,3,,,5,,2,1,,10,,,,,,,,259,,,,,,,,,,,,,,,,,Y,N1,A2400006,7
2026-07-28 02:28:43,data_go_kr,충청남도,A2402257,아산충무병원,10,20260728022424,041-536-6519,,,1,7,,,,,,,,,,5,,,,,,,,,,,,2,,,,,,,Y,,Y,,,,Y,,Y,Y,,,Y,Y,Y,150,Y,8,N1,Y,,3,N1,13,,,,,,,,,,,,,,,22,2,,,,4,,,,1,2,2,3,27,,,4,2,1,,,456,1,7,,,,,,,,,5,,,,,,Y,N1,A2402257,8
2026-07-28 02:28:43,data_go_kr,충청남도,A2400012,의료법인영서의료재단천안충무병원,13,20260728022524,041-570-7519,,,,,,,,,,,,,,,,,,,1,,4,,,,,0,,,,,,,,,Y,0,,,Y,,Y,Y,,,Y,Y,Y,40,N1,0,N1,Y,,5,N1,16,,1,4,,,,,,,,7,,,,19,3,,,,5,,,,,2,2,3,26,,,3,3,,,,333,,,,,,,,,,,,,,,,,Y,N1,A2400012,9
2026-07-28 02:28:43,data_go_kr,충청남도,A2400007,충청남도홍성의료원,15,20260728022401,041-630-6119,,,,,,,,,,,,,,,,,,1,1,,2,2,,,,1,2,,,,3,1,Y,,Y,,,,N,,Y,N,,,Y,Y,N1,106,N1,1,N1,Y,,4,N,18,1,1,2,2,,,,,,,,,,,22,1,3,,,4,,49,1,1,2,2,1,10,,,1,,,,2,260,,,,,,,,,,,,,,,,,Y,N1,A2400007,10
2026-07-28 02:28:43,data_go_kr,충청남도,A2400010,충청남도공주의료원,13,20260728022401,041-962-1365,,,,,,,,,,,,,,,,,,,,,1,,,,,,,,,,,4,,,Y,,,,,,Y,N1,,,Y,Y,N1,58,N1,1,N1,Y,,6,N1,15,,,1,,,,,,,,,,,,16,,,,,6,,,6,,1,1,,9,,,2,,,,,273,,,,,,,,,,,,,,,,,Y,N1,A2400010,11
2026-07-28 02:28:43,data_go_kr,충청남도,A2400038,학교법인건양교육재단건양대학교부여병원,9,20260728022259,041-837-1201,,,,,,,,,,,,,,,,,,,,,1,,,,,,,,,,,,,,Y,,,,,,Y,N1,,,N1,Y,N1,22,N1,,N1,N1,,1,N1,9,,,1,,,,,,,,,,,,,,,,,1,,,,,1,,,1,,,,,,,,55,,,,,,,,,,,,,,,,,Y,N1,A2400038,12
2026-07-28 02:28:43,data_go_kr,충청남도,A2400044,의료법인 서해병원,4,20260728022228,041-950-0219,,,,,,,,,,,,,,,,,,,,,2,,,,,,,,,,,,,,Y,,,,,,Y,N1,,,N1,Y,N1,14,N1,,N1,N1,,,N1,5,,,2,,,,,,,,,,,,,,,,,,,,,,1,,,1,,,,,,,,79,,,,,,,,,,,,,,,,,Y,N1,A2400044,13
2026-07-28 02:28:43,data_go_kr,충청남도,A2400039,현대병원,9,20260728022001,041-546-7744,N,N,,,,,,,,,,,,,,,,,,,1,,,,,,,,,,,,N,N,Y,0,,,N,,Y,N,,,N,Y,N,6,N,3,N,Y,,3,N,10,,,1,,,,,,,,0,,,,7,,,,,3,,,,0,1,1,0,3,0,0,0,0,0,0,0,84,,,,,,,,,,,,,,,,,Y,N,A2400039,14
2026-07-28 02:28:43,data_go_kr,충청남도,A2400004,의료법인 예당의료재단 예산종합병원,5,20260728022507,041-330-4119,,,,,,,,,,,,,,,,,,,,,1,,,,,,,,,,,,,,Y,,,,,,Y,N1,,,N1,Y,N1,0,N1,5,N1,Y,,0,N1,6,,,1,,,,,,,,,,,,9,,,,,0,,,,,0,0,,0,,,,,,,,88,,,,,,,,,,,,,,,,,Y,N1,A2400004,15
2026-07-28 02:28:43,data_go_kr,충청남도,A2400005,충청남도천안의료원,11,20260728022501,041-570-7119,,,,,,,,,,,,,,,,6,,,,,1,,,,,,,,,,,,,,Y,,,,,,Y,N1,,,N1,Y,N1,53,N1,7,N1,Y,,4,N1,12,,,1,,,,,,,,,,,,15,,,,,4,,,,,1,1,,10,,,,,,,,241,,,,,,,,,,,,,6,,,,Y,N1,A2400005,16
2026-07-28 02:28:43,data_go_kr,충청남도,E2400032,청양군보건의료원,6,20260728022500,041-940-4951,,,,,,,,,,,,,,,,,,,,,1,,,,,,,,,,,,,,Y,,,,,,Y,N1,,,N1,Y,N1,12,N1,,N1,N1,,1,N1,6,,,1,,,,,,,,,,,,,,,,,1,,,,,1,,,1,,,,,,,,12,,,,,,,,,,,,,,,,,Y,N1,E2400032,17
2026-07-28 02:28:43,data_go_kr,충청남도,E2400033,태안군보건의료원,10,20260728022501,041-671-5319,,,,,,,,,,,,,,,,,,,,,1,,,,,,,,,,,,,,Y,,,,,,Y,N1,,,N1,Y,N1,21,N1,,N1,N1,,,N1,10,,,1,,,,,,,,,,,,,,,,,,,,,,1,,,1,,,,,,,,34,,,,,,,,,,,,,,,,,Y,N1,E2400033,18
2026-07-28 02:28:43,data_go_kr,전북특별자치도,A2500001,원광대학교병원,6,20260728022515,063-859-1165,Y,Y,2,2,,,,2,,3,,,,,,,,3,,3,,5,,,3,4,11,,14,2,1,1,Y,,Y,,2,6,Y,9,Y,Y,,,Y,Y,Y,62,Y,6,Y,Y,2,15,Y,26,3,,,18,8,15,15,,,,,20,8,,15,7,31,,40,15,2,30,2,1,5,4,5,11,12,20,8,4,1,,2,543,2,3,,,,2,,,,,,,,,2,6,Y,Y,A2500001,1
2026-07-28 02:28:43,data_go_kr,전북특별자치도,A2500002,전북대학교병원,24,20260728022433,063-250-1131,Y,Y,2,5,,,2,1,,2,,,,,,,,2,,2,,3,5,,3,1,5,,,,3,15,Y,,Y,5,,,Y,,Y,Y,,,Y,Y,Y,288,Y,,Y,Y,21,21,N1,36,5,,,17,10,8,25,10,,,18,,11,,,2,30,,,21,,23,15,3,1,2,5,11,15,22,4,2,1,,,834,2,5,,,2,1,,,,,,,,,,,Y,Y,A2500002,2
2026-07-28 02:28:43,data_go_kr,전북특별자치도,A2500007,전북특별자치도군산의료원,14,20260728022502,063-472-5130,,Y,,,,,,,,,,,,,,,,,1,,2,1,,,,2,2,,,,,,Y,,Y,,,,,,Y,N1,,,N1,Y,N1,81,N1,7,Y,Y,,6,N1,17,,1,2,2,,,,,,,,,,,18,2,3,,,6,,,,1,1,1,,18,,2,,,,,,289,,,,,,,,,,,,,,,,,Y,N1,A2500007,3
2026-07-28 02:28:43,data_go_kr,전북특별자치도,A2500012,의료법인오성의료재단동군산병원,13,20260728022507,063-440-0516,,,,,,,,,,,,,,,,0,,,1,,5,1,,,,,1,,,,,,,,Y,,,,Y,,Y,Y,,,Y,Y,N1,19,N1,4,N1,Y,,6,N1,17,,1,5,2,,,,,,,,,,,24,,3,,,6,,,,,2,2,2,13,,,2,,,,,262,,,,,,,,,,,,,0,,,,Y,N1,A2500012,4
2026-07-28 02:28:43,data_go_kr,전북특별자치도,A2500004,전북특별자치도남원의료원,15,20260728022502,063-620-1119,,Y,,,,,,,,,,,,,,,,,1,,2,,,,,1,,,,,,,Y,,Y,,,,,,Y,N1,,,N1,Y,N1,39,N1,3,Y,Y,,3,N1,17,,1,2,,,,,,,,,,,,9,1,,,,3,,,,3,2,1,,10,,1,,,,,,190,,,,,,,,,,,,,,,,,Y,N1,A2500004,5
2026-07-28 02:28:43,data_go_kr,전북특별자치도,A2500011,의료법인대산의료재단익산병원,14,20260728022507,063-840-9112,,,,,,,,,,,,,,,,,,,1,,2,,,,,0,,,,,,,,,Y,,,,Y,,Y,Y,,,N1,Y,N1,19,N1,7,N1,Y,,5,N1,17,,1,2,,,,,,,,,,,,17,1,,,,5,,,,,2,2,1,7,,,,,,,,333,,,,,,,,,,,,,,,,,Y,N1,A2500011,6
2026-07-28 02:28:43,data_go_kr,전북특별자치도,A2500056,대자인병원,26,20260728022407,063-250-8701,,,,,,,,,,,,,,,,,,,1,1,2,,,,,3,,,,,,,,Y,Y,,,,Y,,Y,Y,,,Y,Y,Y,31,N1,2,N1,Y,,15,Y,33,,1,2,,,36,,,,,,,,,15,4,,,,15,,,,,4,3,2,12,,,4,2,,1,1,45,,,,,,,,,,,,,,,,,Y,N1,A2500056,7
2026-07-28 02:28:43,data_go_kr,전북특별자치도,A2500006,재단법인예수병원유지재단예수병원,24,20260728022434,063-230-8280,Y,Y,,,1,1,,,,,,,,,,,,2,1,,2,,,2,,4,,2,,,,2,Y,,Y,0,,,Y,,Y,Y,,,Y,Y,Y,125,N1,2,Y,Y,4,14,Y,38,10,1,2,,,,12,,2,,14,,,,23,4,,6,,14,,,5,4,4,3,4,40,6,11,7,2,,,2,685,,,1,1,,,,,,,,,,,,,Y,Y,A2500006,8
2026-07-28 02:28:43,data_go_kr,전북특별자치도,A2500005,의료법인영경의료재단전주병원,10,20260728022051,063-226-6119,,,,,,,,,,,,,,,,,,,1,,2,,,,,,,,,,,,,,Y,,,,,,Y,N1,,,Y,Y,N1,7,N1,6,N1,Y,,5,N1,17,,1,2,,,,,,,,,,,,9,,,,,5,,,,,1,2,,6,,,1,,,,,275,,,,,,,,,,,,,,,,,Y,N1,A2500005,9
2026-07-28 02:28:43,data_go_kr,전북특별자치도,A2500008,재단법인 아산사회복지재단 정읍아산병원,14,20260728022500,063-530-6129,,,,,,,,,,,,,,,,,,,1,,2,,,,,,,,,,,,,,Y,,,,,,Y,N1,,,N1,Y,N1,72,N1,3,N1,Y,,3,N1,17,,1,2,,,,,,,,,,,,12,,,,,3,,,,,1,1,,5,,,,,,,,276,,,,,,,,,,,,,,,,,Y,N1,A2500008,10
2026-07-28 02:28:43,data_go_kr,전북특별자치도,A2500009,의료법인석천재단고창병원,9,20260728022404,063-560-5558,,,,,,,,,,,,,,,,,,,,,1,,,,,,,,,,,,,,Y,,,,,,Y,N1,,,N1,Y,N1,0,N1,,N1,Y,,2,N1,10,,,1,,,,,,,,,,,,,,,,,2,,,,,1,1,,4,,,,,,,,258,,,,,,,,,,,,,,,,,Y,N1,A2500009,11
2026-07-28 02:28:43,data_go_kr,전북특별자치도,A2500038,김제우석병원,10,20260728022330,063-540-5119,,,,,,,,,,,,,,,,,,,,,1,,,,,,,,,,,,,,Y,,,,,,Y,N1,,,N1,Y,N1,83,N1,,N1,Y,,2,N1,10,,,1,,,,,,,,,,,,,,,,,2,,,,,1,1,,1,,,,,,,,200,,,,,,,,,,,,,,,,,Y,N1,A2500038,12
2026-07-28 02:28:43,data_go_kr,전북특별자치도,E2500019,무주군보건의료원,4,20260728022501,063-320-8315,,,,,,,,,,,,,,,,,,,,,1,,,,,,,,,,,,,,Y,,,,,,Y,N1,,,N1,Y,N1,24,N1,,N1,N1,,,N1,4,,,1,,,,,,,,,,,,,,,,,,,,,,1,,,1,,,,,,,,24,,,,,,,,,,,,,,,,,Y,N1,E2500019,13
2026-07-28 02:28:43,data_go_kr,전북특별자치도,A2500010,부안성모병원,10,20260728022233,063-580-8119,,,,,,,,,,,,,,,,,,,,,2,,,,,,,,,,,,,,Y,,,,,,Y,N1,,,N1,Y,N1,5,N1,9,N1,Y,,3,N1,10,,,2,,,,,,,,,,,,9,,,,,3,,,,,1,1,,2,,,,,,,,240,,,,,,,,,,,,,,,,,Y,N1,A2500010,14
2026-07-28 02:28:43,data_go_kr,전북특별자치도,E2500021,순창군보건의료원,9,20260728022501,063-650-5352,,,,,,,,,,,,,,,,,,,,,1,,,,,,,,,,,,,,Y,,,,,,Y,N1,,,N1,Y,N1,30,N1,,N1,N1,,,N1,9,,,1,,,,,,,,,,,,,,,,,,,,,,1,,,1,,,,,,,,30,,,,,,,,,,,,,,,,,Y,N1,E2500021,15
2026-07-28 02:28:43,data_go_kr,전북특별자치도,E2500022,임실군보건의료원,4,20260728022501,063-640-3119,,,,,,,,,,,,,,,,,,,,,1,,,,,,,,,,,,,,Y,,,,,,Y,N1,,,N1,Y,N1,,N1,,N1,N1,,,N1,4,,,1,,,,,,,,,,,,,,,,,,,,,,1,,,1,,,,,,,,,,,,,,,,,,,,,,,,,Y,N1,E2500022,16
2026-07-28 02:28:43,data_go_kr,전북특별자치도,E2500020,장수군보건의료원,5,20260728022501,063-350-2119,,,,,,,,,,,,,,,,,,,,,1,,,,,,,,,,,,,,,,,,,,Y,N1,,,N1,N1,N1,20,N1,,N1,N1,,,N1,5,,,1,,,,,,,,,,,,,,,,,,,,,,,,,1,,,,,,,,22,,,,,,,,,,,,,,,,,Y,N1,E2500020,17
2026-07-28 02:28:43,data_go_kr,전북특별자치도,A2501890,의료법인영경의료재단호성전주병원,8,20260728022515,063-240-8862,,,,,,,,,,,,,,,,,,,,,1,,,,,,,,,,,,,,Y,,,,,,Y,N1,,,N1,Y,N1,6,N1,,N1,Y,,2,N1,9,,,1,,,,,,,,,,,,,,,,,2,,,,,1,1,,1,,,,,,,,122,,,,,,,,,,,,,,,,,Y,N1,A2501890,18
2026-07-28 02:28:43,data_go_kr,전북특별자치도,A2502742,새강병원,14,20260728022450,063-289-9119,,,0,0,,0,0,,,0,,,,,,,,3,1,0,2,0,,,,3,,0,,0,,0,,,Y,,,,,,Y,N1,,,N1,Y,N1,87,N1,16,N1,Y,,5,N1,14,3,1,2,0,0,0,,,,,,,,,16,3,,0,,5,0,,0,,1,1,,1,,,,,,,,201,0,0,,0,0,,,,,,,,,,,,Y,N1,A2502742,19
2026-07-28 02:28:43,data_go_kr,전북특별자치도,A2502031,진안군의료원,5,20260728022502,063-430-7119,,,,,,,,,,,,,,,,,,,,,2,,,,,,,,,,,,,,Y,,,,,,Y,N1,,,N1,Y,N1,30,N1,,N1,Y,,2,N1,6,,,2,,,,,,,,,,,,,,,,,2,,,,,1,1,,3,,,,,,,,74,,,,,,,,,,,,,,,,,Y,N1,A2502031,20
2026-07-28 02:28:43,data_go_kr,경상북도,A2700007,차의과학대학교부속구미차병원,8,20260728022505,054-450-9998,Y,Y,,,,,0,,,,,,,,,,,5,3,,2,0,,,,,3,,,,,,Y,Y,Y,,,,Y,,Y,Y,,,Y,Y,Y,34,Y,1,Y,Y,-1,8,N1,20,5,3,3,25,,,8,,,,,,,,18,,30,,,8,,,,3,3,2,2,21,3,13,2,1,2,1,,301,,,,,3,,,,,,,,,,,,Y,Y,A2700007,1
2026-07-28 02:28:43,data_go_kr,경상북도,A2700014,의료법인안동병원,6,20260728022400,054-840-0119,Y,Y,2,2,,,1,,,1,,,,,,,,1,,,,5,,,,0,7,,3,2,0,4,Y,Y,Y,,1,6,Y,3,Y,Y,,,Y,Y,Y,92,Y,1,Y,Y,10,11,Y,15,3,,,19,20,,10,,,,,20,,,13,3,30,,40,11,2,34,6,3,6,3,5,67,3,12,14,4,13,1,1,775,2,3,,,1,,,,,,,,,,2,6,Y,Y,A2700014,2
2026-07-28 02:28:43,data_go_kr,경상북도,A2700016,포항성모병원,13,20260728022408,054-260-8600,Y,Y,2,3,,,,0,2,,,,,,,,,11,,,,3,,,,1,0,,,,,1,Y,Y,Y,,,,Y,,Y,Y,,,Y,Y,Y,47,Y,3,Y,Y,,9,Y,20,11,,,15,,,,,,,,,,,16,1,17,,,9,,,1,1,3,2,2,25,1,6,4,1,2,1,3,468,2,3,,,,5,13,,,,,,,,,,Y,Y,A2700016,3
2026-07-28 02:28:43,data_go_kr,경상북도,A2700003,동국대학교의과대학경주병원,13,20260728022518,054-770-8306,Y,Y,,,,,,,,1,,,,,,,,1,2,2,5,,,,,3,,,,,10,1,Y,,Y,,,,Y,,Y,Y,,,Y,Y,N1,81,N1,0,Y,Y,,7,N1,16,3,2,5,,11,17,,,,,,,,,7,4,,,,7,,20,3,1,2,2,2,26,2,6,3,,,,,279,,,,,,,,,,,,,,,,,Y,Y,A2700003,4
2026-07-28 02:28:43,data_go_kr,경상북도,A2700013,순천향대학교부속구미병원,10,20260728022121,054-468-9119,,Y,,,,,,,,,,,,,,,,3,1,,2,1,,,,2,0,,,,,1,Y,,Y,,,,Y,,Y,Y,,,Y,Y,N1,39,N1,6,Y,Y,,6,N1,13,4,1,2,2,,,,,,,,,,,31,2,3,,,6,,,1,1,2,2,2,20,,1,2,,,,,263,,,,,,,,,,,,,,,,,Y,N1,A2700013,5
2026-07-28 02:28:43,data_go_kr,경상북도,A2700012,의료법인덕산의료재단김천제일병원,15,20260728022211,054-420-9500,,,,,,,,,,,,,,,,,,,1,,3,1,,,,,2,,,,,,Y,,Y,,,,Y,,Y,Y,,,Y,Y,N1,55,N1,7,N1,Y,,4,Y,16,,1,3,2,,,,,,,,,,,16,,3,,,4,,,,3,1,1,1,10,,,1,,,,1,276,,,,,,,,,,,,,,,,,Y,N1,A2700012,6
2026-07-28 02:28:43,data_go_kr,경상북도,A2700006,의료법인동춘의료재단문경제일병원,15,20260728022000,054-550-7777,,,,,,,,,,,,,,,,,,,1,,0,2,,,,1,3,,,,59,3,,,Y,,,,,,Y,N1,,,N1,Y,N1,54,N1,13,N1,Y,,3,N1,17,,1,2,2,,,,,,,,,,,29,1,3,,,3,,162,4,,2,1,,8,,,,,,,,306,,,,,,,,,,,,,,,,,Y,N1,A2700006,7
2026-07-28 02:28:43,data_go_kr,경상북도,A2700004,안동성소병원,12,20260728022517,054-850-8282,,Y,,,,,,,,,,,,,,,5,,1,,2,2,,,,3,1,,,,22,0,Y,,Y,,,,Y,,Y,Y,,,Y,Y,N1,148,N1,6,Y,Y,,6,N1,12,,1,2,2,,,,,,,,,,,16,3,3,,,6,,186,2,1,2,2,2,21,,4,1,,,,,393,,,,,,,,,,,,,,5,,,Y,N1,A2700004,8
2026-07-28 02:28:43,data_go_kr,경상북도,A2700002,포항세명기독병원,12,20260728021544,054-289-1711,,,,,,,,,,,,,,,,,6,,1,,3,0,,,,1,0,,,,,2,,,Y,,,,Y,,Y,Y,,,Y,Y,Y,78,Y,4,N1,Y,,14,Y,15,,1,3,2,,,,,,,,,,,52,1,3,,,14,,,6,,6,5,4,25,,,5,1,1,,1,662,,,,,,,,,,,,,,6,,,Y,N1,A2700002,9
2026-07-28 02:28:43,data_go_kr,경상북도,A2700019,의)근원의료재단경산중앙병원,7,20260728022503,053-715-0119,,,,,,,,,,,,,,,,,,,,,2,,,,,0,,,,,43,,,,Y,,,,,,Y,N1,,,N1,Y,N1,68,N1,1,N1,Y,,4,N1,10,,,2,,,,,,,,,,,,11,2,,,,4,,116,,,1,1,,9,,,,,,,,301,,,,,,,,,,,,,,,,,Y,N1,A2700019,10
2026-07-28 02:28:43,data_go_kr,경상북도,A2700036,의료법인서명의료재단세명종합병원,9,20260728022529,053-819-8500,,,,,,,,,,,,,,,,,,,,,1,,,,,,,,,,1,,,,Y,,,,,,Y,N1,,,N1,Y,N1,21,N1,2,N1,Y,,4,N1,13,,,2,,,,,,,,,,,,14,,,,,4,,22,,,1,1,,6,,,,,,,,264,,,,,,,,,,,,,,,,,Y,N1,A2700036,11
2026-07-28 02:28:43,data_go_kr,경상북도,A2700097,계명대학교경주동산병원,9,20260728022301,054-770-9420,,,,,,,,,,,,,,,,,,,,,1,,,,,,,,,,,,,,Y,,,,,,Y,N1,,,N1,Y,N1,42,N1,,N1,Y,,2,N1,9,,,1,,,,,,,,,,,,,,,,,2,,,,,1,1,,1,,,,,,,,88,,,,,,,,,,,,,,,,,Y,N1,A2700097,12
2026-07-28 02:28:43,data_go_kr,경상북도,A2700070,의료법인영암의료재단고령영생병원,5,20260728022504,070-4700-0728,,,,,,,,,,,,,,,,,,,,,1,,,,,,,,,,,,,,Y,,,,,,Y,N1,,,N1,Y,N1,34,N1,,N1,N1,,1,N1,5,,,1,,,,,,,,,,,,,,,,,1,,,,,1,,,1,,,,,,,,59,,,,,,,,,,,,,,,,,Y,N1,A2700070,13
2026-07-28 02:28:43,data_go_kr,경상북도,A2700015,구미강동병원,5,20260728022447,054-478-9521,,,,,,,,,,,,,,,,9,,,1,,2,,,,,,,,,,,,,,Y,,,,Y,,Y,Y,,,N1,Y,N1,33,N1,4,N1,Y,,5,N1,7,,1,2,,,,,,,,,,,,12,,,,,5,,,,,1,1,1,3,,,,,,,,191,,,,,,,,,,,,,9,,,,Y,N1,A2700015,14
2026-07-28 02:28:43,data_go_kr,경상북도,A2700018,경상북도김천의료원,17,20260728022501,054-429-8234,,,,,,,,,,,,,,,,,,,1,,,,,,,2,,,,,,,,,Y,,,,,,Y,N1,,,N1,Y,N1,23,N1,4,N1,Y,,5,N1,17,,1,,,,,,,,,,,,,22,3,,,,5,,,,,1,2,,7,,,,,,,,274,,,,,,,,,,,,,,,,,Y,N1,A2700018,15
2026-07-28 02:28:43,data_go_kr,경상북도,A2700009,의료법인삼백의료재단상주성모병원,9,20260728022505,054-530-7811,,,,,,,,,,,,,,,,,,,,,1,,,,,,,,,,,,,,Y,,,,,,Y,N1,,,N1,Y,N1,24,N1,6,N1,Y,,3,N1,9,,,1,,,,,,,,,,,,10,,,,,3,,,,,1,1,,1,,,,,,,,172,,,,,,,,,,,,,,,,,Y,N1,A2700009,16
2026-07-28 02:28:43,data_go_kr,경상북도,A2700011,상주적십자병원,8,20260728022313,054-530-3171,,Y,,,,,,,,,,,,,,,,,1,,,,,,,,,,,,,,Y,,Y,,,,,,Y,N1,,,Y,Y,N1,58,N1,6,Y,Y,,3,N1,9,,1,,,,,,,,,,,,,10,,,,,3,,,,1,1,1,,7,,2,1,,,,,164,,,,,,,,,,,,,,,,,Y,N1,A2700011,17
2026-07-28 02:28:43,data_go_kr,경상북도,A2700001,경상북도안동의료원,6,20260728022501,054-850-6100,,,,,,,,,,,,,,,,,,,,,2,,,,,,,,,,,,,,Y,,,,,,Y,N1,,,N1,Y,N1,115,N1,2,N1,Y,,5,N1,6,,,2,,,,,,,,,,,,10,,,,,5,,,,,1,1,,8,,,,,,,,238,,,,,,,,,,,,,,,,,Y,N1,A2700001,18
2026-07-28 02:28:43,data_go_kr,경상북도,A2700031,영주기독병원,4,20260728022401,054-635-3050,,Y,,,,,,,,,,,,,,,,,,,1,,,,,,,,,,,,Y,,Y,,,,,,Y,N1,,,N1,Y,N1,11,N1,,Y,N1,,1,N1,4,,,1,,,,,,,,,,,,,,,,,1,,,,1,1,,,1,,2,,,,,,70,,,,,,,,,,,,,,,,,Y,N1,A2700031,19
2026-07-28 02:28:43,data_go_kr,경상북도,A2700020,영주자인병원,4,20260728022533,070-7335-5229,,,,,,,,,,,,,,,,,,,,,1,,,,,,,,,,,,,,Y,,,,,,Y,N1,,,N1,Y,N1,21,N1,,N1,Y,,,N1,4,,,1,,,,,,,,,,,,,,,,,2,,,,,1,1,,,,,,,,,,133,,,,,,,,,,,,,,,,,N1,N1,A2700020,20
2026-07-28 02:28:43,data_go_kr,경상북도,A2702752,영주적십자병원,9,20260728022525,054-630-0112,,,,,,,,,,,,,,,,,,,1,,,,,,,,,,,,,,,,Y,,,,,,Y,N1,,,Y,Y,N1,67,N1,3,N1,Y,,3,N1,10,,1,,,,,,,,,,,,,10,,,,,3,,,,,1,1,,4,,,1,,,,,140,,,,,,,,,,,,,,,,,Y,N1,A2702752,21
2026-07-28 02:28:43,data_go_kr,경상북도,A2700017,영남대학교의과대학부속영천병원,10,20260728022255,054-330-7575,,,,,,,,,,,,,,,,,,,1,,2,,,,,,,,,,,,,,Y,,,,,,Y,N1,,,N1,Y,N1,48,N1,3,N1,Y,,4,N1,10,,1,2,,,,,,,,,,,,10,,,,,4,,,,,1,1,,1,,,,,,,,190,,,,,,,,,,,,,,,,,Y,N1,A2700017,22
2026-07-28 02:28:43,data_go_kr,경상북도,A2700023,의료법인서준의료재단예천권병원,6,20260728022045,054-650-2119,,Y,,,,,,,,,,,,,,,,,1,,0,,,,,,,,,,,0,Y,,Y,,,,,,Y,N1,,,N1,Y,N1,76,N1,,Y,Y,,2,N1,6,,1,0,,,,,,,,,,,,,,,,,2,,,0,1,1,1,,3,,2,,,,,,173,,,,,,,,,,,,,,,,,Y,N1,A2700023,23
2026-07-28 02:28:43,data_go_kr,경상북도,E2700553,울릉군보건의료원,4,20260728022501,054-790-6911,,,,,,,,,,,,,,,,,,,,,,,,,,,,,,,,,,,Y,,,,,,Y,N1,,,N1,Y,N1,24,N1,,N1,N1,,1,N1,5,,,,,,,,,,,,,,,,,,,,1,,,,,1,,,1,,,,,,,,27,,,,,,,,,,,,,,,,,Y,N1,E2700553,24
2026-07-28 02:28:43,data_go_kr,경상북도,A2700052,울진군의료원,8,20260728022102,054-785-7119,,,,,,,,,,,,,,,,,,,2,,,,,,,,,,,,,2,,,Y,,,,,,Y,N1,,,N1,Y,N1,35,N1,,N1,Y,,3,N1,8,,2,,,,,,,,,,,,,,,,,,3,,,2,,1,1,,1,,,,,,,,97,,,,,,,,,,,,,,,,,Y,N1,A2700052,25
2026-07-28 02:28:43,data_go_kr,경상북도,A2700063,의료법인영제의료재단영남제일병원,4,20260728021402,054-861-9111,,,,,,,,,,,,,,,,,,,,,1,,,,,,,,,,,,,,Y,,,,,,Y,N1,,,N1,Y,N1,27,N1,,N1,N1,,1,N1,,,,,,,,,,,,,,,,,,,,,,,,,,,,,,,,,,,,,,,,,,,,,,,,,,,,,,Y,N1,A2700063,26
2026-07-28 02:28:43,data_go_kr,경상북도,A2700038,의료법인대남의료재단청도대남병원,10,20260728022359,054-370-5112,,,,,,,,,,,,,,,,,,,,,,,,,,,,,,,,,,,Y,,,,,,Y,N1,,,N1,Y,N1,85,N1,,N1,Y,,1,N1,10,,,,,,,,,,,,,,,,,,,,1,,,,,1,1,,1,,,,,,,,115,,,,,,,,,,,,,,,,,Y,N1,A2700038,27
2026-07-28 02:28:43,data_go_kr,경상북도,E2700554,청송군보건의료원,5,20260728022500,054-870-7119,,,,,,,,,,,,,,,,,,,,,1,,,,,,,,,,,,,,,,,,,,Y,N1,,,N1,N1,N1,55,N1,,N1,N1,,,N1,5,,,1,,,,,,,,,,,,,,,,,,,,,,,,,1,,,,,,,,45,,,,,,,,,,,,,,,,,Y,N1,E2700554,28
2026-07-28 02:28:43,data_go_kr,경상북도,A2700008,에스포항병원,6,20260728022438,054-289-9120,Y,,,,,,,,,,,,,,,,,,,,1,,,,,0,,,,,,,,,Y,,,,Y,,Y,Y,,,Y,Y,N1,5,N1,1,N1,Y,,4,N1,6,,,1,,,,,,,,,,,,14,1,,,,4,,,,,2,2,3,9,9,,1,,,,,239,,,,,,,,,,,,,,,,,Y,Y,A2700008,29
2026-07-28 02:28:43,data_go_kr,경상북도,A2702563,의료법인은성의료재단좋은선린병원,9,20260728022538,054-245-5200,,,,,,,,,,,,,,,,2,,,,,2,,,,,1,,,,,,,,,Y,,,,N,,Y,N,,,N1,Y,N1,78,N1,0,N1,Y,,4,N,10,,,2,,,,,,,,,,,,17,1,,,,4,,,,,1,1,2,7,,,,,,,14,281,,,,,,,,,,,,,2,,,,N,N1,A2702563,30
2026-07-28 02:28:43,data_go_kr,경상북도,A2700005,경상북도포항의료원,7,20260728022502,054-245-0129,,,,,,,,,,,,,,,,,,,1,,1,,,,,1,,,,,9,6,,,Y,,,,,,Y,N1,,,N1,Y,N1,34,N1,5,N1,Y,,3,N1,8,,1,1,,,,,,,,,,,,19,1,,,,3,,56,7,,1,1,,4,,,,,,,,179,,,,,,,,,,,,,,,,,Y,N1,A2700005,31
2026-07-28 02:28:43,data_go_kr,경상남도,A2800011,양산부산대학교병원,11,20260728022327,055-360-1463,Y,Y,2,3,1,1,0,0,,5,,0,0,,4,,,4,,5,1,0,6,2,,0,3,2,,,4,4,Y,,Y,3,,,Y,,Y,Y,,4,Y,Y,Y,195,Y,,Y,Y,18,25,N1,23,8,,1,16,16,11,38,11,2,,9,,,10,,0,30,6,,25,,33,4,4,6,5,6,92,24,23,19,12,2,,,766,2,3,1,1,2,2,,,0,0,,4,,,,,Y,Y,A2800011,1
2026-07-28 02:28:43,data_go_kr,경상남도,A2800001,경상국립대학교병원,16,20260728022402,055-750-8282,Y,Y,,,,,,3,,0,,,,,,,,3,2,5,2,2,,,3,1,2,,24,2,7,5,Y,,Y,,2,6,Y,14,Y,Y,,,Y,Y,Y,180,Y,,Y,Y,3,15,N1,28,3,2,3,14,8,9,15,,,,,20,6,,,3,30,,40,15,2,23,7,7,3,3,5,16,9,20,5,4,17,,,655,,,,,,6,,,,,,,,,2,6,Y,Y,A2800001,2
2026-07-28 02:28:43,data_go_kr,경상남도,A2800020,학교법인성균관대학삼성창원병원,17,20260728022443,055-233-8899,Y,Y,,,,,,0,,3,,,,,,,,8,2,6,3,7,,,,1,17,,,,,3,Y,,Y,,,,Y,,Y,Y,,,Y,Y,Y,167,Y,,Y,Y,19,16,N1,27,8,2,3,19,15,20,24,,,,,,,,,3,30,,,16,,,5,7,4,3,4,45,8,20,5,3,3,,,645,,,,,,1,,,,,,,,,,,Y,Y,A2800020,3
2026-07-28 02:28:43,data_go_kr,경상남도,A2800010,의료법인환명의료재단 조은금강병원,14,20260728022316,055-330-0200,,,,,,,,,,,,,,,,,,,1,,2,,,,,1,,,,,4,,,,Y,,,,Y,,Y,Y,,,N1,Y,N1,47,N1,15,N1,Y,,4,Y,17,,1,2,,,,,,,,,,,,23,1,,,,4,,96,,,1,2,1,7,,,,,,,2,305,,,,,,,,,,,,,,,,,Y,N1,A2800010,4
2026-07-28 02:28:43,data_go_kr,경상남도,A2800006,의료법인숭인의료재단 김해복음병원,15,20260728022402,055-330-8844,,,,,,,,,,,,,,,,,,,1,,3,,,,,1,,,,,,,,,Y,,,,Y,,Y,Y,,,Y,Y,N1,8,N1,0,N1,Y,,5,N1,16,,1,3,,,,,,,,,,,,18,1,,,,5,,,,,2,3,1,3,,,3,,,,,359,,,,,,,,,,,,,,,,,Y,N1,A2800006,5
2026-07-28 02:28:43,data_go_kr,경상남도,A2800043,한일병원,15,20260728022412,055-750-1333,,,,,,,,,,,,,,,,,,,1,,2,0,,,,0,0,,,,,,,,Y,,,,Y,,Y,Y,,,Y,Y,N1,8,N1,5,N1,Y,,4,Y,17,,1,2,2,,,,,,,,,,,13,1,3,,,4,,,,,2,2,1,6,,,1,,,,1,282,,,,,,,,,,,,,,,,,Y,N1,A2800043,6
2026-07-28 02:28:43,data_go_kr,경상남도,A2800003,제일병원,10,20260728022420,055-750-7119,,,,,,,,,,,,,,,,,,,1,,2,,,,,,,,,,,,,Y,Y,,,,Y,,Y,Y,,,N1,Y,N1,45,N1,8,N1,Y,,4,Y,17,,1,2,,,,,,,,,,,,9,,,,,7,,,,,2,2,1,4,,,,,,1,1,258,,,,,,,,,,,,,,,,,Y,N1,A2800003,7
2026-07-28 02:28:43,data_go_kr,경상남도,A2800017,의료법인합포의료재단에스엠지연세병원,16,20260728022508,055-240-7777,,,,,,,,,,,,,,,,,,,1,,2,,,,,1,,,,,,,,,Y,,,,Y,,Y,Y,,,Y,Y,N1,35,N1,7,N1,Y,,4,N1,17,,1,2,,,,,,,,,,,,12,1,,,,4,,,,,1,2,1,7,,,1,,,,,286,,,,,,,,,,,,,,,,,Y,N1,A2800017,8
2026-07-28 02:28:43,data_go_kr,경상남도,A2803505,창원경상국립대학교병원,12,20260728022100,055-214-1339,Y,Y,,,,,,,,,,,,5,0,,,,1,,2,,,,,2,,,,,8,6,Y,,Y,,,,Y,,Y,Y,,,Y,Y,Y,196,Y,17,Y,Y,9,13,N1,18,,1,2,,,,17,,,,,,,,34,2,,,,13,,22,6,9,3,2,5,52,9,22,6,7,14,,,437,,,,,,,,,,,5,0,,,,,Y,Y,A2803505,9
2026-07-28 02:28:43,data_go_kr,경상남도,A2800007,창원한마음병원,14,20260728022410,055-225-0350,Y,Y,,,,,,,,0,,,,,,,,,1,1,1,,,,,1,,,,,,0,Y,,Y,,,,Y,,Y,Y,,,Y,Y,Y,40,Y,,Y,Y,10,13,Y,21,,1,3,,25,37,10,,,,,,,,,1,,,,13,,,6,2,4,4,4,29,3,11,6,1,2,,2,688,,,,,,,,,,,,,,,,,Y,Y,A2800007,10
2026-07-28 02:28:43,data_go_kr,경상남도,A2800004,창원파티마병원,6,20260728022106,055-270-1119,Y,Y,,,,,,,,2,,,,,,,,,1,2,2,0,,,,0,2,,,,,2,Y,Y,Y,,,,Y,,Y,Y,,,Y,Y,N1,83,Y,,Y,Y,2,7,N1,17,,1,2,2,12,13,2,,,,,,,,,2,3,,,7,,,6,2,4,3,3,16,3,6,3,,4,1,,444,,,,,,,,,,,,,,,,,Y,Y,A2800004,11
2026-07-28 02:28:43,data_go_kr,경상남도,A2800008,의료법인 거붕 백병원,9,20260728022446,055-733-0180,,,,,,,,,,,,,,,,,,,,,1,,,,,,,,,,,,,,Y,,,,,,Y,N1,,,N1,Y,N1,26,N1,11,N1,Y,,4,N1,9,,,1,,,,,,,,,,,,20,,,,,4,,,,,2,2,,12,,,,,,,,365,,,,,,,,,,,,,,,,,Y,N1,A2800008,12
2026-07-28 02:28:43,data_go_kr,경상남도,A2800005,의료법인 대우의료재단대우병원,8,20260728022439,055-680-8119,,,,,,,,,,,,,,,,,,,,,1,,,,,,,,,,,,,,Y,,,,,,Y,N1,,,N1,Y,N1,37,N1,3,N1,Y,,4,N1,9,,,1,,,,,,,,,,,,10,,,,,4,,,,,2,1,,5,,,,,,,,231,,,,,,,,,,,,,,,,,Y,N1,A2800005,13
2026-07-28 02:28:43,data_go_kr,경상남도,A2800022,의료법인 성념의료재단맑은샘병원,7,20260728022021,055-736-0119,,,,,,,,,,,,,,,,,,,,,1,,,,,,,,,,,,,,Y,,,,,,Y,N1,,,N1,Y,N1,2,N1,,N1,Y,,2,N1,9,,,1,,,,,,,,,,,,,,,,,2,,,,,1,1,,4,,,,,,,,200,,,,,,,,,,,,,,,,,Y,N1,A2800022,14
2026-07-28 02:28:43,data_go_kr,경상남도,A2800076,거창적십자병원,9,20260728022214,055-949-3359,,Y,,,,,,,,,,,,,,,,,,,1,,,,,,,,,,,,Y,,Y,,,,,,Y,N1,,,N1,Y,N1,25,N1,,Y,Y,,2,N1,9,,,1,,,,,,,,,,,,,,,,,2,,,,1,1,1,,2,,2,,,,,,91,,,,,,,,,,,,,,,,,Y,N1,A2800076,15
2026-07-28 02:28:43,data_go_kr,경상남도,A2800032,강병원,9,20260728022249,055-673-4848,,,,,,,,,,,,,,,,,,,,,1,,,,,,,,,,,,,,Y,,,,,,Y,N1,,,N1,Y,N1,15,N1,,N1,Y,,1,N1,9,,,1,,,,,,,,,,,,,,,,,1,,,,,1,1,,1,,,,,,,,99,,,,,,,,,,,,,,,,,Y,N1,A2800032,16
2026-07-28 02:28:43,data_go_kr,경상남도,A2803677,강일병원,7,20260728022207,055-822-0119,,,,,,,,,,,,,,,,,,,1,,2,,,,,,,,,,,,,,Y,,,,Y,,Y,Y,,,N1,Y,N1,111,N1,14,N1,Y,,5,N1,8,,1,2,,,,,,,,,,,,15,,,,,5,,,,,1,2,1,1,,,,,,,,275,,,,,,,,,,,,,,,,,Y,N1,A2803677,17
2026-07-28 02:28:43,data_go_kr,경상남도,A2800014,의료법인갑을의료재단 갑을장유병원,8,20260728022519,055-310-6119,,,,,,,,,,,,,,,,,,,1,,,,,,,,,,,,,,,,Y,,,,,,Y,N1,,,N1,Y,N1,46,N1,,N1,Y,,4,N1,9,,1,,,,,,,,,,,,,,,,,,4,,,,,1,1,,1,,,,,,,,210,,,,,,,,,,,,,,,,,Y,N1,A2800014,18
2026-07-28 02:28:43,data_go_kr,경상남도,A2800094,의료법인 이도의료재단 남해병원,7,20260728015831,055-860-6630,N,N,,,,,,,,,,,,,,,,,1,,1,,,,,,,,,,,,N,N,Y,,,,N,,Y,N,,,N,Y,N,76,N,,N,Y,,2,N,,,,,,,,,,,,,,,,,,,,,,,,,,,,,,,,,,,,,,,,,,,,,,,,,,,,,,N,N,A2800094,19
2026-07-28 02:28:43,data_go_kr,경상남도,A2800113,밀양병원,7,20260728022241,055-356-9119,,,,,,,,,,,,,,,,,,,,,1,,,,,,,,,,,,,,Y,,,,,,Y,N1,,,N1,Y,N1,29,N1,,N1,Y,,0,N1,8,,,1,,,,,,,,,,,,,,,,,0,,,,,1,1,,1,,,,,,,,200,,,,,,,,,,,,,,,,,Y,N1,A2800113,20
2026-07-28 02:28:43,data_go_kr,경상남도,A2800068,의료법인승연의료재단 삼천포서울병원,9,20260728021728,055-830-9019,,,,,,,,,,,,,,,,,,,,,1,,,,,,,,,,,,,,Y,,,,Y,,Y,Y,,,N1,Y,N1,23,N1,,N1,Y,,3,Y,9,,,1,,,,,,,,,,,,,,,,,3,,,,,1,2,1,4,,,,,,,1,287,,,,,,,,,,,,,,,,,Y,N1,A2800068,21
2026-07-28 02:28:43,data_go_kr,경상남도,A2800101,삼천포제일병원,8,20260728022111,055-830-3099,,,,,,,,,,,,,,,,,,,,,2,,,,,,,,,,,,,,Y,,,,,,Y,N1,,,N1,Y,N1,58,N1,,N1,Y,,2,N,8,,,2,,,,,,,,,,,,,,,,,2,,,,,1,1,,1,,,,,,,1,214,,,,,,,,,,,,,,,,,Y,N1,A2800101,22
2026-07-28 02:28:43,data_go_kr,경상남도,E2800380,산청군보건의료원,5,20260728022501,055-970-7582,,,,,,,,,,,,,,,,,,,,,1,,,,,,,,,,,,,,,,,,,,Y,N1,,,N1,N1,N1,20,N1,,N1,N1,,,N1,5,,,1,,,,,,,,,,,,,,,,,,,,,,,,,1,,,,,,,,20,,,,,,,,,,,,,,,,,Y,N1,E2800380,23
2026-07-28 02:28:43,data_go_kr,경상남도,A2804593,양산성모병원,11,20260728022447,055-912-9785,,,,,,,,,,,,,,,,,,,1,,,,,,,,,,,,,,,,Y,,,,,,Y,N1,,,N1,Y,N1,132,N1,4,N1,Y,,4,N1,13,,1,,,,,,,,,,,,,6,,,,,4,,,,,1,2,,1,,,,,,,,214,,,,,,,,,,,,,,,,,Y,N1,A2804593,24
2026-07-28 02:28:43,data_go_kr,경상남도,A2800019,베데스다복음병원,9,20260728022508,055-781-9911,,,,,,,,,,,,,,,,,,,,,1,,,,,,,,,,,,,,Y,,,,,,Y,N1,,,N1,Y,N1,43,N1,,N1,Y,,3,N1,9,,,1,,,,,,,,,,,,,,,,,3,,,,,1,1,,1,,,,,,,,133,,,,,,,,,,,,,,,,,Y,N1,A2800019,25
2026-07-28 02:28:43,data_go_kr,경상남도,A2800090,의령병원,4,20260728022452,055-573-6806,,,,,,,,,,,,,,,,,,,,,1,,,,,,,,,,,,,,Y,,,,,,Y,N1,,,N1,Y,N1,34,N1,,N1,N1,,,N1,4,,,1,,,,,,,,,,,,,,,,,,,,,,1,,,1,,,,,,,,58,,,,,,,,,,,,,,,,,Y,N1,A2800090,26
2026-07-28 02:28:43,data_go_kr,경상남도,A2800084,반도병원,7,20260728022505,055-749-0200,,,,,,,,,,,,,,,,,,,,,1,,,,,,,,,,,,,,Y,,,,,,Y,N1,,,N1,Y,N1,69,N1,,N1,Y,,3,N1,7,,,1,,,,,,,,,,,,,,,,,3,,,,,1,1,,3,,,,,,,,165,,,,,,,,,,,,,,,,,Y,N1,A2800084,27
2026-07-28 02:28:43,data_go_kr,경상남도,A2800015,의료법인 문병욱의료재단 진주고려병원,9,20260728022240,055-751-2525,,,,,,,,,,,,,,,,,,,,,1,,,,,,,,,,,,,,Y,,,,Y,,Y,Y,,,N1,Y,N1,46,N1,4,N1,Y,,4,Y,10,,,1,,,,,,,,,,,,9,,,,,4,,,,,2,2,1,4,,,,,,,1,229,,,,,,,,,,,,,,,,,Y,N1,A2800015,28
2026-07-28 02:28:43,data_go_kr,경상남도,A2800037,진주복음병원,8,20260728022534,055-749-7119,,,,,,,,,,,,,,,,,,,,,1,,,,,,,,,,,,,,Y,,,,,,Y,N1,,,N1,Y,N1,40,N1,,N1,N,,3,N1,9,,,1,,,,,,,,,,,,,,,,,3,,,,,1,1,,1,,,,,,,,131,,,,,,,,,,,,,,,,,N,N1,A2800037,29
2026-07-28 02:28:43,data_go_kr,경상남도,A2800062,태황의료재단한성병원,9,20260728022512,055-530-5119,,,,,,,,,,,,,,,,,,,,,1,,,,,,,,,,,,,,,,,,,,Y,N1,,,N1,N1,N1,44,N1,,N1,N1,,,N1,9,,,1,,,,,,,,,,,,,,,,,,,,,,,,,,,,,,,,,167,,,,,,,,,,,,,,,,,N1,N1,A2800062,30
2026-07-28 02:28:43,data_go_kr,경상남도,A2800025,경상남도마산의료원,12,20260728022501,055-249-1119,,,,,,,,,,,,,,,,,,,1,,1,,,,,2,,,,,,18,,,Y,,,,,,Y,N1,,,Y,Y,N1,59,N1,4,N1,Y,,5,N1,13,,1,1,,,,,,,,,,,,6,2,,,,5,,,27,,1,1,,17,,,2,,,,,263,,,,,,,,,,,,,,,,,Y,N1,A2800025,31
2026-07-28 02:28:43,data_go_kr,경상남도,A2800009,의료법인청아의료재단청아병원,9,20260728022305,055-230-1700,,,,,,,,,,,,,,,,,,,,,1,,,,,,,,,,,,,,Y,,,,,,Y,N1,,,N1,Y,N1,64,N1,,N1,Y,,4,N1,9,,,1,,,,,,,,,,,,,,,,,4,,,,,2,2,,4,,,,,,,,274,,,,,,,,,,,,,,,,,Y,N1,A2800009,32
2026-07-28 02:28:43,data_go_kr,경상남도,A2800021,연세에스병원,9,20260728022136,055-548-7789,,,,,,,,,,,,,,,,,,,,,1,,,,,,,,,,,,,,Y,,,,Y,,Y,Y,,,N1,Y,N1,116,N1,9,N1,Y,,2,N1,9,,,1,,,,,,,,,,,,10,,,,,3,,,,,2,2,1,5,,,,,,,,255,,,,,,,,,,,,,,,,,Y,N1,A2800021,33
2026-07-28 02:28:43,data_go_kr,경상남도,A2800092,새통영병원,7,20260728022432,055-640-4119,,,,,,,,,,,,,,,,,,,,,1,,,,,,,,,,,,,,Y,,,,,,Y,N1,,,N1,Y,N1,61,N1,,N1,Y,,3,N1,9,,,1,,,,,,,,,,,,,,,,,3,,,,,1,2,,3,,,,,,,,256,,,,,,,,,,,,,,,,,Y,N1,A2800092,34
2026-07-28 02:28:43,data_go_kr,경상남도,A2800080,함양성심병원,4,20260728022247,055-964-4322,,,,,,,,,,,,,,,,,,,,,1,,,,,,,,,,,,,,Y,,,,,,Y,N1,,,N1,Y,N1,7,N1,,N1,Y,,2,N1,4,,,1,,,,,,,,,,,,,,,,,2,,,,,1,1,,1,,,,,,,,121,,,,,,,,,,,,,,,,,Y,N1,A2800080,35
2026-07-28 02:28:43,data_go_kr,경상남도,A2800055,삼성합천병원,4,20260728022501,070-5125-5030,,,,,,,,,,,,,,,,,,,,,1,,,,,,,,,,,,,,Y,,,,,,Y,N1,,,N1,Y,N1,15,N1,,N1,Y,,2,N1,4,,,1,,,,,,,,,,,,,,,,,2,,,,,1,1,,1,,,,,,,,141,,,,,,,,,,,,,,,,,Y,N1,A2800055,36
2026-07-28 02:28:43,data_go_kr,제주특별자치도,A2900001,제주한라병원,5,20260728022927,064-740-5159,Y,Y,,,,,0,0,,,4,,,,,,,3,2,,3,6,,,,,18,,6,2,,,Y,,Y,,1,6,Y,10,Y,Y,,,Y,Y,Y,108,Y,7,Y,Y,3,6,N1,15,3,2,3,14,,,7,,,,,20,,,15,,30,,40,6,2,,,2,3,2,3,46,3,8,9,4,2,,,414,,,,,4,2,,4,,,,,,,2,6,Y,Y,A2900001,1
2026-07-28 02:28:43,data_go_kr,제주특별자치도,A2900002,제주특별자치도서귀포의료원,11,20260728022401,064-730-3001,,Y,,,,,,,,,,,,,,,,4,1,,4,2,,,,3,3,,,,2,,Y,,Y,,,,Y,,Y,Y,,,Y,Y,N1,148,N1,10,Y,Y,,4,Y,16,4,1,4,2,,,,,,,,,,,17,3,3,,,4,,26,,1,2,1,1,16,,4,3,,,,1,326,,,,,,,,,,,,,,,,,Y,N1,A2900002,2
2026-07-28 02:28:43,data_go_kr,제주특별자치도,A2900007,제주대학교병원,-1,20260728022500,,Y,Y,,,,,,,,0,,,,,,,,,1,4,1,,3,,2,,,,,,3,5,Y,,Y,,,,Y,,Y,Y,,,Y,Y,Y,112,Y,,Y,Y,11,12,N1,20,,1,5,,12,12,16,3,,,,,6,,,,,,,12,,20,9,3,2,2,4,45,8,17,10,5,3,,,458,,,,,,,,,,,,,,,,,Y,Y,A2900007,3
2026-07-28 02:28:43,data_go_kr,제주특별자치도,A2900005,한마음병원,8,20260728022304,064-750-9119,,,,,,,,,,,,,,,,,,,1,,1,,,,,,1,,,,,,,,Y,,,,Y,,Y,Y,,,Y,Y,N1,52,N1,3,N1,Y,,4,N1,17,,1,2,,,,,,,,,,,,12,,1,,,4,,,,,1,1,1,6,,,2,,,,,215,,,,,,,,,,,,,,,,,Y,N1,A2900005,4
2026-07-28 02:28:43,data_go_kr,제주특별자치도,A2900006,의료법인중앙의료재단중앙병원,7,20260728022453,064-786-7777,,,,,,,,,,,,,,,,,,1,1,,2,,,,,,,,,,,,,,Y,,,,Y,,Y,Y,,,Y,Y,Y,97,N1,5,N1,Y,,3,N1,16,1,1,2,,,,,,,,,,,,16,,,,,3,,,,,1,1,2,10,,,2,1,,,,281,,,,,,,,,,,,,,,,,Y,N1,A2900006,5
2026-07-28 02:28:43,data_go_kr,제주특별자치도,A2900003,의료법인 혜인의료재단 한국병원,3,20260728022414,064-750-0160,,,,,,,,,,,,,,,,,,,,,0,,,,,,,,,,,,,,Y,,,,,,Y,N1,,,N1,Y,N1,27,N1,4,N1,Y,,3,N1,9,,,1,,,,,,,,,,,,10,,,,,3,,,,,1,1,,6,,,,,,,,209,,,,,,,,,,,,,,,,,Y,N1,A2900003,6
2026-07-28 04:10:16,data_go_kr,서울특별시,A1100043,강동경희대학교병원,6,20260728040520,02-440-7000,Y,Y,,,,,1,,,,,,,,,1,,3,2,,2,1,,,,,0,,,,,0,Y,N,Y,,,,Y,,Y,Y,,,Y,Y,Y,112,Y,2,Y,Y,2,16,N,15,3,2,3,19,,,17,,,,,,,,27,,30,,,17,,,1,8,2,2,3,32,9,13,4,1,1,0,0,625,,,,,3,,,,,,,,2,,,,Y,Y,A1100043,1
2026-07-28 04:10:16,data_go_kr,서울특별시,A1100014,고려대학교의과대학부속구로병원,9,20260728040454,02-2626-1550,Y,Y,3,,,,,,,1,,,,,,,,3,,2,,2,,,,3,1,,,,4,0,Y,,Y,,,,Y,,Y,Y,,,Y,Y,Y,38,Y,11,Y,Y,-2,24,N1,29,3,,,20,20,10,23,,,,,,,,35,10,30,,,24,,18,4,2,6,6,4,98,11,35,15,10,3,,,778,5,,,,,,,,,,,,,,,,Y,Y,A1100014,2
2026-07-28 04:10:16,data_go_kr,서울특별시,A1100013,한양대학교병원,15,20260728040300,02-2290-8284,Y,Y,4,2,,,1,1,,1,,,,,,,,3,,2,,1,,,,2,8,,,,1,0,Y,,Y,,,,Y,,Y,Y,,,Y,Y,Y,156,Y,0,Y,Y,2,15,Y,20,3,,,22,12,13,25,,,,,,,,0,2,30,,,16,,16,2,1,3,2,3,69,10,20,11,4,3,,1,670,4,8,,,2,5,,,,,,,,,,,Y,Y,A1100013,3
2026-07-28 04:10:16,data_go_kr,서울특별시,A1100008,학교법인고려중앙학원고려대학교의과대학부속병원(안암병원),17,20260728040509,02-920-5374,Y,Y,1,6,,,1,,,1,,,,,,,,4,,2,,2,,,0,1,0,,,,2,1,Y,,Y,,,,Y,,Y,Y,,,Y,Y,Y,28,Y,,Y,Y,-2,25,N1,30,4,,,15,16,19,17,,,,,,9,,,6,31,,,25,,10,3,4,7,6,8,84,14,20,11,8,7,,,777,2,7,,,6,,,,,,,,,,,,Y,Y,A1100008,4
2026-07-28 04:10:16,data_go_kr,서울특별시,A1100005,이화여자대학교의과대학부속목동병원,13,20260728040050,02-2650-5911,Y,Y,,,,,0,0,,1,,,,,,,,8,2,4,4,3,,,,0,5,,,,4,3,Y,,Y,3,,,Y,,Y,Y,,,Y,Y,Y,61,Y,,Y,Y,14,13,N1,19,8,2,4,19,10,13,28,,,,14,,,,,4,32,,,13,,10,9,2,4,4,4,58,10,34,9,3,5,,,526,,,,,1,1,,,,,,,,,,,Y,Y,A1100005,5
2026-07-28 04:10:16,data_go_kr,서울특별시,A1100017,서울대학교병원,2,20260728040525,02-2072-2475,Y,Y,,,1,1,2,0,,0,,0,0,,1,,,9,2,7,3,7,3,0,5,4,11,4,,,4,4,Y,Y,Y,3,,,Y,,Y,Y,4,0,Y,Y,Y,92,Y,,Y,Y,3,53,N1,24,10,2,4,17,10,18,40,22,2,10,5,,8,10,,28,30,6,,53,,41,7,4,13,13,14,160,19,46,22,9,3,1,,1365,,,1,1,2,1,,,0,0,,8,,,,,Y,Y,A1100017,6
2026-07-28 04:10:16,data_go_kr,서울특별시,A1100035,서울특별시서울의료원,8,20260728040500,02-2276-7000,Y,Y,,,,,1,1,0,0,,,,,,,,1,2,,3,4,,,,,4,,,,11,2,Y,Y,Y,1,,,Y,,Y,Y,,,Y,Y,Y,87,Y,1,Y,Y,2,10,Y,19,3,2,3,14,7,,3,,,,6,,,,5,,28,,,10,,30,3,4,5,3,5,65,5,12,7,2,4,1,2,461,,,,,2,4,2,,,,,,,,,,Y,Y,A1100035,7
2026-07-28 04:10:16,data_go_kr,서울특별시,A1100015,연세대학교의과대학강남세브란스병원,3,20260728040354,02-2019-3333,Y,Y,,,,,,,,,,,,,,,,2,1,,2,,,,4,,,,,,,5,Y,,Y,7,,,Y,,Y,Y,,,Y,Y,Y,40,Y,10,Y,Y,0,23,N1,21,2,1,2,,,,28,,,,12,,8,,29,,,,,23,,,5,1,4,3,6,47,10,23,6,3,5,,,691,,,,,,,,,,,,,,,,,Y,Y,A1100015,8
2026-07-28 04:10:16,data_go_kr,서울특별시,A1100010,삼성서울병원,-22,20260728040259,02-3410-2060,Y,Y,,,,,,,,15,,,,,,,,0,2,11,1,,4,,3,2,,,,,5,11,Y,,Y,5,,,Y,,Y,Y,,15,Y,Y,Y,103,Y,14,Y,Y,2,53,N1,52,4,2,2,,30,23,59,15,,,12,,12,36,14,2,,,,53,,27,18,8,19,16,15,117,22,43,21,11,2,,,1528,,,,,,,,,,,,,,,,,Y,Y,A1100010,9
2026-07-28 04:10:16,data_go_kr,서울특별시,A1100028,성심의료재단강동성심병원,6,20260728040432,02-2224-2358,Y,Y,,,,,,,,0,,,,,,,2,,1,,6,,,,,2,,,,,,0,Y,,Y,,,,Y,,Y,Y,,,Y,Y,Y,112,Y,0,Y,Y,2,13,N1,15,,1,6,,18,,3,,,,,,,,19,5,,,,13,,,2,1,4,2,5,35,3,3,8,3,1,,,566,,,,,,,,,,,,,,2,,,Y,Y,A1100028,10
2026-07-28 04:10:16,data_go_kr,서울특별시,A1100053,한국보훈복지의료공단중앙보훈병원,17,20260728040349,02-2225-1100,,,,,,,,,,5,,,,,,,,,1,7,2,0,,,0,1,1,,,,35,0,N,,Y,2,,,Y,,Y,Y,,,Y,Y,Y,142,N1,,N1,Y,,13,N1,22,,1,2,2,14,14,,,,,13,,10,,,1,3,,,13,,60,7,1,3,4,4,38,,,10,1,,,,820,,,,,,,,,,,,,,,,,Y,N1,A1100053,11
2026-07-28 04:10:16,data_go_kr,서울특별시,A1120796,이화여자대학교의과대학부속서울병원,9,20260728040145,02-6986-5119,Y,Y,,,,,,,,0,,,,,,,,6,2,7,6,,,,0,1,,,,,,3,Y,,Y,5,,,Y,,Y,Y,,3,Y,Y,Y,130,Y,0,Y,Y,0,19,N1,14,9,2,6,,10,17,24,,,,17,,11,19,11,7,,,,19,,,4,2,5,5,8,71,9,22,12,4,5,,,732,,,,,,,,,,,,,,,,,Y,Y,A1120796,12
2026-07-28 04:10:16,data_go_kr,서울특별시,A1100041,의료법인서울효천의료재단에이치플러스양지병원,18,20260728040512,070-4665-9119,,,,,,,,,,,,,,,,,,,1,,2,,,,,0,,,,,,2,,,Y,,,,Y,,Y,Y,,,Y,Y,Y,26,Y,2,N1,Y,,7,N1,18,,1,2,,,,,,,,,,,,20,1,,,,7,,,3,,2,3,3,23,,,4,1,1,,,301,,,,,,,,,,,,,,,,,Y,N1,A1100041,13
2026-07-28 04:10:16,data_go_kr,서울특별시,A1100002,건국대학교병원,15,20260728040244,02-2030-5555,Y,Y,,,,,,,,6,,,,,,,,3,1,10,2,,,,,1,,,,,7,0,Y,,Y,,,,Y,,Y,Y,,,Y,Y,Y,135,Y,,Y,Y,-1,21,N1,20,4,1,2,,24,25,16,,,,,,,,,1,,,,21,,14,3,2,4,4,5,45,7,18,7,3,14,,,678,,,,,,,,,,,,,,,,,Y,Y,A1100002,14
2026-07-28 04:10:16,data_go_kr,서울특별시,A1100016,인제대학교상계백병원,13,20260728040239,02-950-1119,Y,Y,,,,,,,,4,,,,,,,4,,1,4,2,,,,,1,,,,,3,1,Y,,Y,,,,Y,,Y,Y,,,Y,Y,Y,68,Y,,Y,Y,1,13,N1,16,,1,2,,19,18,15,,,,,,,,,4,,,,13,,5,2,2,3,2,3,36,10,25,10,3,1,,,390,,,,,,,,,,,,,,4,,,Y,Y,A1100016,15
2026-07-28 04:10:16,data_go_kr,서울특별시,A1100048,노원을지대학교병원,14,20260728040102,02-970-8282,Y,Y,,,,,,,,3,,,,,,,,,1,6,4,,,,,2,,,,,3,0,Y,,Y,,0,0,Y,,Y,Y,,,Y,Y,Y,180,N1,,Y,Y,1,11,N1,17,,1,4,,16,16,10,,,,,,,,,2,,,,11,,21,1,3,2,2,2,26,8,19,3,1,,,,479,,,,,,,,,,,,,,,0,0,Y,Y,A1100048,16
2026-07-28 04:10:16,data_go_kr,서울특별시,A1100020,의료법인한전의료재단한일병원,19,20260728040503,02-901-3119,N,N,,,,,,,,,,,,,,,,2,2,,1,0,,,,0,2,,,,,1,,Y,Y,,,,Y,,Y,Y,,,Y,Y,N1,67,Y,2,N,Y,,8,Y,21,2,2,2,2,,,,,,,,,,,21,1,3,,,8,,,5,,2,1,1,25,1,4,2,,4,2,2,389,,,,,,,,,,,,,,,,,Y,N,A1100020,17
2026-07-28 04:10:16,data_go_kr,서울특별시,A1100001,경희대학교병원,13,20260728040530,02-958-8114,Y,Y,,,,,,,,,,,,,,,,3,2,,2,,,,,,,,,,10,9,Y,,Y,3,,,Y,,Y,Y,,,Y,Y,Y,119,Y,19,Y,Y,0,16,N1,15,3,2,3,,,,14,,,,15,,,,73,,,,,16,,20,10,3,3,3,5,48,6,12,8,3,2,,,657,,,,,,,,,,,,,,,,,Y,Y,A1100001,18
2026-07-28 04:10:16,data_go_kr,서울특별시,A1100021,삼육서울병원,11,20260728040437,02-2210-3566,,N,,,,,,,,,,,,,,,2,,1,,2,0,,,,1,1,,,,,4,Y,,Y,,,,Y,,Y,Y,,,Y,Y,Y,53,Y,4,N,Y,4,5,Y,13,,1,2,2,,,4,,,,,,,,15,1,3,,,5,,,4,2,1,1,2,20,,4,5,2,1,,1,389,,,,,,,,,,,,,,4,,,Y,N1,A1100021,19
2026-07-28 04:10:16,data_go_kr,서울특별시,A1100040,서울특별시보라매병원,27,20260728040500,02-870-2119,Y,Y,,,,,,,,6,,,,,,,,2,2,10,1,,,,2,2,,,,,1,0,Y,,Y,,,,Y,,Y,Y,,,Y,Y,Y,138,Y,,Y,Y,0,14,N1,31,3,2,1,,15,16,14,,,,,,4,,,4,,,,14,,14,3,4,6,3,5,48,14,13,5,9,2,,,695,,,,,,,,,,,,,,,,,Y,Y,A1100040,20
2026-07-28 04:10:16,data_go_kr,서울특별시,A1100003,중앙대학교병원,9,20260728040508,02-6299-1338,Y,Y,0,0,,,0,,,2,,,,,4,,,3,0,4,0,2,,,,3,,,,,3,1,Y,,Y,,,,Y,,Y,Y,,,Y,Y,Y,128,Y,,Y,Y,0,16,N1,18,4,0,0,12,12,17,25,,,,,,,,,11,,,,16,,24,2,2,4,3,4,51,9,21,13,6,12,,,631,0,0,,,1,,,,,,,4,,,,,Y,Y,A1100003,21
2026-07-28 04:10:16,data_go_kr,서울특별시,A1100007,연세대학교의과대학세브란스병원,9,20260728040451,02-2227-7777,Y,Y,,,1,1,,,,8,,,,,,,,4,1,9,2,,5,1,14,2,,1,,,0,1,Y,Y,Y,2,,,Y,,Y,Y,2,0,Y,Y,Y,222,Y,6,Y,Y,10,3,N1,39,8,1,3,,29,24,52,22,2,10,29,,23,17,18,5,,6,,3,,20,30,8,16,16,17,206,55,61,21,16,21,1,,1872,,,1,1,,,,,,,,,,,,,Y,Y,A1100007,22
2026-07-28 04:10:16,data_go_kr,서울특별시,A1100012,학교법인가톨릭학원가톨릭대학교서울성모병원,-8,20260728040512,02-2258-2370,Y,Y,1,3,1,1,,,,7,,,,,,,,3,,12,,,0,1,0,11,,0,,,14,2,Y,,Y,13,,,Y,,Y,Y,,5,Y,Y,Y,85,Y,0,Y,Y,5,32,N1,28,7,,,,22,22,50,3,2,,19,,10,8,5,18,,6,,32,,35,10,2,9,10,8,80,40,39,11,9,4,,,1059,1,5,1,1,,,,,,,,,,,,,Y,Y,A1100012,23
2026-07-28 04:10:16,data_go_kr,서울특별시,A1100009,재단법인아산사회복지재단서울아산병원,7,20260728040415,02-3010-3333,Y,Y,,,2,0,1,1,,1,,,,,,,,7,1,5,8,1,1,0,4,9,0,0,,,7,3,Y,,Y,3,,,Y,,Y,Y,4,2,Y,Y,Y,133,Y,3,Y,Y,10,4,Y,36,11,1,22,2,24,37,61,26,2,13,12,,12,12,12,47,4,6,,4,,28,8,8,21,15,17,190,33,49,30,14,5,,1,2089,,,2,1,1,6,,,,,,,,,,,Y,Y,A1100009,24
2026-07-28 04:10:16,data_go_kr,서울특별시,A1100011,가톨릭대학교여의도성모병원,13,20260728040512,02-3779-1199,,,,,,,,,,2,,,,,,,,,1,0,4,,,,,1,,,,,,1,Y,,Y,1,,,Y,,Y,Y,,,Y,Y,Y,78,Y,,N1,Y,,13,N1,15,,1,4,,11,9,,,,,9,,,,,1,,,,13,,,1,2,2,2,2,23,,,5,2,2,,,330,,,,,,,,,,,,,,,,,Y,N1,A1100011,25
2026-07-28 04:10:16,data_go_kr,서울특별시,A1100055,한림대학교강남성심병원,19,20260728040211,02-829-5119,Y,Y,,,,,,,,0,,,,,,,,3,1,6,4,,,,1,2,,,,,,,Y,,Y,,,,Y,,Y,Y,,,Y,Y,Y,126,Y,,Y,Y,0,14,N1,20,3,1,4,,21,25,12,,,,,,10,,,7,,,,14,,,,3,3,3,3,54,21,22,13,3,2,,,496,,,,,,,,,,,,,,,,,Y,Y,A1100055,26
2026-07-28 04:10:16,data_go_kr,서울특별시,A1100054,성애의료재단성애병원,12,20260728040306,02-840-7115,Y,Y,,,,,,,,,,,,,,,,,1,,4,,,,,1,,,,,,,Y,,Y,,,,Y,,Y,Y,,,Y,Y,N1,34,N1,0,Y,Y,2,5,N1,15,,1,4,,,,4,,,,,,,,19,1,,,,5,,,,2,2,2,1,8,5,14,2,,,,,252,,,,,,,,,,,,,,,,,Y,Y,A1100054,27
2026-07-28 04:10:16,data_go_kr,서울특별시,A1100004,순천향대학교부속서울병원,14,20260728040325,02-709-9117,Y,Y,,,,,,,,,,,0,,0,,0,3,1,,2,,,,,0,,,,,9,2,Y,,Y,,,,Y,,Y,Y,,,Y,Y,Y,116,Y,2,Y,Y,1,13,N1,20,4,1,2,,,,13,,,,,,,,45,10,,,,14,,21,4,7,3,3,4,51,8,17,14,5,3,,,600,,,,,,,,,,0,,0,,0,,,Y,Y,A1100004,28
2026-07-28 04:10:16,data_go_kr,서울특별시,A1121013,가톨릭대학교은평성모병원,15,20260728040511,02-1811-7755,Y,Y,,,,,,,,0,,,,,,,,6,2,0,2,,,,5,0,,,,,,1,Y,,Y,0,,,Y,,Y,Y,,,Y,Y,Y,64,Y,,Y,Y,6,19,N1,24,8,2,2,,16,9,19,,,,13,,12,,,4,,,,19,,,5,1,4,3,5,46,19,22,10,5,20,,,651,,,,,,,,,,,,,,,,,Y,Y,A1121013,29
2026-07-28 04:10:16,data_go_kr,서울특별시,A1100006,강북삼성병원,12,20260728040530,02-2001-1000,Y,Y,,,,,,,,,,,,,,,,2,1,1,2,,,,,1,,,,,7,2,Y,,Y,2,,,Y,,Y,Y,,2,Y,Y,Y,37,Y,4,Y,Y,1,16,N1,15,2,1,2,,,4,7,,,,12,,,8,24,5,,,,16,,18,3,1,5,4,6,54,13,14,8,4,3,,,526,,,,,,,,,,,,,,,,,Y,Y,A1100006,30
2026-07-28 04:10:16,data_go_kr,서울특별시,A1100052,국립중앙의료원,11,20260728040405,02-2276-2114,N,Y,,,,,,,,,,0,,,0,0,5,3,2,0,3,1,,,,2,0,,8,2,,4,Y,,Y,,2,6,Y,11,Y,Y,,,Y,Y,Y,0,Y,1,Y,Y,,7,N1,15,3,2,3,6,,0,,,,,,20,,,13,2,0,,50,7,2,,7,1,1,1,2,56,1,3,5,5,2,,,202,,,,,,,,,0,,,0,0,5,2,6,Y,N,A1100052,31
2026-07-28 04:10:16,data_go_kr,서울특별시,A1100036,부민병원,7,20260728040105,02-2620-0119,,Y,,,,,,,,,,,,,,,,,1,,,,,,,0,,,,,,0,Y,,Y,,,,Y,,Y,Y,,,Y,Y,Y,53,N1,3,Y,Y,,8,N1,10,,1,,,,,,,,,,,,,14,1,,,,8,,,3,1,3,3,1,22,,1,2,1,,,,282,,,,,,,,,,,,,,,,,Y,N1,A1100036,32
2026-07-28 04:10:16,data_go_kr,서울특별시,A1100051,혜민병원,8,20260728040025,02-2049-9119,,,,,,,,,,,,,,,,,,,1,,,,,,,,,,,,,,,,Y,,,,,,Y,N1,,,Y,Y,N1,34,N1,3,N1,Y,,5,N1,9,,1,,,,,,,,,,,,,19,,,,,5,,,,,2,2,,16,,,2,,,,,205,,,,,,,,,,,,,,,,,Y,N1,A1100051,33
2026-07-28 04:10:16,data_go_kr,서울특별시,A1100026,구로성심병원,9,20260728040443,02-2067-1515,,,,,,,,,,,,,,,,,,,,,1,,,,,,,,,,,,,,Y,,,,,,Y,N1,,,N1,Y,N1,39,N1,3,N1,Y,,3,N1,9,,,1,,,,,,,,,,,,11,,,,,3,,,,,1,1,,5,,,,,,,,191,,,,,,,,,,,,,,,,,Y,N1,A1100026,34
2026-07-28 04:10:16,data_go_kr,서울특별시,A1100049,희명병원,10,20260728040525,02-809-0122,,,,,,,,,,,,,,,,,,,,,1,,,,,,,,,,,,,,Y,,,,,,Y,N1,,,Y,Y,Y,113,N1,2,N1,Y,,4,N1,10,,,1,,,,,,,,,,,,19,,,,,4,,,,,1,1,,9,,,1,1,,,,228,,,,,,,,,,,,,,,,,Y,N1,A1100049,35
2026-07-28 04:10:16,data_go_kr,서울특별시,A1100027,한국원자력의학원원자력병원,8,20260728040055,02-970-2620,,Y,,,,,,,,,,,,,,,1,,1,,0,,,,,1,,,,,,1,Y,,Y,,,,Y,,Y,Y,,,Y,Y,N1,192,N1,6,Y,Y,,10,N1,9,,1,1,,,,,,,,,,,,10,1,,,,10,,,1,1,4,2,1,16,,2,1,,,,,444,,,,,,,,,,,,,,1,,,Y,N1,A1100027,36
2026-07-28 04:10:16,data_go_kr,서울특별시,A1100022,서울특별시동부병원,7,20260728040520,02-920-9119,,Y,,,,,,,,,,,,,,,,,1,,1,,,,,1,,,,,,,Y,,Y,,,,,,Y,N1,,,Y,Y,N1,22,N1,1,Y,Y,,3,N1,8,,1,1,,,,,,,,,,,,8,1,,,,3,,,,1,1,1,,7,,1,1,,,,,195,,,,,,,,,,,,,,,,,Y,N1,A1100022,37
2026-07-28 04:10:16,data_go_kr,서울특별시,A1100050,서울성심병원,17,20260728040428,02-966-1616,,,,,,,,,,,,,,,,,,,1,,2,,,,,,,,,,,,,,Y,,,,,,Y,N1,,,N1,Y,N1,68,N1,7,N1,Y,,6,N1,17,,1,2,,,,,,,,,,,,10,,,,,6,,,,,1,1,,11,,,,,,,,208,,,,,,,,,,,,,,,,,Y,N1,A1100050,38
2026-07-28 04:10:16,data_go_kr,서울특별시,A1100025,의료법인동신의료재단동신병원,6,20260728040409,02-396-9161,N,N,,,,,,,,,,,,,,,,,,,1,,,,,,,,,,,,N,N,Y,,,,N,,Y,N,,,Y,Y,N,46,N,4,N,Y,,3,N,9,,,1,,,,,,,,,,,,9,,,,,3,,,,0,1,1,0,7,0,0,1,0,0,0,0,196,,,,,,,,,,,,,,,,,Y,N,A1100025,39
2026-07-28 04:10:16,data_go_kr,서울특별시,A1122033,기쁨병원,3,20260728040451,02-570-1212,,,,,,,,,,,,,,,,,,,,,1,,,,,,,,,,,,,,Y,,,,Y,,Y,Y,,,N1,Y,N1,51,N1,,N1,Y,,8,N1,4,,,1,,,,,,,,,,,,,,,,,8,,,,,2,2,1,1,,,,,,,,110,,,,,,,,,,,,,,,,,Y,N1,A1122033,40
2026-07-28 04:10:16,data_go_kr,서울특별시,A1100039,경찰병원,3,20260728040502,02-3400-1300,,,,,,,,,,,,,,,,,1,,1,,,,,,,2,,,,,,2,,,Y,,,,,,Y,N1,,,Y,Y,N1,125,N1,14,N1,Y,,7,N1,3,,1,,,,,,,,,,,,,14,2,,,,7,,,2,,2,3,,10,,,2,,,,,187,,,,,,,,,,,,,,1,,,Y,N1,A1100039,41
2026-07-28 04:10:16,data_go_kr,서울특별시,A1100019,홍익병원,5,20260728040240,02-2600-0777,,,,,,,,,,,,,,,,,,,,,1,,,,,0,,,,,,1,,,Y,,,,Y,,Y,Y,,,N,Y,N1,44,N1,7,N1,Y,,4,N1,9,,,1,,,,,,,,,,,,14,1,,,,4,,,1,,4,2,2,7,,,1,,,,,251,,,,,,,,,,,,,,,,,Y,N1,A1100019,42
2026-07-28 04:10:16,data_go_kr,서울특별시,A1100223,서울특별시서남병원,17,20260728040000,02-6300-9129,,,,,,,,,,,,,,,,0,,,1,,1,2,,,,1,0,,,,,4,,,Y,,,,,,Y,N1,,,Y,Y,Y,52,Y,7,N1,Y,,4,N1,17,,1,2,2,,,,,,,,,,,17,1,3,,,4,,,4,,2,1,,16,,,1,1,1,,,275,,,,,,,,,,,,,0,,,,Y,N1,A1100223,43
2026-07-28 04:10:16,data_go_kr,서울특별시,A1100024,명지성모병원,7,20260728040515,02-829-7800,,,,,,,,,,,,,,,,,,,1,,0,,,,,1,,,,,,,,,Y,,,,Y,,Y,Y,,,N1,Y,N1,72,N1,5,N1,Y,,3,N1,8,,1,1,,,,,,,,,,,,12,1,,,,3,,,,,1,3,2,7,,,,,,,,212,,,,,,,,,,,,,,,,,Y,N1,A1100024,44
2026-07-28 04:10:16,data_go_kr,서울특별시,A1100037,대림성모병원,7,20260728040025,02-829-9129,,,,,,,,,,,,,,,,,,,,,2,,,,,,,,,,,,,,Y,,,,,,Y,N1,,,N1,Y,N1,37,N1,,N1,Y,,4,N1,8,,,2,,,,,,,,,,,,,,,,,4,,,,,1,1,,1,,,,,,,,113,,,,,,,,,,,,,,,,,Y,N1,A1100037,45
2026-07-28 04:10:16,data_go_kr,서울특별시,A1100045,씨엠병원,9,20260728040030,070-4698-7811,,,,,,,,,,,,,,,,,,,,,1,,,,,,,,,,,,,,Y,,,,,,Y,N1,,,N1,Y,N1,39,N1,,N1,Y,,5,N1,9,,,1,,,,,,,,,,,,,,,,,5,,,,,2,2,,6,,,,,,,,110,,,,,,,,,,,,,,,,,Y,N1,A1100045,46
2026-07-28 04:10:16,data_go_kr,서울특별시,A1100023,의료법인청구성심병원,8,20260728040402,02-383-0129,,,,,,,,,,,,,,,,,,,,,1,,,,,,,,,,,,,,Y,,,,,,Y,N1,,,N1,Y,N1,6,N1,1,N1,Y,,3,N1,10,,,1,,,,,,,,,,,,6,,,,,3,,,,,1,1,,4,,,,,,,,196,,,,,,,,,,,,,,,,,Y,N1,A1100023,47
2026-07-28 04:10:16,data_go_kr,서울특별시,A1100029,서울적십자병원,10,20260728040431,02-2002-8888,,,,,,,,,,,,,,,,,,,1,,,,,,,,,,,,,,,,Y,,,,,,Y,N1,,,Y,Y,N1,81,N1,8,N1,Y,,6,N1,10,,1,,,,,,,,,,,,,12,,,,,6,,,,,1,1,,11,,,2,,,,,260,,,,,,,,,,,,,,,,,Y,N1,A1100029,48
2026-07-28 04:10:16,data_go_kr,서울특별시,A1100032,세란병원,10,20260728040439,02-737-0181,,,,,,,,,,,,,,,,,,,,,1,,,,,,,,,,,,,,Y,,,,,,Y,N1,,,N1,Y,N1,19,N1,,N1,Y,,13,N1,10,,,1,,,,,,,,,,,,,,,,,13,,,,,3,5,,3,,,,,,,,205,,,,,,,,,,,,,,,,,Y,N1,A1100032,49
2026-07-28 04:10:16,data_go_kr,서울특별시,A1100075,의료법인풍산의료재단동부제일병원,6,20260728040100,02-490-8880,,,,,,,,,,,,,,,,,,,,,1,,,,,,,,,,,,,,Y,,,,,,Y,N1,,,N1,Y,N1,39,N1,,N1,N,,2,N1,7,,,1,,,,,,,,,,,,,,,,,2,,,,,1,1,,3,,,,,,,,124,,,,,,,,,,,,,,,,,Y,N1,A1100075,50
2026-07-28 04:10:16,data_go_kr,서울특별시,A1100044,녹색병원,4,20260728040503,02-490-2113,,,,,,,,,,,,,,,,,,,1,,4,,,,,2,,,,,,0,Y,,Y,,,,,,Y,N1,,,Y,Y,N1,76,N1,7,N1,Y,,3,N1,5,,1,4,,,,,,,,,,,,17,3,,,,3,,,3,1,2,1,,22,,,1,,,,,293,,,,,,,,,,,,,,,,,Y,N1,A1100044,51
2026-07-28 04:10:16,data_go_kr,부산광역시,A1200003,동아대학교병원,23,20260728040211,051-240-5300,Y,Y,2,5,,,,1,1,,,,,,,,,3,,,,9,,,2,5,8,,,,6,1,Y,,Y,1,,,Y,,Y,Y,4,5,Y,Y,Y,80,Y,6,Y,Y,6,18,N1,26,3,,,16,,,20,,,8,13,,11,7,18,6,30,,,18,,18,3,4,5,3,4,76,11,30,16,4,4,,,738,2,6,,,,4,1,,,,,,,,,,Y,Y,A1200003,1
2026-07-28 04:10:16,data_go_kr,부산광역시,A1200022,인제대학교 해운대백병원,25,20260728040017,051-797-0135,Y,Y,,,,,3,2,,8,,,,,,,,2,2,8,3,7,,,,1,5,,,,,1,Y,Y,Y,,,,Y,,Y,Y,,,Y,Y,Y,30,Y,,Y,Y,0,22,N1,29,3,2,3,12,28,27,23,,,,,,,,,2,30,,,22,,,7,2,5,3,4,72,8,40,17,9,11,1,,710,,,,,5,3,,,,,,,,,,,Y,Y,A1200022,2
2026-07-28 04:10:16,data_go_kr,부산광역시,A1200018,대동병원,8,20260728040243,051-550-9391,,,,,,,,,,,,,,,,,,3,1,,2,,,,,0,,,,,,1,,,Y,,,,Y,,Y,Y,,,Y,Y,N1,48,N1,0,N1,Y,,6,N1,15,3,1,2,,,,,,,,,,,,21,1,,,,6,,,1,,2,1,1,10,,,1,,,,,401,,,,,,,,,,,,,,,,,Y,N1,A1200018,3
2026-07-28 04:10:16,data_go_kr,부산광역시,A1200020,의료법인 온그룹의료재단 온병원,20,20260728040025,051-607-0139,,,,,,,,,,,,,,,,,,,1,,2,,,,,1,,,,,,6,,,Y,,,,Y,,Y,Y,,,Y,Y,N1,132,N1,7,N1,Y,,9,Y,20,,1,2,,,,,,,,,,,,23,1,,,,9,,,6,,4,2,2,7,,,1,,,,1,585,,,,,,,,,,,,,,,,,Y,N1,A1200020,4
2026-07-28 04:10:16,data_go_kr,부산광역시,A1200001,인제대학교부산백병원,15,20260728040513,051-890-5995,Y,Y,,,,,,,,4,,,,,,,,,1,1,2,,,,2,1,,,,,4,1,Y,,Y,1,,,Y,,Y,Y,,,Y,Y,Y,89,Y,2,Y,Y,-1,17,Y,18,,1,2,,19,18,35,,,,12,,6,,10,1,,,,17,,20,8,4,5,3,6,68,19,38,16,3,7,,2,691,,,,,,,,,,,,,,,,,Y,Y,A1200001,5
2026-07-28 04:10:16,data_go_kr,부산광역시,A1200005,의료법인 은성의료재단 좋은삼선병원,10,20260728040420,051-310-9119,,,,,,,,,,,,,,,,,3,1,1,,2,,,,0,1,,,,,,2,,,Y,0,,,Y,,Y,Y,,,Y,Y,N1,11,N1,6,N1,Y,,7,N1,13,1,1,2,,,,,,,,5,,4,,19,2,,,,7,,,2,,2,2,2,11,,,1,,,,,375,,,,,,,,,,,,,,3,,,Y,N1,A1200005,6
2026-07-28 04:10:16,data_go_kr,부산광역시,A1200004,고신대학교복음병원,8,20260728040239,051-990-6200,Y,Y,0,4,,,,,,6,,,,,,,,,,7,,,,,6,4,,,,,14,1,Y,,Y,3,,,Y,,Y,Y,1,,Y,Y,Y,79,Y,,Y,Y,14,13,Y,25,,,,,13,8,18,,,5,13,,16,,,7,,,,13,,14,1,7,3,3,5,53,13,19,14,3,1,,1,685,1,4,,,,,,,,,,,,,,,Y,Y,A1200004,7
2026-07-28 04:10:16,data_go_kr,부산광역시,A1200002,부산대학교병원,15,20260728040500,051-240-7776,Y,Y,,,,,0,,,2,,,,0,0,0,,3,1,,1,-4,,,,3,3,,23,1,8,4,Y,,Y,0,2,12,Y,21,Y,Y,,,Y,Y,Y,302,Y,8,Y,Y,-1,26,N,17,3,1,2,2,10,,20,,,,0,42,,,24,4,3,,82,26,2,19,10,12,9,6,10,100,17,17,21,9,21,,1,901,,,,,2,,,,,,0,0,0,,2,12,Y,Y,A1200002,8
2026-07-28 04:10:16,data_go_kr,부산광역시,A1200007,비에이치에스한서병원,14,20260728040511,051-998-1119,,,,,,,,,,,,,,,,,,,1,,2,2,,,,,3,,,,,,,,Y,,,,Y,,Y,Y,,,Y,Y,Y,60,N1,3,N1,Y,,4,N1,17,,1,2,2,,,,,,,,,,,14,,3,,,4,,,,,1,1,2,11,,,1,1,,,,285,,,,,,,,,,,,,,,,,Y,N1,A1200007,9
2026-07-28 04:10:16,data_go_kr,부산광역시,A1200028,(의)서일의료재단기장병원,7,20260728040434,051-723-2119,,,,,,,,,,,,,,,,,,,,,1,,,,,,,,,,,,,,Y,,,,,,Y,N1,,,N1,Y,N1,12,N1,,N1,Y,,3,N1,9,,,1,,,,,,,,,,,,,,,,,3,,,,,1,1,,1,,,,,,,,154,,,,,,,,,,,,,,,,,Y,N1,A1200028,10
2026-07-28 04:10:16,data_go_kr,부산광역시,A1200015,동남권원자력의학원원자력병원,6,20260728040303,051-720-5911,,,,,,,,,,,,,,,,,,,1,,,,,,,,,,,,,,,,Y,,,,Y,,Y,Y,,,Y,Y,Y,65,N1,8,N1,Y,,8,N1,9,,1,,,,,,,,,,,,,12,,,,,8,,,,,2,2,2,12,,,1,0,,,,261,,,,,,,,,,,,,,,,,Y,N1,A1200015,11
2026-07-28 04:10:16,data_go_kr,부산광역시,A1200013,부산성모병원(재단법인 천주교부산교구유지재단),10,20260728040310,051-933-7119,Y,Y,,,,,,,,,,,,,,,4,4,1,,,,,,,2,,,,,,1,,,Y,,,,,,Y,N1,,,Y,Y,N1,44,N1,9,Y,Y,6,7,N1,10,4,1,,,,,10,,,,,,,,18,2,,,,7,,,2,,1,1,,6,14,13,1,,,,,373,,,,,,,,,,,,,,4,,,Y,Y,A1200013,12
2026-07-28 04:10:16,data_go_kr,부산광역시,A1200026,좋은문화병원,5,20260728040342,051-630-0909,Y,Y,,,,,,,,,,,,,,,,2,1,,2,,,,,,,,,,,1,Y,,Y,,,,,,Y,N1,,,N1,Y,N1,30,N1,3,Y,Y,0,0,Y,7,2,1,2,,,,12,,,,,,,,8,,,,,8,,,2,8,2,2,,3,6,17,,,,,1,270,,,,,,,,,,,,,,,,,Y,Y,A1200026,13
2026-07-28 04:10:16,data_go_kr,부산광역시,A1200017,의료법인정화의료재단 봉생기념병원,8,20260728040038,051-664-4119,,,,,,,,,,1,,,,,,,,,,0,2,,,,,,,,,,2,1,,,Y,,,,Y,,Y,Y,,,Y,Y,N1,30,N1,,N1,Y,,8,N1,9,,,2,,11,11,,,,,,,,,,,,,,8,,31,1,,1,2,2,11,,,4,,,,,335,,,,,,,,,,,,,,,,,Y,N1,A1200017,14
2026-07-28 04:10:16,data_go_kr,부산광역시,A1200011,동래봉생병원,5,20260728040327,051-520-5700,,,,,,,,,,,,,,,,,,,1,,1,,,,,2,,,,,,,,,Y,,,,Y,,Y,Y,,,Y,Y,N1,17,N1,2,N1,Y,,7,N1,8,,1,1,,,,,,,,,,,,18,2,,,,7,,,,,1,2,2,11,,,1,,,,,241,,,,,,,,,,,,,,,,,Y,N1,A1200011,15
2026-07-28 04:10:16,data_go_kr,부산광역시,A1200009,의료법인 광혜의료재단 광혜병원,8,20260728040241,051-504-2119,,,,,,,,,,,,,,,,,,,2,,1,,,,,,,,,,,1,,,Y,,,,,,Y,N1,,,N1,Y,N1,63,N1,1,N1,Y,,3,N1,9,,2,1,,,,,,,,,,,,9,,,,,3,,,1,,1,1,,4,,,,,,,,190,,,,,,,,,,,,,,,,,Y,N1,A1200009,16
2026-07-28 04:10:16,data_go_kr,부산광역시,A1200019,학교법인)동의병원,14,20260728040400,051-850-8777,,,,,,,,,,,,,,,,,,,,,1,,,,,,,,,,,,,,Y,,,,Y,,Y,Y,,,Y,Y,Y,91,N1,15,N1,Y,,1,N1,14,,,1,,,,,,,,,,,,23,,,,,5,,,,,2,2,2,7,,,2,1,,,,448,,,,,,,,,,,,,,,,,Y,N1,A1200019,17
2026-07-28 04:10:16,data_go_kr,부산광역시,A1200025,학교법인 춘해병원,9,20260728040422,051-608-0119,,,,,,,,,,,,,,,,,,,,,1,,,,,,,,,,,,,,Y,,,,,,Y,N1,,,N1,Y,N1,54,N1,,N1,Y,,4,N1,9,,,1,,,,,,,,,,,,,,,,,4,,,,,1,1,,3,,,,,,,,201,,,,,,,,,,,,,,,,,Y,N1,A1200025,18
2026-07-28 04:10:16,data_go_kr,부산광역시,A1200045,구포성심병원,6,20260728040325,051-330-2090,,,,,,,,,,,,,,,,,,,,,1,,,,,,,,,,,,,,Y,,,,Y,,Y,Y,,,N1,Y,N1,19,N1,,N1,Y,,4,N1,9,,,1,,,,,,,,,,,,,,,,,4,,,,,1,1,1,4,,,,,,,,243,,,,,,,,,,,,,,,,,Y,N1,A1200045,19
2026-07-28 04:10:16,data_go_kr,부산광역시,A1200006,의료법인 인당의료재단 부민병원,8,20260728040104,051-330-3129,,,,,,,,,,,,,,,,,,,1,,1,,,,,1,,,,,,,,,Y,,,,Y,,Y,Y,,,Y,Y,N1,5,N1,1,N1,Y,,8,N1,10,,1,1,,,,,,,,,,,,18,1,,,,8,,,,,2,3,1,7,,,1,,,,,366,,,,,,,,,,,,,,,,,Y,N1,A1200006,20
2026-07-28 04:10:16,data_go_kr,부산광역시,A1200016,한국보훈복지의료공단 부산보훈병원,11,20260728040259,051-601-6183,,,,,,,,,,,,,,,,,,,1,,1,,,,,1,,,,,,,,,Y,,,,Y,,Y,Y,,,N1,Y,N1,22,N1,5,N1,Y,,7,N1,11,,1,1,,,,,,,,,,,,9,1,,,,7,,,,,2,3,2,11,,,,,,,,452,,,,,,,,,,,,,,,,,Y,N1,A1200016,21
2026-07-28 04:10:16,data_go_kr,부산광역시,A1200021,삼육부산병원,4,20260728040353,051-600-7750,,Y,,,,,,,,,,,,,,,,,0,,,,,,,0,,,,,,,Y,,Y,,,,Y,,Y,Y,,,Y,Y,Y,3,N1,-1,Y,Y,,,N1,9,,1,,,,,,,,,,,,,14,1,,,,,,,,1,2,1,1,9,,1,2,1,,,,302,,,,,,,,,,,,,,,,,Y,N1,A1200021,22
2026-07-28 04:10:16,data_go_kr,부산광역시,A1200008,의료법인 은성의료재단 좋은강안병원,14,20260728040443,051-610-9119,,,,,,,,,,,,,,,,,,,1,,2,,,,,1,,,,,,1,,,Y,,,,Y,,Y,Y,,,Y,Y,Y,66,N1,4,N1,Y,,11,N1,18,,1,2,,,,,,,,,,,,30,2,,,,11,,,3,,4,3,3,12,,,5,1,,,,535,,,,,,,,,,,,,,,,,Y,N1,A1200008,23
2026-07-28 04:10:16,data_go_kr,부산광역시,A1200098,의료법인 센텀의료재단 센텀종합병원,8,20260728035941,051-750-5119,,,,,,,,,,,,,,,,,,,,,1,,,,,1,,,,,,,,,Y,,,,Y,,Y,Y,,,N1,Y,N1,3,N1,0,N1,Y,,9,N1,9,,,1,,,,,,,,,,,,16,1,,,,9,,,,,2,2,1,11,,,,,,,,338,,,,,,,,,,,,,,,,,Y,N1,A1200098,24
2026-07-28 04:10:16,data_go_kr,부산광역시,A1200024,부산광역시의료원,15,20260728040518,051-607-2140,,N,,,,,,,,4,,,,,,,,,1,5,1,,,,,,,,,,7,5,N,,Y,,,,Y,,Y,Y,,,Y,Y,N1,109,N1,,N,Y,,7,N1,18,,1,1,,13,14,,,,,,,,,,,,,,7,,29,7,1,1,1,2,19,,2,4,,,,,398,,,,,,,,,,,,,,,,,Y,N1,A1200024,25
2026-07-28 04:10:16,data_go_kr,부산광역시,A1200012,의료법인 행도의료재단 해동병원,4,20260728040517,051-410-6688,,,,,,,,,,,,,,,,,,,1,,,,,,,,,,,,,0,,,Y,,,,,,Y,N1,,,Y,Y,N1,23,N1,2,N1,Y,,3,Y,6,,1,,,,,,,,,,,,,9,,,,,3,,,0,,1,1,,5,,,1,,,,12,256,,,,,,,,,,,,,,,,,Y,N1,A1200012,26
2026-07-28 04:10:16,data_go_kr,부산광역시,A1200014,영도병원,7,20260728040316,051-419-7575,,,,,,,,,,,,,,,,,,,1,,1,,,,,,,,,,,,,,Y,,,,,,Y,N1,,,N1,Y,N1,18,N1,1,N1,Y,,3,N1,7,,1,1,,,,,,,,,,,,10,,,,,3,,,,,1,1,,7,,,,,,,,217,,,,,,,,,,,,,,,,,Y,N1,A1200014,27
2026-07-28 04:10:16,data_go_kr,부산광역시,A1200023,재단법인천주교부산교구유지재단 메리놀병원,8,20260728040309,051-461-2300,,,,,,,,,,,,,,,,,,,,,0,,,,,0,,,,,,,Y,,Y,,,,Y,,Y,Y,,,Y,Y,N1,77,N1,2,N1,Y,,8,N1,9,,,1,,,,,,,,,,,,18,1,,,,8,,,,1,1,1,1,9,,,2,,,,,380,,,,,,,,,,,,,,,,,Y,N1,A1200023,28
2026-07-28 04:10:16,data_go_kr,부산광역시,A1205143,의료법인 인당의료재단 해운대부민병원,6,20260728040104,051-602-8119,,,,,,,,,,,,,,,,,,,1,,,,,,,0,,,,,,1,,,Y,,,,Y,,Y,Y,,,Y,Y,N1,9,N1,4,N1,Y,,8,Y,9,,1,,,,,,,,,,,,,19,2,,,,8,,,3,,2,2,1,10,,,1,,,,1,360,,,,,,,,,,,,,,,,,Y,N1,A1205143,29
2026-07-28 04:10:16,data_go_kr,대구광역시,A1300001,영남대학교병원,20,20260728035737,053-620-3177,Y,Y,,0,,,0,3,,1,0,,,,,,,3,2,7,3,6,,,0,4,3,,,,11,5,Y,,Y,6,,,Y,,Y,Y,,,Y,Y,Y,95,Y,,Y,Y,-1,22,Y,28,3,2,3,21,10,15,15,,,,14,,7,,,13,30,,,23,,20,7,2,4,4,4,75,5,11,8,5,5,,1,704,,0,,,1,3,,0,,,,,,,,,Y,Y,A1300001,1
2026-07-28 04:10:16,data_go_kr,대구광역시,A1300002,경북대학교병원,9,20260728035706,053-200-5100,Y,Y,2,3,,,,,,2,,,,,,,,3,,4,,9,,,7,,32,,11,2,8,1,Y,,Y,2,2,4,Y,3,Y,Y,0,4,Y,Y,Y,136,Y,,Y,Y,1,17,N1,25,4,,,20,7,7,15,,,6,7,20,10,11,,,44,,40,17,2,20,5,2,5,5,5,82,8,11,11,9,5,,,582,2,3,,,,,,,,,,,,,2,6,Y,Y,A1300002,2
2026-07-28 04:10:16,data_go_kr,대구광역시,A1300004,대구가톨릭대학교병원,7,20260728040240,053-650-3000,Y,Y,,,,,,,,2,,,,,,,,,1,5,3,,,,,2,,,,,2,4,Y,Y,Y,8,,,Y,,Y,Y,,,Y,Y,Y,224,Y,0,Y,Y,2,19,N1,24,,1,3,,15,25,42,,,,16,,,,0,6,,,,19,,20,9,2,3,3,5,58,20,32,8,3,4,1,,704,,,,,,,,,,,,,,,,,Y,Y,A1300004,3
2026-07-28 04:10:16,data_go_kr,대구광역시,A1300003,계명대학교동산병원,6,20260728040452,053-258-6306,Y,Y,,,,,,,,3,,,,,,,,,2,0,1,,3,,,0,9,,,,3,2,Y,Y,Y,2,,,Y,,Y,Y,6,,Y,Y,Y,191,Y,1,Y,Y,3,24,Y,20,,2,3,,11,13,39,7,,8,15,,,,10,4,20,,,24,,20,16,6,6,5,7,56,13,37,9,4,14,1,2,769,,,,,,,,,,,,,,,,,Y,Y,A1300003,4
2026-07-28 04:10:16,data_go_kr,대구광역시,A1300009,대구파티마병원,4,20260728040500,053-940-7119,Y,Y,,,,,,,,2,,,,,,,,5,2,4,4,1,,,,1,1,,,,,,Y,,Y,8,,,Y,,Y,Y,,,Y,Y,Y,104,Y,,Y,Y,2,17,N1,25,5,2,5,2,17,8,8,,,,12,,,,,9,4,,,17,,,,2,5,3,4,32,11,19,5,1,1,,,539,,,,,,,,,,,,,,,,,Y,Y,A1300009,5
2026-07-28 04:10:16,data_go_kr,대구광역시,A1300010,칠곡경북대학교병원,14,20260728040306,053-200-2100,Y,Y,,,1,1,,,,3,,,,,,,,3,1,7,3,,2,1,,4,0,2,,,11,13,Y,,Y,,,,Y,,Y,Y,,,Y,Y,Y,196,Y,,Y,Y,7,19,N1,23,7,1,3,,10,15,39,10,2,,,,,,,4,0,8,,19,,20,13,2,8,5,8,52,9,27,9,3,1,,,760,,,1,1,,,,,,,,,,,,,Y,Y,A1300010,6
2026-07-28 04:10:16,data_go_kr,대구광역시,A1300034,드림종합병원,6,20260728040253,053-640-8575,,,,,,,,,,,,,,,,,1,,,,1,,,,,,,,,,,,,,Y,,,,Y,,Y,Y,,,Y,Y,Y,13,N1,,N1,N,,3,N1,8,,,1,,,,,,,,,,,,,,,,,3,,,,,2,1,1,2,,,1,1,,,,159,,,,,,,,,,,,,,1,,,Y,N1,A1300034,7
2026-07-28 04:10:16,data_go_kr,대구광역시,A1300006,의료법인구의료재단구병원,6,20260728040445,053-557-7119,,,,,,,,,,,,,,,,,,,,,1,,,,,0,,,,,,,,,Y,,,,,,Y,N1,,,N1,Y,N1,41,N1,8,N1,Y,,9,N1,10,,,1,,,,,,,,,,,,18,1,,,,9,,,,,3,1,,3,,,,,,,,235,,,,,,,,,,,,,,,,,Y,N1,A1300006,8
2026-07-28 04:10:16,data_go_kr,대구광역시,A1300110,더블유병원,10,20260728040309,053-550-5019,,,,,,,,,,,,,,,,,,,,,1,,,,,,,,,,,,,,Y,,,,,,Y,N1,,,N1,Y,N1,31,N1,,N1,N,,8,Y,10,,,1,,,,,,,,,,,,,,,,,8,,,,,1,1,,1,,,,,,,8,431,,,,,,,,,,,,,,,,,Y,N1,A1300110,9
2026-07-28 04:10:16,data_go_kr,대구광역시,A1300011,한국보훈복지의료공단대구보훈병원,12,20260728040034,053-630-7014,,,,,,,,,,,,,,,,,,,1,,1,,,,,1,,,,,,0,,,Y,,,,Y,,Y,Y,,,N1,Y,N1,32,N1,4,N1,Y,,6,N1,12,,1,1,,,,,,,,,,,,13,1,,,,6,,,1,,1,3,2,9,,,,,,,,406,,,,,,,,,,,,,,,,,Y,N1,A1300011,10
2026-07-28 04:10:16,data_go_kr,대구광역시,A1300045,삼일병원,14,20260728040531,053-659-3119,,,,,,,,,,,,,,,,,,,1,,,,,,,,,,,,,,,,Y,,,,Y,,Y,Y,,,N1,Y,N1,27,N1,,N1,N,,4,N1,14,,1,,,,,,,,,,,,,,,,,,4,,,,,3,2,1,3,,,,,,,,299,,,,,,,,,,,,,,,,,Y,N1,A1300045,11
2026-07-28 04:10:16,data_go_kr,대구광역시,A1300038,나사렛종합병원,8,20260728040207,053-643-3119,,,,1,,,,,,,,,,,,,,,,,1,,,,,0,,,,,,,,,Y,,,,Y,,Y,Y,,,Y,Y,N1,25,N1,3,N1,Y,,5,N1,9,,,1,,,,,,,,,,,,28,1,,,,5,,,,,2,2,2,5,,,1,,,,,231,,9,,,,,,,,,,,,,,,Y,N1,A1300038,12
2026-07-28 04:10:16,data_go_kr,대구광역시,A1300018,강남종합병원,14,20260728035906,053-980-9018,,,,,,,,,,,,,,,,,,,1,,,,,,,,,,,,,1,,,Y,,,,,,Y,N1,,,N1,Y,N1,39,N1,,N1,Y,,7,N1,15,,1,,,,,,,,,,,,,,,,,,7,,,1,,2,2,,2,,,,,,,,207,,,,,,,,,,,,,,,,,Y,N1,A1300018,13
2026-07-28 04:10:16,data_go_kr,대구광역시,A1300005,대구가톨릭대학교칠곡가톨릭병원,8,20260728040259,053-320-2111,,,,,,,,,,,,,,,,,,,,,1,,,,,,,,,,,,,,Y,,,,,,Y,N1,,,N1,Y,N1,20,N1,,N1,Y,,3,N1,9,,,1,,,,,,,,,,,,,,,,,3,,,,,2,2,,1,,,,,,,,161,,,,,,,,,,,,,,,,,Y,N1,A1300005,14
2026-07-28 04:10:16,data_go_kr,대구광역시,A1300076,대구굿모닝병원,17,20260728040423,053-620-9119,,,,,,,,,,,,,,,,,,,1,,1,,,,,1,,,,,,,,,Y,,,,Y,,Y,Y,,,N1,Y,N1,59,N1,6,N1,Y,,4,N1,17,,1,1,,,,,,,,,,,,26,1,,,,4,,,,,2,4,2,13,,,,,,,,226,,,,,,,,,,,,,,,,,Y,N1,A1300076,15
2026-07-28 04:10:16,data_go_kr,대구광역시,A1300007,대구의료원,17,20260728040502,053-560-7288,,Y,,,,,,,,,,,,,,,,,1,,1,,,,,0,,,,,2,1,Y,,Y,,,,,,Y,N1,,,N1,Y,N1,37,N1,6,Y,Y,,4,N1,18,,1,1,,,,,,,,,,,,18,1,,,,4,,82,3,1,1,1,,13,,4,,,,,,254,,,,,,,,,,,,,,,,,Y,N1,A1300007,16
2026-07-28 04:10:16,data_go_kr,대구광역시,A1300081,(재)미리내천주성삼성직수도회천주성삼병원,9,20260728040503,053-790-0555,,,,,,,,,,,,,,,,,,,,,1,,,,,,,,,,,,,,Y,,,,,,Y,N1,,,N1,Y,N1,6,N1,,N1,Y,,4,N1,9,,,1,,,,,,,,,,,,,,,,,4,,,,,1,2,,4,,,,,,,,294,,,,,,,,,,,,,,,,,Y,N1,A1300081,17
2026-07-28 04:10:16,data_go_kr,대구광역시,A1300008,곽병원,10,20260728040439,053-605-3333,,,,,,,,,,,,,,,,,,,,,2,,,,,,,,,,,,,,Y,,,,,,Y,N1,,,N1,Y,N1,5,N1,,N1,Y,,4,N1,10,,,2,,,,,,,,,,,,,,,,,4,,,,,1,1,,2,,,,,,,,221,,,,,,,,,,,,,,,,,Y,N1,A1300008,18
2026-07-28 04:10:16,data_go_kr,대구광역시,A1303386,계명대학교대구동산병원,11,20260728040408,053-250-8481,,,,,,,,,,,,,,,,,,,1,,1,,,,,0,,,,,,,N,,Y,,,,Y,,Y,Y,,,Y,Y,N1,26,N,0,N1,Y,,3,N1,12,,1,1,,,,,,,,,,,,7,5,,,,3,,,,0,2,1,1,6,,,6,,0,,,196,,,,,,,,,,,,,,,,,Y,N1,A1303386,19
2026-07-28 04:10:16,data_go_kr,인천광역시,A1400001,의료법인 길의료재단 길병원,11,20260728040335,032-460-3012,Y,Y,2,0,1,1,,0,,6,,,,,2,,,8,,3,,3,,2,0,4,13,2,10,2,9,12,Y,,Y,1,2,6,Y,0,Y,Y,,0,Y,Y,Y,261,Y,,Y,Y,0,3,Y,23,9,,,18,38,11,30,,2,,14,20,6,4,,11,30,6,47,3,2,18,13,3,6,6,7,113,19,40,19,10,6,,1,995,2,3,1,1,,2,,,,,,3,,,2,6,Y,Y,A1400001,1
2026-07-28 04:10:16,data_go_kr,인천광역시,A1400002,인하대학교의과대학부속병원,18,20260728040109,032-890-2301,Y,Y,,,1,1,,,,4,,,,,,,,6,2,0,5,0,0,0,0,1,0,3,,,5,7,Y,Y,Y,,,,Y,,Y,Y,,,Y,Y,Y,69,Y,3,Y,Y,1,16,Y,20,7,2,5,20,25,13,26,3,2,,,,7,,23,3,30,6,,16,,15,7,4,6,3,5,109,17,27,13,9,7,1,2,681,,,1,1,,,,,,,,,,,,,Y,Y,A1400002,2
2026-07-28 04:10:16,data_go_kr,인천광역시,A1400010,검단탑병원,14,20260728040411,032-590-0077,,,,,,,,,,,,,,,,,,,1,,2,,,,,0,,,,,,1,,,Y,,,,Y,,Y,Y,,,Y,Y,N1,21,N1,6,N1,Y,,6,N1,18,,1,2,,,,,,,,,,,,15,3,,,,6,,,2,,2,2,1,11,,,1,,,,,279,,,,,,,,,,,,,,,,,Y,N1,A1400010,3
2026-07-28 04:10:16,data_go_kr,인천광역시,A1403372,인천세종병원,17,20260728040509,032-240-8119,,,,,,,,,,,,,,,,,,,3,,,1,,,,1,0,,,,,3,,,Y,,,,Y,,Y,Y,,,Y,Y,Y,60,Y,5,N1,Y,,7,N1,18,,3,,2,,,,,,,,,,,20,2,3,,,7,,,6,,2,2,3,13,,,4,5,1,,,274,,,,,,,,,,,,,,,,,Y,N1,A1403372,4
2026-07-28 04:10:16,data_go_kr,인천광역시,A1400014,의료법인인성의료재단한림병원,16,20260728040149,032-540-9119,,,,,,,,,,,,,,,,,,,2,,2,,,,,2,,,,,,2,Y,,Y,,,,Y,,Y,Y,,,Y,Y,Y,22,N1,3,N1,Y,,6,N1,17,,2,2,,,,,,,,,,,,21,2,,,,6,,,2,1,3,2,2,20,,,3,3,,,,391,,,,,,,,,,,,,,,,,Y,N1,A1400014,5
2026-07-28 04:10:16,data_go_kr,인천광역시,A1400016,인천사랑병원,8,20260728040113,032-457-2119,,Y,,,,,,,,,,,,,,,4,,1,,2,,,,,1,0,,,,,1,Y,,Y,,,,Y,,Y,Y,,,Y,Y,N1,18,Y,11,Y,Y,,7,N1,14,,1,2,,,,,,,,,,,,17,1,5,,,7,,,1,1,2,1,1,12,,1,2,,1,,,281,,,,,,,,,,,,,,4,,,Y,N1,A1400016,6
2026-07-28 04:10:16,data_go_kr,인천광역시,A1400012,가톨릭대학교 인천성모병원,12,20260728040510,032-280-6107,Y,Y,,,,,,,,0,,,,,,,,4,3,0,4,1,,,,0,,,,,,5,Y,,Y,1,,,Y,,Y,Y,,,Y,Y,Y,14,Y,,Y,Y,0,17,N1,19,4,3,5,12,15,18,13,,,,15,,,,,10,,,,17,,,9,1,4,4,5,53,5,14,11,5,4,,,579,,,,,,,,,,,,,,,,,Y,Y,A1400012,7
2026-07-28 04:10:16,data_go_kr,인천광역시,A1400013,안은의료재단 부평세림병원,15,20260728040505,032-509-5777,,,,,,,,,,,,,,,,,,,1,,3,2,,,,0,1,,,,,2,,,Y,,,,Y,,Y,Y,,,Y,Y,Y,17,N1,7,N1,Y,,4,N1,16,,1,3,2,,,,,,,,,,,11,2,3,,,4,,,2,,3,2,1,9,,,1,1,,,,234,,,,,,,,,,,,,,,,,Y,N1,A1400013,8
2026-07-28 04:10:16,data_go_kr,인천광역시,A1400015,가톨릭관동대학교국제성모병원,11,20260728040514,032-290-3065,Y,Y,4,0,,,,,,3,,,18,,,,,3,0,,0,,,,,,,,,,3,3,Y,,Y,-2,,,Y,,Y,Y,,,Y,Y,N,178,Y,,Y,Y,,11,N1,23,3,0,0,,40,,,,,,13,,,,,,,,,11,,11,3,2,3,2,3,34,2,11,6,2,1,,,641,5,0,,,,,,,,21,,,,,,,Y,Y,A1400015,9
2026-07-28 04:10:16,data_go_kr,인천광역시,A1400003,의료법인 루가의료재단 나은병원,11,20260728040042,032-584-4119,,Y,,,,,,,,3,,,,,,,7,,1,3,2,,,,,3,,,,,,8,Y,,Y,,,,Y,,Y,Y,,,Y,Y,Y,86,Y,,Y,Y,,10,N1,11,,1,2,,14,13,,,,,,,,,,3,,,,10,,,9,1,2,2,3,17,,1,3,1,1,,,367,,,,,,,,,,,,,,7,,,Y,N1,A1400003,10
2026-07-28 04:10:16,data_go_kr,인천광역시,A1400011,의료법인 나사렛의료재단 나사렛국제병원,15,20260728040233,032-899-9699,,,,,,,,,,,,,,,,,,,1,,2,,,,,0,,,,,,,,,Y,,,,Y,,Y,Y,,,Y,Y,N1,44,N1,3,N1,Y,,5,N1,17,,1,2,,,,,,,,,,,,16,1,,,,5,,,,,2,2,2,8,,,2,,,,,282,,,,,,,,,,,,,,,,,Y,N1,A1400011,11
2026-07-28 04:10:16,data_go_kr,인천광역시,A1403617,비에스종합병원,8,20260728040103,032-290-0119,,Y,,,,,,,,,,,,,,,,,1,,,,,,,0,,,,,,,Y,,Y,,,,Y,,Y,Y,,,Y,Y,N1,90,N1,9,Y,N1,0,2,N1,10,,1,,,,,1,,,,,,,,18,1,,,,2,,,,1,1,,1,6,,1,1,,,,,180,,,,,,,,,,,,,,,,,Y,N1,A1403617,12
2026-07-28 04:10:16,data_go_kr,인천광역시,A1400005,온누리병원,8,20260728040109,032-568-9112,,,,,,,,,,,,,,,,,,,1,,1,,,,,,,,,,,,,,Y,,,,,,Y,N1,,,N1,Y,N1,41,N1,,N1,Y,,3,N1,9,,1,1,,,,,,,,,,,,,,,,,3,,,,,1,1,,5,,,,,,,,190,,,,,,,,,,,,,,,,,Y,N1,A1400005,13
2026-07-28 04:10:16,data_go_kr,인천광역시,A1403871,인천힘찬종합병원,17,20260728040346,032-459-3168,,,,,,,,,,,,,,,,,,,1,,2,,,,,0,,,,,,,,,Y,,,,,,Y,N1,,,N1,Y,N1,43,N1,0,N1,Y,,7,N1,17,,1,2,,,,,,,,,,,,8,1,,,,7,,,,,2,2,,1,,,,,,,,235,,,,,,,,,,,,,,,,,Y,N1,A1403871,14
2026-07-28 04:10:16,data_go_kr,인천광역시,A1400004,현대유비스병원,17,20260728040256,032-890-5582,,,,,,,,,,,,,,,,,,,1,,,,,,,0,,,,,,,,,Y,,,,Y,,Y,Y,,,Y,Y,N1,12,N1,3,N1,Y,,6,N1,18,,1,,,,,,,,,,,,,13,1,,,,6,,,,,2,2,1,8,,,2,,,,,285,,,,,,,,,,,,,,,,,Y,N1,A1400004,15
2026-07-28 04:10:16,data_go_kr,인천광역시,A1400008,(의)성세의료재단 뉴성민병원,9,20260728040304,032-726-1119,,,,,,,,,,,,,,,0,,,,,,1,,,,,2,,,,,,,,,Y,,,,,,Y,N1,,,Y,Y,N1,108,N1,12,N1,Y,,6,Y,9,,,1,,,,,,,,,,,,17,2,,,,6,,,,,2,2,,11,,,2,,,,1,265,,,,,,,,,,,,0,,,,,Y,N1,A1400008,16
2026-07-28 04:10:16,data_go_kr,인천광역시,A1400018,인천적십자병원,8,20260728040434,032-899-4119,,,,,,,,,,,,,,,,,,,1,,1,,,,,,,,,,,,,,Y,,,,,,Y,N1,,,N1,Y,N1,66,N1,2,N1,Y,,3,N1,8,,1,1,,,,,,,,,,,,8,,,,,3,,,,,1,1,,2,,,,,,,,104,,,,,,,,,,,,,,,,,Y,N1,A1400018,17
2026-07-28 04:10:16,data_go_kr,인천광역시,A1400037,인천광역시의료원백령병원,4,20260728040502,032-836-1732,Y,Y,,,,,,,,,,,,,,,,,,,1,,,,,,,,,,,,,,Y,,,,,,Y,N1,,,N1,Y,N1,30,N1,,Y,N1,,1,N1,5,,,1,,,,,,,,,,,,,,,,,1,,,,,1,,,1,1,2,,,,,,30,,,,,,,,,,,,,,,,,Y,Y,A1400037,18
2026-07-28 04:10:16,data_go_kr,인천광역시,A1400009,인천기독병원,7,20260728040427,032-270-8300,,,,,,,,,,,,,,,,,,,,,1,,,,,,,,,,,,,,Y,,,1,,,Y,N1,,,N1,Y,N1,30,N1,10,N1,Y,,4,N1,8,,,1,,,,,,,,,,,,10,,,,,4,,,,,1,1,,1,,,,,,,,139,,,,,,,,,,,,,,,,1,Y,N1,A1400009,19
2026-07-28 04:10:16,data_go_kr,인천광역시,A1400017,인천광역시의료원,14,20260728040502,032-580-6119,,,,,,,,,,,,,,,,,,,2,,,,,,,0,,,,,24,7,,,Y,,,,,,Y,N1,,,N1,Y,N1,21,N1,2,N1,Y,,6,N1,15,,2,,,,,,,,,,,,,13,0,,,,6,,45,7,,1,1,,19,,,,,,,,198,,,,,,,,,,,,,,,,,Y,N1,A1400017,20
2026-07-28 04:10:16,data_go_kr,인천광역시,A1400007,의료법인 성수의료재단 인천백병원,5,20260728040411,032-280-8119,,,,,,,,,,,,,,,,,,,,,1,,,,,,,,,,,,,,Y,,,,,,Y,N1,,,Y,Y,N1,35,N1,1,N1,Y,,4,N1,5,,,1,,,,,,,,,,,,12,,,,,4,,,,,2,2,,6,,,1,,,,,189,,,,,,,,,,,,,,,,,Y,N1,A1400007,21
2026-07-28 04:10:16,data_go_kr,대전광역시,A1600006,학교법인건양교육재단건양대학교병원,22,20260728030022,042-600-9119,Y,Y,,0,,,1,1,4,,0,0,0,0,,0,,5,2,,3,6,,,,3,6,,,,10,0,Y,,Y,,,,Y,,Y,Y,,,Y,Y,Y,226,Y,33,Y,Y,2,20,Y,24,5,2,3,16,,,24,,,,,,,,59,5,28,,,20,,20,1,2,4,4,4,46,17,23,10,3,1,,1,658,,0,,,1,3,4,0,0,0,0,,0,,,,Y,Y,A1600006,1
2026-07-28 04:10:16,data_go_kr,대전광역시,A1600001,충남대학교병원,16,20260728040500,042-280-8129,Y,Y,0,0,,,,,,4,,,,,,,0,2,2,7,2,4,3,,4,6,20,,,,15,9,Y,,Y,,,,Y,,Y,Y,,,Y,Y,Y,170,Y,2,Y,Y,8,21,N1,28,6,2,3,20,16,14,34,5,,,,,10,,12,8,30,,,21,,26,14,5,5,4,5,76,12,36,6,8,2,,,966,0,0,,,,,,,,,,,,0,,,Y,Y,A1600001,2
2026-07-28 04:10:16,data_go_kr,대전광역시,A1600002,학교법인을지학원대전을지대학교병원,18,20260728040500,042-259-1119,Y,Y,,,,,,,,3,,0,0,-10,-5,2,3,,2,6,1,,,,2,0,,,1,2,8,,Y,,Y,,2,5,Y,3,Y,Y,,,Y,Y,Y,70,Y,,Y,Y,16,15,N1,21,,2,1,,20,20,20,,,,,20,5,,,11,,,40,15,2,20,,16,4,2,4,70,12,47,7,3,3,,,331,,,,,,,,,0,0,0,0,30,3,2,6,Y,Y,A1600002,3
2026-07-28 04:10:16,data_go_kr,대전광역시,A1600007,의료법인영훈의료재단유성선병원,17,20260728040338,042-609-1119,,,,,,,,,,,,,,,,,,,2,,1,,,,,1,,,,,,0,Y,,Y,,,,Y,,Y,Y,,,Y,Y,Y,63,N1,-1,N1,Y,,-4,Y,17,,2,1,,,,,,,,,,,,19,1,,,,7,,,1,1,3,3,2,17,,,2,1,,,1,368,,,,,,,,,,,,,,,,,Y,N1,A1600007,4
2026-07-28 04:10:16,data_go_kr,대전광역시,A1600005,학교법인가톨릭학원가톨릭대학교대전성모병원,18,20260728040511,042-220-9118,Y,Y,,,,,,,,1,,,,,,,,,3,2,,,,,0,0,,,,,,4,Y,,Y,1,,,Y,,Y,Y,2,0,Y,Y,Y,87,N1,,Y,Y,4,12,N1,19,,3,,,15,3,4,,,3,9,,3,2,,1,,,,12,,,4,1,3,2,4,24,5,7,5,2,,,,537,,,,,,,,,,,,,,,,,Y,Y,A1600005,5
2026-07-28 04:10:16,data_go_kr,대전광역시,A1600008,의료법인영훈의료재단대전선병원,16,20260728040423,042-220-8129,,,,,,,,,,,,,,,,,,,1,,3,,,,,0,,,,,,0,Y,,Y,,,,Y,,Y,Y,,,Y,Y,N1,26,N1,4,N1,Y,,7,N1,17,,1,3,,,,,,,,,,,,24,1,,,,7,,,1,1,2,2,2,11,,,3,,,,,311,,,,,,,,,,,,,,,,,Y,N1,A1600008,6
2026-07-28 04:10:16,data_go_kr,대전광역시,A1600004,대전보훈병원,7,20260728040135,042-939-0100,,,,,,,,,,,,,,,,,,,1,,1,,,,,1,,,,,,1,,,Y,,,,Y,,Y,Y,,,N1,Y,N1,61,N1,3,N1,Y,,5,N1,7,,1,1,,,,,,,,,,,,10,1,,,,5,,,1,,1,3,1,12,,,,,,,,316,,,,,,,,,,,,,,,,,Y,N1,A1600004,7
2026-07-28 04:10:16,data_go_kr,대전광역시,A1600003,대전한국병원,8,20260728040504,042-606-1119,,Y,,,,,,,,,,,,,,,,,1,,,,,,,,,,,,,,Y,,Y,,,,Y,,Y,Y,,,Y,Y,N1,50,N1,1,Y,Y,,4,N1,9,,1,,,,,,,,,,,,,12,,,,,4,,,,4,2,2,2,6,,1,1,,,,,241,,,,,,,,,,,,,,,,,Y,N1,A1600003,8
2026-07-28 04:10:16,data_go_kr,대전광역시,A1602246,대청병원,9,20260728040508,042-589-0119,,,,,,,,,,,,,,,,,,,,,1,,,,,,,,,,,,,,Y,,,,,,Y,N1,,,Y,Y,N1,106,N1,2,N1,Y,,3,N1,9,,,1,,,,,,,,,,,,17,,,,,3,,,,,2,1,,10,,,1,,,,,245,,,,,,,,,,,,,,,,,Y,N1,A1602246,9
2026-07-28 04:10:16,data_go_kr,울산광역시,A1700004,학교법인울산공업학원울산대학교병원,10,20260728040246,052-250-7000,Y,Y,3,3,,,,1,,6,,,4,,5,,,8,0,10,0,2,,,2,6,7,,6,2,6,0,Y,,Y,,2,6,Y,10,Y,Y,,0,Y,Y,Y,88,Y,5,Y,Y,1,20,N1,21,8,0,0,12,13,16,26,,,,,20,6,2,8,8,36,,42,20,2,20,0,5,7,5,6,83,14,27,17,8,4,,,725,3,3,,,,8,,,,4,,5,,,2,6,Y,Y,A1700004,1
2026-07-28 04:10:16,data_go_kr,울산광역시,A1700028,의료법인정안의료재단중앙병원,15,20260728040310,052-226-1119,,,,,,,,,,,,,,,,,,,1,,2,1,,,,1,1,,,,,0,,,Y,,,,Y,,Y,Y,,,Y,Y,N1,31,N1,0,N1,Y,,8,N1,17,,1,2,2,,,,,,,,,,,18,2,4,,,8,,,1,,2,2,2,7,,,2,,,,,335,,,,,,,,,,,,,,,,,Y,N1,A1700028,2
2026-07-28 04:10:16,data_go_kr,울산광역시,A1700003,울산병원,16,20260728040506,052-259-5119,,,,,,,,,,,,,,,,,,,1,,2,2,,,,0,2,,,,,,,,Y,,,,Y,,Y,Y,,,Y,Y,Y,59,Y,6,N1,Y,,4,Y,19,,1,2,2,,,,,,,,,,,17,1,3,,,4,,,,,2,2,3,12,,,4,1,2,,2,343,,,,,,,,,,,,,,,,,Y,N1,A1700003,3
2026-07-28 04:10:16,data_go_kr,울산광역시,A1700025,의료법인송은의료재단울산시티병원,17,20260728040506,052-280-9119,,,,,,,,,,,,,,,,,,,1,,2,0,,,,2,3,,,,,,,,Y,,,,Y,,Y,Y,,,Y,Y,N1,10,N1,12,N1,Y,,8,N1,17,,1,2,2,,,,,,,,,,,24,3,3,,,8,,,,,2,2,2,17,,,4,,,,,347,,,,,,,,,,,,,,,,,Y,N1,A1700025,4
2026-07-28 04:10:16,data_go_kr,울산광역시,A1700002,의료법인동강의료재단동강병원,18,20260728040157,052-241-1190,,,,,,,,,,4,,,,,,,,,1,1,2,1,,,1,1,0,,,,,2,,Y,Y,,,,Y,,Y,Y,,,Y,Y,Y,101,N1,,N1,Y,,8,N1,24,,1,2,2,14,9,,,,,,,13,,,1,3,,,8,,,2,,3,2,4,25,,,7,5,,1,,513,,,,,,,,,,,,,,,,,Y,N1,A1700002,5
2026-07-28 04:10:16,data_go_kr,울산광역시,A1700011,의료법인은성의료재단좋은삼정병원,8,20260728040221,052-220-7600,,,,,,,,,,,,,,,,,,,,,1,,,,,0,,,,,,1,,,Y,,,,Y,,Y,Y,,,Y,Y,N1,39,N1,1,N1,Y,,7,N1,9,,,1,,,,,,,,,,,,14,1,,,,8,,,1,,2,2,1,5,,,1,,,,,283,,,,,,,,,,,,,,,,,Y,N1,A1700011,6
2026-07-28 04:10:16,data_go_kr,울산광역시,A1700001,서울산보람병원,8,20260728040343,052-255-7119,,,,,,,,,,,,,,,,,,,,,1,,,,,,,,,,,,,,Y,,,,,,Y,N1,,,N1,Y,N1,88,N1,,N1,Y,,3,N1,10,,,1,,,,,,,,,,,,,,,,,3,,,,,1,1,,1,,,,,,,,213,,,,,,,,,,,,,,,,,Y,N1,A1700001,7
2026-07-28 04:10:16,data_go_kr,세종특별자치시,A1800441,세종충남대학교병원,14,20260728040500,044-995-3010,Y,Y,,,0,0,,,,,,,,,,,,0,1,,2,,,1,,1,,4,,,,2,Y,,Y,,,,Y,,Y,Y,,,Y,Y,Y,66,Y,6,Y,Y,0,8,N1,17,0,1,2,,,,19,,2,,,,,,11,2,,6,,8,,,4,3,2,2,3,29,7,19,5,3,2,,,299,,,0,0,,,,,,,,,,,,,Y,Y,A1800441,1
2026-07-28 04:10:16,data_go_kr,세종특별자치시,A1800417,의료법인 영제 의료재단 엔케이세종병원,8,20260728040252,044-850-7777,,,,,,,,,,,,,,,,,,,,,1,,,,,,,,,,,,,,Y,,,,,,Y,N1,,,N1,Y,N1,130,N1,,N1,Y,,3,N1,10,,,1,,,,,,,,,,,,,,,,,3,,,,,1,1,,1,,,,,,,,200,,,,,,,,,,,,,,,,,Y,N1,A1800417,2
2026-07-28 04:10:16,data_go_kr,경기도,A2100042,의료법인명지의료재단명지병원,11,20260728040500,031-810-7119,Y,Y,3,2,,3,0,0,1,,0,0,0,0,0,0,,0,0,,3,4,,,,4,10,,,,0,0,Y,Y,Y,,,,Y,,Y,Y,,,Y,Y,Y,123,Y,11,Y,Y,3,5,Y,15,0,0,3,16,,,3,,,,,,,,31,4,28,,,13,,0,0,2,6,3,5,49,4,5,8,5,2,1,2,443,3,2,,3,4,3,2,0,0,0,0,0,0,,,,Y,Y,A2100042,1
2026-07-28 04:10:16,data_go_kr,경기도,A2100033,국민건강보험공단일산병원,18,20260728040003,031-900-0761,Y,Y,,,,,0,,1,3,,0,0,,0,0,,3,2,4,3,0,,,2,1,1,,,,3,1,Y,,Y,,,,Y,,Y,Y,,,Y,Y,Y,112,N1,,Y,Y,3,2,N1,23,5,2,3,19,10,16,25,,,,,,6,,,11,29,,,2,,28,4,2,4,3,3,60,8,28,13,5,,,,659,,,,,1,,1,,0,0,,0,0,,,,Y,Y,A2100033,2
2026-07-28 04:10:16,data_go_kr,경기도,A2100005,순천향대학교부속부천병원,13,20260728040121,032-621-5117,Y,Y,2,1,,,,,,8,,0,,0,0,,,3,0,10,0,3,,,,4,15,,,,,1,Y,Y,Y,,,1,Y,,Y,Y,,,Y,Y,Y,161,Y,10,Y,Y,2,20,Y,17,5,0,0,20,16,15,24,,,,,,,,22,8,34,,,21,,,7,1,4,3,5,71,9,31,17,4,3,1,1,674,2,3,,,,,,,0,,0,0,,,,5,Y,Y,A2100005,3
2026-07-28 04:10:16,data_go_kr,경기도,A2100001,분당서울대학교병원,-11,20260728040300,031-787-3119,Y,Y,,,,,,3,,1,,,5,9,,,,3,2,2,3,2,1,,3,0,9,,,,3,3,Y,,Y,0,,1,Y,,Y,Y,,,Y,Y,Y,267,Y,0,Y,Y,0,39,N1,30,5,2,3,15,13,13,35,6,,,10,,9,,8,1,30,,,39,,15,3,3,11,11,11,128,17,39,16,8,8,,,1247,,,,,,5,,,,5,9,,,,,2,Y,Y,A2100001,4
2026-07-28 04:10:16,data_go_kr,경기도,A2100030,차의과학대학교분당차병원,12,20260728040042,031-780-5840,Y,Y,2,3,1,1,0,0,,0,,,0,,0,,0,6,,4,,2,,0,0,0,8,6,,,11,,Y,,Y,0,,,Y,,Y,Y,,,Y,Y,Y,64,Y,,Y,Y,8,25,N1,22,11,,,14,8,9,35,,2,,7,,6,,,4,43,6,,26,,22,,8,5,3,4,40,26,46,6,2,2,,,726,2,3,1,1,2,2,,,,0,,1,,0,,,Y,Y,A2100030,5
2026-07-28 04:10:16,data_go_kr,경기도,A2100002,아주대학교병원,16,20260728040521,031-219-7777,Y,Y,2,3,1,2,,0,,1,,,,0,0,,0,7,0,4,0,4,,1,5,0,6,0,4,2,3,5,Y,,Y,3,1,6,Y,2,Y,Y,2,3,Y,Y,Y,58,Y,,Y,Y,7,25,N1,30,9,0,0,16,14,10,36,,2,6,13,40,7,11,,3,42,6,60,25,3,20,8,3,8,6,9,126,27,34,32,9,7,,,792,2,6,1,4,,2,,,,,0,0,,0,2,6,Y,Y,A2100002,6
2026-07-28 04:10:16,data_go_kr,경기도,A2100003,고려대학교의과대학부속안산병원,18,20260728040324,031-412-5381,Y,Y,2,2,,,0,,,0,,,,,,,,4,,13,3,5,,,1,0,17,,,,8,5,Y,,Y,,,,Y,,Y,Y,,,Y,Y,Y,47,Y,0,Y,Y,0,20,N1,22,4,,3,18,10,13,25,,,,,,10,,6,3,30,,,20,,16,10,2,3,4,4,66,15,19,8,5,3,,,605,2,3,,,2,,,,,,,,,,,,Y,Y,A2100003,7
2026-07-28 04:10:16,data_go_kr,경기도,A2100004,한림대학교성심병원,20,20260728040256,031-380-1500,Y,Y,0,5,,,0,,,0,,,,,,,,3,2,3,2,1,,,,1,17,,,,10,2,Y,Y,Y,,,,Y,,Y,Y,0,2,Y,Y,Y,101,Y,,Y,Y,6,19,N1,25,3,2,4,19,27,16,9,,,8,,,,18,,3,30,,,19,,20,14,2,4,3,6,102,8,10,20,14,2,1,,610,0,5,,,1,,,,,,,,,,,,Y,Y,A2100004,8
2026-07-28 04:10:16,data_go_kr,경기도,A2100040,가톨릭대학교의정부성모병원,28,20260728040511,031-820-5200,Y,Y,,,,,0,0,,,,,,,,,,11,2,,4,1,,,0,0,10,,7,2,,,Y,,Y,,2,6,Y,4,Y,Y,,,Y,Y,Y,93,Y,0,Y,Y,-2,13,N1,42,11,2,4,18,,,15,,,,,20,6,,26,4,30,,53,13,2,,,3,4,3,4,54,10,28,12,4,3,,,519,,,,,1,1,,,,,,,,,2,6,Y,Y,A2100040,9
2026-07-28 04:10:16,data_go_kr,경기도,A2100047,동국대학교일산불교병원,17,20260728040527,031-961-7777,Y,Y,,,,,,,,4,,,,,,,3,3,1,6,3,,,,,1,,,,,9,0,Y,,Y,,,,Y,,Y,Y,,,Y,Y,Y,139,Y,,Y,Y,9,12,N1,19,3,1,3,,16,13,13,,,,,,,,,4,,,,12,,15,0,8,2,2,2,19,13,25,4,2,1,,,463,,,,,,,,,,,,,,3,,,Y,Y,A2100047,10
2026-07-28 04:10:16,data_go_kr,경기도,A2100038,인제대학교일산백병원,29,20260728040516,031-910-7114,N,N,,,,,,,,4,,,,,,,,,3,0,2,,,,,1,,,,,3,1,Y,,Y,,,,Y,,Y,Y,,1,Y,Y,Y,103,Y,,N,Y,,17,N1,34,,3,3,,25,32,,,,,,,,4,,4,,,,17,,16,2,3,3,3,4,54,18,22,7,3,1,,,545,,,,,,,,,,,,,,,,,Y,N,A2100038,11
2026-07-28 04:10:16,data_go_kr,경기도,A2118788,중앙대학교광명병원,20,20260728040508,02-2222-1351,Y,Y,0,0,,,,,,,,,,,,,,,1,,2,,,,2,2,,,,,,2,Y,,Y,,,,Y,,Y,Y,4,,Y,Y,Y,82,Y,8,Y,Y,1,17,N1,21,,1,2,,,,16,,,5,,,5,,24,6,,,,17,,,2,2,2,2,5,28,6,16,5,4,10,,,576,0,0,,,,,,,,,,,,,,,Y,Y,A2118788,12
2026-07-28 04:10:16,data_go_kr,경기도,A2100007,광명성애병원,9,20260728040535,02-2680-7116,Y,Y,,,,,,,,,,,,,,7,,4,1,,4,,,,,0,,,,,,,Y,,Y,,,,Y,,Y,Y,,,Y,Y,N1,44,N1,10,Y,Y,,5,N1,11,4,1,4,,,,,,,,,,,,13,1,,,,5,,,,2,2,2,1,12,2,5,1,,,,,189,,,,,,,,,,,,,50,,,,Y,Y,A2100007,13
2026-07-28 04:10:16,data_go_kr,경기도,A2100155,참조은병원,4,20260728040514,031-881-9119,,,,,,,,,,,,,,0,0,,6,1,1,,3,,,,,3,,,,,,1,,,Y,,,,Y,,Y,Y,,,Y,Y,N1,24,Y,-3,N1,Y,,7,N1,9,1,1,3,,,,,,,,,,,,22,3,,,,7,,,2,,3,3,2,18,,,3,,2,,,286,,,,,,,,,,,0,0,,6,,,Y,N1,A2100155,14
2026-07-28 04:10:16,data_go_kr,경기도,A2100039,한양대학교구리병원,16,20260728040259,1644-9118,Y,Y,,,,,,,,0,,,,,,,,,1,0,4,,,,,,,,,,,2,Y,,Y,,,,Y,,Y,Y,,,Y,Y,Y,99,Y,,Y,Y,1,9,N1,18,,1,4,,17,14,10,,,,,,,,,,,,,9,,,5,1,3,2,3,21,6,14,4,2,2,,,488,,,,,,,,,,,,,,,,,Y,Y,A2100039,15
2026-07-28 04:10:16,data_go_kr,경기도,A2100054,효산의료재단지샘병원,14,20260728040048,031-389-3119,,,,,,,,,,,,,,,,,1,,2,,1,,,,,1,,,,,,1,,,Y,,,,Y,,Y,Y,,,Y,Y,N1,39,N1,4,N1,Y,,5,N1,18,,2,1,,,,,,,,,,,,18,1,,,,5,,,2,,2,1,3,11,,,2,,,,,367,,,,,,,,,,,,,,1,,,Y,N1,A2100054,16
2026-07-28 04:10:16,data_go_kr,경기도,A2100048,원광대학교산본병원,14,20260728040314,031-390-2345,,,,,,,,,,,,,,,,,,,1,,1,,,,,,,,,,,,Y,,Y,,,,Y,,Y,Y,,,Y,Y,N1,70,N1,7,N1,Y,,5,N1,17,,1,2,,,,,,,,,,,,12,,,,,5,,,,1,1,1,1,1,,,2,,,,,188,,,,,,,,,,,,,,,,,Y,N1,A2100048,17
2026-07-28 04:10:16,data_go_kr,경기도,A2100053,의료법인우리의료재단김포우리병원,15,20260728040421,031-999-1119,,,,,,,,,,,,,,0,0,0,,,1,,6,,,,,0,,,,,,3,,,Y,,,,Y,,Y,Y,,,Y,Y,Y,20,Y,0,N1,Y,,7,N1,22,,1,6,,,,,,,,,,,,36,1,,,,7,,,11,,2,2,2,48,,,4,1,2,,,477,,,,,,,,,,,0,0,0,,,,Y,N1,A2100053,18
2026-07-28 04:10:16,data_go_kr,경기도,A2100006,의료법인인봉의료재단뉴고려병원,13,20260728040132,031-980-9119,,,,,,,,,,,,,,,,,3,,1,,2,,,,,6,,,,,,,,,Y,,,,Y,,Y,Y,,,Y,Y,N1,59,N1,3,N1,Y,,6,N1,14,,1,2,,,,,,,,,,,,24,10,,,,6,,,,,2,2,2,7,,,1,,,,,278,,,,,,,,,,,,,,3,,,Y,N1,A2100006,19
2026-07-28 04:10:16,data_go_kr,경기도,A2100041,남양주한양병원,15,20260728040506,031-510-0119,,,,,,,,,,,,,,,,,,,1,,2,,,,,10,,,,,,,,,Y,,,,Y,,Y,Y,,,Y,Y,N1,73,N1,4,N1,Y,,,Y,17,,1,2,,,,,,,,,,,,17,23,,,,,,,,,2,2,1,33,,,2,,,,1,244,,,,,,,,,,,,,,,,,Y,N1,A2100041,20
2026-07-28 04:10:16,data_go_kr,경기도,A2100037,현대병원,14,20260728040521,031-574-0114,,,,,,,,,,,,,,,,,,,3,,,,,,,0,,,,,,,,,Y,,,,Y,,Y,Y,,,Y,Y,N1,43,Y,1,N1,Y,,7,N1,17,,3,,,,,,,,,,,,,19,20,,,,7,,,,,2,2,2,50,,,17,,2,,,342,,,,,,,,,,,,,,,,,Y,N1,A2100037,21
2026-07-28 04:10:16,data_go_kr,경기도,A2100055,부천세종병원,15,20260728040510,032-340-1119,Y,Y,,,,,,,,,,,,,,,,,1,,2,0,,,,0,0,,,,,0,Y,,Y,,,,Y,,Y,Y,,,Y,Y,Y,60,Y,1,Y,Y,,6,N1,17,,1,2,2,,,,,,,,,,,20,2,3,,,6,,,6,1,2,1,5,18,1,1,5,4,1,,,268,,,,,,,,,,,,,,,,,Y,Y,A2100055,22
2026-07-28 04:10:16,data_go_kr,경기도,A2100052,가톨릭대학교부천성모병원,24,20260728040510,032-340-2100,Y,Y,,,,,,,,6,,,,,,,3,,2,2,1,,,,,1,,,,,,1,Y,,Y,4,,,Y,,Y,Y,,,Y,Y,Y,72,Y,,Y,Y,9,14,N1,31,,2,1,,16,12,10,,,,18,,,,,4,,,,14,,,4,3,3,3,3,28,4,14,11,1,2,,,562,,,,,,,,,,,,,,3,,,Y,Y,A2100052,23
2026-07-28 04:10:16,data_go_kr,경기도,A2100025,대진의료재단분당제생병원,18,20260728040500,031-779-0119,Y,Y,,,,,,,,3,,,7,,,,,3,1,2,2,,,,,1,,,,,,0,Y,Y,Y,,,,Y,,Y,Y,,,Y,Y,Y,117,Y,,Y,Y,1,9,N1,24,3,1,2,,11,14,3,,,,,,,,,4,,,,9,,,2,2,4,3,3,22,1,5,5,2,3,1,,484,,,,,,,,,,7,,,,,,,Y,Y,A2100025,24
2026-07-28 04:10:16,data_go_kr,경기도,A2116806,성남시의료원,16,20260728040501,031-738-7300,,,,,,,,,,,,,,,,,,6,2,19,4,,,,,2,,,,,,28,,,Y,,,,Y,,Y,Y,,,Y,Y,Y,90,Y,,N1,Y,,8,Y,17,6,2,4,,,25,,,,,,,,,,5,,,,8,,,28,,3,2,2,31,,,6,3,1,,2,241,,,,,,,,,,,,,,,,,Y,N1,A2116806,25
2026-07-28 04:10:16,data_go_kr,경기도,A2117135,의료법인명인의료재단화홍병원,7,20260728040255,031-8021-6829,Y,,,,,,,,,,,,,,,,,,2,,3,,,,,0,,,,,,,,,Y,,,,,,Y,N1,,,N1,Y,Y,40,N1,9,N1,Y,,6,Y,15,,2,3,,,,,,,,,,,,29,1,,,,6,,,,,2,2,,4,1,,,1,,,1,228,,,,,,,,,,,,,,,,,Y,Y,A2117135,26
2026-07-28 04:10:16,data_go_kr,경기도,A2100009,의료법인녹산의료재단동수원병원,14,20260728040133,031-210-0119,,Y,,,,,,,,,,,,,,,,,1,,2,0,,,,0,0,,,,,1,Y,,Y,,,,Y,,Y,Y,,,Y,Y,N1,32,N1,9,Y,Y,,5,N1,17,,1,2,2,,,,,,,,,,,18,3,4,,,5,,,1,1,2,2,1,15,,4,1,,,,,335,,,,,,,,,,,,,,,,,Y,N1,A2100009,27
2026-07-28 04:10:16,data_go_kr,경기도,A2100012,가톨릭대학교성빈센트병원,17,20260728040509,031-249-7370,Y,Y,,,1,1,,,,7,,,,,,,,4,2,8,2,3,,2,5,2,,4,,,7,3,Y,,Y,6,,,Y,,Y,Y,,0,Y,Y,Y,118,Y,,Y,Y,2,19,N1,28,6,2,2,4,20,11,18,,2,,15,,8,8,,5,,6,,19,,30,11,2,5,4,6,52,7,18,12,4,4,,,658,,,1,1,,,,,,,,,,,,,Y,Y,A2100012,28
2026-07-28 04:10:16,data_go_kr,경기도,A2100008,의료법인남촌의료재단시화병원,15,20260728040133,031-5189-0567,,,,,,,,,,,,,,,,,,5,0,,5,,,,,1,,,,,,1,Y,,Y,,,,Y,,Y,Y,,,Y,Y,Y,58,N1,20,N1,Y,,7,N1,16,5,1,5,,,,,,,,,,,,52,1,,,,7,,,1,1,3,3,2,29,,,4,2,,,,461,,,,,,,,,,,,,,,,,Y,N1,A2100008,29
2026-07-28 04:10:16,data_go_kr,경기도,A2100017,대아의료재단한도병원,17,20260728040416,031-8040-1129,,,,,,,,,,,,,,,,,,,1,,2,,,,,1,,,,,,,,,Y,,,,Y,,Y,Y,,,Y,Y,N1,59,N1,10,N1,Y,,6,N1,17,,1,2,,,,,,,,,,,,29,1,,,,6,,,,,3,2,2,15,,,3,,,,,327,,,,,,,,,,,,,,,,,Y,N1,A2100017,30
2026-07-28 04:10:16,data_go_kr,경기도,A2100015,효산의료재단안양샘병원,13,20260728040416,031-467-9119,,,,,,,,,,0,,,,,,,,,1,1,2,,,,,1,,,,,,,,,Y,,,,Y,,Y,Y,,,Y,Y,Y,51,N1,,N1,Y,,6,N1,17,,1,2,,9,9,,,,,,,,,,1,,,,6,,,,,2,1,2,12,,,2,1,,,,307,,,,,,,,,,,,,,,,,Y,N1,A2100015,31
2026-07-28 04:10:16,data_go_kr,경기도,A2100024,오산한국병원,13,20260728040408,031-378-5119,,,,,,,,,,,,,,,,,,,1,,2,2,,,,1,3,,,,,2,,,Y,,,,Y,,Y,Y,,,Y,Y,N1,29,Y,0,N1,Y,,5,N1,17,,1,2,2,,,,,,,,,,,32,1,3,,,5,,,2,,2,2,2,17,,,2,,1,,,259,,,,,,,,,,,,,,,,,Y,N1,A2100024,32
2026-07-28 04:10:16,data_go_kr,경기도,A2100020,연세대학교의과대학용인세브란스병원,8,20260728040221,031-5189-9001,Y,Y,,,,,,,,0,,,,,,,,6,1,6,3,,,,,1,,,,,,2,Y,,Y,,,,Y,,Y,Y,,,Y,Y,Y,96,Y,,Y,Y,0,15,N1,16,6,1,3,,19,16,12,,,,,,,,,2,,,,15,,,4,2,3,3,4,31,6,18,6,3,4,,,597,,,,,,,,,,,,,,,,,Y,Y,A2100020,33
2026-07-28 04:10:16,data_go_kr,경기도,A2100029,강남병원,16,20260728040517,031-300-0119,,,,,,,,,,,,,,,,,,,1,,2,2,,,,1,2,,,,,,,,Y,,,,,,Y,N1,,,Y,Y,N1,17,N1,15,N1,Y,,4,N1,17,,1,2,2,,,,,,,,,,,30,1,3,,,4,,,,,2,2,,7,,,2,,,,,264,,,,,,,,,,,,,,,,,Y,N1,A2100029,34
2026-07-28 04:10:16,data_go_kr,경기도,A2100019,(의)영문의료재단다보스병원,13,20260728040527,031-8021-2130,,,,,,,,,,,,,,,,,4,,1,,2,1,,,,1,1,,,,,,,,Y,,,,,,Y,N1,,,Y,Y,N1,32,N1,5,N1,Y,,6,N1,13,,1,2,2,,,,,,,,,,,23,1,3,,,6,,,,,1,1,,7,,,2,,,,,222,,,,,,,,,,,,,,4,,,Y,N1,A2100019,35
2026-07-28 04:10:16,data_go_kr,경기도,A2117994,학교법인을지학원의정부을지대학교병원,24,20260728040101,031-8074-0119,Y,Y,,,,,,,,2,,,,,,,8,6,1,0,2,,,,,2,,,,,5,1,Y,,Y,,0,0,Y,,Y,Y,,,Y,Y,Y,166,Y,,Y,Y,3,12,N1,30,6,1,2,,29,22,5,,,,,,,,,2,,,,14,,22,6,8,3,3,4,48,5,5,6,3,2,,,588,,,,,,,,,,,,,,8,0,0,Y,Y,A2117994,36
2026-07-28 04:10:16,data_go_kr,경기도,A2100193,경기도의료원이천병원,17,20260728040403,031-630-4333,,,,,,,,,,,,,,,,,,,1,,2,2,,,,2,1,,,,,6,,,Y,,,,,,Y,N1,,,N1,Y,N1,44,N1,1,N1,Y,,4,N1,17,,1,2,2,,,,,,,,,,,6,2,3,,,4,,,6,,1,1,,8,,,,,,,,187,,,,,,,,,,,,,,,,,Y,N1,A2100193,37
2026-07-28 04:10:16,data_go_kr,경기도,A2100035,경기도의료원파주병원,13,20260728040302,031-940-9119,,,,,,,,,,,,,,,,,,,1,,2,0,,,,,0,,,,,,Y,,Y,,,,,,Y,N1,,,N1,Y,N1,90,N1,2,N1,Y,,3,N1,17,,1,2,2,,,,,,,,,,,8,,3,,,3,,,,1,1,1,,9,,,,,,,,189,,,,,,,,,,,,,,,,,Y,N1,A2100035,38
2026-07-28 04:10:16,data_go_kr,경기도,A2100028,의료법인백송의료재단굿모닝병원,11,20260728040417,031-5182-7582,,,,,,,,,,,,,,,,,5,,2,,1,,,,,0,,,,,,,,,Y,,,,Y,,Y,Y,,,Y,Y,Y,67,N1,0,N1,Y,,7,Y,19,,2,1,,,,,,,,,,,,27,3,,,,7,,,,,5,3,3,23,,,5,3,,,1,392,,,,,,,,,,,,,,6,,,Y,N1,A2100028,39
2026-07-28 04:10:16,data_go_kr,경기도,A2113246,의료법인양진의료재단평택성모병원,11,20260728040310,070-5012-0119,,,,,,,,,,,,,,,,0,,,1,,2,2,,,,2,0,,,,,,,,Y,,,,Y,,Y,Y,,,Y,Y,N1,35,N1,13,N1,Y,,6,N1,17,,1,2,2,,,,,,,,,,,34,2,3,,,6,,,,,3,3,2,8,,,2,,,,,329,,,,,,,,,,,,,0,,,,Y,N1,A2113246,40
2026-07-28 04:10:16,data_go_kr,경기도,A2100031,경기도의료원포천병원,16,20260728040502,031-539-9119,,Y,,,,,,,,,,,,,,,,,1,,2,,,,,0,,,,,,0,Y,,Y,,,,,,Y,N1,,,N1,Y,N1,39,N1,2,Y,Y,,4,N1,17,,1,2,,,,,,,,,,,,10,0,,,,4,,,3,3,1,1,,7,,2,,,,,,137,,,,,,,,,,,,,,,,,Y,N1,A2100031,41
2026-07-28 04:10:16,data_go_kr,경기도,A2100046,한림대학교동탄성심병원,25,20260728040433,031-8086-2119,Y,Y,3,0,,,,,,12,,,,,,,,9,,2,,,,,1,6,,,,,,4,Y,Y,Y,,,,Y,,Y,Y,6,,Y,Y,Y,135,Y,,Y,Y,11,20,Y,32,9,,,,28,13,13,,,13,,,9,,,11,,,,20,,,11,1,6,3,6,51,8,16,17,5,5,1,1,515,3,0,,,,,,,,,,,,,,,Y,Y,A2100046,42
2026-07-28 04:10:16,data_go_kr,경기도,A2100290,의료법인자인의료재단(더자인병원),16,20260728040514,031-930-3119,,,,,,,,,,,,,,,,,,,2,,2,0,,,,1,1,,,,,,,,Y,,,,Y,,Y,Y,,,Y,Y,N1,73,N1,4,N1,N,,5,N1,16,,2,2,2,,,,,,,,,,,10,2,3,,,5,,,,,2,2,1,15,,,1,,,,,233,,,,,,,,,,,,,,,,,Y,N1,A2100290,43
2026-07-28 04:10:16,data_go_kr,경기도,A2100049,국립암센터,13,20260728040401,031-920-0119,,N,,,,,,,,,,,,,,,,,,,1,,,,,7,,,,,,,,,Y,,,,Y,,Y,Y,,,Y,Y,Y,76,Y,11,N,Y,,18,N1,24,,,1,,,,,,,,,,,,19,9,,,,18,,,,,7,5,3,29,,1,8,2,7,,,554,,,,,,,,,,,,,,,,,Y,N1,A2100049,44
2026-07-28 04:10:16,data_go_kr,경기도,A2116972,의료법인성광의료재단일산차병원,6,20260728040303,031-782-8587,Y,Y,,,,,,,,,,,,,,,,,,,3,,,,,1,,,,,,1,Y,,,,,,,,Y,N1,,,N1,N1,N1,49,N1,4,Y,N1,0,10,N1,6,,,4,,,,17,,,,,,,,4,1,,,,10,,,1,9,,,,4,11,19,,,,,,179,,,,,,,,,,,,,,,,,Y,Y,A2116972,45
2026-07-28 04:10:16,data_go_kr,경기도,A2118188,엘병원,8,20260728040430,031-527-6119,,,,,,,,,,,,,,,,,,,,,2,,,,,0,,,,,,1,,,Y,,,,,,Y,N1,,,N1,Y,N1,51,N1,5,N1,Y,,3,N1,8,,,2,,,,,,,,,,,,8,1,,,,3,,,1,,1,1,,2,,,,,,,,146,,,,,,,,,,,,,,,,,Y,N1,A2118188,46
2026-07-28 04:10:16,data_go_kr,경기도,A2100050,의료법인대인의료재단다니엘종합병원,5,20260728040503,032-670-0119,,,,,,,,,,,,,,,,,,,1,,3,,,,,1,,,,,,,,,Y,,,,,,Y,N1,,,N,Y,N1,36,N1,8,N1,Y,,3,N1,6,,1,3,,,,,,,,,,,,30,1,,,,3,,,,,1,1,,17,,,1,,,,,169,,,,,,,,,,,,,,,,,Y,N1,A2100050,47
2026-07-28 04:10:16,data_go_kr,경기도,A2100258,국군수도병원,16,20260728040513,031-725-6119,,,,,,,,,,,,,,2,6,,,,0,,,,,,,1,,,12,,2,,,,Y,,,,Y,14,Y,Y,,,Y,Y,Y,101,N1,9,N1,Y,,9,N1,16,,2,,,,,,,,,,20,,,12,1,,,40,9,,15,,,3,4,2,2,,,5,2,,,,530,,,,,,,,,,,2,6,,,,,Y,N1,A2100258,48
2026-07-28 04:10:16,data_go_kr,경기도,A2100016,순천의료재단성남정병원,9,20260728040139,031-750-6003,,,,,,,,,,,,0,,,27,,,,2,,,,,,,,,,,,,,,,Y,,,,,,Y,N1,,,N1,Y,N1,76,N1,,N1,Y,,4,N1,9,,2,,,,,,,,,,,,,,,,,,4,,,,,1,1,,1,,,,,,,,98,,,,,,,,,0,,,105,,,,,Y,N1,A2100016,49
2026-07-28 04:10:16,data_go_kr,경기도,A2121061,의료법인덕산의료재단수원덕산병원,22,20260728040503,031-686-2911,N,Y,,,,,,,,,,,,,,,,3,1,,2,2,,,,2,2,,,,,0,Y,,Y,,,,Y,,Y,Y,,,Y,Y,Y,73,N1,9,Y,Y,,9,N1,24,3,1,2,2,,,,,,,,,,,22,3,4,,,9,,,5,5,3,2,2,15,N,2,5,2,,,,403,,,,,,,,,,,,,,,,,Y,N,A2121061,50
2026-07-28 04:10:16,data_go_kr,경기도,A2100032,경기도의료원수원병원,7,20260728040502,031-888-0119,,,,,,,,,,,,,,,,,3,,,,2,,,,,,,,,,,2,,,Y,,,,,,Y,N1,,,N1,Y,N1,44,N1,5,N1,Y,,3,N1,8,,,2,,,,,,,,,,,,9,,,,,3,,,2,,1,1,,9,,,,,,,,156,,,,,,,,,,,,,,3,,,Y,N1,A2100032,51
2026-07-28 04:10:16,data_go_kr,경기도,A2100175,의료법인토마스의료재단윌스기념병원,18,20260728040337,031-240-6119,,,,,,,,,,,,,,,,,,,1,,2,2,,,,0,3,,,,,,Y,,Y,,,,Y,,Y,Y,,,Y,Y,N1,40,N1,8,N1,Y,,10,N1,18,,1,2,2,,,,,,,,,,,18,1,3,,,10,,,,1,1,4,1,1,,,1,,,,,282,,,,,,,,,,,,,,,,,Y,N1,A2100175,52
2026-07-28 04:10:16,data_go_kr,경기도,A2100027,의료법인석경의료재단센트럴병원,18,20260728040426,031-8041-3019,,,,,,,,,,,,,,,,,,,1,,2,,,,,,,,,,,,,,Y,,,,,,Y,N1,,,Y,Y,N1,85,N1,4,N1,Y,,3,N1,18,,1,2,,,,,,,,,,,,20,,,,,3,,,,,2,2,,7,,,2,,,,,255,,,,,,,,,,,,,,,,,Y,N1,A2100027,53
2026-07-28 04:10:16,data_go_kr,경기도,A2100013,의료법인 록향의료재단 신천연합병원,9,20260728040505,031-310-6661,,,,,,,,,,,,,,,,,,,,,1,,,,,0,,,,,,,,,Y,,,,,,Y,N1,,,Y,Y,N1,26,N1,1,N1,Y,,3,N1,10,,,1,,,,,,,,,,,,6,1,,,,3,,,,,1,1,,4,,,1,,,,,112,,,,,,,,,,,,,,,,,Y,N1,A2100013,54
2026-07-28 04:10:16,data_go_kr,경기도,A2100021,의료법인플러스의료재단단원병원,14,20260728040637,031-8040-5911,,,,,,,,,,,,,1,,,,,,1,,2,,,,,1,,,,,,,,,Y,,,,Y,,Y,Y,,,Y,Y,Y,57,N1,7,N1,Y,,5,N1,17,,1,2,,,,,,,,,,,,27,1,,,,5,,,,,1,1,2,8,,,2,1,,,,342,,,,,,,,,,1,,,,,,,Y,N1,A2100021,55
2026-07-28 04:10:16,data_go_kr,경기도,A2100014,근로복지공단안산병원,5,20260728040400,031-500-1119,,,,,,,,,,,,,,,,,,,,,1,,,,,1,,,,,,0,,,Y,,,,,,Y,N1,,,N1,Y,N1,74,N1,11,N1,Y,,3,N1,7,,,1,,,,,,,,,,,,18,1,,,,3,,,2,,1,1,,14,,,,,,,,359,,,,,,,,,,,,,,,,,Y,N1,A2100014,56
2026-07-28 04:10:16,data_go_kr,경기도,A2100124,의료법인칠석의료재단사랑의병원,12,20260728040329,031-502-0119,,,,,,,,,,,,,,,,,,,1,,,,,,,,,,,,,,,,Y,,,,,,Y,N1,,,Y,Y,N1,29,N1,4,N1,Y,,5,N1,13,,1,,,,,,,,,,,,,14,,,,,5,,,,,2,2,,8,,,1,,,,,206,,,,,,,,,,,,,,,,,Y,N1,A2100124,57
2026-07-28 04:10:16,data_go_kr,경기도,A2100045,경기도의료원안성병원,14,20260728040501,031-8046-5119,,,,,,,,,,,,,,,,,,,1,,,,,,,1,,,,,,8,,,Y,,,,,,Y,N1,,,N1,Y,N1,49,N1,6,N1,Y,,5,N1,14,,1,,,,,,,,,,,,,13,2,,,,5,,,8,,1,1,,8,,,,,,,,178,,,,,,,,,,,,,,,,,Y,N1,A2100045,58
2026-07-28 04:10:16,data_go_kr,경기도,A2100305,안성성모병원,8,20260728040515,031-675-8275,,,,,,,,,,,,,,,,,,,,,1,,,,,,,,,,,,,,Y,,,,,,Y,N1,,,N1,Y,N1,81,N1,0,N1,Y,,3,N1,9,,,1,,,,,,,,,,,,20,,,,,3,,,,,1,1,,7,,,,,,,,188,,,,,,,,,,,,,,,,,Y,N1,A2100305,59
2026-07-28 04:10:16,data_go_kr,경기도,A2100089,양평병원,7,20260728040001,031-770-5119,N,N,,,,,,,,,,,,,,,,,,,1,,,,,,,,,,,,N,N,Y,,,,N,,Y,N,,,N,Y,N,11,N,,N,Y,,3,N,9,,,1,,,,,,,,,,,,,,,,,3,,,,0,1,1,0,1,0,0,0,0,0,0,0,90,,,,,,,,,,,,,,,,,Y,N,A2100089,60
2026-07-28 04:10:16,data_go_kr,경기도,A2100194,세종여주병원,4,20260728040521,031-880-7754,,,,3,,,,,,,,,,,,,3,,,,4,,,,,,,,,,,,,,Y,,,,,,Y,N1,,,Y,Y,N1,110,N1,,N1,Y,,2,N1,6,,,4,,,,,,,,,,,,,,,,,2,,,,,1,1,,4,,,2,,,,,210,,3,,,,,,,,,,,,3,,,Y,N1,A2100194,61
2026-07-28 04:10:16,data_go_kr,경기도,E2100187,연천군보건의료원,10,20260728040323,031-839-4119,,,,,,,,,,,,,,,,,,,,,,,,,,,,,,,,,,,Y,,,,,,Y,N1,,,N1,Y,N1,51,N1,,N1,N1,,2,N1,10,,,,,,,,,,,,,,,,,,,,2,,,,,1,,,1,,,,,,,,52,,,,,,,,,,,,,,,,,Y,N1,E2100187,62
2026-07-28 04:10:16,data_go_kr,경기도,A2100122,(의)효심의료재단용인서울병원,9,20260728040237,031-336-0119,,,,,,,,,,,,,,,,,,,,,,,,,,,,,,,,,,,Y,,,,,,Y,N1,,,N1,Y,N1,140,N1,,N1,Y,,3,N1,10,,,,,,,,,,,,,,,,,,,,3,,,,,1,1,,1,,,,,,,,201,,,,,,,,,,,,,,,,,Y,N1,A2100122,63
2026-07-28 04:10:16,data_go_kr,경기도,A2121142,메디필드한강병원,17,20260728040241,031-332-1119,,,,,,,,,,,,,,,,,,,1,,2,,,,,1,,,,,,1,,,Y,,,,Y,,Y,Y,,,Y,Y,N1,154,N1,6,N1,Y,,6,N1,17,,1,2,,,,,,,,,,,,15,1,,,,6,,,1,,3,2,1,13,,,2,,,,,192,,,,,,,,,,,,,,,,,Y,N1,A2121142,64
2026-07-28 04:10:16,data_go_kr,경기도,A2100034,의료법인영동의료재단의정부백병원,10,20260728040444,031-842-1211,,,,,,,,,,,,,,,,,,,,,2,,,,,,,,,,,,,,Y,,,,,,Y,N1,,,N1,Y,N1,97,N1,0,N1,Y,,3,N1,10,,,2,,,,,,,,,,,,9,,,,,3,,,,,1,1,,1,,,,,,,,192,,,,,,,,,,,,,,,,,Y,N1,A2100034,65
2026-07-28 04:10:16,data_go_kr,경기도,A2100150,추병원,11,20260728040351,031-845-8313,,,,,,,,,,,,,,,,,,,1,,1,,,,,,,,,,,,,,Y,,,,Y,,Y,Y,,,N1,Y,N1,54,N1,2,N1,N,,3,N1,12,,1,1,,,,,,,,,,,,15,,,,,3,,,,,2,1,1,1,,,,,,,,210,,,,,,,,,,,,,,,,,Y,N1,A2100150,66
2026-07-28 04:10:16,data_go_kr,경기도,A2100043,경기도의료원의정부병원,10,20260728040503,031-828-5119,,,,,,,,,,,,,,,,0,,,1,,,,,,,,,,,,29,3,,,Y,,,,,,Y,N1,,,N1,Y,N1,30,N1,3,N1,Y,,3,N1,10,,1,,,,,,,,,,,,,6,,,,,3,,70,5,,1,1,,8,,,,,,,,86,,,,,,,,,,,,,0,,,,Y,N1,A2100043,67
2026-07-28 04:10:16,data_go_kr,경기도,A2100131,메디인병원,10,20260728040536,031-570-7912,,,,,,,,,,,,,,,,,,,,,2,,,,,,,,,,,,,,Y,,,,Y,,Y,Y,,,N1,Y,N1,57,N1,,N1,Y,,4,N1,12,,,2,,,,,,,,,,,,,,,,,4,,,,,1,1,1,2,,,,,,,,206,,,,,,,,,,,,,,,,,Y,N1,A2100131,68
2026-07-28 04:10:16,data_go_kr,경기도,A2100309,의료법인갈렌의료재단박병원,6,20260728040500,031-662-4119,,,,,,,,,,,,,,,,,,,,,1,,,,,,,,,,,,,,Y,,,,,,Y,N1,,,N1,Y,N1,34,N1,0,N1,Y,,2,N1,10,,,1,,,,,,,,,,,,10,,,,,2,,,,,1,2,,3,,,,,,,,143,,,,,,,,,,,,,,,,,Y,N1,A2100309,69
2026-07-28 04:10:16,data_go_kr,경기도,A2100022,의료법인박애의료재단박애병원,10,20260728040346,031-650-9219,,,,,,,,,,,,,,,,,,,,,1,,,,,,,,,,,,,,Y,,,,,,Y,N1,,,Y,Y,N1,110,N1,8,N1,Y,,5,N1,10,,,1,,,,,,,,,,,,10,,,,,5,,,,,2,1,,20,,,2,,,,,193,,,,,,,,,,,,,,,,,Y,N1,A2100022,70
2026-07-28 04:10:16,data_go_kr,경기도,A2100036,의료법인 일심의료재단 포천우리병원,14,20260728040312,031-541-8282,,,,,,,,,,,,,,,,,,,1,,3,,,,,2,,,,,,2,,,Y,,,,Y,,Y,Y,,,Y,Y,N1,68,N1,8,N1,Y,,5,N1,18,,1,3,,,,,,,,,,,,18,2,,,,5,,,2,,2,2,1,14,,,3,,,,,201,,,,,,,,,,,,,,,,,Y,N1,A2100036,71
2026-07-28 04:10:16,data_go_kr,경기도,A2100018,의료법인은혜와감사의료재단화성중앙종합병원,9,20260728040206,031-371-7998,,,,,,,,,,,,,,,,,,,,,1,,,,,,,,,,,,,,Y,,,,,,Y,N1,,,N1,Y,N1,81,N1,4,N1,Y,,3,N1,9,,,1,,,,,,,,,,,,8,,,,,3,,,,,1,1,,3,,,,,,,,131,,,,,,,,,,,,,,,,,Y,N1,A2100018,72
2026-07-28 04:10:16,data_go_kr,경기도,A2115699,의료법인원광의료재단원광종합병원,7,20260728040039,031-8077-7219,,,,,,,,,,,,,,,,,,,1,,,,,,,,,,,,,,,,Y,,,,,,Y,N1,,,N1,Y,N1,7,N1,-2,N1,Y,,4,N1,9,,1,,,,,,,,,,,,,9,,,,,4,,,,,1,2,,4,,,,,,,,135,,,,,,,,,,,,,,,,,Y,N1,A2115699,73
2026-07-28 04:10:16,data_go_kr,강원특별자치도,A2200008,강릉아산병원,14,20260728041015,033-610-3333,Y,Y,,,,,0,1,,0,,,,,,,,3,2,1,3,1,,,,,0,,,,,,Y,,Y,,,,Y,,Y,Y,,,Y,Y,Y,28,Y,,Y,Y,7,15,Y,23,3,2,3,18,14,16,13,,,,,,,,,,38,,,15,,,,2,4,3,4,33,8,12,8,5,1,,2,604,,,,,1,6,,,,,,,,,,,Y,Y,A2200008,1
2026-07-28 04:10:16,data_go_kr,강원특별자치도,A2200001,연세대학교원주세브란스기독병원,26,20260728040502,033-741-1641,Y,Y,2,23,,,0,,,3,,,,,,,,3,2,4,3,5,,,,,12,,6,2,6,,Y,,Y,3,2,6,Y,5,Y,Y,,,Y,Y,Y,80,Y,,Y,Y,5,15,Y,29,3,2,3,20,15,12,19,,,,15,20,,,,,30,,40,15,2,24,,2,5,4,7,100,12,25,16,7,13,,4,584,4,36,,,2,,,,,,,,,,2,6,Y,Y,A2200001,2
2026-07-28 04:10:16,data_go_kr,강원특별자치도,A2200013,한림대학교춘천성심병원,20,20260728040718,033-240-5219,Y,Y,2,3,,,,0,,,,,,,,,,3,,,,2,,,,0,22,,,,,0,Y,Y,Y,,,,Y,,Y,Y,0,,Y,Y,Y,66,Y,6,Y,Y,,9,Y,22,3,,,20,,,,,,8,,,,,20,2,45,,,9,,,2,1,2,2,3,33,1,4,6,2,1,1,1,252,2,3,,,,2,,,,,,,,,,,Y,Y,A2200013,3
2026-07-28 04:10:16,data_go_kr,강원특별자치도,A2200005,의료법인강릉동인병원,14,20260728041030,033-650-6105,,,,,,,,,,3,,,,,,,,,1,,2,,,,,2,,,,,9,,,,Y,,,,Y,,Y,Y,,,Y,Y,N1,69,N1,0,N1,Y,,5,N1,17,,1,2,,12,,,,,,,,,,12,2,,,,5,,101,,,2,1,1,14,,,1,,,,,248,,,,,,,,,,,,,,,,,Y,N1,A2200005,4
2026-07-28 04:10:16,data_go_kr,강원특별자치도,A2200007,강원특별자치도삼척의료원,15,20260728040502,033-571-0431,,Y,,,,,,,,,,,,,,,,1,2,,1,1,,,,0,3,,,,,6,Y,,Y,,,,,,Y,N1,,,Y,Y,N1,51,N1,0,Y,Y,,4,N1,16,1,2,1,2,,,,,,,,,,,6,2,3,,,4,,,10,1,1,1,,3,,3,1,,,,,189,,,,,,,,,,,,,,,,,Y,N1,A2200007,5
2026-07-28 04:10:16,data_go_kr,강원특별자치도,A2200012,강원특별자치도속초의료원,17,20260728041002,,Y,Y,,,,,,,,,,,,,,,,,2,,1,,,,,,,,,,,,Y,,Y,,,,,,Y,N1,,,N1,Y,N1,67,N1,0,Y,Y,,3,N1,17,,2,1,,,,,,,,,,,,8,,,,,3,,,,2,1,1,,7,1,1,,,,,,154,,,,,,,,,,,,,,,,,Y,Y,A2200012,6
2026-07-28 04:10:16,data_go_kr,강원특별자치도,A2200009,강원대학교병원,13,20260728041000,033-258-2293,Y,Y,,,,,0,,,4,,,,,,,,3,2,,3,0,4,,4,0,,,,,3,12,Y,,Y,1,,,Y,,Y,Y,,,Y,Y,Y,231,Y,,Y,Y,4,11,N1,21,3,2,3,5,10,,15,8,,,8,,8,,,2,,,,11,,16,14,3,4,2,4,43,13,24,12,3,10,,,508,,,,,0,,,,,,,,,,,,Y,Y,A2200009,7
2026-07-28 04:10:16,data_go_kr,강원특별자치도,A2200011,강원특별자치도강릉의료원,4,20260728041001,033-610-1234,,,,,,,,,,,,,,,,20,,,,,1,,,,,,,,,,,5,,,Y,,,,,,Y,N1,,,N1,Y,N1,14,N1,0,N1,Y,,2,N1,5,,,1,,,,,,,,,,,,8,,,,,2,,,5,,1,1,,4,,,,,,,,122,,,,,,,,,,,,,20,,,,Y,N1,A2200011,8
2026-07-28 04:10:16,data_go_kr,강원특별자치도,A2200003,의료법인동해동인병원,8,20260728041001,033-530-0129,,,,,,,,,,,,,,,,,,,,,1,,,,,1,,,,,57,,,,Y,,,,,,Y,N1,,,N1,Y,N1,19,N1,8,N1,Y,,2,N1,10,,,1,,,,,,,,,,,,19,1,,,,2,,110,,,1,1,,7,,,,,,,,178,,,,,,,,,,,,,,,,,Y,N1,A2200003,9
2026-07-28 04:10:16,data_go_kr,강원특별자치도,A2200046,의료법인온세움의료재단온재병원,6,20260728041002,033-639-8988,,,,,,,,,,,,,,,,,,,,,1,,,,,,,,,,29,,,,Y,,,,,,Y,N1,,,N1,Y,N1,30,N1,0,N1,Y,,4,N1,9,,,1,,,,,,,,,,,,15,,,,,4,,59,,,1,1,,5,,,,,,,,219,,,,,,,,,,,,,,,,,Y,N1,A2200046,10
2026-07-28 04:10:16,data_go_kr,강원특별자치도,A2200037,의료법인성심의료재단양구성심병원,5,20260728040934,033-480-8816,,Y,,,,,,,,,,,,,,,,,1,,,,,,,,,,,,,,Y,,Y,,,,,,Y,N1,,,N1,Y,N1,39,N1,,Y,N1,,,N1,5,,1,,,,,,,,,,,,,,,,,,,,,,1,1,,,1,,1,,,,,,52,,,,,,,,,,,,,,,,,Y,N1,A2200037,11
2026-07-28 04:10:16,data_go_kr,강원특별자치도,A2200002,강원특별자치도영월의료원,9,20260728041001,033-370-9129,,Y,,,,,,,,,,,,,,,1,,,,,,,,,0,,,,,,2,Y,,Y,,,,,,Y,N1,,,N1,Y,N1,51,N1,0,Y,Y,,2,N1,9,,,,,,,,,,,,,,,10,2,,,,2,,,2,1,1,1,,7,,3,,,,,,174,,,,,,,,,,,,,,1,,,Y,N1,A2200002,12
2026-07-28 04:10:16,data_go_kr,강원특별자치도,A2200015,강원특별자치도원주의료원,16,20260728041002,033-760-4701,,,,,,,,,,,,,,,,,,,1,,2,,,,,,,,,,,,,,Y,,,,,,Y,N1,,,N1,Y,N1,44,N1,3,N1,Y,,3,N1,17,,1,2,,,,,,,,,,,,20,,,,,3,,,,,1,1,,7,,,,,,,,259,,,,,,,,,,,,,,,,,Y,N1,A2200015,13
2026-07-28 04:10:16,data_go_kr,강원특별자치도,A2200024,의료법인성지의료재단성지병원,6,20260728040727,033-760-3119,,,,,,,,,,,,,,,,13,,,,,1,,,,,,,,,,,,,,Y,,,,,,Y,N1,,,N1,Y,N1,-80,N1,9,N1,Y,,4,N1,7,,,1,,,,,,,,,,,,9,,,,,4,,,,,1,2,,4,,,,,,,,135,,,,,,,,,,,,,13,,,,Y,N1,A2200024,14
2026-07-28 04:10:16,data_go_kr,강원특별자치도,A2200048,근로복지공단정선병원,5,20260728040600,033-560-7150,,,,,,,,,,,,,,,,,,,,,1,,,,,,,,,,,,,,Y,,,,,,Y,N1,,,N1,Y,N1,29,N1,,N1,N1,,,N1,5,,,1,,,,,,,,,,,,,,,,,,,,,,1,,,3,,,,,,,,149,,,,,,,,,,,,,,,,,Y,N1,A2200048,15
2026-07-28 04:10:16,data_go_kr,강원특별자치도,A2201730,철원병원,4,20260728041001,033-452-5012,N,Y,,,,,,,,,,,,,,,,,1,,,,,,,,,,,,,,Y,N,Y,,,,N,,Y,N,,,N,Y,N,36,N,,Y,Y,,2,N,5,,1,,,,,,,,,,,,,,,,,,2,,,,1,1,1,0,1,0,1,0,0,0,0,0,68,,,,,,,,,,,,,,,,,Y,N,A2201730,16
2026-07-28 04:10:16,data_go_kr,강원특별자치도,A2200004,근로복지공단태백병원,8,20260728040900,033-580-3119,,,,,,,,,,,,,,,,,,,1,,,,,,,1,,,,,,,Y,,Y,,,,,,Y,N1,,,N1,Y,N1,45,N1,5,N1,Y,,2,N1,9,,1,,,,,,,,,,,,,9,1,,,,2,,,,1,1,1,,8,,,,,,,,223,,,,,,,,,,,,,,,,,Y,N1,A2200004,17
2026-07-28 04:10:16,data_go_kr,강원특별자치도,E2200026,평창군보건의료원,6,20260728041003,033-330-4812,,,,,,,,,,,,,,,,,,,,,1,,,,,,,,,,,,,,Y,,,,,,Y,N1,,,N1,Y,N1,20,N1,,N1,N1,,,N1,6,,,1,,,,,,,,,,,,,,,,,,,,,,1,,,1,,,,,,,,20,,,,,,,,,,,,,,,,,Y,N1,E2200026,18
2026-07-28 04:10:16,data_go_kr,강원특별자치도,A2200014,홍천아산병원,9,20260728040656,033-430-5119,,,,,,,,,,,,,,,,,,,,,,,,,,,,,,,,,,,Y,,,,,,Y,N1,,,N1,Y,N1,6,N1,0,N1,Y,,2,N1,10,,,,,,,,,,,,,,,7,,,,,2,,,,,1,1,,4,,,,,,,,128,,,,,,,,,,,,,,,,,Y,N1,A2200014,19
2026-07-28 04:10:16,data_go_kr,강원특별자치도,E2200025,화천군보건의료원,7,20260728041003,033-440-2880,,,,,,,,,,,,,,,,,,,,,1,,,,,,,,,,,,,,,,,,,,Y,N1,,,N1,N1,N1,16,N1,,N1,N1,,,N1,7,,,1,,,,,,,,,,,,,,,,,,,,,,,,,1,,,,,,,,16,,,,,,,,,,,,,,,,,Y,N1,E2200025,20
2026-07-28 04:10:16,data_go_kr,강원특별자치도,A2200016,횡성대성병원,8,20260728041006,033-345-1191,,,,,,,,,,,,,,,,,,,,,1,,,,,,,,,,,,,,Y,,,,,,Y,N1,,,N1,Y,N1,31,N1,,N1,Y,,1,N1,9,,,1,,,,,,,,,,,,,,,,,1,,,,,1,1,,1,,,,,,,,114,,,,,,,,,,,,,,,,,Y,N1,A2200016,21
2026-07-28 04:10:16,data_go_kr,충청북도,A2300001,충북대학교병원,20,20260728041000,043-269-6114,Y,Y,2,3,,,,0,,2,,,,,,,,7,,,,6,,,,1,29,,11,2,5,13,Y,,Y,,2,6,Y,17,Y,Y,3,,Y,Y,Y,139,Y,7,Y,Y,13,16,N1,30,8,,,18,8,,25,,,4,,20,,,17,5,40,,40,16,2,21,13,2,4,4,6,98,13,31,18,10,17,,,547,2,3,,,,2,,,,,,,,,2,6,Y,Y,A2300001,1
2026-07-28 04:10:16,data_go_kr,충청북도,A2300009,의료법인명지의료재단명지병원,18,20260728040918,043-640-8117,,,,,,,,,,,,,,,,,,3,2,,4,2,,,,3,,,,,,,,,Y,,,,Y,,Y,Y,,,Y,Y,Y,57,N1,7,N1,Y,,3,N1,18,3,2,4,2,,,,,,,,,,,15,3,,,,3,,,,,2,1,1,10,,,2,1,,,,201,,,,,,,,,,,,,,,,,Y,N1,A2300009,2
2026-07-28 04:10:16,data_go_kr,충청북도,A2300005,의료법인자산의료재단제천서울병원,15,20260728040638,043-643-2327,,,,,,,,,,,,,,,,,,,1,,4,,,,,,3,,,,,,,,Y,,,,,,Y,N1,,,Y,Y,N1,19,N1,1,N1,Y,,3,Y,15,,1,4,,,,,,,,,,,,11,,5,,,3,,,,,1,1,,10,,,1,,,,1,202,,,,,,,,,,,,,,,,,Y,N1,A2300005,3
2026-07-28 04:10:16,data_go_kr,충청북도,A2300013,의료법인 건명의료재단 중앙제일병원,16,20260728040617,043-537-9119,,,,,,,,,,,,,,,,,,,3,,,,,,,4,,,,,,31,,,Y,,,,,,Y,N1,,,Y,Y,N1,64,N1,2,N1,Y,,5,N1,17,,3,,,,,,,,,,,,,12,6,,,,5,,,31,,2,2,,6,,,1,,,,,192,,,,,,,,,,,,,,,,,Y,N1,A2300013,4
2026-07-28 04:10:16,data_go_kr,충청북도,A2300007,의료법인인화재단한국병원,13,20260728040819,043-222-6177,,Y,,,,,,,,,,,,,,,3,,1,,2,,,,,1,,,,,,1,Y,,Y,,,,Y,,Y,Y,,,Y,Y,N1,49,N1,3,Y,Y,,8,N1,14,,1,2,,,,,,,,,,,,24,1,,,,8,,,1,1,3,3,2,18,,1,3,,,,,403,,,,,,,,,,,,,,3,,,Y,N1,A2300007,5
2026-07-28 04:10:16,data_go_kr,충청북도,A2300003,의료법인정산의료재단효성병원,17,20260728040515,043-221-2192,,N,,,,,,,,,,,,,,,,,1,,4,0,,,,0,0,,,,,,Y,,Y,,,,Y,,Y,Y,,,Y,Y,N1,59,N1,0,N,Y,,4,Y,18,,1,4,2,,,,,,,,,,,27,2,3,,,4,,,,1,3,4,2,19,,1,2,,,,1,363,,,,,,,,,,,,,,,,,Y,N1,A2300003,6
2026-07-28 04:10:16,data_go_kr,충청북도,A2300008,청주성모병원,13,20260728040509,043-219-8119,,Y,,,,,,,,5,,,,,,,,,2,5,5,2,,,,1,4,,,,,5,Y,,Y,,,,Y,,Y,Y,,,Y,Y,N1,127,N1,,Y,Y,,8,N1,15,,2,5,2,13,12,,,,,,,,,,1,4,,,8,,,30,1,3,2,2,19,,2,2,,,,,358,,,,,,,,,,,,,,,,,Y,N1,A2300008,7
2026-07-28 04:10:16,data_go_kr,충청북도,A2300002,의료법인한마음의료재단하나병원,7,20260728040959,043-230-6594,,,,,,,,,,,,,,,,,9,,1,,2,,,,,2,,,,,,,,,Y,,,,Y,,Y,Y,,,Y,Y,N1,115,N1,6,N1,Y,,7,Y,11,,1,2,,,,,,,,,,,,24,2,,,,7,,,,,3,3,2,20,,,4,,,,1,463,,,,,,,,,,,,,,9,,,Y,N1,A2300002,8
2026-07-28 04:10:16,data_go_kr,충청북도,A2300010,건국대학교충주병원,20,20260728041001,043-840-8330,Y,Y,,,,,,,,,,,,,,,,,1,,2,,,,,,,,,,,0,Y,,Y,,,,Y,,Y,Y,,,Y,Y,Y,59,N1,5,Y,Y,,5,N1,20,,1,2,,,,,,,,,,,,18,,,,,5,,,1,1,2,1,2,11,1,4,3,1,,,,194,,,,,,,,,,,,,,,,,Y,Y,A2300010,9
2026-07-28 04:10:16,data_go_kr,충청북도,A2300034,의료법인대광의료재단괴산성모병원,9,20260728041021,043-830-5419,,,,,,,,,,,,,,,,,,,,,0,,,,,,,,,,,,,,Y,,,,,,Y,N1,,,N1,Y,N1,8,N1,,N1,Y,,1,N1,9,,,1,,,,,,,,,,,,,,,,,1,,,,,1,1,,3,,,,,,,,153,,,,,,,,,,,,,,,,,Y,N1,A2300034,10
2026-07-28 04:10:16,data_go_kr,충청북도,E2300011,단양군보건의료원,6,20260728041004,043-420-0139,,,,,,,,,,,,,,,,,,,1,,,,,,,,,,,,,2,,,Y,,,,,,Y,N1,,,N1,Y,N1,13,N1,,N1,N1,,,N1,6,,1,,,,,,,,,,,,,,,,,,,,,2,,1,,,1,,,,,,,,14,,,,,,,,,,,,,,,,,Y,N1,E2300011,11
2026-07-28 04:10:16,data_go_kr,충청북도,A2300030,의료법인조윤의료재단영동병원,9,20260728041000,043-740-9333,,Y,,,,,,,,,,,,,,,,,,,,,,,,,,,,,,,Y,,Y,,,,,,Y,N1,,,N1,Y,N1,31,N1,,Y,Y,,2,N1,10,,,,,,,,,,,,,,,,,,,,2,,,,1,1,1,,3,,1,,,,,,161,,,,,,,,,,,,,,,,,Y,N1,A2300030,12
2026-07-28 04:10:16,data_go_kr,충청북도,A2300011,의료법인힐링의료재단옥천성모병원,7,20260728040749,043-730-7119,,,,,,,,,,,,,,,,,,,2,,1,,,,,,,,,,,,,,Y,,,,,,Y,N1,,,N1,Y,N1,10,N1,2,N1,Y,,2,N1,7,,2,1,,,,,,,,,,,,7,,,,,2,,,,,1,1,,4,,,,,,,,157,,,,,,,,,,,,,,,,,Y,N1,A2300011,13
2026-07-28 04:10:16,data_go_kr,충청북도,A2300006,충청북도청주의료원,10,20260728041001,043-279-0119,,Y,,,,,,,,,,,,,,,3,,1,,,,,,,2,,,,,90,6,Y,,Y,,,,Y,,Y,Y,,,Y,Y,N1,157,N1,18,Y,Y,,5,N1,12,,1,,,,,,,,,,,,,21,3,,,,5,,90,6,1,1,2,1,11,,1,1,,,,,359,,,,,,,,,,,,,,3,,,Y,N1,A2300006,14
2026-07-28 04:10:16,data_go_kr,충청북도,A2300004,충청북도충주의료원,15,20260728041002,043-871-0119,,,,,,,,,,,,,,,,,,,1,,2,,,,,,,,,,,,,,Y,,,,Y,,Y,Y,,,Y,Y,N1,120,N1,4,N1,Y,,4,N1,18,,1,2,,,,,,,,,,,,12,,,,,4,,,,,1,1,1,8,,,1,,,,,282,,,,,,,,,,,,,,,,,Y,N1,A2300004,15
2026-07-28 04:10:16,data_go_kr,충청남도,A2400002,단국대학교의과대학부속병원,20,20260728041000,041-550-6840,Y,Y,2,2,,,,1,,,,,,3,,,,4,,1,1,6,,,,0,9,,1,2,11,0,Y,,Y,0,2,6,Y,0,Y,Y,,,Y,Y,Y,66,Y,,Y,Y,1,13,Y,25,4,,1,18,,13,25,,,,13,20,,,,1,30,,40,13,2,20,8,3,4,3,6,6,14,29,15,7,17,,1,640,2,2,,,,2,,,,,7,,,,2,6,Y,Y,A2400002,1
2026-07-28 04:10:16,data_go_kr,충청남도,A2400001,학교법인동은학원순천향대학교부속천안병원,20,20260728040622,041-590-7019,Y,Y,,,1,3,1,,,8,,,,,,,,12,4,8,3,5,,2,,4,2,3,,,,0,Y,Y,Y,,,,Y,,Y,Y,,,Y,Y,Y,54,Y,,Y,Y,5,19,Y,22,14,4,3,17,18,15,38,,2,,,,,,,6,30,6,,19,,,14,11,6,4,6,60,16,37,6,6,10,1,1,713,,,1,3,1,,,,,,,,,,,,Y,Y,A2400001,2
2026-07-28 04:10:16,data_go_kr,충청남도,A2400009,의료법인백제병원,17,20260728040840,041-730-8882,,,,,,,,,,,,,,,,,,,1,,2,,,,,,,,,,19,,,,Y,,,,Y,,Y,Y,,,Y,Y,N1,16,N1,0,N1,Y,,4,N1,20,,1,2,,,,,,,,,,,,26,,,,,4,,49,,,2,2,1,11,,,3,,,,,398,,,,,,,,,,,,,,,,,Y,N1,A2400009,3
2026-07-28 04:10:16,data_go_kr,충청남도,A2400008,당진종합병원,16,20260728040927,041-358-3624,,,,,,,,,,,,,,,,,,,1,,2,,,,,,,,,,,,,,Y,,,,Y,,Y,Y,,,Y,Y,N1,81,N1,0,N1,Y,,4,N1,17,,1,2,,,,,,,,,,,,13,,,,,4,,,,,2,2,1,5,,,1,,,,,246,,,,,,,,,,,,,,,,,Y,N1,A2400008,4
2026-07-28 04:10:16,data_go_kr,충청남도,A2400011,재단법인아산사회복지재단보령아산병원,16,20260728041001,041-930-5333,,,,,,,,,,,,,,,,,,,1,,2,,,,,,,,,,,,,,Y,,,,,,Y,N1,,,N1,Y,N1,77,N1,5,N1,Y,,2,N1,17,,1,2,,,,,,,,,,,,8,,,,,2,,,,,1,1,,4,,,,,,,,221,,,,,,,,,,,,,,,,,Y,N1,A2400011,5
2026-07-28 04:10:16,data_go_kr,충청남도,A2400003,서산중앙병원,16,20260728040503,041-661-1195,,,,,,,,,,,,,,,,,,,1,,2,,,,,,,,,,,,,,Y,,,,,,Y,N1,,,Y,Y,N1,44,N1,3,N1,Y,,4,N1,17,,1,2,,,,,,,,,,,,17,,,,,4,,,,,1,1,,7,,,1,,,,,288,,,,,,,,,,,,,,,,,Y,N1,A2400003,6
2026-07-28 04:10:16,data_go_kr,충청남도,A2400006,충청남도서산의료원,10,20260728040602,041-689-7119,,,,,,,,,,,,,,,,,,,1,,2,0,,,,,1,,,,,5,,,Y,,,,,,Y,N1,,,N1,Y,N1,24,N1,0,N1,Y,,3,N1,17,,1,2,2,,,,,,,,,,,8,,4,,,3,,,5,,2,1,,10,,,,,,,,259,,,,,,,,,,,,,,,,,Y,N1,A2400006,7
2026-07-28 04:10:16,data_go_kr,충청남도,A2402257,아산충무병원,11,20260728040734,041-536-6519,,,1,7,,,,,,,,,,5,,,,,,,,,,,,2,,,,,,,Y,,Y,,,,Y,,Y,Y,,,Y,Y,Y,149,Y,8,N1,Y,,3,N1,13,,,,,,,,,,,,,,,22,2,,,,4,,,,1,2,2,3,27,,,4,2,1,,,456,1,7,,,,,,,,,5,,,,,,Y,N1,A2402257,8
2026-07-28 04:10:16,data_go_kr,충청남도,A2400012,의료법인영서의료재단천안충무병원,14,20260728040743,041-570-7519,,,,,,,,,,,,,,,,,,,1,,4,,,,,0,,,,,,,,,Y,0,,,Y,,Y,Y,,,Y,Y,Y,40,N1,-1,N1,Y,,4,N1,16,,1,4,,,,,,,,7,,,,19,3,,,,5,,,,,2,2,3,26,,,3,3,,,,333,,,,,,,,,,,,,,,,,Y,N1,A2400012,9
2026-07-28 04:10:16,data_go_kr,충청남도,A2400007,충청남도홍성의료원,13,20260728040901,041-630-6119,,,,,,,,,,,,,,,,,,1,1,,2,2,,,,1,2,,,,3,1,Y,,Y,,,,N,,Y,N,,,Y,Y,N1,106,N1,1,N1,Y,,4,N,18,1,1,2,2,,,,,,,,,,,22,1,3,,,4,,49,1,1,2,2,1,10,,,1,,,,2,260,,,,,,,,,,,,,,,,,Y,N1,A2400007,10
2026-07-28 04:10:16,data_go_kr,충청남도,A2400010,충청남도공주의료원,15,20260728040602,041-962-1365,,,,,,,,,,,,,,,,,,,,,1,,,,,,,,,,,4,,,Y,,,,,,Y,N1,,,Y,Y,N1,58,N1,1,N1,Y,,6,N1,15,,,1,,,,,,,,,,,,16,,,,,6,,,6,,1,1,,9,,,2,,,,,273,,,,,,,,,,,,,,,,,Y,N1,A2400010,11
2026-07-28 04:10:16,data_go_kr,충청남도,A2400038,학교법인건양교육재단건양대학교부여병원,8,20260728040812,041-837-1201,,,,,,,,,,,,,,,,,,,,,1,,,,,,,,,,,,,,Y,,,,,,Y,N1,,,N1,Y,N1,22,N1,,N1,N1,,1,N1,9,,,1,,,,,,,,,,,,,,,,,1,,,,,1,,,1,,,,,,,,55,,,,,,,,,,,,,,,,,Y,N1,A2400038,12
2026-07-28 04:10:16,data_go_kr,충청남도,A2400044,의료법인 서해병원,5,20260728040838,041-950-0219,,,,,,,,,,,,,,,,,,,,,2,,,,,,,,,,,,,,Y,,,,,,Y,N1,,,N1,Y,N1,14,N1,,N1,N1,,,N1,5,,,2,,,,,,,,,,,,,,,,,,,,,,1,,,1,,,,,,,,79,,,,,,,,,,,,,,,,,Y,N1,A2400044,13
2026-07-28 04:10:16,data_go_kr,충청남도,A2400039,현대병원,8,20260728041001,041-546-7744,N,N,,,,,,,,,,,,,,,,,,,1,,,,,,,,,,,,N,N,Y,0,,,N,,Y,N,,,N,Y,N,5,N,2,N,Y,,3,N,10,,,1,,,,,,,,0,,,,7,,,,,3,,,,0,1,1,0,3,0,0,0,0,0,0,0,84,,,,,,,,,,,,,,,,,Y,N,A2400039,14
2026-07-28 04:10:16,data_go_kr,충청남도,A2400004,의료법인 예당의료재단 예산종합병원,6,20260728041007,041-330-4119,,,,,,,,,,,,,,,,,,,,,1,,,,,,,,,,,,,,Y,,,,,,Y,N1,,,N1,Y,N1,0,N1,5,N1,Y,,0,N1,6,,,1,,,,,,,,,,,,9,,,,,0,,,,,0,0,,0,,,,,,,,88,,,,,,,,,,,,,,,,,Y,N1,A2400004,15
2026-07-28 04:10:16,data_go_kr,충청남도,A2400005,충청남도천안의료원,12,20260728041001,041-570-7119,,,,,,,,,,,,,,,,6,,,,,1,,,,,,,,,,,,,,Y,,,,,,Y,N1,,,N1,Y,N1,53,N1,7,N1,Y,,4,N1,12,,,1,,,,,,,,,,,,15,,,,,4,,,,,1,1,,10,,,,,,,,241,,,,,,,,,,,,,6,,,,Y,N1,A2400005,16
2026-07-28 04:10:16,data_go_kr,충청남도,E2400032,청양군보건의료원,6,20260728041002,041-940-4951,,,,,,,,,,,,,,,,,,,,,1,,,,,,,,,,,,,,Y,,,,,,Y,N1,,,N1,Y,N1,12,N1,,N1,N1,,1,N1,6,,,1,,,,,,,,,,,,,,,,,1,,,,,1,,,1,,,,,,,,12,,,,,,,,,,,,,,,,,Y,N1,E2400032,17
2026-07-28 04:10:16,data_go_kr,충청남도,E2400033,태안군보건의료원,10,20260728041004,041-671-5319,,,,,,,,,,,,,,,,,,,,,1,,,,,,,,,,,,,,Y,,,,,,Y,N1,,,N1,Y,N1,21,N1,,N1,N1,,,N1,10,,,1,,,,,,,,,,,,,,,,,,,,,,1,,,1,,,,,,,,34,,,,,,,,,,,,,,,,,Y,N1,E2400033,18
2026-07-28 04:10:16,data_go_kr,전북특별자치도,A2500001,원광대학교병원,3,20260728041021,063-859-1165,Y,Y,2,2,,,,2,,3,,,,,,,,3,,3,,5,,,2,4,11,,14,2,1,1,Y,,Y,,2,6,Y,9,Y,Y,,,Y,Y,Y,62,Y,6,Y,Y,2,15,Y,26,3,,,18,8,15,15,,,,,20,8,,15,7,31,,40,15,2,30,2,1,5,4,5,11,12,20,8,4,1,,2,543,2,3,,,,2,,,,,,,,,2,6,Y,Y,A2500001,1
2026-07-28 04:10:16,data_go_kr,전북특별자치도,A2500002,전북대학교병원,20,20260728041002,063-250-1131,Y,Y,2,5,,,2,1,,2,,,,,,,,4,,2,,3,5,,3,1,5,,,,3,15,Y,,Y,5,,,Y,,Y,Y,,,Y,Y,Y,287,Y,,Y,Y,21,21,N1,36,5,,,17,10,8,25,10,,,18,,11,,,2,30,,,21,,23,15,3,1,2,5,11,15,22,4,2,1,,,834,2,5,,,2,1,,,,,,,,,,,Y,Y,A2500002,2
2026-07-28 04:10:16,data_go_kr,전북특별자치도,A2500007,전북특별자치도군산의료원,14,20260728040902,063-472-5130,,Y,,,,,,,,,,,,,,,,,1,,2,1,,,,2,2,,,,,,Y,,Y,,,,,,Y,N1,,,N1,Y,N1,81,N1,7,Y,Y,,6,N1,17,,1,2,2,,,,,,,,,,,18,2,3,,,6,,,,1,1,1,,18,,2,,,,,,289,,,,,,,,,,,,,,,,,Y,N1,A2500007,3
2026-07-28 04:10:16,data_go_kr,전북특별자치도,A2500012,의료법인오성의료재단동군산병원,13,20260728041020,063-440-0516,,,,,,,,,,,,,,,,0,,,1,,5,1,,,,,1,,,,,,,,Y,,,,Y,,Y,Y,,,Y,Y,N1,19,N1,4,N1,Y,,6,N1,17,,1,5,2,,,,,,,,,,,24,,3,,,6,,,,,2,2,2,13,,,2,,,,,262,,,,,,,,,,,,,0,,,,Y,N1,A2500012,4
2026-07-28 04:10:16,data_go_kr,전북특별자치도,A2500004,전북특별자치도남원의료원,15,20260728041001,063-620-1119,,Y,,,,,,,,,,,,,,,,,1,,2,,,,,1,,,,,,,Y,,Y,,,,,,Y,N1,,,N1,Y,N1,39,N1,3,Y,Y,,3,N1,17,,1,2,,,,,,,,,,,,9,1,,,,3,,,,3,2,1,,10,,1,,,,,,190,,,,,,,,,,,,,,,,,Y,N1,A2500004,5
2026-07-28 04:10:16,data_go_kr,전북특별자치도,A2500011,의료법인대산의료재단익산병원,13,20260728041007,063-840-9112,,,,,,,,,,,,,,,,,,,1,,2,,,,,0,,,,,,,,,Y,,,,Y,,Y,Y,,,N1,Y,N1,19,N1,7,N1,Y,,5,N1,17,,1,2,,,,,,,,,,,,17,1,,,,5,,,,,2,2,1,7,,,,,,,,333,,,,,,,,,,,,,,,,,Y,N1,A2500011,6
2026-07-28 04:10:16,data_go_kr,전북특별자치도,A2500056,대자인병원,27,20260728040907,063-250-8701,,,,,,,,,,,,,,,,,,,1,1,2,,,,,3,,,,,,,,Y,Y,,,,Y,,Y,Y,,,Y,Y,Y,31,N1,2,N1,Y,,15,Y,33,,1,2,,,36,,,,,,,,,15,4,,,,15,,,,,4,3,2,12,,,4,2,,1,1,45,,,,,,,,,,,,,,,,,Y,N1,A2500056,7
2026-07-28 04:10:16,data_go_kr,전북특별자치도,A2500006,재단법인예수병원유지재단예수병원,25,20260728040944,063-230-8280,Y,Y,,,1,1,,,,,,,,,,,,3,1,,2,,,2,,4,,2,,,,2,Y,,Y,0,,,Y,,Y,Y,,,Y,Y,Y,126,N1,2,Y,Y,4,14,Y,38,10,1,2,,,,12,,2,,14,,,,23,4,,6,,14,,,5,4,4,3,4,40,6,11,7,2,,,2,685,,,1,1,,,,,,,,,,,,,Y,Y,A2500006,8
2026-07-28 04:10:16,data_go_kr,전북특별자치도,A2500005,의료법인영경의료재단전주병원,5,20260728040746,063-226-6119,,,,,,,,,,,,,,,,,,,1,,2,,,,,,,,,,,,,,Y,,,,,,Y,N1,,,Y,Y,N1,7,N1,5,N1,Y,,5,N1,17,,1,2,,,,,,,,,,,,9,,,,,5,,,,,1,2,,6,,,1,,,,,275,,,,,,,,,,,,,,,,,Y,N1,A2500005,9
2026-07-28 04:10:16,data_go_kr,전북특별자치도,A2500008,재단법인 아산사회복지재단 정읍아산병원,17,20260728040000,063-530-6129,,,,,,,,,,,,,,,,,,,1,,2,,,,,,,,,,,,,,Y,,,,,,Y,N1,,,N1,Y,N1,72,N1,3,N1,Y,,3,N1,17,,1,2,,,,,,,,,,,,12,,,,,3,,,,,1,1,,5,,,,,,,,276,,,,,,,,,,,,,,,,,Y,N1,A2500008,10
2026-07-28 04:10:16,data_go_kr,전북특별자치도,A2500009,의료법인석천재단고창병원,10,20260728040907,063-560-5558,,,,,,,,,,,,,,,,,,,,,1,,,,,,,,,,,,,,Y,,,,,,Y,N1,,,N1,Y,N1,0,N1,,N1,Y,,2,N1,10,,,1,,,,,,,,,,,,,,,,,2,,,,,1,1,,4,,,,,,,,258,,,,,,,,,,,,,,,,,Y,N1,A2500009,11
2026-07-28 04:10:16,data_go_kr,전북특별자치도,A2500038,김제우석병원,10,20260728040859,063-540-5119,,,,,,,,,,,,,,,,,,,,,1,,,,,,,,,,,,,,Y,,,,,,Y,N1,,,N1,Y,N1,83,N1,,N1,Y,,2,N1,10,,,1,,,,,,,,,,,,,,,,,2,,,,,1,1,,1,,,,,,,,200,,,,,,,,,,,,,,,,,Y,N1,A2500038,12
2026-07-28 04:10:16,data_go_kr,전북특별자치도,E2500019,무주군보건의료원,4,20260728041003,063-320-8315,,,,,,,,,,,,,,,,,,,,,1,,,,,,,,,,,,,,Y,,,,,,Y,N1,,,N1,Y,N1,24,N1,,N1,N1,,,N1,4,,,1,,,,,,,,,,,,,,,,,,,,,,1,,,1,,,,,,,,24,,,,,,,,,,,,,,,,,Y,N1,E2500019,13
2026-07-28 04:10:16,data_go_kr,전북특별자치도,A2500010,부안성모병원,9,20260728040234,063-580-8119,,,,,,,,,,,,,,,,,,,,,2,,,,,,,,,,,,,,Y,,,,,,Y,N1,,,N1,Y,N1,5,N1,9,N1,Y,,3,N1,10,,,2,,,,,,,,,,,,9,,,,,3,,,,,1,1,,2,,,,,,,,240,,,,,,,,,,,,,,,,,Y,N1,A2500010,14
2026-07-28 04:10:16,data_go_kr,전북특별자치도,E2500021,순창군보건의료원,9,20260728041004,063-650-5352,,,,,,,,,,,,,,,,,,,,,1,,,,,,,,,,,,,,Y,,,,,,Y,N1,,,N1,Y,N1,30,N1,,N1,N1,,,N1,9,,,1,,,,,,,,,,,,,,,,,,,,,,1,,,1,,,,,,,,30,,,,,,,,,,,,,,,,,Y,N1,E2500021,15
2026-07-28 04:10:16,data_go_kr,전북특별자치도,E2500022,임실군보건의료원,4,20260728041003,063-640-3119,,,,,,,,,,,,,,,,,,,,,1,,,,,,,,,,,,,,Y,,,,,,Y,N1,,,N1,Y,N1,,N1,,N1,N1,,,N1,4,,,1,,,,,,,,,,,,,,,,,,,,,,1,,,1,,,,,,,,,,,,,,,,,,,,,,,,,Y,N1,E2500022,16
2026-07-28 04:10:16,data_go_kr,전북특별자치도,E2500020,장수군보건의료원,5,20260728041003,063-350-2119,,,,,,,,,,,,,,,,,,,,,1,,,,,,,,,,,,,,,,,,,,Y,N1,,,N1,N1,N1,20,N1,,N1,N1,,,N1,5,,,1,,,,,,,,,,,,,,,,,,,,,,,,,1,,,,,,,,22,,,,,,,,,,,,,,,,,Y,N1,E2500020,17
2026-07-28 04:10:16,data_go_kr,전북특별자치도,A2501890,의료법인영경의료재단호성전주병원,7,20260728040927,063-240-8862,,,,,,,,,,,,,,,,,,,,,1,,,,,,,,,,,,,,Y,,,,,,Y,N1,,,N1,Y,N1,6,N1,,N1,Y,,2,N1,9,,,1,,,,,,,,,,,,,,,,,2,,,,,1,1,,1,,,,,,,,122,,,,,,,,,,,,,,,,,Y,N1,A2501890,18
2026-07-28 04:10:16,data_go_kr,전북특별자치도,A2502742,새강병원,13,20260728040950,063-289-9119,,,0,0,,0,0,,,0,,,,,,,,3,1,0,2,0,,,,3,,0,,0,,0,,,Y,,,,,,Y,N1,,,N1,Y,N1,87,N1,16,N1,Y,,5,N1,14,3,1,2,0,0,0,,,,,,,,,16,3,,0,,5,0,,0,,1,1,,1,,,,,,,,201,0,0,,0,0,,,,,,,,,,,,Y,N1,A2502742,19
2026-07-28 04:10:16,data_go_kr,전북특별자치도,A2502031,진안군의료원,5,20260728041002,063-430-7119,,,,,,,,,,,,,,,,,,,,,2,,,,,,,,,,,,,,Y,,,,,,Y,N1,,,N1,Y,N1,30,N1,,N1,Y,,2,N1,6,,,2,,,,,,,,,,,,,,,,,2,,,,,1,1,,3,,,,,,,,74,,,,,,,,,,,,,,,,,Y,N1,A2502031,20
2026-07-28 04:10:16,data_go_kr,경상북도,A2700007,차의과학대학교부속구미차병원,7,20260728041005,054-450-9998,Y,Y,,,,,0,,,,,,,,,,,5,3,,2,0,,,,,3,,,,,,Y,Y,Y,,,,Y,,Y,Y,,,Y,Y,Y,34,Y,1,Y,Y,-1,8,N1,20,5,3,3,25,,,8,,,,,,,,18,,30,,,8,,,,3,3,2,2,21,3,13,2,1,2,1,,301,,,,,3,,,,,,,,,,,,Y,Y,A2700007,1
2026-07-28 04:10:16,data_go_kr,경상북도,A2700014,의료법인안동병원,6,20260728040800,054-840-0119,Y,Y,2,2,,,1,,,1,,,,,,,,2,,,,4,,,,0,6,,3,2,0,4,Y,Y,Y,,1,6,Y,3,Y,Y,,,Y,Y,Y,91,Y,1,Y,Y,10,11,Y,15,3,,,19,20,,10,,,,,20,,,13,3,30,,40,11,2,34,6,3,6,3,5,67,3,12,14,4,13,1,1,775,2,3,,,1,,,,,,,,,,2,6,Y,Y,A2700014,2
2026-07-28 04:10:16,data_go_kr,경상북도,A2700016,포항성모병원,15,20260728040932,054-260-8600,Y,Y,2,3,,,,0,2,,,,,,,,,11,,,,3,,,,1,0,,,,,1,Y,Y,Y,,,,Y,,Y,Y,,,Y,Y,Y,48,Y,3,Y,Y,,9,Y,20,11,,,15,,,,,,,,,,,16,1,17,,,9,,,1,1,3,2,2,25,1,6,4,1,2,1,3,468,2,3,,,,5,13,,,,,,,,,,Y,Y,A2700016,3
2026-07-28 04:10:16,data_go_kr,경상북도,A2700003,동국대학교의과대학경주병원,15,20260728041025,054-770-8306,Y,Y,,,,,,,,1,,,,,,,,3,2,2,5,,,,,3,,,,,10,1,Y,,Y,,,,Y,,Y,Y,,,Y,Y,N1,80,N1,0,Y,Y,,7,N1,16,3,2,5,,11,17,,,,,,,,,7,4,,,,7,,20,3,1,2,2,2,26,2,6,3,,,,,279,,,,,,,,,,,,,,,,,Y,Y,A2700003,4
2026-07-28 04:10:16,data_go_kr,경상북도,A2700013,순천향대학교부속구미병원,12,20260728040621,054-468-9119,,Y,,,,,,,,,,,,,,,,4,1,,2,1,,,,2,0,,,,,1,Y,,Y,,,,Y,,Y,Y,,,Y,Y,N1,39,N1,6,Y,Y,,6,N1,13,4,1,2,2,,,,,,,,,,,31,2,3,,,6,,,1,1,2,2,2,20,,1,2,,,,,263,,,,,,,,,,,,,,,,,Y,N1,A2700013,5
2026-07-28 04:10:16,data_go_kr,경상북도,A2700012,의료법인덕산의료재단김천제일병원,16,20260728040738,054-420-9500,,,,,,,,,,,,,,,,,,,1,,3,1,,,,,2,,,,,,Y,,Y,,,,Y,,Y,Y,,,Y,Y,N1,55,N1,7,N1,Y,,4,Y,16,,1,3,2,,,,,,,,,,,16,,3,,,4,,,,3,1,1,1,10,,,1,,,,1,276,,,,,,,,,,,,,,,,,Y,N1,A2700012,6
2026-07-28 04:10:16,data_go_kr,경상북도,A2700006,의료법인동춘의료재단문경제일병원,17,20260728040500,054-550-7777,,,,,,,,,,,,,,,,,,,1,,0,2,,,,1,3,,,,59,3,,,Y,,,,,,Y,N1,,,N1,Y,N1,54,N1,13,N1,Y,,3,N1,17,,1,2,2,,,,,,,,,,,29,1,3,,,3,,162,4,,2,1,,8,,,,,,,,306,,,,,,,,,,,,,,,,,Y,N1,A2700006,7
2026-07-28 04:10:16,data_go_kr,경상북도,A2700004,안동성소병원,11,20260728041023,054-850-8282,,Y,,,,,,,,,,,,,,,5,,1,,1,2,,,,3,1,,,,22,0,Y,,Y,,,,Y,,Y,Y,,,Y,Y,N1,148,N1,6,Y,Y,,6,N1,12,,1,2,2,,,,,,,,,,,16,3,3,,,6,,186,2,1,2,2,2,21,,4,1,,,,,393,,,,,,,,,,,,,,5,,,Y,N1,A2700004,8
2026-07-28 04:10:16,data_go_kr,경상북도,A2700002,포항세명기독병원,11,20260728040615,054-289-1711,,,,,,,,,,,,,,,,,6,,1,,3,0,,,,1,0,,,,,2,,,Y,,,,Y,,Y,Y,,,Y,Y,Y,79,Y,3,N1,Y,,14,Y,15,,1,3,2,,,,,,,,,,,52,1,3,,,14,,,6,,6,5,4,25,,,5,1,1,,1,662,,,,,,,,,,,,,,6,,,Y,N1,A2700002,9
2026-07-28 04:10:16,data_go_kr,경상북도,A2700019,의)근원의료재단경산중앙병원,5,20260728041003,053-715-0119,,,,,,,,,,,,,,,,,,,,,2,,,,,0,,,,,43,,,,Y,,,,,,Y,N1,,,N1,Y,N1,68,N1,1,N1,Y,,4,N1,10,,,2,,,,,,,,,,,,11,2,,,,4,,116,,,1,1,,9,,,,,,,,301,,,,,,,,,,,,,,,,,Y,N1,A2700019,10
2026-07-28 04:10:16,data_go_kr,경상북도,A2700036,의료법인서명의료재단세명종합병원,5,20260728040606,053-819-8500,,,,,,,,,,,,,,,,,,,,,1,,,,,,,,,,1,,,,Y,,,,,,Y,N1,,,N1,Y,N1,21,N1,2,N1,Y,,4,N1,13,,,2,,,,,,,,,,,,14,,,,,4,,22,,,1,1,,6,,,,,,,,264,,,,,,,,,,,,,,,,,Y,N1,A2700036,11
2026-07-28 04:10:16,data_go_kr,경상북도,A2700097,계명대학교경주동산병원,9,20260728040903,054-770-9420,,,,,,,,,,,,,,,,,,,,,1,,,,,,,,,,,,,,Y,,,,,,Y,N1,,,N1,Y,N1,42,N1,,N1,Y,,2,N1,9,,,1,,,,,,,,,,,,,,,,,2,,,,,1,1,,1,,,,,,,,88,,,,,,,,,,,,,,,,,Y,N1,A2700097,12
2026-07-28 04:10:16,data_go_kr,경상북도,A2700070,의료법인영암의료재단고령영생병원,5,20260728040948,070-4700-0728,,,,,,,,,,,,,,,,,,,,,1,,,,,,,,,,,,,,Y,,,,,,Y,N1,,,N1,Y,N1,34,N1,,N1,N1,,1,N1,5,,,1,,,,,,,,,,,,,,,,,1,,,,,1,,,1,,,,,,,,59,,,,,,,,,,,,,,,,,Y,N1,A2700070,13
2026-07-28 04:10:16,data_go_kr,경상북도,A2700015,구미강동병원,7,20260728040947,054-478-9521,,,,,,,,,,,,,,,,9,,,1,,2,,,,,,,,,,,,,,Y,,,,Y,,Y,Y,,,N1,Y,N1,32,N1,4,N1,Y,,5,N1,7,,1,2,,,,,,,,,,,,12,,,,,5,,,,,1,1,1,3,,,,,,,,191,,,,,,,,,,,,,9,,,,Y,N1,A2700015,14
2026-07-28 04:10:16,data_go_kr,경상북도,A2700018,경상북도김천의료원,15,20260728041001,054-429-8234,,,,,,,,,,,,,,,,,,,1,,,,,,,2,,,,,,,,,Y,,,,,,Y,N1,,,N1,Y,N1,23,N1,4,N1,Y,,5,N1,17,,1,,,,,,,,,,,,,22,3,,,,5,,,,,1,2,,7,,,,,,,,274,,,,,,,,,,,,,,,,,Y,N1,A2700018,15
2026-07-28 04:10:16,data_go_kr,경상북도,A2700009,의료법인삼백의료재단상주성모병원,8,20260728040941,054-530-7811,,,,,,,,,,,,,,,,,,,,,1,,,,,,,,,,,,,,Y,,,,,,Y,N1,,,N1,Y,N1,24,N1,6,N1,Y,,3,N1,9,,,1,,,,,,,,,,,,10,,,,,3,,,,,1,1,,1,,,,,,,,172,,,,,,,,,,,,,,,,,Y,N1,A2700009,16
2026-07-28 04:10:16,data_go_kr,경상북도,A2700011,상주적십자병원,8,20260728040906,054-530-3171,,Y,,,,,,,,,,,,,,,,,1,,,,,,,,,,,,,,Y,,Y,,,,,,Y,N1,,,Y,Y,N1,58,N1,6,Y,Y,,3,N1,9,,1,,,,,,,,,,,,,10,,,,,3,,,,1,1,1,,7,,2,1,,,,,164,,,,,,,,,,,,,,,,,Y,N1,A2700011,17
2026-07-28 04:10:16,data_go_kr,경상북도,A2700001,경상북도안동의료원,6,20260728041002,054-850-6100,,,,,,,,,,,,,,,,,,,,,2,,,,,,,,,,,,,,Y,,,,,,Y,N1,,,N1,Y,N1,115,N1,2,N1,Y,,5,N1,6,,,2,,,,,,,,,,,,10,,,,,5,,,,,1,1,,8,,,,,,,,238,,,,,,,,,,,,,,,,,Y,N1,A2700001,18
2026-07-28 04:10:16,data_go_kr,경상북도,A2700031,영주기독병원,4,20260728032902,054-635-3050,,Y,,,,,,,,,,,,,,,,,,,1,,,,,,,,,,,,Y,,Y,,,,,,Y,N1,,,N1,Y,N1,11,N1,,Y,N1,,1,N1,4,,,1,,,,,,,,,,,,,,,,,1,,,,1,1,,,1,,2,,,,,,70,,,,,,,,,,,,,,,,,Y,N1,A2700031,19
2026-07-28 04:10:16,data_go_kr,경상북도,A2700020,영주자인병원,4,20260728040936,070-7335-5229,,,,,,,,,,,,,,,,,,,,,1,,,,,,,,,,,,,,Y,,,,,,Y,N1,,,N1,Y,N1,21,N1,,N1,Y,,,N1,4,,,1,,,,,,,,,,,,,,,,,2,,,,,1,1,,,,,,,,,,133,,,,,,,,,,,,,,,,,N1,N1,A2700020,20
2026-07-28 04:10:16,data_go_kr,경상북도,A2702752,영주적십자병원,10,20260728040806,054-630-0112,,,,,,,,,,,,,,,,,,,1,,,,,,,,,,,,,,,,Y,,,,,,Y,N1,,,Y,Y,N1,67,N1,3,N1,Y,,3,N1,10,,1,,,,,,,,,,,,,10,,,,,3,,,,,1,1,,4,,,1,,,,,140,,,,,,,,,,,,,,,,,Y,N1,A2702752,21
2026-07-28 04:10:16,data_go_kr,경상북도,A2700017,영남대학교의과대학부속영천병원,10,20260728040755,054-330-7575,,,,,,,,,,,,,,,,,,,1,,2,,,,,,,,,,,,,,Y,,,,,,Y,N1,,,N1,Y,N1,48,N1,3,N1,Y,,4,N1,10,,1,2,,,,,,,,,,,,10,,,,,4,,,,,1,1,,1,,,,,,,,190,,,,,,,,,,,,,,,,,Y,N1,A2700017,22
2026-07-28 04:10:16,data_go_kr,경상북도,A2700023,의료법인서준의료재단예천권병원,6,20260728040555,054-650-2119,,Y,,,,,,,,,,,,,,,,,1,,0,,,,,,,,,,,0,Y,,Y,,,,,,Y,N1,,,N1,Y,N1,76,N1,,Y,Y,,2,N1,6,,1,0,,,,,,,,,,,,,,,,,2,,,0,1,1,1,,3,,2,,,,,,173,,,,,,,,,,,,,,,,,Y,N1,A2700023,23
2026-07-28 04:10:16,data_go_kr,경상북도,E2700553,울릉군보건의료원,4,20260728041004,054-790-6911,,,,,,,,,,,,,,,,,,,,,,,,,,,,,,,,,,,Y,,,,,,Y,N1,,,N1,Y,N1,24,N1,,N1,N1,,1,N1,5,,,,,,,,,,,,,,,,,,,,1,,,,,1,,,1,,,,,,,,27,,,,,,,,,,,,,,,,,Y,N1,E2700553,24
2026-07-28 04:10:16,data_go_kr,경상북도,A2700052,울진군의료원,8,20260728040602,054-785-7119,,,,,,,,,,,,,,,,,,,2,,,,,,,,,,,,,2,,,Y,,,,,,Y,N1,,,N1,Y,N1,35,N1,,N1,Y,,3,N1,8,,2,,,,,,,,,,,,,,,,,,3,,,2,,1,1,,1,,,,,,,,97,,,,,,,,,,,,,,,,,Y,N1,A2700052,25
2026-07-28 04:10:16,data_go_kr,경상북도,A2700063,의료법인영제의료재단영남제일병원,4,20260728035715,054-861-9111,,,,,,,,,,,,,,,,,,,,,1,,,,,,,,,,,,,,Y,,,,,,Y,N1,,,N1,Y,N1,27,N1,,N1,N1,,1,N1,,,,,,,,,,,,,,,,,,,,,,,,,,,,,,,,,,,,,,,,,,,,,,,,,,,,,,Y,N1,A2700063,26
2026-07-28 04:10:16,data_go_kr,경상북도,A2700038,의료법인대남의료재단청도대남병원,10,20260728040854,054-370-5112,,,,,,,,,,,,,,,,,,,,,,,,,,,,,,,,,,,Y,,,,,,Y,N1,,,N1,Y,N1,85,N1,,N1,Y,,1,N1,10,,,,,,,,,,,,,,,,,,,,1,,,,,1,1,,1,,,,,,,,115,,,,,,,,,,,,,,,,,Y,N1,A2700038,27
2026-07-28 04:10:16,data_go_kr,경상북도,E2700554,청송군보건의료원,5,20260728041002,054-870-7119,,,,,,,,,,,,,,,,,,,,,1,,,,,,,,,,,,,,,,,,,,Y,N1,,,N1,N1,N1,55,N1,,N1,N1,,,N1,5,,,1,,,,,,,,,,,,,,,,,,,,,,,,,1,,,,,,,,45,,,,,,,,,,,,,,,,,Y,N1,E2700554,28
2026-07-28 04:10:16,data_go_kr,경상북도,A2700008,에스포항병원,6,20260728040906,054-289-9120,Y,,,,,,,,,,,,,,,,,,,,1,,,,,0,,,,,,,,,Y,,,,Y,,Y,Y,,,Y,Y,N1,5,N1,1,N1,Y,,4,N1,6,,,1,,,,,,,,,,,,14,1,,,,4,,,,,2,2,3,9,9,,1,,,,,239,,,,,,,,,,,,,,,,,Y,Y,A2700008,29
2026-07-28 04:10:16,data_go_kr,경상북도,A2702563,의료법인은성의료재단좋은선린병원,10,20260728040939,054-245-5200,,,,,,,,,,,,,,,,2,,,,,2,,,,,1,,,,,,,,,Y,,,,N,,Y,N,,,N1,Y,N1,78,N1,0,N1,Y,,4,N,10,,,2,,,,,,,,,,,,17,1,,,,4,,,,,1,1,2,7,,,,,,,14,281,,,,,,,,,,,,,2,,,,N,N1,A2702563,30
2026-07-28 04:10:16,data_go_kr,경상북도,A2700005,경상북도포항의료원,7,20260728041001,054-245-0129,,,,,,,,,,,,,,,,,,,1,,1,,,,,1,,,,,9,6,,,Y,,,,,,Y,N1,,,N1,Y,N1,34,N1,5,N1,Y,,3,N1,8,,1,1,,,,,,,,,,,,19,1,,,,3,,56,7,,1,1,,4,,,,,,,,179,,,,,,,,,,,,,,,,,Y,N1,A2700005,31
2026-07-28 04:10:16,data_go_kr,경상남도,A2800011,양산부산대학교병원,11,20260728040827,055-360-1463,Y,Y,2,2,1,1,0,0,,5,,0,0,,4,,,6,,5,1,0,6,2,,0,3,2,,,4,4,Y,,Y,3,,,Y,,Y,Y,,4,Y,Y,Y,195,Y,,Y,Y,18,24,N1,23,8,,1,16,16,11,38,11,2,,9,,,10,,0,30,6,,25,,33,4,4,6,5,6,92,24,23,19,12,2,,,766,2,3,1,1,2,2,,,0,0,,4,,,,,Y,Y,A2800011,1
2026-07-28 04:10:16,data_go_kr,경상남도,A2800001,경상국립대학교병원,15,20260728040900,055-750-8282,Y,Y,,,,,,3,,0,,,,,,,,3,2,5,2,2,,,3,1,2,,24,2,7,5,Y,,Y,,2,6,Y,14,Y,Y,,,Y,Y,Y,180,Y,,Y,Y,3,15,N1,28,3,2,3,14,8,9,15,,,,,20,6,,,3,30,,40,15,2,23,7,7,3,3,5,16,9,20,5,4,17,,,655,,,,,,6,,,,,,,,,2,6,Y,Y,A2800001,2
2026-07-28 04:10:16,data_go_kr,경상남도,A2800020,학교법인성균관대학삼성창원병원,18,20260728040953,055-233-8899,Y,Y,,,,,,0,,3,,,,,,,,8,2,6,2,7,,,,1,17,,,,,3,Y,,Y,,,,Y,,Y,Y,,,Y,Y,Y,167,Y,,Y,Y,19,16,N1,27,8,2,3,19,15,20,24,,,,,,,,,3,30,,,16,,,5,7,4,3,4,45,8,20,5,3,3,,,645,,,,,,1,,,,,,,,,,,Y,Y,A2800020,3
2026-07-28 04:10:16,data_go_kr,경상남도,A2800010,의료법인환명의료재단 조은금강병원,17,20260728040914,055-330-0200,,,,,,,,,,,,,,,,,,,1,,2,,,,,1,,,,,4,,,,Y,,,,Y,,Y,Y,,,N1,Y,N1,46,N1,15,N1,Y,,4,Y,17,,1,2,,,,,,,,,,,,23,1,,,,4,,96,,,1,2,1,7,,,,,,,2,305,,,,,,,,,,,,,,,,,Y,N1,A2800010,4
2026-07-28 04:10:16,data_go_kr,경상남도,A2800006,의료법인숭인의료재단 김해복음병원,14,20260728040832,055-330-8844,,,,,,,,,,,,,,,,,,,1,,3,,,,,1,,,,,,,,,Y,,,,Y,,Y,Y,,,Y,Y,N1,8,N1,0,N1,Y,,5,N1,16,,1,3,,,,,,,,,,,,18,1,,,,5,,,,,2,3,1,3,,,3,,,,,359,,,,,,,,,,,,,,,,,Y,N1,A2800006,5
2026-07-28 04:10:16,data_go_kr,경상남도,A2800043,한일병원,16,20260728040949,055-750-1333,,,,,,,,,,,,,,,,,,,1,,2,0,,,,0,0,,,,,,,,Y,,,,Y,,Y,Y,,,Y,Y,N1,8,N1,5,N1,Y,,4,Y,17,,1,2,2,,,,,,,,,,,13,1,3,,,4,,,,,2,2,1,6,,,1,,,,1,282,,,,,,,,,,,,,,,,,Y,N1,A2800043,6
2026-07-28 04:10:16,data_go_kr,경상남도,A2800003,제일병원,13,20260728040920,055-750-7119,,,,,,,,,,,,,,,,,,,1,,2,,,,,,,,,,,,,Y,Y,,,,Y,,Y,Y,,,N1,Y,N1,45,N1,8,N1,Y,,4,Y,17,,1,2,,,,,,,,,,,,9,,,,,7,,,,,2,2,1,4,,,,,,1,1,258,,,,,,,,,,,,,,,,,Y,N1,A2800003,7
2026-07-28 04:10:16,data_go_kr,경상남도,A2800017,의료법인합포의료재단에스엠지연세병원,16,20260728041008,055-240-7777,,,,,,,,,,,,,,,,,,,1,,2,,,,,1,,,,,,,,,Y,,,,Y,,Y,Y,,,Y,Y,N1,35,N1,7,N1,Y,,4,N1,17,,1,2,,,,,,,,,,,,12,1,,,,4,,,,,1,2,1,7,,,1,,,,,286,,,,,,,,,,,,,,,,,Y,N1,A2800017,8
2026-07-28 04:10:16,data_go_kr,경상남도,A2803505,창원경상국립대학교병원,15,20260728040600,055-214-1339,Y,Y,,,,,,,,,,,,5,0,,,,1,,2,,,,,2,,,,,8,6,Y,,Y,,,,Y,,Y,Y,,,Y,Y,Y,196,Y,17,Y,Y,9,13,N1,18,,1,2,,,,17,,,,,,,,34,2,,,,13,,22,6,9,3,2,5,52,9,22,6,7,14,,,437,,,,,,,,,,,5,0,,,,,Y,Y,A2803505,9
2026-07-28 04:10:16,data_go_kr,경상남도,A2800007,창원한마음병원,12,20260728040910,055-225-0350,Y,Y,,,,,,,,0,,,,,,,,,1,1,0,,,,,1,,,,,,0,Y,,Y,,,,Y,,Y,Y,,,Y,Y,Y,40,Y,,Y,Y,10,13,Y,21,,1,3,,25,37,10,,,,,,,,,1,,,,13,,,6,2,4,4,4,29,3,11,6,1,2,,2,688,,,,,,,,,,,,,,,,,Y,Y,A2800007,10
2026-07-28 04:10:16,data_go_kr,경상남도,A2800004,창원파티마병원,9,20260728040606,055-270-1119,Y,Y,,,,,,,,2,,,,,,,,,1,2,2,0,,,,0,2,,,,,2,Y,Y,Y,,,,Y,,Y,Y,,,Y,Y,N1,83,Y,,Y,Y,2,7,N1,17,,1,2,2,12,13,2,,,,,,,,,2,3,,,7,,,6,2,4,3,3,16,3,6,3,,4,1,,444,,,,,,,,,,,,,,,,,Y,Y,A2800004,11
2026-07-28 04:10:16,data_go_kr,경상남도,A2800008,의료법인 거붕 백병원,8,20260728040946,055-733-0180,,,,,,,,,,,,,,,,,,,,,1,,,,,,,,,,,,,,Y,,,,,,Y,N1,,,N1,Y,N1,26,N1,11,N1,Y,,4,N1,9,,,1,,,,,,,,,,,,20,,,,,4,,,,,2,2,,12,,,,,,,,365,,,,,,,,,,,,,,,,,Y,N1,A2800008,12
2026-07-28 04:10:16,data_go_kr,경상남도,A2800005,의료법인 대우의료재단대우병원,9,20260728040759,055-680-8119,,,,,,,,,,,,,,,,,,,,,1,,,,,,,,,,,,,,Y,,,,,,Y,N1,,,N1,Y,N1,37,N1,3,N1,Y,,4,N1,9,,,1,,,,,,,,,,,,10,,,,,4,,,,,2,1,,5,,,,,,,,231,,,,,,,,,,,,,,,,,Y,N1,A2800005,13
2026-07-28 04:10:16,data_go_kr,경상남도,A2800022,의료법인 성념의료재단맑은샘병원,8,20260728040147,055-736-0119,,,,,,,,,,,,,,,,,,,,,1,,,,,,,,,,,,,,Y,,,,,,Y,N1,,,N1,Y,N1,2,N1,,N1,Y,,2,N1,9,,,1,,,,,,,,,,,,,,,,,2,,,,,1,1,,4,,,,,,,,200,,,,,,,,,,,,,,,,,Y,N1,A2800022,14
2026-07-28 04:10:16,data_go_kr,경상남도,A2800076,거창적십자병원,8,20260728040744,055-949-3359,,Y,,,,,,,,,,,,,,,,,,,1,,,,,,,,,,,,Y,,Y,,,,,,Y,N1,,,N1,Y,N1,26,N1,,Y,Y,,2,N1,9,,,1,,,,,,,,,,,,,,,,,2,,,,1,1,1,,2,,2,,,,,,91,,,,,,,,,,,,,,,,,Y,N1,A2800076,15
2026-07-28 04:10:16,data_go_kr,경상남도,A2800032,강병원,9,20260728040800,055-673-4848,,,,,,,,,,,,,,,,,,,,,1,,,,,,,,,,,,,,Y,,,,,,Y,N1,,,N1,Y,N1,15,N1,,N1,Y,,1,N1,9,,,1,,,,,,,,,,,,,,,,,1,,,,,1,1,,1,,,,,,,,99,,,,,,,,,,,,,,,,,Y,N1,A2800032,16
2026-07-28 04:10:16,data_go_kr,경상남도,A2803677,강일병원,8,20260728040818,055-822-0119,,,,,,,,,,,,,,,,,,,1,,2,,,,,,,,,,,,,,Y,,,,Y,,Y,Y,,,N1,Y,N1,111,N1,14,N1,Y,,5,N1,8,,1,2,,,,,,,,,,,,15,,,,,5,,,,,1,2,1,1,,,,,,,,275,,,,,,,,,,,,,,,,,Y,N1,A2803677,17
2026-07-28 04:10:16,data_go_kr,경상남도,A2800014,의료법인갑을의료재단 갑을장유병원,7,20260728040945,055-310-6119,,,,,,,,,,,,,,,,,,,1,,,,,,,,,,,,,,,,Y,,,,,,Y,N1,,,N1,Y,N1,46,N1,,N1,Y,,4,N1,9,,1,,,,,,,,,,,,,,,,,,4,,,,,1,1,,1,,,,,,,,210,,,,,,,,,,,,,,,,,Y,N1,A2800014,18
2026-07-28 04:10:16,data_go_kr,경상남도,A2800094,의료법인 이도의료재단 남해병원,8,20260728030656,055-860-6630,N,N,,,,,,,,,,,,,,,,,1,,1,,,,,,,,,,,,N,N,Y,,,,N,,Y,N,,,N,Y,N,76,N,,N,Y,,2,N,,,,,,,,,,,,,,,,,,,,,,,,,,,,,,,,,,,,,,,,,,,,,,,,,,,,,,N,N,A2800094,19
2026-07-28 04:10:16,data_go_kr,경상남도,A2800113,밀양병원,8,20260728040741,055-356-9119,,,,,,,,,,,,,,,,,,,,,1,,,,,,,,,,,,,,Y,,,,,,Y,N1,,,N1,Y,N1,29,N1,,N1,Y,,0,N1,8,,,1,,,,,,,,,,,,,,,,,0,,,,,1,1,,1,,,,,,,,200,,,,,,,,,,,,,,,,,Y,N1,A2800113,20
2026-07-28 04:10:16,data_go_kr,경상남도,A2800068,의료법인승연의료재단 삼천포서울병원,9,20260728040750,055-830-9019,,,,,,,,,,,,,,,,,,,,,1,,,,,,,,,,,,,,Y,,,,Y,,Y,Y,,,N1,Y,N1,23,N1,,N1,Y,,3,Y,9,,,1,,,,,,,,,,,,,,,,,3,,,,,1,2,1,4,,,,,,,1,287,,,,,,,,,,,,,,,,,Y,N1,A2800068,21
2026-07-28 04:10:16,data_go_kr,경상남도,A2800101,삼천포제일병원,8,20260728040612,055-830-3099,,,,,,,,,,,,,,,,,,,,,2,,,,,,,,,,,,,,Y,,,,,,Y,N1,,,N1,Y,N1,58,N1,,N1,Y,,2,N,8,,,2,,,,,,,,,,,,,,,,,2,,,,,1,1,,1,,,,,,,1,214,,,,,,,,,,,,,,,,,Y,N1,A2800101,22
2026-07-28 04:10:16,data_go_kr,경상남도,E2800380,산청군보건의료원,5,20260728041003,055-970-7582,,,,,,,,,,,,,,,,,,,,,1,,,,,,,,,,,,,,,,,,,,Y,N1,,,N1,N1,N1,20,N1,,N1,N1,,,N1,5,,,1,,,,,,,,,,,,,,,,,,,,,,,,,1,,,,,,,,20,,,,,,,,,,,,,,,,,Y,N1,E2800380,23
2026-07-28 04:10:16,data_go_kr,경상남도,A2804593,양산성모병원,12,20260728040946,055-912-9785,,,,,,,,,,,,,,,,,,,1,,,,,,,,,,,,,,,,Y,,,,,,Y,N1,,,N1,Y,N1,132,N1,5,N1,Y,,4,N1,13,,1,,,,,,,,,,,,,6,,,,,4,,,,,1,2,,1,,,,,,,,214,,,,,,,,,,,,,,,,,Y,N1,A2804593,24
2026-07-28 04:10:16,data_go_kr,경상남도,A2800019,베데스다복음병원,9,20260728040931,055-781-9911,,,,,,,,,,,,,,,,,,,,,1,,,,,,,,,,,,,,Y,,,,,,Y,N1,,,N1,Y,N1,43,N1,,N1,Y,,3,N1,9,,,1,,,,,,,,,,,,,,,,,3,,,,,1,1,,1,,,,,,,,133,,,,,,,,,,,,,,,,,Y,N1,A2800019,25
2026-07-28 04:10:16,data_go_kr,경상남도,A2800090,의령병원,4,20260728041001,055-573-6806,,,,,,,,,,,,,,,,,,,,,1,,,,,,,,,,,,,,Y,,,,,,Y,N1,,,N1,Y,N1,34,N1,,N1,N1,,,N1,4,,,1,,,,,,,,,,,,,,,,,,,,,,1,,,1,,,,,,,,58,,,,,,,,,,,,,,,,,Y,N1,A2800090,26
2026-07-28 04:10:16,data_go_kr,경상남도,A2800084,반도병원,7,20260728041001,055-749-0200,,,,,,,,,,,,,,,,,,,,,1,,,,,,,,,,,,,,Y,,,,,,Y,N1,,,N1,Y,N1,69,N1,,N1,Y,,3,N1,7,,,1,,,,,,,,,,,,,,,,,3,,,,,1,1,,3,,,,,,,,165,,,,,,,,,,,,,,,,,Y,N1,A2800084,27
2026-07-28 04:10:16,data_go_kr,경상남도,A2800015,의료법인 문병욱의료재단 진주고려병원,10,20260728040801,055-751-2525,,,,,,,,,,,,,,,,,,,,,1,,,,,,,,,,,,,,Y,,,,Y,,Y,Y,,,N1,Y,N1,45,N1,4,N1,Y,,4,Y,10,,,1,,,,,,,,,,,,9,,,,,4,,,,,2,2,1,4,,,,,,,1,229,,,,,,,,,,,,,,,,,Y,N1,A2800015,28
2026-07-28 04:10:16,data_go_kr,경상남도,A2800037,진주복음병원,9,20260728041034,055-749-7119,,,,,,,,,,,,,,,,,,,,,1,,,,,,,,,,,,,,Y,,,,,,Y,N1,,,N1,Y,N1,40,N1,,N1,N,,3,N1,9,,,1,,,,,,,,,,,,,,,,,3,,,,,1,1,,1,,,,,,,,131,,,,,,,,,,,,,,,,,N,N1,A2800037,29
2026-07-28 04:10:16,data_go_kr,경상남도,A2800062,태황의료재단한성병원,8,20260728041012,055-530-5119,,,,,,,,,,,,,,,,,,,,,1,,,,,,,,,,,,,,,,,,,,Y,N1,,,N1,N1,N1,44,N1,,N1,N1,,,N1,9,,,1,,,,,,,,,,,,,,,,,,,,,,,,,,,,,,,,,167,,,,,,,,,,,,,,,,,N1,N1,A2800062,30
2026-07-28 04:10:16,data_go_kr,경상남도,A2800025,경상남도마산의료원,13,20260728041002,055-249-1119,,,,,,,,,,,,,,,,,,,1,,1,,,,,2,,,,,,18,,,Y,,,,,,Y,N1,,,Y,Y,N1,59,N1,4,N1,Y,,5,N1,13,,1,1,,,,,,,,,,,,6,2,,,,5,,,27,,1,1,,17,,,2,,,,,263,,,,,,,,,,,,,,,,,Y,N1,A2800025,31
2026-07-28 04:10:16,data_go_kr,경상남도,A2800009,의료법인청아의료재단청아병원,9,20260728040818,055-230-1700,,,,,,,,,,,,,,,,,,,,,1,,,,,,,,,,,,,,Y,,,,,,Y,N1,,,N1,Y,N1,64,N1,,N1,Y,,4,N1,9,,,1,,,,,,,,,,,,,,,,,4,,,,,2,2,,4,,,,,,,,274,,,,,,,,,,,,,,,,,Y,N1,A2800009,32
2026-07-28 04:10:16,data_go_kr,경상남도,A2800021,연세에스병원,9,20260728040636,055-548-7789,,,,,,,,,,,,,,,,,,,,,1,,,,,,,,,,,,,,Y,,,,Y,,Y,Y,,,N1,Y,N1,116,N1,9,N1,Y,,2,N1,9,,,1,,,,,,,,,,,,10,,,,,3,,,,,2,2,1,5,,,,,,,,255,,,,,,,,,,,,,,,,,Y,N1,A2800021,33
2026-07-28 04:10:16,data_go_kr,경상남도,A2800092,새통영병원,9,20260728040933,055-640-4119,,,,,,,,,,,,,,,,,,,,,1,,,,,,,,,,,,,,Y,,,,,,Y,N1,,,N1,Y,N1,61,N1,,N1,Y,,3,N1,9,,,1,,,,,,,,,,,,,,,,,3,,,,,1,2,,3,,,,,,,,256,,,,,,,,,,,,,,,,,Y,N1,A2800092,34
2026-07-28 04:10:16,data_go_kr,경상남도,A2800080,함양성심병원,3,20260728040654,055-964-4322,,,,,,,,,,,,,,,,,,,,,1,,,,,,,,,,,,,,Y,,,,,,Y,N1,,,N1,Y,N1,7,N1,,N1,Y,,2,N1,4,,,1,,,,,,,,,,,,,,,,,2,,,,,1,1,,1,,,,,,,,121,,,,,,,,,,,,,,,,,Y,N1,A2800080,35
2026-07-28 04:10:16,data_go_kr,경상남도,A2800055,삼성합천병원,4,20260728041001,070-5125-5030,,,,,,,,,,,,,,,,,,,,,1,,,,,,,,,,,,,,Y,,,,,,Y,N1,,,N1,Y,N1,15,N1,,N1,Y,,2,N1,4,,,1,,,,,,,,,,,,,,,,,2,,,,,1,1,,1,,,,,,,,141,,,,,,,,,,,,,,,,,Y,N1,A2800055,36
2026-07-28 04:10:16,data_go_kr,제주특별자치도,A2900001,제주한라병원,6,20260728041458,064-740-5159,Y,Y,,,,,0,0,,,4,,,,,,,3,2,,3,6,,,,,18,,6,2,,,Y,,Y,,2,6,Y,10,Y,Y,,,Y,Y,Y,108,Y,7,Y,Y,3,6,N1,15,3,2,3,14,,,7,,,,,20,,,15,,30,,40,6,2,,,2,3,2,3,46,3,8,9,4,2,,,414,,,,,4,2,,4,,,,,,,2,6,Y,Y,A2900001,1
2026-07-28 04:10:16,data_go_kr,제주특별자치도,A2900002,제주특별자치도서귀포의료원,13,20260728041002,064-730-3001,,Y,,,,,,,,,,,,,,,,4,1,,4,2,,,,3,3,,,,2,,Y,,Y,,,,Y,,Y,Y,,,Y,Y,N1,148,N1,10,Y,Y,,4,Y,16,4,1,4,2,,,,,,,,,,,17,3,3,,,4,,26,,1,2,1,1,16,,4,3,,,,1,326,,,,,,,,,,,,,,,,,Y,N1,A2900002,2
2026-07-28 04:10:16,data_go_kr,제주특별자치도,A2900007,제주대학교병원,2,20260728041000,,Y,Y,,,,,,,,0,,,,,,,,,1,4,1,,3,,2,,,,,,3,5,Y,,Y,,,,Y,,Y,Y,,,Y,Y,Y,112,Y,,Y,Y,11,12,N1,20,,1,5,,12,12,16,3,,,,,6,,,,,,,12,,20,9,3,2,2,4,45,8,17,10,5,3,,,458,,,,,,,,,,,,,,,,,Y,Y,A2900007,3
2026-07-28 04:10:16,data_go_kr,제주특별자치도,A2900005,한마음병원,10,20260728040854,064-750-9119,,,,,,,,,,,,,,,,,,,1,,1,,,,,,1,,,,,,,,Y,,,,Y,,Y,Y,,,Y,Y,N1,52,N1,3,N1,Y,,4,N1,17,,1,2,,,,,,,,,,,,12,,1,,,4,,,,,1,1,1,6,,,2,,,,,215,,,,,,,,,,,,,,,,,Y,N1,A2900005,4
2026-07-28 04:10:16,data_go_kr,제주특별자치도,A2900006,의료법인중앙의료재단중앙병원,8,20260728041020,064-786-7777,,,,,,,,,,,,,,,,,,1,1,,2,,,,,,,,,,,,,,Y,,,,Y,,Y,Y,,,Y,Y,Y,97,N1,5,N1,Y,,3,N1,16,1,1,2,,,,,,,,,,,,16,,,,,3,,,,,1,1,2,10,,,2,1,,,,281,,,,,,,,,,,,,,,,,Y,N1,A2900006,5
2026-07-28 04:10:16,data_go_kr,제주특별자치도,A2900003,의료법인 혜인의료재단 한국병원,5,20260728040954,064-750-0160,,,,,,,,,,,,,,,,,,,,,1,,,,,,,,,,,,,,Y,,,,,,Y,N1,,,N1,Y,N1,26,N1,4,N1,Y,,3,N1,9,,,1,,,,,,,,,,,,10,,,,,3,,,,,1,1,,6,,,,,,,,209,,,,,,,,,,,,,,,,,Y,N1,A2900003,6
2026-07-28 06:01:22,data_go_kr,서울특별시,A1100043,강동경희대학교병원,9,20260728060023,02-440-7000,Y,Y,,,,,1,,,,,,,,,1,,3,2,,3,1,,,,,0,,,,,0,Y,N,Y,,,,Y,,Y,Y,,,Y,Y,Y,111,Y,1,Y,Y,2,17,N,15,3,2,3,19,,,17,,,,,,,,27,,30,,,17,,,1,8,2,2,3,32,9,13,4,1,1,0,0,625,,,,,3,,,,,,,,2,,,,Y,Y,A1100043,1
2026-07-28 06:01:22,data_go_kr,서울특별시,A1100014,고려대학교의과대학부속구로병원,10,20260728055555,02-2626-1550,Y,Y,4,,,,,,,1,,,,,,,,3,,2,,2,,,,3,1,,,,4,0,Y,,Y,,,,Y,,Y,Y,,,Y,Y,Y,38,Y,11,Y,Y,-2,24,N1,29,3,,,20,20,10,23,,,,,,,,35,10,30,,,24,,18,4,2,6,6,4,98,11,35,15,10,3,,,778,5,,,,,,,,,,,,,,,,Y,Y,A1100014,2
2026-07-28 06:01:22,data_go_kr,서울특별시,A1100013,한양대학교병원,16,20260728055800,02-2290-8284,Y,Y,4,3,,,1,0,,1,,,,,,,,3,,2,,1,,,,2,8,,,,1,0,Y,,Y,,,,Y,,Y,Y,,,Y,Y,Y,155,Y,0,Y,Y,2,16,Y,20,3,,,22,12,13,25,,,,,,,,0,2,30,,,16,,16,2,1,3,2,3,69,10,20,11,4,3,,1,670,4,8,,,2,5,,,,,,,,,,,Y,Y,A1100013,3
2026-07-28 06:01:22,data_go_kr,서울특별시,A1100008,학교법인고려중앙학원고려대학교의과대학부속병원(안암병원),18,20260728060029,02-920-5374,Y,Y,2,6,,,0,,,1,,,,,,,,4,,2,,2,,,0,1,0,,,,2,1,Y,,Y,,,,Y,,Y,Y,,,Y,Y,Y,28,Y,,Y,Y,-2,25,N1,30,4,,,15,16,19,17,,,,,,9,,,6,31,,,25,,10,3,4,7,6,8,84,14,20,11,8,7,,,777,2,7,,,6,,,,,,,,,,,,Y,Y,A1100008,4
2026-07-28 06:01:22,data_go_kr,서울특별시,A1100005,이화여자대학교의과대학부속목동병원,14,20260728055550,02-2650-5911,Y,Y,,,,,0,0,,1,,,,,,,,8,2,4,3,3,,,,0,5,,,,4,3,Y,,Y,3,,,Y,,Y,Y,,,Y,Y,Y,61,Y,,Y,Y,14,13,N1,19,8,2,4,19,10,13,28,,,,14,,,,,4,32,,,13,,10,9,2,4,4,4,58,10,34,9,3,5,,,526,,,,,1,1,,,,,,,,,,,Y,Y,A1100005,5
2026-07-28 06:01:22,data_go_kr,서울특별시,A1100017,서울대학교병원,2,20260728060025,02-2072-2475,Y,Y,,,1,1,2,0,,0,,0,0,,1,,,9,2,7,3,7,3,0,5,4,11,4,,,4,4,Y,Y,Y,3,,,Y,,Y,Y,4,0,Y,Y,Y,92,Y,,Y,Y,3,53,N1,24,10,2,4,17,10,18,40,22,2,10,5,,8,10,,28,30,6,,53,,41,7,4,13,13,14,160,19,46,22,9,3,1,,1365,,,1,1,2,1,,,0,0,,8,,,,,Y,Y,A1100017,6
2026-07-28 06:01:22,data_go_kr,서울특별시,A1100035,서울특별시서울의료원,8,20260728060000,02-2276-7000,Y,Y,,,,,1,1,0,0,,,,,,,,2,2,,3,4,,,,,4,,,,11,2,Y,Y,Y,1,,,Y,,Y,Y,,,Y,Y,Y,87,Y,1,Y,Y,2,10,Y,19,3,2,3,14,7,,3,,,,6,,,,5,,28,,,10,,30,3,4,5,3,5,65,5,12,7,2,4,1,2,461,,,,,2,4,2,,,,,,,,,,Y,Y,A1100035,7
2026-07-28 06:01:22,data_go_kr,서울특별시,A1100015,연세대학교의과대학강남세브란스병원,6,20260728055855,02-2019-3333,Y,Y,,,,,,,,,,,,,,,,2,1,,2,,,,4,,,,,,,5,Y,,Y,7,,,Y,,Y,Y,,,Y,Y,Y,40,Y,10,Y,Y,0,23,N1,21,2,1,2,,,,28,,,,12,,8,,29,,,,,23,,,5,1,4,3,6,47,10,23,6,3,5,,,691,,,,,,,,,,,,,,,,,Y,Y,A1100015,8
2026-07-28 06:01:22,data_go_kr,서울특별시,A1100010,삼성서울병원,-21,20260728060032,02-3410-2060,Y,Y,,,,,,,,15,,,,,,,,0,2,11,1,,4,,3,2,,,,,5,11,Y,,Y,5,,,Y,,Y,Y,,15,Y,Y,Y,103,Y,14,Y,Y,2,53,N1,52,4,2,2,,30,23,59,15,,,12,,12,36,14,2,,,,53,,27,18,8,19,16,15,117,22,43,21,11,2,,,1528,,,,,,,,,,,,,,,,,Y,Y,A1100010,9
2026-07-28 06:01:22,data_go_kr,서울특별시,A1100028,성심의료재단강동성심병원,12,20260728055608,02-2224-2358,Y,Y,,,,,,,,0,,,,,,,2,,1,,6,,,,,2,,,,,,0,Y,,Y,,,,Y,,Y,Y,,,Y,Y,Y,111,Y,0,Y,Y,2,13,N1,15,,1,6,,18,,3,,,,,,,,19,5,,,,13,,,2,1,4,2,5,35,3,3,8,3,1,,,566,,,,,,,,,,,,,,2,,,Y,Y,A1100028,10
2026-07-28 06:01:22,data_go_kr,서울특별시,A1100053,한국보훈복지의료공단중앙보훈병원,17,20260728055849,02-2225-1100,,,,,,,,,,5,,,,,,,,,1,7,2,0,,,0,1,1,,,,35,0,N,,Y,2,,,Y,,Y,Y,,,Y,Y,Y,142,N1,,N1,Y,,13,N1,22,,1,2,2,14,14,,,,,13,,10,,,1,3,,,13,,60,7,1,3,4,4,38,,,10,1,,,,820,,,,,,,,,,,,,,,,,Y,N1,A1100053,11
2026-07-28 06:01:22,data_go_kr,서울특별시,A1120796,이화여자대학교의과대학부속서울병원,11,20260728055645,02-6986-5119,Y,Y,,,,,,,,0,,,,,,,,8,2,7,6,,,,0,1,,,,,,3,Y,,Y,5,,,Y,,Y,Y,,3,Y,Y,Y,129,Y,0,Y,Y,0,19,N1,14,9,2,6,,10,17,24,,,,17,,11,19,11,7,,,,19,,,4,2,5,5,8,71,9,22,12,4,5,,,732,,,,,,,,,,,,,,,,,Y,Y,A1120796,12
2026-07-28 06:01:22,data_go_kr,서울특별시,A1100041,의료법인서울효천의료재단에이치플러스양지병원,18,20260728060013,070-4665-9119,,,,,,,,,,,,,,,,,,,1,,2,,,,,0,,,,,,2,,,Y,,,,Y,,Y,Y,,,Y,Y,Y,26,Y,2,N1,Y,,7,N1,18,,1,2,,,,,,,,,,,,20,1,,,,7,,,3,,2,3,3,23,,,4,1,1,,,301,,,,,,,,,,,,,,,,,Y,N1,A1100041,13
2026-07-28 06:01:22,data_go_kr,서울특별시,A1100002,건국대학교병원,16,20260728055743,02-2030-5555,Y,Y,,,,,,,,6,,,,,,,,4,1,10,2,,,,,1,,,,,7,0,Y,,Y,,,,Y,,Y,Y,,,Y,Y,Y,135,Y,,Y,Y,-1,21,N1,20,4,1,2,,24,25,16,,,,,,,,,1,,,,21,,14,3,2,4,4,5,45,7,18,7,3,14,,,678,,,,,,,,,,,,,,,,,Y,Y,A1100002,14
2026-07-28 06:01:22,data_go_kr,서울특별시,A1100016,인제대학교상계백병원,11,20260728055752,02-950-1119,Y,Y,,,,,,,,4,,,,,,,3,,1,4,2,,,,,1,,,,,3,1,Y,,Y,,,,Y,,Y,Y,,,Y,Y,Y,68,Y,,Y,Y,1,13,N1,16,,1,2,,19,18,15,,,,,,,,,4,,,,13,,5,2,2,3,2,3,36,10,25,10,3,1,,,390,,,,,,,,,,,,,,4,,,Y,Y,A1100016,15
2026-07-28 06:01:22,data_go_kr,서울특별시,A1100048,노원을지대학교병원,15,20260728055603,02-970-8282,Y,Y,,,,,,,,3,,,,,,,,,1,6,4,,,,,2,,,,,3,0,Y,,Y,,0,0,Y,,Y,Y,,,Y,Y,Y,180,N1,,Y,Y,1,11,N1,17,,1,4,,16,16,10,,,,,,,,,2,,,,11,,21,1,3,2,2,2,26,8,19,3,1,,,,479,,,,,,,,,,,,,,,0,0,Y,Y,A1100048,16
2026-07-28 06:01:22,data_go_kr,서울특별시,A1100020,의료법인한전의료재단한일병원,20,20260728060004,02-901-3119,N,N,,,,,,,,,,,,,,,,2,2,,1,0,,,,0,2,,,,,1,,Y,Y,,,,Y,,Y,Y,,,Y,Y,N1,67,Y,2,N,Y,,8,Y,21,2,2,2,2,,,,,,,,,,,21,1,3,,,8,,,5,,2,1,1,25,1,4,2,,4,2,2,389,,,,,,,,,,,,,,,,,Y,N,A1100020,17
2026-07-28 06:01:22,data_go_kr,서울특별시,A1100001,경희대학교병원,12,20260728060036,02-958-8114,Y,Y,,,,,,,,,,,,,,,,3,2,,2,,,,,,,,,,10,9,Y,,Y,3,,,Y,,Y,Y,,,Y,Y,Y,120,Y,19,Y,Y,0,16,N1,15,3,2,3,,,,14,,,,15,,,,73,,,,,16,,20,10,3,3,3,5,48,6,12,8,3,2,,,657,,,,,,,,,,,,,,,,,Y,Y,A1100001,18
2026-07-28 06:01:22,data_go_kr,서울특별시,A1100021,삼육서울병원,11,20260728055916,02-2210-3566,,N,,,,,,,,,,,,,,,4,,1,,2,1,,,,1,1,,,,,4,Y,,Y,,,,Y,,Y,Y,,,Y,Y,Y,53,Y,4,N,Y,4,5,Y,13,,1,2,2,,,4,,,,,,,,15,1,3,,,5,,,4,2,1,1,2,20,,4,5,2,1,,1,389,,,,,,,,,,,,,,4,,,Y,N1,A1100021,19
2026-07-28 06:01:22,data_go_kr,서울특별시,A1100040,서울특별시보라매병원,22,20260728060000,02-870-2119,Y,Y,,,,,,,,6,,,,,,,,2,2,10,1,,,,2,2,,,,,1,0,Y,,Y,,,,Y,,Y,Y,,,Y,Y,Y,138,Y,,Y,Y,0,14,N1,31,3,2,1,,15,16,14,,,,,,4,,,4,,,,14,,14,3,4,6,3,5,48,14,13,5,9,2,,,695,,,,,,,,,,,,,,,,,Y,Y,A1100040,20
2026-07-28 06:01:22,data_go_kr,서울특별시,A1100003,중앙대학교병원,12,20260728060012,02-6299-1338,Y,Y,0,0,,,0,,,2,,,,,4,,,2,0,4,0,2,,,,3,,,,,3,1,Y,,Y,,,,Y,,Y,Y,,,Y,Y,Y,126,Y,,Y,Y,0,16,N1,18,4,0,0,12,12,17,25,,,,,,,,,11,,,,16,,24,2,2,4,3,4,51,9,21,13,6,12,,,631,0,0,,,1,,,,,,,4,,,,,Y,Y,A1100003,21
2026-07-28 06:01:22,data_go_kr,서울특별시,A1100007,연세대학교의과대학세브란스병원,13,20260728055956,02-2227-7777,Y,Y,,,1,1,,,,8,,,,,,,,6,1,9,3,,5,1,14,2,,1,,,0,1,Y,Y,Y,2,,,Y,,Y,Y,2,0,Y,Y,Y,221,Y,6,Y,Y,10,3,N1,39,8,1,3,,29,24,52,22,2,10,29,,23,17,18,5,,6,,3,,20,30,8,16,16,17,206,55,61,21,16,21,1,,1872,,,1,1,,,,,,,,,,,,,Y,Y,A1100007,22
2026-07-28 06:01:22,data_go_kr,서울특별시,A1100012,학교법인가톨릭학원가톨릭대학교서울성모병원,-10,20260728060016,02-2258-2370,Y,Y,1,2,1,1,,,,7,,,,,,,,3,,12,,,0,1,0,11,,0,,,14,2,Y,,Y,13,,,Y,,Y,Y,,5,Y,Y,Y,85,Y,0,Y,Y,5,32,N1,28,7,,,,22,22,50,3,2,,19,,10,8,5,18,,6,,32,,35,10,2,9,10,8,80,40,39,11,9,4,,,1059,1,5,1,1,,,,,,,,,,,,,Y,Y,A1100012,23
2026-07-28 06:01:22,data_go_kr,서울특별시,A1100009,재단법인아산사회복지재단서울아산병원,5,20260728055815,02-3010-3333,Y,Y,,,2,0,1,1,,1,,,,,,,,7,1,5,9,1,1,0,4,9,0,0,,,7,3,Y,,Y,3,,,Y,,Y,Y,4,2,Y,Y,Y,132,Y,3,Y,Y,10,4,Y,36,11,1,22,2,24,37,61,26,2,13,12,,12,12,12,47,4,6,,4,,28,8,8,21,15,17,190,33,49,30,14,5,,1,2089,,,2,1,1,6,,,,,,,,,,,Y,Y,A1100009,24
2026-07-28 06:01:22,data_go_kr,서울특별시,A1100011,가톨릭대학교여의도성모병원,14,20260728060015,02-3779-1199,,,,,,,,,,2,,,,,,,,,1,0,4,,,,,1,,,,,,1,Y,,Y,1,,,Y,,Y,Y,,,Y,Y,Y,77,Y,,N1,Y,,13,N1,15,,1,4,,11,9,,,,,9,,,,,1,,,,13,,,1,2,2,2,2,23,,,5,2,2,,,330,,,,,,,,,,,,,,,,,Y,N1,A1100011,25
2026-07-28 06:01:22,data_go_kr,서울특별시,A1100055,한림대학교강남성심병원,17,20260728055711,02-829-5119,Y,Y,,,,,,,,0,,,,,,,,3,1,6,4,,,,1,2,,,,,,,Y,,Y,,,,Y,,Y,Y,,,Y,Y,Y,126,Y,,Y,Y,0,14,N1,20,3,1,4,,21,25,12,,,,,,10,,,7,,,,14,,,,3,3,3,3,54,21,22,13,3,2,,,496,,,,,,,,,,,,,,,,,Y,Y,A1100055,26
2026-07-28 06:01:22,data_go_kr,서울특별시,A1100054,성애의료재단성애병원,13,20260728055959,02-840-7115,Y,Y,,,,,,,,,,,,,,,,,1,,4,,,,,1,,,,,,,Y,,Y,,,,Y,,Y,Y,,,Y,Y,N1,34,N1,0,Y,Y,2,5,N1,15,,1,4,,,,4,,,,,,,,19,1,,,,5,,,,2,2,2,1,8,5,14,2,,,,,252,,,,,,,,,,,,,,,,,Y,Y,A1100054,27
2026-07-28 06:01:22,data_go_kr,서울특별시,A1100004,순천향대학교부속서울병원,15,20260728060027,02-709-9117,Y,Y,,,,,,,,,,,0,,0,,0,4,1,,2,,,,,0,,,,,9,2,Y,,Y,,,,Y,,Y,Y,,,Y,Y,Y,115,Y,2,Y,Y,1,13,N1,20,4,1,2,,,,13,,,,,,,,45,10,,,,14,,21,4,7,3,3,4,51,8,17,14,5,3,,,600,,,,,,,,,,0,,0,,0,,,Y,Y,A1100004,28
2026-07-28 06:01:22,data_go_kr,서울특별시,A1121013,가톨릭대학교은평성모병원,12,20260728060017,02-1811-7755,Y,Y,,,,,,,,0,,,,,,,,7,2,0,2,,,,4,0,,,,,,1,Y,,Y,0,,,Y,,Y,Y,,,Y,Y,Y,63,Y,,Y,Y,6,19,N1,24,8,2,2,,16,9,19,,,,13,,12,,,4,,,,19,,,5,1,4,3,5,46,19,22,10,5,20,,,651,,,,,,,,,,,,,,,,,Y,Y,A1121013,29
2026-07-28 06:01:22,data_go_kr,서울특별시,A1100006,강북삼성병원,9,20260728060035,02-2001-1000,Y,Y,,,,,,,,,,,,,,,,2,1,1,2,,,,,1,,,,,7,2,Y,,Y,2,,,Y,,Y,Y,,2,Y,Y,Y,37,Y,4,Y,Y,1,16,N1,15,2,1,2,,,4,7,,,,12,,,8,24,5,,,,16,,18,3,1,5,4,6,54,13,14,8,4,3,,,526,,,,,,,,,,,,,,,,,Y,Y,A1100006,30
2026-07-28 06:01:22,data_go_kr,서울특별시,A1100052,국립중앙의료원,12,20260728055804,02-2276-2114,N,Y,,,,,,,,,,0,,,0,0,5,3,2,0,3,1,,,,2,0,,8,2,,4,Y,,Y,,2,6,Y,11,Y,Y,,,Y,Y,Y,0,Y,1,Y,Y,,7,N1,15,3,2,3,6,,0,,,,,,20,,,13,2,0,,50,7,2,,7,1,1,1,2,56,1,3,5,5,2,,,202,,,,,,,,,0,,,0,0,5,2,6,Y,N,A1100052,31
2026-07-28 06:01:22,data_go_kr,서울특별시,A1100036,부민병원,9,20260728055545,02-2620-0119,,Y,,,,,,,,,,,,,,,,,1,,,,,,,0,,,,,,0,Y,,Y,,,,Y,,Y,Y,,,Y,Y,Y,52,N1,3,Y,Y,,8,N1,10,,1,,,,,,,,,,,,,14,1,,,,8,,,3,1,3,3,1,22,,1,2,1,,,,282,,,,,,,,,,,,,,,,,Y,N1,A1100036,32
2026-07-28 06:01:22,data_go_kr,서울특별시,A1100051,혜민병원,9,20260728055546,02-2049-9119,,,,,,,,,,,,,,,,,,,1,,,,,,,,,,,,,,,,Y,,,,,,Y,N1,,,Y,Y,N1,33,N1,3,N1,Y,,5,N1,9,,1,,,,,,,,,,,,,19,,,,,5,,,,,2,2,,16,,,2,,,,,205,,,,,,,,,,,,,,,,,Y,N1,A1100051,33
2026-07-28 06:01:22,data_go_kr,서울특별시,A1100026,구로성심병원,7,20260728055953,02-2067-1515,,,,,,,,,,,,,,,,,,,,,1,,,,,,,,,,,,,,Y,,,,,,Y,N1,,,N1,Y,N1,39,N1,3,N1,Y,,3,N1,9,,,1,,,,,,,,,,,,11,,,,,3,,,,,1,1,,5,,,,,,,,191,,,,,,,,,,,,,,,,,Y,N1,A1100026,34
2026-07-28 06:01:22,data_go_kr,서울특별시,A1100049,희명병원,10,20260728055740,02-809-0122,,,,,,,,,,,,,,,,,,,,,1,,,,,,,,,,,,,,Y,,,,,,Y,N1,,,Y,Y,Y,113,N1,2,N1,Y,,4,N1,10,,,1,,,,,,,,,,,,19,,,,,4,,,,,1,1,,9,,,1,1,,,,228,,,,,,,,,,,,,,,,,Y,N1,A1100049,35
2026-07-28 06:01:22,data_go_kr,서울특별시,A1100027,한국원자력의학원원자력병원,9,20260728055602,02-970-2620,,Y,,,,,,,,,,,,,,,1,,1,,1,,,,,1,,,,,,1,Y,,Y,,,,Y,,Y,Y,,,Y,Y,N1,192,N1,6,Y,Y,,10,N1,9,,1,1,,,,,,,,,,,,10,1,,,,10,,,1,1,4,2,1,16,,2,1,,,,,444,,,,,,,,,,,,,,1,,,Y,N1,A1100027,36
2026-07-28 06:01:22,data_go_kr,서울특별시,A1100022,서울특별시동부병원,8,20260728060020,02-920-9119,,Y,,,,,,,,,,,,,,,,,1,,1,,,,,1,,,,,,,Y,,Y,,,,,,Y,N1,,,Y,Y,N1,22,N1,1,Y,Y,,3,N1,8,,1,1,,,,,,,,,,,,8,1,,,,3,,,,1,1,1,,7,,1,1,,,,,195,,,,,,,,,,,,,,,,,Y,N1,A1100022,37
2026-07-28 06:01:22,data_go_kr,서울특별시,A1100050,서울성심병원,16,20260728055948,02-966-1616,,,,,,,,,,,,,,,,,,,1,,2,,,,,,,,,,,,,,Y,,,,,,Y,N1,,,N1,Y,N1,68,N1,7,N1,Y,,6,N1,17,,1,2,,,,,,,,,,,,10,,,,,6,,,,,1,1,,11,,,,,,,,208,,,,,,,,,,,,,,,,,Y,N1,A1100050,38
2026-07-28 06:01:22,data_go_kr,서울특별시,A1100025,의료법인동신의료재단동신병원,8,20260728055808,02-396-9161,N,N,,,,,,,,,,,,,,,,,,,1,,,,,,,,,,,,N,N,Y,,,,N,,Y,N,,,Y,Y,N,46,N,4,N,Y,,3,N,9,,,1,,,,,,,,,,,,9,,,,,3,,,,0,1,1,0,7,0,0,1,0,0,0,0,196,,,,,,,,,,,,,,,,,Y,N,A1100025,39
2026-07-28 06:01:22,data_go_kr,서울특별시,A1122033,기쁨병원,4,20260728060024,02-570-1212,,,,,,,,,,,,,,,,,,,,,1,,,,,,,,,,,,,,Y,,,,Y,,Y,Y,,,N1,Y,N1,51,N1,,N1,Y,,8,N1,4,,,1,,,,,,,,,,,,,,,,,8,,,,,2,2,1,1,,,,,,,,110,,,,,,,,,,,,,,,,,Y,N1,A1122033,40
2026-07-28 06:01:22,data_go_kr,서울특별시,A1100039,경찰병원,3,20260728060003,02-3400-1300,,,,,,,,,,,,,,,,,1,,1,,,,,,,2,,,,,,2,,,Y,,,,,,Y,N1,,,Y,Y,N1,125,N1,14,N1,Y,,7,N1,3,,1,,,,,,,,,,,,,14,2,,,,7,,,2,,2,3,,10,,,2,,,,,187,,,,,,,,,,,,,,1,,,Y,N1,A1100039,41
2026-07-28 06:01:22,data_go_kr,서울특별시,A1100019,홍익병원,7,20260728060001,02-2600-0777,,,,,,,,,,,,,,,,,,,,,1,,,,,0,,,,,,1,,,Y,,,,Y,,Y,Y,,,N,Y,N1,43,N1,7,N1,Y,,4,N1,9,,,1,,,,,,,,,,,,14,1,,,,4,,,1,,4,2,2,7,,,1,,,,,251,,,,,,,,,,,,,,,,,Y,N1,A1100019,42
2026-07-28 06:01:22,data_go_kr,서울특별시,A1100223,서울특별시서남병원,17,20260728060000,02-6300-9129,,,,,,,,,,,,,,,,0,,,1,,1,2,,,,1,0,,,,,4,,,Y,,,,,,Y,N1,,,Y,Y,Y,52,Y,7,N1,Y,,4,N1,17,,1,2,2,,,,,,,,,,,17,1,3,,,4,,,4,,2,1,,16,,,1,1,1,,,275,,,,,,,,,,,,,0,,,,Y,N1,A1100223,43
2026-07-28 06:01:22,data_go_kr,서울특별시,A1100024,명지성모병원,7,20260728055929,02-829-7800,,,,,,,,,,,,,,,,,,,1,,0,,,,,1,,,,,,,,,Y,,,,Y,,Y,Y,,,N1,Y,N1,72,N1,5,N1,Y,,3,N1,8,,1,1,,,,,,,,,,,,12,1,,,,3,,,,,1,3,2,7,,,,,,,,212,,,,,,,,,,,,,,,,,Y,N1,A1100024,44
2026-07-28 06:01:22,data_go_kr,서울특별시,A1100037,대림성모병원,6,20260728055546,02-829-9129,,,,,,,,,,,,,,,,,,,,,2,,,,,,,,,,,,,,Y,,,,,,Y,N1,,,N1,Y,N1,37,N1,,N1,Y,,4,N1,8,,,2,,,,,,,,,,,,,,,,,4,,,,,1,1,,1,,,,,,,,113,,,,,,,,,,,,,,,,,Y,N1,A1100037,45
2026-07-28 06:01:22,data_go_kr,서울특별시,A1100045,씨엠병원,9,20260728054500,070-4698-7811,,,,,,,,,,,,,,,,,,,,,1,,,,,,,,,,,,,,Y,,,,,,Y,N1,,,N1,Y,N1,39,N1,,N1,Y,,5,N1,9,,,1,,,,,,,,,,,,,,,,,5,,,,,2,2,,6,,,,,,,,110,,,,,,,,,,,,,,,,,Y,N1,A1100045,46
2026-07-28 06:01:22,data_go_kr,서울특별시,A1100023,의료법인청구성심병원,8,20260728055849,02-383-0129,,,,,,,,,,,,,,,,,,,,,1,,,,,,,,,,,,,,Y,,,,,,Y,N1,,,N1,Y,N1,6,N1,1,N1,Y,,3,N1,10,,,1,,,,,,,,,,,,6,,,,,3,,,,,1,1,,4,,,,,,,,196,,,,,,,,,,,,,,,,,Y,N1,A1100023,47
2026-07-28 06:01:22,data_go_kr,서울특별시,A1100029,서울적십자병원,10,20260728055902,02-2002-8888,,,,,,,,,,,,,,,,,,,1,,,,,,,,,,,,,,,,Y,,,,,,Y,N1,,,Y,Y,N1,81,N1,8,N1,Y,,6,N1,10,,1,,,,,,,,,,,,,12,,,,,6,,,,,1,1,,11,,,2,,,,,260,,,,,,,,,,,,,,,,,Y,N1,A1100029,48
2026-07-28 06:01:22,data_go_kr,서울특별시,A1100032,세란병원,10,20260728055842,02-737-0181,,,,,,,,,,,,,,,,,,,,,1,,,,,,,,,,,,,,Y,,,,,,Y,N1,,,N1,Y,N1,19,N1,,N1,Y,,13,N1,10,,,1,,,,,,,,,,,,,,,,,13,,,,,3,5,,3,,,,,,,,205,,,,,,,,,,,,,,,,,Y,N1,A1100032,49
2026-07-28 06:01:22,data_go_kr,서울특별시,A1100075,의료법인풍산의료재단동부제일병원,4,20260728055512,02-490-8880,,,,,,,,,,,,,,,,,,,,,1,,,,,,,,,,,,,,Y,,,,,,Y,N1,,,N1,Y,N1,39,N1,,N1,N,,2,N1,7,,,1,,,,,,,,,,,,,,,,,2,,,,,1,1,,3,,,,,,,,124,,,,,,,,,,,,,,,,,Y,N1,A1100075,50
2026-07-28 06:01:22,data_go_kr,서울특별시,A1100044,녹색병원,5,20260728060009,02-490-2113,,,,,,,,,,,,,,,,,,,1,,4,,,,,2,,,,,,0,Y,,Y,,,,,,Y,N1,,,Y,Y,N1,76,N1,7,N1,Y,,3,N1,5,,1,4,,,,,,,,,,,,17,3,,,,3,,,3,1,2,1,,22,,,1,,,,,293,,,,,,,,,,,,,,,,,Y,N1,A1100044,51
2026-07-28 06:01:22,data_go_kr,부산광역시,A1200003,동아대학교병원,20,20260728055710,051-240-5300,Y,Y,2,5,,,,1,1,,,,,,,,,3,,,,9,,,2,5,8,,,,6,1,Y,,Y,1,,,Y,,Y,Y,4,5,Y,Y,Y,79,Y,6,Y,Y,6,18,N1,26,3,,,16,,,20,,,8,13,,11,7,18,6,30,,,18,,18,3,4,5,3,4,76,11,30,16,4,4,,,738,2,6,,,,4,1,,,,,,,,,,Y,Y,A1200003,1
2026-07-28 06:01:22,data_go_kr,부산광역시,A1200022,인제대학교 해운대백병원,26,20260728055517,051-797-0135,Y,Y,,,,,3,2,,8,,,,,,,,2,2,8,3,7,,,,1,5,,,,,1,Y,Y,Y,,,,Y,,Y,Y,,,Y,Y,Y,30,Y,,Y,Y,0,22,N1,29,3,2,3,12,28,27,23,,,,,,,,,2,30,,,22,,,7,2,5,3,4,72,8,40,17,9,11,1,,710,,,,,5,3,,,,,,,,,,,Y,Y,A1200022,2
2026-07-28 06:01:22,data_go_kr,부산광역시,A1200018,대동병원,7,20260728055750,051-550-9391,,,,,,,,,,,,,,,,,,3,1,,2,,,,,0,,,,,,1,,,Y,,,,Y,,Y,Y,,,Y,Y,N1,48,N1,0,N1,Y,,6,N1,15,3,1,2,,,,,,,,,,,,21,1,,,,6,,,1,,2,1,1,10,,,1,,,,,401,,,,,,,,,,,,,,,,,Y,N1,A1200018,3
2026-07-28 06:01:22,data_go_kr,부산광역시,A1200020,의료법인 온그룹의료재단 온병원,18,20260728055546,051-607-0139,,,,,,,,,,,,,,,,,,,1,,2,,,,,1,,,,,,6,,,Y,,,,Y,,Y,Y,,,Y,Y,N1,132,N1,7,N1,Y,,9,Y,20,,1,2,,,,,,,,,,,,23,1,,,,9,,,6,,4,2,2,7,,,1,,,,1,585,,,,,,,,,,,,,,,,,Y,N1,A1200020,4
2026-07-28 06:01:22,data_go_kr,부산광역시,A1200001,인제대학교부산백병원,16,20260728060013,051-890-5995,Y,Y,,,,,,,,4,,,,,,,,,1,1,2,,,,2,1,,,,,4,1,Y,,Y,1,,,Y,,Y,Y,,,Y,Y,Y,88,Y,2,Y,Y,-1,17,Y,18,,1,2,,19,18,35,,,,12,,6,,10,1,,,,17,,20,8,4,5,3,6,68,19,38,16,3,7,,2,691,,,,,,,,,,,,,,,,,Y,Y,A1200001,5
2026-07-28 06:01:22,data_go_kr,부산광역시,A1200005,의료법인 은성의료재단 좋은삼선병원,10,20260728055941,051-310-9119,,,,,,,,,,,,,,,,,3,1,1,,2,,,,0,1,,,,,,2,,,Y,0,,,Y,,Y,Y,,,Y,Y,N1,10,N1,6,N1,Y,,7,N1,13,1,1,2,,,,,,,,5,,4,,19,2,,,,7,,,2,,2,2,2,11,,,1,,,,,375,,,,,,,,,,,,,,3,,,Y,N1,A1200005,6
2026-07-28 06:01:22,data_go_kr,부산광역시,A1200004,고신대학교복음병원,8,20260728060022,051-990-6200,Y,Y,0,4,,,,,,6,,,,,,,,,,7,,,,,6,5,,,,,14,1,Y,,Y,3,,,Y,,Y,Y,1,,Y,Y,Y,79,Y,,Y,Y,14,12,Y,25,,,,,13,8,18,,,5,13,,16,,,7,,,,13,,14,1,7,3,3,5,53,13,19,14,3,1,,1,685,1,4,,,,,,,,,,,,,,,Y,Y,A1200004,7
2026-07-28 06:01:22,data_go_kr,부산광역시,A1200002,부산대학교병원,14,20260728060000,051-240-7776,Y,Y,,,,,0,,,2,,,,0,0,0,,3,1,,1,-4,,,,3,3,,23,2,8,4,Y,,Y,0,2,12,Y,21,Y,Y,,,Y,Y,Y,302,Y,8,Y,Y,-1,26,N,17,3,1,2,2,10,,20,,,,0,42,,,24,4,3,,82,26,2,19,10,12,9,6,10,100,17,17,21,9,21,,1,901,,,,,2,,,,,,0,0,0,,2,12,Y,Y,A1200002,8
2026-07-28 06:01:22,data_go_kr,부산광역시,A1200007,비에이치에스한서병원,15,20260728060019,051-998-1119,,,,,,,,,,,,,,,,,,,1,,2,2,,,,,3,,,,,,,,Y,,,,Y,,Y,Y,,,Y,Y,Y,60,N1,3,N1,Y,,4,N1,17,,1,2,2,,,,,,,,,,,14,,3,,,4,,,,,1,1,2,11,,,1,1,,,,285,,,,,,,,,,,,,,,,,Y,N1,A1200007,9
2026-07-28 06:01:22,data_go_kr,부산광역시,A1200028,(의)서일의료재단기장병원,8,20260728060004,051-723-2119,,,,,,,,,,,,,,,,,,,,,1,,,,,,,,,,,,,,Y,,,,,,Y,N1,,,N1,Y,N1,12,N1,,N1,Y,,3,N1,9,,,1,,,,,,,,,,,,,,,,,3,,,,,1,1,,1,,,,,,,,154,,,,,,,,,,,,,,,,,Y,N1,A1200028,10
2026-07-28 06:01:22,data_go_kr,부산광역시,A1200015,동남권원자력의학원원자력병원,8,20260728055800,051-720-5911,,,,,,,,,,,,,,,,,,,1,,,,,,,,,,,,,,,,Y,,,,Y,,Y,Y,,,Y,Y,Y,65,N1,8,N1,Y,,8,N1,9,,1,,,,,,,,,,,,,12,,,,,8,,,,,2,2,2,12,,,1,0,,,,261,,,,,,,,,,,,,,,,,Y,N1,A1200015,11
2026-07-28 06:01:22,data_go_kr,부산광역시,A1200013,부산성모병원(재단법인 천주교부산교구유지재단),9,20260728060012,051-933-7119,Y,Y,,,,,,,,,,,,,,,4,4,1,,,,,,,2,,,,,,1,,,Y,,,,,,Y,N1,,,Y,Y,N1,44,N1,9,Y,Y,6,7,N1,10,4,1,,,,,10,,,,,,,,18,2,,,,7,,,2,,1,1,,6,14,13,1,,,,,373,,,,,,,,,,,,,,4,,,Y,Y,A1200013,12
2026-07-28 06:01:22,data_go_kr,부산광역시,A1200026,좋은문화병원,5,20260728060019,051-630-0909,Y,Y,,,,,,,,,,,,,,,,2,1,,1,,,,,,,,,,,1,Y,,Y,,,,,,Y,N1,,,N1,Y,N1,30,N1,3,Y,Y,0,0,Y,7,2,1,2,,,,12,,,,,,,,8,,,,,8,,,2,8,2,2,,3,6,17,,,,,1,270,,,,,,,,,,,,,,,,,Y,Y,A1200026,13
2026-07-28 06:01:22,data_go_kr,부산광역시,A1200017,의료법인정화의료재단 봉생기념병원,8,20260728055214,051-664-4119,,,,,,,,,,1,,,,,,,,,,0,2,,,,,,,,,,2,1,,,Y,,,,Y,,Y,Y,,,Y,Y,N1,30,N1,,N1,Y,,8,N1,9,,,2,,11,11,,,,,,,,,,,,,,8,,31,1,,1,2,2,11,,,4,,,,,335,,,,,,,,,,,,,,,,,Y,N1,A1200017,14
2026-07-28 06:01:22,data_go_kr,부산광역시,A1200011,동래봉생병원,5,20260728055753,051-520-5700,,,,,,,,,,,,,,,,,,,1,,1,,,,,2,,,,,,,,,Y,,,,Y,,Y,Y,,,Y,Y,N1,17,N1,2,N1,Y,,7,N1,8,,1,1,,,,,,,,,,,,18,2,,,,7,,,,,1,2,2,11,,,1,,,,,241,,,,,,,,,,,,,,,,,Y,N1,A1200011,15
2026-07-28 06:01:22,data_go_kr,부산광역시,A1200009,의료법인 광혜의료재단 광혜병원,8,20260728055807,051-504-2119,,,,,,,,,,,,,,,,,,,2,,1,,,,,,,,,,,1,,,Y,,,,,,Y,N1,,,N1,Y,N1,63,N1,1,N1,Y,,3,N1,9,,2,1,,,,,,,,,,,,9,,,,,3,,,1,,1,1,,4,,,,,,,,190,,,,,,,,,,,,,,,,,Y,N1,A1200009,16
2026-07-28 06:01:22,data_go_kr,부산광역시,A1200019,학교법인)동의병원,14,20260728055701,051-850-8777,,,,,,,,,,,,,,,,,,,,,1,,,,,,,,,,,,,,Y,,,,Y,,Y,Y,,,Y,Y,Y,91,N1,15,N1,Y,,1,N1,14,,,1,,,,,,,,,,,,23,,,,,5,,,,,2,2,2,7,,,2,1,,,,448,,,,,,,,,,,,,,,,,Y,N1,A1200019,17
2026-07-28 06:01:22,data_go_kr,부산광역시,A1200025,학교법인 춘해병원,8,20260728055816,051-608-0119,,,,,,,,,,,,,,,,,,,,,1,,,,,,,,,,,,,,Y,,,,,,Y,N1,,,N1,Y,N1,54,N1,,N1,Y,,4,N1,9,,,1,,,,,,,,,,,,,,,,,4,,,,,1,1,,3,,,,,,,,201,,,,,,,,,,,,,,,,,Y,N1,A1200025,18
2026-07-28 06:01:22,data_go_kr,부산광역시,A1200045,구포성심병원,7,20260728060025,051-330-2090,,,,,,,,,,,,,,,,,,,,,1,,,,,,,,,,,,,,Y,,,,Y,,Y,Y,,,N1,Y,N1,19,N1,,N1,Y,,4,N1,9,,,1,,,,,,,,,,,,,,,,,4,,,,,1,1,1,4,,,,,,,,243,,,,,,,,,,,,,,,,,Y,N1,A1200045,19
2026-07-28 06:01:22,data_go_kr,부산광역시,A1200006,의료법인 인당의료재단 부민병원,7,20260728055545,051-330-3129,,,,,,,,,,,,,,,,,,,1,,1,,,,,1,,,,,,,,,Y,,,,Y,,Y,Y,,,Y,Y,N1,4,N1,1,N1,Y,,8,N1,10,,1,1,,,,,,,,,,,,18,1,,,,8,,,,,2,3,1,7,,,1,,,,,366,,,,,,,,,,,,,,,,,Y,N1,A1200006,20
2026-07-28 06:01:22,data_go_kr,부산광역시,A1200016,한국보훈복지의료공단 부산보훈병원,11,20260728055759,051-601-6183,,,,,,,,,,,,,,,,,,,1,,1,,,,,1,,,,,,,,,Y,,,,Y,,Y,Y,,,N1,Y,N1,22,N1,5,N1,Y,,7,N1,11,,1,1,,,,,,,,,,,,9,1,,,,7,,,,,2,3,2,11,,,,,,,,452,,,,,,,,,,,,,,,,,Y,N1,A1200016,21
2026-07-28 06:01:22,data_go_kr,부산광역시,A1200021,삼육부산병원,4,20260728055831,051-600-7750,,Y,,,,,,,,,,,,,,,,,0,,,,,,,0,,,,,,,Y,,Y,,,,Y,,Y,Y,,,Y,Y,Y,3,N1,-1,Y,Y,,,N1,9,,1,,,,,,,,,,,,,14,1,,,,,,,,1,2,1,1,9,,1,2,1,,,,302,,,,,,,,,,,,,,,,,Y,N1,A1200021,22
2026-07-28 06:01:22,data_go_kr,부산광역시,A1200008,의료법인 은성의료재단 좋은강안병원,16,20260728055947,051-610-9119,,,,,,,,,,,,,,,,,,,1,,2,,,,,1,,,,,,1,,,Y,,,,Y,,Y,Y,,,Y,Y,Y,66,N1,4,N1,Y,,11,N1,18,,1,2,,,,,,,,,,,,30,2,,,,11,,,3,,4,3,3,12,,,5,1,,,,535,,,,,,,,,,,,,,,,,Y,N1,A1200008,23
2026-07-28 06:01:22,data_go_kr,부산광역시,A1200098,의료법인 센텀의료재단 센텀종합병원,9,20260728060007,051-750-5119,,,,,,,,,,,,,,,,,,,,,1,,,,,1,,,,,,,,,Y,,,,Y,,Y,Y,,,N1,Y,N1,3,N1,0,N1,Y,,9,N1,9,,,1,,,,,,,,,,,,16,1,,,,9,,,,,2,2,1,11,,,,,,,,338,,,,,,,,,,,,,,,,,Y,N1,A1200098,24
2026-07-28 06:01:22,data_go_kr,부산광역시,A1200024,부산광역시의료원,16,20260728055919,051-607-2140,,N,,,,,,,,4,,,,,,,,,1,5,1,,,,,,,,,,7,5,N,,Y,,,,Y,,Y,Y,,,Y,Y,N1,109,N1,,N,Y,,7,N1,18,,1,1,,13,14,,,,,,,,,,,,,,7,,29,7,1,1,1,2,19,,2,4,,,,,398,,,,,,,,,,,,,,,,,Y,N1,A1200024,25
2026-07-28 06:01:22,data_go_kr,부산광역시,A1200012,의료법인 행도의료재단 해동병원,6,20260728055936,051-410-6688,,,,,,,,,,,,,,,,,,,1,,,,,,,,,,,,,0,,,Y,,,,,,Y,N1,,,Y,Y,N1,23,N1,2,N1,Y,,3,Y,6,,1,,,,,,,,,,,,,9,,,,,3,,,0,,1,1,,5,,,1,,,,12,256,,,,,,,,,,,,,,,,,Y,N1,A1200012,26
2026-07-28 06:01:22,data_go_kr,부산광역시,A1200014,영도병원,6,20260728055719,051-419-7575,,,,,,,,,,,,,,,,,,,1,,1,,,,,,,,,,,,,,Y,,,,,,Y,N1,,,N1,Y,N1,18,N1,1,N1,Y,,3,N1,7,,1,1,,,,,,,,,,,,10,,,,,3,,,,,1,1,,7,,,,,,,,217,,,,,,,,,,,,,,,,,Y,N1,A1200014,27
2026-07-28 06:01:22,data_go_kr,부산광역시,A1200023,재단법인천주교부산교구유지재단 메리놀병원,8,20260728060010,051-461-2300,,,,,,,,,,,,,,,,,,,,,0,,,,,0,,,,,,,Y,,Y,,,,Y,,Y,Y,,,Y,Y,N1,77,N1,2,N1,Y,,8,N1,9,,,1,,,,,,,,,,,,18,1,,,,8,,,,1,1,1,1,9,,,2,,,,,380,,,,,,,,,,,,,,,,,Y,N1,A1200023,28
2026-07-28 06:01:22,data_go_kr,부산광역시,A1205143,의료법인 인당의료재단 해운대부민병원,6,20260728055545,051-602-8119,,,,,,,,,,,,,,,,,,,1,,,,,,,0,,,,,,1,,,Y,,,,Y,,Y,Y,,,Y,Y,N1,9,N1,4,N1,Y,,8,Y,9,,1,,,,,,,,,,,,,19,2,,,,8,,,3,,2,2,1,10,,,1,,,,1,360,,,,,,,,,,,,,,,,,Y,N1,A1205143,29
2026-07-28 06:01:22,data_go_kr,대구광역시,A1300001,영남대학교병원,18,20260728055737,053-620-3177,Y,Y,,0,,,0,3,,1,0,,,,,,,3,2,7,3,6,,,0,4,2,,,,11,5,Y,,Y,5,,,Y,,Y,Y,,,Y,Y,Y,95,Y,,Y,Y,-1,23,Y,28,3,2,3,21,10,15,15,,,,14,,7,,,13,30,,,23,,20,7,2,4,4,4,75,5,11,8,5,5,,1,704,,0,,,1,3,,0,,,,,,,,,Y,Y,A1300001,1
2026-07-28 06:01:22,data_go_kr,대구광역시,A1300002,경북대학교병원,12,20260728055706,053-200-5100,Y,Y,2,3,,,,,,2,,,,,,,,4,,4,,9,,,7,,32,,11,2,8,1,Y,,Y,2,2,4,Y,3,Y,Y,0,4,Y,Y,Y,136,Y,,Y,Y,1,17,N1,25,4,,,20,7,7,15,,,6,7,20,10,11,,,44,,40,17,2,20,5,2,5,5,5,82,8,11,11,9,5,,,582,2,3,,,,,,,,,,,,,2,6,Y,Y,A1300002,2
2026-07-28 06:01:22,data_go_kr,대구광역시,A1300004,대구가톨릭대학교병원,5,20260728055754,053-650-3000,Y,Y,,,,,,,,2,,,,,,,,,1,5,3,,,,,2,,,,,2,4,Y,Y,Y,8,,,Y,,Y,Y,,,Y,Y,Y,223,Y,0,Y,Y,2,19,N1,24,,1,3,,15,25,42,,,,16,,,,0,6,,,,19,,20,9,2,3,3,5,58,20,32,8,3,4,1,,704,,,,,,,,,,,,,,,,,Y,Y,A1300004,3
2026-07-28 06:01:22,data_go_kr,대구광역시,A1300003,계명대학교동산병원,8,20260728055953,053-258-6306,Y,Y,,,,,,,,3,,,,,,,,,2,0,1,,3,,,0,9,,,,3,2,Y,Y,Y,2,,,Y,,Y,Y,6,,Y,Y,Y,191,Y,1,Y,Y,3,24,Y,20,,2,3,,11,13,39,7,,8,15,,,,10,4,20,,,24,,20,16,6,6,5,7,56,13,37,9,4,14,1,2,769,,,,,,,,,,,,,,,,,Y,Y,A1300003,4
2026-07-28 06:01:22,data_go_kr,대구광역시,A1300009,대구파티마병원,4,20260728060001,053-940-7119,Y,Y,,,,,,,,2,,,,,,,,5,2,4,4,1,,,,1,1,,,,,,Y,,Y,8,,,Y,,Y,Y,,,Y,Y,Y,104,Y,,Y,Y,2,17,N1,25,5,2,5,2,17,8,8,,,,12,,,,,9,4,,,17,,,,2,5,3,4,32,11,19,5,1,1,,,539,,,,,,,,,,,,,,,,,Y,Y,A1300009,5
2026-07-28 06:01:22,data_go_kr,대구광역시,A1300010,칠곡경북대학교병원,13,20260728060011,053-200-2100,Y,Y,,,1,1,,,,3,,,,,,,,3,1,7,3,,2,1,,4,0,2,,,11,13,Y,,Y,,,,Y,,Y,Y,,,Y,Y,Y,196,Y,,Y,Y,7,19,N1,23,7,1,3,,10,15,39,10,2,,,,,,,4,0,8,,19,,20,13,2,8,5,8,52,9,27,9,3,1,,,760,,,1,1,,,,,,,,,,,,,Y,Y,A1300010,6
2026-07-28 06:01:22,data_go_kr,대구광역시,A1300034,드림종합병원,7,20260728055800,053-640-8575,,,,,,,,,,,,,,,,,1,,,,1,,,,,,,,,,,,,,Y,,,,Y,,Y,Y,,,Y,Y,Y,13,N1,,N1,N,,3,N1,8,,,1,,,,,,,,,,,,,,,,,3,,,,,2,1,1,2,,,1,1,,,,159,,,,,,,,,,,,,,1,,,Y,N1,A1300034,7
2026-07-28 06:01:22,data_go_kr,대구광역시,A1300006,의료법인구의료재단구병원,9,20260728060016,053-557-7119,,,,,,,,,,,,,,,,,,,,,1,,,,,0,,,,,,,,,Y,,,,,,Y,N1,,,N1,Y,N1,41,N1,8,N1,Y,,9,N1,10,,,1,,,,,,,,,,,,18,1,,,,9,,,,,3,1,,3,,,,,,,,235,,,,,,,,,,,,,,,,,Y,N1,A1300006,8
2026-07-28 06:01:22,data_go_kr,대구광역시,A1300110,더블유병원,10,20260728060029,053-550-5019,,,,,,,,,,,,,,,,,,,,,1,,,,,,,,,,,,,,Y,,,,,,Y,N1,,,N1,Y,N1,31,N1,,N1,N,,8,Y,10,,,1,,,,,,,,,,,,,,,,,8,,,,,1,1,,1,,,,,,,8,431,,,,,,,,,,,,,,,,,Y,N1,A1300110,9
2026-07-28 06:01:22,data_go_kr,대구광역시,A1300011,한국보훈복지의료공단대구보훈병원,12,20260728055537,053-630-7014,,,,,,,,,,,,,,,,,,,1,,1,,,,,1,,,,,,0,,,Y,,,,Y,,Y,Y,,,N1,Y,N1,32,N1,4,N1,Y,,6,N1,12,,1,1,,,,,,,,,,,,13,1,,,,6,,,1,,1,3,2,9,,,,,,,,406,,,,,,,,,,,,,,,,,Y,N1,A1300011,10
2026-07-28 06:01:22,data_go_kr,대구광역시,A1300045,삼일병원,12,20260728060025,053-659-3119,,,,,,,,,,,,,,,,,,,1,,,,,,,,,,,,,,,,Y,,,,Y,,Y,Y,,,N1,Y,N1,27,N1,,N1,N,,4,N1,14,,1,,,,,,,,,,,,,,,,,,4,,,,,3,2,1,3,,,,,,,,299,,,,,,,,,,,,,,,,,Y,N1,A1300045,11
2026-07-28 06:01:22,data_go_kr,대구광역시,A1300038,나사렛종합병원,8,20260728055718,053-643-3119,,,,1,,,,,,,,,,,,,,,,,1,,,,,0,,,,,,,,,Y,,,,Y,,Y,Y,,,Y,Y,N1,25,N1,3,N1,Y,,5,N1,9,,,1,,,,,,,,,,,,28,1,,,,5,,,,,2,2,2,5,,,1,,,,,231,,9,,,,,,,,,,,,,,,Y,N1,A1300038,12
2026-07-28 06:01:22,data_go_kr,대구광역시,A1300018,강남종합병원,14,20260728055757,053-980-9018,,,,,,,,,,,,,,,,,,,1,,,,,,,,,,,,,1,,,Y,,,,,,Y,N1,,,N1,Y,N1,39,N1,,N1,Y,,7,N1,15,,1,,,,,,,,,,,,,,,,,,7,,,1,,2,2,,2,,,,,,,,207,,,,,,,,,,,,,,,,,Y,N1,A1300018,13
2026-07-28 06:01:22,data_go_kr,대구광역시,A1300005,대구가톨릭대학교칠곡가톨릭병원,7,20260728055803,053-320-2111,,,,,,,,,,,,,,,,,,,,,1,,,,,,,,,,,,,,Y,,,,,,Y,N1,,,N1,Y,N1,20,N1,,N1,Y,,3,N1,9,,,1,,,,,,,,,,,,,,,,,3,,,,,2,2,,1,,,,,,,,161,,,,,,,,,,,,,,,,,Y,N1,A1300005,14
2026-07-28 06:01:22,data_go_kr,대구광역시,A1300076,대구굿모닝병원,16,20260728055915,053-620-9119,,,,,,,,,,,,,,,,,,,1,,1,,,,,1,,,,,,,,,Y,,,,Y,,Y,Y,,,N1,Y,N1,59,N1,6,N1,Y,,4,N1,17,,1,1,,,,,,,,,,,,26,1,,,,4,,,,,2,4,2,13,,,,,,,,226,,,,,,,,,,,,,,,,,Y,N1,A1300076,15
2026-07-28 06:01:22,data_go_kr,대구광역시,A1300007,대구의료원,17,20260728055901,053-560-7288,,Y,,,,,,,,,,,,,,,,,1,,1,,,,,0,,,,,2,1,Y,,Y,,,,,,Y,N1,,,N1,Y,N1,37,N1,6,Y,Y,,4,N1,18,,1,1,,,,,,,,,,,,18,1,,,,4,,82,3,1,1,1,,13,,4,,,,,,254,,,,,,,,,,,,,,,,,Y,N1,A1300007,16
2026-07-28 06:01:22,data_go_kr,대구광역시,A1300081,(재)미리내천주성삼성직수도회천주성삼병원,7,20260728060003,053-790-0555,,,,,,,,,,,,,,,,,,,,,1,,,,,,,,,,,,,,Y,,,,,,Y,N1,,,N1,Y,N1,6,N1,,N1,Y,,4,N1,9,,,1,,,,,,,,,,,,,,,,,4,,,,,1,2,,4,,,,,,,,294,,,,,,,,,,,,,,,,,Y,N1,A1300081,17
2026-07-28 06:01:22,data_go_kr,대구광역시,A1300008,곽병원,9,20260728055900,053-605-3333,,,,,,,,,,,,,,,,,,,,,2,,,,,,,,,,,,,,Y,,,,,,Y,N1,,,N1,Y,N1,5,N1,,N1,Y,,4,N1,10,,,2,,,,,,,,,,,,,,,,,4,,,,,1,1,,2,,,,,,,,221,,,,,,,,,,,,,,,,,Y,N1,A1300008,18
2026-07-28 06:01:22,data_go_kr,대구광역시,A1303386,계명대학교대구동산병원,10,20260728055908,053-250-8481,,,,,,,,,,,,,,,,,,,1,,1,,,,,0,,,,,,,N,,Y,,,,Y,,Y,Y,,,Y,Y,N1,26,N,0,N1,Y,,3,N1,12,,1,1,,,,,,,,,,,,7,5,,,,3,,,,0,2,1,1,6,,,6,,0,,,196,,,,,,,,,,,,,,,,,Y,N1,A1303386,19
2026-07-28 06:01:22,data_go_kr,인천광역시,A1400001,의료법인 길의료재단 길병원,16,20260728055735,032-460-3012,Y,Y,2,1,1,1,,0,,5,,,,,2,,,9,,3,,3,,2,0,4,13,2,10,2,9,12,Y,,Y,1,2,6,Y,0,Y,Y,,0,Y,Y,Y,262,Y,,Y,Y,0,3,Y,23,9,,,18,38,11,30,,2,,14,20,6,4,,11,30,6,47,3,2,18,13,3,6,6,7,113,19,40,19,10,6,,1,995,2,3,1,1,,2,,,,,,3,,,2,6,Y,Y,A1400001,1
2026-07-28 06:01:22,data_go_kr,인천광역시,A1400002,인하대학교의과대학부속병원,12,20260728055609,032-890-2301,Y,Y,,,1,1,,,,4,,,,,,,,4,2,0,5,0,0,0,0,1,0,3,,,5,7,Y,Y,Y,,,,Y,,Y,Y,,,Y,Y,Y,69,Y,3,Y,Y,1,15,Y,20,7,2,5,20,25,13,26,3,2,,,,7,,23,3,30,6,,16,,15,7,4,6,3,5,109,17,27,13,9,7,1,2,681,,,1,1,,,,,,,,,,,,,Y,Y,A1400002,2
2026-07-28 06:01:22,data_go_kr,인천광역시,A1400010,검단탑병원,18,20260728055549,032-590-0077,,,,,,,,,,,,,,,,,,,1,,2,,,,,0,,,,,,1,,,Y,,,,Y,,Y,Y,,,Y,Y,N1,18,N1,6,N1,Y,,6,N1,18,,1,2,,,,,,,,,,,,15,3,,,,6,,,2,,2,2,1,11,,,1,,,,,279,,,,,,,,,,,,,,,,,Y,N1,A1400010,3
2026-07-28 06:01:22,data_go_kr,인천광역시,A1403372,인천세종병원,15,20260728060010,032-240-8119,,,,,,,,,,,,,,,,,,,3,,,1,,,,1,0,,,,,3,,,Y,,,,Y,,Y,Y,,,Y,Y,Y,60,Y,5,N1,Y,,7,N1,18,,3,,2,,,,,,,,,,,20,2,3,,,7,,,6,,2,2,3,13,,,4,5,1,,,274,,,,,,,,,,,,,,,,,Y,N1,A1403372,4
2026-07-28 06:01:22,data_go_kr,인천광역시,A1400014,의료법인인성의료재단한림병원,16,20260728055716,032-540-9119,,,,,,,,,,,,,,,,,,,2,,2,,,,,2,,,,,,2,Y,,Y,,,,Y,,Y,Y,,,Y,Y,Y,22,N1,3,N1,Y,,6,N1,17,,2,2,,,,,,,,,,,,21,2,,,,6,,,2,1,3,2,2,20,,,3,3,,,,391,,,,,,,,,,,,,,,,,Y,N1,A1400014,5
2026-07-28 06:01:22,data_go_kr,인천광역시,A1400016,인천사랑병원,9,20260728055754,032-457-2119,,Y,,,,,,,,,,,,,,,4,,1,,2,,,,,1,0,,,,,1,Y,,Y,,,,Y,,Y,Y,,,Y,Y,N1,17,Y,11,Y,Y,,7,N1,14,,1,2,,,,,,,,,,,,17,1,5,,,7,,,1,1,2,1,1,12,,1,2,,1,,,281,,,,,,,,,,,,,,4,,,Y,N1,A1400016,6
2026-07-28 06:01:22,data_go_kr,인천광역시,A1400012,가톨릭대학교 인천성모병원,11,20260728060014,032-280-6107,Y,Y,,,,,,,,0,,,,,,,,2,3,0,3,1,,,,0,,,,,,5,Y,,Y,1,,,Y,,Y,Y,,,Y,Y,Y,13,Y,,Y,Y,0,17,N1,19,4,3,5,12,15,18,13,,,,15,,,,,10,,,,17,,,9,1,4,4,5,53,5,14,11,5,4,,,579,,,,,,,,,,,,,,,,,Y,Y,A1400012,7
2026-07-28 06:01:22,data_go_kr,인천광역시,A1400013,안은의료재단 부평세림병원,13,20260728055944,032-509-5777,,,,,,,,,,,,,,,,,,,1,,3,2,,,,0,1,,,,,2,,,Y,,,,Y,,Y,Y,,,Y,Y,Y,17,N1,7,N1,Y,,4,N1,16,,1,3,2,,,,,,,,,,,11,2,3,,,4,,,2,,3,2,1,9,,,1,1,,,,234,,,,,,,,,,,,,,,,,Y,N1,A1400013,8
2026-07-28 06:01:22,data_go_kr,인천광역시,A1400015,가톨릭관동대학교국제성모병원,11,20260728055914,032-290-3065,Y,Y,4,0,,,,,,3,,,18,,,,,3,0,,0,,,,,,,,,,3,3,Y,,Y,-2,,,Y,,Y,Y,,,Y,Y,N,178,Y,,Y,Y,,11,N1,23,3,0,0,,40,,,,,,13,,,,,,,,,11,,11,3,2,3,2,3,34,2,11,6,2,1,,,641,5,0,,,,,,,,21,,,,,,,Y,Y,A1400015,9
2026-07-28 06:01:22,data_go_kr,인천광역시,A1400003,의료법인 루가의료재단 나은병원,9,20260728055714,032-584-4119,,Y,,,,,,,,3,,,,,,,7,,1,4,2,,,,,3,,,,,,8,Y,,Y,,,,Y,,Y,Y,,,Y,Y,Y,86,Y,,Y,Y,,10,N1,11,,1,2,,14,13,,,,,,,,,,3,,,,10,,,9,1,2,2,3,17,,1,3,1,1,,,367,,,,,,,,,,,,,,7,,,Y,N1,A1400003,10
2026-07-28 06:01:22,data_go_kr,인천광역시,A1400011,의료법인 나사렛의료재단 나사렛국제병원,16,20260728055908,032-899-9699,,,,,,,,,,,,,,,,,,,1,,2,,,,,0,,,,,,,,,Y,,,,Y,,Y,Y,,,Y,Y,N1,43,N1,3,N1,Y,,5,N1,17,,1,2,,,,,,,,,,,,16,1,,,,5,,,,,2,2,2,8,,,2,,,,,282,,,,,,,,,,,,,,,,,Y,N1,A1400011,11
2026-07-28 06:01:22,data_go_kr,인천광역시,A1403617,비에스종합병원,9,20260728055615,032-290-0119,,Y,,,,,,,,,,,,,,,,,1,,,,,,,0,,,,,,,Y,,Y,,,,Y,,Y,Y,,,Y,Y,N1,90,N1,9,Y,N1,0,2,N1,10,,1,,,,,1,,,,,,,,18,1,,,,2,,,,1,1,,1,6,,1,1,,,,,180,,,,,,,,,,,,,,,,,Y,N1,A1403617,12
2026-07-28 06:01:22,data_go_kr,인천광역시,A1400005,온누리병원,8,20260728055612,032-568-9112,,,,,,,,,,,,,,,,,,,1,,1,,,,,,,,,,,,,,Y,,,,,,Y,N1,,,N1,Y,N1,41,N1,,N1,Y,,3,N1,9,,1,1,,,,,,,,,,,,,,,,,3,,,,,1,1,,5,,,,,,,,190,,,,,,,,,,,,,,,,,Y,N1,A1400005,13
2026-07-28 06:01:22,data_go_kr,인천광역시,A1403871,인천힘찬종합병원,14,20260728055950,032-459-3168,,,,,,,,,,,,,,,,,,,1,,2,,,,,0,,,,,,,,,Y,,,,,,Y,N1,,,N1,Y,N1,43,N1,0,N1,Y,,7,N1,17,,1,2,,,,,,,,,,,,8,1,,,,7,,,,,2,2,,1,,,,,,,,235,,,,,,,,,,,,,,,,,Y,N1,A1403871,14
2026-07-28 06:01:22,data_go_kr,인천광역시,A1400004,현대유비스병원,15,20260728055913,032-890-5582,,,,,,,,,,,,,,,,,,,1,,,,,,,0,,,,,,,,,Y,,,,Y,,Y,Y,,,Y,Y,N1,12,N1,3,N1,Y,,6,N1,18,,1,,,,,,,,,,,,,13,1,,,,6,,,,,2,2,1,8,,,2,,,,,285,,,,,,,,,,,,,,,,,Y,N1,A1400004,15
2026-07-28 06:01:22,data_go_kr,인천광역시,A1400008,(의)성세의료재단 뉴성민병원,9,20260728055821,032-726-1119,,,,,,,,,,,,,,,0,,,,,,1,,,,,2,,,,,,,,,Y,,,,,,Y,N1,,,Y,Y,N1,108,N1,12,N1,Y,,6,Y,9,,,1,,,,,,,,,,,,17,2,,,,6,,,,,2,2,,11,,,2,,,,1,265,,,,,,,,,,,,0,,,,,Y,N1,A1400008,16
2026-07-28 06:01:22,data_go_kr,인천광역시,A1400018,인천적십자병원,8,20260728060023,032-899-4119,,,,,,,,,,,,,,,,,,,1,,1,,,,,,,,,,,,,,Y,,,,,,Y,N1,,,N1,Y,N1,66,N1,2,N1,Y,,3,N1,8,,1,1,,,,,,,,,,,,8,,,,,3,,,,,1,1,,2,,,,,,,,104,,,,,,,,,,,,,,,,,Y,N1,A1400018,17
2026-07-28 06:01:22,data_go_kr,인천광역시,A1400037,인천광역시의료원백령병원,5,20260728060002,032-836-1732,Y,Y,,,,,,,,,,,,,,,,,,,1,,,,,,,,,,,,,,Y,,,,,,Y,N1,,,N1,Y,N1,30,N1,,Y,N1,,1,N1,5,,,1,,,,,,,,,,,,,,,,,1,,,,,1,,,1,1,2,,,,,,30,,,,,,,,,,,,,,,,,Y,Y,A1400037,18
2026-07-28 06:01:22,data_go_kr,인천광역시,A1400009,인천기독병원,7,20260728055949,032-270-8300,,,,,,,,,,,,,,,,,,,,,1,,,,,,,,,,,,,,Y,,,1,,,Y,N1,,,N1,Y,N1,30,N1,10,N1,Y,,4,N1,8,,,1,,,,,,,,,,,,10,,,,,4,,,,,1,1,,1,,,,,,,,139,,,,,,,,,,,,,,,,1,Y,N1,A1400009,19
2026-07-28 06:01:22,data_go_kr,인천광역시,A1400017,인천광역시의료원,15,20260728055501,032-580-6119,,,,,,,,,,,,,,,,,,,2,,,,,,,0,,,,,24,7,,,Y,,,,,,Y,N1,,,N1,Y,N1,21,N1,2,N1,Y,,6,N1,15,,2,,,,,,,,,,,,,13,0,,,,6,,45,7,,1,1,,19,,,,,,,,198,,,,,,,,,,,,,,,,,Y,N1,A1400017,20
2026-07-28 06:01:22,data_go_kr,인천광역시,A1400007,의료법인 성수의료재단 인천백병원,5,20260728055829,032-280-8119,,,,,,,,,,,,,,,,,,,,,1,,,,,,,,,,,,,,Y,,,,,,Y,N1,,,Y,Y,N1,35,N1,1,N1,Y,,4,N1,5,,,1,,,,,,,,,,,,12,,,,,4,,,,,2,2,,6,,,1,,,,,189,,,,,,,,,,,,,,,,,Y,N1,A1400007,21
2026-07-28 06:01:22,data_go_kr,대전광역시,A1600006,학교법인건양교육재단건양대학교병원,18,20260728055953,042-600-9119,Y,Y,,0,,,1,1,4,,0,0,0,0,,0,,5,2,,3,6,,,,3,6,,,,10,0,Y,,Y,,,,Y,,Y,Y,,,Y,Y,Y,225,Y,33,Y,Y,2,20,Y,24,5,2,3,16,,,24,,,,,,,,59,5,28,,,20,,20,1,2,4,4,4,46,17,23,10,3,1,,1,658,,0,,,1,3,4,0,0,0,0,,0,,,,Y,Y,A1600006,1
2026-07-28 06:01:22,data_go_kr,대전광역시,A1600001,충남대학교병원,17,20260728055901,042-280-8129,Y,Y,0,0,,,,,,4,,,,,,,0,6,2,7,3,3,3,,4,6,20,,,,15,9,Y,,Y,,,,Y,,Y,Y,,,Y,Y,Y,170,Y,2,Y,Y,8,20,N1,28,6,2,3,20,16,14,34,5,,,,,10,,12,8,30,,,21,,26,14,5,5,4,5,76,12,36,6,8,2,,,966,0,0,,,,,,,,,,,,0,,,Y,Y,A1600001,2
2026-07-28 06:01:22,data_go_kr,대전광역시,A1600002,학교법인을지학원대전을지대학교병원,20,20260728060001,042-259-1119,Y,Y,,,,,,,,3,,0,0,-10,-5,2,3,,2,5,1,,,,2,0,,,1,2,8,,Y,,Y,,2,5,Y,3,Y,Y,,,Y,Y,Y,70,Y,,Y,Y,16,15,N1,21,,2,1,,20,20,20,,,,,20,5,,,11,,,40,15,2,20,,16,4,2,4,70,12,47,7,3,3,,,331,,,,,,,,,0,0,0,0,30,3,2,6,Y,Y,A1600002,3
2026-07-28 06:01:22,data_go_kr,대전광역시,A1600007,의료법인영훈의료재단유성선병원,15,20260728055822,042-609-1119,,,,,,,,,,,,,,,,,,,2,,1,,,,,1,,,,,,0,Y,,Y,,,,Y,,Y,Y,,,Y,Y,Y,63,N1,-1,N1,Y,,-4,Y,17,,2,1,,,,,,,,,,,,19,1,,,,7,,,1,1,3,3,2,17,,,2,1,,,1,368,,,,,,,,,,,,,,,,,Y,N1,A1600007,4
2026-07-28 06:01:22,data_go_kr,대전광역시,A1600005,학교법인가톨릭학원가톨릭대학교대전성모병원,17,20260728060014,042-220-9118,Y,Y,,,,,,,,2,,,,,,,,,3,3,,,,,2,0,,,,,,4,Y,,Y,0,,,Y,,Y,Y,2,0,Y,Y,Y,84,N1,,Y,Y,4,12,N1,19,,3,,,15,3,4,,,3,9,,3,2,,1,,,,12,,,4,1,3,2,4,24,5,7,5,2,,,,537,,,,,,,,,,,,,,,,,Y,Y,A1600005,5
2026-07-28 06:01:22,data_go_kr,대전광역시,A1600008,의료법인영훈의료재단대전선병원,15,20260728055904,042-220-8129,,,,,,,,,,,,,,,,,,,1,,3,,,,,0,,,,,,0,Y,,Y,,,,Y,,Y,Y,,,Y,Y,N1,26,N1,3,N1,Y,,7,N1,17,,1,3,,,,,,,,,,,,24,1,,,,7,,,1,1,2,2,2,11,,,3,,,,,311,,,,,,,,,,,,,,,,,Y,N1,A1600008,6
2026-07-28 06:01:22,data_go_kr,대전광역시,A1600004,대전보훈병원,7,20260728055636,042-939-0100,,,,,,,,,,,,,,,,,,,1,,1,,,,,1,,,,,,1,,,Y,,,,Y,,Y,Y,,,N1,Y,N1,61,N1,3,N1,Y,,5,N1,7,,1,1,,,,,,,,,,,,10,1,,,,5,,,1,,1,3,1,12,,,,,,,,316,,,,,,,,,,,,,,,,,Y,N1,A1600004,7
2026-07-28 06:01:22,data_go_kr,대전광역시,A1600003,대전한국병원,7,20260728060001,042-606-1119,,Y,,,,,,,,,,,,,,,,,1,,,,,,,,,,,,,,Y,,Y,,,,Y,,Y,Y,,,Y,Y,N1,50,N1,1,Y,Y,,4,N1,9,,1,,,,,,,,,,,,,12,,,,,4,,,,4,2,2,2,6,,1,1,,,,,241,,,,,,,,,,,,,,,,,Y,N1,A1600003,8
2026-07-28 06:01:22,data_go_kr,대전광역시,A1602246,대청병원,9,20260728060001,042-589-0119,,,,,,,,,,,,,,,,,,,,,1,,,,,,,,,,,,,,Y,,,,,,Y,N1,,,Y,Y,N1,105,N1,2,N1,Y,,3,N1,9,,,1,,,,,,,,,,,,17,,,,,3,,,,,2,1,,10,,,1,,,,,245,,,,,,,,,,,,,,,,,Y,N1,A1602246,9
2026-07-28 06:01:22,data_go_kr,울산광역시,A1700004,학교법인울산공업학원울산대학교병원,10,20260728055747,052-250-7000,Y,Y,3,3,,,,1,,6,,,4,,5,,,8,0,10,0,2,,,2,6,7,,6,2,6,0,Y,,Y,,2,6,Y,10,Y,Y,,0,Y,Y,Y,88,Y,5,Y,Y,1,20,N1,21,8,0,0,12,13,16,26,,,,,20,6,2,8,8,36,,42,20,2,20,0,5,7,5,6,83,14,27,17,8,4,,,725,3,3,,,,8,,,,4,,5,,,2,6,Y,Y,A1700004,1
2026-07-28 06:01:22,data_go_kr,울산광역시,A1700028,의료법인정안의료재단중앙병원,17,20260728060011,052-226-1119,,,,,,,,,,,,,,,,,,,1,,2,1,,,,1,1,,,,,0,,,Y,,,,Y,,Y,Y,,,Y,Y,N1,30,N1,0,N1,Y,,8,N1,17,,1,2,2,,,,,,,,,,,18,2,4,,,8,,,1,,2,2,2,7,,,2,,,,,335,,,,,,,,,,,,,,,,,Y,N1,A1700028,2
2026-07-28 06:01:22,data_go_kr,울산광역시,A1700003,울산병원,17,20260728060002,052-259-5119,,,,,,,,,,,,,,,,,,,1,,2,2,,,,0,2,,,,,,,,Y,,,,Y,,Y,Y,,,Y,Y,Y,59,Y,6,N1,Y,,4,Y,19,,1,2,2,,,,,,,,,,,17,1,3,,,4,,,,,2,2,3,12,,,4,1,2,,2,343,,,,,,,,,,,,,,,,,Y,N1,A1700003,3
2026-07-28 06:01:22,data_go_kr,울산광역시,A1700025,의료법인송은의료재단울산시티병원,16,20260728060006,052-280-9119,,,,,,,,,,,,,,,,,,,1,,2,0,,,,2,3,,,,,,,,Y,,,,Y,,Y,Y,,,Y,Y,N1,10,N1,12,N1,Y,,8,N1,17,,1,2,2,,,,,,,,,,,24,3,3,,,8,,,,,2,2,2,17,,,4,,,,,347,,,,,,,,,,,,,,,,,Y,N1,A1700025,4
2026-07-28 06:01:22,data_go_kr,울산광역시,A1700002,의료법인동강의료재단동강병원,20,20260728055659,052-241-1190,,,,,,,,,,4,,,,,,,,,1,1,2,1,,,1,1,0,,,,,2,,Y,Y,,,,Y,,Y,Y,,,Y,Y,Y,101,N1,,N1,Y,,8,N1,24,,1,2,2,14,9,,,,,,,13,,,1,3,,,8,,,2,,3,2,4,25,,,7,5,,1,,513,,,,,,,,,,,,,,,,,Y,N1,A1700002,5
2026-07-28 06:01:22,data_go_kr,울산광역시,A1700011,의료법인은성의료재단좋은삼정병원,5,20260728055922,052-220-7600,,,,,,,,,,,,,,,,,,,,,1,,,,,0,,,,,,1,,,Y,,,,Y,,Y,Y,,,Y,Y,N1,39,N1,1,N1,Y,,7,N1,9,,,1,,,,,,,,,,,,14,1,,,,8,,,1,,2,2,1,5,,,1,,,,,283,,,,,,,,,,,,,,,,,Y,N1,A1700011,6
2026-07-28 06:01:22,data_go_kr,울산광역시,A1700001,서울산보람병원,8,20260728055754,052-255-7119,,,,,,,,,,,,,,,,,,,,,1,,,,,,,,,,,,,,Y,,,,,,Y,N1,,,N1,Y,N1,88,N1,,N1,Y,,3,N1,10,,,1,,,,,,,,,,,,,,,,,3,,,,,1,1,,1,,,,,,,,213,,,,,,,,,,,,,,,,,Y,N1,A1700001,7
2026-07-28 06:01:22,data_go_kr,세종특별자치시,A1800441,세종충남대학교병원,9,20260728055901,044-995-3010,Y,Y,,,0,0,,,,,,,,,,,,0,1,,2,,,1,,1,,4,,,,2,Y,,Y,,,,Y,,Y,Y,,,Y,Y,Y,66,Y,6,Y,Y,0,8,N1,17,0,1,2,,,,19,,2,,,,,,11,2,,6,,8,,,4,3,2,2,3,29,7,19,5,3,2,,,299,,,0,0,,,,,,,,,,,,,Y,Y,A1800441,1
2026-07-28 06:01:22,data_go_kr,세종특별자치시,A1800417,의료법인 영제 의료재단 엔케이세종병원,10,20260728055902,044-850-7777,,,,,,,,,,,,,,,,,,,,,1,,,,,,,,,,,,,,Y,,,,,,Y,N1,,,N1,Y,N1,129,N1,,N1,Y,,3,N1,10,,,1,,,,,,,,,,,,,,,,,3,,,,,1,1,,1,,,,,,,,200,,,,,,,,,,,,,,,,,Y,N1,A1800417,2
2026-07-28 06:01:22,data_go_kr,경기도,A2100042,의료법인명지의료재단명지병원,9,20260728060000,031-810-7119,Y,Y,3,2,,3,0,0,1,,0,0,0,0,0,0,,0,0,,2,4,,,,4,10,,,,0,0,Y,Y,Y,,,,Y,,Y,Y,,,Y,Y,Y,123,Y,11,Y,Y,3,5,Y,15,0,0,3,16,,,3,,,,,,,,31,4,28,,,13,,0,0,2,6,3,5,49,4,5,8,5,2,1,2,443,3,2,,3,4,3,2,0,0,0,0,0,0,,,,Y,Y,A2100042,1
2026-07-28 06:01:22,data_go_kr,경기도,A2100033,국민건강보험공단일산병원,19,20260728055503,031-900-0761,Y,Y,,,,,0,,1,2,,0,0,,0,0,,5,2,4,2,1,,,2,1,1,,,,3,1,Y,,Y,,,,Y,,Y,Y,,,Y,Y,Y,112,N1,,Y,Y,3,2,N1,23,5,2,3,19,10,16,25,,,,,,6,,,11,29,,,2,,28,4,2,4,3,3,60,8,28,13,5,,,,659,,,,,1,,1,,0,0,,0,0,,,,Y,Y,A2100033,2
2026-07-28 06:01:22,data_go_kr,경기도,A2100005,순천향대학교부속부천병원,13,20260728055621,032-621-5117,Y,Y,2,2,,,,,,8,,0,,0,0,,,4,0,10,0,3,,,,4,15,,,,,1,Y,Y,Y,,,5,Y,,Y,Y,,,Y,Y,Y,161,Y,10,Y,Y,2,20,Y,17,5,0,0,20,16,15,24,,,,,,,,22,8,34,,,21,,,7,1,4,3,5,71,9,31,17,4,3,1,1,674,2,3,,,,,,,0,,0,0,,,,5,Y,Y,A2100005,3
2026-07-28 06:01:22,data_go_kr,경기도,A2100001,분당서울대학교병원,-12,20260728055800,031-787-3119,Y,Y,,,,,,3,,1,,,5,9,,,,2,2,2,3,2,1,,3,0,9,,,,3,3,Y,,Y,0,,1,Y,,Y,Y,,,Y,Y,Y,267,Y,0,Y,Y,0,39,N1,30,5,2,3,15,13,13,35,6,,,10,,9,,8,1,30,,,39,,15,3,3,11,11,11,128,17,39,16,8,8,,,1247,,,,,,5,,,,5,9,,,,,2,Y,Y,A2100001,4
2026-07-28 06:01:22,data_go_kr,경기도,A2100030,차의과학대학교분당차병원,10,20260728055718,031-780-5840,Y,Y,2,2,1,1,0,0,,0,,,0,,0,,0,9,,4,,2,,0,0,0,6,6,,,11,,Y,,Y,0,,,Y,,Y,Y,,,Y,Y,Y,63,Y,,Y,Y,8,26,N1,22,11,,,14,8,9,35,,2,,7,,6,,,4,43,6,,26,,22,,8,5,3,4,40,26,46,6,2,2,,,726,2,3,1,1,2,2,,,,0,,1,,0,,,Y,Y,A2100030,5
2026-07-28 06:01:22,data_go_kr,경기도,A2100002,아주대학교병원,19,20260728055534,031-219-7777,Y,Y,2,4,1,1,,0,,2,,,,0,0,,0,8,0,4,0,4,,1,4,0,4,0,5,2,3,5,Y,,Y,3,1,6,Y,0,Y,Y,2,3,Y,Y,Y,57,Y,,Y,Y,7,25,N1,30,9,0,0,16,14,10,36,,2,6,13,40,7,11,,3,42,6,60,25,3,20,8,3,8,6,9,126,27,34,32,9,7,,,792,2,6,1,4,,2,,,,,0,0,,0,2,6,Y,Y,A2100002,6
2026-07-28 06:01:22,data_go_kr,경기도,A2100003,고려대학교의과대학부속안산병원,17,20260728055849,031-412-5381,Y,Y,2,1,,,0,,,0,,,,,,,,4,,13,3,5,,,1,0,17,,,,8,5,Y,,Y,,,,Y,,Y,Y,,,Y,Y,Y,47,Y,0,Y,Y,0,20,N1,22,4,,3,18,10,13,25,,,,,,10,,6,3,30,,,20,,16,10,2,3,4,4,66,15,19,8,5,3,,,605,2,3,,,2,,,,,,,,,,,,Y,Y,A2100003,7
2026-07-28 06:01:22,data_go_kr,경기도,A2100004,한림대학교성심병원,20,20260728055757,031-380-1500,Y,Y,0,5,,,0,,,0,,,,,,,,3,2,3,2,1,,,,1,17,,,,10,2,Y,Y,Y,,,,Y,,Y,Y,0,1,Y,Y,Y,101,Y,,Y,Y,6,19,N1,25,3,2,4,19,27,16,9,,,8,,,,18,,3,30,,,19,,20,14,2,4,3,6,102,8,10,20,14,2,1,,610,0,5,,,1,,,,,,,,,,,,Y,Y,A2100004,8
2026-07-28 06:01:22,data_go_kr,경기도,A2100040,가톨릭대학교의정부성모병원,30,20260728060014,031-820-5200,Y,Y,,,,,0,0,,,,,,,,,,11,2,,4,0,,,0,0,10,,7,2,,,Y,,Y,,2,6,Y,4,Y,Y,,,Y,Y,Y,93,Y,0,Y,Y,-2,13,N1,42,11,2,4,18,,,15,,,,,20,6,,26,4,30,,53,13,2,,,3,4,3,4,54,10,28,12,4,3,,,519,,,,,1,1,,,,,,,,,2,6,Y,Y,A2100040,9
2026-07-28 06:01:22,data_go_kr,경기도,A2100047,동국대학교일산불교병원,18,20260728060028,031-961-7777,Y,Y,,,,,,,,4,,,,,,,3,3,1,6,3,,,,,1,,,,,9,0,Y,,Y,,,,Y,,Y,Y,,,Y,Y,Y,139,Y,,Y,Y,9,11,N1,19,3,1,3,,16,13,13,,,,,,,,,4,,,,12,,15,0,8,2,2,2,19,13,25,4,2,1,,,463,,,,,,,,,,,,,,3,,,Y,Y,A2100047,10
2026-07-28 06:01:22,data_go_kr,경기도,A2100038,인제대학교일산백병원,31,20260728060017,031-910-7114,N,N,,,,,,,,5,,,,,,,,,3,0,3,,,,,1,,,,,3,1,Y,,Y,,,,Y,,Y,Y,,1,Y,Y,Y,101,Y,,N,Y,,17,N1,34,,3,3,,25,32,,,,,,,,4,,4,,,,17,,16,2,3,3,3,4,54,18,22,7,3,1,,,545,,,,,,,,,,,,,,,,,Y,N,A2100038,11
2026-07-28 06:01:22,data_go_kr,경기도,A2118788,중앙대학교광명병원,19,20260728060009,02-2222-1351,Y,Y,0,0,,,,,,,,,,,,,,,1,,2,,,,2,2,,,,,,2,Y,,Y,,,,Y,,Y,Y,4,,Y,Y,Y,82,Y,8,Y,Y,1,17,N1,21,,1,2,,,,16,,,5,,,5,,24,6,,,,17,,,2,2,2,2,5,28,6,16,5,4,10,,,576,0,0,,,,,,,,,,,,,,,Y,Y,A2118788,12
2026-07-28 06:01:22,data_go_kr,경기도,A2100007,광명성애병원,10,20260728060037,02-2680-7116,Y,Y,,,,,,,,,,,,,,7,,4,1,,4,,,,,0,,,,,,,Y,,Y,,,,Y,,Y,Y,,,Y,Y,N1,44,N1,10,Y,Y,,5,N1,11,4,1,4,,,,,,,,,,,,13,1,,,,5,,,,2,2,2,1,12,2,5,1,,,,,189,,,,,,,,,,,,,50,,,,Y,Y,A2100007,13
2026-07-28 06:01:22,data_go_kr,경기도,A2100155,참조은병원,5,20260728055754,031-881-9119,,,,,,,,,,,,,,0,0,,6,1,1,,3,,,,,3,,,,,,1,,,Y,,,,Y,,Y,Y,,,Y,Y,N1,22,Y,-3,N1,Y,,7,N1,9,1,1,3,,,,,,,,,,,,22,3,,,,7,,,2,,3,3,2,18,,,3,,2,,,286,,,,,,,,,,,0,0,,6,,,Y,N1,A2100155,14
2026-07-28 06:01:22,data_go_kr,경기도,A2100039,한양대학교구리병원,13,20260728055800,1644-9118,Y,Y,,,,,,,,0,,,,,,,,,1,0,4,,,,,,,,,,,2,Y,,Y,,,,Y,,Y,Y,,,Y,Y,Y,98,Y,,Y,Y,1,9,N1,18,,1,4,,17,14,10,,,,,,,,,,,,,9,,,5,1,3,2,3,21,6,14,4,2,2,,,488,,,,,,,,,,,,,,,,,Y,Y,A2100039,15
2026-07-28 06:01:22,data_go_kr,경기도,A2100054,효산의료재단지샘병원,11,20260728055548,031-389-3119,,,,,,,,,,,,,,,,,1,,2,,1,,,,,1,,,,,,1,,,Y,,,,Y,,Y,Y,,,Y,Y,N1,40,N1,3,N1,Y,,5,N1,18,,2,1,,,,,,,,,,,,18,1,,,,5,,,2,,2,1,3,11,,,2,,,,,367,,,,,,,,,,,,,,1,,,Y,N1,A2100054,16
2026-07-28 06:01:22,data_go_kr,경기도,A2100048,원광대학교산본병원,16,20260728055822,031-390-2345,,,,,,,,,,,,,,,,,,,1,,2,,,,,,,,,,,,Y,,Y,,,,Y,,Y,Y,,,Y,Y,N1,70,N1,7,N1,Y,,5,N1,17,,1,2,,,,,,,,,,,,12,,,,,5,,,,1,1,1,1,1,,,2,,,,,188,,,,,,,,,,,,,,,,,Y,N1,A2100048,17
2026-07-28 06:01:22,data_go_kr,경기도,A2100053,의료법인우리의료재단김포우리병원,16,20260728055930,031-999-1119,,,,,,,,,,,,,,0,0,0,,,1,,6,,,,,0,,,,,,3,,,Y,,,,Y,,Y,Y,,,Y,Y,Y,19,Y,0,N1,Y,,7,N1,22,,1,6,,,,,,,,,,,,36,1,,,,7,,,11,,2,2,2,48,,,4,1,2,,,477,,,,,,,,,,,0,0,0,,,,Y,N1,A2100053,18
2026-07-28 06:01:22,data_go_kr,경기도,A2100006,의료법인인봉의료재단뉴고려병원,11,20260728055650,031-980-9119,,,,,,,,,,,,,,,,,3,,1,,2,,,,,6,,,,,,,,,Y,,,,Y,,Y,Y,,,Y,Y,N1,59,N1,2,N1,Y,,6,N1,14,,1,2,,,,,,,,,,,,24,10,,,,6,,,,,2,2,2,7,,,1,,,,,278,,,,,,,,,,,,,,3,,,Y,N1,A2100006,19
2026-07-28 06:01:22,data_go_kr,경기도,A2100041,남양주한양병원,15,20260728055947,031-510-0119,,,,,,,,,,,,,,,,,,,1,,2,,,,,10,,,,,,,,,Y,,,,Y,,Y,Y,,,Y,Y,N1,73,N1,4,N1,Y,,,Y,17,,1,2,,,,,,,,,,,,17,23,,,,,,,,,2,2,1,33,,,2,,,,1,244,,,,,,,,,,,,,,,,,Y,N1,A2100041,20
2026-07-28 06:01:22,data_go_kr,경기도,A2100037,현대병원,14,20260728055737,031-574-0114,,,,,,,,,,,,,,,,,,,3,,,,,,,0,,,,,,,,,Y,,,,Y,,Y,Y,,,Y,Y,N1,43,Y,0,N1,Y,,7,N1,17,,3,,,,,,,,,,,,,19,20,,,,7,,,,,2,2,2,50,,,17,,2,,,342,,,,,,,,,,,,,,,,,Y,N1,A2100037,21
2026-07-28 06:01:22,data_go_kr,경기도,A2100055,부천세종병원,16,20260728060010,032-340-1119,Y,Y,,,,,,,,,,,,,,,,,1,,2,0,,,,0,0,,,,,0,Y,,Y,,,,Y,,Y,Y,,,Y,Y,Y,60,Y,1,Y,Y,,6,N1,17,,1,2,2,,,,,,,,,,,20,2,3,,,6,,,6,1,2,1,5,18,1,1,5,4,1,,,268,,,,,,,,,,,,,,,,,Y,Y,A2100055,22
2026-07-28 06:01:22,data_go_kr,경기도,A2100052,가톨릭대학교부천성모병원,24,20260728060016,032-340-2100,Y,Y,,,,,,,,5,,,,,,,3,,2,1,1,,,,,1,,,,,,1,Y,,Y,4,,,Y,,Y,Y,,,Y,Y,Y,71,Y,,Y,Y,9,13,N1,31,,2,1,,16,12,10,,,,18,,,,,4,,,,14,,,4,3,3,3,3,28,4,14,11,1,2,,,562,,,,,,,,,,,,,,3,,,Y,Y,A2100052,23
2026-07-28 06:01:22,data_go_kr,경기도,A2100025,대진의료재단분당제생병원,20,20260728060000,031-779-0119,Y,Y,,,,,,,,3,,,7,,,,,3,1,2,2,,,,,1,,,,,,0,Y,Y,Y,,,,Y,,Y,Y,,,Y,Y,Y,117,Y,,Y,Y,1,9,N1,24,3,1,2,,11,14,3,,,,,,,,,4,,,,9,,,2,2,4,3,3,22,1,5,5,2,3,1,,484,,,,,,,,,,7,,,,,,,Y,Y,A2100025,24
2026-07-28 06:01:22,data_go_kr,경기도,A2116806,성남시의료원,16,20260728060001,031-738-7300,,,,,,,,,,,,,,,,,,6,2,19,4,,,,,2,,,,,,28,,,Y,,,,Y,,Y,Y,,,Y,Y,Y,90,Y,,N1,Y,,8,Y,17,6,2,4,,,25,,,,,,,,,,5,,,,8,,,28,,3,2,2,31,,,6,3,1,,2,241,,,,,,,,,,,,,,,,,Y,N1,A2116806,25
2026-07-28 06:01:22,data_go_kr,경기도,A2117135,의료법인명인의료재단화홍병원,9,20260728055315,031-8021-6829,Y,,,,,,,,,,,,,,,,,,2,,3,,,,,0,,,,,,,,,Y,,,,,,Y,N1,,,N1,Y,Y,40,N1,8,N1,Y,,6,Y,15,,2,3,,,,,,,,,,,,29,1,,,,6,,,,,2,2,,4,1,,,1,,,1,228,,,,,,,,,,,,,,,,,Y,Y,A2117135,26
2026-07-28 06:01:22,data_go_kr,경기도,A2100009,의료법인녹산의료재단동수원병원,14,20260728055744,031-210-0119,,Y,,,,,,,,,,,,,,,,,1,,2,0,,,,0,0,,,,,1,Y,,Y,,,,Y,,Y,Y,,,Y,Y,N1,30,N1,8,Y,Y,,5,N1,17,,1,2,2,,,,,,,,,,,18,3,4,,,5,,,1,1,2,2,1,15,,4,1,,,,,335,,,,,,,,,,,,,,,,,Y,N1,A2100009,27
2026-07-28 06:01:22,data_go_kr,경기도,A2100012,가톨릭대학교성빈센트병원,19,20260728060014,031-249-7370,Y,Y,,,1,1,,,,6,,,,,,,,6,2,8,2,3,,2,4,2,,4,,,7,3,Y,,Y,6,,,Y,,Y,Y,,0,Y,Y,Y,117,Y,,Y,Y,2,19,N1,28,6,2,2,4,20,11,18,,2,,15,,8,8,,5,,6,,19,,30,11,2,5,4,6,52,7,18,12,4,4,,,658,,,1,1,,,,,,,,,,,,,Y,Y,A2100012,28
2026-07-28 06:01:22,data_go_kr,경기도,A2100008,의료법인남촌의료재단시화병원,15,20260728055653,031-5189-0567,,,,,,,,,,,,,,,,,,5,1,,5,,,,,1,,,,,,1,Y,,Y,,,,Y,,Y,Y,,,Y,Y,Y,57,N1,20,N1,Y,,7,N1,16,5,1,5,,,,,,,,,,,,52,1,,,,7,,,1,1,3,3,2,29,,,4,2,,,,461,,,,,,,,,,,,,,,,,Y,N1,A2100008,29
2026-07-28 06:01:22,data_go_kr,경기도,A2100017,대아의료재단한도병원,17,20260728055814,031-8040-1129,,,,,,,,,,,,,,,,,,,1,,2,,,,,1,,,,,,,,,Y,,,,Y,,Y,Y,,,Y,Y,N1,58,N1,10,N1,Y,,6,N1,17,,1,2,,,,,,,,,,,,29,1,,,,6,,,,,3,2,2,15,,,3,,,,,327,,,,,,,,,,,,,,,,,Y,N1,A2100017,30
2026-07-28 06:01:22,data_go_kr,경기도,A2100015,효산의료재단안양샘병원,16,20260728055916,031-467-9119,,,,,,,,,,0,,,,,,,,,1,1,2,,,,,1,,,,,,,,,Y,,,,Y,,Y,Y,,,Y,Y,Y,51,N1,,N1,Y,,6,N1,17,,1,2,,9,9,,,,,,,,,,1,,,,6,,,,,2,1,2,12,,,2,1,,,,307,,,,,,,,,,,,,,,,,Y,N1,A2100015,31
2026-07-28 06:01:22,data_go_kr,경기도,A2100024,오산한국병원,12,20260728055839,031-378-5119,,,,,,,,,,,,,,,,,,,1,,2,2,,,,1,3,,,,,2,,,Y,,,,Y,,Y,Y,,,Y,Y,N1,29,Y,0,N1,Y,,5,N1,17,,1,2,2,,,,,,,,,,,32,1,3,,,5,,,2,,2,2,2,17,,,2,,1,,,259,,,,,,,,,,,,,,,,,Y,N1,A2100024,32
2026-07-28 06:01:22,data_go_kr,경기도,A2100020,연세대학교의과대학용인세브란스병원,7,20260728055722,031-5189-9001,Y,Y,,,,,,,,0,,,,,,,,6,1,6,3,,,,,1,,,,,,2,Y,,Y,,,,Y,,Y,Y,,,Y,Y,Y,96,Y,,Y,Y,0,15,N1,16,6,1,3,,19,16,12,,,,,,,,,2,,,,15,,,4,2,3,3,4,31,6,18,6,3,4,,,597,,,,,,,,,,,,,,,,,Y,Y,A2100020,33
2026-07-28 06:01:22,data_go_kr,경기도,A2100029,강남병원,15,20260728060017,031-300-0119,,,,,,,,,,,,,,,,,,,1,,2,2,,,,1,2,,,,,,,,Y,,,,,,Y,N1,,,Y,Y,N1,17,N1,15,N1,Y,,4,N1,17,,1,2,2,,,,,,,,,,,30,1,3,,,4,,,,,2,2,,7,,,2,,,,,264,,,,,,,,,,,,,,,,,Y,N1,A2100029,34
2026-07-28 06:01:22,data_go_kr,경기도,A2100019,(의)영문의료재단다보스병원,13,20260728060031,031-8021-2130,,,,,,,,,,,,,,,,,4,,1,,2,2,,,,1,1,,,,,,,,Y,,,,,,Y,N1,,,Y,Y,N1,32,N1,6,N1,Y,,6,N1,13,,1,2,2,,,,,,,,,,,23,1,3,,,6,,,,,1,1,,7,,,2,,,,,222,,,,,,,,,,,,,,4,,,Y,N1,A2100019,35
2026-07-28 06:01:22,data_go_kr,경기도,A2117994,학교법인을지학원의정부을지대학교병원,26,20260728055601,031-8074-0119,Y,Y,,,,,,,,2,,,,,,,8,6,1,0,2,,,,,2,,,,,5,1,Y,,Y,,0,0,Y,,Y,Y,,,Y,Y,Y,165,Y,,Y,Y,3,12,N1,30,6,1,2,,29,22,5,,,,,,,,,2,,,,14,,22,6,8,3,3,4,48,5,5,6,3,2,,,588,,,,,,,,,,,,,,8,0,0,Y,Y,A2117994,36
2026-07-28 06:01:22,data_go_kr,경기도,A2100193,경기도의료원이천병원,15,20260728060002,031-630-4333,,,,,,,,,,,,,,,,,,,1,,2,2,,,,2,1,,,,,6,,,Y,,,,,,Y,N1,,,N1,Y,N1,44,N1,1,N1,Y,,4,N1,17,,1,2,2,,,,,,,,,,,6,2,3,,,4,,,6,,1,1,,8,,,,,,,,187,,,,,,,,,,,,,,,,,Y,N1,A2100193,37
2026-07-28 06:01:22,data_go_kr,경기도,A2100035,경기도의료원파주병원,13,20260728060002,031-940-9119,,,,,,,,,,,,,,,,,,,1,,2,0,,,,,0,,,,,,Y,,Y,,,,,,Y,N1,,,N1,Y,N1,90,N1,2,N1,Y,,3,N1,17,,1,2,2,,,,,,,,,,,8,,3,,,3,,,,1,1,1,,9,,,,,,,,189,,,,,,,,,,,,,,,,,Y,N1,A2100035,38
2026-07-28 06:01:22,data_go_kr,경기도,A2100028,의료법인백송의료재단굿모닝병원,13,20260728055946,031-5182-7582,,,,,,,,,,,,,,,,,5,,2,,1,,,,,0,,,,,,,,,Y,,,,Y,,Y,Y,,,Y,Y,Y,67,N1,0,N1,Y,,7,Y,19,,2,1,,,,,,,,,,,,27,3,,,,7,,,,,5,3,3,23,,,5,3,,,1,392,,,,,,,,,,,,,,6,,,Y,N1,A2100028,39
2026-07-28 06:01:22,data_go_kr,경기도,A2113246,의료법인양진의료재단평택성모병원,11,20260728055909,070-5012-0119,,,,,,,,,,,,,,,,0,,,1,,2,2,,,,2,0,,,,,,,,Y,,,,Y,,Y,Y,,,Y,Y,N1,34,N1,13,N1,Y,,6,N1,17,,1,2,2,,,,,,,,,,,34,2,3,,,6,,,,,3,3,2,8,,,2,,,,,329,,,,,,,,,,,,,0,,,,Y,N1,A2113246,40
2026-07-28 06:01:22,data_go_kr,경기도,A2100031,경기도의료원포천병원,14,20260728060001,031-539-9119,,Y,,,,,,,,,,,,,,,,,1,,2,,,,,0,,,,,,0,Y,,Y,,,,,,Y,N1,,,N1,Y,N1,39,N1,2,Y,Y,,4,N1,17,,1,2,,,,,,,,,,,,10,0,,,,4,,,3,3,1,1,,7,,2,,,,,,137,,,,,,,,,,,,,,,,,Y,N1,A2100031,41
2026-07-28 06:01:22,data_go_kr,경기도,A2100046,한림대학교동탄성심병원,26,20260728055933,031-8086-2119,Y,Y,3,0,,,,,,11,,,,,,,,9,,2,,,,,1,6,,,,,,4,Y,Y,Y,,,,Y,,Y,Y,6,,Y,Y,Y,135,Y,,Y,Y,11,20,Y,32,9,,,,28,13,13,,,13,,,9,,,11,,,,20,,,11,1,6,3,6,51,8,16,17,5,5,1,1,515,3,0,,,,,,,,,,,,,,,Y,Y,A2100046,42
2026-07-28 06:01:22,data_go_kr,경기도,A2100290,의료법인자인의료재단(더자인병원),16,20260728060016,031-930-3119,,,,,,,,,,,,,,,,,,,2,,2,0,,,,1,1,,,,,,,,Y,,,,Y,,Y,Y,,,Y,Y,N1,73,N1,4,N1,N,,5,N1,16,,2,2,2,,,,,,,,,,,10,2,3,,,5,,,,,2,2,1,15,,,1,,,,,233,,,,,,,,,,,,,,,,,Y,N1,A2100290,43
2026-07-28 06:01:22,data_go_kr,경기도,A2100049,국립암센터,14,20260728060000,031-920-0119,,N,,,,,,,,,,,,,,,,,,,1,,,,,7,,,,,,,,,Y,,,,Y,,Y,Y,,,Y,Y,Y,76,Y,11,N,Y,,18,N1,24,,,1,,,,,,,,,,,,19,9,,,,18,,,,,7,5,3,29,,1,8,2,7,,,554,,,,,,,,,,,,,,,,,Y,N1,A2100049,44
2026-07-28 06:01:22,data_go_kr,경기도,A2116972,의료법인성광의료재단일산차병원,6,20260728055854,031-782-8587,Y,Y,,,,,,,,,,,,,,,,,,,3,,,,,1,,,,,,1,Y,,,,,,,,Y,N1,,,N1,N1,N1,47,N1,4,Y,N1,0,10,N1,6,,,4,,,,17,,,,,,,,4,1,,,,10,,,1,9,,,,4,11,19,,,,,,179,,,,,,,,,,,,,,,,,Y,Y,A2116972,45
2026-07-28 06:01:22,data_go_kr,경기도,A2118188,엘병원,8,20260728055945,031-527-6119,,,,,,,,,,,,,,,,,,,,,2,,,,,0,,,,,,1,,,Y,,,,,,Y,N1,,,N1,Y,N1,52,N1,5,N1,Y,,3,N1,8,,,2,,,,,,,,,,,,8,1,,,,3,,,1,,1,1,,2,,,,,,,,146,,,,,,,,,,,,,,,,,Y,N1,A2118188,46
2026-07-28 06:01:22,data_go_kr,경기도,A2100050,의료법인대인의료재단다니엘종합병원,5,20260728060002,032-670-0119,,,,,,,,,,,,,,,,,,,1,,3,,,,,1,,,,,,,,,Y,,,,,,Y,N1,,,N,Y,N1,36,N1,8,N1,Y,,3,N1,6,,1,3,,,,,,,,,,,,30,1,,,,3,,,,,1,1,,17,,,1,,,,,169,,,,,,,,,,,,,,,,,Y,N1,A2100050,47
2026-07-28 06:01:22,data_go_kr,경기도,A2100258,국군수도병원,15,20260728060013,031-725-6119,,,,,,,,,,,,,,2,6,,,,0,,,,,,,1,,,12,,2,,,,Y,,,,Y,14,Y,Y,,,Y,Y,Y,101,N1,9,N1,Y,,9,N1,16,,2,,,,,,,,,,20,,,12,1,,,40,9,,15,,,3,4,2,2,,,5,2,,,,530,,,,,,,,,,,2,6,,,,,Y,N1,A2100258,48
2026-07-28 06:01:22,data_go_kr,경기도,A2100016,순천의료재단성남정병원,9,20260728055648,031-750-6003,,,,,,,,,,,,0,,,27,,,,2,,,,,,,,,,,,,,,,Y,,,,,,Y,N1,,,N1,Y,N1,76,N1,,N1,Y,,4,N1,9,,2,,,,,,,,,,,,,,,,,,4,,,,,1,1,,1,,,,,,,,98,,,,,,,,,0,,,105,,,,,Y,N1,A2100016,49
2026-07-28 06:01:22,data_go_kr,경기도,A2121061,의료법인덕산의료재단수원덕산병원,22,20260728060006,031-686-2911,N,Y,,,,,,,,,,,,,,,,3,1,,2,2,,,,2,2,,,,,0,Y,,Y,,,,Y,,Y,Y,,,Y,Y,Y,72,N1,9,Y,Y,,9,N1,24,3,1,2,2,,,,,,,,,,,22,3,4,,,9,,,5,5,3,2,2,15,N,2,5,2,,,,403,,,,,,,,,,,,,,,,,Y,N,A2121061,50
2026-07-28 06:01:22,data_go_kr,경기도,A2100032,경기도의료원수원병원,7,20260728060001,031-888-0119,,,,,,,,,,,,,,,,,3,,,,2,,,,,,,,,,,2,,,Y,,,,,,Y,N1,,,N1,Y,N1,44,N1,5,N1,Y,,3,N1,8,,,2,,,,,,,,,,,,9,,,,,3,,,2,,1,1,,9,,,,,,,,156,,,,,,,,,,,,,,3,,,Y,N1,A2100032,51
2026-07-28 06:01:22,data_go_kr,경기도,A2100175,의료법인토마스의료재단윌스기념병원,16,20260728055929,031-240-6119,,,,,,,,,,,,,,,,,,,1,,2,2,,,,0,3,,,,,,Y,,Y,,,,Y,,Y,Y,,,Y,Y,N1,40,N1,8,N1,Y,,10,N1,18,,1,2,2,,,,,,,,,,,18,1,3,,,10,,,,1,1,4,1,1,,,1,,,,,282,,,,,,,,,,,,,,,,,Y,N1,A2100175,52
2026-07-28 06:01:22,data_go_kr,경기도,A2100027,의료법인석경의료재단센트럴병원,18,20260728055920,031-8041-3019,,,,,,,,,,,,,,,,,,,1,,2,,,,,,,,,,,,,,Y,,,,,,Y,N1,,,Y,Y,N1,85,N1,4,N1,Y,,3,N1,18,,1,2,,,,,,,,,,,,20,,,,,3,,,,,2,2,,7,,,2,,,,,255,,,,,,,,,,,,,,,,,Y,N1,A2100027,53
2026-07-28 06:01:22,data_go_kr,경기도,A2100013,의료법인 록향의료재단 신천연합병원,8,20260728060010,031-310-6661,,,,,,,,,,,,,,,,,,,,,1,,,,,0,,,,,,,,,Y,,,,,,Y,N1,,,Y,Y,N1,26,N1,1,N1,Y,,3,N1,10,,,1,,,,,,,,,,,,6,1,,,,3,,,,,1,1,,4,,,1,,,,,112,,,,,,,,,,,,,,,,,Y,N1,A2100013,54
2026-07-28 06:01:22,data_go_kr,경기도,A2100021,의료법인플러스의료재단단원병원,16,20260728060230,031-8040-5911,,,,,,,,,,,,,1,,,,,,1,,2,,,,,1,,,,,,,,,Y,,,,Y,,Y,Y,,,Y,Y,Y,58,N1,7,N1,Y,,5,N1,17,,1,2,,,,,,,,,,,,27,1,,,,5,,,,,1,1,2,8,,,2,1,,,,342,,,,,,,,,,1,,,,,,,Y,N1,A2100021,55
2026-07-28 06:01:22,data_go_kr,경기도,A2100014,근로복지공단안산병원,7,20260728055600,031-500-1119,,,,,,,,,,,,,,,,,,,,,1,,,,,1,,,,,,0,,,Y,,,,,,Y,N1,,,N1,Y,N1,74,N1,11,N1,Y,,3,N1,7,,,1,,,,,,,,,,,,18,1,,,,3,,,2,,1,1,,14,,,,,,,,359,,,,,,,,,,,,,,,,,Y,N1,A2100014,56
2026-07-28 06:01:22,data_go_kr,경기도,A2100124,의료법인칠석의료재단사랑의병원,12,20260728055452,031-502-0119,,,,,,,,,,,,,,,,,,,1,,,,,,,,,,,,,,,,Y,,,,,,Y,N1,,,Y,Y,N1,29,N1,4,N1,Y,,5,N1,13,,1,,,,,,,,,,,,,14,,,,,5,,,,,2,2,,8,,,1,,,,,206,,,,,,,,,,,,,,,,,Y,N1,A2100124,57
2026-07-28 06:01:22,data_go_kr,경기도,A2100045,경기도의료원안성병원,14,20260728060002,031-8046-5119,,,,,,,,,,,,,,,,,,,1,,,,,,,1,,,,,,8,,,Y,,,,,,Y,N1,,,N1,Y,N1,49,N1,6,N1,Y,,5,N1,14,,1,,,,,,,,,,,,,13,2,,,,5,,,8,,1,1,,8,,,,,,,,178,,,,,,,,,,,,,,,,,Y,N1,A2100045,58
2026-07-28 06:01:22,data_go_kr,경기도,A2100305,안성성모병원,9,20260728055928,031-675-8275,,,,,,,,,,,,,,,,,,,,,1,,,,,,,,,,,,,,Y,,,,,,Y,N1,,,N1,Y,N1,81,N1,0,N1,Y,,3,N1,9,,,1,,,,,,,,,,,,20,,,,,3,,,,,1,1,,7,,,,,,,,188,,,,,,,,,,,,,,,,,Y,N1,A2100305,59
2026-07-28 06:01:22,data_go_kr,경기도,A2100089,양평병원,8,20260728060001,031-770-5119,N,N,,,,,,,,,,,,,,,,,,,1,,,,,,,,,,,,N,N,Y,,,,N,,Y,N,,,N,Y,N,11,N,,N,Y,,3,N,9,,,1,,,,,,,,,,,,,,,,,3,,,,0,1,1,0,1,0,0,0,0,0,0,0,90,,,,,,,,,,,,,,,,,Y,N,A2100089,60
2026-07-28 06:01:22,data_go_kr,경기도,A2100194,세종여주병원,4,20260728055931,031-880-7754,,,,3,,,,,,,,,,,,,3,,,,4,,,,,,,,,,,,,,Y,,,,,,Y,N1,,,Y,Y,N1,110,N1,,N1,Y,,2,N1,6,,,4,,,,,,,,,,,,,,,,,2,,,,,1,1,,4,,,2,,,,,210,,3,,,,,,,,,,,,3,,,Y,N1,A2100194,61
2026-07-28 06:01:22,data_go_kr,경기도,E2100187,연천군보건의료원,10,20260728055823,031-839-4119,,,,,,,,,,,,,,,,,,,,,,,,,,,,,,,,,,,Y,,,,,,Y,N1,,,N1,Y,N1,51,N1,,N1,N1,,2,N1,10,,,,,,,,,,,,,,,,,,,,2,,,,,1,,,1,,,,,,,,52,,,,,,,,,,,,,,,,,Y,N1,E2100187,62
2026-07-28 06:01:22,data_go_kr,경기도,A2100122,(의)효심의료재단용인서울병원,10,20260728055942,031-336-0119,,,,,,,,,,,,,,,,,,,,,,,,,,,,,,,,,,,Y,,,,,,Y,N1,,,N1,Y,N1,140,N1,,N1,Y,,3,N1,10,,,,,,,,,,,,,,,,,,,,3,,,,,1,1,,1,,,,,,,,201,,,,,,,,,,,,,,,,,Y,N1,A2100122,63
2026-07-28 06:01:22,data_go_kr,경기도,A2121142,메디필드한강병원,16,20260728055747,031-332-1119,,,,,,,,,,,,,,,,,,,1,,2,,,,,1,,,,,,1,,,Y,,,,Y,,Y,Y,,,Y,Y,N1,154,N1,6,N1,Y,,6,N1,17,,1,2,,,,,,,,,,,,15,1,,,,6,,,1,,3,2,1,13,,,2,,,,,192,,,,,,,,,,,,,,,,,Y,N1,A2121142,64
2026-07-28 06:01:22,data_go_kr,경기도,A2100034,의료법인영동의료재단의정부백병원,10,20260728055656,031-842-1211,,,,,,,,,,,,,,,,,,,,,2,,,,,,,,,,,,,,Y,,,,,,Y,N1,,,N1,Y,N1,97,N1,0,N1,Y,,3,N1,10,,,2,,,,,,,,,,,,9,,,,,3,,,,,1,1,,1,,,,,,,,192,,,,,,,,,,,,,,,,,Y,N1,A2100034,65
2026-07-28 06:01:22,data_go_kr,경기도,A2100150,추병원,12,20260728055902,031-845-8313,,,,,,,,,,,,,,,,,,,1,,1,,,,,,,,,,,,,,Y,,,,Y,,Y,Y,,,N1,Y,N1,54,N1,2,N1,N,,3,N1,12,,1,1,,,,,,,,,,,,15,,,,,3,,,,,2,1,1,1,,,,,,,,210,,,,,,,,,,,,,,,,,Y,N1,A2100150,66
2026-07-28 06:01:22,data_go_kr,경기도,A2100043,경기도의료원의정부병원,10,20260728060001,031-828-5119,,,,,,,,,,,,,,,,0,,,1,,,,,,,,,,,,29,3,,,Y,,,,,,Y,N1,,,N1,Y,N1,30,N1,3,N1,Y,,3,N1,10,,1,,,,,,,,,,,,,6,,,,,3,,70,5,,1,1,,8,,,,,,,,86,,,,,,,,,,,,,0,,,,Y,N1,A2100043,67
2026-07-28 06:01:22,data_go_kr,경기도,A2100131,메디인병원,11,20260728060032,031-570-7912,,,,,,,,,,,,,,,,,,,,,2,,,,,,,,,,,,,,Y,,,,Y,,Y,Y,,,N1,Y,N1,57,N1,,N1,Y,,4,N1,12,,,2,,,,,,,,,,,,,,,,,4,,,,,1,1,1,2,,,,,,,,206,,,,,,,,,,,,,,,,,Y,N1,A2100131,68
2026-07-28 06:01:22,data_go_kr,경기도,A2100309,의료법인갈렌의료재단박병원,10,20260728060004,031-662-4119,,,,,,,,,,,,,,,,,,,,,1,,,,,,,,,,,,,,Y,,,,,,Y,N1,,,N1,Y,N1,33,N1,0,N1,Y,,2,N1,10,,,1,,,,,,,,,,,,10,,,,,2,,,,,1,2,,3,,,,,,,,143,,,,,,,,,,,,,,,,,Y,N1,A2100309,69
2026-07-28 06:01:22,data_go_kr,경기도,A2100022,의료법인박애의료재단박애병원,9,20260728055933,031-650-9219,,,,,,,,,,,,,,,,,,,,,1,,,,,,,,,,,,,,Y,,,,,,Y,N1,,,Y,Y,N1,110,N1,8,N1,Y,,5,N1,10,,,1,,,,,,,,,,,,10,,,,,5,,,,,2,1,,20,,,2,,,,,193,,,,,,,,,,,,,,,,,Y,N1,A2100022,70
2026-07-28 06:01:22,data_go_kr,경기도,A2100036,의료법인 일심의료재단 포천우리병원,15,20260728055940,031-541-8282,,,,,,,,,,,,,,,,,,,0,,3,,,,,2,,,,,,2,,,Y,,,,Y,,Y,Y,,,Y,Y,N1,68,N1,8,N1,Y,,5,N1,18,,1,3,,,,,,,,,,,,18,2,,,,5,,,2,,2,2,1,14,,,3,,,,,201,,,,,,,,,,,,,,,,,Y,N1,A2100036,71
2026-07-28 06:01:22,data_go_kr,경기도,A2100018,의료법인은혜와감사의료재단화성중앙종합병원,8,20260728055618,031-371-7998,,,,,,,,,,,,,,,,,,,,,1,,,,,,,,,,,,,,Y,,,,,,Y,N1,,,N1,Y,N1,81,N1,4,N1,Y,,3,N1,9,,,1,,,,,,,,,,,,8,,,,,3,,,,,1,1,,3,,,,,,,,131,,,,,,,,,,,,,,,,,Y,N1,A2100018,72
2026-07-28 06:01:22,data_go_kr,경기도,A2115699,의료법인원광의료재단원광종합병원,7,20260728055856,031-8077-7219,,,,,,,,,,,,,,,,,,,1,,,,,,,,,,,,,,,,Y,,,,,,Y,N1,,,N1,Y,N1,7,N1,-2,N1,Y,,4,N1,9,,1,,,,,,,,,,,,,9,,,,,4,,,,,1,2,,4,,,,,,,,135,,,,,,,,,,,,,,,,,Y,N1,A2115699,73
2026-07-28 06:01:22,data_go_kr,강원특별자치도,A2200008,강릉아산병원,13,20260728055815,033-610-3333,Y,Y,,,,,0,1,,0,,,,,,,,3,2,1,3,1,,,,,0,,,,,,Y,,Y,,,,Y,,Y,Y,,,Y,Y,Y,28,Y,,Y,Y,7,15,Y,23,3,2,3,18,14,16,13,,,,,,,,,,38,,,15,,,,2,4,3,4,33,8,12,8,5,1,,2,604,,,,,1,6,,,,,,,,,,,Y,Y,A2200008,1
2026-07-28 06:01:22,data_go_kr,강원특별자치도,A2200001,연세대학교원주세브란스기독병원,27,20260728055502,033-741-1641,Y,Y,2,23,,,0,,,3,,,,,,,,3,2,4,3,4,,,,,12,,6,2,6,,Y,,Y,3,2,6,Y,5,Y,Y,,,Y,Y,Y,80,Y,,Y,Y,5,15,Y,29,3,2,3,20,15,12,19,,,,15,20,,,,,30,,40,15,2,24,,2,5,4,7,100,12,25,16,7,13,,4,584,4,36,,,2,,,,,,,,,,2,6,Y,Y,A2200001,2
2026-07-28 06:01:22,data_go_kr,강원특별자치도,A2200013,한림대학교춘천성심병원,21,20260728055717,033-240-5219,Y,Y,2,3,,,,0,,,,,,,,,,3,,,,2,,,,0,22,,,,,0,Y,Y,Y,,,,Y,,Y,Y,0,,Y,Y,Y,66,Y,6,Y,Y,,9,Y,22,3,,,20,,,,,,8,,,,,20,2,45,,,9,,,2,1,2,2,3,33,1,4,6,2,1,1,1,252,2,3,,,,2,,,,,,,,,,,Y,Y,A2200013,3
2026-07-28 06:01:22,data_go_kr,강원특별자치도,A2200005,의료법인강릉동인병원,16,20260728060010,033-650-6105,,,,,,,,,,3,,,,,,,,,1,,2,,,,,2,,,,,9,,,,Y,,,,Y,,Y,Y,,,Y,Y,N1,69,N1,0,N1,Y,,5,N1,17,,1,2,,12,,,,,,,,,,12,2,,,,5,,101,,,2,1,1,14,,,1,,,,,248,,,,,,,,,,,,,,,,,Y,N1,A2200005,4
2026-07-28 06:01:22,data_go_kr,강원특별자치도,A2200007,강원특별자치도삼척의료원,13,20260728055501,033-571-0431,,Y,,,,,,,,,,,,,,,,1,2,,1,1,,,,0,3,,,,,6,Y,,Y,,,,,,Y,N1,,,Y,Y,N1,51,N1,0,Y,Y,,4,N1,16,1,2,1,2,,,,,,,,,,,6,2,3,,,4,,,10,1,1,1,,3,,3,1,,,,,189,,,,,,,,,,,,,,,,,Y,N1,A2200007,5
2026-07-28 06:01:22,data_go_kr,강원특별자치도,A2200012,강원특별자치도속초의료원,17,20260728060001,,Y,Y,,,,,,,,,,,,,,,,,2,,1,,,,,,,,,,,,Y,,Y,,,,,,Y,N1,,,N1,Y,N1,67,N1,0,Y,Y,,3,N1,17,,2,1,,,,,,,,,,,,8,,,,,3,,,,2,1,1,,7,1,1,,,,,,154,,,,,,,,,,,,,,,,,Y,Y,A2200012,6
2026-07-28 06:01:22,data_go_kr,강원특별자치도,A2200009,강원대학교병원,14,20260728060000,033-258-2293,Y,Y,,,,,0,,,3,,,,,,,,3,2,,3,0,4,,4,0,,,,,3,12,Y,,Y,1,,,Y,,Y,Y,,,Y,Y,Y,230,Y,,Y,Y,4,11,N1,21,3,2,3,5,10,,15,8,,,8,,8,,,2,,,,11,,16,14,3,4,2,4,43,13,24,12,3,10,,,508,,,,,0,,,,,,,,,,,,Y,Y,A2200009,7
2026-07-28 06:01:22,data_go_kr,강원특별자치도,A2200011,강원특별자치도강릉의료원,4,20260728060001,033-610-1234,,,,,,,,,,,,,,,,20,,,,,1,,,,,,,,,,,5,,,Y,,,,,,Y,N1,,,N1,Y,N1,14,N1,0,N1,Y,,2,N1,5,,,1,,,,,,,,,,,,8,,,,,2,,,5,,1,1,,4,,,,,,,,122,,,,,,,,,,,,,20,,,,Y,N1,A2200011,8
2026-07-28 06:01:22,data_go_kr,강원특별자치도,A2200003,의료법인동해동인병원,8,20260728055947,033-530-0129,,,,,,,,,,,,,,,,,,,,,1,,,,,1,,,,,57,,,,Y,,,,,,Y,N1,,,N1,Y,N1,19,N1,8,N1,Y,,2,N1,10,,,1,,,,,,,,,,,,19,1,,,,2,,110,,,1,1,,7,,,,,,,,178,,,,,,,,,,,,,,,,,Y,N1,A2200003,9
2026-07-28 06:01:22,data_go_kr,강원특별자치도,A2200046,의료법인온세움의료재단온재병원,4,20260728055942,033-639-8988,,,,,,,,,,,,,,,,,,,,,1,,,,,,,,,,29,,,,Y,,,,,,Y,N1,,,N1,Y,N1,30,N1,0,N1,Y,,4,N1,9,,,1,,,,,,,,,,,,15,,,,,4,,59,,,1,1,,5,,,,,,,,219,,,,,,,,,,,,,,,,,Y,N1,A2200046,10
2026-07-28 06:01:22,data_go_kr,강원특별자치도,A2200037,의료법인성심의료재단양구성심병원,4,20260728055935,033-480-8816,,Y,,,,,,,,,,,,,,,,,1,,,,,,,,,,,,,,Y,,Y,,,,,,Y,N1,,,N1,Y,N1,39,N1,,Y,N1,,,N1,5,,1,,,,,,,,,,,,,,,,,,,,,,1,1,,,1,,1,,,,,,52,,,,,,,,,,,,,,,,,Y,N1,A2200037,11
2026-07-28 06:01:22,data_go_kr,강원특별자치도,A2200002,강원특별자치도영월의료원,9,20260728060002,033-370-9129,,Y,,,,,,,,,,,,,,,1,,,,,,,,,0,,,,,,2,Y,,Y,,,,,,Y,N1,,,N1,Y,N1,51,N1,0,Y,Y,,2,N1,9,,,,,,,,,,,,,,,10,2,,,,2,,,2,1,1,1,,7,,3,,,,,,174,,,,,,,,,,,,,,1,,,Y,N1,A2200002,12
2026-07-28 06:01:22,data_go_kr,강원특별자치도,A2200015,강원특별자치도원주의료원,15,20260728060002,033-760-4701,,,,,,,,,,,,,,,,,,,1,,2,,,,,,,,,,,,,,Y,,,,,,Y,N1,,,N1,Y,N1,44,N1,3,N1,Y,,3,N1,17,,1,2,,,,,,,,,,,,20,,,,,3,,,,,1,1,,7,,,,,,,,259,,,,,,,,,,,,,,,,,Y,N1,A2200015,13
2026-07-28 06:01:22,data_go_kr,강원특별자치도,A2200024,의료법인성지의료재단성지병원,6,20260728055815,033-760-3119,,,,,,,,,,,,,,,,13,,,,,1,,,,,,,,,,,,,,Y,,,,,,Y,N1,,,N1,Y,N1,-80,N1,9,N1,Y,,4,N1,7,,,1,,,,,,,,,,,,9,,,,,4,,,,,1,2,,4,,,,,,,,135,,,,,,,,,,,,,13,,,,Y,N1,A2200024,14
2026-07-28 06:01:22,data_go_kr,강원특별자치도,A2200048,근로복지공단정선병원,5,20260728055800,033-560-7150,,,,,,,,,,,,,,,,,,,,,1,,,,,,,,,,,,,,Y,,,,,,Y,N1,,,N1,Y,N1,29,N1,,N1,N1,,,N1,5,,,1,,,,,,,,,,,,,,,,,,,,,,1,,,3,,,,,,,,149,,,,,,,,,,,,,,,,,Y,N1,A2200048,15
2026-07-28 06:01:22,data_go_kr,강원특별자치도,A2201730,철원병원,5,20260728060001,033-452-5012,N,Y,,,,,,,,,,,,,,,,,1,,,,,,,,,,,,,,Y,N,Y,,,,N,,Y,N,,,N,Y,N,35,N,,Y,Y,,2,N,5,,1,,,,,,,,,,,,,,,,,,2,,,,1,1,1,0,1,0,1,0,0,0,0,0,68,,,,,,,,,,,,,,,,,Y,N,A2201730,16
2026-07-28 06:01:22,data_go_kr,강원특별자치도,A2200004,근로복지공단태백병원,9,20260728055900,033-580-3119,,,,,,,,,,,,,,,,,,,1,,,,,,,1,,,,,,,Y,,Y,,,,,,Y,N1,,,N1,Y,N1,45,N1,5,N1,Y,,2,N1,9,,1,,,,,,,,,,,,,9,1,,,,2,,,,1,1,1,,8,,,,,,,,223,,,,,,,,,,,,,,,,,Y,N1,A2200004,17
2026-07-28 06:01:22,data_go_kr,강원특별자치도,E2200026,평창군보건의료원,6,20260728060003,033-330-4812,,,,,,,,,,,,,,,,,,,,,1,,,,,,,,,,,,,,Y,,,,,,Y,N1,,,N1,Y,N1,20,N1,,N1,N1,,,N1,6,,,1,,,,,,,,,,,,,,,,,,,,,,1,,,1,,,,,,,,20,,,,,,,,,,,,,,,,,Y,N1,E2200026,18
2026-07-28 06:01:22,data_go_kr,강원특별자치도,A2200014,홍천아산병원,10,20260728060000,033-430-5119,,,,,,,,,,,,,,,,,,,,,,,,,,,,,,,,,,,Y,,,,,,Y,N1,,,N1,Y,N1,5,N1,0,N1,Y,,2,N1,10,,,,,,,,,,,,,,,7,,,,,2,,,,,1,1,,4,,,,,,,,128,,,,,,,,,,,,,,,,,Y,N1,A2200014,19
2026-07-28 06:01:22,data_go_kr,강원특별자치도,E2200025,화천군보건의료원,7,20260728060003,033-440-2880,,,,,,,,,,,,,,,,,,,,,1,,,,,,,,,,,,,,,,,,,,Y,N1,,,N1,N1,N1,16,N1,,N1,N1,,,N1,7,,,1,,,,,,,,,,,,,,,,,,,,,,,,,1,,,,,,,,16,,,,,,,,,,,,,,,,,Y,N1,E2200025,20
2026-07-28 06:01:22,data_go_kr,강원특별자치도,A2200016,횡성대성병원,9,20260728060028,033-345-1191,,,,,,,,,,,,,,,,,,,,,1,,,,,,,,,,,,,,Y,,,,,,Y,N1,,,N1,Y,N1,31,N1,,N1,Y,,1,N1,9,,,1,,,,,,,,,,,,,,,,,1,,,,,1,1,,1,,,,,,,,114,,,,,,,,,,,,,,,,,Y,N1,A2200016,21
2026-07-28 06:01:22,data_go_kr,충청북도,A2300001,충북대학교병원,21,20260728060000,043-269-6114,Y,Y,2,3,,,,0,,2,,,,,,,,7,,,,6,,,,1,29,,11,2,5,13,Y,,Y,,2,6,Y,17,Y,Y,3,,Y,Y,Y,139,Y,7,Y,Y,13,16,N1,30,8,,,18,8,,25,,,4,,20,,,17,5,40,,40,16,2,21,13,2,4,4,6,98,13,31,18,10,17,,,547,2,3,,,,2,,,,,,,,,2,6,Y,Y,A2300001,1
2026-07-28 06:01:22,data_go_kr,충청북도,A2300009,의료법인명지의료재단명지병원,18,20260728060004,043-640-8117,,,,,,,,,,,,,,,,,,3,2,,4,2,,,,3,,,,,,,,,Y,,,,Y,,Y,Y,,,Y,Y,Y,57,N1,7,N1,Y,,3,N1,18,3,2,4,2,,,,,,,,,,,15,3,,,,3,,,,,2,1,1,10,,,2,1,,,,201,,,,,,,,,,,,,,,,,Y,N1,A2300009,2
2026-07-28 06:01:22,data_go_kr,충청북도,A2300005,의료법인자산의료재단제천서울병원,14,20260728055545,043-643-2327,,,,,,,,,,,,,,,,,,,1,,4,,,,,,3,,,,,,,,Y,,,,,,Y,N1,,,Y,Y,N1,19,N1,1,N1,Y,,3,Y,15,,1,4,,,,,,,,,,,,11,,5,,,3,,,,,1,1,,10,,,1,,,,1,202,,,,,,,,,,,,,,,,,Y,N1,A2300005,3
2026-07-28 06:01:22,data_go_kr,충청북도,A2300013,의료법인 건명의료재단 중앙제일병원,17,20260728055617,043-537-9119,,,,,,,,,,,,,,,,,,,3,,,,,,,4,,,,,,31,,,Y,,,,,,Y,N1,,,Y,Y,N1,64,N1,2,N1,Y,,5,N1,17,,3,,,,,,,,,,,,,12,6,,,,5,,,31,,2,2,,6,,,1,,,,,192,,,,,,,,,,,,,,,,,Y,N1,A2300013,4
2026-07-28 06:01:22,data_go_kr,충청북도,A2300007,의료법인인화재단한국병원,12,20260728055821,043-222-6177,,Y,,,,,,,,,,,,,,,3,,1,,2,,,,,1,,,,,,1,Y,,Y,,,,Y,,Y,Y,,,Y,Y,N1,48,N1,3,Y,Y,,8,N1,14,,1,2,,,,,,,,,,,,24,1,,,,8,,,1,1,3,3,2,18,,1,3,,,,,403,,,,,,,,,,,,,,3,,,Y,N1,A2300007,5
2026-07-28 06:01:22,data_go_kr,충청북도,A2300003,의료법인정산의료재단효성병원,15,20260728055601,043-221-2192,,N,,,,,,,,,,,,,,,,,1,,4,0,,,,0,0,,,,,,Y,,Y,,,,Y,,Y,Y,,,Y,Y,N1,59,N1,0,N,Y,,4,Y,18,,1,4,2,,,,,,,,,,,27,2,3,,,4,,,,1,3,4,2,19,,1,2,,,,1,363,,,,,,,,,,,,,,,,,Y,N1,A2300003,6
2026-07-28 06:01:22,data_go_kr,충청북도,A2300008,청주성모병원,11,20260728060011,043-219-8119,,Y,,,,,,,,5,,,,,,,,,2,5,5,2,,,,1,4,,,,,5,Y,,Y,,,,Y,,Y,Y,,,Y,Y,N1,127,N1,,Y,Y,,8,N1,15,,2,5,2,13,12,,,,,,,,,,1,4,,,8,,,30,1,3,2,2,19,,2,2,,,,,358,,,,,,,,,,,,,,,,,Y,N1,A2300008,7
2026-07-28 06:01:22,data_go_kr,충청북도,A2300002,의료법인한마음의료재단하나병원,6,20260728055745,043-230-6594,,,,,,,,,,,,,,,,,9,,1,,2,,,,,2,,,,,,,,,Y,,,,Y,,Y,Y,,,Y,Y,N1,115,N1,6,N1,Y,,7,Y,11,,1,2,,,,,,,,,,,,24,2,,,,7,,,,,3,3,2,20,,,4,,,,1,463,,,,,,,,,,,,,,9,,,Y,N1,A2300002,8
2026-07-28 06:01:22,data_go_kr,충청북도,A2300010,건국대학교충주병원,20,20260728060001,043-840-8330,Y,Y,,,,,,,,,,,,,,,,,1,,2,,,,,,,,,,,0,Y,,Y,,,,Y,,Y,Y,,,Y,Y,Y,59,N1,5,Y,Y,,5,N1,20,,1,2,,,,,,,,,,,,18,,,,,5,,,1,1,2,1,2,11,1,4,3,1,,,,194,,,,,,,,,,,,,,,,,Y,Y,A2300010,9
2026-07-28 06:01:22,data_go_kr,충청북도,A2300034,의료법인대광의료재단괴산성모병원,9,20260728060031,043-830-5419,,,,,,,,,,,,,,,,,,,,,0,,,,,,,,,,,,,,Y,,,,,,Y,N1,,,N1,Y,N1,8,N1,,N1,Y,,1,N1,9,,,1,,,,,,,,,,,,,,,,,1,,,,,1,1,,3,,,,,,,,153,,,,,,,,,,,,,,,,,Y,N1,A2300034,10
2026-07-28 06:01:22,data_go_kr,충청북도,E2300011,단양군보건의료원,6,20260728060003,043-420-0139,,,,,,,,,,,,,,,,,,,1,,,,,,,,,,,,,2,,,Y,,,,,,Y,N1,,,N1,Y,N1,13,N1,,N1,N1,,,N1,6,,1,,,,,,,,,,,,,,,,,,,,,2,,1,,,1,,,,,,,,14,,,,,,,,,,,,,,,,,Y,N1,E2300011,11
2026-07-28 06:01:22,data_go_kr,충청북도,A2300030,의료법인조윤의료재단영동병원,9,20260728060003,043-740-9333,,Y,,,,,,,,,,,,,,,,,,,,,,,,,,,,,,,Y,,Y,,,,,,Y,N1,,,N1,Y,N1,32,N1,,Y,Y,,2,N1,10,,,,,,,,,,,,,,,,,,,,2,,,,1,1,1,,3,,1,,,,,,161,,,,,,,,,,,,,,,,,Y,N1,A2300030,12
2026-07-28 06:01:22,data_go_kr,충청북도,A2300011,의료법인힐링의료재단옥천성모병원,6,20260728055828,043-730-7119,,,,,,,,,,,,,,,,,,,2,,1,,,,,,,,,,,,,,Y,,,,,,Y,N1,,,N1,Y,N1,10,N1,2,N1,Y,,2,N1,7,,2,1,,,,,,,,,,,,7,,,,,2,,,,,1,1,,4,,,,,,,,157,,,,,,,,,,,,,,,,,Y,N1,A2300011,13
2026-07-28 06:01:22,data_go_kr,충청북도,A2300006,충청북도청주의료원,12,20260728060002,043-279-0119,,Y,,,,,,,,,,,,,,,3,,1,,,,,,,2,,,,,90,6,Y,,Y,,,,Y,,Y,Y,,,Y,Y,N1,157,N1,18,Y,Y,,5,N1,12,,1,,,,,,,,,,,,,21,3,,,,5,,90,6,1,1,2,1,11,,1,1,,,,,359,,,,,,,,,,,,,,3,,,Y,N1,A2300006,14
2026-07-28 06:01:22,data_go_kr,충청북도,A2300004,충청북도충주의료원,14,20260728060003,043-871-0119,,,,,,,,,,,,,,,,,,,1,,2,,,,,,,,,,,,,,Y,,,,Y,,Y,Y,,,Y,Y,N1,120,N1,4,N1,Y,,4,N1,18,,1,2,,,,,,,,,,,,12,,,,,4,,,,,1,1,1,8,,,1,,,,,282,,,,,,,,,,,,,,,,,Y,N1,A2300004,15
2026-07-28 06:01:22,data_go_kr,충청남도,A2400002,단국대학교의과대학부속병원,18,20260728060000,041-550-6840,Y,Y,2,2,,,,1,,,,,,3,,,,4,,1,1,6,,,,0,9,,1,2,11,0,Y,,Y,0,2,6,Y,0,Y,Y,,,Y,Y,Y,66,Y,,Y,Y,1,13,Y,25,4,,1,18,,13,25,,,,13,20,,,,1,30,,40,13,2,20,8,3,4,3,6,6,14,29,15,7,17,,1,640,2,2,,,,2,,,,,7,,,,2,6,Y,Y,A2400002,1
2026-07-28 06:01:22,data_go_kr,충청남도,A2400001,학교법인동은학원순천향대학교부속천안병원,18,20260728055622,041-590-7019,Y,Y,,,1,3,1,,,8,,,,,,,,13,4,8,3,5,,2,,4,2,3,,,,0,Y,Y,Y,,,,Y,,Y,Y,,,Y,Y,Y,54,Y,,Y,Y,5,19,Y,22,14,4,3,17,18,15,38,,2,,,,,,,6,30,6,,19,,,14,11,6,4,6,60,16,37,6,6,10,1,1,713,,,1,3,1,,,,,,,,,,,,Y,Y,A2400001,2
2026-07-28 06:01:22,data_go_kr,충청남도,A2400009,의료법인백제병원,16,20260728055851,041-730-8882,,,,,,,,,,,,,,,,,,,1,,2,,,,,,,,,,19,,,,Y,,,,Y,,Y,Y,,,Y,Y,N1,16,N1,0,N1,Y,,4,N1,20,,1,2,,,,,,,,,,,,26,,,,,4,,49,,,2,2,1,11,,,3,,,,,398,,,,,,,,,,,,,,,,,Y,N1,A2400009,3
2026-07-28 06:01:22,data_go_kr,충청남도,A2400008,당진종합병원,16,20260728060002,041-358-3624,,,,,,,,,,,,,,,,,,,1,,2,,,,,,,,,,,,,,Y,,,,Y,,Y,Y,,,Y,Y,N1,81,N1,0,N1,Y,,4,N1,17,,1,2,,,,,,,,,,,,13,,,,,4,,,,,2,2,1,5,,,1,,,,,246,,,,,,,,,,,,,,,,,Y,N1,A2400008,4
2026-07-28 06:01:22,data_go_kr,충청남도,A2400011,재단법인아산사회복지재단보령아산병원,17,20260728055500,041-930-5333,,,,,,,,,,,,,,,,,,,1,,2,,,,,,,,,,,,,,Y,,,,,,Y,N1,,,N1,Y,N1,77,N1,5,N1,Y,,2,N1,17,,1,2,,,,,,,,,,,,8,,,,,2,,,,,1,1,,4,,,,,,,,221,,,,,,,,,,,,,,,,,Y,N1,A2400011,5
2026-07-28 06:01:22,data_go_kr,충청남도,A2400003,서산중앙병원,15,20260728055503,041-661-1195,,,,,,,,,,,,,,,,,,,1,,2,,,,,,,,,,,,,,Y,,,,,,Y,N1,,,Y,Y,N1,44,N1,3,N1,Y,,4,N1,17,,1,2,,,,,,,,,,,,17,,,,,4,,,,,1,1,,7,,,1,,,,,288,,,,,,,,,,,,,,,,,Y,N1,A2400003,6
2026-07-28 06:01:22,data_go_kr,충청남도,A2400006,충청남도서산의료원,8,20260728055602,041-689-7119,,,,,,,,,,,,,,,,,,,1,,2,0,,,,,1,,,,,5,,,Y,,,,,,Y,N1,,,N1,Y,N1,24,N1,0,N1,Y,,3,N1,17,,1,2,2,,,,,,,,,,,8,,4,,,3,,,5,,2,1,,10,,,,,,,,259,,,,,,,,,,,,,,,,,Y,N1,A2400006,7
2026-07-28 06:01:22,data_go_kr,충청남도,A2402257,아산충무병원,12,20260728055536,041-536-6519,,,1,7,,,,,,,,,,5,,,,,,,,,,,,2,,,,,,,Y,,Y,,,,Y,,Y,Y,,,Y,Y,Y,149,Y,8,N1,Y,,4,N1,13,,,,,,,,,,,,,,,22,2,,,,4,,,,1,2,2,3,27,,,4,2,1,,,456,1,7,,,,,,,,,5,,,,,,Y,N1,A2402257,8
2026-07-28 06:01:22,data_go_kr,충청남도,A2400012,의료법인영서의료재단천안충무병원,13,20260728055837,041-570-7519,,,,,,,,,,,,,,,,,,,1,,4,,,,,0,,,,,,,,,Y,0,,,Y,,Y,Y,,,Y,Y,Y,39,N1,-1,N1,Y,,5,N1,16,,1,4,,,,,,,,7,,,,19,3,,,,5,,,,,2,2,3,26,,,3,3,,,,333,,,,,,,,,,,,,,,,,Y,N1,A2400012,9
2026-07-28 06:01:22,data_go_kr,충청남도,A2400007,충청남도홍성의료원,14,20260728060001,041-630-6119,,,,,,,,,,,,,,,,,,1,1,,2,2,,,,1,2,,,,3,1,Y,,Y,,,,N,,Y,N,,,Y,Y,N1,106,N1,1,N1,Y,,4,N,18,1,1,2,2,,,,,,,,,,,22,1,3,,,4,,49,1,1,2,2,1,10,,,1,,,,2,260,,,,,,,,,,,,,,,,,Y,N1,A2400007,10
2026-07-28 06:01:22,data_go_kr,충청남도,A2400010,충청남도공주의료원,14,20260728060001,041-962-1365,,,,,,,,,,,,,,,,,,,,,1,,,,,,,,,,,4,,,Y,,,,,,Y,N1,,,Y,Y,N1,58,N1,1,N1,Y,,6,N1,15,,,1,,,,,,,,,,,,16,,,,,6,,,6,,1,1,,9,,,2,,,,,273,,,,,,,,,,,,,,,,,Y,N1,A2400010,11
2026-07-28 06:01:22,data_go_kr,충청남도,A2400038,학교법인건양교육재단건양대학교부여병원,8,20260728055826,041-837-1201,,,,,,,,,,,,,,,,,,,,,1,,,,,,,,,,,,,,Y,,,,,,Y,N1,,,N1,Y,N1,22,N1,,N1,N1,,1,N1,9,,,1,,,,,,,,,,,,,,,,,1,,,,,1,,,1,,,,,,,,55,,,,,,,,,,,,,,,,,Y,N1,A2400038,12
2026-07-28 06:01:22,data_go_kr,충청남도,A2400044,의료법인 서해병원,5,20260728055955,041-950-0219,,,,,,,,,,,,,,,,,,,,,2,,,,,,,,,,,,,,Y,,,,,,Y,N1,,,N1,Y,N1,14,N1,,N1,N1,,,N1,5,,,2,,,,,,,,,,,,,,,,,,,,,,1,,,1,,,,,,,,79,,,,,,,,,,,,,,,,,Y,N1,A2400044,13
2026-07-28 06:01:22,data_go_kr,충청남도,A2400039,현대병원,10,20260728060001,041-546-7744,N,N,,,,,,,,,,,,,,,,,,,1,,,,,,,,,,,,N,N,Y,0,,,N,,Y,N,,,N,Y,N,5,N,2,N,Y,,3,N,10,,,1,,,,,,,,0,,,,7,,,,,3,,,,0,1,1,0,3,0,0,0,0,0,0,0,84,,,,,,,,,,,,,,,,,Y,N,A2400039,14
2026-07-28 06:01:22,data_go_kr,충청남도,A2400004,의료법인 예당의료재단 예산종합병원,6,20260728055947,041-330-4119,,,,,,,,,,,,,,,,,,,,,1,,,,,,,,,,,,,,Y,,,,,,Y,N1,,,N1,Y,N1,0,N1,5,N1,Y,,0,N1,6,,,1,,,,,,,,,,,,9,,,,,0,,,,,0,0,,0,,,,,,,,88,,,,,,,,,,,,,,,,,Y,N1,A2400004,15
2026-07-28 06:01:22,data_go_kr,충청남도,A2400005,충청남도천안의료원,10,20260728060001,041-570-7119,,,,,,,,,,,,,,,,6,,,,,1,,,,,,,,,,,,,,Y,,,,,,Y,N1,,,N1,Y,N1,53,N1,7,N1,Y,,4,N1,12,,,1,,,,,,,,,,,,15,,,,,4,,,,,1,1,,10,,,,,,,,241,,,,,,,,,,,,,6,,,,Y,N1,A2400005,16
2026-07-28 06:01:22,data_go_kr,충청남도,E2400032,청양군보건의료원,6,20260728060003,041-940-4951,,,,,,,,,,,,,,,,,,,,,1,,,,,,,,,,,,,,Y,,,,,,Y,N1,,,N1,Y,N1,12,N1,,N1,N1,,1,N1,6,,,1,,,,,,,,,,,,,,,,,1,,,,,1,,,1,,,,,,,,12,,,,,,,,,,,,,,,,,Y,N1,E2400032,17
2026-07-28 06:01:22,data_go_kr,충청남도,E2400033,태안군보건의료원,10,20260728060003,041-671-5319,,,,,,,,,,,,,,,,,,,,,1,,,,,,,,,,,,,,Y,,,,,,Y,N1,,,N1,Y,N1,21,N1,,N1,N1,,,N1,10,,,1,,,,,,,,,,,,,,,,,,,,,,1,,,1,,,,,,,,34,,,,,,,,,,,,,,,,,Y,N1,E2400033,18
2026-07-28 06:01:22,data_go_kr,전북특별자치도,A2500001,원광대학교병원,2,20260728060020,063-859-1165,Y,Y,2,2,,,,2,,3,,,,,,,,3,,3,,5,,,2,4,11,,14,2,1,1,Y,,Y,,2,6,Y,9,Y,Y,,,Y,Y,Y,62,Y,6,Y,Y,2,15,Y,26,3,,,18,8,15,15,,,,,20,8,,15,7,31,,40,15,2,30,2,1,5,4,5,11,12,20,8,4,1,,2,543,2,3,,,,2,,,,,,,,,2,6,Y,Y,A2500001,1
2026-07-28 06:01:22,data_go_kr,전북특별자치도,A2500002,전북대학교병원,17,20260728055540,063-250-1131,Y,Y,2,5,,,2,1,,2,,,,,,,,4,,2,,3,5,,3,1,5,,,,3,15,Y,,Y,5,,,Y,,Y,Y,,,Y,Y,Y,287,Y,,Y,Y,21,21,N1,36,5,,,17,10,8,25,10,,,18,,11,,,2,30,,,21,,23,15,3,1,2,5,11,15,22,4,2,1,,,834,2,5,,,2,1,,,,,,,,,,,Y,Y,A2500002,2
2026-07-28 06:01:22,data_go_kr,전북특별자치도,A2500007,전북특별자치도군산의료원,15,20260728055701,063-472-5130,,Y,,,,,,,,,,,,,,,,,1,,2,1,,,,2,2,,,,,,Y,,Y,,,,,,Y,N1,,,N1,Y,N1,81,N1,7,Y,Y,,6,N1,17,,1,2,2,,,,,,,,,,,18,2,3,,,6,,,,1,1,1,,18,,2,,,,,,289,,,,,,,,,,,,,,,,,Y,N1,A2500007,3
2026-07-28 06:01:22,data_go_kr,전북특별자치도,A2500012,의료법인오성의료재단동군산병원,13,20260728055947,063-440-0516,,,,,,,,,,,,,,,,0,,,1,,5,1,,,,,1,,,,,,,,Y,,,,Y,,Y,Y,,,Y,Y,N1,19,N1,4,N1,Y,,6,N1,17,,1,5,2,,,,,,,,,,,24,,3,,,6,,,,,2,2,2,13,,,2,,,,,262,,,,,,,,,,,,,0,,,,Y,N1,A2500012,4
2026-07-28 06:01:22,data_go_kr,전북특별자치도,A2500004,전북특별자치도남원의료원,13,20260728060001,063-620-1119,,Y,,,,,,,,,,,,,,,,,1,,2,,,,,1,,,,,,,Y,,Y,,,,,,Y,N1,,,N1,Y,N1,39,N1,3,Y,Y,,3,N1,17,,1,2,,,,,,,,,,,,9,1,,,,3,,,,3,2,1,,10,,1,,,,,,190,,,,,,,,,,,,,,,,,Y,N1,A2500004,5
2026-07-28 06:01:22,data_go_kr,전북특별자치도,A2500011,의료법인대산의료재단익산병원,12,20260728060008,063-840-9112,,,,,,,,,,,,,,,,,,,1,,2,,,,,0,,,,,,,,,Y,,,,Y,,Y,Y,,,N1,Y,N1,19,N1,7,N1,Y,,5,N1,17,,1,2,,,,,,,,,,,,17,1,,,,5,,,,,2,2,1,7,,,,,,,,333,,,,,,,,,,,,,,,,,Y,N1,A2500011,6
2026-07-28 06:01:22,data_go_kr,전북특별자치도,A2500056,대자인병원,27,20260728060008,063-250-8701,,,,,,,,,,,,,,,,,,,1,1,2,,,,,3,,,,,,,,Y,Y,,,,Y,,Y,Y,,,Y,Y,Y,31,N1,2,N1,Y,,15,Y,33,,1,2,,,36,,,,,,,,,15,4,,,,15,,,,,4,3,2,12,,,4,2,,1,1,45,,,,,,,,,,,,,,,,,Y,N1,A2500056,7
2026-07-28 06:01:22,data_go_kr,전북특별자치도,A2500006,재단법인예수병원유지재단예수병원,23,20260728055954,063-230-8280,Y,Y,,,1,1,,,,,,,,,,,,4,1,,2,,,2,,4,,2,,,,2,Y,,Y,0,,,Y,,Y,Y,,,Y,Y,Y,126,N1,2,Y,Y,4,14,Y,38,10,1,2,,,,12,,2,,14,,,,23,4,,6,,14,,,5,4,4,3,4,40,6,11,7,2,,,2,685,,,1,1,,,,,,,,,,,,,Y,Y,A2500006,8
2026-07-28 06:01:22,data_go_kr,전북특별자치도,A2500005,의료법인영경의료재단전주병원,6,20260728055947,063-226-6119,,,,,,,,,,,,,,,,,,,1,,2,,,,,,,,,,,,,,Y,,,,,,Y,N1,,,Y,Y,N1,7,N1,5,N1,Y,,5,N1,17,,1,2,,,,,,,,,,,,9,,,,,5,,,,,1,2,,6,,,1,,,,,275,,,,,,,,,,,,,,,,,Y,N1,A2500005,9
2026-07-28 06:01:22,data_go_kr,전북특별자치도,A2500008,재단법인 아산사회복지재단 정읍아산병원,15,20260728055500,063-530-6129,,,,,,,,,,,,,,,,,,,1,,2,,,,,,,,,,,,,,Y,,,,,,Y,N1,,,N1,Y,N1,72,N1,3,N1,Y,,3,N1,17,,1,2,,,,,,,,,,,,12,,,,,3,,,,,1,1,,5,,,,,,,,276,,,,,,,,,,,,,,,,,Y,N1,A2500008,10
2026-07-28 06:01:22,data_go_kr,전북특별자치도,A2500009,의료법인석천재단고창병원,10,20260728055910,063-560-5558,,,,,,,,,,,,,,,,,,,,,1,,,,,,,,,,,,,,Y,,,,,,Y,N1,,,N1,Y,N1,0,N1,,N1,Y,,2,N1,10,,,1,,,,,,,,,,,,,,,,,2,,,,,1,1,,4,,,,,,,,258,,,,,,,,,,,,,,,,,Y,N1,A2500009,11
2026-07-28 06:01:22,data_go_kr,전북특별자치도,A2500038,김제우석병원,10,20260728055930,063-540-5119,,,,,,,,,,,,,,,,,,,,,1,,,,,,,,,,,,,,Y,,,,,,Y,N1,,,N1,Y,N1,83,N1,,N1,Y,,2,N1,10,,,1,,,,,,,,,,,,,,,,,2,,,,,1,1,,1,,,,,,,,200,,,,,,,,,,,,,,,,,Y,N1,A2500038,12
2026-07-28 06:01:22,data_go_kr,전북특별자치도,E2500019,무주군보건의료원,4,20260728060003,063-320-8315,,,,,,,,,,,,,,,,,,,,,1,,,,,,,,,,,,,,Y,,,,,,Y,N1,,,N1,Y,N1,24,N1,,N1,N1,,,N1,4,,,1,,,,,,,,,,,,,,,,,,,,,,1,,,1,,,,,,,,24,,,,,,,,,,,,,,,,,Y,N1,E2500019,13
2026-07-28 06:01:22,data_go_kr,전북특별자치도,A2500010,부안성모병원,10,20260728055234,063-580-8119,,,,,,,,,,,,,,,,,,,,,2,,,,,,,,,,,,,,Y,,,,,,Y,N1,,,N1,Y,N1,5,N1,9,N1,Y,,3,N1,10,,,2,,,,,,,,,,,,9,,,,,3,,,,,1,1,,2,,,,,,,,240,,,,,,,,,,,,,,,,,Y,N1,A2500010,14
2026-07-28 06:01:22,data_go_kr,전북특별자치도,E2500021,순창군보건의료원,9,20260728060003,063-650-5352,,,,,,,,,,,,,,,,,,,,,1,,,,,,,,,,,,,,Y,,,,,,Y,N1,,,N1,Y,N1,30,N1,,N1,N1,,,N1,9,,,1,,,,,,,,,,,,,,,,,,,,,,1,,,1,,,,,,,,30,,,,,,,,,,,,,,,,,Y,N1,E2500021,15
2026-07-28 06:01:22,data_go_kr,전북특별자치도,E2500022,임실군보건의료원,4,20260728060003,063-640-3119,,,,,,,,,,,,,,,,,,,,,1,,,,,,,,,,,,,,Y,,,,,,Y,N1,,,N1,Y,N1,,N1,,N1,N1,,,N1,4,,,1,,,,,,,,,,,,,,,,,,,,,,1,,,1,,,,,,,,,,,,,,,,,,,,,,,,,Y,N1,E2500022,16
2026-07-28 06:01:22,data_go_kr,전북특별자치도,E2500020,장수군보건의료원,5,20260728060003,063-350-2119,,,,,,,,,,,,,,,,,,,,,1,,,,,,,,,,,,,,,,,,,,Y,N1,,,N1,N1,N1,20,N1,,N1,N1,,,N1,5,,,1,,,,,,,,,,,,,,,,,,,,,,,,,1,,,,,,,,22,,,,,,,,,,,,,,,,,Y,N1,E2500020,17
2026-07-28 06:01:22,data_go_kr,전북특별자치도,A2501890,의료법인영경의료재단호성전주병원,8,20260728055939,063-240-8862,,,,,,,,,,,,,,,,,,,,,1,,,,,,,,,,,,,,Y,,,,,,Y,N1,,,N1,Y,N1,6,N1,,N1,Y,,2,N1,9,,,1,,,,,,,,,,,,,,,,,2,,,,,1,1,,1,,,,,,,,122,,,,,,,,,,,,,,,,,Y,N1,A2501890,18
2026-07-28 06:01:22,data_go_kr,전북특별자치도,A2502742,새강병원,13,20260728055951,063-289-9119,,,0,0,,0,0,,,0,,,,,,,,3,1,0,2,0,,,,3,,0,,0,,0,,,Y,,,,,,Y,N1,,,N1,Y,N1,87,N1,16,N1,Y,,5,N1,14,3,1,2,0,0,0,,,,,,,,,16,3,,0,,5,0,,0,,1,1,,1,,,,,,,,201,0,0,,0,0,,,,,,,,,,,,Y,N1,A2502742,19
2026-07-28 06:01:22,data_go_kr,전북특별자치도,A2502031,진안군의료원,5,20260728060002,063-430-7119,,,,,,,,,,,,,,,,,,,,,2,,,,,,,,,,,,,,Y,,,,,,Y,N1,,,N1,Y,N1,30,N1,,N1,Y,,2,N1,6,,,2,,,,,,,,,,,,,,,,,2,,,,,1,1,,3,,,,,,,,74,,,,,,,,,,,,,,,,,Y,N1,A2502031,20
2026-07-28 06:01:22,data_go_kr,경상북도,A2700007,차의과학대학교부속구미차병원,6,20260728060006,054-450-9998,Y,Y,,,,,0,,,,,,,,,,,5,3,,2,0,,,,,3,,,,,,Y,Y,Y,,,,Y,,Y,Y,,,Y,Y,Y,34,Y,1,Y,Y,-1,8,N1,20,5,3,3,25,,,8,,,,,,,,18,,30,,,8,,,,3,3,2,2,21,3,13,2,1,2,1,,301,,,,,3,,,,,,,,,,,,Y,Y,A2700007,1
2026-07-28 06:01:22,data_go_kr,경상북도,A2700014,의료법인안동병원,5,20260728060000,054-840-0119,Y,Y,2,2,,,1,,,1,,,,,,,,2,,,,2,,,,0,6,,3,2,0,4,Y,Y,Y,,2,6,Y,3,Y,Y,,,Y,Y,Y,91,Y,1,Y,Y,10,9,Y,15,3,,,19,20,,10,,,,,20,,,13,3,30,,40,11,2,34,6,3,6,3,5,67,3,12,14,4,13,1,1,775,2,3,,,1,,,,,,,,,,2,6,Y,Y,A2700014,2
2026-07-28 06:01:22,data_go_kr,경상북도,A2700016,포항성모병원,18,20260728055900,054-260-8600,Y,Y,2,3,,,,0,2,,,,,,,,,11,,,,3,,,,1,0,,,,,1,Y,Y,Y,,,,Y,,Y,Y,,,Y,Y,Y,48,Y,3,Y,Y,,9,Y,20,11,,,15,,,,,,,,,,,16,1,17,,,9,,,1,1,3,2,2,25,1,6,4,1,2,1,3,468,2,3,,,,5,13,,,,,,,,,,Y,Y,A2700016,3
2026-07-28 06:01:22,data_go_kr,경상북도,A2700003,동국대학교의과대학경주병원,14,20260728060031,054-770-8306,Y,Y,,,,,,,,1,,,,,,,,3,2,2,5,,,,,3,,,,,10,1,Y,,Y,,,,Y,,Y,Y,,,Y,Y,N1,80,N1,0,Y,Y,,7,N1,16,3,2,5,,11,17,,,,,,,,,7,4,,,,7,,20,3,1,2,2,2,26,2,6,3,,,,,279,,,,,,,,,,,,,,,,,Y,Y,A2700003,4
2026-07-28 06:01:22,data_go_kr,경상북도,A2700013,순천향대학교부속구미병원,10,20260728055620,054-468-9119,,Y,,,,,,,,,,,,,,,,2,1,,2,1,,,,2,0,,,,,1,Y,,Y,,,,Y,,Y,Y,,,Y,Y,N1,39,N1,6,Y,Y,,6,N1,13,4,1,2,2,,,,,,,,,,,31,2,3,,,6,,,1,1,2,2,2,20,,1,2,,,,,263,,,,,,,,,,,,,,,,,Y,N1,A2700013,5
2026-07-28 06:01:22,data_go_kr,경상북도,A2700012,의료법인덕산의료재단김천제일병원,14,20260728055806,054-420-9500,,,,,,,,,,,,,,,,,,,1,,3,1,,,,,2,,,,,,Y,,Y,,,,Y,,Y,Y,,,Y,Y,N1,55,N1,7,N1,Y,,4,Y,16,,1,3,2,,,,,,,,,,,16,,3,,,4,,,,3,1,1,1,10,,,1,,,,1,276,,,,,,,,,,,,,,,,,Y,N1,A2700012,6
2026-07-28 06:01:22,data_go_kr,경상북도,A2700006,의료법인동춘의료재단문경제일병원,15,20260728055500,054-550-7777,,,,,,,,,,,,,,,,,,,1,,0,2,,,,1,3,,,,59,3,,,Y,,,,,,Y,N1,,,N1,Y,N1,54,N1,13,N1,Y,,3,N1,17,,1,2,2,,,,,,,,,,,29,1,3,,,3,,162,4,,2,1,,8,,,,,,,,306,,,,,,,,,,,,,,,,,Y,N1,A2700006,7
2026-07-28 06:01:22,data_go_kr,경상북도,A2700004,안동성소병원,10,20260728060021,054-850-8282,,Y,,,,,,,,,,,,,,,5,,1,,1,2,,,,3,1,,,,22,0,Y,,Y,,,,Y,,Y,Y,,,Y,Y,N1,148,N1,6,Y,Y,,6,N1,12,,1,2,2,,,,,,,,,,,16,3,3,,,6,,186,2,1,2,2,2,21,,4,1,,,,,393,,,,,,,,,,,,,,5,,,Y,N1,A2700004,8
2026-07-28 06:01:22,data_go_kr,경상북도,A2700002,포항세명기독병원,10,20260728055647,054-289-1711,,,,,,,,,,,,,,,,,6,,1,,3,0,,,,1,0,,,,,2,,,Y,,,,Y,,Y,Y,,,Y,Y,Y,78,Y,3,N1,Y,,14,Y,15,,1,3,2,,,,,,,,,,,52,1,3,,,14,,,6,,6,5,4,25,,,5,1,1,,1,662,,,,,,,,,,,,,,6,,,Y,N1,A2700002,9
2026-07-28 06:01:22,data_go_kr,경상북도,A2700019,의)근원의료재단경산중앙병원,6,20260728060003,053-715-0119,,,,,,,,,,,,,,,,,,,,,2,,,,,0,,,,,43,,,,Y,,,,,,Y,N1,,,N1,Y,N1,68,N1,1,N1,Y,,4,N1,10,,,2,,,,,,,,,,,,11,2,,,,4,,116,,,1,1,,9,,,,,,,,301,,,,,,,,,,,,,,,,,Y,N1,A2700019,10
2026-07-28 06:01:22,data_go_kr,경상북도,A2700036,의료법인서명의료재단세명종합병원,5,20260728055645,053-819-8500,,,,,,,,,,,,,,,,,,,,,1,,,,,,,,,,1,,,,Y,,,,,,Y,N1,,,N1,Y,N1,21,N1,2,N1,Y,,4,N1,13,,,2,,,,,,,,,,,,14,,,,,4,,22,,,1,1,,6,,,,,,,,264,,,,,,,,,,,,,,,,,Y,N1,A2700036,11
2026-07-28 06:01:22,data_go_kr,경상북도,A2700097,계명대학교경주동산병원,9,20260728055904,054-770-9420,,,,,,,,,,,,,,,,,,,,,1,,,,,,,,,,,,,,Y,,,,,,Y,N1,,,N1,Y,N1,42,N1,,N1,Y,,2,N1,9,,,1,,,,,,,,,,,,,,,,,2,,,,,1,1,,1,,,,,,,,88,,,,,,,,,,,,,,,,,Y,N1,A2700097,12
2026-07-28 06:01:22,data_go_kr,경상북도,A2700070,의료법인영암의료재단고령영생병원,5,20260728055940,070-4700-0728,,,,,,,,,,,,,,,,,,,,,1,,,,,,,,,,,,,,Y,,,,,,Y,N1,,,N1,Y,N1,34,N1,,N1,N1,,1,N1,5,,,1,,,,,,,,,,,,,,,,,1,,,,,1,,,1,,,,,,,,59,,,,,,,,,,,,,,,,,Y,N1,A2700070,13
2026-07-28 06:01:22,data_go_kr,경상북도,A2700015,구미강동병원,6,20260728055928,054-478-9521,,,,,,,,,,,,,,,,9,,,1,,2,,,,,,,,,,,,,,Y,,,,Y,,Y,Y,,,N1,Y,N1,32,N1,4,N1,Y,,5,N1,7,,1,2,,,,,,,,,,,,12,,,,,5,,,,,1,1,1,3,,,,,,,,191,,,,,,,,,,,,,9,,,,Y,N1,A2700015,14
2026-07-28 06:01:22,data_go_kr,경상북도,A2700018,경상북도김천의료원,16,20260728060001,054-429-8234,,,,,,,,,,,,,,,,,,,1,,,,,,,2,,,,,,,,,Y,,,,,,Y,N1,,,N1,Y,N1,22,N1,4,N1,Y,,5,N1,17,,1,,,,,,,,,,,,,22,3,,,,5,,,,,1,2,,7,,,,,,,,274,,,,,,,,,,,,,,,,,Y,N1,A2700018,15
2026-07-28 06:01:22,data_go_kr,경상북도,A2700009,의료법인삼백의료재단상주성모병원,8,20260728060007,054-530-7811,,,,,,,,,,,,,,,,,,,,,1,,,,,,,,,,,,,,Y,,,,,,Y,N1,,,N1,Y,N1,24,N1,6,N1,Y,,3,N1,9,,,1,,,,,,,,,,,,10,,,,,3,,,,,1,1,,1,,,,,,,,172,,,,,,,,,,,,,,,,,Y,N1,A2700009,16
2026-07-28 06:01:22,data_go_kr,경상북도,A2700011,상주적십자병원,9,20260728060001,054-530-3171,,Y,,,,,,,,,,,,,,,,,1,,,,,,,,,,,,,,Y,,Y,,,,,,Y,N1,,,Y,Y,N1,58,N1,6,Y,Y,,3,N1,9,,1,,,,,,,,,,,,,10,,,,,3,,,,1,1,1,,7,,2,1,,,,,164,,,,,,,,,,,,,,,,,Y,N1,A2700011,17
2026-07-28 06:01:22,data_go_kr,경상북도,A2700001,경상북도안동의료원,6,20260728060002,054-850-6100,,,,,,,,,,,,,,,,,,,,,2,,,,,,,,,,,,,,Y,,,,,,Y,N1,,,N1,Y,N1,115,N1,2,N1,Y,,5,N1,6,,,2,,,,,,,,,,,,10,,,,,5,,,,,1,1,,8,,,,,,,,238,,,,,,,,,,,,,,,,,Y,N1,A2700001,18
2026-07-28 06:01:22,data_go_kr,경상북도,A2700031,영주기독병원,4,20260728032902,054-635-3050,,Y,,,,,,,,,,,,,,,,,,,1,,,,,,,,,,,,Y,,Y,,,,,,Y,N1,,,N1,Y,N1,11,N1,,Y,N1,,1,N1,4,,,1,,,,,,,,,,,,,,,,,1,,,,1,1,,,1,,2,,,,,,70,,,,,,,,,,,,,,,,,Y,N1,A2700031,19
2026-07-28 06:01:22,data_go_kr,경상북도,A2700020,영주자인병원,4,20260728055940,070-7335-5229,,,,,,,,,,,,,,,,,,,,,1,,,,,,,,,,,,,,Y,,,,,,Y,N1,,,N1,Y,N1,21,N1,,N1,Y,,,N1,4,,,1,,,,,,,,,,,,,,,,,2,,,,,1,1,,,,,,,,,,133,,,,,,,,,,,,,,,,,N1,N1,A2700020,20
2026-07-28 06:01:22,data_go_kr,경상북도,A2702752,영주적십자병원,10,20260728055934,054-630-0112,,,,,,,,,,,,,,,,,,,1,,,,,,,,,,,,,,,,Y,,,,,,Y,N1,,,Y,Y,N1,67,N1,3,N1,Y,,3,N1,10,,1,,,,,,,,,,,,,10,,,,,3,,,,,1,1,,4,,,1,,,,,140,,,,,,,,,,,,,,,,,Y,N1,A2702752,21
2026-07-28 06:01:22,data_go_kr,경상북도,A2700017,영남대학교의과대학부속영천병원,10,20260728055755,054-330-7575,,,,,,,,,,,,,,,,,,,1,,2,,,,,,,,,,,,,,Y,,,,,,Y,N1,,,N1,Y,N1,48,N1,3,N1,Y,,4,N1,10,,1,2,,,,,,,,,,,,10,,,,,4,,,,,1,1,,1,,,,,,,,190,,,,,,,,,,,,,,,,,Y,N1,A2700017,22
2026-07-28 06:01:22,data_go_kr,경상북도,A2700023,의료법인서준의료재단예천권병원,6,20260728055506,054-650-2119,,Y,,,,,,,,,,,,,,,,,1,,0,,,,,,,,,,,0,Y,,Y,,,,,,Y,N1,,,N1,Y,N1,76,N1,,Y,Y,,2,N1,6,,1,0,,,,,,,,,,,,,,,,,2,,,0,1,1,1,,3,,2,,,,,,173,,,,,,,,,,,,,,,,,Y,N1,A2700023,23
2026-07-28 06:01:22,data_go_kr,경상북도,E2700553,울릉군보건의료원,3,20260728060003,054-790-6911,,,,,,,,,,,,,,,,,,,,,,,,,,,,,,,,,,,Y,,,,,,Y,N1,,,N1,Y,N1,24,N1,,N1,N1,,1,N1,5,,,,,,,,,,,,,,,,,,,,1,,,,,1,,,1,,,,,,,,27,,,,,,,,,,,,,,,,,Y,N1,E2700553,24
2026-07-28 06:01:22,data_go_kr,경상북도,A2700052,울진군의료원,8,20260728055601,054-785-7119,,,,,,,,,,,,,,,,,,,2,,,,,,,,,,,,,2,,,Y,,,,,,Y,N1,,,N1,Y,N1,35,N1,,N1,Y,,3,N1,8,,2,,,,,,,,,,,,,,,,,,3,,,2,,1,1,,1,,,,,,,,97,,,,,,,,,,,,,,,,,Y,N1,A2700052,25
2026-07-28 06:01:22,data_go_kr,경상북도,A2700063,의료법인영제의료재단영남제일병원,4,20260728053903,054-861-9111,,,,,,,,,,,,,,,,,,,,,1,,,,,,,,,,,,,,Y,,,,,,Y,N1,,,N1,Y,N1,27,N1,,N1,N1,,1,N1,,,,,,,,,,,,,,,,,,,,,,,,,,,,,,,,,,,,,,,,,,,,,,,,,,,,,,Y,N1,A2700063,26
2026-07-28 06:01:22,data_go_kr,경상북도,A2700038,의료법인대남의료재단청도대남병원,10,20260728055751,054-370-5112,,,,,,,,,,,,,,,,,,,,,,,,,,,,,,,,,,,Y,,,,,,Y,N1,,,N1,Y,N1,85,N1,,N1,Y,,1,N1,10,,,,,,,,,,,,,,,,,,,,1,,,,,1,1,,1,,,,,,,,115,,,,,,,,,,,,,,,,,Y,N1,A2700038,27
2026-07-28 06:01:22,data_go_kr,경상북도,E2700554,청송군보건의료원,4,20260728060002,054-870-7119,,,,,,,,,,,,,,,,,,,,,1,,,,,,,,,,,,,,,,,,,,Y,N1,,,N1,N1,N1,55,N1,,N1,N1,,,N1,5,,,1,,,,,,,,,,,,,,,,,,,,,,,,,1,,,,,,,,45,,,,,,,,,,,,,,,,,Y,N1,E2700554,28
2026-07-28 06:01:22,data_go_kr,경상북도,A2700008,에스포항병원,5,20260728055735,054-289-9120,Y,,,,,,,,,,,,,,,,,,,,1,,,,,0,,,,,,,,,Y,,,,Y,,Y,Y,,,Y,Y,N1,5,N1,0,N1,Y,,4,N1,6,,,1,,,,,,,,,,,,14,1,,,,4,,,,,2,2,3,9,9,,1,,,,,239,,,,,,,,,,,,,,,,,Y,Y,A2700008,29
2026-07-28 06:01:22,data_go_kr,경상북도,A2702563,의료법인은성의료재단좋은선린병원,9,20260728060029,054-245-5200,,,,,,,,,,,,,,,,2,,,,,2,,,,,1,,,,,,,,,Y,,,,N,,Y,N,,,N1,Y,N1,78,N1,0,N1,Y,,4,N,10,,,2,,,,,,,,,,,,17,1,,,,4,,,,,1,1,2,7,,,,,,,14,281,,,,,,,,,,,,,2,,,,N,N1,A2702563,30
2026-07-28 06:01:22,data_go_kr,경상북도,A2700005,경상북도포항의료원,7,20260728060001,054-245-0129,,,,,,,,,,,,,,,,,,,1,,1,,,,,1,,,,,9,6,,,Y,,,,,,Y,N1,,,N1,Y,N1,34,N1,5,N1,Y,,3,N1,8,,1,1,,,,,,,,,,,,19,1,,,,3,,56,7,,1,1,,4,,,,,,,,179,,,,,,,,,,,,,,,,,Y,N1,A2700005,31
2026-07-28 06:01:22,data_go_kr,경상남도,A2800011,양산부산대학교병원,11,20260728055827,055-360-1463,Y,Y,2,2,1,1,0,0,,5,,0,0,,4,,,7,,5,1,0,6,2,,0,3,2,,,4,4,Y,,Y,3,,,Y,,Y,Y,,4,Y,Y,Y,194,Y,,Y,Y,18,25,N1,23,8,,1,16,16,11,38,11,2,,9,,,10,,0,30,6,,25,,33,4,4,6,5,6,92,24,23,19,12,2,,,766,2,3,1,1,2,2,,,0,0,,4,,,,,Y,Y,A2800011,1
2026-07-28 06:01:22,data_go_kr,경상남도,A2800001,경상국립대학교병원,15,20260728060001,055-750-8282,Y,Y,,,,,,3,,0,,,,,,,,3,2,5,2,2,,,3,1,2,,24,2,7,5,Y,,Y,,2,6,Y,14,Y,Y,,,Y,Y,Y,179,Y,,Y,Y,2,15,N1,28,3,2,3,14,8,9,15,,,,,20,6,,,3,30,,40,15,2,23,7,7,3,3,5,16,9,20,5,4,17,,,655,,,,,,6,,,,,,,,,2,6,Y,Y,A2800001,2
2026-07-28 06:01:22,data_go_kr,경상남도,A2800020,학교법인성균관대학삼성창원병원,20,20260728060011,055-233-8899,Y,Y,,,,,,0,,3,,,,,,,,8,2,6,2,7,,,,1,16,,,,,3,Y,,Y,,,,Y,,Y,Y,,,Y,Y,Y,166,Y,,Y,Y,19,16,N1,27,8,2,3,19,15,20,24,,,,,,,,,3,30,,,16,,,5,7,4,3,4,45,8,20,5,3,3,,,645,,,,,,1,,,,,,,,,,,Y,Y,A2800020,3
2026-07-28 06:01:22,data_go_kr,경상남도,A2800010,의료법인환명의료재단 조은금강병원,17,20260728060016,055-330-0200,,,,,,,,,,,,,,,,,,,1,,2,,,,,1,,,,,4,,,,Y,,,,Y,,Y,Y,,,N1,Y,N1,46,N1,15,N1,Y,,4,Y,17,,1,2,,,,,,,,,,,,23,1,,,,4,,96,,,1,2,1,7,,,,,,,2,305,,,,,,,,,,,,,,,,,Y,N1,A2800010,4
2026-07-28 06:01:22,data_go_kr,경상남도,A2800006,의료법인숭인의료재단 김해복음병원,16,20260728055846,055-330-8844,,,,,,,,,,,,,,,,,,,1,,3,,,,,1,,,,,,,,,Y,,,,Y,,Y,Y,,,Y,Y,N1,7,N1,0,N1,Y,,5,N1,16,,1,3,,,,,,,,,,,,18,1,,,,5,,,,,2,3,1,3,,,3,,,,,359,,,,,,,,,,,,,,,,,Y,N1,A2800006,5
2026-07-28 06:01:22,data_go_kr,경상남도,A2800043,한일병원,15,20260728060034,055-750-1333,,,,,,,,,,,,,,,,,,,1,,2,0,,,,0,0,,,,,,,,Y,,,,Y,,Y,Y,,,Y,Y,N1,8,N1,5,N1,Y,,4,Y,17,,1,2,2,,,,,,,,,,,13,1,3,,,4,,,,,2,2,1,6,,,1,,,,1,282,,,,,,,,,,,,,,,,,Y,N1,A2800043,6
2026-07-28 06:01:22,data_go_kr,경상남도,A2800003,제일병원,10,20260728060020,055-750-7119,,,,,,,,,,,,,,,,,,,1,,2,,,,,,,,,,,,,Y,Y,,,,Y,,Y,Y,,,N1,Y,N1,45,N1,8,N1,Y,,4,Y,17,,1,2,,,,,,,,,,,,9,,,,,7,,,,,2,2,1,4,,,,,,1,1,258,,,,,,,,,,,,,,,,,Y,N1,A2800003,7
2026-07-28 06:01:22,data_go_kr,경상남도,A2800017,의료법인합포의료재단에스엠지연세병원,13,20260728060008,055-240-7777,,,,,,,,,,,,,,,,,,,1,,2,,,,,1,,,,,,,,,Y,,,,Y,,Y,Y,,,Y,Y,N1,35,N1,7,N1,Y,,4,N1,17,,1,2,,,,,,,,,,,,12,1,,,,4,,,,,1,2,1,7,,,1,,,,,286,,,,,,,,,,,,,,,,,Y,N1,A2800017,8
2026-07-28 06:01:22,data_go_kr,경상남도,A2803505,창원경상국립대학교병원,14,20260728055700,055-214-1339,Y,Y,,,,,,,,,,,,5,0,,,,1,,2,,,,,2,,,,,8,6,Y,,Y,,,,Y,,Y,Y,,,Y,Y,Y,196,Y,17,Y,Y,9,13,N1,18,,1,2,,,,17,,,,,,,,34,2,,,,13,,22,6,9,3,2,5,52,9,22,6,7,14,,,437,,,,,,,,,,,5,0,,,,,Y,Y,A2803505,9
2026-07-28 06:01:22,data_go_kr,경상남도,A2800007,창원한마음병원,11,20260728060011,055-225-0350,Y,Y,,,,,,,,0,,,,,,,,,1,1,0,,,,,1,,,,,,0,Y,,Y,,,,Y,,Y,Y,,,Y,Y,Y,40,Y,,Y,Y,10,13,Y,21,,1,3,,25,37,10,,,,,,,,,1,,,,13,,,6,2,4,4,4,29,3,11,6,1,2,,2,688,,,,,,,,,,,,,,,,,Y,Y,A2800007,10
2026-07-28 06:01:22,data_go_kr,경상남도,A2800004,창원파티마병원,9,20260728055606,055-270-1119,Y,Y,,,,,,,,2,,,,,,,,,1,2,2,0,,,,0,2,,,,,2,Y,Y,Y,,,,Y,,Y,Y,,,Y,Y,N1,83,Y,,Y,Y,2,6,N1,17,,1,2,2,12,13,2,,,,,,,,,2,3,,,7,,,6,2,4,3,3,16,3,6,3,,4,1,,444,,,,,,,,,,,,,,,,,Y,Y,A2800004,11
2026-07-28 06:01:22,data_go_kr,경상남도,A2800008,의료법인 거붕 백병원,8,20260728055926,055-733-0180,,,,,,,,,,,,,,,,,,,,,1,,,,,,,,,,,,,,Y,,,,,,Y,N1,,,N1,Y,N1,26,N1,11,N1,Y,,4,N1,9,,,1,,,,,,,,,,,,20,,,,,4,,,,,2,2,,12,,,,,,,,365,,,,,,,,,,,,,,,,,Y,N1,A2800008,12
2026-07-28 06:01:22,data_go_kr,경상남도,A2800005,의료법인 대우의료재단대우병원,9,20260728055629,055-680-8119,,,,,,,,,,,,,,,,,,,,,1,,,,,,,,,,,,,,Y,,,,,,Y,N1,,,N1,Y,N1,37,N1,3,N1,Y,,4,N1,9,,,1,,,,,,,,,,,,10,,,,,4,,,,,2,1,,5,,,,,,,,231,,,,,,,,,,,,,,,,,Y,N1,A2800005,13
2026-07-28 06:01:22,data_go_kr,경상남도,A2800022,의료법인 성념의료재단맑은샘병원,8,20260728055321,055-736-0119,,,,,,,,,,,,,,,,,,,,,1,,,,,,,,,,,,,,Y,,,,,,Y,N1,,,N1,Y,N1,2,N1,,N1,Y,,2,N1,9,,,1,,,,,,,,,,,,,,,,,2,,,,,1,1,,4,,,,,,,,200,,,,,,,,,,,,,,,,,Y,N1,A2800022,14
2026-07-28 06:01:22,data_go_kr,경상남도,A2800076,거창적십자병원,9,20260728055849,055-949-3359,,Y,,,,,,,,,,,,,,,,,,,1,,,,,,,,,,,,Y,,Y,,,,,,Y,N1,,,N1,Y,N1,26,N1,,Y,Y,,2,N1,9,,,1,,,,,,,,,,,,,,,,,2,,,,1,1,1,,2,,2,,,,,,91,,,,,,,,,,,,,,,,,Y,N1,A2800076,15
2026-07-28 06:01:22,data_go_kr,경상남도,A2800032,강병원,8,20260728055813,055-673-4848,,,,,,,,,,,,,,,,,,,,,1,,,,,,,,,,,,,,Y,,,,,,Y,N1,,,N1,Y,N1,15,N1,,N1,Y,,1,N1,9,,,1,,,,,,,,,,,,,,,,,1,,,,,1,1,,1,,,,,,,,99,,,,,,,,,,,,,,,,,Y,N1,A2800032,16
2026-07-28 06:01:22,data_go_kr,경상남도,A2803677,강일병원,8,20260728055931,055-822-0119,,,,,,,,,,,,,,,,,,,1,,2,,,,,,,,,,,,,,Y,,,,Y,,Y,Y,,,N1,Y,N1,111,N1,14,N1,Y,,5,N1,8,,1,2,,,,,,,,,,,,15,,,,,5,,,,,1,2,1,1,,,,,,,,275,,,,,,,,,,,,,,,,,Y,N1,A2803677,17
2026-07-28 06:01:22,data_go_kr,경상남도,A2800014,의료법인갑을의료재단 갑을장유병원,9,20260728060012,055-310-6119,,,,,,,,,,,,,,,,,,,1,,,,,,,,,,,,,,,,Y,,,,,,Y,N1,,,N1,Y,N1,46,N1,,N1,Y,,4,N1,9,,1,,,,,,,,,,,,,,,,,,4,,,,,1,1,,1,,,,,,,,210,,,,,,,,,,,,,,,,,Y,N1,A2800014,18
2026-07-28 06:01:22,data_go_kr,경상남도,A2800094,의료법인 이도의료재단 남해병원,8,20260728060016,055-860-6630,N,N,,,,,,,,,,,,,,,,,1,,1,,,,,,,,,,,,N,N,Y,,,,N,,Y,N,,,N,Y,N,76,N,,N,Y,,2,N,,,,,,,,,,,,,,,,,,,,,,,,,,,,,,,,,,,,,,,,,,,,,,,,,,,,,,N,N,A2800094,19
2026-07-28 06:01:22,data_go_kr,경상남도,A2800113,밀양병원,8,20260728055801,055-356-9119,,,,,,,,,,,,,,,,,,,,,1,,,,,,,,,,,,,,Y,,,,,,Y,N1,,,N1,Y,N1,29,N1,,N1,Y,,0,N1,8,,,1,,,,,,,,,,,,,,,,,0,,,,,1,1,,1,,,,,,,,200,,,,,,,,,,,,,,,,,Y,N1,A2800113,20
2026-07-28 06:01:22,data_go_kr,경상남도,A2800068,의료법인승연의료재단 삼천포서울병원,9,20260728055849,055-830-9019,,,,,,,,,,,,,,,,,,,,,1,,,,,,,,,,,,,,Y,,,,Y,,Y,Y,,,N1,Y,N1,23,N1,,N1,Y,,3,Y,9,,,1,,,,,,,,,,,,,,,,,3,,,,,1,2,1,4,,,,,,,1,287,,,,,,,,,,,,,,,,,Y,N1,A2800068,21
2026-07-28 06:01:22,data_go_kr,경상남도,A2800101,삼천포제일병원,8,20260728055612,055-830-3099,,,,,,,,,,,,,,,,,,,,,2,,,,,,,,,,,,,,Y,,,,,,Y,N1,,,N1,Y,N1,58,N1,,N1,Y,,2,N,8,,,2,,,,,,,,,,,,,,,,,2,,,,,1,1,,1,,,,,,,1,214,,,,,,,,,,,,,,,,,Y,N1,A2800101,22
2026-07-28 06:01:22,data_go_kr,경상남도,E2800380,산청군보건의료원,4,20260728060003,055-970-7582,,,,,,,,,,,,,,,,,,,,,1,,,,,,,,,,,,,,,,,,,,Y,N1,,,N1,N1,N1,20,N1,,N1,N1,,,N1,5,,,1,,,,,,,,,,,,,,,,,,,,,,,,,1,,,,,,,,20,,,,,,,,,,,,,,,,,Y,N1,E2800380,23
2026-07-28 06:01:22,data_go_kr,경상남도,A2804593,양산성모병원,11,20260728060023,055-912-9785,,,,,,,,,,,,,,,,,,,1,,,,,,,,,,,,,,,,Y,,,,,,Y,N1,,,N1,Y,N1,131,N1,4,N1,Y,,4,N1,13,,1,,,,,,,,,,,,,6,,,,,4,,,,,1,2,,1,,,,,,,,214,,,,,,,,,,,,,,,,,Y,N1,A2804593,24
2026-07-28 06:01:22,data_go_kr,경상남도,A2800019,베데스다복음병원,9,20260728060003,055-781-9911,,,,,,,,,,,,,,,,,,,,,1,,,,,,,,,,,,,,Y,,,,,,Y,N1,,,N1,Y,N1,43,N1,,N1,Y,,3,N1,9,,,1,,,,,,,,,,,,,,,,,3,,,,,1,1,,1,,,,,,,,133,,,,,,,,,,,,,,,,,Y,N1,A2800019,25
2026-07-28 06:01:22,data_go_kr,경상남도,A2800090,의령병원,4,20260728060011,055-573-6806,,,,,,,,,,,,,,,,,,,,,1,,,,,,,,,,,,,,Y,,,,,,Y,N1,,,N1,Y,N1,34,N1,,N1,N1,,,N1,4,,,1,,,,,,,,,,,,,,,,,,,,,,1,,,1,,,,,,,,58,,,,,,,,,,,,,,,,,Y,N1,A2800090,26
2026-07-28 06:01:22,data_go_kr,경상남도,A2800084,반도병원,7,20260728060006,055-749-0200,,,,,,,,,,,,,,,,,,,,,1,,,,,,,,,,,,,,Y,,,,,,Y,N1,,,N1,Y,N1,69,N1,,N1,Y,,3,N1,7,,,1,,,,,,,,,,,,,,,,,3,,,,,1,1,,3,,,,,,,,165,,,,,,,,,,,,,,,,,Y,N1,A2800084,27
2026-07-28 06:01:22,data_go_kr,경상남도,A2800015,의료법인 문병욱의료재단 진주고려병원,10,20260728055823,055-751-2525,,,,,,,,,,,,,,,,,,,,,1,,,,,,,,,,,,,,Y,,,,Y,,Y,Y,,,N1,Y,N1,45,N1,4,N1,Y,,4,Y,10,,,1,,,,,,,,,,,,9,,,,,4,,,,,2,2,1,4,,,,,,,1,229,,,,,,,,,,,,,,,,,Y,N1,A2800015,28
2026-07-28 06:01:22,data_go_kr,경상남도,A2800037,진주복음병원,9,20260728060015,055-749-7119,,,,,,,,,,,,,,,,,,,,,1,,,,,,,,,,,,,,Y,,,,,,Y,N1,,,N1,Y,N1,40,N1,,N1,N,,3,N1,9,,,1,,,,,,,,,,,,,,,,,3,,,,,1,1,,1,,,,,,,,131,,,,,,,,,,,,,,,,,N,N1,A2800037,29
2026-07-28 06:01:22,data_go_kr,경상남도,A2800062,태황의료재단한성병원,8,20260728055952,055-530-5119,,,,,,,,,,,,,,,,,,,,,1,,,,,,,,,,,,,,,,,,,,Y,N1,,,N1,N1,N1,44,N1,,N1,N1,,,N1,9,,,1,,,,,,,,,,,,,,,,,,,,,,,,,,,,,,,,,167,,,,,,,,,,,,,,,,,N1,N1,A2800062,30
2026-07-28 06:01:22,data_go_kr,경상남도,A2800025,경상남도마산의료원,12,20260728060001,055-249-1119,,,,,,,,,,,,,,,,,,,1,,1,,,,,2,,,,,,18,,,Y,,,,,,Y,N1,,,Y,Y,N1,59,N1,4,N1,Y,,5,N1,13,,1,1,,,,,,,,,,,,6,2,,,,5,,,27,,1,1,,17,,,2,,,,,263,,,,,,,,,,,,,,,,,Y,N1,A2800025,31
2026-07-28 06:01:22,data_go_kr,경상남도,A2800009,의료법인청아의료재단청아병원,9,20260728055931,055-230-1700,,,,,,,,,,,,,,,,,,,,,1,,,,,,,,,,,,,,Y,,,,,,Y,N1,,,N1,Y,N1,64,N1,,N1,Y,,4,N1,9,,,1,,,,,,,,,,,,,,,,,4,,,,,2,2,,4,,,,,,,,274,,,,,,,,,,,,,,,,,Y,N1,A2800009,32
2026-07-28 06:01:22,data_go_kr,경상남도,A2800021,연세에스병원,9,20260728055636,055-548-7789,,,,,,,,,,,,,,,,,,,,,1,,,,,,,,,,,,,,Y,,,,Y,,Y,Y,,,N1,Y,N1,116,N1,9,N1,Y,,2,N1,9,,,1,,,,,,,,,,,,10,,,,,3,,,,,2,2,1,5,,,,,,,,255,,,,,,,,,,,,,,,,,Y,N1,A2800021,33
2026-07-28 06:01:22,data_go_kr,경상남도,A2800092,새통영병원,8,20260728060023,055-640-4119,,,,,,,,,,,,,,,,,,,,,1,,,,,,,,,,,,,,Y,,,,,,Y,N1,,,N1,Y,N1,61,N1,,N1,Y,,3,N1,9,,,1,,,,,,,,,,,,,,,,,3,,,,,1,2,,3,,,,,,,,256,,,,,,,,,,,,,,,,,Y,N1,A2800092,34
2026-07-28 06:01:22,data_go_kr,경상남도,A2800080,함양성심병원,3,20260728055800,055-964-4322,,,,,,,,,,,,,,,,,,,,,1,,,,,,,,,,,,,,Y,,,,,,Y,N1,,,N1,Y,N1,7,N1,,N1,Y,,2,N1,4,,,1,,,,,,,,,,,,,,,,,2,,,,,1,1,,1,,,,,,,,121,,,,,,,,,,,,,,,,,Y,N1,A2800080,35
2026-07-28 06:01:22,data_go_kr,경상남도,A2800055,삼성합천병원,4,20260728060001,070-5125-5030,,,,,,,,,,,,,,,,,,,,,1,,,,,,,,,,,,,,Y,,,,,,Y,N1,,,N1,Y,N1,15,N1,,N1,Y,,2,N1,4,,,1,,,,,,,,,,,,,,,,,2,,,,,1,1,,1,,,,,,,,141,,,,,,,,,,,,,,,,,Y,N1,A2800055,36
2026-07-28 06:01:22,data_go_kr,제주특별자치도,A2900001,제주한라병원,8,20260728060530,064-740-5159,Y,Y,,,,,0,0,,,4,,,,,,,3,2,,3,6,,,,,18,,6,2,,,Y,,Y,,2,6,Y,10,Y,Y,,,Y,Y,Y,108,Y,7,Y,Y,3,5,N1,15,3,2,3,14,,,7,,,,,20,,,15,,30,,40,6,2,,,2,3,2,3,46,3,8,9,4,2,,,414,,,,,4,2,,4,,,,,,,2,6,Y,Y,A2900001,1
2026-07-28 06:01:22,data_go_kr,제주특별자치도,A2900002,제주특별자치도서귀포의료원,13,20260728060001,064-730-3001,,Y,,,,,,,,,,,,,,,,4,1,,4,2,,,,3,3,,,,2,,Y,,Y,,,,Y,,Y,Y,,,Y,Y,N1,148,N1,10,Y,Y,,4,Y,16,4,1,4,2,,,,,,,,,,,17,3,3,,,4,,26,,1,2,1,1,16,,4,3,,,,1,326,,,,,,,,,,,,,,,,,Y,N1,A2900002,2
2026-07-28 06:01:22,data_go_kr,제주특별자치도,A2900007,제주대학교병원,3,20260728060000,,Y,Y,,,,,,,,0,,,,,,,,,1,4,1,,3,,2,,,,,,3,5,Y,,Y,,,,Y,,Y,Y,,,Y,Y,Y,111,Y,,Y,Y,11,12,N1,20,,1,5,,12,12,16,3,,,,,6,,,,,,,12,,20,9,3,2,2,4,45,8,17,10,5,3,,,458,,,,,,,,,,,,,,,,,Y,Y,A2900007,3
2026-07-28 06:01:22,data_go_kr,제주특별자치도,A2900005,한마음병원,9,20260728055945,064-750-9119,,,,,,,,,,,,,,,,,,,1,,1,,,,,,1,,,,,,,,Y,,,,Y,,Y,Y,,,Y,Y,N1,52,N1,3,N1,Y,,4,N1,17,,1,2,,,,,,,,,,,,12,,1,,,4,,,,,1,1,1,6,,,2,,,,,215,,,,,,,,,,,,,,,,,Y,N1,A2900005,4
2026-07-28 06:01:22,data_go_kr,제주특별자치도,A2900006,의료법인중앙의료재단중앙병원,10,20260728055953,064-786-7777,,,,,,,,,,,,,,,,,,1,1,,2,,,,,,,,,,,,,,Y,,,,Y,,Y,Y,,,Y,Y,Y,97,N1,5,N1,Y,,3,N1,16,1,1,2,,,,,,,,,,,,16,,,,,3,,,,,1,1,2,10,,,2,1,,,,281,,,,,,,,,,,,,,,,,Y,N1,A2900006,5
2026-07-28 06:01:22,data_go_kr,제주특별자치도,A2900003,의료법인 혜인의료재단 한국병원,3,20260728055928,064-750-0160,,,,,,,,,,,,,,,,,,,,,1,,,,,,,,,,,,,,Y,,,,,,Y,N1,,,N1,Y,N1,25,N1,4,N1,Y,,3,N1,9,,,1,,,,,,,,,,,,10,,,,,3,,,,,1,1,,6,,,,,,,,209,,,,,,,,,,,,,,,,,Y,N1,A2900003,6
2026-07-28 07:50:37,data_go_kr,서울특별시,A1100043,강동경희대학교병원,9,20260728074516,02-440-7000,Y,Y,,,,,1,,,,,,,,,1,,3,2,,3,1,,,,,3,,,,,0,Y,N,Y,,,,Y,,Y,Y,,,Y,Y,Y,95,Y,1,Y,Y,2,17,N,15,3,2,3,19,,,17,,,,,,,,27,,30,,,17,,,1,8,2,2,3,32,9,13,4,1,1,0,0,625,,,,,3,,,,,,,,2,,,,Y,Y,A1100043,1
2026-07-28 07:50:37,data_go_kr,서울특별시,A1100014,고려대학교의과대학부속구로병원,4,20260728074157,02-2626-1550,Y,Y,4,,,,,,,1,,,,,,,,3,,2,,3,,,,3,1,,,,4,0,Y,,Y,,,,Y,,Y,Y,,,Y,Y,Y,37,Y,11,Y,Y,-2,24,N1,29,3,,,20,20,10,23,,,,,,,,35,10,30,,,24,,18,4,2,6,6,4,98,11,35,15,10,3,,,778,5,,,,,,,,,,,,,,,,Y,Y,A1100014,2
2026-07-28 07:50:37,data_go_kr,서울특별시,A1100013,한양대학교병원,17,20260728074300,02-2290-8284,Y,Y,4,5,,,1,0,,1,,,,,,,,2,,2,,0,,,,2,8,,,,1,0,Y,,Y,,,,Y,,Y,Y,,,Y,Y,Y,152,Y,0,Y,Y,2,16,Y,20,3,,,22,12,13,25,,,,,,,,0,2,30,,,16,,16,2,1,3,2,3,69,10,20,11,4,3,,1,670,4,8,,,2,5,,,,,,,,,,,Y,Y,A1100013,3
2026-07-28 07:50:37,data_go_kr,서울특별시,A1100008,학교법인고려중앙학원고려대학교의과대학부속병원(안암병원),15,20260728074240,02-920-5374,Y,Y,2,6,,,0,,,0,,,,,,,,4,,2,,2,,,0,1,0,,,,2,1,Y,,Y,,,,Y,,Y,Y,,,Y,Y,Y,28,Y,,Y,Y,-2,25,N1,30,4,,,15,16,19,17,,,,,,9,,,6,31,,,25,,10,3,4,7,6,8,84,14,20,11,8,7,,,777,2,7,,,6,,,,,,,,,,,,Y,Y,A1100008,4
2026-07-28 07:50:37,data_go_kr,서울특별시,A1100005,이화여자대학교의과대학부속목동병원,14,20260728074050,02-2650-5911,Y,Y,,,,,0,0,,1,,,,,,,,8,2,4,4,3,,,,0,5,,,,4,3,Y,,Y,2,,,Y,,Y,Y,,,Y,Y,Y,60,Y,,Y,Y,14,4,N1,19,8,2,4,19,10,13,28,,,,14,,,,,4,32,,,13,,10,9,2,4,4,4,58,10,34,9,3,5,,,526,,,,,1,1,,,,,,,,,,,Y,Y,A1100005,5
2026-07-28 07:50:37,data_go_kr,서울특별시,A1100017,서울대학교병원,-1,20260728074525,02-2072-2475,Y,Y,,,1,1,2,0,,0,,0,0,,1,,,10,2,7,3,7,3,0,5,4,11,4,,,4,4,Y,Y,Y,3,,,Y,,Y,Y,4,0,Y,Y,Y,111,Y,,Y,Y,3,51,N1,24,10,2,4,17,10,18,40,22,2,10,5,,8,10,,28,30,6,,53,,41,7,4,13,13,14,160,19,46,22,9,3,1,,1365,,,1,1,2,1,,,0,0,,8,,,,,Y,Y,A1100017,6
2026-07-28 07:50:37,data_go_kr,서울특별시,A1100035,서울특별시서울의료원,9,20260728074500,02-2276-7000,Y,Y,,,,,1,1,0,0,,,,,,,,1,2,,3,4,,,,,4,,,,11,2,Y,Y,Y,1,,,Y,,Y,Y,,,Y,Y,Y,85,Y,1,Y,Y,2,10,Y,19,3,2,3,14,7,,3,,,,6,,,,5,,28,,,10,,30,3,4,5,3,5,65,5,12,7,2,4,1,2,461,,,,,2,4,2,,,,,,,,,,Y,Y,A1100035,7
2026-07-28 07:50:37,data_go_kr,서울특별시,A1100015,연세대학교의과대학강남세브란스병원,8,20260728074356,02-2019-3333,Y,Y,,,,,,,,,,,,,,,,2,1,,2,,,,4,,,,,,,5,Y,,Y,7,,,Y,,Y,Y,,,Y,Y,Y,38,Y,10,Y,Y,0,0,N1,21,2,1,2,,,,28,,,,12,,8,,29,,,,,23,,,5,1,4,3,6,47,10,23,6,3,5,,,691,,,,,,,,,,,,,,,,,Y,Y,A1100015,8
2026-07-28 07:50:37,data_go_kr,서울특별시,A1100010,삼성서울병원,-21,20260728074347,02-3410-2060,Y,Y,,,,,,,,15,,,,,,,,1,2,11,1,,4,,3,2,,,,,5,11,Y,,Y,5,,,Y,,Y,Y,,15,Y,Y,Y,71,Y,14,Y,Y,2,52,N1,52,4,2,2,,30,23,59,15,,,12,,12,36,14,2,,,,53,,27,18,8,19,16,15,117,22,43,21,11,2,,,1528,,,,,,,,,,,,,,,,,Y,Y,A1100010,9
2026-07-28 07:50:37,data_go_kr,서울특별시,A1100028,성심의료재단강동성심병원,8,20260728074236,02-2224-2358,Y,Y,,,,,,,,0,,,,,,,2,,1,,6,,,,,2,,,,,,0,Y,,Y,,,,Y,,Y,Y,,,Y,Y,Y,110,Y,0,Y,Y,2,13,N1,15,,1,6,,18,,3,,,,,,,,19,5,,,,13,,,2,1,4,2,5,35,3,3,8,3,1,,,566,,,,,,,,,,,,,,2,,,Y,Y,A1100028,10
2026-07-28 07:50:37,data_go_kr,서울특별시,A1100053,한국보훈복지의료공단중앙보훈병원,16,20260728074350,02-2225-1100,,,,,,,,,,5,,,,,,,,,1,8,2,0,,,0,1,1,,,,35,0,N,,Y,2,,,Y,,Y,Y,,,Y,Y,Y,141,N1,,N1,Y,,13,N1,22,,1,2,2,14,14,,,,,13,,10,,,1,3,,,13,,60,7,1,3,4,4,38,,,10,1,,,,820,,,,,,,,,,,,,,,,,Y,N1,A1100053,11
2026-07-28 07:50:37,data_go_kr,서울특별시,A1120796,이화여자대학교의과대학부속서울병원,11,20260728074145,02-6986-5119,Y,Y,,,,,,,,0,,,,,,,,8,2,7,6,,,,0,1,,,,,,3,Y,,Y,5,,,Y,,Y,Y,,3,Y,Y,Y,129,Y,0,Y,Y,0,6,N1,14,9,2,6,,10,17,24,,,,17,,11,19,11,7,,,,19,,,4,2,5,5,8,71,9,22,12,4,5,,,732,,,,,,,,,,,,,,,,,Y,Y,A1120796,12
2026-07-28 07:50:37,data_go_kr,서울특별시,A1100041,의료법인서울효천의료재단에이치플러스양지병원,17,20260728074511,070-4665-9119,,,,,,,,,,,,,,,,,,,1,,2,,,,,0,,,,,,2,,,Y,,,,Y,,Y,Y,,,Y,Y,Y,25,Y,2,N1,Y,,7,N1,18,,1,2,,,,,,,,,,,,20,1,,,,7,,,3,,2,3,3,23,,,4,1,1,,,301,,,,,,,,,,,,,,,,,Y,N1,A1100041,13
2026-07-28 07:50:37,data_go_kr,서울특별시,A1100002,건국대학교병원,12,20260728074243,02-2030-5555,Y,Y,,,,,,,,6,,,,,,,,4,1,10,2,,,,,1,,,,,7,0,Y,,Y,,,,Y,,Y,Y,,,Y,Y,Y,135,Y,,Y,Y,-1,21,N1,20,4,1,2,,24,25,16,,,,,,,,,1,,,,21,,14,3,2,4,4,5,45,7,18,7,3,14,,,678,,,,,,,,,,,,,,,,,Y,Y,A1100002,14
2026-07-28 07:50:37,data_go_kr,서울특별시,A1100016,인제대학교상계백병원,9,20260728074253,02-950-1119,Y,Y,,,,,,,,4,,,,,,,1,,1,4,2,,,,,1,,,,,3,1,Y,,Y,,,,Y,,Y,Y,,,Y,Y,Y,68,Y,,Y,Y,1,13,N1,16,,1,2,,19,18,15,,,,,,,,,4,,,,13,,5,2,2,3,2,3,36,10,25,10,3,1,,,390,,,,,,,,,,,,,,4,,,Y,Y,A1100016,15
2026-07-28 07:50:37,data_go_kr,서울특별시,A1100048,노원을지대학교병원,14,20260728074102,02-970-8282,Y,Y,,,,,,,,3,,,,,,,,,1,6,4,,,,,2,,,,,3,0,Y,,Y,,0,0,Y,,Y,Y,,,Y,Y,Y,180,N1,,Y,Y,1,11,N1,17,,1,4,,16,16,10,,,,,,,,,2,,,,11,,21,1,3,2,2,2,26,8,19,3,1,,,,479,,,,,,,,,,,,,,,0,0,Y,Y,A1100048,16
2026-07-28 07:50:37,data_go_kr,서울특별시,A1100020,의료법인한전의료재단한일병원,17,20260728074503,02-901-3119,N,N,,,,,,,,,,,,,,,,2,2,,1,0,,,,0,2,,,,,1,,Y,Y,,,,Y,,Y,Y,,,Y,Y,N1,66,Y,2,N,Y,,7,Y,21,2,2,2,2,,,,,,,,,,,21,1,3,,,8,,,5,,2,1,1,25,1,4,2,,4,2,2,389,,,,,,,,,,,,,,,,,Y,N,A1100020,17
2026-07-28 07:50:37,data_go_kr,서울특별시,A1100001,경희대학교병원,12,20260728074444,02-958-8114,Y,Y,,,,,,,,,,,,,,,,3,2,,2,,,,,,,,,,10,9,Y,,Y,3,,,Y,,Y,Y,,,Y,Y,Y,116,Y,19,Y,Y,0,16,N1,15,3,2,3,,,,14,,,,15,,,,73,,,,,16,,20,10,3,3,3,5,48,6,12,8,3,2,,,657,,,,,,,,,,,,,,,,,Y,Y,A1100001,18
2026-07-28 07:50:37,data_go_kr,서울특별시,A1100021,삼육서울병원,12,20260728074101,02-2210-3566,,N,,,,,,,,,,,,,,,3,,1,,2,1,,,,1,1,,,,,4,Y,,Y,,,,Y,,Y,Y,,,Y,Y,Y,53,Y,4,N,Y,4,5,Y,13,,1,2,2,,,4,,,,,,,,15,1,3,,,5,,,4,2,1,1,2,20,,4,5,2,1,,1,389,,,,,,,,,,,,,,4,,,Y,N1,A1100021,19
2026-07-28 07:50:37,data_go_kr,서울특별시,A1100040,서울특별시보라매병원,23,20260728074500,02-870-2119,Y,Y,,,,,,,,6,,,,,,,,2,2,10,1,,,,2,2,,,,,1,0,Y,,Y,,,,Y,,Y,Y,,,Y,Y,Y,138,Y,,Y,Y,0,14,N1,31,3,2,1,,15,16,14,,,,,,4,,,4,,,,14,,14,3,4,6,3,5,48,14,13,5,9,2,,,695,,,,,,,,,,,,,,,,,Y,Y,A1100040,20
2026-07-28 07:50:37,data_go_kr,서울특별시,A1100003,중앙대학교병원,12,20260728074509,02-6299-1338,Y,Y,0,0,,,0,,,2,,,,,4,,,2,0,4,0,2,,,,3,,,,,3,1,Y,,Y,,,,Y,,Y,Y,,,Y,Y,Y,120,Y,,Y,Y,0,16,N1,18,4,0,0,12,12,17,25,,,,,,,,,11,,,,16,,24,2,2,4,3,4,51,9,21,13,6,12,,,631,0,0,,,1,,,,,,,4,,,,,Y,Y,A1100003,21
2026-07-28 07:50:37,data_go_kr,서울특별시,A1100007,연세대학교의과대학세브란스병원,11,20260728074501,02-2227-7777,Y,Y,,,1,1,,,,8,,,,,,,,6,1,9,3,,5,1,14,2,,1,,,0,1,Y,Y,Y,2,,,Y,,Y,Y,1,0,Y,Y,Y,218,Y,6,Y,Y,10,0,N1,39,8,1,3,,29,24,52,22,2,10,29,,23,17,18,5,,6,,2,,20,30,8,16,16,17,206,55,61,21,16,21,1,,1872,,,1,1,,,,,,,,,,,,,Y,Y,A1100007,22
2026-07-28 07:50:37,data_go_kr,서울특별시,A1100012,학교법인가톨릭학원가톨릭대학교서울성모병원,-9,20260728074510,02-2258-2370,Y,Y,1,2,1,1,,,,7,,,,,,,,4,,12,,,0,1,0,11,,0,,,14,2,Y,,Y,13,,,Y,,Y,Y,,5,Y,Y,Y,85,Y,0,Y,Y,5,32,N1,28,7,,,,22,22,50,3,2,,19,,10,8,5,18,,6,,32,,35,10,2,9,10,8,80,40,39,11,9,4,,,1059,1,5,1,1,,,,,,,,,,,,,Y,Y,A1100012,23
2026-07-28 07:50:37,data_go_kr,서울특별시,A1100009,재단법인아산사회복지재단서울아산병원,6,20260728074316,02-3010-3333,Y,Y,,,2,0,1,1,,1,,,,,,,,7,1,5,8,1,1,0,4,9,0,0,,,7,3,Y,,Y,3,,,Y,,Y,Y,4,2,Y,Y,Y,125,Y,3,Y,Y,10,-55,Y,36,11,1,22,2,24,37,61,26,2,13,12,,12,12,12,47,4,6,,4,,28,8,8,21,15,17,190,33,49,30,14,5,,1,2089,,,2,1,1,6,,,,,,,,,,,Y,Y,A1100009,24
2026-07-28 07:50:37,data_go_kr,서울특별시,A1100011,가톨릭대학교여의도성모병원,15,20260728074511,02-3779-1199,,,,,,,,,,2,,,,,,,,,1,0,4,,,,,1,,,,,,1,Y,,Y,1,,,Y,,Y,Y,,,Y,Y,Y,77,Y,,N1,Y,,13,N1,15,,1,4,,11,9,,,,,9,,,,,1,,,,13,,,1,2,2,2,2,23,,,5,2,2,,,330,,,,,,,,,,,,,,,,,Y,N1,A1100011,25
2026-07-28 07:50:37,data_go_kr,서울특별시,A1100055,한림대학교강남성심병원,17,20260728074211,02-829-5119,Y,Y,,,,,,,,0,,,,,,,,3,1,6,4,,,,1,2,,,,,,,Y,,Y,,,,Y,,Y,Y,,,Y,Y,Y,117,Y,,Y,Y,0,14,N1,20,3,1,4,,21,25,12,,,,,,10,,,7,,,,14,,,,3,3,3,3,54,21,22,13,3,2,,,496,,,,,,,,,,,,,,,,,Y,Y,A1100055,26
2026-07-28 07:50:37,data_go_kr,서울특별시,A1100054,성애의료재단성애병원,13,20260728074459,02-840-7115,Y,Y,,,,,,,,,,,,,,,,,1,,4,,,,,1,,,,,,,Y,,Y,,,,Y,,Y,Y,,,Y,Y,N1,33,N1,0,Y,Y,2,5,N1,15,,1,4,,,,4,,,,,,,,19,1,,,,5,,,,2,2,2,1,8,5,14,2,,,,,252,,,,,,,,,,,,,,,,,Y,Y,A1100054,27
2026-07-28 07:50:37,data_go_kr,서울특별시,A1100004,순천향대학교부속서울병원,18,20260728074523,02-709-9117,Y,Y,,,,,,,,,,,0,,0,,0,4,1,,2,,,,,0,,,,,9,2,Y,,Y,,,,Y,,Y,Y,,,Y,Y,Y,96,Y,2,Y,Y,1,4,N1,20,4,1,2,,,,13,,,,,,,,45,10,,,,14,,21,4,7,3,3,4,51,8,17,14,5,3,,,600,,,,,,,,,,0,,0,,0,,,Y,Y,A1100004,28
2026-07-28 07:50:37,data_go_kr,서울특별시,A1121013,가톨릭대학교은평성모병원,12,20260728074512,02-1811-7755,Y,Y,,,,,,,,0,,,,,,,,7,2,0,2,,,,4,0,,,,,,1,Y,,Y,0,,,Y,,Y,Y,,,Y,Y,Y,63,Y,,Y,Y,6,19,N1,24,8,2,2,,16,9,19,,,,13,,12,,,4,,,,19,,,5,1,4,3,5,46,19,22,10,5,20,,,651,,,,,,,,,,,,,,,,,Y,Y,A1121013,29
2026-07-28 07:50:37,data_go_kr,서울특별시,A1100006,강북삼성병원,7,20260728074534,02-2001-1000,Y,Y,,,,,,,,,,,,,,,,2,1,1,2,,,,,1,,,,,7,2,Y,,Y,2,,,Y,,Y,Y,,2,Y,Y,Y,35,Y,3,Y,Y,1,16,N1,15,2,1,2,,,4,7,,,,12,,,8,24,5,,,,16,,18,3,1,5,4,6,54,13,14,8,4,3,,,526,,,,,,,,,,,,,,,,,Y,Y,A1100006,30
2026-07-28 07:50:37,data_go_kr,서울특별시,A1100052,국립중앙의료원,15,20260728074304,02-2276-2114,N,Y,,,,,,,,,,312,,,12312,2868,1231,3,2,0,2,118,,,,12312,121,,23075,12312,,12310,Y,,Y,,231,23123,Y,3,Y,Y,,,Y,Y,Y,788,Y,12308,Y,Y,,12312,N1,15,3,2,3,123,,0,,,,,,23,,,12312,12312,123,,23131,12312,12312,,12312,12312,1231,2312,3123,123,12312,23123,1231,123,23123,,,1231,,,,,,,,,312,,,12312,3123,1231,231,23123,Y,N,A1100052,31
2026-07-28 07:50:37,data_go_kr,서울특별시,A1100036,부민병원,9,20260728074058,02-2620-0119,,Y,,,,,,,,,,,,,,,,,1,,,,,,,0,,,,,,0,Y,,Y,,,,Y,,Y,Y,,,Y,Y,Y,52,N1,3,Y,Y,,8,N1,10,,1,,,,,,,,,,,,,14,1,,,,8,,,3,1,3,3,1,22,,1,2,1,,,,282,,,,,,,,,,,,,,,,,Y,N1,A1100036,32
2026-07-28 07:50:37,data_go_kr,서울특별시,A1100051,혜민병원,7,20260728074035,02-2049-9119,,,,,,,,,,,,,,,,,,,1,,,,,,,,,,,,,,,,Y,,,,,,Y,N1,,,Y,Y,N1,33,N1,3,N1,Y,,5,N1,9,,1,,,,,,,,,,,,,19,,,,,5,,,,,2,2,,16,,,2,,,,,205,,,,,,,,,,,,,,,,,Y,N1,A1100051,33
2026-07-28 07:50:37,data_go_kr,서울특별시,A1100026,구로성심병원,7,20260728074455,02-2067-1515,,,,,,,,,,,,,,,,,,,,,1,,,,,,,,,,,,,,Y,,,,,,Y,N1,,,N1,Y,N1,39,N1,3,N1,Y,,3,N1,9,,,1,,,,,,,,,,,,11,,,,,3,,,,,1,1,,5,,,,,,,,191,,,,,,,,,,,,,,,,,Y,N1,A1100026,34
2026-07-28 07:50:37,data_go_kr,서울특별시,A1100049,희명병원,10,20260728074350,02-809-0122,,,,,,,,,,,,,,,,,,,,,1,,,,,,,,,,,,,,Y,,,,,,Y,N1,,,Y,Y,Y,114,N1,2,N1,Y,,4,N1,10,,,1,,,,,,,,,,,,19,,,,,4,,,,,1,1,,9,,,1,1,,,,228,,,,,,,,,,,,,,,,,Y,N1,A1100049,35
2026-07-28 07:50:37,data_go_kr,서울특별시,A1100027,한국원자력의학원원자력병원,9,20260728074102,02-970-2620,,Y,,,,,,,,,,,,,,,1,,1,,1,,,,,1,,,,,,1,Y,,Y,,,,Y,,Y,Y,,,Y,Y,N1,193,N1,6,Y,Y,,10,N1,9,,1,1,,,,,,,,,,,,10,1,,,,10,,,1,1,4,2,1,16,,2,1,,,,,444,,,,,,,,,,,,,,1,,,Y,N1,A1100027,36
2026-07-28 07:50:37,data_go_kr,서울특별시,A1100022,서울특별시동부병원,6,20260728074520,02-920-9119,,Y,,,,,,,,,,,,,,,,,1,,1,,,,,1,,,,,,,Y,,Y,,,,,,Y,N1,,,Y,Y,N1,22,N1,1,Y,Y,,3,N1,8,,1,1,,,,,,,,,,,,8,1,,,,3,,,,1,1,1,,7,,1,1,,,,,195,,,,,,,,,,,,,,,,,Y,N1,A1100022,37
2026-07-28 07:50:37,data_go_kr,서울특별시,A1100050,서울성심병원,15,20260728074259,02-966-1616,,,,,,,,,,,,,,,,,,,1,,2,,,,,,,,,,,,,,Y,,,,,,Y,N1,,,N1,Y,N1,68,N1,7,N1,Y,,6,N1,17,,1,2,,,,,,,,,,,,10,,,,,6,,,,,1,1,,11,,,,,,,,208,,,,,,,,,,,,,,,,,Y,N1,A1100050,38
2026-07-28 07:50:37,data_go_kr,서울특별시,A1100025,의료법인동신의료재단동신병원,7,20260728074405,02-396-9161,N,N,,,,,,,,,,,,,,,,,,,1,,,,,,,,,,,,N,N,Y,,,,N,,Y,N,,,Y,Y,N,46,N,4,N,Y,,3,N,9,,,1,,,,,,,,,,,,9,,,,,3,,,,0,1,1,0,7,0,0,1,0,0,0,0,196,,,,,,,,,,,,,,,,,Y,N,A1100025,39
2026-07-28 07:50:37,data_go_kr,서울특별시,A1122033,기쁨병원,3,20260728074526,02-570-1212,,,,,,,,,,,,,,,,,,,,,1,,,,,,,,,,,,,,Y,,,,Y,,Y,Y,,,N1,Y,N1,47,N1,,N1,Y,,7,N1,4,,,1,,,,,,,,,,,,,,,,,8,,,,,2,2,1,1,,,,,,,,110,,,,,,,,,,,,,,,,,Y,N1,A1122033,40
2026-07-28 07:50:37,data_go_kr,서울특별시,A1100039,경찰병원,3,20260728074502,02-3400-1300,,,,,,,,,,,,,,,,,1,,1,,,,,,,2,,,,,,2,,,Y,,,,,,Y,N1,,,Y,Y,N1,125,N1,14,N1,Y,,7,N1,3,,1,,,,,,,,,,,,,14,2,,,,7,,,2,,2,3,,10,,,2,,,,,187,,,,,,,,,,,,,,1,,,Y,N1,A1100039,41
2026-07-28 07:50:37,data_go_kr,서울특별시,A1100019,홍익병원,6,20260728074520,02-2600-0777,,,,,,,,,,,,,,,,,,,,,1,,,,,0,,,,,,1,,,Y,,,,Y,,Y,Y,,,N,Y,N1,41,N1,7,N1,Y,,4,N1,9,,,1,,,,,,,,,,,,14,1,,,,4,,,1,,4,2,2,7,,,1,,,,,251,,,,,,,,,,,,,,,,,Y,N1,A1100019,42
2026-07-28 07:50:37,data_go_kr,서울특별시,A1100223,서울특별시서남병원,16,20260728074000,02-6300-9129,,,,,,,,,,,,,,,,0,,,1,,2,2,,,,1,0,,,,,4,,,Y,,,,,,Y,N1,,,Y,Y,Y,52,Y,7,N1,Y,,4,N1,17,,1,2,2,,,,,,,,,,,17,1,3,,,4,,,4,,2,1,,16,,,1,1,1,,,275,,,,,,,,,,,,,0,,,,Y,N1,A1100223,43
2026-07-28 07:50:37,data_go_kr,서울특별시,A1100024,명지성모병원,7,20260728074441,02-829-7800,,,,,,,,,,,,,,,,,,,1,,1,,,,,1,,,,,,,,,Y,,,,Y,,Y,Y,,,N1,Y,N1,72,N1,5,N1,Y,,3,N1,8,,1,1,,,,,,,,,,,,12,1,,,,3,,,,,1,3,2,7,,,,,,,,212,,,,,,,,,,,,,,,,,Y,N1,A1100024,44
2026-07-28 07:50:37,data_go_kr,서울특별시,A1100037,대림성모병원,7,20260728074035,02-829-9129,,,,,,,,,,,,,,,,,,,,,2,,,,,,,,,,,,,,Y,,,,,,Y,N1,,,N1,Y,N1,38,N1,,N1,Y,,4,N1,8,,,2,,,,,,,,,,,,,,,,,4,,,,,1,1,,1,,,,,,,,113,,,,,,,,,,,,,,,,,Y,N1,A1100037,45
2026-07-28 07:50:37,data_go_kr,서울특별시,A1100045,씨엠병원,9,20260728073000,070-4698-7811,,,,,,,,,,,,,,,,,,,,,1,,,,,,,,,,,,,,Y,,,,,,Y,N1,,,N1,Y,N1,39,N1,,N1,Y,,5,N1,9,,,1,,,,,,,,,,,,,,,,,5,,,,,2,2,,6,,,,,,,,110,,,,,,,,,,,,,,,,,Y,N1,A1100045,46
2026-07-28 07:50:37,data_go_kr,서울특별시,A1100023,의료법인청구성심병원,8,20260728074432,02-383-0129,,,,,,,,,,,,,,,,,,,,,1,,,,,,,,,,,,,,Y,,,,,,Y,N1,,,N1,Y,N1,8,N1,1,N1,Y,,3,N1,10,,,1,,,,,,,,,,,,6,,,,,3,,,,,1,1,,4,,,,,,,,196,,,,,,,,,,,,,,,,,Y,N1,A1100023,47
2026-07-28 07:50:37,data_go_kr,서울특별시,A1100029,서울적십자병원,10,20260728074522,02-2002-8888,,,,,,,,,,,,,,,,,,,1,,,,,,,,,,,,,,,,Y,,,,,,Y,N1,,,Y,Y,N1,81,N1,8,N1,Y,,6,N1,10,,1,,,,,,,,,,,,,12,,,,,6,,,,,1,1,,11,,,2,,,,,260,,,,,,,,,,,,,,,,,Y,N1,A1100029,48
2026-07-28 07:50:37,data_go_kr,서울특별시,A1100032,세란병원,9,20260728074345,02-737-0181,,,,,,,,,,,,,,,,,,,,,1,,,,,,,,,,,,,,Y,,,,,,Y,N1,,,N1,Y,N1,21,N1,,N1,Y,,13,N1,10,,,1,,,,,,,,,,,,,,,,,13,,,,,3,5,,3,,,,,,,,205,,,,,,,,,,,,,,,,,Y,N1,A1100032,49
2026-07-28 07:50:37,data_go_kr,서울특별시,A1100075,의료법인풍산의료재단동부제일병원,7,20260728074023,02-490-8880,,,,,,,,,,,,,,,,,,,,,1,,,,,,,,,,,,,,Y,,,,,,Y,N1,,,N1,Y,N1,39,N1,,N1,Y,,2,N1,7,,,1,,,,,,,,,,,,,,,,,2,,,,,1,1,,3,,,,,,,,124,,,,,,,,,,,,,,,,,Y,N1,A1100075,50
2026-07-28 07:50:37,data_go_kr,서울특별시,A1100044,녹색병원,4,20260728061509,02-490-2113,,,,,,,,,,,,,,,,,,,1,,4,,,,,2,,,,,,0,Y,,Y,,,,,,Y,N1,,,Y,Y,N1,76,N1,7,N1,Y,,3,N1,5,,1,4,,,,,,,,,,,,17,3,,,,3,,,3,1,2,1,,22,,,1,,,,,293,,,,,,,,,,,,,,,,,Y,N1,A1100044,51
2026-07-28 07:50:37,data_go_kr,부산광역시,A1200003,동아대학교병원,19,20260728074210,051-240-5300,Y,Y,2,4,,,,1,1,,,,,,,,,3,,,,10,,,2,5,8,,,,6,1,Y,,Y,-1,,,Y,,Y,Y,4,5,Y,Y,Y,79,Y,6,Y,Y,6,17,N1,26,3,,,16,,,20,,,8,13,,11,7,18,6,30,,,18,,18,3,4,5,3,4,76,11,30,16,4,4,,,738,2,6,,,,4,1,,,,,,,,,,Y,Y,A1200003,1
2026-07-28 07:50:37,data_go_kr,부산광역시,A1200022,인제대학교 해운대백병원,25,20260728074017,051-797-0135,Y,Y,,,,,3,2,,8,,,,,,,,3,2,8,3,7,,,,1,5,,,,,1,Y,Y,Y,,,,Y,,Y,Y,,,Y,Y,Y,28,Y,,Y,Y,0,22,N1,29,3,2,3,12,28,27,23,,,,,,,,,2,30,,,22,,,7,2,5,3,4,72,8,40,17,9,11,1,,710,,,,,5,3,,,,,,,,,,,Y,Y,A1200022,2
2026-07-28 07:50:37,data_go_kr,부산광역시,A1200018,대동병원,13,20260728074254,051-550-9391,,,,,,,,,,,,,,,,,,3,1,,2,,,,,0,,,,,,1,,,Y,,,,Y,,Y,Y,,,Y,Y,N1,47,N1,0,N1,Y,,6,N1,15,3,1,2,,,,,,,,,,,,21,1,,,,6,,,1,,2,1,1,10,,,1,,,,,401,,,,,,,,,,,,,,,,,Y,N1,A1200018,3
2026-07-28 07:50:37,data_go_kr,부산광역시,A1200020,의료법인 온그룹의료재단 온병원,19,20260728074035,051-607-0139,,,,,,,,,,,,,,,,,,,1,,2,,,,,1,,,,,,6,,,Y,,,,Y,,Y,Y,,,Y,Y,N1,132,N1,7,N1,Y,,9,Y,20,,1,2,,,,,,,,,,,,23,1,,,,9,,,6,,4,2,2,7,,,1,,,,1,585,,,,,,,,,,,,,,,,,Y,N1,A1200020,4
2026-07-28 07:50:37,data_go_kr,부산광역시,A1200001,인제대학교부산백병원,15,20260728074513,051-890-5995,Y,Y,,,,,,,,4,,,,,,,,,1,1,2,,,,2,1,,,,,4,1,Y,,Y,1,,,Y,,Y,Y,,,Y,Y,Y,88,Y,2,Y,Y,-1,17,Y,18,,1,2,,19,18,35,,,,12,,6,,10,1,,,,17,,20,8,4,5,3,6,68,19,38,16,3,7,,2,691,,,,,,,,,,,,,,,,,Y,Y,A1200001,5
2026-07-28 07:50:37,data_go_kr,부산광역시,A1200005,의료법인 은성의료재단 좋은삼선병원,13,20260728074527,051-310-9119,,,,,,,,,,,,,,,,,3,1,1,,2,,,,0,1,,,,,,2,,,Y,0,,,Y,,Y,Y,,,Y,Y,N1,10,N1,6,N1,Y,,7,N1,13,1,1,2,,,,,,,,5,,4,,19,2,,,,7,,,2,,2,2,2,11,,,1,,,,,375,,,,,,,,,,,,,,3,,,Y,N1,A1200005,6
2026-07-28 07:50:37,data_go_kr,부산광역시,A1200004,고신대학교복음병원,7,20260728074300,051-990-6200,Y,Y,0,4,,,,,,6,,,,,,,,,,7,,,,,6,5,,,,,14,1,Y,,Y,3,,,Y,,Y,Y,1,,Y,Y,Y,79,Y,,Y,Y,14,12,Y,25,,,,,13,8,18,,,5,13,,16,,,7,,,,13,,14,1,7,3,3,5,53,13,19,14,3,1,,1,685,1,4,,,,,,,,,,,,,,,Y,Y,A1200004,7
2026-07-28 07:50:37,data_go_kr,부산광역시,A1200002,부산대학교병원,12,20260728074500,051-240-7776,Y,Y,,,,,0,,,2,,,,0,0,0,,3,1,,1,-4,,,,3,3,,23,2,8,4,Y,,Y,0,1,12,Y,21,Y,Y,,,Y,Y,Y,302,Y,8,Y,Y,-1,26,N,17,3,1,2,2,10,,20,,,,0,42,,,24,4,3,,82,26,2,19,10,12,9,6,10,100,17,17,21,9,21,,1,901,,,,,2,,,,,,0,0,0,,2,12,Y,Y,A1200002,8
2026-07-28 07:50:37,data_go_kr,부산광역시,A1200007,비에이치에스한서병원,15,20260728074524,051-998-1119,,,,,,,,,,,,,,,,,,,1,,2,2,,,,,3,,,,,,,,Y,,,,Y,,Y,Y,,,Y,Y,Y,58,N1,3,N1,Y,,4,N1,17,,1,2,2,,,,,,,,,,,14,,3,,,4,,,,,1,1,2,11,,,1,1,,,,285,,,,,,,,,,,,,,,,,Y,N1,A1200007,9
2026-07-28 07:50:37,data_go_kr,부산광역시,A1200028,(의)서일의료재단기장병원,7,20260728074437,051-723-2119,,,,,,,,,,,,,,,,,,,,,1,,,,,,,,,,,,,,Y,,,,,,Y,N1,,,N1,Y,N1,13,N1,,N1,Y,,3,N1,9,,,1,,,,,,,,,,,,,,,,,3,,,,,1,1,,1,,,,,,,,154,,,,,,,,,,,,,,,,,Y,N1,A1200028,10
2026-07-28 07:50:37,data_go_kr,부산광역시,A1200015,동남권원자력의학원원자력병원,7,20260728074302,051-720-5911,,,,,,,,,,,,,,,,,,,1,,,,,,,,,,,,,,,,Y,,,,Y,,Y,Y,,,Y,Y,Y,65,N1,8,N1,Y,,8,N1,9,,1,,,,,,,,,,,,,12,,,,,8,,,,,2,2,2,12,,,1,0,,,,261,,,,,,,,,,,,,,,,,Y,N1,A1200015,11
2026-07-28 07:50:37,data_go_kr,부산광역시,A1200013,부산성모병원(재단법인 천주교부산교구유지재단),8,20260728074511,051-933-7119,Y,Y,,,,,,,,,,,,,,,4,4,1,,,,,,,2,,,,,,1,,,Y,,,,,,Y,N1,,,Y,Y,N1,44,N1,9,Y,Y,6,7,N1,10,4,1,,,,,10,,,,,,,,18,2,,,,7,,,2,,1,1,,6,14,13,1,,,,,373,,,,,,,,,,,,,,4,,,Y,Y,A1200013,12
2026-07-28 07:50:37,data_go_kr,부산광역시,A1200026,좋은문화병원,5,20260728074439,051-630-0909,Y,Y,,,,,,,,,,,,,,,,2,1,,2,,,,,,,,,,,1,Y,,Y,,,,,,Y,N1,,,N1,Y,N1,29,N1,3,Y,Y,0,0,Y,7,2,1,2,,,,12,,,,,,,,8,,,,,8,,,2,8,2,2,,3,6,17,,,,,1,270,,,,,,,,,,,,,,,,,Y,Y,A1200026,13
2026-07-28 07:50:37,data_go_kr,부산광역시,A1200017,의료법인정화의료재단 봉생기념병원,7,20260728074349,051-664-4119,,,,,,,,,,1,,,,,,,,,,0,1,,,,,,,,,,2,1,,,Y,,,,Y,,Y,Y,,,Y,Y,N1,30,N1,,N1,Y,,8,N1,9,,,2,,11,11,,,,,,,,,,,,,,8,,31,1,,1,2,2,11,,,4,,,,,335,,,,,,,,,,,,,,,,,Y,N1,A1200017,14
2026-07-28 07:50:37,data_go_kr,부산광역시,A1200011,동래봉생병원,5,20260728074259,051-520-5700,,,,,,,,,,,,,,,,,,,1,,1,,,,,2,,,,,,,,,Y,,,,Y,,Y,Y,,,Y,Y,N1,17,N1,2,N1,Y,,7,N1,8,,1,1,,,,,,,,,,,,18,2,,,,7,,,,,1,2,2,11,,,1,,,,,241,,,,,,,,,,,,,,,,,Y,N1,A1200011,15
2026-07-28 07:50:37,data_go_kr,부산광역시,A1200009,의료법인 광혜의료재단 광혜병원,7,20260728074429,051-504-2119,,,,,,,,,,,,,,,,,,,2,,1,,,,,,,,,,,1,,,Y,,,,,,Y,N1,,,N1,Y,N1,63,N1,1,N1,Y,,3,N1,9,,2,1,,,,,,,,,,,,9,,,,,3,,,1,,1,1,,4,,,,,,,,190,,,,,,,,,,,,,,,,,Y,N1,A1200009,16
2026-07-28 07:50:37,data_go_kr,부산광역시,A1200019,학교법인)동의병원,10,20260728074500,051-850-8777,,,,,,,,,,,,,,,,,,,,,1,,,,,,,,,,,,,,Y,,,,Y,,Y,Y,,,Y,Y,Y,91,N1,15,N1,Y,,1,N1,14,,,1,,,,,,,,,,,,23,,,,,5,,,,,2,2,2,7,,,2,1,,,,448,,,,,,,,,,,,,,,,,Y,N1,A1200019,17
2026-07-28 07:50:37,data_go_kr,부산광역시,A1200025,학교법인 춘해병원,8,20260728074254,051-608-0119,,,,,,,,,,,,,,,,,,,,,1,,,,,,,,,,,,,,Y,,,,,,Y,N1,,,N1,Y,N1,54,N1,,N1,Y,,4,N1,9,,,1,,,,,,,,,,,,,,,,,4,,,,,1,1,,3,,,,,,,,201,,,,,,,,,,,,,,,,,Y,N1,A1200025,18
2026-07-28 07:50:37,data_go_kr,부산광역시,A1200045,구포성심병원,5,20260728074209,051-330-2090,,,,,,,,,,,,,,,,,,,,,1,,,,,,,,,,,,,,Y,,,,Y,,Y,Y,,,N1,Y,N1,20,N1,,N1,Y,,4,N1,9,,,1,,,,,,,,,,,,,,,,,4,,,,,1,1,1,4,,,,,,,,243,,,,,,,,,,,,,,,,,Y,N1,A1200045,19
2026-07-28 07:50:37,data_go_kr,부산광역시,A1200006,의료법인 인당의료재단 부민병원,8,20260728074058,051-330-3129,,,,,,,,,,,,,,,,,,,1,,1,,,,,1,,,,,,,,,Y,,,,Y,,Y,Y,,,Y,Y,N1,4,N1,1,N1,Y,,8,N1,10,,1,1,,,,,,,,,,,,18,1,,,,8,,,,,2,3,1,7,,,1,,,,,366,,,,,,,,,,,,,,,,,Y,N1,A1200006,20
2026-07-28 07:50:37,data_go_kr,부산광역시,A1200016,한국보훈복지의료공단 부산보훈병원,11,20260728074300,051-601-6183,,,,,,,,,,,,,,,,,,,1,,1,,,,,1,,,,,,,,,Y,,,,Y,,Y,Y,,,N1,Y,N1,22,N1,5,N1,Y,,7,N1,11,,1,1,,,,,,,,,,,,9,1,,,,7,,,,,2,3,2,11,,,,,,,,452,,,,,,,,,,,,,,,,,Y,N1,A1200016,21
2026-07-28 07:50:37,data_go_kr,부산광역시,A1200021,삼육부산병원,5,20260728074409,051-600-7750,,Y,,,,,,,,,,,,,,,,,0,,,,,,,0,,,,,,,Y,,Y,,,,Y,,Y,Y,,,Y,Y,Y,2,N1,-1,Y,Y,,,N1,9,,1,,,,,,,,,,,,,14,1,,,,,,,,1,2,1,1,9,,1,2,1,,,,302,,,,,,,,,,,,,,,,,Y,N1,A1200021,22
2026-07-28 07:50:37,data_go_kr,부산광역시,A1200008,의료법인 은성의료재단 좋은강안병원,15,20260728074450,051-610-9119,,,,,,,,,,,,,,,,,,,1,,2,,,,,1,,,,,,1,,,Y,,,,Y,,Y,Y,,,Y,Y,Y,66,N1,5,N1,Y,,11,N1,18,,1,2,,,,,,,,,,,,30,2,,,,11,,,3,,4,3,3,12,,,5,1,,,,535,,,,,,,,,,,,,,,,,Y,N1,A1200008,23
2026-07-28 07:50:37,data_go_kr,부산광역시,A1200098,의료법인 센텀의료재단 센텀종합병원,7,20260728074028,051-750-5119,,,,,,,,,,,,,,,,,,,,,1,,,,,1,,,,,,,,,Y,,,,Y,,Y,Y,,,N1,Y,N1,3,N1,0,N1,Y,,9,N1,9,,,1,,,,,,,,,,,,16,1,,,,9,,,,,2,2,1,11,,,,,,,,338,,,,,,,,,,,,,,,,,Y,N1,A1200098,24
2026-07-28 07:50:37,data_go_kr,부산광역시,A1200024,부산광역시의료원,15,20260728074419,051-607-2140,,N,,,,,,,,4,,,,,,,,,1,5,1,,,,,,,,,,7,5,N,,Y,,,,Y,,Y,Y,,,Y,Y,N1,109,N1,,N,Y,,7,N1,18,,1,1,,13,14,,,,,,,,,,,,,,7,,29,7,1,1,1,2,19,,2,4,,,,,398,,,,,,,,,,,,,,,,,Y,N1,A1200024,25
2026-07-28 07:50:37,data_go_kr,부산광역시,A1200012,의료법인 행도의료재단 해동병원,5,20260728074455,051-410-6688,,,,,,,,,,,,,,,,,,,1,,,,,,,,,,,,,0,,,Y,,,,,,Y,N1,,,Y,Y,N1,23,N1,2,N1,Y,,3,Y,6,,1,,,,,,,,,,,,,9,,,,,3,,,0,,1,1,,5,,,1,,,,12,256,,,,,,,,,,,,,,,,,Y,N1,A1200012,26
2026-07-28 07:50:37,data_go_kr,부산광역시,A1200014,영도병원,6,20260728074312,051-419-7575,,,,,,,,,,,,,,,,,,,1,,1,,,,,,,,,,,,,,Y,,,,,,Y,N1,,,N1,Y,N1,18,N1,1,N1,Y,,3,N1,7,,1,1,,,,,,,,,,,,10,,,,,3,,,,,1,1,,7,,,,,,,,217,,,,,,,,,,,,,,,,,Y,N1,A1200014,27
2026-07-28 07:50:37,data_go_kr,부산광역시,A1200023,재단법인천주교부산교구유지재단 메리놀병원,9,20260728074509,051-461-2300,,,,,,,,,,,,,,,,,,,,,0,,,,,0,,,,,,,Y,,Y,,,,Y,,Y,Y,,,Y,Y,N1,77,N1,2,N1,Y,,8,N1,9,,,1,,,,,,,,,,,,18,1,,,,8,,,,1,1,1,1,9,,,2,,,,,380,,,,,,,,,,,,,,,,,Y,N1,A1200023,28
2026-07-28 07:50:37,data_go_kr,부산광역시,A1205143,의료법인 인당의료재단 해운대부민병원,6,20260728074058,051-602-8119,,,,,,,,,,,,,,,,,,,1,,,,,,,0,,,,,,1,,,Y,,,,Y,,Y,Y,,,Y,Y,N1,9,N1,4,N1,Y,,8,Y,9,,1,,,,,,,,,,,,,19,2,,,,8,,,3,,2,2,1,10,,,1,,,,1,360,,,,,,,,,,,,,,,,,Y,N1,A1205143,29
2026-07-28 07:50:37,data_go_kr,대구광역시,A1300001,영남대학교병원,19,20260728074237,053-620-3177,Y,Y,,0,,,0,3,,1,0,,,,,,,3,2,7,3,7,,,0,4,2,,,,11,5,Y,,Y,4,,,Y,,Y,Y,,,Y,Y,Y,94,Y,,Y,Y,-1,23,Y,28,3,2,3,21,10,15,15,,,,14,,7,,,13,30,,,23,,20,7,2,4,4,4,75,5,11,8,5,5,,1,704,,0,,,1,3,,0,,,,,,,,,Y,Y,A1300001,1
2026-07-28 07:50:37,data_go_kr,대구광역시,A1300002,경북대학교병원,12,20260728074206,053-200-5100,Y,Y,2,3,,,,,,2,,,,,,,,4,,4,,8,,,6,,32,,11,2,8,1,Y,,Y,2,2,4,Y,3,Y,Y,0,4,Y,Y,Y,141,Y,,Y,Y,1,17,N1,25,4,,,20,7,7,15,,,6,7,20,10,11,,,44,,40,17,2,20,5,2,5,5,5,82,8,11,11,9,5,,,582,2,3,,,,,,,,,,,,,2,6,Y,Y,A1300002,2
2026-07-28 07:50:37,data_go_kr,대구광역시,A1300004,대구가톨릭대학교병원,4,20260728074308,053-650-3000,Y,Y,,,,,,,,2,,,,,,,,,1,5,3,,,,,2,,,,,2,4,Y,Y,Y,8,,,Y,,Y,Y,,,Y,Y,Y,223,Y,0,Y,Y,2,19,N1,24,,1,3,,15,25,42,,,,16,,,,0,6,,,,19,,20,9,2,3,3,5,58,20,32,8,3,4,1,,704,,,,,,,,,,,,,,,,,Y,Y,A1300004,3
2026-07-28 07:50:37,data_go_kr,대구광역시,A1300003,계명대학교동산병원,8,20260728074453,053-258-6306,Y,Y,,,,,,,,3,,,,,,,,,2,0,1,,3,,,0,9,,,,3,2,Y,Y,Y,3,,,Y,,Y,Y,6,,Y,Y,Y,191,Y,1,Y,Y,3,15,Y,20,,2,3,,11,13,39,7,,8,15,,,,10,4,20,,,24,,20,16,6,6,5,7,56,13,37,9,4,14,1,2,769,,,,,,,,,,,,,,,,,Y,Y,A1300003,4
2026-07-28 07:50:37,data_go_kr,대구광역시,A1300009,대구파티마병원,2,20260728074500,053-940-7119,Y,Y,,,,,,,,2,,,,,,,,5,2,4,4,1,,,,1,1,,,,,,Y,,Y,8,,,Y,,Y,Y,,,Y,Y,Y,104,Y,,Y,Y,2,17,N1,25,5,2,5,2,17,8,8,,,,12,,,,,9,4,,,17,,,,2,5,3,4,32,11,19,5,1,1,,,539,,,,,,,,,,,,,,,,,Y,Y,A1300009,5
2026-07-28 07:50:37,data_go_kr,대구광역시,A1300010,칠곡경북대학교병원,14,20260728074508,053-200-2100,Y,Y,,,1,1,,,,3,,,,,,,,5,1,7,3,,2,1,,4,0,2,,,11,13,Y,,Y,,,,Y,,Y,Y,,,Y,Y,Y,194,Y,,Y,Y,7,19,N1,23,7,1,3,,10,15,39,10,2,,,,,,,4,0,8,,19,,20,13,2,8,5,8,52,9,27,9,3,1,,,760,,,1,1,,,,,,,,,,,,,Y,Y,A1300010,6
2026-07-28 07:50:37,data_go_kr,대구광역시,A1300034,드림종합병원,6,20260728074306,053-640-8575,,,,,,,,,,,,,,,,,1,,,,1,,,,,,,,,,,,,,Y,,,,Y,,Y,Y,,,Y,Y,Y,13,N1,,N1,N,,3,N1,8,,,1,,,,,,,,,,,,,,,,,3,,,,,2,1,1,2,,,1,1,,,,159,,,,,,,,,,,,,,1,,,Y,N1,A1300034,7
2026-07-28 07:50:37,data_go_kr,대구광역시,A1300006,의료법인구의료재단구병원,10,20260728074516,053-557-7119,,,,,,,,,,,,,,,,,,,,,1,,,,,0,,,,,,,,,Y,,,,,,Y,N1,,,N1,Y,N1,41,N1,8,N1,Y,,9,N1,10,,,1,,,,,,,,,,,,18,1,,,,9,,,,,3,1,,3,,,,,,,,235,,,,,,,,,,,,,,,,,Y,N1,A1300006,8
2026-07-28 07:50:37,data_go_kr,대구광역시,A1300110,더블유병원,8,20260728074246,053-550-5019,,,,,,,,,,,,,,,,,,,,,1,,,,,,,,,,,,,,Y,,,,,,Y,N1,,,N1,Y,N1,77,N1,,N1,N,,8,Y,10,,,1,,,,,,,,,,,,,,,,,8,,,,,1,1,,1,,,,,,,8,431,,,,,,,,,,,,,,,,,Y,N1,A1300110,9
2026-07-28 07:50:37,data_go_kr,대구광역시,A1300011,한국보훈복지의료공단대구보훈병원,12,20260728074040,053-630-7014,,,,,,,,,,,,,,,,,,,1,,1,,,,,1,,,,,,0,,,Y,,,,Y,,Y,Y,,,N1,Y,N1,32,N1,4,N1,Y,,6,N1,12,,1,1,,,,,,,,,,,,13,1,,,,6,,,1,,1,3,2,9,,,,,,,,406,,,,,,,,,,,,,,,,,Y,N1,A1300011,10
2026-07-28 07:50:37,data_go_kr,대구광역시,A1300045,삼일병원,9,20260728074514,053-659-3119,,,,,,,,,,,,,,,,,,,1,,,,,,,,,,,,,,,,Y,,,,Y,,Y,Y,,,N1,Y,N1,27,N1,,N1,N,,4,N1,14,,1,,,,,,,,,,,,,,,,,,4,,,,,3,2,1,3,,,,,,,,299,,,,,,,,,,,,,,,,,Y,N1,A1300045,11
2026-07-28 07:50:37,data_go_kr,대구광역시,A1300038,나사렛종합병원,7,20260728074155,053-643-3119,,,,1,,,,,,,,,,,,,,,,,1,,,,,0,,,,,,,,,Y,,,,Y,,Y,Y,,,Y,Y,N1,25,N1,3,N1,Y,,5,N1,9,,,1,,,,,,,,,,,,28,1,,,,5,,,,,2,2,2,5,,,1,,,,,231,,9,,,,,,,,,,,,,,,Y,N1,A1300038,12
2026-07-28 07:50:37,data_go_kr,대구광역시,A1300018,강남종합병원,12,20260728074118,053-980-9018,,,,,,,,,,,,,,,,,,,1,,,,,,,,,,,,,1,,,Y,,,,,,Y,N1,,,N1,Y,N1,39,N1,,N1,Y,,7,N1,15,,1,,,,,,,,,,,,,,,,,,7,,,1,,2,2,,2,,,,,,,,207,,,,,,,,,,,,,,,,,Y,N1,A1300018,13
2026-07-28 07:50:37,data_go_kr,대구광역시,A1300005,대구가톨릭대학교칠곡가톨릭병원,7,20260728074406,053-320-2111,,,,,,,,,,,,,,,,,,,,,1,,,,,,,,,,,,,,Y,,,,,,Y,N1,,,N1,Y,N1,20,N1,,N1,Y,,3,N1,9,,,1,,,,,,,,,,,,,,,,,3,,,,,2,2,,1,,,,,,,,161,,,,,,,,,,,,,,,,,Y,N1,A1300005,14
2026-07-28 07:50:37,data_go_kr,대구광역시,A1300076,대구굿모닝병원,15,20260728074526,053-620-9119,,,,,,,,,,,,,,,,,,,1,,1,,,,,1,,,,,,,,,Y,,,,Y,,Y,Y,,,N1,Y,N1,59,N1,6,N1,Y,,4,N1,17,,1,1,,,,,,,,,,,,26,1,,,,4,,,,,2,4,2,13,,,,,,,,226,,,,,,,,,,,,,,,,,Y,N1,A1300076,15
2026-07-28 07:50:37,data_go_kr,대구광역시,A1300007,대구의료원,16,20260728074502,053-560-7288,,Y,,,,,,,,,,,,,,,,,1,,1,,,,,0,,,,,2,1,Y,,Y,,,,,,Y,N1,,,N1,Y,N1,36,N1,6,Y,Y,,4,N1,18,,1,1,,,,,,,,,,,,18,1,,,,4,,82,3,1,1,1,,13,,4,,,,,,254,,,,,,,,,,,,,,,,,Y,N1,A1300007,16
2026-07-28 07:50:37,data_go_kr,대구광역시,A1300081,(재)미리내천주성삼성직수도회천주성삼병원,7,20260728074503,053-790-0555,,,,,,,,,,,,,,,,,,,,,1,,,,,,,,,,,,,,Y,,,,,,Y,N1,,,N1,Y,N1,5,N1,,N1,Y,,4,N1,9,,,1,,,,,,,,,,,,,,,,,4,,,,,1,2,,4,,,,,,,,294,,,,,,,,,,,,,,,,,Y,N1,A1300081,17
2026-07-28 07:50:37,data_go_kr,대구광역시,A1300008,곽병원,10,20260728074400,053-605-3333,,,,,,,,,,,,,,,,,,,,,2,,,,,,,,,,,,,,Y,,,,,,Y,N1,,,N1,Y,N1,5,N1,,N1,Y,,4,N1,10,,,2,,,,,,,,,,,,,,,,,4,,,,,1,1,,2,,,,,,,,221,,,,,,,,,,,,,,,,,Y,N1,A1300008,18
2026-07-28 07:50:37,data_go_kr,대구광역시,A1303386,계명대학교대구동산병원,10,20260728074408,053-250-8481,,,,,,,,,,,,,,,,,,,1,,1,,,,,0,,,,,,,N,,Y,,,,Y,,Y,Y,,,Y,Y,N1,25,N,0,N1,Y,,3,N1,12,,1,1,,,,,,,,,,,,7,5,,,,3,,,,0,2,1,1,6,,,6,,0,,,196,,,,,,,,,,,,,,,,,Y,N1,A1303386,19
2026-07-28 07:50:37,data_go_kr,인천광역시,A1400001,의료법인 길의료재단 길병원,17,20260728074535,032-460-3012,Y,Y,2,3,1,1,,0,,3,,,,,2,,,9,,3,,3,,2,0,4,13,2,10,2,9,12,Y,,Y,1,2,6,Y,0,Y,Y,,0,Y,Y,Y,258,Y,,Y,Y,0,3,Y,23,9,,,18,38,11,30,,2,,14,20,6,4,,11,30,6,47,3,2,18,13,3,6,6,7,113,19,40,19,10,6,,1,995,2,3,1,1,,2,,,,,,3,,,2,6,Y,Y,A1400001,1
2026-07-28 07:50:37,data_go_kr,인천광역시,A1400002,인하대학교의과대학부속병원,16,20260728074109,032-890-2301,Y,Y,,,1,1,,,,3,,,,,,,,2,2,0,5,0,0,0,0,0,0,3,,,5,7,Y,Y,Y,,,,Y,,Y,Y,,,Y,Y,Y,63,Y,3,Y,Y,1,16,Y,20,7,2,5,20,25,13,26,3,2,,,,7,,23,3,30,6,,16,,15,7,4,6,3,5,109,17,27,13,9,7,1,2,681,,,1,1,,,,,,,,,,,,,Y,Y,A1400002,2
2026-07-28 07:50:37,data_go_kr,인천광역시,A1400010,검단탑병원,17,20260728074218,032-590-0077,,,,,,,,,,,,,,,,,,,1,,2,,,,,0,,,,,,1,,,Y,,,,Y,,Y,Y,,,Y,Y,N1,18,N1,6,N1,Y,,6,N1,18,,1,2,,,,,,,,,,,,15,3,,,,6,,,2,,2,2,1,11,,,1,,,,,279,,,,,,,,,,,,,,,,,Y,N1,A1400010,3
2026-07-28 07:50:37,data_go_kr,인천광역시,A1403372,인천세종병원,11,20260728074510,032-240-8119,,,,,,,,,,,,,,,,,,,3,,,1,,,,1,0,,,,,3,,,Y,,,,Y,,Y,Y,,,Y,Y,Y,58,Y,4,N1,Y,,7,N1,18,,3,,2,,,,,,,,,,,20,2,3,,,7,,,6,,2,2,3,13,,,4,5,1,,,274,,,,,,,,,,,,,,,,,Y,N1,A1403372,4
2026-07-28 07:50:37,data_go_kr,인천광역시,A1400014,의료법인인성의료재단한림병원,15,20260728074239,032-540-9119,,,,,,,,,,,,,,,,,,,2,,2,,,,,2,,,,,,2,Y,,Y,,,,Y,,Y,Y,,,Y,Y,Y,22,N1,3,N1,Y,,6,N1,17,,2,2,,,,,,,,,,,,21,2,,,,6,,,2,1,3,2,2,20,,,3,3,,,,391,,,,,,,,,,,,,,,,,Y,N1,A1400014,5
2026-07-28 07:50:37,data_go_kr,인천광역시,A1400016,인천사랑병원,14,20260728074425,032-457-2119,,Y,,,,,,,,,,,,,,,4,,1,,2,,,,,1,0,,,,,1,Y,,Y,,,,Y,,Y,Y,,,Y,Y,N1,16,Y,11,Y,Y,,7,N1,14,,1,2,,,,,,,,,,,,17,1,5,,,7,,,1,1,2,1,1,12,,1,2,,1,,,281,,,,,,,,,,,,,,4,,,Y,N1,A1400016,6
2026-07-28 07:50:37,data_go_kr,인천광역시,A1400012,가톨릭대학교 인천성모병원,10,20260728074509,032-280-6107,Y,Y,,,,,,,,0,,,,,,,,3,3,0,3,0,,,,0,,,,,,5,Y,,Y,1,,,Y,,Y,Y,,,Y,Y,Y,13,Y,,Y,Y,0,17,N1,19,4,3,5,12,15,18,13,,,,15,,,,,10,,,,17,,,9,1,4,4,5,53,5,14,11,5,4,,,579,,,,,,,,,,,,,,,,,Y,Y,A1400012,7
2026-07-28 07:50:37,data_go_kr,인천광역시,A1400013,안은의료재단 부평세림병원,14,20260728074513,032-509-5777,,,,,,,,,,,,,,,,,,,1,,3,2,,,,0,0,,,,,2,,,Y,,,,Y,,Y,Y,,,Y,Y,Y,15,N1,7,N1,Y,,4,N1,16,,1,3,2,,,,,,,,,,,11,2,3,,,4,,,2,,3,2,1,9,,,1,1,,,,234,,,,,,,,,,,,,,,,,Y,N1,A1400013,8
2026-07-28 07:50:37,data_go_kr,인천광역시,A1400015,가톨릭관동대학교국제성모병원,9,20260728074415,032-290-3065,Y,Y,3,0,,,,,,3,,,18,,,,,3,0,,0,,,,,,,,,,3,3,Y,,Y,-2,,,Y,,Y,Y,,,Y,Y,N,178,Y,,Y,Y,,9,N1,23,3,0,0,,40,,,,,,13,,,,,,,,,11,,11,3,2,3,2,3,34,2,11,6,2,1,,,641,5,0,,,,,,,,21,,,,,,,Y,Y,A1400015,9
2026-07-28 07:50:37,data_go_kr,인천광역시,A1400003,의료법인 루가의료재단 나은병원,8,20260728074339,032-584-4119,,Y,,,,,,,,3,,,,,,,7,,1,4,2,,,,,3,,,,,,8,Y,,Y,,,,Y,,Y,Y,,,Y,Y,Y,86,Y,,Y,Y,,10,N1,11,,1,2,,14,13,,,,,,,,,,3,,,,10,,,9,1,2,2,3,17,,1,3,1,1,,,367,,,,,,,,,,,,,,7,,,Y,N1,A1400003,10
2026-07-28 07:50:37,data_go_kr,인천광역시,A1400011,의료법인 나사렛의료재단 나사렛국제병원,14,20260728074035,032-899-9699,,,,,,,,,,,,,,,,,,,1,,2,,,,,0,,,,,,,,,Y,,,,Y,,Y,Y,,,Y,Y,N1,42,N1,3,N1,Y,,5,N1,17,,1,2,,,,,,,,,,,,16,1,,,,5,,,,,2,2,2,8,,,2,,,,,282,,,,,,,,,,,,,,,,,Y,N1,A1400011,11
2026-07-28 07:50:37,data_go_kr,인천광역시,A1403617,비에스종합병원,8,20260728074126,032-290-0119,,Y,,,,,,,,,,,,,,,,,1,,,,,,,0,,,,,,,Y,,Y,,,,Y,,Y,Y,,,Y,Y,N1,90,N1,9,Y,N1,0,2,N1,10,,1,,,,,1,,,,,,,,18,1,,,,2,,,,1,1,,1,6,,1,1,,,,,180,,,,,,,,,,,,,,,,,Y,N1,A1403617,12
2026-07-28 07:50:37,data_go_kr,인천광역시,A1400005,온누리병원,8,20260728074113,032-568-9112,,,,,,,,,,,,,,,,,,,1,,1,,,,,,,,,,,,,,Y,,,,,,Y,N1,,,N1,Y,N1,41,N1,,N1,Y,,3,N1,9,,1,1,,,,,,,,,,,,,,,,,3,,,,,1,1,,5,,,,,,,,190,,,,,,,,,,,,,,,,,Y,N1,A1400005,13
2026-07-28 07:50:37,data_go_kr,인천광역시,A1403871,인천힘찬종합병원,16,20260728074046,032-459-3168,,,,,,,,,,,,,,,,,,,1,,2,,,,,0,,,,,,,,,Y,,,,,,Y,N1,,,N1,Y,N1,43,N1,0,N1,Y,,7,N1,17,,1,2,,,,,,,,,,,,8,1,,,,7,,,,,2,2,,1,,,,,,,,235,,,,,,,,,,,,,,,,,Y,N1,A1403871,14
2026-07-28 07:50:37,data_go_kr,인천광역시,A1400004,현대유비스병원,17,20260728074520,032-890-5582,,,,,,,,,,,,,,,,,,,1,,,,,,,0,,,,,,,,,Y,,,,Y,,Y,Y,,,Y,Y,N1,13,N1,3,N1,Y,,6,N1,18,,1,,,,,,,,,,,,,13,1,,,,6,,,,,2,2,1,8,,,2,,,,,285,,,,,,,,,,,,,,,,,Y,N1,A1400004,15
2026-07-28 07:50:37,data_go_kr,인천광역시,A1400008,(의)성세의료재단 뉴성민병원,9,20260728074336,032-726-1119,,,,,,,,,,,,,,,0,,,,,,1,,,,,2,,,,,,,,,Y,,,,,,Y,N1,,,Y,Y,N1,108,N1,12,N1,Y,,6,Y,9,,,1,,,,,,,,,,,,17,2,,,,6,,,,,2,2,,11,,,2,,,,1,265,,,,,,,,,,,,0,,,,,Y,N1,A1400008,16
2026-07-28 07:50:37,data_go_kr,인천광역시,A1400018,인천적십자병원,7,20260728074108,032-899-4119,,,,,,,,,,,,,,,,,,,1,,1,,,,,,,,,,,,,,Y,,,,,,Y,N1,,,N1,Y,N1,66,N1,2,N1,Y,,3,N1,8,,1,1,,,,,,,,,,,,8,,,,,3,,,,,1,1,,2,,,,,,,,104,,,,,,,,,,,,,,,,,Y,N1,A1400018,17
2026-07-28 07:50:37,data_go_kr,인천광역시,A1400037,인천광역시의료원백령병원,4,20260728074502,032-836-1732,Y,Y,,,,,,,,,,,,,,,,,,,1,,,,,,,,,,,,,,Y,,,,,,Y,N1,,,N1,Y,N1,30,N1,,Y,N1,,1,N1,5,,,1,,,,,,,,,,,,,,,,,1,,,,,1,,,1,1,2,,,,,,30,,,,,,,,,,,,,,,,,Y,Y,A1400037,18
2026-07-28 07:50:37,data_go_kr,인천광역시,A1400009,인천기독병원,8,20260728074510,032-270-8300,,,,,,,,,,,,,,,,,,,,,1,,,,,,,,,,,,,,Y,,,1,,,Y,N1,,,N1,Y,N1,30,N1,10,N1,Y,,4,N1,8,,,1,,,,,,,,,,,,10,,,,,4,,,,,1,1,,1,,,,,,,,139,,,,,,,,,,,,,,,,1,Y,N1,A1400009,19
2026-07-28 07:50:37,data_go_kr,인천광역시,A1400017,인천광역시의료원,15,20260728074501,032-580-6119,,,,,,,,,,,,,,,,,,,2,,,,,,,0,,,,,24,7,,,Y,,,,,,Y,N1,,,N1,Y,N1,21,N1,2,N1,Y,,6,N1,15,,2,,,,,,,,,,,,,13,0,,,,6,,45,7,,1,1,,19,,,,,,,,198,,,,,,,,,,,,,,,,,Y,N1,A1400017,20
2026-07-28 07:50:37,data_go_kr,인천광역시,A1400007,의료법인 성수의료재단 인천백병원,4,20260728074346,032-280-8119,,,,,,,,,,,,,,,,,,,,,1,,,,,,,,,,,,,,Y,,,,,,Y,N1,,,Y,Y,N1,35,N1,1,N1,Y,,4,N1,5,,,1,,,,,,,,,,,,12,,,,,4,,,,,2,2,,6,,,1,,,,,189,,,,,,,,,,,,,,,,,Y,N1,A1400007,21
2026-07-28 07:50:37,data_go_kr,대전광역시,A1600006,학교법인건양교육재단건양대학교병원,21,20260728075021,042-600-9119,Y,Y,,0,,,1,1,4,,0,0,0,0,,0,,5,2,,3,6,,,,3,6,,,,10,0,Y,,Y,,,,Y,,Y,Y,,,Y,Y,Y,223,Y,33,Y,Y,2,20,Y,24,5,2,3,16,,,24,,,,,,,,59,5,28,,,20,,20,1,2,4,4,4,46,17,23,10,3,1,,1,658,,0,,,1,3,4,0,0,0,0,,0,,,,Y,Y,A1600006,1
2026-07-28 07:50:37,data_go_kr,대전광역시,A1600001,충남대학교병원,16,20260728075001,042-280-8129,Y,Y,0,0,,,,,,4,,,,,,,0,5,2,7,3,3,3,,4,6,20,,,,15,9,Y,,Y,,,,Y,,Y,Y,,,Y,Y,Y,170,Y,2,Y,Y,8,20,N1,28,6,2,3,20,16,14,34,5,,,,,10,,12,8,30,,,21,,26,14,5,5,4,5,76,12,36,6,8,2,,,966,0,0,,,,,,,,,,,,0,,,Y,Y,A1600001,2
2026-07-28 07:50:37,data_go_kr,대전광역시,A1600002,학교법인을지학원대전을지대학교병원,18,20260728075001,042-259-1119,Y,Y,,,,,,,,3,,0,0,-10,-5,2,3,,2,5,1,,,,2,0,,,1,2,8,,Y,,Y,,2,5,Y,3,Y,Y,,,Y,Y,Y,70,Y,,Y,Y,16,6,N1,21,,2,1,,20,20,20,,,,,20,5,,,11,,,40,15,2,20,,16,4,2,4,70,12,47,7,3,3,,,331,,,,,,,,,0,0,0,0,30,3,2,6,Y,Y,A1600002,3
2026-07-28 07:50:37,data_go_kr,대전광역시,A1600007,의료법인영훈의료재단유성선병원,15,20260728074808,042-609-1119,,,,,,,,,,,,,,,,,,,2,,1,,,,,1,,,,,,0,Y,,Y,,,,Y,,Y,Y,,,Y,Y,Y,63,N1,-1,N1,Y,,-4,Y,17,,2,1,,,,,,,,,,,,19,1,,,,7,,,1,1,3,3,2,17,,,2,1,,,1,368,,,,,,,,,,,,,,,,,Y,N1,A1600007,4
2026-07-28 07:50:37,data_go_kr,대전광역시,A1600005,학교법인가톨릭학원가톨릭대학교대전성모병원,18,20260728075011,042-220-9118,Y,Y,,,,,,,,2,,,,,,,,,2,2,,,,,3,0,,,,,,4,Y,,Y,1,,,Y,,Y,Y,2,0,Y,Y,Y,84,N1,,Y,Y,4,11,N1,19,,3,,,15,3,4,,,3,9,,3,2,,1,,,,12,,,4,1,3,2,4,24,5,7,5,2,,,,537,,,,,,,,,,,,,,,,,Y,Y,A1600005,5
2026-07-28 07:50:37,data_go_kr,대전광역시,A1600008,의료법인영훈의료재단대전선병원,14,20260728074846,042-220-8129,,,,,,,,,,,,,,,,,,,1,,3,,,,,0,,,,,,0,Y,,Y,,,,Y,,Y,Y,,,Y,Y,N1,26,N1,3,N1,Y,,7,N1,17,,1,3,,,,,,,,,,,,24,1,,,,7,,,1,1,2,2,2,11,,,3,,,,,311,,,,,,,,,,,,,,,,,Y,N1,A1600008,6
2026-07-28 07:50:37,data_go_kr,대전광역시,A1600004,대전보훈병원,5,20260728074639,042-939-0100,,,,,,,,,,,,,,,,,,,1,,1,,,,,1,,,,,,1,,,Y,,,,Y,,Y,Y,,,N1,Y,N1,61,N1,3,N1,Y,,5,N1,7,,1,1,,,,,,,,,,,,10,1,,,,5,,,1,,1,3,1,12,,,,,,,,316,,,,,,,,,,,,,,,,,Y,N1,A1600004,7
2026-07-28 07:50:37,data_go_kr,대전광역시,A1600003,대전한국병원,6,20260728075008,042-606-1119,,Y,,,,,,,,,,,,,,,,,1,,,,,,,,,,,,,,Y,,Y,,,,Y,,Y,Y,,,Y,Y,N1,50,N1,1,Y,Y,,4,N1,9,,1,,,,,,,,,,,,,12,,,,,4,,,,4,2,2,2,6,,1,1,,,,,241,,,,,,,,,,,,,,,,,Y,N1,A1600003,8
2026-07-28 07:50:37,data_go_kr,대전광역시,A1602246,대청병원,7,20260728075005,042-589-0119,,,,,,,,,,,,,,,,,,,,,1,,,,,,,,,,,,,,Y,,,,,,Y,N1,,,Y,Y,N1,105,N1,2,N1,Y,,3,N1,9,,,1,,,,,,,,,,,,17,,,,,3,,,,,2,1,,10,,,1,,,,,245,,,,,,,,,,,,,,,,,Y,N1,A1602246,9
2026-07-28 07:50:37,data_go_kr,울산광역시,A1700004,학교법인울산공업학원울산대학교병원,6,20260728074747,052-250-7000,Y,Y,3,3,,,,1,,7,,,4,,5,,,8,0,10,0,2,,,2,6,7,,7,2,6,0,Y,,Y,,2,6,Y,9,Y,Y,,0,Y,Y,Y,88,Y,5,Y,Y,1,4,N1,21,8,0,0,12,13,16,26,,,,,20,6,2,8,8,36,,42,20,2,20,0,5,7,5,6,83,14,27,17,8,4,,,725,3,3,,,,8,,,,4,,5,,,2,6,Y,Y,A1700004,1
2026-07-28 07:50:37,data_go_kr,울산광역시,A1700028,의료법인정안의료재단중앙병원,10,20260728074810,052-226-1119,,,,,,,,,,,,,,,,,,,1,,2,1,,,,1,1,,,,,0,,,Y,,,,Y,,Y,Y,,,Y,Y,N1,30,N1,0,N1,Y,,8,N1,17,,1,2,2,,,,,,,,,,,18,2,4,,,8,,,1,,2,2,2,7,,,2,,,,,335,,,,,,,,,,,,,,,,,Y,N1,A1700028,2
2026-07-28 07:50:37,data_go_kr,울산광역시,A1700003,울산병원,15,20260728075007,052-259-5119,,,,,,,,,,,,,,,,,,,1,,2,2,,,,0,2,,,,,,,,Y,,,,Y,,Y,Y,,,Y,Y,Y,59,Y,6,N1,Y,,4,Y,19,,1,2,2,,,,,,,,,,,17,1,3,,,4,,,,,2,2,3,12,,,4,1,2,,2,343,,,,,,,,,,,,,,,,,Y,N1,A1700003,3
2026-07-28 07:50:37,data_go_kr,울산광역시,A1700025,의료법인송은의료재단울산시티병원,14,20260728075006,052-280-9119,,,,,,,,,,,,,,,,,,,1,,2,0,,,,2,3,,,,,,,,Y,,,,Y,,Y,Y,,,Y,Y,N1,9,N1,12,N1,Y,,8,N1,17,,1,2,2,,,,,,,,,,,24,3,3,,,8,,,,,2,2,2,17,,,4,,,,,347,,,,,,,,,,,,,,,,,Y,N1,A1700025,4
2026-07-28 07:50:37,data_go_kr,울산광역시,A1700002,의료법인동강의료재단동강병원,22,20260728074702,052-241-1190,,,,,,,,,,4,,,,,,,,,1,1,2,1,,,1,1,0,,,,,2,,Y,Y,,,,Y,,Y,Y,,,Y,Y,Y,100,N1,,N1,Y,,8,N1,24,,1,2,2,14,9,,,,,,,13,,,1,3,,,8,,,2,,3,2,4,25,,,7,5,,1,,513,,,,,,,,,,,,,,,,,Y,N1,A1700002,5
2026-07-28 07:50:37,data_go_kr,울산광역시,A1700011,의료법인은성의료재단좋은삼정병원,7,20260728074612,052-220-7600,,,,,,,,,,,,,,,,,,,,,1,,,,,0,,,,,,1,,,Y,,,,Y,,Y,Y,,,Y,Y,N1,37,N1,0,N1,Y,,7,N1,9,,,1,,,,,,,,,,,,14,1,,,,8,,,1,,2,2,1,5,,,1,,,,,283,,,,,,,,,,,,,,,,,Y,N1,A1700011,6
2026-07-28 07:50:37,data_go_kr,울산광역시,A1700001,서울산보람병원,5,20260728074906,052-255-7119,,,,,,,,,,,,,,,,,,,,,1,,,,,,,,,,,,,,Y,,,,,,Y,N1,,,N1,Y,N1,88,N1,,N1,Y,,3,N1,10,,,1,,,,,,,,,,,,,,,,,3,,,,,1,1,,1,,,,,,,,213,,,,,,,,,,,,,,,,,Y,N1,A1700001,7
2026-07-28 07:50:37,data_go_kr,세종특별자치시,A1800441,세종충남대학교병원,13,20260728075001,044-995-3010,Y,Y,,,0,0,,,,,,,,,,,,0,1,,2,,,1,,1,,4,,,,2,Y,,Y,,,,Y,,Y,Y,,,Y,Y,Y,67,Y,5,Y,Y,0,8,N1,17,0,1,2,,,,19,,2,,,,,,11,2,,6,,8,,,4,3,2,2,3,29,7,19,5,3,2,,,299,,,0,0,,,,,,,,,,,,,Y,Y,A1800441,1
2026-07-28 07:50:37,data_go_kr,세종특별자치시,A1800417,의료법인 영제 의료재단 엔케이세종병원,9,20260728075012,044-850-7777,,,,,,,,,,,,,,,,,,,,,1,,,,,,,,,,,,,,Y,,,,,,Y,N1,,,N1,Y,N1,129,N1,,N1,Y,,3,N1,10,,,1,,,,,,,,,,,,,,,,,3,,,,,1,1,,1,,,,,,,,200,,,,,,,,,,,,,,,,,Y,N1,A1800417,2
2026-07-28 07:50:37,data_go_kr,경기도,A2100042,의료법인명지의료재단명지병원,7,20260728075000,031-810-7119,Y,Y,3,2,,3,0,0,1,,0,0,0,0,0,0,,0,0,,1,4,,,,4,10,,,,0,0,Y,Y,Y,,,,Y,,Y,Y,,,Y,Y,Y,121,Y,11,Y,Y,3,5,Y,15,0,0,3,16,,,3,,,,,,,,31,4,28,,,13,,0,0,2,6,3,5,49,4,5,8,5,2,1,2,443,3,2,,3,4,3,2,0,0,0,0,0,0,,,,Y,Y,A2100042,1
2026-07-28 07:50:37,data_go_kr,경기도,A2100033,국민건강보험공단일산병원,16,20260728074502,031-900-0761,Y,Y,,,,,0,,1,2,,0,0,,0,0,,3,2,4,2,1,,,2,1,1,,,,3,1,Y,,Y,,,,Y,,Y,Y,,,Y,Y,Y,113,N1,,Y,Y,3,2,N1,23,5,2,3,19,10,16,25,,,,,,6,,,11,29,,,2,,28,4,2,4,3,3,60,8,28,13,5,,,,659,,,,,1,,1,,0,0,,0,0,,,,Y,Y,A2100033,2
2026-07-28 07:50:37,data_go_kr,경기도,A2100005,순천향대학교부속부천병원,9,20260728074622,032-621-5117,Y,Y,2,1,,,,,,8,,0,,0,0,,,4,0,10,0,2,,,,4,14,,,,,1,Y,Y,Y,,,4,Y,,Y,Y,,,Y,Y,Y,160,Y,10,Y,Y,2,21,Y,17,5,0,0,20,16,15,24,,,,,,,,22,8,34,,,21,,,7,1,4,3,5,71,9,31,17,4,3,1,1,674,2,3,,,,,,,0,,0,0,,,,5,Y,Y,A2100005,3
2026-07-28 07:50:37,data_go_kr,경기도,A2100001,분당서울대학교병원,-11,20260728074800,031-787-3119,Y,Y,,,,,,3,,1,,,5,9,,,,4,2,2,3,2,1,,3,0,9,,,,3,3,Y,,Y,0,,1,Y,,Y,Y,,,Y,Y,Y,273,Y,0,Y,Y,0,16,N1,30,5,2,3,15,13,13,35,6,,,10,,9,,8,1,30,,,39,,15,3,3,11,11,11,128,17,39,16,8,8,,,1247,,,,,,5,,,,5,9,,,,,2,Y,Y,A2100001,4
2026-07-28 07:50:37,data_go_kr,경기도,A2100030,차의과학대학교분당차병원,9,20260728074851,031-780-5840,Y,Y,2,3,1,1,0,0,,0,,,0,,0,,0,8,,4,,2,,0,0,0,6,6,,,11,,Y,,Y,0,,,Y,,Y,Y,,,Y,Y,Y,61,Y,,Y,Y,8,6,N1,22,11,,,14,8,9,35,,2,,7,,6,,,4,43,6,,26,,22,,8,5,3,4,40,26,46,6,2,2,,,726,2,3,1,1,2,2,,,,0,,1,,0,,,Y,Y,A2100030,5
2026-07-28 07:50:37,data_go_kr,경기도,A2100002,아주대학교병원,19,20260728074548,031-219-7777,Y,Y,2,3,1,2,,0,,2,,,,0,0,,0,9,0,4,0,3,,1,4,0,4,0,5,2,3,5,Y,,Y,3,2,5,Y,0,Y,Y,2,3,Y,Y,Y,58,Y,,Y,Y,7,23,N1,30,9,0,0,16,14,10,36,,2,6,13,40,7,11,,3,42,6,60,25,3,20,8,3,8,6,9,126,27,34,32,9,7,,,792,2,6,1,4,,2,,,,,0,0,,0,2,6,Y,Y,A2100002,6
2026-07-28 07:50:37,data_go_kr,경기도,A2100003,고려대학교의과대학부속안산병원,17,20260728074919,031-412-5381,Y,Y,2,1,,,0,,,0,,,,,,,,4,,13,3,5,,,1,0,17,,,,8,5,Y,,Y,,,,Y,,Y,Y,,,Y,Y,Y,47,Y,0,Y,Y,0,20,N1,22,4,,3,18,10,13,25,,,,,,10,,6,3,30,,,20,,16,10,2,3,4,4,66,15,19,8,5,3,,,605,2,3,,,2,,,,,,,,,,,,Y,Y,A2100003,7
2026-07-28 07:50:37,data_go_kr,경기도,A2100004,한림대학교성심병원,20,20260728074757,031-380-1500,Y,Y,0,5,,,0,,,0,,,,,,,,3,2,3,1,1,,,,1,16,,,,10,2,Y,Y,Y,,,,Y,,Y,Y,0,1,Y,Y,Y,101,Y,,Y,Y,6,19,N1,25,3,2,4,19,27,16,9,,,8,,,,18,,3,30,,,19,,20,14,2,4,3,6,102,8,10,20,14,2,1,,610,0,5,,,1,,,,,,,,,,,,Y,Y,A2100004,8
2026-07-28 07:50:37,data_go_kr,경기도,A2100040,가톨릭대학교의정부성모병원,27,20260728075010,031-820-5200,Y,Y,,,,,0,0,,,,,,,,,,11,2,,4,0,,,0,0,10,,7,2,,,Y,,Y,,2,6,Y,4,Y,Y,,,Y,Y,Y,93,Y,0,Y,Y,-2,13,N1,42,11,2,4,18,,,15,,,,,20,6,,26,4,30,,53,13,2,,,3,4,3,4,54,10,28,12,4,3,,,519,,,,,1,1,,,,,,,,,2,6,Y,Y,A2100040,9
2026-07-28 07:50:37,data_go_kr,경기도,A2100047,동국대학교일산불교병원,13,20260728075029,031-961-7777,Y,Y,,,,,,,,4,,,,,,,3,3,1,6,3,,,,,1,,,,,9,0,Y,,Y,,,,Y,,Y,Y,,,Y,Y,Y,139,Y,,Y,Y,9,6,N1,19,3,1,3,,16,13,13,,,,,,,,,4,,,,12,,15,0,8,2,2,2,19,13,25,4,2,1,,,463,,,,,,,,,,,,,,3,,,Y,Y,A2100047,10
2026-07-28 07:50:37,data_go_kr,경기도,A2100038,인제대학교일산백병원,26,20260728075017,031-910-7114,N,N,,,,,,,,4,,,,,,,,,3,0,2,,,,,1,,,,,3,1,Y,,Y,,,,Y,,Y,Y,,1,Y,Y,Y,102,Y,,N,Y,,17,N1,34,,3,3,,25,32,,,,,,,,4,,4,,,,17,,16,2,3,3,3,4,54,18,22,7,3,1,,,545,,,,,,,,,,,,,,,,,Y,N,A2100038,11
2026-07-28 07:50:37,data_go_kr,경기도,A2118788,중앙대학교광명병원,16,20260728075007,02-2222-1351,Y,Y,0,0,,,,,,,,,,,,,,,1,,2,,,,2,2,,,,,,2,Y,,Y,,,,Y,,Y,Y,4,,Y,Y,Y,78,Y,8,Y,Y,1,17,N1,21,,1,2,,,,16,,,5,,,5,,24,6,,,,17,,,2,2,2,2,5,28,6,16,5,4,10,,,576,0,0,,,,,,,,,,,,,,,Y,Y,A2118788,12
2026-07-28 07:50:37,data_go_kr,경기도,A2100007,광명성애병원,9,20260728075039,02-2680-7116,Y,Y,,,,,,,,,,,,,,7,,4,1,,4,,,,,0,,,,,,,Y,,Y,,,,Y,,Y,Y,,,Y,Y,N1,44,N1,10,Y,Y,,5,N1,11,4,1,4,,,,,,,,,,,,13,1,,,,5,,,,2,2,2,1,12,2,5,1,,,,,189,,,,,,,,,,,,,50,,,,Y,Y,A2100007,13
2026-07-28 07:50:37,data_go_kr,경기도,A2100155,참조은병원,5,20260728075033,031-881-9119,,,,,,,,,,,,,,0,0,,6,1,1,,3,,,,,3,,,,,,1,,,Y,,,,Y,,Y,Y,,,Y,Y,N1,22,Y,-3,N1,Y,,7,N1,9,1,1,3,,,,,,,,,,,,22,3,,,,7,,,2,,3,3,2,18,,,3,,2,,,286,,,,,,,,,,,0,0,,6,,,Y,N1,A2100155,14
2026-07-28 07:50:37,data_go_kr,경기도,A2100039,한양대학교구리병원,12,20260728074800,1644-9118,Y,Y,,,,,,,,0,,,,,,,,,1,0,4,,,,,,,,,,,2,Y,,Y,,,,Y,,Y,Y,,,Y,Y,Y,94,Y,,Y,Y,1,9,N1,18,,1,4,,17,14,10,,,,,,,,,,,,,9,,,5,1,3,2,3,21,6,14,4,2,2,,,488,,,,,,,,,,,,,,,,,Y,Y,A2100039,15
2026-07-28 07:50:37,data_go_kr,경기도,A2100054,효산의료재단지샘병원,12,20260728074548,031-389-3119,,,,,,,,,,,,,,,,,1,,2,,1,,,,,1,,,,,,1,,,Y,,,,Y,,Y,Y,,,Y,Y,N1,35,N1,3,N1,Y,,5,N1,18,,2,1,,,,,,,,,,,,18,1,,,,5,,,2,,2,1,3,11,,,2,,,,,367,,,,,,,,,,,,,,1,,,Y,N1,A2100054,16
2026-07-28 07:50:37,data_go_kr,경기도,A2100048,원광대학교산본병원,13,20260728074830,031-390-2345,,,,,,,,,,,,,,,,,,,1,,2,,,,,,,,,,,,Y,,Y,,,,Y,,Y,Y,,,Y,Y,N1,71,N1,7,N1,Y,,5,N1,17,,1,2,,,,,,,,,,,,12,,,,,5,,,,1,1,1,1,1,,,2,,,,,188,,,,,,,,,,,,,,,,,Y,N1,A2100048,17
2026-07-28 07:50:37,data_go_kr,경기도,A2100053,의료법인우리의료재단김포우리병원,14,20260728075039,031-999-1119,,,,,,,,,,,,,,0,0,0,,,1,,6,,,,,0,,,,,,3,,,Y,,,,Y,,Y,Y,,,Y,Y,Y,19,Y,0,N1,Y,,7,N1,22,,1,6,,,,,,,,,,,,36,1,,,,7,,,11,,2,2,2,48,,,4,1,2,,,477,,,,,,,,,,,0,0,0,,,,Y,N1,A2100053,18
2026-07-28 07:50:37,data_go_kr,경기도,A2100006,의료법인인봉의료재단뉴고려병원,13,20260728074703,031-980-9119,,,,,,,,,,,,,,,,,3,,1,,2,,,,,6,,,,,,,,,Y,,,,Y,,Y,Y,,,Y,Y,N1,59,N1,2,N1,Y,,6,N1,14,,1,2,,,,,,,,,,,,24,10,,,,6,,,,,2,2,2,7,,,1,,,,,278,,,,,,,,,,,,,,3,,,Y,N1,A2100006,19
2026-07-28 07:50:37,data_go_kr,경기도,A2100041,남양주한양병원,15,20260728075021,031-510-0119,,,,,,,,,,,,,,,,,,,1,,2,,,,,10,,,,,,,,,Y,,,,Y,,Y,Y,,,Y,Y,N1,74,N1,4,N1,Y,,,Y,17,,1,2,,,,,,,,,,,,17,23,,,,,,,,,2,2,1,33,,,2,,,,1,244,,,,,,,,,,,,,,,,,Y,N1,A2100041,20
2026-07-28 07:50:37,data_go_kr,경기도,A2100037,현대병원,16,20260728074913,031-574-0114,,,,,,,,,,,,,,,,,,,3,,,,,,,0,,,,,,,,,Y,,,,Y,,Y,Y,,,Y,Y,N1,43,Y,0,N1,Y,,7,N1,17,,3,,,,,,,,,,,,,19,20,,,,7,,,,,2,2,2,50,,,17,,2,,,342,,,,,,,,,,,,,,,,,Y,N1,A2100037,21
2026-07-28 07:50:37,data_go_kr,경기도,A2100055,부천세종병원,14,20260728075010,032-340-1119,Y,Y,,,,,,,,,,,,,,,,,1,,2,0,,,,0,0,,,,,0,Y,,Y,,,,Y,,Y,Y,,,Y,Y,Y,57,Y,4,Y,Y,,6,N1,17,,1,2,2,,,,,,,,,,,20,2,3,,,6,,,6,1,2,1,5,18,1,1,5,4,1,,,268,,,,,,,,,,,,,,,,,Y,Y,A2100055,22
2026-07-28 07:50:37,data_go_kr,경기도,A2100052,가톨릭대학교부천성모병원,23,20260728075011,032-340-2100,Y,Y,,,,,,,,5,,,,,,,3,,2,1,1,,,,,1,,,,,,1,Y,,Y,4,,,Y,,Y,Y,,,Y,Y,Y,71,Y,,Y,Y,9,14,N1,31,,2,1,,16,12,10,,,,18,,,,,4,,,,14,,,4,3,3,3,3,28,4,14,11,1,2,,,562,,,,,,,,,,,,,,3,,,Y,Y,A2100052,23
2026-07-28 07:50:37,data_go_kr,경기도,A2100025,대진의료재단분당제생병원,13,20260728075000,031-779-0119,Y,Y,,,,,,,,3,,,7,,,,,3,1,2,2,,,,,1,,,,,,0,Y,Y,Y,,,,Y,,Y,Y,,,Y,Y,Y,117,Y,,Y,Y,1,9,N1,24,3,1,2,,11,14,3,,,,,,,,,4,,,,9,,,2,2,4,3,3,22,1,5,5,2,3,1,,484,,,,,,,,,,7,,,,,,,Y,Y,A2100025,24
2026-07-28 07:50:37,data_go_kr,경기도,A2116806,성남시의료원,17,20260728075000,031-738-7300,,,,,,,,,,,,,,,,,,6,2,19,4,,,,,2,,,,,,28,,,Y,,,,Y,,Y,Y,,,Y,Y,Y,89,Y,,N1,Y,,8,Y,17,6,2,4,,,25,,,,,,,,,,5,,,,8,,,28,,3,2,2,31,,,6,3,1,,2,241,,,,,,,,,,,,,,,,,Y,N1,A2116806,25
2026-07-28 07:50:37,data_go_kr,경기도,A2117135,의료법인명인의료재단화홍병원,9,20260728074331,031-8021-6829,Y,,,,,,,,,,,,,,,,,,2,,3,,,,,0,,,,,,,,,Y,,,,,,Y,N1,,,N1,Y,Y,37,N1,8,N1,Y,,6,Y,15,,2,3,,,,,,,,,,,,29,1,,,,6,,,,,2,2,,4,1,,,1,,,1,228,,,,,,,,,,,,,,,,,Y,Y,A2117135,26
2026-07-28 07:50:37,data_go_kr,경기도,A2100009,의료법인녹산의료재단동수원병원,16,20260728074852,031-210-0119,,Y,,,,,,,,,,,,,,,,,1,,2,0,,,,0,0,,,,,1,Y,,Y,,,,Y,,Y,Y,,,Y,Y,N1,29,N1,8,Y,Y,,5,N1,17,,1,2,2,,,,,,,,,,,18,3,4,,,5,,,1,1,2,2,1,15,,4,1,,,,,335,,,,,,,,,,,,,,,,,Y,N1,A2100009,27
2026-07-28 07:50:37,data_go_kr,경기도,A2100012,가톨릭대학교성빈센트병원,18,20260728075009,031-249-7370,Y,Y,,,1,1,,,,8,,,,,,,,6,2,8,2,3,,2,5,3,,4,,,7,3,Y,,Y,6,,,Y,,Y,Y,,0,Y,Y,Y,117,Y,,Y,Y,2,19,N1,28,6,2,2,4,20,11,18,,2,,15,,8,8,,5,,6,,19,,30,11,2,5,4,6,52,7,18,12,4,4,,,658,,,1,1,,,,,,,,,,,,,Y,Y,A2100012,28
2026-07-28 07:50:37,data_go_kr,경기도,A2100008,의료법인남촌의료재단시화병원,11,20260728074756,031-5189-0567,,,,,,,,,,,,,,,,,,5,1,,5,,,,,1,,,,,,1,Y,,Y,,,,Y,,Y,Y,,,Y,Y,Y,57,N1,21,N1,Y,,7,N1,16,5,1,5,,,,,,,,,,,,52,1,,,,7,,,1,1,3,3,2,29,,,4,2,,,,461,,,,,,,,,,,,,,,,,Y,N1,A2100008,29
2026-07-28 07:50:37,data_go_kr,경기도,A2100017,대아의료재단한도병원,17,20260728074811,031-8040-1129,,,,,,,,,,,,,,,,,,,1,,2,,,,,1,,,,,,,,,Y,,,,Y,,Y,Y,,,Y,Y,N1,58,N1,10,N1,Y,,6,N1,17,,1,2,,,,,,,,,,,,29,1,,,,6,,,,,3,2,2,15,,,3,,,,,327,,,,,,,,,,,,,,,,,Y,N1,A2100017,30
2026-07-28 07:50:37,data_go_kr,경기도,A2100015,효산의료재단안양샘병원,15,20260728074916,031-467-9119,,,,,,,,,,0,,,,,,,,,1,1,2,,,,,1,,,,,,,,,Y,,,,Y,,Y,Y,,,Y,Y,Y,51,N1,,N1,Y,,6,N1,17,,1,2,,9,9,,,,,,,,,,1,,,,6,,,,,2,1,2,12,,,2,1,,,,307,,,,,,,,,,,,,,,,,Y,N1,A2100015,31
2026-07-28 07:50:37,data_go_kr,경기도,A2100024,오산한국병원,16,20260728074859,031-378-5119,,,,,,,,,,,,,,,,,,,1,,2,2,,,,1,3,,,,,2,,,Y,,,,Y,,Y,Y,,,Y,Y,N1,29,Y,0,N1,Y,,5,N1,17,,1,2,2,,,,,,,,,,,32,1,3,,,5,,,2,,2,2,2,17,,,2,,1,,,259,,,,,,,,,,,,,,,,,Y,N1,A2100024,32
2026-07-28 07:50:37,data_go_kr,경기도,A2100020,연세대학교의과대학용인세브란스병원,12,20260728074723,031-5189-9001,Y,Y,,,,,,,,0,,,,,,,,6,1,6,3,,,,,1,,,,,,2,Y,,Y,,,,Y,,Y,Y,,,Y,Y,Y,96,Y,,Y,Y,0,15,N1,16,6,1,3,,19,16,12,,,,,,,,,2,,,,15,,,4,2,3,3,4,31,6,18,6,3,4,,,597,,,,,,,,,,,,,,,,,Y,Y,A2100020,33
2026-07-28 07:50:37,data_go_kr,경기도,A2100029,강남병원,16,20260728074912,031-300-0119,,,,,,,,,,,,,,,,,,,1,,2,2,,,,1,2,,,,,,,,Y,,,,,,Y,N1,,,Y,Y,N1,17,N1,15,N1,Y,,4,N1,17,,1,2,2,,,,,,,,,,,30,1,3,,,4,,,,,2,2,,7,,,2,,,,,264,,,,,,,,,,,,,,,,,Y,N1,A2100029,34
2026-07-28 07:50:37,data_go_kr,경기도,A2100019,(의)영문의료재단다보스병원,12,20260728074933,031-8021-2130,,,,,,,,,,,,,,,,,4,,1,,2,2,,,,1,1,,,,,,,,Y,,,,,,Y,N1,,,Y,Y,N1,32,N1,6,N1,Y,,6,N1,13,,1,2,2,,,,,,,,,,,23,1,3,,,6,,,,,1,1,,7,,,2,,,,,222,,,,,,,,,,,,,,4,,,Y,N1,A2100019,35
2026-07-28 07:50:37,data_go_kr,경기도,A2117994,학교법인을지학원의정부을지대학교병원,28,20260728074601,031-8074-0119,Y,Y,,,,,,,,2,,,,,,,8,6,1,0,2,,,,,2,,,,,5,1,Y,,Y,,0,0,Y,,Y,Y,,,Y,Y,Y,163,Y,,Y,Y,3,12,N1,30,6,1,2,,29,22,5,,,,,,,,,2,,,,14,,22,6,8,3,3,4,48,5,5,6,3,2,,,588,,,,,,,,,,,,,,8,0,0,Y,Y,A2117994,36
2026-07-28 07:50:37,data_go_kr,경기도,A2100193,경기도의료원이천병원,13,20260728075001,031-630-4333,,,,,,,,,,,,,,,,,,,1,,2,2,,,,2,1,,,,,6,,,Y,,,,,,Y,N1,,,N1,Y,N1,45,N1,1,N1,Y,,4,N1,17,,1,2,2,,,,,,,,,,,6,2,3,,,4,,,6,,1,1,,8,,,,,,,,187,,,,,,,,,,,,,,,,,Y,N1,A2100193,37
2026-07-28 07:50:37,data_go_kr,경기도,A2100035,경기도의료원파주병원,17,20260728074802,031-940-9119,,,,,,,,,,,,,,,,,,,1,,2,0,,,,,0,,,,,,Y,,Y,,,,,,Y,N1,,,N1,Y,N1,90,N1,2,N1,Y,,3,N1,17,,1,2,2,,,,,,,,,,,8,,3,,,3,,,,1,1,1,,9,,,,,,,,189,,,,,,,,,,,,,,,,,Y,N1,A2100035,38
2026-07-28 07:50:37,data_go_kr,경기도,A2100028,의료법인백송의료재단굿모닝병원,15,20260728074904,031-5182-7582,,,,,,,,,,,,,,,,,3,,2,,1,,,,,0,,,,,,,,,Y,,,,Y,,Y,Y,,,Y,Y,Y,66,N1,0,N1,Y,,7,Y,19,,2,1,,,,,,,,,,,,27,3,,,,7,,,,,5,3,3,23,,,5,3,,,1,392,,,,,,,,,,,,,,6,,,Y,N1,A2100028,39
2026-07-28 07:50:37,data_go_kr,경기도,A2113246,의료법인양진의료재단평택성모병원,7,20260728074857,070-5012-0119,,,,,,,,,,,,,,,,0,,,1,,2,2,,,,2,0,,,,,,,,Y,,,,Y,,Y,Y,,,Y,Y,N1,33,N1,13,N1,Y,,6,N1,17,,1,2,2,,,,,,,,,,,34,2,3,,,6,,,,,3,3,2,8,,,2,,,,,329,,,,,,,,,,,,,0,,,,Y,N1,A2113246,40
2026-07-28 07:50:37,data_go_kr,경기도,A2100031,경기도의료원포천병원,15,20260728075001,031-539-9119,,Y,,,,,,,,,,,,,,,,,1,,2,,,,,0,,,,,,0,Y,,Y,,,,,,Y,N1,,,N1,Y,N1,38,N1,2,Y,Y,,4,N1,17,,1,2,,,,,,,,,,,,10,0,,,,4,,,3,3,1,1,,7,,2,,,,,,137,,,,,,,,,,,,,,,,,Y,N1,A2100031,41
2026-07-28 07:50:37,data_go_kr,경기도,A2100046,한림대학교동탄성심병원,25,20260728074933,031-8086-2119,Y,Y,3,0,,,,,,11,,,,,,,,9,,2,,,,,1,6,,,,,,3,Y,Y,Y,,,,Y,,Y,Y,5,,Y,Y,Y,129,Y,,Y,Y,11,20,Y,32,9,,,,28,13,13,,,13,,,9,,,11,,,,20,,,11,1,6,3,6,51,8,16,17,5,5,1,1,515,3,0,,,,,,,,,,,,,,,Y,Y,A2100046,42
2026-07-28 07:50:37,data_go_kr,경기도,A2100290,의료법인자인의료재단(더자인병원),13,20260728075014,031-930-3119,,,,,,,,,,,,,,,,,,,2,,2,0,,,,1,1,,,,,,,,Y,,,,Y,,Y,Y,,,Y,Y,N1,73,N1,4,N1,N,,5,N1,16,,2,2,2,,,,,,,,,,,10,2,3,,,5,,,,,2,2,1,15,,,1,,,,,233,,,,,,,,,,,,,,,,,Y,N1,A2100290,43
2026-07-28 07:50:37,data_go_kr,경기도,A2100049,국립암센터,13,20260728074800,031-920-0119,,N,,,,,,,,,,,,,,,,,,,1,,,,,7,,,,,,,,,Y,,,,Y,,Y,Y,,,Y,Y,Y,77,Y,11,N,Y,,18,N1,24,,,1,,,,,,,,,,,,19,9,,,,18,,,,,7,5,3,29,,1,8,2,7,,,554,,,,,,,,,,,,,,,,,Y,N1,A2100049,44
2026-07-28 07:50:37,data_go_kr,경기도,A2116972,의료법인성광의료재단일산차병원,5,20260728074945,031-782-8587,Y,Y,,,,,,,,,,,,,,,,,,,4,,,,,1,,,,,,1,Y,,,,,,,,Y,N1,,,N1,N1,N1,43,N1,4,Y,N1,0,5,N1,6,,,4,,,,17,,,,,,,,4,1,,,,10,,,1,9,,,,4,11,19,,,,,,179,,,,,,,,,,,,,,,,,Y,Y,A2116972,45
2026-07-28 07:50:37,data_go_kr,경기도,A2118188,엘병원,8,20260728074807,031-527-6119,,,,,,,,,,,,,,,,,,,,,2,,,,,0,,,,,,1,,,Y,,,,,,Y,N1,,,N1,Y,N1,52,N1,5,N1,Y,,3,N1,8,,,2,,,,,,,,,,,,8,1,,,,3,,,1,,1,1,,2,,,,,,,,146,,,,,,,,,,,,,,,,,Y,N1,A2118188,46
2026-07-28 07:50:37,data_go_kr,경기도,A2100050,의료법인대인의료재단다니엘종합병원,3,20260728075001,032-670-0119,,,,,,,,,,,,,,,,,,,1,,3,,,,,1,,,,,,,,,Y,,,,,,Y,N1,,,N,Y,N1,36,N1,8,N1,Y,,3,N1,6,,1,3,,,,,,,,,,,,30,1,,,,3,,,,,1,1,,17,,,1,,,,,169,,,,,,,,,,,,,,,,,Y,N1,A2100050,47
2026-07-28 07:50:37,data_go_kr,경기도,A2100258,국군수도병원,15,20260728075013,031-725-6119,,,,,,,,,,,,,,2,6,,,,0,,,,,,,1,,,12,,2,,,,Y,,,,Y,14,Y,Y,,,Y,Y,Y,102,N1,9,N1,Y,,9,N1,16,,2,,,,,,,,,,20,,,12,1,,,40,9,,15,,,3,4,2,2,,,5,2,,,,530,,,,,,,,,,,2,6,,,,,Y,N1,A2100258,48
2026-07-28 07:50:37,data_go_kr,경기도,A2100016,순천의료재단성남정병원,8,20260728074654,031-750-6003,,,,,,,,,,,,0,,,27,,,,2,,,,,,,,,,,,,,,,Y,,,,,,Y,N1,,,N1,Y,N1,76,N1,,N1,Y,,4,N1,9,,2,,,,,,,,,,,,,,,,,,4,,,,,1,1,,1,,,,,,,,98,,,,,,,,,0,,,105,,,,,Y,N1,A2100016,49
2026-07-28 07:50:37,data_go_kr,경기도,A2121061,의료법인덕산의료재단수원덕산병원,22,20260728075004,031-686-2911,N,Y,,,,,,,,,,,,,,,,3,1,,2,2,,,,2,2,,,,,0,Y,,Y,,,,Y,,Y,Y,,,Y,Y,Y,72,N1,9,Y,Y,,9,N1,24,3,1,2,2,,,,,,,,,,,22,3,4,,,9,,,5,5,3,2,2,15,N,2,5,2,,,,403,,,,,,,,,,,,,,,,,Y,N,A2121061,50
2026-07-28 07:50:37,data_go_kr,경기도,A2100032,경기도의료원수원병원,7,20260728075001,031-888-0119,,,,,,,,,,,,,,,,,3,,,,2,,,,,,,,,,,2,,,Y,,,,,,Y,N1,,,N1,Y,N1,44,N1,5,N1,Y,,3,N1,8,,,2,,,,,,,,,,,,9,,,,,3,,,2,,1,1,,9,,,,,,,,156,,,,,,,,,,,,,,3,,,Y,N1,A2100032,51
2026-07-28 07:50:37,data_go_kr,경기도,A2100175,의료법인토마스의료재단윌스기념병원,16,20260728074917,031-240-6119,,,,,,,,,,,,,,,,,,,1,,2,2,,,,0,3,,,,,,Y,,Y,,,,Y,,Y,Y,,,Y,Y,N1,39,N1,8,N1,Y,,10,N1,18,,1,2,2,,,,,,,,,,,18,1,3,,,10,,,,1,1,4,1,1,,,1,,,,,282,,,,,,,,,,,,,,,,,Y,N1,A2100175,52
2026-07-28 07:50:37,data_go_kr,경기도,A2100027,의료법인석경의료재단센트럴병원,18,20260728074811,031-8041-3019,,,,,,,,,,,,,,,,,,,1,,2,,,,,,,,,,,,,,Y,,,,,,Y,N1,,,Y,Y,N1,85,N1,4,N1,Y,,3,N1,18,,1,2,,,,,,,,,,,,20,,,,,3,,,,,2,2,,7,,,2,,,,,255,,,,,,,,,,,,,,,,,Y,N1,A2100027,53
2026-07-28 07:50:37,data_go_kr,경기도,A2100013,의료법인 록향의료재단 신천연합병원,9,20260728075004,031-310-6661,,,,,,,,,,,,,,,,,,,,,1,,,,,0,,,,,,,,,Y,,,,,,Y,N1,,,Y,Y,N1,26,N1,1,N1,Y,,3,N1,10,,,1,,,,,,,,,,,,6,1,,,,3,,,,,1,1,,4,,,1,,,,,112,,,,,,,,,,,,,,,,,Y,N1,A2100013,54
2026-07-28 07:50:37,data_go_kr,경기도,A2100021,의료법인플러스의료재단단원병원,17,20260728074817,031-8040-5911,,,,,,,,,,,,,1,,,,,,1,,2,,,,,1,,,,,,,,,Y,,,,Y,,Y,Y,,,Y,Y,Y,58,N1,7,N1,Y,,5,N1,17,,1,2,,,,,,,,,,,,27,1,,,,5,,,,,1,1,2,8,,,2,1,,,,342,,,,,,,,,,1,,,,,,,Y,N1,A2100021,55
2026-07-28 07:50:37,data_go_kr,경기도,A2100014,근로복지공단안산병원,6,20260728074800,031-500-1119,,,,,,,,,,,,,,,,,,,,,1,,,,,1,,,,,,0,,,Y,,,,,,Y,N1,,,N1,Y,N1,74,N1,11,N1,Y,,3,N1,7,,,1,,,,,,,,,,,,18,1,,,,3,,,2,,1,1,,14,,,,,,,,359,,,,,,,,,,,,,,,,,Y,N1,A2100014,56
2026-07-28 07:50:37,data_go_kr,경기도,A2100124,의료법인칠석의료재단사랑의병원,9,20260728074619,031-502-0119,,,,,,,,,,,,,,,,,,,1,,,,,,,,,,,,,,,,Y,,,,,,Y,N1,,,Y,Y,N1,30,N1,4,N1,Y,,5,N1,13,,1,,,,,,,,,,,,,14,,,,,5,,,,,2,2,,8,,,1,,,,,206,,,,,,,,,,,,,,,,,Y,N1,A2100124,57
2026-07-28 07:50:37,data_go_kr,경기도,A2100045,경기도의료원안성병원,14,20260728075001,031-8046-5119,,,,,,,,,,,,,,,,,,,1,,,,,,,1,,,,,,8,,,Y,,,,,,Y,N1,,,N1,Y,N1,49,N1,6,N1,Y,,5,N1,14,,1,,,,,,,,,,,,,13,2,,,,5,,,8,,1,1,,8,,,,,,,,178,,,,,,,,,,,,,,,,,Y,N1,A2100045,58
2026-07-28 07:50:37,data_go_kr,경기도,A2100305,안성성모병원,9,20260728074941,031-675-8275,,,,,,,,,,,,,,,,,,,,,1,,,,,,,,,,,,,,Y,,,,,,Y,N1,,,N1,Y,N1,81,N1,0,N1,Y,,3,N1,9,,,1,,,,,,,,,,,,20,,,,,3,,,,,1,1,,7,,,,,,,,188,,,,,,,,,,,,,,,,,Y,N1,A2100305,59
2026-07-28 07:50:37,data_go_kr,경기도,A2100089,양평병원,9,20260728075001,031-770-5119,N,N,,,,,,,,,,,,,,,,,,,1,,,,,,,,,,,,N,N,Y,,,,N,,Y,N,,,N,Y,N,11,N,,N,Y,,3,N,9,,,1,,,,,,,,,,,,,,,,,3,,,,0,1,1,0,1,0,0,0,0,0,0,0,90,,,,,,,,,,,,,,,,,Y,N,A2100089,60
2026-07-28 07:50:37,data_go_kr,경기도,A2100194,세종여주병원,4,20260728074939,031-880-7754,,,,3,,,,,,,,,,,,,3,,,,4,,,,,,,,,,,,,,Y,,,,,,Y,N1,,,Y,Y,N1,110,N1,,N1,Y,,2,N1,6,,,4,,,,,,,,,,,,,,,,,2,,,,,1,1,,4,,,2,,,,,210,,3,,,,,,,,,,,,3,,,Y,N1,A2100194,61
2026-07-28 07:50:37,data_go_kr,경기도,E2100187,연천군보건의료원,10,20260728074824,031-839-4119,,,,,,,,,,,,,,,,,,,,,,,,,,,,,,,,,,,Y,,,,,,Y,N1,,,N1,Y,N1,51,N1,,N1,N1,,2,N1,10,,,,,,,,,,,,,,,,,,,,2,,,,,1,,,1,,,,,,,,52,,,,,,,,,,,,,,,,,Y,N1,E2100187,62
2026-07-28 07:50:37,data_go_kr,경기도,A2100122,(의)효심의료재단용인서울병원,7,20260728074746,031-336-0119,,,,,,,,,,,,,,,,,,,,,,,,,,,,,,,,,,,Y,,,,,,Y,N1,,,N1,Y,N1,140,N1,,N1,Y,,3,N1,10,,,,,,,,,,,,,,,,,,,,3,,,,,1,1,,1,,,,,,,,201,,,,,,,,,,,,,,,,,Y,N1,A2100122,63
2026-07-28 07:50:37,data_go_kr,경기도,A2121142,메디필드한강병원,17,20260728074754,031-332-1119,,,,,,,,,,,,,,,,,,,1,,2,,,,,1,,,,,,1,,,Y,,,,Y,,Y,Y,,,Y,Y,N1,154,N1,6,N1,Y,,6,N1,17,,1,2,,,,,,,,,,,,15,1,,,,6,,,1,,3,2,1,13,,,2,,,,,192,,,,,,,,,,,,,,,,,Y,N1,A2121142,64
2026-07-28 07:50:37,data_go_kr,경기도,A2100034,의료법인영동의료재단의정부백병원,9,20260728074909,031-842-1211,,,,,,,,,,,,,,,,,,,,,2,,,,,,,,,,,,,,Y,,,,,,Y,N1,,,N1,Y,N1,97,N1,0,N1,Y,,3,N1,10,,,2,,,,,,,,,,,,9,,,,,3,,,,,1,1,,1,,,,,,,,192,,,,,,,,,,,,,,,,,Y,N1,A2100034,65
2026-07-28 07:50:37,data_go_kr,경기도,A2100150,추병원,11,20260728074913,031-845-8313,,,,,,,,,,,,,,,,,,,1,,1,,,,,,,,,,,,,,Y,,,,Y,,Y,Y,,,N1,Y,N1,54,N1,2,N1,N,,3,N1,12,,1,1,,,,,,,,,,,,15,,,,,3,,,,,2,1,1,1,,,,,,,,210,,,,,,,,,,,,,,,,,Y,N1,A2100150,66
2026-07-28 07:50:37,data_go_kr,경기도,A2100043,경기도의료원의정부병원,9,20260728075002,031-828-5119,,,,,,,,,,,,,,,,0,,,1,,,,,,,,,,,,29,3,,,Y,,,,,,Y,N1,,,N1,Y,N1,30,N1,3,N1,Y,,3,N1,10,,1,,,,,,,,,,,,,6,,,,,3,,70,5,,1,1,,8,,,,,,,,86,,,,,,,,,,,,,0,,,,Y,N1,A2100043,67
2026-07-28 07:50:37,data_go_kr,경기도,A2100131,메디인병원,9,20260728075038,031-570-7912,,,,,,,,,,,,,,,,,,,,,2,,,,,,,,,,,,,,Y,,,,Y,,Y,Y,,,N1,Y,N1,57,N1,,N1,Y,,4,N1,12,,,2,,,,,,,,,,,,,,,,,4,,,,,1,1,1,2,,,,,,,,206,,,,,,,,,,,,,,,,,Y,N1,A2100131,68
2026-07-28 07:50:37,data_go_kr,경기도,A2100309,의료법인갈렌의료재단박병원,10,20260728075008,031-662-4119,,,,,,,,,,,,,,,,,,,,,1,,,,,,,,,,,,,,Y,,,,,,Y,N1,,,N1,Y,N1,33,N1,0,N1,Y,,2,N1,10,,,1,,,,,,,,,,,,10,,,,,2,,,,,1,2,,3,,,,,,,,143,,,,,,,,,,,,,,,,,Y,N1,A2100309,69
2026-07-28 07:50:37,data_go_kr,경기도,A2100022,의료법인박애의료재단박애병원,10,20260728075020,031-650-9219,,,,,,,,,,,,,,,,,,,,,1,,,,,,,,,,,,,,Y,,,,,,Y,N1,,,Y,Y,N1,109,N1,8,N1,Y,,5,N1,10,,,1,,,,,,,,,,,,10,,,,,5,,,,,2,1,,20,,,2,,,,,193,,,,,,,,,,,,,,,,,Y,N1,A2100022,70
2026-07-28 07:50:37,data_go_kr,경기도,A2100036,의료법인 일심의료재단 포천우리병원,15,20260728074559,031-541-8282,,,,,,,,,,,,,,,,,,,1,,3,,,,,2,,,,,,2,,,Y,,,,Y,,Y,Y,,,Y,Y,N1,68,N1,8,N1,Y,,5,N1,18,,1,3,,,,,,,,,,,,18,2,,,,5,,,2,,2,2,1,14,,,3,,,,,201,,,,,,,,,,,,,,,,,Y,N1,A2100036,71
2026-07-28 07:50:37,data_go_kr,경기도,A2100018,의료법인은혜와감사의료재단화성중앙종합병원,8,20260728074831,031-371-7998,,,,,,,,,,,,,,,,,,,,,1,,,,,,,,,,,,,,Y,,,,,,Y,N1,,,N1,Y,N1,81,N1,4,N1,Y,,3,N1,9,,,1,,,,,,,,,,,,8,,,,,3,,,,,1,1,,3,,,,,,,,131,,,,,,,,,,,,,,,,,Y,N1,A2100018,72
2026-07-28 07:50:37,data_go_kr,경기도,A2115699,의료법인원광의료재단원광종합병원,8,20260728074527,031-8077-7219,,,,,,,,,,,,,,,,,,,1,,,,,,,,,,,,,,,,Y,,,,,,Y,N1,,,N1,Y,N1,7,N1,-2,N1,Y,,4,N1,9,,1,,,,,,,,,,,,,9,,,,,4,,,,,1,2,,4,,,,,,,,135,,,,,,,,,,,,,,,,,Y,N1,A2115699,73
2026-07-28 07:50:37,data_go_kr,강원특별자치도,A2200008,강릉아산병원,11,20260728074915,033-610-3333,Y,Y,,,,,0,1,,0,,,,,,,,3,2,1,3,1,,,,,0,,,,,,Y,,Y,,,,Y,,Y,Y,,,Y,Y,Y,28,Y,,Y,Y,7,7,Y,23,3,2,3,18,14,16,13,,,,,,,,,,38,,,15,,,,2,4,3,4,33,8,12,8,5,1,,2,604,,,,,1,6,,,,,,,,,,,Y,Y,A2200008,1
2026-07-28 07:50:37,data_go_kr,강원특별자치도,A2200001,연세대학교원주세브란스기독병원,28,20260728074502,033-741-1641,Y,Y,2,23,,,0,,,3,,,,,,,,3,2,4,3,4,,,,,12,,6,2,6,,Y,,Y,3,2,6,Y,5,Y,Y,,,Y,Y,Y,79,Y,,Y,Y,5,15,Y,29,3,2,3,20,15,12,19,,,,15,20,,,,,30,,40,15,2,24,,2,5,4,7,100,12,25,16,7,13,,4,584,4,36,,,2,,,,,,,,,,2,6,Y,Y,A2200001,2
2026-07-28 07:50:37,data_go_kr,강원특별자치도,A2200013,한림대학교춘천성심병원,18,20260728074717,033-240-5219,Y,Y,2,3,,,,0,,,,,,,,,,3,,,,2,,,,0,22,,,,,0,Y,Y,Y,,,,Y,,Y,Y,0,,Y,Y,Y,67,Y,5,Y,Y,,9,Y,22,3,,,20,,,,,,8,,,,,20,2,45,,,9,,,2,1,2,2,3,33,1,4,6,2,1,1,1,252,2,3,,,,2,,,,,,,,,,,Y,Y,A2200013,3
2026-07-28 07:50:37,data_go_kr,강원특별자치도,A2200005,의료법인강릉동인병원,17,20260728074950,033-650-6105,,,,,,,,,,3,,,,,,,,,1,,2,,,,,2,,,,,9,,,,Y,,,,Y,,Y,Y,,,Y,Y,N1,70,N1,0,N1,Y,,5,N1,17,,1,2,,12,,,,,,,,,,12,2,,,,5,,101,,,2,1,1,14,,,1,,,,,248,,,,,,,,,,,,,,,,,Y,N1,A2200005,4
2026-07-28 07:50:37,data_go_kr,강원특별자치도,A2200007,강원특별자치도삼척의료원,15,20260728074501,033-571-0431,,Y,,,,,,,,,,,,,,,,1,2,,1,1,,,,0,3,,,,,6,Y,,Y,,,,,,Y,N1,,,Y,Y,N1,52,N1,0,Y,Y,,4,N1,16,1,2,1,2,,,,,,,,,,,6,2,3,,,4,,,10,1,1,1,,3,,3,1,,,,,189,,,,,,,,,,,,,,,,,Y,N1,A2200007,5
2026-07-28 07:50:37,data_go_kr,강원특별자치도,A2200012,강원특별자치도속초의료원,17,20260728075002,,Y,Y,,,,,,,,,,,,,,,,,2,,1,,,,,,,,,,,,Y,,Y,,,,,,Y,N1,,,N1,Y,N1,67,N1,0,Y,Y,,3,N1,17,,2,1,,,,,,,,,,,,8,,,,,3,,,,2,1,1,,7,1,1,,,,,,154,,,,,,,,,,,,,,,,,Y,Y,A2200012,6
2026-07-28 07:50:37,data_go_kr,강원특별자치도,A2200009,강원대학교병원,14,20260728075000,033-258-2293,Y,Y,,,,,0,,,3,,,,,,,,3,2,,3,0,4,,4,0,,,,,3,12,Y,,Y,1,,,Y,,Y,Y,,,Y,Y,Y,221,Y,,Y,Y,4,11,N1,21,3,2,3,5,10,,15,8,,,8,,8,,,2,,,,11,,16,14,3,4,2,4,43,13,24,12,3,10,,,508,,,,,0,,,,,,,,,,,,Y,Y,A2200009,7
2026-07-28 07:50:37,data_go_kr,강원특별자치도,A2200011,강원특별자치도강릉의료원,3,20260728075001,033-610-1234,,,,,,,,,,,,,,,,20,,,,,1,,,,,,,,,,,5,,,Y,,,,,,Y,N1,,,N1,Y,N1,14,N1,0,N1,Y,,2,N1,5,,,1,,,,,,,,,,,,8,,,,,2,,,5,,1,1,,4,,,,,,,,122,,,,,,,,,,,,,20,,,,Y,N1,A2200011,8
2026-07-28 07:50:37,data_go_kr,강원특별자치도,A2200003,의료법인동해동인병원,7,20260728074933,033-530-0129,,,,,,,,,,,,,,,,,,,,,1,,,,,1,,,,,57,,,,Y,,,,,,Y,N1,,,N1,Y,N1,19,N1,8,N1,Y,,2,N1,10,,,1,,,,,,,,,,,,19,1,,,,2,,110,,,1,1,,7,,,,,,,,178,,,,,,,,,,,,,,,,,Y,N1,A2200003,9
2026-07-28 07:50:37,data_go_kr,강원특별자치도,A2200046,의료법인온세움의료재단온재병원,7,20260728075032,033-639-8988,,,,,,,,,,,,,,,,,,,,,1,,,,,,,,,,29,,,,Y,,,,,,Y,N1,,,N1,Y,N1,30,N1,0,N1,Y,,4,N1,9,,,1,,,,,,,,,,,,15,,,,,4,,59,,,1,1,,5,,,,,,,,219,,,,,,,,,,,,,,,,,Y,N1,A2200046,10
2026-07-28 07:50:37,data_go_kr,강원특별자치도,A2200037,의료법인성심의료재단양구성심병원,4,20260728075012,033-480-8816,,Y,,,,,,,,,,,,,,,,,1,,,,,,,,,,,,,,Y,,Y,,,,,,Y,N1,,,N1,Y,N1,39,N1,,Y,N1,,,N1,5,,1,,,,,,,,,,,,,,,,,,,,,,1,1,,,1,,1,,,,,,52,,,,,,,,,,,,,,,,,Y,N1,A2200037,11
2026-07-28 07:50:37,data_go_kr,강원특별자치도,A2200002,강원특별자치도영월의료원,9,20260728075001,033-370-9129,,Y,,,,,,,,,,,,,,,1,,,,,,,,,0,,,,,,2,Y,,Y,,,,,,Y,N1,,,N1,Y,N1,51,N1,0,Y,Y,,2,N1,9,,,,,,,,,,,,,,,10,2,,,,2,,,2,1,1,1,,7,,3,,,,,,174,,,,,,,,,,,,,,1,,,Y,N1,A2200002,12
2026-07-28 07:50:37,data_go_kr,강원특별자치도,A2200015,강원특별자치도원주의료원,15,20260728075002,033-760-4701,,,,,,,,,,,,,,,,,,,1,,2,,,,,,,,,,,,,,Y,,,,,,Y,N1,,,N1,Y,N1,44,N1,3,N1,Y,,3,N1,17,,1,2,,,,,,,,,,,,20,,,,,3,,,,,1,1,,7,,,,,,,,259,,,,,,,,,,,,,,,,,Y,N1,A2200015,13
2026-07-28 07:50:37,data_go_kr,강원특별자치도,A2200024,의료법인성지의료재단성지병원,5,20260728074906,033-760-3119,,,,,,,,,,,,,,,,13,,,,,1,,,,,,,,,,,,,,Y,,,,,,Y,N1,,,N1,Y,N1,-80,N1,9,N1,Y,,4,N1,7,,,1,,,,,,,,,,,,9,,,,,4,,,,,1,2,,4,,,,,,,,135,,,,,,,,,,,,,13,,,,Y,N1,A2200024,14
2026-07-28 07:50:37,data_go_kr,강원특별자치도,A2200048,근로복지공단정선병원,5,20260728074600,033-560-7150,,,,,,,,,,,,,,,,,,,,,1,,,,,,,,,,,,,,Y,,,,,,Y,N1,,,N1,Y,N1,29,N1,,N1,N1,,,N1,5,,,1,,,,,,,,,,,,,,,,,,,,,,1,,,3,,,,,,,,149,,,,,,,,,,,,,,,,,Y,N1,A2200048,15
2026-07-28 07:50:37,data_go_kr,강원특별자치도,A2201730,철원병원,5,20260728075001,033-452-5012,N,Y,,,,,,,,,,,,,,,,,1,,,,,,,,,,,,,,Y,N,Y,,,,N,,Y,N,,,N,Y,N,35,N,,Y,Y,,2,N,5,,1,,,,,,,,,,,,,,,,,,2,,,,1,1,1,0,1,0,1,0,0,0,0,0,68,,,,,,,,,,,,,,,,,Y,N,A2201730,16
2026-07-28 07:50:37,data_go_kr,강원특별자치도,A2200004,근로복지공단태백병원,7,20260728074900,033-580-3119,,,,,,,,,,,,,,,,,,,1,,,,,,,1,,,,,,,Y,,Y,,,,,,Y,N1,,,N1,Y,N1,45,N1,6,N1,Y,,2,N1,9,,1,,,,,,,,,,,,,9,1,,,,2,,,,1,1,1,,8,,,,,,,,223,,,,,,,,,,,,,,,,,Y,N1,A2200004,17
2026-07-28 07:50:37,data_go_kr,강원특별자치도,E2200026,평창군보건의료원,6,20260728075001,033-330-4812,,,,,,,,,,,,,,,,,,,,,1,,,,,,,,,,,,,,Y,,,,,,Y,N1,,,N1,Y,N1,20,N1,,N1,N1,,,N1,6,,,1,,,,,,,,,,,,,,,,,,,,,,1,,,1,,,,,,,,20,,,,,,,,,,,,,,,,,Y,N1,E2200026,18
2026-07-28 07:50:37,data_go_kr,강원특별자치도,A2200014,홍천아산병원,9,20260728075000,033-430-5119,,,,,,,,,,,,,,,,,,,,,,,,,,,,,,,,,,,Y,,,,,,Y,N1,,,N1,Y,N1,5,N1,0,N1,Y,,2,N1,10,,,,,,,,,,,,,,,7,,,,,2,,,,,1,1,,4,,,,,,,,128,,,,,,,,,,,,,,,,,Y,N1,A2200014,19
2026-07-28 07:50:37,data_go_kr,강원특별자치도,E2200025,화천군보건의료원,6,20260728075001,033-440-2880,,,,,,,,,,,,,,,,,,,,,1,,,,,,,,,,,,,,,,,,,,Y,N1,,,N1,N1,N1,16,N1,,N1,N1,,,N1,7,,,1,,,,,,,,,,,,,,,,,,,,,,,,,1,,,,,,,,16,,,,,,,,,,,,,,,,,Y,N1,E2200025,20
2026-07-28 07:50:37,data_go_kr,강원특별자치도,A2200016,횡성대성병원,8,20260728074947,033-345-1191,,,,,,,,,,,,,,,,,,,,,1,,,,,,,,,,,,,,Y,,,,,,Y,N1,,,N1,Y,N1,31,N1,,N1,Y,,1,N1,9,,,1,,,,,,,,,,,,,,,,,1,,,,,1,1,,1,,,,,,,,114,,,,,,,,,,,,,,,,,Y,N1,A2200016,21
2026-07-28 07:50:37,data_go_kr,충청북도,A2300001,충북대학교병원,21,20260728075000,043-269-6114,Y,Y,2,3,,,,0,,2,,,,,,,,7,,,,6,,,,1,29,,11,2,5,13,Y,,Y,,2,6,Y,17,Y,Y,3,,Y,Y,Y,139,Y,7,Y,Y,13,16,N1,30,8,,,18,8,,25,,,4,,20,,,17,5,40,,40,16,2,21,13,2,4,4,6,98,13,31,18,10,17,,,547,2,3,,,,2,,,,,,,,,2,6,Y,Y,A2300001,1
2026-07-28 07:50:37,data_go_kr,충청북도,A2300009,의료법인명지의료재단명지병원,16,20260728074733,043-640-8117,,,,,,,,,,,,,,,,,,3,2,,4,2,,,,3,,,,,,,,,Y,,,,Y,,Y,Y,,,Y,Y,Y,57,N1,7,N1,Y,,3,N1,18,3,2,4,2,,,,,,,,,,,15,3,,,,3,,,,,2,1,1,10,,,2,1,,,,201,,,,,,,,,,,,,,,,,Y,N1,A2300009,2
2026-07-28 07:50:37,data_go_kr,충청북도,A2300005,의료법인자산의료재단제천서울병원,14,20260728074644,043-643-2327,,,,,,,,,,,,,,,,,,,1,,4,,,,,,3,,,,,,,,Y,,,,,,Y,N1,,,Y,Y,N1,19,N1,1,N1,Y,,3,Y,15,,1,4,,,,,,,,,,,,11,,5,,,3,,,,,1,1,,10,,,1,,,,1,202,,,,,,,,,,,,,,,,,Y,N1,A2300005,3
2026-07-28 07:50:37,data_go_kr,충청북도,A2300013,의료법인 건명의료재단 중앙제일병원,13,20260728074622,043-537-9119,,,,,,,,,,,,,,,,,,,3,,,,,,,4,,,,,,31,,,Y,,,,,,Y,N1,,,Y,Y,N1,64,N1,1,N1,Y,,5,N1,17,,3,,,,,,,,,,,,,12,6,,,,5,,,31,,2,2,,6,,,1,,,,,192,,,,,,,,,,,,,,,,,Y,N1,A2300013,4
2026-07-28 07:50:37,data_go_kr,충청북도,A2300007,의료법인인화재단한국병원,10,20260728074824,043-222-6177,,Y,,,,,,,,,,,,,,,3,,1,,2,,,,,1,,,,,,1,Y,,Y,,,,Y,,Y,Y,,,Y,Y,N1,47,N1,3,Y,Y,,8,N1,14,,1,2,,,,,,,,,,,,24,1,,,,8,,,1,1,3,3,2,18,,1,3,,,,,403,,,,,,,,,,,,,,3,,,Y,N1,A2300007,5
2026-07-28 07:50:37,data_go_kr,충청북도,A2300003,의료법인정산의료재단효성병원,15,20260728074645,043-221-2192,,N,,,,,,,,,,,,,,,,,1,,4,0,,,,0,0,,,,,,Y,,Y,,,,Y,,Y,Y,,,Y,Y,N1,59,N1,1,N,Y,,4,Y,18,,1,4,2,,,,,,,,,,,27,2,3,,,4,,,,1,3,4,2,19,,1,2,,,,1,363,,,,,,,,,,,,,,,,,Y,N1,A2300003,6
2026-07-28 07:50:37,data_go_kr,충청북도,A2300008,청주성모병원,8,20260728075009,043-219-8119,,Y,,,,,,,,5,,,,,,,,,2,5,5,2,,,,1,4,,,,,5,Y,,Y,,,,Y,,Y,Y,,,Y,Y,N1,127,N1,,Y,Y,,8,N1,15,,2,5,2,13,12,,,,,,,,,,1,4,,,8,,,30,1,3,2,2,19,,2,2,,,,,358,,,,,,,,,,,,,,,,,Y,N1,A2300008,7
2026-07-28 07:50:37,data_go_kr,충청북도,A2300002,의료법인한마음의료재단하나병원,4,20260728075024,043-230-6594,,,,,,,,,,,,,,,,,9,,1,,2,,,,,2,,,,,,,,,Y,,,,Y,,Y,Y,,,Y,Y,N1,116,N1,6,N1,Y,,7,Y,11,,1,2,,,,,,,,,,,,24,2,,,,7,,,,,3,3,2,20,,,4,,,,1,463,,,,,,,,,,,,,,9,,,Y,N1,A2300002,8
2026-07-28 07:50:37,data_go_kr,충청북도,A2300010,건국대학교충주병원,18,20260728075001,043-840-8330,Y,Y,,,,,,,,,,,,,,,,,1,,2,,,,,,,,,,,0,Y,,Y,,,,Y,,Y,Y,,,Y,Y,Y,59,N1,5,Y,Y,,5,N1,20,,1,2,,,,,,,,,,,,18,,,,,5,,,1,1,2,1,2,11,1,4,3,1,,,,194,,,,,,,,,,,,,,,,,Y,Y,A2300010,9
2026-07-28 07:50:37,data_go_kr,충청북도,A2300034,의료법인대광의료재단괴산성모병원,8,20260728074541,043-830-5419,,,,,,,,,,,,,,,,,,,,,0,,,,,,,,,,,,,,Y,,,,,,Y,N1,,,N1,Y,N1,8,N1,,N1,Y,,1,N1,9,,,1,,,,,,,,,,,,,,,,,1,,,,,1,1,,3,,,,,,,,153,,,,,,,,,,,,,,,,,Y,N1,A2300034,10
2026-07-28 07:50:37,data_go_kr,충청북도,E2300011,단양군보건의료원,6,20260728075001,043-420-0139,,,,,,,,,,,,,,,,,,,1,,,,,,,,,,,,,2,,,Y,,,,,,Y,N1,,,N1,Y,N1,13,N1,,N1,N1,,,N1,6,,1,,,,,,,,,,,,,,,,,,,,,2,,1,,,1,,,,,,,,14,,,,,,,,,,,,,,,,,Y,N1,E2300011,11
2026-07-28 07:50:37,data_go_kr,충청북도,A2300030,의료법인조윤의료재단영동병원,10,20260728075006,043-740-9333,,Y,,,,,,,,,,,,,,,,,,,,,,,,,,,,,,,Y,,Y,,,,,,Y,N1,,,N1,Y,N1,32,N1,,Y,Y,,2,N1,10,,,,,,,,,,,,,,,,,,,,2,,,,1,1,1,,3,,1,,,,,,161,,,,,,,,,,,,,,,,,Y,N1,A2300030,12
2026-07-28 07:50:37,data_go_kr,충청북도,A2300011,의료법인힐링의료재단옥천성모병원,6,20260728074909,043-730-7119,,,,,,,,,,,,,,,,,,,2,,1,,,,,,,,,,,,,,Y,,,,,,Y,N1,,,N1,Y,N1,10,N1,2,N1,Y,,2,N1,7,,2,1,,,,,,,,,,,,7,,,,,2,,,,,1,1,,4,,,,,,,,157,,,,,,,,,,,,,,,,,Y,N1,A2300011,13
2026-07-28 07:50:37,data_go_kr,충청북도,A2300006,충청북도청주의료원,12,20260728075002,043-279-0119,,Y,,,,,,,,,,,,,,,3,,1,,,,,,,2,,,,,90,6,Y,,Y,,,,Y,,Y,Y,,,Y,Y,N1,157,N1,18,Y,Y,,5,N1,12,,1,,,,,,,,,,,,,21,3,,,,5,,90,6,1,1,2,1,11,,1,1,,,,,359,,,,,,,,,,,,,,3,,,Y,N1,A2300006,14
2026-07-28 07:50:37,data_go_kr,충청북도,A2300004,충청북도충주의료원,14,20260728075002,043-871-0119,,,,,,,,,,,,,,,,,,,1,,2,,,,,,,,,,,,,,Y,,,,Y,,Y,Y,,,Y,Y,N1,120,N1,4,N1,Y,,4,N1,18,,1,2,,,,,,,,,,,,12,,,,,4,,,,,1,1,1,8,,,1,,,,,282,,,,,,,,,,,,,,,,,Y,N1,A2300004,15
2026-07-28 07:50:37,data_go_kr,충청남도,A2400002,단국대학교의과대학부속병원,15,20260728075000,041-550-6840,Y,Y,2,2,,,,1,,,,,,3,,,,4,,1,1,6,,,,0,9,,1,2,11,0,Y,,Y,0,2,6,Y,0,Y,Y,,,Y,Y,Y,66,Y,,Y,Y,1,7,Y,25,4,,1,18,,13,25,,,,13,20,,,,1,30,,40,13,2,20,8,3,4,3,6,6,14,29,15,7,17,,1,640,2,2,,,,2,,,,,7,,,,2,6,Y,Y,A2400002,1
2026-07-28 07:50:37,data_go_kr,충청남도,A2400001,학교법인동은학원순천향대학교부속천안병원,16,20260728074623,041-590-7019,Y,Y,,,1,3,1,,,8,,,,,,,,14,4,8,3,4,,2,,4,2,3,,,,0,Y,Y,Y,,,,Y,,Y,Y,,,Y,Y,Y,50,Y,,Y,Y,5,17,Y,22,14,4,3,17,18,15,38,,2,,,,,,,6,30,6,,19,,,14,11,6,4,6,60,16,37,6,6,10,1,1,713,,,1,3,1,,,,,,,,,,,,Y,Y,A2400001,2
2026-07-28 07:50:37,data_go_kr,충청남도,A2400009,의료법인백제병원,15,20260728074802,041-730-8882,,,,,,,,,,,,,,,,,,,1,,2,,,,,,,,,,19,,,,Y,,,,Y,,Y,Y,,,Y,Y,N1,16,N1,0,N1,Y,,4,N1,20,,1,2,,,,,,,,,,,,26,,,,,4,,49,,,2,2,1,11,,,3,,,,,398,,,,,,,,,,,,,,,,,Y,N1,A2400009,3
2026-07-28 07:50:37,data_go_kr,충청남도,A2400008,당진종합병원,15,20260728074938,041-358-3624,,,,,,,,,,,,,,,,,,,1,,2,,,,,,,,,,,,,,Y,,,,Y,,Y,Y,,,Y,Y,N1,82,N1,0,N1,Y,,4,N1,17,,1,2,,,,,,,,,,,,13,,,,,4,,,,,2,2,1,5,,,1,,,,,246,,,,,,,,,,,,,,,,,Y,N1,A2400008,4
2026-07-28 07:50:37,data_go_kr,충청남도,A2400011,재단법인아산사회복지재단보령아산병원,17,20260728074501,041-930-5333,,,,,,,,,,,,,,,,,,,1,,2,,,,,,,,,,,,,,Y,,,,,,Y,N1,,,N1,Y,N1,77,N1,5,N1,Y,,2,N1,17,,1,2,,,,,,,,,,,,8,,,,,2,,,,,1,1,,4,,,,,,,,221,,,,,,,,,,,,,,,,,Y,N1,A2400011,5
2026-07-28 07:50:37,data_go_kr,충청남도,A2400003,서산중앙병원,17,20260728074503,041-661-1195,,,,,,,,,,,,,,,,,,,1,,2,,,,,,,,,,,,,,Y,,,,,,Y,N1,,,Y,Y,N1,46,N1,3,N1,Y,,4,N1,17,,1,2,,,,,,,,,,,,17,,,,,4,,,,,1,1,,7,,,1,,,,,288,,,,,,,,,,,,,,,,,Y,N1,A2400003,6
2026-07-28 07:50:37,data_go_kr,충청남도,A2400006,충청남도서산의료원,7,20260728074601,041-689-7119,,,,,,,,,,,,,,,,,,,1,,2,0,,,,,1,,,,,5,,,Y,,,,,,Y,N1,,,N1,Y,N1,24,N1,0,N1,Y,,3,N1,17,,1,2,2,,,,,,,,,,,8,,4,,,3,,,5,,2,1,,10,,,,,,,,259,,,,,,,,,,,,,,,,,Y,N1,A2400006,7
2026-07-28 07:50:37,data_go_kr,충청남도,A2402257,아산충무병원,13,20260728074839,041-536-6519,,,1,7,,,,,,,,,,5,,,,,,,,,,,,2,,,,,,,Y,,Y,,,,Y,,Y,Y,,,Y,Y,Y,148,Y,8,N1,Y,,4,N1,13,,,,,,,,,,,,,,,22,2,,,,4,,,,1,2,2,3,27,,,4,2,1,,,456,1,7,,,,,,,,,5,,,,,,Y,N1,A2402257,8
2026-07-28 07:50:37,data_go_kr,충청남도,A2400012,의료법인영서의료재단천안충무병원,11,20260728074911,041-570-7519,,,,,,,,,,,,,,,,,,,1,,4,,,,,0,,,,,,,,,Y,0,,,Y,,Y,Y,,,Y,Y,Y,39,N1,-1,N1,Y,,5,N1,16,,1,4,,,,,,,,7,,,,19,3,,,,5,,,,,2,2,3,26,,,3,3,,,,333,,,,,,,,,,,,,,,,,Y,N1,A2400012,9
2026-07-28 07:50:37,data_go_kr,충청남도,A2400007,충청남도홍성의료원,13,20260728074801,041-630-6119,,,,,,,,,,,,,,,,,,1,1,,2,2,,,,1,2,,,,3,1,Y,,Y,,,,N,,Y,N,,,Y,Y,N1,106,N1,1,N1,Y,,4,N,18,1,1,2,2,,,,,,,,,,,22,1,3,,,4,,49,1,1,2,2,1,10,,,1,,,,2,260,,,,,,,,,,,,,,,,,Y,N1,A2400007,10
2026-07-28 07:50:37,data_go_kr,충청남도,A2400010,충청남도공주의료원,13,20260728074802,041-962-1365,,,,,,,,,,,,,,,,,,,,,1,,,,,,,,,,,4,,,Y,,,,,,Y,N1,,,Y,Y,N1,58,N1,1,N1,Y,,6,N1,15,,,1,,,,,,,,,,,,16,,,,,6,,,6,,1,1,,9,,,2,,,,,273,,,,,,,,,,,,,,,,,Y,N1,A2400010,11
2026-07-28 07:50:37,data_go_kr,충청남도,A2400038,학교법인건양교육재단건양대학교부여병원,9,20260728074840,041-837-1201,,,,,,,,,,,,,,,,,,,,,1,,,,,,,,,,,,,,Y,,,,,,Y,N1,,,N1,Y,N1,21,N1,,N1,N1,,1,N1,9,,,1,,,,,,,,,,,,,,,,,1,,,,,1,,,1,,,,,,,,55,,,,,,,,,,,,,,,,,Y,N1,A2400038,12
2026-07-28 07:50:37,data_go_kr,충청남도,A2400044,의료법인 서해병원,5,20260728074607,041-950-0219,,,,,,,,,,,,,,,,,,,,,2,,,,,,,,,,,,,,Y,,,,,,Y,N1,,,N1,Y,N1,13,N1,,N1,N1,,,N1,5,,,2,,,,,,,,,,,,,,,,,,,,,,1,,,1,,,,,,,,79,,,,,,,,,,,,,,,,,Y,N1,A2400044,13
2026-07-28 07:50:37,data_go_kr,충청남도,A2400039,현대병원,9,20260728075001,041-546-7744,N,N,,,,,,,,,,,,,,,,,,,1,,,,,,,,,,,,N,N,Y,0,,,N,,Y,N,,,N,Y,N,5,N,2,N,Y,,3,N,10,,,1,,,,,,,,0,,,,7,,,,,3,,,,0,1,1,0,3,0,0,0,0,0,0,0,84,,,,,,,,,,,,,,,,,Y,N,A2400039,14
2026-07-28 07:50:37,data_go_kr,충청남도,A2400004,의료법인 예당의료재단 예산종합병원,6,20260728074927,041-330-4119,,,,,,,,,,,,,,,,,,,,,1,,,,,,,,,,,,,,Y,,,,,,Y,N1,,,N1,Y,N1,0,N1,5,N1,Y,,0,N1,6,,,1,,,,,,,,,,,,9,,,,,0,,,,,0,0,,0,,,,,,,,88,,,,,,,,,,,,,,,,,Y,N1,A2400004,15
2026-07-28 07:50:37,data_go_kr,충청남도,A2400005,충청남도천안의료원,10,20260728075002,041-570-7119,,,,,,,,,,,,,,,,6,,,,,1,,,,,,,,,,,,,,Y,,,,,,Y,N1,,,N1,Y,N1,52,N1,7,N1,Y,,4,N1,12,,,1,,,,,,,,,,,,15,,,,,4,,,,,1,1,,10,,,,,,,,241,,,,,,,,,,,,,6,,,,Y,N1,A2400005,16
2026-07-28 07:50:37,data_go_kr,충청남도,E2400032,청양군보건의료원,6,20260728075001,041-940-4951,,,,,,,,,,,,,,,,,,,,,1,,,,,,,,,,,,,,Y,,,,,,Y,N1,,,N1,Y,N1,12,N1,,N1,N1,,1,N1,6,,,1,,,,,,,,,,,,,,,,,1,,,,,1,,,1,,,,,,,,12,,,,,,,,,,,,,,,,,Y,N1,E2400032,17
2026-07-28 07:50:37,data_go_kr,충청남도,E2400033,태안군보건의료원,10,20260728075001,041-671-5319,,,,,,,,,,,,,,,,,,,,,1,,,,,,,,,,,,,,Y,,,,,,Y,N1,,,N1,Y,N1,21,N1,,N1,N1,,,N1,10,,,1,,,,,,,,,,,,,,,,,,,,,,1,,,1,,,,,,,,34,,,,,,,,,,,,,,,,,Y,N1,E2400033,18
2026-07-28 07:50:37,data_go_kr,전북특별자치도,A2500001,원광대학교병원,3,20260728075016,063-859-1165,Y,Y,2,2,,,,2,,3,,,,,,,,3,,3,,4,,,2,4,11,,14,2,1,1,Y,,Y,,2,6,Y,9,Y,Y,,,Y,Y,Y,62,Y,6,Y,Y,2,14,Y,26,3,,,18,8,15,15,,,,,20,8,,15,7,31,,40,15,2,30,2,1,5,4,5,11,12,20,8,4,1,,2,543,2,3,,,,2,,,,,,,,,2,6,Y,Y,A2500001,1
2026-07-28 07:50:37,data_go_kr,전북특별자치도,A2500002,전북대학교병원,16,20260728074625,063-250-1131,Y,Y,2,5,,,2,1,,2,,,,,,,,4,,2,,3,5,,3,1,4,,,,3,15,Y,,Y,5,,,Y,,Y,Y,,,Y,Y,Y,287,Y,,Y,Y,21,21,N1,36,5,,,17,10,8,25,10,,,18,,11,,,2,30,,,21,,23,15,3,1,2,5,11,15,22,4,2,1,,,834,2,5,,,2,1,,,,,,,,,,,Y,Y,A2500002,2
2026-07-28 07:50:37,data_go_kr,전북특별자치도,A2500007,전북특별자치도군산의료원,13,20260728074901,063-472-5130,,Y,,,,,,,,,,,,,,,,,1,,2,1,,,,2,2,,,,,,Y,,Y,,,,,,Y,N1,,,N1,Y,N1,81,N1,7,Y,Y,,6,N1,17,,1,2,2,,,,,,,,,,,18,2,3,,,6,,,,1,1,1,,18,,2,,,,,,289,,,,,,,,,,,,,,,,,Y,N1,A2500007,3
2026-07-28 07:50:37,data_go_kr,전북특별자치도,A2500012,의료법인오성의료재단동군산병원,12,20260728075022,063-440-0516,,,,,,,,,,,,,,,,0,,,1,,5,1,,,,,1,,,,,,,,Y,,,,Y,,Y,Y,,,Y,Y,N1,19,N1,4,N1,Y,,6,N1,17,,1,5,2,,,,,,,,,,,24,,3,,,6,,,,,2,2,2,13,,,2,,,,,262,,,,,,,,,,,,,0,,,,Y,N1,A2500012,4
2026-07-28 07:50:37,data_go_kr,전북특별자치도,A2500004,전북특별자치도남원의료원,13,20260728075001,063-620-1119,,Y,,,,,,,,,,,,,,,,,1,,2,,,,,1,,,,,,,Y,,Y,,,,,,Y,N1,,,N1,Y,N1,39,N1,3,Y,Y,,3,N1,17,,1,2,,,,,,,,,,,,9,1,,,,3,,,,3,2,1,,10,,1,,,,,,190,,,,,,,,,,,,,,,,,Y,N1,A2500004,5
2026-07-28 07:50:37,data_go_kr,전북특별자치도,A2500011,의료법인대산의료재단익산병원,10,20260728075009,063-840-9112,,,,,,,,,,,,,,,,,,,1,,2,,,,,0,,,,,,,,,Y,,,,Y,,Y,Y,,,N1,Y,N1,19,N1,7,N1,Y,,5,N1,17,,1,2,,,,,,,,,,,,17,1,,,,5,,,,,2,2,1,7,,,,,,,,333,,,,,,,,,,,,,,,,,Y,N1,A2500011,6
2026-07-28 07:50:37,data_go_kr,전북특별자치도,A2500056,대자인병원,24,20260728074807,063-250-8701,,,,,,,,,,,,,,,,,,,1,1,2,,,,,4,,,,,,,,Y,Y,,,,Y,,Y,Y,,,Y,Y,Y,30,N1,1,N1,Y,,13,Y,33,,1,2,,,36,,,,,,,,,15,4,,,,15,,,,,4,3,2,12,,,4,2,,1,1,45,,,,,,,,,,,,,,,,,Y,N1,A2500056,7
2026-07-28 07:50:37,data_go_kr,전북특별자치도,A2500006,재단법인예수병원유지재단예수병원,22,20260728075005,063-230-8280,Y,Y,,,1,1,,,,,,,,,,,,5,1,,2,,,2,,4,,2,,,,2,Y,,Y,0,,,Y,,Y,Y,,,Y,Y,Y,126,N1,2,Y,Y,4,14,Y,38,10,1,2,,,,12,,2,,14,,,,23,4,,6,,14,,,5,4,4,3,4,40,6,11,7,2,,,2,685,,,1,1,,,,,,,,,,,,,Y,Y,A2500006,8
2026-07-28 07:50:37,data_go_kr,전북특별자치도,A2500005,의료법인영경의료재단전주병원,8,20260728074642,063-226-6119,,,,,,,,,,,,,,,,,,,1,,2,,,,,,,,,,,,,,Y,,,,,,Y,N1,,,Y,Y,N1,7,N1,5,N1,Y,,5,N1,17,,1,2,,,,,,,,,,,,9,,,,,5,,,,,1,2,,6,,,1,,,,,275,,,,,,,,,,,,,,,,,Y,N1,A2500005,9
2026-07-28 07:50:37,data_go_kr,전북특별자치도,A2500008,재단법인 아산사회복지재단 정읍아산병원,15,20260728074501,063-530-6129,,,,,,,,,,,,,,,,,,,1,,2,,,,,,,,,,,,,,Y,,,,,,Y,N1,,,N1,Y,N1,71,N1,3,N1,Y,,3,N1,17,,1,2,,,,,,,,,,,,12,,,,,3,,,,,1,1,,5,,,,,,,,276,,,,,,,,,,,,,,,,,Y,N1,A2500008,10
2026-07-28 07:50:37,data_go_kr,전북특별자치도,A2500009,의료법인석천재단고창병원,10,20260728074913,063-560-5558,,,,,,,,,,,,,,,,,,,,,1,,,,,,,,,,,,,,Y,,,,,,Y,N1,,,N1,Y,N1,0,N1,,N1,Y,,2,N1,10,,,1,,,,,,,,,,,,,,,,,2,,,,,1,1,,4,,,,,,,,258,,,,,,,,,,,,,,,,,Y,N1,A2500009,11
2026-07-28 07:50:37,data_go_kr,전북특별자치도,A2500038,김제우석병원,9,20260728075004,063-540-5119,,,,,,,,,,,,,,,,,,,,,1,,,,,,,,,,,,,,Y,,,,,,Y,N1,,,N1,Y,N1,83,N1,,N1,Y,,2,N1,10,,,1,,,,,,,,,,,,,,,,,2,,,,,1,1,,1,,,,,,,,200,,,,,,,,,,,,,,,,,Y,N1,A2500038,12
2026-07-28 07:50:37,data_go_kr,전북특별자치도,E2500019,무주군보건의료원,4,20260728075001,063-320-8315,,,,,,,,,,,,,,,,,,,,,1,,,,,,,,,,,,,,Y,,,,,,Y,N1,,,N1,Y,N1,24,N1,,N1,N1,,,N1,4,,,1,,,,,,,,,,,,,,,,,,,,,,1,,,1,,,,,,,,24,,,,,,,,,,,,,,,,,Y,N1,E2500019,13
2026-07-28 07:50:37,data_go_kr,전북특별자치도,A2500010,부안성모병원,10,20260728074235,063-580-8119,,,,,,,,,,,,,,,,,,,,,2,,,,,,,,,,,,,,Y,,,,,,Y,N1,,,N1,Y,N1,5,N1,9,N1,Y,,3,N1,10,,,2,,,,,,,,,,,,9,,,,,3,,,,,1,1,,2,,,,,,,,240,,,,,,,,,,,,,,,,,Y,N1,A2500010,14
2026-07-28 07:50:37,data_go_kr,전북특별자치도,E2500021,순창군보건의료원,9,20260728075001,063-650-5352,,,,,,,,,,,,,,,,,,,,,1,,,,,,,,,,,,,,Y,,,,,,Y,N1,,,N1,Y,N1,30,N1,,N1,N1,,,N1,9,,,1,,,,,,,,,,,,,,,,,,,,,,1,,,1,,,,,,,,30,,,,,,,,,,,,,,,,,Y,N1,E2500021,15
2026-07-28 07:50:37,data_go_kr,전북특별자치도,E2500022,임실군보건의료원,4,20260728075001,063-640-3119,,,,,,,,,,,,,,,,,,,,,1,,,,,,,,,,,,,,Y,,,,,,Y,N1,,,N1,Y,N1,,N1,,N1,N1,,,N1,4,,,1,,,,,,,,,,,,,,,,,,,,,,1,,,1,,,,,,,,,,,,,,,,,,,,,,,,,Y,N1,E2500022,16
2026-07-28 07:50:37,data_go_kr,전북특별자치도,E2500020,장수군보건의료원,5,20260728075001,063-350-2119,,,,,,,,,,,,,,,,,,,,,1,,,,,,,,,,,,,,,,,,,,Y,N1,,,N1,N1,N1,20,N1,,N1,N1,,,N1,5,,,1,,,,,,,,,,,,,,,,,,,,,,,,,1,,,,,,,,22,,,,,,,,,,,,,,,,,Y,N1,E2500020,17
2026-07-28 07:50:37,data_go_kr,전북특별자치도,A2501890,의료법인영경의료재단호성전주병원,9,20260728074951,063-240-8862,,,,,,,,,,,,,,,,,,,,,1,,,,,,,,,,,,,,Y,,,,,,Y,N1,,,N1,Y,N1,6,N1,,N1,Y,,2,N1,9,,,1,,,,,,,,,,,,,,,,,2,,,,,1,1,,1,,,,,,,,122,,,,,,,,,,,,,,,,,Y,N1,A2501890,18
2026-07-28 07:50:37,data_go_kr,전북특별자치도,A2502742,새강병원,12,20260728074952,063-289-9119,,,0,0,,0,0,,,0,,,,,,,,3,1,0,2,0,,,,3,,0,,0,,0,,,Y,,,,,,Y,N1,,,N1,Y,N1,87,N1,16,N1,Y,,5,N1,14,3,1,2,0,0,0,,,,,,,,,16,3,,0,,5,0,,0,,1,1,,1,,,,,,,,201,0,0,,0,0,,,,,,,,,,,,Y,N1,A2502742,19
2026-07-28 07:50:37,data_go_kr,전북특별자치도,A2502031,진안군의료원,5,20260728075002,063-430-7119,,,,,,,,,,,,,,,,,,,,,2,,,,,,,,,,,,,,Y,,,,,,Y,N1,,,N1,Y,N1,30,N1,,N1,Y,,2,N1,6,,,2,,,,,,,,,,,,,,,,,2,,,,,1,1,,3,,,,,,,,74,,,,,,,,,,,,,,,,,Y,N1,A2502031,20
2026-07-28 07:50:37,data_go_kr,경상북도,A2700007,차의과학대학교부속구미차병원,3,20260728075005,054-450-9998,Y,Y,,,,,0,,,,,,,,,,,5,3,,2,0,,,,,3,,,,,,Y,Y,Y,,,,Y,,Y,Y,,,Y,Y,Y,34,Y,1,Y,Y,-1,8,N1,20,5,3,3,25,,,8,,,,,,,,18,,30,,,8,,,,3,3,2,2,21,3,13,2,1,2,1,,301,,,,,3,,,,,,,,,,,,Y,Y,A2700007,1
2026-07-28 07:50:37,data_go_kr,경상북도,A2700014,의료법인안동병원,3,20260728074800,054-840-0119,Y,Y,2,2,,,1,,,1,,,,,,,,0,,,,2,,,,0,6,,3,2,0,4,Y,Y,Y,,1,6,Y,3,Y,Y,,,Y,Y,Y,91,Y,1,Y,Y,10,11,Y,15,3,,,19,20,,10,,,,,20,,,13,3,30,,40,11,2,34,6,3,6,3,5,67,3,12,14,4,13,1,1,775,2,3,,,1,,,,,,,,,,2,6,Y,Y,A2700014,2
2026-07-28 07:50:37,data_go_kr,경상북도,A2700016,포항성모병원,17,20260728074829,054-260-8600,Y,Y,2,3,,,,0,3,,,,,,,,,11,,,,3,,,,1,0,,,,,1,Y,Y,Y,,,,Y,,Y,Y,,,Y,Y,Y,55,Y,3,Y,Y,,9,Y,20,11,,,15,,,,,,,,,,,16,1,17,,,9,,,1,1,3,2,2,25,1,6,4,1,2,1,3,468,2,3,,,,5,13,,,,,,,,,,Y,Y,A2700016,3
2026-07-28 07:50:37,data_go_kr,경상북도,A2700003,동국대학교의과대학경주병원,10,20260728074538,054-770-8306,Y,Y,,,,,,,,1,,,,,,,,2,2,2,5,,,,,3,,,,,10,1,Y,,Y,,,,Y,,Y,Y,,,Y,Y,N1,80,N1,0,Y,Y,,7,N1,16,3,2,5,,11,17,,,,,,,,,7,4,,,,7,,20,3,1,2,2,2,26,2,6,3,,,,,279,,,,,,,,,,,,,,,,,Y,Y,A2700003,4
2026-07-28 07:50:37,data_go_kr,경상북도,A2700013,순천향대학교부속구미병원,12,20260728074621,054-468-9119,,Y,,,,,,,,,,,,,,,,2,1,,2,1,,,,2,0,,,,,1,Y,,Y,,,,Y,,Y,Y,,,Y,Y,N1,39,N1,6,Y,Y,,6,N1,13,4,1,2,2,,,,,,,,,,,31,2,3,,,6,,,1,1,2,2,2,20,,1,2,,,,,263,,,,,,,,,,,,,,,,,Y,N1,A2700013,5
2026-07-28 07:50:37,data_go_kr,경상북도,A2700012,의료법인덕산의료재단김천제일병원,15,20260728074835,054-420-9500,,,,,,,,,,,,,,,,,,,1,,3,1,,,,,2,,,,,,Y,,Y,,,,Y,,Y,Y,,,Y,Y,N1,55,N1,6,N1,Y,,4,Y,16,,1,3,2,,,,,,,,,,,16,,3,,,4,,,,3,1,1,1,10,,,1,,,,1,276,,,,,,,,,,,,,,,,,Y,N1,A2700012,6
2026-07-28 07:50:37,data_go_kr,경상북도,A2700006,의료법인동춘의료재단문경제일병원,13,20260728074000,054-550-7777,,,,,,,,,,,,,,,,,,,1,,0,2,,,,1,3,,,,59,3,,,Y,,,,,,Y,N1,,,N1,Y,N1,54,N1,13,N1,Y,,3,N1,17,,1,2,2,,,,,,,,,,,29,1,3,,,3,,162,4,,2,1,,8,,,,,,,,306,,,,,,,,,,,,,,,,,Y,N1,A2700006,7
2026-07-28 07:50:37,data_go_kr,경상북도,A2700004,안동성소병원,5,20260728075019,054-850-8282,,Y,,,,,,,,,,,,,,,5,,1,,1,2,,,,3,1,,,,22,0,Y,,Y,,,,Y,,Y,Y,,,Y,Y,N1,147,N1,6,Y,Y,,6,N1,12,,1,2,2,,,,,,,,,,,16,3,3,,,6,,186,2,1,2,2,2,21,,4,1,,,,,393,,,,,,,,,,,,,,5,,,Y,N1,A2700004,8
2026-07-28 07:50:37,data_go_kr,경상북도,A2700002,포항세명기독병원,8,20260728074720,054-289-1711,,,,,,,,,,,,,,,,,6,,1,,3,0,,,,1,0,,,,,2,,,Y,,,,Y,,Y,Y,,,Y,Y,Y,77,Y,4,N1,Y,,14,Y,15,,1,3,2,,,,,,,,,,,52,1,3,,,14,,,6,,6,5,4,25,,,5,1,1,,1,662,,,,,,,,,,,,,,6,,,Y,N1,A2700002,9
2026-07-28 07:50:37,data_go_kr,경상북도,A2700019,의)근원의료재단경산중앙병원,6,20260728075004,053-715-0119,,,,,,,,,,,,,,,,,,,,,2,,,,,0,,,,,43,,,,Y,,,,,,Y,N1,,,N1,Y,N1,68,N1,1,N1,Y,,4,N1,10,,,2,,,,,,,,,,,,11,2,,,,4,,116,,,1,1,,9,,,,,,,,301,,,,,,,,,,,,,,,,,Y,N1,A2700019,10
2026-07-28 07:50:37,data_go_kr,경상북도,A2700036,의료법인서명의료재단세명종합병원,3,20260728074724,053-819-8500,,,,,,,,,,,,,,,,,,,,,1,,,,,,,,,,1,,,,Y,,,,,,Y,N1,,,N1,Y,N1,21,N1,2,N1,Y,,4,N1,13,,,2,,,,,,,,,,,,14,,,,,4,,22,,,1,1,,6,,,,,,,,264,,,,,,,,,,,,,,,,,Y,N1,A2700036,11
2026-07-28 07:50:37,data_go_kr,경상북도,A2700097,계명대학교경주동산병원,7,20260728074906,054-770-9420,,,,,,,,,,,,,,,,,,,,,1,,,,,,,,,,,,,,Y,,,,,,Y,N1,,,N1,Y,N1,42,N1,,N1,Y,,2,N1,9,,,1,,,,,,,,,,,,,,,,,2,,,,,1,1,,1,,,,,,,,88,,,,,,,,,,,,,,,,,Y,N1,A2700097,12
2026-07-28 07:50:37,data_go_kr,경상북도,A2700070,의료법인영암의료재단고령영생병원,5,20260728075028,070-4700-0728,,,,,,,,,,,,,,,,,,,,,1,,,,,,,,,,,,,,Y,,,,,,Y,N1,,,N1,Y,N1,34,N1,,N1,N1,,1,N1,5,,,1,,,,,,,,,,,,,,,,,1,,,,,1,,,1,,,,,,,,59,,,,,,,,,,,,,,,,,Y,N1,A2700070,13
2026-07-28 07:50:37,data_go_kr,경상북도,A2700015,구미강동병원,5,20260728074907,054-478-9521,,,,,,,,,,,,,,,,9,,,1,,2,,,,,,,,,,,,,,Y,,,,Y,,Y,Y,,,N1,Y,N1,31,N1,4,N1,Y,,5,N1,7,,1,2,,,,,,,,,,,,12,,,,,5,,,,,1,1,1,3,,,,,,,,191,,,,,,,,,,,,,9,,,,Y,N1,A2700015,14
2026-07-28 07:50:37,data_go_kr,경상북도,A2700018,경상북도김천의료원,15,20260728075002,054-429-8234,,,,,,,,,,,,,,,,,,,1,,,,,,,2,,,,,,,,,Y,,,,,,Y,N1,,,N1,Y,N1,22,N1,4,N1,Y,,5,N1,17,,1,,,,,,,,,,,,,22,3,,,,5,,,,,1,2,,7,,,,,,,,274,,,,,,,,,,,,,,,,,Y,N1,A2700018,15
2026-07-28 07:50:37,data_go_kr,경상북도,A2700009,의료법인삼백의료재단상주성모병원,7,20260728074949,054-530-7811,,,,,,,,,,,,,,,,,,,,,1,,,,,,,,,,,,,,Y,,,,,,Y,N1,,,N1,Y,N1,24,N1,6,N1,Y,,3,N1,9,,,1,,,,,,,,,,,,10,,,,,3,,,,,1,1,,1,,,,,,,,172,,,,,,,,,,,,,,,,,Y,N1,A2700009,16
2026-07-28 07:50:37,data_go_kr,경상북도,A2700011,상주적십자병원,9,20260728074554,054-530-3171,,Y,,,,,,,,,,,,,,,,,1,,,,,,,,,,,,,,Y,,Y,,,,,,Y,N1,,,Y,Y,N1,58,N1,6,Y,Y,,3,N1,9,,1,,,,,,,,,,,,,10,,,,,3,,,,1,1,1,,7,,2,1,,,,,164,,,,,,,,,,,,,,,,,Y,N1,A2700011,17
2026-07-28 07:50:37,data_go_kr,경상북도,A2700001,경상북도안동의료원,6,20260728075002,054-850-6100,,,,,,,,,,,,,,,,,,,,,2,,,,,,,,,,,,,,Y,,,,,,Y,N1,,,N1,Y,N1,115,N1,2,N1,Y,,5,N1,6,,,2,,,,,,,,,,,,10,,,,,5,,,,,1,1,,8,,,,,,,,238,,,,,,,,,,,,,,,,,Y,N1,A2700001,18
2026-07-28 07:50:37,data_go_kr,경상북도,A2700031,영주기독병원,4,20260728032902,054-635-3050,,Y,,,,,,,,,,,,,,,,,,,1,,,,,,,,,,,,Y,,Y,,,,,,Y,N1,,,N1,Y,N1,11,N1,,Y,N1,,1,N1,4,,,1,,,,,,,,,,,,,,,,,1,,,,1,1,,,1,,2,,,,,,70,,,,,,,,,,,,,,,,,Y,N1,A2700031,19
2026-07-28 07:50:37,data_go_kr,경상북도,A2700020,영주자인병원,4,20260728074944,070-7335-5229,,,,,,,,,,,,,,,,,,,,,1,,,,,,,,,,,,,,Y,,,,,,Y,N1,,,N1,Y,N1,21,N1,,N1,Y,,,N1,4,,,1,,,,,,,,,,,,,,,,,2,,,,,1,1,,,,,,,,,,133,,,,,,,,,,,,,,,,,N1,N1,A2700020,20
2026-07-28 07:50:37,data_go_kr,경상북도,A2702752,영주적십자병원,10,20260728074808,054-630-0112,,,,,,,,,,,,,,,,,,,1,,,,,,,,,,,,,,,,Y,,,,,,Y,N1,,,Y,Y,N1,67,N1,3,N1,Y,,3,N1,10,,1,,,,,,,,,,,,,10,,,,,3,,,,,1,1,,4,,,1,,,,,140,,,,,,,,,,,,,,,,,Y,N1,A2702752,21
2026-07-28 07:50:37,data_go_kr,경상북도,A2700017,영남대학교의과대학부속영천병원,6,20260728074755,054-330-7575,,,,,,,,,,,,,,,,,,,1,,2,,,,,,,,,,,,,,Y,,,,,,Y,N1,,,N1,Y,N1,48,N1,3,N1,Y,,4,N1,10,,1,2,,,,,,,,,,,,10,,,,,4,,,,,1,1,,1,,,,,,,,190,,,,,,,,,,,,,,,,,Y,N1,A2700017,22
2026-07-28 07:50:37,data_go_kr,경상북도,A2700023,의료법인서준의료재단예천권병원,6,20260728074538,054-650-2119,,Y,,,,,,,,,,,,,,,,,1,,0,,,,,,,,,,,0,Y,,Y,,,,,,Y,N1,,,N1,Y,N1,76,N1,,Y,Y,,2,N1,6,,1,0,,,,,,,,,,,,,,,,,2,,,0,1,1,1,,3,,2,,,,,,173,,,,,,,,,,,,,,,,,Y,N1,A2700023,23
2026-07-28 07:50:37,data_go_kr,경상북도,E2700553,울릉군보건의료원,2,20260728075001,054-790-6911,,,,,,,,,,,,,,,,,,,,,,,,,,,,,,,,,,,Y,,,,,,Y,N1,,,N1,Y,N1,24,N1,,N1,N1,,1,N1,5,,,,,,,,,,,,,,,,,,,,1,,,,,1,,,1,,,,,,,,27,,,,,,,,,,,,,,,,,Y,N1,E2700553,24
2026-07-28 07:50:37,data_go_kr,경상북도,A2700052,울진군의료원,8,20260728074601,054-785-7119,,,,,,,,,,,,,,,,,,,2,,,,,,,,,,,,,2,,,Y,,,,,,Y,N1,,,N1,Y,N1,35,N1,,N1,Y,,3,N1,8,,2,,,,,,,,,,,,,,,,,,3,,,2,,1,1,,1,,,,,,,,97,,,,,,,,,,,,,,,,,Y,N1,A2700052,25
2026-07-28 07:50:37,data_go_kr,경상북도,A2700063,의료법인영제의료재단영남제일병원,4,20260728072732,054-861-9111,,,,,,,,,,,,,,,,,,,,,1,,,,,,,,,,,,,,Y,,,,,,Y,N1,,,N1,Y,N1,27,N1,,N1,N1,,1,N1,,,,,,,,,,,,,,,,,,,,,,,,,,,,,,,,,,,,,,,,,,,,,,,,,,,,,,Y,N1,A2700063,26
2026-07-28 07:50:37,data_go_kr,경상북도,A2700038,의료법인대남의료재단청도대남병원,9,20260728074848,054-370-5112,,,,,,,,,,,,,,,,,,,,,,,,,,,,,,,,,,,Y,,,,,,Y,N1,,,N1,Y,N1,85,N1,,N1,Y,,1,N1,10,,,,,,,,,,,,,,,,,,,,1,,,,,1,1,,1,,,,,,,,115,,,,,,,,,,,,,,,,,Y,N1,A2700038,27
2026-07-28 07:50:37,data_go_kr,경상북도,E2700554,청송군보건의료원,5,20260728075000,054-870-7119,,,,,,,,,,,,,,,,,,,,,1,,,,,,,,,,,,,,,,,,,,Y,N1,,,N1,N1,N1,55,N1,,N1,N1,,,N1,5,,,1,,,,,,,,,,,,,,,,,,,,,,,,,1,,,,,,,,45,,,,,,,,,,,,,,,,,Y,N1,E2700554,28
2026-07-28 07:50:37,data_go_kr,경상북도,A2700008,에스포항병원,6,20260728075004,054-289-9120,Y,,,,,,,,,,,,,,,,,,,,1,,,,,0,,,,,,,,,Y,,,,Y,,Y,Y,,,Y,Y,N1,4,N1,0,N1,Y,,4,N1,6,,,1,,,,,,,,,,,,14,1,,,,4,,,,,2,2,3,9,9,,1,,,,,239,,,,,,,,,,,,,,,,,Y,Y,A2700008,29
2026-07-28 07:50:37,data_go_kr,경상북도,A2702563,의료법인은성의료재단좋은선린병원,9,20260728075025,054-245-5200,,,,,,,,,,,,,,,,2,,,,,2,,,,,1,,,,,,,,,Y,,,,N,,Y,N,,,N1,Y,N1,77,N1,0,N1,Y,,4,N,10,,,2,,,,,,,,,,,,17,1,,,,4,,,,,1,1,2,7,,,,,,,14,281,,,,,,,,,,,,,2,,,,N,N1,A2702563,30
2026-07-28 07:50:37,data_go_kr,경상북도,A2700005,경상북도포항의료원,7,20260728075002,054-245-0129,,,,,,,,,,,,,,,,,,,1,,1,,,,,1,,,,,9,6,,,Y,,,,,,Y,N1,,,N1,Y,N1,34,N1,5,N1,Y,,3,N1,8,,1,1,,,,,,,,,,,,19,1,,,,3,,56,7,,1,1,,4,,,,,,,,179,,,,,,,,,,,,,,,,,Y,N1,A2700005,31
2026-07-28 07:50:37,data_go_kr,경상남도,A2800011,양산부산대학교병원,12,20260728074827,055-360-1463,Y,Y,2,1,1,1,0,0,,5,,0,0,,4,,,6,,5,1,0,6,2,,0,3,2,,,4,4,Y,,Y,3,,,Y,,Y,Y,,4,Y,Y,Y,194,Y,,Y,Y,18,1,N1,23,8,,1,16,16,11,38,11,2,,9,,,10,,0,30,6,,25,,33,4,4,6,5,6,92,24,23,19,12,2,,,766,2,3,1,1,2,2,,,0,0,,4,,,,,Y,Y,A2800011,1
2026-07-28 07:50:37,data_go_kr,경상남도,A2800001,경상국립대학교병원,15,20260728074802,055-750-8282,Y,Y,,,,,,3,,1,,,,,,,,3,2,5,2,2,,,3,1,2,,24,2,7,5,Y,,Y,,2,6,Y,14,Y,Y,,,Y,Y,Y,178,Y,,Y,Y,2,15,N1,28,3,2,3,14,8,9,15,,,,,20,6,,,3,30,,40,15,2,23,7,7,3,3,5,16,9,20,5,4,17,,,655,,,,,,6,,,,,,,,,2,6,Y,Y,A2800001,2
2026-07-28 07:50:37,data_go_kr,경상남도,A2800020,학교법인성균관대학삼성창원병원,18,20260728075030,055-233-8899,Y,Y,,,,,,0,,3,,,,,,,,8,2,6,2,6,,,,1,16,,,,,3,Y,,Y,,,,Y,,Y,Y,,,Y,Y,Y,166,Y,,Y,Y,19,16,N1,27,8,2,3,19,15,20,24,,,,,,,,,3,30,,,16,,,5,7,4,3,4,45,8,20,5,3,3,,,645,,,,,,1,,,,,,,,,,,Y,Y,A2800020,3
2026-07-28 07:50:37,data_go_kr,경상남도,A2800010,의료법인환명의료재단 조은금강병원,17,20260728074614,055-330-0200,,,,,,,,,,,,,,,,,,,1,,2,,,,,1,,,,,4,,,,Y,,,,Y,,Y,Y,,,N1,Y,N1,46,N1,15,N1,Y,,4,Y,17,,1,2,,,,,,,,,,,,23,1,,,,4,,96,,,1,2,1,7,,,,,,,2,305,,,,,,,,,,,,,,,,,Y,N1,A2800010,4
2026-07-28 07:50:37,data_go_kr,경상남도,A2800006,의료법인숭인의료재단 김해복음병원,14,20260728074811,055-330-8844,,,,,,,,,,,,,,,,,,,1,,3,,,,,1,,,,,,,,,Y,,,,Y,,Y,Y,,,Y,Y,N1,7,N1,0,N1,Y,,5,N1,16,,1,3,,,,,,,,,,,,18,1,,,,5,,,,,2,3,1,3,,,3,,,,,359,,,,,,,,,,,,,,,,,Y,N1,A2800006,5
2026-07-28 07:50:37,data_go_kr,경상남도,A2800043,한일병원,17,20260728074611,055-750-1333,,,,,,,,,,,,,,,,,,,1,,2,0,,,,0,0,,,,,,,,Y,,,,Y,,Y,Y,,,Y,Y,N1,8,N1,5,N1,Y,,4,Y,17,,1,2,2,,,,,,,,,,,13,1,3,,,4,,,,,2,2,1,6,,,1,,,,1,282,,,,,,,,,,,,,,,,,Y,N1,A2800043,6
2026-07-28 07:50:37,data_go_kr,경상남도,A2800003,제일병원,11,20260728074920,055-750-7119,,,,,,,,,,,,,,,,,,,1,,2,,,,,,,,,,,,,Y,Y,,,,Y,,Y,Y,,,N1,Y,N1,45,N1,8,N1,Y,,4,Y,17,,1,2,,,,,,,,,,,,9,,,,,7,,,,,2,2,1,4,,,,,,1,1,258,,,,,,,,,,,,,,,,,Y,N1,A2800003,7
2026-07-28 07:50:37,data_go_kr,경상남도,A2800017,의료법인합포의료재단에스엠지연세병원,14,20260728075009,055-240-7777,,,,,,,,,,,,,,,,,,,1,,2,,,,,1,,,,,,,,,Y,,,,Y,,Y,Y,,,Y,Y,N1,35,N1,7,N1,Y,,4,N1,17,,1,2,,,,,,,,,,,,12,1,,,,4,,,,,1,2,1,7,,,1,,,,,286,,,,,,,,,,,,,,,,,Y,N1,A2800017,8
2026-07-28 07:50:37,data_go_kr,경상남도,A2803505,창원경상국립대학교병원,13,20260728074801,055-214-1339,Y,Y,,,,,,,,,,,,5,0,,,,1,,2,,,,,2,,,,,8,6,Y,,Y,,,,Y,,Y,Y,,,Y,Y,Y,196,Y,17,Y,Y,9,13,N1,18,,1,2,,,,17,,,,,,,,34,2,,,,13,,22,6,9,3,2,5,52,9,22,6,7,14,,,437,,,,,,,,,,,5,0,,,,,Y,Y,A2803505,9
2026-07-28 07:50:37,data_go_kr,경상남도,A2800007,창원한마음병원,10,20260728074811,055-225-0350,Y,Y,,,,,,,,0,,,,,,,,,1,1,0,,,,,1,,,,,,0,Y,,Y,,,,Y,,Y,Y,,,Y,Y,Y,39,Y,,Y,Y,10,13,Y,21,,1,3,,25,37,10,,,,,,,,,1,,,,13,,,6,2,4,4,4,29,3,11,6,1,2,,2,688,,,,,,,,,,,,,,,,,Y,Y,A2800007,10
2026-07-28 07:50:37,data_go_kr,경상남도,A2800004,창원파티마병원,8,20260728074606,055-270-1119,Y,Y,,,,,,,,2,,,,,,,,,1,2,2,0,,,,0,2,,,,,2,Y,Y,Y,,,,Y,,Y,Y,,,Y,Y,N1,83,Y,,Y,Y,2,7,N1,17,,1,2,2,12,13,2,,,,,,,,,2,3,,,7,,,6,2,4,3,3,16,3,6,3,,4,1,,444,,,,,,,,,,,,,,,,,Y,Y,A2800004,11
2026-07-28 07:50:37,data_go_kr,경상남도,A2800008,의료법인 거붕 백병원,8,20260728075016,055-733-0180,,,,,,,,,,,,,,,,,,,,,1,,,,,,,,,,,,,,Y,,,,,,Y,N1,,,N1,Y,N1,26,N1,11,N1,Y,,4,N1,9,,,1,,,,,,,,,,,,20,,,,,4,,,,,2,2,,12,,,,,,,,365,,,,,,,,,,,,,,,,,Y,N1,A2800008,12
2026-07-28 07:50:37,data_go_kr,경상남도,A2800005,의료법인 대우의료재단대우병원,8,20260728075009,055-680-8119,,,,,,,,,,,,,,,,,,,,,0,,,,,,,,,,,,,,Y,,,,,,Y,N1,,,N1,Y,N1,37,N1,3,N1,Y,,4,N1,9,,,1,,,,,,,,,,,,10,,,,,4,,,,,2,1,,5,,,,,,,,231,,,,,,,,,,,,,,,,,Y,N1,A2800005,13
2026-07-28 07:50:37,data_go_kr,경상남도,A2800022,의료법인 성념의료재단맑은샘병원,9,20260728074455,055-736-0119,,,,,,,,,,,,,,,,,,,,,1,,,,,,,,,,,,,,Y,,,,,,Y,N1,,,N1,Y,N1,2,N1,,N1,Y,,2,N1,9,,,1,,,,,,,,,,,,,,,,,2,,,,,1,1,,4,,,,,,,,200,,,,,,,,,,,,,,,,,Y,N1,A2800022,14
2026-07-28 07:50:37,data_go_kr,경상남도,A2800076,거창적십자병원,9,20260728074923,055-949-3359,,Y,,,,,,,,,,,,,,,,,,,1,,,,,,,,,,,,Y,,Y,,,,,,Y,N1,,,N1,Y,N1,26,N1,,Y,Y,,2,N1,9,,,1,,,,,,,,,,,,,,,,,2,,,,1,1,1,,2,,2,,,,,,91,,,,,,,,,,,,,,,,,Y,N1,A2800076,15
2026-07-28 07:50:37,data_go_kr,경상남도,A2800032,강병원,8,20260728074327,055-673-4848,,,,,,,,,,,,,,,,,,,,,1,,,,,,,,,,,,,,Y,,,,,,Y,N1,,,N1,Y,N1,15,N1,,N1,Y,,1,N1,9,,,1,,,,,,,,,,,,,,,,,1,,,,,1,1,,1,,,,,,,,99,,,,,,,,,,,,,,,,,Y,N1,A2800032,16
2026-07-28 07:50:37,data_go_kr,경상남도,A2803677,강일병원,7,20260728074543,055-822-0119,,,,,,,,,,,,,,,,,,,1,,2,,,,,,,,,,,,,,Y,,,,Y,,Y,Y,,,N1,Y,N1,112,N1,13,N1,Y,,5,N1,8,,1,2,,,,,,,,,,,,15,,,,,5,,,,,1,2,1,1,,,,,,,,275,,,,,,,,,,,,,,,,,Y,N1,A2803677,17
2026-07-28 07:50:37,data_go_kr,경상남도,A2800014,의료법인갑을의료재단 갑을장유병원,9,20260728075019,055-310-6119,,,,,,,,,,,,,,,,,,,1,,,,,,,,,,,,,,,,Y,,,,,,Y,N1,,,N1,Y,N1,46,N1,,N1,Y,,4,N1,9,,1,,,,,,,,,,,,,,,,,,4,,,,,1,1,,1,,,,,,,,210,,,,,,,,,,,,,,,,,Y,N1,A2800014,18
2026-07-28 07:50:37,data_go_kr,경상남도,A2800094,의료법인 이도의료재단 남해병원,5,20260728073645,055-860-6630,N,N,,,,,,,,,,,,,,,,,1,,1,,,,,,,,,,,,N,N,Y,,,,N,,Y,N,,,N,Y,N,76,N,,N,Y,,2,N,,,,,,,,,,,,,,,,,,,,,,,,,,,,,,,,,,,,,,,,,,,,,,,,,,,,,,N,N,A2800094,19
2026-07-28 07:50:37,data_go_kr,경상남도,A2800113,밀양병원,8,20260728074241,055-356-9119,,,,,,,,,,,,,,,,,,,,,1,,,,,,,,,,,,,,Y,,,,,,Y,N1,,,N1,Y,N1,29,N1,,N1,Y,,0,N1,8,,,1,,,,,,,,,,,,,,,,,0,,,,,1,1,,1,,,,,,,,200,,,,,,,,,,,,,,,,,Y,N1,A2800113,20
2026-07-28 07:50:37,data_go_kr,경상남도,A2800068,의료법인승연의료재단 삼천포서울병원,7,20260728074919,055-830-9019,,,,,,,,,,,,,,,,,,,,,1,,,,,,,,,,,,,,Y,,,,Y,,Y,Y,,,N1,Y,N1,23,N1,,N1,Y,,3,Y,9,,,1,,,,,,,,,,,,,,,,,3,,,,,1,2,1,4,,,,,,,1,287,,,,,,,,,,,,,,,,,Y,N1,A2800068,21
2026-07-28 07:50:37,data_go_kr,경상남도,A2800101,삼천포제일병원,8,20260728074612,055-830-3099,,,,,,,,,,,,,,,,,,,,,2,,,,,,,,,,,,,,Y,,,,,,Y,N1,,,N1,Y,N1,58,N1,,N1,Y,,2,N,8,,,2,,,,,,,,,,,,,,,,,2,,,,,1,1,,1,,,,,,,1,214,,,,,,,,,,,,,,,,,Y,N1,A2800101,22
2026-07-28 07:50:37,data_go_kr,경상남도,E2800380,산청군보건의료원,5,20260728075001,055-970-7582,,,,,,,,,,,,,,,,,,,,,1,,,,,,,,,,,,,,,,,,,,Y,N1,,,N1,N1,N1,20,N1,,N1,N1,,,N1,5,,,1,,,,,,,,,,,,,,,,,,,,,,,,,1,,,,,,,,20,,,,,,,,,,,,,,,,,Y,N1,E2800380,23
2026-07-28 07:50:37,data_go_kr,경상남도,A2804593,양산성모병원,11,20260728075016,055-912-9785,,,,,,,,,,,,,,,,,,,1,,,,,,,,,,,,,,,,Y,,,,,,Y,N1,,,N1,Y,N1,130,N1,4,N1,Y,,4,N1,13,,1,,,,,,,,,,,,,6,,,,,4,,,,,1,2,,1,,,,,,,,214,,,,,,,,,,,,,,,,,Y,N1,A2804593,24
2026-07-28 07:50:37,data_go_kr,경상남도,A2800019,베데스다복음병원,8,20260728075032,055-781-9911,,,,,,,,,,,,,,,,,,,,,1,,,,,,,,,,,,,,Y,,,,,,Y,N1,,,N1,Y,N1,43,N1,,N1,Y,,3,N1,9,,,1,,,,,,,,,,,,,,,,,3,,,,,1,1,,1,,,,,,,,133,,,,,,,,,,,,,,,,,Y,N1,A2800019,25
2026-07-28 07:50:37,data_go_kr,경상남도,A2800090,의령병원,1,20260728075022,055-573-6806,,,,,,,,,,,,,,,,,,,,,1,,,,,,,,,,,,,,Y,,,,,,Y,N1,,,N1,Y,N1,34,N1,,N1,N1,,,N1,4,,,1,,,,,,,,,,,,,,,,,,,,,,1,,,1,,,,,,,,58,,,,,,,,,,,,,,,,,Y,N1,A2800090,26
2026-07-28 07:50:37,data_go_kr,경상남도,A2800084,반도병원,7,20260728075002,055-749-0200,,,,,,,,,,,,,,,,,,,,,1,,,,,,,,,,,,,,Y,,,,,,Y,N1,,,N1,Y,N1,69,N1,,N1,Y,,3,N1,7,,,1,,,,,,,,,,,,,,,,,3,,,,,1,1,,3,,,,,,,,165,,,,,,,,,,,,,,,,,Y,N1,A2800084,27
2026-07-28 07:50:37,data_go_kr,경상남도,A2800015,의료법인 문병욱의료재단 진주고려병원,10,20260728074845,055-751-2525,,,,,,,,,,,,,,,,,,,,,1,,,,,,,,,,,,,,Y,,,,Y,,Y,Y,,,N1,Y,N1,51,N1,4,N1,Y,,4,Y,10,,,1,,,,,,,,,,,,9,,,,,4,,,,,2,2,1,4,,,,,,,1,229,,,,,,,,,,,,,,,,,Y,N1,A2800015,28
2026-07-28 07:50:37,data_go_kr,경상남도,A2800037,진주복음병원,8,20260728074955,055-749-7119,,,,,,,,,,,,,,,,,,,,,1,,,,,,,,,,,,,,Y,,,,,,Y,N1,,,N1,Y,N1,40,N1,,N1,N,,3,N1,9,,,1,,,,,,,,,,,,,,,,,3,,,,,1,1,,1,,,,,,,,131,,,,,,,,,,,,,,,,,N,N1,A2800037,29
2026-07-28 07:50:37,data_go_kr,경상남도,A2800062,태황의료재단한성병원,8,20260728074932,055-530-5119,,,,,,,,,,,,,,,,,,,,,1,,,,,,,,,,,,,,,,,,,,Y,N1,,,N1,N1,N1,44,N1,,N1,N1,,,N1,9,,,1,,,,,,,,,,,,,,,,,,,,,,,,,,,,,,,,,167,,,,,,,,,,,,,,,,,N1,N1,A2800062,30
2026-07-28 07:50:37,data_go_kr,경상남도,A2800025,경상남도마산의료원,13,20260728075002,055-249-1119,,,,,,,,,,,,,,,,,,,1,,1,,,,,2,,,,,,18,,,Y,,,,,,Y,N1,,,Y,Y,N1,59,N1,4,N1,Y,,5,N1,13,,1,1,,,,,,,,,,,,6,2,,,,5,,,27,,1,1,,17,,,2,,,,,263,,,,,,,,,,,,,,,,,Y,N1,A2800025,31
2026-07-28 07:50:37,data_go_kr,경상남도,A2800009,의료법인청아의료재단청아병원,7,20260728074744,055-230-1700,,,,,,,,,,,,,,,,,,,,,1,,,,,,,,,,,,,,Y,,,,,,Y,N1,,,N1,Y,N1,64,N1,,N1,Y,,4,N1,9,,,1,,,,,,,,,,,,,,,,,4,,,,,2,2,,4,,,,,,,,274,,,,,,,,,,,,,,,,,Y,N1,A2800009,32
2026-07-28 07:50:37,data_go_kr,경상남도,A2800021,연세에스병원,9,20260728074636,055-548-7789,,,,,,,,,,,,,,,,,,,,,1,,,,,,,,,,,,,,Y,,,,Y,,Y,Y,,,N1,Y,N1,116,N1,9,N1,Y,,2,N1,9,,,1,,,,,,,,,,,,10,,,,,3,,,,,2,2,1,5,,,,,,,,255,,,,,,,,,,,,,,,,,Y,N1,A2800021,33
2026-07-28 07:50:37,data_go_kr,경상남도,A2800092,새통영병원,4,20260728075000,055-640-4119,,,,,,,,,,,,,,,,,,,,,1,,,,,,,,,,,,,,Y,,,,,,Y,N1,,,N1,Y,N1,61,N1,,N1,Y,,3,N1,9,,,1,,,,,,,,,,,,,,,,,3,,,,,1,2,,3,,,,,,,,256,,,,,,,,,,,,,,,,,Y,N1,A2800092,34
2026-07-28 07:50:37,data_go_kr,경상남도,A2800080,함양성심병원,3,20260728074807,055-964-4322,,,,,,,,,,,,,,,,,,,,,1,,,,,,,,,,,,,,Y,,,,,,Y,N1,,,N1,Y,N1,7,N1,,N1,Y,,2,N1,4,,,1,,,,,,,,,,,,,,,,,2,,,,,1,1,,1,,,,,,,,121,,,,,,,,,,,,,,,,,Y,N1,A2800080,35
2026-07-28 07:50:37,data_go_kr,경상남도,A2800055,삼성합천병원,3,20260728075001,070-5125-5030,,,,,,,,,,,,,,,,,,,,,1,,,,,,,,,,,,,,Y,,,,,,Y,N1,,,N1,Y,N1,15,N1,,N1,Y,,2,N1,4,,,1,,,,,,,,,,,,,,,,,2,,,,,1,1,,1,,,,,,,,141,,,,,,,,,,,,,,,,,Y,N1,A2800055,36
2026-07-28 07:50:37,data_go_kr,제주특별자치도,A2900001,제주한라병원,10,20260728075058,064-740-5159,Y,Y,,,,,0,0,,,4,,,,,,,3,2,,3,6,,,,,18,,6,2,,,Y,,Y,,2,6,Y,10,Y,Y,,,Y,Y,Y,108,Y,7,Y,Y,3,6,N1,15,3,2,3,14,,,7,,,,,20,,,15,,30,,40,6,2,,,2,3,2,3,46,3,8,9,4,2,,,414,,,,,4,2,,4,,,,,,,2,6,Y,Y,A2900001,1
2026-07-28 07:50:37,data_go_kr,제주특별자치도,A2900002,제주특별자치도서귀포의료원,14,20260728075001,064-730-3001,,Y,,,,,,,,,,,,,,,,4,1,,4,2,,,,3,3,,,,2,,Y,,Y,,,,Y,,Y,Y,,,Y,Y,N1,146,N1,10,Y,Y,,4,Y,16,4,1,4,2,,,,,,,,,,,17,3,3,,,4,,26,,1,2,1,1,16,,4,3,,,,1,326,,,,,,,,,,,,,,,,,Y,N1,A2900002,2
2026-07-28 07:50:37,data_go_kr,제주특별자치도,A2900007,제주대학교병원,3,20260728075000,,Y,Y,,,,,,,,0,,,,,,,,,1,4,2,,3,,2,,,,,,3,5,Y,,Y,,,,Y,,Y,Y,,,Y,Y,Y,110,Y,,Y,Y,11,12,N1,20,,1,5,,12,12,16,3,,,,,6,,,,,,,12,,20,9,3,2,2,4,45,8,17,10,5,3,,,458,,,,,,,,,,,,,,,,,Y,Y,A2900007,3
2026-07-28 07:50:37,data_go_kr,제주특별자치도,A2900005,한마음병원,12,20260728075035,064-750-9119,,,,,,,,,,,,,,,,,,,1,,2,,,,,,1,,,,,,,,Y,,,,Y,,Y,Y,,,Y,Y,N1,52,N1,3,N1,Y,,4,N1,17,,1,2,,,,,,,,,,,,12,,1,,,4,,,,,1,1,1,6,,,2,,,,,215,,,,,,,,,,,,,,,,,Y,N1,A2900005,4
2026-07-28 07:50:37,data_go_kr,제주특별자치도,A2900006,의료법인중앙의료재단중앙병원,12,20260728075027,064-786-7777,,,,,,,,,,,,,,,,,,1,1,,2,,,,,,,,,,,,,,Y,,,,Y,,Y,Y,,,Y,Y,Y,97,N1,5,N1,Y,,3,N1,16,1,1,2,,,,,,,,,,,,16,,,,,3,,,,,1,1,2,10,,,2,1,,,,281,,,,,,,,,,,,,,,,,Y,N1,A2900006,5
2026-07-28 07:50:37,data_go_kr,제주특별자치도,A2900003,의료법인 혜인의료재단 한국병원,3,20260728074906,064-750-0160,,,,,,,,,,,,,,,,,,,,,1,,,,,,,,,,,,,,Y,,,,,,Y,N1,,,N1,Y,N1,25,N1,4,N1,Y,,3,N1,9,,,1,,,,,,,,,,,,10,,,,,3,,,,,1,1,,6,,,,,,,,209,,,,,,,,,,,,,,,,,Y,N1,A2900003,6
2026-07-28 08:54:00,data_go_kr,서울특별시,A1100043,강동경희대학교병원,8,20260728085020,02-440-7000,Y,Y,,,,,1,,,,,,,,,1,,3,2,,2,1,,,,,5,,,,,0,Y,N,Y,,,,Y,,Y,Y,,,Y,Y,Y,90,Y,1,Y,Y,2,5,N,15,3,2,3,19,,,17,,,,,,,,27,,30,,,17,,,1,8,2,2,3,32,9,13,4,1,1,0,0,625,,,,,3,,,,,,,,2,,,,Y,Y,A1100043,1
2026-07-28 08:54:00,data_go_kr,서울특별시,A1100014,고려대학교의과대학부속구로병원,4,20260728084824,02-2626-1550,Y,Y,4,,,,,,,1,,,,,,,,3,,2,,3,,,,3,1,,,,4,0,Y,,Y,,,,Y,,Y,Y,,,Y,Y,Y,38,Y,11,Y,Y,-2,4,N1,29,3,,,20,20,10,23,,,,,,,,35,10,30,,,24,,18,4,2,6,6,4,98,11,35,15,10,3,,,778,5,,,,,,,,,,,,,,,,Y,Y,A1100014,2
2026-07-28 08:54:00,data_go_kr,서울특별시,A1100013,한양대학교병원,14,20260728084800,02-2290-8284,Y,Y,4,4,,,1,0,,1,,,,,,,,3,,2,,0,,,,2,8,,,,1,0,Y,,Y,,,,Y,,Y,Y,,,Y,Y,Y,148,Y,0,Y,Y,2,7,Y,20,3,,,22,12,13,25,,,,,,,,0,2,30,,,16,,16,2,1,3,2,3,69,10,20,11,4,3,,1,670,4,8,,,2,5,,,,,,,,,,,Y,Y,A1100013,3
2026-07-28 08:54:00,data_go_kr,서울특별시,A1100008,학교법인고려중앙학원고려대학교의과대학부속병원(안암병원),17,20260728084939,02-920-5374,Y,Y,2,6,,,0,,,0,,,,,,,,4,,2,,0,,,0,1,0,,,,2,1,Y,,Y,,,,Y,,Y,Y,,,Y,Y,Y,29,Y,,Y,Y,-2,4,N1,30,4,,,15,16,19,17,,,,,,9,,,6,31,,,25,,10,3,4,7,6,8,84,14,20,11,8,7,,,777,2,7,,,6,,,,,,,,,,,,Y,Y,A1100008,4
2026-07-28 08:54:00,data_go_kr,서울특별시,A1100005,이화여자대학교의과대학부속목동병원,15,20260728084550,02-2650-5911,Y,Y,,,,,0,0,,1,,,,,,,,8,2,4,4,3,,,,0,5,,,,4,3,Y,,Y,2,,,Y,,Y,Y,,,Y,Y,Y,50,Y,,Y,Y,14,3,N1,19,8,2,4,19,10,13,28,,,,14,,,,,4,32,,,13,,10,9,2,4,4,4,58,10,34,9,3,5,,,526,,,,,1,1,,,,,,,,,,,Y,Y,A1100005,5
2026-07-28 08:54:00,data_go_kr,서울특별시,A1100017,서울대학교병원,-1,20260728085026,02-2072-2475,Y,Y,,,1,1,2,0,,0,,0,0,,1,,,9,2,7,3,7,3,0,5,3,11,4,,,4,4,Y,Y,Y,3,,,Y,,Y,Y,4,0,Y,Y,Y,114,Y,,Y,Y,3,12,N1,24,10,2,4,17,10,18,40,22,2,10,5,,8,10,,28,30,6,,53,,41,7,4,13,13,14,160,19,46,22,9,3,1,,1365,,,1,1,2,1,,,0,0,,8,,,,,Y,Y,A1100017,6
2026-07-28 08:54:00,data_go_kr,서울특별시,A1100035,서울특별시서울의료원,7,20260728085000,02-2276-7000,Y,Y,,,,,1,1,0,0,,,,,,,,2,2,,3,4,,,,,4,,,,11,2,Y,Y,Y,1,,,Y,,Y,Y,,,Y,Y,Y,86,Y,1,Y,Y,2,7,Y,19,3,2,3,14,7,,3,,,,6,,,,5,,28,,,10,,30,3,4,5,3,5,65,5,12,7,2,4,1,2,461,,,,,2,4,2,,,,,,,,,,Y,Y,A1100035,7
2026-07-28 08:54:00,data_go_kr,서울특별시,A1100015,연세대학교의과대학강남세브란스병원,9,20260728084856,02-2019-3333,Y,Y,,,,,,,,,,,,,,,,2,1,,2,,,,4,,,,,,,5,Y,,Y,6,,,Y,,Y,Y,,,Y,Y,Y,38,Y,10,Y,Y,0,0,N1,21,2,1,2,,,,28,,,,12,,8,,29,,,,,23,,,5,1,4,3,6,47,10,23,6,3,5,,,691,,,,,,,,,,,,,,,,,Y,Y,A1100015,8
2026-07-28 08:54:00,data_go_kr,서울특별시,A1100010,삼성서울병원,-25,20260728084934,02-3410-2060,Y,Y,,,,,,,,15,,,,,,,,1,2,13,1,,5,,4,2,,,,,5,11,Y,,Y,0,,,Y,,Y,Y,,11,Y,Y,Y,84,Y,14,Y,Y,1,12,N1,52,4,2,2,,30,23,59,15,,,12,,12,36,14,2,,,,53,,27,18,8,19,16,15,117,22,43,21,11,2,,,1528,,,,,,,,,,,,,,,,,Y,Y,A1100010,9
2026-07-28 08:54:00,data_go_kr,서울특별시,A1100028,성심의료재단강동성심병원,13,20260728084834,02-2224-2358,Y,Y,,,,,,,,0,,,,,,,2,,1,,6,,,,,2,,,,,,0,Y,,Y,,,,Y,,Y,Y,,,Y,Y,Y,107,Y,0,Y,Y,2,5,N1,15,,1,6,,18,,3,,,,,,,,19,5,,,,13,,,2,1,4,2,5,35,3,3,8,3,1,,,566,,,,,,,,,,,,,,2,,,Y,Y,A1100028,10
2026-07-28 08:54:00,data_go_kr,서울특별시,A1100053,한국보훈복지의료공단중앙보훈병원,15,20260728084850,02-2225-1100,,,,,,,,,,5,,,,,,,,,1,8,2,0,,,0,1,1,,,,35,0,N,,Y,2,,,Y,,Y,Y,,,Y,Y,Y,141,N1,,N1,Y,,-3,N1,22,,1,2,2,14,14,,,,,13,,10,,,1,3,,,13,,60,7,1,3,4,4,38,,,10,1,,,,820,,,,,,,,,,,,,,,,,Y,N1,A1100053,11
2026-07-28 08:54:00,data_go_kr,서울특별시,A1120796,이화여자대학교의과대학부속서울병원,9,20260728084646,02-6986-5119,Y,Y,,,,,,,,0,,,,,,,,8,2,7,6,,,,0,1,,,,,,3,Y,,Y,5,,,Y,,Y,Y,,3,Y,Y,Y,129,Y,0,Y,Y,0,1,N1,14,9,2,6,,10,17,24,,,,17,,11,19,11,7,,,,19,,,4,2,5,5,8,71,9,22,12,4,5,,,732,,,,,,,,,,,,,,,,,Y,Y,A1120796,12
2026-07-28 08:54:00,data_go_kr,서울특별시,A1100041,의료법인서울효천의료재단에이치플러스양지병원,18,20260728085013,070-4665-9119,,,,,,,,,,,,,,,,,,,1,,2,,,,,0,,,,,,2,,,Y,,,,Y,,Y,Y,,,Y,Y,Y,24,Y,1,N1,Y,,3,N1,18,,1,2,,,,,,,,,,,,20,1,,,,7,,,3,,2,3,3,23,,,4,1,1,,,301,,,,,,,,,,,,,,,,,Y,N1,A1100041,13
2026-07-28 08:54:00,data_go_kr,서울특별시,A1100002,건국대학교병원,16,20260728084744,02-2030-5555,Y,Y,,,,,,,,6,,,,,,,,4,1,10,2,,,,,1,,,,,7,0,Y,,Y,,,,Y,,Y,Y,,,Y,Y,Y,135,Y,,Y,Y,-1,4,N1,20,4,1,2,,24,25,16,,,,,,,,,1,,,,21,,14,3,2,4,4,5,45,7,18,7,3,14,,,678,,,,,,,,,,,,,,,,,Y,Y,A1100002,14
2026-07-28 08:54:00,data_go_kr,서울특별시,A1100016,인제대학교상계백병원,5,20260728084802,02-950-1119,Y,Y,,,,,,,,3,,,,,,,0,,1,4,2,,,,,1,,,,,3,1,Y,,Y,,,,Y,,Y,Y,,,Y,Y,Y,69,Y,,Y,Y,1,3,N1,16,,1,2,,19,18,15,,,,,,,,,4,,,,13,,5,2,2,3,2,3,36,10,25,10,3,1,,,390,,,,,,,,,,,,,,4,,,Y,Y,A1100016,15
2026-07-28 08:54:00,data_go_kr,서울특별시,A1100048,노원을지대학교병원,12,20260728084602,02-970-8282,Y,Y,,,,,,,,3,,,,,,,,,1,6,4,,,,,2,,,,,3,0,Y,,Y,,0,0,Y,,Y,Y,,,Y,Y,Y,167,N1,,Y,Y,1,3,N1,17,,1,4,,16,16,10,,,,,,,,,2,,,,11,,21,1,3,2,2,2,26,8,19,3,1,,,,479,,,,,,,,,,,,,,,0,0,Y,Y,A1100048,16
2026-07-28 08:54:00,data_go_kr,서울특별시,A1100020,의료법인한전의료재단한일병원,17,20260728085005,02-901-3119,N,N,,,,,,,,,,,,,,,,2,2,,1,0,,,,0,2,,,,,1,,Y,Y,,,,Y,,Y,Y,,,Y,Y,N1,62,Y,2,N,Y,,6,Y,21,2,2,2,2,,,,,,,,,,,21,1,3,,,8,,,5,,2,1,1,25,1,4,2,,4,2,2,389,,,,,,,,,,,,,,,,,Y,N,A1100020,17
2026-07-28 08:54:00,data_go_kr,서울특별시,A1100001,경희대학교병원,13,20260728085028,02-958-8114,Y,Y,,,,,,,,,,,,,,,,3,2,,2,,,,,,,,,,10,9,Y,,Y,4,,,Y,,Y,Y,,,Y,Y,Y,115,Y,20,Y,Y,0,2,N1,15,3,2,3,,,,14,,,,15,,,,73,,,,,16,,20,10,3,3,3,5,48,6,12,8,3,2,,,657,,,,,,,,,,,,,,,,,Y,Y,A1100001,18
2026-07-28 08:54:00,data_go_kr,서울특별시,A1100021,삼육서울병원,12,20260728084744,02-2210-3566,,N,,,,,,,,,,,,,,,3,,1,,2,1,,,,1,1,,,,,4,Y,,Y,,,,Y,,Y,Y,,,Y,Y,Y,53,Y,4,N,Y,4,0,Y,13,,1,2,2,,,4,,,,,,,,15,1,3,,,5,,,4,2,1,1,2,20,,4,5,2,1,,1,389,,,,,,,,,,,,,,4,,,Y,N1,A1100021,19
2026-07-28 08:54:00,data_go_kr,서울특별시,A1100040,서울특별시보라매병원,22,20260728085000,02-870-2119,Y,Y,,,,,,,,6,,,,,,,,2,2,10,1,,,,2,2,,,,,1,0,Y,,Y,,,,Y,,Y,Y,,,Y,Y,Y,137,Y,,Y,Y,0,3,N1,31,3,2,1,,15,16,14,,,,,,4,,,4,,,,14,,14,3,4,6,3,5,48,14,13,5,9,2,,,695,,,,,,,,,,,,,,,,,Y,Y,A1100040,20
2026-07-28 08:54:00,data_go_kr,서울특별시,A1100003,중앙대학교병원,9,20260728085010,02-6299-1338,Y,Y,0,0,,,0,,,2,,,,,4,,,2,0,4,0,1,,,,3,,,,,3,1,Y,,Y,,,,Y,,Y,Y,,,Y,Y,Y,118,Y,,Y,Y,0,4,N1,18,4,0,0,12,12,17,25,,,,,,,,,11,,,,16,,24,2,2,4,3,4,51,9,21,13,6,12,,,631,0,0,,,1,,,,,,,4,,,,,Y,Y,A1100003,21
2026-07-28 08:54:00,data_go_kr,서울특별시,A1100007,연세대학교의과대학세브란스병원,7,20260728085005,02-2227-7777,Y,Y,,,1,1,,,,8,,,,,,,,6,1,9,3,,5,1,13,1,,1,,,0,1,Y,Y,Y,0,,,Y,,Y,Y,0,0,Y,Y,Y,141,Y,6,Y,Y,10,10,N1,39,8,1,3,,29,24,52,22,2,10,29,,23,17,18,5,,6,,38,,20,30,8,16,16,17,206,55,61,21,16,21,1,,1872,,,1,1,,,,,,,,,,,,,Y,Y,A1100007,22
2026-07-28 08:54:00,data_go_kr,서울특별시,A1100012,학교법인가톨릭학원가톨릭대학교서울성모병원,-10,20260728085012,02-2258-2370,Y,Y,1,2,1,1,,,,7,,,,,,,,4,,13,,,0,1,2,11,,0,,,14,2,Y,,Y,13,,,Y,,Y,Y,,4,Y,Y,Y,79,Y,0,Y,Y,5,5,N1,28,7,,,,22,22,50,3,2,,19,,10,8,5,18,,6,,32,,35,10,2,9,10,8,80,40,39,11,9,4,,,1059,1,5,1,1,,,,,,,,,,,,,Y,Y,A1100012,23
2026-07-28 08:54:00,data_go_kr,서울특별시,A1100009,재단법인아산사회복지재단서울아산병원,2,20260728084916,02-3010-3333,Y,Y,,,2,0,1,1,,1,,,,,,,,6,1,3,7,1,1,0,4,9,0,0,,,7,3,Y,,Y,3,,,Y,,Y,Y,4,1,Y,Y,Y,130,Y,0,Y,Y,10,4,Y,36,11,1,22,2,24,37,61,26,2,13,12,,12,12,12,47,4,6,,74,,28,8,8,21,15,17,190,33,49,30,14,5,,1,2089,,,2,1,1,6,,,,,,,,,,,Y,Y,A1100009,24
2026-07-28 08:54:00,data_go_kr,서울특별시,A1100011,가톨릭대학교여의도성모병원,13,20260728085013,02-3779-1199,,,,,,,,,,3,,,,,,,,,1,0,4,,,,,1,,,,,,1,Y,,Y,3,,,Y,,Y,Y,,,Y,Y,Y,72,Y,,N1,Y,,7,N1,15,,1,4,,11,9,,,,,9,,,,,1,,,,13,,,1,2,2,2,2,23,,,5,2,2,,,330,,,,,,,,,,,,,,,,,Y,N1,A1100011,25
2026-07-28 08:54:00,data_go_kr,서울특별시,A1100055,한림대학교강남성심병원,15,20260728084711,02-829-5119,Y,Y,,,,,,,,0,,,,,,,,3,1,6,4,,,,1,2,,,,,,,Y,,Y,,,,Y,,Y,Y,,,Y,Y,Y,110,Y,,Y,Y,0,8,N1,20,3,1,4,,21,25,12,,,,,,10,,,7,,,,14,,,,3,3,3,3,54,21,22,13,3,2,,,496,,,,,,,,,,,,,,,,,Y,Y,A1100055,26
2026-07-28 08:54:00,data_go_kr,서울특별시,A1100054,성애의료재단성애병원,14,20260728084759,02-840-7115,Y,Y,,,,,,,,,,,,,,,,,1,,4,,,,,1,,,,,,,Y,,Y,,,,Y,,Y,Y,,,Y,Y,N1,29,N1,0,Y,Y,2,5,N1,15,,1,4,,,,4,,,,,,,,19,1,,,,5,,,,2,2,2,1,8,5,14,2,,,,,252,,,,,,,,,,,,,,,,,Y,Y,A1100054,27
2026-07-28 08:54:00,data_go_kr,서울특별시,A1100004,순천향대학교부속서울병원,13,20260728084827,02-709-9117,Y,Y,,,,,,,,,,,0,,0,,0,4,1,,2,,,,,0,,,,,9,2,Y,,Y,,,,Y,,Y,Y,,,Y,Y,Y,89,Y,2,Y,Y,1,2,N1,20,4,1,2,,,,13,,,,,,,,45,10,,,,14,,21,4,7,3,3,4,51,8,17,14,5,3,,,600,,,,,,,,,,0,,0,,0,,,Y,Y,A1100004,28
2026-07-28 08:54:00,data_go_kr,서울특별시,A1121013,가톨릭대학교은평성모병원,11,20260728085013,02-1811-7755,Y,Y,,,,,,,,1,,,,,,,,7,2,2,2,,,,4,0,,,,,,1,Y,,Y,-1,,,Y,,Y,Y,,,Y,Y,Y,58,Y,,Y,Y,6,3,N1,24,8,2,2,,16,9,19,,,,13,,12,,,4,,,,19,,,5,1,4,3,5,46,19,22,10,5,20,,,651,,,,,,,,,,,,,,,,,Y,Y,A1121013,29
2026-07-28 08:54:00,data_go_kr,서울특별시,A1100006,강북삼성병원,8,20260728085026,02-2001-1000,Y,Y,,,,,,,,,,,,,,,,2,1,1,2,,,,,1,,,,,7,2,Y,,Y,2,,,Y,,Y,Y,,2,Y,Y,Y,33,Y,3,Y,Y,1,3,N1,15,2,1,2,,,4,7,,,,12,,,8,24,5,,,,16,,18,3,1,5,4,6,54,13,14,8,4,3,,,526,,,,,,,,,,,,,,,,,Y,Y,A1100006,30
2026-07-28 08:54:00,data_go_kr,서울특별시,A1100052,국립중앙의료원,15,20260728084904,02-2276-2114,N,Y,,,,,,,,,,312,,,12312,2868,1231,3,2,0,2,118,,,,12312,121,,23075,12312,,12310,Y,,Y,,231,23123,Y,3,Y,Y,,,Y,Y,Y,788,Y,12308,Y,Y,,12312,N1,15,3,2,3,123,,0,,,,,,23,,,12312,12312,123,,23131,12312,12312,,12312,12312,1231,2312,3123,123,12312,23123,1231,123,23123,,,1231,,,,,,,,,312,,,12312,3123,1231,231,23123,Y,N,A1100052,31
2026-07-28 08:54:00,data_go_kr,서울특별시,A1100036,부민병원,8,20260728084634,02-2620-0119,,Y,,,,,,,,,,,,,,,,,1,,,,,,,1,,,,,,0,Y,,Y,,,,Y,,Y,Y,,,Y,Y,Y,52,N1,3,Y,Y,,1,N1,10,,1,,,,,,,,,,,,,14,1,,,,8,,,3,1,3,3,1,22,,1,2,1,,,,282,,,,,,,,,,,,,,,,,Y,N1,A1100036,32
2026-07-28 08:54:00,data_go_kr,서울특별시,A1100051,혜민병원,7,20260728084618,02-2049-9119,,,,,,,,,,,,,,,,,,,1,,,,,,,,,,,,,,,,Y,,,,,,Y,N1,,,Y,Y,N1,33,N1,3,N1,Y,,5,N1,9,,1,,,,,,,,,,,,,19,,,,,5,,,,,2,2,,16,,,2,,,,,205,,,,,,,,,,,,,,,,,Y,N1,A1100051,33
2026-07-28 08:54:00,data_go_kr,서울특별시,A1100026,구로성심병원,8,20260728084933,02-2067-1515,,,,,,,,,,,,,,,,,,,,,1,,,,,,,,,,,,,,Y,,,,,,Y,N1,,,N1,Y,N1,39,N1,3,N1,Y,,3,N1,9,,,1,,,,,,,,,,,,11,,,,,3,,,,,1,1,,5,,,,,,,,191,,,,,,,,,,,,,,,,,Y,N1,A1100026,34
2026-07-28 08:54:00,data_go_kr,서울특별시,A1100049,희명병원,9,20260728085035,02-809-0122,,,,,,,,,,,,,,,,,,,,,1,,,,,,,,,,,,,,Y,,,,,,Y,N1,,,Y,Y,Y,113,N1,2,N1,Y,,4,N1,10,,,1,,,,,,,,,,,,19,,,,,4,,,,,1,1,,9,,,1,1,,,,228,,,,,,,,,,,,,,,,,Y,N1,A1100049,35
2026-07-28 08:54:00,data_go_kr,서울특별시,A1100027,한국원자력의학원원자력병원,8,20260728084607,02-970-2620,,Y,,,,,,,,,,,,,,,1,,1,,1,,,,,1,,,,,,1,Y,,Y,,,,Y,,Y,Y,,,Y,Y,N1,191,N1,6,Y,Y,,1,N1,9,,1,1,,,,,,,,,,,,10,1,,,,10,,,1,1,4,2,1,16,,2,1,,,,,444,,,,,,,,,,,,,,1,,,Y,N1,A1100027,36
2026-07-28 08:54:00,data_go_kr,서울특별시,A1100022,서울특별시동부병원,8,20260728085020,02-920-9119,,Y,,,,,,,,,,,,,,,,,1,,1,,,,,1,,,,,,,Y,,Y,,,,,,Y,N1,,,Y,Y,N1,22,N1,1,Y,Y,,3,N1,8,,1,1,,,,,,,,,,,,8,1,,,,3,,,,1,1,1,,7,,1,1,,,,,195,,,,,,,,,,,,,,,,,Y,N1,A1100022,37
2026-07-28 08:54:00,data_go_kr,서울특별시,A1100050,서울성심병원,15,20260728084944,02-966-1616,,,,,,,,,,,,,,,,,,,1,,2,,,,,,,,,,,,,,Y,,,,,,Y,N1,,,N1,Y,N1,67,N1,7,N1,Y,,6,N1,17,,1,2,,,,,,,,,,,,10,,,,,6,,,,,1,1,,11,,,,,,,,208,,,,,,,,,,,,,,,,,Y,N1,A1100050,38
2026-07-28 08:54:00,data_go_kr,서울특별시,A1100025,의료법인동신의료재단동신병원,7,20260728084840,02-396-9161,N,N,,,,,,,,,,,,,,,,,,,1,,,,,,,,,,,,N,N,Y,,,,N,,Y,N,,,Y,Y,N,46,N,4,N,Y,,3,N,9,,,1,,,,,,,,,,,,9,,,,,3,,,,0,1,1,0,7,0,0,1,0,0,0,0,196,,,,,,,,,,,,,,,,,Y,N,A1100025,39
2026-07-28 08:54:00,data_go_kr,서울특별시,A1122033,기쁨병원,1,20260728084936,02-570-1212,,,,,,,,,,,,,,,,,,,,,1,,,,,,,,,,,,,,Y,,,,Y,,Y,Y,,,N1,Y,N1,47,N1,,N1,Y,,7,N1,4,,,1,,,,,,,,,,,,,,,,,8,,,,,2,2,1,1,,,,,,,,110,,,,,,,,,,,,,,,,,Y,N1,A1122033,40
2026-07-28 08:54:00,data_go_kr,서울특별시,A1100039,경찰병원,3,20260728085002,02-3400-1300,,,,,,,,,,,,,,,,,1,,1,,,,,,,2,,,,,,2,,,Y,,,,,,Y,N1,,,Y,Y,N1,122,N1,14,N1,Y,,7,N1,3,,1,,,,,,,,,,,,,14,2,,,,7,,,2,,2,3,,10,,,2,,,,,187,,,,,,,,,,,,,,1,,,Y,N1,A1100039,41
2026-07-28 08:54:00,data_go_kr,서울특별시,A1100019,홍익병원,7,20260728084832,02-2600-0777,,,,,,,,,,,,,,,,,,,,,1,,,,,0,,,,,,1,,,Y,,,,Y,,Y,Y,,,N,Y,N1,38,N1,7,N1,Y,,4,N1,9,,,1,,,,,,,,,,,,14,1,,,,4,,,1,,4,2,2,7,,,1,,,,,251,,,,,,,,,,,,,,,,,Y,N1,A1100019,42
2026-07-28 08:54:00,data_go_kr,서울특별시,A1100223,서울특별시서남병원,16,20260728085000,02-6300-9129,,,,,,,,,,,,,,,,0,,,1,,2,2,,,,1,0,,,,,4,,,Y,,,,,,Y,N1,,,Y,Y,Y,49,Y,7,N1,Y,,4,N1,17,,1,2,2,,,,,,,,,,,17,1,3,,,4,,,4,,2,1,,16,,,1,1,1,,,275,,,,,,,,,,,,,0,,,,Y,N1,A1100223,43
2026-07-28 08:54:00,data_go_kr,서울특별시,A1100024,명지성모병원,8,20260728085046,02-829-7800,,,,,,,,,,,,,,,,,,,1,,1,,,,,1,,,,,,,,,Y,,,,Y,,Y,Y,,,N1,Y,N1,68,N1,5,N1,Y,,3,N1,8,,1,1,,,,,,,,,,,,12,1,,,,3,,,,,1,3,2,7,,,,,,,,212,,,,,,,,,,,,,,,,,Y,N1,A1100024,44
2026-07-28 08:54:00,data_go_kr,서울특별시,A1100037,대림성모병원,6,20260728084618,02-829-9129,,,,,,,,,,,,,,,,,,,,,2,,,,,,,,,,,,,,Y,,,,,,Y,N1,,,N1,Y,N1,37,N1,,N1,Y,,4,N1,8,,,2,,,,,,,,,,,,,,,,,4,,,,,1,1,,1,,,,,,,,113,,,,,,,,,,,,,,,,,Y,N1,A1100037,45
2026-07-28 08:54:00,data_go_kr,서울특별시,A1100045,씨엠병원,8,20260728084500,070-4698-7811,,,,,,,,,,,,,,,,,,,,,1,,,,,,,,,,,,,,Y,,,,,,Y,N1,,,N1,Y,N1,39,N1,,N1,Y,,3,N1,9,,,1,,,,,,,,,,,,,,,,,5,,,,,2,2,,6,,,,,,,,110,,,,,,,,,,,,,,,,,Y,N1,A1100045,46
2026-07-28 08:54:00,data_go_kr,서울특별시,A1100023,의료법인청구성심병원,6,20260728084859,02-383-0129,,,,,,,,,,,,,,,,,,,,,1,,,,,,,,,,,,,,Y,,,,,,Y,N1,,,N1,Y,N1,8,N1,1,N1,Y,,3,N1,10,,,1,,,,,,,,,,,,6,,,,,3,,,,,1,1,,4,,,,,,,,196,,,,,,,,,,,,,,,,,Y,N1,A1100023,47
2026-07-28 08:54:00,data_go_kr,서울특별시,A1100029,서울적십자병원,9,20260728084846,02-2002-8888,,,,,,,,,,,,,,,,,,,1,,,,,,,,,,,,,,,,Y,,,,,,Y,N1,,,Y,Y,N1,81,N1,8,N1,Y,,4,N1,10,,1,,,,,,,,,,,,,12,,,,,6,,,,,1,1,,11,,,2,,,,,260,,,,,,,,,,,,,,,,,Y,N1,A1100029,48
2026-07-28 08:54:00,data_go_kr,서울특별시,A1100032,세란병원,8,20260728084946,02-737-0181,,,,,,,,,,,,,,,,,,,,,1,,,,,,,,,,,,,,Y,,,,,,Y,N1,,,N1,Y,N1,28,N1,,N1,Y,,9,N1,10,,,1,,,,,,,,,,,,,,,,,13,,,,,3,5,,3,,,,,,,,205,,,,,,,,,,,,,,,,,Y,N1,A1100032,49
2026-07-28 08:54:00,data_go_kr,서울특별시,A1100075,의료법인풍산의료재단동부제일병원,7,20260728084530,02-490-8880,,,,,,,,,,,,,,,,,,,,,1,,,,,,,,,,,,,,Y,,,,,,Y,N1,,,N1,Y,N1,38,N1,,N1,Y,,1,N1,7,,,1,,,,,,,,,,,,,,,,,2,,,,,1,1,,3,,,,,,,,124,,,,,,,,,,,,,,,,,Y,N1,A1100075,50
2026-07-28 08:54:00,data_go_kr,서울특별시,A1100044,녹색병원,3,20260728085008,02-490-2113,,,,,,,,,,,,,,,,,,,1,,4,,,,,2,,,,,,0,N,,Y,,,,,,Y,N1,,,Y,Y,N1,76,N1,7,N1,Y,,3,N1,5,,1,4,,,,,,,,,,,,17,3,,,,3,,,3,1,2,1,,22,,,1,,,,,293,,,,,,,,,,,,,,,,,Y,N1,A1100044,51
2026-07-28 08:54:00,data_go_kr,부산광역시,A1200003,동아대학교병원,18,20260728084710,051-240-5300,Y,Y,2,6,,,,1,1,,,,,,,,,3,,,,10,,,2,5,8,,,,6,1,Y,,Y,-1,,,Y,,Y,Y,4,5,Y,Y,Y,81,Y,6,Y,Y,6,4,N1,26,3,,,16,,,20,,,8,13,,11,7,18,6,30,,,18,,18,3,4,5,3,4,76,11,30,16,4,4,,,738,2,6,,,,4,1,,,,,,,,,,Y,Y,A1200003,1
2026-07-28 08:54:00,data_go_kr,부산광역시,A1200022,인제대학교 해운대백병원,23,20260728084518,051-797-0135,Y,Y,,,,,3,2,,8,,,,,,,,2,2,8,3,7,,,,1,5,,,,,1,Y,Y,Y,,,,Y,,Y,Y,,,Y,Y,Y,30,Y,,Y,Y,0,8,N1,29,3,2,3,12,28,27,23,,,,,,,,,2,30,,,22,,,7,2,5,3,4,72,8,40,17,9,11,1,,710,,,,,5,3,,,,,,,,,,,Y,Y,A1200022,2
2026-07-28 08:54:00,data_go_kr,부산광역시,A1200018,대동병원,13,20260728084757,051-550-9391,,,,,,,,,,,,,,,,,,3,1,,2,,,,,0,,,,,,1,,,Y,,,,Y,,Y,Y,,,Y,Y,N1,44,N1,0,N1,Y,,6,N1,15,3,1,2,,,,,,,,,,,,21,1,,,,6,,,1,,2,1,1,10,,,1,,,,,401,,,,,,,,,,,,,,,,,Y,N1,A1200018,3
2026-07-28 08:54:00,data_go_kr,부산광역시,A1200020,의료법인 온그룹의료재단 온병원,19,20260728084618,051-607-0139,,,,,,,,,,,,,,,,,,,1,,2,,,,,1,,,,,,6,,,Y,,,,Y,,Y,Y,,,Y,Y,N1,132,N1,7,N1,Y,,8,Y,20,,1,2,,,,,,,,,,,,23,1,,,,9,,,6,,4,2,2,7,,,1,,,,1,585,,,,,,,,,,,,,,,,,Y,N1,A1200020,4
2026-07-28 08:54:00,data_go_kr,부산광역시,A1200001,인제대학교부산백병원,11,20260728085013,051-890-5995,Y,Y,,,,,,,,4,,,,,,,,,1,1,2,,,,2,1,,,,,4,1,Y,,Y,1,,,Y,,Y,Y,,,Y,Y,Y,90,Y,2,Y,Y,-1,3,Y,18,,1,2,,19,18,35,,,,12,,6,,10,1,,,,17,,20,8,4,5,3,6,68,19,38,16,3,7,,2,691,,,,,,,,,,,,,,,,,Y,Y,A1200001,5
2026-07-28 08:54:00,data_go_kr,부산광역시,A1200005,의료법인 은성의료재단 좋은삼선병원,11,20260728084854,051-310-9119,,,,,,,,,,,,,,,,,3,1,1,,2,,,,0,1,,,,,,2,,,Y,0,,,Y,,Y,Y,,,Y,Y,N1,10,N1,6,N1,Y,,3,N1,13,1,1,2,,,,,,,,5,,4,,19,2,,,,7,,,2,,2,2,2,11,,,1,,,,,375,,,,,,,,,,,,,,3,,,Y,N1,A1200005,6
2026-07-28 08:54:00,data_go_kr,부산광역시,A1200004,고신대학교복음병원,7,20260728084933,051-990-6200,Y,Y,0,4,,,,,,7,,,,,,,,,,6,,,,,6,5,,,,,14,1,Y,,Y,3,,,Y,,Y,Y,1,,Y,Y,Y,80,Y,,Y,Y,14,3,Y,25,,,,,13,8,18,,,5,13,,16,,,7,,,,13,,14,1,7,3,3,5,53,13,19,14,3,1,,1,685,1,4,,,,,,,,,,,,,,,Y,Y,A1200004,7
2026-07-28 08:54:00,data_go_kr,부산광역시,A1200002,부산대학교병원,13,20260728085000,051-240-7776,Y,Y,,,,,0,,,2,,,,0,0,0,,3,1,,1,-4,,,,3,3,,23,1,8,4,Y,,Y,0,2,12,Y,21,Y,Y,,,Y,Y,Y,300,Y,8,Y,Y,-1,15,N,17,3,1,2,2,10,,20,,,,0,42,,,24,4,3,,82,26,2,19,10,12,9,6,10,100,17,17,21,9,21,,1,901,,,,,2,,,,,,0,0,0,,2,12,Y,Y,A1200002,8
2026-07-28 08:54:00,data_go_kr,부산광역시,A1200007,비에이치에스한서병원,16,20260728085028,051-998-1119,,,,,,,,,,,,,,,,,,,1,,2,2,,,,,3,,,,,,,,Y,,,,Y,,Y,Y,,,Y,Y,Y,53,N1,3,N1,Y,,4,N1,17,,1,2,2,,,,,,,,,,,14,,3,,,4,,,,,1,1,2,11,,,1,1,,,,285,,,,,,,,,,,,,,,,,Y,N1,A1200007,9
2026-07-28 08:54:00,data_go_kr,부산광역시,A1200028,(의)서일의료재단기장병원,6,20260728084957,051-723-2119,,,,,,,,,,,,,,,,,,,,,1,,,,,,,,,,,,,,Y,,,,,,Y,N1,,,N1,Y,N1,15,N1,,N1,Y,,0,N1,9,,,1,,,,,,,,,,,,,,,,,3,,,,,1,1,,1,,,,,,,,154,,,,,,,,,,,,,,,,,Y,N1,A1200028,10
2026-07-28 08:54:00,data_go_kr,부산광역시,A1200015,동남권원자력의학원원자력병원,3,20260728084804,051-720-5911,,,,,,,,,,,,,,,,,,,1,,,,,,,,,,,,,,,,Y,,,,Y,,Y,Y,,,Y,Y,Y,68,N1,8,N1,Y,,5,N1,9,,1,,,,,,,,,,,,,12,,,,,8,,,,,2,2,2,12,,,1,0,,,,261,,,,,,,,,,,,,,,,,Y,N1,A1200015,11
2026-07-28 08:54:00,data_go_kr,부산광역시,A1200013,부산성모병원(재단법인 천주교부산교구유지재단),7,20260728084810,051-933-7119,Y,Y,,,,,,,,,,,,,,,4,4,1,,,,,,,2,,,,,,1,,,Y,,,,,,Y,N1,,,Y,Y,N1,43,N1,10,Y,Y,6,6,N1,10,4,1,,,,,10,,,,,,,,18,2,,,,7,,,2,,1,1,,6,14,13,1,,,,,373,,,,,,,,,,,,,,4,,,Y,Y,A1200013,12
2026-07-28 08:54:00,data_go_kr,부산광역시,A1200026,좋은문화병원,5,20260728085008,051-630-0909,Y,Y,,,,,,,,,,,,,,,,2,1,,2,,,,,,,,,,,1,Y,,Y,,,,,,Y,N1,,,N1,Y,N1,27,N1,3,Y,Y,0,0,Y,7,2,1,2,,,,12,,,,,,,,8,,,,,8,,,2,8,2,2,,3,6,17,,,,,1,270,,,,,,,,,,,,,,,,,Y,Y,A1200026,13
2026-07-28 08:54:00,data_go_kr,부산광역시,A1200017,의료법인정화의료재단 봉생기념병원,8,20260728084442,051-664-4119,,,,,,,,,,1,,,,,,,,,,0,2,,,,,,,,,,2,1,,,Y,,,,Y,,Y,Y,,,Y,Y,N1,30,N1,,N1,Y,,8,N1,9,,,2,,11,11,,,,,,,,,,,,,,8,,31,1,,1,2,2,11,,,4,,,,,335,,,,,,,,,,,,,,,,,Y,N1,A1200017,14
2026-07-28 08:54:00,data_go_kr,부산광역시,A1200011,동래봉생병원,5,20260728084822,051-520-5700,,,,,,,,,,,,,,,,,,,1,,1,,,,,2,,,,,,,,,Y,,,,Y,,Y,Y,,,Y,Y,N1,18,N1,2,N1,Y,,7,N1,8,,1,1,,,,,,,,,,,,18,2,,,,7,,,,,1,2,2,11,,,1,,,,,241,,,,,,,,,,,,,,,,,Y,N1,A1200011,15
2026-07-28 08:54:00,data_go_kr,부산광역시,A1200009,의료법인 광혜의료재단 광혜병원,6,20260728084818,051-504-2119,,,,,,,,,,,,,,,,,,,2,,1,,,,,,,,,,,1,,,Y,,,,,,Y,N1,,,N1,Y,N1,63,N1,1,N1,Y,,3,N1,9,,2,1,,,,,,,,,,,,9,,,,,3,,,1,,1,1,,4,,,,,,,,190,,,,,,,,,,,,,,,,,Y,N1,A1200009,16
2026-07-28 08:54:00,data_go_kr,부산광역시,A1200019,학교법인)동의병원,8,20260728085000,051-850-8777,,,,,,,,,,,,,,,,,,,,,1,,,,,,,,,,,,,,Y,,,,Y,,Y,Y,,,Y,Y,Y,88,N1,15,N1,Y,,1,N1,14,,,1,,,,,,,,,,,,23,,,,,5,,,,,2,2,2,7,,,2,1,,,,448,,,,,,,,,,,,,,,,,Y,N1,A1200019,17
2026-07-28 08:54:00,data_go_kr,부산광역시,A1200025,학교법인 춘해병원,8,20260728084818,051-608-0119,,,,,,,,,,,,,,,,,,,,,1,,,,,,,,,,,,,,Y,,,,,,Y,N1,,,N1,Y,N1,54,N1,,N1,Y,,4,N1,9,,,1,,,,,,,,,,,,,,,,,4,,,,,1,1,,3,,,,,,,,201,,,,,,,,,,,,,,,,,Y,N1,A1200025,18
2026-07-28 08:54:00,data_go_kr,부산광역시,A1200045,구포성심병원,5,20260728084817,051-330-2090,,,,,,,,,,,,,,,,,,,,,1,,,,,,,,,,,,,,Y,,,,Y,,Y,Y,,,N1,Y,N1,19,N1,,N1,Y,,3,N1,9,,,1,,,,,,,,,,,,,,,,,4,,,,,1,1,1,4,,,,,,,,243,,,,,,,,,,,,,,,,,Y,N1,A1200045,19
2026-07-28 08:54:00,data_go_kr,부산광역시,A1200006,의료법인 인당의료재단 부민병원,9,20260728085036,051-330-3129,,,,,,,,,,,,,,,,,,,1,,1,,,,,1,,,,,,,,,Y,,,,Y,,Y,Y,,,Y,Y,N1,3,N1,1,N1,Y,,3,N1,10,,1,1,,,,,,,,,,,,18,1,,,,8,,,,,2,3,1,7,,,1,,,,,366,,,,,,,,,,,,,,,,,Y,N1,A1200006,20
2026-07-28 08:54:00,data_go_kr,부산광역시,A1200016,한국보훈복지의료공단 부산보훈병원,11,20260728084759,051-601-6183,,,,,,,,,,,,,,,,,,,1,,1,,,,,1,,,,,,,,,Y,,,,Y,,Y,Y,,,N1,Y,N1,22,N1,5,N1,Y,,5,N1,11,,1,1,,,,,,,,,,,,9,1,,,,7,,,,,2,3,2,11,,,,,,,,452,,,,,,,,,,,,,,,,,Y,N1,A1200016,21
2026-07-28 08:54:00,data_go_kr,부산광역시,A1200021,삼육부산병원,4,20260728085031,051-600-7750,,Y,,,,,,,,,,,,,,,,,0,,,,,,,0,,,,,,,Y,,Y,,,,Y,,Y,Y,,,Y,Y,Y,2,N1,-1,Y,Y,,,N1,9,,1,,,,,,,,,,,,,14,1,,,,,,,,1,2,1,1,9,,1,2,1,,,,302,,,,,,,,,,,,,,,,,Y,N1,A1200021,22
2026-07-28 08:54:00,data_go_kr,부산광역시,A1200008,의료법인 은성의료재단 좋은강안병원,16,20260728084952,051-610-9119,,,,,,,,,,,,,,,,,,,1,,2,,,,,1,,,,,,1,,,Y,,,,Y,,Y,Y,,,Y,Y,Y,66,N1,5,N1,Y,,11,N1,18,,1,2,,,,,,,,,,,,30,2,,,,11,,,3,,4,3,3,12,,,5,1,,,,535,,,,,,,,,,,,,,,,,Y,N1,A1200008,23
2026-07-28 08:54:00,data_go_kr,부산광역시,A1200098,의료법인 센텀의료재단 센텀종합병원,6,20260728084041,051-750-5119,,,,,,,,,,,,,,,,,,,,,1,,,,,1,,,,,,,,,Y,,,,Y,,Y,Y,,,N1,Y,N1,3,N1,0,N1,Y,,9,N1,9,,,1,,,,,,,,,,,,16,1,,,,9,,,,,2,2,1,11,,,,,,,,338,,,,,,,,,,,,,,,,,Y,N1,A1200098,24
2026-07-28 08:54:00,data_go_kr,부산광역시,A1200024,부산광역시의료원,15,20260728085019,051-607-2140,,N,,,,,,,,4,,,,,,,,,1,5,1,,,,,,,,,,7,5,N,,Y,,,,Y,,Y,Y,,,Y,Y,N1,107,N1,,N,Y,,4,N1,18,,1,1,,13,14,,,,,,,,,,,,,,7,,29,7,1,1,1,2,19,,2,4,,,,,398,,,,,,,,,,,,,,,,,Y,N1,A1200024,25
2026-07-28 08:54:00,data_go_kr,부산광역시,A1200012,의료법인 행도의료재단 해동병원,4,20260728085003,051-410-6688,,,,,,,,,,,,,,,,,,,1,,,,,,,,,,,,,0,,,Y,,,,,,Y,N1,,,Y,Y,N1,22,N1,2,N1,Y,,0,Y,6,,1,,,,,,,,,,,,,9,,,,,3,,,0,,1,1,,5,,,1,,,,12,256,,,,,,,,,,,,,,,,,Y,N1,A1200012,26
2026-07-28 08:54:00,data_go_kr,부산광역시,A1200014,영도병원,5,20260728084822,051-419-7575,,,,,,,,,,,,,,,,,,,1,,1,,,,,,,,,,,,,,Y,,,,,,Y,N1,,,N1,Y,N1,18,N1,1,N1,Y,,1,N1,7,,1,1,,,,,,,,,,,,10,,,,,3,,,,,1,1,,7,,,,,,,,217,,,,,,,,,,,,,,,,,Y,N1,A1200014,27
2026-07-28 08:54:00,data_go_kr,부산광역시,A1200023,재단법인천주교부산교구유지재단 메리놀병원,9,20260728084810,051-461-2300,,,,,,,,,,,,,,,,,,,,,1,,,,,0,,,,,,,Y,,Y,,,,Y,,Y,Y,,,Y,Y,N1,76,N1,2,N1,Y,,8,N1,9,,,1,,,,,,,,,,,,18,1,,,,8,,,,1,1,1,1,9,,,2,,,,,380,,,,,,,,,,,,,,,,,Y,N1,A1200023,28
2026-07-28 08:54:00,data_go_kr,부산광역시,A1205143,의료법인 인당의료재단 해운대부민병원,4,20260728085036,051-602-8119,,,,,,,,,,,,,,,,,,,1,,,,,,,0,,,,,,1,,,Y,,,,Y,,Y,Y,,,Y,Y,N1,9,N1,4,N1,Y,,1,Y,9,,1,,,,,,,,,,,,,19,2,,,,8,,,3,,2,2,1,10,,,1,,,,1,360,,,,,,,,,,,,,,,,,Y,N1,A1205143,29
2026-07-28 08:54:00,data_go_kr,대구광역시,A1300001,영남대학교병원,18,20260728084737,053-620-3177,Y,Y,,0,,,0,3,,1,0,,,,,,,3,2,7,3,7,,,0,4,3,,,,11,5,Y,,Y,4,,,Y,,Y,Y,,,Y,Y,Y,107,Y,,Y,Y,-1,9,Y,28,3,2,3,21,10,15,15,,,,14,,7,,,13,30,,,23,,20,7,2,4,4,4,75,5,11,8,5,5,,1,704,,0,,,1,3,,0,,,,,,,,,Y,Y,A1300001,1
2026-07-28 08:54:00,data_go_kr,대구광역시,A1300002,경북대학교병원,11,20260728084707,053-200-5100,Y,Y,2,3,,,,,,2,,,,,,,,4,,3,,8,,,6,,32,,11,2,9,1,Y,,Y,2,2,4,Y,3,Y,Y,0,3,Y,Y,Y,146,Y,,Y,Y,1,6,N1,25,4,,,20,7,7,15,,,6,7,20,10,11,,,44,,40,17,2,20,5,2,5,5,5,82,8,11,11,9,5,,,582,2,3,,,,,,,,,,,,,2,6,Y,Y,A1300002,2
2026-07-28 08:54:00,data_go_kr,대구광역시,A1300004,대구가톨릭대학교병원,5,20260728084816,053-650-3000,Y,Y,,,,,,,,1,,,,,,,,,1,5,3,,,,,2,,,,,2,4,Y,Y,Y,8,,,Y,,Y,Y,,,Y,Y,Y,221,Y,0,Y,Y,2,10,N1,24,,1,3,,15,25,42,,,,16,,,,0,6,,,,19,,20,9,2,3,3,5,58,20,32,8,3,4,1,,704,,,,,,,,,,,,,,,,,Y,Y,A1300004,3
2026-07-28 08:54:00,data_go_kr,대구광역시,A1300003,계명대학교동산병원,7,20260728084953,053-258-6306,Y,Y,,,,,,,,3,,,,,,,,,2,0,1,,3,,,0,8,,,,3,2,Y,Y,Y,3,,,Y,,Y,Y,6,,Y,Y,Y,185,Y,1,Y,Y,3,6,Y,20,,2,3,,11,13,39,7,,8,15,,,,10,4,20,,,24,,20,16,6,6,5,7,56,13,37,9,4,14,1,2,769,,,,,,,,,,,,,,,,,Y,Y,A1300003,4
2026-07-28 08:54:00,data_go_kr,대구광역시,A1300009,대구파티마병원,1,20260728085000,053-940-7119,Y,Y,,,,,,,,2,,,,,,,,5,2,4,4,1,,,,1,1,,,,,,Y,,Y,8,,,Y,,Y,Y,,,Y,Y,Y,103,Y,,Y,Y,2,7,N1,25,5,2,5,2,17,8,8,,,,12,,,,,9,4,,,17,,,,2,5,3,4,32,11,19,5,1,1,,,539,,,,,,,,,,,,,,,,,Y,Y,A1300009,5
2026-07-28 08:54:00,data_go_kr,대구광역시,A1300010,칠곡경북대학교병원,9,20260728084808,053-200-2100,Y,Y,,,1,1,,,,3,,,,,,,,4,1,6,3,,2,1,,4,0,2,,,11,13,Y,,Y,,,,Y,,Y,Y,,,Y,Y,Y,207,Y,,Y,Y,7,8,N1,23,7,1,3,,10,15,39,10,2,,,,,,,4,0,8,,19,,20,13,2,8,5,8,52,9,27,9,3,1,,,760,,,1,1,,,,,,,,,,,,,Y,Y,A1300010,6
2026-07-28 08:54:00,data_go_kr,대구광역시,A1300034,드림종합병원,5,20260728084810,053-640-8575,,,,,,,,,,,,,,,,,1,,,,1,,,,,,,,,,,,,,Y,,,,Y,,Y,Y,,,Y,Y,Y,14,N1,,N1,N,,3,N1,8,,,1,,,,,,,,,,,,,,,,,3,,,,,2,1,1,2,,,1,1,,,,159,,,,,,,,,,,,,,1,,,Y,N1,A1300034,7
2026-07-28 08:54:00,data_go_kr,대구광역시,A1300006,의료법인구의료재단구병원,8,20260728084926,053-557-7119,,,,,,,,,,,,,,,,,,,,,1,,,,,0,,,,,,,,,Y,,,,,,Y,N1,,,N1,Y,N1,45,N1,8,N1,Y,,8,N1,10,,,1,,,,,,,,,,,,18,1,,,,9,,,,,3,1,,3,,,,,,,,235,,,,,,,,,,,,,,,,,Y,N1,A1300006,8
2026-07-28 08:54:00,data_go_kr,대구광역시,A1300110,더블유병원,5,20260728084856,053-550-5019,,,,,,,,,,,,,,,,,,,,,1,,,,,,,,,,,,,,Y,,,,,,Y,N1,,,N1,Y,N1,78,N1,,N1,N,,3,Y,10,,,1,,,,,,,,,,,,,,,,,8,,,,,1,1,,1,,,,,,,8,431,,,,,,,,,,,,,,,,,Y,N1,A1300110,9
2026-07-28 08:54:00,data_go_kr,대구광역시,A1300011,한국보훈복지의료공단대구보훈병원,10,20260728084541,053-630-7014,,,,,,,,,,,,,,,,,,,1,,1,,,,,1,,,,,,0,,,Y,,,,Y,,Y,Y,,,N1,Y,N1,27,N1,4,N1,Y,,6,N1,12,,1,1,,,,,,,,,,,,13,1,,,,6,,,1,,1,3,2,9,,,,,,,,406,,,,,,,,,,,,,,,,,Y,N1,A1300011,10
2026-07-28 08:54:00,data_go_kr,대구광역시,A1300045,삼일병원,9,20260728084946,053-659-3119,,,,,,,,,,,,,,,,,,,1,,,,,,,,,,,,,,,,Y,,,,Y,,Y,Y,,,N1,Y,N1,27,N1,,N1,N,,0,N1,14,,1,,,,,,,,,,,,,,,,,,4,,,,,3,2,1,3,,,,,,,,299,,,,,,,,,,,,,,,,,Y,N1,A1300045,11
2026-07-28 08:54:00,data_go_kr,대구광역시,A1300038,나사렛종합병원,6,20260728084701,053-643-3119,,,,1,,,,,,,,,,,,,,,,,1,,,,,0,,,,,,,,,Y,,,,Y,,Y,Y,,,Y,Y,N1,26,N1,2,N1,Y,,5,N1,9,,,1,,,,,,,,,,,,28,1,,,,5,,,,,2,2,2,5,,,1,,,,,231,,9,,,,,,,,,,,,,,,Y,N1,A1300038,12
2026-07-28 08:54:00,data_go_kr,대구광역시,A1300018,강남종합병원,12,20260728084829,053-980-9018,,,,,,,,,,,,,,,,,,,1,,,,,,,,,,,,,1,,,Y,,,,,,Y,N1,,,N1,Y,N1,39,N1,,N1,Y,,7,N1,15,,1,,,,,,,,,,,,,,,,,,7,,,1,,2,2,,2,,,,,,,,207,,,,,,,,,,,,,,,,,Y,N1,A1300018,13
2026-07-28 08:54:00,data_go_kr,대구광역시,A1300005,대구가톨릭대학교칠곡가톨릭병원,3,20260728084742,053-320-2111,,,,,,,,,,,,,,,,,,,,,1,,,,,,,,,,,,,,Y,,,,,,Y,N1,,,N1,Y,N1,20,N1,,N1,Y,,2,N1,9,,,1,,,,,,,,,,,,,,,,,3,,,,,2,2,,1,,,,,,,,161,,,,,,,,,,,,,,,,,Y,N1,A1300005,14
2026-07-28 08:54:00,data_go_kr,대구광역시,A1300076,대구굿모닝병원,16,20260728085027,053-620-9119,,,,,,,,,,,,,,,,,,,1,,1,,,,,1,,,,,,,,,Y,,,,Y,,Y,Y,,,N1,Y,N1,64,N1,6,N1,Y,,4,N1,17,,1,1,,,,,,,,,,,,26,1,,,,4,,,,,2,4,2,13,,,,,,,,226,,,,,,,,,,,,,,,,,Y,N1,A1300076,15
2026-07-28 08:54:00,data_go_kr,대구광역시,A1300007,대구의료원,18,20260728085001,053-560-7288,,Y,,,,,,,,,,,,,,,,,1,,1,,,,,0,,,,,2,1,Y,,Y,,,,,,Y,N1,,,N1,Y,N1,36,N1,6,Y,Y,,4,N1,18,,1,1,,,,,,,,,,,,18,1,,,,4,,82,3,1,1,1,,13,,4,,,,,,254,,,,,,,,,,,,,,,,,Y,N1,A1300007,16
2026-07-28 08:54:00,data_go_kr,대구광역시,A1300081,(재)미리내천주성삼성직수도회천주성삼병원,8,20260728085000,053-790-0555,,,,,,,,,,,,,,,,,,,,,1,,,,,,,,,,,,,,Y,,,,,,Y,N1,,,N1,Y,N1,5,N1,,N1,Y,,4,N1,9,,,1,,,,,,,,,,,,,,,,,4,,,,,1,2,,4,,,,,,,,294,,,,,,,,,,,,,,,,,Y,N1,A1300081,17
2026-07-28 08:54:00,data_go_kr,대구광역시,A1300008,곽병원,9,20260728084920,053-605-3333,,,,,,,,,,,,,,,,,,,,,2,,,,,,,,,,,,,,Y,,,,,,Y,N1,,,N1,Y,N1,9,N1,,N1,Y,,4,N1,10,,,2,,,,,,,,,,,,,,,,,4,,,,,1,1,,2,,,,,,,,221,,,,,,,,,,,,,,,,,Y,N1,A1300008,18
2026-07-28 08:54:00,data_go_kr,대구광역시,A1303386,계명대학교대구동산병원,11,20260728084908,053-250-8481,,,,,,,,,,,,,,,,,,,1,,1,,,,,0,,,,,,,N,,Y,,,,Y,,Y,Y,,,Y,Y,N1,23,N,0,N1,Y,,3,N1,12,,1,1,,,,,,,,,,,,7,5,,,,3,,,,0,2,1,1,6,,,6,,0,,,196,,,,,,,,,,,,,,,,,Y,N1,A1303386,19
2026-07-28 08:54:00,data_go_kr,인천광역시,A1400001,의료법인 길의료재단 길병원,20,20260728084835,032-460-3012,Y,Y,2,3,1,1,,0,,3,,,,,2,,,9,,3,,2,,2,0,4,13,2,10,1,9,12,Y,,Y,1,2,6,Y,0,Y,Y,,0,Y,Y,Y,254,Y,,Y,Y,0,5,Y,23,9,,,18,38,11,30,,2,,14,20,6,4,,11,30,6,47,28,2,18,13,3,6,6,7,113,19,40,19,10,6,,1,995,2,3,1,1,,2,,,,,,3,,,2,6,Y,Y,A1400001,1
2026-07-28 08:54:00,data_go_kr,인천광역시,A1400002,인하대학교의과대학부속병원,13,20260728084609,032-890-2301,Y,Y,,,1,1,,,,3,,,,,,,,3,2,0,5,0,0,0,0,0,0,2,,,5,7,Y,Y,Y,,,,Y,,Y,Y,,,Y,Y,Y,63,Y,3,Y,Y,1,2,Y,20,7,2,5,20,25,13,26,3,2,,,,7,,23,3,30,6,,16,,15,7,4,6,3,5,109,17,27,13,9,7,1,2,681,,,1,1,,,,,,,,,,,,,Y,Y,A1400002,2
2026-07-28 08:54:00,data_go_kr,인천광역시,A1400010,검단탑병원,10,20260728084821,032-590-0077,,,,,,,,,,,,,,,,,,,1,,2,,,,,0,,,,,,1,,,Y,,,,Y,,Y,Y,,,Y,Y,N1,18,N1,6,N1,Y,,1,N1,18,,1,2,,,,,,,,,,,,15,3,,,,6,,,2,,2,2,1,11,,,1,,,,,279,,,,,,,,,,,,,,,,,Y,N1,A1400010,3
2026-07-28 08:54:00,data_go_kr,인천광역시,A1403372,인천세종병원,14,20260728085011,032-240-8119,,,,,,,,,,,,,,,,,,,3,,,1,,,,1,1,,,,,3,,,Y,,,,Y,,Y,Y,,,Y,Y,Y,51,Y,4,N1,Y,,5,N1,18,,3,,2,,,,,,,,,,,20,2,3,,,7,,,6,,2,2,3,13,,,4,5,1,,,274,,,,,,,,,,,,,,,,,Y,N1,A1403372,4
2026-07-28 08:54:00,data_go_kr,인천광역시,A1400014,의료법인인성의료재단한림병원,13,20260728084755,032-540-9119,,,,,,,,,,,,,,,,,,,2,,2,,,,,2,,,,,,2,Y,,Y,,,,Y,,Y,Y,,,Y,Y,Y,22,N1,3,N1,Y,,3,N1,17,,2,2,,,,,,,,,,,,21,2,,,,6,,,2,1,3,2,2,20,,,3,3,,,,391,,,,,,,,,,,,,,,,,Y,N1,A1400014,5
2026-07-28 08:54:00,data_go_kr,인천광역시,A1400016,인천사랑병원,14,20260728085022,032-457-2119,,Y,,,,,,,,,,,,,,,4,,1,,2,,,,,1,0,,,,,1,Y,,Y,,,,Y,,Y,Y,,,Y,Y,N1,11,Y,11,Y,Y,,7,N1,14,,1,2,,,,,,,,,,,,17,1,5,,,7,,,1,1,2,1,1,12,,1,2,,1,,,281,,,,,,,,,,,,,,4,,,Y,N1,A1400016,6
2026-07-28 08:54:00,data_go_kr,인천광역시,A1400012,가톨릭대학교 인천성모병원,9,20260728085011,032-280-6107,Y,Y,,,,,,,,2,,,,,,,,3,3,-1,3,0,,,,0,,,,,,5,Y,,Y,-1,,,Y,,Y,Y,,,Y,Y,Y,17,Y,,Y,Y,0,8,N1,19,4,3,5,12,15,18,13,,,,15,,,,,10,,,,17,,,9,1,4,4,5,53,5,14,11,5,4,,,579,,,,,,,,,,,,,,,,,Y,Y,A1400012,7
2026-07-28 08:54:00,data_go_kr,인천광역시,A1400013,안은의료재단 부평세림병원,15,20260728084942,032-509-5777,,,,,,,,,,,,,,,,,,,1,,3,2,,,,0,0,,,,,2,,,Y,,,,Y,,Y,Y,,,Y,Y,Y,14,N1,7,N1,Y,,4,N1,16,,1,3,2,,,,,,,,,,,11,2,3,,,4,,,2,,3,2,1,9,,,1,1,,,,234,,,,,,,,,,,,,,,,,Y,N1,A1400013,8
2026-07-28 08:54:00,data_go_kr,인천광역시,A1400015,가톨릭관동대학교국제성모병원,4,20260728085014,032-290-3065,Y,Y,2,0,,,,,,2,,,18,,,,,3,0,,0,,,,,,,,,,3,3,Y,,Y,-2,,,Y,,Y,Y,,,Y,Y,N,146,Y,,Y,Y,,0,N1,23,3,0,0,,40,,,,,,13,,,,,,,,,11,,11,3,2,3,2,3,34,2,11,6,2,1,,,641,5,0,,,,,,,,21,,,,,,,Y,Y,A1400015,9
2026-07-28 08:54:00,data_go_kr,인천광역시,A1400003,의료법인 루가의료재단 나은병원,9,20260728084938,032-584-4119,,Y,,,,,,,,3,,,,,,,7,,1,3,2,,,,,3,,,,,,8,Y,,Y,,,,Y,,Y,Y,,,Y,Y,Y,86,Y,,Y,Y,,7,N1,11,,1,2,,14,13,,,,,,,,,,3,,,,10,,,9,1,2,2,3,17,,1,3,1,1,,,367,,,,,,,,,,,,,,7,,,Y,N1,A1400003,10
2026-07-28 08:54:00,data_go_kr,인천광역시,A1400011,의료법인 나사렛의료재단 나사렛국제병원,13,20260728084629,032-899-9699,,,,,,,,,,,,,,,,,,,1,,2,,,,,0,,,,,,,,,Y,,,,Y,,Y,Y,,,Y,Y,N1,39,N1,3,N1,Y,,4,N1,17,,1,2,,,,,,,,,,,,16,1,,,,5,,,,,2,2,2,8,,,2,,,,,282,,,,,,,,,,,,,,,,,Y,N1,A1400011,11
2026-07-28 08:54:00,data_go_kr,인천광역시,A1403617,비에스종합병원,10,20260728084633,032-290-0119,,Y,,,,,,,,,,,,,,,,,1,,,,,,,0,,,,,,,Y,,Y,,,,Y,,Y,Y,,,Y,Y,N1,89,N1,9,Y,N1,0,2,N1,10,,1,,,,,1,,,,,,,,18,1,,,,2,,,,1,1,,1,6,,1,1,,,,,180,,,,,,,,,,,,,,,,,Y,N1,A1403617,12
2026-07-28 08:54:00,data_go_kr,인천광역시,A1400005,온누리병원,8,20260728084616,032-568-9112,,,,,,,,,,,,,,,,,,,1,,1,,,,,,,,,,,,,,Y,,,,,,Y,N1,,,N1,Y,N1,41,N1,,N1,Y,,2,N1,9,,1,1,,,,,,,,,,,,,,,,,3,,,,,1,1,,5,,,,,,,,190,,,,,,,,,,,,,,,,,Y,N1,A1400005,13
2026-07-28 08:54:00,data_go_kr,인천광역시,A1403871,인천힘찬종합병원,15,20260728084621,032-459-3168,,,,,,,,,,,,,,,,,,,1,,2,,,,,0,,,,,,,,,Y,,,,,,Y,N1,,,N1,Y,N1,42,N1,0,N1,Y,,3,N1,17,,1,2,,,,,,,,,,,,8,1,,,,7,,,,,2,2,,1,,,,,,,,235,,,,,,,,,,,,,,,,,Y,N1,A1403871,14
2026-07-28 08:54:00,data_go_kr,인천광역시,A1400004,현대유비스병원,17,20260728084602,032-890-5582,,,,,,,,,,,,,,,,,,,1,,,,,,,0,,,,,,,,,Y,,,,Y,,Y,Y,,,Y,Y,N1,12,N1,3,N1,Y,,4,N1,18,,1,,,,,,,,,,,,,13,1,,,,6,,,,,2,2,1,8,,,2,,,,,285,,,,,,,,,,,,,,,,,Y,N1,A1400004,15
2026-07-28 08:54:00,data_go_kr,인천광역시,A1400008,(의)성세의료재단 뉴성민병원,7,20260728084846,032-726-1119,,,,,,,,,,,,,,,0,,,,,,1,,,,,2,,,,,,,,,Y,,,,,,Y,N1,,,Y,Y,N1,105,N1,12,N1,Y,,3,Y,9,,,1,,,,,,,,,,,,17,2,,,,6,,,,,2,2,,11,,,2,,,,1,265,,,,,,,,,,,,0,,,,,Y,N1,A1400008,16
2026-07-28 08:54:00,data_go_kr,인천광역시,A1400018,인천적십자병원,7,20260728084639,032-899-4119,,,,,,,,,,,,,,,,,,,1,,1,,,,,,,,,,,,,,Y,,,,,,Y,N1,,,N1,Y,N1,66,N1,2,N1,Y,,3,N1,8,,1,1,,,,,,,,,,,,8,,,,,3,,,,,1,1,,2,,,,,,,,104,,,,,,,,,,,,,,,,,Y,N1,A1400018,17
2026-07-28 08:54:00,data_go_kr,인천광역시,A1400037,인천광역시의료원백령병원,4,20260728085001,032-836-1732,Y,Y,,,,,,,,,,,,,,,,,,,1,,,,,,,,,,,,,,Y,,,,,,Y,N1,,,N1,Y,N1,30,N1,,Y,N1,,1,N1,5,,,1,,,,,,,,,,,,,,,,,1,,,,,1,,,1,1,2,,,,,,30,,,,,,,,,,,,,,,,,Y,Y,A1400037,18
2026-07-28 08:54:00,data_go_kr,인천광역시,A1400009,인천기독병원,6,20260728085024,032-270-8300,,,,,,,,,,,,,,,,,,,,,1,,,,,,,,,,,,,,Y,,,1,,,Y,N1,,,N1,Y,N1,30,N1,10,N1,Y,,4,N1,8,,,1,,,,,,,,,,,,10,,,,,4,,,,,1,1,,1,,,,,,,,139,,,,,,,,,,,,,,,,1,Y,N1,A1400009,19
2026-07-28 08:54:00,data_go_kr,인천광역시,A1400017,인천광역시의료원,14,20260728085001,032-580-6119,,,,,,,,,,,,,,,,,,,2,,,,,,,0,,,,,24,7,,,Y,,,,,,Y,N1,,,N1,Y,N1,18,N1,2,N1,Y,,4,N1,15,,2,,,,,,,,,,,,,13,0,,,,6,,45,7,,1,1,,19,,,,,,,,198,,,,,,,,,,,,,,,,,Y,N1,A1400017,20
2026-07-28 08:54:00,data_go_kr,인천광역시,A1400007,의료법인 성수의료재단 인천백병원,4,20260728084957,032-280-8119,,,,,,,,,,,,,,,,,,,,,1,,,,,,,,,,,,,,Y,,,,,,Y,N1,,,Y,Y,N1,34,N1,0,N1,Y,,3,N1,5,,,1,,,,,,,,,,,,12,,,,,4,,,,,2,2,,6,,,1,,,,,189,,,,,,,,,,,,,,,,,Y,N1,A1400007,21
2026-07-28 08:54:00,data_go_kr,대전광역시,A1600006,학교법인건양교육재단건양대학교병원,19,20260728084539,042-600-9119,Y,Y,,0,,,1,1,4,,0,0,0,0,,0,,5,2,,3,6,,,,3,6,,,,10,0,Y,,Y,,,,Y,,Y,Y,,,Y,Y,Y,222,Y,33,Y,Y,2,9,Y,24,5,2,3,16,,,24,,,,,,,,59,5,28,,,20,,20,1,2,4,4,4,46,17,23,10,3,1,,1,658,,0,,,1,3,4,0,0,0,0,,0,,,,Y,Y,A1600006,1
2026-07-28 08:54:00,data_go_kr,대전광역시,A1600001,충남대학교병원,16,20260728085001,042-280-8129,Y,Y,0,0,,,,,,4,,,,,,,0,5,2,6,3,3,3,,4,6,20,,,,15,9,Y,,Y,,,,Y,,Y,Y,,,Y,Y,Y,166,Y,0,Y,Y,8,2,N1,28,6,2,3,20,16,14,34,5,,,,,10,,12,8,30,,,21,,26,14,5,5,4,5,76,12,36,6,8,2,,,966,0,0,,,,,,,,,,,,0,,,Y,Y,A1600001,2
2026-07-28 08:54:00,data_go_kr,대전광역시,A1600002,학교법인을지학원대전을지대학교병원,16,20260728085000,042-259-1119,Y,Y,,,,,,,,3,,0,0,-10,-5,2,3,,2,5,1,,,,2,0,,,1,2,8,,Y,,Y,,2,5,Y,3,Y,Y,,,Y,Y,Y,70,Y,,Y,Y,16,6,N1,21,,2,1,,20,20,20,,,,,20,5,,,11,,,40,15,2,20,,16,4,2,4,70,12,47,7,3,3,,,331,,,,,,,,,0,0,0,0,30,3,2,6,Y,Y,A1600002,3
2026-07-28 08:54:00,data_go_kr,대전광역시,A1600007,의료법인영훈의료재단유성선병원,14,20260728084800,042-609-1119,,,,,,,,,,,,,,,,,,,2,,1,,,,,1,,,,,,0,Y,,Y,,,,Y,,Y,Y,,,Y,Y,Y,60,N1,-2,N1,Y,,-4,Y,17,,2,1,,,,,,,,,,,,19,1,,,,7,,,1,1,3,3,2,17,,,2,1,,,1,368,,,,,,,,,,,,,,,,,Y,N1,A1600007,4
2026-07-28 08:54:00,data_go_kr,대전광역시,A1600005,학교법인가톨릭학원가톨릭대학교대전성모병원,19,20260728085011,042-220-9118,Y,Y,,,,,,,,3,,,,,,,,,2,2,,,,,3,0,,,,,,4,Y,,Y,1,,,Y,,Y,Y,2,0,Y,Y,Y,81,N1,,Y,Y,4,3,N1,19,,3,,,15,3,4,,,3,9,,3,2,,1,,,,12,,,4,1,3,2,4,24,5,7,5,2,,,,537,,,,,,,,,,,,,,,,,Y,Y,A1600005,5
2026-07-28 08:54:00,data_go_kr,대전광역시,A1600008,의료법인영훈의료재단대전선병원,14,20260728084836,042-220-8129,,,,,,,,,,,,,,,,,,,1,,3,,,,,0,,,,,,0,Y,,Y,,,,Y,,Y,Y,,,Y,Y,N1,25,N1,3,N1,Y,,7,N1,17,,1,3,,,,,,,,,,,,24,1,,,,7,,,1,1,2,2,2,11,,,3,,,,,311,,,,,,,,,,,,,,,,,Y,N1,A1600008,6
2026-07-28 08:54:00,data_go_kr,대전광역시,A1600004,대전보훈병원,3,20260728084639,042-939-0100,,,,,,,,,,,,,,,,,,,1,,1,,,,,1,,,,,,1,,,Y,,,,Y,,Y,Y,,,N1,Y,N1,61,N1,3,N1,Y,,5,N1,7,,1,1,,,,,,,,,,,,10,1,,,,5,,,1,,1,3,1,12,,,,,,,,316,,,,,,,,,,,,,,,,,Y,N1,A1600004,7
2026-07-28 08:54:00,data_go_kr,대전광역시,A1600003,대전한국병원,6,20260728085002,042-606-1119,,Y,,,,,,,,,,,,,,,,,1,,,,,,,,,,,,,,Y,,Y,,,,Y,,Y,Y,,,Y,Y,N1,50,N1,1,Y,Y,,4,N1,9,,1,,,,,,,,,,,,,12,,,,,4,,,,4,2,2,2,6,,1,1,,,,,241,,,,,,,,,,,,,,,,,Y,N1,A1600003,8
2026-07-28 08:54:00,data_go_kr,대전광역시,A1602246,대청병원,7,20260728085006,042-589-0119,,,,,,,,,,,,,,,,,,,,,1,,,,,,,,,,,,,,Y,,,,,,Y,N1,,,Y,Y,N1,104,N1,2,N1,Y,,3,N1,9,,,1,,,,,,,,,,,,17,,,,,3,,,,,2,1,,10,,,1,,,,,245,,,,,,,,,,,,,,,,,Y,N1,A1602246,9
2026-07-28 08:54:00,data_go_kr,울산광역시,A1700004,학교법인울산공업학원울산대학교병원,6,20260728084747,052-250-7000,Y,Y,3,3,,,,1,,7,,,4,,5,,,8,0,9,0,2,,,2,6,7,,7,2,6,0,Y,,Y,,1,6,Y,9,Y,Y,,0,Y,Y,Y,89,Y,5,Y,Y,1,3,N1,21,8,0,0,12,13,16,26,,,,,20,6,2,8,8,36,,42,20,2,20,0,5,7,5,6,83,14,27,17,8,4,,,725,3,3,,,,8,,,,4,,5,,,2,6,Y,Y,A1700004,1
2026-07-28 08:54:00,data_go_kr,울산광역시,A1700028,의료법인정안의료재단중앙병원,13,20260728084810,052-226-1119,,,,,,,,,,,,,,,,,,,1,,2,1,,,,1,1,,,,,0,,,Y,,,,Y,,Y,Y,,,Y,Y,N1,29,N1,1,N1,Y,,8,N1,17,,1,2,2,,,,,,,,,,,18,2,4,,,8,,,1,,2,2,2,7,,,2,,,,,335,,,,,,,,,,,,,,,,,Y,N1,A1700028,2
2026-07-28 08:54:00,data_go_kr,울산광역시,A1700003,울산병원,16,20260728085000,052-259-5119,,,,,,,,,,,,,,,,,,,1,,2,2,,,,0,2,,,,,,,,Y,,,,Y,,Y,Y,,,Y,Y,Y,59,Y,6,N1,Y,,4,Y,19,,1,2,2,,,,,,,,,,,17,1,3,,,4,,,,,2,2,3,12,,,4,1,2,,2,343,,,,,,,,,,,,,,,,,Y,N1,A1700003,3
2026-07-28 08:54:00,data_go_kr,울산광역시,A1700025,의료법인송은의료재단울산시티병원,13,20260728085006,052-280-9119,,,,,,,,,,,,,,,,,,,1,,2,0,,,,2,3,,,,,,,,Y,,,,Y,,Y,Y,,,Y,Y,N1,3,N1,12,N1,Y,,6,N1,17,,1,2,2,,,,,,,,,,,24,3,3,,,8,,,,,2,2,2,17,,,4,,,,,347,,,,,,,,,,,,,,,,,Y,N1,A1700025,4
2026-07-28 08:54:00,data_go_kr,울산광역시,A1700002,의료법인동강의료재단동강병원,23,20260728084952,052-241-1190,,,,,,,,,,4,,,,,,,,,1,1,2,1,,,1,1,0,,,,,2,,Y,Y,,,,Y,,Y,Y,,,Y,Y,Y,100,N1,,N1,Y,,8,N1,24,,1,2,2,14,9,,,,,,,13,,,1,3,,,8,,,2,,3,2,4,25,,,7,5,,1,,513,,,,,,,,,,,,,,,,,Y,N1,A1700002,5
2026-07-28 08:54:00,data_go_kr,울산광역시,A1700011,의료법인은성의료재단좋은삼정병원,7,20260728084715,052-220-7600,,,,,,,,,,,,,,,,,,,,,1,,,,,0,,,,,,1,,,Y,,,,Y,,Y,Y,,,Y,Y,N1,37,N1,0,N1,Y,,7,N1,9,,,1,,,,,,,,,,,,14,1,,,,8,,,1,,2,2,1,5,,,1,,,,,283,,,,,,,,,,,,,,,,,Y,N1,A1700011,6
2026-07-28 08:54:00,data_go_kr,울산광역시,A1700001,서울산보람병원,8,20260728084912,052-255-7119,,,,,,,,,,,,,,,,,,,,,1,,,,,,,,,,,,,,Y,,,,,,Y,N1,,,N1,Y,N1,87,N1,,N1,Y,,3,N1,10,,,1,,,,,,,,,,,,,,,,,3,,,,,1,1,,1,,,,,,,,213,,,,,,,,,,,,,,,,,Y,N1,A1700001,7
2026-07-28 08:54:00,data_go_kr,세종특별자치시,A1800441,세종충남대학교병원,14,20260728085001,044-995-3010,Y,Y,,,0,0,,,,,,,,,,,,0,1,,1,,,1,,1,,4,,,,2,Y,,Y,,,,Y,,Y,Y,,,Y,Y,Y,55,Y,4,Y,Y,0,2,N1,17,0,1,2,,,,19,,2,,,,,,11,2,,6,,8,,,4,3,2,2,3,29,7,19,5,3,2,,,299,,,0,0,,,,,,,,,,,,,Y,Y,A1800441,1
2026-07-28 08:54:00,data_go_kr,세종특별자치시,A1800417,의료법인 영제 의료재단 엔케이세종병원,6,20260728084546,044-850-7777,,,,,,,,,,,,,,,,,,,,,1,,,,,,,,,,,,,,Y,,,,,,Y,N1,,,N1,Y,N1,129,N1,,N1,Y,,3,N1,10,,,1,,,,,,,,,,,,,,,,,3,,,,,1,1,,1,,,,,,,,200,,,,,,,,,,,,,,,,,Y,N1,A1800417,2
2026-07-28 08:54:00,data_go_kr,경기도,A2100042,의료법인명지의료재단명지병원,5,20260728085000,031-810-7119,Y,Y,3,1,,3,1,0,1,,0,0,0,0,0,0,,0,0,,1,4,,,,4,10,,,,0,0,Y,Y,Y,,,,Y,,Y,Y,,,Y,Y,Y,121,Y,10,Y,Y,3,4,Y,15,0,0,3,16,,,3,,,,,,,,31,4,28,,,13,,0,0,2,6,3,5,49,4,5,8,5,2,1,2,443,3,2,,3,4,3,2,0,0,0,0,0,0,,,,Y,Y,A2100042,1
2026-07-28 08:54:00,data_go_kr,경기도,A2100033,국민건강보험공단일산병원,16,20260728084508,031-900-0761,Y,Y,,,,,0,,0,2,,0,0,,0,0,,2,2,4,3,1,,,2,1,1,,,,3,1,Y,,Y,,,,Y,,Y,Y,,,Y,Y,Y,114,N1,,Y,Y,3,5,N1,23,5,2,3,19,10,16,25,,,,,,6,,,11,29,,,20,,28,4,2,4,3,3,60,8,28,13,5,,,,659,,,,,1,,1,,0,0,,0,0,,,,Y,Y,A2100033,2
2026-07-28 08:54:00,data_go_kr,경기도,A2100005,순천향대학교부속부천병원,9,20260728084623,032-621-5117,Y,Y,2,0,,,,,,8,,0,,0,0,,,4,0,10,0,2,,,,4,15,,,,,1,Y,Y,Y,,,4,Y,,Y,Y,,,Y,Y,Y,172,Y,10,Y,Y,2,12,Y,17,5,0,0,20,16,15,24,,,,,,,,22,8,34,,,21,,,7,1,4,3,5,71,9,31,17,4,3,1,1,674,2,3,,,,,,,0,,0,0,,,,5,Y,Y,A2100005,3
2026-07-28 08:54:00,data_go_kr,경기도,A2100001,분당서울대학교병원,-11,20260728084800,031-787-3119,Y,Y,,,,,,3,,2,,,5,9,,,,3,2,2,3,3,2,,3,0,10,,,,3,3,Y,,Y,0,,1,Y,,Y,Y,,,Y,Y,Y,275,Y,0,Y,Y,0,6,N1,30,5,2,3,15,13,13,35,6,,,10,,9,,8,1,30,,,39,,15,3,3,11,11,11,128,17,39,16,8,8,,,1247,,,,,,5,,,,5,9,,,,,2,Y,Y,A2100001,4
2026-07-28 08:54:00,data_go_kr,경기도,A2100030,차의과학대학교분당차병원,8,20260728084941,031-780-5840,Y,Y,2,3,1,1,0,0,,0,,,0,,0,,0,10,,4,,1,,0,0,0,6,6,,,11,,Y,,Y,0,,,Y,,Y,Y,,,Y,Y,Y,60,Y,,Y,Y,8,0,N1,22,11,,,14,8,9,35,,2,,7,,6,,,4,43,6,,26,,22,,8,5,3,4,40,26,46,6,2,2,,,726,2,3,1,1,2,2,,,,0,,1,,0,,,Y,Y,A2100030,5
2026-07-28 08:54:00,data_go_kr,경기도,A2100002,아주대학교병원,19,20260728084556,031-219-7777,Y,Y,2,4,1,3,,0,,2,,,,0,0,,0,9,0,4,0,3,,1,4,0,3,0,5,1,3,5,Y,,Y,3,1,5,Y,1,Y,Y,2,3,Y,Y,Y,58,Y,,Y,Y,6,2,N1,30,9,0,0,16,14,10,36,,2,6,13,40,7,11,,3,42,6,60,25,3,20,8,3,8,6,9,126,27,34,32,9,7,,,792,2,6,1,4,,2,,,,,0,0,,0,2,6,Y,Y,A2100002,6
2026-07-28 08:54:00,data_go_kr,경기도,A2100003,고려대학교의과대학부속안산병원,15,20260728084939,031-412-5381,Y,Y,2,1,,,0,,,0,,,,,,,,4,,13,3,5,,,1,0,17,,,,8,5,Y,,Y,,,,Y,,Y,Y,,,Y,Y,Y,47,Y,0,Y,Y,0,2,N1,22,4,,3,18,10,13,25,,,,,,10,,6,3,30,,,20,,16,10,2,3,4,4,66,15,19,8,5,3,,,605,2,3,,,2,,,,,,,,,,,,Y,Y,A2100003,7
2026-07-28 08:54:00,data_go_kr,경기도,A2100004,한림대학교성심병원,17,20260728084757,031-380-1500,Y,Y,0,5,,,0,,,0,,,,,,,,3,2,3,1,1,,,,1,16,,,,10,2,Y,Y,Y,,,,Y,,Y,Y,0,1,Y,Y,Y,100,Y,,Y,Y,6,6,N1,25,3,2,4,19,27,16,9,,,8,,,,18,,3,30,,,19,,20,14,2,4,3,6,102,8,10,20,14,2,1,,610,0,5,,,1,,,,,,,,,,,,Y,Y,A2100004,8
2026-07-28 08:54:00,data_go_kr,경기도,A2100040,가톨릭대학교의정부성모병원,28,20260728085010,031-820-5200,Y,Y,,,,,0,0,,,,,,,,,,11,2,,4,0,,,0,0,10,,7,1,,,Y,,Y,,2,6,Y,4,Y,Y,,,Y,Y,Y,91,Y,0,Y,Y,-2,1,N1,42,11,2,4,18,,,15,,,,,20,6,,26,4,30,,53,13,2,,,3,4,3,4,54,10,28,12,4,3,,,519,,,,,1,1,,,,,,,,,2,6,Y,Y,A2100040,9
2026-07-28 08:54:00,data_go_kr,경기도,A2100047,동국대학교일산불교병원,13,20260728085029,031-961-7777,Y,Y,,,,,,,,4,,,,,,,3,3,1,7,3,,,,,1,,,,,9,0,Y,,Y,,,,Y,,Y,Y,,,Y,Y,Y,119,Y,,Y,Y,9,4,N1,19,3,1,3,,16,13,13,,,,,,,,,4,,,,12,,15,0,8,2,2,2,19,13,25,4,2,1,,,463,,,,,,,,,,,,,,3,,,Y,Y,A2100047,10
2026-07-28 08:54:00,data_go_kr,경기도,A2100038,인제대학교일산백병원,22,20260728085019,031-910-7114,N,N,,,,,,,,4,,,,,,,,,3,0,1,,,,,1,,,,,3,1,Y,,Y,,,,Y,,Y,Y,,1,Y,Y,Y,100,Y,,N,Y,,7,N1,34,,3,3,,25,32,,,,,,,,4,,4,,,,17,,16,2,3,3,3,4,54,18,22,7,3,1,,,545,,,,,,,,,,,,,,,,,Y,N,A2100038,11
2026-07-28 08:54:00,data_go_kr,경기도,A2118788,중앙대학교광명병원,16,20260728085009,02-2222-1351,Y,Y,0,0,,,,,,,,,,,,,,,1,,1,,,,2,2,,,,,,2,Y,,Y,,,,Y,,Y,Y,4,,Y,Y,Y,76,Y,8,Y,Y,1,4,N1,21,,1,2,,,,16,,,5,,,5,,24,6,,,,17,,,2,2,2,2,5,28,6,16,5,4,10,,,576,0,0,,,,,,,,,,,,,,,Y,Y,A2118788,12
2026-07-28 08:54:00,data_go_kr,경기도,A2100007,광명성애병원,7,20260728085039,02-2680-7116,Y,Y,,,,,,,,,,,,,,7,,4,1,,4,,,,,0,,,,,,,Y,,Y,,,,Y,,Y,Y,,,Y,Y,N1,44,N1,10,Y,Y,,1,N1,11,4,1,4,,,,,,,,,,,,13,1,,,,5,,,,2,2,2,1,12,2,5,1,,,,,189,,,,,,,,,,,,,50,,,,Y,Y,A2100007,13
2026-07-28 08:54:00,data_go_kr,경기도,A2100155,참조은병원,6,20260728084824,031-881-9119,,,,,,,,,,,,,,0,0,,6,1,1,,3,,,,,3,,,,,,1,,,Y,,,,Y,,Y,Y,,,Y,Y,N1,21,Y,-3,N1,Y,,7,N1,9,1,1,3,,,,,,,,,,,,22,3,,,,7,,,2,,3,3,2,18,,,3,,2,,,286,,,,,,,,,,,0,0,,6,,,Y,N1,A2100155,14
2026-07-28 08:54:00,data_go_kr,경기도,A2100039,한양대학교구리병원,8,20260728084800,1644-9118,Y,Y,,,,,,,,0,,,,,,,,,1,0,4,,,,,,,,,,,2,Y,,Y,,,,Y,,Y,Y,,,Y,Y,Y,93,Y,,Y,Y,1,4,N1,18,,1,4,,17,14,10,,,,,,,,,,,,,9,,,5,1,3,2,3,21,6,14,4,2,2,,,488,,,,,,,,,,,,,,,,,Y,Y,A2100039,15
2026-07-28 08:54:00,data_go_kr,경기도,A2100054,효산의료재단지샘병원,16,20260728084548,031-389-3119,,,,,,,,,,,,,,,,,1,,2,,1,,,,,1,,,,,,1,,,Y,,,,Y,,Y,Y,,,Y,Y,N1,33,N1,3,N1,Y,,5,N1,18,,2,1,,,,,,,,,,,,18,1,,,,5,,,2,,2,1,3,11,,,2,,,,,367,,,,,,,,,,,,,,1,,,Y,N1,A2100054,16
2026-07-28 08:54:00,data_go_kr,경기도,A2100048,원광대학교산본병원,15,20260728084835,031-390-2345,,,,,,,,,,,,,,,,,,,1,,2,,,,,,,,,,,,Y,,Y,,,,Y,,Y,Y,,,Y,Y,N1,68,N1,7,N1,Y,,3,N1,17,,1,2,,,,,,,,,,,,12,,,,,5,,,,1,1,1,1,1,,,2,,,,,188,,,,,,,,,,,,,,,,,Y,N1,A2100048,17
2026-07-28 08:54:00,data_go_kr,경기도,A2100053,의료법인우리의료재단김포우리병원,13,20260728084924,031-999-1119,,,,,,,,,,,,,,0,0,0,,,1,,6,,,,,0,,,,,,3,,,Y,,,,Y,,Y,Y,,,Y,Y,Y,18,Y,0,N1,Y,,3,N1,22,,1,6,,,,,,,,,,,,36,1,,,,7,,,11,,2,2,2,48,,,4,1,2,,,477,,,,,,,,,,,0,0,0,,,,Y,N1,A2100053,18
2026-07-28 08:54:00,data_go_kr,경기도,A2100006,의료법인인봉의료재단뉴고려병원,11,20260728084716,031-980-9119,,,,,,,,,,,,,,,,,3,,1,,2,,,,,6,,,,,,,,,Y,,,,Y,,Y,Y,,,Y,Y,N1,59,N1,2,N1,Y,,6,N1,14,,1,2,,,,,,,,,,,,24,10,,,,6,,,,,2,2,2,7,,,1,,,,,278,,,,,,,,,,,,,,3,,,Y,N1,A2100006,19
2026-07-28 08:54:00,data_go_kr,경기도,A2100041,남양주한양병원,16,20260728084943,031-510-0119,,,,,,,,,,,,,,,,,,,1,,2,,,,,10,,,,,,,,,Y,,,,Y,,Y,Y,,,Y,Y,N1,73,N1,5,N1,Y,,,Y,17,,1,2,,,,,,,,,,,,17,23,,,,,,,,,2,2,1,33,,,2,,,,1,244,,,,,,,,,,,,,,,,,Y,N1,A2100041,20
2026-07-28 08:54:00,data_go_kr,경기도,A2100037,현대병원,16,20260728084956,031-574-0114,,,,,,,,,,,,,,,,,,,3,,,,,,,0,,,,,,,,,Y,,,,Y,,Y,Y,,,Y,Y,N1,38,Y,1,N1,Y,,7,N1,17,,3,,,,,,,,,,,,,19,20,,,,7,,,,,2,2,2,50,,,17,,2,,,342,,,,,,,,,,,,,,,,,Y,N1,A2100037,21
2026-07-28 08:54:00,data_go_kr,경기도,A2100055,부천세종병원,11,20260728085010,032-340-1119,Y,Y,,,,,,,,,,,,,,,,,1,,2,0,,,,0,0,,,,,0,Y,,Y,,,,Y,,Y,Y,,,Y,Y,Y,55,Y,4,Y,Y,,3,N1,17,,1,2,2,,,,,,,,,,,20,2,3,,,6,,,6,1,2,1,5,18,1,1,5,4,1,,,268,,,,,,,,,,,,,,,,,Y,Y,A2100055,22
2026-07-28 08:54:00,data_go_kr,경기도,A2100052,가톨릭대학교부천성모병원,22,20260728085010,032-340-2100,Y,Y,,,,,,,,5,,,,,,,3,,2,1,1,,,,,1,,,,,,1,Y,,Y,4,,,Y,,Y,Y,,,Y,Y,Y,70,Y,,Y,Y,9,3,N1,31,,2,1,,16,12,10,,,,18,,,,,4,,,,14,,,4,3,3,3,3,28,4,14,11,1,2,,,562,,,,,,,,,,,,,,3,,,Y,Y,A2100052,23
2026-07-28 08:54:00,data_go_kr,경기도,A2100025,대진의료재단분당제생병원,11,20260728085000,031-779-0119,Y,Y,,,,,,,,4,,,7,,,,,3,1,2,2,,,,,1,,,,,,0,Y,Y,Y,,,,Y,,Y,Y,,,Y,Y,Y,93,Y,,Y,Y,1,2,N1,24,3,1,2,,11,14,3,,,,,,,,,4,,,,9,,,2,2,4,3,3,22,1,5,5,2,3,1,,484,,,,,,,,,,7,,,,,,,Y,Y,A2100025,24
2026-07-28 08:54:00,data_go_kr,경기도,A2116806,성남시의료원,16,20260728085001,031-738-7300,,,,,,,,,,,,,,,,,,6,2,19,4,,,,,2,,,,,,28,,,Y,,,,Y,,Y,Y,,,Y,Y,Y,89,Y,,N1,Y,,7,Y,17,6,2,4,,,25,,,,,,,,,,5,,,,8,,,28,,3,2,2,31,,,6,3,1,,2,241,,,,,,,,,,,,,,,,,Y,N1,A2116806,25
2026-07-28 08:54:00,data_go_kr,경기도,A2117135,의료법인명인의료재단화홍병원,8,20260728084341,031-8021-6829,Y,,,,,,,,,,,,,,,,,,2,,3,,,,,0,,,,,,,,,Y,,,,,,Y,N1,,,N1,Y,Y,38,N1,8,N1,Y,,6,Y,15,,2,3,,,,,,,,,,,,29,1,,,,6,,,,,2,2,,4,1,,,1,,,1,228,,,,,,,,,,,,,,,,,Y,Y,A2117135,26
2026-07-28 08:54:00,data_go_kr,경기도,A2100009,의료법인녹산의료재단동수원병원,15,20260728084931,031-210-0119,,Y,,,,,,,,,,,,,,,,,1,,2,0,,,,0,0,,,,,1,Y,,Y,,,,Y,,Y,Y,,,Y,Y,N1,29,N1,8,Y,Y,,5,N1,17,,1,2,2,,,,,,,,,,,18,3,4,,,5,,,1,1,2,2,1,15,,4,1,,,,,335,,,,,,,,,,,,,,,,,Y,N1,A2100009,27
2026-07-28 08:54:00,data_go_kr,경기도,A2100012,가톨릭대학교성빈센트병원,16,20260728085009,031-249-7370,Y,Y,,,1,1,,,,10,,,,,,,,6,2,11,2,3,,2,5,3,,4,,,7,3,Y,,Y,9,,,Y,,Y,Y,,0,Y,Y,Y,116,Y,,Y,Y,2,2,N1,28,6,2,2,4,20,11,18,,2,,15,,8,8,,5,,6,,19,,30,11,2,5,4,6,52,7,18,12,4,4,,,658,,,1,1,,,,,,,,,,,,,Y,Y,A2100012,28
2026-07-28 08:54:00,data_go_kr,경기도,A2100008,의료법인남촌의료재단시화병원,13,20260728084643,031-5189-0567,,,,,,,,,,,,,,,,,,5,1,,5,,,,,1,,,,,,1,Y,,Y,,,,Y,,Y,Y,,,Y,Y,Y,53,N1,21,N1,Y,,4,N1,16,5,1,5,,,,,,,,,,,,52,1,,,,7,,,1,1,3,3,2,29,,,4,2,,,,461,,,,,,,,,,,,,,,,,Y,N1,A2100008,29
2026-07-28 08:54:00,data_go_kr,경기도,A2100017,대아의료재단한도병원,16,20260728084642,031-8040-1129,,,,,,,,,,,,,,,,,,,1,,2,,,,,1,,,,,,,,,Y,,,,Y,,Y,Y,,,Y,Y,N1,58,N1,10,N1,Y,,6,N1,17,,1,2,,,,,,,,,,,,29,1,,,,6,,,,,3,2,2,15,,,3,,,,,327,,,,,,,,,,,,,,,,,Y,N1,A2100017,30
2026-07-28 08:54:00,data_go_kr,경기도,A2100015,효산의료재단안양샘병원,15,20260728084916,031-467-9119,,,,,,,,,,0,,,,,,,,,1,1,2,,,,,1,,,,,,,,,Y,,,,Y,,Y,Y,,,Y,Y,Y,49,N1,,N1,Y,,5,N1,17,,1,2,,9,9,,,,,,,,,,1,,,,6,,,,,2,1,2,12,,,2,1,,,,307,,,,,,,,,,,,,,,,,Y,N1,A2100015,31
2026-07-28 08:54:00,data_go_kr,경기도,A2100024,오산한국병원,15,20260728084837,031-378-5119,,,,,,,,,,,,,,,,,,,1,,2,2,,,,1,3,,,,,2,,,Y,,,,Y,,Y,Y,,,Y,Y,N1,29,Y,0,N1,Y,,2,N1,17,,1,2,2,,,,,,,,,,,32,1,3,,,5,,,2,,2,2,2,17,,,2,,1,,,259,,,,,,,,,,,,,,,,,Y,N1,A2100024,32
2026-07-28 08:54:00,data_go_kr,경기도,A2100020,연세대학교의과대학용인세브란스병원,10,20260728084724,031-5189-9001,Y,Y,,,,,,,,0,,,,,,,,6,1,6,3,,,,,0,,,,,,2,Y,,Y,,,,Y,,Y,Y,,,Y,Y,Y,84,Y,,Y,Y,0,2,N1,16,6,1,3,,19,16,12,,,,,,,,,2,,,,15,,,4,2,3,3,4,31,6,18,6,3,4,,,597,,,,,,,,,,,,,,,,,Y,Y,A2100020,33
2026-07-28 08:54:00,data_go_kr,경기도,A2100029,강남병원,14,20260728084943,031-300-0119,,,,,,,,,,,,,,,,,,,1,,2,2,,,,1,2,,,,,,,,Y,,,,,,Y,N1,,,Y,Y,N1,16,N1,15,N1,Y,,3,N1,17,,1,2,2,,,,,,,,,,,30,1,3,,,4,,,,,2,2,,7,,,2,,,,,264,,,,,,,,,,,,,,,,,Y,N1,A2100029,34
2026-07-28 08:54:00,data_go_kr,경기도,A2100019,(의)영문의료재단다보스병원,11,20260728084952,031-8021-2130,,,,,,,,,,,,,,,,,4,,1,,2,2,,,,1,1,,,,,,,,Y,,,,,,Y,N1,,,Y,Y,N1,31,N1,6,N1,Y,,5,N1,13,,1,2,2,,,,,,,,,,,23,1,3,,,6,,,,,1,1,,7,,,2,,,,,222,,,,,,,,,,,,,,4,,,Y,N1,A2100019,35
2026-07-28 08:54:00,data_go_kr,경기도,A2117994,학교법인을지학원의정부을지대학교병원,27,20260728084600,031-8074-0119,Y,Y,,,,,,,,2,,,,,,,8,6,1,-1,2,,,,,2,,,,,5,1,Y,,Y,,0,0,Y,,Y,Y,,,Y,Y,Y,165,Y,,Y,Y,3,0,N1,30,6,1,2,,29,22,5,,,,,,,,,2,,,,14,,22,6,8,3,3,4,48,5,5,6,3,2,,,588,,,,,,,,,,,,,,8,0,0,Y,Y,A2117994,36
2026-07-28 08:54:00,data_go_kr,경기도,A2100193,경기도의료원이천병원,14,20260728085002,031-630-4333,,,,,,,,,,,,,,,,,,,1,,2,2,,,,2,1,,,,,6,,,Y,,,,,,Y,N1,,,N1,Y,N1,43,N1,1,N1,Y,,3,N1,17,,1,2,2,,,,,,,,,,,6,2,3,,,4,,,6,,1,1,,8,,,,,,,,187,,,,,,,,,,,,,,,,,Y,N1,A2100193,37
2026-07-28 08:54:00,data_go_kr,경기도,A2100035,경기도의료원파주병원,17,20260728084801,031-940-9119,,,,,,,,,,,,,,,,,,,1,,2,0,,,,,0,,,,,,Y,,Y,,,,,,Y,N1,,,N1,Y,N1,90,N1,2,N1,Y,,3,N1,17,,1,2,2,,,,,,,,,,,8,,3,,,3,,,,1,1,1,,9,,,,,,,,189,,,,,,,,,,,,,,,,,Y,N1,A2100035,38
2026-07-28 08:54:00,data_go_kr,경기도,A2100028,의료법인백송의료재단굿모닝병원,13,20260728084947,031-5182-7582,,,,,,,,,,,,,,,,,4,,2,,1,,,,,0,,,,,,,,,Y,,,,Y,,Y,Y,,,Y,Y,Y,63,N1,0,N1,Y,,0,Y,19,,2,1,,,,,,,,,,,,27,3,,,,7,,,,,5,3,3,23,,,5,3,,,1,392,,,,,,,,,,,,,,6,,,Y,N1,A2100028,39
2026-07-28 08:54:00,data_go_kr,경기도,A2113246,의료법인양진의료재단평택성모병원,9,20260728085014,070-5012-0119,,,,,,,,,,,,,,,,0,,,1,,2,2,,,,2,0,,,,,,,,Y,,,,Y,,Y,Y,,,Y,Y,N1,28,N1,13,N1,Y,,6,N1,17,,1,2,2,,,,,,,,,,,34,2,3,,,6,,,,,3,3,2,8,,,2,,,,,329,,,,,,,,,,,,,0,,,,Y,N1,A2113246,40
2026-07-28 08:54:00,data_go_kr,경기도,A2100031,경기도의료원포천병원,15,20260728085002,031-539-9119,,Y,,,,,,,,,,,,,,,,,1,,2,,,,,0,,,,,,0,Y,,Y,,,,,,Y,N1,,,N1,Y,N1,38,N1,2,Y,Y,,4,N1,17,,1,2,,,,,,,,,,,,10,0,,,,4,,,3,3,1,1,,7,,2,,,,,,137,,,,,,,,,,,,,,,,,Y,N1,A2100031,41
2026-07-28 08:54:00,data_go_kr,경기도,A2100046,한림대학교동탄성심병원,22,20260728084433,031-8086-2119,Y,Y,3,0,,,,,,11,,,,,,,,9,,2,,,,,1,6,,,,,,3,Y,Y,Y,,,,Y,,Y,Y,5,,Y,Y,Y,121,Y,,Y,Y,11,2,Y,32,9,,,,28,13,13,,,13,,,9,,,11,,,,20,,,11,1,6,3,6,51,8,16,17,5,5,1,1,515,3,0,,,,,,,,,,,,,,,Y,Y,A2100046,42
2026-07-28 08:54:00,data_go_kr,경기도,A2100290,의료법인자인의료재단(더자인병원),12,20260728084934,031-930-3119,,,,,,,,,,,,,,,,,,,2,,2,0,,,,1,1,,,,,,,,Y,,,,Y,,Y,Y,,,Y,Y,N1,73,N1,4,N1,N,,5,N1,16,,2,2,2,,,,,,,,,,,10,2,3,,,5,,,,,2,2,1,15,,,1,,,,,233,,,,,,,,,,,,,,,,,Y,N1,A2100290,43
2026-07-28 08:54:00,data_go_kr,경기도,A2100049,국립암센터,13,20260728084800,031-920-0119,,N,,,,,,,,,,,,,,,,,,,1,,,,,7,,,,,,,,,Y,,,,Y,,Y,Y,,,Y,Y,Y,79,Y,11,N,Y,,15,N1,24,,,1,,,,,,,,,,,,19,9,,,,18,,,,,7,5,3,29,,1,8,2,7,,,554,,,,,,,,,,,,,,,,,Y,N1,A2100049,44
2026-07-28 08:54:00,data_go_kr,경기도,A2116972,의료법인성광의료재단일산차병원,2,20260728085011,031-782-8587,Y,Y,,,,,,,,,,,,,,,,,,,3,,,,,1,,,,,,1,Y,,,,,,,,Y,N1,,,N1,N1,N1,41,N1,4,Y,N1,0,2,N1,6,,,4,,,,17,,,,,,,,4,1,,,,10,,,1,9,,,,4,11,19,,,,,,179,,,,,,,,,,,,,,,,,Y,Y,A2116972,45
2026-07-28 08:54:00,data_go_kr,경기도,A2118188,엘병원,8,20260728084817,031-527-6119,,,,,,,,,,,,,,,,,,,,,2,,,,,0,,,,,,1,,,Y,,,,,,Y,N1,,,N1,Y,N1,51,N1,5,N1,Y,,3,N1,8,,,2,,,,,,,,,,,,8,1,,,,3,,,1,,1,1,,2,,,,,,,,146,,,,,,,,,,,,,,,,,Y,N1,A2118188,46
2026-07-28 08:54:00,data_go_kr,경기도,A2100050,의료법인대인의료재단다니엘종합병원,4,20260728085003,032-670-0119,,,,,,,,,,,,,,,,,,,1,,3,,,,,1,,,,,,,,,Y,,,,,,Y,N1,,,N,Y,N1,36,N1,8,N1,Y,,2,N1,6,,1,3,,,,,,,,,,,,30,1,,,,3,,,,,1,1,,17,,,1,,,,,169,,,,,,,,,,,,,,,,,Y,N1,A2100050,47
2026-07-28 08:54:00,data_go_kr,경기도,A2100258,국군수도병원,15,20260728085013,031-725-6119,,,,,,,,,,,,,,2,6,,,,0,,,,,,,1,,,12,,2,,,,Y,,,,Y,14,Y,Y,,,Y,Y,Y,111,N1,9,N1,Y,,9,N1,16,,2,,,,,,,,,,20,,,12,1,,,40,9,,15,,,3,4,2,2,,,5,2,,,,530,,,,,,,,,,,2,6,,,,,Y,N1,A2100258,48
2026-07-28 08:54:00,data_go_kr,경기도,A2100016,순천의료재단성남정병원,8,20260728084658,031-750-6003,,,,,,,,,,,,0,,,27,,,,2,,,,,,,,,,,,,,,,Y,,,,,,Y,N1,,,N1,Y,N1,75,N1,,N1,Y,,4,N1,9,,2,,,,,,,,,,,,,,,,,,4,,,,,1,1,,1,,,,,,,,98,,,,,,,,,0,,,105,,,,,Y,N1,A2100016,49
2026-07-28 08:54:00,data_go_kr,경기도,A2121061,의료법인덕산의료재단수원덕산병원,22,20260728085004,031-686-2911,N,Y,,,,,,,,,,,,,,,,3,1,,2,2,,,,2,1,,,,,0,Y,,Y,,,,Y,,Y,Y,,,Y,Y,Y,70,N1,10,Y,Y,,9,N1,24,3,1,2,2,,,,,,,,,,,22,3,4,,,9,,,5,5,3,2,2,15,N,2,5,2,,,,403,,,,,,,,,,,,,,,,,Y,N,A2121061,50
2026-07-28 08:54:00,data_go_kr,경기도,A2100032,경기도의료원수원병원,8,20260728085001,031-888-0119,,,,,,,,,,,,,,,,,3,,,,2,,,,,,,,,,,2,,,Y,,,,,,Y,N1,,,N1,Y,N1,43,N1,5,N1,Y,,3,N1,8,,,2,,,,,,,,,,,,9,,,,,3,,,2,,1,1,,9,,,,,,,,156,,,,,,,,,,,,,,3,,,Y,N1,A2100032,51
2026-07-28 08:54:00,data_go_kr,경기도,A2100175,의료법인토마스의료재단윌스기념병원,15,20260728085017,031-240-6119,,,,,,,,,,,,,,,,,,,1,,2,2,,,,0,3,,,,,,Y,,Y,,,,Y,,Y,Y,,,Y,Y,N1,38,N1,8,N1,Y,,6,N1,18,,1,2,2,,,,,,,,,,,18,1,3,,,10,,,,1,1,4,1,1,,,1,,,,,282,,,,,,,,,,,,,,,,,Y,N1,A2100175,52
2026-07-28 08:54:00,data_go_kr,경기도,A2100027,의료법인석경의료재단센트럴병원,17,20260728084840,031-8041-3019,,,,,,,,,,,,,,,,,,,1,,2,,,,,,,,,,,,,,Y,,,,,,Y,N1,,,Y,Y,N1,85,N1,4,N1,Y,,3,N1,18,,1,2,,,,,,,,,,,,20,,,,,3,,,,,2,2,,7,,,2,,,,,255,,,,,,,,,,,,,,,,,Y,N1,A2100027,53
2026-07-28 08:54:00,data_go_kr,경기도,A2100013,의료법인 록향의료재단 신천연합병원,10,20260728085006,031-310-6661,,,,,,,,,,,,,,,,,,,,,1,,,,,0,,,,,,,,,Y,,,,,,Y,N1,,,Y,Y,N1,26,N1,1,N1,Y,,3,N1,10,,,1,,,,,,,,,,,,6,1,,,,3,,,,,1,1,,4,,,1,,,,,112,,,,,,,,,,,,,,,,,Y,N1,A2100013,54
2026-07-28 08:54:00,data_go_kr,경기도,A2100021,의료법인플러스의료재단단원병원,16,20260728084844,031-8040-5911,,,,,,,,,,,,,1,,,,,,1,,2,,,,,1,,,,,,,,,Y,,,,Y,,Y,Y,,,Y,Y,Y,58,N1,7,N1,Y,,5,N1,17,,1,2,,,,,,,,,,,,27,1,,,,5,,,,,1,1,2,8,,,2,1,,,,342,,,,,,,,,,1,,,,,,,Y,N1,A2100021,55
2026-07-28 08:54:00,data_go_kr,경기도,A2100014,근로복지공단안산병원,6,20260728084800,031-500-1119,,,,,,,,,,,,,,,,,,,,,1,,,,,1,,,,,,0,,,Y,,,,,,Y,N1,,,N1,Y,N1,75,N1,11,N1,Y,,3,N1,7,,,1,,,,,,,,,,,,18,1,,,,3,,,2,,1,1,,14,,,,,,,,359,,,,,,,,,,,,,,,,,Y,N1,A2100014,56
2026-07-28 08:54:00,data_go_kr,경기도,A2100124,의료법인칠석의료재단사랑의병원,7,20260728084659,031-502-0119,,,,,,,,,,,,,,,,,,,1,,,,,,,,,,,,,,,,Y,,,,,,Y,N1,,,Y,Y,N1,29,N1,3,N1,Y,,3,N1,13,,1,,,,,,,,,,,,,14,,,,,5,,,,,2,2,,8,,,1,,,,,206,,,,,,,,,,,,,,,,,Y,N1,A2100124,57
2026-07-28 08:54:00,data_go_kr,경기도,A2100045,경기도의료원안성병원,13,20260728085002,031-8046-5119,,,,,,,,,,,,,,,,,,,1,,,,,,,1,,,,,,8,,,Y,,,,,,Y,N1,,,N1,Y,N1,47,N1,6,N1,Y,,5,N1,14,,1,,,,,,,,,,,,,13,2,,,,5,,,8,,1,1,,8,,,,,,,,178,,,,,,,,,,,,,,,,,Y,N1,A2100045,58
2026-07-28 08:54:00,data_go_kr,경기도,A2100305,안성성모병원,8,20260728084923,031-675-8275,,,,,,,,,,,,,,,,,,,,,1,,,,,,,,,,,,,,Y,,,,,,Y,N1,,,N1,Y,N1,79,N1,0,N1,Y,,3,N1,9,,,1,,,,,,,,,,,,20,,,,,3,,,,,1,1,,7,,,,,,,,188,,,,,,,,,,,,,,,,,Y,N1,A2100305,59
2026-07-28 08:54:00,data_go_kr,경기도,A2100089,양평병원,5,20260728085001,031-770-5119,N,N,,,,,,,,,,,,,,,,,,,1,,,,,,,,,,,,N,N,Y,,,,N,,Y,N,,,N,Y,N,12,N,,N,Y,,3,N,9,,,1,,,,,,,,,,,,,,,,,3,,,,0,1,1,0,1,0,0,0,0,0,0,0,90,,,,,,,,,,,,,,,,,Y,N,A2100089,60
2026-07-28 08:54:00,data_go_kr,경기도,A2100194,세종여주병원,5,20260728084943,031-880-7754,,,,2,,,,,,,,,,,,,2,,,,4,,,,,,,,,,,,,,Y,,,,,,Y,N1,,,Y,Y,N1,106,N1,,N1,Y,,2,N1,6,,,4,,,,,,,,,,,,,,,,,2,,,,,1,1,,4,,,2,,,,,210,,3,,,,,,,,,,,,3,,,Y,N1,A2100194,61
2026-07-28 08:54:00,data_go_kr,경기도,E2100187,연천군보건의료원,10,20260728084824,031-839-4119,,,,,,,,,,,,,,,,,,,,,,,,,,,,,,,,,,,Y,,,,,,Y,N1,,,N1,Y,N1,51,N1,,N1,N1,,2,N1,10,,,,,,,,,,,,,,,,,,,,2,,,,,1,,,1,,,,,,,,52,,,,,,,,,,,,,,,,,Y,N1,E2100187,62
2026-07-28 08:54:00,data_go_kr,경기도,A2100122,(의)효심의료재단용인서울병원,8,20260728084748,031-336-0119,,,,,,,,,,,,,,,,,,,,,,,,,,,,,,,,,,,Y,,,,,,Y,N1,,,N1,Y,N1,140,N1,,N1,Y,,3,N1,10,,,,,,,,,,,,,,,,,,,,3,,,,,1,1,,1,,,,,,,,201,,,,,,,,,,,,,,,,,Y,N1,A2100122,63
2026-07-28 08:54:00,data_go_kr,경기도,A2121142,메디필드한강병원,16,20260728084757,031-332-1119,,,,,,,,,,,,,,,,,,,1,,2,,,,,1,,,,,,1,,,Y,,,,Y,,Y,Y,,,Y,Y,N1,153,N1,6,N1,Y,,5,N1,17,,1,2,,,,,,,,,,,,15,1,,,,6,,,1,,3,2,1,13,,,2,,,,,192,,,,,,,,,,,,,,,,,Y,N1,A2121142,64
2026-07-28 08:54:00,data_go_kr,경기도,A2100034,의료법인영동의료재단의정부백병원,10,20260728084915,031-842-1211,,,,,,,,,,,,,,,,,,,,,2,,,,,,,,,,,,,,Y,,,,,,Y,N1,,,N1,Y,N1,97,N1,0,N1,Y,,3,N1,10,,,2,,,,,,,,,,,,9,,,,,3,,,,,1,1,,1,,,,,,,,192,,,,,,,,,,,,,,,,,Y,N1,A2100034,65
2026-07-28 08:54:00,data_go_kr,경기도,A2100150,추병원,10,20260728084919,031-845-8313,,,,,,,,,,,,,,,,,,,1,,1,,,,,,,,,,,,,,Y,,,,Y,,Y,Y,,,N1,Y,N1,54,N1,2,N1,N,,3,N1,12,,1,1,,,,,,,,,,,,15,,,,,3,,,,,2,1,1,1,,,,,,,,210,,,,,,,,,,,,,,,,,Y,N1,A2100150,66
2026-07-28 08:54:00,data_go_kr,경기도,A2100043,경기도의료원의정부병원,7,20260728085002,031-828-5119,,,,,,,,,,,,,,,,0,,,1,,,,,,,,,,,,29,3,,,Y,,,,,,Y,N1,,,N1,Y,N1,30,N1,2,N1,Y,,3,N1,10,,1,,,,,,,,,,,,,6,,,,,3,,70,5,,1,1,,8,,,,,,,,86,,,,,,,,,,,,,0,,,,Y,N1,A2100043,67
2026-07-28 08:54:00,data_go_kr,경기도,A2100131,메디인병원,8,20260728085030,031-570-7912,,,,,,,,,,,,,,,,,,,,,2,,,,,,,,,,,,,,Y,,,,Y,,Y,Y,,,N1,Y,N1,57,N1,,N1,Y,,4,N1,12,,,2,,,,,,,,,,,,,,,,,4,,,,,1,1,1,2,,,,,,,,206,,,,,,,,,,,,,,,,,Y,N1,A2100131,68
2026-07-28 08:54:00,data_go_kr,경기도,A2100309,의료법인갈렌의료재단박병원,8,20260728085001,031-662-4119,,,,,,,,,,,,,,,,,,,,,1,,,,,,,,,,,,,,Y,,,,,,Y,N1,,,N1,Y,N1,33,N1,0,N1,Y,,2,N1,10,,,1,,,,,,,,,,,,10,,,,,2,,,,,1,2,,3,,,,,,,,143,,,,,,,,,,,,,,,,,Y,N1,A2100309,69
2026-07-28 08:54:00,data_go_kr,경기도,A2100022,의료법인박애의료재단박애병원,10,20260728084904,031-650-9219,,,,,,,,,,,,,,,,,,,,,1,,,,,,,,,,,,,,Y,,,,,,Y,N1,,,Y,Y,N1,109,N1,8,N1,Y,,5,N1,10,,,1,,,,,,,,,,,,10,,,,,5,,,,,2,1,,20,,,2,,,,,193,,,,,,,,,,,,,,,,,Y,N1,A2100022,70
2026-07-28 08:54:00,data_go_kr,경기도,A2100036,의료법인 일심의료재단 포천우리병원,17,20260728084640,031-541-8282,,,,,,,,,,,,,,,,,,,1,,3,,,,,2,,,,,,2,,,Y,,,,Y,,Y,Y,,,Y,Y,N1,67,N1,8,N1,Y,,5,N1,18,,1,3,,,,,,,,,,,,18,2,,,,5,,,2,,2,2,1,14,,,3,,,,,201,,,,,,,,,,,,,,,,,Y,N1,A2100036,71
2026-07-28 08:54:00,data_go_kr,경기도,A2100018,의료법인은혜와감사의료재단화성중앙종합병원,8,20260728084837,031-371-7998,,,,,,,,,,,,,,,,,,,,,1,,,,,,,,,,,,,,Y,,,,,,Y,N1,,,N1,Y,N1,81,N1,4,N1,Y,,3,N1,9,,,1,,,,,,,,,,,,8,,,,,3,,,,,1,1,,3,,,,,,,,131,,,,,,,,,,,,,,,,,Y,N1,A2100018,72
2026-07-28 08:54:00,data_go_kr,경기도,A2115699,의료법인원광의료재단원광종합병원,8,20260728084437,031-8077-7219,,,,,,,,,,,,,,,,,,,1,,,,,,,,,,,,,,,,Y,,,,,,Y,N1,,,N1,Y,N1,8,N1,-2,N1,Y,,4,N1,9,,1,,,,,,,,,,,,,9,,,,,4,,,,,1,2,,4,,,,,,,,135,,,,,,,,,,,,,,,,,Y,N1,A2115699,73
2026-07-28 08:54:00,data_go_kr,강원특별자치도,A2200008,강릉아산병원,4,20260728084915,033-610-3333,Y,Y,,,,,0,1,,0,,,,,,,,3,2,1,3,0,,,,,0,,,,,,Y,,Y,,,,Y,,Y,Y,,,Y,Y,Y,28,Y,,Y,Y,7,3,Y,23,3,2,3,18,14,16,13,,,,,,,,,,38,,,15,,,,2,4,3,4,33,8,12,8,5,1,,2,604,,,,,1,6,,,,,,,,,,,Y,Y,A2200008,1
2026-07-28 08:54:00,data_go_kr,강원특별자치도,A2200001,연세대학교원주세브란스기독병원,28,20260728084502,033-741-1641,Y,Y,2,23,,,0,,,3,,,,,,,,3,2,4,3,4,,,,,12,,6,2,6,,Y,,Y,3,2,6,Y,5,Y,Y,,,Y,Y,Y,79,Y,,Y,Y,5,5,Y,29,3,2,3,20,15,12,19,,,,15,20,,,,,30,,40,15,2,24,,2,5,4,7,100,12,25,16,7,13,,4,584,4,36,,,2,,,,,,,,,,2,6,Y,Y,A2200001,2
2026-07-28 08:54:00,data_go_kr,강원특별자치도,A2200013,한림대학교춘천성심병원,16,20260728084717,033-240-5219,Y,Y,2,3,,,,0,,,,,,,,,,3,,,,2,,,,0,21,,,,,0,Y,Y,Y,,,,Y,,Y,Y,0,,Y,Y,Y,60,Y,5,Y,Y,,3,Y,22,3,,,20,,,,,,8,,,,,20,2,45,,,9,,,2,1,2,2,3,33,1,4,6,2,1,1,1,252,2,3,,,,2,,,,,,,,,,,Y,Y,A2200013,3
2026-07-28 08:54:00,data_go_kr,강원특별자치도,A2200005,의료법인강릉동인병원,17,20260728085030,033-650-6105,,,,,,,,,,3,,,,,,,,,1,,2,,,,,2,,,,,9,,,,Y,,,,Y,,Y,Y,,,Y,Y,N1,72,N1,1,N1,Y,,4,N1,17,,1,2,,12,,,,,,,,,,12,2,,,,5,,101,,,2,1,1,14,,,1,,,,,248,,,,,,,,,,,,,,,,,Y,N1,A2200005,4
2026-07-28 08:54:00,data_go_kr,강원특별자치도,A2200007,강원특별자치도삼척의료원,15,20260728084502,033-571-0431,,Y,,,,,,,,,,,,,,,,1,2,,1,1,,,,0,3,,,,,6,Y,,Y,,,,,,Y,N1,,,Y,Y,N1,52,N1,0,Y,Y,,4,N1,16,1,2,1,2,,,,,,,,,,,6,2,3,,,4,,,10,1,1,1,,3,,3,1,,,,,189,,,,,,,,,,,,,,,,,Y,N1,A2200007,5
2026-07-28 08:54:00,data_go_kr,강원특별자치도,A2200012,강원특별자치도속초의료원,17,20260728085002,,Y,Y,,,,,,,,,,,,,,,,,2,,1,,,,,,,,,,,,Y,,Y,,,,,,Y,N1,,,N1,Y,N1,67,N1,0,Y,Y,,3,N1,17,,2,1,,,,,,,,,,,,8,,,,,3,,,,2,1,1,,7,1,1,,,,,,154,,,,,,,,,,,,,,,,,Y,Y,A2200012,6
2026-07-28 08:54:00,data_go_kr,강원특별자치도,A2200009,강원대학교병원,12,20260728085000,033-258-2293,Y,Y,,,,,0,,,3,,,,,,,,3,2,,3,0,4,,4,0,,,,,3,12,Y,,Y,1,,,Y,,Y,Y,,,Y,Y,Y,216,Y,,Y,Y,4,4,N1,21,3,2,3,5,10,,15,8,,,8,,8,,,2,,,,11,,16,14,3,4,2,4,43,13,24,12,3,10,,,508,,,,,0,,,,,,,,,,,,Y,Y,A2200009,7
2026-07-28 08:54:00,data_go_kr,강원특별자치도,A2200011,강원특별자치도강릉의료원,3,20260728085002,033-610-1234,,,,,,,,,,,,,,,,20,,,,,1,,,,,,,,,,,5,,,Y,,,,,,Y,N1,,,N1,Y,N1,14,N1,0,N1,Y,,2,N1,5,,,1,,,,,,,,,,,,8,,,,,2,,,5,,1,1,,4,,,,,,,,122,,,,,,,,,,,,,20,,,,Y,N1,A2200011,8
2026-07-28 08:54:00,data_go_kr,강원특별자치도,A2200003,의료법인동해동인병원,9,20260728085016,033-530-0129,,,,,,,,,,,,,,,,,,,,,1,,,,,1,,,,,57,,,,Y,,,,,,Y,N1,,,N1,Y,N1,17,N1,8,N1,Y,,2,N1,10,,,1,,,,,,,,,,,,19,1,,,,2,,110,,,1,1,,7,,,,,,,,178,,,,,,,,,,,,,,,,,Y,N1,A2200003,9
2026-07-28 08:54:00,data_go_kr,강원특별자치도,A2200046,의료법인온세움의료재단온재병원,6,20260728085002,033-639-8988,,,,,,,,,,,,,,,,,,,,,1,,,,,,,,,,29,,,,Y,,,,,,Y,N1,,,N1,Y,N1,31,N1,0,N1,Y,,4,N1,9,,,1,,,,,,,,,,,,15,,,,,4,,59,,,1,1,,5,,,,,,,,219,,,,,,,,,,,,,,,,,Y,N1,A2200046,10
2026-07-28 08:54:00,data_go_kr,강원특별자치도,A2200037,의료법인성심의료재단양구성심병원,4,20260728085016,033-480-8816,,Y,,,,,,,,,,,,,,,,,1,,,,,,,,,,,,,,Y,,Y,,,,,,Y,N1,,,N1,Y,N1,39,N1,,Y,N1,,,N1,5,,1,,,,,,,,,,,,,,,,,,,,,,1,1,,,1,,1,,,,,,52,,,,,,,,,,,,,,,,,Y,N1,A2200037,11
2026-07-28 08:54:00,data_go_kr,강원특별자치도,A2200002,강원특별자치도영월의료원,8,20260728085002,033-370-9129,,Y,,,,,,,,,,,,,,,1,,,,,,,,,0,,,,,,2,Y,,Y,,,,,,Y,N1,,,N1,Y,N1,51,N1,0,Y,Y,,2,N1,9,,,,,,,,,,,,,,,10,2,,,,2,,,2,1,1,1,,7,,3,,,,,,174,,,,,,,,,,,,,,1,,,Y,N1,A2200002,12
2026-07-28 08:54:00,data_go_kr,강원특별자치도,A2200015,강원특별자치도원주의료원,14,20260728085002,033-760-4701,,,,,,,,,,,,,,,,,,,1,,2,,,,,,,,,,,,,,Y,,,,,,Y,N1,,,N1,Y,N1,30,N1,3,N1,Y,,2,N1,17,,1,2,,,,,,,,,,,,20,,,,,3,,,,,1,1,,7,,,,,,,,259,,,,,,,,,,,,,,,,,Y,N1,A2200015,13
2026-07-28 08:54:00,data_go_kr,강원특별자치도,A2200024,의료법인성지의료재단성지병원,6,20260728084941,033-760-3119,,,,,,,,,,,,,,,,13,,,,,1,,,,,,,,,,,,,,Y,,,,,,Y,N1,,,N1,Y,N1,-80,N1,9,N1,Y,,4,N1,7,,,1,,,,,,,,,,,,9,,,,,4,,,,,1,2,,4,,,,,,,,135,,,,,,,,,,,,,13,,,,Y,N1,A2200024,14
2026-07-28 08:54:00,data_go_kr,강원특별자치도,A2200048,근로복지공단정선병원,4,20260728084600,033-560-7150,,,,,,,,,,,,,,,,,,,,,1,,,,,,,,,,,,,,Y,,,,,,Y,N1,,,N1,Y,N1,29,N1,,N1,N1,,,N1,5,,,1,,,,,,,,,,,,,,,,,,,,,,1,,,3,,,,,,,,149,,,,,,,,,,,,,,,,,Y,N1,A2200048,15
2026-07-28 08:54:00,data_go_kr,강원특별자치도,A2201730,철원병원,4,20260728085001,033-452-5012,N,Y,,,,,,,,,,,,,,,,,1,,,,,,,,,,,,,,Y,N,Y,,,,N,,Y,N,,,N,Y,N,35,N,,Y,Y,,2,N,5,,1,,,,,,,,,,,,,,,,,,2,,,,1,1,1,0,1,0,1,0,0,0,0,0,68,,,,,,,,,,,,,,,,,Y,N,A2201730,16
2026-07-28 08:54:00,data_go_kr,강원특별자치도,A2200004,근로복지공단태백병원,9,20260728084900,033-580-3119,,,,,,,,,,,,,,,,,,,1,,,,,,,1,,,,,,,Y,,Y,,,,,,Y,N1,,,N1,Y,N1,44,N1,5,N1,Y,,2,N1,9,,1,,,,,,,,,,,,,9,1,,,,2,,,,1,1,1,,8,,,,,,,,223,,,,,,,,,,,,,,,,,Y,N1,A2200004,17
2026-07-28 08:54:00,data_go_kr,강원특별자치도,E2200026,평창군보건의료원,6,20260728085001,033-330-4812,,,,,,,,,,,,,,,,,,,,,1,,,,,,,,,,,,,,Y,,,,,,Y,N1,,,N1,Y,N1,20,N1,,N1,N1,,,N1,6,,,1,,,,,,,,,,,,,,,,,,,,,,1,,,1,,,,,,,,20,,,,,,,,,,,,,,,,,Y,N1,E2200026,18
2026-07-28 08:54:00,data_go_kr,강원특별자치도,A2200014,홍천아산병원,7,20260728084503,033-430-5119,,,,,,,,,,,,,,,,,,,,,,,,,,,,,,,,,,,Y,,,,,,Y,N1,,,N1,Y,N1,5,N1,0,N1,Y,,2,N1,10,,,,,,,,,,,,,,,7,,,,,2,,,,,1,1,,4,,,,,,,,128,,,,,,,,,,,,,,,,,Y,N1,A2200014,19
2026-07-28 08:54:00,data_go_kr,강원특별자치도,E2200025,화천군보건의료원,6,20260728085001,033-440-2880,,,,,,,,,,,,,,,,,,,,,1,,,,,,,,,,,,,,,,,,,,Y,N1,,,N1,N1,N1,16,N1,,N1,N1,,,N1,7,,,1,,,,,,,,,,,,,,,,,,,,,,,,,1,,,,,,,,16,,,,,,,,,,,,,,,,,Y,N1,E2200025,20
2026-07-28 08:54:00,data_go_kr,강원특별자치도,A2200016,횡성대성병원,5,20260728085009,033-345-1191,,,,,,,,,,,,,,,,,,,,,1,,,,,,,,,,,,,,Y,,,,,,Y,N1,,,N1,Y,N1,31,N1,,N1,Y,,1,N1,9,,,1,,,,,,,,,,,,,,,,,1,,,,,1,1,,1,,,,,,,,114,,,,,,,,,,,,,,,,,Y,N1,A2200016,21
2026-07-28 08:54:00,data_go_kr,충청북도,A2300001,충북대학교병원,23,20260728085000,043-269-6114,Y,Y,2,3,,,,0,,5,,,,,,,,8,,,,6,,,,1,29,,11,2,5,13,Y,,Y,,2,6,Y,17,Y,Y,3,,Y,Y,Y,139,Y,7,Y,Y,13,12,N1,30,8,,,18,8,,25,,,4,,20,,,17,5,40,,40,16,2,21,13,2,4,4,6,98,13,31,18,10,17,,,547,2,3,,,,2,,,,,,,,,2,6,Y,Y,A2300001,1
2026-07-28 08:54:00,data_go_kr,충청북도,A2300009,의료법인명지의료재단명지병원,16,20260728084801,043-640-8117,,,,,,,,,,,,,,,,,,3,2,,4,2,,,,3,,,,,,,,,Y,,,,Y,,Y,Y,,,Y,Y,Y,55,N1,7,N1,Y,,3,N1,18,3,2,4,2,,,,,,,,,,,15,3,,,,3,,,,,2,1,1,10,,,2,1,,,,201,,,,,,,,,,,,,,,,,Y,N1,A2300009,2
2026-07-28 08:54:00,data_go_kr,충청북도,A2300005,의료법인자산의료재단제천서울병원,13,20260728085036,043-643-2327,,,,,,,,,,,,,,,,,,,1,,4,,,,,,3,,,,,,,,Y,,,,,,Y,N1,,,Y,Y,N1,19,N1,1,N1,Y,,3,Y,15,,1,4,,,,,,,,,,,,11,,5,,,3,,,,,1,1,,10,,,1,,,,1,202,,,,,,,,,,,,,,,,,Y,N1,A2300005,3
2026-07-28 08:54:00,data_go_kr,충청북도,A2300013,의료법인 건명의료재단 중앙제일병원,14,20260728084554,043-537-9119,,,,,,,,,,,,,,,,,,,3,,,,,,,3,,,,,,31,,,Y,,,,,,Y,N1,,,Y,Y,N1,63,N1,2,N1,Y,,5,N1,17,,3,,,,,,,,,,,,,12,6,,,,5,,,31,,2,2,,6,,,1,,,,,192,,,,,,,,,,,,,,,,,Y,N1,A2300013,4
2026-07-28 08:54:00,data_go_kr,충청북도,A2300007,의료법인인화재단한국병원,11,20260728084826,043-222-6177,,Y,,,,,,,,,,,,,,,3,,1,,2,,,,,1,,,,,,1,Y,,Y,,,,Y,,Y,Y,,,Y,Y,N1,38,N1,2,Y,Y,,8,N1,14,,1,2,,,,,,,,,,,,24,1,,,,8,,,1,1,3,3,2,18,,1,3,,,,,403,,,,,,,,,,,,,,3,,,Y,N1,A2300007,5
2026-07-28 08:54:00,data_go_kr,충청북도,A2300003,의료법인정산의료재단효성병원,14,20260728084708,043-221-2192,,N,,,,,,,,,,,,,,,,,1,,4,0,,,,0,0,,,,,,Y,,Y,,,,Y,,Y,Y,,,Y,Y,N1,59,N1,1,N,Y,,4,Y,18,,1,4,2,,,,,,,,,,,27,2,3,,,4,,,,1,3,4,2,19,,1,2,,,,1,363,,,,,,,,,,,,,,,,,Y,N1,A2300003,6
2026-07-28 08:54:00,data_go_kr,충청북도,A2300008,청주성모병원,5,20260728085010,043-219-8119,,Y,,,,,,,,4,,,,,,,,,2,5,5,2,,,,1,4,,,,,5,Y,,Y,,,,Y,,Y,Y,,,Y,Y,N1,129,N1,,Y,Y,,5,N1,15,,2,5,2,13,12,,,,,,,,,,1,4,,,8,,,30,1,3,2,2,19,,2,2,,,,,358,,,,,,,,,,,,,,,,,Y,N1,A2300008,7
2026-07-28 08:54:00,data_go_kr,충청북도,A2300002,의료법인한마음의료재단하나병원,4,20260728084647,043-230-6594,,,,,,,,,,,,,,,,,9,,1,,1,,,,,2,,,,,,,,,Y,,,,Y,,Y,Y,,,Y,Y,N1,116,N1,5,N1,Y,,7,Y,11,,1,2,,,,,,,,,,,,24,2,,,,7,,,,,3,3,2,20,,,4,,,,1,463,,,,,,,,,,,,,,9,,,Y,N1,A2300002,8
2026-07-28 08:54:00,data_go_kr,충청북도,A2300010,건국대학교충주병원,18,20260728085001,043-840-8330,Y,Y,,,,,,,,,,,,,,,,,1,,2,,,,,,,,,,,0,Y,,Y,,,,Y,,Y,Y,,,Y,Y,Y,58,N1,5,Y,Y,,4,N1,20,,1,2,,,,,,,,,,,,18,,,,,5,,,1,1,2,1,2,11,1,4,3,1,,,,194,,,,,,,,,,,,,,,,,Y,Y,A2300010,9
2026-07-28 08:54:00,data_go_kr,충청북도,A2300034,의료법인대광의료재단괴산성모병원,7,20260728084557,043-830-5419,,,,,,,,,,,,,,,,,,,,,0,,,,,,,,,,,,,,Y,,,,,,Y,N1,,,N1,Y,N1,7,N1,,N1,Y,,1,N1,9,,,1,,,,,,,,,,,,,,,,,1,,,,,1,1,,3,,,,,,,,153,,,,,,,,,,,,,,,,,Y,N1,A2300034,10
2026-07-28 08:54:00,data_go_kr,충청북도,E2300011,단양군보건의료원,6,20260728085001,043-420-0139,,,,,,,,,,,,,,,,,,,1,,,,,,,,,,,,,2,,,Y,,,,,,Y,N1,,,N1,Y,N1,13,N1,,N1,N1,,,N1,6,,1,,,,,,,,,,,,,,,,,,,,,2,,1,,,1,,,,,,,,14,,,,,,,,,,,,,,,,,Y,N1,E2300011,11
2026-07-28 08:54:00,data_go_kr,충청북도,A2300030,의료법인조윤의료재단영동병원,10,20260728085008,043-740-9333,,Y,,,,,,,,,,,,,,,,,,,,,,,,,,,,,,,Y,,Y,,,,,,Y,N1,,,N1,Y,N1,31,N1,,Y,Y,,2,N1,10,,,,,,,,,,,,,,,,,,,,2,,,,1,1,1,,3,,1,,,,,,161,,,,,,,,,,,,,,,,,Y,N1,A2300030,12
2026-07-28 08:54:00,data_go_kr,충청북도,A2300011,의료법인힐링의료재단옥천성모병원,5,20260728084932,043-730-7119,,,,,,,,,,,,,,,,,,,2,,1,,,,,,,,,,,,,,Y,,,,,,Y,N1,,,N1,Y,N1,10,N1,2,N1,Y,,2,N1,7,,2,1,,,,,,,,,,,,7,,,,,2,,,,,1,1,,4,,,,,,,,157,,,,,,,,,,,,,,,,,Y,N1,A2300011,13
2026-07-28 08:54:00,data_go_kr,충청북도,A2300006,충청북도청주의료원,12,20260728085002,043-279-0119,,Y,,,,,,,,,,,,,,,3,,1,,,,,,,2,,,,,90,6,Y,,Y,,,,Y,,Y,Y,,,Y,Y,N1,156,N1,18,Y,Y,,5,N1,12,,1,,,,,,,,,,,,,21,3,,,,5,,90,6,1,1,2,1,11,,1,1,,,,,359,,,,,,,,,,,,,,3,,,Y,N1,A2300006,14
2026-07-28 08:54:00,data_go_kr,충청북도,A2300004,충청북도충주의료원,16,20260728085002,043-871-0119,,,,,,,,,,,,,,,,,,,1,,2,,,,,,,,,,,,,,Y,,,,Y,,Y,Y,,,Y,Y,N1,118,N1,3,N1,Y,,4,N1,18,,1,2,,,,,,,,,,,,12,,,,,4,,,,,1,1,1,8,,,1,,,,,282,,,,,,,,,,,,,,,,,Y,N1,A2300004,15
2026-07-28 08:54:00,data_go_kr,충청남도,A2400002,단국대학교의과대학부속병원,17,20260728085000,041-550-6840,Y,Y,2,2,,,,1,,,,,,3,,,,4,,1,1,6,,,,0,9,,1,2,11,0,Y,,Y,0,2,6,Y,0,Y,Y,,,Y,Y,Y,67,Y,,Y,Y,1,0,Y,25,4,,1,18,,13,25,,,,13,20,,,,1,30,,40,13,2,20,8,3,4,3,6,6,14,29,15,7,17,,1,640,2,2,,,,2,,,,,7,,,,2,6,Y,Y,A2400002,1
2026-07-28 08:54:00,data_go_kr,충청남도,A2400001,학교법인동은학원순천향대학교부속천안병원,14,20260728084626,041-590-7019,Y,Y,,,1,3,1,,,8,,,,,,,,12,4,8,3,4,,2,,4,2,3,,,,0,Y,Y,Y,,,,Y,,Y,Y,,,Y,Y,Y,47,Y,,Y,Y,5,3,Y,22,14,4,3,17,18,15,38,,2,,,,,,,6,30,6,,19,,,14,11,6,4,6,60,16,37,6,6,10,1,1,713,,,1,3,1,,,,,,,,,,,,Y,Y,A2400001,2
2026-07-28 08:54:00,data_go_kr,충청남도,A2400009,의료법인백제병원,12,20260728084841,041-730-8882,,,,,,,,,,,,,,,,,,,1,,2,,,,,,,,,,19,,,,Y,,,,Y,,Y,Y,,,Y,Y,N1,16,N1,0,N1,Y,,1,N1,20,,1,2,,,,,,,,,,,,26,,,,,4,,49,,,2,2,1,11,,,3,,,,,398,,,,,,,,,,,,,,,,,Y,N1,A2400009,3
2026-07-28 08:54:00,data_go_kr,충청남도,A2400008,당진종합병원,10,20260728084943,041-358-3624,,,,,,,,,,,,,,,,,,,1,,2,,,,,,,,,,,,,,Y,,,,Y,,Y,Y,,,Y,Y,N1,82,N1,0,N1,Y,,4,N1,17,,1,2,,,,,,,,,,,,13,,,,,4,,,,,2,2,1,5,,,1,,,,,246,,,,,,,,,,,,,,,,,Y,N1,A2400008,4
2026-07-28 08:54:00,data_go_kr,충청남도,A2400011,재단법인아산사회복지재단보령아산병원,15,20260728084502,041-930-5333,,,,,,,,,,,,,,,,,,,1,,2,,,,,,,,,,,,,,Y,,,,,,Y,N1,,,N1,Y,N1,74,N1,5,N1,Y,,2,N1,17,,1,2,,,,,,,,,,,,8,,,,,2,,,,,1,1,,4,,,,,,,,221,,,,,,,,,,,,,,,,,Y,N1,A2400011,5
2026-07-28 08:54:00,data_go_kr,충청남도,A2400003,서산중앙병원,17,20260728084503,041-661-1195,,,,,,,,,,,,,,,,,,,1,,2,,,,,,,,,,,,,,Y,,,,,,Y,N1,,,Y,Y,N1,46,N1,3,N1,Y,,4,N1,17,,1,2,,,,,,,,,,,,17,,,,,4,,,,,1,1,,7,,,1,,,,,288,,,,,,,,,,,,,,,,,Y,N1,A2400003,6
2026-07-28 08:54:00,data_go_kr,충청남도,A2400006,충청남도서산의료원,5,20260728084602,041-689-7119,,,,,,,,,,,,,,,,,,,1,,2,0,,,,,1,,,,,5,,,Y,,,,,,Y,N1,,,N1,Y,N1,24,N1,0,N1,Y,,3,N1,17,,1,2,2,,,,,,,,,,,8,,4,,,3,,,5,,2,1,,10,,,,,,,,259,,,,,,,,,,,,,,,,,Y,N1,A2400006,7
2026-07-28 08:54:00,data_go_kr,충청남도,A2402257,아산충무병원,10,20260728085019,041-536-6519,,,1,7,,,,,,,,,,5,,,,,,,,,,,,2,,,,,,,Y,,Y,,,,Y,,Y,Y,,,Y,Y,Y,148,Y,8,N1,Y,,3,N1,13,,,,,,,,,,,,,,,22,2,,,,4,,,,1,2,2,3,27,,,4,2,1,,,456,1,7,,,,,,,,,5,,,,,,Y,N1,A2402257,8
2026-07-28 08:54:00,data_go_kr,충청남도,A2400012,의료법인영서의료재단천안충무병원,11,20260728084522,041-570-7519,,,,,,,,,,,,,,,,,,,1,,4,,,,,0,,,,,,,,,Y,0,,,Y,,Y,Y,,,Y,Y,Y,36,N1,-1,N1,Y,,2,N1,16,,1,4,,,,,,,,7,,,,19,3,,,,5,,,,,2,2,3,26,,,3,3,,,,333,,,,,,,,,,,,,,,,,Y,N1,A2400012,9
2026-07-28 08:54:00,data_go_kr,충청남도,A2400007,충청남도홍성의료원,10,20260728084802,041-630-6119,,,,,,,,,,,,,,,,,,1,1,,2,2,,,,1,3,,,,3,1,Y,,Y,,,,Y,,Y,Y,,,Y,Y,N1,106,N1,0,N1,Y,,4,Y,18,1,1,2,2,,,,,,,,,,,22,1,3,,,4,,49,1,1,2,2,1,10,,,1,,,,2,260,,,,,,,,,,,,,,,,,Y,N1,A2400007,10
2026-07-28 08:54:00,data_go_kr,충청남도,A2400010,충청남도공주의료원,12,20260728084801,041-962-1365,,,,,,,,,,,,,,,,,,,,,1,,,,,,,,,,,4,,,Y,,,,,,Y,N1,,,Y,Y,N1,58,N1,1,N1,Y,,6,N1,15,,,1,,,,,,,,,,,,16,,,,,6,,,6,,1,1,,9,,,2,,,,,273,,,,,,,,,,,,,,,,,Y,N1,A2400010,11
2026-07-28 08:54:00,data_go_kr,충청남도,A2400038,학교법인건양교육재단건양대학교부여병원,8,20260728084847,041-837-1201,,,,,,,,,,,,,,,,,,,,,1,,,,,,,,,,,,,,Y,,,,,,Y,N1,,,N1,Y,N1,21,N1,,N1,N1,,1,N1,9,,,1,,,,,,,,,,,,,,,,,1,,,,,1,,,1,,,,,,,,55,,,,,,,,,,,,,,,,,Y,N1,A2400038,12
2026-07-28 08:54:00,data_go_kr,충청남도,A2400044,의료법인 서해병원,5,20260728084649,041-950-0219,,,,,,,,,,,,,,,,,,,,,2,,,,,,,,,,,,,,Y,,,,,,Y,N1,,,N1,Y,N1,13,N1,,N1,N1,,,N1,5,,,2,,,,,,,,,,,,,,,,,,,,,,1,,,1,,,,,,,,79,,,,,,,,,,,,,,,,,Y,N1,A2400044,13
2026-07-28 08:54:00,data_go_kr,충청남도,A2400039,현대병원,10,20260728085001,041-546-7744,N,N,,,,,,,,,,,,,,,,,,,1,,,,,,,,,,,,N,N,Y,0,,,N,,Y,N,,,N,Y,N,4,N,2,N,Y,,3,N,10,,,1,,,,,,,,0,,,,7,,,,,3,,,,0,1,1,0,3,0,0,0,0,0,0,0,84,,,,,,,,,,,,,,,,,Y,N,A2400039,14
2026-07-28 08:54:00,data_go_kr,충청남도,A2400004,의료법인 예당의료재단 예산종합병원,6,20260728085007,041-330-4119,,,,,,,,,,,,,,,,,,,,,1,,,,,,,,,,,,,,Y,,,,,,Y,N1,,,N1,Y,N1,0,N1,5,N1,Y,,0,N1,6,,,1,,,,,,,,,,,,9,,,,,0,,,,,0,0,,0,,,,,,,,88,,,,,,,,,,,,,,,,,Y,N1,A2400004,15
2026-07-28 08:54:00,data_go_kr,충청남도,A2400005,충청남도천안의료원,11,20260728085001,041-570-7119,,,,,,,,,,,,,,,,6,,,,,1,,,,,,,,,,,,,,Y,,,,,,Y,N1,,,N1,Y,N1,52,N1,7,N1,Y,,2,N1,12,,,1,,,,,,,,,,,,15,,,,,4,,,,,1,1,,10,,,,,,,,241,,,,,,,,,,,,,6,,,,Y,N1,A2400005,16
2026-07-28 08:54:00,data_go_kr,충청남도,E2400032,청양군보건의료원,6,20260728085001,041-940-4951,,,,,,,,,,,,,,,,,,,,,1,,,,,,,,,,,,,,Y,,,,,,Y,N1,,,N1,Y,N1,12,N1,,N1,N1,,1,N1,6,,,1,,,,,,,,,,,,,,,,,1,,,,,1,,,1,,,,,,,,12,,,,,,,,,,,,,,,,,Y,N1,E2400032,17
2026-07-28 08:54:00,data_go_kr,충청남도,E2400033,태안군보건의료원,10,20260728085001,041-671-5319,,,,,,,,,,,,,,,,,,,,,1,,,,,,,,,,,,,,Y,,,,,,Y,N1,,,N1,Y,N1,21,N1,,N1,N1,,,N1,10,,,1,,,,,,,,,,,,,,,,,,,,,,1,,,1,,,,,,,,34,,,,,,,,,,,,,,,,,Y,N1,E2400033,18
2026-07-28 08:54:00,data_go_kr,전북특별자치도,A2500001,원광대학교병원,2,20260728085016,063-859-1165,Y,Y,2,3,,,,2,,3,,,,,,,,3,,2,,4,,,2,4,11,,14,2,1,1,Y,,Y,,2,6,Y,9,Y,Y,,,Y,Y,Y,63,Y,6,Y,Y,2,5,Y,26,3,,,18,8,15,15,,,,,20,8,,15,7,31,,40,15,2,30,2,1,5,4,5,11,12,20,8,4,1,,2,543,2,3,,,,2,,,,,,,,,2,6,Y,Y,A2500001,1
2026-07-28 08:54:00,data_go_kr,전북특별자치도,A2500002,전북대학교병원,12,20260728084646,063-250-1131,Y,Y,2,5,,,2,1,,2,,,,,,,,5,,2,,3,5,,3,1,4,,,,3,15,Y,,Y,5,,,Y,,Y,Y,,,Y,Y,Y,285,Y,,Y,Y,21,6,N1,36,5,,,17,10,8,25,10,,,18,,11,,,2,30,,,21,,23,15,3,1,2,5,11,15,22,4,2,1,,,834,2,5,,,2,1,,,,,,,,,,,Y,Y,A2500002,2
2026-07-28 08:54:00,data_go_kr,전북특별자치도,A2500007,전북특별자치도군산의료원,15,20260728084902,063-472-5130,,Y,,,,,,,,,,,,,,,,,1,,2,1,,,,2,2,,,,,,Y,,Y,,,,,,Y,N1,,,N1,Y,N1,80,N1,7,Y,Y,,3,N1,17,,1,2,2,,,,,,,,,,,18,2,3,,,6,,,,1,1,1,,18,,2,,,,,,289,,,,,,,,,,,,,,,,,Y,N1,A2500007,3
2026-07-28 08:54:00,data_go_kr,전북특별자치도,A2500012,의료법인오성의료재단동군산병원,12,20260728085026,063-440-0516,,,,,,,,,,,,,,,,0,,,1,,5,1,,,,,1,,,,,,,,Y,,,,Y,,Y,Y,,,Y,Y,N1,19,N1,4,N1,Y,,2,N1,17,,1,5,2,,,,,,,,,,,24,,3,,,6,,,,,2,2,2,13,,,2,,,,,262,,,,,,,,,,,,,0,,,,Y,N1,A2500012,4
2026-07-28 08:54:00,data_go_kr,전북특별자치도,A2500004,전북특별자치도남원의료원,15,20260728085001,063-620-1119,,Y,,,,,,,,,,,,,,,,,1,,2,,,,,1,,,,,,,Y,,Y,,,,,,Y,N1,,,N1,Y,N1,38,N1,3,Y,Y,,3,N1,17,,1,2,,,,,,,,,,,,9,1,,,,3,,,,3,2,1,,10,,1,,,,,,190,,,,,,,,,,,,,,,,,Y,N1,A2500004,5
2026-07-28 08:54:00,data_go_kr,전북특별자치도,A2500011,의료법인대산의료재단익산병원,13,20260728085000,063-840-9112,,,,,,,,,,,,,,,,,,,1,,2,,,,,0,,,,,,,,,Y,,,,Y,,Y,Y,,,N1,Y,N1,19,N1,7,N1,Y,,5,N1,17,,1,2,,,,,,,,,,,,17,1,,,,5,,,,,2,2,1,7,,,,,,,,333,,,,,,,,,,,,,,,,,Y,N1,A2500011,6
2026-07-28 08:54:00,data_go_kr,전북특별자치도,A2500056,대자인병원,24,20260728084807,063-250-8701,,,,,,,,,,,,,,,,,,,1,1,2,,,,,4,,,,,,,,Y,Y,,,,Y,,Y,Y,,,Y,Y,Y,29,N1,1,N1,Y,,7,Y,33,,1,2,,,36,,,,,,,,,15,4,,,,15,,,,,4,3,2,12,,,4,2,,1,1,45,,,,,,,,,,,,,,,,,Y,N1,A2500056,7
2026-07-28 08:54:00,data_go_kr,전북특별자치도,A2500006,재단법인예수병원유지재단예수병원,20,20260728085012,063-230-8280,Y,Y,,,1,1,,,,,,,,,,,,7,1,,2,,,2,,4,,2,,,,2,Y,,Y,0,,,Y,,Y,Y,,,Y,Y,Y,124,N1,2,Y,Y,4,9,Y,38,10,1,2,,,,12,,2,,14,,,,23,4,,6,,14,,,5,4,4,3,4,40,6,11,7,2,,,2,685,,,1,1,,,,,,,,,,,,,Y,Y,A2500006,8
2026-07-28 08:54:00,data_go_kr,전북특별자치도,A2500005,의료법인영경의료재단전주병원,8,20260728084754,063-226-6119,,,,,,,,,,,,,,,,,,,1,,2,,,,,,,,,,,,,,Y,,,,,,Y,N1,,,Y,Y,N1,4,N1,5,N1,Y,,5,N1,17,,1,2,,,,,,,,,,,,9,,,,,5,,,,,1,2,,6,,,1,,,,,275,,,,,,,,,,,,,,,,,Y,N1,A2500005,9
2026-07-28 08:54:00,data_go_kr,전북특별자치도,A2500008,재단법인 아산사회복지재단 정읍아산병원,16,20260728085003,063-530-6129,,,,,,,,,,,,,,,,,,,1,,2,,,,,,,,,,,,,,Y,,,,,,Y,N1,,,N1,Y,N1,69,N1,3,N1,Y,,2,N1,17,,1,2,,,,,,,,,,,,12,,,,,3,,,,,1,1,,5,,,,,,,,276,,,,,,,,,,,,,,,,,Y,N1,A2500008,10
2026-07-28 08:54:00,data_go_kr,전북특별자치도,A2500009,의료법인석천재단고창병원,10,20260728084916,063-560-5558,,,,,,,,,,,,,,,,,,,,,1,,,,,,,,,,,,,,Y,,,,,,Y,N1,,,N1,Y,N1,0,N1,,N1,Y,,2,N1,10,,,1,,,,,,,,,,,,,,,,,2,,,,,1,1,,4,,,,,,,,258,,,,,,,,,,,,,,,,,Y,N1,A2500009,11
2026-07-28 08:54:00,data_go_kr,전북특별자치도,A2500038,김제우석병원,10,20260728085020,063-540-5119,,,,,,,,,,,,,,,,,,,,,1,,,,,,,,,,,,,,Y,,,,,,Y,N1,,,N1,Y,N1,83,N1,,N1,Y,,2,N1,10,,,1,,,,,,,,,,,,,,,,,2,,,,,1,1,,1,,,,,,,,200,,,,,,,,,,,,,,,,,Y,N1,A2500038,12
2026-07-28 08:54:00,data_go_kr,전북특별자치도,E2500019,무주군보건의료원,4,20260728085001,063-320-8315,,,,,,,,,,,,,,,,,,,,,1,,,,,,,,,,,,,,Y,,,,,,Y,N1,,,N1,Y,N1,24,N1,,N1,N1,,,N1,4,,,1,,,,,,,,,,,,,,,,,,,,,,1,,,1,,,,,,,,24,,,,,,,,,,,,,,,,,Y,N1,E2500019,13
2026-07-28 08:54:00,data_go_kr,전북특별자치도,A2500010,부안성모병원,7,20260728084235,063-580-8119,,,,,,,,,,,,,,,,,,,,,2,,,,,,,,,,,,,,Y,,,,,,Y,N1,,,N1,Y,N1,5,N1,9,N1,Y,,3,N1,10,,,2,,,,,,,,,,,,9,,,,,3,,,,,1,1,,2,,,,,,,,240,,,,,,,,,,,,,,,,,Y,N1,A2500010,14
2026-07-28 08:54:00,data_go_kr,전북특별자치도,E2500021,순창군보건의료원,9,20260728085001,063-650-5352,,,,,,,,,,,,,,,,,,,,,1,,,,,,,,,,,,,,Y,,,,,,Y,N1,,,N1,Y,N1,30,N1,,N1,N1,,,N1,9,,,1,,,,,,,,,,,,,,,,,,,,,,1,,,1,,,,,,,,30,,,,,,,,,,,,,,,,,Y,N1,E2500021,15
2026-07-28 08:54:00,data_go_kr,전북특별자치도,E2500022,임실군보건의료원,4,20260728085001,063-640-3119,,,,,,,,,,,,,,,,,,,,,1,,,,,,,,,,,,,,Y,,,,,,Y,N1,,,N1,Y,N1,,N1,,N1,N1,,,N1,4,,,1,,,,,,,,,,,,,,,,,,,,,,1,,,1,,,,,,,,,,,,,,,,,,,,,,,,,Y,N1,E2500022,16
2026-07-28 08:54:00,data_go_kr,전북특별자치도,E2500020,장수군보건의료원,5,20260728085001,063-350-2119,,,,,,,,,,,,,,,,,,,,,1,,,,,,,,,,,,,,,,,,,,Y,N1,,,N1,N1,N1,20,N1,,N1,N1,,,N1,5,,,1,,,,,,,,,,,,,,,,,,,,,,,,,1,,,,,,,,22,,,,,,,,,,,,,,,,,Y,N1,E2500020,17
2026-07-28 08:54:00,data_go_kr,전북특별자치도,A2501890,의료법인영경의료재단호성전주병원,8,20260728084958,063-240-8862,,,,,,,,,,,,,,,,,,,,,1,,,,,,,,,,,,,,Y,,,,,,Y,N1,,,N1,Y,N1,7,N1,,N1,Y,,1,N1,9,,,1,,,,,,,,,,,,,,,,,2,,,,,1,1,,1,,,,,,,,122,,,,,,,,,,,,,,,,,Y,N1,A2501890,18
2026-07-28 08:54:00,data_go_kr,전북특별자치도,A2502742,새강병원,12,20260728084852,063-289-9119,,,0,0,,0,0,,,0,,,,,,,,3,1,0,2,0,,,,3,,0,,0,,0,,,Y,,,,,,Y,N1,,,N1,Y,N1,86,N1,16,N1,Y,,3,N1,14,3,1,2,0,0,0,,,,,,,,,16,3,,0,,5,0,,0,,1,1,,1,,,,,,,,201,0,0,,0,0,,,,,,,,,,,,Y,N1,A2502742,19
2026-07-28 08:54:00,data_go_kr,전북특별자치도,A2502031,진안군의료원,5,20260728085002,063-430-7119,,,,,,,,,,,,,,,,,,,,,2,,,,,,,,,,,,,,Y,,,,,,Y,N1,,,N1,Y,N1,30,N1,,N1,Y,,2,N1,6,,,2,,,,,,,,,,,,,,,,,2,,,,,1,1,,3,,,,,,,,74,,,,,,,,,,,,,,,,,Y,N1,A2502031,20
2026-07-28 08:54:00,data_go_kr,경상북도,A2700007,차의과학대학교부속구미차병원,2,20260728085005,054-450-9998,Y,Y,,,,,0,,,,,,,,,,,5,3,,2,0,,,,,3,,,,,,Y,Y,Y,,,,Y,,Y,Y,,,Y,Y,Y,32,Y,1,Y,Y,-1,5,N1,20,5,3,3,25,,,8,,,,,,,,18,,30,,,8,,,,3,3,2,2,21,3,13,2,1,2,1,,301,,,,,3,,,,,,,,,,,,Y,Y,A2700007,1
2026-07-28 08:54:00,data_go_kr,경상북도,A2700014,의료법인안동병원,2,20260728084800,054-840-0119,Y,Y,2,2,,,1,,,1,,,,,,,,2,,,,2,,,,0,6,,3,1,0,4,Y,Y,Y,,1,6,Y,3,Y,Y,,,Y,Y,Y,85,Y,1,Y,Y,10,8,Y,15,3,,,19,20,,10,,,,,20,,,13,3,30,,40,11,2,34,6,3,6,3,5,67,3,12,14,4,13,1,1,775,2,3,,,1,,,,,,,,,,2,6,Y,Y,A2700014,2
2026-07-28 08:54:00,data_go_kr,경상북도,A2700016,포항성모병원,15,20260728084920,054-260-8600,Y,Y,2,3,,,,0,3,,,,,,,,,11,,,,3,,,,1,1,,,,,1,Y,Y,Y,,,,Y,,Y,Y,,,Y,Y,Y,58,Y,3,Y,Y,,7,Y,20,11,,,15,,,,,,,,,,,16,1,17,,,9,,,1,1,3,2,2,25,1,6,4,1,2,1,3,468,2,3,,,,5,13,,,,,,,,,,Y,Y,A2700016,3
2026-07-28 08:54:00,data_go_kr,경상북도,A2700003,동국대학교의과대학경주병원,8,20260728085001,054-770-8306,Y,Y,,,,,,,,1,,,,,,,,3,2,2,5,,,,,3,,,,,10,1,Y,,Y,,,,Y,,Y,Y,,,Y,Y,N1,79,N1,0,Y,Y,,4,N1,16,3,2,5,,11,17,,,,,,,,,7,4,,,,7,,20,3,1,2,2,2,26,2,6,3,,,,,279,,,,,,,,,,,,,,,,,Y,Y,A2700003,4
2026-07-28 08:54:00,data_go_kr,경상북도,A2700013,순천향대학교부속구미병원,10,20260728084621,054-468-9119,,Y,,,,,,,,,,,,,,,,4,1,,2,1,,,,2,0,,,,,1,Y,,Y,,,,Y,,Y,Y,,,Y,Y,N1,36,N1,6,Y,Y,,2,N1,13,4,1,2,2,,,,,,,,,,,31,2,3,,,6,,,1,1,2,2,2,20,,1,2,,,,,263,,,,,,,,,,,,,,,,,Y,N1,A2700013,5
2026-07-28 08:54:00,data_go_kr,경상북도,A2700012,의료법인덕산의료재단김천제일병원,15,20260728084851,054-420-9500,,,,,,,,,,,,,,,,,,,1,,3,1,,,,,2,,,,,,Y,,Y,,,,Y,,Y,Y,,,Y,Y,N1,55,N1,6,N1,Y,,4,Y,16,,1,3,2,,,,,,,,,,,16,,3,,,4,,,,3,1,1,1,10,,,1,,,,1,276,,,,,,,,,,,,,,,,,Y,N1,A2700012,6
2026-07-28 08:54:00,data_go_kr,경상북도,A2700006,의료법인동춘의료재단문경제일병원,17,20260728084000,054-550-7777,,,,,,,,,,,,,,,,,,,1,,0,2,,,,1,3,,,,59,3,,,Y,,,,,,Y,N1,,,N1,Y,N1,54,N1,13,N1,Y,,3,N1,17,,1,2,2,,,,,,,,,,,29,1,3,,,3,,162,4,,2,1,,8,,,,,,,,306,,,,,,,,,,,,,,,,,Y,N1,A2700006,7
2026-07-28 08:54:00,data_go_kr,경상북도,A2700004,안동성소병원,8,20260728085020,054-850-8282,,Y,,,,,,,,,,,,,,,5,,1,,1,1,,,,3,1,,,,22,0,Y,,Y,,,,Y,,Y,Y,,,Y,Y,N1,143,N1,5,Y,Y,,4,N1,12,,1,2,2,,,,,,,,,,,16,3,3,,,6,,186,2,1,2,2,2,21,,4,1,,,,,393,,,,,,,,,,,,,,5,,,Y,N1,A2700004,8
2026-07-28 08:54:00,data_go_kr,경상북도,A2700002,포항세명기독병원,3,20260728084740,054-289-1711,,,,,,,,,,,,,,,,,6,,1,,3,0,,,,1,0,,,,,2,,,Y,,,,Y,,Y,Y,,,Y,Y,Y,65,Y,4,N1,Y,,14,Y,15,,1,3,2,,,,,,,,,,,52,1,3,,,14,,,6,,6,5,4,25,,,5,1,1,,1,662,,,,,,,,,,,,,,6,,,Y,N1,A2700002,9
2026-07-28 08:54:00,data_go_kr,경상북도,A2700019,의)근원의료재단경산중앙병원,5,20260728085004,053-715-0119,,,,,,,,,,,,,,,,,,,,,2,,,,,0,,,,,43,,,,Y,,,,,,Y,N1,,,N1,Y,N1,68,N1,1,N1,Y,,4,N1,10,,,2,,,,,,,,,,,,11,2,,,,4,,116,,,1,1,,9,,,,,,,,301,,,,,,,,,,,,,,,,,Y,N1,A2700019,10
2026-07-28 08:54:00,data_go_kr,경상북도,A2700036,의료법인서명의료재단세명종합병원,1,20260728084745,053-819-8500,,,,,,,,,,,,,,,,,,,,,1,,,,,,,,,,1,,,,Y,,,,,,Y,N1,,,N1,Y,N1,21,N1,2,N1,Y,,4,N1,13,,,2,,,,,,,,,,,,14,,,,,4,,22,,,1,1,,6,,,,,,,,264,,,,,,,,,,,,,,,,,Y,N1,A2700036,11
2026-07-28 08:54:00,data_go_kr,경상북도,A2700097,계명대학교경주동산병원,8,20260728084906,054-770-9420,,,,,,,,,,,,,,,,,,,,,1,,,,,,,,,,,,,,Y,,,,,,Y,N1,,,N1,Y,N1,42,N1,,N1,Y,,2,N1,9,,,1,,,,,,,,,,,,,,,,,2,,,,,1,1,,1,,,,,,,,88,,,,,,,,,,,,,,,,,Y,N1,A2700097,12
2026-07-28 08:54:00,data_go_kr,경상북도,A2700070,의료법인영암의료재단고령영생병원,5,20260728084957,070-4700-0728,,,,,,,,,,,,,,,,,,,,,1,,,,,,,,,,,,,,Y,,,,,,Y,N1,,,N1,Y,N1,34,N1,,N1,N1,,1,N1,5,,,1,,,,,,,,,,,,,,,,,1,,,,,1,,,1,,,,,,,,59,,,,,,,,,,,,,,,,,Y,N1,A2700070,13
2026-07-28 08:54:00,data_go_kr,경상북도,A2700015,구미강동병원,3,20260728084947,054-478-9521,,,,,,,,,,,,,,,,9,,,1,,2,,,,,,,,,,,,,,Y,,,,Y,,Y,Y,,,N1,Y,N1,30,N1,4,N1,Y,,5,N1,7,,1,2,,,,,,,,,,,,12,,,,,5,,,,,1,1,1,3,,,,,,,,191,,,,,,,,,,,,,9,,,,Y,N1,A2700015,14
2026-07-28 08:54:00,data_go_kr,경상북도,A2700018,경상북도김천의료원,13,20260728085002,054-429-8234,,,,,,,,,,,,,,,,,,,1,,,,,,,2,,,,,,,,,Y,,,,,,Y,N1,,,N1,Y,N1,22,N1,4,N1,Y,,5,N1,17,,1,,,,,,,,,,,,,22,3,,,,5,,,,,1,2,,7,,,,,,,,274,,,,,,,,,,,,,,,,,Y,N1,A2700018,15
2026-07-28 08:54:00,data_go_kr,경상북도,A2700009,의료법인삼백의료재단상주성모병원,9,20260728084949,054-530-7811,,,,,,,,,,,,,,,,,,,,,1,,,,,,,,,,,,,,Y,,,,,,Y,N1,,,N1,Y,N1,24,N1,5,N1,Y,,3,N1,9,,,1,,,,,,,,,,,,10,,,,,3,,,,,1,1,,1,,,,,,,,172,,,,,,,,,,,,,,,,,Y,N1,A2700009,16
2026-07-28 08:54:00,data_go_kr,경상북도,A2700011,상주적십자병원,8,20260728084624,054-530-3171,,Y,,,,,,,,,,,,,,,,,1,,,,,,,,,,,,,,Y,,Y,,,,,,Y,N1,,,Y,Y,N1,63,N1,6,Y,Y,,3,N1,9,,1,,,,,,,,,,,,,10,,,,,3,,,,1,1,1,,7,,2,1,,,,,164,,,,,,,,,,,,,,,,,Y,N1,A2700011,17
2026-07-28 08:54:00,data_go_kr,경상북도,A2700001,경상북도안동의료원,5,20260728085002,054-850-6100,,,,,,,,,,,,,,,,,,,,,2,,,,,,,,,,,,,,Y,,,,,,Y,N1,,,N1,Y,N1,116,N1,2,N1,Y,,5,N1,6,,,2,,,,,,,,,,,,10,,,,,5,,,,,1,1,,8,,,,,,,,238,,,,,,,,,,,,,,,,,Y,N1,A2700001,18
2026-07-28 08:54:00,data_go_kr,경상북도,A2700031,영주기독병원,4,20260728032902,054-635-3050,,Y,,,,,,,,,,,,,,,,,,,1,,,,,,,,,,,,Y,,Y,,,,,,Y,N1,,,N1,Y,N1,11,N1,,Y,N1,,1,N1,4,,,1,,,,,,,,,,,,,,,,,1,,,,1,1,,,1,,2,,,,,,70,,,,,,,,,,,,,,,,,Y,N1,A2700031,19
2026-07-28 08:54:00,data_go_kr,경상북도,A2700020,영주자인병원,4,20260728084946,070-7335-5229,,,,,,,,,,,,,,,,,,,,,1,,,,,,,,,,,,,,Y,,,,,,Y,N1,,,N1,Y,N1,21,N1,,N1,Y,,,N1,4,,,1,,,,,,,,,,,,,,,,,2,,,,,1,1,,,,,,,,,,133,,,,,,,,,,,,,,,,,N1,N1,A2700020,20
2026-07-28 08:54:00,data_go_kr,경상북도,A2702752,영주적십자병원,10,20260728084838,054-630-0112,,,,,,,,,,,,,,,,,,,1,,,,,,,,,,,,,,,,Y,,,,,,Y,N1,,,Y,Y,N1,67,N1,3,N1,Y,,3,N1,10,,1,,,,,,,,,,,,,10,,,,,3,,,,,1,1,,4,,,1,,,,,140,,,,,,,,,,,,,,,,,Y,N1,A2702752,21
2026-07-28 08:54:00,data_go_kr,경상북도,A2700017,영남대학교의과대학부속영천병원,9,20260728084755,054-330-7575,,,,,,,,,,,,,,,,,,,1,,2,,,,,,,,,,,,,,Y,,,,,,Y,N1,,,N1,Y,N1,47,N1,3,N1,Y,,4,N1,10,,1,2,,,,,,,,,,,,10,,,,,4,,,,,1,1,,1,,,,,,,,190,,,,,,,,,,,,,,,,,Y,N1,A2700017,22
2026-07-28 08:54:00,data_go_kr,경상북도,A2700023,의료법인서준의료재단예천권병원,4,20260728084545,054-650-2119,,Y,,,,,,,,,,,,,,,,,1,,0,,,,,,,,,,,0,Y,,Y,,,,,,Y,N1,,,N1,Y,N1,77,N1,,Y,Y,,2,N1,6,,1,0,,,,,,,,,,,,,,,,,2,,,0,1,1,1,,3,,2,,,,,,173,,,,,,,,,,,,,,,,,Y,N1,A2700023,23
2026-07-28 08:54:00,data_go_kr,경상북도,E2700553,울릉군보건의료원,2,20260728085001,054-790-6911,,,,,,,,,,,,,,,,,,,,,,,,,,,,,,,,,,,Y,,,,,,Y,N1,,,N1,Y,N1,24,N1,,N1,N1,,1,N1,5,,,,,,,,,,,,,,,,,,,,1,,,,,1,,,1,,,,,,,,27,,,,,,,,,,,,,,,,,Y,N1,E2700553,24
2026-07-28 08:54:00,data_go_kr,경상북도,A2700052,울진군의료원,7,20260728084601,054-785-7119,,,,,,,,,,,,,,,,,,,2,,,,,,,,,,,,,2,,,Y,,,,,,Y,N1,,,N1,Y,N1,36,N1,,N1,Y,,3,N1,8,,2,,,,,,,,,,,,,,,,,,3,,,2,,1,1,,1,,,,,,,,97,,,,,,,,,,,,,,,,,Y,N1,A2700052,25
2026-07-28 08:54:00,data_go_kr,경상북도,A2700063,의료법인영제의료재단영남제일병원,4,20260728084554,054-861-9111,,,,,,,,,,,,,,,,,,,,,1,,,,,,,,,,,,,,Y,,,,,,Y,N1,,,N1,Y,N1,27,N1,,N1,N1,,1,N1,,,,,,,,,,,,,,,,,,,,,,,,,,,,,,,,,,,,,,,,,,,,,,,,,,,,,,Y,N1,A2700063,26
2026-07-28 08:54:00,data_go_kr,경상북도,A2700038,의료법인대남의료재단청도대남병원,9,20260728084719,054-370-5112,,,,,,,,,,,,,,,,,,,,,,,,,,,,,,,,,,,Y,,,,,,Y,N1,,,N1,Y,N1,86,N1,,N1,Y,,1,N1,10,,,,,,,,,,,,,,,,,,,,1,,,,,1,1,,1,,,,,,,,115,,,,,,,,,,,,,,,,,Y,N1,A2700038,27
2026-07-28 08:54:00,data_go_kr,경상북도,E2700554,청송군보건의료원,3,20260728085001,054-870-7119,,,,,,,,,,,,,,,,,,,,,1,,,,,,,,,,,,,,,,,,,,Y,N1,,,N1,N1,N1,55,N1,,N1,N1,,,N1,5,,,1,,,,,,,,,,,,,,,,,,,,,,,,,1,,,,,,,,45,,,,,,,,,,,,,,,,,Y,N1,E2700554,28
2026-07-28 08:54:00,data_go_kr,경상북도,A2700008,에스포항병원,4,20260728085020,054-289-9120,Y,,,,,,,,,,,,,,,,,,,,1,,,,,0,,,,,,,,,Y,,,,Y,,Y,Y,,,Y,Y,N1,4,N1,0,N1,Y,,4,N1,6,,,1,,,,,,,,,,,,14,1,,,,4,,,,,2,2,3,9,9,,1,,,,,239,,,,,,,,,,,,,,,,,Y,Y,A2700008,29
2026-07-28 08:54:00,data_go_kr,경상북도,A2702563,의료법인은성의료재단좋은선린병원,10,20260728084956,054-245-5200,,,,,,,,,,,,,,,,2,,,,,2,,,,,1,,,,,,,,,Y,,,,N,,Y,N,,,N1,Y,N1,77,N1,0,N1,Y,,4,N,10,,,2,,,,,,,,,,,,17,1,,,,4,,,,,1,1,2,7,,,,,,,14,281,,,,,,,,,,,,,2,,,,N,N1,A2702563,30
2026-07-28 08:54:00,data_go_kr,경상북도,A2700005,경상북도포항의료원,6,20260728085002,054-245-0129,,,,,,,,,,,,,,,,,,,1,,1,,,,,1,,,,,9,6,,,Y,,,,,,Y,N1,,,N1,Y,N1,33,N1,5,N1,Y,,3,N1,8,,1,1,,,,,,,,,,,,19,1,,,,3,,56,7,,1,1,,4,,,,,,,,179,,,,,,,,,,,,,,,,,Y,N1,A2700005,31
2026-07-28 08:54:00,data_go_kr,경상남도,A2800011,양산부산대학교병원,11,20260728084827,055-360-1463,Y,Y,2,1,1,1,0,0,,5,,0,0,,4,,,5,,4,1,0,6,2,,0,3,2,,,4,4,Y,,Y,3,,,Y,,Y,Y,,3,Y,Y,Y,197,Y,,Y,Y,18,-2,N1,23,8,,1,16,16,11,38,11,2,,9,,,10,,0,30,6,,25,,33,4,4,6,5,6,92,24,23,19,12,2,,,766,2,3,1,1,2,2,,,0,0,,4,,,,,Y,Y,A2800011,1
2026-07-28 08:54:00,data_go_kr,경상남도,A2800001,경상국립대학교병원,14,20260728084801,055-750-8282,Y,Y,,,,,,3,,1,,,,,,,,3,2,5,3,2,,,3,1,2,,24,2,7,5,Y,,Y,,2,6,Y,14,Y,Y,,,Y,Y,Y,173,Y,,Y,Y,2,8,N1,28,3,2,3,14,8,9,15,,,,,20,6,,,3,30,,40,15,2,23,7,7,3,3,5,16,9,20,5,4,17,,,655,,,,,,6,,,,,,,,,2,6,Y,Y,A2800001,2
2026-07-28 08:54:00,data_go_kr,경상남도,A2800020,학교법인성균관대학삼성창원병원,17,20260728085017,055-233-8899,Y,Y,,,,,,0,,3,,,,,,,,8,2,6,3,6,,,,1,16,,,,,3,Y,,Y,,,,Y,,Y,Y,,,Y,Y,Y,152,Y,,Y,Y,19,5,N1,27,8,2,3,19,15,20,24,,,,,,,,,3,30,,,16,,,5,7,4,3,4,45,8,20,5,3,3,,,645,,,,,,1,,,,,,,,,,,Y,Y,A2800020,3
2026-07-28 08:54:00,data_go_kr,경상남도,A2800010,의료법인환명의료재단 조은금강병원,14,20260728084646,055-330-0200,,,,,,,,,,,,,,,,,,,1,,2,,,,,1,,,,,4,,,,Y,,,,Y,,Y,Y,,,N1,Y,N1,47,N1,15,N1,Y,,4,Y,17,,1,2,,,,,,,,,,,,23,1,,,,4,,96,,,1,2,1,7,,,,,,,2,305,,,,,,,,,,,,,,,,,Y,N1,A2800010,4
2026-07-28 08:54:00,data_go_kr,경상남도,A2800006,의료법인숭인의료재단 김해복음병원,16,20260728084833,055-330-8844,,,,,,,,,,,,,,,,,,,1,,3,,,,,1,,,,,,,,,Y,,,,Y,,Y,Y,,,Y,Y,N1,40,N1,0,N1,Y,,3,N1,16,,1,3,,,,,,,,,,,,18,1,,,,5,,,,,2,3,1,3,,,3,,,,,359,,,,,,,,,,,,,,,,,Y,N1,A2800006,5
2026-07-28 08:54:00,data_go_kr,경상남도,A2800043,한일병원,14,20260728084636,055-750-1333,,,,,,,,,,,,,,,,,,,1,,2,0,,,,0,0,,,,,,,,Y,,,,Y,,Y,Y,,,Y,Y,N1,8,N1,5,N1,Y,,3,Y,17,,1,2,2,,,,,,,,,,,13,1,3,,,4,,,,,2,2,1,6,,,1,,,,1,282,,,,,,,,,,,,,,,,,Y,N1,A2800043,6
2026-07-28 08:54:00,data_go_kr,경상남도,A2800003,제일병원,11,20260728084920,055-750-7119,,,,,,,,,,,,,,,,,,,1,,2,,,,,,,,,,,,,Y,Y,,,,Y,,Y,Y,,,N1,Y,N1,42,N1,8,N1,Y,,4,Y,17,,1,2,,,,,,,,,,,,9,,,,,7,,,,,2,2,1,4,,,,,,1,1,258,,,,,,,,,,,,,,,,,Y,N1,A2800003,7
2026-07-28 08:54:00,data_go_kr,경상남도,A2800017,의료법인합포의료재단에스엠지연세병원,12,20260728085009,055-240-7777,,,,,,,,,,,,,,,,,,,1,,2,,,,,1,,,,,,,,,Y,,,,Y,,Y,Y,,,Y,Y,N1,35,N1,7,N1,Y,,2,N1,17,,1,2,,,,,,,,,,,,12,1,,,,4,,,,,1,2,1,7,,,1,,,,,286,,,,,,,,,,,,,,,,,Y,N1,A2800017,8
2026-07-28 08:54:00,data_go_kr,경상남도,A2803505,창원경상국립대학교병원,13,20260728084801,055-214-1339,Y,Y,,,,,,,,,,,,5,0,,,,1,,2,,,,,2,,,,,8,6,Y,,Y,,,,Y,,Y,Y,,,Y,Y,Y,195,Y,17,Y,Y,8,13,N1,18,,1,2,,,,17,,,,,,,,34,2,,,,13,,22,6,9,3,2,5,52,9,22,6,7,14,,,437,,,,,,,,,,,5,0,,,,,Y,Y,A2803505,9
2026-07-28 08:54:00,data_go_kr,경상남도,A2800007,창원한마음병원,12,20260728084811,055-225-0350,Y,Y,,,,,,,,0,,,,,,,,,1,1,0,,,,,1,,,,,,0,Y,,Y,,,,Y,,Y,Y,,,Y,Y,Y,36,Y,,Y,Y,10,2,Y,21,,1,3,,25,37,10,,,,,,,,,1,,,,13,,,6,2,4,4,4,29,3,11,6,1,2,,2,688,,,,,,,,,,,,,,,,,Y,Y,A2800007,10
2026-07-28 08:54:00,data_go_kr,경상남도,A2800004,창원파티마병원,7,20260728084606,055-270-1119,Y,Y,,,,,,,,2,,,,,,,,,1,2,2,0,,,,0,2,,,,,2,Y,Y,Y,,,,Y,,Y,Y,,,Y,Y,N1,86,Y,,Y,Y,2,6,N1,17,,1,2,2,12,13,2,,,,,,,,,2,3,,,7,,,6,2,4,3,3,16,3,6,3,,4,1,,444,,,,,,,,,,,,,,,,,Y,Y,A2800004,11
2026-07-28 08:54:00,data_go_kr,경상남도,A2800008,의료법인 거붕 백병원,9,20260728084946,055-733-0180,,,,,,,,,,,,,,,,,,,,,1,,,,,,,,,,,,,,Y,,,,,,Y,N1,,,N1,Y,N1,30,N1,11,N1,Y,,4,N1,9,,,1,,,,,,,,,,,,20,,,,,4,,,,,2,2,,12,,,,,,,,365,,,,,,,,,,,,,,,,,Y,N1,A2800008,12
2026-07-28 08:54:00,data_go_kr,경상남도,A2800005,의료법인 대우의료재단대우병원,7,20260728084659,055-680-8119,,,,,,,,,,,,,,,,,,,,,0,,,,,,,,,,,,,,Y,,,,,,Y,N1,,,N1,Y,N1,40,N1,3,N1,Y,,4,N1,9,,,1,,,,,,,,,,,,10,,,,,4,,,,,2,1,,5,,,,,,,,231,,,,,,,,,,,,,,,,,Y,N1,A2800005,13
2026-07-28 08:54:00,data_go_kr,경상남도,A2800022,의료법인 성념의료재단맑은샘병원,9,20260728084546,055-736-0119,,,,,,,,,,,,,,,,,,,,,1,,,,,,,,,,,,,,Y,,,,,,Y,N1,,,N1,Y,N1,2,N1,,N1,Y,,2,N1,9,,,1,,,,,,,,,,,,,,,,,2,,,,,1,1,,4,,,,,,,,200,,,,,,,,,,,,,,,,,Y,N1,A2800022,14
2026-07-28 08:54:00,data_go_kr,경상남도,A2800076,거창적십자병원,9,20260728084940,055-949-3359,,Y,,,,,,,,,,,,,,,,,,,1,,,,,,,,,,,,Y,,Y,,,,,,Y,N1,,,N1,Y,N1,29,N1,,Y,Y,,2,N1,9,,,1,,,,,,,,,,,,,,,,,2,,,,1,1,1,,2,,2,,,,,,91,,,,,,,,,,,,,,,,,Y,N1,A2800076,15
2026-07-28 08:54:00,data_go_kr,경상남도,A2800032,강병원,9,20260728084807,055-673-4848,,,,,,,,,,,,,,,,,,,,,1,,,,,,,,,,,,,,Y,,,,,,Y,N1,,,N1,Y,N1,15,N1,,N1,Y,,1,N1,9,,,1,,,,,,,,,,,,,,,,,1,,,,,1,1,,1,,,,,,,,99,,,,,,,,,,,,,,,,,Y,N1,A2800032,16
2026-07-28 08:54:00,data_go_kr,경상남도,A2803677,강일병원,8,20260728084622,055-822-0119,,,,,,,,,,,,,,,,,,,1,,2,,,,,,,,,,,,,,Y,,,,Y,,Y,Y,,,N1,Y,N1,111,N1,13,N1,Y,,5,N1,8,,1,2,,,,,,,,,,,,15,,,,,5,,,,,1,2,1,1,,,,,,,,275,,,,,,,,,,,,,,,,,Y,N1,A2803677,17
2026-07-28 08:54:00,data_go_kr,경상남도,A2800014,의료법인갑을의료재단 갑을장유병원,9,20260728084826,055-310-6119,,,,,,,,,,,,,,,,,,,1,,,,,,,,,,,,,,,,Y,,,,,,Y,N1,,,N1,Y,N1,47,N1,,N1,Y,,4,N1,9,,1,,,,,,,,,,,,,,,,,,4,,,,,1,1,,1,,,,,,,,210,,,,,,,,,,,,,,,,,Y,N1,A2800014,18
2026-07-28 08:54:00,data_go_kr,경상남도,A2800094,의료법인 이도의료재단 남해병원,8,20260728084314,055-860-6630,N,N,,,,,,,,,,,,,,,,,1,,1,,,,,,,,,,,,N,N,Y,,,,N,,Y,N,,,N,Y,N,72,N,,N,Y,,2,N,,,,,,,,,,,,,,,,,,,,,,,,,,,,,,,,,,,,,,,,,,,,,,,,,,,,,,N,N,A2800094,19
2026-07-28 08:54:00,data_go_kr,경상남도,A2800113,밀양병원,8,20260728084959,055-356-9119,,,,,,,,,,,,,,,,,,,,,1,,,,,,,,,,,,,,Y,,,,,,Y,N1,,,N1,Y,N1,29,N1,,N1,Y,,0,N1,8,,,1,,,,,,,,,,,,,,,,,0,,,,,1,1,,1,,,,,,,,200,,,,,,,,,,,,,,,,,Y,N1,A2800113,20
2026-07-28 08:54:00,data_go_kr,경상남도,A2800068,의료법인승연의료재단 삼천포서울병원,7,20260728084932,055-830-9019,,,,,,,,,,,,,,,,,,,,,1,,,,,,,,,,,,,,Y,,,,Y,,Y,Y,,,N1,Y,N1,22,N1,,N1,Y,,3,Y,9,,,1,,,,,,,,,,,,,,,,,3,,,,,1,2,1,4,,,,,,,1,287,,,,,,,,,,,,,,,,,Y,N1,A2800068,21
2026-07-28 08:54:00,data_go_kr,경상남도,A2800101,삼천포제일병원,8,20260728084613,055-830-3099,,,,,,,,,,,,,,,,,,,,,2,,,,,,,,,,,,,,Y,,,,,,Y,N1,,,N1,Y,N1,64,N1,,N1,Y,,2,Y,8,,,2,,,,,,,,,,,,,,,,,2,,,,,1,1,,1,,,,,,,1,214,,,,,,,,,,,,,,,,,Y,N1,A2800101,22
2026-07-28 08:54:00,data_go_kr,경상남도,E2800380,산청군보건의료원,5,20260728085001,055-970-7582,,,,,,,,,,,,,,,,,,,,,1,,,,,,,,,,,,,,,,,,,,Y,N1,,,N1,N1,N1,20,N1,,N1,N1,,,N1,5,,,1,,,,,,,,,,,,,,,,,,,,,,,,,1,,,,,,,,20,,,,,,,,,,,,,,,,,Y,N1,E2800380,23
2026-07-28 08:54:00,data_go_kr,경상남도,A2804593,양산성모병원,12,20260728085025,055-912-9785,,,,,,,,,,,,,,,,,,,1,,,,,,,,,,,,,,,,Y,,,,,,Y,N1,,,N1,Y,N1,130,N1,5,N1,Y,,4,N1,13,,1,,,,,,,,,,,,,6,,,,,4,,,,,1,2,,1,,,,,,,,214,,,,,,,,,,,,,,,,,Y,N1,A2804593,24
2026-07-28 08:54:00,data_go_kr,경상남도,A2800019,베데스다복음병원,7,20260728084952,055-781-9911,,,,,,,,,,,,,,,,,,,,,1,,,,,,,,,,,,,,Y,,,,,,Y,N1,,,N1,Y,N1,44,N1,,N1,Y,,3,N1,9,,,1,,,,,,,,,,,,,,,,,3,,,,,1,1,,1,,,,,,,,133,,,,,,,,,,,,,,,,,Y,N1,A2800019,25
2026-07-28 08:54:00,data_go_kr,경상남도,A2800090,의령병원,3,20260728085027,055-573-6806,,,,,,,,,,,,,,,,,,,,,1,,,,,,,,,,,,,,Y,,,,,,Y,N1,,,N1,Y,N1,34,N1,,N1,N1,,,N1,4,,,1,,,,,,,,,,,,,,,,,,,,,,1,,,1,,,,,,,,58,,,,,,,,,,,,,,,,,Y,N1,A2800090,26
2026-07-28 08:54:00,data_go_kr,경상남도,A2800084,반도병원,7,20260728085006,055-749-0200,,,,,,,,,,,,,,,,,,,,,1,,,,,,,,,,,,,,Y,,,,,,Y,N1,,,N1,Y,N1,69,N1,,N1,Y,,3,N1,7,,,1,,,,,,,,,,,,,,,,,3,,,,,1,1,,3,,,,,,,,165,,,,,,,,,,,,,,,,,Y,N1,A2800084,27
2026-07-28 08:54:00,data_go_kr,경상남도,A2800015,의료법인 문병욱의료재단 진주고려병원,10,20260728084857,055-751-2525,,,,,,,,,,,,,,,,,,,,,1,,,,,,,,,,,,,,Y,,,,Y,,Y,Y,,,N1,Y,N1,56,N1,4,N1,Y,,4,Y,10,,,1,,,,,,,,,,,,9,,,,,4,,,,,2,2,1,4,,,,,,,1,229,,,,,,,,,,,,,,,,,Y,N1,A2800015,28
2026-07-28 08:54:00,data_go_kr,경상남도,A2800037,진주복음병원,8,20260728084935,055-749-7119,,,,,,,,,,,,,,,,,,,,,1,,,,,,,,,,,,,,Y,,,,,,Y,N1,,,N1,Y,N1,40,N1,,N1,Y,,3,N1,9,,,1,,,,,,,,,,,,,,,,,3,,,,,1,1,,1,,,,,,,,131,,,,,,,,,,,,,,,,,Y,N1,A2800037,29
2026-07-28 08:54:00,data_go_kr,경상남도,A2800062,태황의료재단한성병원,8,20260728085012,055-530-5119,,,,,,,,,,,,,,,,,,,,,1,,,,,,,,,,,,,,,,,,,,Y,N1,,,N1,N1,N1,44,N1,,N1,N1,,,N1,9,,,1,,,,,,,,,,,,,,,,,,,,,,,,,,,,,,,,,167,,,,,,,,,,,,,,,,,N1,N1,A2800062,30
2026-07-28 08:54:00,data_go_kr,경상남도,A2800025,경상남도마산의료원,13,20260728085002,055-249-1119,,,,,,,,,,,,,,,,,,,1,,1,,,,,2,,,,,,18,,,Y,,,,,,Y,N1,,,Y,Y,N1,59,N1,4,N1,Y,,5,N1,13,,1,1,,,,,,,,,,,,6,2,,,,5,,,27,,1,1,,17,,,2,,,,,263,,,,,,,,,,,,,,,,,Y,N1,A2800025,31
2026-07-28 08:54:00,data_go_kr,경상남도,A2800009,의료법인청아의료재단청아병원,7,20260728084751,055-230-1700,,,,,,,,,,,,,,,,,,,,,1,,,,,,,,,,,,,,Y,,,,,,Y,N1,,,N1,Y,N1,64,N1,,N1,Y,,4,N1,9,,,1,,,,,,,,,,,,,,,,,4,,,,,2,2,,4,,,,,,,,274,,,,,,,,,,,,,,,,,Y,N1,A2800009,32
2026-07-28 08:54:00,data_go_kr,경상남도,A2800021,연세에스병원,9,20260728084636,055-548-7789,,,,,,,,,,,,,,,,,,,,,1,,,,,,,,,,,,,,Y,,,,Y,,Y,Y,,,N1,Y,N1,116,N1,9,N1,Y,,2,N1,9,,,1,,,,,,,,,,,,10,,,,,3,,,,,2,2,1,5,,,,,,,,255,,,,,,,,,,,,,,,,,Y,N1,A2800021,33
2026-07-28 08:54:00,data_go_kr,경상남도,A2800092,새통영병원,8,20260728084930,055-640-4119,,,,,,,,,,,,,,,,,,,,,1,,,,,,,,,,,,,,Y,,,,,,Y,N1,,,N1,Y,N1,67,N1,,N1,Y,,3,N1,9,,,1,,,,,,,,,,,,,,,,,3,,,,,1,2,,3,,,,,,,,256,,,,,,,,,,,,,,,,,Y,N1,A2800092,34
2026-07-28 08:54:00,data_go_kr,경상남도,A2800080,함양성심병원,4,20260728084811,055-964-4322,,,,,,,,,,,,,,,,,,,,,1,,,,,,,,,,,,,,Y,,,,,,Y,N1,,,N1,Y,N1,8,N1,,N1,Y,,2,N1,4,,,1,,,,,,,,,,,,,,,,,2,,,,,1,1,,1,,,,,,,,121,,,,,,,,,,,,,,,,,Y,N1,A2800080,35
2026-07-28 08:54:00,data_go_kr,경상남도,A2800055,삼성합천병원,3,20260728085001,070-5125-5030,,,,,,,,,,,,,,,,,,,,,1,,,,,,,,,,,,,,Y,,,,,,Y,N1,,,N1,Y,N1,15,N1,,N1,Y,,2,N1,4,,,1,,,,,,,,,,,,,,,,,2,,,,,1,1,,1,,,,,,,,141,,,,,,,,,,,,,,,,,Y,N1,A2800055,36
2026-07-28 08:54:00,data_go_kr,제주특별자치도,A2900001,제주한라병원,11,20260728085120,064-740-5159,Y,Y,,,,,0,0,,,4,,,,,,,3,2,,3,6,,,,,18,,6,2,,,Y,,Y,,2,6,Y,10,Y,Y,,,Y,Y,Y,106,Y,7,Y,Y,3,6,N1,15,3,2,3,14,,,7,,,,,20,,,15,,30,,40,6,2,,,2,3,2,3,46,3,8,9,4,2,,,414,,,,,4,2,,4,,,,,,,2,6,Y,Y,A2900001,1
2026-07-28 08:54:00,data_go_kr,제주특별자치도,A2900002,제주특별자치도서귀포의료원,10,20260728085001,064-730-3001,,Y,,,,,,,,,,,,,,,,4,1,,4,2,,,,3,3,,,,3,,Y,,Y,,,,Y,,Y,Y,,,Y,Y,N1,142,N1,10,Y,Y,,4,Y,16,4,1,4,2,,,,,,,,,,,17,3,3,,,4,,26,,1,2,1,1,16,,4,3,,,,1,326,,,,,,,,,,,,,,,,,Y,N1,A2900002,2
2026-07-28 08:54:00,data_go_kr,제주특별자치도,A2900007,제주대학교병원,3,20260728085000,,Y,Y,,,,,,,,0,,,,,,,,,1,4,2,,3,,2,,,,,,3,5,Y,,Y,,,,Y,,Y,Y,,,Y,Y,Y,110,Y,,Y,Y,11,0,N1,20,,1,5,,12,12,16,3,,,,,6,,,,,,,12,,20,9,3,2,2,4,45,8,17,10,5,3,,,458,,,,,,,,,,,,,,,,,Y,Y,A2900007,3
2026-07-28 08:54:00,data_go_kr,제주특별자치도,A2900005,한마음병원,12,20260728084601,064-750-9119,,,,,,,,,,,,,,,,,,,1,,2,,,,,,1,,,,,,,,Y,,,,Y,,Y,Y,,,Y,Y,N1,52,N1,3,N1,Y,,4,N1,17,,1,2,,,,,,,,,,,,12,,1,,,4,,,,,1,1,1,6,,,2,,,,,215,,,,,,,,,,,,,,,,,Y,N1,A2900005,4
2026-07-28 08:54:00,data_go_kr,제주특별자치도,A2900006,의료법인중앙의료재단중앙병원,12,20260728084950,064-786-7777,,,,,,,,,,,,,,,,,,1,1,,2,,,,,,,,,,,,,,Y,,,,Y,,Y,Y,,,Y,Y,Y,96,N1,5,N1,Y,,3,N1,16,1,1,2,,,,,,,,,,,,16,,,,,3,,,,,1,1,2,10,,,2,1,,,,281,,,,,,,,,,,,,,,,,Y,N1,A2900006,5
2026-07-28 08:54:00,data_go_kr,제주특별자치도,A2900003,의료법인 혜인의료재단 한국병원,4,20260728085002,064-750-0160,,,,,,,,,,,,,,,,,,,,,0,,,,,,,,,,,,,,Y,,,,,,Y,N1,,,N1,Y,N1,25,N1,4,N1,Y,,3,N1,9,,,1,,,,,,,,,,,,10,,,,,3,,,,,1,1,,6,,,,,,,,209,,,,,,,,,,,,,,,,,Y,N1,A2900003,6
2026-07-28 10:27:36,data_go_kr,서울특별시,A1100043,강동경희대학교병원,2,20260728102520,02-440-7000,Y,Y,,,,,1,,,,,,,,,1,,3,2,,1,1,,,,,10,,,,,0,Y,N,Y,,,,Y,,Y,Y,,,Y,Y,Y,96,Y,2,Y,Y,2,6,N,15,3,2,3,19,,,17,,,,,,,,27,,30,,,17,,,1,8,2,2,3,32,9,13,4,1,1,0,0,625,,,,,3,,,,,,,,2,,,,Y,Y,A1100043,1
2026-07-28 10:27:36,data_go_kr,서울특별시,A1100014,고려대학교의과대학부속구로병원,-2,20260728102333,02-2626-1550,Y,Y,3,,,,,,,1,,,,,,,,3,,2,,3,,,,3,1,,,,4,0,Y,,Y,,,,Y,,Y,Y,,,Y,Y,Y,55,Y,9,Y,Y,-2,6,N1,29,3,,,20,20,10,23,,,,,,,,35,10,30,,,24,,18,4,2,6,6,4,98,11,35,15,10,3,,,778,5,,,,,,,,,,,,,,,,Y,Y,A1100014,2
2026-07-28 10:27:36,data_go_kr,서울특별시,A1100013,한양대학교병원,14,20260728102300,02-2290-8284,Y,Y,4,3,,,1,0,,1,,,,,,,,1,,1,,0,,,,2,10,,,,1,0,Y,,Y,,,,Y,,Y,Y,,,Y,Y,Y,170,Y,0,Y,Y,3,7,Y,20,3,,,22,12,13,25,,,,,,,,0,2,30,,,16,,16,2,1,3,2,3,69,10,20,11,4,3,,1,670,4,8,,,2,5,,,,,,,,,,,Y,Y,A1100013,3
2026-07-28 10:27:36,data_go_kr,서울특별시,A1100008,학교법인고려중앙학원고려대학교의과대학부속병원(안암병원),17,20260728102201,02-920-5374,Y,Y,2,6,,,0,,,0,,,,,,,,4,,2,,0,,,0,1,0,,,,3,1,Y,,Y,,,,Y,,Y,Y,,,Y,Y,Y,22,Y,,Y,Y,-2,5,N1,30,4,,,15,16,19,17,,,,,,9,,,6,31,,,25,,10,3,4,7,6,8,84,14,20,11,8,7,,,777,2,7,,,6,,,,,,,,,,,,Y,Y,A1100008,4
2026-07-28 10:27:36,data_go_kr,서울특별시,A1100005,이화여자대학교의과대학부속목동병원,13,20260728102050,02-2650-5911,Y,Y,,,,,0,0,,1,,,,,,,,8,2,4,4,3,,,,0,5,,,,4,3,Y,,Y,2,,,Y,,Y,Y,,,Y,Y,Y,40,Y,,Y,Y,15,3,N1,19,8,2,4,19,10,13,28,,,,14,,,,,4,32,,,13,,10,9,2,4,4,4,58,10,34,9,3,5,,,526,,,,,1,1,,,,,,,,,,,Y,Y,A1100005,5
2026-07-28 10:27:36,data_go_kr,서울특별시,A1100017,서울대학교병원,-2,20260728102526,02-2072-2475,Y,Y,,,1,1,2,0,,1,,0,0,,0,,,8,2,8,3,8,5,0,4,8,14,4,,,4,4,Y,Y,Y,2,,,Y,,Y,Y,4,0,Y,Y,Y,95,Y,,Y,Y,3,16,N1,24,10,2,4,17,10,18,40,22,2,10,5,,8,10,,28,30,6,,53,,41,7,4,13,13,14,160,19,46,22,9,3,1,,1365,,,1,1,2,1,,,0,0,,8,,,,,Y,Y,A1100017,6
2026-07-28 10:27:36,data_go_kr,서울특별시,A1100035,서울특별시서울의료원,0,20260728102500,02-2276-7000,Y,Y,,,,,1,1,0,0,,,,,,,,3,2,,3,3,,,,,4,,,,11,2,Y,Y,Y,1,,,Y,,Y,Y,,,Y,Y,Y,87,Y,1,Y,Y,2,2,Y,19,3,2,3,14,7,,3,,,,6,,,,5,,28,,,10,,30,3,4,5,3,5,65,5,12,7,2,4,1,2,461,,,,,2,4,2,,,,,,,,,,Y,Y,A1100035,7
2026-07-28 10:27:36,data_go_kr,서울특별시,A1100015,연세대학교의과대학강남세브란스병원,0,20260728102357,02-2019-3333,Y,Y,,,,,,,,,,,,,,,,2,1,,2,,,,2,,,,,,,5,Y,,Y,5,,,Y,,Y,Y,,,Y,Y,Y,34,Y,10,Y,Y,0,0,N1,21,2,1,2,,,,28,,,,12,,8,,29,,,,,23,,,5,1,4,3,6,47,10,23,6,3,5,,,691,,,,,,,,,,,,,,,,,Y,Y,A1100015,8
2026-07-28 10:27:36,data_go_kr,서울특별시,A1100010,삼성서울병원,-29,20260728102533,02-3410-2060,Y,Y,,,,,,,,18,,,,,,,,1,2,14,1,,4,,6,2,,,,,5,12,Y,,Y,1,,,Y,,Y,Y,,12,Y,Y,Y,182,Y,14,Y,Y,1,16,N1,52,4,2,2,,30,23,59,15,,,12,,12,36,14,2,,,,53,,27,18,8,19,16,15,117,22,43,21,11,2,,,1528,,,,,,,,,,,,,,,,,Y,Y,A1100010,9
2026-07-28 10:27:36,data_go_kr,서울특별시,A1100028,성심의료재단강동성심병원,11,20260728102458,02-2224-2358,Y,Y,,,,,,,,0,,,,,,,2,,1,,6,,,,,2,,,,,,0,Y,,Y,,,,Y,,Y,Y,,,Y,Y,Y,103,Y,-1,Y,Y,2,7,N1,15,,1,6,,18,,3,,,,,,,,19,5,,,,13,,,2,1,4,2,5,35,3,3,8,3,1,,,566,,,,,,,,,,,,,,2,,,Y,Y,A1100028,10
2026-07-28 10:27:36,data_go_kr,서울특별시,A1100053,한국보훈복지의료공단중앙보훈병원,14,20260728102350,02-2225-1100,,,,,,,,,,5,,,,,,,,,1,7,2,0,,,2,1,1,,,,35,0,N,,Y,2,,,Y,,Y,Y,,,Y,Y,Y,133,N1,,N1,Y,,-3,N1,22,,1,2,2,14,14,,,,,13,,10,,,1,3,,,13,,60,7,1,3,4,4,38,,,10,1,,,,820,,,,,,,,,,,,,,,,,Y,N1,A1100053,11
2026-07-28 10:27:36,data_go_kr,서울특별시,A1120796,이화여자대학교의과대학부속서울병원,1,20260728102146,02-6986-5119,Y,Y,,,,,,,,0,,,,,,,,8,1,7,6,,,,1,1,,,,,,3,Y,,Y,5,,,Y,,Y,Y,,1,Y,Y,Y,95,Y,0,Y,Y,0,2,N1,14,9,2,6,,10,17,24,,,,17,,11,19,11,7,,,,19,,,4,2,5,5,8,71,9,22,12,4,5,,,732,,,,,,,,,,,,,,,,,Y,Y,A1120796,12
2026-07-28 10:27:36,data_go_kr,서울특별시,A1100041,의료법인서울효천의료재단에이치플러스양지병원,17,20260728102511,070-4665-9119,,,,,,,,,,,,,,,,,,,1,,2,,,,,0,,,,,,2,,,Y,,,,Y,,Y,Y,,,Y,Y,Y,39,Y,1,N1,Y,,3,N1,18,,1,2,,,,,,,,,,,,20,1,,,,7,,,3,,2,3,3,23,,,4,1,1,,,301,,,,,,,,,,,,,,,,,Y,N1,A1100041,13
2026-07-28 10:27:36,data_go_kr,서울특별시,A1100002,건국대학교병원,11,20260728102244,02-2030-5555,Y,Y,,,,,,,,5,,,,,,,,3,1,10,2,,,,,1,,,,,6,0,Y,,Y,,,,Y,,Y,Y,,,Y,Y,Y,163,Y,,Y,Y,0,6,N1,20,4,1,2,,24,25,16,,,,,,,,,1,,,,21,,14,3,2,4,4,5,45,7,18,7,3,14,,,678,,,,,,,,,,,,,,,,,Y,Y,A1100002,14
2026-07-28 10:27:36,data_go_kr,서울특별시,A1100016,인제대학교상계백병원,2,20260728102316,02-950-1119,Y,Y,,,,,,,,3,,,,,,,1,,1,3,2,,,,,1,,,,,3,1,Y,,Y,,,,Y,,Y,Y,,,Y,Y,Y,81,Y,,Y,Y,2,0,N1,16,,1,2,,19,18,15,,,,,,,,,4,,,,13,,5,2,2,3,2,3,36,10,25,10,3,1,,,390,,,,,,,,,,,,,,4,,,Y,Y,A1100016,15
2026-07-28 10:27:36,data_go_kr,서울특별시,A1100048,노원을지대학교병원,12,20260728102102,02-970-8282,Y,Y,,,,,,,,3,,,,,,,,,1,5,4,,,,,2,,,,,3,0,Y,,Y,,0,0,Y,,Y,Y,,,Y,Y,Y,182,N1,,Y,Y,1,3,N1,17,,1,4,,16,16,10,,,,,,,,,2,,,,11,,21,1,3,2,2,2,26,8,19,3,1,,,,479,,,,,,,,,,,,,,,0,0,Y,Y,A1100048,16
2026-07-28 10:27:36,data_go_kr,서울특별시,A1100020,의료법인한전의료재단한일병원,16,20260728102504,02-901-3119,N,N,,,,,,,,,,,,,,,,2,2,,1,0,,,,0,2,,,,,1,,Y,Y,,,,Y,,Y,Y,,,Y,Y,N1,57,Y,2,N,Y,,3,Y,21,2,2,2,2,,,,,,,,,,,21,1,3,,,8,,,5,,2,1,1,25,1,4,2,,4,2,2,389,,,,,,,,,,,,,,,,,Y,N,A1100020,17
2026-07-28 10:27:36,data_go_kr,서울특별시,A1100001,경희대학교병원,15,20260728102439,02-958-8114,Y,Y,,,,,,,,,,,,,,,,3,2,,1,,,,,,,,,,12,9,Y,,Y,3,,,Y,,Y,Y,,,Y,Y,Y,130,Y,26,Y,Y,0,3,N1,15,3,2,3,,,,14,,,,15,,,,73,,,,,16,,20,10,3,3,3,5,48,6,12,8,3,2,,,657,,,,,,,,,,,,,,,,,Y,Y,A1100001,18
2026-07-28 10:27:36,data_go_kr,서울특별시,A1100021,삼육서울병원,10,20260728102445,02-2210-3566,,N,,,,,,,,,,,,,,,2,,1,,2,1,,,,1,1,,,,,4,Y,,Y,,,,Y,,Y,Y,,,Y,Y,Y,59,Y,4,N,Y,4,4,Y,13,,1,2,2,,,4,,,,,,,,15,1,3,,,5,,,4,2,1,1,2,20,,4,5,2,1,,1,389,,,,,,,,,,,,,,4,,,Y,N1,A1100021,19
2026-07-28 10:27:36,data_go_kr,서울특별시,A1100040,서울특별시보라매병원,18,20260728102500,02-870-2119,Y,Y,,,,,,,,6,,,,,,,,2,2,10,1,,,,2,2,,,,,1,0,Y,,Y,,,,Y,,Y,Y,,,Y,Y,Y,131,Y,,Y,Y,0,5,N1,31,3,2,1,,15,16,14,,,,,,4,,,4,,,,14,,14,3,4,6,3,5,48,14,13,5,9,2,,,695,,,,,,,,,,,,,,,,,Y,Y,A1100040,20
2026-07-28 10:27:36,data_go_kr,서울특별시,A1100003,중앙대학교병원,15,20260728102509,02-6299-1338,Y,Y,0,0,,,0,,,2,,,,,4,,,3,2,4,3,0,,,,3,,,,,3,1,Y,,Y,,,,Y,,Y,Y,,,Y,Y,Y,118,Y,,Y,Y,0,5,N1,22,4,2,3,12,12,17,25,,,,,,,,,11,,,,16,,24,2,2,4,3,4,51,9,21,13,6,12,,,631,0,0,,,1,,,,,,,4,,,,,Y,Y,A1100003,21
2026-07-28 10:27:36,data_go_kr,서울특별시,A1100007,연세대학교의과대학세브란스병원,4,20260728102509,02-2227-7777,Y,Y,,,1,1,,,,8,,,,,,,,7,1,9,3,,5,1,13,1,,1,,,0,1,Y,Y,Y,0,,,Y,,Y,Y,0,0,Y,Y,Y,114,Y,5,Y,Y,10,9,N1,39,8,1,3,,29,24,52,22,2,10,29,,23,17,18,5,,6,,38,,20,30,8,16,16,17,206,55,61,21,16,21,1,,1872,,,1,1,,,,,,,,,,,,,Y,Y,A1100007,22
2026-07-28 10:27:36,data_go_kr,서울특별시,A1100012,학교법인가톨릭학원가톨릭대학교서울성모병원,-9,20260728102511,02-2258-2370,Y,Y,1,2,1,1,,,,6,,,,,,,,4,,12,,,0,1,3,11,,0,,,14,3,Y,,Y,13,,,Y,,Y,Y,,4,Y,Y,Y,110,Y,0,Y,Y,6,6,N1,28,7,,,,22,22,50,3,2,,19,,10,8,5,18,,6,,32,,35,10,2,9,10,8,80,40,39,11,9,4,,,1059,1,5,1,1,,,,,,,,,,,,,Y,Y,A1100012,23
2026-07-28 10:27:36,data_go_kr,서울특별시,A1100009,재단법인아산사회복지재단서울아산병원,-3,20260728102215,02-3010-3333,Y,Y,,,2,0,1,1,,1,,,,,,,,7,1,3,7,1,1,0,4,9,0,0,,,7,3,Y,,Y,3,,,Y,,Y,Y,4,1,Y,Y,Y,284,Y,1,Y,Y,11,6,Y,36,11,1,22,2,24,37,61,26,2,13,12,,12,12,12,47,4,6,,74,,28,8,8,21,15,17,190,33,49,30,14,5,,1,2089,,,2,1,1,6,,,,,,,,,,,Y,Y,A1100009,24
2026-07-28 10:27:36,data_go_kr,서울특별시,A1100011,가톨릭대학교여의도성모병원,8,20260728102511,02-3779-1199,,,,,,,,,,4,,,,,,,,,1,1,4,,,,,1,,,,,,1,Y,,Y,3,,,Y,,Y,Y,,,Y,Y,Y,76,Y,,N1,Y,,8,N1,15,,1,4,,11,9,,,,,9,,,,,1,,,,13,,,1,2,2,2,2,23,,,5,2,2,,,330,,,,,,,,,,,,,,,,,Y,N1,A1100011,25
2026-07-28 10:27:36,data_go_kr,서울특별시,A1100055,한림대학교강남성심병원,16,20260728102211,02-829-5119,Y,Y,,,,,,,,1,,,,,,,,3,1,7,4,,,,1,2,,,,,,,Y,,Y,,,,Y,,Y,Y,,,Y,Y,Y,105,Y,,Y,Y,0,4,N1,20,3,1,4,,21,25,12,,,,,,10,,,7,,,,14,,,,3,3,3,3,54,21,22,13,3,2,,,496,,,,,,,,,,,,,,,,,Y,Y,A1100055,26
2026-07-28 10:27:36,data_go_kr,서울특별시,A1100054,성애의료재단성애병원,14,20260728102402,02-840-7115,Y,Y,,,,,,,,,,,,,,,,,1,,4,,,,,1,,,,,,,Y,,Y,,,,Y,,Y,Y,,,Y,Y,N1,36,N1,0,Y,Y,2,3,N1,15,,1,4,,,,4,,,,,,,,19,1,,,,5,,,,2,2,2,1,8,5,14,2,,,,,252,,,,,,,,,,,,,,,,,Y,Y,A1100054,27
2026-07-28 10:27:36,data_go_kr,서울특별시,A1100004,순천향대학교부속서울병원,11,20260728102430,02-709-9117,Y,Y,,,,,,,,,,,0,,0,,0,4,1,,2,,,,,0,,,,,9,2,Y,,Y,,,,Y,,Y,Y,,,Y,Y,Y,97,Y,2,Y,Y,1,2,N1,20,4,1,2,,,,13,,,,,,,,45,10,,,,14,,21,4,7,3,3,4,51,8,17,14,5,3,,,600,,,,,,,,,,0,,0,,0,,,Y,Y,A1100004,28
2026-07-28 10:27:36,data_go_kr,서울특별시,A1121013,가톨릭대학교은평성모병원,7,20260728102510,02-1811-7755,Y,Y,,,,,,,,1,,,,,,,,6,2,2,1,,,,2,0,,,,,,1,Y,,Y,-1,,,Y,,Y,Y,,,Y,Y,Y,80,Y,,Y,Y,6,6,N1,24,8,2,2,,16,9,19,,,,13,,12,,,4,,,,19,,,5,1,4,3,5,46,19,22,10,5,20,,,651,,,,,,,,,,,,,,,,,Y,Y,A1121013,29
2026-07-28 10:27:36,data_go_kr,서울특별시,A1100006,강북삼성병원,4,20260728102529,02-2001-1000,Y,Y,,,,,,,,,,,,,,,,2,1,1,2,,,,,1,,,,,6,2,Y,,Y,2,,,Y,,Y,Y,,2,Y,Y,Y,47,Y,3,Y,Y,1,5,N1,15,2,1,2,,,4,7,,,,12,,,8,24,5,,,,16,,18,3,1,5,4,6,54,13,14,8,4,3,,,526,,,,,,,,,,,,,,,,,Y,Y,A1100006,30
2026-07-28 10:27:36,data_go_kr,서울특별시,A1100052,국립중앙의료원,13,20260728102505,02-2276-2114,N,Y,,,,,,,,,,0,,,0,0,5,3,2,0,3,1,,,,2,0,,8,2,,4,Y,,Y,,1,6,Y,11,Y,Y,,,Y,Y,Y,0,Y,1,Y,Y,,3,N1,15,3,2,3,6,,0,,,,,,20,,,13,2,0,,50,7,2,,7,1,1,1,2,56,1,3,5,5,2,,,202,,,,,,,,,0,,,0,0,5,2,6,Y,N,A1100052,31
2026-07-28 10:27:36,data_go_kr,서울특별시,A1100036,부민병원,7,20260728102302,02-2620-0119,,Y,,,,,,,,,,,,,,,,,1,,,,,,,1,,,,,,0,Y,,Y,,,,Y,,Y,Y,,,Y,Y,Y,47,N1,4,Y,Y,,2,N1,10,,1,,,,,,,,,,,,,14,1,,,,8,,,3,1,3,3,1,22,,1,2,1,,,,282,,,,,,,,,,,,,,,,,Y,N1,A1100036,32
2026-07-28 10:27:36,data_go_kr,서울특별시,A1100051,혜민병원,9,20260728102240,02-2049-9119,,,,,,,,,,,,,,,,,,,1,,,,,,,,,,,,,,,,Y,,,,,,Y,N1,,,Y,Y,N1,34,N1,6,N1,Y,,5,N1,9,,1,,,,,,,,,,,,,19,,,,,5,,,,,2,2,,16,,,2,,,,,205,,,,,,,,,,,,,,,,,Y,N1,A1100051,33
2026-07-28 10:27:36,data_go_kr,서울특별시,A1100026,구로성심병원,5,20260728102430,02-2067-1515,,,,,,,,,,,,,,,,,,,,,1,,,,,,,,,,,,,,Y,,,,,,Y,N1,,,N1,Y,N1,43,N1,3,N1,Y,,0,N1,9,,,1,,,,,,,,,,,,11,,,,,3,,,,,1,1,,5,,,,,,,,191,,,,,,,,,,,,,,,,,Y,N1,A1100026,34
2026-07-28 10:27:36,data_go_kr,서울특별시,A1100049,희명병원,7,20260728102437,02-809-0122,,,,,,,,,,,,,,,,,,,,,1,,,,,,,,,,,,,,Y,,,,,,Y,N1,,,Y,Y,Y,118,N1,2,N1,Y,,1,N1,10,,,1,,,,,,,,,,,,19,,,,,4,,,,,1,1,,9,,,1,1,,,,228,,,,,,,,,,,,,,,,,Y,N1,A1100049,35
2026-07-28 10:27:36,data_go_kr,서울특별시,A1100027,한국원자력의학원원자력병원,5,20260728102107,02-970-2620,,Y,,,,,,,,,,,,,,,1,,1,,1,,,,,1,,,,,,1,Y,,Y,,,,Y,,Y,Y,,,Y,Y,N1,184,N1,8,Y,Y,,2,N1,9,,1,1,,,,,,,,,,,,10,1,,,,10,,,1,1,4,2,1,16,,2,1,,,,,444,,,,,,,,,,,,,,1,,,Y,N1,A1100027,36
2026-07-28 10:27:36,data_go_kr,서울특별시,A1100022,서울특별시동부병원,8,20260728102520,02-920-9119,,Y,,,,,,,,,,,,,,,,,1,,1,,,,,1,,,,,,,Y,,Y,,,,,,Y,N1,,,Y,Y,N1,24,N1,1,Y,Y,,3,N1,8,,1,1,,,,,,,,,,,,8,1,,,,3,,,,1,1,1,,7,,1,1,,,,,195,,,,,,,,,,,,,,,,,Y,N1,A1100022,37
2026-07-28 10:27:36,data_go_kr,서울특별시,A1100050,서울성심병원,14,20260728102350,02-966-1616,,,,,,,,,,,,,,,,,,,1,,1,,,,,,,,,,,,,,Y,,,,,,Y,N1,,,N1,Y,N1,69,N1,8,N1,Y,,1,N1,17,,1,2,,,,,,,,,,,,10,,,,,6,,,,,1,1,,11,,,,,,,,208,,,,,,,,,,,,,,,,,Y,N1,A1100050,38
2026-07-28 10:27:36,data_go_kr,서울특별시,A1100025,의료법인동신의료재단동신병원,7,20260728102433,02-396-9161,N,N,,,,,,,,,,,,,,,,,,,1,,,,,,,,,,,,N,N,Y,,,,N,,Y,N,,,Y,Y,N,43,N,4,N,Y,,2,N,9,,,1,,,,,,,,,,,,9,,,,,3,,,,0,1,1,0,7,0,0,1,0,0,0,0,196,,,,,,,,,,,,,,,,,Y,N,A1100025,39
2026-07-28 10:27:36,data_go_kr,서울특별시,A1122033,기쁨병원,2,20260728102519,02-570-1212,,,,,,,,,,,,,,,,,,,,,1,,,,,,,,,,,,,,Y,,,,Y,,Y,Y,,,N1,Y,N1,53,N1,,N1,Y,,6,N1,4,,,1,,,,,,,,,,,,,,,,,8,,,,,2,2,1,1,,,,,,,,110,,,,,,,,,,,,,,,,,Y,N1,A1122033,40
2026-07-28 10:27:36,data_go_kr,서울특별시,A1100039,경찰병원,3,20260728102502,02-3400-1300,,,,,,,,,,,,,,,,,0,,1,,,,,,,2,,,,,,2,,,Y,,,,,,Y,N1,,,Y,Y,N1,124,N1,14,N1,Y,,4,N1,3,,1,,,,,,,,,,,,,14,2,,,,7,,,2,,2,3,,10,,,2,,,,,187,,,,,,,,,,,,,,1,,,Y,N1,A1100039,41
2026-07-28 10:27:36,data_go_kr,서울특별시,A1100019,홍익병원,7,20260728102451,02-2600-0777,,,,,,,,,,,,,,,,,,,,,0,,,,,0,,,,,,1,,,Y,,,,Y,,Y,Y,,,N,Y,N1,37,N1,7,N1,Y,,1,N1,9,,,1,,,,,,,,,,,,14,1,,,,4,,,1,,4,2,2,7,,,1,,,,,251,,,,,,,,,,,,,,,,,Y,N1,A1100019,42
2026-07-28 10:27:36,data_go_kr,서울특별시,A1100223,서울특별시서남병원,16,20260728102000,02-6300-9129,,,,,,,,,,,,,,,,0,,,1,,2,2,,,,1,0,,,,,4,,,Y,,,,,,Y,N1,,,Y,Y,Y,44,Y,7,N1,Y,,0,N1,17,,1,2,2,,,,,,,,,,,17,1,3,,,4,,,4,,2,1,,16,,,1,1,1,,,275,,,,,,,,,,,,,0,,,,Y,N1,A1100223,43
2026-07-28 10:27:36,data_go_kr,서울특별시,A1100024,명지성모병원,8,20260728102654,02-829-7800,,,,,,,,,,,,,,,,,,,1,,1,,,,,1,,,,,,,,,Y,,,,Y,,Y,Y,,,N1,Y,N1,67,N1,5,N1,Y,,2,N1,8,,1,1,,,,,,,,,,,,12,1,,,,3,,,,,1,3,2,7,,,,,,,,212,,,,,,,,,,,,,,,,,Y,N1,A1100024,44
2026-07-28 10:27:36,data_go_kr,서울특별시,A1100037,대림성모병원,8,20260728102240,02-829-9129,,,,,,,,,,,,,,,,,,,,,2,,,,,,,,,,,,,,Y,,,,,,Y,N1,,,N1,Y,N1,41,N1,,N1,Y,,3,N1,8,,,2,,,,,,,,,,,,,,,,,4,,,,,1,1,,1,,,,,,,,113,,,,,,,,,,,,,,,,,Y,N1,A1100037,45
2026-07-28 10:27:36,data_go_kr,서울특별시,A1100045,씨엠병원,8,20260728101500,070-4698-7811,,,,,,,,,,,,,,,,,,,,,1,,,,,,,,,,,,,,Y,,,,,,Y,N1,,,N1,Y,N1,38,N1,,N1,Y,,3,N1,9,,,1,,,,,,,,,,,,,,,,,5,,,,,2,2,,6,,,,,,,,110,,,,,,,,,,,,,,,,,Y,N1,A1100045,46
2026-07-28 10:27:36,data_go_kr,서울특별시,A1100023,의료법인청구성심병원,9,20260728102239,02-383-0129,,,,,,,,,,,,,,,,,,,,,1,,,,,,,,,,,,,,Y,,,,,,Y,N1,,,N1,Y,N1,13,N1,1,N1,Y,,1,N1,10,,,1,,,,,,,,,,,,6,,,,,3,,,,,1,1,,4,,,,,,,,196,,,,,,,,,,,,,,,,,Y,N1,A1100023,47
2026-07-28 10:27:36,data_go_kr,서울특별시,A1100029,서울적십자병원,4,20260728102452,02-2002-8888,,,,,,,,,,,,,,,,,,,0,,,,,,,,,,,,,,,,Y,,,,,,Y,N1,,,Y,Y,N1,84,N1,8,N1,Y,,6,N1,10,,1,,,,,,,,,,,,,12,,,,,6,,,,,1,1,,11,,,2,,,,,260,,,,,,,,,,,,,,,,,Y,N1,A1100029,48
2026-07-28 10:27:36,data_go_kr,서울특별시,A1100032,세란병원,9,20260728102249,02-737-0181,,,,,,,,,,,,,,,,,,,,,1,,,,,,,,,,,,,,Y,,,,,,Y,N1,,,N1,Y,N1,28,N1,,N1,Y,,7,N1,10,,,1,,,,,,,,,,,,,,,,,13,,,,,3,5,,3,,,,,,,,205,,,,,,,,,,,,,,,,,Y,N1,A1100032,49
2026-07-28 10:27:36,data_go_kr,서울특별시,A1100075,의료법인풍산의료재단동부제일병원,7,20260728102040,02-490-8880,,,,,,,,,,,,,,,,,,,,,1,,,,,,,,,,,,,,Y,,,,,,Y,N1,,,N1,Y,N1,40,N1,,N1,Y,,1,N1,7,,,1,,,,,,,,,,,,,,,,,2,,,,,1,1,,3,,,,,,,,124,,,,,,,,,,,,,,,,,Y,N1,A1100075,50
2026-07-28 10:27:36,data_go_kr,서울특별시,A1100044,녹색병원,0,20260728102503,02-490-2113,,,,,,,,,,,,,,,,,,,1,,4,,,,,2,,,,,,0,N,,Y,,,,,,Y,N1,,,Y,Y,N1,81,N1,7,N1,Y,,2,N1,5,,1,4,,,,,,,,,,,,17,3,,,,3,,,3,1,2,1,,22,,,1,,,,,293,,,,,,,,,,,,,,,,,Y,N1,A1100044,51
2026-07-28 10:27:36,data_go_kr,부산광역시,A1200003,동아대학교병원,17,20260728102209,051-240-5300,Y,Y,2,5,,,,1,1,,,,,,,,,3,,,,9,,,2,5,8,,,,6,1,Y,,Y,1,,,Y,,Y,Y,3,5,Y,Y,Y,49,Y,6,Y,Y,7,6,N1,26,3,,,16,,,20,,,8,13,,11,7,18,6,30,,,18,,18,3,4,5,3,4,76,11,30,16,4,4,,,738,2,6,,,,4,1,,,,,,,,,,Y,Y,A1200003,1
2026-07-28 10:27:36,data_go_kr,부산광역시,A1200022,인제대학교 해운대백병원,22,20260728102019,051-797-0135,Y,Y,,,,,3,2,,8,,,,,,,,1,2,7,3,7,,,,1,6,,,,,1,Y,Y,Y,,,,Y,,Y,Y,,,Y,Y,Y,53,Y,,Y,Y,-1,8,N1,29,3,2,3,12,28,27,23,,,,,,,,,2,30,,,22,,,7,2,5,3,4,72,8,40,17,9,11,1,,710,,,,,5,3,,,,,,,,,,,Y,Y,A1200022,2
2026-07-28 10:27:36,data_go_kr,부산광역시,A1200018,대동병원,13,20260728102303,051-550-9391,,,,,,,,,,,,,,,,,,3,1,,2,,,,,0,,,,,,1,,,Y,,,,Y,,Y,Y,,,Y,Y,N1,44,N1,0,N1,Y,,0,N1,15,3,1,2,,,,,,,,,,,,21,1,,,,6,,,1,,2,1,1,10,,,1,,,,,401,,,,,,,,,,,,,,,,,Y,N1,A1200018,3
2026-07-28 10:27:36,data_go_kr,부산광역시,A1200020,의료법인 온그룹의료재단 온병원,15,20260728102240,051-607-0139,,,,,,,,,,,,,,,,,,,1,,2,,,,,1,,,,,,6,,,Y,,,,Y,,Y,Y,,,Y,Y,N1,132,N1,7,N1,Y,,8,Y,20,,1,2,,,,,,,,,,,,23,1,,,,9,,,6,,4,2,2,7,,,1,,,,1,585,,,,,,,,,,,,,,,,,Y,N1,A1200020,4
2026-07-28 10:27:36,data_go_kr,부산광역시,A1200001,인제대학교부산백병원,12,20260728102514,051-890-5995,Y,Y,,,,,,,,4,,,,,,,,,1,0,2,,,,2,1,,,,,5,1,Y,,Y,1,,,Y,,Y,Y,,,Y,Y,Y,118,Y,2,Y,Y,0,3,Y,18,,1,2,,19,18,35,,,,12,,6,,10,1,,,,17,,20,8,4,5,3,6,68,19,38,16,3,7,,2,691,,,,,,,,,,,,,,,,,Y,Y,A1200001,5
2026-07-28 10:27:36,data_go_kr,부산광역시,A1200005,의료법인 은성의료재단 좋은삼선병원,9,20260728102351,051-310-9119,,,,,,,,,,,,,,,,,3,1,1,,2,,,,0,1,,,,,,2,,,Y,1,,,Y,,Y,Y,,,Y,Y,N1,9,N1,5,N1,Y,,4,N1,13,1,1,2,,,,,,,,5,,4,,19,2,,,,7,,,2,,2,2,2,11,,,1,,,,,375,,,,,,,,,,,,,,3,,,Y,N1,A1200005,6
2026-07-28 10:27:36,data_go_kr,부산광역시,A1200004,고신대학교복음병원,11,20260728102323,051-990-6200,Y,Y,0,4,,,,,,6,,,,,,,,,,3,,,,,7,5,,,,,14,1,Y,,Y,1,,,Y,,Y,Y,0,,Y,Y,Y,95,Y,,Y,Y,14,5,Y,25,,,,,13,8,18,,,5,13,,16,,,7,,,,13,,14,1,7,3,3,5,53,13,19,14,3,1,,1,685,1,4,,,,,,,,,,,,,,,Y,Y,A1200004,7
2026-07-28 10:27:36,data_go_kr,부산광역시,A1200002,부산대학교병원,8,20260728102500,051-240-7776,Y,Y,,,,,0,,,1,,,,0,0,0,,3,1,,1,-4,,,,3,3,,23,2,8,4,Y,,Y,0,2,12,Y,20,Y,Y,,,Y,Y,Y,313,Y,8,Y,Y,0,18,N,17,3,1,2,2,10,,20,,,,0,42,,,24,4,3,,82,26,2,19,10,12,9,6,10,100,17,17,21,9,21,,1,901,,,,,2,,,,,,0,0,0,,2,12,Y,Y,A1200002,8
2026-07-28 10:27:36,data_go_kr,부산광역시,A1200007,비에이치에스한서병원,17,20260728102533,051-998-1119,,,,,,,,,,,,,,,,,,,1,,2,2,,,,,3,,,,,,,,Y,,,,Y,,Y,Y,,,Y,Y,Y,56,N1,2,N1,Y,,2,N1,17,,1,2,2,,,,,,,,,,,14,,3,,,4,,,,,1,1,2,11,,,1,1,,,,285,,,,,,,,,,,,,,,,,Y,N1,A1200007,9
2026-07-28 10:27:36,data_go_kr,부산광역시,A1200028,(의)서일의료재단기장병원,7,20260728102427,051-723-2119,,,,,,,,,,,,,,,,,,,,,1,,,,,,,,,,,,,,Y,,,,,,Y,N1,,,N1,Y,N1,27,N1,,N1,Y,,0,N1,9,,,1,,,,,,,,,,,,,,,,,3,,,,,1,1,,1,,,,,,,,154,,,,,,,,,,,,,,,,,Y,N1,A1200028,10
2026-07-28 10:27:36,data_go_kr,부산광역시,A1200015,동남권원자력의학원원자력병원,2,20260728102301,051-720-5911,,,,,,,,,,,,,,,,,,,1,,,,,,,,,,,,,,,,Y,,,,Y,,Y,Y,,,Y,Y,Y,79,N1,9,N1,Y,,4,N1,9,,1,,,,,,,,,,,,,12,,,,,8,,,,,2,2,2,12,,,1,0,,,,261,,,,,,,,,,,,,,,,,Y,N1,A1200015,11
2026-07-28 10:27:36,data_go_kr,부산광역시,A1200013,부산성모병원(재단법인 천주교부산교구유지재단),7,20260728102410,051-933-7119,Y,Y,,,,,,,,,,,,,,,4,4,1,,,,,,,2,,,,,,1,,,Y,,,,,,Y,N1,,,Y,Y,N1,58,N1,9,Y,Y,6,3,N1,10,4,1,,,,,10,,,,,,,,18,2,,,,7,,,2,,1,1,,6,14,13,1,,,,,373,,,,,,,,,,,,,,4,,,Y,Y,A1200013,12
2026-07-28 10:27:36,data_go_kr,부산광역시,A1200026,좋은문화병원,4,20260728102414,051-630-0909,Y,Y,,,,,,,,,,,,,,,,2,1,,1,,,,,,,,,,,1,Y,,Y,,,,,,Y,N1,,,N1,Y,N1,59,N1,4,Y,Y,0,4,Y,7,2,1,2,,,,12,,,,,,,,8,,,,,8,,,2,8,2,2,,3,6,17,,,,,1,270,,,,,,,,,,,,,,,,,Y,Y,A1200026,13
2026-07-28 10:27:36,data_go_kr,부산광역시,A1200017,의료법인정화의료재단 봉생기념병원,8,20260728101600,051-664-4119,,,,,,,,,,4,,,,,,,,,,1,2,,,,,,,,,,2,1,,,Y,,,,Y,,Y,Y,,,Y,Y,N1,29,N1,,N1,Y,,6,N1,9,,,2,,11,11,,,,,,,,,,,,,,8,,31,1,,1,2,2,11,,,4,,,,,335,,,,,,,,,,,,,,,,,Y,N1,A1200017,14
2026-07-28 10:27:36,data_go_kr,부산광역시,A1200011,동래봉생병원,7,20260728102257,051-520-5700,,,,,,,,,,,,,,,,,,,1,,1,,,,,2,,,,,,,,,Y,,,,Y,,Y,Y,,,Y,Y,N1,37,N1,2,N1,Y,,4,N1,8,,1,1,,,,,,,,,,,,18,2,,,,7,,,,,1,2,2,11,,,1,,,,,241,,,,,,,,,,,,,,,,,Y,N1,A1200011,15
2026-07-28 10:27:36,data_go_kr,부산광역시,A1200009,의료법인 광혜의료재단 광혜병원,8,20260728102229,051-504-2119,,,,,,,,,,,,,,,,,,,2,,1,,,,,,,,,,,1,,,Y,,,,,,Y,N1,,,N1,Y,N1,67,N1,0,N1,Y,,2,N1,9,,2,1,,,,,,,,,,,,9,,,,,3,,,1,,1,1,,4,,,,,,,,190,,,,,,,,,,,,,,,,,Y,N1,A1200009,16
2026-07-28 10:27:36,data_go_kr,부산광역시,A1200019,학교법인)동의병원,8,20260728102301,051-850-8777,,,,,,,,,,,,,,,,,,,,,1,,,,,,,,,,,,,,Y,,,,Y,,Y,Y,,,Y,Y,Y,82,N1,15,N1,Y,,1,N1,14,,,1,,,,,,,,,,,,23,,,,,5,,,,,2,2,2,7,,,2,1,,,,448,,,,,,,,,,,,,,,,,Y,N1,A1200019,17
2026-07-28 10:27:36,data_go_kr,부산광역시,A1200025,학교법인 춘해병원,8,20260728102251,051-608-0119,,,,,,,,,,,,,,,,,,,,,1,,,,,,,,,,,,,,Y,,,,,,Y,N1,,,N1,Y,N1,52,N1,,N1,Y,,2,N1,9,,,1,,,,,,,,,,,,,,,,,4,,,,,1,1,,3,,,,,,,,201,,,,,,,,,,,,,,,,,Y,N1,A1200025,18
2026-07-28 10:27:36,data_go_kr,부산광역시,A1200045,구포성심병원,7,20260728102456,051-330-2090,,,,,,,,,,,,,,,,,,,,,1,,,,,,,,,,,,,,Y,,,,Y,,Y,Y,,,N1,Y,N1,34,N1,,N1,Y,,2,N1,9,,,1,,,,,,,,,,,,,,,,,4,,,,,1,1,1,4,,,,,,,,243,,,,,,,,,,,,,,,,,Y,N1,A1200045,19
2026-07-28 10:27:36,data_go_kr,부산광역시,A1200006,의료법인 인당의료재단 부민병원,9,20260728102302,051-330-3129,,,,,,,,,,,,,,,,,,,1,,1,,,,,1,,,,,,,,,Y,,,,Y,,Y,Y,,,Y,Y,N1,6,N1,2,N1,Y,,1,N1,10,,1,1,,,,,,,,,,,,18,1,,,,8,,,,,2,3,1,7,,,1,,,,,366,,,,,,,,,,,,,,,,,Y,N1,A1200006,20
2026-07-28 10:27:36,data_go_kr,부산광역시,A1200016,한국보훈복지의료공단 부산보훈병원,9,20260728102259,051-601-6183,,,,,,,,,,,,,,,,,,,1,,1,,,,,1,,,,,,,,,Y,,,,Y,,Y,Y,,,N1,Y,N1,23,N1,6,N1,Y,,-3,N1,11,,1,1,,,,,,,,,,,,9,1,,,,7,,,,,2,3,2,11,,,,,,,,452,,,,,,,,,,,,,,,,,Y,N1,A1200016,21
2026-07-28 10:27:36,data_go_kr,부산광역시,A1200021,삼육부산병원,2,20260728102408,051-600-7750,,Y,,,,,,,,,,,,,,,,,0,,,,,,,0,,,,,,,Y,,Y,,,,Y,,Y,Y,,,Y,Y,Y,4,N1,-1,Y,Y,,,N1,9,,1,,,,,,,,,,,,,14,1,,,,,,,,1,2,1,1,9,,1,2,1,,,,302,,,,,,,,,,,,,,,,,Y,N1,A1200021,22
2026-07-28 10:27:36,data_go_kr,부산광역시,A1200008,의료법인 은성의료재단 좋은강안병원,15,20260728102456,051-610-9119,,,,,,,,,,,,,,,,,,,1,,2,,,,,1,,,,,,1,,,Y,,,,Y,,Y,Y,,,Y,Y,Y,46,N1,4,N1,Y,,3,N1,18,,1,2,,,,,,,,,,,,30,2,,,,11,,,3,,4,3,3,12,,,5,1,,,,535,,,,,,,,,,,,,,,,,Y,N1,A1200008,23
2026-07-28 10:27:36,data_go_kr,부산광역시,A1200098,의료법인 센텀의료재단 센텀종합병원,6,20260728102107,051-750-5119,,,,,,,,,,,,,,,,,,,,,1,,,,,1,,,,,,,,,Y,,,,Y,,Y,Y,,,N1,Y,N1,7,N1,0,N1,Y,,9,N1,9,,,1,,,,,,,,,,,,16,1,,,,9,,,,,2,2,1,11,,,,,,,,338,,,,,,,,,,,,,,,,,Y,N1,A1200098,24
2026-07-28 10:27:36,data_go_kr,부산광역시,A1200024,부산광역시의료원,17,20260728102319,051-607-2140,,N,,,,,,,,4,,,,,,,,,1,5,1,,,,,,,,,,7,6,N,,Y,,,,Y,,Y,Y,,,Y,Y,N1,102,N1,,N,Y,,3,N1,18,,1,1,,13,14,,,,,,,,,,,,,,7,,29,7,1,1,1,2,19,,2,4,,,,,398,,,,,,,,,,,,,,,,,Y,N1,A1200024,25
2026-07-28 10:27:36,data_go_kr,부산광역시,A1200012,의료법인 행도의료재단 해동병원,6,20260728102518,051-410-6688,,,,,,,,,,,,,,,,,,,1,,,,,,,,,,,,,0,,,Y,,,,,,Y,N1,,,Y,Y,N1,25,N1,2,N1,Y,,0,Y,6,,1,,,,,,,,,,,,,9,,,,,3,,,0,,1,1,,5,,,1,,,,12,256,,,,,,,,,,,,,,,,,Y,N1,A1200012,26
2026-07-28 10:27:36,data_go_kr,부산광역시,A1200014,영도병원,6,20260728102203,051-419-7575,,,,,,,,,,,,,,,,,,,1,,1,,,,,,,,,,,,,,Y,,,,,,Y,N1,,,N1,Y,N1,20,N1,1,N1,Y,,2,N1,7,,1,1,,,,,,,,,,,,10,,,,,3,,,,,1,1,,7,,,,,,,,217,,,,,,,,,,,,,,,,,Y,N1,A1200014,27
2026-07-28 10:27:36,data_go_kr,부산광역시,A1200023,재단법인천주교부산교구유지재단 메리놀병원,4,20260728102409,051-461-2300,,,,,,,,,,,,,,,,,,,,,1,,,,,0,,,,,,,Y,,Y,,,,Y,,Y,Y,,,Y,Y,N1,79,N1,3,N1,Y,,3,N1,9,,,1,,,,,,,,,,,,18,1,,,,8,,,,1,1,1,1,9,,,2,,,,,380,,,,,,,,,,,,,,,,,Y,N1,A1200023,28
2026-07-28 10:27:36,data_go_kr,부산광역시,A1205143,의료법인 인당의료재단 해운대부민병원,4,20260728102302,051-602-8119,,,,,,,,,,,,,,,,,,,1,,,,,,,0,,,,,,0,,,Y,,,,Y,,Y,Y,,,Y,Y,N1,6,N1,4,N1,Y,,2,Y,9,,1,,,,,,,,,,,,,19,2,,,,8,,,3,,2,2,1,10,,,1,,,,1,360,,,,,,,,,,,,,,,,,Y,N1,A1205143,29
2026-07-28 10:27:36,data_go_kr,대구광역시,A1300001,영남대학교병원,17,20260728102237,053-620-3177,Y,Y,,0,,,0,3,,1,0,,,,,,,3,2,6,3,8,,,0,3,4,,,,11,5,Y,,Y,4,,,Y,,Y,Y,,,Y,Y,Y,151,Y,,Y,Y,1,9,Y,28,3,2,3,21,10,15,15,,,,14,,7,,,13,30,,,23,,20,7,2,4,4,4,75,5,11,8,5,5,,1,704,,0,,,1,3,,0,,,,,,,,,Y,Y,A1300001,1
2026-07-28 10:27:36,data_go_kr,대구광역시,A1300002,경북대학교병원,13,20260728102207,053-200-5100,Y,Y,2,3,,,,,,4,,,,,,,,4,,2,,9,,,5,,31,,11,2,8,1,Y,,Y,6,2,4,Y,3,Y,Y,1,4,Y,Y,Y,157,Y,,Y,Y,1,5,N1,25,4,,,20,7,7,15,,,6,7,20,10,11,,,44,,40,17,2,20,5,2,5,5,5,82,8,11,11,9,5,,,582,2,3,,,,,,,,,,,,,2,6,Y,Y,A1300002,2
2026-07-28 10:27:36,data_go_kr,대구광역시,A1300004,대구가톨릭대학교병원,6,20260728102327,053-650-3000,Y,Y,,,,,,,,1,,,,,,,,,1,5,3,,,,,2,,,,,2,4,Y,Y,Y,8,,,Y,,Y,Y,,,Y,Y,Y,230,Y,0,Y,Y,2,9,N1,24,,1,3,,15,25,42,,,,16,,,,0,6,,,,19,,20,9,2,3,3,5,58,20,32,8,3,4,1,,704,,,,,,,,,,,,,,,,,Y,Y,A1300004,3
2026-07-28 10:27:36,data_go_kr,대구광역시,A1300003,계명대학교동산병원,7,20260728102453,053-258-6306,Y,Y,,,,,,,,2,,,,,,,,,2,0,2,,3,,,0,8,,,,3,1,Y,Y,Y,3,,,Y,,Y,Y,6,,Y,Y,Y,195,Y,1,Y,Y,3,8,Y,20,,2,3,,11,13,39,7,,8,15,,,,10,4,20,,,24,,20,16,6,6,5,7,56,13,37,9,4,14,1,2,769,,,,,,,,,,,,,,,,,Y,Y,A1300003,4
2026-07-28 10:27:36,data_go_kr,대구광역시,A1300009,대구파티마병원,-3,20260728102500,053-940-7119,Y,Y,,,,,,,,1,,,,,,,,5,2,4,4,1,,,,1,2,,,,,,Y,,Y,8,,,Y,,Y,Y,,,Y,Y,Y,114,Y,,Y,Y,2,7,N1,25,5,2,5,2,17,8,8,,,,12,,,,,9,4,,,17,,,,2,5,3,4,32,11,19,5,1,1,,,539,,,,,,,,,,,,,,,,,Y,Y,A1300009,5
2026-07-28 10:27:36,data_go_kr,대구광역시,A1300010,칠곡경북대학교병원,6,20260728102407,053-200-2100,Y,Y,,,1,1,,,,2,,,,,,,,2,1,4,3,,3,1,,4,0,3,,,11,13,Y,,Y,,,,Y,,Y,Y,,,Y,Y,Y,211,Y,,Y,Y,7,6,N1,23,7,1,3,,10,15,39,10,2,,,,,,,4,0,8,,19,,20,13,2,8,5,8,52,9,27,9,3,1,,,760,,,1,1,,,,,,,,,,,,,Y,Y,A1300010,6
2026-07-28 10:27:36,data_go_kr,대구광역시,A1300034,드림종합병원,4,20260728102316,053-640-8575,,,,,,,,,,,,,,,,,1,,,,1,,,,,,,,,,,,,,Y,,,,Y,,Y,Y,,,Y,Y,Y,14,N1,,N1,Y,,3,N1,8,,,1,,,,,,,,,,,,,,,,,3,,,,,2,1,1,2,,,1,1,,,,159,,,,,,,,,,,,,,1,,,Y,N1,A1300034,7
2026-07-28 10:27:36,data_go_kr,대구광역시,A1300006,의료법인구의료재단구병원,9,20260728102506,053-557-7119,,,,,,,,,,,,,,,,,,,,,1,,,,,0,,,,,,,,,Y,,,,,,Y,N1,,,N1,Y,N1,59,N1,7,N1,Y,,3,N1,10,,,1,,,,,,,,,,,,18,1,,,,9,,,,,3,1,,3,,,,,,,,235,,,,,,,,,,,,,,,,,Y,N1,A1300006,8
2026-07-28 10:27:36,data_go_kr,대구광역시,A1300110,더블유병원,1,20260728102511,053-550-5019,,,,,,,,,,,,,,,,,,,,,1,,,,,,,,,,,,,,Y,,,,,,Y,N1,,,N1,Y,N1,82,N1,,N1,Y,,0,Y,10,,,1,,,,,,,,,,,,,,,,,8,,,,,1,1,,1,,,,,,,8,431,,,,,,,,,,,,,,,,,Y,N1,A1300110,9
2026-07-28 10:27:36,data_go_kr,대구광역시,A1300011,한국보훈복지의료공단대구보훈병원,9,20260728102044,053-630-7014,,,,,,,,,,,,,,,,,,,1,,1,,,,,1,,,,,,0,,,Y,,,,Y,,Y,Y,,,N1,Y,N1,18,N1,6,N1,Y,,2,N1,12,,1,1,,,,,,,,,,,,13,1,,,,6,,,1,,1,3,2,9,,,,,,,,406,,,,,,,,,,,,,,,,,Y,N1,A1300011,10
2026-07-28 10:27:36,data_go_kr,대구광역시,A1300045,삼일병원,9,20260728102532,053-659-3119,,,,,,,,,,,,,,,,,,,1,,,,,,,,,,,,,,,,Y,,,,Y,,Y,Y,,,N1,Y,N1,25,N1,,N1,Y,,0,N1,14,,1,,,,,,,,,,,,,,,,,,4,,,,,3,2,1,3,,,,,,,,299,,,,,,,,,,,,,,,,,Y,N1,A1300045,11
2026-07-28 10:27:36,data_go_kr,대구광역시,A1300038,나사렛종합병원,1,20260728102209,053-643-3119,,,,1,,,,,,,,,,,,,,,,,1,,,,,0,,,,,,,,,Y,,,,Y,,Y,Y,,,Y,Y,N1,29,N1,3,N1,Y,,5,N1,9,,,1,,,,,,,,,,,,28,1,,,,5,,,,,2,2,2,5,,,1,,,,,231,,9,,,,,,,,,,,,,,,Y,N1,A1300038,12
2026-07-28 10:27:36,data_go_kr,대구광역시,A1300018,강남종합병원,11,20260728102130,053-980-9018,,,,,,,,,,,,,,,,,,,1,,,,,,,,,,,,,1,,,Y,,,,,,Y,N1,,,N1,Y,N1,45,N1,,N1,Y,,4,N1,15,,1,,,,,,,,,,,,,,,,,,7,,,1,,2,2,,2,,,,,,,,207,,,,,,,,,,,,,,,,,Y,N1,A1300018,13
2026-07-28 10:27:36,data_go_kr,대구광역시,A1300005,대구가톨릭대학교칠곡가톨릭병원,2,20260728102134,053-320-2111,,,,,,,,,,,,,,,,,,,,,1,,,,,,,,,,,,,,Y,,,,,,Y,N1,,,N1,Y,N1,27,N1,,N1,Y,,1,N1,9,,,1,,,,,,,,,,,,,,,,,3,,,,,2,2,,1,,,,,,,,161,,,,,,,,,,,,,,,,,Y,N1,A1300005,14
2026-07-28 10:27:36,data_go_kr,대구광역시,A1300076,대구굿모닝병원,15,20260728102338,053-620-9119,,,,,,,,,,,,,,,,,,,1,,1,,,,,1,,,,,,,,,Y,,,,Y,,Y,Y,,,N1,Y,N1,68,N1,7,N1,Y,,3,N1,17,,1,1,,,,,,,,,,,,26,1,,,,4,,,,,2,4,2,13,,,,,,,,226,,,,,,,,,,,,,,,,,Y,N1,A1300076,15
2026-07-28 10:27:36,data_go_kr,대구광역시,A1300007,대구의료원,15,20260728102502,053-560-7288,,Y,,,,,,,,,,,,,,,,,1,,1,,,,,0,,,,,1,1,Y,,Y,,,,,,Y,N1,,,N1,Y,N1,37,N1,6,Y,Y,,4,N1,18,,1,1,,,,,,,,,,,,18,1,,,,4,,82,3,1,1,1,,13,,4,,,,,,254,,,,,,,,,,,,,,,,,Y,N1,A1300007,16
2026-07-28 10:27:36,data_go_kr,대구광역시,A1300081,(재)미리내천주성삼성직수도회천주성삼병원,6,20260728102501,053-790-0555,,,,,,,,,,,,,,,,,,,,,1,,,,,,,,,,,,,,Y,,,,,,Y,N1,,,N1,Y,N1,3,N1,,N1,Y,,2,N1,9,,,1,,,,,,,,,,,,,,,,,4,,,,,1,2,,4,,,,,,,,294,,,,,,,,,,,,,,,,,Y,N1,A1300081,17
2026-07-28 10:27:36,data_go_kr,대구광역시,A1300008,곽병원,8,20260728102500,053-605-3333,,,,,,,,,,,,,,,,,,,,,2,,,,,,,,,,,,,,Y,,,,,,Y,N1,,,N1,Y,N1,18,N1,,N1,Y,,2,N1,10,,,2,,,,,,,,,,,,,,,,,4,,,,,1,1,,2,,,,,,,,221,,,,,,,,,,,,,,,,,Y,N1,A1300008,18
2026-07-28 10:27:36,data_go_kr,대구광역시,A1303386,계명대학교대구동산병원,11,20260728102408,053-250-8481,,,,,,,,,,,,,,,,,,,1,,1,,,,,2,,,,,,,N,,Y,,,,Y,,Y,Y,,,Y,Y,N1,22,N,0,N1,Y,,3,N1,12,,1,1,,,,,,,,,,,,7,5,,,,3,,,,0,2,1,1,6,,,6,,0,,,196,,,,,,,,,,,,,,,,,Y,N1,A1303386,19
2026-07-28 10:27:36,data_go_kr,인천광역시,A1400001,의료법인 길의료재단 길병원,8,20260728102435,032-460-3012,Y,Y,2,1,1,1,,0,,3,,,,,3,,,9,,3,,2,,2,0,4,16,3,11,1,9,12,Y,,Y,1,2,6,Y,0,Y,Y,,0,Y,Y,Y,282,Y,,Y,Y,0,9,Y,23,9,,,18,38,11,30,,2,,14,20,6,4,,11,30,6,47,28,2,18,13,3,6,6,7,113,19,40,19,10,6,,1,995,2,3,1,1,,2,,,,,,3,,,2,6,Y,Y,A1400001,1
2026-07-28 10:27:36,data_go_kr,인천광역시,A1400002,인하대학교의과대학부속병원,5,20260728102109,032-890-2301,Y,Y,,,1,1,,,,4,,,,,,,,6,2,0,5,0,0,0,0,0,2,2,,,5,7,Y,Y,Y,,,,Y,,Y,Y,,,Y,Y,Y,86,Y,3,Y,Y,3,3,Y,20,7,2,5,20,25,13,26,3,2,,,,7,,23,3,30,6,,16,,15,7,4,6,3,5,109,17,27,13,9,7,1,2,681,,,1,1,,,,,,,,,,,,,Y,Y,A1400002,2
2026-07-28 10:27:36,data_go_kr,인천광역시,A1400010,검단탑병원,13,20260728102452,032-590-0077,,,,,,,,,,,,,,,,,,,1,,2,,,,,0,,,,,,1,,,Y,,,,Y,,Y,Y,,,Y,Y,N1,16,N1,5,N1,Y,,1,N1,18,,1,2,,,,,,,,,,,,15,3,,,,6,,,2,,2,2,1,11,,,1,,,,,279,,,,,,,,,,,,,,,,,Y,N1,A1400010,3
2026-07-28 10:27:36,data_go_kr,인천광역시,A1403372,인천세종병원,9,20260728102510,032-240-8119,,,,,,,,,,,,,,,,,,,3,,,1,,,,1,1,,,,,4,,,Y,,,,Y,,Y,Y,,,Y,Y,Y,44,Y,4,N1,Y,,5,N1,18,,3,,2,,,,,,,,,,,20,2,3,,,7,,,6,,2,2,3,13,,,4,5,1,,,274,,,,,,,,,,,,,,,,,Y,N1,A1403372,4
2026-07-28 10:27:36,data_go_kr,인천광역시,A1400014,의료법인인성의료재단한림병원,14,20260728102322,032-540-9119,,,,,,,,,,,,,,,,,,,2,,2,,,,,2,,,,,,2,Y,,Y,,,,Y,,Y,Y,,,Y,Y,Y,31,N1,3,N1,Y,,1,N1,17,,2,2,,,,,,,,,,,,21,2,,,,6,,,2,1,3,2,2,20,,,3,3,,,,391,,,,,,,,,,,,,,,,,Y,N1,A1400014,5
2026-07-28 10:27:36,data_go_kr,인천광역시,A1400016,인천사랑병원,10,20260728102420,032-457-2119,,Y,,,,,,,,,,,,,,,4,,1,,2,0,,,,1,0,,,,,1,Y,,Y,,,,Y,,Y,Y,,,Y,Y,N1,10,Y,9,Y,Y,,4,N1,14,,1,2,2,,,,,,,,,,,15,1,3,,,7,,,1,1,2,1,1,12,,1,2,,1,,,278,,,,,,,,,,,,,,4,,,Y,N1,A1400016,6
2026-07-28 10:27:36,data_go_kr,인천광역시,A1400012,가톨릭대학교 인천성모병원,1,20260728102508,032-280-6107,Y,Y,,,,,,,,2,,,,,,,,3,3,1,3,0,,,,0,,,,,,5,Y,,Y,1,,,Y,,Y,Y,,,Y,Y,Y,43,Y,,Y,Y,0,7,N1,19,4,3,5,12,15,18,13,,,,15,,,,,10,,,,17,,,9,1,4,4,5,53,5,14,11,5,4,,,579,,,,,,,,,,,,,,,,,Y,Y,A1400012,7
2026-07-28 10:27:36,data_go_kr,인천광역시,A1400013,안은의료재단 부평세림병원,14,20260728102454,032-509-5777,,,,,,,,,,,,,,,,,,,1,,3,2,,,,0,2,,,,,2,,,Y,,,,Y,,Y,Y,,,Y,Y,Y,13,N1,7,N1,Y,,0,N1,16,,1,3,2,,,,,,,,,,,11,2,3,,,4,,,2,,3,2,1,9,,,1,1,,,,234,,,,,,,,,,,,,,,,,Y,N1,A1400013,8
2026-07-28 10:27:36,data_go_kr,인천광역시,A1400015,가톨릭관동대학교국제성모병원,2,20260728102314,032-290-3065,Y,Y,1,0,,,,,,1,,,18,,,,,3,0,,0,,,,,,,,,,4,3,Y,,Y,-2,,,Y,,Y,Y,,,Y,Y,N,166,Y,,Y,Y,,1,N1,23,3,0,0,,40,,,,,,13,,,,,,,,,11,,11,3,2,3,2,3,34,2,11,6,2,1,,,641,5,0,,,,,,,,21,,,,,,,Y,Y,A1400015,9
2026-07-28 10:27:36,data_go_kr,인천광역시,A1400003,의료법인 루가의료재단 나은병원,8,20260728102059,032-584-4119,,Y,,,,,,,,3,,,,,,,7,,1,2,2,,,,,3,,,,,,8,Y,,Y,,,,Y,,Y,Y,,,Y,Y,Y,102,Y,,Y,Y,,6,N1,11,,1,2,,14,13,,,,,,,,,,3,,,,10,,,9,1,2,2,3,17,,1,3,1,1,,,367,,,,,,,,,,,,,,7,,,Y,N1,A1400003,10
2026-07-28 10:27:36,data_go_kr,인천광역시,A1400011,의료법인 나사렛의료재단 나사렛국제병원,9,20260728102249,032-899-9699,,,,,,,,,,,,,,,,,,,1,,2,,,,,0,,,,,,,,,Y,,,,Y,,Y,Y,,,Y,Y,N1,38,N1,3,N1,Y,,3,N1,17,,1,2,,,,,,,,,,,,16,1,,,,5,,,,,2,2,2,8,,,2,,,,,282,,,,,,,,,,,,,,,,,Y,N1,A1400011,11
2026-07-28 10:27:36,data_go_kr,인천광역시,A1403617,비에스종합병원,6,20260728102143,032-290-0119,,Y,,,,,,,,,,,,,,,,,1,,,,,,,0,,,,,,,Y,,Y,,,,Y,,Y,Y,,,Y,Y,N1,90,N1,9,Y,N1,0,1,N1,10,,1,,,,,1,,,,,,,,18,1,,,,2,,,,1,1,,1,6,,1,1,,,,,180,,,,,,,,,,,,,,,,,Y,N1,A1403617,12
2026-07-28 10:27:36,data_go_kr,인천광역시,A1400005,온누리병원,9,20260728102121,032-568-9112,,,,,,,,,,,,,,,,,,,1,,1,,,,,,,,,,,,,,Y,,,,,,Y,N1,,,N1,Y,N1,43,N1,,N1,Y,,0,N1,9,,1,1,,,,,,,,,,,,,,,,,3,,,,,1,1,,5,,,,,,,,190,,,,,,,,,,,,,,,,,Y,N1,A1400005,13
2026-07-28 10:27:36,data_go_kr,인천광역시,A1403871,인천힘찬종합병원,14,20260728102215,032-459-3168,,,,,,,,,,,,,,,,,,,1,,2,,,,,0,,,,,,,,,Y,,,,,,Y,N1,,,N1,Y,N1,45,N1,2,N1,Y,,3,N1,17,,1,2,,,,,,,,,,,,8,1,,,,7,,,,,2,2,,1,,,,,,,,235,,,,,,,,,,,,,,,,,Y,N1,A1403871,14
2026-07-28 10:27:36,data_go_kr,인천광역시,A1400004,현대유비스병원,17,20260728094640,032-890-5582,,,,,,,,,,,,,,,,,,,1,,,,,,,0,,,,,,,,,Y,,,,Y,,Y,Y,,,Y,Y,N1,14,N1,3,N1,Y,,5,N1,18,,1,,,,,,,,,,,,,13,1,,,,6,,,,,2,2,1,8,,,2,,,,,285,,,,,,,,,,,,,,,,,Y,N1,A1400004,15
2026-07-28 10:27:36,data_go_kr,인천광역시,A1400008,(의)성세의료재단 뉴성민병원,8,20260728102401,032-726-1119,,,,,,,,,,,,,,,0,,,,,,1,,,,,2,,,,,,,,,Y,,,,,,Y,N1,,,Y,Y,N1,112,N1,12,N1,Y,,2,Y,9,,,1,,,,,,,,,,,,17,2,,,,6,,,,,2,2,,11,,,2,,,,1,265,,,,,,,,,,,,0,,,,,Y,N1,A1400008,16
2026-07-28 10:27:36,data_go_kr,인천광역시,A1400018,인천적십자병원,8,20260728102226,032-899-4119,,,,,,,,,,,,,,,,,,,1,,1,,,,,,,,,,,,,,Y,,,,,,Y,N1,,,N1,Y,N1,67,N1,3,N1,Y,,3,N1,8,,1,1,,,,,,,,,,,,8,,,,,3,,,,,1,1,,2,,,,,,,,104,,,,,,,,,,,,,,,,,Y,N1,A1400018,17
2026-07-28 10:27:36,data_go_kr,인천광역시,A1400037,인천광역시의료원백령병원,4,20260728102502,032-836-1732,Y,Y,,,,,,,,,,,,,,,,,,,1,,,,,,,,,,,,,,Y,,,,,,Y,N1,,,N1,Y,N1,30,N1,,Y,N1,,1,N1,5,,,1,,,,,,,,,,,,,,,,,1,,,,,1,,,1,1,2,,,,,,30,,,,,,,,,,,,,,,,,Y,Y,A1400037,18
2026-07-28 10:27:36,data_go_kr,인천광역시,A1400009,인천기독병원,5,20260728102042,032-270-8300,,,,,,,,,,,,,,,,,,,,,1,,,,,,,,,,,,,,Y,,,1,,,Y,N1,,,N1,Y,N1,29,N1,10,N1,Y,,4,N1,8,,,1,,,,,,,,,,,,10,,,,,4,,,,,1,1,,1,,,,,,,,139,,,,,,,,,,,,,,,,1,Y,N1,A1400009,19
2026-07-28 10:27:36,data_go_kr,인천광역시,A1400017,인천광역시의료원,13,20260728102502,032-580-6119,,,,,,,,,,,,,,,,,,,2,,,,,,,0,,,,,24,7,,,Y,,,,,,Y,N1,,,N1,Y,N1,20,N1,0,N1,Y,,4,N1,15,,2,,,,,,,,,,,,,13,0,,,,6,,45,7,,1,1,,19,,,,,,,,198,,,,,,,,,,,,,,,,,Y,N1,A1400017,20
2026-07-28 10:27:36,data_go_kr,인천광역시,A1400007,의료법인 성수의료재단 인천백병원,4,20260728102314,032-280-8119,,,,,,,,,,,,,,,,,,,,,1,,,,,,,,,,,,,,Y,,,,,,Y,N1,,,Y,Y,N1,30,N1,1,N1,Y,,4,N1,5,,,1,,,,,,,,,,,,12,,,,,4,,,,,2,2,,6,,,1,,,,,189,,,,,,,,,,,,,,,,,Y,N1,A1400007,21
2026-07-28 10:27:36,data_go_kr,대전광역시,A1600006,학교법인건양교육재단건양대학교병원,14,20260728102115,042-600-9119,Y,Y,,0,,,1,1,4,,0,0,0,0,,0,,5,2,,3,6,,,,3,6,,,,10,0,Y,,Y,,,,Y,,Y,Y,,,Y,Y,Y,224,Y,33,Y,Y,4,10,Y,24,5,2,3,16,,,24,,,,,,,,59,5,28,,,20,,20,1,2,4,4,4,46,17,23,10,3,1,,1,658,,0,,,1,3,4,0,0,0,0,,0,,,,Y,Y,A1600006,1
2026-07-28 10:27:36,data_go_kr,대전광역시,A1600001,충남대학교병원,14,20260728102301,042-280-8129,Y,Y,0,0,,,,,,4,,,,,,,0,5,2,5,3,3,3,,4,6,20,,,,15,9,Y,,Y,,,,Y,,Y,Y,,,Y,Y,Y,122,Y,0,Y,Y,7,3,N1,28,6,2,3,20,16,14,34,5,,,,,10,,12,8,30,,,21,,26,14,5,5,4,5,76,12,36,6,8,2,,,966,0,0,,,,,,,,,,,,0,,,Y,Y,A1600001,2
2026-07-28 10:27:36,data_go_kr,대전광역시,A1600002,학교법인을지학원대전을지대학교병원,5,20260728102500,042-259-1119,Y,Y,,,,,,,,3,,0,0,-8,-5,3,3,,2,5,1,,,,2,0,,,3,2,8,,Y,,Y,,2,4,Y,3,Y,Y,,,Y,Y,Y,92,Y,,Y,Y,15,6,N1,21,,2,1,,20,20,20,,,,,20,5,,,11,,,40,15,2,20,,16,4,2,4,70,12,47,7,3,3,,,331,,,,,,,,,0,0,0,0,30,3,2,6,Y,Y,A1600002,3
2026-07-28 10:27:36,data_go_kr,대전광역시,A1600007,의료법인영훈의료재단유성선병원,9,20260728102249,042-609-1119,,,,,,,,,,,,,,,,,,,2,,1,,,,,1,,,,,,0,Y,,Y,,,,Y,,Y,Y,,,Y,Y,Y,58,N1,-2,N1,Y,,-10,Y,17,,2,1,,,,,,,,,,,,19,1,,,,7,,,1,1,3,3,2,17,,,2,1,,,1,368,,,,,,,,,,,,,,,,,Y,N1,A1600007,4
2026-07-28 10:27:36,data_go_kr,대전광역시,A1600005,학교법인가톨릭학원가톨릭대학교대전성모병원,17,20260728102510,042-220-9118,Y,Y,,,,,,,,4,,,,,,,,,3,2,,,,,3,0,,,,,,4,Y,,Y,1,,,Y,,Y,Y,2,0,Y,Y,Y,90,N1,,Y,Y,4,5,N1,19,,3,,,15,3,4,,,3,9,,3,2,,1,,,,12,,,4,1,3,2,4,24,5,7,5,2,,,,537,,,,,,,,,,,,,,,,,Y,Y,A1600005,5
2026-07-28 10:27:36,data_go_kr,대전광역시,A1600008,의료법인영훈의료재단대전선병원,10,20260728102321,042-220-8129,,,,,,,,,,,,,,,,,,,1,,3,,,,,0,,,,,,0,Y,,Y,,,,Y,,Y,Y,,,Y,Y,N1,23,N1,4,N1,Y,,3,N1,17,,1,3,,,,,,,,,,,,24,1,,,,7,,,1,1,2,2,2,11,,,3,,,,,311,,,,,,,,,,,,,,,,,Y,N1,A1600008,6
2026-07-28 10:27:36,data_go_kr,대전광역시,A1600004,대전보훈병원,7,20260728102140,042-939-0100,,,,,,,,,,,,,,,,,,,1,,1,,,,,1,,,,,,1,,,Y,,,,Y,,Y,Y,,,N1,Y,N1,55,N1,3,N1,Y,,3,N1,7,,1,1,,,,,,,,,,,,10,1,,,,5,,,1,,1,3,1,12,,,,,,,,316,,,,,,,,,,,,,,,,,Y,N1,A1600004,7
2026-07-28 10:27:36,data_go_kr,대전광역시,A1600003,대전한국병원,3,20260728102509,042-606-1119,,Y,,,,,,,,,,,,,,,,,1,,,,,,,,,,,,,,Y,,Y,,,,Y,,Y,Y,,,Y,Y,N1,44,N1,1,Y,Y,,1,N1,9,,1,,,,,,,,,,,,,12,,,,,4,,,,4,2,2,2,6,,1,1,,,,,241,,,,,,,,,,,,,,,,,Y,N1,A1600003,8
2026-07-28 10:27:36,data_go_kr,대전광역시,A1602246,대청병원,8,20260728102509,042-589-0119,,,,,,,,,,,,,,,,,,,,,1,,,,,,,,,,,,,,Y,,,,,,Y,N1,,,Y,Y,N1,108,N1,2,N1,Y,,2,N1,9,,,1,,,,,,,,,,,,17,,,,,3,,,,,2,1,,10,,,1,,,,,245,,,,,,,,,,,,,,,,,Y,N1,A1602246,9
2026-07-28 10:27:36,data_go_kr,울산광역시,A1700004,학교법인울산공업학원울산대학교병원,6,20260728102248,052-250-7000,Y,Y,3,3,,,,1,,7,,,4,,5,,,8,0,9,0,2,,,2,6,10,,6,2,7,0,Y,,Y,,1,6,Y,9,Y,Y,,0,Y,Y,Y,90,Y,5,Y,Y,1,4,N1,21,8,0,0,12,13,16,26,,,,,20,6,2,8,8,36,,42,20,2,20,0,5,7,5,6,83,14,27,17,8,4,,,725,3,3,,,,8,,,,4,,5,,,2,6,Y,Y,A1700004,1
2026-07-28 10:27:36,data_go_kr,울산광역시,A1700028,의료법인정안의료재단중앙병원,8,20260728102410,052-226-1119,,,,,,,,,,,,,,,,,,,1,,2,0,,,,1,0,,,,,0,,,Y,,,,Y,,Y,Y,,,Y,Y,N1,35,N1,1,N1,Y,,5,N1,17,,1,2,2,,,,,,,,,,,18,2,4,,,8,,,1,,2,2,2,7,,,2,,,,,336,,,,,,,,,,,,,,,,,Y,N1,A1700028,2
2026-07-28 10:27:36,data_go_kr,울산광역시,A1700003,울산병원,17,20260728102505,052-259-5119,,,,,,,,,,,,,,,,,,,1,,2,2,,,,0,2,,,,,,,,Y,,,,Y,,Y,Y,,,Y,Y,Y,55,Y,6,N1,Y,,3,Y,19,,1,2,2,,,,,,,,,,,17,1,3,,,4,,,,,2,2,3,12,,,4,1,2,,2,343,,,,,,,,,,,,,,,,,Y,N1,A1700003,3
2026-07-28 10:27:36,data_go_kr,울산광역시,A1700025,의료법인송은의료재단울산시티병원,15,20260728102506,052-280-9119,,,,,,,,,,,,,,,,,,,1,,2,0,,,,2,1,,,,,,,,Y,,,,Y,,Y,Y,,,Y,Y,N1,-8,N1,12,N1,Y,,0,N1,17,,1,2,2,,,,,,,,,,,24,3,3,,,8,,,,,2,2,2,17,,,4,,,,,347,,,,,,,,,,,,,,,,,Y,N1,A1700025,4
2026-07-28 10:27:36,data_go_kr,울산광역시,A1700002,의료법인동강의료재단동강병원,19,20260728102528,052-241-1190,,,,,,,,,,4,,,,,,,,,1,1,2,1,,,1,1,1,,,,,2,,Y,Y,,,,Y,,Y,Y,,,Y,Y,Y,110,N1,,N1,Y,,1,N1,24,,1,2,2,14,9,,,,,,,13,,,1,3,,,8,,,2,,3,2,4,25,,,7,5,,1,,513,,,,,,,,,,,,,,,,,Y,N1,A1700002,5
2026-07-28 10:27:36,data_go_kr,울산광역시,A1700011,의료법인은성의료재단좋은삼정병원,9,20260728102355,052-220-7600,,,,,,,,,,,,,,,,,,,,,1,,,,,0,,,,,,1,,,Y,,,,Y,,Y,Y,,,Y,Y,N1,51,N1,0,N1,Y,,4,N1,9,,,1,,,,,,,,,,,,14,1,,,,8,,,1,,2,2,1,5,,,1,,,,,283,,,,,,,,,,,,,,,,,Y,N1,A1700011,6
2026-07-28 10:27:36,data_go_kr,울산광역시,A1700001,서울산보람병원,8,20260728102521,052-255-7119,,,,,,,,,,,,,,,,,,,,,1,,,,,,,,,,,,,,Y,,,,,,Y,N1,,,N1,Y,N1,88,N1,,N1,Y,,0,N1,10,,,1,,,,,,,,,,,,,,,,,3,,,,,1,1,,1,,,,,,,,213,,,,,,,,,,,,,,,,,Y,N1,A1700001,7
2026-07-28 10:27:36,data_go_kr,세종특별자치시,A1800441,세종충남대학교병원,10,20260728102301,044-995-3010,Y,Y,,,1,1,,,,,,,,,,,,4,1,,2,,,1,,1,,4,,,,2,Y,,Y,,,,Y,,Y,Y,,,Y,Y,Y,62,Y,4,Y,Y,1,3,N1,17,6,1,2,,,,19,,2,,,,,,11,2,,6,,8,,,4,3,2,2,3,29,7,19,5,3,2,,,299,,,1,1,,,,,,,,,,,,,Y,Y,A1800441,1
2026-07-28 10:27:36,data_go_kr,세종특별자치시,A1800417,의료법인 영제 의료재단 엔케이세종병원,9,20260728102146,044-850-7777,,,,,,,,,,,,,,,,,,,,,1,,,,,,,,,,,,,,Y,,,,,,Y,N1,,,N1,Y,N1,127,N1,,N1,Y,,2,N1,10,,,1,,,,,,,,,,,,,,,,,3,,,,,1,1,,1,,,,,,,,200,,,,,,,,,,,,,,,,,Y,N1,A1800417,2
2026-07-28 10:27:36,data_go_kr,경기도,A2100042,의료법인명지의료재단명지병원,5,20260728102500,031-810-7119,Y,Y,3,1,,3,1,0,1,,0,0,0,0,0,0,,0,0,,1,4,,,,4,10,,,,0,0,Y,Y,Y,,,,Y,,Y,Y,,,Y,Y,Y,130,Y,10,Y,Y,3,5,Y,15,0,0,3,16,,,3,,,,,,,,31,4,28,,,13,,0,0,2,6,3,5,49,4,5,8,5,2,1,2,443,3,2,,3,4,3,2,0,0,0,0,0,0,,,,Y,Y,A2100042,1
2026-07-28 10:27:36,data_go_kr,경기도,A2100033,국민건강보험공단일산병원,15,20260728102004,031-900-0761,Y,Y,,,,,0,,0,2,,0,0,,0,0,,2,2,4,3,1,,,2,1,1,,,,3,1,Y,,Y,,,,Y,,Y,Y,,,Y,Y,Y,118,N1,,Y,Y,3,0,N1,23,5,2,3,19,10,16,25,,,,,,6,,,11,29,,,20,,28,4,2,4,3,3,60,8,28,13,5,,,,659,,,,,1,,1,,0,0,,0,0,,,,Y,Y,A2100033,2
2026-07-28 10:27:36,data_go_kr,경기도,A2100005,순천향대학교부속부천병원,3,20260728102123,032-621-5117,Y,Y,2,0,,,,,,8,,0,,0,0,,,5,0,10,0,3,,,,4,14,,,,,2,Y,Y,Y,,,3,Y,,Y,Y,,,Y,Y,Y,205,Y,11,Y,Y,2,9,Y,17,5,0,0,20,16,15,24,,,,,,,,22,8,34,,,21,,,7,1,4,3,5,71,9,31,17,4,3,1,1,674,2,3,,,,,,,0,,0,0,,,,5,Y,Y,A2100005,3
2026-07-28 10:27:36,data_go_kr,경기도,A2100001,분당서울대학교병원,-14,20260728102300,031-787-3119,Y,Y,,,,,,3,,2,,,5,9,,,,2,2,3,3,5,1,,3,0,13,,,,2,3,Y,,Y,1,,1,Y,,Y,Y,,,Y,Y,Y,128,Y,2,Y,Y,0,9,N1,30,5,2,3,15,13,13,35,6,,,10,,9,,8,1,30,,,39,,15,3,3,11,11,11,128,17,39,16,8,8,,,1247,,,,,,5,,,,5,9,,,,,2,Y,Y,A2100001,4
2026-07-28 10:27:36,data_go_kr,경기도,A2100030,차의과학대학교분당차병원,2,20260728102057,031-780-5840,Y,Y,1,3,1,1,0,0,,0,,,0,,0,,0,9,,4,,1,,0,0,0,7,6,,,12,,Y,,Y,0,,,Y,,Y,Y,,,Y,Y,Y,99,Y,,Y,Y,8,8,N1,22,11,,,14,8,9,35,,2,,7,,6,,,4,43,6,,26,,22,,8,5,3,4,40,26,46,6,2,2,,,726,2,3,1,1,2,2,,,,0,,1,,0,,,Y,Y,A2100030,5
2026-07-28 10:27:36,data_go_kr,경기도,A2100002,아주대학교병원,15,20260728102107,031-219-7777,Y,Y,2,4,1,2,,0,,1,,,,0,0,,0,7,0,4,0,2,,1,4,0,4,0,6,2,4,5,Y,,Y,3,1,5,Y,0,Y,Y,2,3,Y,Y,Y,108,Y,,Y,Y,7,4,N1,30,9,0,0,16,14,10,36,,2,6,13,40,7,11,,3,42,6,60,25,3,20,8,3,8,6,9,126,27,34,32,9,7,,,792,2,6,1,4,,2,,,,,0,0,,0,2,6,Y,Y,A2100002,6
2026-07-28 10:27:36,data_go_kr,경기도,A2100003,고려대학교의과대학부속안산병원,10,20260728102120,031-412-5381,Y,Y,2,1,,,0,,,0,,,,,,,,4,,13,3,5,,,1,0,17,,,,8,5,Y,,Y,,,,Y,,Y,Y,,,Y,Y,Y,52,Y,0,Y,Y,0,6,N1,22,4,,3,18,10,13,25,,,,,,10,,6,3,30,,,20,,16,10,2,3,4,4,66,15,19,8,5,3,,,605,2,3,,,2,,,,,,,,,,,,Y,Y,A2100003,7
2026-07-28 10:27:36,data_go_kr,경기도,A2100004,한림대학교성심병원,12,20260728102257,031-380-1500,Y,Y,0,5,,,0,,,0,,,,,,,,3,2,3,1,1,,,,1,18,,,,9,1,Y,Y,Y,,,,Y,,Y,Y,0,1,Y,Y,Y,95,Y,,Y,Y,6,7,N1,25,3,2,4,19,27,16,9,,,8,,,,18,,3,30,,,19,,20,14,2,4,3,6,102,8,10,20,14,2,1,,610,0,5,,,1,,,,,,,,,,,,Y,Y,A2100004,8
2026-07-28 10:27:36,data_go_kr,경기도,A2100040,가톨릭대학교의정부성모병원,18,20260728102508,031-820-5200,Y,Y,,,,,0,0,,,,,,,,,,11,2,,4,0,,,0,0,11,,8,1,,,Y,,Y,,1,6,Y,4,Y,Y,,,Y,Y,Y,111,Y,0,Y,Y,-1,1,N1,42,11,2,4,18,,,15,,,,,20,6,,26,4,30,,53,13,2,,,3,4,3,4,54,10,28,12,4,3,,,519,,,,,1,1,,,,,,,,,2,6,Y,Y,A2100040,9
2026-07-28 10:27:36,data_go_kr,경기도,A2100047,동국대학교일산불교병원,13,20260728102530,031-961-7777,Y,Y,,,,,,,,7,,,,,,,3,3,1,7,3,,,,,1,,,,,9,0,Y,,Y,,,,Y,,Y,Y,,,Y,Y,Y,138,Y,,Y,Y,9,4,N1,19,3,1,3,,16,13,13,,,,,,,,,4,,,,12,,15,0,8,2,2,2,19,13,25,4,2,1,,,463,,,,,,,,,,,,,,3,,,Y,Y,A2100047,10
2026-07-28 10:27:36,data_go_kr,경기도,A2100038,인제대학교일산백병원,16,20260728102526,031-910-7114,N,N,,,,,,,,3,,,,,,,,,3,1,2,,,,,1,,,,,3,1,Y,,Y,,,,Y,,Y,Y,,1,Y,Y,Y,113,Y,,N,Y,,8,N1,34,,3,3,,25,32,,,,,,,,4,,4,,,,17,,16,2,3,3,3,4,54,18,22,7,3,1,,,545,,,,,,,,,,,,,,,,,Y,N,A2100038,11
2026-07-28 10:27:36,data_go_kr,경기도,A2118788,중앙대학교광명병원,11,20260728102508,02-2222-1351,Y,Y,0,0,,,,,,,,,,,,,,,1,,0,,,,2,2,,,,,,2,Y,,Y,,,,Y,,Y,Y,3,,Y,Y,Y,102,Y,8,Y,Y,1,1,N1,21,,1,2,,,,16,,,5,,,5,,24,6,,,,17,,,2,2,2,2,5,28,6,16,5,4,10,,,576,0,0,,,,,,,,,,,,,,,Y,Y,A2118788,12
2026-07-28 10:27:36,data_go_kr,경기도,A2100007,광명성애병원,9,20260728102541,02-2680-7116,Y,Y,,,,,,,,,,,,,,8,,3,1,,3,,,,,0,,,,,,,Y,,Y,,,,Y,,Y,Y,,,Y,Y,N1,53,N1,10,Y,Y,,2,N1,11,4,1,4,,,,,,,,,,,,13,1,,,,5,,,,2,2,2,1,12,2,5,1,,,,,189,,,,,,,,,,,,,50,,,,Y,Y,A2100007,13
2026-07-28 10:27:36,data_go_kr,경기도,A2100155,참조은병원,8,20260728102248,031-881-9119,,,,,,,,,,,,,,0,0,,6,1,1,,3,,,,,3,,,,,,1,,,Y,,,,Y,,Y,Y,,,Y,Y,N1,29,Y,-3,N1,Y,,5,N1,9,1,1,3,,,,,,,,,,,,22,3,,,,7,,,2,,3,3,2,18,,,3,,2,,,286,,,,,,,,,,,0,0,,6,,,Y,N1,A2100155,14
2026-07-28 10:27:36,data_go_kr,경기도,A2100039,한양대학교구리병원,3,20260728102259,1644-9118,Y,Y,,,,,,,,0,,,,,,,,,1,0,4,,,,,,,,,,,2,Y,,Y,,,,Y,,Y,Y,,,Y,Y,Y,76,Y,,Y,Y,1,4,N1,18,,1,4,,17,14,10,,,,,,,,,,,,,9,,,5,1,3,2,3,21,6,14,4,2,2,,,488,,,,,,,,,,,,,,,,,Y,Y,A2100039,15
2026-07-28 10:27:36,data_go_kr,경기도,A2100054,효산의료재단지샘병원,15,20260728102048,031-389-3119,,,,,,,,,,,,,,,,,1,,1,,1,,,,,1,,,,,,1,,,Y,,,,Y,,Y,Y,,,Y,Y,N1,40,N1,4,N1,Y,,1,N1,18,,2,1,,,,,,,,,,,,18,1,,,,5,,,2,,2,1,3,11,,,2,,,,,367,,,,,,,,,,,,,,1,,,Y,N1,A2100054,16
2026-07-28 10:27:36,data_go_kr,경기도,A2100048,원광대학교산본병원,15,20260728102341,031-390-2345,,,,,,,,,,,,,,,,,,,1,,2,,,,,,,,,,,,Y,,Y,,,,Y,,Y,Y,,,Y,Y,N1,66,N1,7,N1,Y,,3,N1,17,,1,2,,,,,,,,,,,,12,,,,,5,,,,1,1,1,1,1,,,2,,,,,188,,,,,,,,,,,,,,,,,Y,N1,A2100048,17
2026-07-28 10:27:36,data_go_kr,경기도,A2100053,의료법인우리의료재단김포우리병원,12,20260728102446,031-999-1119,,,,,,,,,,,,,,0,0,0,,,1,,6,,,,,0,,,,,,3,,,Y,,,,Y,,Y,Y,,,Y,Y,Y,21,Y,0,N1,Y,,0,N1,22,,1,6,,,,,,,,,,,,36,1,,,,7,,,11,,2,2,2,48,,,4,1,2,,,477,,,,,,,,,,,0,0,0,,,,Y,N1,A2100053,18
2026-07-28 10:27:36,data_go_kr,경기도,A2100006,의료법인인봉의료재단뉴고려병원,13,20260728102239,031-980-9119,,,,,,,,,,,,,,,,,3,,1,,2,,,,,5,,,,,,,,,Y,,,,Y,,Y,Y,,,Y,Y,N1,63,N1,1,N1,Y,,4,N1,14,,1,2,,,,,,,,,,,,24,10,,,,6,,,,,2,2,2,7,,,1,,,,,278,,,,,,,,,,,,,,3,,,Y,N1,A2100006,19
2026-07-28 10:27:36,data_go_kr,경기도,A2100041,남양주한양병원,16,20260728102455,031-510-0119,,,,,,,,,,,,,,,,,,,1,,2,,,,,10,,,,,,,,,Y,,,,Y,,Y,Y,,,Y,Y,N1,76,N1,6,N1,Y,,,Y,17,,1,2,,,,,,,,,,,,17,23,,,,,,,,,2,2,1,33,,,2,,,,1,244,,,,,,,,,,,,,,,,,Y,N1,A2100041,20
2026-07-28 10:27:36,data_go_kr,경기도,A2100037,현대병원,16,20260728102033,031-574-0114,,,,,,,,,,,,,,,,,,,3,,,,,,,2,,,,,,,,,Y,,,,Y,,Y,Y,,,Y,Y,N1,46,Y,0,N1,Y,,3,N1,17,,3,,,,,,,,,,,,,19,20,,,,7,,,,,2,2,2,50,,,17,,2,,,342,,,,,,,,,,,,,,,,,Y,N1,A2100037,21
2026-07-28 10:27:36,data_go_kr,경기도,A2100055,부천세종병원,10,20260728102510,032-340-1119,Y,Y,,,,,,,,,,,,,,,,,1,,2,0,,,,0,0,,,,,0,Y,,Y,,,,Y,,Y,Y,,,Y,Y,Y,61,Y,4,Y,Y,,3,N1,17,,1,2,2,,,,,,,,,,,20,2,3,,,6,,,6,1,2,1,5,18,1,1,5,4,1,,,268,,,,,,,,,,,,,,,,,Y,Y,A2100055,22
2026-07-28 10:27:36,data_go_kr,경기도,A2100052,가톨릭대학교부천성모병원,17,20260728102507,032-340-2100,Y,Y,,,,,,,,3,,,,,,,3,,2,0,1,,,,,1,,,,,,1,Y,,Y,4,,,Y,,Y,Y,,,Y,Y,Y,105,Y,,Y,Y,9,8,N1,31,,2,1,,16,12,10,,,,18,,,,,4,,,,14,,,4,3,3,3,3,28,4,14,11,1,2,,,562,,,,,,,,,,,,,,3,,,Y,Y,A2100052,23
2026-07-28 10:27:36,data_go_kr,경기도,A2100025,대진의료재단분당제생병원,7,20260728102500,031-779-0119,Y,Y,,,,,,,,4,,,7,,,,,3,1,3,2,,,,,2,,,,,,0,Y,Y,Y,,,,Y,,Y,Y,,,Y,Y,Y,104,Y,,Y,Y,1,1,N1,24,3,1,2,,11,14,3,,,,,,,,,4,,,,9,,,2,2,4,3,3,22,1,5,5,2,3,1,,484,,,,,,,,,,7,,,,,,,Y,Y,A2100025,24
2026-07-28 10:27:36,data_go_kr,경기도,A2116806,성남시의료원,16,20260728102500,031-738-7300,,,,,,,,,,,,,,,,,,6,2,19,4,,,,,2,,,,,,28,,,Y,,,,Y,,Y,Y,,,Y,Y,Y,88,Y,,N1,Y,,7,Y,17,6,2,4,,,25,,,,,,,,,,5,,,,8,,,28,,3,2,2,31,,,6,3,1,,2,241,,,,,,,,,,,,,,,,,Y,N1,A2116806,25
2026-07-28 10:27:36,data_go_kr,경기도,A2117135,의료법인명인의료재단화홍병원,7,20260728102400,031-8021-6829,Y,,,,,,,,,,,,,,,,,,2,,3,,,,,0,,,,,,,,,Y,,,,,,Y,N1,,,N1,Y,Y,42,N1,10,N1,Y,,2,Y,15,,2,3,,,,,,,,,,,,29,1,,,,6,,,,,2,2,,4,1,,,1,,,1,228,,,,,,,,,,,,,,,,,Y,Y,A2117135,26
2026-07-28 10:27:36,data_go_kr,경기도,A2100009,의료법인녹산의료재단동수원병원,16,20260728102036,031-210-0119,,Y,,,,,,,,,,,,,,,,,1,,2,0,,,,0,0,,,,,1,Y,,Y,,,,Y,,Y,Y,,,Y,Y,N1,28,N1,7,Y,Y,,3,N1,17,,1,2,2,,,,,,,,,,,18,3,4,,,5,,,1,1,2,2,1,15,,4,1,,,,,335,,,,,,,,,,,,,,,,,Y,N1,A2100009,27
2026-07-28 10:27:36,data_go_kr,경기도,A2100012,가톨릭대학교성빈센트병원,13,20260728102508,031-249-7370,Y,Y,,,1,1,,,,10,,,,,,,,6,2,9,2,3,,2,5,3,,4,,,7,2,Y,,Y,10,,,Y,,Y,Y,,0,Y,Y,Y,137,Y,,Y,Y,3,4,N1,28,6,2,2,4,20,11,18,,2,,15,,8,8,,5,,6,,19,,30,11,2,5,4,6,52,7,18,12,4,4,,,658,,,1,1,,,,,,,,,,,,,Y,Y,A2100012,28
2026-07-28 10:27:36,data_go_kr,경기도,A2100008,의료법인남촌의료재단시화병원,14,20260728102312,031-5189-0567,,,,,,,,,,,,,,,,,,5,1,,5,,,,,1,,,,,,1,Y,,Y,,,,Y,,Y,Y,,,Y,Y,Y,73,N1,19,N1,Y,,2,N1,16,5,1,5,,,,,,,,,,,,52,1,,,,7,,,1,1,3,3,2,29,,,4,2,,,,461,,,,,,,,,,,,,,,,,Y,N1,A2100008,29
2026-07-28 10:27:36,data_go_kr,경기도,A2100017,대아의료재단한도병원,14,20260728102430,031-8040-1129,,,,,,,,,,,,,,,,,,,1,,2,,,,,1,,,,,,,,,Y,,,,Y,,Y,Y,,,Y,Y,N1,60,N1,10,N1,Y,,6,N1,17,,1,2,,,,,,,,,,,,29,1,,,,6,,,,,3,2,2,15,,,3,,,,,327,,,,,,,,,,,,,,,,,Y,N1,A2100017,30
2026-07-28 10:27:36,data_go_kr,경기도,A2100015,효산의료재단안양샘병원,15,20260728102416,031-467-9119,,,,,,,,,,0,,,,,,,,,1,1,2,,,,,1,,,,,,,,,Y,,,,Y,,Y,Y,,,Y,Y,Y,49,N1,,N1,Y,,3,N1,17,,1,2,,9,9,,,,,,,,,,1,,,,6,,,,,2,1,2,12,,,2,1,,,,307,,,,,,,,,,,,,,,,,Y,N1,A2100015,31
2026-07-28 10:27:36,data_go_kr,경기도,A2100024,오산한국병원,12,20260728102248,031-378-5119,,,,,,,,,,,,,,,,,,,1,,2,2,,,,1,3,,,,,2,,,Y,,,,Y,,Y,Y,,,Y,Y,N1,36,Y,0,N1,Y,,1,N1,17,,1,2,2,,,,,,,,,,,32,1,3,,,5,,,2,,2,2,2,17,,,2,,1,,,259,,,,,,,,,,,,,,,,,Y,N1,A2100024,32
2026-07-28 10:27:36,data_go_kr,경기도,A2100020,연세대학교의과대학용인세브란스병원,9,20260728102225,031-5189-9001,Y,Y,,,,,,,,2,,,,,,,,6,1,5,2,,,,,1,,,,,,2,Y,,Y,,,,Y,,Y,Y,,,Y,Y,Y,59,Y,,Y,Y,0,2,N1,16,6,1,3,,19,16,12,,,,,,,,,2,,,,15,,,4,2,3,3,4,31,6,18,6,3,4,,,597,,,,,,,,,,,,,,,,,Y,Y,A2100020,33
2026-07-28 10:27:36,data_go_kr,경기도,A2100029,강남병원,11,20260728102331,031-300-0119,,,,,,,,,,,,,,,,,,,1,,2,2,,,,1,3,,,,,,,,Y,,,,,,Y,N1,,,Y,Y,N1,15,N1,14,N1,Y,,3,N1,17,,1,2,2,,,,,,,,,,,30,1,3,,,4,,,,,2,2,,7,,,2,,,,,264,,,,,,,,,,,,,,,,,Y,N1,A2100029,34
2026-07-28 10:27:36,data_go_kr,경기도,A2100019,(의)영문의료재단다보스병원,11,20260728102335,031-8021-2130,,,,,,,,,,,,,,,,,4,,1,,2,2,,,,1,1,,,,,,,,Y,,,,,,Y,N1,,,Y,Y,N1,28,N1,6,N1,Y,,5,N1,13,,1,2,2,,,,,,,,,,,23,1,3,,,6,,,,,1,1,,7,,,2,,,,,222,,,,,,,,,,,,,,4,,,Y,N1,A2100019,35
2026-07-28 10:27:36,data_go_kr,경기도,A2117994,학교법인을지학원의정부을지대학교병원,25,20260728102101,031-8074-0119,Y,Y,,,,,,,,2,,,,,,,8,6,1,-1,2,,,,,2,,,,,5,3,Y,,Y,,0,0,Y,,Y,Y,,,Y,Y,Y,187,Y,,Y,Y,3,0,N1,30,6,1,2,,29,22,5,,,,,,,,,2,,,,14,,22,6,8,3,3,4,48,5,5,6,3,2,,,588,,,,,,,,,,,,,,8,0,0,Y,Y,A2117994,36
2026-07-28 10:27:36,data_go_kr,경기도,A2100193,경기도의료원이천병원,14,20260728102401,031-630-4333,,,,,,,,,,,,,,,,,,,1,,2,2,,,,2,1,,,,,6,,,Y,,,,,,Y,N1,,,N1,Y,N1,48,N1,2,N1,Y,,2,N1,17,,1,2,2,,,,,,,,,,,6,2,3,,,4,,,6,,1,1,,8,,,,,,,,187,,,,,,,,,,,,,,,,,Y,N1,A2100193,37
2026-07-28 10:27:36,data_go_kr,경기도,A2100035,경기도의료원파주병원,15,20260728102402,031-940-9119,,,,,,,,,,,,,,,,,,,1,,2,0,,,,,0,,,,,,Y,,Y,,,,,,Y,N1,,,N1,Y,N1,92,N1,3,N1,Y,,3,N1,17,,1,2,2,,,,,,,,,,,8,,3,,,3,,,,1,1,1,,9,,,,,,,,189,,,,,,,,,,,,,,,,,Y,N1,A2100035,38
2026-07-28 10:27:36,data_go_kr,경기도,A2100028,의료법인백송의료재단굿모닝병원,7,20260728102359,031-5182-7582,,,,,,,,,,,,,,,,,5,,2,,1,,,,,0,,,,,,,,,Y,,,,Y,,Y,Y,,,Y,Y,Y,57,N1,1,N1,Y,,0,Y,19,,2,1,,,,,,,,,,,,27,3,,,,7,,,,,5,3,3,23,,,5,3,,,1,392,,,,,,,,,,,,,,6,,,Y,N1,A2100028,39
2026-07-28 10:27:36,data_go_kr,경기도,A2113246,의료법인양진의료재단평택성모병원,4,20260728102502,070-5012-0119,,,,,,,,,,,,,,,,0,,,1,,2,2,,,,2,0,,,,,,,,Y,,,,Y,,Y,Y,,,Y,Y,N1,29,N1,12,N1,Y,,6,N1,17,,1,2,2,,,,,,,,,,,34,2,3,,,6,,,,,3,3,2,8,,,2,,,,,329,,,,,,,,,,,,,0,,,,Y,N1,A2113246,40
2026-07-28 10:27:36,data_go_kr,경기도,A2100031,경기도의료원포천병원,16,20260728102501,031-539-9119,,Y,,,,,,,,,,,,,,,,,1,,2,,,,,0,,,,,,1,Y,,Y,,,,,,Y,N1,,,N1,Y,N1,45,N1,2,Y,Y,,3,N1,17,,1,2,,,,,,,,,,,,10,0,,,,4,,,3,3,1,1,,7,,2,,,,,,137,,,,,,,,,,,,,,,,,Y,N1,A2100031,41
2026-07-28 10:27:36,data_go_kr,경기도,A2100046,한림대학교동탄성심병원,17,20260728102202,031-8086-2119,Y,Y,3,0,,,,,,11,,,,,,,,9,,1,,,,,0,7,,,,,,3,Y,Y,Y,,,,Y,,Y,Y,6,,Y,Y,Y,116,Y,,Y,Y,11,5,Y,32,9,,,,28,13,13,,,13,,,9,,,11,,,,20,,,11,1,6,3,6,51,8,16,17,5,5,1,1,515,3,0,,,,,,,,,,,,,,,Y,Y,A2100046,42
2026-07-28 10:27:36,data_go_kr,경기도,A2100290,의료법인자인의료재단(더자인병원),14,20260728102536,031-930-3119,,,,,,,,,,,,,,,,,,,2,,2,0,,,,1,1,,,,,,,,Y,,,,Y,,Y,Y,,,Y,Y,N1,73,N1,5,N1,Y,,5,N1,16,,2,2,2,,,,,,,,,,,10,2,3,,,5,,,,,2,2,1,15,,,1,,,,,233,,,,,,,,,,,,,,,,,Y,N1,A2100290,43
2026-07-28 10:27:36,data_go_kr,경기도,A2100049,국립암센터,10,20260728102400,031-920-0119,,N,,,,,,,,,,,,,,,,,,,1,,,,,7,,,,,,,,,Y,,,,Y,,Y,Y,,,Y,Y,Y,88,Y,12,N,Y,,5,N1,24,,,1,,,,,,,,,,,,19,9,,,,18,,,,,7,5,3,29,,1,8,2,7,,,554,,,,,,,,,,,,,,,,,Y,N1,A2100049,44
2026-07-28 10:27:36,data_go_kr,경기도,A2116972,의료법인성광의료재단일산차병원,6,20260728102054,031-782-8587,Y,Y,,,,,,,,,,,,,,,,,,,3,,,,,1,,,,,,1,Y,,,,,,,,Y,N1,,,N1,N1,N1,49,N1,4,Y,N1,0,0,N1,6,,,4,,,,17,,,,,,,,4,1,,,,10,,,1,9,,,,4,11,19,,,,,,179,,,,,,,,,,,,,,,,,Y,Y,A2116972,45
2026-07-28 10:27:36,data_go_kr,경기도,A2118188,엘병원,7,20260728102432,031-527-6119,,,,,,,,,,,,,,,,,,,,,2,,,,,0,,,,,,1,,,Y,,,,,,Y,N1,,,N1,Y,N1,46,N1,4,N1,Y,,2,N1,8,,,2,,,,,,,,,,,,8,1,,,,3,,,1,,1,1,,2,,,,,,,,146,,,,,,,,,,,,,,,,,Y,N1,A2118188,46
2026-07-28 10:27:36,data_go_kr,경기도,A2100050,의료법인대인의료재단다니엘종합병원,6,20260728102503,032-670-0119,,,,,,,,,,,,,,,,,,,1,,3,,,,,1,,,,,,,,,Y,,,,,,Y,N1,,,N,Y,N1,33,N1,8,N1,Y,,1,N1,6,,1,3,,,,,,,,,,,,30,1,,,,3,,,,,1,1,,17,,,1,,,,,169,,,,,,,,,,,,,,,,,Y,N1,A2100050,47
2026-07-28 10:27:36,data_go_kr,경기도,A2100258,국군수도병원,14,20260728102513,031-725-6119,,,,,,,,,,,,,,2,6,,,,0,,,,,,,1,,,12,,3,,,,Y,,,,Y,14,Y,Y,,,Y,Y,Y,116,N1,9,N1,Y,,9,N1,16,,2,,,,,,,,,,20,,,12,1,,,40,9,,15,,,3,4,2,2,,,5,2,,,,530,,,,,,,,,,,2,6,,,,,Y,N1,A2100258,48
2026-07-28 10:27:36,data_go_kr,경기도,A2100016,순천의료재단성남정병원,7,20260728102203,031-750-6003,,,,,,,,,,,,0,,,27,,,,2,,,,,,,,,,,,,,,,Y,,,,,,Y,N1,,,N1,Y,N1,75,N1,,N1,Y,,4,N1,9,,2,,,,,,,,,,,,,,,,,,4,,,,,1,1,,1,,,,,,,,98,,,,,,,,,0,,,105,,,,,Y,N1,A2100016,49
2026-07-28 10:27:36,data_go_kr,경기도,A2121061,의료법인덕산의료재단수원덕산병원,21,20260728102504,031-686-2911,N,Y,,,,,,,,,,,,,,,,3,1,,2,2,,,,2,1,,,,,0,Y,,Y,,,,Y,,Y,Y,,,Y,Y,Y,73,N1,10,Y,Y,,5,N1,24,3,1,2,2,,,,,,,,,,,22,3,4,,,9,,,5,5,3,2,2,15,N,2,5,2,,,,403,,,,,,,,,,,,,,,,,Y,N,A2121061,50
2026-07-28 10:27:36,data_go_kr,경기도,A2100032,경기도의료원수원병원,6,20260728102502,031-888-0119,,,,,,,,,,,,,,,,,3,,,,2,,,,,,,,,,,2,,,Y,,,,,,Y,N1,,,N1,Y,N1,48,N1,5,N1,Y,,1,N1,8,,,2,,,,,,,,,,,,9,,,,,3,,,2,,1,1,,9,,,,,,,,156,,,,,,,,,,,,,,3,,,Y,N1,A2100032,51
2026-07-28 10:27:36,data_go_kr,경기도,A2100175,의료법인토마스의료재단윌스기념병원,16,20260728102453,031-240-6119,,,,,,,,,,,,,,,,,,,1,,2,2,,,,0,3,,,,,,Y,,Y,,,,Y,,Y,Y,,,Y,Y,N1,42,N1,7,N1,Y,,3,N1,18,,1,2,2,,,,,,,,,,,18,1,3,,,10,,,,1,1,4,1,1,,,1,,,,,282,,,,,,,,,,,,,,,,,Y,N1,A2100175,52
2026-07-28 10:27:36,data_go_kr,경기도,A2100027,의료법인석경의료재단센트럴병원,17,20260728102525,031-8041-3019,,,,,,,,,,,,,,,,,,,1,,2,,,,,,,,,,,,,,Y,,,,,,Y,N1,,,Y,Y,N1,87,N1,5,N1,Y,,1,N1,18,,1,2,,,,,,,,,,,,20,,,,,3,,,,,2,2,,7,,,2,,,,,255,,,,,,,,,,,,,,,,,Y,N1,A2100027,53
2026-07-28 10:27:36,data_go_kr,경기도,A2100013,의료법인 록향의료재단 신천연합병원,8,20260728102509,031-310-6661,,,,,,,,,,,,,,,,,,,,,1,,,,,0,,,,,,,,,Y,,,,,,Y,N1,,,Y,Y,N1,27,N1,1,N1,Y,,2,N1,10,,,1,,,,,,,,,,,,6,1,,,,3,,,,,1,1,,4,,,1,,,,,112,,,,,,,,,,,,,,,,,Y,N1,A2100013,54
2026-07-28 10:27:36,data_go_kr,경기도,A2100021,의료법인플러스의료재단단원병원,15,20260728102427,031-8040-5911,,,,,,,,,,,,,1,,,,,,1,,2,,,,,1,,,,,,,,,Y,,,,Y,,Y,Y,,,Y,Y,Y,67,N1,6,N1,Y,,3,N1,17,,1,2,,,,,,,,,,,,27,1,,,,5,,,,,1,1,2,8,,,2,1,,,,342,,,,,,,,,,1,,,,,,,Y,N1,A2100021,55
2026-07-28 10:27:36,data_go_kr,경기도,A2100014,근로복지공단안산병원,7,20260728102400,031-500-1119,,,,,,,,,,,,,,,,,,,,,1,,,,,1,,,,,,0,,,Y,,,,,,Y,N1,,,N1,Y,N1,76,N1,11,N1,Y,,2,N1,7,,,1,,,,,,,,,,,,18,1,,,,3,,,2,,1,1,,14,,,,,,,,359,,,,,,,,,,,,,,,,,Y,N1,A2100014,56
2026-07-28 10:27:36,data_go_kr,경기도,A2100124,의료법인칠석의료재단사랑의병원,9,20260728101806,031-502-0119,,,,,,,,,,,,,,,,,,,1,,,,,,,,,,,,,,,,Y,,,,,,Y,N1,,,Y,Y,N1,30,N1,3,N1,Y,,3,N1,13,,1,,,,,,,,,,,,,14,,,,,5,,,,,2,2,,8,,,1,,,,,206,,,,,,,,,,,,,,,,,Y,N1,A2100124,57
2026-07-28 10:27:36,data_go_kr,경기도,A2100045,경기도의료원안성병원,14,20260728102502,031-8046-5119,,,,,,,,,,,,,,,,,,,1,,,,,,,1,,,,,,8,,,Y,,,,,,Y,N1,,,N1,Y,N1,52,N1,7,N1,Y,,4,N1,14,,1,,,,,,,,,,,,,13,2,,,,5,,,8,,1,1,,8,,,,,,,,178,,,,,,,,,,,,,,,,,Y,N1,A2100045,58
2026-07-28 10:27:36,data_go_kr,경기도,A2100305,안성성모병원,5,20260728102432,031-675-8275,,,,,,,,,,,,,,,,,,,,,1,,,,,,,,,,,,,,Y,,,,,,Y,N1,,,N1,Y,N1,84,N1,0,N1,Y,,2,N1,9,,,1,,,,,,,,,,,,20,,,,,3,,,,,1,1,,7,,,,,,,,188,,,,,,,,,,,,,,,,,Y,N1,A2100305,59
2026-07-28 10:27:36,data_go_kr,경기도,A2100089,양평병원,7,20260728102002,031-770-5119,N,N,,,,,,,,,,,,,,,,,,,1,,,,,,,,,,,,N,N,Y,,,,N,,Y,N,,,N,Y,N,19,N,,N,Y,,3,N,9,,,1,,,,,,,,,,,,,,,,,3,,,,0,1,1,0,1,0,0,0,0,0,0,0,90,,,,,,,,,,,,,,,,,Y,N,A2100089,60
2026-07-28 10:27:36,data_go_kr,경기도,A2100194,세종여주병원,3,20260728102514,031-880-7754,,,,2,,,,,,,,,,,,,2,,,,4,,,,,,,,,,,,,,Y,,,,,,Y,N1,,,Y,Y,N1,106,N1,,N1,Y,,1,N1,6,,,4,,,,,,,,,,,,,,,,,2,,,,,1,1,,4,,,2,,,,,210,,3,,,,,,,,,,,,3,,,Y,N1,A2100194,61
2026-07-28 10:27:36,data_go_kr,경기도,E2100187,연천군보건의료원,10,20260728102324,031-839-4119,,,,,,,,,,,,,,,,,,,,,,,,,,,,,,,,,,,Y,,,,,,Y,N1,,,N1,Y,N1,51,N1,,N1,N1,,2,N1,10,,,,,,,,,,,,,,,,,,,,2,,,,,1,,,1,,,,,,,,52,,,,,,,,,,,,,,,,,Y,N1,E2100187,62
2026-07-28 10:27:36,data_go_kr,경기도,A2100122,(의)효심의료재단용인서울병원,9,20260728102352,031-336-0119,,,,,,,,,,,,,,,,,,,,,,,,,,,,,,,,,,,Y,,,,,,Y,N1,,,N1,Y,N1,140,N1,,N1,Y,,2,N1,10,,,,,,,,,,,,,,,,,,,,3,,,,,1,1,,1,,,,,,,,201,,,,,,,,,,,,,,,,,Y,N1,A2100122,63
2026-07-28 10:27:36,data_go_kr,경기도,A2121142,메디필드한강병원,16,20260728102303,031-332-1119,,,,,,,,,,,,,,,,,,,1,,2,,,,,1,,,,,,1,,,Y,,,,Y,,Y,Y,,,Y,Y,N1,155,N1,6,N1,Y,,4,N1,17,,1,2,,,,,,,,,,,,15,1,,,,6,,,1,,3,2,1,13,,,2,,,,,192,,,,,,,,,,,,,,,,,Y,N1,A2121142,64
2026-07-28 10:27:36,data_go_kr,경기도,A2100034,의료법인영동의료재단의정부백병원,10,20260728102526,031-842-1211,,,,,,,,,,,,,,,,,,,,,2,,,,,,,,,,,,,,Y,,,,,,Y,N1,,,N1,Y,N1,97,N1,1,N1,Y,,3,N1,10,,,2,,,,,,,,,,,,9,,,,,3,,,,,1,1,,1,,,,,,,,192,,,,,,,,,,,,,,,,,Y,N1,A2100034,65
2026-07-28 10:27:36,data_go_kr,경기도,A2100150,추병원,9,20260728102431,031-845-8313,,,,,,,,,,,,,,,,,,,1,,1,,,,,,,,,,,,,,Y,,,,Y,,Y,Y,,,N1,Y,N1,50,N1,3,N1,Y,,3,N1,12,,1,1,,,,,,,,,,,,15,,,,,3,,,,,2,1,1,1,,,,,,,,210,,,,,,,,,,,,,,,,,Y,N1,A2100150,66
2026-07-28 10:27:36,data_go_kr,경기도,A2100043,경기도의료원의정부병원,9,20260728102502,031-828-5119,,,,,,,,,,,,,,,,0,,,1,,,,,,,,,,,,32,3,,,Y,,,,,,Y,N1,,,N1,Y,N1,29,N1,3,N1,Y,,3,N1,10,,1,,,,,,,,,,,,,6,,,,,3,,70,5,,1,1,,8,,,,,,,,86,,,,,,,,,,,,,0,,,,Y,N1,A2100043,67
2026-07-28 10:27:36,data_go_kr,경기도,A2100131,메디인병원,7,20260728102534,031-570-7912,,,,,,,,,,,,,,,,,,,,,2,,,,,,,,,,,,,,Y,,,,Y,,Y,Y,,,N1,Y,N1,56,N1,,N1,Y,,4,N1,12,,,2,,,,,,,,,,,,,,,,,4,,,,,1,1,1,2,,,,,,,,206,,,,,,,,,,,,,,,,,Y,N1,A2100131,68
2026-07-28 10:27:36,data_go_kr,경기도,A2100309,의료법인갈렌의료재단박병원,9,20260728102505,031-662-4119,,,,,,,,,,,,,,,,,,,,,1,,,,,,,,,,,,,,Y,,,,,,Y,N1,,,N1,Y,N1,31,N1,1,N1,Y,,0,N1,10,,,1,,,,,,,,,,,,10,,,,,2,,,,,1,2,,3,,,,,,,,143,,,,,,,,,,,,,,,,,Y,N1,A2100309,69
2026-07-28 10:27:36,data_go_kr,경기도,A2100022,의료법인박애의료재단박애병원,10,20260728102448,031-650-9219,,,,,,,,,,,,,,,,,,,,,1,,,,,,,,,,,,,,Y,,,,,,Y,N1,,,Y,Y,N1,111,N1,8,N1,Y,,4,N1,10,,,1,,,,,,,,,,,,10,,,,,5,,,,,2,1,,20,,,2,,,,,193,,,,,,,,,,,,,,,,,Y,N1,A2100022,70
2026-07-28 10:27:36,data_go_kr,경기도,A2100036,의료법인 일심의료재단 포천우리병원,16,20260728102256,031-541-8282,,,,,,,,,,,,,,,,,,,1,,3,,,,,2,,,,,,2,,,Y,,,,Y,,Y,Y,,,Y,Y,N1,68,N1,8,N1,Y,,3,N1,18,,1,3,,,,,,,,,,,,18,2,,,,5,,,2,,2,2,1,14,,,3,,,,,201,,,,,,,,,,,,,,,,,Y,N1,A2100036,71
2026-07-28 10:27:36,data_go_kr,경기도,A2100018,의료법인은혜와감사의료재단화성중앙종합병원,8,20260728102247,031-371-7998,,,,,,,,,,,,,,,,,,,,,1,,,,,,,,,,,,,,Y,,,,,,Y,N1,,,N1,Y,N1,85,N1,4,N1,Y,,2,N1,9,,,1,,,,,,,,,,,,8,,,,,3,,,,,1,1,,3,,,,,,,,131,,,,,,,,,,,,,,,,,Y,N1,A2100018,72
2026-07-28 10:27:36,data_go_kr,경기도,A2115699,의료법인원광의료재단원광종합병원,7,20260728101937,031-8077-7219,,,,,,,,,,,,,,,,,,,1,,,,,,,,,,,,,,,,Y,,,,,,Y,N1,,,N1,Y,N1,8,N1,-3,N1,Y,,2,N1,9,,1,,,,,,,,,,,,,9,,,,,4,,,,,1,2,,4,,,,,,,,135,,,,,,,,,,,,,,,,,Y,N1,A2115699,73
2026-07-28 10:27:36,data_go_kr,강원특별자치도,A2200008,강릉아산병원,3,20260728102515,033-610-3333,Y,Y,,,,,0,1,,0,,,,,,,,3,2,2,3,0,,,,,1,,,,,,Y,,Y,,,,Y,,Y,Y,,,Y,Y,Y,36,Y,,Y,Y,7,2,Y,23,3,2,3,18,14,16,13,,,,,,,,,,38,,,15,,,,2,4,3,4,33,8,12,8,5,1,,2,604,,,,,1,6,,,,,,,,,,,Y,Y,A2200008,1
2026-07-28 10:27:36,data_go_kr,강원특별자치도,A2200001,연세대학교원주세브란스기독병원,26,20260728102002,033-741-1641,Y,Y,2,23,,,0,,,3,,,,,,,,3,2,3,3,4,,,,,12,,6,1,6,,Y,,Y,2,2,6,Y,5,Y,Y,,,Y,Y,Y,91,Y,,Y,Y,5,6,Y,29,3,2,3,20,15,12,19,,,,15,20,,,,,30,,40,15,2,24,,2,5,4,7,100,12,25,16,7,13,,4,584,4,36,,,2,,,,,,,,,,2,6,Y,Y,A2200001,2
2026-07-28 10:27:36,data_go_kr,강원특별자치도,A2200013,한림대학교춘천성심병원,13,20260728102217,033-240-5219,Y,Y,2,3,,,,0,,,,,,,,,,2,,,,2,,,,0,24,,,,,0,Y,Y,Y,,,,Y,,Y,Y,0,,Y,Y,Y,51,Y,5,Y,Y,,2,Y,22,3,,,20,,,,,,8,,,,,20,2,45,,,9,,,2,1,2,2,3,33,1,4,6,2,1,1,1,252,2,3,,,,2,,,,,,,,,,,Y,Y,A2200013,3
2026-07-28 10:27:36,data_go_kr,강원특별자치도,A2200005,의료법인강릉동인병원,13,20260728102501,033-650-6105,,,,,,,,,,3,,,,,,,,,1,,2,,,,,2,,,,,9,,,,Y,,,,Y,,Y,Y,,,Y,Y,N1,76,N1,1,N1,Y,,5,N1,17,,1,2,,12,,,,,,,,,,12,2,,,,5,,101,,,2,1,1,14,,,1,,,,,248,,,,,,,,,,,,,,,,,Y,N1,A2200005,4
2026-07-28 10:27:36,data_go_kr,강원특별자치도,A2200007,강원특별자치도삼척의료원,15,20260728102001,033-571-0431,,Y,,,,,,,,,,,,,,,,1,2,,1,1,,,,0,3,,,,,6,Y,,Y,,,,,,Y,N1,,,Y,Y,N1,55,N1,0,Y,Y,,4,N1,16,1,2,1,2,,,,,,,,,,,6,2,3,,,4,,,10,1,1,1,,3,,3,1,,,,,189,,,,,,,,,,,,,,,,,Y,N1,A2200007,5
2026-07-28 10:27:36,data_go_kr,강원특별자치도,A2200012,강원특별자치도속초의료원,17,20260728102501,033-630-6190,Y,Y,,,,,,,,,,,,,,,,,2,,1,,,,,,,,,,,,Y,,Y,,,,,,Y,N1,,,N1,Y,N1,68,N1,0,Y,Y,,3,N1,17,,2,1,,,,,,,,,,,,8,,,,,3,,,,2,1,1,,7,1,1,,,,,,154,,,,,,,,,,,,,,,,,Y,Y,A2200012,6
2026-07-28 10:27:36,data_go_kr,강원특별자치도,A2200009,강원대학교병원,8,20260728102500,033-258-2293,Y,Y,,,,,0,,,3,,,,,,,,3,2,,3,0,4,,4,0,,,,,3,12,Y,,Y,0,,,Y,,Y,Y,,,Y,Y,Y,201,Y,,Y,Y,4,2,N1,21,3,2,3,5,10,,15,8,,,8,,8,,,2,,,,11,,16,14,3,4,2,4,43,13,24,12,3,10,,,508,,,,,0,,,,,,,,,,,,Y,Y,A2200009,7
2026-07-28 10:27:36,data_go_kr,강원특별자치도,A2200011,강원특별자치도강릉의료원,4,20260728102502,033-610-1234,,,,,,,,,,,,,,,,20,,,,,1,,,,,,,,,,,5,,,Y,,,,,,Y,N1,,,N1,Y,N1,18,N1,0,N1,Y,,1,N1,5,,,1,,,,,,,,,,,,8,,,,,2,,,5,,1,1,,4,,,,,,,,122,,,,,,,,,,,,,20,,,,Y,N1,A2200011,8
2026-07-28 10:27:36,data_go_kr,강원특별자치도,A2200003,의료법인동해동인병원,7,20260728102450,033-530-0129,,,,,,,,,,,,,,,,,,,,,1,,,,,1,,,,,57,,,,Y,,,,,,Y,N1,,,N1,Y,N1,15,N1,8,N1,Y,,0,N1,10,,,1,,,,,,,,,,,,19,1,,,,2,,110,,,1,1,,7,,,,,,,,178,,,,,,,,,,,,,,,,,Y,N1,A2200003,9
2026-07-28 10:27:36,data_go_kr,강원특별자치도,A2200046,의료법인온세움의료재단온재병원,6,20260728102432,033-639-8988,,,,,,,,,,,,,,,,,,,,,1,,,,,,,,,,29,,,,Y,,,,,,Y,N1,,,N1,Y,N1,43,N1,0,N1,Y,,4,N1,9,,,1,,,,,,,,,,,,15,,,,,4,,59,,,1,1,,5,,,,,,,,219,,,,,,,,,,,,,,,,,Y,N1,A2200046,10
2026-07-28 10:27:36,data_go_kr,강원특별자치도,A2200037,의료법인성심의료재단양구성심병원,4,20260728102508,033-480-8816,,Y,,,,,,,,,,,,,,,,,1,,,,,,,,,,,,,,Y,,Y,,,,,,Y,N1,,,N1,Y,N1,38,N1,,Y,N1,,,N1,5,,1,,,,,,,,,,,,,,,,,,,,,,1,1,,,1,,1,,,,,,52,,,,,,,,,,,,,,,,,Y,N1,A2200037,11
2026-07-28 10:27:36,data_go_kr,강원특별자치도,A2200002,강원특별자치도영월의료원,9,20260728102001,033-370-9129,,Y,,,,,,,,,,,,,,,1,,,,,,,,,0,,,,,,2,Y,,Y,,,,,,Y,N1,,,N1,Y,N1,52,N1,2,Y,Y,,2,N1,9,,,,,,,,,,,,,,,10,2,,,,2,,,2,1,1,1,,7,,3,,,,,,174,,,,,,,,,,,,,,1,,,Y,N1,A2200002,12
2026-07-28 10:27:36,data_go_kr,강원특별자치도,A2200015,강원특별자치도원주의료원,13,20260728102504,033-760-4701,,,,,,,,,,,,,,,,,,,1,,2,,,,,,,,,,,,,,Y,,,,,,Y,N1,,,N1,Y,N1,31,N1,2,N1,Y,,1,N1,17,,1,2,,,,,,,,,,,,20,,,,,3,,,,,1,1,,7,,,,,,,,259,,,,,,,,,,,,,,,,,Y,N1,A2200015,13
2026-07-28 10:27:36,data_go_kr,강원특별자치도,A2200024,의료법인성지의료재단성지병원,1,20260728102025,033-760-3119,,,,,,,,,,,,,,,,13,,,,,1,,,,,,,,,,,,,,Y,,,,,,Y,N1,,,N1,Y,N1,-78,N1,9,N1,Y,,2,N1,7,,,1,,,,,,,,,,,,9,,,,,4,,,,,1,2,,4,,,,,,,,135,,,,,,,,,,,,,13,,,,Y,N1,A2200024,14
2026-07-28 10:27:36,data_go_kr,강원특별자치도,A2200048,근로복지공단정선병원,4,20260728102200,033-560-7150,,,,,,,,,,,,,,,,,,,,,1,,,,,,,,,,,,,,Y,,,,,,Y,N1,,,N1,Y,N1,29,N1,,N1,N1,,,N1,5,,,1,,,,,,,,,,,,,,,,,,,,,,1,,,3,,,,,,,,149,,,,,,,,,,,,,,,,,Y,N1,A2200048,15
2026-07-28 10:27:36,data_go_kr,강원특별자치도,A2201730,철원병원,4,20260728102002,033-452-5012,N,Y,,,,,,,,,,,,,,,,,1,,,,,,,,,,,,,,Y,N,Y,,,,N,,Y,N,,,N,Y,N,37,N,,Y,Y,,2,N,5,,1,,,,,,,,,,,,,,,,,,2,,,,1,1,1,0,1,0,1,0,0,0,0,0,68,,,,,,,,,,,,,,,,,Y,N,A2201730,16
2026-07-28 10:27:36,data_go_kr,강원특별자치도,A2200004,근로복지공단태백병원,9,20260728102400,033-580-3119,,,,,,,,,,,,,,,,,,,1,,,,,,,1,,,,,,,Y,,Y,,,,,,Y,N1,,,N1,Y,N1,44,N1,6,N1,Y,,1,N1,9,,1,,,,,,,,,,,,,9,1,,,,2,,,,1,1,1,,8,,,,,,,,223,,,,,,,,,,,,,,,,,Y,N1,A2200004,17
2026-07-28 10:27:36,data_go_kr,강원특별자치도,E2200026,평창군보건의료원,6,20260728102501,033-330-4812,,,,,,,,,,,,,,,,,,,,,1,,,,,,,,,,,,,,Y,,,,,,Y,N1,,,N1,Y,N1,20,N1,,N1,N1,,,N1,6,,,1,,,,,,,,,,,,,,,,,,,,,,1,,,1,,,,,,,,20,,,,,,,,,,,,,,,,,Y,N1,E2200026,18
2026-07-28 10:27:36,data_go_kr,강원특별자치도,A2200014,홍천아산병원,6,20260728102003,033-430-5119,,,,,,,,,,,,,,,,,,,,,,,,,,,,,,,,,,,Y,,,,,,Y,N1,,,N1,Y,N1,12,N1,0,N1,Y,,2,N1,10,,,,,,,,,,,,,,,7,,,,,2,,,,,1,1,,4,,,,,,,,128,,,,,,,,,,,,,,,,,Y,N1,A2200014,19
2026-07-28 10:27:36,data_go_kr,강원특별자치도,E2200025,화천군보건의료원,6,20260728102500,033-440-2880,,,,,,,,,,,,,,,,,,,,,1,,,,,,,,,,,,,,,,,,,,Y,N1,,,N1,N1,N1,16,N1,,N1,N1,,,N1,7,,,1,,,,,,,,,,,,,,,,,,,,,,,,,1,,,,,,,,16,,,,,,,,,,,,,,,,,Y,N1,E2200025,20
2026-07-28 10:27:36,data_go_kr,강원특별자치도,A2200016,횡성대성병원,5,20260728102456,033-345-1191,,,,,,,,,,,,,,,,,,,,,1,,,,,,,,,,,,,,Y,,,,,,Y,N1,,,N1,Y,N1,30,N1,,N1,Y,,1,N1,9,,,1,,,,,,,,,,,,,,,,,1,,,,,1,1,,1,,,,,,,,114,,,,,,,,,,,,,,,,,Y,N1,A2200016,21
2026-07-28 10:27:36,data_go_kr,충청북도,A2300001,충북대학교병원,17,20260728102500,043-269-6114,Y,Y,2,3,,,,0,,5,,,,,,,,8,,,,6,,,,1,30,,12,2,5,13,Y,,Y,,1,6,Y,17,Y,Y,3,,Y,Y,Y,160,Y,8,Y,Y,13,6,N1,30,8,,,18,8,,25,,,4,,20,,,17,5,40,,40,16,2,21,13,2,4,4,6,98,13,31,18,10,17,,,547,2,3,,,,2,,,,,,,,,2,6,Y,Y,A2300001,1
2026-07-28 10:27:36,data_go_kr,충청북도,A2300009,의료법인명지의료재단명지병원,15,20260728102525,043-640-8117,,,,,,,,,,,,,,,,,,3,2,,4,2,,,,3,,,,,,,,,Y,,,,Y,,Y,Y,,,Y,Y,Y,66,N1,8,N1,Y,,3,N1,18,3,2,4,2,,,,,,,,,,,15,3,,,,3,,,,,2,1,1,10,,,2,1,,,,201,,,,,,,,,,,,,,,,,Y,N1,A2300009,2
2026-07-28 10:27:36,data_go_kr,충청북도,A2300005,의료법인자산의료재단제천서울병원,15,20260728102302,043-643-2327,,,,,,,,,,,,,,,,,,,1,,4,,,,,,3,,,,,,,,Y,,,,,,Y,N1,,,Y,Y,N1,23,N1,1,N1,Y,,2,Y,15,,1,4,,,,,,,,,,,,11,,5,,,3,,,,,1,1,,10,,,1,,,,1,202,,,,,,,,,,,,,,,,,Y,N1,A2300005,3
2026-07-28 10:27:36,data_go_kr,충청북도,A2300013,의료법인 건명의료재단 중앙제일병원,11,20260728102444,043-537-9119,,,,,,,,,,,,,,,,,,,3,,,,,,,3,,,,,,31,,,Y,,,,,,Y,N1,,,Y,Y,N1,63,N1,2,N1,Y,,4,N1,17,,3,,,,,,,,,,,,,12,6,,,,5,,,31,,2,2,,6,,,1,,,,,192,,,,,,,,,,,,,,,,,Y,N1,A2300013,4
2026-07-28 10:27:36,data_go_kr,충청북도,A2300007,의료법인인화재단한국병원,10,20260728102328,043-222-6177,,Y,,,,,,,,,,,,,,,3,,1,,2,,,,,1,,,,,,1,Y,,Y,,,,Y,,Y,Y,,,Y,Y,N1,35,N1,4,Y,Y,,4,N1,14,,1,2,,,,,,,,,,,,24,1,,,,8,,,1,1,3,3,2,18,,1,3,,,,,403,,,,,,,,,,,,,,3,,,Y,N1,A2300007,5
2026-07-28 10:27:36,data_go_kr,충청북도,A2300003,의료법인정산의료재단효성병원,16,20260728102246,043-221-2192,,N,,,,,,,,,,,,,,,,,1,,4,0,,,,0,0,,,,,,Y,,Y,,,,Y,,Y,Y,,,Y,Y,N1,60,N1,1,N,Y,,3,Y,18,,1,4,2,,,,,,,,,,,27,2,3,,,4,,,,1,3,4,2,19,,1,2,,,,1,363,,,,,,,,,,,,,,,,,Y,N1,A2300003,6
2026-07-28 10:27:36,data_go_kr,충청북도,A2300008,청주성모병원,5,20260728102512,043-219-8119,,Y,,,,,,,,4,,,,,,,,,2,6,4,2,,,,1,4,,,,,5,Y,,Y,,,,Y,,Y,Y,,,Y,Y,N1,153,N1,,Y,Y,,4,N1,15,,2,5,2,13,12,,,,,,,,,,1,4,,,8,,,30,1,3,2,2,19,,2,2,,,,,358,,,,,,,,,,,,,,,,,Y,N1,A2300008,7
2026-07-28 10:27:36,data_go_kr,충청북도,A2300002,의료법인한마음의료재단하나병원,4,20260728102407,043-230-6594,,,,,,,,,,,,,,,,,9,,1,,1,,,,,2,,,,,,,,,Y,,,,Y,,Y,Y,,,Y,Y,N1,103,N1,4,N1,Y,,6,Y,11,,1,2,,,,,,,,,,,,24,2,,,,7,,,,,3,3,2,20,,,4,,,,1,463,,,,,,,,,,,,,,9,,,Y,N1,A2300002,8
2026-07-28 10:27:36,data_go_kr,충청북도,A2300010,건국대학교충주병원,13,20260728102501,043-840-8330,Y,Y,,,,,,,,,,,,,,,,,1,,2,,,,,,,,,,,0,Y,,Y,,,,Y,,Y,Y,,,Y,Y,Y,63,N1,5,Y,Y,,2,N1,20,,1,2,,,,,,,,,,,,18,,,,,5,,,1,1,2,1,2,11,1,4,3,1,,,,194,,,,,,,,,,,,,,,,,Y,Y,A2300010,9
2026-07-28 10:27:36,data_go_kr,충청북도,A2300034,의료법인대광의료재단괴산성모병원,9,20260728102106,043-830-5419,,,,,,,,,,,,,,,,,,,,,0,,,,,,,,,,,,,,Y,,,,,,Y,N1,,,N1,Y,N1,9,N1,,N1,Y,,1,N1,9,,,1,,,,,,,,,,,,,,,,,1,,,,,1,1,,3,,,,,,,,153,,,,,,,,,,,,,,,,,Y,N1,A2300034,10
2026-07-28 10:27:36,data_go_kr,충청북도,E2300011,단양군보건의료원,6,20260728102501,043-420-0139,,,,,,,,,,,,,,,,,,,1,,,,,,,,,,,,,2,,,Y,,,,,,Y,N1,,,N1,Y,N1,13,N1,,N1,N1,,,N1,6,,1,,,,,,,,,,,,,,,,,,,,,2,,1,,,1,,,,,,,,14,,,,,,,,,,,,,,,,,Y,N1,E2300011,11
2026-07-28 10:27:36,data_go_kr,충청북도,A2300030,의료법인조윤의료재단영동병원,9,20260728102500,043-740-9333,,Y,,,,,,,,,,,,,,,,,,,,,,,,,,,,,,,Y,,Y,,,,,,Y,N1,,,N1,Y,N1,33,N1,,Y,Y,,2,N1,10,,,,,,,,,,,,,,,,,,,,2,,,,1,1,1,,3,,1,,,,,,161,,,,,,,,,,,,,,,,,Y,N1,A2300030,12
2026-07-28 10:27:36,data_go_kr,충청북도,A2300011,의료법인힐링의료재단옥천성모병원,6,20260728102510,043-730-7119,,,,,,,,,,,,,,,,,,,2,,1,,,,,,,,,,,,,,Y,,,,,,Y,N1,,,N1,Y,N1,14,N1,2,N1,Y,,2,N1,7,,2,1,,,,,,,,,,,,7,,,,,2,,,,,1,1,,4,,,,,,,,157,,,,,,,,,,,,,,,,,Y,N1,A2300011,13
2026-07-28 10:27:36,data_go_kr,충청북도,A2300006,충청북도청주의료원,12,20260728102501,043-279-0119,,Y,,,,,,,,,,,,,,,3,,1,,,,,,,2,,,,,90,6,Y,,Y,,,,Y,,Y,Y,,,Y,Y,N1,156,N1,18,Y,Y,,3,N1,12,,1,,,,,,,,,,,,,21,3,,,,5,,90,6,1,1,2,1,11,,1,1,,,,,359,,,,,,,,,,,,,,3,,,Y,N1,A2300006,14
2026-07-28 10:27:36,data_go_kr,충청북도,A2300004,충청북도충주의료원,15,20260728102502,043-871-0119,,,,,,,,,,,,,,,,,,,1,,2,,,,,,,,,,,,,,Y,,,,Y,,Y,Y,,,Y,Y,N1,118,N1,7,N1,Y,,3,N1,18,,1,2,,,,,,,,,,,,12,,,,,4,,,,,1,1,1,8,,,1,,,,,282,,,,,,,,,,,,,,,,,Y,N1,A2300004,15
2026-07-28 10:27:36,data_go_kr,충청남도,A2400002,단국대학교의과대학부속병원,20,20260728102500,041-550-6840,Y,Y,2,2,,,,1,,,,,,3,,,,4,,1,1,6,,,,0,9,,2,2,11,0,Y,,Y,0,2,6,Y,0,Y,Y,,,Y,Y,Y,104,Y,,Y,Y,0,0,Y,25,4,,1,18,,13,25,,,,13,20,,,,1,30,,40,13,2,20,8,3,4,3,6,6,14,29,15,7,17,,1,640,2,2,,,,2,,,,,7,,,,2,6,Y,Y,A2400002,1
2026-07-28 10:27:36,data_go_kr,충청남도,A2400001,학교법인동은학원순천향대학교부속천안병원,9,20260728102128,041-590-7019,Y,Y,,,1,3,1,,,8,,,,,,,,11,4,8,2,4,,2,,4,1,4,,,,0,Y,Y,Y,,,,Y,,Y,Y,,,Y,Y,Y,58,Y,,Y,Y,6,5,Y,22,14,4,3,17,18,15,38,,2,,,,,,,6,30,6,,19,,,14,11,6,4,6,60,16,37,6,6,10,1,1,713,,,1,3,1,,,,,,,,,,,,Y,Y,A2400001,2
2026-07-28 10:27:36,data_go_kr,충청남도,A2400009,의료법인백제병원,11,20260728102243,041-730-8882,,,,,,,,,,,,,,,,,,,1,,2,,,,,,,,,,19,,,,Y,,,,Y,,Y,Y,,,Y,Y,N1,19,N1,-1,N1,Y,,-1,N1,20,,1,2,,,,,,,,,,,,26,,,,,4,,49,,,2,2,1,11,,,3,,,,,398,,,,,,,,,,,,,,,,,Y,N1,A2400009,3
2026-07-28 10:27:36,data_go_kr,충청남도,A2400008,당진종합병원,10,20260728102458,041-358-3624,,,,,,,,,,,,,,,,,,,1,,2,,,,,,,,,,,,,,Y,,,,Y,,Y,Y,,,Y,Y,N1,78,N1,2,N1,Y,,4,N1,17,,1,2,,,,,,,,,,,,13,,,,,4,,,,,2,2,1,5,,,1,,,,,246,,,,,,,,,,,,,,,,,Y,N1,A2400008,4
2026-07-28 10:27:36,data_go_kr,충청남도,A2400011,재단법인아산사회복지재단보령아산병원,16,20260728102003,041-930-5333,,,,,,,,,,,,,,,,,,,1,,2,,,,,,,,,,,,,,Y,,,,,,Y,N1,,,N1,Y,N1,69,N1,5,N1,Y,,0,N1,17,,1,2,,,,,,,,,,,,8,,,,,2,,,,,1,1,,4,,,,,,,,221,,,,,,,,,,,,,,,,,Y,N1,A2400011,5
2026-07-28 10:27:36,data_go_kr,충청남도,A2400003,서산중앙병원,13,20260728102003,041-661-1195,,,,,,,,,,,,,,,,,,,1,,2,,,,,,,,,,,,,,Y,,,,,,Y,N1,,,Y,Y,N1,43,N1,4,N1,Y,,2,N1,17,,1,2,,,,,,,,,,,,17,,,,,4,,,,,1,1,,7,,,1,,,,,288,,,,,,,,,,,,,,,,,Y,N1,A2400003,6
2026-07-28 10:27:36,data_go_kr,충청남도,A2400006,충청남도서산의료원,8,20260728102102,041-689-7119,,,,,,,,,,,,,,,,,,,1,,2,0,,,,,1,,,,,5,,,Y,,,,,,Y,N1,,,N1,Y,N1,28,N1,0,N1,Y,,3,N1,17,,1,2,2,,,,,,,,,,,8,,4,,,3,,,5,,2,1,,10,,,,,,,,259,,,,,,,,,,,,,,,,,Y,N1,A2400006,7
2026-07-28 10:27:36,data_go_kr,충청남도,A2402257,아산충무병원,11,20260728102328,041-536-6519,,,1,7,,,,,,,,,,5,,,,,,,,,,,,2,,,,,,,Y,,Y,,,,Y,,Y,Y,,,Y,Y,Y,153,Y,8,N1,Y,,0,N1,13,,,,,,,,,,,,,,,22,2,,,,4,,,,1,2,2,3,27,,,4,2,1,,,456,1,7,,,,,,,,,5,,,,,,Y,N1,A2402257,8
2026-07-28 10:27:36,data_go_kr,충청남도,A2400012,의료법인영서의료재단천안충무병원,13,20260728102208,041-570-7519,,,,,,,,,,,,,,,,,,,1,,4,,,,,1,,,,,,,,,Y,0,,,Y,,Y,Y,,,Y,Y,Y,37,N1,0,N1,Y,,3,N1,16,,1,4,,,,,,,,7,,,,19,3,,,,5,,,,,2,2,3,26,,,3,3,,,,333,,,,,,,,,,,,,,,,,Y,N1,A2400012,9
2026-07-28 10:27:36,data_go_kr,충청남도,A2400007,충청남도홍성의료원,11,20260728102402,041-630-6119,,,,,,,,,,,,,,,,,,1,1,,2,2,,,,1,3,,,,3,1,Y,,Y,,,,Y,,Y,Y,,,Y,Y,N1,108,N1,1,N1,Y,,2,Y,18,1,1,2,2,,,,,,,,,,,22,1,3,,,4,,49,1,1,2,2,1,10,,,1,,,,2,260,,,,,,,,,,,,,,,,,Y,N1,A2400007,10
2026-07-28 10:27:36,data_go_kr,충청남도,A2400010,충청남도공주의료원,11,20260728102401,041-962-1365,,,,,,,,,,,,,,,,,,,,,1,,,,,,,,,,,4,,,Y,,,,,,Y,N1,,,Y,Y,N1,59,N1,1,N1,Y,,4,N1,15,,,1,,,,,,,,,,,,16,,,,,6,,,6,,1,1,,9,,,2,,,,,273,,,,,,,,,,,,,,,,,Y,N1,A2400010,11
2026-07-28 10:27:36,data_go_kr,충청남도,A2400038,학교법인건양교육재단건양대학교부여병원,7,20260728102259,041-837-1201,,,,,,,,,,,,,,,,,,,,,1,,,,,,,,,,,,,,Y,,,,,,Y,N1,,,N1,Y,N1,23,N1,,N1,N1,,1,N1,9,,,1,,,,,,,,,,,,,,,,,1,,,,,1,,,1,,,,,,,,55,,,,,,,,,,,,,,,,,Y,N1,A2400038,12
2026-07-28 10:27:36,data_go_kr,충청남도,A2400044,의료법인 서해병원,5,20260728102254,041-950-0219,,,,,,,,,,,,,,,,,,,,,2,,,,,,,,,,,,,,Y,,,,,,Y,N1,,,N1,Y,N1,17,N1,,N1,N1,,,N1,5,,,2,,,,,,,,,,,,,,,,,,,,,,1,,,1,,,,,,,,79,,,,,,,,,,,,,,,,,Y,N1,A2400044,13
2026-07-28 10:27:36,data_go_kr,충청남도,A2400039,현대병원,9,20260728102001,041-546-7744,N,N,,,,,,,,,,,,,,,,,,,1,,,,,,,,,,,,N,N,Y,0,,,N,,Y,N,,,N,Y,N,7,N,2,N,Y,,3,N,10,,,1,,,,,,,,0,,,,7,,,,,3,,,,0,1,1,0,3,0,0,0,0,0,0,0,84,,,,,,,,,,,,,,,,,Y,N,A2400039,14
2026-07-28 10:27:36,data_go_kr,충청남도,A2400004,의료법인 예당의료재단 예산종합병원,5,20260728102437,041-330-4119,,,,,,,,,,,,,,,,,,,,,1,,,,,,,,,,,,,,Y,,,,,,Y,N1,,,N1,Y,N1,0,N1,5,N1,Y,,0,N1,6,,,1,,,,,,,,,,,,9,,,,,0,,,,,0,0,,0,,,,,,,,88,,,,,,,,,,,,,,,,,Y,N1,A2400004,15
2026-07-28 10:27:36,data_go_kr,충청남도,A2400005,충청남도천안의료원,11,20260728102502,041-570-7119,,,,,,,,,,,,,,,,6,,,,,1,,,,,,,,,,,,,,Y,,,,,,Y,N1,,,N1,Y,N1,52,N1,7,N1,Y,,3,N1,12,,,1,,,,,,,,,,,,15,,,,,4,,,,,1,1,,10,,,,,,,,241,,,,,,,,,,,,,6,,,,Y,N1,A2400005,16
2026-07-28 10:27:36,data_go_kr,충청남도,E2400032,청양군보건의료원,6,20260728102500,041-940-4951,,,,,,,,,,,,,,,,,,,,,1,,,,,,,,,,,,,,Y,,,,,,Y,N1,,,N1,Y,N1,12,N1,,N1,N1,,1,N1,6,,,1,,,,,,,,,,,,,,,,,1,,,,,1,,,1,,,,,,,,12,,,,,,,,,,,,,,,,,Y,N1,E2400032,17
2026-07-28 10:27:36,data_go_kr,충청남도,E2400033,태안군보건의료원,10,20260728102501,041-671-5319,,,,,,,,,,,,,,,,,,,,,1,,,,,,,,,,,,,,Y,,,,,,Y,N1,,,N1,Y,N1,21,N1,,N1,N1,,,N1,10,,,1,,,,,,,,,,,,,,,,,,,,,,1,,,1,,,,,,,,34,,,,,,,,,,,,,,,,,Y,N1,E2400033,18
2026-07-28 10:27:36,data_go_kr,전북특별자치도,A2500001,원광대학교병원,-1,20260728102515,063-859-1165,Y,Y,2,3,,,,2,,3,,,,,,,,3,,2,,4,,,2,4,11,,15,2,1,1,Y,,Y,,2,6,Y,10,Y,Y,,,Y,Y,Y,69,Y,6,Y,Y,2,7,Y,26,3,,,18,8,15,15,,,,,20,8,,15,7,31,,40,15,2,30,2,1,5,4,5,11,12,20,8,4,1,,2,543,2,3,,,,2,,,,,,,,,2,6,Y,Y,A2500001,1
2026-07-28 10:27:36,data_go_kr,전북특별자치도,A2500002,전북대학교병원,10,20260728102229,063-250-1131,Y,Y,2,5,,,2,1,,2,,,,,,,,5,,2,,3,5,,3,1,5,,,,3,15,Y,,Y,6,,,Y,,Y,Y,,,Y,Y,Y,285,Y,,Y,Y,21,8,N1,36,5,,,17,10,8,25,10,,,18,,11,,,2,30,,,21,,23,15,3,1,2,5,11,15,22,4,2,1,,,834,2,5,,,2,1,,,,,,,,,,,Y,Y,A2500002,2
2026-07-28 10:27:36,data_go_kr,전북특별자치도,A2500007,전북특별자치도군산의료원,14,20260728102501,063-472-5130,,Y,,,,,,,,,,,,,,,,,1,,2,1,,,,2,2,,,,,,Y,,Y,,,,,,Y,N1,,,N1,Y,N1,85,N1,7,Y,Y,,3,N1,17,,1,2,2,,,,,,,,,,,18,2,3,,,6,,,,1,1,1,,18,,2,,,,,,289,,,,,,,,,,,,,,,,,Y,N1,A2500007,3
2026-07-28 10:27:36,data_go_kr,전북특별자치도,A2500012,의료법인오성의료재단동군산병원,12,20260728102519,063-440-0516,,,,,,,,,,,,,,,,0,,,1,,4,1,,,,,1,,,,,,,,Y,,,,Y,,Y,Y,,,Y,Y,N1,27,N1,6,N1,Y,,1,N1,17,,1,5,2,,,,,,,,,,,24,,3,,,6,,,,,2,2,2,13,,,2,,,,,262,,,,,,,,,,,,,0,,,,Y,N1,A2500012,4
2026-07-28 10:27:36,data_go_kr,전북특별자치도,A2500004,전북특별자치도남원의료원,16,20260728102501,063-620-1119,,Y,,,,,,,,,,,,,,,,,1,,2,,,,,1,,,,,,,Y,,Y,,,,,,Y,N1,,,N1,Y,N1,43,N1,3,Y,Y,,2,N1,17,,1,2,,,,,,,,,,,,9,1,,,,3,,,,3,2,1,,10,,1,,,,,,190,,,,,,,,,,,,,,,,,Y,N1,A2500004,5
2026-07-28 10:27:36,data_go_kr,전북특별자치도,A2500011,의료법인대산의료재단익산병원,13,20260728102501,063-840-9112,,,,,,,,,,,,,,,,,,,1,,2,,,,,0,,,,,,,,,Y,,,,Y,,Y,Y,,,N1,Y,N1,27,N1,8,N1,Y,,2,N1,17,,1,2,,,,,,,,,,,,17,1,,,,5,,,,,2,2,1,7,,,,,,,,333,,,,,,,,,,,,,,,,,Y,N1,A2500011,6
2026-07-28 10:27:36,data_go_kr,전북특별자치도,A2500056,대자인병원,21,20260728102408,063-250-8701,,,,,,,,,,,,,,,,,,,1,0,2,,,,,4,,,,,,,,Y,Y,,,,Y,,Y,Y,,,Y,Y,Y,27,N1,1,N1,Y,,10,Y,33,,1,2,,,36,,,,,,,,,15,4,,,,15,,,,,4,3,2,12,,,4,2,,1,1,45,,,,,,,,,,,,,,,,,Y,N1,A2500056,7
2026-07-28 10:27:36,data_go_kr,전북특별자치도,A2500006,재단법인예수병원유지재단예수병원,19,20260728102529,063-230-8280,Y,Y,,,1,1,,,,,,,,,,,,7,1,,2,,,2,,4,,2,,,,2,Y,,Y,0,,,Y,,Y,Y,,,Y,Y,Y,154,N1,4,Y,Y,4,8,Y,38,10,1,2,,,,12,,2,,14,,,,23,4,,6,,14,,,5,4,4,3,4,40,6,11,7,2,,,2,685,,,1,1,,,,,,,,,,,,,Y,Y,A2500006,8
2026-07-28 10:27:36,data_go_kr,전북특별자치도,A2500005,의료법인영경의료재단전주병원,3,20260728102440,063-226-6119,,,,,,,,,,,,,,,,,,,1,,2,,,,,,,,,,,,,,Y,,,,,,Y,N1,,,Y,Y,N1,11,N1,6,N1,Y,,4,N1,17,,1,2,,,,,,,,,,,,9,,,,,5,,,,,1,2,,6,,,1,,,,,275,,,,,,,,,,,,,,,,,Y,N1,A2500005,9
2026-07-28 10:27:36,data_go_kr,전북특별자치도,A2500008,재단법인 아산사회복지재단 정읍아산병원,13,20260728102503,063-530-6129,,,,,,,,,,,,,,,,,,,1,,2,,,,,,,,,,,,,,Y,,,,,,Y,N1,,,N1,Y,N1,82,N1,5,N1,Y,,2,N1,17,,1,2,,,,,,,,,,,,12,,,,,3,,,,,1,1,,5,,,,,,,,276,,,,,,,,,,,,,,,,,Y,N1,A2500008,10
2026-07-28 10:27:36,data_go_kr,전북특별자치도,A2500009,의료법인석천재단고창병원,10,20260728102419,063-560-5558,,,,,,,,,,,,,,,,,,,,,1,,,,,,,,,,,,,,Y,,,,,,Y,N1,,,N1,Y,N1,0,N1,,N1,Y,,2,N1,10,,,1,,,,,,,,,,,,,,,,,2,,,,,1,1,,4,,,,,,,,258,,,,,,,,,,,,,,,,,Y,N1,A2500009,11
2026-07-28 10:27:36,data_go_kr,전북특별자치도,A2500038,김제우석병원,10,20260728102045,063-540-5119,,,,,,,,,,,,,,,,,,,,,1,,,,,,,,,,,,,,Y,,,,,,Y,N1,,,N1,Y,N1,88,N1,,N1,Y,,1,N1,10,,,1,,,,,,,,,,,,,,,,,2,,,,,1,1,,1,,,,,,,,200,,,,,,,,,,,,,,,,,Y,N1,A2500038,12
2026-07-28 10:27:36,data_go_kr,전북특별자치도,E2500019,무주군보건의료원,3,20260728102501,063-320-8315,,,,,,,,,,,,,,,,,,,,,1,,,,,,,,,,,,,,Y,,,,,,Y,N1,,,N1,Y,N1,24,N1,,N1,N1,,,N1,4,,,1,,,,,,,,,,,,,,,,,,,,,,1,,,1,,,,,,,,24,,,,,,,,,,,,,,,,,Y,N1,E2500019,13
2026-07-28 10:27:36,data_go_kr,전북특별자치도,A2500010,부안성모병원,9,20260728102236,063-580-8119,,,,,,,,,,,,,,,,,,,,,2,,,,,,,,,,,,,,Y,,,,,,Y,N1,,,N1,Y,N1,12,N1,9,N1,Y,,3,N1,10,,,2,,,,,,,,,,,,9,,,,,3,,,,,1,1,,2,,,,,,,,240,,,,,,,,,,,,,,,,,Y,N1,A2500010,14
2026-07-28 10:27:36,data_go_kr,전북특별자치도,E2500021,순창군보건의료원,9,20260728102501,063-650-5352,,,,,,,,,,,,,,,,,,,,,1,,,,,,,,,,,,,,Y,,,,,,Y,N1,,,N1,Y,N1,30,N1,,N1,N1,,,N1,9,,,1,,,,,,,,,,,,,,,,,,,,,,1,,,1,,,,,,,,30,,,,,,,,,,,,,,,,,Y,N1,E2500021,15
2026-07-28 10:27:36,data_go_kr,전북특별자치도,E2500022,임실군보건의료원,4,20260728102501,063-640-3119,,,,,,,,,,,,,,,,,,,,,1,,,,,,,,,,,,,,Y,,,,,,Y,N1,,,N1,Y,N1,,N1,,N1,N1,,,N1,4,,,1,,,,,,,,,,,,,,,,,,,,,,1,,,1,,,,,,,,,,,,,,,,,,,,,,,,,Y,N1,E2500022,16
2026-07-28 10:27:36,data_go_kr,전북특별자치도,E2500020,장수군보건의료원,5,20260728102501,063-350-2119,,,,,,,,,,,,,,,,,,,,,1,,,,,,,,,,,,,,,,,,,,Y,N1,,,N1,N1,N1,20,N1,,N1,N1,,,N1,5,,,1,,,,,,,,,,,,,,,,,,,,,,,,,1,,,,,,,,22,,,,,,,,,,,,,,,,,Y,N1,E2500020,17
2026-07-28 10:27:36,data_go_kr,전북특별자치도,A2501890,의료법인영경의료재단호성전주병원,8,20260728102408,063-240-8862,,,,,,,,,,,,,,,,,,,,,1,,,,,,,,,,,,,,Y,,,,,,Y,N1,,,N1,Y,N1,13,N1,,N1,Y,,0,N1,9,,,1,,,,,,,,,,,,,,,,,2,,,,,1,1,,1,,,,,,,,122,,,,,,,,,,,,,,,,,Y,N1,A2501890,18
2026-07-28 10:27:36,data_go_kr,전북특별자치도,A2502742,새강병원,12,20260728102453,063-289-9119,,,0,0,,0,0,,,0,,,,,,,,3,1,0,2,0,,,,3,,0,,0,,0,,,Y,,,,,,Y,N1,,,N1,Y,N1,88,N1,16,N1,Y,,4,N1,14,3,1,2,0,0,0,,,,,,,,,16,3,,0,,5,0,,0,,1,1,,1,,,,,,,,201,0,0,,0,0,,,,,,,,,,,,Y,N1,A2502742,19
2026-07-28 10:27:36,data_go_kr,전북특별자치도,A2502031,진안군의료원,5,20260728102502,063-430-7119,,,,,,,,,,,,,,,,,,,,,2,,,,,,,,,,,,,,Y,,,,,,Y,N1,,,N1,Y,N1,29,N1,,N1,Y,,2,N1,6,,,2,,,,,,,,,,,,,,,,,2,,,,,1,1,,3,,,,,,,,74,,,,,,,,,,,,,,,,,Y,N1,A2502031,20
2026-07-28 10:27:36,data_go_kr,경상북도,A2700007,차의과학대학교부속구미차병원,5,20260728102505,054-450-9998,Y,Y,,,,,0,,,,,,,,,,,5,3,,2,0,,,,,3,,,,,,Y,Y,Y,,,,Y,,Y,Y,,,Y,Y,Y,38,Y,1,Y,Y,-1,2,N1,20,5,3,3,25,,,8,,,,,,,,18,,30,,,8,,,,3,3,2,2,21,3,13,2,1,2,1,,301,,,,,3,,,,,,,,,,,,Y,Y,A2700007,1
2026-07-28 10:27:36,data_go_kr,경상북도,A2700014,의료법인안동병원,0,20260728102400,054-840-0119,Y,Y,2,2,,,1,,,1,,,,,,,,0,,,,2,,,,0,6,,3,0,0,4,Y,Y,Y,,0,5,Y,3,Y,Y,,,Y,Y,Y,99,Y,1,Y,Y,10,5,Y,15,3,,,19,20,,10,,,,,20,,,13,3,30,,40,11,2,34,6,3,6,3,5,67,3,12,14,4,13,1,1,775,2,3,,,1,,,,,,,,,,2,6,Y,Y,A2700014,2
2026-07-28 10:27:36,data_go_kr,경상북도,A2700016,포항성모병원,14,20260728102237,054-260-8600,Y,Y,2,3,,,,0,4,,,,,,,,,11,,,,3,,,,1,1,,,,,1,Y,Y,Y,,,,Y,,Y,Y,,,Y,Y,Y,75,Y,3,Y,Y,,3,Y,20,11,,,15,,,,,,,,,,,16,1,17,,,9,,,1,1,3,2,2,25,1,6,4,1,2,1,3,468,2,3,,,,5,13,,,,,,,,,,Y,Y,A2700016,3
2026-07-28 10:27:36,data_go_kr,경상북도,A2700003,동국대학교의과대학경주병원,5,20260728102044,054-770-8306,Y,Y,,,,,,,,1,,,,,,,,3,2,3,5,,,,,3,,,,,11,1,Y,,Y,,,,Y,,Y,Y,,,Y,Y,N1,83,N1,0,Y,Y,,2,N1,16,3,2,5,,11,17,,,,,,,,,7,4,,,,7,,20,3,1,2,2,2,26,2,6,3,,,,,279,,,,,,,,,,,,,,,,,Y,Y,A2700003,4
2026-07-28 10:27:36,data_go_kr,경상북도,A2700013,순천향대학교부속구미병원,7,20260728102201,054-468-9119,,Y,,,,,,,,,,,,,,,,4,1,,2,1,,,,2,0,,,,,1,Y,,Y,,,,Y,,Y,Y,,,Y,Y,N1,34,N1,5,Y,Y,,5,N1,13,4,1,2,2,,,,,,,,,,,31,2,3,,,6,,,1,1,2,2,2,20,,1,2,,,,,263,,,,,,,,,,,,,,,,,Y,N1,A2700013,5
2026-07-28 10:27:36,data_go_kr,경상북도,A2700012,의료법인덕산의료재단김천제일병원,12,20260728102417,054-420-9500,,,,,,,,,,,,,,,,,,,1,,3,1,,,,,2,,,,,,Y,,Y,,,,Y,,Y,Y,,,Y,Y,N1,53,N1,5,N1,Y,,3,Y,16,,1,3,2,,,,,,,,,,,16,,3,,,4,,,,3,1,1,1,10,,,1,,,,1,276,,,,,,,,,,,,,,,,,Y,N1,A2700012,6
2026-07-28 10:27:36,data_go_kr,경상북도,A2700006,의료법인동춘의료재단문경제일병원,16,20260728102000,054-550-7777,,,,,,,,,,,,,,,,,,,1,,0,2,,,,1,3,,,,59,3,,,Y,,,,,,Y,N1,,,N1,Y,N1,55,N1,14,N1,Y,,3,N1,17,,1,2,2,,,,,,,,,,,29,1,3,,,3,,162,4,,2,1,,8,,,,,,,,306,,,,,,,,,,,,,,,,,Y,N1,A2700006,7
2026-07-28 10:27:36,data_go_kr,경상북도,A2700004,안동성소병원,4,20260728102517,054-850-8282,,Y,,,,,,,,,,,,,,,5,,1,,1,1,,,,3,1,,,,22,1,Y,,Y,,,,Y,,Y,Y,,,Y,Y,N1,145,N1,6,Y,Y,,3,N1,12,,1,2,2,,,,,,,,,,,16,3,3,,,6,,186,2,1,2,2,2,21,,4,1,,,,,393,,,,,,,,,,,,,,5,,,Y,N1,A2700004,8
2026-07-28 10:27:36,data_go_kr,경상북도,A2700002,포항세명기독병원,6,20260728101806,054-289-1711,,,,,,,,,,,,,,,,,6,,1,,3,0,,,,1,0,,,,,2,,,Y,,,,Y,,Y,Y,,,Y,Y,Y,57,Y,3,N1,Y,,7,Y,15,,1,3,2,,,,,,,,,,,52,1,3,,,14,,,6,,6,5,4,25,,,5,1,1,,1,662,,,,,,,,,,,,,,6,,,Y,N1,A2700002,9
2026-07-28 10:27:36,data_go_kr,경상북도,A2700019,의)근원의료재단경산중앙병원,8,20260728102504,053-715-0119,,,,,,,,,,,,,,,,,,,,,2,,,,,0,,,,,43,,,,Y,,,,,,Y,N1,,,N1,Y,N1,63,N1,1,N1,Y,,3,N1,10,,,2,,,,,,,,,,,,11,2,,,,4,,116,,,1,1,,9,,,,,,,,301,,,,,,,,,,,,,,,,,Y,N1,A2700019,10
2026-07-28 10:27:36,data_go_kr,경상북도,A2700036,의료법인서명의료재단세명종합병원,6,20260728102319,053-819-8500,,,,,,,,,,,,,,,,,,,,,2,,,,,,,,,,1,,,,Y,,,,,,Y,N1,,,N1,Y,N1,22,N1,2,N1,Y,,1,N1,13,,,2,,,,,,,,,,,,14,,,,,4,,22,,,1,1,,6,,,,,,,,264,,,,,,,,,,,,,,,,,Y,N1,A2700036,11
2026-07-28 10:27:36,data_go_kr,경상북도,A2700097,계명대학교경주동산병원,8,20260728102408,054-770-9420,,,,,,,,,,,,,,,,,,,,,1,,,,,,,,,,,,,,Y,,,,,,Y,N1,,,N1,Y,N1,45,N1,,N1,Y,,2,N1,9,,,1,,,,,,,,,,,,,,,,,2,,,,,1,1,,1,,,,,,,,88,,,,,,,,,,,,,,,,,Y,N1,A2700097,12
2026-07-28 10:27:36,data_go_kr,경상북도,A2700070,의료법인영암의료재단고령영생병원,5,20260728102448,070-4700-0728,,,,,,,,,,,,,,,,,,,,,1,,,,,,,,,,,,,,Y,,,,,,Y,N1,,,N1,Y,N1,33,N1,,N1,N1,,1,N1,5,,,1,,,,,,,,,,,,,,,,,1,,,,,1,,,1,,,,,,,,59,,,,,,,,,,,,,,,,,Y,N1,A2700070,13
2026-07-28 10:27:36,data_go_kr,경상북도,A2700015,구미강동병원,3,20260728102417,054-478-9521,,,,,,,,,,,,,,,,9,,,1,,2,,,,,,,,,,,,,,Y,,,,Y,,Y,Y,,,N1,Y,N1,35,N1,4,N1,Y,,3,N1,7,,1,2,,,,,,,,,,,,12,,,,,5,,,,,1,1,1,3,,,,,,,,191,,,,,,,,,,,,,9,,,,Y,N1,A2700015,14
2026-07-28 10:27:36,data_go_kr,경상북도,A2700018,경상북도김천의료원,9,20260728102501,054-429-8234,,,,,,,,,,,,,,,,,,,1,,,,,,,2,,,,,,,,,Y,,,,,,Y,N1,,,N1,Y,N1,33,N1,5,N1,Y,,5,N1,17,,1,,,,,,,,,,,,,22,3,,,,5,,,,,1,2,,7,,,,,,,,274,,,,,,,,,,,,,,,,,Y,N1,A2700018,15
2026-07-28 10:27:36,data_go_kr,경상북도,A2700009,의료법인삼백의료재단상주성모병원,9,20260728102518,054-530-7811,,,,,,,,,,,,,,,,,,,,,1,,,,,,,,,,,,,,Y,,,,,,Y,N1,,,N1,Y,N1,30,N1,5,N1,Y,,2,N1,9,,,1,,,,,,,,,,,,10,,,,,3,,,,,1,1,,1,,,,,,,,172,,,,,,,,,,,,,,,,,Y,N1,A2700009,16
2026-07-28 10:27:36,data_go_kr,경상북도,A2700011,상주적십자병원,9,20260728102213,054-530-3171,,Y,,,,,,,,,,,,,,,,,1,,,,,,,,,,,,,,Y,,Y,,,,,,Y,N1,,,Y,Y,N1,62,N1,6,Y,Y,,3,N1,9,,1,,,,,,,,,,,,,10,,,,,3,,,,1,1,1,,7,,2,1,,,,,164,,,,,,,,,,,,,,,,,Y,N1,A2700011,17
2026-07-28 10:27:36,data_go_kr,경상북도,A2700001,경상북도안동의료원,6,20260728102502,054-850-6100,,,,,,,,,,,,,,,,,,,,,2,,,,,,,,,,,,,,Y,,,,,,Y,N1,,,N1,Y,N1,114,N1,2,N1,Y,,5,N1,6,,,2,,,,,,,,,,,,10,,,,,5,,,,,1,1,,8,,,,,,,,238,,,,,,,,,,,,,,,,,Y,N1,A2700001,18
2026-07-28 10:27:36,data_go_kr,경상북도,A2700031,영주기독병원,4,20260728102235,054-635-3050,,Y,,,,,,,,,,,,,,,,,,,1,,,,,,,,,,,,Y,,Y,,,,,,Y,N1,,,N1,Y,N1,13,N1,,Y,N1,,1,N1,4,,,1,,,,,,,,,,,,,,,,,1,,,,1,1,,,1,,2,,,,,,70,,,,,,,,,,,,,,,,,Y,N1,A2700031,19
2026-07-28 10:27:36,data_go_kr,경상북도,A2700020,영주자인병원,4,20260728102450,070-7335-5229,,,,,,,,,,,,,,,,,,,,,1,,,,,,,,,,,,,,Y,,,,,,Y,N1,,,N1,Y,N1,21,N1,,N1,Y,,,N1,4,,,1,,,,,,,,,,,,,,,,,2,,,,,1,1,,,,,,,,,,133,,,,,,,,,,,,,,,,,N1,N1,A2700020,20
2026-07-28 10:27:36,data_go_kr,경상북도,A2702752,영주적십자병원,8,20260728102429,054-630-0112,,,,,,,,,,,,,,,,,,,1,,,,,,,,,,,,,,,,Y,,,,,,Y,N1,,,Y,Y,N1,68,N1,3,N1,Y,,3,N1,10,,1,,,,,,,,,,,,,10,,,,,3,,,,,1,1,,4,,,1,,,,,140,,,,,,,,,,,,,,,,,Y,N1,A2702752,21
2026-07-28 10:27:36,data_go_kr,경상북도,A2700017,영남대학교의과대학부속영천병원,6,20260728102255,054-330-7575,,,,,,,,,,,,,,,,,,,1,,2,,,,,,,,,,,,,,Y,,,,,,Y,N1,,,N1,Y,N1,47,N1,3,N1,Y,,2,N1,10,,1,2,,,,,,,,,,,,10,,,,,4,,,,,1,1,,1,,,,,,,,190,,,,,,,,,,,,,,,,,Y,N1,A2700017,22
2026-07-28 10:27:36,data_go_kr,경상북도,A2700023,의료법인서준의료재단예천권병원,5,20260728102055,054-650-2119,,Y,,,,,,,,,,,,,,,,,1,,0,,,,,,,,,,,0,Y,,Y,,,,,,Y,N1,,,N1,Y,N1,76,N1,,Y,Y,,2,N1,6,,1,0,,,,,,,,,,,,,,,,,2,,,0,1,1,1,,3,,2,,,,,,173,,,,,,,,,,,,,,,,,Y,N1,A2700023,23
2026-07-28 10:27:36,data_go_kr,경상북도,E2700553,울릉군보건의료원,3,20260728102501,054-790-6911,,,,,,,,,,,,,,,,,,,,,,,,,,,,,,,,,,,Y,,,,,,Y,N1,,,N1,Y,N1,24,N1,,N1,N1,,1,N1,5,,,,,,,,,,,,,,,,,,,,1,,,,,1,,,1,,,,,,,,27,,,,,,,,,,,,,,,,,Y,N1,E2700553,24
2026-07-28 10:27:36,data_go_kr,경상북도,A2700052,울진군의료원,8,20260728102101,054-785-7119,,,,,,,,,,,,,,,,,,,2,,,,,,,,,,,,,2,,,Y,,,,,,Y,N1,,,N1,Y,N1,37,N1,,N1,Y,,3,N1,8,,2,,,,,,,,,,,,,,,,,,3,,,2,,1,1,,1,,,,,,,,97,,,,,,,,,,,,,,,,,Y,N1,A2700052,25
2026-07-28 10:27:36,data_go_kr,경상북도,A2700063,의료법인영제의료재단영남제일병원,4,20260728100417,054-861-9111,,,,,,,,,,,,,,,,,,,,,1,,,,,,,,,,,,,,Y,,,,,,Y,N1,,,N1,Y,N1,27,N1,,N1,N1,,1,N1,,,,,,,,,,,,,,,,,,,,,,,,,,,,,,,,,,,,,,,,,,,,,,,,,,,,,,Y,N1,A2700063,26
2026-07-28 10:27:36,data_go_kr,경상북도,A2700038,의료법인대남의료재단청도대남병원,7,20260728102410,054-370-5112,,,,,,,,,,,,,,,,,,,,,,,,,,,,,,,,,,,Y,,,,,,Y,N1,,,N1,Y,N1,88,N1,,N1,Y,,1,N1,10,,,,,,,,,,,,,,,,,,,,1,,,,,1,1,,1,,,,,,,,115,,,,,,,,,,,,,,,,,Y,N1,A2700038,27
2026-07-28 10:27:36,data_go_kr,경상북도,E2700554,청송군보건의료원,5,20260728102500,054-870-7119,,,,,,,,,,,,,,,,,,,,,1,,,,,,,,,,,,,,,,,,,,Y,N1,,,N1,N1,N1,53,N1,,N1,N1,,,N1,5,,,1,,,,,,,,,,,,,,,,,,,,,,,,,1,,,,,,,,45,,,,,,,,,,,,,,,,,Y,N1,E2700554,28
2026-07-28 10:27:36,data_go_kr,경상북도,A2700008,에스포항병원,3,20260728102245,054-289-9120,Y,,,,,,,,,,,,,,,,,,,,1,,,,,0,,,,,,,,,Y,,,,Y,,Y,Y,,,Y,Y,N1,28,N1,0,N1,Y,,1,N1,6,,,1,,,,,,,,,,,,14,1,,,,4,,,,,2,2,3,9,9,,1,,,,,239,,,,,,,,,,,,,,,,,Y,Y,A2700008,29
2026-07-28 10:27:36,data_go_kr,경상북도,A2702563,의료법인은성의료재단좋은선린병원,10,20260728102536,054-245-5200,,,,,,,,,,,,,,,,2,,,,,2,,,,,1,,,,,,,,,Y,,,,N,,Y,N,,,N1,Y,N1,85,N1,1,N1,Y,,4,N,10,,,2,,,,,,,,,,,,17,1,,,,4,,,,,1,1,2,7,,,,,,,14,281,,,,,,,,,,,,,2,,,,N,N1,A2702563,30
2026-07-28 10:27:36,data_go_kr,경상북도,A2700005,경상북도포항의료원,6,20260728102501,054-245-0129,,,,,,,,,,,,,,,,,,,1,,1,,,,,1,,,,,65,6,,,Y,,,,,,Y,N1,,,N1,Y,N1,29,N1,5,N1,Y,,1,N1,8,,1,1,,,,,,,,,,,,19,1,,,,3,,112,7,,1,1,,4,,,,,,,,177,,,,,,,,,,,,,,,,,Y,N1,A2700005,31
2026-07-28 10:27:36,data_go_kr,경상남도,A2800011,양산부산대학교병원,8,20260728102327,055-360-1463,Y,Y,2,2,1,1,0,0,,5,,0,0,,4,,,6,,5,1,0,7,2,,0,4,1,,,4,4,Y,,Y,3,,,Y,,Y,Y,,4,Y,Y,Y,203,Y,,Y,Y,18,0,N1,23,8,,1,16,16,11,38,11,2,,9,,,10,,0,30,6,,25,,33,4,4,6,5,6,92,24,23,19,12,2,,,766,2,3,1,1,2,2,,,0,0,,4,,,,,Y,Y,A2800011,1
2026-07-28 10:27:36,data_go_kr,경상남도,A2800001,경상국립대학교병원,12,20260728102401,055-750-8282,Y,Y,,,,,,3,,1,,,,,,,,3,2,5,3,2,,,3,1,2,,23,1,5,5,Y,,Y,,2,6,Y,14,Y,Y,,,Y,Y,Y,164,Y,,Y,Y,2,8,N1,28,3,2,3,14,8,9,15,,,,,20,6,,,3,30,,40,15,2,23,7,7,3,3,5,16,9,20,5,4,17,,,655,,,,,,6,,,,,,,,,2,6,Y,Y,A2800001,2
2026-07-28 10:27:36,data_go_kr,경상남도,A2800020,학교법인성균관대학삼성창원병원,16,20260728102508,055-233-8899,Y,Y,,,,,,0,,2,,,,,,,,8,2,6,3,7,,,,1,16,,,,,3,Y,,Y,,,,Y,,Y,Y,,,Y,Y,Y,154,Y,,Y,Y,19,3,N1,27,8,2,3,19,15,20,24,,,,,,,,,3,30,,,16,,,5,7,4,3,4,45,8,20,5,3,3,,,645,,,,,,1,,,,,,,,,,,Y,Y,A2800020,3
2026-07-28 10:27:36,data_go_kr,경상남도,A2800010,의료법인환명의료재단 조은금강병원,14,20260728102240,055-330-0200,,,,,,,,,,,,,,,,,,,1,,2,,,,,1,,,,,4,,,,Y,,,,Y,,Y,Y,,,N1,Y,N1,61,N1,15,N1,Y,,1,Y,17,,1,2,,,,,,,,,,,,23,1,,,,4,,96,,,1,2,1,7,,,,,,,2,305,,,,,,,,,,,,,,,,,Y,N1,A2800010,4
2026-07-28 10:27:36,data_go_kr,경상남도,A2800006,의료법인숭인의료재단 김해복음병원,14,20260728102404,055-330-8844,,,,,,,,,,,,,,,,,,,1,,3,,,,,1,,,,,,,,,Y,,,,Y,,Y,Y,,,Y,Y,N1,52,N1,1,N1,Y,,0,N1,16,,1,3,,,,,,,,,,,,18,1,,,,5,,,,,2,3,1,3,,,3,,,,,359,,,,,,,,,,,,,,,,,Y,N1,A2800006,5
2026-07-28 10:27:36,data_go_kr,경상남도,A2800043,한일병원,13,20260728102216,055-750-1333,,,,,,,,,,,,,,,,,,,1,,1,0,,,,0,0,,,,,,,,Y,,,,Y,,Y,Y,,,Y,Y,N1,10,N1,5,N1,Y,,2,Y,17,,1,2,2,,,,,,,,,,,13,1,3,,,4,,,,,2,2,1,6,,,1,,,,1,282,,,,,,,,,,,,,,,,,Y,N1,A2800043,6
2026-07-28 10:27:36,data_go_kr,경상남도,A2800003,제일병원,7,20260728102420,055-750-7119,,,,,,,,,,,,,,,,,,,1,,2,,,,,,,,,,,,,Y,Y,,,,Y,,Y,Y,,,N1,Y,N1,31,N1,8,N1,Y,,1,Y,17,,1,2,,,,,,,,,,,,9,,,,,7,,,,,2,2,1,4,,,,,,1,1,258,,,,,,,,,,,,,,,,,Y,N1,A2800003,7
2026-07-28 10:27:36,data_go_kr,경상남도,A2800017,의료법인합포의료재단에스엠지연세병원,13,20260728102509,055-240-7777,,,,,,,,,,,,,,,,,,,1,,2,,,,,1,,,,,,,,,Y,,,,Y,,Y,Y,,,Y,Y,N1,31,N1,7,N1,Y,,2,N1,17,,1,2,,,,,,,,,,,,12,1,,,,4,,,,,1,2,1,7,,,1,,,,,286,,,,,,,,,,,,,,,,,Y,N1,A2800017,8
2026-07-28 10:27:36,data_go_kr,경상남도,A2803505,창원경상국립대학교병원,12,20260728102101,055-214-1339,Y,Y,,,,,,,,,,,,5,0,,,,1,,2,,,,,2,,,,,8,6,Y,,Y,,,,Y,,Y,Y,,,Y,Y,Y,187,Y,16,Y,Y,8,7,N1,18,,1,2,,,,17,,,,,,,,34,2,,,,13,,22,6,9,3,2,5,52,9,22,6,7,14,,,437,,,,,,,,,,,5,0,,,,,Y,Y,A2803505,9
2026-07-28 10:27:36,data_go_kr,경상남도,A2800007,창원한마음병원,13,20260728102412,055-225-0350,Y,Y,,,,,,,,0,,,,,,,,,1,0,0,,,,,1,,,,,,0,Y,,Y,,,,Y,,Y,Y,,,Y,Y,Y,57,Y,,Y,Y,10,7,Y,21,,1,3,,25,37,10,,,,,,,,,1,,,,13,,,6,2,4,4,4,29,3,11,6,1,2,,2,688,,,,,,,,,,,,,,,,,Y,Y,A2800007,10
2026-07-28 10:27:36,data_go_kr,경상남도,A2800004,창원파티마병원,2,20260728102106,055-270-1119,Y,Y,,,,,,,,2,,,,,,,,,1,2,2,0,,,,0,2,,,,,3,Y,Y,Y,,,,Y,,Y,Y,,,Y,Y,N1,98,Y,,Y,Y,2,-1,N1,17,,1,2,2,12,13,2,,,,,,,,,2,3,,,7,,,6,2,4,3,3,16,3,6,3,,4,1,,444,,,,,,,,,,,,,,,,,Y,Y,A2800004,11
2026-07-28 10:27:36,data_go_kr,경상남도,A2800008,의료법인 거붕 백병원,8,20260728102526,055-733-0180,,,,,,,,,,,,,,,,,,,,,1,,,,,,,,,,,,,,Y,,,,,,Y,N1,,,N1,Y,N1,32,N1,10,N1,Y,,2,N1,9,,,1,,,,,,,,,,,,20,,,,,4,,,,,2,2,,12,,,,,,,,365,,,,,,,,,,,,,,,,,Y,N1,A2800008,12
2026-07-28 10:27:36,data_go_kr,경상남도,A2800005,의료법인 대우의료재단대우병원,5,20260728102509,055-680-8119,,,,,,,,,,,,,,,,,,,,,1,,,,,,,,,,,,,,Y,,,,,,Y,N1,,,N1,Y,N1,46,N1,3,N1,Y,,3,N1,9,,,1,,,,,,,,,,,,10,,,,,4,,,,,2,1,,5,,,,,,,,231,,,,,,,,,,,,,,,,,Y,N1,A2800005,13
2026-07-28 10:27:36,data_go_kr,경상남도,A2800022,의료법인 성념의료재단맑은샘병원,9,20260728101703,055-736-0119,,,,,,,,,,,,,,,,,,,,,1,,,,,,,,,,,,,,Y,,,,,,Y,N1,,,N1,Y,N1,10,N1,,N1,Y,,2,N1,9,,,1,,,,,,,,,,,,,,,,,2,,,,,1,1,,4,,,,,,,,200,,,,,,,,,,,,,,,,,Y,N1,A2800022,14
2026-07-28 10:27:36,data_go_kr,경상남도,A2800076,거창적십자병원,9,20260728102510,055-949-3359,,Y,,,,,,,,,,,,,,,,,,,1,,,,,,,,,,,,Y,,Y,,,,,,Y,N1,,,N1,Y,N1,32,N1,,Y,Y,,2,N1,9,,,1,,,,,,,,,,,,,,,,,2,,,,1,1,1,,2,,2,,,,,,91,,,,,,,,,,,,,,,,,Y,N1,A2800076,15
2026-07-28 10:27:36,data_go_kr,경상남도,A2800032,강병원,9,20260728102317,055-673-4848,,,,,,,,,,,,,,,,,,,,,1,,,,,,,,,,,,,,Y,,,,,,Y,N1,,,N1,Y,N1,12,N1,,N1,Y,,0,N1,9,,,1,,,,,,,,,,,,,,,,,1,,,,,1,1,,1,,,,,,,,99,,,,,,,,,,,,,,,,,Y,N1,A2800032,16
2026-07-28 10:27:36,data_go_kr,경상남도,A2803677,강일병원,7,20260728102226,055-822-0119,,,,,,,,,,,,,,,,,,,1,,2,,,,,,,,,,,,,,Y,,,,Y,,Y,Y,,,N1,Y,N1,115,N1,13,N1,Y,,4,N1,8,,1,2,,,,,,,,,,,,15,,,,,5,,,,,1,2,1,1,,,,,,,,275,,,,,,,,,,,,,,,,,Y,N1,A2803677,17
2026-07-28 10:27:36,data_go_kr,경상남도,A2800014,의료법인갑을의료재단 갑을장유병원,9,20260728102322,055-310-6119,,,,,,,,,,,,,,,,,,,1,,,,,,,,,,,,,,,,Y,,,,,,Y,N1,,,N1,Y,N1,48,N1,,N1,Y,,2,N1,9,,1,,,,,,,,,,,,,,,,,,4,,,,,1,1,,1,,,,,,,,210,,,,,,,,,,,,,,,,,Y,N1,A2800014,18
2026-07-28 10:27:36,data_go_kr,경상남도,A2800094,의료법인 이도의료재단 남해병원,8,20260728095309,055-860-6630,N,N,,,,,,,,,,,,,,,,,1,,1,,,,,,,,,,,,N,N,Y,,,,N,,Y,N,,,N,Y,N,72,N,,N,Y,,2,N,,,,,,,,,,,,,,,,,,,,,,,,,,,,,,,,,,,,,,,,,,,,,,,,,,,,,,N,N,A2800094,19
2026-07-28 10:27:36,data_go_kr,경상남도,A2800113,밀양병원,2,20260728102501,055-356-9119,,,,,,,,,,,,,,,,,,,,,1,,,,,,,,,,,,,,Y,,,,,,Y,N1,,,N1,Y,N1,26,N1,,N1,Y,,0,N1,8,,,1,,,,,,,,,,,,,,,,,0,,,,,1,1,,1,,,,,,,,200,,,,,,,,,,,,,,,,,Y,N1,A2800113,20
2026-07-28 10:27:36,data_go_kr,경상남도,A2800068,의료법인승연의료재단 삼천포서울병원,7,20260728102507,055-830-9019,,,,,,,,,,,,,,,,,,,,,1,,,,,,,,,,,,,,Y,,,,Y,,Y,Y,,,N1,Y,N1,25,N1,,N1,Y,,3,Y,9,,,1,,,,,,,,,,,,,,,,,3,,,,,1,2,1,4,,,,,,,1,287,,,,,,,,,,,,,,,,,Y,N1,A2800068,21
2026-07-28 10:27:36,data_go_kr,경상남도,A2800101,삼천포제일병원,8,20260728102113,055-830-3099,,,,,,,,,,,,,,,,,,,,,2,,,,,,,,,,,,,,Y,,,,,,Y,N1,,,N1,Y,N1,69,N1,,N1,Y,,2,Y,8,,,2,,,,,,,,,,,,,,,,,2,,,,,1,1,,1,,,,,,,1,214,,,,,,,,,,,,,,,,,Y,N1,A2800101,22
2026-07-28 10:27:36,data_go_kr,경상남도,E2800380,산청군보건의료원,5,20260728102501,055-970-7582,,,,,,,,,,,,,,,,,,,,,1,,,,,,,,,,,,,,,,,,,,Y,N1,,,N1,N1,N1,20,N1,,N1,N1,,,N1,5,,,1,,,,,,,,,,,,,,,,,,,,,,,,,1,,,,,,,,20,,,,,,,,,,,,,,,,,Y,N1,E2800380,23
2026-07-28 10:27:36,data_go_kr,경상남도,A2804593,양산성모병원,11,20260728102525,055-912-9785,,,,,,,,,,,,,,,,,,,1,,,,,,,,,,,,,,,,Y,,,,,,Y,N1,,,N1,Y,N1,133,N1,4,N1,Y,,4,N1,13,,1,,,,,,,,,,,,,6,,,,,4,,,,,1,2,,1,,,,,,,,214,,,,,,,,,,,,,,,,,Y,N1,A2804593,24
2026-07-28 10:27:36,data_go_kr,경상남도,A2800019,베데스다복음병원,6,20260728102358,055-781-9911,,,,,,,,,,,,,,,,,,,,,1,,,,,,,,,,,,,,Y,,,,,,Y,N1,,,N1,Y,N1,55,N1,,N1,Y,,2,N1,9,,,1,,,,,,,,,,,,,,,,,3,,,,,1,1,,1,,,,,,,,133,,,,,,,,,,,,,,,,,Y,N1,A2800019,25
2026-07-28 10:27:36,data_go_kr,경상남도,A2800090,의령병원,4,20260728102535,055-573-6806,,,,,,,,,,,,,,,,,,,,,1,,,,,,,,,,,,,,Y,,,,,,Y,N1,,,N1,Y,N1,32,N1,,N1,N1,,,N1,4,,,1,,,,,,,,,,,,,,,,,,,,,,1,,,1,,,,,,,,58,,,,,,,,,,,,,,,,,Y,N1,A2800090,26
2026-07-28 10:27:36,data_go_kr,경상남도,A2800084,반도병원,6,20260728102502,055-749-0200,,,,,,,,,,,,,,,,,,,,,1,,,,,,,,,,,,,,Y,,,,,,Y,N1,,,N1,Y,N1,68,N1,,N1,Y,,3,N1,7,,,1,,,,,,,,,,,,,,,,,3,,,,,1,1,,3,,,,,,,,165,,,,,,,,,,,,,,,,,Y,N1,A2800084,27
2026-07-28 10:27:36,data_go_kr,경상남도,A2800015,의료법인 문병욱의료재단 진주고려병원,10,20260728102416,055-751-2525,,,,,,,,,,,,,,,,,,,,,1,,,,,,,,,,,,,,Y,,,,Y,,Y,Y,,,N1,Y,N1,63,N1,4,N1,Y,,0,Y,10,,,1,,,,,,,,,,,,9,,,,,4,,,,,2,2,1,4,,,,,,,1,229,,,,,,,,,,,,,,,,,Y,N1,A2800015,28
2026-07-28 10:27:36,data_go_kr,경상남도,A2800037,진주복음병원,9,20260728102515,055-749-7119,,,,,,,,,,,,,,,,,,,,,1,,,,,,,,,,,,,,Y,,,,,,Y,N1,,,N1,Y,N1,45,N1,,N1,Y,,2,N1,9,,,1,,,,,,,,,,,,,,,,,3,,,,,1,1,,1,,,,,,,,131,,,,,,,,,,,,,,,,,Y,N1,A2800037,29
2026-07-28 10:27:36,data_go_kr,경상남도,A2800062,태황의료재단한성병원,8,20260728102442,055-530-5119,,,,,,,,,,,,,,,,,,,,,1,,,,,,,,,,,,,,,,,,,,Y,N1,,,N1,N1,N1,46,N1,,N1,N1,,,N1,9,,,1,,,,,,,,,,,,,,,,,,,,,,,,,,,,,,,,,167,,,,,,,,,,,,,,,,,N1,N1,A2800062,30
2026-07-28 10:27:36,data_go_kr,경상남도,A2800025,경상남도마산의료원,11,20260728102502,055-249-1119,,,,,,,,,,,,,,,,,,,1,,1,,,,,2,,,,,,18,,,Y,,,,,,Y,N1,,,Y,Y,N1,71,N1,4,N1,Y,,2,N1,13,,1,1,,,,,,,,,,,,6,2,,,,5,,,27,,1,1,,17,,,2,,,,,263,,,,,,,,,,,,,,,,,Y,N1,A2800025,31
2026-07-28 10:27:36,data_go_kr,경상남도,A2800009,의료법인청아의료재단청아병원,7,20260728102402,055-230-1700,,,,,,,,,,,,,,,,,,,,,1,,,,,,,,,,,,,,Y,,,,,,Y,N1,,,N1,Y,N1,60,N1,,N1,Y,,3,N1,9,,,1,,,,,,,,,,,,,,,,,4,,,,,2,2,,4,,,,,,,,274,,,,,,,,,,,,,,,,,Y,N1,A2800009,32
2026-07-28 10:27:36,data_go_kr,경상남도,A2800021,연세에스병원,8,20260728102137,055-548-7789,,,,,,,,,,,,,,,,,,,,,1,,,,,,,,,,,,,,Y,,,,Y,,Y,Y,,,N1,Y,N1,125,N1,9,N1,Y,,2,N1,9,,,1,,,,,,,,,,,,10,,,,,3,,,,,2,2,1,5,,,,,,,,255,,,,,,,,,,,,,,,,,Y,N1,A2800021,33
2026-07-28 10:27:36,data_go_kr,경상남도,A2800092,새통영병원,8,20260728102510,055-640-4119,,,,,,,,,,,,,,,,,,,,,1,,,,,,,,,,,,,,Y,,,,,,Y,N1,,,N1,Y,N1,75,N1,,N1,Y,,3,N1,9,,,1,,,,,,,,,,,,,,,,,3,,,,,1,2,,3,,,,,,,,256,,,,,,,,,,,,,,,,,Y,N1,A2800092,34
2026-07-28 10:27:36,data_go_kr,경상남도,A2800080,함양성심병원,3,20260728102217,055-964-4322,,,,,,,,,,,,,,,,,,,,,1,,,,,,,,,,,,,,Y,,,,,,Y,N1,,,N1,Y,N1,12,N1,,N1,Y,,2,N1,4,,,1,,,,,,,,,,,,,,,,,2,,,,,1,1,,1,,,,,,,,121,,,,,,,,,,,,,,,,,Y,N1,A2800080,35
2026-07-28 10:27:36,data_go_kr,경상남도,A2800055,삼성합천병원,3,20260728102501,070-5125-5030,,,,,,,,,,,,,,,,,,,,,1,,,,,,,,,,,,,,Y,,,,,,Y,N1,,,N1,Y,N1,18,N1,,N1,Y,,2,N1,4,,,1,,,,,,,,,,,,,,,,,2,,,,,1,1,,1,,,,,,,,141,,,,,,,,,,,,,,,,,Y,N1,A2800055,36
2026-07-28 10:27:36,data_go_kr,제주특별자치도,A2900001,제주한라병원,4,20260728102659,064-740-5159,Y,Y,,,,,1,0,,,4,,,,,,,3,2,,3,7,,,,,20,,9,1,,,Y,,Y,,2,6,Y,12,Y,Y,,,Y,Y,Y,98,Y,9,Y,Y,3,0,N1,15,3,2,3,14,,,7,,,,,20,,,15,,30,,40,6,2,,,2,3,2,3,46,3,8,9,4,2,,,414,,,,,4,2,,4,,,,,,,2,6,Y,Y,A2900001,1
2026-07-28 10:27:36,data_go_kr,제주특별자치도,A2900002,제주특별자치도서귀포의료원,14,20260728102401,064-730-3001,,Y,,,,,,,,,,,,,,,,2,1,,4,2,,,,3,3,,,,3,,Y,,Y,,,,Y,,Y,Y,,,Y,Y,N1,154,N1,10,Y,Y,,2,Y,16,4,1,4,2,,,,,,,,,,,17,3,3,,,4,,26,,1,2,1,1,16,,4,3,,,,1,326,,,,,,,,,,,,,,,,,Y,N1,A2900002,2
2026-07-28 10:27:36,data_go_kr,제주특별자치도,A2900007,제주대학교병원,-1,20260728102500,,Y,Y,,,,,,,,0,,,,,,,,,1,3,4,,3,,1,,,,,,3,5,Y,,Y,,,,Y,,Y,Y,,,Y,Y,Y,116,Y,,Y,Y,12,4,N1,20,,1,5,,12,12,16,3,,,,,6,,,,,,,12,,20,9,3,2,2,4,45,8,17,10,5,3,,,458,,,,,,,,,,,,,,,,,Y,Y,A2900007,3
2026-07-28 10:27:36,data_go_kr,제주특별자치도,A2900005,한마음병원,11,20260728102146,064-750-9119,,,,,,,,,,,,,,,,,,,1,,2,,,,,,0,,,,,,,,Y,,,,Y,,Y,Y,,,Y,Y,N1,57,N1,3,N1,Y,,2,N1,17,,1,2,,,,,,,,,,,,12,,3,,,4,,,,,1,1,1,6,,,2,,,,,213,,,,,,,,,,,,,,,,,Y,N1,A2900005,4
2026-07-28 10:27:36,data_go_kr,제주특별자치도,A2900006,의료법인중앙의료재단중앙병원,11,20260728102502,064-786-7777,,,,,,,,,,,,,,,,,,1,1,,2,,,,,,,,,,,,,,Y,,,,Y,,Y,Y,,,Y,Y,Y,96,N1,5,N1,Y,,1,N1,16,1,1,2,,,,,,,,,,,,16,,,,,3,,,,,1,1,2,10,,,2,1,,,,281,,,,,,,,,,,,,,,,,Y,N1,A2900006,5
2026-07-28 10:27:36,data_go_kr,제주특별자치도,A2900003,의료법인 혜인의료재단 한국병원,3,20260728102407,064-750-0160,,,,,,,,,,,,,,,,,,,,,0,,,,,,,,,,,,,,Y,,,,,,Y,N1,,,N1,Y,N1,26,N1,4,N1,Y,,0,N1,9,,,1,,,,,,,,,,,,10,,,,,3,,,,,1,1,,6,,,,,,,,209,,,,,,,,,,,,,,,,,Y,N1,A2900003,6
